<TICKER>,<DTYYYYMMDD>,<OPEN>,<HIGH>,<LOW>,<CLOSE>,<VOL>
AAOI03,20260721,1.2,1.23,1.16,1.23,124812
AAPL01,20260721,33,33,32,32.25,9613
AAPL03,20260721,3.74,3.76,3.64,3.66,32630
AAPL19,20260721,7.45,7.45,7.3,7.3,2375
AAPL80,20260721,11.2,11.2,10.9,11,2396484
ABBV19,20260721,8.55,8.6,8.45,8.5,165006
ABBV80,20260721,8.6,8.6,8.45,8.45,66826
ABNB06,20260721,4.82,4.88,4.82,4.88,2362
ADBE03,20260721,1.76,1.76,1.7,1.7,73274
ADBE06,20260721,1.98,1.99,1.9,1.92,377361
ADVANT19,20260721,5.9,6.2,5.9,6.15,118126
ADVANT23,20260721,3.96,4.18,3.96,4.16,333863
ADVANT80,20260721,5.85,6.1,5.85,6.05,28077
AFRM03,20260721,3.2,3.2,3.18,3.18,55686
AIA06,20260721,3.3,3.32,3.26,3.26,41398
AIA19,20260721,3.3,3.32,3.3,3.3,66200
AIA23,20260721,2.52,2.56,2.52,2.56,33279
ALAB01,20260721,4.58,4.82,4.52,4.76,462581
AMAT01,20260721,5.05,5.2,4.92,5.2,529046
AMAT19,20260721,4.56,4.66,4.44,4.66,307002
AMAT23,20260721,7.35,7.45,7.1,7.45,169524
AMD03,20260721,8.6,8.9,8.6,8.9,149522
AMD23,20260721,7.2,7.4,7.1,7.3,1543496
AMD80,20260721,3.44,3.54,3.4,3.54,23509570
AMGN06,20260721,3.06,3.12,3.02,3.08,21746
AMKR03,20260721,2.18,2.24,2.08,2.24,111854
AMPX03,20260721,1.73,1.75,1.69,1.73,141
AMZN01,20260721,24.6,24.8,24.6,24.7,8968
AMZN03,20260721,4.18,4.18,4.18,4.18,1000
AMZN06,20260721,2.08,2.12,2.08,2.12,244420
AMZN19,20260721,2.1,2.12,2.1,2.12,15
AMZN23,20260721,2.8,2.82,2.8,2.82,11835
AMZN80,20260721,2.1,2.14,2.08,2.12,2856992
ANET23,20260721,3.18,3.26,3.16,3.16,249141
ANET80,20260721,5.7,5.85,5.7,5.85,64987
ANTA13,20260721,1.99,2,1.99,2,999
ANTA23,20260721,2.06,2.1,2.06,2.08,69129
APLD03,20260721,3,3.3,3,3.3,640168
APPL03,20260721,2.4,2.44,2.38,2.42,303150
ASEMI23,20260721,7.35,7.6,7.35,7.55,22944
ASEMI24,20260721,3.66,3.86,3.66,3.86,993213
ASICS23,20260721,2.98,2.98,2.94,2.94,18115
ASML01,20260721,49.75,50.5,48.75,50,174258
ASTS01,20260721,2.7,2.7,2.54,2.68,1121146
ASTS03,20260721,2,2.02,1.9,2,3783191
AVGO23,20260721,2.86,2.98,2.86,2.98,76615
AVGO80,20260721,2.52,2.62,2.52,2.6,2821686
AXP06,20260721,2.98,2.98,2.98,2.98,1204
BABA01,20260721,11.3,11.7,11.3,11.4,56670
BABA06,20260721,5.05,5.1,5.05,5.05,3098
BABA13,20260721,2.1,2.1,2.04,2.04,76350
BABA19,20260721,2.02,2.04,2.02,2.02,334753
BABA23,20260721,3.34,3.42,3.28,3.32,382933
BABA80,20260721,5.05,5.1,5,5,6285279
BAC03,20260721,4.12,4.14,4.06,4.06,41889
BDX06,20260721,1.76,1.76,1.73,1.73,168218
BE03,20260721,1.45,1.45,1.33,1.41,171861
BIDU01,20260721,10.4,10.6,10.3,10.5,27409
BIDU06,20260721,4.54,4.62,4.54,4.6,3642
BIDU23,20260721,2.16,2.24,2.14,2.24,256437
BIDU80,20260721,4.54,4.64,4.54,4.6,7810725
BILIBILI01,20260721,2.94,2.98,2.94,2.96,18783
BIREN23,20260721,6.45,6.75,6.4,6.75,712150
BKNG03,20260721,2.52,2.52,2.5,2.52,237
BKNG80,20260721,3.08,3.08,3,3.02,46854
BKSY03,20260721,1.31,1.31,1.2,1.26,1280
BLK06,20260721,3.6,3.6,3.56,3.58,3645
BOEING80,20260721,7.25,7.25,7.05,7.1,49273
BONDAS19,20260721,6.6,6.65,6.55,6.65,2522
BONDUS01,20260721,9.8,9.8,9.75,9.8,11110
BRKB23,20260721,5.55,5.55,5.5,5.55,3870
BRKB80,20260721,1.65,1.67,1.65,1.66,533221
BYDCOM01,20260721,0.88,0.89,0.87,0.87,178113
BYDCOM80,20260721,0.38,0.4,0.38,0.39,3724624
CAMBRI80,20260721,6.35,6.75,6.35,6.65,390106
CAT19,20260721,6.05,6.05,5.85,5.9,11412
CATL01,20260721,6.1,6.2,6.05,6.1,6914045
CATL23,20260721,10.8,11,10.7,10.9,503155
CATL80,20260721,27,27.5,27,27,419844
CBRS03,20260721,1.5,1.53,1.4,1.53,103940
CCJ23,20260721,1.83,1.83,1.78,1.8,159438
CDNS23,20260721,5.6,5.7,5.55,5.65,22729
CEG23,20260721,2.12,2.18,2.12,2.18,89700
CHHONGQ19,20260721,9.5,9.75,9.45,9.7,42529
CHMOBILE19,20260721,3.48,3.48,3.46,3.48,134508
CHMOBILE23,20260721,2.68,2.7,2.68,2.68,207752
CHNXT5023,20260721,8.15,8.55,8.15,8.5,131514
CIEN03,20260721,1.28,1.31,1.28,1.3,6107
CMBANK23,20260721,2.32,2.32,2.28,2.3,167935
CME03,20260721,2.76,2.76,2.72,2.72,21730
CN01,20260721,24,24.6,24,24.5,34829
CN23,20260721,6.1,6.2,6.05,6.2,9222
CNBIO24,20260721,1.46,1.5,1.46,1.5,115823
CNEV24,20260721,2.06,2.08,2.06,2.08,8700
CNRE80,20260721,1.91,2.02,1.9,1.95,144565
CNROBOAI23,20260721,2.32,2.42,2.32,2.42,282397
CNSEMI23,20260721,4.1,4.42,4.1,4.38,1051437
CNSTAR5023,20260721,9.55,9.95,9.55,9.95,78193
CNTECH01,20260721,26.25,26.5,26,26,178973
COHR23,20260721,4.82,5.1,4.82,5.05,249379
COHR80,20260721,9.75,10,9.55,10,300373
COIN01,20260721,3.34,3.5,3.28,3.5,154430
COIN23,20260721,2.68,2.84,2.64,2.84,1369
COIN80,20260721,5.35,5.6,5.25,5.6,366302
COSTCO19,20260721,31.5,32,31.5,31.5,2936
COSTCO80,20260721,3.16,3.2,3.12,3.14,24409
CRDO23,20260721,7.1,7.6,7.1,7.6,215532
CRM01,20260721,3.16,3.26,3.14,3.18,96156
CRM06,20260721,2.3,2.34,2.26,2.28,54593
CRM80,20260721,5.8,5.85,5.75,5.75,552
CRSP03,20260721,3.22,3.22,3.18,3.2,12473
CRWD06,20260721,5.45,5.55,5.35,5.35,40587
CRWD80,20260721,27.25,28,26.5,26.5,44153
CRWV03,20260721,2.56,2.68,2.48,2.58,1114998
CSCO06,20260721,4.72,4.76,4.66,4.72,25176
CYPC80,20260721,14.3,14.3,14.3,14.3,2382
DASH03,20260721,3.1,3.22,3.1,3.18,20621
DBO80,20260721,6.95,7,6.9,6.9,109555
DBS19,20260721,18.9,18.9,18.8,18.9,123054
DDOG19,20260721,8.7,9.05,8.65,8.65,110506
DEAM19,20260721,4.04,4.04,4.02,4.04,19148
DELL19,20260721,13.5,13.7,12.9,13.2,693734
DISCO24,20260721,0.95,0.98,0.93,0.96,697668
DISCO80,20260721,13.5,14,13.5,14,31158
DISNEY19,20260721,16.5,16.5,16.2,16.3,204715
DOLLARG80,20260721,4.24,4.28,4.22,4.28,2384
DUOL06,20260721,2.8,2.88,2.8,2.82,36891
E1VFVN3001,20260721,43.25,43.5,43,43,135824
EOSE03,20260721,0.72,0.72,0.67,0.7,18206283
ESTEE80,20260721,0.92,0.94,0.92,0.94,98963
ETN03,20260721,2.3,2.3,2.28,2.3,3131
ETN23,20260721,6.85,6.95,6.75,6.95,14280
EXPE06,20260721,3.58,3.7,3.58,3.6,15623
FABRINET03,20260721,1.63,1.74,1.63,1.74,53661
FABRINET23,20260721,4.06,4.28,4.06,4.28,370682
FANUC23,20260721,2.52,2.6,2.52,2.6,1251
FCX23,20260721,2.48,2.6,2.48,2.56,63277
FERRARI80,20260721,1.26,1.26,1.25,1.25,34553
FPTVN11,20260721,1.73,1.73,1.67,1.69,1372691
FPTVN19,20260721,8.75,8.75,8.35,8.4,767451
FSLR03,20260721,1.78,1.78,1.73,1.75,2628
FTNT03,20260721,2.78,2.78,2.7,2.74,832
FUEVFVND01,20260721,43,43.25,42.25,42.75,365704
FWONK06,20260721,4.2,4.2,4.2,4.2,855
GAC03,20260721,1.89,1.89,1.89,1.89,49
GANFENG23,20260721,1.54,1.59,1.54,1.58,133963
GANFENG80,20260721,1.59,1.59,1.59,1.59,20
GASVN11,20260721,3.78,3.78,3.5,3.52,92167
GDS23,20260721,1.92,1.99,1.92,1.99,33397
GEELY06,20260721,3.2,3.22,3.18,3.22,1110
GEELY80,20260721,7.95,8,7.95,7.95,10900
GEV23,20260721,3.28,3.4,3.22,3.4,2905503
GEV80,20260721,36.5,37.25,35.5,37.25,46115
GFS03,20260721,1.68,1.68,1.6,1.66,400184
GIGA23,20260721,8.45,8.9,8.35,8.85,635298
GIGA80,20260721,25,26.25,25,26,4323
GLW80,20260721,5.3,5.45,5.2,5.45,202685
GOLD03,20260721,3.12,3.16,3.12,3.14,342943
GOLD19,20260721,12.4,12.7,12.4,12.7,320435
GOLDM01,20260721,3.82,3.88,3.8,3.88,1715461
GOLDUS03,20260721,3.1,3.14,3.1,3.14,334508
GOLDUS19,20260721,41.25,42,41.25,42,91078
GOLDUS80,20260721,12.4,12.6,12.4,12.6,72477
GOOG06,20260721,3.9,4,3.9,4,8026
GOOG23,20260721,2.96,3.04,2.96,2.98,515737
GOOG80,20260721,5.85,6.05,5.85,6,5087208
GOOGL01,20260721,34.5,35.5,34.5,35.25,90020
GOOGL03,20260721,5.9,6.05,5.9,6,188856
GOOGL19,20260721,5.9,6.05,5.9,6,43556
GRAB80,20260721,12.1,12.3,12.1,12.2,23610
GSEMI24,20260721,2.36,2.48,2.36,2.46,397828
GSUS06,20260721,5.15,5.15,5.1,5.15,59658
HAIERS19,20260721,9.3,9.4,9.25,9.25,138940
HANSOH19,20260721,5.55,5.6,5.5,5.6,3352
HERMES80,20260721,6.45,6.5,6.4,6.45,66217
HIMS03,20260721,5.6,5.65,5.5,5.6,157761
HITACHI24,20260721,1.24,1.26,1.24,1.26,19486
HK01,20260721,21.9,22.1,21.9,22,12020
HK13,20260721,5.6,5.65,5.6,5.6,1002
HKCE01,20260721,24.7,24.8,24.6,24.6,3080
HKEX23,20260721,2.2,2.22,2.2,2.2,38139
HKTECH13,20260721,4.1,4.14,4.08,4.1,105300
HONDA19,20260721,3.24,3.24,3.22,3.22,9993
HOOD03,20260721,3.38,3.4,3.38,3.4,310
HOOD06,20260721,3.42,3.46,3.34,3.42,333185
HOOD80,20260721,3.42,3.42,3.34,3.42,160372
HORIZON23,20260721,1.17,1.26,1.17,1.18,740923
HPG19,20260721,2.7,2.72,2.68,2.7,384564
HSHD23,20260721,6.65,6.7,6.6,6.7,160911
HUAHONG23,20260721,9.55,10.5,9.55,10.2,3471812
HYGON80,20260721,16.4,17,16.4,17,2385
IBM06,20260721,2.86,2.9,2.82,2.86,1110564
ICBC06,20260721,3.04,3.04,2.98,3.02,13997
ICBC19,20260721,3.04,3.04,2.98,3.04,665300
IFLYTEK80,20260721,2.02,2.1,2.02,2.1,4978
INDIA01,20260721,13.8,13.9,13.7,13.8,93963
INDIAESG19,20260721,4.22,4.22,4.2,4.2,17399
INFQ03,20260721,1.57,1.6,1.49,1.6,100135
INTEL01,20260721,3.28,3.46,3.26,3.44,4142476
INTEL03,20260721,6.6,7,6.55,6.95,1776227
INTEL19,20260721,3.3,3.44,3.28,3.44,781462
INTEL23,20260721,4.72,4.98,4.68,4.94,2211589
IONQ03,20260721,2.44,2.5,2.32,2.42,2471688
IONQ23,20260721,2.42,2.44,2.34,2.42,1814182
ISRG01,20260721,2.6,2.68,2.58,2.68,663084
ISRG06,20260721,2.34,2.4,2.32,2.4,63163
ISRG19,20260721,2.92,3,2.9,3,46698
ISRG80,20260721,12,12,11.6,12,80694
ITOCHU19,20260721,6.7,6.75,6.7,6.75,48222
JAP03,20260721,3.58,3.64,3.58,3.64,14769
JAPAN10001,20260721,29.5,30,29.25,29.5,7309
JAPAN13,20260721,5.65,5.85,5.65,5.7,4777
JCI03,20260721,2.46,2.46,2.34,2.36,1615
JD80,20260721,5.15,5.25,5.15,5.15,516386
JDHEAL19,20260721,3.28,3.34,3.28,3.34,143096
JEPI19,20260721,6.4,6.45,6.3,6.4,4140781
JGRO19,20260721,10.4,10.6,10.4,10.5,1831
JLMAG80,20260721,7.35,7.4,7.3,7.4,1258
JNJ03,20260721,4.28,4.28,4.18,4.2,110083
JOBY03,20260721,2.5,2.6,2.5,2.6,16
JPANIME24,20260721,1.28,1.28,1.26,1.27,1381
JPMUS06,20260721,3.8,3.86,3.78,3.82,42708
JPMUS19,20260721,23,23.2,22.7,22.8,6442
JPROBOAI24,20260721,1.36,1.39,1.36,1.39,37811
JPSEMI24,20260721,1.5,1.55,1.49,1.54,15207
JTEK19,20260721,11.1,11.2,11,11.1,10071
KEYENCE23,20260721,2.58,2.7,2.58,2.64,100106
KINGSOFT23,20260721,1.77,1.81,1.77,1.81,97986
KIOXIA23,20260721,7.25,8.05,7.25,7.9,5065482
KLAC01,20260721,4.92,4.94,4.68,4.92,833842
KLAC19,20260721,3.68,3.7,3.64,3.66,8
KLAC23,20260721,7.35,7.35,7.05,7.35,79524
KO80,20260721,2.76,2.78,2.74,2.78,171716
KONAMI24,20260721,1.01,1.02,1,1.01,10700
KUAISH01,20260721,2.4,2.42,2.4,2.42,240001
KUAISH06,20260721,1.93,1.94,1.93,1.94,9724
KUAISH23,20260721,1.38,1.4,1.37,1.38,425206
KUAISH80,20260721,1.92,1.95,1.92,1.94,1515768
LENOVO13,20260721,4.82,5.15,4.82,5.15,49069
LITE01,20260721,3.48,3.7,3.48,3.68,896865
LITE23,20260721,5.1,5.45,5.1,5.35,2266471
LITE80,20260721,2.54,2.7,2.54,2.7,332732
LLY23,20260721,3.98,3.98,3.88,3.9,33706
LLY80,20260721,1.99,1.99,1.93,1.94,3131809
LOREAL80,20260721,1.45,1.48,1.45,1.47,200
LPGOLD13,20260721,1.57,1.65,1.56,1.64,11609
LRCX01,20260721,4.54,4.56,4.3,4.54,351316
LRCX19,20260721,4.18,4.2,3.96,4.18,624580
LRCX23,20260721,4.18,4.22,3.96,4.18,577877
LRCX80,20260721,10.5,10.8,10.5,10.7,104
LULU06,20260721,1.96,1.98,1.95,1.96,62516
LVMH01,20260721,11.8,11.9,11.6,11.7,36064
MA80,20260721,1.82,1.85,1.82,1.84,229725
MAOGEP80,20260721,2.32,2.32,2.3,2.3,213
MEITUAN19,20260721,1.22,1.24,1.22,1.22,2657
MEITUAN23,20260721,2.26,2.3,2.26,2.3,21
MEITUAN80,20260721,3.66,3.68,3.62,3.62,374491
MELI06,20260721,2.44,2.52,2.44,2.48,204327
MELI23,20260721,6.15,6.2,6.15,6.2,2
META01,20260721,6.4,6.45,6.35,6.45,64300
META06,20260721,2.7,2.76,2.68,2.74,1406899
META23,20260721,2.58,2.62,2.56,2.6,48767
META80,20260721,2.72,2.76,2.68,2.74,1550726
MICRON01,20260721,18.8,19.5,18.2,19.3,15198308
MICRON03,20260721,10,10.4,9.7,10.3,373746
MICRON19,20260721,19.9,20.7,19.4,20.6,389501
MICRON23,20260721,6,6.25,5.8,6.2,4128987
MICRON80,20260721,29.75,31,29,31,839217
MIDEA80,20260721,4.1,4.12,4.06,4.12,541135
MITSU19,20260721,7.95,8,7.95,7.95,138993
MIXUE80,20260721,9.05,9.2,9.05,9.2,14160
MKSI03,20260721,2.5,2.5,2.2,2.2,1303
MNSO80,20260721,10.7,10.8,10.7,10.8,57645
MNST06,20260721,4.62,4.62,4.6,4.6,1296
MONTAGE80,20260721,12.1,13.5,12.1,13.4,370822
MOUTAI80,20260721,6.6,6.6,6.5,6.5,7427
MP23,20260721,5.1,5.25,5,5.25,5158
MP80,20260721,15.3,15.7,14.9,15.7,7072
MPWR23,20260721,4.52,4.64,4.5,4.64,17582
MRAM03,20260721,1.02,1.03,0.97,1.03,667370
MRVL06,20260721,6.5,7.05,6.5,7.05,319585
MRVL23,20260721,5.45,5.9,5.4,5.85,1281019
MRVL80,20260721,6.5,7.05,6.5,6.95,3385637
MS06,20260721,4.88,4.9,4.72,4.78,111002
MSFT01,20260721,3.88,3.98,3.86,3.94,1777503
MSFT03,20260721,2.66,2.72,2.66,2.7,223854
MSFT06,20260721,3.3,3.4,3.28,3.36,136881
MSFT19,20260721,4.44,4.52,4.44,4.46,47735
MSFT23,20260721,2.46,2.52,2.44,2.5,48071
MSFT80,20260721,6.6,6.8,6.55,6.7,3125461
MSN11,20260721,3.34,3.36,3.34,3.34,6658
MSN19,20260721,2.82,2.84,2.82,2.82,8012
MUFG19,20260721,7.35,7.45,7.3,7.45,375232
MUFG23,20260721,2.92,2.98,2.92,2.98,25073
MWG11,20260721,3.98,4,3.94,3.94,351
MWG19,20260721,9.9,9.9,9.65,9.9,146471
NAURA23,20260721,4.04,4.14,4.04,4.14,198462
NAURA80,20260721,34.5,37.25,34.5,37.25,56806
NBIS01,20260721,3.64,3.88,3.56,3.88,3138018
NBIS03,20260721,6.2,6.6,6.1,6.5,2718118
NBIS23,20260721,6.2,6.65,6.05,6.65,2372033
NBIS80,20260721,6.25,6.55,6.05,6.55,1174157
NDAQ06,20260721,3.1,3.12,3.06,3.06,163969
NDX01,20260721,25.5,25.75,25.25,25.5,73153
NEE80,20260721,2.96,3.02,2.94,2.98,238862
NEM06,20260721,3.04,3.08,3.02,3.08,367470
NEM23,20260721,1.92,1.93,1.89,1.93,157521
NET03,20260721,4.7,4.72,4.58,4.6,75008
NETEASE80,20260721,8.95,9,8.9,9,33352
NFLX06,20260721,2.34,2.34,2.26,2.3,537375
NFLX80,20260721,2.32,2.32,2.24,2.28,6106562
NIKE80,20260721,0.74,0.75,0.72,0.73,1033771
NIKKEI80,20260721,14.1,14.2,14,14.2,55945
NINTENDO19,20260721,14.6,14.6,14.5,14.6,53175
NINTENDO23,20260721,1.3,1.32,1.27,1.31,1149033
NONGFU80,20260721,1.81,1.84,1.81,1.81,537279
NOVOB80,20260721,1.71,1.71,1.65,1.67,2135246
NOW19,20260721,3.44,3.54,3.32,3.48,1830388
NVDA01,20260721,20.2,20.5,20.1,20.3,164520
NVDA03,20260721,4.58,4.66,4.56,4.62,5962
NVDA06,20260721,4.58,4.64,4.54,4.62,53921
NVDA19,20260721,27.5,28,27.25,27.75,143946
NVDA23,20260721,3.3,3.34,3.24,3.3,200439
NVDA80,20260721,34.5,35,34,34.75,506117
NVTS03,20260721,3.94,4.14,3.88,4.1,1095588
NVTS23,20260721,3.98,4.14,3.9,4.14,546617
OIL03,20260721,3.54,3.56,3.5,3.52,1061265
OIL24,20260721,17.7,17.7,17.4,17.6,3477
OKLO03,20260721,1.44,1.44,1.38,1.43,950
OKLO23,20260721,3.54,3.6,3.46,3.58,63343
ON23,20260721,6,6.05,5.9,6.05,27519
ONDS03,20260721,2.28,2.4,2.26,2.4,195242
ONON03,20260721,2.5,2.54,2.48,2.54,26950
ORCL01,20260721,2.66,2.66,2.52,2.58,1202198
ORCL06,20260721,1.71,1.71,1.62,1.66,1837002
ORCL19,20260721,4.26,4.26,4.08,4.16,659971
ORCL80,20260721,4.26,4.26,4.06,4.14,650361
OXY03,20260721,1.84,1.86,1.84,1.86,16101
PANW19,20260721,4.82,4.92,4.72,4.72,50445
PANW80,20260721,12,12.2,11.7,11.7,66559
PEP80,20260721,0.93,0.93,0.91,0.92,2598784
PETROCN80,20260721,4.2,4.22,4.18,4.22,66944
PFIZER19,20260721,16.9,16.9,16.6,16.9,254562
PINGAN01,20260721,5.5,5.55,5.5,5.55,229
PINGAN80,20260721,2.42,2.42,2.4,2.42,1970819
PLAB03,20260721,1.3,1.32,1.26,1.29,153446
PLTR01,20260721,4,4.18,4,4.08,1307781
PLTR03,20260721,2.94,3.04,2.94,3.02,13271
PLTR06,20260721,2.94,3.06,2.92,3,476609
PLTR23,20260721,2.32,2.42,2.32,2.38,4232834
PNG80,20260721,5.05,5.05,5,5,23709
POPMART23,20260721,1.65,1.65,1.64,1.65,205
POPMART80,20260721,6.95,7,6.85,6.95,55747
PWR03,20260721,2.14,2.16,2.14,2.16,106
PYPL06,20260721,3.78,3.84,3.74,3.8,126036
QBTS03,20260721,1.45,1.47,1.42,1.47,2155
QCOM06,20260721,2.94,2.96,2.88,2.94,248386
QQQM19,20260721,19.4,19.6,19.4,19.6,650037
RBLX06,20260721,1.45,1.55,1.45,1.51,511465
REMX03,20260721,2.44,2.44,2.36,2.38,175328
RGTI03,20260721,2.44,2.52,2.38,2.52,237946
RKLB01,20260721,2.34,2.34,2.2,2.3,2813559
RKLB03,20260721,4.7,4.72,4.42,4.58,502000
RKLB23,20260721,1.18,1.18,1.11,1.15,406152
RKLB80,20260721,2.36,2.38,2.2,2.28,14116632
SANOFI80,20260721,2.96,2.98,2.88,2.96,34752
SANRIO23,20260721,1.82,1.82,1.78,1.81,16254
SANRIO80,20260721,12.5,12.5,12.4,12.4,14
SBUX80,20260721,1.77,1.79,1.75,1.76,157110
SCHDER80,20260721,10.2,10.4,10.2,10.4,550
SEAGATE23,20260721,5.8,5.95,5.6,5.85,1161351
SEMB19,20260721,4.68,4.76,4.68,4.76,10517
SENSE23,20260721,1.45,1.51,1.45,1.51,19812
SGX19,20260721,6.2,6.2,6.15,6.15,2911
SHINCHEM19,20260721,2.96,3,2.96,2.98,80809
SHINCHEM80,20260721,14.9,15,14.9,15,96
SHOP03,20260721,2.76,2.86,2.76,2.86,2501
SHOP06,20260721,2.06,2.16,2.06,2.06,77344
SIA19,20260721,20.1,20.3,20.1,20.3,111670
SIL03,20260721,2.46,2.5,2.4,2.5,310427
SINGTEL80,20260721,11.5,11.6,11.5,11.6,29899
SINOBIO19,20260721,4.34,4.4,4.32,4.38,14478
SMCI03,20260721,1.66,1.68,1.61,1.64,1015161
SMFG19,20260721,14.2,14.5,14.2,14.5,13429
SMIC01,20260721,4.44,4.68,4.44,4.6,425474
SMIC03,20260721,3.18,3.28,3.18,3.22,83201
SMIC13,20260721,2.34,2.34,2.3,2.3,2401
SMIC23,20260721,3.66,3.88,3.66,3.8,5565501
SMR03,20260721,1.33,1.38,1.3,1.38,311284
SNDK03,20260721,12,12.8,11.7,12.8,1320838
SNDK23,20260721,5.95,6.35,5.8,6.3,3088489
SNDK80,20260721,4.76,5.1,4.64,5.05,16534619
SNOW06,20260721,4.48,4.68,4.48,4.62,61254
SNOW23,20260721,4.1,4.26,4.04,4.2,1504925
SOFI23,20260721,5.95,5.95,5.75,5.8,61038
SOFTBANK23,20260721,2.2,2.28,2.2,2.28,441493
SOFTBANK80,20260721,11.6,12,11.6,11.8,183547
SONY80,20260721,3.64,3.64,3.58,3.6,23991
SP50001,20260721,25.5,25.75,25.25,25.75,33654
SP500US19,20260721,14.7,14.9,14.7,14.8,26318
SP500US80,20260721,2.96,2.98,2.94,2.96,233703
SPACEX01,20260721,2.84,2.84,2.7,2.76,6453536
SPACEX03,20260721,1.42,1.42,1.35,1.38,3081673
SPACEX06,20260721,2.84,2.84,2.7,2.74,112082
SPACEX23,20260721,3.52,3.54,3.38,3.44,839257
SPACEX80,20260721,4.24,4.24,4.06,4.1,6773141
SPBOND80,20260721,8.55,8.55,8.45,8.55,36510
SPCOM80,20260721,3.76,3.78,3.7,3.78,13240
SPENGY80,20260721,3.88,3.92,3.86,3.9,32855
SPFIN80,20260721,19,19,18.8,19,3888
SPHLTH80,20260721,5.4,5.45,5.35,5.35,31978
SPOT06,20260721,2,2.08,2,2.04,3648
SPTECH80,20260721,12,12.1,11.8,12.1,96332
STAR5001,20260721,53.75,57,53.75,56.5,114102
STEG19,20260721,27.25,27.25,27,27.25,7740
STM03,20260721,2.12,2.18,2.08,2.18,116
SUNNY19,20260721,2.4,2.5,2.4,2.48,137938
SUNNY80,20260721,2.4,2.48,2.4,2.46,186842
SUSHI23,20260721,3.38,3.42,3.3,3.4,166501
SYM03,20260721,1.82,1.82,1.71,1.75,27
SYM23,20260721,7.1,7.1,6.85,6.95,40100
SYNP03,20260721,2.6,2.6,2.54,2.58,42108
SYNP23,20260721,5.2,5.2,5.1,5.2,188815
TAIWAN19,20260721,42.5,43.25,42.5,43.25,39655
TAIWANAI13,20260721,18.7,18.7,18.5,18.6,13509
TAIWANHD13,20260721,34,34.25,33.5,34.25,401
TEL23,20260721,5,5.15,5,5.15,30711
TEL80,20260721,13.6,13.9,13.5,13.9,131342
TENCENT01,20260721,4.64,4.66,4.62,4.66,264559
TENCENT06,20260721,2.04,2.06,2.04,2.06,5990
TENCENT11,20260721,20.4,20.4,20.4,20.4,200
TENCENT13,20260721,4.1,4.12,4.1,4.12,151
TENCENT19,20260721,10.3,10.3,10.2,10.2,11002
TENCENT23,20260721,2.28,2.3,2.26,2.28,115822
TENCENT80,20260721,20.4,20.5,20.3,20.4,445719
TER01,20260721,3.98,4.24,3.98,4.24,345151
TER23,20260721,5.6,5.95,5.55,5.95,145988
TER80,20260721,11.5,11.9,11.4,11.8,10344
THAIBEV19,20260721,11.9,11.9,11.7,11.9,34223
TME23,20260721,0.96,0.97,0.96,0.96,149600
TOYOTA80,20260721,6.05,6.1,6,6.05,18128
TRIPCOM23,20260721,1.48,1.52,1.48,1.52,30620
TRIPCOM80,20260721,1.48,1.51,1.47,1.5,2703200
TRVUS06,20260721,5,5.15,4.92,5.05,15072
TSEMI03,20260721,1.79,1.8,1.73,1.78,2337
TSEMI23,20260721,8.05,8.1,7.75,7.95,162213
TSLA01,20260721,37.75,38,36.75,37.25,44386
TSLA03,20260721,4.28,4.28,4.18,4.2,20698
TSLA23,20260721,2.48,2.48,2.4,2.42,184026
TSLA80,20260721,2.58,2.6,2.5,2.52,13367696
UBER06,20260721,2.44,2.46,2.42,2.44,90147
UBTECH23,20260721,1.42,1.46,1.42,1.46,2286054
UNH19,20260721,7.15,7.2,7.05,7.05,93567
UNIQLO80,20260721,16.5,16.7,16.5,16.7,1939
UOB19,20260721,11.2,11.3,11.2,11.2,16316
USAR03,20260721,1.36,1.36,1.25,1.32,137257
USTR24,20260721,1.19,1.19,1.18,1.19,10080
V3011,20260721,8.3,8.35,8.3,8.35,1848
VCB11,20260721,2.92,2.94,2.9,2.92,74276
VCB19,20260721,7.4,7.4,7.3,7.4,6848
VDIAMOND11,20260721,7.95,7.95,7.85,7.85,25855
VENTURE19,20260721,4.26,4.26,4.24,4.24,163
VGT80,20260721,9.25,9.9,9.25,9.9,41920
VHM19,20260721,17.8,18,17.5,18,225083
VICR80,20260721,8.2,8.3,7.8,8.2,4527
VISA06,20260721,1.51,1.53,1.5,1.52,6096
VISA80,20260721,1.5,1.53,1.5,1.51,638002
VNFIN24,20260721,1.79,1.8,1.79,1.8,31823
VNM19,20260721,7.5,7.55,7.5,7.5,103164
VRT01,20260721,3.82,3.92,3.8,3.92,644327
VRT23,20260721,2.92,3,2.9,3,542742
VRT80,20260721,9.95,10.1,9.85,10.1,23420
VST03,20260721,2.12,2.16,2.12,2.16,138
VT03,20260721,3.58,3.58,3.48,3.52,272068
WDC03,20260721,2.12,2.2,2.06,2.2,224217
WMT06,20260721,3.84,3.84,3.78,3.78,216114
WMT80,20260721,3.84,3.84,3.76,3.76,36535
WORLD03,20260721,4.36,4.42,4.36,4.4,9659
WORLDA01,20260721,5.25,5.25,5.15,5.25,68805
WUXI06,20260721,4.1,4.2,4.1,4.16,54855
WUXI13,20260721,2.42,2.42,2.42,2.42,600
WUXIAT80,20260721,6.7,6.8,6.65,6.75,3272
XIAOMI01,20260721,2.7,2.72,2.66,2.7,1462405
XIAOMI13,20260721,2.5,2.5,2.5,2.5,1500
XIAOMI19,20260721,5.9,6.05,5.9,5.95,57004
XIAOMI23,20260721,1.42,1.46,1.41,1.42,545574
XIAOMI80,20260721,11.9,12,11.7,11.8,1304655
XPENG03,20260721,2.22,2.26,2.2,2.24,418806
ZAI23,20260721,10.9,13.3,10.7,13.2,908018
ZIJIN13,20260721,2.22,2.34,2.22,2.32,1099
ZIJIN23,20260721,2.02,2.14,2.02,2.08,79361
ZIJIN80,20260721,13.1,13.6,13.1,13.5,180365
ZJINNO80,20260721,5.2,5.65,5.2,5.55,579283
AAV01C2609T,20260721,0.02,0.02,0.02,0.02,5500
AAV13C2610A,20260721,0.1,0.1,0.1,0.1,8000
AAV13C2612A,20260721,0.2,0.2,0.2,0.2,10200
ADVANC01C2609A,20260721,0.16,0.16,0.14,0.15,4701000
ADVANC01C2610A,20260721,0.42,0.44,0.42,0.42,6407900
ADVANC01C2701T,20260721,0.63,0.65,0.63,0.63,7386900
ADVANC01P2609A,20260721,0.15,0.16,0.14,0.14,2031600
ADVANC01P2701A,20260721,0.58,0.58,0.56,0.57,4652400
ADVANC13C2609A,20260721,0.14,0.15,0.14,0.14,3370100
ADVANC13C2610A,20260721,0.42,0.45,0.41,0.42,14260200
ADVANC13C2701T,20260721,0.38,0.39,0.38,0.38,2374500
ADVANC13P2609A,20260721,0.04,0.04,0.04,0.04,50000
ADVANC13P2611A,20260721,0.32,0.32,0.31,0.32,3885100
ADVANC19C2609A,20260721,0.1,0.11,0.1,0.1,5713500
ADVANC19C2611A,20260721,0.48,0.5,0.47,0.48,13540100
ADVANC41C2608A,20260721,0.01,0.01,0.01,0.01,20000
ADVANC41C2610A,20260721,0.41,0.43,0.41,0.41,8065100
ADVANC41C2701T,20260721,0.31,0.31,0.3,0.3,9073900
AEONTS01C2612A,20260721,0.54,0.54,0.47,0.47,1645400
AEONTS13C2612A,20260721,0.57,0.58,0.5,0.5,4453300
AIA41C2609A,20260721,0.13,0.13,0.13,0.13,500
AMATA01C2610A,20260721,1.08,1.12,1.08,1.08,483900
AMATA01C2612A,20260721,0.21,0.22,0.2,0.21,8611300
AMATA01C2706T,20260721,0.44,0.45,0.43,0.44,5511600
AMATA01P2610A,20260721,0.12,0.12,0.1,0.11,4661400
AMATA13C2608A,20260721,1.5,1.51,1.5,1.51,400
AMATA13C2611A,20260721,0.26,0.28,0.25,0.27,18052600
AMATA13P2610A,20260721,0.08,0.08,0.08,0.08,100000
AMATA19C2610B,20260721,0.28,0.29,0.27,0.28,834600
AMATA41C2608A,20260721,1.48,1.48,1.48,1.48,400
AMATA41C2608T,20260721,0.23,0.23,0.23,0.23,300000
AMATA41C2611A,20260721,0.25,0.26,0.24,0.26,9319600
AMATA41C2702T,20260721,0.24,0.24,0.24,0.24,7621400
AOT01C2609A,20260721,0.4,0.41,0.38,0.38,3707100
AOT01C2612A,20260721,0.37,0.38,0.35,0.35,2162800
AOT01C2705T,20260721,0.49,0.49,0.48,0.48,2393800
AOT01P2612A,20260721,0.38,0.38,0.37,0.38,1157700
AOT13C2608A,20260721,0.09,0.09,0.08,0.09,775600
AOT13C2609A,20260721,0.54,0.54,0.51,0.51,262100
AOT13C2611A,20260721,0.42,0.43,0.4,0.41,10708300
AOT13C2704T,20260721,0.39,0.39,0.38,0.38,2440600
AOT13P2611A,20260721,0.24,0.25,0.24,0.24,977200
AOT19C2611A,20260721,0.49,0.49,0.46,0.47,990700
AOT41C2608A,20260721,0.1,0.1,0.09,0.09,450000
AOT41C2609T,20260721,0.7,0.71,0.69,0.69,5300000
AOT41C2611A,20260721,0.4,0.4,0.38,0.38,3360000
AOT41C2706T,20260721,0.42,0.42,0.41,0.41,5800000
AP13C2612A,20260721,0.28,0.28,0.27,0.27,513300
AWC01C2701A,20260721,0.26,0.26,0.25,0.26,4366100
AWC01C2703T,20260721,0.38,0.38,0.38,0.38,695800
AWC01P2701A,20260721,0.3,0.32,0.3,0.3,2962500
AWC13C2611A,20260721,0.4,0.4,0.37,0.39,5000500
AWC13C2701T,20260721,0.38,0.38,0.38,0.38,100
AWC13C2704T,20260721,0.27,0.27,0.26,0.27,4503300
AWC41C2609T,20260721,0.3,0.3,0.28,0.3,11010400
AWC41C2611A,20260721,0.38,0.38,0.36,0.38,1200000
AWC41C2706T,20260721,0.3,0.3,0.3,0.3,2600000
BA01C2611A,20260721,0.48,0.48,0.46,0.46,1453000
BA01C2612A,20260721,0.31,0.31,0.31,0.31,2235100
BA01C2706T,20260721,0.37,0.37,0.37,0.37,2226400
BA01P2612A,20260721,0.28,0.28,0.28,0.28,2028100
BA13C2611A,20260721,0.42,0.43,0.42,0.43,7277300
BA13P2611A,20260721,0.23,0.23,0.23,0.23,2271600
BA19C2609A,20260721,0.59,0.59,0.54,0.55,627000
BA19C2611A,20260721,0.42,0.42,0.41,0.42,5902000
BA41C2611T,20260721,0.33,0.33,0.33,0.33,6200000
BABA28C2609A,20260721,0.1,0.1,0.09,0.09,242000
BABA28C2610A,20260721,0.23,0.23,0.23,0.23,3000
BABA28C2612A,20260721,0.74,0.74,0.74,0.74,1000
BABA41C2610A,20260721,0.26,0.28,0.26,0.26,80600
BABA41C2612A,20260721,0.16,0.17,0.16,0.17,18000
BABA41C2701T,20260721,0.42,0.44,0.42,0.43,20100
BABA41P2609A,20260721,0.25,0.25,0.24,0.25,1200
BABA41P2612A,20260721,0.19,0.19,0.18,0.18,600
BAM01C2612A,20260721,0.26,0.26,0.24,0.24,2908600
BAM13C2610A,20260721,0.16,0.16,0.15,0.15,1302000
BAM19C2612T,20260721,0.18,0.18,0.18,0.18,212400
BAM41C2612T,20260721,0.25,0.25,0.23,0.23,8430000
BBL13C2608A,20260721,0.53,0.57,0.49,0.49,120200
BBL13C2611A,20260721,0.86,0.86,0.8,0.86,263100
BBL13C2612A,20260721,0.7,0.7,0.62,0.66,6912700
BBL13C2612B,20260721,0.28,0.28,0.23,0.24,13873000
BBL13C2704T,20260721,0.6,0.62,0.58,0.6,630100
BBL13P2611A,20260721,0.22,0.25,0.22,0.25,7160800
BBL19C2703A,20260721,0.36,0.36,0.31,0.33,1822700
BBL41C2609T,20260721,0.96,0.96,0.93,0.93,30000
BBL41C2612A,20260721,0.69,0.69,0.69,0.69,2200
BBL41C2612B,20260721,0.23,0.23,0.21,0.22,10364700
BBL41C2706T,20260721,0.61,0.61,0.57,0.59,17023000
BCH01C2609A,20260721,0.11,0.11,0.1,0.1,618400
BCH01C2612A,20260721,0.17,0.17,0.16,0.17,1569400
BCH13C2609A,20260721,0.1,0.1,0.1,0.1,186000
BCH13C2612A,20260721,0.23,0.23,0.22,0.23,1592800
BCP01C2608A,20260721,0.08,0.09,0.08,0.09,2386600
BCP01C2610A,20260721,0.37,0.42,0.37,0.4,5768500
BCP01C2612A,20260721,0.6,0.65,0.6,0.65,6155200
BCP13C2608B,20260721,0.06,0.07,0.06,0.07,2000
BCP13C2611A,20260721,0.66,0.7,0.66,0.66,1800
BCP13C2612A,20260721,0.42,0.46,0.42,0.45,11083900
BCP13C2704T,20260721,0.48,0.49,0.48,0.49,30300
BCP41C2608A,20260721,0.43,0.44,0.43,0.43,900000
BCP41C2609T,20260721,0.2,0.2,0.2,0.2,2000
BCP41C2611A,20260721,0.59,0.64,0.59,0.64,1800000
BCP41C2612A,20260721,0.39,0.43,0.39,0.43,9180000
BCP41C2706T,20260721,0.48,0.5,0.48,0.49,18400400
BCPG01C2611A,20260721,0.35,0.36,0.34,0.34,6190700
BCPG01C2705T,20260721,0.27,0.27,0.26,0.26,5105300
BCPG13C2610A,20260721,0.18,0.18,0.17,0.18,5511500
BCPG13C2611A,20260721,0.38,0.4,0.37,0.38,9954100
BCPG19C2609A,20260721,0.18,0.18,0.17,0.17,2964800
BCPG41C2610A,20260721,0.17,0.17,0.16,0.16,6480000
BCPG41C2612T,20260721,0.17,0.17,0.16,0.16,5900000
BDMS01C2609A,20260721,0.09,0.09,0.09,0.09,400
BDMS01C2611A,20260721,0.27,0.27,0.26,0.27,1143000
BDMS01C2706T,20260721,0.31,0.31,0.31,0.31,39000
BDMS01P2612A,20260721,0.26,0.27,0.26,0.27,1046800
BDMS13C2610A,20260721,0.23,0.24,0.22,0.22,2993300
BDMS13C2701T,20260721,0.19,0.19,0.19,0.19,1000
BDMS13P2612A,20260721,0.29,0.29,0.29,0.29,90000
BDMS19C2608A,20260721,0.03,0.03,0.03,0.03,9000
BDMS19C2611A,20260721,0.29,0.29,0.28,0.28,1369800
BDMS19C2701A,20260721,0.26,0.26,0.25,0.25,1681400
BDMS41C2609T,20260721,0.01,0.01,0.01,0.01,10000
BDMS41C2610A,20260721,0.21,0.22,0.21,0.21,2876400
BDMS41C2612T,20260721,0.15,0.15,0.14,0.14,10000
BEM01C2608A,20260721,0.02,0.03,0.02,0.02,250200
BEM01C2612A,20260721,0.33,0.35,0.33,0.33,1211200
BEM01C2706T,20260721,0.26,0.26,0.25,0.25,805000
BEM13C2608A,20260721,0.05,0.05,0.04,0.04,321700
BEM13C2611A,20260721,0.42,0.42,0.36,0.36,746300
BEM19C2611A,20260721,0.32,0.33,0.3,0.3,1095800
BEM41C2612T,20260721,0.28,0.29,0.27,0.27,1700000
BGRIM01C2608A,20260721,0.38,0.4,0.37,0.4,707600
BGRIM01C2609A,20260721,0.94,0.98,0.92,0.94,1427900
BGRIM01C2612A,20260721,0.53,0.55,0.52,0.52,5995400
BGRIM01C2706T,20260721,0.51,0.52,0.51,0.51,685500
BGRIM01P2612A,20260721,0.1,0.1,0.1,0.1,21800
BGRIM01P2701A,20260721,0.59,0.59,0.57,0.58,3588400
BGRIM13C2608A,20260721,0.8,0.8,0.8,0.8,100
BGRIM13C2611A,20260721,0.83,0.85,0.82,0.83,1088200
BGRIM13C2611B,20260721,0.54,0.56,0.52,0.52,43731900
BGRIM13C2704T,20260721,0.42,0.43,0.42,0.43,722300
BGRIM13P2611A,20260721,0.07,0.07,0.07,0.07,50000
BGRIM13P2612A,20260721,0.38,0.38,0.36,0.37,818000
BGRIM19C2611A,20260721,0.6,0.64,0.6,0.61,1547900
BGRIM19C2612A,20260721,0.44,0.47,0.43,0.44,21463100
BGRIM41C2608T,20260721,0.61,0.63,0.6,0.6,4146600
BGRIM41C2611A,20260721,0.81,0.81,0.81,0.81,1725000
BGRIM41C2701T,20260721,0.89,0.91,0.89,0.89,310000
BGRIM41C2706T,20260721,0.44,0.44,0.44,0.44,350000
BH01C2609A,20260721,0.28,0.3,0.27,0.28,1424700
BH01C2609B,20260721,0.35,0.38,0.34,0.35,1131400
BH01C2612A,20260721,0.65,0.68,0.64,0.64,2644800
BH01C2705T,20260721,0.57,0.57,0.57,0.57,373800
BH01P2611A,20260721,0.3,0.3,0.3,0.3,1448400
BH01P2612A,20260721,0.75,0.75,0.73,0.75,1321500
BH13C2610A,20260721,0.41,0.41,0.39,0.4,3153500
BH13P2611A,20260721,0.31,0.31,0.31,0.31,539600
BH19C2608A,20260721,0.01,0.01,0.01,0.01,70000
BH19C2610A,20260721,0.38,0.4,0.36,0.37,2148700
BH41C2610A,20260721,0.38,0.4,0.37,0.38,3019000
BH41C2611T,20260721,0.55,0.56,0.55,0.55,700500
BIDU28C2610A,20260721,0.1,0.1,0.1,0.1,7000
BIDU41C2609A,20260721,0.02,0.02,0.02,0.02,16500
BIDU41C2609T,20260721,0.64,0.64,0.63,0.63,10100
BIDU41C2610A,20260721,0.29,0.31,0.29,0.31,63500
BIDU41P2612A,20260721,0.32,0.32,0.31,0.31,700
BILIBI41C2610A,20260721,0.16,0.16,0.16,0.16,300
BJC13C2610A,20260721,0.18,0.18,0.18,0.18,1878000
BJC19C2612T,20260721,0.26,0.26,0.26,0.26,890900
BJC41C2610A,20260721,0.16,0.16,0.16,0.16,1200000
BLA01C2609A,20260721,0.86,0.86,0.82,0.82,403500
BLA01C2612A,20260721,0.17,0.17,0.16,0.16,2447100
BLA01P2612A,20260721,0.2,0.2,0.2,0.2,2584300
BLA13C2611A,20260721,0.21,0.21,0.19,0.2,3585800
BLA13P2611A,20260721,0.18,0.18,0.18,0.18,43000
BLA19C2611A,20260721,0.26,0.26,0.25,0.25,382200
BLA41C2611A,20260721,0.2,0.2,0.2,0.2,160000
BLA41C2702T,20260721,0.54,0.54,0.54,0.54,18000
BLA41C2706T,20260721,0.25,0.25,0.24,0.24,1158800
BTG01C2609A,20260721,0.1,0.1,0.09,0.09,57100
BTG01C2611A,20260721,0.37,0.39,0.37,0.38,1007100
BTG01C2704T,20260721,0.12,0.12,0.11,0.12,30200
BTG01P2609A,20260721,0.29,0.29,0.28,0.28,1186800
BTG01P2611A,20260721,0.28,0.28,0.26,0.26,2800400
BTG13C2608A,20260721,0.02,0.02,0.02,0.02,358800
BTG13C2609A,20260721,0.04,0.04,0.04,0.04,30000
BTG13C2610A,20260721,0.22,0.23,0.22,0.22,1407900
BTG13P2609A,20260721,0.19,0.19,0.18,0.18,783300
BTG19C2611A,20260721,0.32,0.35,0.32,0.33,1453400
BTG41C2703T,20260721,0.22,0.23,0.22,0.23,386800
BTS01C2612A,20260721,0.16,0.16,0.16,0.16,4690400
BTS01C2706T,20260721,0.25,0.25,0.25,0.25,400
BTS13C2609A,20260721,0.06,0.06,0.05,0.05,2457700
BTS13C2611A,20260721,0.18,0.19,0.17,0.19,8359400
BTS13C2701T,20260721,0.09,0.09,0.09,0.09,200
BTS19C2612A,20260721,0.25,0.25,0.25,0.25,2950300
BTS41C2611A,20260721,0.17,0.18,0.17,0.18,1166900
BTS41C2703T,20260721,0.12,0.12,0.12,0.12,585100
BYDCOM41C2612A,20260721,0.88,0.91,0.87,0.87,40100
CATHAY41C2610A,20260721,0.31,0.31,0.31,0.31,400
CATL41C2612A,20260721,0.33,0.34,0.32,0.32,212300
CBG01C2609A,20260721,0.49,0.49,0.43,0.45,340400
CBG01C2610T,20260721,0.19,0.19,0.17,0.17,1911100
CBG01C2611A,20260721,0.71,0.71,0.71,0.71,114300
CBG01C2612A,20260721,0.46,0.46,0.41,0.41,5938700
CBG01C2706T,20260721,0.35,0.35,0.32,0.32,6605400
CBG01P2609A,20260721,0.02,0.02,0.02,0.02,100
CBG01P2612A,20260721,0.33,0.35,0.33,0.35,4739400
CBG13C2608A,20260721,0.16,0.17,0.12,0.12,6356400
CBG13C2608B,20260721,0.34,0.34,0.32,0.32,3000
CBG13C2612A,20260721,0.48,0.48,0.43,0.43,8997500
CBG13P2611A,20260721,0.18,0.2,0.18,0.2,767200
CBG19C2611B,20260721,0.51,0.51,0.46,0.46,408200
CBG19C2612A,20260721,0.32,0.32,0.29,0.29,5455900
CBG41C2608A,20260721,0.16,0.16,0.14,0.14,750500
CBG41C2608T,20260721,0.01,0.01,0.01,0.01,256000
CBG41C2612A,20260721,0.46,0.46,0.41,0.41,6482000
CBG41C2703T,20260721,0.54,0.54,0.52,0.52,2100000
CCET13C2608A,20260721,1.65,1.66,1.65,1.66,45400
CCET13C2609A,20260721,1.03,1.03,0.99,0.99,2839400
CCET13C2609B,20260721,0.63,0.63,0.6,0.6,1002300
CCET13C2610A,20260721,0.38,0.38,0.34,0.35,21541700
CCET13C2610B,20260721,0.21,0.21,0.19,0.19,7650700
CCET13C2611A,20260721,0.12,0.12,0.11,0.11,2032900
CCET19C2610A,20260721,0.43,0.43,0.39,0.4,4543900
CCET19C2610B,20260721,0.27,0.27,0.25,0.25,5202500
CCET19C2611A,20260721,0.11,0.12,0.11,0.11,3731700
CCET41C2609T,20260721,0.32,0.32,0.32,0.32,4000000
CCET41C2701T,20260721,0.43,0.43,0.42,0.42,2700900
CCET41C2702T,20260721,0.37,0.37,0.36,0.37,375100
CENTEL01C2609A,20260721,0.18,0.19,0.18,0.18,1835100
CENTEL01C2706T,20260721,0.3,0.3,0.29,0.29,1929500
CENTEL13C2608B,20260721,0.13,0.15,0.13,0.13,3969800
CENTEL13C2611A,20260721,0.34,0.36,0.33,0.33,8841500
CENTEL19C2610A,20260721,0.37,0.39,0.36,0.36,1896700
CENTEL41C2611A,20260721,0.32,0.35,0.32,0.32,8240000
CENTEL41C2701T,20260721,0.34,0.36,0.34,0.34,17600000
CHG01C2612A,20260721,0.26,0.26,0.26,0.26,1366200
CHG13C2610A,20260721,0.29,0.29,0.26,0.27,2261700
CK01C2608A,20260721,0.21,0.26,0.21,0.26,380900
CK01C2611A,20260721,0.24,0.27,0.24,0.27,6300400
CK01C2705T,20260721,0.36,0.37,0.36,0.37,2540100
CK01P2611A,20260721,0.5,0.5,0.46,0.46,2033700
CK13C2608A,20260721,0.03,0.03,0.03,0.03,100
CK13C2610A,20260721,0.3,0.34,0.29,0.33,8968100
CK13C2704T,20260721,0.17,0.17,0.17,0.17,2902000
CK13P2611A,20260721,0.42,0.42,0.39,0.39,1371500
CK19C2609A,20260721,0.17,0.2,0.17,0.2,4104600
CK41C2610A,20260721,0.28,0.31,0.28,0.31,4301500
COM701C2610A,20260721,0.19,0.2,0.19,0.19,1691900
COM701C2705T,20260721,0.61,0.61,0.6,0.6,952800
COM713C2608A,20260721,0.1,0.1,0.09,0.1,779000
COM713C2610A,20260721,0.84,0.84,0.81,0.81,200
COM713C2610B,20260721,0.28,0.28,0.28,0.28,100000
COM713C2612A,20260721,0.23,0.23,0.22,0.23,1412300
COM719C2610A,20260721,0.3,0.31,0.3,0.3,360800
COM741C2608A,20260721,0.1,0.1,0.09,0.09,900000
COM741C2612A,20260721,0.22,0.22,0.21,0.22,2980000
COM741C2703T,20260721,0.25,0.25,0.25,0.25,2110300
CPALL01C2608A,20260721,0.01,0.01,0.01,0.01,10000
CPALL01C2610A,20260721,0.18,0.18,0.17,0.17,820100
CPALL01C2612A,20260721,0.32,0.32,0.29,0.3,3034400
CPALL01C2703T,20260721,0.26,0.26,0.26,0.26,2905300
CPALL01P2612A,20260721,0.24,0.24,0.24,0.24,200000
CPALL13C2609A,20260721,0.15,0.15,0.13,0.14,2810400
CPALL13C2612A,20260721,0.26,0.26,0.25,0.25,3703100
CPALL13C2701T,20260721,0.25,0.25,0.23,0.24,6336000
CPALL19C2611A,20260721,0.29,0.29,0.26,0.27,1397000
CPALL41C2609A,20260721,0.12,0.12,0.12,0.12,2160000
CPALL41C2612T,20260721,0.16,0.16,0.14,0.14,302300
CPF01C2609A,20260721,0.22,0.22,0.19,0.21,6984100
CPF01C2611T,20260721,0.17,0.18,0.17,0.17,3599800
CPF01C2612A,20260721,0.52,0.56,0.52,0.55,4199100
CPF01C2701A,20260721,0.36,0.36,0.34,0.36,3924600
CPF01C2706T,20260721,0.42,0.43,0.42,0.42,1664100
CPF01P2608A,20260721,0.01,0.01,0.01,0.01,10100
CPF01P2612A,20260721,0.12,0.13,0.12,0.13,1072800
CPF01P2701A,20260721,0.52,0.54,0.52,0.53,3036400
CPF13C2609A,20260721,0.2,0.23,0.2,0.22,5314400
CPF13C2612A,20260721,0.39,0.42,0.39,0.41,10906000
CPF13P2612A,20260721,0.46,0.48,0.45,0.47,2496200
CPF19C2701T,20260721,0.58,0.58,0.54,0.57,1580200
CPF41C2609T,20260721,0.06,0.06,0.06,0.06,10000
CPF41C2611A,20260721,0.55,0.55,0.52,0.53,610200
CPF41C2612A,20260721,0.39,0.4,0.37,0.38,5468000
CPF41C2612T,20260721,0.2,0.2,0.19,0.2,4253500
CPN01C2611A,20260721,0.35,0.35,0.32,0.32,3466700
CPN01C2706T,20260721,0.42,0.42,0.41,0.41,1101700
CPN01P2706T,20260721,0.5,0.51,0.5,0.51,855800
CPN13C2608A,20260721,0.06,0.06,0.05,0.05,30100
CPN13C2611A,20260721,0.43,0.43,0.38,0.38,3236900
CPN13P2608A,20260721,0.02,0.02,0.02,0.02,100
CPN19C2609T,20260721,0.35,0.35,0.31,0.31,1114700
CPN41C2608A,20260721,0.05,0.05,0.05,0.05,100
CPN41C2611A,20260721,0.39,0.39,0.35,0.35,2520000
CPN41C2703T,20260721,0.35,0.36,0.35,0.35,900100
CRC01C2609A,20260721,0.21,0.21,0.19,0.2,3860800
CRC01C2609B,20260721,0.69,0.69,0.66,0.66,604900
CRC01C2610T,20260721,0.42,0.42,0.4,0.41,2859400
CRC01C2611A,20260721,0.49,0.49,0.46,0.47,3692800
CRC01C2706T,20260721,0.27,0.27,0.27,0.27,2341900
CRC01P2611A,20260721,0.24,0.26,0.24,0.25,5280400
CRC13C2610A,20260721,0.54,0.54,0.52,0.52,70000
CRC13C2611A,20260721,0.4,0.4,0.38,0.38,4890400
CRC13P2611A,20260721,0.41,0.41,0.41,0.41,3331600
CRC19C2612A,20260721,0.61,0.61,0.58,0.59,4118600
CRC41C2609T,20260721,0.32,0.34,0.32,0.33,1500000
CRC41C2611A,20260721,0.37,0.37,0.36,0.36,8430000
DELTA01C2608A,20260721,0.11,0.13,0.1,0.1,1396200
DELTA01C2609A,20260721,0.24,0.25,0.21,0.25,17581200
DELTA01C2610A,20260721,0.22,0.22,0.2,0.22,2772200
DELTA01C2611A,20260721,0.67,0.68,0.64,0.67,16474000
DELTA01C2705T,20260721,0.48,0.49,0.47,0.48,4249900
DELTA01P2608A,20260721,0.02,0.02,0.01,0.02,1637000
DELTA01P2609A,20260721,0.14,0.15,0.13,0.13,3929400
DELTA01P2610A,20260721,0.52,0.54,0.5,0.5,4665300
DELTA01P2611A,20260721,0.93,0.95,0.91,0.92,3990300
DELTA13C2608A,20260721,0.03,0.04,0.02,0.03,455600
DELTA13C2609A,20260721,0.07,0.08,0.06,0.07,2068900
DELTA13C2609B,20260721,0.14,0.15,0.12,0.14,14996300
DELTA13C2610A,20260721,0.14,0.15,0.13,0.14,7499900
DELTA13C2611A,20260721,0.48,0.5,0.45,0.48,25612900
DELTA13C2612A,20260721,0.81,0.82,0.75,0.8,18668700
DELTA13P2609A,20260721,0.19,0.2,0.17,0.18,3350200
DELTA13P2610A,20260721,0.67,0.69,0.64,0.66,10383500
DELTA19C2608A,20260721,0.13,0.15,0.12,0.15,1161600
DELTA19C2609A,20260721,0.1,0.11,0.09,0.1,1217400
DELTA19C2611A,20260721,0.33,0.35,0.32,0.34,4815100
DELTA19C2611B,20260721,0.5,0.52,0.47,0.51,4235700
DELTA19P2609A,20260721,0.1,0.1,0.09,0.09,881300
DELTA19P2610A,20260721,0.39,0.4,0.37,0.37,1521100
DELTA19P2610B,20260721,0.52,0.53,0.49,0.49,2252300
DELTA41C2608T,20260721,2.08,2.12,2.06,2.12,650700
DELTA41C2609A,20260721,0.07,0.07,0.07,0.07,900
DELTA41C2609B,20260721,0.12,0.13,0.12,0.13,3400700
DELTA41C2610A,20260721,0.14,0.14,0.13,0.13,2208300
DELTA41C2611A,20260721,0.47,0.49,0.44,0.49,7141100
DELTA41C2612T,20260721,1.33,1.34,1.3,1.34,2221100
DELTA41C2702T,20260721,0.28,0.28,0.27,0.28,4278100
DELTA41C2703T,20260721,0.8,0.83,0.79,0.82,9873300
DELTA41P2610A,20260721,0.66,0.67,0.63,0.63,5900100
DJI41C2609A,20260721,0.41,0.41,0.41,0.41,2000
DOHOME01C2610A,20260721,0.39,0.42,0.38,0.38,4715000
DOHOME01C2704T,20260721,0.37,0.39,0.37,0.37,2196100
DOHOME13C2610A,20260721,0.49,0.5,0.46,0.48,468300
DOHOME13C2612A,20260721,0.39,0.42,0.38,0.38,4807000
DOHOME19C2701T,20260721,0.55,0.58,0.54,0.54,5290400
EA13C2608A,20260721,0.02,0.02,0.02,0.02,259900
EA13C2610A,20260721,0.23,0.25,0.23,0.23,24669000
EA13C2610B,20260721,0.13,0.14,0.13,0.13,1449100
EA13P2611A,20260721,0.54,0.55,0.53,0.55,3602600
EA19C2609A,20260721,0.17,0.18,0.17,0.17,9855000
EA19C2610A,20260721,0.15,0.16,0.14,0.15,6450000
EA19C2611A,20260721,0.36,0.38,0.36,0.36,4905100
EA19P2611A,20260721,0.57,0.58,0.56,0.58,3271200
EA41C2609T,20260721,0.18,0.18,0.18,0.18,1900000
EA41C2610B,20260721,0.12,0.12,0.12,0.12,750000
EA41C2706T,20260721,0.36,0.37,0.36,0.36,2900100
EGCO13C2610A,20260721,0.42,0.49,0.42,0.47,9399500
EGCO41C2612T,20260721,0.35,0.38,0.35,0.38,13694200
ERW01C2610A,20260721,0.36,0.4,0.35,0.4,4660000
ERW01C2611T,20260721,0.34,0.37,0.34,0.37,5100100
ERW01C2706T,20260721,0.3,0.32,0.3,0.32,1485800
ERW13C2608A,20260721,0.02,0.02,0.02,0.02,123100
ERW13C2608B,20260721,0.19,0.22,0.17,0.22,447000
ERW13C2610A,20260721,0.24,0.29,0.23,0.29,11342100
ERW19C2609A,20260721,0.24,0.29,0.23,0.29,2670200
ERW41C2610A,20260721,0.22,0.27,0.22,0.27,4849500
ERW41C2611T,20260721,0.53,0.56,0.53,0.56,1330000
ERW41C2706T,20260721,0.33,0.36,0.33,0.36,11100000
GEELY41C2612A,20260721,0.51,0.52,0.51,0.52,1200
GFPT13C2611A,20260721,0.52,0.52,0.48,0.48,3165500
GLOBAL01C2611A,20260721,0.23,0.23,0.22,0.22,3735800
GLOBAL01C2707T,20260721,0.29,0.29,0.29,0.29,1646300
GLOBAL13C2608B,20260721,0.14,0.14,0.13,0.13,2724400
GLOBAL13C2610A,20260721,0.19,0.2,0.18,0.18,7830500
GLOBAL13C2611A,20260721,0.45,0.46,0.44,0.44,9337900
GLOBAL19C2611A,20260721,0.43,0.44,0.41,0.42,2658300
GLOBAL41C2612T,20260721,0.43,0.44,0.42,0.42,9650000
GPSC01C2608A,20260721,0.18,0.18,0.18,0.18,100
GPSC01C2609A,20260721,0.65,0.68,0.64,0.64,1997000
GPSC01C2609T,20260721,0.39,0.4,0.38,0.38,4114400
GPSC01C2611A,20260721,0.83,0.86,0.82,0.82,1587000
GPSC01C2612A,20260721,0.58,0.6,0.57,0.57,4307200
GPSC01C2707T,20260721,0.46,0.47,0.46,0.46,3403900
GPSC01P2612A,20260721,0.31,0.31,0.3,0.31,4625400
GPSC13C2608B,20260721,0.86,0.86,0.86,0.86,1000
GPSC13C2611A,20260721,0.82,0.82,0.82,0.82,2000
GPSC13C2612A,20260721,0.58,0.59,0.56,0.56,8360800
GPSC13P2612A,20260721,0.3,0.3,0.29,0.3,6127900
GPSC19C2608B,20260721,1.04,1.04,1.04,1.04,1000
GPSC19C2612A,20260721,0.45,0.48,0.44,0.44,17505900
GPSC41C2608A,20260721,0.19,0.22,0.19,0.19,3900000
GPSC41C2611A,20260721,0.79,0.83,0.79,0.79,4146000
GPSC41C2612A,20260721,0.55,0.58,0.55,0.55,5640000
GPSC41C2703T,20260721,0.69,0.71,0.69,0.69,10100900
GULF01C2608A,20260721,0.67,0.75,0.65,0.69,1484100
GULF01C2608B,20260721,0.2,0.24,0.2,0.21,1568600
GULF01C2609A,20260721,0.29,0.32,0.28,0.3,10263000
GULF01C2611A,20260721,0.29,0.32,0.29,0.3,10488300
GULF01C2612A,20260721,0.59,0.64,0.58,0.6,6589800
GULF01C2702T,20260721,0.68,0.7,0.67,0.68,6599800
GULF01P2610A,20260721,0.21,0.21,0.2,0.2,1884100
GULF01P2612A,20260721,0.59,0.59,0.56,0.57,2883700
GULF13C2608A,20260721,0.26,0.3,0.25,0.27,4179500
GULF13C2609A,20260721,0.2,0.22,0.2,0.21,26114300
GULF13C2611A,20260721,0.5,0.53,0.48,0.5,57785700
GULF13C2704T,20260721,0.4,0.42,0.4,0.42,6937000
GULF13P2610A,20260721,0.06,0.06,0.06,0.06,623900
GULF13P2611A,20260721,0.32,0.32,0.3,0.31,7933500
GULF19C2610A,20260721,0.36,0.39,0.35,0.37,12195000
GULF19C2611A,20260721,0.3,0.32,0.29,0.3,11030400
GULF19P2611A,20260721,0.31,0.31,0.3,0.3,2107800
GULF41C2608A,20260721,0.3,0.3,0.27,0.27,600600
GULF41C2609A,20260721,0.19,0.21,0.19,0.19,4689700
GULF41C2609T,20260721,0.45,0.47,0.45,0.46,4532000
GULF41C2611A,20260721,0.43,0.47,0.43,0.45,7433100
GULF41C2706T,20260721,0.44,0.46,0.44,0.44,13912800
GULF41P2611A,20260721,0.14,0.14,0.14,0.14,5000
GUNKUL01C2608A,20260721,3.14,3.3,3.14,3.14,359700
GUNKUL01C2610A,20260721,1.96,2.06,1.95,1.96,755000
GUNKUL01C2610B,20260721,1.35,1.39,1.3,1.3,506200
GUNKUL01C2611A,20260721,1,1.08,0.98,1,1029900
GUNKUL01C2612A,20260721,0.85,0.91,0.85,0.85,1400800
GUNKUL01C2612B,20260721,0.23,0.24,0.22,0.22,7189700
GUNKUL01C2704T,20260721,0.99,1.02,0.99,0.99,1103700
GUNKUL01P2611A,20260721,0.09,0.09,0.09,0.09,213700
GUNKUL01P2612A,20260721,0.26,0.26,0.24,0.26,5188000
GUNKUL13C2610A,20260721,1.48,1.48,1.4,1.44,5566400
GUNKUL13C2611A,20260721,1.02,1.04,1,1,287000
GUNKUL13C2612A,20260721,0.77,0.82,0.77,0.8,1303600
GUNKUL13C2612B,20260721,0.28,0.31,0.28,0.29,22837500
GUNKUL13P2610A,20260721,0.07,0.07,0.07,0.07,10000
GUNKUL13P2612A,20260721,0.29,0.29,0.27,0.28,3972800
GUNKUL19C2610B,20260721,1.09,1.09,1.09,1.09,30000
GUNKUL19C2612B,20260721,0.33,0.35,0.33,0.33,4759100
GUNKUL41C2611A,20260721,0.93,1,0.93,0.93,2160100
GUNKUL41C2706T,20260721,0.76,0.79,0.76,0.77,9929300
HANA01C2608A,20260721,3.08,3.1,3.08,3.1,40200
HANA01C2609A,20260721,0.46,0.46,0.44,0.44,1075100
HANA01C2610A,20260721,0.3,0.31,0.29,0.3,6194200
HANA01C2705T,20260721,0.28,0.28,0.28,0.28,1494200
HANA01P2610A,20260721,0.16,0.16,0.15,0.15,2472400
HANA01P2611A,20260721,0.29,0.3,0.28,0.29,3490900
HANA13C2608A,20260721,1.76,1.81,1.76,1.81,900
HANA13C2608C,20260721,0.34,0.36,0.34,0.35,1200
HANA13C2609A,20260721,0.31,0.32,0.3,0.31,5216600
HANA13C2609B,20260721,0.16,0.16,0.15,0.15,2752600
HANA13C2610A,20260721,0.2,0.21,0.19,0.2,4619800
HANA13C2611A,20260721,0.39,0.41,0.38,0.39,14306000
HANA13C2701T,20260721,1.27,1.29,1.27,1.29,10800
HANA13C2703T,20260721,0.35,0.35,0.35,0.35,4120600
HANA13P2608A,20260721,0.01,0.01,0.01,0.01,42100
HANA13P2609A,20260721,0.04,0.04,0.04,0.04,1994900
HANA13P2611A,20260721,0.31,0.31,0.29,0.3,2074100
HANA19C2609B,20260721,0.23,0.24,0.22,0.23,5735000
HANA19C2612A,20260721,0.36,0.37,0.35,0.36,7656300
HANA41C2609B,20260721,0.15,0.15,0.15,0.15,5000000
HANA41C2610A,20260721,0.19,0.2,0.18,0.19,4440100
HANA41C2611A,20260721,0.37,0.39,0.37,0.39,3300000
HANA41C2702T,20260721,0.46,0.47,0.46,0.47,5963000
HANA41C2703T,20260721,0.32,0.32,0.32,0.32,3603400
HANA41C2706T,20260721,0.38,0.39,0.37,0.38,3925000
HANA41P2609A,20260721,0.05,0.05,0.04,0.05,11000
HMPRO01C2609A,20260721,0.11,0.11,0.11,0.11,128500
HMPRO13C2609A,20260721,0.1,0.1,0.09,0.1,1101300
HMPRO13C2612A,20260721,0.26,0.26,0.24,0.25,2195300
HMPRO19C2609A,20260721,0.13,0.14,0.13,0.14,707600
HMPRO19C2612A,20260721,0.27,0.27,0.26,0.27,2803200
HMPRO41C2609A,20260721,0.09,0.09,0.09,0.09,200000
HMPRO41C2612T,20260721,0.19,0.19,0.19,0.19,100
HSCEI18C2610A,20260721,0.94,0.97,0.94,0.95,12500
HSI18C2608A,20260721,0.1,0.1,0.1,0.1,54000
HSI18C2609A,20260721,0.27,0.27,0.27,0.27,50000
HSI18C2610A,20260721,0.81,0.84,0.81,0.83,4900
HSI18P2608A,20260721,0.54,0.54,0.49,0.5,24200
HSI18P2609A,20260721,0.25,0.25,0.24,0.24,3500
HSI28C2607A,20260721,0.01,0.01,0.01,0.01,200
HSI28C2607B,20260721,0.04,0.04,0.04,0.04,400
HSI28C2607C,20260721,0.08,0.15,0.08,0.15,95700
HSI28C2608A,20260721,0.13,0.14,0.13,0.13,579100
HSI28C2608B,20260721,0.26,0.3,0.26,0.29,16015000
HSI28C2608C,20260721,0.4,0.46,0.4,0.43,48111900
HSI28C2608D,20260721,0.67,0.75,0.66,0.71,9238800
HSI28C2608E,20260721,1.24,1.29,1.24,1.26,19200
HSI28C2609A,20260721,0.18,0.19,0.18,0.19,1181000
HSI28C2609B,20260721,0.74,0.79,0.73,0.77,434800
HSI28C2609C,20260721,0.37,0.4,0.37,0.39,344000
HSI28C2609E,20260721,2.34,2.34,2.34,2.34,100
HSI28C2610A,20260721,0.46,0.5,0.46,0.49,835300
HSI28C2610B,20260721,0.81,0.86,0.81,0.83,946000
HSI28C2610C,20260721,1.76,1.76,1.76,1.76,100
HSI28P2607B,20260721,0.02,0.03,0.02,0.02,792000
HSI28P2607C,20260721,0.59,0.59,0.56,0.56,200
HSI28P2608A,20260721,0.21,0.21,0.19,0.19,19505800
HSI28P2608B,20260721,0.58,0.58,0.52,0.53,51158900
HSI28P2608C,20260721,0.12,0.12,0.11,0.11,30100
HSI28P2609A,20260721,0.33,0.33,0.31,0.31,1244000
HSI28P2609B,20260721,0.16,0.16,0.16,0.16,500
HSI28P2609C,20260721,0.53,0.53,0.48,0.49,10186600
HSI28P2610A,20260721,0.33,0.33,0.3,0.31,317000
HSTECH18C2610A,20260721,1.01,1.08,1.01,1.06,9600
HSTECH18P2609A,20260721,0.47,0.47,0.46,0.47,400
HSTECH18P2610A,20260721,0.48,0.5,0.48,0.48,1100
HSTECH28C2609A,20260721,0.32,0.32,0.32,0.32,13000
HUAHON41C2612A,20260721,0.6,0.74,0.6,0.73,494100
ICHI01C2612A,20260721,0.25,0.25,0.24,0.24,1993700
ICHI13C2609A,20260721,0.12,0.12,0.11,0.12,5129200
ICHI13C2612A,20260721,0.26,0.26,0.25,0.26,2857500
ICHI19C2609T,20260721,0.19,0.19,0.17,0.18,2374400
IRPC01C2609A,20260721,0.62,0.67,0.62,0.67,1632400
IRPC01C2609B,20260721,0.27,0.3,0.27,0.3,1296900
IRPC01C2610A,20260721,0.13,0.14,0.13,0.14,8490300
IRPC01C2612A,20260721,0.26,0.29,0.26,0.28,6899100
IRPC01C2703T,20260721,0.19,0.2,0.19,0.2,5895200
IRPC01P2610A,20260721,0.07,0.07,0.07,0.07,300000
IRPC13C2608B,20260721,0.24,0.24,0.22,0.22,838700
IRPC13C2609A,20260721,0.25,0.28,0.25,0.28,1335100
IRPC13C2609B,20260721,0.12,0.13,0.12,0.13,12077800
IRPC13C2611A,20260721,0.72,0.74,0.7,0.74,284600
IRPC13C2612A,20260721,0.35,0.39,0.34,0.38,16413600
IRPC13P2610A,20260721,0.07,0.07,0.06,0.06,151400
IRPC19C2610A,20260721,0.12,0.13,0.12,0.13,2441800
IRPC19C2703T,20260721,0.41,0.43,0.41,0.43,882200
IRPC41C2609A,20260721,0.24,0.27,0.24,0.27,7099100
IRPC41C2609B,20260721,0.12,0.12,0.12,0.12,1500000
IRPC41C2702T,20260721,0.23,0.24,0.23,0.24,5600000
IRPC41C2703T,20260721,0.91,0.94,0.91,0.94,900000
ITC19C2609T,20260721,0.12,0.12,0.12,0.12,400000
IVL01C2609A,20260721,0.54,0.6,0.54,0.54,1776600
IVL01C2610A,20260721,0.34,0.34,0.32,0.32,477800
IVL01C2612A,20260721,0.17,0.18,0.17,0.18,1849400
IVL01C2706T,20260721,0.29,0.3,0.29,0.3,1073800
IVL01P2609A,20260721,0.02,0.02,0.02,0.02,100000
IVL01P2610A,20260721,0.15,0.15,0.15,0.15,1681600
IVL01P2612A,20260721,0.31,0.31,0.3,0.31,2726400
IVL13C2608A,20260721,0.13,0.14,0.13,0.14,11000
IVL13C2609A,20260721,0.2,0.21,0.2,0.21,122200
IVL13C2609B,20260721,0.07,0.07,0.07,0.07,10000
IVL13C2611A,20260721,0.58,0.62,0.58,0.6,6913600
IVL13C2612A,20260721,0.21,0.22,0.21,0.21,1030000
IVL13P2611A,20260721,0.35,0.35,0.33,0.34,3240100
IVL19C2610A,20260721,0.35,0.38,0.35,0.35,7861600
IVL19C2611A,20260721,0.62,0.67,0.62,0.64,1113300
IVL41C2608A,20260721,0.13,0.16,0.13,0.16,1500000
IVL41C2609A,20260721,0.19,0.21,0.19,0.19,4960000
IVL41C2611A,20260721,0.57,0.61,0.57,0.57,4250000
IVL41C2612A,20260721,0.2,0.21,0.2,0.21,1560000
IVL41C2702T,20260721,0.42,0.44,0.42,0.43,7649600
JAS13C2609A,20260721,0.05,0.06,0.05,0.06,2200
JAS13C2611A,20260721,0.11,0.11,0.11,0.11,10000
JAS13C2701A,20260721,0.25,0.25,0.25,0.25,52000
JAS19C2611A,20260721,0.15,0.15,0.15,0.15,108900
JAS41C2611T,20260721,0.05,0.05,0.05,0.05,545000
JD41C2612A,20260721,0.5,0.52,0.5,0.51,1000
JMART01C2610A,20260721,1.15,1.21,1.15,1.15,1718700
JMART01C2611A,20260721,0.23,0.24,0.22,0.23,9005000
JMART01C2705T,20260721,0.68,0.69,0.67,0.67,6037700
JMART01C2709T,20260721,0.49,0.5,0.48,0.48,4862400
JMART13C2608A,20260721,0.41,0.41,0.41,0.41,9000
JMART13C2610A,20260721,0.93,0.93,0.93,0.93,950400
JMART13C2611A,20260721,0.32,0.34,0.3,0.31,45060500
JMART13C2704T,20260721,0.46,0.48,0.46,0.46,12470000
JMART19C2612B,20260721,0.26,0.27,0.25,0.25,29404800
JMART41C2609T,20260721,0.39,0.39,0.36,0.36,92300
JMART41C2611A,20260721,0.29,0.31,0.29,0.29,5400000
JMART41C2706T,20260721,0.45,0.46,0.45,0.45,13102000
JMT01C2608A,20260721,0.05,0.06,0.05,0.06,61600
JMT01C2610A,20260721,0.24,0.29,0.23,0.26,12477800
JMT01C2611A,20260721,0.21,0.25,0.21,0.23,12339600
JMT01C2701T,20260721,0.51,0.56,0.5,0.53,5583200
JMT13C2608A,20260721,0.09,0.11,0.09,0.09,346100
JMT13C2610A,20260721,0.28,0.34,0.28,0.31,13889600
JMT13C2701T,20260721,0.42,0.42,0.42,0.42,5000
JMT19C2608A,20260721,0.09,0.11,0.09,0.09,14015400
JMT19C2611A,20260721,0.3,0.35,0.29,0.32,23234700
JMT41C2608A,20260721,0.1,0.1,0.1,0.1,1500000
JMT41C2610A,20260721,0.27,0.33,0.27,0.3,8370000
JMT41C2611T,20260721,0.16,0.19,0.16,0.19,6258000
JMT41C2703T,20260721,0.73,0.81,0.73,0.81,525000
KBANK01C2608A,20260721,0.23,0.23,0.15,0.17,7060200
KBANK01C2609A,20260721,1.74,1.74,1.47,1.56,822400
KBANK01C2610A,20260721,1.16,1.16,1.11,1.11,2000
KBANK01C2611A,20260721,0.45,0.45,0.38,0.4,6132000
KBANK01C2612A,20260721,0.36,0.36,0.32,0.33,12278700
KBANK01C2702T,20260721,0.44,0.44,0.41,0.41,4502100
KBANK01P2610A,20260721,0.07,0.07,0.07,0.07,10400
KBANK01P2612A,20260721,0.27,0.31,0.27,0.29,4892600
KBANK13C2609A,20260721,1.4,1.4,1.4,1.4,100000
KBANK13C2610A,20260721,0.57,0.57,0.49,0.49,9900
KBANK13C2612A,20260721,0.39,0.39,0.33,0.35,16987300
KBANK13C2704T,20260721,0.42,0.42,0.38,0.39,3104800
KBANK13P2609A,20260721,0.01,0.01,0.01,0.01,10000
KBANK13P2611A,20260721,0.17,0.2,0.17,0.19,3686900
KBANK19C2608A,20260721,0.11,0.11,0.1,0.11,10126000
KBANK19C2611A,20260721,0.37,0.37,0.29,0.31,5551900
KBANK41C2609T,20260721,1.22,1.22,1.22,1.22,10000
KBANK41C2610A,20260721,0.48,0.48,0.48,0.48,650000
KBANK41C2612A,20260721,0.37,0.37,0.31,0.33,6674000
KBANK41C2703T,20260721,0.76,0.76,0.74,0.76,10139600
KCE01C2610A,20260721,0.45,0.45,0.43,0.43,3899800
KCE01C2612A,20260721,0.34,0.35,0.33,0.33,17622000
KCE01C2705T,20260721,0.4,0.4,0.39,0.4,2359700
KCE13C2608A,20260721,2.14,2.2,2.14,2.2,2000
KCE13C2609A,20260721,0.82,0.82,0.78,0.78,1012100
KCE13C2609B,20260721,0.52,0.52,0.51,0.51,99600
KCE13C2610A,20260721,0.36,0.37,0.34,0.34,20926400
KCE13C2703T,20260721,0.46,0.47,0.45,0.45,4603800
KCE13P2608A,20260721,0.01,0.01,0.01,0.01,90200
KCE13P2610A,20260721,0.09,0.1,0.09,0.1,1742600
KCE19C2610A,20260721,0.44,0.44,0.42,0.43,2424000
KCE19C2611A,20260721,0.34,0.34,0.32,0.32,12412300
KCE19P2610A,20260721,0.09,0.09,0.08,0.08,251000
KCE41C2609A,20260721,0.8,0.8,0.8,0.8,150000
KCE41C2609T,20260721,2.08,2.08,2.08,2.08,250000
KCE41C2610A,20260721,0.34,0.35,0.33,0.33,7230000
KCE41C2702T,20260721,0.55,0.55,0.53,0.53,8513600
KKP01C2610A,20260721,2.08,2.08,1.56,1.99,1913100
KKP01C2612A,20260721,1.54,1.54,1.21,1.5,2290800
KKP01C2701A,20260721,0.62,0.62,0.48,0.59,30709300
KKP01P2612A,20260721,0.2,0.25,0.2,0.2,20049900
KKP13C2609A,20260721,1.68,1.78,1.28,1.7,871200
KKP13C2610A,20260721,1.21,1.21,0.91,1.18,2764600
KKP13C2611A,20260721,0.62,0.63,0.47,0.59,110746500
KKP13P2611A,20260721,0.16,0.21,0.16,0.16,5981700
KKP19C2609T,20260721,2.52,2.52,2.2,2.4,127300
KKP19C2701T,20260721,0.74,0.74,0.58,0.74,3368200
KKP41C2611A,20260721,0.62,0.62,0.45,0.59,15999600
KQ15018C2609A,20260721,0.1,0.11,0.09,0.1,727800
KQ15018C2609B,20260721,0.16,0.18,0.16,0.17,37100
KQ15018C2609C,20260721,0.02,0.02,0.02,0.02,10000
KQ15018P2609A,20260721,2.7,2.7,2.7,2.7,200
KQ15018P2609B,20260721,3.52,3.52,3.42,3.42,1400
KS20018C2609A,20260721,0.45,0.5,0.45,0.5,173700
KS20018C2609B,20260721,0.72,0.79,0.71,0.78,83800
KS20018C2609C,20260721,0.15,0.18,0.15,0.18,1034400
KS20018C2610A,20260721,0.19,0.23,0.19,0.23,395300
KS20018P2609A,20260721,0.92,0.92,0.83,0.83,132900
KS20018P2609B,20260721,1.38,1.38,1.38,1.38,100
KS20018P2610A,20260721,1.84,1.85,1.76,1.76,62900
KTB01C2608A,20260721,0.64,0.64,0.55,0.59,1561000
KTB01C2611A,20260721,0.39,0.39,0.34,0.37,6653300
KTB01C2701A,20260721,0.29,0.29,0.26,0.28,3986100
KTB01C2701T,20260721,0.59,0.59,0.56,0.58,4148600
KTB01P2612A,20260721,0.09,0.1,0.09,0.09,407100
KTB01P2701A,20260721,0.33,0.35,0.33,0.34,4128500
KTB13C2611A,20260721,0.47,0.47,0.4,0.42,160800
KTB13C2612A,20260721,0.35,0.36,0.31,0.34,20325200
KTB13P2611A,20260721,0.07,0.07,0.06,0.06,1530000
KTB13P2612A,20260721,0.28,0.31,0.28,0.3,2410300
KTB41C2609T,20260721,2.38,2.38,2.3,2.3,400000
KTB41C2612A,20260721,0.32,0.32,0.3,0.32,3610000
KTB41C2612T,20260721,0.83,0.83,0.79,0.81,3600000
KTB41C2702T,20260721,0.37,0.37,0.34,0.36,9475600
KTC01C2608A,20260721,0.14,0.14,0.12,0.14,1412200
KTC01C2609T,20260721,0.37,0.37,0.35,0.36,656700
KTC01C2612A,20260721,0.54,0.54,0.5,0.53,1441700
KTC13C2608A,20260721,0.15,0.15,0.12,0.14,2815500
KTC13C2612A,20260721,0.49,0.49,0.46,0.48,7416000
KTC13C2704T,20260721,0.39,0.39,0.38,0.39,419300
KTC19C2703T,20260721,0.43,0.43,0.41,0.43,1614200
KTC41C2608A,20260721,0.14,0.14,0.14,0.14,21000
KTC41C2609T,20260721,0.39,0.39,0.38,0.39,3250000
KTC41C2610A,20260721,0.57,0.57,0.57,0.57,450000
KTC41C2612A,20260721,0.46,0.46,0.45,0.46,2290000
KTC41C2612T,20260721,0.5,0.5,0.49,0.5,1306400
KTC41C2706T,20260721,0.47,0.47,0.45,0.46,2725400
KUAISH28C2610A,20260721,0.24,0.25,0.24,0.24,1315000
KUAISH41C2609T,20260721,0.12,0.13,0.12,0.12,55400
KUAISH41P2612A,20260721,0.24,0.24,0.24,0.24,1100
LENOVO41C2610A,20260721,2.7,2.7,2.7,2.7,1400
LENOVO41C2612A,20260721,0.28,0.31,0.28,0.31,1200
M01C2609A,20260721,0.01,0.01,0.01,0.01,100
M01C2611A,20260721,0.31,0.31,0.31,0.31,317400
M01C2705T,20260721,0.44,0.44,0.44,0.44,25000
M13C2608B,20260721,0.08,0.09,0.08,0.09,74100
M13C2610A,20260721,0.21,0.21,0.21,0.21,418200
M13C2612A,20260721,0.5,0.5,0.5,0.5,374200
M19C2610A,20260721,0.25,0.25,0.24,0.25,1741200
MCA5041C2609A,20260721,0.14,0.17,0.14,0.17,905200
MCA5041P2609A,20260721,0.43,0.43,0.38,0.39,49300
MEGA01C2702T,20260721,0.23,0.23,0.23,0.23,463700
MEITUA41C2609A,20260721,0.29,0.29,0.29,0.29,200
MEITUA41C2612A,20260721,0.88,0.91,0.88,0.89,39100
MINT01C2609A,20260721,0.19,0.19,0.18,0.19,2881300
MINT01C2612A,20260721,0.42,0.42,0.4,0.41,5665200
MINT01C2706T,20260721,0.26,0.26,0.26,0.26,100
MINT01P2612A,20260721,0.38,0.39,0.38,0.38,1545200
MINT13C2608A,20260721,0.05,0.05,0.05,0.05,5800
MINT13C2608B,20260721,0.06,0.06,0.06,0.06,5000
MINT13C2609A,20260721,0.35,0.35,0.33,0.34,9200500
MINT13C2611A,20260721,0.15,0.15,0.15,0.15,500
MINT13C2612A,20260721,0.64,0.64,0.61,0.62,6301000
MINT13C2704T,20260721,0.17,0.18,0.17,0.17,1222000
MINT13P2610A,20260721,0.11,0.11,0.11,0.11,1530000
MINT19C2610A,20260721,0.35,0.35,0.33,0.34,8583500
MINT19C2611A,20260721,0.15,0.15,0.15,0.15,3056600
MINT41C2611A,20260721,0.13,0.13,0.13,0.13,1980000
MINT41C2612A,20260721,0.61,0.61,0.59,0.59,125000
MINT41C2612T,20260721,0.08,0.08,0.08,0.08,200
MRDIYT01C2612A,20260721,0.16,0.16,0.15,0.16,20700
MRDIYT13C2612A,20260721,0.18,0.18,0.17,0.18,337100
MTC01C2610A,20260721,0.28,0.29,0.25,0.26,5746800
MTC01C2612A,20260721,0.32,0.33,0.29,0.3,10139700
MTC01C2706T,20260721,0.32,0.32,0.31,0.31,1357800
MTC01P2608A,20260721,0.01,0.01,0.01,0.01,499900
MTC01P2612A,20260721,0.27,0.29,0.27,0.29,5438900
MTC13C2608A,20260721,0.12,0.12,0.1,0.1,2836200
MTC13C2610A,20260721,0.4,0.42,0.38,0.38,3189100
MTC13C2612A,20260721,0.29,0.3,0.26,0.27,23518000
MTC13P2612A,20260721,0.31,0.33,0.31,0.33,465700
MTC19C2608A,20260721,0.11,0.11,0.08,0.08,1639500
MTC19C2610A,20260721,0.38,0.38,0.38,0.38,264000
MTC19C2611A,20260721,0.29,0.31,0.28,0.29,4571200
MTC41C2608A,20260721,0.12,0.14,0.11,0.11,630000
MTC41C2610A,20260721,0.39,0.41,0.35,0.37,2247100
MTC41C2611T,20260721,0.08,0.09,0.07,0.09,2000
MTC41C2612A,20260721,0.28,0.28,0.26,0.26,2292200
MTC41C2612T,20260721,0.3,0.31,0.28,0.28,15745300
MTC41C2703T,20260721,0.26,0.26,0.25,0.25,5405000
NDX28C2609B,20260721,0.38,0.43,0.38,0.43,1508700
NDX28P2609A,20260721,0.34,0.35,0.34,0.34,180000
NDX28P2609B,20260721,0.65,0.65,0.62,0.62,61000
NDX41C2609A,20260721,0.5,0.55,0.5,0.54,1329000
NDX41C2609B,20260721,0.11,0.13,0.11,0.13,513200
NDX41P2609A,20260721,0.45,0.45,0.43,0.43,671000
NDX41P2609B,20260721,0.93,0.93,0.87,0.87,399300
NDX41P2609T,20260721,0.14,0.14,0.14,0.14,900
NIKKEI18C2609A,20260721,0.61,0.66,0.61,0.66,40800
NIKKEI18C2609B,20260721,0.4,0.44,0.4,0.44,900
NIKKEI18C2609C,20260721,0.24,0.26,0.24,0.26,125200
NIKKEI18P2609A,20260721,0.22,0.22,0.19,0.19,121100
NIKKEI18P2609B,20260721,0.37,0.37,0.37,0.37,400
NIKKEI18P2612B,20260721,1.41,1.41,1.41,1.41,100
NIKKEI28C2609B,20260721,1.18,1.25,1.18,1.25,260100
NIKKEI28C2609C,20260721,0.72,0.8,0.72,0.79,289200
NIKKEI28C2609D,20260721,0.4,0.46,0.4,0.45,3083100
NIKKEI28C2612A,20260721,0.25,0.27,0.25,0.27,66900
NIKKEI28C2612B,20260721,0.43,0.47,0.43,0.47,73000
NIKKEI28C2612C,20260721,0.72,0.77,0.72,0.77,621700
NIKKEI28C2612D,20260721,1.18,1.2,1.18,1.2,30500
NIKKEI28P2609A,20260721,0.72,0.72,0.66,0.67,11456000
NIKKEI28P2609B,20260721,0.46,0.46,0.42,0.42,790100
NIKKEI28P2609C,20260721,0.28,0.28,0.25,0.25,203100
NIKKEI28P2609D,20260721,0.19,0.19,0.17,0.17,9200
NIKKEI28P2612A,20260721,1.96,1.96,1.96,1.96,500
NIKKEI28P2612C,20260721,0.87,0.87,0.83,0.83,1100
NIKKEI28P2612D,20260721,0.54,0.54,0.51,0.51,3600
NIKKEI41C2609A,20260721,1.61,1.72,1.61,1.72,800
NIKKEI41C2609B,20260721,1.26,1.35,1.26,1.35,400
NIKKEI41C2609C,20260721,1,1.11,1,1.09,81200
NIKKEI41C2612A,20260721,1.01,1.01,1.01,1.01,100
NIKKEI41C2612B,20260721,0.65,0.7,0.65,0.7,1100
NIKKEI41C2612C,20260721,0.44,0.46,0.44,0.46,200
NIKKEI41P2609A,20260721,0.21,0.21,0.2,0.2,2900
NIKKEI41P2609B,20260721,0.15,0.15,0.14,0.14,60900
NIKKEI41P2609C,20260721,0.13,0.13,0.11,0.11,47100
NIKKEI41P2612A,20260721,0.83,0.83,0.83,0.83,71400
NIKKEI41P2612B,20260721,1.18,1.18,1.17,1.17,55700
NIKKEI41P2612C,20260721,1.75,1.75,1.75,1.75,600
OR01C2609A,20260721,0.14,0.14,0.13,0.13,2897000
OR01C2705T,20260721,0.22,0.22,0.22,0.22,90100
OR13C2608B,20260721,0.03,0.03,0.03,0.03,100
OR13C2611A,20260721,0.27,0.27,0.25,0.26,4178000
OR19C2611A,20260721,0.28,0.28,0.27,0.27,1318700
OR41C2608T,20260721,0.14,0.15,0.14,0.14,4100000
OSP01C2609A,20260721,0.32,0.32,0.32,0.32,208000
OSP01C2612A,20260721,0.31,0.31,0.29,0.3,1090200
OSP13C2608A,20260721,0.11,0.11,0.11,0.11,217400
OSP13C2610A,20260721,0.47,0.47,0.45,0.45,2200
OSP13C2611A,20260721,0.27,0.27,0.26,0.27,1343800
OSP41C2701T,20260721,0.41,0.41,0.39,0.39,600000
PLANB13C2608A,20260721,0.17,0.17,0.17,0.17,400
PLANB13C2612A,20260721,0.34,0.35,0.34,0.35,1884000
PLANB19C2612A,20260721,0.24,0.24,0.24,0.24,231000
PLANB41C2610A,20260721,0.9,0.93,0.9,0.93,1920000
PLANB41C2612T,20260721,0.29,0.29,0.29,0.29,600000
POPMAR28C2610A,20260721,0.21,0.22,0.2,0.22,1450000
POPMAR41C2609T,20260721,0.25,0.26,0.24,0.26,2400
POPMAR41C2610A,20260721,0.26,0.28,0.25,0.27,72000
PR901C2612A,20260721,0.29,0.29,0.29,0.29,997200
PR913C2610A,20260721,0.28,0.28,0.28,0.28,60700
PR941C2702T,20260721,0.33,0.33,0.33,0.33,1200000
PRM01C2609A,20260721,0.33,0.34,0.31,0.31,1650900
PRM01C2702T,20260721,0.44,0.44,0.43,0.43,1636100
PRM19C2701T,20260721,0.55,0.56,0.54,0.54,3875600
PRM41C2612T,20260721,0.7,0.71,0.7,0.71,1600000
PTG01C2611A,20260721,0.16,0.16,0.15,0.15,2141700
PTG01C2701A,20260721,0.33,0.33,0.3,0.31,2715500
PTG01C2704T,20260721,0.21,0.21,0.21,0.21,100
PTG13C2608B,20260721,0.01,0.01,0.01,0.01,1000000
PTG13C2610A,20260721,0.16,0.16,0.15,0.15,2039500
PTG13C2612A,20260721,0.36,0.36,0.33,0.34,4469600
PTG41C2701T,20260721,0.19,0.19,0.19,0.19,3000000
PTT01C2611A,20260721,0.15,0.16,0.15,0.16,2148600
PTT01C2705T,20260721,0.23,0.25,0.23,0.25,53200
PTT13C2608A,20260721,0.02,0.02,0.02,0.02,1000100
PTT13C2609A,20260721,0.16,0.19,0.16,0.19,8341700
PTT13C2612A,20260721,0.27,0.29,0.26,0.29,12586400
PTT13C2701T,20260721,0.32,0.34,0.32,0.32,60500
PTT19C2612T,20260721,0.45,0.45,0.45,0.45,6700
PTT19C2701T,20260721,0.29,0.31,0.28,0.31,1206200
PTTEP01C2608A,20260721,0.06,0.06,0.06,0.06,40000
PTTEP01C2609A,20260721,0.05,0.05,0.05,0.05,2300
PTTEP01C2611A,20260721,0.34,0.35,0.34,0.34,2271100
PTTEP01C2612A,20260721,0.64,0.65,0.64,0.64,2528700
PTTEP01C2703T,20260721,0.4,0.41,0.4,0.41,1380400
PTTEP01P2608A,20260721,0.01,0.01,0.01,0.01,100
PTTEP01P2610A,20260721,0.4,0.4,0.39,0.39,2668100
PTTEP01P2612A,20260721,0.44,0.44,0.43,0.43,1509500
PTTEP01P2703T,20260721,0.41,0.41,0.41,0.41,20300
PTTEP13C2608A,20260721,0.11,0.11,0.1,0.1,916600
PTTEP13C2611A,20260721,0.37,0.38,0.36,0.37,10496800
PTTEP13C2611B,20260721,0.61,0.61,0.61,0.61,421500
PTTEP13P2609A,20260721,0.17,0.17,0.17,0.17,1023500
PTTEP13P2612A,20260721,0.53,0.53,0.53,0.53,1350000
PTTEP19C2608A,20260721,0.02,0.02,0.02,0.02,412000
PTTEP19C2701T,20260721,0.41,0.41,0.4,0.4,315200
PTTEP41C2608A,20260721,0.1,0.11,0.1,0.1,1050000
PTTEP41C2611A,20260721,0.35,0.36,0.35,0.35,2760000
PTTEP41C2611B,20260721,0.59,0.6,0.59,0.59,750000
PTTEP41C2703T,20260721,0.37,0.37,0.37,0.37,2740000
PTTGC01C2609A,20260721,0.06,0.07,0.06,0.06,734300
PTTGC01C2611A,20260721,0.26,0.26,0.25,0.26,2585200
PTTGC01C2704T,20260721,0.25,0.27,0.25,0.26,1487800
PTTGC01P2610A,20260721,0.17,0.17,0.16,0.16,3072500
PTTGC13C2608A,20260721,0.1,0.12,0.1,0.12,1395600
PTTGC13C2609A,20260721,0.1,0.11,0.1,0.11,5039300
PTTGC13C2611A,20260721,0.32,0.34,0.3,0.34,14454800
PTTGC13C2704T,20260721,0.33,0.34,0.33,0.34,3746600
PTTGC13P2610A,20260721,0.16,0.16,0.15,0.15,996300
PTTGC13P2611A,20260721,0.17,0.17,0.16,0.16,1415200
PTTGC19C2609A,20260721,0.12,0.13,0.12,0.13,639200
PTTGC19C2611A,20260721,0.3,0.33,0.3,0.33,9075400
PTTGC41C2608A,20260721,0.11,0.12,0.11,0.12,1800000
PTTGC41C2609A,20260721,0.1,0.11,0.1,0.11,1125000
PTTGC41C2611A,20260721,0.28,0.31,0.28,0.31,6102000
PTTGC41C2611T,20260721,0.31,0.33,0.31,0.33,8432000
PTTGC41C2612T,20260721,0.64,0.66,0.64,0.66,3500000
PTTGC41C2702T,20260721,0.25,0.26,0.25,0.26,2402000
RATCH01C2707T,20260721,0.27,0.29,0.27,0.29,3150100
RATCH13C2612A,20260721,0.37,0.41,0.37,0.41,8991200
RCL01C2608A,20260721,0.07,0.11,0.07,0.11,9294700
RCL01C2610T,20260721,0.36,0.42,0.36,0.41,4447300
RCL01C2612A,20260721,0.22,0.27,0.21,0.27,4900700
RCL13C2608A,20260721,0.03,0.04,0.03,0.04,22000
RCL13C2610A,20260721,0.24,0.31,0.24,0.31,12979400
RCL19C2609A,20260721,0.1,0.14,0.1,0.14,3730500
RCL19C2611A,20260721,0.28,0.34,0.28,0.34,6642600
RCL41C2608T,20260721,0.64,0.74,0.64,0.72,1350000
RCL41C2610A,20260721,0.22,0.29,0.22,0.29,4942900
RCL41C2612T,20260721,0.26,0.3,0.26,0.29,10700000
SAWAD01C2609B,20260721,0.24,0.24,0.21,0.21,3119000
SAWAD01C2611A,20260721,0.65,0.65,0.6,0.6,589100
SAWAD01C2612A,20260721,0.2,0.2,0.18,0.19,1238600
SAWAD01C2704T,20260721,0.25,0.25,0.24,0.24,1066700
SAWAD01P2611A,20260721,0.2,0.22,0.2,0.21,1479600
SAWAD13C2610A,20260721,0.6,0.6,0.57,0.58,135000
SAWAD13C2612A,20260721,0.24,0.24,0.22,0.23,2648600
SAWAD13P2608A,20260721,0.01,0.01,0.01,0.01,1000
SAWAD13P2611A,20260721,0.25,0.27,0.25,0.26,1096000
SAWAD19C2611A,20260721,0.9,0.9,0.9,0.9,20000
SAWAD19C2612A,20260721,0.24,0.24,0.23,0.23,955000
SAWAD41C2609A,20260721,0.22,0.22,0.18,0.18,450000
SAWAD41C2610A,20260721,0.57,0.57,0.54,0.56,1171000
SAWAD41C2610T,20260721,0.27,0.27,0.25,0.26,2786400
SAWAD41C2612A,20260721,0.23,0.23,0.21,0.21,1920000
SAWAD41P2608A,20260721,0.01,0.01,0.01,0.01,900
SCB01C2608A,20260721,0.12,0.12,0.06,0.06,917700
SCB01C2610A,20260721,0.61,0.62,0.47,0.5,7161700
SCB01C2612A,20260721,0.5,0.5,0.4,0.42,13740300
SCB01C2703T,20260721,0.46,0.46,0.4,0.41,6511600
SCB01P2610A,20260721,0.08,0.08,0.07,0.07,7400
SCB01P2612A,20260721,0.38,0.45,0.38,0.43,7692500
SCB13C2609A,20260721,0.42,0.42,0.3,0.32,1226000
SCB13C2612A,20260721,0.49,0.5,0.39,0.42,60224000
SCB13P2611A,20260721,0.18,0.23,0.18,0.21,6174800
SCB19C2612T,20260721,0.6,0.6,0.51,0.53,2009200
SCB41C2609A,20260721,0.37,0.37,0.34,0.35,612800
SCB41C2609T,20260721,0.86,0.86,0.74,0.77,26580000
SCB41C2612A,20260721,0.48,0.48,0.37,0.4,11732200
SCC01C2609A,20260721,1.61,1.61,1.54,1.54,396000
SCC01C2609B,20260721,0.53,0.54,0.52,0.53,770100
SCC01C2610A,20260721,0.5,0.5,0.47,0.47,3943400
SCC01C2704T,20260721,0.54,0.54,0.54,0.54,1114900
SCC01P2610A,20260721,0.1,0.1,0.1,0.1,880000
SCC13C2609A,20260721,0.23,0.23,0.22,0.22,10985100
SCC13C2612A,20260721,0.55,0.55,0.53,0.53,8123200
SCC13P2612A,20260721,0.41,0.41,0.41,0.41,1436000
SCC19C2610A,20260721,0.4,0.4,0.38,0.38,8825000
SCC41C2609A,20260721,0.21,0.22,0.21,0.21,780000
SCC41C2611T,20260721,0.33,0.33,0.33,0.33,3600000
SCC41C2612A,20260721,0.51,0.52,0.5,0.5,3528000
SCGP01C2608A,20260721,1.26,1.36,1.05,1.15,649500
SCGP01C2609A,20260721,2.02,2.16,1.79,1.85,169800
SCGP01C2610A,20260721,0.26,0.3,0.21,0.24,15421000
SCGP01C2706T,20260721,0.56,0.59,0.53,0.54,3213200
SCGP01P2608A,20260721,0.01,0.01,0.01,0.01,500000
SCGP01P2610A,20260721,0.05,0.06,0.05,0.06,1140000
SCGP01P2612A,20260721,0.26,0.29,0.25,0.28,3610800
SCGP13C2609A,20260721,0.22,0.26,0.19,0.21,6295500
SCGP13C2612A,20260721,0.35,0.37,0.3,0.32,19513700
SCGP13C2704T,20260721,0.25,0.26,0.22,0.24,8032400
SCGP13P2611A,20260721,0.2,0.22,0.19,0.21,3896700
SCGP19C2610A,20260721,0.34,0.37,0.28,0.32,1453400
SCGP41C2608A,20260721,2.08,2.22,1.82,1.95,700400
SCGP41C2612A,20260721,0.33,0.36,0.29,0.32,7758100
SCGP41C2706T,20260721,0.36,0.38,0.34,0.34,6800000
SET01C2608A,20260721,0.88,0.88,0.76,0.86,552900
SET01C2610A,20260721,1.06,1.06,0.97,1.06,6321200
SET01C2611A,20260721,0.67,0.67,0.6,0.65,1563400
SET01C2703T,20260721,1.1,1.1,1.09,1.1,15800
SET01C2706L,20260721,2.3,2.3,2.3,2.3,500
SET01P2608A,20260721,0.01,0.02,0.01,0.02,5513200
SET01P2610A,20260721,0.08,0.08,0.08,0.08,274700
SET01P2611A,20260721,0.22,0.24,0.21,0.22,1247300
SET01P2612A,20260721,0.56,0.6,0.56,0.57,3478900
SET01P2703T,20260721,0.61,0.62,0.59,0.59,198800
SET01P2706L,20260721,1.09,1.1,1.08,1.08,4700
SET5001C2608A,20260721,0.9,0.9,0.82,0.89,87000
SET5001C2609F,20260721,1.32,1.32,1.22,1.29,9926700
SET5001C2609G,20260721,0.67,0.67,0.61,0.66,13426300
SET5001C2611A,20260721,0.94,0.94,0.86,0.92,2514100
SET5001P2609F,20260721,0.04,0.04,0.04,0.04,12000
SET5001P2609G,20260721,0.1,0.11,0.1,0.1,20900
SET5001P2609H,20260721,0.2,0.22,0.2,0.2,2822200
SET5001P2610A,20260721,0.11,0.12,0.11,0.11,119400
SET5001P2611A,20260721,0.38,0.41,0.37,0.37,7555800
SET5013C2609A,20260721,1.38,1.4,1.26,1.36,44644700
SET5013C2609B,20260721,0.95,0.96,0.87,0.93,446743000
SET5013C2609C,20260721,0.64,0.65,0.59,0.63,239813600
SET5013C2609D,20260721,2.16,2.18,1.97,2.12,4393500
SET5013C2609E,20260721,0.57,0.58,0.53,0.56,179764000
SET5013C2609F,20260721,0.44,0.44,0.39,0.43,155946600
SET5013P2609A,20260721,0.03,0.04,0.03,0.04,129100
SET5013P2609B,20260721,0.05,0.06,0.04,0.05,9176500
SET5013P2609C,20260721,0.08,0.09,0.08,0.09,4454800
SET5013P2609D,20260721,0.14,0.15,0.13,0.13,18972500
SET5013P2609E,20260721,0.18,0.2,0.18,0.18,9272600
SET5013P2609F,20260721,0.3,0.33,0.29,0.29,94779200
SET5013P2609G,20260721,0.42,0.46,0.41,0.42,235880200
SET5013P2609H,20260721,0.66,0.71,0.64,0.65,299340100
SET5013P2609I,20260721,1.02,1.11,1.01,1.02,118004800
SET5013P2609X,20260721,1.78,1.81,1.77,1.8,1287000
SET5019C2609A,20260721,1.02,1.08,1.02,1.08,30400
SET5019C2609B,20260721,0.85,0.86,0.78,0.86,912900
SET5019C2609C,20260721,0.9,0.9,0.81,0.88,1988100
SET5019C2609D,20260721,0.75,0.77,0.68,0.76,10679400
SET5019P2609A,20260721,0.13,0.13,0.12,0.12,302100
SET5019P2609B,20260721,0.08,0.08,0.08,0.08,302000
SET5019P2609C,20260721,0.11,0.11,0.11,0.11,100000
SET5019P2609D,20260721,0.18,0.19,0.17,0.18,41865600
SET5019P2609E,20260721,0.17,0.19,0.16,0.16,30790000
SET5019P2609F,20260721,0.32,0.35,0.31,0.31,14498900
SET5019P2609G,20260721,0.51,0.55,0.51,0.51,27456300
SET5041C2609B,20260721,0.9,0.93,0.88,0.93,2018700
SET5041C2609C,20260721,0.63,0.64,0.58,0.63,7603200
SET5041C2609D,20260721,1.93,1.93,1.93,1.93,100
SET5041C2609E,20260721,0.55,0.55,0.5,0.54,7271100
SET5041C2609F,20260721,0.39,0.4,0.36,0.4,1821700
SET5041C2609T,20260721,1.66,1.66,1.61,1.64,60900
SET5041C2609U,20260721,0.5,0.52,0.49,0.52,50500
SET5041P2609A,20260721,0.03,0.03,0.03,0.03,1000
SET5041P2609C,20260721,0.08,0.08,0.08,0.08,4000
SET5041P2609E,20260721,0.16,0.16,0.15,0.16,30600
SET5041P2609F,20260721,0.29,0.31,0.28,0.28,16000
SET5041P2609G,20260721,0.4,0.43,0.4,0.4,47407800
SET5041P2609H,20260721,0.69,0.73,0.68,0.68,8313200
SET5041P2609T,20260721,0.02,0.02,0.02,0.02,100
SIRI13C2612A,20260721,0.26,0.26,0.26,0.26,2733000
SISB13C2610A,20260721,0.1,0.1,0.09,0.09,374600
SISB13C2611A,20260721,0.42,0.42,0.4,0.4,658000
SISB13C2704T,20260721,0.32,0.32,0.31,0.31,3272400
SISB19C2612A,20260721,0.16,0.16,0.15,0.15,500400
SJWD13C2608A,20260721,0.11,0.17,0.11,0.15,1925700
SJWD13C2704T,20260721,0.37,0.42,0.37,0.4,3816400
SJWD19C2609T,20260721,0.05,0.05,0.05,0.05,100
SJWD19C2703T,20260721,0.43,0.48,0.43,0.47,2656500
SPRC01C2610A,20260721,0.51,0.63,0.51,0.63,3842100
SPRC01C2612A,20260721,0.41,0.49,0.41,0.49,3739900
SPRC01C2703T,20260721,0.4,0.44,0.4,0.44,3142800
SPRC13C2608A,20260721,0.15,0.23,0.15,0.23,6294800
SPRC13C2612A,20260721,0.54,0.64,0.53,0.64,14284600
SPRC13C2612B,20260721,0.34,0.42,0.34,0.42,20380700
SPRC13C2704T,20260721,0.5,0.56,0.5,0.56,7385900
SPRC41C2608A,20260721,0.15,0.22,0.15,0.22,3210000
SPRC41C2612A,20260721,0.52,0.62,0.52,0.62,2550000
SPRC41C2612T,20260721,0.96,1.03,0.96,1.03,4350000
SPRC41C2706T,20260721,0.52,0.57,0.52,0.57,6900000
SPX28C2609B,20260721,0.36,0.37,0.36,0.37,400
SPX41C2609A,20260721,0.42,0.43,0.42,0.43,50100
STA01C2609A,20260721,0.15,0.15,0.14,0.14,5033100
STA01C2610A,20260721,0.12,0.12,0.11,0.11,5091200
STA01C2612A,20260721,0.39,0.4,0.38,0.38,3879500
STA13C2608A,20260721,0.2,0.21,0.19,0.2,1690700
STA13C2610A,20260721,0.16,0.16,0.15,0.15,1226000
STA13C2611A,20260721,0.36,0.37,0.35,0.36,4711600
STA19C2610A,20260721,0.16,0.17,0.16,0.16,1024800
STA19C2612A,20260721,0.59,0.6,0.57,0.59,685600
STA41C2611A,20260721,0.35,0.35,0.34,0.34,2880000
STA41C2612T,20260721,0.35,0.35,0.33,0.34,7520500
STECON01C2609A,20260721,0.53,0.67,0.53,0.67,6599200
STECON01C2611A,20260721,0.41,0.51,0.41,0.51,7028200
STECON01P2611A,20260721,0.46,0.46,0.38,0.38,4610600
STECON13C2609A,20260721,0.69,0.78,0.65,0.78,837400
STECON13C2610A,20260721,0.42,0.52,0.4,0.52,22941900
STECON13P2611A,20260721,0.37,0.39,0.34,0.35,3745400
STECON19C2611A,20260721,0.48,0.59,0.46,0.59,7239800
STECON41C2610A,20260721,0.38,0.48,0.38,0.48,8291000
STECON41C2706T,20260721,0.24,0.27,0.24,0.27,1800000
STGT01C2608A,20260721,0.07,0.09,0.07,0.07,4800
STGT01C2610A,20260721,0.05,0.05,0.05,0.05,496000
STGT01C2612A,20260721,0.18,0.18,0.18,0.18,200000
STGT13C2610A,20260721,0.08,0.08,0.08,0.08,384900
STGT13C2611A,20260721,0.19,0.19,0.18,0.18,660400
STGT19C2609A,20260721,0.15,0.15,0.14,0.15,847300
STGT19C2610A,20260721,0.07,0.07,0.07,0.07,23000
STGT41C2611A,20260721,0.16,0.17,0.16,0.17,1800000
STGT41C2612T,20260721,0.49,0.5,0.49,0.49,400000
SUNNY41C2610A,20260721,0.09,0.1,0.09,0.1,18300
TCAP01C2612A,20260721,0.56,0.56,0.46,0.51,10496900
TCAP13C2609A,20260721,0.82,0.83,0.71,0.72,663600
TCAP13C2612A,20260721,0.65,0.66,0.54,0.61,10246100
TENCEN28C2610A,20260721,0.11,0.11,0.11,0.11,2200000
TENCEN28C2610B,20260721,0.26,0.27,0.26,0.27,2707000
TENCEN41C2610A,20260721,0.23,0.24,0.23,0.24,61800
TENCEN41C2612A,20260721,0.61,0.62,0.61,0.61,3200
TENCEN41P2610A,20260721,0.17,0.17,0.17,0.17,400
TFG13C2609A,20260721,0.38,0.38,0.34,0.34,164500
TFG13C2610A,20260721,0.16,0.17,0.16,0.17,1122100
TFG19C2610A,20260721,0.15,0.15,0.15,0.15,538400
TFG41C2610A,20260721,0.14,0.14,0.14,0.14,3000000
TFG41C2612T,20260721,2.06,2.06,2.06,2.06,20000
THAI01C2612A,20260721,0.18,0.18,0.18,0.18,344900
THAI13C2612A,20260721,0.18,0.2,0.18,0.19,1968800
THCOM01C2612A,20260721,0.21,0.21,0.2,0.2,382200
THCOM13C2612A,20260721,0.27,0.27,0.26,0.26,891700
TIDLOR01C2609A,20260721,0.55,0.57,0.5,0.5,4238900
TIDLOR01C2610T,20260721,0.19,0.19,0.17,0.17,2210900
TIDLOR01C2611A,20260721,0.46,0.47,0.42,0.43,7096200
TIDLOR01C2706T,20260721,0.36,0.36,0.35,0.35,2851000
TIDLOR01P2611A,20260721,0.24,0.26,0.24,0.26,3444200
TIDLOR13C2608A,20260721,0.26,0.26,0.25,0.25,410000
TIDLOR13C2611A,20260721,0.46,0.47,0.42,0.43,14040500
TIDLOR13C2701T,20260721,0.37,0.37,0.34,0.34,3810200
TIDLOR13P2611A,20260721,0.42,0.45,0.42,0.44,1498800
TIDLOR19C2609T,20260721,0.14,0.14,0.12,0.13,7334200
TIDLOR19C2612T,20260721,0.56,0.57,0.52,0.53,5547500
TIDLOR41C2608A,20260721,0.3,0.3,0.3,0.3,150000
TIDLOR41C2612T,20260721,0.25,0.25,0.23,0.23,3700700
TISCO13C2609A,20260721,0.31,0.33,0.27,0.3,594200
TISCO13C2612A,20260721,0.4,0.4,0.32,0.35,12254600
TISCO13C2704T,20260721,0.4,0.4,0.36,0.38,3499900
TLI01C2609A,20260721,0.19,0.19,0.19,0.19,800000
TLI13C2609A,20260721,0.2,0.2,0.2,0.2,571200
TLI13C2612A,20260721,0.23,0.23,0.23,0.23,766500
TLI41C2609A,20260721,0.19,0.19,0.19,0.19,600000
TOA01C2702T,20260721,0.33,0.33,0.31,0.31,982800
TOA13C2611A,20260721,0.49,0.49,0.47,0.47,1819500
TOA19C2701T,20260721,0.49,0.5,0.48,0.48,1367700
TOP01C2608A,20260721,0.28,0.36,0.26,0.36,5699400
TOP01C2609A,20260721,0.16,0.2,0.15,0.19,3140400
TOP01C2610A,20260721,0.84,0.99,0.84,0.99,6619400
TOP01C2612A,20260721,0.61,0.7,0.6,0.7,9129100
TOP01C2701T,20260721,0.72,0.78,0.71,0.78,11560900
TOP01P2701A,20260721,0.27,0.27,0.23,0.23,5027400
TOP13C2608A,20260721,0.25,0.32,0.23,0.31,1194400
TOP13C2612A,20260721,0.87,1,0.87,1,673700
TOP13C2612B,20260721,0.59,0.67,0.56,0.67,37211200
TOP13P2612A,20260721,0.2,0.2,0.17,0.17,4508800
TOP19C2608A,20260721,0.51,0.51,0.51,0.51,1000
TOP19C2612B,20260721,0.47,0.57,0.47,0.57,20289000
TOP19C2612T,20260721,1.56,1.64,1.54,1.64,1700
TOP41C2608A,20260721,0.21,0.31,0.21,0.31,2567400
TOP41C2609A,20260721,0.93,1.02,0.93,1.02,310600
TOP41C2609T,20260721,1.96,2,1.96,2,1000000
TOP41C2611A,20260721,1.24,1.34,1.24,1.34,600000
TOP41C2611T,20260721,1.06,1.12,1.06,1.12,3550000
TOP41C2612A,20260721,0.86,0.95,0.84,0.95,3324200
TOP41C2703T,20260721,0.6,0.64,0.59,0.64,16822000
TRIPDC41C2609A,20260721,0.02,0.03,0.02,0.03,48000
TRUE01C2608A,20260721,0.01,0.01,0.01,0.01,100100
TRUE01C2610A,20260721,0.15,0.15,0.15,0.15,208200
TRUE01C2612A,20260721,0.3,0.32,0.3,0.31,928400
TRUE01C2703T,20260721,0.25,0.25,0.25,0.25,4000
TRUE01P2610A,20260721,0.11,0.11,0.1,0.1,200
TRUE01P2612A,20260721,0.28,0.28,0.26,0.26,200200
TRUE13C2608A,20260721,0.01,0.01,0.01,0.01,120100
TRUE13C2610A,20260721,0.15,0.16,0.15,0.15,1651400
TRUE13C2611A,20260721,0.34,0.37,0.34,0.35,2831400
TRUE13P2611A,20260721,0.27,0.27,0.26,0.26,814200
TRUE19C2610A,20260721,0.16,0.18,0.16,0.17,704700
TRUE19C2611A,20260721,0.33,0.35,0.33,0.34,600100
TRUE41C2611A,20260721,0.32,0.34,0.32,0.33,1200000
TRUE41C2612T,20260721,0.28,0.29,0.28,0.29,1150000
TRUE41C2702T,20260721,0.2,0.2,0.2,0.2,250000
TTB01C2608A,20260721,0.47,0.47,0.33,0.39,1069000
TTB01C2612A,20260721,0.38,0.39,0.3,0.35,3174500
TTB01C2707T,20260721,0.26,0.26,0.24,0.25,3875900
TTB13C2608A,20260721,0.4,0.4,0.21,0.34,14100
TTB13C2609A,20260721,0.6,0.6,0.6,0.6,600
TTB13C2612A,20260721,0.47,0.47,0.35,0.44,4351100
TTB13C2612B,20260721,0.3,0.3,0.22,0.27,34500600
TU01C2612A,20260721,0.17,0.17,0.17,0.17,5000
TU13C2611A,20260721,0.16,0.16,0.15,0.15,645700
TU41C2611A,20260721,0.14,0.14,0.14,0.14,242200
VGI01C2608A,20260721,0.02,0.02,0.02,0.02,10000
VGI01C2609A,20260721,0.12,0.15,0.12,0.14,5461300
VGI01C2611A,20260721,0.3,0.35,0.29,0.33,6509400
VGI01P2611A,20260721,0.17,0.17,0.15,0.15,1773800
VGI13C2608B,20260721,0.02,0.02,0.02,0.02,270500
VGI13C2609A,20260721,0.17,0.21,0.17,0.21,5698600
VGI13C2610A,20260721,0.18,0.22,0.18,0.21,7861500
VGI13C2612A,20260721,0.34,0.39,0.34,0.38,20406800
VGI13P2611A,20260721,0.23,0.23,0.21,0.21,2890500
VGI19C2609A,20260721,0.13,0.17,0.12,0.16,2710700
VGI19C2610B,20260721,0.22,0.25,0.21,0.25,6125400
VGI19C2610T,20260721,0.04,0.04,0.04,0.04,500000
VGI41C2610A,20260721,0.17,0.2,0.17,0.2,4845100
VGI41C2703T,20260721,0.31,0.34,0.31,0.32,4273500
VN3018C2609A,20260721,0.15,0.15,0.14,0.14,80000
VN3018P2608A,20260721,0.57,0.59,0.57,0.57,80800
WHA01C2608A,20260721,0.37,0.37,0.33,0.33,762600
WHA01C2610T,20260721,1.08,1.08,1.05,1.05,319300
WHA01C2611A,20260721,0.16,0.16,0.15,0.15,2616800
WHA01C2705T,20260721,0.39,0.4,0.37,0.38,2075300
WHA01P2608A,20260721,0.02,0.02,0.02,0.02,10000
WHA13C2611A,20260721,0.25,0.25,0.23,0.23,6436100
WHA13P2611A,20260721,0.13,0.13,0.13,0.13,1241200
WHA19C2701A,20260721,0.32,0.32,0.3,0.31,1466600
WHA41C2611A,20260721,0.23,0.23,0.21,0.22,2930000
WHA41C2702T,20260721,0.22,0.23,0.22,0.22,2120000
WHAUP01C2612A,20260721,0.34,0.34,0.31,0.31,3795800
WHAUP01C2612B,20260721,0.32,0.32,0.3,0.3,4177500
WHAUP01P2612A,20260721,0.42,0.43,0.41,0.43,2037900
WHAUP13C2612A,20260721,0.43,0.44,0.4,0.4,2732800
WHAUP13C2612B,20260721,0.28,0.28,0.26,0.26,1939600
WHAUP13P2612A,20260721,0.41,0.43,0.41,0.43,1378700
WUXI41C2609A,20260721,0.17,0.19,0.17,0.19,101000
XIAOMI28C2612A,20260721,0.47,0.5,0.47,0.47,1299200
XIAOMI41C2609T,20260721,0.1,0.1,0.09,0.09,10100
XIAOMI41C2610A,20260721,0.25,0.27,0.25,0.25,160100
XIAOMI41C2612A,20260721,0.94,0.98,0.92,0.93,2800
ZIJIN41C2610A,20260721,0.13,0.17,0.13,0.17,59800
A5-W5-O,20260721,0.08,0.08,0.08,0.08,60
ACC-W2-O,20260721,0.02,0.06,0.02,0.06,34
ASW-W3-O,20260721,0.91,0.91,0.91,0.91,25
BC-W4-O,20260721,0.04,0.04,0.04,0.04,38
BWG-W7-O,20260721,0.02,0.02,0.02,0.02,412
BWG-W8-O,20260721,0.04,0.04,0.03,0.03,1371
CHASE-W1-O,20260721,0.25,0.25,0.25,0.25,40
CHAYO-W4-O,20260721,0.2,0.25,0.2,0.25,173
CIG-W10-O,20260721,0.22,0.22,0.22,0.22,24
DEMCO-W8-O,20260721,0.82,1.71,0.64,1.71,151
EA-W1-O,20260721,0.66,0.68,0.62,0.64,476
EMPIRE-W2-O,20260721,0.01,0.01,0.01,0.01,20
IROYAL-W1-O,20260721,1.58,1.7,0.35,1.64,320
ITEL-W6-O,20260721,0.28,0.28,0.28,0.28,225
ITTHI-W1-O,20260721,0.71,0.74,0.71,0.74,35
IVF-W1-O,20260721,0.19,0.19,0.19,0.19,81
JAS-W4-O,20260721,0.15,0.16,0.14,0.16,549
KUN-W4-O,20260721,0.06,0.06,0.05,0.05,98
MMM-W1-O,20260721,0.25,1.92,0.25,1.87,430
NOBLE-W3-O,20260721,0.01,0.01,0.01,0.01,50
ORI-W2-O,20260721,0.26,0.28,0.26,0.27,499
PANEL-W1-O,20260721,0.14,0.14,0.14,0.14,10
PLANET-W2-O,20260721,0.17,0.17,0.17,0.17,10
PRG-W4-O,20260721,5.55,5.55,5.55,5.55,1
PROEN-W2-O,20260721,0.09,0.1,0.09,0.09,246
PSTC-W3-O,20260721,0.03,0.04,0.03,0.04,188
QDC-W3-O,20260721,0.06,0.06,0.04,0.04,73
SAAM-W3-O,20260721,0.11,0.11,0.11,0.11,1
SAAM-W4-O,20260721,0.17,0.17,0.16,0.16,2
SGC-W2-O,20260721,0.85,0.85,0.85,0.85,5
SPTX-W8-O,20260721,0.01,0.01,0.01,0.01,75
TFG-W4-O,20260721,5.9,5.95,5.9,5.9,16
TGE-W2-O,20260721,0.05,0.06,0.05,0.06,98
TL-W2-O,20260721,0.05,0.06,0.05,0.06,495
TNDT-W2-O,20260721,0.01,0.01,0.01,0.01,166
TNITY-W2-O,20260721,0.12,0.14,0.01,0.14,176
VIBHA-W5-O,20260721,0.04,0.05,0.04,0.05,65
ZIGA-W2-O,20260721,0.02,0.02,0.02,0.02,264
A5-W5,20260721,0.1,0.1,0.08,0.09,372200
ACC-W2,20260721,0.06,0.08,0.06,0.07,2712900
ASW-W3,20260721,0.93,1.05,0.93,0.94,91700
B-W8,20260721,0.01,0.01,0.01,0.01,3100
BC-W4,20260721,0.05,0.05,0.04,0.05,153800
BTS-W8,20260721,0.01,0.01,0.01,0.01,9900
BWG-W7,20260721,0.03,0.03,0.02,0.02,310500
BWG-W8,20260721,0.04,0.04,0.03,0.03,1340500
CAZ-W1,20260721,1.54,1.54,1.47,1.52,173400
CHASE-W1,20260721,0.24,0.25,0.21,0.23,1150900
CHAYO-W4,20260721,0.26,0.26,0.24,0.24,414500
CIG-W10,20260721,0.21,0.21,0.21,0.21,100
CIG-W9,20260721,0.01,0.01,0.01,0.01,76300
COMAN-W1,20260721,0.05,0.05,0.05,0.05,50000
CWT-W8,20260721,0.19,0.19,0.17,0.18,3933000
DEMCO-W8,20260721,1.78,1.78,1.6,1.67,261900
EA-W1,20260721,0.66,0.67,0.65,0.65,10082300
EMPIRE-W1,20260721,0.01,0.02,0.01,0.01,56300
EMPIRE-W2,20260721,0.05,0.06,0.05,0.05,117600
GLORY-W1,20260721,0.33,0.33,0.31,0.32,232800
HYDRO-W2,20260721,0.05,0.05,0.04,0.05,80700
IROYAL-W1,20260721,1.57,1.78,1.52,1.58,4647500
IROYAL-W2,20260721,0.87,0.91,0.84,0.86,1324500
ITEL-W6,20260721,0.27,0.3,0.27,0.28,5041000
ITTHI-W1,20260721,0.71,0.76,0.7,0.73,3296800
IVF-W1,20260721,0.21,0.21,0.2,0.2,536300
JAS-W4,20260721,0.16,0.16,0.15,0.16,13962200
KASET-W1,20260721,0.1,0.11,0.1,0.11,95600
KUN-W3,20260721,0.03,0.03,0.03,0.03,127400
KUN-W4,20260721,0.08,0.08,0.06,0.07,3906700
MADAME-W6,20260721,0.1,0.15,0.1,0.13,751800
MGI-W1,20260721,0.01,0.01,0.01,0.01,11500
MMM-W1,20260721,1.75,1.93,1.73,1.79,3868100
NOBLE-W3,20260721,0.1,0.11,0.1,0.1,1370100
NRF-W2,20260721,0.04,0.05,0.04,0.05,20500
ORI-W2,20260721,0.27,0.29,0.26,0.27,6812700
PANEL-W1,20260721,0.16,0.16,0.14,0.15,369600
PANEL-W2,20260721,0.18,0.18,0.15,0.17,83100
PEER-W2,20260721,0.01,0.01,0.01,0.01,100
PLANET-W2,20260721,0.17,0.17,0.15,0.16,64200
PLANET-W3,20260721,0.22,0.22,0.22,0.22,400
PROEN-W2,20260721,0.1,0.11,0.09,0.09,798300
PROUD-W3,20260721,0.19,0.19,0.18,0.18,1131100
PSTC-W3,20260721,0.03,0.04,0.03,0.04,151200
PSTC-W4,20260721,0.09,0.09,0.08,0.09,337100
ROCTEC-W5,20260721,0.01,0.01,0.01,0.01,816400
SAAM-W3,20260721,0.14,0.14,0.13,0.13,23300
SAAM-W4,20260721,0.14,0.15,0.14,0.15,13700
SAMTEL-W2,20260721,0.24,0.25,0.23,0.24,144300
SGC-W2,20260721,0.86,0.88,0.77,0.79,5837900
SPTX-W8,20260721,0.01,0.01,0.01,0.01,104100
STELLA-W6,20260721,0.03,0.03,0.02,0.02,301900
TAKUNI-W2,20260721,0.34,0.34,0.32,0.32,6600
TFG-W4,20260721,5.95,6,5.85,5.85,94400
TGE-W2,20260721,0.04,0.05,0.04,0.05,807100
TL-W2,20260721,0.06,0.07,0.06,0.07,1462900
TNDT-W2,20260721,0.01,0.02,0.01,0.01,84500
TNITY-W2,20260721,0.14,0.16,0.12,0.14,1925100
TRUBB-W3,20260721,0.48,0.49,0.48,0.49,10500
TVDH-W6,20260721,0.01,0.02,0.01,0.01,13900
UREKA-W3,20260721,0.24,0.24,0.24,0.24,12200
VGI-W3,20260721,0.01,0.01,0.01,0.01,2136300
VIBE-W3,20260721,0.04,0.04,0.03,0.04,69400
VIBHA-W5,20260721,0.05,0.06,0.05,0.05,691600
XBIO-W6,20260721,0.02,0.02,0.01,0.02,900
XBIO-W8,20260721,0.15,0.15,0.14,0.14,10000
ZIGA-W2,20260721,0.02,0.03,0.02,0.03,82500
1DIV-O,20260721,14.98,14.98,14.48,14.52,15
2I01BSET50-O,20260721,2.27,2.27,2.27,2.27,14
2X01BSET50-O,20260721,8.77,8.78,8.77,8.78,101
BMSCG-O,20260721,9.81,9.81,9.81,9.81,2
BMSCITH-O,20260721,12.2,12.85,12,12.85,85
BSET100-O,20260721,12.28,12.28,12.28,12.28,1
CHINA-O,20260721,7.67,7.69,7.67,7.69,3
GLD-O,20260721,5.37,5.42,5.37,5.4,558
TDEX-O,20260721,10.77,10.77,10.7,10.76,350
1DIV,20260721,14.97,14.97,14.44,14.55,132800
1I01BSET50,20260721,3.37,3.39,3.37,3.38,2800
2I01BSET50,20260721,2.28,2.3,2.28,2.29,982800
2X01BSET50,20260721,8.86,8.86,8.78,8.84,239500
BMSCG,20260721,9.8,9.84,9.8,9.84,24000
BMSCITH,20260721,12.85,12.86,12.77,12.84,195800
BSET100,20260721,12.32,12.32,12.2,12.28,7500
CHINA,20260721,7.57,7.69,7.57,7.68,68600
GLD,20260721,5.35,5.42,5.35,5.41,2140200
TDEX,20260721,10.75,10.8,10.72,10.8,436800
UBOT,20260721,13,13.08,13,13.08,300
UHERO,20260721,7.85,7.85,7.85,7.85,700
2S-O,20260721,3.14,3.14,3.14,3.14,1
3BBIF-O,20260721,6.55,6.6,6.55,6.6,1143
88TH-O,20260721,4.1,4.1,4.08,4.08,23
A5-O,20260721,1.85,1.85,1.85,1.85,1
AAI-O,20260721,3.96,3.96,3.9,3.96,43
AAV-O,20260721,1.08,1.08,1.06,1.07,598
ACC-O,20260721,0.31,0.33,0.31,0.33,92
ACE-O,20260721,1.45,1.45,1.41,1.41,125
ACG-O,20260721,0.75,0.75,0.75,0.75,7
ADB-O,20260721,0.5,0.74,0.5,0.74,112
ADVANC-O,20260721,382,387,382,385,6726
ADVICE-O,20260721,7.4,8,7.35,7.35,114
AE-O,20260721,0.09,0.1,0.07,0.08,330
AEONTS-O,20260721,110,110,106,107,773
AGE-O,20260721,1.1,1.33,1.1,1.33,96
AH-O,20260721,15.4,15.4,15.4,15.4,51
AHC-O,20260721,13.9,14,13.7,13.8,13
AI-O,20260721,2.8,2.96,2.8,2.92,16
AIE-O,20260721,1.2,1.22,1.19,1.2,176
AIMIRT-O,20260721,12.3,12.3,12.1,12.3,74
AIRA-O,20260721,1,1,1,1,1
AIT-O,20260721,4.94,4.94,4.9,4.9,28
AJ-O,20260721,3.14,3.14,3.1,3.1,170
AJA-O,20260721,0.12,0.13,0.12,0.13,13
AKP-O,20260721,0.73,0.73,0.73,0.73,1
AKR-O,20260721,0.94,0.94,0.91,0.91,4
ALLA-O,20260721,1.18,1.18,1.18,1.18,44
ALLY-O,20260721,5.45,5.45,5.45,5.45,9
ALPHAX-O,20260721,0.25,0.25,0.25,0.25,51
ALT-O,20260721,1.83,1.83,1.77,1.77,97
ALUCON-O,20260721,251,251,251,251,2
AMA-O,20260721,3.84,3.88,3.84,3.86,32
AMANAH-O,20260721,0.77,0.77,0.75,0.76,182
AMARC-O,20260721,3.32,3.34,3.24,3.24,505
AMARIN-O,20260721,2,2.06,1.92,2.06,81
AMATA-O,20260721,28.25,29.5,28.25,29,989
AMATAV-O,20260721,2.14,2.14,2.14,2.14,22
AMC-O,20260721,2.18,2.2,2.18,2.2,102
AMR-O,20260721,0.43,0.43,0.43,0.43,1
AOT-O,20260721,64.5,64.5,63.5,63.75,1642
AP-O,20260721,8,8.1,8,8.1,713
APCO-O,20260721,2.74,2.74,2.72,2.72,2
APO-O,20260721,2.2,2.22,2.2,2.2,240
APP-O,20260721,2.74,2.74,2.74,2.74,1
APURE-O,20260721,2,2,2,2,1
AQUA-O,20260721,0.11,0.11,0.11,0.11,9
ARIN-O,20260721,0.52,0.52,0.51,0.51,11
ARIP-O,20260721,0.47,0.48,0.47,0.48,3
ARROW-O,20260721,5.7,5.7,5.7,5.7,1
AS-O,20260721,2.48,2.48,2.48,2.48,1
ASEFA-O,20260721,6.2,6.2,6.2,6.2,17
ASIAN-O,20260721,7.35,7.4,7.3,7.4,110
ASIMAR-O,20260721,1.45,1.45,1.26,1.26,80
ASK-O,20260721,12.3,12.3,12.1,12.1,20
ASN-O,20260721,1.06,1.13,1.06,1.13,11
ASP-O,20260721,2.38,2.38,2.36,2.36,4
ASTR-O,20260721,3.36,3.36,3.36,3.36,50
ASW-O,20260721,7.5,7.55,7.45,7.55,70
ATLAS-O,20260721,1.9,1.91,1.9,1.91,88
AU-O,20260721,4.76,4.76,4.74,4.74,8
AUCT-O,20260721,4.52,4.52,4.48,4.52,83
AURA-O,20260721,14.8,15.5,14.8,14.9,686
AWC-O,20260721,2.8,2.86,2.78,2.8,531
AXTRART-O,20260721,13.1,13.2,13,13.2,137
AYUD-O,20260721,42,42.25,42,42,12
B-O,20260721,0.03,0.03,0.03,0.03,276
B-WORK-O,20260721,6.6,6.6,6.6,6.6,19
B52-O,20260721,0.25,0.25,0.2,0.24,129
BA-O,20260721,18.5,18.7,18.4,18.6,459
BAFS-O,20260721,10.7,11.6,10.7,11.5,448
BAM-O,20260721,7.05,7.05,6.95,6.95,518
BAREIT-O,20260721,11.7,11.7,11.4,11.4,10
BAY-O,20260721,44.25,44.25,42.25,42.75,4904
BBGI-O,20260721,4.9,5.15,4.9,5.1,273
BBIK-O,20260721,22.2,23.5,22.2,23.2,895
BBL-O,20260721,203,204,198,201,7290
BC-O,20260721,0.59,0.59,0.59,0.59,13
BCH-O,20260721,10.7,10.8,10.6,10.7,1157
BCP-O,20260721,43.75,45,43.75,44.75,3458
BCPG-O,20260721,7.6,7.6,7.5,7.6,526
BCT-O,20260721,50,50,50,50,9
BDMS-O,20260721,19.6,19.6,19.4,19.6,6998
BE8-O,20260721,6.7,7.9,6.7,6.7,129
BEAUTY-O,20260721,0.36,0.39,0.36,0.39,2
BEC-O,20260721,2.16,2.24,2.14,2.24,59
BEM-O,20260721,6.85,6.9,6.8,6.8,1217
BEYOND-O,20260721,8.45,8.45,8.45,8.45,8
BGC-O,20260721,6.9,6.95,6.9,6.95,2
BGRIM-O,20260721,20,20.2,19.8,19.9,1954
BH-O,20260721,184,185.5,183,184,1833
BIG-O,20260721,0.32,0.32,0.32,0.32,5
BIZ-O,20260721,6,6.05,6,6.05,121
BJC-O,20260721,15,15,14.8,14.9,363
BJCHI-O,20260721,3.22,3.24,3.22,3.24,26
BKA-O,20260721,0.82,0.82,0.82,0.82,9
BKGI-O,20260721,2.04,2.04,2.04,2.04,3
BKIH-O,20260721,374,374,374,374,1
BLA-O,20260721,27.5,27.5,27,27,36
BLAND-O,20260721,0.71,0.71,0.64,0.66,515
BLC-O,20260721,4,4,4,4,1
BM-O,20260721,1.17,1.17,1.17,1.17,11
BOFFICE-O,20260721,4,6.5,4,6.5,40
BOL-O,20260721,5.15,5.15,5.15,5.15,6
BPS-O,20260721,0.58,0.58,0.58,0.58,1
BR-O,20260721,1.96,1.96,1.96,1.96,1
BRI-O,20260721,1,1.32,1,1.32,72
BSBM-O,20260721,0.65,0.66,0.65,0.65,24
BTC-O,20260721,0.15,0.16,0.15,0.16,63
BTG-O,20260721,21.4,21.4,21.3,21.4,171
BTS-O,20260721,2.18,2.2,2.14,2.16,1698
BTSGIF-O,20260721,2.44,2.46,2.42,2.42,17
BUI-O,20260721,11,11,10.7,10.7,80
BVG-O,20260721,1.61,1.61,1.59,1.59,39
BWG-O,20260721,0.27,0.28,0.27,0.28,124
BYD-O,20260721,0.48,0.48,0.47,0.47,109
CAZ-O,20260721,2.46,2.46,1.93,1.93,6
CBG-O,20260721,52.5,52.5,50.75,51,866
CCET-O,20260721,9.05,9.05,8.9,9,1295
CCP-O,20260721,0.28,0.28,0.23,0.28,69
CEN-O,20260721,0.65,0.65,0.65,0.65,1
CENTEL-O,20260721,38,38.75,37.75,37.75,576
CEYE-O,20260721,1.17,1.17,1.17,1.17,1
CFARM-O,20260721,0.8,0.84,0.8,0.84,15
CFRESH-O,20260721,1.08,1.1,1.08,1.1,2
CGH-O,20260721,0.54,0.56,0.54,0.56,27
CH-O,20260721,1.48,1.48,1.48,1.48,1
CHAO-O,20260721,4.22,4.22,4.22,4.22,1
CHAYO-O,20260721,1.44,1.46,1.44,1.44,237
CHEWA-O,20260721,0.17,0.17,0.17,0.17,10
CHG-O,20260721,1.58,1.59,1.56,1.56,1685
CITY-O,20260721,1.18,1.18,1.18,1.18,1
CK-O,20260721,18.8,19.3,18.8,19.3,424
CKP-O,20260721,2.68,2.68,2.62,2.62,237
CM-O,20260721,1.54,1.54,1.54,1.54,2
CMC-O,20260721,0.48,0.48,0.47,0.47,50
CMR-O,20260721,1.27,1.27,1.27,1.27,35
CNT-O,20260721,2.12,2.12,1.4,1.4,30
COCOCO-O,20260721,6.05,6.2,5.95,6.05,168
COLOR-O,20260721,1.03,1.03,1.03,1.03,2
COM7-O,20260721,30,30.5,30,30.25,325
COMAN-O,20260721,0.53,0.53,0.51,0.51,10
CPALL-O,20260721,47.75,47.75,47,47.5,8345
CPANEL-O,20260721,1.2,1.2,1.19,1.19,59
CPAXT-O,20260721,14.9,15,14.9,15,2728
CPF-O,20260721,22.2,22.7,22.2,22.5,1915
CPI-O,20260721,3.64,3.68,3.62,3.68,67
CPL-O,20260721,0.7,0.7,0.69,0.7,110
CPN-O,20260721,68.5,68.5,67.25,67.25,1105
CPNCG-O,20260721,5.55,5.55,5.55,5.55,18
CPNREIT-O,20260721,13.6,13.6,13.4,13.5,181
CPR-O,20260721,2.68,2.68,2.64,2.64,2
CPTREIT-O,20260721,6.6,6.6,6.6,6.6,10
CPW-O,20260721,2.62,2.62,2.62,2.62,5
CRC-O,20260721,23.9,23.9,23.6,23.7,542
CRD-O,20260721,0.61,0.61,0.61,0.61,1
CREDIT-O,20260721,26,26,24.9,25.5,1010
CSC-O,20260721,45,45,44.75,44.75,10
CSR-O,20260721,72,72,72,72,1
CTW-O,20260721,6.75,6.95,6.65,6.95,12
CWT-O,20260721,0.95,0.96,0.95,0.95,94
D-O,20260721,3.1,3.1,3.06,3.06,3
DCC-O,20260721,1.47,1.47,1.47,1.47,1
DCON-O,20260721,0.14,0.18,0.14,0.15,23
DDD-O,20260721,5,5,5,5,12
DELTA-O,20260721,299,305,297,304,16451
DEMCO-O,20260721,3.72,3.72,2.7,3.72,41
DHOUSE-O,20260721,0.34,0.34,0.32,0.32,29
DIF-O,20260721,10.2,10.4,10.2,10.3,1239
DITTO-O,20260721,16,17,15.7,16.7,723
DMT-O,20260721,12.3,12.4,12.2,12.3,720
DOD-O,20260721,1.17,1.17,1.17,1.17,30
DOHOME-O,20260721,3.92,4,3.9,3.94,828
DPAINT-O,20260721,0.26,0.26,0.26,0.26,90
DREIT-O,20260721,4.92,4.96,4.92,4.96,30
DRT-O,20260721,5.25,5.55,5.2,5.3,181
DTCENT-O,20260721,0.97,0.97,0.95,0.95,143
DUSIT-O,20260721,11.6,11.6,11.6,11.6,6
EA-O,20260721,3.14,3.16,3.12,3.14,952
EAST-O,20260721,0.72,0.75,0.72,0.73,112
EASTW-O,20260721,5.35,5.35,5,5.25,273
EFORL-O,20260721,0.12,0.12,0.11,0.11,25
EGATIF-O,20260721,6.2,6.2,6.2,6.2,5
EGCO-O,20260721,133,136,132.5,136,1778
EKH-O,20260721,5.05,5.1,5,5.1,101
EMC-O,20260721,0.02,0.02,0.01,0.02,48
EMPIRE-O,20260721,0.18,0.18,0.18,0.18,57
EP-O,20260721,1.15,1.18,0.83,1.17,135
EPG-O,20260721,6.65,6.65,6.5,6.55,411
ERW-O,20260721,3.1,3.16,3.1,3.16,222
ETL-O,20260721,0.39,0.42,0.39,0.39,111
EVER-O,20260721,0.06,0.08,0.06,0.08,16
F&D-O,20260721,44.75,44.75,44.75,44.75,1
FANCY-O,20260721,0.24,0.24,0.24,0.24,3
FE-O,20260721,162.5,162.5,162.5,162.5,1
FLOYD-O,20260721,1.08,1.08,1.08,1.08,22
FM-O,20260721,4.28,4.3,4.28,4.3,24
FN-O,20260721,0.46,0.46,0.46,0.46,1
FNS-O,20260721,0.62,0.62,0.62,0.62,1
FORTH-O,20260721,15.5,16,15.4,16,335
FPI-O,20260721,1.66,1.66,1.65,1.65,61
FPT-O,20260721,7.1,7.1,7.1,7.1,1
FSMART-O,20260721,7.95,8.3,7.95,8.3,350
FTE-O,20260721,2.82,2.82,2.8,2.82,130
FTREIT-O,20260721,12.5,12.6,12.4,12.4,359
FUTURERT-O,20260721,9,9,9,9,2
FVC-O,20260721,0.32,0.33,0.32,0.33,2
GABLE-O,20260721,4.32,4.34,4.26,4.34,13
GAHREIT-O,20260721,3.88,3.88,3.84,3.84,39
GBX-O,20260721,0.63,0.63,0.63,0.63,12
GC-O,20260721,5.15,5.15,5,5,84
GFPT-O,20260721,9.8,9.9,9.8,9.85,162
GJS-O,20260721,0.11,0.11,0.11,0.11,50
GLOBAL-O,20260721,7.35,7.45,7.25,7.25,700
GPI-O,20260721,1.77,1.79,1.77,1.78,24
GPSC-O,20260721,54.25,55,54.25,54.25,1407
GRAMMY-O,20260721,2.88,2.94,2.88,2.94,41
GRAND-O,20260721,0.02,0.03,0.02,0.03,24
GROREIT-O,20260721,8.9,8.9,8.9,8.9,1
GTB-O,20260721,0.74,0.74,0.74,0.74,1
GULF-O,20260721,68,68.25,67.25,67.75,9609
GUNKUL-O,20260721,5.3,5.5,5.3,5.4,2892
GVREIT-O,20260721,8.45,8.45,8.45,8.45,35
GYT-O,20260721,184,184,184,184,1
HANA-O,20260721,37.75,38.25,37.75,38,2358
HANN-O,20260721,0.89,0.89,0.85,0.85,115
HARN-O,20260721,2.1,2.26,2.1,2.12,111
HENG-O,20260721,1,1,1,1,31
HFT-O,20260721,4,4.02,4,4.02,17
HMPRO-O,20260721,6.6,6.7,6.6,6.65,1553
HPF-O,20260721,4.38,4.38,4.38,4.38,1
HTC-O,20260721,16.1,16.3,16.1,16.2,343
HTECH-O,20260721,3.9,3.9,3.86,3.86,51
HUMAN-O,20260721,4.88,4.94,4.82,4.84,402
I2-O,20260721,0.8,0.8,0.8,0.8,119
ICHI-O,20260721,15,15.3,14.9,14.9,1914
ICN-O,20260721,2.18,2.2,1.64,2.2,110
IDG-O,20260721,1.3,1.3,1.3,1.3,1
IHL-O,20260721,1.44,1.44,1.42,1.42,46
III-O,20260721,4.48,4.52,4.1,4.48,91
ILINK-O,20260721,5.2,5.25,5.1,5.2,108
ILM-O,20260721,13.3,13.3,13.3,13.3,42
IMH-O,20260721,2.98,2.98,2.98,2.98,1
IMPACT-O,20260721,12.3,12.7,12.3,12.7,44
IND-O,20260721,0.99,0.99,0.99,0.99,5
INET-O,20260721,4.2,4.28,4.18,4.2,94
INETREIT-O,20260721,13.5,13.6,13.4,13.6,1224
INOX-O,20260721,3.8,4.18,3.8,4.18,64
INSET-O,20260721,4.84,4.88,4.74,4.76,699
INSURE-O,20260721,51,51,51,51,1
IP-O,20260721,5,5.05,5,5.05,69
IRC-O,20260721,12,12,11.9,12,44
IRCP-O,20260721,0.33,0.33,0.3,0.32,20
IROYAL-O,20260721,5.05,5.15,5.05,5.15,5
IRPC-O,20260721,2.16,2.2,2.14,2.2,1338
IT-O,20260721,9.2,9.8,9.05,9.1,198
ITC-O,20260721,16.3,16.5,16.3,16.3,348
ITD-O,20260721,0.3,0.43,0.3,0.43,151
ITEL-O,20260721,1.75,1.84,1.74,1.78,355
IVF-O,20260721,0.79,0.79,0.77,0.77,20
IVL-O,20260721,24.9,24.9,24.7,24.8,466
J-O,20260721,1.02,1.02,0.99,0.99,5
JAS-O,20260721,1.12,1.13,1.11,1.12,519
JCK-O,20260721,0.13,0.13,0.11,0.12,72
JDF-O,20260721,2.8,2.8,2.8,2.8,2
JMART-O,20260721,11.5,11.7,11.5,11.6,629
JMT-O,20260721,12.2,12.6,12.2,12.4,539
JPARK-O,20260721,3.84,3.84,3.82,3.82,2
JR-O,20260721,1.77,1.77,1.77,1.77,2
JTS-O,20260721,30.25,30.25,29,29.75,607
K-O,20260721,0.94,0.95,0.92,0.92,65
KAMART-O,20260721,7.7,7.7,7.6,7.65,185
KBANK-O,20260721,238,239,233,235,11282
KBS-O,20260721,6.1,6.15,6.1,6.15,157
KBSPIF-O,20260721,9.8,9.85,9.8,9.85,142
KCAR-O,20260721,4.92,4.96,4.92,4.96,100
KCC-O,20260721,3.1,3.1,3.06,3.06,98
KCE-O,20260721,42,42,41.5,41.5,1277
KCG-O,20260721,10.7,10.7,10.5,10.5,153
KDH-O,20260721,83.75,83.75,83.75,83.75,1
KGEN-O,20260721,1.78,1.78,1.78,1.78,50
KGI-O,20260721,4.8,4.88,4.78,4.88,380
KIAT-O,20260721,0.33,0.33,0.33,0.33,4
KISS-O,20260721,3.56,3.62,3.56,3.62,75
KJL-O,20260721,7,7,7,7,10
KK-O,20260721,1.01,1.01,1.01,1.01,3
KKP-O,20260721,113,115,107.5,114.5,19816
KLINIQ-O,20260721,28,28,27.5,27.75,50
KSL-O,20260721,1.58,1.65,1.58,1.65,347
KTB-O,20260721,42.75,43,41.75,42.25,19161
KTBSTMR-O,20260721,6.55,6.55,6.5,6.5,63
KTC-O,20260721,40.25,40.5,39.75,40.25,2558
KTIS-O,20260721,1.85,1.85,1.84,1.84,10
KUMWEL-O,20260721,2.66,2.66,2.62,2.66,104
KUN-O,20260721,0.67,0.67,0.67,0.67,1
KWC-O,20260721,276,276,276,276,1
KWM-O,20260721,0.93,0.93,0.93,0.93,1
KYE-O,20260721,324,325,324,324,120
L&E-O,20260721,1.2,1.2,1.2,1.2,1
LALIN-O,20260721,4.4,4.4,4.38,4.4,31
LANNA-O,20260721,14.9,15,14.6,14.8,829
LEE-O,20260721,1.77,2.52,1.77,2.52,29
LEO-O,20260721,1.98,2.02,1.98,2.02,4
LH-O,20260721,3.8,3.9,3.78,3.8,1365
LHFG-O,20260721,1.31,1.31,1.25,1.28,484
LHHOTEL-O,20260721,13.8,13.9,13.8,13.9,81
LHK-O,20260721,3.56,3.56,3.56,3.56,1
LHSC-O,20260721,15.4,15.5,15.4,15.4,160
LIT-O,20260721,0.92,0.92,0.92,0.92,1
LOXLEY-O,20260721,1.47,1.47,1.47,1.47,1
LPH-O,20260721,3.64,3.64,3.64,3.64,69
LPN-O,20260721,1.62,1.62,1.61,1.61,7
LTS-O,20260721,2.92,2.92,2.92,2.92,5
M-CHAI-O,20260721,19.4,19.4,18.2,18.2,58
M-O,20260721,21.7,21.9,21.7,21.9,271
M-STOR-O,20260721,7.5,7.5,7.5,7.5,1
MADAME-O,20260721,0.65,0.66,0.65,0.66,31
MAGURO-O,20260721,19.8,20,19.6,20,79
MAJOR-O,20260721,6.9,6.95,6.8,6.8,136
MALEE-O,20260721,4.14,4.14,4.06,4.06,78
MASTEC-O,20260721,2.24,2.24,2.22,2.22,81
MASTER-O,20260721,9.15,9.25,9.05,9.2,251
MATCH-O,20260721,0.85,0.85,0.85,0.85,13
MATI-O,20260721,3.08,3.08,3.08,3.08,5
MBAX-O,20260721,2.06,2.06,2.06,2.06,4
MBK-O,20260721,21.9,22,21.7,21.9,110
MC-O,20260721,11.7,11.9,11.7,11.7,390
MCA-O,20260721,1.32,1.32,1.31,1.31,3
MCOT-O,20260721,4.32,6.1,4.32,6.1,22
MCS-O,20260721,8.05,8.1,8,8.1,133
MDX-O,20260721,2.8,2.8,2.8,2.8,1
MEB-O,20260721,12.6,12.6,12.4,12.4,119
MEDEZE-O,20260721,6.55,6.55,6.55,6.55,23
MEGA-O,20260721,38,38,37.75,37.75,149
METCO-O,20260721,301,302,301,302,20
MFC-O,20260721,20.2,20.3,20.2,20.2,16
MFEC-O,20260721,6.05,6.15,6.05,6.15,82
MGC-O,20260721,9.6,10.2,9.5,9.95,472
MGI-O,20260721,5.95,5.95,5.8,5.95,365
MGT-O,20260721,1.91,1.91,1.89,1.89,2
MICRO-O,20260721,1.31,1.33,1.31,1.33,12
MII-O,20260721,6.55,6.55,6.55,6.55,8
MINT-O,20260721,23.9,24.2,23.8,23.9,1304
MITSIB-O,20260721,0.6,0.63,0.6,0.6,4
MJD-O,20260721,0.32,0.32,0.32,0.32,1
MJLF-O,20260721,5.9,5.9,5.85,5.85,85
ML-O,20260721,1.17,1.61,1.17,1.59,29
MMM-O,20260721,2.8,2.8,2.78,2.78,34
MNIT-O,20260721,1.94,1.94,1.94,1.94,1
MNIT2-O,20260721,4.98,4.98,4.98,4.98,1
MONO-O,20260721,0.71,0.72,0.7,0.7,158
MOONG-O,20260721,2.42,2.42,2.4,2.4,71
MOSHI-O,20260721,38.75,39.5,38.75,39.5,69
MPJ-O,20260721,3.84,3.84,3.84,3.84,3
MRDIYT-O,20260721,10,10.3,10,10.1,362
MSC-O,20260721,6.25,6.25,6.05,6.05,5
MST-O,20260721,8.15,8.15,8.15,8.15,1
MTC-O,20260721,35.25,35.25,34.5,35,1990
MTI-O,20260721,18.3,18.3,17.8,17.8,11
MTW-O,20260721,0.83,0.83,0.83,0.83,1
NAT-O,20260721,1.77,1.77,1.77,1.77,30
NC-O,20260721,1.32,1.32,1.32,1.32,10
NCAP-O,20260721,3.24,3.24,3.18,3.2,84
NCH-O,20260721,0.45,0.45,0.43,0.45,85
NDR-O,20260721,1.81,1.81,1.81,1.81,1
NEO-O,20260721,22.2,22.3,22.2,22.2,44
NEP-O,20260721,0.17,0.17,0.17,0.17,5
NER-O,20260721,4.58,4.58,4.52,4.54,496
NETBAY-O,20260721,14.7,14.8,14.6,14.6,168
NEW-O,20260721,106.5,106.5,80.5,80.5,3
NEX-O,20260721,1.06,1.07,1.05,1.05,191
NNCL-O,20260721,1.75,1.76,1.75,1.75,6
NOBLE-O,20260721,1.33,1.91,1.33,1.91,40
NOVA-O,20260721,6.2,6.25,6.2,6.25,18
NPK-O,20260721,13.5,13.5,12,12,33
NRF-O,20260721,0.24,0.24,0.24,0.24,4
NSL-O,20260721,23.5,23.5,23.3,23.3,160
NTF-O,20260721,14.8,14.8,14.7,14.7,17
NTSC-O,20260721,6.15,6.15,6.1,6.1,33
NTV-O,20260721,19.1,19.1,19,19,37
NV-O,20260721,0.59,0.59,0.58,0.58,51
NVD-O,20260721,0.85,0.85,0.85,0.85,9
NYT-O,20260721,4.16,4.16,4.04,4.1,265
OGC-O,20260721,9.7,9.7,9.7,9.7,10
OHTL-O,20260721,275,275,274,274,22
OKJ-O,20260721,3.7,3.7,3.68,3.68,192
ONEE-O,20260721,3.3,3.34,3.3,3.34,470
ONSENS-O,20260721,1.2,1.26,1.2,1.26,59
OR-O,20260721,13.1,13.2,13,13.2,2133
ORI-O,20260721,2.02,2.06,2.02,2.06,197
ORN-O,20260721,0.78,0.78,0.78,0.78,18
OSP-O,20260721,17.8,17.9,17.7,17.8,603
PACO-O,20260721,1.43,1.43,1.43,1.43,1
PAF-O,20260721,0.92,0.92,0.67,0.67,65
PAP-O,20260721,2.42,2.44,2.4,2.4,60
PATO-O,20260721,6.15,6.15,6.1,6.1,46
PB-O,20260721,48,48.25,47.75,47.75,24
PCC-O,20260721,3.5,3.5,3.02,3.02,4
PCE-O,20260721,2.3,2.3,2.28,2.28,46
PCSGH-O,20260721,3.06,3.08,3.06,3.06,95
PDG-O,20260721,3.18,3.18,3.18,3.18,1
PDJ-O,20260721,0.97,0.97,0.97,0.97,8
PEER-O,20260721,0.1,0.1,0.1,0.1,3
PF-O,20260721,0.05,0.05,0.04,0.05,203
PHG-O,20260721,10.3,10.3,10.3,10.3,24
PHOL-O,20260721,3.2,3.24,3,3.18,41
PIMO-O,20260721,1.16,1.17,1.16,1.17,17
PIN-O,20260721,4.74,4.74,4.6,4.74,70
PIS-O,20260721,5.35,5.35,5.35,5.35,27
PJW-O,20260721,2.1,2.12,1.9,1.9,156
PL-O,20260721,1.38,1.38,1.38,1.38,10
PLANB-O,20260721,5.55,5.6,5.5,5.6,161
PLANET-O,20260721,0.6,0.6,0.58,0.58,3
PLAT-O,20260721,1.36,1.36,1.36,1.36,1
PLE-O,20260721,0.07,0.09,0.07,0.07,11
PLT-O,20260721,0.57,0.57,0.53,0.53,2
PLUS-O,20260721,1.37,1.37,1.37,1.37,70
PM-O,20260721,11.8,11.8,11.1,11.2,102
PMC-O,20260721,0.93,0.93,0.92,0.92,21
PMTA-O,20260721,9.65,9.65,9.65,9.65,1
POPF-O,20260721,8.35,8.35,8.3,8.3,51
PORT-O,20260721,0.8,0.8,0.79,0.8,98
PPP-O,20260721,0.75,0.75,0.75,0.75,1
PPPM-O,20260721,0.25,0.25,0.21,0.23,12
PQS-O,20260721,1.91,1.91,1.9,1.9,2
PR9-O,20260721,18,18,17.8,17.9,329
PRAPAT-O,20260721,0.81,0.81,0.81,0.81,21
PRG-O,20260721,10,10,9.95,9.95,74
PRI-O,20260721,3.52,3.58,3.52,3.56,12
PRIME-O,20260721,0.06,0.06,0.05,0.05,67
PRIN-O,20260721,1.34,1.34,1.34,1.34,15
PRINC-O,20260721,1.74,1.74,1.74,1.74,23
PRM-O,20260721,9.35,9.95,9.35,9.4,392
PROSPECT-O,20260721,10.5,10.6,10.5,10.6,300
PSGC-O,20260721,5.1,5.3,5.1,5.3,117
PSH-O,20260721,3.96,3.98,3.9,3.98,117
PSL-O,20260721,8.2,8.3,8.15,8.3,335
PSP-O,20260721,7.55,7.55,7.45,7.45,50
PSTC-O,20260721,0.38,0.38,0.35,0.35,44
PT-O,20260721,11.6,11.7,11.5,11.5,210
PTC-O,20260721,0.61,0.61,0.61,0.61,1
PTG-O,20260721,7.85,7.85,7.75,7.75,564
PTL-O,20260721,14.3,14.4,14.3,14.3,68
PTT-O,20260721,39,39.75,39,39.75,10862
PTTEP-O,20260721,147,147.5,146.5,147.5,3128
PTTGC-O,20260721,37,37.5,36.75,37.5,1615
Q-CON-O,20260721,6.3,6.3,6.3,6.3,2
QDC-O,20260721,0.06,0.07,0.06,0.06,58
QH-O,20260721,1.41,1.44,1.41,1.44,1331
QLT-O,20260721,2.2,2.2,2.2,2.2,1
QTC-O,20260721,4.66,4.66,4.66,4.66,1
RABBIT-O,20260721,0.38,0.38,0.38,0.38,150
RAM-O,20260721,18,18,18,18,5
RATCH-O,20260721,38,38.75,38,38.5,1891
RBF-O,20260721,4.98,5.2,4.98,5.05,40
RCL-O,20260721,33.5,35,33.5,34.75,1478
RICHY-O,20260721,0.12,0.14,0.12,0.14,76
RJH-O,20260721,15,15.1,14.8,15,107
ROCTEC-O,20260721,0.71,0.72,0.71,0.71,84
ROJNA-O,20260721,6.3,6.4,6.3,6.35,71
RP-O,20260721,0.82,0.83,0.82,0.83,13
RPC-O,20260721,0.38,0.38,0.38,0.38,3
RPH-O,20260721,5,5,5,5,62
RS-O,20260721,0.13,0.13,0.13,0.13,4
RSP-O,20260721,0.98,0.98,0.97,0.97,10
RWI-O,20260721,0.16,0.16,0.16,0.16,78
S-O,20260721,0.7,0.7,0.57,0.59,201
S&J-O,20260721,33.25,33.25,33.25,33.25,6
S11-O,20260721,4.4,4.44,4.4,4.44,32
SAAM-O,20260721,4.68,4.68,4.68,4.68,2
SABINA-O,20260721,16,16,15.9,16,123
SAF-O,20260721,0.46,0.46,0.46,0.46,1
SAFE-O,20260721,5.8,5.8,5.8,5.8,10
SAK-O,20260721,3.46,3.46,2.46,2.46,190
SALEE-O,20260721,0.65,0.65,0.64,0.64,52
SAMART-O,20260721,5.65,5.65,5.65,5.65,2
SAMTEL-O,20260721,3.14,3.14,3.1,3.1,17
SANKO-O,20260721,1.41,1.43,1.41,1.41,58
SAPPE-O,20260721,34,35.25,34,34.75,624
SAT-O,20260721,16.3,16.4,16.1,16.3,375
SAUCE-O,20260721,41,41.25,41,41.25,52
SAV-O,20260721,11.2,11.3,11.2,11.3,92
SAWAD-O,20260721,26.25,26.25,25.75,26,1102
SC-O,20260721,1.99,2.04,1.99,2.04,248
SCAP-O,20260721,2,2,1.83,1.83,163
SCB-O,20260721,159.5,160,153,155,45514
SCC-O,20260721,257,257,254,255,927
SCCC-O,20260721,149.5,150,149.5,150,81
SCG-O,20260721,2.88,2.96,2.88,2.88,81
SCGD-O,20260721,5.3,5.3,5.15,5.25,171
SCGP-O,20260721,30.5,31.25,29.5,30,2062
SCI-O,20260721,0.93,0.93,0.93,0.93,10
SCM-O,20260721,0.12,0.12,0.12,0.12,90
SCN-O,20260721,0.41,0.41,0.4,0.4,70
SCP-O,20260721,9,9,9,9,82
SDC-O,20260721,0.03,0.03,0.02,0.02,121
SE-ED-O,20260721,1.45,1.45,1.45,1.45,7
SE-O,20260721,0.36,0.49,0.36,0.49,37
SEAFCO-O,20260721,2.96,2.96,2.94,2.94,99
SEAOIL-O,20260721,3.34,3.34,3.32,3.32,102
SECURE-O,20260721,14,14,14,14,17
SEI-O,20260721,1.7,1.78,1.7,1.78,30
SELIC-O,20260721,2.8,2.8,2.78,2.78,6
SENA-O,20260721,1.81,1.81,1.39,1.8,86
SENX-O,20260721,0.21,0.21,0.21,0.21,11
SFLEX-O,20260721,3.04,3.04,3.02,3.02,51
SFT-O,20260721,1.41,1.41,1.4,1.4,29
SGC-O,20260721,1.83,1.87,1.82,1.82,375
SGP-O,20260721,8.05,8.05,8,8,9
SHANG-O,20260721,45.5,45.5,45.5,45.5,1
SHR-O,20260721,1.7,1.7,1.69,1.7,117
SICT-O,20260721,2.96,2.98,2.94,2.98,92
SIMAT-O,20260721,1.27,1.27,1.27,1.27,2
SINGER-O,20260721,12.7,14,12.7,12.8,231
SINO-O,20260721,0.93,0.93,0.93,0.93,22
SIRI-O,20260721,1.52,1.53,1.51,1.52,1882
SIS-O,20260721,26.25,26.25,25,26,195
SISB-O,20260721,10.1,10.1,9.9,9.95,336
SITHAI-O,20260721,1.09,1.09,0.85,1.06,67
SJWD-O,20260721,9.15,9.6,9.1,9.4,258
SKE-O,20260721,0.17,0.19,0.17,0.19,50
SKN-O,20260721,5.3,5.35,5.3,5.35,2
SKR-O,20260721,8,8,7.95,8,11
SKY-O,20260721,18.4,18.7,17.8,17.8,458
SLP-O,20260721,0.49,0.49,0.49,0.49,1
SMART-O,20260721,0.57,0.57,0.55,0.57,20
SMD100-O,20260721,1.17,1.19,1.14,1.17,113
SMIT-O,20260721,3.66,3.66,3.5,3.66,79
SMO-O,20260721,4.08,4.08,4.06,4.08,144
SMPC-O,20260721,9.45,9.5,9.45,9.45,61
SMT-O,20260721,4,4.24,4,4.24,256
SNC-O,20260721,8.25,8.25,8.25,8.25,18
SNNP-O,20260721,7.15,7.15,7.05,7.15,95
SNP-O,20260721,9.25,9.25,9,9,41
SO-O,20260721,4.68,4.68,4.68,4.68,13
SOLAR-O,20260721,0.22,0.22,0.22,0.22,11
SONIC-O,20260721,1.6,1.6,1.6,1.6,1
SORKON-O,20260721,3.58,3.58,3.58,3.58,110
SPA-O,20260721,3.34,3.34,3.28,3.34,498
SPALI-O,20260721,16.1,16.2,16,16.2,848
SPC-O,20260721,55.75,56,55.5,55.5,32
SPCG-O,20260721,9.4,9.4,9.25,9.35,279
SPI-O,20260721,34.5,34.5,34.25,34.25,2
SPRC-O,20260721,9.25,9.75,9.25,9.75,1133
SPTX-O,20260721,0.01,0.01,0.01,0.01,100
SPVI-O,20260721,3.52,3.54,3.5,3.54,102
SR-O,20260721,0.26,0.26,0.26,0.26,2
SRICHA-O,20260721,17.8,18.2,17.7,18.2,251
SRS-O,20260721,1.8,1.8,1.8,1.8,1
SSF-O,20260721,5.15,5.15,5,5,59
SSP-O,20260721,4.32,4.58,4.26,4.36,186
SST-O,20260721,1,1.02,1,1.02,45
STA-O,20260721,18.9,18.9,18.5,18.7,606
STANLY-O,20260721,240,242,239,239,402
STARM-O,20260721,0.96,0.96,0.96,0.96,1
STECH-O,20260721,1.26,1.26,1.25,1.25,10
STECON-O,20260721,18.6,19.9,18.6,19.7,2851
STELLA-O,20260721,0.3,0.3,0.27,0.28,91
STGT-O,20260721,10.6,10.7,10.5,10.7,140
STI-O,20260721,1.71,1.71,1.71,1.71,6
STPI-O,20260721,6.55,6.95,6.55,6.95,326
STX-O,20260721,0.86,0.86,0.86,0.86,10
SUC-O,20260721,27.5,27.5,27.25,27.5,100
SUN-O,20260721,2.5,2.5,2.44,2.44,84
SUPER-O,20260721,0.12,0.14,0.12,0.13,576
SUPEREIF-O,20260721,6.3,6.3,6.3,6.3,10
SUSCO-O,20260721,2.34,2.34,2.34,2.34,133
SUTHA-O,20260721,2.82,2.82,2.82,2.82,71
SVOA-O,20260721,2.3,2.34,2.3,2.34,159
SVR-O,20260721,0.31,0.31,0.31,0.31,1
SVT-O,20260721,1.39,1.39,1.36,1.36,42
SWC-O,20260721,4.64,4.64,4.64,4.64,27
SYMC-O,20260721,5.9,6,5.8,6,20
SYNEX-O,20260721,9.85,9.95,9.85,9.9,415
SYNTEC-O,20260721,1.87,1.87,1.86,1.86,14
TACC-O,20260721,6.45,6.65,6.45,6.55,333
TAE-O,20260721,1.63,1.65,1.63,1.65,33
TAN-O,20260721,3.88,3.88,3.88,3.88,5
TASCO-O,20260721,14.2,14.3,14.1,14.2,506
TBN-O,20260721,3.46,3.5,3.46,3.5,3
TC-O,20260721,5.5,6.65,5.5,6.65,2
TCAP-O,20260721,74,74,71.75,73.25,3104
TCC-O,20260721,0.31,0.31,0.31,0.31,12
TCMC-O,20260721,0.3,0.3,0.3,0.3,5
TEAM-O,20260721,4.7,4.7,4.68,4.68,21
TEAMG-O,20260721,3.16,3.22,3.16,3.18,163
TEGH-O,20260721,3.1,3.1,3.1,3.1,21
TEKA-O,20260721,1.25,1.25,1.25,1.25,2
TERA-O,20260721,1.23,1.23,1.18,1.18,153
TFFIF-O,20260721,6.85,6.9,6.85,6.9,274
TFG-O,20260721,10.6,10.6,10.4,10.5,1378
TFI-O,20260721,0.04,0.04,0.04,0.04,5
TFMAMA-O,20260721,187,187,186.5,187,12
TGE-O,20260721,1.25,1.26,1.25,1.26,3
TGPRO-O,20260721,0.03,0.03,0.03,0.03,29
TH-O,20260721,0.48,0.48,0.48,0.48,12
THAI-O,20260721,6.05,6.1,5.95,6.1,2194
THANI-O,20260721,2.2,2.2,2.14,2.14,513
THCOM-O,20260721,11.2,11.4,11.1,11.3,105
THG-O,20260721,7.5,7.5,7.45,7.45,5
THIP-O,20260721,20.9,21,20.9,20.9,110
THMUI-O,20260721,0.3,0.3,0.3,0.3,55
THRE-O,20260721,0.39,0.39,0.39,0.39,1
THREL-O,20260721,1,1,0.9,1,275
TIDLOR-O,20260721,20,20.1,19.6,19.8,1369
TIGER-O,20260721,0.52,0.55,0.52,0.52,31
TIPCO-O,20260721,6.45,6.45,6.4,6.4,25
TIPH-O,20260721,23.7,23.8,23.6,23.8,210
TISCO-O,20260721,132.5,132.5,129,130.5,14597
TITLE-O,20260721,7.55,7.55,7.55,7.55,1
TKN-O,20260721,4.16,4.16,4.12,4.12,42
TKS-O,20260721,7.4,7.4,5.8,6.6,107
TLI-O,20260721,11.8,11.9,11.7,11.7,372
TM-O,20260721,0.96,0.96,0.93,0.93,4
TMAN-O,20260721,11.5,11.6,11.4,11.4,202
TMC-O,20260721,0.7,0.7,0.7,0.7,2
TMD-O,20260721,26.5,26.5,26,26,2
TMI-O,20260721,0.61,0.61,0.61,0.61,1
TMILL-O,20260721,2.74,3.42,2.72,2.78,104
TMT-O,20260721,3.4,3.4,3.4,3.4,40
TMW-O,20260721,63.5,63.75,63.25,63.5,128
TNDT-O,20260721,0.17,0.17,0.17,0.17,1
TNH-O,20260721,29,29,29,29,1
TNITY-O,20260721,2.6,2.7,2.6,2.7,56
TNP-O,20260721,2.9,2.92,2.9,2.9,148
TNPC-O,20260721,0.88,0.88,0.88,0.88,6
TNPF-O,20260721,1.02,1.02,1.02,1.02,1
TNR-O,20260721,5.6,5.6,5.6,5.6,1
TOA-O,20260721,15.4,15.5,15,15.1,222
TOG-O,20260721,7.7,7.7,5.3,7.6,108
TOP-O,20260721,63,65.75,63,65.5,7474
TPAC-O,20260721,8.7,8.7,8.7,8.7,46
TPBI-O,20260721,3.2,3.2,3.2,3.2,1
TPCH-O,20260721,1.45,1.47,1.45,1.47,25
TPIPL-O,20260721,0.87,0.9,0.87,0.87,542
TPIPP-O,20260721,1.84,1.84,1.83,1.84,352
TPOLY-O,20260721,0.11,0.11,0.11,0.11,2
TPP-O,20260721,12.8,12.8,12.7,12.7,5
TPRIME-O,20260721,7.75,7.75,7.75,7.75,10
TPS-O,20260721,2.24,3.24,2.24,3.2,18
TQM-O,20260721,17.1,17.1,16.9,16.9,152
TRC-O,20260721,0.42,0.61,0.42,0.58,163
TRITN-O,20260721,0.03,0.03,0.03,0.03,50
TRT-O,20260721,15.2,15.2,15,15,14
TRU-O,20260721,3.78,3.78,3.76,3.76,52
TRUBB-O,20260721,1.08,1.08,1,1.08,111
TRUE-O,20260721,13.9,14.2,13.9,14.2,3740
TSC-O,20260721,15.4,15.9,15.3,15.3,131
TSE-O,20260721,0.83,0.84,0.82,0.82,48
TSTE-O,20260721,10.9,10.9,10.5,10.5,11
TSTH-O,20260721,0.99,0.99,0.91,0.99,53
TTA-O,20260721,5.2,5.3,5.1,5.25,243
TTB-O,20260721,3,3.02,2.88,2.96,17394
TTI-O,20260721,26.25,26.25,25.5,25.5,85
TTLPF-O,20260721,9.5,9.5,9.45,9.5,100
TTT-O,20260721,43.25,43.25,43.25,43.25,21
TTW-O,20260721,10.4,10.5,10.4,10.5,909
TU-O,20260721,11.9,12,11.9,12,575
TURBO-O,20260721,1.85,1.85,1.26,1.76,332
TURTLE-O,20260721,2.4,2.4,2.4,2.4,1
TVDH-O,20260721,0.05,0.05,0.05,0.05,1
TVH-O,20260721,12.3,12.3,12.2,12.2,34
TVO-O,20260721,27.5,27.75,27,27.25,621
TWP-O,20260721,1.09,1.12,1.09,1.12,84
TWZ-O,20260721,0.02,0.02,0.02,0.02,1
UAC-O,20260721,2.6,2.6,2.6,2.6,1
UBE-O,20260721,0.64,0.64,0.64,0.64,1
UBIS-O,20260721,1.38,1.38,1.38,1.38,4
UEC-O,20260721,0.78,0.78,0.78,0.78,1
UKEM-O,20260721,0.75,0.75,0.75,0.75,1
UNIQ-O,20260721,2.7,2.94,2.7,2.94,65
UP-O,20260721,23.9,29.75,23.9,29.75,3
UPF-O,20260721,21.8,21.8,21.8,21.8,8
UPOIC-O,20260721,6.95,6.95,6.95,6.95,1
UREKA-O,20260721,0.44,0.44,0.44,0.44,59
UTP-O,20260721,8.35,8.4,8.25,8.25,174
UV-O,20260721,1.09,1.09,1.06,1.06,139
UVAN-O,20260721,15.8,15.8,15.5,15.6,625
VCOM-O,20260721,4.18,4.18,4.14,4.14,2
VGI-O,20260721,1.03,1.08,1.03,1.07,902
VIBHA-O,20260721,1.35,1.35,1.33,1.34,395
VIH-O,20260721,8.5,8.5,8.5,8.5,6
VL-O,20260721,0.8,0.8,0.8,0.8,7
VPO-O,20260721,0.56,0.56,0.54,0.54,107
VS-O,20260721,0.39,0.39,0.39,0.39,1
WACOAL-O,20260721,16,16,16,16,1
WARRIX-O,20260721,1.36,1.4,1.36,1.38,154
WASH-O,20260721,4,4,4,4,1
WAVE-O,20260721,0.04,0.04,0.04,0.04,15
WFX-O,20260721,0.96,0.96,0.96,0.96,1
WGE-O,20260721,0.7,0.7,0.7,0.7,9
WHA-O,20260721,5.5,5.55,5.45,5.45,1669
WHAIR-O,20260721,8.1,8.15,8.05,8.15,221
WHART-O,20260721,11.2,11.3,11,11.2,452
WHAUP-O,20260721,8,8,7.75,7.85,920
WICE-O,20260721,3.78,3.9,3.78,3.9,480
WIIK-O,20260721,1.17,1.17,1.1,1.1,59
WIN-O,20260721,0.3,0.3,0.3,0.3,1
WINNER-O,20260721,2.2,2.22,2.18,2.18,146
WORK-O,20260721,3.52,3.52,3.46,3.46,74
WP-O,20260721,3.68,3.76,3.54,3.7,153
WPH-O,20260721,5.75,5.9,5.7,5.7,138
XBIO-O,20260721,0.09,0.09,0.09,0.09,41
XO-O,20260721,19.2,19.3,19.2,19.2,139
XPG-O,20260721,0.5,0.5,0.46,0.46,114
XYZ-O,20260721,0.27,0.27,0.27,0.27,1
YGG-O,20260721,0.18,0.19,0.18,0.19,9
YONG-O,20260721,0.76,0.76,0.76,0.76,1
YUASA-O,20260721,14.5,14.5,14.5,14.5,1
ZIGA-O,20260721,0.87,0.87,0.69,0.87,19
2S,20260721,3.14,3.16,3.12,3.14,164500
3BBIF,20260721,6.6,6.6,6.55,6.6,3473100
88TH,20260721,4.12,4.14,4.06,4.08,567200
A,20260721,2.78,2.78,2.78,2.78,200
A5,20260721,1.81,1.82,1.8,1.82,9100
AAI,20260721,3.94,3.96,3.9,3.92,2273000
AAV,20260721,1.06,1.07,1.06,1.07,31228200
ABM,20260721,0.5,0.5,0.49,0.5,11400
ACC,20260721,0.31,0.35,0.3,0.35,6482600
ACE,20260721,1.45,1.45,1.4,1.42,4259800
ACG,20260721,0.72,0.75,0.7,0.75,67100
ADB,20260721,0.71,0.77,0.71,0.77,7031000
ADD,20260721,3.3,3.3,3.28,3.3,4600
ADVANC,20260721,384,387,383,384,8322600
ADVICE,20260721,7.45,7.45,7.3,7.3,2435200
AE,20260721,0.09,0.1,0.09,0.1,998400
AEONTS,20260721,110,110.5,106,106.5,977100
AF,20260721,0.36,0.38,0.36,0.38,70600
AFC,20260721,5.1,5.1,5.1,5.1,3600
AGE,20260721,1.34,1.35,1.32,1.33,1452700
AH,20260721,15.3,15.5,15.2,15.4,333500
AHC,20260721,13.9,14,13.9,14,2800
AI,20260721,2.9,2.96,2.9,2.96,366200
AIE,20260721,1.21,1.22,1.21,1.21,1420000
AIMCG,20260721,1.78,1.79,1.72,1.72,343100
AIMIRT,20260721,12.3,12.4,12.2,12.4,298300
AIRA,20260721,1.02,1.03,1.02,1.03,1000
AIT,20260721,4.9,4.96,4.9,4.94,728900
AJ,20260721,3.14,3.18,3.08,3.12,3212000
AJA,20260721,0.13,0.13,0.12,0.12,3706700
AKP,20260721,0.71,0.72,0.7,0.71,259800
AKR,20260721,0.9,0.91,0.89,0.9,816500
ALLA,20260721,1.18,1.19,1.17,1.17,321100
ALLY,20260721,5.4,5.45,5.35,5.4,780200
ALPHAX,20260721,0.24,0.25,0.24,0.24,2077400
ALT,20260721,1.82,1.83,1.74,1.77,6376400
ALUCON,20260721,251,251,251,251,1000
AMA,20260721,3.86,3.88,3.82,3.84,319600
AMANAH,20260721,0.77,0.77,0.75,0.76,1099400
AMARC,20260721,3.32,3.36,3.22,3.24,10941600
AMARIN,20260721,2.02,2.04,2,2.04,7700
AMATA,20260721,29,29.5,28.5,29.25,18057800
AMATAR,20260721,7.55,7.55,7.45,7.55,91400
AMATAV,20260721,2.14,2.16,2.14,2.14,102300
AMC,20260721,2.18,2.2,2.18,2.2,22000
AMR,20260721,0.39,0.4,0.39,0.4,41100
ANAN,20260721,0.37,0.37,0.36,0.36,2782200
ANI,20260721,2.98,3,2.94,3,72300
AOT,20260721,64,64.75,63.5,64,22252600
AP,20260721,8.1,8.1,8,8.05,10313300
APCO,20260721,2.72,2.76,2.7,2.7,175400
APCS,20260721,1.38,1.38,1.38,1.38,100
APO,20260721,2.18,2.22,2.18,2.18,972100
APP,20260721,2.72,2.76,2.7,2.74,127700
APURE,20260721,2.04,2.06,2.04,2.06,143400
AQUA,20260721,0.1,0.11,0.1,0.1,4717600
ARIN,20260721,0.52,0.53,0.52,0.52,462000
ARIP,20260721,0.47,0.48,0.47,0.48,133300
ARROW,20260721,5.8,5.8,5.75,5.8,67200
AS,20260721,2.5,2.5,2.46,2.48,717000
ASAP,20260721,2.18,2.2,2.16,2.18,100400
ASEFA,20260721,6.15,6.25,6.15,6.15,394600
ASIA,20260721,5.45,5.45,5.45,5.45,2300
ASIAN,20260721,7.35,7.4,7.3,7.35,764300
ASIMAR,20260721,1.4,1.53,1.4,1.43,2179900
ASK,20260721,12.2,12.3,12,12.1,709300
ASN,20260721,1.05,1.18,0.99,1.02,528300
ASP,20260721,2.34,2.38,2.32,2.36,3699500
ASTR,20260721,4.72,4.8,4.62,4.8,119800
ASW,20260721,7.45,7.55,7.45,7.5,76400
ATLAS,20260721,1.9,1.93,1.89,1.9,3606000
ATP30,20260721,0.8,0.82,0.8,0.8,1175300
AU,20260721,4.78,4.78,4.72,4.76,812900
AUCT,20260721,4.52,4.56,4.48,4.5,525800
AURA,20260721,14.8,15.5,14.8,14.9,10288800
AWC,20260721,2.82,2.84,2.76,2.82,47410400
AXTRART,20260721,13.1,13.3,13.1,13.3,1328600
AYUD,20260721,42,42.25,42,42.25,18100
B,20260721,0.03,0.04,0.03,0.04,233200
B-WORK,20260721,6.6,6.6,6.55,6.6,35900
B52,20260721,0.25,0.25,0.25,0.25,12500
BA,20260721,18.6,18.7,18.4,18.6,5482400
BAFS,20260721,10.6,11.6,10.6,11.4,1725100
BAM,20260721,7,7.05,6.9,6.9,18185900
BAREIT,20260721,11.7,11.7,11.3,11.4,808800
BAY,20260721,45,45.25,42.25,42.5,11047200
BBGI,20260721,4.92,5.25,4.9,5.15,6571300
BBIK,20260721,22.1,23.5,22,23.1,6017900
BBL,20260721,203,204,198,200,26154500
BC,20260721,0.59,0.59,0.58,0.59,53800
BCH,20260721,10.8,10.8,10.5,10.7,14582300
BCP,20260721,44,45.25,43.75,45,25454900
BCPG,20260721,7.55,7.65,7.45,7.55,19138900
BDMS,20260721,19.6,19.6,19.4,19.5,47899100
BE8,20260721,6.55,6.95,6.55,6.7,8715400
BEAUTY,20260721,0.37,0.37,0.36,0.37,5460900
BEC,20260721,2.14,2.14,2.12,2.14,306000
BEM,20260721,6.8,6.9,6.7,6.7,45359800
BEYOND,20260721,8.35,8.45,8.3,8.35,47100
BGC,20260721,7,7,6.9,6.9,23800
BGRIM,20260721,19.9,20.2,19.8,19.9,22579600
BGT,20260721,0.41,0.41,0.4,0.41,18700
BH,20260721,184,185.5,183,184,3662800
BIG,20260721,0.32,0.34,0.31,0.31,6197000
BIOTEC,20260721,0.24,0.25,0.24,0.25,2037700
BIS,20260721,2.22,2.3,2.18,2.22,185100
BIZ,20260721,6.15,6.15,6.05,6.15,125000
BJC,20260721,15,15.1,14.9,14.9,2667600
BJCHI,20260721,3.26,3.3,3.2,3.24,54500
BKA,20260721,0.84,0.84,0.81,0.81,1610500
BKD,20260721,1.16,1.16,1.14,1.14,103900
BKGI,20260721,2,2.06,1.98,2.04,876900
BKIH,20260721,372,373,372,372,2600
BLA,20260721,27.25,27.5,26.75,27,1134300
BLAND,20260721,0.71,0.71,0.63,0.65,136100300
BLC,20260721,4.08,4.1,4.04,4.08,301900
BLESS,20260721,0.29,0.29,0.28,0.28,769600
BM,20260721,1.17,1.18,1.16,1.16,692400
BOFFICE,20260721,5.55,5.6,5.55,5.6,228400
BOL,20260721,5.15,5.15,5.1,5.1,132900
BPS,20260721,0.58,0.6,0.57,0.57,145700
BR,20260721,1.99,1.99,1.95,1.97,382300
BRI,20260721,1.32,1.33,1.3,1.32,121100
BRR,20260721,3.6,3.62,3.6,3.6,145300
BRRGIF,20260721,3.76,3.78,3.76,3.78,258200
BSBM,20260721,0.66,0.68,0.63,0.65,2271800
BSM,20260721,0.84,0.86,0.83,0.85,54700
BTC,20260721,0.15,0.16,0.15,0.16,1901800
BTG,20260721,21.2,21.5,21.1,21.3,5597600
BTNC,20260721,14.8,14.8,14.4,14.4,1100
BTS,20260721,2.16,2.2,2.14,2.18,91053700
BTSGIF,20260721,2.44,2.44,2.42,2.44,2638800
BTW,20260721,0.08,0.08,0.08,0.08,69000
BUI,20260721,11,11,11,11,900
BVG,20260721,1.62,1.62,1.59,1.59,119700
BWG,20260721,0.26,0.27,0.26,0.26,4777000
BYD,20260721,0.48,0.48,0.47,0.48,918700
CAZ,20260721,2.46,2.48,2.4,2.46,506400
CBG,20260721,51.75,52,50.25,50.25,4980500
CCET,20260721,9.05,9.05,8.9,8.95,56188700
CCP,20260721,0.28,0.29,0.28,0.28,422000
CEN,20260721,0.62,0.62,0.6,0.61,223900
CENTEL,20260721,38.25,38.75,37.75,38,6861100
CEYE,20260721,1.13,1.13,1.11,1.12,38100
CFARM,20260721,0.84,0.84,0.82,0.84,660200
CFRESH,20260721,1.05,1.08,1.05,1.08,645900
CGD,20260721,0.1,0.11,0.1,0.11,9563600
CGH,20260721,0.55,0.56,0.54,0.55,1564900
CH,20260721,1.48,1.48,1.47,1.47,12700
CHAO,20260721,4.22,4.22,4.2,4.22,142200
CHARAN,20260721,17,17,17,17,100
CHASE,20260721,0.55,0.56,0.55,0.55,1397200
CHAYO,20260721,1.47,1.47,1.43,1.44,3567200
CHEWA,20260721,0.16,0.17,0.16,0.16,74100
CHG,20260721,1.6,1.6,1.55,1.57,55802400
CHIC,20260721,0.31,0.34,0.31,0.32,170900
CHOTI,20260721,65.25,65.25,65,65,300
CHOW,20260721,1.42,1.42,1.37,1.37,137800
CI,20260721,0.38,0.38,0.37,0.38,133200
CIG,20260721,0.03,0.03,0.02,0.03,115600
CITY,20260721,1.17,1.17,1.13,1.17,10700
CIVIL,20260721,1.21,1.25,1.17,1.25,3906500
CK,20260721,18.8,19.4,18.7,19.3,16326400
CKP,20260721,2.68,2.68,2.62,2.66,9156000
CM,20260721,1.52,1.52,1.52,1.52,4500
CMAN,20260721,2.82,2.84,2.8,2.84,231300
CMC,20260721,0.47,0.48,0.46,0.47,142100
CMO,20260721,0.78,0.8,0.78,0.79,538100
CMR,20260721,1.27,1.27,1.26,1.27,90300
CNT,20260721,2.02,2.16,2,2.08,5062600
COCOCO,20260721,6.05,6.1,5.95,6,808100
COLOR,20260721,0.99,1.01,0.98,0.99,31900
COM7,20260721,30.25,30.5,29.75,30.25,7290800
COMAN,20260721,0.48,0.51,0.48,0.51,300
CPALL,20260721,47.75,47.75,47,47.25,38100800
CPANEL,20260721,1.19,1.2,1.18,1.2,83700
CPAXT,20260721,14.9,15,14.9,15,2891000
CPF,20260721,22.3,22.8,22.3,22.6,37298700
CPH,20260721,7.7,7.8,7.7,7.75,6800
CPI,20260721,3.62,3.7,3.58,3.68,530900
CPL,20260721,0.7,0.7,0.68,0.69,304900
CPN,20260721,68.5,68.75,67.25,67.25,5869100
CPNCG,20260721,5.55,5.55,5.5,5.55,46100
CPNREIT,20260721,13.5,13.5,13.4,13.5,1416500
CPR,20260721,2.68,2.68,2.64,2.68,9500
CPT,20260721,0.99,1,0.98,1,52800
CPTREIT,20260721,6.5,6.6,6.5,6.55,334400
CPW,20260721,2.58,2.66,2.58,2.62,253400
CRANE,20260721,0.38,0.38,0.37,0.37,807800
CRC,20260721,23.9,23.9,23.5,23.7,11616200
CRD,20260721,0.57,0.57,0.56,0.56,109800
CREDIT,20260721,26.25,26.25,24.8,25,4549300
CSC,20260721,44.5,45,44.5,44.5,3400
CSP,20260721,0.44,0.45,0.43,0.44,427800
CSS,20260721,1.02,1.05,1.02,1.03,2782000
CTARAF,20260721,4.72,4.74,4.68,4.74,730300
CTW,20260721,6.75,7.1,6.65,7.1,347900
CWT,20260721,0.98,0.98,0.94,0.95,3037700
D,20260721,3.1,3.1,3.08,3.1,125400
DCC,20260721,1.48,1.48,1.46,1.48,1513600
DCON,20260721,0.19,0.19,0.18,0.18,1374600
DDD,20260721,5,5.15,5,5.05,32600
DELTA,20260721,302,305,297,302,15968100
DEMCO,20260721,3.76,3.78,3.72,3.72,366500
DEXON,20260721,0.75,0.79,0.75,0.76,19700
DHOUSE,20260721,0.34,0.34,0.34,0.34,2000
DIF,20260721,10.3,10.3,10.2,10.2,4287000
DIMET,20260721,0.06,0.06,0.06,0.06,145000
DITTO,20260721,15.8,16.8,15.7,16.6,12770900
DMT,20260721,12.3,12.4,12.2,12.4,605000
DOD,20260721,1.17,1.18,1.17,1.18,34700
DOHOME,20260721,3.94,4,3.9,3.92,17856800
DPAINT,20260721,0.26,0.26,0.24,0.25,1552000
DREIT,20260721,4.98,5.05,4.96,4.98,188500
DRT,20260721,5.25,5.25,5.2,5.25,145100
DTCENT,20260721,0.96,0.97,0.95,0.96,134000
DUSIT,20260721,11.7,11.7,11.6,11.7,48900
EA,20260721,3.1,3.18,3.1,3.12,71740000
EASON,20260721,1.17,1.18,1.16,1.16,79400
EAST,20260721,0.75,0.75,0.73,0.74,127900
EASTW,20260721,5.35,5.35,5.1,5.25,3692200
EFORL,20260721,0.12,0.13,0.12,0.12,1272200
EGATIF,20260721,6.2,6.2,6.15,6.15,1286600
EGCO,20260721,133,136.5,132.5,135.5,3971900
EKH,20260721,5.1,5.1,5.05,5.05,379100
EMC,20260721,0.02,0.02,0.01,0.01,601600
EMPIRE,20260721,0.18,0.19,0.17,0.18,3522600
EP,20260721,1.18,1.21,1.18,1.21,97200
EPG,20260721,6.65,6.7,6.5,6.5,25254500
ERW,20260721,3.1,3.2,3.06,3.2,61456900
ESTAR,20260721,0.25,0.25,0.24,0.25,266800
ETC,20260721,0.74,0.75,0.73,0.73,10562400
ETE,20260721,0.57,0.6,0.57,0.58,1002700
ETL,20260721,0.4,0.44,0.39,0.43,8250200
EURO,20260721,5.9,5.95,5.8,5.85,310600
EVER,20260721,0.08,0.08,0.07,0.08,318700
FANCY,20260721,0.25,0.27,0.25,0.26,17900
FLOYD,20260721,1.09,1.1,1.08,1.09,315500
FM,20260721,4.28,4.3,4.26,4.28,737800
FMT,20260721,20.5,20.6,20.5,20.6,400
FN,20260721,0.46,0.48,0.45,0.47,121700
FNS,20260721,0.65,0.68,0.62,0.65,87200
FORTH,20260721,15.4,16,15.4,15.8,8095900
FPI,20260721,1.67,1.68,1.65,1.68,200300
FPT,20260721,7.05,7.1,7,7,50700
FSMART,20260721,7.9,8.45,7.9,8.45,15313100
FSX,20260721,1.12,1.25,1.12,1.16,348800
FTE,20260721,2.84,2.84,2.8,2.8,549800
FTI,20260721,1.83,1.83,1.77,1.78,50700
FTREIT,20260721,12.5,12.6,12.4,12.5,995700
FUTURERT,20260721,8.95,9,8.95,8.95,246300
FVC,20260721,0.32,0.33,0.32,0.33,427700
GABLE,20260721,4.28,4.3,4.22,4.28,568500
GAHREIT,20260721,3.86,3.86,3.78,3.84,341200
GBX,20260721,0.63,0.66,0.63,0.66,3065800
GC,20260721,5.05,5.15,5.05,5.1,168600
GCAP,20260721,0.26,0.26,0.25,0.26,584400
GEL,20260721,0.03,0.04,0.03,0.03,1342400
GENCO,20260721,0.32,0.33,0.32,0.33,20000
GFC,20260721,2.3,2.32,2.3,2.3,61600
GFPT,20260721,9.9,9.95,9.75,9.8,6532300
GGC,20260721,4.24,4.3,4.2,4.28,78600
GJS,20260721,0.14,0.14,0.13,0.14,437200
GLOBAL,20260721,7.4,7.45,7.3,7.35,16448200
GLORY,20260721,1.1,1.1,1.07,1.07,13100
GPI,20260721,1.8,1.8,1.77,1.79,1007400
GPSC,20260721,54.5,55.25,54,54.25,8269600
GRAMMY,20260721,2.9,2.9,2.88,2.88,18600
GRAND,20260721,0.02,0.03,0.02,0.03,1147900
GREEN,20260721,0.73,0.73,0.69,0.72,74600
GROREIT,20260721,9,9,8.8,9,714500
GTB,20260721,0.72,0.72,0.71,0.71,111200
GTV,20260721,0.03,0.04,0.02,0.03,8049200
GULF,20260721,67.5,68.5,67,67.75,82535900
GUNKUL,20260721,5.35,5.5,5.3,5.4,122638400
GVREIT,20260721,8.5,8.5,8.2,8.35,400100
HANA,20260721,38,38.5,37.75,38,28453900
HANN,20260721,0.89,0.89,0.87,0.88,241800
HARN,20260721,2.1,2.1,2.08,2.08,127600
HENG,20260721,1.01,1.01,0.96,0.97,12628500
HFT,20260721,3.98,4.06,3.98,4.06,360500
HL,20260721,5.8,5.9,5.8,5.85,87400
HMPRO,20260721,6.65,6.7,6.6,6.65,24913000
HPF,20260721,6.25,6.25,6.2,6.25,15500
HTC,20260721,16.1,16.2,16,16.2,136700
HTECH,20260721,3.82,3.88,3.82,3.86,309700
HUMAN,20260721,4.86,4.94,4.78,4.82,6506400
HYDRO,20260721,0.07,0.08,0.06,0.08,1860100
HYDROGEN,20260721,8.15,8.15,8.1,8.1,1100
I2,20260721,0.8,0.8,0.8,0.8,238800
ICC,20260721,24.2,24.2,24.2,24.2,100
ICHI,20260721,15,15,14.8,14.9,5904800
ICN,20260721,2.2,2.2,2.12,2.18,925500
IDG,20260721,1.31,1.32,1.29,1.29,42000
IFS,20260721,1.97,1.97,1.95,1.96,26200
IHL,20260721,1.43,1.43,1.41,1.43,7600
IIG,20260721,1.56,1.63,1.56,1.59,1616100
III,20260721,4.48,4.56,4.48,4.5,1610500
ILINK,20260721,5.2,5.25,5.15,5.25,341600
ILM,20260721,13.3,13.3,13.1,13.1,266100
IMH,20260721,3.02,3.02,2.9,2.96,146000
IMPACT,20260721,12.5,12.7,12.5,12.5,264900
IND,20260721,1,1.01,0.98,0.98,894800
INET,20260721,4.24,4.24,4.16,4.2,1211600
INETREIT,20260721,13.4,13.5,13.3,13.5,810800
INGRS,20260721,0.09,0.1,0.09,0.1,1446800
INOX,20260721,4.2,4.2,4.18,4.18,79900
INSET,20260721,4.8,4.84,4.72,4.76,7793200
IP,20260721,5,5.1,4.98,5.1,277700
IRC,20260721,11.9,12,11.9,12,10300
IRCP,20260721,0.3,0.33,0.3,0.33,8358000
IROYAL,20260721,5.15,5.2,5.05,5.05,810100
IRPC,20260721,2.16,2.22,2.14,2.2,164801800
ISSARA,20260721,6.5,6.5,6.5,6.5,18900
IT,20260721,9.4,9.4,9.05,9.1,1146600
ITC,20260721,16.4,16.6,16.2,16.5,14838900
ITD,20260721,0.43,0.44,0.42,0.43,18943100
ITEL,20260721,1.74,1.83,1.73,1.81,21953200
ITNS,20260721,1.86,1.87,1.85,1.85,196300
ITTHI,20260721,1.36,1.38,1.35,1.35,1136600
IVF,20260721,0.81,0.81,0.78,0.79,976100
IVL,20260721,24.6,25.25,24.5,24.8,34251500
J,20260721,1,1.03,0.99,0.99,1475200
JAK,20260721,1.24,1.27,1.2,1.26,487800
JAS,20260721,1.12,1.12,1.11,1.11,6863800
JCK,20260721,0.13,0.13,0.12,0.13,546300
JCT,20260721,83,83,83,83,500
JDF,20260721,2.16,2.2,2.14,2.18,554900
JMART,20260721,11.6,11.8,11.4,11.5,20859400
JMT,20260721,12.2,12.8,12.1,12.4,31823900
JPARK,20260721,3.88,3.88,3.76,3.76,3747100
JR,20260721,1.75,1.76,1.74,1.76,6000
JSP,20260721,1.76,1.77,1.75,1.77,36500
JTS,20260721,29.75,30.25,29.5,29.75,219900
JUBILE,20260721,7.35,7.4,7.25,7.35,117600
K,20260721,0.95,0.96,0.94,0.96,83600
KAMART,20260721,7.65,7.7,7.55,7.55,987000
KASET,20260721,0.7,0.71,0.68,0.7,432600
KBANK,20260721,240,240,232,235,28250900
KBS,20260721,6.1,6.1,6.05,6.1,122000
KBSPIF,20260721,9.75,9.8,9.75,9.75,24200
KC,20260721,0.03,0.03,0.03,0.03,44000
KCAR,20260721,4.92,4.98,4.92,4.98,14100
KCC,20260721,3.08,3.08,3.04,3.06,380000
KCE,20260721,42,42.25,41.5,41.5,22727900
KCG,20260721,10.7,10.7,10.4,10.5,577400
KCM,20260721,0.26,0.28,0.26,0.28,44800
KGEN,20260721,1.78,1.81,1.78,1.81,7632500
KGI,20260721,4.8,4.98,4.76,4.96,9446300
KIAT,20260721,0.34,0.34,0.33,0.33,359000
KISS,20260721,3.5,3.64,3.48,3.62,1559600
KJL,20260721,7.05,7.05,6.9,6.95,103500
KK,20260721,1.03,1.03,1.02,1.02,18400
KKP,20260721,115,115,107.5,113.5,28334000
KLINIQ,20260721,28,28.25,27.5,28,911500
KOOL,20260721,0.3,0.3,0.29,0.29,394400
KPNREIT,20260721,2,2,1.98,1.99,104500
KSL,20260721,1.58,1.67,1.57,1.67,10415300
KTB,20260721,42.75,43,41.5,42.5,131757900
KTBSTMR,20260721,6.5,6.6,6.5,6.5,59500
KTC,20260721,40.5,40.5,39.75,40.25,24588200
KTIS,20260721,1.84,1.86,1.82,1.83,95200
KTMS,20260721,1.33,1.37,1.33,1.34,219900
KUMWEL,20260721,2.72,2.72,2.64,2.66,582800
KUN,20260721,0.64,0.64,0.62,0.62,188700
KWC,20260721,280,280,280,280,200
KWM,20260721,0.97,0.97,0.93,0.93,247500
KYE,20260721,324,325,322,324,9500
L&E,20260721,1.22,1.22,1.19,1.2,24400
LALIN,20260721,4.38,4.44,4.38,4.42,30800
LANNA,20260721,14.9,14.9,14.5,14.7,903900
LDC,20260721,0.24,0.25,0.24,0.24,110300
LEE,20260721,2.52,2.52,2.5,2.5,53200
LEO,20260721,2,2.04,1.97,1.97,742400
LH,20260721,3.8,3.8,3.74,3.8,31676800
LHFG,20260721,1.3,1.33,1.26,1.27,59604700
LHHOTEL,20260721,13.9,13.9,13.8,13.9,585000
LHK,20260721,3.54,3.56,3.52,3.54,52200
LHRREIT,20260721,4.42,4.44,4.4,4.42,96300
LHSC,20260721,15.4,15.4,15.3,15.3,382400
LIT,20260721,0.88,0.91,0.86,0.88,771000
LOXLEY,20260721,1.48,1.49,1.47,1.48,871500
LPH,20260721,3.64,3.66,3.62,3.62,226700
LPN,20260721,1.6,1.61,1.59,1.61,284600
LST,20260721,4.8,4.8,4.78,4.78,13400
LTMH,20260721,8.65,8.65,7.6,8.5,1344600
LTS,20260721,2.9,3,2.88,2.94,4552700
LUXF,20260721,9.2,9.3,9.2,9.3,6000
M,20260721,21.7,21.9,21.7,21.8,779200
M-CHAI,20260721,19.3,19.4,19,19.1,6200
M-STOR,20260721,7.5,7.5,7.4,7.4,1000
MADAME,20260721,0.62,0.67,0.62,0.66,2592600
MAGURO,20260721,19.9,20.1,19.6,19.9,1444400
MAJOR,20260721,7,7,6.7,6.8,1972400
MALEE,20260721,4.12,4.12,4.04,4.08,685800
MASTEC,20260721,2.24,2.28,2.2,2.22,2530200
MASTER,20260721,9.1,9.25,9.1,9.2,822300
MATCH,20260721,0.87,0.87,0.85,0.85,16000
MBAX,20260721,2.02,2.08,2.02,2.02,113100
MBK,20260721,22,22.1,21.6,21.8,1323400
MC,20260721,11.7,11.8,11.6,11.7,1808800
MCA,20260721,1.32,1.33,1.31,1.32,41500
MCOT,20260721,6.2,6.25,6.05,6.05,134200
MCS,20260721,8,8.05,7.95,8.05,523000
MDX,20260721,3.9,3.94,3.82,3.82,2849100
MEB,20260721,12.6,12.6,12.3,12.5,1134100
MEDEZE,20260721,6.7,6.7,6.55,6.55,285300
MEGA,20260721,37.75,38.25,37.75,37.75,539100
MENA,20260721,0.75,0.75,0.74,0.74,717300
METCO,20260721,301,302,300,302,5300
MFC,20260721,20.2,20.4,20.2,20.3,372900
MFEC,20260721,6.1,6.2,6.1,6.2,196600
MGC,20260721,9.65,10.2,9.45,9.8,18246000
MGI,20260721,5.9,5.95,5.8,5.85,540700
MGT,20260721,1.92,1.94,1.91,1.94,115900
MICRO,20260721,1.38,1.38,1.29,1.31,4490700
MIDA,20260721,0.48,0.48,0.46,0.46,1359300
MII,20260721,6.55,6.55,6.5,6.5,10700
MINT,20260721,24.1,24.2,23.8,24,22103900
MITSIB,20260721,0.6,0.61,0.58,0.6,1108900
MJD,20260721,0.32,0.32,0.31,0.31,189800
MJLF,20260721,5.9,5.9,5.85,5.85,73000
MK,20260721,0.6,0.62,0.59,0.6,86500
ML,20260721,1.61,1.62,1.59,1.59,1670300
MMM,20260721,2.76,2.88,2.74,2.78,338300
MNIT,20260721,1.94,1.94,1.94,1.94,5200
MNIT2,20260721,4.98,4.98,4.96,4.96,400
MNRF,20260721,2.02,2.02,2.02,2.02,40500
MODERN,20260721,2.02,2.02,2,2.02,98000
MONO,20260721,0.71,0.71,0.7,0.7,3729700
MOONG,20260721,2.42,2.42,2.38,2.4,303500
MORE,20260721,0.05,0.06,0.04,0.05,3056600
MOSHI,20260721,38.75,39.5,38.75,39.25,354500
MOTHER,20260721,1.19,1.19,1.17,1.18,560200
MPJ,20260721,3.8,3.86,3.8,3.84,33800
MRDIYT,20260721,10.1,10.1,10,10,3033800
MSC,20260721,6.05,6.1,6.05,6.1,6800
MST,20260721,8.15,8.3,8.15,8.25,174400
MTC,20260721,35.25,35.5,34.5,34.75,21506500
MTI,20260721,18,18.3,18,18,8500
MTW,20260721,0.79,0.81,0.78,0.78,112000
MUD,20260721,0.93,0.93,0.86,0.92,4500
NAM,20260721,3.4,3.4,3.38,3.38,31700
NAT,20260721,1.77,1.77,1.73,1.76,131400
NATION,20260721,0.04,0.04,0.03,0.04,52400
NC,20260721,1.92,1.92,1.84,1.84,113500
NCAP,20260721,3.24,3.28,3.14,3.18,7371900
NCH,20260721,0.45,0.46,0.44,0.44,68900
NCL,20260721,0.18,0.18,0.17,0.18,290900
NCP,20260721,1.09,1.09,1.08,1.09,16200
NDR,20260721,1.76,1.78,1.76,1.78,31400
NEO,20260721,22.1,22.4,22.1,22.3,740900
NEP,20260721,0.19,0.19,0.18,0.18,17400
NER,20260721,4.56,4.56,4.52,4.52,5104400
NETBAY,20260721,14.7,14.9,14.6,14.7,974300
NEW,20260721,88.5,88.5,88.5,88.5,200
NEX,20260721,1.04,1.08,1.03,1.05,18143100
NKI,20260721,14.8,14.8,14.8,14.8,200
NKT,20260721,3.7,3.74,3.7,3.7,63700
NL,20260721,0.69,0.69,0.68,0.69,26400
NNCL,20260721,1.74,1.76,1.73,1.73,245000
NOBLE,20260721,1.89,1.9,1.89,1.9,299700
NOVA,20260721,6.2,6.2,6,6.15,26500
NRF,20260721,0.24,0.26,0.24,0.25,289700
NSL,20260721,23.5,23.5,23.2,23.3,354100
NTF,20260721,14.8,14.9,14.6,14.8,263700
NTSC,20260721,6.15,6.25,6.15,6.25,206700
NTV,20260721,19,19.1,18.7,19.1,59600
NUT,20260721,4.86,4.86,4.78,4.82,82000
NV,20260721,0.58,0.6,0.57,0.58,401200
NVD,20260721,0.84,0.85,0.82,0.82,104500
NYT,20260721,4.12,4.14,4.08,4.1,1192600
OGC,20260721,9.6,9.6,9.25,9.25,200
OKJ,20260721,3.68,3.72,3.66,3.68,448300
ONEE,20260721,3.26,3.32,3.26,3.28,235200
ONSENS,20260721,1.2,1.21,1.19,1.2,713000
OR,20260721,13.1,13.2,13,13.1,22634200
ORI,20260721,2.02,2.1,2,2.04,6517800
ORN,20260721,0.79,0.8,0.78,0.8,453100
OSP,20260721,18,18,17.6,17.7,5638000
PACO,20260721,1.45,1.45,1.43,1.45,258700
PAF,20260721,0.97,0.98,0.95,0.96,1043900
PANEL,20260721,1.19,1.21,1.18,1.19,69900
PAP,20260721,2.44,2.46,2.42,2.42,100500
PATO,20260721,6.15,6.15,6,6.1,88800
PB,20260721,47.25,48,47.25,48,1500
PCC,20260721,3.02,3.02,3,3,274000
PCE,20260721,2.3,2.32,2.26,2.3,3257100
PCSGH,20260721,3.06,3.08,3.06,3.06,116200
PDG,20260721,3.18,3.18,3.18,3.18,1900
PDJ,20260721,0.98,0.98,0.97,0.98,2500
PEACE,20260721,1.49,1.49,1.47,1.48,27100
PEER,20260721,0.1,0.1,0.09,0.1,555000
PERM,20260721,0.25,0.25,0.23,0.24,112700
PF,20260721,0.04,0.05,0.04,0.05,2527800
PG,20260721,6.7,6.7,6.4,6.5,10800
PHG,20260721,10.2,10.2,10.2,10.2,95100
PHOL,20260721,3.2,3.26,3.2,3.22,376800
PIMO,20260721,1.15,1.18,1.15,1.16,1259600
PIN,20260721,4.7,4.76,4.7,4.72,818200
PIS,20260721,5.35,5.35,5.25,5.25,400200
PJW,20260721,2.1,2.1,2.08,2.1,103100
PK,20260721,0.49,0.5,0.49,0.49,312900
PL,20260721,1.38,1.38,1.37,1.37,12800
PLANB,20260721,5.45,5.6,5.45,5.55,14568300
PLANET,20260721,0.57,0.57,0.56,0.57,130800
PLAT,20260721,1.35,1.37,1.32,1.33,3549100
PLE,20260721,0.08,0.09,0.07,0.09,1467100
PLT,20260721,0.53,0.54,0.53,0.54,299400
PLUS,20260721,1.37,1.37,1.32,1.33,1288100
PM,20260721,11.2,11.2,11.1,11.2,253700
PMC,20260721,0.91,0.93,0.91,0.92,261200
POLY,20260721,6.8,6.85,6.75,6.85,55700
POPF,20260721,8.3,8.4,8.3,8.4,169200
PORT,20260721,0.62,0.81,0.62,0.81,17245500
PPM,20260721,2.16,2.16,2.1,2.14,120800
PPP,20260721,0.72,0.73,0.71,0.73,10600
PPPM,20260721,0.21,0.22,0.21,0.21,21800
PPS,20260721,0.18,0.18,0.17,0.18,813100
PQS,20260721,1.9,1.91,1.89,1.9,211700
PR9,20260721,17.9,18,17.8,17.9,1925900
PRAKIT,20260721,10,10,10,10,10000
PRAPAT,20260721,0.82,0.82,0.8,0.81,449000
PREB,20260721,3.48,3.62,3.48,3.6,343000
PRECHA,20260721,0.46,0.46,0.44,0.44,4500
PRG,20260721,9.9,10,9.9,9.95,30400
PRI,20260721,3.54,3.58,3.52,3.56,61900
PRIME,20260721,0.06,0.06,0.05,0.05,3274300
PRIN,20260721,1.34,1.38,1.34,1.35,9200
PRINC,20260721,1.73,1.74,1.73,1.73,645700
PRM,20260721,9.4,9.55,9.35,9.35,3442500
PROEN,20260721,1.01,1.02,0.99,0.99,2221100
PROS,20260721,0.17,0.18,0.16,0.18,221100
PROSPECT,20260721,10.5,10.6,10.4,10.6,2240000
PROUD,20260721,1.14,1.14,1.11,1.13,595200
PRTR,20260721,3.5,3.52,3.48,3.52,262500
PSGC,20260721,5.35,5.4,5.3,5.35,407800
PSH,20260721,3.96,3.98,3.9,3.96,1301600
PSL,20260721,8.15,8.35,8.15,8.3,14467000
PSP,20260721,7.5,7.55,7.25,7.25,6216500
PSTC,20260721,0.36,0.36,0.35,0.35,1355100
PT,20260721,11.6,11.6,11.4,11.5,298300
PTC,20260721,0.59,0.6,0.58,0.58,166500
PTG,20260721,7.85,7.85,7.7,7.75,7587900
PTL,20260721,14.4,14.4,14.3,14.4,2357000
PTT,20260721,39,39.75,38.75,39.75,169852300
PTTEP,20260721,146.5,148,146.5,147,15489300
PTTGC,20260721,37,37.5,36.5,37.5,32061500
PYLON,20260721,3.66,3.74,3.64,3.72,700100
Q-CON,20260721,6.2,6.3,6.2,6.3,15100
QDC,20260721,0.07,0.07,0.06,0.06,75800
QH,20260721,1.42,1.45,1.42,1.43,24378700
QHBREIT,20260721,3.8,3.8,3.76,3.8,199600
QHHRREIT,20260721,8.8,8.8,8.7,8.75,157000
QHOP,20260721,3.24,3.38,3.24,3.24,30200
QLT,20260721,2.06,2.1,2.04,2.1,8600
QTC,20260721,4.66,4.7,4.6,4.66,57300
QTCG,20260721,0.1,0.11,0.1,0.11,373700
RABBIT,20260721,0.38,0.4,0.37,0.38,17082500
RAM,20260721,18,18,17.9,17.9,12600
RATCH,20260721,38,38.75,37.75,38.75,17811700
RBF,20260721,4.94,5.2,4.94,5,3644000
RCL,20260721,33.25,35,33.25,35,12188300
READY,20260721,3.04,3.06,3,3.06,186700
RICHY,20260721,0.17,0.17,0.16,0.17,255400
RJH,20260721,15,15.1,14.8,14.9,116200
RML,20260721,0.09,0.1,0.09,0.1,671800
ROCK,20260721,10.8,10.8,10.1,10.3,2100
ROCTEC,20260721,0.71,0.72,0.7,0.71,4090100
ROJNA,20260721,6.25,6.35,6.25,6.25,3597200
RP,20260721,0.68,0.84,0.68,0.82,9395000
RPC,20260721,0.37,0.38,0.37,0.37,619600
RPH,20260721,5,5,4.98,4.98,78200
RS,20260721,0.12,0.13,0.12,0.13,640600
RSP,20260721,0.97,0.98,0.95,0.97,105500
RT,20260721,0.29,0.3,0.28,0.29,1390600
RWI,20260721,0.17,0.17,0.16,0.16,244700
S,20260721,0.59,0.6,0.58,0.59,3084600
S&J,20260721,33.25,33.25,33.25,33.25,600
S11,20260721,4.42,4.46,4.4,4.46,1493100
SA,20260721,7,7.1,7,7.1,30300
SAAM,20260721,4.68,4.68,4.66,4.68,53300
SABINA,20260721,15.9,16.1,15.8,16.1,348900
SAF,20260721,0.44,0.44,0.41,0.41,894100
SAFE,20260721,5.75,5.75,5.65,5.7,87100
SAK,20260721,3.44,3.48,3.42,3.44,3603800
SALEE,20260721,0.67,0.67,0.64,0.64,4212000
SAMART,20260721,5.6,5.65,5.55,5.6,1339400
SAMCO,20260721,0.9,0.91,0.88,0.89,261000
SAMTEL,20260721,3.14,3.14,3.12,3.14,33900
SANKO,20260721,1.35,1.44,1.35,1.41,4068300
SAPPE,20260721,34,35.25,33.5,35,1963600
SAT,20260721,16.2,16.3,16.1,16.1,572200
SAUCE,20260721,41.25,41.25,41,41.25,19400
SAV,20260721,11.2,11.3,11.1,11.3,592500
SAWAD,20260721,26.25,26.25,25.75,26,10638700
SAWANG,20260721,6.35,6.95,6.35,6.95,300
SC,20260721,2,2.06,1.98,2.02,12164900
SCAP,20260721,1.84,1.86,1.81,1.82,7677100
SCB,20260721,159,160,153,155,47615400
SCC,20260721,257,257,254,255,2241600
SCCC,20260721,149.5,150,149,149.5,44100
SCG,20260721,2.88,2.88,2.86,2.88,4200
SCGD,20260721,5.3,5.35,5.15,5.2,921000
SCGP,20260721,30.75,31.25,29.5,30.25,26952400
SCI,20260721,0.92,1.02,0.91,0.95,260500
SCL,20260721,1.68,1.7,1.67,1.69,63100
SCM,20260721,0.12,0.13,0.11,0.13,1516700
SCN,20260721,0.41,0.41,0.39,0.4,290000
SCP,20260721,9,9.05,8.95,9,168700
SDC,20260721,0.02,0.03,0.02,0.02,1983700
SE,20260721,0.51,0.51,0.5,0.51,327600
SE-ED,20260721,1.45,1.46,1.45,1.45,52200
SEAFCO,20260721,2.94,2.96,2.9,2.96,768300
SEAOIL,20260721,3.34,3.36,3.3,3.3,829400
SECURE,20260721,14.1,14.1,13.9,14,206200
SEI,20260721,1.75,1.81,1.71,1.81,531500
SELIC,20260721,2.84,2.84,2.74,2.74,38500
SENA,20260721,1.81,1.81,1.8,1.81,195800
SENX,20260721,0.2,0.21,0.2,0.21,497000
SFLEX,20260721,3,3.04,3,3.04,454000
SFT,20260721,1.41,1.41,1.4,1.41,6100
SGC,20260721,1.85,1.86,1.82,1.83,60249900
SGF,20260721,0.18,0.18,0.16,0.17,530800
SGP,20260721,7.95,8.05,7.95,8.05,50900
SHANG,20260721,45.5,45.5,45.5,45.5,200
SHR,20260721,1.69,1.7,1.68,1.69,1043800
SIAM,20260721,0.77,0.82,0.77,0.79,173700
SICT,20260721,2.98,3,2.9,2.96,930500
SIMAT,20260721,1.25,1.27,1.24,1.26,489900
SINGER,20260721,12.8,13,12.7,12.8,5290700
SINO,20260721,0.92,0.96,0.91,0.93,1718400
SIRI,20260721,1.51,1.52,1.5,1.51,74027000
SIRIPRT,20260721,6.75,6.8,6.5,6.5,12200
SIS,20260721,26,26.25,25.5,26.25,706400
SISB,20260721,10.1,10.1,9.85,9.9,9414200
SITHAI,20260721,1.09,1.11,1.06,1.1,3156600
SJWD,20260721,9.05,9.55,9.05,9.4,8173700
SK,20260721,0.53,0.53,0.52,0.52,43700
SKE,20260721,0.18,0.19,0.17,0.17,3262800
SKIN,20260721,0.93,0.96,0.9,0.9,737200
SKN,20260721,5.3,5.35,5.3,5.35,54800
SKR,20260721,8.05,8.05,8,8,8500
SKY,20260721,18.2,18.8,17.6,17.7,6039100
SLP,20260721,0.49,0.5,0.47,0.47,83200
SMART,20260721,0.57,0.57,0.56,0.56,234600
SMD100,20260721,1.16,1.18,1.16,1.16,77000
SMIT,20260721,3.64,3.66,3.64,3.64,466200
SMO,20260721,4.04,4.1,4.02,4.04,5609900
SMPC,20260721,9.45,9.5,9.45,9.5,394400
SMT,20260721,4.14,4.28,4.06,4.22,21211000
SNC,20260721,8.2,8.3,8.2,8.25,257900
SNNP,20260721,7.1,7.1,7.05,7.1,179100
SNP,20260721,8.95,9,8.9,9,24600
SNPS,20260721,4.5,4.5,4.44,4.5,8300
SO,20260721,4.66,4.68,4.66,4.66,16800
SOLAR,20260721,0.22,0.23,0.22,0.23,520000
SONIC,20260721,1.54,1.59,1.54,1.55,2088100
SORKON,20260721,3.56,3.58,3.54,3.54,83200
SPA,20260721,3.44,3.44,3.26,3.32,7542000
SPACK,20260721,1.45,1.48,1.44,1.44,89100
SPALI,20260721,16,16.1,16,16,2491800
SPC,20260721,55.5,55.75,55.5,55.5,25000
SPCG,20260721,9.35,9.4,9.25,9.35,1088800
SPI,20260721,33.5,33.5,32.75,33.5,1700
SPRC,20260721,9.3,9.8,9.25,9.75,56292300
SPREME,20260721,1.53,1.54,1.52,1.53,615500
SPRIME,20260721,4.38,4.52,4.38,4.46,646300
SPTX,20260721,0.01,0.01,0.01,0.01,12240200
SPVI,20260721,3.54,3.56,3.48,3.5,903900
SQ,20260721,0.2,0.21,0.2,0.2,279800
SR,20260721,0.37,0.38,0.37,0.37,64100
SRICHA,20260721,17.6,18.3,17.6,17.9,1236300
SRIPANWA,20260721,5.2,5.2,5.1,5.2,65100
SRS,20260721,1.81,1.83,1.8,1.81,67700
SSF,20260721,5.1,5.15,5.1,5.1,8900
SSP,20260721,4.36,4.42,4.28,4.4,2578400
SSPF,20260721,3.38,3.4,3.1,3.1,2000
SSSC,20260721,2.26,2.32,2.22,2.28,148600
SST,20260721,1.05,1.06,1.02,1.04,9200
SSTRT,20260721,4.66,4.68,4.66,4.68,7700
STA,20260721,18.6,18.8,18.4,18.6,7385900
STANLY,20260721,241,241,238,238,21100
STARM,20260721,0.95,0.98,0.95,0.96,52500
STC,20260721,0.59,0.59,0.57,0.59,43400
STECH,20260721,1.29,1.3,1.26,1.27,298200
STECON,20260721,18.7,19.8,18.6,19.8,66194000
STELLA,20260721,0.27,0.28,0.25,0.26,6573700
STGT,20260721,10.7,10.7,10.4,10.6,1944200
STI,20260721,1.72,1.72,1.69,1.71,14200
STOWER,20260721,0.04,0.04,0.03,0.04,959800
STP,20260721,12.4,12.4,12.3,12.4,21000
STPI,20260721,6.6,7,6.5,6.95,39673000
STX,20260721,0.85,0.86,0.84,0.85,788400
SUC,20260721,27.25,27.25,27.25,27.25,146800
SUN,20260721,2.52,2.52,2.46,2.52,506800
SUPER,20260721,0.13,0.14,0.13,0.13,62623600
SUPEREIF,20260721,6.3,6.3,6.25,6.3,219400
SUSCO,20260721,2.34,2.38,2.3,2.32,1582500
SUTHA,20260721,2.88,2.9,2.82,2.9,19400
SVOA,20260721,2.32,2.36,2.28,2.32,13545100
SVR,20260721,0.34,0.37,0.33,0.35,2639100
SVT,20260721,1.33,1.36,1.33,1.35,1117100
SWC,20260721,4.62,4.66,4.62,4.66,7500
SYMC,20260721,6,6,5.85,5.9,98400
SYNEX,20260721,9.8,9.95,9.8,9.9,4320400
SYNTEC,20260721,1.84,1.89,1.83,1.89,3298100
TACC,20260721,6.6,6.65,6.5,6.5,1719800
TAE,20260721,1.6,1.67,1.6,1.67,6264000
TAKUNI,20260721,0.4,0.4,0.39,0.39,443100
TAN,20260721,3.9,3.9,3.86,3.88,70700
TASCO,20260721,14.3,14.3,14.1,14.2,5070900
TATG,20260721,1,1.01,0.99,0.99,234200
TBN,20260721,3.48,3.52,3.48,3.48,27900
TBSP,20260721,0.93,0.95,0.93,0.95,6400
TC,20260721,6.7,6.7,6.6,6.7,46300
TCAP,20260721,74.5,75,71.5,73.25,6010000
TCC,20260721,0.31,0.32,0.3,0.3,358900
TCJ,20260721,2.44,2.44,2.44,2.44,34100
TCMC,20260721,0.3,0.31,0.29,0.3,184100
TEAM,20260721,4.72,4.74,4.64,4.68,1528700
TEAMG,20260721,3.16,3.24,3.14,3.2,11900700
TEGH,20260721,3.12,3.14,3.06,3.06,3542600
TEKA,20260721,1.78,1.8,1.77,1.78,39900
TERA,20260721,1.27,1.27,1.18,1.18,296400
TFFIF,20260721,6.85,6.9,6.85,6.9,2580800
TFG,20260721,10.4,10.6,10.3,10.4,13757100
TFI,20260721,0.04,0.05,0.04,0.05,191100
TFM,20260721,6.6,6.6,6.5,6.55,525100
TFMAMA,20260721,186.5,187,186.5,187,2200
TGE,20260721,1.31,1.32,1.25,1.3,1730100
TGH,20260721,11.9,11.9,11.8,11.8,4800
TGPRO,20260721,0.04,0.04,0.03,0.03,1456100
TH,20260721,0.5,0.51,0.49,0.5,1016300
THAI,20260721,6,6.1,5.95,6.05,44862800
THANA,20260721,1.55,1.55,1.53,1.53,6200
THANI,20260721,2.24,2.24,2.12,2.14,17493700
THCOM,20260721,11.3,11.4,11.2,11.2,3604800
THE,20260721,0.8,0.81,0.76,0.79,10300
THG,20260721,7.45,7.5,7.4,7.5,1386400
THIP,20260721,20.8,20.9,20.8,20.9,5900
THMUI,20260721,0.3,0.31,0.29,0.31,2014000
THRE,20260721,0.41,0.42,0.4,0.42,1733400
THREL,20260721,0.99,1,0.99,1,108700
TIDLOR,20260721,20.1,20.2,19.6,19.8,24576900
TIF1,20260721,8,8,7.9,7.95,85000
TIGER,20260721,0.52,0.54,0.5,0.52,540600
TIPCO,20260721,6.45,6.45,6.35,6.35,193900
TIPH,20260721,23.7,23.7,23.6,23.7,265400
TISCO,20260721,133,133,129,130.5,6922700
TITLE,20260721,9.5,9.65,9.45,9.65,485600
TK,20260721,4.6,4.66,4.5,4.6,197100
TKC,20260721,9.3,9.3,9.15,9.25,69800
TKN,20260721,4.16,4.18,4.12,4.12,756800
TKS,20260721,7.35,7.45,7.35,7.4,289200
TKT,20260721,0.76,0.76,0.72,0.75,6800
TL,20260721,0.4,0.41,0.39,0.4,1305300
TLHPF,20260721,4.66,4.66,4.64,4.66,19700
TLI,20260721,11.8,11.9,11.7,11.8,9905700
TM,20260721,0.93,0.95,0.92,0.93,209700
TMAN,20260721,11.6,11.6,11.4,11.5,290500
TMC,20260721,0.7,0.7,0.69,0.7,9500
TMD,20260721,26.25,26.5,26.25,26.25,600
TMI,20260721,0.47,0.48,0.46,0.47,692900
TMILL,20260721,2.68,2.92,2.68,2.78,191300
TMT,20260721,3.4,3.46,3.4,3.46,133700
TMW,20260721,63.25,63.5,63,63,76800
TNDT,20260721,0.13,0.15,0.13,0.15,61000
TNH,20260721,29,29.5,29,29,3100
TNITY,20260721,2.58,2.72,2.52,2.66,722800
TNL,20260721,18.9,19,18.9,18.9,2800
TNP,20260721,2.9,2.92,2.88,2.9,183500
TNPC,20260721,0.91,0.91,0.9,0.9,22100
TNPF,20260721,1.02,1.02,1.02,1.02,100
TNR,20260721,5.6,5.65,5.55,5.65,203800
TOA,20260721,15.5,15.5,15.2,15.3,2744800
TOG,20260721,7.6,7.7,7.6,7.65,56400
TOP,20260721,63.75,65.75,63,65.75,35843800
TPAC,20260721,8.7,8.75,8.5,8.55,162300
TPBI,20260721,3.22,3.22,3.18,3.2,93900
TPCH,20260721,1.49,1.49,1.46,1.46,440100
TPIPL,20260721,0.88,0.9,0.85,0.87,164257100
TPIPP,20260721,1.83,1.84,1.83,1.84,2613700
TPL,20260721,0.51,0.53,0.51,0.52,393500
TPLAS,20260721,1.19,1.2,1.16,1.19,307400
TPOLY,20260721,0.1,0.11,0.1,0.11,187700
TPP,20260721,12.7,12.7,12.7,12.7,9500
TPRIME,20260721,7.75,7.75,7.75,7.75,3000
TPS,20260721,3.18,3.22,3.16,3.2,50800
TQM,20260721,17,17.2,16.7,16.9,474700
TQR,20260721,5.7,5.75,5.6,5.7,77500
TRC,20260721,0.58,0.59,0.57,0.59,302100
TRITN,20260721,0.02,0.03,0.02,0.02,34800
TRP,20260721,4.44,4.44,4.36,4.38,53700
TRT,20260721,15,15.3,15,15.2,1782600
TRU,20260721,3.82,3.82,3.82,3.82,6000
TRUBB,20260721,1.08,1.09,1.06,1.08,1322500
TRUE,20260721,14,14.3,13.9,14.1,108436100
TRV,20260721,1.58,1.58,1.57,1.57,4100
TSC,20260721,15.4,15.4,15.2,15.3,42800
TSE,20260721,0.82,0.84,0.82,0.83,4966300
TSI,20260721,0.05,0.06,0.05,0.06,28200
TSTH,20260721,0.98,1,0.97,0.98,4074500
TTA,20260721,5.2,5.3,5.15,5.2,6592100
TTB,20260721,3,3,2.86,2.94,913520800
TTI,20260721,26,26.25,24.9,24.9,1400
TTLPF,20260721,9.45,9.45,9.4,9.45,441300
TTT,20260721,43.25,43.25,43,43,8000
TTW,20260721,10.3,10.5,10.3,10.5,6326600
TU,20260721,11.9,12,11.8,11.9,5817800
TURBO,20260721,1.8,1.81,1.74,1.77,14936100
TVDH,20260721,0.04,0.05,0.04,0.05,41400
TVH,20260721,12.4,12.4,12.1,12.3,193600
TVO,20260721,27.25,27.5,27,27,790200
TVT,20260721,0.23,0.23,0.22,0.22,466300
TWP,20260721,1.14,1.15,1.12,1.15,21200
TWPC,20260721,2.88,2.9,2.86,2.88,425600
TWZ,20260721,0.01,0.02,0.01,0.02,1772100
TYCN,20260721,1.66,1.69,1.65,1.68,3200
UAC,20260721,2.6,2.62,2.6,2.6,56800
UBA,20260721,1.14,1.14,1.13,1.13,234700
UBE,20260721,0.63,0.64,0.62,0.63,9363100
UBIS,20260721,1.42,1.42,1.35,1.39,18100
UEC,20260721,0.77,0.77,0.77,0.77,33600
UKEM,20260721,1.07,1.1,1.06,1.08,3466800
UMI,20260721,0.93,0.94,0.93,0.93,474500
UMS,20260721,0.73,0.74,0.71,0.72,1299700
UNIQ,20260721,2.9,2.94,2.88,2.9,707300
UNIX,20260721,1.74,1.77,1.74,1.77,2427900
UP,20260721,23.8,23.8,23.4,23.5,5100
UPF,20260721,21.8,21.8,21.8,21.8,100
UPOIC,20260721,6.95,6.95,6.9,6.9,9500
UREKA,20260721,0.43,0.44,0.42,0.43,2922200
UTP,20260721,8.35,8.35,8.2,8.3,1110500
UV,20260721,1.11,1.12,1.05,1.06,3745100
UVAN,20260721,15.7,15.8,15.5,15.5,1269700
VARO,20260721,3.96,3.96,3.96,3.96,6100
VCOM,20260721,4.16,4.16,4.12,4.16,164700
VGI,20260721,1.03,1.08,1.02,1.07,201043700
VIBE,20260721,0.28,0.3,0.28,0.3,49000
VIBHA,20260721,1.34,1.34,1.33,1.34,4315800
VIH,20260721,8.55,8.55,8.45,8.5,148500
VL,20260721,0.8,0.81,0.8,0.81,34100
VNG,20260721,2.16,2.18,2.1,2.18,412900
VPO,20260721,0.53,0.56,0.53,0.53,11758200
VRANDA,20260721,4.6,4.62,4.6,4.62,63300
VS,20260721,0.37,0.38,0.33,0.37,81800
WACOAL,20260721,15.9,15.9,15.9,15.9,100
WARRIX,20260721,1.36,1.4,1.36,1.36,2606900
WASH,20260721,4,4,3.98,4,205100
WAVE,20260721,0.03,0.04,0.03,0.04,1650000
WFX,20260721,1,1,0.98,0.99,60100
WGE,20260721,0.72,0.73,0.7,0.72,1070500
WHA,20260721,5.5,5.55,5.4,5.45,84728100
WHABT,20260721,6.45,6.45,6.4,6.45,144000
WHAIR,20260721,8.1,8.2,8.1,8.15,974600
WHART,20260721,11.1,11.3,11.1,11.3,2595500
WHAUP,20260721,7.95,8,7.75,7.8,19199600
WICE,20260721,3.68,3.9,3.66,3.84,13432700
WIIK,20260721,1.16,1.17,1.14,1.15,889200
WIN,20260721,0.3,0.3,0.28,0.3,207300
WINDOW,20260721,0.74,0.74,0.74,0.74,13900
WINMED,20260721,0.9,0.9,0.89,0.9,100000
WINNER,20260721,2.2,2.2,2.16,2.2,254200
WORK,20260721,3.52,3.52,3.46,3.48,55100
WP,20260721,3.7,3.76,3.7,3.7,169400
WPH,20260721,5.8,5.8,5.7,5.75,691500
XBIO,20260721,0.08,0.09,0.08,0.08,2729200
XO,20260721,19.3,19.4,19.1,19.1,415800
XPG,20260721,0.51,0.51,0.49,0.49,36010600
XYZ,20260721,0.28,0.28,0.27,0.28,408700
YGG,20260721,0.18,0.19,0.17,0.19,705200
YONG,20260721,0.71,0.73,0.71,0.71,302800
YUASA,20260721,14.4,14.5,14.4,14.5,2100
ZAA,20260721,1.61,1.69,1.52,1.69,38200
ZIGA,20260721,0.87,0.88,0.87,0.88,497200
TCAP-P-O,20260721,364,364,364,364,1
TISCO-P-O,20260721,892,892,892,892,1
RABBIT-P,20260721,0.38,0.39,0.38,0.39,171600
VAYU1-O,20260721,11.6,11.7,11.5,11.6,311
VAYU1,20260721,11.6,11.6,11.5,11.6,1635800
!AGRO,20260721,337.58,339.66,336.6,337.84,18176690000
!CONSUMP,20260721,46.73,46.94,46.44,46.66,2278420000
!FINCIAL,20260721,195.42,195.84,189.79,191.78,160619360000
!INDUS,20260721,72.21,72.9,71.55,72.34,17367040000
!PROPCON,20260721,84.75,84.82,84.3,84.44,92045710000
!RESOURC,20260721,187.96,190.19,187.69,189.82,103190880000
!SERVICE,20260721,310.42,311.17,308.94,309.96,97332720000
!TECH,20260721,647.36,652.54,640.71,647.55,41244500000
$AGRI,20260721,213.89,214.78,212.23,212.66,4639220000
$AUTO,20260721,344.16,347.12,343.19,344.76,4122090000
$BANK,20260721,634.6,636.42,612.89,620.99,126376740000
$COMM,20260721,21712.3,21735.7,21526.1,21594.4,15818190000
$CONMAT,20260721,6428.07,6428.16,6360.49,6379.37,20766960000
$CONS,20260721,47.08,48.85,47.01,48.58,17552510000
$ENERG,20260721,21438.3,21693.6,21408.2,21650.4,103190880000
$ETRON,20260721,34163.8,34479.4,33610.9,34150.2,14608360000
$FASHION,20260721,505.83,516.23,504.79,506.72,1236660000
$FIN,20260721,2386.07,2388.08,2351.84,2361.37,32854700000
$FOOD,20260721,9407.88,9469.3,9383.64,9421.98,13537470000
$HELTH,20260721,4421.45,4424.86,4383.2,4402.94,13518270000
$HOME,20260721,16.25,16.28,16.04,16.09,426730000
$ICT,20260721,237.94,240.25,237.18,238.34,26636140000
$IMM,20260721,24.64,24.81,24.49,24.52,1391620000
$INSUR,20260721,10172,10206.4,10089.3,10146.4,1387920000
$MEDIA,20260721,17.03,17.34,17.03,17.25,22425970000
$PAPER,20260721,2348.96,2348.96,2306.77,2334.9,111050000
$PERSON,20260721,80.42,80.52,79.56,80.26,615030000
$PETRO,20260721,678.09,687.87,673.46,685.12,6696160000
$PF&REIT,20260721,147.54,148.14,147.2,147.97,1959650000
$PKG,20260721,3191.45,3226.7,3097.17,3154.71,3972120000
$PROF,20260721,131.7,133.15,129.88,131.29,1614050000
$PROP,20260721,185.3,185.64,183.44,183.69,51766590000
$STEEL,20260721,20.38,20.52,20.14,20.39,1074000000
$TOURISM,20260721,452.9,455.45,448.17,452.28,10103040000
$TRANS,20260721,245.75,247.56,244.6,246.3,33853200000
MAI,20260721,229.56,230.53,229.34,230.18,219681470
SET,20260721,1656.19,1657.55,1642.28,1652.97,11891290147
SET100,20260721,2356.79,2359.24,2339.08,2353.44,3861625500
SET50,20260721,1099.2,1100.44,1090.18,1097.21,2441388800
SETHD,20260721,1548.72,1552.19,1521.29,1537.94,1772963100
AIMIRT-F,20260721,12.4,12.4,12.4,12.4,100
BBL-F,20260721,201,201,199,199,26000
CPALL-F,20260721,47.25,47.5,47,47.25,192100
FTREIT-F,20260721,12.4,12.5,12.4,12.5,600
GULF-F,20260721,68,68,67.75,67.75,32400
KBANK-F,20260721,232,235,232,233,222700
PTT-F,20260721,39,39,39,39,3400
SCB-F,20260721,154,154.5,154,154,386600
TISCO-F,20260721,130,130,130,130,200
TOP-F,20260721,65.25,65.5,65.25,65.25,500
!AGRO-M,20260721,68.83,68.94,68.31,68.5,745400000
!CONSUMP-M,20260721,12.11,12.22,12.09,12.12,1323530000
!FINCIAL-M,20260721,30.95,31.48,30.92,31.48,595430000
!INDUS-M,20260721,48.67,48.95,48.62,48.78,3224630000
!PROPCON-M,20260721,14.55,14.62,14.46,14.58,2002220000
!RESOURC-M,20260721,15.29,15.63,15.1,15.16,1491970000
!SERVICE-M,20260721,43.79,44.13,43.66,44.08,8230880000
!TECH-M,20260721,21.13,21.28,21.03,21.08,2659680000
SET100FF,20260721,2249.48,2251.49,2228.12,2242.13,386162550000
SET50FF,20260721,1051.94,1052.94,1041.05,1047.8,244138880000
SETCLMV,20260721,800.12,802.75,797.14,800.9,139197570000
SETESG,20260721,1017.07,1018.21,1008.46,1013.35,322442060000
SETWB,20260721,647.24,649.09,644.15,645.77,51669460000
SSET,20260721,678.85,680.32,677.55,678.74,62081500000
