<TICKER>,<DTYYYYMMDD>,<OPEN>,<HIGH>,<LOW>,<CLOSE>,<VOL>
1DIV-O,20260319,12.03,12.03,11.98,11.98,56
BMSCITH-O,20260319,11.01,11.7,11.01,11.69,5
CHINA-O,20260319,7.4,7.4,7.4,7.4,14
GLD-O,20260319,6.33,6.49,6.09,6.09,1303
TDEX-O,20260319,9.28,9.28,9.17,9.18,506
1DIV,20260319,12.06,12.06,11.94,11.96,17200
1I01BSET50,20260319,4.08,4.08,4.08,4.08,5000
2I01BSET50,20260319,3.29,3.34,3.25,3.33,3912300
2X01BSET50,20260319,6.61,6.71,6.52,6.52,442200
BMSCG,20260319,7.64,7.64,7.64,7.64,200
BMSCITH,20260319,11.72,11.81,11.63,11.63,250800
BSET100,20260319,10.54,10.54,10.35,10.39,37600
CHINA,20260319,7.1,7.12,7.08,7.09,60100
GLD,20260319,6.33,6.33,6.06,6.06,6565000
TDEX,20260319,9.25,9.3,9.17,9.18,856500
UBOT,20260319,13.09,13.09,13.09,13.09,800
2S,20260319,2.52,2.58,2.52,2.58,117700
3BBIF,20260319,6.55,6.6,6.5,6.55,8892700
88TH,20260319,5.15,5.2,4.88,4.88,3458700
A5,20260319,1.84,1.85,1.78,1.85,3200
AAI,20260319,3.48,3.5,3.34,3.34,7914700
AAV,20260319,1.09,1.1,1.06,1.06,55041900
ABM,20260319,0.56,0.59,0.56,0.59,35800
ACC,20260319,0.39,0.39,0.38,0.38,1012100
ACE,20260319,1.29,1.29,1.28,1.28,330200
ACG,20260319,0.6,0.62,0.6,0.62,144800
ADB,20260319,0.61,0.61,0.59,0.59,545100
ADD,20260319,3.56,3.6,3.5,3.52,40400
ADVANC,20260319,377,382,375,376,6349700
ADVICE,20260319,5.65,5.65,5.45,5.45,1658700
AE,20260319,0.1,0.11,0.07,0.08,62754000
AEONTS,20260319,90.25,90.25,88.25,88.25,408200
AF,20260319,0.35,0.37,0.35,0.36,1200
AFC,20260319,3.16,3.2,3.16,3.2,2900
AGE,20260319,1.39,1.44,1.32,1.32,9603600
AH,20260319,13.3,13.3,13,13,105200
AHC,20260319,13,13,12.8,12.8,5400
AI,20260319,3,3.12,2.94,2.94,2054800
AIE,20260319,1.24,1.37,1.24,1.31,28086300
AIMCG,20260319,1.3,1.3,1.25,1.27,265700
AIMIRT,20260319,10.9,10.9,10.8,10.9,40900
AIT,20260319,4.88,4.88,4.82,4.82,808400
AJ,20260319,2.52,2.66,2.42,2.62,21201100
AJA,20260319,0.17,0.17,0.16,0.17,4995300
AKP,20260319,0.7,0.7,0.68,0.68,825700
AKR,20260319,0.91,0.91,0.89,0.9,1060100
ALLA,20260319,1.23,1.23,1.21,1.22,168000
ALLY,20260319,4.32,4.32,4.28,4.28,344300
ALPHAX,20260319,0.46,0.47,0.44,0.44,5356000
ALT,20260319,1.08,1.09,1.03,1.03,261100
AMA,20260319,3.96,3.96,3.9,3.94,199600
AMANAH,20260319,0.7,0.7,0.63,0.63,5805200
AMARC,20260319,3.42,3.44,3.26,3.26,3551300
AMARIN,20260319,2.84,2.9,2.84,2.9,1500
AMATA,20260319,19.3,19.4,18.7,18.7,14603000
AMATAR,20260319,6.65,6.65,6.6,6.65,17300
AMATAV,20260319,2.04,2.04,2,2,48800
AMC,20260319,2.04,2.12,2.02,2.12,27600
AMR,20260319,0.35,0.35,0.32,0.32,854500
ANAN,20260319,0.37,0.37,0.36,0.37,1522100
ANI,20260319,2.66,2.68,2.6,2.62,23700
AOT,20260319,48.75,49.25,48,48,31998900
AP,20260319,8.55,8.55,8.35,8.35,7531500
APCO,20260319,2.72,2.76,2.7,2.74,38400
APCS,20260319,1.2,1.2,1.2,1.2,200
APO,20260319,2.4,2.72,2.4,2.48,13186400
APP,20260319,2.64,2.66,2.62,2.62,425700
APURE,20260319,2.34,2.6,2.3,2.34,4220600
AQUA,20260319,0.14,0.14,0.13,0.13,741500
ARIN,20260319,0.49,0.49,0.46,0.46,1203000
ARIP,20260319,0.47,0.48,0.46,0.46,318400
ARROW,20260319,5.15,5.2,5.15,5.15,4600
AS,20260319,2.7,2.76,2.64,2.64,940200
ASAP,20260319,1.13,1.15,1.13,1.14,390200
ASEFA,20260319,4,4.02,3.92,3.94,202100
ASIA,20260319,5.9,6,5.9,6,200
ASIAN,20260319,7.15,7.35,6.95,6.95,1187900
ASIMAR,20260319,1.5,1.53,1.47,1.47,209400
ASK,20260319,8.4,8.45,8.25,8.3,363600
ASN,20260319,0.68,0.68,0.68,0.68,6200
ASP,20260319,2.06,2.06,2.04,2.04,773300
ASW,20260319,7.65,7.65,7.3,7.3,560500
ATLAS,20260319,1.77,1.81,1.75,1.75,6857600
ATP30,20260319,0.84,0.89,0.83,0.83,1817200
AU,20260319,4.9,4.92,4.78,4.78,348500
AUCT,20260319,5.1,5.15,5.05,5.05,329900
AURA,20260319,13.9,13.9,13.1,13.3,3720600
AWC,20260319,2.02,2.04,1.98,1.99,80410500
AXTRART,20260319,12.4,12.5,12.3,12.4,850500
AYUD,20260319,37.5,37.5,36.25,36.5,9500
B,20260319,0.04,0.04,0.03,0.04,1590700
B-WORK,20260319,5.35,5.35,5.3,5.35,103600
B52,20260319,0.26,0.26,0.25,0.26,88400
BA,20260319,13.7,13.7,13.1,13.1,6995200
BAFS,20260319,8.35,8.35,8.1,8.1,303000
BAM,20260319,7.05,7.05,6.85,6.85,22336800
BANPU,20260319,5.95,6.05,5.8,6.05,144186600
BAREIT,20260319,10.5,10.6,10.5,10.5,157800
BAY,20260319,25.5,25.5,25.25,25.25,381800
BBGI,20260319,4.24,4.4,4.2,4.3,9303500
BBIK,20260319,19.3,19.3,18.4,18.4,1225800
BBL,20260319,165,166,164,164,12322100
BC,20260319,0.67,0.68,0.67,0.67,27200
BCH,20260319,10,10.1,9.7,9.7,12264800
BCP,20260319,39,40.25,39,40,9939200
BCPG,20260319,6.35,6.4,6.15,6.15,18275400
BCT,20260319,44.75,45,44,44,1200
BDMS,20260319,18.6,18.8,18.4,18.4,91526100
BE8,20260319,5.65,5.75,5.4,5.4,601900
BEAUTY,20260319,0.35,0.36,0.33,0.34,5730300
BEC,20260319,2,2.02,1.97,1.97,733500
BEM,20260319,5.25,5.25,5.15,5.15,34623200
BEYOND,20260319,8.55,8.75,8.55,8.55,17000
BGC,20260319,4.32,4.5,4.32,4.48,208200
BGRIM,20260319,11.1,11.3,10.6,10.6,37711700
BGT,20260319,0.38,0.39,0.35,0.38,52700
BH,20260319,164,166,160.5,160.5,5974000
BIG,20260319,0.29,0.29,0.28,0.29,37600
BIOTEC,20260319,0.27,0.33,0.27,0.33,144216900
BIS,20260319,1.98,2,1.97,1.98,15800
BIZ,20260319,4.54,4.6,4.54,4.56,162300
BJC,20260319,14,14.1,13.7,13.9,12171500
BJCHI,20260319,0.57,0.58,0.57,0.57,100000
BKA,20260319,0.83,0.87,0.81,0.84,1979700
BKD,20260319,1.08,1.1,1.05,1.1,63900
BKGI,20260319,1.32,1.32,1.27,1.3,603100
BKIH,20260319,309,311,308,311,28200
BLA,20260319,19.6,19.6,19,19.1,2040100
BLAND,20260319,0.42,0.42,0.41,0.42,2370000
BLC,20260319,3.84,3.88,3.78,3.8,597100
BLESS,20260319,0.22,0.23,0.22,0.22,157000
BM,20260319,1,1,0.98,0.99,1140100
BOFFICE,20260319,5.25,5.25,5.2,5.25,60900
BOL,20260319,5,5.05,5,5,59500
BPP,20260319,12.2,12.4,12.1,12.3,144400
BPS,20260319,0.42,0.43,0.41,0.42,784700
BR,20260319,1.63,1.64,1.6,1.62,3259000
BRI,20260319,1.34,1.35,1.31,1.33,105400
BRR,20260319,3.84,3.84,3.8,3.8,214100
BRRGIF,20260319,3.7,3.72,3.7,3.72,164600
BSBM,20260319,0.56,0.57,0.55,0.56,63500
BSM,20260319,0.39,0.39,0.39,0.39,5000
BTC,20260319,0.2,0.21,0.19,0.19,4740100
BTG,20260319,21.6,21.6,20.7,20.7,12444000
BTNC,20260319,19.7,19.7,19.6,19.6,5200
BTS,20260319,2.04,2.04,2,2,35268900
BTSGIF,20260319,2.56,2.58,2.54,2.56,1542100
BTW,20260319,0.09,0.09,0.08,0.09,253600
BUI,20260319,11,11,10.7,10.7,34500
BVG,20260319,1.65,1.69,1.61,1.61,20200
BWG,20260319,0.33,0.34,0.32,0.32,53489000
BYD,20260319,0.51,0.51,0.49,0.5,3054100
CAZ,20260319,1.5,1.51,1.5,1.51,6800
CBG,20260319,36.25,36.5,35,35.25,5347300
CCET,20260319,4.82,4.88,4.68,4.68,34910500
CCP,20260319,0.25,0.27,0.25,0.26,1057000
CEN,20260319,0.55,0.56,0.54,0.55,68800
CENTEL,20260319,32.5,32.75,31.25,31.5,5476000
CEYE,20260319,1.44,1.5,1.44,1.5,14300
CFARM,20260319,0.86,0.89,0.81,0.82,22033700
CFRESH,20260319,0.88,1.07,0.88,0.95,22903600
CGD,20260319,0.12,0.12,0.11,0.11,1058300
CGH,20260319,0.45,0.45,0.43,0.43,876500
CH,20260319,1.63,1.63,1.61,1.61,99500
CHAO,20260319,4.44,4.44,4.36,4.4,195800
CHASE,20260319,0.47,0.47,0.45,0.47,626200
CHAYO,20260319,1.06,1.06,1.01,1.02,2965400
CHEWA,20260319,0.18,0.19,0.18,0.18,115500
CHG,20260319,1.46,1.47,1.43,1.43,14145700
CHIC,20260319,0.26,0.27,0.24,0.24,196200
CHOTI,20260319,61,61,60.75,60.75,200
CHOW,20260319,1.22,1.25,1.19,1.19,145900
CI,20260319,0.32,0.32,0.31,0.31,28600
CIG,20260319,0.02,0.03,0.02,0.03,65500
CITY,20260319,1.27,1.28,1.27,1.28,200
CIVIL,20260319,0.84,0.84,0.82,0.82,108400
CK,20260319,15.6,15.7,15.1,15.1,6188700
CKP,20260319,2.24,2.24,2.2,2.2,8292300
CM,20260319,1.59,1.85,1.59,1.67,3297900
CMAN,20260319,2.62,2.62,2.6,2.62,21400
CMC,20260319,0.39,0.39,0.35,0.35,591200
CMO,20260319,0.83,0.89,0.83,0.83,1520100
CMR,20260319,1.37,1.38,1.33,1.35,384500
CNT,20260319,1.05,1.07,1.03,1.03,60700
COCOCO,20260319,5.7,5.7,5.55,5.55,1532000
COLOR,20260319,1.01,1.01,1,1,800
COM7,20260319,22.9,23.2,21.8,21.9,20536100
COMAN,20260319,0.59,0.6,0.58,0.6,19100
CPALL,20260319,45.5,45.75,44.25,44.25,43004700
CPANEL,20260319,2.02,2.02,2,2.02,12500
CPAXT,20260319,15.1,15.2,14.9,14.9,18531400
CPF,20260319,19.9,20.1,19.5,19.5,38979300
CPH,20260319,8.2,8.35,7.95,8,43900
CPI,20260319,3.56,3.78,3.56,3.7,4699500
CPL,20260319,0.61,0.63,0.61,0.61,98200
CPN,20260319,63.5,64,62.5,63,7752000
CPNCG,20260319,6.15,6.15,6.15,6.15,330500
CPNREIT,20260319,11.6,11.7,11.5,11.5,2299000
CPR,20260319,2.72,2.72,2.62,2.62,13500
CPT,20260319,0.99,1,0.99,1,93000
CPTREIT,20260319,5.6,5.65,5.55,5.55,276200
CPW,20260319,2.18,2.18,2.12,2.16,118500
CRANE,20260319,0.4,0.4,0.39,0.39,40200
CRC,20260319,18.6,18.8,17.9,17.9,29400100
CRD,20260319,0.35,0.36,0.34,0.34,374000
CREDIT,20260319,17.3,17.6,17.2,17.2,379200
CSC,20260319,43.25,43.25,43,43,5100
CSP,20260319,0.4,0.4,0.38,0.38,26900
CSR,20260319,70.75,70.75,70.75,70.75,100
CSS,20260319,0.77,0.78,0.76,0.77,682300
CTARAF,20260319,4.58,4.6,4.58,4.6,59200
CTW,20260319,3.56,3.64,3.56,3.6,25200
CWT,20260319,0.84,0.88,0.81,0.81,1377100
D,20260319,2.76,2.78,2.68,2.68,276400
DCC,20260319,1.22,1.22,1.2,1.21,1697500
DCON,20260319,0.21,0.21,0.2,0.21,246900
DDD,20260319,5.75,5.9,5.5,5.55,75300
DELTA,20260319,273,278,267,268,17747700
DEMCO,20260319,2.38,2.4,2.38,2.4,6100
DHOUSE,20260319,0.39,0.39,0.37,0.37,7800
DIF,20260319,9.45,9.5,9.4,9.5,7960500
DIMET,20260319,0.05,0.06,0.05,0.06,65300
DITTO,20260319,11.1,11.1,10.6,10.6,866900
DMT,20260319,11.2,11.2,11,11.2,763200
DOD,20260319,1.83,1.85,1.74,1.74,2624700
DOHOME,20260319,3.22,3.22,3.08,3.1,14297800
DPAINT,20260319,0.66,0.67,0.65,0.65,513400
DREIT,20260319,4.76,4.76,4.72,4.74,45600
DRT,20260319,4.8,4.82,4.74,4.76,279500
DTCENT,20260319,0.88,0.88,0.86,0.87,345900
DTCI,20260319,19.6,19.6,19.6,19.6,300
DUSIT,20260319,10.2,10.2,10,10,133400
DV8,20260319,5.5,5.5,4.86,5.3,2631500
EA,20260319,2.6,2.66,2.52,2.52,36259400
EASON,20260319,1.11,1.11,1.09,1.1,435400
EAST,20260319,0.66,0.66,0.64,0.64,657800
EASTW,20260319,2.56,2.56,2.42,2.46,760700
EFORL,20260319,0.14,0.14,0.13,0.14,2804600
EGATIF,20260319,6.1,6.15,6.1,6.15,282200
EGCO,20260319,108.5,109,107.5,107.5,882700
EKH,20260319,5,5,4.96,4.96,360100
EMC,20260319,0.02,0.03,0.02,0.02,50777500
EMPIRE,20260319,0.55,0.56,0.54,0.54,1539400
EP,20260319,1.16,1.16,1.14,1.16,130800
EPG,20260319,3.12,3.16,3.06,3.08,5362900
ERW,20260319,2.48,2.48,2.38,2.38,22141700
ESTAR,20260319,0.22,0.23,0.22,0.22,4030000
ETC,20260319,0.65,0.68,0.64,0.65,19596300
ETE,20260319,0.6,0.63,0.58,0.6,155600
ETL,20260319,0.52,0.52,0.49,0.5,579600
EURO,20260319,4.2,4.2,4.2,4.2,239100
EVER,20260319,0.05,0.05,0.04,0.05,92300
FANCY,20260319,0.31,0.32,0.31,0.32,71300
FLOYD,20260319,1.11,1.11,1.09,1.09,697300
FM,20260319,4.08,4.12,3.9,3.94,6172600
FMT,20260319,19.9,20.1,19.9,20.1,2600
FN,20260319,0.43,0.43,0.43,0.43,1500
FNS,20260319,0.62,0.62,0.54,0.58,126900
FORTH,20260319,6.8,6.8,6.4,6.5,1580900
FPI,20260319,1.72,1.73,1.66,1.68,31100
FPT,20260319,6.1,6.1,6.1,6.1,800
FSMART,20260319,6.4,6.45,6.15,6.15,1357300
FSX,20260319,1.31,1.31,1.25,1.28,49000
FTE,20260319,2,2.02,2,2.02,71600
FTI,20260319,1.83,1.83,1.83,1.83,2000
FTREIT,20260319,10.8,10.9,10.7,10.7,1704900
FUTURERT,20260319,8.9,8.95,8.9,8.95,149400
FVC,20260319,0.35,0.38,0.33,0.33,9166100
GABLE,20260319,3.96,3.96,3.84,3.88,977800
GAHREIT,20260319,4.3,4.3,4.26,4.26,43000
GBX,20260319,0.55,0.55,0.54,0.55,301600
GC,20260319,4.42,4.44,4.4,4.42,243900
GCAP,20260319,0.26,0.27,0.24,0.24,781800
GEL,20260319,0.03,0.04,0.03,0.03,341700
GENCO,20260319,0.27,0.29,0.27,0.29,91000
GFC,20260319,2.88,2.88,2.74,2.84,15800
GFPT,20260319,9.6,9.6,9.1,9.1,3527400
GGC,20260319,4.1,4.42,4.1,4.28,170200
GJS,20260319,0.13,0.13,0.12,0.12,2554500
GLOBAL,20260319,6.3,6.4,5.9,5.9,17178600
GLORY,20260319,0.55,0.56,0.55,0.56,26800
GPI,20260319,1.64,1.65,1.64,1.64,3064800
GPSC,20260319,32.75,33.25,31.25,31.5,15942600
GRAMMY,20260319,3.76,3.84,3.76,3.8,14400
GREEN,20260319,0.62,0.62,0.6,0.62,78400
GROREIT,20260319,8.05,8.05,8.05,8.05,300
GTB,20260319,0.74,0.74,0.73,0.74,321200
GTV,20260319,0.03,0.04,0.03,0.03,118400
GULF,20260319,56.25,57,55.25,55.25,50787700
GUNKUL,20260319,2.1,2.14,2.06,2.08,44145400
GVREIT,20260319,6.35,6.4,6.35,6.4,191000
GYT,20260319,185,185,185,185,200
HANA,20260319,25.5,25.75,23.7,24.1,48424600
HANN,20260319,0.98,0.99,0.95,0.95,2179900
HARN,20260319,2,2,1.99,1.99,22200
HEALTH,20260319,0.42,0.42,0.4,0.4,10100
HENG,20260319,0.89,0.9,0.88,0.88,2205700
HFT,20260319,4.2,4.28,4.2,4.2,22500
HL,20260319,6.85,6.85,6.6,6.65,80700
HMPRO,20260319,6.15,6.2,6,6.05,49408200
HPF,20260319,5.45,5.45,5.4,5.45,3100
HTC,20260319,15.8,15.8,15.5,15.6,165400
HTECH,20260319,2.76,2.76,2.68,2.7,903300
HUMAN,20260319,4.42,4.42,4.32,4.32,1495500
HYDRO,20260319,2.62,2.62,2.54,2.62,30300
I2,20260319,0.64,0.67,0.64,0.65,201900
ICHI,20260319,13.4,13.4,12.6,12.7,25012500
ICN,20260319,1.74,1.75,1.71,1.72,384100
IDG,20260319,1.48,1.49,1.46,1.47,102100
IFS,20260319,1.89,1.9,1.89,1.9,6200
IHL,20260319,1.49,1.49,1.45,1.46,5700
IIG,20260319,1.48,1.52,1.4,1.43,607400
III,20260319,3.98,4,3.92,3.96,310100
ILINK,20260319,4.58,4.6,4.5,4.52,383800
ILM,20260319,13.3,13.4,13.1,13.3,664900
IMH,20260319,3.02,3.04,2.98,3,66800
IMPACT,20260319,10.9,11,10.8,10.8,69200
IND,20260319,1.16,1.17,1.13,1.15,251200
INET,20260319,3.6,3.6,3.48,3.48,596700
INETREIT,20260319,12.2,12.3,12.2,12.3,740200
INGRS,20260319,0.29,0.29,0.28,0.28,1117400
INOX,20260319,0.4,0.41,0.39,0.39,395700
INSET,20260319,2.58,2.6,2.5,2.5,2491300
IP,20260319,4.24,4.3,4.12,4.16,171600
IRC,20260319,11.2,11.7,11.2,11.3,12500
IRCP,20260319,0.26,0.26,0.25,0.26,613000
IROYAL,20260319,5.8,5.85,5.6,5.6,319400
IRPC,20260319,1.47,1.52,1.44,1.48,213446700
ISSARA,20260319,7.4,7.45,7.4,7.45,800
IT,20260319,4.08,4.08,3.98,4,26700
ITC,20260319,14.7,14.7,14.1,14.1,5779000
ITD,20260319,0.23,0.23,0.21,0.22,14531100
ITEL,20260319,1.16,1.18,1.15,1.15,958400
ITNS,20260319,1.73,1.74,1.67,1.73,168800
ITTHI,20260319,1.18,1.19,1.17,1.18,22200
IVF,20260319,0.7,0.7,0.64,0.67,1693300
IVL,20260319,23.7,24,23.1,23.6,65049300
J,20260319,0.61,0.63,0.61,0.61,97800
JAK,20260319,0.79,0.8,0.78,0.78,1300
JAS,20260319,1.18,1.19,1.15,1.16,25195700
JCK,20260319,0.12,0.13,0.11,0.12,3342400
JCT,20260319,79.75,79.75,79.5,79.5,800
JDF,20260319,2.02,2.02,2,2.02,742800
JMART,20260319,6.8,6.85,6.55,6.55,6105400
JMT,20260319,8.35,8.45,8.1,8.1,12742100
JPARK,20260319,3.06,3.06,2.92,2.92,1553000
JR,20260319,1.73,1.73,1.71,1.73,126000
JSP,20260319,1.98,1.98,1.95,1.95,11500
JTS,20260319,56,56.5,53.5,53.5,532200
JUBILE,20260319,7.25,7.25,6.95,7.2,24900
K,20260319,1,1,0.98,0.99,2094200
KAMART,20260319,9.1,9.1,8.8,8.8,2865900
KASET,20260319,0.62,0.79,0.62,0.79,22965800
KBANK,20260319,189,189,187,187,16051300
KBS,20260319,5.7,5.8,5.7,5.75,444900
KBSPIF,20260319,8.25,8.3,8.2,8.3,65200
KC,20260319,0.02,0.03,0.02,0.02,140100
KCAR,20260319,4.78,4.8,4.76,4.78,18400
KCC,20260319,2,2.04,1.97,1.97,42600
KCE,20260319,23.8,24.2,22.7,22.7,54170700
KCG,20260319,9.75,9.75,9.5,9.6,1483100
KCM,20260319,0.17,0.17,0.15,0.16,110100
KGEN,20260319,1.19,1.2,1.18,1.18,82400
KGI,20260319,4.3,4.3,4.26,4.3,1747800
KIAT,20260319,0.33,0.33,0.32,0.32,58700
KISS,20260319,3.34,3.34,3.26,3.28,179600
KJL,20260319,5.55,5.8,5.55,5.65,54800
KK,20260319,1.02,1.02,0.98,0.98,15200
KKP,20260319,72,72.5,71.25,71.25,2109800
KLINIQ,20260319,25.25,25.5,24.8,25,425700
KOOL,20260319,0.29,0.29,0.28,0.28,2244000
KSL,20260319,1.51,1.55,1.5,1.5,6591900
KTB,20260319,34.25,34.75,34,34.25,41180700
KTBSTMR,20260319,5.4,5.45,5.4,5.4,151300
KTC,20260319,29.5,29.75,28.75,29,21027100
KTIS,20260319,1.9,1.92,1.87,1.91,301700
KTMS,20260319,1.7,1.71,1.61,1.62,459300
KUMWEL,20260319,1.08,1.09,1.05,1.05,153400
KUN,20260319,0.7,0.71,0.69,0.71,6300
KWC,20260319,271,281,271,281,1100
KWM,20260319,0.84,0.86,0.83,0.84,203700
KYE,20260319,286,288,286,287,1800
L&E,20260319,1.19,1.24,1.13,1.16,5300
LALIN,20260319,4.64,4.64,4.58,4.58,110400
LANNA,20260319,15,15.2,14.9,15.1,1453900
LDC,20260319,0.26,0.26,0.25,0.25,163800
LEE,20260319,2.72,2.74,2.7,2.72,150900
LEO,20260319,1.84,1.85,1.8,1.8,41200
LH,20260319,3.66,3.68,3.62,3.64,31889800
LHFG,20260319,1.02,1.03,1,1,7605900
LHHOTEL,20260319,12.6,12.7,12.5,12.6,811900
LHK,20260319,3.36,3.44,3.36,3.4,293200
LHRREIT,20260319,4.26,4.26,4.18,4.2,29200
LHSC,20260319,14,14.1,13.9,14,270600
LIT,20260319,0.6,0.62,0.6,0.62,81200
LOXLEY,20260319,1.38,1.38,1.34,1.34,437400
LPH,20260319,3.7,3.72,3.68,3.7,25800
LPN,20260319,1.59,1.59,1.56,1.57,441800
LST,20260319,4.6,4.72,4.58,4.6,351500
LTMH,20260319,4.72,4.72,4.52,4.6,111000
LTS,20260319,2.28,2.34,2.2,2.2,525800
LUXF,20260319,8.9,8.9,8.7,8.85,1401900
M,20260319,19.2,19.4,18.8,18.8,2012800
M-CHAI,20260319,18.7,18.9,18.7,18.9,1900
M-PAT,20260319,1.2,1.24,1.2,1.24,2000
MADAME,20260319,0.58,0.6,0.58,0.59,282200
MAGURO,20260319,20.8,20.8,20.2,20.2,472200
MAJOR,20260319,7.6,7.6,7.4,7.6,2094000
MALEE,20260319,4.2,4.22,4.04,4.04,2468900
MASTEC,20260319,1.25,1.25,1.15,1.16,3524400
MASTER,20260319,8.9,8.95,8.75,8.75,379200
MATI,20260319,3.08,3.08,3.06,3.08,1300
MBAX,20260319,2.42,2.6,2.04,2.04,7873800
MBK,20260319,17.5,17.5,17,17.1,1754900
MC,20260319,11,11,10.8,10.9,2179900
MCA,20260319,1.16,1.16,1.12,1.14,198900
MCOT,20260319,6.3,6.35,5.9,5.95,790700
MCS,20260319,9.55,9.6,9.35,9.45,1342100
MDX,20260319,2.32,2.36,2.26,2.26,187100
MEB,20260319,14.1,14.2,13.9,13.9,220600
MEDEZE,20260319,6.3,6.3,6.15,6.15,247400
MEGA,20260319,33.5,33.5,32.5,32.75,849200
MENA,20260319,0.67,0.67,0.64,0.65,1305900
METCO,20260319,265,275,264,265,3800
MFC,20260319,23,23,22.6,22.8,30000
MFEC,20260319,5.85,5.9,5.85,5.9,36700
MGC,20260319,4.28,4.28,4.16,4.16,11100
MGI,20260319,5.35,5.4,5.2,5.2,262600
MGT,20260319,1.92,1.96,1.84,1.84,697100
MICRO,20260319,0.91,0.91,0.87,0.89,672800
MIDA,20260319,0.23,0.24,0.23,0.23,420700
MII,20260319,4.82,4.82,4.82,4.82,6500
MINT,20260319,21.8,21.8,20.9,20.9,29005500
MITSIB,20260319,0.55,0.55,0.54,0.55,109300
MJD,20260319,0.34,0.34,0.33,0.34,89200
MJLF,20260319,5.1,5.1,5.05,5.1,17600
MK,20260319,0.55,0.55,0.51,0.52,13900
ML,20260319,0.43,0.44,0.41,0.43,221100
MMM,20260319,2.96,2.96,2.84,2.84,974700
MNIT,20260319,1.9,1.9,1.9,1.9,3200
MNIT2,20260319,4.98,4.98,4.98,4.98,100
MNRF,20260319,2.1,2.1,2.06,2.06,14700
MODERN,20260319,2.08,2.08,2.04,2.06,31400
MONO,20260319,1.01,1.02,0.99,1.01,2152700
MOONG,20260319,2.24,2.28,2.14,2.14,93300
MORE,20260319,0.03,0.04,0.03,0.03,4465800
MOSHI,20260319,33,33.75,32.5,33.5,695800
MOTHER,20260319,1.14,1.14,1.1,1.1,865300
MPJ,20260319,3.96,3.98,3.92,3.94,30700
MRDIYT,20260319,9.05,9.05,8.6,8.6,2073100
MSC,20260319,6.9,6.95,6.9,6.95,3900
MST,20260319,6.8,6.8,6.8,6.8,800
MTC,20260319,29,29.25,28.25,28.25,23681800
MTI,20260319,15.3,15.3,15.2,15.2,19200
MTW,20260319,0.8,0.82,0.79,0.82,44800
MUD,20260319,0.79,0.8,0.75,0.75,4900
NAM,20260319,3.58,3.62,3.58,3.62,6100
NAT,20260319,2.22,2.22,2.2,2.22,5800
NATION,20260319,0.04,0.04,0.04,0.04,539400
NC,20260319,1.89,1.9,1.85,1.85,38200
NCAP,20260319,2.58,2.64,2.52,2.52,877800
NCH,20260319,0.4,0.4,0.38,0.39,25100
NCL,20260319,0.22,0.23,0.21,0.21,402100
NCP,20260319,0.95,0.95,0.93,0.95,43200
NDR,20260319,1.43,1.48,1.43,1.48,204300
NEO,20260319,19.9,19.9,19.4,19.4,144800
NEP,20260319,0.2,0.21,0.2,0.21,7700
NER,20260319,4.82,4.82,4.66,4.66,21820400
NETBAY,20260319,18.7,18.9,18.3,18.4,507600
NEX,20260319,0.97,1.01,0.97,0.97,28255700
NKT,20260319,4.18,4.18,4.16,4.16,148300
NL,20260319,0.63,0.64,0.61,0.64,209400
NNCL,20260319,1.57,1.57,1.54,1.55,4000
NOBLE,20260319,2.06,2.08,2.04,2.04,547300
NOVA,20260319,7.55,10,7.45,9,18600
NRF,20260319,0.26,0.29,0.26,0.28,1303600
NSL,20260319,22.5,22.6,21.9,22.1,790900
NTF,20260319,12.3,12.6,11.6,11.9,5030200
NTSC,20260319,6.3,6.3,6.2,6.3,4100
NTV,20260319,22,22.1,22,22.1,64600
NUT,20260319,4.24,4.24,4.22,4.22,33900
NV,20260319,0.51,0.52,0.5,0.52,39600
NVD,20260319,0.74,0.76,0.74,0.75,13300
NYT,20260319,4.14,4.14,4.06,4.08,4652800
OCC,20260319,10.2,10.2,10.2,10.2,100
OHTL,20260319,275,275,275,275,2000
OKJ,20260319,3.58,3.6,3.52,3.54,298600
ONEE,20260319,2.72,2.72,2.58,2.58,903300
ONSENS,20260319,1.14,1.15,1.11,1.12,759100
OR,20260319,11.3,11.5,11.1,11.1,26178200
ORI,20260319,1.84,1.84,1.77,1.8,1923800
ORN,20260319,0.77,0.77,0.76,0.77,86600
OSP,20260319,14.3,14.4,13.9,14,17751700
PACO,20260319,1.3,1.3,1.26,1.27,150900
PAF,20260319,0.66,0.66,0.65,0.66,165200
PANEL,20260319,1.23,1.23,1.21,1.22,66300
PAP,20260319,2,2.08,2,2.04,140200
PATO,20260319,6.6,6.6,6.4,6.4,161300
PB,20260319,47.25,49,47.25,49,300
PCC,20260319,2.74,2.74,2.68,2.7,125400
PCE,20260319,2.44,2.54,2.42,2.42,9340100
PCSGH,20260319,3.06,3.12,3,3.08,242800
PDG,20260319,2.94,2.96,2.94,2.96,141100
PDJ,20260319,1.01,1.02,1.01,1.01,2600
PEACE,20260319,1.79,1.8,1.74,1.8,261000
PEER,20260319,0.09,0.09,0.08,0.09,896100
PERM,20260319,0.23,0.23,0.21,0.22,629200
PG,20260319,6.85,6.85,6.85,6.85,1400
PHG,20260319,12.9,12.9,12.7,12.8,103500
PHOL,20260319,2.8,2.82,2.78,2.78,72100
PICO,20260319,4.14,4.26,4.14,4.26,900
PIMO,20260319,1,1.01,1,1,411100
PIN,20260319,4.4,4.4,4.28,4.28,191300
PIS,20260319,3.58,3.7,3.54,3.66,399100
PJW,20260319,2.08,2.1,2.04,2.08,1084500
PK,20260319,0.41,0.41,0.39,0.39,218000
PLANB,20260319,3.88,3.9,3.74,3.76,25013100
PLANET,20260319,0.36,0.39,0.34,0.36,610100
PLAT,20260319,1.08,1.08,1.04,1.05,1723300
PLE,20260319,0.18,0.19,0.18,0.18,340900
PLT,20260319,0.52,0.55,0.51,0.52,1164400
PLUS,20260319,1.43,1.43,1.34,1.34,656500
PM,20260319,11.5,11.5,11.3,11.3,246800
PMC,20260319,0.87,0.87,0.85,0.85,46200
PMTA,20260319,9.8,9.9,9.7,9.9,4800
POLY,20260319,6.85,7,6.85,7,13500
POPF,20260319,6.85,6.9,6.8,6.8,488400
PORT,20260319,0.51,0.55,0.51,0.52,347900
PPM,20260319,1.32,1.42,1.32,1.36,102300
PPP,20260319,0.76,0.76,0.75,0.76,1000
PPPM,20260319,0.25,0.25,0.23,0.24,550500
PPS,20260319,0.17,0.17,0.16,0.17,1499200
PQS,20260319,1.52,1.53,1.46,1.52,414800
PR9,20260319,16.8,16.8,16.1,16.2,4255100
PRAKIT,20260319,11.6,11.7,11.6,11.7,51300
PRAPAT,20260319,0.73,0.74,0.72,0.73,93300
PREB,20260319,3.88,3.9,3.84,3.88,56400
PRECHA,20260319,0.47,0.48,0.45,0.48,83000
PRG,20260319,8.9,8.95,8.8,8.8,25000
PRI,20260319,4.04,4.04,3.94,4.02,28100
PRIME,20260319,0.05,0.06,0.05,0.05,410400
PRINC,20260319,1.74,1.76,1.74,1.74,112900
PRM,20260319,7.8,7.8,7.6,7.6,6368400
PROEN,20260319,1.01,1.01,0.98,0.98,1589300
PROS,20260319,0.31,0.31,0.3,0.3,69900
PROSPECT,20260319,7,7,6.95,6.95,335200
PROUD,20260319,1.01,1.01,0.98,0.98,1180300
PRTR,20260319,3.28,3.28,3.2,3.2,236400
PSGC,20260319,3.28,3.28,3.12,3.16,175300
PSH,20260319,3.62,3.62,3.5,3.52,737800
PSL,20260319,7.1,7.15,6.7,6.75,7936700
PSP,20260319,4.48,4.48,4.42,4.42,62200
PSTC,20260319,0.26,0.27,0.26,0.27,1474000
PT,20260319,11.7,11.7,11.4,11.7,186600
PTC,20260319,0.59,0.62,0.59,0.61,10000
PTG,20260319,8.05,8.1,7.9,7.9,8932200
PTL,20260319,9.75,10.2,9.65,9.95,2040000
PTT,20260319,33.5,34.25,33.5,34.25,126790300
PTTEP,20260319,149,155,149,155,56850700
PTTGC,20260319,31,32.75,30.5,32.25,56962000
PYLON,20260319,3.04,3.04,2.96,3,1523100
Q-CON,20260319,7.2,7.3,7.15,7.15,248000
QDC,20260319,0.13,0.13,0.11,0.12,2669200
QH,20260319,1.37,1.37,1.35,1.35,10172200
QHBREIT,20260319,3.54,3.56,3.52,3.56,50200
QHHRREIT,20260319,7.2,7.2,7.15,7.15,332300
QHOP,20260319,3.1,3.1,2.94,3.1,10200
QLT,20260319,1.52,1.53,1.39,1.39,21600
QTC,20260319,3.62,3.64,3.62,3.62,24600
QTCG,20260319,0.11,0.11,0.1,0.1,191800
RABBIT,20260319,0.33,0.33,0.32,0.33,784100
RAM,20260319,18.4,18.5,18.3,18.4,20100
RATCH,20260319,28.5,28.75,28,28.25,3291000
RBF,20260319,3.58,3.62,3.46,3.52,3055700
RCL,20260319,34.25,34.5,31,31,13201000
READY,20260319,3.16,3.16,3.14,3.14,24400
RICHY,20260319,0.16,0.16,0.14,0.15,721500
RJH,20260319,12.6,12.6,12.2,12.3,412700
RML,20260319,0.12,0.13,0.12,0.12,2177300
ROCTEC,20260319,0.56,0.58,0.55,0.55,1871500
ROJNA,20260319,5,5.05,4.94,4.96,5443900
RP,20260319,0.49,0.49,0.47,0.48,66600
RPC,20260319,0.3,0.31,0.3,0.3,870700
RPH,20260319,4.96,5,4.96,4.98,276700
RS,20260319,0.16,0.17,0.14,0.15,16714900
RSP,20260319,0.96,0.97,0.91,0.92,182200
RT,20260319,0.27,0.27,0.26,0.26,1524900
RWI,20260319,0.18,0.19,0.18,0.19,204900
S,20260319,0.51,0.51,0.49,0.5,2342700
S11,20260319,3.94,3.94,3.84,3.84,38600
SA,20260319,7.1,7.2,7,7.2,38800
SAAM,20260319,4.76,4.98,4.76,4.96,10400
SABINA,20260319,15.7,15.7,15.2,15.2,1318000
SAF,20260319,0.32,0.32,0.3,0.32,220400
SAFE,20260319,6.1,6.1,5.95,6,108700
SAK,20260319,3.42,3.42,3.34,3.34,1360000
SALEE,20260319,0.36,0.4,0.36,0.39,418900
SAMART,20260319,5.6,5.6,5.45,5.55,838000
SAMCO,20260319,0.7,0.7,0.7,0.7,26000
SAMTEL,20260319,3.8,3.8,3.76,3.76,2000
SANKO,20260319,0.83,0.84,0.82,0.83,373800
SAPPE,20260319,30,30.25,29.5,29.5,285800
SAT,20260319,14.4,14.4,14.1,14.1,855100
SAUCE,20260319,41.75,41.75,41.5,41.5,1500
SAV,20260319,11.5,11.5,10.9,11,1083500
SAWAD,20260319,23.1,23.4,22.5,22.5,16542600
SC,20260319,1.96,1.98,1.93,1.94,10576200
SCAP,20260319,1.07,1.09,1.06,1.06,1500700
SCB,20260319,144.5,145,144,144,10633700
SCC,20260319,181,184.5,178.5,181.5,4555800
SCCC,20260319,138.5,139,138.5,139,53900
SCG,20260319,2.46,2.46,2.3,2.36,19500
SCGD,20260319,5.1,5.1,5.05,5.05,192000
SCGP,20260319,18.2,18.5,17.6,17.6,12098200
SCI,20260319,0.95,0.98,0.93,0.98,166700
SCL,20260319,1.19,1.19,1.14,1.16,716300
SCM,20260319,0.13,0.13,0.12,0.12,1709400
SCN,20260319,0.35,0.35,0.33,0.34,300000
SCP,20260319,7.75,7.75,7.6,7.6,161700
SDC,20260319,0.03,0.04,0.03,0.03,8476800
SE,20260319,0.48,0.48,0.45,0.46,577400
SE-ED,20260319,1.65,1.65,1.64,1.65,99100
SEAFCO,20260319,2.5,2.5,2.38,2.38,604400
SEAOIL,20260319,3.74,3.76,3.64,3.66,1206600
SECURE,20260319,11.7,11.8,11.5,11.5,102500
SEI,20260319,2.34,2.34,2.26,2.28,317900
SELIC,20260319,2.66,2.74,2.66,2.7,18700
SENA,20260319,1.88,1.89,1.86,1.88,118700
SENX,20260319,0.23,0.24,0.22,0.22,257400
SFLEX,20260319,3.2,3.2,3.12,3.16,693800
SFT,20260319,1.76,1.76,1.7,1.73,27500
SGC,20260319,0.85,0.86,0.82,0.82,8247800
SGF,20260319,0.14,0.15,0.14,0.15,55500
SGP,20260319,7.45,7.9,7.45,7.8,365200
SHANG,20260319,44.25,44.5,44.25,44.5,1400
SHR,20260319,1.59,1.59,1.53,1.53,5373700
SIAM,20260319,0.65,0.66,0.63,0.65,44000
SICT,20260319,2.34,2.36,2.3,2.32,154500
SIMAT,20260319,1.16,1.22,1.15,1.18,1685300
SINGER,20260319,5.2,5.2,4.96,4.96,3152700
SINO,20260319,0.88,0.89,0.87,0.87,19500
SIRI,20260319,1.44,1.44,1.39,1.39,113407200
SIS,20260319,20.6,20.7,19.6,19.7,1725400
SISB,20260319,10.6,10.6,10.1,10.1,3969600
SITHAI,20260319,1.03,1.03,0.98,1,295200
SJWD,20260319,7.45,7.45,7.1,7.15,1999000
SK,20260319,0.52,0.56,0.52,0.56,40100
SKE,20260319,0.14,0.15,0.14,0.15,484800
SKIN,20260319,1.14,1.16,1.1,1.11,75000
SKN,20260319,5.8,5.85,5.55,5.7,152800
SKR,20260319,6.9,6.9,6.8,6.8,581600
SKY,20260319,12.8,12.9,12.5,12.5,878400
SLP,20260319,0.39,0.4,0.39,0.39,139000
SMART,20260319,0.6,0.61,0.6,0.61,396000
SMD100,20260319,1.89,1.89,1.8,1.85,159300
SMIT,20260319,3.54,3.54,3.52,3.52,57200
SMO,20260319,5.05,5.15,4.92,4.96,18595000
SMPC,20260319,9.15,9.2,9.15,9.2,30800
SMT,20260319,1.34,1.34,1.31,1.32,402700
SNC,20260319,5.7,5.75,5.7,5.7,69400
SNNP,20260319,7.1,7.2,7.05,7.1,409600
SNP,20260319,9.15,9.15,9.1,9.1,10300
SNPS,20260319,4.88,4.88,4.76,4.76,42200
SO,20260319,4.24,4.32,4.22,4.26,137900
SOLAR,20260319,0.19,0.23,0.19,0.22,20731500
SONIC,20260319,1.5,1.5,1.45,1.45,313100
SORKON,20260319,3.78,3.8,3.76,3.8,68300
SPA,20260319,3.42,3.44,3.3,3.3,472000
SPACK,20260319,1.2,1.28,1.17,1.2,199900
SPALI,20260319,17,17,16.7,16.8,2393500
SPC,20260319,56,56,55.75,56,2900
SPCG,20260319,9.05,9.1,8.95,9.05,880900
SPG,20260319,11.2,11.3,11,11,77000
SPI,20260319,42.75,44,42.75,43.75,21300
SPRC,20260319,7.2,7.5,7.2,7.3,29660100
SPREME,20260319,1.55,1.56,1.54,1.54,427500
SPRIME,20260319,3.44,3.44,3.42,3.44,79100
SPTX,20260319,0.01,0.01,0.01,0.01,10774900
SPVI,20260319,2.66,2.7,2.56,2.58,538200
SQ,20260319,0.26,0.27,0.26,0.27,170800
SR,20260319,0.32,0.32,0.32,0.32,100
SRICHA,20260319,14.2,14.5,14.2,14.2,585900
SRIPANWA,20260319,5.25,5.25,5.2,5.25,1300
SRS,20260319,1.46,1.47,1.45,1.46,12000
SSF,20260319,5.05,5.05,5,5.05,8000
SSP,20260319,3.38,3.44,3.38,3.4,409600
SSPF,20260319,3.28,3.34,3.28,3.34,10100
SSSC,20260319,2.22,2.22,2.18,2.2,43100
SST,20260319,1.14,1.41,1.13,1.25,42500
SSTRT,20260319,4.28,4.28,4.28,4.28,300
STA,20260319,16.4,16.5,15.9,16,14377800
STANLY,20260319,198,198,197,197,27400
STARM,20260319,0.95,0.95,0.9,0.93,571200
STC,20260319,0.41,0.45,0.4,0.43,118300
STECH,20260319,1.03,1.03,1.02,1.03,101500
STECON,20260319,12.4,12.5,11.1,11.4,69841700
STELLA,20260319,0.18,0.19,0.18,0.19,2028400
STGT,20260319,10.5,10.9,9.75,9.9,22587200
STI,20260319,1.69,1.7,1.68,1.7,45500
STOWER,20260319,0.03,0.03,0.02,0.02,10622400
STP,20260319,10.8,10.8,10.5,10.6,7400
STPI,20260319,4.44,4.44,4.2,4.2,29111000
STX,20260319,1.01,1.01,0.99,1,613400
SUC,20260319,29,29,28.5,28.75,166200
SUN,20260319,2.74,2.92,2.74,2.74,1765900
SUPER,20260319,0.1,0.11,0.1,0.11,14365100
SUPEREIF,20260319,5.75,5.8,5.65,5.65,26100
SUSCO,20260319,2.06,2.06,2.02,2.02,505200
SUTHA,20260319,2.28,2.28,2.28,2.28,10200
SVI,20260319,7.4,7.4,7.35,7.4,174700
SVOA,20260319,1.53,1.55,1.46,1.48,1070600
SVR,20260319,0.3,0.31,0.3,0.3,41800
SVT,20260319,1.29,1.29,1.27,1.27,186600
SYMC,20260319,3.64,3.64,3.6,3.6,23100
SYNEX,20260319,9.65,9.7,9.3,9.3,1334800
SYNTEC,20260319,1.72,1.74,1.68,1.69,1765200
TACC,20260319,5.45,5.5,5.35,5.4,1956400
TAE,20260319,0.8,0.92,0.8,0.84,12898700
TAKUNI,20260319,0.35,0.35,0.34,0.34,512900
TAN,20260319,4.12,4.12,4,4,123100
TASCO,20260319,13.1,13.3,12.9,13.1,4632200
TATG,20260319,0.99,1,0.97,0.98,478400
TBN,20260319,3.98,3.98,3.98,3.98,10000
TC,20260319,5.55,5.55,5.45,5.5,104900
TCAP,20260319,56,56.25,55.25,55.25,3484500
TCC,20260319,0.31,0.32,0.3,0.3,1769700
TCJ,20260319,2.3,2.32,2.3,2.32,1700
TCMC,20260319,0.3,0.36,0.3,0.31,7324900
TEAM,20260319,2.54,2.62,2.52,2.58,99700
TEAMG,20260319,2.9,2.9,2.8,2.8,2727900
TEGH,20260319,3.18,3.34,3.18,3.2,4957000
TEKA,20260319,1.69,1.69,1.66,1.69,73200
TERA,20260319,1.01,1.01,0.99,0.99,30200
TFFIF,20260319,6.65,6.65,6.55,6.55,1517100
TFG,20260319,7.5,7.6,7.15,7.15,32606600
TFI,20260319,0.05,0.05,0.05,0.05,19700
TFM,20260319,6.2,6.2,6.05,6.1,1683800
TFMAMA,20260319,188,189,187,188,7100
TGE,20260319,1.29,1.3,1.16,1.17,254600
TGH,20260319,10.6,10.6,10.1,10.3,1300
TGPRO,20260319,0.05,0.05,0.03,0.03,4094600
TH,20260319,0.47,0.48,0.45,0.45,1433600
THAI,20260319,6.05,6.15,6,6,13753300
THANA,20260319,1.58,1.6,1.57,1.57,59200
THANI,20260319,1.66,1.66,1.62,1.64,8294000
THCOM,20260319,11.3,12,11.3,11.7,28348500
THE,20260319,0.79,0.81,0.77,0.81,37800
THG,20260319,8.35,8.4,8.2,8.2,1085900
THIP,20260319,22.7,22.7,22.4,22.6,35200
THMUI,20260319,0.32,0.32,0.3,0.3,26900
THRE,20260319,0.41,0.41,0.4,0.4,947200
THREL,20260319,1,1.01,1,1.01,69900
TIDLOR,20260319,15.7,15.8,14.9,15,31346300
TIF1,20260319,7.5,7.5,7.4,7.4,3100
TIGER,20260319,0.25,0.25,0.21,0.24,73300
TIPCO,20260319,6.85,6.9,6.65,6.7,29000
TIPH,20260319,20.5,20.5,20,20,360000
TISCO,20260319,113,114.5,113,113.5,5265100
TITLE,20260319,8.25,8.3,7.25,7.8,2029700
TK,20260319,4.14,4.2,4.12,4.12,52400
TKC,20260319,7.6,7.8,7.6,7.6,24400
TKN,20260319,4.02,4.02,3.9,3.92,1554800
TKS,20260319,6.35,6.35,6.2,6.25,60800
TKT,20260319,0.7,0.72,0.7,0.71,14200
TL,20260319,0.38,0.39,0.37,0.37,817300
TLI,20260319,10.3,10.3,10.1,10.2,9858100
TM,20260319,0.78,0.81,0.77,0.79,65200
TMAN,20260319,12.7,12.8,12.5,12.5,300700
TMC,20260319,0.68,0.69,0.68,0.68,75800
TMD,20260319,25.25,25.25,25,25,9600
TMI,20260319,0.5,0.5,0.49,0.49,221000
TMILL,20260319,2.12,2.12,2.1,2.12,43000
TMT,20260319,3,3.26,2.96,3.26,278800
TMW,20260319,57.75,58,57,57.5,12000
TNDT,20260319,0.17,0.17,0.16,0.17,406800
TNH,20260319,30.75,30.75,30.75,30.75,200
TNITY,20260319,2.48,2.48,2.4,2.4,4400
TNP,20260319,2.78,2.8,2.76,2.76,106700
TNPC,20260319,0.88,0.91,0.84,0.87,1144900
TNPF,20260319,1.03,1.03,1.03,1.03,21900
TNR,20260319,4.88,4.92,4.86,4.88,24700
TOA,20260319,12.5,12.9,12.2,12.3,4918000
TOG,20260319,6.9,6.95,6.8,6.85,110500
TOP,20260319,46,47.75,46,46,26141900
TOPP,20260319,135,135,135,135,1000
TPA,20260319,2.4,2.4,2.4,2.4,1600
TPAC,20260319,9.35,9.55,9.35,9.4,58300
TPBI,20260319,3.32,3.36,3.24,3.26,1130900
TPCH,20260319,2.1,2.12,2.04,2.04,1303600
TPIPL,20260319,0.71,0.71,0.69,0.69,26031400
TPIPP,20260319,1.83,1.83,1.8,1.8,2312700
TPL,20260319,0.45,0.46,0.44,0.46,206800
TPLAS,20260319,1.2,1.27,1.2,1.2,2409700
TPOLY,20260319,0.18,0.19,0.17,0.19,368700
TPP,20260319,10.8,11,10.6,10.6,8300
TPRIME,20260319,7.3,7.3,7.3,7.3,1100
TPS,20260319,3.32,3.32,3.24,3.3,176800
TQM,20260319,12.9,13,12.7,12.8,412800
TQR,20260319,5.3,5.4,5.25,5.25,21900
TRC,20260319,0.4,0.43,0.39,0.39,1257300
TRITN,20260319,0.02,0.03,0.02,0.02,134700
TRP,20260319,4.56,4.56,4.5,4.5,15100
TRT,20260319,4.02,4.04,3.98,4.02,349800
TRU,20260319,3.98,3.98,3.92,3.98,108500
TRUBB,20260319,0.88,0.92,0.82,0.82,14398800
TRUE,20260319,13.8,14.2,13.6,13.8,268211800
TRV,20260319,1.68,1.68,1.68,1.68,35500100
TSC,20260319,14.2,14.4,14.2,14.4,1500
TSE,20260319,0.51,0.57,0.5,0.52,19015600
TSI,20260319,0.05,0.06,0.05,0.06,1509800
TSTH,20260319,0.73,0.74,0.72,0.73,2285700
TTA,20260319,4.8,4.84,4.68,4.7,7133500
TTB,20260319,2.24,2.26,2.22,2.24,281685700
TTI,20260319,25,25,24.8,24.8,1500
TTLPF,20260319,9.75,9.75,9.65,9.7,204600
TTT,20260319,42.5,42.5,42.25,42.25,700
TTW,20260319,9.15,9.15,9.05,9.05,3148900
TU,20260319,11,11,10.8,10.8,11455900
TURBO,20260319,1.58,1.6,1.51,1.51,11239600
TVDH,20260319,0.06,0.06,0.05,0.06,365700
TVH,20260319,9.05,9.05,8.75,8.75,13900
TVO,20260319,24.4,24.7,24.2,24.2,950700
TVT,20260319,0.24,0.24,0.23,0.23,42200
TWP,20260319,1.16,1.16,1.16,1.16,1400
TWPC,20260319,2.82,2.9,2.82,2.84,208300
TWZ,20260319,0.01,0.02,0.01,0.01,986700
TYCN,20260319,1.69,1.71,1.67,1.71,3000
UAC,20260319,2.78,2.8,2.78,2.78,96100
UBA,20260319,1.08,1.08,1.06,1.07,179700
UBE,20260319,0.61,0.77,0.61,0.71,236102400
UBIS,20260319,1.05,1.17,1.05,1.08,558600
UEC,20260319,0.65,0.7,0.64,0.66,626400
UKEM,20260319,0.75,0.75,0.73,0.74,2910100
UMI,20260319,0.69,0.69,0.68,0.68,180600
UNIQ,20260319,2.6,2.6,2.52,2.52,498700
UP,20260319,27.25,27.25,25.75,26.25,90200
UPF,20260319,21.9,22,21,21.5,3200
UPOIC,20260319,7.2,8.2,7.2,7.4,1646200
UREKA,20260319,0.29,0.3,0.28,0.29,1652500
UTP,20260319,7.45,7.5,7.4,7.4,168700
UV,20260319,0.84,0.85,0.83,0.85,105500
UVAN,20260319,16.3,17.8,16.3,16.6,7952000
VARO,20260319,4.34,4.4,4.3,4.36,13300
VCOM,20260319,3.3,3.3,3.24,3.3,235400
VGI,20260319,0.87,0.88,0.84,0.84,47327000
VIBHA,20260319,1.4,1.41,1.38,1.38,710300
VIH,20260319,9.2,9.35,9.05,9.2,412200
VL,20260319,0.81,0.85,0.8,0.8,1564100
VNG,20260319,1.97,1.97,1.93,1.95,21300
VPO,20260319,0.54,0.64,0.54,0.61,118273100
VRANDA,20260319,4.2,4.22,4.2,4.22,6100
VS,20260319,0.25,0.25,0.25,0.25,20400
WACOAL,20260319,17.5,17.5,17.5,17.5,3100
WARRIX,20260319,1.75,1.76,1.73,1.73,158900
WASH,20260319,5.15,5.15,4.94,4.96,2191300
WAVE,20260319,0.02,0.03,0.02,0.03,3648200
WFX,20260319,1.12,1.22,1.1,1.17,2095700
WGE,20260319,0.78,0.79,0.77,0.77,178300
WHA,20260319,4.18,4.18,4.06,4.06,97358600
WHABT,20260319,5.7,5.7,5.6,5.6,70700
WHAIR,20260319,6.95,6.95,6.85,6.9,349700
WHART,20260319,10.2,10.3,10.1,10.2,1531500
WHAUP,20260319,4.38,4.4,4.24,4.24,8793300
WICE,20260319,2.6,2.6,2.36,2.42,1177700
WIIK,20260319,0.87,0.88,0.86,0.87,109500
WIN,20260319,0.25,0.25,0.24,0.24,341700
WINDOW,20260319,0.77,0.77,0.76,0.77,1400
WINMED,20260319,0.9,0.9,0.88,0.88,52200
WINNER,20260319,2.08,2.08,2.04,2.06,500900
WORK,20260319,3.52,3.52,3.44,3.44,58600
WP,20260319,3.76,3.76,3.72,3.76,335400
WPH,20260319,6.3,6.35,6,6,1219900
XBIO,20260319,0.06,0.07,0.06,0.06,44825200
XO,20260319,14,14,13.8,13.9,270500
XPG,20260319,0.47,0.47,0.45,0.46,12369600
XYZ,20260319,0.39,0.4,0.39,0.39,54000
YGG,20260319,0.17,0.18,0.17,0.18,942900
YONG,20260319,0.7,0.71,0.69,0.71,65100
YUASA,20260319,14.8,14.9,14.7,14.8,18500
ZAA,20260319,1.84,1.85,1.84,1.85,800
ZIGA,20260319,0.87,0.87,0.84,0.84,931900
3BBIF-O,20260319,6.6,6.6,6.55,6.6,909
88TH-O,20260319,5.1,5.1,4.98,4.98,246
AAI-O,20260319,3.46,3.46,3.4,3.4,48
AAV-O,20260319,1.09,1.09,1.07,1.07,625
ACC-O,20260319,0.31,0.31,0.31,0.31,94
ACE-O,20260319,0.95,1.29,0.95,1.29,171
ACG-O,20260319,0.62,0.62,0.62,0.62,9
ADB-O,20260319,0.61,0.61,0.61,0.61,1
ADD-O,20260319,3.56,3.56,3.54,3.54,100
ADVANC-O,20260319,379,382,376,376,3349
ADVICE-O,20260319,5.6,5.6,5.45,5.45,148
AE-O,20260319,0.1,0.11,0.08,0.08,254
AEONTS-O,20260319,90,90.25,88.5,88.75,755
AFC-O,20260319,3,3.16,3,3.16,82
AGE-O,20260319,1.43,1.43,1.33,1.33,128
AH-O,20260319,13.2,13.2,13.1,13.1,40
AHC-O,20260319,13.3,13.4,13,13.2,12
AI-O,20260319,3,3.04,2.98,2.98,85
AIE-O,20260319,1.24,1.37,1.24,1.33,671
AIMCG-O,20260319,1.65,1.65,1.3,1.3,25
AIMIRT-O,20260319,11,11,11,11,1
AIT-O,20260319,4.88,4.88,4.84,4.86,71
AJ-O,20260319,2.52,2.64,2.46,2.64,271
AJA-O,20260319,0.17,0.17,0.17,0.17,100
AKR-O,20260319,0.91,0.91,0.91,0.91,81
ALLY-O,20260319,4.34,4.34,4.3,4.3,6
ALUCON-O,20260319,218,218,218,218,1
AMA-O,20260319,3.98,3.98,3.92,3.92,105
AMANAH-O,20260319,0.69,0.69,0.64,0.64,249
AMARC-O,20260319,3.4,3.4,3.28,3.28,256
AMATA-O,20260319,19.4,19.4,18.8,18.8,922
AMATAV-O,20260319,2.04,2.04,2.04,2.04,1
AMR-O,20260319,0.33,0.33,0.33,0.33,2
ANAN-O,20260319,0.28,0.28,0.28,0.28,49
ANI-O,20260319,2.66,2.66,2.64,2.64,15
AOT-O,20260319,49.25,49.25,48,48.5,4189
AP-O,20260319,8.6,8.6,8.4,8.4,1691
APO-O,20260319,2.48,2.64,2.48,2.5,401
APP-O,20260319,2.62,2.62,2.62,2.62,101
APURE-O,20260319,2.48,2.48,2.42,2.42,5
AS-O,20260319,2.74,2.74,2.74,2.74,67
ASEFA-O,20260319,4,4,4,4,70
ASIAN-O,20260319,7.15,7.2,7,7,331
ASIMAR-O,20260319,1.5,1.5,1.5,1.5,1
ASK-O,20260319,8.4,8.5,8.4,8.5,51
ASP-O,20260319,2.04,2.1,2.04,2.06,44
ASW-O,20260319,7.65,7.65,7.4,7.4,68
ATLAS-O,20260319,1.78,1.8,1.78,1.8,9
ATP30-O,20260319,0.87,0.88,0.87,0.88,11
AU-O,20260319,4.88,4.88,4.86,4.86,9
AUCT-O,20260319,5.15,5.2,5.05,5.2,79
AURA-O,20260319,14.2,14.2,13.4,13.4,450
AWC-O,20260319,2.02,2.04,1.99,2,1740
AXTRART-O,20260319,12.4,12.5,12.4,12.4,85
AYUD-O,20260319,37.75,37.75,37,37,101
B-O,20260319,0.03,0.04,0.03,0.03,343
B52-O,20260319,0.28,0.28,0.21,0.21,52
BA-O,20260319,13.6,13.7,13.1,13.1,2356
BAFS-O,20260319,8.3,8.35,8.2,8.2,167
BAM-O,20260319,7.1,7.15,6.9,6.9,982
BANPU-O,20260319,5.9,6,5.85,6,1705
BAREIT-O,20260319,10.6,10.6,10.6,10.6,15
BAY-O,20260319,25.75,25.75,25.25,25.75,122
BBGI-O,20260319,4.26,4.4,4.24,4.3,1052
BBIK-O,20260319,19.3,19.3,18.6,18.7,437
BBL-O,20260319,165.5,166.5,164.5,164.5,2396
BC-O,20260319,0.69,0.69,0.68,0.69,12
BCH-O,20260319,10.2,10.2,9.7,9.75,3331
BCP-O,20260319,39.5,40.25,39,40,2830
BCPG-O,20260319,6.35,6.4,6.2,6.2,945
BDMS-O,20260319,18.7,18.8,18.4,18.5,19295
BE8-O,20260319,5.6,5.6,5.45,5.45,65
BEAUTY-O,20260319,0.37,0.37,0.33,0.34,65
BEC-O,20260319,1.43,2,1.43,2,13
BEM-O,20260319,5.25,5.25,5.15,5.2,948
BEYOND-O,20260319,8,8,8,8,80
BGC-O,20260319,4.5,4.5,4.5,4.5,5
BGRIM-O,20260319,11.3,11.4,10.6,10.7,4880
BH-O,20260319,165.5,166,161.5,161.5,9665
BIOTEC-O,20260319,0.29,0.33,0.29,0.33,505
BIZ-O,20260319,4.56,4.56,4.54,4.54,61
BJC-O,20260319,14.4,14.4,13.7,13.7,1006
BKA-O,20260319,0.7,0.84,0.7,0.84,3
BKGI-O,20260319,0.92,1.7,0.92,1.7,198
BKIH-O,20260319,311,311,311,311,1
BLA-O,20260319,19.5,19.5,19.3,19.3,42
BLAND-O,20260319,0.43,0.43,0.42,0.42,10
BLC-O,20260319,3.86,3.86,3.82,3.82,39
BM-O,20260319,1,1,0.99,0.99,50
BPP-O,20260319,12.3,12.4,12,12.4,128
BPS-O,20260319,0.4,0.43,0.4,0.43,18
BRI-O,20260319,1.34,1.34,1.34,1.34,1
BRR-O,20260319,3.84,3.84,3.82,3.82,30
BSM-O,20260319,0.38,0.38,0.38,0.38,1
BTC-O,20260319,0.21,0.21,0.19,0.19,125
BTG-O,20260319,21.5,21.7,20.9,21.5,706
BTS-O,20260319,2.04,2.08,2.02,2.02,1281
BTSGIF-O,20260319,1.8,2.56,1.8,2.54,118
BUI-O,20260319,11,11,11,11,80
BWG-O,20260319,0.41,0.41,0.41,0.41,1
BYD-O,20260319,0.5,0.51,0.5,0.51,65
CBG-O,20260319,36.25,36.25,35.25,35.75,925
CCET-O,20260319,3.5,4.88,3.5,4.72,885
CCP-O,20260319,0.26,0.27,0.25,0.27,13
CEN-O,20260319,0.4,0.4,0.4,0.4,3
CENTEL-O,20260319,32.75,33.25,31.5,31.5,1223
CFRESH-O,20260319,1.06,1.06,0.97,0.97,195
CGD-O,20260319,0.12,0.12,0.11,0.11,21
CHASE-O,20260319,0.46,0.47,0.46,0.47,2
CHAYO-O,20260319,1.05,1.06,1,1.02,577
CHG-O,20260319,1.47,1.47,1.45,1.45,955
CIG-O,20260319,0.03,0.03,0.03,0.03,3
CITY-O,20260319,0.89,0.89,0.89,0.89,48
CIVIL-O,20260319,0.82,0.82,0.82,0.82,1
CK-O,20260319,16.1,16.1,15.2,15.2,357
CKP-O,20260319,2.24,2.26,2.22,2.24,264
CM-O,20260319,1.73,1.73,1.72,1.72,2
CMAN-O,20260319,2.62,2.62,2.62,2.62,5
CMO-O,20260319,0.88,0.88,0.88,0.88,1
CMR-O,20260319,1.36,1.36,1.35,1.35,133
COCOCO-O,20260319,5.9,5.9,5.6,5.6,317
COM7-O,20260319,23.1,23.1,21.9,21.9,2282
CPALL-O,20260319,45.75,46,44.25,44.5,21907
CPAXT-O,20260319,15.1,15.2,14.9,15,4399
CPF-O,20260319,19.9,20.1,19.5,19.6,4319
CPH-O,20260319,8.1,8.1,8,8,41
CPI-O,20260319,3.74,3.74,3.68,3.72,212
CPL-O,20260319,0.6,0.62,0.6,0.6,71
CPN-O,20260319,64,64,62.5,63,1398
CPNCG-O,20260319,6.2,6.2,6.15,6.15,40
CPNREIT-O,20260319,11.6,11.7,11.6,11.6,579
CPW-O,20260319,2.14,2.14,2.14,2.14,1
CRC-O,20260319,18.8,18.8,18,18.4,2926
CREDIT-O,20260319,17.5,17.5,17.3,17.5,145
CSC-O,20260319,43.5,43.5,43.5,43.5,26
CSR-O,20260319,69.75,69.75,69.75,69.75,1
CWT-O,20260319,0.85,0.85,0.81,0.81,20
D-O,20260319,2.8,2.8,2.8,2.8,1
DCC-O,20260319,1.21,1.22,1.21,1.21,211
DCON-O,20260319,0.2,0.21,0.2,0.21,55
DELTA-O,20260319,271,278,267,270,19481
DIF-O,20260319,9.5,9.5,9.4,9.45,774
DITTO-O,20260319,10.9,10.9,10.7,10.7,111
DMT-O,20260319,11.2,11.3,11.1,11.2,277
DOD-O,20260319,1.85,1.85,1.79,1.79,8
DOHOME-O,20260319,3.22,3.22,3.1,3.14,1145
DREIT-O,20260319,4.8,4.8,4.8,4.8,10
DRT-O,20260319,4.82,4.84,4.78,4.8,149
DTCENT-O,20260319,0.87,0.87,0.87,0.87,12
DUSIT-O,20260319,10.3,10.3,10.1,10.1,208
DV8-O,20260319,5.25,5.25,5,5.25,73
EA-O,20260319,2.66,2.66,2.56,2.56,894
EASON-O,20260319,1.1,1.1,1.1,1.1,1
EASTW-O,20260319,2.52,2.54,2.52,2.54,5
EFORL-O,20260319,0.13,0.13,0.13,0.13,3
EGATIF-O,20260319,6.2,6.2,6.1,6.1,19
EGCO-O,20260319,109,109.5,108,108,1946
EKH-O,20260319,5,5,5,5,10
EMC-O,20260319,0.03,0.03,0.03,0.03,20
EMPIRE-O,20260319,0.56,0.56,0.56,0.56,20
EP-O,20260319,1.16,1.16,1.14,1.14,43
EPG-O,20260319,3.12,3.14,3.1,3.1,350
ERW-O,20260319,2.48,2.48,2.4,2.4,666
ETC-O,20260319,0.47,0.67,0.47,0.66,49
ETE-O,20260319,0.57,0.57,0.57,0.57,1
ETL-O,20260319,0.49,0.49,0.45,0.45,88
FLOYD-O,20260319,1.1,1.1,1.1,1.1,2
FM-O,20260319,4.18,4.6,3.94,3.94,719
FN-O,20260319,0.41,0.42,0.41,0.42,20
FORTH-O,20260319,6.7,6.7,6.5,6.5,94
FSMART-O,20260319,6.25,6.35,6.25,6.25,181
FTE-O,20260319,2.04,2.04,2.04,2.04,1
FTREIT-O,20260319,10.8,10.9,10.8,10.8,202
FUTURERT-O,20260319,8.9,8.9,8.9,8.9,50
FVC-O,20260319,0.37,0.37,0.37,0.37,20
GABLE-O,20260319,3.94,3.94,3.88,3.88,71
GC-O,20260319,4.44,4.52,4.44,4.52,11
GCAP-O,20260319,0.27,0.27,0.25,0.25,2
GFC-O,20260319,2.78,2.78,2.78,2.78,1
GFPT-O,20260319,9.45,9.6,9.1,9.1,349
GGC-O,20260319,4.4,4.4,4.2,4.2,1010
GLOBAL-O,20260319,6.4,6.4,6,6,935
GLORY-O,20260319,0.45,0.57,0.45,0.57,5
GPI-O,20260319,1.66,1.66,1.66,1.66,40
GPSC-O,20260319,33,33,31.5,31.5,3577
GRAMMY-O,20260319,3.76,3.84,3.66,3.84,65
GROREIT-O,20260319,8.05,8.05,8.05,8.05,1
GTB-O,20260319,0.74,0.74,0.74,0.74,1
GULF-O,20260319,56.5,57,55.5,55.75,9260
GUNKUL-O,20260319,2.12,2.12,2.08,2.12,601
GVREIT-O,20260319,6.4,6.4,6.4,6.4,51
HANA-O,20260319,25.5,25.5,23.8,23.9,3591
HANN-O,20260319,0.98,1.01,0.97,1.01,104
HARN-O,20260319,2.02,2.02,2.02,2.02,50
HFT-O,20260319,4.24,4.24,4.24,4.24,5
HMPRO-O,20260319,6.25,6.25,6,6.1,4264
HPF-O,20260319,5.5,5.5,5.5,5.5,1
HTC-O,20260319,15.7,15.7,15.6,15.7,154
HUMAN-O,20260319,4.4,4.4,4.34,4.34,359
ICHI-O,20260319,13.2,13.2,12.7,13,4520
ICN-O,20260319,1.75,1.75,1.74,1.74,13
IFS-O,20260319,1.94,1.94,1.9,1.9,3
III-O,20260319,4,4,3.96,4,48
ILM-O,20260319,13.3,13.4,13.2,13.4,125
IMPACT-O,20260319,11,11,10.9,10.9,51
INET-O,20260319,3.56,3.56,3.54,3.54,24
INETREIT-O,20260319,8.55,12.3,8.55,12.3,1324
INGRS-O,20260319,0.29,0.29,0.29,0.29,1
INSET-O,20260319,2.56,2.56,2.56,2.56,20
IP-O,20260319,4.28,4.3,4.14,4.3,119
IRC-O,20260319,11.5,11.5,11.4,11.4,41
IRCP-O,20260319,0.24,0.24,0.24,0.24,11
IRPC-O,20260319,1.51,1.52,1.45,1.48,1662
IT-O,20260319,4.04,4.04,3.98,3.98,17
ITC-O,20260319,14.6,14.6,14.2,14.2,706
ITD-O,20260319,0.22,0.22,0.22,0.22,397
ITEL-O,20260319,1.18,1.18,1.18,1.18,7
ITTHI-O,20260319,1.18,1.18,1.18,1.18,18
IVF-O,20260319,0.78,0.78,0.78,0.78,16
IVL-O,20260319,23.5,23.9,23.1,23.6,1983
JAS-O,20260319,1.19,1.19,1.17,1.17,265
JCK-O,20260319,0.13,0.13,0.12,0.12,57
JCT-O,20260319,81,81,80.5,80.5,2
JDF-O,20260319,1.52,2.04,1.52,2.04,163
JMART-O,20260319,7.25,7.25,6.6,6.65,865
JMT-O,20260319,8.4,8.65,8.15,8.2,1422
JPARK-O,20260319,3,3,3,3,1
JR-O,20260319,1.73,1.73,1.73,1.73,1
JSP-O,20260319,1.97,1.97,1.97,1.97,6
JTS-O,20260319,56.25,56.5,53.5,53.5,1050
JUBILE-O,20260319,7.2,7.2,7.15,7.15,15
K-O,20260319,1.14,1.14,1.14,1.14,20
KAMART-O,20260319,9.1,9.1,7.65,8.95,256
KASET-O,20260319,0.66,0.78,0.66,0.78,112
KBANK-O,20260319,189.5,192.5,187.5,187.5,6905
KBS-O,20260319,5.75,5.75,5.75,5.75,5
KBSPIF-O,20260319,8.25,8.25,8.2,8.25,20
KCC-O,20260319,1.99,1.99,1.99,1.99,1
KCE-O,20260319,23.9,24.1,22.8,22.8,3000
KCG-O,20260319,9.75,9.75,9.6,9.7,12
KGI-O,20260319,4.3,4.3,4.28,4.28,64
KIAT-O,20260319,0.33,0.33,0.33,0.33,7
KK-O,20260319,1.28,1.28,0.98,0.99,42
KKP-O,20260319,72.25,72.75,71.5,71.5,3976
KLINIQ-O,20260319,25.25,25.5,24.9,25,325
KOOL-O,20260319,0.28,0.29,0.28,0.29,2
KSL-O,20260319,1.53,1.6,1.53,1.54,344
KTB-O,20260319,34.25,34.75,34.25,34.25,6914
KTC-O,20260319,30,30,29,29.25,2170
KTIS-O,20260319,1.9,1.9,1.9,1.9,5
KTMS-O,20260319,1.7,1.7,1.66,1.66,154
KWM-O,20260319,1.09,1.09,0.85,0.85,22
L&E-O,20260319,1.24,1.52,1.22,1.22,49
LALIN-O,20260319,6,6,6,6,1
LANNA-O,20260319,15.4,15.4,15,15.1,828
LDC-O,20260319,0.33,0.33,0.33,0.33,2
LEE-O,20260319,2.76,2.76,2.72,2.76,40
LH-O,20260319,3.68,3.7,3.64,3.66,2314
LHFG-O,20260319,1.03,1.04,1,1.01,131
LHHOTEL-O,20260319,12.7,12.7,12.6,12.6,224
LHK-O,20260319,4.36,4.36,3.4,3.46,14
LHRREIT-O,20260319,3.5,3.5,3.5,3.5,2
LHSC-O,20260319,14,14,14,14,61
LIT-O,20260319,0.62,0.62,0.62,0.62,2
LOXLEY-O,20260319,1.78,1.78,1.36,1.36,8
LPN-O,20260319,1.58,1.58,1.58,1.58,2
LST-O,20260319,4.7,4.7,4.7,4.7,1
LTMH-O,20260319,4.56,4.62,4.56,4.62,2
LTS-O,20260319,2.28,2.28,2.22,2.22,151
LUXF-O,20260319,10,10,8.85,8.85,16
M-O,20260319,19.3,21,18.9,18.9,668
M-PAT-O,20260319,1.19,1.24,1.19,1.24,8
M-STOR-O,20260319,8.75,8.75,8.75,8.75,1
MADAME-O,20260319,0.57,0.59,0.44,0.58,103
MAGURO-O,20260319,20.9,20.9,20.4,20.4,103
MAJOR-O,20260319,7.5,7.5,7.4,7.45,152
MALEE-O,20260319,5.4,5.4,4.08,4.08,134
MANRIN-O,20260319,29,29,29,29,1
MASTEC-O,20260319,1.2,1.2,1.18,1.18,46
MASTER-O,20260319,8.9,9.1,8.85,8.9,187
MATCH-O,20260319,1.2,1.2,1.2,1.2,1
MATI-O,20260319,4,4,4,4,1
MBAX-O,20260319,2.48,2.48,2.12,2.12,296
MBK-O,20260319,17.4,19.4,17.1,17.1,217
MC-O,20260319,11.1,11.1,10.9,11.1,660
MCA-O,20260319,1.4,1.4,1.4,1.4,1
MCOT-O,20260319,6.35,7,6.15,6.15,16
MCS-O,20260319,9.55,9.7,9.45,9.45,129
MDX-O,20260319,2.5,2.5,2.5,2.5,1
MEB-O,20260319,14.8,14.8,14,14,7
MEDEZE-O,20260319,6.25,6.25,6.15,6.15,12
MEGA-O,20260319,33.5,33.5,32.75,32.75,788
METCO-O,20260319,265,265,263,265,49
MFC-O,20260319,22.7,22.7,22.6,22.6,14
MFEC-O,20260319,6,6,6,6,1
MGC-O,20260319,3.02,3.02,3.02,3.02,1
MGI-O,20260319,5.35,5.35,5.3,5.35,98
MGT-O,20260319,1.9,2.4,1.9,2.4,12
MIDA-O,20260319,0.23,0.23,0.23,0.23,2
MII-O,20260319,4.88,4.88,4.88,4.88,1
MINT-O,20260319,21.9,21.9,21,21,4267
MITSIB-O,20260319,0.54,0.55,0.54,0.55,11
MJD-O,20260319,0.45,0.45,0.45,0.45,1
MJLF-O,20260319,5.1,5.1,5.1,5.1,7
MK-O,20260319,0.39,0.55,0.39,0.5,27
ML-O,20260319,0.44,0.44,0.41,0.41,27
MMM-O,20260319,2.9,2.9,2.86,2.9,120
MNIT2-O,20260319,6,6,6,6,1
MNRF-O,20260319,2.74,2.74,2.04,2.04,6
MODERN-O,20260319,2.7,2.7,2.7,2.7,1
MONO-O,20260319,1.01,1.01,1.01,1.01,20
MORE-O,20260319,0.03,0.03,0.03,0.03,1
MOSHI-O,20260319,33,33.5,32.75,33.5,150
MOTHER-O,20260319,1.12,1.13,1.12,1.13,8
MPJ-O,20260319,4,4,4,4,1
MRDIYT-O,20260319,8.95,9,8.75,8.75,189
MSC-O,20260319,6.9,6.9,6.9,6.9,1
MTC-O,20260319,29.75,29.75,28.5,28.75,1606
MTI-O,20260319,15.8,15.8,15.8,15.8,10
NAM-O,20260319,4.68,4.68,4.68,4.68,1
NC-O,20260319,1.9,1.9,1.9,1.9,1
NCH-O,20260319,0.37,0.38,0.37,0.38,54
NCP-O,20260319,0.93,0.93,0.93,0.93,1
NDR-O,20260319,1.45,1.45,1.45,1.45,1
NEO-O,20260319,19.9,19.9,19.5,19.5,132
NER-O,20260319,4.78,4.78,4.7,4.7,409
NETBAY-O,20260319,18.7,18.8,18.5,18.5,335
NEX-O,20260319,1,1.01,0.99,0.99,182
NKI-O,20260319,17.3,17.3,17.3,17.3,1
NL-O,20260319,0.65,0.65,0.65,0.65,6
NNCL-O,20260319,1.57,2.04,1.57,2.04,32
NOBLE-O,20260319,2.06,2.06,2.04,2.04,8
NOVA-O,20260319,8,8,8,8,10
NRF-O,20260319,0.28,0.28,0.28,0.28,137
NSL-O,20260319,22.5,22.5,22,22.1,379
NTF-O,20260319,12.1,12.4,11.8,12.1,404
NTV-O,20260319,22.1,22.3,22.1,22.3,101
NV-O,20260319,0.52,0.52,0.51,0.51,27
NVD-O,20260319,0.74,0.76,0.54,0.54,113
NYT-O,20260319,4.1,4.36,4.1,4.12,171
OCC-O,20260319,10,10,10,10,1
OHTL-O,20260319,300,300,300,300,1
OKJ-O,20260319,3.6,4.2,3.54,3.56,228
ONEE-O,20260319,2.72,2.72,2.62,2.62,335
ONSENS-O,20260319,1.15,1.15,1.14,1.14,30
OR-O,20260319,11.4,11.5,11.2,11.2,5203
ORI-O,20260319,2.36,2.36,1.79,1.79,208
OSP-O,20260319,14.4,14.4,14,14,2578
PACO-O,20260319,1.3,1.3,1.3,1.3,4
PAP-O,20260319,2.06,2.06,2,2,4
PATO-O,20260319,6.6,6.6,6.45,6.5,70
PB-O,20260319,48.5,48.75,48,48.75,64
PCE-O,20260319,2.5,2.94,2.46,2.46,303
PCSGH-O,20260319,3.1,3.1,3.08,3.08,77
PDG-O,20260319,3,3,2.96,2.96,3
PDJ-O,20260319,1.01,1.01,1,1,3
PHG-O,20260319,13.1,13.1,12.9,12.9,17
PHOL-O,20260319,2.82,2.82,2.78,2.78,131
PIN-O,20260319,4.36,4.36,4.3,4.3,22
PIS-O,20260319,3.54,3.54,3.54,3.54,1
PJW-O,20260319,2.06,2.1,2.06,2.1,46
PK-O,20260319,0.41,0.41,0.41,0.41,1
PLANB-O,20260319,3.88,3.9,3.74,3.78,733
PLANET-O,20260319,0.37,0.37,0.37,0.37,10
PLUS-O,20260319,1.39,1.39,1.35,1.35,92
PM-O,20260319,11.6,11.6,11.4,11.4,50
PMC-O,20260319,0.89,0.89,0.89,0.89,1
POPF-O,20260319,6.9,6.9,6.85,6.85,46
PORT-O,20260319,0.55,0.55,0.52,0.52,6
PPM-O,20260319,1.34,1.35,1.34,1.35,59
PPS-O,20260319,0.17,0.17,0.17,0.17,9
PQS-O,20260319,1.51,1.51,1.51,1.51,1
PR9-O,20260319,16.8,16.8,16.2,16.3,1323
PRAKIT-O,20260319,11.8,11.8,11.8,11.8,1
PRAPAT-O,20260319,0.73,0.74,0.73,0.74,2
PRG-O,20260319,8.95,9,8.8,8.85,102
PRI-O,20260319,4.06,4.06,4.06,4.06,1
PRM-O,20260319,7.75,7.8,7.65,7.65,252
PROEN-O,20260319,1.01,1.01,0.99,0.99,65
PROSPECT-O,20260319,4.9,7,4.9,7,147
PROUD-O,20260319,1.01,1.01,1.01,1.01,1
PRTR-O,20260319,3.26,3.26,2.3,2.3,14
PSGC-O,20260319,3.26,3.26,3.1,3.16,141
PSH-O,20260319,3.56,3.56,3.52,3.52,200
PSL-O,20260319,7,7,6.7,6.8,604
PT-O,20260319,11.6,11.7,11.6,11.6,472
PTC-O,20260319,0.61,0.61,0.61,0.61,10
PTG-O,20260319,8,8.1,7.95,8.05,1557
PTL-O,20260319,10,10,9.9,10,112
PTT-O,20260319,33.75,34.25,33.75,34,6344
PTTEP-O,20260319,148,155,148,154.5,16708
PTTGC-O,20260319,30.75,32.5,30.75,32.25,5972
PYLON-O,20260319,2.98,2.98,2.98,2.98,100
Q-CON-O,20260319,5.5,7.35,5.5,7.35,25
QH-O,20260319,1.37,1.38,1.35,1.35,728
QHBREIT-O,20260319,3.62,3.62,3.62,3.62,3
QHHRREIT-O,20260319,7.2,7.2,7.15,7.15,122
QTC-O,20260319,3.64,3.64,3.64,3.64,1
QTCG-O,20260319,0.11,0.11,0.11,0.11,101
RATCH-O,20260319,28.75,28.75,28.25,28.5,791
RBF-O,20260319,3.56,3.56,3.52,3.52,12
RCL-O,20260319,34,34,31.25,31.25,2270
READY-O,20260319,3.14,3.14,3.14,3.14,1
RICHY-O,20260319,0.14,0.14,0.14,0.14,7
RJH-O,20260319,12.8,12.8,12.3,12.6,131
ROCTEC-O,20260319,0.57,0.57,0.57,0.57,78
ROJNA-O,20260319,5,5,4.96,4.96,199
RP-O,20260319,0.47,0.5,0.47,0.47,51
RPC-O,20260319,0.31,0.31,0.31,0.31,60
RPH-O,20260319,5,5,5,5,53
RS-O,20260319,0.17,0.17,0.15,0.16,177
RSP-O,20260319,0.95,0.95,0.95,0.95,12
RWI-O,20260319,0.17,0.17,0.17,0.17,20
S-O,20260319,0.52,0.52,0.51,0.51,5
SA-O,20260319,7.1,7.1,7.1,7.1,5
SABINA-O,20260319,15.7,15.7,15.3,15.3,488
SAK-O,20260319,3.38,3.42,3.38,3.38,128
SANKO-O,20260319,1.07,1.07,1.07,1.07,1
SAPPE-O,20260319,30.25,30.25,29.75,30.25,188
SAT-O,20260319,14.3,14.4,14.3,14.3,260
SAUCE-O,20260319,41.5,41.5,41.25,41.25,4
SAV-O,20260319,11.4,11.4,10.9,10.9,256
SAWAD-O,20260319,23.4,23.5,22.6,22.7,1304
SC-O,20260319,1.98,1.98,1.95,1.96,104
SCAP-O,20260319,1.07,1.07,1.05,1.05,74
SCB-O,20260319,145,145.5,144,144.5,10391
SCC-O,20260319,183,184,178.5,180.5,3923
SCCC-O,20260319,139,139,138.5,138.5,210
SCG-O,20260319,2.4,2.4,2.34,2.34,21
SCGD-O,20260319,5.05,5.2,5,5.05,116
SCGP-O,20260319,18.5,18.5,17.7,17.7,975
SCL-O,20260319,1.19,1.19,1.17,1.19,3
SCM-O,20260319,0.12,0.12,0.12,0.12,35
SCN-O,20260319,0.33,0.33,0.33,0.33,5
SCP-O,20260319,7.8,7.8,7.7,7.7,317
SE-ED-O,20260319,1.63,1.63,1.63,1.63,1
SE-O,20260319,0.45,0.45,0.45,0.45,1
SEAFCO-O,20260319,2.52,2.52,2.38,2.38,145
SEAOIL-O,20260319,3.72,3.72,3.66,3.66,154
SECURE-O,20260319,11.8,11.8,11.8,11.8,4
SELIC-O,20260319,2.7,2.7,2.7,2.7,90
SENA-O,20260319,1.9,1.9,1.86,1.86,73
SFLEX-O,20260319,3.14,3.14,3.14,3.14,33
SFT-O,20260319,1.75,1.75,1.75,1.75,1
SGC-O,20260319,0.86,0.86,0.84,0.84,164
SGF-O,20260319,0.13,0.15,0.13,0.14,120
SGP-O,20260319,7.5,7.8,7.5,7.8,74
SHR-O,20260319,1.59,1.59,1.5,1.5,142
SINGER-O,20260319,5.2,5.2,4.98,4.98,194
SINO-O,20260319,0.89,0.89,0.89,0.89,2
SIRI-O,20260319,1.44,1.44,1.39,1.4,4710
SIS-O,20260319,20.5,20.5,19.7,19.8,743
SISB-O,20260319,10.6,10.6,10.2,10.3,549
SITHAI-O,20260319,1.03,1.03,1,1,50
SJWD-O,20260319,8,8,7.2,7.2,388
SKN-O,20260319,5.65,5.65,5.65,5.65,3
SKR-O,20260319,6.85,6.85,6.85,6.85,18
SKY-O,20260319,12.8,12.8,12.6,12.6,140
SMART-O,20260319,0.6,0.6,0.6,0.6,59
SMD100-O,20260319,1.86,1.86,1.8,1.8,35
SMIT-O,20260319,3.54,3.54,3.54,3.54,52
SMO-O,20260319,5.05,5.15,4.94,4.96,764
SMPC-O,20260319,9.15,9.2,9.15,9.2,7
SNNP-O,20260319,7.1,7.2,7.05,7.15,232
SNP-O,20260319,9.2,9.2,9.15,9.15,4
SNPS-O,20260319,4.82,4.86,4.82,4.86,18
SO-O,20260319,4.22,4.3,4.22,4.3,62
SOLAR-O,20260319,0.13,0.22,0.13,0.22,18
SONIC-O,20260319,1.46,1.46,1.46,1.46,3
SPA-O,20260319,3.34,3.34,3.34,3.34,17
SPACK-O,20260319,1.23,1.23,1.23,1.23,10
SPALI-O,20260319,16.8,17,16.8,16.8,656
SPC-O,20260319,62,62,62,62,1
SPCG-O,20260319,9.1,9.1,9.05,9.05,236
SPG-O,20260319,11.2,11.2,11.2,11.2,30
SPI-O,20260319,43.5,43.5,43.5,43.5,4
SPRC-O,20260319,7.3,7.5,7.25,7.35,883
SPTX-O,20260319,0.01,0.01,0.01,0.01,4
SPVI-O,20260319,2.68,2.68,2.66,2.66,76
SQ-O,20260319,0.26,0.27,0.24,0.27,13
SRICHA-O,20260319,14.2,14.3,14,14,91
SRIPANWA-O,20260319,5.15,5.15,5.15,5.15,5
SSP-O,20260319,3.42,3.42,3.4,3.4,8
SSTRT-O,20260319,4.22,4.22,4.22,4.22,2
STA-O,20260319,16.3,16.4,16,16.1,674
STANLY-O,20260319,198.5,198.5,197.5,197.5,155
STC-O,20260319,0.44,0.44,0.44,0.44,28
STECON-O,20260319,12.4,12.5,11.2,11.3,4551
STGT-O,20260319,10.5,10.7,9.8,9.8,1134
STP-O,20260319,10.8,10.8,10.8,10.8,10
STPI-O,20260319,4.38,4.4,4.04,4.04,390
SUC-O,20260319,29,29,28.75,28.75,154
SUN-O,20260319,2.9,2.9,2.8,2.84,61
SUPER-O,20260319,0.11,0.12,0.1,0.11,125
SUPEREIF-O,20260319,5.75,5.75,5.75,5.75,97
SUSCO-O,20260319,2.06,2.06,2.06,2.06,107
SUTHA-O,20260319,2.28,2.28,2.28,2.28,1
SVI-O,20260319,7.35,7.4,7.35,7.35,225
SVOA-O,20260319,1.5,1.5,1.5,1.5,1
SVR-O,20260319,0.31,0.31,0.31,0.31,1
SWC-O,20260319,4.32,4.32,4.32,4.32,1
SYNEX-O,20260319,9.7,9.7,9.35,9.35,198
TACC-O,20260319,5.45,5.55,5.4,5.45,489
TAE-O,20260319,0.89,0.89,0.85,0.87,150
TAKUNI-O,20260319,0.35,0.35,0.3,0.34,58
TASCO-O,20260319,13,13.3,13,13.1,359
TATG-O,20260319,0.99,0.99,0.98,0.99,41
TCAP-O,20260319,56.5,56.5,55.25,55.5,2122
TCC-O,20260319,0.31,0.31,0.31,0.31,8
TCMC-O,20260319,0.32,0.32,0.32,0.32,10
TEAMG-O,20260319,2.9,2.9,2.86,2.86,74
TEGH-O,20260319,3.24,3.32,3.22,3.22,156
TEKA-O,20260319,1.69,1.69,1.67,1.67,11
TERA-O,20260319,0.99,0.99,0.99,0.99,19
TFFIF-O,20260319,6.65,6.7,6.6,6.7,173
TFG-O,20260319,7.5,7.6,7.2,7.25,2971
TFM-O,20260319,6.2,6.2,6.15,6.15,87
TFMAMA-O,20260319,189,189,188,188,85
TGE-O,20260319,1.25,1.25,1.24,1.24,3
THAI-O,20260319,6.15,6.25,6.05,6.1,1580
THANA-O,20260319,1.58,1.58,1.58,1.58,12
THANI-O,20260319,1.65,1.65,1.63,1.64,253
THCOM-O,20260319,11.3,11.9,11.3,11.6,496
THG-O,20260319,8.45,8.45,8.25,8.25,125
THIP-O,20260319,22.7,22.7,22.6,22.6,24
THREL-O,20260319,1,1,1,1,1
TIDLOR-O,20260319,15.5,15.6,14.9,15,3435
TIF1-O,20260319,7.4,7.4,7.4,7.4,1
TIGER-O,20260319,0.24,0.24,0.24,0.24,1
TIPCO-O,20260319,7,7,6.8,6.8,102
TIPH-O,20260319,20.5,20.5,20.3,20.3,24
TISCO-O,20260319,113,114.5,113,113,5693
TKC-O,20260319,7.8,7.8,7.7,7.75,110
TKN-O,20260319,4,4,3.92,3.92,180
TKS-O,20260319,6.25,6.25,6.15,6.15,34
TL-O,20260319,0.38,0.38,0.38,0.38,1
TLI-O,20260319,10.4,10.4,10.1,10.1,591
TM-O,20260319,0.79,0.79,0.79,0.79,6
TMAN-O,20260319,12.7,12.7,12.5,12.5,105
TMI-O,20260319,0.5,0.5,0.5,0.5,2
TMT-O,20260319,2.98,2.98,2.98,2.98,50
TMW-O,20260319,63,63,63,63,1
TNDT-O,20260319,0.17,0.17,0.17,0.17,10
TNH-O,20260319,31,32,30.75,30.75,11
TNITY-O,20260319,2.4,2.42,2.4,2.42,56
TNL-O,20260319,29,29,29,29,1
TNP-O,20260319,2.8,2.8,2.8,2.8,4
TNPC-O,20260319,0.9,0.9,0.9,0.9,1
TOA-O,20260319,12.7,12.7,12.3,12.3,430
TOG-O,20260319,6.9,6.9,6.85,6.85,35
TOP-O,20260319,46.25,47.75,46,46.5,3281
TPA-O,20260319,2.5,2.5,2.5,2.5,1
TPBI-O,20260319,3.3,3.3,3.3,3.3,1
TPCH-O,20260319,2.08,2.1,2.08,2.1,3
TPIPL-O,20260319,0.71,0.71,0.7,0.7,299
TPIPP-O,20260319,1.83,1.83,1.81,1.82,108
TPL-O,20260319,0.46,0.46,0.46,0.46,8
TPLAS-O,20260319,1.24,1.24,1.21,1.21,221
TPOLY-O,20260319,0.19,0.19,0.18,0.18,93
TPRIME-O,20260319,7.3,7.3,7.3,7.3,12
TPS-O,20260319,3.3,3.34,3.3,3.34,12
TQM-O,20260319,13,13,12.8,12.8,121
TQR-O,20260319,5.3,5.3,5.3,5.3,2
TRC-O,20260319,0.4,0.4,0.4,0.4,33
TRITN-O,20260319,0.02,0.02,0.02,0.02,17
TRUBB-O,20260319,0.84,0.88,0.84,0.86,130
TRUE-O,20260319,13.9,14.1,13.7,13.9,3144
TSE-O,20260319,0.51,0.55,0.51,0.53,118
TTA-O,20260319,4.8,4.82,4.7,4.7,184
TTB-O,20260319,2.12,2.28,2.12,2.26,4453
TTI-O,20260319,26.5,26.5,26.5,26.5,1
TTLPF-O,20260319,9.75,9.8,9.7,9.75,110
TTW-O,20260319,9.15,9.2,9.1,9.2,295
TU-O,20260319,11,11,10.8,10.9,1399
TURBO-O,20260319,1.6,1.6,1.53,1.53,233
TVO-O,20260319,24.5,24.5,24.3,24.3,750
TVT-O,20260319,0.23,0.23,0.23,0.23,4
TWP-O,20260319,1.16,1.16,1.16,1.16,3
TWPC-O,20260319,2.88,2.9,2.88,2.9,30
TWZ-O,20260319,0.01,0.01,0.01,0.01,1
UAC-O,20260319,2.78,2.8,2.74,2.8,109
UBE-O,20260319,0.6,0.75,0.6,0.73,1165
UBIS-O,20260319,1.11,1.22,1.09,1.09,35
UNIQ-O,20260319,2.62,2.62,2.56,2.56,26
UP-O,20260319,26.75,27,26,26.25,165
UPF-O,20260319,21.9,22,21.9,22,13
UPOIC-O,20260319,7.9,7.9,7.5,7.5,106
UREKA-O,20260319,0.29,0.29,0.29,0.29,1
UTP-O,20260319,7.5,7.5,7.45,7.45,90
UV-O,20260319,0.82,0.82,0.82,0.82,62
UVAN-O,20260319,16.5,17.7,16.5,16.6,1740
VARO-O,20260319,4.34,4.34,4.34,4.34,2
VCOM-O,20260319,3.26,3.26,3.26,3.26,1
VGI-O,20260319,0.88,0.88,0.86,0.86,767
VIBHA-O,20260319,1.41,1.41,1.4,1.41,47
VIH-O,20260319,11.8,11.8,11.8,11.8,1
VL-O,20260319,0.81,0.83,0.81,0.83,58
VPO-O,20260319,0.55,0.64,0.55,0.61,710
WACOAL-O,20260319,17.5,17.5,17.4,17.5,88
WARRIX-O,20260319,1.76,1.76,1.75,1.75,39
WAVE-O,20260319,0.03,0.03,0.02,0.02,17
WFX-O,20260319,1.11,1.18,1.1,1.18,33
WGE-O,20260319,0.77,0.77,0.77,0.77,1
WHA-O,20260319,4.16,4.2,4.06,4.1,1643
WHABT-O,20260319,5.7,5.7,5.7,5.7,5
WHAIR-O,20260319,6.9,6.9,6.9,6.9,51
WHART-O,20260319,10.3,10.3,10.3,10.3,8
WHAUP-O,20260319,4.38,4.38,4.28,4.28,419
WICE-O,20260319,2.46,2.56,2.46,2.54,143
WINNER-O,20260319,2.08,2.08,2.08,2.08,50
WORK-O,20260319,3.54,3.54,3.52,3.54,50
WP-O,20260319,3.72,3.76,3.4,3.76,82
WPH-O,20260319,6.3,6.3,6.15,6.2,382
XBIO-O,20260319,0.06,0.06,0.06,0.06,81
XO-O,20260319,14.1,14.1,13.9,13.9,132
XPG-O,20260319,0.47,0.49,0.46,0.46,105
YGG-O,20260319,0.19,0.19,0.19,0.19,10
YUASA-O,20260319,14.8,14.8,14.8,14.8,2
ZAA-O,20260319,1.84,2.36,1.82,1.82,8
RABBIT-P,20260319,0.35,0.35,0.34,0.34,473900
VAYU1,20260319,11,11.1,10.9,10.9,1854000
VAYU1-O,20260319,11.1,11.1,11,11,244
AAV01C2604A,20260319,0.01,0.01,0.01,0.01,50200
AAV01C2609T,20260319,0.12,0.12,0.12,0.12,191400
AAV01P2607A,20260319,0.45,0.47,0.45,0.47,1276000
AAV13C2607A,20260319,0.12,0.12,0.11,0.11,1071200
AAV13C2608A,20260319,0.09,0.09,0.08,0.08,837400
AAV13C2701T,20260319,0.15,0.15,0.14,0.14,1576200
AAV13P2607A,20260319,0.53,0.56,0.53,0.56,1162800
AAV19C2604A,20260319,0.02,0.02,0.02,0.02,990000
AAV19C2608A,20260319,0.24,0.24,0.23,0.23,966100
AAV19C2612T,20260319,0.13,0.13,0.12,0.13,875300
AAV41C2607A,20260319,0.1,0.1,0.09,0.09,200
AAV41C2609T,20260319,0.1,0.1,0.09,0.09,300
ADVANC01C2606A,20260319,1.06,1.14,1.04,1.04,1367200
ADVANC01C2607A,20260319,0.65,0.7,0.62,0.62,2277400
ADVANC01C2608A,20260319,0.25,0.27,0.24,0.24,3705600
ADVANC01C2701T,20260319,0.74,0.76,0.73,0.73,1645300
ADVANC01P2606A,20260319,0.11,0.11,0.1,0.11,4314600
ADVANC01P2607A,20260319,0.31,0.32,0.29,0.31,6866400
ADVANC13C2604A,20260319,0.45,0.45,0.45,0.45,100
ADVANC13C2607A,20260319,0.64,0.67,0.62,0.63,8508300
ADVANC13C2608A,20260319,0.18,0.19,0.17,0.17,2967800
ADVANC13C2608B,20260319,0.27,0.28,0.26,0.26,8184200
ADVANC13C2608C,20260319,0.48,0.52,0.47,0.47,4905300
ADVANC13C2701T,20260319,0.5,0.51,0.49,0.49,2310900
ADVANC13P2607A,20260319,0.19,0.19,0.18,0.19,1089700
ADVANC19C2607A,20260319,0.49,0.54,0.48,0.48,2459500
ADVANC19C2608A,20260319,0.39,0.42,0.38,0.39,11571400
ADVANC41C2606T,20260319,0.98,1.02,0.97,0.97,1744500
ADVANC41C2607A,20260319,0.57,0.61,0.56,0.56,5127500
ADVANC41C2608C,20260319,0.44,0.47,0.43,0.43,2840900
ADVANC41C2701T,20260319,0.4,0.41,0.39,0.39,1961000
ADVANC41P2607A,20260319,0.16,0.16,0.16,0.16,100
AEONTS13C2608A,20260319,0.23,0.23,0.21,0.21,5318700
AIA41C2603A,20260319,0.29,0.29,0.29,0.29,50000
ALIHEA41C2606A,20260319,0.2,0.2,0.2,0.2,600
AMATA01C2605A,20260319,0.25,0.25,0.2,0.2,14237500
AMATA01C2608A,20260319,0.38,0.38,0.32,0.33,3772500
AMATA13C2608A,20260319,0.39,0.39,0.33,0.33,15869300
AMATA19C2607A,20260319,0.48,0.48,0.4,0.4,3672300
AMATA19C2608A,20260319,0.31,0.31,0.26,0.26,8302500
AMATA41C2608A,20260319,0.38,0.38,0.34,0.34,2801500
AOT01C2605A,20260319,0.06,0.06,0.06,0.06,142400
AOT01C2606T,20260319,0.26,0.27,0.25,0.25,2419500
AOT01C2607A,20260319,0.18,0.19,0.17,0.17,4847100
AOT01C2609A,20260319,0.36,0.37,0.34,0.34,2881900
AOT01P2605A,20260319,0.2,0.22,0.19,0.22,2591200
AOT01P2607A,20260319,0.6,0.62,0.58,0.62,3009500
AOT13C2605A,20260319,0.17,0.18,0.16,0.16,3987700
AOT13C2605B,20260319,0.05,0.05,0.04,0.04,2340100
AOT13C2608A,20260319,0.25,0.25,0.22,0.22,5058000
AOT13P2605A,20260319,0.07,0.08,0.07,0.08,900
AOT13P2607A,20260319,0.41,0.44,0.4,0.44,6571100
AOT19C2605A,20260319,0.13,0.13,0.11,0.11,566000
AOT19C2605B,20260319,0.04,0.04,0.04,0.04,41000
AOT19P2605A,20260319,0.08,0.1,0.08,0.1,200
AOT41C2605A,20260319,0.13,0.14,0.13,0.13,162100
AOT41C2608A,20260319,0.22,0.22,0.22,0.22,100
AOT41C2609T,20260319,0.32,0.32,0.3,0.3,1100
AOT41P2606T,20260319,0.2,0.2,0.2,0.2,100
AOT41P2607A,20260319,0.39,0.39,0.38,0.39,400
AWC01C2607A,20260319,0.09,0.09,0.08,0.08,200000
AWC13C2606A,20260319,0.08,0.08,0.07,0.07,1397500
AWC13C2608A,20260319,0.09,0.09,0.08,0.08,383700
AWC13C2701T,20260319,0.16,0.16,0.16,0.16,14000
AWC41C2606A,20260319,0.05,0.05,0.05,0.05,30000
AWC41C2609T,20260319,0.11,0.11,0.11,0.11,100
BA01C2607A,20260319,0.07,0.07,0.06,0.06,114000
BA13C2607A,20260319,0.12,0.12,0.1,0.1,1655800
BA41C2611T,20260319,0.18,0.18,0.16,0.17,490500
BABA28C2603A,20260319,0.01,0.02,0.01,0.02,145700
BABA28C2606A,20260319,0.07,0.07,0.06,0.06,321100
BABA28C2606B,20260319,0.13,0.14,0.12,0.12,1549000
BABA41C2605A,20260319,0.12,0.12,0.11,0.11,31600
BABA41C2609T,20260319,0.62,0.62,0.62,0.62,3100
BABA41C2701T,20260319,0.76,0.76,0.72,0.73,10500
BAM01C2608A,20260319,0.13,0.13,0.11,0.11,2579500
BAM13C2607A,20260319,0.08,0.08,0.06,0.07,44700
BAM13C2608A,20260319,0.22,0.22,0.19,0.19,6481900
BAM19C2612T,20260319,0.28,0.28,0.25,0.26,6764400
BAM41C2612T,20260319,0.28,0.28,0.27,0.27,10400
BANPU01C2605A,20260319,0.74,0.76,0.74,0.76,233700
BANPU01C2606T,20260319,0.41,0.41,0.37,0.41,2245100
BANPU01C2607A,20260319,0.15,0.16,0.14,0.15,12644300
BANPU13C2606A,20260319,0.24,0.26,0.21,0.26,9308200
BANPU13C2608A,20260319,0.17,0.19,0.16,0.19,11057500
BANPU13C2701T,20260319,0.25,0.26,0.24,0.26,4348900
BANPU19C2612T,20260319,0.4,0.42,0.38,0.42,8477200
BANPU41C2606A,20260319,0.21,0.24,0.21,0.24,450500
BANPU41C2608A,20260319,0.14,0.16,0.14,0.16,579300
BANPU41C2612T,20260319,0.27,0.29,0.26,0.29,4560500
BBL13C2607A,20260319,0.13,0.14,0.12,0.13,5884400
BBL13C2607B,20260319,0.26,0.26,0.26,0.26,6177900
BBL13P2608A,20260319,0.61,0.62,0.6,0.62,3337800
BBL19C2612T,20260319,0.4,0.42,0.4,0.4,6235800
BBL41C2607A,20260319,0.13,0.13,0.13,0.13,480200
BBL41C2609T,20260319,0.37,0.38,0.37,0.37,2491400
BBL41P2608A,20260319,0.55,0.56,0.55,0.56,1505400
BCH01C2607A,20260319,0.06,0.06,0.05,0.05,83000
BCH01C2609A,20260319,0.2,0.2,0.18,0.18,843600
BCH13C2607A,20260319,0.39,0.39,0.34,0.34,408600
BCH13C2607B,20260319,0.1,0.1,0.08,0.08,170000
BCH19C2607A,20260319,0.11,0.11,0.11,0.11,426000
BCP01C2607A,20260319,0.58,0.58,0.58,0.58,1200
BCP01C2608A,20260319,0.34,0.38,0.33,0.37,2686100
BCP13C2608A,20260319,0.52,0.58,0.52,0.57,4539200
BCP19C2605A,20260319,0.75,0.75,0.75,0.75,100
BCP41C2607A,20260319,0.9,0.9,0.9,0.9,200
BCP41C2608A,20260319,0.51,0.56,0.51,0.56,1320200
BCP41C2609T,20260319,0.21,0.23,0.21,0.23,6300
BCPG01C2605A,20260319,0.01,0.01,0.01,0.01,100
BCPG01C2607A,20260319,0.13,0.19,0.13,0.19,5900
BCPG13C2607A,20260319,0.16,0.16,0.13,0.13,8202200
BCPG13C2608A,20260319,0.11,0.11,0.09,0.1,3416900
BCPG19C2605A,20260319,0.03,0.03,0.02,0.02,1222300
BCPG41C2606T,20260319,0.15,0.15,0.14,0.14,981100
BCPG41C2607A,20260319,0.14,0.14,0.14,0.14,100
BCPG41C2612T,20260319,0.15,0.15,0.13,0.14,1882000
BDMS01C2607A,20260319,0.13,0.13,0.12,0.12,6002800
BDMS01P2607A,20260319,0.31,0.33,0.31,0.33,1890300
BDMS13C2604A,20260319,0.01,0.01,0.01,0.01,290000
BDMS13C2607A,20260319,0.16,0.17,0.14,0.14,4656800
BDMS13C2608A,20260319,0.12,0.12,0.11,0.11,2821700
BDMS13C2701T,20260319,0.25,0.25,0.23,0.23,9146700
BDMS13P2607A,20260319,0.4,0.43,0.4,0.43,4136300
BDMS19C2608A,20260319,0.31,0.31,0.28,0.28,2808700
BDMS41C2607A,20260319,0.16,0.16,0.15,0.15,400
BDMS41C2608A,20260319,0.1,0.1,0.1,0.1,10000
BEM13C2604A,20260319,0.01,0.01,0.01,0.01,20000
BEM13C2608A,20260319,0.12,0.12,0.12,0.12,12000
BEM41C2608A,20260319,0.1,0.1,0.1,0.1,100
BEM41C2612T,20260319,0.14,0.14,0.13,0.13,700
BGRIM01C2604A,20260319,0.01,0.01,0.01,0.01,50000
BGRIM01C2606T,20260319,0.03,0.03,0.03,0.03,8300
BGRIM01C2608A,20260319,0.09,0.09,0.06,0.07,5191100
BGRIM13C2605A,20260319,0.01,0.01,0.01,0.01,339000
BGRIM13C2607A,20260319,0.08,0.08,0.05,0.06,25877900
BGRIM13C2608A,20260319,0.19,0.2,0.15,0.17,16354200
BGRIM13P2608A,20260319,0.77,0.86,0.75,0.86,437600
BGRIM19C2605A,20260319,0.01,0.01,0.01,0.01,30000
BGRIM19C2607A,20260319,0.09,0.09,0.07,0.07,2844000
BGRIM41C2605A,20260319,0.01,0.01,0.01,0.01,100000
BGRIM41C2608T,20260319,0.1,0.1,0.08,0.08,880800
BH01C2605A,20260319,0.18,0.18,0.13,0.13,3775400
BH01C2607A,20260319,0.79,0.81,0.68,0.68,441800
BH01C2608A,20260319,0.11,0.11,0.09,0.1,2741800
BH01C2609A,20260319,0.79,0.8,0.74,0.74,2132800
BH01P2607A,20260319,0.14,0.16,0.14,0.16,1028100
BH01P2607B,20260319,0.43,0.47,0.42,0.47,2642300
BH01P2608A,20260319,0.85,0.9,0.83,0.89,1663200
BH13C2605A,20260319,0.12,0.12,0.09,0.09,4638000
BH13C2607A,20260319,0.75,0.75,0.64,0.64,363500
BH13C2608A,20260319,0.14,0.14,0.12,0.12,16064500
BH13C2608B,20260319,0.49,0.5,0.43,0.43,10922000
BH13P2607A,20260319,0.11,0.12,0.1,0.12,1201800
BH13P2608A,20260319,0.75,0.79,0.73,0.79,7514100
BH19C2605A,20260319,0.14,0.15,0.11,0.11,3636100
BH19C2608A,20260319,0.48,0.49,0.41,0.41,11047800
BH41C2607A,20260319,0.58,0.58,0.56,0.56,50500
BH41C2608B,20260319,0.46,0.47,0.41,0.41,2921700
BH41C2611T,20260319,0.49,0.49,0.45,0.46,4081200
BH41P2604A,20260319,0.01,0.01,0.01,0.01,151500
BIDU41C2606A,20260319,0.14,0.14,0.13,0.13,1306800
BIDU41C2609A,20260319,0.14,0.14,0.12,0.12,149500
BJC01C2608A,20260319,0.15,0.15,0.14,0.14,1182200
BJC13C2607A,20260319,0.19,0.19,0.16,0.17,4253400
BJC19C2612T,20260319,0.32,0.32,0.3,0.3,1194400
BLA01C2607A,20260319,0.17,0.17,0.14,0.15,994200
BLA13C2607A,20260319,0.18,0.18,0.16,0.16,2081000
BLA19C2608A,20260319,0.31,0.31,0.27,0.29,763800
BLA41C2606T,20260319,0.12,0.12,0.12,0.12,100
BTG01C2607A,20260319,0.64,0.64,0.54,0.54,4127500
BTG13C2607A,20260319,0.79,0.79,0.62,0.62,41000
BTG13C2608A,20260319,0.52,0.52,0.43,0.43,41209200
BTS01C2604A,20260319,0.01,0.01,0.01,0.01,500000
BTS01C2608A,20260319,0.06,0.06,0.06,0.06,3000
BTS01C2609T,20260319,0.04,0.04,0.04,0.04,72700
BTS13C2606A,20260319,0.03,0.03,0.02,0.02,1065100
BTS13C2607A,20260319,0.1,0.1,0.09,0.09,507000
BTS13C2608A,20260319,0.09,0.09,0.09,0.09,110400
BTS13C2701T,20260319,0.12,0.12,0.12,0.12,475100
BTS13P2608A,20260319,0.34,0.35,0.34,0.35,292000
BTS19C2604A,20260319,0.02,0.02,0.02,0.02,100
BTS41C2607A,20260319,0.1,0.1,0.1,0.1,100
BTS41C2612T,20260319,0.02,0.02,0.02,0.02,38000
BYDCOM41C2609A,20260319,0.63,0.63,0.6,0.6,2800
CBG01C2607A,20260319,0.07,0.07,0.07,0.07,579300
CBG01C2609A,20260319,0.26,0.27,0.24,0.24,3833300
CBG13C2607A,20260319,0.05,0.05,0.05,0.05,349200
CBG13C2608A,20260319,0.21,0.21,0.18,0.18,13159200
CBG13P2605A,20260319,0.29,0.33,0.29,0.33,5397300
CBG19C2607A,20260319,0.05,0.05,0.05,0.05,20000
CBG19C2608A,20260319,0.33,0.33,0.29,0.29,2083900
CBG41C2608A,20260319,0.19,0.19,0.17,0.17,2961100
CBG41C2703T,20260319,0.25,0.25,0.24,0.24,500
CCET13C2604A,20260319,0.03,0.03,0.02,0.02,1365400
CCET13C2607A,20260319,0.16,0.16,0.13,0.13,1969300
CCET13C2608A,20260319,0.44,0.44,0.4,0.4,4562500
CCET19C2607A,20260319,0.17,0.18,0.15,0.15,1843300
CCET41C2607A,20260319,0.26,0.26,0.24,0.24,600
CENTEL01C2606A,20260319,0.08,0.08,0.07,0.07,723000
CENTEL01C2609A,20260319,0.28,0.28,0.25,0.25,5348200
CENTEL13C2605A,20260319,0.09,0.09,0.06,0.06,3057900
CENTEL13C2608A,20260319,0.16,0.17,0.13,0.13,4278500
CENTEL19C2607A,20260319,0.11,0.11,0.09,0.09,1716000
CENTEL41C2606T,20260319,0.13,0.13,0.12,0.12,900
CENTEL41C2608A,20260319,0.13,0.13,0.11,0.11,500
CHG13C2608A,20260319,0.16,0.16,0.16,0.16,104700
CHG41C2612T,20260319,0.18,0.19,0.18,0.18,30200
CK01C2608A,20260319,0.36,0.36,0.31,0.31,1982300
CK13C2607A,20260319,0.42,0.42,0.35,0.35,1808000
CK13C2608A,20260319,0.23,0.23,0.2,0.2,1698100
COM701C2604A,20260319,0.11,0.12,0.07,0.07,3985000
COM701C2607A,20260319,0.56,0.58,0.45,0.45,3902400
COM701C2607B,20260319,0.1,0.1,0.08,0.08,2010200
COM713C2604A,20260319,0.01,0.01,0.01,0.01,139000
COM713C2605A,20260319,0.2,0.22,0.14,0.14,4925600
COM713C2607A,20260319,0.5,0.5,0.43,0.43,4378700
COM713C2608A,20260319,0.14,0.14,0.11,0.11,6916000
COM719C2605A,20260319,0.27,0.3,0.2,0.2,11973100
COM741C2605A,20260319,0.17,0.17,0.11,0.11,600
COM741C2607A,20260319,0.48,0.48,0.47,0.48,400
COM741C2608A,20260319,0.11,0.11,0.1,0.1,800
COM741C2609T,20260319,0.33,0.33,0.29,0.29,151000
CPALL01C2607A,20260319,0.23,0.23,0.19,0.19,2197100
CPALL01C2608A,20260319,0.08,0.08,0.06,0.06,283500
CPALL01P2607A,20260319,0.2,0.22,0.2,0.22,1404700
CPALL01P2608A,20260319,0.59,0.59,0.59,0.59,1000
CPALL13C2607A,20260319,0.19,0.19,0.16,0.16,1553200
CPALL13C2608A,20260319,0.14,0.14,0.11,0.11,3543300
CPALL13C2701T,20260319,0.24,0.25,0.23,0.23,1028400
CPALL13P2608A,20260319,0.24,0.27,0.24,0.27,2317600
CPALL19C2607A,20260319,0.29,0.29,0.23,0.23,1942000
CPALL19C2612A,20260319,0.16,0.16,0.14,0.14,878800
CPALL41C2607A,20260319,0.15,0.15,0.14,0.14,200
CPALL41C2608A,20260319,0.11,0.11,0.11,0.11,100
CPALL41C2612T,20260319,0.16,0.16,0.14,0.15,1405400
CPALL41P2608A,20260319,0.21,0.22,0.21,0.22,600200
CPF01C2608A,20260319,0.17,0.17,0.15,0.15,6753100
CPF01C2611T,20260319,0.2,0.2,0.17,0.17,2310900
CPF01P2608A,20260319,0.5,0.53,0.48,0.52,2047100
CPF13C2604A,20260319,0.01,0.01,0.01,0.01,100
CPF13C2608A,20260319,0.23,0.24,0.2,0.2,8098600
CPF13P2608A,20260319,0.44,0.49,0.43,0.49,3695200
CPF19C2608A,20260319,0.19,0.2,0.17,0.17,7513600
CPF19C2609T,20260319,0.15,0.15,0.14,0.14,5244800
CPF41C2608A,20260319,0.2,0.2,0.18,0.18,1300100
CPF41C2612T,20260319,0.2,0.2,0.18,0.18,902500
CPN01C2606T,20260319,0.28,0.28,0.26,0.26,3787900
CPN01C2608A,20260319,0.48,0.48,0.47,0.47,4100
CPN01P2608A,20260319,0.29,0.32,0.29,0.31,2703200
CPN13C2608A,20260319,0.51,0.51,0.46,0.48,8356000
CPN13P2608A,20260319,0.28,0.3,0.28,0.3,6116900
CPN19C2609T,20260319,0.44,0.44,0.41,0.41,5399500
CPN41C2608A,20260319,0.48,0.48,0.46,0.46,1150200
CPN41C2608T,20260319,0.48,0.48,0.46,0.46,2371200
CRC01C2605A,20260319,0.05,0.05,0.05,0.05,150000
CRC01C2609A,20260319,0.21,0.21,0.17,0.17,2089900
CRC01C2610T,20260319,0.26,0.26,0.22,0.22,1636800
CRC01P2605A,20260319,0.19,0.24,0.18,0.24,2838300
CRC13C2606A,20260319,0.14,0.15,0.1,0.1,13948200
CRC13P2606A,20260319,0.17,0.2,0.16,0.2,857200
CRC19C2612A,20260319,0.34,0.34,0.29,0.29,2534200
CRC41C2606A,20260319,0.11,0.11,0.11,0.11,200
DELTA01C2605A,20260319,1.58,1.68,1.45,1.45,2110000
DELTA01C2605B,20260319,3.52,3.74,3.32,3.32,1157100
DELTA01C2607A,20260319,1,1.05,0.91,0.91,1392500
DELTA01C2608A,20260319,0.72,0.75,0.66,0.67,6439200
DELTA01P2605A,20260319,0.08,0.08,0.08,0.08,829600
DELTA01P2606A,20260319,0.11,0.13,0.11,0.12,2540300
DELTA01P2608A,20260319,0.72,0.75,0.7,0.74,3364000
DELTA13C2604A,20260319,0.58,0.66,0.47,0.48,300700
DELTA13C2605A,20260319,0.79,0.79,0.7,0.7,81400
DELTA13C2605B,20260319,2.36,2.36,2.32,2.32,1000
DELTA13C2606A,20260319,1.33,1.33,1.33,1.33,1000
DELTA13C2607A,20260319,0.54,0.58,0.5,0.5,26328100
DELTA13C2607B,20260319,0.65,0.7,0.61,0.61,28113500
DELTA13C2608A,20260319,0.41,0.42,0.38,0.38,13182500
DELTA13P2605A,20260319,0.05,0.05,0.05,0.05,8900
DELTA13P2606A,20260319,0.21,0.22,0.2,0.22,12337300
DELTA13P2607A,20260319,0.67,0.69,0.64,0.69,29238200
DELTA19C2604A,20260319,0.23,0.27,0.19,0.19,2695400
DELTA19C2607A,20260319,0.84,0.89,0.79,0.79,6910500
DELTA19C2608A,20260319,0.75,0.79,0.7,0.7,5896700
DELTA19P2604A,20260319,0.01,0.01,0.01,0.01,20000
DELTA19P2605A,20260319,0.04,0.05,0.04,0.05,1742000
DELTA19P2606A,20260319,0.18,0.19,0.17,0.19,3040200
DELTA19P2607A,20260319,0.52,0.55,0.5,0.55,6040000
DELTA41C2605A,20260319,0.73,0.73,0.73,0.73,100100
DELTA41C2606A,20260319,1.3,1.34,1.3,1.32,200400
DELTA41C2607A,20260319,0.52,0.55,0.48,0.48,4703800
DELTA41C2607B,20260319,0.62,0.66,0.57,0.57,2051600
DELTA41C2608A,20260319,0.4,0.41,0.37,0.37,2421500
DELTA41C2608T,20260319,1.85,1.89,1.79,1.79,1502200
DELTA41C2612T,20260319,1.27,1.27,1.21,1.21,750600
DELTA41C2703T,20260319,0.79,0.82,0.77,0.77,7432300
DELTA41P2605A,20260319,0.01,0.02,0.01,0.02,400
DELTA41P2607A,20260319,0.66,0.68,0.63,0.68,3020000
DJI41C2603A,20260319,0.01,0.01,0.01,0.01,35700
DJI41C2606A,20260319,0.2,0.21,0.19,0.19,1415500
DJI41P2606A,20260319,1.06,1.12,1.06,1.11,395200
DOHOME01C2608A,20260319,0.21,0.21,0.18,0.18,1534700
DOHOME13C2607A,20260319,0.21,0.21,0.18,0.18,2797300
DOHOME41C2612T,20260319,0.12,0.13,0.12,0.13,200
EA13C2605A,20260319,0.02,0.03,0.02,0.02,462100
EA13C2607A,20260319,0.11,0.12,0.09,0.1,7216400
EA13C2607B,20260319,0.08,0.08,0.07,0.07,524100
EA19C2606A,20260319,0.13,0.14,0.11,0.11,2403100
EA41C2606T,20260319,0.01,0.01,0.01,0.01,30000
EA41C2609T,20260319,0.22,0.22,0.21,0.21,300
ERW01C2608A,20260319,0.14,0.14,0.12,0.12,850900
ERW01C2611T,20260319,0.24,0.24,0.22,0.22,784000
ERW13C2604A,20260319,0.02,0.02,0.02,0.02,100
ERW13C2608A,20260319,0.14,0.14,0.11,0.11,8218900
ERW41C2611T,20260319,0.34,0.34,0.34,0.34,200
GLOBAL01C2608A,20260319,0.08,0.08,0.06,0.06,478000
GLOBAL13C2608A,20260319,0.18,0.18,0.13,0.13,7599300
GLOBAL41C2608A,20260319,0.15,0.15,0.12,0.12,1200
GLOBAL41C2612T,20260319,0.36,0.36,0.31,0.32,4491400
GPSC01C2605A,20260319,0.05,0.05,0.03,0.03,178000
GPSC01C2608A,20260319,0.06,0.06,0.04,0.05,386700
GPSC01C2609A,20260319,0.21,0.22,0.18,0.18,6864700
GPSC01C2609T,20260319,0.12,0.12,0.1,0.1,5297800
GPSC01P2605A,20260319,0.15,0.19,0.14,0.19,9923400
GPSC01P2607A,20260319,0.45,0.51,0.44,0.51,7555200
GPSC01P2608A,20260319,0.78,0.88,0.78,0.86,538900
GPSC13C2606A,20260319,0.09,0.09,0.07,0.07,6289700
GPSC13C2608A,20260319,0.09,0.09,0.07,0.07,4124900
GPSC13C2608B,20260319,0.23,0.24,0.19,0.19,16112800
GPSC13C2701T,20260319,0.13,0.13,0.12,0.12,7573200
GPSC13P2606A,20260319,0.15,0.2,0.15,0.19,3193000
GPSC13P2608A,20260319,0.81,0.88,0.81,0.88,570400
GPSC19C2604A,20260319,0.01,0.01,0.01,0.01,50000
GPSC19C2608A,20260319,0.08,0.08,0.07,0.07,1833100
GPSC41C2608B,20260319,0.21,0.22,0.18,0.18,3000500
GPSC41C2703T,20260319,0.19,0.19,0.18,0.18,1900300
GPSC41P2606A,20260319,0.12,0.13,0.12,0.12,600200
GULF01C2604A,20260319,0.51,0.51,0.48,0.48,31000
GULF01C2606T,20260319,0.18,0.19,0.17,0.17,1453700
GULF01C2608A,20260319,0.71,0.71,0.65,0.65,234400
GULF01C2608B,20260319,0.42,0.43,0.39,0.39,4683000
GULF01C2609A,20260319,0.34,0.35,0.31,0.31,6276100
GULF01C2702T,20260319,0.52,0.52,0.5,0.5,833200
GULF01P2608A,20260319,0.11,0.12,0.11,0.11,3950800
GULF01P2608B,20260319,0.3,0.32,0.29,0.32,1882000
GULF01P2609A,20260319,0.73,0.76,0.71,0.76,1853300
GULF13C2607A,20260319,0.63,0.64,0.59,0.59,387800
GULF13C2608A,20260319,0.45,0.46,0.41,0.41,34215200
GULF13P2607A,20260319,0.1,0.1,0.1,0.1,200
GULF13P2608A,20260319,0.5,0.54,0.49,0.54,11909700
GULF19C2607B,20260319,0.35,0.36,0.31,0.31,9869800
GULF41C2608A,20260319,0.42,0.42,0.38,0.38,560600
GULF41C2609T,20260319,0.39,0.39,0.37,0.37,104700
GULF41P2608A,20260319,0.48,0.51,0.47,0.51,43100
GUNKUL01C2608A,20260319,0.13,0.13,0.12,0.12,6137400
GUNKUL13C2608A,20260319,0.24,0.24,0.22,0.22,6398500
GUNKUL13C2608B,20260319,0.12,0.12,0.11,0.11,4635000
HANA01C2604A,20260319,0.6,0.64,0.41,0.41,1375500
HANA01C2606A,20260319,1.34,1.39,1.23,1.23,647800
HANA01C2608A,20260319,1.11,1.15,0.91,0.92,899500
HANA01C2609A,20260319,0.23,0.24,0.17,0.18,9308700
HANA13C2604A,20260319,0.14,0.18,0.06,0.07,1648100
HANA13C2604B,20260319,0.9,0.93,0.62,0.62,26900
HANA13C2607A,20260319,1.37,1.37,1.1,1.14,179700
HANA13C2608A,20260319,1.05,1.05,0.82,0.85,2195700
HANA13C2608B,20260319,0.61,0.61,0.48,0.49,1552700
HANA13C2608C,20260319,0.28,0.28,0.22,0.23,14476000
HANA13C2701T,20260319,0.54,0.55,0.54,0.55,2200
HANA13P2607A,20260319,0.1,0.13,0.1,0.11,2167300
HANA19C2604A,20260319,0.19,0.19,0.1,0.11,3727600
HANA19C2604B,20260319,1,1,1,1,200
HANA19C2608A,20260319,0.69,0.69,0.6,0.61,5677500
HANA41C2606T,20260319,0.14,0.14,0.11,0.11,400800
HANA41C2608B,20260319,0.57,0.57,0.57,0.57,200
HANA41C2612T,20260319,0.49,0.5,0.43,0.43,7602800
HMPRO13C2604A,20260319,0.01,0.01,0.01,0.01,2800000
HMPRO13C2608A,20260319,0.13,0.13,0.11,0.11,2373400
HMPRO19C2608A,20260319,0.1,0.1,0.09,0.09,286000
HSI28C2603A,20260319,0.01,0.01,0.01,0.01,11700
HSI28C2603B,20260319,0.04,0.04,0.04,0.04,100
HSI28C2603C,20260319,0.06,0.06,0.03,0.03,33142500
HSI28C2604A,20260319,0.05,0.05,0.03,0.03,746800
HSI28C2604B,20260319,0.11,0.11,0.09,0.09,1207500
HSI28C2604C,20260319,0.28,0.29,0.24,0.24,18849700
HSI28C2604D,20260319,0.5,0.51,0.43,0.43,25934900
HSI28C2605A,20260319,0.23,0.23,0.2,0.2,3011500
HSI28C2605B,20260319,0.48,0.48,0.42,0.42,5355800
HSI28C2605C,20260319,0.92,0.94,0.92,0.92,2900
HSI28C2606A,20260319,0.39,0.39,0.34,0.34,1500300
HSI28P2603B,20260319,0.02,0.03,0.01,0.03,1100
HSI28P2603C,20260319,0.25,0.33,0.25,0.33,76969600
HSI28P2604A,20260319,0.2,0.24,0.2,0.24,533500
HSI28P2604B,20260319,0.43,0.5,0.43,0.5,18762800
HSI28P2605A,20260319,0.56,0.61,0.56,0.61,14924300
HSI28P2605B,20260319,0.29,0.33,0.29,0.33,386500
HSI28P2606A,20260319,0.77,0.82,0.77,0.82,3200
HSTECH28C2606A,20260319,0.31,0.31,0.31,0.31,1000
ICHI01C2608A,20260319,0.13,0.13,0.12,0.12,3124100
ICHI13C2608A,20260319,0.12,0.12,0.1,0.1,8332400
ICHI19C2609T,20260319,0.18,0.18,0.16,0.17,265200
IRPC01C2607A,20260319,0.49,0.5,0.48,0.48,57500
IRPC13C2604A,20260319,0.33,0.39,0.28,0.28,235700
IRPC13C2608A,20260319,0.37,0.41,0.35,0.38,31514500
IRPC13C2701T,20260319,0.41,0.43,0.39,0.41,1656600
IRPC19C2609T,20260319,0.34,0.37,0.33,0.35,18318000
IRPC41C2604A,20260319,0.32,0.32,0.32,0.32,100
IRPC41C2703T,20260319,0.47,0.49,0.46,0.48,6512400
ITC01C2606T,20260319,0.17,0.17,0.15,0.15,1690200
ITC13C2608A,20260319,0.19,0.19,0.16,0.16,2365600
ITC19C2609T,20260319,0.19,0.19,0.17,0.17,1018100
IVL01C2604A,20260319,0.45,0.46,0.36,0.43,5188800
IVL01C2605A,20260319,1.27,1.29,1.14,1.24,1827100
IVL01C2607A,20260319,0.45,0.47,0.4,0.44,17755500
IVL01C2608A,20260319,0.09,0.1,0.08,0.08,7223900
IVL01C2609A,20260319,1.04,1.04,0.93,1,2734200
IVL01P2604A,20260319,0.03,0.03,0.01,0.01,3000
IVL01P2607A,20260319,0.15,0.17,0.15,0.15,9953700
IVL01P2608A,20260319,0.37,0.39,0.36,0.36,8262200
IVL13C2604A,20260319,0.26,0.3,0.2,0.27,2364800
IVL13C2605A,20260319,0.87,0.91,0.77,0.85,352600
IVL13C2607A,20260319,0.41,0.43,0.36,0.4,84681500
IVL13C2608A,20260319,0.75,0.78,0.68,0.74,5790200
IVL13P2607A,20260319,0.21,0.23,0.2,0.21,9026400
IVL19C2604A,20260319,0.51,0.55,0.5,0.55,87400
IVL19C2607A,20260319,0.51,0.53,0.45,0.5,33462200
IVL41C2604A,20260319,0.27,0.29,0.26,0.26,150600
IVL41C2605T,20260319,0.07,0.07,0.07,0.07,200
IVL41C2607A,20260319,0.38,0.4,0.34,0.37,7030900
IVL41C2702T,20260319,0.46,0.47,0.43,0.46,3077000
IVL41P2605T,20260319,0.1,0.1,0.09,0.09,400100
JAS13C2608A,20260319,0.14,0.14,0.12,0.13,2085600
JAS41C2611T,20260319,0.13,0.13,0.13,0.13,1200
JD41C2606A,20260319,0.2,0.2,0.2,0.2,1600
JMART01C2608A,20260319,0.18,0.19,0.15,0.15,819800
JMART13C2605A,20260319,0.07,0.07,0.06,0.06,1205400
JMART13C2608A,20260319,0.21,0.22,0.18,0.18,5158300
JMART13C2701T,20260319,0.18,0.18,0.17,0.17,95800
JMART19C2612A,20260319,0.27,0.27,0.27,0.27,290200
JMART41C2609T,20260319,0.1,0.1,0.1,0.1,1000
JMT01C2605A,20260319,0.09,0.09,0.08,0.08,1928800
JMT01C2608A,20260319,0.1,0.1,0.08,0.08,2242700
JMT01C2701T,20260319,0.26,0.26,0.24,0.24,5428100
JMT13C2604A,20260319,0.01,0.01,0.01,0.01,765000
JMT13C2607A,20260319,0.31,0.32,0.28,0.28,3478900
JMT13C2608A,20260319,0.13,0.13,0.12,0.12,441300
JMT13C2701T,20260319,0.22,0.22,0.21,0.21,1736100
JMT19C2605A,20260319,0.1,0.11,0.09,0.09,793100
JMT19C2608A,20260319,0.11,0.11,0.1,0.1,2543500
JMT41C2608A,20260319,0.1,0.1,0.1,0.1,100
JMT41C2611T,20260319,0.08,0.08,0.08,0.08,100
JMT41C2703T,20260319,0.39,0.39,0.36,0.36,268300
KBANK01C2607A,20260319,0.23,0.24,0.21,0.22,4068700
KBANK01C2608A,20260319,0.1,0.1,0.1,0.1,353600
KBANK01C2702T,20260319,0.2,0.2,0.2,0.2,270000
KBANK01P2607A,20260319,0.44,0.45,0.44,0.45,3115200
KBANK13C2607A,20260319,0.08,0.08,0.07,0.07,1432100
KBANK13C2607B,20260319,0.3,0.3,0.26,0.26,9973300
KBANK13P2607A,20260319,0.43,0.44,0.43,0.44,1316100
KBANK19C2608A,20260319,0.12,0.12,0.11,0.11,2935100
KBANK41C2607A,20260319,0.05,0.05,0.05,0.05,280000
KBANK41C2607B,20260319,0.26,0.26,0.25,0.25,780200
KBANK41C2609T,20260319,0.53,0.53,0.52,0.52,200700
KBANK41C2703T,20260319,0.29,0.29,0.29,0.29,1881000
KCE13C2604A,20260319,0.02,0.02,0.01,0.01,1101000
KCE13C2606A,20260319,0.49,0.52,0.38,0.38,57109000
KCE13C2607A,20260319,0.84,0.88,0.66,0.67,7949000
KCE13P2608A,20260319,0.45,0.5,0.43,0.5,10260600
KCE19C2604A,20260319,0.07,0.07,0.03,0.03,13824900
KCE19C2605A,20260319,0.57,0.57,0.42,0.45,6925100
KCE19C2608A,20260319,1.09,1.09,0.96,0.96,269000
KCE19C2608B,20260319,0.58,0.61,0.48,0.48,21071600
KCE41C2606A,20260319,0.48,0.5,0.37,0.38,11383300
KCE41C2607A,20260319,0.78,0.8,0.64,0.64,363200
KCE41C2609T,20260319,0.66,0.66,0.57,0.58,11812700
KCE41P2608A,20260319,0.4,0.45,0.4,0.44,4074000
KKP01C2607A,20260319,0.48,0.48,0.45,0.45,1107200
KKP01P2609A,20260319,0.83,0.86,0.83,0.86,594600
KKP13C2606A,20260319,0.35,0.36,0.32,0.32,5039100
KKP19C2609T,20260319,0.65,0.65,0.63,0.63,583800
KTB01C2608A,20260319,0.24,0.25,0.24,0.24,814300
KTB01C2701T,20260319,0.3,0.31,0.3,0.3,636200
KTB01P2608A,20260319,0.19,0.19,0.19,0.19,756000
KTB13C2606A,20260319,0.26,0.26,0.26,0.26,100
KTB13C2608A,20260319,0.21,0.22,0.21,0.21,3142700
KTB13P2608A,20260319,0.17,0.17,0.16,0.16,57700
KTB19C2609T,20260319,0.39,0.39,0.38,0.39,352800
KTB41C2606A,20260319,0.21,0.21,0.2,0.2,50100
KTB41C2608A,20260319,0.19,0.19,0.18,0.18,280400
KTB41C2612T,20260319,0.43,0.43,0.43,0.43,150200
KTC01C2604A,20260319,0.01,0.02,0.01,0.01,8000
KTC01C2607A,20260319,0.21,0.21,0.19,0.19,1080700
KTC01C2608A,20260319,0.11,0.11,0.1,0.1,1479400
KTC01C2609T,20260319,0.17,0.17,0.16,0.16,530500
KTC01P2608A,20260319,0.44,0.46,0.44,0.45,831600
KTC13C2607A,20260319,0.23,0.23,0.19,0.19,5102100
KTC13C2608A,20260319,0.16,0.16,0.14,0.14,640800
KTC13C2701T,20260319,0.26,0.26,0.24,0.24,2311000
KTC13P2608A,20260319,0.48,0.5,0.48,0.5,1302300
KTC19C2609T,20260319,0.19,0.19,0.18,0.18,582600
KTC41C2606T,20260319,0.01,0.02,0.01,0.02,150400
KTC41C2607A,20260319,0.19,0.19,0.17,0.17,400
KTC41C2608A,20260319,0.13,0.13,0.13,0.13,200
KTC41C2609T,20260319,0.17,0.17,0.17,0.17,5000
KTC41C2612T,20260319,0.25,0.25,0.25,0.25,100000
KUAISH28C2606A,20260319,0.11,0.11,0.1,0.1,900400
KUAISH41C2603A,20260319,0.01,0.01,0.01,0.01,190000
KUAISH41C2606A,20260319,0.05,0.05,0.04,0.04,2000
KUAISH41C2609A,20260319,0.24,0.24,0.23,0.23,2400
KUAISH41C2609T,20260319,0.51,0.51,0.48,0.48,1200
LH01C2609A,20260319,0.17,0.17,0.16,0.16,1549300
LH13C2608A,20260319,0.19,0.19,0.18,0.18,911500
M01C2606A,20260319,0.17,0.17,0.15,0.15,511700
M13C2605A,20260319,0.11,0.12,0.1,0.11,219100
M13C2607A,20260319,0.15,0.15,0.14,0.14,880500
M13C2608A,20260319,0.09,0.09,0.09,0.09,10500
M13C2608B,20260319,0.39,0.39,0.35,0.35,1747300
M19C2605A,20260319,0.17,0.17,0.15,0.15,1104000
M41C2612T,20260319,0.23,0.23,0.23,0.23,15000
MCA5041C2606A,20260319,0.23,0.23,0.23,0.23,3200
MCA5041P2606A,20260319,0.52,0.52,0.52,0.52,1000
MEGA01C2702T,20260319,0.19,0.19,0.17,0.18,119500
MEITUA28C2607A,20260319,0.17,0.17,0.17,0.17,300000
MEITUA41C2609A,20260319,0.42,0.42,0.41,0.41,800
MINT01C2605A,20260319,0.07,0.07,0.05,0.05,166500
MINT01C2608A,20260319,0.04,0.05,0.04,0.04,538000
MINT01C2609A,20260319,0.47,0.47,0.4,0.4,7177000
MINT01P2605A,20260319,0.17,0.21,0.17,0.21,4157300
MINT13C2607A,20260319,0.07,0.07,0.06,0.06,105000
MINT13C2608A,20260319,0.29,0.29,0.25,0.25,7565900
MINT13P2606A,20260319,0.39,0.48,0.39,0.48,7723400
MINT41C2608A,20260319,0.26,0.26,0.24,0.24,1200600
MINT41P2606A,20260319,0.33,0.39,0.33,0.39,3792800
MTC01C2606A,20260319,0.02,0.02,0.02,0.02,61300
MTC01C2608A,20260319,0.17,0.17,0.15,0.15,10953900
MTC01P2608A,20260319,0.15,0.16,0.15,0.16,2422200
MTC13C2605A,20260319,0.02,0.02,0.02,0.02,91900
MTC13C2607A,20260319,0.15,0.15,0.13,0.13,3118900
MTC13P2607A,20260319,0.43,0.46,0.42,0.46,12207400
MTC19C2607A,20260319,0.05,0.05,0.05,0.05,600
MTC19C2608A,20260319,0.21,0.21,0.18,0.18,6611000
MTC41C2607A,20260319,0.13,0.13,0.12,0.12,700
MTC41C2611T,20260319,0.08,0.08,0.07,0.08,2800
MTC41P2607A,20260319,0.3,0.32,0.3,0.32,1568800
NDX28C2606A,20260319,0.34,0.34,0.32,0.34,11500
NDX28P2606A,20260319,0.66,0.71,0.66,0.71,54000
NDX41C2603A,20260319,0.08,0.08,0.01,0.01,105400
NDX41C2606A,20260319,0.35,0.35,0.32,0.33,155200
NDX41P2606A,20260319,0.76,0.82,0.76,0.82,211500
NIKKEI28C2606B,20260319,0.88,0.88,0.76,0.76,81300
NIKKEI28C2606C,20260319,0.61,0.61,0.5,0.5,521100
NIKKEI28C2606D,20260319,0.41,0.41,0.35,0.35,63200
NIKKEI28P2606A,20260319,0.39,0.43,0.38,0.43,6200
NIKKEI28P2606B,20260319,0.7,0.77,0.7,0.77,26000
NIKKEI28P2606C,20260319,0.49,0.53,0.49,0.53,20100
NIKKEI28P2606D,20260319,0.89,0.9,0.89,0.9,2900
NIKKEI41C2606A,20260319,1.32,1.32,1.32,1.32,8000
NIKKEI41C2606B,20260319,0.9,0.9,0.75,0.75,650900
NIKKEI41C2606C,20260319,0.59,0.59,0.47,0.5,896100
NIKKEI41P2606A,20260319,0.96,0.97,0.95,0.97,60000
NIKKEI41P2606B,20260319,0.63,0.72,0.63,0.72,6700
NIKKEI41P2606C,20260319,0.45,0.45,0.45,0.45,1000
OR01C2607A,20260319,0.02,0.02,0.02,0.02,1405000
OR01C2608A,20260319,0.06,0.06,0.06,0.06,81000
OR01C2609A,20260319,0.22,0.22,0.21,0.21,1667400
OR13C2608A,20260319,0.12,0.12,0.1,0.1,2194500
OR13C2608B,20260319,0.22,0.22,0.19,0.19,1551300
OR19C2607A,20260319,0.05,0.05,0.04,0.04,151000
OR19C2608A,20260319,0.2,0.2,0.18,0.18,622700
OR41C2605T,20260319,0.02,0.02,0.02,0.02,600
OR41C2608T,20260319,0.14,0.14,0.14,0.14,208300
OSP13C2607A,20260319,0.07,0.07,0.05,0.06,822600
OSP13C2608A,20260319,0.22,0.22,0.2,0.2,975300
OSP41C2607A,20260319,0.04,0.04,0.04,0.04,100000
PINGAN41C2606A,20260319,0.11,0.11,0.1,0.1,148700
PLANB13C2607A,20260319,0.31,0.32,0.27,0.27,5264500
PLANB13C2608A,20260319,0.29,0.31,0.26,0.26,7181500
PLANB13C2608B,20260319,0.1,0.1,0.08,0.08,2087800
PLANB19C2605A,20260319,0.08,0.08,0.06,0.06,386000
PLANB41C2607A,20260319,0.3,0.3,0.26,0.26,1161600
PLANB41C2608A,20260319,0.27,0.27,0.24,0.24,961700
PLANB41C2612T,20260319,0.15,0.15,0.15,0.15,100
POPMAR28C2606A,20260319,0.32,0.32,0.32,0.32,20000
POPMAR41C2605A,20260319,0.34,0.34,0.31,0.31,800
POPMAR41C2609T,20260319,0.98,0.98,0.94,0.94,1400
PR901C2608A,20260319,0.08,0.08,0.08,0.08,500
PR913C2608A,20260319,0.15,0.15,0.13,0.13,663700
PRM01C2702T,20260319,0.29,0.29,0.28,0.28,867300
PRM13C2608A,20260319,0.26,0.26,0.23,0.23,5978200
PRM19C2604A,20260319,0.12,0.13,0.11,0.12,1058900
PRM41C2612T,20260319,0.44,0.44,0.43,0.43,1280400
PTG01C2607A,20260319,0.22,0.22,0.19,0.2,2500800
PTG01C2609A,20260319,0.04,0.04,0.04,0.04,10000
PTG13C2607A,20260319,0.26,0.27,0.23,0.23,5569600
PTG13C2608A,20260319,0.21,0.22,0.19,0.19,4478100
PTG13C2608B,20260319,0.09,0.09,0.09,0.09,1530000
PTG41C2701T,20260319,0.3,0.3,0.29,0.29,500
PTT01C2606T,20260319,0.09,0.09,0.09,0.09,50000
PTT01C2607A,20260319,0.13,0.15,0.13,0.15,5541900
PTT01P2609A,20260319,0.33,0.33,0.32,0.32,1764900
PTT13C2606A,20260319,0.17,0.21,0.17,0.18,3887200
PTT13C2608A,20260319,0.13,0.15,0.13,0.15,20154000
PTT13C2701T,20260319,0.25,0.26,0.23,0.23,18200
PTT13P2608A,20260319,0.33,0.33,0.31,0.31,1705300
PTT19C2612T,20260319,0.35,0.35,0.34,0.35,1328500
PTT41C2606A,20260319,0.13,0.16,0.13,0.14,139400
PTT41C2606T,20260319,0.22,0.24,0.22,0.24,200400
PTT41C2608A,20260319,0.11,0.11,0.11,0.11,800
PTTEP01C2606T,20260319,0.96,1.08,0.96,1.08,709100
PTTEP01C2607A,20260319,1.09,1.19,1.08,1.19,404600
PTTEP01C2608A,20260319,0.63,0.76,0.63,0.76,18345100
PTTEP01P2607A,20260319,0.08,0.08,0.06,0.07,155400
PTTEP01P2608A,20260319,0.59,0.59,0.52,0.52,4011900
PTTEP13C2607A,20260319,1.45,1.45,1.44,1.44,78000
PTTEP13C2608A,20260319,0.87,0.98,0.87,0.98,766900
PTTEP13C2608B,20260319,0.57,0.69,0.57,0.69,59909700
PTTEP13P2607A,20260319,0.05,0.05,0.05,0.05,77100
PTTEP13P2608A,20260319,0.35,0.36,0.31,0.31,5564900
PTTEP19C2608A,20260319,0.63,0.78,0.63,0.78,474900
PTTEP19C2608B,20260319,0.4,0.52,0.4,0.52,6419300
PTTEP41C2608A,20260319,0.81,0.93,0.81,0.93,19000
PTTEP41C2608B,20260319,0.55,0.67,0.55,0.67,6241400
PTTEP41C2609T,20260319,1,1.11,1,1.11,1601000
PTTEP41C2703T,20260319,0.5,0.55,0.5,0.55,8752500
PTTEP41P2607A,20260319,0.04,0.04,0.04,0.04,10000
PTTEP41P2608A,20260319,0.32,0.33,0.32,0.33,612000
PTTGC01C2605A,20260319,0.76,0.9,0.72,0.9,1140900
PTTGC01C2607A,20260319,0.27,0.32,0.25,0.31,8271800
PTTGC01P2607A,20260319,0.09,0.09,0.08,0.08,553900
PTTGC13C2604A,20260319,1.12,1.22,1.12,1.22,7000
PTTGC13C2607A,20260319,0.4,0.46,0.38,0.45,3638400
PTTGC13C2608A,20260319,0.28,0.32,0.26,0.31,35584600
PTTGC13P2607A,20260319,0.11,0.12,0.1,0.1,3369200
PTTGC19C2607A,20260319,0.5,0.5,0.5,0.5,300
PTTGC19C2608A,20260319,0.36,0.41,0.34,0.41,16734900
PTTGC41C2607A,20260319,0.39,0.44,0.39,0.44,153200
PTTGC41C2608T,20260319,1.07,1.07,1.07,1.07,500
PTTGC41C2611T,20260319,0.27,0.28,0.25,0.28,500
PTTGC41C2612T,20260319,0.51,0.55,0.48,0.54,2611900
RCL01C2608A,20260319,0.42,0.42,0.3,0.3,368700
RCL01C2610T,20260319,0.46,0.46,0.37,0.37,2438200
RCL13C2604A,20260319,0.38,0.38,0.2,0.2,1208200
RCL13C2608A,20260319,0.43,0.43,0.29,0.29,17971500
RCL41C2608T,20260319,0.79,0.79,0.69,0.69,400800
RCL41C2612T,20260319,0.38,0.38,0.29,0.29,553500
SAWAD01C2606A,20260319,0.23,0.24,0.2,0.2,1236700
SAWAD01C2607A,20260319,0.06,0.06,0.05,0.05,33500
SAWAD01C2609A,20260319,0.11,0.12,0.1,0.1,5111800
SAWAD01P2606A,20260319,0.19,0.21,0.18,0.21,2387500
SAWAD01P2608A,20260319,0.47,0.5,0.46,0.5,2017000
SAWAD13C2604A,20260319,0.01,0.01,0.01,0.01,1000
SAWAD13C2607A,20260319,0.09,0.09,0.07,0.07,7877400
SAWAD13C2607B,20260319,0.35,0.36,0.29,0.29,6115500
SAWAD13P2608A,20260319,0.43,0.45,0.41,0.45,2342000
SAWAD19C2607A,20260319,0.29,0.3,0.26,0.26,1532600
SAWAD19C2608A,20260319,0.18,0.18,0.17,0.17,1182000
SAWAD41C2607A,20260319,0.07,0.07,0.07,0.07,700
SAWAD41C2607B,20260319,0.28,0.28,0.26,0.26,550100
SAWAD41C2610T,20260319,0.29,0.3,0.28,0.29,1880500
SAWAD41P2608A,20260319,0.39,0.41,0.39,0.41,2100200
SCB01C2605A,20260319,0.18,0.18,0.17,0.17,2433500
SCB01C2607A,20260319,0.37,0.37,0.36,0.36,1635300
SCB01C2608A,20260319,0.28,0.28,0.27,0.27,1120900
SCB01P2605A,20260319,0.01,0.01,0.01,0.01,200
SCB01P2607A,20260319,0.33,0.33,0.32,0.33,179700
SCB13C2607A,20260319,0.15,0.15,0.14,0.14,12427100
SCB13C2607B,20260319,0.31,0.31,0.29,0.29,11189200
SCB13P2607A,20260319,0.41,0.42,0.41,0.42,731300
SCB19C2612T,20260319,0.43,0.44,0.43,0.43,682600
SCB41C2607B,20260319,0.28,0.29,0.28,0.29,15300
SCC01C2605A,20260319,0.07,0.07,0.06,0.06,506800
SCC01C2609A,20260319,0.79,0.84,0.75,0.78,5405300
SCC01P2605A,20260319,0.17,0.19,0.15,0.16,10479200
SCC01P2607A,20260319,0.74,0.77,0.71,0.74,5702700
SCC13C2606A,20260319,0.19,0.22,0.18,0.2,13472600
SCC13C2607A,20260319,0.14,0.15,0.13,0.14,12549300
SCC13C2608A,20260319,0.71,0.77,0.68,0.72,21076600
SCC13C2701T,20260319,0.23,0.23,0.23,0.23,100000
SCC13P2607A,20260319,0.7,0.73,0.66,0.69,8265400
SCC19C2605A,20260319,0.11,0.12,0.1,0.11,6929200
SCC19C2608A,20260319,0.71,0.77,0.68,0.71,12788800
SCC41C2606A,20260319,0.17,0.17,0.16,0.16,200
SCC41C2608A,20260319,0.67,0.71,0.64,0.66,1800500
SCC41C2608T,20260319,0.6,0.64,0.59,0.6,2002200
SCC41C2612T,20260319,0.42,0.44,0.41,0.42,3201700
SCC41P2607A,20260319,0.6,0.65,0.58,0.61,10204600
SCGP01C2604A,20260319,0.03,0.03,0.02,0.02,840000
SCGP01C2608A,20260319,0.2,0.22,0.17,0.17,3444600
SCGP01C2609A,20260319,0.38,0.39,0.32,0.33,3313400
SCGP01P2608A,20260319,0.43,0.49,0.41,0.49,2128700
SCGP13C2605A,20260319,0.22,0.24,0.16,0.16,21184800
SCGP13C2607A,20260319,0.16,0.17,0.13,0.13,6669700
SCGP13C2608A,20260319,0.37,0.4,0.32,0.32,14251700
SCGP13P2608A,20260319,0.51,0.57,0.49,0.57,7787000
SCGP19C2605A,20260319,0.24,0.27,0.19,0.19,3085800
SCGP19C2607A,20260319,0.2,0.22,0.17,0.17,8944000
SCGP41C2605A,20260319,0.21,0.21,0.19,0.19,300200
SCGP41C2606T,20260319,0.13,0.13,0.11,0.11,980700
SCGP41C2607A,20260319,0.15,0.15,0.12,0.12,440300
SCGP41C2609T,20260319,0.43,0.43,0.39,0.4,1300
SET01C2604A,20260319,0.73,0.73,0.51,0.51,255100
SET01C2605A,20260319,1.9,1.9,1.58,1.58,46100
SET01C2607A,20260319,1.03,1.13,0.9,0.9,161000
SET01C2607B,20260319,0.35,0.37,0.3,0.3,198800
SET01P2604A,20260319,0.01,0.02,0.01,0.02,2804300
SET01P2605A,20260319,0.07,0.07,0.06,0.06,184500
SET01P2606L,20260319,0.76,0.8,0.72,0.8,3912300
SET01P2607A,20260319,0.28,0.29,0.25,0.27,951600
SET01P2607B,20260319,0.76,0.85,0.76,0.85,4900
SET5001C2603F,20260319,0.12,0.12,0.08,0.08,140500
SET5001C2603I,20260319,0.26,0.26,0.14,0.17,6700
SET5001C2605A,20260319,1.01,1.01,0.86,0.86,8100
SET5001C2606F,20260319,0.79,0.8,0.71,0.71,10400
SET5001C2606G,20260319,0.28,0.28,0.18,0.18,117300
SET5001C2606I,20260319,0.83,0.88,0.76,0.77,3450700
SET5001C2607A,20260319,0.64,0.69,0.57,0.57,282600
SET5001C2607B,20260319,0.16,0.16,0.11,0.11,140000
SET5001C2607C,20260319,0.8,0.85,0.75,0.75,11624200
SET5001P2603F,20260319,0.01,0.01,0.01,0.01,20200
SET5001P2605A,20260319,0.02,0.02,0.01,0.02,641200
SET5001P2606F,20260319,0.22,0.23,0.21,0.23,83400
SET5001P2606G,20260319,0.6,0.6,0.6,0.6,30000
SET5001P2606I,20260319,0.73,0.78,0.72,0.77,1550200
SET5001P2607A,20260319,0.2,0.2,0.17,0.18,449600
SET5001P2607B,20260319,0.86,0.9,0.76,0.9,30400
SET5001P2607C,20260319,0.66,0.69,0.62,0.69,12568900
SET5013C2603A,20260319,0.14,0.14,0.03,0.07,814700
SET5013C2603B,20260319,0.37,0.42,0.25,0.26,13901600
SET5013C2603C,20260319,0.66,0.75,0.47,0.47,64600
SET5013C2603D,20260319,0.9,1.02,0.6,0.65,737700
SET5013C2603E,20260319,1.17,1.39,0.81,0.87,67800
SET5013C2603F,20260319,1.95,2,1.38,1.57,57500
SET5013C2603G,20260319,0.45,0.5,0.3,0.33,655600
SET5013C2606A,20260319,0.66,0.72,0.55,0.56,83487000
SET5013C2606B,20260319,0.41,0.46,0.35,0.35,84216200
SET5013C2606C,20260319,0.28,0.32,0.23,0.24,69646600
SET5013C2606D,20260319,0.22,0.25,0.19,0.19,39086500
SET5013C2606E,20260319,0.16,0.18,0.14,0.14,11657600
SET5013C2606F,20260319,0.13,0.14,0.1,0.1,25606000
SET5013C2606G,20260319,0.1,0.11,0.08,0.09,6816300
SET5013C2606H,20260319,0.36,0.39,0.32,0.32,52439100
SET5013C2606I,20260319,0.55,0.6,0.48,0.49,396617000
SET5013C2606J,20260319,0.8,0.87,0.72,0.73,81980600
SET5013P2603C,20260319,0.01,0.01,0.01,0.01,100000
SET5013P2603D,20260319,0.02,0.02,0.02,0.02,100
SET5013P2603F,20260319,0.01,0.02,0.01,0.02,170000
SET5013P2603G,20260319,0.01,0.01,0.01,0.01,997000
SET5013P2603I,20260319,0.03,0.03,0.01,0.03,32000
SET5013P2603J,20260319,0.02,0.02,0.01,0.02,5500
SET5013P2603K,20260319,0.03,0.04,0.02,0.02,154000
SET5013P2603X,20260319,3.44,3.44,3.44,3.44,200
SET5013P2606A,20260319,0.18,0.2,0.15,0.19,76193100
SET5013P2606B,20260319,0.21,0.25,0.19,0.24,18955800
SET5013P2606C,20260319,0.35,0.4,0.31,0.38,59186800
SET5013P2606D,20260319,0.51,0.58,0.47,0.57,87098800
SET5013P2606E,20260319,0.78,0.87,0.71,0.83,69119500
SET5013P2606F,20260319,1.02,1.17,0.97,1.13,3892300
SET5013P2606G,20260319,1.59,1.75,1.46,1.75,210600
SET5013P2606H,20260319,0.35,0.38,0.32,0.37,194084900
SET5013P2606I,20260319,0.48,0.53,0.44,0.52,87393300
SET5013P2606J,20260319,0.23,0.27,0.22,0.26,8567300
SET5013P2606K,20260319,0.66,0.72,0.61,0.71,99208400
SET5013P2606L,20260319,1,1.09,0.95,1.06,253853500
SET5019C2603B,20260319,0.12,0.12,0.11,0.12,20000
SET5019C2606A,20260319,0.55,0.62,0.48,0.49,7915100
SET5019C2606D,20260319,0.8,0.84,0.67,0.69,12196800
SET5019C2606E,20260319,0.61,0.66,0.5,0.53,7853000
SET5019P2603B,20260319,0.02,0.02,0.02,0.02,100
SET5019P2606A,20260319,0.31,0.31,0.23,0.3,53800
SET5019P2606D,20260319,0.47,0.54,0.45,0.52,71403200
SET5019P2606E,20260319,0.85,0.93,0.79,0.93,72529300
SET5041C2606A,20260319,0.66,0.66,0.66,0.66,20000
SET5041C2606B,20260319,0.45,0.45,0.37,0.37,37700
SET5041C2606C,20260319,0.39,0.4,0.32,0.33,18083300
SET5041C2606D,20260319,0.21,0.21,0.18,0.18,40200
SET5041C2606E,20260319,0.17,0.17,0.16,0.16,2100
SET5041C2606F,20260319,0.13,0.13,0.13,0.13,9000
SET5041C2606G,20260319,0.13,0.13,0.09,0.1,58600
SET5041C2606H,20260319,0.35,0.36,0.31,0.31,10918600
SET5041C2606I,20260319,0.49,0.52,0.42,0.42,65818600
SET5041C2606J,20260319,0.67,0.68,0.58,0.6,30654600
SET5041C2609T,20260319,0.98,0.99,0.93,0.94,9249400
SET5041P2603A,20260319,0.01,0.01,0.01,0.01,400
SET5041P2606A,20260319,0.58,0.58,0.58,0.58,11000
SET5041P2606C,20260319,0.88,0.94,0.88,0.93,1900
SET5041P2606E,20260319,1.35,1.46,1.31,1.46,900
SET5041P2606H,20260319,0.34,0.37,0.32,0.37,5537200
SET5041P2606I,20260319,0.45,0.5,0.44,0.49,16303300
SET5041P2606K,20260319,0.59,0.66,0.57,0.66,37928700
SET5041P2606L,20260319,0.91,1.04,0.91,1.04,52285800
SET5041P2609T,20260319,0.39,0.41,0.39,0.4,800600
SIRI13C2605A,20260319,0.19,0.19,0.16,0.16,544600
SIRI41C2605A,20260319,0.18,0.18,0.15,0.15,200200
SIRI41C2606T,20260319,0.06,0.06,0.05,0.05,1000500
SISB13C2607A,20260319,0.11,0.11,0.08,0.09,7283700
SISB19C2612A,20260319,0.3,0.3,0.28,0.28,1902200
SISB41C2702T,20260319,0.21,0.21,0.2,0.2,600
SJWD13C2608A,20260319,0.25,0.25,0.21,0.21,1158600
SPALI13C2608A,20260319,0.29,0.29,0.28,0.28,1471400
SPALI41C2609T,20260319,0.19,0.19,0.19,0.19,2100
SPRC01C2607A,20260319,0.35,0.35,0.35,0.35,6000
SPRC13C2604A,20260319,0.1,0.13,0.09,0.1,846100
SPRC13C2607A,20260319,0.31,0.37,0.31,0.33,9508100
SPRC13C2608A,20260319,0.25,0.29,0.25,0.26,11177100
SPRC41C2604A,20260319,0.1,0.1,0.1,0.1,450400
SPRC41C2606T,20260319,0.24,0.28,0.24,0.25,6231500
SPRC41C2607A,20260319,0.32,0.34,0.3,0.3,800600
SPRC41C2608A,20260319,0.24,0.26,0.23,0.23,2180600
SPRC41C2612T,20260319,0.63,0.64,0.61,0.62,350500
SPX28P2606A,20260319,0.96,0.99,0.96,0.99,55800
SPX41C2606A,20260319,0.3,0.3,0.3,0.3,101000
SPX41P2606A,20260319,1.02,1.06,1.02,1.06,26500
STA01C2607A,20260319,0.48,0.48,0.41,0.41,632300
STA01C2609A,20260319,0.37,0.37,0.32,0.32,9009200
STA13C2605A,20260319,0.5,0.5,0.41,0.41,36200
STA13C2608A,20260319,0.47,0.47,0.41,0.42,16846800
STA19C2612A,20260319,0.54,0.54,0.49,0.5,8898100
STA41C2612T,20260319,0.3,0.3,0.28,0.28,800
STGT01C2608A,20260319,0.61,0.68,0.46,0.46,3677900
STGT13C2607A,20260319,0.57,0.64,0.42,0.44,7257300
STGT13C2607B,20260319,0.17,0.19,0.12,0.12,22767100
STGT41C2606T,20260319,0.19,0.19,0.14,0.14,4574500
STGT41C2612T,20260319,0.53,0.54,0.44,0.45,7776200
TENCEN41C2606A,20260319,0.05,0.05,0.04,0.04,1000
TENCEN41C2609A,20260319,0.36,0.36,0.34,0.34,1001700
TFG13C2608A,20260319,0.65,0.65,0.51,0.51,510000
TFG13C2608B,20260319,0.36,0.38,0.3,0.3,18834500
TIDLOR01C2605A,20260319,0.01,0.01,0.01,0.01,4000
TIDLOR01C2606A,20260319,0.1,0.1,0.08,0.09,2792600
TIDLOR01C2608A,20260319,0.09,0.09,0.07,0.08,2744100
TIDLOR01C2610T,20260319,0.14,0.14,0.12,0.12,1546700
TIDLOR01P2605A,20260319,0.4,0.49,0.4,0.49,200400
TIDLOR01P2608A,20260319,1.13,1.27,1.13,1.25,595000
TIDLOR13C2604A,20260319,0.01,0.01,0.01,0.01,1982000
TIDLOR13C2607A,20260319,0.12,0.12,0.1,0.1,2002300
TIDLOR13C2701T,20260319,0.25,0.25,0.22,0.22,2219700
TIDLOR13P2608A,20260319,0.59,0.67,0.59,0.65,6105100
TIDLOR19C2609T,20260319,0.13,0.13,0.12,0.12,471600
TIDLOR19C2612T,20260319,0.35,0.35,0.3,0.3,1405000
TIDLOR41C2607A,20260319,0.1,0.1,0.08,0.08,39100
TIDLOR41C2612T,20260319,0.16,0.16,0.16,0.16,900000
TISCO13C2607A,20260319,0.16,0.17,0.16,0.16,8418800
TISCO41C2606T,20260319,0.33,0.34,0.33,0.34,1570000
TLI01C2607A,20260319,0.05,0.05,0.05,0.05,160000
TOA01C2702T,20260319,0.24,0.24,0.23,0.23,1091800
TOA13C2605A,20260319,0.05,0.05,0.03,0.03,81100
TOP01C2605A,20260319,0.26,0.3,0.26,0.26,4389100
TOP01C2608A,20260319,0.31,0.34,0.3,0.3,9730500
TOP01C2609A,20260319,0.18,0.2,0.18,0.18,2883700
TOP01C2701T,20260319,0.39,0.42,0.39,0.39,10806700
TOP01P2607A,20260319,0.24,0.26,0.23,0.26,4805800
TOP01P2609A,20260319,0.85,0.89,0.85,0.89,16900
TOP01P2609B,20260319,0.75,0.75,0.69,0.75,2363500
TOP13C2607A,20260319,0.35,0.4,0.35,0.35,14397400
TOP13C2608A,20260319,0.25,0.28,0.24,0.24,18990300
TOP13P2607A,20260319,0.18,0.18,0.18,0.18,40000
TOP13P2608A,20260319,0.71,0.72,0.66,0.72,9653200
TOP19C2612T,20260319,0.82,0.87,0.81,0.81,2206300
TOP41C2607A,20260319,0.35,0.38,0.35,0.37,300400
TOP41C2608A,20260319,0.23,0.25,0.23,0.23,631700
TOP41C2609T,20260319,1.12,1.18,1.12,1.12,700
TOP41C2611T,20260319,0.6,0.63,0.6,0.6,1453000
TOP41C2703T,20260319,0.33,0.35,0.33,0.33,1881300
TRUE01C2607A,20260319,0.47,0.49,0.45,0.46,3039900
TRUE01C2608A,20260319,0.27,0.3,0.26,0.27,10106500
TRUE01P2607A,20260319,0.11,0.11,0.1,0.11,2186600
TRUE01P2608A,20260319,0.48,0.5,0.47,0.49,4967400
TRUE13C2607A,20260319,0.41,0.41,0.38,0.38,2293900
TRUE13C2607B,20260319,0.44,0.46,0.42,0.43,12879500
TRUE13C2608A,20260319,0.3,0.31,0.27,0.29,10743700
TRUE13P2607A,20260319,0.11,0.11,0.1,0.11,1168200
TRUE13P2608A,20260319,0.46,0.47,0.44,0.46,4956500
TRUE19C2604A,20260319,0.14,0.14,0.14,0.14,100
TRUE19C2607A,20260319,0.5,0.51,0.47,0.47,97900
TRUE19C2608A,20260319,0.28,0.29,0.26,0.27,11510300
TRUE41C2607A,20260319,0.38,0.38,0.35,0.35,1000
TRUE41C2607B,20260319,0.38,0.39,0.36,0.36,1360800
TRUE41C2608A,20260319,0.27,0.28,0.25,0.25,1000
TRUE41C2612T,20260319,0.33,0.34,0.31,0.32,2377800
TRUE41P2607A,20260319,0.07,0.07,0.07,0.07,20000
TTB01C2608A,20260319,0.12,0.13,0.12,0.13,300
TTB13C2607A,20260319,0.13,0.13,0.13,0.13,5154400
TTB13C2608A,20260319,0.11,0.11,0.11,0.11,2882900
TU01P2605A,20260319,0.16,0.18,0.16,0.18,1396600
TU13C2607A,20260319,0.07,0.07,0.07,0.07,228400
TU13C2608A,20260319,0.17,0.18,0.15,0.15,8221300
TU13P2608A,20260319,0.33,0.35,0.33,0.35,1160800
TU19C2607A,20260319,0.08,0.08,0.07,0.07,300600
VGI01C2606A,20260319,0.02,0.02,0.02,0.02,200200
VGI01C2608A,20260319,0.12,0.12,0.11,0.11,64600
VGI13C2605A,20260319,0.01,0.01,0.01,0.01,468000
VGI13C2607A,20260319,0.08,0.08,0.07,0.07,1330600
VGI13C2608A,20260319,0.07,0.08,0.07,0.08,449100
VGI13C2608B,20260319,0.18,0.18,0.16,0.16,752100
VGI19C2607A,20260319,0.14,0.14,0.12,0.12,997800
VGI41C2605A,20260319,0.01,0.01,0.01,0.01,20000
VGI41C2607A,20260319,0.07,0.07,0.07,0.07,20000
VGI41C2608A,20260319,0.07,0.07,0.06,0.06,15400
VGI41C2612T,20260319,0.03,0.03,0.03,0.03,100
VGI41C2703T,20260319,0.29,0.29,0.28,0.29,300
WHA01C2608A,20260319,0.31,0.31,0.27,0.27,3207000
WHA01C2610T,20260319,0.62,0.62,0.57,0.57,4224600
WHA01P2608A,20260319,0.55,0.59,0.55,0.59,1535400
WHA13C2608A,20260319,0.41,0.41,0.36,0.36,5353300
WHA13C2701T,20260319,0.52,0.52,0.51,0.51,901000
WHA13P2608A,20260319,0.65,0.69,0.65,0.69,2538200
WHA19C2607A,20260319,0.33,0.33,0.29,0.29,6666000
WHA41C2608A,20260319,0.37,0.37,0.35,0.35,580700
WHA41C2608T,20260319,0.19,0.19,0.17,0.17,2003000
WHA41C2612T,20260319,0.34,0.34,0.33,0.33,20300
WHA41C2701T,20260319,0.49,0.49,0.47,0.47,1970300
WHA41P2608A,20260319,0.59,0.59,0.59,0.59,200000
WUXI41C2609A,20260319,0.26,0.26,0.25,0.25,600
XIAOMI28C2606A,20260319,0.16,0.16,0.15,0.15,1324200
XIAOMI41C2606A,20260319,0.35,0.35,0.31,0.31,2600
XIAOMI41C2609T,20260319,0.6,0.61,0.58,0.58,1000
ZIJIN41C2606A,20260319,0.13,0.13,0.12,0.13,2001200
AAPL01,20260319,24.3,24.5,24,24.2,43229
AAPL03,20260319,2.76,2.78,2.72,2.72,28112
AAPL19,20260319,5.5,5.55,5.45,5.5,20060
AAPL80,20260319,8.25,8.3,8.15,8.15,146021
ABBV19,20260319,7.1,7.1,6.85,6.95,359115
ABNB06,20260319,4.28,4.32,4.28,4.32,3842
ADBE03,20260319,1.84,1.85,1.79,1.8,6587
ADBE06,20260319,2.08,2.08,2,2,815233
ADVANT19,20260319,4.98,4.98,4.92,4.92,60387
ADVANT23,20260319,3.4,3.4,3.26,3.34,37046
AFRM03,20260319,1.95,2.04,1.8,1.83,92587
AIA06,20260319,3.5,3.5,3.42,3.48,49631
AIA19,20260319,3.48,3.48,3.48,3.48,1
AIA23,20260319,2.68,2.7,2.66,2.68,162731
AMD03,20260319,3.24,3.32,3.24,3.3,137
AMD80,20260319,1.29,1.32,1.27,1.28,18771581
AMGN06,20260319,2.92,2.92,2.86,2.9,2547
AMZN01,20260319,20.5,20.5,20.1,20.1,4628
AMZN03,20260319,3.48,3.48,3.44,3.44,264
AMZN06,20260319,1.74,1.75,1.71,1.71,87578
AMZN80,20260319,1.75,1.77,1.7,1.7,5158004
ANTA13,20260319,2,2,1.98,1.98,15205
ANTA23,20260319,2.02,2.06,2.02,2.06,55839
APLD03,20260319,2.98,2.98,2.9,2.9,7341
APPL03,20260319,2.5,2.56,2.4,2.4,31561
ASEMI24,20260319,2.48,2.52,2.46,2.5,324154
ASICS23,20260319,2.7,2.7,2.62,2.66,148514
ASML01,20260319,38,38,35.75,35.75,174586
ASTS03,20260319,3.14,3.14,2.96,2.98,569450
AVGO80,20260319,2.08,2.12,2.06,2.06,790451
AXP06,20260319,2.44,2.48,2.42,2.42,43729
BABA01,20260319,12.7,12.8,12.5,12.6,36503
BABA06,20260319,5.6,5.6,5.45,5.55,2521
BABA13,20260319,2.32,2.32,2.26,2.28,15920
BABA23,20260319,3.74,3.76,3.68,3.72,2143660
BABA80,20260319,5.6,5.6,5.45,5.45,6491179
BAC03,20260319,3.12,3.12,3.08,3.08,26383
BDX06,20260319,1.75,1.76,1.69,1.72,367631
BIDU01,20260319,11.4,11.5,11.2,11.5,29761
BIDU06,20260319,4.98,4.98,4.92,4.92,13709
BIDU23,20260319,2.38,2.38,2.34,2.38,91935
BIDU80,20260319,4.96,5,4.9,4.92,4848815
BILIBILI01,20260319,4.02,4.02,3.9,3.9,2669562
BIREN23,20260319,5.35,5.45,5.2,5.25,103870
BKNG03,20260319,2.42,2.44,2.42,2.42,506
BKNG80,20260319,2.9,2.9,2.84,2.86,74609
BLK06,20260319,3.16,3.18,3.12,3.12,43256
BONDAS19,20260319,6.4,6.45,6.4,6.4,3603
BRKB80,20260319,1.6,1.61,1.58,1.58,1313806
BYDCOM01,20260319,0.97,0.99,0.97,0.98,775043
BYDCOM80,20260319,0.44,0.44,0.43,0.43,16206235
CAMBRI80,20260319,4.98,5.05,4.92,4.96,57236
CATL01,20260319,6.15,6.15,6.05,6.05,4893460
CATL23,20260319,11,11,10.6,10.6,283374
CATL80,20260319,27,27.25,26.25,26.25,115067
CHHONGQ19,20260319,14.8,14.9,14.4,14.4,146174
CHMOBILE19,20260319,3.32,3.34,3.3,3.34,274911
CHMOBILE23,20260319,2.58,2.58,2.58,2.58,24729
CHNXT5023,20260319,7.25,7.35,7.15,7.25,241435
CMBANK23,20260319,2.28,2.3,2.28,2.3,207
CME03,20260319,3.4,3.42,3.38,3.4,2642
CN01,20260319,22.6,22.7,22.4,22.4,48593
CN23,20260319,5.75,5.85,5.7,5.7,759
CNBIO24,20260319,1.42,1.43,1.41,1.42,12015
CNEV24,20260319,2.36,2.36,2.34,2.34,25052
CNROBOAI23,20260319,2.46,2.48,2.44,2.46,201745
CNSEMI23,20260319,2.6,2.68,2.58,2.68,7889
CNSTAR5023,20260319,6.75,6.8,6.75,6.75,4336
CNTECH01,20260319,26.5,26.75,26.25,26.25,66185
COSTCO19,20260319,32.5,32.5,32.25,32.25,9375
CRM01,20260319,3.54,3.54,3.52,3.52,44428
CRM06,20260319,2.54,2.56,2.52,2.56,502
CRM80,20260319,6.4,6.4,6.3,6.3,12019
CRSP03,20260319,3.3,3.3,3.14,3.16,33920
CRWD06,20260319,2.84,2.88,2.84,2.84,24371
CRWD80,20260319,14,14.4,14,14.2,269061
CRWV03,20260319,2.72,2.78,2.64,2.7,205188
CSCO06,20260319,3.22,3.26,3.18,3.2,10751
CYPC80,20260319,13,13,13,13,5200
DASH03,20260319,2.74,2.78,2.72,2.72,323
DBS19,20260319,14.7,14.8,14.6,14.6,35124
DDOG19,20260319,4.24,4.36,4.22,4.26,197879
DELL19,20260319,4.96,5.05,4.78,4.86,313012
DISNEY19,20260319,16.4,16.4,16.2,16.3,4147
DUOL06,20260319,2.1,2.1,2.04,2.04,403741
E1VFVN3001,20260319,40.75,41,40,40.25,341937
EOSE03,20260319,0.93,0.94,0.85,0.86,1490136
ESTEE80,20260319,0.97,0.97,0.94,0.95,6550270
EXPE06,20260319,3.12,3.16,3.12,3.16,26223
FANUC23,20260319,2.28,2.32,2.22,2.32,47890
FERRARI80,20260319,1.1,1.1,1.06,1.06,81323
FPTVN11,20260319,1.94,1.94,1.9,1.92,96176
FPTVN19,20260319,9.75,9.75,9.6,9.65,540905
FUEVFVND01,20260319,45.5,45.75,45.25,45.25,131828
GAC03,20260319,2.82,2.82,2.8,2.8,5
GANFENG23,20260319,2.4,2.42,2.32,2.4,14563
GASVN11,20260319,4.46,4.48,4.38,4.42,53063
GDS23,20260319,2.68,2.7,2.62,2.62,120620
GEELY06,20260319,3.08,3.1,3.08,3.08,282
GEELY80,20260319,7.65,7.8,7.6,7.7,158231
GIGA23,20260319,6.2,6.35,6,6,151754
GOLD03,20260319,3.64,3.64,3.52,3.52,922131
GOLD19,20260319,14.5,14.6,14.1,14.2,1818908
GOLDUS03,20260319,3.7,3.7,3.54,3.58,286144
GOLDUS19,20260319,49,49.25,47.25,47.25,925977
GOOG80,20260319,5.05,5.1,4.98,4.98,5508165
GOOGL01,20260319,29.75,30,29.25,29.5,85179
GOOGL03,20260319,5.05,5.1,5,5.05,225976
GRAB80,20260319,12.5,12.5,12.2,12.2,25388
GSUS06,20260319,3.76,3.8,3.74,3.76,40532
HAIERS19,20260319,10.3,10.3,10.2,10.3,51554
HANSOH19,20260319,5.45,5.45,5.45,5.45,20025
HERMES80,20260319,6.95,7,6.75,6.75,589059
HIMS03,20260319,4.02,4.04,3.72,3.74,1539766
HK01,20260319,21.7,21.7,21.6,21.6,29907
HK13,20260319,5.45,5.7,5.45,5.55,1100
HKCE01,20260319,24.8,24.9,24.7,24.7,33400
HKEX23,20260319,2.16,2.16,2.14,2.14,14138
HKTECH13,20260319,4.18,4.2,4.14,4.14,26688
HONDA19,20260319,2.7,2.7,2.66,2.68,40881
HOOD03,20260319,2.46,2.46,2.46,2.46,2
HOOD06,20260319,2.5,2.5,2.42,2.42,187852
HOOD80,20260319,2.5,2.5,2.44,2.44,28150
HORIZON23,20260319,1.94,1.94,1.9,1.91,188317
HPG19,20260319,3.34,3.34,3.32,3.32,5011
HSHD23,20260319,6.95,7,6.9,6.9,32783
HUAHONG23,20260319,5.4,5.5,5.25,5.3,2994419
IBM06,20260319,3.34,3.34,3.3,3.3,6407
ICBC06,20260319,2.72,2.8,2.72,2.76,248762
ICBC19,20260319,2.72,2.76,2.72,2.74,19352
IFLYTEK80,20260319,2.4,2.4,2.4,2.4,4000
INDIA01,20260319,13,13.1,12.8,12.9,116890
INDIAESG19,20260319,4.08,4.08,4,4.02,86193
INTEL03,20260319,2.9,2.98,2.86,2.96,43988
IONQ03,20260319,2.18,2.22,2.1,2.14,255933
ISRG01,20260319,3.5,3.5,3.46,3.48,54442
ISRG06,20260319,3.1,3.16,3.1,3.14,1304
ISRG19,20260319,3.9,3.92,3.9,3.92,410
ITOCHU19,20260319,7.15,7.15,6.95,7,14813
JAP03,20260319,3.54,3.54,3.46,3.46,5352
JAPAN10001,20260319,26.25,26.5,26,26.5,33674
JAPAN13,20260319,4.82,4.86,4.8,4.84,5985
JD80,20260319,4.66,4.66,4.46,4.48,604273
JDHEAL19,20260319,4.2,4.2,4.14,4.18,46439
JEPI19,20260319,6.3,6.35,6.2,6.25,884660
JGRO19,20260319,9.4,9.4,9.4,9.4,203
JNJ03,20260319,3.88,3.92,3.86,3.92,49899
JPMUS06,20260319,3.12,3.16,3.1,3.12,379008
JPMUS19,20260319,18.8,19,18.8,18.9,2246
JTEK19,20260319,9.1,9.1,9.1,9.1,2003
KEYENCE23,20260319,2.18,2.2,2.18,2.2,4200
KINGSOFT23,20260319,1.73,1.74,1.7,1.73,7788
KIOXIA23,20260319,2.9,3.1,2.78,2.92,2882866
KO80,20260319,2.52,2.54,2.48,2.48,205655
KUAISH01,20260319,2.96,2.96,2.9,2.9,64878
KUAISH06,20260319,2.34,2.36,2.32,2.32,5525
KUAISH23,20260319,1.68,1.69,1.63,1.64,7853691
KUAISH80,20260319,2.36,2.36,2.28,2.28,7417739
LENOVO13,20260319,2.12,2.12,2.06,2.06,52
LLY80,20260319,1.52,1.52,1.48,1.48,9319731
LOREAL80,20260319,1.32,1.33,1.29,1.3,69800
LPGOLD13,20260319,2.7,2.8,2.68,2.78,4325
LULU06,20260319,2.54,2.74,2.54,2.72,275601
LVMH01,20260319,11.2,11.2,10.8,10.9,161282
MA80,20260319,1.63,1.63,1.6,1.61,308401
MEITUAN19,20260319,1.12,1.13,1.12,1.12,276893
MEITUAN23,20260319,2.14,2.14,2.14,2.14,507
MEITUAN80,20260319,3.36,3.38,3.34,3.36,730560
MELI06,20260319,2.26,2.26,2.2,2.2,455254
META01,20260319,5.95,6,5.9,5.95,82539
META06,20260319,2.52,2.54,2.52,2.52,52584
META80,20260319,2.54,2.54,2.5,2.5,1043468
MICRON01,20260319,9.6,9.65,8.95,9.05,3490487
MICRON03,20260319,5.1,5.15,4.8,4.82,205513
MICRON19,20260319,10.3,10.3,9.6,9.65,126022
MICRON80,20260319,15.3,15.4,14.4,14.4,82188
MITSU19,20260319,10.1,10.1,9.95,10,20492
MNSO80,20260319,14,14,13.9,14,2012
MNST06,20260319,3.58,3.6,3.48,3.5,12438
MRVL06,20260319,2.98,2.98,2.86,2.88,59177
MRVL80,20260319,2.98,2.98,2.86,2.86,86090
MS06,20260319,3.46,3.5,3.44,3.48,68307
MSFT01,20260319,3.84,3.84,3.76,3.78,1962218
MSFT03,20260319,2.6,2.6,2.58,2.58,11913
MSFT06,20260319,3.24,3.26,3.2,3.22,447979
MSFT19,20260319,4.32,4.32,4.28,4.3,34619
MSFT80,20260319,6.5,6.55,6.35,6.4,1354617
MSN11,20260319,3.7,3.78,3.7,3.76,61085
MSN19,20260319,3.12,3.12,3.12,3.12,37
MUFG19,20260319,5.5,5.55,5.5,5.55,11159
MUFG23,20260319,2.26,2.26,2.24,2.24,668
MWG11,20260319,4.12,4.14,4.08,4.12,5449
MWG19,20260319,10.3,10.3,10,10.1,140567
NAURA23,20260319,2.46,2.48,2.44,2.48,3026532
NAURA80,20260319,22,22,21.9,21.9,50165
NBIS03,20260319,3.82,4,3.68,3.8,911264
NDAQ06,20260319,2.8,2.82,2.78,2.8,18672
NDX01,20260319,20.9,20.9,20.7,20.9,139415
NEM06,20260319,3.58,3.58,3.24,3.28,315366
NET03,20260319,3.5,3.76,3.5,3.72,64035
NETEASE80,20260319,7.7,7.75,7.65,7.7,7271
NFLX06,20260319,3.08,3.1,3.08,3.1,5393
NFLX80,20260319,3.08,3.12,3.06,3.08,1389577
NIKE80,20260319,0.9,0.9,0.88,0.88,805949
NIKKEI80,20260319,11.6,11.6,11.3,11.5,377
NINTENDO19,20260319,20.1,20.2,20,20,5237
NINTENDO23,20260319,1.79,1.79,1.73,1.73,15310
NONGFU80,20260319,1.79,1.81,1.79,1.8,373
NOVOB80,20260319,1.24,1.24,1.21,1.22,6141473
NOW19,20260319,3.78,3.78,3.72,3.72,4363
NVDA01,20260319,17.4,17.6,17.3,17.4,216898
NVDA03,20260319,3.96,3.98,3.94,3.94,31317
NVDA06,20260319,3.96,3.98,3.9,3.9,72456
NVDA19,20260319,23.8,23.8,23.6,23.6,1604
NVDA80,20260319,29.75,30,29.25,29.25,185417
NVTS03,20260319,3.28,3.28,2.92,2.94,810177
OIL03,20260319,3.22,3.32,3.2,3.28,8966040
ONON03,20260319,2.6,2.64,2.56,2.56,75916
ORCL01,20260319,3.18,3.18,3.1,3.1,229158
ORCL06,20260319,2.02,2.02,1.98,1.98,1495511
ORCL19,20260319,5.1,5.1,4.96,4.98,149174
PANW80,20260319,5.5,5.6,5.5,5.55,105246
PEP80,20260319,1.03,1.03,1,1.01,239651
PETROCN80,20260319,4.4,4.5,4.4,4.48,136143
PFIZER19,20260319,17.8,17.9,17.6,17.7,32249
PINGAN01,20260319,5.9,6.1,5.85,5.9,2254
PINGAN80,20260319,2.56,2.6,2.56,2.56,2248813
PLTR01,20260319,4.6,4.62,4.5,4.5,109085
PLTR03,20260319,3.36,3.42,3.32,3.32,114990
PLTR06,20260319,3.38,3.42,3.28,3.28,358903
POPMART23,20260319,2.18,2.18,2.12,2.12,514535
POPMART80,20260319,9.15,9.15,8.9,8.9,310829
PYPL06,20260319,3,3,2.9,2.92,18546
QCOM06,20260319,2.16,2.18,2.12,2.12,2811232
QQQM19,20260319,16.2,16.2,16,16.1,18942741
RBLX06,20260319,1.57,1.62,1.57,1.59,728827
REMX03,20260319,2.92,2.92,2.72,2.74,126223
RGTI03,20260319,2.62,2.64,2.52,2.52,1052070
RKLB03,20260319,4.94,4.98,4.58,4.6,2719247
SANOFI80,20260319,2.86,2.88,2.84,2.86,149910
SANRIO23,20260319,1.65,1.65,1.64,1.64,77010
SBUX80,20260319,1.57,1.57,1.51,1.52,190317
SEMB19,20260319,5.2,5.3,5.2,5.25,84617
SENSE23,20260319,2.14,2.14,2.12,2.12,111509
SGX19,20260319,5,5,4.98,5,38001
SHOP03,20260319,2.74,2.74,2.72,2.72,74
SHOP06,20260319,2.06,2.08,2.02,2.04,200973
SIA19,20260319,16.9,17,16.8,16.8,7248
SIL03,20260319,3.06,3.06,2.7,2.74,700830
SINGTEL80,20260319,13.1,13.1,13,13.1,19454
SINOBIO19,20260319,5.05,5.05,5,5,10066
SMCI03,20260319,2.04,2.06,2,2,2497
SMFG19,20260319,10.7,10.7,10.6,10.7,210
SMIC01,20260319,3.62,3.62,3.54,3.58,31526
SMIC03,20260319,2.52,2.52,2.52,2.52,100
SMIC13,20260319,1.77,1.77,1.75,1.77,3818
SMIC23,20260319,2.98,3,2.92,2.94,6651551
SNDK03,20260319,6,6.25,5.9,5.9,2262402
SNOW06,20260319,2.84,2.88,2.8,2.84,31905
SOFTBANK23,20260319,1.42,1.44,1.39,1.42,584922
SONY80,20260319,3.38,3.38,3.34,3.36,26633
SP50001,20260319,21.8,22.1,21.7,21.7,96593
SP500US19,20260319,12.8,12.8,12.6,12.7,118276
SP500US80,20260319,2.56,2.56,2.54,2.54,148204
SPBOND80,20260319,8.35,8.45,8.3,8.3,48654
SPCOM80,20260319,3.76,3.78,3.76,3.78,30
SPENGY80,20260319,3.78,3.86,3.78,3.86,197191
SPFIN80,20260319,16.1,16.2,16,16.1,1752
SPHLTH80,20260319,4.86,4.86,4.8,4.84,15605
SPOT06,20260319,2.14,2.16,2.1,2.1,106225
SPTECH80,20260319,9.1,9.1,9,9.05,736
STAR5001,20260319,39,39,38.5,38.75,26226
STEG19,20260319,28.5,28.75,28.5,28.5,37312
SUNNY19,20260319,2.34,2.36,2.32,2.34,160608
SUSHI23,20260319,2.98,3,2.96,2.96,97305
SYNP03,20260319,2.8,2.84,2.78,2.8,5229
TAIWAN19,20260319,32.25,32.25,31.5,31.75,29755
TAIWANAI13,20260319,14.5,14.5,14,14,22051
TAIWANHD13,20260319,24.1,24.1,24,24.1,154
TEL23,20260319,3,3.02,2.98,2.98,28103
TEL80,20260319,8.1,8.1,8.1,8.1,72
TENCENT01,20260319,4.94,4.94,4.88,4.88,253989
TENCENT06,20260319,2.16,2.18,2.16,2.16,14974
TENCENT13,20260319,4.44,4.44,4.32,4.44,4219
TENCENT19,20260319,10.9,10.9,10.8,10.8,20463
TENCENT23,20260319,2.42,2.42,2.4,2.4,560025
TENCENT80,20260319,21.8,21.8,21.5,21.5,1135436
THAIBEV19,20260319,11.3,11.3,11.1,11.2,37254
TME23,20260319,1.09,1.1,1.07,1.09,2925493
TOYOTA80,20260319,6.85,6.9,6.8,6.9,11550
TRIPCOM23,20260319,1.7,1.7,1.68,1.68,20103
TRIPCOM80,20260319,1.7,1.71,1.66,1.67,11019194
TRVUS06,20260319,3.94,3.98,3.94,3.98,503
TSLA01,20260319,38.25,38.75,37.5,37.5,34615
TSLA03,20260319,4.34,4.38,4.3,4.3,9160
TSLA80,20260319,2.62,2.64,2.56,2.56,5093222
UBER06,20260319,2.54,2.54,2.5,2.5,666386
UBTECH23,20260319,1.73,1.73,1.69,1.69,865021
UNH19,20260319,4.64,4.7,4.64,4.68,230859
UNIQLO80,20260319,13.2,13.2,13,13.1,20621
UOB19,20260319,9.45,9.55,9.45,9.55,176098
USTR24,20260319,1.17,1.2,1.17,1.2,87893
VCB11,20260319,3,3,2.98,3,5430
VCB19,20260319,7.45,7.5,7.4,7.4,21328
VENTURE19,20260319,4.06,4.06,4,4,15049
VHM19,20260319,12.6,12.7,12.6,12.7,4125
VISA06,20260319,1.26,1.26,1.22,1.23,176631
VISA80,20260319,1.25,1.26,1.23,1.24,532149
VNFIN24,20260319,1.8,1.82,1.8,1.8,25331
VNM19,20260319,7.7,7.7,7.65,7.65,12757
VT03,20260319,3.1,3.1,3.06,3.08,39260
WMT06,20260319,4.06,4.06,4,4.04,3048
WORLD03,20260319,3.72,3.78,3.72,3.72,10006
WORLDA01,20260319,4.58,4.62,4.5,4.5,345235
WUXI06,20260319,3.64,3.64,3.56,3.6,17473
WUXIAT80,20260319,4.5,4.54,4.48,4.52,22141
XIAOMI01,20260319,3.48,3.5,3.42,3.46,463034
XIAOMI13,20260319,3.16,3.18,3.12,3.14,35696
XIAOMI19,20260319,7.55,7.75,7.55,7.55,99980
XIAOMI23,20260319,1.85,1.87,1.81,1.81,16204657
XIAOMI80,20260319,15.3,15.4,14.9,14.9,4070863
XPENG03,20260319,3.16,3.2,3.16,3.16,275805
ZAI23,20260319,7.25,7.3,6.8,6.85,474326
ZIJIN13,20260319,2.6,2.6,2.48,2.48,40095
ZIJIN23,20260319,2.26,2.3,2.2,2.3,26565
ZIJIN80,20260319,14.6,14.7,14.1,14.2,453883
ZJINNO80,20260319,2.76,2.82,2.72,2.76,642406
ACC-W2-O,20260319,0.04,0.04,0.04,0.04,66
ASW-W3-O,20260319,0.82,0.82,0.82,0.82,2
BC-W4-O,20260319,0.04,0.04,0.04,0.04,2
BRI-W1-O,20260319,0.31,0.31,0.31,0.31,3
BWG-W7-O,20260319,0.05,0.06,0.05,0.05,518
CHASE-W1-O,20260319,0.16,0.16,0.16,0.16,10
CHAYO-W4-O,20260319,0.24,0.24,0.18,0.23,100
COMAN-W1-O,20260319,0.05,0.05,0.05,0.05,4
DCON-W4-O,20260319,0.01,0.01,0.01,0.01,1
DEMCO-W8-O,20260319,0.42,0.42,0.12,0.12,50
EA-W1-O,20260319,0.56,0.57,0.01,0.52,310
EMPIRE-W1-O,20260319,0.05,0.05,0.05,0.05,7
EMPIRE-W2-O,20260319,0.11,0.11,0.11,0.11,12
IMH-W1-O,20260319,0.01,0.01,0.01,0.01,58
JAS-W4-O,20260319,0.27,0.27,0.26,0.26,200
KASET-W1-O,20260319,0.08,0.17,0.08,0.16,585
MGI-W1-O,20260319,0.52,0.52,0.52,0.52,21
NER-W2-O,20260319,0.02,0.03,0.02,0.02,243
NOBLE-W3-O,20260319,0.16,0.17,0.16,0.16,201
ORI-W2-O,20260319,0.28,0.29,0.28,0.28,371
PROEN-W2-O,20260319,0.16,0.16,0.16,0.16,1
PSTC-W3-O,20260319,0.02,0.02,0.02,0.02,4
PTECH-W1-O,20260319,0.03,0.03,0.03,0.03,99
QDC-W3-O,20260319,0.07,0.07,0.07,0.07,20
STELLA-W6-O,20260319,0.01,0.01,0.01,0.01,3
TCC-W5-O,20260319,0.09,0.09,0.09,0.09,7
TEAMG-W1-O,20260319,0.06,0.06,0.05,0.05,5
TFG-W4-O,20260319,3.36,3.4,3.02,3.02,230
TGE-W2-O,20260319,0.05,0.06,0.05,0.06,114
TNITY-W2-O,20260319,0.2,0.2,0.2,0.2,14
TPL-W1-O,20260319,0.07,0.07,0.07,0.07,1
TVDH-W5-O,20260319,0.01,0.01,0.01,0.01,30
UREKA-W3-O,20260319,0.11,0.11,0.11,0.11,98
VIBHA-W5-O,20260319,0.06,0.07,0.06,0.06,158
XBIO-W7-O,20260319,0.01,0.01,0.01,0.01,33
XBIO-W8-O,20260319,0.1,0.12,0.1,0.12,1070
ZIGA-W2-O,20260319,0.04,0.04,0.04,0.04,31
A5-W5,20260319,0.09,0.09,0.09,0.09,34200
ACC-W2,20260319,0.05,0.05,0.04,0.05,614100
ASW-W3,20260319,0.82,0.87,0.81,0.85,13800
BC-W4,20260319,0.04,0.04,0.04,0.04,100000
BE8-W1,20260319,0.48,0.5,0.43,0.43,170700
BR-W1,20260319,0.02,0.02,0.01,0.01,151100
BTC-W7,20260319,0.01,0.02,0.01,0.02,1626400
BTS-W8,20260319,0.01,0.01,0.01,0.01,10100
BWG-W7,20260319,0.06,0.06,0.05,0.05,456800
CHASE-W1,20260319,0.16,0.18,0.16,0.18,500
CHAYO-W4,20260319,0.27,0.27,0.24,0.25,631800
CIG-W10,20260319,0.07,0.07,0.07,0.07,300
CIG-W9,20260319,0.01,0.01,0.01,0.01,3500
COMAN-W1,20260319,0.05,0.06,0.05,0.06,44000
DCON-W4,20260319,0.01,0.02,0.01,0.02,6295800
DEMCO-W8,20260319,0.42,0.45,0.42,0.42,461800
EA-W1,20260319,0.55,0.57,0.52,0.52,6019800
EMPIRE-W1,20260319,0.07,0.07,0.06,0.07,10500
EMPIRE-W2,20260319,0.12,0.12,0.12,0.12,16700
GLORY-W1,20260319,0.13,0.13,0.12,0.13,302400
HYDRO-W2,20260319,0.1,0.1,0.08,0.09,1190800
IMH-W1,20260319,0.02,0.02,0.01,0.01,2800
IROYAL-W1,20260319,1.56,1.57,1.49,1.49,198600
IROYAL-W2,20260319,1.06,1.15,1.05,1.07,65400
ITEL-W5,20260319,0.05,0.05,0.03,0.05,551600
ITEL-W6,20260319,0.17,0.18,0.17,0.18,94100
J-W3,20260319,0.03,0.03,0.02,0.02,25100
J-W4,20260319,0.03,0.03,0.03,0.03,242300
JAS-W4,20260319,0.27,0.28,0.26,0.26,9539800
K-W3,20260319,0.02,0.03,0.01,0.01,91700
KASET-W1,20260319,0.08,0.17,0.08,0.16,67645100
KGEN-W2,20260319,0.09,0.09,0.08,0.09,11600
KUN-W3,20260319,0.05,0.05,0.04,0.05,31000
MADAME-W6,20260319,0.09,0.09,0.08,0.09,90100
MGI-W1,20260319,0.5,0.54,0.48,0.49,411600
NER-W2,20260319,0.04,0.04,0.03,0.03,2337600
NOBLE-W3,20260319,0.18,0.18,0.16,0.16,6620400
NRF-W2,20260319,0.07,0.08,0.07,0.08,1219600
ORI-W2,20260319,0.29,0.3,0.28,0.29,613600
PEER-W2,20260319,0.01,0.01,0.01,0.01,15000
PLANET-W2,20260319,0.23,0.25,0.23,0.25,8600
PLANET-W3,20260319,0.23,0.28,0.23,0.28,20500
PPPM-W6,20260319,0.06,0.06,0.04,0.04,234300
PROEN-W2,20260319,0.17,0.17,0.15,0.15,594200
PROS-W1,20260319,0.01,0.01,0.01,0.01,800
PROUD-W3,20260319,0.15,0.15,0.14,0.14,112900
PSTC-W3,20260319,0.03,0.03,0.03,0.03,8600
PTECH-W1,20260319,0.28,0.28,0.23,0.23,900
QDC-W3,20260319,0.08,0.09,0.07,0.08,17500
ROCTEC-W5,20260319,0.01,0.01,0.01,0.01,200
SAMTEL-W2,20260319,0.44,0.44,0.43,0.43,4700
SGC-W2,20260319,0.22,0.23,0.22,0.23,85200
STELLA-W6,20260319,0.02,0.04,0.02,0.04,128600
TAKUNI-W2,20260319,0.27,0.27,0.26,0.27,7100
TCC-W5,20260319,0.19,0.2,0.18,0.19,529900
TEAMG-W1,20260319,0.07,0.07,0.04,0.04,8597800
TFG-W4,20260319,3.36,3.42,2.98,2.98,7047700
TGE-W2,20260319,0.05,0.06,0.05,0.05,596800
TNITY-W2,20260319,0.21,0.21,0.2,0.2,112000
TRUBB-W3,20260319,0.29,0.29,0.27,0.27,2820900
TVDH-W5,20260319,0.01,0.02,0.01,0.01,6600
UREKA-W3,20260319,0.17,0.2,0.17,0.18,104600
VGI-W3,20260319,0.01,0.02,0.01,0.02,4300
VIBHA-W5,20260319,0.06,0.07,0.06,0.06,2435000
VIH-W1,20260319,0.88,0.92,0.81,0.91,49000
WAVE-W4,20260319,0.01,0.01,0.01,0.01,400
XBIO-W6,20260319,0.03,0.03,0.03,0.03,1000
XBIO-W7,20260319,0.02,0.02,0.02,0.02,6100
XBIO-W8,20260319,0.11,0.12,0.11,0.12,33431800
ZIGA-W2,20260319,0.05,0.05,0.04,0.05,1079800
!AGRO,20260319,305.03,305.91,298.94,298.94,49507330000
!CONSUMP,20260319,45.53,45.95,44.26,44.28,4462390000
!FINCIAL,20260319,154.01,154.61,152.69,152.78,59137150000
!INDUS,20260319,59.42,60.22,58.56,59.6,21604900000
!PROPCON,20260319,71.26,71.64,70.27,70.53,68344840000
!RESOURC,20260319,159.62,162.35,159.62,160.72,144959370000
!SERVICE,20260319,272.99,274.37,267.25,267.25,82005990000
!TECH,20260319,593.81,602.2,584.21,585.86,53870240000
$AGRI,20260319,210.35,213.14,206.98,206.98,21809030000
$AUTO,20260319,292.11,293.6,290.17,290.17,3397250000
$BANK,20260319,495.83,498.24,492.86,493.4,38109980000
$COMM,20260319,19716,19793.8,19225.2,19231.6,24515240000
$CONMAT,20260319,4857.48,4919.29,4802.18,4851.27,5034660000
$CONS,20260319,36.32,36.44,34.87,34.95,20371210000
$ENERG,20260319,18206.8,18518.1,18206.8,18332.1,144959370000
$ETRON,20260319,30390.5,30936.3,29710.9,29820.5,15593440000
$FASHION,20260319,498.47,498.6,484.6,484.74,766660000
$FIN,20260319,1909.58,1915.13,1863.92,1863.92,19496720000
$FOOD,20260319,8417.18,8444.36,8244.98,8244.98,27698300000
$HELTH,20260319,4186.17,4219.42,4124.32,4124.32,13585620000
$HOME,20260319,15.66,15.7,15.51,15.6,1247630000
$ICT,20260319,231.57,234.83,230.05,230.76,38276800000
$IMM,20260319,18.48,18.48,18.27,18.3,736790000
$INSUR,20260319,8538.77,8538.77,8385.04,8426.37,1530450000
$MEDIA,20260319,15.37,15.44,15.01,15.01,8458800000
$PAPER,20260319,2095.78,2109.85,2081.72,2081.72,16870000
$PERSON,20260319,77.98,79.24,75.38,75.55,2448100000
$PETRO,20260319,608.6,626.72,596.95,618.85,12281220000
$PF&REIT,20260319,131.01,131.38,130.16,130.55,1395210000
$PKG,20260319,2159.72,2190.64,2119.12,2119.28,3926650000
$PROF,20260319,135.16,135.68,130.76,131.53,6157210000
$PROP,20260319,163.05,163.67,159.97,160.72,41543760000
$STEEL,20260319,18.65,18.75,18.41,18.56,1246120000
$TOURISM,20260319,406.47,407.09,392.04,392.04,6338820000
$TRANS,20260319,201.18,202.53,197.56,197.56,22950300000
MAI,20260319,220.06,220.52,216.66,216.66,320578597
SET,20260319,1431.36,1442.04,1416.61,1417.45,10382908612
SET100,20260319,2029.24,2045.97,2007.89,2011.34,3237510500
SET50,20260319,949.15,957.83,940.46,942.83,2071463800
SETHD,20260319,1298.21,1308.01,1292.58,1298.23,1039150300
ADVANC-F,20260319,378,379,375,375,39900
CPF-F,20260319,19.8,19.8,19.8,19.8,1600
GULF-F,20260319,56.5,56.5,55.25,55.25,9500
IMPACT-F,20260319,10.8,10.8,10.8,10.8,500
KTB-F,20260319,34.5,34.5,34,34.25,10600
KTC-F,20260319,29.5,29.5,29,29,274600
OR-F,20260319,11.3,11.3,11.1,11.1,302400
SCB-F,20260319,144.5,144.5,144,144,36900
TTB-F,20260319,2.22,2.24,2.22,2.22,340700
!AGRO-M,20260319,59.77,59.98,58.92,58.92,6948580000
!CONSUMP-M,20260319,12.32,12.37,12.09,12.09,1098250000
!FINCIAL-M,20260319,31.66,31.9,31.29,31.31,583980000
!INDUS-M,20260319,39.51,39.7,39.23,39.23,6114310000
!PROPCON-M,20260319,16.35,16.43,15.97,16.02,1400900000
!RESOURC-M,20260319,16.79,17.14,16.38,16.38,1944360000
!SERVICE-M,20260319,43.38,43.38,42.57,42.58,5707100000
!TECH-M,20260319,19.38,19.45,19.19,19.2,884130000
SET100FF,20260319,1934.46,1948.36,1913.88,1917.35,323751050000
SET50FF,20260319,907.5,914.59,898.91,901.17,207146380000
SETCLMV,20260319,640.75,645.45,631.7,633.79,175555120000
SETESG,20260319,850.86,855.79,842.26,843.73,260152910000
SETWB,20260319,569.16,571.95,554.13,554.13,62194200000
SSET,20260319,585.6,586.5,576.31,576.52,31745770000
