<TICKER>,<DTYYYYMMDD>,<OPEN>,<HIGH>,<LOW>,<CLOSE>,<VOL>
1DIV-O,20260323,11.85,13,11.85,12,126
2I01BSET50-O,20260323,3.42,3.42,3.42,3.42,49
2X01BSET50-O,20260323,6.42,6.42,6.39,6.39,28
BMSCITH-O,20260323,11.52,11.52,11.44,11.44,11
BSET100-O,20260323,10.23,10.3,10.23,10.24,135
CHINA-O,20260323,6.98,6.98,6.82,6.83,78
GLD-O,20260323,5.74,5.75,5.45,5.59,2616
TDEX-O,20260323,9.13,9.25,9.07,9.09,577
1DIV,20260323,11.96,11.96,11.84,11.88,58000
1I01BSET50,20260323,4.16,4.16,4.15,4.16,5500
2I01BSET50,20260323,3.41,3.43,3.38,3.42,1595500
2X01BSET50,20260323,6.36,6.42,6.34,6.34,697400
ABFTH,20260323,1370,1370,1370,1370,3100
BMSCG,20260323,7.52,7.52,7.46,7.46,400
BMSCITH,20260323,11.7,11.7,11.43,11.47,167800
BSET100,20260323,10.25,10.3,10.2,10.21,78800
CHINA,20260323,6.98,6.98,6.82,6.86,89000
GLD,20260323,5.71,5.75,5.42,5.61,17008900
TDEX,20260323,9.15,9.19,9.06,9.06,635900
UBOT,20260323,12.8,12.8,12.7,12.7,1200
2S,20260323,2.54,2.56,2.4,2.54,130100
3BBIF,20260323,6.5,6.55,6.5,6.5,4329200
88TH,20260323,5,5.1,4.7,4.78,2791400
A5,20260323,1.84,1.84,1.81,1.83,2400
AAI,20260323,3.34,3.5,3.34,3.42,4044800
AAV,20260323,1.06,1.07,1.05,1.06,62861300
ABM,20260323,0.58,0.59,0.57,0.58,17900
ACC,20260323,0.39,0.39,0.37,0.37,6606500
ACE,20260323,1.3,1.3,1.28,1.29,476900
ACG,20260323,0.63,0.63,0.62,0.62,23400
ADB,20260323,0.6,0.6,0.57,0.57,306400
ADD,20260323,3.5,3.5,3.4,3.48,7300
ADVANC,20260323,374,375,366,366,7426800
ADVICE,20260323,5.45,5.45,5.35,5.35,1533400
AE,20260323,0.08,0.09,0.07,0.08,2857100
AEONTS,20260323,88.5,88.5,87.25,87.5,660800
AF,20260323,0.35,0.36,0.35,0.36,2300
AFC,20260323,3.04,3.08,3.04,3.08,800
AGE,20260323,1.37,1.52,1.37,1.5,40138800
AH,20260323,13,13,12.4,12.6,216500
AHC,20260323,13.3,13.3,13.3,13.3,100
AI,20260323,2.94,2.94,2.9,2.9,283200
AIE,20260323,1.35,1.37,1.31,1.33,6102200
AIMCG,20260323,1.29,1.29,1.27,1.29,113400
AIMIRT,20260323,10.8,10.9,10.7,10.8,330700
AIRA,20260323,1.13,1.15,1.13,1.15,16100
AIT,20260323,4.84,4.84,4.78,4.78,940200
AJ,20260323,2.38,2.62,2.38,2.56,13326200
AJA,20260323,0.16,0.17,0.16,0.17,1933000
AKP,20260323,0.7,0.7,0.67,0.68,2180100
AKR,20260323,0.9,0.91,0.89,0.89,3548300
ALLA,20260323,1.22,1.23,1.2,1.2,73600
ALLY,20260323,4.3,4.32,4.28,4.28,257000
ALPHAX,20260323,0.46,0.47,0.45,0.46,2456000
ALT,20260323,1.07,1.09,0.96,1.02,2075600
AMA,20260323,3.92,3.92,3.84,3.84,566600
AMANAH,20260323,0.63,0.64,0.61,0.62,2915700
AMARC,20260323,3.22,3.28,3.1,3.24,4042200
AMATA,20260323,18.5,18.7,18.1,18.3,10506500
AMATAR,20260323,6.65,6.65,6.55,6.6,43300
AMATAV,20260323,2,2,1.98,1.99,104600
AMC,20260323,2.1,2.1,2.1,2.1,57000
AMR,20260323,0.32,0.33,0.32,0.32,130900
ANAN,20260323,0.36,0.37,0.36,0.36,703500
ANI,20260323,2.66,2.66,2.52,2.6,41500
AOT,20260323,47.5,48,47.25,47.75,41734600
AP,20260323,8.45,8.5,8.2,8.2,9354800
APCO,20260323,2.74,2.78,2.72,2.76,15800
APCS,20260323,1.2,1.2,1.2,1.2,200
APO,20260323,2.46,2.64,2.46,2.48,9111900
APP,20260323,2.64,2.64,2.58,2.58,713700
APURE,20260323,2.38,2.52,2.36,2.36,1429500
AQUA,20260323,0.13,0.14,0.1,0.13,24637200
ARIN,20260323,0.48,0.51,0.46,0.48,2481300
ARIP,20260323,0.45,0.45,0.42,0.43,409500
ARROW,20260323,5.15,5.2,5.15,5.15,11300
AS,20260323,2.64,2.72,2.62,2.62,1460700
ASAP,20260323,1.13,1.14,1.13,1.13,22000
ASEFA,20260323,3.98,4,3.94,4,38900
ASIAN,20260323,7,7.05,6.95,7,248700
ASIMAR,20260323,1.46,1.46,1.44,1.44,60700
ASK,20260323,8.25,8.25,7.95,8,281100
ASN,20260323,0.65,0.66,0.54,0.66,17600
ASP,20260323,2.02,2.04,2.02,2.02,490800
ASW,20260323,7.35,7.35,7.1,7.2,266400
ATLAS,20260323,1.79,1.79,1.71,1.72,3985100
ATP30,20260323,0.84,0.84,0.82,0.84,592100
AU,20260323,4.78,4.8,4.7,4.74,406000
AUCT,20260323,5.05,5.05,4.98,5,649100
AURA,20260323,12.9,12.9,12.4,12.5,2581400
AWC,20260323,1.98,1.98,1.96,1.96,78802600
AXTRART,20260323,12.3,12.4,12.1,12.1,706200
AYUD,20260323,36.75,36.75,36,36.25,11500
B,20260323,0.04,0.04,0.03,0.04,2368600
B-WORK,20260323,5.3,5.35,5.25,5.35,117300
B52,20260323,0.27,0.27,0.25,0.25,29600
BA,20260323,13.3,13.3,12.8,12.8,9892200
BAFS,20260323,8.2,8.25,8.05,8.25,194000
BAM,20260323,6.8,6.85,6.65,6.65,15469800
BANPU,20260323,6.2,6.5,6.2,6.3,298656200
BAREIT,20260323,10.6,10.7,10.2,10.3,1157200
BAY,20260323,25.25,25.5,25,25.25,188100
BBGI,20260323,4.34,4.42,4.18,4.18,4853400
BBIK,20260323,18.4,18.4,17.8,17.9,1266400
BBL,20260323,164,165,163.5,163.5,5828400
BC,20260323,0.7,0.72,0.65,0.7,34800
BCH,20260323,9.6,9.65,9.25,9.35,19387500
BCP,20260323,38.75,39.25,37.75,37.75,5419900
BCPG,20260323,6.4,6.4,6.25,6.25,12930700
BCT,20260323,43.25,43.75,43,43.75,500
BDMS,20260323,18.5,18.7,18.2,18.3,100267000
BE8,20260323,5.55,5.6,5.4,5.5,181900
BEAUTY,20260323,0.35,0.35,0.33,0.34,2477700
BEC,20260323,1.97,1.97,1.92,1.93,833600
BEM,20260323,5.15,5.15,5,5.1,36745800
BEYOND,20260323,8.55,8.55,8.4,8.45,201300
BGC,20260323,4.46,4.58,4.46,4.56,295500
BGRIM,20260323,10.4,10.6,10.3,10.3,21242800
BGT,20260323,0.38,0.38,0.36,0.38,26300
BH,20260323,158.5,160,156.5,157,6187900
BIG,20260323,0.29,0.29,0.28,0.29,871800
BIOTEC,20260323,0.33,0.37,0.32,0.35,67703100
BIS,20260323,2.04,2.04,1.99,2.04,4600
BIZ,20260323,4.56,4.6,4.54,4.54,218900
BJC,20260323,13.5,13.6,13.3,13.3,8623400
BJCHI,20260323,0.59,0.59,0.57,0.58,88300
BKA,20260323,0.82,0.82,0.79,0.8,678700
BKD,20260323,1.09,1.09,1.06,1.08,77900
BKGI,20260323,1.28,1.3,1.28,1.3,191500
BKIH,20260323,310,310,307,310,12300
BLA,20260323,19,19.2,18.9,19.2,942900
BLAND,20260323,0.42,0.42,0.4,0.41,18392600
BLC,20260323,3.84,3.9,3.76,3.86,1039900
BLESS,20260323,0.22,0.24,0.22,0.23,1083100
BM,20260323,1,1,0.98,0.99,1008300
BOFFICE,20260323,5.2,5.2,5.1,5.15,237300
BOL,20260323,5,5.05,4.94,4.94,173300
BPP,20260323,13,13.2,12.7,12.8,1433900
BPS,20260323,0.43,0.43,0.41,0.41,56300
BR,20260323,1.63,1.63,1.59,1.61,280400
BRI,20260323,1.34,1.34,1.3,1.33,107900
BRR,20260323,3.98,4.1,3.94,3.98,901500
BRRGIF,20260323,3.72,3.72,3.68,3.7,307500
BSBM,20260323,0.56,0.57,0.55,0.55,74100
BSM,20260323,0.42,0.42,0.4,0.4,200
BTC,20260323,0.19,0.19,0.18,0.18,14589000
BTG,20260323,20.2,20.3,19.4,19.6,7011300
BTNC,20260323,19.6,20.3,19.6,19.7,5900
BTS,20260323,2,2.02,1.98,1.99,45807400
BTSGIF,20260323,2.54,2.56,2.5,2.5,6762800
BTW,20260323,0.08,0.09,0.08,0.09,102000
BUI,20260323,10.7,10.7,10.7,10.7,20600
BVG,20260323,1.65,1.67,1.55,1.6,351800
BWG,20260323,0.33,0.33,0.3,0.31,155309800
BYD,20260323,0.5,0.51,0.49,0.49,3886500
CAZ,20260323,1.51,1.51,1.51,1.51,300
CBG,20260323,35,35.25,34.5,34.5,3168900
CCET,20260323,4.6,4.64,4.54,4.58,17185100
CCP,20260323,0.26,0.26,0.25,0.25,710800
CEN,20260323,0.56,0.56,0.53,0.54,113300
CENTEL,20260323,30.5,31,29.75,31,8468300
CFARM,20260323,0.78,0.82,0.77,0.77,4398000
CFRESH,20260323,0.92,0.98,0.89,0.94,3315700
CGD,20260323,0.11,0.11,0.11,0.11,603500
CGH,20260323,0.43,0.43,0.42,0.42,4016200
CH,20260323,1.61,1.61,1.57,1.58,28000
CHAO,20260323,4.38,4.58,4.36,4.36,127300
CHARAN,20260323,16,16,16,16,1600
CHASE,20260323,0.47,0.47,0.46,0.46,1077000
CHAYO,20260323,1.02,1.02,0.97,0.99,2889700
CHEWA,20260323,0.19,0.2,0.17,0.19,2976500
CHG,20260323,1.41,1.42,1.36,1.36,51784800
CHIC,20260323,0.25,0.26,0.24,0.24,58000
CHOW,20260323,1.26,1.26,1.21,1.24,60000
CI,20260323,0.33,0.33,0.31,0.33,753600
CIG,20260323,0.02,0.03,0.02,0.03,142500
CIVIL,20260323,0.8,0.82,0.76,0.77,185000
CK,20260323,15.2,15.2,14.6,14.7,4848900
CKP,20260323,2.2,2.26,2.2,2.22,5394500
CM,20260323,1.65,1.67,1.64,1.66,157600
CMAN,20260323,2.58,2.58,2.52,2.58,342400
CMC,20260323,0.37,0.37,0.35,0.37,105000
CMO,20260323,0.8,0.8,0.68,0.7,1737800
CMR,20260323,1.37,1.38,1.35,1.36,136800
CNT,20260323,1.03,1.03,1.02,1.02,9000
COCOCO,20260323,5.6,5.6,5.4,5.45,1181400
COLOR,20260323,1,1.01,1,1.01,11800
COM7,20260323,21.5,21.9,21.3,21.6,14034400
COMAN,20260323,0.61,0.61,0.6,0.6,200
CPALL,20260323,44.25,44.75,43.75,43.75,40276100
CPANEL,20260323,1.99,2,1.99,2,14300
CPAXT,20260323,15.1,15.2,14.5,14.6,31328900
CPF,20260323,19.5,19.7,19.2,19.2,41194200
CPH,20260323,8.05,8.1,7.9,8,12300
CPI,20260323,3.72,3.76,3.66,3.68,3198300
CPL,20260323,0.6,0.62,0.6,0.61,99500
CPN,20260323,60.75,62,60.5,61.25,11359700
CPNCG,20260323,6.2,6.2,6.1,6.1,594200
CPNREIT,20260323,11.6,11.6,11.4,11.5,2567300
CPR,20260323,2.66,2.76,2.64,2.66,11000
CPT,20260323,0.96,0.99,0.96,0.99,200
CPTREIT,20260323,5.55,5.55,5.5,5.5,78300
CPW,20260323,2.2,2.2,2.1,2.1,54400
CRANE,20260323,0.39,0.4,0.39,0.39,349800
CRC,20260323,17.8,18,17.4,17.7,27555100
CRD,20260323,0.35,0.35,0.34,0.34,10600
CREDIT,20260323,17.5,17.5,16.9,16.9,419900
CSC,20260323,43.25,43.25,43,43,4600
CSP,20260323,0.39,0.41,0.36,0.4,355700
CSR,20260323,69,70,69,70,300
CSS,20260323,0.77,0.77,0.76,0.77,315000
CTARAF,20260323,4.56,4.58,4.56,4.58,65000
CTW,20260323,3.68,3.68,3.48,3.56,28400
CWT,20260323,0.83,0.84,0.8,0.81,474800
D,20260323,2.72,2.72,2.68,2.7,199700
DCC,20260323,1.21,1.21,1.2,1.21,187200
DCON,20260323,0.2,0.21,0.2,0.21,249100
DDD,20260323,5.4,5.6,5.4,5.5,4300
DELTA,20260323,255,262,255,260,13745400
DEMCO,20260323,2.44,2.44,2.36,2.36,14600
DHOUSE,20260323,0.38,0.38,0.37,0.38,6600
DIF,20260323,9.5,9.5,9.4,9.4,12233000
DIMET,20260323,0.05,0.06,0.05,0.05,6380800
DITTO,20260323,10.6,10.6,10.1,10.1,1880900
DMT,20260323,11.1,11.1,11,11,798300
DOD,20260323,1.7,1.71,1.66,1.67,627400
DOHOME,20260323,3.1,3.1,3.02,3.04,8422300
DPAINT,20260323,0.64,0.68,0.64,0.64,314100
DREIT,20260323,4.76,4.76,4.68,4.7,126500
DRT,20260323,4.66,4.68,4.6,4.6,559300
DTCENT,20260323,0.86,0.86,0.84,0.86,500000
DUSIT,20260323,10,10,9.9,9.9,255000
DV8,20260323,5.3,5.3,4.7,4.72,895800
EA,20260323,2.54,2.56,2.5,2.5,18450800
EASON,20260323,1.1,1.1,1.07,1.1,191300
EAST,20260323,0.64,0.64,0.62,0.62,458500
EASTW,20260323,2.6,2.64,2.56,2.58,568300
EFORL,20260323,0.13,0.14,0.12,0.13,9832900
EGATIF,20260323,6.1,6.15,6.05,6.15,758600
EGCO,20260323,107.5,108.5,107,107.5,796100
EKH,20260323,5,5,4.96,4.96,583200
EMC,20260323,0.02,0.03,0.02,0.02,686300
EMPIRE,20260323,0.54,0.54,0.51,0.52,3361800
EP,20260323,1.16,1.16,1.14,1.15,567000
EPG,20260323,3.08,3.08,3,3,2589600
ERW,20260323,2.36,2.38,2.3,2.34,34238400
ESTAR,20260323,0.22,0.22,0.21,0.22,5641200
ETC,20260323,0.69,0.72,0.68,0.71,49823800
ETE,20260323,0.59,0.6,0.59,0.59,66900
ETL,20260323,0.5,0.5,0.49,0.49,114200
EURO,20260323,4.18,4.22,4.1,4.22,100900
EVER,20260323,0.05,0.05,0.04,0.05,416800
FANCY,20260323,0.31,0.31,0.27,0.3,406100
FLOYD,20260323,1.09,1.09,1.08,1.09,204200
FM,20260323,3.98,4.02,3.92,3.96,1386300
FMT,20260323,18.5,19.1,18.5,18.5,4400
FN,20260323,0.42,0.43,0.41,0.42,25300
FNS,20260323,0.59,0.59,0.54,0.55,228300
FORTH,20260323,6.35,6.35,6.2,6.25,696700
FPI,20260323,1.67,1.67,1.62,1.63,125800
FPT,20260323,6,6,5.9,6,17900
FSMART,20260323,6.05,6.15,6,6.05,1001700
FSX,20260323,1.25,1.31,1.22,1.27,34800
FTE,20260323,2,2,1.98,1.99,171000
FTI,20260323,1.9,1.9,1.73,1.86,6100
FTREIT,20260323,10.8,10.9,10.6,10.6,1507000
FUTURERT,20260323,8.85,8.95,8.85,8.85,149000
FVC,20260323,0.34,0.34,0.32,0.34,623100
GABLE,20260323,3.86,3.88,3.82,3.86,414500
GAHREIT,20260323,4.24,4.3,4.16,4.2,75700
GBX,20260323,0.55,0.55,0.53,0.53,239200
GC,20260323,4.4,4.56,4.4,4.48,544100
GCAP,20260323,0.27,0.27,0.25,0.25,316900
GEL,20260323,0.04,0.04,0.03,0.04,1449500
GENCO,20260323,0.29,0.31,0.28,0.29,363400
GFC,20260323,2.9,3,2.84,2.84,14600
GFPT,20260323,9,9.05,8.95,9,1737000
GGC,20260323,4.2,4.2,4,4.2,49700
GJS,20260323,0.12,0.13,0.12,0.12,155800
GLOBAL,20260323,5.85,5.85,5.4,5.55,26777700
GLORY,20260323,0.58,0.6,0.57,0.57,19100
GPI,20260323,1.65,1.68,1.64,1.65,195800
GPSC,20260323,30.25,31,30,30,15977300
GRAMMY,20260323,3.78,3.78,3.66,3.66,200
GREEN,20260323,0.61,0.61,0.57,0.58,164700
GROREIT,20260323,8.1,8.1,7.9,7.95,43700
GTB,20260323,0.74,0.75,0.71,0.72,564600
GTV,20260323,0.03,0.04,0.03,0.03,2317200
GULF,20260323,55.75,55.75,54.75,54.75,36300600
GUNKUL,20260323,2.28,2.32,2.22,2.26,69820500
GVREIT,20260323,6.4,6.4,6.35,6.4,182100
HANA,20260323,24,25.5,23.9,24.7,31484700
HANN,20260323,0.96,0.96,0.93,0.93,1317600
HARN,20260323,1.99,2.02,1.99,2.02,81200
HEALTH,20260323,0.4,0.42,0.4,0.41,35200
HENG,20260323,0.89,0.89,0.87,0.88,2087200
HFT,20260323,4.34,4.4,4.24,4.38,453800
HL,20260323,6.45,6.5,6.4,6.4,95500
HMPRO,20260323,5.9,6,5.85,5.95,43232400
HPF,20260323,5.4,5.4,5.25,5.4,248800
HTC,20260323,15.7,15.7,15.4,15.5,467000
HTECH,20260323,2.7,2.76,2.7,2.72,576900
HUMAN,20260323,4.3,4.3,4.04,4.06,3330100
HYDRO,20260323,2.62,2.62,2.48,2.54,21700
HYDROGEN,20260323,8.15,8.2,8.15,8.15,120000
I2,20260323,0.64,0.64,0.63,0.63,323800
ICC,20260323,25,25,24.7,24.7,1200
ICHI,20260323,12,12.2,11.9,12,13311000
ICN,20260323,1.65,1.69,1.63,1.65,261500
IDG,20260323,1.46,1.49,1.44,1.46,211100
IFS,20260323,1.89,1.89,1.87,1.89,10600
IHL,20260323,1.44,1.44,1.42,1.43,5000
IIG,20260323,1.41,1.41,1.37,1.37,168200
III,20260323,3.92,3.92,3.76,3.78,616500
ILINK,20260323,4.54,4.56,4.52,4.56,156800
ILM,20260323,13.1,13.2,12.9,13.1,540200
IMH,20260323,3.04,3.04,2.9,3,34800
IMPACT,20260323,10.8,10.9,10.6,10.7,221700
IND,20260323,1.16,1.16,1.12,1.14,408700
INET,20260323,3.48,3.58,3.48,3.5,515600
INETREIT,20260323,12.2,12.3,12.1,12.2,2580600
INGRS,20260323,0.28,0.36,0.27,0.36,14449400
INOX,20260323,0.39,0.4,0.39,0.39,788500
INSET,20260323,2.5,2.56,2.46,2.46,4641400
IP,20260323,4.1,4.16,4,4,187200
IRC,20260323,11.2,11.4,11,11.2,70400
IRCP,20260323,0.26,0.26,0.24,0.25,262800
IROYAL,20260323,5.95,6,5.5,5.5,719600
IRPC,20260323,1.8,1.82,1.7,1.71,346162900
ISSARA,20260323,7.35,7.5,7.2,7.5,4000
IT,20260323,4,4,3.96,3.98,53400
ITC,20260323,13.9,14,13.7,13.9,3506200
ITD,20260323,0.22,0.22,0.2,0.22,14679600
ITEL,20260323,1.15,1.17,1.14,1.14,1093900
ITNS,20260323,1.73,1.73,1.69,1.72,79300
ITTHI,20260323,1.19,1.19,1.16,1.17,95100
IVF,20260323,0.58,0.58,0.5,0.54,5111700
IVL,20260323,22.8,24.5,22.5,24.4,63033100
J,20260323,0.62,0.63,0.61,0.63,69200
JAK,20260323,0.8,0.8,0.8,0.8,1100
JAS,20260323,1.17,1.18,1.14,1.14,23309000
JCK,20260323,0.13,0.13,0.12,0.13,2672100
JCT,20260323,80,80,79.25,79.5,1200
JDF,20260323,1.71,1.75,1.71,1.73,917700
JMART,20260323,6.6,6.6,6.35,6.35,3540000
JMT,20260323,8.05,8.1,7.95,7.95,7129400
JPARK,20260323,2.9,2.9,2.8,2.82,997300
JR,20260323,1.73,1.73,1.7,1.73,112700
JSP,20260323,1.95,1.95,1.89,1.93,176400
JTS,20260323,55,55.5,52.75,53.75,633300
JUBILE,20260323,7.1,7.1,7.05,7.1,2200
K,20260323,0.98,1,0.97,1,20000
KAMART,20260323,8.25,8.4,8.2,8.2,1044900
KASET,20260323,0.76,0.86,0.74,0.81,8818500
KBANK,20260323,187,188,186.5,186.5,12788900
KBS,20260323,5.95,6.1,5.85,5.95,1166700
KBSPIF,20260323,8.3,8.35,8.25,8.25,128300
KC,20260323,0.03,0.03,0.02,0.03,331600
KCAR,20260323,4.74,4.74,4.72,4.74,21900
KCC,20260323,2,2,1.95,1.96,29200
KCE,20260323,21.6,22.1,21.2,21.2,31344900
KCG,20260323,9.45,9.45,9.15,9.15,1035300
KCM,20260323,0.16,0.17,0.15,0.16,263000
KGEN,20260323,1.2,1.21,1.16,1.18,540200
KGI,20260323,4.28,4.3,4.24,4.28,2406200
KIAT,20260323,0.33,0.33,0.32,0.32,1315000
KISS,20260323,3.26,3.26,3.06,3.16,1303000
KJL,20260323,5.75,5.75,5.65,5.65,20800
KK,20260323,1.01,1.02,0.98,0.98,323900
KKP,20260323,71.5,72,71.25,71.5,2353700
KLINIQ,20260323,23.8,23.8,22.8,23.2,258000
KOOL,20260323,0.28,0.28,0.27,0.27,672800
KSL,20260323,1.61,1.7,1.59,1.7,24113800
KTB,20260323,34.25,34.25,33.75,33.75,33249400
KTBSTMR,20260323,5.4,5.45,5.35,5.4,78500
KTC,20260323,28.25,28.5,28,28,20374000
KTIS,20260323,2.04,2.12,2,2.06,2313100
KTMS,20260323,1.63,1.63,1.51,1.55,1444300
KUMWEL,20260323,1.06,1.08,1.04,1.04,146800
KUN,20260323,0.7,0.71,0.66,0.71,53900
KWC,20260323,279,279,279,279,100
KWM,20260323,0.84,0.86,0.81,0.86,263900
KYE,20260323,289,289,285,286,3100
L&E,20260323,1.18,1.24,1.06,1.21,119100
LALIN,20260323,4.62,4.62,4.56,4.56,86900
LANNA,20260323,15.5,16.5,15.5,16.4,10793000
LDC,20260323,0.25,0.26,0.24,0.25,616900
LEE,20260323,2.74,2.74,2.72,2.72,720800
LEO,20260323,1.81,1.82,1.8,1.8,82500
LH,20260323,3.64,3.7,3.64,3.66,31199000
LHFG,20260323,1.02,1.02,1,1.01,3587400
LHHOTEL,20260323,12.6,12.7,12.5,12.5,690200
LHK,20260323,3.36,3.4,3.36,3.38,90300
LHRREIT,20260323,4.24,4.24,4.16,4.18,23900
LHSC,20260323,14,14,13.8,14,632400
LIT,20260323,0.6,0.61,0.59,0.61,35500
LOXLEY,20260323,1.33,1.37,1.32,1.34,476500
LPH,20260323,3.72,3.72,3.66,3.68,73500
LPN,20260323,1.58,1.58,1.55,1.57,542700
LST,20260323,4.64,4.88,4.64,4.74,576300
LTMH,20260323,4.78,4.78,4.76,4.78,1900
LTS,20260323,2.16,2.16,2.04,2.1,230900
LUXF,20260323,8.8,8.85,8.75,8.85,29300
M,20260323,19,19,18.3,18.3,2197100
M-CHAI,20260323,18.4,18.4,18,18,20800
M-PAT,20260323,1.16,1.16,1.15,1.16,192900
MADAME,20260323,0.6,0.64,0.59,0.61,4191600
MAGURO,20260323,20.1,20.1,19.3,19.3,659100
MAJOR,20260323,7.1,7.25,6.9,7.2,4624100
MALEE,20260323,4.02,4.08,4,4,1371100
MASTEC,20260323,1.19,1.2,1.16,1.19,469300
MASTER,20260323,8.7,8.7,8.3,8.3,657800
MATCH,20260323,0.96,0.98,0.96,0.98,300
MATI,20260323,3.1,3.1,3.06,3.1,1800
MBAX,20260323,2,2.18,1.98,2.04,1126100
MBK,20260323,17.2,17.3,16.7,16.8,2977300
MC,20260323,10.9,10.9,10.6,10.8,3080500
MCA,20260323,1.16,1.16,1.12,1.15,174900
MCOT,20260323,5.9,6.1,5.9,6,353800
MCS,20260323,9.35,9.4,9.2,9.25,1044000
MDX,20260323,2.28,2.3,2.22,2.24,116500
MEB,20260323,13.9,14,13.7,13.8,273800
MEDEZE,20260323,6.15,6.2,6.05,6.1,769800
MEGA,20260323,32.5,32.5,31.5,31.5,662000
MENA,20260323,0.65,0.65,0.63,0.64,656700
METCO,20260323,264,264,260,260,9300
MFC,20260323,22.5,22.5,22.1,22.3,80200
MFEC,20260323,5.9,5.9,5.8,5.85,103200
MGC,20260323,4.2,4.2,4.1,4.2,19700
MGI,20260323,5.25,5.3,5.1,5.1,67900
MGT,20260323,1.9,1.91,1.89,1.9,65700
MICRO,20260323,0.88,0.88,0.78,0.79,1147300
MIDA,20260323,0.24,0.28,0.24,0.24,783900
MII,20260323,4.8,4.8,4.78,4.78,15400
MINT,20260323,20.8,21.2,20.6,21,29025700
MIPF,20260323,9.3,9.4,9.3,9.35,700
MITSIB,20260323,0.55,0.55,0.53,0.55,128300
MJD,20260323,0.33,0.34,0.33,0.34,55200
MJLF,20260323,5.1,5.1,5,5.05,110200
MK,20260323,0.52,0.54,0.51,0.52,4500
ML,20260323,0.42,0.43,0.42,0.42,35800
MMM,20260323,2.84,2.84,2.8,2.82,270700
MNIT,20260323,1.88,1.95,1.87,1.92,3800
MNRF,20260323,2.08,2.08,2.08,2.08,100
MODERN,20260323,2.08,2.08,2.04,2.04,72200
MONO,20260323,0.99,1,0.96,0.96,4973400
MOONG,20260323,2.16,2.2,2.16,2.2,80800
MORE,20260323,0.03,0.04,0.03,0.04,3046600
MOSHI,20260323,33.25,33.5,32.75,33,311200
MOTHER,20260323,1.12,1.12,1.07,1.09,791200
MPJ,20260323,3.92,3.92,3.88,3.9,141500
MRDIYT,20260323,8.5,8.55,8.2,8.2,3108000
MSC,20260323,6.8,6.8,6.5,6.55,5400
MST,20260323,6.95,6.95,6.8,6.8,8700
MTC,20260323,28,28.5,27,27.25,24171700
MTI,20260323,15.2,15.3,15.1,15.1,21400
MTW,20260323,0.79,0.82,0.78,0.8,632100
MUD,20260323,0.75,0.75,0.75,0.75,200
NAM,20260323,3.66,3.8,3.62,3.8,12100
NAT,20260323,2.24,2.24,2.18,2.2,7400
NATION,20260323,0.04,0.05,0.04,0.04,1543800
NC,20260323,1.89,1.89,1.85,1.85,1300
NCAP,20260323,2.5,2.5,2.42,2.44,1804400
NCH,20260323,0.38,0.39,0.37,0.37,95200
NCL,20260323,0.23,0.23,0.22,0.23,533100
NCP,20260323,0.93,0.95,0.93,0.95,87900
NDR,20260323,1.47,1.47,1.41,1.41,10500
NEO,20260323,19.1,19.2,18.2,18.4,630300
NEP,20260323,0.21,0.21,0.2,0.2,17800
NER,20260323,4.66,4.74,4.64,4.7,13429800
NETBAY,20260323,18.4,18.4,17.9,17.9,423800
NEX,20260323,0.98,0.99,0.97,0.97,11679400
NKT,20260323,4.08,4.08,3.98,4.02,440700
NL,20260323,0.64,0.65,0.62,0.64,159900
NNCL,20260323,1.55,1.55,1.5,1.53,323100
NOBLE,20260323,2.06,2.06,2,2,1076300
NOVA,20260323,8.15,8.5,8.15,8.5,200
NPK,20260323,13.6,13.6,13.6,13.6,300
NRF,20260323,0.28,0.28,0.26,0.26,718000
NSL,20260323,22,22,21.1,21.6,765900
NTF,20260323,11.7,11.8,10.8,10.8,3788000
NTSC,20260323,6.3,6.3,6.15,6.15,7100
NTV,20260323,22.1,22.2,21.9,22,26800
NUT,20260323,4.3,4.3,4.22,4.22,16300
NV,20260323,0.51,0.51,0.51,0.51,3600
NVD,20260323,0.78,0.78,0.75,0.78,2100
NYT,20260323,4.08,4.08,3.94,3.94,6580400
OHTL,20260323,265,265,262,264,500
OKJ,20260323,3.54,3.54,3.46,3.48,844300
ONEE,20260323,2.58,2.6,2.5,2.5,587900
ONSENS,20260323,1.12,1.15,1.11,1.15,389300
OR,20260323,11.2,11.2,11.1,11.1,16912100
ORI,20260323,1.81,1.81,1.72,1.72,3792700
ORN,20260323,0.77,0.77,0.75,0.77,425200
OSP,20260323,13.9,14.2,13.9,14,10195700
PACO,20260323,1.27,1.29,1.25,1.26,89800
PAF,20260323,0.65,0.65,0.62,0.63,221900
PANEL,20260323,1.21,1.22,1.21,1.22,13400
PAP,20260323,2.14,2.14,2.08,2.08,102600
PATO,20260323,6.4,6.45,6.35,6.45,40400
PB,20260323,47.75,47.75,47.75,47.75,300
PCC,20260323,2.66,2.7,2.66,2.68,238900
PCE,20260323,2.48,2.52,2.44,2.46,5240200
PCSGH,20260323,3.06,3.12,3,3.04,341000
PDG,20260323,2.94,2.96,2.94,2.96,40000
PDJ,20260323,0.99,0.99,0.89,0.93,317600
PEACE,20260323,1.71,1.76,1.7,1.7,44700
PEER,20260323,0.09,0.1,0.08,0.1,1038300
PERM,20260323,0.24,0.24,0.2,0.23,622300
PG,20260323,6.8,6.8,6.6,6.6,800
PHG,20260323,12.7,12.7,12.5,12.5,72800
PHOL,20260323,2.78,2.82,2.78,2.8,77700
PICO,20260323,4.14,4.2,4.1,4.2,4500
PIMO,20260323,0.99,1,0.99,0.99,346600
PIN,20260323,4.24,4.24,4.18,4.2,245200
PIS,20260323,3.66,3.66,3.58,3.62,441300
PJW,20260323,2.02,2.04,1.99,2.04,767000
PK,20260323,0.39,0.4,0.39,0.4,224900
PL,20260323,1.28,1.28,1.28,1.28,60000
PLANB,20260323,3.76,3.76,3.6,3.64,24845500
PLANET,20260323,0.37,0.37,0.35,0.37,142200
PLAT,20260323,1.07,1.07,1.03,1.04,1305000
PLE,20260323,0.18,0.18,0.17,0.17,2111200
PLT,20260323,0.51,0.51,0.5,0.5,394600
PLUS,20260323,1.41,1.41,1.29,1.3,826900
PM,20260323,11.4,11.4,11.1,11.1,377800
PMC,20260323,0.84,0.88,0.84,0.84,183600
PMTA,20260323,9.85,9.9,9.65,9.9,2100
POLY,20260323,6.85,7.1,6.85,7.1,7000
POPF,20260323,6.8,6.85,6.8,6.8,102000
PORT,20260323,0.53,0.53,0.51,0.51,168900
PPM,20260323,1.42,1.42,1.25,1.26,541200
PPP,20260323,0.74,0.75,0.74,0.75,8800
PPPM,20260323,0.23,0.25,0.23,0.23,1296200
PPS,20260323,0.17,0.17,0.15,0.16,1880100
PQS,20260323,1.51,1.52,1.45,1.52,360700
PR9,20260323,16,16.2,15.9,16.1,1613800
PRAKIT,20260323,11.6,11.6,11.5,11.6,17000
PRAPAT,20260323,0.72,0.72,0.7,0.71,147300
PREB,20260323,3.84,3.84,3.82,3.84,17200
PRECHA,20260323,0.47,0.47,0.46,0.47,6100
PRG,20260323,8.9,8.9,8.65,8.7,39500
PRI,20260323,3.96,4,3.82,3.82,26700
PRIME,20260323,0.06,0.06,0.05,0.05,408500
PRINC,20260323,1.76,1.85,1.76,1.79,238300
PRM,20260323,7.75,7.75,7.45,7.55,8644000
PROEN,20260323,0.97,0.99,0.96,0.96,941600
PROS,20260323,0.3,0.3,0.28,0.28,263100
PROSPECT,20260323,6.95,7,6.9,6.9,445600
PROUD,20260323,0.99,0.99,0.98,0.99,230400
PRTR,20260323,3.2,3.2,3.12,3.14,454900
PSGC,20260323,3.2,3.52,3.16,3.34,1333000
PSH,20260323,3.52,3.56,3.48,3.5,599300
PSL,20260323,6.95,7.15,6.85,6.85,6697100
PSP,20260323,4.38,4.48,4.3,4.32,210500
PSTC,20260323,0.28,0.31,0.27,0.28,15896600
PT,20260323,11.5,11.6,11.5,11.6,153800
PTC,20260323,0.61,0.63,0.6,0.63,354400
PTECH,20260323,1.66,1.71,1.66,1.71,1500
PTG,20260323,7.65,7.8,7.55,7.6,9382300
PTL,20260323,9.55,10.1,9.5,9.85,1140000
PTT,20260323,33.5,34,33.25,33.5,70474100
PTTEP,20260323,154.5,157.5,153.5,155,32040200
PTTGC,20260323,31.25,33.75,31.25,33.5,45552100
PYLON,20260323,3,3,2.9,2.96,539000
Q-CON,20260323,7.1,7.2,7.1,7.15,133800
QDC,20260323,0.1,0.15,0.1,0.15,7339100
QH,20260323,1.36,1.36,1.33,1.35,17400400
QHBREIT,20260323,3.56,3.56,3.5,3.54,246700
QHHRREIT,20260323,7.1,7.1,6.9,6.95,1268200
QHOP,20260323,2.9,3.02,2.9,3.02,300
QLT,20260323,1.47,1.5,1.47,1.5,15700
QTC,20260323,3.54,3.58,3.54,3.58,92900
QTCG,20260323,0.1,0.11,0.1,0.11,875300
RABBIT,20260323,0.33,0.33,0.31,0.31,3773800
RAM,20260323,18.7,18.7,18.4,18.6,31500
RATCH,20260323,28.25,28.25,28,28,2654000
RBF,20260323,3.54,3.54,3.46,3.5,1215700
RCL,20260323,31.75,31.75,30.25,30.25,3787400
READY,20260323,3.12,3.14,3.1,3.14,7900
RICHY,20260323,0.15,0.16,0.15,0.16,269100
RJH,20260323,12.5,12.5,12.2,12.3,193200
RML,20260323,0.14,0.14,0.12,0.12,285900
ROCK,20260323,11.3,11.3,11.3,11.3,100
ROCTEC,20260323,0.55,0.57,0.55,0.57,395800
ROJNA,20260323,4.96,5,4.96,4.98,1903500
RP,20260323,0.5,0.51,0.49,0.51,15100
RPC,20260323,0.39,0.39,0.35,0.38,19738300
RPH,20260323,4.96,4.96,4.9,4.9,200300
RS,20260323,0.15,0.16,0.14,0.15,2998500
RSP,20260323,0.93,0.93,0.89,0.9,214600
RT,20260323,0.26,0.27,0.25,0.26,1105700
RWI,20260323,0.18,0.19,0.17,0.18,251100
S,20260323,0.49,0.5,0.48,0.5,2184100
S&J,20260323,35.25,35.25,35.25,35.25,300
S11,20260323,3.84,3.84,3.3,3.52,650000
SA,20260323,7.1,7.1,7,7.1,21500
SAAM,20260323,4.76,4.88,4.76,4.86,4200
SABINA,20260323,15.4,15.4,15.1,15.2,519200
SAF,20260323,0.31,0.33,0.31,0.33,30100
SAFE,20260323,6,6.05,6,6.05,42100
SAK,20260323,3.3,3.3,3.24,3.24,1784800
SALEE,20260323,0.38,0.38,0.37,0.37,7000
SAMART,20260323,5.55,5.55,5.25,5.3,759200
SAMCO,20260323,0.71,0.71,0.7,0.71,29900
SAMTEL,20260323,3.7,3.8,3.5,3.8,8500
SANKO,20260323,0.83,0.83,0.8,0.8,231100
SAPPE,20260323,30,30,29.25,29.25,221200
SAT,20260323,14.3,14.3,13.9,14,1016800
SAUCE,20260323,41,41.5,40.75,40.75,15300
SAV,20260323,10.9,10.9,10.6,10.7,497800
SAWAD,20260323,22.4,22.4,21.6,21.6,18079800
SC,20260323,1.96,1.97,1.9,1.93,10519200
SCAP,20260323,1.05,1.06,1.03,1.04,3898300
SCB,20260323,144.5,145,143,143.5,20969800
SCC,20260323,178,183,177,182,3396100
SCCC,20260323,139,140,139,139,38600
SCG,20260323,2.28,2.34,2.26,2.26,10600
SCGD,20260323,5.05,5.05,5,5,346200
SCGP,20260323,17.6,18.2,17.5,18.1,11436600
SCI,20260323,0.97,0.97,0.97,0.97,2800
SCL,20260323,1.17,1.17,1.13,1.13,78600
SCM,20260323,0.12,0.13,0.11,0.12,992100
SCN,20260323,0.32,0.34,0.32,0.33,43400
SCP,20260323,7.6,7.65,7.5,7.65,111000
SDC,20260323,0.03,0.04,0.03,0.04,1695000
SE,20260323,0.45,0.47,0.45,0.47,178100
SE-ED,20260323,1.66,1.66,1.65,1.65,9000
SEAFCO,20260323,2.36,2.4,2.32,2.4,628500
SEAOIL,20260323,3.64,3.68,3.46,3.48,1708000
SECURE,20260323,11.5,11.7,11.5,11.6,70800
SEI,20260323,2.3,2.3,2.14,2.14,161500
SELIC,20260323,2.68,2.68,2.6,2.62,15800
SENA,20260323,1.89,1.89,1.85,1.88,449000
SENX,20260323,0.23,0.24,0.22,0.23,589400
SFLEX,20260323,3.06,3.08,2.84,2.9,2567100
SFT,20260323,1.72,1.72,1.67,1.68,44600
SGC,20260323,0.81,0.82,0.79,0.8,5272600
SGF,20260323,0.15,0.15,0.13,0.15,190100
SGP,20260323,8.1,8.15,8.05,8.1,445500
SHANG,20260323,45.75,45.75,45.75,45.75,100
SHR,20260323,1.52,1.52,1.48,1.48,2979500
SIAM,20260323,0.65,0.66,0.65,0.65,49200
SICT,20260323,2.32,2.34,2.3,2.32,136500
SIMAT,20260323,1.26,1.26,1.18,1.18,1846100
SINGER,20260323,4.96,4.96,4.8,4.8,2846700
SINO,20260323,0.85,0.85,0.84,0.85,81000
SIRI,20260323,1.39,1.4,1.35,1.35,105278400
SIS,20260323,21.1,21.2,20.5,20.6,881500
SISB,20260323,10.1,10.1,9.9,9.9,2922000
SITHAI,20260323,1,1,0.99,0.99,225400
SJWD,20260323,7.4,7.4,7.15,7.25,2315000
SK,20260323,0.55,0.55,0.55,0.55,7000
SKE,20260323,0.15,0.16,0.14,0.15,629700
SKIN,20260323,1.14,1.14,1.11,1.11,84900
SKN,20260323,5.6,5.7,5.55,5.55,46300
SKR,20260323,6.95,7,6.85,6.95,539500
SKY,20260323,12.8,12.8,12.2,12.2,1123100
SLP,20260323,0.4,0.4,0.39,0.39,12000
SMART,20260323,0.61,0.61,0.6,0.61,2161100
SMD100,20260323,1.85,1.85,1.77,1.77,85300
SMIT,20260323,3.52,3.52,3.48,3.48,55500
SMO,20260323,5.05,5.1,4.94,4.96,5473200
SMPC,20260323,9.1,9.1,9.05,9.1,302300
SMT,20260323,1.35,1.35,1.27,1.27,615700
SNC,20260323,5.5,5.6,5.5,5.55,184500
SNNP,20260323,7.15,7.15,6.85,6.85,859000
SNP,20260323,9.1,9.1,9,9.1,47800
SNPS,20260323,4.84,4.88,4.8,4.88,21000
SO,20260323,4.34,4.36,4.3,4.34,286300
SOLAR,20260323,0.27,0.32,0.26,0.31,27707900
SONIC,20260323,1.45,1.47,1.45,1.45,330600
SORKON,20260323,3.82,3.82,3.76,3.78,93800
SPA,20260323,3.24,3.28,3.12,3.12,766600
SPACK,20260323,1.18,1.18,1.15,1.16,109700
SPALI,20260323,16.7,16.7,16.4,16.4,3388800
SPC,20260323,55.5,55.75,55,55.25,27600
SPCG,20260323,8.75,9,8.65,8.9,1677000
SPG,20260323,11,11,11,11,1000
SPRC,20260323,7.2,7.2,7.05,7.05,17086000
SPREME,20260323,1.55,1.55,1.53,1.55,314800
SPRIME,20260323,3.44,3.44,3.4,3.4,371200
SPTX,20260323,0.01,0.01,0.01,0.01,299300
SPVI,20260323,2.64,2.64,2.54,2.54,272300
SQ,20260323,0.28,0.29,0.27,0.29,1414500
SR,20260323,0.32,0.32,0.32,0.32,12300
SRICHA,20260323,13.9,14,13.5,13.6,500500
SRIPANWA,20260323,5.15,5.25,5.05,5.1,153700
SRS,20260323,1.51,1.51,1.49,1.49,32700
SSF,20260323,5.05,5.05,5,5.05,20700
SSP,20260323,3.48,3.48,3.42,3.42,381600
SSPF,20260323,3.3,3.3,3.3,3.3,100
SSSC,20260323,2.2,2.2,2.18,2.18,148400
SST,20260323,1.36,1.36,1.3,1.3,10900
SSTRT,20260323,4.26,4.26,4.24,4.24,71800
STA,20260323,16.3,17.9,16.3,17.6,26864400
STANLY,20260323,196,196,195,195,17600
STARM,20260323,0.91,0.93,0.91,0.91,142800
STC,20260323,0.48,0.48,0.45,0.46,418600
STECH,20260323,1.04,1.04,1.01,1.02,425600
STECON,20260323,11.2,11.4,11,11.1,18140000
STELLA,20260323,0.19,0.19,0.18,0.19,3698800
STGT,20260323,9.75,10.4,9.75,10.1,11159400
STI,20260323,1.66,1.69,1.65,1.66,8100
STOWER,20260323,0.02,0.03,0.02,0.02,8934900
STP,20260323,10.6,10.6,10.3,10.4,8100
STPI,20260323,4.2,4.2,4.1,4.12,6473300
STX,20260323,1,1,0.99,0.99,548000
SUC,20260323,28.75,28.75,28.25,28.5,363800
SUN,20260323,2.72,2.78,2.68,2.68,359900
SUPER,20260323,0.1,0.11,0.09,0.1,93647100
SUPEREIF,20260323,5.65,5.7,5.65,5.7,161000
SUSCO,20260323,2.04,2.08,2.04,2.04,1442800
SUTHA,20260323,2.28,2.28,2.28,2.28,400
SVI,20260323,7.4,7.45,7.35,7.4,1548400
SVOA,20260323,1.5,1.5,1.46,1.49,457100
SVR,20260323,0.31,0.31,0.29,0.29,59100
SVT,20260323,1.27,1.27,1.25,1.26,198800
SWC,20260323,4.3,4.3,4.3,4.3,3800
SYMC,20260323,3.6,3.62,3.56,3.56,44100
SYNEX,20260323,9.2,9.25,8.95,9,2250100
SYNTEC,20260323,1.68,1.69,1.67,1.68,431700
TACC,20260323,5.35,5.35,5.2,5.25,2984500
TAE,20260323,1.06,1.28,1.03,1.28,32476200
TAKUNI,20260323,0.35,0.35,0.34,0.34,996300
TAN,20260323,4,4.04,3.98,3.98,262800
TASCO,20260323,13,13.1,12.9,12.9,2792900
TATG,20260323,0.98,0.98,0.97,0.97,579400
TBN,20260323,3.98,3.98,3.92,3.92,27900
TC,20260323,5.6,5.6,5.45,5.5,70300
TCAP,20260323,54.75,55.5,54.25,54.75,3910600
TCC,20260323,0.37,0.43,0.36,0.4,40989200
TCJ,20260323,2.3,2.34,2.3,2.34,5700
TCMC,20260323,0.33,0.33,0.31,0.31,325000
TEAM,20260323,2.56,2.56,2.46,2.46,120900
TEAMG,20260323,2.8,2.86,2.76,2.8,2207700
TEGH,20260323,3.18,3.22,3.12,3.16,1635500
TEKA,20260323,1.68,1.69,1.67,1.69,18800
TERA,20260323,1,1.01,0.98,0.98,95400
TFFIF,20260323,6.5,6.5,6.4,6.45,7058800
TFG,20260323,7.25,7.4,7.2,7.25,25992600
TFI,20260323,0.05,0.05,0.05,0.05,107100
TFM,20260323,6.1,6.1,5.95,6,1063700
TFMAMA,20260323,186.5,189,186,187,800
TGE,20260323,1.25,1.25,1.16,1.19,245900
TGH,20260323,10.2,10.4,9.95,10.2,2900
TGPRO,20260323,0.04,0.04,0.03,0.04,288600
TH,20260323,0.47,0.48,0.46,0.47,1087400
THAI,20260323,6.15,6.25,6.05,6.05,31760300
THANA,20260323,1.59,1.59,1.54,1.56,92500
THANI,20260323,1.61,1.62,1.59,1.6,8271800
THCOM,20260323,11.7,12.2,11.6,11.8,16182100
THE,20260323,0.82,0.82,0.64,0.64,65800
THG,20260323,8.15,8.25,8.1,8.25,1152000
THIP,20260323,22.5,22.5,22.1,22.4,12700
THMUI,20260323,0.31,0.32,0.31,0.32,20900
THRE,20260323,0.4,0.4,0.38,0.39,1575300
THREL,20260323,1,1,0.97,0.99,253500
TIDLOR,20260323,14.9,15,14,14.1,40283700
TIF1,20260323,7.4,7.45,7.35,7.45,2200
TIGER,20260323,0.24,0.24,0.23,0.24,72600
TIPCO,20260323,6.8,6.8,6.65,6.65,13300
TIPH,20260323,20.2,20.2,20,20,175400
TISCO,20260323,112.5,112.5,111.5,112,5888200
TITLE,20260323,7.7,7.75,7.65,7.7,289300
TK,20260323,4.16,4.16,4.1,4.1,24800
TKC,20260323,7.65,7.65,7.3,7.6,10800
TKN,20260323,3.92,3.94,3.82,3.88,1625000
TKS,20260323,6.3,6.3,6,6.05,1208300
TKT,20260323,0.64,0.65,0.64,0.65,110700
TL,20260323,0.38,0.38,0.35,0.37,728100
TLHPF,20260323,4.3,4.3,4.3,4.3,21400
TLI,20260323,10.1,10.2,10,10.1,15560000
TM,20260323,0.82,0.82,0.78,0.79,81700
TMAN,20260323,12.3,12.6,12.2,12.4,80100
TMC,20260323,0.69,0.7,0.68,0.7,10100
TMD,20260323,25,25.25,25,25,21900
TMI,20260323,0.49,0.49,0.48,0.48,185400
TMILL,20260323,2.12,2.12,2.04,2.08,50400
TMT,20260323,3.28,3.3,3.26,3.28,157700
TMW,20260323,57.5,57.5,56.5,56.75,16500
TNDT,20260323,0.16,0.17,0.16,0.16,19800
TNH,20260323,30.25,30.5,30,30.25,2800
TNITY,20260323,2.4,2.4,2.32,2.4,4800
TNP,20260323,2.76,2.76,2.68,2.68,84300
TNPC,20260323,0.88,0.88,0.81,0.81,644100
TNPF,20260323,1.01,1.01,1,1.01,20000
TNR,20260323,4.86,4.88,4.82,4.84,100100
TOA,20260323,12.5,12.5,12.2,12.4,1261800
TOG,20260323,6.65,6.75,6.65,6.7,178600
TOP,20260323,45,46,44.5,44.5,15706700
TPA,20260323,2.52,2.52,2.52,2.52,200
TPAC,20260323,9.35,9.35,9,9,317200
TPBI,20260323,3.2,3.22,3.14,3.16,507400
TPCH,20260323,2.04,2.04,1.97,1.97,971200
TPCS,20260323,10.2,10.2,10.2,10.2,200
TPIPL,20260323,0.72,0.73,0.7,0.7,23873900
TPIPP,20260323,1.83,1.84,1.8,1.81,2359500
TPL,20260323,0.45,0.46,0.44,0.46,23500
TPLAS,20260323,1.15,1.21,1.13,1.15,673800
TPOLY,20260323,0.17,0.17,0.16,0.16,466000
TPP,20260323,10.6,10.6,10.5,10.6,3700
TPRIME,20260323,7.3,7.4,7.3,7.4,2600
TPS,20260323,3.28,3.3,3.26,3.26,13300
TQM,20260323,12.7,12.8,12.4,12.4,586800
TQR,20260323,5.3,5.3,5.3,5.3,17300
TRC,20260323,0.4,0.4,0.39,0.4,231400
TRITN,20260323,0.02,0.03,0.02,0.02,4818500
TRP,20260323,4.5,4.5,4.44,4.48,57500
TRT,20260323,3.96,4.02,3.94,3.94,166000
TRU,20260323,3.92,3.92,3.92,3.92,15000
TRUBB,20260323,0.83,0.9,0.78,0.85,11528000
TRUE,20260323,13.8,13.9,13.6,13.6,172842900
TRV,20260323,1.86,1.89,1.82,1.82,9454850
TSC,20260323,14.4,14.4,14.2,14.3,6600
TSE,20260323,0.61,0.65,0.6,0.65,43235200
TSI,20260323,0.06,0.06,0.05,0.06,4900
TSTH,20260323,0.73,0.74,0.71,0.73,1901400
TTA,20260323,4.86,4.92,4.76,4.76,3533800
TTB,20260323,2.22,2.22,2.18,2.18,267596400
TTI,20260323,24.6,24.6,24.6,24.6,100
TTLPF,20260323,9.75,9.75,9.65,9.7,301200
TTT,20260323,42,42.25,42,42,800
TTW,20260323,9.1,9.1,9.05,9.05,3989300
TU,20260323,10.8,10.9,10.7,10.8,4940300
TURBO,20260323,1.47,1.5,1.4,1.4,16656800
TVDH,20260323,0.06,0.06,0.05,0.06,53200
TVH,20260323,9.05,9.05,9.05,9.05,400
TVO,20260323,24.3,24.6,24.2,24.3,1094300
TVT,20260323,0.21,0.21,0.2,0.21,95400
TWP,20260323,1.15,1.15,1.15,1.15,2600
TWPC,20260323,2.82,2.86,2.78,2.8,411500
TWZ,20260323,0.02,0.02,0.01,0.02,1134500
TYCN,20260323,1.7,1.7,1.66,1.68,1700
UAC,20260323,2.8,2.8,2.72,2.74,143800
UBA,20260323,1.08,1.08,1.06,1.07,129400
UBE,20260323,0.84,0.92,0.83,0.88,214929100
UBIS,20260323,1.12,1.12,1.06,1.09,69800
UEC,20260323,0.67,0.67,0.63,0.63,151600
UKEM,20260323,0.74,0.74,0.68,0.71,8989600
UMI,20260323,0.68,0.68,0.67,0.68,125100
UNIQ,20260323,2.52,2.52,2.42,2.42,881200
UP,20260323,27,27,26.5,26.5,27300
UPF,20260323,20.5,20.5,20.5,20.5,1400
UPOIC,20260323,7.65,7.65,6.9,7.2,138800
UREKA,20260323,0.3,0.33,0.29,0.3,12076700
UTP,20260323,7.45,7.45,7.3,7.35,304800
UV,20260323,0.85,0.85,0.82,0.83,58000
UVAN,20260323,16.2,16.4,15.7,15.8,2022500
VARO,20260323,4.32,4.32,4.32,4.32,200
VCOM,20260323,3.22,3.28,3.2,3.26,154300
VGI,20260323,0.83,0.86,0.82,0.82,77533500
VIBHA,20260323,1.39,1.39,1.37,1.37,845400
VIH,20260323,9.1,9.1,8.85,9,231000
VL,20260323,0.8,0.8,0.78,0.79,425600
VNG,20260323,1.97,1.97,1.93,1.96,3700
VPO,20260323,0.62,0.74,0.61,0.7,110938200
VRANDA,20260323,4.16,4.16,4.06,4.1,164700
VS,20260323,0.27,0.29,0.27,0.29,109600
WACOAL,20260323,17,17,17,17,200
WARRIX,20260323,1.75,1.75,1.72,1.72,321000
WASH,20260323,4.94,4.96,4.68,4.96,2974500
WAVE,20260323,0.02,0.03,0.02,0.02,884400
WFX,20260323,1.19,1.19,1.13,1.14,189700
WGE,20260323,0.78,0.78,0.74,0.74,302300
WHA,20260323,3.98,4.02,3.94,3.94,115332500
WHABT,20260323,5.65,5.65,5.6,5.6,26700
WHAIR,20260323,6.8,6.85,6.65,6.8,650600
WHART,20260323,10.2,10.3,10.1,10.1,729800
WHAUP,20260323,4.3,4.3,4.16,4.16,5366000
WICE,20260323,2.32,2.34,2.22,2.26,1933900
WIIK,20260323,0.87,0.88,0.87,0.88,8100
WIN,20260323,0.25,0.26,0.23,0.25,465200
WINDOW,20260323,0.75,0.77,0.75,0.77,12700
WINMED,20260323,0.87,0.89,0.86,0.87,21300
WINNER,20260323,2.08,2.08,2.04,2.06,364600
WORK,20260323,3.5,3.5,3.44,3.48,70100
WP,20260323,3.74,3.76,3.72,3.76,39000
WPH,20260323,6,6,5.8,5.95,610900
XBIO,20260323,0.06,0.07,0.06,0.06,4917800
XO,20260323,13.9,14,13.6,13.6,622300
XPG,20260323,0.47,0.47,0.45,0.45,12849700
XYZ,20260323,0.41,0.41,0.4,0.4,136600
YGG,20260323,0.16,0.17,0.15,0.17,2050200
YONG,20260323,0.69,0.7,0.68,0.68,27400
YUASA,20260323,14.9,14.9,14.8,14.8,11000
ZAA,20260323,1.86,1.86,1.71,1.85,1100
ZEN,20260323,5.45,5.45,5.45,5.45,2700
ZIGA,20260323,0.84,0.84,0.81,0.81,845500
2S-O,20260323,2.56,2.56,2.42,2.42,48
3BBIF-O,20260323,6.55,6.55,6.5,6.55,689
88TH-O,20260323,5.05,5.05,4.78,4.78,534
AAI-O,20260323,3.4,3.48,3.4,3.46,102
AAV-O,20260323,1.06,1.07,1.05,1.06,514
ABM-O,20260323,0.59,0.59,0.57,0.57,8
ACC-O,20260323,0.39,0.39,0.39,0.39,1
ACE-O,20260323,1.3,1.3,1.29,1.3,41
ADB-O,20260323,0.6,0.6,0.6,0.6,1
ADVANC-O,20260323,376,376,366,368,8463
ADVICE-O,20260323,5.45,5.45,5.35,5.35,89
AE-O,20260323,0.09,0.09,0.08,0.08,100
AEONTS-O,20260323,88.25,88.5,87.5,87.5,693
AF-O,20260323,0.34,0.34,0.25,0.25,30
AFC-O,20260323,3.16,3.16,3.16,3.16,1
AGE-O,20260323,1.5,1.53,1.32,1.5,549
AH-O,20260323,12.8,12.8,12.6,12.6,6
AHC-O,20260323,13.3,13.3,13.2,13.3,6
AI-O,20260323,2.96,2.96,2.92,2.94,31
AIE-O,20260323,1.35,1.35,1.3,1.35,269
AIMIRT-O,20260323,10.9,10.9,10.8,10.9,96
AIT-O,20260323,4.84,4.84,4.82,4.82,30
AJ-O,20260323,2.52,2.56,2.48,2.56,159
AJA-O,20260323,0.17,0.17,0.17,0.17,72
AKP-O,20260323,0.69,0.69,0.69,0.69,1
AKR-O,20260323,0.9,0.92,0.9,0.9,194
ALLA-O,20260323,1.23,1.23,1.23,1.23,20
ALLY-O,20260323,4.34,4.34,4.28,4.28,113
ALPHAX-O,20260323,0.45,0.45,0.45,0.45,49
ALT-O,20260323,1.09,1.09,1,1,36
ALUCON-O,20260323,218,218,218,218,3
AMA-O,20260323,4.12,4.12,3.84,3.84,182
AMANAH-O,20260323,0.63,0.63,0.62,0.62,299
AMARC-O,20260323,3.16,3.26,3.14,3.2,171
AMATA-O,20260323,19.1,19.1,18.3,18.3,1126
AMATAR-O,20260323,6.65,6.65,6.65,6.65,30
AMC-O,20260323,2.06,2.06,2.06,2.06,5
AMR-O,20260323,0.32,0.33,0.31,0.33,30
ANI-O,20260323,2.7,2.7,2.7,2.7,1
AOT-O,20260323,47.75,48,47.5,47.5,2796
AP-O,20260323,8.45,8.55,8.25,8.25,1760
APCO-O,20260323,2.72,2.72,2.68,2.68,45
APO-O,20260323,2.5,2.56,2.46,2.46,236
APP-O,20260323,2.64,2.64,2.6,2.6,72
APURE-O,20260323,2.52,2.52,2.36,2.4,35
AQUA-O,20260323,0.13,0.13,0.13,0.13,1
ARIN-O,20260323,0.51,0.51,0.5,0.5,8
ARROW-O,20260323,5.2,5.2,5.2,5.2,2
ASAP-O,20260323,1.14,1.14,1.14,1.14,1
ASEFA-O,20260323,3.94,3.96,3.94,3.96,69
ASIAN-O,20260323,7.05,7.05,6.95,7,170
ASK-O,20260323,8.15,8.2,7.4,8,214
ASN-O,20260323,0.48,0.48,0.48,0.48,29
ASP-O,20260323,2.04,2.06,2.04,2.06,44
ASW-O,20260323,6.95,7.3,6.95,7,116
ATLAS-O,20260323,1.78,1.78,1.74,1.74,107
ATP30-O,20260323,0.87,0.88,0.84,0.87,51
AU-O,20260323,4.78,4.78,4.76,4.76,184
AUCT-O,20260323,5.05,5.1,5.05,5.05,134
AURA-O,20260323,12.9,12.9,12.4,12.6,721
AWC-O,20260323,1.99,1.99,1.97,1.97,1101
AXTRART-O,20260323,12.4,12.4,12.2,12.2,147
AYUD-O,20260323,36,36.5,36,36.25,54
B-O,20260323,0.03,0.03,0.03,0.03,99
B-WORK-O,20260323,5.35,5.35,5.3,5.3,14
B52-O,20260323,0.25,0.25,0.25,0.25,1
BA-O,20260323,13.2,13.5,12.9,13,1279
BAFS-O,20260323,8.15,8.15,8.1,8.1,19
BAM-O,20260323,6.85,6.85,6.75,6.75,1117
BANPU-O,20260323,6.2,6.5,6.15,6.35,5392
BAREIT-O,20260323,10.5,10.5,10.2,10.2,167
BAY-O,20260323,25.5,25.5,25.25,25.25,405
BBGI-O,20260323,4.32,4.4,4.24,4.24,295
BBIK-O,20260323,18.1,18.5,17.8,17.9,305
BBL-O,20260323,165.5,166.5,164,164.5,2387
BCH-O,20260323,9.65,9.9,9.3,9.3,4001
BCP-O,20260323,39,39.25,38,38,1572
BCPG-O,20260323,6.35,6.6,6.3,6.35,539
BCT-O,20260323,43.25,43.25,43.25,43.25,2
BDMS-O,20260323,18.5,18.6,18.3,18.4,18854
BE8-O,20260323,5.6,5.6,5.45,5.45,33
BEAUTY-O,20260323,0.33,0.34,0.33,0.34,65
BEC-O,20260323,1.95,1.95,1.93,1.93,26
BEM-O,20260323,5.15,5.2,5.05,5.15,1123
BEYOND-O,20260323,8.5,8.5,6,8.4,80
BGC-O,20260323,4.48,4.48,4.4,4.4,6
BGRIM-O,20260323,10.5,10.8,10.3,10.4,1917
BH-O,20260323,160,160,157,157.5,7251
BIOTEC-O,20260323,0.33,0.36,0.33,0.36,160
BIS-O,20260323,2.04,2.04,2.04,2.04,2
BIZ-O,20260323,4.6,4.6,4.56,4.56,11
BJC-O,20260323,13.5,13.6,13.3,13.4,864
BKIH-O,20260323,309,310,309,309,62
BLA-O,20260323,19.1,19.1,19,19.1,78
BLAND-O,20260323,0.42,0.42,0.42,0.42,26
BLC-O,20260323,3.88,3.88,3.84,3.86,22
BM-O,20260323,0.99,1.08,0.99,0.99,142
BOFFICE-O,20260323,5.2,5.2,5.2,5.2,45
BOL-O,20260323,5.05,5.05,4.98,4.98,59
BPP-O,20260323,12.9,13.1,12.8,12.8,304
BRI-O,20260323,1.37,1.37,1.31,1.31,13
BROCK-O,20260323,1.36,1.36,1.36,1.36,2
BRR-O,20260323,3.94,4.04,3.92,3.94,114
BRRGIF-O,20260323,3.72,3.72,3.72,3.72,2
BTC-O,20260323,0.19,0.19,0.18,0.19,234
BTG-O,20260323,20.2,20.2,19.5,19.5,1187
BTS-O,20260323,1.99,2.04,1.99,2,2992
BUI-O,20260323,10.8,10.8,10.8,10.8,58
BVG-O,20260323,1.6,1.6,1.59,1.59,99
BWG-O,20260323,0.32,0.32,0.32,0.32,68
BYD-O,20260323,0.5,0.5,0.5,0.5,1
CBG-O,20260323,35,35.25,34.5,34.75,1482
CCET-O,20260323,4.62,4.62,4.56,4.56,592
CCP-O,20260323,0.25,0.25,0.22,0.22,67
CENTEL-O,20260323,30.5,31.5,30.5,30.5,515
CGD-O,20260323,0.12,0.12,0.12,0.12,4
CGH-O,20260323,0.44,0.44,0.41,0.41,164
CHAO-O,20260323,3.98,4.4,3.98,4.4,3
CHASE-O,20260323,0.48,0.48,0.45,0.45,12
CHAYO-O,20260323,1,1.01,0.99,1.01,191
CHG-O,20260323,1.42,1.43,1.37,1.38,2223
CK-O,20260323,15,15.1,14.6,14.6,605
CKP-O,20260323,2.2,2.26,2.2,2.24,105
CMC-O,20260323,0.37,0.38,0.37,0.38,19
CMR-O,20260323,1.38,1.41,1.36,1.41,78
COCOCO-O,20260323,5.5,5.7,5.4,5.6,176
COLOR-O,20260323,1.01,1.01,1.01,1.01,1
COM7-O,20260323,21.8,21.8,21.5,21.5,1280
COMAN-O,20260323,0.62,0.62,0.62,0.62,10
CPALL-O,20260323,45.5,45.5,44,44,13156
CPAXT-O,20260323,15.1,15.3,14.6,14.6,4503
CPF-O,20260323,19.6,20,19.2,19.4,3864
CPH-O,20260323,5.8,10.5,5.8,8,115
CPI-O,20260323,3.72,3.74,3.68,3.68,243
CPN-O,20260323,61,62,61,61.25,608
CPNREIT-O,20260323,11.6,11.6,11.5,11.5,526
CPR-O,20260323,2.76,2.76,2.7,2.7,7
CPW-O,20260323,2.1,2.1,2.1,2.1,10
CRC-O,20260323,17.9,18.1,17.4,17.4,3103
CREDIT-O,20260323,17.2,17.3,17,17.3,237
CSC-O,20260323,43.25,43.25,43.25,43.25,3
CTARAF-O,20260323,4.44,4.44,4.02,4.02,3
CWT-O,20260323,0.82,0.82,0.81,0.81,22
D-O,20260323,2.7,2.7,2.7,2.7,1
DCC-O,20260323,1.33,1.33,1.21,1.21,181
DCON-O,20260323,0.21,0.22,0.21,0.22,13
DDD-O,20260323,5.35,5.35,5.35,5.35,1
DELTA-O,20260323,260,261,256,261,15886
DIF-O,20260323,9.45,9.55,9.4,9.4,1355
DITTO-O,20260323,10.5,10.6,10.3,10.3,81
DMT-O,20260323,11,11.2,11,11.2,77
DOD-O,20260323,1.77,1.77,1.7,1.7,21
DOHOME-O,20260323,3.06,3.1,2.96,3.06,1099
DRT-O,20260323,4.7,4.7,4.6,4.62,448
DTCENT-O,20260323,0.85,0.85,0.85,0.85,20
DUSIT-O,20260323,10,10,9.95,9.95,242
DV8-O,20260323,5.05,5.05,4.82,4.82,24
EA-O,20260323,2.54,2.58,2.5,2.5,1034
EAST-O,20260323,0.63,0.63,0.63,0.63,24
EASTW-O,20260323,2.6,2.64,2.6,2.6,198
EFORL-O,20260323,0.13,0.13,0.13,0.13,50
EGATIF-O,20260323,6.15,6.25,6.1,6.25,53
EGCO-O,20260323,108,110.5,107.5,107.5,795
EKH-O,20260323,5,5,4.96,4.96,200
EMC-O,20260323,0.02,0.02,0.02,0.02,1
EPG-O,20260323,3.04,3.24,3.02,3.02,221
ERW-O,20260323,2.36,2.38,2.32,2.36,358
ESTAR-O,20260323,0.23,0.23,0.23,0.23,1
ETC-O,20260323,0.69,0.71,0.69,0.71,22
ETL-O,20260323,0.5,0.5,0.5,0.5,53
F&D-O,20260323,65,65,42,42,90
FANCY-O,20260323,0.29,0.29,0.29,0.29,1
FLOYD-O,20260323,1.09,1.09,1.09,1.09,9
FM-O,20260323,3.94,3.96,3.94,3.96,16
FMT-O,20260323,19.1,19.1,19.1,19.1,10
FORTH-O,20260323,6.3,7,6.25,6.25,54
FPT-O,20260323,6.15,6.15,6.05,6.05,12
FSMART-O,20260323,6.15,6.15,6.15,6.15,32
FSX-O,20260323,1.25,1.25,0.92,0.92,11
FTE-O,20260323,2.02,2.02,1.99,1.99,75
FTREIT-O,20260323,10.8,10.8,10.6,10.8,444
FUTURERT-O,20260323,8.95,8.95,8.8,8.95,28
GABLE-O,20260323,3.88,3.88,3.88,3.88,3
GBX-O,20260323,0.54,0.54,0.54,0.54,9
GC-O,20260323,4.44,4.44,3.98,4.44,65
GEL-O,20260323,0.03,0.03,0.03,0.03,6
GENCO-O,20260323,0.29,0.3,0.29,0.3,15
GFPT-O,20260323,9.05,9.05,9,9,99
GLOBAL-O,20260323,5.85,5.85,5.4,5.55,1280
GPI-O,20260323,1.66,1.66,1.65,1.65,68
GPSC-O,20260323,31,31.25,30.25,30.5,2362
GROREIT-O,20260323,6.5,6.5,6.5,6.5,1
GTB-O,20260323,0.75,0.75,0.75,0.75,1
GTV-O,20260323,0.04,0.04,0.04,0.04,1
GULF-O,20260323,56.5,56.5,54.75,54.75,10943
GUNKUL-O,20260323,2.3,2.32,2.24,2.24,569
GVREIT-O,20260323,6.4,6.4,6.4,6.4,169
GYT-O,20260323,184,215,184,215,9
HANA-O,20260323,24.1,25.25,24.1,24.7,1666
HARN-O,20260323,2,2.04,2,2.04,60
HENG-O,20260323,0.87,0.91,0.86,0.91,85
HFT-O,20260323,4.32,4.4,4.32,4.4,4
HMPRO-O,20260323,5.9,6.05,5.9,5.9,2868
HPF-O,20260323,5.5,5.5,5.5,5.5,9
HTC-O,20260323,15.5,15.7,15.5,15.6,313
HTECH-O,20260323,2.74,2.74,2.68,2.68,60
HUMAN-O,20260323,4.28,4.28,4.06,4.16,421
HYDRO-O,20260323,2.6,2.6,2.6,2.6,94
ICHI-O,20260323,12.3,12.7,12,12,5066
ICN-O,20260323,1.6,1.67,1.6,1.65,133
IDG-O,20260323,1.8,1.8,1.48,1.48,61
IFS-O,20260323,1.88,1.88,1.88,1.88,14
IIG-O,20260323,1.39,1.39,1.39,1.39,1
III-O,20260323,3.88,3.88,3.84,3.84,133
ILINK-O,20260323,4.58,4.58,4.58,4.58,5
ILM-O,20260323,12.9,13.2,12.9,13,55
IMPACT-O,20260323,10.8,10.9,10.8,10.8,60
IND-O,20260323,1.14,1.14,1.13,1.13,59
INET-O,20260323,3.5,3.6,3.5,3.6,7
INETREIT-O,20260323,12,12.4,12,12.2,1667
INGRS-O,20260323,0.35,0.35,0.35,0.35,2
INOX-O,20260323,0.39,0.39,0.39,0.39,1
INSET-O,20260323,2.56,2.56,2.5,2.5,72
IP-O,20260323,4.1,4.14,4.02,4.04,223
IRC-O,20260323,11.3,11.3,11.3,11.3,18
IRCP-O,20260323,0.26,0.26,0.24,0.24,17
IROYAL-O,20260323,5.9,5.9,5.75,5.75,6
IRPC-O,20260323,1.78,1.8,1.71,1.71,3028
ITC-O,20260323,13.9,14.1,13.9,14.1,89
ITD-O,20260323,0.21,0.22,0.21,0.22,153
ITEL-O,20260323,1.16,1.16,1.16,1.16,11
ITNS-O,20260323,1.72,1.72,1.72,1.72,30
ITTHI-O,20260323,1.18,1.18,1.15,1.15,14
IVF-O,20260323,0.54,0.54,0.51,0.51,24
IVL-O,20260323,22.8,24.4,22.6,24.2,2651
JAK-O,20260323,0.78,0.78,0.77,0.77,10
JAS-O,20260323,1.15,1.18,1.15,1.16,426
JCT-O,20260323,81.5,81.5,79.25,79.25,13
JDF-O,20260323,1.75,2.46,1.7,1.7,171
JMART-O,20260323,6.55,6.6,6.4,6.45,548
JMT-O,20260323,8.05,8.4,8.05,8.05,649
JPARK-O,20260323,3,3,2.86,2.86,17
JR-O,20260323,1.72,1.72,1.72,1.72,10
JTS-O,20260323,54.25,55.5,53,53.75,576
JUBILE-O,20260323,7.15,7.15,7.1,7.1,95
KAMART-O,20260323,8.3,8.3,8.15,8.25,465
KASET-O,20260323,0.84,0.85,0.82,0.82,19
KBANK-O,20260323,188.5,188.5,187,187,6664
KBS-O,20260323,5.95,6.25,5.95,6,100
KBSPIF-O,20260323,8.25,8.3,8.25,8.3,71
KC-O,20260323,0.03,0.03,0.03,0.03,1
KCAR-O,20260323,4.74,4.74,4.74,4.74,1
KCC-O,20260323,1.96,1.96,1.96,1.96,71
KCE-O,20260323,21.7,22.5,21.3,21.3,1776
KCM-O,20260323,0.16,0.16,0.16,0.16,77
KDH-O,20260323,89,89,81.75,81.75,12
KGI-O,20260323,4.36,4.36,4.26,4.28,177
KIAT-O,20260323,0.33,0.33,0.33,0.33,2
KISS-O,20260323,3.2,4.02,3.18,4.02,12
KJL-O,20260323,5.65,5.65,5.6,5.6,30
KK-O,20260323,1.3,1.3,1,1,51
KKP-O,20260323,71.75,72,71.5,71.75,2672
KLINIQ-O,20260323,23.5,23.8,23.5,23.5,71
KSL-O,20260323,1.35,1.75,1.35,1.69,432
KTB-O,20260323,34.25,34.75,33.75,34,10255
KTBSTMR-O,20260323,5.4,5.4,5.4,5.4,18
KTC-O,20260323,28.75,29,28.25,28.25,2696
KTIS-O,20260323,2,2,2,2,10
KTMS-O,20260323,1.63,1.63,1.6,1.6,18
KWM-O,20260323,0.86,0.86,0.8,0.82,3
KYE-O,20260323,288,288,288,288,7
L&E-O,20260323,1.17,1.17,1.17,1.17,8
LALIN-O,20260323,4.62,4.62,4.58,4.58,75
LANNA-O,20260323,15.6,16.5,15.6,16.1,1998
LDC-O,20260323,0.23,0.23,0.2,0.2,25
LEE-O,20260323,2.74,2.76,2.72,2.76,47
LEO-O,20260323,1.81,1.81,1.81,1.81,53
LH-O,20260323,3.68,3.7,3.66,3.66,2483
LHFG-O,20260323,1.02,1.03,0.97,1,90
LHHOTEL-O,20260323,12.7,12.7,12.6,12.6,243
LHRREIT-O,20260323,4.18,4.18,4,4,25
LHSC-O,20260323,14,14,13.6,13.8,92
LPH-O,20260323,3.1,3.74,3.1,3.74,34
LPN-O,20260323,1.57,1.58,1.54,1.56,255
LST-O,20260323,4.72,4.72,4.72,4.72,87
LTS-O,20260323,2.12,2.12,2.08,2.08,21
M-O,20260323,18.7,19.3,18.5,18.5,967
MADAME-O,20260323,0.62,0.62,0.62,0.62,1
MAGURO-O,20260323,19.8,20,19.5,19.5,153
MAJOR-O,20260323,7.25,7.25,7,7.1,169
MALEE-O,20260323,4.04,4.06,4.02,4.02,89
MASTER-O,20260323,8.8,8.8,8.45,8.45,281
MBK-O,20260323,16.9,17.2,16.7,16.7,385
MC-O,20260323,10.9,10.9,10.8,10.8,978
MCOT-O,20260323,6.05,6.05,5.95,6.05,7
MCS-O,20260323,9.3,9.35,9.3,9.3,161
MDX-O,20260323,2.24,2.32,2.24,2.32,2
MEB-O,20260323,14,14,13.8,14,184
MEDEZE-O,20260323,6.2,6.2,6.1,6.1,87
MEGA-O,20260323,32.5,32.75,32,32,883
METCO-O,20260323,263,265,261,261,19
MFC-O,20260323,22.4,22.4,22.4,22.4,80
MFEC-O,20260323,5.9,5.9,5.9,5.9,10
MGI-O,20260323,5.3,5.3,5.15,5.2,37
MII-O,20260323,4.76,4.76,4.66,4.66,6
MINT-O,20260323,21,21.1,20.7,20.9,3393
MITSIB-O,20260323,0.54,0.54,0.54,0.54,90
MJLF-O,20260323,5.1,5.1,5.05,5.05,15
MMM-O,20260323,2.82,2.82,2.82,2.82,16
MONO-O,20260323,0.98,0.98,0.96,0.96,247
MOONG-O,20260323,2.18,2.2,2.18,2.2,2
MORE-O,20260323,0.04,0.04,0.04,0.04,90
MOSHI-O,20260323,33,33.5,33,33,254
MOTHER-O,20260323,1.08,1.08,1.08,1.08,2
MRDIYT-O,20260323,8.3,8.45,8.25,8.3,679
MSC-O,20260323,6.5,6.55,6.5,6.55,36
MTC-O,20260323,28.25,28.5,27.25,27.5,3276
MTI-O,20260323,15.3,15.3,15.2,15.2,52
NATION-O,20260323,0.04,0.04,0.04,0.04,20
NCAP-O,20260323,2.48,2.48,2.44,2.44,71
NEO-O,20260323,19.3,19.3,18.4,18.4,455
NEP-O,20260323,0.2,0.2,0.2,0.2,66
NER-O,20260323,4.68,4.74,4.66,4.72,353
NETBAY-O,20260323,18.3,18.3,18.1,18.2,402
NEX-O,20260323,0.98,0.99,0.97,0.98,270
NKT-O,20260323,4.08,4.08,4.06,4.06,9
NNCL-O,20260323,1.55,1.55,1.55,1.55,1
NOBLE-O,20260323,2.04,2.04,2,2.04,146
NOVA-O,20260323,11.9,11.9,11.9,11.9,1
NRF-O,20260323,0.25,0.26,0.25,0.26,10
NSL-O,20260323,22,22,21.4,21.4,277
NTF-O,20260323,11.6,11.7,10.8,11.2,119
NTSC-O,20260323,6.65,6.65,6.65,6.65,1
NTV-O,20260323,22.4,22.4,22.4,22.4,1
NV-O,20260323,0.51,0.51,0.5,0.5,2
NYT-O,20260323,4.04,4.06,3.98,3.98,250
OGC-O,20260323,9,9,9,9,74
OHTL-O,20260323,275,275,275,275,1
OKJ-O,20260323,3.52,3.52,3.46,3.48,376
ONEE-O,20260323,2.56,2.6,2.56,2.56,345
OR-O,20260323,11.3,11.3,11.1,11.2,3016
ORI-O,20260323,1.78,1.78,1.74,1.74,336
OSP-O,20260323,14,14.4,14,14.1,1788
PANEL-O,20260323,1.24,1.24,1.24,1.24,1
PATO-O,20260323,6.5,6.5,6.5,6.5,2
PB-O,20260323,49,49,49,49,3
PCC-O,20260323,2.7,2.7,2.4,2.4,25
PCSGH-O,20260323,3.08,3.08,3.08,3.08,1
PDG-O,20260323,2.98,2.98,2.98,2.98,40
PDJ-O,20260323,1.02,1.18,0.96,0.96,44
PEER-O,20260323,0.08,0.08,0.08,0.08,109
PERM-O,20260323,0.24,0.24,0.24,0.24,2
PHG-O,20260323,12.5,12.7,12.5,12.7,61
PHOL-O,20260323,2.82,2.82,2.82,2.82,40
PIN-O,20260323,4.26,4.26,4.2,4.2,143
PIS-O,20260323,3.66,3.66,3.66,3.66,1
PL-O,20260323,1.27,1.27,1.27,1.27,10
PLANB-O,20260323,3.72,3.76,3.6,3.6,474
PLAT-O,20260323,1.06,1.06,1.06,1.06,1
PLE-O,20260323,0.17,0.17,0.17,0.17,30
PLUS-O,20260323,1.32,1.32,1.32,1.32,10
PM-O,20260323,11.3,11.3,11.2,11.3,122
POLY-O,20260323,7.1,7.1,7.1,7.1,3
PORT-O,20260323,0.56,0.56,0.53,0.53,10
PPM-O,20260323,1.37,1.37,1.37,1.37,9
PPPM-O,20260323,0.24,0.24,0.22,0.24,15
PPS-O,20260323,0.16,0.16,0.16,0.16,10
PR9-O,20260323,16.2,16.2,16,16.2,711
PRAPAT-O,20260323,0.7,0.7,0.68,0.68,8
PRG-O,20260323,8.9,8.9,8.8,8.8,6
PRIME-O,20260323,0.06,0.06,0.06,0.06,1
PRIN-O,20260323,1.34,1.41,1.34,1.41,2
PRINC-O,20260323,1.76,1.76,1.76,1.76,59
PRM-O,20260323,7.6,7.7,7.6,7.6,563
PROEN-O,20260323,0.98,0.99,0.98,0.99,9
PROS-O,20260323,0.28,0.28,0.28,0.28,1
PROSPECT-O,20260323,6.95,7,6.95,6.95,278
PROUD-O,20260323,1,1,1,1,1
PRTR-O,20260323,3.18,3.18,3,3,81
PSGC-O,20260323,3.22,3.46,3.2,3.34,222
PSH-O,20260323,3.52,3.6,3.5,3.5,255
PSL-O,20260323,7.05,7.05,6.9,6.95,130
PSTC-O,20260323,0.3,0.3,0.27,0.27,19
PT-O,20260323,11.7,11.7,11.5,11.5,275
PTG-O,20260323,7.75,8,7.6,7.65,1796
PTL-O,20260323,9.9,10,9.85,9.85,25
PTT-O,20260323,34,34,33.25,33.5,7273
PTTEP-O,20260323,154.5,157.5,154,155.5,9699
PTTGC-O,20260323,31.75,33.5,31.5,33.25,3576
PYLON-O,20260323,2.96,2.96,2.24,2.24,92
Q-CON-O,20260323,7.15,7.2,7,7.2,48
QDC-O,20260323,0.13,0.14,0.13,0.14,332
QH-O,20260323,1.37,1.37,1.34,1.35,669
QLT-O,20260323,1.46,1.46,1.46,1.46,2
QTCG-O,20260323,0.12,0.12,0.12,0.12,10
RABBIT-O,20260323,0.32,0.41,0.31,0.31,89
RAM-O,20260323,18.4,18.5,18.4,18.5,34
RATCH-O,20260323,28,28.5,28,28.5,847
RCL-O,20260323,31.5,31.5,30.5,30.75,829
READY-O,20260323,3.12,3.12,3.12,3.12,52
RICHY-O,20260323,0.15,0.15,0.14,0.14,43
RJH-O,20260323,12.5,12.5,12.3,12.3,309
ROJNA-O,20260323,5.05,5.15,4.98,5.15,50
RP-O,20260323,0.51,0.51,0.49,0.49,21
RPC-O,20260323,0.38,0.38,0.38,0.38,100
RPH-O,20260323,4.94,4.94,4.9,4.92,201
RS-O,20260323,0.14,0.16,0.14,0.15,60
RSP-O,20260323,0.94,0.94,0.94,0.94,22
S-O,20260323,0.5,0.5,0.49,0.49,202
S11-O,20260323,3.82,3.82,3.6,3.6,1000
SABINA-O,20260323,15.3,15.4,15.2,15.2,474
SAFE-O,20260323,6.05,6.1,6.05,6.1,12
SAK-O,20260323,3.28,3.32,3.28,3.28,95
SAMART-O,20260323,5.65,5.65,5.5,5.5,2
SAMCO-O,20260323,0.72,0.72,0.72,0.72,2
SAMTEL-O,20260323,3.7,3.7,3.7,3.7,25
SAPPE-O,20260323,29.75,30,29.25,30,262
SAT-O,20260323,14.2,14.3,14,14,570
SAUCE-O,20260323,41,45.75,41,41.5,50
SAV-O,20260323,10.9,10.9,10.8,10.8,139
SAWAD-O,20260323,22.2,22.2,21.7,21.9,1721
SC-O,20260323,1.97,1.97,1.92,1.96,372
SCAP-O,20260323,1.05,1.06,1.04,1.04,124
SCB-O,20260323,145.5,145.5,143,143.5,24540
SCC-O,20260323,182.5,183,178,182,2094
SCCC-O,20260323,139.5,140,139,139,332
SCG-O,20260323,2.28,2.28,2.28,2.28,1
SCGD-O,20260323,5.1,5.15,4.98,5.1,285
SCGP-O,20260323,18,18.1,17.8,18,296
SCL-O,20260323,1.15,1.17,1.15,1.17,2
SCM-O,20260323,0.13,0.13,0.13,0.13,2
SCP-O,20260323,7.55,7.6,7.5,7.6,217
SDC-O,20260323,0.03,0.03,0.03,0.03,1
SE-ED-O,20260323,1.6,1.6,1.6,1.6,79
SEAFCO-O,20260323,2.32,2.32,2.32,2.32,73
SEAOIL-O,20260323,3.66,3.66,3.54,3.54,161
SECURE-O,20260323,11.7,11.8,11.7,11.8,2
SEI-O,20260323,2.24,2.24,2.2,2.2,5
SELIC-O,20260323,2.64,2.64,2.64,2.64,10
SENA-O,20260323,1.87,1.87,1.85,1.86,17
SENX-O,20260323,0.17,0.17,0.17,0.17,1
SFLEX-O,20260323,2.96,2.96,2.92,2.92,2
SFT-O,20260323,1.68,1.71,1.68,1.71,91
SGC-O,20260323,0.82,0.82,0.8,0.8,137
SGF-O,20260323,0.12,0.12,0.12,0.12,15
SGP-O,20260323,8.1,8.15,8.1,8.1,114
SHR-O,20260323,1.5,1.53,1.5,1.53,83
SIAM-O,20260323,0.7,0.7,0.7,0.7,2
SINGER-O,20260323,4.94,4.94,4.8,4.8,582
SIRI-O,20260323,1.4,1.4,1.37,1.38,3168
SIS-O,20260323,20.9,20.9,20.7,20.7,154
SISB-O,20260323,9.95,13.3,9.95,10,299
SJWD-O,20260323,7.35,7.35,7.15,7.2,313
SKIN-O,20260323,1.14,1.14,1.12,1.12,45
SKR-O,20260323,6.7,6.7,6.7,6.7,30
SKY-O,20260323,12.4,12.4,12.3,12.3,20
SMART-O,20260323,0.78,0.78,0.78,0.78,6
SMD100-O,20260323,1.8,1.8,1.78,1.78,85
SMIT-O,20260323,3.52,3.52,3.48,3.48,100
SMO-O,20260323,5.05,5.1,4.98,4.98,532
SMPC-O,20260323,9.1,9.1,9.05,9.05,102
SMT-O,20260323,1.34,1.34,1.28,1.28,24
SNC-O,20260323,5.65,5.65,5.65,5.65,19
SNNP-O,20260323,7.1,7.1,6.9,6.9,131
SNP-O,20260323,9.05,9.05,9.05,9.05,20
SNPS-O,20260323,4.82,4.9,4.82,4.9,5
SO-O,20260323,3.04,4.3,3.04,4.3,32
SOLAR-O,20260323,0.3,0.35,0.3,0.3,156
SORKON-O,20260323,3.4,3.4,3.4,3.4,32
SPA-O,20260323,3.58,3.58,3.1,3.1,143
SPACK-O,20260323,1.17,1.17,1.17,1.17,10
SPALI-O,20260323,16.7,16.7,16.4,16.5,690
SPC-O,20260323,59.75,59.75,55.75,55.75,2
SPCG-O,20260323,8.8,8.95,8.7,8.9,375
SPI-O,20260323,44,44,44,44,10
SPRC-O,20260323,7.15,7.3,7.1,7.1,728
SPRIME-O,20260323,3.42,3.42,3.42,3.42,1
SPVI-O,20260323,2.62,2.62,1.85,2.58,43
SRICHA-O,20260323,13.9,13.9,13.8,13.8,25
SRIPANWA-O,20260323,5.05,5.05,5,5,50
SSP-O,20260323,3.52,3.52,3.46,3.46,21
SST-O,20260323,1.36,1.36,1.36,1.36,1
STA-O,20260323,16.6,17.8,16.6,17.6,1491
STANLY-O,20260323,196,196,196,196,10
STC-O,20260323,0.46,0.46,0.46,0.46,2
STECH-O,20260323,1,1,1,1,16
STECON-O,20260323,11.3,11.3,11,11.1,1575
STGT-O,20260323,9.95,10.4,9.95,10.2,525
STI-O,20260323,1.65,1.68,1.65,1.68,4
STP-O,20260323,10.3,10.3,10.3,10.3,2
STPI-O,20260323,4.18,4.18,4.14,4.16,177
SUC-O,20260323,28.5,28.75,28.5,28.5,208
SUN-O,20260323,2.7,2.76,2.68,2.68,204
SUPER-O,20260323,0.1,0.11,0.09,0.11,228
SUSCO-O,20260323,2.06,2.06,2.04,2.04,151
SVI-O,20260323,7.35,7.4,7.35,7.4,256
SWC-O,20260323,4.3,4.3,4.3,4.3,1
SYMC-O,20260323,3.6,3.6,3.6,3.6,4
SYNEX-O,20260323,9.15,9.3,9,9,752
TACC-O,20260323,5.35,5.4,5.25,5.35,1375
TAE-O,20260323,1.12,1.27,1.11,1.26,54
TAKUNI-O,20260323,0.36,0.36,0.36,0.36,1
TAN-O,20260323,4.1,4.1,4.1,4.1,1
TASCO-O,20260323,13,13.1,12.9,13,341
TC-O,20260323,6.75,6.75,6.75,6.75,3
TCAP-O,20260323,55.25,56,54.5,54.75,1260
TCC-O,20260323,0.38,0.42,0.38,0.4,159
TEAM-O,20260323,2.52,2.52,2.52,2.52,100
TEGH-O,20260323,3.16,3.2,3.14,3.14,37
TFFIF-O,20260323,6.45,6.6,6.45,6.45,224
TFG-O,20260323,7.35,7.4,7.2,7.2,2156
TFI-O,20260323,0.04,0.04,0.04,0.04,71
TFM-O,20260323,6.1,6.45,6,6,230
TFMAMA-O,20260323,189,189.5,187,188.5,33
TGE-O,20260323,1.22,1.22,1.17,1.17,6
THAI-O,20260323,6.2,6.2,6.05,6.05,1595
THANI-O,20260323,1.62,1.63,1.61,1.61,207
THCOM-O,20260323,11.6,12.1,11.6,11.8,559
THG-O,20260323,9,9,8.2,8.2,65
THIP-O,20260323,22.2,22.2,22.2,22.2,23
THRE-O,20260323,0.4,0.41,0.4,0.41,12
THREL-O,20260323,1,1,0.71,0.71,159
TIDLOR-O,20260323,14.7,14.9,14.2,14.3,2295
TIPCO-O,20260323,6.8,6.8,6.75,6.75,38
TIPH-O,20260323,20,20.3,20,20.1,100
TISCO-O,20260323,112,112.5,111.5,112,9735
TKN-O,20260323,3.92,3.92,3.8,3.84,189
TKS-O,20260323,6,6,6,6,10
TKT-O,20260323,0.65,0.65,0.49,0.49,9
TLI-O,20260323,10.2,10.2,10.1,10.1,638
TMAN-O,20260323,12.3,12.9,12.3,12.3,107
TMD-O,20260323,25,25,24.8,24.8,5
TMILL-O,20260323,2.2,2.2,2.1,2.1,60
TMW-O,20260323,56.25,56.25,56.25,56.25,1
TNDT-O,20260323,0.15,0.15,0.15,0.15,1
TNH-O,20260323,30.5,30.5,30.5,30.5,4
TNITY-O,20260323,2.34,2.34,2.34,2.34,17
TNP-O,20260323,2.74,2.76,2.74,2.76,127
TNR-O,20260323,4.86,4.86,4.84,4.84,7
TOA-O,20260323,12.5,12.5,12.3,12.4,122
TOG-O,20260323,6.45,6.7,6.45,6.7,51
TOP-O,20260323,45,46.25,44.75,44.75,2223
TPBI-O,20260323,3.18,3.18,3.18,3.18,32
TPCH-O,20260323,2,2,2,2,1
TPIPL-O,20260323,0.79,0.79,0.72,0.72,5
TPIPP-O,20260323,1.83,1.85,1.82,1.82,263
TPLAS-O,20260323,1.17,1.18,1.17,1.18,84
TPOLY-O,20260323,0.17,0.17,0.17,0.17,10
TPRIME-O,20260323,7.35,7.35,7.35,7.35,9
TQM-O,20260323,12.5,12.6,12.5,12.6,69
TQR-O,20260323,5.1,5.1,5,5,40
TRC-O,20260323,0.48,0.48,0.48,0.48,66
TRITN-O,20260323,0.02,0.02,0.02,0.02,60
TRT-O,20260323,4.02,4.02,4.02,4.02,7
TRU-O,20260323,3.92,3.92,3.92,3.92,110
TRUBB-O,20260323,0.87,0.9,0.87,0.9,43
TRUE-O,20260323,13.5,14,13.5,13.7,2954
TSE-O,20260323,0.6,0.65,0.6,0.64,278
TSTE-O,20260323,9.9,9.9,9.8,9.8,10
TSTH-O,20260323,0.74,0.74,0.71,0.71,15
TTA-O,20260323,4.94,4.96,4.8,4.8,295
TTB-O,20260323,2.24,2.24,2.2,2.22,5644
TTLPF-O,20260323,9.75,9.75,9.75,9.75,85
TTW-O,20260323,9.15,9.2,9.1,9.15,562
TU-O,20260323,10.8,10.8,10.7,10.8,1878
TU-PF-O,20260323,1.11,1.11,1.1,1.1,24
TURBO-O,20260323,1.52,1.52,1.43,1.43,415
TVO-O,20260323,24.4,24.6,24.3,24.4,236
TWPC-O,20260323,1.99,2.8,1.99,2.8,69
UAC-O,20260323,2.86,2.86,2.86,2.86,3
UBA-O,20260323,1.06,1.06,1,1,94
UBE-O,20260323,0.81,0.9,0.81,0.86,714
UBIS-O,20260323,1.09,1.09,1.09,1.09,40
UEC-O,20260323,0.63,0.63,0.63,0.63,1
UKEM-O,20260323,0.72,0.72,0.72,0.72,1
UP-O,20260323,26.75,29.75,26.75,29.75,26
UPF-O,20260323,21.4,21.4,21.4,21.4,1
UPOIC-O,20260323,7.4,7.4,7.4,7.4,1
UREKA-O,20260323,0.29,0.29,0.29,0.29,3
UTP-O,20260323,7.45,7.45,7.35,7.4,88
UVAN-O,20260323,16.1,16.4,15.8,15.8,725
VGI-O,20260323,0.83,0.86,0.82,0.82,609
VIBHA-O,20260323,1.39,1.41,1.37,1.39,209
VIH-O,20260323,8.95,9.05,8.95,8.95,101
VL-O,20260323,0.81,0.81,0.81,0.81,3
VNG-O,20260323,1.96,1.96,1.96,1.96,2
VPO-O,20260323,0.62,0.72,0.62,0.72,267
VRANDA-O,20260323,4.12,4.12,4.1,4.1,55
WACOAL-O,20260323,17.4,17.4,17,17.3,13
WARRIX-O,20260323,1.74,1.8,1.73,1.73,104
WASH-O,20260323,4.86,4.86,4.72,4.8,142
WAVE-O,20260323,0.03,0.03,0.02,0.02,522
WFX-O,20260323,1.13,1.16,1.13,1.13,127
WGE-O,20260323,0.76,0.76,0.75,0.75,23
WHA-O,20260323,4.08,4.1,3.96,3.96,3737
WHAIR-O,20260323,6.95,6.95,6.65,6.65,31
WHART-O,20260323,10.3,10.3,10.2,10.3,354
WHAUP-O,20260323,5.6,5.6,4.18,4.18,723
WICE-O,20260323,2.3,2.3,2.24,2.28,247
WINNER-O,20260323,2,2,2,2,3
WORK-O,20260323,3.5,3.5,3.48,3.48,99
WP-O,20260323,3.74,3.74,3.74,3.74,25
WPH-O,20260323,6,6.1,5.85,5.9,401
XBIO-O,20260323,0.06,0.06,0.06,0.06,107
XO-O,20260323,14,14,13.7,13.7,181
XPG-O,20260323,0.47,0.47,0.46,0.46,52
YGG-O,20260323,0.16,0.17,0.12,0.17,81
YUASA-O,20260323,14.9,14.9,14.9,14.9,2
ZEN-O,20260323,5.4,5.45,5.4,5.45,25
ZIGA-O,20260323,0.84,0.84,0.84,0.84,3
RABBIT-P,20260323,0.33,0.33,0.32,0.33,454100
VAYU1,20260323,10.9,11,10.7,10.8,8479800
VAYU1-O,20260323,10.8,10.9,10.6,10.9,192
AAV01C2609T,20260323,0.11,0.11,0.11,0.11,925900
AAV01C2703T,20260323,0.16,0.16,0.16,0.16,457100
AAV01P2607A,20260323,0.48,0.48,0.48,0.48,327100
AAV13C2604A,20260323,0.01,0.01,0.01,0.01,17700
AAV13C2607A,20260323,0.11,0.11,0.09,0.1,7764600
AAV13C2608A,20260323,0.08,0.08,0.07,0.07,59800
AAV13C2608B,20260323,0.2,0.21,0.2,0.2,7613400
AAV13C2701T,20260323,0.14,0.14,0.14,0.14,75000
AAV13P2607A,20260323,0.54,0.56,0.54,0.54,115700
AAV19C2608A,20260323,0.21,0.21,0.21,0.21,706800
AAV19C2612T,20260323,0.11,0.12,0.11,0.12,200
AAV41C2609T,20260323,0.08,0.08,0.08,0.08,13500
ADVANC01C2606A,20260323,0.93,0.95,0.87,0.87,250000
ADVANC01C2607A,20260323,0.56,0.56,0.5,0.5,1688000
ADVANC01C2608A,20260323,0.22,0.22,0.19,0.19,3723000
ADVANC01C2609A,20260323,0.61,0.61,0.54,0.54,3972000
ADVANC01C2701T,20260323,0.69,0.71,0.66,0.67,2595000
ADVANC01P2604A,20260323,0.01,0.01,0.01,0.01,7000
ADVANC01P2606A,20260323,0.11,0.13,0.11,0.13,2337200
ADVANC01P2607A,20260323,0.31,0.35,0.31,0.35,5753200
ADVANC01P2609A,20260323,0.87,0.93,0.86,0.93,2405100
ADVANC13C2604A,20260323,0.25,0.25,0.25,0.25,700
ADVANC13C2607A,20260323,0.57,0.57,0.5,0.5,9481100
ADVANC13C2608A,20260323,0.16,0.16,0.14,0.14,847400
ADVANC13C2608B,20260323,0.23,0.24,0.22,0.22,1992000
ADVANC13C2608C,20260323,0.43,0.43,0.39,0.39,2997800
ADVANC13C2701T,20260323,0.47,0.47,0.45,0.46,995600
ADVANC13P2604A,20260323,0.01,0.01,0.01,0.01,300
ADVANC13P2607A,20260323,0.19,0.21,0.19,0.21,889800
ADVANC19C2605A,20260323,1.12,1.12,0.92,0.92,1200
ADVANC19C2606A,20260323,0.53,0.53,0.53,0.53,100
ADVANC19C2607A,20260323,0.46,0.46,0.37,0.38,2232700
ADVANC19C2608A,20260323,0.35,0.35,0.3,0.31,2431700
ADVANC41C2606T,20260323,0.91,0.91,0.89,0.89,700
ADVANC41C2607A,20260323,0.48,0.48,0.45,0.46,1310800
ADVANC41C2608C,20260323,0.38,0.39,0.35,0.36,1441500
ADVANC41C2701T,20260323,0.37,0.37,0.35,0.35,700
ADVANC41P2607A,20260323,0.16,0.17,0.16,0.17,600
AEONTS13C2608A,20260323,0.21,0.21,0.19,0.2,1428300
ALIHEA41C2606A,20260323,0.15,0.15,0.14,0.15,400
AMATA01C2605A,20260323,0.17,0.18,0.15,0.15,2632100
AMATA01C2608A,20260323,0.29,0.31,0.27,0.27,3358300
AMATA13C2608A,20260323,0.32,0.32,0.29,0.29,2149200
AMATA19C2607A,20260323,0.37,0.38,0.33,0.34,2001300
AMATA19C2608A,20260323,0.23,0.24,0.21,0.21,2920200
AMATA41C2604A,20260323,0.1,0.1,0.1,0.1,200
AMATA41C2607A,20260323,0.48,0.48,0.48,0.48,100
AMATA41C2608A,20260323,0.3,0.32,0.28,0.28,150400
AMATA41C2609T,20260323,0.31,0.31,0.3,0.3,450500
AOT01C2606T,20260323,0.23,0.24,0.23,0.24,346800
AOT01C2607A,20260323,0.15,0.15,0.14,0.15,12300
AOT01C2609A,20260323,0.31,0.31,0.3,0.3,449600
AOT01P2605A,20260323,0.22,0.22,0.2,0.21,6575100
AOT01P2607A,20260323,0.65,0.65,0.63,0.63,6344300
AOT13C2605A,20260323,0.13,0.13,0.13,0.13,666000
AOT13C2605B,20260323,0.04,0.04,0.03,0.03,484100
AOT13C2608A,20260323,0.22,0.22,0.2,0.21,6071600
AOT13P2605A,20260323,0.07,0.07,0.07,0.07,500
AOT13P2607A,20260323,0.43,0.44,0.43,0.43,4824300
AOT19C2605A,20260323,0.08,0.1,0.08,0.1,116600
AOT19C2605B,20260323,0.02,0.02,0.02,0.02,1300
AOT19C2608A,20260323,0.31,0.31,0.31,0.31,44800
AOT41C2605A,20260323,0.09,0.1,0.09,0.1,159200
AOT41C2605T,20260323,0.02,0.02,0.02,0.02,200
AOT41C2608A,20260323,0.18,0.19,0.18,0.19,480300
AOT41C2609T,20260323,0.29,0.29,0.28,0.29,350600
AOT41P2607A,20260323,0.41,0.43,0.41,0.42,300600
AWC01C2703T,20260323,0.18,0.19,0.18,0.18,262700
AWC13C2606A,20260323,0.07,0.07,0.06,0.06,213200
AWC13C2608A,20260323,0.07,0.07,0.07,0.07,60100
AWC13C2608B,20260323,0.19,0.2,0.19,0.19,5742800
AWC13C2701T,20260323,0.15,0.15,0.15,0.15,8719300
AWC41C2609T,20260323,0.1,0.1,0.1,0.1,40000
BA01C2607A,20260323,0.06,0.06,0.05,0.05,205000
BA13C2607A,20260323,0.1,0.1,0.08,0.08,106000
BA13C2608A,20260323,0.23,0.24,0.22,0.22,6247000
BA19C2605A,20260323,0.03,0.03,0.03,0.03,1000
BA41C2611T,20260323,0.16,0.16,0.15,0.16,33200
BABA28C2606A,20260323,0.05,0.05,0.03,0.05,15700
BABA28C2606B,20260323,0.07,0.07,0.05,0.06,2000
BABA28C2609A,20260323,0.24,0.25,0.22,0.24,4106700
BABA28P2603A,20260323,0.39,0.39,0.39,0.39,100
BABA41C2603A,20260323,0.01,0.01,0.01,0.01,10400
BABA41C2603T,20260323,0.01,0.01,0.01,0.01,51900
BABA41C2605A,20260323,0.05,0.05,0.04,0.05,51000
BABA41C2606A,20260323,0.16,0.16,0.13,0.15,701400
BABA41C2609T,20260323,0.44,0.45,0.43,0.45,6400
BABA41C2701T,20260323,0.57,0.57,0.54,0.55,2600
BABA41P2609A,20260323,0.4,0.42,0.39,0.4,156600
BAM01C2608A,20260323,0.1,0.1,0.1,0.1,97700
BAM13C2607A,20260323,0.06,0.06,0.06,0.06,223000
BAM13C2608A,20260323,0.18,0.18,0.16,0.16,1026300
BAM19C2612T,20260323,0.24,0.25,0.23,0.23,2313700
BAM41C2612T,20260323,0.26,0.26,0.25,0.25,5600
BANPU01C2605A,20260323,0.92,1.11,0.92,0.99,1064000
BANPU01C2606T,20260323,0.46,0.53,0.46,0.49,201600
BANPU01C2607A,20260323,0.18,0.23,0.18,0.19,29527700
BANPU01C2703T,20260323,0.22,0.24,0.22,0.22,2289200
BANPU13C2606A,20260323,0.29,0.36,0.29,0.31,8558500
BANPU13C2608A,20260323,0.2,0.26,0.2,0.22,21187000
BANPU13C2701T,20260323,0.3,0.32,0.29,0.29,2806400
BANPU19C2612T,20260323,0.45,0.51,0.45,0.48,4092900
BANPU41C2605T,20260323,0.12,0.13,0.12,0.12,800400
BANPU41C2606A,20260323,0.27,0.27,0.27,0.27,50500
BANPU41C2608A,20260323,0.19,0.22,0.19,0.2,1083800
BANPU41C2612T,20260323,0.32,0.34,0.32,0.33,492000
BBL13C2607A,20260323,0.12,0.12,0.11,0.11,2964200
BBL13C2607B,20260323,0.24,0.24,0.23,0.23,4162300
BBL13P2608A,20260323,0.6,0.6,0.6,0.6,1140000
BBL19C2612T,20260323,0.39,0.39,0.39,0.39,7401500
BBL41C2609T,20260323,0.36,0.36,0.36,0.36,700
BCH01C2607A,20260323,0.03,0.03,0.03,0.03,120000
BCH01C2609A,20260323,0.16,0.16,0.13,0.13,1618700
BCH01C2610T,20260323,0.05,0.05,0.05,0.05,6000
BCH13C2607A,20260323,0.32,0.32,0.27,0.27,2369800
BCH13C2607B,20260323,0.07,0.07,0.07,0.07,90000
BCH41C2607A,20260323,0.3,0.3,0.3,0.3,100
BCH41C2703T,20260323,0.16,0.17,0.16,0.17,300
BCP01C2607A,20260323,0.49,0.49,0.49,0.49,1200
BCP01C2608A,20260323,0.31,0.32,0.27,0.27,3546800
BCP13C2608A,20260323,0.5,0.51,0.45,0.45,935600
BCP13C2608B,20260323,0.27,0.29,0.24,0.24,4755700
BCP19C2605A,20260323,0.71,0.71,0.69,0.69,600
BCP41C2608A,20260323,0.5,0.51,0.46,0.46,1038800
BCP41C2609T,20260323,0.21,0.21,0.19,0.19,5000
BCPG01C2605A,20260323,0.01,0.01,0.01,0.01,8000
BCPG01C2607A,20260323,0.19,0.19,0.19,0.19,1000
BCPG13C2607A,20260323,0.15,0.16,0.14,0.14,5770900
BCPG13C2608A,20260323,0.11,0.11,0.09,0.1,1312100
BCPG19C2605A,20260323,0.03,0.03,0.02,0.02,953600
BCPG41C2604A,20260323,0.01,0.01,0.01,0.01,1500
BCPG41C2606T,20260323,0.17,0.17,0.15,0.15,7200
BCPG41C2612T,20260323,0.15,0.15,0.15,0.15,200
BDMS01C2607A,20260323,0.12,0.12,0.11,0.11,1058700
BDMS01C2609A,20260323,0.29,0.29,0.26,0.26,1249200
BDMS01P2607A,20260323,0.32,0.33,0.32,0.33,887400
BDMS13C2607A,20260323,0.15,0.15,0.13,0.13,488900
BDMS13C2608A,20260323,0.11,0.11,0.09,0.09,614500
BDMS13C2701T,20260323,0.24,0.24,0.22,0.22,841700
BDMS13P2607A,20260323,0.39,0.42,0.39,0.42,3700800
BDMS19C2608A,20260323,0.29,0.29,0.26,0.26,1083300
BDMS41C2608A,20260323,0.09,0.09,0.09,0.09,20000
BEM13C2608A,20260323,0.1,0.1,0.09,0.1,228100
BEM41C2608A,20260323,0.09,0.09,0.09,0.09,56000
BGRIM01C2608A,20260323,0.05,0.06,0.05,0.06,2744000
BGRIM01C2609A,20260323,0.14,0.14,0.13,0.13,2732300
BGRIM13C2605A,20260323,0.01,0.01,0.01,0.01,35100
BGRIM13C2607A,20260323,0.04,0.05,0.04,0.04,757000
BGRIM13C2608A,20260323,0.14,0.15,0.13,0.13,2970500
BGRIM19C2605A,20260323,0.01,0.01,0.01,0.01,3000
BGRIM19C2607A,20260323,0.06,0.06,0.05,0.05,3561900
BGRIM41C2608T,20260323,0.07,0.07,0.06,0.06,1502000
BH01C2605A,20260323,0.1,0.11,0.1,0.1,2558900
BH01C2607A,20260323,0.6,0.65,0.6,0.61,32100
BH01C2608A,20260323,0.08,0.09,0.08,0.08,685700
BH01C2609A,20260323,0.68,0.7,0.66,0.66,2363400
BH01C2609B,20260323,0.6,0.61,0.57,0.57,4034800
BH01P2607A,20260323,0.16,0.16,0.16,0.16,2911800
BH01P2607B,20260323,0.49,0.5,0.47,0.5,7555600
BH01P2608A,20260323,0.94,0.95,0.91,0.95,1860000
BH13C2605A,20260323,0.07,0.08,0.06,0.07,1651600
BH13C2607A,20260323,0.55,0.58,0.53,0.53,5342000
BH13C2608A,20260323,0.12,0.12,0.1,0.1,13350500
BH13C2608B,20260323,0.38,0.4,0.37,0.37,97831400
BH13P2604A,20260323,0.01,0.01,0.01,0.01,4000
BH13P2607A,20260323,0.12,0.12,0.12,0.12,200200
BH13P2608A,20260323,0.81,0.83,0.79,0.82,7020900
BH19C2605A,20260323,0.08,0.08,0.08,0.08,5947800
BH19C2608A,20260323,0.36,0.38,0.34,0.34,22758100
BH41C2607A,20260323,0.49,0.51,0.47,0.47,851000
BH41C2608B,20260323,0.36,0.37,0.35,0.35,680600
BH41C2611T,20260323,0.42,0.43,0.42,0.42,1080400
BH41P2608A,20260323,0.76,0.78,0.75,0.78,1500500
BIDU41C2603A,20260323,0.01,0.01,0.01,0.01,600
BIDU41C2606A,20260323,0.08,0.08,0.07,0.07,3923000
BIDU41C2609A,20260323,0.09,0.14,0.08,0.14,1349000
BIDU41C2609T,20260323,0.88,0.88,0.86,0.86,12900
BJC01C2608A,20260323,0.12,0.12,0.11,0.11,1488900
BJC13C2607A,20260323,0.16,0.16,0.13,0.13,4352600
BJC19C2612T,20260323,0.27,0.27,0.26,0.26,1778200
BLA01C2607A,20260323,0.14,0.14,0.14,0.14,1237700
BLA13C2607A,20260323,0.16,0.16,0.15,0.15,66000
BLA19C2608A,20260323,0.26,0.27,0.26,0.27,1192800
BTG01C2607A,20260323,0.47,0.47,0.4,0.4,2336900
BTG13C2608A,20260323,0.37,0.37,0.3,0.32,18284700
BTG19C2608A,20260323,0.27,0.27,0.22,0.23,2684500
BTS01C2608A,20260323,0.06,0.06,0.06,0.06,2000
BTS13C2606A,20260323,0.01,0.02,0.01,0.02,165400
BTS13C2607A,20260323,0.1,0.1,0.09,0.09,974200
BTS13C2608A,20260323,0.07,0.08,0.07,0.07,290100
BTS13P2608A,20260323,0.34,0.34,0.34,0.34,1006700
BTS19C2604A,20260323,0.02,0.02,0.02,0.02,100
BTS19C2605A,20260323,0.02,0.03,0.02,0.03,43300
BTS41C2607A,20260323,0.09,0.09,0.09,0.09,3000
BYDCOM41C2609A,20260323,0.66,0.66,0.57,0.59,8200
CBG01C2607A,20260323,0.06,0.06,0.06,0.06,8000
CBG01C2609A,20260323,0.23,0.23,0.22,0.22,1759000
CBG01P2607A,20260323,0.73,0.74,0.71,0.74,108600
CBG01P2609A,20260323,0.47,0.48,0.47,0.48,1153000
CBG13C2604A,20260323,0.01,0.01,0.01,0.01,25000
CBG13C2607A,20260323,0.04,0.04,0.04,0.04,344400
CBG13C2608A,20260323,0.17,0.18,0.16,0.16,1989700
CBG13P2605A,20260323,0.33,0.34,0.32,0.34,1563000
CBG19C2608A,20260323,0.29,0.29,0.26,0.26,1853100
CBG41C2612T,20260323,0.14,0.14,0.06,0.06,2500000
CBG41C2703T,20260323,0.23,0.23,0.22,0.23,500
CCET13C2604A,20260323,0.01,0.01,0.01,0.01,267600
CCET13C2607A,20260323,0.12,0.12,0.11,0.11,2675700
CCET13C2608A,20260323,0.38,0.38,0.35,0.36,1855100
CCET19C2607A,20260323,0.13,0.13,0.13,0.13,1390600
CCET41C2607A,20260323,0.22,0.22,0.22,0.22,100
CENTEL01C2609A,20260323,0.22,0.22,0.21,0.22,12416400
CENTEL13C2608A,20260323,0.12,0.12,0.11,0.12,3830300
CENTEL13C2608B,20260323,0.24,0.25,0.24,0.25,4994800
CENTEL41C2608A,20260323,0.09,0.1,0.09,0.1,300
CHG13C2608A,20260323,0.13,0.13,0.12,0.12,520400
CHG41C2612T,20260323,0.16,0.17,0.16,0.17,200
CK01C2608A,20260323,0.31,0.31,0.26,0.26,1003900
CK13C2607A,20260323,0.33,0.33,0.3,0.31,1389000
CK13C2608A,20260323,0.18,0.18,0.17,0.17,2407900
COM701C2604A,20260323,0.04,0.04,0.04,0.04,327700
COM701C2607A,20260323,0.4,0.42,0.38,0.41,6050200
COM701C2607B,20260323,0.06,0.06,0.06,0.06,35100
COM713C2605A,20260323,0.12,0.13,0.11,0.11,2441900
COM713C2607A,20260323,0.38,0.4,0.37,0.38,3457600
COM713C2608A,20260323,0.1,0.1,0.09,0.09,2301300
COM719C2605A,20260323,0.15,0.17,0.14,0.15,6117900
COM741C2607A,20260323,0.34,0.35,0.32,0.33,1450900
COM741C2609T,20260323,0.27,0.28,0.27,0.27,1951000
CPALL01C2607A,20260323,0.18,0.18,0.16,0.16,1286800
CPALL01C2608A,20260323,0.06,0.06,0.05,0.05,2372400
CPALL01P2607A,20260323,0.22,0.23,0.22,0.23,5456900
CPALL13C2607A,20260323,0.16,0.16,0.14,0.14,1632200
CPALL13C2608A,20260323,0.11,0.11,0.1,0.1,563500
CPALL13C2701T,20260323,0.23,0.23,0.21,0.21,1229900
CPALL13P2608A,20260323,0.26,0.27,0.25,0.27,1708200
CPALL19C2607A,20260323,0.25,0.25,0.21,0.21,2896700
CPALL19C2612A,20260323,0.13,0.13,0.12,0.12,2581600
CPALL41C2607A,20260323,0.13,0.13,0.12,0.12,50100
CPALL41C2612T,20260323,0.15,0.15,0.14,0.14,500000
CPF01C2608A,20260323,0.15,0.15,0.12,0.12,1310600
CPF01C2609A,20260323,0.27,0.28,0.25,0.25,2241200
CPF01C2611T,20260323,0.18,0.18,0.16,0.16,312500
CPF01P2608A,20260323,0.53,0.56,0.52,0.56,495400
CPF13C2604A,20260323,0.01,0.01,0.01,0.01,2000
CPF13C2608A,20260323,0.19,0.2,0.17,0.17,3613500
CPF13P2608A,20260323,0.46,0.5,0.46,0.5,1458800
CPF19C2608A,20260323,0.16,0.16,0.15,0.15,1105200
CPF19C2609T,20260323,0.13,0.13,0.12,0.12,1403000
CPF41C2604A,20260323,0.01,0.01,0.01,0.01,3000
CPF41C2608A,20260323,0.15,0.15,0.14,0.14,265800
CPF41C2609T,20260323,0.06,0.06,0.06,0.06,600
CPF41C2612T,20260323,0.18,0.18,0.17,0.17,1718800
CPN01C2604A,20260323,0.15,0.17,0.15,0.16,5398800
CPN01C2606T,20260323,0.22,0.23,0.21,0.22,6395400
CPN01C2608A,20260323,0.37,0.39,0.36,0.38,5113700
CPN01P2608A,20260323,0.32,0.35,0.32,0.33,4475200
CPN13C2604A,20260323,0.09,0.1,0.09,0.09,403100
CPN13C2608A,20260323,0.4,0.42,0.38,0.4,10898500
CPN13P2608A,20260323,0.33,0.33,0.31,0.32,9884800
CPN19C2609T,20260323,0.36,0.37,0.35,0.36,4259000
CPN41C2604A,20260323,0.1,0.11,0.1,0.11,200
CPN41C2608A,20260323,0.37,0.39,0.37,0.38,450200
CPN41C2608T,20260323,0.41,0.42,0.4,0.41,5711000
CRC01C2605A,20260323,0.04,0.04,0.03,0.04,240000
CRC01C2609A,20260323,0.16,0.16,0.14,0.14,2633800
CRC01C2610T,20260323,0.21,0.21,0.19,0.2,1546300
CRC01P2605A,20260323,0.23,0.26,0.23,0.26,4338800
CRC13C2606A,20260323,0.1,0.1,0.08,0.09,1275400
CRC13P2606A,20260323,0.19,0.22,0.19,0.2,994600
CRC19C2612A,20260323,0.28,0.28,0.26,0.27,1377700
CRC41C2608T,20260323,0.01,0.01,0.01,0.01,1000
DELTA01C2605A,20260323,1.2,1.29,1.2,1.27,1237800
DELTA01C2605B,20260323,2.8,3,2.8,2.96,741200
DELTA01C2607A,20260323,0.77,0.83,0.77,0.81,1243300
DELTA01C2608A,20260323,0.55,0.59,0.55,0.58,7046000
DELTA01P2605A,20260323,0.09,0.09,0.08,0.08,161500
DELTA01P2606A,20260323,0.14,0.14,0.12,0.13,3211200
DELTA01P2608A,20260323,0.79,0.79,0.76,0.76,1997800
DELTA13C2604A,20260323,0.18,0.24,0.18,0.22,288300
DELTA13C2605A,20260323,0.53,0.55,0.52,0.55,1060000
DELTA13C2605B,20260323,1.84,1.92,1.81,1.92,18200
DELTA13C2606A,20260323,1.07,1.07,1.07,1.07,1100
DELTA13C2607A,20260323,0.44,0.45,0.42,0.44,9898000
DELTA13C2607B,20260323,0.49,0.54,0.49,0.53,8703700
DELTA13C2608A,20260323,0.33,0.34,0.32,0.33,7560800
DELTA13P2605A,20260323,0.05,0.05,0.04,0.04,60900
DELTA13P2606A,20260323,0.22,0.23,0.21,0.21,5474300
DELTA13P2607A,20260323,0.73,0.73,0.69,0.7,7384300
DELTA19C2604A,20260323,0.1,0.12,0.1,0.11,1603200
DELTA19C2607A,20260323,0.66,0.71,0.66,0.7,6038100
DELTA19C2608A,20260323,0.59,0.62,0.58,0.62,5947500
DELTA19P2604A,20260323,0.02,0.02,0.01,0.01,100300
DELTA19P2605A,20260323,0.05,0.05,0.04,0.04,1751100
DELTA19P2606A,20260323,0.21,0.21,0.19,0.19,4118500
DELTA19P2607A,20260323,0.58,0.58,0.55,0.55,6181300
DELTA41C2605A,20260323,0.54,0.54,0.54,0.54,200
DELTA41C2605B,20260323,1.69,1.87,1.69,1.84,100900
DELTA41C2607A,20260323,0.4,0.43,0.4,0.42,3693000
DELTA41C2607B,20260323,0.49,0.5,0.47,0.49,1100600
DELTA41C2608A,20260323,0.33,0.33,0.32,0.33,81800
DELTA41C2608T,20260323,1.68,1.71,1.68,1.71,300
DELTA41C2612T,20260323,1.1,1.14,1.09,1.14,353200
DELTA41C2703T,20260323,0.69,0.72,0.69,0.72,461900
DELTA41P2605A,20260323,0.02,0.02,0.02,0.02,2100
DJI41C2606A,20260323,0.13,0.14,0.12,0.13,4852100
DJI41P2606A,20260323,1.2,1.29,1.2,1.28,44900
DOHOME01C2608A,20260323,0.17,0.17,0.16,0.16,709700
DOHOME13C2604A,20260323,0.01,0.01,0.01,0.01,10000
DOHOME13C2607A,20260323,0.17,0.17,0.16,0.16,200800
EA13C2604A,20260323,0.01,0.01,0.01,0.01,20100
EA13C2605A,20260323,0.02,0.02,0.02,0.02,100000
EA13C2607A,20260323,0.09,0.09,0.08,0.08,2563000
EA13C2607B,20260323,0.06,0.06,0.06,0.06,1585000
EA19C2606A,20260323,0.1,0.1,0.1,0.1,986600
EA41C2609T,20260323,0.2,0.2,0.2,0.2,7300
EGCO41C2612T,20260323,0.23,0.24,0.23,0.23,500300
ERW01C2608A,20260323,0.11,0.11,0.1,0.1,5530500
ERW01C2611T,20260323,0.2,0.21,0.2,0.2,4219200
ERW13C2608A,20260323,0.1,0.11,0.1,0.1,1464200
ERW41C2611T,20260323,0.3,0.3,0.28,0.3,1290900
GLOBAL13C2608A,20260323,0.12,0.12,0.09,0.09,3803800
GLOBAL41C2606T,20260323,0.01,0.01,0.01,0.01,300000
GLOBAL41C2612T,20260323,0.29,0.29,0.24,0.26,1600
GPSC01C2608A,20260323,0.04,0.04,0.03,0.03,215000
GPSC01C2609A,20260323,0.15,0.16,0.14,0.14,3334100
GPSC01C2609T,20260323,0.08,0.08,0.08,0.08,7000
GPSC01P2605A,20260323,0.23,0.24,0.21,0.24,4863300
GPSC01P2607A,20260323,0.57,0.57,0.53,0.57,1159000
GPSC01P2608A,20260323,0.9,0.96,0.9,0.96,1391600
GPSC13C2604A,20260323,0.01,0.01,0.01,0.01,5000
GPSC13C2606A,20260323,0.06,0.06,0.04,0.05,878800
GPSC13C2608A,20260323,0.06,0.06,0.05,0.05,222300
GPSC13C2608B,20260323,0.16,0.17,0.16,0.16,4788200
GPSC13C2701T,20260323,0.1,0.1,0.1,0.1,1552400
GPSC13P2606A,20260323,0.22,0.23,0.21,0.23,4006600
GPSC13P2608A,20260323,0.93,0.93,0.93,0.93,200
GPSC19C2608A,20260323,0.05,0.06,0.05,0.05,266700
GPSC19C2608B,20260323,0.18,0.2,0.17,0.17,6244000
GPSC41C2606A,20260323,0.03,0.03,0.03,0.03,3000
GPSC41C2608B,20260323,0.16,0.16,0.14,0.14,700
GPSC41C2703T,20260323,0.16,0.16,0.15,0.15,200
GPSC41P2606A,20260323,0.17,0.17,0.17,0.17,300100
GULF01C2604A,20260323,0.45,0.45,0.42,0.42,8200
GULF01C2606T,20260323,0.17,0.17,0.16,0.16,566200
GULF01C2608A,20260323,0.64,0.64,0.6,0.6,57000
GULF01C2608B,20260323,0.38,0.38,0.36,0.36,1900600
GULF01C2609A,20260323,0.32,0.32,0.29,0.29,5776700
GULF01C2702T,20260323,0.5,0.5,0.49,0.49,1423300
GULF01P2608A,20260323,0.12,0.12,0.11,0.12,532100
GULF01P2608B,20260323,0.3,0.33,0.3,0.33,2082000
GULF01P2609A,20260323,0.75,0.78,0.74,0.78,1111300
GULF13C2607A,20260323,0.58,0.58,0.52,0.52,264900
GULF13C2608A,20260323,0.42,0.42,0.38,0.38,7477600
GULF13P2607A,20260323,0.1,0.1,0.1,0.1,100
GULF13P2608A,20260323,0.53,0.54,0.52,0.54,1456200
GULF19C2607A,20260323,0.61,0.61,0.6,0.6,2000
GULF19C2607B,20260323,0.3,0.31,0.28,0.28,3005100
GULF41C2608A,20260323,0.36,0.36,0.36,0.36,100
GULF41C2609T,20260323,0.38,0.38,0.36,0.36,28000
GULF41P2608A,20260323,0.48,0.5,0.48,0.5,1100
GUNKUL01C2608A,20260323,0.18,0.19,0.16,0.19,624300
GUNKUL13C2608A,20260323,0.32,0.32,0.28,0.29,9250600
GUNKUL13C2608B,20260323,0.15,0.16,0.14,0.15,10631500
HANA01C2604A,20260323,0.52,0.52,0.52,0.52,1800
HANA01C2606A,20260323,1.32,1.32,1.23,1.23,105700
HANA01C2608A,20260323,0.92,1.06,0.91,1.06,167400
HANA01C2609A,20260323,0.19,0.22,0.18,0.2,13690600
HANA13C2604A,20260323,0.08,0.1,0.07,0.07,270100
HANA13C2604B,20260323,0.72,0.85,0.72,0.72,10200
HANA13C2607A,20260323,1.16,1.32,1.12,1.22,498400
HANA13C2608A,20260323,0.86,1,0.86,0.9,6728800
HANA13C2608B,20260323,0.49,0.57,0.49,0.52,2628300
HANA13C2608C,20260323,0.22,0.26,0.22,0.24,15805900
HANA13C2701T,20260323,0.56,0.64,0.56,0.58,227000
HANA13P2607A,20260323,0.12,0.15,0.1,0.11,518900
HANA19C2604A,20260323,0.08,0.16,0.08,0.11,5830300
HANA19C2608A,20260323,0.62,0.72,0.6,0.67,7134000
HANA41C2604A,20260323,0.1,0.1,0.09,0.1,400
HANA41C2606T,20260323,0.12,0.12,0.12,0.12,100
HANA41C2607A,20260323,1.18,1.3,1.18,1.23,1681400
HANA41C2608A,20260323,0.89,0.9,0.87,0.87,1443100
HANA41C2608B,20260323,0.53,0.54,0.5,0.5,500800
HANA41C2608T,20260323,0.8,0.86,0.8,0.81,5602000
HANA41C2612T,20260323,0.45,0.49,0.45,0.47,2108700
HMPRO13C2608A,20260323,0.1,0.1,0.09,0.09,239900
HMPRO19C2608A,20260323,0.08,0.08,0.08,0.08,77700
HSI28C2603A,20260323,0.01,0.01,0.01,0.01,600
HSI28C2603B,20260323,0.02,0.02,0.02,0.02,4000
HSI28C2603C,20260323,0.01,0.02,0.01,0.01,2165300
HSI28C2604A,20260323,0.03,0.04,0.03,0.04,958300
HSI28C2604B,20260323,0.04,0.07,0.03,0.04,1851700
HSI28C2604C,20260323,0.1,0.1,0.07,0.09,27762900
HSI28C2604D,20260323,0.19,0.2,0.15,0.17,102085700
HSI28C2605A,20260323,0.1,0.11,0.09,0.09,1852100
HSI28C2605B,20260323,0.22,0.23,0.19,0.2,7369900
HSI28C2605C,20260323,0.51,0.51,0.43,0.45,61612200
HSI28C2606A,20260323,0.21,0.21,0.18,0.19,5231200
HSI28P2603A,20260323,0.01,0.01,0.01,0.01,106900
HSI28P2603B,20260323,0.04,0.04,0.04,0.04,100
HSI28P2603C,20260323,0.7,0.88,0.68,0.78,23549300
HSI28P2604A,20260323,0.32,0.36,0.31,0.34,4310400
HSI28P2604B,20260323,0.73,0.82,0.72,0.77,45133800
HSI28P2604C,20260323,1.76,1.88,1.76,1.79,6300
HSI28P2605A,20260323,0.84,0.93,0.83,0.87,141700
HSI28P2605B,20260323,0.44,0.48,0.43,0.43,331700
HSTECH28C2606A,20260323,0.18,0.18,0.16,0.16,2600
HSTECH28P2606A,20260323,0.78,0.83,0.78,0.78,5032300
ICHI13C2608A,20260323,0.08,0.08,0.07,0.07,109400
ICHI19C2609T,20260323,0.13,0.13,0.12,0.13,261600
IRPC01C2607A,20260323,1.02,1.02,0.88,0.88,5700
IRPC01C2609A,20260323,0.65,0.71,0.61,0.61,109200
IRPC13C2604A,20260323,1,1,0.83,0.83,185000
IRPC13C2608A,20260323,0.8,0.8,0.65,0.65,3361400
IRPC13C2608B,20260323,0.5,0.51,0.4,0.4,23770100
IRPC13C2701T,20260323,0.67,0.67,0.63,0.63,340000
IRPC19C2609T,20260323,0.58,0.59,0.51,0.52,20414700
IRPC41C2604A,20260323,0.92,0.92,0.92,0.92,147300
IRPC41C2703T,20260323,0.67,0.69,0.63,0.63,4343400
ITC01C2606T,20260323,0.13,0.13,0.13,0.13,354900
ITC13C2608A,20260323,0.15,0.15,0.14,0.14,1311900
ITC19C2609T,20260323,0.15,0.15,0.15,0.15,140600
IVL01C2604A,20260323,0.27,0.53,0.27,0.53,1942500
IVL01C2605A,20260323,1.07,1.38,1.04,1.36,1478900
IVL01C2607A,20260323,0.37,0.51,0.34,0.51,11815100
IVL01C2608A,20260323,0.07,0.1,0.07,0.09,1232200
IVL01C2609A,20260323,0.9,1.1,0.86,1.09,106600
IVL01P2607A,20260323,0.17,0.18,0.12,0.12,7844200
IVL01P2608A,20260323,0.41,0.41,0.32,0.32,7902900
IVL13C2604A,20260323,0.15,0.32,0.14,0.31,5070700
IVL13C2605A,20260323,0.8,0.96,0.8,0.96,71300
IVL13C2607A,20260323,0.34,0.46,0.31,0.46,47327200
IVL13C2608A,20260323,0.65,0.82,0.63,0.82,2768600
IVL13P2607A,20260323,0.22,0.23,0.17,0.17,19631100
IVL19C2604A,20260323,0.49,0.65,0.42,0.65,2600
IVL19C2605A,20260323,1.24,1.24,1.24,1.24,100
IVL19C2607A,20260323,0.42,0.57,0.38,0.57,31827700
IVL41C2604A,20260323,0.2,0.33,0.2,0.32,600
IVL41C2605T,20260323,0.04,0.07,0.04,0.07,1300
IVL41C2607A,20260323,0.31,0.44,0.31,0.44,4054900
IVL41C2608A,20260323,0.68,0.79,0.68,0.79,200800
IVL41C2702T,20260323,0.42,0.5,0.41,0.5,2112500
IVL41P2607A,20260323,0.13,0.14,0.13,0.14,600100
JAS13C2608A,20260323,0.14,0.14,0.11,0.11,2033200
JD41C2606A,20260323,0.13,0.13,0.13,0.13,1400
JMART01C2608A,20260323,0.15,0.15,0.13,0.14,957100
JMART13C2605A,20260323,0.05,0.05,0.05,0.05,2000
JMART13C2608A,20260323,0.18,0.18,0.17,0.17,2183000
JMART13C2701T,20260323,0.17,0.17,0.16,0.16,470900
JMART19C2612A,20260323,0.24,0.25,0.24,0.24,874000
JMART41C2606T,20260323,0.02,0.02,0.02,0.02,100
JMART41C2609T,20260323,0.09,0.09,0.09,0.09,100
JMART41C2703T,20260323,0.27,0.27,0.25,0.26,1036700
JMT01C2605A,20260323,0.06,0.06,0.06,0.06,947400
JMT01C2608A,20260323,0.08,0.08,0.08,0.08,160100
JMT01C2701T,20260323,0.23,0.24,0.23,0.23,1212400
JMT13C2607A,20260323,0.24,0.26,0.24,0.24,357300
JMT13C2608A,20260323,0.1,0.11,0.09,0.1,1096200
JMT13C2701T,20260323,0.2,0.2,0.2,0.2,1593800
JMT19C2608A,20260323,0.09,0.09,0.09,0.09,60300
JMT41C2611T,20260323,0.08,0.08,0.08,0.08,1100000
JMT41C2703T,20260323,0.35,0.36,0.34,0.35,350500
KBANK01C2607A,20260323,0.21,0.21,0.2,0.21,2048600
KBANK01C2608A,20260323,0.09,0.09,0.09,0.09,25000
KBANK01C2609A,20260323,0.53,0.53,0.52,0.52,3137700
KBANK01C2702T,20260323,0.19,0.19,0.19,0.19,590000
KBANK01P2607A,20260323,0.43,0.44,0.43,0.43,2244100
KBANK13C2607A,20260323,0.07,0.07,0.06,0.07,1093400
KBANK13C2607B,20260323,0.27,0.27,0.24,0.24,5162300
KBANK13P2607A,20260323,0.42,0.43,0.42,0.43,157100
KBANK19C2608A,20260323,0.11,0.11,0.11,0.11,400000
KBANK41C2607B,20260323,0.23,0.23,0.23,0.23,100
KBANK41C2609T,20260323,0.52,0.52,0.52,0.52,185100
KBANK41C2703T,20260323,0.28,0.28,0.28,0.28,500
KCE13C2606A,20260323,0.32,0.36,0.29,0.29,19651500
KCE13C2607A,20260323,0.61,0.65,0.53,0.53,2110300
KCE13C2608A,20260323,0.4,0.43,0.36,0.36,32098900
KCE13P2608A,20260323,0.52,0.54,0.49,0.54,8517200
KCE19C2604A,20260323,0.02,0.02,0.02,0.02,2111000
KCE19C2605A,20260323,0.36,0.4,0.31,0.32,10380200
KCE19C2608B,20260323,0.44,0.47,0.39,0.39,14549100
KCE41C2606A,20260323,0.32,0.36,0.29,0.29,2087900
KCE41C2607A,20260323,0.55,0.6,0.5,0.5,285100
KCE41C2609T,20260323,0.53,0.57,0.51,0.51,4090400
KCE41P2608A,20260323,0.47,0.48,0.44,0.48,139700
KKP01C2607A,20260323,0.44,0.45,0.43,0.44,1839600
KKP01P2609A,20260323,0.84,0.85,0.83,0.84,1417000
KKP13C2606A,20260323,0.32,0.33,0.31,0.31,5532400
KKP19C2609T,20260323,0.62,0.63,0.62,0.62,1817300
KTB01C2608A,20260323,0.23,0.23,0.22,0.22,791400
KTB01P2608A,20260323,0.19,0.19,0.19,0.19,255000
KTB13C2606A,20260323,0.22,0.22,0.22,0.22,4700
KTB13C2608A,20260323,0.2,0.2,0.19,0.19,119200
KTB13P2608A,20260323,0.17,0.17,0.16,0.17,20400
KTB19C2609T,20260323,0.37,0.37,0.37,0.37,100000
KTC01C2604A,20260323,0.01,0.01,0.01,0.01,5000
KTC01C2607A,20260323,0.16,0.16,0.16,0.16,1590400
KTC01C2608A,20260323,0.08,0.08,0.08,0.08,200
KTC01P2608A,20260323,0.48,0.48,0.48,0.48,895300
KTC13C2607A,20260323,0.17,0.17,0.16,0.16,762300
KTC13C2608A,20260323,0.13,0.13,0.12,0.12,12000
KTC13C2701T,20260323,0.23,0.23,0.22,0.23,1200
KTC13P2608A,20260323,0.52,0.53,0.52,0.53,1365700
KTC19C2609T,20260323,0.16,0.16,0.16,0.16,1027800
KTC41C2607A,20260323,0.15,0.15,0.14,0.14,1600
KTC41P2608A,20260323,0.47,0.47,0.47,0.47,100
KUAISH41C2603A,20260323,0.01,0.01,0.01,0.01,6662200
KUAISH41C2606A,20260323,0.03,0.03,0.03,0.03,2000000
KUAISH41C2609A,20260323,0.18,0.18,0.17,0.17,400
LH01C2609A,20260323,0.16,0.17,0.15,0.16,3483500
LH13C2608A,20260323,0.19,0.19,0.18,0.18,656100
M01C2606A,20260323,0.14,0.14,0.11,0.11,488600
M13C2604B,20260323,0.01,0.01,0.01,0.01,28000
M13C2605A,20260323,0.1,0.1,0.07,0.07,61800
M13C2607A,20260323,0.12,0.12,0.12,0.12,471600
M13C2608B,20260323,0.34,0.34,0.33,0.33,1534600
M19C2605A,20260323,0.12,0.12,0.11,0.11,488800
M41C2612T,20260323,0.21,0.21,0.21,0.21,300
MCA5041C2606A,20260323,0.14,0.14,0.14,0.14,100
MEGA01C2702T,20260323,0.17,0.17,0.15,0.16,864500
MEGA13C2608A,20260323,0.09,0.09,0.08,0.08,64400
MEITUA28C2609A,20260323,0.36,0.36,0.33,0.33,100300
MEITUA41C2603A,20260323,0.01,0.06,0.01,0.01,140200
MEITUA41C2609A,20260323,0.34,0.34,0.32,0.32,800
MINT01C2605A,20260323,0.05,0.05,0.04,0.04,356200
MINT01C2608A,20260323,0.04,0.04,0.04,0.04,1600
MINT01C2609A,20260323,0.39,0.41,0.36,0.39,5614800
MINT01P2605A,20260323,0.22,0.23,0.2,0.22,4822300
MINT01P2609A,20260323,0.69,0.71,0.66,0.68,2318200
MINT13C2604A,20260323,0.01,0.01,0.01,0.01,179600
MINT13C2608A,20260323,0.24,0.25,0.23,0.24,1476500
MINT13C2608B,20260323,0.38,0.38,0.35,0.38,6315000
MINT13P2606A,20260323,0.46,0.49,0.43,0.44,2480100
MINT41C2604T,20260323,0.01,0.01,0.01,0.01,300000
MINT41C2608A,20260323,0.22,0.22,0.21,0.21,500
MINT41P2606A,20260323,0.37,0.41,0.37,0.4,3000200
MTC01C2608A,20260323,0.14,0.14,0.11,0.11,5762000
MTC01P2608A,20260323,0.17,0.19,0.17,0.19,1716500
MTC13C2605A,20260323,0.01,0.01,0.01,0.01,2697500
MTC13C2607A,20260323,0.12,0.12,0.1,0.1,8850300
MTC13P2607A,20260323,0.45,0.49,0.45,0.49,5358300
MTC19C2608A,20260323,0.17,0.17,0.15,0.15,3639400
MTC41C2604A,20260323,0.01,0.01,0.01,0.01,100
MTC41C2607A,20260323,0.11,0.11,0.09,0.09,25500
MTC41C2611T,20260323,0.07,0.07,0.05,0.06,43400
NDX28C2606A,20260323,0.23,0.26,0.23,0.24,500700
NDX28P2606A,20260323,0.76,0.79,0.76,0.79,27100
NDX41C2606A,20260323,0.21,0.22,0.19,0.21,2781100
NDX41P2606A,20260323,0.92,0.96,0.92,0.94,6873800
NIKKEI28C2606A,20260323,0.98,0.98,0.92,0.93,20200
NIKKEI28C2606B,20260323,0.64,0.68,0.61,0.68,113900
NIKKEI28C2606C,20260323,0.41,0.42,0.37,0.42,302900
NIKKEI28C2606D,20260323,0.26,0.27,0.23,0.26,1118100
NIKKEI28P2606A,20260323,0.44,0.48,0.44,0.44,279900
NIKKEI28P2606B,20260323,0.85,0.85,0.85,0.85,6000
NIKKEI28P2606C,20260323,0.66,0.66,0.6,0.62,900
NIKKEI28P2606D,20260323,1.1,1.1,1.1,1.1,200
NIKKEI41C2606B,20260323,0.62,0.66,0.57,0.65,1177400
NIKKEI41C2606C,20260323,0.38,0.41,0.34,0.38,604900
NIKKEI41P2606B,20260323,0.83,0.84,0.8,0.83,297400
NIKKEI41P2606C,20260323,0.59,0.62,0.57,0.57,147800
NTES41C2603A,20260323,0.01,0.01,0.01,0.01,9000
OR01C2606T,20260323,0.01,0.02,0.01,0.01,58300
OR01C2607A,20260323,0.01,0.01,0.01,0.01,50000
OR01C2608A,20260323,0.05,0.05,0.05,0.05,123600
OR01C2609A,20260323,0.2,0.2,0.19,0.19,278100
OR13C2608A,20260323,0.1,0.1,0.09,0.09,1003000
OR13C2608B,20260323,0.19,0.19,0.18,0.18,776900
OR41C2608T,20260323,0.13,0.13,0.13,0.13,4000
OSP01C2607A,20260323,0.05,0.06,0.05,0.06,5200
OSP01C2609A,20260323,0.25,0.27,0.25,0.26,3095700
OSP13C2607A,20260323,0.05,0.05,0.05,0.05,1432200
OSP13C2608A,20260323,0.2,0.2,0.19,0.19,1313700
OSP41C2607A,20260323,0.04,0.04,0.04,0.04,100
PINGAN41C2606A,20260323,0.07,0.07,0.06,0.06,34000
PLANB13C2607A,20260323,0.25,0.26,0.23,0.23,3014600
PLANB13C2608A,20260323,0.25,0.25,0.22,0.22,17167300
PLANB13C2608B,20260323,0.08,0.08,0.07,0.07,1212000
PLANB19C2605A,20260323,0.05,0.05,0.04,0.04,855000
PLANB41C2607A,20260323,0.24,0.24,0.22,0.22,501200
PLANB41C2608A,20260323,0.21,0.22,0.2,0.2,240500
POPMAR28C2606A,20260323,0.22,0.22,0.2,0.22,1700000
POPMAR41C2605A,20260323,0.24,0.24,0.22,0.23,1400
POPMAR41C2609T,20260323,0.82,0.83,0.79,0.81,3000
PR913C2605A,20260323,0.02,0.02,0.02,0.02,10000
PR913C2608A,20260323,0.11,0.11,0.11,0.11,795000
PRM01C2609A,20260323,0.31,0.31,0.27,0.27,1706900
PRM13C2608A,20260323,0.24,0.24,0.21,0.22,1299500
PRM41C2612T,20260323,0.45,0.45,0.41,0.41,1390300
PTG01C2607A,20260323,0.15,0.16,0.15,0.15,4232800
PTG13C2607A,20260323,0.2,0.2,0.18,0.18,6793000
PTG13C2608A,20260323,0.17,0.17,0.16,0.16,822500
PTG13C2608B,20260323,0.07,0.07,0.07,0.07,984800
PTG41C2701T,20260323,0.25,0.26,0.25,0.26,300
PTT01C2606T,20260323,0.09,0.09,0.08,0.08,16400
PTT01C2607A,20260323,0.13,0.14,0.12,0.12,1726100
PTT01P2609A,20260323,0.32,0.32,0.32,0.32,197200
PTT13C2606A,20260323,0.15,0.16,0.15,0.16,1749600
PTT13C2608A,20260323,0.12,0.13,0.12,0.12,3332800
PTT13C2701T,20260323,0.25,0.25,0.22,0.22,110700
PTT13P2608A,20260323,0.32,0.32,0.31,0.32,1811300
PTT19C2612T,20260323,0.31,0.32,0.31,0.32,720100
PTT41C2606A,20260323,0.12,0.12,0.12,0.12,100000
PTT41C2606T,20260323,0.21,0.21,0.21,0.21,100
PTT41C2608A,20260323,0.1,0.1,0.1,0.1,400000
PTTEP01C2606T,20260323,1.11,1.13,1.1,1.1,140600
PTTEP01C2607A,20260323,1.2,1.26,1.18,1.21,336500
PTTEP01C2608A,20260323,0.74,0.84,0.74,0.77,2636100
PTTEP01C2703T,20260323,0.54,0.56,0.54,0.54,2430000
PTTEP01P2607A,20260323,0.06,0.06,0.05,0.05,44200
PTTEP01P2608A,20260323,0.51,0.51,0.47,0.5,1810600
PTTEP13C2607A,20260323,1.47,1.49,1.44,1.44,100500
PTTEP13C2608A,20260323,1,1.04,0.96,1,2168600
PTTEP13C2608B,20260323,0.67,0.73,0.66,0.68,13368500
PTTEP13C2608C,20260323,0.46,0.49,0.44,0.45,15215100
PTTEP13P2607A,20260323,0.05,0.05,0.05,0.05,25000
PTTEP13P2608A,20260323,0.31,0.31,0.28,0.3,2074300
PTTEP19C2608A,20260323,0.78,0.78,0.78,0.78,14000
PTTEP19C2608B,20260323,0.49,0.55,0.48,0.51,11685700
PTTEP41C2608A,20260323,0.93,0.96,0.93,0.96,36100
PTTEP41C2608B,20260323,0.65,0.71,0.65,0.66,3081000
PTTEP41C2609T,20260323,1.1,1.16,1.1,1.11,360800
PTTEP41C2703T,20260323,0.56,0.59,0.56,0.57,961100
PTTEP41P2608A,20260323,0.29,0.29,0.29,0.29,3000
PTTGC01C2605A,20260323,0.72,1.02,0.72,1.02,1213000
PTTGC01C2607A,20260323,0.27,0.37,0.26,0.37,9008000
PTTGC01P2607A,20260323,0.08,0.08,0.06,0.06,388000
PTTGC01P2609A,20260323,0.32,0.32,0.27,0.27,4108900
PTTGC13C2607A,20260323,0.42,0.51,0.42,0.5,362600
PTTGC13C2608A,20260323,0.29,0.36,0.29,0.36,20532600
PTTGC13P2607A,20260323,0.09,0.09,0.07,0.08,529900
PTTGC19C2607A,20260323,0.65,0.65,0.65,0.65,2600
PTTGC19C2608A,20260323,0.36,0.47,0.36,0.45,4571300
PTTGC41C2607A,20260323,0.5,0.5,0.5,0.5,200
PTTGC41C2608A,20260323,0.27,0.34,0.27,0.34,4387900
PTTGC41C2608T,20260323,1.16,1.16,1.16,1.16,500
PTTGC41C2611T,20260323,0.26,0.3,0.26,0.3,2451200
PTTGC41C2612T,20260323,0.52,0.58,0.5,0.58,1824400
RCL01C2608A,20260323,0.3,0.3,0.26,0.26,1549300
RCL01C2610T,20260323,0.38,0.38,0.34,0.35,1750800
RCL13C2608A,20260323,0.31,0.31,0.25,0.25,2385100
RCL41C2612T,20260323,0.28,0.28,0.28,0.28,600
SAWAD01C2606A,20260323,0.18,0.18,0.15,0.15,3467900
SAWAD01C2607A,20260323,0.04,0.04,0.04,0.04,61500
SAWAD01C2609A,20260323,0.08,0.08,0.08,0.08,1500
SAWAD01P2606A,20260323,0.21,0.24,0.21,0.24,1507500
SAWAD01P2608A,20260323,0.51,0.54,0.51,0.54,2254200
SAWAD13C2604A,20260323,0.01,0.01,0.01,0.01,26600
SAWAD13C2607A,20260323,0.08,0.08,0.06,0.06,3565000
SAWAD13C2607B,20260323,0.27,0.27,0.22,0.22,5572000
SAWAD13P2608A,20260323,0.46,0.49,0.46,0.49,2180800
SAWAD19C2607A,20260323,0.23,0.23,0.2,0.2,1138000
SAWAD19C2608A,20260323,0.15,0.15,0.14,0.14,3592800
SAWAD41C2607A,20260323,0.06,0.06,0.06,0.06,200
SAWAD41C2609T,20260323,0.05,0.05,0.05,0.05,55500
SAWAD41C2610T,20260323,0.24,0.25,0.24,0.25,200
SCB01C2605A,20260323,0.17,0.17,0.15,0.15,2100600
SCB01C2607A,20260323,0.35,0.35,0.33,0.33,1878000
SCB01C2608A,20260323,0.26,0.26,0.24,0.25,1721600
SCB01P2605A,20260323,0.01,0.01,0.01,0.01,600000
SCB01P2607A,20260323,0.31,0.33,0.31,0.32,4172900
SCB13C2607A,20260323,0.16,0.16,0.13,0.13,3004500
SCB13C2607B,20260323,0.28,0.28,0.27,0.27,5616900
SCB13P2607A,20260323,0.4,0.41,0.4,0.41,5092100
SCB19C2612T,20260323,0.42,0.42,0.41,0.41,1388000
SCB41C2607A,20260323,0.12,0.12,0.11,0.11,150300
SCB41C2609T,20260323,0.5,0.5,0.49,0.49,980400
SCC01C2606T,20260323,0.27,0.3,0.26,0.29,5004500
SCC01C2607A,20260323,0.07,0.08,0.07,0.07,30700
SCC01C2609A,20260323,0.73,0.8,0.7,0.78,3998700
SCC01P2605A,20260323,0.17,0.17,0.14,0.14,4341200
SCC01P2607A,20260323,0.77,0.78,0.71,0.72,6387100
SCC13C2606A,20260323,0.16,0.19,0.16,0.18,8296900
SCC13C2607A,20260323,0.12,0.13,0.12,0.13,5164000
SCC13C2608A,20260323,0.64,0.72,0.64,0.71,6809800
SCC13C2701T,20260323,0.22,0.24,0.22,0.24,70500
SCC13P2607A,20260323,0.72,0.73,0.65,0.66,9245800
SCC19C2605A,20260323,0.1,0.1,0.09,0.09,848400
SCC19C2607A,20260323,0.07,0.08,0.07,0.08,4346400
SCC19C2608A,20260323,0.65,0.73,0.62,0.71,12840400
SCC41C2606A,20260323,0.15,0.16,0.15,0.16,52000
SCC41C2608A,20260323,0.65,0.68,0.63,0.66,2859000
SCC41C2608T,20260323,0.6,0.62,0.59,0.61,5821400
SCC41C2612T,20260323,0.41,0.43,0.41,0.43,200
SCC41P2607A,20260323,0.65,0.65,0.58,0.59,5505600
SCGP01C2604A,20260323,0.02,0.02,0.02,0.02,174500
SCGP01C2608A,20260323,0.17,0.19,0.17,0.18,2038200
SCGP01C2609A,20260323,0.32,0.36,0.32,0.35,5237200
SCGP01P2604A,20260323,0.02,0.02,0.02,0.02,100
SCGP01P2608A,20260323,0.47,0.47,0.43,0.43,3754900
SCGP13C2605A,20260323,0.17,0.19,0.17,0.19,8863900
SCGP13C2607A,20260323,0.14,0.14,0.13,0.14,6618900
SCGP13C2608A,20260323,0.32,0.35,0.31,0.35,10827400
SCGP13P2608A,20260323,0.54,0.54,0.5,0.5,6661400
SCGP19C2605A,20260323,0.18,0.21,0.18,0.2,6845700
SCGP19C2607A,20260323,0.16,0.18,0.16,0.18,21098300
SCGP41C2606T,20260323,0.11,0.12,0.11,0.12,900900
SCGP41C2607A,20260323,0.12,0.12,0.12,0.12,200000
SCGP41C2608A,20260323,0.29,0.33,0.29,0.32,4100900
SCGP41C2609T,20260323,0.42,0.42,0.4,0.4,800
SET01C2604A,20260323,0.6,0.6,0.27,0.44,36000
SET01C2605A,20260323,1.24,1.42,1.24,1.37,58700
SET01C2606L,20260323,3.12,3.12,3.12,3.12,300
SET01C2607A,20260323,0.83,0.88,0.8,0.82,41300
SET01C2607B,20260323,0.24,0.3,0.22,0.3,108300
SET01P2604A,20260323,0.02,0.02,0.02,0.02,18600
SET01P2605A,20260323,0.07,0.07,0.06,0.07,176300
SET01P2606L,20260323,0.99,0.99,0.82,0.84,372400
SET01P2607A,20260323,0.29,0.35,0.28,0.3,702800
SET01P2607B,20260323,0.88,0.99,0.86,0.93,3200
SET5001C2603F,20260323,0.05,0.05,0.03,0.03,125000
SET5001C2603G,20260323,0.11,0.11,0.04,0.04,200
SET5001C2603H,20260323,1.26,1.35,1.26,1.35,200
SET5001C2603I,20260323,0.09,0.09,0.09,0.09,2800
SET5001C2605A,20260323,0.9,0.9,0.57,0.66,60700
SET5001C2606F,20260323,0.77,0.77,0.51,0.55,104400
SET5001C2606H,20260323,0.22,0.22,0.1,0.1,1100
SET5001C2606I,20260323,0.65,0.69,0.63,0.65,7219500
SET5001C2607A,20260323,0.63,0.67,0.53,0.56,43600
SET5001C2607B,20260323,0.13,0.14,0.1,0.13,130800
SET5001C2607C,20260323,0.65,0.68,0.63,0.63,5564200
SET5001P2603H,20260323,0.01,0.01,0.01,0.01,50000
SET5001P2605A,20260323,0.02,0.03,0.02,0.03,24100
SET5001P2606F,20260323,0.26,0.26,0.24,0.25,7100
SET5001P2606G,20260323,0.65,0.65,0.65,0.65,4000
SET5001P2606H,20260323,1.45,1.46,1.43,1.43,600
SET5001P2606I,20260323,0.8,0.81,0.77,0.8,4917000
SET5001P2607A,20260323,0.22,0.25,0.2,0.2,472800
SET5001P2607B,20260323,0.99,1.03,0.95,0.99,51700
SET5001P2607C,20260323,0.71,0.72,0.68,0.72,14215100
SET5013C2603A,20260323,0.06,0.06,0.01,0.01,775700
SET5013C2603B,20260323,0.07,0.09,0.06,0.07,12872900
SET5013C2603C,20260323,0.15,0.18,0.13,0.15,552400
SET5013C2603D,20260323,0.17,0.24,0.17,0.18,4329200
SET5013C2603E,20260323,0.23,0.31,0.22,0.29,331000
SET5013C2603F,20260323,0.48,0.57,0.42,0.46,1289100
SET5013C2603G,20260323,0.1,0.1,0.06,0.09,949000
SET5013C2606A,20260323,0.45,0.49,0.43,0.45,52542900
SET5013C2606B,20260323,0.3,0.31,0.27,0.28,58968700
SET5013C2606C,20260323,0.2,0.21,0.18,0.2,53575900
SET5013C2606D,20260323,0.17,0.17,0.14,0.15,64049200
SET5013C2606E,20260323,0.11,0.13,0.1,0.11,10770800
SET5013C2606F,20260323,0.09,0.1,0.07,0.08,18034400
SET5013C2606G,20260323,0.07,0.08,0.06,0.07,28930200
SET5013C2606H,20260323,0.25,0.28,0.25,0.25,23504600
SET5013C2606I,20260323,0.41,0.43,0.38,0.4,282898100
SET5013C2606J,20260323,0.62,0.66,0.6,0.62,91504500
SET5013P2603A,20260323,0.01,0.01,0.01,0.01,200
SET5013P2603B,20260323,0.01,0.01,0.01,0.01,100
SET5013P2603E,20260323,0.01,0.01,0.01,0.01,100
SET5013P2603F,20260323,0.01,0.02,0.01,0.02,28100
SET5013P2603G,20260323,0.02,0.02,0.01,0.01,70100
SET5013P2603H,20260323,0.01,0.01,0.01,0.01,1100
SET5013P2603I,20260323,0.01,0.02,0.01,0.02,147700
SET5013P2603J,20260323,0.02,0.02,0.01,0.02,106500
SET5013P2603K,20260323,0.02,0.02,0.01,0.02,193500
SET5013P2603X,20260323,3.76,3.76,3.6,3.66,44700
SET5013P2606A,20260323,0.21,0.22,0.19,0.2,51974300
SET5013P2606B,20260323,0.26,0.27,0.24,0.25,13320500
SET5013P2606C,20260323,0.42,0.43,0.38,0.4,44341200
SET5013P2606D,20260323,0.61,0.63,0.56,0.59,49656300
SET5013P2606E,20260323,0.93,0.96,0.84,0.89,27851300
SET5013P2606F,20260323,1.26,1.28,1.17,1.21,898800
SET5013P2606G,20260323,1.95,1.95,1.72,1.82,23900
SET5013P2606H,20260323,0.4,0.41,0.37,0.38,61100500
SET5013P2606I,20260323,0.55,0.57,0.51,0.53,57069000
SET5013P2606J,20260323,0.28,0.28,0.25,0.26,14087500
SET5013P2606K,20260323,0.75,0.77,0.7,0.73,107563300
SET5013P2606L,20260323,1.13,1.15,1.06,1.1,195010000
SET5013P2606X,20260323,6,6,6,6,400
SET5019C2603A,20260323,0.36,0.36,0.36,0.36,200
SET5019C2603C,20260323,1.63,1.63,1.63,1.63,100
SET5019C2606A,20260323,0.36,0.42,0.36,0.41,2072000
SET5019C2606D,20260323,0.53,0.59,0.52,0.55,8805700
SET5019C2606E,20260323,0.39,0.44,0.38,0.41,15336400
SET5019P2603A,20260323,0.01,0.01,0.01,0.01,100
SET5019P2606A,20260323,0.28,0.34,0.24,0.27,98000
SET5019P2606B,20260323,0.63,0.63,0.63,0.63,4500
SET5019P2606C,20260323,1.86,1.86,1.69,1.69,400
SET5019P2606D,20260323,0.57,0.58,0.53,0.55,96247600
SET5019P2606E,20260323,1.01,1.01,0.93,0.98,85036400
SET5041C2603D,20260323,0.39,0.39,0.38,0.38,1500
SET5041C2606A,20260323,0.51,0.57,0.5,0.53,49300
SET5041C2606B,20260323,0.31,0.31,0.31,0.31,100
SET5041C2606C,20260323,0.26,0.27,0.25,0.26,9040900
SET5041C2606D,20260323,0.16,0.16,0.13,0.13,101900
SET5041C2606E,20260323,0.13,0.14,0.12,0.12,5200
SET5041C2606F,20260323,0.08,0.11,0.08,0.08,226000
SET5041C2606G,20260323,0.08,0.08,0.08,0.08,7100
SET5041C2606H,20260323,0.23,0.25,0.23,0.24,3727200
SET5041C2606I,20260323,0.32,0.37,0.32,0.35,11199600
SET5041C2606J,20260323,0.47,0.52,0.47,0.5,37992200
SET5041C2609T,20260323,0.86,0.89,0.85,0.87,5564700
SET5041P2606A,20260323,0.61,0.63,0.61,0.61,16204000
SET5041P2606C,20260323,1.1,1.1,1,1.05,13002800
SET5041P2606H,20260323,0.4,0.41,0.38,0.4,57100
SET5041P2606I,20260323,0.52,0.53,0.5,0.52,14491300
SET5041P2606J,20260323,0.3,0.3,0.3,0.3,100
SET5041P2606K,20260323,0.71,0.71,0.66,0.69,26444700
SET5041P2606L,20260323,1.11,1.11,1.03,1.06,99820100
SET5041P2609T,20260323,0.43,0.43,0.42,0.42,87800
SIRI13C2605A,20260323,0.14,0.14,0.13,0.13,1590500
SIRI41C2605A,20260323,0.13,0.13,0.13,0.13,300200
SISB13C2607A,20260323,0.08,0.08,0.07,0.07,2256400
SISB13C2608A,20260323,0.19,0.19,0.17,0.17,101000
SISB19C2612A,20260323,0.27,0.27,0.27,0.27,26300
SJWD13C2608A,20260323,0.25,0.25,0.21,0.22,426200
SJWD19C2609T,20260323,0.06,0.06,0.06,0.06,100
SPALI13C2608A,20260323,0.26,0.26,0.22,0.24,1376900
SPALI41C2609T,20260323,0.18,0.18,0.17,0.17,3100
SPRC01C2607A,20260323,0.29,0.29,0.27,0.27,4296400
SPRC01C2703T,20260323,0.26,0.26,0.26,0.26,4181400
SPRC13C2604A,20260323,0.07,0.07,0.04,0.04,1141100
SPRC13C2607A,20260323,0.3,0.3,0.28,0.28,4570500
SPRC13C2608A,20260323,0.24,0.24,0.22,0.22,8095000
SPRC41C2606T,20260323,0.23,0.23,0.22,0.22,700100
SPRC41C2607A,20260323,0.27,0.27,0.26,0.26,250200
SPRC41C2608A,20260323,0.21,0.21,0.2,0.2,480200
SPX28C2606B,20260323,0.56,0.56,0.53,0.54,20000
SPX28P2606A,20260323,1.08,1.13,1.08,1.13,6000
SPX41C2606A,20260323,0.21,0.21,0.19,0.2,3830000
SPX41P2606A,20260323,1.23,1.27,1.22,1.24,44600
STA01C2607A,20260323,0.49,0.63,0.49,0.61,217500
STA01C2609A,20260323,0.34,0.49,0.34,0.47,8247900
STA13C2605A,20260323,0.47,0.66,0.47,0.64,287600
STA13C2608A,20260323,0.45,0.6,0.45,0.58,19191700
STA19C2612A,20260323,0.52,0.67,0.52,0.65,20934800
STA41C2612T,20260323,0.29,0.36,0.29,0.36,5722600
STGT01C2608A,20260323,0.49,0.55,0.49,0.51,1838000
STGT13C2607A,20260323,0.4,0.51,0.4,0.47,3208200
STGT13C2607B,20260323,0.12,0.15,0.12,0.13,6995000
STGT19C2609A,20260323,0.25,0.3,0.25,0.27,887700
STGT41C2606T,20260323,0.15,0.16,0.15,0.15,20900
STGT41C2612T,20260323,0.44,0.48,0.44,0.47,2052600
TASCO13C2604A,20260323,0.01,0.01,0.01,0.01,2000300
TCAP13C2605A,20260323,0.04,0.06,0.04,0.06,511700
TENCEN28P2604A,20260323,0.7,0.7,0.7,0.7,100
TENCEN41C2609A,20260323,0.3,0.3,0.28,0.29,1700200
TFG13C2606A,20260323,0.74,0.74,0.74,0.74,500000
TFG13C2608A,20260323,0.56,0.56,0.52,0.53,18300
TFG13C2608B,20260323,0.31,0.34,0.3,0.31,6289600
TFG19C2608A,20260323,0.57,0.57,0.57,0.57,300
TIDLOR01C2606A,20260323,0.05,0.05,0.05,0.05,2000
TIDLOR01C2608A,20260323,0.06,0.06,0.06,0.06,2000
TIDLOR01C2610T,20260323,0.11,0.11,0.11,0.11,1671000
TIDLOR01P2605A,20260323,0.5,0.63,0.5,0.63,1641500
TIDLOR01P2608A,20260323,1.27,1.41,1.27,1.41,921500
TIDLOR13C2604A,20260323,0.01,0.01,0.01,0.01,280000
TIDLOR13C2607A,20260323,0.08,0.08,0.06,0.07,530900
TIDLOR13C2608A,20260323,0.24,0.24,0.19,0.19,6450500
TIDLOR13C2701T,20260323,0.2,0.2,0.19,0.19,2294600
TIDLOR13P2608A,20260323,0.67,0.74,0.67,0.74,3577900
TIDLOR19C2609T,20260323,0.11,0.11,0.1,0.1,275600
TIDLOR19C2612T,20260323,0.27,0.28,0.25,0.25,1190700
TIDLOR41C2612T,20260323,0.12,0.12,0.12,0.12,10000
TISCO13C2607A,20260323,0.16,0.16,0.13,0.14,206400
TLI13C2607A,20260323,0.08,0.08,0.08,0.08,500000
TLI41C2607A,20260323,0.06,0.06,0.06,0.06,1000
TOA01C2702T,20260323,0.23,0.23,0.22,0.23,134900
TOA13C2605A,20260323,0.03,0.03,0.03,0.03,17200
TOP01C2605A,20260323,0.21,0.22,0.18,0.18,4630100
TOP01C2608A,20260323,0.26,0.28,0.25,0.25,8866900
TOP01C2609A,20260323,0.15,0.16,0.14,0.14,2904200
TOP01C2701T,20260323,0.36,0.37,0.35,0.35,5172000
TOP01P2607A,20260323,0.28,0.28,0.26,0.28,2937500
TOP01P2609B,20260323,0.79,0.8,0.75,0.8,1709900
TOP13C2607A,20260323,0.3,0.32,0.28,0.28,4628000
TOP13C2608A,20260323,0.22,0.23,0.2,0.2,6324100
TOP13P2608A,20260323,0.74,0.77,0.71,0.77,3475000
TOP19C2612T,20260323,0.75,0.79,0.75,0.75,3098400
TOP41C2607A,20260323,0.28,0.31,0.28,0.29,400
TOP41C2608A,20260323,0.2,0.21,0.19,0.19,50400
TOP41C2611T,20260323,0.56,0.58,0.55,0.55,755500
TOP41C2703T,20260323,0.32,0.32,0.3,0.31,400
TRUE01C2607A,20260323,0.46,0.46,0.43,0.43,879500
TRUE01C2608A,20260323,0.26,0.27,0.25,0.25,3974000
TRUE01P2608A,20260323,0.48,0.49,0.47,0.49,1318000
TRUE13C2607A,20260323,0.36,0.36,0.35,0.35,32300
TRUE13C2607B,20260323,0.43,0.43,0.41,0.41,780300
TRUE13C2608A,20260323,0.3,0.3,0.27,0.27,843700
TRUE13P2607A,20260323,0.1,0.11,0.1,0.11,120200
TRUE13P2608A,20260323,0.45,0.46,0.44,0.46,339800
TRUE19C2604A,20260323,0.1,0.1,0.09,0.1,77300
TRUE19C2607A,20260323,0.44,0.44,0.44,0.44,100
TRUE19C2608A,20260323,0.26,0.27,0.25,0.25,2315500
TRUE41C2607A,20260323,0.35,0.35,0.35,0.35,50000
TRUE41C2607B,20260323,0.35,0.35,0.35,0.35,200400
TRUE41C2608A,20260323,0.26,0.26,0.26,0.26,30000
TRUE41C2612T,20260323,0.32,0.33,0.31,0.31,1715000
TRUE41P2608A,20260323,0.4,0.4,0.4,0.4,100
TTB01C2605A,20260323,0.05,0.05,0.05,0.05,5000
TTB01C2608A,20260323,0.11,0.11,0.1,0.1,549600
TTB13C2607A,20260323,0.1,0.1,0.09,0.1,464900
TTB13C2608A,20260323,0.1,0.1,0.09,0.09,343400
TU01C2607A,20260323,0.06,0.06,0.06,0.06,12000
TU01C2609A,20260323,0.13,0.13,0.13,0.13,320100
TU01P2605A,20260323,0.17,0.17,0.17,0.17,136600
TU13C2607A,20260323,0.06,0.06,0.06,0.06,340500
TU13C2608A,20260323,0.15,0.15,0.14,0.15,857700
TU13P2608A,20260323,0.34,0.35,0.34,0.34,250000
VGI01C2604A,20260323,0.02,0.02,0.02,0.02,100
VGI01C2606A,20260323,0.02,0.02,0.02,0.02,839900
VGI01C2608A,20260323,0.09,0.1,0.09,0.1,933000
VGI01C2609A,20260323,0.2,0.22,0.2,0.2,1371000
VGI13C2605A,20260323,0.01,0.01,0.01,0.01,1151400
VGI13C2607A,20260323,0.06,0.06,0.05,0.05,2053300
VGI13C2608A,20260323,0.06,0.07,0.05,0.05,1100500
VGI13C2608B,20260323,0.15,0.17,0.14,0.14,3245300
VGI19C2607A,20260323,0.11,0.13,0.11,0.11,3985800
VGI19C2610T,20260323,0.05,0.05,0.05,0.05,100
VGI41C2608A,20260323,0.05,0.05,0.05,0.05,330000
VGI41C2703T,20260323,0.26,0.28,0.26,0.26,600
WHA01C2608A,20260323,0.25,0.25,0.22,0.23,3313700
WHA01C2610T,20260323,0.55,0.55,0.52,0.52,2966000
WHA01P2608A,20260323,0.61,0.63,0.6,0.63,2211100
WHA13C2605A,20260323,0.41,0.41,0.41,0.41,5000
WHA13C2608A,20260323,0.32,0.34,0.31,0.31,4540800
WHA13C2701T,20260323,0.48,0.5,0.45,0.45,3689500
WHA13P2608A,20260323,0.71,0.72,0.69,0.72,2367000
WHA19C2607A,20260323,0.24,0.26,0.23,0.23,2824100
WHA41C2608A,20260323,0.3,0.32,0.3,0.31,960300
WHA41C2608T,20260323,0.16,0.16,0.16,0.16,1000
WHA41C2701T,20260323,0.45,0.45,0.42,0.42,971400
WHA41P2608A,20260323,0.61,0.62,0.61,0.61,577900
WUXI41C2609A,20260323,0.21,0.21,0.2,0.21,4200
XIAOMI28C2606A,20260323,0.08,0.08,0.06,0.06,566000
XIAOMI28C2609A,20260323,0.43,0.43,0.41,0.41,201900
XIAOMI41C2606A,20260323,0.15,0.15,0.14,0.14,200
XIAOMI41C2609T,20260323,0.39,0.39,0.38,0.38,2200
ZIJIN41C2606A,20260323,0.08,0.08,0.07,0.08,170200
AAPL01,20260323,23.9,24.1,23.8,23.9,1344
AAPL03,20260323,2.7,2.72,2.7,2.72,16457
AAPL19,20260323,5.45,5.5,5.45,5.5,27
AAPL80,20260323,8.15,8.2,8.05,8.1,428506
ABBV19,20260323,6.8,6.85,6.75,6.8,23034
ABNB06,20260323,4.26,4.3,4.2,4.22,57
ADBE03,20260323,1.79,1.82,1.77,1.81,5962
ADBE06,20260323,2,2.04,1.99,2,958635
ADVANT19,20260323,4.64,4.74,4.64,4.72,64097
ADVANT23,20260323,3.2,3.22,3.16,3.22,83891
AFRM03,20260323,1.82,1.88,1.78,1.78,116989
AIA06,20260323,3.42,3.42,3.34,3.4,5192
AIA19,20260323,3.42,3.42,3.32,3.34,4776
AIA23,20260323,2.62,2.64,2.52,2.64,211867
AMD03,20260323,3.36,3.38,3.24,3.26,100654
AMD80,20260323,1.33,1.35,1.28,1.29,10168639
AMGN06,20260323,2.86,2.96,2.86,2.88,14362
AMZN01,20260323,20.1,20.1,19.6,19.7,35267
AMZN03,20260323,3.36,3.38,3.36,3.36,1003
AMZN06,20260323,1.71,1.71,1.66,1.66,669360
AMZN80,20260323,1.72,1.72,1.66,1.67,2588444
ANTA13,20260323,1.96,1.96,1.95,1.95,12
ANTA23,20260323,2,2,1.98,2,329298
APLD03,20260323,2.86,2.86,2.76,2.8,5323
APPL03,20260323,2.4,2.42,2.36,2.4,38978
ASEMI24,20260323,2.4,2.4,2.3,2.32,693082
ASICS23,20260323,2.6,2.6,2.5,2.54,70570
ASML01,20260323,37.25,37.5,34.75,35.25,272139
ASTS03,20260323,3.08,3.18,2.86,2.92,611557
AVGO80,20260323,2.1,2.1,1.99,2,1895715
AXP06,20260323,2.4,2.44,2.4,2.44,16126
BABA01,20260323,11.5,11.6,11.3,11.3,80158
BABA06,20260323,5.1,5.1,5,5,53631
BABA13,20260323,2.1,2.12,2.04,2.04,32016
BABA23,20260323,3.38,3.4,3.34,3.36,135449
BABA80,20260323,5.1,5.1,4.98,5.05,15120234
BAC03,20260323,3.08,3.12,3.08,3.12,96124
BDX06,20260323,1.73,1.73,1.68,1.69,55063
BIDU01,20260323,10.6,10.6,10.4,10.5,86478
BIDU06,20260323,4.62,4.66,4.58,4.6,29642
BIDU23,20260323,2.22,2.22,2.2,2.2,244164
BIDU80,20260323,4.64,4.64,4.56,4.58,25922266
BILIBILI01,20260323,3.68,3.7,3.62,3.7,1068093
BIREN23,20260323,5.15,5.15,4.74,4.78,46355
BKNG03,20260323,2.38,2.4,2.38,2.38,2045
BKNG80,20260323,2.82,2.86,2.8,2.82,507090
BLK06,20260323,3.18,3.2,3.12,3.14,11276
BONDAS19,20260323,6.4,6.45,6.4,6.4,352
BRKB80,20260323,1.59,1.6,1.56,1.56,1556358
BYDCOM01,20260323,1,1.02,0.97,0.98,3099758
BYDCOM80,20260323,0.44,0.45,0.42,0.43,48888826
CAMBRI80,20260323,4.76,5.05,4.64,4.66,228480
CATL01,20260323,6.5,6.55,6.25,6.25,9160391
CATL23,20260323,11.5,11.6,10.9,11,359897
CATL80,20260323,28.5,29,26.25,27,310018
CHHONGQ19,20260323,12.8,13.3,12.7,13.3,163962
CHMOBILE19,20260323,3.28,3.3,3.26,3.3,383076
CHMOBILE23,20260323,2.54,2.58,2.54,2.58,192705
CHNXT5023,20260323,7.3,7.3,7.05,7.05,247427
CMBANK23,20260323,2.24,2.24,2.16,2.16,9922
CME03,20260323,3.4,3.44,3.36,3.44,278
CN01,20260323,22,22.3,21.8,22.3,26965
CN23,20260323,5.65,5.65,5.45,5.6,432
CNBIO24,20260323,1.37,1.37,1.33,1.34,14858
CNEV24,20260323,2.4,2.4,2.34,2.34,789
CNROBOAI23,20260323,2.36,2.38,2.3,2.32,84344
CNSEMI23,20260323,2.5,2.5,2.42,2.42,88593
CNSTAR5023,20260323,6.6,6.6,6.35,6.35,28925
CNTECH01,20260323,25.5,25.75,24.9,25,107345
COSTCO19,20260323,32.25,32.25,32,32,3392
CRM01,20260323,3.52,3.56,3.48,3.56,18615
CRM06,20260323,2.52,2.58,2.5,2.58,223
CRM80,20260323,6.35,6.45,6.35,6.45,11729
CRSP03,20260323,3.08,3.1,3,3.02,25562
CRWD06,20260323,2.8,2.82,2.64,2.64,156115
CRWD80,20260323,14.1,14.1,13.2,13.2,515179
CRWV03,20260323,2.62,2.72,2.58,2.58,112665
CSCO06,20260323,3.22,3.22,3.16,3.2,5923
CYPC80,20260323,12.9,12.9,12.8,12.8,7217
DASH03,20260323,2.62,2.62,2.54,2.58,19519
DBS19,20260323,14.7,14.7,14.5,14.6,21809
DDOG19,20260323,4.26,4.28,4.04,4.04,1906
DELL19,20260323,5.35,5.55,5.1,5.2,508822
DISNEY19,20260323,16.3,16.3,16.2,16.2,3257
DUOL06,20260323,2.04,2.06,1.98,1.98,167133
E1VFVN3001,20260323,39,39.25,38,38.25,376885
EOSE03,20260323,0.9,0.9,0.82,0.82,965090
ESTEE80,20260323,0.95,0.95,0.93,0.93,128394
EXPE06,20260323,3.12,3.12,3.06,3.08,555
FANUC23,20260323,2.16,2.2,2.12,2.2,31686
FERRARI80,20260323,1.04,1.05,1.02,1.02,230827
FPTVN11,20260323,1.82,1.89,1.8,1.83,150260
FPTVN19,20260323,9.05,9.55,9,9.3,492569
FUEVFVND01,20260323,44.5,44.5,42.25,42.5,341860
GAC03,20260323,2.76,2.76,2.7,2.74,15
GANFENG23,20260323,2.48,2.54,2.44,2.54,400701
GASVN11,20260323,4.12,4.18,4.04,4.04,6216
GDS23,20260323,2.44,2.44,2.34,2.38,235888
GEELY06,20260323,3.44,3.44,3.36,3.36,26880
GEELY80,20260323,8.55,8.65,8.2,8.4,210163
GIGA23,20260323,5.7,5.7,5.45,5.55,347536
GOLD03,20260323,3.32,3.34,3.12,3.26,3308209
GOLD19,20260323,13.4,13.4,12.6,13.1,3720421
GOLDUS03,20260323,3.52,3.52,3.12,3.22,825591
GOLDUS19,20260323,47,47.25,41.75,43.5,2195948
GOOG80,20260323,4.98,4.98,4.82,4.82,5063809
GOOGL01,20260323,29.25,29.5,28.5,28.5,363834
GOOGL03,20260323,5.05,5.05,4.86,4.92,28510
GRAB80,20260323,12,12,11.4,11.5,73875
GSUS06,20260323,3.78,3.86,3.76,3.82,56133
HAIERS19,20260323,9.85,9.9,9.7,9.85,66317
HANSOH19,20260323,5.25,5.25,5.15,5.2,16070
HERMES80,20260323,6.55,6.55,6.2,6.2,425820
HIMS03,20260323,3.92,3.98,3.54,3.58,1255288
HK01,20260323,21,21,20.6,20.8,37981
HK13,20260323,5.5,5.5,5.25,5.3,1717
HKCE01,20260323,24.1,24.1,23.8,23.8,9721
HKEX23,20260323,2.08,2.1,2.08,2.1,19886
HKTECH13,20260323,4,4,3.92,3.94,72936
HONDA19,20260323,2.68,2.68,2.64,2.68,56617
HOOD03,20260323,2.44,2.44,2.3,2.3,7
HOOD06,20260323,2.42,2.44,2.26,2.28,751762
HOOD80,20260323,2.44,2.44,2.28,2.28,7508
HORIZON23,20260323,1.93,1.94,1.86,1.86,79880
HPG19,20260323,3.22,3.26,3.2,3.24,8017
HSHD23,20260323,6.75,6.85,6.7,6.85,214714
HUAHONG23,20260323,5.1,5.15,4.92,5,1368010
IBM06,20260323,3.28,3.28,3.18,3.18,23446
ICBC06,20260323,2.7,2.7,2.66,2.66,6317
ICBC19,20260323,2.66,2.7,2.64,2.7,460207
IFLYTEK80,20260323,2.28,2.28,2.22,2.24,2270
INDIA01,20260323,12.8,12.8,12.4,12.5,195099
INDIAESG19,20260323,3.96,3.96,3.86,3.88,99871
INTEL03,20260323,3.06,3.1,2.84,2.86,355629
IONQ03,20260323,2.1,2.14,2,2.02,273625
ISRG01,20260323,3.5,3.52,3.44,3.46,157405
ISRG06,20260323,3.16,3.18,3.12,3.12,1226
ISRG19,20260323,3.96,3.96,3.94,3.94,312
ITOCHU19,20260323,6.8,6.8,6.7,6.8,26273
JAP03,20260323,3.42,3.42,3.32,3.32,7933
JAPAN10001,20260323,25.75,27.5,25,25.5,25076
JAPAN13,20260323,4.8,4.8,4.66,4.66,22157
JD80,20260323,4.42,4.44,4.36,4.36,3369824
JDHEAL19,20260323,3.96,3.96,3.9,3.94,35835
JEPI19,20260323,6.2,6.25,6.1,6.15,603570
JGRO19,20260323,9.35,9.35,9.3,9.3,517
JNJ03,20260323,3.9,3.92,3.86,3.88,65339
JPMUS06,20260323,3.14,3.18,3.1,3.14,99114
JPMUS19,20260323,18.9,19.1,18.8,18.8,2890
JTEK19,20260323,9.05,9.05,8.85,8.9,4305
KEYENCE23,20260323,2.08,2.08,2.04,2.08,21645
KINGSOFT23,20260323,1.64,1.64,1.63,1.63,3136
KIOXIA23,20260323,2.78,2.84,2.76,2.84,650644
KO80,20260323,2.5,2.5,2.44,2.46,54849
KUAISH01,20260323,2.78,2.78,2.7,2.72,55712
KUAISH06,20260323,2.22,2.22,2.16,2.18,4430
KUAISH23,20260323,1.58,1.59,1.53,1.53,6102598
KUAISH80,20260323,2.18,2.22,2.14,2.16,7051580
LENOVO13,20260323,1.96,1.96,1.87,1.95,24432
LLY80,20260323,1.5,1.52,1.47,1.47,5649116
LOREAL80,20260323,1.32,1.33,1.3,1.3,12694
LPGOLD13,20260323,2.5,2.5,2.32,2.46,37516
LULU06,20260323,2.68,2.74,2.64,2.64,441233
LVMH01,20260323,10.9,11.1,10.8,10.9,83972
MA80,20260323,1.61,1.64,1.6,1.63,702310
MEITUAN19,20260323,1.09,1.09,1.06,1.06,159677
MEITUAN23,20260323,2.02,2.02,2.02,2.02,4
MEITUAN80,20260323,3.26,3.28,3.2,3.2,428470
MELI06,20260323,2.18,2.2,2.12,2.12,191892
META01,20260323,5.8,5.9,5.65,5.7,150508
META06,20260323,2.48,2.5,2.42,2.42,175477
META80,20260323,2.48,2.5,2.4,2.4,4383530
MICRON01,20260323,9.05,9.2,8.3,8.4,3244491
MICRON03,20260323,4.84,4.88,4.44,4.48,235665
MICRON19,20260323,9.65,9.85,8.9,8.95,291476
MICRON80,20260323,14.5,14.6,13.3,13.4,45008
MITSU19,20260323,9.5,9.5,9.3,9.4,154718
MNSO80,20260323,13.4,13.4,13.2,13.3,2725
MNST06,20260323,3.44,3.5,3.42,3.42,2983
MRVL06,20260323,2.92,2.96,2.78,2.78,61858
MRVL80,20260323,2.9,2.96,2.82,2.88,62102
MS06,20260323,3.46,3.56,3.46,3.5,140371
MSFT01,20260323,3.74,3.74,3.64,3.68,1364263
MSFT03,20260323,2.54,2.56,2.48,2.5,6944
MSFT06,20260323,3.18,3.18,3.1,3.12,347014
MSFT19,20260323,4.24,4.24,4.14,4.16,55907
MSFT80,20260323,6.35,6.35,6.2,6.3,3745813
MSN11,20260323,3.62,3.66,3.54,3.54,12101
MSN19,20260323,3.02,3.04,2.98,2.98,502
MUFG19,20260323,5.35,5.35,5.25,5.3,234729
MUFG23,20260323,2.16,2.16,2.12,2.14,1129
MWG11,20260323,3.88,3.88,3.74,3.74,596024
MWG19,20260323,9.7,9.7,9.3,9.4,2126212
NAURA23,20260323,2.42,2.42,2.38,2.4,44979
NAURA80,20260323,21.7,21.7,21.2,21.3,25704
NBIS03,20260323,3.96,4.04,3.74,3.76,614127
NDAQ06,20260323,2.84,2.84,2.8,2.84,420571
NDX01,20260323,20.5,20.6,20.2,20.3,117074
NEM06,20260323,3.28,3.28,2.88,2.96,212655
NET03,20260323,3.64,3.72,3.48,3.48,3052
NETEASE80,20260323,7.35,7.45,7.2,7.45,50170
NFLX06,20260323,3,3.02,2.98,2.98,32310
NFLX80,20260323,3.02,3.04,2.96,3,2198233
NIKE80,20260323,0.88,0.88,0.86,0.87,416643
NIKKEI80,20260323,11.2,11.2,11,11.1,38362
NINTENDO19,20260323,19.6,19.6,19.3,19.5,58239
NINTENDO23,20260323,1.72,1.74,1.7,1.74,213916
NONGFU80,20260323,1.74,1.75,1.7,1.72,117660
NOVOB80,20260323,1.2,1.23,1.19,1.19,7968962
NOW19,20260323,3.68,3.68,3.6,3.6,35873
NVDA01,20260323,17.2,17.2,16.5,16.7,517291
NVDA03,20260323,3.88,3.88,3.74,3.76,109093
NVDA06,20260323,3.88,3.9,3.72,3.76,563306
NVDA19,20260323,23.4,23.4,22.5,22.6,17401
NVDA80,20260323,29,29.25,27.75,28.25,1076775
NVTS03,20260323,2.98,2.98,2.78,2.78,144286
OIL03,20260323,3.32,3.42,3.32,3.34,9909464
ONON03,20260323,2.52,2.56,2.44,2.44,33880
ORCL01,20260323,3.16,3.16,2.98,3.02,213507
ORCL06,20260323,2.02,2.04,1.92,1.93,966275
ORCL19,20260323,5.05,5.05,4.8,4.82,262922
PANW80,20260323,5.5,5.5,5.25,5.35,535572
PEP80,20260323,1.01,1.01,0.98,0.98,229602
PETROCN80,20260323,4.58,4.58,4.54,4.56,52706
PFIZER19,20260323,17.9,18,17.5,17.5,68639
PINGAN01,20260323,5.6,5.6,5.45,5.45,38141
PINGAN80,20260323,2.44,2.46,2.4,2.4,5198191
PLTR01,20260323,4.58,4.58,4.44,4.46,643495
PLTR03,20260323,3.4,3.4,3.28,3.3,71775
PLTR06,20260323,3.36,3.4,3.24,3.26,1697049
POPMART23,20260323,2.06,2.06,2,2.02,778981
POPMART80,20260323,8.5,8.6,8.3,8.45,976879
PYPL06,20260323,2.9,2.9,2.86,2.88,5262
QCOM06,20260323,2.16,2.18,2.08,2.12,41029
QQQM19,20260323,15.9,16,15.6,15.7,404989
RBLX06,20260323,1.56,1.56,1.51,1.54,1507126
REMX03,20260323,2.74,2.82,2.52,2.82,270455
RGTI03,20260323,2.5,2.5,2.38,2.38,721249
RKLB03,20260323,4.7,4.84,4.3,4.3,3377989
SANOFI80,20260323,2.96,2.98,2.84,2.9,202655
SANRIO23,20260323,1.61,1.63,1.58,1.61,827232
SANRIO80,20260323,11,11,11,11,10001
SBUX80,20260323,1.56,1.58,1.51,1.51,72142
SEMB19,20260323,5.35,5.5,5.35,5.45,14518
SENSE23,20260323,2.02,2.02,1.94,2,392604
SGX19,20260323,4.88,4.9,4.86,4.9,2014
SHOP03,20260323,2.66,2.66,2.54,2.54,41
SHOP06,20260323,2,2,1.88,1.88,103909
SIA19,20260323,16.7,16.8,16.6,16.6,8400
SIL03,20260323,2.74,2.74,2.38,2.48,1359608
SINGTEL80,20260323,13,13,12.6,12.8,34022
SINOBIO19,20260323,4.82,4.82,4.76,4.78,24541
SMCI03,20260323,1.49,1.54,1.25,1.29,536296
SMFG19,20260323,10.3,10.4,10.3,10.4,60262
SMIC01,20260323,3.32,3.32,3.2,3.28,173223
SMIC03,20260323,2.3,2.3,2.26,2.3,120
SMIC13,20260323,1.63,1.63,1.57,1.61,4005
SMIC23,20260323,2.7,2.72,2.64,2.68,5131471
SNDK03,20260323,6.3,6.35,5.65,5.7,926003
SNOW06,20260323,2.88,2.88,2.7,2.7,155015
SOFTBANK23,20260323,1.38,1.41,1.36,1.4,809834
SONY80,20260323,3.32,3.32,3.26,3.32,1019764
SP50001,20260323,21.7,21.7,21.4,21.5,43553
SP500US19,20260323,12.7,12.7,12.5,12.5,21448
SP500US80,20260323,2.54,2.54,2.5,2.5,236895
SPBOND80,20260323,8.4,8.4,8.35,8.4,6709
SPCOM80,20260323,3.7,3.72,3.66,3.68,130
SPENGY80,20260323,3.92,4.04,3.92,4,69338
SPFIN80,20260323,16,16.3,16,16,293
SPHLTH80,20260323,4.78,4.82,4.78,4.8,10478
SPOT06,20260323,1.99,1.99,1.93,1.93,304540
SPTECH80,20260323,9,9,8.9,8.9,576
STAR5001,20260323,37.75,37.75,36.5,36.75,65448
STEG19,20260323,27.5,28,27.5,28,2471
SUNNY19,20260323,2.22,2.24,2.2,2.24,259516
SUSHI23,20260323,2.94,2.96,2.92,2.96,577367
SYNP03,20260323,2.78,2.92,2.78,2.92,2062
TAIWAN19,20260323,31,31,30.5,30.75,18495
TAIWANAI13,20260323,13.9,13.9,13.7,13.7,3597
TAIWANHD13,20260323,23.8,23.8,23.8,23.8,1482
TEL23,20260323,2.9,2.98,2.9,2.98,28276
TEL80,20260323,7.9,8,7.9,8,4463
TENCENT01,20260323,4.82,4.82,4.74,4.76,112966
TENCENT06,20260323,2.12,2.12,2.08,2.12,31766
TENCENT13,20260323,4.34,4.34,4.26,4.26,2021
TENCENT19,20260323,10.6,10.6,10.5,10.5,1018
TENCENT23,20260323,2.36,2.36,2.34,2.34,48482
TENCENT80,20260323,21,21.1,20.9,20.9,485383
THAIBEV19,20260323,11.3,11.3,11,11,14076
TME23,20260323,1.04,1.05,1.03,1.05,1367113
TOYOTA80,20260323,6.8,6.8,6.7,6.75,12625
TRIPCOM23,20260323,1.66,1.66,1.63,1.64,44192
TRIPCOM80,20260323,1.66,1.67,1.62,1.63,4386907
TRVUS06,20260323,3.92,3.92,3.8,3.82,32211
TSLA01,20260323,36.5,36.75,34.5,35,212187
TSLA03,20260323,4.16,4.18,3.96,3.96,41118
TSLA80,20260323,2.48,2.5,2.36,2.36,15653486
UBER06,20260323,2.5,2.5,2.4,2.4,572766
UBTECH23,20260323,1.6,1.6,1.54,1.55,2387065
UNH19,20260323,4.6,4.66,4.48,4.52,388617
UNIQLO80,20260323,12.8,12.8,12.5,12.6,8984
UOB19,20260323,9.3,9.4,9.3,9.35,8527
USTR24,20260323,1.2,1.2,1.18,1.19,105376
VCB11,20260323,2.88,2.92,2.86,2.92,5230
VCB19,20260323,7.1,7.3,7.1,7.25,54820
VENTURE19,20260323,4,4,3.96,3.98,31227
VHM19,20260323,11.9,12.1,11.8,12.1,4210
VISA06,20260323,1.22,1.25,1.22,1.24,213704
VISA80,20260323,1.24,1.25,1.23,1.23,805972
VNFIN24,20260323,1.75,1.75,1.73,1.74,40296
VNM19,20260323,7.5,7.65,7.45,7.55,243771
VT03,20260323,3.06,3.06,2.98,3,445257
WMT06,20260323,4,4,3.9,3.9,6721
WORLD03,20260323,3.7,3.74,3.68,3.68,13510
WORLDA01,20260323,4.5,4.5,4.4,4.4,666171
WUXI06,20260323,3.4,3.42,3.36,3.42,1092108
WUXI13,20260323,2,2,2,2,1
WUXIAT80,20260323,4.36,4.36,4.28,4.28,211998
XIAOMI01,20260323,3.1,3.12,3.04,3.06,160297
XIAOMI13,20260323,2.92,2.92,2.86,2.86,45602
XIAOMI19,20260323,6.85,6.85,6.65,6.7,23722
XIAOMI23,20260323,1.64,1.64,1.61,1.64,69317
XIAOMI80,20260323,13.7,13.7,13.3,13.5,2307289
XPENG03,20260323,3.02,3.08,2.98,3.04,140252
ZAI23,20260323,6.5,6.6,6.1,6.15,1021780
ZIJIN13,20260323,2.46,2.46,2.3,2.36,51009
ZIJIN23,20260323,2.14,2.14,2.08,2.08,5754
ZIJIN80,20260323,13.8,13.9,13.5,13.7,227405
ZJINNO80,20260323,2.9,2.94,2.84,2.88,248606
A5-W5-O,20260323,0.08,0.08,0.08,0.08,34
ACC-W2-O,20260323,0.05,0.05,0.05,0.05,63
ASW-W3-O,20260323,0.77,0.77,0.64,0.69,12
BE8-W1-O,20260323,0.41,0.41,0.41,0.41,50
BWG-W7-O,20260323,0.05,0.05,0.05,0.05,149
CAZ-W1-O,20260323,0.3,0.3,0.3,0.3,16
CGH-W5-O,20260323,0.03,0.03,0.03,0.03,33
CHAYO-W4-O,20260323,0.23,0.23,0.16,0.16,155
DEMCO-W8-O,20260323,0.38,0.38,0.05,0.05,17
EA-W1-O,20260323,0.52,0.52,0.46,0.46,32
EMPIRE-W1-O,20260323,0.04,0.04,0.04,0.04,4
GLORY-W1-O,20260323,0.1,0.11,0.1,0.11,20
ITEL-W5-O,20260323,0.01,0.03,0.01,0.03,206
ITEL-W6-O,20260323,0.15,0.15,0.15,0.15,50
JAS-W4-O,20260323,0.26,0.26,0.26,0.26,138
KASET-W1-O,20260323,0.13,0.17,0.13,0.15,150
NER-W2-O,20260323,0.01,0.02,0.01,0.02,609
NOBLE-W3-O,20260323,0.14,0.15,0.14,0.14,101
ORI-W2-O,20260323,0.28,0.28,0.26,0.26,272
PROEN-W2-O,20260323,0.12,0.12,0.12,0.12,10
PROS-W1-O,20260323,0.02,0.02,0.02,0.02,1
PROUD-W3-O,20260323,0.12,0.12,0.12,0.12,1
QDC-W3-O,20260323,0.06,0.09,0.03,0.09,114
SAMTEL-W2-O,20260323,0.45,0.45,0.42,0.42,20
SGC-W2-O,20260323,0.23,0.23,0.23,0.23,1
TCC-W5-O,20260323,0.22,0.22,0.22,0.22,11
TEAMG-W1-O,20260323,0.02,0.02,0.02,0.02,2
TFG-W4-O,20260323,3.24,3.24,3.12,3.12,122
TNITY-W2-O,20260323,0.17,0.17,0.17,0.17,83
TVDH-W5-O,20260323,0.01,0.02,0.01,0.02,63
VIBHA-W5-O,20260323,0.04,0.05,0.04,0.05,420
VIH-W1-O,20260323,0.82,0.82,0.82,0.82,1
XBIO-W7-O,20260323,0.01,0.01,0.01,0.01,93
XBIO-W8-O,20260323,0.11,0.11,0.11,0.11,136
ZIGA-W2-O,20260323,0.04,0.04,0.04,0.04,133
A5-W4,20260323,0.01,0.01,0.01,0.01,200
A5-W5,20260323,0.08,0.09,0.08,0.09,320000
ACC-W2,20260323,0.05,0.05,0.04,0.05,2812500
ASW-W3,20260323,0.8,0.8,0.68,0.69,93100
B-W8,20260323,0.01,0.01,0.01,0.01,200
BC-W4,20260323,0.04,0.04,0.04,0.04,13000
BE8-W1,20260323,0.43,0.43,0.4,0.41,46600
BR-W1,20260323,0.01,0.01,0.01,0.01,375000
BTC-W7,20260323,0.01,0.01,0.01,0.01,2361900
BTS-W8,20260323,0.01,0.01,0.01,0.01,14000
BWG-W7,20260323,0.06,0.06,0.05,0.05,6655400
CEN-W5,20260323,0.01,0.01,0.01,0.01,100000
CGH-W5,20260323,0.04,0.04,0.03,0.03,1300
CHASE-W1,20260323,0.15,0.17,0.15,0.17,118800
CHAYO-W4,20260323,0.24,0.25,0.24,0.24,296500
CIG-W10,20260323,0.06,0.06,0.06,0.06,1600
CIG-W9,20260323,0.01,0.01,0.01,0.01,1000
COMAN-W1,20260323,0.05,0.06,0.05,0.06,21700
DCON-W4,20260323,0.01,0.02,0.01,0.02,1000100
DEMCO-W8,20260323,0.4,0.43,0.38,0.41,348300
EA-W1,20260323,0.52,0.53,0.51,0.52,3060500
EMPIRE-W1,20260323,0.06,0.06,0.05,0.06,81700
EMPIRE-W2,20260323,0.15,0.15,0.1,0.1,19900
GLORY-W1,20260323,0.11,0.13,0.11,0.13,31900
HYDRO-W2,20260323,0.09,0.09,0.08,0.09,31200
IMH-W1,20260323,0.01,0.01,0.01,0.01,101000
IROYAL-W1,20260323,1.5,1.55,1.43,1.43,243000
IROYAL-W2,20260323,1.1,1.1,1.02,1.06,43900
ITEL-W5,20260323,0.03,0.04,0.02,0.03,1450100
ITEL-W6,20260323,0.17,0.17,0.15,0.15,916800
J-W3,20260323,0.02,0.03,0.02,0.02,29100
J-W4,20260323,0.03,0.04,0.03,0.04,40100
JAS-W4,20260323,0.27,0.27,0.25,0.25,17132800
K-W3,20260323,0.01,0.01,0.01,0.01,40000
KASET-W1,20260323,0.13,0.16,0.12,0.15,11449200
KGEN-W2,20260323,0.08,0.09,0.08,0.09,188100
MADAME-W6,20260323,0.08,0.09,0.07,0.08,1375500
MGI-W1,20260323,0.51,0.51,0.49,0.5,184000
NER-W2,20260323,0.02,0.03,0.01,0.02,13533100
NOBLE-W3,20260323,0.15,0.16,0.14,0.16,2019000
NRF-W2,20260323,0.07,0.08,0.07,0.07,24600
ORI-W2,20260323,0.29,0.29,0.27,0.28,1288800
PEER-W2,20260323,0.01,0.01,0.01,0.01,500
PLANET-W3,20260323,0.31,0.31,0.31,0.31,200
PPPM-W6,20260323,0.03,0.04,0.03,0.03,290100
PROEN-W2,20260323,0.14,0.15,0.12,0.14,836300
PROS-W1,20260323,0.01,0.01,0.01,0.01,500
PROUD-W3,20260323,0.14,0.14,0.13,0.13,136000
PSTC-W3,20260323,0.05,0.08,0.05,0.06,4857800
PTECH-W1,20260323,0.26,0.26,0.15,0.15,800
QDC-W3,20260323,0.06,0.09,0.06,0.08,5143300
ROCTEC-W5,20260323,0.01,0.01,0.01,0.01,12201600
SAMTEL-W2,20260323,0.43,0.45,0.42,0.45,5500
SGC-W2,20260323,0.23,0.23,0.23,0.23,1400
STELLA-W6,20260323,0.04,0.04,0.03,0.03,200
TAKUNI-W2,20260323,0.27,0.27,0.27,0.27,400
TCC-W5,20260323,0.21,0.23,0.2,0.2,15190100
TEAMG-W1,20260323,0.03,0.04,0.02,0.03,2847800
TFG-W4,20260323,3.1,3.3,3.06,3.1,3778000
TGE-W2,20260323,0.05,0.06,0.04,0.05,141300
TNITY-W2,20260323,0.18,0.19,0.18,0.19,41600
TRUBB-W3,20260323,0.27,0.3,0.27,0.28,2871200
UREKA-W3,20260323,0.18,0.19,0.18,0.19,149100
VGI-W3,20260323,0.01,0.02,0.01,0.02,788100
VIBHA-W5,20260323,0.06,0.06,0.05,0.06,1368800
VIH-W1,20260323,0.89,0.9,0.84,0.84,2200
WAVE-W4,20260323,0.01,0.01,0.01,0.01,100
WIIK-W3,20260323,0.01,0.01,0.01,0.01,5000
XBIO-W6,20260323,0.02,0.03,0.02,0.03,1005400
XBIO-W7,20260323,0.02,0.02,0.01,0.02,40700
XBIO-W8,20260323,0.11,0.12,0.11,0.11,342600
ZIGA-W2,20260323,0.05,0.05,0.04,0.05,307300
!AGRO,20260323,298.68,300.16,296.47,296.81,36169920000
!CONSUMP,20260323,43.83,44.41,43.59,43.82,2218640000
!FINCIAL,20260323,152.51,152.75,151.05,151.14,57696540000
!INDUS,20260323,58.58,60.77,58.37,60.72,18352930000
!PROPCON,20260323,69.86,70.16,69.55,69.65,59353790000
!RESOURC,20260323,160.35,161.8,159.32,159.32,165719270000
!SERVICE,20260323,266.52,267.44,263.42,264.24,107216060000
!TECH,20260323,567.47,575.27,566.58,570.45,36392870000
$AGRI,20260323,207.8,212.44,207.69,210.82,18281640000
$AUTO,20260323,291.41,291.41,288.44,289.14,2974350000
$BANK,20260323,493.27,494.03,489.22,489.59,35678080000
$COMM,20260323,19144,19242,18823.7,18869.6,22316040000
$CONMAT,20260323,4805.27,4877.06,4778.86,4853.93,3833010000
$CONS,20260323,34.86,34.95,34.26,34.26,8886590000
$ENERG,20260323,18290,18454.4,18171.8,18171.8,165719270000
$ETRON,20260323,28405.6,29157.6,28402,28939.9,9605440000
$FASHION,20260323,479.08,479.08,466.26,468.95,431670000
$FIN,20260323,1846.35,1848.61,1803.29,1803.29,20101510000
$FOOD,20260323,8232.62,8265.63,8149.24,8159.62,17888280000
$HELTH,20260323,4124.53,4136.05,4066.86,4081.23,18655700000
$HOME,20260323,15.6,15.7,15.49,15.58,291390000
$ICT,20260323,230.22,230.99,226.02,226.04,26787430000
$IMM,20260323,18.16,18.3,17.95,18.03,641530000
$INSUR,20260323,8386.53,8426.83,8321.83,8370.17,1916950000
$MEDIA,20260323,14.9,14.99,14.64,14.65,14289860000
$PAPER,20260323,2095.78,2095.78,2053.59,2067.65,30480000
$PERSON,20260323,74.72,76.91,74.72,75.65,1495580000
$PETRO,20260323,600.35,639.54,596.94,639.03,10973610000
$PF&REIT,20260323,130.67,130.82,129.05,129.42,1771780000
$PKG,20260323,2108.42,2153.39,2101.21,2145.03,3117420000
$PROF,20260323,131.42,131.84,128.54,128.56,16022080000
$PROP,20260323,158.35,159.6,157.21,157.54,44862410000
$STEEL,20260323,18.58,18.73,18.39,18.39,615540000
$TOURISM,20260323,388.06,391.25,384.55,390.42,7648970000
$TRANS,20260323,197.4,198.25,195.49,196.59,28283410000
MAI,20260323,217.62,218.54,214.75,214.75,239114626
SET,20260323,1400.33,1409.81,1396.11,1397.34,9310508660
SET100,20260323,1987.68,2001.82,1980.87,1982.79,3208177000
SET50,20260323,930.94,938.13,927.95,929.55,1993341000
SETHD,20260323,1291.56,1296.59,1282.32,1282.73,897401500
3BBIF-F,20260323,6.5,6.5,6.5,6.5,2000
BANPU-F,20260323,5.95,6.2,5.95,6.2,1100
BDMS-F,20260323,18.6,18.6,18.2,18.2,17200
BH-F,20260323,157,157,157,157,900
CPAXT-F,20260323,15.1,15.1,15.1,15.1,3300
CPF-F,20260323,19.2,19.2,19.2,19.2,35200
GULF-F,20260323,55,55,54.75,54.75,51200
KBANK-F,20260323,187,187.5,186.5,186.5,137400
KTB-F,20260323,34,34,33.75,33.75,7800
SCB-F,20260323,144,144,143,143,27600
TTB-F,20260323,2.2,2.2,2.18,2.18,1771500
!AGRO-M,20260323,58.63,58.83,57.23,57.32,3854970000
!CONSUMP-M,20260323,12.07,12.12,11.87,11.89,1480450000
!FINCIAL-M,20260323,31.22,31.33,30.79,31.21,1534230000
!INDUS-M,20260323,39.33,39.33,38.79,38.79,4020765000
!PROPCON-M,20260323,16.22,16.97,16.07,16.44,2675010000
!RESOURC-M,20260323,17.16,18.32,16.91,17.05,3196100000
!SERVICE-M,20260323,42.64,42.64,41.63,41.68,3842950000
!TECH-M,20260323,19.34,19.34,18.99,19.01,690630000
SET100FF,20260323,1896.44,1910.24,1890.48,1892.53,320817700000
SET50FF,20260323,890.22,897.36,887.69,889.42,199334100000
SETCLMV,20260323,631.77,637.13,629.91,630.71,175938380000
SETESG,20260323,838.57,842.57,834.35,834.85,253878880000
SETWB,20260323,550.85,553.46,544.84,546.99,65441470000
SSET,20260323,576.02,576.26,568.04,568.14,33480000000
