<TICKER>,<DTYYYYMMDD>,<OPEN>,<HIGH>,<LOW>,<CLOSE>,<VOL>
1DIV-O,20260402,12.15,12.5,12.15,12.31,106
BMSCITH-O,20260402,11.99,12,11.99,12,106
BSET100-O,20260402,10.73,10.83,10.73,10.83,13
GLD-O,20260402,6.05,6.09,5.98,6.05,920
TDEX-O,20260402,9.57,9.57,9.51,9.54,317
1DIV,20260402,12.25,12.31,12.25,12.3,19500
1I01BSET50,20260402,3.94,3.94,3.94,3.94,2100
2I01BSET50,20260402,3.09,3.1,3.06,3.08,176500
2X01BSET50,20260402,6.96,7.02,6.92,6.98,177500
BMSCG,20260402,7.89,7.89,7.89,7.89,1900
BMSCITH,20260402,11.95,12.02,11.95,11.96,183000
BSET100,20260402,10.72,10.76,10.7,10.73,55400
CHINA,20260402,6.88,7.03,6.88,6.96,4600
GLD,20260402,6.05,6.09,5.95,6,3654700
TDEX,20260402,9.57,9.57,9.48,9.51,1381600
UHERO,20260402,8.01,8.01,8.01,8.01,4500
2S,20260402,2.84,2.86,2.78,2.78,178500
3BBIF,20260402,6.55,6.65,6.55,6.6,9153000
88TH,20260402,4.98,5,4.92,4.96,1040200
A5,20260402,1.85,1.85,1.84,1.84,11000
AAI,20260402,3.5,3.52,3.46,3.48,5288500
AAV,20260402,1.14,1.14,1.12,1.13,86545100
ABM,20260402,0.55,0.55,0.55,0.55,1000
ACC,20260402,0.37,0.38,0.36,0.37,1186200
ACE,20260402,1.28,1.29,1.28,1.29,571800
ACG,20260402,0.66,0.66,0.64,0.66,4300
ADB,20260402,0.58,0.59,0.58,0.58,20700
ADD,20260402,3.48,3.48,3.42,3.42,13600
ADVANC,20260402,365,365,360,364,7982500
ADVICE,20260402,5.45,5.5,5.45,5.45,1803000
AE,20260402,0.08,0.09,0.07,0.08,4641800
AEONTS,20260402,91.25,92,90.5,91,490000
AF,20260402,0.4,0.4,0.36,0.36,700
AFC,20260402,3.06,3.06,3.04,3.06,4200
AGE,20260402,1.28,1.29,1.26,1.27,1170200
AH,20260402,13.2,13.2,13,13.1,52200
AHC,20260402,13.8,14.3,13.8,13.8,4300
AI,20260402,2.92,2.98,2.92,2.92,90400
AIE,20260402,1.18,1.19,1.15,1.17,2464700
AIMCG,20260402,1.3,1.31,1.29,1.3,126100
AIMIRT,20260402,10.9,11.1,10.9,11.1,394900
AIT,20260402,4.86,4.86,4.8,4.84,417600
AJ,20260402,3.3,3.44,3.14,3.16,15721300
AJA,20260402,0.16,0.17,0.16,0.17,4587200
AKP,20260402,0.7,0.7,0.68,0.68,282200
AKR,20260402,0.92,0.92,0.91,0.92,1173200
ALLA,20260402,1.25,1.25,1.25,1.25,108200
ALLY,20260402,4.3,4.32,4.28,4.3,94700
ALPHAX,20260402,0.45,0.46,0.44,0.45,7257000
ALT,20260402,1.06,1.13,1.06,1.13,1064800
ALUCON,20260402,224,227,224,226,7500
AMA,20260402,3.9,3.92,3.9,3.92,90700
AMANAH,20260402,0.66,0.66,0.65,0.66,351100
AMARC,20260402,3.44,3.52,3.44,3.44,1759700
AMARIN,20260402,2.8,2.88,2.8,2.88,9900
AMATA,20260402,19.2,19.6,19.1,19.3,13927900
AMATAR,20260402,6.7,6.7,6.65,6.7,21400
AMATAV,20260402,2.06,2.06,2.02,2.02,15800
AMC,20260402,2.46,2.54,2.42,2.54,10800
AMR,20260402,0.33,0.33,0.32,0.33,236500
ANAN,20260402,0.38,0.4,0.37,0.38,1403100
ANI,20260402,2.68,2.68,2.62,2.66,6600
AOT,20260402,53,53.75,52.75,53.5,20492200
AP,20260402,8.45,8.65,8.45,8.6,9491300
APCO,20260402,2.72,2.76,2.72,2.76,12300
APO,20260402,2.26,2.46,2.26,2.36,4837700
APP,20260402,2.74,2.78,2.74,2.78,397000
APURE,20260402,2.18,2.18,2.16,2.18,76700
AQUA,20260402,0.13,0.13,0.12,0.13,151000
ARIN,20260402,0.53,0.53,0.51,0.52,915900
ARIP,20260402,0.44,0.45,0.44,0.45,92400
ARROW,20260402,5.35,5.4,5.25,5.3,18400
AS,20260402,2.72,2.76,2.7,2.76,692400
ASAP,20260402,1.14,1.15,1.14,1.15,2100
ASEFA,20260402,4.06,4.06,4.02,4.02,50600
ASIA,20260402,6.05,6.05,6.05,6.05,6700
ASIAN,20260402,7,7.1,7,7.05,191900
ASIMAR,20260402,1.49,1.49,1.47,1.49,7100
ASK,20260402,8.4,8.55,8.35,8.5,61900
ASN,20260402,0.76,0.76,0.76,0.76,100
ASP,20260402,2.08,2.08,2.06,2.08,931300
ASW,20260402,7.3,7.3,7.2,7.25,24600
ATLAS,20260402,1.91,1.93,1.87,1.89,18304600
ATP30,20260402,0.84,0.88,0.84,0.86,1698200
AU,20260402,4.86,4.88,4.84,4.84,101400
AUCT,20260402,5,5.05,4.98,4.98,288800
AURA,20260402,13.8,14.2,13.5,14.2,3327000
AWC,20260402,2.14,2.22,2.12,2.18,70932700
AXTRART,20260402,12.6,13,12.5,12.9,1354700
AYUD,20260402,37,37,37,37,1500
B,20260402,0.04,0.04,0.03,0.04,753900
B-WORK,20260402,5.45,5.55,5.45,5.55,79400
B52,20260402,0.27,0.27,0.25,0.25,355700
BA,20260402,13.7,13.9,13.7,13.8,4794300
BAFS,20260402,8.5,8.5,8.45,8.5,38600
BAM,20260402,7.2,7.4,7.2,7.25,10681200
BANPU,20260402,6.05,6.05,5.85,6,65859800
BAREIT,20260402,10.6,10.6,10.5,10.5,316400
BAY,20260402,26,26,25.75,26,288900
BBGI,20260402,4.24,4.28,4.18,4.2,2864100
BBIK,20260402,19.6,19.7,19.4,19.5,1263200
BBL,20260402,168,168.5,167,167.5,7498400
BC,20260402,0.68,0.68,0.67,0.67,5400
BCH,20260402,9.7,10,9.65,9.95,15056000
BCP,20260402,39.75,40,38.5,38.75,9627000
BCPG,20260402,6.75,6.8,6.7,6.7,6668300
BCT,20260402,43.75,44,43.75,44,1200
BDMS,20260402,18.9,19.1,18.8,19,57961900
BE8,20260402,5.65,5.65,5.5,5.6,535300
BEAUTY,20260402,0.36,0.36,0.35,0.36,2736600
BEC,20260402,1.96,1.97,1.94,1.94,555800
BEM,20260402,5.25,5.3,5.2,5.3,17920900
BEYOND,20260402,8.6,8.8,8.2,8.6,109000
BGC,20260402,5.6,5.6,5.55,5.6,109900
BGRIM,20260402,11.9,12.1,11.7,11.8,19998800
BGT,20260402,0.38,0.39,0.38,0.39,34000
BH,20260402,166,170.5,164.5,168.5,7574300
BIG,20260402,0.29,0.29,0.28,0.29,309800
BIOTEC,20260402,0.28,0.3,0.27,0.28,22239200
BIS,20260402,2.02,2.04,1.98,2.02,27700
BIZ,20260402,4.7,4.74,4.64,4.66,75100
BJC,20260402,14.9,15.1,14.8,14.9,4550500
BJCHI,20260402,0.81,0.82,0.78,0.81,632800
BKA,20260402,0.93,0.96,0.91,0.95,1674000
BKD,20260402,1.07,1.08,1.06,1.06,64900
BKGI,20260402,1.36,1.36,1.35,1.36,42500
BKIH,20260402,325,326,324,324,26900
BLA,20260402,20.2,20.9,20.1,20.6,2484900
BLAND,20260402,0.42,0.43,0.41,0.42,1954400
BLC,20260402,3.88,3.94,3.86,3.92,809000
BLESS,20260402,0.24,0.25,0.24,0.24,107300
BM,20260402,1.01,1.02,1.01,1.01,155100
BOFFICE,20260402,5.25,5.25,5.2,5.2,145900
BOL,20260402,5,5,4.98,4.98,87100
BPP,20260402,12.4,12.4,12.2,12.3,140300
BPS,20260402,0.43,0.43,0.41,0.42,79800
BR,20260402,1.63,1.64,1.62,1.62,218700
BRI,20260402,1.29,1.34,1.29,1.3,270400
BROCK,20260402,1.27,1.34,1.27,1.34,7900
BRR,20260402,3.8,3.82,3.76,3.8,121300
BRRGIF,20260402,3.72,3.72,3.7,3.72,151600
BSBM,20260402,0.62,0.64,0.61,0.61,301600
BSM,20260402,0.41,0.41,0.29,0.37,127200
BTC,20260402,0.19,0.19,0.18,0.19,5077100
BTG,20260402,24.3,25.25,23.8,25,17974300
BTNC,20260402,19.8,20.2,19.8,20.2,1600
BTS,20260402,2.14,2.18,2.12,2.14,56052600
BTSGIF,20260402,2.56,2.56,2.54,2.54,1242300
BTW,20260402,0.1,0.1,0.1,0.1,100
BUI,20260402,10.9,10.9,10.9,10.9,6600
BVG,20260402,1.63,1.63,1.56,1.6,186600
BWG,20260402,0.32,0.33,0.31,0.32,43626300
BYD,20260402,0.53,0.54,0.51,0.53,8574500
CAZ,20260402,1.43,1.5,1.43,1.49,40500
CBG,20260402,38,39,38,38.75,2776200
CCET,20260402,5.05,5.1,4.94,4.96,40093600
CCP,20260402,0.25,0.28,0.25,0.26,10478600
CEN,20260402,0.54,0.55,0.53,0.54,100500
CENTEL,20260402,33,33.5,32.75,33.25,6240700
CEYE,20260402,1.35,1.36,1.3,1.32,34900
CFARM,20260402,0.84,0.91,0.84,0.88,20665700
CFRESH,20260402,0.93,0.95,0.91,0.92,1387200
CGD,20260402,0.11,0.12,0.1,0.11,834800
CGH,20260402,0.46,0.46,0.45,0.45,331900
CH,20260402,1.61,1.61,1.59,1.6,47100
CHAO,20260402,4.36,4.38,4.36,4.36,77100
CHARAN,20260402,16.6,16.6,16.6,16.6,39000
CHASE,20260402,0.47,0.47,0.45,0.45,952500
CHAYO,20260402,1.02,1.03,1.01,1.01,1126100
CHEWA,20260402,0.18,0.18,0.17,0.18,409300
CHG,20260402,1.45,1.45,1.43,1.44,7654100
CHIC,20260402,0.27,0.27,0.26,0.26,25500
CHOW,20260402,1.3,1.37,1.3,1.31,698800
CI,20260402,0.33,0.33,0.31,0.33,9500
CIG,20260402,0.03,0.03,0.02,0.03,39600
CITY,20260402,1.22,1.25,1.22,1.25,400
CIVIL,20260402,0.83,0.86,0.83,0.85,12400
CK,20260402,16,16.6,15.8,16.3,12164900
CKP,20260402,2.3,2.32,2.28,2.3,4533600
CM,20260402,1.65,1.66,1.63,1.66,15600
CMAN,20260402,2.58,2.58,2.58,2.58,43100
CMC,20260402,0.38,0.4,0.38,0.4,19800
CMO,20260402,0.71,0.71,0.68,0.7,415100
CMR,20260402,1.31,1.32,1.31,1.32,69400
CNT,20260402,1.03,1.14,1.03,1.09,375200
COCOCO,20260402,5.8,5.8,5.7,5.7,1101800
COLOR,20260402,1.03,1.03,1.02,1.02,6200
COM7,20260402,22.3,22.3,21.9,22,11139700
COMAN,20260402,0.62,0.62,0.58,0.62,52300
CPALL,20260402,45.5,46,45,45.5,30106300
CPANEL,20260402,1.58,1.65,1.53,1.6,143300
CPAXT,20260402,16,16.1,15.9,16,17508200
CPF,20260402,20.9,21.3,20.7,21.1,41520000
CPH,20260402,8.15,8.2,8.1,8.2,20700
CPI,20260402,3.46,3.52,3.46,3.48,249200
CPL,20260402,0.62,0.63,0.59,0.62,210800
CPN,20260402,63,63.25,62,62.25,8790700
CPNCG,20260402,6.2,6.2,6.1,6.15,575300
CPNREIT,20260402,11.5,11.7,11.5,11.7,2592200
CPR,20260402,2.6,2.68,2.6,2.68,23100
CPT,20260402,1.02,1.2,1.01,1.19,3789900
CPTREIT,20260402,5.55,5.55,5.5,5.55,86400
CPW,20260402,2.16,2.16,2.14,2.14,91600
CRANE,20260402,0.38,0.4,0.38,0.4,17200
CRC,20260402,18.9,19.3,18.9,19.2,15691000
CRD,20260402,0.34,0.35,0.33,0.35,94900
CREDIT,20260402,17,17.1,16.9,17,143600
CSC,20260402,42.5,42.5,42.25,42.5,8700
CSP,20260402,0.52,0.52,0.49,0.51,62300
CSR,20260402,69.75,70,69.75,70,20100
CSS,20260402,0.77,0.78,0.77,0.77,217100
CTARAF,20260402,4.6,4.6,4.6,4.6,2300
CTW,20260402,4.4,4.46,4.3,4.46,103400
CWT,20260402,0.82,0.84,0.82,0.83,135500
D,20260402,2.76,2.78,2.76,2.76,33500
DCC,20260402,1.29,1.31,1.28,1.29,2399000
DCON,20260402,0.21,0.22,0.21,0.22,211300
DDD,20260402,5.45,5.55,5.35,5.55,2400
DELTA,20260402,270,276,266,271,15990100
DEMCO,20260402,2.18,2.26,2.18,2.22,186400
DHOUSE,20260402,0.41,0.41,0.4,0.4,2000
DIF,20260402,9.5,9.55,9.5,9.55,4238000
DIMET,20260402,0.05,0.05,0.05,0.05,125500
DITTO,20260402,10.9,10.9,10.7,10.7,818800
DMT,20260402,11,11.2,11,11.1,1092300
DOD,20260402,1.83,1.85,1.8,1.81,454000
DOHOME,20260402,3.36,3.46,3.3,3.44,12081000
DPAINT,20260402,0.69,0.71,0.68,0.7,426600
DREIT,20260402,4.78,4.78,4.78,4.78,5500
DRT,20260402,4.76,4.76,4.72,4.76,59400
DTCENT,20260402,0.88,0.9,0.88,0.88,221100
DTCI,20260402,19,19,19,19,200
DUSIT,20260402,10.4,10.4,10.3,10.4,41500
DV8,20260402,5,5.05,4.92,4.96,350200
EA,20260402,2.8,2.82,2.72,2.72,55771800
EASON,20260402,1.11,1.11,1.11,1.11,3000
EAST,20260402,0.65,0.65,0.63,0.63,64900
EASTW,20260402,3,3.06,2.94,2.94,1613100
EFORL,20260402,0.14,0.14,0.13,0.14,2418600
EGATIF,20260402,6.15,6.15,6.1,6.15,20900
EGCO,20260402,112,113,111.5,112.5,659600
EKH,20260402,5,5,4.98,5,406200
EMC,20260402,0.02,0.02,0.01,0.02,3078400
EMPIRE,20260402,0.54,0.56,0.53,0.55,1923900
EP,20260402,1.15,1.16,1.13,1.16,180900
EPG,20260402,3.26,3.28,3.18,3.22,4710800
ERW,20260402,2.5,2.68,2.48,2.64,56277200
ESTAR,20260402,0.23,0.24,0.23,0.23,1685200
ETC,20260402,0.71,0.73,0.71,0.72,9355500
ETE,20260402,0.6,0.61,0.6,0.6,15700
ETL,20260402,0.49,0.49,0.48,0.49,44300
EURO,20260402,4.3,4.3,4.3,4.3,7100
EVER,20260402,0.05,0.05,0.04,0.05,619700
F&D,20260402,46,46,46,46,1500
FANCY,20260402,0.3,0.31,0.29,0.3,235800
FE,20260402,172,172,172,172,500
FLOYD,20260402,1.12,1.12,1.11,1.11,129900
FM,20260402,4.1,4.32,4.1,4.26,10549200
FMT,20260402,16.5,16.8,16.5,16.6,1700
FN,20260402,0.45,0.5,0.45,0.5,1117100
FNS,20260402,0.53,0.57,0.53,0.55,111900
FORTH,20260402,7.2,7.4,7.05,7.2,2254900
FPI,20260402,1.64,1.68,1.64,1.68,7600
FPT,20260402,6.05,6.1,6.05,6.1,1600
FSMART,20260402,6.35,6.5,6.2,6.35,1269000
FSX,20260402,1.28,1.35,1.25,1.25,67100
FTE,20260402,1.98,2.02,1.96,2.02,187900
FTI,20260402,1.88,1.88,1.77,1.86,99600
FTREIT,20260402,10.9,11.2,10.9,11,1466000
FUTURERT,20260402,8.85,8.85,8.8,8.85,72200
FVC,20260402,0.36,0.39,0.36,0.37,1765000
GABLE,20260402,3.96,3.96,3.92,3.96,65700
GAHREIT,20260402,4.42,4.42,4.32,4.32,1600
GBX,20260402,0.55,0.57,0.55,0.55,184400
GC,20260402,4.64,4.64,4.58,4.62,277600
GCAP,20260402,0.27,0.27,0.25,0.26,157000
GEL,20260402,0.03,0.04,0.03,0.04,247700
GENCO,20260402,0.28,0.28,0.27,0.28,1155300
GFC,20260402,2.88,2.88,2.82,2.88,6000
GFPT,20260402,9.45,9.7,9.45,9.55,9233000
GGC,20260402,4.18,4.18,4,4.16,28600
GJS,20260402,0.14,0.14,0.13,0.13,461400
GLOBAL,20260402,5.75,6.15,5.7,6.1,17528500
GLORY,20260402,0.53,0.54,0.52,0.53,109200
GPI,20260402,1.65,1.66,1.64,1.66,664800
GPSC,20260402,34.5,34.75,34,34.25,13314200
GRAMMY,20260402,3.62,3.62,3.6,3.6,12100
GREEN,20260402,0.72,0.76,0.7,0.7,4815000
GROREIT,20260402,7.85,7.85,7.75,7.85,81800
GTB,20260402,0.75,0.76,0.74,0.75,61700
GTV,20260402,0.03,0.04,0.03,0.04,1046400
GULF,20260402,60,60.5,59.75,59.75,23655500
GUNKUL,20260402,2.4,2.48,2.38,2.38,56116900
GVREIT,20260402,6.5,6.5,6.45,6.5,265300
GYT,20260402,184,184,184,184,600
HANA,20260402,25.5,26,24.8,25.5,52797300
HANN,20260402,0.99,1.1,0.98,1,40536900
HARN,20260402,1.99,2,1.99,2,14600
HEALTH,20260402,0.4,0.4,0.39,0.39,300
HENG,20260402,0.89,0.89,0.87,0.87,268400
HFT,20260402,4.18,4.24,4.16,4.16,61900
HL,20260402,6.2,6.2,6.05,6.1,121700
HMPRO,20260402,6.25,6.3,6.2,6.25,36047400
HPF,20260402,5.45,5.45,5.4,5.4,3400
HTC,20260402,15.6,15.6,15.4,15.5,91500
HTECH,20260402,2.98,3,2.86,2.9,822700
HUMAN,20260402,4.18,4.3,4.16,4.26,1326300
HYDRO,20260402,3.02,3.26,3.02,3.18,242400
HYDROGEN,20260402,8.15,8.15,8.15,8.15,1400
I2,20260402,0.65,0.66,0.64,0.64,14800
ICHI,20260402,12.9,13.2,12.8,13,8509100
ICN,20260402,1.76,1.78,1.75,1.76,449600
IDG,20260402,1.49,1.53,1.46,1.48,372900
IFS,20260402,1.86,1.86,1.85,1.85,16100
IHL,20260402,1.44,1.45,1.41,1.45,9700
IIG,20260402,1.4,1.41,1.37,1.39,65800
III,20260402,3.94,3.94,3.88,3.92,82900
ILINK,20260402,4.66,4.68,4.64,4.64,407100
ILM,20260402,13.4,13.5,13.3,13.5,140700
IMH,20260402,3.08,3.1,3.06,3.1,1600
IMPACT,20260402,10.9,11.1,10.9,11.1,214100
IND,20260402,1.16,1.17,1.14,1.15,82600
INET,20260402,3.56,3.58,3.52,3.56,432700
INETREIT,20260402,12.2,12.2,12.1,12.2,1915500
INOX,20260402,0.43,0.45,0.42,0.43,3220100
INSET,20260402,2.56,2.6,2.5,2.5,5918400
INSURE,20260402,61.5,61.5,61.5,61.5,100
IP,20260402,4.08,4.08,4.02,4.02,66900
IRC,20260402,11.4,11.5,11.4,11.4,400
IRCP,20260402,0.25,0.25,0.24,0.25,49700
IROYAL,20260402,5.5,5.55,5.45,5.45,316200
IRPC,20260402,1.9,1.9,1.83,1.83,237520000
ISSARA,20260402,7.15,7.15,6.9,7,13000
IT,20260402,4.04,4.1,4.04,4.06,33400
ITC,20260402,15.9,16.1,15.7,15.9,4298200
ITD,20260402,0.23,0.3,0.23,0.3,104682200
ITEL,20260402,1.18,1.18,1.16,1.17,782900
ITNS,20260402,1.83,1.83,1.76,1.78,135000
ITTHI,20260402,1.15,1.17,1.15,1.17,39800
IVF,20260402,0.6,0.67,0.6,0.61,14288300
IVL,20260402,25.75,26,24.9,25,24998200
J,20260402,0.62,0.62,0.61,0.62,11900
JAS,20260402,1.14,1.15,1.13,1.13,21013400
JCK,20260402,0.12,0.13,0.12,0.12,2599000
JCT,20260402,79.75,79.75,79.75,79.75,500
JDF,20260402,1.63,1.63,1.61,1.62,232100
JMART,20260402,6.65,6.75,6.6,6.6,3094600
JMT,20260402,8.7,8.75,8.55,8.55,7778000
JPARK,20260402,2.96,3,2.94,2.96,596200
JR,20260402,1.81,1.82,1.79,1.81,44700
JSP,20260402,1.96,1.96,1.93,1.96,27200
JTS,20260402,54,54.25,52.5,52.75,538200
JUBILE,20260402,7.25,7.3,7.25,7.3,3400
K,20260402,1.02,1.05,1.02,1.05,22000
KAMART,20260402,8.35,8.4,8.35,8.4,336500
KASET,20260402,0.74,0.74,0.69,0.71,1249200
KBANK,20260402,192,194,191,192,6980300
KBS,20260402,5.9,5.9,5.75,5.75,96800
KBSPIF,20260402,8.35,8.4,8.35,8.35,72700
KC,20260402,0.03,0.03,0.02,0.02,908700
KCAR,20260402,4.72,4.86,4.7,4.86,79100
KCC,20260402,2.04,2.04,1.98,1.98,265400
KCE,20260402,22.2,22.4,21.7,21.7,23659000
KCG,20260402,9.6,9.75,9.35,9.75,1516100
KCM,20260402,0.19,0.19,0.18,0.19,31900
KGEN,20260402,1.28,1.3,1.26,1.28,3673300
KGI,20260402,4.4,4.4,4.38,4.4,750400
KIAT,20260402,0.33,0.33,0.31,0.32,397500
KISS,20260402,3.32,3.38,3.32,3.36,114700
KJL,20260402,5.9,5.9,5.85,5.85,2500
KK,20260402,1.01,1.01,0.99,0.99,120000
KKP,20260402,78.5,79,77.75,78.5,5089700
KLINIQ,20260402,23.9,24.3,23.6,24,113000
KOOL,20260402,0.27,0.28,0.27,0.28,226400
KPNREIT,20260402,1.99,2.2,1.99,2,15500
KSL,20260402,1.63,1.63,1.58,1.62,1879000
KTB,20260402,35.5,36,35.5,35.5,50211100
KTBSTMR,20260402,5.4,5.45,5.4,5.45,149800
KTC,20260402,30,30.5,29.75,30,18078300
KTIS,20260402,1.94,1.96,1.94,1.96,44200
KTMS,20260402,1.42,1.44,1.41,1.42,239100
KUMWEL,20260402,1.08,1.11,1.08,1.09,31300
KUN,20260402,0.69,0.7,0.67,0.7,32800
KWC,20260402,274,274,270,270,400
KWM,20260402,0.86,0.87,0.85,0.85,99500
KYE,20260402,289,289,288,289,700
L&E,20260402,1.25,1.26,1.2,1.24,4600
LALIN,20260402,4.6,4.6,4.56,4.56,4800
LANNA,20260402,15.1,15.2,15,15.1,756300
LDC,20260402,0.25,0.26,0.24,0.26,162700
LEE,20260402,2.48,2.5,2.46,2.48,58600
LEO,20260402,1.8,1.8,1.77,1.78,119500
LH,20260402,3.82,3.82,3.76,3.78,26716600
LHFG,20260402,1.02,1.03,1.02,1.02,1475800
LHHOTEL,20260402,12.9,13,12.8,13,505500
LHK,20260402,3.38,3.38,3.36,3.36,46200
LHRREIT,20260402,4.3,4.3,4.28,4.3,34500
LHSC,20260402,14.1,14.3,14,14,589400
LIT,20260402,0.61,0.61,0.6,0.61,70700
LOXLEY,20260402,1.34,1.36,1.34,1.34,387700
LPH,20260402,3.7,3.7,3.62,3.68,317600
LPN,20260402,1.58,1.59,1.57,1.58,177100
LST,20260402,4.7,4.7,4.66,4.68,27300
LTMH,20260402,4.7,4.7,4.7,4.7,900
LTS,20260402,2.24,2.26,2.2,2.24,274700
LUXF,20260402,8.85,8.9,8.85,8.9,10200
M,20260402,19.1,19.7,18.9,19.5,3580200
M-CHAI,20260402,18.5,18.9,18.5,18.9,200
M-PAT,20260402,1.16,1.16,1.16,1.16,3000
MADAME,20260402,0.6,0.6,0.57,0.6,133900
MAGURO,20260402,20.1,20.1,19.8,19.8,280100
MAJOR,20260402,7.45,7.55,7.2,7.5,3568900
MALEE,20260402,4.2,4.44,4.2,4.34,4231500
MASTEC,20260402,1.23,1.23,1.19,1.2,926300
MASTER,20260402,8.8,8.8,8.55,8.55,507900
MATI,20260402,3,3.06,3,3.04,20300
MBAX,20260402,1.96,2.1,1.96,1.98,492400
MBK,20260402,17.3,17.6,17.2,17.4,1256400
MC,20260402,10.9,11,10.8,10.9,418900
MCA,20260402,1.16,1.17,1.15,1.17,160700
MCOT,20260402,6.3,6.3,6.2,6.2,322400
MCS,20260402,9.6,9.65,9.55,9.55,730300
MDX,20260402,2.32,2.32,2.3,2.3,76400
MEB,20260402,14.3,14.4,14,14.1,105000
MEDEZE,20260402,6.45,6.45,6.3,6.35,357800
MEGA,20260402,34,34.75,33.75,34.5,579500
MENA,20260402,0.67,0.68,0.65,0.66,713400
METCO,20260402,264,264,264,264,400
MFC,20260402,22.3,22.3,22.1,22.2,65900
MFEC,20260402,6.05,6.1,6,6,125600
MGC,20260402,4.5,4.56,4.44,4.56,167300
MGI,20260402,5.4,5.4,5.15,5.3,113900
MGT,20260402,1.88,1.89,1.87,1.89,24200
MICRO,20260402,0.84,0.84,0.83,0.83,128300
MIDA,20260402,0.26,0.26,0.25,0.25,219000
MII,20260402,5.05,5.1,5,5.05,7700
MINT,20260402,22.1,22.5,21.9,22.1,25580900
MIPF,20260402,9.2,9.2,9.2,9.2,1000
MITSIB,20260402,0.53,0.53,0.53,0.53,111300
MJD,20260402,0.33,0.34,0.33,0.33,52300
MJLF,20260402,5.1,5.1,5,5.1,75400
MK,20260402,0.51,0.53,0.48,0.51,26200
ML,20260402,0.42,0.45,0.42,0.45,108200
MMM,20260402,2.8,2.8,2.74,2.78,336500
MNIT,20260402,1.89,1.89,1.89,1.89,5000
MNRF,20260402,1.99,2,1.99,2,52700
MODERN,20260402,2.08,2.12,2.08,2.12,15500
MONO,20260402,0.98,1.01,0.97,0.99,8518600
MOONG,20260402,2.26,2.26,2.24,2.26,67400
MORE,20260402,0.04,0.04,0.03,0.03,22400
MOSHI,20260402,35.75,36.25,35.25,35.75,541300
MOTHER,20260402,1.15,1.18,1.14,1.14,860300
MPJ,20260402,3.96,3.98,3.94,3.98,56500
MRDIYT,20260402,8.55,8.85,8.5,8.7,2247300
MSC,20260402,6.5,6.65,6.5,6.6,6600
MST,20260402,6.8,6.85,6.8,6.85,2600
MTC,20260402,29.5,30,29.25,29.75,7691500
MTI,20260402,15.2,15.3,15.2,15.3,1800
MTW,20260402,0.82,0.83,0.8,0.81,92800
NAM,20260402,3.72,3.72,3.7,3.7,7700
NAT,20260402,2.28,2.3,2.26,2.26,30000
NATION,20260402,0.04,0.05,0.04,0.04,1231800
NC,20260402,1.98,1.99,1.89,1.96,12500
NCAP,20260402,2.58,2.58,2.54,2.56,572400
NCH,20260402,0.38,0.39,0.38,0.39,8900
NCL,20260402,0.24,0.24,0.22,0.23,612200
NCP,20260402,1.08,1.08,1.07,1.07,18800
NDR,20260402,1.22,1.24,1.21,1.23,37400
NEO,20260402,19.6,19.7,19.1,19.2,232100
NEP,20260402,0.2,0.21,0.2,0.2,236100
NER,20260402,4.86,4.96,4.84,4.9,9622800
NETBAY,20260402,18.3,18.4,18.1,18.3,286700
NEX,20260402,1.06,1.07,1.04,1.04,19070400
NKI,20260402,12.9,12.9,12.9,12.9,100
NKT,20260402,4.18,4.18,4.16,4.16,34000
NL,20260402,0.64,0.65,0.62,0.64,90000
NNCL,20260402,1.56,1.58,1.55,1.57,80700
NOBLE,20260402,2,2,1.99,2,270500
NOVA,20260402,7.6,7.6,7.6,7.6,1400
NPK,20260402,13.9,13.9,13.8,13.8,200
NRF,20260402,0.29,0.29,0.26,0.28,831200
NSL,20260402,22.2,22.3,22,22.3,373200
NTF,20260402,12.6,13.3,12.5,12.8,5195500
NTSC,20260402,6.15,6.15,6.1,6.15,600
NTV,20260402,22.1,22.2,22,22.2,7700
NUT,20260402,4.16,4.16,4.16,4.16,14400
NV,20260402,0.53,0.53,0.52,0.53,66600
NVD,20260402,0.78,0.8,0.78,0.8,3300
NYT,20260402,4.38,4.38,4.32,4.36,5740700
OCC,20260402,9.4,9.55,9.4,9.55,600
OHTL,20260402,280,280,271,271,2800
OKJ,20260402,3.52,3.56,3.44,3.44,1317700
ONEE,20260402,2.7,2.72,2.66,2.66,424900
ONSENS,20260402,1.2,1.21,1.16,1.21,1339600
OR,20260402,12.9,13,12.8,12.9,29887800
ORI,20260402,1.86,1.86,1.82,1.82,1769200
ORN,20260402,0.78,0.78,0.78,0.78,21400
OSP,20260402,14.9,15.1,14.9,15,8045000
PACO,20260402,1.3,1.3,1.28,1.29,149300
PAF,20260402,0.65,0.68,0.65,0.66,97500
PANEL,20260402,1.24,1.24,1.21,1.21,11000
PAP,20260402,2.44,2.48,2.44,2.44,64500
PATO,20260402,6.45,6.5,6.45,6.45,25600
PB,20260402,48.5,49.75,48,49.75,1900
PCC,20260402,2.68,2.7,2.66,2.7,240600
PCE,20260402,2.6,2.62,2.58,2.62,2927400
PCSGH,20260402,3.04,3.08,3.04,3.08,46400
PDG,20260402,3,3.02,2.98,2.98,37400
PDJ,20260402,0.95,0.95,0.92,0.93,14000
PEACE,20260402,1.73,1.74,1.68,1.68,37300
PEER,20260402,0.09,0.1,0.08,0.08,421800
PERM,20260402,0.24,0.24,0.23,0.24,725400
PHG,20260402,12.7,12.7,12.6,12.6,44700
PHOL,20260402,2.84,2.84,2.8,2.8,64400
PIMO,20260402,1,1.01,1,1,36200
PIN,20260402,4.3,4.32,4.28,4.32,159400
PIS,20260402,3.9,3.92,3.86,3.86,462300
PJW,20260402,2.04,2.08,2.04,2.08,102200
PK,20260402,0.41,0.49,0.4,0.42,7915900
PL,20260402,1.29,1.3,1.29,1.3,6300
PLANB,20260402,4.02,4.04,3.98,4.02,9456500
PLANET,20260402,0.36,0.38,0.35,0.36,558500
PLAT,20260402,1.08,1.09,1.08,1.08,958200
PLE,20260402,0.17,0.19,0.16,0.17,16949500
PLT,20260402,0.55,0.59,0.55,0.56,4599500
PLUS,20260402,1.44,1.44,1.36,1.36,310200
PM,20260402,11.3,11.4,11.2,11.3,147200
PMC,20260402,0.88,0.9,0.88,0.89,225800
PMTA,20260402,10.2,10.3,10.2,10.3,1200
POLY,20260402,6.85,6.85,6.8,6.8,13000
POPF,20260402,6.9,6.9,6.85,6.9,246400
PORT,20260402,0.5,0.56,0.5,0.54,844700
PPM,20260402,1.34,1.34,1.31,1.32,110700
PPP,20260402,0.77,0.77,0.74,0.76,82300
PPPM,20260402,0.31,0.38,0.31,0.34,4954800
PPS,20260402,0.16,0.17,0.15,0.16,1433400
PQS,20260402,1.61,1.62,1.58,1.62,234700
PR9,20260402,16.7,16.9,16.5,16.7,1967400
PRAKIT,20260402,11.7,11.7,11.7,11.7,1000
PRAPAT,20260402,0.73,0.73,0.71,0.73,141900
PREB,20260402,3.8,3.8,3.78,3.8,23100
PRECHA,20260402,0.47,0.48,0.47,0.48,16500
PRG,20260402,8.8,8.8,8.7,8.75,12400
PRI,20260402,4,4.02,3.94,4,61900
PRIME,20260402,0.06,0.06,0.05,0.05,24100
PRIN,20260402,1.39,1.39,1.39,1.39,1300
PRINC,20260402,1.79,1.79,1.77,1.79,42900
PRM,20260402,7.9,8.05,7.85,8,6062700
PROEN,20260402,1.01,1.02,0.99,1,671200
PROS,20260402,0.29,0.3,0.28,0.29,70500
PROSPECT,20260402,7.05,7.05,7,7.05,672800
PROUD,20260402,1.03,1.03,0.99,1,1726400
PRTR,20260402,3.18,3.22,3.16,3.18,137700
PSGC,20260402,3.48,3.48,3.34,3.38,414400
PSH,20260402,3.54,3.54,3.5,3.52,348200
PSL,20260402,6.9,6.9,6.8,6.8,2965900
PSP,20260402,4.3,4.38,4.3,4.38,114600
PSTC,20260402,0.28,0.28,0.27,0.28,1490300
PT,20260402,11.5,11.5,11.3,11.4,98000
PTC,20260402,0.59,0.62,0.58,0.61,50300
PTECH,20260402,1.59,1.72,1.42,1.72,7500
PTG,20260402,8.45,8.55,8.3,8.4,12601000
PTL,20260402,10.4,10.6,10.4,10.4,684000
PTT,20260402,35,35.5,34.75,35.5,87618300
PTTEP,20260402,160,160,157.5,159.5,23705500
PTTGC,20260402,36.5,36.75,35.75,35.75,27200900
PYLON,20260402,2.96,3.12,2.96,3.06,1053200
Q-CON,20260402,6.35,6.4,6.3,6.35,22000
QDC,20260402,0.14,0.15,0.13,0.14,1256500
QH,20260402,1.39,1.41,1.38,1.4,15400400
QHBREIT,20260402,3.56,3.58,3.54,3.58,150300
QHHRREIT,20260402,7.05,7.15,7.05,7.15,335900
QHOP,20260402,3.06,3.06,3.06,3.06,100
QLT,20260402,1.47,1.57,1.45,1.57,6600
QTC,20260402,3.66,3.66,3.58,3.6,5000
QTCG,20260402,0.13,0.14,0.12,0.12,231500
RABBIT,20260402,0.32,0.32,0.31,0.32,1704800
RAM,20260402,18.3,18.5,18.3,18.5,4300
RATCH,20260402,30,30.25,30,30.25,612200
RBF,20260402,4.1,4.14,4.04,4.04,2055400
RCL,20260402,31,31.5,30.5,31.5,2688700
READY,20260402,3.24,3.36,3.18,3.22,70700
RICHY,20260402,0.15,0.16,0.15,0.15,266600
RJH,20260402,12.6,12.7,12.4,12.5,191400
RML,20260402,0.12,0.13,0.12,0.12,900
ROCK,20260402,10.9,11.7,10.6,10.7,22800
ROCTEC,20260402,0.59,0.6,0.59,0.6,1424900
ROJNA,20260402,5.2,5.3,5.2,5.3,1876800
RP,20260402,0.51,0.52,0.49,0.51,14300
RPC,20260402,0.42,0.47,0.42,0.44,24048700
RPH,20260402,4.94,4.94,4.9,4.94,189700
RS,20260402,0.19,0.24,0.18,0.22,93331600
RSP,20260402,0.95,0.95,0.93,0.93,12300
RT,20260402,0.26,0.27,0.26,0.27,135200
RWI,20260402,0.2,0.2,0.19,0.2,662700
S,20260402,0.52,0.52,0.5,0.51,1368000
S11,20260402,3.84,3.92,3.84,3.92,35100
SA,20260402,7.05,7.15,7.05,7.15,22000
SAAM,20260402,4.92,4.92,4.8,4.86,16500
SABINA,20260402,15.7,15.8,15.6,15.7,302600
SAF,20260402,0.32,0.32,0.32,0.32,26700
SAFE,20260402,6,6,6,6,3400
SAK,20260402,3.34,3.34,3.3,3.3,383000
SALEE,20260402,0.39,0.4,0.39,0.4,526500
SAMART,20260402,5.6,5.6,5.45,5.5,365400
SAMCO,20260402,0.72,0.72,0.71,0.72,59200
SAMTEL,20260402,3.88,3.88,3.82,3.86,4300
SANKO,20260402,0.85,0.85,0.85,0.85,54700
SAPPE,20260402,31.25,31.5,31,31,143800
SAT,20260402,14.4,14.4,14.1,14.4,828600
SAUCE,20260402,40.5,41,40.5,40.75,30600
SAV,20260402,11.1,11.1,11,11,104400
SAWAD,20260402,23.2,23.4,22.9,22.9,15733900
SAWANG,20260402,6.65,6.7,6.65,6.65,4300
SC,20260402,1.99,2.02,1.98,1.98,5710300
SCAP,20260402,1.07,1.08,1.06,1.07,2364000
SCB,20260402,145,145.5,144.5,145.5,12702700
SCC,20260402,205,206,202,204,2557900
SCCC,20260402,139,139.5,139,139.5,53700
SCG,20260402,2.28,2.3,2.28,2.28,15100
SCGD,20260402,4.86,4.88,4.84,4.86,118400
SCGP,20260402,20.8,21.3,20.6,20.7,16695600
SCI,20260402,0.98,0.98,0.96,0.96,1500
SCL,20260402,1.16,1.17,1.16,1.17,60400
SCM,20260402,0.13,0.14,0.13,0.13,1325200
SCN,20260402,0.41,0.45,0.4,0.4,1591500
SCP,20260402,8.05,8.1,8,8.1,114400
SDC,20260402,0.03,0.04,0.03,0.03,3625900
SE,20260402,0.48,0.49,0.47,0.48,631700
SEAFCO,20260402,2.5,2.5,2.44,2.44,808300
SEAOIL,20260402,3.44,3.54,3.4,3.54,1293800
SECURE,20260402,11.7,11.7,11.6,11.6,64000
SEI,20260402,2.06,2.06,1.96,1.96,731800
SELIC,20260402,2.48,2.54,2.48,2.5,98700
SENA,20260402,1.89,1.89,1.87,1.89,131700
SENX,20260402,0.23,0.23,0.22,0.23,130100
SFLEX,20260402,2.96,2.98,2.9,2.92,356500
SFT,20260402,1.68,1.68,1.67,1.68,5700
SGC,20260402,0.85,0.86,0.84,0.84,6369500
SGF,20260402,0.13,0.14,0.13,0.14,137000
SGP,20260402,7.95,8.05,7.9,8.05,176900
SHR,20260402,1.71,1.8,1.71,1.74,9628200
SIAM,20260402,0.68,0.69,0.66,0.69,147000
SICT,20260402,2.32,2.4,2.32,2.38,243100
SIMAT,20260402,1.14,1.14,1.12,1.14,549800
SINGER,20260402,4.98,5.05,4.92,4.92,1229300
SINO,20260402,0.86,0.86,0.83,0.86,39600
SIRI,20260402,1.39,1.41,1.38,1.4,35753500
SIS,20260402,22,22.9,21.9,22.6,850300
SISB,20260402,10.7,10.8,10.6,10.6,834700
SITHAI,20260402,1.01,1.01,1,1,33300
SJWD,20260402,7.55,7.7,7.4,7.6,2660100
SK,20260402,0.54,0.55,0.54,0.55,89600
SKE,20260402,0.21,0.22,0.2,0.2,2001800
SKIN,20260402,1.25,1.25,1.15,1.17,399400
SKN,20260402,5.5,5.65,5.5,5.65,15300
SKR,20260402,7.05,7.1,6.95,7.1,345800
SKY,20260402,12.6,12.7,12.5,12.6,479100
SLP,20260402,0.4,0.41,0.4,0.41,147100
SMART,20260402,0.64,0.64,0.63,0.63,2542200
SMD100,20260402,1.74,1.74,1.69,1.71,232100
SMIT,20260402,3.54,3.54,3.52,3.54,75200
SMO,20260402,5.05,5.05,4.98,5,4603500
SMPC,20260402,9.25,9.3,9.25,9.3,44000
SMT,20260402,1.29,1.31,1.28,1.29,212300
SNC,20260402,5.6,5.6,5.55,5.6,43200
SNNP,20260402,7.25,7.3,7.2,7.3,245600
SNP,20260402,8.85,8.95,8.65,8.95,37300
SNPS,20260402,4.88,4.88,4.82,4.86,95400
SO,20260402,4.52,4.54,4.5,4.54,31100
SOLAR,20260402,0.3,0.31,0.29,0.3,8073200
SONIC,20260402,1.47,1.49,1.46,1.49,96500
SORKON,20260402,3.9,3.96,3.88,3.92,602900
SPA,20260402,3.24,3.28,3.22,3.22,246900
SPACK,20260402,1.16,1.2,1.14,1.14,73100
SPALI,20260402,16.5,16.6,16.3,16.5,4966000
SPC,20260402,55.25,55.25,55.25,55.25,3900
SPCG,20260402,8.95,9,8.9,8.9,252100
SPG,20260402,10.6,10.6,10.5,10.5,900
SPI,20260402,46,46,46,46,1000
SPRC,20260402,7.05,7.15,6.85,6.85,34552700
SPREME,20260402,1.6,1.61,1.59,1.6,184300
SPRIME,20260402,3.44,3.46,3.44,3.46,20000
SPTX,20260402,0.01,0.01,0.01,0.01,160730800
SPVI,20260402,2.9,2.94,2.88,2.88,285000
SQ,20260402,0.28,0.3,0.27,0.28,274500
SR,20260402,0.4,0.4,0.33,0.36,17100
SRICHA,20260402,14.3,14.5,14.2,14.2,144300
SRIPANWA,20260402,5.2,5.2,5.2,5.2,100
SRS,20260402,1.55,1.56,1.52,1.54,9000
SSF,20260402,5.2,5.3,5.2,5.25,15500
SSP,20260402,3.52,3.58,3.52,3.56,370200
SSSC,20260402,2.24,2.28,2.22,2.26,101600
SST,20260402,1.21,1.22,1.2,1.22,900
SSTRT,20260402,4.3,4.3,4.26,4.26,11900
STA,20260402,17.9,17.9,17.5,17.7,10902500
STANLY,20260402,197,197,196.5,196.5,14500
STARM,20260402,0.84,0.84,0.81,0.82,1953600
STC,20260402,0.5,0.56,0.49,0.54,672500
STECH,20260402,1.01,1.03,1.01,1.01,18000
STECON,20260402,12.8,13.1,12.4,12.9,44349700
STELLA,20260402,0.18,0.2,0.18,0.19,8048200
STGT,20260402,11.1,11.3,10.9,11.1,10822100
STI,20260402,1.73,1.73,1.73,1.73,1000
STOWER,20260402,0.02,0.03,0.02,0.02,2135000
STP,20260402,10.5,10.5,10.5,10.5,100
STPI,20260402,4.24,4.28,4.22,4.22,7377100
STX,20260402,0.91,0.93,0.9,0.91,401200
SUC,20260402,27.25,27.25,27,27,124900
SUN,20260402,2.7,2.7,2.68,2.7,283000
SUPER,20260402,0.1,0.11,0.1,0.1,6664200
SUPEREIF,20260402,5.8,5.8,5.75,5.8,7000
SUSCO,20260402,2.1,2.14,2.08,2.1,1180500
SUTHA,20260402,2.26,2.26,2.26,2.26,4000
SVI,20260402,7.4,7.45,7.4,7.45,426200
SVOA,20260402,1.56,1.59,1.56,1.59,682400
SVR,20260402,0.3,0.3,0.29,0.29,191300
SVT,20260402,1.26,1.26,1.23,1.25,381300
SYMC,20260402,3.88,3.9,3.74,3.9,80900
SYNEX,20260402,9.55,9.6,9.45,9.45,331700
SYNTEC,20260402,1.64,1.67,1.63,1.65,338000
TACC,20260402,5.5,5.55,5.45,5.5,1545400
TAE,20260402,1.19,1.22,1.14,1.16,6349000
TAKUNI,20260402,0.38,0.39,0.37,0.39,1461700
TAN,20260402,4.04,4.04,4,4.04,11500
TASCO,20260402,13.6,13.8,13.6,13.8,1985300
TATG,20260402,0.98,1,0.98,0.98,106800
TBN,20260402,3.94,3.94,3.92,3.92,1000
TC,20260402,5.4,5.55,5.4,5.5,55700
TCAP,20260402,57.5,57.75,57,57.25,1753800
TCC,20260402,0.38,0.39,0.37,0.37,674300
TCJ,20260402,2.3,2.32,2.26,2.32,3800
TCMC,20260402,0.31,0.31,0.31,0.31,324000
TEAM,20260402,2.62,2.68,2.6,2.64,84400
TEAMG,20260402,2.92,2.94,2.88,2.88,943000
TEGH,20260402,3.22,3.26,3.2,3.26,428900
TEKA,20260402,1.75,1.75,1.71,1.75,227300
TERA,20260402,1,1.01,1,1,165300
TFFIF,20260402,6.55,6.65,6.55,6.55,1092800
TFG,20260402,8.85,9.65,8.85,9.55,64049900
TFI,20260402,0.04,0.05,0.04,0.04,389600
TFM,20260402,6.55,6.65,6.55,6.6,473200
TFMAMA,20260402,188.5,189,188,188,1600
TGE,20260402,1.21,1.21,1.2,1.2,111200
TGH,20260402,11,11,11,11,900
TGPRO,20260402,0.04,0.05,0.04,0.04,146100
TH,20260402,0.49,0.51,0.48,0.49,2841800
THAI,20260402,6.3,6.35,6.15,6.2,37174800
THANA,20260402,1.56,1.56,1.54,1.55,134700
THANI,20260402,1.62,1.66,1.59,1.65,9973900
THCOM,20260402,12.3,12.9,12.3,12.7,23039100
THE,20260402,0.77,0.78,0.75,0.77,589600
THG,20260402,9,9.1,8.9,8.95,834900
THIP,20260402,22.5,22.5,22.5,22.5,700
THMUI,20260402,0.35,0.35,0.33,0.34,9600
THRE,20260402,0.4,0.41,0.4,0.41,1432100
THREL,20260402,1,1.03,1,1,170600
TIDLOR,20260402,15.1,15.4,15,15.4,17496600
TIF1,20260402,7.25,7.35,7.25,7.35,2200
TIGER,20260402,0.28,0.3,0.27,0.27,27700
TIPCO,20260402,6.8,6.8,6.7,6.7,52300
TIPH,20260402,20.8,20.9,20.6,20.6,20600
TISCO,20260402,113.5,114,113,113.5,4900200
TITLE,20260402,8.25,8.25,8.05,8.15,97600
TK,20260402,4.14,4.14,4.08,4.14,3700
TKC,20260402,7.6,7.75,7.6,7.75,2700
TKN,20260402,3.98,3.98,3.92,3.92,1437700
TKS,20260402,6.3,6.35,6.25,6.3,258800
TL,20260402,0.43,0.48,0.41,0.47,21959900
TLI,20260402,10.6,10.7,10.5,10.5,14517200
TM,20260402,0.83,0.83,0.8,0.82,35000
TMAN,20260402,13.1,13.1,12.9,12.9,68800
TMC,20260402,0.7,0.7,0.7,0.7,6300
TMD,20260402,25.75,25.75,25.25,25.25,300
TMI,20260402,0.53,0.53,0.51,0.51,11000
TMILL,20260402,2.06,2.08,2.06,2.08,130800
TMT,20260402,3.84,3.9,3.84,3.88,150600
TMW,20260402,55,55,54,54.5,22400
TNDT,20260402,0.14,0.14,0.14,0.14,182000
TNH,20260402,30.25,30.25,30,30.25,7400
TNITY,20260402,2.94,2.98,2.82,2.86,24600
TNP,20260402,2.88,2.9,2.86,2.88,118100
TNPC,20260402,0.83,0.84,0.81,0.83,75200
TNR,20260402,4.84,4.9,4.84,4.88,32800
TOA,20260402,13,13,12.8,12.8,1808700
TOG,20260402,6.75,6.8,6.75,6.75,472300
TOP,20260402,48.5,49.25,46,46,28644000
TPA,20260402,2.22,2.22,2.22,2.22,3000
TPAC,20260402,8.9,9,8.9,8.9,49200
TPBI,20260402,3.22,3.26,3.2,3.22,114800
TPCH,20260402,1.82,1.82,1.75,1.75,1131900
TPCS,20260402,10.6,10.6,10.6,10.6,300
TPIPL,20260402,0.71,0.71,0.69,0.7,22772100
TPIPP,20260402,1.84,1.85,1.82,1.83,1344700
TPL,20260402,0.48,0.48,0.47,0.48,28900
TPLAS,20260402,1.2,1.22,1.14,1.16,474900
TPOLY,20260402,0.16,0.19,0.16,0.16,1556500
TPP,20260402,10.7,10.7,10.7,10.7,1000
TPRIME,20260402,7.5,7.5,7.5,7.5,300
TPS,20260402,3.28,3.3,3.28,3.3,9900
TQM,20260402,12.7,13.3,12.6,13.1,897400
TQR,20260402,4.92,4.96,4.92,4.96,54700
TRC,20260402,0.38,0.39,0.37,0.38,1849000
TRITN,20260402,0.03,0.03,0.02,0.03,779200
TRP,20260402,4.44,4.44,4.36,4.44,6800
TRT,20260402,3.98,4.04,3.98,4.02,79400
TRU,20260402,3.94,4,3.9,3.96,87300
TRUBB,20260402,1.03,1.22,1,1.18,38442600
TRUE,20260402,14.4,14.5,14.2,14.2,156838800
TRV,20260402,1.92,1.92,1.92,1.92,3500
TSC,20260402,14.4,14.5,14.3,14.4,4500
TSE,20260402,0.71,0.74,0.69,0.72,29053700
TSI,20260402,0.05,0.06,0.05,0.06,6900
TSTH,20260402,0.78,0.81,0.78,0.8,15915000
TTA,20260402,4.96,4.98,4.9,4.94,2042100
TTB,20260402,2.3,2.32,2.28,2.32,175512800
TTI,20260402,25.25,25.75,25.25,25.75,1600
TTLPF,20260402,9.75,9.8,9.7,9.8,63500
TTT,20260402,42,42,42,42,300
TTW,20260402,9.2,9.25,9.2,9.2,1083000
TU,20260402,11.2,11.4,11.2,11.3,10919300
TU-PF,20260402,1.15,1.15,1.07,1.14,1500
TURBO,20260402,1.53,1.53,1.48,1.48,9333100
TURTLE,20260402,2.56,2.68,2.56,2.58,5600
TVDH,20260402,0.05,0.06,0.05,0.06,158300
TVH,20260402,8.85,8.85,8.85,8.85,100
TVO,20260402,25.25,25.75,25,25.75,1601700
TVT,20260402,0.21,0.21,0.2,0.21,26500
TWP,20260402,1.17,1.19,1.16,1.17,1600
TWPC,20260402,2.98,3.04,2.96,3.04,103900
TWZ,20260402,0.01,0.02,0.01,0.01,4449700
TYCN,20260402,1.76,1.76,1.76,1.76,100
UAC,20260402,2.9,2.9,2.88,2.88,44700
UBA,20260402,1.08,1.11,1.07,1.09,500000
UBE,20260402,0.77,0.78,0.73,0.76,44504600
UBIS,20260402,1.11,1.13,1.09,1.09,24200
UEC,20260402,0.69,0.7,0.68,0.68,381200
UKEM,20260402,0.91,0.91,0.87,0.89,13706800
UMI,20260402,0.69,0.71,0.69,0.7,176000
UNIQ,20260402,2.56,2.62,2.54,2.6,305800
UNIX,20260402,2,2.02,1.73,1.76,130299700
UP,20260402,22.9,23,22.6,22.9,6400
UPF,20260402,20.6,20.6,20.6,20.6,1600
UPOIC,20260402,7.1,7.25,7.1,7.25,24600
UREKA,20260402,0.29,0.3,0.29,0.29,666800
UTP,20260402,7.35,7.4,7.3,7.35,89400
UV,20260402,0.89,0.89,0.87,0.87,300200
UVAN,20260402,15.9,16.1,15.8,15.9,468700
VARO,20260402,4.24,4.3,4.2,4.3,20700
VCOM,20260402,3.28,3.36,3.28,3.32,560000
VGI,20260402,0.93,0.94,0.91,0.91,108610000
VIBHA,20260402,1.4,1.4,1.39,1.4,304900
VIH,20260402,9.05,9.15,9,9.05,388000
VL,20260402,0.8,0.81,0.79,0.8,489100
VNG,20260402,2.1,2.18,2.06,2.14,547600
VPO,20260402,0.66,0.68,0.64,0.65,19313400
VRANDA,20260402,4.26,4.26,4.26,4.26,600
VS,20260402,0.3,0.3,0.28,0.3,132000
WACOAL,20260402,17.3,21,17.2,17.2,16600
WARRIX,20260402,1.73,1.73,1.7,1.71,236700
WASH,20260402,5.15,5.2,5.05,5.15,359200
WAVE,20260402,0.02,0.03,0.02,0.02,8097500
WFX,20260402,1.2,1.25,1.16,1.25,589500
WGE,20260402,0.77,0.78,0.76,0.78,17600
WHA,20260402,4.26,4.32,4.14,4.18,130578600
WHABT,20260402,5.65,5.7,5.65,5.65,46100
WHAIR,20260402,6.95,7,6.9,7,668000
WHART,20260402,10.2,10.3,10.1,10.3,2397400
WHAUP,20260402,4.48,4.56,4.44,4.48,5657900
WICE,20260402,2.4,2.4,2.36,2.36,210100
WIIK,20260402,0.88,0.88,0.87,0.88,19700
WIN,20260402,0.27,0.28,0.26,0.27,149500
WINDOW,20260402,0.75,0.76,0.74,0.75,81700
WINMED,20260402,0.88,0.89,0.88,0.88,125600
WINNER,20260402,2.1,2.1,2.08,2.1,211000
WORK,20260402,3.5,3.54,3.48,3.52,45700
WP,20260402,3.76,3.76,3.74,3.76,61500
WPH,20260402,6.05,6.05,5.9,5.95,187700
XBIO,20260402,0.06,0.07,0.06,0.06,5502400
XO,20260402,13.6,13.8,13.5,13.7,383000
XPG,20260402,0.48,0.49,0.47,0.48,7724800
XYZ,20260402,0.43,0.45,0.41,0.43,1732400
YGG,20260402,0.25,0.3,0.24,0.27,26967100
YONG,20260402,0.72,0.76,0.72,0.73,1385900
YUASA,20260402,14.9,15,14.8,15,7700
ZAA,20260402,1.84,1.84,1.75,1.83,1200
ZEN,20260402,5.4,5.55,5.35,5.55,6900
ZIGA,20260402,0.9,0.92,0.89,0.9,896800
2S-O,20260402,2.9,2.9,2.9,2.9,1
3BBIF-O,20260402,6.6,6.65,6.55,6.6,1102
88TH-O,20260402,5,5,4.94,4.94,105
A5-O,20260402,1.81,1.81,1.81,1.81,1
AAI-O,20260402,3.48,3.52,3.48,3.5,143
AAV-O,20260402,1.13,1.17,1.13,1.14,481
ACE-O,20260402,1.29,1.29,1.29,1.29,10
ADB-O,20260402,0.59,0.59,0.58,0.58,65
ADVANC-O,20260402,365,366,360,364,9553
ADVICE-O,20260402,5.45,5.45,5.4,5.4,45
AE-O,20260402,0.07,0.1,0.07,0.08,107
AEONTS-O,20260402,91.25,91.75,90.75,91.25,356
AGE-O,20260402,1.29,1.34,1.25,1.27,93
AH-O,20260402,13.3,13.3,13.3,13.3,1
AHC-O,20260402,14,14.1,14,14.1,13
AI-O,20260402,2.92,2.96,2.92,2.96,142
AIE-O,20260402,1.16,1.17,1.16,1.17,632
AIMCG-O,20260402,1.65,1.65,1.65,1.65,25
AIMIRT-O,20260402,11,11,10.9,11,187
AIRA-O,20260402,1.11,1.11,1.11,1.11,10
AIT-O,20260402,4.84,4.84,4.84,4.84,66
AJ-O,20260402,3.14,3.38,3.14,3.2,274
AJA-O,20260402,0.16,0.16,0.16,0.16,75
AKR-O,20260402,0.93,0.93,0.91,0.91,65
ALLA-O,20260402,1.26,1.26,1.26,1.26,1
ALPHAX-O,20260402,0.45,0.45,0.45,0.45,1
ALUCON-O,20260402,225,230,225,226,6
AMA-O,20260402,3.94,3.94,3.92,3.92,11
AMANAH-O,20260402,0.62,0.66,0.62,0.66,67
AMARC-O,20260402,3.48,3.48,3.48,3.48,6
AMATA-O,20260402,19.5,19.5,19.2,19.2,633
ANAN-O,20260402,0.39,0.39,0.36,0.38,141
ANI-O,20260402,2.64,2.68,2.64,2.68,2
AOT-O,20260402,53,53.75,52.5,53.5,2116
AP-O,20260402,8.5,8.6,8.45,8.6,377
APCS-O,20260402,1.11,1.11,1.11,1.11,10
APO-O,20260402,2.3,2.42,2.3,2.4,11
APP-O,20260402,2.78,2.78,2.78,2.78,1
AQUA-O,20260402,0.12,0.12,0.12,0.12,60
ARIN-O,20260402,0.51,0.51,0.51,0.51,4
ASEFA-O,20260402,4.06,4.06,4.06,4.06,5
ASIAN-O,20260402,7.05,7.2,7.05,7.2,60
ASK-O,20260402,8.5,8.55,8.45,8.55,43
ASN-O,20260402,0.64,0.76,0.64,0.76,20
ASP-O,20260402,2.1,2.1,2.1,2.1,1
ASW-O,20260402,7.3,7.3,7.3,7.3,15
ATLAS-O,20260402,1.9,1.91,1.9,1.9,180
ATP30-O,20260402,0.87,0.87,0.85,0.85,46
AU-O,20260402,4.86,4.86,4.86,4.86,1
AUCT-O,20260402,4.92,5.1,4.92,5.1,4
AURA-O,20260402,14,14.2,14,14.2,219
AWC-O,20260402,2.14,2.24,2.14,2.2,588
AXTRART-O,20260402,12.6,13,12.5,12.8,172
AYUD-O,20260402,37,37,37,37,32
B-O,20260402,0.03,0.04,0.03,0.03,485
B-WORK-O,20260402,5.55,5.55,5.55,5.55,5
B52-O,20260402,0.26,0.26,0.26,0.26,13
BA-O,20260402,13.8,14,13.7,13.8,554
BAFS-O,20260402,8.45,8.5,8.45,8.45,101
BAM-O,20260402,7.3,7.35,7.25,7.3,496
BANPU-O,20260402,6,6.05,5.9,6,1475
BAREIT-O,20260402,10.4,10.7,10.3,10.3,77
BAY-O,20260402,26,26.25,25.75,26,495
BBGI-O,20260402,4.24,4.24,4.22,4.22,122
BBIK-O,20260402,19.6,19.7,19.5,19.5,89
BBL-O,20260402,169,169,167,168,1290
BC-O,20260402,0.68,0.68,0.68,0.68,10
BCH-O,20260402,9.75,10,9.75,9.95,1079
BCP-O,20260402,39.75,39.75,38.5,38.5,2120
BCPG-O,20260402,6.75,6.9,6.7,6.7,548
BDMS-O,20260402,19,19.2,18.9,19,4449
BE8-O,20260402,4.06,5.55,4.06,5.5,118
BEAUTY-O,20260402,0.35,0.35,0.34,0.35,123
BEM-O,20260402,5.25,5.45,5.25,5.3,474
BGC-O,20260402,5.55,5.55,5.55,5.55,10
BGRIM-O,20260402,12.2,12.2,11.8,11.9,1674
BH-O,20260402,165.5,170.5,165,168,2865
BIOTEC-O,20260402,0.29,0.29,0.29,0.29,109
BIS-O,20260402,1.98,1.98,1.98,1.98,1
BIZ-O,20260402,4.74,4.74,4.74,4.74,10
BJC-O,20260402,14.8,15.1,14.8,15,418
BKA-O,20260402,0.9,0.92,0.9,0.92,51
BKGI-O,20260402,1.33,1.33,1.33,1.33,1
BKIH-O,20260402,325,326,324,325,16
BLA-O,20260402,20.2,20.7,20.2,20.7,240
BLAND-O,20260402,0.43,0.43,0.43,0.43,8
BLC-O,20260402,3.96,3.96,3.9,3.94,63
BPP-O,20260402,12.8,12.8,12.3,12.3,316
BPS-O,20260402,0.4,0.4,0.4,0.4,4
BRI-O,20260402,1.3,1.3,1.3,1.3,1
BROCK-O,20260402,1.3,1.3,1.3,1.3,1
BRR-O,20260402,3.88,3.88,3.84,3.84,58
BRRGIF-O,20260402,3.7,3.7,3.7,3.7,14
BSBM-O,20260402,0.61,0.63,0.61,0.61,12
BSM-O,20260402,0.29,0.29,0.29,0.29,51
BTC-O,20260402,0.19,0.19,0.19,0.19,1
BTG-O,20260402,24.4,25.5,23.9,25,1533
BTNC-O,20260402,14.1,20.2,14.1,20.2,5
BTS-O,20260402,2.16,2.18,2.12,2.12,1362
BTSGIF-O,20260402,1.8,2.56,1.8,2.52,637
BTW-O,20260402,0.1,0.1,0.1,0.1,1
BUI-O,20260402,10.9,10.9,10.9,10.9,1
BVG-O,20260402,1.62,1.62,1.62,1.62,1
BWG-O,20260402,0.32,0.32,0.32,0.32,3
BYD-O,20260402,0.52,0.52,0.52,0.52,70
CBG-O,20260402,38.5,39,38,38.25,602
CCET-O,20260402,5.05,5.15,4.96,4.98,1137
CCP-O,20260402,0.25,0.26,0.23,0.24,136
CENTEL-O,20260402,33.25,33.5,33,33.5,347
CFRESH-O,20260402,0.93,0.93,0.92,0.92,11
CGD-O,20260402,0.12,0.12,0.12,0.12,4
CGH-O,20260402,0.45,0.45,0.33,0.33,34
CHAYO-O,20260402,1,1.02,1,1,275
CHEWA-O,20260402,0.18,0.18,0.17,0.17,73
CHG-O,20260402,1.44,1.46,1.44,1.45,414
CHOW-O,20260402,1.33,1.33,1.33,1.33,10
CI-O,20260402,0.32,0.32,0.32,0.32,1
CIG-O,20260402,0.03,0.03,0.03,0.03,10
CK-O,20260402,15.6,16.5,15.5,16.3,764
CKP-O,20260402,2.34,2.34,2.28,2.3,155
CMC-O,20260402,0.38,0.38,0.38,0.38,28
CMR-O,20260402,1.31,1.31,1.31,1.31,32
COCOCO-O,20260402,5.75,5.75,5.7,5.7,120
COM7-O,20260402,22.1,22.2,22.1,22.1,1090
CPALL-O,20260402,47,47,45.25,45.75,5147
CPANEL-O,20260402,1.57,1.6,1.57,1.6,79
CPAXT-O,20260402,16,16.1,15.9,16.1,2546
CPF-O,20260402,20.8,21.2,20.8,21.1,3687
CPH-O,20260402,7,10.5,7,8.2,21
CPI-O,20260402,3.5,3.5,3.48,3.5,85
CPL-O,20260402,0.63,0.63,0.62,0.62,63
CPN-O,20260402,63,63.5,62.25,62.25,1055
CPNCG-O,20260402,6.15,6.2,6.15,6.2,104
CPNREIT-O,20260402,11.6,11.7,11.5,11.6,429
CPR-O,20260402,2.66,2.66,2.66,2.66,1
CPW-O,20260402,2.2,2.2,2.2,2.2,1
CRANE-O,20260402,0.4,0.4,0.37,0.37,20
CRC-O,20260402,18.9,19.4,18.9,19.2,974
CREDIT-O,20260402,17,17.1,17,17.1,56
CSC-O,20260402,42.75,42.75,42.75,42.75,88
CTW-O,20260402,4.4,4.4,4.4,4.4,50
DCC-O,20260402,1.3,1.3,1.3,1.3,5
DDD-O,20260402,5.4,5.45,5.4,5.45,11
DELTA-O,20260402,260,276,260,271,11251
DEMCO-O,20260402,2.26,2.26,2.2,2.2,10
DHOUSE-O,20260402,0.4,0.4,0.4,0.4,5
DIF-O,20260402,9.6,9.6,9.5,9.55,1172
DITTO-O,20260402,10.6,10.9,10.6,10.9,62
DMT-O,20260402,11.2,11.2,11.1,11.2,148
DOHOME-O,20260402,3.34,3.44,2.46,3.44,477
DREIT-O,20260402,4.82,4.82,4.82,4.82,20
DRT-O,20260402,4.76,4.86,4.74,4.86,113
DUSIT-O,20260402,10.4,10.4,10.4,10.4,39
DV8-O,20260402,4.96,4.96,4.96,4.96,2
EA-O,20260402,2.8,2.82,2.74,2.74,1108
EASTW-O,20260402,2.96,3,2.9,2.98,40
EFORL-O,20260402,0.14,0.14,0.14,0.14,53
EGATIF-O,20260402,6.1,6.1,6.1,6.1,3
EGCO-O,20260402,113,113.5,112,112.5,381
EKH-O,20260402,5,5.05,4.96,5.05,72
EMC-O,20260402,0.02,0.02,0.02,0.02,1
EMPIRE-O,20260402,0.55,0.55,0.54,0.54,16
EP-O,20260402,1.15,1.15,1.15,1.15,21
EPG-O,20260402,3.26,3.26,3.22,3.22,57
ERW-O,20260402,2.5,2.64,2.5,2.64,454
ETC-O,20260402,0.72,0.73,0.72,0.72,166
F&D-O,20260402,60.75,60.75,60.75,60.75,1
FM-O,20260402,4.12,4.26,4.12,4.26,133
FMT-O,20260402,16.7,16.7,16.7,16.7,1
FN-O,20260402,0.45,0.45,0.45,0.45,109
FORTH-O,20260402,7.15,7.4,7.15,7.4,82
FPT-O,20260402,6,6.1,6,6.1,75
FSMART-O,20260402,6.4,6.4,6.3,6.4,17
FTE-O,20260402,2,2.02,2,2.02,20
FTREIT-O,20260402,10.9,11.2,10.9,10.9,307
FUTURERT-O,20260402,8.85,8.85,8.85,8.85,65
FVC-O,20260402,0.37,0.37,0.37,0.37,58
GAHREIT-O,20260402,4.42,4.42,4.32,4.32,64
GC-O,20260402,3.62,4.64,3.62,4.6,260
GEL-O,20260402,0.04,0.04,0.03,0.03,123
GFPT-O,20260402,9.5,9.75,9.5,9.7,189
GGC-O,20260402,4.16,4.16,4.16,4.16,1
GLOBAL-O,20260402,5.7,6.1,5.7,6,686
GPSC-O,20260402,34.25,35.25,34,34.25,1271
GROREIT-O,20260402,7.75,7.8,7.75,7.8,47
GTV-O,20260402,0.03,0.03,0.03,0.03,45
GULF-O,20260402,60,60.5,59.75,60,8336
GUNKUL-O,20260402,2.42,2.46,2.4,2.4,643
GVREIT-O,20260402,6.5,6.5,6.5,6.5,5
HANA-O,20260402,26,26,24.9,25.5,3402
HANN-O,20260402,0.98,1.04,0.98,1.03,551
HARN-O,20260402,1.99,2.04,1.99,2.04,46
HEALTH-O,20260402,0.4,0.4,0.4,0.4,12
HENG-O,20260402,0.63,0.63,0.63,0.63,41
HMPRO-O,20260402,6.25,6.35,6.2,6.3,1216
HTC-O,20260402,15.6,15.7,15.5,15.5,360
HTECH-O,20260402,2.94,2.94,2.92,2.92,55
HUMAN-O,20260402,4.18,4.26,4.18,4.26,50
HYDRO-O,20260402,3.02,3.12,3.02,3.12,6
HYDROGEN-O,20260402,8.15,8.15,8.15,8.15,1
ICC-O,20260402,24,24,24,24,1
ICHI-O,20260402,13.2,13.2,12.9,13.1,1849
IFS-O,20260402,1.85,1.85,1.78,1.78,50
ILINK-O,20260402,4.66,4.68,4.66,4.66,43
ILM-O,20260402,13.2,13.4,13.2,13.3,62
IMH-O,20260402,3.1,3.1,3.1,3.1,2
IMPACT-O,20260402,11,11.1,11,11.1,31
INET-O,20260402,3.52,3.52,3.52,3.52,60
INETREIT-O,20260402,12.2,12.2,12.1,12.2,2325
INOX-O,20260402,0.43,0.43,0.43,0.43,10
INSET-O,20260402,2.58,2.58,2.52,2.52,500
INSURE-O,20260402,60,60,60,60,2
IP-O,20260402,4.06,4.06,4.02,4.06,63
IRCP-O,20260402,0.25,0.25,0.23,0.25,19
IROYAL-O,20260402,5.5,5.5,5.5,5.5,31
IRPC-O,20260402,1.9,1.9,1.82,1.84,1633
ITC-O,20260402,15.8,16.2,15.8,15.9,287
ITD-O,20260402,0.23,0.29,0.23,0.29,878
ITEL-O,20260402,1.18,1.18,1.16,1.16,3
IVF-O,20260402,0.65,0.65,0.65,0.65,10
IVL-O,20260402,25.75,25.75,25,25,961
J-O,20260402,0.6,0.6,0.6,0.6,3
JAS-O,20260402,1.14,1.18,1.14,1.15,111
JCK-O,20260402,0.12,0.13,0.12,0.12,86
JCT-O,20260402,79.75,79.75,79.75,79.75,1
JDF-O,20260402,1.63,1.63,1.61,1.61,12
JMART-O,20260402,6.7,6.95,6.65,6.65,325
JMT-O,20260402,8.7,8.9,8.6,8.6,472
JPARK-O,20260402,2.96,2.96,2.96,2.96,2
JSP-O,20260402,1.96,1.96,1.96,1.96,5
JTS-O,20260402,54,54.5,52.75,53,664
JUBILE-O,20260402,7.25,7.25,7.25,7.25,15
KAMART-O,20260402,7.6,8.4,7.55,8.35,163
KASET-O,20260402,0.72,0.72,0.7,0.7,30
KBANK-O,20260402,192.5,194,191.5,193,2916
KBS-O,20260402,5.85,5.85,5.8,5.8,113
KBSPIF-O,20260402,8.5,8.5,8.35,8.4,31
KCAR-O,20260402,4.7,4.7,4.7,4.7,39
KCE-O,20260402,22.3,22.4,21.8,21.9,2059
KCG-O,20260402,9.6,9.6,9.5,9.6,113
KGEN-O,20260402,1.28,1.29,1.28,1.29,5
KGI-O,20260402,4.4,4.4,4.4,4.4,24
KIAT-O,20260402,0.32,0.32,0.31,0.31,99
KISS-O,20260402,3.34,3.34,3.34,3.34,2
KJL-O,20260402,6,6,6,6,5
KK-O,20260402,0.98,0.98,0.98,0.98,32
KKP-O,20260402,78,79,77.75,78.75,3585
KLINIQ-O,20260402,23.9,25,23.9,25,6
KPNREIT-O,20260402,1.95,1.95,1.95,1.95,99
KSL-O,20260402,1.6,1.61,1.59,1.61,125
KTB-O,20260402,35.75,36.25,35.5,35.75,5893
KTC-O,20260402,30.5,30.5,30,30.25,1949
KUN-O,20260402,0.69,0.69,0.69,0.69,28
KWC-O,20260402,279,279,277,277,10
KYE-O,20260402,289,290,289,290,2
LALIN-O,20260402,4.58,4.58,4.58,4.58,42
LANNA-O,20260402,15.2,15.2,15.1,15.1,239
LDC-O,20260402,0.26,0.26,0.25,0.25,12
LEE-O,20260402,2.48,2.48,2.46,2.46,2
LH-O,20260402,3.8,3.82,3.78,3.78,1285
LHFG-O,20260402,1.02,1.32,1.02,1.04,358
LHHOTEL-O,20260402,12.9,12.9,12.7,12.7,145
LHSC-O,20260402,10.1,14.2,10.1,13.8,578
LOXLEY-O,20260402,1.36,1.36,1.36,1.36,10
LPN-O,20260402,1.58,1.59,1.57,1.59,23
LTS-O,20260402,2.22,2.22,2.22,2.22,4
M-O,20260402,19.1,19.6,19,19.6,559
MADAME-O,20260402,0.59,0.59,0.59,0.59,15
MAGURO-O,20260402,20.1,20.1,20.1,20.1,48
MAJOR-O,20260402,7.3,7.5,7.25,7.5,261
MALEE-O,20260402,4.3,4.4,4.3,4.36,119
MASTER-O,20260402,8.6,8.7,8.55,8.6,138
MBK-O,20260402,17.4,17.6,17.4,17.5,57
MC-O,20260402,10.9,11,10.9,11,117
MCOT-O,20260402,6.2,6.2,6.2,6.2,80
MCS-O,20260402,9.7,9.7,9.7,9.7,2
MEB-O,20260402,14.2,14.2,14.1,14.2,83
MEDEZE-O,20260402,6.35,6.35,6.35,6.35,16
MEGA-O,20260402,34,34.5,33.75,34.5,361
METCO-O,20260402,266,266,263,266,36
MFC-O,20260402,22.4,22.7,22.4,22.7,58
MGC-O,20260402,3.2,4.5,3.2,4.5,41
MGI-O,20260402,5.3,5.3,5.3,5.3,21
MINT-O,20260402,22.1,22.4,22.1,22.2,1504
MK-O,20260402,0.53,0.53,0.53,0.53,26
MMM-O,20260402,2.82,2.82,2.76,2.76,137
MODERN-O,20260402,2.08,2.08,2.08,2.08,64
MONO-O,20260402,0.99,1,0.99,0.99,194
MOONG-O,20260402,2.3,2.3,2.3,2.3,11
MOSHI-O,20260402,35.5,36,35.5,36,246
MRDIYT-O,20260402,8.65,8.75,8.5,8.75,141
MST-O,20260402,8.8,8.8,6.75,6.75,20
MTC-O,20260402,29.25,30.25,21.1,30,854
MTW-O,20260402,0.8,0.83,0.8,0.83,2
NAT-O,20260402,2.3,2.3,2.28,2.28,102
NC-O,20260402,1.6,1.6,1.6,1.6,2
NEO-O,20260402,19.6,19.6,19.1,19.5,147
NER-O,20260402,4.9,4.98,4.86,4.9,114
NETBAY-O,20260402,18.4,18.5,18.4,18.5,38
NEX-O,20260402,1.06,1.06,1.05,1.05,28
NKI-O,20260402,12.1,12.1,12,12,6
NKT-O,20260402,4.18,4.18,4.18,4.18,69
NL-O,20260402,0.64,0.64,0.64,0.64,29
NOBLE-O,20260402,2,2,2,2,3
NRF-O,20260402,0.27,0.27,0.2,0.2,119
NSL-O,20260402,22.2,22.2,22.2,22.2,70
NTF-O,20260402,12.7,13.1,12.4,13.1,405
NTV-O,20260402,22.3,22.3,22.3,22.3,5
NVD-O,20260402,0.75,0.77,0.75,0.77,53
NYT-O,20260402,4.36,4.38,4.34,4.34,409
OKJ-O,20260402,3.58,3.58,3.5,3.5,212
ONEE-O,20260402,2.7,2.72,2.68,2.68,239
OR-O,20260402,12.9,13,12.8,12.8,3057
ORI-O,20260402,1.84,1.84,1.83,1.83,265
OSP-O,20260402,15,15.1,15,15,1172
PACO-O,20260402,1.29,1.29,1.29,1.29,1
PAP-O,20260402,2.48,2.48,2.44,2.48,54
PATO-O,20260402,6.5,6.5,6.5,6.5,21
PB-O,20260402,53.25,53.25,53.25,53.25,5
PCE-O,20260402,2.62,2.62,2.62,2.62,9
PDJ-O,20260402,0.96,0.96,0.96,0.96,5
PERM-O,20260402,0.22,0.22,0.22,0.22,10
PHG-O,20260402,12.5,12.7,12.5,12.7,21
PHOL-O,20260402,2.84,2.84,2.84,2.84,50
PIN-O,20260402,4.3,4.3,4.3,4.3,24
PK-O,20260402,0.42,0.46,0.42,0.46,16
PL-O,20260402,1.25,1.3,1.25,1.3,60
PLANB-O,20260402,4.04,4.04,3.98,4.04,298
PLE-O,20260402,0.18,0.18,0.18,0.18,5
PLT-O,20260402,0.55,0.55,0.55,0.55,22
PM-O,20260402,11.4,11.4,11.4,11.4,73
POLY-O,20260402,7.2,7.2,7.2,7.2,1
POPF-O,20260402,6.9,6.9,6.9,6.9,1
PORT-O,20260402,0.54,0.54,0.53,0.53,10
PPPM-O,20260402,0.34,0.34,0.34,0.34,5
PR9-O,20260402,16.8,16.9,16.7,16.8,509
PRG-O,20260402,8.9,8.9,8.9,8.9,4
PRI-O,20260402,4,4.04,4,4.04,2
PRM-O,20260402,7.9,8.05,7.9,8,271
PROEN-O,20260402,1.02,1.02,1,1,61
PROSPECT-O,20260402,7,7.05,6.95,7.05,49
PROUD-O,20260402,1.01,1.01,1,1,110
PSGC-O,20260402,3.38,3.44,3.32,3.4,120
PSH-O,20260402,3.54,3.56,3.52,3.54,108
PSL-O,20260402,6.85,6.9,6.85,6.9,106
PSTC-O,20260402,0.28,0.28,0.28,0.28,60
PT-O,20260402,11.5,11.5,11.4,11.5,178
PTECH-O,20260402,1.62,1.62,1.62,1.62,1
PTG-O,20260402,8.45,8.5,8.35,8.4,1526
PTL-O,20260402,10.6,10.7,10.5,10.7,47
PTT-O,20260402,35,35.5,35,35.25,7176
PTTEP-O,20260402,157,160,157,159.5,4556
PTTGC-O,20260402,36.75,36.75,35,35.75,2026
Q-CON-O,20260402,6.4,6.45,6.4,6.45,2
QDC-O,20260402,0.14,0.16,0.14,0.16,126
QH-O,20260402,1.41,1.42,1.4,1.4,502
QHHRREIT-O,20260402,7.1,7.2,7.1,7.15,18
QLT-O,20260402,1.3,1.3,1.3,1.3,1
QTC-O,20260402,3.7,3.7,3.62,3.62,2
QTCG-O,20260402,0.11,0.11,0.11,0.11,1
RABBIT-O,20260402,0.32,0.32,0.31,0.31,66
RAM-O,20260402,18.4,18.4,18.4,18.4,1
RATCH-O,20260402,30,30.5,30,30.25,591
RBF-O,20260402,4.14,4.14,4.02,4.02,83
RCL-O,20260402,31,31.5,30.75,31.5,453
RICHY-O,20260402,0.15,0.15,0.14,0.15,106
RJH-O,20260402,12.7,12.7,12.6,12.6,5
RML-O,20260402,0.12,0.12,0.12,0.12,1
ROCTEC-O,20260402,0.5,0.5,0.5,0.5,96
ROJNA-O,20260402,5.25,5.4,5.25,5.3,137
RP-O,20260402,0.52,0.52,0.52,0.52,1
RPC-O,20260402,0.46,0.5,0.44,0.44,161
RPH-O,20260402,4.94,4.94,4.9,4.9,17
RS-O,20260402,0.2,0.25,0.16,0.22,343
RSP-O,20260402,0.95,0.95,0.92,0.95,22
RT-O,20260402,0.19,0.19,0.19,0.19,1
RWI-O,20260402,0.18,0.18,0.18,0.18,1
S-O,20260402,0.52,0.52,0.51,0.51,63
S11-O,20260402,4,4,4,4,1
SA-O,20260402,7,7,7,7,6
SAAM-O,20260402,4.84,4.84,4.84,4.84,1
SABINA-O,20260402,15.8,15.8,15.8,15.8,1
SAF-O,20260402,0.31,0.31,0.31,0.31,1
SAFE-O,20260402,6,6,6,6,1
SAK-O,20260402,3.36,3.36,3.32,3.32,14
SAMART-O,20260402,5.6,5.6,5.55,5.55,39
SAMCO-O,20260402,0.73,0.73,0.71,0.71,12
SAMTEL-O,20260402,3.72,3.72,3.72,3.72,1
SANKO-O,20260402,0.86,0.86,0.86,0.86,1
SAPPE-O,20260402,31,32,31,31.5,106
SAT-O,20260402,14.5,14.5,14.3,14.3,402
SAUCE-O,20260402,41,41.25,41,41.25,61
SAV-O,20260402,11.1,11.1,11.1,11.1,30
SAWAD-O,20260402,23.1,23.4,23,23.2,1259
SAWANG-O,20260402,5.15,5.15,5.15,5.15,1
SC-O,20260402,2,2,2,2,236
SCAP-O,20260402,1,1.09,1,1.08,139
SCB-O,20260402,145,146,144.5,145.5,13011
SCC-O,20260402,205,207,203,203,789
SCCC-O,20260402,139.5,140,139.5,139.5,62
SCG-O,20260402,2.28,2.28,2,2,119
SCGD-O,20260402,4.82,4.88,4.8,4.86,64
SCGP-O,20260402,20.8,21.2,20.7,20.7,1034
SCL-O,20260402,1.18,1.18,1.18,1.18,3
SCP-O,20260402,8.1,8.1,8.05,8.05,291
SDC-O,20260402,0.03,0.03,0.03,0.03,1
SE-ED-O,20260402,1.5,1.5,1.5,1.5,7
SE-O,20260402,0.49,0.49,0.47,0.47,75
SEAFCO-O,20260402,2.44,2.48,2.44,2.48,30
SEAOIL-O,20260402,3.46,3.5,3.4,3.5,225
SECURE-O,20260402,11.6,11.6,11.6,11.6,38
SEI-O,20260402,2.02,2.06,1.97,1.98,295
SELIC-O,20260402,2.48,2.48,2.48,2.48,1
SENA-O,20260402,1.88,1.88,1.86,1.88,77
SFLEX-O,20260402,2.96,2.96,2.96,2.96,22
SFT-O,20260402,1.72,1.72,1.68,1.68,2
SGC-O,20260402,0.86,0.86,0.64,0.8,151
SGP-O,20260402,8,8,8,8,1
SHANG-O,20260402,51.75,51.75,51.75,51.75,1
SHR-O,20260402,1.71,1.79,1.71,1.73,180
SIAM-O,20260402,0.67,0.67,0.67,0.67,1
SICT-O,20260402,2.32,2.8,2.3,2.3,141
SINGER-O,20260402,5,5,4.94,4.94,218
SINO-O,20260402,0.86,0.87,0.85,0.85,5
SIRI-O,20260402,1.4,1.4,1.38,1.4,1737
SIS-O,20260402,22.2,22.9,22.1,22.9,171
SISB-O,20260402,10.7,10.7,10.7,10.7,84
SJWD-O,20260402,7.45,7.65,7.45,7.65,263
SKIN-O,20260402,1.18,1.18,1.18,1.18,1
SKR-O,20260402,7,7,7,7,1
SKY-O,20260402,12.6,12.6,12.5,12.5,11
SMD100-O,20260402,1.74,1.75,1.72,1.75,21
SMO-O,20260402,5.1,5.1,5,5.05,150
SMPC-O,20260402,10.9,10.9,10.9,10.9,1
SMT-O,20260402,1.29,1.29,1.28,1.28,6
SNC-O,20260402,5.75,5.75,5.75,5.75,1
SNNP-O,20260402,7.25,7.3,7.25,7.3,51
SNP-O,20260402,9.55,9.55,9,9,32
SNPS-O,20260402,4.82,4.82,4.82,4.82,1
SO-O,20260402,3.18,4.48,3.18,4.48,41
SOLAR-O,20260402,0.31,0.35,0.28,0.35,55
SONIC-O,20260402,1.45,1.45,1.45,1.45,1
SORKON-O,20260402,3.92,3.92,3.9,3.9,15
SPA-O,20260402,3.28,3.28,3.28,3.28,1
SPACK-O,20260402,1.13,1.13,1.13,1.13,1
SPALI-O,20260402,16.5,16.8,16.4,16.8,360
SPC-O,20260402,55.25,58.75,55.25,58.75,7
SPCG-O,20260402,9,9,8.95,9,111
SPI-O,20260402,46.25,46.25,46,46,21
SPRC-O,20260402,7.05,7.1,6.95,6.95,907
SPREME-O,20260402,1.59,1.59,1.59,1.59,1
SPRIME-O,20260402,3.44,3.44,3.44,3.44,1
SPTX-O,20260402,0.01,0.01,0.01,0.01,301
SPVI-O,20260402,2.94,2.94,2.9,2.9,11
SQ-O,20260402,0.21,0.21,0.21,0.21,1
SR-O,20260402,0.31,0.31,0.31,0.31,1
SRICHA-O,20260402,14.2,14.4,14.2,14.4,5
SRS-O,20260402,1.52,1.52,1.51,1.51,2
SSF-O,20260402,5.2,5.25,5.2,5.25,6
SSP-O,20260402,3.54,3.6,3.52,3.52,58
SSSC-O,20260402,2.24,2.24,2.24,2.24,1
SST-O,20260402,1.2,1.2,1.2,1.2,1
STA-O,20260402,17.8,17.9,17.6,17.8,526
STANLY-O,20260402,197,197,197,197,11
STARM-O,20260402,0.83,0.83,0.83,0.83,1
STC-O,20260402,0.5,0.5,0.5,0.5,9
STECH-O,20260402,0.94,0.94,0.94,0.94,1
STECON-O,20260402,12.8,13,12.5,12.9,1969
STGT-O,20260402,11.1,11.2,10.9,11,579
STI-O,20260402,1.69,1.69,1.69,1.69,1
STP-O,20260402,7.35,7.35,7.35,7.35,1
STPI-O,20260402,4.22,4.26,4.22,4.26,81
STX-O,20260402,0.92,0.92,0.92,0.92,1
SUC-O,20260402,27.25,27.25,27,27.25,106
SUN-O,20260402,2.68,2.7,2.68,2.7,96
SUPER-O,20260402,0.11,0.11,0.1,0.1,301
SUPEREIF-O,20260402,4.06,5.75,4.06,4.06,318
SUSCO-O,20260402,2.18,2.18,2.08,2.1,289
SVI-O,20260402,7.4,7.4,7.4,7.4,402
SVR-O,20260402,0.29,0.29,0.29,0.29,1
SYMC-O,20260402,3.88,3.88,3.86,3.88,33
SYNEX-O,20260402,9.55,9.7,9.5,9.5,210
TACC-O,20260402,5.5,5.6,5.45,5.55,386
TAKUNI-O,20260402,0.38,0.38,0.38,0.38,49
TAN-O,20260402,4.02,4.02,4.02,4.02,2
TASCO-O,20260402,13.7,13.7,13.6,13.7,282
TBN-O,20260402,2.8,2.8,2.8,2.8,1
TC-O,20260402,5.35,5.35,5.35,5.35,1
TCAP-O,20260402,57.75,57.75,57.25,57.75,716
TCC-O,20260402,0.37,0.37,0.37,0.37,28
TCJ-O,20260402,2.24,2.24,2.24,2.24,1
TCMC-O,20260402,0.3,0.3,0.3,0.3,1
TCOAT-O,20260402,32,32,26.25,26.25,2
TEAM-O,20260402,2.64,2.64,2.62,2.62,88
TEAMG-O,20260402,2.9,2.9,2.9,2.9,1
TEGH-O,20260402,3.24,3.24,3.24,3.24,42
TEKA-O,20260402,1.7,1.7,1.7,1.7,1
TERA-O,20260402,1,1,0.99,0.99,11
TFFIF-O,20260402,6.65,6.65,6.6,6.6,113
TFG-O,20260402,9.15,9.8,8.95,9.7,3812
TFI-O,20260402,0.04,0.04,0.04,0.04,1
TFM-O,20260402,6.65,6.65,6.65,6.65,31
TFMAMA-O,20260402,189,189,187,188.5,64
TGE-O,20260402,1.19,1.19,1.19,1.19,27
TGH-O,20260402,9.85,9.85,9.85,9.85,1
TH-O,20260402,0.49,0.49,0.49,0.49,19
THAI-O,20260402,6.3,6.3,6.2,6.2,1907
THANA-O,20260402,1.56,1.56,1.56,1.56,5
THANI-O,20260402,1.61,1.65,1.61,1.64,135
THCOM-O,20260402,12.7,12.8,12.6,12.7,574
THG-O,20260402,9.15,9.2,9,9.15,130
THIP-O,20260402,22.5,22.6,22.4,22.6,14
THRE-O,20260402,0.41,0.41,0.41,0.41,10
THREL-O,20260402,1.01,1.01,0.99,1.01,165
TIDLOR-O,20260402,15.1,15.4,15.1,15.4,920
TIGER-O,20260402,0.27,0.27,0.27,0.27,2
TIPCO-O,20260402,6.7,6.8,6.7,6.8,4
TIPH-O,20260402,20.9,20.9,20.8,20.9,4
TISCO-O,20260402,113.5,114.5,113,114,6812
TKC-O,20260402,7.55,7.55,7.55,7.55,1
TKN-O,20260402,3.96,3.96,3.96,3.96,51
TKS-O,20260402,6.3,6.3,6.3,6.3,9
TKT-O,20260402,0.64,0.64,0.64,0.64,1
TLI-O,20260402,10.7,10.7,10.6,10.6,227
TMAN-O,20260402,13.1,13.1,13,13,7
TMT-O,20260402,3.82,3.9,3.82,3.86,30
TNH-O,20260402,30.5,30.5,30.5,30.5,1
TNITY-O,20260402,2.88,2.88,2.88,2.88,11
TNP-O,20260402,2.08,2.08,2.08,2.08,1
TNPF-O,20260402,0.75,0.75,0.75,0.75,1
TNR-O,20260402,3.38,4.94,3.38,4.94,40
TOA-O,20260402,12.9,12.9,12.9,12.9,4
TOG-O,20260402,6.7,6.7,6.7,6.7,1
TOP-O,20260402,48.5,48.75,46.25,46.5,4891
TPA-O,20260402,2,2.26,2,2.22,4
TPAC-O,20260402,8.8,8.95,8.8,8.95,2
TPBI-O,20260402,3.24,3.24,3.24,3.24,1
TPCH-O,20260402,1.76,1.76,1.74,1.74,152
TPCS-O,20260402,7.6,7.6,7.6,7.6,1
TPIPL-O,20260402,0.71,0.71,0.69,0.71,148
TPIPP-O,20260402,1.85,1.85,1.82,1.82,90
TPL-O,20260402,0.47,0.47,0.47,0.47,1
TPOLY-O,20260402,0.18,0.18,0.16,0.16,2
TPP-O,20260402,8,8,8,8,1
TPS-O,20260402,3.34,3.34,3.34,3.34,10
TQM-O,20260402,12.6,13.2,12.6,13.2,123
TRC-O,20260402,0.36,0.37,0.36,0.37,26
TRITN-O,20260402,0.02,0.02,0.02,0.02,1
TRP-O,20260402,4.38,4.44,4.38,4.44,12
TRT-O,20260402,4,4,4,4,1
TRU-O,20260402,3.96,3.96,3.96,3.96,30
TRUBB-O,20260402,1.04,1.13,1.03,1.13,314
TRUE-O,20260402,14.2,14.5,14.2,14.3,3326
TSE-O,20260402,0.71,0.74,0.7,0.74,79
TSI-O,20260402,0.05,0.05,0.05,0.05,1
TSTE-O,20260402,10.3,10.3,10.3,10.3,1
TSTH-O,20260402,0.8,0.8,0.8,0.8,24
TTA-O,20260402,4.92,4.94,4.92,4.94,58
TTB-O,20260402,2.32,2.34,2.3,2.32,4193
TTLPF-O,20260402,9.8,9.8,9.75,9.75,58
TTT-O,20260402,49.5,49.5,49.5,49.5,1
TTW-O,20260402,9.25,9.3,9.25,9.3,434
TU-O,20260402,11.3,11.4,11.3,11.4,1251
TURBO-O,20260402,1.56,1.56,1.5,1.5,126
TVDH-O,20260402,0.05,0.05,0.05,0.05,1
TVH-O,20260402,9,9,9,9,1
TVO-O,20260402,25.5,25.75,25,25.5,266
TVT-O,20260402,0.15,0.15,0.15,0.15,98
TWP-O,20260402,1.15,1.15,1.15,1.15,10
TWPC-O,20260402,2.96,3.06,2.96,3.06,10
UAC-O,20260402,2.92,2.92,2.92,2.92,4
UBA-O,20260402,1.07,1.07,1.07,1.07,88
UBE-O,20260402,0.77,0.77,0.75,0.75,120
UBIS-O,20260402,1.09,1.09,1.08,1.08,77
UEC-O,20260402,0.68,0.68,0.68,0.68,1
UKEM-O,20260402,0.89,0.89,0.87,0.87,64
UNIQ-O,20260402,2.6,2.62,2.6,2.62,11
UNIX-O,20260402,1.99,2,1.75,1.75,2152
UP-O,20260402,22.9,22.9,22.9,22.9,3
UPOIC-O,20260402,7.15,7.15,7.15,7.15,52
UTP-O,20260402,7.4,7.4,7.3,7.3,142
UVAN-O,20260402,16.1,16.1,15.9,15.9,168
VARO-O,20260402,3.04,3.04,3.04,3.04,1
VGI-O,20260402,0.93,0.95,0.92,0.92,378
VIBHA-O,20260402,1.4,1.41,1.4,1.41,108
VPO-O,20260402,0.66,0.67,0.66,0.66,105
VS-O,20260402,0.21,0.21,0.21,0.21,1
WACOAL-O,20260402,17,20,16.9,20,48
WARRIX-O,20260402,1.72,1.72,1.72,1.72,90
WASH-O,20260402,5.35,5.35,5.1,5.1,29
WAVE-O,20260402,0.02,0.03,0.02,0.03,33
WFX-O,20260402,1.2,1.2,1.2,1.2,2
WHA-O,20260402,4.3,4.3,4.16,4.16,4571
WHABT-O,20260402,5.7,5.7,5.7,5.7,25
WHAIR-O,20260402,7,7,6.95,7,78
WHART-O,20260402,10.2,10.4,10.1,10.4,274
WHAUP-O,20260402,4.5,4.56,4.48,4.48,521
WINMED-O,20260402,0.88,0.88,0.88,0.88,10
WINNER-O,20260402,2.08,2.08,2.08,2.08,149
WORK-O,20260402,3.5,3.62,3.46,3.62,58
WP-O,20260402,3.76,3.76,3.76,3.76,131
WPH-O,20260402,6.2,6.2,5.95,5.95,16
XO-O,20260402,13.6,13.7,13.6,13.7,248
XPG-O,20260402,0.48,0.49,0.48,0.48,101
XYZ-O,20260402,0.4,0.44,0.4,0.44,12
YGG-O,20260402,0.27,0.27,0.23,0.26,65
ZIGA-O,20260402,0.91,0.91,0.91,0.91,10
RABBIT-P,20260402,0.32,0.32,0.31,0.32,810300
VAYU1,20260402,11,11,10.9,11,282700
VAYU1-O,20260402,11,11,10.9,11,86
AAV01C2604A,20260402,0.01,0.01,0.01,0.01,500300
AAV01C2607A,20260402,0.06,0.06,0.06,0.06,205000
AAV01C2609T,20260402,0.13,0.14,0.13,0.13,3861900
AAV01C2703T,20260402,0.19,0.2,0.19,0.2,3551700
AAV01P2607A,20260402,0.35,0.35,0.34,0.35,1619300
AAV13C2607A,20260402,0.12,0.13,0.12,0.12,4356000
AAV13C2608A,20260402,0.09,0.09,0.09,0.09,288400
AAV13C2608B,20260402,0.24,0.25,0.24,0.24,7641800
AAV13C2701T,20260402,0.16,0.16,0.16,0.16,6460200
AAV13P2607A,20260402,0.41,0.42,0.4,0.41,2449400
AAV19C2604A,20260402,0.01,0.01,0.01,0.01,3792500
AAV19C2608A,20260402,0.26,0.26,0.26,0.26,1701500
AAV19C2612T,20260402,0.14,0.14,0.14,0.14,1204600
AAV41C2607A,20260402,0.11,0.11,0.1,0.1,200
AAV41C2609T,20260402,0.11,0.11,0.11,0.11,300
AAV41C2611T,20260402,0.12,0.12,0.12,0.12,100
ADVANC01C2606A,20260402,0.74,0.74,0.68,0.72,405700
ADVANC01C2607A,20260402,0.43,0.43,0.38,0.41,1641000
ADVANC01C2608A,20260402,0.16,0.16,0.15,0.15,1902100
ADVANC01C2609A,20260402,0.5,0.5,0.46,0.47,2029700
ADVANC01C2701T,20260402,0.64,0.64,0.62,0.63,3167600
ADVANC01P2604A,20260402,0.01,0.01,0.01,0.01,500000
ADVANC01P2606A,20260402,0.1,0.1,0.1,0.1,100000
ADVANC01P2607A,20260402,0.29,0.31,0.29,0.3,2549600
ADVANC01P2609A,20260402,0.87,0.91,0.87,0.88,1921900
ADVANC13C2604A,20260402,0.01,0.01,0.01,0.01,120100
ADVANC13C2607A,20260402,0.43,0.43,0.39,0.41,4574500
ADVANC13C2608A,20260402,0.12,0.12,0.12,0.12,3678800
ADVANC13C2608B,20260402,0.18,0.18,0.18,0.18,4616200
ADVANC13C2608C,20260402,0.33,0.34,0.31,0.33,5197700
ADVANC13C2701T,20260402,0.43,0.43,0.42,0.43,1121000
ADVANC13P2607A,20260402,0.18,0.19,0.17,0.18,2135600
ADVANC19C2606A,20260402,0.41,0.41,0.37,0.4,2720700
ADVANC19C2607A,20260402,0.3,0.3,0.28,0.3,5066100
ADVANC19C2608A,20260402,0.24,0.25,0.24,0.25,1130100
ADVANC41C2606T,20260402,0.83,0.83,0.78,0.78,300
ADVANC41C2607A,20260402,0.35,0.36,0.34,0.35,963400
ADVANC41C2608C,20260402,0.28,0.29,0.27,0.29,600
ADVANC41C2701T,20260402,0.32,0.32,0.32,0.32,2300
AEONTS13C2608A,20260402,0.21,0.21,0.21,0.21,1207300
AIA41C2609A,20260402,0.44,0.44,0.42,0.43,600
ALIHEA41C2606A,20260402,0.13,0.13,0.13,0.13,299900
AMATA01C2605A,20260402,0.16,0.18,0.16,0.17,3608900
AMATA01C2608A,20260402,0.32,0.35,0.32,0.32,3247900
AMATA13C2604A,20260402,0.01,0.01,0.01,0.01,2800
AMATA13C2608A,20260402,0.34,0.37,0.34,0.34,7936800
AMATA19C2607A,20260402,0.4,0.43,0.4,0.41,1206400
AMATA19C2608A,20260402,0.26,0.28,0.26,0.26,8711400
AMATA41C2608A,20260402,0.33,0.35,0.33,0.33,630400
AMATA41C2609T,20260402,0.33,0.34,0.33,0.33,4700
AOT01C2605A,20260402,0.07,0.07,0.07,0.07,62200
AOT01C2606T,20260402,0.35,0.36,0.35,0.36,1489400
AOT01C2607A,20260402,0.24,0.26,0.24,0.25,2706000
AOT01C2609A,20260402,0.46,0.48,0.45,0.46,2318900
AOT01P2607A,20260402,0.36,0.38,0.35,0.35,5047500
AOT13C2605A,20260402,0.22,0.24,0.21,0.23,4646000
AOT13C2605B,20260402,0.06,0.06,0.06,0.06,26700
AOT13C2608A,20260402,0.33,0.35,0.32,0.34,10048500
AOT13P2607A,20260402,0.23,0.24,0.22,0.22,1915900
AOT19C2605A,20260402,0.18,0.19,0.16,0.18,660700
AOT19C2608A,20260402,0.5,0.51,0.48,0.5,1698200
AOT41C2605A,20260402,0.18,0.2,0.18,0.19,550000
AOT41C2608A,20260402,0.3,0.32,0.3,0.3,780400
AOT41C2609T,20260402,0.42,0.43,0.42,0.42,1277600
AWC01C2606T,20260402,0.09,0.1,0.09,0.1,1075800
AWC01C2607A,20260402,0.11,0.12,0.11,0.12,1276200
AWC01C2703T,20260402,0.22,0.23,0.22,0.23,2237000
AWC13C2606A,20260402,0.09,0.11,0.09,0.11,3545400
AWC13C2608A,20260402,0.11,0.11,0.1,0.11,2207000
AWC13C2608B,20260402,0.25,0.28,0.25,0.27,3904800
AWC13C2701T,20260402,0.19,0.2,0.19,0.19,6033000
AWC19C2606T,20260402,0.04,0.04,0.04,0.04,250000
AWC41C2609T,20260402,0.13,0.14,0.13,0.14,400
BA13C2607A,20260402,0.1,0.1,0.1,0.1,689800
BA13C2608A,20260402,0.27,0.28,0.27,0.27,2916600
BA19C2605A,20260402,0.03,0.03,0.03,0.03,13000
BA19C2609A,20260402,0.32,0.33,0.32,0.33,368700
BA41C2611T,20260402,0.18,0.18,0.18,0.18,100
BABA28C2606A,20260402,0.02,0.02,0.02,0.02,30000
BABA28C2606B,20260402,0.07,0.1,0.07,0.1,20700
BABA28C2609A,20260402,0.23,0.23,0.21,0.22,3000
BABA41C2606A,20260402,0.12,0.12,0.11,0.12,905500
BABA41C2609T,20260402,0.41,0.41,0.4,0.41,752700
BABA41C2701T,20260402,0.53,0.53,0.52,0.52,400
BABA41P2609A,20260402,0.4,0.4,0.39,0.39,300
BAM01C2608A,20260402,0.12,0.14,0.12,0.12,2133900
BAM13C2608A,20260402,0.21,0.23,0.21,0.21,3611900
BAM19C2612T,20260402,0.29,0.31,0.29,0.29,6706500
BAM41C2612T,20260402,0.3,0.31,0.3,0.3,985100
BANPU01C2605A,20260402,0.68,0.68,0.61,0.68,455300
BANPU01C2606T,20260402,0.39,0.39,0.39,0.39,10000
BANPU01C2607A,20260402,0.13,0.13,0.11,0.13,3875200
BANPU01C2703T,20260402,0.19,0.19,0.19,0.19,1385100
BANPU13C2606A,20260402,0.21,0.21,0.19,0.21,4091000
BANPU13C2608A,20260402,0.16,0.17,0.15,0.16,5112900
BANPU13C2701T,20260402,0.24,0.25,0.24,0.25,150000
BANPU19C2612T,20260402,0.4,0.4,0.38,0.4,1100800
BANPU41C2605T,20260402,0.07,0.07,0.07,0.07,10000
BANPU41C2606A,20260402,0.2,0.2,0.18,0.2,550400
BANPU41C2608A,20260402,0.14,0.14,0.14,0.14,700
BANPU41C2612T,20260402,0.27,0.27,0.27,0.27,25100
BBL13C2607A,20260402,0.12,0.12,0.12,0.12,3408200
BBL13C2607B,20260402,0.23,0.23,0.23,0.23,4374400
BBL13C2608A,20260402,0.34,0.35,0.34,0.34,4904800
BBL13P2608A,20260402,0.5,0.5,0.49,0.5,4899400
BBL19C2612T,20260402,0.42,0.42,0.42,0.42,3062700
BBL41C2609T,20260402,0.39,0.39,0.39,0.39,500
BCH01C2609A,20260402,0.15,0.17,0.15,0.17,1213700
BCH13C2607A,20260402,0.3,0.34,0.3,0.34,2190500
BCH19C2607A,20260402,0.08,0.09,0.08,0.09,1441300
BCH41C2607A,20260402,0.29,0.3,0.29,0.3,200
BCP01C2608A,20260402,0.32,0.32,0.27,0.27,3132600
BCP13C2604A,20260402,0.45,0.45,0.29,0.29,5000
BCP13C2608B,20260402,0.28,0.28,0.24,0.24,5952500
BCP19C2605A,20260402,0.69,0.69,0.69,0.69,1400
BCP41C2608A,20260402,0.52,0.52,0.47,0.47,980800
BCP41C2609T,20260402,0.2,0.2,0.19,0.19,29200
BCPG01C2607A,20260402,0.42,0.43,0.41,0.41,2450700
BCPG13C2607A,20260402,0.18,0.18,0.18,0.18,9749700
BCPG13C2608A,20260402,0.13,0.13,0.12,0.12,1079300
BCPG19C2609A,20260402,0.33,0.33,0.32,0.32,2271500
BCPG41C2606T,20260402,0.19,0.19,0.18,0.18,8300
BCPG41C2612T,20260402,0.18,0.18,0.17,0.17,50300
BDMS01C2604A,20260402,0.01,0.01,0.01,0.01,1000000
BDMS01C2607A,20260402,0.12,0.12,0.11,0.12,1547200
BDMS01C2609A,20260402,0.3,0.31,0.3,0.3,1045100
BDMS01P2607A,20260402,0.24,0.24,0.22,0.23,5071500
BDMS13C2604A,20260402,0.01,0.01,0.01,0.01,300000
BDMS13C2607A,20260402,0.15,0.15,0.15,0.15,1368100
BDMS13C2608A,20260402,0.11,0.11,0.11,0.11,3500
BDMS13C2608B,20260402,0.3,0.31,0.3,0.31,5875600
BDMS13C2701T,20260402,0.25,0.26,0.25,0.25,2972500
BDMS13P2607A,20260402,0.31,0.31,0.3,0.3,31000
BDMS19C2608A,20260402,0.29,0.3,0.29,0.29,2044900
BDMS41C2607A,20260402,0.15,0.15,0.15,0.15,200
BEM13C2608A,20260402,0.1,0.11,0.1,0.11,365500
BEM41C2608A,20260402,0.09,0.09,0.09,0.09,100
BGRIM01C2606T,20260402,0.04,0.04,0.04,0.04,8000
BGRIM01C2608A,20260402,0.1,0.1,0.09,0.09,5140100
BGRIM01C2609A,20260402,0.22,0.23,0.21,0.21,4855900
BGRIM13C2607A,20260402,0.09,0.09,0.07,0.07,1663500
BGRIM13C2608A,20260402,0.22,0.23,0.21,0.21,8612800
BGRIM13C2608B,20260402,0.32,0.32,0.3,0.3,6038200
BGRIM19C2607A,20260402,0.11,0.11,0.1,0.1,15262900
BGRIM41C2608T,20260402,0.1,0.1,0.1,0.1,300000
BGRIM41C2701T,20260402,0.31,0.31,0.3,0.3,600
BH01C2605A,20260402,0.09,0.13,0.09,0.12,4606200
BH01C2607A,20260402,0.73,0.82,0.72,0.81,116100
BH01C2608A,20260402,0.09,0.12,0.09,0.11,4307900
BH01C2609A,20260402,0.73,0.79,0.72,0.76,5875800
BH01C2609B,20260402,0.67,0.74,0.65,0.71,11838100
BH01P2607A,20260402,0.09,0.09,0.08,0.08,1778400
BH01P2607B,20260402,0.33,0.33,0.29,0.3,4346900
BH01P2608A,20260402,0.73,0.75,0.67,0.68,5673100
BH13C2605A,20260402,0.07,0.08,0.07,0.08,48300
BH13C2607A,20260402,0.64,0.75,0.63,0.71,9335900
BH13C2608A,20260402,0.12,0.14,0.12,0.13,63560600
BH13C2608B,20260402,0.44,0.49,0.41,0.46,20907700
BH13P2604A,20260402,0.01,0.01,0.01,0.01,284000
BH13P2607A,20260402,0.06,0.06,0.06,0.06,12000
BH13P2608A,20260402,0.63,0.65,0.59,0.6,5580200
BH19C2605A,20260402,0.09,0.1,0.09,0.09,6465000
BH19C2607B,20260402,0.07,0.07,0.07,0.07,14000
BH19C2608A,20260402,0.42,0.48,0.4,0.45,28043400
BH41C2608B,20260402,0.38,0.45,0.38,0.42,2521600
BH41C2611T,20260402,0.48,0.52,0.48,0.51,1006100
BH41P2608A,20260402,0.56,0.56,0.56,0.56,200
BIDU41C2606A,20260402,0.06,0.06,0.06,0.06,1340000
BIDU41C2609A,20260402,0.07,0.08,0.07,0.07,300100
BIDU41C2609T,20260402,0.81,0.82,0.81,0.82,600
BJC01C2608A,20260402,0.17,0.18,0.17,0.18,742100
BJC13C2607A,20260402,0.22,0.23,0.22,0.22,4120200
BJC19C2612T,20260402,0.37,0.37,0.36,0.37,1653600
BLA01C2607A,20260402,0.17,0.2,0.17,0.19,1701800
BLA13C2607A,20260402,0.19,0.22,0.18,0.2,3182500
BLA13C2608A,20260402,0.32,0.37,0.32,0.35,5653500
BLA19C2608A,20260402,0.33,0.38,0.32,0.36,3904900
BLA41C2606T,20260402,0.13,0.16,0.13,0.16,500
BTG01C2607A,20260402,1.03,1.14,0.91,1.12,786100
BTG01C2609A,20260402,0.7,0.81,0.65,0.79,5497600
BTG13C2607A,20260402,1.29,1.4,1.29,1.32,10200
BTG13C2608A,20260402,0.82,0.91,0.76,0.88,1125200
BTG13C2609A,20260402,0.58,0.67,0.54,0.65,25924500
BTG13C2609B,20260402,0.21,0.24,0.2,0.23,12481800
BTG19C2608A,20260402,0.62,0.75,0.55,0.69,4800500
BTG41C2609A,20260402,0.56,0.65,0.56,0.63,1498000
BTS01C2608A,20260402,0.07,0.07,0.07,0.07,2000
BTS13C2606A,20260402,0.02,0.02,0.01,0.02,473500
BTS13C2607A,20260402,0.12,0.12,0.11,0.11,3803400
BTS13C2608A,20260402,0.09,0.09,0.09,0.09,1650800
BTS13C2609A,20260402,0.23,0.24,0.23,0.23,7049200
BTS13C2701T,20260402,0.14,0.14,0.14,0.14,3896300
BTS13P2608A,20260402,0.24,0.25,0.24,0.24,488000
BTS41C2607A,20260402,0.11,0.11,0.11,0.11,20100
BTS41C2612T,20260402,0.04,0.04,0.04,0.04,3000
BYDCOM41C2609A,20260402,0.59,0.59,0.56,0.59,1600
CBG01C2607A,20260402,0.09,0.09,0.09,0.09,89000
CBG01C2609A,20260402,0.3,0.33,0.3,0.32,2808700
CBG01P2609A,20260402,0.35,0.35,0.34,0.34,3222000
CBG13C2607A,20260402,0.07,0.07,0.06,0.06,41800
CBG13C2608A,20260402,0.23,0.25,0.23,0.24,8555100
CBG13C2608B,20260402,0.33,0.35,0.32,0.35,6237800
CBG13P2605A,20260402,0.13,0.13,0.12,0.12,1803000
CBG19C2608A,20260402,0.38,0.4,0.38,0.4,2436000
CBG41C2607A,20260402,0.06,0.06,0.06,0.06,20800
CBG41C2608A,20260402,0.21,0.22,0.21,0.22,900
CBG41C2703T,20260402,0.29,0.29,0.29,0.29,1200
CCET13C2604A,20260402,0.01,0.01,0.01,0.01,373200
CCET13C2607A,20260402,0.16,0.16,0.14,0.14,8235200
CCET13C2608A,20260402,0.46,0.48,0.43,0.43,5001800
CCET19C2607A,20260402,0.19,0.19,0.17,0.17,12820600
CCET41C2607A,20260402,0.27,0.27,0.25,0.25,28800
CCET41C2609T,20260402,0.12,0.12,0.12,0.12,200
CENTEL01C2606A,20260402,0.06,0.06,0.06,0.06,1000
CENTEL01C2609A,20260402,0.27,0.28,0.26,0.27,4340800
CENTEL13C2608A,20260402,0.14,0.15,0.14,0.14,3606800
CENTEL13C2608B,20260402,0.3,0.32,0.3,0.31,8992600
CENTEL19C2607A,20260402,0.1,0.1,0.1,0.1,2945700
CENTEL41C2606T,20260402,0.12,0.12,0.12,0.12,100
CENTEL41C2701T,20260402,0.27,0.28,0.27,0.28,905700
CHG13C2608A,20260402,0.13,0.13,0.13,0.13,300
CHG41C2612T,20260402,0.17,0.17,0.17,0.17,100000
CK01C2608A,20260402,0.34,0.4,0.34,0.38,3262900
CK13C2607A,20260402,0.4,0.47,0.4,0.44,8114100
CK13C2608A,20260402,0.22,0.25,0.21,0.23,7258600
COM701C2607A,20260402,0.42,0.42,0.39,0.39,4636600
COM713C2605A,20260402,0.09,0.09,0.09,0.09,255600
COM713C2607A,20260402,0.41,0.41,0.38,0.38,4312000
COM713C2608A,20260402,0.1,0.1,0.1,0.1,293400
COM719C2605A,20260402,0.14,0.14,0.12,0.12,8443300
COM741C2607A,20260402,0.34,0.34,0.32,0.32,300400
COM741C2609T,20260402,0.29,0.29,0.28,0.28,900600
CPALL01C2604A,20260402,0.01,0.01,0.01,0.01,30000
CPALL01C2606T,20260402,0.05,0.05,0.04,0.04,400
CPALL01C2607A,20260402,0.19,0.2,0.18,0.19,1781400
CPALL01C2608A,20260402,0.05,0.06,0.05,0.06,385000
CPALL01C2703T,20260402,0.24,0.25,0.24,0.24,3257100
CPALL01P2607A,20260402,0.15,0.16,0.15,0.15,4896700
CPALL01P2608A,20260402,0.54,0.55,0.53,0.53,2226300
CPALL13C2607A,20260402,0.17,0.17,0.15,0.17,2683800
CPALL13C2608A,20260402,0.12,0.12,0.11,0.11,407300
CPALL13C2609A,20260402,0.33,0.33,0.32,0.32,2348600
CPALL13C2701T,20260402,0.24,0.25,0.24,0.25,2304200
CPALL13P2608A,20260402,0.2,0.2,0.19,0.19,1087800
CPALL19C2607A,20260402,0.25,0.26,0.24,0.25,1698100
CPALL19C2612A,20260402,0.14,0.14,0.14,0.14,111700
CPALL41C2607A,20260402,0.13,0.14,0.13,0.14,200
CPALL41C2612T,20260402,0.15,0.15,0.15,0.15,100
CPALL41P2608A,20260402,0.17,0.17,0.17,0.17,200200
CPF01C2608A,20260402,0.19,0.21,0.19,0.2,4190600
CPF01C2609A,20260402,0.35,0.39,0.35,0.37,8693500
CPF01C2611T,20260402,0.22,0.23,0.22,0.22,3072000
CPF01P2608A,20260402,0.37,0.37,0.34,0.35,2054000
CPF13C2608A,20260402,0.26,0.28,0.25,0.27,8661400
CPF13P2608A,20260402,0.33,0.33,0.31,0.31,1613200
CPF19C2608A,20260402,0.21,0.25,0.21,0.23,13776400
CPF19C2609T,20260402,0.17,0.18,0.17,0.18,768600
CPF41C2608A,20260402,0.22,0.24,0.22,0.24,480400
CPF41C2612T,20260402,0.23,0.23,0.23,0.23,200
CPN01C2606T,20260402,0.24,0.24,0.23,0.23,3258600
CPN01C2608A,20260402,0.4,0.4,0.38,0.38,2512900
CPN01P2608A,20260402,0.25,0.26,0.25,0.26,277700
CPN13C2608A,20260402,0.43,0.43,0.4,0.4,9553700
CPN13P2608A,20260402,0.25,0.26,0.25,0.26,3878200
CPN19C2609T,20260402,0.4,0.4,0.38,0.38,10022800
CPN41C2608T,20260402,0.45,0.45,0.43,0.44,398800
CRC01C2605A,20260402,0.04,0.04,0.04,0.04,344700
CRC01C2609A,20260402,0.19,0.2,0.19,0.2,1953900
CRC01C2609B,20260402,0.38,0.41,0.38,0.41,2095000
CRC01C2610T,20260402,0.25,0.26,0.25,0.26,2339800
CRC01P2605A,20260402,0.1,0.1,0.09,0.09,38100
CRC13C2606A,20260402,0.12,0.13,0.12,0.13,737200
CRC13C2608A,20260402,0.4,0.43,0.4,0.42,5268900
CRC13P2606A,20260402,0.1,0.1,0.1,0.1,1103000
CRC19C2612A,20260402,0.34,0.35,0.34,0.35,5786300
CRC41C2606A,20260402,0.1,0.1,0.1,0.1,100
CRC41C2609T,20260402,0.15,0.15,0.15,0.15,100
DELTA01C2605A,20260402,1.31,1.44,1.26,1.33,2072100
DELTA01C2605B,20260402,3.24,3.46,3.1,3.28,801000
DELTA01C2607A,20260402,0.88,0.95,0.83,0.87,1941100
DELTA01C2608A,20260402,0.61,0.65,0.58,0.61,7041100
DELTA01P2605A,20260402,0.03,0.03,0.02,0.03,252000
DELTA01P2606A,20260402,0.06,0.07,0.06,0.06,139200
DELTA01P2608A,20260402,0.64,0.65,0.61,0.63,5343600
DELTA13C2604A,20260402,0.01,0.01,0.01,0.01,544300
DELTA13C2605A,20260402,0.58,0.63,0.54,0.57,760400
DELTA13C2605B,20260402,1.92,2.16,1.9,2,5600
DELTA13C2606A,20260402,1.19,1.2,1.19,1.2,11600
DELTA13C2607A,20260402,0.48,0.53,0.47,0.48,4161200
DELTA13C2607B,20260402,0.55,0.59,0.52,0.55,36350500
DELTA13C2608A,20260402,0.35,0.37,0.33,0.35,12327000
DELTA13P2605A,20260402,0.02,0.02,0.02,0.02,100
DELTA13P2606A,20260402,0.14,0.14,0.12,0.12,7918900
DELTA13P2607A,20260402,0.54,0.55,0.51,0.53,17493800
DELTA19C2604A,20260402,0.03,0.04,0.01,0.01,610500
DELTA19C2607A,20260402,0.75,0.81,0.72,0.76,9759400
DELTA19C2608A,20260402,0.65,0.7,0.63,0.66,4027900
DELTA19P2606A,20260402,0.11,0.11,0.11,0.11,5947200
DELTA19P2607A,20260402,0.41,0.42,0.39,0.4,2507000
DELTA19P2608A,20260402,0.87,0.88,0.84,0.87,5034900
DELTA41C2605A,20260402,0.52,0.59,0.52,0.59,100200
DELTA41C2606A,20260402,1.17,1.18,1.17,1.17,110000
DELTA41C2607A,20260402,0.45,0.48,0.43,0.46,686000
DELTA41C2607B,20260402,0.49,0.55,0.49,0.51,1601700
DELTA41C2608A,20260402,0.34,0.36,0.32,0.34,35600
DELTA41C2608T,20260402,1.78,1.84,1.78,1.8,300600
DELTA41C2612T,20260402,1.2,1.22,1.2,1.2,200600
DELTA41C2703T,20260402,0.77,0.79,0.74,0.76,2216600
DELTA41P2607A,20260402,0.52,0.53,0.5,0.5,60200
DJI41C2606A,20260402,0.19,0.19,0.17,0.18,2254000
DJI41C2606B,20260402,0.56,0.56,0.56,0.56,1100
DJI41P2606A,20260402,1.01,1.05,1.01,1.02,323000
DJI41P2606B,20260402,0.68,0.69,0.68,0.69,2000
DOHOME01C2608A,20260402,0.22,0.24,0.21,0.24,1515800
DOHOME13C2604A,20260402,0.01,0.01,0.01,0.01,5900
DOHOME13C2607A,20260402,0.22,0.25,0.21,0.25,3187000
EA13C2604A,20260402,0.01,0.01,0.01,0.01,24800
EA13C2605A,20260402,0.02,0.02,0.02,0.02,192000
EA13C2607A,20260402,0.13,0.13,0.1,0.1,5774900
EA13C2607B,20260402,0.08,0.08,0.07,0.07,2729000
EA13C2608A,20260402,0.34,0.34,0.29,0.29,13538100
EA19C2606A,20260402,0.16,0.16,0.12,0.13,3625800
EA41C2609T,20260402,0.25,0.25,0.23,0.23,15400
EGCO41C2612T,20260402,0.26,0.26,0.26,0.26,900
ERW01C2608A,20260402,0.13,0.18,0.13,0.16,4290300
ERW01C2611T,20260402,0.24,0.28,0.24,0.28,4201700
ERW13C2608A,20260402,0.12,0.17,0.12,0.16,4834200
ERW13C2608B,20260402,0.28,0.35,0.27,0.34,13116100
ERW19C2609A,20260402,0.24,0.31,0.24,0.3,7024100
ERW41C2611T,20260402,0.35,0.4,0.35,0.4,1793800
GFPT13C2608A,20260402,0.49,0.52,0.48,0.49,4844200
GLOBAL01C2608A,20260402,0.04,0.06,0.04,0.05,61800
GLOBAL13C2608A,20260402,0.1,0.13,0.1,0.13,7135600
GLOBAL13C2608B,20260402,0.24,0.3,0.23,0.29,10808000
GLOBAL41C2608A,20260402,0.11,0.11,0.11,0.11,400
GLOBAL41C2612T,20260402,0.28,0.32,0.28,0.32,400700
GPSC01C2608A,20260402,0.06,0.07,0.06,0.06,870600
GPSC01C2609A,20260402,0.23,0.24,0.21,0.21,6161500
GPSC01P2605A,20260402,0.06,0.06,0.06,0.06,6600
GPSC01P2607A,20260402,0.32,0.33,0.32,0.33,5748300
GPSC01P2608A,20260402,0.64,0.64,0.64,0.64,400
GPSC13C2604A,20260402,0.01,0.01,0.01,0.01,70000
GPSC13C2606A,20260402,0.1,0.1,0.09,0.1,3098100
GPSC13C2608A,20260402,0.09,0.1,0.09,0.09,1850100
GPSC13C2608B,20260402,0.26,0.26,0.25,0.25,6644800
GPSC13C2701T,20260402,0.15,0.16,0.15,0.15,5251400
GPSC13P2606A,20260402,0.08,0.09,0.08,0.09,390700
GPSC19C2608A,20260402,0.09,0.09,0.09,0.09,300000
GPSC19C2608B,20260402,0.29,0.29,0.27,0.27,3662300
GPSC41C2606A,20260402,0.08,0.09,0.08,0.08,5100
GPSC41C2703T,20260402,0.21,0.21,0.21,0.21,100
GULF01C2604A,20260402,0.67,0.7,0.67,0.67,588000
GULF01C2606T,20260402,0.22,0.22,0.21,0.22,888900
GULF01C2608A,20260402,0.83,0.84,0.82,0.83,508900
GULF01C2608B,20260402,0.52,0.53,0.52,0.52,785200
GULF01C2609A,20260402,0.42,0.42,0.4,0.4,9241800
GULF01C2702T,20260402,0.58,0.59,0.57,0.58,3844800
GULF01P2608A,20260402,0.06,0.06,0.06,0.06,1000
GULF01P2608B,20260402,0.18,0.18,0.18,0.18,2411400
GULF01P2609A,20260402,0.53,0.53,0.51,0.52,2063700
GULF13C2604A,20260402,0.84,0.84,0.84,0.84,100
GULF13C2607A,20260402,0.74,0.74,0.73,0.74,69700
GULF13C2608A,20260402,0.55,0.55,0.53,0.53,11557600
GULF13P2607A,20260402,0.05,0.05,0.05,0.05,100
GULF13P2608A,20260402,0.34,0.35,0.34,0.35,577300
GULF19C2607B,20260402,0.43,0.44,0.42,0.42,849300
GULF41C2608A,20260402,0.5,0.52,0.5,0.52,140000
GUNKUL01C2608A,20260402,0.21,0.23,0.19,0.19,4797200
GUNKUL13C2608A,20260402,0.35,0.38,0.33,0.33,7242400
GUNKUL13C2608B,20260402,0.18,0.2,0.17,0.17,6071300
GUNKUL19C2609A,20260402,0.28,0.29,0.27,0.27,4781000
HANA01C2604A,20260402,0.39,0.39,0.33,0.35,4300
HANA01C2606A,20260402,1.36,1.36,1.16,1.32,7600
HANA01C2608A,20260402,1.11,1.12,0.99,1.05,26600
HANA01C2609A,20260402,0.21,0.22,0.19,0.2,17381400
HANA13C2604A,20260402,0.01,0.02,0.01,0.01,1851600
HANA13C2604B,20260402,0.82,0.88,0.71,0.71,29400
HANA13C2607A,20260402,1.32,1.32,1.23,1.3,841300
HANA13C2608A,20260402,0.99,0.99,0.85,0.93,379500
HANA13C2608B,20260402,0.56,0.57,0.5,0.54,3947600
HANA13C2608C,20260402,0.26,0.27,0.22,0.25,19071300
HANA13P2607A,20260402,0.06,0.07,0.06,0.06,1192300
HANA19C2604A,20260402,0.03,0.03,0.01,0.02,1408600
HANA19C2608A,20260402,0.79,0.79,0.63,0.72,490900
HANA41C2606T,20260402,0.13,0.13,0.11,0.12,1255900
HANA41C2612T,20260402,0.5,0.5,0.46,0.49,382900
HMPRO13C2604A,20260402,0.01,0.01,0.01,0.01,15000
HMPRO13C2609A,20260402,0.24,0.24,0.23,0.23,510200
HMPRO19C2609A,20260402,0.26,0.27,0.26,0.26,3566100
HMPRO41C2608A,20260402,0.1,0.1,0.09,0.1,35200
HSI28C2604A,20260402,0.01,0.01,0.01,0.01,348600
HSI28C2604B,20260402,0.03,0.04,0.03,0.04,5100
HSI28C2604C,20260402,0.11,0.11,0.1,0.11,8313000
HSI28C2604D,20260402,0.21,0.22,0.18,0.21,37861900
HSI28C2605A,20260402,0.1,0.1,0.09,0.1,419400
HSI28C2605B,20260402,0.26,0.28,0.25,0.26,971100
HSI28C2605C,20260402,0.6,0.61,0.55,0.6,42907400
HSI28C2605D,20260402,0.99,0.99,0.96,0.96,13000
HSI28C2606A,20260402,0.23,0.23,0.22,0.23,2032600
HSI28C2606B,20260402,0.8,0.83,0.76,0.82,8097000
HSI28P2604A,20260402,0.15,0.17,0.14,0.14,7487800
HSI28P2604B,20260402,0.41,0.45,0.4,0.4,49014800
HSI28P2605A,20260402,0.57,0.6,0.56,0.56,8686200
HSI28P2605B,20260402,0.26,0.29,0.26,0.26,718800
HSI28P2605C,20260402,0.14,0.16,0.14,0.14,268600
HSI28P2606A,20260402,0.83,0.83,0.79,0.79,5100
HSTECH28C2606A,20260402,0.14,0.14,0.14,0.14,130000
ICHI01C2608A,20260402,0.11,0.12,0.11,0.11,2763400
ICHI13C2608A,20260402,0.11,0.11,0.1,0.1,4379300
ICHI19C2609T,20260402,0.17,0.18,0.17,0.17,817900
IRPC01C2607A,20260402,1.08,1.08,1.03,1.03,46000
IRPC01C2609A,20260402,0.8,0.8,0.72,0.72,26000
IRPC01C2703T,20260402,0.19,0.2,0.19,0.19,4746700
IRPC13C2608A,20260402,0.89,0.9,0.84,0.84,127100
IRPC13C2608B,20260402,0.54,0.55,0.48,0.48,14636000
IRPC13C2609A,20260402,0.49,0.49,0.43,0.43,16905700
IRPC13C2609B,20260402,0.23,0.23,0.21,0.21,4431000
IRPC19C2609T,20260402,0.64,0.64,0.59,0.59,10094900
IRPC41C2609B,20260402,0.22,0.22,0.21,0.21,100500
IRPC41C2703T,20260402,0.77,0.77,0.72,0.72,23400
ITC01C2606T,20260402,0.22,0.23,0.22,0.22,2804300
ITC13C2604A,20260402,0.01,0.01,0.01,0.01,25000
ITC13C2608A,20260402,0.23,0.24,0.22,0.23,1397800
ITC19C2609T,20260402,0.24,0.25,0.24,0.24,996800
ITC41C2612T,20260402,0.22,0.22,0.22,0.22,100
IVL01C2604A,20260402,0.65,0.76,0.55,0.55,197800
IVL01C2605A,20260402,1.67,1.67,1.51,1.51,188800
IVL01C2607A,20260402,0.62,0.62,0.53,0.53,1008700
IVL01C2608A,20260402,0.12,0.12,0.1,0.1,5304700
IVL01C2609A,20260402,1.28,1.28,1.16,1.16,307800
IVL01P2607A,20260402,0.08,0.09,0.08,0.09,133300
IVL01P2608A,20260402,0.24,0.26,0.24,0.26,2414400
IVL01P2609A,20260402,0.4,0.43,0.4,0.43,2867900
IVL13C2604A,20260402,0.35,0.35,0.13,0.13,1454900
IVL13C2607A,20260402,0.55,0.56,0.48,0.48,1575900
IVL13C2608A,20260402,0.95,0.97,0.84,0.84,820200
IVL13C2609A,20260402,0.81,0.83,0.74,0.74,66300
IVL13C2609B,20260402,0.28,0.28,0.26,0.26,8919800
IVL13P2604A,20260402,0.01,0.01,0.01,0.01,29200
IVL13P2607A,20260402,0.11,0.12,0.11,0.12,2677900
IVL13P2608A,20260402,0.36,0.39,0.36,0.39,2167700
IVL19C2609A,20260402,0.27,0.27,0.24,0.24,9101400
IVL19P2608A,20260402,0.33,0.36,0.33,0.36,563200
IVL41C2605T,20260402,0.08,0.08,0.07,0.07,111000
IVL41C2702T,20260402,0.55,0.55,0.51,0.51,4203300
JAS13C2608A,20260402,0.1,0.1,0.09,0.09,5147900
JAS19C2701T,20260402,0.36,0.36,0.36,0.36,3928400
JD41C2606A,20260402,0.17,0.17,0.17,0.17,600
JMART01C2608A,20260402,0.14,0.15,0.14,0.14,2969200
JMART13C2605A,20260402,0.03,0.03,0.02,0.02,877000
JMART13C2608A,20260402,0.17,0.17,0.16,0.16,3409800
JMART13C2701T,20260402,0.17,0.17,0.17,0.17,980700
JMART19C2612A,20260402,0.25,0.25,0.25,0.25,830600
JMART41C2703T,20260402,0.27,0.27,0.27,0.27,100
JMT01C2605A,20260402,0.07,0.07,0.06,0.06,277900
JMT01C2608A,20260402,0.1,0.1,0.09,0.09,2817600
JMT01C2701T,20260402,0.28,0.28,0.26,0.26,3563200
JMT13C2607A,20260402,0.31,0.32,0.29,0.3,3693300
JMT13C2608A,20260402,0.13,0.13,0.12,0.12,817300
JMT13C2701T,20260402,0.23,0.23,0.22,0.22,2484800
JMT19C2605A,20260402,0.08,0.08,0.08,0.08,912100
JMT19C2608A,20260402,0.11,0.11,0.1,0.1,3475700
JMT41C2703T,20260402,0.41,0.41,0.41,0.41,1000400
KBANK01C2607A,20260402,0.22,0.23,0.21,0.22,1746000
KBANK01C2609A,20260402,0.56,0.59,0.56,0.57,1822900
KBANK01C2702T,20260402,0.21,0.21,0.2,0.2,400000
KBANK01P2607A,20260402,0.32,0.32,0.31,0.31,656400
KBANK13C2607A,20260402,0.07,0.08,0.07,0.08,654800
KBANK13C2607B,20260402,0.26,0.28,0.25,0.26,4024500
KBANK13C2609A,20260402,0.54,0.57,0.53,0.55,4203400
KBANK13P2607A,20260402,0.3,0.3,0.29,0.3,657300
KBANK19C2608A,20260402,0.12,0.12,0.12,0.12,147200
KBANK41C2607A,20260402,0.04,0.04,0.04,0.04,70000
KBANK41C2607B,20260402,0.23,0.25,0.23,0.25,200
KBANK41C2609T,20260402,0.55,0.55,0.55,0.55,100
KBANK41C2703T,20260402,0.31,0.31,0.31,0.31,5000
KCE13C2606A,20260402,0.33,0.34,0.28,0.28,3255300
KCE13C2607A,20260402,0.6,0.63,0.55,0.56,655200
KCE13C2608A,20260402,0.39,0.4,0.36,0.36,31492100
KCE13P2608A,20260402,0.43,0.46,0.43,0.46,4938500
KCE19C2604A,20260402,0.01,0.01,0.01,0.01,1750000
KCE19C2605A,20260402,0.34,0.34,0.28,0.29,7360200
KCE19C2608B,20260402,0.44,0.45,0.4,0.4,7653200
KCE41C2606A,20260402,0.31,0.31,0.28,0.29,667200
KCE41C2606T,20260402,0.04,0.04,0.04,0.04,90200
KCE41C2607A,20260402,0.57,0.57,0.52,0.53,1300
KCE41C2608A,20260402,0.37,0.38,0.35,0.35,961100
KCE41C2609T,20260402,0.57,0.57,0.53,0.54,3746600
KCE41P2608A,20260402,0.39,0.4,0.39,0.4,600200
KKP01C2607A,20260402,0.66,0.67,0.62,0.66,1727100
KKP01P2609A,20260402,0.57,0.58,0.56,0.57,2117700
KKP13C2606A,20260402,0.49,0.52,0.47,0.5,10051200
KKP19C2609T,20260402,0.81,0.83,0.8,0.82,7351300
KTB01C2608A,20260402,0.27,0.27,0.27,0.27,1684900
KTB01P2608A,20260402,0.13,0.13,0.13,0.13,120800
KTB13C2608A,20260402,0.23,0.25,0.23,0.24,8173600
KTB13P2608A,20260402,0.11,0.11,0.11,0.11,530200
KTB19C2609T,20260402,0.43,0.43,0.43,0.43,736900
KTB41C2612T,20260402,0.48,0.48,0.48,0.48,100
KTC01C2604A,20260402,0.02,0.02,0.02,0.02,100
KTC01C2607A,20260402,0.2,0.2,0.2,0.2,1600700
KTC01C2608A,20260402,0.11,0.11,0.1,0.1,90000
KTC01C2609T,20260402,0.17,0.17,0.17,0.17,1270400
KTC01P2608A,20260402,0.38,0.38,0.37,0.37,739900
KTC13C2604A,20260402,0.01,0.01,0.01,0.01,1700
KTC13C2607A,20260402,0.22,0.22,0.2,0.2,6616600
KTC13C2608A,20260402,0.15,0.15,0.15,0.15,2880200
KTC13C2701T,20260402,0.26,0.26,0.26,0.26,5523000
KTC13P2608A,20260402,0.41,0.41,0.4,0.41,2339800
KTC19C2609T,20260402,0.19,0.19,0.19,0.19,465900
KTC41C2608A,20260402,0.13,0.13,0.13,0.13,100
KTC41C2609T,20260402,0.18,0.18,0.18,0.18,1000
KTC41C2612T,20260402,0.26,0.26,0.26,0.26,200
LH01C2609A,20260402,0.17,0.17,0.17,0.17,8700
LH13C2608A,20260402,0.19,0.19,0.18,0.18,1562600
M01C2606A,20260402,0.11,0.13,0.1,0.13,2123100
M13C2604B,20260402,0.01,0.01,0.01,0.01,30000
M13C2607A,20260402,0.11,0.13,0.11,0.12,812500
M13C2608A,20260402,0.08,0.08,0.08,0.08,50000
M13C2608B,20260402,0.33,0.38,0.32,0.36,7788100
M19C2605A,20260402,0.1,0.13,0.1,0.12,1497500
M41C2612T,20260402,0.23,0.23,0.23,0.23,100
MCA5041C2606A,20260402,0.14,0.14,0.14,0.14,80000
MEGA01C2702T,20260402,0.19,0.2,0.19,0.2,911200
MEGA13C2608A,20260402,0.11,0.12,0.11,0.12,504600
MEITUA28C2609A,20260402,0.4,0.4,0.4,0.4,100000
MEITUA41C2609A,20260402,0.36,0.37,0.36,0.37,20200
MINT01C2605A,20260402,0.05,0.05,0.05,0.05,100000
MINT01C2609A,20260402,0.44,0.47,0.44,0.44,5173200
MINT01P2609A,20260402,0.54,0.55,0.52,0.54,2151000
MINT13C2607A,20260402,0.06,0.06,0.06,0.06,500000
MINT13C2608A,20260402,0.27,0.29,0.27,0.27,5223200
MINT13C2608B,20260402,0.43,0.45,0.42,0.43,13783200
MINT13P2606A,20260402,0.29,0.29,0.26,0.28,3722400
MINT41C2604T,20260402,0.01,0.01,0.01,0.01,50000
MINT41C2608A,20260402,0.25,0.26,0.25,0.25,600400
MINT41P2606A,20260402,0.23,0.23,0.21,0.22,600900
MTC01C2606A,20260402,0.02,0.02,0.02,0.02,576000
MTC01C2608A,20260402,0.16,0.16,0.16,0.16,3190300
MTC01P2608A,20260402,0.11,0.11,0.11,0.11,1417800
MTC13C2604A,20260402,0.01,0.01,0.01,0.01,45000
MTC13C2607A,20260402,0.14,0.15,0.13,0.14,3884100
MTC13C2608A,20260402,0.24,0.26,0.23,0.25,5650900
MTC13P2607A,20260402,0.35,0.35,0.34,0.34,1815200
MTC19C2608A,20260402,0.19,0.2,0.19,0.2,3144700
MTC41P2607A,20260402,0.23,0.23,0.22,0.22,220000
NDX28C2606B,20260402,0.56,0.56,0.53,0.56,418400
NDX28P2606A,20260402,0.7,0.71,0.7,0.7,527300
NDX41C2606A,20260402,0.15,0.16,0.14,0.15,866700
NDX41C2606B,20260402,0.46,0.46,0.42,0.43,18285400
NDX41P2606A,20260402,0.84,0.86,0.84,0.85,699500
NDX41P2606B,20260402,0.57,0.59,0.57,0.59,40700
NIKKEI28C2606A,20260402,1.07,1.08,1.04,1.08,41100
NIKKEI28C2606B,20260402,0.76,0.76,0.71,0.73,30900
NIKKEI28C2606C,20260402,0.48,0.48,0.45,0.48,2268500
NIKKEI28C2606D,20260402,0.31,0.31,0.29,0.3,2610900
NIKKEI28P2606A,20260402,0.31,0.33,0.31,0.33,287600
NIKKEI28P2606B,20260402,0.64,0.67,0.64,0.64,2900
NIKKEI28P2606C,20260402,0.46,0.48,0.45,0.46,563000
NIKKEI28P2606D,20260402,0.86,0.91,0.86,0.89,25200
NIKKEI41C2606A,20260402,1.11,1.11,1.11,1.11,200000
NIKKEI41C2606B,20260402,0.71,0.71,0.66,0.69,669000
NIKKEI41C2606C,20260402,0.45,0.45,0.41,0.44,3110800
NIKKEI41P2606A,20260402,0.91,0.95,0.91,0.92,2344600
NIKKEI41P2606B,20260402,0.61,0.63,0.6,0.61,719200
NIKKEI41P2606C,20260402,0.41,0.44,0.41,0.41,683800
OR01C2608A,20260402,0.11,0.12,0.11,0.11,1586300
OR01C2609A,20260402,0.34,0.34,0.34,0.34,1903200
OR13C2605A,20260402,0.03,0.04,0.03,0.04,188200
OR13C2608A,20260402,0.19,0.2,0.19,0.19,1957400
OR13C2608B,20260402,0.36,0.36,0.34,0.34,6270800
OR19C2607A,20260402,0.08,0.08,0.07,0.07,101000
OR19C2608A,20260402,0.32,0.33,0.32,0.32,351700
OR41C2605T,20260402,0.03,0.03,0.03,0.03,2700
OR41C2608T,20260402,0.24,0.24,0.24,0.24,120100
OSP01C2607A,20260402,0.07,0.07,0.07,0.07,2000
OSP01C2609A,20260402,0.32,0.32,0.32,0.32,1638000
OSP13C2607A,20260402,0.06,0.06,0.06,0.06,130000
OSP13C2608A,20260402,0.24,0.24,0.23,0.23,438500
PLANB13C2607A,20260402,0.32,0.32,0.31,0.32,916900
PLANB13C2608A,20260402,0.3,0.3,0.28,0.29,2622200
PLANB13C2608B,20260402,0.1,0.1,0.1,0.1,87500
PLANB19C2605A,20260402,0.06,0.06,0.05,0.06,323800
PLANB19C2608A,20260402,0.57,0.57,0.55,0.57,1923900
PLANB41C2607A,20260402,0.31,0.31,0.31,0.31,480600
PLANB41C2608A,20260402,0.26,0.26,0.26,0.26,200
PLANB41C2612T,20260402,0.15,0.15,0.15,0.15,85000
POPMAR28C2606A,20260402,0.06,0.06,0.03,0.03,600
POPMAR41C2609T,20260402,0.31,0.31,0.3,0.3,32800
PR913C2608A,20260402,0.13,0.13,0.12,0.13,3084000
PRM01C2609A,20260402,0.32,0.33,0.32,0.33,2801200
PRM01C2702T,20260402,0.3,0.3,0.3,0.3,606200
PRM13C2608A,20260402,0.26,0.26,0.25,0.26,4365800
PRM41C2612T,20260402,0.46,0.48,0.46,0.48,200900
PTG01C2607A,20260402,0.25,0.25,0.23,0.23,1606500
PTG13C2607A,20260402,0.3,0.3,0.27,0.28,2872200
PTG13C2608A,20260402,0.24,0.24,0.22,0.23,3436100
PTG13C2608B,20260402,0.09,0.09,0.09,0.09,202000
PTG41C2701T,20260402,0.33,0.33,0.32,0.33,15700
PTT01C2606T,20260402,0.11,0.11,0.11,0.11,100
PTT01C2607A,20260402,0.15,0.17,0.14,0.17,1253000
PTT01P2609A,20260402,0.25,0.25,0.25,0.25,67100
PTT13C2606A,20260402,0.22,0.23,0.22,0.23,209000
PTT13C2608A,20260402,0.14,0.16,0.14,0.15,3887100
PTT13C2701T,20260402,0.26,0.26,0.26,0.26,133800
PTT13P2608A,20260402,0.24,0.24,0.24,0.24,1350200
PTT41C2606A,20260402,0.18,0.2,0.18,0.18,30200
PTT41C2606T,20260402,0.26,0.28,0.26,0.28,400
PTT41C2608A,20260402,0.12,0.12,0.12,0.12,100
PTTEP01C2606T,20260402,1.17,1.17,1.11,1.14,150900
PTTEP01C2607A,20260402,1.32,1.32,1.26,1.29,427800
PTTEP01C2608A,20260402,0.84,0.84,0.79,0.82,624800
PTTEP01C2609A,20260402,0.59,0.59,0.56,0.57,11390000
PTTEP01C2703T,20260402,0.58,0.58,0.57,0.57,6774800
PTTEP01P2608A,20260402,0.4,0.41,0.39,0.4,2312800
PTTEP13C2608A,20260402,1.07,1.07,1.01,1.06,95000
PTTEP13C2608B,20260402,0.74,0.74,0.7,0.73,8599500
PTTEP13C2608C,20260402,0.49,0.49,0.46,0.48,12882300
PTTEP13P2607A,20260402,0.03,0.03,0.03,0.03,412100
PTTEP13P2608A,20260402,0.23,0.24,0.22,0.22,1484600
PTTEP19C2608B,20260402,0.55,0.55,0.51,0.53,2535900
PTTEP41C2607A,20260402,1.51,1.51,1.5,1.5,26200
PTTEP41C2608B,20260402,0.71,0.71,0.67,0.7,851800
PTTEP41C2703T,20260402,0.61,0.61,0.59,0.61,2014400
PTTEP41P2607A,20260402,0.03,0.03,0.03,0.03,100
PTTEP41P2608A,20260402,0.22,0.22,0.22,0.22,4800
PTTGC01C2605A,20260402,1.3,1.3,1.3,1.3,100
PTTGC01C2607A,20260402,0.46,0.46,0.45,0.45,389000
PTTGC01P2607A,20260402,0.03,0.03,0.03,0.03,550000
PTTGC01P2609A,20260402,0.19,0.21,0.19,0.2,1458200
PTTGC13C2607A,20260402,0.66,0.66,0.62,0.63,220200
PTTGC13C2608A,20260402,0.46,0.46,0.43,0.43,3298200
PTTGC13C2609A,20260402,0.37,0.38,0.34,0.36,5772600
PTTGC13P2608A,20260402,0.28,0.29,0.28,0.29,1540900
PTTGC19C2608A,20260402,0.55,0.55,0.55,0.55,200
PTTGC19C2609A,20260402,0.39,0.39,0.36,0.36,3156700
PTTGC41C2607A,20260402,0.62,0.62,0.61,0.61,4000
PTTGC41C2608A,20260402,0.43,0.43,0.4,0.42,700
PTTGC41C2611T,20260402,0.37,0.37,0.36,0.36,10600
PTTGC41C2612T,20260402,0.69,0.69,0.68,0.68,255000
RCL01C2608A,20260402,0.26,0.26,0.25,0.26,1483000
RCL01C2610T,20260402,0.36,0.36,0.35,0.36,1487000
RCL13C2604A,20260402,0.02,0.02,0.02,0.02,1400
RCL13C2608A,20260402,0.26,0.27,0.25,0.27,2813100
RCL19C2609A,20260402,0.26,0.28,0.25,0.28,5746500
RCL41C2608T,20260402,0.61,0.62,0.61,0.62,200
SAWAD01C2606A,20260402,0.17,0.18,0.15,0.16,6386400
SAWAD01C2607A,20260402,0.04,0.04,0.04,0.04,138600
SAWAD01C2609A,20260402,0.09,0.09,0.09,0.09,181800
SAWAD01C2609B,20260402,0.48,0.5,0.46,0.46,6041500
SAWAD01P2606A,20260402,0.11,0.12,0.11,0.12,5985300
SAWAD01P2608A,20260402,0.42,0.43,0.41,0.43,4170800
SAWAD13C2604A,20260402,0.01,0.01,0.01,0.01,34800
SAWAD13C2607A,20260402,0.07,0.07,0.07,0.07,20000
SAWAD13C2607B,20260402,0.29,0.29,0.26,0.26,22008400
SAWAD13C2609A,20260402,0.56,0.57,0.52,0.52,21123500
SAWAD13P2608A,20260402,0.36,0.37,0.35,0.37,4517500
SAWAD19C2607A,20260402,0.24,0.25,0.23,0.23,10450100
SAWAD19C2608A,20260402,0.16,0.16,0.15,0.15,2857000
SAWAD41C2610T,20260402,0.27,0.28,0.27,0.27,1971400
SAWAD41P2608A,20260402,0.33,0.34,0.33,0.34,600500
SCB01C2605A,20260402,0.12,0.12,0.12,0.12,30000
SCB01C2607A,20260402,0.33,0.33,0.32,0.33,2161900
SCB01C2608A,20260402,0.24,0.24,0.24,0.24,2721100
SCB01C2703T,20260402,0.31,0.31,0.31,0.31,2400000
SCB01P2607A,20260402,0.25,0.25,0.24,0.25,1834800
SCB13C2607A,20260402,0.13,0.14,0.13,0.14,6639100
SCB13C2607B,20260402,0.25,0.26,0.24,0.26,13488700
SCB13P2607A,20260402,0.33,0.33,0.32,0.32,943000
SCB19C2612T,20260402,0.42,0.42,0.42,0.42,136500
SCB41C2607B,20260402,0.23,0.23,0.23,0.23,100200
SCC01C2605A,20260402,0.12,0.12,0.11,0.11,5000
SCC01C2606T,20260402,0.51,0.52,0.5,0.5,3014100
SCC01C2607A,20260402,0.15,0.16,0.15,0.16,1476100
SCC01C2609A,20260402,1.25,1.25,1.2,1.2,309800
SCC01P2605A,20260402,0.01,0.01,0.01,0.01,50000
SCC01P2607A,20260402,0.39,0.41,0.39,0.4,2135000
SCC13C2607A,20260402,0.25,0.25,0.24,0.25,2813200
SCC13C2608A,20260402,1.15,1.15,1.11,1.11,6900
SCC13C2701T,20260402,0.34,0.36,0.34,0.36,200
SCC13P2607A,20260402,0.33,0.35,0.33,0.35,1304400
SCC19C2605A,20260402,0.22,0.24,0.2,0.22,523900
SCC19C2607A,20260402,0.16,0.18,0.16,0.16,4785300
SCC41C2611T,20260402,0.22,0.22,0.22,0.22,200
SCC41C2612T,20260402,0.6,0.6,0.59,0.6,1000400
SCC41P2607A,20260402,0.27,0.29,0.27,0.28,160100
SCGP01C2604A,20260402,0.06,0.06,0.06,0.06,50000
SCGP01C2608A,20260402,0.38,0.41,0.37,0.37,1751200
SCGP01C2609A,20260402,0.65,0.68,0.63,0.63,191400
SCGP01P2608A,20260402,0.2,0.21,0.19,0.21,4366500
SCGP13C2607A,20260402,0.32,0.35,0.3,0.3,15464800
SCGP13C2608A,20260402,0.67,0.69,0.65,0.65,163900
SCGP13P2608A,20260402,0.23,0.24,0.22,0.24,2617900
SCGP19C2607A,20260402,0.4,0.43,0.38,0.38,12067400
SCGP41C2605A,20260402,0.51,0.56,0.5,0.56,500
SCGP41C2606T,20260402,0.26,0.28,0.25,0.25,1899300
SCGP41C2607A,20260402,0.29,0.32,0.28,0.28,440400
SCGP41C2608A,20260402,0.63,0.67,0.6,0.64,1016000
SCGP41C2609T,20260402,0.62,0.62,0.61,0.61,200
SET01C2604A,20260402,0.5,0.58,0.47,0.5,165000
SET01C2605A,20260402,2.08,2.08,2.08,2.08,1500
SET01C2607A,20260402,1.17,1.28,1.17,1.25,105900
SET01C2607B,20260402,0.34,0.37,0.34,0.34,37200
SET01P2604A,20260402,0.01,0.01,0.01,0.01,300
SET01P2605A,20260402,0.06,0.06,0.04,0.04,140200
SET01P2606L,20260402,0.62,0.63,0.6,0.62,1268100
SET01P2607A,20260402,0.18,0.18,0.15,0.16,41300
SET01P2607B,20260402,0.44,0.5,0.44,0.5,56700
SET5001C2605A,20260402,1.1,1.18,1.1,1.18,3500
SET5001C2606F,20260402,0.98,0.99,0.9,0.99,52500
SET5001C2606H,20260402,0.24,0.25,0.24,0.24,21500
SET5001C2606I,20260402,0.92,0.96,0.91,0.93,5859900
SET5001C2607A,20260402,0.77,0.79,0.7,0.7,950500
SET5001C2607B,20260402,0.14,0.16,0.14,0.14,29700
SET5001C2607C,20260402,0.86,0.88,0.83,0.85,2881700
SET5001P2605A,20260402,0.02,0.02,0.02,0.02,15100
SET5001P2606F,20260402,0.09,0.09,0.09,0.09,4900
SET5001P2606G,20260402,0.27,0.27,0.27,0.27,300
SET5001P2606I,20260402,0.42,0.43,0.4,0.43,1396300
SET5001P2607A,20260402,0.12,0.12,0.1,0.1,144000
SET5001P2607C,20260402,0.42,0.43,0.4,0.41,16334900
SET5013C2606A,20260402,0.85,0.89,0.8,0.83,8723600
SET5013C2606B,20260402,0.5,0.55,0.5,0.51,25568100
SET5013C2606C,20260402,0.33,0.38,0.33,0.36,5472400
SET5013C2606D,20260402,0.28,0.3,0.27,0.28,26065200
SET5013C2606E,20260402,0.21,0.23,0.2,0.2,3259600
SET5013C2606F,20260402,0.15,0.16,0.14,0.14,10326900
SET5013C2606G,20260402,0.12,0.13,0.12,0.12,413000
SET5013C2606H,20260402,0.41,0.45,0.4,0.41,27487300
SET5013C2606I,20260402,0.64,0.69,0.62,0.63,434857300
SET5013C2606J,20260402,0.91,1,0.9,0.93,88766500
SET5013C2606K,20260402,1.18,1.29,1.17,1.2,13594300
SET5013P2606A,20260402,0.07,0.08,0.06,0.07,42726900
SET5013P2606B,20260402,0.08,0.1,0.08,0.08,9041200
SET5013P2606C,20260402,0.13,0.14,0.12,0.13,8218100
SET5013P2606D,20260402,0.2,0.23,0.2,0.21,5203700
SET5013P2606E,20260402,0.34,0.35,0.3,0.32,13934900
SET5013P2606F,20260402,0.51,0.54,0.47,0.53,529100
SET5013P2606G,20260402,0.79,0.79,0.75,0.78,5100
SET5013P2606H,20260402,0.16,0.17,0.16,0.16,4334200
SET5013P2606I,20260402,0.25,0.25,0.23,0.25,10657300
SET5013P2606J,20260402,0.11,0.11,0.09,0.1,15589000
SET5013P2606K,20260402,0.35,0.36,0.32,0.34,62916900
SET5013P2606L,20260402,0.58,0.6,0.54,0.58,236758400
SET5013P2606M,20260402,0.81,0.82,0.76,0.8,124141000
SET5013P2606N,20260402,1.1,1.11,1.03,1.09,222221600
SET5019C2606A,20260402,0.8,0.8,0.72,0.72,1500
SET5019C2606D,20260402,0.91,1.01,0.91,0.91,2773300
SET5019C2606E,20260402,0.72,0.81,0.72,0.73,3712200
SET5019C2606F,20260402,0.55,0.6,0.54,0.55,11837400
SET5019P2606A,20260402,0.14,0.14,0.12,0.13,165900
SET5019P2606D,20260402,0.25,0.25,0.23,0.24,20017400
SET5019P2606E,20260402,0.47,0.48,0.44,0.47,82435200
SET5019P2606F,20260402,0.95,0.96,0.9,0.95,35014600
SET5041C2606B,20260402,0.52,0.56,0.51,0.53,18051000
SET5041C2606C,20260402,0.43,0.47,0.42,0.45,8616600
SET5041C2606D,20260402,0.26,0.27,0.26,0.27,40000
SET5041C2606F,20260402,0.15,0.15,0.15,0.15,10000
SET5041C2606G,20260402,0.13,0.13,0.13,0.13,30000
SET5041C2606H,20260402,0.37,0.41,0.37,0.4,9185500
SET5041C2606I,20260402,0.55,0.6,0.54,0.55,24507300
SET5041C2606J,20260402,0.75,0.8,0.74,0.75,39317900
SET5041C2606K,20260402,0.97,0.97,0.97,0.97,1000100
SET5041C2609T,20260402,1.07,1.11,1.07,1.09,2408200
SET5041P2606A,20260402,0.25,0.25,0.25,0.25,801000
SET5041P2606B,20260402,0.59,0.59,0.55,0.57,9812300
SET5041P2606C,20260402,0.45,0.45,0.42,0.42,40000
SET5041P2606E,20260402,0.92,0.92,0.87,0.89,14462300
SET5041P2606H,20260402,0.14,0.16,0.14,0.16,3200
SET5041P2606I,20260402,0.22,0.22,0.21,0.21,200
SET5041P2606K,20260402,0.31,0.31,0.3,0.3,520000
SET5041P2606L,20260402,0.55,0.55,0.52,0.54,51453800
SET5041P2606M,20260402,0.81,0.81,0.76,0.78,60867200
SET5041P2609T,20260402,0.32,0.32,0.31,0.31,794600
SIRI13C2605A,20260402,0.11,0.11,0.11,0.11,1707700
SIRI41C2605A,20260402,0.09,0.09,0.09,0.09,100
SISB13C2607A,20260402,0.1,0.1,0.1,0.1,3257500
SISB13C2608A,20260402,0.22,0.22,0.21,0.21,220000
SISB41C2702T,20260402,0.21,0.21,0.21,0.21,200
SJWD13C2608A,20260402,0.24,0.26,0.23,0.24,2138500
SPALI13C2608A,20260402,0.22,0.23,0.22,0.22,1817600
SPRC01C2607A,20260402,0.24,0.24,0.2,0.2,9334800
SPRC01C2703T,20260402,0.24,0.25,0.24,0.24,3639000
SPRC01P2604A,20260402,0.01,0.01,0.01,0.01,597000
SPRC13C2604A,20260402,0.01,0.01,0.01,0.01,360000
SPRC13C2607A,20260402,0.24,0.25,0.21,0.21,12262600
SPRC13C2608A,20260402,0.21,0.21,0.18,0.18,17520600
SPRC41C2606T,20260402,0.19,0.2,0.18,0.18,1101100
SPRC41C2607A,20260402,0.22,0.22,0.19,0.19,639400
SPRC41C2608A,20260402,0.17,0.17,0.16,0.16,680300
SPRC41C2612T,20260402,0.57,0.58,0.55,0.55,1551800
SPX28C2606B,20260402,0.49,0.49,0.49,0.49,2500
SPX28P2606A,20260402,0.98,0.99,0.98,0.99,10500
SPX41C2606A,20260402,0.18,0.18,0.17,0.18,1804900
SPX41C2606B,20260402,0.42,0.42,0.39,0.41,2971100
SPX41P2606A,20260402,1.11,1.13,1.11,1.13,36000
SPX41P2606B,20260402,0.56,0.56,0.55,0.55,16000
STA01C2609A,20260402,0.46,0.46,0.42,0.44,2791800
STA13C2608A,20260402,0.58,0.58,0.53,0.56,6957700
STA13C2608B,20260402,0.42,0.42,0.39,0.41,9509800
STA19C2612A,20260402,0.64,0.66,0.62,0.64,8274600
STA41C2612T,20260402,0.35,0.36,0.35,0.36,800
STGT01C2608A,20260402,0.69,0.77,0.67,0.69,1633200
STGT13C2607A,20260402,0.71,0.72,0.61,0.66,661800
STGT13C2607B,20260402,0.19,0.21,0.18,0.19,13765200
STGT19C2609A,20260402,0.36,0.39,0.35,0.36,2191000
STGT41C2606T,20260402,0.2,0.2,0.19,0.2,825700
STGT41C2612T,20260402,0.56,0.58,0.55,0.56,1368600
TENCEN41C2609A,20260402,0.24,0.24,0.23,0.23,2000200
TFG13C2606A,20260402,1.48,1.48,1.48,1.48,100
TFG13C2608A,20260402,1.08,1.24,1,1.23,47600
TFG13C2608B,20260402,0.65,0.83,0.65,0.8,317700
TFG13C2609A,20260402,0.46,0.61,0.46,0.59,44613500
TFG41C2608A,20260402,0.98,1.1,0.98,1.08,600
TFG41C2612T,20260402,1.55,1.78,1.55,1.78,70800
TFG41C2701T,20260402,0.51,0.63,0.51,0.62,2150800
TIDLOR01C2608A,20260402,0.07,0.07,0.07,0.07,1500000
TIDLOR01C2609A,20260402,0.33,0.35,0.32,0.34,5209700
TIDLOR01C2610T,20260402,0.12,0.13,0.12,0.13,1498900
TIDLOR01P2605A,20260402,0.31,0.31,0.3,0.3,121300
TIDLOR01P2608A,20260402,1.12,1.12,1.09,1.09,146100
TIDLOR13C2607A,20260402,0.08,0.08,0.08,0.08,1912200
TIDLOR13C2608A,20260402,0.23,0.26,0.23,0.26,9483000
TIDLOR13C2701T,20260402,0.22,0.22,0.21,0.22,1367400
TIDLOR13P2608A,20260402,0.59,0.59,0.56,0.57,4962600
TIDLOR19C2609T,20260402,0.11,0.12,0.11,0.12,800
TIDLOR19C2612T,20260402,0.29,0.3,0.29,0.3,8480600
TIDLOR41C2608A,20260402,0.22,0.22,0.22,0.22,400
TISCO13C2607A,20260402,0.14,0.14,0.13,0.13,24100
TLI13C2609A,20260402,0.26,0.26,0.25,0.26,1958600
TOP01C2605A,20260402,0.24,0.24,0.18,0.18,197200
TOP01C2608A,20260402,0.33,0.35,0.26,0.26,5147400
TOP01C2609A,20260402,0.19,0.2,0.14,0.14,8205200
TOP01C2701T,20260402,0.43,0.44,0.39,0.39,6775200
TOP01P2607A,20260402,0.16,0.21,0.16,0.2,2895000
TOP01P2609A,20260402,0.7,0.83,0.69,0.83,187800
TOP01P2609B,20260402,0.58,0.65,0.57,0.65,3801500
TOP13C2607A,20260402,0.39,0.41,0.3,0.3,14650200
TOP13C2608A,20260402,0.27,0.28,0.21,0.21,16019800
TOP13P2607A,20260402,0.11,0.14,0.11,0.14,812300
TOP13P2608A,20260402,0.54,0.63,0.52,0.63,7568400
TOP19C2608A,20260402,0.41,0.43,0.32,0.32,8082100
TOP19C2612T,20260402,0.9,0.92,0.8,0.8,1719300
TOP41C2607A,20260402,0.38,0.39,0.29,0.29,200400
TOP41C2608A,20260402,0.25,0.25,0.2,0.2,4100
TOP41C2611T,20260402,0.65,0.66,0.59,0.59,607900
TOP41C2703T,20260402,0.36,0.37,0.32,0.32,1700
TRUE01C2607A,20260402,0.48,0.49,0.47,0.48,564100
TRUE01C2608A,20260402,0.28,0.29,0.27,0.27,4136700
TRUE01C2703T,20260402,0.29,0.29,0.29,0.29,2553100
TRUE01P2607A,20260402,0.06,0.06,0.06,0.06,3000
TRUE01P2608A,20260402,0.38,0.38,0.37,0.38,300200
TRUE13C2607B,20260402,0.46,0.47,0.45,0.46,3125700
TRUE13C2608A,20260402,0.3,0.31,0.29,0.29,5818500
TRUE13P2607A,20260402,0.07,0.07,0.07,0.07,200000
TRUE13P2608A,20260402,0.36,0.37,0.35,0.37,1183000
TRUE19C2608A,20260402,0.29,0.29,0.28,0.28,830100
TRUE41C2607A,20260402,0.42,0.42,0.4,0.4,100200
TRUE41C2607B,20260402,0.39,0.4,0.39,0.4,400600
TRUE41C2612T,20260402,0.36,0.36,0.35,0.35,50200
TTB01C2608A,20260402,0.13,0.13,0.13,0.13,1260300
TTB13C2607A,20260402,0.14,0.15,0.14,0.15,1203000
TTB13C2608A,20260402,0.12,0.12,0.12,0.12,200
TU01C2609A,20260402,0.15,0.16,0.15,0.15,4119500
TU13C2608A,20260402,0.17,0.18,0.17,0.17,7949300
TU13P2608A,20260402,0.28,0.28,0.26,0.27,5221600
TU19C2607A,20260402,0.08,0.08,0.08,0.08,600000
TU41C2608A,20260402,0.16,0.17,0.16,0.17,140000
VGI01C2604A,20260402,0.01,0.02,0.01,0.02,3680100
VGI01C2608A,20260402,0.13,0.13,0.12,0.12,1751900
VGI01C2609A,20260402,0.27,0.28,0.26,0.26,2220200
VGI13C2605A,20260402,0.02,0.02,0.02,0.02,277000
VGI13C2607A,20260402,0.09,0.09,0.07,0.07,7659500
VGI13C2608A,20260402,0.09,0.09,0.07,0.07,1891200
VGI13C2608B,20260402,0.2,0.21,0.19,0.19,5559000
VGI19C2607A,20260402,0.17,0.18,0.15,0.15,12543000
VGI19C2607B,20260402,0.07,0.07,0.07,0.07,10000
VGI41C2703T,20260402,0.31,0.31,0.31,0.31,500
WHA01C2608A,20260402,0.31,0.31,0.27,0.27,10415500
WHA01C2610T,20260402,0.63,0.64,0.6,0.6,4572900
WHA01P2608A,20260402,0.45,0.48,0.44,0.47,2272300
WHA13C2605A,20260402,0.51,0.51,0.5,0.5,40000
WHA13C2608A,20260402,0.39,0.41,0.36,0.36,5538000
WHA13P2608A,20260402,0.53,0.57,0.52,0.56,3373000
WHA19C2607A,20260402,0.32,0.34,0.28,0.29,3533600
WHA41C2608A,20260402,0.37,0.38,0.33,0.33,880800
WHA41C2608T,20260402,0.18,0.18,0.18,0.18,300
WHA41C2612T,20260402,0.35,0.35,0.33,0.33,300
WHA41C2701T,20260402,0.51,0.52,0.48,0.49,2961200
WHA41P2608A,20260402,0.46,0.46,0.45,0.45,200000
WUXI41C2609A,20260402,0.25,0.25,0.25,0.25,600
XIAOMI28C2609A,20260402,0.32,0.32,0.3,0.32,167500
XIAOMI41C2606A,20260402,0.1,0.1,0.1,0.1,400
XIAOMI41C2609T,20260402,0.32,0.33,0.32,0.33,400
ZIJIN41C2606A,20260402,0.11,0.12,0.11,0.12,1000
AAPL01,20260402,24.4,24.5,24.3,24.4,94597
AAPL03,20260402,2.78,2.8,2.76,2.8,5580
AAPL19,20260402,5.55,5.55,5.55,5.55,3
AAPL80,20260402,8.35,8.35,8.25,8.3,222324
ABBV19,20260402,7.1,7.15,6.95,6.95,8918
ABNB06,20260402,4.12,4.12,4.1,4.1,585
ADBE03,20260402,1.76,1.76,1.72,1.75,22058
ADBE06,20260402,1.98,1.98,1.92,1.96,748163
ADVANT19,20260402,4.4,4.4,4.3,4.38,23038
ADVANT23,20260402,2.92,2.98,2.92,2.96,91252
AFRM03,20260402,1.92,1.92,1.83,1.83,99107
AIA06,20260402,3.62,3.62,3.6,3.6,27955
AIA19,20260402,3.64,3.64,3.6,3.6,6
AIA23,20260402,2.8,2.8,2.76,2.78,40629
AMD03,20260402,3.38,3.46,3.36,3.36,5502
AMD23,20260402,2.82,2.86,2.82,2.82,1503
AMD80,20260402,1.34,1.39,1.33,1.34,13132199
AMGN06,20260402,2.88,2.92,2.86,2.92,240
AMZN01,20260402,20.1,20.4,19.8,19.8,65329
AMZN03,20260402,3.42,3.44,3.38,3.4,377
AMZN06,20260402,1.72,1.73,1.69,1.7,420549
AMZN23,20260402,2.3,2.32,2.26,2.28,82232
AMZN80,20260402,1.72,1.74,1.68,1.69,7090151
ANET23,20260402,2.32,2.34,2.2,2.34,173550
ANTA23,20260402,2.06,2.14,2.06,2.14,40881
APLD03,20260402,2.7,2.8,2.54,2.58,24030
APPL03,20260402,2.22,2.22,2.04,2.06,139868
ASEMI24,20260402,2.28,2.28,2.22,2.28,107738
ASICS23,20260402,2.66,2.7,2.66,2.7,201
ASML01,20260402,36.25,37.25,35.5,36,204556
ASTS03,20260402,2.76,2.88,2.62,2.64,733199
AVGO23,20260402,2.34,2.36,2.28,2.3,3694
AVGO80,20260402,2.04,2.08,2,2,1112911
AXP06,20260402,2.48,2.48,2.44,2.44,5938
BABA01,20260402,11.4,11.4,11.2,11.2,25909
BABA06,20260402,4.96,4.96,4.92,4.96,1876
BABA13,20260402,2.12,2.12,2.08,2.1,10054
BABA23,20260402,3.32,3.36,3.28,3.36,172328
BABA80,20260402,4.98,4.98,4.92,4.94,9712581
BAC03,20260402,3.22,3.24,3.18,3.2,24078
BDX06,20260402,1.72,1.72,1.69,1.7,62685
BIDU01,20260402,10.4,10.4,10.1,10.1,6517
BIDU06,20260402,4.56,4.56,4.54,4.56,366
BIDU23,20260402,2.18,2.2,2.16,2.2,143487
BIDU80,20260402,4.52,4.56,4.48,4.48,1732946
BILIBILI01,20260402,3.58,3.58,3.5,3.56,43474
BIREN23,20260402,5.15,5.15,4.9,4.98,346316
BKNG03,20260402,2.28,2.28,2.28,2.28,1
BKNG80,20260402,2.78,2.78,2.68,2.74,55870
BLK06,20260402,3.16,3.16,3.1,3.12,15992
BONDAS19,20260402,6.4,6.4,6.4,6.4,26004
BRKB80,20260402,1.58,1.58,1.56,1.56,550420
BYDCOM01,20260402,0.99,0.99,0.97,0.98,78013
BYDCOM80,20260402,0.44,0.44,0.42,0.43,7643558
CAMBRI80,20260402,4.82,4.82,4.74,4.78,135663
CATL01,20260402,6.05,6.1,5.9,5.9,1946669
CATL23,20260402,10.6,10.7,10.4,10.5,82829
CATL80,20260402,27,27,25.75,26,88675
CCJ23,20260402,2.26,2.34,2.2,2.22,97885
CEG23,20260402,2.3,2.34,2.24,2.32,117166
CHHONGQ19,20260402,15.5,15.5,15.3,15.3,22172
CHMOBILE19,20260402,3.34,3.34,3.3,3.34,36750
CHMOBILE23,20260402,2.58,2.64,2.56,2.64,10020
CHNXT5023,20260402,7,7.05,6.9,7.05,22719
CMBANK23,20260402,2.28,2.32,2.28,2.3,45545
CME03,20260402,3.24,3.28,3.2,3.26,5134
CN01,20260402,22.3,22.3,22,22.1,5810
CN23,20260402,5.55,5.6,5.55,5.55,331
CNBIO24,20260402,1.54,1.54,1.52,1.52,484204
CNEV24,20260402,2.36,2.36,2.32,2.32,17415
CNROBOAI23,20260402,2.3,2.3,2.26,2.26,197966
CNSEMI23,20260402,2.38,2.42,2.36,2.36,43669
CNSTAR5023,20260402,6.55,6.55,6.3,6.35,16631
CNTECH01,20260402,24.9,24.9,24.6,24.7,498140
COSTCO19,20260402,32.5,32.75,32.25,32.75,2078
CRM01,20260402,3.42,3.42,3.32,3.36,11360
CRM06,20260402,2.46,2.46,2.4,2.42,1109
CRM80,20260402,6.15,6.15,6.1,6.1,236
CRSP03,20260402,3.16,3.26,3.1,3.1,28115
CRWD06,20260402,2.58,2.6,2.5,2.56,21135
CRWD80,20260402,13,13,12.6,12.8,244707
CRWV03,20260402,2.58,2.62,2.46,2.48,39213
CSCO06,20260402,3.2,3.22,3.18,3.2,7331
CYPC80,20260402,12.8,13,12.8,12.9,870
DASH03,20260402,2.5,2.5,2.42,2.44,23973
DBS19,20260402,14.7,14.7,14.5,14.6,231365
DDOG19,20260402,3.88,3.98,3.82,3.88,37950
DELL19,20260402,5.5,5.6,5.35,5.4,206353
DISNEY19,20260402,15.9,15.9,15.6,15.6,4076
DUOL06,20260402,2,2,1.95,1.98,187686
E1VFVN3001,20260402,40.5,40.75,40.25,40.5,63375
EOSE03,20260402,0.83,0.84,0.78,0.78,682415
ESTEE80,20260402,0.79,0.82,0.76,0.77,4784832
EXPE06,20260402,2.96,3.02,2.94,2.96,20555
FANUC23,20260402,2.1,2.1,2.06,2.1,30416
FCX23,20260402,2.48,2.54,2.42,2.44,21762
FERRARI80,20260402,1.13,1.13,1.1,1.11,42156
FPTVN11,20260402,1.87,1.88,1.85,1.86,162946
FPTVN19,20260402,9.45,9.45,9.35,9.45,70919
FUEVFVND01,20260402,45.5,45.75,45.25,45.25,108407
GAC03,20260402,2.58,2.58,2.58,2.58,50
GANFENG23,20260402,3.08,3.12,3.02,3.02,137537
GASVN11,20260402,3.98,4,3.9,3.94,14129
GDS23,20260402,2.38,2.38,2.34,2.38,25397
GEELY06,20260402,3.86,4.02,3.84,3.98,90863
GEELY80,20260402,9.75,10,9.6,10,154484
GEV23,20260402,2.68,2.72,2.58,2.64,87260
GIGA23,20260402,4.96,4.96,4.78,4.8,195264
GOLD03,20260402,3.52,3.54,3.44,3.5,967096
GOLD19,20260402,14.2,14.2,13.8,13.9,1174953
GOLDUS03,20260402,3.54,3.6,3.46,3.5,395180
GOLDUS19,20260402,47,47.75,45.75,46.5,610349
GOOG23,20260402,2.38,2.44,2.36,2.4,190611
GOOG80,20260402,4.74,4.86,4.7,4.72,5102762
GOOGL01,20260402,28,29,27.75,28,187955
GOOGL03,20260402,4.74,4.86,4.74,4.8,55338
GRAB80,20260402,12,12,11.8,11.8,23082
GSUS06,20260402,3.98,4.02,3.92,3.92,120576
HAIERS19,20260402,8.65,8.65,8.45,8.55,77169
HANSOH19,20260402,6.4,6.65,6.4,6.65,64912
HERMES80,20260402,6.2,6.3,6.1,6.15,32679
HIMS03,20260402,3.44,3.5,3.16,3.2,149082
HK01,20260402,21.3,21.5,21,21,500392
HK13,20260402,5.65,5.65,5.55,5.6,659
HKCE01,20260402,24.1,24.1,24.1,24.1,563
HKEX23,20260402,2.14,2.14,2.12,2.12,8011
HKTECH13,20260402,3.92,3.92,3.88,3.9,20466
HONDA19,20260402,2.64,2.64,2.6,2.62,7767
HOOD03,20260402,2.3,2.3,2.22,2.22,1598
HOOD06,20260402,2.3,2.32,2.2,2.2,1683079
HOOD80,20260402,2.32,2.32,2.22,2.22,16692
HORIZON23,20260402,1.76,1.76,1.71,1.71,99200
HPG19,20260402,3.38,3.44,3.36,3.44,1080
HSHD23,20260402,6.7,6.8,6.65,6.8,54204
HUAHONG23,20260402,4.8,4.8,4.72,4.8,568531
IBM06,20260402,3.16,3.2,3.14,3.18,167
ICBC06,20260402,2.88,2.9,2.88,2.9,139
ICBC19,20260402,2.86,2.9,2.86,2.9,23010
IFLYTEK80,20260402,2.22,2.24,2.22,2.22,298
INDIA01,20260402,12.3,12.6,12.2,12.5,330332
INDIAESG19,20260402,3.98,4.02,3.9,4,267392
INTEL03,20260402,2.92,3.18,2.88,3.04,573931
IONQ03,20260402,1.94,1.95,1.76,1.78,127778
ISRG01,20260402,3.36,3.38,3.36,3.36,33365
ISRG06,20260402,3.02,3.04,2.96,2.96,9633
ISRG19,20260402,3.78,3.78,3.78,3.78,200
ITOCHU19,20260402,7,7,6.95,7,3765
JAP03,20260402,3.54,3.54,3.52,3.52,10
JAPAN10001,20260402,26.75,27.25,26,26.75,292497
JAPAN13,20260402,4.8,4.88,4.8,4.88,2503
JD80,20260402,4.64,4.64,4.6,4.64,236684
JDHEAL19,20260402,4.02,4.1,4,4.1,5043
JEPI19,20260402,6.15,6.2,6.1,6.2,487500
JGRO19,20260402,9.25,9.3,9.25,9.3,750
JNJ03,20260402,4,4.04,3.98,4,44607
JPMUS06,20260402,3.22,3.24,3.18,3.24,30183
JPMUS19,20260402,19.3,19.3,19.1,19.1,10587
JTEK19,20260402,8.75,8.85,8.75,8.75,505
KEYENCE23,20260402,2.12,2.12,2.06,2.08,3512
KINGSOFT23,20260402,1.58,1.58,1.57,1.57,23401
KIOXIA23,20260402,2.72,2.76,2.64,2.68,3755
KO80,20260402,2.48,2.5,2.46,2.48,69757
KUAISH01,20260402,2.36,2.36,2.34,2.34,3326
KUAISH06,20260402,1.88,1.89,1.87,1.88,3172
KUAISH23,20260402,1.35,1.35,1.33,1.33,609321
KUAISH80,20260402,1.88,1.88,1.86,1.87,2807812
LENOVO13,20260402,1.98,2.06,1.98,2.06,3504
LLY80,20260402,1.5,1.59,1.5,1.57,10727533
LOREAL80,20260402,1.35,1.36,1.33,1.34,52361
LPGOLD13,20260402,2.84,2.84,2.8,2.8,118
LRCX23,20260402,2.74,2.82,2.7,2.72,16868
LULU06,20260402,2.48,2.6,2.46,2.54,84574
LVMH01,20260402,11.2,11.3,11,11,50781
MA80,20260402,1.64,1.64,1.59,1.61,936511
MEITUAN19,20260402,1.1,1.12,1.1,1.12,119643
MEITUAN23,20260402,2.08,2.08,2.08,2.08,424
MEITUAN80,20260402,3.32,3.34,3.28,3.34,725715
MELI06,20260402,2.28,2.28,2.2,2.22,172459
META01,20260402,5.55,5.6,5.45,5.5,148453
META06,20260402,2.34,2.4,2.32,2.34,1123013
META23,20260402,2.28,2.28,2.22,2.22,654
META80,20260402,2.36,2.42,2.3,2.32,4889421
MICRON01,20260402,7.1,7.65,7.05,7.15,4040219
MICRON03,20260402,3.76,4.08,3.76,3.88,435994
MICRON19,20260402,7.55,8.2,7.55,7.7,424906
MICRON23,20260402,2.24,2.48,2.24,2.3,12496
MICRON80,20260402,11.4,12.2,11.2,11.5,109237
MITSU19,20260402,9.65,9.75,9.65,9.7,53790
MNSO80,20260402,13.3,13.4,13.3,13.4,11
MNST06,20260402,3.38,3.4,3.26,3.26,34197
MRVL06,20260402,3.32,3.5,3.3,3.38,385278
MRVL23,20260402,2.76,2.9,2.76,2.8,3087
MRVL80,20260402,3.34,3.5,3.3,3.38,582867
MS06,20260402,3.62,3.66,3.56,3.6,89323
MSFT01,20260402,3.6,3.62,3.5,3.52,3150959
MSFT03,20260402,2.46,2.46,2.38,2.42,2504
MSFT06,20260402,3.06,3.06,2.98,3,496419
MSFT19,20260402,4.06,4.06,3.96,4,53865
MSFT23,20260402,2.26,2.26,2.2,2.22,236064
MSFT80,20260402,6.15,6.15,5.95,5.95,6501455
MSN11,20260402,3.8,3.82,3.76,3.8,25988
MSN19,20260402,3.18,3.18,3.16,3.16,25000
MUFG19,20260402,5.7,5.7,5.6,5.65,10911
MUFG23,20260402,2.3,2.32,2.28,2.32,1807
MWG11,20260402,4.04,4.06,4,4,18271
MWG19,20260402,10.3,10.3,10,10.2,521268
NAURA23,20260402,2.34,2.36,2.32,2.36,96241
NAURA80,20260402,20.8,21,20.4,21,11365
NBIS03,20260402,3.46,3.5,3.2,3.22,450558
NDAQ06,20260402,2.78,2.8,2.74,2.78,74234
NDX01,20260402,20.2,20.3,20.1,20.2,44155
NEM06,20260402,3.62,3.74,3.52,3.58,112112
NEM23,20260402,2.3,2.36,2.22,2.24,387007
NET03,20260402,3.42,3.42,3.32,3.32,28490
NETEASE80,20260402,7.35,7.35,7.25,7.25,6762
NFLX06,20260402,3.14,3.14,3.1,3.12,49114
NFLX80,20260402,3.14,3.16,3.06,3.1,1259026
NIKE80,20260402,0.77,0.77,0.72,0.73,5502675
NIKKEI80,20260402,11.4,11.4,11.2,11.3,888
NINTENDO19,20260402,17.9,18.1,17.7,18.1,117942
NINTENDO23,20260402,1.6,1.6,1.56,1.6,6558930
NONGFU80,20260402,1.97,1.99,1.95,1.95,105696
NOVOB80,20260402,1.22,1.23,1.19,1.2,981935
NOW19,20260402,3.42,3.42,3.34,3.38,57415
NVDA01,20260402,17,17,16.5,16.5,622901
NVDA03,20260402,3.82,3.86,3.74,3.76,68798
NVDA06,20260402,3.82,3.84,3.72,3.74,287877
NVDA19,20260402,22.9,23,22.4,22.5,64722
NVDA23,20260402,2.76,2.76,2.68,2.7,601876
NVDA80,20260402,28.75,29,28,28,460922
NVTS03,20260402,2.92,3,2.68,2.7,282441
OIL03,20260402,3.4,3.58,3.4,3.56,10043522
ONON03,20260402,2.2,2.3,2.18,2.22,70628
ORCL01,20260402,3.04,3.06,2.9,2.92,1751727
ORCL06,20260402,1.94,1.97,1.85,1.87,516659
ORCL19,20260402,4.86,4.92,4.64,4.66,441295
PANW80,20260402,5.3,5.3,5.1,5.15,82023
PEP80,20260402,1.02,1.02,1,1.02,84811
PETROCN80,20260402,4.46,4.48,4.44,4.48,48217
PFIZER19,20260402,18.3,18.7,18.3,18.6,51469
PINGAN01,20260402,5.7,5.9,5.7,5.9,227
PINGAN80,20260402,2.52,2.52,2.48,2.52,1821869
PLTR01,20260402,4.4,4.4,4.22,4.26,237848
PLTR03,20260402,3.24,3.24,3.12,3.14,30840
PLTR06,20260402,3.22,3.26,3.1,3.1,341648
PLTR23,20260402,2.58,2.58,2.44,2.5,3338
POPMART23,20260402,1.43,1.43,1.41,1.43,193972
POPMART80,20260402,6.05,6.05,5.9,5.95,628117
PYPL06,20260402,2.96,2.96,2.92,2.92,11200
QCOM06,20260402,2.1,2.12,2.06,2.06,25737
QQQM19,20260402,15.7,15.8,15.4,15.5,203514
RBLX06,20260402,1.55,1.59,1.53,1.54,329767
REMX03,20260402,2.94,2.94,2.82,2.82,25623
RGTI03,20260402,2.34,2.36,2.14,2.16,37972
RKLB03,20260402,4.28,4.46,4.1,4.14,1259745
SANOFI80,20260402,3.1,3.14,3.08,3.1,58069
SANRIO23,20260402,1.49,1.51,1.49,1.51,506
SBUX80,20260402,1.46,1.49,1.46,1.47,28791
SEAGATE23,20260402,2.76,2.9,2.72,2.84,18548
SEMB19,20260402,5.75,5.75,5.75,5.75,101
SENSE23,20260402,1.96,1.96,1.93,1.93,14026
SGX19,20260402,5.1,5.1,5.05,5.1,1130
SHOP03,20260402,2.58,2.58,2.54,2.54,2
SHOP06,20260402,1.93,1.93,1.93,1.93,101
SIA19,20260402,16.8,16.9,16.8,16.8,52503
SIL03,20260402,3,3.12,2.88,2.92,548113
SINGTEL80,20260402,12.8,12.8,12.7,12.8,12629
SINOBIO19,20260402,5.25,5.3,5.25,5.3,3707
SMCI03,20260402,1.5,1.52,1.43,1.44,41588
SMFG19,20260402,11.1,11.1,11,11.1,14466
SMIC01,20260402,3.06,3.06,3,3.04,43137
SMIC03,20260402,2.16,2.16,2.12,2.12,234
SMIC13,20260402,1.51,1.51,1.46,1.5,479
SMIC23,20260402,2.52,2.54,2.48,2.54,2822167
SNDK03,20260402,5.4,5.95,5.3,5.4,1032947
SNDK23,20260402,2.7,2.92,2.68,2.68,1964073
SNOW06,20260402,2.5,2.54,2.42,2.46,58076
SNOW23,20260402,2.3,2.3,2.22,2.26,3930
SOFTBANK23,20260402,1.46,1.46,1.39,1.43,1144301
SONY80,20260402,3.44,3.46,3.4,3.44,4922
SP50001,20260402,21.6,21.6,21.4,21.5,426966
SP500US19,20260402,12.5,12.7,12.4,12.5,73410
SP500US80,20260402,2.52,2.54,2.48,2.48,502487
SPBOND80,20260402,8.35,8.4,8.3,8.4,9167
SPCOM80,20260402,3.62,3.62,3.6,3.6,672
SPENGY80,20260402,3.94,3.98,3.82,3.96,260768
SPFIN80,20260402,16.1,16.1,15.9,16,11014
SPHLTH80,20260402,4.8,4.84,4.78,4.78,29402
SPOT06,20260402,1.99,1.99,1.9,1.92,57877
SPTECH80,20260402,8.75,8.8,8.65,8.7,2897
STAR5001,20260402,37.25,37.25,36.25,36.5,606539
STEG19,20260402,28.25,28.5,28,28.25,1376
SUNNY19,20260402,2.5,2.52,2.48,2.48,337105
SUNNY80,20260402,2.5,2.54,2.48,2.54,63454
SUSHI23,20260402,3,3,2.94,2.96,98983
SYNP03,20260402,2.62,2.64,2.54,2.56,66039
TAIWAN19,20260402,31,31,30.75,31,7485
TAIWANAI13,20260402,13.6,13.6,13.2,13.2,2600
TAIWANHD13,20260402,23.9,23.9,23.6,23.7,3011
TEL23,20260402,2.86,2.9,2.86,2.9,135429
TEL80,20260402,7.8,7.95,7.8,7.9,1005
TENCENT01,20260402,4.64,4.7,4.6,4.64,61797
TENCENT06,20260402,2.06,2.08,2.02,2.08,6594
TENCENT13,20260402,4.08,4.2,4.08,4.08,1264
TENCENT19,20260402,10.3,10.3,10.2,10.2,544
TENCENT23,20260402,2.26,2.3,2.26,2.3,8000
TENCENT80,20260402,20.6,20.6,20.3,20.5,91600
THAIBEV19,20260402,11.2,11.2,10.9,11,8503
TME23,20260402,0.95,1,0.95,0.99,48825
TOYOTA80,20260402,6.8,6.85,6.75,6.75,5811
TRIPCOM23,20260402,1.63,1.64,1.62,1.62,100414
TRIPCOM80,20260402,1.63,1.63,1.62,1.63,1302533
TRVUS06,20260402,3.8,3.8,3.78,3.8,157
TSLA01,20260402,36.25,36.5,35.5,36.25,116006
TSLA03,20260402,4.14,4.14,4.06,4.08,58076
TSLA23,20260402,2.38,2.42,2.34,2.34,92287
TSLA80,20260402,2.46,2.5,2.42,2.44,8072969
UBER06,20260402,2.36,2.36,2.32,2.32,11613
UBTECH23,20260402,1.71,1.73,1.69,1.72,1392697
UNH19,20260402,4.44,4.48,4.4,4.44,798192
UNIQLO80,20260402,12.9,12.9,12.7,12.9,977
UOB19,20260402,9.4,9.4,9.3,9.3,155484
USTR24,20260402,1.19,1.19,1.18,1.18,15331
VCB11,20260402,2.94,2.94,2.9,2.9,12876
VCB19,20260402,7.4,7.4,7.3,7.4,14016
VENTURE19,20260402,3.92,3.92,3.88,3.88,28457
VHM19,20260402,14.7,15,14.7,14.9,4196
VISA06,20260402,1.24,1.24,1.2,1.21,75727
VISA80,20260402,1.24,1.24,1.19,1.22,2123584
VNFIN24,20260402,1.83,1.83,1.81,1.83,7652
VNM19,20260402,7.75,7.75,7.65,7.7,55859
VRT23,20260402,2.52,2.54,2.4,2.46,19168
VT03,20260402,3.04,3.06,3.02,3.04,234776
WMT06,20260402,4.06,4.1,4.02,4.08,20572
WORLD03,20260402,3.7,3.7,3.64,3.7,23919
WORLDA01,20260402,4.48,4.5,4.44,4.46,77127
WUXI06,20260402,3.68,3.7,3.62,3.64,127582
WUXIAT80,20260402,5.2,5.25,5.15,5.2,127419
XIAOMI01,20260402,2.94,2.96,2.88,2.92,978201
XIAOMI13,20260402,2.78,2.78,2.7,2.7,40610
XIAOMI19,20260402,6.45,6.5,6.4,6.45,31074
XIAOMI23,20260402,1.55,1.58,1.54,1.58,886592
XIAOMI80,20260402,13,13,12.8,12.9,2256860
XPENG03,20260402,2.84,2.84,2.8,2.8,456
ZAI23,20260402,8.2,8.4,8.05,8.3,1329294
ZIJIN13,20260402,2.52,2.56,2.52,2.56,1001
ZIJIN23,20260402,2.32,2.32,2.28,2.28,57405
ZIJIN80,20260402,14.9,15,14.6,14.9,185587
ZJINNO80,20260402,2.8,2.8,2.74,2.78,156701
BE8-W1-O,20260402,0.29,0.29,0.27,0.27,22
BWG-W7-O,20260402,0.05,0.08,0.05,0.05,300
CHAYO-W4-O,20260402,0.2,0.24,0.17,0.24,82
DEMCO-W8-O,20260402,0.33,0.33,0.32,0.32,135
EA-W1-O,20260402,0.52,0.52,0.08,0.08,66
EMPIRE-W1-O,20260402,0.01,0.01,0.01,0.01,40
EMPIRE-W2-O,20260402,0.1,0.1,0.1,0.1,72
HYDRO-W2-O,20260402,0.09,0.09,0.09,0.09,90
ITEL-W5-O,20260402,0.01,0.02,0.01,0.01,63
ITEL-W6-O,20260402,0.15,0.15,0.14,0.14,102
JAS-W4-O,20260402,0.27,0.27,0.25,0.25,107
KASET-W1-O,20260402,0.1,0.1,0.1,0.1,40
NER-W2-O,20260402,0.01,0.02,0.01,0.01,563
NOBLE-W3-O,20260402,0.11,0.11,0.11,0.11,50
ORI-W2-O,20260402,0.28,0.28,0.28,0.28,233
PROUD-W3-O,20260402,0.14,0.14,0.14,0.14,38
QDC-W3-O,20260402,0.08,0.08,0.08,0.08,60
SAAM-W3-O,20260402,0.26,0.26,0.17,0.17,94
SAAM-W4-O,20260402,0.23,0.23,0.17,0.17,35
TFG-W4-O,20260402,4.88,5.5,4.04,5.5,790
TGE-W2-O,20260402,0.02,0.02,0.02,0.02,50
TL-W2-O,20260402,0.1,0.13,0.05,0.11,5833
TVDH-W5-O,20260402,0.01,0.01,0.01,0.01,99
VIBHA-W5-O,20260402,0.06,0.06,0.05,0.06,142
XBIO-W8-O,20260402,0.12,0.12,0.12,0.12,4
ZIGA-W2-O,20260402,0.04,0.05,0.04,0.04,170
A5-W4,20260402,0.01,0.01,0.01,0.01,100
A5-W5,20260402,0.06,0.06,0.06,0.06,900
ACC-W2,20260402,0.04,0.05,0.04,0.05,81000
ASW-W3,20260402,0.67,0.68,0.61,0.68,1100
B-W8,20260402,0.01,0.01,0.01,0.01,99900
BC-W4,20260402,0.04,0.05,0.04,0.04,2145600
BE8-W1,20260402,0.33,0.35,0.28,0.29,591100
BTC-W7,20260402,0.01,0.01,0.01,0.01,430000
BTS-W8,20260402,0.01,0.01,0.01,0.01,157000
BWG-W7,20260402,0.06,0.06,0.05,0.06,335200
CAZ-W1,20260402,0.7,0.7,0.7,0.7,500
CGH-W5,20260402,0.01,0.01,0.01,0.01,10000
CHASE-W1,20260402,0.14,0.15,0.13,0.13,355200
CHAYO-W4,20260402,0.26,0.27,0.25,0.25,779900
CIG-W10,20260402,0.11,0.11,0.11,0.11,500
CIG-W9,20260402,0.01,0.01,0.01,0.01,1500
COMAN-W1,20260402,0.05,0.06,0.05,0.06,5900
DEMCO-W8,20260402,0.34,0.35,0.32,0.33,520800
EA-W1,20260402,0.61,0.62,0.58,0.58,12186200
EMPIRE-W1,20260402,0.06,0.07,0.06,0.06,763300
EMPIRE-W2,20260402,0.11,0.11,0.1,0.11,85800
GLORY-W1,20260402,0.11,0.12,0.11,0.12,15600
HYDRO-W2,20260402,0.1,0.12,0.09,0.1,3134000
IROYAL-W1,20260402,1.41,1.41,1.35,1.4,30100
IROYAL-W2,20260402,0.99,1,0.96,1,16100
ITEL-W5,20260402,0.02,0.03,0.01,0.02,380700
ITEL-W6,20260402,0.16,0.17,0.15,0.17,232500
J-W3,20260402,0.01,0.02,0.01,0.01,115400
J-W4,20260402,0.04,0.04,0.03,0.03,64300
JAS-W4,20260402,0.25,0.26,0.25,0.25,5207400
K-W3,20260402,0.02,0.03,0.02,0.02,501400
KASET-W1,20260402,0.13,0.13,0.11,0.11,1765100
KGEN-W2,20260402,0.11,0.11,0.09,0.1,3452100
KUN-W3,20260402,0.05,0.05,0.04,0.04,509400
MADAME-W6,20260402,0.08,0.1,0.08,0.1,800
MGI-W1,20260402,0.48,0.5,0.48,0.49,97100
NER-W2,20260402,0.03,0.03,0.02,0.03,928300
NOBLE-W3,20260402,0.12,0.12,0.11,0.11,875600
NRF-W2,20260402,0.07,0.07,0.06,0.06,651300
ORI-W2,20260402,0.29,0.3,0.28,0.29,908200
PEER-W2,20260402,0.01,0.01,0.01,0.01,1500
PLANET-W2,20260402,0.26,0.26,0.17,0.24,26300
PPPM-W6,20260402,0.13,0.17,0.11,0.15,1995900
PROEN-W2,20260402,0.13,0.14,0.13,0.13,96800
PROUD-W3,20260402,0.14,0.14,0.14,0.14,392800
PSTC-W3,20260402,0.05,0.07,0.05,0.05,17500
PTECH-W1,20260402,0.22,0.22,0.22,0.22,100
QDC-W3,20260402,0.07,0.08,0.06,0.08,924800
ROCTEC-W5,20260402,0.01,0.01,0.01,0.01,12200
SAAM-W3,20260402,0.26,0.27,0.19,0.21,3960100
SAAM-W4,20260402,0.26,0.27,0.17,0.19,7170000
SGC-W2,20260402,0.22,0.22,0.2,0.21,424600
SKE-W1,20260402,0.01,0.01,0.01,0.01,6000
STELLA-W6,20260402,0.03,0.03,0.03,0.03,200000
TAKUNI-W2,20260402,0.27,0.28,0.25,0.26,28500
TCC-W5,20260402,0.19,0.19,0.18,0.19,52200
TEAMG-W1,20260402,0.03,0.05,0.03,0.04,933000
TFG-W4,20260402,4.68,5.55,4.68,5.4,15339900
TL-W2,20260402,0.1,0.14,0.09,0.12,54716300
TNITY-W2,20260402,0.2,0.22,0.18,0.19,580600
TRUBB-W3,20260402,0.35,0.54,0.35,0.5,17225300
TVDH-W5,20260402,0.01,0.02,0.01,0.02,2253500
VGI-W3,20260402,0.02,0.02,0.02,0.02,160000
VIBHA-W5,20260402,0.07,0.07,0.06,0.07,33500
VIH-W1,20260402,0.88,0.9,0.83,0.87,6800
WIIK-W3,20260402,0.01,0.01,0.01,0.01,100
XBIO-W6,20260402,0.02,0.03,0.02,0.03,101200
XBIO-W7,20260402,0.01,0.02,0.01,0.02,5010400
XBIO-W8,20260402,0.13,0.13,0.12,0.13,6345500
ZIGA-W2,20260402,0.05,0.05,0.04,0.05,240800
!AGRO,20260402,317.91,322.84,316.94,321.36,32807000000
!CONSUMP,20260402,45.77,46.1,45.56,45.89,2304640000
!FINCIAL,20260402,156.89,157.95,156.51,157,41987800000
!INDUS,20260402,64.89,65.25,63.96,64.04,27751310000
!PROPCON,20260402,72.93,73.32,72.63,72.92,62453480000
!RESOURC,20260402,169.15,169.96,168.38,169.02,90856850000
!SERVICE,20260402,280.45,283.19,279.6,281.73,88679920000
!TECH,20260402,588.21,596.55,582.39,588.38,38926470000
$AGRI,20260402,217.17,219.31,215.91,218.15,12341390000
$AUTO,20260402,294.68,294.8,293.13,293.9,2057570000
$BANK,20260402,505.96,509.37,504.41,506.46,26655730000
$COMM,20260402,19905.2,20121.9,19793.9,19995.4,25248390000
$CONMAT,20260402,5271.91,5290.37,5216.28,5253.48,4847990000
$CONS,20260402,36.88,37.63,36.53,37.34,20653740000
$ENERG,20260402,19293.4,19385.4,19205.2,19278.8,90856850000
$ETRON,20260402,30074.3,30716.4,29649.6,30169.2,13326330000
$FASHION,20260402,489.86,499.11,484.31,494.91,472970000
$FIN,20260402,1916.49,1932.49,1910.52,1919.24,13371400000
$FOOD,20260402,8782.78,8926.51,8756.75,8885.12,20465610000
$HELTH,20260402,4227.4,4277.42,4211.07,4255.32,9461200000
$HOME,20260402,15.63,15.79,15.6,15.79,543740000
$ICT,20260402,229.81,230.47,227.62,228.67,25600140000
$IMM,20260402,18.35,18.51,18.32,18.51,1625710000
$INSUR,20260402,8755.58,8833.65,8705.43,8731.73,1960670000
$MEDIA,20260402,15.63,15.73,15.5,15.54,13455410000
$PAPER,20260402,2067.65,2081.72,2053.59,2067.65,8940000
$PERSON,20260402,79.54,80.21,78.64,79.29,1287930000
$PETRO,20260402,681.36,686.48,665.17,666.6,5263450000
$PF&REIT,20260402,131.34,132.75,131.22,132.54,1589570000
$PKG,20260402,2374.77,2418.23,2362.47,2364.06,16507460000
$PROF,20260402,136.01,137.06,134.63,135.32,5388260000
$PROP,20260402,163.39,164.18,162.35,162.84,35362180000
$STEEL,20260402,20.05,20.12,19.82,19.97,2288180000
$TOURISM,20260402,413.32,420.9,410.69,415.2,9949420000
$TRANS,20260402,212.46,214.5,211.61,213.39,25177240000
MAI,20260402,218.98,219.61,218.08,218.08,396629789
SET,20260402,1464.3,1472.39,1459.5,1465.72,8403770360
SET100,20260402,2085.48,2098.34,2079.73,2086.66,2651094500
SET50,20260402,976.23,982.17,973.3,976.34,1494118500
SETHD,20260402,1335.47,1343.22,1331.17,1335.98,750132500
ADVANC-F,20260402,363,364,360,363,110900
AXTRART-F,20260402,12.7,12.7,12.7,12.7,7100
BDMS-F,20260402,18.9,19,18.9,19,1700
CPN-F,20260402,62,62,62,62,1600
KTB-F,20260402,35.75,35.75,35.5,35.5,19600
KTC-F,20260402,30,30,30,30,23700
OR-F,20260402,12.9,12.9,12.8,12.9,152600
PTTEP-F,20260402,159,159,159,159,500
PTTGC-F,20260402,36,36,35.75,35.75,13500
SCB-F,20260402,145,145.5,145,145.5,15300
SCC-F,20260402,203,203,202,202,2500
!AGRO-M,20260402,58.9,59.54,58.79,59.11,3585690000
!CONSUMP-M,20260402,12.21,12.21,12.07,12.17,625550000
!FINCIAL-M,20260402,31.06,31.3,30.82,31.13,587400000
!INDUS-M,20260402,39.66,39.69,39.5,39.54,2040950000
!PROPCON-M,20260402,17,17.02,16.65,16.78,1462560000
!RESOURC-M,20260402,16.83,17.9,16.83,17.03,1460720000
!SERVICE-M,20260402,42.31,42.39,41.99,41.99,26546360000
!TECH-M,20260402,19.62,19.65,19.47,19.57,577590000
SET100FF,20260402,1982.19,1994.36,1976.65,1983.36,265109450000
SET50FF,20260402,929.88,935.58,927.11,930.16,149411850000
SETCLMV,20260402,678.17,683.77,676.88,679.54,133142850000
SETESG,20260402,881.17,886.69,879.6,881.59,198599850000
SETWB,20260402,584.24,592.57,583.16,590.19,51283210000
SSET,20260402,589.64,591.38,587.68,589.26,20332720000
