<TICKER>,<DTYYYYMMDD>,<OPEN>,<HIGH>,<LOW>,<CLOSE>,<VOL>
AAPL01,20260702,28.5,29.25,28.5,29,60975
AAPL03,20260702,3.22,3.32,3.22,3.32,73548
AAPL19,20260702,6.55,6.6,6.5,6.6,8519
AAPL80,20260702,9.65,9.95,9.65,9.85,3517408
ABBV19,20260702,8.35,8.45,8.25,8.45,136277
ABBV80,20260702,8.5,8.5,8.3,8.4,114905
ABNB06,20260702,4.74,4.94,4.74,4.92,50767
ADBE03,20260702,1.54,1.59,1.54,1.59,485252
ADBE06,20260702,1.73,1.8,1.73,1.79,2551673
ADVANT19,20260702,6.2,6.2,5.95,6,445392
ADVANT23,20260702,4.16,4.22,3.98,4.06,951787
AFRM03,20260702,3.46,3.56,3.44,3.48,216972
AIA06,20260702,3.08,3.14,3.08,3.14,3515
AIA19,20260702,3.08,3.08,3.08,3.08,100100
AIA23,20260702,2.38,2.4,2.34,2.4,93427
ALAB01,20260702,6.85,6.85,6.05,6.15,4093214
AMAT01,20260702,6.55,6.55,5.8,6.05,3127602
AMAT23,20260702,9.5,9.5,8.35,8.7,867960
AMD03,20260702,9.55,9.55,8.75,8.95,76200
AMD23,20260702,7.95,7.95,7.25,7.35,828603
AMD80,20260702,3.82,3.84,3.48,3.54,18910434
AMGN06,20260702,3.02,3.08,2.98,3.08,13977
AMZN01,20260702,23.5,24,23.1,23.8,118257
AMZN03,20260702,3.98,4.08,3.96,4.06,11109
AMZN06,20260702,2,2.04,1.96,2.04,131647
AMZN23,20260702,2.68,2.74,2.62,2.7,59510
AMZN80,20260702,2,2.04,1.96,2.04,14479039
ANET23,20260702,3.02,3.14,3.02,3.02,786693
ANET80,20260702,5.6,5.7,5.45,5.5,291489
ANTA13,20260702,1.87,1.87,1.87,1.87,5
ANTA23,20260702,1.93,1.95,1.9,1.93,241884
APLD03,20260702,4.14,4.16,3.9,3.96,1243722
APPL03,20260702,2.88,3.18,2.88,3.12,1341807
ASEMI23,20260702,8.45,8.45,8.1,8.3,215528
ASEMI24,20260702,4.24,4.24,4,4.1,3582505
ASICS23,20260702,2.7,2.72,2.68,2.72,15907
ASML01,20260702,54.75,54.75,50,50.75,503212
ASTS01,20260702,3.9,4.08,3.7,3.82,6060609
ASTS03,20260702,2.92,3.06,2.78,2.88,12834780
AVGO23,20260702,2.86,2.86,2.76,2.76,365339
AVGO80,20260702,2.56,2.56,2.42,2.44,11165885
AXP06,20260702,2.82,2.92,2.82,2.9,260553
BABA01,20260702,9.1,9.2,9.05,9.1,90550
BABA06,20260702,4.02,4.08,4,4.04,52962
BABA13,20260702,1.69,1.7,1.66,1.7,57695
BABA23,20260702,2.7,2.72,2.66,2.7,395123
BABA80,20260702,4.06,4.08,3.98,4.04,16850481
BAC03,20260702,3.82,3.96,3.8,3.96,262271
BDX06,20260702,1.69,1.72,1.64,1.69,547104
BIDU01,20260702,10.7,10.9,10.5,10.8,66184
BIDU06,20260702,4.72,4.78,4.68,4.68,39612
BIDU23,20260702,2.28,2.28,2.22,2.22,373770
BIDU80,20260702,4.76,4.78,4.64,4.66,4195421
BILIBILI01,20260702,2.72,2.76,2.7,2.7,163621
BIREN23,20260702,9.4,9.4,8.2,8.5,1595801
BKNG03,20260702,2.48,2.58,2.48,2.56,762
BKNG80,20260702,3,3.1,2.98,3.08,433608
BLK06,20260702,3.22,3.28,3.22,3.28,73582
BOEING80,20260702,7.25,7.25,7.2,7.25,59359
BONDAS19,20260702,6.6,6.6,6.55,6.55,1296
BONDUS01,20260702,9.65,9.7,9.65,9.65,111766
BRKB23,20260702,5.6,5.6,5.6,5.6,110
BRKB80,20260702,1.67,1.68,1.66,1.66,2541963
BYDCOM01,20260702,0.76,0.77,0.75,0.76,541131
BYDCOM80,20260702,0.33,0.34,0.32,0.33,39011639
CAMBRI80,20260702,6.95,6.95,6.6,6.65,1312186
CATL01,20260702,6.8,6.8,6.45,6.55,2489627
CATL23,20260702,11.9,11.9,11.4,11.5,338550
CATL80,20260702,29.75,29.75,28.5,29,236452
CCJ23,20260702,2.16,2.18,2.02,2.06,1557392
CDNS23,20260702,6.45,6.45,6.25,6.4,74075
CEG23,20260702,2.1,2.1,1.91,1.98,2889154
CHHONGQ19,20260702,8.55,8.7,8.5,8.5,63938
CHMOBILE19,20260702,3.26,3.28,3.26,3.28,537507
CHMOBILE23,20260702,2.52,2.56,2.52,2.56,20388
CHNXT5023,20260702,9.4,9.45,9,9.25,310149
CMBANK23,20260702,2.08,2.12,2.06,2.08,42909
CME03,20260702,2.48,2.58,2.48,2.58,54135
CN01,20260702,25,25,24.5,24.6,11344
CN23,20260702,6.3,6.35,6.2,6.35,1350
CNBIO24,20260702,1.38,1.41,1.38,1.4,625442
CNEV24,20260702,2.2,2.24,2.2,2.22,1512
CNRE80,20260702,2.36,2.4,2.34,2.4,65575
CNROBOAI23,20260702,2.72,2.72,2.62,2.7,526636
CNSEMI23,20260702,4.96,4.96,4.58,4.72,1584712
CNSTAR5023,20260702,10.8,10.9,10.3,10.8,127095
CNTECH01,20260702,24.4,24.5,24,24.3,96769
COHR23,20260702,6.45,6.45,5.9,6.05,735554
COIN01,20260702,3.06,3.44,3.02,3.4,367042
COIN23,20260702,2.48,2.74,2.48,2.68,6747
COIN80,20260702,4.88,5.45,4.86,5.35,227783
COSTCO19,20260702,31.25,31.25,30.75,31.25,14937
CRDO23,20260702,9,9.05,8.2,8.6,304558
CRM01,20260702,3,3.06,3,3.02,744439
CRM06,20260702,2.16,2.2,2.16,2.18,519813
CRM80,20260702,5.4,5.55,5.4,5.45,402308
CRSP03,20260702,3.66,3.76,3.66,3.72,132041
CRWD06,20260702,5.1,5.25,5.1,5.2,400832
CRWD80,20260702,25.25,26.25,25,26,197688
CRWV03,20260702,3.32,3.32,2.78,2.8,6531995
CSCO06,20260702,4.9,4.9,4.8,4.82,60182
CYPC80,20260702,13.1,13.2,13.1,13.2,1240
DASH03,20260702,3.14,3.2,3.14,3.14,26036
DBS19,20260702,17,17,16.8,16.9,81525
DDOG19,20260702,8.75,9.05,8.75,8.8,449971
DELL19,20260702,14.2,14.6,13.6,13.7,942284
DISCO24,20260702,1.15,1.15,1.06,1.08,2086680
DISNEY19,20260702,16.1,16.2,16,16.1,38336
DUOL06,20260702,2.46,2.58,2.46,2.54,59539
E1VFVN3001,20260702,45.25,45.25,44.75,44.75,227956
EOSE03,20260702,0.98,0.99,0.92,0.93,10602727
ESTEE80,20260702,0.89,0.91,0.88,0.9,917984
ETN23,20260702,7.15,7.2,6.8,6.9,926837
EXPE06,20260702,3.5,3.56,3.5,3.56,19209
FABRINET23,20260702,4.72,4.72,4.44,4.6,1133387
FANUC23,20260702,2.7,2.74,2.68,2.72,182450
FCX23,20260702,2.58,2.58,2.5,2.5,89238
FERRARI80,20260702,1.24,1.26,1.24,1.26,497841
FPTVN11,20260702,1.86,1.86,1.83,1.85,539005
FPTVN19,20260702,9.25,9.25,9.2,9.25,248666
FUEVFVND01,20260702,46.25,46.25,46,46,48205
GAC03,20260702,1.85,1.85,1.85,1.85,1000
GANFENG23,20260702,2.1,2.14,2.04,2.14,225716
GASVN11,20260702,3.98,3.98,3.9,3.9,3794
GDS23,20260702,1.83,1.85,1.75,1.85,303811
GEELY06,20260702,2.94,2.96,2.94,2.96,13175
GEELY80,20260702,7.45,7.45,7.35,7.35,21317
GEV23,20260702,3.56,3.58,3.38,3.44,3855387
GEV80,20260702,39,39.25,37,37.75,159591
GIGA23,20260702,15.5,15.5,13.7,14.1,384540
GOLD03,20260702,3.1,3.12,3.08,3.12,468965
GOLD19,20260702,12.3,12.5,12.3,12.4,470506
GOLDM01,20260702,3.78,3.86,3.78,3.84,1953605
GOLDUS03,20260702,3.08,3.14,3.06,3.12,558348
GOLDUS19,20260702,41,41.75,41,41.5,211131
GOLDUS80,20260702,12.1,12.6,12.1,12.5,230177
GOOG23,20260702,2.96,3,2.94,2.94,2791199
GOOG80,20260702,5.85,6,5.85,5.95,11880645
GOOGL01,20260702,34.75,35.5,34.75,34.75,117987
GOOGL03,20260702,6,6.05,5.95,5.95,141728
GRAB80,20260702,12.4,13.2,12.4,13,244659
GSEMI24,20260702,2.72,2.72,2.62,2.68,244502
GSUS06,20260702,4.82,4.9,4.8,4.9,66931
HAIERS19,20260702,8.6,8.7,8.6,8.6,22932
HANSOH19,20260702,5.35,5.4,5.25,5.25,113782
HERMES80,20260702,6.1,6.15,6,6.15,43378
HIMS03,20260702,5.85,6.4,5.75,6.3,1120190
HITACHI24,20260702,1.23,1.27,1.16,1.22,133242
HK01,20260702,20.1,20.1,19.9,20,28149
HK13,20260702,5.35,5.35,5.3,5.3,639
HKCE01,20260702,22.3,22.6,22.1,22.6,44692
HKEX23,20260702,2,2.02,2,2,159917
HKTECH13,20260702,3.84,3.84,3.78,3.82,80999
HONDA19,20260702,3.12,3.16,3.12,3.16,43490
HOOD03,20260702,3.4,3.68,3.4,3.68,65672
HOOD06,20260702,3.34,3.72,3.34,3.72,682927
HOOD80,20260702,3.36,3.74,3.36,3.74,1077901
HORIZON23,20260702,1.15,1.16,1.13,1.16,520010
HPG19,20260702,2.98,2.98,2.96,2.98,128227
HSHD23,20260702,6.15,6.2,6.1,6.15,374131
HUAHONG23,20260702,12,12,11.2,11.5,6261974
IBM06,20260702,3.78,3.92,3.7,3.76,5183360
ICBC06,20260702,2.72,2.78,2.72,2.78,248
ICBC19,20260702,2.74,2.74,2.72,2.74,89432
IFLYTEK80,20260702,2,2.04,1.99,2.04,1235
INDIA01,20260702,13.5,13.6,13.4,13.4,52108
INDIAESG19,20260702,4.2,4.2,4.16,4.16,11084
INTEL01,20260702,4.6,4.6,4.06,4.18,4910280
INTEL03,20260702,9.25,9.25,8.15,8.45,3123083
INTEL23,20260702,6.55,6.55,5.85,6.05,3043401
IONQ03,20260702,3.54,3.64,3.36,3.42,8639501
IONQ23,20260702,3.56,3.64,3.38,3.42,684896
ISRG01,20260702,2.98,3.02,2.98,3.02,104848
ISRG06,20260702,2.7,2.74,2.68,2.7,160980
ISRG19,20260702,3.38,3.38,3.38,3.38,2069
ITOCHU19,20260702,6.4,6.5,6.4,6.4,108729
JAP03,20260702,3.58,3.58,3.54,3.56,1376
JAPAN10001,20260702,29.5,29.75,29.25,29.75,407407
JAPAN13,20260702,5.85,5.85,5.75,5.85,61928
JD80,20260702,4.38,4.38,4.34,4.36,182813
JDHEAL19,20260702,2.88,2.94,2.88,2.92,441055
JEPI19,20260702,6.3,6.3,6.2,6.3,1641513
JGRO19,20260702,10.9,10.9,10.8,10.8,4869
JLMAG80,20260702,7.9,8.25,7.85,7.95,111341
JNJ03,20260702,4.24,4.26,4.18,4.24,237742
JPANIME24,20260702,1.19,1.22,1.19,1.22,14645
JPMUS06,20260702,3.64,3.8,3.64,3.74,453374
JPMUS19,20260702,21.7,22.5,21.7,22.4,7780
JPROBOAI24,20260702,1.47,1.47,1.43,1.43,4710
JPSEMI24,20260702,1.73,1.73,1.67,1.7,286613
JTEK19,20260702,12.3,12.3,12.1,12.1,2650
KEYENCE23,20260702,3.02,3.02,2.92,2.96,345782
KINGSOFT23,20260702,1.59,1.6,1.59,1.59,17102
KIOXIA23,20260702,10.2,10.2,9.6,9.8,3740015
KLAC01,20260702,6.6,6.6,5.75,5.95,855597
KLAC23,20260702,9.85,9.85,8.6,8.95,209427
KO80,20260702,2.74,2.74,2.7,2.72,273587
KONAMI24,20260702,0.98,1.03,0.74,0.99,171252
KUAISH01,20260702,2.28,2.3,2.28,2.3,32500
KUAISH06,20260702,1.83,1.83,1.83,1.83,3656
KUAISH23,20260702,1.3,1.32,1.28,1.29,1999878
KUAISH80,20260702,1.82,1.84,1.81,1.81,2442263
LENOVO13,20260702,4.94,4.94,4.78,4.86,43112
LITE01,20260702,3.88,3.88,3.54,3.62,802089
LITE23,20260702,5.65,5.65,5.15,5.25,2919168
LLY23,20260702,4.06,4.06,3.96,3.98,273389
LLY80,20260702,2.02,2.04,1.97,1.99,8095389
LOREAL80,20260702,1.45,1.46,1.45,1.45,1701
LPGOLD13,20260702,1.53,1.61,1.53,1.56,38763
LRCX01,20260702,5.95,5.95,5.3,5.4,1077574
LRCX23,20260702,5.5,5.5,4.86,5.1,1030734
LULU06,20260702,1.92,1.95,1.91,1.93,54972
LVMH01,20260702,11.3,11.7,11.2,11.6,82878
MA80,20260702,1.7,1.77,1.7,1.73,1675247
MAOGEP80,20260702,2.32,2.36,2.32,2.36,43569
MEITUAN19,20260702,1.01,1.02,0.99,1,170642
MEITUAN23,20260702,1.91,1.91,1.87,1.88,180011
MEITUAN80,20260702,3.02,3.06,3,3.02,1083234
MELI06,20260702,2.28,2.36,2.28,2.34,777431
MELI23,20260702,5.75,5.9,5.75,5.85,9049
META01,20260702,5.55,6.15,5.55,6.05,2767410
META06,20260702,2.36,2.62,2.36,2.56,2171552
META23,20260702,2.26,2.5,2.26,2.44,1709303
META80,20260702,2.36,2.62,2.36,2.54,39851043
MICRON01,20260702,23.3,23.4,20.5,21.2,14641026
MICRON03,20260702,12.6,12.6,11,11.2,950189
MICRON19,20260702,24.8,24.9,21.9,22.5,1320890
MICRON23,20260702,7.5,7.5,6.6,6.75,4719279
MICRON80,20260702,37.5,37.5,32.75,33.5,3604249
MIDEA80,20260702,3.64,3.68,3.6,3.66,60112
MITSU19,20260702,7.85,7.95,7.75,7.75,89850
MIXUE80,20260702,9.65,9.75,9.25,9.45,8347
MNSO80,20260702,9.95,9.95,9.95,9.95,1
MNST06,20260702,4.6,4.68,4.6,4.68,557068
MONTAGE80,20260702,17.8,18.1,16.3,16.7,1159977
MOUTAI80,20260702,5.85,5.9,5.85,5.9,5013
MP23,20260702,6.3,6.3,6.1,6.1,5483
MP80,20260702,18.7,18.7,18.3,18.3,116093
MPWR23,20260702,4.62,4.62,4.36,4.48,123694
MRVL06,20260702,9.7,9.7,8.7,8.85,2122006
MRVL23,20260702,8.1,8.1,7.3,7.4,741176
MRVL80,20260702,9.7,9.75,8.7,8.85,8315942
MS06,20260702,4.68,4.76,4.62,4.72,11489
MSFT01,20260702,3.74,3.82,3.68,3.78,2644899
MSFT03,20260702,2.52,2.6,2.52,2.58,97493
MSFT06,20260702,3.16,3.24,3.14,3.22,726502
MSFT19,20260702,4.22,4.3,4.18,4.28,229552
MSFT23,20260702,2.34,2.4,2.32,2.38,1475431
MSFT80,20260702,6.35,6.5,6.25,6.4,7609303
MSN11,20260702,3.7,3.7,3.68,3.68,465
MSN19,20260702,3.04,3.04,3.04,3.04,11
MUFG19,20260702,6.8,6.85,6.75,6.8,42612
MUFG23,20260702,2.78,2.78,2.72,2.74,229847
MWG11,20260702,4.08,4.14,4.08,4.12,436
MWG19,20260702,10.4,10.4,10.1,10.2,73357
NAURA23,20260702,4.98,4.98,4.56,4.66,125132
NAURA80,20260702,41.25,41.5,40.25,40.75,40204
NBIS01,20260702,5.45,5.45,4.36,4.52,4772786
NBIS03,20260702,9.25,9.25,7.4,7.7,8470513
NBIS23,20260702,9.25,9.35,7.4,7.65,6868371
NDAQ06,20260702,2.64,2.78,2.62,2.74,298665
NDX01,20260702,26,26.25,25.5,26.25,108027
NEE80,20260702,2.94,2.96,2.86,2.88,609881
NEM06,20260702,3.08,3.2,3.08,3.16,306435
NEM23,20260702,1.95,2,1.94,1.95,115594
NET03,20260702,4.16,4.2,4.08,4.14,148428
NETEASE80,20260702,8.55,8.6,8.45,8.5,57983
NFLX06,20260702,2.42,2.52,2.42,2.5,543561
NFLX80,20260702,2.42,2.52,2.42,2.52,5754524
NIKE80,20260702,0.67,0.72,0.67,0.72,4328073
NIKKEI80,20260702,15.1,15.1,14.8,15,150061
NINTENDO19,20260702,14.6,14.7,14.6,14.6,120361
NINTENDO23,20260702,1.3,1.3,1.27,1.27,64951
NONGFU80,20260702,1.71,1.72,1.71,1.71,253100
NOVOB80,20260702,1.62,1.65,1.6,1.63,5477608
NOW19,20260702,3.46,3.6,3.42,3.56,5334907
NVDA01,20260702,19.5,19.5,19,19.3,290897
NVDA03,20260702,4.44,4.44,4.32,4.36,86622
NVDA06,20260702,4.42,4.42,4.32,4.36,292563
NVDA19,20260702,26.5,26.5,26,26.25,43292
NVDA23,20260702,3.18,3.18,3.08,3.1,512835
NVDA80,20260702,33,33.25,32.25,32.5,1377709
NVTS03,20260702,5.95,5.95,5.35,5.35,13588020
NVTS23,20260702,6,6,5.35,5.6,1454873
OIL03,20260702,2.88,2.9,2.86,2.9,815245
OIL24,20260702,14.5,14.5,14.4,14.4,2728
OKLO23,20260702,4.56,4.58,4.32,4.44,410938
ON23,20260702,6.25,6.5,6.1,6.3,54397
ONON03,20260702,2.36,2.42,2.36,2.42,14782
ORCL01,20260702,3.1,3.1,2.98,3.02,2249200
ORCL06,20260702,1.99,2,1.91,1.93,2986513
ORCL19,20260702,4.96,4.98,4.78,4.8,771437
PANW80,20260702,11.4,11.9,11.4,11.9,340817
PEP80,20260702,0.92,0.95,0.92,0.94,2645211
PETROCN80,20260702,3.64,3.72,3.64,3.72,15508
PFIZER19,20260702,16.2,16.2,15.9,16,191191
PINGAN01,20260702,5.05,5.1,5.05,5.05,7740
PINGAN80,20260702,2.24,2.26,2.2,2.24,6711658
PLTR01,20260702,3.62,3.88,3.6,3.86,3740162
PLTR03,20260702,2.66,2.86,2.66,2.82,780117
PLTR06,20260702,2.66,2.84,2.66,2.82,2957263
PLTR23,20260702,2.1,2.26,2.1,2.24,6930439
POPMART23,20260702,1.57,1.59,1.55,1.55,183
POPMART80,20260702,6.55,6.6,6.45,6.5,57734
PYPL06,20260702,2.94,2.98,2.94,2.94,111386
QCOM06,20260702,3.08,3.16,2.94,2.98,4289730
QQQM19,20260702,20.2,20.2,19.7,19.9,524240
RBLX06,20260702,1.53,1.62,1.53,1.61,1152761
REMX03,20260702,2.98,2.98,2.92,2.92,68377
RGTI03,20260702,3.2,3.28,3.06,3.12,1352647
RKLB01,20260702,3.34,3.58,3.26,3.34,3013774
RKLB03,20260702,6.75,7.15,6.55,6.75,4305230
RKLB23,20260702,1.68,1.8,1.64,1.67,1470584
RKLB80,20260702,3.38,3.58,3.26,3.36,9893642
SANOFI80,20260702,2.82,2.82,2.78,2.82,45026
SANRIO23,20260702,1.66,1.69,1.66,1.69,3738
SANRIO80,20260702,11.4,11.6,11.4,11.6,10111
SBUX80,20260702,1.72,1.72,1.69,1.72,1039423
SEAGATE23,20260702,6.55,6.55,6.1,6.1,880682
SEMB19,20260702,5.35,5.4,5.3,5.3,21215
SENSE23,20260702,1.41,1.44,1.39,1.4,57272
SGX19,20260702,6.3,6.3,6.2,6.25,263
SHOP03,20260702,2.7,2.72,2.7,2.7,119
SHOP06,20260702,1.91,2.06,1.91,2.04,163567
SIA19,20260702,19.7,19.7,19.6,19.6,19695
SIL03,20260702,2.56,2.68,2.56,2.64,264558
SINGTEL80,20260702,11.3,11.5,11.3,11.4,14897
SINOBIO19,20260702,3.92,3.94,3.88,3.94,222226
SMCI03,20260702,1.94,1.96,1.82,1.85,1559758
SMFG19,20260702,13.7,13.7,13.4,13.5,101514
SMIC01,20260702,4.96,4.96,4.8,4.9,1763380
SMIC03,20260702,3.48,3.48,3.34,3.42,37253
SMIC13,20260702,2.46,2.46,2.4,2.4,41453
SMIC23,20260702,4.08,4.1,3.9,4.02,7260977
SNDK03,20260702,18.1,18.1,16.1,16.4,1929779
SNDK23,20260702,9.05,9.1,8.05,8.2,4894142
SNDK80,20260702,7.25,7.3,6.45,6.5,9391528
SNOW06,20260702,4.28,4.38,4.28,4.36,211082
SNOW23,20260702,3.88,4,3.88,3.94,1946114
SOFI23,20260702,6.05,6.3,6.05,6.2,368100
SOFTBANK23,20260702,2.36,2.42,2.34,2.4,1038365
SOFTBANK80,20260702,12.3,12.8,12.3,12.7,42870
SONY80,20260702,3.4,3.44,3.38,3.42,293542
SP50001,20260702,25.25,25.5,25,25.5,47522
SP500US19,20260702,14.7,14.7,14.6,14.7,25190
SP500US80,20260702,2.92,2.94,2.9,2.94,299046
SPBOND80,20260702,8.55,8.55,8.4,8.5,67059
SPCOM80,20260702,3.58,3.7,3.58,3.68,36024
SPENGY80,20260702,3.54,3.54,3.5,3.52,125643
SPFIN80,20260702,18,18.4,18,18.4,6790
SPHLTH80,20260702,5.35,5.35,5.3,5.35,42206
SPOT06,20260702,1.94,2,1.94,1.95,176798
SPTECH80,20260702,12.6,12.6,12.2,12.3,28267
STAR5001,20260702,62.25,62.25,59,59.5,278604
STEG19,20260702,27.25,27.75,27.25,27.5,4132
SUNNY19,20260702,2.6,2.6,2.52,2.54,151524
SUNNY80,20260702,2.6,2.6,2.5,2.52,350459
SUSHI23,20260702,3.02,3.06,2.94,2.98,301557
SYM23,20260702,7.65,7.85,7.45,7.6,1124128
SYNP03,20260702,3,3.08,3,3.02,8629
SYNP23,20260702,6,6.3,6,6.3,3364
TAIWAN19,20260702,45.5,45.75,44.75,45.5,30108
TAIWANAI13,20260702,20.1,20.2,20,20.2,4300
TAIWANHD13,20260702,34.75,34.75,34.25,34.5,2523
TEL23,20260702,5.75,5.75,5.55,5.65,162656
TEL80,20260702,15.5,15.5,15.1,15.2,175399
TENCENT01,20260702,4.2,4.26,4.16,4.18,94949
TENCENT06,20260702,1.85,1.87,1.84,1.84,59606
TENCENT13,20260702,3.8,3.84,3.78,3.8,6843
TENCENT19,20260702,9.3,9.35,9.2,9.2,550
TENCENT23,20260702,2.08,2.08,2.02,2.06,311524
TENCENT80,20260702,18.5,18.7,18.2,18.3,1322452
TER01,20260702,5.65,5.65,4.94,5,2313001
TER23,20260702,7.95,7.95,6.95,7,437448
THAIBEV19,20260702,11.3,11.3,11.1,11.3,11654
TME23,20260702,0.9,0.91,0.9,0.9,214282
TOYOTA80,20260702,5.7,5.8,5.7,5.8,70430
TRIPCOM23,20260702,1.36,1.39,1.32,1.39,1012307
TRIPCOM80,20260702,1.36,1.36,1.35,1.35,16759506
TRVUS06,20260702,4.5,4.62,4.48,4.52,48777
TSEMI23,20260702,8.65,8.65,8,8,136800
TSLA01,20260702,41.25,42.25,41.25,42,64532
TSLA03,20260702,4.68,4.78,4.68,4.72,237121
TSLA23,20260702,2.72,2.78,2.7,2.72,677343
TSLA80,20260702,2.78,2.88,2.78,2.84,20456266
UBER06,20260702,2.42,2.46,2.4,2.44,1451433
UBTECH23,20260702,1.7,1.7,1.54,1.6,13122914
UNH19,20260702,6.95,7.15,6.95,7.1,28263
UNIQLO80,20260702,16.9,17.3,16.9,16.9,5120
UOB19,20260702,10.3,10.3,10.1,10.3,14
USTR24,20260702,1.18,1.18,1.17,1.17,11679
VCB11,20260702,3.2,3.2,3.16,3.16,2268
VCB19,20260702,7.95,7.95,7.9,7.9,42395
VENTURE19,20260702,4.48,4.48,4.4,4.46,2436
VHM19,20260702,18.8,19.1,18.8,19.1,2515
VISA06,20260702,1.43,1.47,1.43,1.46,178578
VISA80,20260702,1.43,1.48,1.43,1.47,3951905
VNFIN24,20260702,1.95,1.95,1.93,1.93,710
VNM19,20260702,7.1,7.1,7,7.05,422602
VRT01,20260702,4.14,4.14,3.92,3.96,1015184
VRT23,20260702,3.26,3.26,2.98,3.04,4934282
VT03,20260702,3.5,3.52,3.48,3.5,178240
WMT06,20260702,3.72,3.74,3.58,3.64,937773
WORLD03,20260702,4.24,4.28,4.24,4.26,736
WORLDA01,20260702,5.15,5.2,5.1,5.1,191139
WUXI06,20260702,3.82,3.82,3.76,3.82,292547
WUXIAT80,20260702,6.45,6.5,6.4,6.45,722339
XIAOMI01,20260702,2.18,2.22,2.16,2.2,2037571
XIAOMI13,20260702,1.96,2,1.96,2,18311
XIAOMI19,20260702,4.8,4.86,4.78,4.84,15723
XIAOMI23,20260702,1.15,1.19,1.15,1.17,4788815
XIAOMI80,20260702,9.55,9.7,9.55,9.7,2379671
XPENG03,20260702,2.22,2.22,2.18,2.22,334849
ZAI23,20260702,20.6,20.8,18.2,18.8,403638
ZIJIN13,20260702,2.08,2.1,2.06,2.06,21969
ZIJIN23,20260702,1.88,1.9,1.85,1.86,74772
ZIJIN80,20260702,12.2,12.3,11.8,12.1,494675
ZJINNO80,20260702,5.75,5.75,5.4,5.45,2389837
AAV01C2607A,20260702,0.01,0.01,0.01,0.01,54900
AAV13C2607A,20260702,0.01,0.01,0.01,0.01,34800
AAV13C2608A,20260702,0.01,0.01,0.01,0.01,30400
AAV13C2608B,20260702,0.03,0.03,0.03,0.03,50000
AAV13C2610A,20260702,0.16,0.16,0.14,0.14,2622000
AAV13C2701T,20260702,0.1,0.1,0.1,0.1,200
ADVANC01C2607A,20260702,0.01,0.02,0.01,0.02,500100
ADVANC01C2608A,20260702,0.01,0.02,0.01,0.02,2937100
ADVANC01C2609A,20260702,0.16,0.17,0.16,0.17,2683000
ADVANC01C2610A,20260702,0.37,0.41,0.36,0.39,7530600
ADVANC01C2701T,20260702,0.54,0.57,0.53,0.56,3842300
ADVANC01P2609A,20260702,0.37,0.37,0.33,0.34,1115000
ADVANC01P2701A,20260702,0.83,0.83,0.8,0.81,1908900
ADVANC13C2609A,20260702,0.15,0.18,0.15,0.18,5234500
ADVANC13C2610A,20260702,0.37,0.41,0.37,0.4,10182800
ADVANC13C2701T,20260702,0.33,0.35,0.33,0.35,1210100
ADVANC13P2607A,20260702,0.01,0.01,0.01,0.01,183600
ADVANC13P2609A,20260702,0.14,0.14,0.13,0.13,1064000
ADVANC13P2611A,20260702,0.52,0.52,0.5,0.51,5872800
ADVANC19C2609A,20260702,0.12,0.14,0.12,0.13,4370500
ADVANC19C2611A,20260702,0.41,0.46,0.41,0.44,4844900
ADVANC41C2610A,20260702,0.35,0.4,0.35,0.39,3352000
ADVANC41C2701T,20260702,0.25,0.27,0.25,0.27,3729100
AEONTS13C2612A,20260702,0.46,0.52,0.45,0.51,4802800
AMATA01C2608A,20260702,1.12,1.12,1.12,1.12,478500
AMATA01C2610A,20260702,0.81,0.83,0.81,0.81,524300
AMATA01C2612A,20260702,0.17,0.17,0.16,0.16,334300
AMATA01C2706T,20260702,0.38,0.38,0.36,0.36,3324800
AMATA01P2610A,20260702,0.22,0.22,0.22,0.22,3757400
AMATA13C2608A,20260702,1.01,1.01,1,1,78500
AMATA13C2611A,20260702,0.21,0.21,0.2,0.2,3477600
AMATA13P2610A,20260702,0.18,0.19,0.18,0.19,10328000
AMATA19C2610B,20260702,0.23,0.23,0.21,0.21,7245100
AMATA41C2611A,20260702,0.2,0.2,0.2,0.2,240000
AMATA41C2702T,20260702,0.2,0.2,0.2,0.2,150000
AOT01C2607A,20260702,0.11,0.11,0.09,0.09,1214300
AOT01C2609A,20260702,0.55,0.55,0.51,0.51,2944900
AOT01C2612A,20260702,0.45,0.45,0.41,0.41,3081300
AOT01C2705T,20260702,0.51,0.51,0.49,0.49,3069700
AOT01P2609A,20260702,0.11,0.11,0.11,0.11,115000
AOT01P2612A,20260702,0.44,0.47,0.44,0.46,3019000
AOT13C2608A,20260702,0.28,0.29,0.25,0.26,11365300
AOT13C2611A,20260702,0.51,0.52,0.48,0.49,6529200
AOT13C2704T,20260702,0.41,0.41,0.4,0.4,1752800
AOT13P2611A,20260702,0.32,0.33,0.32,0.33,2462300
AOT19C2611A,20260702,0.57,0.57,0.54,0.54,406300
AOT41C2608A,20260702,0.29,0.29,0.25,0.25,4202000
AOT41C2609A,20260702,0.67,0.67,0.61,0.61,1200000
AOT41C2609T,20260702,0.73,0.73,0.7,0.7,7610000
AOT41C2611A,20260702,0.5,0.5,0.46,0.46,5800000
AOT41C2706T,20260702,0.44,0.44,0.43,0.43,4410000
AWC01C2701A,20260702,0.21,0.21,0.2,0.2,2350100
AWC01C2703T,20260702,0.34,0.34,0.31,0.33,2249400
AWC01P2701A,20260702,0.43,0.47,0.43,0.46,2047000
AWC13C2611A,20260702,0.34,0.34,0.3,0.32,5589000
AWC13C2704T,20260702,0.23,0.23,0.21,0.21,2935500
AWC41C2609T,20260702,0.24,0.24,0.21,0.23,11200000
AWC41C2611A,20260702,0.32,0.32,0.29,0.29,1650000
AWC41C2706T,20260702,0.26,0.26,0.25,0.25,3200000
BA01C2611A,20260702,0.53,0.55,0.53,0.55,1756700
BA01C2612A,20260702,0.36,0.37,0.36,0.37,2458800
BA01C2706T,20260702,0.38,0.38,0.38,0.38,1169700
BA01P2612A,20260702,0.35,0.35,0.33,0.33,2659000
BA13C2611A,20260702,0.48,0.53,0.48,0.53,7238600
BA13P2611A,20260702,0.31,0.31,0.3,0.3,2793900
BA19C2611A,20260702,0.47,0.5,0.47,0.5,10243200
BA41C2608A,20260702,0.45,0.45,0.45,0.45,600000
BA41C2611T,20260702,0.35,0.36,0.35,0.36,6820000
BABA28C2609A,20260702,0.03,0.03,0.03,0.03,27600
BABA28C2610A,20260702,0.07,0.07,0.07,0.07,680000
BABA28C2612A,20260702,0.3,0.31,0.29,0.29,1601000
BABA41C2610A,20260702,0.08,0.08,0.08,0.08,200000
BABA41C2612A,20260702,0.06,0.07,0.06,0.06,82500
BABA41C2701T,20260702,0.2,0.2,0.19,0.2,38600
BABA41P2609A,20260702,0.64,0.66,0.63,0.66,2000
BABA41P2612A,20260702,0.44,0.45,0.44,0.45,110200
BAM13C2607A,20260702,0.01,0.01,0.01,0.01,154300
BAM13C2610A,20260702,0.17,0.19,0.16,0.18,5901900
BAM19C2612T,20260702,0.17,0.18,0.17,0.18,4164700
BAM41C2612T,20260702,0.25,0.25,0.25,0.25,100
BANPU01C2703T,20260702,0.14,0.14,0.14,0.14,40000
BANPU13C2701T,20260702,0.15,0.15,0.15,0.15,2000
BANPU19C2612T,20260702,0.24,0.24,0.24,0.24,1000
BBL13C2607A,20260702,0.01,0.02,0.01,0.02,296000
BBL13C2608A,20260702,0.27,0.51,0.27,0.51,8079600
BBL13C2611A,20260702,0.5,0.72,0.5,0.71,42372400
BBL13C2704T,20260702,0.42,0.52,0.42,0.52,8557900
BBL13P2611A,20260702,0.51,0.51,0.4,0.41,7596100
BBL19C2612T,20260702,0.6,0.83,0.6,0.8,1647900
BBL41C2607B,20260702,0.09,0.09,0.09,0.09,100
BBL41C2608A,20260702,0.31,0.49,0.31,0.47,2714200
BBL41C2609T,20260702,0.6,0.75,0.6,0.74,10200500
BBL41C2706T,20260702,0.43,0.51,0.43,0.51,10700200
BCH01C2610T,20260702,0.04,0.04,0.04,0.04,100000
BCH13C2610A,20260702,0.32,0.37,0.32,0.37,976200
BCH13C2612A,20260702,0.19,0.21,0.19,0.21,523200
BCP01C2610A,20260702,0.13,0.13,0.12,0.12,810000
BCP13C2608A,20260702,0.08,0.08,0.07,0.08,300000
BCP13C2611A,20260702,0.24,0.24,0.23,0.24,918000
BCP13C2704T,20260702,0.24,0.24,0.24,0.24,669800
BCP41C2611A,20260702,0.22,0.22,0.21,0.22,1910000
BCP41C2706T,20260702,0.27,0.27,0.27,0.27,1200000
BCPG01C2611A,20260702,0.32,0.32,0.31,0.31,2179100
BCPG01C2705T,20260702,0.24,0.24,0.24,0.24,3755000
BCPG13C2610A,20260702,0.18,0.18,0.17,0.17,734800
BCPG13C2611A,20260702,0.35,0.35,0.33,0.33,2481200
BCPG19C2609A,20260702,0.18,0.18,0.18,0.18,6764000
BCPG41C2610A,20260702,0.16,0.16,0.16,0.16,2880000
BCPG41C2612T,20260702,0.15,0.15,0.15,0.15,5400000
BDMS01C2609A,20260702,0.14,0.17,0.14,0.17,385600
BDMS01C2611A,20260702,0.3,0.34,0.3,0.33,1075700
BDMS01C2706T,20260702,0.31,0.33,0.31,0.33,241100
BDMS01P2612A,20260702,0.34,0.34,0.3,0.3,363700
BDMS13C2608A,20260702,0.01,0.01,0.01,0.01,400
BDMS13C2608B,20260702,0.06,0.07,0.06,0.07,304900
BDMS13C2610A,20260702,0.27,0.31,0.27,0.3,11595000
BDMS13C2701T,20260702,0.19,0.21,0.19,0.21,426400
BDMS13P2612A,20260702,0.37,0.37,0.34,0.34,1854000
BDMS19C2608A,20260702,0.08,0.09,0.08,0.09,310000
BDMS19C2611A,20260702,0.33,0.36,0.33,0.36,1372700
BDMS41C2609T,20260702,0.01,0.01,0.01,0.01,1200
BDMS41C2610A,20260702,0.25,0.29,0.25,0.29,5463900
BDMS41C2612T,20260702,0.14,0.16,0.14,0.16,380900
BEM13C2611A,20260702,0.29,0.3,0.29,0.3,652000
BEM19C2611A,20260702,0.23,0.24,0.23,0.24,757200
BGRIM01C2608A,20260702,0.19,0.21,0.19,0.19,4624000
BGRIM01C2609A,20260702,0.55,0.58,0.53,0.55,2023900
BGRIM01C2612A,20260702,0.33,0.35,0.33,0.35,12951100
BGRIM01C2706T,20260702,0.39,0.4,0.39,0.39,1770200
BGRIM01P2612A,20260702,0.23,0.23,0.22,0.22,6403500
BGRIM13C2608A,20260702,0.45,0.45,0.44,0.44,3000
BGRIM13C2611A,20260702,0.52,0.56,0.52,0.54,6329700
BGRIM13C2611B,20260702,0.35,0.37,0.34,0.35,14920000
BGRIM13C2704T,20260702,0.3,0.31,0.3,0.31,3108200
BGRIM13P2611A,20260702,0.18,0.18,0.18,0.18,696800
BGRIM19C2610A,20260702,0.51,0.51,0.51,0.51,22200
BGRIM19C2611A,20260702,0.38,0.41,0.38,0.39,14018800
BGRIM41C2608T,20260702,0.33,0.36,0.33,0.36,550000
BGRIM41C2611A,20260702,0.51,0.54,0.51,0.52,3617000
BGRIM41C2701T,20260702,0.65,0.67,0.65,0.67,600000
BGRIM41C2706T,20260702,0.32,0.32,0.32,0.32,3420000
BH01C2607A,20260702,0.27,0.39,0.24,0.39,998000
BH01C2608A,20260702,0.01,0.03,0.01,0.03,110300
BH01C2609A,20260702,0.49,0.54,0.49,0.54,2461500
BH01C2609B,20260702,0.59,0.66,0.58,0.66,5310400
BH01C2705T,20260702,0.62,0.64,0.62,0.64,1316200
BH01P2611A,20260702,0.38,0.38,0.35,0.35,300800
BH01P2612A,20260702,0.83,0.83,0.79,0.8,1258400
BH13C2607A,20260702,0.09,0.09,0.09,0.09,19700
BH13C2608B,20260702,0.11,0.13,0.11,0.13,5351900
BH13C2610A,20260702,0.61,0.67,0.6,0.67,9016300
BH13P2611A,20260702,0.39,0.39,0.36,0.36,2181600
BH19C2608A,20260702,0.12,0.14,0.12,0.14,4783000
BH19C2610A,20260702,0.6,0.67,0.58,0.67,4310200
BH41C2610A,20260702,0.58,0.63,0.58,0.63,5110200
BH41C2611T,20260702,0.63,0.67,0.63,0.67,4384000
BIDU28C2610A,20260702,0.16,0.16,0.15,0.15,850100
BIDU41C2610A,20260702,0.43,0.43,0.39,0.4,59700
BIDU41P2612A,20260702,0.3,0.32,0.3,0.32,63300
BILIBI41C2610A,20260702,0.15,0.15,0.14,0.14,200
BJC13C2607A,20260702,0.01,0.01,0.01,0.01,700000
BJC13C2610A,20260702,0.21,0.23,0.2,0.22,5422600
BJC19C2612T,20260702,0.26,0.29,0.26,0.27,10728600
BJC41C2610A,20260702,0.19,0.2,0.18,0.2,2400000
BLA01C2607A,20260702,0.11,0.13,0.11,0.13,748100
BLA01C2609A,20260702,0.54,0.69,0.54,0.69,1116200
BLA01C2612A,20260702,0.13,0.14,0.13,0.14,1700
BLA01P2612A,20260702,0.32,0.32,0.29,0.29,2376300
BLA13C2608A,20260702,0.45,0.48,0.45,0.48,2000
BLA13C2610A,20260702,0.35,0.47,0.35,0.47,7259000
BLA13C2611A,20260702,0.15,0.19,0.15,0.19,13442400
BLA13P2611A,20260702,0.31,0.31,0.28,0.28,2031600
BLA41C2702T,20260702,0.4,0.47,0.4,0.47,6935300
BTG01C2609A,20260702,0.11,0.14,0.11,0.14,2065800
BTG01C2611A,20260702,0.38,0.42,0.37,0.42,2248500
BTG01C2704T,20260702,0.12,0.12,0.11,0.11,259600
BTG01P2609A,20260702,0.4,0.4,0.37,0.37,2556700
BTG01P2611A,20260702,0.41,0.41,0.37,0.37,497300
BTG13C2608A,20260702,0.08,0.09,0.08,0.09,200
BTG13C2609A,20260702,0.07,0.08,0.07,0.08,1115600
BTG13C2609B,20260702,0.03,0.04,0.03,0.04,130500
BTG13C2610A,20260702,0.25,0.3,0.25,0.3,6058600
BTG13P2609A,20260702,0.32,0.32,0.29,0.29,2425400
BTG19C2611A,20260702,0.34,0.39,0.33,0.39,1398500
BTG41C2703T,20260702,0.23,0.23,0.23,0.23,1200000
BTS01C2612A,20260702,0.16,0.17,0.16,0.17,2888700
BTS01C2706T,20260702,0.24,0.24,0.24,0.24,197100
BTS13C2609A,20260702,0.07,0.07,0.07,0.07,866300
BTS13C2611A,20260702,0.18,0.2,0.18,0.2,8677200
BTS13C2701T,20260702,0.09,0.09,0.09,0.09,400
BTS13P2608A,20260702,0.03,0.03,0.03,0.03,206000
BTS19C2609A,20260702,0.1,0.11,0.1,0.11,2953500
BTS41C2611A,20260702,0.16,0.18,0.16,0.18,2172000
BYDCOM41C2609A,20260702,0.07,0.07,0.07,0.07,300
BYDCOM41C2612A,20260702,0.53,0.55,0.51,0.53,4000
CATHAY41C2610A,20260702,0.32,0.32,0.31,0.31,1100
CATL41C2612A,20260702,0.52,0.52,0.46,0.47,27300
CBG01C2609A,20260702,0.39,0.41,0.39,0.4,2221100
CBG01C2610T,20260702,0.15,0.16,0.15,0.16,2891600
CBG01C2611A,20260702,0.56,0.58,0.56,0.58,1246000
CBG01C2612A,20260702,0.37,0.38,0.37,0.37,753600
CBG01P2611A,20260702,0.15,0.15,0.15,0.15,372000
CBG01P2612A,20260702,0.52,0.52,0.51,0.52,1304000
CBG13C2608A,20260702,0.18,0.19,0.18,0.18,4409000
CBG13C2608B,20260702,0.3,0.3,0.3,0.3,2000
CBG13C2611A,20260702,0.56,0.57,0.56,0.56,118500
CBG13C2612A,20260702,0.37,0.39,0.37,0.38,7504500
CBG13P2609A,20260702,0.06,0.06,0.06,0.06,100
CBG13P2611A,20260702,0.34,0.34,0.33,0.33,831500
CBG19C2611A,20260702,0.57,0.57,0.56,0.57,23000
CBG19C2611B,20260702,0.41,0.42,0.4,0.41,6926500
CBG41C2608A,20260702,0.17,0.18,0.17,0.18,743700
CBG41C2612T,20260702,0.12,0.12,0.12,0.12,200
CBG41C2703T,20260702,0.45,0.46,0.45,0.45,4720000
CCET13C2607A,20260702,0.85,0.85,0.85,0.85,154900
CCET13C2608A,20260702,1.63,1.63,1.58,1.58,6800
CCET13C2609A,20260702,1.01,1.03,0.97,0.97,315000
CCET13C2609B,20260702,0.65,0.66,0.63,0.63,13300
CCET13C2610A,20260702,0.4,0.4,0.38,0.38,7574200
CCET13C2610B,20260702,0.24,0.25,0.23,0.23,7748200
CCET13C2611A,20260702,0.13,0.14,0.12,0.14,12587600
CCET19C2607A,20260702,1.14,1.22,1.14,1.22,600
CCET19C2610A,20260702,0.44,0.45,0.43,0.45,1892200
CCET19C2610B,20260702,0.29,0.3,0.29,0.29,16255500
CCET19C2611A,20260702,0.13,0.13,0.13,0.13,10000
CCET41C2609T,20260702,0.33,0.33,0.33,0.33,302000
CCET41C2701T,20260702,0.43,0.43,0.42,0.42,200
CCET41C2702T,20260702,0.37,0.37,0.36,0.37,930600
CENTEL01C2609A,20260702,0.19,0.19,0.18,0.19,3911800
CENTEL01C2706T,20260702,0.27,0.27,0.26,0.27,1072200
CENTEL13C2608B,20260702,0.17,0.17,0.16,0.17,4585700
CENTEL13C2611A,20260702,0.32,0.32,0.3,0.32,4243600
CENTEL19C2610A,20260702,0.34,0.34,0.32,0.34,2811700
CENTEL41C2611A,20260702,0.3,0.3,0.29,0.3,4878200
CENTEL41C2701T,20260702,0.31,0.31,0.3,0.31,12505000
CHG01C2612A,20260702,0.32,0.34,0.32,0.34,1027000
CHG13C2610A,20260702,0.36,0.38,0.35,0.38,3825000
CHG41C2612T,20260702,0.2,0.2,0.2,0.2,80000
CK01C2608A,20260702,0.38,0.39,0.36,0.36,1013700
CK01C2611A,20260702,0.32,0.34,0.31,0.31,2858200
CK01C2705T,20260702,0.39,0.39,0.39,0.39,1020900
CK01P2611A,20260702,0.57,0.57,0.56,0.57,1807700
CK13C2608A,20260702,0.1,0.11,0.1,0.1,2948400
CK13C2610A,20260702,0.41,0.43,0.4,0.4,4699000
CK13P2611A,20260702,0.49,0.49,0.47,0.49,1322600
CK19C2609A,20260702,0.29,0.3,0.27,0.27,4600400
CK41C2610A,20260702,0.38,0.4,0.38,0.38,3120000
COM701C2607A,20260702,0.62,0.62,0.52,0.57,438400
COM701C2610A,20260702,0.16,0.16,0.15,0.15,964000
COM701C2705T,20260702,0.53,0.53,0.5,0.52,2084900
COM713C2607A,20260702,0.26,0.38,0.26,0.38,290600
COM713C2608A,20260702,0.09,0.1,0.09,0.1,194000
COM713C2610A,20260702,0.64,0.64,0.61,0.61,50200
COM713C2610B,20260702,0.23,0.23,0.2,0.22,6377100
COM719C2610A,20260702,0.26,0.26,0.23,0.25,2265200
COM741C2703T,20260702,0.21,0.21,0.21,0.21,1200000
CPALL01C2607A,20260702,0.01,0.01,0.01,0.01,30000
CPALL01C2608A,20260702,0.02,0.02,0.02,0.02,1000
CPALL01C2610A,20260702,0.21,0.26,0.21,0.25,7316600
CPALL01C2703T,20260702,0.26,0.29,0.26,0.29,9329300
CPALL01P2607A,20260702,0.01,0.01,0.01,0.01,100
CPALL01P2612A,20260702,0.3,0.3,0.25,0.25,1443000
CPALL13C2608A,20260702,0.02,0.02,0.02,0.02,170500
CPALL13C2609A,20260702,0.19,0.25,0.19,0.25,6364500
CPALL13C2701T,20260702,0.24,0.29,0.24,0.29,1597800
CPALL13P2610A,20260702,0.13,0.13,0.13,0.13,414800
CPALL19C2611A,20260702,0.31,0.37,0.31,0.37,1431000
CPALL19C2612A,20260702,0.11,0.13,0.11,0.13,1659800
CPALL41C2609A,20260702,0.18,0.22,0.18,0.22,1500000
CPALL41C2612T,20260702,0.16,0.18,0.16,0.18,420000
CPF01C2609A,20260702,0.1,0.12,0.1,0.12,1483600
CPF01C2611T,20260702,0.1,0.12,0.1,0.12,400000
CPF01C2612A,20260702,0.31,0.36,0.31,0.36,5571400
CPF01C2706T,20260702,0.32,0.33,0.32,0.33,80000
CPF01P2612A,20260702,0.29,0.29,0.26,0.26,1966700
CPF13C2608A,20260702,0.02,0.02,0.02,0.02,400
CPF13C2609A,20260702,0.1,0.13,0.1,0.13,6593400
CPF13C2611A,20260702,0.31,0.37,0.31,0.37,9659100
CPF19C2701T,20260702,0.33,0.38,0.33,0.38,6398700
CPF41C2609T,20260702,0.04,0.04,0.04,0.04,5200
CPF41C2611A,20260702,0.28,0.34,0.28,0.34,4200000
CPF41C2612T,20260702,0.12,0.12,0.12,0.12,542000
CPN01C2608A,20260702,0.12,0.12,0.11,0.12,4167400
CPN01C2611A,20260702,0.39,0.39,0.35,0.38,4968600
CPN01C2706T,20260702,0.41,0.41,0.4,0.41,2444300
CPN01P2706T,20260702,0.55,0.56,0.55,0.55,900900
CPN13C2608A,20260702,0.17,0.17,0.14,0.17,5212300
CPN13C2611A,20260702,0.47,0.47,0.42,0.47,8932500
CPN19C2609T,20260702,0.37,0.37,0.33,0.36,7361000
CPN41C2608A,20260702,0.15,0.16,0.15,0.16,300000
CPN41C2608T,20260702,0.51,0.51,0.46,0.47,4800600
CPN41C2611A,20260702,0.42,0.42,0.4,0.42,4767700
CPN41C2703T,20260702,0.36,0.36,0.34,0.35,4500000
CRC01C2609A,20260702,0.29,0.31,0.27,0.3,3267500
CRC01C2609B,20260702,0.76,0.77,0.71,0.77,1311200
CRC01C2610T,20260702,0.45,0.46,0.43,0.46,2221700
CRC01C2611A,20260702,0.52,0.54,0.5,0.53,3274700
CRC01P2611A,20260702,0.35,0.35,0.33,0.33,1147800
CRC13C2610A,20260702,0.6,0.61,0.58,0.61,76000
CRC13C2611A,20260702,0.44,0.45,0.42,0.45,3830400
CRC13P2611A,20260702,0.52,0.53,0.51,0.51,783000
CRC19C2612A,20260702,0.63,0.65,0.59,0.64,7779000
CRC41C2609T,20260702,0.33,0.35,0.33,0.35,2180000
CRC41C2610A,20260702,0.57,0.59,0.55,0.59,1950000
CRC41C2611A,20260702,0.41,0.43,0.4,0.43,4200000
DELTA01C2607A,20260702,0.64,0.73,0.61,0.61,264000
DELTA01C2608A,20260702,0.48,0.49,0.4,0.41,366700
DELTA01C2609A,20260702,0.56,0.56,0.51,0.54,423900
DELTA01C2610A,20260702,0.43,0.44,0.41,0.41,152500
DELTA01C2611A,20260702,0.94,0.94,0.86,0.86,4097000
DELTA01C2705T,20260702,0.65,0.65,0.54,0.62,5100
DELTA01P2608A,20260702,0.05,0.06,0.05,0.06,125700
DELTA01P2609A,20260702,0.27,0.29,0.25,0.26,26000
DELTA01P2610A,20260702,0.68,0.68,0.66,0.66,41300
DELTA13C2607A,20260702,0.48,0.48,0.36,0.36,7400
DELTA13C2607B,20260702,0.02,0.02,0.01,0.01,405300
DELTA13C2608A,20260702,0.19,0.19,0.15,0.15,15915400
DELTA13C2609A,20260702,0.16,0.16,0.14,0.14,26178000
DELTA13C2609B,20260702,0.35,0.35,0.3,0.3,18027900
DELTA13C2610A,20260702,0.26,0.26,0.23,0.23,17062800
DELTA13C2611A,20260702,0.77,0.77,0.67,0.67,19542700
DELTA13P2608A,20260702,0.07,0.07,0.06,0.07,959700
DELTA13P2609A,20260702,0.33,0.36,0.32,0.35,8140900
DELTA13P2610A,20260702,0.82,0.87,0.81,0.87,18872900
DELTA19C2608A,20260702,0.48,0.48,0.4,0.4,2133600
DELTA19C2609A,20260702,0.25,0.26,0.21,0.22,5949800
DELTA19C2611A,20260702,0.53,0.54,0.47,0.48,2663400
DELTA19P2607A,20260702,0.01,0.01,0.01,0.01,245100
DELTA19P2608A,20260702,0.06,0.06,0.06,0.06,4000
DELTA19P2609A,20260702,0.19,0.19,0.18,0.19,2268200
DELTA19P2610A,20260702,0.5,0.54,0.5,0.54,2562200
DELTA19P2610B,20260702,0.64,0.69,0.63,0.69,4485000
DELTA41C2607A,20260702,0.36,0.36,0.36,0.36,80000
DELTA41C2609A,20260702,0.15,0.15,0.13,0.13,1250500
DELTA41C2609B,20260702,0.33,0.33,0.28,0.28,5700000
DELTA41C2610A,20260702,0.23,0.23,0.22,0.22,4631000
DELTA41C2611A,20260702,0.74,0.74,0.66,0.66,12255900
DELTA41C2612T,20260702,1.53,1.53,1.43,1.44,687300
DELTA41C2702T,20260702,0.35,0.35,0.32,0.32,8455900
DELTA41C2703T,20260702,0.96,0.96,0.91,0.91,5160100
DELTA41P2607A,20260702,0.01,0.01,0.01,0.01,108200
DELTA41P2610A,20260702,0.82,0.83,0.81,0.83,3915100
DJI41C2609A,20260702,0.65,0.65,0.64,0.64,212000
DJI41P2609A,20260702,0.24,0.24,0.24,0.24,29900
DOHOME01C2608A,20260702,0.07,0.08,0.06,0.06,2832900
DOHOME01C2610A,20260702,0.39,0.42,0.35,0.37,6619200
DOHOME13C2610A,20260702,0.44,0.48,0.4,0.43,16557900
DOHOME19C2701T,20260702,0.5,0.54,0.48,0.5,2784600
DOHOME41C2612T,20260702,0.15,0.15,0.15,0.15,600000
EA13C2607A,20260702,0.02,0.02,0.01,0.01,164000
EA13C2608A,20260702,0.05,0.06,0.05,0.05,2484000
EA13C2610A,20260702,0.23,0.24,0.22,0.23,5530200
EA13C2610B,20260702,0.14,0.14,0.13,0.14,3229200
EA13P2611A,20260702,0.73,0.73,0.72,0.72,1326800
EA19C2609A,20260702,0.18,0.18,0.17,0.18,4947100
EA19C2610A,20260702,0.14,0.14,0.14,0.14,27600
EA19P2611A,20260702,0.76,0.76,0.74,0.76,2041700
EA41C2609T,20260702,0.17,0.17,0.17,0.17,226000
EA41C2610B,20260702,0.13,0.13,0.13,0.13,1110000
EA41C2706T,20260702,0.33,0.33,0.33,0.33,2000
EGCO13C2610A,20260702,0.28,0.29,0.26,0.27,1963700
EGCO41C2612T,20260702,0.25,0.25,0.25,0.25,100
ERW01C2610A,20260702,0.38,0.4,0.38,0.39,1779600
ERW01C2611T,20260702,0.34,0.36,0.34,0.36,2084200
ERW01C2706T,20260702,0.3,0.3,0.3,0.3,348200
ERW13C2610A,20260702,0.28,0.29,0.27,0.29,3496100
ERW19C2609A,20260702,0.28,0.3,0.28,0.3,6562200
ERW41C2610A,20260702,0.25,0.27,0.25,0.27,3000000
ERW41C2611T,20260702,0.52,0.52,0.52,0.52,4500000
ERW41C2706T,20260702,0.33,0.34,0.33,0.34,5000000
GEELY41C2612A,20260702,0.42,0.43,0.41,0.41,1200
GFPT13C2608A,20260702,0.08,0.09,0.08,0.09,3001100
GFPT13C2611A,20260702,0.38,0.44,0.38,0.44,2941700
GLOBAL01C2611A,20260702,0.2,0.21,0.19,0.19,3194800
GLOBAL01C2707T,20260702,0.26,0.26,0.26,0.26,1009600
GLOBAL13C2610A,20260702,0.18,0.18,0.17,0.17,2441100
GLOBAL13C2611A,20260702,0.39,0.41,0.38,0.39,7963800
GLOBAL19C2611A,20260702,0.37,0.38,0.36,0.37,12916600
GLOBAL41C2612T,20260702,0.38,0.38,0.37,0.37,7300000
GPSC01C2609A,20260702,0.27,0.3,0.27,0.29,2314500
GPSC01C2609T,20260702,0.17,0.18,0.17,0.18,2217100
GPSC01C2611A,20260702,0.42,0.45,0.42,0.43,2096900
GPSC01P2608A,20260702,0.02,0.02,0.02,0.02,50000
GPSC01P2611A,20260702,0.23,0.23,0.22,0.22,701600
GPSC13C2608A,20260702,0.07,0.07,0.07,0.07,50000
GPSC13C2608B,20260702,0.35,0.36,0.35,0.36,230500
GPSC13C2611A,20260702,0.42,0.46,0.42,0.45,5476700
GPSC13C2701T,20260702,0.29,0.31,0.29,0.31,2787400
GPSC13P2608A,20260702,0.03,0.03,0.03,0.03,46000
GPSC13P2611A,20260702,0.3,0.3,0.28,0.28,1362400
GPSC19C2611A,20260702,0.35,0.38,0.35,0.38,2335400
GPSC41C2608B,20260702,0.36,0.36,0.34,0.34,600000
GPSC41C2611A,20260702,0.39,0.42,0.39,0.42,2570000
GPSC41C2703T,20260702,0.42,0.42,0.4,0.42,4245700
GULF01C2608A,20260702,0.48,0.54,0.48,0.52,857000
GULF01C2608B,20260702,0.17,0.22,0.17,0.2,2670100
GULF01C2609A,20260702,0.21,0.25,0.21,0.23,10486800
GULF01C2611A,20260702,0.22,0.25,0.22,0.25,4298100
GULF01C2612A,20260702,0.44,0.49,0.44,0.47,5055300
GULF01C2702T,20260702,0.56,0.59,0.56,0.58,4019800
GULF01P2609A,20260702,0.09,0.09,0.08,0.08,607500
GULF01P2610A,20260702,0.44,0.44,0.41,0.41,2019600
GULF13C2607A,20260702,0.14,0.16,0.14,0.16,21800
GULF13C2608A,20260702,0.2,0.26,0.2,0.25,5440500
GULF13C2609A,20260702,0.15,0.19,0.15,0.18,19082900
GULF13C2611A,20260702,0.36,0.41,0.36,0.4,19295600
GULF13C2704T,20260702,0.32,0.34,0.32,0.34,6827100
GULF13P2610A,20260702,0.21,0.21,0.18,0.18,7148500
GULF13P2611A,20260702,0.58,0.58,0.53,0.53,8226200
GULF19C2610A,20260702,0.24,0.29,0.24,0.28,11430800
GULF19C2611A,20260702,0.21,0.25,0.21,0.24,3658700
GULF19P2611A,20260702,0.57,0.57,0.51,0.51,2178100
GULF41C2608A,20260702,0.22,0.24,0.22,0.23,1371500
GULF41C2609A,20260702,0.14,0.17,0.14,0.16,2710000
GULF41C2609T,20260702,0.35,0.38,0.35,0.38,2038900
GULF41C2611A,20260702,0.33,0.36,0.33,0.36,9584800
GULF41C2706T,20260702,0.35,0.37,0.35,0.37,1666100
GUNKUL01C2608A,20260702,1.47,1.52,1.47,1.5,519700
GUNKUL01C2610A,20260702,1.01,1.04,1,1.02,305600
GUNKUL01C2610B,20260702,0.59,0.62,0.59,0.61,3158800
GUNKUL01C2611A,20260702,0.48,0.49,0.47,0.48,3965000
GUNKUL01C2704T,20260702,0.68,0.69,0.68,0.68,2076700
GUNKUL01P2611A,20260702,0.31,0.31,0.3,0.3,2603000
GUNKUL13C2610A,20260702,0.72,0.74,0.7,0.72,4742800
GUNKUL13C2611A,20260702,0.48,0.49,0.47,0.48,22231000
GUNKUL13P2610A,20260702,0.28,0.28,0.27,0.27,3892900
GUNKUL19C2610B,20260702,0.49,0.5,0.47,0.49,11092400
GUNKUL41C2610A,20260702,0.71,0.71,0.71,0.71,300000
GUNKUL41C2611A,20260702,0.43,0.44,0.43,0.43,2985000
GUNKUL41C2702T,20260702,0.78,0.78,0.77,0.77,3900000
GUNKUL41C2706T,20260702,0.48,0.48,0.48,0.48,3640000
HANA01C2608A,20260702,2.92,2.92,2.92,2.92,170600
HANA01C2609A,20260702,0.49,0.5,0.48,0.5,328400
HANA01C2610A,20260702,0.35,0.35,0.32,0.32,4767700
HANA01C2705T,20260702,0.29,0.29,0.27,0.27,241900
HANA01P2610A,20260702,0.24,0.25,0.24,0.24,1895700
HANA01P2611A,20260702,0.38,0.38,0.37,0.38,40500
HANA13C2607A,20260702,3.62,3.62,3.62,3.62,100
HANA13C2608A,20260702,1.95,1.95,1.9,1.9,1100
HANA13C2608B,20260702,1.07,1.07,1.07,1.07,100
HANA13C2609A,20260702,0.38,0.38,0.35,0.36,2646500
HANA13C2609B,20260702,0.19,0.19,0.17,0.18,1886000
HANA13C2610A,20260702,0.24,0.24,0.22,0.23,2601000
HANA13C2611A,20260702,0.44,0.44,0.41,0.42,5000500
HANA13C2701T,20260702,1.22,1.28,1.22,1.28,300
HANA13C2703T,20260702,0.37,0.37,0.34,0.35,5077000
HANA13P2608A,20260702,0.01,0.01,0.01,0.01,50000
HANA13P2609A,20260702,0.11,0.11,0.11,0.11,4712700
HANA13P2611A,20260702,0.4,0.41,0.4,0.4,176200
HANA19C2609B,20260702,0.28,0.29,0.28,0.28,7241700
HANA41C2608A,20260702,1.89,1.9,1.89,1.9,600000
HANA41C2609B,20260702,0.18,0.18,0.18,0.18,5100
HANA41C2610A,20260702,0.22,0.22,0.22,0.22,2610000
HANA41C2612T,20260702,1.04,1.04,1.04,1.04,30000
HANA41C2702T,20260702,0.47,0.47,0.44,0.45,6829500
HANA41P2609A,20260702,0.11,0.11,0.1,0.11,42400
HMPRO01C2607A,20260702,0.01,0.01,0.01,0.01,200
HMPRO01C2609A,20260702,0.13,0.14,0.13,0.14,1835400
HMPRO01C2706T,20260702,0.23,0.23,0.23,0.23,408000
HMPRO13C2609A,20260702,0.12,0.13,0.11,0.13,9841700
HMPRO13C2612A,20260702,0.24,0.26,0.23,0.26,4881300
HMPRO19C2609A,20260702,0.15,0.17,0.14,0.17,1291000
HSI18C2608A,20260702,0.05,0.05,0.03,0.03,119900
HSI18C2609A,20260702,0.13,0.13,0.12,0.13,31400
HSI18P2608A,20260702,1.45,1.45,1.45,1.45,100
HSI28C2607A,20260702,0.01,0.02,0.01,0.01,955900
HSI28C2607B,20260702,0.03,0.04,0.03,0.04,17200
HSI28C2607C,20260702,0.04,0.05,0.04,0.04,11246700
HSI28C2608A,20260702,0.07,0.08,0.06,0.06,5067600
HSI28C2608B,20260702,0.14,0.15,0.13,0.13,4448900
HSI28C2608C,20260702,0.18,0.18,0.16,0.16,5073200
HSI28C2608D,20260702,0.28,0.29,0.25,0.26,41849900
HSI28C2608E,20260702,0.46,0.5,0.43,0.44,79075200
HSI28C2609A,20260702,0.07,0.08,0.07,0.07,1551800
HSI28C2609B,20260702,0.3,0.31,0.27,0.28,18888100
HSI28C2609C,20260702,0.17,0.18,0.16,0.17,733200
HSI28C2609D,20260702,0.79,0.8,0.75,0.76,4676400
HSI28C2609E,20260702,1.2,1.24,1.19,1.19,12100
HSI28C2610A,20260702,0.21,0.22,0.2,0.2,4604000
HSI28C2610B,20260702,0.4,0.41,0.38,0.38,2283100
HSI28P2607A,20260702,0.29,0.32,0.28,0.3,32426600
HSI28P2607B,20260702,0.93,0.98,0.92,0.95,227000
HSI28P2608A,20260702,0.75,0.81,0.73,0.78,10912400
HSI28P2608B,20260702,1.77,1.84,1.77,1.84,1800
HSI28P2608C,20260702,0.33,0.35,0.32,0.34,2407200
HSI28P2609A,20260702,0.78,0.83,0.78,0.81,12844200
HSI28P2609B,20260702,0.42,0.44,0.42,0.43,610200
HSI28P2610A,20260702,0.75,0.75,0.71,0.75,1184400
HSTECH18C2608A,20260702,0.17,0.17,0.17,0.17,100
HSTECH18C2609A,20260702,0.26,0.26,0.26,0.26,24000
HSTECH18P2608A,20260702,1.53,1.54,1.53,1.54,10000
HSTECH28C2609A,20260702,0.2,0.2,0.19,0.19,100900
HSTECH28P2609A,20260702,0.71,0.74,0.69,0.74,8600
HUAHON41C2612A,20260702,1.08,1.08,0.95,0.96,420100
ICHI13C2609A,20260702,0.12,0.12,0.12,0.12,1000
IRPC01C2607A,20260702,0.47,0.54,0.47,0.54,1400
IRPC01C2609A,20260702,0.31,0.35,0.3,0.33,6850500
IRPC01C2609B,20260702,0.17,0.18,0.15,0.17,3215200
IRPC01C2610A,20260702,0.08,0.08,0.08,0.08,8700
IRPC01C2703T,20260702,0.14,0.14,0.14,0.14,50000
IRPC01P2610A,20260702,0.31,0.31,0.28,0.28,4028400
IRPC13C2608A,20260702,0.36,0.43,0.36,0.43,664800
IRPC13C2608B,20260702,0.11,0.13,0.11,0.12,10658000
IRPC13C2609A,20260702,0.14,0.17,0.14,0.16,8287800
IRPC13C2609B,20260702,0.08,0.08,0.08,0.08,59000
IRPC13C2611A,20260702,0.45,0.47,0.42,0.45,24541800
IRPC13C2701T,20260702,0.57,0.57,0.57,0.57,1200
IRPC13P2610A,20260702,0.25,0.26,0.23,0.24,10884000
IRPC19C2609T,20260702,0.47,0.51,0.46,0.5,859900
IRPC41C2609A,20260702,0.14,0.15,0.14,0.15,840000
IRPC41C2702T,20260702,0.16,0.16,0.16,0.16,1800000
IRPC41C2703T,20260702,0.66,0.69,0.66,0.68,600000
ITC13C2608A,20260702,0.04,0.04,0.04,0.04,290000
ITC19C2609T,20260702,0.15,0.16,0.15,0.16,2854600
ITC41C2612T,20260702,0.17,0.18,0.17,0.18,1144900
IVL01C2607A,20260702,0.02,0.02,0.02,0.02,5000
IVL01C2609A,20260702,0.44,0.47,0.43,0.45,7021400
IVL01C2610A,20260702,0.28,0.3,0.28,0.29,3469000
IVL01C2706T,20260702,0.25,0.25,0.25,0.25,2912000
IVL01P2609A,20260702,0.13,0.13,0.12,0.12,2576600
IVL01P2610A,20260702,0.32,0.32,0.3,0.3,2043800
IVL13C2608A,20260702,0.16,0.17,0.14,0.16,6529900
IVL13C2609A,20260702,0.2,0.21,0.19,0.2,9558700
IVL13C2611A,20260702,0.5,0.52,0.48,0.5,26685500
IVL13P2607A,20260702,0.01,0.01,0.01,0.01,85600
IVL13P2608A,20260702,0.07,0.07,0.07,0.07,404800
IVL13P2611A,20260702,0.58,0.59,0.56,0.57,5485100
IVL19C2609A,20260702,0.07,0.07,0.07,0.07,5041400
IVL19C2610A,20260702,0.3,0.32,0.29,0.3,5637100
IVL19C2611A,20260702,0.51,0.53,0.49,0.51,21548800
IVL19P2608A,20260702,0.09,0.09,0.09,0.09,2125000
IVL41C2608A,20260702,0.15,0.15,0.15,0.15,150000
IVL41C2609A,20260702,0.18,0.19,0.18,0.18,2672000
IVL41C2611A,20260702,0.48,0.49,0.46,0.48,4830300
IVL41C2702T,20260702,0.34,0.36,0.34,0.35,4552000
JAS13C2608A,20260702,0.03,0.03,0.03,0.03,13500
JAS13C2609A,20260702,0.1,0.1,0.09,0.09,2409000
JAS13C2611A,20260702,0.16,0.16,0.16,0.16,30000
JAS13C2701A,20260702,0.29,0.29,0.29,0.29,611800
JAS19C2611A,20260702,0.18,0.18,0.18,0.18,517900
JAS19C2701T,20260702,0.25,0.25,0.25,0.25,1084900
JD41C2612A,20260702,0.25,0.26,0.25,0.26,200
JMART01C2608A,20260702,0.2,0.21,0.18,0.2,3412400
JMART01C2610A,20260702,0.63,0.66,0.62,0.63,985200
JMART01C2611A,20260702,0.12,0.12,0.12,0.12,1852000
JMART01C2705T,20260702,0.46,0.47,0.46,0.47,721100
JMART01C2709T,20260702,0.33,0.33,0.33,0.33,1426000
JMART13C2608A,20260702,0.2,0.21,0.19,0.2,898800
JMART13C2610A,20260702,0.46,0.49,0.45,0.46,12819800
JMART13C2611A,20260702,0.17,0.18,0.17,0.18,734200
JMART13C2701A,20260702,0.54,0.56,0.53,0.55,3322400
JMART13C2704T,20260702,0.29,0.3,0.29,0.3,5238200
JMART19C2612A,20260702,0.51,0.52,0.49,0.51,3703600
JMART19C2703T,20260702,0.41,0.42,0.41,0.42,2262000
JMART41C2609T,20260702,0.18,0.19,0.18,0.19,625000
JMART41C2611A,20260702,0.16,0.16,0.16,0.16,480000
JMART41C2703T,20260702,0.49,0.5,0.48,0.5,6800000
JMART41C2706T,20260702,0.34,0.34,0.34,0.34,610000
JMT01C2608A,20260702,0.08,0.08,0.07,0.07,497300
JMT01C2610A,20260702,0.24,0.24,0.23,0.23,3671900
JMT01C2611A,20260702,0.21,0.21,0.2,0.21,4115900
JMT01C2701T,20260702,0.47,0.47,0.46,0.46,3031700
JMT13C2607A,20260702,0.04,0.05,0.04,0.05,1500
JMT13C2608A,20260702,0.13,0.13,0.12,0.12,821400
JMT13C2610A,20260702,0.28,0.29,0.27,0.27,5739700
JMT13C2610B,20260702,0.74,0.74,0.74,0.74,6300
JMT13C2701T,20260702,0.38,0.38,0.38,0.38,10000
JMT19C2608A,20260702,0.12,0.12,0.11,0.11,5326200
JMT19C2611A,20260702,0.29,0.29,0.28,0.29,10440500
JMT41C2608A,20260702,0.12,0.12,0.11,0.11,682000
JMT41C2610A,20260702,0.26,0.26,0.26,0.26,1200000
JMT41C2611T,20260702,0.15,0.15,0.15,0.15,900000
JMT41C2703T,20260702,0.68,0.68,0.67,0.68,3650000
KBANK01C2607A,20260702,0.24,0.58,0.24,0.55,1325000
KBANK01C2608A,20260702,0.17,0.26,0.17,0.26,11087600
KBANK01C2609A,20260702,1.28,1.61,1.28,1.61,1468100
KBANK01C2610A,20260702,0.96,1.17,0.96,1.17,1609200
KBANK01C2611A,20260702,0.32,0.42,0.32,0.42,9436100
KBANK01C2702T,20260702,0.4,0.41,0.4,0.41,452400
KBANK01P2610A,20260702,0.16,0.16,0.12,0.12,2893600
KBANK01P2612A,20260702,0.45,0.45,0.36,0.36,5613400
KBANK13C2607A,20260702,0.04,0.12,0.04,0.12,3200
KBANK13C2607B,20260702,0.05,0.16,0.02,0.07,70800
KBANK13C2609A,20260702,1.06,1.35,1.06,1.34,93800
KBANK13C2610A,20260702,0.38,0.54,0.38,0.54,13744400
KBANK13C2704T,20260702,0.33,0.39,0.33,0.39,9040900
KBANK13P2611A,20260702,0.35,0.35,0.27,0.27,5072900
KBANK19C2608A,20260702,0.15,0.23,0.15,0.23,4660800
KBANK19C2609A,20260702,0.91,1.11,0.91,1.07,800400
KBANK19C2701T,20260702,0.47,0.53,0.46,0.51,241200
KBANK41C2607B,20260702,0.02,0.05,0.02,0.05,281100
KBANK41C2609T,20260702,1.11,1.12,1.11,1.12,300000
KBANK41C2610A,20260702,0.36,0.51,0.36,0.51,4974300
KBANK41C2703T,20260702,0.62,0.75,0.62,0.75,25236800
KCE01C2610A,20260702,0.46,0.46,0.39,0.41,7796900
KCE01C2612A,20260702,0.36,0.36,0.3,0.32,5352200
KCE01C2705T,20260702,0.37,0.37,0.36,0.36,2823000
KCE13C2608A,20260702,1.93,1.93,1.88,1.88,1800
KCE13C2609A,20260702,0.74,0.74,0.72,0.72,6600
KCE13C2609B,20260702,0.5,0.5,0.45,0.45,50200
KCE13C2610A,20260702,0.37,0.37,0.32,0.33,23621800
KCE13C2703T,20260702,0.44,0.44,0.42,0.42,2517300
KCE13P2608A,20260702,0.01,0.01,0.01,0.01,608000
KCE13P2609A,20260702,0.05,0.05,0.03,0.04,702000
KCE13P2610A,20260702,0.18,0.2,0.18,0.19,3577400
KCE19C2609B,20260702,0.51,0.51,0.51,0.51,50000
KCE19C2610A,20260702,0.44,0.44,0.38,0.4,4002200
KCE19C2611A,20260702,0.35,0.35,0.31,0.32,5061700
KCE19P2609A,20260702,0.05,0.05,0.05,0.05,100
KCE19P2610A,20260702,0.16,0.17,0.16,0.17,7178000
KCE41C2608A,20260702,1.94,1.94,1.85,1.85,1300000
KCE41C2609T,20260702,1.98,1.98,1.98,1.98,250000
KCE41C2610A,20260702,0.35,0.35,0.32,0.32,9600000
KCE41C2702T,20260702,0.49,0.49,0.47,0.47,18684400
KCE41P2610A,20260702,0.16,0.18,0.16,0.18,600200
KKP01C2607A,20260702,1.72,1.72,1.72,1.72,200
KKP01C2610A,20260702,1.16,1.25,1.16,1.25,1441400
KKP01C2612A,20260702,0.92,1.02,0.91,1,2856200
KKP01C2701A,20260702,0.38,0.4,0.38,0.4,9143400
KKP01P2609A,20260702,0.02,0.02,0.02,0.02,100
KKP01P2612A,20260702,0.46,0.46,0.43,0.43,6219600
KKP13C2609A,20260702,0.97,1.03,0.97,1.03,814700
KKP13C2610A,20260702,0.65,0.75,0.64,0.73,9742900
KKP13C2611A,20260702,0.36,0.4,0.36,0.4,17638300
KKP13P2611A,20260702,0.45,0.45,0.4,0.4,4657300
KKP19C2701T,20260702,0.44,0.48,0.44,0.48,6302000
KQ15018C2609A,20260702,0.5,0.5,0.5,0.5,10000
KQ15018C2609B,20260702,0.7,0.7,0.67,0.67,200
KQ15018C2609C,20260702,0.17,0.17,0.17,0.17,10000
KQ15018P2609A,20260702,1.51,1.63,1.51,1.57,400
KQ15018P2609B,20260702,2.06,2.16,2.06,2.16,200
KS20018C2609A,20260702,1.23,1.23,1.08,1.08,14000
KS20018C2609B,20260702,1.55,1.55,1.55,1.55,300
KS20018C2609C,20260702,0.63,0.63,0.48,0.6,1725700
KS20018P2609A,20260702,0.5,0.63,0.49,0.6,497000
KS20018P2609B,20260702,0.81,0.99,0.8,0.99,49900
KTB01C2608A,20260702,0.35,0.44,0.35,0.42,2693300
KTB01C2611A,20260702,0.25,0.31,0.25,0.29,6583000
KTB01C2701T,20260702,0.45,0.5,0.45,0.49,5748300
KTB01P2612A,20260702,0.16,0.16,0.16,0.16,24000
KTB13C2608A,20260702,0.19,0.28,0.19,0.26,1778700
KTB13C2611A,20260702,0.28,0.36,0.28,0.35,11698900
KTB13P2611A,20260702,0.16,0.16,0.14,0.14,728900
KTB19C2609T,20260702,0.72,0.72,0.69,0.69,200
KTB19C2701T,20260702,0.42,0.42,0.41,0.41,1897700
KTB41C2608A,20260702,0.18,0.25,0.18,0.23,900000
KTB41C2609T,20260702,2.14,2.14,2.02,2.02,54700
KTB41C2612T,20260702,0.68,0.71,0.68,0.71,4100
KTB41C2702T,20260702,0.29,0.29,0.29,0.29,900000
KTC01C2607A,20260702,0.13,0.19,0.13,0.18,3593100
KTC01C2608A,20260702,0.06,0.07,0.06,0.06,774100
KTC01C2609T,20260702,0.21,0.22,0.21,0.21,1291100
KTC01C2612A,20260702,0.3,0.33,0.3,0.32,2885600
KTC01P2608A,20260702,0.03,0.03,0.03,0.03,2600
KTC13C2607A,20260702,0.18,0.18,0.18,0.18,10100
KTC13C2608A,20260702,0.07,0.07,0.07,0.07,250000
KTC13C2610A,20260702,0.31,0.34,0.3,0.34,9732000
KTC13C2701T,20260702,0.37,0.38,0.36,0.38,3600
KTC13C2704T,20260702,0.25,0.27,0.25,0.27,1828800
KTC19C2609T,20260702,0.22,0.25,0.22,0.25,1239800
KTC41C2610A,20260702,0.29,0.33,0.29,0.33,2610000
KTC41C2612T,20260702,0.33,0.35,0.33,0.35,2431000
KTC41C2706T,20260702,0.33,0.33,0.33,0.33,2000500
KUAISH28C2610A,20260702,0.24,0.24,0.23,0.23,1400200
KUAISH41C2609T,20260702,0.12,0.12,0.12,0.12,500100
KUAISH41P2612A,20260702,0.29,0.29,0.29,0.29,600
LENOVO41C2612A,20260702,0.3,0.3,0.28,0.28,1600
M01C2611A,20260702,0.37,0.4,0.37,0.39,1857300
M01C2705T,20260702,0.44,0.45,0.44,0.45,1302800
M13C2608B,20260702,0.2,0.22,0.2,0.21,578800
M13C2610A,20260702,0.28,0.3,0.27,0.3,2483100
M19C2610A,20260702,0.33,0.35,0.32,0.33,2383700
M41C2612T,20260702,0.25,0.26,0.25,0.26,910000
MCA5041C2609A,20260702,0.17,0.17,0.14,0.15,958000
MCA5041P2609A,20260702,0.64,0.65,0.64,0.65,2200
MEGA01C2702T,20260702,0.22,0.22,0.22,0.22,764600
MEITUA28C2609A,20260702,0.13,0.13,0.12,0.12,1900100
MEITUA41C2612A,20260702,0.5,0.5,0.48,0.49,3000
MINT01C2609A,20260702,0.32,0.33,0.32,0.32,1467500
MINT01C2612A,20260702,0.53,0.53,0.53,0.53,30000
MINT01C2706T,20260702,0.28,0.28,0.28,0.28,678000
MINT01P2609A,20260702,0.1,0.1,0.1,0.1,1073000
MINT01P2612A,20260702,0.42,0.44,0.42,0.43,2144300
MINT13C2608A,20260702,0.15,0.15,0.14,0.14,2870700
MINT13C2608B,20260702,0.24,0.24,0.21,0.22,3550300
MINT13C2609A,20260702,0.52,0.52,0.48,0.5,14067700
MINT13C2611A,20260702,0.19,0.19,0.18,0.18,223400
MINT13C2704T,20260702,0.19,0.19,0.18,0.18,660200
MINT13P2610A,20260702,0.16,0.16,0.16,0.16,819000
MINT19C2610A,20260702,0.49,0.49,0.45,0.48,6318100
MINT19C2611A,20260702,0.19,0.19,0.18,0.18,1216800
MINT41C2611A,20260702,0.17,0.17,0.16,0.16,2400000
MRDIYT01C2612A,20260702,0.18,0.18,0.18,0.18,184200
MRDIYT13C2612A,20260702,0.21,0.21,0.19,0.19,814800
MTC01C2610A,20260702,0.19,0.21,0.19,0.21,3275100
MTC01C2706T,20260702,0.25,0.26,0.25,0.26,296100
MTC01P2608A,20260702,0.01,0.02,0.01,0.02,2600100
MTC01P2610A,20260702,0.12,0.12,0.12,0.12,265100
MTC01P2612A,20260702,0.44,0.44,0.43,0.43,900500
MTC13C2607A,20260702,0.01,0.01,0.01,0.01,50000
MTC13C2608A,20260702,0.1,0.11,0.09,0.11,1652200
MTC13C2610A,20260702,0.28,0.31,0.27,0.3,5905600
MTC13P2610A,20260702,0.13,0.13,0.13,0.13,866000
MTC19C2608A,20260702,0.07,0.08,0.07,0.08,6127600
MTC19C2610A,20260702,0.26,0.28,0.26,0.28,4863200
MTC41C2610A,20260702,0.28,0.28,0.27,0.27,1440000
MTC41C2612T,20260702,0.22,0.23,0.22,0.22,3000000
NDX28C2609A,20260702,1.78,1.78,1.78,1.78,5600
NDX28C2609B,20260702,0.82,0.82,0.72,0.76,2585900
NDX28P2609A,20260702,0.36,0.38,0.36,0.38,393100
NDX28P2609B,20260702,0.58,0.62,0.58,0.62,24700
NDX41C2609A,20260702,0.96,0.96,0.85,0.88,2496500
NDX41C2609B,20260702,0.31,0.31,0.27,0.28,240100
NDX41P2609A,20260702,0.4,0.44,0.4,0.44,704200
NDX41P2609B,20260702,0.81,0.82,0.8,0.82,38100
NIKKEI18C2609A,20260702,1.06,1.06,1.06,1.06,3400
NIKKEI18C2609B,20260702,0.7,0.7,0.62,0.63,54700
NIKKEI18C2609C,20260702,0.55,0.55,0.48,0.5,259500
NIKKEI18P2609A,20260702,0.18,0.23,0.18,0.23,11300
NIKKEI18P2609B,20260702,0.33,0.39,0.33,0.36,208400
NIKKEI28C2609B,20260702,1.84,1.85,1.69,1.73,4614400
NIKKEI28C2609C,20260702,1.21,1.21,1.21,1.21,1000
NIKKEI28C2609D,20260702,0.92,0.92,0.79,0.83,12423500
NIKKEI28C2612A,20260702,0.49,0.49,0.42,0.44,755300
NIKKEI28C2612B,20260702,0.75,0.75,0.67,0.69,266500
NIKKEI28C2612C,20260702,1.13,1.13,1.01,1.05,10400
NIKKEI28C2612D,20260702,1.65,1.65,1.49,1.54,5000
NIKKEI28P2609A,20260702,0.55,0.65,0.55,0.61,781700
NIKKEI28P2609B,20260702,0.38,0.44,0.38,0.42,1693400
NIKKEI28P2609C,20260702,0.26,0.29,0.25,0.27,103000
NIKKEI28P2609D,20260702,0.19,0.21,0.18,0.21,400
NIKKEI28P2612A,20260702,1.64,1.76,1.64,1.74,751300
NIKKEI28P2612B,20260702,1.12,1.2,1.12,1.2,300
NIKKEI28P2612C,20260702,0.74,0.8,0.74,0.8,300
NIKKEI28P2612D,20260702,0.46,0.52,0.46,0.52,5300
NIKKEI41C2609C,20260702,1.74,1.79,1.6,1.67,11000
NIKKEI41C2612B,20260702,0.93,0.93,0.93,0.93,85800
NIKKEI41C2612C,20260702,0.71,0.71,0.63,0.66,672200
NIKKEI41P2609A,20260702,0.2,0.23,0.2,0.23,13500
NIKKEI41P2609B,20260702,0.17,0.18,0.16,0.16,10200
NIKKEI41P2609C,20260702,0.16,0.16,0.16,0.16,6700
NIKKEI41P2612A,20260702,0.73,0.78,0.73,0.78,21200
NIKKEI41P2612B,20260702,0.97,1.06,0.97,1.01,1900
OR01C2607A,20260702,0.01,0.01,0.01,0.01,109500
OR01C2609A,20260702,0.13,0.14,0.13,0.14,220100
OR01C2705T,20260702,0.19,0.19,0.19,0.19,500000
OR13C2608B,20260702,0.06,0.06,0.06,0.06,600000
OR13C2611A,20260702,0.23,0.24,0.23,0.24,2348700
OR19C2608A,20260702,0.07,0.07,0.06,0.06,392800
OR19C2611A,20260702,0.24,0.24,0.24,0.24,812600
OR41C2608T,20260702,0.11,0.11,0.11,0.11,302000
OSP01C2609A,20260702,0.36,0.36,0.35,0.35,1862100
OSP01C2612A,20260702,0.3,0.31,0.3,0.31,2911900
OSP13C2608A,20260702,0.19,0.19,0.18,0.19,2813800
OSP13C2611A,20260702,0.29,0.29,0.29,0.29,1265100
OSP41C2607A,20260702,0.01,0.01,0.01,0.01,406100
OSP41C2701T,20260702,0.38,0.38,0.38,0.38,3500000
PLANB13C2607A,20260702,0.31,0.37,0.29,0.31,253800
PLANB13C2608A,20260702,0.14,0.18,0.14,0.16,5323900
PLANB13C2610A,20260702,0.63,0.72,0.62,0.67,20577300
PLANB13C2612A,20260702,0.24,0.27,0.24,0.25,14641900
PLANB19C2611A,20260702,0.57,0.67,0.57,0.62,8596800
PLANB41C2607A,20260702,0.33,0.37,0.33,0.37,65400
PLANB41C2608A,20260702,0.16,0.17,0.15,0.17,1200000
PLANB41C2608B,20260702,0.05,0.05,0.04,0.04,10800
PLANB41C2610A,20260702,0.6,0.7,0.6,0.63,15480000
PLANB41C2612T,20260702,0.21,0.23,0.2,0.22,5531600
POPMAR28C2610A,20260702,0.21,0.21,0.2,0.2,800000
POPMAR41C2609T,20260702,0.25,0.25,0.23,0.23,2600
POPMAR41C2610A,20260702,0.26,0.26,0.25,0.25,1100
PR913C2610A,20260702,0.33,0.4,0.33,0.4,3768300
PR941C2702T,20260702,0.34,0.37,0.34,0.37,2100000
PRM01C2609A,20260702,0.29,0.31,0.29,0.31,843000
PRM01C2702T,20260702,0.38,0.4,0.38,0.39,590500
PRM13C2608A,20260702,0.16,0.19,0.16,0.19,1421300
PRM19C2701T,20260702,0.47,0.5,0.47,0.5,1408800
PRM41C2612T,20260702,0.62,0.62,0.62,0.62,600000
PTG01C2611A,20260702,0.15,0.15,0.15,0.15,800000
PTG01C2704T,20260702,0.19,0.19,0.19,0.19,150000
PTG13C2610A,20260702,0.15,0.15,0.15,0.15,757800
PTG19C2609A,20260702,0.05,0.05,0.05,0.05,200
PTT01C2705T,20260702,0.18,0.19,0.18,0.19,19600
PTT13C2609A,20260702,0.09,0.1,0.09,0.1,4856800
PTT13C2701T,20260702,0.23,0.23,0.23,0.23,500
PTT19C2612T,20260702,0.3,0.31,0.3,0.3,51100
PTT19C2701T,20260702,0.19,0.19,0.19,0.19,532600
PTTEP01C2608A,20260702,0.03,0.03,0.03,0.03,100
PTTEP01C2609A,20260702,0.03,0.04,0.03,0.03,2097500
PTTEP01C2611A,20260702,0.2,0.21,0.19,0.19,1540800
PTTEP01C2612A,20260702,0.4,0.4,0.39,0.39,1336100
PTTEP01C2703T,20260702,0.29,0.29,0.29,0.29,72800
PTTEP01P2608A,20260702,0.26,0.26,0.25,0.25,1330100
PTTEP01P2610A,20260702,0.86,0.88,0.85,0.86,546100
PTTEP01P2612A,20260702,0.75,0.76,0.75,0.75,1471000
PTTEP01P2703T,20260702,0.56,0.57,0.56,0.56,611000
PTTEP13C2608A,20260702,0.06,0.06,0.06,0.06,100
PTTEP13C2611A,20260702,0.21,0.21,0.2,0.21,4907400
PTTEP13C2611B,20260702,0.35,0.36,0.35,0.36,2285400
PTTEP13P2609A,20260702,0.58,0.61,0.58,0.59,2215500
PTTEP19C2608A,20260702,0.02,0.02,0.02,0.02,200
PTTEP19C2701T,20260702,0.25,0.25,0.23,0.23,213500
PTTEP41C2609T,20260702,0.55,0.55,0.55,0.55,200
PTTEP41C2611A,20260702,0.19,0.2,0.19,0.19,600000
PTTEP41C2611B,20260702,0.35,0.35,0.33,0.33,1200000
PTTEP41C2703T,20260702,0.23,0.24,0.22,0.23,6400200
PTTGC01C2607A,20260702,0.02,0.02,0.02,0.02,50000
PTTGC01C2609A,20260702,0.06,0.06,0.06,0.06,20300
PTTGC01C2611A,20260702,0.2,0.2,0.18,0.18,5333600
PTTGC01C2704T,20260702,0.21,0.21,0.21,0.21,569200
PTTGC01P2610A,20260702,0.37,0.37,0.37,0.37,2500
PTTGC13C2607A,20260702,0.07,0.07,0.07,0.07,403600
PTTGC13C2608A,20260702,0.09,0.09,0.09,0.09,203200
PTTGC13C2609A,20260702,0.09,0.09,0.08,0.09,3090500
PTTGC13C2611A,20260702,0.25,0.25,0.23,0.24,13748200
PTTGC13C2704T,20260702,0.26,0.26,0.26,0.26,10587500
PTTGC13P2610A,20260702,0.35,0.37,0.35,0.36,3638700
PTTGC13P2611A,20260702,0.29,0.3,0.29,0.29,551900
PTTGC19C2608A,20260702,0.2,0.2,0.18,0.19,2270200
PTTGC19C2609A,20260702,0.1,0.1,0.09,0.1,11514200
PTTGC19C2611A,20260702,0.23,0.23,0.23,0.23,6353800
PTTGC41C2609A,20260702,0.08,0.08,0.07,0.08,966000
PTTGC41C2611A,20260702,0.22,0.22,0.2,0.2,5842600
PTTGC41C2611T,20260702,0.24,0.24,0.23,0.23,600000
PTTGC41C2702T,20260702,0.2,0.2,0.18,0.19,9915000
RCL01C2608A,20260702,0.09,0.09,0.09,0.09,734800
RCL01C2612A,20260702,0.2,0.21,0.2,0.21,2383400
RCL13C2608A,20260702,0.06,0.06,0.06,0.06,5000
RCL13C2610A,20260702,0.23,0.23,0.23,0.23,2815000
RCL19C2609A,20260702,0.11,0.11,0.11,0.11,484800
RCL41C2608T,20260702,0.55,0.55,0.55,0.55,1750000
RCL41C2610A,20260702,0.2,0.2,0.2,0.2,2220000
RCL41C2612T,20260702,0.23,0.23,0.23,0.23,3165000
SAWAD01C2609B,20260702,0.18,0.19,0.17,0.18,7396800
SAWAD01C2611A,20260702,0.46,0.47,0.45,0.47,9982900
SAWAD01P2608A,20260702,0.07,0.07,0.06,0.06,121600
SAWAD01P2611A,20260702,0.41,0.41,0.39,0.39,5630800
SAWAD13C2607A,20260702,0.01,0.01,0.01,0.01,43000
SAWAD13C2607B,20260702,0.01,0.01,0.01,0.01,80800
SAWAD13C2609A,20260702,0.18,0.19,0.17,0.19,18425700
SAWAD13C2610A,20260702,0.43,0.44,0.41,0.44,16635500
SAWAD13P2611A,20260702,0.48,0.48,0.47,0.47,8938700
SAWAD19C2607A,20260702,0.01,0.01,0.01,0.01,30000
SAWAD19C2610A,20260702,0.31,0.32,0.31,0.32,15811500
SAWAD19C2611A,20260702,0.65,0.66,0.62,0.66,3507200
SAWAD41C2607A,20260702,0.01,0.01,0.01,0.01,200
SAWAD41C2609A,20260702,0.16,0.17,0.16,0.17,2277300
SAWAD41C2610A,20260702,0.4,0.41,0.39,0.41,6560000
SAWAD41C2610T,20260702,0.19,0.19,0.19,0.19,2100400
SCB01C2607A,20260702,0.12,0.23,0.12,0.21,3105700
SCB01C2608A,20260702,0.1,0.16,0.1,0.15,10175000
SCB01C2610A,20260702,0.43,0.57,0.43,0.54,17494500
SCB01C2703T,20260702,0.37,0.41,0.37,0.41,4259000
SCB01P2610A,20260702,0.15,0.15,0.14,0.14,18000
SCB01P2612A,20260702,0.58,0.58,0.52,0.53,3557700
SCB13C2607A,20260702,0.01,0.01,0.01,0.01,100
SCB13C2609A,20260702,0.31,0.45,0.31,0.44,67883900
SCB13P2611A,20260702,0.37,0.37,0.31,0.31,18763200
SCB19C2612T,20260702,0.45,0.56,0.45,0.54,8723200
SCB41C2609A,20260702,0.29,0.41,0.29,0.38,8193000
SCB41C2609T,20260702,0.66,0.75,0.66,0.75,25612400
SCC01C2607A,20260702,0.01,0.01,0.01,0.01,4000000
SCC01C2609A,20260702,1.45,1.45,1.39,1.39,248100
SCC01C2609B,20260702,0.52,0.52,0.48,0.48,1008800
SCC01C2610A,20260702,0.46,0.46,0.43,0.43,1022200
SCC01C2704T,20260702,0.49,0.49,0.48,0.48,2679900
SCC01P2610A,20260702,0.2,0.22,0.2,0.21,2684900
SCC13C2609A,20260702,0.24,0.24,0.22,0.22,2353100
SCC13P2609A,20260702,0.09,0.09,0.09,0.09,459200
SCC19C2607A,20260702,0.01,0.01,0.01,0.01,80000
SCC19C2610A,20260702,0.37,0.37,0.35,0.35,1202800
SCC41C2609A,20260702,0.21,0.21,0.2,0.2,480000
SCC41C2611T,20260702,0.29,0.29,0.29,0.29,300000
SCC41C2612T,20260702,0.84,0.84,0.84,0.84,238400
SCGP01C2608A,20260702,1.02,1.02,1.02,1.02,382000
SCGP01C2610A,20260702,0.24,0.24,0.23,0.23,2987400
SCGP01C2706T,20260702,0.52,0.52,0.51,0.51,2660300
SCGP01P2610A,20260702,0.12,0.12,0.12,0.12,2862500
SCGP01P2612A,20260702,0.36,0.37,0.36,0.37,1380500
SCGP13C2607A,20260702,0.83,0.83,0.83,0.83,4500
SCGP13C2609A,20260702,0.21,0.21,0.19,0.2,9703900
SCGP13P2611A,20260702,0.3,0.31,0.3,0.3,1138600
SCGP19C2610A,20260702,0.31,0.31,0.3,0.3,909200
SCGP41C2609A,20260702,0.2,0.2,0.19,0.19,3675000
SCGP41C2609T,20260702,1.18,1.18,1.18,1.18,50000
SCGP41C2706T,20260702,0.33,0.33,0.32,0.32,6862500
SET01C2607A,20260702,1.05,1.25,1.05,1.25,2500
SET01C2607B,20260702,0.01,0.01,0.01,0.01,10000
SET01C2608A,20260702,0.72,0.78,0.72,0.76,16200
SET01C2610A,20260702,0.8,0.85,0.78,0.84,4864000
SET01C2611A,20260702,0.5,0.53,0.49,0.52,375900
SET01C2703T,20260702,0.88,0.91,0.88,0.91,400
SET01C2706L,20260702,2.1,2.12,2.1,2.12,5300
SET01P2607A,20260702,0.01,0.01,0.01,0.01,500
SET01P2607B,20260702,0.01,0.01,0.01,0.01,650400
SET01P2608A,20260702,0.04,0.04,0.04,0.04,631700
SET01P2610A,20260702,0.27,0.27,0.24,0.24,738300
SET01P2611A,20260702,0.52,0.52,0.49,0.5,2915200
SET01P2703T,20260702,0.76,0.76,0.76,0.76,3000
SET01P2706L,20260702,1.25,1.25,1.24,1.24,5100
SET5001C2607A,20260702,0.26,0.39,0.26,0.39,240600
SET5001C2607B,20260702,0.01,0.01,0.01,0.01,200000
SET5001C2608A,20260702,0.54,0.62,0.54,0.62,927100
SET5001C2609F,20260702,0.87,0.96,0.86,0.92,7847000
SET5001C2609G,20260702,0.43,0.47,0.41,0.44,8426200
SET5001P2607B,20260702,0.01,0.01,0.01,0.01,500000
SET5001P2608A,20260702,0.06,0.06,0.06,0.06,14000
SET5001P2609F,20260702,0.2,0.2,0.18,0.18,1714800
SET5001P2609G,20260702,0.36,0.36,0.34,0.34,2752200
SET5001P2609H,20260702,0.64,0.64,0.58,0.6,12357300
SET5001P2610A,20260702,0.4,0.4,0.35,0.35,3762000
SET5013C2609A,20260702,0.88,0.99,0.87,0.95,358190900
SET5013C2609B,20260702,0.62,0.69,0.6,0.65,595807600
SET5013C2609C,20260702,0.42,0.47,0.41,0.44,236735200
SET5013C2609D,20260702,1.39,1.55,1.36,1.48,26285400
SET5013P2609A,20260702,0.17,0.17,0.15,0.15,28057200
SET5013P2609B,20260702,0.23,0.24,0.2,0.21,72328000
SET5013P2609C,20260702,0.35,0.36,0.32,0.32,33894600
SET5013P2609D,20260702,0.53,0.54,0.48,0.49,233851600
SET5013P2609E,20260702,0.7,0.71,0.64,0.65,221727600
SET5013P2609F,20260702,1.05,1.07,0.96,0.99,281169800
SET5013P2609X,20260702,2.2,2.2,2.18,2.2,2013500
SET5019C2609A,20260702,0.63,0.73,0.62,0.68,18229200
SET5019C2609B,20260702,0.49,0.56,0.47,0.53,38194700
SET5019P2609A,20260702,0.41,0.41,0.37,0.38,36366200
SET5019P2609B,20260702,0.27,0.27,0.25,0.25,46085800
SET5019P2609C,20260702,0.41,0.43,0.38,0.39,28403200
SET5019P2609D,20260702,0.62,0.62,0.56,0.57,32859200
SET5019P2609E,20260702,0.62,0.62,0.56,0.57,29119100
SET5041C2609A,20260702,0.86,0.95,0.83,0.92,5497500
SET5041C2609B,20260702,0.59,0.66,0.58,0.63,12141800
SET5041C2609C,20260702,0.4,0.45,0.39,0.43,7361200
SET5041C2609T,20260702,1.31,1.36,1.3,1.33,57200
SET5041P2609A,20260702,0.15,0.15,0.15,0.15,3000
SET5041P2609C,20260702,0.33,0.33,0.3,0.31,9175200
SET5041P2609D,20260702,0.51,0.51,0.46,0.47,38220800
SET5041P2609E,20260702,0.63,0.64,0.58,0.59,25219400
SET5041P2609F,20260702,1.03,1.03,0.95,0.96,3663500
SET5041P2609T,20260702,0.07,0.07,0.06,0.06,289600
SISB13C2611A,20260702,0.41,0.44,0.4,0.44,2146100
SJWD13C2608A,20260702,0.11,0.13,0.11,0.13,2817500
SJWD13C2704T,20260702,0.31,0.32,0.3,0.32,3601900
SJWD19C2703T,20260702,0.35,0.37,0.35,0.37,3536100
SPALI41C2609T,20260702,0.1,0.11,0.1,0.11,20200
SPRC01C2610A,20260702,0.22,0.23,0.22,0.23,2761900
SPRC01C2703T,20260702,0.25,0.25,0.25,0.25,3709600
SPRC13C2607A,20260702,0.01,0.01,0.01,0.01,100
SPRC13C2609A,20260702,0.22,0.24,0.22,0.23,1913900
SPRC13C2704T,20260702,0.3,0.31,0.3,0.31,4612400
SPRC19C2609A,20260702,0.25,0.26,0.24,0.26,9672900
SPRC41C2607A,20260702,0.01,0.01,0.01,0.01,2000
SPRC41C2612T,20260702,0.62,0.63,0.61,0.63,2750000
SPRC41C2706T,20260702,0.32,0.33,0.32,0.33,2400000
SPX41C2609A,20260702,0.61,0.62,0.58,0.59,536500
SPX41P2609A,20260702,0.35,0.35,0.35,0.35,100
STA01C2609A,20260702,0.12,0.12,0.12,0.12,300
STA13C2608A,20260702,0.19,0.19,0.17,0.17,491400
STA13C2608B,20260702,0.07,0.07,0.07,0.07,300
STA13C2610A,20260702,0.12,0.12,0.12,0.12,9000
STA13C2611A,20260702,0.27,0.27,0.26,0.26,623800
STA19C2610A,20260702,0.13,0.13,0.13,0.13,46200
STA19C2612A,20260702,0.45,0.45,0.44,0.44,69300
STA41C2611A,20260702,0.25,0.25,0.24,0.24,960000
STA41C2612T,20260702,0.27,0.27,0.27,0.27,4300
STECON01C2609A,20260702,0.53,0.54,0.53,0.54,190000
STECON01C2611A,20260702,0.42,0.44,0.41,0.42,1641900
STECON01P2611A,20260702,0.59,0.6,0.57,0.59,2063800
STECON13C2609A,20260702,0.62,0.65,0.61,0.65,1474900
STECON13C2610A,20260702,0.42,0.45,0.41,0.42,2990400
STECON13P2611A,20260702,0.53,0.54,0.51,0.52,1226200
STECON19C2611A,20260702,0.48,0.5,0.47,0.48,4077300
STECON41C2610A,20260702,0.39,0.41,0.38,0.39,2423700
STECON41C2706T,20260702,0.23,0.23,0.23,0.23,1200000
STGT01C2608A,20260702,0.15,0.15,0.14,0.15,16000
STGT01C2609A,20260702,0.06,0.07,0.06,0.06,41000
STGT13C2607A,20260702,0.01,0.01,0.01,0.01,47600
STGT13C2610A,20260702,0.08,0.08,0.07,0.08,1065300
STGT13C2611A,20260702,0.18,0.18,0.16,0.17,1088700
STGT19C2609A,20260702,0.15,0.15,0.15,0.15,177300
STGT41C2612T,20260702,0.45,0.46,0.45,0.46,803000
SUNNY41C2610A,20260702,0.17,0.18,0.17,0.18,300
TCAP13C2609A,20260702,0.49,0.57,0.49,0.55,10001200
TENCEN28C2610A,20260702,0.08,0.08,0.08,0.08,200
TENCEN28C2610B,20260702,0.19,0.19,0.17,0.17,1401000
TENCEN28C2612A,20260702,0.43,0.43,0.4,0.4,2600000
TENCEN41C2610A,20260702,0.15,0.15,0.14,0.14,30300
TENCEN41C2612A,20260702,0.44,0.45,0.41,0.41,2400
TENCEN41P2610A,20260702,0.32,0.34,0.31,0.34,3400
TFG13C2608A,20260702,1.41,1.41,1.41,1.41,100
TFG13C2608B,20260702,0.61,0.78,0.61,0.78,1100
TFG13C2609A,20260702,0.39,0.44,0.39,0.44,1040200
TFG13C2610A,20260702,0.17,0.2,0.17,0.19,10086100
TFG19C2610A,20260702,0.16,0.18,0.16,0.18,604900
TFG19C2611A,20260702,0.52,0.54,0.52,0.54,3000
TFG41C2608A,20260702,1.4,1.4,1.4,1.4,100
TFG41C2610A,20260702,0.15,0.16,0.15,0.16,950000
TFG41C2612T,20260702,2.1,2.1,2.1,2.1,100
TFG41C2701T,20260702,0.62,0.63,0.62,0.63,100100
THAI13C2612A,20260702,0.27,0.27,0.26,0.27,25800
THCOM13C2612A,20260702,0.28,0.31,0.28,0.31,5740100
TIDLOR01C2609A,20260702,0.54,0.54,0.52,0.52,183800
TIDLOR01C2610T,20260702,0.18,0.18,0.18,0.18,842100
TIDLOR01C2611A,20260702,0.44,0.44,0.42,0.43,5116800
TIDLOR01C2706T,20260702,0.33,0.33,0.33,0.33,3724700
TIDLOR01P2611A,20260702,0.37,0.38,0.37,0.37,904200
TIDLOR13C2608A,20260702,0.33,0.33,0.32,0.32,1030000
TIDLOR13C2611A,20260702,0.45,0.45,0.42,0.44,9925600
TIDLOR13C2701T,20260702,0.34,0.35,0.33,0.34,1544500
TIDLOR13P2611A,20260702,0.59,0.6,0.59,0.59,1369200
TIDLOR19C2609T,20260702,0.15,0.15,0.15,0.15,2730300
TIDLOR19C2612T,20260702,0.52,0.52,0.5,0.52,2043400
TIDLOR41C2608A,20260702,0.31,0.32,0.31,0.32,900000
TIDLOR41C2612T,20260702,0.23,0.23,0.23,0.23,600000
TISCO13C2609A,20260702,0.15,0.19,0.15,0.18,10426700
TISCO13C2704T,20260702,0.28,0.29,0.28,0.28,1008900
TLI01C2609A,20260702,0.2,0.22,0.2,0.22,1930800
TLI01C2611A,20260702,0.17,0.17,0.17,0.17,446700
TLI13C2609A,20260702,0.21,0.24,0.21,0.24,2019200
TLI41C2609A,20260702,0.21,0.22,0.21,0.22,4200200
TOA01C2702T,20260702,0.31,0.31,0.31,0.31,911200
TOA13C2611A,20260702,0.46,0.5,0.46,0.48,1988400
TOA19C2701T,20260702,0.47,0.49,0.47,0.47,2140500
TOP01C2609A,20260702,0.03,0.03,0.03,0.03,5000
TOP01C2610A,20260702,0.3,0.32,0.3,0.31,1967800
TOP01C2701T,20260702,0.36,0.37,0.36,0.37,2018600
TOP01P2609A,20260702,0.16,0.16,0.15,0.15,2243000
TOP01P2609B,20260702,0.14,0.14,0.13,0.13,2259800
TOP01P2701A,20260702,0.67,0.67,0.65,0.65,1815600
TOP13C2608A,20260702,0.04,0.04,0.04,0.04,100
TOP13C2609A,20260702,0.29,0.3,0.27,0.3,5478300
TOP13C2611A,20260702,0.52,0.53,0.49,0.53,5252600
TOP13P2608A,20260702,0.05,0.05,0.05,0.05,100
TOP13P2612A,20260702,0.52,0.53,0.5,0.51,3279100
TOP19C2608A,20260702,0.11,0.11,0.1,0.11,2413900
TOP19C2612T,20260702,0.78,0.81,0.78,0.81,532900
TOP41C2609A,20260702,0.27,0.27,0.26,0.27,3018400
TOP41C2609T,20260702,1.22,1.22,1.19,1.22,3250000
TOP41C2611A,20260702,0.51,0.52,0.48,0.52,2205000
TOP41C2611T,20260702,0.62,0.62,0.61,0.62,1252000
TOP41C2703T,20260702,0.32,0.32,0.31,0.32,1050000
TRUE01C2607A,20260702,0.02,0.02,0.02,0.02,100
TRUE01C2608A,20260702,0.02,0.03,0.02,0.03,405100
TRUE01C2610A,20260702,0.12,0.12,0.11,0.12,15400
TRUE01C2703T,20260702,0.21,0.21,0.2,0.2,100100
TRUE01P2608A,20260702,0.08,0.08,0.08,0.08,9000
TRUE01P2610A,20260702,0.27,0.27,0.26,0.26,2421600
TRUE13C2607B,20260702,0.01,0.01,0.01,0.01,150000
TRUE13C2608A,20260702,0.03,0.03,0.03,0.03,1000
TRUE13C2610A,20260702,0.13,0.14,0.12,0.13,3604900
TRUE13C2611A,20260702,0.27,0.29,0.26,0.29,5488700
TRUE13P2608A,20260702,0.06,0.06,0.06,0.06,21000
TRUE13P2611A,20260702,0.41,0.42,0.41,0.41,1253600
TRUE19C2610A,20260702,0.13,0.13,0.12,0.13,3988200
TRUE19C2611A,20260702,0.27,0.29,0.27,0.29,2365800
TRUE41C2611A,20260702,0.25,0.27,0.25,0.27,1200000
TRUE41C2612T,20260702,0.21,0.22,0.21,0.22,1253000
TRUE41C2702T,20260702,0.15,0.16,0.15,0.16,560000
TTB01C2608A,20260702,0.09,0.13,0.09,0.13,4809600
TTB01C2612A,20260702,0.15,0.18,0.15,0.17,3678700
TTB13C2607A,20260702,0.03,0.13,0.03,0.13,486400
TTB13C2608A,20260702,0.06,0.09,0.06,0.09,3381700
TTB13C2609A,20260702,0.24,0.28,0.24,0.26,135800
TTB13C2612A,20260702,0.16,0.2,0.16,0.19,3952700
TU01C2612A,20260702,0.18,0.18,0.18,0.18,300200
TU13C2611A,20260702,0.16,0.18,0.16,0.18,5831200
TU13P2608A,20260702,0.03,0.03,0.03,0.03,102400
TU41C2607A,20260702,0.01,0.01,0.01,0.01,144800
VGI01C2609A,20260702,0.11,0.11,0.11,0.11,49900
VGI01C2611A,20260702,0.25,0.25,0.24,0.24,1182600
VGI13C2608B,20260702,0.03,0.03,0.03,0.03,100
VGI13C2609A,20260702,0.15,0.15,0.14,0.14,1471000
VGI13C2610A,20260702,0.15,0.16,0.14,0.15,2612200
VGI13P2611A,20260702,0.35,0.35,0.35,0.35,1684000
VGI19C2607A,20260702,0.01,0.01,0.01,0.01,184100
VGI19C2609A,20260702,0.11,0.11,0.11,0.11,120000
VGI19C2610T,20260702,0.04,0.04,0.04,0.04,5100
VGI41C2610A,20260702,0.14,0.14,0.14,0.14,260000
VN3018P2608A,20260702,0.44,0.44,0.43,0.43,200
WHA01C2608A,20260702,0.38,0.41,0.35,0.35,359400
WHA01C2610T,20260702,0.96,0.99,0.94,0.94,133700
WHA01C2611A,20260702,0.15,0.15,0.15,0.15,792000
WHA01C2705T,20260702,0.35,0.36,0.34,0.34,2355600
WHA01P2611A,20260702,0.2,0.22,0.2,0.21,929000
WHA13C2611A,20260702,0.23,0.24,0.21,0.23,1793300
WHA13P2611A,20260702,0.21,0.22,0.21,0.21,221600
WHA19C2701A,20260702,0.28,0.29,0.27,0.28,7073300
WHA41C2611A,20260702,0.21,0.22,0.2,0.2,2065600
WHA41C2612T,20260702,0.55,0.56,0.55,0.55,1500000
WHAUP01C2612A,20260702,0.22,0.22,0.21,0.21,1018700
WHAUP13C2612A,20260702,0.32,0.32,0.29,0.3,502500
WUXI41C2609A,20260702,0.16,0.16,0.16,0.16,100
XIAOMI28C2609A,20260702,0.04,0.04,0.04,0.04,10000
XIAOMI28C2612A,20260702,0.2,0.21,0.2,0.21,900000
XIAOMI41C2609T,20260702,0.04,0.04,0.04,0.04,50000
XIAOMI41C2612A,20260702,0.46,0.48,0.46,0.47,800
ZIJIN41C2610A,20260702,0.12,0.12,0.11,0.11,337100
ASW-W3-O,20260702,0.88,0.92,0.73,0.92,380
BC-W4-O,20260702,0.03,0.03,0.03,0.03,4
BWG-W7-O,20260702,0.02,0.02,0.02,0.02,461
BWG-W8-O,20260702,0.03,0.03,0.03,0.03,825
CAZ-W1-O,20260702,1.59,1.59,1.5,1.5,148
CHASE-W1-O,20260702,0.17,0.17,0.17,0.17,5
CHAYO-W4-O,20260702,0.01,0.18,0.01,0.18,178
COMAN-W1-O,20260702,0.04,0.04,0.03,0.03,100
DEMCO-W8-O,20260702,0.9,1.8,0.9,1.68,179
EA-W1-O,20260702,0.4,0.64,0.4,0.62,317
ECF-W6-O,20260702,0.01,0.01,0.01,0.01,59
EMPIRE-W1-O,20260702,0.01,0.01,0.01,0.01,16
IROYAL-W2-O,20260702,0.97,0.97,0.85,0.95,102
ITEL-W6-O,20260702,0.19,0.19,0.19,0.19,4
ITTHI-W1-O,20260702,0.84,0.84,0.77,0.77,190
IVF-W1-O,20260702,0.02,0.23,0.02,0.18,4490
JAS-W4-O,20260702,0.18,0.19,0.18,0.18,247
KASET-W1-O,20260702,0.11,0.11,0.11,0.11,29
KGEN-W2-O,20260702,0.03,0.03,0.03,0.03,33
KUN-W4-O,20260702,0.06,0.07,0.06,0.07,23
MGI-W1-O,20260702,0.01,0.07,0.01,0.06,121
MMM-W1-O,20260702,2,2,1.85,1.9,61
NOBLE-W3-O,20260702,0.07,0.09,0.07,0.09,181
ORI-W2-O,20260702,0.22,0.23,0.21,0.22,927
PANEL-W1-O,20260702,0.12,0.12,0.12,0.12,2
PANEL-W2-O,20260702,0.11,0.11,0.11,0.11,1
PLANET-W2-O,20260702,0.04,0.19,0.04,0.19,60
PRG-W4-O,20260702,4.38,4.38,3.72,3.72,15
PRG-W5-O,20260702,4.2,4.2,4.2,4.2,3
PROUD-W3-O,20260702,0.14,0.16,0.14,0.16,2
SAAM-W3-O,20260702,0.13,0.13,0.13,0.13,91
SAAM-W4-O,20260702,0.13,0.13,0.13,0.13,75
SAMTEL-W2-O,20260702,0.3,0.36,0.28,0.28,264
SGC-W2-O,20260702,0.59,0.64,0.57,0.64,26
TCC-W5-O,20260702,0.17,0.17,0.17,0.17,28
TFG-W4-O,20260702,5.95,6,2.96,3.12,205
TGE-W2-O,20260702,0.04,0.04,0.04,0.04,2
TL-W2-O,20260702,0.06,0.06,0.05,0.06,847
TNITY-W2-O,20260702,0.01,0.15,0.01,0.13,78
VIBE-W3-O,20260702,0.04,0.04,0.02,0.04,163
VIBHA-W5-O,20260702,0.05,0.06,0.04,0.05,179
XBIO-W7-O,20260702,0.02,0.02,0.01,0.01,49
XBIO-W8-O,20260702,0.11,0.11,0.11,0.11,17
ZIGA-W2-O,20260702,0.01,0.02,0.01,0.01,231
A5-W5,20260702,0.04,0.04,0.03,0.04,71400
ACC-W2,20260702,0.06,0.07,0.06,0.06,461300
ASW-W3,20260702,0.81,1.08,0.81,0.92,1802600
B-W8,20260702,0.01,0.01,0.01,0.01,500
BC-W4,20260702,0.05,0.05,0.04,0.05,170600
BTS-W8,20260702,0.01,0.01,0.01,0.01,199000
BWG-W7,20260702,0.02,0.03,0.02,0.02,164500
BWG-W8,20260702,0.03,0.04,0.03,0.03,15236400
CAZ-W1,20260702,1.57,1.67,1.49,1.51,14397900
CHASE-W1,20260702,0.16,0.16,0.15,0.16,1326700
CHAYO-W4,20260702,0.21,0.22,0.19,0.19,3751200
CIG-W10,20260702,0.42,0.42,0.42,0.42,100
CIG-W9,20260702,0.01,0.02,0.01,0.02,45200
COMAN-W1,20260702,0.04,0.05,0.04,0.05,117400
CWT-W8,20260702,0.2,0.22,0.19,0.19,23767700
DEMCO-W8,20260702,1.8,1.82,1.66,1.68,343300
EA-W1,20260702,0.65,0.65,0.62,0.64,6599100
ECF-W6,20260702,0.01,0.01,0.01,0.01,12520500
EMPIRE-W1,20260702,0.01,0.02,0.01,0.02,302200
EMPIRE-W2,20260702,0.07,0.07,0.05,0.05,176400
GLORY-W1,20260702,0.31,0.34,0.3,0.3,804800
HYDRO-W2,20260702,0.04,0.05,0.04,0.04,56900
IROYAL-W1,20260702,1.17,1.23,1.1,1.17,145000
IROYAL-W2,20260702,0.76,0.99,0.67,0.76,8728400
ITEL-W6,20260702,0.2,0.21,0.19,0.19,3756300
ITTHI-W1,20260702,0.83,0.87,0.77,0.77,3770300
IVF-W1,20260702,0.16,0.23,0.16,0.2,31263100
J-W4,20260702,0.01,0.01,0.01,0.01,7600
JAS-W4,20260702,0.18,0.19,0.18,0.18,10781300
KASET-W1,20260702,0.12,0.12,0.11,0.11,271900
KGEN-W2,20260702,0.04,0.05,0.04,0.04,13211200
KUN-W3,20260702,0.04,0.04,0.03,0.04,5700
KUN-W4,20260702,0.07,0.07,0.06,0.06,895600
MADAME-W6,20260702,0.09,0.09,0.09,0.09,105000
MGI-W1,20260702,0.07,0.08,0.06,0.06,2201300
MMM-W1,20260702,2.02,2.08,1.9,1.9,1064900
NOBLE-W3,20260702,0.09,0.1,0.08,0.09,10320600
NRF-W2,20260702,0.05,0.05,0.04,0.05,32000
ORI-W2,20260702,0.22,0.25,0.22,0.25,9572500
PANEL-W1,20260702,0.13,0.14,0.12,0.14,2192400
PANEL-W2,20260702,0.14,0.16,0.14,0.16,80900
PLANET-W2,20260702,0.28,0.32,0.24,0.32,19400
PLANET-W3,20260702,0.21,0.21,0.21,0.21,200
PPPM-W6,20260702,0.02,0.02,0.02,0.02,20000
PROEN-W2,20260702,0.09,0.09,0.08,0.09,118200
PROUD-W3,20260702,0.14,0.17,0.14,0.15,4525000
PSTC-W3,20260702,0.03,0.04,0.03,0.03,375100
ROCTEC-W5,20260702,0.01,0.01,0.01,0.01,3400
SAAM-W3,20260702,0.14,0.15,0.13,0.14,408300
SAAM-W4,20260702,0.13,0.16,0.13,0.15,344300
SAMTEL-W2,20260702,0.25,0.39,0.25,0.32,12993400
SGC-W2,20260702,0.56,0.66,0.55,0.59,16749800
SPTX-W8,20260702,0.01,0.01,0.01,0.01,200000
STELLA-W6,20260702,0.03,0.04,0.03,0.04,51400
TAKUNI-W2,20260702,0.35,0.39,0.35,0.36,133300
TBSP-W1,20260702,0.3,0.32,0.3,0.32,200
TCC-W5,20260702,0.16,0.16,0.15,0.16,20700
TFG-W4,20260702,5.9,6.1,5.8,6.1,1315100
TGE-W2,20260702,0.02,0.04,0.02,0.03,7067700
TL-W2,20260702,0.07,0.08,0.06,0.07,2388500
TNITY-W2,20260702,0.12,0.15,0.12,0.14,2758600
TRUBB-W3,20260702,0.5,0.5,0.48,0.48,333200
TVDH-W5,20260702,0.02,0.02,0.01,0.02,21000
TWZ-W9,20260702,0.01,0.01,0.01,0.01,2500
UREKA-W3,20260702,0.25,0.26,0.24,0.25,332400
VIBE-W3,20260702,0.05,0.05,0.05,0.05,308500
VIBHA-W5,20260702,0.06,0.06,0.05,0.06,1346000
WAVE-W4,20260702,0.01,0.01,0.01,0.01,1100
XBIO-W6,20260702,0.02,0.02,0.02,0.02,23900
XBIO-W7,20260702,0.01,0.02,0.01,0.02,18300
XBIO-W8,20260702,0.13,0.13,0.13,0.13,333000
ZIGA-W2,20260702,0.02,0.03,0.02,0.02,3054600
1DIV-O,20260702,13.55,13.59,13.5,13.59,207
2X01BSET50-O,20260702,7.93,7.93,7.93,7.93,1
BMSCITH-O,20260702,12.55,12.57,12.55,12.57,6
BSET100-O,20260702,11.7,11.7,11.64,11.64,41
CHINA-O,20260702,7.83,7.94,7.82,7.82,44
GLD-O,20260702,5.35,5.38,5.35,5.37,347
TDEX-O,20260702,10.24,10.29,10.24,10.29,303
UHERO-O,20260702,8.09,8.09,8.09,8.09,55
1DIV,20260702,13.22,13.6,13.22,13.59,20800
1I01BSET50,20260702,3.59,3.59,3.56,3.56,700
2I01BSET50,20260702,2.57,2.57,2.52,2.53,765200
2X01BSET50,20260702,7.99,8.1,7.99,8.1,277700
BMSCG,20260702,9.12,9.12,9.12,9.12,100
BMSCITH,20260702,12.53,12.6,12.46,12.53,46900
BSET100,20260702,11.64,11.7,11.59,11.68,65100
CHINA,20260702,7.92,7.94,7.75,7.77,100800
GLD,20260702,5.34,5.38,5.31,5.38,3636300
TDEX,20260702,10.19,10.29,10.19,10.26,290100
UBOT,20260702,14.57,14.57,14.57,14.57,600
UHERO,20260702,8.08,8.08,8.08,8.08,1200
2S-O,20260702,3.04,3.04,3.04,3.04,1
3BBIF-O,20260702,6.55,6.55,6.5,6.55,589
88TH-O,20260702,4.34,4.34,4.34,4.34,4
AAI-O,20260702,3.94,3.94,3.84,3.9,213
AAV-O,20260702,1.11,1.11,1.08,1.09,487
ACC-O,20260702,0.34,0.34,0.34,0.34,9
ACE-O,20260702,1.29,1.29,1.28,1.28,104
ACG-O,20260702,0.74,0.76,0.74,0.76,79
ADB-O,20260702,0.65,0.65,0.65,0.65,51
ADVANC-O,20260702,363,370,363,367,5678
ADVICE-O,20260702,6.25,6.25,6.2,6.25,102
AE-O,20260702,0.1,0.1,0.09,0.1,150
AEONTS-O,20260702,101,104.5,101,104,1517
AFC-O,20260702,3.96,3.96,3.96,3.96,11
AGE-O,20260702,1.23,1.23,1.22,1.22,80
AH-O,20260702,14,14,14,14,10
AHC-O,20260702,13.2,13.2,13.1,13.2,17
AI-O,20260702,2.88,2.92,2.86,2.86,106
AIE-O,20260702,1.12,1.14,0.88,1.11,181
AIMIRT-O,20260702,11.4,11.7,11.4,11.4,284
AIT-O,20260702,4.76,4.76,4.72,4.74,40
AJ-O,20260702,2.9,2.9,2.88,2.88,29
AJA-O,20260702,0.12,0.13,0.12,0.12,74
AKP-O,20260702,0.71,0.71,0.71,0.71,10
AKR-O,20260702,0.95,0.95,0.92,0.93,51
AKS-O,20260702,0.01,0.01,0.01,0.01,3572
ALLA-O,20260702,1.17,1.18,1.17,1.17,16
ALLY-O,20260702,4.86,4.98,4.86,4.92,129
ALPHAX-O,20260702,0.27,0.27,0.27,0.27,5
ALT-O,20260702,1.8,1.8,1.77,1.77,17
ALUCON-O,20260702,244,245,242,242,44
AMA-O,20260702,3.84,3.9,2.82,3.9,112
AMANAH-O,20260702,0.72,0.73,0.71,0.72,165
AMARC-O,20260702,3.32,3.34,3.32,3.32,211
AMATA-O,20260702,27.25,27.25,26.5,27,1138
ANAN-O,20260702,0.33,0.33,0.33,0.33,47
AOT-O,20260702,64.75,65,63.75,63.75,3900
AP-O,20260702,7.5,7.65,7.5,7.6,1195
APCO-O,20260702,2.58,2.58,2.5,2.58,86
APCS-O,20260702,1.42,1.42,1.42,1.42,9
APO-O,20260702,2.04,2.04,2.02,2.02,9
APP-O,20260702,2.52,2.7,2.5,2.52,36
AQUA-O,20260702,0.11,0.11,0.1,0.1,111
AS-O,20260702,2.28,2.28,2.28,2.28,32
ASAP-O,20260702,2.04,2.04,2.02,2.02,2
ASEFA-O,20260702,5.4,7,5.4,5.4,57
ASIAN-O,20260702,7.15,7.2,7.05,7.2,122
ASK-O,20260702,10.2,10.2,10.2,10.2,28
ASN-O,20260702,0.84,0.84,0.84,0.84,50
ASP-O,20260702,2.26,2.26,2.24,2.24,21
ASW-O,20260702,6.95,7.25,6.95,7.25,135
ATLAS-O,20260702,1.83,1.83,1.83,1.83,75
ATP30-O,20260702,0.86,0.86,0.86,0.86,8
AU-O,20260702,4.76,4.76,4.74,4.74,33
AUCT-O,20260702,4.14,4.18,4.14,4.18,56
AURA-O,20260702,14.1,14.4,13.9,14.1,135
AWC-O,20260702,2.6,2.68,2.56,2.58,726
AXTRART-O,20260702,12.7,12.9,12.7,12.8,116
AYUD-O,20260702,40.5,40.5,40,40,8
B-O,20260702,0.04,0.04,0.03,0.03,221
B52-O,20260702,0.22,0.22,0.2,0.2,30
BA-O,20260702,18.2,18.8,18.1,18.8,571
BAFS-O,20260702,10.4,10.6,10.4,10.6,56
BAM-O,20260702,6.7,6.85,6.65,6.8,539
BANPU-O,20260702,5.4,5.5,5.4,5.5,746
BAREIT-O,20260702,12,12,11.3,11.3,45
BAY-O,20260702,41.75,44,41.75,43.5,2000
BBGI-O,20260702,4.22,4.24,4.2,4.2,70
BBIK-O,20260702,19.3,19.3,19.2,19.2,146
BBL-O,20260702,181.5,191.5,181.5,190.5,8311
BC-O,20260702,0.61,0.61,0.59,0.59,14
BCH-O,20260702,9.85,10.1,9.85,10.1,831
BCP-O,20260702,34.5,34.5,34.25,34.25,679
BCPG-O,20260702,7.15,7.3,7.1,7.1,698
BCT-O,20260702,49,49,49,49,2
BDMS-O,20260702,19.3,19.8,19.3,19.7,9949
BE8-O,20260702,5.7,5.7,5.6,5.6,10
BEAUTY-O,20260702,0.37,0.37,0.37,0.37,70
BEC-O,20260702,1.46,2.08,1.46,2.06,79
BEM-O,20260702,6.2,6.2,6.15,6.15,885
BEYOND-O,20260702,8.65,8.65,8.65,8.65,10
BGC-O,20260702,7.05,7.05,7.05,7.05,1
BGRIM-O,20260702,17,17.3,16.9,17.1,881
BH-O,20260702,188.5,192,188,190.5,2352
BIG-O,20260702,0.3,0.3,0.3,0.3,1
BIZ-O,20260702,5.75,5.85,5.75,5.75,54
BJC-O,20260702,14.8,14.9,14.7,14.9,699
BJCHI-O,20260702,3.1,3.2,3.04,3.14,667
BKGI-O,20260702,2,2,2,2,2
BKIH-O,20260702,373,373,373,373,2
BLA-O,20260702,25,25.75,24.7,25.5,511
BLAND-O,20260702,0.46,0.46,0.45,0.45,55
BLC-O,20260702,3.88,3.88,3.86,3.86,4
BM-O,20260702,1.18,1.18,1.18,1.18,38
BOL-O,20260702,4.94,4.94,4.92,4.92,26
BPP-O,20260702,11.2,11.3,11.2,11.3,92
BRI-O,20260702,1.24,1.25,0.87,1.25,72
BSM-O,20260702,0.69,0.69,0.68,0.68,159
BTC-O,20260702,0.15,0.16,0.15,0.15,224
BTG-O,20260702,20.7,21.1,20.6,21.1,1007
BTS-O,20260702,2.08,2.12,2.06,2.1,1303
BTSGIF-O,20260702,2.44,2.46,2.42,2.42,181
BTW-O,20260702,0.07,0.07,0.07,0.07,62
BUI-O,20260702,10.7,10.9,10.7,10.8,98
BWG-O,20260702,0.26,0.26,0.26,0.26,61
BYD-O,20260702,0.48,0.49,0.48,0.48,72
CAZ-O,20260702,2.3,2.3,2.24,2.24,110
CBG-O,20260702,47.75,48,47.5,47.75,818
CCET-O,20260702,8.85,8.85,8.75,8.75,1538
CENTEL-O,20260702,37.25,37.25,36,36.5,550
CFARM-O,20260702,0.83,0.83,0.83,0.83,3
CFRESH-O,20260702,1.04,1.04,1.04,1.04,48
CGH-O,20260702,0.58,0.75,0.56,0.57,289
CHAYO-O,20260702,1.15,1.2,1.1,1.14,648
CHEWA-O,20260702,0.16,0.16,0.16,0.16,50
CHG-O,20260702,1.58,1.63,1.58,1.62,747
CHO-O,20260702,0.01,0.03,0.01,0.02,894
CIG-O,20260702,0.03,0.03,0.03,0.03,20
CK-O,20260702,19.4,19.5,19.1,19.3,385
CKP-O,20260702,2.4,2.48,2.4,2.42,93
CMAN-O,20260702,2.78,2.78,2.78,2.78,40
CMC-O,20260702,0.3,0.3,0.3,0.3,31
CMR-O,20260702,1.28,1.55,1.28,1.28,40
CNT-O,20260702,1.63,1.63,1.57,1.57,116
COCOCO-O,20260702,5.95,5.95,5.65,5.65,102
COM7-O,20260702,28.25,28.25,27.5,28.25,567
CPALL-O,20260702,46.75,48.5,46.75,48.25,11867
CPAXT-O,20260702,15,15.3,14.9,15.2,4398
CPF-O,20260702,19.7,20.4,19.6,20.3,4169
CPI-O,20260702,3.48,3.5,3.48,3.48,169
CPN-O,20260702,67.25,67.75,66.25,67.5,921
CPNCG-O,20260702,5.15,5.15,5.15,5.15,183
CPNREIT-O,20260702,13,14.2,12.8,13,851
CPTREIT-O,20260702,6.75,6.75,6.75,6.75,1
CPW-O,20260702,2.38,2.4,2.38,2.4,45
CRC-O,20260702,23.6,24,23.3,23.6,1058
CRD-O,20260702,0.49,0.51,0.49,0.51,13
CREDIT-O,20260702,23,23.5,19.7,22.3,795
CSC-O,20260702,44.25,44.25,44.25,44.25,52
CTARAF-O,20260702,3.3,3.3,3.3,3.3,38
DCC-O,20260702,1.46,1.46,1.45,1.45,55
DELTA-O,20260702,321,324,312,313,37587
DEMCO-O,20260702,3.46,3.5,3.3,3.3,94
DIF-O,20260702,10.2,10.3,10.1,10.2,2236
DITTO-O,20260702,15.4,15.7,14.8,14.9,1016
DMT-O,20260702,12,12.1,11.9,12,419
DOHOME-O,20260702,3.8,3.84,3.66,3.74,1539
DPAINT-O,20260702,0.27,0.27,0.27,0.27,66
DREIT-O,20260702,4.94,4.94,4.92,4.92,3
DRT-O,20260702,5.1,5.15,5.05,5.05,226
DTCENT-O,20260702,0.95,0.96,0.95,0.96,144
DUSIT-O,20260702,11.1,11.4,11.1,11.3,43
EA-O,20260702,2.94,2.96,2.9,2.94,807
EAST-O,20260702,0.73,0.73,0.73,0.73,22
EASTW-O,20260702,4.64,4.66,4.6,4.6,192
ECF-O,20260702,0.08,0.14,0.08,0.08,1077
EFORL-O,20260702,0.13,0.13,0.13,0.13,5
EGATIF-O,20260702,6.15,6.15,6.15,6.15,4
EGCO-O,20260702,120,120.5,119,119,922
EKH-O,20260702,4.98,5,4.98,5,178
EMPIRE-O,20260702,0.2,0.2,0.19,0.2,58
EP-O,20260702,1.09,1.09,1,1,48
EPG-O,20260702,5.7,5.7,5.55,5.65,314
ERW-O,20260702,3.06,3.08,3,3.08,209
ETC-O,20260702,0.68,0.71,0.68,0.71,40
ETL-O,20260702,0.4,0.4,0.4,0.4,1
EVER-O,20260702,0.08,0.08,0.08,0.08,71
FE-O,20260702,160.5,169.5,160.5,169.5,42
FLOYD-O,20260702,1.02,1.02,1.02,1.02,6
FM-O,20260702,4.2,4.26,4.2,4.26,35
FMT-O,20260702,20,20,20,20,2
FN-O,20260702,0.46,0.46,0.46,0.46,14
FNS-O,20260702,0.54,0.54,0.54,0.54,16
FORTH-O,20260702,15.3,15.6,15.2,15.4,530
FPI-O,20260702,1.52,1.52,1.52,1.52,11
FPT-O,20260702,6.55,6.55,6.55,6.55,4
FSMART-O,20260702,7.1,7.1,7.05,7.05,47
FSX-O,20260702,1.24,1.24,1.2,1.2,20
FTE-O,20260702,2.6,2.6,2.6,2.6,70
FTREIT-O,20260702,12,12,11.8,11.9,451
FUTURERT-O,20260702,8.9,8.9,8.9,8.9,5
FVC-O,20260702,0.33,0.33,0.33,0.33,16
GBX-O,20260702,0.63,0.63,0.61,0.61,83
GC-O,20260702,4.88,4.88,4.78,4.78,202
GCAP-O,20260702,0.25,0.26,0.25,0.26,12
GEL-O,20260702,0.03,0.03,0.02,0.02,53
GFPT-O,20260702,8.9,9.2,8.9,9.2,322
GJS-O,20260702,0.13,0.13,0.13,0.13,19
GLOBAL-O,20260702,6.95,7,5.25,6.9,859
GLORY-O,20260702,1.1,1.1,1.05,1.05,13
GPI-O,20260702,1.7,1.7,1.7,1.7,17
GPSC-O,20260702,44.25,45.25,44,44.75,1279
GRAMMY-O,20260702,3,3,2.86,2.94,133
GRAND-O,20260702,0.01,0.02,0.01,0.02,193
GREEN-O,20260702,0.71,0.71,0.69,0.69,100
GROREIT-O,20260702,9.2,9.2,9.2,9.2,2
GTB-O,20260702,0.69,0.69,0.69,0.69,99
GULF-O,20260702,62,63.25,61.5,62.75,10255
GUNKUL-O,20260702,4.26,4.3,4.24,4.28,1217
GVREIT-O,20260702,7.7,7.7,7.7,7.7,11
HANA-O,20260702,37.75,37.75,37.25,37.25,2413
HANN-O,20260702,0.91,0.91,0.89,0.9,162
HARN-O,20260702,2.06,2.08,2.06,2.08,122
HENG-O,20260702,0.92,0.92,0.92,0.92,99
HFT-O,20260702,4.04,4.04,4.04,4.04,9
HMPRO-O,20260702,6.4,6.55,6.35,6.55,1784
HPT-O,20260702,0.1,0.13,0.1,0.12,631
HTC-O,20260702,15.7,15.7,15.7,15.7,92
HUMAN-O,20260702,4.72,4.72,4.66,4.68,57
HYDRO-O,20260702,0.07,0.08,0.06,0.06,196
I2-O,20260702,0.83,0.84,0.83,0.84,55
ICHI-O,20260702,14,14.5,14,14,1613
ICN-O,20260702,2.1,2.1,2.08,2.08,2
IHL-O,20260702,1.36,1.36,1.35,1.35,12
IIG-O,20260702,1.39,1.39,1.39,1.39,71
III-O,20260702,4.3,4.3,4.28,4.28,10
ILINK-O,20260702,5,5,4.9,4.9,176
ILM-O,20260702,12.6,12.7,12.6,12.7,121
INET-O,20260702,4.34,4.34,4.24,4.24,346
INETREIT-O,20260702,12.7,13,12.7,12.8,969
INGRS-O,20260702,0.14,0.14,0.13,0.13,117
INOX-O,20260702,4.16,4.16,4,4,60
INSET-O,20260702,3.86,3.86,3.84,3.86,389
IP-O,20260702,4.46,4.46,4.42,4.44,260
IRC-O,20260702,12,12,12,12,1
IRCP-O,20260702,0.19,0.25,0.19,0.25,57
IRPC-O,20260702,1.82,1.85,1.79,1.84,908
IT-O,20260702,5.75,5.75,5.75,5.75,6
ITC-O,20260702,16.5,16.6,16.3,16.6,180
ITD-O,20260702,0.38,0.38,0.37,0.37,121
ITEL-O,20260702,1.56,1.58,1.49,1.49,149
ITTHI-O,20260702,1.36,1.36,1.33,1.33,102
IVF-O,20260702,0.75,0.75,0.75,0.75,10
IVL-O,20260702,22.5,22.8,22.5,22.7,1222
J-O,20260702,0.71,0.71,0.71,0.71,7
JAS-O,20260702,1.13,1.13,1.11,1.13,547
JCK-O,20260702,0.13,0.13,0.12,0.12,45
JDF-O,20260702,2.52,2.52,2.52,2.52,2
JMART-O,20260702,9.5,9.5,9.35,9.4,266
JMT-O,20260702,11.6,11.7,11.4,11.6,498
JPARK-O,20260702,3.2,3.2,3.2,3.2,1
JSP-O,20260702,1.75,1.75,1.75,1.75,56
JTS-O,20260702,31.5,31.75,31,31,232
K-O,20260702,0.96,0.96,0.96,0.96,1
KAMART-O,20260702,7.75,7.8,7.65,7.8,164
KASET-O,20260702,0.68,0.68,0.68,0.68,9
KBANK-O,20260702,219,232,219,231,15057
KBS-O,20260702,5.8,5.8,5.7,5.8,210
KBSPIF-O,20260702,9.6,9.65,9.6,9.65,189
KC-O,20260702,0.02,0.02,0.02,0.02,2
KCC-O,20260702,3.1,3.1,3.1,3.1,55
KCE-O,20260702,39.75,40,39.25,39.25,2055
KCG-O,20260702,10.4,10.4,9.9,9.9,106
KDH-O,20260702,83,83,80,80,63
KGEN-O,20260702,2.06,2.06,2.06,2.06,47
KGI-O,20260702,4.42,4.44,4.42,4.44,161
KIAT-O,20260702,0.35,0.35,0.34,0.34,11
KKP-O,20260702,99,101.5,99,100.5,8647
KLINIQ-O,20260702,26,26,25.5,26,177
KOOL-O,20260702,0.29,0.3,0.29,0.3,148
KSL-O,20260702,1.57,1.57,1.57,1.57,77
KTB-O,20260702,38.5,40,38.25,39.75,27232
KTBSTMR-O,20260702,6.5,6.6,6.5,6.55,25
KTC-O,20260702,33.5,34.5,33.5,34.5,2042
KUMWEL-O,20260702,1.37,1.37,1.37,1.37,11
KUN-O,20260702,0.63,0.63,0.63,0.63,1
KYE-O,20260702,308,308,307,308,363
LALIN-O,20260702,4.34,4.34,4.28,4.28,24
LANNA-O,20260702,14.5,14.6,14.5,14.6,206
LDC-O,20260702,0.26,0.26,0.26,0.26,1
LEE-O,20260702,2.46,2.46,2.46,2.46,41
LEO-O,20260702,1.85,1.85,1.84,1.84,10
LH-O,20260702,3.76,3.8,3.76,3.8,1552
LHFG-O,20260702,1.17,1.21,1.17,1.19,416
LHHOTEL-O,20260702,13.9,14,13.9,13.9,81
LHRREIT-O,20260702,4.58,4.58,4.58,4.58,29
LHSC-O,20260702,15.1,15.2,15,15.2,363
LIT-O,20260702,0.86,0.89,0.86,0.89,13
LOXLEY-O,20260702,1.4,1.4,1.4,1.4,25
LPN-O,20260702,1.6,1.62,1.6,1.62,52
LTMH-O,20260702,6.55,6.55,6.55,6.55,1
LTS-O,20260702,2.62,2.62,2.62,2.62,13
M-CHAI-O,20260702,18.4,18.4,18.4,18.4,4
M-O,20260702,21.7,22,21.5,21.9,442
MADAME-O,20260702,0.48,0.48,0.43,0.43,88
MAGURO-O,20260702,18.6,18.6,18.5,18.5,149
MAJOR-O,20260702,6.95,6.95,6.95,6.95,28
MALEE-O,20260702,4.06,4.06,4.06,4.06,65
MASTER-O,20260702,8.5,8.65,8.5,8.65,138
MATI-O,20260702,2.88,2.88,2.88,2.88,6
MBK-O,20260702,19.6,19.7,19.5,19.7,218
MC-O,20260702,11.6,11.7,11.5,11.6,220
MCS-O,20260702,7.7,7.75,7.7,7.75,111
MEB-O,20260702,12.3,12.4,12.2,12.3,178
MEDEZE-O,20260702,6.3,6.3,6.3,6.3,1
MEGA-O,20260702,37.25,37.5,37,37.5,190
MENA-O,20260702,0.74,0.74,0.74,0.74,10
META-O,20260702,0.04,0.04,0.04,0.04,22
METCO-O,20260702,294,294,294,294,61
MFC-O,20260702,19.8,19.8,19.3,19.3,20
MGC-O,20260702,6.8,6.85,6.8,6.85,7
MGI-O,20260702,6.05,6.1,5.95,6.1,243
MIDA-O,20260702,0.47,0.47,0.47,0.47,9
MILL-O,20260702,0.01,0.02,0.01,0.02,574
MINT-O,20260702,24.4,24.7,24.2,24.5,1708
MJD-O,20260702,0.3,0.3,0.3,0.3,6
ML-O,20260702,1.58,1.64,1.57,1.64,103
MMM-O,20260702,2.82,2.82,2.8,2.8,51
MODERN-O,20260702,2.1,2.1,2.1,2.1,1
MONO-O,20260702,0.83,0.83,0.79,0.8,431
MOSHI-O,20260702,38.5,45,38,38,234
MRDIYT-O,20260702,9.9,10,9.55,9.9,447
MSC-O,20260702,6.25,6.25,6.25,6.25,20
MTC-O,20260702,31.5,32,31.5,31.75,927
MTI-O,20260702,16,16,16,16,10
MTW-O,20260702,0.76,0.78,0.76,0.78,2
MVP-O,20260702,0.03,0.05,0.03,0.03,127
NAM-O,20260702,3.44,3.44,3.44,3.44,1
NAT-O,20260702,1.86,1.86,1.8,1.8,59
NCAP-O,20260702,2.64,2.64,2.64,2.64,5
NDR-O,20260702,1.83,1.83,1.83,1.83,9
NEO-O,20260702,19.7,20.3,19.7,20.2,278
NEP-O,20260702,0.21,0.21,0.21,0.21,10
NER-O,20260702,4.4,4.42,4.38,4.4,475
NETBAY-O,20260702,10.7,11.7,10.5,11.2,855
NEX-O,20260702,1,1,1,1,12
NKT-O,20260702,3.82,3.82,3.78,3.78,9
NNCL-O,20260702,1.69,1.7,1.69,1.7,61
NOBLE-O,20260702,1.8,1.81,1.76,1.76,141
NRF-O,20260702,0.24,0.24,0.19,0.22,86
NSL-O,20260702,22.5,22.9,22.5,22.9,414
NTF-O,20260702,15.5,15.5,14.7,14.7,215
NTSC-O,20260702,6.25,6.25,6.25,6.25,17
NTV-O,20260702,18.9,18.9,18.8,18.8,70
NUT-O,20260702,4.98,4.98,4.98,4.98,2
NVD-O,20260702,0.68,0.84,0.68,0.84,92
NYT-O,20260702,4.06,4.06,4,4,422
OKJ-O,20260702,3.78,3.78,3.7,3.7,225
ONEE-O,20260702,3.08,3.1,3.04,3.08,469
OR-O,20260702,12.4,12.5,12.3,12.4,1779
ORI-O,20260702,1.72,1.8,1.72,1.8,153
ORN-O,20260702,0.78,0.78,0.78,0.78,60
OSP-O,20260702,17.3,17.5,17.2,17.4,549
PACO-O,20260702,1.43,1.43,1.43,1.43,1
PAF-O,20260702,0.95,0.95,0.95,0.95,3
PATO-O,20260702,6.1,6.1,6.05,6.05,29
PCSGH-O,20260702,3.06,3.06,3.06,3.06,41
PDJ-O,20260702,0.7,0.7,0.7,0.7,40
PEACE-O,20260702,1.54,1.54,1.09,1.09,34
PEER-O,20260702,0.09,0.09,0.09,0.09,9
PF-O,20260702,0.05,0.05,0.04,0.04,113
PHG-O,20260702,10.3,10.3,10,10.2,45
PHOL-O,20260702,3.1,3.1,3.08,3.08,51
PIN-O,20260702,4.3,4.3,4.28,4.28,50
PJW-O,20260702,2,2.04,2,2.04,138
PLANB-O,20260702,4.8,5,4.8,4.82,1438
PLANET-O,20260702,0.73,0.73,0.69,0.69,44
PLAT-O,20260702,1.31,1.31,1.31,1.31,2
PLE-O,20260702,0.1,0.1,0.1,0.1,5
PLT-O,20260702,0.54,0.54,0.54,0.54,39
PLUS-O,20260702,1.3,1.3,1.3,1.3,10
PM-O,20260702,10.9,11,10.9,11,128
PMC-O,20260702,0.91,0.91,0.91,0.91,39
PORT-O,20260702,0.65,0.65,0.64,0.64,8
PPM-O,20260702,2.24,2.28,2.2,2.2,82
PPPM-O,20260702,0.21,0.21,0.2,0.2,65
PPS-O,20260702,0.18,0.18,0.18,0.18,36
PR9-O,20260702,17.8,18.3,17.7,18.3,722
PRAPAT-O,20260702,0.79,0.8,0.79,0.8,35
PRG-O,20260702,9.15,9.15,9.15,9.15,10
PRI-O,20260702,3.32,3.32,3.32,3.32,1
PRIME-O,20260702,0.05,0.07,0.05,0.07,11
PRINC-O,20260702,1.71,1.73,1.71,1.73,75
PRM-O,20260702,8.85,8.95,8.85,8.95,124
PROS-O,20260702,0.15,0.15,0.15,0.15,17
PROSPECT-O,20260702,10.6,10.7,10.5,10.6,228
PROUD-O,20260702,1.06,1.06,1.06,1.06,1
PRTR-O,20260702,3.42,3.42,3.42,3.42,50
PSGC-O,20260702,4.98,4.98,3.52,4.92,323
PSH-O,20260702,3.46,3.48,3.4,3.4,110
PSL-O,20260702,7,7.05,7,7.05,103
PT-O,20260702,11,11.1,11,11,318
PTG-O,20260702,7.4,7.45,7.35,7.4,542
PTL-O,20260702,14.8,14.8,14.7,14.7,1085
PTT-O,20260702,35.75,36,35.25,35.75,9913
PTTEP-O,20260702,130.5,132,130,130.5,7039
PTTGC-O,20260702,33,33.5,32.75,33.25,1110
Q-CON-O,20260702,6.2,6.2,6.2,6.2,2
QDC-O,20260702,0.07,0.07,0.07,0.07,5
QH-O,20260702,1.37,1.38,1.36,1.37,704
QHBREIT-O,20260702,3.88,3.88,3.88,3.88,50
QTCG-O,20260702,0.06,0.06,0.06,0.06,49
RABBIT-O,20260702,0.33,0.36,0.33,0.35,260
RAM-O,20260702,18.1,18.1,18,18,4
RATCH-O,20260702,31.5,31.75,31.25,31.25,674
RBF-O,20260702,5.2,5.2,5.2,5.2,25
RCL-O,20260702,31.75,32,31.5,31.75,619
RJH-O,20260702,13.7,13.8,13.6,13.6,160
ROCTEC-O,20260702,0.68,0.68,0.67,0.67,61
ROJNA-O,20260702,5.6,5.6,5.55,5.6,140
RP-O,20260702,0.75,0.75,0.61,0.61,158
RPH-O,20260702,4.96,4.96,4.96,4.96,13
RS-O,20260702,0.14,0.14,0.13,0.13,50
RSP-O,20260702,0.96,1.22,0.96,0.96,32
S-O,20260702,0.49,0.49,0.49,0.49,197
S&J-O,20260702,32,32,32,32,9
S11-O,20260702,4.08,4.08,4.06,4.06,5
SABINA-O,20260702,15.6,15.7,15.4,15.5,300
SAFE-O,20260702,5.65,5.65,5.65,5.65,5
SAK-O,20260702,3.14,3.14,3.12,3.12,127
SAM-O,20260702,0.08,0.08,0.08,0.08,6
SAMART-O,20260702,5.5,5.6,5.5,5.6,45
SAMTEL-O,20260702,3.1,3.14,3.04,3.04,39
SANKO-O,20260702,1.37,1.57,1.37,1.57,741
SAPPE-O,20260702,33,33.25,33,33,145
SAT-O,20260702,15.8,15.9,15.8,15.9,155
SAUCE-O,20260702,40.5,41,40.5,41,146
SAV-O,20260702,10.9,10.9,10.9,10.9,10
SAWAD-O,20260702,23.3,23.6,23.2,23.5,1152
SC-O,20260702,1.86,1.9,1.86,1.88,500
SCAP-O,20260702,1.71,1.77,1.68,1.68,266
SCB-O,20260702,148.5,153.5,148,153,34623
SCC-O,20260702,242,243,241,241,1188
SCCC-O,20260702,145.5,146,145,145.5,245
SCG-O,20260702,2.86,2.9,2.86,2.9,41
SCGD-O,20260702,5,5.05,5,5.05,106
SCGP-O,20260702,28.75,29,28.5,28.75,390
SCI-O,20260702,0.91,0.91,0.91,0.91,12
SCN-O,20260702,0.42,0.42,0.4,0.4,19
SCP-O,20260702,9,9,8.95,8.95,151
SDC-O,20260702,0.03,0.03,0.03,0.03,20
SE-ED-O,20260702,1.55,1.55,1.55,1.55,10
SE-O,20260702,0.48,0.49,0.36,0.49,165
SEAFCO-O,20260702,3,3,2.9,2.94,182
SEAOIL-O,20260702,3.1,3.1,3.08,3.1,164
SECURE-O,20260702,12.9,12.9,12.9,12.9,66
SELIC-O,20260702,2.42,2.78,1.96,2.76,132
SENA-O,20260702,1.66,1.73,1.66,1.73,51
SENX-O,20260702,0.23,0.23,0.21,0.22,48
SFT-O,20260702,1.41,1.41,1.4,1.4,61
SGC-O,20260702,1.5,1.55,1.45,1.53,253
SGF-O,20260702,0.14,0.14,0.14,0.14,14
SGP-O,20260702,7.95,7.95,7.95,7.95,99
SHR-O,20260702,1.72,1.72,1.7,1.7,7
SICT-O,20260702,2.82,2.82,2.78,2.78,29
SINGER-O,20260702,9.85,9.95,9.8,9.85,135
SINO-O,20260702,1.17,1.17,0.89,0.89,10
SIRI-O,20260702,1.46,1.48,1.45,1.48,1895
SIS-O,20260702,21.6,21.8,21.6,21.8,360
SISB-O,20260702,9.6,9.6,9.55,9.55,54
SJWD-O,20260702,8.25,8.4,8.25,8.4,181
SKE-O,20260702,0.2,0.2,0.2,0.2,20
SKIN-O,20260702,0.88,0.88,0.88,0.88,9
SKY-O,20260702,15.3,15.3,11,15.1,199
SMART-O,20260702,0.55,0.55,0.54,0.54,50
SMD100-O,20260702,1.08,1.1,1.08,1.1,352
SMIT-O,20260702,3.48,3.48,3.48,3.48,141
SNC-O,20260702,7.95,7.95,7.95,7.95,39
SNNP-O,20260702,6.95,6.95,6.9,6.9,12
SOLAR-O,20260702,0.22,0.22,0.22,0.22,9
SORKON-O,20260702,2.48,3.56,2.48,3.56,102
SPA-O,20260702,3.28,3.32,3.28,3.3,98
SPALI-O,20260702,16.2,16.4,16.1,16.4,724
SPC-O,20260702,55.75,55.75,55.5,55.5,57
SPCG-O,20260702,8.85,9.05,8.85,8.95,206
SPRC-O,20260702,7.55,7.6,7.5,7.6,167
SPTX-O,20260702,0.01,0.01,0.01,0.01,60
SPVI-O,20260702,3.1,3.1,3.1,3.1,15
SQ-O,20260702,0.19,0.19,0.19,0.19,219
SRICHA-O,20260702,18.5,18.6,18.5,18.5,17
SRIPANWA-O,20260702,5.05,5.05,5.05,5.05,1
SRS-O,20260702,1.8,1.8,1.8,1.8,32
SSP-O,20260702,3.94,3.98,3.94,3.98,137
SSSC-O,20260702,2.26,2.26,2.2,2.22,66
SSTRT-O,20260702,4.8,4.8,4.8,4.8,5
STA-O,20260702,16.9,17,16.7,16.8,717
STANLY-O,20260702,253,256,252,255,874
STECON-O,20260702,17.9,18.2,17.8,18,550
STGT-O,20260702,10.1,10.2,10,10,299
STPI-O,20260702,5.25,5.55,5.25,5.4,95
SUC-O,20260702,27.25,27.25,27,27.25,91
SUN-O,20260702,2.38,2.38,2.32,2.34,122
SUPER-O,20260702,0.13,0.13,0.13,0.13,4
SUPEREIF-O,20260702,6.1,6.2,6.1,6.2,3
SUSCO-O,20260702,2.22,2.24,2.2,2.24,237
SVT-O,20260702,1.32,1.32,1.32,1.32,13
SYNEX-O,20260702,8.75,8.85,8.75,8.75,35
TACC-O,20260702,6.2,6.2,6.15,6.2,173
TAE-O,20260702,1.42,1.42,1.42,1.42,5
TAN-O,20260702,3.8,3.8,3.8,3.8,5
TASCO-O,20260702,13.6,13.7,13.6,13.7,536
TBN-O,20260702,3.58,3.58,3.58,3.58,6
TBSP-O,20260702,0.61,0.61,0.61,0.61,49
TC-O,20260702,6.25,6.25,6.25,6.25,23
TCAP-O,20260702,67.5,69.25,67,68.75,1376
TCMC-O,20260702,0.29,0.29,0.29,0.29,1
TEAM-O,20260702,4.6,4.6,4.46,4.46,286
TEAMG-O,20260702,3.04,3.04,3,3,82
TEGH-O,20260702,3.12,3.12,3.1,3.1,103
TERA-O,20260702,1.1,1.1,1.1,1.1,1
TFFIF-O,20260702,6.85,6.85,6.8,6.8,103
TFG-O,20260702,10.2,10.4,10,10.4,2028
TFI-O,20260702,0.05,0.05,0.05,0.05,4
TFM-O,20260702,6.6,6.6,6.6,6.6,5
TFMAMA-O,20260702,187,187.5,186,187,99
TGE-O,20260702,1.01,1.01,0.95,0.95,31
TGH-O,20260702,10.3,11.1,10.3,11.1,4
TGPRO-O,20260702,0.01,0.01,0.01,0.01,58
TH-O,20260702,0.47,0.47,0.47,0.47,43
THAI-O,20260702,6.45,6.5,6.3,6.35,2219
THANI-O,20260702,1.76,1.76,1.75,1.75,328
THCOM-O,20260702,11.2,11.5,11.1,11.4,715
THE-O,20260702,0.81,0.81,0.81,0.81,10
THG-O,20260702,7.45,7.5,7.45,7.5,57
THMUI-O,20260702,0.32,0.32,0.32,0.32,2
THRE-O,20260702,0.39,0.39,0.38,0.38,10
THREL-O,20260702,1,1,0.99,0.99,85
TIDLOR-O,20260702,19.2,19.3,19,19.2,901
TIGER-O,20260702,0.61,0.61,0.61,0.61,1
TIPCO-O,20260702,6.05,6.35,6.05,6.05,82
TIPH-O,20260702,22.3,23.6,22.3,23.4,481
TISCO-O,20260702,118.5,121.5,118.5,120,8519
TITLE-O,20260702,8.55,8.8,8.5,8.8,36
TKC-O,20260702,8.4,8.4,8.4,8.4,1
TKN-O,20260702,4.16,4.16,2.94,4.14,132
TKS-O,20260702,7.05,7.15,7.05,7.05,30
TLI-O,20260702,11.6,11.6,11.5,11.5,286
TM-O,20260702,0.93,0.93,0.9,0.9,10
TMAN-O,20260702,10.8,11,10.8,11,47
TMD-O,20260702,26.5,26.5,26.5,26.5,11
TMI-O,20260702,0.46,0.46,0.46,0.46,79
TMT-O,20260702,3.34,3.34,3.34,3.34,3
TMW-O,20260702,58.25,58.5,58,58,426
TNITY-O,20260702,1.71,3.1,1.71,2.1,63
TNP-O,20260702,2.86,2.86,2.82,2.86,165
TNPC-O,20260702,0.9,0.9,0.9,0.9,83
TNR-O,20260702,5.2,6.85,5.2,5.3,3
TOA-O,20260702,14.7,15,14.6,14.6,225
TOG-O,20260702,7.2,7.2,7.15,7.2,35
TOP-O,20260702,49,49.5,49,49.5,1388
TOPP-O,20260702,138,138,138,138,1
TPAC-O,20260702,9,9,9,9,19
TPIPL-O,20260702,0.81,0.81,0.8,0.81,167
TPIPP-O,20260702,1.74,1.77,1.74,1.76,390
TPOLY-O,20260702,0.11,0.11,0.11,0.11,41
TPP-O,20260702,12.5,12.5,12.5,12.5,5
TPRIME-O,20260702,7.75,7.75,7.75,7.75,1
TQM-O,20260702,15,15,14.8,14.8,146
TRC-O,20260702,0.62,0.64,0.53,0.58,156
TRT-O,20260702,12.9,13,12.7,12.7,129
TRUBB-O,20260702,1.06,1.06,0.99,1.06,185
TRUE-O,20260702,12.8,13,12.7,12.9,4882
TSC-O,20260702,14.9,15,14.8,14.8,24
TSE-O,20260702,0.78,0.79,0.78,0.79,96
TSTH-O,20260702,0.89,0.9,0.89,0.9,25
TTA-O,20260702,4.8,4.8,4.72,4.72,58
TTB-O,20260702,2.48,2.58,2.48,2.56,9695
TTLPF-O,20260702,9.45,9.5,9.45,9.45,143
TTT-O,20260702,39.5,39.5,39.5,39.5,3
TTW-O,20260702,9.85,9.95,9.75,9.95,856
TU-O,20260702,11.7,11.8,11.6,11.8,869
TURBO-O,20260702,1.62,1.64,1.57,1.57,236
TVH-O,20260702,7.1,11.2,7.1,11.2,73
TVO-O,20260702,26.5,26.5,26,26.25,465
TVT-O,20260702,0.17,0.17,0.17,0.17,20
TWP-O,20260702,1.14,1.14,0.81,1.12,111
TWZ-O,20260702,0.01,0.01,0.01,0.01,113
UAC-O,20260702,2.5,2.58,2.44,2.58,77
UBA-O,20260702,1.09,1.09,0.98,0.98,69
UBE-O,20260702,0.54,0.55,0.54,0.55,115
UBIS-O,20260702,1.02,1.02,1.02,1.02,15
UKEM-O,20260702,1.08,1.08,1.07,1.07,30
UMS-O,20260702,0.7,0.7,0.6,0.6,10
UPF-O,20260702,20.5,20.5,20.5,20.5,1
UTP-O,20260702,8.05,8.15,8,8.15,129
UVAN-O,20260702,14.5,15,14.5,14.8,472
VCOM-O,20260702,3.94,3.96,3.94,3.96,78
VGI-O,20260702,0.93,0.93,0.92,0.92,468
VIBHA-O,20260702,1.37,1.4,1.37,1.4,157
VIH-O,20260702,8.6,8.6,8.5,8.5,47
VRANDA-O,20260702,4.4,4.4,4.4,4.4,35
WACOAL-O,20260702,15.4,15.6,15.4,15.6,118
WARRIX-O,20260702,1.38,1.38,1.38,1.38,60
WFX-O,20260702,0.96,0.96,0.96,0.96,12
WHA-O,20260702,5.2,5.3,5.15,5.2,2731
WHABT-O,20260702,6,6.1,6,6.05,56
WHAIR-O,20260702,7.75,7.85,7.75,7.8,41
WHART-O,20260702,11,11.1,10.9,11.1,416
WHAUP-O,20260702,7.05,7.15,7,7.1,454
WICE-O,20260702,2.56,2.58,2.52,2.58,75
WIIK-O,20260702,1.16,1.16,1.15,1.15,2
WORK-O,20260702,3.46,3.46,3.4,3.46,56
WP-O,20260702,3.76,3.76,3.4,3.4,115
WPH-O,20260702,5.85,6,5.85,5.9,284
XBIO-O,20260702,0.06,0.06,0.05,0.05,65
XO-O,20260702,19.1,19.2,19,19.2,159
XPG-O,20260702,0.44,0.45,0.44,0.45,114
XYZ-O,20260702,0.28,0.28,0.28,0.28,1
YGG-O,20260702,0.19,0.19,0.18,0.18,43
ZIGA-O,20260702,0.87,0.87,0.87,0.87,5
2S,20260702,3.04,3.06,3.04,3.06,95000
3BBIF,20260702,6.5,6.55,6.5,6.55,2661400
88TH,20260702,4.34,4.38,4.28,4.28,3542000
A5,20260702,1.82,1.82,1.8,1.82,27900
AAI,20260702,3.94,3.94,3.82,3.9,5189200
AAV,20260702,1.1,1.1,1.08,1.08,92588700
ABM,20260702,0.54,0.55,0.5,0.52,135100
ACC,20260702,0.34,0.35,0.33,0.34,2993900
ACE,20260702,1.29,1.29,1.28,1.29,181900
ACG,20260702,0.75,0.76,0.74,0.74,24500
ADB,20260702,0.67,0.67,0.64,0.66,1123900
ADD,20260702,3.06,3.08,3.06,3.06,34500
ADVANC,20260702,365,370,363,368,7384700
ADVICE,20260702,6.2,6.35,6.15,6.35,1928400
AE,20260702,0.09,0.1,0.09,0.1,205700
AEONTS,20260702,101.5,104.5,100.5,104.5,1300300
AF,20260702,0.32,0.42,0.32,0.36,49600
AFC,20260702,4.02,4.02,4,4,1000
AGE,20260702,1.23,1.23,1.22,1.22,229600
AH,20260702,13.9,14,13.8,14,2136800
AHC,20260702,13.1,13.6,13,13.5,12200
AI,20260702,2.86,2.9,2.86,2.88,265200
AIE,20260702,1.12,1.13,1.11,1.11,1266000
AIMCG,20260702,1.43,1.55,1.43,1.5,549400
AIMIRT,20260702,11.4,11.6,11.4,11.6,1295800
AIRA,20260702,0.99,1,0.99,1,17300
AIT,20260702,4.72,4.74,4.7,4.74,683100
AJ,20260702,2.9,2.94,2.86,2.88,1501700
AJA,20260702,0.13,0.14,0.12,0.13,7599400
AKP,20260702,0.7,0.71,0.69,0.69,728600
AKR,20260702,0.91,0.92,0.9,0.91,1157900
AKS,20260702,0.01,0.02,0.01,0.01,12982900
ALLA,20260702,1.16,1.17,1.15,1.15,218300
ALLY,20260702,4.84,5.15,4.84,4.94,2787900
ALPHAX,20260702,0.27,0.27,0.26,0.27,1067800
ALT,20260702,1.77,1.82,1.7,1.74,8466800
ALUCON,20260702,240,245,240,242,300
AMA,20260702,3.86,3.88,3.84,3.86,370200
AMANAH,20260702,0.72,0.73,0.71,0.72,1780700
AMARC,20260702,3.3,3.34,3.3,3.34,552400
AMARIN,20260702,2.2,2.28,2.2,2.2,2700
AMATA,20260702,27,27,26.25,26.5,9495000
AMATAR,20260702,7.35,7.35,7.3,7.35,46500
AMATAV,20260702,2.02,2.02,2,2,13200
AMC,20260702,2.1,2.1,2.08,2.1,21300
AMR,20260702,0.42,0.42,0.4,0.4,602800
ANAN,20260702,0.33,0.34,0.32,0.32,3071100
ANI,20260702,2.84,2.84,2.76,2.8,32000
AOT,20260702,64.75,65,63.5,64,44974500
AP,20260702,7.5,7.65,7.45,7.6,9754400
APCO,20260702,2.58,2.6,2.54,2.6,153400
APCS,20260702,1.41,1.42,1.41,1.42,39600
APO,20260702,2.04,2.04,2,2,388600
APP,20260702,2.48,2.52,2.48,2.52,109000
APURE,20260702,2.02,2.06,2,2.04,98300
AQUA,20260702,0.1,0.1,0.09,0.1,3913500
ARIN,20260702,0.49,0.5,0.48,0.49,303200
ARIP,20260702,0.46,0.48,0.45,0.46,1927900
ARROW,20260702,5.9,5.9,5.8,5.85,42900
AS,20260702,2.3,2.3,2.26,2.28,517300
ASAP,20260702,2.02,2.06,2,2,154100
ASEFA,20260702,5.5,5.5,5.3,5.35,2266800
ASIA,20260702,5.3,5.3,5.3,5.3,400
ASIAN,20260702,7.25,7.3,7.15,7.3,313700
ASIMAR,20260702,1.31,1.31,1.3,1.31,226100
ASK,20260702,10.3,10.3,10.1,10.2,729000
ASN,20260702,0.78,1.07,0.78,0.94,296100
ASP,20260702,2.26,2.28,2.22,2.26,1792000
ASTR,20260702,4.94,4.94,4.9,4.9,20800
ASW,20260702,6.9,7.3,6.9,7.3,563900
ATLAS,20260702,1.82,1.83,1.81,1.82,1347300
ATP30,20260702,0.83,0.84,0.83,0.84,230500
AU,20260702,4.78,4.8,4.74,4.74,400000
AUCT,20260702,4.12,4.22,4.12,4.14,928300
AURA,20260702,14,14.4,13.9,14.1,6268700
AWC,20260702,2.64,2.66,2.54,2.6,87166100
AXTRART,20260702,12.7,12.9,12.7,12.9,1251400
AYUD,20260702,40,40.25,39.75,40,57800
B,20260702,0.03,0.04,0.03,0.03,1409900
B-WORK,20260702,6.4,6.4,6.35,6.4,54300
B52,20260702,0.25,0.27,0.25,0.27,70300
BA,20260702,18.5,18.8,18.4,18.8,4878000
BAFS,20260702,10.3,10.6,10.3,10.5,1015700
BAM,20260702,6.7,6.85,6.65,6.8,26643300
BANPU,20260702,5.4,5.45,5.4,5.45,17210700
BAREIT,20260702,11.4,11.4,11.3,11.4,668700
BAY,20260702,41.75,44,41.75,43.5,5466700
BBGI,20260702,4.24,4.26,4.18,4.22,1696600
BBIK,20260702,19.5,19.7,19.1,19.2,3978900
BBL,20260702,182,191.5,181.5,191,23301900
BC,20260702,0.61,0.62,0.59,0.61,59700
BCH,20260702,9.8,10.1,9.8,10.1,9495300
BCP,20260702,34.5,34.75,34,34.5,5026400
BCPG,20260702,7.2,7.2,7.05,7.1,7944000
BCT,20260702,50,50,50,50,200
BDMS,20260702,19.3,19.8,19.3,19.7,93633900
BE8,20260702,5.75,5.8,5.55,5.7,464000
BEAUTY,20260702,0.36,0.37,0.35,0.36,3108700
BEC,20260702,2.06,2.08,2.04,2.04,263100
BEM,20260702,6.2,6.25,6.15,6.25,13764100
BEYOND,20260702,8.8,8.85,8.7,8.75,10200
BGC,20260702,7.05,7.05,6.95,7,136500
BGRIM,20260702,16.9,17.3,16.9,17.1,25745200
BGT,20260702,0.35,0.38,0.34,0.36,825900
BH,20260702,189,192.5,188,192.5,4476200
BIG,20260702,0.3,0.3,0.29,0.29,283500
BIOTEC,20260702,0.24,0.25,0.24,0.24,2693000
BIS,20260702,2.06,2.06,2,2.02,525000
BIZ,20260702,5.75,5.8,5.7,5.8,252000
BJC,20260702,14.8,15.1,14.6,14.9,11877300
BJCHI,20260702,3.14,3.2,3.02,3.08,120500
BKA,20260702,0.77,0.79,0.76,0.78,1240400
BKD,20260702,1.11,1.11,1.11,1.11,7500
BKGI,20260702,2,2.06,2,2.02,298300
BKIH,20260702,370,373,370,372,5900
BLA,20260702,24.4,25.75,24.4,25.75,4986600
BLAND,20260702,0.46,0.46,0.45,0.46,997400
BLC,20260702,3.9,3.9,3.86,3.9,199100
BLESS,20260702,0.25,0.26,0.25,0.26,134100
BM,20260702,1.19,1.19,1.16,1.18,1803300
BOFFICE,20260702,5.35,5.35,5.3,5.35,153100
BOL,20260702,4.92,4.94,4.9,4.94,247400
BPP,20260702,11.2,11.4,11.1,11.2,22000
BPS,20260702,0.48,0.49,0.47,0.49,6100
BR,20260702,1.99,2,1.97,1.99,192100
BRI,20260702,1.23,1.27,1.22,1.24,925100
BROCK,20260702,1.17,1.17,1.17,1.17,4700
BRR,20260702,3.6,3.6,3.58,3.6,63800
BRRGIF,20260702,3.74,3.76,3.74,3.76,87300
BSBM,20260702,0.56,0.62,0.56,0.59,792000
BSM,20260702,0.74,0.79,0.65,0.78,1240500
BTC,20260702,0.15,0.16,0.15,0.16,8670700
BTG,20260702,20.6,21.2,20.4,21.2,9124500
BTNC,20260702,14.8,14.8,14.7,14.7,400
BTS,20260702,2.08,2.12,2.06,2.12,69104900
BTSGIF,20260702,2.44,2.44,2.42,2.44,2992900
BTW,20260702,0.06,0.07,0.06,0.07,175300
BUI,20260702,10.9,10.9,10.8,10.9,3400
BVG,20260702,1.56,1.58,1.56,1.57,116300
BWG,20260702,0.26,0.26,0.25,0.26,6637800
BYD,20260702,0.49,0.49,0.48,0.48,2309100
CAZ,20260702,2.28,2.36,2.24,2.24,8976200
CBG,20260702,47.75,48.25,47.25,47.75,7171100
CCET,20260702,8.75,8.85,8.7,8.7,25786100
CCP,20260702,0.27,0.27,0.25,0.26,3396100
CEN,20260702,0.57,0.6,0.57,0.6,191300
CENTEL,20260702,36.25,36.5,35.75,36.25,6723400
CEYE,20260702,1.12,1.14,1.11,1.14,13200
CFARM,20260702,0.82,0.84,0.81,0.83,676700
CFRESH,20260702,1.04,1.04,1.03,1.03,248000
CGD,20260702,0.11,0.11,0.1,0.1,692100
CGH,20260702,0.58,0.59,0.54,0.56,9647900
CH,20260702,1.48,1.49,1.48,1.48,10800
CHAO,20260702,4.16,4.22,4.16,4.22,69500
CHASE,20260702,0.48,0.49,0.48,0.48,930200
CHAYO,20260702,1.21,1.22,1.13,1.16,9510700
CHEWA,20260702,0.16,0.17,0.15,0.16,143800
CHG,20260702,1.59,1.62,1.58,1.6,35768400
CHIC,20260702,0.3,0.31,0.3,0.3,45500
CHO,20260702,0.02,0.03,0.02,0.03,5078500
CHOTI,20260702,64.5,65.5,64.5,65.5,1200
CHOW,20260702,1.34,1.34,1.3,1.31,144200
CI,20260702,0.33,0.34,0.33,0.33,127200
CIG,20260702,0.03,0.03,0.03,0.03,21600
CITY,20260702,1.15,1.18,1.14,1.14,18200
CIVIL,20260702,1.12,1.12,1.09,1.1,319700
CK,20260702,19.3,19.5,19.1,19.2,6756000
CKP,20260702,2.42,2.46,2.38,2.44,9648600
CM,20260702,1.55,1.57,1.53,1.55,151400
CMAN,20260702,2.8,2.82,2.7,2.78,446000
CMC,20260702,0.4,0.44,0.39,0.41,1751500
CMO,20260702,0.79,0.81,0.79,0.8,246100
CMR,20260702,1.28,1.28,1.27,1.28,85500
CNT,20260702,1.63,1.63,1.52,1.6,3179800
COCOCO,20260702,5.7,5.75,5.6,5.7,716900
COLOR,20260702,1,1.01,1,1.01,42000
COM7,20260702,28.25,28.25,27.5,28,12401400
COMAN,20260702,0.48,0.5,0.48,0.5,5900
CPALL,20260702,46.75,48.5,46.5,48.5,75218900
CPANEL,20260702,1.2,1.21,1.19,1.19,11200
CPAXT,20260702,14.9,15.3,14.9,15.2,26305900
CPF,20260702,19.7,20.4,19.6,20.3,73279200
CPH,20260702,7.65,7.75,7.65,7.75,3500
CPI,20260702,3.5,3.5,3.44,3.48,255500
CPL,20260702,0.68,0.68,0.66,0.67,189000
CPN,20260702,67.75,67.75,66.25,67.5,10560600
CPNCG,20260702,5.1,5.15,5.1,5.1,1191600
CPNREIT,20260702,12.9,12.9,12.8,12.9,1622100
CPR,20260702,2.54,2.58,2.54,2.54,31500
CPT,20260702,1,1,0.99,1,200100
CPTREIT,20260702,6.55,6.55,6.5,6.55,55400
CPW,20260702,2.38,2.4,2.34,2.4,435200
CRANE,20260702,0.39,0.39,0.38,0.39,416900
CRC,20260702,23.6,23.8,23.2,23.7,9742900
CRD,20260702,0.44,0.55,0.44,0.52,14374800
CREDIT,20260702,22,23.3,21.9,22.3,1211800
CSC,20260702,44,44,44,44,200
CSP,20260702,0.39,0.4,0.39,0.4,157600
CSR,20260702,72.5,72.5,72.5,72.5,100
CSS,20260702,1.02,1.05,1,1,5003500
CTARAF,20260702,4.68,4.68,4.66,4.68,34300
CTW,20260702,7,7.05,6.55,6.65,442400
CWT,20260702,0.98,1.01,0.97,0.98,10984400
D,20260702,2.92,2.94,2.92,2.92,81800
DCC,20260702,1.45,1.46,1.45,1.45,1219500
DCON,20260702,0.19,0.19,0.18,0.19,522900
DDD,20260702,4.78,4.86,4.78,4.78,72000
DELTA,20260702,321,322,311,312,13530600
DEMCO,20260702,3.54,3.54,3.44,3.44,211100
DEXON,20260702,0.85,0.86,0.82,0.85,207700
DHOUSE,20260702,0.35,0.35,0.34,0.34,6300
DIF,20260702,10.2,10.2,10.1,10.1,3887700
DIMET,20260702,0.06,0.07,0.06,0.07,168700
DITTO,20260702,15.4,15.8,14.8,15.1,15292100
DMT,20260702,12,12,11.9,12,269600
DOD,20260702,1.27,1.27,1.16,1.16,807000
DOHOME,20260702,3.76,3.84,3.66,3.74,40005400
DPAINT,20260702,0.26,0.27,0.25,0.26,1125600
DREIT,20260702,4.96,4.96,4.92,4.94,16100
DRT,20260702,5.1,5.1,5,5.05,183600
DTCENT,20260702,0.94,0.95,0.93,0.95,151000
DUSIT,20260702,11.2,11.3,11.1,11.3,154700
EA,20260702,2.94,2.96,2.9,2.94,34584500
EASON,20260702,1.15,1.17,1.12,1.12,488100
EAST,20260702,0.72,0.74,0.72,0.72,448600
EASTW,20260702,4.7,4.74,4.56,4.6,2990000
ECF,20260702,0.1,0.14,0.08,0.12,39716700
EFORL,20260702,0.13,0.13,0.12,0.13,1034200
EGATIF,20260702,6.2,6.2,6.1,6.15,749000
EGCO,20260702,119.5,120.5,118.5,119.5,919000
EKH,20260702,4.98,5.05,4.98,5,430700
EMC,20260702,0.02,0.02,0.01,0.02,50500
EMPIRE,20260702,0.2,0.2,0.17,0.19,9710400
EP,20260702,1.08,1.11,1.07,1.1,360600
EPG,20260702,5.65,5.7,5.55,5.65,21134800
ERW,20260702,3.04,3.08,3.02,3.08,16839300
ESTAR,20260702,0.2,0.21,0.2,0.2,170100
ETC,20260702,0.71,0.71,0.7,0.7,1766900
ETE,20260702,0.56,0.58,0.55,0.56,97400
ETL,20260702,0.38,0.4,0.38,0.39,226000
EURO,20260702,5.4,5.55,5.4,5.55,30100
EVER,20260702,0.07,0.08,0.07,0.07,8972600
FANCY,20260702,0.3,0.32,0.3,0.31,50700
FLOYD,20260702,1.02,1.03,1.02,1.03,62400
FM,20260702,4.2,4.26,4.2,4.26,1853000
FMT,20260702,20.4,20.4,20.4,20.4,400
FN,20260702,0.46,0.46,0.44,0.44,38800
FNS,20260702,0.54,0.55,0.52,0.55,6300
FORTH,20260702,15.6,15.7,15.2,15.4,5074400
FPI,20260702,1.53,1.53,1.5,1.51,103500
FPT,20260702,6.6,6.6,6.55,6.55,51700
FSMART,20260702,7.1,7.15,7,7.1,505500
FSX,20260702,1.2,1.23,1.19,1.19,29100
FTE,20260702,2.62,2.62,2.54,2.6,276900
FTI,20260702,1.82,1.84,1.78,1.84,84300
FTREIT,20260702,11.9,12,11.8,12,1675000
FUTURERT,20260702,8.9,8.9,8.85,8.9,543300
FVC,20260702,0.33,0.33,0.32,0.32,508600
GABLE,20260702,3.92,4.06,3.92,4.06,1719100
GAHREIT,20260702,4,4,3.98,4,51000
GBX,20260702,0.63,0.64,0.61,0.62,626900
GC,20260702,4.82,4.84,4.8,4.8,148700
GCAP,20260702,0.25,0.26,0.25,0.26,382100
GEL,20260702,0.03,0.04,0.03,0.03,6160500
GENCO,20260702,0.33,0.33,0.32,0.33,239300
GFC,20260702,2.32,2.34,2.32,2.34,6400
GFPT,20260702,8.9,9.25,8.85,9.25,4857500
GGC,20260702,3.58,3.62,3.56,3.62,86400
GJS,20260702,0.13,0.14,0.12,0.13,4893800
GLOBAL,20260702,6.9,7,6.8,6.9,17601700
GLORY,20260702,1.07,1.1,1.05,1.05,83300
GPI,20260702,1.71,1.71,1.7,1.71,968900
GPSC,20260702,44.25,45.25,44.25,45,8786500
GRAMMY,20260702,2.94,2.94,2.8,2.94,39400
GRAND,20260702,0.02,0.03,0.02,0.02,1280500
GREEN,20260702,0.71,0.71,0.66,0.69,598500
GROREIT,20260702,9.1,9.25,9.1,9.25,741000
GTB,20260702,0.7,0.7,0.69,0.7,458800
GTV,20260702,0.03,0.03,0.02,0.03,10882700
GULF,20260702,61.75,63.25,61.5,63,65904300
GUNKUL,20260702,4.28,4.32,4.24,4.28,66612400
GVREIT,20260702,7.65,7.7,7.6,7.6,828300
HANA,20260702,37.75,37.75,37,37.25,14282800
HANN,20260702,0.89,0.9,0.88,0.88,857400
HARN,20260702,2.08,2.08,2.04,2.06,204300
HENG,20260702,0.92,0.93,0.91,0.91,1919800
HFT,20260702,4.02,4.04,4,4.02,309800
HL,20260702,5.6,5.6,5.55,5.55,24900
HMPRO,20260702,6.4,6.5,6.3,6.5,43011100
HPF,20260702,6.1,6.1,6.1,6.1,135900
HPT,20260702,0.12,0.13,0.11,0.12,7611500
HTC,20260702,15.6,15.8,15.6,15.7,170300
HTECH,20260702,3.5,3.58,3.5,3.54,998000
HUMAN,20260702,4.6,4.72,4.6,4.72,843900
HYDRO,20260702,0.07,0.08,0.07,0.08,464800
HYDROGEN,20260702,8.35,8.35,8.35,8.35,100
I2,20260702,0.82,0.86,0.81,0.82,1744700
ICHI,20260702,14,14.1,13.9,14,8961800
ICN,20260702,2.08,2.12,2.08,2.08,640800
IDG,20260702,1.27,1.3,1.24,1.24,43200
IFS,20260702,1.84,1.84,1.83,1.84,13400
IHL,20260702,1.35,1.36,1.32,1.36,82000
IIG,20260702,1.4,1.4,1.36,1.38,69800
III,20260702,4.22,4.3,4.22,4.28,258300
ILINK,20260702,5,5,4.92,4.94,652000
ILM,20260702,12.6,12.7,12.5,12.7,347000
IMH,20260702,3.04,3.1,3.02,3.08,54200
IMPACT,20260702,11.5,11.6,11.5,11.5,150100
IND,20260702,0.9,0.91,0.88,0.88,653100
INET,20260702,4.28,4.32,4.24,4.24,2109700
INETREIT,20260702,12.7,12.9,12.6,12.9,1685200
INGRS,20260702,0.14,0.15,0.1,0.11,20085200
INOX,20260702,4.18,4.2,4.14,4.14,12000
INSET,20260702,3.88,3.9,3.8,3.86,8877300
INSURE,20260702,52,52,52,52,100
IP,20260702,4.46,4.5,4.42,4.44,133200
IRC,20260702,11.9,11.9,11.9,11.9,11300
IRCP,20260702,0.26,0.28,0.26,0.27,756900
IROYAL,20260702,4.56,4.58,4.56,4.58,150400
IRPC,20260702,1.82,1.85,1.78,1.83,114415900
ISSARA,20260702,6.6,6.6,6.55,6.6,3900
IT,20260702,5.75,5.8,5.65,5.8,92600
ITC,20260702,16.4,16.7,16.4,16.7,11708900
ITD,20260702,0.38,0.38,0.37,0.38,6867100
ITEL,20260702,1.54,1.57,1.46,1.5,16765400
ITNS,20260702,1.7,1.71,1.7,1.7,111500
ITTHI,20260702,1.37,1.38,1.32,1.33,1119300
IVF,20260702,0.75,0.77,0.71,0.74,4159900
IVL,20260702,22.7,23,22.4,22.7,29135200
J,20260702,0.71,0.72,0.71,0.72,221600
JAK,20260702,0.89,0.92,0.88,0.9,296400
JAS,20260702,1.12,1.13,1.11,1.12,17047700
JCK,20260702,0.13,0.13,0.11,0.13,2751200
JCT,20260702,82.5,82.5,82.5,82.5,800
JDF,20260702,1.94,1.95,1.93,1.95,96600
JMART,20260702,9.45,9.5,9.3,9.4,10274800
JMT,20260702,11.6,11.7,11.4,11.5,11774900
JPARK,20260702,3.2,3.2,3.18,3.2,523500
JR,20260702,1.77,1.77,1.75,1.77,79500
JSP,20260702,1.74,1.77,1.74,1.77,7100
JTS,20260702,31.25,32,31,31,505700
JUBILE,20260702,7.2,7.25,7.2,7.25,25000
K,20260702,0.96,0.97,0.95,0.97,15900
KAMART,20260702,7.7,7.7,7.65,7.65,304300
KASET,20260702,0.69,0.69,0.67,0.67,198500
KBANK,20260702,221,233,221,233,48059500
KBS,20260702,5.85,5.85,5.75,5.8,160400
KBSPIF,20260702,9.6,9.7,9.55,9.65,92100
KC,20260702,0.02,0.02,0.02,0.02,8663900
KCAR,20260702,4.84,4.88,4.84,4.88,38400
KCC,20260702,3.2,3.2,3.06,3.14,682600
KCE,20260702,40.5,40.5,39,39.5,23002900
KCG,20260702,10.3,10.3,9.9,10,800300
KCM,20260702,0.27,0.29,0.27,0.28,296000
KDH,20260702,83.5,83.75,83.25,83.75,2200
KGEN,20260702,2.08,2.1,2.04,2.08,5261600
KGI,20260702,4.42,4.44,4.4,4.44,2997900
KIAT,20260702,0.34,0.35,0.33,0.34,431700
KISS,20260702,3.66,3.74,3.58,3.66,395500
KJL,20260702,6.1,6.15,6,6.1,58800
KK,20260702,1.02,1.04,1.02,1.02,155800
KKP,20260702,98.75,101,98.5,101,15732000
KLINIQ,20260702,26,26.25,25.25,25.5,662000
KOOL,20260702,0.29,0.3,0.29,0.29,876500
KPNREIT,20260702,2,2,1.99,1.99,8200
KSL,20260702,1.58,1.58,1.55,1.56,573500
KTB,20260702,38.25,40,38.25,39.75,125941400
KTBSTMR,20260702,6.4,6.55,6.4,6.55,79500
KTC,20260702,33.5,34.5,33.25,34.5,30804600
KTIS,20260702,1.81,1.85,1.81,1.81,27600
KTMS,20260702,1.29,1.3,1.28,1.3,101300
KUMWEL,20260702,1.94,1.94,1.86,1.89,1039000
KUN,20260702,0.63,0.65,0.59,0.6,852300
KWC,20260702,279,279,279,279,100
KWM,20260702,0.78,0.81,0.77,0.79,338300
KYE,20260702,308,308,307,308,5800
L&E,20260702,1.17,1.22,1.15,1.18,10800
LALIN,20260702,4.28,4.32,4.28,4.32,50400
LANNA,20260702,14.5,14.6,14.5,14.6,228300
LDC,20260702,0.25,0.26,0.25,0.25,847400
LEE,20260702,2.48,2.48,2.48,2.48,9900
LEO,20260702,1.86,1.86,1.83,1.85,72900
LH,20260702,3.76,3.82,3.72,3.8,42821800
LHFG,20260702,1.17,1.21,1.16,1.19,26598400
LHHOTEL,20260702,13.9,14.1,13.9,14,1121400
LHK,20260702,3.46,3.5,3.46,3.46,130200
LHRREIT,20260702,4.36,4.38,4.34,4.36,102200
LHSC,20260702,15.1,15.1,14.9,15.1,290200
LIT,20260702,0.86,0.93,0.85,0.88,1624400
LOXLEY,20260702,1.42,1.44,1.41,1.42,782000
LPH,20260702,3.56,3.58,3.56,3.58,198800
LPN,20260702,1.6,1.62,1.59,1.6,908400
LST,20260702,4.7,4.72,4.7,4.72,290600
LTMH,20260702,6.5,6.65,6.45,6.65,300600
LTS,20260702,2.64,2.68,2.56,2.56,581800
LUXF,20260702,9.05,9.1,9.05,9.1,2000
M,20260702,21.7,22,21.5,21.9,2337700
M-CHAI,20260702,18.4,18.5,18.4,18.4,9400
M-STOR,20260702,7.5,7.7,7.45,7.7,1300
MADAME,20260702,0.49,0.49,0.47,0.49,614200
MAGURO,20260702,18.7,18.7,18.4,18.6,1020700
MAJOR,20260702,6.9,7,6.85,6.95,549900
MALEE,20260702,4.06,4.08,4.04,4.06,267300
MANRIN,20260702,21,21,21,21,800
MASTEC,20260702,2.2,2.26,2.12,2.12,10575600
MASTER,20260702,8.5,8.7,8.4,8.7,823300
MATCH,20260702,0.9,0.91,0.87,0.91,1800
MATI,20260702,2.88,2.88,2.88,2.88,100
MBAX,20260702,1.92,1.92,1.89,1.91,36400
MBK,20260702,19.3,19.8,19.3,19.7,2290800
MC,20260702,11.6,11.6,11.4,11.5,2440400
MCA,20260702,1.31,1.31,1.29,1.29,100400
MCOT,20260702,5,5.1,5,5.1,23000
MCS,20260702,7.65,7.7,7.6,7.65,859700
MDX,20260702,2.54,2.54,2.54,2.54,12400
MEB,20260702,12.3,12.4,12.2,12.4,323600
MEDEZE,20260702,6.3,6.4,6.3,6.4,263700
MEGA,20260702,37.5,37.5,37,37.5,584900
MENA,20260702,0.71,0.73,0.71,0.72,1901600
META,20260702,0.04,0.04,0.03,0.03,3301300
METCO,20260702,294,295,293,294,4200
MFC,20260702,19.6,19.6,19.5,19.6,145300
MFEC,20260702,5.8,5.8,5.75,5.75,207900
MGC,20260702,6.95,6.95,6.75,6.8,2334300
MGI,20260702,6.1,6.1,5.85,6.05,1571100
MGT,20260702,1.82,1.83,1.82,1.82,67100
MICRO,20260702,0.96,0.98,0.96,0.97,679900
MIDA,20260702,0.47,0.47,0.45,0.47,572500
MII,20260702,5.95,5.95,5.95,5.95,29900
MILL,20260702,0.01,0.02,0.01,0.01,14844100
MINT,20260702,24.6,24.7,24.2,24.4,26078300
MITSIB,20260702,0.56,0.56,0.55,0.55,652700
MJD,20260702,0.31,0.31,0.3,0.3,294900
MJLF,20260702,5.65,5.65,5.6,5.65,94800
MK,20260702,0.53,0.56,0.53,0.55,47200
ML,20260702,1.58,1.59,1.56,1.57,1109200
MMM,20260702,2.84,2.88,2.82,2.82,269000
MNIT,20260702,1.93,1.93,1.92,1.93,6000
MNRF,20260702,2.02,2.02,2,2,47400
MODERN,20260702,2.04,2.1,2.04,2.06,85300
MONO,20260702,0.81,0.82,0.79,0.8,5308000
MOONG,20260702,2.3,2.3,2.28,2.3,266300
MORE,20260702,0.05,0.06,0.05,0.05,3318200
MOSHI,20260702,38.5,38.5,37.5,37.75,492200
MOTHER,20260702,1.17,1.19,1.16,1.18,288200
MPJ,20260702,3.56,3.58,3.56,3.56,12100
MRDIYT,20260702,10,10,9.85,9.85,18397600
MSC,20260702,6.15,6.15,5.95,6.05,22600
MST,20260702,7.45,7.45,7.35,7.45,216700
MTC,20260702,31.5,32.25,31.5,32,12358600
MTI,20260702,15.9,16.2,15.9,16.2,19400
MTW,20260702,0.78,0.8,0.77,0.77,159100
MUD,20260702,0.91,0.94,0.82,0.85,33100
MVP,20260702,0.03,0.05,0.03,0.05,3819800
NAM,20260702,3.44,3.46,3.42,3.42,31800
NAT,20260702,1.8,1.89,1.78,1.83,222100
NATION,20260702,0.04,0.04,0.03,0.04,80100
NC,20260702,1.74,1.77,1.74,1.77,5200
NCAP,20260702,2.64,2.72,2.6,2.62,6099800
NCH,20260702,0.43,0.43,0.42,0.42,8800
NCL,20260702,0.2,0.2,0.18,0.19,231300
NCP,20260702,1.07,1.1,1.03,1.09,96300
NDR,20260702,1.84,1.84,1.83,1.83,129300
NEO,20260702,19.6,20.4,19.6,20.4,981900
NEP,20260702,0.19,0.2,0.19,0.2,11600
NER,20260702,4.38,4.44,4.38,4.4,4318100
NETBAY,20260702,10.4,11.7,10.4,11.4,3885600
NEX,20260702,1.01,1.01,1,1.01,3048100
NKI,20260702,15,15,15,15,3600
NKT,20260702,3.8,3.82,3.76,3.76,654200
NL,20260702,0.69,0.71,0.69,0.7,75400
NNCL,20260702,1.7,1.71,1.69,1.7,115900
NOBLE,20260702,1.8,1.82,1.79,1.81,897600
NRF,20260702,0.26,0.26,0.24,0.24,345500
NSL,20260702,22.4,22.9,22.4,22.8,656700
NTF,20260702,15.9,15.9,14.6,14.9,3591800
NTSC,20260702,6.15,6.2,6.15,6.2,23000
NTV,20260702,18.7,18.8,18.6,18.8,22500
NUT,20260702,4.98,4.98,4.94,4.94,116600
NV,20260702,0.58,0.59,0.56,0.58,43400
NVD,20260702,0.69,0.84,0.65,0.84,3096300
NYT,20260702,4.06,4.06,3.96,4,4136800
OGC,20260702,9.05,9.7,9.05,9.7,1200
OKJ,20260702,3.76,3.78,3.7,3.7,1181000
ONEE,20260702,3.04,3.1,3.02,3.04,475100
ONSENS,20260702,1.18,1.19,1.18,1.19,87800
OR,20260702,12.4,12.5,12.4,12.5,15172200
ORI,20260702,1.71,1.83,1.71,1.82,11648700
ORN,20260702,0.78,0.78,0.77,0.77,336400
OSP,20260702,17.4,17.5,17.2,17.4,6571700
PACO,20260702,1.41,1.44,1.41,1.43,742400
PAF,20260702,0.93,0.96,0.92,0.92,670500
PANEL,20260702,1.21,1.23,1.18,1.2,150000
PAP,20260702,2.4,2.4,2.38,2.38,36900
PATO,20260702,6.1,6.15,6,6.15,49600
PB,20260702,47.75,48.25,47.75,48.25,500
PCC,20260702,2.86,2.88,2.84,2.86,640200
PCE,20260702,2.1,2.14,2.08,2.1,2164300
PCSGH,20260702,3.06,3.06,3,3.06,20500
PDG,20260702,3.16,3.2,3.16,3.2,15200
PDJ,20260702,1,1,0.96,0.98,26600
PEACE,20260702,1.5,1.54,1.5,1.54,22700
PEER,20260702,0.1,0.1,0.09,0.1,236900
PERM,20260702,0.25,0.25,0.24,0.24,140200
PF,20260702,0.05,0.05,0.04,0.05,878700
PG,20260702,6.55,6.7,6.55,6.65,1400
PHG,20260702,10.1,10.2,10.1,10.2,8300
PHOL,20260702,3.14,3.14,3.06,3.08,399200
PIMO,20260702,1.11,1.11,1.1,1.1,216500
PIN,20260702,4.3,4.34,4.28,4.32,644700
PIS,20260702,4.16,4.22,4.14,4.22,345500
PJW,20260702,2.04,2.06,2.02,2.02,187400
PK,20260702,0.46,0.47,0.45,0.46,183000
PL,20260702,1.28,1.29,1.28,1.29,26900
PLANB,20260702,4.78,5,4.76,4.88,77865700
PLANET,20260702,0.68,0.73,0.62,0.65,860900
PLAT,20260702,1.3,1.34,1.3,1.31,6813600
PLE,20260702,0.09,0.1,0.09,0.09,1444600
PLT,20260702,0.54,0.54,0.53,0.54,241000
PLUS,20260702,1.37,1.38,1.3,1.32,2133300
PM,20260702,11,11,10.8,10.9,324500
PMC,20260702,0.88,0.91,0.88,0.9,303300
PMTA,20260702,9.6,9.7,9.6,9.6,3000
POLY,20260702,6.8,6.8,6.6,6.8,129700
POPF,20260702,8.3,8.4,8.3,8.4,183300
PORT,20260702,0.62,0.66,0.62,0.62,1182600
PPM,20260702,2.02,2.32,2,2.2,3346000
PPP,20260702,0.75,0.76,0.74,0.76,143600
PPPM,20260702,0.2,0.21,0.2,0.2,14300
PPS,20260702,0.18,0.19,0.18,0.19,50200
PQS,20260702,1.81,1.82,1.79,1.82,160200
PR9,20260702,17.7,18.4,17.7,18.4,6795600
PRAKIT,20260702,10,10.2,10,10.2,2700
PRAPAT,20260702,0.81,0.81,0.8,0.81,483200
PREB,20260702,3.5,3.5,3.46,3.48,20700
PRECHA,20260702,0.38,0.38,0.37,0.38,4900
PRG,20260702,9.1,9.15,9.1,9.15,45500
PRI,20260702,3.28,3.3,3.26,3.3,115700
PRIME,20260702,0.05,0.06,0.05,0.06,849000
PRIN,20260702,1.35,1.35,1.35,1.35,200
PRINC,20260702,1.72,1.74,1.71,1.72,205800
PRM,20260702,8.8,9,8.8,9,2738000
PROEN,20260702,0.91,0.93,0.91,0.93,351500
PROS,20260702,0.16,0.17,0.16,0.17,78400
PROSPECT,20260702,10.5,10.6,10.5,10.6,2159600
PROUD,20260702,1.02,1.08,1,1.04,2151500
PRTR,20260702,3.44,3.44,3.4,3.42,592100
PSGC,20260702,4.96,4.98,4.92,4.92,158600
PSH,20260702,3.46,3.48,3.4,3.44,2417300
PSL,20260702,7,7.1,6.95,7.1,2693100
PSP,20260702,6.45,6.5,6.2,6.3,1008000
PSTC,20260702,0.33,0.33,0.31,0.32,454900
PT,20260702,10.8,11,10.8,11,242400
PTC,20260702,0.59,0.62,0.59,0.6,84300
PTG,20260702,7.4,7.45,7.35,7.4,4139000
PTL,20260702,14.8,14.8,14.7,14.7,1443000
PTT,20260702,35.5,36,35.25,35.75,85002900
PTTEP,20260702,131.5,131.5,129.5,130.5,18580800
PTTGC,20260702,33.75,33.75,32.75,33.25,26516500
PYLON,20260702,3.58,3.6,3.56,3.56,389100
Q-CON,20260702,6.1,6.15,6.1,6.15,37700
QDC,20260702,0.07,0.07,0.06,0.07,581400
QH,20260702,1.35,1.38,1.35,1.38,23729600
QHBREIT,20260702,3.88,3.9,3.86,3.9,811600
QHHRREIT,20260702,8.1,8.15,8.05,8.15,423300
QHOP,20260702,3.22,3.24,3.22,3.24,200
QLT,20260702,1.5,1.5,1.49,1.49,9000
QTC,20260702,4.62,4.64,4.52,4.58,12500
QTCG,20260702,0.08,0.09,0.08,0.08,1584900
RABBIT,20260702,0.35,0.36,0.34,0.35,2622100
RAM,20260702,17.9,18.1,17.8,18.1,39400
RATCH,20260702,31.75,31.75,31.25,31.75,4920100
RBF,20260702,5.25,5.25,5.1,5.2,1622900
RCL,20260702,31.5,31.75,31.25,31.5,2933000
READY,20260702,3.04,3.04,3.02,3.02,43200
RICHY,20260702,0.16,0.16,0.15,0.16,316700
RJH,20260702,13.6,13.8,13.5,13.8,244000
RML,20260702,0.1,0.11,0.1,0.1,208900
ROCK,20260702,9.9,10.8,9.9,10.1,2900
ROCTEC,20260702,0.7,0.7,0.66,0.66,8731200
ROJNA,20260702,5.55,5.6,5.5,5.6,3362400
RP,20260702,0.68,0.77,0.68,0.69,2987200
RPC,20260702,0.35,0.36,0.34,0.35,1083300
RPH,20260702,4.96,4.96,4.92,4.92,223200
RS,20260702,0.14,0.14,0.13,0.14,1625000
RSP,20260702,0.96,0.96,0.93,0.93,41400
RT,20260702,0.3,0.3,0.29,0.3,141500
RWI,20260702,0.16,0.17,0.15,0.16,186900
S,20260702,0.49,0.49,0.48,0.49,1369400
S11,20260702,4.06,4.08,4.04,4.06,84700
SA,20260702,7.1,7.15,7.05,7.15,35400
SAAM,20260702,4.68,4.7,4.64,4.68,41400
SABINA,20260702,15.6,15.7,15.5,15.6,396900
SAF,20260702,0.42,0.42,0.38,0.39,1271200
SAFE,20260702,5.6,5.7,5.6,5.7,50900
SAK,20260702,3.12,3.16,3.12,3.14,1555500
SALEE,20260702,0.58,0.58,0.56,0.56,1165600
SAM,20260702,0.1,0.1,0.08,0.08,5172000
SAMART,20260702,5.5,5.65,5.45,5.6,3649100
SAMCO,20260702,0.82,0.83,0.81,0.81,246100
SAMTEL,20260702,3.08,3.2,3.06,3.14,891000
SANKO,20260702,1.38,1.57,1.37,1.57,30928600
SAPPE,20260702,33,33.25,33,33.25,255500
SAT,20260702,15.8,15.9,15.7,15.8,1038700
SAUCE,20260702,40.5,41,40.25,41,3600
SAV,20260702,10.8,11,10.7,10.9,302600
SAWAD,20260702,23.5,23.7,23.2,23.6,20620400
SC,20260702,1.85,1.89,1.84,1.88,7045000
SCAP,20260702,1.69,1.8,1.67,1.68,24636000
SCB,20260702,148,154,147.5,153.5,68651100
SCC,20260702,244,244,240,241,2898400
SCCC,20260702,146,146,145,145.5,121100
SCG,20260702,2.86,2.9,2.82,2.84,35300
SCGD,20260702,5.05,5.05,5,5,268000
SCGP,20260702,29,29.25,28.5,28.75,6902000
SCI,20260702,0.93,0.94,0.91,0.91,46300
SCL,20260702,1.54,1.56,1.53,1.54,364700
SCM,20260702,0.12,0.13,0.12,0.12,122700
SCN,20260702,0.41,0.42,0.39,0.41,631600
SCP,20260702,9,9.05,8.9,8.9,336800
SDC,20260702,0.02,0.03,0.02,0.02,2093500
SE,20260702,0.49,0.51,0.49,0.49,1234000
SEAFCO,20260702,3.02,3.02,2.9,2.92,1774600
SEAOIL,20260702,3.1,3.1,3.08,3.1,195600
SECURE,20260702,12.8,13.3,12.8,12.9,294200
SEI,20260702,1.64,1.67,1.63,1.65,117400
SELIC,20260702,2.82,2.82,2.78,2.8,78400
SENA,20260702,1.72,1.74,1.71,1.73,704700
SENX,20260702,0.21,0.22,0.21,0.21,309000
SFLEX,20260702,2.96,2.98,2.92,2.92,897700
SFT,20260702,1.41,1.41,1.39,1.4,53100
SGC,20260702,1.5,1.55,1.48,1.53,43448700
SGF,20260702,0.14,0.15,0.14,0.15,1438200
SGP,20260702,7.9,7.95,7.9,7.95,79900
SHANG,20260702,44.25,44.25,44.25,44.25,100
SHR,20260702,1.69,1.71,1.69,1.7,1741900
SIAM,20260702,0.76,0.77,0.74,0.76,25900
SICT,20260702,2.82,2.84,2.76,2.78,547900
SIMAT,20260702,1.28,1.29,1.26,1.26,409400
SINGER,20260702,9.9,10,9.8,9.95,8862800
SINO,20260702,0.9,0.9,0.88,0.9,232500
SIRI,20260702,1.46,1.48,1.44,1.47,78433300
SIS,20260702,21.5,21.9,21.5,21.8,1740100
SISB,20260702,9.6,9.8,9.55,9.75,5003400
SITHAI,20260702,1.02,1.03,1.01,1.03,161700
SJWD,20260702,8.2,8.45,8.15,8.4,6565000
SK,20260702,0.52,0.52,0.51,0.51,203100
SKE,20260702,0.19,0.2,0.19,0.19,140400
SKIN,20260702,0.89,0.9,0.88,0.9,257400
SKN,20260702,5.4,5.4,5.4,5.4,17200
SKR,20260702,8,8.3,7.9,8.3,220900
SKY,20260702,14.9,15.4,14.9,15.1,4284000
SLP,20260702,0.54,0.54,0.53,0.53,85300
SMART,20260702,0.55,0.56,0.54,0.54,974100
SMD100,20260702,1.08,1.09,1.07,1.07,43900
SMIT,20260702,3.48,3.48,3.46,3.48,71400
SMO,20260702,3.76,3.76,3.72,3.74,377800
SMPC,20260702,9.1,9.15,9.1,9.15,230100
SMT,20260702,3.6,3.6,3.54,3.54,619300
SNC,20260702,8.05,8.05,7.9,8,468400
SNNP,20260702,6.9,6.9,6.8,6.9,385500
SNP,20260702,8.9,8.9,8.85,8.85,17100
SNPS,20260702,4.52,4.52,4.48,4.52,49100
SO,20260702,4.66,4.68,4.64,4.64,16400
SOLAR,20260702,0.24,0.24,0.23,0.24,1040600
SONIC,20260702,1.49,1.51,1.49,1.51,65700
SORKON,20260702,3.56,3.58,3.54,3.56,13000
SPA,20260702,3.28,3.34,3.28,3.32,2507900
SPACK,20260702,1.59,1.6,1.52,1.53,423400
SPALI,20260702,16.3,16.4,16.1,16.4,6188700
SPC,20260702,55.5,55.5,55,55.5,12200
SPCG,20260702,8.9,8.95,8.85,8.9,456400
SPG,20260702,11,11,11,11,900
SPI,20260702,32.25,32.5,32.25,32.5,600
SPRC,20260702,7.55,7.65,7.45,7.65,10713300
SPREME,20260702,1.48,1.5,1.48,1.49,46300
SPRIME,20260702,4.12,4.18,4.1,4.18,116000
SPTX,20260702,0.01,0.01,0.01,0.01,651700
SPVI,20260702,3.1,3.12,3.06,3.08,354000
SQ,20260702,0.19,0.19,0.18,0.19,658100
SR,20260702,0.3,0.31,0.3,0.31,189600
SRICHA,20260702,18.6,18.7,18.3,18.4,264400
SRIPANWA,20260702,5.15,5.15,5.05,5.1,13200
SRS,20260702,1.82,1.83,1.74,1.81,87300
SSF,20260702,5.05,5.05,5,5.05,40600
SSP,20260702,3.96,4.04,3.94,4.02,437200
SSSC,20260702,2.2,2.26,2.18,2.2,415500
SST,20260702,0.97,0.97,0.95,0.96,5600
SSTRT,20260702,4.6,4.64,4.6,4.64,30400
STA,20260702,16.9,16.9,16.7,16.7,3201600
STANLY,20260702,253,255,252,255,80000
STARM,20260702,0.91,0.94,0.91,0.94,7500
STC,20260702,0.57,0.58,0.57,0.58,21300
STECH,20260702,1.13,1.14,1.12,1.14,110900
STECON,20260702,18,18.3,17.8,18,11585900
STELLA,20260702,0.25,0.26,0.24,0.25,3339600
STGT,20260702,10.1,10.1,9.95,10.1,3016600
STI,20260702,1.66,1.73,1.66,1.7,122500
STOWER,20260702,0.04,0.04,0.03,0.04,1422700
STP,20260702,11.1,11.3,11,11.3,28900
STPI,20260702,5.3,5.55,5.25,5.45,13900600
STX,20260702,0.84,0.85,0.83,0.84,505900
SUC,20260702,27.25,27.25,27,27.25,150300
SUN,20260702,2.32,2.34,2.3,2.32,327700
SUPER,20260702,0.12,0.13,0.12,0.13,7108800
SUPEREIF,20260702,6.2,6.2,6.2,6.2,1400
SUSCO,20260702,2.22,2.24,2.2,2.2,1684600
SUTHA,20260702,2.74,2.74,2.74,2.74,10200
SVOA,20260702,1.77,1.79,1.75,1.77,323700
SVR,20260702,0.32,0.35,0.31,0.33,1872200
SVT,20260702,1.31,1.33,1.3,1.31,626600
SWC,20260702,4.66,4.68,4.6,4.6,6800
SYMC,20260702,5.1,5.1,4.98,4.98,173800
SYNEX,20260702,8.7,8.85,8.7,8.85,1738100
SYNTEC,20260702,1.64,1.65,1.64,1.64,468100
TACC,20260702,6.2,6.2,6.1,6.15,1797000
TAE,20260702,1.4,1.44,1.4,1.44,1397000
TAKUNI,20260702,0.41,0.43,0.39,0.4,11135900
TAN,20260702,3.8,3.8,3.8,3.8,3300
TASCO,20260702,13.6,13.7,13.5,13.7,3838100
TATG,20260702,0.99,1.03,0.99,1.03,3821100
TBN,20260702,3.52,3.6,3.52,3.6,11300
TBSP,20260702,0.87,0.96,0.87,0.96,200
TC,20260702,6.35,6.45,6.35,6.35,108400
TCAP,20260702,67.25,69.25,67.25,68.75,4877200
TCC,20260702,0.32,0.33,0.32,0.32,15000
TCJ,20260702,2.38,2.38,2.38,2.38,900
TCMC,20260702,0.32,0.33,0.31,0.31,1465200
TEAM,20260702,4.54,4.56,4.42,4.44,1764900
TEAMG,20260702,3.04,3.08,3,3.04,5755000
TEGH,20260702,3.12,3.12,3.06,3.12,395200
TEKA,20260702,1.72,1.73,1.7,1.72,48000
TERA,20260702,1.11,1.11,1.1,1.1,91100
TFFIF,20260702,6.75,6.8,6.75,6.8,3478800
TFG,20260702,10.1,10.4,10,10.4,17126800
TFI,20260702,0.04,0.05,0.04,0.05,50200
TFM,20260702,6.55,6.6,6.55,6.6,339300
TFMAMA,20260702,186.5,187.5,186.5,186.5,4600
TGE,20260702,0.91,1.06,0.91,0.98,3767200
TGPRO,20260702,0.02,0.03,0.02,0.03,2495800
TH,20260702,0.46,0.47,0.45,0.46,520400
THAI,20260702,6.45,6.5,6.25,6.3,92875600
THANA,20260702,1.55,1.55,1.54,1.54,59900
THANI,20260702,1.78,1.78,1.75,1.76,8169600
THCOM,20260702,11,11.5,11,11.4,9305000
THE,20260702,0.81,0.82,0.8,0.8,14400
THG,20260702,7.4,7.85,7.35,7.8,3387100
THIP,20260702,20.7,20.7,20.7,20.7,11000
THMUI,20260702,0.32,0.37,0.3,0.32,2499900
THRE,20260702,0.38,0.38,0.37,0.37,453600
THREL,20260702,1,1,0.99,1,164300
TIDLOR,20260702,19.3,19.3,18.9,19.2,25788900
TIF1,20260702,8,8,8,8,12600
TIGER,20260702,0.54,0.67,0.49,0.49,13377100
TIPCO,20260702,6,6.05,5.95,6,249300
TIPH,20260702,22.2,23.8,22.2,23.5,2061900
TISCO,20260702,118.5,121,118,120.5,7303100
TITLE,20260702,8.55,9.1,8.55,8.85,1896300
TK,20260702,4.1,4.12,4.08,4.12,51800
TKC,20260702,8.5,8.5,8.35,8.4,245600
TKN,20260702,4.18,4.18,4.08,4.12,1964100
TKS,20260702,7.2,7.2,7.05,7.15,126500
TKT,20260702,0.72,0.72,0.71,0.71,116600
TL,20260702,0.43,0.43,0.41,0.41,1153600
TLHPF,20260702,4.64,4.68,4.64,4.68,3000
TLI,20260702,11.3,11.7,11.3,11.6,27358100
TM,20260702,0.93,0.94,0.92,0.92,136000
TMAN,20260702,10.9,10.9,10.8,10.9,77500
TMC,20260702,0.67,0.68,0.67,0.68,32700
TMD,20260702,26.5,26.5,26.5,26.5,300
TMI,20260702,0.46,0.48,0.44,0.45,2382600
TMILL,20260702,2.52,2.56,2.5,2.56,19000
TMT,20260702,3.34,3.36,3.32,3.34,22500
TMW,20260702,58.25,58.25,58,58.25,57700
TNDT,20260702,0.13,0.14,0.13,0.14,200
TNH,20260702,29.5,29.5,29.25,29.25,5200
TNITY,20260702,2.42,2.56,2.42,2.42,545300
TNL,20260702,20,20,19.6,19.9,400
TNP,20260702,2.86,2.86,2.82,2.84,142600
TNPC,20260702,0.9,0.91,0.9,0.91,15700
TNR,20260702,5.3,5.4,5.25,5.35,181200
TOA,20260702,14.7,15.1,14.7,14.8,7403300
TOG,20260702,7.2,7.3,7.15,7.25,155100
TOP,20260702,49.5,49.75,48.75,49.75,10427600
TPAC,20260702,8.8,9.05,8.8,8.95,47000
TPBI,20260702,3.08,3.1,3.06,3.1,19100
TPCH,20260702,1.39,1.4,1.38,1.4,324800
TPCS,20260702,9.9,9.9,9.9,9.9,100
TPIPL,20260702,0.79,0.81,0.78,0.81,19622000
TPIPP,20260702,1.75,1.76,1.75,1.76,1602500
TPL,20260702,0.56,0.56,0.54,0.54,511100
TPLAS,20260702,1.07,1.08,1.05,1.08,214400
TPOLY,20260702,0.09,0.1,0.09,0.1,1312200
TPP,20260702,12.4,12.6,12.4,12.4,10600
TPRIME,20260702,7.75,7.75,7.75,7.75,6000
TPS,20260702,3.24,3.24,3.14,3.2,55500
TQM,20260702,14.8,15,14.6,14.7,673100
TQR,20260702,5.35,5.45,5.35,5.45,34400
TRC,20260702,0.64,0.64,0.61,0.63,1674300
TRITN,20260702,0.03,0.03,0.02,0.02,14400
TRP,20260702,4.2,4.22,4.16,4.18,52700
TRT,20260702,13,13.1,12.6,12.7,1861500
TRU,20260702,3.84,3.84,3.8,3.82,39700
TRUBB,20260702,1.07,1.07,1.05,1.05,1605800
TRUE,20260702,12.7,13,12.7,13,147647700
TRV,20260702,1.47,1.61,1.47,1.61,7200
TSC,20260702,14.8,14.9,14.8,14.9,24900
TSE,20260702,0.78,0.79,0.76,0.76,4421200
TSI,20260702,0.05,0.06,0.05,0.06,518000
TSTH,20260702,0.87,0.92,0.86,0.9,11026200
TTA,20260702,4.72,4.72,4.68,4.7,1278800
TTB,20260702,2.48,2.58,2.46,2.56,415197100
TTLPF,20260702,9.4,9.5,9.4,9.45,75200
TTT,20260702,39.5,40.25,39.25,40,23800
TTW,20260702,9.8,9.9,9.75,9.85,3545000
TU,20260702,11.6,11.8,11.5,11.8,20123600
TU-PF,20260702,1.14,1.14,1.14,1.14,200
TURBO,20260702,1.59,1.65,1.56,1.58,38999800
TURTLE,20260702,3.26,3.26,3.26,3.26,1600
TVDH,20260702,0.05,0.06,0.04,0.05,1887800
TVH,20260702,10.1,10.3,10.1,10.2,33000
TVO,20260702,26,26.25,25.75,25.75,478000
TVT,20260702,0.22,0.23,0.22,0.23,171300
TWP,20260702,1.15,1.15,1.13,1.14,86600
TWPC,20260702,2.86,2.86,2.84,2.86,74300
TWZ,20260702,0.01,0.02,0.01,0.01,2800400
UAC,20260702,2.56,2.58,2.56,2.58,553400
UBA,20260702,1.09,1.1,1.06,1.08,1307200
UBE,20260702,0.54,0.55,0.53,0.54,1585000
UBIS,20260702,1.45,1.45,1.37,1.38,266800
UEC,20260702,0.79,0.8,0.77,0.77,420000
UKEM,20260702,1.11,1.12,1.05,1.05,19278900
UMI,20260702,0.93,0.94,0.92,0.93,104500
UMS,20260702,0.87,0.87,0.58,0.58,12239900
UNIQ,20260702,2.7,2.74,2.7,2.72,119900
UNIX,20260702,1.68,1.7,1.68,1.69,1216500
UP,20260702,23.3,23.3,23.3,23.3,4900
UPF,20260702,21,21,21,21,200
UPOIC,20260702,6.8,6.9,6.8,6.9,900
UREKA,20260702,0.45,0.46,0.44,0.44,8656900
UTP,20260702,8.05,8.15,8,8.1,648800
UV,20260702,0.83,0.84,0.83,0.84,274700
UVAN,20260702,14.7,14.8,14.6,14.7,401300
VARO,20260702,3.98,4,3.94,4,8900
VCOM,20260702,3.92,4,3.9,3.98,344400
VGI,20260702,0.93,0.93,0.91,0.92,80811700
VIBE,20260702,0.34,0.34,0.34,0.34,400
VIBHA,20260702,1.37,1.41,1.36,1.38,2841400
VIH,20260702,8.55,8.55,8.35,8.4,204300
VL,20260702,0.81,0.82,0.8,0.82,415200
VNG,20260702,2.02,2.04,2.02,2.04,293700
VPO,20260702,0.44,0.44,0.43,0.43,629300
VRANDA,20260702,4.4,4.4,4.4,4.4,1600
VS,20260702,0.27,0.3,0.27,0.27,18900
WACOAL,20260702,15.6,15.9,15.6,15.6,3500
WARRIX,20260702,1.37,1.4,1.37,1.37,821200
WASH,20260702,4.08,4.1,4.06,4.08,249200
WAVE,20260702,0.03,0.04,0.03,0.04,1043600
WFX,20260702,0.95,0.96,0.94,0.95,48100
WGE,20260702,0.72,0.73,0.7,0.7,951600
WHA,20260702,5.2,5.3,5.1,5.2,113263300
WHABT,20260702,6.05,6.1,6.05,6.05,103900
WHAIR,20260702,7.75,7.85,7.7,7.8,628500
WHART,20260702,11,11,10.9,11,736500
WHAUP,20260702,7.05,7.1,6.95,7.05,9423000
WICE,20260702,2.54,2.58,2.54,2.54,470100
WIIK,20260702,1.16,1.17,1.13,1.17,4847300
WIN,20260702,0.29,0.3,0.28,0.29,65600
WINDOW,20260702,0.73,0.74,0.72,0.74,294800
WINMED,20260702,0.74,0.76,0.74,0.76,79900
WINNER,20260702,2.12,2.18,2.1,2.18,1205400
WORK,20260702,3.44,3.46,3.44,3.46,222800
WP,20260702,3.76,3.76,3.72,3.74,53500
WPH,20260702,5.8,6,5.8,5.95,501700
XBIO,20260702,0.07,0.07,0.06,0.07,544900
XO,20260702,19.2,19.3,19,19.1,698900
XPG,20260702,0.45,0.45,0.44,0.45,4540700
XYZ,20260702,0.28,0.29,0.28,0.29,99100
YGG,20260702,0.19,0.19,0.17,0.17,670800
YONG,20260702,0.72,0.73,0.71,0.72,69500
YUASA,20260702,14.1,14.3,14,14.2,5200
ZAA,20260702,1.64,1.69,1.63,1.63,32800
ZEN,20260702,5.25,5.25,5.25,5.25,300
ZIGA,20260702,0.87,0.88,0.86,0.86,676900
RABBIT-P,20260702,0.36,0.37,0.35,0.35,219600
VAYU1-O,20260702,11.5,11.5,11.4,11.5,256
VAYU1,20260702,11.5,11.5,11.4,11.4,161200
!AGRO,20260702,321.23,325.05,319.96,324.87,20174090000
!CONSUMP,20260702,44.66,44.89,44.44,44.84,2295680000
!FINCIAL,20260702,176.61,182.89,176.58,182.89,107158820000
!INDUS,20260702,67.76,67.76,67.02,67.4,13359960000
!PROPCON,20260702,80.97,80.97,80.31,80.92,62036060000
!RESOURC,20260702,168.61,170.24,167.56,169.94,56306830000
!SERVICE,20260702,307,308.76,305.11,308.64,103209700000
!TECH,20260702,660.05,661.46,647.12,649.56,37200520000
$AGRI,20260702,199.29,200.24,198.81,199.78,1831530000
$AUTO,20260702,330.03,330.46,328.63,330.01,2095810000
$BANK,20260702,572.08,595.32,572.07,595.26,74234020000
$COMM,20260702,21162.7,21528.8,21067,21507.1,28234110000
$CONMAT,20260702,6098.06,6098.06,6032.58,6057.08,7295480000
$CONS,20260702,45.53,46.07,45.25,45.44,5939280000
$ENERG,20260702,19231.3,19418,19112.1,19382.9,56306830000
$ETRON,20260702,36159.2,36266.9,35058.9,35170.6,7899080000
$FASHION,20260702,488.49,494.58,486.33,490.12,788270000
$FIN,20260702,2135.16,2166.68,2129.82,2156.26,29290920000
$FOOD,20260702,8973.14,9089.65,8932.83,9083.33,18342560000
$HELTH,20260702,4384.91,4473.52,4376.14,4467.63,16155920000
$HOME,20260702,15.77,15.96,15.69,15.84,933150000
$ICT,20260702,224.11,227.29,223.71,226.32,29301440000
$IMM,20260702,23.16,23.19,22.74,22.86,2023400000
$INSUR,20260702,9583.41,9867.66,9583.41,9824.49,3633880000
$MEDIA,20260702,15.81,15.94,15.71,15.85,16729180000
$PAPER,20260702,2264.57,2292.7,2250.5,2278.64,64880000
$PERSON,20260702,76.2,76.52,75.65,76.52,574260000
$PETRO,20260702,624.98,624.98,613.57,620.49,5695410000
$PF&REIT,20260702,142.46,143.14,142.07,143.14,2262680000
$PKG,20260702,3053.3,3071.23,3015.25,3037.32,1332400000
$PROF,20260702,127.59,130.06,126.77,129.58,1353260000
$PROP,20260702,176.74,176.86,174.55,176.86,46538620000
$STEEL,20260702,19.28,19.61,19.27,19.44,2148060000
$TOURISM,20260702,451.79,453.05,445.91,450.06,5542700000
$TRANS,20260702,246.34,247.15,242.62,244.33,35194530000
MAI,20260702,221.37,221.45,220.13,220.59,421054842
SET,20260702,1587.23,1596.33,1583.28,1593.56,10590422583
SET100,20260702,2224.22,2243.59,2220.33,2243.59,3167839300
SET50,20260702,1036.95,1046.72,1035.16,1046.72,2114490100
SETHD,20260702,1404.41,1439.66,1403.79,1439.66,1263020400
ALLY-F,20260702,4.96,4.98,4.96,4.98,59000
DIF-F,20260702,10.3,10.3,10.3,10.3,100
KBANK-F,20260702,230,233,229,233,85700
KKP-F,20260702,83.5,83.5,83.5,83.5,2000
KTB-F,20260702,39.5,40,39.25,39.5,742000
PTT-F,20260702,35.5,35.75,35.25,35.75,2431800
PTTEP-F,20260702,131,131,130,130,137400
PTTGC-F,20260702,33,33.25,33,33,409100
SCB-F,20260702,147.5,147.5,147.5,147.5,1300
TTB-F,20260702,2.52,2.56,2.52,2.54,1558500
TU-F,20260702,11.6,11.7,11.6,11.7,181100
!AGRO-M,20260702,67.75,67.75,66.69,66.93,1063410000
!CONSUMP-M,20260702,11.92,11.92,11.77,11.89,1138220000
!FINCIAL-M,20260702,30.13,30.86,30.1,30.71,1384810000
!INDUS-M,20260702,45.85,46,45.69,45.78,8325670000
!PROPCON-M,20260702,13.77,13.92,13.76,13.76,5898870000
!RESOURC-M,20260702,16.06,16.06,14.51,14.83,3797910000
!SERVICE-M,20260702,42.94,43.02,42.84,42.91,3725910000
!TECH-M,20260702,18.81,19.09,18.81,19.01,1132520000
SET100FF,20260702,2124.37,2149.02,2122.32,2149.02,316783930000
SET50FF,20260702,992.76,1005.32,991.94,1005.32,211449010000
SETCLMV,20260702,744.88,749.31,740.81,749.15,127421170000
SETESG,20260702,943.66,957.43,942.78,957.43,266336940000
SETWB,20260702,632.97,638.8,629.48,638.48,70619390000
SSET,20260702,626.7,630.32,626.11,630.32,34861250000
