<TICKER>,<DTYYYYMMDD>,<OPEN>,<HIGH>,<LOW>,<CLOSE>,<VOL>
1DIV-O,20260429,12.32,12.41,12.32,12.41,110
BMSCITH-O,20260429,12.16,12.16,12.16,12.16,1
BSET100-O,20260429,12.2,12.2,10.77,10.77,66
CHINA-O,20260429,7.35,7.35,7.33,7.33,40
GLD-O,20260429,5.94,6.94,5.94,5.94,952
TDEX-O,20260429,6.7,9.56,6.7,9.55,328
1DIV,20260429,12.29,12.42,12.29,12.41,21600
1I01BSET50,20260429,3.91,3.91,3.9,3.9,26300
2I01BSET50,20260429,3.07,3.07,3.01,3.01,729600
2X01BSET50,20260429,6.92,7.04,6.92,7.04,123800
BMSCG,20260429,8.04,8.18,8.04,8.18,2300
BMSCITH,20260429,11.95,12.21,11.95,12.17,180500
BSET100,20260429,10.85,10.85,10.82,10.82,68300
CHINA,20260429,7.33,7.4,7.33,7.4,92400
GLD,20260429,5.94,5.96,5.93,5.94,2341800
TDEX,20260429,9.46,9.56,9.46,9.54,2058300
UBOT,20260429,14.28,14.28,13.99,13.99,1400
UHERO,20260429,8.19,8.29,8.19,8.29,1100
2S,20260429,2.68,2.72,2.68,2.72,94400
3BBIF,20260429,6.8,6.9,6.75,6.9,19463400
88TH,20260429,4.5,4.54,4.5,4.54,850300
A5,20260429,1.84,1.84,1.83,1.84,5500
AAI,20260429,3.4,3.96,3.4,3.76,38382300
AAV,20260429,1.08,1.08,1.06,1.07,52452500
ABM,20260429,0.5,0.52,0.5,0.5,15000
ACC,20260429,0.43,0.45,0.42,0.44,20008900
ACE,20260429,1.27,1.28,1.26,1.28,6001000
ACG,20260429,0.61,0.66,0.61,0.65,48400
ADB,20260429,0.57,0.58,0.56,0.58,23500
ADD,20260429,3.1,3.12,3.1,3.1,38100
ADVANC,20260429,349,349,346,348,4093200
ADVICE,20260429,5.7,5.9,5.7,5.85,3548200
AE,20260429,0.07,0.08,0.07,0.07,1524000
AEONTS,20260429,92,94.25,91.75,94.25,503500
AF,20260429,0.36,0.36,0.36,0.36,10700
AFC,20260429,3.02,3.12,3,3.1,14400
AGE,20260429,1.19,1.24,1.18,1.23,2074200
AH,20260429,13.3,13.3,13,13.1,407800
AHC,20260429,14,14,13.9,14,4700
AI,20260429,2.94,2.94,2.9,2.9,116900
AIE,20260429,1.12,1.17,1.12,1.15,3890200
AIMCG,20260429,1.37,1.38,1.37,1.37,122800
AIMIRT,20260429,11.4,11.6,11.3,11.4,539300
AIRA,20260429,1.11,1.11,1.11,1.11,3000
AIT,20260429,4.72,4.74,4.7,4.7,228900
AJ,20260429,2.82,2.88,2.76,2.8,12943400
AJA,20260429,0.15,0.16,0.15,0.15,360800
AKP,20260429,0.7,0.71,0.7,0.71,729200
AKR,20260429,0.94,0.94,0.93,0.93,3106900
ALLA,20260429,1.24,1.25,1.24,1.25,794600
ALLY,20260429,4.54,4.64,4.54,4.62,787900
ALPHAX,20260429,0.36,0.37,0.36,0.36,964600
ALT,20260429,1.2,1.32,1.2,1.23,10475400
ALUCON,20260429,245,245,240,240,4300
AMA,20260429,3.86,3.9,3.84,3.88,165900
AMANAH,20260429,0.63,0.64,0.62,0.64,455300
AMARC,20260429,4.14,4.3,4,4.04,6398900
AMARIN,20260429,2.78,2.94,2.74,2.94,4600
AMATA,20260429,20.1,21.1,19.8,21,37899500
AMATAR,20260429,6.8,6.8,6.75,6.8,59000
AMATAV,20260429,1.94,1.95,1.93,1.94,34400
AMC,20260429,2.3,2.34,2.3,2.34,9400
AMR,20260429,0.33,0.33,0.3,0.32,689000
ANAN,20260429,0.35,0.36,0.35,0.35,507300
ANI,20260429,2.56,2.56,2.48,2.56,26200
AOT,20260429,51.5,51.75,50.5,51,56158900
AP,20260429,8.45,8.65,8.45,8.6,12999600
APCO,20260429,2.66,2.66,2.62,2.66,41600
APCS,20260429,1.46,1.5,1.45,1.5,68100
APO,20260429,2.1,2.18,2.1,2.16,337000
APP,20260429,2.82,2.86,2.8,2.84,647100
APURE,20260429,2.12,2.12,2.1,2.12,115600
AQUA,20260429,0.11,0.12,0.11,0.12,923600
ARIN,20260429,0.5,0.52,0.5,0.51,947900
ARIP,20260429,0.44,0.45,0.43,0.43,806000
ARROW,20260429,5.3,5.35,5.3,5.3,6100
AS,20260429,2.72,2.76,2.68,2.7,1129400
ASAP,20260429,1.19,1.25,1.19,1.23,27200
ASEFA,20260429,4.2,4.24,4.18,4.24,330800
ASIA,20260429,5.4,5.4,5.4,5.4,1500
ASIAN,20260429,7,7.3,6.95,7.15,2275200
ASIMAR,20260429,1.44,1.46,1.42,1.43,121600
ASK,20260429,9.1,9.35,9.1,9.35,966600
ASN,20260429,0.69,0.69,0.69,0.69,100
ASP,20260429,2.04,2.08,2.04,2.06,1286000
ASW,20260429,7.4,7.65,7.4,7.55,550100
ATLAS,20260429,1.88,1.94,1.88,1.92,9691800
ATP30,20260429,0.81,0.81,0.8,0.8,387900
AU,20260429,4.7,4.7,4.68,4.7,160100
AUCT,20260429,4.94,4.94,4.9,4.94,415100
AURA,20260429,14.3,15,14,14.9,5875200
AWC,20260429,2.08,2.12,2.06,2.1,32856700
AXTRART,20260429,13,13.3,13,13.1,1444200
AYUD,20260429,38.75,38.75,38.25,38.5,7300
B,20260429,0.03,0.04,0.03,0.03,1889800
B-WORK,20260429,5.8,5.95,5.75,5.95,323300
B52,20260429,0.22,0.24,0.22,0.24,18800
BA,20260429,13.2,13.6,13.2,13.5,3861800
BAFS,20260429,8.45,8.5,8.4,8.4,166400
BAM,20260429,7.15,7.45,7.15,7.35,35739700
BANPU,20260429,5.55,5.8,5.55,5.75,50108400
BAREIT,20260429,10.6,10.8,10.6,10.7,229800
BAY,20260429,28,28,27.75,28,1472800
BBGI,20260429,3.9,4.04,3.88,4.04,781200
BBIK,20260429,18,18.4,17.9,18.2,468400
BBL,20260429,162.5,164,162.5,163.5,6401300
BC,20260429,0.67,0.81,0.67,0.81,2329500
BCH,20260429,9.3,9.4,9.25,9.4,11054600
BCP,20260429,36,36.75,36,36,4681600
BCPG,20260429,7,7.1,6.9,7,13829200
BCT,20260429,48,48,46.25,48,1800
BDMS,20260429,18.2,18.4,18.1,18.4,51356400
BE8,20260429,5.4,5.5,5.3,5.4,450800
BEAUTY,20260429,0.36,0.38,0.35,0.35,11509200
BEC,20260429,1.88,1.89,1.86,1.88,2367200
BEM,20260429,5.25,5.3,5.25,5.25,4982500
BEYOND,20260429,8.3,8.6,8.3,8.3,3800
BGC,20260429,5.65,5.75,5.65,5.75,174400
BGRIM,20260429,12.6,13.4,12.6,13.2,27138300
BGT,20260429,0.37,0.38,0.37,0.38,28000
BH,20260429,170,178,169.5,178,7592400
BIG,20260429,0.28,0.29,0.28,0.29,333000
BIOTEC,20260429,0.26,0.28,0.26,0.27,4133900
BIS,20260429,1.96,2.18,1.96,2.1,41900
BIZ,20260429,4.68,4.72,4.68,4.7,124100
BJC,20260429,13.9,14.3,13.7,14.2,5501700
BJCHI,20260429,0.69,0.73,0.69,0.71,315300
BKA,20260429,0.72,0.72,0.7,0.71,427100
BKD,20260429,1.06,1.07,1.06,1.07,2900
BKGI,20260429,1.46,1.46,1.42,1.43,372400
BKIH,20260429,323,326,323,325,10700
BLA,20260429,20.3,20.5,20.1,20.3,720400
BLAND,20260429,0.44,0.44,0.43,0.44,1039500
BLC,20260429,3.88,4.02,3.88,3.88,739300
BLESS,20260429,0.24,0.26,0.24,0.25,176400
BM,20260429,0.99,1,0.99,1,122800
BOFFICE,20260429,5.5,5.55,5.5,5.55,213600
BOL,20260429,4.96,5,4.96,4.96,31800
BPP,20260429,11.4,11.7,11.4,11.6,167600
BPS,20260429,0.53,0.53,0.49,0.51,513700
BR,20260429,1.64,1.65,1.64,1.65,77700
BRI,20260429,1.28,1.3,1.27,1.29,208000
BRR,20260429,3.68,3.76,3.68,3.72,120300
BRRGIF,20260429,3.76,3.78,3.74,3.78,46300
BSBM,20260429,0.59,0.6,0.58,0.58,236800
BSM,20260429,0.33,0.34,0.33,0.34,7900
BTC,20260429,0.18,0.18,0.17,0.18,2250200
BTG,20260429,22.1,23,21.8,22.8,6718400
BTNC,20260429,15.7,15.7,15.6,15.6,200
BTS,20260429,2.08,2.1,2.06,2.1,14669700
BTSGIF,20260429,2.58,2.6,2.58,2.6,1463300
BTW,20260429,0.08,0.09,0.08,0.09,308400
BUI,20260429,11,11.1,11,11.1,1700
BVG,20260429,1.62,1.64,1.59,1.6,50700
BWG,20260429,0.28,0.29,0.28,0.29,33442400
BYD,20260429,0.5,0.51,0.5,0.5,1918900
CAZ,20260429,1.45,1.46,1.45,1.46,24900
CBG,20260429,35.75,37,35.5,36.5,2480100
CCET,20260429,6.1,6.2,6.05,6.15,48534000
CCP,20260429,0.27,0.27,0.26,0.26,746500
CEN,20260429,0.65,0.67,0.64,0.66,545000
CENTEL,20260429,31,31.5,31,31.25,3000300
CEYE,20260429,1.19,1.19,1.16,1.19,2900
CFARM,20260429,0.74,0.81,0.74,0.8,5774000
CFRESH,20260429,0.76,0.8,0.75,0.77,3028000
CGD,20260429,0.11,0.11,0.11,0.11,33300
CGH,20260429,0.44,0.46,0.44,0.46,835500
CH,20260429,1.56,1.59,1.56,1.58,500
CHAO,20260429,4.3,4.32,4.28,4.32,6800
CHARAN,20260429,16.8,16.8,16.8,16.8,25600
CHASE,20260429,0.46,0.47,0.45,0.47,368200
CHAYO,20260429,1.01,1.02,1,1.01,1853100
CHEWA,20260429,0.18,0.18,0.17,0.17,496500
CHG,20260429,1.41,1.44,1.41,1.43,18949900
CHIC,20260429,0.27,0.28,0.26,0.27,97000
CHOW,20260429,1.34,1.35,1.34,1.35,18500
CI,20260429,0.33,0.33,0.31,0.33,31700
CIG,20260429,0.02,0.03,0.02,0.03,891200
CITY,20260429,1.18,1.2,1.18,1.2,28200
CIVIL,20260429,0.79,0.81,0.79,0.81,162900
CK,20260429,16.8,17.2,16.7,16.9,11486700
CKP,20260429,2.28,2.34,2.28,2.34,7121300
CM,20260429,1.6,1.61,1.6,1.61,3600
CMAN,20260429,2.56,2.56,2.56,2.56,10000
CMC,20260429,0.35,0.35,0.34,0.35,23100
CMO,20260429,0.77,0.77,0.7,0.72,3315700
CMR,20260429,1.29,1.31,1.29,1.3,253000
COCOCO,20260429,5.65,5.7,5.6,5.7,404600
COLOR,20260429,1.1,1.1,1.03,1.03,273800
COM7,20260429,21.5,22.7,21.5,22.5,27191300
COMAN,20260429,0.61,0.62,0.6,0.62,1200
CPALL,20260429,44.5,45.5,44.25,45.5,28626400
CPANEL,20260429,1.55,1.55,1.55,1.55,100
CPAXT,20260429,14.5,14.8,14.5,14.8,7879700
CPF,20260429,18.9,19.8,18.8,19.8,44590700
CPH,20260429,8.25,8.35,8.2,8.2,8200
CPI,20260429,3.38,3.4,3.36,3.38,106600
CPL,20260429,0.68,0.73,0.68,0.7,1337200
CPN,20260429,61.25,63.25,61.25,62.25,5588800
CPNCG,20260429,6.15,6.15,6.1,6.15,280200
CPNREIT,20260429,12.2,12.4,12.1,12.2,1440100
CPR,20260429,2.78,2.8,2.7,2.74,139500
CPT,20260429,1.19,1.22,1.19,1.21,52600
CPTREIT,20260429,5.95,5.95,5.9,5.95,107300
CPW,20260429,2.1,2.14,2.1,2.12,103500
CRANE,20260429,0.43,0.43,0.42,0.42,17000
CRC,20260429,18.1,18.5,18,18.3,9014700
CRD,20260429,0.31,0.32,0.31,0.31,85400
CREDIT,20260429,18.6,18.9,18.5,18.8,728000
CSC,20260429,42.5,42.5,42,42.25,1300
CSP,20260429,0.5,0.51,0.49,0.49,12800
CSS,20260429,0.78,0.79,0.78,0.78,580900
CTARAF,20260429,4.62,4.64,4.6,4.64,8500
CTW,20260429,3.72,3.72,3.6,3.6,76100
CWT,20260429,0.78,0.78,0.76,0.76,222400
D,20260429,2.86,2.9,2.86,2.88,248400
DCC,20260429,1.25,1.25,1.23,1.25,1375100
DCON,20260429,0.21,0.21,0.2,0.21,83800
DDD,20260429,5.2,5.4,5.1,5.35,19400
DELTA,20260429,310,313,307,312,9089200
DEMCO,20260429,2.26,2.26,2.2,2.22,44800
DEXON,20260429,0.94,0.96,0.91,0.95,134500
DHOUSE,20260429,0.39,0.39,0.39,0.39,1000
DIF,20260429,9.85,10,9.8,10,19392100
DIMET,20260429,0.06,0.06,0.05,0.06,56700
DITTO,20260429,10.7,11.1,10.6,11,1321300
DMT,20260429,11.1,11.1,11,11.1,477500
DOD,20260429,1.63,1.65,1.61,1.64,532500
DOHOME,20260429,3.4,3.48,3.36,3.4,12294800
DPAINT,20260429,0.67,0.68,0.66,0.68,35600
DREIT,20260429,4.7,4.7,4.64,4.68,213800
DRT,20260429,4.64,4.68,4.64,4.68,58500
DTCENT,20260429,0.88,0.89,0.87,0.88,158600
DUSIT,20260429,10.1,10.2,10.1,10.1,249600
DV8,20260429,5.25,5.25,5.05,5.15,293000
EA,20260429,2.64,2.68,2.62,2.66,36521000
EASON,20260429,1.08,1.1,1.05,1.09,224200
EAST,20260429,0.62,0.63,0.62,0.63,101100
EASTW,20260429,2.82,2.9,2.8,2.86,1041800
EFORL,20260429,0.13,0.14,0.12,0.14,856100
EGATIF,20260429,6.15,6.2,6.15,6.2,73600
EGCO,20260429,110,113,110,112.5,790300
EKH,20260429,5.1,5.15,5.05,5.1,531600
EMC,20260429,0.02,0.03,0.02,0.03,1690700
EMPIRE,20260429,0.46,0.47,0.43,0.45,4062100
EP,20260429,1.02,1.05,1.02,1.03,66300
EPG,20260429,3.42,3.6,3.38,3.6,10764700
ERW,20260429,2.42,2.46,2.4,2.42,14304500
ESTAR,20260429,0.23,0.24,0.23,0.24,807700
ETC,20260429,0.69,0.71,0.69,0.7,6738000
ETE,20260429,0.58,0.6,0.58,0.6,17700
ETL,20260429,0.5,0.5,0.49,0.49,800
EVER,20260429,0.04,0.05,0.04,0.04,38400
FANCY,20260429,0.31,0.32,0.3,0.3,35800
FE,20260429,171,171,171,171,600
FLOYD,20260429,1.13,1.13,1.11,1.12,640700
FM,20260429,4.24,4.28,4.2,4.24,1805800
FMT,20260429,17,17,16.5,16.5,3100
FN,20260429,0.49,0.5,0.49,0.49,27300
FNS,20260429,0.51,0.51,0.48,0.5,201300
FORTH,20260429,7.5,8.8,7.5,8.65,11486400
FPI,20260429,1.66,1.68,1.66,1.68,3200
FPT,20260429,6.15,6.35,6.15,6.35,7000
FSMART,20260429,6.3,6.7,6.3,6.55,5605300
FSX,20260429,1.12,1.19,1.12,1.17,8700
FTE,20260429,2.02,2.02,2,2.02,83200
FTI,20260429,1.75,1.75,1.68,1.73,8700
FTREIT,20260429,11.7,11.9,11.7,11.9,1289000
FUTURERT,20260429,8.8,8.8,8.75,8.75,45900
FVC,20260429,0.35,0.36,0.35,0.36,174800
GABLE,20260429,3.96,4.02,3.96,4.02,1896900
GAHREIT,20260429,4.18,4.18,4.18,4.18,1100
GBX,20260429,0.53,0.54,0.53,0.54,136900
GC,20260429,4.32,4.4,4.3,4.4,340000
GCAP,20260429,0.24,0.25,0.24,0.24,665400
GEL,20260429,0.03,0.04,0.03,0.03,2151600
GENCO,20260429,0.34,0.35,0.33,0.34,878700
GFC,20260429,2.68,2.82,2.68,2.8,116600
GFPT,20260429,9.05,9.2,8.95,9.1,5173100
GGC,20260429,3.9,4.02,3.9,4,53300
GJS,20260429,0.13,0.13,0.13,0.13,4292400
GLOBAL,20260429,6.5,6.6,6.4,6.55,19186800
GLORY,20260429,1.35,1.4,1.32,1.37,2041500
GPI,20260429,1.72,1.74,1.69,1.72,1355300
GPSC,20260429,34.5,35.5,34.25,35,8012600
GRAMMY,20260429,3.5,3.5,3.36,3.5,6300
GRAND,20260429,0.03,0.03,0.02,0.03,4600
GREEN,20260429,0.69,0.71,0.68,0.69,587200
GROREIT,20260429,7.85,7.85,7.75,7.8,45400
GTB,20260429,0.76,0.77,0.75,0.76,509800
GTV,20260429,0.03,0.03,0.02,0.03,14583700
GULF,20260429,57.25,58,57,57.75,17811900
GUNKUL,20260429,2.84,2.9,2.76,2.9,130317100
GVREIT,20260429,6.7,6.75,6.7,6.7,231000
HANA,20260429,32,32.75,31.25,32,22732200
HANN,20260429,0.92,0.94,0.92,0.93,394500
HARN,20260429,2,2.02,2,2,92900
HEALTH,20260429,0.35,0.38,0.35,0.38,6300
HENG,20260429,0.86,0.88,0.85,0.87,841800
HFT,20260429,4.14,4.16,4.14,4.14,6700
HL,20260429,6.3,6.4,6.25,6.25,387400
HMPRO,20260429,6,6.15,6,6.1,30141300
HPF,20260429,5.45,5.45,5.45,5.45,17700
HTC,20260429,15.4,15.6,15.3,15.6,291900
HTECH,20260429,3.18,3.22,3.12,3.14,825900
HUMAN,20260429,4.32,4.38,4.3,4.36,704200
HYDRO,20260429,2.6,2.76,2.5,2.66,74000
I2,20260429,0.64,0.64,0.62,0.64,3500
ICC,20260429,24.5,24.5,24.5,24.5,5300
ICHI,20260429,12.3,12.5,12.2,12.4,4297500
ICN,20260429,1.85,1.85,1.83,1.83,573900
IDG,20260429,1.4,1.4,1.39,1.39,11900
IFS,20260429,1.82,1.83,1.82,1.83,4400
IHL,20260429,1.41,1.43,1.4,1.42,45900
IIG,20260429,1.32,1.35,1.32,1.33,63600
III,20260429,3.82,3.9,3.82,3.9,164800
ILINK,20260429,4.64,4.7,4.62,4.7,97800
ILM,20260429,13.3,13.5,13.3,13.4,99300
IMH,20260429,3,3,2.98,3,2400
IMPACT,20260429,11.7,11.8,11.5,11.6,408300
IND,20260429,1.15,1.17,1.15,1.17,412400
INET,20260429,3.48,3.52,3.48,3.5,747400
INETREIT,20260429,12.2,12.2,12.1,12.2,591500
INOX,20260429,0.45,0.45,0.43,0.43,1644900
INSET,20260429,2.96,3.04,2.94,3,6789600
INSURE,20260429,59.5,59.5,59.5,59.5,100
IP,20260429,4.06,4.1,4.04,4.08,60000
IRC,20260429,11.4,11.4,11.3,11.3,6300
IRCP,20260429,0.25,0.26,0.25,0.25,188000
IROYAL,20260429,4.68,4.7,4.52,4.54,846400
IRPC,20260429,1.84,2.04,1.84,2.02,488342200
IT,20260429,3.98,4.04,3.98,4.04,14000
ITC,20260429,15.1,16.7,15,16.3,33978200
ITD,20260429,0.26,0.27,0.25,0.26,5231200
ITEL,20260429,1.18,1.22,1.16,1.2,3920300
ITNS,20260429,1.87,1.89,1.86,1.87,67300
ITTHI,20260429,1.21,1.21,1.15,1.2,136500
IVF,20260429,0.67,0.7,0.67,0.68,4381900
IVL,20260429,25.5,26.25,25,25.5,25567900
J,20260429,0.6,0.61,0.6,0.61,147000
JAK,20260429,0.67,0.67,0.67,0.67,1500
JAS,20260429,1.12,1.15,1.12,1.14,23813700
JCK,20260429,0.12,0.13,0.12,0.13,459200
JDF,20260429,1.57,1.59,1.57,1.58,42000
JMART,20260429,7.05,7.2,7,7.1,8256800
JMT,20260429,9.55,9.8,9.55,9.65,12288600
JPARK,20260429,2.92,2.98,2.92,2.94,150300
JR,20260429,1.76,1.77,1.75,1.76,40400
JSP,20260429,1.9,1.92,1.89,1.92,88800
JTS,20260429,44.5,45.25,43.75,43.75,632600
JUBILE,20260429,7.05,7.25,7.05,7.25,22400
K,20260429,1,1,1,1,600
KAMART,20260429,7.4,7.5,7.35,7.5,1397948
KASET,20260429,0.78,0.82,0.77,0.8,3840200
KBANK,20260429,194,195,193,195,10666500
KBS,20260429,5.35,5.4,5.3,5.35,585600
KBSPIF,20260429,8.5,8.65,8.5,8.6,142100
KC,20260429,0.02,0.03,0.02,0.02,110600
KCAR,20260429,4.72,4.72,4.7,4.72,14400
KCC,20260429,1.95,1.97,1.91,1.92,123300
KCE,20260429,30,30.5,29.5,30.25,14421000
KCG,20260429,9.7,9.85,9.65,9.7,1748600
KCM,20260429,0.17,0.18,0.17,0.17,4000
KGEN,20260429,1.72,1.72,1.65,1.67,11570900
KGI,20260429,3.98,4.02,3.98,4,1733200
KIAT,20260429,0.3,0.31,0.3,0.31,414400
KISS,20260429,2.82,2.86,2.8,2.84,972900
KJL,20260429,5.85,5.9,5.85,5.9,15600
KK,20260429,1.03,1.03,1.01,1.01,12700
KKP,20260429,78,81,78,81,10315100
KLINIQ,20260429,26.25,26.25,25.5,25.5,235600
KOOL,20260429,0.28,0.29,0.28,0.28,1013200
KPNREIT,20260429,1.99,1.99,1.99,1.99,500
KSL,20260429,1.47,1.54,1.47,1.52,4039700
KTB,20260429,32.5,33.25,32.5,33,61651500
KTBSTMR,20260429,5.4,5.45,5.4,5.4,187000
KTC,20260429,29.25,29.75,29.25,29.5,7101700
KTIS,20260429,1.91,1.93,1.9,1.93,78300
KTMS,20260429,1.38,1.4,1.38,1.39,272200
KUMWEL,20260429,1.08,1.1,1.08,1.1,72000
KUN,20260429,0.63,0.64,0.63,0.63,15500
KWC,20260429,279,279,279,279,200
KWM,20260429,0.81,0.82,0.81,0.81,41200
KYE,20260429,291,293,290,293,5800
L&E,20260429,1.27,1.27,1.22,1.27,1600
LALIN,20260429,4.48,4.48,4.42,4.44,29500
LANNA,20260429,14.5,14.7,14.5,14.6,467100
LDC,20260429,0.26,0.26,0.25,0.25,37000
LEE,20260429,2.44,2.48,2.44,2.44,113600
LEO,20260429,1.73,1.74,1.71,1.72,8700
LH,20260429,3.64,3.68,3.62,3.68,20714800
LHFG,20260429,1.13,1.16,1.13,1.14,13541300
LHHOTEL,20260429,12.6,12.9,12.6,12.9,927100
LHK,20260429,3.36,3.38,3.34,3.38,47900
LHRREIT,20260429,4.48,4.5,4.48,4.5,4200
LHSC,20260429,14.3,14.4,14.3,14.4,208400
LIT,20260429,0.59,0.6,0.59,0.6,27900
LOXLEY,20260429,1.31,1.32,1.3,1.3,41500
LPH,20260429,3.64,3.68,3.62,3.68,23000
LPN,20260429,1.55,1.55,1.53,1.54,786500
LST,20260429,4.64,4.68,4.64,4.66,16600
LTMH,20260429,4.68,4.7,4.6,4.62,3100
LTS,20260429,1.98,2.04,1.95,1.99,801000
LUXF,20260429,8.85,8.95,8.85,8.95,1900
M,20260429,18.9,19.2,18.8,19.1,1361300
M-CHAI,20260429,19.3,19.3,19.1,19.1,22700
M-PAT,20260429,1.23,1.23,1.23,1.23,500
MADAME,20260429,0.55,0.56,0.54,0.56,84100
MAGURO,20260429,18.3,18.6,18,18.5,1158000
MAJOR,20260429,6.9,6.95,6.75,6.8,1671000
MALEE,20260429,4.02,4.14,4.02,4.1,1183700
MASTEC,20260429,1.16,1.18,1.16,1.17,207500
MASTER,20260429,8.15,8.35,8.15,8.35,344300
MATCH,20260429,0.95,0.95,0.95,0.95,300
MATI,20260429,2.92,3.2,2.92,3.2,22800
MBAX,20260429,1.71,1.74,1.7,1.7,243200
MBK,20260429,17,17.2,16.9,17.1,620600
MC,20260429,11.1,11.1,11,11.1,532800
MCA,20260429,1.15,1.16,1.15,1.16,39300
MCOT,20260429,6.25,6.45,6.25,6.3,630900
MCS,20260429,8.05,8.15,8.05,8.15,853200
MDX,20260429,2.34,2.4,2.34,2.38,245400
MEB,20260429,12.3,12.4,12,12.1,477200
MEDEZE,20260429,6.15,6.2,6.1,6.15,329900
MEGA,20260429,35.25,35.5,34.75,35.25,728100
MENA,20260429,0.63,0.64,0.62,0.63,618400
METCO,20260429,266,269,266,269,27700
MFC,20260429,20.1,20.2,20,20.2,222500
MFEC,20260429,5.95,6.05,5.95,6,126300
MGC,20260429,4.56,4.64,4.56,4.58,111500
MGI,20260429,5,5.1,5,5,528000
MGT,20260429,1.93,2.02,1.93,1.97,340600
MICRO,20260429,0.83,0.86,0.83,0.86,62600
MIDA,20260429,0.28,0.3,0.28,0.29,140400
MII,20260429,5.15,5.2,5.1,5.2,17000
MINT,20260429,20.6,20.9,20.5,20.7,25898400
MIPF,20260429,9.3,9.3,9.3,9.3,200
MITSIB,20260429,0.53,0.53,0.52,0.53,239300
MJD,20260429,0.32,0.32,0.31,0.32,166800
MJLF,20260429,5.15,5.2,5.1,5.2,86200
MK,20260429,0.51,0.52,0.51,0.52,128200
ML,20260429,0.46,0.48,0.46,0.47,36800
MMM,20260429,2.62,2.72,2.62,2.7,1261200
MNIT,20260429,1.87,1.92,1.87,1.92,2000
MNRF,20260429,2.04,2.04,2.02,2.04,40100
MODERN,20260429,2,2.02,1.99,2,32700
MONO,20260429,0.82,0.82,0.77,0.78,20924200
MOONG,20260429,2.22,2.22,2.12,2.2,400000
MORE,20260429,0.03,0.04,0.03,0.03,2744800
MOSHI,20260429,35,35.75,34.75,35.75,806200
MOTHER,20260429,1.12,1.13,1.11,1.12,212900
MPJ,20260429,3.58,3.6,3.56,3.6,395200
MRDIYT,20260429,8.75,8.8,8.65,8.7,1735900
MSC,20260429,5.85,5.85,5.7,5.85,25400
MST,20260429,6.7,6.8,6.5,6.7,69000
MTC,20260429,29,30.25,28.75,30.25,10676400
MTI,20260429,15.1,15.1,15,15.1,3600
MTW,20260429,0.78,0.8,0.78,0.78,102100
MUD,20260429,0.75,0.75,0.75,0.75,32600
NAM,20260429,3.72,3.78,3.72,3.76,166800
NAT,20260429,2.06,2.08,2,2.06,122400
NATION,20260429,0.04,0.04,0.04,0.04,104500
NC,20260429,1.92,1.99,1.91,1.91,47000
NCAP,20260429,2.2,2.28,2.18,2.26,5223700
NCH,20260429,0.41,0.42,0.41,0.41,372600
NCL,20260429,0.2,0.2,0.19,0.19,802400
NCP,20260429,1.04,1.05,1.03,1.05,10100
NDR,20260429,1.25,1.25,1.25,1.25,2100
NEO,20260429,17.6,17.7,17.4,17.5,1451300
NEP,20260429,0.19,0.2,0.19,0.2,155700
NER,20260429,4.72,4.74,4.7,4.74,7671800
NETBAY,20260429,15.3,16.1,15.3,16,662900
NEX,20260429,1.02,1.02,1,1.02,8028500
NKI,20260429,12.7,12.7,12.5,12.5,400
NKT,20260429,4.02,4.06,4.02,4.06,111800
NL,20260429,0.64,0.64,0.62,0.63,17900
NNCL,20260429,1.56,1.57,1.55,1.56,200600
NOBLE,20260429,1.9,1.9,1.88,1.88,502100
NOVA,20260429,7.25,7.25,7.25,7.25,2700
NRF,20260429,0.25,0.27,0.25,0.26,374300
NSL,20260429,21.8,22.2,21.6,22.1,410700
NTF,20260429,15.2,17.1,14.8,15.5,10428000
NTSC,20260429,6,6.05,6,6.05,25400
NTV,20260429,21.9,22,21.9,21.9,600
NUT,20260429,3.94,3.98,3.94,3.98,2500
NV,20260429,0.5,0.52,0.5,0.51,25600
NVD,20260429,0.72,0.72,0.7,0.7,34300
NYT,20260429,4.22,4.24,4.2,4.24,7105000
OCC,20260429,9,9,9,9,900
OKJ,20260429,3.34,3.38,3.3,3.32,1546800
ONEE,20260429,2.64,2.7,2.6,2.66,557500
ONSENS,20260429,1.16,1.17,1.16,1.17,104300
OR,20260429,11.9,12.3,11.9,12.2,38458300
ORI,20260429,1.81,1.84,1.81,1.84,1360000
ORN,20260429,0.78,0.79,0.78,0.79,203100
OSP,20260429,15.1,15.2,15,15.1,9096600
PACO,20260429,1.37,1.4,1.36,1.4,1268900
PAF,20260429,1.01,1.15,1.01,1.02,15329200
PANEL,20260429,1.25,1.25,1.2,1.23,160900
PAP,20260429,2.38,2.4,2.38,2.4,31000
PATO,20260429,6.4,6.4,6.35,6.4,21700
PB,20260429,49.5,49.5,48,48.5,500
PCC,20260429,2.78,2.84,2.76,2.8,300700
PCE,20260429,2.5,2.52,2.44,2.52,2536400
PCSGH,20260429,3.04,3.08,3.04,3.04,17700
PDG,20260429,3.04,3.06,3.02,3.06,27100
PDJ,20260429,0.9,0.96,0.89,0.92,35400
PEACE,20260429,1.74,1.74,1.63,1.66,114800
PEER,20260429,0.09,0.09,0.08,0.08,1191000
PERM,20260429,0.2,0.22,0.19,0.22,541900
PF,20260429,0.04,0.04,0.03,0.04,4666200
PG,20260429,6.7,6.7,6.65,6.7,1100
PHG,20260429,12.6,12.7,12.6,12.7,154800
PHOL,20260429,2.82,2.82,2.8,2.82,51300
PIMO,20260429,1.02,1.02,1.01,1.02,423900
PIN,20260429,4.3,4.32,4.26,4.32,177400
PIS,20260429,3.78,3.78,3.72,3.74,156400
PJW,20260429,2.06,2.06,2.04,2.06,502600
PK,20260429,0.58,0.61,0.56,0.57,5830500
PL,20260429,1.3,1.31,1.29,1.31,73000
PLANB,20260429,4.48,4.54,4.38,4.48,14059900
PLANET,20260429,0.69,0.73,0.64,0.7,2670100
PLAT,20260429,1.07,1.07,1.07,1.07,761600
PLE,20260429,0.13,0.14,0.13,0.13,831300
PLT,20260429,0.54,0.57,0.54,0.56,582500
PLUS,20260429,1.26,1.3,1.25,1.28,308600
PM,20260429,11.1,11.3,11,11.3,156100
PMC,20260429,0.88,0.88,0.86,0.87,215100
PMTA,20260429,10,10.1,10,10,2600
POLY,20260429,6.85,6.95,6.8,6.95,16300
POPF,20260429,7.05,7.15,7.05,7.15,372200
PORT,20260429,0.48,0.51,0.48,0.51,353700
PPM,20260429,1.4,1.52,1.4,1.5,214900
PPP,20260429,0.83,0.85,0.83,0.85,5000
PPPM,20260429,0.27,0.3,0.27,0.3,12000
PPS,20260429,0.17,0.18,0.16,0.17,24700
PQS,20260429,1.61,1.64,1.61,1.64,219000
PR9,20260429,16.4,16.6,16.2,16.5,3159600
PRAKIT,20260429,11.6,11.6,11.4,11.4,63700
PRAPAT,20260429,0.72,0.74,0.72,0.74,207000
PREB,20260429,3.82,3.82,3.74,3.78,101300
PRECHA,20260429,0.46,0.47,0.43,0.45,22400
PRG,20260429,8.85,8.9,8.85,8.9,600
PRI,20260429,3.98,4.08,3.96,3.98,481700
PRIME,20260429,0.05,0.06,0.05,0.05,2769100
PRIN,20260429,1.39,1.39,1.38,1.38,1700
PRINC,20260429,1.76,1.76,1.68,1.71,445000
PRM,20260429,8.75,8.8,8.75,8.75,1656500
PROEN,20260429,0.96,0.96,0.94,0.95,1253200
PROS,20260429,0.26,0.26,0.25,0.26,282900
PROSPECT,20260429,7.3,7.35,7.3,7.35,1516900
PROUD,20260429,0.97,0.97,0.92,0.95,5394600
PRTR,20260429,3.16,3.2,3.16,3.2,149000
PSGC,20260429,3,3.1,3,3.08,703000
PSH,20260429,3.46,3.48,3.44,3.44,207300
PSL,20260429,6.7,6.85,6.65,6.8,1619500
PSP,20260429,4.5,4.5,4.48,4.5,65500
PSTC,20260429,0.26,0.27,0.26,0.26,1187600
PT,20260429,11.3,11.3,11.2,11.2,139500
PTC,20260429,0.6,0.6,0.58,0.6,15700
PTECH,20260429,1.31,1.31,1.29,1.29,700
PTG,20260429,8.2,8.45,8.2,8.25,8200100
PTL,20260429,10.2,10.3,9.95,10.1,823100
PTT,20260429,35.25,35.5,35,35.25,96914100
PTTEP,20260429,150.5,152.5,149.5,151.5,20077900
PTTGC,20260429,37.5,39,37.25,37.75,37504400
PYLON,20260429,2.88,2.9,2.86,2.88,101300
Q-CON,20260429,6.35,6.35,6.3,6.35,7500
QDC,20260429,0.13,0.13,0.12,0.13,139600
QH,20260429,1.31,1.35,1.3,1.34,12361000
QHBREIT,20260429,3.58,3.6,3.58,3.6,41100
QHHRREIT,20260429,7.4,7.5,7.35,7.45,287400
QHOP,20260429,3.06,3.18,3.06,3.18,1200
QLT,20260429,1.54,1.55,1.54,1.55,7000
QTC,20260429,3.24,3.24,3.18,3.24,159400
QTCG,20260429,0.12,0.14,0.12,0.13,202600
RABBIT,20260429,0.3,0.31,0.3,0.31,4877600
RAM,20260429,18.2,18.3,18.2,18.3,1000
RATCH,20260429,29,29.75,28.75,29.5,3707300
RBF,20260429,3.84,4.04,3.82,4.02,3166300
RCL,20260429,30,30.75,29.5,30.5,5214600
READY,20260429,3.26,3.26,3.12,3.22,34900
RICHY,20260429,0.16,0.17,0.16,0.16,250300
RJH,20260429,12.4,12.5,12.3,12.5,149600
RML,20260429,0.11,0.12,0.11,0.11,1966400
ROCK,20260429,11.3,11.3,11.3,11.3,600
ROCTEC,20260429,0.55,0.57,0.55,0.57,1460600
ROJNA,20260429,5.25,5.25,5.1,5.25,15804800
RP,20260429,0.47,0.49,0.47,0.49,16100
RPC,20260429,0.33,0.37,0.33,0.35,11259700
RPH,20260429,4.82,4.9,4.82,4.9,197000
RS,20260429,0.18,0.18,0.17,0.18,2385100
RSP,20260429,0.91,0.92,0.89,0.89,4100
RT,20260429,0.27,0.28,0.27,0.28,675700
RWI,20260429,0.18,0.19,0.17,0.19,227600
S,20260429,0.48,0.5,0.48,0.49,2641900
S&J,20260429,35,35,35,35,1000
S11,20260429,3.68,3.74,3.68,3.74,12600
SA,20260429,7.05,7.1,7.05,7.1,27500
SAAM,20260429,4.76,4.82,4.76,4.8,244000
SABINA,20260429,15.7,15.8,15.6,15.8,581300
SAF,20260429,0.31,0.32,0.31,0.32,42000
SAFE,20260429,6.15,6.25,6.05,6.1,200400
SAK,20260429,3.14,3.2,3.14,3.16,1858600
SALEE,20260429,0.37,0.39,0.37,0.39,57700
SAMART,20260429,5.25,5.25,5.2,5.2,409600
SAMCO,20260429,0.67,0.67,0.63,0.66,165600
SANKO,20260429,0.84,0.85,0.83,0.85,12400
SAPPE,20260429,29.5,30.25,29.25,30,347900
SAT,20260429,14.6,14.7,14.6,14.7,308300
SAUCE,20260429,41.5,41.75,41.5,41.75,17700
SAV,20260429,10.4,10.7,10.4,10.6,174600
SAWAD,20260429,23,24,23,23.8,14017100
SC,20260429,1.98,1.99,1.97,1.98,3066200
SCAP,20260429,1.09,1.12,1.08,1.12,10635800
SCB,20260429,131.5,132,131.5,131.5,11407000
SCC,20260429,226,228,224,228,4516200
SCCC,20260429,139,139,138.5,138.5,30700
SCG,20260429,2.26,2.26,2.26,2.26,5800
SCGD,20260429,4.94,4.94,4.9,4.92,790300
SCGP,20260429,25,25.25,23.9,24.9,52119900
SCI,20260429,0.96,0.97,0.96,0.97,3400
SCL,20260429,1.22,1.22,1.21,1.22,88000
SCM,20260429,0.12,0.13,0.12,0.13,113900
SCN,20260429,0.34,0.36,0.34,0.35,159900
SCP,20260429,8,8.1,7.9,8.1,113400
SDC,20260429,0.03,0.04,0.03,0.03,1152800
SE,20260429,0.49,0.51,0.49,0.5,1965300
SE-ED,20260429,1.66,1.66,1.66,1.66,100
SEAFCO,20260429,2.48,2.5,2.42,2.48,715700
SEAOIL,20260429,3.34,3.5,3.34,3.5,1869100
SECURE,20260429,11.3,11.5,11.3,11.5,18400
SEI,20260429,2,2.02,1.99,2.02,6800
SELIC,20260429,2.7,2.7,2.66,2.66,7200
SENA,20260429,1.89,1.91,1.89,1.91,228100
SENX,20260429,0.22,0.23,0.22,0.23,2753100
SFLEX,20260429,2.92,2.96,2.9,2.94,439100
SFT,20260429,1.62,1.63,1.61,1.63,15700
SGC,20260429,0.91,0.92,0.89,0.9,19392300
SGF,20260429,0.13,0.14,0.13,0.14,459600
SGP,20260429,8.5,8.5,8.3,8.5,59800
SHANG,20260429,46,46,45.75,45.75,400
SHR,20260429,1.61,1.61,1.59,1.6,1086400
SIAM,20260429,0.67,0.69,0.67,0.69,10800
SICT,20260429,2.44,2.46,2.4,2.44,174500
SIMAT,20260429,1.39,1.41,1.38,1.41,1485800
SINGER,20260429,5.5,5.6,5.45,5.5,4711300
SINO,20260429,0.87,0.9,0.87,0.89,132800
SIRI,20260429,1.4,1.41,1.39,1.39,33763100
SIRIPRT,20260429,7.2,7.2,7.2,7.2,100
SIS,20260429,23,23.2,22.9,23,275700
SISB,20260429,10.1,10.3,10.1,10.2,1715700
SITHAI,20260429,1.02,1.02,1.01,1.01,113000
SJWD,20260429,7.75,8,7.75,7.9,2382200
SK,20260429,0.54,0.56,0.54,0.55,51400
SKE,20260429,0.16,0.17,0.16,0.17,655200
SKIN,20260429,1.12,1.13,1.1,1.12,278900
SKN,20260429,5.8,5.8,5.75,5.8,45800
SKR,20260429,7.35,7.5,7.3,7.45,226800
SKY,20260429,12,12.2,12,12.1,240500
SLP,20260429,0.39,0.41,0.39,0.4,25400
SMART,20260429,0.56,0.57,0.55,0.56,551000
SMD100,20260429,1.63,1.64,1.63,1.63,147100
SMIT,20260429,3.4,3.4,3.38,3.4,65200
SMO,20260429,4.94,5.1,4.9,5.05,7550700
SMPC,20260429,8.9,8.9,8.85,8.9,54600
SMT,20260429,1.88,2.18,1.85,2.18,27750300
SNC,20260429,5.65,5.65,5.6,5.65,80300
SNNP,20260429,7.25,7.3,7.2,7.3,417200
SNP,20260429,8.95,8.95,8.8,8.85,25500
SNPS,20260429,4.82,4.86,4.8,4.82,106400
SO,20260429,4.54,4.58,4.5,4.58,457200
SOLAR,20260429,0.3,0.31,0.29,0.3,5975200
SONIC,20260429,1.52,1.53,1.5,1.53,987600
SORKON,20260429,3.88,3.9,3.86,3.88,114500
SPA,20260429,3.06,3.12,3.06,3.08,1528000
SPACK,20260429,1.15,1.15,1.11,1.12,12100
SPALI,20260429,16.4,16.5,16.3,16.4,6442000
SPC,20260429,57,57,56.75,57,5200
SPCG,20260429,8.8,8.95,8.8,8.85,608600
SPG,20260429,10.6,10.9,10.6,10.9,1600
SPI,20260429,46.75,47,46.75,47,2200
SPRC,20260429,7.1,7.4,7.1,7.3,43505700
SPREME,20260429,1.53,1.55,1.52,1.53,286800
SPRIME,20260429,3.56,3.58,3.54,3.58,160700
SPTX,20260429,0.01,0.01,0.01,0.01,100323000
SPVI,20260429,2.8,2.92,2.78,2.8,760800
SQ,20260429,0.28,0.28,0.27,0.28,213600
SR,20260429,0.31,0.31,0.3,0.3,1900
SRICHA,20260429,15.6,17.5,15.6,17.5,2246500
SRIPANWA,20260429,5.1,5.15,5.1,5.15,24800
SRS,20260429,1.88,1.91,1.84,1.84,32200
SSF,20260429,5.4,5.45,5.4,5.45,3500
SSP,20260429,4,4.06,4,4.06,407500
SSPF,20260429,3.2,3.2,3.2,3.2,1100
SSSC,20260429,2.28,2.3,2.28,2.28,131900
SST,20260429,1.14,1.14,1.12,1.12,16000
SSTRT,20260429,4.3,4.3,4.28,4.28,25200
STA,20260429,17.9,18.1,17.6,18,12842900
STANLY,20260429,203,203,201,203,14400
STARM,20260429,0.85,0.87,0.85,0.86,262600
STC,20260429,0.6,0.66,0.6,0.66,760400
STECH,20260429,1.01,1.02,1.01,1.02,2100
STECON,20260429,11.6,11.9,11.5,11.8,13410400
STELLA,20260429,0.21,0.21,0.2,0.21,8944900
STGT,20260429,10.6,10.6,10.2,10.4,5141000
STI,20260429,1.69,1.69,1.68,1.69,1700
STOWER,20260429,0.02,0.03,0.02,0.03,153400
STP,20260429,10.3,10.4,10.2,10.4,2100
STPI,20260429,4,4.06,4,4.02,1861100
STX,20260429,0.91,0.91,0.9,0.91,124600
SUC,20260429,27.25,27.25,27,27.25,5500
SUN,20260429,2.68,2.68,2.64,2.64,264300
SUPER,20260429,0.1,0.11,0.1,0.11,5981000
SUPEREIF,20260429,5.7,5.7,5.65,5.7,106800
SUSCO,20260429,2.04,2.06,2.04,2.06,331600
SUTHA,20260429,2.24,2.28,2.22,2.28,3100
SVI,20260429,7.45,7.45,7.4,7.45,606500
SVOA,20260429,1.52,1.52,1.49,1.52,256900
SVR,20260429,0.29,0.3,0.29,0.3,36600
SVT,20260429,1.16,1.2,1.16,1.19,72000
SWC,20260429,4.16,4.2,4.14,4.14,17000
SYMC,20260429,4.06,4.16,4.06,4.08,192700
SYNEX,20260429,9.6,9.75,9.6,9.7,1088800
SYNTEC,20260429,1.6,1.61,1.59,1.6,81700
TACC,20260429,5.35,5.35,5.3,5.35,694000
TAE,20260429,1.09,1.16,1.09,1.13,4429600
TAKUNI,20260429,0.4,0.42,0.39,0.4,6045700
TAN,20260429,3.98,4,3.98,4,37700
TASCO,20260429,13.4,13.6,13.4,13.5,1054900
TATG,20260429,1,1.04,1,1.03,1094300
TBN,20260429,3.86,3.86,3.84,3.86,3400
TC,20260429,5.55,5.6,5.5,5.55,143200
TCAP,20260429,55.25,56.75,55.25,56.75,1938600
TCC,20260429,0.33,0.38,0.33,0.35,6054900
TCJ,20260429,2.22,2.36,2.22,2.36,9900
TCMC,20260429,0.33,0.34,0.33,0.33,323200
TCOAT,20260429,28.25,28.25,28.25,28.25,200
TEAM,20260429,3.8,3.92,3.7,3.78,3389200
TEAMG,20260429,2.98,3.08,2.98,3.06,5728900
TEGH,20260429,3.2,3.22,3.2,3.22,364600
TEKA,20260429,1.7,1.71,1.67,1.71,37800
TERA,20260429,1.04,1.08,1.04,1.05,282800
TFFIF,20260429,6.45,6.6,6.45,6.55,2489200
TFG,20260429,9,10.1,8.9,10,57442300
TFI,20260429,0.04,0.05,0.04,0.05,633700
TFM,20260429,6.6,6.8,6.55,6.7,822600
TFMAMA,20260429,188,188.5,188,188,2200
TGE,20260429,1.15,1.18,1.15,1.16,183300
TGH,20260429,11,11,11,11,900
TGPRO,20260429,0.03,0.04,0.03,0.03,10063200
TH,20260429,0.45,0.47,0.45,0.46,384700
THAI,20260429,5.95,6,5.9,5.95,22912800
THANA,20260429,1.51,1.53,1.51,1.52,48400
THANI,20260429,1.66,1.68,1.66,1.68,5036400
THCOM,20260429,11.4,11.8,11.4,11.6,8723900
THE,20260429,0.75,0.75,0.72,0.73,100600
THG,20260429,8.45,8.55,8.4,8.45,840300
THIP,20260429,22.6,22.7,22.6,22.6,3500
THMUI,20260429,0.33,0.33,0.32,0.32,3000
THRE,20260429,0.39,0.4,0.38,0.39,4428900
THREL,20260429,1.01,1.02,1.01,1.01,1700
TIDLOR,20260429,16.8,17.5,16.8,17.3,26141100
TIF1,20260429,7.55,7.6,7.55,7.6,4400
TIGER,20260429,0.26,0.27,0.25,0.25,7100
TIPCO,20260429,6.4,6.4,6.35,6.35,20500
TIPH,20260429,20.6,20.6,20.5,20.6,69100
TISCO,20260429,110,111.5,110,111.5,13423800
TITLE,20260429,8,8.1,8,8.05,272300
TK,20260429,4.12,4.2,4.12,4.14,4000
TKC,20260429,8.3,8.45,8.3,8.45,21600
TKN,20260429,3.86,3.96,3.86,3.92,1144000
TKS,20260429,6.15,6.25,6.15,6.25,84600
TKT,20260429,0.7,0.74,0.7,0.74,40400
TL,20260429,0.38,0.38,0.36,0.37,589700
TLHPF,20260429,4.34,4.34,4.34,4.34,2800
TLI,20260429,10.4,10.6,10.4,10.6,6749600
TM,20260429,0.78,0.8,0.77,0.8,11800
TMAN,20260429,12.9,12.9,12.9,12.9,29300
TMC,20260429,0.71,0.71,0.71,0.71,15200
TMD,20260429,25.25,25.5,25.25,25.5,1000
TMI,20260429,0.5,0.51,0.5,0.5,181700
TMILL,20260429,2.12,2.16,2.12,2.16,385500
TMT,20260429,3.42,3.5,3.4,3.48,19300
TMW,20260429,56,56.5,56,56.5,10200
TNDT,20260429,0.14,0.14,0.13,0.13,153000
TNH,20260429,30,30,30,30,1400
TNITY,20260429,2.86,2.88,2.84,2.84,28000
TNL,20260429,23,23,23,23,900
TNP,20260429,2.88,2.9,2.86,2.86,63300
TNPC,20260429,0.86,0.92,0.86,0.91,428100
TNPF,20260429,1.02,1.03,1.02,1.03,200000
TNR,20260429,4.86,4.92,4.86,4.9,92500
TOA,20260429,12.6,12.8,12.5,12.7,2392000
TOG,20260429,6.55,6.6,6.55,6.6,8900
TOP,20260429,47,49.25,47,49,40880400
TPA,20260429,2.4,2.4,2.24,2.34,1600
TPAC,20260429,8.95,8.95,8.85,8.95,8800
TPBI,20260429,3.22,3.28,3.22,3.28,280500
TPCH,20260429,1.71,1.73,1.7,1.71,152800
TPCS,20260429,9.8,9.8,9.75,9.8,3100
TPIPL,20260429,0.81,0.88,0.8,0.87,208024900
TPIPP,20260429,1.92,1.94,1.9,1.94,5802400
TPL,20260429,0.48,0.48,0.47,0.47,240600
TPLAS,20260429,0.97,1.01,0.96,0.97,186000
TPOLY,20260429,0.15,0.16,0.14,0.16,929900
TPP,20260429,10.5,10.5,10.5,10.5,1100
TPRIME,20260429,7.25,7.25,7.25,7.25,600
TPS,20260429,3.24,3.3,3.22,3.26,129400
TQM,20260429,14.2,15,14.2,14.8,1972600
TQR,20260429,4.94,4.94,4.9,4.94,9700
TRC,20260429,0.32,0.33,0.3,0.32,1852300
TRITN,20260429,0.02,0.03,0.02,0.03,694200
TRP,20260429,4.4,4.44,4.4,4.42,24500
TRT,20260429,4.66,4.72,4.6,4.7,463900
TRU,20260429,3.98,4,3.98,4,3900
TRUBB,20260429,1.1,1.14,1.08,1.09,14056000
TRUE,20260429,13.7,13.7,13.5,13.6,98567000
TSC,20260429,14.5,14.7,14.5,14.7,7800
TSE,20260429,0.72,0.76,0.72,0.74,20237200
TSI,20260429,0.05,0.06,0.05,0.05,5100
TSR,20260429,0.06,0.07,0.06,0.06,1278600
TSTE,20260429,10.2,10.2,10.2,10.2,100
TSTH,20260429,0.79,0.8,0.76,0.76,32759100
TTA,20260429,4.8,4.94,4.8,4.92,1265600
TTB,20260429,2.24,2.3,2.24,2.3,382633300
TTCL,20260429,0.06,0.07,0.05,0.06,10321900
TTLPF,20260429,9.75,9.8,9.75,9.75,306100
TTT,20260429,43.25,43.25,41.5,42.75,5300
TTW,20260429,9.2,9.25,9.2,9.2,1107100
TU,20260429,11,11.5,11,11.5,12192700
TU-PF,20260429,1.27,1.27,1.15,1.15,21300
TURBO,20260429,1.43,1.49,1.42,1.46,20281800
TVDH,20260429,0.06,0.06,0.05,0.06,107600
TVH,20260429,8.95,9.05,8.95,9.05,45000
TVO,20260429,24.5,24.8,24.5,24.7,340700
TVT,20260429,0.22,0.23,0.19,0.21,1009800
TWP,20260429,1.16,1.17,1.13,1.15,104900
TWPC,20260429,2.82,2.82,2.8,2.8,95200
TWZ,20260429,0.01,0.02,0.01,0.01,1268700
TYCN,20260429,1.67,1.69,1.67,1.69,3200
UAC,20260429,2.7,2.7,2.64,2.68,205100
UBA,20260429,1.11,1.12,1.11,1.12,294200
UBE,20260429,0.64,0.69,0.63,0.69,42437300
UBIS,20260429,1.02,1.02,1,1.01,7900
UEC,20260429,0.76,0.86,0.76,0.79,192100
UKEM,20260429,1.14,1.27,1.13,1.22,59240700
UMI,20260429,0.71,0.72,0.7,0.71,778400
UNIQ,20260429,2.46,2.52,2.44,2.52,92600
UNIX,20260429,1.73,1.77,1.72,1.74,13502400
UP,20260429,22.4,22.4,22.4,22.4,800
UPF,20260429,20.6,20.6,20.3,20.3,700
UPOIC,20260429,6.7,6.75,6.7,6.75,3500
UREKA,20260429,0.29,0.33,0.29,0.31,11594300
UTP,20260429,7.35,7.4,7.35,7.4,158200
UV,20260429,0.83,0.89,0.82,0.84,856800
UVAN,20260429,14.4,14.6,14.2,14.6,278800
VARO,20260429,3.92,3.96,3.92,3.96,1100
VCOM,20260429,3.4,3.46,3.38,3.4,69500
VGI,20260429,0.86,0.88,0.85,0.87,55981000
VIBHA,20260429,1.4,1.41,1.39,1.4,552800
VIH,20260429,8.6,8.7,8.45,8.45,305700
VL,20260429,0.79,0.79,0.78,0.78,159000
VNG,20260429,1.98,2,1.98,1.99,85200
VPO,20260429,0.56,0.6,0.56,0.59,5430000
VRANDA,20260429,4.22,4.22,4.2,4.22,8400
VS,20260429,0.27,0.27,0.25,0.25,12000
WACOAL,20260429,16.9,17.1,16.8,16.8,900
WARRIX,20260429,1.62,1.64,1.61,1.64,423100
WASH,20260429,4.5,4.6,4.48,4.6,620400
WAVE,20260429,0.03,0.03,0.02,0.02,309900
WFX,20260429,1.05,1.08,1.02,1.05,42100
WGE,20260429,0.69,0.7,0.67,0.69,35500
WHA,20260429,4.34,4.52,4.32,4.5,149156100
WHABT,20260429,5.7,5.75,5.65,5.7,74200
WHAIR,20260429,7.4,7.55,7.35,7.55,2339800
WHART,20260429,10.7,10.9,10.6,10.9,2540400
WHAUP,20260429,4.5,4.7,4.46,4.7,9093400
WICE,20260429,2.3,2.4,2.3,2.4,424600
WIIK,20260429,0.84,0.85,0.84,0.85,422500
WIN,20260429,0.27,0.28,0.26,0.28,176300
WINDOW,20260429,0.75,0.76,0.75,0.76,151100
WINMED,20260429,0.9,0.91,0.89,0.9,6600
WINNER,20260429,2.12,2.14,2.1,2.12,563200
WORK,20260429,3.48,3.58,3.48,3.5,4300
WP,20260429,3.8,3.8,3.78,3.8,844200
WPH,20260429,5.6,5.75,5.6,5.7,289000
WSOL,20260429,0.04,0.05,0.03,0.04,16468800
XBIO,20260429,0.07,0.07,0.06,0.06,41879500
XO,20260429,13.1,13.6,13.1,13.5,859200
XPG,20260429,0.45,0.46,0.45,0.45,6758100
XYZ,20260429,0.38,0.38,0.37,0.38,59400
YGG,20260429,0.23,0.25,0.23,0.24,383600
YONG,20260429,0.7,0.73,0.7,0.71,105000
YUASA,20260429,13.8,13.8,13.8,13.8,2100
ZAA,20260429,1.86,1.86,1.75,1.76,13300
ZEN,20260429,5.35,5.35,5.35,5.35,9000
ZIGA,20260429,0.88,0.9,0.88,0.9,1451900
2S-O,20260429,2.74,2.74,2.74,2.74,1
3BBIF-O,20260429,6.8,6.9,6.8,6.85,705
88TH-O,20260429,4.58,4.58,4.5,4.5,102
A-O,20260429,3.4,3.4,3.4,3.4,3
A5-O,20260429,1.85,1.85,1.85,1.85,2
AAI-O,20260429,3.44,3.94,3.44,3.7,617
AAV-O,20260429,1.08,1.09,1.07,1.08,560
ACC-O,20260429,0.43,0.43,0.43,0.43,1
ACE-O,20260429,1.28,1.28,1.28,1.28,55
ACG-O,20260429,0.64,0.64,0.64,0.64,11
ADB-O,20260429,0.52,0.55,0.52,0.55,22
ADD-O,20260429,3.12,3.12,3.12,3.12,20
ADVANC-O,20260429,349,349,347,348,6085
ADVICE-O,20260429,5.75,5.8,5.5,5.8,283
AE-O,20260429,0.08,0.08,0.07,0.07,7
AEONTS-O,20260429,92,93.75,92,93.75,551
AGE-O,20260429,1.22,1.24,1.21,1.21,175
AH-O,20260429,13.1,13.1,13.1,13.1,5
AHC-O,20260429,14,14,14,14,4
AI-O,20260429,2.94,2.94,2.88,2.92,88
AIE-O,20260429,1.13,1.14,1.13,1.14,119
AIMCG-O,20260429,1.37,1.37,1.37,1.37,44
AIMIRT-O,20260429,11.3,11.5,11.3,11.5,25
AIT-O,20260429,4.7,4.76,4.7,4.74,112
AJ-O,20260429,2.8,2.88,2.78,2.8,79
AJA-O,20260429,0.15,0.15,0.15,0.15,26
AKR-O,20260429,0.94,0.94,0.94,0.94,77
ALLA-O,20260429,1.27,1.27,1.27,1.27,2
ALLY-O,20260429,4.56,4.6,4.56,4.6,5
ALT-O,20260429,1.23,1.32,1.23,1.28,31
ALUCON-O,20260429,243,245,243,245,10
AMA-O,20260429,3.88,3.88,3.88,3.88,37
AMANAH-O,20260429,0.63,0.63,0.62,0.62,71
AMARC-O,20260429,4.3,4.3,4.02,4.02,295
AMARIN-O,20260429,2.74,2.74,2.74,2.74,1
AMATA-O,20260429,19.9,22.7,19.9,20.9,1110
AMATAR-O,20260429,6.8,7.1,6.8,7.1,44
AMATAV-O,20260429,1.92,1.92,1.92,1.92,37
AOT-O,20260429,51.25,51.5,50.5,51,9318
AP-O,20260429,8.4,8.65,8.4,8.55,689
APCO-O,20260429,2.62,2.7,2.62,2.64,32
APCS-O,20260429,1.44,1.44,1.44,1.44,10
APP-O,20260429,2.82,2.88,2.82,2.88,5
APURE-O,20260429,2.14,2.14,2.14,2.14,1
AQUA-O,20260429,0.13,0.13,0.13,0.13,1
ARIN-O,20260429,0.51,0.51,0.51,0.51,1
ARROW-O,20260429,5.35,5.35,5.35,5.35,1
AS-O,20260429,2.72,2.72,2.72,2.72,1
ASIAN-O,20260429,7,7.2,7,7.2,7
ASIMAR-O,20260429,1.45,1.45,1.45,1.45,1
ASK-O,20260429,9.15,9.25,9.15,9.25,48
ASP-O,20260429,2.08,2.08,2.04,2.06,62
ASW-O,20260429,7.45,7.6,7.4,7.6,165
ATLAS-O,20260429,1.91,1.92,1.91,1.92,36
AU-O,20260429,4.72,4.72,4.7,4.7,136
AUCT-O,20260429,4.92,4.96,4.92,4.94,11
AURA-O,20260429,14.6,14.9,14.6,14.9,210
AWC-O,20260429,2.1,2.12,2.08,2.12,483
AXTRART-O,20260429,13.2,13.4,13.2,13.3,123
AYUD-O,20260429,38.25,38.25,38,38.25,51
B-O,20260429,0.03,0.04,0.02,0.03,280
B-WORK-O,20260429,5.8,5.8,5.8,5.8,1
B52-O,20260429,0.22,0.22,0.22,0.22,70
BA-O,20260429,13.2,13.6,13.2,13.6,478
BAFS-O,20260429,8.5,8.5,8.5,8.5,2
BAM-O,20260429,7.2,7.45,7.2,7.35,881
BANPU-O,20260429,5.6,5.75,5.6,5.75,1351
BAREIT-O,20260429,10.8,10.8,10.8,10.8,106
BAY-O,20260429,28,28,27.75,28,356
BBGI-O,20260429,3.96,3.98,3.9,3.98,164
BBIK-O,20260429,18,18.3,18,18.3,118
BBL-O,20260429,163,164,162,164,1494
BC-O,20260429,0.72,0.73,0.72,0.73,20
BCH-O,20260429,9.3,9.5,9.3,9.45,2056
BCP-O,20260429,36.25,36.75,36,36.25,477
BCPG-O,20260429,7.05,7.1,7,7.05,161
BCT-O,20260429,48,48,48,48,1
BDMS-O,20260429,18.3,18.4,18.2,18.4,7186
BE8-O,20260429,5.45,5.5,5.25,5.25,121
BEAUTY-O,20260429,0.36,0.36,0.35,0.35,37
BEC-O,20260429,1.9,1.9,1.89,1.89,23
BEM-O,20260429,5.35,5.35,5.25,5.25,401
BGC-O,20260429,5.7,5.7,5.7,5.7,12
BGRIM-O,20260429,12.6,13.4,12.6,13.1,1518
BGT-O,20260429,0.39,0.39,0.37,0.37,21
BH-O,20260429,170,177,169.5,176.5,3628
BIOTEC-O,20260429,0.27,0.27,0.27,0.27,1
BIS-O,20260429,2.04,2.1,2.04,2.06,133
BIZ-O,20260429,4.7,4.74,4.68,4.68,103
BJC-O,20260429,13.9,14.3,13.8,14.3,1565
BJCHI-O,20260429,0.72,0.72,0.71,0.71,8
BKA-O,20260429,0.7,0.73,0.7,0.7,14
BKGI-O,20260429,1.43,1.43,1.43,1.43,1
BKIH-O,20260429,324,324,324,324,9
BLA-O,20260429,20.4,20.5,20.4,20.5,21
BLAND-O,20260429,0.44,0.44,0.44,0.44,1
BLC-O,20260429,3.92,3.92,3.92,3.92,8
BM-O,20260429,1.01,1.01,1.01,1.01,1
BPP-O,20260429,11.6,11.7,11.6,11.7,258
BPS-O,20260429,0.51,0.51,0.51,0.51,80
BR-O,20260429,1.65,1.65,1.65,1.65,1
BRI-O,20260429,1.31,1.31,1.28,1.28,12
BRRGIF-O,20260429,3.78,3.78,3.76,3.76,7
BSBM-O,20260429,0.59,0.59,0.59,0.59,6
BSM-O,20260429,0.34,0.34,0.34,0.34,1
BTC-O,20260429,0.18,0.18,0.17,0.17,60
BTG-O,20260429,22.1,23,21.9,22.9,912
BTS-O,20260429,2.08,2.1,2.08,2.1,697
BTSGIF-O,20260429,2.58,2.7,2.58,2.7,97
BTW-O,20260429,0.09,0.09,0.09,0.09,1
BUI-O,20260429,11,11,11,11,20
BVG-O,20260429,1.61,1.61,1.61,1.61,1
BWG-O,20260429,0.29,0.29,0.29,0.29,67
CAZ-O,20260429,1.49,1.49,1.46,1.46,6
CBG-O,20260429,36.25,37,36.25,36.75,315
CCET-O,20260429,6.15,6.25,6.1,6.1,1028
CCP-O,20260429,0.26,0.26,0.25,0.26,7
CENTEL-O,20260429,31.5,31.5,31,31.25,487
CFARM-O,20260429,0.75,0.8,0.75,0.8,8
CFRESH-O,20260429,0.77,0.77,0.77,0.77,1
CGD-O,20260429,0.12,0.12,0.11,0.11,49
CGH-O,20260429,0.46,0.46,0.44,0.45,32
CHASE-O,20260429,0.47,0.48,0.47,0.48,20
CHAYO-O,20260429,1.01,1.01,1,1.01,573
CHG-O,20260429,1.42,1.44,1.42,1.44,526
CI-O,20260429,0.3,0.3,0.3,0.3,12
CK-O,20260429,16.8,17.2,16.1,16.1,404
CKP-O,20260429,2.3,2.34,2.3,2.32,333
CMR-O,20260429,1.3,1.3,1.3,1.3,102
COLOR-O,20260429,1.04,1.04,1.03,1.03,27
COM7-O,20260429,21.5,22.5,21.4,22.4,1274
CPALL-O,20260429,44.25,45.5,44.25,45.5,9477
CPANEL-O,20260429,1.5,1.55,1.5,1.55,2
CPAXT-O,20260429,14.5,14.8,14.5,14.8,2332
CPF-O,20260429,19.1,19.8,19,19.7,2082
CPL-O,20260429,0.7,0.7,0.7,0.7,15
CPN-O,20260429,61.5,63,61.25,62.75,988
CPNREIT-O,20260429,12.3,12.5,12.2,12.2,557
CPW-O,20260429,2.12,2.12,2.12,2.12,1
CRC-O,20260429,18.1,18.6,18.1,18.5,782
CREDIT-O,20260429,18.6,18.9,18.5,18.9,53
CSC-O,20260429,42.75,42.75,42.75,42.75,8
CTW-O,20260429,3.74,3.74,3.74,3.74,1
CWT-O,20260429,0.78,0.78,0.76,0.77,105
D-O,20260429,2.9,2.9,2.88,2.88,29
DCC-O,20260429,1.25,1.26,1.23,1.25,145
DCON-O,20260429,0.19,0.21,0.19,0.21,65
DDD-O,20260429,5.2,5.2,5.2,5.2,16
DELTA-O,20260429,311,312,308,310,10255
DEMCO-O,20260429,2.22,2.22,2.18,2.2,7
DEXON-O,20260429,0.94,0.96,0.94,0.96,71
DHOUSE-O,20260429,0.38,0.38,0.38,0.38,2
DIF-O,20260429,9.85,10,9.85,9.95,1318
DITTO-O,20260429,10.8,11,10.7,11,178
DMT-O,20260429,11.1,11.2,11.1,11.2,88
DOD-O,20260429,1.65,1.65,1.65,1.65,4
DOHOME-O,20260429,3.44,3.48,3.36,3.38,641
DREIT-O,20260429,4.74,4.74,4.72,4.72,6
DRT-O,20260429,4.66,4.72,4.66,4.72,63
DTCENT-O,20260429,0.88,0.88,0.86,0.87,130
DUSIT-O,20260429,10.5,10.5,10.1,10.2,23
DV8-O,20260429,5.5,5.5,5.5,5.5,69
EA-O,20260429,2.66,2.68,2.64,2.68,578
EASON-O,20260429,1.13,1.13,1.13,1.13,1
EASTW-O,20260429,2.82,3.1,2.82,2.86,316
EFORL-O,20260429,0.13,0.13,0.13,0.13,90
EGCO-O,20260429,111,113,111,113,438
EKH-O,20260429,5.1,5.15,5,5.05,171
EP-O,20260429,0.73,1.03,0.73,1.03,8
EPG-O,20260429,3.4,3.5,3.4,3.5,179
ERW-O,20260429,2.42,2.44,2.42,2.44,189
ESTAR-O,20260429,0.24,0.25,0.21,0.25,42
ETC-O,20260429,0.71,0.88,0.7,0.88,131
F&D-O,20260429,53,53,45.25,45.25,51
FLOYD-O,20260429,0.8,1.14,0.8,1.14,64
FM-O,20260429,4.26,4.28,4.26,4.28,6
FMT-O,20260429,16.6,16.6,16.6,16.6,8
FN-O,20260429,0.5,0.51,0.5,0.51,3
FNS-O,20260429,0.51,0.51,0.51,0.51,2
FORTH-O,20260429,7.75,8.7,7.75,8.55,597
FSMART-O,20260429,6.5,6.65,6.5,6.6,70
FSX-O,20260429,1.19,1.19,1.19,1.19,1
FTREIT-O,20260429,11.8,12,11.8,11.9,200
FUTURERT-O,20260429,8.75,8.8,8.75,8.8,23
GBX-O,20260429,0.53,0.53,0.53,0.53,1
GC-O,20260429,4.38,4.4,4.38,4.4,21
GCAP-O,20260429,0.26,0.26,0.26,0.26,1
GEL-O,20260429,0.02,0.02,0.02,0.02,67
GFPT-O,20260429,9.2,9.2,9.2,9.2,1
GGC-O,20260429,3.98,3.98,3.94,3.94,50
GLOBAL-O,20260429,6.6,6.6,6.5,6.55,199
GLORY-O,20260429,1.35,1.35,1.33,1.33,17
GPSC-O,20260429,34.5,35.25,34.5,35.25,420
GRAMMY-O,20260429,3.48,3.48,3.48,3.48,1
GRAND-O,20260429,0.03,0.03,0.03,0.03,246
GREEN-O,20260429,0.7,0.7,0.68,0.68,15
GULF-O,20260429,57.25,58,57.25,57.5,4522
GUNKUL-O,20260429,2.84,2.9,2.74,2.88,1466
GVREIT-O,20260429,6.7,6.75,6.7,6.75,41
HANA-O,20260429,32.25,33,31.5,31.75,3353
HANN-O,20260429,0.93,0.93,0.93,0.93,29
HENG-O,20260429,0.85,0.85,0.78,0.78,88
HMPRO-O,20260429,6,6.15,4.24,6.1,1408
HPF-O,20260429,5.45,5.45,5.45,5.45,1
HTC-O,20260429,15.4,15.7,15.4,15.7,152
HTECH-O,20260429,3.16,3.16,3.16,3.16,1
HUMAN-O,20260429,4.38,4.38,4.38,4.38,1
HYDRO-O,20260429,2.54,2.54,2.54,2.54,12
I2-O,20260429,0.64,0.64,0.64,0.64,3
ICC-O,20260429,24.1,25,22.1,25,11
ICHI-O,20260429,12.2,12.6,12.2,12.5,1316
ICN-O,20260429,1.89,1.89,1.84,1.84,16
IDG-O,20260429,1.35,1.35,1.35,1.35,9
IFS-O,20260429,1.81,1.81,1.81,1.81,12
IHL-O,20260429,1.43,1.43,1.42,1.42,2
III-O,20260429,3.9,3.9,3.9,3.9,5
ILINK-O,20260429,4.66,4.66,4.66,4.66,78
ILM-O,20260429,13.4,13.5,13.4,13.5,37
IMPACT-O,20260429,11.7,11.8,11.6,11.6,62
IND-O,20260429,1.17,1.17,1.15,1.15,37
INET-O,20260429,3.48,3.56,3.48,3.5,233
INETREIT-O,20260429,12.2,12.3,12.1,12.1,2486
INOX-O,20260429,0.44,0.44,0.44,0.44,15
INSET-O,20260429,3.02,3.04,2.96,2.98,124
INSURE-O,20260429,59.75,59.75,59.5,59.5,10
IP-O,20260429,4.04,4.08,4.04,4.08,197
IRC-O,20260429,11.5,11.5,11.5,11.5,52
IROYAL-O,20260429,4.7,4.7,4.56,4.56,238
IRPC-O,20260429,1.86,2.04,1.86,2,4498
ITC-O,20260429,15.1,16.6,15.1,16.3,1154
ITD-O,20260429,0.27,0.27,0.25,0.25,185
ITEL-O,20260429,1.18,1.22,1.18,1.21,235
ITTHI-O,20260429,1.2,1.2,1.2,1.2,1
IVF-O,20260429,0.68,0.68,0.68,0.68,11
IVL-O,20260429,26,26,25.25,25.25,823
J-O,20260429,0.6,0.6,0.6,0.6,24
JAS-O,20260429,1.14,1.14,1.13,1.14,253
JCK-O,20260429,0.13,0.13,0.11,0.11,171
JMART-O,20260429,7.05,7.2,7.05,7.1,500
JMT-O,20260429,9.6,9.85,9.6,9.7,307
JPARK-O,20260429,3,3,3,3,1
JSP-O,20260429,1.9,1.9,1.9,1.9,11
JTS-O,20260429,45,45,43.75,43.75,578
JUBILE-O,20260429,7.1,7.1,7.1,7.1,86
K-O,20260429,0.97,0.97,0.95,0.95,11
KAMART-O,20260429,7.45,7.5,7.4,7.45,271
KASET-O,20260429,0.8,0.8,0.79,0.79,7
KBANK-O,20260429,194,195,193,194.5,4585
KBS-O,20260429,5.35,5.4,5.35,5.35,134
KBSPIF-O,20260429,8.55,8.65,8.5,8.6,133
KCAR-O,20260429,4.74,4.74,4.74,4.74,7
KCE-O,20260429,30.25,30.75,29.5,30,1836
KCM-O,20260429,0.17,0.17,0.17,0.17,3
KGEN-O,20260429,1.67,1.67,1.67,1.67,11
KGI-O,20260429,3.98,4.04,3.98,4.02,206
KISS-O,20260429,2.82,2.88,2.82,2.88,92
KK-O,20260429,1.03,1.03,1.03,1.03,61
KKP-O,20260429,77,82,77,80.75,4798
KLINIQ-O,20260429,26.75,26.75,25.75,25.75,143
KOOL-O,20260429,0.29,0.29,0.28,0.28,26
KSL-O,20260429,1.47,1.52,1.47,1.52,245
KTB-O,20260429,32.5,33.25,32.5,33.25,8721
KTC-O,20260429,29.5,30,29.5,29.75,757
KTIS-O,20260429,1.9,1.91,1.9,1.91,5
KUMWEL-O,20260429,1.09,1.09,1.08,1.08,2
KUN-O,20260429,0.64,0.64,0.6,0.64,10
KWM-O,20260429,0.83,0.83,0.83,0.83,30
KYE-O,20260429,291,291,291,291,35
LALIN-O,20260429,4.5,4.5,4.5,4.5,4
LANNA-O,20260429,14.6,14.7,14.5,14.6,556
LDC-O,20260429,0.26,0.27,0.26,0.26,112
LEE-O,20260429,2.46,2.46,2.44,2.46,17
LEO-O,20260429,1.72,1.72,1.72,1.72,2
LH-O,20260429,3.64,3.72,3.64,3.68,3124
LHFG-O,20260429,1.13,1.17,1.13,1.17,304
LHHOTEL-O,20260429,12.7,12.9,12.7,12.9,100
LHSC-O,20260429,14.4,14.4,14.3,14.3,24
LIT-O,20260429,0.6,0.6,0.6,0.6,10
LOXLEY-O,20260429,1.31,1.31,1.31,1.31,5
LPH-O,20260429,3.66,3.66,3.66,3.66,8
LPN-O,20260429,1.56,1.56,1.53,1.55,53
LST-O,20260429,4.68,4.68,4.66,4.66,3
LTS-O,20260429,1.98,2,1.97,2,41
M-CHAI-O,20260429,19.3,19.3,19.1,19.1,71
M-O,20260429,18.9,19.2,18.9,19.2,279
MADAME-O,20260429,0.55,0.55,0.55,0.55,63
MAGURO-O,20260429,18.2,18.5,18.1,18.5,45
MAJOR-O,20260429,7,7,6.75,6.75,103
MALEE-O,20260429,4.1,4.1,4.1,4.1,15
MASTEC-O,20260429,1.17,1.17,1.16,1.16,54
MASTER-O,20260429,8.1,8.3,8,8.3,211
MATCH-O,20260429,1.01,1.01,0.95,0.95,3
MATI-O,20260429,3.16,3.16,3.16,3.16,2
MBAX-O,20260429,1.74,1.74,1.72,1.72,16
MBK-O,20260429,17.1,17.2,17.1,17.2,44
MC-O,20260429,11.8,11.8,11.1,11.2,211
MCA-O,20260429,1.14,1.14,1.14,1.14,3
MCOT-O,20260429,6.3,6.3,6.3,6.3,1
MCS-O,20260429,8.1,8.3,8.05,8.15,257
MDX-O,20260429,2.4,2.4,2.4,2.4,20
MEB-O,20260429,12.3,12.5,12.1,12.2,201
MEDEZE-O,20260429,6.2,6.2,6.15,6.15,11
MEGA-O,20260429,34.5,35.5,34.5,35.25,166
METCO-O,20260429,277,277,265,268,39
MFC-O,20260429,20.2,20.2,20.1,20.1,75
MGC-O,20260429,4.58,4.58,4.58,4.58,30
MGI-O,20260429,6.5,6.5,5.05,5.05,118
MGT-O,20260429,1.98,1.98,1.98,1.98,1
MINT-O,20260429,20.6,20.9,20.5,20.7,2762
MITSIB-O,20260429,0.52,0.52,0.5,0.5,125
MJLF-O,20260429,5.1,5.2,5.1,5.2,97
MK-O,20260429,0.51,0.51,0.51,0.51,3
MMM-O,20260429,1.84,2.76,1.84,2.76,530
MONO-O,20260429,0.81,0.83,0.8,0.8,255
MOONG-O,20260429,2.16,2.2,2.14,2.14,150
MOSHI-O,20260429,35,35.75,35,35.75,168
MOTHER-O,20260429,1.12,1.12,1.12,1.12,2
MRDIYT-O,20260429,8.75,8.75,8.75,8.75,6
MSC-O,20260429,5.85,5.85,5.7,5.8,44
MTC-O,20260429,29,30,29,30,722
MTI-O,20260429,15.1,15.1,15,15.1,38
MUD-O,20260429,0.75,0.75,0.75,0.75,3
NAT-O,20260429,1.88,2.08,1.88,2.02,3
NC-O,20260429,1.96,1.96,1.96,1.96,29
NCAP-O,20260429,2.22,2.22,2.22,2.22,3
NCP-O,20260429,1.01,1.01,1.01,1.01,1
NEO-O,20260429,17.7,17.7,17.5,17.5,499
NEP-O,20260429,0.21,0.21,0.21,0.21,1
NER-O,20260429,4.74,4.74,4.72,4.74,128
NETBAY-O,20260429,15.6,16,15.6,16,113
NEX-O,20260429,1.03,1.03,1.03,1.03,1
NKI-O,20260429,11.8,11.8,11.8,11.8,10
NOBLE-O,20260429,1.9,1.9,1.89,1.89,73
NOVA-O,20260429,7.3,7.3,7.3,7.3,2
NRF-O,20260429,0.24,0.24,0.24,0.24,12
NSL-O,20260429,21.9,22.3,21.9,22.1,224
NTF-O,20260429,15.8,19.7,15.1,15.5,1536
NTV-O,20260429,22.2,22.2,22.2,22.2,1
NYT-O,20260429,4.22,4.26,4.2,4.26,322
OKJ-O,20260429,3.3,3.4,3.3,3.3,546
ONEE-O,20260429,2.64,2.72,2.62,2.68,198
ONSENS-O,20260429,1.16,1.16,1.16,1.16,50
OR-O,20260429,12,12.3,12,12.2,2372
ORI-O,20260429,1.81,1.84,1.81,1.84,179
ORN-O,20260429,0.78,0.78,0.78,0.78,70
OSP-O,20260429,15.4,15.4,15.1,15.1,1098
PACO-O,20260429,1.37,1.4,1.37,1.39,49
PAF-O,20260429,1.06,1.06,1.06,1.06,9
PAP-O,20260429,2.38,2.38,2.38,2.38,1
PB-O,20260429,49.75,49.75,49.5,49.5,37
PCE-O,20260429,2.48,2.48,2.46,2.46,58
PCSGH-O,20260429,3.08,3.08,3.08,3.08,30
PDG-O,20260429,3.04,3.06,3.04,3.06,86
PEACE-O,20260429,1.74,1.74,1.74,1.74,10
PEER-O,20260429,0.09,0.09,0.09,0.09,2
PERM-O,20260429,0.2,0.2,0.2,0.2,38
PF-O,20260429,0.04,0.04,0.04,0.04,129
PHG-O,20260429,12.7,12.7,12.7,12.7,10
PIN-O,20260429,4.32,4.32,4.32,4.32,20
PIS-O,20260429,3.7,3.7,3.7,3.7,55
PK-O,20260429,0.59,0.59,0.58,0.58,10
PLANB-O,20260429,4.44,4.52,4.44,4.46,128
PLANET-O,20260429,0.71,0.72,0.68,0.68,52
PLE-O,20260429,0.1,0.1,0.1,0.1,99
PLUS-O,20260429,1.3,1.3,1.3,1.3,10
PM-O,20260429,11.1,12,11.1,11.3,58
PMC-O,20260429,0.86,0.88,0.86,0.87,85
PMTA-O,20260429,10,10,10,10,10
POLY-O,20260429,6.85,6.85,6.8,6.8,20
PORT-O,20260429,0.5,0.5,0.48,0.5,36
PPM-O,20260429,1.42,1.42,1.42,1.42,10
PPPM-O,20260429,0.3,0.3,0.3,0.3,20
PR9-O,20260429,16.4,16.6,16.4,16.4,226
PRAPAT-O,20260429,0.72,0.72,0.72,0.72,2
PRM-O,20260429,8.8,8.95,8.8,8.8,258
PROEN-O,20260429,0.95,0.96,0.94,0.95,26
PROSPECT-O,20260429,5.15,7.35,5.15,7.25,119
PROUD-O,20260429,0.96,0.96,0.96,0.96,15
PRTR-O,20260429,3.16,3.16,3.16,3.16,1
PSGC-O,20260429,3,3.1,3,3.1,202
PSH-O,20260429,3.48,3.48,3.44,3.44,64
PSL-O,20260429,6.7,6.85,6.7,6.85,165
PSP-O,20260429,4.46,4.46,4.46,4.46,1
PT-O,20260429,11.3,12,11.2,11.3,167
PTECH-O,20260429,1.33,1.33,1.33,1.33,10
PTG-O,20260429,8.35,8.45,8.3,8.3,812
PTL-O,20260429,10.2,10.2,10.2,10.2,17
PTT-O,20260429,35.25,35.5,35,35.25,7647
PTTEP-O,20260429,150.5,152.5,149.5,152,4939
PTTGC-O,20260429,37.5,39,37.5,37.75,4256
QDC-O,20260429,0.13,0.13,0.11,0.11,124
QH-O,20260429,1.32,1.36,1.32,1.35,1155
QHBREIT-O,20260429,3.6,3.6,3.6,3.6,4
QHHRREIT-O,20260429,7.4,7.5,7.35,7.4,35
QHOP-O,20260429,3.18,3.18,3.18,3.18,5
QTCG-O,20260429,0.15,0.15,0.15,0.15,1
RABBIT-O,20260429,0.31,0.31,0.3,0.31,97
RAM-O,20260429,18.4,18.4,18.4,18.4,27
RATCH-O,20260429,28.75,29.75,28.5,29.5,772
RBF-O,20260429,3.88,3.98,3.88,3.98,52
RCL-O,20260429,30,31,29.75,31,797
READY-O,20260429,3.24,3.24,3.2,3.2,35
RICHY-O,20260429,0.16,0.16,0.15,0.15,73
RJH-O,20260429,12.4,12.5,12.4,12.5,16
ROCK-O,20260429,11.3,11.3,11.3,11.3,3
ROCTEC-O,20260429,0.56,0.56,0.56,0.56,5
ROJNA-O,20260429,5.25,5.25,5.15,5.25,1097
RP-O,20260429,0.59,0.59,0.34,0.34,95
RPC-O,20260429,0.36,0.36,0.36,0.36,1
RPH-O,20260429,4.96,5.15,4.96,5.15,11
RS-O,20260429,0.19,0.22,0.18,0.18,128
RT-O,20260429,0.28,0.28,0.28,0.28,58
S-O,20260429,0.5,0.5,0.47,0.5,153
SA-O,20260429,7.05,7.05,7.05,7.05,1
SABINA-O,20260429,15.8,16.3,15.8,15.9,169
SAK-O,20260429,3.2,3.2,3.18,3.2,295
SALEE-O,20260429,0.37,0.41,0.37,0.41,5
SAMART-O,20260429,5.25,5.25,5.25,5.25,27
SAMCO-O,20260429,0.7,0.7,0.7,0.7,5
SAPPE-O,20260429,29.75,30,29.5,30,277
SAT-O,20260429,14.8,14.8,14.7,14.7,69
SAUCE-O,20260429,41.75,42,41.75,41.75,344
SAV-O,20260429,10.6,10.6,10.6,10.6,5
SAWAD-O,20260429,23.2,23.9,23.1,23.8,939
SAWANG-O,20260429,6,6,6,6,4
SC-O,20260429,1.98,1.99,1.97,1.98,201
SCAP-O,20260429,1.08,1.11,1.08,1.11,126
SCB-O,20260429,131,132.5,131,132,30086
SCC-O,20260429,225,227,225,226,1382
SCCC-O,20260429,140,140,139,139.5,318
SCG-O,20260429,2.26,2.26,2.26,2.26,1
SCGD-O,20260429,4.94,4.96,4.88,4.92,121
SCGP-O,20260429,24.7,25.25,24,24.8,3186
SCL-O,20260429,1.2,1.2,1.2,1.2,2
SCP-O,20260429,8,8,7.9,8,108
SDC-O,20260429,0.04,0.04,0.04,0.04,5
SE-ED-O,20260429,1.65,1.65,1.65,1.65,32
SE-O,20260429,0.5,0.5,0.47,0.47,13
SEAFCO-O,20260429,2.5,2.5,2.4,2.4,18
SEAOIL-O,20260429,3.36,3.58,3.36,3.44,131
SELIC-O,20260429,2.64,2.64,2.64,2.64,7
SFT-O,20260429,1.63,1.64,1.63,1.64,10
SGC-O,20260429,0.91,0.91,0.9,0.9,11
SGP-O,20260429,8.3,8.35,8.3,8.35,60
SHANG-O,20260429,46.25,46.25,46.25,46.25,1
SHR-O,20260429,1.61,1.61,1.59,1.59,42
SICT-O,20260429,2.46,2.46,2.44,2.44,84
SINGER-O,20260429,5.55,5.6,5.4,5.4,132
SINO-O,20260429,0.9,0.9,0.9,0.9,10
SIRI-O,20260429,1.4,1.43,1.39,1.41,1315
SIS-O,20260429,23.1,23.1,22.8,22.8,99
SISB-O,20260429,10.4,10.4,10.3,10.3,101
SITHAI-O,20260429,1.02,1.02,1.02,1.02,10
SJWD-O,20260429,8,8,7.95,7.95,3
SKE-O,20260429,0.22,0.22,0.2,0.2,2
SKR-O,20260429,7.6,7.6,7.4,7.4,6
SKY-O,20260429,12.2,12.2,12.2,12.2,7
SMD100-O,20260429,1.64,1.64,1.64,1.64,48
SMIT-O,20260429,3.42,3.42,3.42,3.42,50
SMO-O,20260429,4.92,5.05,4.9,5.05,307
SMT-O,20260429,1.86,2.12,1.86,2.12,702
SNC-O,20260429,5.6,5.6,5.6,5.6,79
SNNP-O,20260429,7.3,7.3,7.25,7.25,204
SNP-O,20260429,8.85,8.9,8.8,8.9,97
SO-O,20260429,4.58,4.58,4.52,4.52,59
SOLAR-O,20260429,0.3,0.3,0.3,0.3,5
SONIC-O,20260429,1.51,1.51,1.5,1.5,44
SORKON-O,20260429,3.88,3.9,3.88,3.9,10
SPA-O,20260429,3.02,3.12,3.02,3.12,34
SPACK-O,20260429,1.1,1.1,1.1,1.1,11
SPALI-O,20260429,16.4,16.5,16.3,16.5,626
SPC-O,20260429,57.25,57.25,57.25,57.25,86
SPCG-O,20260429,8.9,8.9,8.85,8.9,146
SPI-O,20260429,47,47,47,47,10
SPRC-O,20260429,7.15,7.35,7.15,7.25,987
SPTX-O,20260429,0.01,0.01,0.01,0.01,678
SPVI-O,20260429,2.84,2.9,2.82,2.82,37
SQ-O,20260429,0.29,0.29,0.29,0.29,1
SRICHA-O,20260429,15.7,17.1,15.7,17.1,90
SSF-O,20260429,5.4,5.4,5.35,5.35,20
SSP-O,20260429,4.04,4.04,4.04,4.04,18
STA-O,20260429,17.9,18.1,17.7,18.1,1031
STANLY-O,20260429,202,203,201,202,29
STECON-O,20260429,11.7,12.7,11.5,11.8,1013
STGT-O,20260429,10.5,10.5,10.3,10.5,365
STP-O,20260429,10.3,10.3,10.3,10.3,20
STPI-O,20260429,4,4.1,4,4.04,57
SUC-O,20260429,27.25,27.25,27.25,27.25,111
SUN-O,20260429,2.68,2.72,2.64,2.64,125
SUPER-O,20260429,0.11,0.11,0.1,0.11,209
SUPEREIF-O,20260429,5.65,5.65,5.65,5.65,27
SUSCO-O,20260429,2.06,2.06,2.04,2.04,159
SVI-O,20260429,7.4,7.5,7.4,7.4,1311
SVR-O,20260429,0.28,0.28,0.28,0.28,2
SVT-O,20260429,1.19,1.19,1.01,1.01,15
SYMC-O,20260429,4.12,4.12,4.12,4.12,30
SYNEX-O,20260429,9.65,10.5,9.65,9.75,39
SYNTEC-O,20260429,1.6,1.6,1.6,1.6,16
TACC-O,20260429,5.3,5.45,5.3,5.4,390
TAE-O,20260429,1.12,1.12,1.11,1.12,148
TAKUNI-O,20260429,0.41,0.41,0.4,0.4,11
TASCO-O,20260429,13.5,13.7,13.5,13.6,257
TATG-O,20260429,1.01,1.01,1.01,1.01,1
TBN-O,20260429,3.88,3.88,3.88,3.88,1
TCAP-O,20260429,55.25,56.75,55.25,56.5,1145
TCC-O,20260429,0.33,0.37,0.33,0.37,80
TEAM-O,20260429,3.82,3.82,3.72,3.72,116
TEAMG-O,20260429,3.02,3.04,3.02,3.04,66
TEGH-O,20260429,3.2,3.2,3.2,3.2,30
TERA-O,20260429,1.1,1.1,1.04,1.04,34
TFFIF-O,20260429,6.5,6.6,6.5,6.6,243
TFG-O,20260429,9,10.1,8.95,9.95,3619
TFM-O,20260429,6.65,6.75,6.6,6.75,36
TFMAMA-O,20260429,189,189,188,188,100
TGE-O,20260429,1.17,1.17,1.15,1.15,21
TGH-O,20260429,11.1,11.1,11,11,45
TGPRO-O,20260429,0.03,0.03,0.03,0.03,12
TH-O,20260429,0.45,0.45,0.45,0.45,1
THAI-O,20260429,5.95,6.05,5.95,6,1894
THANI-O,20260429,1.64,1.68,1.64,1.68,61
THCOM-O,20260429,11.4,11.8,11.4,11.6,655
THG-O,20260429,8.4,8.55,6.1,6.1,130
THRE-O,20260429,0.39,0.4,0.39,0.4,16
THREL-O,20260429,1.01,1.01,1.01,1.01,56
TIDLOR-O,20260429,16.5,17.5,16.5,17.4,1388
TIGER-O,20260429,0.26,0.26,0.26,0.26,91
TIPCO-O,20260429,6.5,6.5,6.35,6.35,4
TIPH-O,20260429,20.9,20.9,20.9,20.9,5
TISCO-O,20260429,115,115,110.5,111,21333
TKC-O,20260429,8.3,8.3,8.3,8.3,1
TKN-O,20260429,3.9,3.96,3.9,3.96,173
TKS-O,20260429,6.15,6.15,6.15,6.15,24
TL-O,20260429,0.37,0.37,0.37,0.37,1
TLI-O,20260429,10.5,10.6,10.5,10.6,429
TM-O,20260429,0.79,0.79,0.79,0.79,1
TMAN-O,20260429,12.8,13.1,12.8,13.1,11
TMD-O,20260429,25,25.25,25,25.25,13
TMILL-O,20260429,2.12,2.12,2.12,2.12,66
TNPC-O,20260429,0.91,0.91,0.87,0.87,83
TNR-O,20260429,4.86,4.86,4.86,4.86,13
TOA-O,20260429,12.7,13,12.7,12.7,23
TOG-O,20260429,6.65,6.65,6.6,6.6,40
TOP-O,20260429,47,49.25,47,48.75,4429
TPA-O,20260429,2.24,2.28,2.24,2.28,2
TPCH-O,20260429,1.7,1.73,1.68,1.73,16
TPIPL-O,20260429,0.84,0.89,0.82,0.89,336
TPIPP-O,20260429,1.92,1.94,1.92,1.94,42
TPLAS-O,20260429,0.98,0.98,0.98,0.98,2
TPS-O,20260429,3.24,3.26,3.24,3.26,58
TQM-O,20260429,14.2,14.8,14.2,14.8,256
TRC-O,20260429,0.32,0.32,0.31,0.31,113
TRITN-O,20260429,0.03,0.03,0.03,0.03,2
TRU-O,20260429,4,4,4,4,10
TRUBB-O,20260429,1.13,1.13,1.09,1.11,100
TRUE-O,20260429,13.7,13.8,13.6,13.6,2083
TSC-O,20260429,14.5,14.5,14.5,14.5,2
TSE-O,20260429,0.74,0.88,0.74,0.88,189
TSR-O,20260429,0.05,0.07,0.05,0.06,71
TSTH-O,20260429,0.79,0.79,0.77,0.77,100
TTA-O,20260429,4.86,4.92,4.84,4.9,182
TTB-O,20260429,2.26,2.3,2.24,2.3,6205
TTCL-O,20260429,0.07,0.07,0.06,0.06,157
TTI-O,20260429,23.2,23.2,23.2,23.2,1
TTLPF-O,20260429,9.8,9.8,9.75,9.8,50
TTW-O,20260429,9.25,9.25,9.2,9.25,795
TU-O,20260429,11,11.5,11,11.4,1211
TURBO-O,20260429,1.44,1.48,1.44,1.46,858
TVH-O,20260429,9.05,9.05,9.05,9.05,21
TVO-O,20260429,24.6,24.9,24.6,24.9,338
TVT-O,20260429,0.22,0.22,0.22,0.22,6
TWP-O,20260429,1.16,1.16,1.16,1.16,6
TWPC-O,20260429,2.82,2.82,2.82,2.82,13
TWZ-O,20260429,0.02,0.02,0.02,0.02,26
UAC-O,20260429,2.78,2.78,2.78,2.78,3
UBA-O,20260429,1.12,1.12,1.12,1.12,1
UBE-O,20260429,0.67,0.69,0.64,0.69,154
UBIS-O,20260429,1.01,1.01,1.01,1.01,1
UKEM-O,20260429,1.2,1.34,1.2,1.23,308
UNIX-O,20260429,1.75,1.77,1.74,1.75,489
UREKA-O,20260429,0.31,0.32,0.31,0.32,18
UTP-O,20260429,7.3,7.4,7.3,7.4,200
UV-O,20260429,0.85,0.85,0.84,0.84,20
UVAN-O,20260429,14.4,14.7,14.3,14.6,294
VARO-O,20260429,3.92,3.92,3.92,3.92,1
VCOM-O,20260429,3.4,3.4,3.4,3.4,1
VGI-O,20260429,0.87,0.88,0.86,0.88,232
VIBHA-O,20260429,1.4,1.41,1.4,1.4,56
VIH-O,20260429,8.65,8.65,8.6,8.6,137
VNG-O,20260429,2,2,2,2,3
VPO-O,20260429,0.56,0.57,0.56,0.57,8
WACOAL-O,20260429,16.9,17.2,16.8,17.2,51
WARRIX-O,20260429,1.63,1.63,1.63,1.63,34
WASH-O,20260429,4.56,4.56,4.56,4.56,8
WFX-O,20260429,1.02,1.02,1.02,1.02,37
WHA-O,20260429,4.34,4.52,4.34,4.5,2215
WHAIR-O,20260429,7.4,7.5,7.4,7.5,48
WHART-O,20260429,7.6,10.9,7.6,10.9,376
WHAUP-O,20260429,4.5,4.7,4.5,4.68,244
WICE-O,20260429,2.36,2.38,2.36,2.38,37
WIIK-O,20260429,0.6,0.84,0.6,0.84,66
WINNER-O,20260429,2.14,2.14,2.12,2.12,20
WORK-O,20260429,3.48,3.56,3.48,3.56,21
WP-O,20260429,3.82,3.82,3.82,3.82,2
WPH-O,20260429,5.6,5.7,5.6,5.7,130
WSOL-O,20260429,0.05,0.05,0.04,0.05,277
XBIO-O,20260429,0.06,0.07,0.06,0.07,100
XO-O,20260429,13.2,13.6,13.2,13.6,544
XPG-O,20260429,0.45,0.47,0.45,0.46,101
YGG-O,20260429,0.24,0.24,0.24,0.24,1
YONG-O,20260429,0.68,0.71,0.68,0.71,99
YUASA-O,20260429,13.8,13.8,13.8,13.8,4
ZEN-O,20260429,5.5,5.5,5.5,5.5,1
ZIGA-O,20260429,0.9,0.9,0.9,0.9,1
RABBIT-P,20260429,0.3,0.32,0.3,0.31,402300
VAYU1,20260429,11,11.1,11,11.1,221400
VAYU1-O,20260429,11.1,11.1,11.1,11.1,94
AAV01C2607A,20260429,0.03,0.03,0.03,0.03,2000
AAV01C2609T,20260429,0.09,0.09,0.09,0.09,5000
AAV01P2607A,20260429,0.32,0.32,0.32,0.32,156500
AAV13C2607A,20260429,0.05,0.06,0.05,0.06,70100
AAV13C2608A,20260429,0.05,0.05,0.05,0.05,100
AAV13C2608B,20260429,0.15,0.15,0.14,0.14,1000000
AAV13C2701T,20260429,0.12,0.12,0.12,0.12,4001400
AAV13P2607A,20260429,0.34,0.34,0.34,0.34,3026200
AAV19C2608A,20260429,0.17,0.17,0.17,0.17,114200
AAV19C2612T,20260429,0.1,0.1,0.1,0.1,1000
AAV41C2609T,20260429,0.08,0.08,0.08,0.08,30000
ADVANC01C2606A,20260429,0.3,0.3,0.3,0.3,19000
ADVANC01C2607A,20260429,0.19,0.19,0.18,0.18,2106800
ADVANC01C2608A,20260429,0.07,0.08,0.07,0.08,126100
ADVANC01C2609A,20260429,0.3,0.3,0.28,0.29,2546400
ADVANC01C2610A,20260429,0.49,0.49,0.47,0.48,824800
ADVANC01C2701T,20260429,0.51,0.51,0.51,0.51,1871500
ADVANC01P2607A,20260429,0.25,0.26,0.25,0.25,807300
ADVANC01P2609A,20260429,0.89,0.9,0.89,0.9,754500
ADVANC13C2607A,20260429,0.18,0.18,0.16,0.17,1889500
ADVANC13C2608B,20260429,0.09,0.09,0.09,0.09,428600
ADVANC13C2608C,20260429,0.16,0.16,0.15,0.16,731700
ADVANC13C2609A,20260429,0.36,0.36,0.34,0.35,1167300
ADVANC13C2701T,20260429,0.35,0.35,0.34,0.35,1293500
ADVANC13P2607A,20260429,0.13,0.13,0.13,0.13,333600
ADVANC13P2609A,20260429,0.61,0.62,0.61,0.62,2008400
ADVANC19C2605A,20260429,0.07,0.07,0.07,0.07,10500
ADVANC19C2607A,20260429,0.1,0.1,0.1,0.1,3830400
ADVANC19C2608A,20260429,0.11,0.11,0.11,0.11,232800
ADVANC19C2609A,20260429,0.33,0.33,0.31,0.32,1322300
ADVANC41C2606T,20260429,0.64,0.64,0.62,0.62,208000
ADVANC41C2607A,20260429,0.15,0.15,0.15,0.15,200
ADVANC41C2608C,20260429,0.14,0.14,0.14,0.14,10200
ADVANC41C2701T,20260429,0.26,0.26,0.25,0.26,20200
AEONTS13C2608A,20260429,0.19,0.21,0.19,0.2,2005700
AIA41C2609A,20260429,0.37,0.37,0.36,0.36,1000
AMATA01C2608A,20260429,0.33,0.43,0.3,0.41,10767500
AMATA13C2608A,20260429,0.34,0.43,0.31,0.42,17734500
AMATA19C2607A,20260429,0.38,0.51,0.35,0.51,1867300
AMATA19C2608A,20260429,0.25,0.34,0.23,0.33,10270000
AMATA41C2608A,20260429,0.32,0.43,0.31,0.41,4452300
AMATA41C2609T,20260429,0.35,0.4,0.33,0.39,117200
AOT01C2605A,20260429,0.01,0.01,0.01,0.01,42700
AOT01C2606T,20260429,0.29,0.29,0.27,0.27,2906700
AOT01C2607A,20260429,0.14,0.14,0.12,0.12,4435500
AOT01C2609A,20260429,0.34,0.34,0.31,0.31,4635800
AOT01P2607A,20260429,0.3,0.32,0.3,0.32,3253700
AOT01P2609A,20260429,0.7,0.73,0.7,0.73,4192500
AOT13C2605B,20260429,0.01,0.01,0.01,0.01,740000
AOT13C2608A,20260429,0.21,0.21,0.18,0.19,8398000
AOT13P2607A,20260429,0.15,0.16,0.15,0.16,1636400
AOT13P2609A,20260429,0.56,0.6,0.56,0.58,11422800
AOT19C2608A,20260429,0.34,0.34,0.3,0.31,3025700
AOT41C2605T,20260429,0.01,0.01,0.01,0.01,292800
AOT41C2608A,20260429,0.18,0.18,0.17,0.17,502400
AOT41C2609T,20260429,0.36,0.36,0.33,0.33,1382700
AOT41P2606T,20260429,0.1,0.1,0.1,0.1,9900
AOT41P2607A,20260429,0.15,0.16,0.15,0.16,300
AWC01C2703T,20260429,0.2,0.2,0.2,0.2,556200
AWC13C2608A,20260429,0.06,0.06,0.06,0.06,577400
AWC13C2608B,20260429,0.18,0.19,0.17,0.18,1535900
AWC13C2701T,20260429,0.16,0.16,0.16,0.16,1902000
BA01C2607A,20260429,0.01,0.02,0.01,0.02,661400
BA13C2607A,20260429,0.05,0.05,0.05,0.05,211000
BA13C2608A,20260429,0.18,0.19,0.18,0.19,2130200
BA19C2609A,20260429,0.23,0.25,0.23,0.25,1378100
BA41C2608A,20260429,0.16,0.17,0.16,0.17,680400
BA41C2611T,20260429,0.15,0.15,0.15,0.15,1500
BABA28C2606A,20260429,0.02,0.04,0.02,0.04,280200
BABA28C2606B,20260429,0.06,0.09,0.06,0.09,200
BABA28C2609A,20260429,0.29,0.29,0.29,0.29,400
BABA41C2606A,20260429,0.16,0.16,0.16,0.16,75600
BABA41C2609T,20260429,0.53,0.53,0.51,0.52,1000
BABA41C2610A,20260429,0.55,0.55,0.54,0.55,1100
BABA41C2701T,20260429,0.65,0.65,0.64,0.65,1400
BABA41P2609A,20260429,0.27,0.27,0.26,0.26,400
BAM13C2607A,20260429,0.04,0.04,0.04,0.04,810200
BAM13C2608A,20260429,0.15,0.18,0.15,0.17,1572100
BAM19C2612T,20260429,0.25,0.28,0.25,0.27,4150600
BAM41C2612T,20260429,0.3,0.3,0.3,0.3,200
BANPU01C2605A,20260429,0.3,0.41,0.3,0.41,523000
BANPU01C2607A,20260429,0.08,0.09,0.08,0.08,341500
BANPU01C2703T,20260429,0.17,0.18,0.17,0.18,798200
BANPU13C2606A,20260429,0.1,0.13,0.1,0.13,1834900
BANPU13C2608A,20260429,0.1,0.11,0.1,0.11,1711900
BANPU13C2609A,20260429,0.17,0.2,0.17,0.2,2602900
BANPU13C2701T,20260429,0.24,0.24,0.24,0.24,100
BANPU13P2609A,20260429,0.31,0.31,0.28,0.28,1078100
BANPU19C2612T,20260429,0.32,0.36,0.32,0.36,495300
BANPU41C2606A,20260429,0.12,0.12,0.12,0.12,200
BANPU41C2608A,20260429,0.09,0.09,0.09,0.09,1000
BANPU41C2609A,20260429,0.16,0.18,0.16,0.18,580400
BANPU41C2612T,20260429,0.25,0.26,0.25,0.26,2410200
BBL13C2607A,20260429,0.09,0.09,0.09,0.09,26000
BBL13C2607B,20260429,0.16,0.16,0.16,0.16,1977300
BBL13C2608A,20260429,0.29,0.31,0.29,0.3,8529500
BBL13P2608A,20260429,0.32,0.33,0.31,0.32,3153800
BBL19C2612T,20260429,0.43,0.43,0.42,0.43,2459800
BBL41C2608A,20260429,0.27,0.29,0.27,0.28,1088200
BBL41C2609T,20260429,0.41,0.41,0.4,0.41,116400
BCH01C2607A,20260429,0.01,0.01,0.01,0.01,1201000
BCH01C2609A,20260429,0.12,0.12,0.12,0.12,187400
BCH13C2607A,20260429,0.19,0.21,0.19,0.21,1673600
BCH13C2609A,20260429,0.14,0.14,0.14,0.14,710200
BCH19C2607A,20260429,0.05,0.05,0.05,0.05,600000
BCH41C2607A,20260429,0.18,0.2,0.18,0.2,1760800
BCH41C2703T,20260429,0.18,0.18,0.18,0.18,100000
BCP01C2608A,20260429,0.15,0.15,0.15,0.15,2278800
BCP13C2608A,20260429,0.3,0.33,0.3,0.3,10444400
BCP13C2608B,20260429,0.13,0.14,0.12,0.12,6839500
BCP19C2605A,20260429,0.35,0.35,0.35,0.35,6000
BCP19C2607A,20260429,0.24,0.26,0.24,0.25,7152100
BCP41C2607A,20260429,0.57,0.57,0.55,0.55,200
BCP41C2608A,20260429,0.3,0.31,0.3,0.3,1122500
BCPG01C2607A,20260429,0.37,0.38,0.36,0.37,3825100
BCPG13C2607A,20260429,0.16,0.17,0.16,0.16,9372800
BCPG13C2608A,20260429,0.11,0.11,0.1,0.1,1375400
BCPG19C2605A,20260429,0.02,0.02,0.02,0.02,300
BCPG19C2609A,20260429,0.31,0.33,0.31,0.32,3360800
BCPG41C2606T,20260429,0.2,0.2,0.2,0.2,2402300
BCPG41C2607A,20260429,0.16,0.16,0.15,0.15,600400
BCPG41C2612T,20260429,0.18,0.18,0.18,0.18,2900700
BDMS01C2607A,20260429,0.05,0.05,0.05,0.05,11900
BDMS01C2609A,20260429,0.2,0.22,0.2,0.21,2678900
BDMS01P2607A,20260429,0.21,0.21,0.2,0.2,1421600
BDMS13C2607A,20260429,0.07,0.08,0.07,0.07,377800
BDMS13C2608A,20260429,0.04,0.06,0.04,0.06,206000
BDMS13C2608B,20260429,0.18,0.19,0.18,0.19,2113200
BDMS13C2701T,20260429,0.2,0.21,0.2,0.2,484100
BDMS13P2607A,20260429,0.24,0.24,0.24,0.24,17000
BDMS19C2608A,20260429,0.19,0.19,0.18,0.19,2979000
BDMS41C2608B,20260429,0.17,0.17,0.17,0.17,200
BDMS41C2609T,20260429,0.03,0.05,0.03,0.05,6100
BDMS41C2612T,20260429,0.15,0.15,0.15,0.15,903000
BGRIM01C2608A,20260429,0.1,0.13,0.1,0.12,4537300
BGRIM01C2609A,20260429,0.23,0.29,0.23,0.27,9933300
BGRIM13C2605A,20260429,0.01,0.01,0.01,0.01,200200
BGRIM13C2607A,20260429,0.07,0.09,0.07,0.08,4373800
BGRIM13C2608A,20260429,0.21,0.27,0.21,0.26,18009800
BGRIM13C2608B,20260429,0.32,0.41,0.32,0.39,5289100
BGRIM13P2608A,20260429,0.37,0.38,0.3,0.32,6695700
BGRIM13P2609A,20260429,0.2,0.2,0.17,0.18,2958400
BGRIM19C2607A,20260429,0.1,0.13,0.1,0.13,6152500
BGRIM19C2609A,20260429,0.27,0.34,0.27,0.33,9190000
BGRIM41C2608B,20260429,0.31,0.38,0.31,0.37,5144200
BGRIM41C2608T,20260429,0.13,0.15,0.13,0.15,1320200
BGRIM41C2701T,20260429,0.36,0.39,0.36,0.38,3186600
BH01C2607A,20260429,0.65,0.85,0.65,0.85,228300
BH01C2608A,20260429,0.08,0.1,0.08,0.1,1811500
BH01C2609A,20260429,0.67,0.77,0.67,0.77,3298000
BH01C2609B,20260429,0.63,0.76,0.63,0.76,5287600
BH01P2607A,20260429,0.03,0.03,0.03,0.03,40000
BH01P2607B,20260429,0.17,0.17,0.14,0.14,4276300
BH01P2608A,20260429,0.52,0.52,0.43,0.43,4427000
BH13C2605A,20260429,0.01,0.01,0.01,0.01,60000
BH13C2607A,20260429,0.58,0.76,0.57,0.76,3465200
BH13C2608A,20260429,0.09,0.12,0.09,0.12,16586300
BH13C2608B,20260429,0.34,0.44,0.34,0.44,44945500
BH13P2608A,20260429,0.44,0.44,0.37,0.37,5552800
BH19C2605A,20260429,0.02,0.02,0.02,0.02,100
BH19C2607B,20260429,0.05,0.05,0.05,0.05,1000
BH19C2608A,20260429,0.33,0.45,0.33,0.45,26824000
BH41C2605A,20260429,0.01,0.01,0.01,0.01,220000
BH41C2605T,20260429,0.01,0.01,0.01,0.01,100000
BH41C2607A,20260429,0.58,0.71,0.57,0.71,1100800
BH41C2608B,20260429,0.33,0.41,0.33,0.41,4542000
BH41C2611T,20260429,0.5,0.58,0.5,0.58,2703000
BIDU28C2610A,20260429,0.28,0.28,0.24,0.27,9224000
BIDU41C2606A,20260429,0.09,0.09,0.07,0.07,200400
BIDU41C2609A,20260429,0.11,0.11,0.09,0.1,433200
BIDU41C2609T,20260429,1.13,1.13,0.96,1.03,15200
BIDU41C2610A,20260429,0.78,0.78,0.62,0.69,269300
BJC01C2608A,20260429,0.11,0.11,0.11,0.11,136300
BJC13C2607A,20260429,0.11,0.13,0.11,0.13,3087200
BJC19C2612T,20260429,0.28,0.31,0.28,0.31,1855800
BLA01C2607A,20260429,0.13,0.14,0.13,0.14,741500
BLA01C2609A,20260429,0.34,0.34,0.32,0.34,474800
BLA13C2607A,20260429,0.14,0.15,0.14,0.15,2001500
BLA13C2608A,20260429,0.27,0.29,0.27,0.28,1243900
BLA19C2608A,20260429,0.3,0.31,0.28,0.31,827500
BLA41C2606T,20260429,0.12,0.12,0.12,0.12,100
BTG01C2607A,20260429,0.54,0.54,0.54,0.54,200
BTG01C2609A,20260429,0.4,0.48,0.38,0.46,3773200
BTG01C2704T,20260429,0.14,0.15,0.14,0.15,1773200
BTG01P2609A,20260429,0.49,0.5,0.46,0.46,2148400
BTG13C2608A,20260429,0.42,0.5,0.39,0.49,10424500
BTG13C2609A,20260429,0.32,0.38,0.31,0.36,10528600
BTG13C2609B,20260429,0.12,0.13,0.12,0.13,10143800
BTG13P2609A,20260429,0.49,0.51,0.46,0.46,5468000
BTG19C2608A,20260429,0.3,0.37,0.28,0.35,8542600
BTG41C2609A,20260429,0.31,0.36,0.3,0.36,1001800
BTG41C2703T,20260429,0.31,0.34,0.3,0.34,900
BTS13C2607A,20260429,0.06,0.07,0.06,0.06,42000
BTS13C2609A,20260429,0.17,0.18,0.17,0.18,520100
BTS13C2701T,20260429,0.12,0.12,0.12,0.12,10000
BTS13P2608A,20260429,0.2,0.2,0.19,0.19,537000
BTS19C2609A,20260429,0.2,0.21,0.2,0.21,160600
BTS41C2609A,20260429,0.15,0.15,0.15,0.15,100
BTS41C2612T,20260429,0.03,0.03,0.03,0.03,8000
BYDCOM41C2609A,20260429,0.63,0.65,0.6,0.65,2000
CBG01C2609A,20260429,0.18,0.21,0.18,0.2,2731100
CBG01C2610T,20260429,0.06,0.06,0.05,0.05,25000
CBG01P2609A,20260429,0.35,0.35,0.32,0.32,1338600
CBG13C2607A,20260429,0.02,0.02,0.02,0.02,54000
CBG13C2608A,20260429,0.12,0.14,0.12,0.13,3701900
CBG13C2608B,20260429,0.16,0.19,0.16,0.18,6393700
CBG19C2607A,20260429,0.03,0.03,0.03,0.03,10000
CBG19C2608A,20260429,0.24,0.26,0.24,0.25,5562400
CBG41C2703T,20260429,0.24,0.24,0.24,0.24,29100
CCET13C2607A,20260429,0.27,0.28,0.27,0.28,3539900
CCET13C2608A,20260429,0.72,0.74,0.71,0.71,165000
CCET13C2609A,20260429,0.41,0.43,0.41,0.42,5407500
CCET13C2609B,20260429,0.26,0.28,0.26,0.27,3929100
CCET41C2607A,20260429,0.39,0.39,0.39,0.39,111100
CCET41C2609T,20260429,0.17,0.18,0.17,0.17,75000
CENTEL01C2609A,20260429,0.18,0.18,0.18,0.18,5761100
CENTEL13C2608A,20260429,0.07,0.07,0.07,0.07,1500
CENTEL13C2608B,20260429,0.19,0.19,0.19,0.19,7902300
CENTEL41C2701T,20260429,0.22,0.23,0.22,0.23,700
CHG13C2608A,20260429,0.08,0.08,0.08,0.08,546800
CK01C2608A,20260429,0.36,0.38,0.36,0.38,3659500
CK13C2607A,20260429,0.41,0.45,0.41,0.44,4810000
CK13C2608A,20260429,0.2,0.21,0.2,0.2,13060200
CK19C2609A,20260429,0.3,0.32,0.3,0.31,6150300
COM701C2607A,20260429,0.27,0.36,0.27,0.34,10502700
COM701C2705T,20260429,0.31,0.34,0.31,0.34,10793200
COM713C2605A,20260429,0.02,0.02,0.01,0.01,121000
COM713C2607A,20260429,0.24,0.32,0.24,0.31,14222600
COM713C2608A,20260429,0.06,0.08,0.06,0.08,5471300
COM719C2605A,20260429,0.02,0.02,0.02,0.02,30100
COM741C2606T,20260429,0.04,0.04,0.04,0.04,1000
COM741C2607A,20260429,0.23,0.28,0.23,0.27,401200
COM741C2609T,20260429,0.25,0.28,0.25,0.28,3471000
CPALL01C2607A,20260429,0.11,0.13,0.11,0.12,1853700
CPALL01C2608A,20260429,0.03,0.03,0.03,0.03,1163700
CPALL01C2610A,20260429,0.21,0.23,0.21,0.23,2156800
CPALL01C2703T,20260429,0.22,0.23,0.22,0.23,1268800
CPALL01P2607A,20260429,0.12,0.12,0.1,0.1,1343800
CPALL01P2608A,20260429,0.49,0.49,0.49,0.49,9200
CPALL13C2607A,20260429,0.09,0.1,0.09,0.1,623600
CPALL13C2608A,20260429,0.06,0.07,0.06,0.07,2109200
CPALL13C2609A,20260429,0.24,0.27,0.24,0.27,2495600
CPALL13C2701T,20260429,0.21,0.22,0.21,0.22,2367800
CPALL13P2608A,20260429,0.15,0.15,0.13,0.13,702800
CPALL19C2607A,20260429,0.15,0.17,0.15,0.17,2127000
CPALL19C2612A,20260429,0.11,0.12,0.11,0.12,444800
CPALL41C2605T,20260429,0.01,0.01,0.01,0.01,500
CPALL41C2609A,20260429,0.21,0.23,0.21,0.22,960500
CPALL41C2612T,20260429,0.14,0.14,0.14,0.14,6100
CPF01C2609A,20260429,0.17,0.21,0.17,0.21,3818900
CPF01C2611T,20260429,0.13,0.15,0.13,0.15,934900
CPF01P2608A,20260429,0.45,0.45,0.37,0.37,1286300
CPF13C2608A,20260429,0.1,0.13,0.1,0.13,4365300
CPF13C2609A,20260429,0.2,0.26,0.2,0.26,5440300
CPF13P2608A,20260429,0.39,0.39,0.32,0.32,1330500
CPF19C2608A,20260429,0.07,0.09,0.07,0.09,600000
CPF41C2608A,20260429,0.11,0.11,0.11,0.11,100
CPF41C2609T,20260429,0.06,0.06,0.06,0.06,1000
CPF41C2612T,20260429,0.14,0.15,0.14,0.15,2100
CPN01C2606T,20260429,0.17,0.2,0.17,0.19,2687200
CPN01C2608A,20260429,0.26,0.31,0.26,0.28,2425100
CPN01P2608A,20260429,0.2,0.2,0.18,0.18,1366400
CPN13C2608A,20260429,0.28,0.34,0.28,0.31,4466400
CPN13P2608A,20260429,0.18,0.18,0.16,0.16,339500
CPN19C2609T,20260429,0.31,0.36,0.31,0.34,3052100
CPN41C2608A,20260429,0.27,0.32,0.27,0.31,30200
CPN41C2608T,20260429,0.38,0.42,0.38,0.42,1800600
CRC01C2609A,20260429,0.15,0.17,0.15,0.16,1844800
CRC01C2609B,20260429,0.33,0.38,0.33,0.37,3799100
CRC01C2610T,20260429,0.22,0.25,0.22,0.24,4507400
CRC13C2606A,20260429,0.05,0.06,0.05,0.05,1490800
CRC13C2608A,20260429,0.32,0.37,0.32,0.35,8183600
CRC19C2612A,20260429,0.3,0.33,0.3,0.33,6832800
CRC41C2609T,20260429,0.14,0.14,0.14,0.14,200
DELTA01C2605A,20260429,1.93,2,1.9,1.99,3250200
DELTA01C2605B,20260429,4.92,5.05,4.86,5.05,14800
DELTA01C2607A,20260429,1.25,1.3,1.23,1.29,2377200
DELTA01C2608A,20260429,0.83,0.87,0.82,0.86,11716400
DELTA01P2608A,20260429,0.36,0.37,0.35,0.36,7905600
DELTA13C2605A,20260429,0.83,0.89,0.8,0.88,126400
DELTA13C2605B,20260429,3.1,3.34,3.1,3.34,10200
DELTA13C2606A,20260429,1.7,1.77,1.7,1.76,28000
DELTA13C2607A,20260429,0.72,0.72,0.68,0.71,1948100
DELTA13C2607B,20260429,0.74,0.77,0.71,0.76,30463900
DELTA13C2608A,20260429,0.45,0.46,0.43,0.46,11785600
DELTA13C2609A,20260429,0.3,0.3,0.28,0.3,16531200
DELTA13P2606A,20260429,0.02,0.02,0.02,0.02,626600
DELTA13P2607A,20260429,0.19,0.2,0.17,0.17,17001200
DELTA13P2608A,20260429,0.66,0.66,0.63,0.63,13489300
DELTA19C2607A,20260429,1.09,1.11,1.09,1.1,113200
DELTA19C2608A,20260429,0.89,0.91,0.86,0.91,8123900
DELTA19P2606A,20260429,0.01,0.02,0.01,0.02,400
DELTA19P2607A,20260429,0.12,0.12,0.11,0.12,2805900
DELTA19P2608A,20260429,0.49,0.49,0.48,0.48,7613000
DELTA19P2609A,20260429,0.8,0.8,0.77,0.78,6199800
DELTA41C2605A,20260429,0.84,0.85,0.84,0.85,60000
DELTA41C2606A,20260429,1.71,1.71,1.66,1.69,300000
DELTA41C2607A,20260429,0.66,0.69,0.65,0.69,1574000
DELTA41C2607B,20260429,0.7,0.73,0.68,0.71,2466800
DELTA41C2608A,20260429,0.44,0.46,0.43,0.46,1836400
DELTA41C2608T,20260429,2.18,2.2,2.18,2.2,200
DELTA41C2609A,20260429,0.28,0.29,0.27,0.28,1012200
DELTA41C2612T,20260429,1.5,1.51,1.48,1.51,100500
DELTA41C2703T,20260429,0.99,0.99,0.96,0.99,1054200
DELTA41P2605A,20260429,0.01,0.01,0.01,0.01,100
DJI41C2606A,20260429,0.3,0.3,0.29,0.3,177600
DJI41P2606A,20260429,0.32,0.33,0.32,0.33,152500
DJI41P2606B,20260429,0.21,0.21,0.21,0.21,5000
DOHOME01C2608A,20260429,0.18,0.19,0.17,0.17,2841100
DOHOME13C2607A,20260429,0.17,0.18,0.16,0.16,1246600
DOHOME19C2701T,20260429,0.49,0.49,0.46,0.46,1688200
DOHOME41C2612T,20260429,0.13,0.14,0.13,0.14,200
EA13C2605A,20260429,0.02,0.02,0.02,0.02,1500
EA13C2607A,20260429,0.04,0.04,0.03,0.04,2421200
EA13C2607B,20260429,0.03,0.03,0.03,0.03,109100
EA13C2608A,20260429,0.18,0.2,0.18,0.19,12572300
EA19C2606A,20260429,0.05,0.05,0.05,0.05,412000
EA19C2609A,20260429,0.24,0.24,0.24,0.24,1000800
EA41C2609T,20260429,0.19,0.2,0.18,0.19,1000
EGCO41C2612T,20260429,0.24,0.24,0.24,0.24,14400
ERW01C2608A,20260429,0.08,0.08,0.08,0.08,104100
ERW01C2611T,20260429,0.21,0.21,0.2,0.2,1098300
ERW13C2608A,20260429,0.07,0.07,0.07,0.07,150000
ERW13C2608B,20260429,0.18,0.19,0.18,0.18,3918600
ERW19C2609A,20260429,0.17,0.18,0.17,0.17,10173500
ERW41C2611T,20260429,0.31,0.31,0.3,0.3,1102200
GFPT01C2705T,20260429,0.3,0.31,0.3,0.31,938000
GFPT13C2608A,20260429,0.3,0.34,0.3,0.32,5185000
GLOBAL13C2608A,20260429,0.13,0.13,0.11,0.13,2429500
GLOBAL13C2608B,20260429,0.31,0.33,0.29,0.32,14354700
GLOBAL41C2608A,20260429,0.12,0.12,0.1,0.11,966200
GLOBAL41C2612T,20260429,0.36,0.37,0.35,0.36,6093400
GPSC01C2605A,20260429,0.01,0.01,0.01,0.01,209000
GPSC01C2608A,20260429,0.05,0.05,0.05,0.05,9000
GPSC01C2609A,20260429,0.18,0.2,0.18,0.19,8670600
GPSC01C2609T,20260429,0.11,0.11,0.11,0.11,2050400
GPSC01P2607A,20260429,0.24,0.24,0.22,0.22,4318300
GPSC13C2606A,20260429,0.05,0.05,0.05,0.05,40100
GPSC13C2608A,20260429,0.06,0.07,0.06,0.07,2508800
GPSC13C2608B,20260429,0.2,0.22,0.2,0.21,17033900
GPSC13C2701T,20260429,0.14,0.15,0.14,0.15,9184300
GPSC13P2609A,20260429,0.3,0.3,0.28,0.28,4612000
GPSC19C2608B,20260429,0.23,0.25,0.23,0.24,7458300
GPSC41C2608B,20260429,0.19,0.21,0.19,0.21,2301900
GPSC41C2703T,20260429,0.22,0.23,0.21,0.22,11300
GPSC41P2608A,20260429,0.52,0.52,0.51,0.51,200
GULF01C2606T,20260429,0.12,0.13,0.12,0.13,970900
GULF01C2608A,20260429,0.6,0.61,0.59,0.6,1217700
GULF01C2608B,20260429,0.32,0.35,0.32,0.33,1983800
GULF01C2609A,20260429,0.27,0.29,0.27,0.28,3781100
GULF01C2702T,20260429,0.51,0.52,0.51,0.52,275800
GULF01P2608A,20260429,0.04,0.04,0.04,0.04,1000
GULF01P2608B,20260429,0.15,0.15,0.15,0.15,929000
GULF01P2609A,20260429,0.49,0.49,0.47,0.48,2085100
GULF13C2607A,20260429,0.48,0.51,0.48,0.5,1004800
GULF13C2608A,20260429,0.35,0.37,0.35,0.36,5256600
GULF13C2609A,20260429,0.25,0.26,0.25,0.26,6805600
GULF13P2608A,20260429,0.3,0.3,0.28,0.28,1355400
GULF19C2607A,20260429,0.5,0.51,0.5,0.51,12500
GULF19C2607B,20260429,0.22,0.23,0.22,0.23,2163500
GULF41C2607A,20260429,0.46,0.48,0.46,0.48,1100
GULF41C2608A,20260429,0.32,0.34,0.32,0.34,350500
GULF41C2609A,20260429,0.22,0.24,0.22,0.24,2300
GULF41C2609T,20260429,0.36,0.37,0.36,0.36,110200
GUNKUL01C2608A,20260429,0.35,0.39,0.32,0.38,1086700
GUNKUL01C2704T,20260429,0.32,0.33,0.3,0.33,12020900
GUNKUL13C2608A,20260429,0.55,0.58,0.5,0.58,2939300
GUNKUL13C2608B,20260429,0.28,0.3,0.24,0.3,12485500
GUNKUL19C2609A,20260429,0.43,0.47,0.39,0.47,5709100
GUNKUL41C2702T,20260429,0.33,0.34,0.31,0.34,1801200
HANA01C2606A,20260429,2.66,2.68,2.52,2.58,85000
HANA01C2608A,20260429,2.24,2.24,2,2.06,122800
HANA01C2609A,20260429,0.42,0.45,0.39,0.41,2891200
HANA13C2607A,20260429,2.48,2.52,2.46,2.52,16600
HANA13C2608A,20260429,1.67,1.67,1.56,1.58,36900
HANA13C2608B,20260429,0.98,1.02,0.91,0.95,114800
HANA13C2608C,20260429,0.46,0.48,0.42,0.45,3340600
HANA13C2701T,20260429,0.98,0.98,0.96,0.96,300
HANA13P2607A,20260429,0.03,0.04,0.03,0.04,23100
HANA13P2608A,20260429,0.22,0.23,0.21,0.22,4394000
HANA19C2609A,20260429,0.44,0.45,0.41,0.43,1641800
HANA41C2608T,20260429,1.42,1.42,1.42,1.42,400
HANA41C2612T,20260429,0.82,0.83,0.79,0.8,1400
HANA41C2702T,20260429,0.36,0.37,0.34,0.36,4232300
HMPRO01C2609A,20260429,0.21,0.22,0.21,0.21,1946400
HMPRO13C2608A,20260429,0.08,0.08,0.08,0.08,1006000
HMPRO13C2609A,20260429,0.2,0.2,0.2,0.2,3180700
HMPRO19C2609A,20260429,0.22,0.23,0.22,0.23,922000
HMPRO41C2606T,20260429,0.01,0.01,0.01,0.01,99900
HMPRO41C2612T,20260429,0.16,0.16,0.16,0.16,4000
HSI18C2606A,20260429,0.48,0.49,0.48,0.48,81500
HSI28C2604A,20260429,0.01,0.01,0.01,0.01,62000
HSI28C2604C,20260429,0.01,0.01,0.01,0.01,10000
HSI28C2605A,20260429,0.04,0.04,0.04,0.04,600500
HSI28C2605B,20260429,0.12,0.14,0.11,0.12,5192900
HSI28C2605C,20260429,0.43,0.49,0.43,0.46,65653100
HSI28C2605D,20260429,0.8,0.85,0.8,0.84,397400
HSI28C2606A,20260429,0.14,0.16,0.14,0.16,777500
HSI28C2606B,20260429,0.68,0.75,0.68,0.71,9725800
HSI28C2606C,20260429,0.28,0.31,0.28,0.3,7868100
HSI28C2607A,20260429,0.61,0.66,0.61,0.64,5167100
HSI28P2605A,20260429,0.14,0.14,0.11,0.12,14300000
HSI28P2605B,20260429,0.06,0.06,0.06,0.06,1300
HSI28P2605C,20260429,0.02,0.02,0.02,0.02,53000
HSI28P2606A,20260429,0.29,0.29,0.27,0.28,14413200
HSI28P2606B,20260429,0.62,0.62,0.57,0.58,56614100
HSI28P2607A,20260429,0.44,0.44,0.41,0.41,5420100
HSTECH18C2606A,20260429,0.45,0.45,0.45,0.45,3000
HSTECH28P2606A,20260429,0.49,0.49,0.46,0.48,300
ICHI01C2608A,20260429,0.06,0.06,0.06,0.06,1000
ICHI13C2609A,20260429,0.13,0.15,0.13,0.14,2507400
ICHI19C2609T,20260429,0.12,0.12,0.12,0.12,93800
IRPC01C2607A,20260429,0.89,1.29,0.89,1.21,1667300
IRPC01C2609A,20260429,0.59,0.85,0.59,0.8,2179600
IRPC01C2609B,20260429,0.42,0.6,0.42,0.56,7124600
IRPC01C2703T,20260429,0.18,0.22,0.18,0.22,11085400
IRPC13C2608A,20260429,0.81,1.04,0.81,1,323600
IRPC13C2608B,20260429,0.41,0.61,0.4,0.59,16098900
IRPC13C2609A,20260429,0.38,0.53,0.37,0.5,21448900
IRPC13C2609B,20260429,0.18,0.25,0.18,0.24,7581800
IRPC13C2701T,20260429,0.85,0.85,0.77,0.8,70100
IRPC19C2609T,20260429,0.58,0.77,0.58,0.75,1396600
IRPC41C2609A,20260429,0.35,0.5,0.35,0.5,8153900
IRPC41C2609B,20260429,0.18,0.25,0.18,0.23,4781500
IRPC41C2703T,20260429,0.72,0.85,0.72,0.82,1211200
ITC01C2606T,20260429,0.16,0.24,0.16,0.22,13917800
ITC13C2608A,20260429,0.14,0.23,0.14,0.2,30648300
ITC19C2609T,20260429,0.17,0.25,0.17,0.23,12891800
ITC41C2612T,20260429,0.19,0.23,0.19,0.22,121300
IVL01C2605A,20260429,1.65,1.7,1.59,1.59,165300
IVL01C2607A,20260429,0.48,0.53,0.45,0.45,1343200
IVL01C2608A,20260429,0.09,0.1,0.08,0.08,3431900
IVL01C2609A,20260429,1.13,1.21,1.09,1.09,670600
IVL01C2609B,20260429,0.22,0.23,0.2,0.2,7105700
IVL01P2607A,20260429,0.03,0.03,0.03,0.03,88800
IVL01P2608A,20260429,0.18,0.19,0.17,0.19,2725200
IVL01P2609A,20260429,0.31,0.32,0.28,0.32,1887100
IVL13C2605A,20260429,1,1,1,1,100
IVL13C2607A,20260429,0.38,0.43,0.35,0.37,2418700
IVL13C2608A,20260429,0.82,0.84,0.71,0.74,580800
IVL13C2609A,20260429,0.69,0.73,0.64,0.67,1561400
IVL13C2609B,20260429,0.24,0.25,0.22,0.23,8921000
IVL13P2608A,20260429,0.26,0.27,0.25,0.26,2423000
IVL19C2607A,20260429,0.53,0.56,0.48,0.51,1388100
IVL19C2609A,20260429,0.24,0.24,0.21,0.23,5479500
IVL19P2608A,20260429,0.24,0.26,0.23,0.26,1953700
IVL41C2605A,20260429,1.04,1.04,1.04,1.04,100
IVL41C2605T,20260429,0.04,0.04,0.04,0.04,100
IVL41C2607A,20260429,0.39,0.42,0.39,0.39,2100
IVL41C2608A,20260429,0.8,0.83,0.8,0.83,360500
IVL41C2609A,20260429,0.67,0.67,0.67,0.67,150100
IVL41C2609B,20260429,0.22,0.23,0.21,0.21,700400
IVL41C2702T,20260429,0.52,0.55,0.5,0.51,3296700
JAS13C2609A,20260429,0.23,0.25,0.23,0.24,5700600
JAS19C2701T,20260429,0.33,0.33,0.33,0.33,2277500
JD41C2606A,20260429,0.24,0.25,0.24,0.25,1000
JMART01C2608A,20260429,0.14,0.14,0.14,0.14,2337300
JMART01C2705T,20260429,0.28,0.28,0.28,0.28,1385100
JMART13C2608A,20260429,0.15,0.16,0.15,0.16,2547300
JMART13C2609A,20260429,0.37,0.39,0.36,0.38,10495500
JMART13C2701T,20260429,0.18,0.18,0.18,0.18,969900
JMART19C2609A,20260429,0.31,0.33,0.31,0.32,5428600
JMART19C2612A,20260429,0.27,0.27,0.27,0.27,1583300
JMART41C2703T,20260429,0.29,0.3,0.29,0.3,600
JMT01C2605A,20260429,0.03,0.03,0.03,0.03,5000
JMT01C2608A,20260429,0.12,0.12,0.11,0.11,5477800
JMT01C2701T,20260429,0.34,0.35,0.33,0.33,4731000
JMT13C2607A,20260429,0.34,0.38,0.34,0.36,11841800
JMT13C2608A,20260429,0.15,0.16,0.14,0.14,3345900
JMT13C2701T,20260429,0.28,0.3,0.28,0.28,2538400
JMT19C2605A,20260429,0.04,0.04,0.03,0.03,246900
JMT19C2608A,20260429,0.13,0.14,0.13,0.13,1941300
JMT41C2608A,20260429,0.13,0.13,0.13,0.13,300
JMT41C2611T,20260429,0.12,0.12,0.12,0.12,50000
JMT41C2703T,20260429,0.49,0.51,0.49,0.5,1900800
KBANK01C2607A,20260429,0.3,0.31,0.3,0.31,419700
KBANK01C2608A,20260429,0.14,0.14,0.14,0.14,626000
KBANK01C2609A,20260429,0.79,0.79,0.75,0.75,1417100
KBANK01C2610A,20260429,0.58,0.59,0.57,0.59,2155600
KBANK01P2610A,20260429,0.7,0.7,0.69,0.69,634600
KBANK13C2607A,20260429,0.11,0.11,0.1,0.11,696200
KBANK13C2607B,20260429,0.33,0.34,0.32,0.34,9264900
KBANK13C2609A,20260429,0.73,0.75,0.71,0.75,1144400
KBANK13P2607A,20260429,0.1,0.1,0.1,0.1,500
KBANK13P2609A,20260429,0.44,0.45,0.44,0.45,148500
KBANK19C2608A,20260429,0.15,0.15,0.14,0.15,1511200
KBANK19C2609A,20260429,0.57,0.59,0.56,0.59,1454100
KBANK41C2607A,20260429,0.08,0.08,0.08,0.08,8000
KBANK41C2607B,20260429,0.31,0.32,0.31,0.32,400
KBANK41C2609A,20260429,0.7,0.71,0.68,0.71,1050600
KBANK41C2609T,20260429,0.7,0.72,0.7,0.72,300
KBANK41C2703T,20260429,0.4,0.41,0.4,0.41,900
KCE13C2606A,20260429,1.14,1.27,1.13,1.27,120400
KCE13C2607A,20260429,1.8,1.85,1.77,1.85,11100
KCE13C2608A,20260429,1.05,1.06,1,1.03,46500
KCE13C2609A,20260429,0.39,0.43,0.38,0.41,2670000
KCE13P2608A,20260429,0.11,0.12,0.11,0.11,4032500
KCE19C2608B,20260429,1.32,1.32,1.23,1.23,200
KCE19C2609A,20260429,0.37,0.38,0.36,0.38,4828600
KCE41C2606T,20260429,0.21,0.21,0.21,0.21,300200
KCE41C2607A,20260429,1.77,1.77,1.73,1.73,50100
KCE41C2609A,20260429,0.38,0.39,0.37,0.38,2991700
KCE41C2609T,20260429,1.17,1.17,1.12,1.12,900
KCE41C2702T,20260429,0.28,0.28,0.27,0.27,2000600
KCE41P2608A,20260429,0.1,0.1,0.1,0.1,50000
KKP01C2607A,20260429,0.75,0.81,0.75,0.81,24200
KKP01C2610A,20260429,0.57,0.68,0.57,0.68,4499800
KKP01P2609A,20260429,0.35,0.35,0.35,0.35,100
KKP13C2606A,20260429,0.48,0.62,0.48,0.62,2086700
KKP13C2609A,20260429,0.45,0.55,0.45,0.55,18983700
KKP13P2609A,20260429,0.47,0.47,0.4,0.4,4620900
KKP19C2609T,20260429,0.92,1.01,0.92,1.01,5805000
KTB01C2608A,20260429,0.2,0.22,0.2,0.22,3006100
KTB01C2701T,20260429,0.3,0.31,0.3,0.31,1761100
KTB01P2608A,20260429,0.11,0.11,0.11,0.11,746800
KTB13C2606A,20260429,0.18,0.2,0.18,0.2,900
KTB13C2608A,20260429,0.15,0.17,0.15,0.17,5774300
KTB13P2608A,20260429,0.09,0.09,0.08,0.08,453200
KTB13P2609A,20260429,0.25,0.25,0.23,0.23,102600
KTB19C2609T,20260429,0.38,0.39,0.38,0.39,257200
KTB41C2608A,20260429,0.14,0.15,0.14,0.15,200700
KTB41C2612T,20260429,0.45,0.45,0.45,0.45,1600
KTC01C2608A,20260429,0.1,0.1,0.1,0.1,11000
KTC01C2609T,20260429,0.17,0.17,0.17,0.17,1500
KTC01P2608A,20260429,0.28,0.28,0.27,0.27,1936600
KTC13C2607A,20260429,0.2,0.21,0.2,0.2,2268700
KTC13C2608A,20260429,0.13,0.13,0.13,0.13,1136200
KTC13P2608A,20260429,0.28,0.28,0.28,0.28,52100
KTC19C2609T,20260429,0.19,0.2,0.19,0.2,132100
KUAISH28C2610A,20260429,0.25,0.26,0.25,0.26,100000
KUAISH41C2606A,20260429,0.02,0.02,0.02,0.02,1000
LH01C2609A,20260429,0.12,0.12,0.12,0.12,1488400
LH13C2608A,20260429,0.13,0.14,0.13,0.14,223000
M13C2608A,20260429,0.05,0.05,0.05,0.05,2000
M13C2608B,20260429,0.25,0.26,0.25,0.26,1529800
M41C2612T,20260429,0.2,0.2,0.2,0.2,200
MCA5041C2606A,20260429,0.47,0.47,0.47,0.47,4500
MEGA01C2702T,20260429,0.21,0.22,0.21,0.21,517400
MEITUA28C2607A,20260429,0.1,0.11,0.1,0.11,100000
MEITUA28C2609A,20260429,0.41,0.41,0.41,0.41,100
MEITUA41C2609A,20260429,0.39,0.41,0.39,0.4,1000
MINT01C2609A,20260429,0.27,0.28,0.27,0.27,2637500
MINT01P2609A,20260429,0.6,0.61,0.57,0.58,877400
MINT13C2608A,20260429,0.16,0.17,0.16,0.16,1101000
MINT13C2608B,20260429,0.23,0.25,0.23,0.24,5601900
MINT13P2606A,20260429,0.23,0.23,0.21,0.22,1100500
MINT41C2608A,20260429,0.14,0.14,0.14,0.14,200
MINT41C2612T,20260429,0.05,0.05,0.04,0.04,4600
MTC01C2608A,20260429,0.12,0.14,0.12,0.14,7327600
MTC01P2610A,20260429,0.4,0.4,0.34,0.34,5330200
MTC13C2607A,20260429,0.08,0.11,0.08,0.11,2302600
MTC13C2608A,20260429,0.18,0.23,0.17,0.23,12256700
MTC13P2607A,20260429,0.24,0.24,0.21,0.21,3912700
MTC19C2605A,20260429,0.01,0.01,0.01,0.01,400000
MTC19C2608A,20260429,0.15,0.17,0.15,0.17,10015300
MTC41C2607A,20260429,0.08,0.1,0.08,0.1,400
MTC41C2608A,20260429,0.17,0.21,0.17,0.21,919000
MTC41C2611T,20260429,0.07,0.07,0.06,0.07,1400400
MTC41C2612T,20260429,0.2,0.23,0.2,0.23,600
NDX28C2606A,20260429,0.73,0.74,0.72,0.72,700
NDX28C2609A,20260429,1.07,1.08,1.04,1.04,1100
NDX28P2606B,20260429,0.29,0.3,0.29,0.3,230000
NDX28P2609A,20260429,0.84,0.86,0.84,0.85,17000
NDX41C2606A,20260429,0.76,0.77,0.73,0.73,705600
NDX41C2606B,20260429,1.77,1.8,1.74,1.76,1077000
NDX41P2606A,20260429,0.11,0.11,0.11,0.11,13600
NDX41P2606B,20260429,0.07,0.07,0.07,0.07,9000
NDX41P2609T,20260429,0.5,0.51,0.5,0.51,804800
NIKKEI28C2606C,20260429,0.97,0.97,0.92,0.92,900
NIKKEI28C2606D,20260429,0.63,0.64,0.6,0.61,330200
NIKKEI28P2606B,20260429,0.14,0.14,0.14,0.14,12600
NIKKEI28P2606D,20260429,0.23,0.25,0.23,0.25,719000
NIKKEI41C2606A,20260429,2.14,2.14,2.06,2.06,115000
NIKKEI41C2606C,20260429,1,1,0.95,0.96,2300
NIKKEI41C2609A,20260429,1,1,0.95,0.98,407000
NIKKEI41C2609B,20260429,0.77,0.79,0.74,0.76,1900
NIKKEI41C2609C,20260429,0.68,0.69,0.65,0.67,1189100
NIKKEI41P2606A,20260429,0.23,0.23,0.23,0.23,100000
NIKKEI41P2606B,20260429,0.11,0.12,0.11,0.12,15000
NIKKEI41P2606C,20260429,0.07,0.07,0.07,0.07,10000
NIKKEI41P2609A,20260429,0.63,0.65,0.63,0.64,15300
NIKKEI41P2609B,20260429,0.48,0.48,0.48,0.48,51900
NIKKEI41P2609C,20260429,0.45,0.45,0.45,0.45,200
OR01C2606T,20260429,0.01,0.01,0.01,0.01,5300
OR01C2608A,20260429,0.05,0.05,0.05,0.05,37000
OR01C2609A,20260429,0.22,0.23,0.22,0.23,8118300
OR01C2705T,20260429,0.2,0.21,0.2,0.2,220000
OR13C2608A,20260429,0.09,0.1,0.09,0.1,2459100
OR13C2608B,20260429,0.19,0.22,0.19,0.21,5332300
OR19C2608A,20260429,0.18,0.2,0.18,0.2,1830400
OR41C2608T,20260429,0.15,0.17,0.15,0.17,2000400
OSP01C2609A,20260429,0.28,0.28,0.28,0.28,1164400
OSP13C2608A,20260429,0.19,0.19,0.19,0.19,1220000
OSP41C2701T,20260429,0.27,0.27,0.27,0.27,200
PLANB13C2607A,20260429,0.44,0.45,0.41,0.44,2112100
PLANB13C2608A,20260429,0.36,0.37,0.33,0.36,3094100
PLANB13C2608B,20260429,0.11,0.12,0.11,0.11,5767200
PLANB41C2607A,20260429,0.43,0.45,0.39,0.43,2891400
PLANB41C2608A,20260429,0.33,0.35,0.31,0.34,1260700
PLANB41C2612T,20260429,0.2,0.2,0.2,0.2,400
POPMAR28C2606A,20260429,0.06,0.06,0.06,0.06,100
POPMAR41C2609T,20260429,0.38,0.38,0.36,0.37,2200
PRM01C2609A,20260429,0.42,0.42,0.42,0.42,3000
PRM13C2608A,20260429,0.32,0.33,0.32,0.33,200100
PTG01C2607A,20260429,0.15,0.17,0.14,0.14,3892700
PTG01C2609A,20260429,0.03,0.03,0.03,0.03,12300
PTG01C2704T,20260429,0.28,0.29,0.28,0.28,2536400
PTG13C2607A,20260429,0.17,0.19,0.17,0.18,1865800
PTG13C2608A,20260429,0.15,0.17,0.14,0.14,3099300
PTG13C2608B,20260429,0.06,0.06,0.06,0.06,1810500
PTG19C2609A,20260429,0.27,0.3,0.26,0.26,2849700
PTG41C2701T,20260429,0.3,0.31,0.3,0.3,98800
PTT01C2607A,20260429,0.13,0.14,0.13,0.13,1183500
PTT01P2609A,20260429,0.2,0.2,0.2,0.2,572400
PTT13C2608A,20260429,0.11,0.12,0.11,0.11,5816800
PTT13C2609A,20260429,0.2,0.2,0.2,0.2,4963500
PTT13C2701T,20260429,0.26,0.26,0.26,0.26,200
PTT13P2608A,20260429,0.17,0.17,0.17,0.17,565000
PTT41C2606T,20260429,0.25,0.26,0.25,0.25,350300
PTTEP01C2606T,20260429,0.82,0.87,0.81,0.84,1031600
PTTEP01C2607A,20260429,0.95,1,0.93,1,126000
PTTEP01C2608A,20260429,0.52,0.56,0.51,0.54,1477900
PTTEP01C2609A,20260429,0.35,0.38,0.34,0.36,7082800
PTTEP01C2703T,20260429,0.48,0.5,0.48,0.49,3799700
PTTEP01P2607A,20260429,0.02,0.02,0.02,0.02,103100
PTTEP01P2608A,20260429,0.39,0.39,0.36,0.38,2524200
PTTEP01P2703T,20260429,0.5,0.5,0.49,0.49,2303000
PTTEP13C2607A,20260429,1.1,1.12,1.1,1.1,26000
PTTEP13C2608A,20260429,0.72,0.74,0.72,0.73,36200
PTTEP13C2608B,20260429,0.44,0.48,0.43,0.46,23021200
PTTEP13C2608C,20260429,0.25,0.28,0.25,0.26,11040700
PTTEP13P2608A,20260429,0.2,0.21,0.19,0.19,912400
PTTEP19C2608A,20260429,0.48,0.52,0.47,0.51,1216000
PTTEP19C2608B,20260429,0.28,0.3,0.27,0.28,4757900
PTTEP41C2608A,20260429,0.66,0.68,0.64,0.68,400600
PTTEP41C2608B,20260429,0.43,0.46,0.42,0.46,1400600
PTTEP41C2608C,20260429,0.22,0.24,0.22,0.24,960900
PTTEP41C2609T,20260429,1.03,1.03,1.03,1.03,200
PTTEP41C2703T,20260429,0.48,0.5,0.48,0.5,401700
PTTGC01C2607A,20260429,0.5,0.53,0.46,0.46,15700
PTTGC01C2609A,20260429,0.29,0.35,0.29,0.3,14781500
PTTGC01C2704T,20260429,0.3,0.33,0.3,0.3,5753800
PTTGC01P2609A,20260429,0.13,0.14,0.12,0.14,1020400
PTTGC13C2607A,20260429,0.71,0.76,0.71,0.76,200
PTTGC13C2608A,20260429,0.45,0.51,0.44,0.45,4382600
PTTGC13C2609A,20260429,0.34,0.4,0.33,0.35,29769400
PTTGC13P2608A,20260429,0.19,0.19,0.18,0.19,1524600
PTTGC19C2607A,20260429,0.93,0.93,0.93,0.93,100
PTTGC19C2608A,20260429,0.68,0.68,0.68,0.68,100
PTTGC19C2609A,20260429,0.37,0.41,0.36,0.37,14284500
PTTGC41C2607A,20260429,0.74,0.74,0.74,0.74,100
PTTGC41C2608A,20260429,0.44,0.46,0.43,0.44,100400
PTTGC41C2608T,20260429,1.59,1.59,1.59,1.59,100
PTTGC41C2609A,20260429,0.33,0.37,0.32,0.32,950500
PTTGC41C2611T,20260429,0.39,0.42,0.39,0.39,2050800
PTTGC41C2612T,20260429,0.74,0.79,0.73,0.74,400500
PTTGC41C2702T,20260429,0.31,0.34,0.3,0.31,2902900
RCL01C2608A,20260429,0.18,0.2,0.18,0.2,4056300
RCL01C2610T,20260429,0.32,0.34,0.32,0.33,3271000
RCL13C2608A,20260429,0.17,0.19,0.16,0.18,3871100
RCL19C2609A,20260429,0.19,0.2,0.18,0.2,2481100
RCL41C2608T,20260429,0.54,0.54,0.54,0.54,200
RCL41C2612T,20260429,0.24,0.25,0.24,0.25,700
SAWAD01C2606A,20260429,0.1,0.1,0.1,0.1,951300
SAWAD01C2607A,20260429,0.02,0.03,0.02,0.03,51100
SAWAD01C2609A,20260429,0.07,0.07,0.07,0.07,10000
SAWAD01C2609B,20260429,0.39,0.45,0.38,0.44,8199000
SAWAD01P2606A,20260429,0.03,0.03,0.03,0.03,8000
SAWAD01P2608A,20260429,0.34,0.34,0.31,0.31,5135000
SAWAD13C2607A,20260429,0.05,0.05,0.05,0.05,200
SAWAD13C2607B,20260429,0.17,0.21,0.17,0.2,8443900
SAWAD13C2609A,20260429,0.42,0.51,0.42,0.49,14810700
SAWAD13P2608A,20260429,0.26,0.26,0.23,0.23,3833000
SAWAD19C2607A,20260429,0.15,0.18,0.15,0.18,1556800
SAWAD19C2608A,20260429,0.12,0.14,0.12,0.14,2506600
SAWAD41C2607B,20260429,0.15,0.15,0.15,0.15,200
SAWAD41C2609A,20260429,0.4,0.46,0.4,0.45,922600
SAWAD41C2610T,20260429,0.26,0.27,0.26,0.27,200
SCB01C2607A,20260429,0.17,0.18,0.17,0.17,712500
SCB01C2608A,20260429,0.14,0.14,0.13,0.14,203300
SCB01C2610A,20260429,0.32,0.33,0.32,0.32,1129000
SCB01C2703T,20260429,0.27,0.27,0.26,0.26,194700
SCB01P2605A,20260429,0.01,0.01,0.01,0.01,30000
SCB01P2607A,20260429,0.19,0.2,0.19,0.2,399000
SCB01P2610A,20260429,0.6,0.6,0.6,0.6,233200
SCB13C2607A,20260429,0.06,0.06,0.06,0.06,100
SCB13C2607B,20260429,0.1,0.11,0.1,0.1,2522300
SCB13C2609A,20260429,0.29,0.3,0.29,0.29,4904000
SCB13P2607A,20260429,0.23,0.23,0.23,0.23,1109200
SCB13P2609A,20260429,0.52,0.52,0.52,0.52,619200
SCB19C2612T,20260429,0.31,0.32,0.31,0.31,397800
SCB41C2607B,20260429,0.11,0.11,0.1,0.1,400000
SCB41C2609T,20260429,0.43,0.43,0.43,0.43,100400
SCC01C2605A,20260429,0.06,0.06,0.05,0.06,201200
SCC01C2607A,20260429,0.22,0.22,0.21,0.22,2108600
SCC01C2609A,20260429,1.61,1.61,1.58,1.61,605400
SCC01C2609B,20260429,0.61,0.61,0.59,0.61,2468200
SCC01C2610A,20260429,0.51,0.52,0.5,0.52,4602100
SCC01C2704T,20260429,0.45,0.45,0.45,0.45,7032000
SCC01P2605A,20260429,0.01,0.01,0.01,0.01,115000
SCC01P2607A,20260429,0.17,0.17,0.16,0.16,1265300
SCC01P2610A,20260429,0.55,0.56,0.55,0.55,3014100
SCC13C2606A,20260429,0.52,0.52,0.52,0.52,100000
SCC13C2607A,20260429,0.34,0.36,0.34,0.36,16705600
SCC13C2608A,20260429,1.42,1.5,1.42,1.5,8400
SCC13C2609A,20260429,0.35,0.35,0.33,0.35,54473100
SCC13C2701T,20260429,0.44,0.44,0.43,0.44,19900
SCC13P2607A,20260429,0.11,0.12,0.1,0.11,2892100
SCC19C2607A,20260429,0.22,0.24,0.21,0.24,31247200
SCC41C2607A,20260429,0.32,0.34,0.31,0.34,625500
SCC41C2612T,20260429,0.76,0.77,0.76,0.77,156400
SCGP01C2608A,20260429,0.73,0.8,0.61,0.72,1814300
SCGP01C2609A,20260429,1.26,1.26,1.01,1.16,1852000
SCGP01P2608A,20260429,0.06,0.06,0.04,0.06,132700
SCGP13C2607A,20260429,0.62,0.68,0.5,0.63,41206700
SCGP13C2608A,20260429,1.19,1.3,1.01,1.2,652600
SCGP13P2608A,20260429,0.06,0.07,0.05,0.05,2429900
SCGP19C2607A,20260429,0.72,0.91,0.7,0.83,94600
SCGP41C2605A,20260429,1.25,1.25,1.24,1.24,200
SCGP41C2606T,20260429,0.53,0.54,0.44,0.53,31256100
SCGP41C2607A,20260429,0.64,0.65,0.49,0.62,9520600
SCGP41C2608A,20260429,1.13,1.22,1,1.2,893000
SCGP41C2609T,20260429,0.91,0.92,0.82,0.91,3614500
SET01C2605A,20260429,1.9,2.24,1.9,2.24,82300
SET01C2606L,20260429,3.58,3.6,3.58,3.58,451400
SET01C2607A,20260429,0.99,1.18,0.99,1.18,370800
SET01C2607B,20260429,0.21,0.24,0.21,0.24,326600
SET01C2706L,20260429,1.84,1.84,1.84,1.84,100
SET01P2605A,20260429,0.01,0.01,0.01,0.01,246600
SET01P2606L,20260429,0.52,0.52,0.47,0.48,1013300
SET01P2607A,20260429,0.05,0.05,0.04,0.04,1965300
SET01P2607B,20260429,0.22,0.22,0.19,0.19,513700
SET01P2706L,20260429,1.6,1.6,1.58,1.58,2800
SET5001C2605A,20260429,0.31,0.35,0.31,0.35,16700
SET5001C2606F,20260429,0.5,0.55,0.5,0.53,1756600
SET5001C2606G,20260429,0.11,0.13,0.11,0.13,511900
SET5001C2606I,20260429,0.56,0.62,0.55,0.61,6062200
SET5001C2606J,20260429,0.73,0.76,0.73,0.76,4615600
SET5001C2607A,20260429,0.4,0.47,0.4,0.47,336400
SET5001C2607B,20260429,0.05,0.07,0.05,0.06,697100
SET5001C2607C,20260429,0.54,0.59,0.53,0.58,10217300
SET5001P2605A,20260429,0.01,0.01,0.01,0.01,1295500
SET5001P2606G,20260429,0.12,0.12,0.09,0.09,2748300
SET5001P2606H,20260429,0.37,0.37,0.31,0.31,5080600
SET5001P2607A,20260429,0.04,0.04,0.03,0.03,111000
SET5001P2607B,20260429,0.34,0.34,0.32,0.32,292100
SET5001P2607C,20260429,0.26,0.26,0.25,0.25,1373400
SET5013C2606A,20260429,0.4,0.48,0.4,0.48,4014300
SET5013C2606B,20260429,0.23,0.28,0.22,0.28,11526300
SET5013C2606C,20260429,0.14,0.18,0.14,0.17,8128700
SET5013C2606D,20260429,0.11,0.14,0.11,0.14,10260400
SET5013C2606E,20260429,0.09,0.1,0.08,0.09,853100
SET5013C2606F,20260429,0.06,0.07,0.06,0.07,15164200
SET5013C2606G,20260429,0.05,0.05,0.04,0.05,763500
SET5013C2606H,20260429,0.19,0.21,0.18,0.21,12436100
SET5013C2606I,20260429,0.3,0.35,0.29,0.35,185867000
SET5013C2606J,20260429,0.52,0.59,0.51,0.59,53614100
SET5013C2606K,20260429,0.66,0.75,0.63,0.75,177322000
SET5013C2606L,20260429,0.31,0.38,0.3,0.38,207835100
SET5013P2606A,20260429,0.02,0.03,0.02,0.03,4701500
SET5013P2606B,20260429,0.03,0.03,0.03,0.03,91200
SET5013P2606C,20260429,0.05,0.05,0.04,0.05,110900
SET5013P2606D,20260429,0.09,0.1,0.09,0.09,168600
SET5013P2606E,20260429,0.12,0.13,0.09,0.09,2996000
SET5013P2606F,20260429,0.21,0.21,0.18,0.18,218100
SET5013P2606G,20260429,0.99,1,0.87,0.87,1944300
SET5013P2606H,20260429,0.06,0.06,0.05,0.06,19200
SET5013P2606I,20260429,0.1,0.1,0.09,0.09,4823100
SET5013P2606K,20260429,0.15,0.16,0.13,0.13,2018800
SET5013P2606L,20260429,0.3,0.31,0.26,0.26,116668000
SET5013P2606M,20260429,0.45,0.45,0.39,0.39,122431900
SET5013P2606N,20260429,0.65,0.66,0.57,0.57,309613300
SET5013P2606O,20260429,0.84,0.85,0.74,0.74,134840700
SET5013P2606X,20260429,4.74,4.74,4.72,4.72,12600
SET5019C2606A,20260429,0.46,0.46,0.46,0.46,100
SET5019C2606B,20260429,0.26,0.26,0.26,0.26,30000
SET5019C2606C,20260429,0.07,0.09,0.07,0.09,424800
SET5019C2606D,20260429,0.46,0.53,0.45,0.53,42346700
SET5019C2606E,20260429,0.32,0.37,0.32,0.37,45268800
SET5019C2606F,20260429,0.23,0.28,0.23,0.28,32320500
SET5019P2606A,20260429,0.03,0.03,0.03,0.03,180400
SET5019P2606D,20260429,0.13,0.13,0.12,0.12,1807500
SET5019P2606E,20260429,0.28,0.28,0.24,0.24,36989400
SET5019P2606F,20260429,0.68,0.69,0.58,0.58,33682800
SET5041C2606A,20260429,0.53,0.53,0.53,0.53,100
SET5041C2606B,20260429,0.3,0.3,0.29,0.29,70000
SET5041C2606C,20260429,0.25,0.25,0.25,0.25,100
SET5041C2606D,20260429,0.11,0.12,0.11,0.12,520000
SET5041C2606E,20260429,0.11,0.11,0.11,0.11,60000
SET5041C2606I,20260429,0.3,0.31,0.3,0.31,11100
SET5041C2606J,20260429,0.41,0.48,0.41,0.48,13625100
SET5041C2606K,20260429,0.5,0.58,0.5,0.58,12614600
SET5041C2609T,20260429,0.96,1.01,0.96,1.01,12400
SET5041P2606C,20260429,0.33,0.34,0.33,0.34,51500
SET5041P2606D,20260429,0.43,0.43,0.39,0.39,5612000
SET5041P2606E,20260429,0.54,0.55,0.49,0.49,5709600
SET5041P2606F,20260429,0.57,0.57,0.55,0.55,10100
SET5041P2606L,20260429,0.29,0.29,0.25,0.25,4922500
SET5041P2606M,20260429,0.42,0.42,0.41,0.41,2800000
SET5041P2606N,20260429,0.61,0.62,0.54,0.54,14276000
SET5041P2606O,20260429,0.78,0.79,0.7,0.71,9701600
SET5041P2609T,20260429,0.29,0.29,0.28,0.28,3900
SISB13C2608A,20260429,0.14,0.14,0.13,0.13,272400
SISB19C2612A,20260429,0.25,0.25,0.25,0.25,2447400
SJWD13C2608A,20260429,0.21,0.23,0.21,0.22,1082800
SPRC01C2607A,20260429,0.19,0.22,0.19,0.21,6083300
SPRC01C2610A,20260429,0.31,0.35,0.31,0.34,4261100
SPRC01C2703T,20260429,0.25,0.26,0.25,0.26,3322500
SPRC13C2607A,20260429,0.18,0.23,0.18,0.21,12300100
SPRC13C2608A,20260429,0.16,0.19,0.16,0.18,3793300
SPRC13C2609A,20260429,0.35,0.4,0.35,0.38,8621100
SPRC19C2609A,20260429,0.35,0.39,0.35,0.38,8978500
SPRC41C2606T,20260429,0.17,0.2,0.17,0.19,7081700
SPRC41C2607A,20260429,0.19,0.19,0.18,0.19,354700
SPRC41C2608A,20260429,0.16,0.17,0.15,0.16,301200
SPRC41C2612T,20260429,0.58,0.59,0.58,0.59,200200
SPX28C2606B,20260429,1.16,1.16,1.16,1.16,300
SPX41C2606A,20260429,0.53,0.53,0.52,0.52,300000
SPX41C2606B,20260429,1.15,1.15,1.15,1.15,40800
SPX41P2606A,20260429,0.27,0.28,0.27,0.28,10100
SPX41P2606B,20260429,0.12,0.13,0.12,0.12,314300
STA01C2607A,20260429,0.6,0.6,0.6,0.6,1700
STA01C2609A,20260429,0.44,0.46,0.42,0.45,6025800
STA13C2608A,20260429,0.57,0.58,0.53,0.57,9511800
STA13C2608B,20260429,0.39,0.4,0.37,0.39,8936100
STA19C2612A,20260429,0.68,0.7,0.64,0.69,2609000
STA41C2612T,20260429,0.37,0.39,0.37,0.39,4006900
STECON01C2609A,20260429,0.21,0.21,0.2,0.21,3331400
STECON13C2609A,20260429,0.19,0.21,0.19,0.2,5006300
STGT01C2608A,20260429,0.59,0.59,0.52,0.54,1379100
STGT01C2609A,20260429,0.24,0.24,0.21,0.22,4087400
STGT13C2607B,20260429,0.14,0.14,0.12,0.13,8310500
STGT19C2609A,20260429,0.32,0.32,0.29,0.3,2330300
STGT41C2606T,20260429,0.17,0.17,0.15,0.16,6179900
STGT41C2612T,20260429,0.55,0.55,0.52,0.53,3500400
TCAP13C2609A,20260429,0.25,0.29,0.25,0.29,2324700
TENCEN28C2610A,20260429,0.14,0.15,0.14,0.15,400200
TENCEN41C2609A,20260429,0.17,0.17,0.17,0.17,575400
TFG13C2606A,20260429,1.63,1.71,1.63,1.68,8100
TFG13C2608A,20260429,1.2,1.29,1.2,1.29,1000
TFG13C2608B,20260429,0.78,0.84,0.76,0.84,16300
TFG13C2609A,20260429,0.42,0.62,0.41,0.6,27265100
TFG19C2608A,20260429,1.32,1.4,1.32,1.4,200
TFG41C2606A,20260429,1.63,1.74,1.63,1.71,400200
TFG41C2608A,20260429,1.17,1.31,1.16,1.28,1040900
TFG41C2609A,20260429,0.38,0.57,0.38,0.57,6722800
TFG41C2612T,20260429,1.56,1.9,1.56,1.87,415300
TFG41C2701T,20260429,0.51,0.66,0.51,0.65,4223100
TIDLOR01C2606A,20260429,0.07,0.07,0.06,0.07,6055000
TIDLOR01C2609A,20260429,0.42,0.49,0.42,0.47,5151000
TIDLOR01C2610T,20260429,0.15,0.17,0.15,0.16,2221300
TIDLOR13C2607A,20260429,0.09,0.12,0.09,0.11,8203700
TIDLOR13C2608A,20260429,0.31,0.37,0.31,0.36,20144400
TIDLOR13C2701T,20260429,0.26,0.29,0.26,0.29,4659300
TIDLOR13P2608A,20260429,0.34,0.34,0.3,0.31,1962100
TIDLOR19C2609T,20260429,0.14,0.16,0.14,0.15,10840600
TIDLOR19C2612T,20260429,0.37,0.43,0.37,0.41,14566600
TIDLOR41C2608A,20260429,0.29,0.35,0.29,0.34,3554500
TIDLOR41C2612T,20260429,0.18,0.19,0.18,0.19,2700300
TISCO13C2607A,20260429,0.12,0.12,0.12,0.12,2424000
TISCO13C2609A,20260429,0.24,0.26,0.24,0.26,8034400
TISCO41C2606T,20260429,0.35,0.37,0.35,0.36,928200
TLI01C2609A,20260429,0.19,0.19,0.19,0.19,199900
TLI13C2609A,20260429,0.2,0.21,0.2,0.21,890600
TOA01C2702T,20260429,0.22,0.23,0.22,0.23,491400
TOP01C2608A,20260429,0.21,0.27,0.21,0.26,13125700
TOP01C2609A,20260429,0.12,0.15,0.12,0.15,6234900
TOP01C2610A,20260429,0.41,0.49,0.41,0.49,6791300
TOP01C2701T,20260429,0.36,0.42,0.36,0.42,3560000
TOP01P2607A,20260429,0.13,0.13,0.09,0.1,5089800
TOP01P2609A,20260429,0.58,0.58,0.56,0.56,300
TOP01P2609B,20260429,0.52,0.52,0.45,0.45,2291100
TOP13C2607A,20260429,0.25,0.32,0.25,0.31,13886100
TOP13C2608A,20260429,0.18,0.22,0.18,0.22,23229000
TOP13C2609A,20260429,0.43,0.52,0.43,0.51,18598400
TOP13P2608A,20260429,0.45,0.45,0.37,0.38,4410000
TOP19C2608A,20260429,0.28,0.34,0.28,0.34,16524700
TOP19C2612T,20260429,0.79,0.9,0.79,0.88,1699500
TOP41C2607A,20260429,0.24,0.31,0.24,0.3,1000900
TOP41C2608A,20260429,0.16,0.2,0.16,0.2,1441200
TOP41C2609T,20260429,1.13,1.23,1.13,1.23,150500
TOP41C2611T,20260429,0.6,0.65,0.6,0.65,605400
TOP41C2703T,20260429,0.32,0.35,0.32,0.35,4500200
TRUE01C2607A,20260429,0.34,0.34,0.33,0.34,673700
TRUE01C2608A,20260429,0.18,0.18,0.17,0.18,1894200
TRUE01C2703T,20260429,0.25,0.26,0.25,0.26,3143400
TRUE01P2608A,20260429,0.33,0.34,0.33,0.33,992500
TRUE13C2607A,20260429,0.26,0.27,0.26,0.26,1692000
TRUE13C2607B,20260429,0.32,0.33,0.32,0.32,1052500
TRUE13C2608A,20260429,0.19,0.19,0.18,0.19,617600
TRUE13P2607A,20260429,0.03,0.03,0.03,0.03,2800
TRUE13P2608A,20260429,0.31,0.31,0.3,0.3,9000
TRUE19C2607A,20260429,0.36,0.37,0.36,0.37,87500
TRUE19C2608A,20260429,0.18,0.18,0.18,0.18,202000
TRUE41C2607A,20260429,0.26,0.26,0.26,0.26,100000
TRUE41C2607B,20260429,0.27,0.28,0.27,0.27,1310300
TRUE41C2612T,20260429,0.29,0.29,0.29,0.29,200
TTB01C2605A,20260429,0.02,0.03,0.02,0.03,16700
TTB01C2608A,20260429,0.11,0.13,0.11,0.13,1149100
TTB13C2607A,20260429,0.11,0.14,0.11,0.14,1830900
TTB13C2608A,20260429,0.09,0.11,0.09,0.11,1681500
TTB13C2609A,20260429,0.18,0.21,0.18,0.21,1413100
TU01C2609A,20260429,0.11,0.13,0.11,0.13,3341800
TU13C2607A,20260429,0.04,0.04,0.04,0.04,50000
TU13C2608A,20260429,0.12,0.15,0.12,0.15,3512600
TU13P2608A,20260429,0.22,0.22,0.19,0.19,251800
TU19C2607A,20260429,0.05,0.05,0.05,0.05,628800
TU41C2608A,20260429,0.13,0.14,0.13,0.14,2000
TU41C2609T,20260429,0.12,0.12,0.12,0.12,80000
VGI01C2608A,20260429,0.08,0.08,0.07,0.08,900
VGI01C2609A,20260429,0.18,0.19,0.18,0.19,1539400
VGI13C2605A,20260429,0.01,0.01,0.01,0.01,1000000
VGI13C2607A,20260429,0.04,0.04,0.04,0.04,50100
VGI13C2608A,20260429,0.05,0.05,0.04,0.04,258500
VGI13C2608B,20260429,0.11,0.13,0.11,0.12,6823100
VGI19C2607A,20260429,0.09,0.1,0.09,0.09,3071200
VGI19C2607B,20260429,0.03,0.03,0.03,0.03,545000
VGI19C2609A,20260429,0.17,0.19,0.17,0.18,9143400
VGI19C2610T,20260429,0.06,0.06,0.06,0.06,100
VGI41C2605A,20260429,0.01,0.01,0.01,0.01,202000
VGI41C2608A,20260429,0.04,0.04,0.04,0.04,12500
VGI41C2612T,20260429,0.01,0.01,0.01,0.01,300
WHA01C2608A,20260429,0.26,0.32,0.25,0.3,8665100
WHA01C2610T,20260429,0.62,0.68,0.62,0.68,5326400
WHA01P2608A,20260429,0.32,0.32,0.28,0.28,1411800
WHA13C2608A,20260429,0.34,0.41,0.34,0.4,5842100
WHA13P2608A,20260429,0.36,0.36,0.33,0.33,1946200
WHA19C2607A,20260429,0.26,0.34,0.26,0.33,11282100
WHA41C2605T,20260429,0.01,0.01,0.01,0.01,1000000
WHA41C2608A,20260429,0.34,0.39,0.33,0.38,600800
WHA41C2612T,20260429,0.35,0.36,0.35,0.36,400
WHA41C2701T,20260429,0.52,0.57,0.52,0.56,1913400
WUXI41C2609A,20260429,0.2,0.2,0.2,0.2,800
XIAOMI28C2606A,20260429,0.04,0.04,0.04,0.04,100
XIAOMI28C2609A,20260429,0.23,0.23,0.23,0.23,402000
XIAOMI28P2604A,20260429,1.42,1.42,1.42,1.42,1500
XIAOMI41C2609T,20260429,0.27,0.27,0.27,0.27,400
ZIJIN41C2606A,20260429,0.09,0.1,0.09,0.1,73800
ZIJIN41C2610A,20260429,0.45,0.46,0.45,0.46,200
AAPL01,20260429,25.75,26,25.75,26,46784
AAPL03,20260429,2.92,2.98,2.92,2.96,35570
AAPL19,20260429,5.85,5.95,5.85,5.9,94117
AAPL80,20260429,8.7,8.85,8.7,8.8,1356863
ABBV19,20260429,6.5,6.6,6.4,6.45,69680
ABNB06,20260429,4.58,4.58,4.52,4.52,150
ADBE03,20260429,1.75,1.78,1.75,1.78,459543
ADBE06,20260429,1.96,2,1.96,2,1259700
ADVANT19,20260429,6.05,6.05,6,6,46100
ADVANT23,20260429,4.1,4.12,4.08,4.08,70177
AFRM03,20260429,2.62,2.62,2.58,2.6,53681
AIA06,20260429,3.52,3.54,3.52,3.54,28881
AIA19,20260429,3.54,3.54,3.52,3.52,6501
AIA23,20260429,2.7,2.74,2.68,2.7,103226
AMD03,20260429,5.15,5.4,5.1,5.35,263785
AMD23,20260429,4.3,4.5,4.28,4.46,61479
AMD80,20260429,2.08,2.16,2,2.12,20750865
AMGN06,20260429,2.76,2.8,2.76,2.8,2701
AMZN01,20260429,24.7,25.25,24.5,25,68503
AMZN03,20260429,4.22,4.24,4.22,4.24,1244
AMZN06,20260429,2.1,2.14,2.08,2.14,123325
AMZN23,20260429,2.8,2.86,2.8,2.84,26800
AMZN80,20260429,2.1,2.14,2.08,2.12,4464598
ANET23,20260429,3.02,3.06,2.94,3.02,77717
ANTA23,20260429,2.14,2.18,2.14,2.18,25454
APLD03,20260429,3.52,3.58,3.32,3.52,337415
APPL03,20260429,2.48,2.5,2.42,2.46,726225
ASEMI24,20260429,2.96,2.98,2.94,2.98,227102
ASICS23,20260429,2.78,2.78,2.74,2.78,2112
ASML01,20260429,38,38,37,38,211618
ASTS03,20260429,2.46,2.48,2.34,2.4,3554918
AVGO23,20260429,2.96,3,2.94,3,78109
AVGO80,20260429,2.6,2.64,2.56,2.6,5559982
AXP06,20260429,2.58,2.62,2.58,2.6,56011
BABA01,20260429,12.2,12.5,12.2,12.5,42800
BABA06,20260429,5.35,5.5,5.35,5.5,5963
BABA13,20260429,2.26,2.26,2.22,2.26,5519
BABA23,20260429,3.58,3.64,3.58,3.64,18440
BABA80,20260429,5.4,5.45,5.35,5.4,4846833
BAC03,20260429,3.44,3.46,3.4,3.4,2000
BDX06,20260429,1.64,1.65,1.61,1.65,330198
BIDU01,20260429,11.7,11.8,11.1,11.3,95580
BIDU06,20260429,5.15,5.15,4.84,5.1,13854
BIDU23,20260429,2.46,2.48,2.32,2.42,171425
BIDU80,20260429,5.1,5.2,4.84,4.96,17547053
BILIBILI01,20260429,3.4,3.5,3.4,3.5,253075
BIREN23,20260429,7.25,7.45,7.1,7.45,215229
BKNG03,20260429,2.4,2.42,2.26,2.26,3360
BKNG80,20260429,2.92,2.92,2.72,2.74,513205
BLK06,20260429,3.42,3.44,3.42,3.42,13053
BONDAS19,20260429,6.45,6.5,6.4,6.4,113485
BRKB80,20260429,1.54,1.57,1.54,1.56,3937405
BYDCOM01,20260429,1,1.04,1,1.03,643824
BYDCOM80,20260429,0.44,0.46,0.43,0.46,27904175
CAMBRI80,20260429,6.6,6.8,6.6,6.8,320171
CATL01,20260429,5.9,5.95,5.85,5.9,4711614
CATL23,20260429,10.4,10.7,10.4,10.7,91343
CATL80,20260429,26,26.75,25.75,26.75,562721
CCJ23,20260429,2.44,2.46,2.36,2.38,515398
CEG23,20260429,2.54,2.54,2.5,2.5,339244
CHHONGQ19,20260429,14.1,14.3,14.1,14.2,15259
CHMOBILE19,20260429,3.54,3.56,3.54,3.56,47167
CHMOBILE23,20260429,2.74,2.76,2.74,2.76,2015
CHNXT5023,20260429,8.1,8.35,8.1,8.35,1499610
CMBANK23,20260429,2.22,2.24,2.2,2.2,51254
CME03,20260429,3.1,3.12,3.1,3.12,31612
CN01,20260429,23.6,23.8,23.5,23.7,75843
CN23,20260429,5.95,5.95,5.9,5.9,400
CNBIO24,20260429,1.46,1.48,1.46,1.48,400
CNROBOAI23,20260429,2.52,2.54,2.5,2.52,9027
CNSEMI23,20260429,2.92,3.02,2.88,3.02,61518
CNSTAR5023,20260429,7.5,7.55,7.45,7.5,7844
CNTECH01,20260429,25.5,26,25.5,26,72936
COSTCO19,20260429,33,33,32.25,32.75,10931
CRM01,20260429,3.28,3.32,3.28,3.3,121317
CRM06,20260429,2.36,2.38,2.36,2.36,82346
CRM80,20260429,5.9,5.95,5.9,5.95,9001
CRSP03,20260429,3.32,3.4,3.26,3.4,7143
CRWD06,20260429,2.96,3,2.94,2.98,690928
CRWD80,20260429,14.8,15.1,14.6,14.8,467061
CRWV03,20260429,3.4,3.58,3.36,3.5,539238
CSCO06,20260429,3.58,3.58,3.5,3.52,125325
CYPC80,20260429,12.8,12.8,12.7,12.7,38141
DASH03,20260429,2.84,2.88,2.78,2.82,1705
DBS19,20260429,14.6,14.6,14.5,14.6,18372
DDOG19,20260429,4.34,4.4,4.26,4.3,159563
DELL19,20260429,6.9,6.9,6.6,6.8,354764
DISNEY19,20260429,16.6,16.6,16.5,16.6,5204
DUOL06,20260429,2.08,2.18,2.08,2.18,129921
E1VFVN3001,20260429,43.75,44,43,43.25,258574
EOSE03,20260429,1.13,1.14,1.1,1.13,4738813
ESTEE80,20260429,0.84,0.84,0.83,0.83,281360
EXPE06,20260429,3.2,3.2,3.12,3.12,674
FANUC23,20260429,2.58,2.64,2.56,2.6,62185
FCX23,20260429,2.44,2.44,2.34,2.4,183712
FERRARI80,20260429,1.12,1.13,1.1,1.11,23584
FPTVN11,20260429,1.83,1.88,1.83,1.87,97208
FPTVN19,20260429,9.2,9.35,9.2,9.35,115675
FUEVFVND01,20260429,44.75,45,44.25,44.5,187303
GAC03,20260429,2.48,2.48,2.48,2.48,1
GANFENG23,20260429,3.4,3.54,3.4,3.5,100876
GASVN11,20260429,3.66,3.74,3.66,3.74,26969
GDS23,20260429,2.5,2.54,2.44,2.54,30229
GEELY06,20260429,3.72,3.8,3.7,3.7,3349
GEELY80,20260429,9.25,9.5,9.2,9.2,1330764
GEV23,20260429,3.26,3.28,3.1,3.28,1533783
GIGA23,20260429,6.35,6.75,6.25,6.75,375684
GOLD03,20260429,3.46,3.48,3.44,3.44,255899
GOLD19,20260429,13.8,13.8,13.7,13.8,317580
GOLDUS03,20260429,3.42,3.48,3.42,3.42,280043
GOLDUS19,20260429,45.75,46,45.5,45.75,243342
GOOG23,20260429,2.82,2.86,2.82,2.86,12366242
GOOG80,20260429,5.65,5.75,5.6,5.65,7672346
GOOGL01,20260429,33.5,34,33,33.5,155161
GOOGL03,20260429,5.65,5.8,5.65,5.7,169314
GRAB80,20260429,12.5,12.8,12.3,12.6,88471
GSUS06,20260429,4.34,4.36,4.3,4.32,18529
HAIERS19,20260429,9.2,9.3,9.2,9.25,64370
HANSOH19,20260429,6.15,6.15,6.05,6.05,90084
HERMES80,20260429,6.3,6.35,6.15,6.2,104165
HIMS03,20260429,4.68,4.7,4.54,4.6,1282192
HK01,20260429,21.6,21.8,21.6,21.8,21948
HK13,20260429,5.65,5.7,5.65,5.65,2408
HKCE01,20260429,24.8,25.25,24.8,25.25,7564
HKEX23,20260429,2.22,2.26,2.2,2.26,139140
HKTECH13,20260429,4.06,4.1,4.06,4.1,158238
HONDA19,20260429,2.66,2.66,2.64,2.66,7323
HOOD03,20260429,2.68,2.68,2.44,2.44,100899
HOOD06,20260429,2.68,2.7,2.42,2.42,1226179
HOOD80,20260429,2.68,2.7,2.4,2.4,794275
HORIZON23,20260429,1.85,1.89,1.85,1.89,9913
HPG19,20260429,3.46,3.48,3.46,3.48,4
HSHD23,20260429,6.9,7,6.85,7,75483
HUAHONG23,20260429,6.25,6.5,6.2,6.5,1994273
IBM06,20260429,3,3.06,2.98,3.06,262551
ICBC06,20260429,3,3,3,3,1895
ICBC19,20260429,3,3.02,2.98,3.02,57719
IFLYTEK80,20260429,2.26,2.3,2.26,2.3,2351
INDIA01,20260429,13.2,13.4,13.2,13.4,111378
INDIAESG19,20260429,4.08,4.12,4.08,4.1,24051
INTEL03,20260429,5.55,6,5.4,6,2568495
IONQ03,20260429,2.76,2.88,2.76,2.86,570009
ISRG01,20260429,3.42,3.42,3.34,3.36,175018
ISRG06,20260429,3.08,3.08,3.02,3.06,282241
ISRG19,20260429,3.82,3.84,3.8,3.84,7101
ITOCHU19,20260429,6.7,6.7,6.6,6.6,18917
JAP03,20260429,3.46,3.46,3.42,3.42,451
JAPAN10001,20260429,27.5,27.75,27,27.25,33289
JAPAN13,20260429,5.05,5.1,5.05,5.1,3509
JD80,20260429,4.86,4.9,4.82,4.86,1684006
JDHEAL19,20260429,3.88,3.88,3.84,3.86,237670
JEPI19,20260429,6.25,6.25,6.2,6.25,1126935
JGRO19,20260429,10.1,10.1,10.1,10.1,908
JNJ03,20260429,3.7,3.78,3.68,3.68,45274
JPMUS06,20260429,3.38,3.4,3.36,3.38,32418
JPMUS19,20260429,20.4,20.4,20.3,20.4,440
JTEK19,20260429,10.1,10.1,9.95,10.1,2830
KEYENCE23,20260429,2.7,2.7,2.7,2.7,12591
KINGSOFT23,20260429,1.6,1.6,1.59,1.6,2710
KIOXIA23,20260429,4.7,4.76,4.68,4.76,211995
KO80,20260429,2.5,2.64,2.5,2.56,954276
KUAISH01,20260429,2.24,2.26,2.24,2.26,4490
KUAISH06,20260429,1.8,1.84,1.8,1.84,6800
KUAISH23,20260429,1.27,1.31,1.27,1.3,2161994
KUAISH80,20260429,1.77,1.84,1.77,1.83,4745681
LENOVO13,20260429,2.58,2.58,2.56,2.56,11090
LLY80,20260429,1.43,1.45,1.42,1.44,7242372
LOREAL80,20260429,1.44,1.45,1.38,1.4,57847
LPGOLD13,20260429,2.5,2.52,2.5,2.52,2682
LRCX23,20260429,3.16,3.2,3.04,3.18,559605
LULU06,20260429,2.4,2.42,2.32,2.36,92566
LVMH01,20260429,11.1,11.2,10.8,10.9,173656
MA80,20260429,1.66,1.71,1.66,1.71,614140
MEITUAN19,20260429,1.14,1.16,1.14,1.16,404466
MEITUAN23,20260429,2.14,2.14,2.14,2.14,100
MEITUAN80,20260429,3.42,3.5,3.42,3.5,178584
MELI06,20260429,2.38,2.38,2.3,2.34,128311
META01,20260429,6.5,6.5,6.35,6.4,87578
META06,20260429,2.74,2.76,2.7,2.76,6280
META23,20260429,2.62,2.62,2.6,2.6,2338
META80,20260429,2.76,2.76,2.7,2.74,3569729
MICRON01,20260429,10.4,10.8,9.95,10.8,3068018
MICRON03,20260429,5.5,5.75,5.35,5.7,77731
MICRON19,20260429,11,11.5,10.6,11.5,868147
MICRON23,20260429,3.3,3.46,3.2,3.46,200131
MICRON80,20260429,16.5,17.3,16,17.2,967165
MITSU19,20260429,9.75,9.85,9.75,9.8,6734
MNSO80,20260429,12,12.2,12,12.1,661
MNST06,20260429,3.58,3.64,3.58,3.6,16555
MRVL06,20260429,4.86,5.2,4.8,5.15,155359
MRVL23,20260429,4.06,4.3,3.98,4.3,60147
MRVL80,20260429,4.9,5.15,4.76,5.1,862167
MS06,20260429,4.14,4.18,4.12,4.16,23360
MSFT01,20260429,4.04,4.12,4,4.12,1624796
MSFT03,20260429,2.74,2.82,2.74,2.82,5619
MSFT06,20260429,3.44,3.5,3.42,3.48,1809522
MSFT19,20260429,4.58,4.68,4.56,4.66,27296
MSFT23,20260429,2.54,2.6,2.54,2.6,159261
MSFT80,20260429,6.85,7,6.75,6.95,3318829
MSN11,20260429,3.82,3.84,3.8,3.84,41782
MSN19,20260429,3.2,3.2,3.18,3.18,12248
MUFG19,20260429,5.9,5.9,5.85,5.9,2753
MUFG23,20260429,2.38,2.42,2.38,2.42,10713
MWG11,20260429,4.32,4.32,4.22,4.26,526758
MWG19,20260429,11.1,11.1,10.5,10.9,174745
NAURA23,20260429,2.66,2.78,2.66,2.78,192294
NAURA80,20260429,24.3,24.5,24.2,24.4,47898
NBIS03,20260429,4.46,4.6,4.34,4.52,1016209
NDAQ06,20260429,2.94,3,2.94,3,37948
NDX01,20260429,22.9,23.1,22.9,23,147170
NEM06,20260429,3.7,3.7,3.54,3.6,151759
NEM23,20260429,2.3,2.3,2.22,2.26,21185
NET03,20260429,3.44,3.52,3.38,3.44,19044
NETEASE80,20260429,7.25,7.35,7.2,7.35,221813
NFLX06,20260429,2.98,3.02,2.94,3,195085
NFLX80,20260429,2.98,3.02,2.94,3.02,2764770
NIKE80,20260429,0.74,0.75,0.73,0.75,1142540
NIKKEI80,20260429,12.6,13,12.6,13,2343
NINTENDO19,20260429,16.4,16.4,16.3,16.4,11198
NINTENDO23,20260429,1.43,1.46,1.43,1.46,352559
NONGFU80,20260429,1.96,2,1.96,2,309460
NOVOB80,20260429,1.34,1.36,1.31,1.35,5621656
NOW19,20260429,3,3.02,2.94,2.96,485353
NVDA01,20260429,20.2,20.6,19.9,20.4,806805
NVDA03,20260429,4.58,4.66,4.54,4.64,435918
NVDA06,20260429,4.58,4.66,4.54,4.64,190412
NVDA19,20260429,27.5,28,27.25,28,45960
NVDA23,20260429,3.28,3.34,3.24,3.34,72041
NVDA80,20260429,34.5,35,33.75,35,1866059
NVTS03,20260429,5.6,5.65,4.78,5.15,4110632
OIL03,20260429,3.7,3.86,3.68,3.8,2848670
ONON03,20260429,2.32,2.34,2.3,2.3,32586
ORCL01,20260429,3.3,3.42,3.24,3.36,966715
ORCL06,20260429,2.12,2.2,2.08,2.18,2411610
ORCL19,20260429,5.3,5.5,5.2,5.45,682681
PANW80,20260429,6,6.05,5.85,5.9,499691
PEP80,20260429,1.01,1.03,1.01,1.02,540293
PETROCN80,20260429,4.96,5,4.92,5,65204
PFIZER19,20260429,17.6,18.1,17.2,17.3,145239
PINGAN01,20260429,6,6.05,5.9,6.05,113223
PINGAN80,20260429,2.6,2.66,2.6,2.64,1534042
PLTR01,20260429,4.2,4.22,4.14,4.16,147130
PLTR03,20260429,3.08,3.12,3.06,3.1,30011
PLTR06,20260429,3.08,3.12,3.06,3.08,318341
PLTR23,20260429,2.44,2.46,2.42,2.42,41534
POPMART23,20260429,1.54,1.56,1.54,1.56,101082
POPMART80,20260429,6.45,6.6,6.45,6.55,650976
PYPL06,20260429,3.24,3.24,3.24,3.24,1050
QCOM06,20260429,2.38,2.48,2.32,2.46,1413546
QQQM19,20260429,17.5,17.8,17.5,17.7,184283
RBLX06,20260429,1.55,1.58,1.52,1.52,354953
REMX03,20260429,3.24,3.32,3.18,3.32,35152
RGTI03,20260429,2.68,2.7,2.64,2.68,288966
RKLB03,20260429,5.2,5.35,5.05,5.2,884645
SANOFI80,20260429,3.02,3.04,3,3,75764
SANRIO23,20260429,1.46,1.46,1.45,1.45,2355
SBUX80,20260429,1.59,1.67,1.58,1.66,203375
SEAGATE23,20260429,3.96,4.68,3.78,4.68,1483709
SEMB19,20260429,5.65,5.65,5.6,5.65,701
SENSE23,20260429,2.04,2.08,2.02,2.08,24042
SGX19,20260429,5.55,5.55,5.5,5.5,2249
SHOP03,20260429,2.68,2.68,2.68,2.68,100
SHOP06,20260429,2.02,2.06,2,2.02,118993
SIA19,20260429,16.3,16.3,16.1,16.2,3727
SIL03,20260429,3.02,3.04,2.88,2.92,533547
SINGTEL80,20260429,11.5,11.6,11.4,11.6,111898
SINOBIO19,20260429,4.56,4.56,4.54,4.56,4501
SMCI03,20260429,1.77,1.8,1.74,1.8,136669
SMFG19,20260429,11.6,11.6,11.4,11.5,3831
SMIC01,20260429,3.88,3.94,3.84,3.94,165355
SMIC03,20260429,2.74,2.74,2.7,2.74,1120
SMIC13,20260429,1.9,1.9,1.84,1.87,3602
SMIC23,20260429,3.16,3.26,3.16,3.26,4582834
SNDK03,20260429,8.4,8.8,8,8.8,1227786
SNDK23,20260429,4.22,4.4,4.02,4.4,1449205
SNOW06,20260429,2.34,2.38,2.3,2.34,165291
SNOW23,20260429,2.14,2.16,2.1,2.16,43143
SOFTBANK23,20260429,2.04,2.08,2,2,312838
SONY80,20260429,3.3,3.32,3.3,3.32,21350
SP50001,20260429,23.4,23.7,23.4,23.7,85942
SP500US19,20260429,13.6,13.8,13.6,13.8,3792
SP500US80,20260429,2.74,2.74,2.7,2.74,224604
SPBOND80,20260429,8.35,8.4,8.35,8.35,11783
SPCOM80,20260429,3.76,3.82,3.74,3.76,1825
SPENGY80,20260429,3.74,3.84,3.74,3.84,79831
SPFIN80,20260429,16.9,17,16.8,16.8,2834
SPHLTH80,20260429,4.68,4.72,4.66,4.68,56490
SPOT06,20260429,1.85,1.86,1.72,1.79,1614377
SPTECH80,20260429,10.3,10.4,10.1,10.4,12295
STAR5001,20260429,43.5,43.5,42.75,43.5,8156
STEG19,20260429,27.25,27.5,27.25,27.25,10713
SUNNY19,20260429,2.66,2.68,2.64,2.64,520912
SUNNY80,20260429,2.64,2.68,2.64,2.68,34396
SUSHI23,20260429,2.82,2.82,2.78,2.8,17849
SYNP03,20260429,3.26,3.26,3.14,3.2,90027
TAIWAN19,20260429,38.25,38.5,38,38.25,159289
TAIWANAI13,20260429,17.1,17.1,16.9,16.9,3736
TAIWANHD13,20260429,25.75,26,25.75,25.75,1310
TEL23,20260429,3.36,3.38,3.36,3.38,104322
TEL80,20260429,9.35,9.35,9.35,9.35,100
TENCENT01,20260429,4.5,4.56,4.5,4.56,48863
TENCENT06,20260429,1.98,2.04,1.98,2.04,23970
TENCENT13,20260429,4.08,4.08,4.08,4.08,22
TENCENT19,20260429,10,10,9.95,9.95,9400
TENCENT23,20260429,2.22,2.24,2.22,2.24,15126
TENCENT80,20260429,19.9,20.1,19.9,20.1,1443198
THAIBEV19,20260429,10.7,10.9,10.6,10.7,37100
TME23,20260429,0.96,1,0.94,0.96,26762
TOYOTA80,20260429,6.4,6.4,6.35,6.4,9194
TRIPCOM23,20260429,1.72,1.74,1.72,1.74,25959
TRIPCOM80,20260429,1.72,1.74,1.72,1.74,9918032
TRVUS06,20260429,4,4.2,4,4.2,60847
TSLA01,20260429,35.75,36.25,35.75,36.25,7868
TSLA03,20260429,4.04,4.14,4.04,4.1,37306
TSLA23,20260429,2.34,2.38,2.32,2.38,1933
TSLA80,20260429,2.42,2.5,2.42,2.48,20525244
UBER06,20260429,2.48,2.48,2.42,2.42,1697
UBTECH23,20260429,1.72,1.77,1.71,1.77,285001
UNH19,20260429,5.75,6,5.75,5.95,531320
UNIQLO80,20260429,14.9,14.9,14.7,14.9,896
UOB19,20260429,9.15,9.2,9.15,9.2,1432
USTR24,20260429,1.17,1.17,1.16,1.17,51707
VCB11,20260429,2.98,2.98,2.96,2.96,57715
VCB19,20260429,7.4,7.55,7.4,7.5,2337
VENTURE19,20260429,4.16,4.18,4.14,4.14,29324
VHM19,20260429,19.1,19.1,18.3,18.5,11647
VISA06,20260429,1.26,1.33,1.26,1.32,794762
VISA80,20260429,1.26,1.33,1.26,1.33,4478359
VNFIN24,20260429,1.85,1.85,1.85,1.85,12825
VNM19,20260429,7.6,7.65,7.55,7.65,7072
VRT23,20260429,3,3,2.82,3,1318543
VT03,20260429,3.28,3.32,3.26,3.32,43074
WMT06,20260429,4.16,4.22,4.12,4.18,264931
WORLD03,20260429,4.1,4.16,4.08,4.14,15338
WORLDA01,20260429,4.8,4.82,4.78,4.82,103219
WUXI06,20260429,3.5,3.56,3.5,3.54,107976
WUXI13,20260429,2.18,2.18,2.18,2.18,154
WUXIAT80,20260429,5.8,5.8,5.7,5.8,129682
XIAOMI01,20260429,2.86,2.88,2.84,2.88,157838
XIAOMI13,20260429,2.7,2.72,2.66,2.68,161004
XIAOMI19,20260429,6.3,6.3,6.25,6.3,120849
XIAOMI23,20260429,1.51,1.53,1.51,1.52,135525
XIAOMI80,20260429,12.5,12.7,12.5,12.7,840728
XPENG03,20260429,2.64,2.64,2.6,2.6,78587
ZAI23,20260429,8.75,8.9,8.4,8.7,155770
ZIJIN13,20260429,2.54,2.62,2.54,2.62,6126
ZIJIN23,20260429,2.3,2.4,2.3,2.38,6002
ZIJIN80,20260429,14.9,15.2,14.9,15,46767
ZJINNO80,20260429,4.06,4.12,4.02,4.06,383296
A5-W5-O,20260429,0.04,0.04,0.04,0.04,2
ACC-W2-O,20260429,0.06,0.06,0.06,0.06,1
ASW-W3-O,20260429,0.66,0.67,0.66,0.67,34
BC-W4-O,20260429,0.05,0.08,0.05,0.08,111
BE8-W1-O,20260429,0.1,0.11,0.06,0.06,342
BWG-W7-O,20260429,0.04,0.05,0.04,0.05,743
CHAYO-W4-O,20260429,0.21,0.22,0.2,0.22,178
COMAN-W1-O,20260429,0.06,0.06,0.06,0.06,51
DEMCO-W8-O,20260429,0.2,0.2,0.07,0.07,72
EA-W1-O,20260429,0.52,0.56,0.52,0.53,236
EMPIRE-W2-O,20260429,0.08,0.08,0.08,0.08,28
GLORY-W1-O,20260429,0.38,0.38,0.37,0.37,12
IROYAL-W2-O,20260429,0.8,0.8,0.78,0.78,150
ITEL-W5-O,20260429,0.01,0.01,0.01,0.01,50
ITEL-W6-O,20260429,0.01,0.15,0.01,0.13,609
JAS-W4-O,20260429,0.24,0.25,0.23,0.23,378
KASET-W1-O,20260429,0.17,0.19,0.17,0.19,17
MGI-W1-O,20260429,0.28,0.28,0.26,0.26,45
NOBLE-W3-O,20260429,0.13,0.13,0.1,0.11,172
ORI-W2-O,20260429,0.27,0.28,0.27,0.27,89
PSTC-W3-O,20260429,0.02,0.02,0.02,0.02,40
SAAM-W4-O,20260429,0.15,0.15,0.15,0.15,10
TFG-W4-O,20260429,4.82,7,4.78,5.8,511
TGE-W2-O,20260429,0.03,0.03,0.03,0.03,5
TL-W2-O,20260429,0.06,0.06,0.05,0.05,329
TNITY-W2-O,20260429,0.15,0.15,0.15,0.15,10
TRUBB-W3-O,20260429,0.68,0.68,0.66,0.66,14
VIBHA-W5-O,20260429,0.04,0.04,0.04,0.04,121
VIH-W1-O,20260429,0.43,0.43,0.4,0.4,50
XBIO-W8-O,20260429,0.12,0.12,0.12,0.12,16
ZIGA-W2-O,20260429,0.04,0.04,0.04,0.04,33
A5-W5,20260429,0.04,0.05,0.04,0.05,600
ACC-W2,20260429,0.05,0.07,0.05,0.06,10799300
ASW-W3,20260429,0.68,0.74,0.66,0.73,61600
BC-W4,20260429,0.05,0.08,0.05,0.07,37855700
BE8-W1,20260429,0.1,0.13,0.05,0.06,2632800
BWG-W7,20260429,0.04,0.05,0.04,0.05,285000
CAZ-W1,20260429,0.61,0.67,0.51,0.67,13700
CHASE-W1,20260429,0.16,0.17,0.15,0.16,838200
CHAYO-W4,20260429,0.23,0.24,0.23,0.24,408900
CIG-W10,20260429,0.23,0.24,0.23,0.24,200
CIG-W9,20260429,0.02,0.02,0.02,0.02,500
COMAN-W1,20260429,0.09,0.09,0.08,0.08,1100
DEMCO-W8,20260429,0.21,0.22,0.18,0.2,3444700
EA-W1,20260429,0.56,0.57,0.56,0.57,2397300
EMPIRE-W1,20260429,0.05,0.05,0.04,0.05,755000
EMPIRE-W2,20260429,0.11,0.11,0.08,0.11,1900
GLORY-W1,20260429,0.41,0.43,0.37,0.4,6262000
HYDRO-W2,20260429,0.08,0.09,0.07,0.09,166800
IMH-W1,20260429,0.01,0.02,0.01,0.02,124300
IROYAL-W1,20260429,1.04,1.04,0.9,1.03,757900
IROYAL-W2,20260429,0.8,0.84,0.74,0.79,70100
ITEL-W5,20260429,0.01,0.02,0.01,0.01,1438800
ITEL-W6,20260429,0.14,0.16,0.13,0.15,5838500
J-W3,20260429,0.01,0.01,0.01,0.01,9900
J-W4,20260429,0.03,0.03,0.02,0.03,121600
JAS-W4,20260429,0.24,0.26,0.24,0.26,8913800
K-W3,20260429,0.01,0.02,0.01,0.02,6200
KASET-W1,20260429,0.18,0.2,0.18,0.19,2630600
KGEN-W2,20260429,0.19,0.2,0.17,0.18,9044600
MADAME-W6,20260429,0.09,0.09,0.08,0.08,292100
MGI-W1,20260429,0.27,0.28,0.23,0.25,1239000
NOBLE-W3,20260429,0.12,0.13,0.11,0.12,998500
NRF-W2,20260429,0.06,0.07,0.05,0.06,694600
ORI-W2,20260429,0.28,0.28,0.27,0.27,678500
PLANET-W2,20260429,0.35,0.35,0.26,0.31,457400
PLANET-W3,20260429,0.31,0.33,0.28,0.3,333900
PPPM-W6,20260429,0.11,0.11,0.09,0.1,34900
PROEN-W2,20260429,0.13,0.13,0.12,0.13,1105200
PROUD-W3,20260429,0.14,0.14,0.14,0.14,353400
PSTC-W3,20260429,0.04,0.05,0.04,0.04,275700
PTECH-W1,20260429,0.34,0.34,0.34,0.34,100
QDC-W3,20260429,0.08,0.09,0.08,0.09,32800
ROCTEC-W5,20260429,0.01,0.01,0.01,0.01,1800
SAAM-W3,20260429,0.18,0.18,0.15,0.16,884500
SAAM-W4,20260429,0.16,0.17,0.15,0.16,673600
SGC-W2,20260429,0.25,0.25,0.24,0.24,457300
STELLA-W6,20260429,0.02,0.03,0.02,0.03,483400
TAKUNI-W2,20260429,0.28,0.29,0.25,0.27,238000
TCC-W5,20260429,0.17,0.18,0.16,0.16,2015400
TEAMG-W1,20260429,0.02,0.04,0.02,0.03,2631500
TFG-W4,20260429,4.82,5.85,4.78,5.75,8777800
TGE-W2,20260429,0.04,0.05,0.04,0.05,5200
TL-W2,20260429,0.06,0.07,0.06,0.07,668600
TNITY-W2,20260429,0.16,0.17,0.15,0.16,283500
TRUBB-W3,20260429,0.68,0.7,0.64,0.65,5404200
UREKA-W3,20260429,0.18,0.24,0.17,0.18,2256600
VGI-W3,20260429,0.01,0.02,0.01,0.02,7007200
VIBHA-W5,20260429,0.05,0.06,0.05,0.06,150100
VIH-W1,20260429,0.49,0.5,0.45,0.47,234500
XBIO-W6,20260429,0.02,0.03,0.01,0.03,452300
XBIO-W8,20260429,0.13,0.13,0.13,0.13,1932000
ZIGA-W2,20260429,0.05,0.05,0.04,0.04,67400
!AGRO,20260429,305.13,314.47,304.29,314.29,33502480000
!CONSUMP,20260429,44.93,45.32,44.81,45.15,3432330000
!FINCIAL,20260429,152.46,154.43,152.46,154.21,71578600000
!INDUS,20260429,67.14,68.18,66.78,67.23,22112020000
!PROPCON,20260429,74.08,75.04,74.01,74.98,68719370000
!RESOURC,20260429,164.36,166.65,163.99,166.07,120878780000
!SERVICE,20260429,272.73,275.06,271.65,274.89,64904674800
!TECH,20260429,637.47,641.51,631.84,640.07,35605620000
$AGRI,20260429,210.08,212.02,209,211.85,5744570000
$AUTO,20260429,296.32,297.15,295.15,297.15,994020000
$BANK,20260429,488.19,493.64,488.02,492.96,51417920000
$COMM,20260429,19353.6,19685.7,19335.3,19685.7,18525934800
$CONMAT,20260429,5612.44,5669,5579.12,5669,23360020000
$CONS,20260429,36.44,37.26,36.36,37.09,6496950000
$ENERG,20260429,18746.3,19007.5,18705.2,18942.2,120878780000
$ETRON,20260429,34604.1,34944.4,34268.8,34828.7,12655010000
$FASHION,20260429,496.72,509.17,493.95,506.81,2328370000
$FIN,20260429,1918.76,1969.47,1918.76,1960.97,18756410000
$FOOD,20260429,8421.49,8705.32,8399.92,8697.09,27757910000
$HELTH,20260429,4155.01,4223.19,4144.18,4223.19,9770490000
$HOME,20260429,15.44,15.57,15.35,15.51,205860000
$ICT,20260429,220.9,221.13,219.3,220.64,22950610000
$IMM,20260429,18.66,18.67,18.54,18.61,1392410000
$INSUR,20260429,8706.76,8820.55,8696.23,8807.76,1404270000
$MEDIA,20260429,15.47,15.58,15.34,15.47,9990580000
$PAPER,20260429,2053.59,2081.72,2053.59,2081.72,15820000
$PERSON,20260429,76.52,76.64,75.28,76.17,898100000
$PETRO,20260429,689.73,709.02,684.07,692.09,6371230000
$PF&REIT,20260429,136.4,137.6,136.4,137.41,1779510000
$PKG,20260429,2673.02,2698.16,2590.23,2668.9,8180010000
$PROF,20260429,130.95,132.96,130.8,131.5,3695290000
$PROP,20260429,160.78,163.69,160.48,163.13,37082890000
$STEEL,20260429,19.18,19.26,18.99,19.02,5158530000
$TOURISM,20260429,387.69,392.58,386.38,389.77,4619020000
$TRANS,20260429,206.62,207.04,204.27,205.86,18303360000
MAI,20260429,214.29,216.26,214.21,215.84,383289354
SET,20260429,1478.68,1492.72,1475.3,1491.74,9149890242
SET100,20260429,2067.41,2088.7,2064.24,2086.4,2980799800
SET50,20260429,965.01,974.1,963.35,973.06,1660686500
SETHD,20260429,1296.23,1313.65,1296.12,1311.84,1043212000
3BBIF-F,20260429,6.8,6.8,6.8,6.8,200
ADVANC-F,20260429,348,348,346,346,27300
AOT-F,20260429,51.25,51.25,50.5,50.75,404000
CPN-F,20260429,62.25,62.25,62.25,62.25,2000
DIF-F,20260429,9.95,10,9.95,10,2700
KTB-F,20260429,33,33,32.75,32.75,8800
NYT-F,20260429,4.18,4.18,4.18,4.18,5000
PTT-F,20260429,35,35.5,35,35.25,614800
PTTEP-F,20260429,151,151,151,151,800
SCB-F,20260429,131.5,131.5,131.5,131.5,196100
TOP-F,20260429,48.75,48.75,48.75,48.75,100
TTB-F,20260429,2.26,2.28,2.26,2.28,411000
!AGRO-M,20260429,58.38,59.52,58.32,59.28,2439680000
!CONSUMP-M,20260429,11.62,11.74,11.58,11.74,512040000
!FINCIAL-M,20260429,30.07,30.36,29.82,30.29,378920000
!INDUS-M,20260429,39.77,40.34,39.7,40.34,8072070000
!PROPCON-M,20260429,15.63,15.88,15.49,15.81,1764940000
!RESOURC-M,20260429,15.03,15.37,14.85,15.12,2336440000
!SERVICE-M,20260429,42.55,42.81,42.49,42.51,15101070000
!TECH-M,20260429,19.21,19.46,19.16,19.37,934080000
CCET19C2609A,20260429,0.29,0.29,0.28,0.29,2241700
DELTA19C2609A,20260429,0.49,0.52,0.49,0.52,4579900
HANA13C2609A,20260429,0.34,0.36,0.32,0.33,9726700
HANA13C2609B,20260429,0.18,0.19,0.17,0.17,7991200
HANA13P2609A,20260429,0.48,0.51,0.48,0.49,11125400
HANA19C2609B,20260429,0.29,0.31,0.28,0.28,5959800
HANA19P2609A,20260429,0.4,0.42,0.39,0.4,3423000
KCE13C2609B,20260429,0.26,0.27,0.25,0.26,20743500
KCE13P2609A,20260429,0.38,0.39,0.37,0.37,3817600
KCE19P2609A,20260429,0.35,0.35,0.34,0.34,4982200
SCC13P2609A,20260429,0.45,0.45,0.44,0.44,452400
SET100FF,20260429,1966.64,1987.98,1964.67,1986.33,298079980000
SET5013C2606M,20260429,0.54,0.66,0.52,0.65,151245300
SET5041C2606L,20260429,0.28,0.34,0.27,0.33,12800400
SET50FF,20260429,919.85,929.27,918.81,928.59,166068650000
SETCLMV,20260429,679.16,690.52,677.07,689.51,161769854800
SETESG,20260429,860.77,871.43,860.28,870.81,217393790000
SETWB,20260429,566.04,577.92,565.01,577.51,48352780000
SSET,20260429,577.04,584.38,576.31,584.25,23158004800
VGI13C2609A,20260429,0.22,0.22,0.22,0.22,549100
