<TICKER>,<DTYYYYMMDD>,<OPEN>,<HIGH>,<LOW>,<CLOSE>,<VOL>
1DIV-O,20260211,11.9,11.9,11.9,11.9,10
2X01BSET50-O,20260211,6.52,6.54,6.5,6.5,118
BMSCITH-O,20260211,11.31,11.31,11.29,11.29,66
BSET100-O,20260211,10.26,10.26,10.25,10.25,75
GLD-O,20260211,6.23,6.28,6.23,6.24,1356
TDEX-O,20260211,9.12,9.13,9.1,9.1,516
UBOT-O,20260211,14,14,14,14,14
UHERO-O,20260211,8.69,8.79,8.69,8.79,50
1DIV,20260211,11.74,11.74,11.58,11.6,29300
1I01BSET50,20260211,4.2,4.21,4.2,4.21,3100
2I01BSET50,20260211,3.53,3.54,3.5,3.54,242800
2X01BSET50,20260211,6.49,6.54,6.46,6.47,234300
BMSCG,20260211,7.8,7.85,7.75,7.85,504100
BMSCITH,20260211,11.25,11.32,11.25,11.28,426200
BSET100,20260211,10.22,10.27,10.22,10.24,207400
CHINA,20260211,6.95,6.95,6.93,6.94,11700
GLD,20260211,6.25,6.26,6.23,6.24,2463300
TDEX,20260211,9.1,9.13,9.06,9.06,335900
UBOT,20260211,14.19,14.29,14.19,14.29,1200
2S,20260211,2.48,2.48,2.46,2.48,606000
3BBIF,20260211,6.75,6.75,6.65,6.7,19339800
88TH,20260211,4.68,4.74,4.6,4.6,1453900
A,20260211,4.84,4.84,4.84,4.84,100
A5,20260211,1.84,1.84,1.82,1.84,9200
AAI,20260211,4.34,4.46,4.34,4.38,3996500
AAV,20260211,1.29,1.3,1.26,1.27,196644500
ABM,20260211,0.6,0.6,0.59,0.59,124400
ACC,20260211,0.39,0.4,0.39,0.39,1962600
ACE,20260211,1.3,1.31,1.29,1.29,1775900
ACG,20260211,0.57,0.61,0.57,0.61,39600
ADB,20260211,0.57,0.57,0.55,0.56,170000
ADD,20260211,4.08,4.08,4.04,4.08,40000
ADVANC,20260211,387,389,382,385,9273900
ADVICE,20260211,5.9,5.95,5.75,5.75,2399900
AE,20260211,0.08,0.09,0.08,0.08,2401200
AEONTS,20260211,98.5,99,97,97.25,1121300
AF,20260211,0.34,0.34,0.32,0.34,18500
AFC,20260211,3.36,3.36,2.9,3.06,144800
AGE,20260211,1.27,1.32,1.26,1.3,1847300
AH,20260211,13.6,13.6,13.4,13.5,53200
AHC,20260211,13.5,13.5,13.5,13.5,4000
AI,20260211,3,3.04,3,3.04,85400
AIE,20260211,1.04,1.08,1.03,1.07,3146600
AIMCG,20260211,1.63,1.63,1.59,1.62,271200
AIMIRT,20260211,10.9,11.1,10.8,11.1,1531400
AIRA,20260211,0.93,0.93,0.93,0.93,300
AIT,20260211,4.98,5.05,4.98,5.05,504700
AJ,20260211,1.77,1.78,1.74,1.75,934100
AJA,20260211,0.15,0.16,0.15,0.16,6080600
AKP,20260211,0.67,0.67,0.66,0.67,261400
AKR,20260211,0.85,0.85,0.84,0.85,1221700
AKS,20260211,0.02,0.03,0.02,0.02,6058200
ALLA,20260211,1.19,1.19,1.18,1.18,166100
ALLY,20260211,4.48,4.48,4.44,4.46,332800
ALPHAX,20260211,0.47,0.49,0.47,0.48,8118900
ALT,20260211,1.12,1.13,1.07,1.1,1000500
ALUCON,20260211,200,201,200,201,400
AMA,20260211,4.2,4.2,4.16,4.16,285000
AMANAH,20260211,0.75,0.77,0.75,0.77,617800
AMARC,20260211,2.84,2.84,2.72,2.72,5106400
AMARIN,20260211,2.6,2.6,2.58,2.6,15900
AMATA,20260211,16.8,17.6,16.7,17.5,38730700
AMATAR,20260211,6.7,6.7,6.7,6.7,8500
AMATAV,20260211,1.86,1.86,1.81,1.82,183000
AMC,20260211,2.04,2.1,2.04,2.08,600
AMR,20260211,0.4,0.4,0.4,0.4,264200
ANAN,20260211,0.42,0.44,0.42,0.43,1942300
ANI,20260211,2.82,2.84,2.76,2.84,129600
AOT,20260211,57.25,57.5,56.25,56.5,22511500
AP,20260211,9.3,9.3,9.15,9.15,5501500
APCO,20260211,2.82,2.86,2.82,2.82,18000
APCS,20260211,1.32,1.32,1.32,1.32,700
APO,20260211,1.92,1.93,1.9,1.92,210600
APP,20260211,2.64,2.7,2.64,2.7,343700
APURE,20260211,2.14,2.14,2.12,2.14,111000
AQUA,20260211,0.16,0.16,0.15,0.15,664500
ARIN,20260211,0.59,0.66,0.58,0.63,14065200
ARIP,20260211,0.43,0.44,0.43,0.44,169700
ARROW,20260211,5,5.05,5,5.05,23300
AS,20260211,3,3.06,2.96,2.96,1604200
ASAP,20260211,1.19,1.2,1.14,1.14,11500
ASEFA,20260211,3.54,3.54,3.52,3.52,3100
ASIAN,20260211,7.5,7.6,7.45,7.55,497100
ASIMAR,20260211,1.56,1.58,1.56,1.56,72700
ASK,20260211,8,8.2,8,8.1,423800
ASN,20260211,0.76,0.78,0.76,0.77,2700
ASP,20260211,2.16,2.18,2.14,2.18,807800
ASW,20260211,6.95,7.1,6.95,7.1,140600
ATLAS,20260211,1.76,1.8,1.74,1.75,15305300
ATP30,20260211,0.9,0.9,0.89,0.89,243200
AU,20260211,5.4,5.45,5.25,5.35,1407800
AUCT,20260211,5.25,5.25,5.15,5.2,175400
AURA,20260211,13.1,13.5,13,13.4,2914800
AWC,20260211,2.44,2.46,2.4,2.4,29335300
AXTRART,20260211,13,13.2,12.9,12.9,779900
AYUD,20260211,37.25,39,37.25,38.25,16800
B,20260211,0.04,0.04,0.03,0.04,2842700
B-WORK,20260211,5.25,5.3,5.25,5.3,166100
B52,20260211,0.31,0.32,0.3,0.32,13000
BA,20260211,17,17.2,16.8,17,15105700
BAFS,20260211,9.05,9.25,9,9.15,413800
BAM,20260211,7.5,7.65,7.5,7.6,23954500
BANPU,20260211,5.5,5.6,5.5,5.55,26014100
BAREIT,20260211,10.7,10.8,10.7,10.7,185100
BAY,20260211,25.75,25.75,25.5,25.5,124300
BBGI,20260211,3,3,2.96,3,78000
BBIK,20260211,17.3,17.5,16.8,17,1737900
BBL,20260211,162.5,162.5,161,161,8232000
BC,20260211,0.77,0.84,0.74,0.74,17000
BCH,20260211,10.6,10.7,10.5,10.7,11170600
BCP,20260211,33.75,34.25,33.5,33.75,12400800
BCPG,20260211,8.05,8.3,8.05,8.15,12182600
BCT,20260211,51,51,50,51,500
BDMS,20260211,20.9,21.2,20.8,20.9,80586600
BE8,20260211,5.45,5.5,5.3,5.4,1650700
BEAUTY,20260211,0.4,0.4,0.39,0.39,3985100
BEC,20260211,1.84,1.86,1.84,1.84,850600
BEM,20260211,5.5,5.6,5.3,5.3,133465100
BEYOND,20260211,8.4,8.5,8.4,8.4,12400
BGC,20260211,4.28,4.28,4.26,4.28,108000
BGRIM,20260211,13.8,14.1,13.8,13.8,18551400
BGT,20260211,0.38,0.38,0.37,0.37,10800
BH,20260211,187.5,195,187.5,190,9274500
BIG,20260211,0.3,0.3,0.29,0.3,1050900
BIOTEC,20260211,0.18,0.18,0.17,0.17,2111200
BIS,20260211,1.98,2.02,1.96,1.98,226100
BIZ,20260211,4.24,4.3,4.24,4.28,315600
BJC,20260211,15.7,16.1,15.5,15.9,22151600
BJCHI,20260211,0.58,0.58,0.56,0.58,223200
BKA,20260211,1,1.02,0.95,0.95,12034400
BKD,20260211,1.05,1.05,1.04,1.05,177500
BKGI,20260211,1.3,1.32,1.3,1.3,345400
BKIH,20260211,302,304,302,304,12600
BLA,20260211,21,21.1,20.8,20.8,1576900
BLAND,20260211,0.46,0.47,0.46,0.47,4274900
BLC,20260211,4.14,4.14,4.1,4.14,323800
BLESS,20260211,0.22,0.22,0.21,0.21,22200
BM,20260211,1,1.06,1,1.05,2280100
BOFFICE,20260211,5.2,5.3,5.2,5.3,362100
BOL,20260211,5.25,5.35,5.25,5.25,117000
BPP,20260211,11.5,11.5,11.3,11.5,82600
BPS,20260211,0.42,0.42,0.41,0.41,288500
BR,20260211,1.66,1.68,1.66,1.68,66100
BRI,20260211,1.44,1.48,1.42,1.45,810800
BROCK,20260211,1.45,1.45,1.45,1.45,100
BRR,20260211,3.86,3.9,3.84,3.86,238700
BRRGIF,20260211,3.8,3.8,3.78,3.8,113700
BSBM,20260211,0.57,0.59,0.56,0.57,64400
BSM,20260211,0.39,0.39,0.35,0.38,5500
BTC,20260211,0.24,0.24,0.23,0.23,1572500
BTG,20260211,17.4,17.5,17.3,17.4,2644300
BTNC,20260211,16.7,17.7,16.7,17.2,800
BTS,20260211,2.46,2.5,2.42,2.44,71848300
BTSGIF,20260211,2.64,2.64,2.62,2.64,510400
BTW,20260211,0.11,0.11,0.1,0.1,937200
BUI,20260211,12,12.2,12,12.1,13600
BVG,20260211,1.75,1.79,1.75,1.75,8200
BWG,20260211,0.27,0.28,0.27,0.27,44049800
BYD,20260211,0.51,0.56,0.51,0.56,38721300
CAZ,20260211,1.55,1.56,1.54,1.56,9100
CBG,20260211,47.25,47.5,46.75,46.75,5075000
CCET,20260211,5.05,5.1,4.98,5,15869700
CCP,20260211,0.25,0.26,0.25,0.26,304900
CEN,20260211,0.79,0.8,0.77,0.77,321300
CENTEL,20260211,37,37.5,36.75,36.75,2383400
CEYE,20260211,1.71,1.71,1.6,1.67,259700
CFARM,20260211,0.77,0.83,0.75,0.8,4126300
CFRESH,20260211,0.71,0.72,0.7,0.7,450900
CGD,20260211,0.11,0.12,0.11,0.12,11900
CGH,20260211,0.48,0.48,0.47,0.48,2553500
CH,20260211,1.74,1.81,1.74,1.8,185900
CHAO,20260211,4.56,4.6,4.54,4.54,152300
CHARAN,20260211,16.6,16.6,16.6,16.6,200
CHASE,20260211,0.52,0.53,0.52,0.53,1065200
CHAYO,20260211,1.38,1.4,1.31,1.32,9158400
CHEWA,20260211,0.22,0.22,0.21,0.22,101700
CHG,20260211,1.64,1.65,1.61,1.62,30166300
CHIC,20260211,0.25,0.25,0.24,0.25,30100
CHO,20260211,0.06,0.06,0.05,0.06,820500
CHOW,20260211,1.32,1.32,1.27,1.29,672100
CI,20260211,0.35,0.35,0.34,0.35,101100
CIG,20260211,0.02,0.03,0.02,0.02,33900
CIVIL,20260211,0.72,0.74,0.71,0.74,63500
CK,20260211,14.1,14.4,13.9,14.2,7773700
CKP,20260211,2.42,2.46,2.4,2.42,8631400
CM,20260211,1.64,1.64,1.62,1.63,700
CMAN,20260211,2.46,2.5,2.46,2.5,71700
CMC,20260211,0.44,0.48,0.44,0.46,58200
CMO,20260211,0.39,0.41,0.39,0.4,1523400
CMR,20260211,1.41,1.41,1.4,1.41,84400
CNT,20260211,1.05,1.06,1.02,1.05,12600
COCOCO,20260211,5.8,6.05,5.75,5.95,11138200
COLOR,20260211,1.03,1.03,1.02,1.02,39300
COM7,20260211,25,25,23.9,23.9,28403300
COMAN,20260211,0.39,0.42,0.39,0.4,142100
CPALL,20260211,48.75,49,48,49,36718700
CPANEL,20260211,1.89,1.95,1.87,1.92,24900
CPAXT,20260211,16,17,15.9,16.7,34577500
CPF,20260211,21,21.2,20.8,21,28157300
CPH,20260211,8.45,8.75,8.45,8.65,85700
CPI,20260211,3.44,3.44,3.42,3.42,221000
CPL,20260211,0.66,0.66,0.63,0.64,472300
CPN,20260211,62,64,62,63.25,10982100
CPNCG,20260211,6.45,6.45,6.4,6.4,574900
CPNREIT,20260211,11.3,11.4,11.3,11.3,1955300
CPR,20260211,2.8,2.82,2.74,2.78,30800
CPT,20260211,0.97,0.98,0.95,0.97,43100
CPTREIT,20260211,5.5,5.6,5.5,5.6,313800
CPW,20260211,2,2.04,2,2.04,98700
CRANE,20260211,0.49,0.49,0.48,0.48,283700
CRC,20260211,21.9,21.9,21.1,21.2,25402200
CRD,20260211,0.29,0.3,0.27,0.28,238500
CREDIT,20260211,16.8,17.3,16.7,17.1,181800
CSC,20260211,45.25,45.5,45.25,45.25,3400
CSP,20260211,0.4,0.41,0.39,0.4,23800
CSS,20260211,0.78,0.79,0.77,0.77,158900
CTARAF,20260211,4.66,4.66,4.66,4.66,4200
CTW,20260211,2.92,2.92,2.92,2.92,19900
CWT,20260211,0.95,1,0.94,0.97,8582100
D,20260211,2.54,2.54,2.52,2.54,139800
DCC,20260211,1.25,1.26,1.24,1.24,1673700
DCON,20260211,0.23,0.24,0.23,0.24,861700
DDD,20260211,5.65,5.75,5.6,5.75,34600
DELTA,20260211,219,222,217,220,10580000
DEMCO,20260211,2.52,2.58,2.48,2.48,968100
DEXON,20260211,1.06,1.06,1.06,1.06,2100
DHOUSE,20260211,0.4,0.4,0.39,0.4,13500
DIF,20260211,9.6,9.6,9.55,9.55,8760400
DIMET,20260211,0.06,0.06,0.05,0.05,121900
DITTO,20260211,12.6,12.9,12.5,12.6,1433500
DMT,20260211,11.1,11.2,11,11.1,514100
DOD,20260211,1.83,1.88,1.82,1.88,5405700
DOHOME,20260211,3.94,4,3.9,3.92,24384400
DPAINT,20260211,0.68,0.73,0.68,0.72,3287700
DREIT,20260211,4.9,4.94,4.9,4.94,1323400
DRT,20260211,5.15,5.2,5.1,5.2,120300
DTCENT,20260211,0.88,0.89,0.87,0.88,253400
DUSIT,20260211,12,12,11.7,11.7,448500
DV8,20260211,4.26,4.28,4.16,4.28,180200
EA,20260211,3.06,3.26,3.04,3.2,212746700
EASON,20260211,1.06,1.06,1.05,1.06,276000
EAST,20260211,0.64,0.64,0.62,0.63,259300
EASTW,20260211,2,2.14,2,2.08,1472600
ECF,20260211,0.07,0.07,0.06,0.07,278600
EFORL,20260211,0.14,0.14,0.13,0.14,890000
EGATIF,20260211,6.15,6.2,6.15,6.2,376100
EGCO,20260211,122.5,124,120.5,120.5,1927500
EKH,20260211,4.98,4.98,4.96,4.96,593500
EMC,20260211,0.02,0.02,0.01,0.02,12799300
EMPIRE,20260211,0.63,0.64,0.61,0.63,8851000
EP,20260211,1.15,1.16,1.11,1.14,260800
EPG,20260211,3.28,3.34,3.28,3.32,2653200
ERW,20260211,2.94,2.98,2.88,2.92,68643200
ESTAR,20260211,0.21,0.21,0.2,0.2,31700
ETC,20260211,0.57,0.58,0.56,0.56,4222400
ETE,20260211,0.6,0.62,0.6,0.61,90300
ETL,20260211,0.52,0.52,0.51,0.52,27000
EURO,20260211,4.54,4.56,4.46,4.46,3000
EVER,20260211,0.06,0.06,0.05,0.06,539200
FANCY,20260211,0.28,0.29,0.26,0.28,86900
FLOYD,20260211,1.24,1.28,1.23,1.27,1330200
FM,20260211,3.86,3.86,3.8,3.82,1683300
FN,20260211,0.45,0.45,0.43,0.43,175300
FNS,20260211,0.7,0.71,0.7,0.71,95300
FORTH,20260211,7.9,8.3,7.75,7.95,3405600
FPI,20260211,1.83,1.83,1.81,1.82,11200
FPT,20260211,6.25,6.45,6.25,6.35,82000
FSMART,20260211,7.35,7.65,7.25,7.4,6603400
FSX,20260211,0.76,0.76,0.75,0.76,46300
FTE,20260211,1.97,1.97,1.96,1.97,181600
FTI,20260211,1.92,1.92,1.84,1.85,11500
FTREIT,20260211,12,12.1,11.9,11.9,2525600
FUTURERT,20260211,9.2,9.2,9.2,9.2,81900
FVC,20260211,0.45,0.46,0.45,0.46,107400
GABLE,20260211,3.54,3.54,3.48,3.5,102400
GAHREIT,20260211,4.16,4.2,4.16,4.18,12800
GBX,20260211,0.5,0.51,0.49,0.5,847200
GC,20260211,4.06,4.08,4.06,4.06,182700
GCAP,20260211,0.28,0.29,0.28,0.28,592000
GEL,20260211,0.04,0.04,0.03,0.04,126700
GENCO,20260211,0.25,0.26,0.24,0.26,27300
GFC,20260211,2.78,2.84,2.78,2.8,110300
GFPT,20260211,9.85,9.85,9.75,9.8,4905800
GGC,20260211,3.08,3.12,3,3.04,42900
GJS,20260211,0.1,0.1,0.09,0.09,1135500
GLOBAL,20260211,7.8,7.9,7.65,7.75,16476600
GLORY,20260211,0.61,0.63,0.61,0.63,4000
GPI,20260211,1.66,1.66,1.65,1.66,332500
GPSC,20260211,39.25,39.75,38.5,38.5,8449100
GRAMMY,20260211,4.16,4.16,4.12,4.12,3400
GRAND,20260211,0.03,0.04,0.03,0.03,1023900
GREEN,20260211,0.63,0.63,0.63,0.63,30200
GROREIT,20260211,7.55,7.65,7.55,7.65,40300
GTB,20260211,0.67,0.68,0.66,0.67,120200
GTV,20260211,0.04,0.04,0.03,0.04,5256200
GULF,20260211,54.5,56.75,54.5,56,67136300
GUNKUL,20260211,2,2.06,2,2.04,30302400
GVREIT,20260211,6.7,6.75,6.7,6.7,400200
HANA,20260211,17.4,17.4,17,17,21348900
HANN,20260211,0.93,0.93,0.91,0.91,1339000
HARN,20260211,1.95,1.97,1.95,1.95,23100
HEALTH,20260211,0.4,0.41,0.37,0.41,202500
HENG,20260211,0.98,0.99,0.97,0.98,610900
HFT,20260211,4.3,4.34,4.26,4.3,402100
HL,20260211,7.2,7.2,7.2,7.2,121000
HMPRO,20260211,6.9,6.9,6.75,6.8,76696800
HPF,20260211,5.45,5.45,5.4,5.45,5400
HPT,20260211,0.33,0.34,0.33,0.33,674200
HTC,20260211,15.3,15.3,15.2,15.3,369300
HTECH,20260211,3.3,3.3,3.18,3.26,742300
HUMAN,20260211,5.35,5.4,5.2,5.2,419500
HYDRO,20260211,2.66,2.68,2.52,2.62,16200
I2,20260211,0.78,0.81,0.76,0.76,911800
ICC,20260211,24.5,24.8,24.1,24.8,500
ICHI,20260211,14.2,14.3,14.1,14.1,4091300
ICN,20260211,1.66,1.7,1.66,1.68,834200
IDG,20260211,1.68,1.7,1.65,1.66,1116300
IFS,20260211,2.1,2.12,2.1,2.12,110100
IHL,20260211,1.57,1.59,1.56,1.58,113400
IIG,20260211,1.72,1.75,1.7,1.72,726600
III,20260211,4,4.14,4,4.1,2548000
ILINK,20260211,4.96,5.05,4.92,5,599800
ILM,20260211,13.6,13.9,13.5,13.6,366100
IMH,20260211,3.02,3.02,2.98,3,14600
IMPACT,20260211,10.6,10.6,10.5,10.6,539800
IND,20260211,1.42,1.48,1.42,1.43,339500
INET,20260211,3.86,3.86,3.82,3.84,519500
INETREIT,20260211,12,12.1,11.9,12,2040000
INGRS,20260211,0.27,0.28,0.26,0.28,1937700
INOX,20260211,0.46,0.47,0.44,0.45,1937700
INSET,20260211,2.02,2.22,2,2.16,15257900
INSURE,20260211,64.75,64.75,64.75,64.75,100
IP,20260211,4.32,4.48,4.32,4.42,271200
IRC,20260211,11.7,11.7,11.5,11.5,108800
IRCP,20260211,0.26,0.27,0.26,0.26,144800
IROYAL,20260211,5.55,5.55,5.4,5.4,140900
IRPC,20260211,1.26,1.31,1.25,1.27,117701300
ISSARA,20260211,6.6,6.7,6.6,6.7,16100
IT,20260211,3.8,3.8,3.52,3.76,78200
ITC,20260211,16.5,16.8,16.5,16.6,1975800
ITD,20260211,0.22,0.23,0.21,0.22,6675500
ITEL,20260211,1.33,1.39,1.32,1.37,5291700
ITNS,20260211,1.56,1.58,1.54,1.56,57200
ITTHI,20260211,1.21,1.28,1.21,1.26,1068300
IVF,20260211,0.81,0.81,0.8,0.8,243000
IVL,20260211,22.7,22.8,22.1,22.2,34235000
J,20260211,0.65,0.66,0.63,0.65,586400
JAK,20260211,0.67,0.67,0.67,0.67,800
JAS,20260211,1.35,1.36,1.33,1.33,26281700
JCK,20260211,0.14,0.15,0.13,0.15,4840400
JDF,20260211,1.43,1.45,1.41,1.45,391200
JMART,20260211,7.95,8.1,7.55,7.65,19057900
JMT,20260211,9.7,10.2,9.2,9.35,54514200
JPARK,20260211,2.62,2.62,2.56,2.56,1710300
JR,20260211,1.74,1.74,1.72,1.73,20400
JSP,20260211,1.97,1.99,1.94,1.98,61800
JTS,20260211,56.75,61.25,56,61,1689600
JUBILE,20260211,6.9,7,6.9,7,8100
K,20260211,1.07,1.09,1.07,1.09,2700
KAMART,20260211,9.1,9.4,9.05,9.3,6428500
KASET,20260211,0.61,0.61,0.6,0.61,29100
KBANK,20260211,193.5,194,192,193,17419400
KBS,20260211,6.1,6.15,6.05,6.05,333500
KBSPIF,20260211,8.25,8.25,8.2,8.25,67500
KC,20260211,0.02,0.03,0.02,0.02,14379200
KCAR,20260211,5.45,5.5,5.45,5.5,30600
KCC,20260211,2.16,2.18,2.14,2.14,46800
KCE,20260211,18.9,19.2,18.7,18.8,33895000
KCG,20260211,9,9.3,8.95,9.2,1654400
KCM,20260211,0.16,0.17,0.16,0.16,62400
KGEN,20260211,1.2,1.23,1.19,1.23,578600
KGI,20260211,4.22,4.24,4.2,4.24,721800
KIAT,20260211,0.34,0.35,0.34,0.34,391500
KISS,20260211,3.06,3.16,3.06,3.14,916800
KJL,20260211,6.15,6.15,6.1,6.1,33500
KK,20260211,0.8,0.97,0.8,0.93,4376500
KKP,20260211,71.75,72.25,71.25,71.5,2705300
KLINIQ,20260211,23.8,23.9,23.6,23.6,130300
KOOL,20260211,0.29,0.3,0.29,0.29,1084200
KPNREIT,20260211,1.81,1.81,1.81,1.81,24000
KSL,20260211,1.24,1.26,1.23,1.25,1706300
KTB,20260211,30.5,30.5,29.75,30.25,26342600
KTBSTMR,20260211,5.4,5.45,5.3,5.45,260700
KTC,20260211,30.5,31,30,30,25150600
KTIS,20260211,1.92,1.93,1.9,1.92,523500
KTMS,20260211,1.94,1.97,1.94,1.97,14600
KUMWEL,20260211,1.05,1.05,1.04,1.05,29100
KUN,20260211,0.76,0.77,0.76,0.77,16700
KWM,20260211,0.9,0.91,0.88,0.89,146400
KYE,20260211,291,294,290,292,6200
L&E,20260211,1.1,1.1,1.04,1.1,23800
LALIN,20260211,4.74,4.76,4.72,4.76,70900
LANNA,20260211,15.6,15.7,15.5,15.6,267500
LDC,20260211,0.28,0.29,0.27,0.27,822300
LEE,20260211,2.68,2.68,2.64,2.66,20046800
LEO,20260211,1.92,1.95,1.9,1.92,158500
LH,20260211,4.16,4.3,4.16,4.3,88060000
LHFG,20260211,0.95,0.96,0.95,0.96,1006800
LHHOTEL,20260211,13.4,13.4,13.3,13.3,1924700
LHK,20260211,3.36,3.38,3.36,3.36,200800
LHRREIT,20260211,4.36,4.36,4.28,4.32,49400
LHSC,20260211,13.3,13.4,13.2,13.2,1204400
LIT,20260211,0.62,0.64,0.62,0.63,156500
LOXLEY,20260211,1.26,1.27,1.25,1.25,110500
LPH,20260211,3.66,3.68,3.64,3.68,93900
LPN,20260211,1.59,1.6,1.57,1.59,726900
LST,20260211,4.76,4.76,4.72,4.74,99100
LTMH,20260211,4.32,4.42,4.32,4.38,48200
LTS,20260211,2.58,2.84,2.54,2.54,7724600
LUXF,20260211,8.95,9,8.9,9,87700
M,20260211,21,21,20.6,20.7,4270300
M-CHAI,20260211,21.8,22,21.8,21.8,13300
M-PAT,20260211,1.77,1.77,1.6,1.6,15200
M-STOR,20260211,7.1,7.1,7,7,14600
MADAME,20260211,0.12,0.13,0.12,0.13,1502800
MAGURO,20260211,22.5,23.1,22.5,22.7,511600
MAJOR,20260211,7.05,7.3,7.05,7.25,3522700
MALEE,20260211,4.08,4.18,4.04,4.08,4690400
MASTEC,20260211,0.99,1,0.97,0.97,317700
MASTER,20260211,9.7,10,9.6,9.7,4536700
MATCH,20260211,0.84,0.89,0.82,0.87,10500
MATI,20260211,3.26,3.26,3.26,3.26,1800
MBAX,20260211,1.6,1.77,1.6,1.77,988700
MBK,20260211,18.7,18.7,18.5,18.6,1738100
MC,20260211,12.1,12.1,11.9,11.9,1049100
MCA,20260211,1.08,1.08,1.05,1.07,233100
MCOT,20260211,4.08,4.08,3.9,3.9,903700
MCS,20260211,8.5,8.65,8.5,8.6,537200
MDX,20260211,2.5,2.5,2.46,2.48,279900
MEB,20260211,15,15,14.8,14.9,25800
MEDEZE,20260211,6.35,6.35,6.2,6.25,290300
MEGA,20260211,39.75,40,39.25,39.75,856600
MENA,20260211,0.75,0.76,0.74,0.74,393000
META,20260211,0.05,0.05,0.04,0.05,494200
METCO,20260211,253,253,245,248,63300
MFC,20260211,24,24,23.9,24,2500
MFEC,20260211,5.4,5.45,5.35,5.35,128800
MGC,20260211,4.2,4.22,4.1,4.22,104600
MGI,20260211,5.9,6.1,5.9,5.95,273000
MGT,20260211,1.6,1.6,1.59,1.59,99800
MICRO,20260211,0.82,0.83,0.81,0.83,213600
MIDA,20260211,0.29,0.3,0.27,0.27,1132900
MII,20260211,4.58,4.58,4.58,4.58,26500
MILL,20260211,0.06,0.06,0.05,0.06,1123000
MINT,20260211,25.5,26.75,25.5,25.75,26315300
MIPF,20260211,9.8,9.8,9.8,9.8,400
MITSIB,20260211,0.59,0.59,0.59,0.59,81700
MJD,20260211,0.38,0.4,0.38,0.39,137600
MJLF,20260211,5.1,5.2,5.1,5.2,104100
MK,20260211,0.52,0.54,0.51,0.51,140200
ML,20260211,0.49,0.51,0.48,0.48,405700
MMM,20260211,3.46,3.52,3.42,3.42,3065700
MNIT,20260211,1.88,1.97,1.87,1.87,10600
MNIT2,20260211,5.05,5.05,5.05,5.05,500
MNRF,20260211,2.1,2.1,2.04,2.08,4700
MODERN,20260211,2.02,2.02,1.98,2,19200
MONO,20260211,1.12,1.13,1.1,1.12,11366900
MOONG,20260211,2.1,2.12,2.02,2.12,41800
MORE,20260211,0.03,0.04,0.03,0.03,260100
MOSHI,20260211,36.75,37.5,36.75,37.25,732400
MOTHER,20260211,1.17,1.25,1.17,1.25,8423800
MPJ,20260211,3.9,3.94,3.88,3.92,353800
MRDIYT,20260211,9.25,9.3,9.15,9.2,3617800
MSC,20260211,7.55,7.75,7.55,7.75,32800
MST,20260211,6.7,6.7,6.65,6.65,19300
MTC,20260211,37.75,38,37.25,37.5,6265100
MTI,20260211,16,16.3,15.7,16.3,83600
MTW,20260211,0.86,0.86,0.85,0.85,103500
MUD,20260211,0.65,0.66,0.61,0.61,21500
MVP,20260211,0.12,0.13,0.11,0.12,1471100
NAM,20260211,3.8,3.82,3.76,3.8,124500
NAT,20260211,2.6,2.68,2.6,2.66,67900
NATION,20260211,0.04,0.04,0.04,0.04,955500
NC,20260211,2.06,2.12,2.06,2.08,7500
NCAP,20260211,3,3.04,2.92,2.94,3904600
NCH,20260211,0.4,0.41,0.39,0.4,623700
NCL,20260211,0.21,0.22,0.21,0.22,179600
NCP,20260211,0.97,1,0.94,0.96,32200
NDR,20260211,1.36,1.4,1.36,1.4,61100
NEO,20260211,21,21.2,21,21.2,342800
NEP,20260211,0.19,0.19,0.19,0.19,167500
NER,20260211,4.86,4.9,4.84,4.88,8740900
NETBAY,20260211,22.4,22.7,22.3,22.3,276900
NEX,20260211,1.2,1.27,1.19,1.25,120472200
NKI,20260211,19.2,19.2,19,19.2,12500
NKT,20260211,4.02,4.08,4.02,4.08,145300
NL,20260211,0.62,0.63,0.6,0.61,511300
NNCL,20260211,1.53,1.58,1.53,1.55,718400
NOBLE,20260211,2.22,2.24,2.22,2.24,490000
NOVA,20260211,8.35,8.4,8.3,8.4,5000
NRF,20260211,0.21,0.25,0.21,0.25,1186300
NSL,20260211,23.5,23.7,23.3,23.5,950300
NTF,20260211,5.95,6,5.85,5.85,494800
NTSC,20260211,6.45,7.1,6.45,6.85,158000
NTV,20260211,23.2,23.3,23.2,23.3,4200
NUT,20260211,3.74,3.86,3.74,3.82,71900
NV,20260211,0.5,0.53,0.49,0.49,438200
NVD,20260211,0.8,0.8,0.8,0.8,9000
NYT,20260211,3.24,3.28,3.22,3.26,1720300
OGC,20260211,9.25,9.25,9.15,9.15,4500
OKJ,20260211,3.98,4.08,3.98,4.04,2650000
ONEE,20260211,2.36,2.38,2.32,2.34,1078400
ONSENS,20260211,1.09,1.09,1.04,1.05,2847400
OR,20260211,14.1,14.5,14,14,70594700
ORI,20260211,1.98,2.06,1.98,2.02,10517700
ORN,20260211,0.71,0.71,0.7,0.71,127700
OSP,20260211,18.5,18.5,18.1,18.3,11601000
PACO,20260211,1.19,1.22,1.17,1.19,424500
PAF,20260211,0.66,0.69,0.66,0.68,149900
PANEL,20260211,1.37,1.38,1.35,1.38,3100
PAP,20260211,1.99,1.99,1.99,1.99,5000
PATO,20260211,6.95,7.2,6.95,7.15,195700
PB,20260211,49.75,50,49.75,50,900
PCC,20260211,2.7,2.72,2.68,2.7,60700
PCE,20260211,2.1,2.24,2.1,2.2,3117300
PCSGH,20260211,3.04,3.06,3,3.04,303200
PDG,20260211,2.92,2.92,2.92,2.92,40300
PDJ,20260211,1.12,1.13,1.11,1.12,19200
PEACE,20260211,1.85,1.85,1.8,1.84,26100
PEER,20260211,0.09,0.1,0.08,0.08,1443100
PERM,20260211,0.16,0.18,0.16,0.18,1819900
PF,20260211,0.05,0.06,0.04,0.05,7772900
PG,20260211,6.25,6.25,6.25,6.25,100
PHG,20260211,13.2,13.3,13.1,13.1,3600
PHOL,20260211,2.86,2.88,2.84,2.88,32300
PICO,20260211,3.9,4.28,3.64,4.28,10800
PIMO,20260211,0.99,1,0.99,1,509000
PIN,20260211,4.38,4.46,4.36,4.4,998800
PIS,20260211,3.26,3.54,3.26,3.52,4138700
PJW,20260211,2.08,2.08,2.04,2.04,221400
PK,20260211,0.45,0.45,0.44,0.44,39100
PL,20260211,1.34,1.35,1.34,1.35,2400
PLANB,20260211,4.18,4.22,4.08,4.18,38167600
PLANET,20260211,0.5,0.5,0.48,0.5,222200
PLAT,20260211,1.05,1.08,1.05,1.07,3481000
PLE,20260211,0.15,0.16,0.14,0.14,502600
PLT,20260211,0.6,0.62,0.6,0.61,427900
PLUS,20260211,1.69,1.74,1.67,1.67,15421200
PM,20260211,12.2,12.6,12.2,12.5,382100
PMC,20260211,0.86,0.87,0.85,0.86,1074000
PMTA,20260211,10.2,10.2,10.2,10.2,3000
POLY,20260211,7.05,7.05,7,7.05,3900
POPF,20260211,6.9,6.95,6.9,6.95,379500
PORT,20260211,0.54,0.6,0.53,0.53,400700
PPM,20260211,1.17,1.18,1.17,1.18,50800
PPP,20260211,0.9,0.9,0.9,0.9,300
PPPM,20260211,0.29,0.29,0.28,0.28,628900
PPS,20260211,0.18,0.18,0.17,0.17,1463600
PQS,20260211,1.44,1.66,1.44,1.53,1393600
PR9,20260211,19.5,19.9,19.4,19.6,5628400
PRAKIT,20260211,11,11.1,11,11.1,1100
PRAPAT,20260211,0.73,0.73,0.72,0.73,77100
PREB,20260211,3.4,3.4,3.38,3.38,53400
PRECHA,20260211,0.5,0.5,0.49,0.5,48100
PRG,20260211,9.2,9.2,9.1,9.1,9800
PRI,20260211,4.32,4.32,4.26,4.3,462800
PRIME,20260211,0.06,0.06,0.05,0.06,74100
PRIN,20260211,1.5,1.51,1.49,1.49,900
PRINC,20260211,1.75,1.76,1.72,1.73,200200
PRM,20260211,7.25,7.3,7.2,7.2,1991800
PROEN,20260211,1.17,1.22,1.15,1.2,9086400
PROS,20260211,0.43,0.45,0.42,0.42,1970100
PROSPECT,20260211,6.9,6.95,6.85,6.9,430200
PROUD,20260211,0.69,0.71,0.69,0.7,606100
PRTR,20260211,3.38,3.4,3.36,3.38,276000
PSGC,20260211,2.36,2.42,2.36,2.36,178200
PSH,20260211,3.72,3.78,3.68,3.74,955300
PSL,20260211,6.45,6.5,6.4,6.4,2331600
PSP,20260211,4.52,4.54,4.42,4.42,1021800
PSTC,20260211,0.26,0.26,0.25,0.26,1346900
PT,20260211,12.8,12.8,12.5,12.6,127900
PTC,20260211,0.59,0.6,0.58,0.58,23300
PTECH,20260211,1.84,1.84,1.83,1.84,1700
PTG,20260211,8.3,8.75,8.3,8.6,20725800
PTL,20260211,8.25,8.35,8.05,8.05,210100
PTT,20260211,35.5,35.75,35.25,35.5,58556800
PTTEP,20260211,130.5,131,128,129.5,15129100
PTTGC,20260211,25.75,26.25,25.5,25.75,16481700
PYLON,20260211,2.78,2.8,2.76,2.76,303700
Q-CON,20260211,6.95,7.05,6.95,6.95,212600
QDC,20260211,0.07,0.09,0.07,0.09,1299500
QH,20260211,1.38,1.41,1.37,1.4,38397900
QHBREIT,20260211,3.58,3.6,3.54,3.58,147900
QHHRREIT,20260211,6.8,6.8,6.65,6.75,1085500
QHOP,20260211,3,3.04,3,3.04,16000
QLT,20260211,1.52,1.52,1.52,1.52,600
QTC,20260211,3.54,3.54,3.5,3.5,37200
QTCG,20260211,0.14,0.16,0.14,0.14,641300
RABBIT,20260211,0.28,0.29,0.27,0.29,3154600
RAM,20260211,18.2,18.4,18.1,18.4,15000
RATCH,20260211,31.25,31.75,31.25,31.25,2158800
RBF,20260211,3.3,3.34,3.26,3.28,1424900
RCL,20260211,28.25,28.5,28,28.25,2508100
READY,20260211,3.06,3.08,3.04,3.08,55200
RICHY,20260211,0.19,0.19,0.17,0.18,893200
RJH,20260211,12.9,12.9,12.8,12.8,152900
RML,20260211,0.11,0.12,0.1,0.12,340700
ROCK,20260211,9.5,9.95,9.5,9.95,2400
ROCTEC,20260211,0.62,0.62,0.59,0.6,2871100
ROJNA,20260211,5,5.35,5,5.25,5146200
RP,20260211,0.57,0.59,0.57,0.59,12200
RPC,20260211,0.28,0.3,0.27,0.3,5751200
RPH,20260211,4.98,5,4.94,4.98,221700
RS,20260211,0.17,0.17,0.16,0.17,1482000
RSP,20260211,1.13,1.14,1.13,1.13,88400
RT,20260211,0.26,0.27,0.26,0.26,906400
RWI,20260211,0.2,0.2,0.19,0.19,361100
S,20260211,0.52,0.52,0.5,0.51,2954400
S&J,20260211,32,33,32,33,1400
S11,20260211,3.62,3.7,3.62,3.7,71800
SA,20260211,7.2,7.2,7.15,7.15,1300
SAAM,20260211,4.82,4.88,4.72,4.86,96400
SABINA,20260211,16.3,17,16.3,16.8,1043600
SAF,20260211,0.36,0.36,0.32,0.33,540300
SAFE,20260211,6.2,6.3,6.1,6.3,130500
SAK,20260211,3.42,3.42,3.4,3.4,331800
SALEE,20260211,0.37,0.38,0.37,0.38,151000
SAM,20260211,0.16,0.16,0.15,0.15,51000
SAMART,20260211,6.45,6.45,6.35,6.35,919000
SAMCO,20260211,0.71,0.72,0.7,0.7,49300
SAMTEL,20260211,3.98,4.08,3.98,4.06,84500
SANKO,20260211,0.86,0.86,0.85,0.85,312700
SAPPE,20260211,32.25,33,32,33,595800
SAT,20260211,15,15.3,15,15.1,984000
SAUCE,20260211,40.75,40.75,40.5,40.75,22700
SAV,20260211,12.4,12.5,11.9,12.2,1441200
SAWAD,20260211,28.5,28.75,27.75,27.75,8701400
SC,20260211,1.84,1.84,1.82,1.82,18031700
SCAP,20260211,1.05,1.05,1.03,1.04,2878000
SCB,20260211,140.5,140.5,139,139.5,7488700
SCC,20260211,220,220,217,218,2175000
SCCC,20260211,147,147.5,146,146,100100
SCG,20260211,2.54,2.54,2.5,2.54,15000
SCGD,20260211,5.05,5.1,4.98,5.05,419700
SCGP,20260211,20.7,20.8,20.1,20.3,8406900
SCI,20260211,0.93,0.95,0.91,0.91,28100
SCL,20260211,1.28,1.29,1.27,1.28,95700
SCM,20260211,0.14,0.14,0.13,0.14,138200
SCN,20260211,0.35,0.36,0.34,0.34,1030800
SCP,20260211,8.95,9,8.85,8.95,203600
SDC,20260211,0.03,0.04,0.03,0.03,2482300
SE,20260211,0.46,0.46,0.44,0.45,289900
SE-ED,20260211,1.65,1.65,1.64,1.64,81700
SEAFCO,20260211,2.2,2.22,2.14,2.16,1125300
SEAOIL,20260211,3.14,3.2,3.14,3.18,1239500
SECURE,20260211,12.6,12.7,12.5,12.7,62700
SEI,20260211,2.3,2.34,2.24,2.24,402100
SELIC,20260211,2.54,2.56,2.54,2.56,22300
SENA,20260211,1.73,1.73,1.71,1.73,175600
SENX,20260211,0.24,0.25,0.24,0.24,1030900
SFLEX,20260211,3.38,3.38,3.32,3.36,531400
SFT,20260211,2,2,1.95,1.99,24100
SGC,20260211,0.98,1,0.95,0.96,14196700
SGF,20260211,0.17,0.18,0.17,0.18,245500
SGP,20260211,7.35,7.5,7.35,7.5,232600
SHR,20260211,1.73,1.76,1.72,1.74,2380200
SIAM,20260211,0.69,0.7,0.69,0.69,4900
SICT,20260211,2.48,2.5,2.46,2.46,172900
SIMAT,20260211,1.34,1.37,1.32,1.35,2501600
SINGER,20260211,5.45,5.55,5.25,5.35,6312900
SINO,20260211,0.94,0.94,0.9,0.93,122000
SIRI,20260211,1.43,1.45,1.43,1.43,82010200
SIS,20260211,20.5,20.7,20.4,20.5,441100
SISB,20260211,11.6,11.9,11.3,11.7,6901700
SITHAI,20260211,1.03,1.04,1.02,1.03,3617400
SJWD,20260211,8,8.2,7.75,7.9,6126500
SK,20260211,0.55,0.56,0.55,0.55,19100
SKE,20260211,0.15,0.15,0.14,0.14,358500
SKIN,20260211,1.29,1.33,1.28,1.3,1601500
SKN,20260211,6.4,6.45,6.3,6.45,19900
SKR,20260211,7,7.05,6.95,7.05,30500
SKY,20260211,12.8,13.8,12.6,13.5,4332200
SLP,20260211,0.37,0.37,0.37,0.37,500
SMART,20260211,0.56,0.56,0.54,0.54,1559900
SMD100,20260211,2.04,2.04,1.98,2,332400
SMIT,20260211,3.6,3.62,3.58,3.58,203100
SMO,20260211,3.58,3.6,3.54,3.54,1103000
SMPC,20260211,9.05,9.1,9.05,9.1,38100
SMT,20260211,1.24,1.24,1.21,1.21,118400
SNC,20260211,6.2,6.45,6.2,6.35,303100
SNNP,20260211,7.45,7.65,7.4,7.65,2138400
SNP,20260211,9.6,9.6,9.55,9.55,59600
SNPS,20260211,4.64,4.66,4.64,4.64,76600
SO,20260211,4,4.06,4,4.06,14200
SOLAR,20260211,0.18,0.2,0.18,0.19,1802300
SONIC,20260211,1.47,1.48,1.47,1.48,225100
SORKON,20260211,3.52,3.56,3.5,3.52,130600
SPA,20260211,3.74,3.78,3.64,3.66,2629000
SPACK,20260211,1.18,1.18,1.14,1.15,17200
SPALI,20260211,18.6,18.7,18.5,18.6,1861000
SPC,20260211,57.75,57.75,57.25,57.25,2500
SPCG,20260211,9.8,9.8,9.75,9.75,348100
SPRC,20260211,7.2,7.25,7.1,7.25,20880300
SPREME,20260211,1.54,1.62,1.54,1.6,1714300
SPRIME,20260211,3.56,3.6,3.56,3.58,124100
SPTX,20260211,0.01,0.01,0.01,0.01,21252900
SPVI,20260211,2.5,2.52,2.48,2.5,809500
SQ,20260211,0.27,0.29,0.26,0.29,516800
SR,20260211,0.3,0.33,0.3,0.3,31100
SRICHA,20260211,11.2,11.3,11.1,11.2,57300
SRIPANWA,20260211,5.05,5.05,5,5.05,122500
SRS,20260211,1.49,1.55,1.45,1.53,142100
SSF,20260211,4.96,4.98,4.92,4.92,122900
SSP,20260211,3.1,3.14,3.08,3.14,1337900
SSPF,20260211,3.3,3.54,3.3,3.54,13500
SSSC,20260211,2.12,2.14,2.12,2.12,71500
SST,20260211,1.24,1.24,1.19,1.2,2700
SSTRT,20260211,4.46,4.46,4.44,4.46,85500
STA,20260211,13.2,13.8,13,13.3,11879900
STANLY,20260211,193,194,192.5,193,21200
STARM,20260211,0.97,0.98,0.96,0.97,71600
STC,20260211,0.3,0.3,0.28,0.3,717600
STECH,20260211,1.02,1.02,1,1.01,60000
STECON,20260211,9.65,10.3,9.6,10.1,48680800
STELLA,20260211,0.19,0.2,0.19,0.19,8195900
STGT,20260211,8.65,8.8,8.5,8.5,7031300
STI,20260211,1.74,1.74,1.72,1.74,18600
STOWER,20260211,0.03,0.04,0.03,0.04,282300
STP,20260211,10.2,10.3,10.1,10.2,19500
STPI,20260211,4.74,4.84,4.6,4.62,19857500
STX,20260211,1.04,1.06,1.04,1.05,1338300
SUC,20260211,27.75,27.75,27.5,27.75,265200
SUN,20260211,3.04,3.04,3,3.02,153500
SUPER,20260211,0.11,0.11,0.1,0.11,7163500
SUPEREIF,20260211,5.75,5.8,5.7,5.8,368800
SUSCO,20260211,2.22,2.26,2.22,2.22,1108000
SUTHA,20260211,2.52,2.52,2.52,2.52,1800
SVI,20260211,7.3,7.35,7.3,7.3,1193400
SVOA,20260211,1.37,1.42,1.37,1.41,1315900
SVR,20260211,0.3,0.3,0.29,0.3,16400
SVT,20260211,1.34,1.37,1.34,1.34,336300
SWC,20260211,4.06,4.16,4.04,4.16,32200
SYMC,20260211,3.72,3.78,3.7,3.78,240000
SYNEX,20260211,10.5,10.6,10.4,10.5,1073700
SYNTEC,20260211,1.68,1.73,1.68,1.71,730100
TACC,20260211,5.75,5.75,5.65,5.7,1802100
TAE,20260211,0.52,0.52,0.51,0.52,321800
TAKUNI,20260211,0.37,0.38,0.36,0.37,1301600
TAN,20260211,3.86,3.86,3.8,3.8,18100
TASCO,20260211,14.1,14.1,14,14,3700300
TATG,20260211,0.98,0.99,0.97,0.98,987500
TBN,20260211,3.82,3.86,3.82,3.84,7800
TC,20260211,5.05,5.1,5.05,5.05,56200
TCAP,20260211,57.25,57.5,56.75,56.75,3310300
TCC,20260211,0.26,0.27,0.26,0.27,541900
TCJ,20260211,2.42,2.48,2.42,2.48,300
TCMC,20260211,0.36,0.36,0.35,0.36,365000
TEAM,20260211,2.44,2.44,2.4,2.42,138300
TEAMG,20260211,3.28,3.34,3.24,3.28,4524100
TEGH,20260211,3.12,3.16,3.1,3.12,443100
TEKA,20260211,1.76,1.77,1.71,1.74,70100
TERA,20260211,0.97,0.98,0.97,0.97,20600
TFFIF,20260211,6.75,6.8,6.7,6.75,1651100
TFG,20260211,4.9,4.9,4.84,4.84,13148600
TFI,20260211,0.04,0.05,0.04,0.05,4200
TFM,20260211,6.4,6.4,6.3,6.3,1535700
TFMAMA,20260211,189.5,190,189.5,189.5,1400
TGE,20260211,1.4,1.4,1.35,1.37,16100
TGH,20260211,10.9,11,10.8,10.8,4100
TGPRO,20260211,0.05,0.05,0.04,0.05,952200
TH,20260211,0.46,0.47,0.44,0.45,12300000
THAI,20260211,6.85,6.9,6.7,6.7,90277300
THANA,20260211,1.59,1.72,1.59,1.69,8561600
THANI,20260211,1.81,1.81,1.76,1.77,3441100
THCOM,20260211,10.1,10.6,9.7,10.5,29386400
THE,20260211,0.8,0.83,0.77,0.81,24200
THG,20260211,9.05,9.1,8.9,8.95,1085800
THIP,20260211,22.8,23,22.8,22.9,9000
THMUI,20260211,0.3,0.31,0.3,0.31,8800
THRE,20260211,0.38,0.39,0.38,0.39,647100
THREL,20260211,1.07,1.12,1.07,1.09,260900
TIDLOR,20260211,18.9,19,18.7,18.7,5263300
TIF1,20260211,7.25,7.3,7.25,7.3,2100
TIGER,20260211,0.26,0.27,0.25,0.26,96800
TIPCO,20260211,7.75,7.8,7.7,7.75,92200
TIPH,20260211,20.7,20.7,20.4,20.5,158900
TISCO,20260211,113,113,112,112,3325700
TITLE,20260211,7.2,7.25,6.95,6.95,637100
TK,20260211,4.24,4.26,4.22,4.26,101200
TKC,20260211,8.65,8.7,8.5,8.55,121800
TKN,20260211,4.38,4.4,4.28,4.32,4016600
TKS,20260211,6.5,6.6,6.45,6.6,202200
TKT,20260211,0.72,0.72,0.67,0.71,31800
TL,20260211,0.39,0.39,0.37,0.37,386500
TLHPF,20260211,4,4.02,4,4.02,2800
TLI,20260211,11.6,11.7,11.4,11.5,11581800
TM,20260211,0.88,0.9,0.88,0.89,395200
TMAN,20260211,11.8,12.1,11.8,11.9,862400
TMC,20260211,0.71,0.73,0.71,0.71,15900
TMD,20260211,26.5,26.5,26.25,26.5,5400
TMI,20260211,0.5,0.53,0.5,0.51,355100
TMILL,20260211,2.04,2.06,2.04,2.06,15900
TMT,20260211,2.74,2.78,2.72,2.74,65200
TMW,20260211,59.5,60.5,59.25,59.75,17600
TNDT,20260211,0.15,0.15,0.13,0.13,2262500
TNH,20260211,32.25,32.25,32.25,32.25,100
TNITY,20260211,2.48,2.56,2.48,2.5,2200
TNP,20260211,2.84,2.9,2.84,2.86,585500
TNPC,20260211,0.8,0.8,0.78,0.78,72600
TNR,20260211,5.65,5.65,5.55,5.55,117400
TOA,20260211,14.9,14.9,14.6,14.7,1030500
TOG,20260211,6.55,6.7,6.5,6.5,210700
TOP,20260211,50.25,50.25,49.5,50,12454500
TPAC,20260211,8.25,8.3,8.2,8.2,72100
TPBI,20260211,3.12,3.16,3.1,3.12,441500
TPCH,20260211,1.69,1.72,1.68,1.68,1459300
TPCS,20260211,9.5,9.5,9.5,9.5,100
TPIPL,20260211,0.74,0.77,0.74,0.76,15547100
TPIPP,20260211,1.88,1.94,1.88,1.91,6196400
TPL,20260211,0.5,0.5,0.49,0.49,64400
TPLAS,20260211,0.86,0.86,0.85,0.86,22500
TPOLY,20260211,0.21,0.22,0.2,0.2,579800
TPP,20260211,10.3,10.3,10.2,10.2,700
TPS,20260211,3.6,3.7,3.58,3.58,164600
TQM,20260211,12.5,12.9,12.5,12.7,1031200
TQR,20260211,4.96,5.2,4.96,5,26900
TRC,20260211,0.48,0.5,0.47,0.48,1447100
TRITN,20260211,0.02,0.03,0.02,0.03,1579200
TRP,20260211,4.3,4.3,4.24,4.28,230000
TRT,20260211,3.78,3.84,3.78,3.8,326300
TRU,20260211,3.86,3.92,3.86,3.92,105500
TRUBB,20260211,0.68,0.71,0.68,0.69,489700
TRUE,20260211,13,13.5,13,13.2,306984700
TRV,20260211,1.42,1.43,1.38,1.43,1100
TSC,20260211,14.4,14.4,14.3,14.3,23500
TSE,20260211,0.44,0.47,0.43,0.46,2747600
TSI,20260211,0.05,0.06,0.05,0.06,248300
TSR,20260211,0.14,0.14,0.13,0.14,298400
TSTH,20260211,0.74,0.74,0.73,0.73,703500
TTA,20260211,4.32,4.38,4.32,4.32,2910800
TTB,20260211,2.02,2.04,2,2.02,170109600
TTCL,20260211,0.15,0.15,0.14,0.15,338900
TTLPF,20260211,10,10,9.95,9.95,184800
TTT,20260211,45.75,45.75,45.75,45.75,100
TTW,20260211,9.25,9.3,9.2,9.25,2012800
TU,20260211,12,12.2,11.8,11.9,29514000
TURBO,20260211,1.47,1.53,1.47,1.51,30302800
TVDH,20260211,0.06,0.06,0.05,0.06,23200
TVH,20260211,9.1,9.15,9.05,9.05,20300
TVO,20260211,24,24.4,23.9,24.2,1226300
TVT,20260211,0.23,0.24,0.23,0.24,12100
TWP,20260211,1.16,1.16,1.11,1.14,153400
TWPC,20260211,3,3.06,2.96,3.04,246900
TWZ,20260211,0.02,0.03,0.02,0.02,1396300
TYCN,20260211,1.66,1.68,1.66,1.68,4600
UAC,20260211,2.7,2.7,2.68,2.68,61700
UBA,20260211,1,1.01,1,1.01,206100
UBE,20260211,0.45,0.46,0.44,0.45,1956000
UBIS,20260211,0.89,0.9,0.89,0.9,61800
UEC,20260211,0.6,0.61,0.57,0.61,719500
UKEM,20260211,0.61,0.62,0.61,0.61,1984300
UMI,20260211,0.72,0.74,0.72,0.72,210100
UNIQ,20260211,2.98,3.02,2.98,3,345900
UP,20260211,20.8,21.3,20.7,21,3600
UPF,20260211,22.3,22.8,22.2,22.5,3800
UPOIC,20260211,6.6,6.75,6.5,6.75,4200
UREKA,20260211,0.33,0.39,0.32,0.37,28007300
UTP,20260211,7.55,7.6,7.5,7.5,565100
UV,20260211,0.81,0.83,0.8,0.81,1131400
UVAN,20260211,13,13.1,13,13.1,830200
VARO,20260211,4.26,4.3,4.2,4.3,4800
VCOM,20260211,3.04,3.06,3.04,3.04,232800
VGI,20260211,1.04,1.05,1.01,1.03,137145500
VIBHA,20260211,1.38,1.38,1.37,1.37,237600
VIH,20260211,8.65,8.75,8.65,8.7,267200
VL,20260211,0.78,0.79,0.78,0.79,113600
VNG,20260211,2.18,2.18,2.14,2.16,56700
VPO,20260211,0.45,0.47,0.45,0.45,1205900
VRANDA,20260211,4.46,4.48,4.44,4.44,26500
VS,20260211,0.26,0.3,0.26,0.27,110300
WACOAL,20260211,16.8,16.9,16.8,16.9,700
WARRIX,20260211,1.8,1.98,1.8,1.95,2139500
WASH,20260211,4.52,4.52,4.44,4.44,949900
WAVE,20260211,0.02,0.03,0.02,0.02,1890700
WFX,20260211,0.68,0.7,0.67,0.67,97700
WGE,20260211,0.8,0.82,0.8,0.82,205000
WHA,20260211,3.82,3.94,3.8,3.94,207802500
WHABT,20260211,5.9,5.95,5.9,5.9,310300
WHAIR,20260211,6.5,6.6,6.45,6.6,1873400
WHART,20260211,11,11,10.8,10.8,2563700
WHAUP,20260211,4.68,4.84,4.6,4.8,13860700
WICE,20260211,2.44,2.44,2.36,2.4,1021500
WIIK,20260211,0.84,0.85,0.83,0.85,145600
WIN,20260211,0.3,0.31,0.29,0.3,374800
WINDOW,20260211,0.71,0.72,0.71,0.72,158500
WINMED,20260211,0.89,0.91,0.88,0.9,28700
WINNER,20260211,2.22,2.22,2.18,2.2,181800
WORK,20260211,3.66,3.68,3.64,3.64,152800
WP,20260211,3.78,3.78,3.74,3.78,117900
WPH,20260211,6.2,6.4,6.2,6.35,687000
WSOL,20260211,0.2,0.21,0.19,0.2,3714400
XBIO,20260211,0.07,0.08,0.06,0.07,14489400
XO,20260211,14.3,14.7,14.2,14.7,495100
XPG,20260211,0.52,0.52,0.49,0.5,17373300
XYZ,20260211,0.43,0.43,0.4,0.42,59900
YGG,20260211,0.23,0.24,0.23,0.24,1955200
YONG,20260211,0.71,0.72,0.71,0.72,195400
YUASA,20260211,13.9,14,13.8,14,14600
ZAA,20260211,1.85,1.86,1.81,1.85,244300
ZEN,20260211,5.95,6.05,5.85,5.9,2400
ZIGA,20260211,1.02,1.03,1,1,1547300
2S-O,20260211,2.52,2.52,2.2,2.2,72
3BBIF-O,20260211,6.75,6.85,6.7,6.75,1342
88TH-O,20260211,4.84,4.84,4.64,4.64,161
A-O,20260211,3.4,3.4,3.4,3.4,1
A5-O,20260211,1.84,1.84,1.84,1.84,48
AAI-O,20260211,4.4,5.65,4.36,4.4,266
AAV-O,20260211,1.29,1.3,1.25,1.28,471
ABM-O,20260211,0.59,0.59,0.59,0.59,5
ACC-O,20260211,0.41,0.41,0.41,0.41,1
ACE-O,20260211,1.3,1.3,1.3,1.3,155
ACG-O,20260211,0.58,0.58,0.58,0.58,1
ADB-O,20260211,0.58,0.58,0.58,0.58,1
ADD-O,20260211,4.1,4.1,4.04,4.04,2
ADVANC-O,20260211,388,389,382,384,8107
ADVICE-O,20260211,5.9,5.9,5.8,5.8,112
AE-O,20260211,0.1,0.1,0.07,0.08,84
AEONTS-O,20260211,99,99,97.25,97.25,700
AF-O,20260211,0.25,0.35,0.25,0.32,63
AFC-O,20260211,3.42,3.42,3.24,3.24,8
AGE-O,20260211,1.28,1.32,1.2,1.32,235
AH-O,20260211,13.7,13.7,13.4,13.5,37
AHC-O,20260211,13.6,13.6,13.6,13.6,3
AI-O,20260211,2.98,3.04,2.98,3.02,180
AIE-O,20260211,1.04,1.07,1.04,1.05,227
AIMCG-O,20260211,1.61,1.61,1.6,1.6,100
AIMIRT-O,20260211,10.9,10.9,10.9,10.9,20
AIRA-O,20260211,0.96,0.96,0.95,0.95,100
AIT-O,20260211,5.1,5.1,5,5,97
AJ-O,20260211,1.77,1.77,1.75,1.75,146
AJA-O,20260211,0.17,0.17,0.16,0.16,32
AKP-O,20260211,0.68,0.68,0.66,0.66,25
AKR-O,20260211,0.86,0.86,0.8,0.85,44
AKS-O,20260211,0.01,0.03,0.01,0.02,694
ALLA-O,20260211,1.2,1.2,1.17,1.17,24
ALLY-O,20260211,4.5,4.5,4.5,4.5,10
ALPHAX-O,20260211,0.47,0.48,0.47,0.48,31
ALT-O,20260211,1.13,1.13,1.13,1.13,1
ALUCON-O,20260211,202,202,202,202,2
AMA-O,20260211,4.2,4.2,4,4.18,81
AMANAH-O,20260211,0.75,0.77,0.75,0.76,337
AMARC-O,20260211,2.78,2.78,2.5,2.5,22
AMARIN-O,20260211,2.62,2.62,2.62,2.62,1
AMATA-O,20260211,16.5,17.5,16.5,17.4,1445
AMATAR-O,20260211,6.7,6.7,6.7,6.7,1
AMATAV-O,20260211,1.87,1.87,1.84,1.84,2
AMC-O,20260211,2.1,2.1,2.1,2.1,1
AMR-O,20260211,0.41,0.41,0.41,0.41,1
ANAN-O,20260211,0.43,0.43,0.41,0.41,290
ANI-O,20260211,2.82,2.82,2.82,2.82,39
AOT-O,20260211,57.5,57.5,56.5,56.5,2321
AP-O,20260211,9.2,9.35,9.2,9.2,458
APCO-O,20260211,2.88,2.88,2.82,2.88,60
APCS-O,20260211,1.33,1.33,1.33,1.33,1
APO-O,20260211,1.92,1.92,1.92,1.92,1
APP-O,20260211,2.64,2.7,2.64,2.68,77
APURE-O,20260211,2.16,2.16,2.14,2.14,48
AQUA-O,20260211,0.16,0.16,0.15,0.15,87
ARIN-O,20260211,0.6,0.61,0.58,0.61,46
ARIP-O,20260211,0.45,0.45,0.45,0.45,1
AS-O,20260211,3.16,3.16,2.12,2.98,134
ASEFA-O,20260211,3.54,3.54,3.52,3.52,2
ASIA-O,20260211,6,6,6,6,1
ASIAN-O,20260211,7.55,7.6,7.45,7.6,108
ASIMAR-O,20260211,1.58,1.58,1.57,1.58,6
ASK-O,20260211,7.85,8.1,7.85,8.1,21
ASP-O,20260211,2.18,2.18,2.16,2.16,25
ASW-O,20260211,7,7.05,6.9,7.05,180
ATLAS-O,20260211,1.78,1.91,1.76,1.78,275
AU-O,20260211,5.3,5.4,5.3,5.4,132
AUCT-O,20260211,5.3,5.3,5.2,5.2,100
AURA-O,20260211,13.2,13.5,13,13.3,269
AWC-O,20260211,2.44,2.44,2.38,2.42,534
AXTRART-O,20260211,13,13,13,13,35
AYUD-O,20260211,37,39,37,38,85
B-O,20260211,0.04,0.05,0.03,0.04,243
B-WORK-O,20260211,5.3,5.3,5.3,5.3,6
BA-O,20260211,17,17.2,16.9,17,762
BAFS-O,20260211,9.05,9.25,9,9.25,289
BAM-O,20260211,7.6,7.7,7.6,7.65,665
BANPU-O,20260211,5.5,5.65,5.5,5.55,891
BAREIT-O,20260211,10.6,10.8,10.6,10.8,25
BAY-O,20260211,26,26,25.5,25.75,142
BBGI-O,20260211,2.9,3.02,2.88,2.96,105
BBIK-O,20260211,17.4,17.4,16.9,16.9,459
BBL-O,20260211,162.5,163,161.5,162,2198
BC-O,20260211,0.78,0.78,0.78,0.78,1
BCH-O,20260211,10.6,10.8,10.5,10.6,739
BCP-O,20260211,34,34.25,33.75,34,1192
BCPG-O,20260211,8.15,8.25,8.15,8.2,676
BCT-O,20260211,51.25,51.25,51.25,51.25,1
BDMS-O,20260211,21,21.1,20.8,21,6519
BE8-O,20260211,5.4,5.4,5.3,5.3,118
BEAUTY-O,20260211,0.41,0.41,0.39,0.39,2
BEC-O,20260211,1.86,1.86,1.84,1.85,275
BEM-O,20260211,5.6,5.6,5.4,5.4,2355
BEYOND-O,20260211,8.5,8.5,8.3,8.3,2
BGC-O,20260211,4.26,4.28,4.26,4.28,133
BGRIM-O,20260211,13.9,14.1,13.8,13.9,875
BGT-O,20260211,0.39,0.39,0.38,0.38,3
BH-O,20260211,186.5,194.5,186.5,190,3806
BIG-O,20260211,0.31,0.31,0.31,0.31,1
BIOTEC-O,20260211,0.19,0.19,0.19,0.19,1
BIS-O,20260211,2.02,2.02,2,2,4
BIZ-O,20260211,4.3,4.3,4.26,4.26,50
BJC-O,20260211,15.7,16.1,15.6,15.9,782
BKA-O,20260211,1.01,1.01,0.95,0.98,42
BKD-O,20260211,1.05,1.05,1.03,1.03,11
BKGI-O,20260211,1.3,1.3,1.29,1.29,3
BKIH-O,20260211,303,304,303,304,4
BLA-O,20260211,21,21,20.9,20.9,8
BLAND-O,20260211,0.48,0.48,0.46,0.46,6
BLC-O,20260211,4.14,4.14,4.1,4.1,69
BLESS-O,20260211,0.23,0.23,0.23,0.23,1
BM-O,20260211,1.03,1.04,1.03,1.04,79
BOFFICE-O,20260211,5.2,5.3,5.2,5.3,55
BOL-O,20260211,5.3,5.4,5.25,5.35,89
BPP-O,20260211,11.3,11.6,11.3,11.5,127
BPS-O,20260211,0.43,0.43,0.41,0.41,55
BR-O,20260211,1.67,1.67,1.67,1.67,1
BRI-O,20260211,1.45,1.46,1.4,1.46,36
BROCK-O,20260211,1.22,1.22,1.22,1.22,1
BRR-O,20260211,3.86,3.86,3.86,3.86,49
BSBM-O,20260211,0.59,0.59,0.58,0.59,14
BSM-O,20260211,0.4,0.4,0.4,0.4,1
BTC-O,20260211,0.24,0.25,0.23,0.24,929
BTG-O,20260211,17.3,17.5,17.3,17.4,170
BTNC-O,20260211,16.8,16.8,16.8,16.8,1
BTS-O,20260211,2.46,2.5,2.44,2.46,1811
BTSGIF-O,20260211,2.64,2.64,2.64,2.64,18
BTW-O,20260211,0.12,0.12,0.1,0.1,199
BUI-O,20260211,12.1,12.1,12.1,12.1,10
BVG-O,20260211,1.8,1.8,1.75,1.75,11
BWG-O,20260211,0.28,0.28,0.27,0.27,62
BYD-O,20260211,0.55,0.55,0.55,0.55,52
CAZ-O,20260211,1.57,1.57,1.57,1.57,1
CBG-O,20260211,46.5,47.25,46.5,47.25,1335
CCET-O,20260211,5.05,5.1,4.98,5.05,536
CCP-O,20260211,0.25,0.26,0.22,0.24,79
CENTEL-O,20260211,37,37.5,36,37,491
CFARM-O,20260211,0.78,0.81,0.78,0.81,4
CFRESH-O,20260211,0.72,0.72,0.7,0.7,16
CGD-O,20260211,0.13,0.13,0.13,0.13,1
CGH-O,20260211,0.48,0.48,0.34,0.46,125
CHAO-O,20260211,4.58,4.62,4.58,4.62,10
CHASE-O,20260211,0.53,0.53,0.52,0.52,2
CHAYO-O,20260211,1.36,1.38,1.34,1.34,333
CHEWA-O,20260211,0.22,0.22,0.22,0.22,13
CHG-O,20260211,1.65,1.65,1.61,1.61,597
CHO-O,20260211,0.06,0.06,0.05,0.05,233
CHOTI-O,20260211,63.5,63.5,63.5,63.5,1
CHOW-O,20260211,1.28,1.3,1.28,1.28,16
CI-O,20260211,0.36,0.36,0.33,0.33,21
CIG-O,20260211,0.03,0.03,0.03,0.03,1
CIVIL-O,20260211,0.74,0.74,0.72,0.72,11
CK-O,20260211,14,14.3,14,14.1,228
CKP-O,20260211,2.42,2.44,2.4,2.42,239
CM-O,20260211,1.62,1.62,1.62,1.62,21
CMC-O,20260211,0.46,0.46,0.43,0.44,58
CMO-O,20260211,0.41,0.41,0.4,0.4,2
CMR-O,20260211,1.41,1.41,1.4,1.4,79
CNT-O,20260211,1.06,1.06,1.05,1.05,2
COCOCO-O,20260211,5.8,6.05,5.8,5.95,168
COLOR-O,20260211,1.04,1.04,1.04,1.04,1
COM7-O,20260211,24.9,24.9,24,24,1878
COMAN-O,20260211,0.39,0.39,0.39,0.39,1
CPALL-O,20260211,48.75,49,48.25,48.75,9302
CPAXT-O,20260211,16.1,16.9,16,16.7,6363
CPF-O,20260211,21,21.2,20.9,21,2494
CPH-O,20260211,6,11,6,8.75,129
CPI-O,20260211,3.42,3.48,3.42,3.48,71
CPL-O,20260211,0.66,0.66,0.66,0.66,1
CPN-O,20260211,62.5,64,62.25,63.25,2076
CPNCG-O,20260211,6.4,6.45,6.4,6.45,64
CPNREIT-O,20260211,11.4,11.4,11.3,11.4,315
CPR-O,20260211,2.8,2.8,2.78,2.78,11
CPT-O,20260211,0.99,0.99,0.99,0.99,1
CPTREIT-O,20260211,5.6,5.6,5.6,5.6,4
CPW-O,20260211,2.06,2.1,2.06,2.1,17
CRANE-O,20260211,0.5,0.5,0.5,0.5,1
CRC-O,20260211,21.6,21.8,21.1,21.1,1353
CRD-O,20260211,0.31,0.31,0.31,0.31,1
CREDIT-O,20260211,16.6,17.2,16.6,17.2,302
CSC-O,20260211,45.75,45.75,45.75,45.75,1
CSP-O,20260211,0.39,0.39,0.39,0.39,14
CSS-O,20260211,0.8,0.8,0.77,0.77,22
CTARAF-O,20260211,6.05,6.05,6.05,6.05,3
CTW-O,20260211,2.96,2.96,2.92,2.92,16
CWT-O,20260211,0.96,0.98,0.95,0.98,31
DCC-O,20260211,1.25,1.26,1.25,1.25,88
DCON-O,20260211,0.24,0.24,0.24,0.24,1
DDD-O,20260211,5.7,5.7,5.65,5.65,2
DELTA-O,20260211,220,222,218,219,8029
DEMCO-O,20260211,2.54,2.54,2.46,2.46,22
DHOUSE-O,20260211,0.41,0.41,0.41,0.41,1
DIF-O,20260211,9.65,9.65,9.55,9.55,1326
DIMET-O,20260211,0.06,0.06,0.06,0.06,1
DITTO-O,20260211,12.6,12.7,12.5,12.5,244
DMT-O,20260211,11.1,11.2,11,11.2,207
DOD-O,20260211,1.84,2.3,1.84,1.85,133
DOHOME-O,20260211,3.4,3.96,3.4,3.92,1122
DPAINT-O,20260211,0.7,0.71,0.7,0.71,11
DREIT-O,20260211,4.96,4.96,4.96,4.96,4
DRT-O,20260211,5.15,5.2,5.1,5.2,336
DTCENT-O,20260211,0.88,0.88,0.88,0.88,1
DUSIT-O,20260211,12,12,11.8,11.8,91
DV8-O,20260211,4.24,4.24,4.22,4.22,2
EA-O,20260211,3.06,3.28,3.06,3.18,3266
EASON-O,20260211,1.06,1.06,1.06,1.06,8
EAST-O,20260211,0.64,0.64,0.64,0.64,3
EASTW-O,20260211,2.02,2.12,2.02,2.1,179
ECF-O,20260211,0.06,0.07,0.05,0.06,146
EFORL-O,20260211,0.15,0.15,0.13,0.13,40
EGATIF-O,20260211,6.2,6.2,6.2,6.2,18
EGCO-O,20260211,123,124,121,121,1065
EKH-O,20260211,4.96,4.98,4.96,4.98,237
EMC-O,20260211,0.03,0.03,0.03,0.03,1
EMPIRE-O,20260211,0.63,0.64,0.61,0.63,1100
EP-O,20260211,1.16,1.16,1.14,1.14,2
EPG-O,20260211,3.3,3.3,3.3,3.3,40
ERW-O,20260211,2.96,2.98,2.92,2.92,452
ESTAR-O,20260211,0.22,0.22,0.22,0.22,1
ETC-O,20260211,0.57,0.57,0.54,0.57,103
ETE-O,20260211,0.61,0.61,0.61,0.61,1
ETL-O,20260211,0.51,0.51,0.51,0.51,1
EVER-O,20260211,0.06,0.06,0.06,0.06,1
F&D-O,20260211,56.25,56.25,56.25,56.25,1
FANCY-O,20260211,0.29,0.29,0.29,0.29,1
FE-O,20260211,175.5,175.5,175.5,175.5,1
FLOYD-O,20260211,1.24,1.26,1.24,1.26,114
FM-O,20260211,3.84,3.86,3.8,3.8,16
FMT-O,20260211,23.4,23.4,23.4,23.4,34
FN-O,20260211,0.46,0.46,0.45,0.45,13
FNS-O,20260211,0.71,0.71,0.7,0.7,3
FORTH-O,20260211,7.75,8.2,7.75,8,143
FPT-O,20260211,6.35,6.35,6.35,6.35,10
FSMART-O,20260211,7.2,7.5,7.2,7.5,172
FSX-O,20260211,0.76,0.76,0.76,0.76,1
FTE-O,20260211,1.96,1.96,1.96,1.96,18
FTI-O,20260211,1.92,1.92,1.92,1.92,1
FTREIT-O,20260211,8.5,12.1,8.5,11.9,325
FUTURERT-O,20260211,9.2,9.2,9.2,9.2,12
FVC-O,20260211,0.45,0.45,0.45,0.45,1
GBX-O,20260211,0.52,0.52,0.49,0.51,16
GC-O,20260211,4.02,4.1,4.02,4.06,45
GCAP-O,20260211,0.28,0.28,0.28,0.28,2
GEL-O,20260211,0.04,0.04,0.03,0.03,100
GENCO-O,20260211,0.27,0.27,0.27,0.27,1
GFC-O,20260211,2.84,2.84,2.84,2.84,1
GFPT-O,20260211,9.75,10,9.75,9.8,160
GGC-O,20260211,3.12,3.12,3.04,3.04,4
GJS-O,20260211,0.07,0.1,0.07,0.1,41
GLOBAL-O,20260211,7.85,8,7.65,7.75,785
GLORY-O,20260211,0.6,0.6,0.6,0.6,21
GPI-O,20260211,1.67,1.67,1.67,1.67,1
GPSC-O,20260211,39.5,39.5,38.75,38.75,963
GRAMMY-O,20260211,4.02,4.18,4.02,4.16,130
GRAND-O,20260211,0.04,0.04,0.02,0.04,241
GREEN-O,20260211,0.64,0.64,0.62,0.64,13
GROREIT-O,20260211,8.75,8.75,8.75,8.75,1
GTB-O,20260211,0.69,0.69,0.69,0.69,1
GTV-O,20260211,0.03,0.04,0.03,0.04,66
GULF-O,20260211,54.75,56.75,53,55.75,21111
GUNKUL-O,20260211,2.02,2.08,2,2.02,903
GYT-O,20260211,209,209,209,209,1
HANA-O,20260211,17.3,17.4,17.1,17.1,2527
HARN-O,20260211,1.94,1.94,1.94,1.94,73
HEALTH-O,20260211,0.38,0.38,0.38,0.38,20
HENG-O,20260211,0.97,0.99,0.85,0.96,130
HFT-O,20260211,4.3,4.3,4.3,4.3,7
HMPRO-O,20260211,6.9,6.95,6.75,6.8,2079
HPF-O,20260211,5.7,5.7,5.7,5.7,3
HPT-O,20260211,0.34,0.34,0.33,0.33,27
HTC-O,20260211,15.3,15.4,15.2,15.3,356
HTECH-O,20260211,3.26,3.26,3.26,3.26,18
HUMAN-O,20260211,5.35,6.8,5.3,5.3,55
HYDRO-O,20260211,2.66,2.66,2.48,2.48,86
ICC-O,20260211,24.1,24.1,23.9,23.9,3
ICHI-O,20260211,14.2,14.4,14.2,14.2,1164
ICN-O,20260211,1.66,1.7,1.66,1.7,35
IIG-O,20260211,1.7,1.7,1.7,1.7,2
III-O,20260211,4.02,4.1,4,4,76
ILINK-O,20260211,5.1,5.1,4.96,5,162
ILM-O,20260211,13.8,13.8,13.6,13.7,22
IMPACT-O,20260211,10.5,10.7,10.5,10.7,57
IND-O,20260211,1.45,1.45,1.45,1.45,12
INET-O,20260211,3.86,3.88,3.82,3.82,70
INETREIT-O,20260211,12.1,12.1,12,12.1,1422
INGRS-O,20260211,0.26,0.26,0.26,0.26,71
INSET-O,20260211,2.04,2.24,2.04,2.14,246
INSURE-O,20260211,65.25,65.25,65.25,65.25,1
IP-O,20260211,4.34,4.38,4.34,4.34,182
IRC-O,20260211,11.7,11.7,11.5,11.5,141
IRCP-O,20260211,0.25,0.27,0.25,0.27,35
IROYAL-O,20260211,5.6,5.6,5.5,5.5,16
IRPC-O,20260211,1.26,1.32,1.26,1.28,1507
IT-O,20260211,3.62,3.62,3.44,3.54,30
ITC-O,20260211,16.6,16.7,16.5,16.7,334
ITD-O,20260211,0.22,0.22,0.2,0.22,194
ITEL-O,20260211,1.33,1.36,1.32,1.36,129
ITNS-O,20260211,1.58,1.58,1.58,1.58,1
ITTHI-O,20260211,1.21,1.23,1.21,1.23,5
IVF-O,20260211,0.81,0.81,0.81,0.81,2
IVL-O,20260211,22.4,22.7,22.2,22.2,1163
J-O,20260211,0.63,0.64,0.63,0.64,11
JAS-O,20260211,1.34,1.36,1.34,1.35,565
JCK-O,20260211,0.15,0.15,0.15,0.15,54
JDF-O,20260211,1.43,1.43,1.43,1.43,1
JMART-O,20260211,5.6,8.05,5.6,7.6,728
JMT-O,20260211,9.7,10.2,9.25,9.35,1484
JPARK-O,20260211,2.64,2.64,2.6,2.62,88
JSP-O,20260211,1.96,1.96,1.96,1.96,2
JTS-O,20260211,56.5,61,56.5,60.75,1571
KAMART-O,20260211,9.05,9.4,9.05,9.35,448
KASET-O,20260211,0.6,0.6,0.6,0.6,5
KBANK-O,20260211,192.5,194.5,192,193,3214
KBS-O,20260211,6.2,6.2,6.2,6.2,5
KBSPIF-O,20260211,8.3,8.3,8.3,8.3,5
KCE-O,20260211,19.2,19.2,18.8,18.9,2342
KCG-O,20260211,8.95,9.25,8.95,9.25,46
KCM-O,20260211,0.16,0.16,0.16,0.16,13
KDH-O,20260211,89.75,89.75,89.75,89.75,1
KGEN-O,20260211,1.19,1.19,1.19,1.19,1
KGI-O,20260211,4.18,4.22,4.18,4.22,157
KIAT-O,20260211,0.34,0.35,0.34,0.35,23
KISS-O,20260211,3.04,3.12,3.04,3.12,14
KK-O,20260211,0.81,0.94,0.81,0.94,166
KKP-O,20260211,72.5,72.75,71.25,71.5,5341
KLINIQ-O,20260211,23.9,23.9,23.6,23.6,206
KSL-O,20260211,0.9,1.25,0.9,1.25,131
KTB-O,20260211,30.25,30.5,30,30.5,4088
KTBSTMR-O,20260211,5.6,5.6,5.6,5.6,3
KTC-O,20260211,30.5,31,30,30.25,2121
KTIS-O,20260211,1.92,1.92,1.9,1.9,13
KTMS-O,20260211,1.94,1.94,1.94,1.94,1
KUN-O,20260211,0.75,0.77,0.71,0.77,127
KWM-O,20260211,0.9,0.9,0.9,0.9,101
KYE-O,20260211,295,296,295,296,2
L&E-O,20260211,1.01,1.03,1.01,1.02,21
LALIN-O,20260211,4.72,4.74,4.72,4.74,18
LANNA-O,20260211,15.6,15.7,15.6,15.7,431
LEO-O,20260211,1.92,1.92,1.92,1.92,1
LH-O,20260211,4.16,4.3,4.16,4.28,2610
LHFG-O,20260211,0.95,0.96,0.95,0.96,77
LHHOTEL-O,20260211,14.4,14.4,13.3,13.4,164
LHK-O,20260211,3.4,3.4,3.4,3.4,20
LHSC-O,20260211,13.4,13.4,13.3,13.3,130
LOXLEY-O,20260211,1.25,1.27,0.89,1.27,89
LPH-O,20260211,3.68,3.68,3.68,3.68,1
LPN-O,20260211,1.57,1.59,1.57,1.59,150
LTMH-O,20260211,4.32,4.42,4.32,4.42,71
LTS-O,20260211,2.72,2.72,2.62,2.66,118
LUXF-O,20260211,6.3,6.3,6.3,6.3,1
M-CHAI-O,20260211,21.9,21.9,21.9,21.9,10
M-O,20260211,20.9,20.9,20.7,20.7,473
M-PAT-O,20260211,1.6,1.6,1.6,1.6,1
M-STOR-O,20260211,7.05,7.1,7.05,7.1,4
MADAME-O,20260211,0.12,0.12,0.12,0.12,60
MAGURO-O,20260211,22.6,23,22.6,23,46
MAJOR-O,20260211,7.1,7.25,7.1,7.25,173
MALEE-O,20260211,2.86,4.14,2.86,4.14,234
MASTEC-O,20260211,0.99,0.99,0.98,0.98,100
MASTER-O,20260211,9.8,9.95,9.6,9.7,568
MBAX-O,20260211,1.6,1.76,1.21,1.76,178
MBK-O,20260211,18,19,18,18.6,184
MC-O,20260211,12,12,12,12,78
MCA-O,20260211,1.06,1.06,1.06,1.06,5
MCOT-O,20260211,3.98,3.98,3.9,3.94,82
MCS-O,20260211,8.45,8.65,8.45,8.65,56
MDX-O,20260211,2.42,2.6,2.42,2.6,40
MEDEZE-O,20260211,6.3,6.3,6.3,6.3,5
MEGA-O,20260211,40,40,39,39.75,449
MENA-O,20260211,0.74,0.74,0.74,0.74,1
META-O,20260211,0.05,0.05,0.05,0.05,9
METCO-O,20260211,253,253,247,248,505
MFC-O,20260211,24,24,24,24,11
MFEC-O,20260211,5.4,5.4,5.4,5.4,9
MGI-O,20260211,5.9,6,5.9,6,83
MGT-O,20260211,1.59,1.59,1.59,1.59,2
MICRO-O,20260211,1,1,0.85,0.85,6
MIDA-O,20260211,0.29,0.29,0.29,0.29,5
MILL-O,20260211,0.05,0.05,0.05,0.05,1427
MINT-O,20260211,25.5,26.5,25.5,26,1614
MIPF-O,20260211,12.7,12.7,12.7,12.7,1
MITSIB-O,20260211,0.58,0.58,0.58,0.58,72
MJLF-O,20260211,5.15,5.15,5.15,5.15,78
MK-O,20260211,0.5,0.5,0.5,0.5,1
ML-O,20260211,0.5,0.5,0.5,0.5,10
MMM-O,20260211,4.42,4.42,3.42,3.42,247
MNIT-O,20260211,1.96,1.96,1.96,1.96,1
MNRF-O,20260211,1.47,2.1,1.47,2.1,3
MODERN-O,20260211,2,2,2,2,60
MONO-O,20260211,1.13,1.13,1.11,1.11,103
MORE-O,20260211,0.03,0.03,0.03,0.03,99
MOSHI-O,20260211,36.5,37.5,36.5,37,365
MOTHER-O,20260211,1.2,1.22,1.2,1.22,56
MPJ-O,20260211,3.92,3.92,3.92,3.92,4
MRDIYT-O,20260211,9.25,9.25,9.15,9.2,131
MSC-O,20260211,7.7,7.7,7.7,7.7,10
MTC-O,20260211,38,38,37,37.75,297
MTI-O,20260211,16,16.3,16,16.3,68
MUD-O,20260211,0.64,0.64,0.64,0.64,74
MVP-O,20260211,0.11,0.12,0.11,0.11,4
NAM-O,20260211,3.82,3.82,3.82,3.82,1
NC-O,20260211,2.12,2.12,2.12,2.12,1
NCH-O,20260211,0.41,0.41,0.38,0.38,267
NCP-O,20260211,0.95,0.95,0.95,0.95,5
NDR-O,20260211,1.35,1.35,1.35,1.35,1
NEO-O,20260211,21.3,21.4,20.9,21.1,183
NEP-O,20260211,0.19,0.19,0.19,0.19,65
NER-O,20260211,4.88,4.92,4.86,4.9,210
NETBAY-O,20260211,22.4,22.4,22.4,22.4,100
NEX-O,20260211,1.21,1.26,1.21,1.25,123
NKI-O,20260211,19.1,19.1,19.1,19.1,6
NNCL-O,20260211,1.54,1.55,1.54,1.55,51
NOBLE-O,20260211,2.24,2.24,2.2,2.22,110
NRF-O,20260211,0.24,0.24,0.24,0.24,2
NSL-O,20260211,23.5,23.7,23.5,23.5,230
NTF-O,20260211,6,6,6,6,6
NTSC-O,20260211,6.55,6.65,6.55,6.65,100
NTV-O,20260211,23.4,23.4,23.4,23.4,12
NV-O,20260211,0.51,0.51,0.51,0.51,107
NVD-O,20260211,0.79,0.79,0.79,0.79,11
NYT-O,20260211,3.26,3.26,3.24,3.24,161
OKJ-O,20260211,4.02,5.15,4,4.04,523
ONEE-O,20260211,2.36,2.36,2.34,2.36,147
ONSENS-O,20260211,1.05,1.06,1.05,1.05,59
OR-O,20260211,14.1,14.5,14,14,4763
ORI-O,20260211,2,2.04,2,2,354
OSP-O,20260211,18.4,18.5,18.1,18.1,699
PAF-O,20260211,0.68,0.69,0.67,0.69,22
PANEL-O,20260211,1.33,1.34,1.33,1.34,11
PAP-O,20260211,1.99,1.99,1.99,1.99,46
PATO-O,20260211,7.1,7.15,7.1,7.15,22
PB-O,20260211,49.75,49.75,49.75,49.75,4
PCE-O,20260211,2.12,2.24,2.12,2.22,871
PCSGH-O,20260211,3.08,3.08,3.06,3.08,68
PDG-O,20260211,2.06,2.88,2.06,2.88,82
PDJ-O,20260211,1.12,1.13,1.1,1.11,88
PEACE-O,20260211,1.84,1.84,1.84,1.84,1
PEER-O,20260211,0.09,0.09,0.08,0.08,139
PERM-O,20260211,0.17,0.17,0.17,0.17,50
PF-O,20260211,0.05,0.05,0.05,0.05,521
PG-O,20260211,6.15,6.15,6.15,6.15,1
PHOL-O,20260211,2.88,2.88,2.8,2.8,36
PIMO-O,20260211,0.99,1,0.99,0.99,68
PIN-O,20260211,4.38,4.4,4.34,4.4,92
PIS-O,20260211,3.32,3.52,3,3,114
PJW-O,20260211,2.08,2.08,2.06,2.06,76
PK-O,20260211,0.45,0.45,0.44,0.44,14
PLANB-O,20260211,4.12,4.24,4.1,4.18,988
PLAT-O,20260211,1.07,1.07,1.07,1.07,4
PLE-O,20260211,0.16,0.16,0.15,0.15,73
PLT-O,20260211,0.59,0.59,0.59,0.59,10
PLUS-O,20260211,1.21,1.72,1.21,1.69,1818
PM-O,20260211,12.2,12.5,12.2,12.5,27
PMC-O,20260211,0.85,0.86,0.85,0.85,25
PMTA-O,20260211,10.1,10.1,10.1,10.1,10
POPF-O,20260211,7,7,7,7,1
PORT-O,20260211,0.55,0.55,0.54,0.54,30
PPM-O,20260211,1.16,1.16,1.16,1.16,2
PPPM-O,20260211,0.28,0.29,0.28,0.29,52
PQS-O,20260211,1.44,1.52,1.44,1.46,110
PR9-O,20260211,19.5,19.8,19.5,19.6,531
PRAPAT-O,20260211,0.72,0.73,0.72,0.72,87
PRECHA-O,20260211,0.49,0.49,0.49,0.49,2
PRI-O,20260211,4.32,4.32,4.26,4.26,34
PRIME-O,20260211,0.05,0.05,0.05,0.05,50
PRIN-O,20260211,1.5,1.52,1.49,1.49,31
PRINC-O,20260211,1.76,1.76,1.25,1.25,11
PRM-O,20260211,7.3,9.3,7.25,9.3,256
PROEN-O,20260211,1.16,1.21,1.16,1.18,7
PROS-O,20260211,0.42,0.44,0.42,0.44,32
PROSPECT-O,20260211,6.95,6.95,6.95,6.95,40
PROUD-O,20260211,0.7,0.71,0.7,0.71,20
PSGC-O,20260211,2.34,2.4,2.34,2.34,367
PSH-O,20260211,3.72,3.72,3.72,3.72,53
PSL-O,20260211,6.4,6.45,6.3,6.3,28
PT-O,20260211,12.8,12.8,12.7,12.7,394
PTG-O,20260211,8.35,8.65,8.35,8.55,1366
PTL-O,20260211,8.2,8.25,8.2,8.2,32
PTT-O,20260211,35.75,35.75,35.25,35.5,5332
PTTEP-O,20260211,129.5,131,128,129.5,5882
PTTGC-O,20260211,26,26,25.75,25.75,975
PYLON-O,20260211,2.78,2.78,2.78,2.78,130
Q-CON-O,20260211,6.95,7,5,6.9,202
QDC-O,20260211,0.08,0.09,0.08,0.08,175
QH-O,20260211,1.37,1.41,1.37,1.4,2041
QHBREIT-O,20260211,3.58,3.58,3.58,3.58,2
QHHRREIT-O,20260211,4.74,6.8,4.74,6.8,11
QTCG-O,20260211,0.14,0.15,0.14,0.15,20
RABBIT-O,20260211,0.27,0.29,0.27,0.27,35
RAM-O,20260211,18.5,18.5,18.5,18.5,1
RATCH-O,20260211,31.5,32.5,31.25,31.5,907
RBF-O,20260211,3.32,3.34,3.3,3.34,50
RCL-O,20260211,28.25,28.5,28,28.25,699
READY-O,20260211,3.04,3.04,3.04,3.04,40
RICHY-O,20260211,0.19,0.19,0.16,0.17,121
RJH-O,20260211,13,13.1,12.9,12.9,171
ROCTEC-O,20260211,0.6,0.62,0.59,0.6,142
ROJNA-O,20260211,5.1,5.35,5.1,5.2,154
RP-O,20260211,0.57,0.58,0.57,0.58,11
RPC-O,20260211,0.29,0.29,0.29,0.29,10
RPH-O,20260211,5.3,5.3,5,5,9
RS-O,20260211,0.17,0.2,0.16,0.2,130
RWI-O,20260211,0.19,0.2,0.19,0.2,58
S&J-O,20260211,23.1,23.1,23.1,23.1,1
S-O,20260211,0.51,0.51,0.51,0.51,57
S11-O,20260211,3.66,4.78,3.64,4.78,13
SAAM-O,20260211,4.74,4.74,4.74,4.74,9
SABINA-O,20260211,16.5,16.9,16.5,16.8,291
SAF-O,20260211,0.36,0.36,0.36,0.36,2
SAK-O,20260211,3.44,3.44,3.42,3.42,12
SALEE-O,20260211,0.36,0.36,0.36,0.36,17
SAMART-O,20260211,5.45,6.4,5.45,6.4,71
SAMCO-O,20260211,0.69,0.7,0.69,0.7,20
SAMTEL-O,20260211,3.98,3.98,3.98,3.98,1
SANKO-O,20260211,0.84,0.84,0.84,0.84,63
SAPPE-O,20260211,32,32.5,32,32.5,255
SAT-O,20260211,15.1,15.2,15,15.2,183
SAUCE-O,20260211,40.75,41.5,40.75,41.5,44
SAV-O,20260211,12.7,12.7,11.9,12.2,160
SAWAD-O,20260211,28.75,28.75,27.75,27.75,525
SAWANG-O,20260211,7.4,7.4,7.4,7.4,4
SC-O,20260211,1.84,1.9,1.83,1.83,130
SCAP-O,20260211,0.76,1.04,0.76,1.03,61
SCB-O,20260211,140,140.5,139,139.5,15603
SCC-O,20260211,219,220,218,218,971
SCCC-O,20260211,147.5,147.5,146,147,176
SCG-O,20260211,2.56,2.56,2.54,2.54,51
SCGD-O,20260211,5,5.05,5,5.05,221
SCGP-O,20260211,20.7,20.7,20.2,20.2,981
SCI-O,20260211,0.9,0.9,0.9,0.9,10
SCM-O,20260211,0.14,0.14,0.14,0.14,1
SCP-O,20260211,9,9,9,9,141
SDC-O,20260211,0.03,0.03,0.03,0.03,792
SE-O,20260211,0.45,0.45,0.44,0.44,15
SEAFCO-O,20260211,2.2,2.2,2.1,2.14,226
SEAOIL-O,20260211,3.2,3.2,3.06,3.18,65
SEI-O,20260211,2.3,2.3,2.26,2.26,7
SENA-O,20260211,1.72,1.73,1.71,1.73,137
SENX-O,20260211,0.18,0.18,0.18,0.18,3
SFLEX-O,20260211,3.3,3.34,3.3,3.34,36
SFT-O,20260211,2,2,2,2,1
SGC-O,20260211,0.98,0.99,0.98,0.98,88
SGP-O,20260211,7.6,7.6,7.6,7.6,2
SHANG-O,20260211,51.25,51.25,51.25,51.25,5
SHR-O,20260211,1.74,1.75,1.74,1.75,15
SICT-O,20260211,2.46,2.48,2.46,2.48,169
SINGER-O,20260211,5.5,5.5,5.4,5.4,211
SINO-O,20260211,0.93,0.94,0.93,0.94,65
SIRI-O,20260211,1.44,1.45,1.43,1.44,2129
SIRIPRT-O,20260211,6.7,6.7,6.7,6.7,1
SIS-O,20260211,20.6,20.6,20.6,20.6,39
SISB-O,20260211,11.4,11.9,11.4,11.8,311
SITHAI-O,20260211,1.04,1.04,1.04,1.04,2
SJWD-O,20260211,8.15,8.15,7.9,7.9,129
SKIN-O,20260211,1.3,1.31,1.28,1.31,105
SKN-O,20260211,6.5,6.5,6.5,6.5,1
SKR-O,20260211,7.05,7.05,7.05,7.05,1
SKY-O,20260211,13.1,13.7,13.1,13.4,162
SLP-O,20260211,0.26,0.26,0.26,0.26,51
SMART-O,20260211,0.54,0.54,0.54,0.54,1
SMD100-O,20260211,2.02,2.02,1.98,2,307
SMIT-O,20260211,3.62,3.62,3.62,3.62,269
SMO-O,20260211,3.58,3.58,3.56,3.56,31
SMT-O,20260211,1.24,1.24,1.21,1.23,40
SNC-O,20260211,6.25,6.4,6.25,6.4,102
SNNP-O,20260211,7.45,7.65,7.45,7.65,131
SNP-O,20260211,9.6,10.8,9.6,10.8,43
SNPS-O,20260211,4.66,4.66,4.64,4.64,10
SO-O,20260211,4,4,4,4,1
SOLAR-O,20260211,0.18,0.2,0.18,0.19,123
SORKON-O,20260211,3.54,3.54,3.54,3.54,3
SPA-O,20260211,3.7,3.7,3.68,3.68,101
SPACK-O,20260211,1.13,1.13,1.13,1.13,10
SPALI-O,20260211,13.1,18.8,13.1,18.6,230
SPC-O,20260211,57.5,57.5,57.5,57.5,28
SPCG-O,20260211,9.75,9.85,9.75,9.85,155
SPI-O,20260211,43,43,42.75,42.75,8
SPRC-O,20260211,7.2,7.25,7.15,7.2,404
SPREME-O,20260211,1.6,1.61,1.6,1.61,6
SPRIME-O,20260211,2.6,3.56,2.6,3.56,16
SPTX-O,20260211,0.01,0.01,0.01,0.01,700
SPVI-O,20260211,2.4,2.48,2.4,2.48,15
SQ-O,20260211,0.28,0.28,0.28,0.28,10
SR-O,20260211,0.31,0.32,0.31,0.32,79
SRIPANWA-O,20260211,5.05,5.05,4.98,4.98,21
SRS-O,20260211,1.5,1.5,1.5,1.5,1
SSF-O,20260211,5,5,4.98,4.98,110
SSP-O,20260211,3.1,3.12,3.08,3.12,305
SSSC-O,20260211,2.14,2.14,2.14,2.14,44
SST-O,20260211,1.2,1.22,1.2,1.2,28
SSTRT-O,20260211,4.46,4.46,4.46,4.46,102
STA-O,20260211,13.1,13.6,13.1,13.4,718
STANLY-O,20260211,193,193.5,193,193.5,73
STC-O,20260211,0.28,0.28,0.28,0.28,2
STECH-O,20260211,1.03,1.03,1.02,1.02,110
STECON-O,20260211,9.7,10.3,9.7,10.1,5260
STELLA-O,20260211,0.19,0.2,0.19,0.2,83
STGT-O,20260211,8.65,8.7,8.6,8.65,581
STOWER-O,20260211,0.03,0.04,0.03,0.03,104
STPI-O,20260211,4.76,4.78,4.6,4.64,1179
STX-O,20260211,1.05,1.05,1.05,1.05,42
SUC-O,20260211,27.75,27.75,27.25,27.75,41
SUPER-O,20260211,0.1,0.11,0.1,0.1,444
SUPEREIF-O,20260211,5.7,5.7,5.7,5.7,5
SUSCO-O,20260211,2.24,2.28,2.22,2.22,364
SVI-O,20260211,7.3,7.35,7.3,7.35,29
SVR-O,20260211,0.28,0.28,0.28,0.28,9
SYMC-O,20260211,3.72,3.74,3.2,3.2,82
SYNEX-O,20260211,10.5,10.5,10,10,154
SYNTEC-O,20260211,1.71,1.73,1.71,1.73,100
TACC-O,20260211,5.75,5.8,5.7,5.7,414
TAKUNI-O,20260211,0.36,0.36,0.36,0.36,20
TASCO-O,20260211,14.1,14.2,14,14.1,521
TCAP-O,20260211,57.5,57.75,56.75,57,2474
TCC-O,20260211,0.27,0.27,0.27,0.27,10
TEAM-O,20260211,1.72,1.72,1.72,1.72,1
TEAMG-O,20260211,3.22,3.32,3.22,3.28,271
TEGH-O,20260211,3.14,3.14,3.14,3.14,16
TEKA-O,20260211,1.77,1.77,1.75,1.75,4
TERA-O,20260211,0.97,0.97,0.68,0.68,123
TFFIF-O,20260211,6.75,6.8,6.75,6.75,131
TFG-O,20260211,4.9,4.94,4.86,4.86,1004
TFI-O,20260211,0.04,0.05,0.04,0.05,33
TFM-O,20260211,6.4,6.4,6.35,6.35,114
TFMAMA-O,20260211,189.5,190.5,189.5,190,27
TGPRO-O,20260211,0.04,0.04,0.04,0.04,80
THAI-O,20260211,6.85,6.9,6.7,6.75,2638
THANA-O,20260211,1.66,1.68,1.66,1.67,15
THANI-O,20260211,1.8,1.8,1.78,1.78,121
THCOM-O,20260211,9.85,10.5,9.75,10.5,1773
THG-O,20260211,9,9,8.95,8.95,66
THIP-O,20260211,22.8,22.8,22.8,22.8,37
THRE-O,20260211,0.39,0.39,0.39,0.39,28
THREL-O,20260211,1.1,1.1,1.09,1.09,102
TIDLOR-O,20260211,18.9,18.9,18.7,18.7,826
TIPCO-O,20260211,7.75,7.8,7.75,7.8,19
TIPH-O,20260211,20.1,20.7,20.1,20.7,33
TISCO-O,20260211,113,113.5,112,112,7107
TITLE-O,20260211,7.2,7.2,7.1,7.1,131
TK-O,20260211,4.26,4.26,4.26,4.26,1
TKN-O,20260211,4.38,4.38,4.32,4.32,130
TKS-O,20260211,6.5,6.6,6.5,6.6,86
TLI-O,20260211,11.7,11.7,11.5,11.5,378
TMAN-O,20260211,11.8,12.1,11.8,12,260
TMI-O,20260211,0.5,0.51,0.5,0.5,153
TMILL-O,20260211,2.08,2.08,2.08,2.08,1
TMT-O,20260211,2.8,2.8,2.8,2.8,30
TMW-O,20260211,59.75,60,57.75,60,38
TNDT-O,20260211,0.15,0.15,0.15,0.15,1
TNITY-O,20260211,2.54,2.54,2.52,2.52,8
TNP-O,20260211,2.86,2.88,2.86,2.88,98
TNPC-O,20260211,0.78,0.78,0.78,0.78,5
TOA-O,20260211,14.8,14.9,14.7,14.8,82
TOG-O,20260211,6.65,6.65,6.65,6.65,1
TOP-O,20260211,49.5,50.5,49.25,50,1989
TPA-O,20260211,2.58,2.58,2.58,2.58,2
TPCH-O,20260211,1.72,1.72,1.69,1.69,147
TPIPL-O,20260211,0.76,0.77,0.74,0.74,324
TPIPP-O,20260211,1.91,1.96,1.91,1.91,525
TPOLY-O,20260211,0.19,0.22,0.19,0.22,11
TPS-O,20260211,3.66,3.66,3.62,3.62,120
TQM-O,20260211,12.5,12.9,12.5,12.7,56
TQR-O,20260211,5.1,5.1,5,5,21
TRC-O,20260211,0.47,0.5,0.47,0.49,253
TRITN-O,20260211,0.02,0.02,0.02,0.02,529
TRT-O,20260211,3.78,3.82,3.78,3.82,52
TRU-O,20260211,3.88,3.9,3.86,3.9,75
TRUBB-O,20260211,0.7,0.72,0.67,0.7,8536
TRUE-O,20260211,13,13.5,13,13.2,7114
TSC-O,20260211,14.4,14.4,14.2,14.2,45
TSE-O,20260211,0.41,0.46,0.41,0.45,123
TSI-O,20260211,0.05,0.05,0.05,0.05,2
TSTH-O,20260211,0.73,0.73,0.73,0.73,1
TTA-O,20260211,4.36,4.36,4.32,4.34,131
TTB-O,20260211,2.04,2.06,2.02,2.02,5914
TTCL-O,20260211,0.15,0.15,0.15,0.15,87
TTLPF-O,20260211,10,10,9.95,10,48
TTT-O,20260211,45.75,45.75,45.75,45.75,28
TTW-O,20260211,9.25,9.3,9.2,9.3,354
TU-O,20260211,12.1,12.1,11.8,11.9,3000
TURBO-O,20260211,1.49,1.53,1.46,1.53,3611
TVO-O,20260211,23.9,24.3,23.9,24.2,624
TVT-O,20260211,0.24,0.24,0.24,0.24,70
TWP-O,20260211,1.14,1.14,1.14,1.14,10
TWPC-O,20260211,2.96,3.02,2.96,3,18
TWZ-O,20260211,0.03,0.03,0.03,0.03,6
TYCN-O,20260211,1.7,1.7,1.68,1.68,5
UAC-O,20260211,2.74,2.74,2.74,2.74,10
UBA-O,20260211,1,1,1,1,3
UBE-O,20260211,0.45,0.45,0.44,0.44,147
UBIS-O,20260211,0.88,0.9,0.88,0.9,80
UEC-O,20260211,0.59,0.59,0.59,0.59,7
UKEM-O,20260211,0.44,0.61,0.44,0.61,5
UNIQ-O,20260211,2.96,2.96,2.96,2.96,4
UPF-O,20260211,24.3,24.3,23.1,23.1,5
UREKA-O,20260211,0.31,0.4,0.31,0.39,398
UTP-O,20260211,7.55,7.6,7.55,7.55,119
UV-O,20260211,0.84,0.84,0.81,0.81,17
UVAN-O,20260211,13.1,13.2,13.1,13.2,194
VARO-O,20260211,4.3,4.3,4.3,4.3,10
VCOM-O,20260211,3.06,3.06,3.06,3.06,34
VGI-O,20260211,1.04,1.05,1.02,1.02,849
VIBHA-O,20260211,1.39,1.4,1.38,1.4,24
VIH-O,20260211,8.6,8.75,8.6,8.65,20
VNG-O,20260211,2.14,2.14,2.14,2.14,14
VPO-O,20260211,0.46,0.46,0.46,0.46,15
VS-O,20260211,0.24,0.24,0.24,0.24,10
WACOAL-O,20260211,17.6,17.6,17.6,17.6,5
WARRIX-O,20260211,1.84,1.94,1.84,1.93,375
WASH-O,20260211,4.52,4.52,4.52,4.52,25
WFX-O,20260211,0.69,0.69,0.67,0.69,251
WGE-O,20260211,0.8,0.8,0.8,0.8,1
WHA-O,20260211,3.78,3.94,3.78,3.92,3512
WHABT-O,20260211,5.9,5.95,5.9,5.95,140
WHAIR-O,20260211,6.55,6.55,6.55,6.55,25
WHART-O,20260211,11,11,10.9,11,155
WHAUP-O,20260211,4.68,4.82,4.68,4.78,530
WICE-O,20260211,2.38,2.38,2.38,2.38,2
WIIK-O,20260211,0.85,0.85,0.85,0.85,1
WINDOW-O,20260211,0.7,0.7,0.7,0.7,1
WINNER-O,20260211,2.22,2.22,2.22,2.22,50
WORK-O,20260211,3.66,3.66,2.6,3.64,56
WP-O,20260211,3.68,3.78,3.4,3.74,114
WPH-O,20260211,6.25,6.4,6,6.3,154
WSOL-O,20260211,0.2,0.2,0.19,0.19,13
XBIO-O,20260211,0.08,0.08,0.06,0.07,111
XO-O,20260211,14.1,14.6,14,14.6,163
XPG-O,20260211,0.51,0.51,0.5,0.5,228
XYZ-O,20260211,0.36,0.4,0.36,0.4,41
YGG-O,20260211,0.22,0.23,0.22,0.23,4
YONG-O,20260211,0.72,0.72,0.72,0.72,42
YUASA-O,20260211,14.2,14.2,14.2,14.2,28
ZEN-O,20260211,5.9,5.9,5.85,5.85,50
ZIGA-O,20260211,1,1,1,1,6
RABBIT-P,20260211,0.29,0.29,0.29,0.29,57600
KTB-P-O,20260211,129,129,70.25,70.75,174
TISCO-P-O,20260211,896,896,896,896,3
VAYU1,20260211,10.9,10.9,10.8,10.9,406100
VAYU1-O,20260211,10.9,10.9,10.8,10.8,136
AAV01C2604A,20260211,0.09,0.1,0.09,0.1,413800
AAV01C2607A,20260211,0.24,0.25,0.22,0.24,4653700
AAV01C2609T,20260211,0.27,0.27,0.25,0.26,2960400
AAV13C2604A,20260211,0.22,0.22,0.18,0.2,24627600
AAV13C2607A,20260211,0.36,0.36,0.32,0.33,19404200
AAV13C2701T,20260211,0.27,0.27,0.26,0.26,1681200
AAV19C2604A,20260211,0.26,0.26,0.22,0.24,2594200
AAV19C2612T,20260211,0.25,0.25,0.23,0.24,1854000
AAV41C2604A,20260211,0.22,0.22,0.18,0.2,3544000
AAV41C2607A,20260211,0.33,0.33,0.3,0.31,6043200
AAV41C2609T,20260211,0.2,0.2,0.19,0.19,16400
AAV41C2611T,20260211,0.21,0.21,0.2,0.2,481200
ADVANC01C2606A,20260211,1.06,1.06,0.98,1.01,2299000
ADVANC01C2607A,20260211,0.66,0.66,0.61,0.63,7635300
ADVANC01C2701T,20260211,0.68,0.68,0.65,0.65,3507100
ADVANC01P2604A,20260211,0.03,0.03,0.03,0.03,120000
ADVANC01P2606A,20260211,0.32,0.34,0.32,0.33,5870400
ADVANC01P2607A,20260211,0.63,0.67,0.62,0.65,11405500
ADVANC13C2604A,20260211,0.66,0.66,0.59,0.62,1609000
ADVANC13C2607A,20260211,0.68,0.69,0.63,0.65,14206200
ADVANC13C2701T,20260211,0.47,0.47,0.45,0.46,11092600
ADVANC13P2604A,20260211,0.02,0.02,0.02,0.02,116300
ADVANC13P2607A,20260211,0.39,0.42,0.39,0.4,9033500
ADVANC19C2606A,20260211,0.8,0.8,0.72,0.72,200
ADVANC19C2607A,20260211,0.58,0.58,0.49,0.52,5476200
ADVANC41C2604A,20260211,0.63,0.64,0.54,0.58,1099300
ADVANC41C2606T,20260211,0.86,0.86,0.81,0.81,202400
ADVANC41C2607A,20260211,0.58,0.6,0.55,0.57,6054600
ADVANC41C2701T,20260211,0.36,0.36,0.34,0.35,93300
ADVANC41P2607A,20260211,0.37,0.4,0.37,0.39,30700
AEONTS01C2603A,20260211,0.02,0.02,0.02,0.02,100
AIA41C2603A,20260211,0.49,0.49,0.46,0.46,20800
ALIHEA41C2606A,20260211,0.51,0.51,0.49,0.5,500
AMATA01C2605A,20260211,0.19,0.24,0.19,0.23,11267300
AMATA13C2604A,20260211,0.18,0.23,0.18,0.23,27742900
AMATA13C2607A,20260211,0.43,0.5,0.43,0.5,30104000
AMATA19C2607A,20260211,0.32,0.38,0.32,0.38,8879800
AMATA41C2604A,20260211,0.17,0.21,0.17,0.21,1060600
AMATA41C2607A,20260211,0.39,0.46,0.39,0.45,5089200
AMATA41C2609T,20260211,0.27,0.29,0.27,0.28,1966100
AOT01C2605A,20260211,0.37,0.37,0.35,0.35,2653800
AOT01C2606T,20260211,0.48,0.48,0.47,0.47,3056700
AOT01C2607A,20260211,0.57,0.57,0.51,0.51,2888900
AOT01P2603A,20260211,0.01,0.01,0.01,0.01,90000
AOT01P2605A,20260211,0.21,0.22,0.21,0.21,2478300
AOT01P2607A,20260211,0.47,0.49,0.47,0.49,3925200
AOT13C2605A,20260211,0.66,0.66,0.63,0.64,35100
AOT13C2605B,20260211,0.35,0.35,0.32,0.32,7997500
AOT13P2603A,20260211,0.01,0.01,0.01,0.01,4400
AOT13P2607A,20260211,0.37,0.38,0.37,0.38,1700400
AOT19C2605B,20260211,0.3,0.3,0.27,0.27,14711300
AOT19P2605A,20260211,0.12,0.12,0.12,0.12,1178000
AOT41C2605A,20260211,0.56,0.56,0.55,0.55,150300
AOT41C2605B,20260211,0.31,0.31,0.29,0.29,610700
AOT41C2605T,20260211,0.03,0.03,0.03,0.03,5000
AOT41C2609T,20260211,0.58,0.58,0.55,0.55,1560300
AWC01C2606T,20260211,0.23,0.23,0.22,0.22,1598500
AWC01C2607A,20260211,0.29,0.29,0.28,0.28,1717300
AWC13C2603A,20260211,0.08,0.08,0.07,0.07,163400
AWC13C2606A,20260211,0.33,0.33,0.31,0.31,4010600
AWC13C2701T,20260211,0.29,0.29,0.29,0.29,600
AWC19C2606T,20260211,0.13,0.13,0.13,0.13,43400
AWC41C2606A,20260211,0.28,0.28,0.28,0.28,500
AWC41C2609T,20260211,0.24,0.24,0.23,0.23,130400
BA01C2603A,20260211,0.13,0.13,0.12,0.13,2679200
BA01C2607A,20260211,0.3,0.32,0.29,0.3,5064600
BA13C2603A,20260211,0.27,0.28,0.27,0.27,5756100
BA13C2607A,20260211,0.37,0.38,0.36,0.37,5109000
BA19C2605A,20260211,0.34,0.35,0.33,0.34,4378700
BA41C2603A,20260211,0.26,0.27,0.25,0.26,1881400
BA41C2611T,20260211,0.32,0.32,0.32,0.32,1580900
BABA28C2606A,20260211,0.28,0.28,0.28,0.28,5000
BABA28C2606B,20260211,0.48,0.48,0.48,0.48,100
BABA28P2603A,20260211,0.06,0.06,0.06,0.06,5500
BABA41C2603A,20260211,0.08,0.08,0.08,0.08,251700
BABA41C2603T,20260211,0.17,0.17,0.16,0.16,2200
BABA41C2605A,20260211,0.51,0.51,0.51,0.51,600
BABA41C2609T,20260211,1.07,1.07,1.04,1.04,700
BABA41C2701T,20260211,1.17,1.18,1.14,1.15,21400
BABA41P2603A,20260211,0.22,0.24,0.22,0.24,161200
BAM13C2607A,20260211,0.19,0.21,0.19,0.2,6046400
BAM41C2612T,20260211,0.37,0.38,0.37,0.38,200
BANPU01C2603A,20260211,0.22,0.26,0.22,0.24,841900
BANPU01C2605A,20260211,0.69,0.71,0.69,0.71,267500
BANPU01C2606T,20260211,0.35,0.35,0.34,0.34,712000
BANPU01C2607A,20260211,0.14,0.15,0.14,0.15,2267700
BANPU13C2606A,20260211,0.22,0.23,0.22,0.23,3844500
BANPU13C2701T,20260211,0.22,0.22,0.22,0.22,395800
BANPU19C2603B,20260211,0.09,0.09,0.08,0.08,647600
BANPU19C2612T,20260211,0.35,0.35,0.35,0.35,124900
BANPU41C2606A,20260211,0.21,0.21,0.21,0.21,100200
BBL13C2607A,20260211,0.2,0.2,0.18,0.18,4557400
BBL13C2607B,20260211,0.37,0.37,0.35,0.35,5141600
BBL13P2604A,20260211,0.17,0.18,0.17,0.18,1350800
BBL19C2612T,20260211,0.44,0.44,0.43,0.43,1131500
BBL41C2607A,20260211,0.18,0.18,0.18,0.18,100100
BBL41C2609T,20260211,0.36,0.37,0.36,0.37,20100
BCH01C2607A,20260211,0.13,0.13,0.13,0.13,9624800
BCH01C2610T,20260211,0.11,0.11,0.11,0.11,4000000
BCH13C2607B,20260211,0.19,0.2,0.19,0.2,5017000
BCH19C2607A,20260211,0.2,0.21,0.2,0.21,3894200
BCH41C2607B,20260211,0.16,0.16,0.16,0.16,100100
BCP01C2607A,20260211,0.35,0.35,0.34,0.35,3759300
BCP13C2604A,20260211,0.24,0.24,0.23,0.24,10278500
BCP13C2608A,20260211,0.33,0.33,0.32,0.32,7095900
BCP19C2607A,20260211,0.3,0.3,0.29,0.3,4919000
BCP41C2604A,20260211,0.24,0.25,0.24,0.24,1361000
BCP41C2607A,20260211,0.51,0.51,0.49,0.51,101100
BCPG01C2605A,20260211,0.2,0.23,0.2,0.22,3480200
BCPG01C2607A,20260211,0.48,0.52,0.48,0.51,3066200
BCPG13C2603A,20260211,0.01,0.01,0.01,0.01,2000000
BCPG13C2604A,20260211,0.15,0.18,0.15,0.17,9434900
BCPG13C2607A,20260211,0.5,0.53,0.5,0.51,14757200
BCPG19C2605A,20260211,0.27,0.31,0.27,0.29,6702600
BCPG41C2606T,20260211,0.35,0.36,0.35,0.36,600900
BCPG41C2607A,20260211,0.47,0.5,0.47,0.49,3562400
BCPG41C2612T,20260211,0.3,0.32,0.3,0.31,4115300
BDMS01C2604A,20260211,0.15,0.16,0.15,0.15,4287200
BDMS01C2607A,20260211,0.32,0.33,0.31,0.31,2579900
BDMS01P2607A,20260211,0.31,0.31,0.3,0.31,1436500
BDMS13C2603A,20260211,0.02,0.02,0.02,0.02,109600
BDMS13C2604A,20260211,0.09,0.1,0.09,0.09,1435000
BDMS13C2607A,20260211,0.36,0.39,0.36,0.37,3734500
BDMS13C2701T,20260211,0.37,0.38,0.36,0.36,1364300
BDMS13P2607A,20260211,0.29,0.31,0.29,0.3,394700
BDMS19C2604A,20260211,0.2,0.22,0.2,0.2,1103000
BDMS41C2607A,20260211,0.36,0.38,0.36,0.36,701300
BDMS41C2609T,20260211,0.07,0.07,0.07,0.07,500300
BDMS41C2612T,20260211,0.26,0.27,0.26,0.26,22800
BEM13C2604A,20260211,0.05,0.05,0.04,0.04,5015800
BEM41C2606T,20260211,0.03,0.03,0.03,0.03,600000
BEM41C2612T,20260211,0.17,0.18,0.15,0.15,541400
BGRIM01C2606T,20260211,0.13,0.14,0.13,0.14,5809100
BGRIM01C2608A,20260211,0.28,0.3,0.28,0.28,9954600
BGRIM13C2605A,20260211,0.11,0.12,0.11,0.11,8768300
BGRIM13C2607A,20260211,0.29,0.32,0.29,0.29,40505800
BGRIM19C2605A,20260211,0.13,0.14,0.13,0.13,1098700
BGRIM19C2607A,20260211,0.32,0.35,0.32,0.32,11298600
BGRIM41C2607A,20260211,0.27,0.28,0.27,0.27,2146300
BGRIM41C2608T,20260211,0.23,0.24,0.23,0.24,3542200
BH01C2603A,20260211,0.1,0.1,0.08,0.08,2180400
BH01C2605A,20260211,0.66,0.82,0.66,0.72,3711300
BH01C2607A,20260211,1.46,1.67,1.46,1.55,868200
BH01P2603A,20260211,0.06,0.06,0.05,0.05,1964700
BH01P2607A,20260211,0.19,0.19,0.17,0.18,5676400
BH01P2607B,20260211,0.48,0.48,0.44,0.48,10990700
BH13C2605A,20260211,0.51,0.63,0.51,0.55,46055600
BH13C2607A,20260211,1.36,1.43,1.34,1.35,308200
BH13P2604A,20260211,0.11,0.11,0.09,0.1,2389200
BH13P2607A,20260211,0.16,0.16,0.14,0.15,6012500
BH19C2603A,20260211,0.11,0.14,0.1,0.1,13615900
BH19C2605A,20260211,0.59,0.72,0.59,0.62,13512100
BH41C2605A,20260211,0.46,0.56,0.46,0.49,7267500
BH41C2607A,20260211,1.16,1.34,1.16,1.28,1742000
BH41C2609T,20260211,0.21,0.21,0.21,0.21,7000
BH41C2611T,20260211,0.67,0.7,0.66,0.67,8807900
BIDU41C2606A,20260211,0.47,0.47,0.46,0.46,59600
BIDU41C2609A,20260211,0.33,0.33,0.33,0.33,200
BJC01C2605A,20260211,0.12,0.14,0.12,0.13,7011400
BJC01C2608A,20260211,0.34,0.38,0.34,0.36,5045700
BJC13C2605A,20260211,0.13,0.15,0.13,0.14,9351700
BJC13C2607A,20260211,0.41,0.45,0.4,0.43,19178300
BJC19C2612T,20260211,0.49,0.53,0.48,0.5,13396600
BJC41C2605A,20260211,0.1,0.12,0.1,0.12,660700
BLA01C2607A,20260211,0.35,0.35,0.33,0.33,1925300
BLA13C2607A,20260211,0.37,0.37,0.35,0.35,1412800
BLA41C2606T,20260211,0.23,0.23,0.22,0.22,691500
BTG01C2607A,20260211,0.22,0.23,0.22,0.23,169200
BTG13C2607A,20260211,0.25,0.25,0.24,0.24,101000
BTS01C2604A,20260211,0.08,0.08,0.07,0.08,400400
BTS01C2609T,20260211,0.12,0.12,0.12,0.12,2400200
BTS13C2606A,20260211,0.14,0.15,0.13,0.13,13371400
BTS13C2607A,20260211,0.35,0.36,0.34,0.34,20157500
BTS13C2701T,20260211,0.24,0.25,0.23,0.24,10295600
BTS13P2608A,20260211,0.25,0.26,0.24,0.26,5179500
BTS19C2605A,20260211,0.21,0.22,0.2,0.21,2296600
BTS41C2606A,20260211,0.12,0.12,0.12,0.12,100
BTS41C2607A,20260211,0.35,0.35,0.33,0.34,148800
BTS41C2612T,20260211,0.07,0.07,0.07,0.07,80000
BTS41C2703T,20260211,0.25,0.25,0.25,0.25,400
BYDCOM41C2609A,20260211,0.53,0.55,0.53,0.53,600
BYDCOM41P2603A,20260211,0.21,0.22,0.21,0.22,2400
CATHAY41C2603A,20260211,0.55,0.55,0.55,0.55,600
CBG01C2605A,20260211,0.23,0.23,0.22,0.22,4276800
CBG01C2607A,20260211,0.43,0.44,0.41,0.41,5097300
CBG01C2610T,20260211,0.22,0.22,0.22,0.22,7537500
CBG01P2607A,20260211,0.39,0.4,0.39,0.39,8057600
CBG13C2604A,20260211,0.1,0.1,0.09,0.09,191000
CBG13C2607A,20260211,0.39,0.4,0.37,0.37,9904800
CBG13P2605A,20260211,0.21,0.21,0.2,0.21,42200
CBG19C2604A,20260211,0.22,0.22,0.21,0.21,2278900
CBG41C2607A,20260211,0.37,0.37,0.36,0.36,2363500
CBG41C2612T,20260211,0.2,0.2,0.2,0.2,300
CCET13C2604A,20260211,0.3,0.3,0.26,0.26,1623000
CCET13C2607A,20260211,0.23,0.24,0.22,0.22,1379700
CCET41C2609T,20260211,0.15,0.15,0.15,0.15,100
CENTEL01C2606A,20260211,0.29,0.29,0.28,0.28,1939700
CENTEL13C2605A,20260211,0.35,0.35,0.33,0.33,3753200
CENTEL19C2607A,20260211,0.3,0.3,0.29,0.3,1772100
CENTEL41C2605A,20260211,0.32,0.32,0.3,0.3,680100
CENTEL41C2606T,20260211,0.28,0.28,0.27,0.27,23100
CHG13C2608A,20260211,0.35,0.35,0.33,0.33,2492200
CK13C2607A,20260211,0.32,0.34,0.32,0.33,3204400
COM701C2604A,20260211,0.4,0.4,0.3,0.3,11184300
COM701C2607A,20260211,0.81,0.81,0.69,0.69,1750300
COM701C2607B,20260211,0.15,0.15,0.13,0.13,5621600
COM713C2604A,20260211,0.18,0.18,0.13,0.13,7283100
COM713C2605A,20260211,0.44,0.44,0.37,0.37,12687300
COM713C2607A,20260211,0.79,0.79,0.66,0.66,193900
COM713C2608A,20260211,0.21,0.21,0.17,0.17,5766600
COM719C2605A,20260211,0.55,0.55,0.45,0.45,4973200
COM741C2605A,20260211,0.37,0.37,0.31,0.31,2241700
COM741C2607A,20260211,0.63,0.63,0.59,0.59,330600
COM741C2609T,20260211,0.38,0.38,0.35,0.35,1196100
CPALL01C2604A,20260211,0.17,0.17,0.15,0.16,1317700
CPALL01C2606T,20260211,0.12,0.12,0.12,0.12,1405300
CPALL01C2607A,20260211,0.42,0.43,0.4,0.42,3177600
CPALL01P2607A,20260211,0.22,0.23,0.22,0.22,3677200
CPALL13C2604A,20260211,0.11,0.11,0.1,0.11,3876600
CPALL13C2607A,20260211,0.4,0.41,0.37,0.41,3547900
CPALL13C2701T,20260211,0.36,0.36,0.35,0.36,809400
CPALL13P2608A,20260211,0.24,0.25,0.23,0.24,3198400
CPALL19C2604A,20260211,0.19,0.19,0.18,0.19,1475900
CPALL41C2605T,20260211,0.01,0.02,0.01,0.02,26200
CPALL41C2607A,20260211,0.36,0.37,0.34,0.37,650400
CPF01C2608A,20260211,0.32,0.34,0.31,0.31,2337400
CPF01C2611T,20260211,0.27,0.27,0.27,0.27,662700
CPF13C2604A,20260211,0.09,0.09,0.09,0.09,951500
CPF13C2608A,20260211,0.39,0.4,0.38,0.39,4549300
CPF13P2608A,20260211,0.49,0.49,0.47,0.48,549100
CPF19C2609T,20260211,0.23,0.23,0.22,0.22,212600
CPF41C2608A,20260211,0.33,0.35,0.33,0.33,836700
CPN01C2604A,20260211,0.36,0.43,0.36,0.4,3650000
CPN01C2606T,20260211,0.25,0.28,0.25,0.27,3098600
CPN01C2608A,20260211,0.46,0.53,0.46,0.5,3492700
CPN01P2608A,20260211,0.52,0.52,0.48,0.5,3533800
CPN13C2604A,20260211,0.34,0.42,0.34,0.38,10228100
CPN13C2608A,20260211,0.47,0.54,0.47,0.5,5285100
CPN13P2608A,20260211,0.51,0.51,0.47,0.48,4139700
CPN19C2609T,20260211,0.38,0.42,0.38,0.4,8020700
CPN41C2604A,20260211,0.31,0.38,0.31,0.36,2473200
CPN41C2608T,20260211,0.4,0.45,0.4,0.44,1578400
CRC01C2605A,20260211,0.4,0.4,0.34,0.34,5232300
CRC01C2610T,20260211,0.49,0.49,0.45,0.45,10211500
CRC01P2605A,20260211,0.18,0.2,0.18,0.2,4796400
CRC13C2606A,20260211,0.53,0.53,0.46,0.46,16346800
CRC13P2606A,20260211,0.16,0.17,0.16,0.17,665900
CRC19C2604A,20260211,0.27,0.27,0.21,0.21,2681400
CRC41C2606A,20260211,0.5,0.5,0.43,0.43,3521600
CRC41C2608T,20260211,0.02,0.02,0.02,0.02,100
CRC41C2609T,20260211,0.3,0.3,0.27,0.27,1201200
CRC41P2606A,20260211,0.16,0.16,0.16,0.16,200
DELTA01C2603A,20260211,0.08,0.08,0.07,0.08,3149800
DELTA01C2605A,20260211,0.96,1,0.94,0.98,1722100
DELTA01C2605B,20260211,1.93,1.99,1.93,1.93,5284600
DELTA01C2607A,20260211,0.56,0.58,0.56,0.56,13711700
DELTA01P2603A,20260211,0.02,0.02,0.02,0.02,756600
DELTA01P2605A,20260211,0.66,0.66,0.63,0.64,15127400
DELTA01P2606A,20260211,0.55,0.55,0.53,0.54,12354700
DELTA13C2603A,20260211,0.04,0.05,0.04,0.05,200
DELTA13C2603B,20260211,0.01,0.01,0.01,0.01,695400
DELTA13C2604A,20260211,0.46,0.49,0.45,0.47,2374500
DELTA13C2605A,20260211,0.41,0.42,0.39,0.41,31162400
DELTA13C2605B,20260211,1.3,1.3,1.25,1.28,712300
DELTA13C2606A,20260211,0.71,0.73,0.7,0.72,19540300
DELTA13C2607A,20260211,0.31,0.31,0.29,0.3,14733100
DELTA13P2603A,20260211,0.01,0.01,0.01,0.01,105000
DELTA13P2605A,20260211,0.36,0.36,0.33,0.33,6521100
DELTA19C2604A,20260211,0.17,0.18,0.17,0.17,7463600
DELTA19C2605A,20260211,0.7,0.7,0.69,0.69,15100
DELTA19C2607A,20260211,0.48,0.49,0.47,0.47,7674800
DELTA19P2604A,20260211,0.08,0.08,0.08,0.08,1387600
DELTA19P2605A,20260211,0.41,0.41,0.39,0.39,5874100
DELTA41C2604A,20260211,0.47,0.48,0.45,0.48,50200
DELTA41C2605A,20260211,0.38,0.39,0.37,0.38,1747800
DELTA41C2605B,20260211,1.27,1.27,1.24,1.24,200
DELTA41C2606A,20260211,0.7,0.71,0.68,0.7,4312000
DELTA41C2607A,20260211,0.28,0.28,0.28,0.28,1101500
DELTA41C2608T,20260211,1.33,1.35,1.33,1.33,200200
DELTA41C2612T,20260211,0.85,0.86,0.84,0.85,2488800
DELTA41P2605A,20260211,0.32,0.32,0.31,0.32,400700
DJI28C2603A,20260211,0.57,0.58,0.57,0.58,1700
DJI28P2603A,20260211,0.1,0.1,0.1,0.1,103700
DJI41C2606A,20260211,1.01,1.01,1.01,1.01,50400
DJI41P2606A,20260211,0.64,0.64,0.63,0.64,70000
DOHOME01C2604A,20260211,0.31,0.34,0.31,0.31,5117000
DOHOME01C2608A,20260211,0.53,0.56,0.52,0.53,5320300
DOHOME13C2604A,20260211,0.16,0.18,0.16,0.16,8197200
DOHOME13C2607A,20260211,0.55,0.57,0.53,0.54,14166600
DOHOME19C2604A,20260211,0.18,0.19,0.18,0.18,2597800
DOHOME41C2604A,20260211,0.16,0.18,0.16,0.17,649000
EA13C2604A,20260211,0.08,0.13,0.08,0.11,18866700
EA13C2605A,20260211,0.24,0.33,0.24,0.3,72206300
EA13C2607A,20260211,0.43,0.55,0.43,0.5,2378600
EA19C2604A,20260211,0.16,0.22,0.16,0.19,29853400
EA19C2606A,20260211,0.41,0.52,0.41,0.48,28861700
EA41C2606T,20260211,0.05,0.06,0.05,0.06,10000
EA41C2609T,20260211,0.33,0.38,0.33,0.36,2904000
EGCO01P2603A,20260211,0.15,0.17,0.14,0.17,5955100
EGCO13C2604A,20260211,0.11,0.12,0.1,0.1,5865600
EGCO41C2604A,20260211,0.1,0.1,0.09,0.09,480400
EGCO41C2612T,20260211,0.35,0.35,0.33,0.33,1936400
ERW01C2608A,20260211,0.37,0.38,0.34,0.36,5227900
ERW01C2611T,20260211,0.38,0.38,0.36,0.38,3852100
ERW13C2604A,20260211,0.33,0.35,0.32,0.32,221700
ERW13C2608A,20260211,0.35,0.36,0.32,0.34,9199800
ERW41C2611T,20260211,0.51,0.52,0.5,0.5,3767300
GLOBAL13C2604A,20260211,0.21,0.24,0.21,0.22,3825400
GLOBAL41C2604A,20260211,0.2,0.22,0.19,0.19,1261800
GLOBAL41C2612T,20260211,0.5,0.51,0.49,0.49,2381800
GPSC01C2605A,20260211,0.25,0.26,0.23,0.23,8132400
GPSC01C2609T,20260211,0.26,0.26,0.25,0.25,4017700
GPSC01P2605A,20260211,0.14,0.14,0.13,0.14,2913700
GPSC01P2607A,20260211,0.35,0.36,0.34,0.36,2875400
GPSC13C2604A,20260211,0.12,0.13,0.11,0.11,5864900
GPSC13C2606A,20260211,0.33,0.35,0.32,0.32,11278400
GPSC13C2701T,20260211,0.25,0.26,0.24,0.25,3497700
GPSC13P2606A,20260211,0.14,0.15,0.14,0.15,235600
GPSC19C2604A,20260211,0.21,0.22,0.2,0.2,12652500
GPSC41C2606A,20260211,0.31,0.32,0.31,0.32,450500
GPSC41C2606T,20260211,0.19,0.19,0.19,0.19,400
GPSC41C2703T,20260211,0.33,0.33,0.32,0.32,300700
GULF01C2604A,20260211,0.48,0.55,0.48,0.54,180100
GULF01C2606T,20260211,0.18,0.21,0.18,0.2,3840800
GULF01C2608A,20260211,0.58,0.68,0.58,0.65,11867500
GULF01P2608A,20260211,0.27,0.27,0.24,0.24,6451300
GULF13C2604A,20260211,0.56,0.63,0.56,0.6,1043100
GULF13C2607A,20260211,0.55,0.63,0.54,0.59,41294400
GULF13P2607A,20260211,0.23,0.23,0.2,0.21,8792800
GULF19C2604A,20260211,0.7,0.71,0.7,0.71,9400
GULF19C2607A,20260211,0.54,0.63,0.54,0.6,5740500
GULF41C2604A,20260211,0.56,0.63,0.56,0.6,701400
GULF41C2607A,20260211,0.5,0.58,0.5,0.56,3603400
GULF41C2609T,20260211,0.34,0.36,0.34,0.36,91600
GULF41P2607A,20260211,0.19,0.19,0.17,0.18,690600
GUNKUL13C2608A,20260211,0.25,0.26,0.25,0.26,3806200
HANA01C2604A,20260211,0.09,0.09,0.08,0.08,464200
HANA01C2606A,20260211,0.33,0.33,0.3,0.31,3547100
HANA13C2604B,20260211,0.13,0.13,0.1,0.1,13241300
HANA13C2607A,20260211,0.37,0.37,0.33,0.33,16034300
HANA13C2701T,20260211,0.24,0.24,0.24,0.24,9970200
HANA19C2604A,20260211,0.03,0.03,0.03,0.03,5110000
HANA19C2604B,20260211,0.15,0.15,0.13,0.13,1685700
HANA41C2604B,20260211,0.11,0.11,0.1,0.11,1400
HANA41C2607A,20260211,0.33,0.33,0.3,0.3,2561000
HANA41C2608T,20260211,0.31,0.31,0.3,0.31,1600
HMPRO01C2607A,20260211,0.19,0.19,0.18,0.18,7194200
HMPRO13C2604A,20260211,0.14,0.14,0.13,0.13,11643400
HMPRO41C2604A,20260211,0.14,0.14,0.13,0.13,200600
HMPRO41C2612T,20260211,0.26,0.26,0.26,0.26,350200
HSI28C2602A,20260211,0.02,0.02,0.02,0.02,5700
HSI28C2602B,20260211,0.33,0.35,0.28,0.29,53800900
HSI28C2602C,20260211,0.05,0.06,0.05,0.05,299600
HSI28C2603A,20260211,0.19,0.19,0.17,0.17,1400000
HSI28C2603B,20260211,0.4,0.41,0.36,0.37,11156300
HSI28C2603C,20260211,1.08,1.1,1.02,1.02,748100
HSI28C2604A,20260211,0.33,0.34,0.31,0.31,1511600
HSI28C2604B,20260211,0.65,0.67,0.61,0.61,2830700
HSI28C2605A,20260211,0.67,0.68,0.64,0.64,273200
HSI28P2602A,20260211,0.01,0.02,0.01,0.02,60900
HSI28P2602C,20260211,0.1,0.12,0.1,0.12,8676400
HSI28P2603A,20260211,0.01,0.01,0.01,0.01,248100
HSI28P2603B,20260211,0.12,0.13,0.12,0.12,252400
HSI28P2603C,20260211,0.39,0.41,0.38,0.4,14317300
HSI28P2604A,20260211,0.24,0.25,0.24,0.25,230200
HSI28P2604B,20260211,0.39,0.41,0.39,0.41,476100
HSI28P2604C,20260211,0.85,1.15,0.84,0.9,19334900
HSI28P2605A,20260211,0.61,0.62,0.59,0.62,22300
HSTECH28C2603A,20260211,0.17,0.17,0.17,0.17,52500
HSTECH28P2603A,20260211,0.29,0.29,0.29,0.29,100
ICHI19C2609T,20260211,0.26,0.26,0.25,0.25,230100
IRPC01C2603A,20260211,0.1,0.11,0.09,0.09,5947600
IRPC01C2607A,20260211,0.31,0.35,0.31,0.33,5069200
IRPC13C2604A,20260211,0.2,0.26,0.2,0.22,16074300
IRPC13C2701T,20260211,0.28,0.31,0.28,0.29,5796700
IRPC19C2609T,20260211,0.24,0.27,0.23,0.24,1292000
IRPC41C2604A,20260211,0.2,0.25,0.2,0.21,2210300
IRPC41C2703T,20260211,0.35,0.37,0.35,0.37,1280500
ITC01C2606T,20260211,0.27,0.28,0.27,0.28,624900
ITC13C2604A,20260211,0.08,0.08,0.08,0.08,205000
ITC13C2608A,20260211,0.36,0.37,0.36,0.37,1178000
ITC19C2609T,20260211,0.3,0.31,0.3,0.31,77700
ITC41C2612T,20260211,0.27,0.27,0.27,0.27,200
IVL01C2603A,20260211,0.15,0.15,0.11,0.11,3211600
IVL01C2604A,20260211,0.55,0.55,0.52,0.54,31000
IVL01C2605A,20260211,1.16,1.18,1.07,1.07,916600
IVL01C2607A,20260211,0.49,0.49,0.44,0.44,8478400
IVL01P2604A,20260211,0.02,0.02,0.02,0.02,500000
IVL01P2607A,20260211,0.31,0.33,0.31,0.33,5560200
IVL13C2603A,20260211,0.06,0.06,0.06,0.06,10000
IVL13C2604A,20260211,0.45,0.47,0.38,0.39,458000
IVL13C2605A,20260211,0.88,0.88,0.88,0.88,3000
IVL13C2607A,20260211,0.47,0.47,0.42,0.42,18936700
IVL13P2607A,20260211,0.34,0.37,0.34,0.36,3188900
IVL19C2603A,20260211,0.1,0.11,0.07,0.07,2374100
IVL19C2607A,20260211,0.54,0.54,0.49,0.49,7731400
IVL41C2604A,20260211,0.43,0.44,0.37,0.37,2153600
IVL41C2607A,20260211,0.43,0.43,0.41,0.41,3771000
IVL41C2702T,20260211,0.42,0.43,0.41,0.41,2261600
IVL41P2607A,20260211,0.29,0.3,0.29,0.3,348200
JAS41C2611T,20260211,0.22,0.23,0.21,0.21,1680200
JD41C2603A,20260211,0.06,0.06,0.05,0.05,60000
JD41C2606A,20260211,0.25,0.25,0.25,0.25,300
JMART13C2603A,20260211,0.03,0.03,0.03,0.03,200000
JMART13C2605A,20260211,0.35,0.36,0.28,0.29,15167600
JMART13C2701T,20260211,0.28,0.29,0.26,0.26,6218900
JMART41C2609T,20260211,0.2,0.21,0.18,0.18,351100
JMART41C2703T,20260211,0.39,0.39,0.39,0.39,50000
JMT01C2605A,20260211,0.34,0.41,0.27,0.28,11147800
JMT01C2701T,20260211,0.36,0.4,0.32,0.33,13405200
JMT13C2604A,20260211,0.17,0.21,0.12,0.13,14848200
JMT13C2607A,20260211,0.64,0.72,0.53,0.55,14195900
JMT13C2608A,20260211,0.24,0.27,0.21,0.21,16219900
JMT13C2701T,20260211,0.31,0.34,0.28,0.28,10496200
JMT19C2605A,20260211,0.37,0.42,0.27,0.29,19683500
JMT41C2604A,20260211,0.15,0.2,0.11,0.12,2356300
JMT41C2608T,20260211,0.04,0.04,0.04,0.04,40200
JMT41C2703T,20260211,0.51,0.55,0.46,0.47,6736000
KBANK01C2607A,20260211,0.43,0.43,0.41,0.43,4742300
KBANK01P2604A,20260211,0.13,0.13,0.13,0.13,199900
KBANK01P2607A,20260211,0.58,0.59,0.58,0.58,2319300
KBANK13C2607A,20260211,0.18,0.18,0.16,0.16,12181000
KBANK13C2607B,20260211,0.56,0.56,0.52,0.53,16150300
KBANK13P2607A,20260211,0.59,0.6,0.59,0.59,406900
KBANK19C2604A,20260211,0.15,0.15,0.14,0.15,936100
KBANK41C2604T,20260211,1.09,1.09,1.09,1.09,1000
KBANK41C2607A,20260211,0.12,0.12,0.12,0.12,300
KBANK41C2607B,20260211,0.51,0.51,0.47,0.49,793300
KBANK41C2609T,20260211,0.6,0.61,0.6,0.61,443600
KCE13C2603A,20260211,0.01,0.01,0.01,0.01,1350000
KCE13C2604A,20260211,0.03,0.04,0.03,0.03,2447900
KCE13C2606A,20260211,0.25,0.25,0.23,0.23,28648200
KCE13C2607A,20260211,0.4,0.43,0.39,0.4,26016400
KCE19C2604A,20260211,0.06,0.06,0.06,0.06,50000
KCE19C2605A,20260211,0.26,0.28,0.24,0.26,7139300
KCE41C2606A,20260211,0.23,0.24,0.22,0.22,1714600
KCE41C2607A,20260211,0.35,0.37,0.34,0.35,7205800
KCE41C2609T,20260211,0.38,0.39,0.37,0.37,2530200
KKP01C2607A,20260211,0.63,0.64,0.62,0.62,1589600
KKP13C2606A,20260211,0.5,0.51,0.49,0.49,5041800
KKP19C2609T,20260211,0.69,0.7,0.69,0.69,1036300
KTB01C2603A,20260211,0.08,0.08,0.08,0.08,29700
KTB01C2701T,20260211,0.22,0.22,0.22,0.22,100
KTB13C2606A,20260211,0.14,0.15,0.14,0.15,550000
KTB19C2609T,20260211,0.26,0.26,0.26,0.26,20200
KTB41C2606A,20260211,0.11,0.11,0.11,0.11,100100
KTB41C2612T,20260211,0.3,0.3,0.3,0.3,10000
KTC01C2607A,20260211,0.3,0.32,0.29,0.29,4336600
KTC01C2609T,20260211,0.21,0.22,0.21,0.21,3371800
KTC13C2604A,20260211,0.09,0.1,0.08,0.08,11963300
KTC13C2607A,20260211,0.3,0.32,0.28,0.28,13288100
KTC13C2701T,20260211,0.29,0.3,0.29,0.29,1816100
KTC19C2604A,20260211,0.18,0.19,0.17,0.17,3251600
KTC19C2609T,20260211,0.24,0.24,0.23,0.23,5812000
KTC41C2604A,20260211,0.09,0.09,0.08,0.08,758200
KTC41C2606T,20260211,0.02,0.02,0.02,0.02,300
KTC41C2607A,20260211,0.27,0.28,0.27,0.28,156300
KUAISH28C2606A,20260211,0.42,0.42,0.42,0.42,7400
KUAISH28C2607A,20260211,0.23,0.23,0.23,0.23,100000
KUAISH41C2603A,20260211,0.08,0.09,0.08,0.08,198200
KUAISH41C2606A,20260211,0.27,0.27,0.26,0.26,310300
M01C2606A,20260211,0.42,0.42,0.39,0.4,2180500
M13C2605A,20260211,0.38,0.38,0.35,0.35,3936900
M19C2605A,20260211,0.45,0.45,0.43,0.43,3203000
M41C2612T,20260211,0.31,0.31,0.31,0.31,800
MEGA01C2702T,20260211,0.31,0.31,0.31,0.31,217100
MEITUA28C2607A,20260211,0.25,0.26,0.25,0.26,105000
MEITUA41P2603A,20260211,0.27,0.27,0.27,0.27,26400
MINT01C2603A,20260211,0.1,0.14,0.1,0.11,1662600
MINT01C2605A,20260211,0.47,0.54,0.47,0.49,946300
MINT01C2606T,20260211,0.1,0.11,0.1,0.1,1000000
MINT01C2608A,20260211,0.19,0.21,0.19,0.19,3445700
MINT01P2605A,20260211,0.15,0.15,0.12,0.13,3440800
MINT13C2604A,20260211,0.47,0.52,0.47,0.52,120000
MINT13C2607A,20260211,0.22,0.25,0.22,0.23,5630900
MINT13P2606A,20260211,0.3,0.3,0.26,0.28,609700
MINT19C2607A,20260211,0.21,0.24,0.21,0.22,2535900
MINT41C2604A,20260211,0.42,0.52,0.42,0.46,450200
MINT41C2607A,20260211,0.2,0.23,0.2,0.21,750900
MINT41C2612T,20260211,0.16,0.17,0.16,0.17,200000
MINT41P2606A,20260211,0.25,0.25,0.22,0.23,737900
MTC01C2604A,20260211,0.07,0.07,0.07,0.07,400000
MTC01C2606A,20260211,0.21,0.21,0.21,0.21,1319600
MTC01C2608A,20260211,0.59,0.6,0.59,0.6,197000
MTC13C2605A,20260211,0.28,0.28,0.27,0.27,3296100
MTC13C2607A,20260211,0.6,0.6,0.6,0.6,5000
MTC13P2607A,20260211,0.22,0.22,0.2,0.21,1484600
MTC19C2605A,20260211,0.35,0.36,0.32,0.34,1048400
MTC19C2607A,20260211,0.29,0.3,0.28,0.28,6962700
MTC41C2605A,20260211,0.24,0.25,0.24,0.25,100400
MTC41C2607A,20260211,0.57,0.57,0.55,0.55,580800
MTC41C2611T,20260211,0.22,0.22,0.22,0.22,6000
NDX28C2603A,20260211,0.12,0.12,0.12,0.12,50000
NDX28C2606A,20260211,0.57,0.57,0.54,0.54,1200
NDX28P2606A,20260211,0.6,0.6,0.6,0.6,1500000
NDX41C2603A,20260211,0.12,0.13,0.11,0.11,436400
NDX41C2603B,20260211,0.24,0.24,0.23,0.23,482100
NDX41C2606A,20260211,0.74,0.74,0.72,0.73,1000
NDX41P2603A,20260211,0.59,0.61,0.59,0.61,239300
NDX41P2603B,20260211,0.33,0.34,0.33,0.34,85000
NDX41P2606A,20260211,0.64,0.67,0.64,0.67,318000
NIKKEI28C2603A,20260211,0.95,0.95,0.95,0.95,3700
NIKKEI28C2603B,20260211,1.41,1.41,1.41,1.41,100
NIKKEI28C2606A,20260211,1.83,1.83,1.83,1.83,100
NIKKEI28C2606C,20260211,1.1,1.1,1.06,1.07,2000
NIKKEI28C2606D,20260211,0.81,0.81,0.78,0.8,253300
NIKKEI28P2606A,20260211,0.22,0.23,0.22,0.23,4000
NIKKEI28P2606B,20260211,0.4,0.4,0.4,0.4,50100
NIKKEI28P2606C,20260211,0.3,0.31,0.3,0.31,44000
NIKKEI28P2606D,20260211,0.56,0.57,0.56,0.57,127000
NIKKEI41C2606C,20260211,1.13,1.13,1.09,1.13,31700
NIKKEI41P2606A,20260211,0.59,0.6,0.59,0.59,20200
NIKKEI41P2606B,20260211,0.42,0.43,0.41,0.42,162300
NIKKEI41P2606C,20260211,0.29,0.29,0.29,0.29,200
OR01C2606T,20260211,0.08,0.08,0.08,0.08,145900
OR01C2607A,20260211,0.15,0.16,0.15,0.15,3569600
OR01C2608A,20260211,0.26,0.28,0.24,0.24,3569400
OR13C2605A,20260211,0.19,0.22,0.19,0.19,12776700
OR19C2607A,20260211,0.2,0.23,0.2,0.2,5323800
OR41C2605A,20260211,0.19,0.21,0.17,0.17,1850400
OR41C2605T,20260211,0.03,0.03,0.03,0.03,1000
OR41C2608T,20260211,0.36,0.38,0.34,0.35,3665300
OSP01C2607A,20260211,0.41,0.41,0.38,0.38,2930200
OSP13C2603A,20260211,0.03,0.03,0.03,0.03,821200
OSP13C2607A,20260211,0.39,0.39,0.35,0.36,2129700
OSP41C2607A,20260211,0.32,0.33,0.31,0.31,2021500
PINGAN41C2606A,20260211,0.39,0.39,0.39,0.39,8500
PLANB13C2603A,20260211,0.08,0.08,0.06,0.07,1303600
PLANB13C2607A,20260211,0.49,0.51,0.46,0.49,4972200
PLANB19C2605A,20260211,0.29,0.3,0.26,0.29,2411800
PLANB41C2606T,20260211,0.01,0.01,0.01,0.01,5000
PLANB41C2607A,20260211,0.46,0.48,0.44,0.47,3422600
PLANB41C2612T,20260211,0.19,0.2,0.19,0.2,5202900
POPMAR28C2604A,20260211,0.17,0.17,0.16,0.16,111000
POPMAR41C2605A,20260211,0.77,0.78,0.73,0.73,4200
POPMAR41C2609T,20260211,1.43,1.44,1.39,1.4,9200
PR913C2605A,20260211,0.22,0.24,0.22,0.23,3617200
PR941C2609T,20260211,0.14,0.15,0.14,0.15,22200
PRM19C2604A,20260211,0.2,0.2,0.2,0.2,215300
PRM41C2612T,20260211,0.39,0.39,0.39,0.39,1000200
PTG01C2607A,20260211,0.28,0.36,0.28,0.34,5376000
PTG13C2607A,20260211,0.35,0.43,0.35,0.41,12712300
PTG41C2701T,20260211,0.3,0.34,0.3,0.33,2100
PTT01C2606T,20260211,0.12,0.12,0.12,0.12,800000
PTT01C2607A,20260211,0.19,0.19,0.19,0.19,800000
PTT13C2606A,20260211,0.26,0.26,0.24,0.26,3997100
PTT13C2701T,20260211,0.25,0.25,0.24,0.25,160700
PTT19C2612T,20260211,0.38,0.38,0.38,0.38,275000
PTT41C2606A,20260211,0.21,0.21,0.21,0.21,50000
PTTEP01C2606T,20260211,0.63,0.64,0.61,0.62,3074800
PTTEP01C2607A,20260211,0.54,0.55,0.51,0.53,3415800
PTTEP01P2607A,20260211,0.37,0.39,0.36,0.37,4336400
PTTEP13C2603A,20260211,0.17,0.17,0.14,0.15,5599000
PTTEP13C2607A,20260211,0.63,0.63,0.58,0.6,3570300
PTTEP13C2608A,20260211,0.43,0.44,0.4,0.42,6267500
PTTEP13P2607A,20260211,0.28,0.31,0.28,0.29,1486900
PTTEP19C2603A,20260211,0.2,0.21,0.18,0.19,3553200
PTTEP19C2607B,20260211,0.45,0.46,0.42,0.44,2845800
PTTEP41C2603A,20260211,0.16,0.16,0.13,0.14,338000
PTTEP41C2607A,20260211,0.58,0.6,0.54,0.57,1118500
PTTEP41C2609T,20260211,0.62,0.62,0.58,0.6,549200
PTTGC01C2603A,20260211,0.02,0.02,0.02,0.02,5000
PTTGC01C2607A,20260211,0.15,0.15,0.14,0.14,1439600
PTTGC01P2607A,20260211,0.35,0.35,0.34,0.35,27269600
PTTGC13C2604A,20260211,0.51,0.51,0.51,0.51,37000
PTTGC13C2607A,20260211,0.22,0.23,0.22,0.22,6595600
PTTGC13P2607A,20260211,0.42,0.42,0.4,0.41,1125200
PTTGC19C2604A,20260211,0.5,0.5,0.48,0.48,40000
PTTGC19C2607A,20260211,0.27,0.27,0.26,0.26,1437100
PTTGC41C2607A,20260211,0.21,0.21,0.21,0.21,1100
PTTGC41C2612T,20260211,0.31,0.32,0.31,0.31,303400
PTTGC41P2607A,20260211,0.37,0.37,0.34,0.35,1737900
RCL01C2610T,20260211,0.28,0.28,0.28,0.28,749300
RCL13C2604A,20260211,0.14,0.16,0.14,0.15,1549400
RCL41C2604A,20260211,0.13,0.14,0.13,0.14,127800
RCL41C2608T,20260211,0.45,0.45,0.45,0.45,150400
SAWAD01C2604A,20260211,0.06,0.06,0.06,0.06,7800
SAWAD01C2606A,20260211,0.9,0.9,0.84,0.84,778300
SAWAD01C2607A,20260211,0.23,0.23,0.2,0.2,7144900
SAWAD01P2606A,20260211,0.18,0.19,0.18,0.19,2614700
SAWAD13C2604A,20260211,0.08,0.08,0.07,0.07,700
SAWAD13C2607A,20260211,0.28,0.29,0.26,0.26,10040000
SAWAD13P2608A,20260211,0.35,0.37,0.34,0.37,3313100
SAWAD19C2605A,20260211,0.16,0.16,0.15,0.15,870800
SAWAD19C2608A,20260211,0.41,0.42,0.4,0.4,1607200
SAWAD41C2607A,20260211,0.27,0.27,0.24,0.24,1160400
SAWAD41C2610T,20260211,0.57,0.57,0.54,0.55,100800
SCB01C2605A,20260211,0.28,0.28,0.26,0.26,1626600
SCB01C2607A,20260211,0.4,0.4,0.38,0.38,750400
SCB01P2605A,20260211,0.11,0.11,0.11,0.11,778500
SCB01P2607A,20260211,0.55,0.56,0.55,0.56,712000
SCB13C2603A,20260211,0.07,0.07,0.07,0.07,1000
SCB13C2607A,20260211,0.17,0.17,0.16,0.16,663000
SCB13C2607B,20260211,0.35,0.35,0.34,0.34,625600
SCB13P2607A,20260211,0.48,0.48,0.48,0.48,2425200
SCB19C2612T,20260211,0.43,0.43,0.41,0.41,372400
SCC01C2605A,20260211,0.77,0.77,0.73,0.73,1123700
SCC01C2607A,20260211,0.38,0.38,0.36,0.36,769800
SCC01P2605A,20260211,0.16,0.17,0.16,0.16,3273000
SCC01P2607A,20260211,0.53,0.54,0.53,0.53,2611500
SCC13C2607A,20260211,0.49,0.5,0.47,0.48,3478100
SCC13C2701T,20260211,0.45,0.45,0.45,0.45,2483000
SCC13P2607A,20260211,0.5,0.51,0.5,0.51,2878900
SCC19C2607A,20260211,0.41,0.41,0.4,0.4,3169200
SCC41C2604A,20260211,0.32,0.32,0.32,0.32,200
SCC41C2607A,20260211,0.45,0.45,0.43,0.43,280900
SCC41C2611T,20260211,0.3,0.3,0.3,0.3,100
SCC41P2607A,20260211,0.43,0.45,0.43,0.45,500200
SCGP01C2604A,20260211,0.32,0.32,0.27,0.27,2702800
SCGP01C2608A,20260211,0.47,0.47,0.43,0.43,3921200
SCGP01P2608A,20260211,0.41,0.44,0.41,0.44,3679000
SCGP13C2603A,20260211,0.12,0.12,0.09,0.1,15127100
SCGP13C2605A,20260211,0.65,0.65,0.61,0.61,28000
SCGP13C2607A,20260211,0.43,0.43,0.39,0.39,8175900
SCGP13P2604A,20260211,0.04,0.04,0.04,0.04,60000
SCGP13P2608A,20260211,0.48,0.51,0.48,0.51,1503800
SCGP19C2607A,20260211,0.51,0.51,0.46,0.46,1798700
SCGP41C2606T,20260211,0.28,0.28,0.26,0.26,72100
SCGP41C2607A,20260211,0.4,0.4,0.36,0.36,1210600
SCGP41C2609T,20260211,0.59,0.59,0.57,0.57,300
SET01C2604A,20260211,1.11,1.17,1.09,1.09,559300
SET01C2605A,20260211,2.04,2.06,1.98,1.98,38000
SET01C2606L,20260211,3.22,3.22,3.22,3.22,100
SET01C2607A,20260211,1.17,1.23,1.17,1.17,366700
SET01P2603T,20260211,0.01,0.01,0.01,0.01,132200
SET01P2604A,20260211,0.02,0.03,0.02,0.03,170200
SET01P2605A,20260211,0.12,0.12,0.11,0.12,1981400
SET01P2606L,20260211,0.9,0.91,0.89,0.9,44300
SET01P2607A,20260211,0.53,0.53,0.5,0.53,5660300
SET5001C2603F,20260211,0.54,0.58,0.53,0.54,7039000
SET5001C2603G,20260211,0.93,1.01,0.92,0.92,5437200
SET5001C2603H,20260211,2.3,2.34,2.2,2.22,2959800
SET5001C2603I,20260211,0.96,1.07,0.95,0.97,4381000
SET5001C2605A,20260211,1.6,1.6,1.5,1.5,215900
SET5001C2606F,20260211,1.17,1.24,1.16,1.18,9379400
SET5001C2607A,20260211,0.83,0.89,0.79,0.79,4961700
SET5001P2603G,20260211,0.04,0.04,0.04,0.04,90000
SET5001P2603H,20260211,0.06,0.07,0.06,0.06,1454800
SET5001P2605A,20260211,0.03,0.04,0.02,0.03,2216500
SET5001P2606F,20260211,0.44,0.46,0.44,0.46,6703100
SET5001P2607A,20260211,0.33,0.33,0.31,0.33,2392000
SET5013C2603A,20260211,0.61,0.68,0.59,0.59,238267700
SET5013C2603B,20260211,0.9,0.99,0.88,0.88,15652000
SET5013C2603C,20260211,1.36,1.5,1.34,1.34,6577200
SET5013C2603D,20260211,1.95,2.14,1.88,1.88,1520300
SET5013C2603E,20260211,2.68,2.98,2.64,2.64,319400
SET5013C2603F,20260211,4.1,4.2,3.74,3.74,14200
SET5013C2603G,20260211,1.3,1.46,1.29,1.29,2970100
SET5013C2606A,20260211,0.95,1.03,0.94,0.95,133458000
SET5013C2606B,20260211,0.64,0.68,0.63,0.63,45809700
SET5013C2606C,20260211,0.46,0.49,0.45,0.45,146903200
SET5013P2603A,20260211,0.02,0.02,0.01,0.02,551000
SET5013P2603B,20260211,0.02,0.02,0.01,0.01,101800
SET5013P2603C,20260211,0.01,0.02,0.01,0.02,38400
SET5013P2603D,20260211,0.01,0.02,0.01,0.02,105700
SET5013P2603E,20260211,0.02,0.02,0.01,0.01,373900
SET5013P2603F,20260211,0.01,0.02,0.01,0.02,103900
SET5013P2603G,20260211,0.02,0.02,0.01,0.01,63600
SET5013P2603H,20260211,0.03,0.03,0.02,0.02,396600
SET5013P2603I,20260211,0.05,0.05,0.04,0.04,9706400
SET5013P2603J,20260211,0.09,0.09,0.07,0.08,8296200
SET5013P2603K,20260211,0.16,0.16,0.14,0.14,55746900
SET5013P2603X,20260211,3.78,3.8,3.72,3.76,36400
SET5013P2606A,20260211,0.43,0.44,0.41,0.42,78214100
SET5013P2606B,20260211,0.57,0.57,0.53,0.56,274460000
SET5013P2606C,20260211,0.82,0.82,0.77,0.81,62027200
SET5019C2603A,20260211,1,1.07,0.99,0.99,56700
SET5019C2603B,20260211,1.08,1.18,1.08,1.08,37000
SET5019C2603C,20260211,2.22,2.22,2.2,2.2,10500
SET5019C2606A,20260211,0.8,0.84,0.78,0.78,36675800
SET5019P2603A,20260211,0.01,0.01,0.01,0.01,854100
SET5019P2603B,20260211,0.02,0.03,0.02,0.03,200
SET5019P2603C,20260211,0.03,0.03,0.02,0.03,1509400
SET5019P2603D,20260211,0.06,0.07,0.06,0.06,2722700
SET5019P2606A,20260211,0.38,0.39,0.36,0.38,52094700
SET5019P2606B,20260211,0.77,0.8,0.77,0.8,10280500
SET5041C2603A,20260211,0.57,0.64,0.57,0.58,17569000
SET5041C2603B,20260211,0.91,0.93,0.83,0.83,8695900
SET5041C2603C,20260211,1.3,1.4,1.3,1.4,3100
SET5041C2603D,20260211,1.98,2.02,1.86,1.86,8100
SET5041C2603F,20260211,2.96,2.96,2.96,2.96,100
SET5041C2606B,20260211,0.54,0.57,0.53,0.54,9709900
SET5041C2609T,20260211,0.99,1,0.98,0.99,1862400
SET5041P2603J,20260211,0.09,0.09,0.09,0.09,200000
SET5041P2606A,20260211,0.41,0.42,0.4,0.42,27148800
SET5041P2606C,20260211,0.65,0.69,0.65,0.68,10320800
SET5041P2609T,20260211,0.49,0.49,0.47,0.49,14900
SIRI13C2605A,20260211,0.24,0.24,0.24,0.24,424200
SIRI41C2605A,20260211,0.22,0.23,0.22,0.22,650200
SISB13C2607A,20260211,0.2,0.22,0.19,0.21,7909000
SISB19C2612A,20260211,0.39,0.42,0.38,0.41,5435100
SISB41C2702T,20260211,0.24,0.24,0.24,0.24,500
SJWD13C2608A,20260211,0.41,0.43,0.38,0.39,3919700
SJWD19C2609T,20260211,0.08,0.08,0.08,0.08,1600
SPALI41C2609T,20260211,0.3,0.3,0.3,0.3,400
SPRC01C2603A,20260211,1.06,1.1,1.06,1.06,317000
SPRC01C2607A,20260211,0.32,0.33,0.32,0.33,1614600
SPRC13C2604A,20260211,0.2,0.21,0.19,0.21,1517200
SPRC13C2607A,20260211,0.33,0.34,0.32,0.34,3767100
SPRC41C2604A,20260211,0.18,0.18,0.18,0.18,74100
SPRC41C2606T,20260211,0.23,0.23,0.23,0.23,200500
SPRC41C2607A,20260211,0.3,0.31,0.29,0.31,701500
SPRC41C2612T,20260211,0.55,0.56,0.55,0.56,100500
SPX28C2603B,20260211,0.65,0.66,0.64,0.65,3100
SPX41C2603B,20260211,0.32,0.32,0.32,0.32,10000
SPX41C2606A,20260211,0.81,0.81,0.81,0.81,300
SPX41P2606A,20260211,0.79,0.79,0.79,0.79,100000
STA01C2607A,20260211,0.23,0.28,0.23,0.24,5489800
STA13C2605A,20260211,0.22,0.27,0.22,0.23,7665500
STA19C2607A,20260211,0.33,0.38,0.32,0.35,2879700
STGT13C2604A,20260211,0.37,0.38,0.36,0.36,150000
STGT13C2607A,20260211,0.31,0.33,0.29,0.29,5483400
TASCO13C2604A,20260211,0.1,0.1,0.1,0.1,30000
TASCO41C2612T,20260211,0.25,0.25,0.25,0.25,100
TCAP13C2605A,20260211,0.21,0.21,0.21,0.21,2348200
TENCEN41P2603A,20260211,0.34,0.35,0.34,0.35,102000
TFG13C2604A,20260211,0.25,0.25,0.23,0.23,4614100
TFG13C2606A,20260211,0.15,0.15,0.15,0.15,18000
TFG19C2606A,20260211,0.45,0.45,0.44,0.44,3126600
TFG41C2606A,20260211,0.14,0.14,0.14,0.14,200200
TFG41C2612T,20260211,0.37,0.37,0.37,0.37,100500
TIDLOR01C2606A,20260211,0.43,0.43,0.42,0.42,3462200
TIDLOR01C2610T,20260211,0.29,0.29,0.29,0.29,3416800
TIDLOR01P2605A,20260211,0.38,0.38,0.38,0.38,2717900
TIDLOR13C2604A,20260211,0.1,0.1,0.1,0.1,1717600
TIDLOR13C2607A,20260211,0.44,0.44,0.42,0.42,5438600
TIDLOR13C2701T,20260211,0.45,0.45,0.44,0.44,7545200
TIDLOR13P2608A,20260211,0.5,0.51,0.5,0.5,755900
TIDLOR19C2609T,20260211,0.31,0.31,0.31,0.31,1163100
TIDLOR19C2612T,20260211,0.64,0.65,0.64,0.64,3001400
TIDLOR41C2607A,20260211,0.4,0.4,0.39,0.39,400
TIDLOR41C2612T,20260211,0.29,0.29,0.29,0.29,600
TISCO13C2607A,20260211,0.22,0.22,0.21,0.21,3265300
TLI01C2603A,20260211,0.06,0.06,0.06,0.06,83000
TLI01C2607A,20260211,0.17,0.17,0.16,0.16,2353100
TLI13C2607A,20260211,0.23,0.23,0.21,0.21,1123000
TOA01C2702T,20260211,0.37,0.37,0.36,0.36,1421700
TOA13C2605A,20260211,0.25,0.26,0.25,0.26,185800
TOP01C2605A,20260211,0.55,0.55,0.55,0.55,165400
TOP01C2608A,20260211,0.52,0.53,0.5,0.51,4530700
TOP01C2701T,20260211,0.49,0.49,0.47,0.48,2795100
TOP01P2607A,20260211,0.29,0.3,0.28,0.29,5519900
TOP13C2607A,20260211,0.58,0.58,0.55,0.57,12069200
TOP13P2607A,20260211,0.22,0.23,0.22,0.22,1480700
TOP19C2612T,20260211,1,1.01,0.97,0.97,585200
TOP41C2606A,20260211,0.84,0.84,0.84,0.84,50000
TOP41C2607A,20260211,0.55,0.55,0.52,0.54,1602000
TOP41C2611T,20260211,0.69,0.7,0.68,0.69,233600
TRIPDC41C2609A,20260211,0.2,0.2,0.2,0.2,7000
TRUE01C2607A,20260211,0.47,0.52,0.47,0.5,1491700
TRUE01P2607A,20260211,0.23,0.23,0.22,0.22,1592800
TRUE13C2607A,20260211,0.37,0.41,0.37,0.38,9973300
TRUE13C2607B,20260211,0.44,0.48,0.44,0.46,2775600
TRUE13P2607A,20260211,0.23,0.23,0.22,0.23,2362200
TRUE19C2604A,20260211,0.22,0.24,0.22,0.22,12287800
TRUE19C2607A,20260211,0.45,0.49,0.45,0.46,3169200
TRUE41C2604T,20260211,0.52,0.58,0.52,0.54,191700
TRUE41C2607A,20260211,0.35,0.38,0.35,0.36,1642400
TRUE41C2607B,20260211,0.36,0.39,0.36,0.37,990900
TRUE41C2612T,20260211,0.29,0.3,0.29,0.29,2713900
TTB01C2605A,20260211,0.05,0.05,0.05,0.05,4200
TTB13C2607A,20260211,0.07,0.07,0.07,0.07,82100
TU01C2607A,20260211,0.16,0.17,0.15,0.15,3019400
TU01P2605A,20260211,0.23,0.25,0.23,0.24,1481600
TU13C2607A,20260211,0.16,0.17,0.15,0.15,5490300
TU13P2608A,20260211,0.35,0.37,0.35,0.36,2477200
TU19C2607A,20260211,0.17,0.17,0.16,0.16,2094400
TU41C2604A,20260211,0.02,0.02,0.02,0.02,32100
TU41C2607A,20260211,0.14,0.14,0.13,0.13,600400
TU41C2609T,20260211,0.19,0.19,0.18,0.18,200000
VGI01C2604A,20260211,0.02,0.02,0.02,0.02,12250000
VGI01C2606A,20260211,0.15,0.15,0.13,0.14,2258800
VGI13C2605A,20260211,0.12,0.12,0.1,0.1,14666800
VGI13C2607A,20260211,0.25,0.25,0.22,0.24,20780000
VGI19C2607A,20260211,0.35,0.35,0.32,0.34,5375600
VGI19C2610T,20260211,0.15,0.15,0.14,0.15,2870400
VGI41C2607A,20260211,0.24,0.24,0.21,0.22,2982100
VGI41C2703T,20260211,0.4,0.4,0.39,0.39,2585300
WHA01C2610T,20260211,0.54,0.59,0.54,0.57,18104900
WHA13C2603A,20260211,0.1,0.12,0.1,0.12,4264200
WHA13C2605A,20260211,0.47,0.54,0.47,0.54,15493900
WHA13C2701T,20260211,0.46,0.49,0.46,0.48,13351400
WHA41C2608T,20260211,0.16,0.16,0.16,0.16,52800
WHA41C2612T,20260211,0.29,0.3,0.29,0.3,403700
WUXI41C2603A,20260211,0.12,0.13,0.12,0.12,100800
XIAOMI28C2604A,20260211,0.04,0.04,0.04,0.04,1000
XIAOMI28C2606A,20260211,0.2,0.21,0.2,0.2,822000
XIAOMI41C2603A,20260211,0.02,0.02,0.02,0.02,500
XIAOMI41C2605A,20260211,0.11,0.11,0.11,0.11,76000
XIAOMI41C2609T,20260211,0.62,0.65,0.62,0.64,24300
ZIJIN41C2603A,20260211,0.69,0.72,0.69,0.69,1500
ZIJIN41C2606A,20260211,0.49,0.5,0.48,0.48,266500
AAPL01,20260211,25.25,25.25,25,25.25,1567
AAPL03,20260211,2.86,2.88,2.84,2.86,112416
AAPL19,20260211,5.7,5.75,5.65,5.75,428
AAPL80,20260211,8.55,8.6,8.5,8.5,503289
ABBV19,20260211,6.95,7.1,6.9,7.1,99947
ABNB06,20260211,3.78,3.8,3.74,3.76,10342
ADBE03,20260211,1.84,1.88,1.83,1.84,18346
ADBE06,20260211,2.06,2.1,2.06,2.08,1363208
ADVANT19,20260211,5.6,5.6,5.55,5.6,2691
ADVANT23,20260211,3.8,3.8,3.72,3.8,11977
AIA06,20260211,3.46,3.46,3.42,3.44,2287
AIA19,20260211,3.42,3.42,3.42,3.42,567
AIA23,20260211,2.66,2.66,2.62,2.62,17617
AMD80,20260211,1.36,1.37,1.32,1.32,20454331
AMGN06,20260211,2.94,2.94,2.84,2.88,85146
AMZN01,20260211,19.2,19.5,19,19.1,150549
AMZN06,20260211,1.64,1.66,1.61,1.62,3158173
AMZN80,20260211,1.64,1.67,1.61,1.63,20724949
ANTA13,20260211,2.02,2.14,2.02,2.12,538077
ANTA23,20260211,2.12,2.14,2.1,2.14,102117
ASEMI24,20260211,2.38,2.38,2.36,2.38,70314
ASML01,20260211,37.5,37.5,36.25,36.75,166771
AVGO80,20260211,2.16,2.18,2.1,2.1,6742856
AXP06,20260211,2.82,2.88,2.82,2.84,52092
BABA01,20260211,14.7,14.7,14.4,14.7,22694
BABA06,20260211,6.4,6.45,6.4,6.4,100488
BABA13,20260211,2.64,2.64,2.6,2.64,15977
BABA23,20260211,4.32,4.32,4.26,4.28,183180
BABA80,20260211,6.4,6.45,6.3,6.3,3161917
BAC03,20260211,3.56,3.56,3.42,3.48,9018
BDX06,20260211,1.75,1.8,1.73,1.8,1494104
BIDU01,20260211,13.2,13.2,13,13,11833
BIDU06,20260211,5.8,5.85,5.75,5.85,2646
BIDU23,20260211,2.74,2.78,2.74,2.76,89170
BIDU80,20260211,5.7,5.8,5.7,5.7,3841081
BILIBILI01,20260211,4.82,4.84,4.74,4.78,972750
BKNG03,20260211,2.24,2.48,2.24,2.24,8021
BKNG80,20260211,2.66,2.74,2.62,2.68,500337
BLK06,20260211,3.4,3.48,3.34,3.4,12989
BONDAS19,20260211,6.3,6.3,6.25,6.3,5968
BRKB80,20260211,1.55,1.57,1.54,1.55,527375
BYDCOM01,20260211,0.89,0.91,0.89,0.9,165964
BYDCOM80,20260211,0.39,0.4,0.39,0.39,10521814
CATL01,20260211,4.66,4.66,4.54,4.6,3502682
CATL23,20260211,8.15,8.2,8.05,8.15,66098
CATL80,20260211,20.3,20.3,20,20.1,1211040
CHHONGQ19,20260211,14.8,14.8,14.6,14.6,38338
CHMOBILE19,20260211,3.14,3.16,3.12,3.14,492862
CHNXT5023,20260211,6.8,6.8,6.75,6.8,43826
CMBANK23,20260211,2.2,2.24,2.18,2.24,2016
CN01,20260211,22.1,22.1,21.9,22,29756
CN23,20260211,5.6,5.6,5.55,5.6,92975
CNBIO24,20260211,1.49,1.49,1.46,1.46,101997
CNEV24,20260211,2.24,2.24,2.22,2.22,5128
CNROBOAI23,20260211,2.66,2.66,2.64,2.64,10938
CNSEMI23,20260211,2.64,2.64,2.62,2.62,14878
CNSTAR5023,20260211,7.05,7.05,6.95,6.95,15464
CNTECH01,20260211,28,28,27.75,28,584374
COSTCO19,20260211,30.75,31,30,30.5,15933
CRM01,20260211,3.28,3.44,3.26,3.36,86956
CRM06,20260211,2.36,2.46,2.34,2.44,248215
CRWD06,20260211,2.56,2.62,2.52,2.6,86533
CRWD80,20260211,12.8,13.1,12.5,12.9,248235
CSCO06,20260211,3.38,3.46,3.36,3.38,105957
DBS19,20260211,14.3,14.3,14.2,14.3,282606
DDOG19,20260211,3.6,4.3,3.42,4.04,1257583
DELL19,20260211,3.8,3.96,3.78,3.94,184413
DISNEY19,20260211,16.8,17.3,16.8,16.8,32664
DUOL06,20260211,2.34,2.44,2.34,2.38,119205
E1VFVN3001,20260211,42,42.5,42,42.5,144413
ESTEE80,20260211,1.02,1.09,1.02,1.05,2578416
EXPE06,20260211,2.96,3.12,2.96,3.06,9412
FERRARI80,20260211,1.1,1.17,1.1,1.16,959290
FPTVN11,20260211,2.4,2.4,2.38,2.38,118826
FPTVN19,20260211,12.2,12.3,12.1,12.2,140826
FUEVFVND01,20260211,47.25,47.75,47.25,47.5,103079
GASVN11,20260211,5.1,5.15,4.86,4.88,249861
GEELY06,20260211,2.68,2.7,2.68,2.7,32
GEELY80,20260211,6.7,6.8,6.7,6.8,3616
GOLD03,20260211,3.62,3.66,3.6,3.64,1053730
GOLD19,20260211,14.5,14.6,14.3,14.3,1741946
GOLDUS19,20260211,48.5,48.75,48,48.25,213855
GOOG80,20260211,5.1,5.1,4.94,4.96,38818500
GOOGL01,20260211,29.5,29.75,28.75,29,249888
GOOGL03,20260211,5.05,5.1,4.92,4.98,389074
GRAB80,20260211,13.4,13.6,13.2,13.3,35671
GSUS06,20260211,4.22,4.3,4.18,4.22,11935
HAIERS19,20260211,10.8,11,10.8,10.9,1976
HANSOH19,20260211,6.05,6.1,6.05,6.1,103
HERMES80,20260211,7.85,7.95,7.8,7.9,87654
HK01,20260211,22,22,21.8,21.8,9147
HK13,20260211,5.85,5.85,5.8,5.8,25202
HKCE01,20260211,25.5,25.5,25.25,25.25,47756
HKEX23,20260211,2.14,2.2,2.14,2.2,56399
HKTECH13,20260211,4.34,4.4,4.3,4.3,313855
HONDA19,20260211,3.34,3.36,3.34,3.36,22535
HOOD06,20260211,2.7,2.76,2.42,2.46,1516283
HORIZON23,20260211,2.16,2.2,2.16,2.2,94229
HPG19,20260211,3.3,3.34,3.3,3.34,18983
HSHD23,20260211,6.65,6.7,6.6,6.7,48465
HUAHONG23,20260211,5.65,5.75,5.6,5.7,662404
IBM06,20260211,3.7,3.7,3.64,3.64,1995
ICBC06,20260211,2.62,2.62,2.62,2.62,1326
ICBC19,20260211,2.64,2.64,2.62,2.64,16115
INDIA01,20260211,13.9,14.1,13.8,13.9,146172
INDIAESG19,20260211,4.34,4.34,4.32,4.32,22753
ISRG01,20260211,3.44,3.48,3.42,3.44,24663
ISRG06,20260211,3.14,3.14,3.08,3.1,2051
ISRG19,20260211,3.84,3.9,3.84,3.84,25902
ITOCHU19,20260211,7.2,7.2,7.2,7.2,8894
JAP03,20260211,3.58,3.62,3.58,3.62,11028
JAPAN10001,20260211,29.25,29.25,28,28.5,7214
JAPAN13,20260211,4.94,4.96,4.9,4.96,83606
JD80,20260211,4.38,4.4,4.38,4.4,2353207
JDHEAL19,20260211,4.86,4.88,4.82,4.88,122517
JNJ03,20260211,3.74,3.78,3.72,3.78,171019
JPMUS06,20260211,3.36,3.38,3.28,3.32,266264
JPMUS19,20260211,20.2,20.3,19.8,19.8,1921
KEYENCE23,20260211,2.04,2.1,2.04,2.1,1679
KINGSOFT23,20260211,1.86,1.89,1.86,1.89,120370
KO80,20260211,2.42,2.42,2.32,2.4,474589
KUAISH01,20260211,3.58,3.58,3.52,3.52,11667
KUAISH06,20260211,2.86,2.86,2.82,2.86,100312
KUAISH23,20260211,2.02,2.04,2,2.02,1343045
KUAISH80,20260211,2.84,2.86,2.8,2.8,7623340
LENOVO13,20260211,1.91,1.91,1.88,1.91,55160
LLY80,20260211,1.65,1.65,1.6,1.61,7084419
LOREAL80,20260211,1.46,1.46,1.44,1.45,10178
LPGOLD13,20260211,3.16,3.28,3.16,3.22,84788
LULU06,20260211,2.74,2.86,2.74,2.84,139802
LVMH01,20260211,12.5,12.6,12.4,12.5,95210
MA80,20260211,1.68,1.71,1.66,1.69,553337
MEITUAN19,20260211,1.19,1.19,1.18,1.19,464376
MEITUAN80,20260211,3.54,3.56,3.54,3.56,411418
MELI06,20260211,2.56,2.6,2.5,2.5,1104186
META01,20260211,6.2,6.25,6.15,6.15,348873
META06,20260211,2.64,2.66,2.6,2.62,69011
META80,20260211,2.64,2.66,2.6,2.62,1406445
MICRON01,20260211,7.4,7.45,7.15,7.25,1584143
MICRON19,20260211,7.9,7.95,7.65,7.8,729785
MITSU19,20260211,10.3,10.4,10.3,10.4,29217
MNSO80,20260211,15.3,15.5,15.3,15.5,10991
MNST06,20260211,3.58,3.6,3.56,3.6,3997
MRVL06,20260211,2.58,2.6,2.54,2.58,115404
MS06,20260211,3.8,3.82,3.64,3.72,22018
MSFT01,20260211,3.82,3.9,3.78,3.8,1762217
MSFT06,20260211,3.26,3.3,3.22,3.24,1699243
MSFT19,20260211,4.32,4.4,4.3,4.3,14067
MSFT80,20260211,6.55,6.65,6.5,6.55,3163905
MSN11,20260211,3.74,3.78,3.74,3.76,3628
MSN19,20260211,3.24,3.24,3.22,3.22,101
MUFG19,20260211,6.05,6.1,6.05,6.1,101430
MWG11,20260211,4.38,4.4,4.36,4.4,328053
MWG19,20260211,11.1,11.3,11.1,11.3,49099
NDAQ06,20260211,2.7,2.7,2.52,2.6,579392
NDX01,20260211,20.5,20.6,20.4,20.4,71082
NEM06,20260211,3.7,3.82,3.7,3.8,507688
NETEASE80,20260211,7.75,7.85,7.75,7.75,19873
NFLX06,20260211,2.54,2.64,2.54,2.58,247367
NFLX80,20260211,2.56,2.64,2.54,2.58,2792617
NIKE80,20260211,0.98,1,0.98,0.99,504114
NIKKEI80,20260211,12.1,12.2,12,12.2,18381
NINTENDO19,20260211,17.9,18.2,17.9,18,16513
NINTENDO23,20260211,1.56,1.66,1.56,1.66,13768
NONGFU80,20260211,1.94,1.96,1.94,1.96,129374
NOVOB80,20260211,1.58,1.58,1.53,1.54,3045324
NOW19,20260211,3.24,3.4,3.24,3.36,259188
NVDA01,20260211,17.5,17.6,17.2,17.2,265912
NVDA03,20260211,4,4,3.9,3.94,25915
NVDA06,20260211,3.98,4,3.9,3.92,221851
NVDA19,20260211,23.9,23.9,23.5,23.5,1234
NVDA80,20260211,29.75,30.25,29.25,29.25,5355856
OIL03,20260211,2.06,2.08,2.06,2.08,420430
ONON03,20260211,2.76,2.88,2.74,2.82,369898
ORCL01,20260211,3.08,3.22,3.06,3.12,649891
ORCL06,20260211,1.99,2.08,1.96,1.99,2419384
ORCL19,20260211,4.98,5.2,4.92,4.96,448160
PANW80,20260211,5.15,5.3,5.15,5.3,68094
PEP80,20260211,1.03,1.05,1.03,1.04,268633
PETROCN80,20260211,3.7,3.74,3.66,3.72,34710
PFIZER19,20260211,16.9,17.3,16.9,17.2,91337
PINGAN01,20260211,6.6,6.65,6.6,6.6,20040
PINGAN80,20260211,2.9,2.92,2.88,2.88,1812488
PLTR01,20260211,4.1,4.12,3.9,3.9,802488
PLTR03,20260211,3.04,3.04,2.86,2.86,515820
PLTR06,20260211,3.02,3.04,2.84,2.84,2861095
POPMART23,20260211,2.48,2.48,2.42,2.42,49673
POPMART80,20260211,10.3,10.4,9.95,9.95,1000852
PYPL06,20260211,2.6,2.64,2.56,2.6,9339
QCOM06,20260211,2.14,2.2,2.14,2.16,370141
QQQM19,20260211,15.8,15.9,15.7,15.8,214586
RBLX06,20260211,1.92,1.97,1.87,1.87,736605
SANOFI80,20260211,3.02,3.1,3.02,3.04,89637
SANRIO23,20260211,1.41,1.42,1.41,1.41,5831
SBUX80,20260211,1.55,1.56,1.51,1.52,160956
SEMB19,20260211,5.05,5.15,5,5.15,91894
SENSE23,20260211,2.52,2.52,2.48,2.52,172894
SGX19,20260211,4.6,4.74,4.58,4.7,4023
SHOP06,20260211,1.91,2.02,1.91,2.02,69462
SIA19,20260211,16.6,16.7,16.6,16.7,8353
SINGTEL80,20260211,12.2,12.3,12.2,12.3,62192
SINOBIO19,20260211,5.45,5.45,5.45,5.45,20048
SMFG19,20260211,12.2,12.4,12.2,12.4,5579
SMIC01,20260211,3.94,3.98,3.92,3.98,123776
SMIC13,20260211,1.94,1.95,1.91,1.95,1293
SMIC23,20260211,3.28,3.28,3.22,3.28,2881084
SNOW06,20260211,2.78,2.92,2.72,2.84,287341
SOFTBANK23,20260211,1.79,1.79,1.76,1.78,183146
SONY80,20260211,3.6,3.6,3.54,3.58,81125
SP50001,20260211,21.9,22,21.8,21.9,54468
SP500US19,20260211,12.8,12.8,12.7,12.7,62779
SP500US80,20260211,2.56,2.56,2.54,2.54,196149
SPBOND80,20260211,8.1,8.1,8.05,8.1,8583
SPCOM80,20260211,3.62,3.66,3.62,3.66,2501
SPENGY80,20260211,3.36,3.38,3.34,3.36,410391
SPFIN80,20260211,16.8,16.9,16.7,16.7,4526
SPHLTH80,20260211,4.86,4.86,4.84,4.84,2413
SPOT06,20260211,1.79,1.93,1.76,1.86,239707
SPTECH80,20260211,8.95,8.95,8.9,8.9,7226
STAR5001,20260211,40.75,40.75,40,40.5,59532
STEG19,20260211,24.9,25,24.8,24.9,10238
SUNNY19,20260211,2.38,2.38,2.36,2.36,30881
SUSHI23,20260211,2.86,2.88,2.8,2.88,222629
TAIWAN19,20260211,31.75,32,31.5,32,57872
TAIWANAI13,20260211,12.5,12.6,12.5,12.5,4949
TAIWANHD13,20260211,24.2,24.2,24.1,24.1,906
TEL23,20260211,3,3.1,3,3.08,10915
TENCENT01,20260211,5,5,4.94,4.98,100427
TENCENT06,20260211,2.18,2.22,2.18,2.2,54052
TENCENT13,20260211,4.44,4.46,4.44,4.46,4240
TENCENT19,20260211,11,11,10.9,11,11640
TENCENT80,20260211,21.9,22,21.7,22,765524
THAIBEV19,20260211,11.8,11.8,11.6,11.6,21567
TME23,20260211,1.65,1.67,1.65,1.67,207234
TOYOTA80,20260211,7.55,7.55,7.45,7.5,30203
TRIPCOM23,20260211,1.79,1.8,1.78,1.78,599757
TRIPCOM80,20260211,1.79,1.8,1.77,1.79,16136092
TRVUS06,20260211,3.88,3.88,3.76,3.76,10
TSLA01,20260211,38.5,39.25,38.5,39,12814
TSLA03,20260211,4.38,4.44,4.38,4.4,14378
TSLA80,20260211,2.62,2.68,2.6,2.62,5896015
UBER06,20260211,2.32,2.36,2.26,2.28,160934
UBTECH23,20260211,2.1,2.1,2.04,2.08,1394543
UNH19,20260211,4.32,4.36,4.26,4.3,571405
UNIQLO80,20260211,13.8,13.8,13.4,13.4,24605
UOB19,20260211,9.65,9.65,9.5,9.5,38280
USTR24,20260211,1.15,1.15,1.14,1.14,75364
VCB11,20260211,3.12,3.18,3.12,3.12,107411
VCB19,20260211,8,8.2,8,8.05,67567
VENTURE19,20260211,4.12,4.14,4.1,4.1,55382
VHM19,20260211,12.6,12.9,12.6,12.8,94447
VISA06,20260211,1.28,1.28,1.27,1.28,39487
VISA80,20260211,1.28,1.3,1.27,1.28,544104
VNFIN24,20260211,1.84,1.89,1.84,1.89,3208
VNM19,20260211,8.65,8.65,8.55,8.6,97958
WMT06,20260211,4,4.02,3.96,3.98,14188
WORLD03,20260211,3.78,3.78,3.76,3.76,1992
WUXI06,20260211,4.1,4.14,4.08,4.1,229464
WUXI13,20260211,2.42,2.42,2.42,2.42,2000
WUXIAT80,20260211,4.88,4.94,4.88,4.94,381180
XIAOMI01,20260211,3.32,3.4,3.32,3.38,1470903
XIAOMI13,20260211,3.06,3.16,3.06,3.12,130924
XIAOMI19,20260211,7.35,7.45,7.35,7.4,88697
XIAOMI23,20260211,1.77,1.83,1.77,1.79,6950937
XIAOMI80,20260211,14.6,14.9,14.6,14.8,2788321
ZIJIN13,20260211,2.96,3,2.96,3,7079
ZIJIN80,20260211,17.4,17.6,17.3,17.4,173712
A5-W5-O,20260211,0.07,0.07,0.07,0.07,4
ASW-W3-O,20260211,0.5,0.51,0.49,0.49,143
BC-W4-O,20260211,0.05,0.05,0.05,0.05,81
BE8-W1-O,20260211,0.7,0.7,0.6,0.6,141
BTS-W8-O,20260211,0.01,0.01,0.01,0.01,52
BWG-W7-O,20260211,0.04,0.05,0.01,0.05,829
CHAYO-W4-O,20260211,0.37,0.38,0.3,0.32,784
COMAN-W1-O,20260211,0.05,0.05,0.05,0.05,50
DEMCO-W8-O,20260211,0.45,0.5,0.1,0.49,520
EA-W1-O,20260211,0.69,0.78,0.69,0.74,839
EMPIRE-W1-O,20260211,0.06,0.06,0.06,0.06,22
EMPIRE-W2-O,20260211,0.09,0.09,0.09,0.09,39
IROYAL-W1-O,20260211,1.4,1.4,1.4,1.4,50
IROYAL-W2-O,20260211,1.04,1.04,1.04,1.04,60
ITEL-W5-O,20260211,0.08,0.1,0.08,0.1,149
ITEL-W6-O,20260211,0.15,0.17,0.15,0.17,87
JAS-W4-O,20260211,0.29,0.29,0.27,0.27,276
KASET-W1-O,20260211,0.08,0.08,0.08,0.08,72
MGI-W1-O,20260211,0.72,0.72,0.72,0.72,80
NER-W2-O,20260211,0.07,0.08,0.07,0.08,515
NOBLE-W3-O,20260211,0.25,0.25,0.22,0.22,334
ORI-W2-O,20260211,0.33,0.36,0.33,0.35,887
PEER-W2-O,20260211,0.01,0.01,0.01,0.01,425
PROEN-W2-O,20260211,0.3,0.31,0.3,0.31,107
PSTC-W3-O,20260211,0.03,0.03,0.03,0.03,20
SAMTEL-W2-O,20260211,0.54,0.54,0.54,0.54,1
SGC-W2-O,20260211,0.34,0.34,0.34,0.34,50
TCC-W5-O,20260211,0.1,0.1,0.1,0.1,76
TFG-W4-O,20260211,0.85,0.85,0.46,0.46,145
TNITY-W2-O,20260211,0.18,0.18,0.16,0.16,50
UREKA-W3-O,20260211,0.19,0.22,0.19,0.22,2
VIBHA-W5-O,20260211,0.05,0.05,0.05,0.05,593
VIH-W1-O,20260211,0.71,0.71,0.7,0.7,134
XBIO-W7-O,20260211,0.01,0.01,0.01,0.01,33
ZIGA-W2-O,20260211,0.06,0.07,0.06,0.07,358
A5-W4,20260211,0.01,0.01,0.01,0.01,3000
ACC-W2,20260211,0.1,0.1,0.09,0.09,226100
ASW-W3,20260211,0.5,0.55,0.5,0.52,1697600
B-W8,20260211,0.01,0.01,0.01,0.01,21700
BC-W4,20260211,0.06,0.06,0.05,0.05,402700
BE8-W1,20260211,0.73,0.74,0.68,0.68,337700
BIOTEC-W2,20260211,0.01,0.01,0.01,0.01,100
BR-W1,20260211,0.02,0.02,0.01,0.01,5040500
BTC-W7,20260211,0.03,0.03,0.02,0.03,132700
BTS-W8,20260211,0.01,0.01,0.01,0.01,46500
BWG-W7,20260211,0.05,0.06,0.05,0.05,248100
CAZ-W1,20260211,0.66,0.66,0.65,0.66,5900
CHASE-W1,20260211,0.23,0.23,0.22,0.23,188800
CHAYO-W4,20260211,0.36,0.38,0.35,0.35,6279200
CIG-W9,20260211,0.01,0.01,0.01,0.01,400
COMAN-W1,20260211,0.05,0.06,0.05,0.06,6500
DCON-W4,20260211,0.02,0.02,0.02,0.02,1017600
DEMCO-W8,20260211,0.47,0.52,0.47,0.51,3979300
EA-W1,20260211,0.72,0.78,0.72,0.75,34826200
ECF-W6,20260211,0.02,0.02,0.02,0.02,5000
EMPIRE-W1,20260211,0.07,0.07,0.06,0.06,105800
EMPIRE-W2,20260211,0.1,0.1,0.09,0.09,203200
GLORY-W1,20260211,0.14,0.15,0.14,0.14,1279300
HYDRO-W2,20260211,0.09,0.1,0.08,0.09,442400
IMH-W1,20260211,0.07,0.08,0.07,0.08,200
IROYAL-W1,20260211,1.38,1.41,1.38,1.39,101900
IROYAL-W2,20260211,1.03,1.04,1.03,1.03,117500
ITEL-W5,20260211,0.09,0.1,0.09,0.1,761600
ITEL-W6,20260211,0.16,0.17,0.16,0.17,1355500
J-W3,20260211,0.06,0.06,0.05,0.06,40200
J-W4,20260211,0.07,0.07,0.07,0.07,53700
JAS-W4,20260211,0.29,0.29,0.28,0.28,4415100
K-W3,20260211,0.04,0.05,0.04,0.05,140400
KASET-W1,20260211,0.1,0.1,0.09,0.09,385400
KGEN-W2,20260211,0.15,0.16,0.15,0.16,224500
KUN-W3,20260211,0.05,0.06,0.05,0.05,189700
MADAME-W6,20260211,0.13,0.13,0.11,0.12,553700
MGI-W1,20260211,0.72,0.76,0.69,0.69,1862300
NER-W2,20260211,0.08,0.09,0.07,0.08,2883200
NOBLE-W3,20260211,0.24,0.25,0.23,0.24,1422600
NRF-W2,20260211,0.08,0.09,0.08,0.09,442300
ORI-W2,20260211,0.34,0.36,0.34,0.36,2546700
PEER-W2,20260211,0.01,0.02,0.01,0.01,1662000
PLANET-W3,20260211,0.26,0.26,0.21,0.21,200
PPPM-W6,20260211,0.08,0.08,0.07,0.07,30000
PRG-W4,20260211,4.22,4.28,4.22,4.28,2500
PRG-W5,20260211,4.06,4.06,4.06,4.06,500
PROEN-W2,20260211,0.31,0.34,0.3,0.32,5340700
PROS-W1,20260211,0.01,0.01,0.01,0.01,52900
PROUD-W3,20260211,0.1,0.12,0.1,0.12,448200
PSTC-W3,20260211,0.03,0.03,0.03,0.03,195600
ROCTEC-W5,20260211,0.01,0.01,0.01,0.01,20546200
SAMTEL-W2,20260211,0.52,0.59,0.52,0.57,172900
SGC-W2,20260211,0.31,0.34,0.31,0.32,244500
TAKUNI-W2,20260211,0.3,0.34,0.27,0.34,5100
TCC-W5,20260211,0.16,0.17,0.16,0.17,314600
TEAMG-W1,20260211,0.12,0.14,0.12,0.12,2550900
TFG-W4,20260211,0.86,0.86,0.84,0.85,636200
TGE-W2,20260211,0.05,0.06,0.05,0.05,473900
TNITY-W2,20260211,0.19,0.2,0.19,0.2,35900
TRUBB-W3,20260211,0.2,0.22,0.2,0.22,962400
TVDH-W5,20260211,0.01,0.02,0.01,0.02,500
TVDH-W6,20260211,0.03,0.03,0.03,0.03,450000
UREKA-W3,20260211,0.14,0.22,0.14,0.18,4630600
VGI-W3,20260211,0.01,0.02,0.01,0.02,49800
VIBHA-W5,20260211,0.05,0.06,0.05,0.05,1118900
VIH-W1,20260211,0.74,0.76,0.7,0.7,58400
WAVE-W4,20260211,0.01,0.01,0.01,0.01,1400
WIIK-W3,20260211,0.01,0.01,0.01,0.01,800
XBIO-W6,20260211,0.03,0.04,0.03,0.03,49800
XBIO-W7,20260211,0.01,0.02,0.01,0.01,2207100
ZIGA-W2,20260211,0.07,0.08,0.07,0.08,152600
!AGRO,20260211,310.78,312.61,309.92,310.58,23258440000
!CONSUMP,20260211,42.89,43.19,42.76,43.01,2319490000
!FINCIAL,20260211,153.18,153.44,151.92,152.21,52258520000
!INDUS,20260211,57.26,57.49,56.49,56.73,21506060000
!PROPCON,20260211,74.56,75.16,74.45,74.85,77421410000
!RESOURC,20260211,160.98,162.84,160.76,161.84,79964840000
!SERVICE,20260211,302.6,303.82,300.71,301.33,136194200000
!TECH,20260211,520.69,525.8,517.79,522.29,55294780000
$AGRI,20260211,186.85,189.87,185.99,187.45,5531790000
$AUTO,20260211,299.25,301.42,298.22,300.81,13363540000
$BANK,20260211,479.09,479.59,474.72,476.24,24024650000
$COMM,20260211,21449.3,21623.7,21240.3,21471,29915830000
$CONMAT,20260211,5628.8,5636.9,5578.57,5593.94,2978050000
$CONS,20260211,33.35,33.97,33.18,33.72,11287070000
$ENERG,20260211,18361.1,18574,18336,18458.9,79964840000
$ETRON,20260211,24497.4,24823.2,24272.3,24594.9,8320700000
$FASHION,20260211,482.2,490.48,480.24,489.13,520620000
$FIN,20260211,2147.53,2159.15,2123.48,2125.3,26666980000
$FOOD,20260211,8712.79,8759.23,8682.15,8703.69,17726650000
$HELTH,20260211,4603.53,4660.94,4596.38,4617.38,14609970000
$HOME,20260211,15.63,15.72,15.42,15.6,690340000
$ICT,20260211,233.16,235.03,232.03,233.56,46974080000
$IMM,20260211,18.16,18.24,18.07,18.08,478660000
$INSUR,20260211,9137.32,9208.83,9064.53,9106.68,1566890000
$MEDIA,20260211,15.86,15.95,15.68,15.82,19730750000
$PAPER,20260211,2123.91,2137.98,2109.85,2109.85,56510000
$PERSON,20260211,71.59,72.14,71.17,71.32,1108530000
$PETRO,20260211,550.92,556.33,541.39,544.79,5128030000
$PF&REIT,20260211,133.75,134.03,133,133.15,2454010000
$PKG,20260211,2291.43,2299.12,2248.93,2261.67,1478930000
$PROF,20260211,139.02,142.05,137.48,140.11,5315970000
$PROP,20260211,165.6,168.45,165.46,167.61,60702280000
$STEEL,20260211,18.21,18.27,17.98,17.99,1000390000
$TOURISM,20260211,468.17,479.74,468.17,469.36,10670980000
$TRANS,20260211,227.5,228.59,224.3,224.3,55950700000
MAI,20260211,214.24,215.38,214.16,214.89,270203678
SET,20260211,1411.75,1418.23,1408.69,1411.7,8894306506
SET100,20260211,2027.87,2038.17,2020.81,2026.44,3378762200
SET50,20260211,950.92,956.07,947,949.89,1908608100
SETHD,20260211,1275.37,1278.59,1266.41,1270.4,1004687300
ADVANC-F,20260211,385,385,382,383,182400
AOT-F,20260211,56.75,56.75,56.5,56.5,344600
BBL-F,20260211,162,162,162,162,100
BDMS-F,20260211,20.8,20.9,20.8,20.8,278200
CPF-F,20260211,20.9,20.9,20.9,20.9,76100
CRC-F,20260211,21.4,21.4,21.1,21.1,161200
EKH-F,20260211,4.9,4.9,4.9,4.9,200
FTREIT-F,20260211,11.8,11.8,11.8,11.8,500
KBANK-F,20260211,193,193.5,192.5,193,69400
KTB-F,20260211,30,30.25,30,30,79000
KTC-F,20260211,30.5,30.5,30.5,30.5,98400
OR-F,20260211,14,14,14,14,416600
PTTEP-F,20260211,129.5,130,128.5,129,184400
PTTGC-F,20260211,25.75,25.75,25.75,25.75,13100
SCB-F,20260211,140,140,139,139,5400
TFFIF-F,20260211,6.75,6.75,6.75,6.75,1000
TOP-F,20260211,50,50,50,50,500
!AGRO-M,20260211,58.09,58.75,57.88,58.46,1075410000
!CONSUMP-M,20260211,12.46,12.62,12.46,12.57,2286510000
!FINCIAL-M,20260211,29.93,30.04,29.55,29.62,274340000
!INDUS-M,20260211,38.9,39.25,38.88,39.07,4381960000
!PROPCON-M,20260211,14.35,14.56,14.33,14.35,6325750000
!RESOURC-M,20260211,16.5,16.9,16.21,16.74,1804040000
!SERVICE-M,20260211,42.64,42.76,42.44,42.69,6740290000
!TECH-M,20260211,20.5,20.71,20.5,20.66,2306330000
SET100FF,20260211,1938.66,1947.09,1932.33,1937.24,337876220000
SET50FF,20260211,909.6,913.82,906.09,908.6,190860810000
SETCLMV,20260211,684.27,687.39,681.77,682.34,146832290000
SETESG,20260211,879.63,882.84,875.7,877.55,256965080000
SETWB,20260211,626.98,630.13,622.51,623.74,73219240000
SSET,20260211,587.94,592.84,587.49,590.69,42166140000
