<TICKER>,<DTYYYYMMDD>,<OPEN>,<HIGH>,<LOW>,<CLOSE>,<VOL>
1DIV-O,20260424,12.13,12.3,12.13,12.3,38
2I01BSET50-O,20260424,3.14,3.16,3.14,3.16,101
2X01BSET50-O,20260424,6.78,6.78,6.78,6.78,1
BMSCITH-O,20260424,11.99,11.99,11.99,11.99,50
CHINA-O,20260424,7.36,7.36,7.32,7.35,31
GLD-O,20260424,6.03,6.05,6.02,6.03,428
TDEX-O,20260424,9.41,9.41,9.36,9.4,377
1DIV,20260424,12.15,12.16,12.13,12.16,32400
1I01BSET50,20260424,4,4,3.97,3.97,4500
2I01BSET50,20260424,3.13,3.17,3.12,3.13,476600
2X01BSET50,20260424,6.8,6.8,6.7,6.79,170900
BMSCITH,20260424,11.99,11.99,11.84,11.98,74600
BSET100,20260424,10.63,10.69,10.56,10.69,66300
CHINA,20260424,7.33,7.35,7.29,7.34,212900
GLD,20260424,6.03,6.03,6,6.02,1010500
TDEX,20260424,9.41,9.42,9.35,9.4,173500
UBOT,20260424,13.59,13.59,13.59,13.59,100
UHERO,20260424,8.49,8.49,8.29,8.29,1900
2S,20260424,2.68,2.7,2.68,2.7,97900
3BBIF,20260424,6.75,6.75,6.7,6.7,4675200
88TH,20260424,4.7,4.72,4.68,4.72,279500
A5,20260424,1.85,1.85,1.82,1.84,9000
AAI,20260424,3.36,3.4,3.34,3.4,1703100
AAV,20260424,1.09,1.11,1.08,1.1,32922700
ABM,20260424,0.49,0.5,0.49,0.5,2700
ACC,20260424,0.37,0.39,0.37,0.38,2524300
ACE,20260424,1.28,1.28,1.27,1.28,365000
ACG,20260424,0.7,0.71,0.69,0.7,74600
ADB,20260424,0.61,0.61,0.6,0.61,120800
ADD,20260424,3.16,3.18,3.16,3.18,38800
ADVANC,20260424,347,350,346,349,5031500
ADVICE,20260424,5.55,5.6,5.5,5.5,1240000
AE,20260424,0.07,0.08,0.07,0.08,420700
AEONTS,20260424,93.25,94,93,93.5,482100
AF,20260424,0.37,0.38,0.36,0.38,58100
AFC,20260424,2.98,3.04,2.98,3.04,5900
AGE,20260424,1.17,1.18,1.16,1.16,455400
AH,20260424,13.2,13.2,12.9,13,93100
AHC,20260424,13.4,13.8,13.4,13.6,25000
AI,20260424,2.88,2.92,2.88,2.88,106100
AIE,20260424,1.13,1.13,1.11,1.13,609800
AIMCG,20260424,1.33,1.35,1.33,1.35,38500
AIMIRT,20260424,11.2,11.3,11.1,11.3,260700
AIRA,20260424,1.07,1.11,1.07,1.11,1200
AIT,20260424,4.68,4.7,4.68,4.7,460800
AJ,20260424,2.44,2.52,2.4,2.44,6994900
AJA,20260424,0.16,0.16,0.15,0.16,383300
AKP,20260424,0.69,0.7,0.68,0.69,885600
AKR,20260424,0.94,0.95,0.93,0.94,1551400
ALLA,20260424,1.25,1.25,1.24,1.25,550800
ALLY,20260424,4.5,4.52,4.48,4.52,578100
ALPHAX,20260424,0.36,0.37,0.35,0.35,3725300
ALT,20260424,1.27,1.28,1.19,1.24,1444400
ALUCON,20260424,237,237,237,237,2500
AMA,20260424,3.88,3.9,3.86,3.88,92600
AMANAH,20260424,0.64,0.64,0.63,0.64,248500
AMARC,20260424,3.82,3.86,3.72,3.72,2353200
AMARIN,20260424,2.84,3,2.82,3,14500
AMATA,20260424,20.4,20.7,20.1,20.3,19958400
AMATAR,20260424,6.8,6.8,6.75,6.75,13300
AMATAV,20260424,1.95,1.95,1.91,1.91,96500
AMR,20260424,0.31,0.32,0.28,0.29,3080500
ANAN,20260424,0.36,0.37,0.36,0.37,408900
ANI,20260424,2.52,2.62,2.52,2.58,156400
AOT,20260424,54.75,54.75,53.75,54.5,31794600
AP,20260424,8.55,8.55,8.45,8.5,7608100
APCO,20260424,2.68,2.7,2.68,2.7,29600
APCS,20260424,1.39,1.45,1.39,1.45,10900
APO,20260424,2.2,2.2,2.12,2.14,701900
APP,20260424,2.8,2.8,2.74,2.76,783000
APURE,20260424,2.1,2.18,2.08,2.08,187000
AQUA,20260424,0.11,0.12,0.11,0.12,361200
ARIN,20260424,0.51,0.52,0.5,0.52,766700
ARIP,20260424,0.43,0.45,0.43,0.44,251000
ARROW,20260424,5.4,5.4,5.3,5.3,8800
AS,20260424,2.7,2.7,2.66,2.7,189200
ASAP,20260424,1.18,1.18,1.15,1.17,56000
ASEFA,20260424,4.12,4.12,4.1,4.12,72400
ASIA,20260424,5.4,5.5,5.4,5.5,400
ASIAN,20260424,7,7.05,6.95,7,242100
ASIMAR,20260424,1.45,1.45,1.44,1.45,3100
ASK,20260424,8.35,8.55,8.35,8.55,92400
ASN,20260424,0.65,0.69,0.64,0.69,700
ASP,20260424,2.06,2.1,2.06,2.08,423400
ASW,20260424,7.3,7.4,7.25,7.35,3684900
ATLAS,20260424,1.86,1.93,1.84,1.9,11970000
ATP30,20260424,0.81,0.81,0.8,0.81,479700
AU,20260424,4.72,4.72,4.7,4.7,184900
AUCT,20260424,4.94,4.98,4.94,4.96,486800
AURA,20260424,13.8,14.2,13.5,14.2,3937600
AWC,20260424,2.1,2.12,2.06,2.1,37618100
AXTRART,20260424,12.8,12.9,12.8,12.8,947600
AYUD,20260424,37.75,38.75,37.75,38.75,10000
B,20260424,0.03,0.04,0.03,0.03,4037100
B-WORK,20260424,5.7,5.75,5.7,5.75,124900
B52,20260424,0.22,0.22,0.2,0.22,24300
BA,20260424,13.4,13.5,13.3,13.4,2296700
BAFS,20260424,8.45,8.45,8.35,8.45,75800
BAM,20260424,7.1,7.15,7,7.15,9053600
BANPU,20260424,5.55,5.55,5.4,5.55,30174500
BAREIT,20260424,10.5,10.6,10.4,10.5,471200
BAY,20260424,27.5,28,27.5,27.5,377600
BBGI,20260424,4.04,4.06,3.98,4.02,693800
BBIK,20260424,18.4,18.6,18.1,18.4,550600
BBL,20260424,160,160.5,158.5,158.5,7839100
BCH,20260424,9.8,9.8,9.7,9.75,4852600
BCP,20260424,34.5,35.5,34,35.25,4846700
BCPG,20260424,6.85,7.1,6.85,7,7946400
BCT,20260424,48,48,45,46,1000
BDMS,20260424,18.5,18.5,18.3,18.5,36228000
BE8,20260424,5.4,5.6,5.35,5.35,553300
BEAUTY,20260424,0.34,0.35,0.34,0.35,1557800
BEC,20260424,1.92,1.92,1.88,1.91,964100
BEM,20260424,5.3,5.3,5.25,5.3,11445300
BGC,20260424,5.6,5.7,5.6,5.7,53600
BGRIM,20260424,12.2,12.4,12.1,12.4,11744200
BGT,20260424,0.37,0.38,0.36,0.36,81000
BH,20260424,170.5,170.5,167,170,5127500
BIG,20260424,0.3,0.3,0.28,0.3,567900
BIOTEC,20260424,0.28,0.28,0.26,0.26,7239400
BIS,20260424,2.06,2.06,1.96,2.04,11800
BIZ,20260424,4.68,4.68,4.66,4.66,128500
BJC,20260424,14.8,14.8,14.5,14.7,3542900
BJCHI,20260424,0.71,0.73,0.71,0.72,92400
BKA,20260424,0.75,0.75,0.73,0.73,533300
BKD,20260424,1.07,1.07,1.05,1.07,11300
BKGI,20260424,1.33,1.34,1.32,1.34,147500
BKIH,20260424,322,323,321,323,5100
BLA,20260424,20.3,20.3,19.9,19.9,1194000
BLAND,20260424,0.44,0.45,0.43,0.44,3929400
BLC,20260424,3.92,3.96,3.9,3.9,502800
BLESS,20260424,0.24,0.26,0.24,0.26,499200
BM,20260424,0.99,1,0.99,0.99,92900
BOFFICE,20260424,5.5,5.55,5.5,5.5,285600
BOL,20260424,5,5.05,4.98,5.05,105700
BPP,20260424,11.3,11.4,11.2,11.4,64500
BPS,20260424,0.42,0.43,0.42,0.42,198300
BR,20260424,1.63,1.64,1.63,1.64,15900
BRI,20260424,1.26,1.29,1.26,1.28,62800
BROCK,20260424,1.19,1.24,1.18,1.23,11600
BRR,20260424,3.7,3.74,3.7,3.7,25200
BRRGIF,20260424,3.76,3.76,3.74,3.76,60700
BSBM,20260424,0.58,0.59,0.58,0.58,45800
BSM,20260424,0.34,0.34,0.33,0.34,14200
BTC,20260424,0.19,0.19,0.18,0.18,3672200
BTG,20260424,22.8,23.4,22.7,23.3,3240400
BTNC,20260424,15.9,15.9,15.5,15.8,2600
BTS,20260424,2.12,2.14,2.1,2.12,19851500
BTSGIF,20260424,2.58,2.62,2.58,2.62,1888400
BTW,20260424,0.08,0.09,0.08,0.09,709900
BUI,20260424,10.9,11,10.9,11,2400
BVG,20260424,1.62,1.68,1.59,1.63,80300
BWG,20260424,0.28,0.29,0.27,0.27,48966700
BYD,20260424,0.51,0.51,0.5,0.51,3826300
CAZ,20260424,1.4,1.45,1.4,1.45,18600
CBG,20260424,36.75,36.75,36,36.25,1368100
CCET,20260424,5.85,6,5.7,5.8,78669600
CCP,20260424,0.26,0.27,0.26,0.27,275200
CEN,20260424,0.69,0.71,0.67,0.68,1352300
CENTEL,20260424,31.5,31.5,30.5,31,3658600
CEYE,20260424,1.21,1.25,1.2,1.24,5300
CFARM,20260424,0.74,0.75,0.73,0.74,634800
CFRESH,20260424,0.83,0.87,0.83,0.84,523900
CGD,20260424,0.11,0.12,0.1,0.12,1003500
CGH,20260424,0.46,0.46,0.45,0.45,113700
CH,20260424,1.59,1.6,1.57,1.57,29500
CHAO,20260424,4.38,4.38,4.34,4.34,18300
CHARAN,20260424,17.4,17.4,17.4,17.4,1100
CHASE,20260424,0.46,0.49,0.45,0.46,4536100
CHAYO,20260424,1,1.03,1,1.01,4146400
CHEWA,20260424,0.17,0.17,0.17,0.17,441000
CHG,20260424,1.41,1.41,1.4,1.4,5570300
CHIC,20260424,0.26,0.27,0.26,0.27,77900
CHOW,20260424,1.28,1.28,1.26,1.28,16800
CI,20260424,0.32,0.33,0.31,0.31,2300
CIG,20260424,0.03,0.03,0.02,0.03,472000
CITY,20260424,1.18,1.24,1.17,1.17,17700
CIVIL,20260424,0.81,0.82,0.8,0.8,27900
CK,20260424,16.4,16.7,16.3,16.5,8517600
CKP,20260424,2.3,2.3,2.26,2.28,3161600
CM,20260424,1.61,1.61,1.61,1.61,50700
CMAN,20260424,2.52,2.56,2.52,2.56,98300
CMC,20260424,0.34,0.35,0.34,0.35,1000
CMO,20260424,0.78,0.86,0.78,0.79,7030000
CMR,20260424,1.3,1.3,1.28,1.29,95500
CNT,20260424,1,1.04,1,1.04,3900
COCOCO,20260424,5.6,5.6,5.55,5.6,232400
COM7,20260424,22,22,21.6,21.7,23066200
COMAN,20260424,0.6,0.61,0.6,0.61,600
CPALL,20260424,45.25,45.25,44.75,44.75,19287100
CPANEL,20260424,1.55,1.58,1.48,1.54,82000
CPAXT,20260424,14.8,14.8,14.6,14.7,7993200
CPF,20260424,19.4,19.4,19.1,19.2,33528300
CPH,20260424,8.25,8.45,8.25,8.3,20000
CPI,20260424,3.42,3.42,3.38,3.4,93500
CPL,20260424,0.7,0.77,0.67,0.71,3379300
CPN,20260424,62.25,62.5,61.25,62.25,6743800
CPNCG,20260424,6.15,6.15,6.1,6.15,629700
CPNREIT,20260424,12.1,12.2,12,12.1,1882200
CPR,20260424,2.8,2.8,2.74,2.76,326500
CPT,20260424,1.16,1.22,1.16,1.22,158600
CPTREIT,20260424,5.85,5.9,5.8,5.85,93900
CPW,20260424,2.1,2.1,2.06,2.08,55000
CRANE,20260424,0.43,0.43,0.41,0.42,44800
CRC,20260424,18.6,18.7,18.4,18.6,9722700
CRD,20260424,0.3,0.32,0.3,0.31,130800
CREDIT,20260424,17.8,17.8,17.5,17.8,797400
CSC,20260424,42.25,42.5,42,42.5,4500
CSP,20260424,0.51,0.51,0.5,0.5,24300
CSS,20260424,0.77,0.78,0.77,0.78,97400
CTARAF,20260424,4.64,4.64,4.6,4.64,12100
CTW,20260424,4.1,4.12,4,4,108600
CWT,20260424,0.78,0.78,0.77,0.77,247600
D,20260424,2.86,2.88,2.84,2.86,265600
DCC,20260424,1.25,1.25,1.23,1.25,293900
DCON,20260424,0.21,0.21,0.2,0.2,266300
DDD,20260424,5.2,5.25,5.1,5.2,41400
DELTA,20260424,287,291,276,290,11935100
DEMCO,20260424,2.18,2.28,2.18,2.24,28900
DHOUSE,20260424,0.4,0.4,0.4,0.4,2000
DIF,20260424,9.75,9.8,9.7,9.8,8693100
DIMET,20260424,0.06,0.06,0.05,0.06,138200
DITTO,20260424,10.4,10.5,10.3,10.5,550300
DMT,20260424,11,11.1,11,11.1,497500
DOD,20260424,1.7,1.7,1.67,1.7,116800
DOHOME,20260424,3.48,3.52,3.44,3.5,9107300
DPAINT,20260424,0.69,0.69,0.66,0.68,125800
DREIT,20260424,4.7,4.72,4.68,4.68,35300
DRT,20260424,4.64,4.64,4.6,4.64,377600
DTCENT,20260424,0.87,0.87,0.86,0.87,282600
DUSIT,20260424,10,10.2,9.95,10.1,81700
DV8,20260424,5.05,5.4,5.05,5.3,4214700
EA,20260424,2.66,2.68,2.64,2.68,13972500
EASON,20260424,1.15,1.16,1.15,1.15,212100
EAST,20260424,0.6,0.62,0.6,0.61,524100
EASTW,20260424,2.78,2.84,2.76,2.76,509500
EFORL,20260424,0.13,0.14,0.12,0.13,1532400
EGATIF,20260424,6.15,6.2,6.15,6.2,182000
EGCO,20260424,110,111,109.5,110,610600
EKH,20260424,5,5.1,5,5.05,391200
EMC,20260424,0.02,0.03,0.02,0.03,5182000
EMPIRE,20260424,0.48,0.49,0.47,0.49,1016100
EP,20260424,1.03,1.07,1,1.05,291600
EPG,20260424,3.06,3.08,3.02,3.04,2385100
ERW,20260424,2.38,2.48,2.38,2.46,21015200
ESTAR,20260424,0.24,0.24,0.23,0.24,141100
ETC,20260424,0.7,0.7,0.69,0.7,7000800
ETE,20260424,0.58,0.6,0.58,0.6,57100
ETL,20260424,0.49,0.5,0.48,0.49,94100
EURO,20260424,4.16,4.5,4.16,4.5,1100
EVER,20260424,0.05,0.05,0.04,0.05,117300
FANCY,20260424,0.3,0.32,0.3,0.31,34600
FLOYD,20260424,1.12,1.13,1.12,1.13,93100
FM,20260424,4.12,4.16,4.12,4.14,606400
FMT,20260424,17.3,17.3,17.3,17.3,100
FN,20260424,0.49,0.5,0.49,0.5,131000
FNS,20260424,0.51,0.51,0.5,0.51,60500
FORTH,20260424,6.8,6.8,6.75,6.75,272000
FPI,20260424,1.62,1.73,1.61,1.73,55800
FPT,20260424,6.15,6.3,6.15,6.3,9700
FSMART,20260424,6.25,6.35,6.2,6.25,586800
FSX,20260424,1.15,1.19,1.14,1.19,8400
FTE,20260424,2,2.02,1.99,2,67700
FTI,20260424,1.76,1.77,1.76,1.76,16200
FTREIT,20260424,11.6,11.6,11.4,11.5,1799000
FUTURERT,20260424,8.8,8.8,8.75,8.8,30200
FVC,20260424,0.35,0.36,0.35,0.36,366700
GABLE,20260424,3.94,3.96,3.94,3.96,75800
GAHREIT,20260424,4.22,4.24,4.2,4.2,2600
GBX,20260424,0.53,0.53,0.51,0.52,82400
GC,20260424,4.3,4.3,4.28,4.3,61400
GCAP,20260424,0.26,0.26,0.24,0.26,333900
GEL,20260424,0.03,0.04,0.03,0.04,801700
GENCO,20260424,0.32,0.38,0.32,0.37,4075500
GFC,20260424,2.88,2.88,2.8,2.88,6000
GFPT,20260424,9.1,9.15,8.95,9.05,1764000
GGC,20260424,3.88,4.06,3.8,3.9,18500
GJS,20260424,0.13,0.14,0.13,0.14,807600
GLOBAL,20260424,6.65,6.7,6.5,6.6,9959900
GLORY,20260424,1.34,1.49,1.3,1.44,11707100
GPI,20260424,1.69,1.73,1.65,1.73,1330200
GPSC,20260424,35.5,36,35.25,35.5,6553500
GRAMMY,20260424,3.42,3.48,3.4,3.48,30600
GRAND,20260424,0.03,0.03,0.02,0.02,66600
GREEN,20260424,0.7,0.72,0.69,0.72,330100
GROREIT,20260424,7.9,7.95,7.9,7.95,43400
GTB,20260424,0.76,0.77,0.75,0.77,31600
GTV,20260424,0.03,0.04,0.03,0.03,1271300
GULF,20260424,56.25,56.5,55.75,56,22467900
GUNKUL,20260424,2.38,2.42,2.36,2.4,31313700
GVREIT,20260424,6.65,6.65,6.6,6.6,135200
GYT,20260424,183,183,183,183,400
HANA,20260424,29.5,31.5,29.25,30.25,48094100
HANN,20260424,0.95,0.95,0.91,0.93,2143000
HARN,20260424,2.02,2.02,2,2.02,73500
HEALTH,20260424,0.38,0.41,0.37,0.39,22400
HENG,20260424,0.86,0.86,0.85,0.85,1154500
HFT,20260424,4.14,4.18,4.14,4.14,231100
HL,20260424,6.2,6.4,6.2,6.25,181800
HMPRO,20260424,6.25,6.25,6.05,6.1,20605400
HPF,20260424,5.45,5.45,5.4,5.4,9500
HTC,20260424,15.4,15.5,15.3,15.4,338500
HTECH,20260424,2.94,3.04,2.94,2.98,297100
HUMAN,20260424,4.62,4.64,4.38,4.4,1201200
HYDRO,20260424,2.74,2.76,2.66,2.76,6100
I2,20260424,0.66,0.66,0.63,0.63,189000
ICC,20260424,24.3,24.3,24.3,24.3,400
ICHI,20260424,12.6,12.6,12.2,12.3,11591400
ICN,20260424,1.83,1.87,1.82,1.87,615900
IDG,20260424,1.38,1.41,1.38,1.41,79400
IFS,20260424,1.82,1.82,1.81,1.82,72000
IHL,20260424,1.44,1.44,1.42,1.43,8700
IIG,20260424,1.33,1.34,1.33,1.34,106000
III,20260424,3.98,4.02,3.96,4,659300
ILINK,20260424,4.64,4.64,4.62,4.64,342600
ILM,20260424,13.2,13.3,13.1,13.3,175400
IMH,20260424,2.98,3.02,2.98,3.02,1000
IMPACT,20260424,11.1,11.1,11,11.1,575400
IND,20260424,1.16,1.16,1.14,1.15,479700
INET,20260424,3.6,3.62,3.58,3.6,182800
INETREIT,20260424,12.1,12.2,12.1,12.1,475900
INOX,20260424,0.44,0.44,0.43,0.43,576700
INSET,20260424,2.96,3,2.9,2.92,3831800
IP,20260424,4.1,4.14,4.06,4.12,109000
IRC,20260424,11.4,11.4,11.4,11.4,200
IRCP,20260424,0.26,0.27,0.25,0.25,1254900
IROYAL,20260424,5.5,5.5,5.4,5.4,287500
IRPC,20260424,1.58,1.68,1.57,1.68,253969600
ISSARA,20260424,6.9,6.9,6.9,6.9,200
IT,20260424,4,4,4,4,6000
ITC,20260424,14.7,15.2,14.6,15.1,7398600
ITD,20260424,0.26,0.27,0.25,0.26,3819900
ITEL,20260424,1.17,1.18,1.15,1.16,1500800
ITNS,20260424,1.87,1.89,1.85,1.89,101900
ITTHI,20260424,1.22,1.23,1.22,1.23,3400
IVF,20260424,0.65,0.68,0.63,0.66,3760700
IVL,20260424,23.8,24.2,23.5,23.9,17664900
J,20260424,0.6,0.61,0.59,0.61,332800
JAK,20260424,0.67,0.67,0.67,0.67,3800
JAS,20260424,1.1,1.11,1.09,1.1,18515500
JCK,20260424,0.13,0.13,0.11,0.12,4346100
JCT,20260424,80.5,80.5,80.5,80.5,100
JDF,20260424,1.57,1.58,1.55,1.56,163000
JMART,20260424,6.65,6.95,6.6,6.9,10032000
JMT,20260424,9,9.5,8.95,9.45,26167100
JPARK,20260424,2.98,3,2.96,3,456500
JR,20260424,1.76,1.78,1.76,1.78,12000
JSP,20260424,1.94,1.96,1.91,1.93,52000
JTS,20260424,48,48.25,45.5,45.5,645900
JUBILE,20260424,7.05,7.1,7.05,7.1,4700
K,20260424,1,1,0.97,1,39900
KAMART,20260424,7.75,7.75,7.65,7.75,883700
KASET,20260424,0.86,0.88,0.76,0.77,11281300
KBANK,20260424,190.5,190.5,188.5,190,23119300
KBS,20260424,5.45,5.5,5.4,5.45,108200
KBSPIF,20260424,8.4,8.45,8.4,8.45,32100
KC,20260424,0.02,0.03,0.02,0.02,1204300
KCAR,20260424,4.68,4.7,4.68,4.7,10500
KCC,20260424,1.93,1.93,1.91,1.92,39700
KCE,20260424,29.5,30,28.75,29.25,30361800
KCG,20260424,9.85,9.9,9.7,9.75,473600
KCM,20260424,0.17,0.18,0.17,0.17,211500
KDH,20260424,81.5,81.5,81.5,81.5,100
KGEN,20260424,1.68,1.75,1.67,1.71,15823200
KGI,20260424,4,4,3.96,3.96,1069600
KIAT,20260424,0.3,0.31,0.3,0.31,182600
KISS,20260424,2.78,2.86,2.74,2.8,1072300
KJL,20260424,5.75,5.85,5.7,5.85,50600
KK,20260424,1,1.02,1,1,72000
KKP,20260424,82,82.5,81.75,82,4993000
KLINIQ,20260424,25.75,26.75,25.25,26.5,173100
KOOL,20260424,0.28,0.29,0.28,0.28,253400
KPNREIT,20260424,1.97,1.97,1.97,1.97,100
KSL,20260424,1.42,1.45,1.4,1.41,2143700
KTB,20260424,32.75,32.75,32,32.25,44008800
KTBSTMR,20260424,5.45,5.45,5.4,5.4,90100
KTC,20260424,29.5,29.75,29,29.25,7946200
KTIS,20260424,1.94,1.94,1.91,1.94,21400
KTMS,20260424,1.39,1.41,1.39,1.4,314200
KUMWEL,20260424,1.08,1.08,1.07,1.08,4000
KUN,20260424,0.64,0.64,0.64,0.64,20000
KWM,20260424,0.81,0.82,0.8,0.82,130800
KYE,20260424,289,290,288,289,2400
LALIN,20260424,4.42,4.44,4.42,4.42,58000
LANNA,20260424,14.7,14.7,14.5,14.6,255500
LDC,20260424,0.25,0.26,0.25,0.26,16200
LEE,20260424,2.46,2.46,2.44,2.44,73400
LEO,20260424,1.74,1.75,1.74,1.74,42700
LH,20260424,3.82,3.82,3.76,3.78,11441600
LHFG,20260424,1.17,1.18,1.16,1.16,25173300
LHHOTEL,20260424,12.7,12.7,12.5,12.7,1459800
LHK,20260424,3.34,3.36,3.32,3.34,22600
LHRREIT,20260424,4.4,4.44,4.4,4.44,19100
LHSC,20260424,14.1,14.3,14.1,14.2,422800
LIT,20260424,0.6,0.61,0.6,0.6,49300
LOXLEY,20260424,1.32,1.32,1.3,1.32,62100
LPH,20260424,3.76,3.76,3.72,3.76,38800
LPN,20260424,1.56,1.57,1.55,1.57,139200
LST,20260424,4.66,4.68,4.66,4.66,20500
LTMH,20260424,4.74,4.8,4.54,4.68,135300
LTS,20260424,2.02,2.02,1.92,1.97,390800
LUXF,20260424,9,9,8.9,9,5500
M,20260424,18.9,19,18.8,18.9,670900
M-CHAI,20260424,19.2,19.2,18.9,19.1,10200
M-PAT,20260424,1.19,1.2,1.18,1.2,29600
MADAME,20260424,0.55,0.57,0.55,0.57,93200
MAGURO,20260424,19.1,19.1,18.4,18.5,1566600
MAJOR,20260424,7.1,7.2,7.05,7.2,709100
MALEE,20260424,4.1,4.12,4.06,4.12,396700
MASTEC,20260424,1.16,1.19,1.16,1.17,331800
MASTER,20260424,8.15,8.2,8,8.2,231900
MATI,20260424,3.1,3.1,3.1,3.1,700
MBAX,20260424,1.59,1.65,1.58,1.6,169500
MBK,20260424,17,17.1,16.9,17,1106600
MC,20260424,11.1,11.2,11.1,11.1,996500
MCA,20260424,1.16,1.17,1.15,1.16,80700
MCOT,20260424,6.25,6.3,6.2,6.2,211300
MCS,20260424,8.5,8.5,8.35,8.35,746000
MDX,20260424,2.4,2.42,2.36,2.36,50300
MEB,20260424,12.6,12.7,12.4,12.6,155400
MEDEZE,20260424,6.2,6.2,6.1,6.1,118500
MEGA,20260424,34,34,32.75,33.25,716500
MENA,20260424,0.65,0.65,0.63,0.63,952600
METCO,20260424,265,265,264,264,8000
MFC,20260424,20.2,20.3,20.2,20.2,41400
MFEC,20260424,6,6.05,6,6,74800
MGC,20260424,4.58,4.7,4.58,4.68,281800
MGI,20260424,5.1,5.2,4.96,5,635800
MGT,20260424,1.9,1.92,1.9,1.92,12200
MICRO,20260424,0.85,0.85,0.82,0.83,246300
MIDA,20260424,0.28,0.29,0.27,0.28,101300
MII,20260424,5.2,5.2,5.2,5.2,2500
MINT,20260424,21.6,21.7,21.3,21.6,12365400
MIPF,20260424,9.3,9.3,9.3,9.3,500
MITSIB,20260424,0.53,0.53,0.52,0.53,23500
MJD,20260424,0.31,0.32,0.31,0.32,15510100
MJLF,20260424,5.05,5.1,5.05,5.1,1300
MK,20260424,0.5,0.52,0.5,0.52,200
ML,20260424,0.45,0.48,0.45,0.47,373000
MMM,20260424,2.6,2.6,2.56,2.6,74900
MNIT,20260424,1.88,1.92,1.88,1.92,4000
MNRF,20260424,2.04,2.04,2.04,2.04,3300
MODERN,20260424,2,2,1.99,1.99,38000
MONO,20260424,0.89,0.89,0.81,0.86,17858500
MOONG,20260424,2.26,2.28,2.24,2.28,403100
MORE,20260424,0.03,0.04,0.03,0.03,1093100
MOSHI,20260424,35.75,36,35.25,35.75,508200
MOTHER,20260424,1.12,1.13,1.11,1.11,887200
MPJ,20260424,3.94,3.94,3.9,3.94,488400
MRDIYT,20260424,8.95,9,8.65,8.95,3193900
MSC,20260424,6,6.05,5.8,5.8,2300
MST,20260424,6.65,6.75,6.6,6.7,61000
MTC,20260424,30,30.25,29.5,30,9693500
MTI,20260424,15.1,15.2,15.1,15.2,4200
MTW,20260424,0.79,0.82,0.79,0.79,63500
MUD,20260424,0.75,0.75,0.75,0.75,500
NAM,20260424,3.7,3.74,3.68,3.72,22000
NAT,20260424,2.1,2.18,2,2.1,142900
NATION,20260424,0.04,0.05,0.03,0.04,528600
NC,20260424,1.9,1.97,1.89,1.9,24700
NCAP,20260424,2.2,2.24,2.18,2.22,2391500
NCH,20260424,0.4,0.41,0.4,0.41,6300
NCL,20260424,0.22,0.22,0.2,0.21,782800
NCP,20260424,1.02,1.03,1.02,1.03,5200
NDR,20260424,1.24,1.24,1.23,1.24,6600
NEO,20260424,18.1,18.2,17.7,17.9,868200
NEP,20260424,0.19,0.2,0.19,0.2,41300
NER,20260424,4.66,4.66,4.64,4.64,3082500
NETBAY,20260424,15.1,15.6,14.9,15.4,2234200
NEX,20260424,1.01,1.02,1,1.01,4775700
NKT,20260424,4.04,4.06,4.02,4.06,365600
NL,20260424,0.63,0.64,0.62,0.64,41500
NNCL,20260424,1.57,1.57,1.55,1.57,6800
NOBLE,20260424,1.96,1.96,1.94,1.94,510200
NRF,20260424,0.28,0.29,0.27,0.29,862600
NSL,20260424,21.9,21.9,21.6,21.8,146300
NTF,20260424,13.6,14,12.8,13.2,4339900
NTSC,20260424,6.05,6.1,6,6,47900
NTV,20260424,22,22.2,22,22,11300
NUT,20260424,4.2,4.22,4.04,4.04,20700
NV,20260424,0.51,0.51,0.5,0.51,3200
NVD,20260424,0.75,0.75,0.73,0.73,9800
NYT,20260424,4.22,4.24,4.2,4.2,3657200
OGC,20260424,9.3,9.3,9.3,9.3,4400
OKJ,20260424,3.42,3.42,3.4,3.4,273500
ONEE,20260424,2.64,2.64,2.58,2.6,403600
ONSENS,20260424,1.17,1.17,1.16,1.16,91800
OR,20260424,11.9,12,11.8,11.9,9468500
ORI,20260424,1.77,1.77,1.76,1.76,1428600
ORN,20260424,0.77,0.78,0.77,0.78,420000
OSP,20260424,15.2,15.3,15,15.2,5075900
PACO,20260424,1.35,1.36,1.35,1.35,407300
PAF,20260424,0.78,1,0.76,0.98,13894300
PANEL,20260424,1.26,1.28,1.26,1.28,74300
PAP,20260424,2.38,2.38,2.34,2.34,4600
PATO,20260424,6.35,6.45,6.35,6.4,12700
PB,20260424,49,49.75,49,49.75,3300
PCC,20260424,2.76,2.76,2.74,2.74,197600
PCE,20260424,2.54,2.54,2.5,2.5,1398100
PCSGH,20260424,3.1,3.1,3.08,3.08,13200
PDG,20260424,3.06,3.06,3.02,3.04,57600
PDJ,20260424,0.92,0.98,0.92,0.94,46100
PEACE,20260424,1.65,1.7,1.65,1.7,30100
PEER,20260424,0.09,0.09,0.08,0.08,931000
PERM,20260424,0.21,0.21,0.19,0.2,543100
PF,20260424,0.03,0.04,0.03,0.04,10741300
PG,20260424,6.65,6.65,6.65,6.65,1000
PHG,20260424,12.6,12.7,12.6,12.7,38100
PHOL,20260424,2.82,2.82,2.82,2.82,13500
PIMO,20260424,1.01,1.02,1.01,1.02,95300
PIN,20260424,4.34,4.34,4.26,4.28,81500
PIS,20260424,3.9,3.92,3.82,3.82,236000
PJW,20260424,2.06,2.06,2.04,2.06,37200
PK,20260424,0.56,0.58,0.54,0.57,3956400
PL,20260424,1.29,1.3,1.28,1.3,8500
PLANB,20260424,4.42,4.5,4.38,4.44,17635800
PLANET,20260424,0.45,0.48,0.44,0.46,962400
PLAT,20260424,1.06,1.07,1.06,1.06,1214800
PLE,20260424,0.14,0.15,0.13,0.14,1571400
PLT,20260424,0.52,0.55,0.52,0.54,430600
PLUS,20260424,1.3,1.32,1.29,1.32,83500
PM,20260424,11.1,11.1,11,11.1,291300
PMC,20260424,0.87,0.88,0.86,0.86,20200
PMTA,20260424,10.1,10.1,10.1,10.1,29100
POLY,20260424,6.75,6.95,6.75,6.8,700
POPF,20260424,6.95,7,6.95,7,140100
PORT,20260424,0.52,0.52,0.5,0.5,207900
PPM,20260424,1.38,1.41,1.37,1.41,32100
PPP,20260424,0.78,0.85,0.78,0.79,7300
PPPM,20260424,0.31,0.32,0.3,0.3,251300
PPS,20260424,0.17,0.17,0.16,0.17,46100
PQS,20260424,1.62,1.63,1.62,1.63,104200
PR9,20260424,16.6,16.6,16.4,16.4,923700
PRAKIT,20260424,11.8,11.9,11.7,11.9,900
PRAPAT,20260424,0.73,0.73,0.71,0.71,55000
PREB,20260424,3.76,3.78,3.74,3.76,84300
PRECHA,20260424,0.44,0.47,0.44,0.47,144600
PRG,20260424,8.9,8.95,8.9,8.95,17600
PRI,20260424,3.94,3.98,3.88,3.9,112000
PRIME,20260424,0.06,0.06,0.05,0.06,749600
PRIN,20260424,1.36,1.4,1.35,1.39,1600
PRINC,20260424,1.74,1.76,1.72,1.73,95200
PRM,20260424,8.8,8.85,8.75,8.8,6991700
PROEN,20260424,0.98,0.98,0.96,0.98,975700
PROS,20260424,0.28,0.29,0.27,0.28,388100
PROSPECT,20260424,7.25,7.25,7.2,7.2,1844900
PROUD,20260424,1.04,1.04,1.03,1.04,246000
PRTR,20260424,3.12,3.14,3.12,3.14,75400
PSGC,20260424,3.1,3.18,3.1,3.16,60700
PSH,20260424,3.46,3.48,3.44,3.46,219600
PSL,20260424,6.8,6.8,6.7,6.75,1293500
PSP,20260424,4.38,4.48,4.38,4.48,114300
PSTC,20260424,0.26,0.27,0.26,0.26,4314400
PT,20260424,11.4,11.4,11.3,11.3,69100
PTC,20260424,0.58,0.6,0.58,0.6,118900
PTECH,20260424,1.47,1.47,1.28,1.29,39000
PTG,20260424,8.2,8.3,8.2,8.25,2137100
PTL,20260424,9.4,9.4,9.05,9.15,1257600
PTT,20260424,35,35,34.75,34.75,30141200
PTTEP,20260424,148,151,147,149.5,18110200
PTTGC,20260424,36.25,36.5,35.5,36.25,12914700
PYLON,20260424,2.86,2.9,2.84,2.86,156800
Q-CON,20260424,6.3,6.3,6.25,6.3,13300
QDC,20260424,0.13,0.14,0.13,0.13,1002400
QH,20260424,1.41,1.42,1.4,1.42,32587300
QHBREIT,20260424,3.58,3.58,3.56,3.58,68700
QHHRREIT,20260424,7.3,7.35,7.3,7.35,137900
QHOP,20260424,3.02,3.18,3.02,3.18,800
QTC,20260424,3.34,3.34,3.22,3.22,324100
QTCG,20260424,0.13,0.13,0.12,0.12,2001300
RABBIT,20260424,0.3,0.32,0.29,0.31,13276100
RAM,20260424,18.3,18.4,18.2,18.4,13400
RATCH,20260424,29,29.25,29,29.25,1589600
RBF,20260424,3.76,3.8,3.74,3.8,752000
RCL,20260424,29.75,30,29.5,29.75,993900
READY,20260424,3.3,3.4,3.3,3.4,52000
RICHY,20260424,0.15,0.18,0.15,0.17,277400
RJH,20260424,12.1,12.2,12,12.2,624900
RML,20260424,0.13,0.13,0.11,0.11,1925800
ROCK,20260424,11.4,11.4,11.2,11.4,6600
ROCTEC,20260424,0.55,0.55,0.54,0.55,590700
ROJNA,20260424,5.25,5.35,5.2,5.25,6175000
RP,20260424,0.49,0.5,0.48,0.5,36400
RPC,20260424,0.36,0.38,0.35,0.35,4519600
RPH,20260424,5.05,5.05,5,5,139300
RS,20260424,0.18,0.19,0.18,0.18,4075300
RSP,20260424,0.92,0.92,0.88,0.89,158700
RT,20260424,0.27,0.27,0.26,0.27,154200
RWI,20260424,0.19,0.2,0.18,0.19,832200
S,20260424,0.49,0.5,0.48,0.49,1989700
S11,20260424,3.68,3.74,3.64,3.64,24900
SA,20260424,7.1,7.15,7.1,7.15,1500
SAAM,20260424,4.78,4.82,4.78,4.8,11000
SABINA,20260424,15.6,15.6,15.5,15.5,392000
SAF,20260424,0.32,0.32,0.3,0.3,170400
SAFE,20260424,6.1,6.15,6.1,6.1,10400
SAK,20260424,3.28,3.32,3.28,3.28,1290900
SALEE,20260424,0.38,0.41,0.38,0.4,8800
SAMART,20260424,5.3,5.35,5.25,5.3,200200
SAMCO,20260424,0.67,0.67,0.66,0.67,14100
SAMTEL,20260424,4,4,3.94,3.98,5600
SANKO,20260424,0.84,0.84,0.83,0.84,46300
SAPPE,20260424,30.5,31.25,30.25,31,168000
SAT,20260424,14.7,14.8,14.6,14.7,317000
SAUCE,20260424,41,41.5,41,41.5,2000
SAV,20260424,10.7,10.7,10.6,10.7,152600
SAWAD,20260424,23,23.4,22.9,23.3,10547000
SAWANG,20260424,6.1,6.1,6.1,6.1,500
SC,20260424,1.97,1.98,1.96,1.98,3114400
SCAP,20260424,1.07,1.09,1.07,1.08,2267300
SCB,20260424,131,131.5,129.5,129.5,19260200
SCC,20260424,217,220,217,219,3265700
SCCC,20260424,138.5,139,138.5,139,50000
SCG,20260424,2.24,2.26,2.24,2.26,11200
SCGD,20260424,4.92,4.96,4.92,4.92,279000
SCGP,20260424,20,21.1,19.8,20.9,20207900
SCI,20260424,0.97,0.97,0.93,0.97,35400
SCL,20260424,1.21,1.23,1.21,1.23,88700
SCM,20260424,0.12,0.13,0.12,0.12,460100
SCN,20260424,0.35,0.37,0.34,0.36,415300
SCP,20260424,8.05,8.05,7.95,7.95,33900
SDC,20260424,0.03,0.04,0.02,0.03,3289200
SE,20260424,0.48,0.51,0.48,0.49,4791800
SEAFCO,20260424,2.44,2.48,2.42,2.48,476800
SEAOIL,20260424,3.28,3.28,3.24,3.28,521500
SECURE,20260424,11.7,11.8,11.6,11.6,3000
SEI,20260424,1.99,2,1.98,1.98,67000
SELIC,20260424,2.6,2.7,2.5,2.7,19800
SENA,20260424,1.9,1.9,1.88,1.9,526000
SENX,20260424,0.24,0.25,0.24,0.24,794000
SFLEX,20260424,2.86,2.88,2.82,2.84,420800
SFT,20260424,1.64,1.64,1.62,1.62,8500
SGC,20260424,0.83,0.87,0.83,0.86,7754700
SGF,20260424,0.14,0.14,0.13,0.14,4400
SGP,20260424,8.6,8.6,8.35,8.5,178800
SHANG,20260424,45.5,47.5,45.5,47.5,800
SHR,20260424,1.57,1.61,1.56,1.58,2046200
SIAM,20260424,0.68,0.7,0.68,0.7,4600
SICT,20260424,2.4,2.42,2.38,2.42,85300
SIMAT,20260424,1.42,1.46,1.39,1.41,3618100
SINGER,20260424,4.92,5.35,4.92,5.3,6750400
SINO,20260424,0.9,0.9,0.88,0.88,20300
SIRI,20260424,1.4,1.41,1.39,1.41,15349600
SIS,20260424,22.1,22.1,21.7,22,120200
SISB,20260424,10.3,10.3,10.2,10.2,1411900
SITHAI,20260424,1,1.01,1,1.01,156800
SJWD,20260424,7.7,7.8,7.65,7.7,1620700
SK,20260424,0.55,0.56,0.54,0.55,25200
SKE,20260424,0.17,0.17,0.16,0.17,235600
SKIN,20260424,1.1,1.14,1.1,1.12,36900
SKN,20260424,5.75,5.8,5.75,5.8,10500
SKR,20260424,7.2,7.45,7.2,7.45,277900
SKY,20260424,12,12,11.4,11.9,993300
SLP,20260424,0.39,0.39,0.39,0.39,200
SMART,20260424,0.57,0.57,0.56,0.57,524300
SMD100,20260424,1.62,1.62,1.57,1.58,101600
SMIT,20260424,3.38,3.4,3.34,3.4,108000
SMO,20260424,5.05,5.05,4.96,4.96,1429000
SMPC,20260424,8.9,8.9,8.85,8.9,11800
SMT,20260424,1.56,1.59,1.51,1.55,9671700
SNC,20260424,5.55,5.6,5.5,5.5,61300
SNNP,20260424,7.2,7.25,7.15,7.2,279500
SNP,20260424,9,9,8.85,8.9,19900
SNPS,20260424,4.9,4.9,4.88,4.88,3300
SO,20260424,4.6,4.6,4.56,4.6,161200
SOLAR,20260424,0.32,0.32,0.29,0.29,12082500
SONIC,20260424,1.51,1.53,1.5,1.53,741400
SORKON,20260424,3.92,3.92,3.9,3.9,37400
SPA,20260424,3,3.02,2.98,3,411800
SPACK,20260424,1.16,1.16,1.13,1.15,3200
SPALI,20260424,16.6,16.8,16.5,16.7,1854500
SPC,20260424,56.75,56.75,56.5,56.5,1900
SPCG,20260424,8.75,8.8,8.75,8.8,200000
SPI,20260424,46,47,46,46.5,1200
SPRC,20260424,6.65,7.2,6.6,7.2,48918500
SPREME,20260424,1.67,1.68,1.66,1.67,608800
SPRIME,20260424,3.54,3.56,3.52,3.54,290100
SPTX,20260424,0.01,0.01,0.01,0.01,21630900
SPVI,20260424,2.66,2.74,2.66,2.72,166700
SQ,20260424,0.27,0.3,0.27,0.28,537200
SR,20260424,0.3,0.3,0.3,0.3,100
SRICHA,20260424,15,16,15,15.9,1326600
SRIPANWA,20260424,5.05,5.1,5.05,5.05,241100
SRS,20260424,1.77,1.78,1.75,1.77,14500
SSF,20260424,5.4,5.4,5.35,5.35,13600
SSP,20260424,4.14,4.16,4.1,4.12,709000
SSSC,20260424,2.28,2.3,2.28,2.28,34200
SST,20260424,1.18,1.22,1.18,1.18,4900
SSTRT,20260424,4.26,4.3,4.26,4.28,10100
STA,20260424,16.8,17,16.3,16.6,4908600
STANLY,20260424,197.5,199,197.5,199,16800
STARM,20260424,0.85,0.85,0.84,0.84,12000
STC,20260424,0.67,0.69,0.65,0.69,263400
STECH,20260424,1,1.01,1,1.01,145000
STECON,20260424,11.5,11.6,11.2,11.5,26471300
STELLA,20260424,0.21,0.21,0.2,0.21,508000
STGT,20260424,10.2,10.3,10.1,10.1,1953100
STI,20260424,1.7,1.71,1.65,1.71,3100
STOWER,20260424,0.02,0.03,0.02,0.02,92700
STP,20260424,10.3,10.4,10.1,10.3,30900
STPI,20260424,4.08,4.1,4.06,4.08,2205900
STX,20260424,0.91,0.91,0.9,0.9,333300
SUC,20260424,27,27.25,27,27.25,31900
SUN,20260424,2.68,2.68,2.64,2.64,142400
SUPER,20260424,0.11,0.11,0.1,0.1,7246600
SUPEREIF,20260424,5.65,5.7,5.65,5.7,283000
SUSCO,20260424,2.04,2.06,2.02,2.06,1003800
SUTHA,20260424,2.24,2.24,2.22,2.22,300
SVI,20260424,7.45,7.5,7.45,7.45,1804200
SVOA,20260424,1.47,1.48,1.46,1.46,282000
SVR,20260424,0.29,0.29,0.29,0.29,602600
SVT,20260424,1.22,1.22,1.2,1.21,215500
SWC,20260424,4.26,4.28,4.2,4.26,600
SYMC,20260424,3.9,4.02,3.8,4.02,79600
SYNEX,20260424,9.3,9.5,9.3,9.45,921200
SYNTEC,20260424,1.6,1.6,1.59,1.6,36600
TACC,20260424,5.35,5.4,5.3,5.35,912000
TAE,20260424,1.04,1.04,0.99,1,2953200
TAKUNI,20260424,0.35,0.37,0.34,0.35,3801200
TAN,20260424,3.98,4.1,3.94,4.02,146500
TASCO,20260424,13.5,13.6,13.5,13.5,518600
TATG,20260424,1.01,1.01,1,1,6100
TBN,20260424,3.92,3.92,3.92,3.92,700
TC,20260424,5.45,5.45,5.4,5.4,11200
TCAP,20260424,55,55,54.25,54.75,2194200
TCC,20260424,0.34,0.35,0.33,0.34,379800
TCJ,20260424,2.26,2.32,2.26,2.32,300
TCMC,20260424,0.32,0.34,0.32,0.33,770800
TEAM,20260424,3.44,3.68,3.38,3.56,6252000
TEAMG,20260424,2.86,2.9,2.84,2.86,1304900
TEGH,20260424,3.14,3.22,3.14,3.22,394300
TEKA,20260424,1.68,1.7,1.66,1.7,119200
TERA,20260424,1.06,1.07,1.05,1.07,119500
TFFIF,20260424,6.55,6.55,6.45,6.5,1901700
TFG,20260424,8.85,9,8.85,8.85,6610100
TFI,20260424,0.04,0.05,0.04,0.05,194400
TFM,20260424,6.65,6.65,6.55,6.65,231100
TFMAMA,20260424,189.5,189.5,189.5,189.5,700
TGE,20260424,1.17,1.17,1.15,1.15,28700
TGPRO,20260424,0.03,0.04,0.03,0.04,461000
TH,20260424,0.47,0.47,0.45,0.45,2406400
THAI,20260424,6,6.1,5.95,6.05,19143800
THANA,20260424,1.52,1.52,1.51,1.52,37600
THANI,20260424,1.64,1.64,1.62,1.64,810100
THCOM,20260424,11.5,11.6,11.4,11.4,3039800
THE,20260424,0.76,0.76,0.76,0.76,5300
THG,20260424,8.8,8.8,8.65,8.7,411100
THIP,20260424,22.6,22.6,22.5,22.5,500
THMUI,20260424,0.32,0.32,0.31,0.31,1700
THRE,20260424,0.39,0.39,0.38,0.38,229600
THREL,20260424,1.02,1.02,1.01,1.02,166100
TIDLOR,20260424,17,17.9,16.7,17.4,62018800
TIF1,20260424,7.4,7.4,7.4,7.4,1600
TIGER,20260424,0.29,0.29,0.26,0.26,2100
TIPCO,20260424,6.4,6.4,6.35,6.35,53300
TIPH,20260424,20.6,20.7,20.5,20.5,112300
TISCO,20260424,114,114.5,113.5,113.5,4989700
TITLE,20260424,8.2,8.4,8.1,8.3,808400
TK,20260424,4.08,4.08,4.08,4.08,200
TKC,20260424,8.15,8.2,8.05,8.15,51800
TKN,20260424,3.84,3.88,3.84,3.86,347000
TKS,20260424,6.5,6.6,6.45,6.6,186300
TKT,20260424,0.74,0.75,0.74,0.75,72000
TL,20260424,0.37,0.37,0.36,0.36,1539300
TLI,20260424,10.5,10.6,10.4,10.5,13104000
TM,20260424,0.78,0.8,0.77,0.79,32600
TMAN,20260424,12.9,13.1,12.9,13.1,37900
TMC,20260424,0.71,0.72,0.71,0.71,14600
TMD,20260424,25,25.25,24.9,25.25,6100
TMI,20260424,0.5,0.51,0.49,0.51,413500
TMT,20260424,3.18,3.24,3.18,3.24,4500
TMW,20260424,56,56.25,55.25,56.25,11400
TNDT,20260424,0.15,0.16,0.15,0.16,442400
TNH,20260424,31,31,29.5,29.5,6700
TNITY,20260424,2.8,2.82,2.78,2.8,23300
TNP,20260424,2.88,2.88,2.82,2.88,160500
TNPC,20260424,0.85,0.85,0.82,0.85,53600
TNR,20260424,4.88,4.88,4.84,4.86,49600
TOA,20260424,12.8,12.8,12.6,12.7,707400
TOG,20260424,6.55,6.6,6.55,6.6,54900
TOP,20260424,44.5,46.25,43.75,45.75,17940000
TPA,20260424,2.42,2.42,2.42,2.42,4000
TPAC,20260424,9,9,8.9,8.95,3800
TPBI,20260424,3.22,3.24,3.2,3.22,96200
TPCH,20260424,1.69,1.71,1.69,1.7,60700
TPCS,20260424,9.75,9.8,9.75,9.8,1200
TPIPL,20260424,0.81,0.83,0.8,0.82,78429500
TPIPP,20260424,1.92,1.93,1.91,1.92,1524700
TPL,20260424,0.46,0.49,0.46,0.47,261400
TPLAS,20260424,0.96,1.02,0.96,0.96,117200
TPOLY,20260424,0.16,0.16,0.15,0.16,668700
TPP,20260424,10.6,10.6,10.6,10.6,3000
TPRIME,20260424,7.35,7.35,7.35,7.35,1400
TPS,20260424,3.26,3.28,3.24,3.24,152700
TQM,20260424,13.9,14.1,13.8,13.8,377400
TQR,20260424,4.96,4.96,4.94,4.96,2200
TRC,20260424,0.36,0.36,0.34,0.35,957300
TRITN,20260424,0.03,0.03,0.02,0.03,935800
TRP,20260424,4.38,4.46,4.38,4.44,48800
TRT,20260424,4.42,4.42,4.34,4.42,369300
TRU,20260424,3.94,3.96,3.94,3.94,9400
TRUBB,20260424,1,1.01,0.99,1,2221000
TRUE,20260424,13.7,13.7,13.4,13.5,215541600
TSC,20260424,14.6,14.9,14.6,14.9,91200
TSE,20260424,0.71,0.75,0.7,0.73,28735400
TSI,20260424,0.05,0.06,0.05,0.05,167100
TSR,20260424,0.07,0.08,0.07,0.07,5114000
TSTH,20260424,0.83,0.85,0.82,0.85,6415000
TTA,20260424,4.96,4.96,4.86,4.9,2284600
TTB,20260424,2.24,2.24,2.22,2.24,207671100
TTCL,20260424,0.06,0.07,0.06,0.07,5850300
TTLPF,20260424,9.75,9.75,9.7,9.75,148400
TTW,20260424,9.2,9.2,9.15,9.2,745300
TU,20260424,11.3,11.3,11,11.2,4976000
TURBO,20260424,1.41,1.41,1.38,1.4,7923500
TVDH,20260424,0.06,0.06,0.05,0.06,318000
TVH,20260424,9.05,9.05,8.95,8.95,5100
TVO,20260424,24.8,24.9,24.7,24.8,169900
TVT,20260424,0.22,0.22,0.21,0.22,22700
TWP,20260424,1.13,1.13,1.1,1.1,2400
TWPC,20260424,2.9,2.9,2.88,2.88,326600
TWZ,20260424,0.02,0.02,0.01,0.01,1436600
UAC,20260424,2.94,2.94,2.9,2.92,298400
UBA,20260424,1.09,1.1,1.09,1.1,481900
UBE,20260424,0.72,0.72,0.66,0.66,42070700
UBIS,20260424,1,1.02,1,1,18000
UEC,20260424,0.8,0.8,0.78,0.78,49800
UKEM,20260424,0.9,0.99,0.89,0.98,25987600
UMI,20260424,0.69,0.7,0.68,0.7,312500
UNIQ,20260424,2.48,2.48,2.44,2.46,151200
UNIX,20260424,1.81,1.92,1.81,1.89,44058500
UP,20260424,22.3,22.3,22.1,22.2,11400
UPOIC,20260424,6.95,6.95,6.85,6.85,3700
UREKA,20260424,0.3,0.31,0.29,0.3,2086600
UTP,20260424,7.35,7.35,7.25,7.25,114000
UV,20260424,0.84,0.85,0.84,0.85,27400
UVAN,20260424,14.3,14.4,14.3,14.4,336300
VARO,20260424,4.02,4.02,4,4.02,10900
VCOM,20260424,3.42,3.48,3.42,3.46,83800
VGI,20260424,0.87,0.88,0.84,0.86,71960300
VIBHA,20260424,1.39,1.41,1.39,1.4,150700
VIH,20260424,8.85,8.85,8.6,8.85,125900
VL,20260424,0.78,0.8,0.78,0.8,193600
VNG,20260424,2,2.06,1.97,2.06,203500
VPO,20260424,0.59,0.6,0.57,0.58,3187600
VRANDA,20260424,4.18,4.22,4.14,4.14,82800
VS,20260424,0.3,0.3,0.3,0.3,100
WACOAL,20260424,16.9,17.1,16.9,17.1,300
WARRIX,20260424,1.62,1.64,1.62,1.63,157500
WASH,20260424,4.46,4.52,4.4,4.52,1183400
WAVE,20260424,0.03,0.03,0.02,0.02,3182500
WFX,20260424,1.04,1.04,0.99,1.04,78300
WGE,20260424,0.71,0.71,0.66,0.7,280500
WHA,20260424,4.36,4.42,4.34,4.38,89514200
WHABT,20260424,5.7,5.7,5.7,5.7,25500
WHAIR,20260424,7.3,7.3,7.2,7.25,699800
WHART,20260424,10.6,10.6,10.5,10.5,1158400
WHAUP,20260424,4.74,4.74,4.7,4.7,2802000
WICE,20260424,2.36,2.36,2.3,2.34,236000
WIIK,20260424,0.86,0.88,0.86,0.87,138400
WIN,20260424,0.28,0.28,0.26,0.27,95000
WINDOW,20260424,0.77,0.81,0.77,0.8,8000
WINMED,20260424,0.92,0.92,0.9,0.92,71700
WINNER,20260424,2.12,2.14,2.1,2.12,392500
WORK,20260424,3.58,3.6,3.58,3.58,145700
WP,20260424,3.8,3.8,3.76,3.8,498700
WPH,20260424,5.55,5.6,5.55,5.6,134600
WSOL,20260424,0.05,0.09,0.05,0.06,147505000
XBIO,20260424,0.07,0.07,0.06,0.07,10592500
XO,20260424,13.1,13.2,13,13.1,393400
XPG,20260424,0.45,0.46,0.45,0.46,3095900
XYZ,20260424,0.39,0.39,0.37,0.39,152900
YGG,20260424,0.25,0.27,0.24,0.25,5694300
YONG,20260424,0.73,0.75,0.73,0.75,28600
YUASA,20260424,13.9,13.9,13.8,13.8,7100
ZAA,20260424,1.88,1.88,1.72,1.85,26600
ZEN,20260424,5.35,5.4,5.35,5.4,2800
ZIGA,20260424,0.89,0.89,0.87,0.88,1067300
2S-O,20260424,2.68,2.68,2.68,2.68,90
3BBIF-O,20260424,6.75,6.75,6.7,6.75,232
88TH-O,20260424,4.7,4.7,4.66,4.7,85
AAI-O,20260424,3.36,4.34,3.36,3.38,139
AAV-O,20260424,1.1,1.12,1.09,1.11,166
ACE-O,20260424,1.28,1.28,1.27,1.27,35
ADB-O,20260424,0.6,0.6,0.6,0.6,10
ADVANC-O,20260424,348,350,346,350,4010
ADVICE-O,20260424,5.55,5.55,5.5,5.5,33
AE-O,20260424,0.08,0.08,0.08,0.08,2
AEONTS-O,20260424,93.25,93.75,93,93.5,491
AFC-O,20260424,2.1,2.1,2.1,2.1,19
AGE-O,20260424,1.16,1.16,1.16,1.16,84
AH-O,20260424,13.1,13.2,13,13,109
AI-O,20260424,2.9,2.9,2.9,2.9,51
AIE-O,20260424,1.13,1.13,1.11,1.11,25
AIMIRT-O,20260424,11.2,11.2,11.2,11.2,5
AIT-O,20260424,4.72,4.72,4.7,4.7,27
AJ-O,20260424,2.4,2.48,2.4,2.48,63
AJA-O,20260424,0.15,0.16,0.15,0.16,9
AKP-O,20260424,0.69,0.69,0.69,0.69,92
AKR-O,20260424,0.93,0.95,0.93,0.95,41
ALLA-O,20260424,1.25,1.27,1.25,1.25,18
ALLY-O,20260424,4.52,4.52,4.52,4.52,43
ALPHAX-O,20260424,0.35,0.35,0.35,0.35,7
ALUCON-O,20260424,235,235,235,235,5
AMA-O,20260424,3.92,3.92,3.92,3.92,10
AMANAH-O,20260424,0.45,0.64,0.45,0.62,20
AMARC-O,20260424,3.82,3.82,3.72,3.72,210
AMARIN-O,20260424,2.1,2.1,2.1,2.1,20
AMATA-O,20260424,20.4,20.7,20.2,20.4,1046
ANAN-O,20260424,0.36,0.36,0.36,0.36,33
ANI-O,20260424,1.73,2.6,1.73,2.6,128
AOT-O,20260424,55.25,55.25,53.75,54.25,2784
AP-O,20260424,8.55,8.6,8.5,8.5,722
APCO-O,20260424,2.7,2.7,2.7,2.7,8
APO-O,20260424,2.2,2.2,2.14,2.14,339
APURE-O,20260424,2.14,2.14,2.14,2.14,52
AQUA-O,20260424,0.12,0.12,0.11,0.11,201
ASEFA-O,20260424,4.12,4.12,4.12,4.12,47
ASIA-O,20260424,5.6,5.6,5.6,5.6,5
ASIAN-O,20260424,6.95,7.05,6.95,7.05,15
ASK-O,20260424,8.4,8.4,8.35,8.35,29
ASP-O,20260424,2.1,2.1,2.1,2.1,11
ASW-O,20260424,7.3,7.85,7.3,7.3,79
ATLAS-O,20260424,1.9,1.91,1.89,1.91,29
AU-O,20260424,4.72,4.74,4.72,4.74,35
AUCT-O,20260424,4.94,4.96,4.94,4.96,30
AURA-O,20260424,13.8,14.1,13.7,14.1,270
AWC-O,20260424,2.1,2.12,2.06,2.12,697
AXTRART-O,20260424,13.9,13.9,12.7,13,9
AYUD-O,20260424,37.75,38,37.75,37.75,33
B-O,20260424,0.03,0.04,0.03,0.04,171
B52-O,20260424,0.18,0.18,0.18,0.18,2
BA-O,20260424,13.6,13.6,13.3,13.5,589
BAFS-O,20260424,8.45,8.5,8.4,8.4,44
BAM-O,20260424,7.05,7.15,7.05,7.1,495
BANPU-O,20260424,5.55,5.55,5.4,5.55,1250
BAREIT-O,20260424,10.6,10.6,10.5,10.5,80
BAY-O,20260424,27.5,28,27.25,27.75,338
BBGI-O,20260424,4.04,4.04,3.96,4,279
BBIK-O,20260424,18.4,18.5,18.4,18.4,89
BBL-O,20260424,113,161,113,159.5,4245
BCH-O,20260424,9.8,9.85,9.75,9.8,523
BCP-O,20260424,34.5,35.25,34,35,1027
BCPG-O,20260424,7,7.1,6.9,7,689
BCT-O,20260424,47,47,47,47,1
BDMS-O,20260424,18.5,18.6,18.4,18.6,14214
BE8-O,20260424,5.45,5.45,5.4,5.4,5
BEAUTY-O,20260424,0.25,0.35,0.25,0.34,128
BEC-O,20260424,1.36,1.9,1.36,1.88,151
BEM-O,20260424,5.25,5.5,5.25,5.35,169
BGC-O,20260424,5.65,5.65,5.65,5.65,1
BGRIM-O,20260424,12.1,12.4,12.1,12.3,791
BGT-O,20260424,0.38,0.38,0.38,0.38,1
BH-O,20260424,170.5,170.5,167.5,169,1761
BIOTEC-O,20260424,0.19,0.19,0.19,0.19,29
BIZ-O,20260424,4.66,4.66,4.66,4.66,10
BJC-O,20260424,14.7,14.8,14.5,14.7,649
BJCHI-O,20260424,0.53,0.53,0.53,0.53,37
BKA-O,20260424,0.74,0.74,0.74,0.74,1
BKD-O,20260424,0.75,0.75,0.75,0.75,14
BKIH-O,20260424,321,321,319,319,2
BLA-O,20260424,20.3,20.3,20,20,120
BLAND-O,20260424,0.44,0.44,0.42,0.43,99
BLC-O,20260424,3.92,3.92,3.92,3.92,69
BLESS-O,20260424,0.25,0.25,0.25,0.25,4
BOL-O,20260424,5.05,5.05,5.05,5.05,1
BPP-O,20260424,11.3,11.3,11.3,11.3,30
BR-O,20260424,1.64,1.64,1.64,1.64,1
BRI-O,20260424,1.28,1.28,1.28,1.28,49
BRRGIF-O,20260424,2.66,2.66,2.66,2.66,1
BTC-O,20260424,0.13,0.19,0.13,0.19,81
BTG-O,20260424,22.9,23.3,22.9,23.2,198
BTS-O,20260424,2.1,2.14,2.1,2.12,783
BTSGIF-O,20260424,2.1,2.62,2.1,2.62,58
BWG-O,20260424,0.28,0.28,0.28,0.28,26
CBG-O,20260424,36.5,36.5,36,36.5,506
CCET-O,20260424,5.95,5.95,5.75,5.85,648
CCP-O,20260424,0.26,0.26,0.26,0.26,4
CEN-O,20260424,0.49,0.49,0.49,0.49,29
CENTEL-O,20260424,31.25,31.25,30.5,30.75,696
CEYE-O,20260424,1.2,1.2,0.87,0.87,39
CFRESH-O,20260424,0.85,0.85,0.85,0.85,7
CGD-O,20260424,0.12,0.12,0.12,0.12,30
CGH-O,20260424,0.46,0.46,0.46,0.46,1
CH-O,20260424,1.58,1.58,1.57,1.57,20
CHAO-O,20260424,4.38,4.38,4.38,4.38,1
CHASE-O,20260424,0.46,0.46,0.46,0.46,3
CHAYO-O,20260424,1.01,1.01,1,1.01,307
CHEWA-O,20260424,0.18,0.18,0.18,0.18,32
CHG-O,20260424,1.42,1.42,1.4,1.41,702
CK-O,20260424,16,16.7,16,16.5,203
CKP-O,20260424,2.28,2.3,2.28,2.28,113
CMO-O,20260424,0.83,0.83,0.81,0.83,3
CMR-O,20260424,1.3,1.3,1.3,1.3,198
COCOCO-O,20260424,5.65,5.75,5.6,5.6,206
COM7-O,20260424,21.9,22,21.7,22,1025
COMAN-O,20260424,0.61,0.61,0.61,0.61,30
CPALL-O,20260424,45.25,45.5,44.75,45,10709
CPANEL-O,20260424,1.51,1.51,1.51,1.51,1
CPAXT-O,20260424,14.8,14.9,14.7,14.8,2771
CPF-O,20260424,19.4,19.4,19.1,19.3,3717
CPI-O,20260424,3.4,3.4,3.38,3.38,100
CPL-O,20260424,0.7,0.7,0.7,0.7,1
CPN-O,20260424,62.25,62.75,61.75,62.25,759
CPNREIT-O,20260424,12.2,12.2,12,12.1,501
CPTREIT-O,20260424,5.8,5.8,5.8,5.8,16
CRANE-O,20260424,0.32,0.32,0.32,0.32,11
CRC-O,20260424,18.6,20.1,18.4,18.6,961
CREDIT-O,20260424,17.8,17.8,17.6,17.8,272
CSC-O,20260424,42.5,42.5,42.5,42.5,4
CWT-O,20260424,0.54,0.54,0.54,0.54,29
D-O,20260424,2.84,2.84,2.84,2.84,1
DCC-O,20260424,1.25,1.25,1.2,1.25,244
DDD-O,20260424,5.15,5.2,5.15,5.15,142
DELTA-O,20260424,289,290,276,289,25423
DEMCO-O,20260424,2.14,2.16,2.14,2.16,8
DIF-O,20260424,9.75,9.8,9.75,9.8,1274
DITTO-O,20260424,10.4,10.6,10.4,10.6,105
DMT-O,20260424,11,11.2,7.75,11.1,204
DOHOME-O,20260424,3.48,3.5,3.46,3.46,325
DRT-O,20260424,4.68,4.7,4.64,4.64,109
DTCENT-O,20260424,0.86,0.86,0.86,0.86,92
DUSIT-O,20260424,10.1,10.2,7,10.2,60
DV8-O,20260424,5.25,5.3,5.25,5.25,56
EA-O,20260424,2.68,2.68,2.64,2.66,748
EAST-O,20260424,0.61,0.61,0.45,0.45,67
EASTW-O,20260424,2.8,2.8,2.76,2.78,102
EGATIF-O,20260424,6.2,6.2,6.2,6.2,10
EGCO-O,20260424,111,111,110,110.5,345
EKH-O,20260424,5.05,5.1,5,5.1,138
EP-O,20260424,1.04,1.04,1.02,1.02,3
EPG-O,20260424,3.08,3.08,3.08,3.08,1
ERW-O,20260424,2.4,2.5,2.4,2.46,168
ESTAR-O,20260424,0.17,0.17,0.17,0.17,8
FLOYD-O,20260424,0.8,1.12,0.8,1.12,53
FM-O,20260424,4.14,4.18,4.14,4.18,2
FN-O,20260424,0.36,0.36,0.36,0.36,29
FORTH-O,20260424,6.8,6.8,6.75,6.8,42
FSMART-O,20260424,6.25,6.25,6.25,6.25,29
FTE-O,20260424,1.64,1.64,1.52,1.52,40
FTREIT-O,20260424,11.7,11.7,11.4,11.5,350
FUTURERT-O,20260424,8.8,8.8,8.75,8.75,79
GABLE-O,20260424,3.94,3.94,3.94,3.94,10
GAHREIT-O,20260424,5.4,5.4,5.4,5.4,1
GBX-O,20260424,0.51,0.51,0.51,0.51,3
GC-O,20260424,4.32,4.32,4.3,4.3,25
GCAP-O,20260424,0.17,0.17,0.17,0.17,17
GEL-O,20260424,0.03,0.04,0.03,0.03,5
GENCO-O,20260424,0.33,0.36,0.33,0.36,36
GFPT-O,20260424,9.15,9.15,9,9,323
GGC-O,20260424,4,4,4,4,25
GLOBAL-O,20260424,6.7,6.75,6.5,6.6,266
GLORY-O,20260424,1.37,1.44,1.37,1.4,65
GPSC-O,20260424,35.25,36,35.25,35.5,713
GRAMMY-O,20260424,3.42,3.42,3.4,3.42,54
GRAND-O,20260424,0.03,0.03,0.03,0.03,53
GULF-O,20260424,56.5,56.75,56,56.5,5853
GUNKUL-O,20260424,2.36,2.42,2.36,2.4,376
GVREIT-O,20260424,6.65,6.65,6.65,6.65,60
HANA-O,20260424,29.5,31.25,29.5,30.25,3802
HANN-O,20260424,0.93,0.94,0.91,0.94,53
HEALTH-O,20260424,0.39,0.39,0.38,0.38,137
HENG-O,20260424,0.86,1.11,0.86,1.11,23
HL-O,20260424,6.3,6.3,6.3,6.3,1
HMPRO-O,20260424,6.25,6.25,6.1,6.15,1720
HTC-O,20260424,15.4,15.6,15.4,15.4,492
HUMAN-O,20260424,4.58,4.58,4.4,4.4,321
I2-O,20260424,0.65,0.65,0.65,0.65,1
ICHI-O,20260424,12.5,12.5,12.3,12.5,3328
ICN-O,20260424,1.83,1.83,1.83,1.83,15
IDG-O,20260424,1.38,1.38,1,1,44
IHL-O,20260424,1.01,1.44,1.01,1.43,7
IIG-O,20260424,0.94,0.94,0.94,0.94,19
III-O,20260424,3.02,4,3.02,4,90
ILINK-O,20260424,4.62,4.64,4.62,4.64,32
ILM-O,20260424,13.3,13.4,13.3,13.4,61
IMH-O,20260424,3.02,3.02,3.02,3.02,2
IMPACT-O,20260424,11.1,11.3,11.1,11.2,79
IND-O,20260424,1.15,1.15,1.15,1.15,3
INET-O,20260424,3.62,3.7,3.6,3.7,20
INETREIT-O,20260424,12.2,12.2,12.1,12.2,1224
INSET-O,20260424,2.92,2.94,2.92,2.94,117
IP-O,20260424,4.1,4.1,4.02,4.02,17
IRC-O,20260424,11.4,11.4,11.4,11.4,3
IRCP-O,20260424,0.27,0.27,0.27,0.27,29
IRPC-O,20260424,1.6,1.67,1.6,1.67,1390
ITC-O,20260424,14.7,15.2,14.7,15.1,381
ITD-O,20260424,0.26,0.26,0.25,0.25,26
ITEL-O,20260424,1.17,1.17,1.16,1.16,80
IVF-O,20260424,0.66,0.66,0.64,0.64,29
IVL-O,20260424,23.8,24.1,23.6,24,982
J-O,20260424,0.43,0.43,0.43,0.43,81
JAS-O,20260424,1.13,1.13,1.08,1.1,342
JMART-O,20260424,6.6,7.05,6.6,7.05,142
JMT-O,20260424,9,9.5,8.9,9.5,574
JPARK-O,20260424,2.98,2.98,2.98,2.98,7
JR-O,20260424,1.76,1.76,1.76,1.76,2
JTS-O,20260424,48.25,48.25,46.25,46.25,469
JUBILE-O,20260424,7.1,7.1,7.05,7.1,23
KAMART-O,20260424,7.75,7.75,7.65,7.65,235
KASET-O,20260424,0.85,0.85,0.82,0.82,19
KBANK-O,20260424,192,192,189,189.5,7573
KBSPIF-O,20260424,8.45,8.5,8.45,8.5,24
KCE-O,20260424,29.5,29.75,29,29.5,863
KCG-O,20260424,9.9,9.9,9.6,9.6,40
KDH-O,20260424,81.5,81.5,81.5,81.5,2
KGI-O,20260424,3.98,3.98,3.96,3.98,255
KISS-O,20260424,2.76,2.82,2.76,2.78,24
KK-O,20260424,0.97,0.97,0.97,0.97,50
KKP-O,20260424,82.25,82.5,82,82,2720
KLINIQ-O,20260424,25.25,26.5,25.25,26.5,130
KPNREIT-O,20260424,1.97,1.97,1.97,1.97,3
KSL-O,20260424,1.02,1.43,1.02,1.42,162
KTB-O,20260424,32.75,32.75,32.25,32.5,8538
KTC-O,20260424,29.5,29.75,29,29.5,1260
KTMS-O,20260424,1.39,1.39,1.39,1.39,25
KUN-O,20260424,0.68,0.68,0.63,0.63,24
KYE-O,20260424,377,377,289,289,19
LALIN-O,20260424,4.44,4.44,4.44,4.44,45
LANNA-O,20260424,14.7,14.7,14.6,14.7,92
LDC-O,20260424,0.26,0.26,0.2,0.2,34
LEE-O,20260424,2.46,2.46,2.46,2.46,8
LEO-O,20260424,1.75,1.75,1.75,1.75,7
LH-O,20260424,3.8,3.84,3.78,3.82,795
LHFG-O,20260424,1.17,1.19,1.17,1.17,248
LHHOTEL-O,20260424,12.7,12.9,12.5,12.7,71
LHK-O,20260424,3.36,3.36,3.36,3.36,10
LHRREIT-O,20260424,4.4,4.4,3.12,3.12,31
LHSC-O,20260424,14.3,14.3,13.1,13.1,40
LIT-O,20260424,0.42,0.42,0.42,0.42,20
LPH-O,20260424,3.82,3.82,3.82,3.82,30
LPN-O,20260424,1.56,1.57,1.56,1.57,48
LST-O,20260424,4.68,4.68,4.68,4.68,3
LTMH-O,20260424,3.34,3.34,3.34,3.34,38
LTS-O,20260424,1.98,1.98,1.98,1.98,6
LUXF-O,20260424,8.95,8.95,8.9,8.9,10
M-CHAI-O,20260424,18.9,19.2,18.9,19.2,2
M-O,20260424,18.9,19.1,18.9,18.9,47
MAGURO-O,20260424,18.7,19,18.3,18.6,301
MAJOR-O,20260424,7.15,7.15,7.15,7.15,19
MALEE-O,20260424,4.1,4.1,4.06,4.08,104
MASTER-O,20260424,8.2,8.2,8.1,8.2,195
MBK-O,20260424,17.1,17.1,16.9,16.9,342
MC-O,20260424,11.3,11.3,11.2,11.2,146
MCOT-O,20260424,6.2,6.2,6.2,6.2,4
MCS-O,20260424,8.5,8.5,8.4,8.5,235
MEDEZE-O,20260424,6.2,6.2,6.15,6.15,72
MEGA-O,20260424,33.75,33.75,33,33.25,340
METCO-O,20260424,265,265,265,265,1
MGI-O,20260424,5.15,5.15,5.05,5.05,149
MGT-O,20260424,1.91,1.91,1.91,1.91,1
MICRO-O,20260424,0.83,0.83,0.83,0.83,50
MINT-O,20260424,21.6,21.8,21.3,21.7,1668
MITSIB-O,20260424,0.53,0.53,0.52,0.52,21
MJLF-O,20260424,5.05,5.05,5.05,5.05,11
MMM-O,20260424,2.5,2.5,2.5,2.5,1
MNIT2-O,20260424,4.86,4.86,4.86,4.86,1
MODERN-O,20260424,2,2,2,2,65
MONO-O,20260424,0.89,0.89,0.84,0.86,377
MOONG-O,20260424,2.26,2.26,2.26,2.26,1
MOSHI-O,20260424,35.5,35.75,35.25,35.75,196
MPJ-O,20260424,3.92,3.92,3.92,3.92,1
MRDIYT-O,20260424,8.9,9,8.7,8.75,562
MTC-O,20260424,30.25,30.25,29.75,30,472
MTI-O,20260424,15.1,15.1,15.1,15.1,22
MTW-O,20260424,0.56,0.56,0.56,0.56,29
NAM-O,20260424,3.76,3.76,3.76,3.76,1
NAT-O,20260424,1.5,1.5,1.5,1.5,19
NCAP-O,20260424,2.2,2.2,2.2,2.2,64
NEO-O,20260424,18,18,17.8,17.8,793
NER-O,20260424,4.68,4.68,4.66,4.68,514
NETBAY-O,20260424,15.1,15.5,15,15.4,248
NKI-O,20260424,14.9,14.9,14.9,14.9,4
NL-O,20260424,0.46,0.46,0.46,0.46,80
NOBLE-O,20260424,1.96,1.96,1.95,1.95,148
NRF-O,20260424,0.27,0.27,0.27,0.27,5
NSL-O,20260424,21.8,21.9,21.6,21.8,234
NTF-O,20260424,13.1,13.7,13.1,13.2,201
NTSC-O,20260424,6,6,6,6,35
NUT-O,20260424,4.4,4.4,4.4,4.4,1
NV-O,20260424,0.5,0.5,0.5,0.5,1
NYT-O,20260424,4.24,4.26,4.22,4.24,175
OKJ-O,20260424,3.42,3.42,3.4,3.42,76
ONEE-O,20260424,2.64,2.68,2.6,2.6,375
OR-O,20260424,12.1,12.1,11.9,11.9,2297
ORI-O,20260424,1.77,1.77,1.77,1.77,21
ORN-O,20260424,0.77,0.77,0.77,0.77,1
OSP-O,20260424,10.7,15.3,10.7,15.2,675
PACO-O,20260424,1.35,1.36,1.35,1.36,158
PAF-O,20260424,0.81,1,0.81,1,78
PATO-O,20260424,6.45,6.5,6.45,6.5,20
PB-O,20260424,49.25,49.25,49.25,49.25,3
PCSGH-O,20260424,3.18,3.18,3.1,3.1,87
PDJ-O,20260424,0.94,0.94,0.94,0.94,4
PEACE-O,20260424,1.65,1.67,1.17,1.67,71
PEER-O,20260424,0.09,0.09,0.09,0.09,7
PG-O,20260424,4.72,4.72,4.72,4.72,19
PHOL-O,20260424,2.82,2.84,2.82,2.84,50
PJW-O,20260424,1.93,1.93,1.93,1.93,50
PK-O,20260424,0.72,0.72,0.72,0.72,90
PL-O,20260424,0.91,0.91,0.91,0.91,24
PLANB-O,20260424,4.42,4.48,4.4,4.46,329
PLANET-O,20260424,0.45,0.51,0.45,0.47,100
PLE-O,20260424,0.15,0.15,0.15,0.15,1
PM-O,20260424,11.1,11.1,11.1,11.1,1
PMTA-O,20260424,10.2,10.2,10.2,10.2,9
PORT-O,20260424,0.5,0.5,0.5,0.5,10
PPM-O,20260424,1.38,1.38,1.38,1.38,1
PPS-O,20260424,0.16,0.16,0.16,0.16,29
PR9-O,20260424,16.6,16.8,16.5,16.6,375
PRAKIT-O,20260424,11.7,11.7,11.7,11.7,26
PRAPAT-O,20260424,0.72,0.72,0.72,0.72,2
PRIME-O,20260424,0.06,0.06,0.06,0.06,5
PRIN-O,20260424,1.34,1.34,0.97,0.97,30
PRM-O,20260424,8.85,8.9,8.75,8.8,331
PROEN-O,20260424,0.97,0.98,0.97,0.97,11
PROSPECT-O,20260424,5.25,7.3,5.25,7.2,324
PSGC-O,20260424,3.08,4.1,3.08,4.06,130
PSH-O,20260424,3.46,3.5,3.46,3.48,167
PSL-O,20260424,6.8,6.8,6.75,6.75,252
PSTC-O,20260424,0.31,0.31,0.26,0.26,2
PT-O,20260424,11.4,11.4,11.3,11.4,57
PTECH-O,20260424,1.35,1.35,1.35,1.35,1
PTG-O,20260424,8.3,8.45,8.25,8.45,228
PTL-O,20260424,9.35,9.35,9.05,9.05,657
PTT-O,20260424,35,35,34.75,35,3854
PTTEP-O,20260424,148.5,150.5,147,150.5,6043
PTTGC-O,20260424,36.25,36.25,35.75,36.25,1392
PYLON-O,20260424,2.88,2.88,2.88,2.88,2
QDC-O,20260424,0.12,0.12,0.11,0.11,54
QH-O,20260424,1.41,1.44,1.41,1.41,1185
QHBREIT-O,20260424,3.54,3.58,3.54,3.58,19
QHHRREIT-O,20260424,7.35,9.45,7.35,7.35,78
QTC-O,20260424,3.34,3.34,3.3,3.3,53
RAM-O,20260424,18.4,18.4,17,17,88
RATCH-O,20260424,29.25,29.5,29,29.5,677
RBF-O,20260424,3.76,3.78,3.76,3.76,21
RCL-O,20260424,30.25,31,29.75,29.75,617
RJH-O,20260424,12.2,12.2,12.1,12.2,56
RML-O,20260424,0.12,0.12,0.11,0.11,57
ROCK-O,20260424,11.6,11.8,11.6,11.8,3
ROCTEC-O,20260424,0.54,0.54,0.54,0.54,62
ROJNA-O,20260424,5.45,5.45,5.2,5.35,294
RPC-O,20260424,0.37,0.37,0.37,0.37,100
RPH-O,20260424,5.1,5.1,4.94,4.94,42
RS-O,20260424,0.19,0.2,0.18,0.18,110
RSP-O,20260424,0.92,0.92,0.92,0.92,96
S&J-O,20260424,33.25,33.25,33.25,33.25,1
S-O,20260424,0.5,0.5,0.49,0.5,41
SABINA-O,20260424,15.6,15.8,15.4,15.6,186
SAK-O,20260424,3.32,3.32,3.32,3.32,2
SALEE-O,20260424,0.35,0.35,0.35,0.35,76
SAMCO-O,20260424,0.47,0.66,0.47,0.66,153
SANKO-O,20260424,0.85,0.85,0.59,0.59,59
SAPPE-O,20260424,30.5,31.25,30.5,31,150
SAT-O,20260424,14.7,14.9,14.7,14.9,143
SAUCE-O,20260424,41.5,41.5,41,41.5,67
SAV-O,20260424,10.7,10.7,10.7,10.7,90
SAWAD-O,20260424,22.9,23.4,22.8,23.3,710
SC-O,20260424,1.98,2,1.97,1.98,277
SCAP-O,20260424,1.07,1.09,1.07,1.09,139
SCB-O,20260424,132,132,129.5,130,79656
SCC-O,20260424,214,220,214,219,1633
SCCC-O,20260424,138.5,139.5,138,139,147
SCGD-O,20260424,4.92,4.92,4.92,4.92,85
SCGP-O,20260424,20,21.1,19.9,20.9,941
SCP-O,20260424,8,8.1,7.9,7.95,169
SDC-O,20260424,0.03,0.03,0.03,0.03,27
SE-ED-O,20260424,1.22,1.22,1.22,1.22,9
SE-O,20260424,0.47,0.49,0.35,0.35,62
SEAFCO-O,20260424,2.54,2.54,2.34,2.34,18
SEAOIL-O,20260424,3.24,3.28,3.24,3.28,70
SECURE-O,20260424,11.7,11.7,11.6,11.6,5
SENA-O,20260424,1.89,1.9,1.89,1.9,199
SFT-O,20260424,1.64,1.64,1.64,1.64,2
SGC-O,20260424,0.85,0.87,0.85,0.87,320
SGP-O,20260424,8.5,8.5,8.3,8.4,83
SHR-O,20260424,1.58,1.58,1.55,1.55,51
SICT-O,20260424,2.38,2.38,2.38,2.38,20
SIMAT-O,20260424,1.39,1.4,1.39,1.4,2
SINGER-O,20260424,4.94,5.35,4.94,5.35,180
SIRI-O,20260424,1.41,1.42,1.39,1.41,1115
SIS-O,20260424,21.9,22.1,21.8,22.1,6
SISB-O,20260424,10.3,10.7,10.2,10.2,325
SITHAI-O,20260424,1.01,1.01,1.01,1.01,2
SJWD-O,20260424,7.75,8,7.75,7.8,65
SK-O,20260424,0.6,0.6,0.6,0.6,4
SKY-O,20260424,11.7,11.7,11.5,11.6,110
SMD100-O,20260424,1.61,1.61,1.6,1.6,20
SMIT-O,20260424,3.4,3.4,3.38,3.38,69
SMO-O,20260424,5.05,5.05,4.98,4.98,75
SMPC-O,20260424,8.9,8.9,8.85,8.9,48
SMT-O,20260424,1.53,1.58,1.51,1.54,165
SNC-O,20260424,5.6,5.6,5.55,5.6,38
SNNP-O,20260424,7.2,7.45,7.2,7.25,127
SO-O,20260424,3.22,3.22,3.22,3.22,10
SOLAR-O,20260424,0.31,0.31,0.31,0.31,1
SORKON-O,20260424,3.9,3.92,3.9,3.92,32
SPA-O,20260424,3,3.02,3,3.02,86
SPALI-O,20260424,16.7,16.9,16.5,16.7,575
SPCG-O,20260424,9,9,8.75,8.8,149
SPI-O,20260424,60.25,60.25,60.25,60.25,1
SPRC-O,20260424,6.65,7.15,6.6,7.15,1562
SPREME-O,20260424,1.68,1.68,1.68,1.68,1
SPTX-O,20260424,0.01,0.01,0.01,0.01,169
SPVI-O,20260424,2.72,2.72,2.68,2.68,65
SR-O,20260424,0.29,0.29,0.21,0.21,68
SRICHA-O,20260424,14.6,15.7,14.6,15.7,214
SSP-O,20260424,4.12,4.12,4.12,4.12,28
SST-O,20260424,0.84,0.84,0.84,0.84,19
STA-O,20260424,17,17,16.5,16.7,563
STANLY-O,20260424,198,199.5,198,198.5,44
STECH-O,20260424,1,1,1,1,1
STECON-O,20260424,11.6,11.6,11.3,11.5,2330
STGT-O,20260424,10.2,10.3,10.1,10.2,329
STOWER-O,20260424,0.03,0.03,0.03,0.03,2
STPI-O,20260424,4.08,4.08,4.06,4.08,64
SUC-O,20260424,27,27.25,27,27.25,11
SUN-O,20260424,2.68,2.68,2.64,2.64,129
SUPER-O,20260424,0.11,0.11,0.11,0.11,225
SUPEREIF-O,20260424,5.7,5.7,5.6,5.6,96
SUSCO-O,20260424,2.06,2.06,2.04,2.06,80
SVI-O,20260424,7.4,7.4,7.4,7.4,1332
SYMC-O,20260424,3.88,3.94,3.88,3.94,21
SYNEX-O,20260424,9.45,9.5,9.35,9.5,125
SYNTEC-O,20260424,1.6,1.6,1.6,1.6,2
TACC-O,20260424,5.35,5.4,5.35,5.4,488
TAKUNI-O,20260424,0.4,0.4,0.4,0.4,1
TAN-O,20260424,4,4,3.98,3.98,7
TASCO-O,20260424,13.6,13.7,13.6,13.6,350
TATG-O,20260424,1,1,1,1,37
TBN-O,20260424,3.9,3.9,3.9,3.9,4
TCAP-O,20260424,55.25,55.25,54.5,54.75,1442
TCMC-O,20260424,0.32,0.32,0.32,0.32,1
TEAM-O,20260424,3.44,3.62,3.44,3.62,86
TERA-O,20260424,1.05,1.05,1.05,1.05,29
TFFIF-O,20260424,6.55,6.55,6.55,6.55,16
TFG-O,20260424,9,9,8.9,8.9,1648
TFM-O,20260424,6.6,6.6,6.6,6.6,43
TFMAMA-O,20260424,189.5,189.5,189.5,189.5,21
TGPRO-O,20260424,0.03,0.03,0.03,0.03,22
THAI-O,20260424,6,6.1,5.95,6.05,2008
THANI-O,20260424,1.64,1.64,1.61,1.64,359
THCOM-O,20260424,11.5,11.6,11.4,11.5,268
THG-O,20260424,8.7,8.75,8.65,8.75,61
THIP-O,20260424,22.6,22.6,22.6,22.6,2
THRE-O,20260424,0.39,0.39,0.39,0.39,9
THREL-O,20260424,1.01,1.01,1.01,1.01,1
TIDLOR-O,20260424,17,17.8,16.8,17.6,2892
TIPCO-O,20260424,6.5,6.5,6.4,6.5,42
TISCO-O,20260424,114,114.5,113.5,114,6368
TITLE-O,20260424,8.2,8.2,8.2,8.2,29
TKN-O,20260424,3.86,3.86,3.84,3.84,147
TKS-O,20260424,6.55,6.55,6.1,6.55,48
TKT-O,20260424,0.74,0.74,0.53,0.53,30
TL-O,20260424,0.37,0.37,0.37,0.37,1
TLI-O,20260424,10.6,10.6,10.4,10.5,416
TMAN-O,20260424,12.9,13.2,12.9,13.2,36
TMI-O,20260424,0.53,0.53,0.5,0.5,10
TMILL-O,20260424,2.08,2.08,2.08,2.08,5
TMW-O,20260424,55.25,56,55.25,56,10
TNP-O,20260424,2.88,2.88,2.88,2.88,33
TOA-O,20260424,13,13,12.7,12.7,104
TOG-O,20260424,6.6,6.8,6.55,6.8,83
TOP-O,20260424,44.5,46,44,45.5,2099
TPA-O,20260424,2.7,2.7,2.7,2.7,1
TPCH-O,20260424,1.69,1.69,1.69,1.69,60
TPIPL-O,20260424,0.8,0.86,0.8,0.81,142
TPIPP-O,20260424,1.93,1.93,1.92,1.93,279
TPL-O,20260424,0.46,0.46,0.46,0.46,37
TPLAS-O,20260424,0.99,0.99,0.97,0.97,11
TPS-O,20260424,3.36,3.36,3.36,3.36,3
TQM-O,20260424,13.9,13.9,13.1,13.1,62
TRC-O,20260424,0.35,0.35,0.3,0.34,17
TRITN-O,20260424,0.02,0.02,0.02,0.02,2
TRT-O,20260424,4.42,4.42,4.42,4.42,5
TRU-O,20260424,3.96,3.96,3.96,3.96,1
TRUBB-O,20260424,1.02,1.02,1,1,101
TRUE-O,20260424,13.7,13.7,13.4,13.5,5311
TRV-O,20260424,1.64,1.64,1.64,1.64,51
TSC-O,20260424,15,15,14.7,14.7,41
TSE-O,20260424,0.75,0.75,0.73,0.73,189
TSR-O,20260424,0.07,0.07,0.06,0.06,201
TSTH-O,20260424,0.84,0.84,0.84,0.84,1
TTA-O,20260424,4.92,5,4.9,4.96,185
TTB-O,20260424,2.24,2.26,2.22,2.24,10307
TTCL-O,20260424,0.05,0.07,0.05,0.05,291
TTLPF-O,20260424,9.8,9.8,9.75,9.8,26
TTW-O,20260424,9.2,9.25,9.2,9.25,434
TU-O,20260424,11.3,11.3,11.1,11.3,1630
TURBO-O,20260424,1.4,1.41,1.39,1.4,206
TURTLE-O,20260424,1.96,1.96,1.96,1.96,19
TVO-O,20260424,25,25,24.7,24.9,360
TWP-O,20260424,1.08,1.08,1.08,1.08,64
TWPC-O,20260424,2.9,2.9,2.88,2.88,30
TWZ-O,20260424,0.02,0.02,0.01,0.01,10
UAC-O,20260424,2.94,2.96,2.94,2.96,129
UBA-O,20260424,1.11,1.11,1.11,1.11,50
UBE-O,20260424,0.69,0.69,0.67,0.67,285
UBIS-O,20260424,1,1,1,1,1
UKEM-O,20260424,0.9,0.93,0.9,0.93,53
UNIQ-O,20260424,2.04,2.04,2.04,2.04,46
UNIX-O,20260424,1.83,1.9,1.83,1.9,242
UP-O,20260424,22.1,22.1,22.1,22.1,2
UREKA-O,20260424,0.31,0.31,0.31,0.31,3
UTP-O,20260424,7.35,7.35,7.3,7.3,151
UV-O,20260424,0.85,0.85,0.84,0.84,2
UVAN-O,20260424,14.3,15.2,14.3,14.4,433
VARO-O,20260424,4.02,4.02,4.02,4.02,4
VCOM-O,20260424,3.44,3.44,3.44,3.44,1
VGI-O,20260424,0.87,0.88,0.86,0.86,159
VIBHA-O,20260424,1.44,1.44,1.35,1.39,93
VIH-O,20260424,8.8,8.8,8.8,8.8,49
VPO-O,20260424,0.59,0.59,0.59,0.59,4
WACOAL-O,20260424,17.3,17.3,17.3,17.3,3
WARRIX-O,20260424,1.65,1.65,1.64,1.64,28
WASH-O,20260424,4.48,4.48,4.48,4.48,40
WFX-O,20260424,1.02,1.02,1.02,1.02,1
WHA-O,20260424,4.38,4.4,4.34,4.4,1707
WHABT-O,20260424,5.75,5.75,5.7,5.7,81
WHAIR-O,20260424,7.3,7.3,7.2,7.2,45
WHART-O,20260424,10.6,10.6,10.5,10.6,254
WHAUP-O,20260424,4.72,4.8,3.4,4.7,439
WINDOW-O,20260424,0.79,0.79,0.56,0.56,32
WINNER-O,20260424,2.12,2.12,2.12,2.12,1
WORK-O,20260424,3.58,3.58,2.52,3.58,134
WP-O,20260424,3.78,3.78,3.78,3.78,47
WPH-O,20260424,5.6,5.65,5.55,5.6,145
WSOL-O,20260424,0.02,0.08,0.02,0.05,563
XBIO-O,20260424,0.06,0.06,0.06,0.06,119
XO-O,20260424,13.2,13.3,13.1,13.1,151
XPG-O,20260424,0.46,0.46,0.45,0.46,288
XYZ-O,20260424,0.27,0.27,0.27,0.27,151
YGG-O,20260424,0.27,0.27,0.26,0.27,51
YUASA-O,20260424,13.8,13.8,13.8,13.8,16
ZIGA-O,20260424,0.87,0.87,0.87,0.87,145
RABBIT-P,20260424,0.31,0.32,0.3,0.32,592400
TCAP-P-O,20260424,670,670,670,670,1
VAYU1,20260424,11.1,11.1,11,11,2507600
VAYU1-O,20260424,11.1,11.1,11.1,11.1,129
AAV01C2703T,20260424,0.17,0.17,0.17,0.17,410000
AAV01P2607A,20260424,0.31,0.31,0.29,0.29,1229200
AAV13C2607A,20260424,0.06,0.07,0.06,0.07,3394800
AAV13C2608A,20260424,0.06,0.06,0.06,0.06,40100
AAV13C2608B,20260424,0.17,0.18,0.17,0.18,2928600
AAV13C2701T,20260424,0.13,0.13,0.13,0.13,1403000
AAV13P2607A,20260424,0.35,0.35,0.34,0.34,1566400
AAV19C2608A,20260424,0.19,0.2,0.19,0.2,2157400
AAV19C2612T,20260424,0.11,0.11,0.11,0.11,42000
ADVANC01C2606A,20260424,0.37,0.38,0.35,0.37,39400
ADVANC01C2607A,20260424,0.2,0.22,0.2,0.21,4252700
ADVANC01C2608A,20260424,0.08,0.09,0.07,0.09,89100
ADVANC01C2609A,20260424,0.31,0.32,0.3,0.32,5057200
ADVANC01C2610A,20260424,0.5,0.51,0.49,0.51,4101000
ADVANC01C2701T,20260424,0.51,0.53,0.51,0.52,2059200
ADVANC01P2607A,20260424,0.28,0.29,0.27,0.27,1686700
ADVANC01P2609A,20260424,0.93,0.94,0.91,0.91,2369500
ADVANC13C2607A,20260424,0.19,0.21,0.19,0.2,5479200
ADVANC13C2608A,20260424,0.07,0.08,0.06,0.08,1345000
ADVANC13C2608B,20260424,0.09,0.1,0.09,0.1,111500
ADVANC13C2608C,20260424,0.17,0.18,0.16,0.17,5282000
ADVANC13C2609A,20260424,0.37,0.39,0.36,0.38,6427500
ADVANC13C2701T,20260424,0.35,0.36,0.35,0.35,1560600
ADVANC13P2607A,20260424,0.15,0.15,0.15,0.15,788400
ADVANC13P2609A,20260424,0.66,0.66,0.63,0.63,6164800
ADVANC19C2605A,20260424,0.13,0.15,0.13,0.15,284400
ADVANC19C2606A,20260424,0.11,0.13,0.11,0.11,6828800
ADVANC19C2607A,20260424,0.12,0.12,0.12,0.12,4532000
ADVANC19C2608A,20260424,0.12,0.13,0.12,0.12,4312000
ADVANC19C2609A,20260424,0.33,0.35,0.33,0.34,4527500
ADVANC41C2606T,20260424,0.64,0.65,0.63,0.65,102600
ADVANC41C2607A,20260424,0.17,0.18,0.16,0.17,6500
ADVANC41C2608C,20260424,0.15,0.16,0.15,0.15,900
ADVANC41C2701T,20260424,0.26,0.27,0.26,0.27,11200
AEONTS13C2608A,20260424,0.18,0.18,0.18,0.18,100700
AIA41C2609A,20260424,0.3,0.31,0.3,0.3,400
AMATA01C2605A,20260424,0.13,0.13,0.13,0.13,40000
AMATA01C2608A,20260424,0.36,0.39,0.36,0.36,6334900
AMATA13C2608A,20260424,0.38,0.4,0.36,0.37,6651600
AMATA19C2607A,20260424,0.43,0.48,0.43,0.46,861100
AMATA19C2608A,20260424,0.29,0.31,0.28,0.29,15474500
AMATA41C2608A,20260424,0.36,0.4,0.36,0.37,5048800
AMATA41C2609T,20260424,0.36,0.38,0.36,0.37,11401900
AOT01C2605A,20260424,0.02,0.02,0.01,0.01,172100
AOT01C2606T,20260424,0.37,0.37,0.35,0.36,2815800
AOT01C2607A,20260424,0.23,0.23,0.2,0.21,4850900
AOT01C2609A,20260424,0.45,0.45,0.42,0.43,4566600
AOT01P2605A,20260424,0.01,0.01,0.01,0.01,237800
AOT01P2607A,20260424,0.24,0.26,0.24,0.24,7712000
AOT01P2609A,20260424,0.62,0.64,0.61,0.61,1866000
AOT13C2605A,20260424,0.11,0.11,0.1,0.1,1702800
AOT13C2605B,20260424,0.01,0.01,0.01,0.01,50000
AOT13C2608A,20260424,0.31,0.31,0.28,0.3,10102700
AOT13P2605A,20260424,0.02,0.02,0.02,0.02,300
AOT13P2607A,20260424,0.13,0.13,0.12,0.12,730200
AOT13P2609A,20260424,0.47,0.5,0.47,0.48,11536400
AOT19C2605A,20260424,0.07,0.07,0.06,0.06,296200
AOT19C2608A,20260424,0.48,0.48,0.44,0.47,1484100
AOT41C2605A,20260424,0.09,0.09,0.09,0.09,2000
AOT41C2608A,20260424,0.27,0.28,0.27,0.28,301400
AOT41C2609T,20260424,0.44,0.44,0.43,0.44,479200
AOT41P2606T,20260424,0.07,0.07,0.07,0.07,4000
AWC01C2607A,20260424,0.07,0.07,0.07,0.07,248000
AWC01C2703T,20260424,0.2,0.2,0.2,0.2,401400
AWC13C2606A,20260424,0.05,0.05,0.05,0.05,350000
AWC13C2608B,20260424,0.19,0.19,0.18,0.19,1506200
AWC13C2701T,20260424,0.16,0.16,0.16,0.16,6949700
BA13C2608A,20260424,0.2,0.2,0.2,0.2,2399700
BA19C2609A,20260424,0.25,0.25,0.25,0.25,49100
BA41C2608A,20260424,0.18,0.18,0.17,0.17,800000
BA41C2611T,20260424,0.16,0.16,0.16,0.16,4000
BABA28C2606A,20260424,0.04,0.04,0.04,0.04,49800
BABA28C2609A,20260424,0.28,0.32,0.28,0.32,1900000
BABA41C2606A,20260424,0.18,0.2,0.18,0.19,550800
BABA41C2609T,20260424,0.52,0.56,0.52,0.56,23000
BABA41C2610A,20260424,0.54,0.6,0.54,0.59,3400
BABA41C2701T,20260424,0.64,0.69,0.64,0.68,3000
BABA41P2609A,20260424,0.27,0.27,0.25,0.25,1400
BAM13C2608A,20260424,0.14,0.15,0.14,0.15,953300
BAM19C2612T,20260424,0.24,0.25,0.24,0.25,332500
BAM41C2612T,20260424,0.26,0.27,0.26,0.27,90900
BANPU01C2605A,20260424,0.33,0.33,0.27,0.3,805400
BANPU01C2607A,20260424,0.07,0.07,0.06,0.07,78600
BANPU01C2703T,20260424,0.16,0.16,0.16,0.16,600000
BANPU13C2606A,20260424,0.11,0.11,0.1,0.11,1415700
BANPU13C2608A,20260424,0.09,0.09,0.09,0.09,871300
BANPU13C2609A,20260424,0.18,0.18,0.16,0.18,2842800
BANPU13P2609A,20260424,0.34,0.35,0.33,0.33,10200
BANPU19C2612T,20260424,0.33,0.33,0.31,0.33,6122500
BANPU41C2612T,20260424,0.23,0.23,0.22,0.23,548500
BBL13C2607A,20260424,0.08,0.08,0.07,0.07,114000
BBL13C2607B,20260424,0.15,0.15,0.13,0.13,5544800
BBL13C2608A,20260424,0.27,0.27,0.25,0.25,1907000
BBL13P2608A,20260424,0.39,0.4,0.39,0.4,565600
BBL19C2612T,20260424,0.38,0.39,0.38,0.39,1860800
BBL41C2608A,20260424,0.25,0.25,0.23,0.23,1210400
BBL41C2609T,20260424,0.37,0.37,0.36,0.36,2000400
BBL41P2608A,20260424,0.35,0.35,0.35,0.35,650200
BCH01C2609A,20260424,0.13,0.13,0.13,0.13,1779400
BCH13C2607A,20260424,0.24,0.24,0.23,0.23,263000
BCH13C2607B,20260424,0.04,0.04,0.04,0.04,10000
BCH13C2609A,20260424,0.16,0.16,0.16,0.16,47200
BCP01C2608A,20260424,0.12,0.14,0.12,0.13,3373400
BCP13C2608A,20260424,0.25,0.29,0.24,0.28,10456600
BCP13C2608B,20260424,0.11,0.12,0.11,0.12,2377800
BCP19C2607A,20260424,0.21,0.23,0.19,0.23,5652600
BCP41C2608A,20260424,0.26,0.28,0.25,0.28,1836100
BCP41C2609T,20260424,0.11,0.11,0.11,0.11,2500
BCPG01C2607A,20260424,0.37,0.4,0.37,0.39,2380700
BCPG13C2607A,20260424,0.16,0.18,0.16,0.17,6210100
BCPG13C2608A,20260424,0.11,0.11,0.11,0.11,767600
BCPG19C2609A,20260424,0.31,0.34,0.31,0.33,2459800
BCPG41C2606T,20260424,0.19,0.21,0.19,0.21,1600900
BCPG41C2607A,20260424,0.17,0.17,0.17,0.17,100
BCPG41C2612T,20260424,0.18,0.18,0.18,0.18,1800600
BDMS01C2607A,20260424,0.06,0.06,0.06,0.06,53800
BDMS01C2609A,20260424,0.23,0.23,0.21,0.23,1373100
BDMS01P2607A,20260424,0.21,0.21,0.2,0.2,2034900
BDMS13C2607A,20260424,0.09,0.09,0.09,0.09,7000
BDMS13C2608A,20260424,0.06,0.06,0.05,0.06,471500
BDMS13C2608B,20260424,0.21,0.21,0.21,0.21,21500
BDMS13C2701T,20260424,0.21,0.21,0.2,0.21,675600
BDMS13P2607A,20260424,0.25,0.25,0.25,0.25,11000
BDMS19C2608A,20260424,0.21,0.21,0.2,0.2,1455800
BDMS41C2608A,20260424,0.05,0.05,0.05,0.05,20000
BDMS41C2609T,20260424,0.03,0.04,0.03,0.04,3200
BDMS41C2612T,20260424,0.15,0.16,0.15,0.15,1241000
BEM13C2608A,20260424,0.08,0.08,0.08,0.08,1000
BEM41C2612T,20260424,0.14,0.14,0.14,0.14,200000
BGRIM01C2606T,20260424,0.03,0.03,0.03,0.03,2000
BGRIM01C2608A,20260424,0.09,0.09,0.09,0.09,100100
BGRIM01C2609A,20260424,0.21,0.22,0.21,0.21,841500
BGRIM13C2607A,20260424,0.05,0.06,0.05,0.06,126200
BGRIM13C2608A,20260424,0.19,0.21,0.19,0.21,10262400
BGRIM13C2608B,20260424,0.29,0.31,0.29,0.31,6199500
BGRIM13P2608A,20260424,0.42,0.42,0.42,0.42,400
BGRIM13P2609A,20260424,0.23,0.23,0.22,0.22,4779700
BGRIM19C2607A,20260424,0.09,0.09,0.09,0.09,929800
BGRIM19C2609A,20260424,0.24,0.26,0.24,0.26,11760000
BGRIM41C2608B,20260424,0.28,0.3,0.28,0.3,731600
BGRIM41C2608T,20260424,0.11,0.11,0.11,0.11,2202300
BGRIM41C2701T,20260424,0.33,0.33,0.33,0.33,200200
BH01C2607A,20260424,0.69,0.69,0.62,0.68,317700
BH01C2608A,20260424,0.08,0.08,0.07,0.08,2176300
BH01C2609A,20260424,0.7,0.71,0.66,0.68,2472400
BH01C2609B,20260424,0.66,0.66,0.61,0.65,10878700
BH01P2607B,20260424,0.19,0.21,0.19,0.19,3845000
BH01P2608A,20260424,0.55,0.59,0.55,0.55,4457400
BH13C2605A,20260424,0.01,0.01,0.01,0.01,100900
BH13C2607A,20260424,0.58,0.63,0.55,0.61,371200
BH13C2608A,20260424,0.09,0.09,0.08,0.09,5132800
BH13C2608B,20260424,0.38,0.38,0.33,0.37,17236500
BH13P2608A,20260424,0.47,0.5,0.47,0.47,2654100
BH19C2605A,20260424,0.01,0.01,0.01,0.01,11400
BH19C2608A,20260424,0.36,0.36,0.33,0.35,21060200
BH41C2608A,20260424,0.08,0.08,0.08,0.08,70000
BH41C2608B,20260424,0.35,0.35,0.32,0.35,1641200
BH41C2611T,20260424,0.49,0.51,0.49,0.51,1986700
BH41P2608A,20260424,0.45,0.46,0.45,0.46,600200
BIDU28C2610A,20260424,0.29,0.29,0.28,0.28,111800
BIDU41C2606A,20260424,0.08,0.08,0.08,0.08,3000
BIDU41C2609A,20260424,0.1,0.11,0.1,0.11,20100
BIDU41C2609T,20260424,1.01,1.1,1.01,1.07,5200
BIDU41C2610A,20260424,0.68,0.75,0.68,0.72,4600
BJC01C2608A,20260424,0.13,0.13,0.12,0.12,1289100
BJC13C2607A,20260424,0.15,0.15,0.14,0.15,1072000
BJC19C2612T,20260424,0.33,0.33,0.31,0.33,368400
BLA01C2607A,20260424,0.15,0.15,0.13,0.13,2260400
BLA01C2609A,20260424,0.35,0.35,0.32,0.32,1023600
BLA13C2607A,20260424,0.16,0.16,0.14,0.14,7314600
BLA13C2608A,20260424,0.3,0.3,0.27,0.27,1223000
BLA19C2608A,20260424,0.31,0.31,0.29,0.29,1093800
BTG01C2607A,20260424,0.68,0.68,0.68,0.68,22600
BTG01C2609A,20260424,0.48,0.52,0.47,0.51,1388600
BTG01P2609A,20260424,0.47,0.47,0.45,0.45,1495100
BTG13C2607A,20260424,0.8,0.81,0.79,0.81,205200
BTG13C2609A,20260424,0.39,0.42,0.38,0.42,4846900
BTG13C2609B,20260424,0.14,0.15,0.14,0.15,3596300
BTG13P2609A,20260424,0.47,0.47,0.45,0.45,1880600
BTG19C2608A,20260424,0.37,0.42,0.37,0.4,3942600
BTG41C2609A,20260424,0.38,0.4,0.37,0.4,603000
BTG41C2703T,20260424,0.34,0.36,0.34,0.35,2300
BTS01C2609T,20260424,0.03,0.03,0.03,0.03,10000
BTS13C2607A,20260424,0.08,0.08,0.07,0.08,201200
BTS13C2609A,20260424,0.19,0.19,0.18,0.19,844000
BTS13C2701T,20260424,0.12,0.12,0.12,0.12,100
BTS13P2608A,20260424,0.2,0.2,0.2,0.2,566000
BTS19C2609A,20260424,0.22,0.22,0.22,0.22,308400
BYDCOM41C2609A,20260424,0.47,0.5,0.46,0.49,14200
CBG01C2607A,20260424,0.04,0.04,0.04,0.04,50000
CBG01C2609A,20260424,0.22,0.22,0.21,0.21,313500
CBG01P2609A,20260424,0.34,0.35,0.34,0.35,1430900
CBG13C2607A,20260424,0.02,0.03,0.02,0.03,220000
CBG13C2608A,20260424,0.15,0.15,0.14,0.14,3437100
CBG13C2608B,20260424,0.19,0.19,0.19,0.19,205200
CBG19C2608A,20260424,0.27,0.27,0.25,0.25,2620900
CBG41C2608A,20260424,0.13,0.13,0.12,0.12,200
CBG41C2612T,20260424,0.05,0.05,0.05,0.05,80000
CBG41C2703T,20260424,0.24,0.24,0.24,0.24,1800600
CCET13C2607A,20260424,0.24,0.25,0.22,0.22,13242800
CCET13C2608A,20260424,0.65,0.67,0.6,0.62,807000
CCET13C2609A,20260424,0.37,0.4,0.34,0.36,17926200
CCET13C2609B,20260424,0.24,0.26,0.22,0.23,17215300
CCET19C2607A,20260424,0.31,0.33,0.28,0.28,3670100
CCET41C2607A,20260424,0.37,0.38,0.33,0.34,736000
CCET41C2609T,20260424,0.16,0.16,0.15,0.16,240800
CENTEL01C2609A,20260424,0.19,0.19,0.18,0.18,2692900
CENTEL13C2608A,20260424,0.08,0.09,0.07,0.09,384200
CENTEL13C2608B,20260424,0.2,0.2,0.19,0.19,5078500
CENTEL41C2606T,20260424,0.05,0.07,0.05,0.05,340000
CENTEL41C2701T,20260424,0.22,0.22,0.21,0.22,1801000
CK01C2608A,20260424,0.34,0.36,0.34,0.35,2468400
CK13C2607A,20260424,0.39,0.41,0.39,0.4,6209900
CK13C2608A,20260424,0.19,0.2,0.19,0.19,5065000
CK19C2609A,20260424,0.28,0.29,0.28,0.28,2774100
COM701C2607A,20260424,0.32,0.32,0.3,0.3,3877800
COM701C2705T,20260424,0.32,0.32,0.32,0.32,1315400
COM713C2605A,20260424,0.01,0.01,0.01,0.01,136400
COM713C2607A,20260424,0.29,0.29,0.26,0.26,3763700
COM713C2608A,20260424,0.09,0.09,0.07,0.07,240300
COM741C2609T,20260424,0.26,0.26,0.25,0.26,1075800
CPALL01C2607A,20260424,0.14,0.14,0.12,0.13,642600
CPALL01C2608A,20260424,0.04,0.04,0.04,0.04,349800
CPALL01C2610A,20260424,0.23,0.23,0.23,0.23,422100
CPALL01C2703T,20260424,0.22,0.23,0.22,0.23,284100
CPALL01P2608A,20260424,0.5,0.5,0.5,0.5,20800
CPALL13C2607A,20260424,0.1,0.1,0.1,0.1,165400
CPALL13C2608A,20260424,0.08,0.08,0.07,0.07,42100
CPALL13C2609A,20260424,0.27,0.27,0.26,0.26,229200
CPALL13C2701T,20260424,0.22,0.22,0.22,0.22,2015200
CPALL13P2608A,20260424,0.15,0.16,0.15,0.16,10900
CPALL19C2607A,20260424,0.18,0.18,0.16,0.16,2111000
CPALL19C2612A,20260424,0.12,0.12,0.12,0.12,100
CPALL41C2605T,20260424,0.01,0.01,0.01,0.01,250000
CPALL41C2609A,20260424,0.23,0.23,0.23,0.23,200200
CPALL41C2612T,20260424,0.14,0.14,0.13,0.13,90900
CPF01C2609A,20260424,0.2,0.2,0.19,0.19,5796500
CPF01C2611T,20260424,0.14,0.15,0.13,0.13,3009700
CPF01P2608A,20260424,0.43,0.45,0.43,0.44,1609300
CPF13C2608A,20260424,0.12,0.12,0.12,0.12,3503400
CPF13C2609A,20260424,0.24,0.24,0.22,0.23,7157600
CPF13P2608A,20260424,0.37,0.39,0.37,0.38,2536000
CPF19C2608A,20260424,0.09,0.09,0.08,0.08,1093300
CPF19C2609T,20260424,0.1,0.1,0.1,0.1,100
CPF41C2608A,20260424,0.1,0.1,0.1,0.1,1400
CPF41C2612T,20260424,0.15,0.15,0.13,0.14,40800
CPN01C2606T,20260424,0.19,0.19,0.18,0.19,2671100
CPN01C2608A,20260424,0.3,0.31,0.29,0.3,1343900
CPN01P2608A,20260424,0.21,0.21,0.2,0.2,1532600
CPN13C2608A,20260424,0.33,0.34,0.31,0.33,6484200
CPN13P2608A,20260424,0.19,0.19,0.19,0.19,1557600
CPN19C2609T,20260424,0.34,0.34,0.33,0.34,1354300
CPN41C2608A,20260424,0.3,0.31,0.3,0.31,700400
CPN41C2608T,20260424,0.41,0.41,0.39,0.41,3381600
CRC01C2605A,20260424,0.01,0.01,0.01,0.01,50000
CRC01C2609A,20260424,0.19,0.19,0.18,0.19,6184400
CRC01C2609B,20260424,0.41,0.41,0.38,0.4,4570800
CRC01C2610T,20260424,0.26,0.26,0.26,0.26,3712200
CRC13C2606A,20260424,0.08,0.08,0.08,0.08,900000
CRC13C2608A,20260424,0.41,0.41,0.38,0.4,9841500
CRC19C2612A,20260424,0.36,0.36,0.34,0.35,6429000
CRC41C2609T,20260424,0.16,0.16,0.16,0.16,500
DELTA01C2605A,20260424,1.47,1.51,1.22,1.45,456600
DELTA01C2605B,20260424,4,4,3.5,3.96,39000
DELTA01C2607A,20260424,1.04,1.04,0.88,0.99,1528600
DELTA01C2608A,20260424,0.7,0.71,0.61,0.67,2854000
DELTA01P2605A,20260424,0.02,0.02,0.01,0.02,2666600
DELTA01P2606A,20260424,0.02,0.03,0.02,0.03,529400
DELTA01P2608A,20260424,0.47,0.5,0.45,0.46,3224300
DELTA13C2605A,20260424,0.53,0.56,0.36,0.56,1122200
DELTA13C2605B,20260424,2.24,2.24,1.58,2.24,445500
DELTA13C2606A,20260424,1.3,1.32,1.12,1.32,247000
DELTA13C2607A,20260424,0.54,0.55,0.45,0.55,7517800
DELTA13C2607B,20260424,0.58,0.59,0.47,0.59,59977700
DELTA13C2608A,20260424,0.37,0.37,0.31,0.37,29150500
DELTA13C2609A,20260424,0.24,0.24,0.2,0.24,47764300
DELTA13P2606A,20260424,0.04,0.04,0.02,0.03,2431300
DELTA13P2607A,20260424,0.27,0.31,0.26,0.26,25054800
DELTA13P2608A,20260424,0.82,0.88,0.79,0.79,32460300
DELTA19C2607A,20260424,0.86,0.88,0.73,0.87,13606800
DELTA19C2608A,20260424,0.7,0.72,0.6,0.71,18479000
DELTA19P2605A,20260424,0.01,0.01,0.01,0.01,100000
DELTA19P2606A,20260424,0.03,0.04,0.03,0.03,966200
DELTA19P2607A,20260424,0.19,0.22,0.18,0.18,5539900
DELTA19P2608A,20260424,0.62,0.67,0.61,0.61,8148100
DELTA19P2609A,20260424,0.97,1.05,0.95,0.95,9048700
DELTA41C2605B,20260424,1.89,2.14,1.71,2.14,76400
DELTA41C2606A,20260424,1.17,1.19,1.17,1.19,2000
DELTA41C2607A,20260424,0.52,0.53,0.45,0.53,1461000
DELTA41C2607B,20260424,0.54,0.56,0.46,0.55,1475600
DELTA41C2608A,20260424,0.35,0.36,0.31,0.36,1247600
DELTA41C2608T,20260424,1.97,1.99,1.87,1.98,641700
DELTA41C2609A,20260424,0.22,0.23,0.19,0.23,28700
DELTA41C2612T,20260424,1.33,1.34,1.23,1.33,1102600
DELTA41C2703T,20260424,0.85,0.86,0.78,0.86,9659400
DELTA41P2607A,20260424,0.31,0.31,0.28,0.28,405400
DJI41C2606A,20260424,0.33,0.34,0.32,0.33,2200
DJI41C2606B,20260424,1.07,1.08,1.07,1.08,600
DJI41P2606A,20260424,0.37,0.38,0.36,0.38,113200
DJI41P2606B,20260424,0.24,0.24,0.24,0.24,100
DOHOME01C2608A,20260424,0.21,0.22,0.2,0.22,3035700
DOHOME13C2607A,20260424,0.2,0.2,0.19,0.2,6113200
DOHOME19C2701T,20260424,0.51,0.52,0.5,0.52,4121300
DOHOME41C2612T,20260424,0.15,0.15,0.15,0.15,100
EA13C2605A,20260424,0.01,0.01,0.01,0.01,300000
EA13C2607A,20260424,0.05,0.05,0.04,0.05,2637400
EA13C2608A,20260424,0.21,0.21,0.2,0.21,1502200
EA19C2606A,20260424,0.06,0.06,0.06,0.06,10000
EA19C2609A,20260424,0.26,0.26,0.25,0.25,1235900
ERW01C2608A,20260424,0.08,0.09,0.08,0.09,300300
ERW01C2611T,20260424,0.21,0.22,0.21,0.22,312600
ERW13C2608A,20260424,0.07,0.08,0.07,0.08,605100
ERW13C2608B,20260424,0.18,0.21,0.18,0.2,13043500
ERW19C2609A,20260424,0.18,0.19,0.18,0.19,533300
ERW41C2611T,20260424,0.3,0.32,0.3,0.32,901300
GFPT13C2608A,20260424,0.33,0.33,0.32,0.32,791000
GLOBAL01C2608A,20260424,0.06,0.06,0.06,0.06,50000
GLOBAL13C2608A,20260424,0.15,0.15,0.14,0.14,3782900
GLOBAL13C2608B,20260424,0.35,0.36,0.32,0.34,7897100
GLOBAL41C2608A,20260424,0.13,0.13,0.13,0.13,200
GLOBAL41C2612T,20260424,0.36,0.38,0.36,0.38,3181200
GPSC01C2605A,20260424,0.01,0.01,0.01,0.01,100000
GPSC01C2608A,20260424,0.06,0.06,0.05,0.05,356400
GPSC01C2609A,20260424,0.22,0.23,0.21,0.21,4620200
GPSC01C2609T,20260424,0.12,0.13,0.12,0.12,6279600
GPSC01P2607A,20260424,0.23,0.23,0.21,0.23,6995200
GPSC01P2608A,20260424,0.48,0.51,0.48,0.51,200
GPSC13C2606A,20260424,0.06,0.07,0.06,0.07,968200
GPSC13C2608A,20260424,0.08,0.08,0.08,0.08,3737400
GPSC13C2608B,20260424,0.24,0.26,0.24,0.24,9043700
GPSC13C2701T,20260424,0.16,0.16,0.16,0.16,11303000
GPSC13P2608A,20260424,0.52,0.52,0.5,0.52,2009000
GPSC13P2609A,20260424,0.27,0.28,0.27,0.28,4639500
GPSC19C2608A,20260424,0.08,0.08,0.08,0.08,441400
GPSC19C2608B,20260424,0.27,0.29,0.27,0.27,10257600
GPSC41C2608B,20260424,0.23,0.24,0.23,0.23,2561200
GPSC41C2703T,20260424,0.23,0.23,0.23,0.23,100600
GULF01C2608A,20260424,0.57,0.57,0.56,0.57,20200
GULF01C2608B,20260424,0.3,0.3,0.29,0.3,1134800
GULF01C2609A,20260424,0.25,0.26,0.25,0.26,470000
GULF01C2702T,20260424,0.49,0.5,0.48,0.49,5617800
GULF01P2608A,20260424,0.05,0.05,0.05,0.05,51000
GULF01P2608B,20260424,0.18,0.18,0.18,0.18,2665400
GULF01P2609A,20260424,0.55,0.56,0.54,0.55,2704500
GULF13C2607A,20260424,0.44,0.46,0.44,0.46,3300
GULF13C2608A,20260424,0.33,0.34,0.32,0.33,6764900
GULF13C2609A,20260424,0.24,0.24,0.23,0.23,2731400
GULF13P2607A,20260424,0.05,0.05,0.05,0.05,100
GULF13P2608A,20260424,0.35,0.35,0.34,0.35,787100
GULF19C2607B,20260424,0.21,0.21,0.21,0.21,500
GULF41C2607A,20260424,0.45,0.45,0.44,0.44,1500
GULF41C2608A,20260424,0.3,0.31,0.3,0.3,50500
GULF41C2609A,20260424,0.21,0.21,0.21,0.21,200
GULF41C2609T,20260424,0.35,0.35,0.34,0.34,1100
GUNKUL01C2608A,20260424,0.15,0.16,0.15,0.15,1104300
GUNKUL01C2704T,20260424,0.22,0.23,0.22,0.22,605000
GUNKUL13C2608A,20260424,0.28,0.3,0.28,0.3,5326500
GUNKUL13C2608B,20260424,0.13,0.14,0.13,0.14,5261200
GUNKUL19C2609A,20260424,0.23,0.23,0.23,0.23,4616300
GUNKUL41C2702T,20260424,0.21,0.21,0.21,0.21,500
HANA01C2606A,20260424,2.08,2.4,2.06,2.34,25600
HANA01C2608A,20260424,1.69,1.98,1.64,1.79,897400
HANA01C2609A,20260424,0.32,0.4,0.31,0.34,27006200
HANA13C2607A,20260424,2.1,2.38,2,2.14,93800
HANA13C2608A,20260424,1.49,1.6,1.37,1.41,131300
HANA13C2608B,20260424,0.8,0.89,0.8,0.83,318300
HANA13C2608C,20260424,0.36,0.44,0.35,0.38,51261400
HANA13C2701T,20260424,0.9,0.9,0.9,0.9,900
HANA13P2607A,20260424,0.04,0.05,0.04,0.05,53300
HANA13P2608A,20260424,0.29,0.29,0.25,0.27,14299800
HANA19C2608A,20260424,1.13,1.23,1.13,1.13,2700
HANA19C2609A,20260424,0.34,0.41,0.33,0.36,21635700
HANA41C2606T,20260424,0.22,0.26,0.21,0.24,609900
HANA41C2608B,20260424,0.78,0.85,0.77,0.85,600
HANA41C2612T,20260424,0.69,0.74,0.69,0.71,3000
HANA41C2702T,20260424,0.3,0.34,0.3,0.31,5601200
HMPRO01C2609A,20260424,0.25,0.25,0.21,0.21,770300
HMPRO13C2609A,20260424,0.24,0.24,0.21,0.21,1788800
HMPRO19C2609A,20260424,0.26,0.26,0.23,0.23,1368100
HMPRO41C2609A,20260424,0.21,0.21,0.21,0.21,200
HMPRO41C2612T,20260424,0.17,0.17,0.17,0.17,200
HSI18C2606A,20260424,0.49,0.49,0.49,0.49,200
HSI28C2604A,20260424,0.01,0.01,0.01,0.01,200
HSI28C2604D,20260424,0.03,0.05,0.03,0.04,8386300
HSI28C2605A,20260424,0.05,0.06,0.05,0.05,138400
HSI28C2605B,20260424,0.14,0.17,0.14,0.15,21649800
HSI28C2605C,20260424,0.47,0.55,0.47,0.5,35831600
HSI28C2606A,20260424,0.16,0.18,0.16,0.17,3535100
HSI28C2606B,20260424,0.7,0.77,0.69,0.72,4439300
HSI28C2606C,20260424,0.26,0.29,0.26,0.28,1446300
HSI28C2607A,20260424,0.6,0.66,0.6,0.63,3094200
HSI28P2604B,20260424,0.01,0.01,0.01,0.01,184600
HSI28P2604C,20260424,0.24,0.25,0.18,0.19,14150400
HSI28P2605A,20260424,0.19,0.19,0.16,0.17,25711800
HSI28P2605B,20260424,0.06,0.06,0.06,0.06,23100
HSI28P2605C,20260424,0.02,0.02,0.02,0.02,100
HSI28P2606A,20260424,0.36,0.36,0.32,0.34,333300
HSI28P2606B,20260424,0.73,0.73,0.66,0.68,27986600
HSI28P2607A,20260424,0.51,0.51,0.47,0.49,12512200
HSTECH28C2606A,20260424,0.14,0.14,0.14,0.14,62000
HSTECH28P2606A,20260424,0.5,0.5,0.49,0.49,240000
ICHI01C2608A,20260424,0.07,0.07,0.07,0.07,40100
ICHI13C2609A,20260424,0.15,0.15,0.14,0.14,1552000
ICHI19C2609T,20260424,0.12,0.12,0.11,0.12,590400
IRPC01C2607A,20260424,0.51,0.63,0.5,0.63,5200
IRPC01C2609A,20260424,0.35,0.42,0.34,0.42,11189600
IRPC01C2609B,20260424,0.25,0.31,0.25,0.3,7424400
IRPC01C2703T,20260424,0.13,0.14,0.13,0.14,2662300
IRPC13C2608A,20260424,0.4,0.51,0.38,0.51,5283300
IRPC13C2608B,20260424,0.22,0.28,0.22,0.28,20087700
IRPC13C2609A,20260424,0.23,0.28,0.23,0.28,15911200
IRPC13C2609B,20260424,0.11,0.14,0.11,0.13,10902000
IRPC13C2701T,20260424,0.51,0.53,0.5,0.53,3000
IRPC19C2609T,20260424,0.38,0.45,0.38,0.45,14866700
IRPC41C2609A,20260424,0.21,0.25,0.21,0.25,3602900
IRPC41C2609B,20260424,0.11,0.13,0.11,0.13,481100
IRPC41C2703T,20260424,0.55,0.6,0.55,0.6,501000
ITC01C2606T,20260424,0.15,0.16,0.15,0.16,1311700
ITC13C2608A,20260424,0.13,0.14,0.13,0.14,1034000
ITC19C2609T,20260424,0.16,0.18,0.16,0.18,5872000
ITC41C2612T,20260424,0.17,0.17,0.17,0.17,10000
IVL01C2605A,20260424,1.21,1.21,1.21,1.21,1000
IVL01C2607A,20260424,0.35,0.35,0.35,0.35,8000
IVL01C2608A,20260424,0.06,0.07,0.05,0.07,407200
IVL01C2609A,20260424,0.89,0.93,0.88,0.93,60000
IVL01C2609B,20260424,0.17,0.17,0.16,0.17,2550800
IVL01P2607A,20260424,0.07,0.07,0.07,0.07,2400
IVL01P2608A,20260424,0.25,0.25,0.24,0.24,2787200
IVL01P2609A,20260424,0.4,0.43,0.4,0.4,5023900
IVL13C2605A,20260424,0.57,0.57,0.54,0.55,1215000
IVL13C2607A,20260424,0.27,0.29,0.25,0.27,11565000
IVL13C2608A,20260424,0.6,0.63,0.6,0.61,802300
IVL13C2609A,20260424,0.56,0.57,0.53,0.55,11898400
IVL13C2609B,20260424,0.19,0.21,0.19,0.2,36948700
IVL13P2607A,20260424,0.09,0.09,0.09,0.09,700
IVL13P2608A,20260424,0.34,0.36,0.34,0.35,1294200
IVL19C2607A,20260424,0.37,0.39,0.34,0.37,17392900
IVL19C2609A,20260424,0.19,0.19,0.18,0.18,21783400
IVL19P2608A,20260424,0.33,0.35,0.33,0.34,2111000
IVL41C2607A,20260424,0.27,0.27,0.25,0.26,1100
IVL41C2608A,20260424,0.59,0.62,0.58,0.61,400400
IVL41C2609A,20260424,0.52,0.54,0.51,0.53,400600
IVL41C2609B,20260424,0.18,0.18,0.17,0.18,480200
IVL41C2702T,20260424,0.45,0.45,0.43,0.44,2781200
JAS13C2608A,20260424,0.06,0.07,0.06,0.06,5612400
JAS13C2609A,20260424,0.22,0.22,0.22,0.22,4564300
JAS19C2701T,20260424,0.31,0.31,0.31,0.31,1759000
JAS41C2605T,20260424,0.01,0.01,0.01,0.01,25951000
JD41C2606A,20260424,0.26,0.27,0.26,0.27,1200
JMART01C2608A,20260424,0.11,0.13,0.11,0.13,2085400
JMART01C2705T,20260424,0.25,0.27,0.25,0.27,2340000
JMART13C2605A,20260424,0.01,0.02,0.01,0.02,1946800
JMART13C2608A,20260424,0.13,0.15,0.13,0.15,4428800
JMART13C2609A,20260424,0.31,0.35,0.3,0.35,7626900
JMART13C2701T,20260424,0.16,0.18,0.16,0.18,778900
JMART19C2609A,20260424,0.26,0.3,0.26,0.3,7097200
JMART19C2612A,20260424,0.22,0.25,0.22,0.25,1107100
JMART41C2703T,20260424,0.26,0.28,0.26,0.28,2001600
JMT01C2608A,20260424,0.09,0.11,0.09,0.11,1798800
JMT01C2701T,20260424,0.29,0.33,0.29,0.32,3713800
JMT13C2607A,20260424,0.28,0.36,0.27,0.35,11793000
JMT13C2608A,20260424,0.12,0.15,0.12,0.14,4972100
JMT13C2701T,20260424,0.24,0.28,0.24,0.28,5081000
JMT19C2605A,20260424,0.03,0.06,0.03,0.05,1888000
JMT19C2608A,20260424,0.1,0.13,0.1,0.13,1948900
JMT41C2608A,20260424,0.1,0.13,0.1,0.12,581900
JMT41C2703T,20260424,0.43,0.48,0.43,0.48,1581800
KBANK01C2607A,20260424,0.27,0.27,0.25,0.26,2010500
KBANK01C2608A,20260424,0.12,0.12,0.12,0.12,3292100
KBANK01C2609A,20260424,0.71,0.71,0.68,0.68,3620100
KBANK01C2610A,20260424,0.53,0.53,0.51,0.52,2550600
KBANK01C2702T,20260424,0.24,0.24,0.24,0.24,200000
KBANK01P2610A,20260424,0.78,0.79,0.78,0.78,8196200
KBANK13C2607A,20260424,0.09,0.1,0.08,0.08,1369200
KBANK13C2607B,20260424,0.3,0.3,0.28,0.29,18512800
KBANK13C2609A,20260424,0.67,0.67,0.64,0.66,14911500
KBANK13P2607A,20260424,0.12,0.12,0.12,0.12,2167500
KBANK13P2609A,20260424,0.52,0.54,0.52,0.52,4690400
KBANK19C2608A,20260424,0.13,0.13,0.13,0.13,6617600
KBANK19C2609A,20260424,0.51,0.51,0.48,0.48,266400
KBANK41C2607B,20260424,0.28,0.28,0.28,0.28,30100
KBANK41C2609T,20260424,0.66,0.66,0.65,0.66,1441100
KBANK41C2703T,20260424,0.37,0.37,0.37,0.37,600
KCE13C2606A,20260424,1,1.04,1,1.04,15900
KCE13C2607A,20260424,1.73,1.73,1.67,1.67,20200
KCE13C2608A,20260424,1.03,1.03,0.88,0.95,311500
KCE13C2609A,20260424,0.38,0.39,0.35,0.37,42604300
KCE13P2608A,20260424,0.13,0.15,0.13,0.14,4513700
KCE19C2605A,20260424,1.41,1.41,1.41,1.41,100
KCE19C2608B,20260424,1.2,1.2,1.2,1.2,300
KCE19C2609A,20260424,0.36,0.37,0.33,0.35,5664700
KCE41C2606T,20260424,0.21,0.21,0.18,0.2,2180200
KCE41C2608A,20260424,1,1,0.91,0.92,1800
KCE41C2609A,20260424,0.37,0.38,0.34,0.37,996200
KCE41C2609T,20260424,1.1,1.1,1.07,1.08,1500
KCE41C2702T,20260424,0.27,0.27,0.26,0.27,2200900
KKP01C2607A,20260424,0.72,0.72,0.72,0.72,20000
KKP01C2610A,20260424,0.59,0.59,0.58,0.58,2321600
KKP01P2609A,20260424,0.4,0.4,0.4,0.4,3992200
KKP13C2606A,20260424,0.51,0.51,0.5,0.5,4518900
KKP13C2609A,20260424,0.47,0.47,0.46,0.46,10272600
KKP13P2609A,20260424,0.51,0.51,0.5,0.51,2166200
KKP19C2609T,20260424,0.91,0.92,0.91,0.91,3211000
KTB01C2608A,20260424,0.22,0.22,0.2,0.21,2029200
KTB01C2701T,20260424,0.32,0.32,0.3,0.3,609100
KTB01P2608A,20260424,0.12,0.12,0.12,0.12,494800
KTB13C2608A,20260424,0.17,0.17,0.15,0.15,1516600
KTB13P2608A,20260424,0.1,0.1,0.09,0.09,947600
KTB13P2609A,20260424,0.26,0.28,0.26,0.28,3228200
KTB19C2609T,20260424,0.39,0.39,0.37,0.37,491900
KTB41C2608A,20260424,0.15,0.15,0.15,0.15,50100
KTB41C2612T,20260424,0.44,0.44,0.42,0.43,2900600
KTC01C2607A,20260424,0.21,0.21,0.19,0.2,104200
KTC01C2608A,20260424,0.1,0.1,0.1,0.1,328600
KTC01C2609T,20260424,0.18,0.18,0.17,0.17,1794900
KTC01P2608A,20260424,0.29,0.3,0.29,0.3,1131600
KTC13C2607A,20260424,0.21,0.21,0.19,0.2,2423000
KTC13C2608A,20260424,0.14,0.14,0.13,0.13,409100
KTC13P2608A,20260424,0.29,0.31,0.29,0.3,1362500
KTC19C2609T,20260424,0.2,0.2,0.19,0.19,1597700
KTC41C2606T,20260424,0.02,0.02,0.02,0.02,100
KTC41C2608A,20260424,0.12,0.12,0.12,0.12,480600
KTC41P2608A,20260424,0.26,0.27,0.26,0.27,100800
KUAISH28C2610A,20260424,0.26,0.28,0.26,0.28,700000
KUAISH41C2609T,20260424,0.18,0.19,0.18,0.18,600
LH01C2609A,20260424,0.13,0.13,0.13,0.13,1737500
LH13C2608A,20260424,0.15,0.15,0.14,0.14,254300
M13C2605A,20260424,0.01,0.01,0.01,0.01,42000
M13C2608B,20260424,0.26,0.26,0.26,0.26,20000
MCA5041C2606A,20260424,0.44,0.44,0.44,0.44,100
MCA5041P2606A,20260424,0.12,0.12,0.12,0.12,27100
MEGA01C2702T,20260424,0.17,0.17,0.17,0.17,339400
MEGA13C2608A,20260424,0.07,0.07,0.07,0.07,123000
MEITUA28C2609A,20260424,0.39,0.42,0.39,0.4,1601000
MEITUA41C2609A,20260424,0.38,0.41,0.38,0.39,2800
MINT01C2605A,20260424,0.01,0.01,0.01,0.01,430400
MINT01C2609A,20260424,0.35,0.36,0.34,0.35,1139400
MINT01P2609A,20260424,0.52,0.54,0.51,0.51,873500
MINT13C2608A,20260424,0.21,0.21,0.2,0.21,2490700
MINT13C2608B,20260424,0.31,0.32,0.29,0.31,2566200
MINT13P2606A,20260424,0.2,0.21,0.19,0.19,240500
MINT41C2608A,20260424,0.19,0.19,0.18,0.19,600600
MINT41C2612T,20260424,0.06,0.06,0.06,0.06,100
MTC01C2608A,20260424,0.14,0.14,0.14,0.14,5969600
MTC01P2610A,20260424,0.38,0.38,0.38,0.38,2752200
MTC13C2607A,20260424,0.11,0.12,0.1,0.11,10848000
MTC13C2608A,20260424,0.22,0.23,0.21,0.22,12771700
MTC13P2607A,20260424,0.24,0.25,0.24,0.24,3049600
MTC19C2608A,20260424,0.17,0.17,0.17,0.17,9165300
MTC41C2612T,20260424,0.22,0.22,0.22,0.22,800
MTC41P2607A,20260424,0.14,0.15,0.14,0.15,300
NDX28C2609A,20260424,1.01,1.02,0.99,1.02,6000
NDX28P2606A,20260424,0.15,0.15,0.14,0.15,700
NDX28P2606B,20260424,0.34,0.34,0.34,0.34,120000
NDX28P2609A,20260424,0.89,0.9,0.89,0.9,9800
NDX41C2606A,20260424,0.73,0.74,0.71,0.73,79900
NDX41C2606B,20260424,1.69,1.72,1.66,1.69,511100
NDX41C2609T,20260424,2.24,2.24,2.24,2.24,100
NDX41P2606A,20260424,0.15,0.15,0.14,0.15,1116500
NDX41P2606B,20260424,0.1,0.11,0.09,0.1,25800
NDX41P2609T,20260424,0.54,0.54,0.54,0.54,45000
NIKKEI18C2606A,20260424,0.75,0.78,0.75,0.78,900
NIKKEI28C2606A,20260424,1.94,1.94,1.91,1.91,400
NIKKEI28C2606B,20260424,1.4,1.47,1.4,1.47,900
NIKKEI28C2606C,20260424,1,1.04,0.99,1.02,800
NIKKEI28C2606D,20260424,0.66,0.71,0.66,0.71,2594600
NIKKEI28P2606A,20260424,0.06,0.06,0.06,0.06,60800
NIKKEI28P2606C,20260424,0.12,0.12,0.11,0.11,12000
NIKKEI28P2606D,20260424,0.26,0.27,0.25,0.26,2413600
NIKKEI41C2606A,20260424,2.22,2.22,2.22,2.22,100
NIKKEI41C2606B,20260424,1.61,1.61,1.61,1.61,400
NIKKEI41C2606C,20260424,1.04,1.09,1.03,1.09,52300
NIKKEI41C2609A,20260424,1.01,1.04,1,1.02,301000
NIKKEI41C2609B,20260424,0.8,0.83,0.79,0.81,2300
NIKKEI41C2609C,20260424,0.7,0.73,0.69,0.73,505500
NIKKEI41P2606A,20260424,0.24,0.24,0.23,0.23,200000
NIKKEI41P2606B,20260424,0.14,0.14,0.13,0.13,286400
NIKKEI41P2606C,20260424,0.07,0.08,0.07,0.08,450000
NIKKEI41P2609A,20260424,0.65,0.65,0.63,0.65,2582000
NIKKEI41P2609B,20260424,0.5,0.5,0.48,0.49,183300
NIKKEI41P2609C,20260424,0.46,0.46,0.45,0.45,10000
OR01C2607A,20260424,0.01,0.01,0.01,0.01,600
OR01C2608A,20260424,0.04,0.04,0.04,0.04,70000
OR01C2609A,20260424,0.22,0.22,0.22,0.22,12500
OR01C2705T,20260424,0.27,0.27,0.27,0.27,200
OR13C2608B,20260424,0.2,0.2,0.19,0.19,21100
OR19C2608A,20260424,0.18,0.18,0.18,0.18,135400
OR41C2605T,20260424,0.02,0.02,0.02,0.02,7300
OR41C2608T,20260424,0.16,0.16,0.15,0.15,404200
OSP01C2607A,20260424,0.04,0.04,0.04,0.04,77600
OSP01C2609A,20260424,0.29,0.3,0.29,0.3,1674000
OSP13C2608A,20260424,0.2,0.21,0.2,0.21,2254400
OSP41C2701T,20260424,0.28,0.28,0.28,0.28,100
PLANB13C2607A,20260424,0.44,0.46,0.42,0.44,3137600
PLANB13C2608A,20260424,0.36,0.38,0.35,0.36,2857400
PLANB13C2608B,20260424,0.12,0.13,0.11,0.11,4762800
PLANB19C2605A,20260424,0.04,0.04,0.04,0.04,78000
PLANB41C2607A,20260424,0.43,0.45,0.41,0.43,2971100
PLANB41C2608A,20260424,0.35,0.36,0.33,0.34,2401000
PLANB41C2612T,20260424,0.2,0.21,0.2,0.2,900300
POPMAR41C2609T,20260424,0.37,0.37,0.37,0.37,200
PRM01C2609A,20260424,0.44,0.44,0.44,0.44,1046000
PRM01C2702T,20260424,0.37,0.37,0.37,0.37,4580200
PRM13C2608A,20260424,0.35,0.36,0.35,0.35,3454100
PRM19C2701T,20260424,0.53,0.53,0.53,0.53,1458800
PTG01C2607A,20260424,0.16,0.16,0.16,0.16,2289500
PTG01C2704T,20260424,0.28,0.28,0.28,0.28,1447900
PTG13C2607A,20260424,0.19,0.19,0.19,0.19,958800
PTG13C2608A,20260424,0.16,0.16,0.16,0.16,924800
PTG41C2701T,20260424,0.3,0.3,0.3,0.3,200
PTT01C2607A,20260424,0.13,0.13,0.12,0.12,351000
PTT01P2609A,20260424,0.22,0.22,0.22,0.22,227600
PTT13C2606A,20260424,0.14,0.14,0.14,0.14,134500
PTT13C2608A,20260424,0.1,0.11,0.1,0.1,39200
PTT13C2609A,20260424,0.19,0.2,0.19,0.2,352700
PTT13P2608A,20260424,0.2,0.2,0.2,0.2,2365300
PTTEP01C2606T,20260424,0.77,0.83,0.77,0.82,932300
PTTEP01C2607A,20260424,0.9,0.95,0.9,0.95,17400
PTTEP01C2608A,20260424,0.48,0.53,0.47,0.51,2502900
PTTEP01C2609A,20260424,0.34,0.36,0.32,0.35,5649300
PTTEP01C2703T,20260424,0.46,0.49,0.46,0.48,5642200
PTTEP01P2607A,20260424,0.03,0.04,0.03,0.03,1354600
PTTEP01P2608A,20260424,0.44,0.45,0.41,0.41,3074800
PTTEP01P2703T,20260424,0.53,0.53,0.51,0.51,3506000
PTTEP13C2607A,20260424,1.01,1.01,1.01,1.01,100
PTTEP13C2608A,20260424,0.66,0.72,0.66,0.69,600
PTTEP13C2608B,20260424,0.42,0.46,0.41,0.45,11306100
PTTEP13C2608C,20260424,0.25,0.27,0.23,0.26,7659000
PTTEP13P2607A,20260424,0.02,0.02,0.02,0.02,403000
PTTEP13P2608A,20260424,0.24,0.24,0.21,0.22,2279300
PTTEP19C2608A,20260424,0.45,0.5,0.44,0.47,7816500
PTTEP19C2608B,20260424,0.25,0.29,0.25,0.27,3701100
PTTEP41C2608A,20260424,0.63,0.65,0.63,0.65,400
PTTEP41C2608B,20260424,0.4,0.43,0.4,0.43,1001400
PTTEP41C2608C,20260424,0.21,0.23,0.21,0.23,960600
PTTEP41C2609T,20260424,0.95,0.98,0.95,0.98,600800
PTTEP41C2703T,20260424,0.46,0.48,0.45,0.48,1800800
PTTEP41P2608A,20260424,0.23,0.23,0.23,0.23,200
PTTGC01C2605A,20260424,0.97,0.97,0.87,0.92,612800
PTTGC01C2607A,20260424,0.39,0.41,0.39,0.41,13200
PTTGC01C2609A,20260424,0.27,0.27,0.25,0.26,3026600
PTTGC01C2704T,20260424,0.28,0.28,0.28,0.28,1369500
PTTGC01P2609A,20260424,0.16,0.17,0.16,0.16,1361400
PTTGC13C2607A,20260424,0.57,0.58,0.57,0.57,85000
PTTGC13C2608A,20260424,0.4,0.4,0.38,0.4,3917100
PTTGC13C2609A,20260424,0.31,0.31,0.3,0.31,2971200
PTTGC13P2608A,20260424,0.23,0.24,0.23,0.23,2167700
PTTGC19C2608A,20260424,0.53,0.54,0.53,0.54,10900
PTTGC19C2609A,20260424,0.33,0.33,0.32,0.33,7656300
PTTGC41C2609A,20260424,0.3,0.3,0.29,0.3,550800
PTTGC41C2611T,20260424,0.36,0.36,0.35,0.36,4801100
PTTGC41C2612T,20260424,0.68,0.68,0.67,0.68,600600
PTTGC41C2702T,20260424,0.28,0.28,0.28,0.28,902800
RCL01C2608A,20260424,0.18,0.18,0.18,0.18,561700
RCL01C2610T,20260424,0.31,0.31,0.31,0.31,41400
RCL13C2608A,20260424,0.17,0.17,0.17,0.17,1176000
RCL19C2609A,20260424,0.19,0.19,0.19,0.19,2486300
SAWAD01C2606A,20260424,0.09,0.1,0.09,0.1,7320800
SAWAD01C2607A,20260424,0.03,0.03,0.03,0.03,100
SAWAD01C2609A,20260424,0.07,0.07,0.07,0.07,50000
SAWAD01C2609B,20260424,0.41,0.43,0.4,0.42,6468300
SAWAD01P2606A,20260424,0.05,0.05,0.05,0.05,2800
SAWAD01P2608A,20260424,0.36,0.36,0.34,0.34,7037800
SAWAD13C2607A,20260424,0.05,0.05,0.05,0.05,55000
SAWAD13C2607B,20260424,0.19,0.2,0.18,0.2,7166600
SAWAD13C2609A,20260424,0.45,0.47,0.43,0.46,14940400
SAWAD13P2608A,20260424,0.28,0.28,0.27,0.27,2525600
SAWAD19C2607A,20260424,0.16,0.17,0.16,0.17,3839500
SAWAD19C2608A,20260424,0.13,0.13,0.13,0.13,3300700
SAWAD41C2609A,20260424,0.42,0.43,0.42,0.43,1308000
SAWAD41C2610T,20260424,0.25,0.26,0.25,0.26,5400
SCB01C2607A,20260424,0.19,0.19,0.15,0.16,594900
SCB01C2608A,20260424,0.14,0.14,0.13,0.13,1085400
SCB01C2610A,20260424,0.31,0.31,0.31,0.31,368100
SCB01C2703T,20260424,0.25,0.25,0.25,0.25,16000
SCB01P2605A,20260424,0.01,0.01,0.01,0.01,219700
SCB01P2607A,20260424,0.22,0.24,0.22,0.23,3796700
SCB01P2610A,20260424,0.64,0.66,0.64,0.65,1075000
SCB13C2607A,20260424,0.06,0.06,0.05,0.06,800800
SCB13C2607B,20260424,0.12,0.12,0.1,0.1,2113100
SCB13C2609A,20260424,0.3,0.3,0.27,0.27,2300100
SCB13P2607A,20260424,0.27,0.29,0.27,0.29,1056400
SCB13P2609A,20260424,0.56,0.59,0.56,0.59,4883100
SCB19C2612T,20260424,0.31,0.31,0.29,0.29,1095300
SCB41C2609T,20260424,0.4,0.4,0.4,0.4,44000
SCC01C2605A,20260424,0.05,0.06,0.05,0.06,646700
SCC01C2607A,20260424,0.18,0.19,0.18,0.18,2634400
SCC01C2609A,20260424,1.43,1.49,1.41,1.46,776000
SCC01C2609B,20260424,0.53,0.55,0.52,0.54,3066800
SCC01C2610A,20260424,0.47,0.47,0.45,0.46,1548000
SCC01C2704T,20260424,0.42,0.42,0.42,0.42,2353900
SCC01P2607A,20260424,0.21,0.23,0.21,0.21,2990600
SCC01P2610A,20260424,0.63,0.64,0.62,0.63,1800100
SCC13C2607A,20260424,0.28,0.31,0.28,0.3,17045000
SCC13C2608A,20260424,1.31,1.31,1.31,1.31,19200
SCC13C2609A,20260424,0.3,0.31,0.29,0.31,14514500
SCC13P2607A,20260424,0.17,0.17,0.15,0.15,1248700
SCC19C2607A,20260424,0.19,0.21,0.18,0.19,10965000
SCC41C2606A,20260424,0.41,0.41,0.37,0.37,180600
SCC41C2607A,20260424,0.27,0.28,0.26,0.26,200200
SCC41C2608A,20260424,1.28,1.28,1.25,1.25,100000
SCC41C2608T,20260424,1.07,1.07,1.05,1.05,100000
SCC41C2611T,20260424,0.26,0.26,0.25,0.26,800
SCC41C2612T,20260424,0.7,0.71,0.69,0.71,401000
SCGP01C2608A,20260424,0.27,0.35,0.26,0.33,6257000
SCGP01C2609A,20260424,0.5,0.62,0.48,0.6,2330300
SCGP01P2608A,20260424,0.17,0.18,0.13,0.14,9051300
SCGP13C2607A,20260424,0.17,0.25,0.17,0.24,20910100
SCGP13C2608A,20260424,0.49,0.61,0.46,0.6,4824300
SCGP13P2608A,20260424,0.19,0.2,0.15,0.15,3140300
SCGP19C2607A,20260424,0.25,0.34,0.24,0.32,11818400
SCGP41C2606T,20260424,0.19,0.24,0.18,0.24,3112300
SCGP41C2607A,20260424,0.18,0.24,0.16,0.23,1740800
SCGP41C2608A,20260424,0.49,0.59,0.46,0.57,100200
SCGP41C2609T,20260424,0.6,0.61,0.6,0.6,400
SET01C2605A,20260424,1.24,1.5,1.23,1.49,2900
SET01C2606L,20260424,3.38,3.38,3.3,3.38,4700
SET01C2607A,20260424,0.85,0.85,0.67,0.79,1444600
SET01C2607B,20260424,0.18,0.22,0.18,0.21,587000
SET01P2605A,20260424,0.01,0.02,0.01,0.02,758700
SET01P2606L,20260424,0.6,0.63,0.59,0.59,1189000
SET01P2607A,20260424,0.08,0.08,0.07,0.07,118900
SET01P2607B,20260424,0.33,0.4,0.33,0.33,5190100
SET01P2706L,20260424,1.68,1.69,1.68,1.68,18200
SET5001C2605A,20260424,0.28,0.3,0.22,0.3,32800
SET5001C2606F,20260424,0.46,0.47,0.37,0.45,1463400
SET5001C2606G,20260424,0.1,0.1,0.09,0.09,5400
SET5001C2606H,20260424,0.07,0.08,0.07,0.08,40500
SET5001C2606I,20260424,0.52,0.56,0.5,0.56,6017900
SET5001C2606J,20260424,0.68,0.68,0.58,0.66,11201300
SET5001C2607A,20260424,0.44,0.44,0.37,0.39,41900
SET5001C2607B,20260424,0.08,0.08,0.08,0.08,500
SET5001C2607C,20260424,0.54,0.54,0.49,0.53,10192600
SET5001P2606G,20260424,0.17,0.2,0.16,0.16,3961100
SET5001P2606H,20260424,0.48,0.56,0.47,0.47,12950800
SET5001P2607A,20260424,0.06,0.06,0.05,0.06,11200
SET5001P2607B,20260424,0.48,0.51,0.48,0.51,8500
SET5001P2607C,20260424,0.32,0.35,0.32,0.32,6230800
SET5013C2606A,20260424,0.39,0.4,0.35,0.39,7288900
SET5013C2606B,20260424,0.23,0.24,0.18,0.23,25534900
SET5013C2606C,20260424,0.15,0.15,0.11,0.15,13527300
SET5013C2606D,20260424,0.12,0.12,0.09,0.11,19396900
SET5013C2606E,20260424,0.1,0.1,0.08,0.08,1459400
SET5013C2606F,20260424,0.06,0.06,0.04,0.05,4753500
SET5013C2606G,20260424,0.04,0.06,0.04,0.06,88300
SET5013C2606H,20260424,0.2,0.2,0.15,0.19,25934300
SET5013C2606I,20260424,0.31,0.32,0.25,0.31,299121200
SET5013C2606J,20260424,0.54,0.55,0.45,0.53,192017400
SET5013C2606K,20260424,0.68,0.68,0.57,0.67,234995400
SET5013C2606L,20260424,0.34,0.34,0.26,0.33,226175400
SET5013P2606A,20260424,0.03,0.04,0.03,0.03,25838900
SET5013P2606B,20260424,0.04,0.05,0.04,0.04,3199000
SET5013P2606C,20260424,0.06,0.08,0.06,0.06,1338800
SET5013P2606D,20260424,0.1,0.12,0.1,0.1,5108900
SET5013P2606E,20260424,0.17,0.22,0.16,0.16,5002400
SET5013P2606F,20260424,0.32,0.33,0.27,0.27,435600
SET5013P2606G,20260424,1.26,1.43,1.26,1.27,205000
SET5013P2606H,20260424,0.09,0.1,0.09,0.09,1541000
SET5013P2606I,20260424,0.14,0.15,0.13,0.14,3625500
SET5013P2606J,20260424,0.06,0.06,0.06,0.06,334000
SET5013P2606K,20260424,0.21,0.24,0.2,0.2,5779900
SET5013P2606L,20260424,0.39,0.44,0.38,0.38,157325500
SET5013P2606M,20260424,0.56,0.64,0.55,0.55,98403600
SET5013P2606N,20260424,0.79,0.89,0.78,0.78,282718100
SET5013P2606O,20260424,1.02,1.13,1,1,42696000
SET5013P2606X,20260424,5.05,5.15,5.05,5.15,4200
SET5019C2606A,20260424,0.34,0.38,0.34,0.38,3400
SET5019C2606B,20260424,0.24,0.24,0.18,0.22,60900
SET5019C2606D,20260424,0.47,0.47,0.38,0.47,40011300
SET5019C2606E,20260424,0.32,0.32,0.26,0.32,39531800
SET5019C2606F,20260424,0.25,0.25,0.19,0.24,36718500
SET5019P2606D,20260424,0.19,0.2,0.17,0.18,51807100
SET5019P2606E,20260424,0.36,0.41,0.35,0.35,47736900
SET5019P2606F,20260424,0.8,0.93,0.79,0.79,57225000
SET5041C2606A,20260424,0.41,0.45,0.4,0.45,5400
SET5041C2606B,20260424,0.23,0.25,0.19,0.24,105000
SET5041C2606C,20260424,0.22,0.22,0.17,0.21,6432000
SET5041C2606D,20260424,0.1,0.11,0.1,0.1,1040100
SET5041C2606E,20260424,0.08,0.09,0.08,0.09,1700000
SET5041C2606H,20260424,0.17,0.19,0.17,0.19,30200
SET5041C2606I,20260424,0.27,0.27,0.23,0.27,36284300
SET5041C2606J,20260424,0.42,0.42,0.35,0.42,31784100
SET5041C2606K,20260424,0.52,0.52,0.44,0.52,19835600
SET5041C2609T,20260424,0.91,0.94,0.89,0.94,55300
SET5041P2606C,20260424,0.55,0.56,0.53,0.53,35100
SET5041P2606D,20260424,0.63,0.65,0.63,0.65,5800000
SET5041P2606E,20260424,0.76,0.81,0.76,0.81,5600100
SET5041P2606F,20260424,0.86,0.86,0.86,0.86,100
SET5041P2606H,20260424,0.22,0.22,0.22,0.22,100
SET5041P2606L,20260424,0.4,0.4,0.36,0.37,1030600
SET5041P2606M,20260424,0.55,0.58,0.53,0.53,12420800
SET5041P2606N,20260424,0.74,0.83,0.74,0.74,75588100
SET5041P2606O,20260424,0.95,1.02,0.94,0.94,7672400
SET5041P2609T,20260424,0.32,0.34,0.31,0.31,21400
SIRI13C2605A,20260424,0.03,0.03,0.03,0.03,400000
SISB13C2608A,20260424,0.15,0.15,0.14,0.14,2199400
SISB19C2612A,20260424,0.26,0.26,0.25,0.25,406500
SISB41C2702T,20260424,0.18,0.18,0.18,0.18,50000
SJWD13C2608A,20260424,0.21,0.22,0.21,0.21,1120700
SJWD19C2609T,20260424,0.04,0.05,0.04,0.05,200
SPALI13C2608A,20260424,0.19,0.19,0.19,0.19,2854600
SPRC01C2607A,20260424,0.13,0.21,0.13,0.21,13261000
SPRC01C2610A,20260424,0.24,0.32,0.24,0.32,5745800
SPRC01C2703T,20260424,0.21,0.25,0.21,0.25,7753000
SPRC13C2607A,20260424,0.13,0.21,0.12,0.21,13344100
SPRC13C2608A,20260424,0.12,0.18,0.12,0.18,9550100
SPRC13C2609A,20260424,0.26,0.37,0.26,0.37,6373000
SPRC19C2609A,20260424,0.27,0.37,0.27,0.37,14568000
SPRC41C2606T,20260424,0.13,0.18,0.13,0.18,6454200
SPRC41C2607A,20260424,0.14,0.19,0.14,0.19,334300
SPRC41C2608A,20260424,0.11,0.16,0.11,0.16,500
SPRC41C2612T,20260424,0.5,0.59,0.5,0.59,1151800
SPX28C2606B,20260424,1.1,1.12,1.1,1.12,200
SPX28C2609A,20260424,0.91,0.92,0.9,0.92,1900
SPX41C2606A,20260424,0.51,0.51,0.51,0.51,100000
SPX41C2606B,20260424,1.14,1.14,1.14,1.14,200000
SPX41P2606A,20260424,0.33,0.33,0.32,0.33,2040200
SPX41P2606B,20260424,0.16,0.16,0.16,0.16,150000
STA01C2609A,20260424,0.35,0.35,0.31,0.32,2712000
STA13C2608A,20260424,0.46,0.46,0.41,0.42,3261400
STA13C2608B,20260424,0.32,0.32,0.28,0.29,2319700
STA19C2612A,20260424,0.58,0.58,0.54,0.55,5334400
STA41C2612T,20260424,0.32,0.32,0.3,0.31,600
STECON01C2609A,20260424,0.2,0.2,0.19,0.2,2911700
STECON13C2609A,20260424,0.2,0.2,0.18,0.2,1337700
STGT01C2608A,20260424,0.52,0.52,0.52,0.52,55300
STGT01C2609A,20260424,0.21,0.21,0.21,0.21,1818700
STGT13C2607B,20260424,0.12,0.12,0.11,0.11,506000
STGT41C2606T,20260424,0.15,0.15,0.15,0.15,130900
STGT41C2612T,20260424,0.51,0.51,0.5,0.51,3300400
TASCO41C2612T,20260424,0.19,0.2,0.19,0.2,1400
TCAP13C2609A,20260424,0.24,0.24,0.24,0.24,102200
TENCEN28C2610A,20260424,0.18,0.18,0.18,0.18,400000
TENCEN41C2609A,20260424,0.21,0.22,0.21,0.22,1503000
TFG13C2608B,20260424,0.57,0.57,0.57,0.57,1000
TFG13C2609A,20260424,0.42,0.42,0.41,0.41,3147800
TFG41C2609A,20260424,0.39,0.39,0.39,0.39,400
TFG41C2701T,20260424,0.51,0.51,0.5,0.5,200600
TIDLOR01C2606A,20260424,0.09,0.1,0.09,0.09,3816500
TIDLOR01C2608A,20260424,0.08,0.12,0.08,0.1,3964100
TIDLOR01C2609A,20260424,0.45,0.54,0.43,0.5,9046400
TIDLOR01C2610T,20260424,0.16,0.18,0.16,0.17,6266500
TIDLOR01P2608A,20260424,0.66,0.66,0.64,0.65,11000
TIDLOR13C2607A,20260424,0.11,0.14,0.1,0.12,9587400
TIDLOR13C2608A,20260424,0.35,0.43,0.33,0.38,56907200
TIDLOR13C2701T,20260424,0.27,0.31,0.27,0.3,5454700
TIDLOR13P2608A,20260424,0.35,0.36,0.3,0.32,5411100
TIDLOR19C2609T,20260424,0.15,0.17,0.15,0.16,9648800
TIDLOR19C2612T,20260424,0.39,0.46,0.38,0.43,19931500
TIDLOR41C2607A,20260424,0.1,0.11,0.1,0.11,200
TIDLOR41C2608A,20260424,0.31,0.39,0.29,0.36,3623600
TIDLOR41C2612T,20260424,0.18,0.21,0.18,0.2,2702300
TISCO13C2607A,20260424,0.1,0.1,0.09,0.09,602700
TLI01C2609A,20260424,0.2,0.2,0.19,0.19,562800
TLI13C2607A,20260424,0.05,0.05,0.05,0.05,17000
TLI13C2609A,20260424,0.22,0.22,0.21,0.22,363100
TOA01C2702T,20260424,0.23,0.23,0.23,0.23,1000
TOP01C2608A,20260424,0.17,0.21,0.16,0.19,5792200
TOP01C2609A,20260424,0.1,0.11,0.1,0.11,3328000
TOP01C2610A,20260424,0.33,0.39,0.33,0.38,5407200
TOP01C2701T,20260424,0.32,0.37,0.32,0.35,4161500
TOP01P2607A,20260424,0.2,0.2,0.16,0.16,5082000
TOP01P2609A,20260424,0.79,0.79,0.71,0.71,2600
TOP01P2609B,20260424,0.64,0.66,0.57,0.58,2172700
TOP13C2606A,20260424,0.41,0.41,0.41,0.41,10000
TOP13C2607A,20260424,0.21,0.24,0.18,0.23,8236500
TOP13C2608A,20260424,0.15,0.17,0.13,0.16,10435200
TOP13C2609A,20260424,0.34,0.41,0.33,0.4,15157200
TOP13P2607A,20260424,0.11,0.11,0.11,0.11,398700
TOP13P2608A,20260424,0.57,0.58,0.5,0.51,7182300
TOP19C2608A,20260424,0.21,0.26,0.21,0.25,14497700
TOP19C2612T,20260424,0.69,0.76,0.67,0.74,4624200
TOP41C2607A,20260424,0.18,0.22,0.18,0.21,300600
TOP41C2608A,20260424,0.12,0.15,0.12,0.14,1200
TOP41C2609T,20260424,1.05,1.08,1.05,1.08,100000
TOP41C2611T,20260424,0.54,0.57,0.54,0.56,12100
TOP41C2703T,20260424,0.27,0.3,0.27,0.3,2001800
TRUE01C2607A,20260424,0.35,0.35,0.32,0.32,1301600
TRUE01C2608A,20260424,0.19,0.19,0.18,0.18,768000
TRUE01C2703T,20260424,0.25,0.26,0.25,0.25,2201300
TRUE01P2608A,20260424,0.35,0.37,0.35,0.37,2937200
TRUE13C2607A,20260424,0.27,0.27,0.25,0.25,1959200
TRUE13C2607B,20260424,0.34,0.34,0.32,0.32,968800
TRUE13C2608A,20260424,0.2,0.2,0.19,0.19,2149600
TRUE13P2607A,20260424,0.04,0.05,0.04,0.05,74100
TRUE13P2608A,20260424,0.33,0.34,0.33,0.34,1648600
TRUE19C2607A,20260424,0.37,0.37,0.35,0.35,1610800
TRUE19C2608A,20260424,0.18,0.18,0.17,0.17,417000
TRUE41C2607B,20260424,0.29,0.29,0.27,0.27,1411000
TRUE41C2612T,20260424,0.29,0.29,0.28,0.29,2500200
TRUE41P2608A,20260424,0.3,0.31,0.3,0.31,2000200
TTB01C2605A,20260424,0.02,0.02,0.02,0.02,49900
TTB13C2607A,20260424,0.08,0.08,0.07,0.08,1236900
TTB13C2608A,20260424,0.07,0.07,0.07,0.07,389200
TTB13C2609A,20260424,0.15,0.15,0.15,0.15,100
TU01C2609A,20260424,0.12,0.12,0.11,0.12,622900
TU13C2607A,20260424,0.04,0.04,0.04,0.04,40000
TU13C2608A,20260424,0.13,0.13,0.13,0.13,845000
TU13P2608A,20260424,0.23,0.23,0.22,0.22,152200
TU19C2607A,20260424,0.05,0.05,0.05,0.05,600000
VGI01C2608A,20260424,0.08,0.08,0.07,0.08,447800
VGI01C2609A,20260424,0.19,0.2,0.17,0.18,1369400
VGI13C2607A,20260424,0.04,0.04,0.03,0.04,490300
VGI13C2608A,20260424,0.06,0.06,0.04,0.05,2403400
VGI13C2608B,20260424,0.13,0.14,0.12,0.12,2712500
VGI19C2607A,20260424,0.1,0.11,0.09,0.09,6533000
VGI19C2609A,20260424,0.19,0.2,0.17,0.18,3824900
VGI19C2610T,20260424,0.05,0.05,0.05,0.05,210000
VGI41C2608A,20260424,0.04,0.04,0.04,0.04,13000
VGI41C2703T,20260424,0.26,0.27,0.26,0.27,400
WHA01C2608A,20260424,0.28,0.29,0.27,0.28,3963000
WHA01C2610T,20260424,0.64,0.65,0.63,0.64,3276000
WHA01P2608A,20260424,0.34,0.34,0.33,0.33,1960600
WHA13C2608A,20260424,0.37,0.38,0.36,0.37,3939700
WHA13P2608A,20260424,0.39,0.39,0.38,0.38,1394200
WHA19C2607A,20260424,0.3,0.3,0.28,0.3,4902100
WHA41C2605T,20260424,0.01,0.01,0.01,0.01,500
WHA41C2608A,20260424,0.35,0.36,0.34,0.35,1108300
WHA41C2612T,20260424,0.36,0.36,0.36,0.36,1200
WHA41C2701T,20260424,0.52,0.54,0.52,0.53,1600800
WUXI41C2609A,20260424,0.2,0.2,0.2,0.2,1200
XIAOMI41C2609T,20260424,0.31,0.31,0.31,0.31,1200
ZIJIN41C2606A,20260424,0.11,0.12,0.11,0.12,200
ZIJIN41C2610A,20260424,0.44,0.48,0.44,0.48,2800
AAPL01,20260424,26,26.25,25.75,26,5073
AAPL03,20260424,2.96,2.98,2.94,2.96,42776
AAPL19,20260424,5.95,5.95,5.9,5.9,3225
AAPL80,20260424,8.85,8.9,8.8,8.8,526976
ABBV19,20260424,6.55,6.6,6.55,6.55,63529
ABNB06,20260424,4.66,4.66,4.56,4.58,56278
ADBE03,20260424,1.79,1.79,1.68,1.74,522389
ADBE06,20260424,2.02,2.02,1.89,1.95,1625833
ADVANT19,20260424,5.75,6.1,5.75,6.1,117886
ADVANT23,20260424,3.9,4.16,3.9,4.16,1500981
AFRM03,20260424,2.62,2.62,2.56,2.58,24661
AIA06,20260424,3.38,3.38,3.38,3.38,2811
AIA19,20260424,3.38,3.38,3.38,3.38,101
AIA23,20260424,2.6,2.64,2.6,2.64,27656
AMD03,20260424,5.4,5.4,5.3,5.35,28497
AMD23,20260424,4.08,4.48,4.08,4.46,125819
AMD80,20260424,1.94,2.14,1.94,2.14,63947596
AMGN06,20260424,2.78,2.86,2.78,2.86,116028
AMZN01,20260424,24.2,24.6,24.2,24.3,350271
AMZN03,20260424,4.12,4.2,4.12,4.14,396
AMZN06,20260424,2.06,2.1,2.06,2.08,373856
AMZN23,20260424,2.76,2.8,2.76,2.78,29412
AMZN80,20260424,2.06,2.1,2.06,2.06,11365553
ANET23,20260424,3.16,3.24,3.1,3.18,83418
ANTA13,20260424,2.2,2.2,2.2,2.2,530
ANTA23,20260424,2.18,2.18,2.18,2.18,1453
APLD03,20260424,3.6,4.02,3.6,4,1215065
APPL03,20260424,2.58,2.58,2.4,2.48,295574
ASEMI24,20260424,2.88,2.92,2.84,2.92,261724
ASICS23,20260424,2.68,2.68,2.6,2.6,196800
ASML01,20260424,38.25,39.25,38,39.25,204348
ASTS03,20260424,2.7,2.72,2.52,2.6,3901484
AVGO23,20260424,3.12,3.16,3.1,3.12,8393
AVGO80,20260424,2.72,2.78,2.7,2.72,5273626
AXP06,20260424,2.68,2.68,2.56,2.6,35724
BABA01,20260424,12.2,12.5,12.2,12.5,28672
BABA06,20260424,5.45,5.5,5.45,5.5,106140
BABA13,20260424,2.28,2.3,2.28,2.3,310
BABA23,20260424,3.58,3.7,3.58,3.7,120629
BABA80,20260424,5.35,5.5,5.3,5.45,6277841
BAC03,20260424,3.44,3.48,3.42,3.42,2147
BDX06,20260424,1.68,1.7,1.67,1.69,50903
BIDU01,20260424,11.3,11.5,11.3,11.5,5338
BIDU06,20260424,4.96,5.05,4.96,5.05,6900
BIDU23,20260424,2.34,2.44,2.34,2.44,260005
BIDU80,20260424,4.92,5.1,4.92,5.05,8497695
BILIBILI01,20260424,3.46,3.54,3.44,3.48,186151
BIREN23,20260424,7.6,8.05,7.6,7.7,23963
BKNG03,20260424,2.4,2.42,2.38,2.42,1432
BKNG80,20260424,2.92,2.94,2.84,2.88,194800
BLK06,20260424,3.44,3.44,3.4,3.42,7263
BONDAS19,20260424,6.45,6.45,6.35,6.4,5317
BRKB80,20260424,1.52,1.54,1.51,1.52,3099523
BYDCOM01,20260424,0.95,0.97,0.93,0.97,2721825
BYDCOM80,20260424,0.41,0.43,0.41,0.42,17214867
CAMBRI80,20260424,6.3,6.65,6.3,6.45,1160131
CATL01,20260424,6.55,6.55,6.4,6.55,3767780
CATL23,20260424,11.5,11.6,11.3,11.6,91936
CATL80,20260424,28.75,28.75,28.25,28.25,132000
CCJ23,20260424,2.66,2.66,2.5,2.66,866683
CEG23,20260424,2.36,2.42,2.32,2.42,722795
CHHONGQ19,20260424,14.9,15.2,14.9,15.2,134442
CHMOBILE19,20260424,3.48,3.5,3.48,3.48,207667
CHMOBILE23,20260424,2.7,2.7,2.7,2.7,266395
CHNXT5023,20260424,8.15,8.25,8.05,8.25,209061
CMBANK23,20260424,2.32,2.32,2.3,2.32,11637
CME03,20260424,3.1,3.12,3.04,3.08,34479
CN01,20260424,23.3,23.5,23.3,23.3,12359
CN23,20260424,5.85,5.95,5.85,5.85,671
CNBIO24,20260424,1.46,1.46,1.45,1.46,8886
CNEV24,20260424,2.48,2.52,2.48,2.52,1818
CNROBOAI23,20260424,2.5,2.54,2.5,2.5,21429
CNSEMI23,20260424,2.8,2.86,2.8,2.86,76034
CNSTAR5023,20260424,7.2,7.4,7.15,7.15,181491
CNTECH01,20260424,25.5,26.25,25.5,26.25,52911
COSTCO19,20260424,32.75,33,32.75,32.75,4634
CRM01,20260424,3.26,3.26,3.08,3.18,418729
CRM06,20260424,2.34,2.34,2.22,2.28,41694
CRM80,20260424,5.85,5.85,5.55,5.7,17959
CRSP03,20260424,3.66,3.72,3.58,3.6,17195
CRWD06,20260424,2.96,2.96,2.86,2.88,171241
CRWD80,20260424,14.7,14.8,14.2,14.6,303784
CRWV03,20260424,3.94,4,3.78,3.9,806116
CSCO06,20260424,3.6,3.64,3.58,3.58,608562
CYPC80,20260424,12.8,12.8,12.7,12.8,1237
DASH03,20260424,2.9,2.9,2.86,2.86,531
DBS19,20260424,14.5,14.6,14.4,14.6,25792
DDOG19,20260424,4.18,4.18,4.04,4.16,71771
DELL19,20260424,6.95,7.1,6.8,6.95,1455059
DISNEY19,20260424,16.9,16.9,16.7,16.9,101855
DUOL06,20260424,2.1,2.1,2,2.06,445464
E1VFVN3001,20260424,44,44,43.25,43.25,195772
EOSE03,20260424,1.19,1.21,1.14,1.16,4152503
ESTEE80,20260424,0.82,0.83,0.81,0.81,447929
EXPE06,20260424,3.24,3.28,3.24,3.26,9821
FANUC23,20260424,2.34,2.36,2.3,2.3,63689
FCX23,20260424,2.84,2.84,2.44,2.56,382683
FERRARI80,20260424,1.15,1.16,1.12,1.13,39882
FPTVN11,20260424,1.83,1.83,1.82,1.82,171839
FPTVN19,20260424,9.25,9.25,9.15,9.25,199295
FUEVFVND01,20260424,45.5,45.5,44.75,44.75,90318
GAC03,20260424,2.56,2.56,2.5,2.54,957
GANFENG23,20260424,3.26,3.48,3.26,3.48,440632
GASVN11,20260424,3.88,3.9,3.86,3.88,5829
GDS23,20260424,2.52,2.64,2.52,2.62,76144
GEELY06,20260424,3.84,3.84,3.8,3.8,22541
GEELY80,20260424,9.6,9.65,9.45,9.6,228942
GEV23,20260424,3.38,3.5,3.36,3.48,3754025
GIGA23,20260424,6.3,6.3,6.05,6.2,109361
GOLD03,20260424,3.5,3.52,3.48,3.5,242813
GOLD19,20260424,14,14,13.8,13.9,242277
GOLDUS03,20260424,3.52,3.54,3.48,3.5,96342
GOLDUS19,20260424,46.5,47,46.25,46.5,108550
GOOG23,20260424,2.74,2.78,2.74,2.76,85873
GOOG80,20260424,5.45,5.5,5.45,5.45,5659837
GOOGL01,20260424,32.25,32.5,32.25,32.5,23552
GOOGL03,20260424,5.5,5.55,5.5,5.5,219109
GRAB80,20260424,12.9,13.1,12.7,12.8,99643
GSUS06,20260424,4.34,4.34,4.32,4.32,1112
HAIERS19,20260424,8.5,8.65,8.5,8.65,6001
HANSOH19,20260424,6.55,6.55,6.45,6.55,40077
HERMES80,20260424,6.35,6.4,6.2,6.25,82054
HIMS03,20260424,4.58,5.2,4.4,4.72,3344849
HK01,20260424,21.5,21.9,21.5,21.9,18536
HK13,20260424,5.65,5.7,5.65,5.65,7925
HKCE01,20260424,24.6,25,24.6,25,6192
HKEX23,20260424,2.18,2.2,2.18,2.18,7578
HKTECH13,20260424,4.04,4.08,4.02,4.08,41500
HONDA19,20260424,2.66,2.68,2.64,2.66,4801
HOOD03,20260424,2.8,2.82,2.74,2.76,25280
HOOD06,20260424,2.82,2.82,2.68,2.76,300237
HOOD80,20260424,2.82,2.82,2.66,2.76,658645
HORIZON23,20260424,1.97,2.02,1.97,1.99,108279
HPG19,20260424,3.46,3.5,3.46,3.46,8003
HSHD23,20260424,6.75,6.9,6.75,6.9,56320
HUAHONG23,20260424,6.05,6.65,6.05,6.35,5908074
IBM06,20260424,3.02,3.04,2.86,3,421367
ICBC06,20260424,2.98,3.02,2.98,3.02,35946
ICBC19,20260424,2.98,3.02,2.98,3,9771
IFLYTEK80,20260424,2.32,2.36,2.3,2.3,319
INDIA01,20260424,13.3,13.4,13.2,13.2,127845
INDIAESG19,20260424,4.1,4.12,4.08,4.08,6255
INTEL03,20260424,4.32,5.6,4.28,5.6,2057188
IONQ03,20260424,3.04,3.08,2.74,2.88,3492765
ISRG01,20260424,3.48,3.5,3.44,3.46,275884
ISRG06,20260424,3.1,3.14,3.1,3.14,142886
ISRG19,20260424,3.9,3.9,3.88,3.88,1001
ITOCHU19,20260424,6.6,6.65,6.6,6.6,9120
JAP03,20260424,3.46,3.46,3.46,3.46,5030
JAPAN10001,20260424,26.75,27.25,26.75,27.25,14521
JAPAN13,20260424,4.96,5.1,4.96,5.05,3819
JD80,20260424,4.84,4.9,4.84,4.88,315367
JDHEAL19,20260424,3.78,3.84,3.78,3.84,217766
JEPI19,20260424,6.2,6.25,6.2,6.25,1083981
JGRO19,20260424,10.1,10.1,10,10.1,4604
JNJ03,20260424,3.66,3.78,3.66,3.76,152715
JPMUS06,20260424,3.38,3.4,3.34,3.34,270545
JPMUS19,20260424,20.3,20.3,20.1,20.2,648
JTEK19,20260424,9.95,10,9.9,9.95,252
KEYENCE23,20260424,2.32,2.32,2.26,2.32,15941
KINGSOFT23,20260424,1.65,1.7,1.65,1.7,25955
KIOXIA23,20260424,4.46,4.46,4.36,4.42,272741
KO80,20260424,2.42,2.5,2.42,2.46,285593
KUAISH01,20260424,2.26,2.32,2.24,2.32,96226
KUAISH06,20260424,1.8,1.83,1.79,1.83,29922
KUAISH23,20260424,1.28,1.3,1.27,1.29,3881214
KUAISH80,20260424,1.8,1.83,1.79,1.83,1413740
LENOVO13,20260424,2.5,2.68,2.5,2.64,17216
LLY80,20260424,1.49,1.5,1.48,1.48,2680197
LOREAL80,20260424,1.41,1.43,1.4,1.42,131658
LPGOLD13,20260424,2.52,2.54,2.5,2.54,1753
LRCX23,20260424,3.36,3.4,3.2,3.3,272569
LULU06,20260424,2.52,2.52,2.3,2.32,778265
LVMH01,20260424,11.3,11.4,11.1,11.1,19232
MA80,20260424,1.66,1.66,1.63,1.63,221674
MEITUAN19,20260424,1.14,1.15,1.14,1.14,48900
MEITUAN23,20260424,2.14,2.14,2.14,2.14,100320
MEITUAN80,20260424,3.44,3.46,3.4,3.42,35714
MELI06,20260424,2.38,2.4,2.34,2.34,99666
META01,20260424,6.4,6.4,6.25,6.3,261097
META06,20260424,2.7,2.72,2.66,2.66,1067446
META23,20260424,2.58,2.58,2.56,2.56,44454
META80,20260424,2.7,2.72,2.66,2.66,5385011
MICRON01,20260424,9.75,9.95,9.55,9.85,4466891
MICRON03,20260424,5.25,5.3,5.15,5.3,246075
MICRON19,20260424,10.5,10.6,10.3,10.5,575936
MICRON23,20260424,3.16,3.2,3.08,3.16,477114
MICRON80,20260424,15.6,16,15.3,15.7,2126100
MITSU19,20260424,9.65,9.75,9.55,9.7,47749
MNSO80,20260424,12.1,12.3,12.1,12.3,7908
MNST06,20260424,3.54,3.6,3.54,3.6,12211
MRVL06,20260424,5.1,5.6,5.1,5.6,343331
MRVL23,20260424,4.28,4.66,4.28,4.66,37273
MRVL80,20260424,5.1,5.6,5.1,5.6,1142162
MS06,20260424,4.1,4.14,4.08,4.08,7253
MSFT01,20260424,4.06,4.06,3.92,4,1621578
MSFT03,20260424,2.74,2.74,2.74,2.74,220
MSFT06,20260424,3.46,3.46,3.34,3.4,3393164
MSFT19,20260424,4.5,4.54,4.5,4.54,53782
MSFT23,20260424,2.56,2.56,2.5,2.52,61933
MSFT80,20260424,6.9,6.9,6.7,6.8,6136778
MSN11,20260424,3.9,3.9,3.8,3.84,190863
MSN19,20260424,3.22,3.22,3.2,3.2,3000
MUFG19,20260424,5.6,5.65,5.55,5.6,9810
MUFG23,20260424,2.28,2.3,2.26,2.3,13993
MWG11,20260424,4.24,4.24,4.16,4.16,3128
MWG19,20260424,10.6,10.7,10.5,10.7,302140
NAURA23,20260424,2.5,2.56,2.5,2.56,714246
NAURA80,20260424,22.2,22.7,22.2,22.5,140184
NBIS03,20260424,5.05,5.4,5,5.25,2170750
NDAQ06,20260424,2.82,2.9,2.8,2.8,44869
NDX01,20260424,22.6,22.9,22.6,22.8,115666
NEM06,20260424,3.58,3.64,3.52,3.64,116095
NEM23,20260424,2.28,2.28,2.22,2.28,65958
NET03,20260424,3.28,3.38,3.24,3.38,56375
NETEASE80,20260424,7.1,7.25,7,7.05,30719
NFLX06,20260424,3.04,3.08,2.98,3.02,61352691
NFLX80,20260424,3.06,3.1,3,3.02,4589808
NIKE80,20260424,0.74,0.75,0.73,0.73,1349765
NIKKEI80,20260424,12.5,12.8,12.5,12.8,4238
NINTENDO19,20260424,16.3,16.4,16.1,16.3,104941
NINTENDO23,20260424,1.45,1.45,1.41,1.45,157989
NONGFU80,20260424,1.96,1.96,1.92,1.92,180621
NOVOB80,20260424,1.27,1.28,1.24,1.24,3685014
NOW19,20260424,2.92,2.94,2.74,2.82,1813768
NVDA01,20260424,19.2,19.4,18.9,19.1,1287993
NVDA03,20260424,4.36,4.4,4.3,4.32,106896
NVDA06,20260424,4.36,4.38,4.3,4.32,103491
NVDA19,20260424,26.25,26.25,25.75,26,108914
NVDA23,20260424,3.12,3.16,3.08,3.12,961364
NVDA80,20260424,32.75,33,32,32.25,475423
NVTS03,20260424,6,6.35,5.8,6.3,15267225
OIL03,20260424,3.58,3.62,3.56,3.6,5644843
ONON03,20260424,2.38,2.42,2.32,2.32,37930
ORCL01,20260424,3.7,3.7,3.54,3.66,3813836
ORCL06,20260424,2.36,2.38,2.26,2.34,6072179
ORCL19,20260424,5.95,5.95,5.7,5.75,562183
PANW80,20260424,5.7,5.7,5.55,5.65,155336
PEP80,20260424,1,1.02,1,1.01,124373
PETROCN80,20260424,4.66,4.7,4.6,4.7,33032
PFIZER19,20260424,17.4,17.4,17.1,17.3,68180
PINGAN01,20260424,5.75,5.8,5.75,5.75,5195
PINGAN80,20260424,2.52,2.54,2.5,2.52,641754
PLTR01,20260424,4.44,4.44,4.16,4.24,728155
PLTR03,20260424,3.26,3.26,3.06,3.1,221372
PLTR06,20260424,3.24,3.24,3.04,3.08,2140441
PLTR23,20260424,2.56,2.56,2.42,2.48,219844
POPMART23,20260424,1.54,1.57,1.54,1.57,6510
POPMART80,20260424,6.45,6.5,6.4,6.45,152762
PYPL06,20260424,3.28,3.28,3.22,3.24,68439
QCOM06,20260424,2.2,2.22,2.16,2.2,755923
QQQM19,20260424,17.4,17.6,17.3,17.5,273142
RBLX06,20260424,1.59,1.59,1.47,1.52,2759705
REMX03,20260424,3.36,3.36,3.16,3.26,96551
RGTI03,20260424,2.94,2.96,2.7,2.78,731283
RKLB03,20260424,5.85,5.85,5.35,5.6,1761620
SANOFI80,20260424,3.14,3.16,3.08,3.08,57983
SANRIO23,20260424,1.44,1.44,1.42,1.43,212951
SANRIO80,20260424,9.8,9.8,9.75,9.8,207
SBUX80,20260424,1.61,1.63,1.59,1.6,99184
SEAGATE23,20260424,3.9,4.12,3.9,4.06,517838
SEMB19,20260424,5.8,5.8,5.7,5.7,1239
SENSE23,20260424,2.08,2.1,2.08,2.1,52547
SGX19,20260424,5.45,5.55,5.45,5.55,15391
SHOP03,20260424,2.8,2.8,2.66,2.74,150144
SHOP06,20260424,2.1,2.1,1.98,2.04,506062
SIA19,20260424,16.2,16.4,16.1,16.1,6130
SIL03,20260424,3.08,3.12,3,3.06,517148
SINGTEL80,20260424,11.7,11.8,11.5,11.8,222595
SINOBIO19,20260424,4.66,4.74,4.66,4.74,1912
SMCI03,20260424,1.76,1.8,1.68,1.8,482567
SMFG19,20260424,10.9,11,10.8,10.9,8503
SMIC01,20260424,3.72,3.84,3.72,3.82,686228
SMIC03,20260424,2.64,2.7,2.62,2.68,217530
SMIC13,20260424,1.78,1.88,1.77,1.86,41213
SMIC23,20260424,3.06,3.18,3.04,3.16,10796963
SNDK03,20260424,7.85,7.95,7.6,7.8,1125959
SNDK23,20260424,3.9,3.96,3.76,3.86,984876
SNOW06,20260424,2.42,2.46,2.3,2.42,244014
SNOW23,20260424,2.22,2.24,2.08,2.22,231083
SOFTBANK23,20260424,2.26,2.36,2.24,2.36,1263417
SONY80,20260424,3.28,3.3,3.26,3.3,235911
SP50001,20260424,23.2,23.4,23.2,23.4,84421
SP500US19,20260424,13.5,13.6,13.4,13.6,52281
SP500US80,20260424,2.72,2.72,2.7,2.72,535482
SPBOND80,20260424,8.3,8.35,8.3,8.3,12198
SPCOM80,20260424,3.82,3.86,3.78,3.86,847
SPENGY80,20260424,3.68,3.72,3.66,3.72,110818
SPFIN80,20260424,16.8,16.9,16.7,16.9,1261
SPHLTH80,20260424,4.74,4.76,4.72,4.74,11118
SPOT06,20260424,2.12,2.12,2.04,2.08,626984
SPTECH80,20260424,10.2,10.3,10.1,10.3,2866
STAR5001,20260424,41.75,42.75,41.75,42.5,220819
STEG19,20260424,28,28.25,28,28.25,7967
SUNNY19,20260424,2.62,2.64,2.6,2.64,78812
SUNNY80,20260424,2.6,2.6,2.6,2.6,1200
SUSHI23,20260424,2.78,2.8,2.76,2.78,524231
SYNP03,20260424,3.02,3.02,2.96,3,3445
TAIWAN19,20260424,36.75,38.75,36.75,38.75,192893
TAIWANAI13,20260424,16.9,17.2,16.9,17.2,9127
TAIWANHD13,20260424,25.5,26.25,25.25,25.5,1285
TEL23,20260424,3.42,3.46,3.42,3.46,44060
TEL80,20260424,9.4,9.4,9.3,9.35,29150
TENCENT01,20260424,4.64,4.7,4.64,4.7,351141
TENCENT06,20260424,2.04,2.06,2.02,2.06,176856
TENCENT13,20260424,4.18,4.2,4.18,4.18,2138
TENCENT19,20260424,10.2,10.3,10.2,10.3,5101
TENCENT23,20260424,2.28,2.34,2.26,2.34,287431
TENCENT80,20260424,20.4,20.7,20.3,20.7,281927
THAIBEV19,20260424,10.8,10.8,10.6,10.6,26314
TME23,20260424,0.96,1.02,0.95,1.02,274100
TOYOTA80,20260424,6.3,6.35,6.25,6.3,36829
TRIPCOM23,20260424,1.71,1.71,1.71,1.71,1004
TRIPCOM80,20260424,1.71,1.74,1.71,1.73,1277418
TRVUS06,20260424,3.92,3.98,3.92,3.98,1214
TSLA01,20260424,36.25,36.75,35.25,36,40261
TSLA03,20260424,4.1,4.12,3.98,4.08,32860
TSLA23,20260424,2.36,2.4,2.32,2.38,116656
TSLA80,20260424,2.44,2.5,2.38,2.44,14468835
UBER06,20260424,2.46,2.46,2.4,2.4,27397
UBTECH23,20260424,1.72,1.77,1.7,1.77,875940
UNH19,20260424,5.7,5.75,5.65,5.65,909164
UNIQLO80,20260424,14.1,14.3,14.1,14.2,9336
UOB19,20260424,9.15,9.2,9.1,9.2,28600
USTR24,20260424,1.17,1.17,1.17,1.17,1103
VCB11,20260424,3.1,3.1,3.02,3.02,55613
VCB19,20260424,7.8,7.8,7.55,7.6,180752
VENTURE19,20260424,4.12,4.14,4.12,4.12,27696
VHM19,20260424,18.4,18.4,17.7,17.8,49956
VISA06,20260424,1.26,1.27,1.24,1.25,555628
VISA80,20260424,1.26,1.26,1.23,1.25,1344278
VNFIN24,20260424,1.86,1.86,1.85,1.85,102
VNM19,20260424,7.7,7.7,7.55,7.65,157603
VRT23,20260424,2.92,3.16,2.92,3.16,2084359
VT03,20260424,3.24,3.28,3.22,3.28,53543
WMT06,20260424,4.22,4.28,4.22,4.26,15700
WORLD03,20260424,4.04,4.08,4,4.04,43521
WORLDA01,20260424,4.74,4.82,4.74,4.74,165014
WUXI06,20260424,3.5,3.5,3.46,3.5,80499
WUXIAT80,20260424,5.1,5.15,5.05,5.1,12030
XIAOMI01,20260424,2.94,2.98,2.92,2.96,117511
XIAOMI13,20260424,2.76,2.76,2.76,2.76,303
XIAOMI19,20260424,6.45,6.5,6.45,6.5,20536
XIAOMI23,20260424,1.55,1.59,1.55,1.59,362374
XIAOMI80,20260424,12.9,13,12.8,13,1309693
XPENG03,20260424,2.7,2.7,2.66,2.7,49704
ZAI23,20260424,10.6,10.6,9.35,9.8,1147341
ZIJIN13,20260424,2.56,2.64,2.56,2.64,700
ZIJIN23,20260424,2.32,2.4,2.3,2.4,42631
ZIJIN80,20260424,15,15.3,14.9,15,53350
ZJINNO80,20260424,4.26,4.26,4.08,4.22,626181
BE8-W1-O,20260424,0.16,0.4,0.16,0.38,355
BWG-W7-O,20260424,0.04,0.04,0.04,0.04,182
CHAYO-W4-O,20260424,0.01,0.18,0.01,0.18,179
DEMCO-W8-O,20260424,0.15,0.23,0.15,0.23,70
EA-W1-O,20260424,0.54,0.55,0.49,0.55,155
IROYAL-W1-O,20260424,1.2,1.2,1.2,1.2,67
ITEL-W6-O,20260424,0.13,0.13,0.13,0.13,100
JAS-W4-O,20260424,0.25,0.25,0.24,0.24,35
K-W3-O,20260424,0.01,0.02,0.01,0.01,121
KASET-W1-O,20260424,0.19,0.19,0.19,0.19,1
KGEN-W2-O,20260424,0.23,0.24,0.23,0.24,21
NOBLE-W3-O,20260424,0.12,0.13,0.12,0.13,82
ORI-W2-O,20260424,0.27,0.27,0.26,0.26,100
PLANET-W3-O,20260424,0.17,0.17,0.17,0.17,29
PPPM-W6-O,20260424,0.03,0.03,0.03,0.03,29
PROEN-W2-O,20260424,0.13,0.13,0.02,0.12,79
PROUD-W3-O,20260424,0.13,0.13,0.12,0.12,125
PSTC-W3-O,20260424,0.02,0.02,0.02,0.02,29
SAAM-W3-O,20260424,0.18,0.18,0.18,0.18,25
SAMTEL-W2-O,20260424,0.3,0.3,0.3,0.3,33
TFG-W4-O,20260424,4.8,4.82,4.8,4.82,75
TL-W2-O,20260424,0.06,0.06,0.06,0.06,707
TNITY-W2-O,20260424,0.01,0.14,0.01,0.14,106
TPL-W1-O,20260424,0.09,0.09,0.09,0.09,58
TRUBB-W3-O,20260424,0.63,0.63,0.63,0.63,10
VIBHA-W5-O,20260424,0.05,0.05,0.05,0.05,50
VIH-W1-O,20260424,0.53,0.53,0.53,0.53,51
XBIO-W7-O,20260424,0.01,0.01,0.01,0.01,68
XBIO-W8-O,20260424,0.12,0.12,0.12,0.12,72
ZIGA-W2-O,20260424,0.04,0.04,0.04,0.04,298
A5-W5,20260424,0.04,0.05,0.04,0.05,92300
ACC-W2,20260424,0.05,0.05,0.04,0.05,723500
ASW-W3,20260424,0.61,0.7,0.61,0.7,11400
B-W8,20260424,0.01,0.01,0.01,0.01,60000
BC-W4,20260424,0.05,0.05,0.05,0.05,10000
BE8-W1,20260424,0.11,0.45,0.11,0.38,22231500
BTC-W7,20260424,0.01,0.01,0.01,0.01,200
BWG-W7,20260424,0.05,0.05,0.04,0.05,448900
CAZ-W1,20260424,0.6,0.61,0.6,0.61,6700
CHASE-W1,20260424,0.16,0.18,0.16,0.16,6186700
CHAYO-W4,20260424,0.23,0.26,0.23,0.24,2327600
CIG-W10,20260424,0.21,0.21,0.21,0.21,200
CIG-W9,20260424,0.01,0.02,0.01,0.02,203600
COMAN-W1,20260424,0.06,0.07,0.06,0.07,35300
DEMCO-W8,20260424,0.24,0.26,0.22,0.23,4521200
EA-W1,20260424,0.55,0.56,0.54,0.55,2352300
EMPIRE-W1,20260424,0.05,0.06,0.05,0.06,304700
EMPIRE-W2,20260424,0.11,0.11,0.1,0.11,1800
GLORY-W1,20260424,0.42,0.49,0.4,0.41,30352700
HYDRO-W2,20260424,0.09,0.1,0.08,0.08,344800
IMH-W1,20260424,0.02,0.02,0.01,0.01,256300
IROYAL-W1,20260424,1.2,1.23,1.16,1.19,214800
IROYAL-W2,20260424,0.97,0.97,0.91,0.91,50100
ITEL-W5,20260424,0.01,0.02,0.01,0.02,1257000
ITEL-W6,20260424,0.14,0.15,0.13,0.15,581100
J-W3,20260424,0.01,0.01,0.01,0.01,800
J-W4,20260424,0.05,0.05,0.05,0.05,100
JAS-W4,20260424,0.23,0.24,0.23,0.23,1150200
K-W3,20260424,0.02,0.04,0.01,0.01,3211700
KASET-W1,20260424,0.19,0.21,0.17,0.17,8589700
KGEN-W2,20260424,0.22,0.24,0.21,0.22,11765800
KUN-W3,20260424,0.04,0.05,0.04,0.05,254400
MADAME-W6,20260424,0.12,0.12,0.11,0.12,32500
MGI-W1,20260424,0.3,0.34,0.25,0.28,4159200
NOBLE-W3,20260424,0.12,0.13,0.11,0.12,1418200
NRF-W2,20260424,0.06,0.07,0.05,0.06,1192600
ORI-W2,20260424,0.27,0.28,0.27,0.27,585200
PLANET-W2,20260424,0.16,0.21,0.16,0.19,177500
PLANET-W3,20260424,0.22,0.28,0.19,0.24,80500
PPPM-W6,20260424,0.11,0.12,0.1,0.11,20000
PROEN-W2,20260424,0.13,0.14,0.12,0.12,642700
PROUD-W3,20260424,0.13,0.14,0.13,0.14,102600
PSTC-W3,20260424,0.05,0.05,0.04,0.04,929300
PTECH-W1,20260424,0.22,0.22,0.2,0.2,26700
QDC-W3,20260424,0.11,0.11,0.1,0.11,729500
ROCTEC-W5,20260424,0.01,0.01,0.01,0.01,1100
SAAM-W3,20260424,0.19,0.19,0.18,0.19,272300
SAAM-W4,20260424,0.17,0.19,0.17,0.18,923400
SAMTEL-W2,20260424,0.48,0.48,0.44,0.47,4700
SGC-W2,20260424,0.22,0.23,0.22,0.23,292800
STELLA-W6,20260424,0.03,0.03,0.03,0.03,39900
TAKUNI-W2,20260424,0.24,0.24,0.24,0.24,22000
TCC-W5,20260424,0.17,0.18,0.16,0.17,780700
TEAMG-W1,20260424,0.03,0.03,0.02,0.02,321400
TFG-W4,20260424,4.78,4.92,4.78,4.82,1796700
TGE-W2,20260424,0.06,0.06,0.05,0.05,1156200
TL-W2,20260424,0.06,0.07,0.06,0.07,1201400
TNITY-W2,20260424,0.17,0.17,0.16,0.16,158500
TPL-W1,20260424,0.18,0.18,0.12,0.12,16600
TRUBB-W3,20260424,0.63,0.63,0.58,0.58,2112500
TWZ-W8,20260424,0.01,0.01,0.01,0.01,1000
UREKA-W3,20260424,0.18,0.18,0.17,0.18,150100
VGI-W3,20260424,0.01,0.02,0.01,0.01,20645700
VIBHA-W5,20260424,0.06,0.06,0.05,0.06,6716100
VIH-W1,20260424,0.59,0.59,0.53,0.57,13900
XBIO-W6,20260424,0.03,0.03,0.02,0.02,10700
XBIO-W7,20260424,0.01,0.02,0.01,0.02,411000
XBIO-W8,20260424,0.12,0.12,0.12,0.12,239900
ZIGA-W2,20260424,0.05,0.05,0.04,0.05,491400
!AGRO,20260424,307.39,307.65,305.75,307.05,11747270000
!CONSUMP,20260424,44.37,44.56,44.01,44.45,3306530000
!FINCIAL,20260424,152.15,152.24,151.09,151.39,52686610000
!INDUS,20260424,63.16,63.87,62.48,63.59,13524810000
!PROPCON,20260424,73.84,74.1,73.53,73.99,47556810000
!RESOURC,20260424,162.12,163.16,161.22,162.33,64411620000
!SERVICE,20260424,280,280,277.04,278.98,68482550000
!TECH,20260424,604.95,610.04,588.87,608.66,47624150000
$AGRI,20260424,206.57,207.31,204.21,205.18,2082020000
$AUTO,20260424,294.47,295.81,294.24,295.58,649920000
$BANK,20260424,486.4,486.5,482.21,482.88,34042370000
$COMM,20260424,19739.2,19750.9,19498.1,19576.9,27291670000
$CONMAT,20260424,5461.99,5518.05,5454.03,5496.8,8852240000
$CONS,20260424,36.08,36.45,35.94,36.37,7312290000
$ENERG,20260424,18491.3,18609.5,18388.3,18515,64411620000
$ETRON,20260424,32083.2,32516.4,30886.6,32404.8,18679650000
$FASHION,20260424,487.58,495,481.81,494.73,2181450000
$FIN,20260424,1927.93,1950.43,1914.02,1939.66,17106400000
$FOOD,20260424,8509.24,8520.17,8459.43,8505.62,9665250000
$HELTH,20260424,4200.13,4201.19,4154.26,4199.44,5633230000
$HOME,20260424,15.52,15.55,15.41,15.51,637490000
$ICT,20260424,220.21,220.83,218.63,219.81,28944500000
$IMM,20260424,18.51,18.59,18.48,18.58,1269640000
$INSUR,20260424,8728.94,8775.34,8669.43,8719.67,1537840000
$MEDIA,20260424,15.59,15.67,15.41,15.54,11259620000
$PAPER,20260424,2067.65,2067.65,2039.52,2039.52,11400000
$PERSON,20260424,75.61,75.93,75.1,75.21,487590000
$PETRO,20260424,659.26,665.73,647.88,658.99,3111470000
$PF&REIT,20260424,135.03,135.18,134.26,134.72,1525190000
$PKG,20260424,2298.11,2375.16,2283.44,2361.79,7355480000
$PROF,20260424,132.18,132.7,129.9,130.52,5787320000
$PROP,20260424,163.02,163.64,161.49,163.13,29867090000
$STEEL,20260424,19.54,19.58,19.22,19.54,1126900000
$TOURISM,20260424,399.72,400.67,394.68,399.14,3982130000
$TRANS,20260424,215.18,215.71,212.56,214.84,14528580000
MAI,20260424,214.2,215.6,214.19,215.09,274348154
SET,20260424,1454.69,1458.47,1438.33,1456.1,8414744338
SET100,20260424,2047.96,2051.01,2029.72,2046.87,2162764200
SET50,20260424,957.04,958.04,947.96,955.89,1306633100
SETHD,20260424,1293.85,1293.85,1284.75,1289.6,669835700
ADVANC-F,20260424,347,349,347,349,200
CPF-F,20260424,19.1,19.2,19.1,19.1,570900
KBANK-F,20260424,190,190,189,189,56100
PTTEP-F,20260424,148,148,148,148,4800
!AGRO-M,20260424,58.26,58.44,57.28,57.45,2145810000
!CONSUMP-M,20260424,11.84,11.91,11.73,11.84,398860000
!FINCIAL-M,20260424,29.86,30.64,29.57,30.4,418520000
!INDUS-M,20260424,39.34,39.78,39.31,39.75,3405280000
!PROPCON-M,20260424,15.91,16.1,15.9,16.06,1047770000
!RESOURC-M,20260424,14.95,15.47,14.78,14.78,1339830000
!SERVICE-M,20260424,42.46,42.89,42.45,42.7,8861090000
!TECH-M,20260424,19.09,19.27,19.03,19.13,1199590000
SET100FF,20260424,1948.37,1950.21,1931.06,1946.34,216276420000
SET50FF,20260424,912.31,912.75,903.82,910.74,130663310000
SETCLMV,20260424,664.57,667.73,660.5,665.98,109237180000
SETESG,20260424,859.91,860.52,854.56,858.55,141370610000
SETWB,20260424,579.12,579.2,572.6,576.07,29808600000
SSET,20260424,575.68,576.05,573.23,575.58,12009240000
