<TICKER>,<DTYYYYMMDD>,<OPEN>,<HIGH>,<LOW>,<CLOSE>,<VOL>
1DIV-O,20260205,11.23,11.23,11.23,11.23,30
2I01BSET50-O,20260205,3.95,3.95,3.91,3.91,12
BMSCITH-O,20260205,10.65,10.69,10.64,10.69,133
BSET100-O,20260205,9.72,9.74,9.72,9.74,61
CHINA-O,20260205,6.93,6.93,6.93,6.93,9
GLD-O,20260205,6.22,6.22,6.12,6.16,1850
TDEX-O,20260205,8.64,8.7,8.61,8.7,293
UBOT-O,20260205,13.8,13.8,13.8,13.8,6
UHERO-O,20260205,8.67,8.67,8.67,8.67,20
1DIV,20260205,11.23,11.3,11.23,11.3,2700
1I01BSET50,20260205,4.44,4.45,4.44,4.44,1000
2I01BSET50,20260205,3.94,3.97,3.9,3.93,200200
2X01BSET50,20260205,5.85,5.87,5.82,5.87,72100
ABFTH,20260205,1387,1390,1387,1390,300
BMSCG,20260205,7.48,7.48,7.48,7.48,100
BMSCITH,20260205,10.69,10.71,10.64,10.67,155000
BSET100,20260205,9.69,9.74,9.69,9.72,73300
CHINA,20260205,6.92,6.97,6.92,6.93,8800
GLD,20260205,6.19,6.21,6.11,6.15,7373000
TDEX,20260205,8.61,8.68,8.59,8.64,415300
UHERO,20260205,9.02,9.02,8.55,8.69,21900
2S,20260205,2.5,2.52,2.48,2.5,23000
3BBIF,20260205,6.7,6.7,6.65,6.65,17681300
88TH,20260205,4.46,4.52,4.42,4.44,328700
A,20260205,4.86,4.86,4.86,4.86,200
A5,20260205,1.8,1.83,1.79,1.83,2800
AAI,20260205,4.3,4.34,4.3,4.32,2059000
AAV,20260205,1.16,1.22,1.16,1.21,314892600
ABM,20260205,0.59,0.59,0.58,0.58,12600
ACC,20260205,0.39,0.4,0.38,0.39,1840400
ACE,20260205,1.3,1.3,1.29,1.29,517000
ACG,20260205,0.56,0.57,0.56,0.57,2400
ADB,20260205,0.59,0.59,0.56,0.56,70900
ADD,20260205,3.98,4.1,3.9,4.1,11100
ADVANC,20260205,375,383,363,367,18619900
ADVICE,20260205,5.8,5.8,5.7,5.75,1143800
AE,20260205,0.09,0.09,0.08,0.09,1194800
AEONTS,20260205,95.25,97.25,95.25,96.75,997300
AF,20260205,0.34,0.34,0.32,0.34,19700
AFC,20260205,3.24,3.28,3.24,3.26,1100
AGE,20260205,1.26,1.26,1.23,1.26,337200
AH,20260205,13.1,13.1,13,13.1,297600
AHC,20260205,13,13.3,13,13.3,3100
AI,20260205,3,3.02,2.98,3.02,200300
AIE,20260205,1.02,1.02,1.01,1.01,238100
AIMCG,20260205,1.66,1.68,1.63,1.63,248300
AIMIRT,20260205,10.9,10.9,10.7,10.8,543100
AIRA,20260205,0.96,0.96,0.93,0.95,700
AIT,20260205,5,5,4.96,4.96,388100
AJ,20260205,1.75,1.75,1.71,1.72,494600
AJA,20260205,0.14,0.15,0.14,0.15,1298200
AKP,20260205,0.66,0.67,0.65,0.66,206400
AKR,20260205,0.83,0.84,0.83,0.83,213000
AKS,20260205,0.02,0.03,0.02,0.02,69900
ALLA,20260205,1.18,1.18,1.16,1.17,194700
ALLY,20260205,4.42,4.42,4.4,4.4,80400
ALPHAX,20260205,0.5,0.5,0.49,0.49,283600
ALT,20260205,1.11,1.12,1.1,1.1,94200
ALUCON,20260205,200,200,199.5,199.5,200
AMA,20260205,4.1,4.1,4.08,4.1,104100
AMANAH,20260205,0.74,0.74,0.73,0.73,122300
AMARC,20260205,2.58,2.66,2.56,2.64,2109800
AMARIN,20260205,2.16,2.48,2.16,2.48,4500
AMATA,20260205,15.6,16,15.6,15.6,15022200
AMATAR,20260205,6.7,6.7,6.65,6.7,119000
AMATAV,20260205,1.8,1.8,1.79,1.8,35700
AMC,20260205,2.02,2.06,2.02,2.06,300
AMR,20260205,0.39,0.39,0.38,0.38,88100
ANAN,20260205,0.4,0.41,0.4,0.4,784300
ANI,20260205,2.74,2.76,2.72,2.74,12800
AOT,20260205,52.25,52.5,51.25,51.75,19810400
AP,20260205,8.9,9,8.8,8.95,6166500
APCO,20260205,2.84,2.86,2.8,2.86,109600
APCS,20260205,1.27,1.27,1.27,1.27,500
APO,20260205,1.9,1.91,1.89,1.9,372400
APP,20260205,2.54,2.56,2.52,2.56,118700
APURE,20260205,2.16,2.16,2.1,2.16,229000
AQUA,20260205,0.15,0.15,0.14,0.15,315700
ARIN,20260205,0.52,0.55,0.52,0.55,3206000
ARIP,20260205,0.43,0.44,0.42,0.44,181500
ARROW,20260205,5,5,4.98,4.98,5100
AS,20260205,2.88,2.92,2.84,2.88,2313800
ASAP,20260205,1.16,1.2,1.16,1.2,3300
ASEFA,20260205,3.5,3.5,3.46,3.48,29500
ASIA,20260205,5.9,5.9,5.9,5.9,100
ASIAN,20260205,7.45,7.55,7.4,7.5,463900
ASIMAR,20260205,1.5,1.51,1.5,1.51,35200
ASK,20260205,7.45,7.55,7.45,7.5,486400
ASN,20260205,0.72,0.75,0.72,0.75,11400
ASP,20260205,2.08,2.1,2.06,2.08,166300
ASW,20260205,6.15,6.65,6.1,6.6,347700
ATLAS,20260205,1.66,1.68,1.65,1.67,2599400
ATP30,20260205,0.88,0.89,0.87,0.87,177400
AU,20260205,5,5.05,4.96,5,180900
AUCT,20260205,5.2,5.25,5.15,5.2,35700
AURA,20260205,12.5,12.5,12.3,12.3,2601900
AWC,20260205,2.26,2.34,2.26,2.34,102650400
AXTRART,20260205,13,13,12.9,12.9,507200
AYUD,20260205,37,37,36.75,37,5700
B,20260205,0.03,0.04,0.03,0.04,2295600
B-WORK,20260205,5.2,5.2,5.1,5.15,26400
B52,20260205,0.27,0.29,0.27,0.29,97700
BA,20260205,15.6,16,15.5,15.8,7837100
BAFS,20260205,8.7,8.7,8.65,8.7,194700
BAM,20260205,7.8,7.85,7.75,7.75,9896000
BANPU,20260205,5.4,5.4,5.25,5.3,41582000
BAREIT,20260205,10.6,10.7,10.6,10.7,414300
BAY,20260205,25.5,25.75,25.25,25.5,444500
BBGI,20260205,2.94,2.96,2.94,2.94,171800
BBIK,20260205,14.6,15.1,14.6,14.9,361200
BBL,20260205,157,158,156,157.5,8224300
BC,20260205,0.7,0.72,0.7,0.72,74700
BCH,20260205,9.95,10.3,9.95,10.1,15624900
BCP,20260205,31.5,32,31.25,31.25,10894700
BCPG,20260205,7.4,7.7,7.4,7.6,15054400
BCT,20260205,51.75,51.75,51.75,51.75,600
BDMS,20260205,20,20.5,20,20.4,93675100
BE8,20260205,4.66,4.68,4.62,4.64,196200
BEAUTY,20260205,0.39,0.39,0.36,0.36,9720300
BEC,20260205,1.83,1.83,1.82,1.82,533200
BEM,20260205,5.15,5.2,5.15,5.2,6303000
BEYOND,20260205,8.15,8.4,8.15,8.2,4500
BGC,20260205,4.18,4.2,4.16,4.18,171300
BGRIM,20260205,13.1,13.3,13,13.2,11337700
BGT,20260205,0.38,0.38,0.37,0.38,500
BH,20260205,164.5,168.5,163.5,168,3157300
BIG,20260205,0.28,0.29,0.28,0.29,706400
BIOTEC,20260205,0.17,0.18,0.17,0.18,582300
BIS,20260205,1.91,1.91,1.89,1.9,24300
BIZ,20260205,4.22,4.28,4.22,4.22,129800
BJC,20260205,14.7,15.2,14.6,15,21224200
BJCHI,20260205,0.58,0.6,0.57,0.59,12700
BKA,20260205,0.85,0.88,0.83,0.85,4023500
BKD,20260205,1.02,1.02,1,1,78800
BKGI,20260205,1.25,1.28,1.25,1.26,47000
BKIH,20260205,301,302,301,302,800
BLA,20260205,20.7,20.8,20.6,20.7,1210800
BLAND,20260205,0.44,0.45,0.44,0.44,1549500
BLC,20260205,3.98,4.04,3.96,4.02,278900
BLESS,20260205,0.21,0.21,0.19,0.2,1204000
BM,20260205,1,1.01,0.99,1.01,2015200
BOFFICE,20260205,5.25,5.25,5.15,5.2,6500
BOL,20260205,5.1,5.1,5,5.05,203500
BPP,20260205,11.2,11.2,11,11.1,229700
BPS,20260205,0.41,0.42,0.41,0.42,8000
BR,20260205,1.66,1.67,1.65,1.65,121500
BRI,20260205,1.36,1.42,1.36,1.41,205900
BROCK,20260205,1.18,1.18,0.86,1.17,120400
BRR,20260205,3.96,3.96,3.8,3.88,98600
BRRGIF,20260205,3.8,3.8,3.78,3.8,376500
BSBM,20260205,0.57,0.58,0.56,0.57,78600
BSM,20260205,0.37,0.38,0.36,0.38,500
BTC,20260205,0.21,0.22,0.21,0.21,1079700
BTG,20260205,17.1,17.4,17.1,17.3,4602800
BTNC,20260205,14.4,14.7,14.4,14.7,1000
BTS,20260205,2.16,2.24,2.16,2.2,34064100
BTSGIF,20260205,2.6,2.62,2.58,2.62,6419400
BTW,20260205,0.1,0.11,0.1,0.11,15400
BUI,20260205,12,12,11.9,12,19300
BVG,20260205,1.71,1.74,1.71,1.73,33100
BWG,20260205,0.26,0.26,0.24,0.25,16138600
BYD,20260205,0.48,0.48,0.46,0.48,2178600
CAZ,20260205,1.53,1.63,1.5,1.52,88200
CBG,20260205,42.5,43.25,42.5,42.75,4032700
CCET,20260205,4.74,4.82,4.66,4.74,30787300
CCP,20260205,0.25,0.25,0.24,0.25,1225000
CEN,20260205,0.74,0.81,0.74,0.79,34960100
CENTEL,20260205,36.5,36.75,35.5,36,7237500
CEYE,20260205,1.7,1.74,1.7,1.74,3100
CFARM,20260205,0.77,0.77,0.75,0.75,80900
CFRESH,20260205,0.68,0.69,0.67,0.69,463900
CGD,20260205,0.11,0.12,0.11,0.11,2967900
CGH,20260205,0.49,0.51,0.49,0.49,2446500
CH,20260205,1.69,1.72,1.69,1.72,54200
CHAO,20260205,4.34,4.36,4.34,4.36,9100
CHASE,20260205,0.5,0.5,0.49,0.49,118400
CHAYO,20260205,1.2,1.25,1.19,1.25,6008400
CHEWA,20260205,0.2,0.21,0.2,0.21,494200
CHG,20260205,1.58,1.62,1.57,1.58,21730600
CHIC,20260205,0.24,0.24,0.23,0.24,110100
CHO,20260205,0.06,0.07,0.06,0.07,2297200
CHOTI,20260205,64,64,64,64,200
CHOW,20260205,1.07,1.07,1.06,1.06,21000
CI,20260205,0.35,0.35,0.33,0.35,6600
CIG,20260205,0.02,0.03,0.02,0.03,1255700
CITY,20260205,1.44,1.44,1.44,1.44,100
CIVIL,20260205,0.67,0.72,0.67,0.72,271300
CK,20260205,12.8,12.8,12.6,12.7,5611300
CKP,20260205,2.26,2.32,2.26,2.3,1711400
CM,20260205,1.62,1.62,1.61,1.62,15100
CMAN,20260205,2.54,2.54,2.5,2.52,32100
CMC,20260205,0.46,0.47,0.41,0.44,156000
CMO,20260205,0.42,0.42,0.41,0.41,56000
CMR,20260205,1.39,1.39,1.38,1.38,35300
CNT,20260205,1.02,1.05,1.01,1.05,189000
COCOCO,20260205,5.55,5.7,5.55,5.7,1969800
COLOR,20260205,1.04,1.04,1.04,1.04,98000
COM7,20260205,23.3,23.7,23.1,23.7,27637700
COMAN,20260205,0.4,0.4,0.38,0.38,174900
CPALL,20260205,44.75,45.5,44.25,45.25,39120100
CPANEL,20260205,1.96,1.96,1.94,1.96,900
CPAXT,20260205,14.9,15.5,14.9,15.4,18513600
CPF,20260205,20.7,20.8,20.5,20.7,18220000
CPH,20260205,8.3,8.5,8.25,8.25,81300
CPI,20260205,3.46,3.46,3.42,3.42,191600
CPL,20260205,0.65,0.66,0.63,0.65,25300
CPN,20260205,60,62,60,61.5,8342500
CPNCG,20260205,6.45,6.5,6.4,6.5,576000
CPNREIT,20260205,11.4,11.5,11.2,11.4,3044400
CPR,20260205,2.76,2.78,2.74,2.78,13200
CPT,20260205,0.97,0.98,0.97,0.97,139700
CPTREIT,20260205,5.4,5.45,5.4,5.45,59400
CPW,20260205,2.08,2.08,2.02,2.02,36200
CRANE,20260205,0.44,0.47,0.44,0.47,1263300
CRC,20260205,19.5,19.9,19.5,19.6,12401000
CREDIT,20260205,15.9,16,15.9,15.9,68000
CSC,20260205,45,45,45,45,100
CSP,20260205,0.38,0.4,0.38,0.4,104500
CSR,20260205,66.25,66.25,65.5,65.5,300
CSS,20260205,0.78,0.78,0.76,0.76,364700
CTARAF,20260205,4.64,4.64,4.6,4.6,600300
CTW,20260205,2.84,2.94,2.84,2.92,1900
CWT,20260205,0.94,0.94,0.92,0.93,661500
D,20260205,2.5,2.5,2.48,2.5,78000
DCC,20260205,1.23,1.26,1.23,1.24,2306300
DCON,20260205,0.24,0.24,0.23,0.23,72600
DDD,20260205,5.5,5.7,5.45,5.6,11800
DELTA,20260205,205,206,199,202,14245700
DEMCO,20260205,2.48,2.54,2.48,2.52,184700
DEXON,20260205,1.05,1.08,1.05,1.08,5400
DHOUSE,20260205,0.41,0.41,0.37,0.37,40200
DIF,20260205,9.45,9.5,9.4,9.45,10778500
DIMET,20260205,0.06,0.06,0.05,0.05,2800
DITTO,20260205,11.4,11.5,11.2,11.2,1108100
DMT,20260205,10.8,10.9,10.8,10.8,351000
DOD,20260205,1.5,1.53,1.49,1.52,165900
DOHOME,20260205,3.64,3.72,3.64,3.68,12726900
DPAINT,20260205,0.65,0.65,0.62,0.64,466800
DREIT,20260205,4.94,4.94,4.9,4.94,18900
DRT,20260205,5.05,5.1,5,5.05,201000
DTCENT,20260205,0.87,0.88,0.85,0.87,154000
DUSIT,20260205,11.2,11.3,11.1,11.3,168600
DV8,20260205,4.04,4.32,4.04,4.14,670200
EA,20260205,2.74,2.76,2.72,2.74,19852700
EASON,20260205,1.05,1.06,1.05,1.06,1050600
EAST,20260205,0.62,0.66,0.61,0.61,1012000
EASTW,20260205,1.91,1.92,1.88,1.88,213000
ECF,20260205,0.06,0.07,0.05,0.06,2882400
EFORL,20260205,0.12,0.13,0.12,0.13,587100
EGATIF,20260205,6.15,6.2,6.15,6.2,120000
EGCO,20260205,118,119.5,117.5,119,540800
EKH,20260205,4.94,4.96,4.92,4.94,204000
EMC,20260205,0.02,0.02,0.02,0.02,3537800
EMPIRE,20260205,0.62,0.69,0.59,0.6,51447200
EP,20260205,1.16,1.18,1.15,1.18,75700
EPG,20260205,3.24,3.3,3.22,3.24,1369900
ERW,20260205,2.68,2.74,2.64,2.74,21634200
ESTAR,20260205,0.21,0.21,0.2,0.21,2006000
ETC,20260205,0.54,0.55,0.53,0.54,1031000
ETE,20260205,0.51,0.53,0.51,0.53,44300
ETL,20260205,0.49,0.5,0.49,0.5,41600
EURO,20260205,4.46,4.5,4.4,4.4,15900
EVER,20260205,0.04,0.06,0.04,0.06,1332100
FANCY,20260205,0.28,0.28,0.28,0.28,700
FLOYD,20260205,1.21,1.23,1.2,1.2,162700
FM,20260205,3.66,3.72,3.66,3.68,387300
FMT,20260205,23.4,23.4,23.3,23.4,1400
FN,20260205,0.46,0.46,0.45,0.45,24600
FNS,20260205,0.67,0.7,0.67,0.69,25900
FORTH,20260205,5.65,5.75,5.65,5.7,950800
FPI,20260205,1.83,1.83,1.8,1.81,35900
FPT,20260205,6.1,6.25,6,6.15,25600
FSMART,20260205,6.15,6.25,6.1,6.2,929900
FSX,20260205,0.72,0.72,0.69,0.71,23300
FTE,20260205,1.94,1.95,1.94,1.94,237400
FTI,20260205,1.96,1.96,1.95,1.95,2000
FTREIT,20260205,11.8,11.9,11.7,11.8,1062800
FUTURERT,20260205,9.1,9.15,9.1,9.1,24600
FVC,20260205,0.45,0.46,0.43,0.44,435900
GABLE,20260205,3.5,3.5,3.48,3.5,156800
GAHREIT,20260205,4.18,4.18,4.14,4.16,33000
GBX,20260205,0.5,0.5,0.48,0.49,286000
GC,20260205,4.02,4.02,4.02,4.02,219600
GCAP,20260205,0.28,0.28,0.26,0.27,467200
GEL,20260205,0.03,0.04,0.03,0.04,173500
GENCO,20260205,0.26,0.26,0.25,0.26,840100
GFC,20260205,2.78,2.8,2.78,2.78,23700
GFPT,20260205,9.6,9.8,9.6,9.8,1365500
GGC,20260205,3.16,3.22,3.16,3.2,1600
GJS,20260205,0.1,0.1,0.09,0.09,22100
GLOBAL,20260205,7.15,7.3,7.15,7.25,9825900
GLORY,20260205,0.58,0.58,0.57,0.58,30200
GPI,20260205,1.66,1.66,1.65,1.65,37400
GPSC,20260205,36.75,36.75,36,36.75,6203500
GRAMMY,20260205,4.18,4.18,4.18,4.18,400
GRAND,20260205,0.04,0.04,0.03,0.03,4026200
GREEN,20260205,0.62,0.63,0.62,0.63,99400
GROREIT,20260205,7.45,7.45,7.4,7.45,12500
GTB,20260205,0.67,0.68,0.66,0.68,71300
GTV,20260205,0.03,0.04,0.03,0.04,5265900
GULF,20260205,49.5,50.75,49.5,50.25,53745100
GUNKUL,20260205,1.85,1.86,1.83,1.86,5015500
GVREIT,20260205,6.7,6.7,6.65,6.65,103400
GYT,20260205,205,205,205,205,200
HANA,20260205,17.2,17.4,17,17.2,8318800
HANN,20260205,0.92,0.94,0.91,0.92,4987400
HARN,20260205,1.95,1.95,1.93,1.95,114800
HEALTH,20260205,0.41,0.44,0.4,0.42,30900
HENG,20260205,0.95,0.98,0.95,0.96,715700
HFT,20260205,4.24,4.3,4.24,4.3,50900
HL,20260205,7.05,7.3,7.05,7.2,249600
HMPRO,20260205,6.75,6.9,6.7,6.8,28673300
HPF,20260205,5.45,5.45,5.4,5.45,48000
HPT,20260205,0.33,0.34,0.33,0.34,40600
HTC,20260205,15.1,15.2,15,15.2,190500
HTECH,20260205,3.42,3.42,3.32,3.38,1871300
HUMAN,20260205,5,5.1,5,5,136400
HYDRO,20260205,2.5,2.7,2.44,2.54,303200
I2,20260205,0.73,0.74,0.73,0.73,82900
ICHI,20260205,13.9,14,13.8,13.9,3511700
ICN,20260205,1.6,1.64,1.58,1.58,428700
IDG,20260205,1.63,1.65,1.62,1.63,529400
IFS,20260205,2.12,2.12,2.1,2.12,142900
IHL,20260205,1.58,1.58,1.56,1.57,27100
IIG,20260205,1.76,1.79,1.73,1.75,1380600
III,20260205,3.84,3.86,3.82,3.86,471900
ILINK,20260205,4.72,4.74,4.7,4.72,71600
ILM,20260205,13.2,13.5,13.2,13.2,263200
IMH,20260205,3.02,3.02,3,3.02,7600
IMPACT,20260205,10.6,10.7,10.6,10.7,234500
IND,20260205,1.39,1.4,1.38,1.39,124100
INET,20260205,3.8,3.84,3.76,3.8,424500
INETREIT,20260205,11.9,11.9,11.8,11.9,595400
INGRS,20260205,0.25,0.26,0.25,0.26,1012600
INOX,20260205,0.43,0.43,0.42,0.43,196400
INSET,20260205,1.97,1.99,1.95,1.96,1925800
INSURE,20260205,62.5,62.5,62.5,62.5,100
IP,20260205,4.38,4.38,4.3,4.3,151600
IRC,20260205,12.3,12.5,12.3,12.4,149800
IRCP,20260205,0.26,0.26,0.25,0.26,292600
IROYAL,20260205,5.55,5.6,5.45,5.55,325200
IRPC,20260205,1.22,1.22,1.18,1.19,33855200
ISSARA,20260205,6.8,6.8,6.75,6.75,1700
IT,20260205,3.34,3.38,3.32,3.38,21200
ITC,20260205,17,17,16.7,16.7,4229500
ITD,20260205,0.22,0.23,0.21,0.23,2438500
ITEL,20260205,1.27,1.27,1.25,1.27,386200
ITNS,20260205,1.5,1.5,1.48,1.5,101600
ITTHI,20260205,1.18,1.2,1.16,1.2,222000
IVF,20260205,0.8,0.81,0.8,0.81,78300
IVL,20260205,21.1,21.2,20.7,21.2,21224700
J,20260205,0.59,0.59,0.58,0.59,118100
JAK,20260205,0.65,0.7,0.64,0.7,16300
JAS,20260205,1.27,1.3,1.27,1.29,16114100
JCK,20260205,0.13,0.14,0.13,0.13,1888000
JCT,20260205,84.25,84.25,84.25,84.25,200
JDF,20260205,1.42,1.43,1.41,1.41,40200
JMART,20260205,7.15,7.25,6.95,7.1,7409900
JMT,20260205,8.4,8.6,8.35,8.45,15695900
JPARK,20260205,2.68,2.76,2.56,2.6,6099700
JR,20260205,1.72,1.73,1.71,1.73,57600
JSP,20260205,1.92,1.94,1.92,1.94,3200
JTS,20260205,56.5,56.5,53.5,53.5,688400
JUBILE,20260205,6.55,6.7,6.55,6.7,15600
K,20260205,1.05,1.05,1.05,1.05,29500
KAMART,20260205,9,9.1,9,9.1,1205800
KASET,20260205,0.62,0.62,0.61,0.61,156000
KBANK,20260205,190.5,190.5,188.5,190,11503100
KBS,20260205,6.1,6.15,6.05,6.1,183800
KBSPIF,20260205,8.25,8.25,8.2,8.25,109200
KC,20260205,0.02,0.03,0.02,0.03,4074000
KCAR,20260205,5.45,5.45,5.4,5.45,18900
KCC,20260205,2.18,2.2,2.12,2.18,197300
KCE,20260205,18.5,19.1,18.5,18.9,10674400
KCG,20260205,8.5,8.65,8.5,8.65,52200
KCM,20260205,0.16,0.16,0.15,0.16,161600
KGEN,20260205,1.19,1.21,1.18,1.2,178100
KGI,20260205,4.14,4.16,4.12,4.14,298900
KIAT,20260205,0.34,0.35,0.34,0.35,240600
KISS,20260205,3.02,3.1,3.02,3.06,372700
KJL,20260205,5.95,6,5.9,5.9,50800
KK,20260205,0.79,0.8,0.76,0.79,26800
KKP,20260205,71.75,73,71.5,73,4340000
KLINIQ,20260205,23.1,23.4,23.1,23.2,192200
KOOL,20260205,0.28,0.29,0.28,0.29,105800
KSL,20260205,1.23,1.24,1.22,1.24,125300
KTB,20260205,28.75,29,28.5,28.75,27043000
KTBSTMR,20260205,5.45,5.5,5.45,5.5,11300
KTC,20260205,28.5,29,28.5,28.75,9450800
KTIS,20260205,1.95,1.98,1.95,1.97,80000
KTMS,20260205,1.89,1.89,1.86,1.89,26900
KUMWEL,20260205,1.07,1.07,1.05,1.05,15000
KUN,20260205,0.8,0.8,0.78,0.78,15300
KWM,20260205,0.9,0.91,0.89,0.89,94400
KYE,20260205,293,294,292,292,900
L&E,20260205,1.02,1.03,1.02,1.03,7400
LALIN,20260205,4.74,4.74,4.72,4.74,22100
LANNA,20260205,15.6,15.7,15.5,15.6,206300
LDC,20260205,0.29,0.29,0.27,0.28,845400
LEE,20260205,2.64,2.66,2.62,2.64,70200
LEO,20260205,1.89,1.91,1.86,1.89,328400
LH,20260205,3.98,4.02,3.96,4,27404900
LHFG,20260205,0.95,0.95,0.93,0.94,3077500
LHHOTEL,20260205,13.1,13.1,13,13.1,348100
LHK,20260205,3.38,3.38,3.34,3.34,130700
LHRREIT,20260205,4.28,4.34,4.28,4.34,87300
LHSC,20260205,12.8,12.9,12.8,12.8,176300
LIT,20260205,0.62,0.62,0.61,0.62,40100
LOXLEY,20260205,1.26,1.26,1.25,1.25,306500
LPH,20260205,3.68,3.72,3.66,3.68,127100
LPN,20260205,1.52,1.54,1.52,1.53,365800
LST,20260205,4.72,4.72,4.7,4.72,19800
LTMH,20260205,4.36,4.36,4.28,4.34,49700
LTS,20260205,2.5,2.5,2.34,2.44,479000
LUXF,20260205,9,9,9,9,3100
M,20260205,20.4,21.1,20.3,20.6,7779900
M-CHAI,20260205,21.8,22.1,21.6,21.6,16100
M-PAT,20260205,1.71,1.71,1.71,1.71,17500
M-STOR,20260205,7,7.3,7,7.3,800
MADAME,20260205,0.12,0.13,0.12,0.13,2063000
MAGURO,20260205,21.5,21.9,21.4,21.8,363400
MAJOR,20260205,6.8,7.1,6.8,7,1686500
MALEE,20260205,3.82,3.88,3.78,3.82,1785000
MASTEC,20260205,0.98,0.99,0.96,0.96,167200
MASTER,20260205,8.85,9.1,8.85,9.05,2166300
MATCH,20260205,0.84,0.84,0.84,0.84,100
MBAX,20260205,1.37,1.37,1.32,1.36,271600
MBK,20260205,18.1,18.5,18.1,18.5,1764300
MC,20260205,11.7,11.7,11.6,11.7,1386200
MCA,20260205,1.02,1.02,1,1.01,144100
MCOT,20260205,4.06,4.18,3.98,3.98,5372400
MCS,20260205,8.5,8.55,8.45,8.55,79600
MDX,20260205,2.38,2.48,2.38,2.44,355300
MEB,20260205,13.9,14,13.9,13.9,25600
MEDEZE,20260205,6.15,6.25,6.1,6.2,179200
MEGA,20260205,37.5,38,37.5,37.75,813200
MENA,20260205,0.72,0.73,0.7,0.7,261900
META,20260205,0.05,0.05,0.04,0.05,79300
METCO,20260205,252,255,251,254,85800
MFC,20260205,23.8,24,23.4,23.9,8700
MFEC,20260205,5.3,5.3,5.2,5.25,380500
MGC,20260205,4,4.2,3.98,4.02,28300
MGI,20260205,5.7,5.8,5.65,5.65,272800
MGT,20260205,1.58,1.59,1.57,1.59,86200
MICRO,20260205,0.78,0.82,0.78,0.79,319800
MIDA,20260205,0.21,0.23,0.21,0.21,278100
MII,20260205,4.52,4.52,4.5,4.52,23700
MILL,20260205,0.06,0.07,0.06,0.06,1327800
MINT,20260205,25.25,25.5,25,25.25,20331000
MITSIB,20260205,0.6,0.6,0.58,0.59,89500
MJD,20260205,0.36,0.36,0.34,0.35,348100
MJLF,20260205,5.1,5.1,5.05,5.1,8400
MK,20260205,0.52,0.52,0.52,0.52,500
ML,20260205,0.49,0.5,0.48,0.49,4000
MMM,20260205,3.28,3.3,3.22,3.22,320700
MNIT,20260205,1.89,1.89,1.89,1.89,800
MNRF,20260205,2.08,2.08,2.04,2.08,12900
MODERN,20260205,2,2,1.99,2,5200
MONO,20260205,1.18,1.18,1.12,1.13,9906300
MOONG,20260205,2.06,2.08,2.02,2.06,3200
MORE,20260205,0.04,0.04,0.03,0.03,435700
MOSHI,20260205,34.25,35.25,34.25,35.25,360000
MOTHER,20260205,1.14,1.15,1.13,1.15,521400
MPJ,20260205,3.82,3.82,3.78,3.8,32100
MRDIYT,20260205,8.85,9.3,8.8,8.85,12791200
MSC,20260205,7.7,7.7,7.6,7.6,35100
MST,20260205,6.7,6.7,6.7,6.7,29000
MTC,20260205,33.5,35,33.25,34.5,15070500
MTI,20260205,15.7,16,15.7,15.9,26100
MTW,20260205,0.81,0.85,0.81,0.85,53900
MUD,20260205,0.88,0.88,0.7,0.7,22600
MVP,20260205,0.12,0.13,0.11,0.11,1445000
NAM,20260205,3.8,3.8,3.72,3.8,3900
NAT,20260205,2.42,2.46,2.42,2.46,1400
NATION,20260205,0.05,0.05,0.03,0.04,3045600
NC,20260205,2.06,2.1,2.02,2.02,39200
NCAP,20260205,2.8,2.96,2.78,2.92,6087000
NCH,20260205,0.39,0.4,0.39,0.4,37600
NCL,20260205,0.21,0.22,0.19,0.22,528500
NCP,20260205,0.91,0.92,0.9,0.92,13300
NDR,20260205,1.36,1.39,1.36,1.39,51000
NEO,20260205,20.5,20.7,20.2,20.5,107000
NEP,20260205,0.21,0.21,0.2,0.2,10600
NER,20260205,4.76,4.8,4.7,4.78,7460500
NETBAY,20260205,21.5,21.7,21.4,21.5,66100
NEW,20260205,96.25,96.25,96.25,96.25,100
NEX,20260205,1.12,1.13,1.11,1.11,8758400
NKI,20260205,19.2,19.7,19,19.7,5500
NKT,20260205,4.04,4.06,4.02,4.06,117100
NL,20260205,0.6,0.6,0.59,0.6,30500
NNCL,20260205,1.52,1.52,1.51,1.52,8600
NOBLE,20260205,2.14,2.16,2.14,2.16,390700
NOVA,20260205,8.45,8.45,8.45,8.45,200
NRF,20260205,0.23,0.24,0.23,0.24,284200
NSL,20260205,22.5,22.9,22.5,22.9,469900
NTF,20260205,5.75,5.95,5.65,5.9,2192700
NTSC,20260205,6.2,6.2,6.15,6.2,7800
NTV,20260205,22.6,22.7,22.6,22.6,9500
NUT,20260205,3.66,3.72,3.66,3.68,13300
NV,20260205,0.53,0.53,0.5,0.5,126200
NVD,20260205,0.79,0.79,0.79,0.79,1400
NYT,20260205,3.24,3.24,3.18,3.2,996700
OCC,20260205,8.8,8.8,8.8,8.8,100
OKJ,20260205,4.2,4.28,4.18,4.24,552400
ONEE,20260205,2.34,2.34,2.28,2.34,470200
ONSENS,20260205,1.02,1.03,1.02,1.02,924500
OR,20260205,13.6,13.9,13.4,13.7,40608100
ORI,20260205,1.75,1.83,1.75,1.82,6729900
ORN,20260205,0.69,0.69,0.68,0.69,262000
OSP,20260205,17.7,17.9,17.5,17.9,4235800
PACO,20260205,1.16,1.18,1.15,1.15,287200
PAF,20260205,0.67,0.71,0.67,0.71,25000
PANEL,20260205,1.37,1.38,1.35,1.35,13300
PAP,20260205,1.96,1.96,1.94,1.94,26200
PATO,20260205,6.9,6.95,6.9,6.95,8400
PB,20260205,49.75,50,49.25,50,8700
PCC,20260205,2.68,2.68,2.66,2.68,107900
PCE,20260205,2.04,2.04,2,2.04,621000
PCSGH,20260205,3.02,3.02,3,3.02,104300
PDG,20260205,2.92,2.94,2.92,2.94,32100
PDJ,20260205,1.12,1.13,1.12,1.12,26000
PEACE,20260205,1.84,1.86,1.84,1.86,300
PEER,20260205,0.09,0.09,0.08,0.09,243600
PERM,20260205,0.2,0.2,0.18,0.19,772600
PF,20260205,0.05,0.05,0.04,0.05,3298300
PHG,20260205,12.9,13,12.9,12.9,23100
PHOL,20260205,2.82,2.9,2.82,2.86,293600
PICO,20260205,3.8,3.94,3.8,3.94,2800
PIMO,20260205,0.99,0.99,0.98,0.99,274300
PIN,20260205,4.26,4.3,4.26,4.3,80100
PIS,20260205,3,3,2.98,3,122700
PJW,20260205,2.04,2.04,2,2.02,80600
PK,20260205,0.5,0.5,0.49,0.5,6600
PLANB,20260205,3.62,3.8,3.6,3.74,27572800
PLANET,20260205,0.5,0.5,0.49,0.5,64700
PLAT,20260205,1.02,1.03,1.02,1.02,3192100
PLE,20260205,0.16,0.16,0.14,0.15,2654600
PLT,20260205,0.58,0.59,0.58,0.59,205200
PLUS,20260205,1.65,1.76,1.64,1.76,29893600
PM,20260205,12.2,12.2,12,12.1,63600
PMC,20260205,0.85,0.86,0.84,0.85,370900
PMTA,20260205,10.2,10.2,10.1,10.1,200
POLY,20260205,6.95,7.1,6.95,7.1,700
POPF,20260205,6.85,6.9,6.8,6.9,204400
PORT,20260205,0.54,0.54,0.53,0.54,75500
PPM,20260205,1.15,1.15,1.14,1.14,6400
PPP,20260205,0.84,0.88,0.84,0.88,13700
PPPM,20260205,0.29,0.3,0.29,0.3,57100
PPS,20260205,0.17,0.18,0.16,0.17,322900
PQS,20260205,1.4,1.41,1.39,1.4,180100
PR9,20260205,19.4,19.6,19.2,19.3,2597200
PRAKIT,20260205,10.9,10.9,10.9,10.9,16000
PRAPAT,20260205,0.73,0.73,0.72,0.73,133500
PREB,20260205,3.36,3.36,3.3,3.34,164700
PRECHA,20260205,0.5,0.5,0.47,0.47,53400
PRG,20260205,9.2,9.2,9.05,9.1,18400
PRI,20260205,4.24,4.26,4.24,4.26,36700
PRIME,20260205,0.05,0.06,0.05,0.06,234300
PRINC,20260205,1.7,1.7,1.68,1.69,179500
PRM,20260205,7.15,7.2,7.1,7.15,5056100
PROEN,20260205,1.11,1.12,1.11,1.11,1265600
PROS,20260205,0.42,0.43,0.38,0.39,2308700
PROSPECT,20260205,6.95,6.95,6.9,6.95,218500
PROUD,20260205,0.69,0.7,0.67,0.69,191000
PRTR,20260205,3.28,3.3,3.28,3.3,56000
PSGC,20260205,2.3,2.34,2.3,2.32,171500
PSH,20260205,3.6,3.64,3.6,3.64,283200
PSL,20260205,6.3,6.35,6.2,6.25,4124000
PSP,20260205,4.5,4.52,4.5,4.52,68700
PSTC,20260205,0.27,0.27,0.26,0.26,135400
PT,20260205,12.4,12.4,12.3,12.4,79200
PTC,20260205,0.55,0.57,0.55,0.56,21700
PTECH,20260205,1.8,1.82,1.73,1.81,3000
PTG,20260205,7.75,7.85,7.65,7.8,10302200
PTL,20260205,7.85,7.95,7.85,7.9,284200
PTT,20260205,34.75,35.25,34.5,35.25,178616200
PTTEP,20260205,124.5,125,123.5,125,9048600
PTTGC,20260205,25.5,25.5,25,25.25,12391300
PYLON,20260205,2.66,2.68,2.64,2.66,556900
Q-CON,20260205,6.55,6.55,6.5,6.5,25800
QDC,20260205,0.1,0.11,0.08,0.08,20493400
QH,20260205,1.3,1.33,1.3,1.31,17757400
QHBREIT,20260205,3.56,3.56,3.54,3.56,40700
QHHRREIT,20260205,6.7,6.75,6.7,6.75,107500
QHOP,20260205,3,3.06,2.96,3.04,5000
QLT,20260205,1.51,1.55,1.51,1.55,6600
QTC,20260205,3.56,3.56,3.52,3.54,31000
QTCG,20260205,0.15,0.15,0.13,0.13,910600
RABBIT,20260205,0.26,0.27,0.25,0.26,3917800
RAM,20260205,18,18.2,18,18.2,78200
RATCH,20260205,30.75,31,30.5,31,1942900
RBF,20260205,3.1,3.2,3.1,3.2,2451100
RCL,20260205,27.25,27.75,27.25,27.5,1580800
READY,20260205,3.12,3.12,3.08,3.08,3800
RICHY,20260205,0.16,0.16,0.15,0.15,312200
RJH,20260205,12.8,12.9,12.8,12.9,19100
RML,20260205,0.11,0.12,0.11,0.12,15100
ROCK,20260205,9.7,9.8,9.7,9.7,800
ROCTEC,20260205,0.52,0.53,0.52,0.53,954400
ROJNA,20260205,4.7,4.82,4.7,4.82,864800
RP,20260205,0.6,0.6,0.57,0.57,24300
RPC,20260205,0.28,0.28,0.27,0.27,244600
RPH,20260205,4.9,4.92,4.88,4.92,335000
RS,20260205,0.17,0.17,0.16,0.17,1310400
RSP,20260205,1.17,1.17,1.15,1.16,14900
RT,20260205,0.26,0.26,0.25,0.26,319700
RWI,20260205,0.19,0.2,0.19,0.19,238100
S,20260205,0.48,0.49,0.48,0.48,398100
S&J,20260205,31.5,32.75,31.5,32.75,5000
S11,20260205,3.44,3.5,3.44,3.48,30200
SA,20260205,7.2,7.25,7.2,7.2,650400
SAAM,20260205,4.72,4.86,4.7,4.86,7300
SABINA,20260205,16,16.1,15.9,16.1,266900
SAF,20260205,0.37,0.38,0.35,0.35,168700
SAFE,20260205,5.95,6.3,5.95,6.3,222300
SAK,20260205,3.22,3.26,3.22,3.24,245000
SALEE,20260205,0.37,0.37,0.37,0.37,5000
SAM,20260205,0.15,0.16,0.15,0.16,63700
SAMART,20260205,6.2,6.3,6.1,6.2,1428800
SAMCO,20260205,0.67,0.7,0.66,0.66,218800
SAMTEL,20260205,3.98,4,3.96,3.98,47600
SANKO,20260205,0.84,0.86,0.84,0.84,386700
SAPPE,20260205,32,32,31.25,31.75,342700
SAT,20260205,14.9,15,14.8,14.8,240400
SAUCE,20260205,39.75,40,39.75,40,10700
SAV,20260205,11.7,11.9,11.7,11.7,655000
SAWAD,20260205,26.25,26.75,26,26.25,15523500
SAWANG,20260205,6.4,7.9,6.35,6.45,13500
SC,20260205,1.7,1.77,1.7,1.77,16716300
SCAP,20260205,0.99,1,0.99,1,711200
SCB,20260205,136.5,137,135.5,137,12803200
SCC,20260205,213,213,210,212,2220400
SCCC,20260205,144.5,144.5,144,144,107100
SCG,20260205,2.56,2.56,2.04,2.32,66600
SCGD,20260205,4.98,4.98,4.94,4.98,220200
SCGP,20260205,20,20.1,19.6,19.8,7520100
SCI,20260205,0.88,0.92,0.88,0.92,15300
SCL,20260205,1.26,1.28,1.25,1.27,54300
SCM,20260205,0.14,0.14,0.13,0.13,441000
SCN,20260205,0.36,0.37,0.36,0.37,51000
SCP,20260205,8.95,8.95,8.9,8.95,89700
SDC,20260205,0.03,0.04,0.03,0.04,3263600
SE,20260205,0.45,0.45,0.44,0.44,185600
SE-ED,20260205,1.65,1.65,1.65,1.65,900
SEAFCO,20260205,2,2.02,1.98,2.02,184300
SEAOIL,20260205,3.06,3.08,3.06,3.06,267300
SECURE,20260205,12.6,12.6,12.4,12.6,36700
SEI,20260205,2.28,2.34,2.26,2.28,81000
SELIC,20260205,2.66,2.68,2.64,2.68,6800
SENA,20260205,1.67,1.67,1.66,1.67,124400
SENX,20260205,0.23,0.24,0.23,0.24,159300
SFLEX,20260205,3.2,3.24,3.18,3.24,1254200
SFT,20260205,2.02,2.04,2.02,2.04,800
SGC,20260205,0.89,0.92,0.89,0.91,6684300
SGF,20260205,0.17,0.18,0.17,0.18,3400
SGP,20260205,7.25,7.5,7.25,7.35,121600
SHANG,20260205,45.5,47.25,45.5,47.25,600
SHR,20260205,1.7,1.71,1.69,1.69,1362400
SIAM,20260205,0.67,0.7,0.66,0.7,42600
SICT,20260205,2.4,2.4,2.36,2.4,93900
SIMAT,20260205,1.32,1.33,1.3,1.3,1232700
SINGER,20260205,4.86,4.9,4.8,4.8,1275800
SINO,20260205,0.87,0.88,0.87,0.88,58000
SIRI,20260205,1.38,1.4,1.38,1.39,26841200
SIS,20260205,20.4,20.4,20.2,20.4,135900
SISB,20260205,10.6,10.7,10.5,10.6,1682400
SITHAI,20260205,1.04,1.04,1.03,1.03,41600
SJWD,20260205,7.35,7.65,7.25,7.3,3699500
SK,20260205,0.55,0.55,0.55,0.55,25000
SKE,20260205,0.14,0.14,0.13,0.14,47600
SKIN,20260205,1.28,1.28,1.24,1.25,439900
SKN,20260205,6.35,6.45,6.35,6.35,37600
SKR,20260205,7,7.1,7,7.05,53900
SKY,20260205,10.5,11.2,10.5,11,2868200
SLP,20260205,0.36,0.37,0.35,0.37,102600
SMART,20260205,0.54,0.54,0.53,0.54,147700
SMD100,20260205,2.12,2.12,2,2.02,877400
SMIT,20260205,3.6,3.6,3.58,3.6,16400
SMO,20260205,3.52,3.54,3.5,3.5,733200
SMPC,20260205,9,9.05,9,9.05,4800
SMT,20260205,1.18,1.2,1.18,1.2,53200
SNC,20260205,5.95,6.05,5.95,5.95,153300
SNNP,20260205,7.05,7.15,7.05,7.15,274100
SNP,20260205,9.7,9.7,9.6,9.6,28500
SNPS,20260205,4.62,4.64,4.58,4.64,32600
SO,20260205,3.98,3.98,3.98,3.98,13700
SOLAR,20260205,0.18,0.19,0.17,0.17,240600
SONIC,20260205,1.44,1.47,1.43,1.46,142900
SORKON,20260205,3.5,3.52,3.5,3.5,5200
SPA,20260205,3.32,3.34,3.24,3.28,4604300
SPACK,20260205,1.18,1.18,1.18,1.18,100
SPALI,20260205,18.1,18.3,17.9,18,1576100
SPC,20260205,57,57.25,57,57.25,6300
SPCG,20260205,9.7,9.75,9.65,9.65,280900
SPI,20260205,43,43,43,43,2000
SPRC,20260205,6.85,6.85,6.7,6.7,16119600
SPREME,20260205,1.51,1.52,1.5,1.52,213300
SPRIME,20260205,3.56,3.56,3.54,3.56,72100
SPTX,20260205,0.01,0.01,0.01,0.01,25447000
SPVI,20260205,2.32,2.38,2.28,2.32,604700
SQ,20260205,0.26,0.27,0.25,0.25,189400
SR,20260205,0.29,0.29,0.29,0.29,300
SRICHA,20260205,11.1,11.1,11,11,65900
SRIPANWA,20260205,5,5.05,5,5.05,62300
SRS,20260205,1.54,1.58,1.51,1.54,12000
SSF,20260205,4.94,4.98,4.9,4.9,46800
SSP,20260205,3.1,3.1,3.06,3.1,408700
SSSC,20260205,2.12,2.14,2.1,2.12,31400
SST,20260205,1.24,1.24,1.2,1.2,2000
SSTRT,20260205,4.3,4.3,4.3,4.3,100
STA,20260205,13,13.4,12.9,13.1,5681100
STANLY,20260205,192,193,192,192.5,2300
STARM,20260205,0.97,0.99,0.97,0.98,53000
STC,20260205,0.3,0.33,0.29,0.29,143200
STECH,20260205,1,1,0.99,1,48600
STECON,20260205,8.2,8.25,8,8.15,13993900
STELLA,20260205,0.18,0.19,0.17,0.18,7763500
STGT,20260205,8.65,8.7,8.45,8.45,3369000
STI,20260205,1.74,1.75,1.64,1.74,5900
STOWER,20260205,0.03,0.04,0.03,0.04,594300
STP,20260205,10.2,10.3,10.1,10.3,7300
STPI,20260205,4.58,4.58,4.4,4.44,6308500
STX,20260205,1.02,1.03,1.01,1.03,287500
SUC,20260205,27.25,27.5,27.25,27.5,90100
SUN,20260205,2.96,2.98,2.96,2.98,216400
SUPER,20260205,0.1,0.11,0.1,0.1,3587100
SUPEREIF,20260205,5.6,5.7,5.6,5.65,37100
SUSCO,20260205,2.22,2.22,2.18,2.2,436100
SUTHA,20260205,2.5,2.5,2.5,2.5,3100
SVI,20260205,7.3,7.35,7.3,7.3,382900
SVOA,20260205,1.33,1.33,1.3,1.33,237000
SVR,20260205,0.29,0.29,0.28,0.29,98100
SVT,20260205,1.3,1.31,1.29,1.3,92000
SWC,20260205,4.06,4.12,4.06,4.08,30800
SYMC,20260205,3.7,3.7,3.58,3.68,24600
SYNEX,20260205,10.1,10.2,10,10.1,1110700
SYNTEC,20260205,1.65,1.67,1.64,1.64,55600
TACC,20260205,5.45,5.5,5.45,5.5,710100
TAE,20260205,0.48,0.48,0.48,0.48,85100
TAKUNI,20260205,0.35,0.35,0.34,0.35,849700
TAN,20260205,3.92,3.92,3.8,3.8,9300
TASCO,20260205,13.9,14,13.8,13.8,2900500
TATG,20260205,0.97,0.97,0.95,0.95,4200
TBN,20260205,3.92,3.92,3.84,3.84,3300
TC,20260205,5,5.1,4.98,5.05,43600
TCAP,20260205,56.75,57,56.25,56.75,2488200
TCC,20260205,0.25,0.25,0.24,0.25,55200
TCJ,20260205,2.38,2.44,2.38,2.44,2400
TCMC,20260205,0.35,0.36,0.35,0.36,13500
TCOAT,20260205,27.25,29,26,26.5,4500
TEAM,20260205,2.42,2.42,2.38,2.4,75200
TEAMG,20260205,3.1,3.16,3.06,3.06,2137500
TEGH,20260205,3.06,3.14,3.04,3.12,145600
TEKA,20260205,1.7,1.7,1.68,1.69,12900
TERA,20260205,0.96,0.99,0.96,0.97,17600
TFFIF,20260205,6.65,6.65,6.6,6.6,1786200
TFG,20260205,4.82,4.88,4.82,4.84,8775800
TFI,20260205,0.05,0.05,0.05,0.05,1200
TFM,20260205,6.3,6.35,6.3,6.3,282300
TFMAMA,20260205,189.5,189.5,188.5,189,600
TGE,20260205,1.35,1.35,1.29,1.3,79500
TGH,20260205,11.1,11.1,11,11.1,7100
TGPRO,20260205,0.04,0.05,0.04,0.05,79100
TH,20260205,0.45,0.45,0.44,0.44,197800
THAI,20260205,6.1,6.8,6.05,6.6,352963800
THANA,20260205,1.58,1.65,1.58,1.61,4395500
THANI,20260205,1.76,1.77,1.72,1.77,2587300
THCOM,20260205,9.7,9.75,9.55,9.55,2754200
THE,20260205,0.79,0.79,0.74,0.79,17900
THG,20260205,8.5,8.65,8.4,8.5,1684900
THIP,20260205,23,23,22.9,22.9,7600
THMUI,20260205,0.29,0.3,0.29,0.29,10600
THRE,20260205,0.38,0.38,0.36,0.38,376800
THREL,20260205,1.01,1.01,1,1.01,20400
TIDLOR,20260205,17.1,17.8,17.1,17.6,12652600
TIF1,20260205,7.2,7.25,7.2,7.25,11200
TIGER,20260205,0.24,0.25,0.24,0.25,5400
TIPCO,20260205,7.65,7.7,7.6,7.6,14300
TIPH,20260205,20.4,20.4,20.1,20.3,85400
TISCO,20260205,111,112,110.5,111.5,5413100
TITLE,20260205,7.2,7.55,7.2,7.45,1065500
TK,20260205,4.2,4.2,4.2,4.2,7100
TKC,20260205,8.75,8.75,8.5,8.6,88300
TKN,20260205,4.14,4.16,4.1,4.12,637900
TKS,20260205,6.4,6.4,6.3,6.35,82300
TKT,20260205,0.72,0.72,0.7,0.71,21800
TL,20260205,0.35,0.36,0.35,0.36,908200
TLHPF,20260205,3.98,4.04,3.98,4.04,6900
TLI,20260205,11.9,12,11.6,11.9,8927800
TM,20260205,0.86,0.87,0.84,0.85,135800
TMAN,20260205,10.7,10.7,10.4,10.6,188700
TMC,20260205,0.71,0.72,0.7,0.71,111000
TMI,20260205,0.49,0.49,0.48,0.48,44900
TMILL,20260205,2.06,2.06,2.02,2.04,52000
TMT,20260205,2.76,2.76,2.74,2.76,122900
TMW,20260205,57.75,59,57.5,58.25,35300
TNDT,20260205,0.16,0.16,0.15,0.16,861100
TNH,20260205,31.25,31.25,30.75,30.75,27600
TNITY,20260205,2.24,2.32,2.24,2.3,18400
TNP,20260205,2.68,2.7,2.66,2.66,112500
TNPC,20260205,0.75,0.77,0.75,0.77,76700
TNPF,20260205,1.03,1.03,1.02,1.02,5100
TNR,20260205,5.7,5.7,5.65,5.65,144200
TOA,20260205,14,14.3,13.9,14.2,2239000
TOG,20260205,6.45,6.6,6.45,6.55,21000
TOP,20260205,45,45.75,44.25,45.5,24854500
TPA,20260205,2.5,2.62,2.5,2.62,800
TPAC,20260205,8.4,8.5,8.4,8.4,3100
TPBI,20260205,3.04,3.06,3,3.06,294400
TPCH,20260205,1.59,1.6,1.57,1.57,640600
TPCS,20260205,9.5,9.5,9.45,9.45,200
TPIPL,20260205,0.71,0.72,0.7,0.71,3953500
TPIPP,20260205,1.82,1.83,1.82,1.83,1120700
TPL,20260205,0.49,0.5,0.48,0.5,217100
TPLAS,20260205,0.81,0.83,0.81,0.83,23500
TPOLY,20260205,0.19,0.2,0.19,0.2,206400
TPP,20260205,10.2,10.3,10.2,10.2,2100
TPRIME,20260205,6.9,6.9,6.85,6.9,3200
TPS,20260205,3.42,3.46,3.42,3.42,25600
TQM,20260205,12.1,12.6,12.1,12.4,735800
TQR,20260205,4.92,4.92,4.9,4.9,23500
TRC,20260205,0.41,0.41,0.4,0.41,224300
TRITN,20260205,0.02,0.03,0.02,0.02,12625200
TRP,20260205,4.22,4.4,4.18,4.38,41500
TRT,20260205,3.72,3.72,3.68,3.68,318600
TRU,20260205,3.92,3.92,3.9,3.92,191800
TRUBB,20260205,0.7,0.7,0.66,0.67,407100
TRUE,20260205,12.1,12.5,12,12.2,274639500
TRV,20260205,1.36,1.46,1.36,1.46,1500
TSC,20260205,14.1,14.2,14.1,14.2,50000
TSE,20260205,0.4,0.41,0.4,0.4,179100
TSI,20260205,0.05,0.06,0.05,0.05,82300
TSR,20260205,0.14,0.14,0.12,0.13,566200
TSTE,20260205,10.4,10.4,10.4,10.4,500
TSTH,20260205,0.75,0.75,0.73,0.74,1817300
TTA,20260205,4.26,4.28,4.22,4.26,1485400
TTB,20260205,1.99,2,1.98,2,277251500
TTCL,20260205,0.15,0.15,0.14,0.14,116900
TTLPF,20260205,9.95,9.95,9.9,9.95,52700
TTT,20260205,47,47,46,46,6000
TTW,20260205,9.2,9.2,9.15,9.15,560100
TU,20260205,11.8,12.2,11.8,12.1,14073700
TU-PF,20260205,1.4,1.4,1.29,1.29,500
TURBO,20260205,1.32,1.38,1.32,1.38,20546700
TURTLE,20260205,2.72,2.72,2.72,2.72,200
TVDH,20260205,0.05,0.05,0.05,0.05,2220800
TVH,20260205,8.95,9,8.95,9,12100
TVO,20260205,23.7,23.8,23.6,23.7,291200
TVT,20260205,0.22,0.24,0.22,0.24,888200
TWP,20260205,1.15,1.15,1.12,1.12,800
TWPC,20260205,2.88,2.9,2.88,2.9,68600
TWZ,20260205,0.02,0.03,0.02,0.02,1405500
TYCN,20260205,1.65,1.66,1.65,1.66,89900
UAC,20260205,2.68,2.72,2.68,2.68,63800
UBA,20260205,0.99,1.01,0.99,0.99,1309100
UBE,20260205,0.44,0.46,0.44,0.44,882900
UBIS,20260205,0.89,0.89,0.89,0.89,87200
UEC,20260205,0.59,0.6,0.59,0.6,23200
UKEM,20260205,0.6,0.6,0.59,0.59,854800
UMI,20260205,0.72,0.73,0.71,0.72,116500
UNIQ,20260205,2.86,2.88,2.86,2.88,87000
UP,20260205,20.9,21.1,20.6,20.7,4300
UPF,20260205,23.6,23.6,23.6,23.6,200
UPOIC,20260205,6.5,6.5,6.5,6.5,400
UREKA,20260205,0.32,0.32,0.3,0.31,3981300
UTP,20260205,7.5,7.55,7.45,7.45,306800
UV,20260205,0.8,0.81,0.79,0.81,280800
UVAN,20260205,13,13.1,13,13,319400
VARO,20260205,4.4,4.42,4.4,4.42,20100
VCOM,20260205,3,3,2.98,3,31500
VGI,20260205,0.84,0.87,0.84,0.86,16016600
VIBHA,20260205,1.37,1.39,1.37,1.38,354300
VIH,20260205,8.3,8.3,8.15,8.25,151800
VL,20260205,0.77,0.79,0.77,0.78,11000
VNG,20260205,1.7,1.74,1.7,1.73,868900
VPO,20260205,0.43,0.44,0.42,0.42,176000
VRANDA,20260205,4.44,4.44,4.38,4.4,16300
VS,20260205,0.28,0.32,0.28,0.32,400
WACOAL,20260205,16.9,17,16.8,17,1500
WARRIX,20260205,1.8,1.8,1.79,1.8,240100
WASH,20260205,4.26,4.34,4.24,4.24,1649300
WAVE,20260205,0.02,0.03,0.02,0.02,1529100
WFX,20260205,0.68,0.69,0.66,0.68,112800
WGE,20260205,0.79,0.79,0.79,0.79,10300
WHA,20260205,3.4,3.46,3.38,3.4,110880800
WHABT,20260205,5.85,5.85,5.85,5.85,2600
WHAIR,20260205,6.4,6.4,6.3,6.4,929200
WHART,20260205,10.7,10.7,10.6,10.7,3050000
WHAUP,20260205,4.52,4.52,4.48,4.48,1366900
WICE,20260205,2.24,2.3,2.24,2.28,367100
WIIK,20260205,0.85,0.85,0.84,0.84,143900
WIN,20260205,0.32,0.32,0.3,0.31,416500
WINDOW,20260205,0.7,0.7,0.7,0.7,17000
WINMED,20260205,0.88,0.88,0.87,0.87,2100
WINNER,20260205,2.16,2.2,2.16,2.18,131300
WORK,20260205,3.66,3.8,3.64,3.68,289300
WP,20260205,3.76,3.8,3.76,3.78,28800
WPH,20260205,5.8,5.8,5.75,5.75,163000
WSOL,20260205,0.19,0.2,0.19,0.19,1755500
XBIO,20260205,0.09,0.1,0.08,0.09,20279400
XO,20260205,14.1,14.2,14.1,14.2,49600
XPG,20260205,0.47,0.48,0.46,0.48,2029600
XYZ,20260205,0.43,0.43,0.41,0.43,14300
YGG,20260205,0.24,0.25,0.23,0.24,954500
YONG,20260205,0.7,0.71,0.69,0.71,197200
YUASA,20260205,13.7,13.8,13.6,13.7,3600
ZAA,20260205,1.65,1.72,1.65,1.72,38500
ZEN,20260205,5.9,6,5.9,6,1900
ZIGA,20260205,1.01,1.03,0.99,1,2759800
2S-O,20260205,2.48,2.48,2.48,2.48,1
3BBIF-O,20260205,6.7,6.75,6.65,6.65,2258
88TH-O,20260205,4.42,4.52,3.14,4.44,126
A5-O,20260205,1.84,1.84,1.84,1.84,3
AAI-O,20260205,4.24,4.36,4.24,4.34,101
AAV-O,20260205,1.17,1.25,1.16,1.21,665
ACE-O,20260205,1.3,1.3,1.3,1.3,52
ADD-O,20260205,3.94,3.98,3.94,3.98,3
ADVANC-O,20260205,375,383,363,365,16215
ADVICE-O,20260205,6.1,6.1,5.75,5.75,77
AE-O,20260205,0.09,0.09,0.07,0.07,92
AEONTS-O,20260205,96,97,95.5,97,497
AF-O,20260205,0.33,0.34,0.32,0.34,42
AFC-O,20260205,3.24,3.24,3.24,3.24,12
AGE-O,20260205,1.25,1.28,1.22,1.28,138
AH-O,20260205,12.9,13.1,12.9,13.1,65
AI-O,20260205,3,3,3,3,31
AIE-O,20260205,1.03,1.03,1.03,1.03,6
AIMIRT-O,20260205,10.9,10.9,10.8,10.8,83
AIT-O,20260205,5,5,5,5,11
AJ-O,20260205,1.74,1.74,1.73,1.73,6
AKP-O,20260205,0.78,0.78,0.78,0.78,1
AKS-O,20260205,0.01,0.02,0.01,0.01,394
ALLY-O,20260205,4.44,4.44,4.42,4.42,51
ALT-O,20260205,1.11,1.11,1.11,1.11,10
ALUCON-O,20260205,199.5,199.5,199.5,199.5,3
AMA-O,20260205,4.1,4.12,4.1,4.1,131
AMANAH-O,20260205,0.74,0.74,0.72,0.72,87
AMARC-O,20260205,2.62,2.66,2.62,2.64,156
AMARIN-O,20260205,1.53,1.53,1.53,1.53,29
AMATA-O,20260205,15.7,15.9,15.7,15.7,565
AMATAV-O,20260205,1.79,1.79,1.79,1.79,20
AMR-O,20260205,0.39,0.39,0.39,0.39,29
ANAN-O,20260205,0.4,0.41,0.4,0.41,6
AOT-O,20260205,51.75,52.5,51.25,51.75,3115
AP-O,20260205,8.9,8.95,8.8,8.95,390
APCO-O,20260205,2.84,2.84,2.84,2.84,3
APURE-O,20260205,2.18,2.18,2.18,2.18,14
AS-O,20260205,2.86,2.86,2.86,2.86,10
ASIAN-O,20260205,7.5,7.5,7.45,7.5,27
ASK-O,20260205,7.6,7.6,7.5,7.5,86
ASN-O,20260205,0.71,0.75,0.71,0.74,6
ASW-O,20260205,6.1,6.5,6.1,6.5,235
ATLAS-O,20260205,1.68,1.7,1.67,1.69,120
AU-O,20260205,5,5.05,5,5,136
AUCT-O,20260205,5.25,5.25,5.2,5.2,55
AURA-O,20260205,12.5,12.5,12.3,12.4,372
AWC-O,20260205,2.28,2.34,2.28,2.32,932
AXTRART-O,20260205,12.9,12.9,12.9,12.9,11
AYUD-O,20260205,37,37,36.75,36.75,28
B-O,20260205,0.03,0.03,0.03,0.03,244
B-WORK-O,20260205,3.64,5.2,3.64,4.82,17
B52-O,20260205,0.26,0.26,0.26,0.26,50
BA-O,20260205,15.8,15.9,15.6,15.8,457
BAFS-O,20260205,8.8,8.8,8.7,8.7,29
BAM-O,20260205,7.8,7.9,7.8,7.8,241
BANPU-O,20260205,5.45,5.45,5.3,5.4,936
BAREIT-O,20260205,10.7,10.7,10.7,10.7,22
BAY-O,20260205,25.75,26,25.5,25.75,111
BBGI-O,20260205,2.94,2.96,2.94,2.94,100
BBIK-O,20260205,14.9,15,14.8,14.9,214
BBL-O,20260205,156.5,158.5,156.5,157.5,1869
BCH-O,20260205,10,10.2,10,10.1,391
BCP-O,20260205,31.75,31.75,31.25,31.5,992
BCPG-O,20260205,7.45,7.65,7.45,7.55,565
BCT-O,20260205,51.75,51.75,51.75,51.75,6
BDMS-O,20260205,20,20.5,20,20.4,5791
BE8-O,20260205,4.68,4.68,4.6,4.66,106
BEAUTY-O,20260205,0.38,0.38,0.37,0.37,142
BEC-O,20260205,1.82,1.83,1.82,1.83,71
BEM-O,20260205,5.2,5.2,5.15,5.15,517
BEYOND-O,20260205,5.9,5.9,5.9,5.9,1
BGC-O,20260205,4.18,4.34,4.18,4.34,4
BGRIM-O,20260205,13.3,13.3,13,13.2,3298
BH-O,20260205,164.5,168.5,164.5,167,1240
BIOTEC-O,20260205,0.17,0.17,0.17,0.17,20
BIS-O,20260205,1.89,1.89,1.88,1.88,20
BJC-O,20260205,14.8,15.1,14.8,15,1450
BKIH-O,20260205,302,302,300,301,36
BLA-O,20260205,20.8,20.8,20.7,20.8,28
BLAND-O,20260205,0.44,0.44,0.43,0.44,36
BLC-O,20260205,3.96,4,3.96,4,160
BLESS-O,20260205,0.21,0.21,0.21,0.21,4
BM-O,20260205,1.01,1.01,1,1.01,146
BOFFICE-O,20260205,5.15,5.15,5.15,5.15,71
BOL-O,20260205,5.1,5.1,5.1,5.1,11
BPP-O,20260205,11.6,11.6,11,11.2,175
BPS-O,20260205,0.41,0.41,0.41,0.41,60
BRI-O,20260205,1.41,1.41,1.4,1.4,2
BROCK-O,20260205,0.84,0.84,0.84,0.84,38
BRR-O,20260205,3.96,3.96,3.96,3.96,40
BSBM-O,20260205,0.58,0.61,0.58,0.61,8
BTC-O,20260205,0.16,0.22,0.16,0.22,182
BTG-O,20260205,17.2,17.4,17,17.3,314
BTNC-O,20260205,14.6,14.6,14.6,14.6,1
BTS-O,20260205,2.18,2.22,2.18,2.2,1057
BTSGIF-O,20260205,1.82,2.62,1.82,2.62,41
BTW-O,20260205,0.11,0.11,0.11,0.11,13
BUI-O,20260205,12,12,12,12,15
BVG-O,20260205,1.73,1.73,1.73,1.73,8
BWG-O,20260205,0.25,0.25,0.25,0.25,3
BYD-O,20260205,0.49,0.49,0.48,0.48,143
CBG-O,20260205,42.75,43,42.5,42.5,269
CCET-O,20260205,4.72,4.82,4.7,4.76,608
CCP-O,20260205,0.25,0.25,0.25,0.25,22
CEN-O,20260205,0.52,0.77,0.52,0.77,132
CENTEL-O,20260205,36.5,36.75,35.5,35.75,344
CGD-O,20260205,0.08,0.12,0.08,0.12,109
CGH-O,20260205,0.49,0.49,0.49,0.49,82
CHAO-O,20260205,4.34,4.34,4.34,4.34,1
CHAYO-O,20260205,1.23,1.23,1.19,1.19,158
CHEWA-O,20260205,0.2,0.2,0.2,0.2,9
CHG-O,20260205,1.58,1.62,1.57,1.59,1024
CHO-O,20260205,0.06,0.07,0.05,0.05,133
CI-O,20260205,0.25,0.25,0.25,0.25,59
CIVIL-O,20260205,0.67,0.67,0.67,0.67,1
CK-O,20260205,12.8,12.8,12.7,12.7,63
CKP-O,20260205,2.3,2.3,2.3,2.3,62
CMC-O,20260205,0.45,0.45,0.42,0.42,146
CMR-O,20260205,1.38,1.38,1.38,1.38,68
COCOCO-O,20260205,5.6,5.65,5.6,5.65,628
COLOR-O,20260205,1.03,1.03,1.03,1.03,10
COM7-O,20260205,23.2,23.6,23.2,23.5,1818
CPALL-O,20260205,44.5,45.5,44.5,45.25,7633
CPANEL-O,20260205,1.97,1.97,1.95,1.95,3
CPAXT-O,20260205,14.9,15.5,14.8,15.4,3637
CPF-O,20260205,20.8,20.8,20.5,20.7,2627
CPI-O,20260205,3.4,3.46,3.4,3.44,80
CPL-O,20260205,0.66,0.66,0.65,0.65,22
CPN-O,20260205,61,61.75,61,61,961
CPNCG-O,20260205,6.45,6.45,6.45,6.45,1
CPNREIT-O,20260205,11.4,11.5,11.3,11.4,713
CPR-O,20260205,2.78,2.78,2.76,2.76,3
CPW-O,20260205,2.06,2.06,2.06,2.06,96
CRANE-O,20260205,0.41,0.45,0.41,0.45,21
CRC-O,20260205,19.7,19.9,19.5,19.6,830
CREDIT-O,20260205,15.9,16.1,15.9,16,83
CSC-O,20260205,45,45,45,45,2
CSP-O,20260205,0.26,0.39,0.26,0.39,39
CSS-O,20260205,0.77,0.77,0.77,0.77,10
CWT-O,20260205,0.85,0.85,0.85,0.85,80
D-O,20260205,1.76,2.5,1.76,2.5,52
DCC-O,20260205,1.25,1.26,1.25,1.26,120
DCON-O,20260205,0.24,0.24,0.23,0.23,32
DDD-O,20260205,3.9,3.9,3.9,3.9,38
DELTA-O,20260205,212,212,199.5,202,15601
DEMCO-O,20260205,2.5,2.5,2.5,2.5,29
DIF-O,20260205,9.5,9.7,9.45,9.5,840
DITTO-O,20260205,11.1,11.4,11.1,11.4,158
DMT-O,20260205,10.8,10.9,7.65,10.8,203
DOD-O,20260205,1.5,1.5,1.5,1.5,10
DOHOME-O,20260205,3.64,3.68,3.6,3.68,1270
DREIT-O,20260205,6.35,6.35,3.46,3.46,2
DRT-O,20260205,5.05,5.1,5.05,5.1,190
DTCENT-O,20260205,0.87,0.87,0.84,0.87,171
DTCI-O,20260205,14.8,14.8,14.8,14.8,18
DUSIT-O,20260205,11.1,11.3,11.1,11.2,67
DV8-O,20260205,4.28,4.28,4.28,4.28,7
EA-O,20260205,2.74,2.76,2.72,2.74,556
EAST-O,20260205,0.63,0.63,0.63,0.63,5
EASTW-O,20260205,1.91,1.92,1.91,1.91,60
ECF-O,20260205,0.09,0.09,0.06,0.07,245
EGCO-O,20260205,118.5,119,117.5,119,394
EKH-O,20260205,4.94,4.96,4.94,4.96,221
EMC-O,20260205,0.02,0.02,0.02,0.02,1
EMPIRE-O,20260205,0.64,0.68,0.61,0.61,359
EP-O,20260205,1.17,1.17,1.17,1.17,1
EPG-O,20260205,2.3,3.24,2.3,3.24,49
ERW-O,20260205,2.68,2.7,2.66,2.7,272
ETC-O,20260205,0.56,0.56,0.56,0.56,98
ETL-O,20260205,0.49,0.49,0.49,0.49,3
EURO-O,20260205,4.42,4.42,4.42,4.42,1
FLOYD-O,20260205,1.2,1.21,1.2,1.2,70
FM-O,20260205,3.68,3.7,3.66,3.7,53
FNS-O,20260205,0.68,0.69,0.67,0.69,91
FORTH-O,20260205,5.7,5.7,5.7,5.7,67
FSMART-O,20260205,6.3,6.3,6.2,6.2,110
FTREIT-O,20260205,11.7,11.9,11.7,11.7,313
FUTURERT-O,20260205,9.15,9.15,9.15,9.15,4
GABLE-O,20260205,3.5,3.5,3.5,3.5,5
GBX-O,20260205,0.5,0.5,0.5,0.5,18
GFC-O,20260205,1.95,1.95,1.95,1.95,38
GFPT-O,20260205,8.9,9.7,6.8,9.7,100
GGC-O,20260205,3.24,3.24,3.24,3.24,10
GLOBAL-O,20260205,7.2,7.25,5.3,7.2,659
GLORY-O,20260205,0.59,0.59,0.59,0.59,10
GPI-O,20260205,1.66,1.66,1.66,1.66,21
GPSC-O,20260205,36.75,36.75,35.75,36.75,11337
GRAMMY-O,20260205,4.2,4.2,4.2,4.2,23
GREEN-O,20260205,0.63,0.63,0.63,0.63,5
GULF-O,20260205,49.5,50.5,49.25,50.25,15683
GUNKUL-O,20260205,1.86,1.86,1.85,1.85,184
GVREIT-O,20260205,6.7,6.7,6.7,6.7,29
HANA-O,20260205,17.3,17.3,17.1,17.3,626
HANN-O,20260205,0.97,0.97,0.93,0.95,26
HARN-O,20260205,1.94,1.95,1.94,1.95,35
HENG-O,20260205,0.68,0.96,0.68,0.96,78
HMPRO-O,20260205,6.8,6.9,6.75,6.8,1191
HPF-O,20260205,5.7,5.7,5.7,5.7,2
HTC-O,20260205,15,15.2,15,15.1,304
HTECH-O,20260205,3.38,3.38,3.34,3.36,112
HUMAN-O,20260205,5.05,5.05,5.05,5.05,6
HYDRO-O,20260205,2.6,2.6,2.46,2.54,124
ICHI-O,20260205,13.9,14.2,13.9,13.9,1280
ICN-O,20260205,1.12,1.61,1.12,1.61,76
IIG-O,20260205,1.77,1.77,1.77,1.77,40
III-O,20260205,3.84,3.88,3.82,3.86,191
ILM-O,20260205,13.3,13.3,13.3,13.3,1
IMPACT-O,20260205,10.6,10.7,10.6,10.7,111
IND-O,20260205,1.39,1.39,1.39,1.39,1
INET-O,20260205,3.78,3.82,3.78,3.78,138
INETREIT-O,20260205,12,12,11.9,11.9,753
INOX-O,20260205,0.43,0.43,0.43,0.43,17
INSET-O,20260205,1.99,1.99,1.99,1.99,8
IP-O,20260205,4.28,4.36,4.28,4.3,88
IRC-O,20260205,12.4,12.6,12.4,12.5,261
IRCP-O,20260205,0.25,0.25,0.19,0.19,97
IRPC-O,20260205,1.2,1.2,1.17,1.19,534
IT-O,20260205,3.38,3.38,3.32,3.34,35
ITC-O,20260205,16.7,16.9,16.7,16.8,70
ITD-O,20260205,0.21,0.22,0.21,0.22,120
ITEL-O,20260205,1.27,1.27,1.26,1.26,12
IVL-O,20260205,20.9,21.2,20.6,21.2,4943
J-O,20260205,0.58,0.58,0.58,0.58,1
JAS-O,20260205,0.89,1.3,0.89,1.3,646
JCK-O,20260205,0.14,0.14,0.13,0.13,33
JDF-O,20260205,1.42,1.42,1.42,1.42,8
JMART-O,20260205,7.15,7.15,7.05,7.15,233
JMT-O,20260205,8.4,8.55,8.4,8.45,437
JPARK-O,20260205,2.68,2.72,2.6,2.6,511
JTS-O,20260205,56,56,53.5,54,391
JUBILE-O,20260205,7,7,7,7,2
K-O,20260205,1,1,1,1,40
KAMART-O,20260205,9,9.1,9,9.05,366
KASET-O,20260205,0.62,0.62,0.62,0.62,2
KBANK-O,20260205,189.5,190.5,189.5,190,1723
KBS-O,20260205,6.15,6.15,6.1,6.1,107
KBSPIF-O,20260205,8.25,8.25,8.25,8.25,5
KCE-O,20260205,18.6,19,18.6,18.9,658
KCG-O,20260205,8.6,8.6,8.55,8.55,41
KGI-O,20260205,4.16,4.16,4.14,4.14,11
KIAT-O,20260205,0.35,0.35,0.35,0.35,10
KISS-O,20260205,3.02,3.06,3.02,3.06,18
KKP-O,20260205,71.75,72.75,71.5,72.5,2126
KLINIQ-O,20260205,23.8,23.8,23.3,23.3,102
KSL-O,20260205,1.24,1.24,1.22,1.22,202
KTB-O,20260205,28.75,29,28.5,28.75,2273
KTC-O,20260205,28.5,29,28.5,28.75,1224
KTMS-O,20260205,1.89,1.89,1.89,1.89,1
KUN-O,20260205,0.75,0.77,0.75,0.77,63
KWM-O,20260205,0.63,0.63,0.63,0.63,8
KYE-O,20260205,293,294,292,292,7
LANNA-O,20260205,15.5,15.7,15.5,15.7,259
LEO-O,20260205,1.89,1.89,1.88,1.89,69
LH-O,20260205,4,4.02,3.98,4,1170
LHFG-O,20260205,0.95,0.95,0.94,0.94,198
LHHOTEL-O,20260205,13.1,13.2,13.1,13.2,113
LHK-O,20260205,3.38,3.38,3.36,3.36,60
LHSC-O,20260205,12.9,12.9,12.9,12.9,48
LOXLEY-O,20260205,0.89,1.2,0.89,1.2,101
LPH-O,20260205,3.68,3.68,3.68,3.68,57
LPN-O,20260205,1.57,1.57,1.53,1.53,111
LST-O,20260205,4.72,4.72,4.72,4.72,37
LTS-O,20260205,2.42,2.42,2.4,2.4,24
LUXF-O,20260205,6.3,6.3,6.3,6.3,2
M-CHAI-O,20260205,21.8,22,21.8,22,9
M-O,20260205,20.4,21,20.4,20.6,796
MADAME-O,20260205,0.09,0.09,0.09,0.09,23
MAGURO-O,20260205,21.5,21.8,21.5,21.6,142
MAJOR-O,20260205,6.9,7.05,6.9,7,271
MALEE-O,20260205,3.84,3.88,3.8,3.8,207
MASTER-O,20260205,9,9,8.95,9,209
MBK-O,20260205,18.3,18.4,18.3,18.4,37
MC-O,20260205,11.7,11.7,11.6,11.6,501
MCOT-O,20260205,4.1,4.12,4.06,4.06,40
MCS-O,20260205,8.55,8.55,8.55,8.55,21
MEB-O,20260205,13.9,13.9,13.9,13.9,3
MEDEZE-O,20260205,6.2,6.2,6.15,6.15,2
MEGA-O,20260205,37.5,38,37.5,37.75,473
METCO-O,20260205,254,258,251,254,815
MFC-O,20260205,23.9,24,23.9,24,9
MFEC-O,20260205,5.3,5.3,5.3,5.3,99
MGC-O,20260205,3.98,3.98,3.98,3.98,1
MGI-O,20260205,5.75,5.75,5.65,5.7,200
MGT-O,20260205,1.6,1.6,1.6,1.6,4
MII-O,20260205,4.5,4.6,4.5,4.6,2
MILL-O,20260205,0.05,0.05,0.05,0.05,78
MINT-O,20260205,25.25,25.5,25,25,1149
MITSIB-O,20260205,0.6,0.6,0.6,0.6,1
MJD-O,20260205,0.35,0.35,0.35,0.35,89
MJLF-O,20260205,5.1,5.1,5.1,5.1,75
MMM-O,20260205,3.28,3.28,3.28,3.28,10
MNRF-O,20260205,2.04,2.04,2.04,2.04,11
MONO-O,20260205,1.18,1.18,1.17,1.18,11
MOONG-O,20260205,2.02,2.02,2.02,2.02,19
MOSHI-O,20260205,34.75,35,34.75,35,47
MOTHER-O,20260205,1.14,1.14,1.14,1.14,3
MPJ-O,20260205,3.92,3.92,3.92,3.92,1
MRDIYT-O,20260205,8.9,9.2,8.8,8.85,506
MSC-O,20260205,7.65,7.7,7.65,7.7,22
MST-O,20260205,6.6,6.65,6.6,6.65,24
MTC-O,20260205,33.5,34.75,33.25,34.5,1025
MTI-O,20260205,15.9,16,15.9,16,44
MTW-O,20260205,0.81,0.81,0.81,0.81,4
MUD-O,20260205,0.88,0.88,0.88,0.88,2
NEO-O,20260205,20.5,20.5,20.5,20.5,13
NER-O,20260205,4.74,4.78,4.74,4.76,148
NETBAY-O,20260205,21.4,21.7,21.4,21.6,65
NEX-O,20260205,1.12,1.12,1.12,1.12,18
NKI-O,20260205,19,19,19,19,1
NL-O,20260205,0.62,0.62,0.62,0.62,9
NNCL-O,20260205,1.52,1.52,1.52,1.52,50
NOBLE-O,20260205,2.22,2.22,2.16,2.16,103
NRF-O,20260205,0.22,0.22,0.21,0.21,15
NSL-O,20260205,23.5,23.5,22.7,22.7,28
NTF-O,20260205,5.85,5.85,5.75,5.75,43
NTSC-O,20260205,6,6,6,6,9
NV-O,20260205,0.52,0.52,0.52,0.52,25
NVD-O,20260205,0.58,0.58,0.58,0.58,6
NYT-O,20260205,3.22,3.24,3.22,3.22,168
OGC-O,20260205,6.6,6.6,6.6,6.6,25
OKJ-O,20260205,4.2,4.26,4.2,4.22,290
ONEE-O,20260205,2.34,2.36,2.34,2.36,118
ONSENS-O,20260205,1.06,1.06,1.06,1.06,1
OR-O,20260205,13.6,13.9,13.5,13.9,1905
ORI-O,20260205,1.77,1.82,1.75,1.82,498
OSP-O,20260205,17.6,17.9,17.6,17.8,547
PACO-O,20260205,1.15,1.15,1.15,1.15,2
PATO-O,20260205,6.95,6.95,6.95,6.95,1
PB-O,20260205,49.75,49.75,49.5,49.5,97
PCC-O,20260205,2.68,2.68,2.68,2.68,8
PCE-O,20260205,2.06,2.06,2.06,2.06,2
PDG-O,20260205,2.9,2.94,2.9,2.94,125
PEER-O,20260205,0.09,0.09,0.08,0.08,38
PERM-O,20260205,0.15,0.22,0.15,0.22,18
PF-O,20260205,0.05,0.05,0.04,0.04,50
PIMO-O,20260205,0.99,0.99,0.98,0.99,60
PIN-O,20260205,4.26,4.26,4.26,4.26,1
PLANB-O,20260205,3.64,3.78,3.64,3.74,1801
PLUS-O,20260205,1.66,1.74,1.64,1.7,1241
PM-O,20260205,12.1,12.2,11.9,12,167
POLY-O,20260205,7,7,7,7,1
POPF-O,20260205,6.9,6.9,6.9,6.9,10
PPP-O,20260205,0.61,0.84,0.61,0.84,68
PPPM-O,20260205,0.28,0.28,0.28,0.28,10
PR9-O,20260205,19.3,19.5,19.3,19.4,657
PRAKIT-O,20260205,9.1,10,9.1,10,50
PREB-O,20260205,3.36,3.38,3.32,3.36,63
PRIME-O,20260205,0.07,0.07,0.05,0.06,135
PRINC-O,20260205,1.7,1.7,1.7,1.7,50
PRM-O,20260205,7.2,7.25,7.15,7.2,651
PROS-O,20260205,0.43,0.43,0.43,0.43,70
PROSPECT-O,20260205,6.95,6.95,6.95,6.95,29
PROUD-O,20260205,0.49,0.68,0.49,0.68,30
PSGC-O,20260205,2.28,2.42,2.28,2.3,205
PSH-O,20260205,3.62,3.64,3.62,3.62,112
PSL-O,20260205,6.4,6.4,6.25,6.25,90
PSTC-O,20260205,0.27,0.27,0.27,0.27,50
PT-O,20260205,12.3,12.5,12.3,12.4,198
PTG-O,20260205,7.75,7.85,7.7,7.85,363
PTL-O,20260205,7.85,7.9,7.85,7.9,11
PTT-O,20260205,34.75,35.25,34.5,35,8963
PTTEP-O,20260205,124.5,125,123.5,124,2613
PTTGC-O,20260205,25,25.5,25,25.25,824
PYLON-O,20260205,2.66,2.66,2.64,2.64,43
Q-CON-O,20260205,6.55,6.55,6.55,6.55,16
QDC-O,20260205,0.1,0.1,0.08,0.1,435
QH-O,20260205,1.3,1.32,1.3,1.32,1161
QHBREIT-O,20260205,3.58,3.58,3.56,3.56,7
QTC-O,20260205,3.64,3.64,3.64,3.64,100
RABBIT-O,20260205,0.26,0.26,0.26,0.26,108
RAM-O,20260205,18.1,18.1,18.1,18.1,10
RATCH-O,20260205,30.75,31,30.5,31,398
RBF-O,20260205,3.12,3.12,3.12,3.12,21
RCL-O,20260205,27.5,27.75,27.25,27.75,514
RJH-O,20260205,12.8,12.9,12.8,12.9,60
ROCTEC-O,20260205,0.53,0.53,0.52,0.52,42
ROJNA-O,20260205,4.74,4.8,4.7,4.74,102
RPC-O,20260205,0.27,0.27,0.27,0.27,53
RPH-O,20260205,4.9,4.9,4.9,4.9,3
RS-O,20260205,0.18,0.18,0.16,0.16,109
S&J-O,20260205,36.5,36.5,36.5,36.5,35
S-O,20260205,0.49,0.49,0.48,0.48,250
SABINA-O,20260205,16,16.1,16,16.1,103
SAFE-O,20260205,6.05,6.05,6.05,6.05,11
SAK-O,20260205,3.26,3.26,3.26,3.26,5
SAM-O,20260205,0.19,0.19,0.19,0.19,10
SAMART-O,20260205,6.2,6.2,6.2,6.2,81
SAMCO-O,20260205,0.66,0.66,0.66,0.66,15
SANKO-O,20260205,0.84,0.84,0.84,0.84,99
SAPPE-O,20260205,31.75,32,31.75,32,167
SAT-O,20260205,15,15,14.9,15,103
SAUCE-O,20260205,40,40.5,39.75,40.25,203
SAV-O,20260205,11.9,11.9,11.9,11.9,1
SAWAD-O,20260205,26,26.75,26,26,1158
SC-O,20260205,1.74,1.77,1.73,1.77,227
SCAP-O,20260205,0.99,1.07,0.98,0.98,81
SCB-O,20260205,136.5,137,135.5,136.5,13110
SCC-O,20260205,210,213,210,211,1572
SCCC-O,20260205,144.5,145,144,145,200
SCG-O,20260205,2.56,2.56,2.3,2.3,285
SCGD-O,20260205,4.86,5,4.86,5,239
SCGP-O,20260205,20,20,19.7,19.8,780
SCI-O,20260205,0.92,0.92,0.92,0.92,1
SCM-O,20260205,0.18,0.18,0.18,0.18,11
SCP-O,20260205,8.95,8.95,8.95,8.95,28
SEAFCO-O,20260205,2,2,1.99,1.99,83
SEAOIL-O,20260205,3.08,3.08,2.7,2.7,41
SEI-O,20260205,2.26,2.26,2.26,2.26,3
SENA-O,20260205,1.68,1.68,1.68,1.68,1
SFLEX-O,20260205,3.26,3.26,3.26,3.26,1
SFT-O,20260205,2.02,2.02,2.02,2.02,65
SGC-O,20260205,0.91,0.92,0.91,0.92,248
SHR-O,20260205,1.7,1.7,1.7,1.7,84
SICT-O,20260205,2.4,2.4,2.4,2.4,3
SIMAT-O,20260205,1.32,1.32,1.32,1.32,1
SINGER-O,20260205,4.86,4.86,4.84,4.84,44
SINO-O,20260205,0.87,0.87,0.87,0.87,31
SIRI-O,20260205,1.4,1.4,1.39,1.4,1325
SIS-O,20260205,20.4,20.4,20.3,20.3,84
SISB-O,20260205,10.6,10.7,10.4,10.7,112
SJWD-O,20260205,7.45,7.5,7.3,7.3,160
SKIN-O,20260205,1.24,1.24,1.24,1.24,1
SKR-O,20260205,7.15,7.15,7.15,7.15,1
SKY-O,20260205,10.5,11.1,10.5,11.1,263
SMART-O,20260205,0.54,0.54,0.42,0.42,36
SMD100-O,20260205,2.1,2.1,2.02,2.1,199
SMO-O,20260205,3.5,3.5,3.4,3.4,148
SMPC-O,20260205,9.05,9.1,9.05,9.1,21
SNNP-O,20260205,7.05,7.15,7.05,7.15,232
SNP-O,20260205,9.7,9.7,9.65,9.65,51
SNPS-O,20260205,4.6,4.6,4.6,4.6,1
SO-O,20260205,4,4,3.98,3.98,2
SONIC-O,20260205,1.46,1.46,1.46,1.46,19
SORKON-O,20260205,3.52,3.52,3.52,3.52,7
SPA-O,20260205,3.26,3.3,3.24,3.3,120
SPALI-O,20260205,18.2,18.5,18,18.1,579
SPC-O,20260205,57.25,59,57.25,59,4
SPCG-O,20260205,9.7,9.75,9.65,9.7,143
SPI-O,20260205,44,44,44,44,1
SPRC-O,20260205,6.85,6.85,6.75,6.8,28
SPRIME-O,20260205,3.56,3.56,3.54,3.54,3
SPTX-O,20260205,0.01,0.01,0.01,0.01,29
SPVI-O,20260205,2.38,2.38,2.32,2.34,20
SRICHA-O,20260205,11.1,11.1,10.4,10.4,9
SRIPANWA-O,20260205,4.98,4.98,4.96,4.96,63
SSP-O,20260205,3.1,3.1,3.1,3.1,15
SSSC-O,20260205,2.14,2.14,2.14,2.14,74
SST-O,20260205,0.87,0.87,0.87,0.87,13
STA-O,20260205,13,13.2,13,13.1,427
STANLY-O,20260205,192,193,192,192.5,54
STC-O,20260205,0.36,0.36,0.36,0.36,278
STECON-O,20260205,8.25,8.3,8,8.2,542
STELLA-O,20260205,0.17,0.17,0.17,0.17,10
STGT-O,20260205,8.65,8.65,8.5,8.55,512
STP-O,20260205,10.1,10.1,10.1,10.1,1
STPI-O,20260205,4.46,4.46,4.46,4.46,11
SUC-O,20260205,27.5,27.5,27.25,27.25,11
SUN-O,20260205,3,3,2.98,2.98,84
SUPER-O,20260205,0.11,0.11,0.11,0.11,65
SUPEREIF-O,20260205,5.6,5.6,5.6,5.6,5
SUSCO-O,20260205,2.2,2.26,2.2,2.24,150
SVI-O,20260205,7.35,7.35,7.35,7.35,40
SVOA-O,20260205,1.33,1.33,1.33,1.33,6
SVT-O,20260205,1.3,1.3,1.3,1.3,48
SWC-O,20260205,4.06,4.06,4.06,4.06,55
SYMC-O,20260205,3.7,3.7,3.7,3.7,10
SYNEX-O,20260205,10,10.2,10,10.1,93
TACC-O,20260205,5.5,5.6,5.4,5.5,199
TAE-O,20260205,0.48,0.48,0.48,0.48,28
TAKUNI-O,20260205,0.35,0.35,0.35,0.35,1
TASCO-O,20260205,13.9,14.1,13.9,14,1066
TBN-O,20260205,3.92,3.92,3.84,3.84,16
TCAP-O,20260205,57,57,56.5,56.75,1424
TCC-O,20260205,0.25,0.25,0.24,0.24,28
TCOAT-O,20260205,29,29,29,29,24
TEAM-O,20260205,2.42,2.42,2.42,2.42,15
TEGH-O,20260205,3.06,3.12,3.06,3.12,26
TFFIF-O,20260205,6.65,6.7,6.65,6.7,92
TFG-O,20260205,4.82,4.88,4.82,4.88,688
TFM-O,20260205,6.4,6.4,6.35,6.35,162
TFMAMA-O,20260205,189.5,190,189,190,99
TGE-O,20260205,1.31,1.31,1.31,1.31,76
TH-O,20260205,0.44,0.44,0.44,0.44,20
THAI-O,20260205,6,6.7,6,6.65,8699
THANA-O,20260205,1.63,1.63,1.62,1.62,21
THANI-O,20260205,1.75,1.75,1.74,1.75,48
THCOM-O,20260205,9.6,9.7,9.6,9.65,668
THG-O,20260205,9.05,9.05,8.6,8.6,40
THRE-O,20260205,0.37,0.37,0.37,0.37,56
THREL-O,20260205,1.01,1.01,0.72,1,38
TIDLOR-O,20260205,16.9,17.8,16.9,17.7,1300
TIPCO-O,20260205,7.7,8.75,7.7,8.75,73
TIPH-O,20260205,20.4,20.4,20.2,20.4,22
TISCO-O,20260205,111,112,111,112,10644
TITLE-O,20260205,7.2,7.55,7.2,7.45,199
TKN-O,20260205,4.22,4.38,4.12,4.14,38
TKS-O,20260205,6.4,6.4,6.3,6.3,37
TLI-O,20260205,11.9,11.9,11.8,11.8,349
TM-O,20260205,0.86,0.86,0.82,0.82,32
TMAN-O,20260205,10.7,10.7,10.5,10.7,110
TMI-O,20260205,0.48,0.48,0.48,0.48,66
TMW-O,20260205,56,57.75,56,57.75,128
TNH-O,20260205,31.25,31.25,31.25,31.25,16
TNITY-O,20260205,2.24,2.24,1.84,1.84,172
TOA-O,20260205,14,14.2,13.8,14.2,161
TOG-O,20260205,6.55,6.55,6.55,6.55,60
TOP-O,20260205,45.25,45.75,44.5,45.5,2115
TPCH-O,20260205,1.6,1.62,1.58,1.62,136
TPIPL-O,20260205,0.71,0.77,0.7,0.72,96
TPIPP-O,20260205,1.84,1.88,1.83,1.83,185
TPOLY-O,20260205,0.14,0.2,0.14,0.2,139
TPS-O,20260205,3.44,3.44,3.42,3.44,22
TQM-O,20260205,8.5,14,8.5,12.4,14
TQR-O,20260205,4.92,4.92,4.9,4.9,11
TRC-O,20260205,0.34,0.34,0.34,0.34,95
TRITN-O,20260205,0.02,0.02,0.02,0.02,95
TRT-O,20260205,3.72,3.72,3.72,3.72,2
TRU-O,20260205,3.9,3.9,2.9,2.9,58
TRUBB-O,20260205,0.68,0.68,0.68,0.68,25
TRUE-O,20260205,12.1,12.4,12.1,12.3,3438
TSC-O,20260205,14.1,14.1,14.1,14.1,12
TSTH-O,20260205,0.74,0.74,0.73,0.73,125
TTA-O,20260205,4.26,4.28,4.26,4.26,84
TTB-O,20260205,1.99,2,1.99,2,2732
TTCL-O,20260205,0.15,0.15,0.15,0.15,13
TTLPF-O,20260205,9.95,10,9.95,9.95,97
TTW-O,20260205,9.2,9.2,9.15,9.2,497
TU-O,20260205,11.9,12.1,11.9,12.1,1245
TU-PF-O,20260205,1.48,1.48,1.48,1.48,1
TURBO-O,20260205,1.37,1.38,1.34,1.36,425
TURTLE-O,20260205,2.7,2.7,2.7,2.7,60
TVO-O,20260205,23.7,23.8,23.6,23.7,284
TVT-O,20260205,0.24,0.24,0.24,0.24,1
TWP-O,20260205,1.15,1.15,1.15,1.15,5
TWZ-O,20260205,0.02,0.03,0.02,0.03,88
UAC-O,20260205,2.68,2.68,2.68,2.68,2
UBA-O,20260205,1,1,1,1,10
UBE-O,20260205,0.45,0.45,0.44,0.44,103
UBIS-O,20260205,0.88,0.9,0.88,0.9,101
UMI-O,20260205,0.72,0.72,0.72,0.72,67
UNIQ-O,20260205,2.86,2.86,2.86,2.86,1
UPF-O,20260205,25.5,25.5,25.5,25.5,2
UREKA-O,20260205,0.31,0.31,0.31,0.31,50
UTP-O,20260205,7.55,7.55,7.55,7.55,142
UVAN-O,20260205,13.1,13.1,13,13.1,236
VGI-O,20260205,0.82,0.87,0.82,0.87,591
VIBHA-O,20260205,1.38,1.4,1.38,1.4,17
VIH-O,20260205,8.2,8.2,8.2,8.2,49
VNG-O,20260205,1.72,1.72,1.71,1.71,3
WARRIX-O,20260205,1.8,1.82,1.79,1.79,21
WAVE-O,20260205,0.03,0.03,0.02,0.02,54
WFX-O,20260205,0.69,0.69,0.69,0.69,12
WHA-O,20260205,3.42,3.44,3.4,3.4,1666
WHABT-O,20260205,5.85,5.85,5.85,5.85,183
WHAIR-O,20260205,6.35,6.35,6.35,6.35,93
WHART-O,20260205,10.9,10.9,10.6,10.7,194
WHAUP-O,20260205,4.5,4.54,4.48,4.5,139
WIIK-O,20260205,0.83,0.83,0.83,0.83,83
WINNER-O,20260205,2.2,2.2,2.2,2.2,18
WORK-O,20260205,3.6,3.72,3.6,3.7,30
WP-O,20260205,3.76,3.76,3.76,3.76,24
WPH-O,20260205,5.8,5.8,5.75,5.75,86
XBIO-O,20260205,0.09,0.09,0.09,0.09,14
XO-O,20260205,14.2,14.3,14.2,14.3,42
XPG-O,20260205,0.48,0.48,0.46,0.46,174
YGG-O,20260205,0.23,0.24,0.23,0.23,7
YUASA-O,20260205,14.2,14.2,13.7,13.8,19
ZIGA-O,20260205,1,1,1,1,24
RABBIT-P,20260205,0.28,0.28,0.27,0.27,990100
KTB-P-O,20260205,69.75,129,69.75,129,90
VAYU1,20260205,10.8,10.8,10.7,10.8,377000
VAYU1-O,20260205,10.8,10.8,10.8,10.8,36
AAV01C2604A,20260205,0.07,0.07,0.07,0.07,54900
AAV01C2607A,20260205,0.17,0.19,0.17,0.19,8746200
AAV01C2609T,20260205,0.2,0.22,0.2,0.22,3673800
AAV13C2603A,20260205,0.02,0.02,0.02,0.02,800000
AAV13C2604A,20260205,0.13,0.16,0.13,0.16,32955400
AAV13C2607A,20260205,0.24,0.28,0.24,0.28,11414000
AAV13C2701T,20260205,0.21,0.23,0.21,0.23,19853300
AAV19C2604A,20260205,0.15,0.19,0.15,0.19,6868700
AAV19C2612T,20260205,0.19,0.2,0.19,0.2,950300
AAV41C2604A,20260205,0.12,0.15,0.12,0.15,5613200
AAV41C2609T,20260205,0.16,0.16,0.16,0.16,2141900
ADVANC01C2602A,20260205,0.66,0.78,0.36,0.42,3766200
ADVANC01C2606A,20260205,0.9,1,0.75,0.79,11058500
ADVANC01C2701T,20260205,0.62,0.65,0.55,0.56,11493600
ADVANC01P2604A,20260205,0.04,0.06,0.04,0.06,887100
ADVANC01P2606A,20260205,0.4,0.48,0.37,0.45,36833200
ADVANC13C2604A,20260205,0.55,0.65,0.4,0.44,14847600
ADVANC13C2607A,20260205,0.59,0.66,0.49,0.52,26615700
ADVANC13C2701T,20260205,0.44,0.46,0.39,0.39,11758200
ADVANC13P2604A,20260205,0.03,0.05,0.03,0.05,200000
ADVANC13P2607A,20260205,0.49,0.57,0.45,0.53,15482600
ADVANC19C2602A,20260205,0.01,0.01,0.01,0.01,200
ADVANC19C2605A,20260205,1.08,1.08,0.85,0.85,35800
ADVANC19C2606A,20260205,0.68,0.68,0.5,0.54,1031600
ADVANC19C2607A,20260205,0.5,0.52,0.37,0.39,30610500
ADVANC41C2604A,20260205,0.52,0.6,0.37,0.41,3377800
ADVANC41C2606T,20260205,0.76,0.79,0.66,0.66,322400
ADVANC41C2701T,20260205,0.32,0.34,0.29,0.3,817900
ADVANC41P2607A,20260205,0.43,0.51,0.43,0.51,2172700
AIA41C2603A,20260205,0.52,0.6,0.52,0.6,2200
ALIHEA41C2606A,20260205,0.5,0.53,0.5,0.52,2200
AMATA01C2605A,20260205,0.14,0.15,0.14,0.14,1619600
AMATA13C2604A,20260205,0.13,0.13,0.13,0.13,4235000
AMATA13C2607A,20260205,0.34,0.35,0.33,0.33,3756800
AMATA41C2604A,20260205,0.12,0.13,0.12,0.12,899700
AMATA41C2609T,20260205,0.22,0.23,0.22,0.22,46800
AOT01C2602A,20260205,0.12,0.12,0.09,0.09,4497000
AOT01C2605A,20260205,0.25,0.25,0.23,0.24,6768400
AOT01C2606T,20260205,0.37,0.37,0.36,0.36,4138500
AOT01P2603A,20260205,0.01,0.01,0.01,0.01,5000
AOT01P2605A,20260205,0.35,0.37,0.35,0.35,2316300
AOT13C2603A,20260205,0.4,0.4,0.4,0.4,500
AOT13C2605A,20260205,0.45,0.45,0.42,0.43,29644000
AOT13C2605B,20260205,0.22,0.22,0.2,0.21,8405400
AOT13P2603A,20260205,0.02,0.02,0.02,0.02,1000
AOT13P2605A,20260205,0.16,0.17,0.16,0.16,5302100
AOT13P2607A,20260205,0.52,0.54,0.52,0.53,4786200
AOT19C2605A,20260205,0.4,0.4,0.36,0.39,3399200
AOT19C2605B,20260205,0.18,0.18,0.17,0.18,1137700
AOT19P2605A,20260205,0.2,0.22,0.2,0.21,3341500
AOT41C2603A,20260205,0.39,0.4,0.39,0.4,1000
AOT41C2605A,20260205,0.41,0.41,0.4,0.4,371000
AOT41C2605B,20260205,0.19,0.19,0.18,0.19,649600
AOT41C2609T,20260205,0.44,0.44,0.42,0.43,1400400
AWC01C2606T,20260205,0.17,0.19,0.17,0.19,3294200
AWC01C2607A,20260205,0.22,0.26,0.22,0.26,4856500
AWC13C2606A,20260205,0.24,0.28,0.24,0.28,13100200
AWC13C2701T,20260205,0.24,0.26,0.24,0.26,11590500
AWC19C2606T,20260205,0.11,0.11,0.11,0.11,583700
AWC41C2606A,20260205,0.22,0.26,0.22,0.25,5677900
AWC41C2609T,20260205,0.21,0.21,0.21,0.21,100
BA01C2607A,20260205,0.22,0.24,0.21,0.24,4917800
BA13C2603A,20260205,0.18,0.19,0.17,0.18,7751500
BA13C2607A,20260205,0.28,0.29,0.27,0.28,4270800
BA19C2605A,20260205,0.24,0.26,0.23,0.25,3658400
BA41C2603A,20260205,0.16,0.19,0.16,0.19,5301100
BA41C2611T,20260205,0.26,0.27,0.26,0.27,3013000
BABA28C2606A,20260205,0.26,0.29,0.26,0.29,2615400
BABA28C2606B,20260205,0.43,0.5,0.43,0.48,4202800
BABA28P2603A,20260205,0.1,0.1,0.09,0.09,900000
BABA41C2603A,20260205,0.08,0.08,0.08,0.08,900
BABA41C2603T,20260205,0.14,0.18,0.14,0.17,704300
BABA41C2605A,20260205,0.45,0.51,0.45,0.5,5200
BABA41C2609T,20260205,1,1.07,1,1.06,3200
BABA41C2701T,20260205,1.1,1.17,1.1,1.17,2200
BABA41P2603A,20260205,0.3,0.3,0.25,0.25,161700
BAM41C2612T,20260205,0.41,0.41,0.4,0.4,1199400
BANPU01C2603A,20260205,0.22,0.22,0.19,0.21,2179000
BANPU01C2605A,20260205,0.66,0.66,0.6,0.63,727700
BANPU01C2606T,20260205,0.3,0.31,0.3,0.31,1414000
BANPU01C2607A,20260205,0.13,0.13,0.13,0.13,700000
BANPU13C2606A,20260205,0.21,0.21,0.19,0.19,892900
BANPU13C2701T,20260205,0.21,0.21,0.2,0.2,6379000
BANPU19C2603B,20260205,0.08,0.08,0.07,0.07,873100
BANPU19C2612T,20260205,0.31,0.32,0.31,0.32,8622400
BANPU41C2606A,20260205,0.19,0.19,0.18,0.18,10200
BANPU41C2612T,20260205,0.22,0.22,0.22,0.22,25000
BBL13C2607A,20260205,0.16,0.16,0.15,0.16,6313600
BBL13C2607B,20260205,0.31,0.33,0.31,0.32,7917500
BBL13P2604A,20260205,0.25,0.25,0.24,0.24,251700
BBL19C2612T,20260205,0.37,0.38,0.37,0.38,3829000
BBL41C2607A,20260205,0.14,0.15,0.14,0.14,900
BBL41C2607B,20260205,0.14,0.14,0.14,0.14,100
BBL41C2609T,20260205,0.32,0.33,0.32,0.32,22500
BBL41P2604A,20260205,0.25,0.25,0.24,0.24,300
BCH01C2607A,20260205,0.11,0.11,0.11,0.11,626500
BCH13C2607A,20260205,0.56,0.58,0.56,0.56,50600
BCH13C2607B,20260205,0.16,0.17,0.16,0.16,3415700
BCH19C2607A,20260205,0.16,0.17,0.16,0.17,3307000
BCH41C2607A,20260205,0.52,0.56,0.52,0.54,2361000
BCH41C2607B,20260205,0.14,0.15,0.14,0.15,1579700
BCH41C2703T,20260205,0.22,0.22,0.22,0.22,300000
BCP01C2607A,20260205,0.27,0.27,0.26,0.26,3235900
BCP13C2604A,20260205,0.17,0.17,0.16,0.16,12397300
BCP13C2607A,20260205,0.42,0.42,0.41,0.41,7157800
BCP19C2605A,20260205,0.32,0.32,0.31,0.31,659500
BCP41C2604A,20260205,0.17,0.17,0.16,0.16,351200
BCP41C2607A,20260205,0.4,0.4,0.39,0.39,542400
BCPG01C2605A,20260205,0.14,0.16,0.14,0.16,5070000
BCPG01C2607A,20260205,0.35,0.4,0.35,0.39,4173200
BCPG13C2603A,20260205,0.02,0.02,0.02,0.02,250000
BCPG13C2604A,20260205,0.1,0.12,0.1,0.11,3665400
BCPG13C2607A,20260205,0.37,0.42,0.37,0.41,17214600
BCPG19C2605A,20260205,0.19,0.22,0.19,0.21,1845600
BCPG41C2604A,20260205,0.12,0.12,0.11,0.11,300000
BCPG41C2606T,20260205,0.27,0.29,0.27,0.29,3899300
BCPG41C2607A,20260205,0.34,0.39,0.34,0.38,4531700
BCPG41C2612T,20260205,0.24,0.26,0.24,0.26,4657100
BDMS01C2602A,20260205,0.01,0.01,0.01,0.01,20000
BDMS01C2604A,20260205,0.12,0.13,0.12,0.13,641700
BDMS01C2607A,20260205,0.26,0.29,0.26,0.29,2702500
BDMS01P2607A,20260205,0.4,0.4,0.36,0.36,2452700
BDMS13C2603A,20260205,0.02,0.02,0.02,0.02,490800
BDMS13C2604A,20260205,0.07,0.09,0.07,0.09,104700
BDMS13C2607A,20260205,0.3,0.35,0.3,0.34,4435200
BDMS13C2701T,20260205,0.32,0.34,0.32,0.34,10153900
BDMS19C2604A,20260205,0.15,0.18,0.15,0.18,5416300
BDMS41C2607A,20260205,0.29,0.32,0.29,0.32,2984200
BDMS41C2609T,20260205,0.07,0.07,0.07,0.07,6900
BDMS41C2612T,20260205,0.24,0.24,0.24,0.24,16000
BEM01C2603A,20260205,0.02,0.02,0.01,0.01,10800
BEM41C2612T,20260205,0.13,0.13,0.13,0.13,20000
BGRIM01C2606T,20260205,0.12,0.12,0.11,0.11,801500
BGRIM01C2608A,20260205,0.25,0.25,0.24,0.25,2437200
BGRIM13C2605A,20260205,0.1,0.1,0.09,0.09,889400
BGRIM13C2607A,20260205,0.26,0.26,0.25,0.26,4213900
BGRIM19C2605A,20260205,0.11,0.11,0.1,0.11,3325600
BGRIM19C2607A,20260205,0.28,0.28,0.27,0.27,8882000
BGRIM41C2607A,20260205,0.22,0.22,0.22,0.22,599600
BGRIM41C2608T,20260205,0.2,0.2,0.19,0.2,5879600
BH01C2605A,20260205,0.31,0.36,0.31,0.36,11619500
BH01C2607A,20260205,0.89,0.92,0.89,0.9,131200
BH01P2603A,20260205,0.28,0.28,0.23,0.23,5300500
BH01P2607A,20260205,0.36,0.36,0.33,0.33,4213800
BH01P2607B,20260205,0.82,0.82,0.76,0.76,4376200
BH13C2605A,20260205,0.23,0.27,0.23,0.26,6965600
BH13C2607A,20260205,0.73,0.82,0.72,0.8,9408800
BH13P2604A,20260205,0.34,0.34,0.29,0.29,5337800
BH13P2607A,20260205,0.31,0.31,0.29,0.29,3140300
BH19C2605A,20260205,0.25,0.3,0.25,0.29,3883600
BH41C2605A,20260205,0.22,0.22,0.22,0.22,200
BH41C2607A,20260205,0.68,0.76,0.67,0.75,6122700
BH41C2611T,20260205,0.45,0.47,0.45,0.47,3001400
BH41P2604A,20260205,0.26,0.26,0.25,0.25,300200
BIDU41C2603A,20260205,0.42,0.53,0.42,0.53,694500
BIDU41C2606A,20260205,0.38,0.44,0.38,0.43,244500
BIDU41C2609A,20260205,0.28,0.32,0.28,0.31,32400
BIDU41C2609T,20260205,1.53,1.53,1.53,1.53,100
BIDU41P2603A,20260205,0.01,0.01,0.01,0.01,100
BJC01C2605A,20260205,0.11,0.11,0.11,0.11,721800
BJC13C2605A,20260205,0.1,0.11,0.1,0.11,13517700
BJC13C2607A,20260205,0.31,0.36,0.31,0.35,16365500
BJC19C2612T,20260205,0.41,0.45,0.41,0.44,15985600
BJC41C2605A,20260205,0.09,0.1,0.09,0.1,300000
BLA01C2607A,20260205,0.34,0.34,0.34,0.34,1602000
BLA13C2607A,20260205,0.36,0.36,0.36,0.36,1094500
BLA41C2606T,20260205,0.22,0.22,0.22,0.22,2079700
BTG01C2607A,20260205,0.22,0.24,0.22,0.22,1475700
BTG13C2607A,20260205,0.24,0.25,0.24,0.25,1614600
BTS01C2602A,20260205,0.01,0.01,0.01,0.01,2703500
BTS01P2602A,20260205,0.01,0.01,0.01,0.01,5000
BTS13C2606A,20260205,0.07,0.08,0.07,0.08,1657000
BTS13C2607A,20260205,0.21,0.24,0.21,0.23,9861600
BTS13C2701T,20260205,0.18,0.18,0.18,0.18,1602000
BTS19C2605A,20260205,0.12,0.13,0.12,0.13,1378900
BTS41C2607A,20260205,0.22,0.23,0.22,0.23,1349700
BTS41C2612T,20260205,0.05,0.05,0.05,0.05,5000
BYDCOM41C2609A,20260205,0.39,0.4,0.39,0.4,1400
BYDCOM41P2603A,20260205,0.39,0.4,0.38,0.38,1000
CATHAY41C2603A,20260205,0.52,0.53,0.52,0.53,900
CBG01C2602A,20260205,0.01,0.01,0.01,0.01,331500
CBG01C2605A,20260205,0.14,0.14,0.13,0.14,3500600
CBG01C2607A,20260205,0.28,0.29,0.28,0.29,7593400
CBG01P2607A,20260205,0.56,0.57,0.55,0.55,3813900
CBG13C2604A,20260205,0.05,0.06,0.05,0.06,507300
CBG13C2607A,20260205,0.24,0.26,0.24,0.25,8832300
CBG13P2605A,20260205,0.33,0.33,0.32,0.33,1927500
CBG19C2603A,20260205,0.01,0.01,0.01,0.01,22000
CBG19C2604A,20260205,0.12,0.12,0.12,0.12,3822900
CBG41C2607A,20260205,0.23,0.24,0.23,0.24,931400
CCET13C2604A,20260205,0.21,0.24,0.21,0.22,7178800
CCET13C2607A,20260205,0.19,0.21,0.19,0.2,7407500
CENTEL01C2606A,20260205,0.28,0.28,0.25,0.27,4356800
CENTEL13C2605A,20260205,0.33,0.34,0.29,0.31,9185400
CENTEL19C2607A,20260205,0.29,0.29,0.25,0.27,10336000
CENTEL41C2605A,20260205,0.3,0.3,0.27,0.28,1792000
CENTEL41C2606T,20260205,0.26,0.26,0.24,0.25,1491300
CK13C2607A,20260205,0.23,0.23,0.22,0.23,452000
COM701C2604A,20260205,0.28,0.3,0.28,0.3,12285700
COM701C2607A,20260205,0.62,0.65,0.6,0.65,10192000
COM713C2604A,20260205,0.12,0.14,0.12,0.14,3962100
COM713C2605A,20260205,0.34,0.37,0.33,0.37,10873000
COM713C2607A,20260205,0.61,0.66,0.6,0.66,13763200
COM719C2605A,20260205,0.42,0.46,0.41,0.46,18154200
COM741C2604A,20260205,0.12,0.13,0.11,0.13,300100
COM741C2605A,20260205,0.3,0.34,0.3,0.34,6459300
COM741C2607A,20260205,0.56,0.59,0.55,0.57,1260000
COM741C2609T,20260205,0.33,0.35,0.33,0.35,3214500
CPALL01C2604A,20260205,0.09,0.1,0.09,0.1,540600
CPALL01C2606T,20260205,0.08,0.09,0.08,0.09,1300
CPALL01C2607A,20260205,0.28,0.3,0.27,0.3,4638800
CPALL01P2602A,20260205,0.02,0.02,0.02,0.02,11000
CPALL01P2607A,20260205,0.35,0.35,0.32,0.33,1416000
CPALL13C2604A,20260205,0.06,0.06,0.06,0.06,5500
CPALL13C2607A,20260205,0.25,0.27,0.24,0.26,4278200
CPALL13C2701T,20260205,0.26,0.28,0.26,0.28,6852200
CPALL19C2602A,20260205,0.01,0.01,0.01,0.01,90000
CPALL19C2604A,20260205,0.11,0.11,0.1,0.11,417100
CPALL19C2607A,20260205,0.35,0.37,0.34,0.37,772800
CPALL41C2604A,20260205,0.05,0.05,0.05,0.05,3846100
CPALL41C2607A,20260205,0.21,0.23,0.21,0.23,1369900
CPF01C2611T,20260205,0.26,0.26,0.26,0.26,200000
CPF01P2603A,20260205,0.16,0.16,0.15,0.16,408500
CPF13C2608A,20260205,0.37,0.38,0.37,0.37,280700
CPF19C2609T,20260205,0.22,0.22,0.22,0.22,93600
CPF41C2608A,20260205,0.35,0.35,0.34,0.35,1969900
CPF41C2612T,20260205,0.26,0.26,0.25,0.25,76400
CPN01C2604A,20260205,0.31,0.38,0.31,0.38,4431900
CPN01C2606T,20260205,0.22,0.25,0.22,0.25,4594000
CPN01P2608A,20260205,0.61,0.61,0.55,0.55,4352800
CPN13C2604A,20260205,0.31,0.38,0.3,0.35,14744500
CPN19C2609T,20260205,0.34,0.38,0.34,0.37,1986600
CPN41C2604A,20260205,0.28,0.35,0.28,0.34,1365700
CPN41C2608T,20260205,0.36,0.4,0.36,0.4,1086100
CRC01C2605A,20260205,0.23,0.26,0.23,0.24,7139200
CRC01C2610T,20260205,0.35,0.37,0.35,0.36,4570800
CRC01P2605A,20260205,0.33,0.33,0.31,0.31,6058200
CRC13C2606A,20260205,0.32,0.35,0.32,0.33,17657400
CRC13P2606A,20260205,0.26,0.26,0.25,0.26,4158900
CRC19C2604A,20260205,0.13,0.14,0.13,0.14,1512300
CRC41C2606A,20260205,0.29,0.31,0.29,0.31,3129100
CRC41C2609T,20260205,0.21,0.21,0.21,0.21,1399300
DELTA01C2602A,20260205,0.03,0.03,0.02,0.03,4301500
DELTA01C2603A,20260205,0.06,0.07,0.04,0.05,2803700
DELTA01C2605A,20260205,0.81,0.81,0.72,0.74,4344200
DELTA01C2605B,20260205,1.57,1.57,1.41,1.47,4907300
DELTA01C2607A,20260205,0.46,0.47,0.41,0.42,8544200
DELTA01P2603A,20260205,0.05,0.06,0.05,0.05,5688800
DELTA01P2605A,20260205,0.85,0.89,0.84,0.87,2469400
DELTA01P2606A,20260205,0.69,0.72,0.68,0.7,8625500
DELTA13C2603A,20260205,0.04,0.04,0.04,0.04,550700
DELTA13C2603B,20260205,0.01,0.01,0.01,0.01,245200
DELTA13C2604A,20260205,0.37,0.37,0.3,0.32,13099300
DELTA13C2605A,20260205,0.32,0.32,0.28,0.29,18641800
DELTA13C2605B,20260205,1.03,1.03,0.88,0.93,1427200
DELTA13C2606A,20260205,0.59,0.59,0.52,0.54,15191700
DELTA13C2607A,20260205,0.25,0.25,0.22,0.24,10586100
DELTA13P2603A,20260205,0.03,0.03,0.03,0.03,1464600
DELTA13P2605A,20260205,0.46,0.5,0.46,0.48,21441700
DELTA19C2604A,20260205,0.14,0.14,0.12,0.12,10839100
DELTA19C2605A,20260205,0.5,0.51,0.45,0.48,1828700
DELTA19C2605B,20260205,0.78,0.78,0.78,0.78,34400
DELTA19C2607A,20260205,0.39,0.4,0.36,0.37,3170200
DELTA19P2604A,20260205,0.14,0.16,0.14,0.15,2496100
DELTA19P2605A,20260205,0.54,0.59,0.54,0.58,5197100
DELTA41C2602A,20260205,0.25,0.25,0.25,0.25,5500
DELTA41C2603B,20260205,0.03,0.03,0.01,0.02,300
DELTA41C2604A,20260205,0.31,0.31,0.3,0.3,200
DELTA41C2605A,20260205,0.29,0.29,0.26,0.27,126300
DELTA41C2606A,20260205,0.55,0.57,0.5,0.53,2755900
DELTA41C2607A,20260205,0.23,0.23,0.2,0.21,5000
DELTA41C2608T,20260205,1.21,1.27,1.18,1.27,468200
DELTA41C2612T,20260205,0.75,0.76,0.72,0.73,2539600
DELTA41P2605A,20260205,0.46,0.47,0.45,0.45,1020800
DJI28C2603A,20260205,0.48,0.48,0.48,0.48,6200
DJI28P2603A,20260205,0.18,0.18,0.18,0.18,2000
DJI41P2603A,20260205,0.1,0.1,0.1,0.1,23600
DJI41P2606A,20260205,0.77,0.77,0.75,0.77,2700
DOHOME01C2604A,20260205,0.24,0.26,0.24,0.25,2524500
DOHOME13C2604A,20260205,0.12,0.13,0.12,0.12,2979100
DOHOME13C2607A,20260205,0.42,0.45,0.42,0.44,6414000
DOHOME19C2604A,20260205,0.13,0.14,0.13,0.13,232100
DOHOME41C2604A,20260205,0.11,0.12,0.11,0.12,3293500
EA13C2604A,20260205,0.05,0.05,0.04,0.05,3636700
EA13C2605A,20260205,0.15,0.15,0.14,0.14,1464800
EA13C2607A,20260205,0.27,0.27,0.25,0.26,5535200
EA19C2602A,20260205,0.01,0.01,0.01,0.01,64900
EA19C2604A,20260205,0.09,0.09,0.09,0.09,1196000
EA19C2606A,20260205,0.27,0.28,0.26,0.27,7912000
EGCO01C2603A,20260205,0.04,0.04,0.04,0.04,15000
EGCO01P2603A,20260205,0.26,0.26,0.24,0.24,2724500
EGCO13C2604A,20260205,0.1,0.1,0.1,0.1,1201200
EGCO13P2603A,20260205,0.1,0.11,0.1,0.11,506900
EGCO41C2612T,20260205,0.32,0.32,0.31,0.32,401100
ERW01C2611T,20260205,0.31,0.31,0.3,0.31,1663700
ERW13C2604A,20260205,0.22,0.24,0.21,0.24,6423600
ERW41C2611T,20260205,0.41,0.42,0.4,0.4,2329900
GLOBAL01C2602A,20260205,0.01,0.01,0.01,0.01,140000
GLOBAL13C2604A,20260205,0.16,0.17,0.16,0.16,225100
GLOBAL41C2604A,20260205,0.15,0.16,0.15,0.16,399900
GLOBAL41C2612T,20260205,0.43,0.44,0.43,0.44,2100200
GPSC01C2602A,20260205,0.01,0.01,0.01,0.01,1500000
GPSC01C2605A,20260205,0.18,0.19,0.18,0.18,2153100
GPSC01C2609T,20260205,0.21,0.21,0.21,0.21,499800
GPSC01P2605A,20260205,0.21,0.22,0.21,0.21,2352900
GPSC13C2604A,20260205,0.09,0.09,0.08,0.08,1542600
GPSC13C2606A,20260205,0.26,0.26,0.25,0.26,1970500
GPSC13C2701T,20260205,0.21,0.21,0.2,0.21,1998600
GPSC13P2606A,20260205,0.21,0.21,0.2,0.2,1549700
GPSC19C2604A,20260205,0.15,0.15,0.14,0.15,1046400
GPSC41C2606A,20260205,0.24,0.24,0.22,0.24,168100
GPSC41C2606T,20260205,0.14,0.14,0.14,0.14,400
GPSC41P2606A,20260205,0.18,0.18,0.18,0.18,600100
GULF01C2604A,20260205,0.3,0.33,0.3,0.32,3326600
GULF01C2606T,20260205,0.12,0.14,0.12,0.14,1812400
GULF01P2608A,20260205,0.4,0.4,0.38,0.38,1579600
GULF13C2604A,20260205,0.3,0.35,0.3,0.33,25215800
GULF13C2607A,20260205,0.37,0.4,0.36,0.39,44663100
GULF13P2607A,20260205,0.36,0.36,0.34,0.34,3248700
GULF19C2602A,20260205,0.01,0.01,0.01,0.01,5000
GULF19C2604A,20260205,0.35,0.4,0.35,0.38,2920700
GULF19C2607A,20260205,0.35,0.39,0.35,0.38,4180300
GULF41C2604A,20260205,0.29,0.33,0.29,0.32,477500
GULF41C2609T,20260205,0.27,0.28,0.26,0.28,284700
HANA01C2602A,20260205,0.01,0.01,0.01,0.01,49800
HANA01C2604A,20260205,0.11,0.11,0.1,0.11,1493500
HANA01C2606A,20260205,0.33,0.34,0.33,0.33,1960400
HANA13C2604A,20260205,0.03,0.03,0.03,0.03,92900
HANA13C2604B,20260205,0.14,0.14,0.13,0.13,6853300
HANA13C2607A,20260205,0.37,0.37,0.35,0.36,4632900
HANA13C2701T,20260205,0.24,0.24,0.24,0.24,418200
HANA19C2604B,20260205,0.16,0.16,0.16,0.16,2806100
HANA41C2604B,20260205,0.13,0.13,0.13,0.13,879800
HANA41C2607A,20260205,0.33,0.34,0.33,0.34,929600
HANA41C2608T,20260205,0.31,0.32,0.31,0.32,1399300
HMPRO01C2607A,20260205,0.18,0.19,0.18,0.19,1323300
HMPRO13C2604A,20260205,0.14,0.15,0.14,0.15,5809000
HMPRO41C2604A,20260205,0.14,0.15,0.14,0.15,899600
HMPRO41C2612T,20260205,0.26,0.26,0.25,0.25,3691600
HSI28C2602A,20260205,0.02,0.03,0.02,0.03,131300
HSI28C2602B,20260205,0.19,0.29,0.18,0.28,131889800
HSI28C2602C,20260205,0.06,0.08,0.05,0.07,2094600
HSI28C2603A,20260205,0.13,0.16,0.12,0.16,4335700
HSI28C2603B,20260205,0.29,0.37,0.28,0.37,23473600
HSI28C2603C,20260205,0.74,0.92,0.73,0.89,14114200
HSI28C2604A,20260205,0.26,0.33,0.26,0.32,3623300
HSI28C2604B,20260205,0.5,0.61,0.49,0.59,31298400
HSI28P2602A,20260205,0.02,0.03,0.02,0.03,23200
HSI28P2602B,20260205,0.14,0.15,0.1,0.1,1905100
HSI28P2602C,20260205,0.29,0.3,0.19,0.2,101904500
HSI28P2603A,20260205,0.05,0.05,0.02,0.02,440100
HSI28P2603B,20260205,0.2,0.21,0.17,0.17,927900
HSI28P2603C,20260205,0.67,0.68,0.54,0.55,63828100
HSI28P2604A,20260205,0.32,0.32,0.27,0.27,924000
HSI28P2604B,20260205,0.6,0.62,0.51,0.52,432700
HSI28P2604C,20260205,1.25,1.28,1.09,1.09,7800
HSTECH28C2603A,20260205,0.13,0.18,0.13,0.17,76800
IRPC01C2607A,20260205,0.28,0.28,0.25,0.26,2512500
IRPC13C2604A,20260205,0.18,0.18,0.16,0.17,4280200
IRPC13C2701T,20260205,0.26,0.26,0.25,0.25,6780100
IRPC19C2609T,20260205,0.21,0.21,0.2,0.2,423600
IRPC41C2703T,20260205,0.31,0.31,0.31,0.31,1281100
ITC01C2606T,20260205,0.3,0.3,0.29,0.29,2576700
ITC13C2604A,20260205,0.11,0.11,0.1,0.1,2887400
ITC13C2608A,20260205,0.41,0.41,0.39,0.39,3864500
ITC19C2609T,20260205,0.33,0.34,0.32,0.33,1840200
ITC41C2604A,20260205,0.1,0.1,0.09,0.1,1799100
ITC41C2612T,20260205,0.28,0.28,0.28,0.28,1599200
IVL01C2603A,20260205,0.09,0.09,0.09,0.09,211600
IVL01C2604A,20260205,0.37,0.38,0.35,0.38,6399000
IVL01C2605A,20260205,0.9,0.95,0.88,0.95,350300
IVL01C2607A,20260205,0.37,0.37,0.34,0.37,9160200
IVL01P2604A,20260205,0.04,0.04,0.04,0.04,510000
IVL01P2607A,20260205,0.43,0.44,0.41,0.41,8502200
IVL13C2603A,20260205,0.04,0.05,0.04,0.05,64500
IVL13C2604A,20260205,0.31,0.31,0.28,0.31,22159900
IVL13C2605A,20260205,0.69,0.69,0.62,0.69,213000
IVL13C2607A,20260205,0.35,0.36,0.32,0.36,34337600
IVL13P2607A,20260205,0.45,0.47,0.44,0.44,5461200
IVL19C2603A,20260205,0.06,0.06,0.06,0.06,100
IVL19C2604A,20260205,0.43,0.46,0.39,0.44,2325500
IVL19C2607A,20260205,0.42,0.42,0.39,0.42,10001900
IVL41C2604A,20260205,0.31,0.32,0.28,0.32,3225100
IVL41C2605A,20260205,0.67,0.67,0.67,0.67,100
IVL41C2607A,20260205,0.32,0.32,0.3,0.32,1841200
IVL41C2702T,20260205,0.36,0.36,0.35,0.36,800
IVL41P2607A,20260205,0.43,0.44,0.43,0.44,960000
JD41C2606A,20260205,0.23,0.24,0.23,0.24,1100
JMART13C2605A,20260205,0.22,0.24,0.21,0.22,6243200
JMART13C2701T,20260205,0.23,0.23,0.22,0.22,2515900
JMART41C2703T,20260205,0.33,0.33,0.33,0.33,399800
JMT01C2605A,20260205,0.19,0.2,0.18,0.19,4513100
JMT01C2701T,20260205,0.26,0.27,0.26,0.27,5446600
JMT13C2604A,20260205,0.09,0.09,0.08,0.08,7000
JMT13C2607A,20260205,0.4,0.42,0.39,0.4,7840200
JMT13C2701T,20260205,0.23,0.23,0.23,0.23,852200
JMT19C2605A,20260205,0.2,0.2,0.18,0.19,5440100
JMT41C2703T,20260205,0.38,0.39,0.38,0.38,4478800
KBANK01C2607A,20260205,0.39,0.39,0.38,0.38,4779100
KBANK01P2602A,20260205,0.01,0.01,0.01,0.01,1200
KBANK01P2604A,20260205,0.19,0.19,0.18,0.18,463200
KBANK01P2607A,20260205,0.65,0.66,0.65,0.66,4322600
KBANK13C2603A,20260205,0.08,0.08,0.08,0.08,1003700
KBANK13C2607A,20260205,0.15,0.15,0.15,0.15,4518700
KBANK13C2607B,20260205,0.5,0.5,0.48,0.5,16911300
KBANK13P2604A,20260205,0.13,0.13,0.12,0.12,302000
KBANK19C2604A,20260205,0.14,0.14,0.14,0.14,195700
KBANK41C2604T,20260205,1.03,1.04,1.03,1.04,399800
KBANK41C2607B,20260205,0.47,0.47,0.45,0.45,2979600
KBANK41C2609T,20260205,0.59,0.59,0.57,0.57,704800
KCE13C2604A,20260205,0.04,0.04,0.04,0.04,200
KCE13C2606A,20260205,0.24,0.26,0.24,0.25,4837400
KCE13C2607A,20260205,0.39,0.43,0.39,0.42,6144800
KCE19C2604A,20260205,0.06,0.06,0.06,0.06,87000
KCE19C2605A,20260205,0.26,0.29,0.26,0.28,8667700
KCE41C2606A,20260205,0.23,0.24,0.23,0.24,1460000
KCE41C2609T,20260205,0.36,0.38,0.36,0.37,3776800
KKP01C2607A,20260205,0.65,0.69,0.64,0.68,2613200
KKP13C2606A,20260205,0.53,0.58,0.52,0.58,11916800
KKP19C2609T,20260205,0.7,0.73,0.69,0.73,3979400
KTB01C2701T,20260205,0.19,0.19,0.19,0.19,200000
KTB19C2609T,20260205,0.22,0.22,0.22,0.22,20000
KTB41C2612T,20260205,0.27,0.27,0.27,0.27,50000
KTC01C2604A,20260205,0.07,0.07,0.07,0.07,5000
KTC01C2607A,20260205,0.24,0.25,0.24,0.25,4191000
KTC01C2609T,20260205,0.18,0.19,0.18,0.19,300100
KTC13C2607A,20260205,0.24,0.25,0.24,0.25,7915600
KTC13C2701T,20260205,0.26,0.26,0.26,0.26,7606700
KTC19C2604A,20260205,0.13,0.13,0.13,0.13,235500
KTC19C2609T,20260205,0.2,0.2,0.2,0.2,3372300
KTC41C2607A,20260205,0.23,0.23,0.23,0.23,449800
KUAISH28C2606A,20260205,0.44,0.49,0.43,0.48,2100000
KUAISH28C2607A,20260205,0.24,0.27,0.24,0.26,1600000
KUAISH41C2603A,20260205,0.09,0.12,0.09,0.11,2116900
KUAISH41C2606A,20260205,0.28,0.31,0.28,0.31,231000
KUAISH41C2609T,20260205,0.98,1.05,0.98,1.05,30500
M01C2606A,20260205,0.4,0.45,0.39,0.41,4523900
M13C2604B,20260205,0.1,0.11,0.1,0.1,6053200
M13C2605A,20260205,0.36,0.4,0.35,0.36,12645600
M19C2605A,20260205,0.43,0.49,0.43,0.44,9550300
M19C2609T,20260205,0.11,0.12,0.11,0.11,269800
M41C2612T,20260205,0.3,0.32,0.3,0.31,3598200
MCA5041C2603A,20260205,0.28,0.28,0.28,0.28,50000
MEGA01C2702T,20260205,0.27,0.28,0.27,0.27,2012100
MEITUA28C2604A,20260205,0.09,0.09,0.09,0.09,1000
MEITUA28C2607A,20260205,0.29,0.33,0.29,0.33,1800000
MEITUA41P2603A,20260205,0.25,0.25,0.22,0.22,800
MINT01C2603A,20260205,0.11,0.11,0.1,0.1,3788000
MINT01C2605A,20260205,0.44,0.47,0.42,0.42,1638800
MINT01P2605A,20260205,0.18,0.19,0.18,0.18,2213400
MINT13C2604A,20260205,0.41,0.42,0.38,0.41,99200
MINT13C2607A,20260205,0.21,0.22,0.21,0.21,1250000
MINT13P2606A,20260205,0.35,0.36,0.35,0.35,1851400
MINT19C2607A,20260205,0.2,0.2,0.19,0.2,6260200
MINT41C2604A,20260205,0.42,0.42,0.39,0.42,454600
MTC01C2606A,20260205,0.12,0.15,0.12,0.14,3729200
MTC01C2608A,20260205,0.4,0.46,0.39,0.44,4933900
MTC01P2608A,20260205,0.15,0.15,0.13,0.14,900300
MTC13C2604A,20260205,0.03,0.04,0.03,0.04,10000
MTC13C2605A,20260205,0.15,0.19,0.15,0.18,2794700
MTC13C2607A,20260205,0.38,0.45,0.38,0.44,9276300
MTC13P2607A,20260205,0.33,0.33,0.29,0.3,1843800
MTC19C2605A,20260205,0.19,0.25,0.19,0.23,7452700
MTC41C2605A,20260205,0.15,0.17,0.14,0.17,900000
MTC41C2607A,20260205,0.39,0.42,0.38,0.41,3009100
MTC41P2607A,20260205,0.29,0.29,0.28,0.28,799600
NDX28C2603A,20260205,0.13,0.13,0.13,0.13,103000
NDX28C2603B,20260205,0.25,0.27,0.25,0.26,202500
NDX28C2606A,20260205,0.53,0.53,0.52,0.53,38500
NDX28P2603A,20260205,0.27,0.27,0.27,0.27,2500
NDX28P2603B,20260205,0.48,0.51,0.48,0.51,31000
NDX28P2606A,20260205,0.69,0.69,0.69,0.69,20000
NDX41C2603A,20260205,0.12,0.13,0.11,0.13,2442400
NDX41C2603B,20260205,0.22,0.23,0.21,0.23,2340600
NDX41C2606A,20260205,0.71,0.73,0.68,0.71,3251200
NDX41P2603A,20260205,0.78,0.8,0.74,0.74,53600
NDX41P2603B,20260205,0.46,0.47,0.46,0.47,500
NDX41P2606A,20260205,0.68,0.69,0.67,0.67,48000
NIKKEI28C2603A,20260205,0.44,0.47,0.44,0.46,9600
NIKKEI28C2606A,20260205,1.22,1.22,1.22,1.22,3300
NIKKEI28C2606B,20260205,0.9,0.94,0.89,0.94,9200
NIKKEI28C2606C,20260205,0.64,0.65,0.62,0.65,8400
NIKKEI28C2606D,20260205,0.45,0.48,0.44,0.47,31400
NIKKEI28P2603A,20260205,0.22,0.22,0.22,0.22,5000
NIKKEI28P2606A,20260205,0.34,0.34,0.33,0.33,3000
NIKKEI28P2606B,20260205,0.61,0.61,0.59,0.59,15000
NIKKEI28P2606C,20260205,0.45,0.45,0.44,0.44,10100
NIKKEI28P2606D,20260205,0.86,0.86,0.83,0.83,14300
NIKKEI41C2606B,20260205,0.95,0.97,0.95,0.97,2000
NIKKEI41C2606C,20260205,0.64,0.68,0.62,0.68,28500
NIKKEI41P2603A,20260205,0.1,0.1,0.1,0.1,100
NIKKEI41P2606A,20260205,0.89,0.89,0.89,0.89,100
NIKKEI41P2606B,20260205,0.65,0.65,0.64,0.64,1400
NIKKEI41P2606C,20260205,0.45,0.45,0.45,0.45,210100
OR01C2607A,20260205,0.13,0.15,0.13,0.14,5310900
OR13C2605A,20260205,0.17,0.18,0.16,0.17,13233500
OR19C2607A,20260205,0.17,0.2,0.17,0.19,7340100
OR41C2605A,20260205,0.16,0.17,0.15,0.17,1969700
OR41C2608T,20260205,0.31,0.33,0.31,0.33,1883200
OSP01C2602A,20260205,0.01,0.01,0.01,0.01,558000
OSP01C2607A,20260205,0.36,0.37,0.35,0.37,2403200
OSP13C2603A,20260205,0.04,0.04,0.04,0.04,50000
OSP13C2607A,20260205,0.33,0.35,0.33,0.35,1718400
OSP41C2607A,20260205,0.29,0.3,0.28,0.3,2909200
PINGAN41C2606A,20260205,0.33,0.37,0.33,0.37,1600
PLANB13C2603A,20260205,0.03,0.04,0.03,0.04,364200
PLANB13C2607A,20260205,0.31,0.36,0.31,0.35,3933800
PLANB19C2605A,20260205,0.14,0.18,0.14,0.17,1951400
PLANB41C2607A,20260205,0.31,0.34,0.3,0.33,5675600
PLANB41C2612T,20260205,0.15,0.16,0.15,0.16,15800
POPMAR28C2604A,20260205,0.13,0.13,0.13,0.13,400000
POPMAR28C2606A,20260205,0.56,0.56,0.56,0.56,1000
POPMAR41C2603A,20260205,0.11,0.11,0.11,0.11,60000
POPMAR41C2605A,20260205,0.63,0.65,0.62,0.65,33400
POPMAR41C2609T,20260205,1.26,1.29,1.24,1.28,15600
PR913C2605A,20260205,0.23,0.24,0.22,0.23,2783100
PR941C2609T,20260205,0.15,0.15,0.15,0.15,1900
PRM19C2604A,20260205,0.21,0.21,0.2,0.2,635400
PRM41C2612T,20260205,0.39,0.39,0.38,0.38,198000
PTG01C2607A,20260205,0.22,0.23,0.21,0.21,4965400
PTG13C2607A,20260205,0.27,0.28,0.25,0.27,7405500
PTG41C2701T,20260205,0.26,0.26,0.26,0.26,1000
PTT01C2607A,20260205,0.17,0.19,0.17,0.19,1345700
PTT13C2606A,20260205,0.23,0.25,0.23,0.25,12535000
PTT13C2701T,20260205,0.24,0.25,0.24,0.25,201700
PTT19C2612T,20260205,0.35,0.37,0.35,0.37,473400
PTT41C2606A,20260205,0.2,0.23,0.2,0.23,350400
PTT41C2606T,20260205,0.24,0.26,0.24,0.26,445400
PTTEP01C2606T,20260205,0.56,0.56,0.55,0.56,1853000
PTTEP01C2607A,20260205,0.46,0.46,0.44,0.45,1922300
PTTEP01P2607A,20260205,0.47,0.47,0.46,0.46,625600
PTTEP13C2603A,20260205,0.13,0.13,0.12,0.13,280400
PTTEP13C2607A,20260205,0.52,0.52,0.5,0.52,2832200
PTTEP13P2607A,20260205,0.37,0.37,0.36,0.36,80000
PTTEP19C2603A,20260205,0.16,0.17,0.16,0.17,733500
PTTEP41C2603A,20260205,0.13,0.13,0.13,0.13,200
PTTEP41C2607A,20260205,0.48,0.48,0.47,0.48,100400
PTTEP41C2609T,20260205,0.53,0.54,0.53,0.54,200
PTTGC01C2605A,20260205,0.42,0.42,0.4,0.4,1962200
PTTGC01C2607A,20260205,0.14,0.14,0.14,0.14,4197000
PTTGC01P2605A,20260205,0.09,0.09,0.09,0.09,10000
PTTGC13C2604A,20260205,0.49,0.51,0.48,0.49,42600
PTTGC13C2607A,20260205,0.22,0.22,0.2,0.21,4533300
PTTGC13P2607A,20260205,0.46,0.47,0.45,0.46,770000
PTTGC19C2604A,20260205,0.46,0.49,0.44,0.46,503500
PTTGC19C2607A,20260205,0.26,0.26,0.25,0.25,1724200
PTTGC41C2604A,20260205,0.52,0.52,0.52,0.52,103700
PTTGC41C2607A,20260205,0.21,0.21,0.2,0.2,751600
PTTGC41C2608T,20260205,0.61,0.61,0.59,0.59,250100
PTTGC41C2612T,20260205,0.3,0.3,0.3,0.3,701400
RCL13C2604A,20260205,0.14,0.14,0.14,0.14,430800
SAWAD01C2604A,20260205,0.06,0.06,0.06,0.06,100
SAWAD01C2606A,20260205,0.71,0.71,0.66,0.69,1368900
SAWAD01C2607A,20260205,0.17,0.19,0.16,0.17,11240900
SAWAD01P2606A,20260205,0.29,0.29,0.27,0.28,9185600
SAWAD13C2604A,20260205,0.07,0.07,0.07,0.07,100
SAWAD13C2607A,20260205,0.23,0.24,0.22,0.22,35832100
SAWAD13P2603A,20260205,0.07,0.07,0.07,0.07,1800
SAWAD19C2605A,20260205,0.11,0.12,0.11,0.12,590000
SAWAD19C2608A,20260205,0.35,0.35,0.32,0.33,4707900
SAWAD41C2607A,20260205,0.2,0.21,0.2,0.21,480400
SAWAD41C2610T,20260205,0.48,0.48,0.46,0.46,55200
SCB01C2605A,20260205,0.24,0.24,0.23,0.24,5111600
SCB01P2605A,20260205,0.15,0.15,0.15,0.15,100000
SCB01P2607A,20260205,0.65,0.65,0.64,0.64,3165800
SCB13C2603A,20260205,0.06,0.07,0.06,0.07,1784600
SCB13C2607A,20260205,0.14,0.15,0.14,0.14,1037000
SCB13C2607B,20260205,0.31,0.32,0.31,0.32,10509300
SCB13P2607A,20260205,0.56,0.56,0.54,0.54,11966900
SCB19C2612T,20260205,0.38,0.38,0.37,0.37,2203600
SCB41C2607A,20260205,0.12,0.12,0.11,0.12,1957200
SCB41C2609T,20260205,0.42,0.43,0.42,0.43,50500
SCC01C2605A,20260205,0.68,0.68,0.63,0.67,1660800
SCC01C2606T,20260205,0.69,0.69,0.67,0.69,1631300
SCC01C2607A,20260205,0.33,0.33,0.32,0.33,3651400
SCC01P2605A,20260205,0.22,0.23,0.21,0.21,5120000
SCC13C2607A,20260205,0.45,0.45,0.43,0.44,5995300
SCC13C2701T,20260205,0.42,0.42,0.41,0.42,3583000
SCC13P2607A,20260205,0.6,0.61,0.59,0.59,3262400
SCC19C2607A,20260205,0.36,0.37,0.35,0.37,6808000
SCC41C2607A,20260205,0.43,0.43,0.41,0.42,176000
SCC41C2611T,20260205,0.29,0.29,0.27,0.28,5700
SCC41C2612T,20260205,0.72,0.72,0.7,0.71,50400
SCC41P2607A,20260205,0.55,0.57,0.55,0.56,100800
SCGP01C2604A,20260205,0.28,0.28,0.26,0.27,4041000
SCGP13C2603A,20260205,0.12,0.12,0.1,0.1,5027100
SCGP13C2605A,20260205,0.6,0.6,0.57,0.57,11000
SCGP13C2607A,20260205,0.38,0.38,0.36,0.37,8200400
SCGP13P2604A,20260205,0.06,0.06,0.06,0.06,50000
SCGP19C2607A,20260205,0.46,0.46,0.43,0.44,9568900
SCGP41C2606T,20260205,0.24,0.25,0.24,0.25,600
SCGP41C2607A,20260205,0.36,0.36,0.33,0.34,2091800
SET01C2602A,20260205,0.01,0.01,0.01,0.01,126900
SET01C2604A,20260205,0.54,0.58,0.52,0.54,1031200
SET01C2605A,20260205,1.14,1.2,1.1,1.15,7438800
SET01C2606L,20260205,2.84,2.86,2.84,2.86,200
SET01P2604A,20260205,0.07,0.07,0.05,0.06,2659900
SET01P2605A,20260205,0.28,0.29,0.26,0.27,2049100
SET01P2606L,20260205,1.12,1.13,1.1,1.1,286600
SET5001C2603F,20260205,0.26,0.29,0.24,0.29,4290300
SET5001C2603G,20260205,0.43,0.48,0.42,0.46,5564800
SET5001C2603H,20260205,1.16,1.3,1.14,1.22,12739500
SET5001C2603I,20260205,0.37,0.44,0.36,0.4,5773500
SET5001C2605A,20260205,0.82,0.87,0.79,0.86,4270400
SET5001P2603G,20260205,0.18,0.18,0.16,0.16,289300
SET5001P2603H,20260205,0.3,0.32,0.26,0.29,11940400
SET5001P2605A,20260205,0.1,0.1,0.08,0.09,1485300
SET5013C2603A,20260205,0.24,0.28,0.23,0.25,233172100
SET5013C2603B,20260205,0.35,0.42,0.34,0.37,149624900
SET5013C2603C,20260205,0.55,0.66,0.52,0.59,333953400
SET5013C2603D,20260205,0.77,0.91,0.74,0.82,74173600
SET5013C2603E,20260205,1.06,1.25,1.03,1.12,9579300
SET5013C2603F,20260205,1.65,1.81,1.5,1.64,965100
SET5013C2603G,20260205,0.52,0.62,0.5,0.56,53058800
SET5013P2603A,20260205,0.03,0.03,0.02,0.02,360800
SET5013P2603B,20260205,0.02,0.02,0.02,0.02,1124700
SET5013P2603C,20260205,0.04,0.04,0.03,0.03,2300
SET5013P2603D,20260205,0.03,0.03,0.02,0.03,2373700
SET5013P2603E,20260205,0.04,0.05,0.03,0.04,7159800
SET5013P2603F,20260205,0.06,0.06,0.05,0.05,5349600
SET5013P2603G,20260205,0.09,0.09,0.07,0.07,5770900
SET5013P2603H,20260205,0.16,0.16,0.13,0.14,71710500
SET5013P2603I,20260205,0.24,0.25,0.2,0.21,80116000
SET5013P2603J,20260205,0.38,0.39,0.31,0.34,374290300
SET5013P2603K,20260205,0.6,0.61,0.51,0.55,210633400
SET5013P2603X,20260205,4.72,4.72,4.6,4.64,8400
SET5013P2606A,20260205,0.84,0.85,0.76,0.8,21443100
SET5019C2603A,20260205,0.47,0.54,0.47,0.51,32338600
SET5019C2603B,20260205,0.4,0.48,0.39,0.43,63734000
SET5019C2603C,20260205,1.2,1.2,1.2,1.2,3600
SET5019P2603A,20260205,0.03,0.03,0.02,0.03,7722900
SET5019P2603B,20260205,0.13,0.13,0.1,0.12,4331600
SET5019P2603C,20260205,0.15,0.15,0.12,0.13,26350500
SET5019P2603D,20260205,0.29,0.29,0.24,0.25,69461400
SET5019P2606A,20260205,0.77,0.77,0.7,0.73,32769400
SET5028C2603A,20260205,0.65,0.7,0.65,0.68,8900
SET5028P2603A,20260205,0.07,0.07,0.06,0.06,29200
SET5041C2603A,20260205,0.24,0.27,0.23,0.27,2100200
SET5041C2603B,20260205,0.33,0.4,0.33,0.38,13228900
SET5041C2603C,20260205,0.56,0.62,0.51,0.55,2601200
SET5041C2603D,20260205,0.74,0.89,0.74,0.8,18200
SET5041C2603E,20260205,0.98,0.98,0.98,0.98,100
SET5041C2609T,20260205,0.78,0.8,0.78,0.8,14500
SET5041P2603H,20260205,0.13,0.13,0.13,0.13,100
SET5041P2603I,20260205,0.23,0.23,0.19,0.21,1009200
SET5041P2603J,20260205,0.36,0.36,0.3,0.32,33200
SET5041P2609T,20260205,0.61,0.61,0.59,0.6,10300
SIRI13C2605A,20260205,0.22,0.22,0.22,0.22,1509100
SIRI41C2605A,20260205,0.2,0.2,0.2,0.2,1574300
SISB13C2607A,20260205,0.14,0.14,0.14,0.14,7762700
SJWD19C2609T,20260205,0.07,0.07,0.07,0.07,1400
SPALI41C2609T,20260205,0.28,0.28,0.27,0.27,999500
SPRC01C2602A,20260205,0.09,0.09,0.07,0.07,82500
SPRC01C2603A,20260205,0.89,0.89,0.78,0.81,787000
SPRC01C2607A,20260205,0.27,0.27,0.25,0.26,2879700
SPRC01P2604A,20260205,0.07,0.08,0.07,0.08,10100
SPRC13C2604A,20260205,0.16,0.16,0.14,0.14,2511000
SPRC13C2607A,20260205,0.28,0.28,0.26,0.26,5737300
SPRC41C2604A,20260205,0.16,0.16,0.14,0.15,1359900
SPRC41C2606T,20260205,0.19,0.19,0.18,0.19,4101400
SPRC41C2612T,20260205,0.48,0.49,0.48,0.49,849700
SPX28C2603A,20260205,0.15,0.16,0.14,0.15,25300
SPX28C2603B,20260205,0.6,0.64,0.6,0.63,9900
SPX41C2603B,20260205,0.32,0.34,0.32,0.33,52800
STA01C2607A,20260205,0.23,0.25,0.23,0.25,1244000
STA13C2605A,20260205,0.22,0.25,0.22,0.23,3137200
STA19C2607A,20260205,0.32,0.35,0.32,0.34,944800
STGT13C2607A,20260205,0.33,0.33,0.3,0.3,1672700
TASCO13C2604A,20260205,0.11,0.11,0.11,0.11,115000
TCAP13C2605A,20260205,0.22,0.22,0.22,0.22,1042400
TENCEN28P2604A,20260205,0.51,0.51,0.43,0.43,3400100
TENCEN41C2606A,20260205,0.11,0.15,0.11,0.14,71200
TENCEN41P2603A,20260205,0.39,0.39,0.31,0.31,4200
TFG13C2604A,20260205,0.26,0.27,0.26,0.26,1664800
TFG13C2606A,20260205,0.16,0.16,0.16,0.16,615800
TFG19C2606A,20260205,0.45,0.47,0.44,0.46,857500
TFG41C2606A,20260205,0.14,0.14,0.14,0.14,199900
TFG41C2612T,20260205,0.37,0.37,0.37,0.37,199900
TIDLOR01C2605A,20260205,0.07,0.07,0.06,0.06,140200
TIDLOR01C2606A,20260205,0.3,0.35,0.3,0.34,5002100
TIDLOR01C2610T,20260205,0.23,0.25,0.23,0.25,3122400
TIDLOR01P2605A,20260205,0.59,0.59,0.51,0.53,2590700
TIDLOR13C2604A,20260205,0.08,0.08,0.08,0.08,20000
TIDLOR13C2607A,20260205,0.3,0.36,0.3,0.34,7293200
TIDLOR13C2701T,20260205,0.36,0.39,0.36,0.38,5036800
TIDLOR19C2609T,20260205,0.24,0.27,0.24,0.26,1182300
TIDLOR19C2612T,20260205,0.51,0.56,0.51,0.54,1380400
TIDLOR41C2607A,20260205,0.29,0.34,0.29,0.32,3241700
TIDLOR41C2612T,20260205,0.24,0.26,0.24,0.25,600
TISCO13C2607A,20260205,0.21,0.21,0.21,0.21,1808000
TISCO41C2606T,20260205,0.33,0.34,0.33,0.33,1309500
TLI01C2607A,20260205,0.19,0.2,0.19,0.2,2555000
TLI13C2607A,20260205,0.25,0.26,0.24,0.26,1531400
TLI41C2606T,20260205,0.16,0.16,0.16,0.16,100000
TOA01C2702T,20260205,0.33,0.33,0.33,0.33,991600
TOA13C2605A,20260205,0.21,0.22,0.21,0.22,726600
TOP01C2605A,20260205,0.37,0.39,0.35,0.39,4824000
TOP01C2701T,20260205,0.38,0.38,0.37,0.38,3268100
TOP01P2607A,20260205,0.43,0.45,0.41,0.41,6870600
TOP13C2603A,20260205,0.23,0.25,0.21,0.25,10262300
TOP13C2606A,20260205,0.6,0.63,0.6,0.63,225700
TOP13C2607A,20260205,0.4,0.41,0.38,0.41,13313600
TOP13P2607A,20260205,0.34,0.36,0.33,0.33,3199600
TOP19C2612T,20260205,0.79,0.81,0.77,0.8,3750200
TOP41C2606A,20260205,0.58,0.58,0.57,0.57,35200
TOP41C2607A,20260205,0.38,0.39,0.36,0.39,1101400
TOP41C2609T,20260205,1.05,1.07,1.05,1.07,50800
TOP41C2611T,20260205,0.56,0.57,0.55,0.57,2411500
TRIPDC41C2609A,20260205,0.22,0.22,0.22,0.22,200
TRUE01C2602A,20260205,0.02,0.02,0.01,0.01,10600
TRUE01C2606T,20260205,0.06,0.06,0.06,0.06,270800
TRUE01C2607A,20260205,0.39,0.42,0.39,0.4,3592000
TRUE01P2607A,20260205,0.3,0.3,0.29,0.29,2158800
TRUE13C2607A,20260205,0.28,0.31,0.28,0.29,14755800
TRUE13C2607B,20260205,0.36,0.39,0.36,0.37,7274100
TRUE13P2607A,20260205,0.32,0.32,0.3,0.31,527400
TRUE19C2604A,20260205,0.13,0.16,0.13,0.14,7389500
TRUE19C2607A,20260205,0.35,0.38,0.35,0.36,3555500
TRUE41C2604T,20260205,0.4,0.43,0.39,0.41,236500
TRUE41C2607A,20260205,0.26,0.28,0.26,0.27,200700
TRUE41C2607B,20260205,0.32,0.35,0.32,0.34,125700
TRUE41C2612T,20260205,0.23,0.24,0.23,0.24,3817400
TRUE41P2607A,20260205,0.27,0.27,0.26,0.27,400
TTB13C2607A,20260205,0.07,0.07,0.07,0.07,165000
TU01C2607A,20260205,0.16,0.18,0.16,0.18,807500
TU01P2605A,20260205,0.27,0.27,0.24,0.25,949700
TU13C2604A,20260205,0.04,0.04,0.04,0.04,300000
TU13C2607A,20260205,0.16,0.18,0.16,0.17,1230000
TU19C2607A,20260205,0.17,0.18,0.17,0.18,1063900
TU41C2607A,20260205,0.15,0.15,0.15,0.15,25000
TU41C2609T,20260205,0.18,0.2,0.18,0.2,7100
VGI13C2605A,20260205,0.04,0.04,0.04,0.04,200000
VGI13C2607A,20260205,0.12,0.12,0.11,0.12,2192400
VGI19C2602A,20260205,0.01,0.01,0.01,0.01,125800
VGI19C2607A,20260205,0.18,0.2,0.18,0.2,531300
VGI41C2607A,20260205,0.11,0.11,0.11,0.11,100
VGI41C2703T,20260205,0.3,0.3,0.3,0.3,399800
WHA01C2610T,20260205,0.41,0.42,0.4,0.4,6274900
WHA13C2605A,20260205,0.29,0.31,0.29,0.29,10989700
WHA13C2701T,20260205,0.34,0.35,0.34,0.34,2508200
WHA41C2608T,20260205,0.1,0.1,0.1,0.1,500
WHA41C2612T,20260205,0.22,0.22,0.22,0.22,26000
XIAOMI28C2606A,20260205,0.13,0.15,0.13,0.15,574000
XIAOMI41C2609T,20260205,0.5,0.55,0.5,0.55,2000
ZIJIN41C2603A,20260205,0.39,0.46,0.39,0.45,552200
ZIJIN41C2606A,20260205,0.3,0.34,0.08,0.3,290600
AAPL01,20260205,25.25,26,25.25,25.75,25108
AAPL03,20260205,2.84,2.94,2.84,2.92,346238
AAPL19,20260205,5.75,5.85,5.75,5.85,15958
AAPL80,20260205,8.55,8.8,8.5,8.65,1154811
ABBV19,20260205,7.15,7.25,6.55,6.9,122918
ABNB06,20260205,3.96,4,3.84,4,5213
ADBE03,20260205,1.9,2.04,1.87,1.96,418771
ADBE06,20260205,2.12,2.24,2.1,2.22,614828
ADVANT19,20260205,4.96,5,4.86,5,5524681
ADVANT23,20260205,3.4,3.4,3.3,3.34,649782
AIA06,20260205,3.56,3.64,3.52,3.64,1719
AIA19,20260205,3.56,3.6,3.52,3.6,11250
AIA23,20260205,2.74,2.8,2.72,2.8,79705
AMD80,20260205,1.41,1.41,1.27,1.3,81190945
AMGN06,20260205,2.7,2.94,2.6,2.9,154073
AMZN01,20260205,22.2,22.3,21.8,21.8,86908
AMZN06,20260205,1.9,1.9,1.83,1.86,1319508
AMZN80,20260205,1.89,1.9,1.84,1.85,9823784
ANTA13,20260205,2.08,2.08,2.02,2.02,14
ANTA23,20260205,2.06,2.06,2.04,2.06,24816
ASEMI24,20260205,2.26,2.38,2.24,2.3,103141
ASML01,20260205,36.75,37,35,36.25,616937
AVGO80,20260205,2.02,2.08,1.89,2.08,10997878
AXP06,20260205,2.78,2.86,2.78,2.86,190
BABA01,20260205,14.5,14.7,14.3,14.4,23937
BABA06,20260205,6.35,6.45,6.35,6.4,73
BABA13,20260205,2.68,2.68,2.62,2.68,11777
BABA23,20260205,4.22,4.36,4.22,4.32,137279
BABA80,20260205,6.35,6.55,6.3,6.55,7392845
BAC03,20260205,3.44,3.56,3.44,3.52,62272
BDX06,20260205,2.16,2.24,2.16,2.2,73920
BIDU01,20260205,12.6,13.2,12.6,13.2,65933
BIDU06,20260205,5.6,5.8,5.6,5.8,39415
BIDU23,20260205,2.66,2.78,2.66,2.78,358731
BIDU80,20260205,5.55,5.8,5.55,5.8,28514124
BILIBILI01,20260205,4.58,4.74,4.56,4.72,667452
BKNG03,20260205,2.44,2.46,2.32,2.44,2092
BKNG80,20260205,2.92,2.96,2.76,2.94,349802
BLK06,20260205,3.4,3.44,3.3,3.42,31599
BONDAS19,20260205,6.4,6.4,6.35,6.35,5304
BRKB80,20260205,1.56,1.62,1.55,1.6,7072974
BYDCOM01,20260205,0.85,0.85,0.83,0.84,285951
BYDCOM80,20260205,0.37,0.38,0.36,0.37,10590943
CATL01,20260205,4.5,4.6,4.46,4.6,19254393
CATL23,20260205,8,8.1,7.95,8.05,789951
CATL80,20260205,20,20.1,19.7,20,1281049
CHHONGQ19,20260205,14,14.4,13.8,14.1,922586
CHMOBILE19,20260205,3.24,3.3,3.24,3.28,80775
CHNXT5023,20260205,6.9,6.9,6.75,6.9,66471
CMBANK23,20260205,2.18,2.22,2.18,2.22,108417
CN01,20260205,22.1,22.2,21.9,22,24687
CN23,20260205,5.6,5.6,5.6,5.6,478
CNBIO24,20260205,1.43,1.48,1.43,1.48,36137
CNEV24,20260205,2.16,2.2,2.16,2.2,3251
CNROBOAI23,20260205,2.62,2.7,2.6,2.7,60109
CNSEMI23,20260205,2.62,2.84,2.58,2.84,227764
CNSTAR5023,20260205,6.9,7,6.9,6.95,4751
CNTECH01,20260205,27.25,28.25,27.25,28.25,62809
COSTCO19,20260205,31,31.5,31,31.25,21870
CRM01,20260205,3.44,3.54,3.32,3.52,79928
CRM06,20260205,2.46,2.54,2.4,2.54,35925
CRWD06,20260205,2.64,2.68,2.58,2.66,101916
CRWD80,20260205,13.3,13.4,12.7,13.2,353367
CSCO06,20260205,3.3,3.32,3.2,3.2,410121
DBS19,20260205,15,15,14.8,15,11208
DDOG19,20260205,3.76,3.8,3.62,3.66,14943
DELL19,20260205,3.78,3.88,3.74,3.82,981206
DISNEY19,20260205,16.6,17.2,16.6,16.9,95135
DUOL06,20260205,2.4,2.4,2.26,2.34,400080
E1VFVN3001,20260205,42.75,43,42.5,42.5,206580
ESTEE80,20260205,1.22,1.28,1.22,1.28,980153
EXPE06,20260205,2.98,3.08,2.88,3,23980
FERRARI80,20260205,1.07,1.09,1.06,1.09,441780
FPTVN11,20260205,2.48,2.48,2.44,2.46,335104
FPTVN19,20260205,12.3,12.4,12.2,12.3,405529
FUEVFVND01,20260205,48.5,48.75,48,48,132467
GASVN11,20260205,5.6,5.7,5.55,5.55,76490
GEELY06,20260205,2.64,2.66,2.64,2.66,611
GEELY80,20260205,6.5,6.6,6.5,6.55,43109
GOLD03,20260205,3.58,3.62,3.52,3.58,1088123
GOLD19,20260205,14.3,14.5,14,14.3,850845
GOLDUS19,20260205,48.75,49,46.5,47.5,596812
GOOG80,20260205,5.4,5.5,5.15,5.2,11038306
GOOGL01,20260205,32,32,30.5,30.5,606097
GOOGL03,20260205,5.45,5.45,5.2,5.25,393962
GRAB80,20260205,13.4,13.6,13.1,13.1,62691
GSUS06,20260205,4.24,4.24,4.1,4.14,20440
HAIERS19,20260205,11.1,11.2,11,11.2,85289
HANSOH19,20260205,5.85,6,5.8,6,9128
HERMES80,20260205,7.6,7.75,7.55,7.75,16754
HK01,20260205,21.8,22.2,21.7,22.2,26663
HK13,20260205,5.7,5.8,5.7,5.75,363
HKCE01,20260205,24.9,25.5,24.9,25.25,15101
HKEX23,20260205,2.16,2.2,2.16,2.18,44163
HKTECH13,20260205,4.32,4.4,4.3,4.4,64421
HONDA19,20260205,3.32,3.36,3.32,3.36,18257
HOOD06,20260205,2.76,2.76,2.46,2.54,2521569
HORIZON23,20260205,2.06,2.14,2.06,2.14,303112
HPG19,20260205,3.46,3.46,3.38,3.38,36662
HSHD23,20260205,6.6,6.7,6.6,6.7,108790
HUAHONG23,20260205,5.65,5.85,5.55,5.8,2635625
IBM06,20260205,3.72,3.72,3.56,3.66,24533
ICBC06,20260205,2.62,2.64,2.6,2.64,6664
ICBC19,20260205,2.6,2.66,2.6,2.62,3202
INDIA01,20260205,14.1,14.2,14,14.2,116752
INDIAESG19,20260205,4.4,4.4,4.36,4.38,25090
ISRG01,20260205,3.38,3.44,3.3,3.4,348902
ISRG06,20260205,3.04,3.08,2.96,3.06,2108
ISRG19,20260205,3.8,3.8,3.74,3.74,6110
ITOCHU19,20260205,7,7,6.75,6.8,3707
JAP03,20260205,3.46,3.46,3.36,3.4,1903
JAPAN10001,20260205,26.5,26.75,26.25,26.5,16616
JAPAN13,20260205,4.76,4.86,4.76,4.78,23058
JD80,20260205,4.34,4.42,4.32,4.42,841355
JDHEAL19,20260205,4.88,4.98,4.84,4.94,162976
JNJ03,20260205,3.7,3.76,3.7,3.72,155510
JPMUS06,20260205,3.32,3.38,3.3,3.36,377133
JPMUS19,20260205,19.9,20.2,19.9,20.2,8887
KEYENCE23,20260205,1.94,1.95,1.91,1.95,23470
KINGSOFT23,20260205,1.88,1.89,1.86,1.89,5263
KO80,20260205,2.42,2.48,2.42,2.46,289262
KUAISH01,20260205,3.62,3.72,3.62,3.72,70647
KUAISH06,20260205,2.9,2.9,2.88,2.9,24861
KUAISH23,20260205,2.08,2.16,2.06,2.12,1683629
KUAISH80,20260205,2.9,3,2.88,2.98,15872505
LENOVO13,20260205,1.9,1.91,1.9,1.91,37238
LLY80,20260205,1.69,1.76,1.68,1.75,24056054
LOREAL80,20260205,1.47,1.51,1.45,1.5,243698
LPGOLD13,20260205,3,3.16,3,3.08,1927
LULU06,20260205,2.76,2.84,2.74,2.84,85931
LVMH01,20260205,12.5,12.7,12.4,12.6,57688
MA80,20260205,1.75,1.77,1.72,1.77,1177183
MEITUAN19,20260205,1.26,1.28,1.24,1.27,15877
MEITUAN80,20260205,3.72,3.84,3.72,3.8,735156
MELI06,20260205,2.66,2.68,2.54,2.6,458820
META01,20260205,6.5,6.5,6.2,6.3,111259
META06,20260205,2.72,2.72,2.64,2.66,257388
META80,20260205,2.72,2.74,2.62,2.64,5271746
MICRON01,20260205,8.25,8.3,7.2,7.6,8713854
MICRON19,20260205,8.75,9,7.75,8.15,8357740
MITSU19,20260205,9.5,9.6,9.35,9.6,56219
MNSO80,20260205,15.4,15.6,15.4,15.6,16580
MNST06,20260205,3.8,3.84,3.68,3.78,3799
MRVL06,20260205,2.38,2.38,2.3,2.38,42436
MS06,20260205,3.86,3.86,3.8,3.86,6032
MSFT01,20260205,3.86,3.9,3.8,3.84,818225
MSFT06,20260205,3.28,3.32,3.24,3.26,1982466
MSFT19,20260205,4.34,4.42,4.34,4.36,19518
MSFT80,20260205,6.65,6.7,6.55,6.65,1699540
MSN11,20260205,4.08,4.08,3.92,3.94,37796
MSN19,20260205,3.36,3.36,3.26,3.26,86138
MUFG19,20260205,5.9,5.9,5.8,5.9,89017
MWG11,20260205,4.54,4.54,4.42,4.44,80435
MWG19,20260205,11.2,11.3,11.1,11.1,289604
NDAQ06,20260205,2.8,2.84,2.72,2.84,134060
NDX01,20260205,20.7,20.8,20.6,20.8,136436
NEM06,20260205,3.8,3.8,3.6,3.66,1421872
NETEASE80,20260205,7.75,7.8,7.6,7.8,53663
NFLX06,20260205,2.54,2.58,2.52,2.58,902984
NFLX80,20260205,2.54,2.58,2.52,2.58,2475827
NIKE80,20260205,0.96,1.02,0.96,1,1476330
NIKKEI80,20260205,11.4,11.4,11.4,11.4,5706
NINTENDO19,20260205,18,18,17.8,17.9,37745
NINTENDO23,20260205,1.61,1.62,1.57,1.57,52835
NONGFU80,20260205,2,2.02,1.98,2,433423
NOVOB80,20260205,1.54,1.56,1.51,1.52,18129778
NOW19,20260205,3.46,3.56,3.36,3.56,145357
NVDA01,20260205,16.8,16.8,16.1,16.6,613667
NVDA03,20260205,3.82,3.84,3.64,3.74,292091
NVDA06,20260205,3.8,3.82,3.64,3.78,402268
NVDA19,20260205,22.9,22.9,21.9,22.5,55715
NVDA80,20260205,28.5,28.5,27.25,28,1379354
OIL03,20260205,2.06,2.08,2.06,2.06,326904
ONON03,20260205,2.8,2.88,2.78,2.8,1987167
ORCL01,20260205,3.06,3.08,2.88,2.96,1548661
ORCL06,20260205,1.95,1.95,1.83,1.87,2764464
ORCL19,20260205,4.88,4.88,4.6,4.68,427789
PANW80,20260205,5.25,5.35,5.05,5.35,305818
PEP80,20260205,1.01,1.07,1.01,1.06,1578584
PETROCN80,20260205,3.62,3.72,3.62,3.72,235678
PFIZER19,20260205,16.4,17,16.4,16.8,313297
PINGAN01,20260205,6.5,6.6,6.5,6.6,16594
PINGAN80,20260205,2.86,2.9,2.82,2.88,4701698
PLTR01,20260205,4.52,4.52,3.94,4.06,976091
PLTR03,20260205,3.3,3.3,2.88,2.98,1045068
PLTR06,20260205,3.32,3.32,2.88,2.96,7289354
POPMART23,20260205,2.34,2.38,2.32,2.38,21115
POPMART80,20260205,9.75,9.9,9.7,9.85,874063
PYPL06,20260205,2.7,2.7,2.52,2.62,177952
QCOM06,20260205,2.34,2.42,2.1,2.1,383014
QQQM19,20260205,16.1,16.1,15.8,15.9,6798925
RBLX06,20260205,1.73,1.73,1.64,1.68,2086925
SANOFI80,20260205,3.04,3.08,3.02,3.04,127671
SANRIO23,20260205,1.39,1.39,1.39,1.39,1603
SBUX80,20260205,1.48,1.54,1.48,1.52,738015
SEMB19,20260205,5,5.1,5,5,10301
SENSE23,20260205,2.36,2.48,2.36,2.48,85559
SGX19,20260205,4.4,4.42,4.38,4.42,2215
SHOP06,20260205,1.89,1.89,1.75,1.84,130617
SIA19,20260205,16.6,16.8,16.6,16.7,63396
SINGTEL80,20260205,12.1,12.1,11.7,11.9,19122
SINOBIO19,20260205,5.25,5.3,5.25,5.3,220
SMFG19,20260205,11.5,11.6,11.4,11.4,8030
SMIC01,20260205,3.88,3.94,3.82,3.94,109210
SMIC13,20260205,1.83,1.93,1.83,1.93,36204
SMIC23,20260205,3.2,3.3,3.16,3.3,2664646
SNOW06,20260205,2.74,2.74,2.54,2.68,418939
SOFTBANK23,20260205,1.54,1.54,1.51,1.53,4404250
SONY80,20260205,3.44,3.6,3.36,3.44,2555151
SP50001,20260205,22.1,22.2,21.9,22.1,379047
SP500US19,20260205,12.9,12.9,12.8,12.8,94006
SP500US80,20260205,2.58,2.58,2.56,2.56,172549
SPBOND80,20260205,8.1,8.2,8.1,8.15,195491
SPCOM80,20260205,3.72,3.74,3.68,3.74,4716
SPENGY80,20260205,3.28,3.36,3.26,3.36,238146
SPFIN80,20260205,17,17.3,17,17.3,1230
SPHLTH80,20260205,4.92,4.98,4.92,4.98,9561
SPOT06,20260205,1.88,1.9,1.76,1.78,60494
SPTECH80,20260205,8.95,8.95,8.7,8.85,21641
STAR5001,20260205,40.25,40.75,40,40.25,77704
STEG19,20260205,24.7,24.7,24.4,24.5,4381
SUNNY19,20260205,2.42,2.44,2.38,2.42,602606
SUSHI23,20260205,2.6,2.68,2.6,2.68,364842
TAIWAN19,20260205,30,30,29.75,30,3646
TAIWANAI13,20260205,12.8,12.8,12.7,12.7,454
TAIWANHD13,20260205,24.1,24.1,24,24.1,2420
TEL23,20260205,3.04,3.06,2.96,3.06,90573
TENCENT01,20260205,5.05,5.25,5,5.2,378950
TENCENT06,20260205,2.22,2.32,2.2,2.32,48989
TENCENT13,20260205,4.56,4.6,4.54,4.6,200473
TENCENT19,20260205,11.1,11.5,11.1,11.4,11802
TENCENT80,20260205,22.3,22.8,22,22.7,2025160
THAIBEV19,20260205,11.7,11.7,11.5,11.6,42215
TME23,20260205,1.6,1.63,1.59,1.63,132773
TOYOTA80,20260205,7.55,7.6,7.45,7.6,128352
TRIPCOM23,20260205,1.84,1.85,1.84,1.84,3230432
TRIPCOM80,20260205,1.84,1.85,1.83,1.85,6121658
TRVUS06,20260205,3.64,3.86,3.64,3.86,3179
TSLA01,20260205,39,39.25,37.5,38,36286
TSLA03,20260205,4.44,4.44,4.24,4.32,45656
TSLA80,20260205,2.66,2.68,2.54,2.58,17341165
UBER06,20260205,2.32,2.52,2.22,2.36,1776316
UBTECH23,20260205,2.08,2.12,2.04,2.12,3848960
UNH19,20260205,4.48,4.5,4.36,4.4,1111355
UNIQLO80,20260205,12.8,13,12.8,12.9,609083
UOB19,20260205,9.6,9.7,9.6,9.7,121936
USTR24,20260205,1.14,1.16,1.14,1.15,10820
VCB11,20260205,3.46,3.46,3.4,3.4,121641
VCB19,20260205,8.65,8.65,8.45,8.5,82154
VENTURE19,20260205,4.12,4.12,4.06,4.1,18678
VHM19,20260205,11.6,12.1,11.6,12.1,22020
VISA06,20260205,1.31,1.32,1.29,1.3,1057216
VISA80,20260205,1.3,1.32,1.29,1.3,2885068
VNFIN24,20260205,1.91,1.91,1.9,1.91,763
VNM19,20260205,8.75,8.75,8.6,8.65,70242
WMT06,20260205,4.06,4.12,4.06,4.08,18661
WORLD03,20260205,3.76,3.78,3.74,3.78,3895
WUXI06,20260205,3.74,3.86,3.72,3.86,264237
WUXI13,20260205,2.36,2.36,2.36,2.36,105
WUXIAT80,20260205,4.56,4.64,4.52,4.64,136114
XIAOMI01,20260205,3.12,3.26,3.12,3.24,717697
XIAOMI13,20260205,2.92,3,2.9,2.98,3401
XIAOMI19,20260205,6.95,7.15,6.9,7.1,36255
XIAOMI23,20260205,1.67,1.73,1.67,1.68,83805
XIAOMI80,20260205,13.8,14.3,13.8,14.1,1542760
ZIJIN13,20260205,2.78,2.84,2.7,2.82,28055
ZIJIN80,20260205,15.8,16.3,15.7,16,290559
ACC-W2-O,20260205,0.09,0.09,0.09,0.09,66
B-W8-O,20260205,0.01,0.01,0.01,0.01,35
BE8-W1-O,20260205,0.47,0.56,0.47,0.56,35
BR-W1-O,20260205,0.01,0.01,0.01,0.01,38
BTC-W7-O,20260205,0.01,0.01,0.01,0.01,40
BTS-W8-O,20260205,0.01,0.01,0.01,0.01,134
BWG-W7-O,20260205,0.04,0.04,0.04,0.04,280
CHAYO-W4-O,20260205,0.28,0.29,0.28,0.28,403
COMAN-W1-O,20260205,0.04,0.04,0.04,0.04,50
DEMCO-W8-O,20260205,0.48,0.48,0.14,0.47,355
EA-W1-O,20260205,0.43,0.64,0.43,0.52,451
ECF-W6-O,20260205,0.01,0.02,0.01,0.02,63
EMC-W7-O,20260205,0.01,0.01,0.01,0.01,69
EMPIRE-W1-O,20260205,0.1,0.1,0.1,0.1,3
HYDRO-W2-O,20260205,0.08,0.08,0.08,0.08,3
ITEL-W5-O,20260205,0.08,0.08,0.05,0.05,177
ITEL-W6-O,20260205,0.14,0.15,0.14,0.15,227
JAS-W4-O,20260205,0.27,0.27,0.25,0.25,368
KASET-W1-O,20260205,0.1,0.11,0.1,0.11,160
NER-W2-O,20260205,0.07,0.07,0.06,0.07,298
NOBLE-W3-O,20260205,0.18,0.19,0.18,0.19,156
ORI-W2-O,20260205,0.27,0.29,0.27,0.29,200
PROEN-W2-O,20260205,0.29,0.29,0.29,0.29,49
PROUD-W3-O,20260205,0.09,0.09,0.09,0.09,50
PSTC-W3-O,20260205,0.03,0.03,0.03,0.03,122
TNITY-W2-O,20260205,0.18,0.18,0.12,0.12,96
VIBHA-W5-O,20260205,0.05,0.05,0.04,0.04,237
XBIO-W7-O,20260205,0.01,0.01,0.01,0.01,1
ZIGA-W2-O,20260205,0.07,0.07,0.07,0.07,128
A5-W5,20260205,0.1,0.1,0.07,0.09,706500
ACC-W2,20260205,0.09,0.1,0.09,0.09,999300
ASW-W3,20260205,0.38,0.43,0.37,0.39,3040000
B-W8,20260205,0.01,0.01,0.01,0.01,400
BE8-W1,20260205,0.59,0.59,0.57,0.57,95600
BIOTEC-W2,20260205,0.01,0.01,0.01,0.01,100
BR-W1,20260205,0.01,0.02,0.01,0.02,141800
BTC-W7,20260205,0.01,0.02,0.01,0.01,1330000
BTS-W8,20260205,0.01,0.01,0.01,0.01,2900
BWG-W7,20260205,0.04,0.05,0.04,0.04,1147300
CAZ-W1,20260205,0.7,0.72,0.64,0.68,45200
CEN-W5,20260205,0.01,0.02,0.01,0.01,922800
CHASE-W1,20260205,0.2,0.22,0.2,0.22,600
CHAYO-W4,20260205,0.29,0.32,0.28,0.32,3620100
CIG-W9,20260205,0.02,0.02,0.01,0.01,3500
COMAN-W1,20260205,0.05,0.05,0.05,0.05,30200
DCON-W4,20260205,0.02,0.02,0.01,0.02,800
DEMCO-W8,20260205,0.5,0.5,0.48,0.48,425000
EA-W1,20260205,0.65,0.65,0.64,0.64,1918600
ECF-W6,20260205,0.03,0.03,0.02,0.03,668600
EMPIRE-W1,20260205,0.09,0.1,0.08,0.08,1523500
EMPIRE-W2,20260205,0.09,0.11,0.09,0.09,1220800
GLORY-W1,20260205,0.13,0.14,0.13,0.14,60100
HYDRO-W2,20260205,0.08,0.08,0.07,0.07,150800
IMH-W1,20260205,0.07,0.08,0.07,0.08,117300
IROYAL-W1,20260205,1.38,1.45,1.38,1.41,359000
IROYAL-W2,20260205,1.03,1.09,1.02,1.02,511900
ITEL-W5,20260205,0.09,0.1,0.08,0.1,481000
ITEL-W6,20260205,0.16,0.17,0.16,0.16,4343300
J-W3,20260205,0.04,0.05,0.04,0.05,104700
J-W4,20260205,0.05,0.06,0.05,0.06,10400
JAS-W4,20260205,0.27,0.28,0.26,0.27,3792100
K-W3,20260205,0.04,0.06,0.04,0.06,700
KASET-W1,20260205,0.1,0.11,0.1,0.11,632400
KGEN-W2,20260205,0.14,0.15,0.11,0.13,1347900
KUN-W3,20260205,0.05,0.06,0.05,0.06,752100
MADAME-W6,20260205,0.13,0.13,0.12,0.13,21600
MGI-W1,20260205,0.71,0.74,0.68,0.7,3087900
NER-W2,20260205,0.07,0.08,0.07,0.07,1237000
NOBLE-W3,20260205,0.18,0.19,0.17,0.18,3278800
NRF-W2,20260205,0.08,0.08,0.08,0.08,100
ORI-W2,20260205,0.29,0.31,0.29,0.3,4123500
PEER-W2,20260205,0.01,0.01,0.01,0.01,65900
PLANET-W2,20260205,0.18,0.29,0.14,0.15,19900
PLANET-W3,20260205,0.15,0.25,0.15,0.23,1500
PRG-W4,20260205,4.34,4.34,4.2,4.2,2100
PRG-W5,20260205,4.14,4.14,4,4,2100
PROEN-W2,20260205,0.3,0.31,0.29,0.31,103200
PROS-W1,20260205,0.01,0.01,0.01,0.01,300
PROUD-W3,20260205,0.09,0.1,0.09,0.09,74400
PSTC-W3,20260205,0.03,0.04,0.03,0.03,10200
ROCTEC-W5,20260205,0.01,0.01,0.01,0.01,22500
SAMTEL-W2,20260205,0.53,0.55,0.52,0.52,10100
SGC-W2,20260205,0.3,0.3,0.29,0.3,12100
TAKUNI-W2,20260205,0.25,0.29,0.25,0.29,300
TCC-W5,20260205,0.17,0.17,0.15,0.17,102700
TEAMG-W1,20260205,0.11,0.13,0.11,0.11,851000
TFG-W4,20260205,0.82,0.83,0.82,0.82,233600
TGE-W2,20260205,0.04,0.04,0.04,0.04,9000
TNITY-W2,20260205,0.18,0.2,0.18,0.2,49400
TRUBB-W3,20260205,0.21,0.22,0.21,0.21,143500
TVDH-W5,20260205,0.01,0.02,0.01,0.02,10707900
TVDH-W6,20260205,0.02,0.03,0.02,0.03,200
UREKA-W3,20260205,0.15,0.15,0.12,0.15,178700
VGI-W3,20260205,0.01,0.01,0.01,0.01,8514500
VIBHA-W5,20260205,0.05,0.06,0.05,0.06,1512100
VIH-W1,20260205,0.59,0.6,0.55,0.56,36000
WIIK-W3,20260205,0.01,0.01,0.01,0.01,400
XBIO-W6,20260205,0.02,0.04,0.02,0.03,291200
XBIO-W7,20260205,0.02,0.02,0.01,0.02,1200
ZIGA-W2,20260205,0.07,0.08,0.07,0.08,516900
!AGRO,20260205,304.8,306.3,304.11,306.13,15447840000
!CONSUMP,20260205,42.14,42.24,41.91,41.96,1028160000
!FINCIAL,20260205,148.53,149.4,147.97,149.02,49707190000
!INDUS,20260205,55.68,55.73,55.01,55.51,10194130000
!PROPCON,20260205,71.85,72.56,71.68,72.37,46686780000
!RESOURC,20260205,152.98,154.89,152.41,154.35,50211860000
!SERVICE,20260205,281.91,286.12,281.26,284.76,126185790000
!TECH,20260205,492.67,495.95,483.35,486.22,43227060000
$AGRI,20260205,183.36,185.44,182.98,184.56,1822760000
$AUTO,20260205,294.49,295.69,293.84,294.78,1272740000
$BANK,20260205,465.89,467.55,463.64,466.66,35265640000
$COMM,20260205,19986.2,20346.2,19907.3,20238.4,20454900000
$CONMAT,20260205,5452.89,5467.89,5399.23,5440.13,1835070000
$CONS,20260205,30.98,31.13,30.6,30.77,5257320000
$ENERG,20260205,17449.3,17666.5,17383.3,17605.5,50211860000
$ETRON,20260205,22959.7,23068,22315.5,22642.3,6462330000
$FASHION,20260205,470.82,471.24,467.05,468.84,329180000
$FIN,20260205,2000.65,2042.67,1994.67,2027.43,13289950000
$FOOD,20260205,8544.64,8583.34,8522.57,8579.92,13625080000
$HELTH,20260205,4346.55,4431.8,4343.93,4414.47,14314720000
$HOME,20260205,15.41,15.61,15.4,15.54,193750000
$ICT,20260205,223.69,226.96,219.61,220.99,36764730000
$IMM,20260205,18.09,18.14,18.04,18.11,471730000
$INSUR,20260205,9207.2,9261.94,9093.47,9221.91,1151600000
$MEDIA,20260205,14.47,14.77,14.46,14.67,6770550000
$PAPER,20260205,2109.85,2123.91,2095.78,2095.78,30680000
$PERSON,20260205,70.57,70.73,70.01,70.12,505230000
$PETRO,20260205,530.73,531.78,521.6,529.54,3395050000
$PF&REIT,20260205,132.45,132.78,131.86,132.45,1382230000
$PKG,20260205,2234,2241.21,2203.76,2219.56,1027790000
$PROF,20260205,130.23,132.14,128.6,129.95,2025990000
$PROP,20260205,157.91,161.12,157.91,160.64,38212160000
$STEEL,20260205,18.05,18.07,17.91,17.91,3996140000
$TOURISM,20260205,459.15,462.58,452.34,457.52,6031050000
$TRANS,20260205,208.67,212.33,207.5,210.24,76588580000
MAI,20260205,208.92,209.63,207.93,208.01,215608002
SET,20260205,1344.2,1351.98,1338.32,1346.23,8446143984
SET100,20260205,1924.49,1936.29,1915.45,1927.32,2539841900
SET50,20260205,902.7,908.43,898.18,904.12,1752957700
SETHD,20260205,1234.55,1242.94,1230.25,1240.16,862172900
AOT-F,20260205,51.75,51.75,51.75,51.75,100
BDMS-F,20260205,20.4,20.4,20.4,20.4,10945200
DIF-F,20260205,9.45,9.45,9.45,9.45,5700
KBANK-F,20260205,190,190,190,190,100
KTB-F,20260205,28.5,28.5,28.5,28.5,29100
MRDIYT-F,20260205,9,9.15,9,9.05,898800
PTTEP-F,20260205,124,125,124,124.5,20000
PTTGC-F,20260205,25,25,25,25,100
SCB-F,20260205,136,136.5,136,136.5,167500
!AGRO-M,20260205,56.68,56.93,56.35,56.5,2481310000
!CONSUMP-M,20260205,11.98,12.04,11.97,12,680650000
!FINCIAL-M,20260205,29.64,29.98,29.27,29.39,193250000
!INDUS-M,20260205,38.27,38.35,38.14,38.24,1732430000
!PROPCON-M,20260205,14.04,14.12,13.98,14.01,7132790000
!RESOURC-M,20260205,16.71,17.03,16.39,16.76,781140000
!SERVICE-M,20260205,41.37,41.65,40.87,40.97,5630240000
!TECH-M,20260205,19.62,19.65,19.57,19.6,649230000
SET100FF,20260205,1845.81,1857.95,1839.23,1850.55,253984190000
SET50FF,20260205,866.25,872.06,862.85,868.49,175295770000
SETCLMV,20260205,646.86,652.46,645.41,650.05,139741910000
SETESG,20260205,837.9,844.83,836.42,841.77,211848370000
SETWB,20260205,590.04,597.18,589.2,594.66,44745100000
SSET,20260205,565.06,567.87,564.8,567.09,13450990000
