<TICKER>,<DTYYYYMMDD>,<OPEN>,<HIGH>,<LOW>,<CLOSE>,<VOL>
AAPL01,20260615,28.75,28.75,28,28.25,5050893
AAPL03,20260615,3.26,3.26,3.18,3.2,7618
AAPL19,20260615,6.45,6.45,6.35,6.35,3527
AAPL80,20260615,9.7,9.75,9.45,9.6,11099212
ABBV19,20260615,7.45,7.5,7.35,7.4,31286
ABNB06,20260615,4.26,4.38,4.26,4.38,488
ADBE03,20260615,1.49,1.52,1.44,1.51,879694
ADBE06,20260615,1.67,1.71,1.62,1.69,5543752
ADVANT19,20260615,6,6.05,5.85,6.05,1007686
ADVANT23,20260615,4.02,4.06,4,4.06,1502211
AFRM03,20260615,2.72,2.8,2.64,2.78,91757
AIA06,20260615,3.14,3.2,3.14,3.14,48318
AIA19,20260615,3.16,3.2,3.16,3.2,9018
AIA23,20260615,2.42,2.48,2.42,2.46,172339
AMD03,20260615,8.15,8.8,8.1,8.7,211748
AMD23,20260615,6.8,7.35,6.75,7.3,219546
AMD80,20260615,3.26,3.5,3.22,3.48,31713305
AMGN06,20260615,2.88,2.94,2.88,2.92,103019
AMZN01,20260615,23.5,23.6,22.6,23.3,72843
AMZN03,20260615,4,4,3.86,3.96,560
AMZN06,20260615,1.99,2,1.92,1.96,1193297
AMZN23,20260615,2.66,2.66,2.56,2.64,109048
AMZN80,20260615,2,2.02,1.91,1.98,6959383
ANET23,20260615,2.9,3.08,2.9,3.06,440716
ANTA13,20260615,1.94,1.94,1.94,1.94,1
ANTA23,20260615,1.98,1.99,1.97,1.99,53421
APLD03,20260615,4.56,4.9,4.5,4.84,1189513
APPL03,20260615,2.66,2.8,2.58,2.76,436602
ASEMI24,20260615,4.04,4.08,4.04,4.08,876389
ASICS23,20260615,2.7,2.78,2.7,2.78,1744
ASML01,20260615,51.5,53.25,50,52.25,236241
ASTS03,20260615,3.32,3.32,2.68,2.84,22195839
AVGO23,20260615,2.9,2.96,2.8,2.94,571197
AVGO80,20260615,2.56,2.64,2.5,2.62,6569158
AXP06,20260615,2.64,2.68,2.6,2.68,34326
BABA01,20260615,10.4,10.5,10.3,10.5,84176
BABA06,20260615,4.56,4.58,4.52,4.56,61717
BABA13,20260615,1.9,1.91,1.88,1.9,60303
BABA23,20260615,3.04,3.1,3.02,3.04,375521
BABA80,20260615,4.56,4.58,4.5,4.56,11799189
BAC03,20260615,3.62,3.7,3.62,3.7,30090
BDX06,20260615,1.65,1.65,1.59,1.62,291983
BIDU01,20260615,10.7,11.2,10.7,10.9,115926
BIDU06,20260615,4.7,4.82,4.7,4.82,6697
BIDU23,20260615,2.24,2.36,2.24,2.28,64231
BIDU80,20260615,4.7,4.94,4.7,4.8,5602549
BILIBILI01,20260615,2.76,2.8,2.74,2.78,35194
BIREN23,20260615,9.1,9.55,9.05,9.3,331474
BKNG03,20260615,2.24,2.3,2.22,2.3,737
BKNG80,20260615,2.7,2.78,2.7,2.78,24301
BLK06,20260615,3.34,3.42,3.34,3.42,30865
BONDAS19,20260615,6.4,6.45,6.4,6.45,6774
BRKB80,20260615,1.6,1.6,1.59,1.6,2192403
BYDCOM01,20260615,0.82,0.82,0.8,0.82,1065274
BYDCOM80,20260615,0.36,0.37,0.35,0.36,6391327
CAMBRI80,20260615,6.35,6.5,6.3,6.45,1126122
CATL01,20260615,6.5,6.75,6.5,6.65,2525154
CATL23,20260615,11.5,11.8,11.4,11.8,96599
CATL80,20260615,28.75,29.75,28.75,29.5,69262
CCJ23,20260615,2.04,2.14,2.04,2.14,160685
CEG23,20260615,2.04,2.14,2.02,2.12,1197848
CHHONGQ19,20260615,11.1,11.1,10.8,11,65365
CHMOBILE19,20260615,3.38,3.42,3.36,3.42,413134
CHMOBILE23,20260615,2.62,2.7,2.58,2.7,30577
CHNXT5023,20260615,8.95,9.15,8.95,9.1,25740
CMBANK23,20260615,2.3,2.32,2.3,2.32,40615
CME03,20260615,2.88,2.92,2.88,2.92,14712
CN01,20260615,24.2,24.5,24.2,24.4,21480
CN23,20260615,6.15,6.2,6.15,6.2,31501
CNBIO24,20260615,1.25,1.27,1.25,1.26,408774
CNEV24,20260615,2.28,2.3,2.28,2.3,1103
CNROBOAI23,20260615,2.58,2.66,2.56,2.66,120199
CNSEMI23,20260615,3.86,3.94,3.8,3.9,138061
CNSTAR5023,20260615,8.8,9.1,8.7,9.1,8011
CNTECH01,20260615,25,25.5,25,25,36526
COSTCO19,20260615,32.25,32.25,32,32,8498
CRM01,20260615,3.02,3.1,2.96,3.1,127498
CRM06,20260615,2.2,2.24,2.12,2.24,250997
CRM80,20260615,5.45,5.55,5.3,5.5,259328
CRSP03,20260615,3.3,3.38,3.28,3.36,47324
CRWD06,20260615,4.52,4.6,4.44,4.56,56106
CRWD80,20260615,22.7,23,22.3,22.8,217055
CRWV03,20260615,3.32,3.5,3.2,3.5,2657008
CSCO06,20260615,5,5.05,4.94,4.98,352506
CYPC80,20260615,13.3,13.3,13.2,13.2,37185
DASH03,20260615,2.5,2.5,2.44,2.5,5361
DBS19,20260615,16.2,16.3,16.1,16.2,2814
DDOG19,20260615,7.7,7.75,7.5,7.7,301949
DELL19,20260615,12.9,13.6,12.6,13.5,1906677
DISNEY19,20260615,16.6,16.6,16.4,16.5,6715
DUOL06,20260615,2.5,2.56,2.42,2.54,81472
E1VFVN3001,20260615,42.75,43.25,42.75,43.25,402605
EOSE03,20260615,1.05,1.07,1,1.04,10250580
ESTEE80,20260615,0.96,0.99,0.96,0.98,1857599
EXPE06,20260615,2.94,2.96,2.9,2.96,1311
FANUC23,20260615,2.74,2.8,2.7,2.8,84058
FCX23,20260615,2.76,2.9,2.76,2.88,981121
FERRARI80,20260615,1.19,1.22,1.16,1.22,327513
FPTVN11,20260615,1.85,1.85,1.83,1.84,98021
FPTVN19,20260615,9.35,9.35,9.25,9.3,204109
FUEVFVND01,20260615,44.5,44.75,44.25,44.25,574442
GAC03,20260615,2.02,2.08,2.02,2.06,6097
GANFENG23,20260615,2.56,2.64,2.54,2.64,163236
GASVN11,20260615,4.14,4.14,4.1,4.14,4931
GDS23,20260615,1.9,1.91,1.86,1.91,213942
GEELY06,20260615,3.32,3.34,3.32,3.34,5711
GEELY80,20260615,8.25,8.45,8.25,8.4,55651
GEV23,20260615,2.74,2.9,2.72,2.88,908319
GIGA23,20260615,9.8,10.2,9.7,10,732002
GOLD03,20260615,3.24,3.26,3.22,3.24,416723
GOLD19,20260615,13,13,12.9,13,777370
GOLDUS03,20260615,3.16,3.26,3.14,3.26,205226
GOLDUS19,20260615,42.25,43.25,41.75,43.25,618076
GOOG23,20260615,2.96,3,2.9,2.96,665659
GOOG80,20260615,5.95,6,5.75,5.9,9073855
GOOGL01,20260615,35,35.5,34.25,35,160432
GOOGL03,20260615,5.95,6,5.85,6,153229
GRAB80,20260615,10.9,11,10.7,11,145011
GSUS06,20260615,4.88,5.05,4.88,5.05,16312
HAIERS19,20260615,9,9.1,8.9,9.05,22843
HANSOH19,20260615,4.98,4.98,4.96,4.98,11039
HERMES80,20260615,6.6,6.8,6.4,6.65,712267
HIMS03,20260615,4.72,4.76,4.36,4.5,235277
HK01,20260615,21,21,20.9,20.9,19778
HK13,20260615,5.6,5.6,5.5,5.6,18169
HKCE01,20260615,24.1,24.1,24,24.1,10260
HKEX23,20260615,2.08,2.08,2.06,2.08,3132
HKTECH13,20260615,3.98,3.98,3.96,3.98,36995
HONDA19,20260615,2.96,3,2.96,2.96,41014
HOOD03,20260615,3.06,3.18,2.96,3.18,803766
HOOD06,20260615,3.02,3.16,2.98,3.16,381296
HOOD80,20260615,3.02,3.18,2.98,3.18,2205797
HORIZON23,20260615,1.23,1.23,1.2,1.21,352728
HPG19,20260615,2.96,3.04,2.96,3.04,66615
HSHD23,20260615,6.65,6.7,6.55,6.7,582642
HUAHONG23,20260615,9.15,9.2,8.95,9.1,2173492
IBM06,20260615,3.68,3.68,3.5,3.66,739394
ICBC06,20260615,2.98,3.02,2.98,3,805
ICBC19,20260615,3,3,2.98,2.98,12682
IFLYTEK80,20260615,1.98,2.02,1.97,2.02,18895
INDIA01,20260615,13.1,13.2,13.1,13.1,190086
INDIAESG19,20260615,4.08,4.14,4.08,4.1,93776
INTEL03,20260615,7.7,8.5,7.55,8.35,12191309
IONQ03,20260615,3.9,4.02,3.7,3.98,7279476
ISRG01,20260615,3.06,3.12,2.94,3,1716448
ISRG06,20260615,2.72,2.72,2.64,2.68,492013
ISRG19,20260615,3.38,3.38,3.32,3.38,4052
ITOCHU19,20260615,6.5,6.5,6.45,6.45,1122
JAP03,20260615,3.48,3.56,3.48,3.56,11290
JAPAN10001,20260615,29.25,29.25,28.75,29.25,1973
JAPAN13,20260615,5.6,5.6,5.45,5.45,21363
JD80,20260615,4.64,4.7,4.64,4.7,37513
JDHEAL19,20260615,3.14,3.18,3.14,3.18,577757
JEPI19,20260615,6.15,6.15,6.1,6.15,2232433
JGRO19,20260615,10.3,10.5,10.3,10.5,4529
JNJ03,20260615,3.92,3.96,3.9,3.9,188246
JPMUS06,20260615,3.48,3.54,3.44,3.52,570209
JPMUS19,20260615,20.7,21.2,20.7,21.2,13646
JTEK19,20260615,11.3,11.5,11.2,11.5,6625
KEYENCE23,20260615,2.72,2.78,2.72,2.78,243565
KINGSOFT23,20260615,1.64,1.65,1.64,1.65,155170
KIOXIA23,20260615,11.6,12,11.4,12,1002350
KO80,20260615,2.74,2.74,2.66,2.68,294146
KUAISH01,20260615,2.42,2.42,2.4,2.4,39346
KUAISH06,20260615,1.91,1.94,1.91,1.92,1492
KUAISH23,20260615,1.38,1.38,1.37,1.38,3265992
KUAISH80,20260615,1.93,1.94,1.91,1.91,1338380
LENOVO13,20260615,5,5.4,5,5.35,48505
LLY80,20260615,1.9,1.9,1.84,1.84,4133660
LOREAL80,20260615,1.49,1.54,1.48,1.49,64876
LPGOLD13,20260615,2.04,2.08,2.04,2.08,44428
LRCX23,20260615,4.56,4.86,4.48,4.82,2740089
LULU06,20260615,1.99,2,1.94,1.95,37125
LVMH01,20260615,12.4,12.9,12,12.4,444688
MA80,20260615,1.6,1.62,1.6,1.6,267606
MEITUAN19,20260615,1.08,1.09,1.07,1.09,829098
MEITUAN23,20260615,2.02,2.06,1.99,2.06,55501
MEITUAN80,20260615,3.22,3.26,3.2,3.22,137526
MELI06,20260615,2.12,2.12,2.06,2.12,927829
META01,20260615,5.5,5.6,5.45,5.5,166591
META06,20260615,2.36,2.4,2.3,2.36,941642
META23,20260615,2.26,2.26,2.2,2.26,508139
META80,20260615,2.36,2.38,2.3,2.36,7978054
MICRON01,20260615,20.2,21.7,19.7,21.5,7702288
MICRON03,20260615,10.7,11.6,10.5,11.5,572938
MICRON19,20260615,21.6,23.2,21,22.9,655942
MICRON23,20260615,6.45,7,6.3,6.9,3131803
MICRON80,20260615,32.25,34.75,31.5,34.5,1646119
MITSU19,20260615,7.45,7.55,7.45,7.5,136194
MNSO80,20260615,10.6,10.7,10.6,10.6,1947
MNST06,20260615,4.34,4.36,4.3,4.34,1241
MRVL06,20260615,9,9.7,8.8,9.6,3111859
MRVL23,20260615,7.6,8.1,7.35,8,732821
MRVL80,20260615,9.1,9.65,8.8,9.55,8265875
MS06,20260615,4.72,4.74,4.66,4.72,34271
MSFT01,20260615,3.82,3.84,3.68,3.8,2853109
MSFT03,20260615,2.56,2.62,2.52,2.6,9206
MSFT06,20260615,3.22,3.28,3.14,3.26,934339
MSFT19,20260615,4.28,4.34,4.18,4.32,55910
MSFT23,20260615,2.4,2.42,2.32,2.4,1049834
MSFT80,20260615,6.45,6.55,6.25,6.5,5583549
MSN11,20260615,3.58,3.62,3.58,3.62,32
MSN19,20260615,3.02,3.02,3.02,3.02,6
MUFG19,20260615,6.7,6.75,6.6,6.65,140799
MUFG23,20260615,2.74,2.74,2.66,2.7,16417
MWG11,20260615,4,4.04,3.92,3.92,19081
MWG19,20260615,9.85,10.1,9.85,10.1,68263
NAURA23,20260615,3.56,3.72,3.56,3.62,115729
NAURA80,20260615,32.5,33.25,32.25,33.25,295607
NBIS03,20260615,7.7,8.4,7.35,8.3,4639202
NDAQ06,20260615,2.88,2.92,2.82,2.9,368581
NDX01,20260615,25.5,26,25.5,25.75,99084
NEM06,20260615,3.2,3.42,3.2,3.42,101524
NEM23,20260615,2.02,2.14,2,2.14,139104
NET03,20260615,3.76,3.88,3.68,3.84,76389
NETEASE80,20260615,8.3,8.35,8.2,8.35,95297
NFLX06,20260615,2.68,2.68,2.6,2.64,2539430
NFLX80,20260615,2.68,2.7,2.6,2.64,2291988
NIKE80,20260615,0.75,0.76,0.73,0.75,324260
NIKKEI80,20260615,14.6,14.9,14.6,14.8,53660
NINTENDO19,20260615,14.4,14.6,14.4,14.6,88702
NINTENDO23,20260615,1.3,1.3,1.27,1.29,2553450
NONGFU80,20260615,1.83,1.85,1.83,1.85,230831
NOVOB80,20260615,1.44,1.47,1.43,1.44,5307499
NOW19,20260615,3.42,3.5,3.26,3.46,2350537
NVDA01,20260615,19.9,20.3,19.6,20.1,570978
NVDA03,20260615,4.5,4.6,4.46,4.58,126548
NVDA06,20260615,4.5,4.58,4.44,4.56,885742
NVDA19,20260615,27,27.75,26.75,27.5,33784
NVDA23,20260615,3.2,3.28,3.18,3.26,1393648
NVDA80,20260615,33.75,34.5,33.25,34.25,1133602
NVTS03,20260615,7.45,8.65,7.15,8.45,8604456
OIL03,20260615,3.2,3.28,3.18,3.22,3819047
ONON03,20260615,2.56,2.58,2.54,2.56,67551
ORCL01,20260615,3.78,3.9,3.68,3.88,1361440
ORCL06,20260615,2.42,2.48,2.36,2.48,963026
ORCL19,20260615,6,6.25,5.85,6.25,307943
PANW80,20260615,9.2,9.3,8.95,9.25,165775
PEP80,20260615,0.96,0.96,0.93,0.94,1677449
PETROCN80,20260615,4.14,4.18,4.12,4.14,86402
PFIZER19,20260615,17.2,17.3,17.1,17.2,18712
PINGAN01,20260615,5.55,5.55,5.45,5.45,157334
PINGAN80,20260615,2.4,2.44,2.4,2.42,1513655
PLTR01,20260615,3.94,3.94,3.78,3.88,1995060
PLTR03,20260615,2.9,2.9,2.78,2.84,287790
PLTR06,20260615,2.88,2.9,2.78,2.84,2152902
PLTR23,20260615,2.26,2.28,2.2,2.24,474705
POPMART23,20260615,1.74,1.75,1.74,1.74,620
POPMART80,20260615,7.35,7.35,7.25,7.3,358109
PYPL06,20260615,2.7,2.76,2.7,2.76,289940
QCOM06,20260615,3.34,3.64,3.3,3.6,1665499
QQQM19,20260615,19.5,19.8,19.2,19.7,10965172
RBLX06,20260615,1.19,1.2,1.15,1.2,575329
REMX03,20260615,3.08,3.22,3.08,3.22,109082
RGTI03,20260615,3.46,3.66,3.36,3.62,1899631
RKLB03,20260615,7.95,8,6.5,7,10527871
SANOFI80,20260615,2.9,2.94,2.88,2.88,72053
SANRIO23,20260615,1.29,1.29,1.26,1.27,262992
SANRIO80,20260615,8.75,8.75,8.6,8.65,1816
SBUX80,20260615,1.67,1.7,1.67,1.68,2348849
SEAGATE23,20260615,6,6.75,5.95,6.7,1766550
SEMB19,20260615,5.3,5.3,5.3,5.3,5100
SENSE23,20260615,1.56,1.59,1.55,1.59,57109
SGX19,20260615,5.95,6.05,5.9,5.9,118855
SHOP06,20260615,1.82,1.82,1.76,1.81,105054
SIA19,20260615,18.1,18.2,18.1,18.2,12071
SIL03,20260615,2.64,2.82,2.62,2.82,1039215
SINGTEL80,20260615,11,11,10.8,11,44950
SINOBIO19,20260615,3.98,4.06,3.98,4,36542
SMCI03,20260615,2.06,2.12,1.94,2.08,1528420
SMFG19,20260615,13.5,13.5,13.2,13.2,88856
SMIC01,20260615,4.48,4.58,4.48,4.58,413753
SMIC03,20260615,3.16,3.2,3.16,3.2,50003
SMIC13,20260615,2.14,2.26,2.14,2.26,101
SMIC23,20260615,3.68,3.8,3.68,3.76,2054182
SNDK03,20260615,15.6,17.1,15.3,17,1308533
SNDK23,20260615,7.75,8.55,7.65,8.5,4576088
SNOW06,20260615,3.96,3.98,3.8,3.86,226459
SNOW23,20260615,3.62,3.64,3.44,3.52,722946
SOFTBANK23,20260615,2.76,2.82,2.72,2.8,2764958
SONY80,20260615,3.4,3.4,3.36,3.4,80184
SP50001,20260615,24.6,25,24.6,24.9,61147
SP500US19,20260615,14.3,14.4,14.2,14.3,115511
SP500US80,20260615,2.86,2.9,2.84,2.9,765919
SPBOND80,20260615,8.35,8.35,8.3,8.35,44026
SPCOM80,20260615,3.68,3.72,3.64,3.7,52544
SPENGY80,20260615,3.74,3.8,3.66,3.68,182526
SPFIN80,20260615,17.4,17.5,17.4,17.5,28758
SPHLTH80,20260615,5.1,5.1,4.98,5,118810
SPOT06,20260615,1.99,2,1.94,1.97,62703
SPTECH80,20260615,12.1,12.5,12,12.5,27085
STAR5001,20260615,51,51.75,50.5,51.25,125314
STEG19,20260615,27.25,27.5,27,27,3067
SUNNY19,20260615,3.12,3.2,3.08,3.2,179690
SUNNY80,20260615,3.1,3.2,3.1,3.18,124821
SUSHI23,20260615,3.1,3.1,3.04,3.1,128399
SYNP03,20260615,3,3.04,2.94,3.04,51612
TAIWAN19,20260615,43.5,44,43.5,44,125961
TAIWANAI13,20260615,19.7,19.9,19.7,19.8,15633
TAIWANHD13,20260615,33.25,34,33.25,33.75,16560
TEL23,20260615,5.5,5.7,5.45,5.7,1143439
TEL80,20260615,14.9,15.2,14.7,14.7,62623
TENCENT01,20260615,4.36,4.38,4.34,4.34,43848
TENCENT06,20260615,1.9,1.94,1.9,1.94,60268
TENCENT23,20260615,2.14,2.14,2.12,2.14,292011
TENCENT80,20260615,19.2,19.3,19.1,19.2,372064
THAIBEV19,20260615,10.9,11.2,10.9,11.1,46850
TME23,20260615,0.94,0.97,0.93,0.97,1290020
TOYOTA80,20260615,5.85,6,5.85,5.95,85781
TRIPCOM23,20260615,1.56,1.57,1.53,1.54,182333
TRIPCOM80,20260615,1.55,1.55,1.52,1.54,6634817
TRVUS06,20260615,4,4.08,4,4,49317
TSLA01,20260615,38.5,39.75,37.5,39.25,74793
TSLA03,20260615,4.36,4.5,4.26,4.46,26222
TSLA23,20260615,2.54,2.58,2.44,2.56,325782
TSLA80,20260615,2.62,2.68,2.54,2.66,9230241
UBER06,20260615,2.28,2.28,2.22,2.28,100744
UBTECH23,20260615,1.89,1.91,1.87,1.87,1557424
UNH19,20260615,6.65,6.7,6.5,6.5,50959
UNIQLO80,20260615,16.4,16.4,16.3,16.3,707
UOB19,20260615,9.75,9.85,9.75,9.8,42035
USTR24,20260615,1.16,1.17,1.16,1.17,178797
VCB11,20260615,3.08,3.1,3.06,3.06,35484
VCB19,20260615,7.7,7.8,7.7,7.75,18384
VENTURE19,20260615,4.46,4.54,4.46,4.54,14111
VHM19,20260615,17.4,17.4,16.5,17,56597
VISA06,20260615,1.32,1.33,1.31,1.31,93839
VISA80,20260615,1.31,1.34,1.3,1.32,2436941
VNFIN24,20260615,1.86,1.86,1.86,1.86,15
VNM19,20260615,7.5,7.5,7.45,7.5,723976
VRT23,20260615,2.9,3.08,2.86,3.06,1855938
VT03,20260615,3.4,3.48,3.38,3.46,176785
WMT06,20260615,3.96,3.98,3.9,3.9,85046
WORLD03,20260615,4.24,4.3,4.24,4.24,9120
WORLDA01,20260615,5,5.1,5,5.1,91715
WUXI06,20260615,3.24,3.26,3.22,3.24,16289
WUXI13,20260615,1.94,1.94,1.93,1.94,1898
WUXIAT80,20260615,5.2,5.3,5.15,5.3,31705
XIAOMI01,20260615,2.48,2.52,2.48,2.48,176329
XIAOMI13,20260615,2.38,2.38,2.34,2.36,5686
XIAOMI19,20260615,5.5,5.5,5.45,5.45,27
XIAOMI23,20260615,1.32,1.34,1.32,1.33,191927
XIAOMI80,20260615,11.1,11.1,10.9,11,714965
XPENG03,20260615,2.42,2.42,2.32,2.32,434531
ZAI23,20260615,14.6,16.1,14.2,15.4,1182922
ZIJIN13,20260615,2.34,2.46,2.34,2.44,24144
ZIJIN23,20260615,2.12,2.2,2.12,2.2,198409
ZIJIN80,20260615,13.9,14.1,13.8,13.9,483733
ZJINNO80,20260615,5.75,6,5.75,6,768412
AAV01C2703T,20260615,0.16,0.16,0.15,0.16,304600
AAV13C2608A,20260615,0.02,0.02,0.02,0.02,5000
AAV13C2608B,20260615,0.08,0.08,0.08,0.08,2124400
AAV13C2701T,20260615,0.11,0.11,0.11,0.11,3885400
AAV13P2607A,20260615,0.05,0.05,0.04,0.04,318000
AAV19C2608A,20260615,0.1,0.12,0.1,0.12,440500
AAV19C2612T,20260615,0.1,0.1,0.1,0.1,5000
ADVANC01C2607A,20260615,0.07,0.07,0.05,0.05,157000
ADVANC01C2608A,20260615,0.03,0.04,0.03,0.03,3700
ADVANC01C2609A,20260615,0.25,0.25,0.2,0.2,7408100
ADVANC01C2610A,20260615,0.49,0.49,0.41,0.41,6534700
ADVANC01C2701T,20260615,0.59,0.6,0.53,0.54,5811700
ADVANC01P2607A,20260615,0.01,0.01,0.01,0.01,600000
ADVANC01P2609A,20260615,0.48,0.52,0.46,0.51,5938700
ADVANC13C2607A,20260615,0.02,0.02,0.02,0.02,155000
ADVANC13C2609A,20260615,0.27,0.28,0.22,0.22,4106600
ADVANC13C2701T,20260615,0.37,0.37,0.33,0.34,3620900
ADVANC13P2607A,20260615,0.01,0.01,0.01,0.01,655600
ADVANC13P2609A,20260615,0.21,0.26,0.21,0.25,5602200
ADVANC19C2607A,20260615,0.01,0.01,0.01,0.01,100000
ADVANC19C2609A,20260615,0.22,0.23,0.18,0.18,15264800
ADVANC41C2701T,20260615,0.29,0.29,0.26,0.26,3550000
ADVANC41P2607A,20260615,0.01,0.01,0.01,0.01,600000
AIA41C2609A,20260615,0.18,0.18,0.18,0.18,200
AMATA01C2608A,20260615,1.29,1.52,1.29,1.35,371800
AMATA41C2608T,20260615,0.19,0.22,0.19,0.19,3600000
AOT01C2607A,20260615,0.14,0.14,0.12,0.12,4095700
AOT01C2609A,20260615,0.44,0.44,0.42,0.43,5007100
AOT01P2609A,20260615,0.25,0.27,0.25,0.26,2961400
AOT13C2608A,20260615,0.23,0.24,0.21,0.21,10327900
AOT13P2609A,20260615,0.14,0.14,0.14,0.14,2235200
AOT19C2608A,20260615,0.45,0.45,0.42,0.42,703000
AOT41C2608A,20260615,0.22,0.23,0.21,0.22,1501000
AOT41C2609T,20260615,0.56,0.56,0.54,0.54,1803200
AWC01C2607A,20260615,0.13,0.15,0.11,0.15,4245200
AWC01C2703T,20260615,0.32,0.32,0.3,0.32,3526800
AWC13C2608A,20260615,0.1,0.11,0.09,0.11,3158000
AWC13C2608B,20260615,0.36,0.39,0.36,0.39,2100
AWC41C2609T,20260615,0.22,0.24,0.2,0.24,5203900
BA13C2608A,20260615,0.43,0.43,0.4,0.42,1086200
BA19C2609A,20260615,0.51,0.55,0.51,0.55,2200
BA41C2608A,20260615,0.41,0.41,0.39,0.39,3460000
BA41C2611T,20260615,0.31,0.31,0.29,0.29,2400000
BABA28C2609A,20260615,0.07,0.07,0.07,0.07,1096500
BABA41C2610A,20260615,0.22,0.22,0.22,0.22,600
BABA41C2701T,20260615,0.36,0.36,0.35,0.35,400
BABA41P2609A,20260615,0.42,0.42,0.41,0.41,2000
BAM19C2612T,20260615,0.19,0.19,0.18,0.18,4243400
BAM41C2612T,20260615,0.23,0.23,0.23,0.23,1200000
BANPU13C2609A,20260615,0.09,0.09,0.08,0.08,687300
BANPU13C2701T,20260615,0.16,0.17,0.16,0.17,200
BANPU13P2609A,20260615,0.2,0.22,0.2,0.21,331600
BANPU19C2612T,20260615,0.24,0.25,0.24,0.24,518900
BBL13C2607A,20260615,0.01,0.01,0.01,0.01,10200
BBL13C2607B,20260615,0.03,0.03,0.03,0.03,10000
BBL13C2608A,20260615,0.25,0.25,0.23,0.23,13160400
BBL13P2608A,20260615,0.07,0.07,0.07,0.07,20500
BBL19C2612T,20260615,0.5,0.5,0.48,0.48,4646600
BBL41C2608A,20260615,0.24,0.24,0.22,0.22,6060000
BBL41C2609T,20260615,0.49,0.49,0.48,0.48,10400000
BCH01C2609A,20260615,0.05,0.05,0.05,0.05,100
BCH41C2607B,20260615,0.01,0.01,0.01,0.01,300100
BCP01C2608A,20260615,0.03,0.03,0.02,0.02,8000
BCP13C2608A,20260615,0.09,0.09,0.08,0.09,2898100
BCP13C2608B,20260615,0.02,0.02,0.01,0.01,1100000
BCP19C2607A,20260615,0.03,0.03,0.02,0.02,26000
BCP41C2608A,20260615,0.08,0.09,0.07,0.09,438700
BCPG01C2607A,20260615,0.1,0.1,0.1,0.1,796000
BCPG13C2607A,20260615,0.02,0.02,0.02,0.02,100
BCPG19C2609A,20260615,0.16,0.17,0.16,0.17,1564000
BCPG41C2612T,20260615,0.12,0.13,0.12,0.13,200
BDMS01C2609A,20260615,0.11,0.11,0.11,0.11,170000
BDMS13C2607A,20260615,0.01,0.01,0.01,0.01,250000
BDMS13C2608B,20260615,0.07,0.07,0.06,0.06,15400
BDMS13C2701T,20260615,0.15,0.16,0.15,0.16,65200
BDMS41C2609T,20260615,0.02,0.02,0.01,0.01,400
BDMS41C2612T,20260615,0.13,0.13,0.11,0.11,238100
BEM01C2608A,20260615,0.02,0.02,0.02,0.02,10000
BEM13C2608A,20260615,0.04,0.05,0.04,0.05,35000
BEM41C2612T,20260615,0.14,0.15,0.14,0.15,221300
BGRIM01C2608A,20260615,0.17,0.23,0.17,0.23,11457200
BGRIM01C2609A,20260615,0.43,0.56,0.42,0.55,8168300
BGRIM13C2607A,20260615,0.04,0.09,0.04,0.08,4130900
BGRIM13C2608A,20260615,0.35,0.47,0.35,0.43,6047400
BGRIM13C2608B,20260615,0.57,0.67,0.57,0.67,414200
BGRIM13P2608A,20260615,0.05,0.05,0.05,0.05,600
BGRIM13P2609A,20260615,0.03,0.03,0.03,0.03,6000
BGRIM19C2607A,20260615,0.14,0.22,0.14,0.22,5653400
BGRIM19C2609A,20260615,0.5,0.58,0.5,0.58,20200
BGRIM41C2608B,20260615,0.57,0.7,0.57,0.7,1701400
BGRIM41C2608T,20260615,0.26,0.33,0.25,0.31,14043600
BGRIM41C2701T,20260615,0.56,0.63,0.55,0.62,18054900
BH01C2607A,20260615,0.48,0.55,0.46,0.55,2000
BH01C2608A,20260615,0.04,0.05,0.04,0.05,144400
BH01C2609A,20260615,0.55,0.59,0.55,0.59,5669800
BH01C2609B,20260615,0.59,0.65,0.59,0.65,7152100
BH01P2608A,20260615,0.14,0.14,0.14,0.14,2781900
BH13C2607A,20260615,0.4,0.47,0.4,0.47,208000
BH13C2608A,20260615,0.04,0.05,0.04,0.05,1107100
BH13C2608B,20260615,0.17,0.21,0.17,0.21,8564400
BH13P2607A,20260615,0.01,0.01,0.01,0.01,100000
BH13P2608A,20260615,0.1,0.1,0.1,0.1,3227900
BH19C2608A,20260615,0.19,0.21,0.18,0.21,1545800
BH41C2607A,20260615,0.38,0.44,0.38,0.44,7052700
BH41C2608B,20260615,0.18,0.2,0.18,0.2,3600100
BH41C2611T,20260615,0.56,0.6,0.56,0.59,12936500
BIDU28C2610A,20260615,0.2,0.25,0.2,0.22,1500000
BIDU41C2609A,20260615,0.06,0.06,0.06,0.06,5000
BIDU41C2609T,20260615,0.95,0.95,0.9,0.9,24700
BIDU41C2610A,20260615,0.48,0.59,0.47,0.52,9200
BJC19C2612T,20260615,0.25,0.25,0.25,0.25,421900
BLA01C2609A,20260615,0.53,0.53,0.51,0.51,5000
BLA13C2607A,20260615,0.15,0.17,0.12,0.13,4272300
BLA13C2608A,20260615,0.39,0.43,0.39,0.42,416000
BLA19C2608A,20260615,0.42,0.44,0.42,0.44,119600
BTG01C2607A,20260615,0.15,0.17,0.14,0.16,3809200
BTG01C2609A,20260615,0.15,0.16,0.13,0.15,3357300
BTG01C2704T,20260615,0.1,0.1,0.1,0.1,239900
BTG01P2609A,20260615,0.49,0.5,0.47,0.48,3064900
BTG13C2607A,20260615,0.1,0.11,0.09,0.1,3347400
BTG13C2608A,20260615,0.11,0.12,0.1,0.11,1258600
BTG13C2609A,20260615,0.09,0.11,0.09,0.1,2321600
BTG13C2609B,20260615,0.03,0.04,0.03,0.04,110100
BTG13P2609A,20260615,0.44,0.44,0.41,0.42,2941200
BTG41C2609A,20260615,0.1,0.1,0.1,0.1,960000
BTG41C2703T,20260615,0.21,0.22,0.21,0.22,600000
BTS13C2607A,20260615,0.01,0.02,0.01,0.02,800
BTS13C2609A,20260615,0.09,0.09,0.08,0.09,2919600
BTS13P2608A,20260615,0.08,0.08,0.07,0.07,364000
BTS19C2609A,20260615,0.12,0.12,0.11,0.12,398700
BYDCOM41C2609A,20260615,0.14,0.15,0.14,0.15,400
CBG01C2607A,20260615,0.02,0.02,0.02,0.02,430000
CBG01C2609A,20260615,0.22,0.22,0.2,0.21,1177300
CBG01P2609A,20260615,0.12,0.12,0.12,0.12,511400
CBG13C2607A,20260615,0.01,0.01,0.01,0.01,200000
CBG13C2608A,20260615,0.1,0.1,0.1,0.1,441000
CBG13C2608B,20260615,0.15,0.15,0.12,0.14,2419400
CBG19C2608A,20260615,0.26,0.27,0.24,0.26,2458000
CBG41C2703T,20260615,0.3,0.3,0.28,0.3,1800100
CCET13C2607A,20260615,1.38,1.5,1.27,1.32,67500
CCET13C2608A,20260615,2.26,2.42,2.16,2.28,73000
CCET13C2609A,20260615,1.5,1.58,1.42,1.48,176700
CCET13C2609B,20260615,1.08,1.19,1.02,1.1,790100
CCET19C2607A,20260615,1.65,1.65,1.65,1.65,100
CCET41C2607A,20260615,1.5,1.51,1.44,1.44,600000
CCET41C2609T,20260615,0.47,0.5,0.44,0.46,13190100
CENTEL01C2609A,20260615,0.21,0.24,0.21,0.24,4024600
CENTEL13C2608A,20260615,0.07,0.08,0.07,0.08,306200
CENTEL13C2608B,20260615,0.2,0.24,0.2,0.23,7107200
CENTEL19C2607A,20260615,0.02,0.02,0.02,0.02,100
CENTEL41C2701T,20260615,0.29,0.32,0.29,0.32,6720800
CK01C2608A,20260615,0.47,0.52,0.46,0.5,2344900
CK13C2607A,20260615,0.61,0.61,0.61,0.61,100
CK13C2608A,20260615,0.18,0.21,0.17,0.2,17297100
CK19C2609A,20260615,0.34,0.38,0.33,0.37,16987200
COM701C2607A,20260615,0.64,0.64,0.6,0.6,87700
COM701C2705T,20260615,0.49,0.49,0.48,0.48,601200
COM713C2608A,20260615,0.11,0.11,0.11,0.11,1007800
COM741C2608A,20260615,0.1,0.1,0.1,0.1,600000
COM741C2609T,20260615,0.47,0.47,0.46,0.46,80500
CPALL01C2607A,20260615,0.06,0.06,0.05,0.06,10600
CPALL01C2608A,20260615,0.02,0.02,0.02,0.02,400
CPALL01C2610A,20260615,0.22,0.22,0.21,0.21,811700
CPALL01C2703T,20260615,0.25,0.26,0.25,0.26,411100
CPALL01P2608A,20260615,0.19,0.21,0.19,0.2,3748400
CPALL13C2608A,20260615,0.03,0.03,0.03,0.03,200000
CPALL13C2609A,20260615,0.23,0.23,0.21,0.21,3610100
CPALL13C2701T,20260615,0.24,0.25,0.23,0.23,6809100
CPALL19C2607A,20260615,0.08,0.08,0.07,0.07,541800
CPALL19C2612A,20260615,0.11,0.11,0.1,0.1,569900
CPALL41C2609A,20260615,0.21,0.21,0.2,0.2,1440000
CPALL41C2612T,20260615,0.15,0.15,0.15,0.15,600000
CPF01P2608A,20260615,0.21,0.21,0.21,0.21,2015600
CPF13C2609A,20260615,0.11,0.11,0.11,0.11,200000
CPF13P2608A,20260615,0.16,0.16,0.16,0.16,1044300
CPF19C2608A,20260615,0.02,0.02,0.02,0.02,100
CPF19C2609T,20260615,0.05,0.05,0.05,0.05,13400
CPN01C2608A,20260615,0.19,0.19,0.18,0.18,2292900
CPN13C2608A,20260615,0.23,0.23,0.21,0.22,4709600
CPN19C2609T,20260615,0.35,0.35,0.33,0.34,5096000
CPN41C2608A,20260615,0.22,0.22,0.2,0.21,4050000
CPN41C2608T,20260615,0.45,0.45,0.43,0.45,3650000
CRC01C2609A,20260615,0.22,0.22,0.2,0.22,3124700
CRC01C2609B,20260615,0.53,0.56,0.52,0.54,1489100
CRC01C2610T,20260615,0.34,0.35,0.32,0.35,4638400
CRC13C2608A,20260615,0.48,0.48,0.48,0.48,2000
CRC19C2612A,20260615,0.48,0.48,0.45,0.48,7430300
CRC41C2609T,20260615,0.23,0.24,0.22,0.24,4680000
DELTA01C2607A,20260615,2.02,2.02,1.82,1.82,806200
DELTA01C2608A,20260615,1.14,1.17,1.03,1.03,11026500
DELTA01P2608A,20260615,0.06,0.07,0.06,0.06,438800
DELTA13C2607A,20260615,1.1,1.1,1.1,1.1,2000
DELTA13C2607B,20260615,0.95,0.95,0.8,0.8,1135000
DELTA13C2608A,20260615,0.56,0.57,0.5,0.5,7713900
DELTA13C2609A,20260615,0.36,0.37,0.33,0.33,7534300
DELTA13P2607A,20260615,0.01,0.01,0.01,0.01,400
DELTA13P2608A,20260615,0.11,0.11,0.1,0.11,14518600
DELTA19C2607A,20260615,1.74,1.74,1.66,1.66,500
DELTA19C2608A,20260615,1.24,1.24,1.11,1.11,1400
DELTA19P2607A,20260615,0.01,0.01,0.01,0.01,60000
DELTA19P2608A,20260615,0.09,0.09,0.09,0.09,1151600
DELTA19P2609A,20260615,0.2,0.21,0.19,0.21,1878500
DELTA41C2607A,20260615,1.07,1.07,1.01,1.01,450000
DELTA41C2608A,20260615,0.57,0.57,0.51,0.51,11301300
DELTA41C2609A,20260615,0.37,0.37,0.33,0.33,31200
DELTA41C2612T,20260615,1.98,2,1.91,1.91,1058000
DELTA41C2703T,20260615,1.32,1.32,1.26,1.27,4110300
DJI41C2606A,20260615,0.19,0.19,0.19,0.19,100
DOHOME01C2608A,20260615,0.07,0.07,0.07,0.07,40000
DOHOME19C2701T,20260615,0.41,0.41,0.39,0.4,966600
EA13C2607A,20260615,0.01,0.01,0.01,0.01,2905600
EA13C2607B,20260615,0.01,0.02,0.01,0.01,1313100
EA13C2608A,20260615,0.21,0.22,0.15,0.15,18323400
EA19C2609A,20260615,0.36,0.36,0.27,0.27,9150100
EA41C2607B,20260615,0.01,0.01,0.01,0.01,22900
EA41C2609T,20260615,0.25,0.25,0.22,0.22,8100000
ERW01C2608A,20260615,0.12,0.13,0.1,0.13,6132100
ERW01C2611T,20260615,0.34,0.35,0.32,0.35,6327600
ERW13C2608A,20260615,0.1,0.11,0.09,0.11,8572300
ERW13C2608B,20260615,0.31,0.34,0.28,0.33,4294800
ERW19C2609A,20260615,0.31,0.33,0.28,0.32,9441300
ERW41C2611T,20260615,0.5,0.52,0.47,0.52,13903000
GFPT01C2705T,20260615,0.25,0.25,0.25,0.25,94600
GLOBAL13C2608A,20260615,0.04,0.04,0.04,0.04,1500
GLOBAL13C2608B,20260615,0.15,0.16,0.14,0.16,1995100
GLOBAL41C2608A,20260615,0.03,0.04,0.03,0.04,100000
GLOBAL41C2612T,20260615,0.32,0.32,0.3,0.32,10900000
GPSC01C2608A,20260615,0.06,0.07,0.06,0.06,723800
GPSC01C2609A,20260615,0.29,0.29,0.27,0.27,8955400
GPSC01C2609T,20260615,0.17,0.17,0.15,0.15,1950500
GPSC01P2608A,20260615,0.11,0.11,0.11,0.11,2314400
GPSC13C2608A,20260615,0.08,0.08,0.08,0.08,412000
GPSC13C2608B,20260615,0.32,0.33,0.29,0.3,8941900
GPSC13C2701T,20260615,0.26,0.26,0.24,0.24,5717800
GPSC13P2608A,20260615,0.11,0.12,0.11,0.11,517000
GPSC13P2609A,20260615,0.06,0.06,0.06,0.06,714800
GPSC19C2608B,20260615,0.39,0.39,0.36,0.36,2915000
GPSC41C2608B,20260615,0.33,0.33,0.3,0.3,13230000
GPSC41C2703T,20260615,0.35,0.35,0.34,0.34,5900200
GULF01C2608A,20260615,0.82,0.82,0.77,0.8,1260800
GULF01C2608B,20260615,0.44,0.44,0.39,0.41,3929600
GULF01C2609A,20260615,0.39,0.39,0.36,0.37,9313900
GULF01C2702T,20260615,0.66,0.66,0.64,0.64,9570200
GULF01P2609A,20260615,0.12,0.12,0.12,0.12,5195800
GULF13C2607A,20260615,0.61,0.61,0.56,0.56,24000
GULF13C2608A,20260615,0.45,0.45,0.41,0.44,16123800
GULF13C2609A,20260615,0.31,0.31,0.29,0.3,47732600
GULF19C2607B,20260615,0.18,0.18,0.15,0.17,7676200
GULF41C2607A,20260615,0.58,0.59,0.58,0.59,600000
GULF41C2608A,20260615,0.44,0.44,0.41,0.43,4102000
GULF41C2609A,20260615,0.29,0.29,0.27,0.29,4435000
GULF41C2609T,20260615,0.46,0.47,0.44,0.46,2295800
GUNKUL01C2608A,20260615,1.42,1.42,1.11,1.2,1420500
GUNKUL01C2704T,20260615,0.65,0.65,0.58,0.61,7171500
GUNKUL41C2702T,20260615,0.74,0.74,0.64,0.69,11400000
HANA01C2608A,20260615,3.3,3.3,2.98,2.98,128800
HANA01C2609A,20260615,0.62,0.62,0.54,0.58,5140000
HANA13C2608A,20260615,2.16,2.18,2.16,2.18,10000
HANA13C2608C,20260615,0.6,0.6,0.52,0.55,88500
HANA13C2701T,20260615,1.35,1.35,1.23,1.28,1300
HANA13P2607A,20260615,0.02,0.02,0.02,0.02,100
HANA13P2608A,20260615,0.04,0.04,0.04,0.04,305500
HANA19C2608A,20260615,1.96,1.96,1.79,1.79,1000
HANA41C2612T,20260615,1.08,1.08,1.07,1.07,1500
HANA41C2702T,20260615,0.49,0.49,0.46,0.48,8967100
HMPRO01C2609A,20260615,0.13,0.13,0.12,0.12,3311900
HMPRO13C2609A,20260615,0.12,0.12,0.11,0.11,2502500
HSI18C2606A,20260615,0.1,0.1,0.1,0.1,121400
HSI18P2606A,20260615,0.13,0.13,0.13,0.13,500
HSI28C2606B,20260615,0.02,0.02,0.01,0.01,208400
HSI28C2606C,20260615,0.01,0.01,0.01,0.01,14000
HSI28C2607A,20260615,0.08,0.09,0.08,0.08,6164300
HSI28P2606B,20260615,0.2,0.2,0.18,0.18,2085500
HSI28P2607A,20260615,0.21,0.21,0.2,0.2,111700
ICHI13C2608A,20260615,0.02,0.02,0.02,0.02,150000
ICHI13C2609A,20260615,0.1,0.1,0.1,0.1,63000
ICHI19C2609T,20260615,0.11,0.11,0.11,0.11,3851000
IRPC01C2607A,20260615,0.53,0.53,0.46,0.48,1182600
IRPC01C2609A,20260615,0.34,0.34,0.34,0.34,10000
IRPC01C2609B,20260615,0.21,0.21,0.19,0.19,6425700
IRPC01C2703T,20260615,0.13,0.13,0.13,0.13,6807700
IRPC13C2608A,20260615,0.37,0.37,0.37,0.37,82000
IRPC13C2608B,20260615,0.15,0.16,0.14,0.15,5333100
IRPC13C2609A,20260615,0.17,0.2,0.17,0.18,6557700
IRPC13C2609B,20260615,0.09,0.09,0.09,0.09,1247100
IRPC13C2701T,20260615,0.57,0.57,0.55,0.55,300
IRPC19C2609T,20260615,0.45,0.45,0.42,0.43,1725700
IRPC41C2609A,20260615,0.16,0.16,0.16,0.16,150000
IRPC41C2609B,20260615,0.08,0.08,0.08,0.08,60000
IRPC41C2703T,20260615,0.62,0.63,0.62,0.62,700000
ITC13C2608A,20260615,0.09,0.09,0.08,0.08,163800
ITC19C2609T,20260615,0.18,0.18,0.18,0.18,438200
ITC41C2612T,20260615,0.18,0.18,0.18,0.18,3910000
IVL01C2607A,20260615,0.04,0.04,0.03,0.03,72100
IVL01C2608A,20260615,0.02,0.02,0.02,0.02,90000
IVL01C2609A,20260615,0.52,0.52,0.45,0.45,2789100
IVL01P2607A,20260615,0.01,0.02,0.01,0.02,3700100
IVL01P2608A,20260615,0.12,0.14,0.12,0.14,4969800
IVL01P2609A,20260615,0.23,0.27,0.23,0.26,3453600
IVL13C2607A,20260615,0.01,0.01,0.01,0.01,13000
IVL13C2608A,20260615,0.27,0.27,0.2,0.2,3079600
IVL13C2609A,20260615,0.26,0.26,0.23,0.23,4957500
IVL13C2609B,20260615,0.09,0.09,0.08,0.08,6124800
IVL13P2607A,20260615,0.02,0.02,0.02,0.02,100
IVL13P2608A,20260615,0.16,0.18,0.16,0.18,2576100
IVL19C2607A,20260615,0.05,0.05,0.03,0.03,1252100
IVL19C2609A,20260615,0.09,0.09,0.08,0.08,6452700
IVL19P2608A,20260615,0.18,0.21,0.18,0.21,2417500
IVL41C2607A,20260615,0.01,0.01,0.01,0.01,3000
IVL41C2609A,20260615,0.23,0.23,0.22,0.22,1950000
IVL41C2702T,20260615,0.33,0.34,0.32,0.32,3847000
IVL41P2607A,20260615,0.02,0.02,0.02,0.02,100
JAS13C2608A,20260615,0.05,0.05,0.04,0.05,554200
JAS13C2609A,20260615,0.22,0.23,0.19,0.19,10048000
JAS19C2701T,20260615,0.37,0.37,0.35,0.35,2412500
JAS41C2611T,20260615,0.11,0.11,0.1,0.1,2626600
JMART01C2608A,20260615,0.25,0.28,0.24,0.26,10628400
JMART01C2705T,20260615,0.44,0.47,0.44,0.46,6421600
JMART13C2608A,20260615,0.24,0.27,0.23,0.26,12740900
JMART13C2609A,20260615,0.74,0.79,0.7,0.74,2200
JMART13C2701T,20260615,0.32,0.32,0.3,0.3,2100
JMART19C2609A,20260615,0.67,0.67,0.67,0.67,100
JMART19C2612A,20260615,0.48,0.52,0.47,0.51,21184200
JMART41C2609T,20260615,0.18,0.19,0.18,0.19,11104600
JMART41C2703T,20260615,0.49,0.49,0.46,0.48,250100
JMT01C2608A,20260615,0.1,0.1,0.09,0.1,6167200
JMT01C2701T,20260615,0.43,0.43,0.4,0.42,7894600
JMT13C2608A,20260615,0.14,0.14,0.12,0.14,13378600
JMT13C2701T,20260615,0.34,0.34,0.34,0.34,1300
JMT19C2608A,20260615,0.13,0.13,0.11,0.13,9829400
JMT41C2608A,20260615,0.13,0.13,0.11,0.12,5400000
JMT41C2611T,20260615,0.14,0.14,0.13,0.14,1507100
JMT41C2703T,20260615,0.61,0.61,0.59,0.59,1280000
KBANK01C2607A,20260615,0.16,0.16,0.15,0.15,101100
KBANK01C2608A,20260615,0.1,0.1,0.09,0.09,466000
KBANK01C2609A,20260615,0.78,0.78,0.73,0.73,1133000
KBANK01C2610A,20260615,0.59,0.59,0.55,0.55,1654400
KBANK01C2702T,20260615,0.28,0.28,0.27,0.27,1608000
KBANK01P2610A,20260615,0.37,0.38,0.37,0.38,3681700
KBANK13C2607A,20260615,0.04,0.04,0.02,0.02,442400
KBANK13C2607B,20260615,0.11,0.11,0.07,0.08,25200
KBANK13P2607A,20260615,0.01,0.01,0.01,0.01,331000
KBANK13P2609A,20260615,0.14,0.15,0.14,0.15,2134100
KBANK19C2608A,20260615,0.08,0.08,0.08,0.08,31000
KBANK41C2607B,20260615,0.1,0.1,0.1,0.1,300000
KBANK41C2609A,20260615,0.69,0.69,0.65,0.65,2100
KBANK41C2609T,20260615,0.8,0.8,0.8,0.8,300000
KBANK41C2703T,20260615,0.47,0.47,0.44,0.46,2747600
KCE13C2609A,20260615,0.67,0.67,0.63,0.65,324500
KCE13P2608A,20260615,0.01,0.01,0.01,0.01,3000
KCE41C2609T,20260615,1.68,1.68,1.68,1.68,300
KCE41C2702T,20260615,0.45,0.45,0.42,0.42,2911000
KKP01C2607A,20260615,0.98,1.02,0.9,0.9,1667600
KKP01C2610A,20260615,0.8,0.83,0.75,0.76,2531800
KKP01P2609A,20260615,0.09,0.09,0.09,0.09,20000
KKP13C2609A,20260615,0.61,0.62,0.56,0.58,14637600
KKP13P2609A,20260615,0.09,0.09,0.09,0.09,412000
KKP19C2609T,20260615,1.31,1.31,1.31,1.31,400
KTB01C2608A,20260615,0.24,0.25,0.24,0.25,1672000
KTB01C2701T,20260615,0.37,0.38,0.37,0.38,1924100
KTB13C2608A,20260615,0.14,0.16,0.14,0.15,5703100
KTB41C2608A,20260615,0.13,0.14,0.13,0.14,2360000
KTB41C2612T,20260615,0.53,0.53,0.53,0.53,300000
KTC01C2607A,20260615,0.11,0.11,0.1,0.1,810600
KTC01C2608A,20260615,0.05,0.05,0.05,0.05,500
KTC01C2609T,20260615,0.15,0.15,0.15,0.15,503900
KTC01P2608A,20260615,0.13,0.13,0.13,0.13,750800
KTC13C2607A,20260615,0.1,0.1,0.09,0.09,546000
KTC13C2608A,20260615,0.06,0.06,0.06,0.06,100000
KTC13P2608A,20260615,0.09,0.09,0.09,0.09,108200
KTC41C2607A,20260615,0.1,0.1,0.08,0.08,600000
KUAISH28C2610A,20260615,0.29,0.3,0.29,0.29,1227100
KUAISH41C2609T,20260615,0.18,0.18,0.18,0.18,200
LH01C2609A,20260615,0.04,0.05,0.04,0.05,200
M01C2609A,20260615,0.07,0.07,0.07,0.07,100
M13C2608A,20260615,0.04,0.04,0.04,0.04,150100
M13C2608B,20260615,0.25,0.29,0.25,0.28,1256100
M41C2612T,20260615,0.24,0.25,0.24,0.25,4500000
MEGA01C2702T,20260615,0.17,0.17,0.17,0.17,491300
MEGA13C2608A,20260615,0.02,0.02,0.02,0.02,50000
MEITUA28C2609A,20260615,0.22,0.23,0.21,0.23,500000
MEITUA41C2609A,20260615,0.22,0.23,0.22,0.23,600
MINT01C2608A,20260615,0.02,0.02,0.02,0.02,109900
MINT01C2609A,20260615,0.29,0.4,0.29,0.4,18763600
MINT01P2609A,20260615,0.23,0.23,0.16,0.17,10665200
MINT13C2608A,20260615,0.15,0.21,0.15,0.2,9772100
MINT13C2608B,20260615,0.22,0.33,0.22,0.32,26219700
MINT19C2607A,20260615,0.02,0.02,0.02,0.02,192600
MINT41C2608A,20260615,0.14,0.2,0.14,0.19,5605000
MINT41C2612T,20260615,0.08,0.08,0.08,0.08,420000
MTC01C2608A,20260615,0.05,0.06,0.05,0.05,81000
MTC01P2610A,20260615,0.24,0.24,0.24,0.24,10241500
MTC13C2608A,20260615,0.09,0.1,0.09,0.09,7385400
MTC41C2612T,20260615,0.18,0.18,0.18,0.18,5902400
NDX28C2609A,20260615,2.08,2.08,2.08,2.08,22600
NDX28P2609A,20260615,0.36,0.36,0.35,0.35,77300
NDX41C2606B,20260615,4.08,4.08,4.08,4.08,1100
NDX41P2609T,20260615,0.14,0.14,0.14,0.14,26100
NIKKEI41C2609A,20260615,2.34,2.34,2.34,2.34,100
NIKKEI41C2609B,20260615,1.97,1.97,1.97,1.97,100
NIKKEI41C2609C,20260615,1.85,1.85,1.78,1.78,77200
NIKKEI41P2609A,20260615,0.2,0.21,0.2,0.21,198500
NIKKEI41P2609B,20260615,0.16,0.17,0.16,0.17,56200
NIKKEI41P2609C,20260615,0.17,0.18,0.17,0.18,3900
OR01C2607A,20260615,0.01,0.01,0.01,0.01,100000
OR01C2609A,20260615,0.15,0.15,0.15,0.15,60000
OR01C2705T,20260615,0.19,0.19,0.19,0.19,779800
OR13C2608B,20260615,0.1,0.1,0.09,0.1,1934500
OR19C2608A,20260615,0.1,0.1,0.1,0.1,260400
OR41C2608T,20260615,0.12,0.12,0.11,0.12,1802000
OSP01C2609A,20260615,0.24,0.24,0.22,0.22,2316400
OSP13C2607A,20260615,0.01,0.01,0.01,0.01,1150000
OSP13C2608A,20260615,0.12,0.12,0.12,0.12,269400
OSP41C2701T,20260615,0.28,0.28,0.28,0.28,100
PLANB13C2607A,20260615,0.12,0.12,0.09,0.09,529400
PLANB13C2608A,20260615,0.09,0.09,0.08,0.08,729800
PLANB19C2608A,20260615,0.32,0.32,0.26,0.27,4013000
PLANB41C2612T,20260615,0.13,0.13,0.13,0.13,30000
POPMAR41C2609T,20260615,0.43,0.44,0.43,0.43,2600
PRM01C2609A,20260615,0.28,0.28,0.27,0.28,1789400
PRM01C2702T,20260615,0.34,0.34,0.34,0.34,2921400
PRM13C2608A,20260615,0.16,0.17,0.16,0.17,5084800
PRM19C2701T,20260615,0.43,0.43,0.41,0.43,3928000
PRM41C2612T,20260615,0.53,0.54,0.53,0.54,1120000
PTG01C2704T,20260615,0.2,0.2,0.2,0.2,150000
PTG13C2608A,20260615,0.03,0.03,0.03,0.03,51000
PTG19C2609A,20260615,0.08,0.08,0.08,0.08,3000
PTG41C2701T,20260615,0.19,0.19,0.19,0.19,1500000
PTT01P2609A,20260615,0.1,0.1,0.1,0.1,100
PTT13C2609A,20260615,0.14,0.14,0.11,0.11,482900
PTT13C2701T,20260615,0.23,0.23,0.22,0.23,600
PTT41C2608A,20260615,0.03,0.03,0.03,0.03,46000
PTTEP01C2607A,20260615,0.41,0.41,0.35,0.35,11100
PTTEP01C2608A,20260615,0.14,0.14,0.12,0.12,4399300
PTTEP01C2609A,20260615,0.1,0.1,0.09,0.09,1841000
PTTEP01C2703T,20260615,0.36,0.36,0.34,0.34,3541500
PTTEP01P2608A,20260615,0.28,0.33,0.28,0.33,2912200
PTTEP01P2703T,20260615,0.53,0.56,0.53,0.56,1440000
PTTEP13C2608A,20260615,0.24,0.24,0.18,0.18,2919600
PTTEP13C2608B,20260615,0.12,0.12,0.1,0.1,1392800
PTTEP13C2608C,20260615,0.04,0.04,0.03,0.04,45000
PTTEP13P2608A,20260615,0.09,0.12,0.09,0.12,1154000
PTTEP19C2607B,20260615,0.07,0.07,0.06,0.06,369700
PTTEP19C2608A,20260615,0.1,0.11,0.08,0.08,1856900
PTTEP19C2608B,20260615,0.04,0.04,0.03,0.03,211200
PTTEP41C2608A,20260615,0.21,0.21,0.18,0.18,600100
PTTEP41C2608B,20260615,0.1,0.1,0.09,0.09,1505300
PTTEP41C2703T,20260615,0.31,0.32,0.29,0.3,6102400
PTTGC01C2607A,20260615,0.09,0.09,0.06,0.06,2385200
PTTGC01C2609A,20260615,0.08,0.08,0.06,0.07,1227600
PTTGC01C2704T,20260615,0.21,0.21,0.2,0.2,1279000
PTTGC01P2609A,20260615,0.12,0.14,0.12,0.13,2575100
PTTGC13C2607A,20260615,0.18,0.18,0.16,0.16,1137800
PTTGC13C2608A,20260615,0.12,0.12,0.11,0.12,4016100
PTTGC13C2609A,20260615,0.12,0.12,0.1,0.1,4302700
PTTGC13P2607A,20260615,0.02,0.02,0.02,0.02,100
PTTGC13P2608A,20260615,0.14,0.16,0.14,0.16,3769600
PTTGC19C2608A,20260615,0.21,0.21,0.2,0.2,291200
PTTGC19C2609A,20260615,0.14,0.14,0.11,0.11,1284700
PTTGC41C2609A,20260615,0.1,0.1,0.09,0.09,771000
PTTGC41C2611T,20260615,0.22,0.22,0.21,0.21,2801500
PTTGC41C2612T,20260615,0.51,0.51,0.46,0.46,8802000
PTTGC41C2702T,20260615,0.18,0.18,0.17,0.18,2910200
RCL01C2608A,20260615,0.21,0.21,0.15,0.15,4123500
RCL01C2610T,20260615,0.4,0.4,0.34,0.34,4039800
RCL13C2608A,20260615,0.16,0.16,0.11,0.11,6134700
RCL19C2609A,20260615,0.21,0.21,0.16,0.16,6402400
RCL41C2612T,20260615,0.3,0.3,0.26,0.26,4241000
SAWAD01C2609A,20260615,0.05,0.06,0.05,0.06,50200
SAWAD01C2609B,20260615,0.13,0.17,0.13,0.16,6818400
SAWAD01P2608A,20260615,0.23,0.23,0.2,0.2,4853500
SAWAD13C2607B,20260615,0.01,0.01,0.01,0.01,20000
SAWAD13C2609A,20260615,0.13,0.17,0.13,0.17,12996500
SAWAD13P2608A,20260615,0.12,0.12,0.1,0.1,1810500
SAWAD41C2609A,20260615,0.13,0.15,0.13,0.15,3360000
SAWAD41C2610T,20260615,0.15,0.15,0.15,0.15,600000
SAWAD41P2608A,20260615,0.11,0.11,0.11,0.11,100
SCB01C2607A,20260615,0.13,0.13,0.11,0.11,2985900
SCB01C2608A,20260615,0.1,0.1,0.1,0.1,2290900
SCB01C2610A,20260615,0.36,0.36,0.34,0.34,1467500
SCB01C2703T,20260615,0.31,0.31,0.31,0.31,1368400
SCB01P2610A,20260615,0.3,0.3,0.3,0.3,2117800
SCB13C2607A,20260615,0.02,0.02,0.02,0.02,221000
SCB13C2607B,20260615,0.02,0.02,0.02,0.02,31200
SCB13C2609A,20260615,0.27,0.27,0.25,0.25,3945000
SCB13P2609A,20260615,0.18,0.18,0.18,0.18,602400
SCB19C2612T,20260615,0.37,0.37,0.36,0.36,759000
SCB41C2609T,20260615,0.53,0.53,0.51,0.51,919000
SCC01C2607A,20260615,0.1,0.11,0.09,0.1,4698700
SCC01C2609A,20260615,1.47,1.62,1.47,1.59,711300
SCC01C2609B,20260615,0.54,0.59,0.54,0.57,1407800
SCC01C2610A,20260615,0.49,0.51,0.46,0.5,3945300
SCC01C2704T,20260615,0.48,0.49,0.47,0.49,1839100
SCC01P2607A,20260615,0.01,0.01,0.01,0.01,1930800
SCC01P2610A,20260615,0.3,0.31,0.28,0.28,3122800
SCC13C2607A,20260615,0.2,0.26,0.19,0.25,7704600
SCC13C2609A,20260615,0.28,0.3,0.26,0.29,10995700
SCC19C2607A,20260615,0.09,0.09,0.08,0.08,401800
SCC41C2607A,20260615,0.2,0.25,0.19,0.23,793400
SCC41C2611T,20260615,0.29,0.3,0.29,0.3,2100000
SCC41C2612T,20260615,0.81,0.85,0.81,0.84,750000
SCGP01C2608A,20260615,0.6,0.6,0.54,0.57,216300
SCGP01C2609A,20260615,0.98,1.02,0.96,1.02,414000
SCGP13C2608A,20260615,1.06,1.06,0.97,0.97,100500
SCGP41C2607A,20260615,0.33,0.33,0.33,0.33,1100000
SCGP41C2608A,20260615,0.97,0.97,0.97,0.97,900000
SCGP41C2609T,20260615,0.88,0.88,0.88,0.88,1700000
SET01C2607A,20260615,2.62,2.62,1.99,2.16,85300
SET01C2607B,20260615,0.29,0.29,0.2,0.2,542600
SET01C2706L,20260615,2.14,2.14,2.14,2.14,3000
SET01P2607A,20260615,0.02,0.02,0.01,0.01,134000
SET01P2607B,20260615,0.01,0.02,0.01,0.02,32100
SET01P2706L,20260615,1.26,1.29,1.26,1.29,25600
SET5001C2606F,20260615,0.41,0.43,0.27,0.28,10405000
SET5001C2606G,20260615,0.02,0.02,0.02,0.02,10000
SET5001C2606H,20260615,0.03,0.03,0.02,0.02,23000
SET5001C2606I,20260615,0.27,0.28,0.25,0.25,926600
SET5001C2606J,20260615,1.06,1.09,0.89,0.91,14444900
SET5001C2607A,20260615,0.73,0.73,0.55,0.55,127500
SET5001C2607C,20260615,0.41,0.41,0.32,0.33,5112600
SET5001P2606G,20260615,0.02,0.02,0.02,0.02,300000
SET5001P2607A,20260615,0.01,0.01,0.01,0.01,3000
SET5001P2607B,20260615,0.01,0.02,0.01,0.02,30100
SET5001P2607C,20260615,0.02,0.02,0.02,0.02,500
SET5013C2606A,20260615,0.35,0.35,0.2,0.28,113300
SET5013C2606B,20260615,0.13,0.13,0.07,0.08,21837500
SET5013C2606C,20260615,0.05,0.05,0.05,0.05,30100
SET5013C2606D,20260615,0.04,0.04,0.02,0.02,1600500
SET5013C2606G,20260615,0.01,0.01,0.01,0.01,4600
SET5013C2606I,20260615,0.09,0.09,0.05,0.06,4432600
SET5013C2606J,20260615,0.28,0.28,0.2,0.2,155785600
SET5013C2606K,20260615,0.31,0.31,0.21,0.21,86752900
SET5013C2606L,20260615,0.04,0.04,0.03,0.03,430200
SET5013P2606A,20260615,0.01,0.01,0.01,0.01,100
SET5013P2606C,20260615,0.01,0.02,0.01,0.02,101300
SET5013P2606D,20260615,0.01,0.01,0.01,0.01,861400
SET5013P2606E,20260615,0.01,0.02,0.01,0.02,76700
SET5013P2606G,20260615,0.01,0.01,0.01,0.01,71000
SET5013P2606H,20260615,0.01,0.02,0.01,0.02,185200
SET5013P2606I,20260615,0.01,0.01,0.01,0.01,73100
SET5013P2606J,20260615,0.01,0.01,0.01,0.01,3100
SET5013P2606K,20260615,0.01,0.01,0.01,0.01,149500
SET5013P2606L,20260615,0.01,0.01,0.01,0.01,120000
SET5013P2606M,20260615,0.01,0.01,0.01,0.01,50000
SET5013P2606N,20260615,0.01,0.01,0.01,0.01,10000
SET5013P2606O,20260615,0.01,0.02,0.01,0.02,200
SET5013P2606X,20260615,2.76,2.96,2.76,2.92,12400
SET5019C2606A,20260615,0.4,0.4,0.28,0.31,464100
SET5019C2606B,20260615,0.26,0.26,0.18,0.2,20300
SET5019C2606C,20260615,0.01,0.01,0.01,0.01,900
SET5019C2606D,20260615,0.22,0.22,0.14,0.14,11969000
SET5019C2606E,20260615,0.09,0.09,0.06,0.06,7219500
SET5041C2606A,20260615,0.52,0.52,0.52,0.52,1000
SET5041C2606B,20260615,0.13,0.13,0.13,0.13,65000
SET5041C2609T,20260615,1.3,1.3,1.23,1.23,19200
SET5041P2606F,20260615,0.01,0.01,0.01,0.01,20000
SET5041P2606N,20260615,0.01,0.02,0.01,0.02,3600
SET5041P2609T,20260615,0.12,0.13,0.11,0.11,42500
SISB13C2608A,20260615,0.04,0.04,0.04,0.04,40000
SISB19C2612A,20260615,0.17,0.18,0.17,0.18,82100
SJWD13C2608A,20260615,0.1,0.11,0.1,0.11,1529600
SPRC01C2610A,20260615,0.19,0.19,0.17,0.18,6150300
SPRC01C2703T,20260615,0.21,0.22,0.21,0.21,2781800
SPRC13C2607A,20260615,0.03,0.03,0.03,0.03,150000
SPRC13C2608A,20260615,0.06,0.06,0.05,0.06,1311500
SPRC13C2609A,20260615,0.2,0.2,0.16,0.19,5998900
SPRC19C2609A,20260615,0.22,0.22,0.18,0.21,6464500
SPRC41C2612T,20260615,0.53,0.53,0.5,0.52,8945800
SPX28C2609A,20260615,1.26,1.29,1.26,1.28,2300
SPX41C2606A,20260615,0.55,0.55,0.55,0.55,4000
SPX41C2606B,20260615,1.73,1.73,1.73,1.73,130000
STA01C2607A,20260615,0.53,0.53,0.48,0.48,310600
STA01C2609A,20260615,0.36,0.36,0.33,0.33,809000
STA13C2608B,20260615,0.28,0.28,0.25,0.25,789100
STA19C2612A,20260615,0.7,0.7,0.67,0.67,193000
STA41C2612T,20260615,0.39,0.39,0.38,0.38,601400
STECON01C2609A,20260615,0.56,0.59,0.51,0.55,3969300
STECON13C2609A,20260615,0.61,0.65,0.58,0.59,3035000
STGT01C2608A,20260615,0.31,0.31,0.31,0.31,819200
STGT01C2609A,20260615,0.13,0.13,0.13,0.13,4203700
STGT13C2607B,20260615,0.03,0.03,0.03,0.03,80000
STGT19C2609A,20260615,0.21,0.22,0.21,0.22,1055000
TCAP13C2609A,20260615,0.29,0.3,0.29,0.29,1087500
TENCEN28C2610A,20260615,0.11,0.11,0.11,0.11,200000
TENCEN41C2609A,20260615,0.09,0.09,0.09,0.09,100
TFG13C2609A,20260615,0.28,0.29,0.26,0.27,8586000
TFG41C2608A,20260615,0.82,0.83,0.82,0.83,300000
TFG41C2609A,20260615,0.27,0.27,0.27,0.27,300000
TFG41C2612T,20260615,1.54,1.54,1.54,1.54,100000
TFG41C2701T,20260615,0.48,0.48,0.47,0.48,3000000
TIDLOR01C2608A,20260615,0.04,0.04,0.04,0.04,1000
TIDLOR01C2609A,20260615,0.45,0.48,0.44,0.47,9648000
TIDLOR01C2610T,20260615,0.16,0.16,0.15,0.16,4747100
TIDLOR01P2608A,20260615,0.21,0.22,0.2,0.2,7735600
TIDLOR13C2607A,20260615,0.02,0.02,0.02,0.02,200000
TIDLOR13C2608A,20260615,0.3,0.31,0.28,0.31,16586300
TIDLOR13C2701T,20260615,0.3,0.3,0.28,0.3,4683500
TIDLOR13P2608A,20260615,0.1,0.1,0.1,0.1,100
TIDLOR19C2609T,20260615,0.13,0.14,0.13,0.14,13981400
TIDLOR19C2612T,20260615,0.43,0.45,0.41,0.45,26274300
TIDLOR41C2608A,20260615,0.29,0.3,0.27,0.3,11539400
TIDLOR41C2612T,20260615,0.2,0.2,0.19,0.2,5715100
TISCO13C2609A,20260615,0.15,0.15,0.15,0.15,100
TLI13C2609A,20260615,0.25,0.25,0.22,0.23,1701000
TLI41C2609A,20260615,0.23,0.23,0.21,0.21,1600000
TOA01C2702T,20260615,0.2,0.21,0.2,0.21,1789200
TOP01C2608A,20260615,0.05,0.05,0.05,0.05,100
TOP01C2609A,20260615,0.03,0.03,0.03,0.03,97800
TOP01C2610A,20260615,0.22,0.22,0.2,0.21,3665900
TOP01C2701T,20260615,0.28,0.28,0.26,0.27,6847300
TOP01P2609A,20260615,0.43,0.49,0.43,0.46,2443800
TOP01P2609B,20260615,0.36,0.39,0.36,0.38,4944700
TOP13C2607A,20260615,0.02,0.02,0.02,0.02,90000
TOP13C2609A,20260615,0.21,0.21,0.17,0.19,3712500
TOP13P2608A,20260615,0.22,0.26,0.22,0.22,3453300
TOP19C2608A,20260615,0.07,0.07,0.07,0.07,600000
TOP19C2612T,20260615,0.61,0.61,0.56,0.59,8176400
TOP41C2609T,20260615,0.94,0.94,0.92,0.93,2401000
TOP41C2611T,20260615,0.47,0.47,0.47,0.47,1000
TOP41C2703T,20260615,0.23,0.23,0.22,0.23,3005200
TRUE01C2607A,20260615,0.22,0.22,0.22,0.22,92300
TRUE01C2608A,20260615,0.1,0.1,0.1,0.1,50000
TRUE01C2703T,20260615,0.26,0.26,0.26,0.26,357600
TRUE01P2608A,20260615,0.11,0.11,0.11,0.11,200000
TRUE13C2607B,20260615,0.22,0.22,0.2,0.2,1122000
TRUE13C2608A,20260615,0.11,0.11,0.1,0.1,32500
TRUE19C2607A,20260615,0.28,0.28,0.28,0.28,103000
TRUE19C2608A,20260615,0.11,0.11,0.1,0.1,111400
TRUE41C2607B,20260615,0.2,0.2,0.2,0.2,150000
TRUE41C2612T,20260615,0.31,0.32,0.3,0.3,2000400
TTB13C2607A,20260615,0.06,0.06,0.06,0.06,70000
TTB13C2609A,20260615,0.18,0.19,0.17,0.18,3017200
TU01C2609A,20260615,0.06,0.07,0.06,0.07,200
TU13C2607A,20260615,0.01,0.01,0.01,0.01,200000
TU13C2608A,20260615,0.07,0.07,0.06,0.06,309000
VGI01C2609A,20260615,0.13,0.14,0.13,0.13,8037800
VGI13C2608A,20260615,0.02,0.02,0.01,0.01,1003800
VGI13C2608B,20260615,0.06,0.06,0.05,0.06,2743300
VGI19C2607A,20260615,0.03,0.03,0.03,0.03,60000
VGI19C2607B,20260615,0.01,0.01,0.01,0.01,10000100
VGI19C2609A,20260615,0.13,0.14,0.13,0.13,2029300
VGI19C2610T,20260615,0.05,0.05,0.04,0.04,60100
VGI41C2612T,20260615,0.01,0.01,0.01,0.01,4000000
VGI41C2703T,20260615,0.27,0.27,0.26,0.27,1502000
WHA01C2608A,20260615,0.46,0.46,0.41,0.41,2027200
WHA01C2610T,20260615,0.95,0.95,0.9,0.9,940300
WHA01P2608A,20260615,0.03,0.04,0.03,0.04,146500
WHA13C2608A,20260615,0.54,0.54,0.47,0.47,3780500
WHA41C2608A,20260615,0.5,0.5,0.5,0.5,1000
WHA41C2608T,20260615,0.36,0.36,0.36,0.36,16700
WHA41C2612T,20260615,0.53,0.53,0.51,0.51,2300000
WHA41C2701T,20260615,0.8,0.8,0.78,0.78,265000
XIAOMI28C2609A,20260615,0.07,0.08,0.07,0.08,500
XIAOMI41C2609T,20260615,0.11,0.11,0.11,0.11,3300
ZIJIN41C2606A,20260615,0.02,0.02,0.02,0.02,200
ZIJIN41C2610A,20260615,0.28,0.3,0.28,0.29,2700
A5-W5-O,20260615,0.04,0.04,0.04,0.04,1
ACC-W2-O,20260615,0.08,0.08,0.08,0.08,1
ASW-W3-O,20260615,0.51,0.51,0.51,0.51,21
B-W8-O,20260615,0.01,0.01,0.01,0.01,40
BC-W4-O,20260615,0.05,0.05,0.05,0.05,1
BWG-W7-O,20260615,0.04,0.04,0.03,0.03,976
CHASE-W1-O,20260615,0.13,0.13,0.13,0.13,1
CHAYO-W4-O,20260615,0.2,0.24,0.2,0.24,51
CIG-W9-O,20260615,0.01,0.01,0.01,0.01,1
COMAN-W1-O,20260615,0.03,0.03,0.03,0.03,1
DEMCO-W8-O,20260615,1.04,1.25,0.96,1.25,473
EA-W1-O,20260615,0.62,0.67,0.62,0.62,172
HYDRO-W2-O,20260615,0.01,0.01,0.01,0.01,10
ITEL-W6-O,20260615,0.19,0.19,0.18,0.18,153
JAS-W4-O,20260615,0.22,0.22,0.21,0.21,67
KGEN-W2-O,20260615,0.11,0.14,0.07,0.14,106
KUN-W3-O,20260615,0.01,0.01,0.01,0.01,96
NOBLE-W3-O,20260615,0.08,0.08,0.07,0.08,200
ORI-W2-O,20260615,0.18,0.21,0.18,0.19,579
PEER-W2-O,20260615,0.01,0.01,0.01,0.01,129
PROEN-W2-O,20260615,0.08,0.08,0.08,0.08,25
PROUD-W3-O,20260615,0.11,0.11,0.11,0.11,25
SAMTEL-W2-O,20260615,0.2,0.2,0.2,0.2,3
TFG-W4-O,20260615,4.72,4.72,4.7,4.7,70
TL-W2-O,20260615,0.05,0.06,0.05,0.05,321
TNITY-W2-O,20260615,0.05,0.08,0.05,0.08,54
VIBHA-W5-O,20260615,0.05,0.05,0.05,0.05,82
XBIO-W7-O,20260615,0.01,0.01,0.01,0.01,117
ZIGA-W2-O,20260615,0.04,0.05,0.04,0.04,285
A5-W5,20260615,0.03,0.04,0.03,0.04,1650000
ACC-W2,20260615,0.07,0.07,0.06,0.07,721800
ASW-W3,20260615,0.46,0.58,0.46,0.58,22600
B-W8,20260615,0.01,0.01,0.01,0.01,10400
BC-W4,20260615,0.05,0.05,0.05,0.05,1200
BTC-W7,20260615,0.01,0.01,0.01,0.01,100
BTS-W8,20260615,0.01,0.01,0.01,0.01,27000
BWG-W7,20260615,0.03,0.04,0.03,0.03,2987700
CAZ-W1,20260615,0.68,0.69,0.66,0.66,107000
CHASE-W1,20260615,0.14,0.14,0.13,0.13,181500
CHAYO-W4,20260615,0.25,0.26,0.24,0.25,763300
CIG-W10,20260615,0.4,0.4,0.4,0.4,100
CIG-W9,20260615,0.01,0.02,0.01,0.02,13400
COMAN-W1,20260615,0.06,0.06,0.04,0.05,51000
DEMCO-W8,20260615,1.04,1.33,1.04,1.27,4253600
EA-W1,20260615,0.69,0.7,0.64,0.64,23115000
EMPIRE-W1,20260615,0.02,0.02,0.01,0.01,2729400
EMPIRE-W2,20260615,0.06,0.07,0.06,0.07,184200
GLORY-W1,20260615,0.24,0.24,0.21,0.21,329500
HYDRO-W2,20260615,0.04,0.04,0.02,0.04,1844600
IROYAL-W1,20260615,1.24,1.27,1.24,1.27,13600
IROYAL-W2,20260615,0.77,0.79,0.76,0.79,25600
ITEL-W6,20260615,0.19,0.19,0.18,0.19,1920100
JAS-W4,20260615,0.23,0.24,0.21,0.22,16976000
KASET-W1,20260615,0.1,0.11,0.09,0.1,424000
KGEN-W2,20260615,0.12,0.14,0.11,0.13,20972200
MADAME-W6,20260615,0.07,0.08,0.07,0.08,202900
MGI-W1,20260615,0.11,0.12,0.11,0.12,817000
NOBLE-W3,20260615,0.09,0.1,0.08,0.09,2013500
NRF-W2,20260615,0.06,0.06,0.04,0.05,31100
ORI-W2,20260615,0.19,0.21,0.19,0.2,990500
PEER-W2,20260615,0.01,0.01,0.01,0.01,500
PLANET-W2,20260615,0.23,0.27,0.23,0.25,14800
PLANET-W3,20260615,0.2,0.2,0.2,0.2,100
PPPM-W6,20260615,0.01,0.03,0.01,0.03,1046600
PRG-W5,20260615,4.2,4.2,4.2,4.2,500
PROEN-W2,20260615,0.08,0.08,0.07,0.07,489900
PROUD-W3,20260615,0.13,0.13,0.11,0.12,221600
PSTC-W3,20260615,0.03,0.04,0.02,0.03,1449000
QDC-W3,20260615,0.06,0.07,0.06,0.07,223300
ROCTEC-W5,20260615,0.01,0.01,0.01,0.01,2120900
SAAM-W3,20260615,0.12,0.14,0.11,0.13,716300
SAAM-W4,20260615,0.12,0.13,0.12,0.13,33100
SAMTEL-W2,20260615,0.23,0.24,0.2,0.21,542700
SGC-W2,20260615,0.34,0.36,0.34,0.35,3991100
STELLA-W6,20260615,0.04,0.04,0.04,0.04,4599600
TAKUNI-W2,20260615,0.24,0.27,0.24,0.27,20300
TCC-W5,20260615,0.16,0.16,0.15,0.16,1600
TFG-W4,20260615,4.74,4.8,4.68,4.68,207000
TGE-W2,20260615,0.03,0.03,0.02,0.02,954600
TL-W2,20260615,0.06,0.07,0.06,0.07,123000
TNITY-W2,20260615,0.09,0.1,0.09,0.1,1900
TPL-W1,20260615,0.11,0.11,0.11,0.11,300
TRUBB-W3,20260615,0.51,0.52,0.51,0.52,881200
TVDH-W5,20260615,0.02,0.02,0.02,0.02,100
TWZ-W8,20260615,0.01,0.01,0.01,0.01,100
UREKA-W3,20260615,0.29,0.32,0.25,0.25,2900700
VGI-W3,20260615,0.01,0.01,0.01,0.01,5820900
VIBHA-W5,20260615,0.06,0.06,0.05,0.05,313200
WAVE-W4,20260615,0.01,0.01,0.01,0.01,1000
XBIO-W6,20260615,0.02,0.03,0.02,0.03,2900
XBIO-W7,20260615,0.01,0.02,0.01,0.01,95300
XBIO-W8,20260615,0.15,0.15,0.14,0.14,573400
ZIGA-W2,20260615,0.04,0.05,0.04,0.04,1109500
1DIV-O,20260615,12.82,12.82,12.77,12.77,203
2I01BSET50-O,20260615,2.58,2.58,2.58,2.58,1
2X01BSET50-O,20260615,3.14,7.77,3.14,7.77,6
BMSCITH-O,20260615,13.2,13.5,13.11,13.2,77
CHINA-O,20260615,7.66,7.74,7.66,7.74,39
GLD-O,20260615,5.56,5.63,5.56,5.62,556
TDEX-O,20260615,10.22,10.56,10.1,10.12,560
UBOT-O,20260615,14.5,14.5,14.5,14.5,1
UHERO-O,20260615,8.04,8.04,5.65,5.65,59
1DIV,20260615,12.81,12.82,12.74,12.76,38800
1I01BSET50,20260615,3.63,3.64,3.63,3.64,1500
2I01BSET50,20260615,2.59,2.66,2.58,2.65,367400
2X01BSET50,20260615,7.97,7.97,7.79,7.8,111800
ABFTH,20260615,1317,1317,1317,1317,100
BMSCG,20260615,8.8,8.8,8.8,8.8,300
BMSCITH,20260615,13.11,13.2,13.06,13.06,122200
BSET100,20260615,11.49,11.54,11.47,11.5,292800
CHINA,20260615,7.64,7.74,7.64,7.72,166000
GLD,20260615,5.59,5.63,5.57,5.62,2856300
TDEX,20260615,10.15,10.2,10.07,10.13,7055300
UBOT,20260615,14.32,14.32,14.32,14.32,100
UHERO,20260615,7.95,7.96,7.95,7.96,1900
2S-O,20260615,3.04,3.94,3.04,3.94,139
3BBIF-O,20260615,6.45,6.5,6.45,6.45,882
88TH-O,20260615,4.38,4.38,4.32,4.32,112
A-O,20260615,2.5,2.5,2.5,2.5,1
A5-O,20260615,1.82,1.82,1.82,1.82,1
AAI-O,20260615,3.5,3.52,3.48,3.5,122
AAV-O,20260615,1.12,1.15,1.1,1.12,726
ACC-O,20260615,0.38,0.38,0.36,0.36,22
ACE-O,20260615,1.29,1.29,1.29,1.29,1
ACG-O,20260615,0.76,0.76,0.76,0.76,1
ADB-O,20260615,0.76,0.76,0.53,0.53,54
ADD-O,20260615,3.32,3.32,3.32,3.32,1
ADVANC-O,20260615,369,370,360,361,9616
ADVICE-O,20260615,6.7,6.7,6.35,6.35,242
AE-O,20260615,0.1,0.1,0.09,0.09,307
AEONTS-O,20260615,95.5,95.75,95.25,95.5,259
AF-O,20260615,0.34,0.34,0.34,0.34,1
AFC-O,20260615,3.92,3.92,3.92,3.92,1
AGE-O,20260615,1.22,1.24,1.2,1.24,119
AH-O,20260615,13.9,14.2,13.9,14.1,71
AI-O,20260615,2.96,2.96,2.88,2.88,80
AIE-O,20260615,1.46,1.46,1.14,1.14,2
AIMCG-O,20260615,1.36,1.36,1.36,1.36,1
AIMIRT-O,20260615,11.5,11.5,11.5,11.5,1
AIRA-O,20260615,1.07,1.07,1.07,1.07,1
AIT-O,20260615,4.74,4.74,4.7,4.7,117
AJ-O,20260615,2.7,3,2.66,3,140
AJA-O,20260615,0.13,0.13,0.13,0.13,1
AKP-O,20260615,0.75,0.75,0.73,0.73,3
AKR-O,20260615,0.89,0.89,0.89,0.89,37
AKS-O,20260615,0.01,0.02,0.01,0.01,999
ALLY-O,20260615,4.74,4.74,4.72,4.74,87
ALPHAX-O,20260615,0.27,0.27,0.27,0.27,1
ALT-O,20260615,1.62,1.62,1.62,1.62,7
ALUCON-O,20260615,231,274,231,237,7
AMA-O,20260615,3.86,3.86,3.86,3.86,28
AMANAH-O,20260615,0.61,0.66,0.61,0.65,100
AMARC-O,20260615,3.28,3.32,3.28,3.32,119
AMARIN-O,20260615,2.68,2.68,2.68,2.68,1
AMATA-O,20260615,26.75,27.75,26.5,26.75,1290
AMATAR-O,20260615,7.3,7.3,7.15,7.15,14
AMATAV-O,20260615,2.1,2.1,2.1,2.1,7
AMC-O,20260615,2.2,2.2,2.2,2.2,1
AMR-O,20260615,0.4,0.4,0.4,0.4,1
ANAN-O,20260615,0.32,0.32,0.32,0.32,94
ANI-O,20260615,2.76,2.76,1.96,1.96,2
AOT-O,20260615,58.75,60,58.75,59,3860
AP-O,20260615,7.2,7.25,7.1,7.15,1522
APCO-O,20260615,2.56,2.56,2.56,2.56,1
APCS-O,20260615,1.03,1.03,1.03,1.03,2
APO-O,20260615,2.04,2.04,2,2.02,16
APP-O,20260615,2.56,2.56,2.5,2.5,5
APURE-O,20260615,1.42,1.42,1.42,1.42,1
AQUA-O,20260615,0.1,0.1,0.1,0.1,1
ARIN-O,20260615,0.5,0.5,0.48,0.48,2
ARIP-O,20260615,0.45,0.45,0.44,0.44,12
ARROW-O,20260615,5.8,5.85,5.8,5.85,20
AS-O,20260615,2.3,2.3,2.3,2.3,1
ASEFA-O,20260615,6,6,5.75,5.75,63
ASIA-O,20260615,5.35,5.35,5.35,5.35,1
ASIAN-O,20260615,7,7,6.9,6.9,63
ASK-O,20260615,9.65,9.65,9,9.45,82
ASN-O,20260615,0.76,0.76,0.55,0.55,2
ASP-O,20260615,2.16,2.16,2.16,2.16,66
ASW-O,20260615,6.6,6.85,6.6,6.85,132
ATLAS-O,20260615,1.82,1.83,1.8,1.83,169
AU-O,20260615,4.68,4.68,4.6,4.66,12
AUCT-O,20260615,4.02,4.38,4.02,4.24,273
AURA-O,20260615,14.2,14.2,13.7,13.7,227
AWC-O,20260615,2.44,2.56,2.44,2.56,1231
AXTRART-O,20260615,12.8,12.8,12.8,12.8,19
AYUD-O,20260615,40,40,39.5,39.5,10
B-O,20260615,0.03,0.04,0.03,0.03,182
B-WORK-O,20260615,6.2,6.2,6.05,6.05,30
B52-O,20260615,0.23,0.23,0.23,0.23,1
BA-O,20260615,17.1,17.5,17,17.4,823
BAFS-O,20260615,9.05,9.3,9.05,9.3,172
BAM-O,20260615,6.65,6.7,6.6,6.6,300
BANPU-O,20260615,5.45,5.55,5.3,5.35,2423
BAREIT-O,20260615,10.9,10.9,10.9,10.9,29
BAY-O,20260615,39,39,37.5,37.75,1345
BBGI-O,20260615,4.1,4.1,3.98,3.98,154
BBIK-O,20260615,19.2,19.2,18.9,19.1,231
BBL-O,20260615,173.5,174.5,172.5,173,1967
BC-O,20260615,0.66,0.66,0.66,0.66,1
BCH-O,20260615,9.2,9.3,9.15,9.2,1002
BCP-O,20260615,32.75,32.75,32.25,32.75,1630
BCPG-O,20260615,6.65,6.9,6.65,6.75,846
BDMS-O,20260615,18.1,18.3,18.1,18.3,6247
BE8-O,20260615,5.75,6,4.06,6,248
BEAUTY-O,20260615,0.36,0.37,0.36,0.36,45
BEC-O,20260615,1.97,1.97,1.95,1.95,13
BEM-O,20260615,5.45,5.7,5.45,5.7,2016
BEYOND-O,20260615,8.7,8.7,8.7,8.7,53
BGC-O,20260615,7.1,7.1,6.95,6.95,11
BGRIM-O,20260615,15.4,16.7,15.4,16.5,3806
BGT-O,20260615,0.36,0.36,0.36,0.36,1
BH-O,20260615,181.5,184.5,181,184,3301
BIOTEC-O,20260615,0.25,0.25,0.25,0.25,1
BIS-O,20260615,2,2,2,2,11
BIZ-O,20260615,6.15,6.15,4.8,4.8,129
BJC-O,20260615,14.2,14.4,14.1,14.2,333
BJCHI-O,20260615,0.8,0.8,0.55,0.55,6
BKA-O,20260615,0.71,0.71,0.71,0.71,1
BKGI-O,20260615,2.18,2.18,2.1,2.1,27
BKIH-O,20260615,374,374,372,374,30
BLA-O,20260615,24.3,24.9,23.6,23.8,378
BLAND-O,20260615,0.45,0.45,0.43,0.44,157
BLC-O,20260615,3.98,4.02,3.84,3.84,23
BLESS-O,20260615,0.23,0.23,0.23,0.23,1
BM-O,20260615,1.03,1.03,1.01,1.02,24
BOFFICE-O,20260615,3.8,6.5,3.8,5.15,128
BPP-O,20260615,11.3,11.3,11.1,11.1,236
BPS-O,20260615,0.46,0.46,0.46,0.46,2
BR-O,20260615,1.87,1.87,1.87,1.87,46
BRI-O,20260615,1.27,1.27,1.25,1.27,51
BRR-O,20260615,3.6,3.6,3.6,3.6,14
BSBM-O,20260615,0.6,0.6,0.6,0.6,1
BTC-O,20260615,0.16,0.16,0.15,0.16,93
BTG-O,20260615,20.1,20.5,20,20.4,790
BTNC-O,20260615,14.4,14.4,14.4,14.4,1
BTS-O,20260615,2.08,2.08,2.04,2.06,767
BTSGIF-O,20260615,2.46,2.46,2.44,2.44,33
BTW-O,20260615,0.07,0.07,0.06,0.06,15
BUI-O,20260615,9,11,9,10.8,75
BVG-O,20260615,1.59,1.59,1.59,1.59,6
BWG-O,20260615,0.31,0.31,0.3,0.3,147
BYD-O,20260615,0.5,0.5,0.47,0.47,112
CAZ-O,20260615,1.58,1.58,1.49,1.49,2
CBG-O,20260615,40.75,40.75,40.25,40.5,347
CCET-O,20260615,9.7,10.1,9.6,9.9,2572
CEN-O,20260615,0.6,0.6,0.59,0.59,19
CENTEL-O,20260615,34.25,36.25,34.25,36.25,1128
CFARM-O,20260615,0.82,0.82,0.56,0.56,2
CFRESH-O,20260615,0.96,0.97,0.96,0.96,42
CGD-O,20260615,0.11,0.11,0.11,0.11,1
CH-O,20260615,1.45,1.5,1.45,1.5,52
CHAO-O,20260615,4.22,4.22,3.98,3.98,90
CHARAN-O,20260615,16.5,16.5,16.5,16.5,1
CHASE-O,20260615,0.35,0.48,0.35,0.48,70
CHAYO-O,20260615,1.25,1.27,1.22,1.22,65
CHG-O,20260615,1.44,1.45,1.42,1.45,678
CHIC-O,20260615,0.32,0.32,0.32,0.32,1
CHO-O,20260615,0.03,0.04,0.03,0.03,373
CHOW-O,20260615,0.95,0.95,0.95,0.95,1
CI-O,20260615,0.24,0.3,0.24,0.3,5
CIG-O,20260615,0.02,0.02,0.02,0.02,1
CITY-O,20260615,1.2,1.2,1.2,1.2,1
CIVIL-O,20260615,1.12,1.21,0.99,0.99,186
CK-O,20260615,19,19.5,19,19.5,846
CKP-O,20260615,2.34,2.34,2.3,2.32,58
CM-O,20260615,1.59,1.59,1.58,1.58,3
CMAN-O,20260615,2.88,2.88,2.88,2.88,1
CMO-O,20260615,0.65,0.83,0.65,0.8,58
CMR-O,20260615,1.3,1.3,1.29,1.29,7
CNT-O,20260615,1.67,1.67,1.2,1.2,2
COCOCO-O,20260615,5.8,5.8,5.55,5.6,116
COM7-O,20260615,27,27.5,26.25,26.5,650
CPALL-O,20260615,46,46.25,45.5,46,7168
CPANEL-O,20260615,0.96,0.96,0.96,0.96,1
CPAXT-O,20260615,14.7,14.8,14.7,14.8,2646
CPF-O,20260615,19.1,19.1,18.9,19.1,1859
CPH-O,20260615,7.7,7.7,7.7,7.7,1
CPI-O,20260615,3.48,3.48,3.46,3.48,114
CPL-O,20260615,0.6,0.66,0.6,0.66,3
CPN-O,20260615,65.5,65.75,65,65.5,1335
CPNCG-O,20260615,5.5,5.5,5.5,5.5,89
CPNREIT-O,20260615,12.7,12.7,12.6,12.6,459
CPR-O,20260615,2.62,2.62,2.62,2.62,1
CPTREIT-O,20260615,6.5,6.5,6.5,6.5,1
CPW-O,20260615,2.4,2.4,2.4,2.4,2
CRANE-O,20260615,0.3,0.3,0.3,0.3,1
CRC-O,20260615,21.4,21.5,21.1,21.4,694
CRD-O,20260615,0.46,0.46,0.46,0.46,1
CREDIT-O,20260615,18.9,19.5,18.8,18.8,31
CSS-O,20260615,0.92,0.92,0.91,0.91,19
CTW-O,20260615,7.1,7.1,6.8,6.8,79
CWT-O,20260615,0.52,0.52,0.52,0.52,1
D-O,20260615,2.88,2.88,2.84,2.84,87
DCC-O,20260615,1.34,1.37,1.34,1.35,104
DCON-O,20260615,0.19,0.19,0.19,0.19,1
DDD-O,20260615,4.8,4.8,4.8,4.8,1
DELTA-O,20260615,369,371,361,361,29106
DEMCO-O,20260615,2.9,2.9,2.9,2.9,1
DHOUSE-O,20260615,0.34,0.34,0.34,0.34,10
DIF-O,20260615,10.2,10.2,10,10.1,1623
DITTO-O,20260615,13.6,13.9,12.8,13.5,507
DMT-O,20260615,11.4,11.6,11.4,11.5,176
DOD-O,20260615,1.57,1.57,1.57,1.57,1
DOHOME-O,20260615,3.46,3.5,3.36,3.42,745
DPAINT-O,20260615,0.14,0.26,0.14,0.25,110
DRT-O,20260615,5,5.05,4.98,4.98,50
DTCENT-O,20260615,0.94,0.94,0.92,0.93,28
DUSIT-O,20260615,10.3,10.7,10.3,10.7,65
EA-O,20260615,3.2,3.3,3.04,3.06,2784
EAST-O,20260615,0.7,0.7,0.7,0.7,1
EASTW-O,20260615,4.32,4.54,4.3,4.32,444
ECF-O,20260615,0.03,0.04,0.03,0.04,159
EFORL-O,20260615,0.13,0.14,0.13,0.14,9
EGATIF-O,20260615,6.25,6.25,6.2,6.2,11
EGCO-O,20260615,117,118,117,117.5,390
EKH-O,20260615,4.96,4.96,4.94,4.94,124
EMC-O,20260615,0.02,0.02,0.01,0.01,2
EMPIRE-O,20260615,0.23,0.24,0.21,0.22,330
EP-O,20260615,1.08,1.08,1.08,1.08,24
EPG-O,20260615,5.75,5.95,5.6,5.7,426
ERW-O,20260615,2.92,3.08,2.9,2.98,563
ETC-O,20260615,0.72,0.72,0.64,0.64,5
ETE-O,20260615,0.56,0.57,0.56,0.57,2
ETL-O,20260615,0.3,0.37,0.3,0.37,233
EURO-O,20260615,5.1,5.1,5.1,5.1,2
EVER-O,20260615,0.05,0.05,0.05,0.05,1
FANCY-O,20260615,0.34,0.34,0.24,0.25,105
FM-O,20260615,4.12,4.12,4.12,4.12,20
FN-O,20260615,0.48,0.48,0.48,0.48,1
FNS-O,20260615,0.5,0.5,0.5,0.5,50
FORTH-O,20260615,14.8,15.5,14,15.4,353
FPI-O,20260615,1.49,1.49,1.49,1.49,10
FPT-O,20260615,6.3,6.3,6.3,6.3,2
FSMART-O,20260615,7.75,7.75,7,7,110
FSX-O,20260615,1.1,1.1,0.77,0.77,42
FTE-O,20260615,2.42,2.42,2.02,2.02,14
FTREIT-O,20260615,11.8,11.8,11.7,11.7,492
FUTURERT-O,20260615,8.85,8.85,8.85,8.85,55
FVC-O,20260615,0.3,0.3,0.3,0.3,1
GABLE-O,20260615,4.02,4.02,3.98,4.02,181
GAHREIT-O,20260615,4.5,4.5,4.2,4.2,11
GBX-O,20260615,0.57,0.57,0.56,0.56,100
GC-O,20260615,4.52,4.52,4.5,4.52,116
GCAP-O,20260615,0.28,0.28,0.19,0.19,10
GEL-O,20260615,0.02,0.03,0.02,0.02,122
GFC-O,20260615,2.4,2.44,2.4,2.4,47
GFPT-O,20260615,8.65,8.65,8.6,8.65,113
GGC-O,20260615,3.72,3.72,3.72,3.72,16
GJS-O,20260615,0.12,0.12,0.12,0.12,2
GLOBAL-O,20260615,6.5,6.5,6.3,6.45,729
GLORY-O,20260615,1.1,1.1,1.1,1.1,1
GPI-O,20260615,1.7,1.7,1.69,1.7,11
GPSC-O,20260615,41.75,42.5,41.5,42,867
GRAMMY-O,20260615,3.04,3.12,3,3,73
GRAND-O,20260615,0.02,0.03,0.02,0.02,83
GREEN-O,20260615,0.75,0.75,0.72,0.72,2
GTB-O,20260615,0.7,0.7,0.7,0.7,1
GTV-O,20260615,0.02,0.02,0.02,0.02,2
GULF-O,20260615,65,65.5,64.5,65,10381
GUNKUL-O,20260615,4.14,4.14,3.88,3.96,2886
GVREIT-O,20260615,7.05,7.05,7.05,7.05,18
GYT-O,20260615,177.5,177.5,177.5,177.5,1
HANA-O,20260615,38,38.25,37,37.75,3691
HANN-O,20260615,0.91,0.91,0.88,0.9,202
HARN-O,20260615,2.08,2.08,1.9,1.9,115
HENG-O,20260615,0.9,0.93,0.9,0.93,2
HFT-O,20260615,4.14,4.14,4.04,4.04,2
HL-O,20260615,5.65,5.65,5.55,5.55,24
HMPRO-O,20260615,6.1,6.1,6,6.05,1017
HPF-O,20260615,6.1,6.1,6.1,6.1,2
HPT-O,20260615,0.15,0.15,0.14,0.14,21
HTC-O,20260615,15.9,15.9,15.8,15.8,27
HTECH-O,20260615,3.52,3.54,3.42,3.54,100
HUMAN-O,20260615,4.88,4.88,4.34,4.88,4
HYDRO-O,20260615,0.05,0.06,0.05,0.05,323
I2-O,20260615,0.8,0.8,0.72,0.72,2
ICHI-O,20260615,13,13.2,13,13.2,1290
ICN-O,20260615,2.04,2.04,2.04,2.04,1
IDG-O,20260615,1.2,1.2,1.2,1.2,11
IFS-O,20260615,1.83,1.83,1.83,1.83,1
IHL-O,20260615,1.37,1.37,1.32,1.33,66
IIG-O,20260615,1.45,1.45,1.37,1.37,2
III-O,20260615,4.3,4.3,4.26,4.26,6
ILINK-O,20260615,4.8,4.8,4.76,4.76,2
ILM-O,20260615,12.6,12.6,12.5,12.6,11
IMH-O,20260615,2.86,2.88,2.86,2.88,9
IMPACT-O,20260615,11.4,11.4,11.4,11.4,25
IND-O,20260615,0.59,0.84,0.59,0.84,8
INET-O,20260615,4.02,4.1,4.02,4.04,22
INETREIT-O,20260615,12.5,12.6,12.4,12.5,1737
INOX-O,20260615,4.3,4.48,4.3,4.48,51
INSET-O,20260615,3.54,4.56,3.5,3.58,542
IP-O,20260615,4.42,4.46,4.42,4.42,8
IRC-O,20260615,11.8,12,11.8,12,19
IRCP-O,20260615,0.24,0.24,0.24,0.24,24
IROYAL-O,20260615,4.66,4.66,4.66,4.66,1
IRPC-O,20260615,1.74,1.77,1.72,1.73,2456
ISSARA-O,20260615,6.85,6.85,6.85,6.85,1
IT-O,20260615,5.55,5.55,5.5,5.5,42
ITC-O,20260615,16.5,16.5,16.3,16.4,169
ITD-O,20260615,0.37,0.38,0.27,0.32,315
ITEL-O,20260615,1.33,1.33,1.33,1.33,130
ITTHI-O,20260615,1.2,1.2,1.19,1.19,2
IVF-O,20260615,0.63,0.64,0.46,0.46,7
IVL-O,20260615,22.5,22.5,21.7,21.8,2042
J-O,20260615,0.65,0.65,0.65,0.65,1
JAK-O,20260615,0.74,0.74,0.52,0.52,2
JAS-O,20260615,1.27,1.27,1.21,1.22,1814
JCK-O,20260615,0.14,0.14,0.14,0.14,1
JCT-O,20260615,81.25,81.25,81.25,81.25,1
JDF-O,20260615,1.96,1.96,1.94,1.95,4
JMART-O,20260615,9.05,9.25,9,9.15,841
JMT-O,20260615,11.1,11.1,10.8,11,545
JPARK-O,20260615,3.06,3.1,3,3.1,8
JR-O,20260615,1.69,1.69,1.64,1.64,3
JSP-O,20260615,1.82,1.83,1.75,1.75,106
JTS-O,20260615,38,38.25,37.25,37.25,332
JUBILE-O,20260615,7.2,7.2,7.2,7.2,5
K-O,20260615,0.94,0.94,0.8,0.8,2
KAMART-O,20260615,7.3,7.6,7.25,7.3,52
KASET-O,20260615,0.65,0.65,0.64,0.65,94
KBANK-O,20260615,201,204,201,202,5028
KBS-O,20260615,5.7,5.75,5.7,5.75,35
KBSPIF-O,20260615,9.4,9.4,9.35,9.35,52
KC-O,20260615,0.01,0.01,0.01,0.01,3
KCAR-O,20260615,4.78,4.78,4.78,4.78,1
KCC-O,20260615,3.04,3.04,2.96,2.96,22
KCE-O,20260615,37.75,38,36.5,36.75,1121
KCG-O,20260615,10.6,10.6,7.55,10.5,29
KCM-O,20260615,0.25,0.25,0.2,0.2,2
KDH-O,20260615,83.5,83.5,83.5,83.5,1
KGEN-O,20260615,1.87,1.91,1.86,1.91,350
KGI-O,20260615,4.28,4.4,4.28,4.32,140
KIAT-O,20260615,0.34,0.34,0.34,0.34,42
KISS-O,20260615,3.4,3.42,3.36,3.36,14
KJL-O,20260615,6,6,6,6,1
KK-O,20260615,1.03,1.03,1.03,1.03,1
KKP-O,20260615,88.75,90,88.25,88.5,6459
KLINIQ-O,20260615,26,26.25,26,26,68
KOOL-O,20260615,0.21,0.28,0.21,0.28,76
KPNREIT-O,20260615,1.98,1.98,1.98,1.98,1
KSL-O,20260615,1.57,1.62,1.54,1.59,130
KTB-O,20260615,35.5,36,35.25,35.75,10394
KTBSTMR-O,20260615,5.9,5.9,5.9,5.9,4
KTC-O,20260615,30.5,30.5,30,30,827
KTIS-O,20260615,1.9,1.9,1.9,1.9,2
KTMS-O,20260615,1.21,1.22,1.21,1.22,2
KUMWEL-O,20260615,1.98,1.98,1.98,1.98,1
KUN-O,20260615,0.4,0.56,0.4,0.55,91
KWM-O,20260615,0.75,0.75,0.7,0.7,4
KYE-O,20260615,308,308,305,307,38
L&E-O,20260615,1.17,1.17,1.14,1.14,31
LALIN-O,20260615,3.44,4.32,3.44,4.32,129
LANNA-O,20260615,14.5,14.5,14.3,14.4,502
LDC-O,20260615,0.25,0.25,0.25,0.25,2
LEE-O,20260615,2.46,2.46,2.46,2.46,1
LEO-O,20260615,1.85,1.88,1.8,1.88,7
LH-O,20260615,3.62,3.66,3.62,3.64,1482
LHFG-O,20260615,1.16,1.18,1.14,1.16,241
LHHOTEL-O,20260615,13.2,13.3,13.2,13.2,77
LHK-O,20260615,3.42,3.46,3.42,3.46,171
LHRREIT-O,20260615,4.38,4.38,4.38,4.38,2
LHSC-O,20260615,14.6,14.7,14.6,14.7,120
LIT-O,20260615,0.5,0.63,0.5,0.63,46
LPH-O,20260615,3.58,3.58,3.58,3.58,2
LPN-O,20260615,1.52,1.52,1.51,1.51,292
LTMH-O,20260615,5,5,4.98,4.98,2
LTS-O,20260615,2.82,2.82,2.68,2.68,130
LUXF-O,20260615,9.1,9.1,9.1,9.1,1
M-CHAI-O,20260615,18.4,18.7,18.4,18.7,6
M-O,20260615,21.1,21.4,20.7,21.4,669
M-PAT-O,20260615,1.8,1.8,0.98,0.98,2
M-STOR-O,20260615,6.05,6.05,6.05,6.05,1
MADAME-O,20260615,0.5,0.51,0.5,0.51,140
MAGURO-O,20260615,17.3,17.3,17.3,17.3,72
MAJOR-O,20260615,6.75,6.75,6.65,6.7,51
MALEE-O,20260615,4.02,4.08,4.02,4.08,24
MASTEC-O,20260615,1.53,1.64,1.49,1.63,13
MASTER-O,20260615,8.55,8.6,8.4,8.45,112
MATCH-O,20260615,0.89,0.89,0.63,0.63,2
MATI-O,20260615,2.92,2.92,2.92,2.92,1
MBAX-O,20260615,1.91,1.91,1.53,1.53,2
MBK-O,20260615,18.7,19.4,18.5,18.8,91
MC-O,20260615,11.1,11.2,11.1,11.2,437
MCA-O,20260615,0.84,0.84,0.84,0.84,1
MCOT-O,20260615,5.8,5.8,5.8,5.8,2
MCS-O,20260615,7.5,7.55,7.5,7.55,141
MDX-O,20260615,2.4,2.42,2.4,2.42,2
MEB-O,20260615,11.6,11.7,11.6,11.7,24
MEDEZE-O,20260615,6.15,6.15,6.15,6.15,9
MEGA-O,20260615,34.5,35,34,34,422
MENA-O,20260615,0.67,0.67,0.66,0.66,31
META-O,20260615,0.02,0.02,0.02,0.02,2
METCO-O,20260615,295,295,295,295,7
MFC-O,20260615,19.2,19.5,19.2,19.5,57
MFEC-O,20260615,5.8,5.8,5.8,5.8,1
MGC-O,20260615,6.6,6.6,6.45,6.55,54
MGI-O,20260615,5.45,5.45,5.35,5.45,22
MGT-O,20260615,1.78,1.78,1.78,1.78,1
MICRO-O,20260615,0.98,0.98,0.97,0.98,17
MIDA-O,20260615,0.35,0.35,0.33,0.33,2
MII-O,20260615,5.8,5.8,5.8,5.8,53
MILL-O,20260615,0.01,0.03,0.01,0.02,202
MINT-O,20260615,22.8,24.3,22.7,24.1,5823
MITSIB-O,20260615,0.52,0.53,0.38,0.38,77
MJD-O,20260615,0.31,0.31,0.29,0.29,2
MJLF-O,20260615,5.55,5.65,5.55,5.6,177
ML-O,20260615,1.54,1.54,1.4,1.4,190
MMM-O,20260615,2.8,2.8,2.74,2.74,7
MNIT-O,20260615,1.89,1.89,1.89,1.89,1
MODERN-O,20260615,2.06,2.06,2.06,2.06,1
MONO-O,20260615,0.92,0.93,0.87,0.9,529
MOONG-O,20260615,2.28,2.28,2.28,2.28,150
MORE-O,20260615,0.06,0.06,0.04,0.04,2
MOSHI-O,20260615,37,37,36.75,36.75,66
MOTHER-O,20260615,1.14,1.14,1.08,1.08,2
MRDIYT-O,20260615,8.9,8.95,8.9,8.9,207
MSC-O,20260615,6.45,6.45,6.4,6.4,26
MST-O,20260615,7.15,7.15,7.15,7.15,1
MTC-O,20260615,28.25,29.5,28.25,29.25,1493
MTI-O,20260615,15.9,16.1,15.8,16.1,44
MTW-O,20260615,0.56,0.56,0.56,0.56,2
MUD-O,20260615,0.6,0.64,0.6,0.64,2
MVP-O,20260615,0.03,0.03,0.03,0.03,2
NAM-O,20260615,3.56,3.56,3.56,3.56,1
NAT-O,20260615,1.8,1.8,1.8,1.8,1
NATION-O,20260615,0.04,0.04,0.03,0.03,49
NC-O,20260615,1.77,1.77,1.21,1.21,142
NCAP-O,20260615,2.7,2.72,2.66,2.72,204
NCH-O,20260615,0.4,0.4,0.28,0.37,3
NCL-O,20260615,0.1,0.15,0.1,0.15,51
NCP-O,20260615,1.11,1.11,1.11,1.11,1
NDR-O,20260615,1.9,1.9,1.35,1.35,2
NEO-O,20260615,17.7,17.8,17.7,17.7,129
NER-O,20260615,4.44,4.44,4.4,4.44,258
NETBAY-O,20260615,9.4,9.4,6.6,9.35,82
NEW-O,20260615,96.75,96.75,96.75,96.75,1
NEX-O,20260615,1.03,1.03,1.03,1.03,1
NKI-O,20260615,16.3,16.3,13.7,13.7,2
NKT-O,20260615,3.86,3.88,2.7,3.86,28
NL-O,20260615,0.69,0.69,0.49,0.49,2
NNCL-O,20260615,1.61,1.62,1.59,1.62,33
NOBLE-O,20260615,1.79,1.79,1.77,1.77,69
NOVA-O,20260615,7.1,7.1,7.1,7.1,2
NRF-O,20260615,0.24,0.24,0.17,0.17,110
NSL-O,20260615,22,22,21.3,21.3,329
NTF-O,20260615,13.3,13.3,13.3,13.3,1
NTSC-O,20260615,6.2,6.2,6.1,6.2,28
NTV-O,20260615,18.6,18.6,18.4,18.4,102
NV-O,20260615,0.51,0.51,0.5,0.5,10
NVD-O,20260615,0.57,0.57,0.4,0.4,2
NYT-O,20260615,3.74,3.76,3.74,3.74,245
OCC-O,20260615,7,9.9,7,9.9,2
OGC-O,20260615,6.35,9,6.35,8.65,40
OHTL-O,20260615,257,257,257,257,1
OKJ-O,20260615,3.92,3.96,3.8,3.82,308
ONEE-O,20260615,2.68,2.76,2.68,2.74,273
ONSENS-O,20260615,1.14,1.14,1.14,1.14,1
OR-O,20260615,12.2,12.3,12.1,12.2,1420
ORI-O,20260615,1.67,1.67,1.64,1.66,221
ORN-O,20260615,0.55,0.78,0.55,0.55,33
OSP-O,20260615,15.2,15.5,15.2,15.4,556
PACO-O,20260615,1.35,1.35,1.35,1.35,1
PAF-O,20260615,0.79,0.79,0.79,0.79,1
PANEL-O,20260615,1.19,1.19,1.19,1.19,1
PAP-O,20260615,2.46,2.5,2.46,2.46,6
PATO-O,20260615,6.15,6.15,6.15,6.15,30
PB-O,20260615,48.75,48.75,47.75,47.75,2
PCC-O,20260615,2.94,2.94,2.92,2.92,2
PCE-O,20260615,2.18,2.2,2.16,2.16,70
PCSGH-O,20260615,3,3,3,3,1
PDG-O,20260615,4.04,4.04,3.14,3.14,62
PDJ-O,20260615,0.95,0.95,0.92,0.92,5
PEACE-O,20260615,1.56,1.56,1.1,1.56,21
PEER-O,20260615,0.09,0.1,0.09,0.09,21
PERM-O,20260615,0.24,0.24,0.24,0.24,2
PF-O,20260615,0.04,0.05,0.04,0.04,106
PG-O,20260615,6.75,6.75,6.75,6.75,1
PHG-O,20260615,7.25,10.2,7.25,10.2,99
PHOL-O,20260615,3.16,3.16,3,3,102
PIMO-O,20260615,1.1,1.1,1.08,1.08,2
PIN-O,20260615,4.32,4.32,4.2,4.2,2
PIS-O,20260615,4.04,4.04,3.98,3.98,3
PJW-O,20260615,2.02,2.02,1.99,1.99,2
PK-O,20260615,0.45,0.45,0.45,0.45,1
PL-O,20260615,1.27,1.3,1.27,1.3,2
PLANB-O,20260615,4.06,4.06,3.96,3.96,568
PLANET-O,20260615,0.81,0.81,0.61,0.61,2
PLAT-O,20260615,1.16,1.16,1.14,1.14,2
PLE-O,20260615,0.11,0.11,0.1,0.1,101
PLT-O,20260615,0.55,0.55,0.54,0.54,2
PLUS-O,20260615,1.16,1.18,0.87,0.87,239
PM-O,20260615,10.6,10.8,10.6,10.8,29
PMC-O,20260615,0.88,0.88,0.87,0.87,76
POLY-O,20260615,6.9,7,6.9,7,5
PORT-O,20260615,0.67,0.67,0.67,0.67,2
PPM-O,20260615,1.74,1.74,1.74,1.74,1
PPP-O,20260615,0.81,0.81,0.81,0.81,1
PPPM-O,20260615,0.22,0.22,0.2,0.21,11
PPS-O,20260615,0.18,0.19,0.18,0.19,2
PQS-O,20260615,1.68,1.68,1.65,1.65,2
PR9-O,20260615,16.6,16.9,16.5,16.9,711
PRAKIT-O,20260615,9.95,9.95,9.95,9.95,1
PRAPAT-O,20260615,0.8,0.8,0.8,0.8,1
PREB-O,20260615,3.42,3.42,3.32,3.32,34
PRECHA-O,20260615,0.35,0.35,0.26,0.26,2
PRG-O,20260615,9.1,9.25,9.1,9.25,11
PRI-O,20260615,3.38,3.38,3.34,3.34,2
PRIME-O,20260615,0.05,0.06,0.05,0.05,3
PRIN-O,20260615,1.35,1.39,1.35,1.39,2
PRINC-O,20260615,1.7,1.7,1.23,1.7,7
PRM-O,20260615,8.4,8.45,8.35,8.45,28
PROEN-O,20260615,0.89,0.9,0.87,0.87,69
PROS-O,20260615,0.16,0.16,0.14,0.14,2
PROSPECT-O,20260615,9.45,9.55,9.45,9.55,86
PROUD-O,20260615,0.94,0.94,0.94,0.94,2
PRTR-O,20260615,3.4,3.4,3.38,3.38,2
PSGC-O,20260615,5.45,5.8,4.42,4.42,126
PSH-O,20260615,3.44,3.48,3.4,3.4,84
PSL-O,20260615,7.25,7.25,7.1,7.1,135
PSP-O,20260615,4.14,4.14,4.14,4.14,1
PSTC-O,20260615,0.32,0.33,0.31,0.32,63
PT-O,20260615,10.8,11.2,10.8,10.9,259
PTC-O,20260615,0.59,0.59,0.59,0.59,1
PTG-O,20260615,7.35,8,7.35,7.5,1175
PTL-O,20260615,9.8,9.95,9.8,9.95,77
PTT-O,20260615,36,36,34.75,35,20531
PTTEP-O,20260615,139.5,139.5,135.5,136,21271
PTTGC-O,20260615,33.25,33.25,31.5,32,3347
PYLON-O,20260615,3.24,3.34,3.24,3.34,3
Q-CON-O,20260615,6.2,6.2,6.2,6.2,3
QDC-O,20260615,0.09,0.09,0.08,0.08,78
QH-O,20260615,1.34,1.35,1.33,1.34,541
QHBREIT-O,20260615,3.78,3.78,3.78,3.78,1
QHHRREIT-O,20260615,7.9,7.9,7.9,7.9,47
QLT-O,20260615,1.53,1.53,1.05,1.05,2
QTC-O,20260615,4.6,4.6,4.6,4.6,3
QTCG-O,20260615,0.09,0.1,0.09,0.09,5
RABBIT-O,20260615,0.36,0.36,0.34,0.34,54
RAM-O,20260615,18.1,18.1,18,18,49
RATCH-O,20260615,30.5,30.75,30.25,30.5,802
RBF-O,20260615,4.58,4.58,4.46,4.54,233
RCL-O,20260615,33.5,33.5,32,32,1395
READY-O,20260615,2.94,2.94,2.9,2.94,39
RICHY-O,20260615,0.14,0.15,0.14,0.15,2
RJH-O,20260615,13.3,13.3,13.2,13.2,239
RML-O,20260615,0.1,0.11,0.1,0.11,107
ROCK-O,20260615,10.4,10.4,9.9,9.9,5
ROCTEC-O,20260615,0.68,0.68,0.47,0.47,173
ROJNA-O,20260615,5.6,5.6,5.6,5.6,141
RP-O,20260615,0.44,0.62,0.44,0.62,26
RPC-O,20260615,0.36,0.36,0.35,0.35,60
RPH-O,20260615,4.88,4.88,4.88,4.88,1
RS-O,20260615,0.1,0.14,0.1,0.14,93
RSP-O,20260615,0.96,0.96,0.96,0.96,2
RT-O,20260615,0.3,0.31,0.3,0.3,86
RWI-O,20260615,0.17,0.17,0.16,0.16,2
S-O,20260615,0.49,0.5,0.49,0.49,73
S&J-O,20260615,33,33.25,30.25,30.25,11
S11-O,20260615,4,4.04,4,4.04,2
SA-O,20260615,7.1,7.1,6.95,7.1,134
SAAM-O,20260615,4.72,4.72,4.72,4.72,2
SABINA-O,20260615,15.2,15.2,15.1,15.2,357
SAF-O,20260615,0.33,0.33,0.31,0.31,2
SAFE-O,20260615,5.65,5.65,5.6,5.6,33
SAK-O,20260615,3.14,3.14,3.12,3.12,11
SALEE-O,20260615,0.5,0.5,0.5,0.5,1
SAM-O,20260615,0.1,0.12,0.1,0.12,10
SAMART-O,20260615,5.55,5.55,5.45,5.45,24
SAMCO-O,20260615,0.57,0.81,0.57,0.81,4
SAMTEL-O,20260615,3.32,3.34,3.32,3.34,2
SANKO-O,20260615,0.89,0.89,0.82,0.82,2
SAPPE-O,20260615,30,30.75,30,30,79
SAT-O,20260615,15.8,15.8,15.6,15.7,187
SAUCE-O,20260615,41,41.5,40.5,40.5,146
SAV-O,20260615,7.65,10.9,7.65,10.6,13
SAWAD-O,20260615,21.2,21.7,21,21.7,1884
SAWANG-O,20260615,4.36,6.4,4.36,6.4,8
SC-O,20260615,1.79,1.79,1.76,1.76,471
SCAP-O,20260615,1.73,1.73,1.6,1.61,293
SCB-O,20260615,140.5,141,139.5,140,13376
SCC-O,20260615,237,242,236,239,2591
SCCC-O,20260615,146.5,147,146,146,83
SCG-O,20260615,2.28,2.3,2.26,2.26,8
SCGD-O,20260615,5,5,4.98,5,253
SCGP-O,20260615,25,25.25,24.9,25,284
SCI-O,20260615,0.97,0.97,0.97,0.97,1
SCL-O,20260615,1.51,1.51,1.51,1.51,2
SCM-O,20260615,0.11,0.12,0.11,0.12,100
SCN-O,20260615,0.42,0.43,0.42,0.42,4
SCP-O,20260615,9,9,8.95,8.95,6
SDC-O,20260615,0.03,0.03,0.02,0.02,23
SE-ED-O,20260615,1.74,1.74,1.74,1.74,1
SE-O,20260615,0.49,0.49,0.45,0.45,6
SEAFCO-O,20260615,3.02,3.02,2.86,2.96,69
SEAOIL-O,20260615,3.14,3.14,3.06,3.1,95
SECURE-O,20260615,12.8,12.8,12.8,12.8,1
SEI-O,20260615,1.61,1.61,1.61,1.61,2
SELIC-O,20260615,3.02,3.1,3.02,3.08,49
SENA-O,20260615,1.77,1.77,1.5,1.74,95
SENX-O,20260615,0.22,0.22,0.21,0.21,14
SFLEX-O,20260615,2.8,2.82,2.78,2.78,23
SFT-O,20260615,1.45,1.45,1.45,1.45,2
SGC-O,20260615,1.43,1.43,1.41,1.41,27
SGF-O,20260615,0.11,0.14,0.11,0.14,2
SGP-O,20260615,8.75,8.8,8.6,8.6,14
SHANG-O,20260615,43.5,43.5,43.5,43.5,1
SHR-O,20260615,1.6,1.64,1.6,1.64,269
SIAM-O,20260615,0.74,0.74,0.53,0.53,3
SICT-O,20260615,3.16,3.16,2.06,2.96,246
SIMAT-O,20260615,1.03,1.38,1.03,1.38,2
SINGER-O,20260615,9.15,9.4,9,9.35,593
SINO-O,20260615,0.92,0.92,0.92,0.92,2
SIRI-O,20260615,1.41,1.42,1.41,1.41,1079
SIS-O,20260615,21.1,21.2,21.1,21.1,234
SISB-O,20260615,9.7,9.8,9.6,9.7,356
SITHAI-O,20260615,1.32,1.32,1.02,1.02,10
SJWD-O,20260615,7.55,7.55,7.55,7.55,48
SK-O,20260615,0.54,0.54,0.54,0.54,2
SKE-O,20260615,0.17,0.19,0.17,0.19,4
SKIN-O,20260615,0.8,0.81,0.8,0.81,46
SKN-O,20260615,5.35,5.35,5.35,5.35,1
SKR-O,20260615,7.15,7.15,7.15,7.15,1
SKY-O,20260615,15.6,15.7,15.6,15.7,5
SLP-O,20260615,0.46,0.46,0.46,0.46,1
SMART-O,20260615,0.53,0.53,0.52,0.52,152
SMD100-O,20260615,1.16,1.17,1.15,1.15,120
SMIT-O,20260615,3.46,3.46,3.4,3.4,53
SMO-O,20260615,3.72,3.72,3.68,3.68,83
SMPC-O,20260615,9.5,9.5,9.1,9.1,4
SMT-O,20260615,3.78,3.78,3.78,3.78,32
SNC-O,20260615,6.6,6.6,6.6,6.6,4
SNNP-O,20260615,6.6,6.65,6.5,6.65,86
SNP-O,20260615,8.95,9,8.95,8.95,7
SNPS-O,20260615,4.52,4.52,4.52,4.52,2
SO-O,20260615,4.6,4.6,4.6,4.6,3
SOLAR-O,20260615,0.25,0.25,0.25,0.25,1
SONIC-O,20260615,1.5,1.5,1.42,1.42,26
SORKON-O,20260615,3.48,3.48,3.48,3.48,2
SPA-O,20260615,3.08,3.08,3.04,3.08,51
SPACK-O,20260615,1,1.17,1,1.17,2
SPALI-O,20260615,15.7,15.8,15.5,15.8,491
SPC-O,20260615,56,56,56,56,9
SPCG-O,20260615,8.9,8.9,8.8,8.9,312
SPG-O,20260615,10.8,10.8,10.8,10.8,4
SPI-O,20260615,32,32,32,32,15
SPRC-O,20260615,7,7,6.8,6.95,737
SPREME-O,20260615,1.4,1.4,1.4,1.4,10
SPRIME-O,20260615,3.98,3.98,3.98,3.98,6
SPTX-O,20260615,0.01,0.01,0.01,0.01,150
SPVI-O,20260615,4.38,4.38,2.9,2.9,3
SR-O,20260615,0.26,0.26,0.26,0.26,1
SRICHA-O,20260615,16.6,16.9,16.6,16.8,40
SRIPANWA-O,20260615,5.15,5.15,5.15,5.15,1
SRS-O,20260615,1.9,1.9,1.9,1.9,1
SSF-O,20260615,5.1,5.1,4.98,4.98,17
SSP-O,20260615,3.72,3.72,3.28,3.72,78
SSPF-O,20260615,3.58,3.58,3.58,3.58,1
SSSC-O,20260615,2.14,2.14,2.14,2.14,60
SST-O,20260615,0.71,1,0.71,1,2
SSTRT-O,20260615,4.44,4.44,4.44,4.44,2
STA-O,20260615,19,19,18.5,18.7,1300
STANLY-O,20260615,239,242,238,241,639
STARM-O,20260615,0.97,0.97,0.95,0.95,26
STC-O,20260615,0.55,0.55,0.55,0.55,1
STECON-O,20260615,17.1,17.7,16.9,17.3,2464
STGT-O,20260615,10.6,10.6,10.4,10.5,497
STI-O,20260615,1.73,1.73,1.73,1.73,1
STOWER-O,20260615,0.03,0.03,0.03,0.03,36
STPI-O,20260615,5.5,5.6,5.15,5.15,93
STX-O,20260615,0.87,0.87,0.84,0.84,17
SUC-O,20260615,27.25,27.25,27,27.25,43
SUN-O,20260615,2.42,2.44,2.42,2.44,75
SUPER-O,20260615,0.13,0.13,0.12,0.13,150
SUPEREIF-O,20260615,6.05,6.05,6.05,6.05,1
SUSCO-O,20260615,2.08,2.08,2.04,2.08,111
SVOA-O,20260615,1.73,1.74,1.73,1.74,4
SVR-O,20260615,0.3,0.3,0.3,0.3,1
SVT-O,20260615,1.32,1.36,1.24,1.24,28
SWC-O,20260615,4.48,4.48,4.04,4.04,71
SYMC-O,20260615,3.88,4.86,3.88,4.86,2
SYNEX-O,20260615,9.2,9.2,9.1,9.1,125
SYNTEC-O,20260615,1.68,1.68,1.67,1.67,90
TACC-O,20260615,5.9,5.95,5.8,5.8,665
TAE-O,20260615,1.55,1.55,1.47,1.55,22
TAKUNI-O,20260615,0.34,0.37,0.34,0.37,2
TAN-O,20260615,3.82,3.82,3.82,3.82,1
TASCO-O,20260615,13.9,14,13.8,13.9,503
TATG-O,20260615,0.96,0.98,0.96,0.98,2
TBN-O,20260615,3.54,3.62,3.54,3.62,10
TC-O,20260615,5.7,5.7,5.5,5.5,2
TCAP-O,20260615,60.75,61.5,60.5,61.25,719
TCC-O,20260615,0.34,0.34,0.34,0.34,1
TCJ-O,20260615,2.4,2.4,2.4,2.4,1
TCMC-O,20260615,0.31,0.31,0.31,0.31,1
TCOAT-O,20260615,25.25,25.25,25.25,25.25,1
TEAM-O,20260615,4.98,5,3.92,4.92,230
TEAMG-O,20260615,3.02,3.02,3,3.02,3
TEGH-O,20260615,3.14,3.14,3.12,3.12,25
TEKA-O,20260615,1.72,1.73,1.69,1.73,25
TERA-O,20260615,1.1,1.1,1.05,1.05,65
TFFIF-O,20260615,6.6,6.6,6.55,6.6,200
TFG-O,20260615,8.95,9.2,8.85,8.9,1786
TFI-O,20260615,0.04,0.05,0.04,0.05,2
TFM-O,20260615,6.5,6.6,6.5,6.55,117
TFMAMA-O,20260615,186.5,188,186.5,187,119
TGE-O,20260615,1.04,1.04,1.04,1.04,1
TGPRO-O,20260615,0.03,0.04,0.03,0.04,2
TH-O,20260615,0.34,0.41,0.34,0.41,3
THAI-O,20260615,7,7.2,6.9,7.15,3379
THANI-O,20260615,1.67,1.67,1.62,1.67,198
THCOM-O,20260615,11.9,11.9,11.6,11.6,259
THG-O,20260615,7.55,7.55,7.45,7.55,22
THIP-O,20260615,20.5,20.5,20.5,20.5,2
THMUI-O,20260615,0.22,0.22,0.22,0.22,1
THRE-O,20260615,0.36,0.36,0.36,0.36,1
THREL-O,20260615,0.9,1.01,0.8,1,211
TIDLOR-O,20260615,17.9,18,17.6,18,2331
TIF1-O,20260615,7.9,7.9,7.9,7.9,1
TIGER-O,20260615,0.33,0.33,0.33,0.33,1
TIPCO-O,20260615,6,6.05,6,6.05,10
TIPH-O,20260615,22.1,22.1,21.8,21.9,8
TISCO-O,20260615,114.5,115,114.5,115,5803
TITLE-O,20260615,7.7,7.7,7.7,7.7,64
TK-O,20260615,4.08,4.14,4.08,4.14,2
TKC-O,20260615,9.25,9.25,9.25,9.25,1
TKN-O,20260615,4.04,4.06,4,4.06,35
TKS-O,20260615,7.25,7.3,7.25,7.3,146
TKT-O,20260615,0.69,0.7,0.69,0.7,2
TL-O,20260615,0.4,0.4,0.4,0.4,1
TLHPF-O,20260615,4,4.54,4,4.54,2
TLI-O,20260615,11.2,11.2,11,11,693
TM-O,20260615,0.92,0.94,0.92,0.94,2
TMAN-O,20260615,10.8,10.8,10.7,10.7,69
TMC-O,20260615,0.5,0.7,0.5,0.7,2
TMD-O,20260615,26.75,26.75,26.75,26.75,7
TMI-O,20260615,0.4,0.47,0.4,0.47,3
TMILL-O,20260615,2.4,2.4,2.3,2.3,2
TMT-O,20260615,3.34,3.34,3.34,3.34,1
TMW-O,20260615,60,60,59.25,59.75,9
TNDT-O,20260615,0.12,0.12,0.12,0.12,1
TNH-O,20260615,33,33,33,33,10
TNITY-O,20260615,2.44,2.44,2.42,2.44,10
TNP-O,20260615,2.8,2.8,2.76,2.76,34
TNPC-O,20260615,0.88,0.94,0.88,0.94,2
TNPF-O,20260615,0.73,0.73,0.73,0.73,1
TNR-O,20260615,5.2,5.2,5.2,5.2,1
TOA-O,20260615,12.3,12.7,12.3,12.6,420
TOG-O,20260615,6.9,6.9,6.9,6.9,6
TOP-O,20260615,44,44,43.25,43.5,4115
TPA-O,20260615,2.58,2.58,2.58,2.58,1
TPAC-O,20260615,8.35,8.35,8.35,8.35,1
TPBI-O,20260615,2.98,2.98,2.98,2.98,1
TPCH-O,20260615,1.39,1.39,1.39,1.39,10
TPCS-O,20260615,9.9,9.9,9.65,9.65,2
TPIPL-O,20260615,0.79,0.8,0.78,0.78,147
TPIPP-O,20260615,1.75,1.76,1.75,1.76,430
TPL-O,20260615,0.5,0.54,0.5,0.54,11
TPLAS-O,20260615,1.06,1.12,1.06,1.12,2
TPOLY-O,20260615,0.1,0.12,0.1,0.12,13
TPRIME-O,20260615,7.7,7.7,7.7,7.7,1
TPS-O,20260615,3.26,3.26,3.02,3.02,59
TQM-O,20260615,13.5,13.5,13.5,13.5,15
TQR-O,20260615,5.3,5.3,5.2,5.2,3
TRC-O,20260615,0.51,0.59,0.47,0.58,157
TRITN-O,20260615,0.03,0.03,0.02,0.03,12
TRP-O,20260615,4.12,4.18,4.12,4.18,52
TRT-O,20260615,11.9,12,11.7,11.7,261
TRUBB-O,20260615,1.08,1.1,1.06,1.1,305
TRUE-O,20260615,14,14.2,13.8,13.9,3259
TRV-O,20260615,1.04,1.04,1.04,1.04,1
TSE-O,20260615,0.53,0.75,0.53,0.71,51
TSI-O,20260615,0.05,0.05,0.05,0.05,1
TSTH-O,20260615,0.89,0.89,0.89,0.89,3
TTA-O,20260615,4.98,4.98,4.82,4.82,612
TTB-O,20260615,2.36,2.38,2.32,2.34,6289
TTLPF-O,20260615,9.55,9.55,9.5,9.55,72
TTT-O,20260615,44,44.5,44,44.5,81
TTW-O,20260615,9.4,9.45,9.35,9.35,704
TU-O,20260615,11.5,11.6,11.3,11.3,1068
TURBO-O,20260615,1.41,1.45,1.41,1.45,192
TURTLE-O,20260615,2.02,2.62,2.02,2.62,2
TVDH-O,20260615,0.05,0.05,0.05,0.05,56
TVO-O,20260615,25.75,26.5,25.75,26.5,666
TVT-O,20260615,0.2,0.2,0.2,0.2,1
TWP-O,20260615,1.19,1.19,1.13,1.13,2
TWPC-O,20260615,2.86,2.86,2.86,2.86,1
TWZ-O,20260615,0.02,0.02,0.02,0.02,10
UBA-O,20260615,1.08,1.08,1,1.07,211
UBE-O,20260615,0.57,0.57,0.55,0.55,136
UBIS-O,20260615,0.78,1.13,0.78,1.13,2
UEC-O,20260615,0.84,0.84,0.83,0.84,8
UKEM-O,20260615,0.96,1,0.96,1,51
UMI-O,20260615,0.87,0.88,0.87,0.88,3
UMS-O,20260615,1.61,1.71,1.26,1.27,187
UNIQ-O,20260615,2.76,2.76,2.74,2.74,18
UNIX-O,20260615,1.66,1.66,1.66,1.66,2
UP-O,20260615,23.6,23.6,23.6,23.6,2
UPOIC-O,20260615,6.8,8.85,6.8,8.85,2
UREKA-O,20260615,0.52,0.52,0.45,0.46,108
UTP-O,20260615,7.95,7.95,7.9,7.95,168
UV-O,20260615,0.85,0.85,0.85,0.85,1
UVAN-O,20260615,14.5,14.6,14.5,14.5,426
VARO-O,20260615,3.98,3.98,3.98,3.98,17
VCOM-O,20260615,3.88,5.05,3.86,3.92,97
VGI-O,20260615,0.91,0.92,0.89,0.91,639
VIBHA-O,20260615,1.37,1.37,1.36,1.37,25
VIH-O,20260615,8.15,8.15,8.15,8.15,1
VNG-O,20260615,1.87,1.87,1.87,1.87,1
VPO-O,20260615,0.46,0.47,0.34,0.45,69
VRANDA-O,20260615,5.55,5.55,4.44,4.44,2
VS-O,20260615,0.18,0.18,0.18,0.18,1
WACOAL-O,20260615,15.4,15.4,15.3,15.3,22
WARRIX-O,20260615,1.39,1.39,1.38,1.38,87
WAVE-O,20260615,0.02,0.03,0.02,0.03,2
WFX-O,20260615,0.98,0.98,0.98,0.98,1
WHA-O,20260615,5.05,5.1,4.98,4.98,2201
WHABT-O,20260615,5.9,5.9,5.9,5.9,17
WHAIR-O,20260615,7.45,7.45,7.4,7.4,68
WHART-O,20260615,10.8,10.8,10.6,10.8,500
WHAUP-O,20260615,6.1,6.2,6,6.15,292
WICE-O,20260615,2.72,2.72,2.44,2.58,13
WIIK-O,20260615,0.99,1.06,0.99,1.06,152
WIN-O,20260615,0.27,0.27,0.2,0.27,3
WINDOW-O,20260615,0.71,0.71,0.71,0.71,1
WINNER-O,20260615,2.08,2.08,2.08,2.08,168
WORK-O,20260615,2.5,3.56,2.5,3.56,53
WP-O,20260615,3.58,3.58,3.56,3.56,18
WPH-O,20260615,5.7,5.9,5.7,5.9,246
XBIO-O,20260615,0.08,0.09,0.08,0.09,100
XO-O,20260615,17,17.3,16.5,16.5,368
XPG-O,20260615,0.47,0.47,0.44,0.46,143
XYZ-O,20260615,0.22,0.29,0.22,0.29,99
YGG-O,20260615,0.19,0.2,0.19,0.2,111
YONG-O,20260615,0.7,0.7,0.7,0.7,2
YUASA-O,20260615,14.6,14.6,14.4,14.5,22
ZEN-O,20260615,5.45,5.45,5.35,5.35,2
ZIGA-O,20260615,0.87,0.87,0.87,0.87,1
2S,20260615,3.04,3.06,3.02,3.04,125200
3BBIF,20260615,6.45,6.5,6.45,6.45,4245500
88TH,20260615,4.38,4.38,4.32,4.34,268500
A5,20260615,1.82,1.82,1.82,1.82,1300
AAI,20260615,3.48,3.56,3.48,3.56,2639300
AAV,20260615,1.11,1.13,1.09,1.13,196734300
ABM,20260615,0.46,0.48,0.45,0.48,109500
ACC,20260615,0.36,0.38,0.36,0.37,4398100
ACE,20260615,1.29,1.29,1.28,1.29,456000
ACG,20260615,0.75,0.75,0.7,0.73,82800
ADB,20260615,0.75,0.81,0.75,0.78,3817000
ADD,20260615,3.3,3.34,3.3,3.34,31400
ADVANC,20260615,368,370,359,360,12174100
ADVICE,20260615,6.45,6.5,6.3,6.35,2766200
AE,20260615,0.09,0.09,0.08,0.09,3771900
AEONTS,20260615,96,96,95,95.75,479700
AF,20260615,0.33,0.34,0.32,0.32,44200
AFC,20260615,3.84,3.88,3.8,3.8,3800
AGE,20260615,1.27,1.27,1.2,1.24,4531900
AH,20260615,14.2,14.2,14,14.2,99500
AHC,20260615,12.4,12.5,12.4,12.5,3500
AI,20260615,2.88,2.88,2.86,2.86,108400
AIE,20260615,1.13,1.15,1.12,1.13,1373300
AIMCG,20260615,1.36,1.37,1.35,1.37,234000
AIMIRT,20260615,11.5,11.5,11.4,11.5,165100
AIT,20260615,4.72,4.72,4.7,4.7,170100
AJ,20260615,2.76,2.78,2.6,2.74,4049600
AJA,20260615,0.13,0.14,0.13,0.13,973700
AKP,20260615,0.73,0.74,0.73,0.74,343100
AKR,20260615,0.9,0.91,0.89,0.89,1276500
AKS,20260615,0.01,0.02,0.01,0.01,3202500
ALLA,20260615,1.15,1.16,1.15,1.16,387000
ALLY,20260615,4.72,4.76,4.72,4.74,885900
ALPHAX,20260615,0.28,0.28,0.27,0.28,757200
ALT,20260615,1.6,1.63,1.58,1.59,2758000
ALUCON,20260615,237,237,235,235,2000
AMA,20260615,3.82,3.86,3.82,3.82,282700
AMANAH,20260615,0.66,0.67,0.65,0.66,1370600
AMARC,20260615,3.3,3.36,3.28,3.36,1616000
AMARIN,20260615,2.52,2.66,2.5,2.66,3000
AMATA,20260615,27,28,26.5,26.75,23520700
AMATAR,20260615,7.35,7.4,7.3,7.35,7700
AMATAV,20260615,2,2.02,1.99,1.99,22500
AMC,20260615,2.16,2.16,2.1,2.12,28800
AMR,20260615,0.4,0.41,0.4,0.41,91000
ANAN,20260615,0.33,0.33,0.31,0.32,3768500
ANI,20260615,2.84,2.94,2.72,2.84,339500
AOT,20260615,59.5,60,58.75,59,38491500
AP,20260615,7.15,7.2,7.1,7.1,8716200
APCO,20260615,2.62,2.62,2.54,2.58,84300
APCS,20260615,1.38,1.45,1.38,1.45,5300
APO,20260615,2.02,2.04,2.02,2.04,301900
APP,20260615,2.5,2.58,2.5,2.58,334300
APURE,20260615,2,2.02,1.98,2.02,84600
AQUA,20260615,0.1,0.11,0.1,0.11,1939600
ARIN,20260615,0.48,0.51,0.47,0.49,1074000
ARIP,20260615,0.44,0.45,0.44,0.44,316200
ARROW,20260615,5.8,5.9,5.8,5.8,152300
AS,20260615,2.28,2.32,2.26,2.28,554600
ASAP,20260615,2.12,2.2,2.12,2.18,124200
ASEFA,20260615,5.8,6,5.7,5.8,1381100
ASIA,20260615,5.35,5.35,5.35,5.35,1000
ASIAN,20260615,6.95,7,6.9,6.95,269600
ASIMAR,20260615,1.35,1.35,1.32,1.33,284200
ASK,20260615,9.65,9.9,9.5,9.7,963600
ASN,20260615,0.76,0.77,0.76,0.76,1500
ASP,20260615,2.14,2.16,2.12,2.14,1166500
ASTR,20260615,4.9,4.98,4.86,4.88,147000
ASW,20260615,6.85,6.9,6.8,6.85,33000
ATLAS,20260615,1.82,1.83,1.79,1.79,3792200
ATP30,20260615,0.8,0.82,0.8,0.81,1135600
AU,20260615,4.64,4.7,4.62,4.68,554100
AUCT,20260615,4,4.4,4,4.16,16770100
AURA,20260615,14.1,14.2,13.7,13.8,2532900
AWC,20260615,2.5,2.58,2.48,2.58,125119500
AXTRART,20260615,12.6,12.9,12.6,12.9,1069700
AYUD,20260615,39.5,39.75,39.5,39.75,7600
B,20260615,0.04,0.04,0.03,0.04,1053500
B-WORK,20260615,6.1,6.1,6.05,6.1,17800
B52,20260615,0.23,0.23,0.22,0.23,112600
BA,20260615,17.4,17.6,17.2,17.4,9730000
BAFS,20260615,9.3,9.4,9.2,9.35,1668300
BAM,20260615,6.65,6.7,6.55,6.6,12689500
BANPU,20260615,5.5,5.5,5.3,5.35,42261300
BAREIT,20260615,10.7,11,10.7,11,1349500
BAY,20260615,38.5,38.5,37.25,37.75,3487100
BBGI,20260615,4.16,4.16,3.96,3.98,4248800
BBIK,20260615,19.2,19.3,18.8,19.2,1917500
BBL,20260615,173.5,174.5,172.5,172.5,9260300
BC,20260615,0.64,0.65,0.63,0.63,37400
BCH,20260615,9.25,9.3,9.15,9.25,11929000
BCP,20260615,32.75,33,32,32.75,9473200
BCPG,20260615,6.6,6.8,6.5,6.75,17611500
BCT,20260615,48.25,50,48.25,50,900
BDMS,20260615,18.2,18.3,18.1,18.2,36906500
BE8,20260615,5.8,6.1,5.7,6.1,1649300
BEAUTY,20260615,0.37,0.38,0.36,0.37,1725200
BEC,20260615,1.97,2,1.95,2,420200
BEM,20260615,5.6,5.75,5.6,5.7,163092200
BEYOND,20260615,8.85,8.9,8.75,8.8,15300
BGC,20260615,7.1,7.15,7,7.15,421800
BGRIM,20260615,15.7,16.7,15.6,16.4,78998200
BGT,20260615,0.36,0.36,0.34,0.36,74300
BH,20260615,181,185,181,185,11859700
BIG,20260615,0.31,0.31,0.29,0.31,101800
BIOTEC,20260615,0.25,0.26,0.24,0.25,4375200
BIS,20260615,2,2.02,2,2.02,112400
BIZ,20260615,6.1,6.1,5.9,5.95,299600
BJC,20260615,14.2,14.2,14.1,14.2,1835800
BJCHI,20260615,0.82,0.82,0.79,0.8,328500
BKA,20260615,0.7,0.71,0.68,0.68,594600
BKD,20260615,1.11,1.11,1.09,1.11,101200
BKGI,20260615,2.08,2.18,2.06,2.1,988500
BKIH,20260615,374,374,372,374,10500
BLA,20260615,24,24.3,23.4,23.8,5179000
BLAND,20260615,0.45,0.45,0.44,0.45,6941800
BLC,20260615,4,4.02,3.98,4,463800
BLESS,20260615,0.21,0.22,0.21,0.22,47400
BM,20260615,1.01,1.02,1,1.02,1116700
BOFFICE,20260615,5.2,5.2,5.15,5.2,819200
BOL,20260615,4.86,4.88,4.84,4.88,222400
BPP,20260615,11.3,11.3,11.1,11.1,202700
BPS,20260615,0.47,0.47,0.45,0.46,56600
BR,20260615,1.86,1.88,1.85,1.87,264600
BRI,20260615,1.25,1.27,1.23,1.24,189200
BROCK,20260615,1.2,1.2,1.18,1.2,2000
BRR,20260615,3.58,3.62,3.58,3.58,233800
BRRGIF,20260615,3.74,3.74,3.72,3.74,12600
BSBM,20260615,0.6,0.6,0.59,0.59,38200
BSM,20260615,0.31,0.33,0.31,0.33,10000
BTC,20260615,0.15,0.16,0.15,0.16,2531500
BTG,20260615,20.1,20.6,19.9,20.3,8810200
BTNC,20260615,14.5,15,13.5,14.3,1200
BTS,20260615,2.06,2.08,2.02,2.06,66218700
BTSGIF,20260615,2.44,2.44,2.42,2.44,2277100
BTW,20260615,0.06,0.06,0.05,0.06,586500
BUI,20260615,10.9,10.9,10.8,10.9,6400
BVG,20260615,1.58,1.59,1.58,1.59,90100
BWG,20260615,0.3,0.3,0.29,0.29,3974900
BYD,20260615,0.49,0.5,0.48,0.48,3971100
CAZ,20260615,1.57,1.59,1.57,1.59,29800
CBG,20260615,41,41,40,40.75,3368200
CCET,20260615,9.85,10.2,9.55,9.85,64894100
CCP,20260615,0.27,0.27,0.26,0.26,51300
CEN,20260615,0.58,0.59,0.58,0.59,149600
CENTEL,20260615,35,36.25,34.75,36,11377200
CFARM,20260615,0.81,0.82,0.8,0.8,1114700
CFRESH,20260615,0.97,0.99,0.92,0.96,809400
CGD,20260615,0.1,0.11,0.1,0.11,85600
CGH,20260615,0.54,0.57,0.54,0.56,367700
CH,20260615,1.56,1.56,1.5,1.52,21200
CHAO,20260615,4.22,4.22,4.18,4.2,90600
CHASE,20260615,0.49,0.49,0.48,0.49,881300
CHAYO,20260615,1.28,1.3,1.26,1.27,1415400
CHEWA,20260615,0.16,0.17,0.16,0.17,214400
CHG,20260615,1.44,1.45,1.42,1.45,32733200
CHIC,20260615,0.32,0.32,0.3,0.32,18500
CHO,20260615,0.03,0.03,0.02,0.03,3480200
CHOW,20260615,1.34,1.36,1.31,1.31,115300
CI,20260615,0.33,0.34,0.32,0.34,89900
CIG,20260615,0.03,0.03,0.02,0.03,307200
CITY,20260615,1.2,1.2,1.2,1.2,100
CIVIL,20260615,1.15,1.25,1.12,1.15,12090200
CK,20260615,19.2,19.6,19,19.5,28055600
CKP,20260615,2.32,2.36,2.3,2.32,4778500
CM,20260615,1.57,1.58,1.57,1.57,19700
CMAN,20260615,2.82,2.9,2.78,2.86,2026500
CMC,20260615,0.35,0.36,0.34,0.35,16900
CMO,20260615,0.66,0.84,0.65,0.81,12232000
CMR,20260615,1.28,1.3,1.27,1.28,270000
CNT,20260615,1.68,1.72,1.63,1.67,3005100
COCOCO,20260615,5.6,5.6,5.55,5.6,273100
COLOR,20260615,1.03,1.05,1.03,1.03,22600
COM7,20260615,27,27.25,26.5,26.75,9714300
COMAN,20260615,0.5,0.53,0.5,0.5,138900
CPALL,20260615,46.25,46.25,45.25,45.75,32603700
CPANEL,20260615,1.23,1.24,1.23,1.24,17300
CPAXT,20260615,14.7,14.8,14.7,14.8,4417300
CPF,20260615,19.1,19.1,18.9,18.9,22078800
CPH,20260615,7.9,7.9,7.6,7.65,39500
CPI,20260615,3.42,3.46,3.42,3.42,154800
CPL,20260615,0.63,0.65,0.63,0.63,57500
CPN,20260615,65.75,66,64.75,65.5,4050400
CPNCG,20260615,5.55,5.55,5.5,5.5,864700
CPNREIT,20260615,12.7,12.7,12.6,12.7,1766800
CPR,20260615,2.62,2.62,2.58,2.58,10400
CPT,20260615,1,1.03,1,1.03,41200
CPTREIT,20260615,6.5,6.5,6.45,6.5,11500
CPW,20260615,2.36,2.42,2.36,2.38,289600
CRANE,20260615,0.38,0.39,0.38,0.38,165100
CRC,20260615,21.4,21.6,21.1,21.5,10901400
CRD,20260615,0.44,0.46,0.43,0.44,285000
CREDIT,20260615,18.9,18.9,18.8,18.8,272300
CSC,20260615,44.25,44.25,44,44,1600
CSP,20260615,0.51,0.53,0.51,0.51,53300
CSR,20260615,74.5,76,73.25,73.25,2200
CSS,20260615,0.94,0.94,0.9,0.91,3050300
CTARAF,20260615,4.56,4.56,4.54,4.56,539400
CTW,20260615,7,7.1,6.65,6.65,587800
CWT,20260615,0.75,0.77,0.74,0.74,1008200
D,20260615,2.88,2.88,2.84,2.88,116800
DCC,20260615,1.33,1.38,1.33,1.34,4663800
DCON,20260615,0.2,0.2,0.19,0.2,448500
DDD,20260615,4.76,4.76,4.74,4.76,11000
DELTA,20260615,369,372,360,361,16488800
DEMCO,20260615,2.88,2.92,2.78,2.9,803500
DHOUSE,20260615,0.34,0.35,0.34,0.35,12800
DIF,20260615,10.1,10.2,10,10.1,16904900
DIMET,20260615,0.06,0.06,0.05,0.06,433100
DITTO,20260615,13.8,13.8,12.9,13.4,5406800
DMT,20260615,11.4,11.6,11.4,11.6,424600
DOD,20260615,1.59,1.6,1.58,1.6,127900
DOHOME,20260615,3.44,3.44,3.36,3.4,6262600
DPAINT,20260615,0.23,0.26,0.22,0.24,28884700
DREIT,20260615,4.82,4.82,4.78,4.8,41600
DRT,20260615,4.98,5,4.98,5,81500
DTCENT,20260615,0.92,0.94,0.91,0.93,366300
DTCI,20260615,18.3,18.3,18.3,18.3,1000
DUSIT,20260615,10.2,10.7,10.2,10.7,563600
EA,20260615,3.22,3.22,3.04,3.04,157480500
EASON,20260615,1.06,1.08,1.06,1.07,724900
EAST,20260615,0.68,0.7,0.68,0.69,530800
EASTW,20260615,4.36,4.4,4.26,4.32,3085300
ECF,20260615,0.04,0.05,0.04,0.05,34331400
EFORL,20260615,0.13,0.13,0.12,0.13,778900
EGATIF,20260615,6.2,6.2,6.15,6.15,330200
EGCO,20260615,117,118,117,118,1119100
EKH,20260615,4.94,4.96,4.92,4.94,694400
EMC,20260615,0.02,0.02,0.02,0.02,207500
EMPIRE,20260615,0.22,0.24,0.2,0.22,25485600
EP,20260615,1.07,1.08,1.06,1.08,21300
EPG,20260615,5.8,5.8,5.65,5.75,20757000
ERW,20260615,2.98,3.04,2.9,3,56993000
ESTAR,20260615,0.21,0.22,0.21,0.22,5200
ETC,20260615,0.72,0.73,0.72,0.73,2372700
ETE,20260615,0.56,0.57,0.55,0.57,173600
ETL,20260615,0.39,0.39,0.37,0.39,597900
EURO,20260615,5,5.25,5,5.15,10300
EVER,20260615,0.05,0.06,0.05,0.06,1511800
FANCY,20260615,0.34,0.35,0.32,0.34,576300
FLOYD,20260615,1,1.03,0.99,1.03,168800
FM,20260615,4.1,4.14,4.1,4.12,420300
FN,20260615,0.48,0.48,0.48,0.48,40200
FNS,20260615,0.51,0.51,0.48,0.5,36000
FORTH,20260615,15.1,15.4,14.5,15.4,10114600
FPI,20260615,1.49,1.5,1.46,1.48,347400
FPT,20260615,6.35,6.35,6.15,6.3,165800
FSMART,20260615,7.35,7.4,7.15,7.35,1573700
FSX,20260615,1.1,1.15,1.09,1.1,41000
FTE,20260615,2.4,2.42,2.38,2.4,176800
FTI,20260615,1.81,1.86,1.76,1.76,40000
FTREIT,20260615,11.7,11.9,11.6,11.9,1696800
FUTURERT,20260615,8.8,8.85,8.8,8.8,1222400
FVC,20260615,0.31,0.32,0.3,0.31,159600
GABLE,20260615,3.96,4.02,3.96,4.02,497200
GAHREIT,20260615,4.14,4.14,4.14,4.14,4600
GBX,20260615,0.57,0.57,0.56,0.57,45900
GC,20260615,4.5,4.52,4.5,4.5,77600
GCAP,20260615,0.27,0.28,0.25,0.26,1337900
GEL,20260615,0.02,0.03,0.02,0.03,5660500
GENCO,20260615,0.33,0.33,0.32,0.33,177400
GFC,20260615,2.42,2.46,2.4,2.44,13700
GFPT,20260615,8.65,8.65,8.55,8.6,1446300
GGC,20260615,3.68,3.68,3.6,3.62,57400
GJS,20260615,0.13,0.14,0.13,0.13,5870600
GLOBAL,20260615,6.5,6.5,6.25,6.45,20413900
GLORY,20260615,1.13,1.17,1.1,1.1,223400
GPI,20260615,1.7,1.71,1.7,1.71,110100
GPSC,20260615,42.5,42.5,41.5,41.75,12886200
GRAMMY,20260615,3.04,3.12,3,3,15000
GRAND,20260615,0.02,0.03,0.02,0.02,6253100
GREEN,20260615,0.75,0.76,0.74,0.74,258900
GROREIT,20260615,8.85,8.9,8.8,8.8,214200
GTB,20260615,0.7,0.7,0.69,0.69,11500
GTV,20260615,0.03,0.03,0.02,0.02,2944000
GULF,20260615,65.25,65.5,64.25,65,82732200
GUNKUL,20260615,4.12,4.16,3.86,3.96,250253900
GVREIT,20260615,7.05,7.1,7,7.1,485500
HANA,20260615,38.25,38.5,37,37.75,22019900
HANN,20260615,0.9,0.91,0.89,0.89,898500
HARN,20260615,2.06,2.08,2.04,2.06,497800
HENG,20260615,0.93,0.94,0.91,0.93,3667200
HFT,20260615,4.1,4.1,4,4.04,383600
HL,20260615,5.65,5.65,5.55,5.6,25200
HMPRO,20260615,6.05,6.15,6,6,43833300
HPF,20260615,6.05,6.05,6.05,6.05,23900
HPT,20260615,0.15,0.16,0.14,0.15,3235000
HTC,20260615,15.7,15.8,15.7,15.8,73800
HTECH,20260615,3.52,3.54,3.44,3.52,559100
HUMAN,20260615,4.9,4.92,4.84,4.84,939500
HYDRO,20260615,0.06,0.07,0.04,0.04,14035800
HYDROGEN,20260615,8.4,8.4,8.3,8.4,23500
I2,20260615,0.81,0.81,0.79,0.8,601100
ICHI,20260615,13,13.1,12.9,13,6119000
ICN,20260615,2.08,2.08,2,2.04,359300
IDG,20260615,1.2,1.22,1.19,1.22,7100
IFS,20260615,1.83,1.83,1.8,1.82,78300
IHL,20260615,1.37,1.37,1.32,1.35,349900
IIG,20260615,1.36,1.45,1.36,1.38,273300
III,20260615,4.24,4.34,4.24,4.3,429800
ILINK,20260615,4.74,4.76,4.72,4.72,145600
ILM,20260615,12.5,12.6,12.4,12.5,133300
IMH,20260615,2.9,2.9,2.9,2.9,27000
IMPACT,20260615,11.3,11.5,11.3,11.5,430700
IND,20260615,0.84,0.84,0.82,0.82,497000
INET,20260615,3.96,4.06,3.96,4.06,1869600
INETREIT,20260615,12.4,12.5,12.4,12.5,427700
INOX,20260615,4.3,4.3,4.22,4.22,22800
INSET,20260615,3.52,3.64,3.48,3.58,30297300
INSURE,20260615,55.5,55.5,55.5,55.5,200
IP,20260615,4.46,4.46,4.36,4.46,153200
IRC,20260615,11.8,11.9,11.8,11.8,4300
IRCP,20260615,0.25,0.26,0.25,0.26,574900
IROYAL,20260615,4.66,4.74,4.6,4.62,473700
IRPC,20260615,1.75,1.77,1.71,1.74,103141900
ISSARA,20260615,6.6,6.95,6.6,6.8,2200
IT,20260615,5.55,5.65,5.5,5.6,246600
ITC,20260615,16.3,16.5,16.2,16.3,3488900
ITD,20260615,0.36,0.37,0.35,0.35,15774200
ITEL,20260615,1.34,1.34,1.29,1.31,5290000
ITNS,20260615,1.8,1.8,1.78,1.78,60800
ITTHI,20260615,1.19,1.2,1.18,1.2,15900
IVF,20260615,0.64,0.64,0.62,0.64,29500
IVL,20260615,22.5,22.5,21.6,21.8,36868900
J,20260615,0.71,0.75,0.69,0.7,2675700
JAK,20260615,0.72,0.72,0.72,0.72,4100
JAS,20260615,1.24,1.26,1.2,1.2,84666400
JCK,20260615,0.14,0.14,0.13,0.14,465300
JCT,20260615,82,82.75,82,82.75,700
JDF,20260615,1.96,1.97,1.95,1.97,211800
JMART,20260615,9,9.3,8.95,9.2,33957100
JMT,20260615,11,11.1,10.7,11,16827500
JPARK,20260615,3,3.06,2.98,3.02,480700
JR,20260615,1.69,1.7,1.68,1.69,21200
JSP,20260615,1.85,1.85,1.68,1.71,1136700
JTS,20260615,37.5,38.25,37,37.25,514200
JUBILE,20260615,7.15,7.2,7.15,7.2,19100
K,20260615,0.97,0.98,0.97,0.98,11200
KAMART,20260615,7.3,7.35,7.25,7.3,398000
KASET,20260615,0.66,0.66,0.64,0.64,298400
KBANK,20260615,204,205,201,202,13778000
KBS,20260615,5.75,5.8,5.7,5.7,107600
KBSPIF,20260615,9.3,9.35,9.3,9.3,59000
KC,20260615,0.02,0.02,0.01,0.02,7153800
KCAR,20260615,4.76,4.76,4.76,4.76,20000
KCC,20260615,3.04,3.04,2.94,2.96,214300
KCE,20260615,38,38,36.25,36.75,23929100
KCG,20260615,10.5,10.7,10.2,10.3,1490900
KCM,20260615,0.24,0.26,0.23,0.26,131700
KGEN,20260615,1.9,1.93,1.84,1.91,30702200
KGI,20260615,4.3,4.34,4.3,4.32,1228700
KIAT,20260615,0.33,0.34,0.33,0.34,42000
KISS,20260615,3.42,3.5,3.4,3.42,1832100
KJL,20260615,6,6.05,5.95,6,11100
KK,20260615,1.03,1.03,1,1.02,233400
KKP,20260615,89.5,90,88,88.75,6509300
KLINIQ,20260615,26,26.5,25.75,25.75,169800
KOOL,20260615,0.29,0.3,0.29,0.3,204500
KPNREIT,20260615,1.97,1.97,1.96,1.96,130000
KSL,20260615,1.5,1.64,1.49,1.63,14814300
KTB,20260615,35.5,36,35.25,35.75,90329300
KTBSTMR,20260615,5.9,5.9,5.85,5.9,23500
KTC,20260615,30.5,30.75,30,30.25,10537700
KTIS,20260615,1.84,1.9,1.84,1.9,700
KTMS,20260615,1.19,1.24,1.19,1.22,448700
KUMWEL,20260615,1.97,2.06,1.97,1.98,598100
KUN,20260615,0.55,0.55,0.54,0.55,94600
KWM,20260615,0.76,0.77,0.76,0.77,225400
KYE,20260615,304,308,304,307,11800
L&E,20260615,1.16,1.24,1.16,1.2,14400
LALIN,20260615,4.32,4.32,4.28,4.3,52900
LANNA,20260615,14.5,14.5,14.3,14.3,555300
LDC,20260615,0.25,0.25,0.24,0.24,34500
LEE,20260615,2.44,2.48,2.44,2.44,50500
LEO,20260615,1.85,1.9,1.84,1.86,303300
LH,20260615,3.66,3.66,3.6,3.64,12275600
LHFG,20260615,1.15,1.16,1.14,1.15,2933800
LHHOTEL,20260615,13.1,13.3,13.1,13.3,968600
LHK,20260615,3.46,3.46,3.42,3.44,167900
LHRREIT,20260615,4.36,4.38,4.34,4.38,26900
LHSC,20260615,14.6,14.8,14.6,14.8,193600
LIT,20260615,0.73,0.73,0.72,0.72,86000
LOXLEY,20260615,1.6,1.6,1.56,1.57,912800
LPH,20260615,3.54,3.58,3.52,3.54,41400
LPN,20260615,1.53,1.53,1.48,1.5,2357000
LST,20260615,4.7,4.7,4.64,4.68,261400
LTMH,20260615,5,5,4.94,5,170400
LTS,20260615,2.86,2.94,2.66,2.68,5285500
LUXF,20260615,9.05,9.1,9.05,9.1,29100
M,20260615,21,21.5,20.8,21.5,4262500
M-CHAI,20260615,18.7,18.8,18.5,18.5,6600
M-PAT,20260615,1.8,1.8,1.67,1.67,25100
M-STOR,20260615,7.5,8.1,7.4,7.5,5800
MADAME,20260615,0.5,0.51,0.48,0.49,718800
MAGURO,20260615,17.7,17.8,17.3,17.6,803500
MAJOR,20260615,6.75,6.85,6.65,6.7,341400
MALEE,20260615,4.04,4.12,4,4.04,993800
MASTEC,20260615,1.54,1.67,1.48,1.65,22108600
MASTER,20260615,8.5,8.6,8.45,8.6,741300
MATCH,20260615,0.89,0.95,0.8,0.94,49300
MBAX,20260615,1.9,1.91,1.88,1.89,15600
MBK,20260615,18.7,18.8,18.6,18.7,534800
MC,20260615,11.1,11.1,11,11,690000
MCA,20260615,1.19,1.2,1.18,1.2,37100
MCOT,20260615,5.8,5.8,5.6,5.7,66500
MCS,20260615,7.6,7.6,7.5,7.55,495900
MDX,20260615,2.48,2.48,2.42,2.44,173800
MEB,20260615,11.6,11.7,11.5,11.6,209500
MEDEZE,20260615,6.2,6.25,6.05,6.1,458500
MEGA,20260615,34.25,34.75,34,34,872900
MENA,20260615,0.66,0.67,0.65,0.66,511700
META,20260615,0.03,0.03,0.02,0.03,19388100
METCO,20260615,295,295,294,294,7500
MFC,20260615,19.2,19.5,19.1,19.3,265800
MFEC,20260615,5.85,5.9,5.8,5.9,100100
MGC,20260615,6.6,6.6,6.45,6.5,1088900
MGI,20260615,5.5,5.6,5.4,5.4,338200
MGT,20260615,1.77,1.78,1.74,1.74,102900
MICRO,20260615,0.98,1.04,0.96,1,7230500
MIDA,20260615,0.34,0.35,0.33,0.34,2628500
MII,20260615,5.8,5.8,5.65,5.7,176800
MILL,20260615,0.02,0.03,0.01,0.02,52840200
MINT,20260615,22.8,24.4,22.7,24.2,127486100
MITSIB,20260615,0.54,0.54,0.52,0.54,194500
MJD,20260615,0.29,0.3,0.29,0.3,352000
MJLF,20260615,5.6,5.65,5.6,5.6,28600
MK,20260615,0.52,0.54,0.5,0.53,122600
ML,20260615,1.52,1.54,1.47,1.47,10231800
MMM,20260615,2.78,2.78,2.76,2.78,170300
MNIT,20260615,1.88,1.9,1.88,1.9,8400
MNIT2,20260615,5,5,5,5,1100
MNRF,20260615,2.04,2.04,2.04,2.04,3000
MODERN,20260615,2.06,2.06,2.04,2.06,9100
MONO,20260615,0.93,0.94,0.88,0.9,18622300
MOONG,20260615,2.26,2.28,2.24,2.28,194100
MORE,20260615,0.05,0.06,0.04,0.06,8559900
MOSHI,20260615,37,37,36.75,36.75,127200
MOTHER,20260615,1.13,1.15,1.13,1.14,139500
MPJ,20260615,3.5,3.52,3.48,3.52,138600
MRDIYT,20260615,8.95,8.95,8.85,8.85,3383100
MSC,20260615,6.45,6.45,6.35,6.35,16900
MST,20260615,7.1,7.15,7.05,7.1,123900
MTC,20260615,29,29.75,29,29.25,29372100
MTI,20260615,15.9,16.2,15.9,16.2,32100
MTW,20260615,0.79,0.8,0.79,0.8,31000
MUD,20260615,0.68,0.68,0.68,0.68,10100
MVP,20260615,0.04,0.04,0.03,0.04,2313300
NAM,20260615,3.56,3.56,3.5,3.56,52200
NAT,20260615,1.77,1.79,1.77,1.79,9400
NATION,20260615,0.04,0.04,0.03,0.04,811300
NC,20260615,1.72,1.74,1.71,1.74,18600
NCAP,20260615,2.68,2.72,2.62,2.68,6416200
NCH,20260615,0.39,0.39,0.39,0.39,50100
NCL,20260615,0.14,0.15,0.14,0.15,687900
NCP,20260615,1.07,1.12,1.07,1.12,1300
NDR,20260615,1.92,1.92,1.87,1.91,11000
NEO,20260615,17.8,18,17.6,17.8,473900
NEP,20260615,0.18,0.19,0.18,0.19,1600
NER,20260615,4.42,4.44,4.4,4.42,3482300
NETBAY,20260615,9.4,9.45,9.3,9.4,326200
NEW,20260615,97,97,97,97,200
NEX,20260615,1.04,1.05,1,1.02,16513300
NKI,20260615,14.5,14.5,14.5,14.5,1400
NKT,20260615,3.86,3.88,3.86,3.88,252500
NL,20260615,0.69,0.69,0.68,0.69,225000
NNCL,20260615,1.61,1.62,1.6,1.62,193200
NOBLE,20260615,1.78,1.79,1.76,1.77,838300
NPK,20260615,13.2,13.2,13.2,13.2,100
NRF,20260615,0.23,0.24,0.22,0.23,226300
NSL,20260615,22,22,21.2,21.5,650800
NTF,20260615,13.6,13.8,13.3,13.6,713700
NTSC,20260615,6.15,6.25,6.15,6.25,22900
NTV,20260615,18.5,18.8,18.4,18.8,31900
NUT,20260615,4.22,4.22,4.2,4.2,47300
NV,20260615,0.5,0.51,0.5,0.51,119100
NVD,20260615,0.56,0.56,0.55,0.55,23400
NYT,20260615,3.74,3.78,3.7,3.76,1528100
OHTL,20260615,281,290,281,281,400
OKJ,20260615,3.96,3.96,3.76,3.82,2299500
ONEE,20260615,2.7,2.76,2.66,2.74,1082700
ONSENS,20260615,1.12,1.13,1.1,1.1,315500
OR,20260615,12.3,12.3,12.1,12.2,9543900
ORI,20260615,1.66,1.67,1.63,1.65,2644200
ORN,20260615,0.78,0.78,0.77,0.78,15800
OSP,20260615,15.4,15.5,15.2,15.4,5797700
PACO,20260615,1.35,1.35,1.33,1.33,80300
PAF,20260615,0.78,0.79,0.76,0.78,60800
PANEL,20260615,1.18,1.19,1.18,1.19,3600
PAP,20260615,2.48,2.48,2.44,2.46,37500
PATO,20260615,6.1,6.1,6.1,6.1,12000
PB,20260615,47.75,48,46.75,48,2200
PCC,20260615,2.94,2.94,2.9,2.9,353700
PCE,20260615,2.18,2.18,2.14,2.18,1750200
PCSGH,20260615,2.96,2.98,2.94,2.96,60100
PDG,20260615,3.14,3.14,3.12,3.12,15000
PDJ,20260615,0.95,0.98,0.95,0.98,47600
PEACE,20260615,1.56,1.57,1.5,1.56,346500
PEER,20260615,0.09,0.1,0.08,0.09,1039100
PERM,20260615,0.24,0.24,0.23,0.24,302300
PF,20260615,0.05,0.05,0.04,0.05,16500
PG,20260615,6.45,6.75,6.45,6.45,1900
PHG,20260615,10.1,10.3,10.1,10.2,30500
PHOL,20260615,3.14,3.16,2.98,3.06,1304800
PIMO,20260615,1.09,1.09,1.08,1.09,285500
PIN,20260615,4.3,4.36,4.3,4.3,533700
PIS,20260615,4.04,4.06,3.94,3.98,271100
PJW,20260615,2.02,2.1,2.02,2.08,300800
PK,20260615,0.46,0.46,0.44,0.44,58500
PL,20260615,1.26,1.3,1.26,1.29,79400
PLANB,20260615,4.08,4.08,3.94,3.98,20381700
PLANET,20260615,0.81,0.86,0.79,0.79,477400
PLAT,20260615,1.14,1.16,1.13,1.14,1195000
PLE,20260615,0.1,0.1,0.09,0.09,9026400
PLT,20260615,0.53,0.53,0.52,0.52,174500
PLUS,20260615,1.18,1.21,1.16,1.18,2154600
PM,20260615,10.6,10.8,10.6,10.7,170800
PMC,20260615,0.87,0.88,0.86,0.88,404000
PMTA,20260615,9.5,9.5,9.45,9.45,8700
POLY,20260615,6.9,6.9,6.7,6.9,2900
POPF,20260615,7.8,7.85,7.75,7.85,103900
PORT,20260615,0.66,0.67,0.63,0.64,836400
PPM,20260615,1.72,1.74,1.72,1.74,38900
PPP,20260615,0.81,0.81,0.75,0.8,258500
PPPM,20260615,0.2,0.22,0.2,0.21,432400
PPS,20260615,0.18,0.19,0.18,0.19,350000
PQS,20260615,1.68,1.71,1.66,1.7,488400
PR9,20260615,16.7,16.9,16.5,16.9,4932900
PRAKIT,20260615,10.1,10.1,10.1,10.1,100
PRAPAT,20260615,0.8,0.81,0.79,0.81,368600
PREB,20260615,3.38,3.42,3.38,3.4,61200
PRECHA,20260615,0.37,0.37,0.35,0.37,142800
PRG,20260615,9.15,9.25,9.15,9.25,21700
PRI,20260615,3.38,3.38,3.34,3.36,33400
PRIME,20260615,0.05,0.06,0.05,0.05,4860500
PRIN,20260615,1.39,1.39,1.39,1.39,300
PRINC,20260615,1.71,1.73,1.69,1.69,509800
PRM,20260615,8.45,8.5,8.3,8.45,4234700
PROEN,20260615,0.88,0.9,0.86,0.87,885100
PROS,20260615,0.16,0.17,0.15,0.17,969200
PROSPECT,20260615,9.45,9.55,9.4,9.55,1673300
PROUD,20260615,0.94,0.94,0.93,0.94,209100
PRTR,20260615,3.4,3.42,3.38,3.4,153700
PSGC,20260615,5.45,5.8,5.45,5.7,97200
PSH,20260615,3.4,3.44,3.38,3.42,674900
PSL,20260615,7.35,7.35,7,7.05,5647500
PSP,20260615,5.85,6,5.85,6,42934000
PSTC,20260615,0.33,0.33,0.32,0.32,2017800
PT,20260615,10.8,10.9,10.8,10.9,81700
PTC,20260615,0.59,0.6,0.58,0.6,127500
PTG,20260615,7.5,7.55,7.35,7.55,7022300
PTL,20260615,9.95,10,9.9,9.95,349500
PTT,20260615,36,36,34.75,35,106964800
PTTEP,20260615,139.5,140,135.5,135.5,27074100
PTTGC,20260615,33,33.25,31.5,32,54414400
PYLON,20260615,3.36,3.38,3.3,3.36,1155200
Q-CON,20260615,6.15,6.25,6.15,6.25,19900
QDC,20260615,0.08,0.09,0.07,0.08,8424700
QH,20260615,1.35,1.35,1.32,1.34,5666900
QHBREIT,20260615,3.76,3.8,3.76,3.78,101900
QHHRREIT,20260615,7.9,7.9,7.8,7.8,154800
QLT,20260615,1.52,1.52,1.49,1.52,3500
QTC,20260615,4.58,4.62,4.54,4.54,106300
QTCG,20260615,0.09,0.1,0.09,0.09,71100
RABBIT,20260615,0.36,0.36,0.34,0.35,6792700
RAM,20260615,18,18,17.9,18,34200
RATCH,20260615,30.25,31,30.25,30.75,5908100
RBF,20260615,4.56,4.62,4.48,4.6,3211900
RCL,20260615,33.5,33.75,31.75,32,6840100
READY,20260615,2.94,2.94,2.9,2.9,134000
RICHY,20260615,0.15,0.15,0.14,0.15,27100
RJH,20260615,13.3,13.3,13.1,13.3,441700
RML,20260615,0.1,0.1,0.1,0.1,164100
ROCK,20260615,10.3,10.5,10.2,10.2,2400
ROCTEC,20260615,0.69,0.69,0.66,0.67,9253700
ROJNA,20260615,5.5,5.65,5.5,5.55,5640800
RP,20260615,0.6,0.62,0.6,0.61,53000
RPC,20260615,0.37,0.37,0.35,0.35,529700
RPH,20260615,4.88,4.88,4.86,4.86,196100
RS,20260615,0.13,0.14,0.13,0.13,1013500
RSP,20260615,0.96,0.96,0.93,0.93,22500
RT,20260615,0.3,0.31,0.29,0.29,4387300
RWI,20260615,0.16,0.17,0.16,0.16,534500
S,20260615,0.49,0.5,0.48,0.5,2375600
S&J,20260615,30.5,33.25,30.5,33.25,5100
S11,20260615,4.06,4.1,4.04,4.06,51000
SA,20260615,7.1,7.2,7.1,7.2,67400
SAAM,20260615,4.68,4.72,4.68,4.72,34700
SABINA,20260615,15.2,15.2,15.1,15.1,143200
SAF,20260615,0.31,0.33,0.31,0.33,24800
SAFE,20260615,5.6,5.65,5.55,5.55,127600
SAK,20260615,3.06,3.16,3.06,3.16,2659600
SALEE,20260615,0.5,0.51,0.47,0.49,957800
SAM,20260615,0.12,0.13,0.11,0.12,241100
SAMART,20260615,5.6,5.6,5.35,5.45,2471500
SAMCO,20260615,0.81,0.83,0.81,0.82,124400
SAMTEL,20260615,3.32,3.34,3.2,3.22,285500
SANKO,20260615,0.88,0.9,0.88,0.88,115900
SAPPE,20260615,30.5,31.25,30,30.25,745200
SAT,20260615,15.6,15.8,15.6,15.7,432600
SAUCE,20260615,41.5,41.75,40.75,41.25,9300
SAV,20260615,10.9,11,10.6,10.6,887100
SAWAD,20260615,21,21.7,21,21.7,32343600
SC,20260615,1.79,1.8,1.76,1.76,1813400
SCAP,20260615,1.68,1.68,1.61,1.65,10794100
SCB,20260615,141,141.5,139.5,140,12598000
SCC,20260615,238,242,235,241,7727000
SCCC,20260615,146.5,146.5,145.5,145.5,90500
SCG,20260615,2.28,2.3,2.24,2.26,11400
SCGD,20260615,5,5.05,5,5,44800
SCGP,20260615,25.25,25.25,24.7,25,9276800
SCI,20260615,0.95,0.96,0.94,0.96,34500
SCL,20260615,1.49,1.51,1.48,1.5,104800
SCM,20260615,0.11,0.12,0.1,0.11,921100
SCN,20260615,0.42,0.43,0.42,0.43,104600
SCP,20260615,8.95,9,8.95,9,120500
SDC,20260615,0.03,0.03,0.02,0.02,4659400
SE,20260615,0.48,0.48,0.47,0.47,131100
SEAFCO,20260615,2.98,3.02,2.96,2.96,1278900
SEAOIL,20260615,3.12,3.14,3.06,3.08,1230300
SECURE,20260615,12.9,12.9,12.7,12.8,58300
SEI,20260615,1.61,1.61,1.55,1.56,192600
SELIC,20260615,3.02,3.12,3.02,3.1,129000
SENA,20260615,1.75,1.75,1.73,1.75,81800
SENX,20260615,0.22,0.22,0.2,0.21,2997600
SFLEX,20260615,2.78,2.84,2.76,2.82,1171100
SFT,20260615,1.45,1.45,1.42,1.43,61500
SGC,20260615,1.41,1.45,1.38,1.44,96959500
SGF,20260615,0.13,0.14,0.13,0.14,5379000
SGP,20260615,8.7,8.8,8.65,8.65,47000
SHANG,20260615,44.5,44.5,44.5,44.5,100
SHR,20260615,1.6,1.67,1.6,1.67,6762100
SIAM,20260615,0.74,0.75,0.73,0.75,13100
SICT,20260615,3.08,3.08,2.94,2.98,3107400
SIMAT,20260615,1.39,1.39,1.38,1.38,1819300
SINGER,20260615,9.25,9.45,8.95,9.4,22763500
SINO,20260615,0.92,0.92,0.9,0.9,152900
SIRI,20260615,1.41,1.42,1.4,1.42,24063600
SIRIPRT,20260615,6.9,6.9,6.9,6.9,1000
SIS,20260615,21.5,21.5,21,21.2,486400
SISB,20260615,9.65,9.7,9.6,9.7,1943200
SITHAI,20260615,1.03,1.03,1.02,1.02,163900
SJWD,20260615,7.5,7.65,7.45,7.6,3252800
SK,20260615,0.53,0.56,0.53,0.53,87800
SKE,20260615,0.18,0.19,0.17,0.19,847700
SKIN,20260615,0.8,0.83,0.8,0.82,37200
SKN,20260615,5.35,5.4,5.2,5.25,99000
SKR,20260615,7.1,7.2,7.1,7.2,48100
SKY,20260615,15.7,15.8,15.3,15.6,1713300
SLP,20260615,0.44,0.47,0.44,0.47,11300
SMART,20260615,0.53,0.53,0.52,0.53,515900
SMD100,20260615,1.17,1.17,1.13,1.16,537800
SMIT,20260615,3.46,3.46,3.42,3.44,43400
SMO,20260615,3.72,3.72,3.64,3.68,1180000
SMPC,20260615,9.1,9.1,9.05,9.05,143400
SMT,20260615,3.7,3.7,3.6,3.6,3061700
SNC,20260615,6.6,6.75,6.6,6.75,105500
SNNP,20260615,6.65,6.65,6.55,6.65,322900
SNP,20260615,8.95,8.95,8.8,8.9,86900
SNPS,20260615,4.52,4.52,4.5,4.52,2300
SO,20260615,4.62,4.62,4.6,4.62,30500
SOLAR,20260615,0.28,0.28,0.24,0.26,4700900
SONIC,20260615,1.51,1.52,1.5,1.52,244600
SORKON,20260615,3.5,3.5,3.48,3.5,71800
SPA,20260615,3.02,3.1,3,3.08,5555300
SPACK,20260615,1.16,1.17,1.15,1.17,60800
SPALI,20260615,15.7,15.9,15.6,15.9,5811800
SPC,20260615,55,55.5,54.75,55,7800
SPCG,20260615,8.85,8.9,8.75,8.8,955600
SPRC,20260615,7,7.05,6.75,7,46467600
SPREME,20260615,1.5,1.5,1.48,1.48,132900
SPRIME,20260615,3.94,3.98,3.92,3.98,249700
SPTX,20260615,0.01,0.01,0.01,0.01,3822300
SPVI,20260615,3.42,3.52,3.34,3.48,1446700
SQ,20260615,0.18,0.19,0.17,0.19,745800
SR,20260615,0.26,0.28,0.26,0.27,10700
SRICHA,20260615,16.5,17.1,16.5,16.9,1139000
SRIPANWA,20260615,5.15,5.2,5,5.05,172300
SRS,20260615,1.82,1.9,1.78,1.87,19500
SSF,20260615,5,5.05,5,5.05,18200
SSP,20260615,3.76,3.78,3.72,3.78,278500
SSPF,20260615,3.3,3.38,3.08,3.38,1400
SSSC,20260615,2.14,2.14,2.12,2.12,2600
SST,20260615,0.99,1,0.98,0.99,2400
SSTRT,20260615,4.48,4.48,4.44,4.46,35800
STA,20260615,18.8,18.9,18.5,18.6,6026500
STANLY,20260615,240,242,239,239,66800
STARM,20260615,0.94,0.97,0.94,0.97,4800
STC,20260615,0.56,0.56,0.54,0.56,14300
STECH,20260615,1.05,1.06,1.05,1.05,193100
STECON,20260615,17.3,17.7,16.8,17.3,34653800
STELLA,20260615,0.29,0.31,0.29,0.3,2318700
STGT,20260615,10.7,10.7,10.3,10.5,4134000
STI,20260615,1.72,1.73,1.72,1.73,4200
STOWER,20260615,0.03,0.04,0.02,0.03,827100
STP,20260615,10.8,11,10.8,10.8,25900
STPI,20260615,5.55,5.65,5.45,5.6,14726300
STX,20260615,0.87,0.87,0.83,0.85,3030600
SUC,20260615,27.25,27.25,27,27.25,2900
SUN,20260615,2.4,2.44,2.4,2.42,444300
SUPER,20260615,0.13,0.13,0.12,0.12,34198600
SUPEREIF,20260615,6.05,6.05,6,6.05,72800
SUSCO,20260615,2.06,2.1,2.06,2.06,1079900
SUTHA,20260615,2.78,2.78,2.78,2.78,100
SVOA,20260615,1.72,1.75,1.72,1.75,1178700
SVR,20260615,0.3,0.3,0.3,0.3,27000
SVT,20260615,1.28,1.33,1.28,1.29,1599500
SWC,20260615,4.48,4.48,4.4,4.46,27900
SYMC,20260615,4.88,4.92,4.84,4.92,91600
SYNEX,20260615,9.2,9.2,9.05,9.15,723900
SYNTEC,20260615,1.68,1.69,1.66,1.67,746100
TACC,20260615,5.85,5.9,5.75,5.8,1767700
TAE,20260615,1.62,1.62,1.43,1.44,15803200
TAKUNI,20260615,0.37,0.38,0.37,0.37,768200
TAN,20260615,3.84,3.84,3.78,3.78,33800
TASCO,20260615,13.9,14,13.8,14,11350300
TATG,20260615,0.97,0.97,0.96,0.97,187300
TBN,20260615,3.66,3.66,3.52,3.64,4900
TBSP,20260615,1.02,1.02,1.01,1.01,200
TC,20260615,5.7,5.7,5.65,5.7,18600
TCAP,20260615,61.5,61.75,60.75,61,1682700
TCC,20260615,0.33,0.34,0.32,0.33,163200
TCJ,20260615,2.36,2.4,2.36,2.38,10000
TCMC,20260615,0.31,0.31,0.3,0.3,230700
TEAM,20260615,5,5.15,4.82,4.88,10582500
TEAMG,20260615,3.06,3.06,2.98,3,4240200
TEGH,20260615,3.14,3.14,3.1,3.1,358800
TEKA,20260615,1.69,1.73,1.68,1.72,18100
TERA,20260615,1.08,1.1,1.03,1.05,158300
TFFIF,20260615,6.6,6.6,6.55,6.6,1802700
TFG,20260615,8.95,9.05,8.8,8.9,17314900
TFI,20260615,0.04,0.05,0.04,0.04,415800
TFM,20260615,6.5,6.55,6.45,6.55,217100
TFMAMA,20260615,187,187.5,186,187,4200
TGE,20260615,1.08,1.08,1.03,1.03,99100
TGH,20260615,10.5,10.5,10.5,10.5,1000
TGPRO,20260615,0.03,0.04,0.03,0.03,1377400
TH,20260615,0.47,0.48,0.47,0.47,474100
THAI,20260615,7.1,7.2,6.9,7.15,162722400
THANA,20260615,1.54,1.55,1.53,1.53,152700
THANI,20260615,1.66,1.68,1.64,1.68,12461100
THCOM,20260615,11.8,12,11.5,11.6,10312800
THE,20260615,0.83,0.83,0.76,0.76,33700
THG,20260615,7.5,7.6,7.4,7.45,361800
THIP,20260615,20.5,20.5,20.5,20.5,9100
THMUI,20260615,0.31,0.32,0.3,0.31,101200
THRE,20260615,0.36,0.36,0.35,0.35,1346800
THREL,20260615,1,1,0.99,1,137600
TIDLOR,20260615,17.8,18.1,17.6,18,53554900
TIF1,20260615,7.85,7.85,7.8,7.8,1300
TIGER,20260615,0.27,0.34,0.27,0.34,457400
TIPCO,20260615,6,6.05,6,6,43500
TIPH,20260615,21.9,21.9,21.7,21.8,190800
TISCO,20260615,114.5,115,114,115,2507500
TITLE,20260615,7.75,7.8,7.65,7.7,219100
TK,20260615,4.12,4.12,4.1,4.12,4100
TKC,20260615,9.6,9.6,9.35,9.35,23200
TKN,20260615,4.04,4.06,3.98,4,1253700
TKS,20260615,7.2,7.3,7.2,7.3,141400
TKT,20260615,0.68,0.7,0.68,0.7,4300
TL,20260615,0.39,0.4,0.37,0.37,7311900
TLHPF,20260615,4.58,4.6,4.5,4.5,12400
TLI,20260615,11.2,11.3,10.9,11.1,21388200
TM,20260615,0.94,0.94,0.92,0.92,176000
TMAN,20260615,10.7,11,10.7,10.8,146500
TMC,20260615,0.69,0.7,0.69,0.7,32800
TMD,20260615,26.75,26.75,26.25,26.25,1600
TMI,20260615,0.47,0.47,0.46,0.46,80500
TMILL,20260615,2.4,2.4,2.36,2.4,4300
TMT,20260615,3.34,3.34,3.34,3.34,7200
TMW,20260615,59.5,59.75,59.25,59.75,51000
TNDT,20260615,0.13,0.14,0.13,0.14,224000
TNH,20260615,29.25,29.75,29.25,29.75,2800
TNITY,20260615,2.46,2.46,2.44,2.44,7900
TNP,20260615,2.78,2.8,2.76,2.78,308300
TNPC,20260615,0.94,0.94,0.94,0.94,13300
TNR,20260615,5.2,5.2,5.15,5.2,3400
TOA,20260615,12.3,12.8,12.3,12.8,11058900
TOG,20260615,6.85,6.85,6.85,6.85,204900
TOP,20260615,44.5,44.5,43,44,17024600
TPA,20260615,2.7,2.7,2.48,2.68,15500
TPAC,20260615,8.3,8.35,8.2,8.35,62300
TPBI,20260615,3,3.02,3,3,82700
TPCH,20260615,1.39,1.41,1.39,1.4,171500
TPIPL,20260615,0.78,0.79,0.77,0.77,6634100
TPIPP,20260615,1.76,1.76,1.74,1.75,1068700
TPL,20260615,0.54,0.55,0.51,0.53,69000
TPLAS,20260615,1.12,1.12,1.06,1.07,23800
TPOLY,20260615,0.1,0.12,0.1,0.12,189500
TPP,20260615,12,12,12,12,1000
TPRIME,20260615,7.65,7.7,7.35,7.7,27000
TPS,20260615,3.16,3.28,3.14,3.24,264200
TQM,20260615,13.5,13.6,13.4,13.6,382200
TQR,20260615,5.3,5.35,5.3,5.3,6000
TRC,20260615,0.58,0.63,0.58,0.6,1823500
TRITN,20260615,0.02,0.03,0.02,0.02,24449800
TRP,20260615,4.18,4.2,4.16,4.2,27500
TRT,20260615,12,12,11.6,11.8,4117700
TRU,20260615,3.8,3.84,3.8,3.84,38300
TRUBB,20260615,1.1,1.1,1.05,1.06,6570100
TRUE,20260615,14.1,14.2,13.8,13.9,190801800
TRV,20260615,1.45,1.45,1.45,1.45,10200
TSC,20260615,14.7,14.8,14.7,14.7,59900
TSE,20260615,0.76,0.77,0.7,0.72,9924800
TSI,20260615,0.05,0.06,0.05,0.06,500100
TSTE,20260615,10.6,10.6,10.6,10.6,10000
TSTH,20260615,0.89,0.9,0.88,0.9,3302800
TTA,20260615,5,5.05,4.8,4.8,10145200
TTB,20260615,2.36,2.38,2.34,2.36,4332246367
TTLPF,20260615,9.55,9.55,9.45,9.5,230500
TTT,20260615,44,44.25,43.75,44.25,11100
TTW,20260615,9.4,9.4,9.35,9.4,2155000
TU,20260615,11.4,11.6,11.3,11.4,8701300
TU-PF,20260615,1.16,1.17,1.11,1.11,1200
TURBO,20260615,1.44,1.46,1.43,1.46,22020700
TVDH,20260615,0.05,0.05,0.05,0.05,6700
TVH,20260615,10,10.1,10,10.1,33600
TVO,20260615,26.25,26.5,26.25,26.5,857800
TVT,20260615,0.19,0.2,0.19,0.2,326300
TWP,20260615,1.18,1.2,1.18,1.19,3100
TWPC,20260615,2.86,2.88,2.84,2.86,90100
TWZ,20260615,0.01,0.02,0.01,0.01,1837100
TYCN,20260615,1.66,1.66,1.66,1.66,3000
UAC,20260615,2.62,2.64,2.58,2.6,299600
UBA,20260615,1.09,1.11,1.08,1.11,891100
UBE,20260615,0.56,0.57,0.55,0.55,4323500
UBIS,20260615,1.09,1.15,1.09,1.1,531400
UEC,20260615,0.84,0.85,0.83,0.83,8500
UKEM,20260615,0.99,1,0.92,0.93,10630200
UMI,20260615,0.88,0.9,0.87,0.87,825200
UMS,20260615,1.44,1.63,1.16,1.26,25345500
UNIQ,20260615,2.76,2.76,2.68,2.68,162000
UNIX,20260615,1.65,1.69,1.65,1.66,2269900
UP,20260615,23.5,23.6,23.5,23.6,6000
UPOIC,20260615,6.8,6.85,6.75,6.8,5400
UREKA,20260615,0.49,0.52,0.45,0.46,108294200
UTP,20260615,7.95,8,7.85,7.9,367200
UV,20260615,0.85,0.85,0.84,0.84,338700
UVAN,20260615,14.4,14.6,14.3,14.3,578200
VARO,20260615,3.98,4,3.96,4,58100
VCOM,20260615,3.9,3.92,3.8,3.82,532000
VGI,20260615,0.9,0.92,0.89,0.91,118024900
VIBE,20260615,0.35,0.35,0.34,0.35,14500
VIBHA,20260615,1.37,1.37,1.35,1.35,447700
VIH,20260615,8.1,8.15,8.05,8.1,90100
VL,20260615,0.79,0.81,0.79,0.8,146100
VNG,20260615,1.9,1.9,1.9,1.9,2800
VPO,20260615,0.47,0.47,0.45,0.46,1634800
VRANDA,20260615,4.42,4.44,4.38,4.44,38100
VS,20260615,0.25,0.26,0.25,0.25,5100
WACOAL,20260615,15.3,15.6,15.2,15.4,35100
WARRIX,20260615,1.38,1.39,1.36,1.37,776400
WASH,20260615,4.02,4.02,3.98,3.98,197200
WAVE,20260615,0.03,0.03,0.02,0.03,25515700
WFX,20260615,0.97,0.99,0.95,0.98,45000
WGE,20260615,0.71,0.75,0.7,0.7,182100
WHA,20260615,5.1,5.15,4.96,4.98,224315000
WHABT,20260615,5.85,5.9,5.85,5.9,48800
WHAIR,20260615,7.45,7.5,7.4,7.5,703200
WHART,20260615,10.8,10.8,10.6,10.8,1960800
WHAUP,20260615,6.1,6.2,6.05,6.15,10311500
WICE,20260615,2.66,2.66,2.52,2.54,657700
WIIK,20260615,0.94,1.08,0.94,1.03,21692700
WIN,20260615,0.27,0.29,0.26,0.28,716000
WINDOW,20260615,0.71,0.71,0.71,0.71,76200
WINMED,20260615,0.77,0.8,0.77,0.78,4600
WINNER,20260615,2.1,2.1,2.08,2.1,40300
WORK,20260615,3.54,3.58,3.52,3.54,33000
WP,20260615,3.56,3.6,3.52,3.52,106700
WPH,20260615,5.8,5.85,5.75,5.85,369400
XBIO,20260615,0.08,0.08,0.07,0.07,15841400
XO,20260615,16.7,17.4,16.5,16.5,2234400
XPG,20260615,0.46,0.47,0.45,0.46,5712600
XYZ,20260615,0.29,0.3,0.29,0.29,169400
YGG,20260615,0.2,0.2,0.19,0.2,159800
YONG,20260615,0.7,0.7,0.68,0.7,41300
YUASA,20260615,14.4,14.5,14.2,14.4,4100
ZAA,20260615,1.67,1.69,1.61,1.69,58300
ZEN,20260615,5.35,5.45,5.3,5.4,10500
ZIGA,20260615,0.86,0.88,0.86,0.86,1978700
RABBIT-P-O,20260615,0.32,0.32,0.32,0.32,1
RABBIT-P,20260615,0.36,0.37,0.35,0.37,740100
VAYU1-O,20260615,11.4,11.4,11.3,11.4,226
VAYU1,20260615,11.4,11.4,11.3,11.4,1318100
!AGRO,20260615,309.9,310.83,308.15,309.5,15861480000
!CONSUMP,20260615,44.89,44.95,44.29,44.69,1321120000
!FINCIAL,20260615,166.09,166.38,164.72,165.46,485190836700
!INDUS,20260615,64.78,64.78,63.26,63.72,21632700000
!PROPCON,20260615,78.83,79.17,78.51,79.15,76331340000
!RESOURC,20260615,171.5,171.57,168.22,168.9,110471010000
!SERVICE,20260615,293.58,294.58,291.46,293.75,136531820000
!TECH,20260615,733.01,737.49,715.89,718.37,58532040000
$AGRI,20260615,205.37,206.09,203.53,204.12,2373260000
$AUTO,20260615,322.79,323.53,321.5,322.09,2070790000
$BANK,20260615,535.62,536.71,530.48,532.94,447560466700
$COMM,20260615,20388,20432.7,20138.4,20290.9,17382230000
$CONMAT,20260615,5926.22,6004.29,5876.15,5983.3,9185610000
$CONS,20260615,44.64,45.26,44.19,44.85,16430760000
$ENERG,20260615,19561.5,19569.5,19186.8,19264.4,110471010000
$ETRON,20260615,41409.2,41739.9,40387.8,40529.1,14098360000
$FASHION,20260615,489.8,490.98,481.63,484.25,335260000
$FIN,20260615,1999.1,2015.58,1987,2008.7,34708620000
$FOOD,20260615,8592.65,8617.96,8544.27,8586.39,13488220000
$HELTH,20260615,4183.81,4214.68,4170.22,4204.86,10467690000
$HOME,20260615,15.63,15.93,15.63,15.77,187250000
$ICT,20260615,231.39,232.54,226.56,227.51,44433680000
$IMM,20260615,22.3,22.47,22.24,22.4,7060390000
$INSUR,20260615,9481.03,9539.36,9334.36,9431.99,2921750000
$MEDIA,20260615,15.17,15.28,14.93,15.12,16071600000
$PAPER,20260615,2236.44,2250.5,2208.31,2222.37,36720000
$PERSON,20260615,76.87,76.91,75.42,76.69,798610000
$PETRO,20260615,616.11,616.11,591.88,598.79,9378760000
$PF&REIT,20260615,139.22,140.31,138.98,140.31,1940420000
$PKG,20260615,2696.14,2698.61,2654.51,2679.53,1879500000
$PROF,20260615,129.78,130.26,128.15,129.65,3179540000
$PROP,20260615,171.82,172.2,170.24,171.69,48774550000
$STEEL,20260615,19.68,19.69,19.39,19.45,1206540000
$TOURISM,20260615,425.77,448.36,424.43,445.63,21536300000
$TRANS,20260615,234.71,236.11,231.83,233.73,67894460000
MAI,20260615,218.05,219.32,217.59,218.09,492942838
SET,20260615,1607.89,1609.71,1585.61,1591.72,15888247815
SET100,20260615,2219.46,2220.72,2188.7,2197.78,7843957067
SET50,20260615,1036.44,1037.02,1021.99,1025.79,6274295067
SETHD,20260615,1352.77,1353.73,1335.96,1340.71,5076960667
3BBIF-F,20260615,6.8,6.8,6.8,6.8,100
BBL-F,20260615,173,173,173,173,5000
BDMS-F,20260615,18.2,18.2,18.2,18.2,500
FTREIT-F,20260615,11.8,11.8,11.8,11.8,100
PTT-F,20260615,35.75,35.75,34.75,34.75,154100
RCL-F,20260615,31,32,31,32,200
TTB-F,20260615,2.34,2.36,2.34,2.36,38000
!AGRO-M,20260615,62.06,62.87,61.41,61.75,1629070000
!CONSUMP-M,20260615,11.79,11.84,11.65,11.7,1002140000
!FINCIAL-M,20260615,30.78,31.12,30.64,30.94,979490000
!INDUS-M,20260615,44.61,44.73,44.23,44.29,13772990000
!PROPCON-M,20260615,13.93,14.54,13.93,14.38,8159000000
!RESOURC-M,20260615,18.33,19.17,17.2,17.34,3311370000
!SERVICE-M,20260615,41.88,42.01,41.76,42.01,8712140000
!TECH-M,20260615,18.91,18.97,18.72,18.95,1324360000
AAV13C2610A,20260615,0.2,0.22,0.19,0.22,8133900
AAV41C2702T,20260615,0.22,0.23,0.22,0.23,2071800
ABBV80,20260615,7.4,7.45,7.35,7.45,43152
ADVANC13C2610A,20260615,0.51,0.52,0.42,0.43,14778700
ADVANC19C2611A,20260615,0.53,0.54,0.46,0.46,7395300
ADVANC41C2610A,20260615,0.49,0.5,0.41,0.41,9717100
AMAT23,20260615,7.3,7.8,7.15,7.8,398467
AMATA01C2610A,20260615,0.96,1.07,0.96,0.99,490100
AMATA01C2612A,20260615,0.2,0.23,0.19,0.21,10062000
AMATA01C2706T,20260615,0.38,0.41,0.38,0.39,6309500
AMATA01P2610A,20260615,0.26,0.26,0.22,0.25,3639000
AMATA13C2610A,20260615,0.99,0.99,0.99,0.99,300
AMATA13C2611A,20260615,0.25,0.29,0.24,0.24,12665400
AMATA13P2610A,20260615,0.25,0.25,0.22,0.25,5289600
AMATA19C2610B,20260615,0.26,0.29,0.25,0.25,5784200
AMATA41C2611A,20260615,0.23,0.26,0.22,0.23,10180000
AMATA41C2702T,20260615,0.21,0.23,0.21,0.23,3200000
ANET80,20260615,5.2,5.5,5.2,5.5,680767
AOT01C2705T,20260615,0.43,0.43,0.42,0.42,2285300
AOT13C2609A,20260615,0.51,0.52,0.48,0.48,6217100
AOT19C2611A,20260615,0.44,0.44,0.41,0.41,5711600
AOT41C2609A,20260615,0.49,0.49,0.45,0.45,3210000
ASEMI23,20260615,8.15,8.25,8.05,8.25,60464
ASTR-O,20260615,3.5,4.86,3.5,4.86,2
AWC13C2611A,20260615,0.31,0.34,0.3,0.34,4201000
AWC41C2611A,20260615,0.3,0.33,0.28,0.33,7870000
BA01C2611A,20260615,0.48,0.48,0.46,0.46,1339400
BA01C2706T,20260615,0.34,0.34,0.34,0.34,203000
BA13C2611A,20260615,0.44,0.44,0.42,0.43,7347900
BA19C2611A,20260615,0.42,0.42,0.4,0.4,790600
BABA28C2610A,20260615,0.17,0.17,0.16,0.16,2023000
BABA41C2612A,20260615,0.13,0.14,0.13,0.13,1442000
BAM13C2610A,20260615,0.2,0.2,0.18,0.19,8286900
BCH13C2610A,20260615,0.28,0.28,0.26,0.28,1948700
BCP01C2610A,20260615,0.12,0.12,0.11,0.11,5547200
BCP13C2611A,20260615,0.23,0.23,0.21,0.22,8347900
BCPG01C2611A,20260615,0.27,0.3,0.27,0.3,3321300
BCPG01C2705T,20260615,0.21,0.22,0.21,0.22,1454100
BCPG13C2610A,20260615,0.14,0.16,0.14,0.16,3903300
BCPG13C2611A,20260615,0.28,0.31,0.27,0.31,8556200
BCPG41C2610A,20260615,0.13,0.14,0.12,0.14,2220000
BDMS01C2611A,20260615,0.25,0.26,0.25,0.26,627500
BDMS01C2706T,20260615,0.27,0.27,0.27,0.27,536500
BDMS13C2610A,20260615,0.23,0.24,0.23,0.24,63000
BGRIM01C2706T,20260615,0.34,0.37,0.34,0.37,4395000
BGRIM01P2612A,20260615,0.35,0.35,0.3,0.32,9300100
BGRIM13C2611A,20260615,0.45,0.54,0.44,0.51,32365000
BGRIM13P2611A,20260615,0.3,0.3,0.25,0.26,4176500
BGRIM19C2610A,20260615,0.43,0.54,0.43,0.52,3307300
BH01P2611A,20260615,0.57,0.57,0.53,0.53,4317000
BH13C2610A,20260615,0.59,0.65,0.59,0.65,17122500
BH13P2611A,20260615,0.57,0.57,0.53,0.53,8723300
BH19C2610A,20260615,0.57,0.63,0.57,0.63,9347700
BH41C2610A,20260615,0.57,0.63,0.57,0.63,11363900
BILIBI41C2610A,20260615,0.19,0.2,0.19,0.2,200
BJC13C2610A,20260615,0.2,0.21,0.2,0.2,223900
BJC41C2610A,20260615,0.18,0.18,0.18,0.18,600000
BLA01C2612A,20260615,0.12,0.13,0.12,0.12,3107800
BLA01P2612A,20260615,0.41,0.44,0.41,0.42,2786900
BLA13C2610A,20260615,0.39,0.4,0.34,0.36,6425000
BLA13C2611A,20260615,0.15,0.16,0.14,0.15,7745100
BLA41C2702T,20260615,0.38,0.39,0.36,0.38,17077000
BOEING80,20260615,7.15,7.3,7.15,7.3,22360
BRKB23,20260615,5.35,5.35,5.3,5.35,1073
BTG01C2611A,20260615,0.39,0.43,0.39,0.41,3921100
BTG01P2611A,20260615,0.55,0.56,0.52,0.53,3117100
BTG13C2610A,20260615,0.3,0.33,0.28,0.31,28673400
BTG19C2611A,20260615,0.36,0.39,0.35,0.37,5487900
BTS01C2612A,20260615,0.19,0.19,0.18,0.18,3173000
BTS13C2611A,20260615,0.2,0.2,0.19,0.2,8669500
BTS41C2611A,20260615,0.18,0.18,0.18,0.18,1160000
BWG-W8,20260615,0.05,0.05,0.04,0.05,6131900
BWG-W8-O,20260615,0.04,0.05,0.03,0.03,2723
CATHAY41C2610A,20260615,0.23,0.23,0.23,0.23,200
CATL41C2612A,20260615,0.55,0.58,0.53,0.58,3400
CBG01C2611A,20260615,0.35,0.35,0.33,0.34,2899000
CBG01P2611A,20260615,0.35,0.38,0.35,0.37,3345300
CBG13P2609A,20260615,0.19,0.19,0.18,0.18,1500300
CBG19C2611A,20260615,0.33,0.33,0.31,0.32,3362700
CCET13C2610A,20260615,0.69,0.75,0.62,0.68,66570200
CCET13C2610B,20260615,0.48,0.52,0.43,0.48,35308300
CCET13C2611A,20260615,0.24,0.26,0.22,0.23,37410500
CCET19C2610A,20260615,0.85,0.89,0.75,0.79,199000
CCET19C2610B,20260615,0.55,0.61,0.5,0.55,10912600
CCET19C2611A,20260615,0.22,0.24,0.2,0.21,4097800
CCET41C2701T,20260615,0.54,0.57,0.54,0.55,5666100
CCET41C2702T,20260615,0.48,0.5,0.46,0.47,9200200
CENTEL19C2610A,20260615,0.34,0.39,0.34,0.39,1484300
CHG13C2610A,20260615,0.26,0.27,0.26,0.27,1722000
CK01C2611A,20260615,0.38,0.41,0.36,0.4,5774400
CK01C2705T,20260615,0.39,0.41,0.38,0.4,5550500
CK01P2611A,20260615,0.68,0.7,0.65,0.66,5588000
CK13C2610A,20260615,0.46,0.5,0.44,0.49,29278100
CK13P2611A,20260615,0.58,0.59,0.55,0.55,7577800
CK41C2610A,20260615,0.45,0.49,0.43,0.48,19290600
CNRE80,20260615,2.4,2.44,2.4,2.44,144224
COHR23,20260615,6.05,6.75,5.85,6.65,2166609
COIN23,20260615,2.64,2.76,2.64,2.74,471
COIN80,20260615,5.25,5.5,5.15,5.5,602219
COM701C2610A,20260615,0.16,0.16,0.16,0.16,588300
COM713C2610A,20260615,0.67,0.67,0.67,0.67,5000
COM713C2610B,20260615,0.22,0.22,0.21,0.21,1160800
COM719C2610A,20260615,0.24,0.24,0.23,0.23,3538100
CPALL01P2612A,20260615,0.37,0.39,0.36,0.38,2670200
CPALL13P2610A,20260615,0.22,0.24,0.22,0.23,3258000
CPF01C2612A,20260615,0.3,0.3,0.3,0.3,807500
CPF01P2612A,20260615,0.4,0.4,0.4,0.4,1578000
CPF13C2611A,20260615,0.3,0.3,0.29,0.29,308000
CPF19C2701T,20260615,0.31,0.31,0.31,0.31,141300
CPN01C2611A,20260615,0.4,0.4,0.38,0.39,2754800
CPN01C2706T,20260615,0.4,0.4,0.39,0.39,2128700
CRC01C2611A,20260615,0.39,0.41,0.37,0.41,4450600
CRC01P2611A,20260615,0.59,0.6,0.57,0.57,2903000
CRC13C2610A,20260615,0.43,0.44,0.4,0.44,7863500
CRC41C2610A,20260615,0.41,0.42,0.38,0.41,5330000
DELTA01C2609A,20260615,1.02,1.03,0.93,0.93,12020900
DELTA01C2610A,20260615,0.76,0.77,0.69,0.69,13579800
DELTA01C2705T,20260615,0.8,0.81,0.77,0.77,5134700
DELTA01P2609A,20260615,0.28,0.29,0.26,0.29,8063500
DELTA01P2610A,20260615,0.61,0.64,0.6,0.63,6198400
DELTA13C2609B,20260615,0.86,0.87,0.78,0.78,22279800
DELTA13C2610A,20260615,0.54,0.55,0.5,0.5,15302700
DELTA13P2609A,20260615,0.38,0.38,0.35,0.37,13864100
DELTA13P2610A,20260615,0.79,0.83,0.77,0.82,12798300
DELTA19C2609A,20260615,0.67,0.67,0.59,0.6,4865200
DELTA19P2610A,20260615,0.48,0.51,0.48,0.51,5209100
DELTA19P2610B,20260615,0.6,0.62,0.58,0.62,2758100
DELTA41C2609B,20260615,0.83,0.84,0.75,0.76,13094700
DELTA41C2610A,20260615,0.52,0.52,0.48,0.48,10073500
DELTA41C2702T,20260615,0.52,0.52,0.49,0.49,7258300
DELTA41P2609A,20260615,0.37,0.39,0.37,0.39,14800
DISCO24,20260615,1.2,1.23,1.19,1.21,1774053
DJI41C2609A,20260615,0.73,0.75,0.72,0.72,23700
DJI41P2609A,20260615,0.36,0.37,0.35,0.36,50300
DOHOME01C2610A,20260615,0.32,0.32,0.3,0.3,2131300
DOHOME13C2610A,20260615,0.34,0.35,0.33,0.33,4026200
EA13C2610A,20260615,0.45,0.45,0.35,0.35,764000
EA13C2610B,20260615,0.27,0.27,0.21,0.21,20644900
EA13P2611A,20260615,0.7,0.76,0.7,0.76,7322100
EA19C2610A,20260615,0.28,0.28,0.22,0.22,6887900
EA19P2611A,20260615,0.71,0.78,0.71,0.78,4046000
EA41C2610B,20260615,0.26,0.26,0.21,0.21,7444600
EGCO13C2610A,20260615,0.3,0.31,0.3,0.31,1992500
ERW01C2610A,20260615,0.39,0.42,0.36,0.42,4762400
ERW01C2706T,20260615,0.28,0.29,0.28,0.29,3340600
ERW13C2610A,20260615,0.29,0.32,0.27,0.3,11262700
ERW41C2610A,20260615,0.28,0.3,0.26,0.3,7300000
GEV80,20260615,30,31.75,30,31.75,13238
GFPT13C2611A,20260615,0.37,0.38,0.37,0.38,698600
GLOBAL01C2611A,20260615,0.19,0.19,0.16,0.18,14766100
GLOBAL13C2610A,20260615,0.16,0.17,0.14,0.16,3955800
GLOBAL13C2611A,20260615,0.33,0.34,0.3,0.34,5472500
GLOBAL19C2611A,20260615,0.33,0.33,0.29,0.32,5075100
GOLDUS80,20260615,12.7,13,12.6,13,81187
GPSC01C2611A,20260615,0.41,0.41,0.38,0.38,4536500
GPSC01P2611A,20260615,0.34,0.36,0.34,0.35,6322300
GPSC13C2611A,20260615,0.39,0.39,0.37,0.37,5475400
GSEMI24,20260615,2.68,2.74,2.68,2.74,217679
GULF01C2611A,20260615,0.37,0.37,0.34,0.35,8734100
GULF01P2610A,20260615,0.44,0.46,0.44,0.45,3985100
GULF13P2610A,20260615,0.23,0.24,0.23,0.23,9273600
GULF19C2610A,20260615,0.44,0.44,0.41,0.43,21173500
GULF19C2611A,20260615,0.36,0.36,0.34,0.35,7195600
GULF19P2611A,20260615,0.54,0.56,0.54,0.55,4221200
GUNKUL01C2610A,20260615,0.97,0.97,0.8,0.85,1876400
GUNKUL01C2610B,20260615,0.61,0.61,0.46,0.51,3684400
GUNKUL01C2611A,20260615,0.48,0.49,0.38,0.42,18144000
GUNKUL01P2611A,20260615,0.43,0.52,0.43,0.48,11352200
GUNKUL13C2610A,20260615,0.7,0.7,0.54,0.6,58717100
GUNKUL13C2611A,20260615,0.47,0.49,0.37,0.4,49824400
GUNKUL13P2610A,20260615,0.4,0.49,0.4,0.45,16987800
GUNKUL19C2610A,20260615,0.59,0.67,0.58,0.65,781400
GUNKUL19C2610B,20260615,0.49,0.51,0.37,0.41,17513800
GUNKUL41C2610A,20260615,0.67,0.67,0.52,0.58,26511700
GUNKUL41C2611A,20260615,0.45,0.45,0.34,0.38,20180100
HANA01C2610A,20260615,0.43,0.43,0.38,0.41,10147400
HANA01C2705T,20260615,0.3,0.3,0.29,0.3,3048300
HANA01P2610A,20260615,0.3,0.32,0.3,0.31,8127500
HANA01P2611A,20260615,0.42,0.45,0.42,0.44,2799800
HANA13C2609A,20260615,0.45,0.46,0.42,0.44,14770100
HANA13C2609B,20260615,0.24,0.24,0.21,0.23,13017600
HANA13C2610A,20260615,0.31,0.31,0.27,0.3,14536300
HANA13C2611A,20260615,0.51,0.51,0.46,0.49,18076900
HANA13C2703T,20260615,0.39,0.39,0.36,0.38,11225700
HANA13P2609A,20260615,0.17,0.18,0.16,0.16,6939100
HANA19C2609B,20260615,0.39,0.39,0.35,0.37,2984400
HANA19P2609A,20260615,0.14,0.14,0.14,0.14,803000
HANA41C2609B,20260615,0.21,0.21,0.21,0.21,1920000
HANA41C2610A,20260615,0.3,0.3,0.27,0.28,8675200
HANA41P2609A,20260615,0.16,0.17,0.16,0.16,30000
HITACHI24,20260615,1.22,1.24,1.22,1.23,209139
HSCEI18C2609A,20260615,0.4,0.4,0.39,0.39,600000
HSCEI18P2608A,20260615,0.94,0.96,0.94,0.96,1200000
HSI18C2608A,20260615,0.23,0.23,0.22,0.22,32300
HSI18C2609A,20260615,0.34,0.34,0.34,0.34,10500
HSI18P2608A,20260615,0.89,0.9,0.89,0.89,3000000
HSI18P2609A,20260615,0.4,0.4,0.4,0.4,27600
HSI28C2607B,20260615,0.27,0.29,0.27,0.27,27828500
HSI28C2607C,20260615,0.49,0.52,0.48,0.49,36654200
HSI28C2608A,20260615,0.2,0.2,0.19,0.19,2971400
HSI28C2608B,20260615,0.41,0.44,0.41,0.42,12389700
HSI28C2608C,20260615,0.66,0.69,0.65,0.66,2459500
HSI28C2609A,20260615,0.27,0.28,0.27,0.27,566100
HSI28C2609B,20260615,0.94,0.97,0.94,0.95,28300
HSI28C2609C,20260615,0.53,0.54,0.52,0.53,1081600
HSI28P2607B,20260615,0.51,0.55,0.49,0.51,25983500
HSI28P2608A,20260615,0.48,0.7,0.46,0.47,510600
HSI28P2608C,20260615,0.24,0.24,0.23,0.23,106500
HSI28P2609A,20260615,0.5,0.51,0.5,0.5,3400
HSTECH18C2608A,20260615,0.39,0.41,0.39,0.4,1260000
HSTECH18C2609A,20260615,0.46,0.47,0.46,0.47,640000
HSTECH18P2609A,20260615,0.72,0.72,0.69,0.7,6000000
HSTECH28C2609A,20260615,0.39,0.39,0.38,0.38,400
HUAHON41C2612A,20260615,0.66,0.66,0.62,0.64,3700
INTEL23,20260615,5.5,6.1,5.45,6,4118248
IRPC01P2610A,20260615,0.47,0.49,0.45,0.48,4410100
IRPC13P2610A,20260615,0.37,0.39,0.37,0.38,6617200
IRPC19C2610A,20260615,0.08,0.08,0.08,0.08,1782000
IRPC41C2702T,20260615,0.15,0.15,0.15,0.15,1200000
ITTHI-W1,20260615,0.51,0.51,0.49,0.49,119700
ITTHI-W1-O,20260615,0.51,0.51,0.51,0.51,100
IVL01C2610A,20260615,0.33,0.33,0.31,0.31,6363200
IVL01C2706T,20260615,0.25,0.25,0.24,0.24,2136200
IVL01P2610A,20260615,0.41,0.45,0.41,0.44,2879200
IVL13C2611A,20260615,0.57,0.57,0.48,0.49,12972900
IVL13P2611A,20260615,0.7,0.76,0.7,0.76,4208600
IVL19C2610A,20260615,0.37,0.37,0.31,0.31,5895000
JAS13C2611A,20260615,0.27,0.28,0.24,0.24,3990300
JAS19C2611A,20260615,0.31,0.31,0.28,0.28,1748900
JD41C2612A,20260615,0.41,0.41,0.41,0.41,800
JLMAG80,20260615,7.8,7.95,7.8,7.95,7337
JMART01C2610A,20260615,0.61,0.67,0.6,0.65,5418600
JMART01C2611A,20260615,0.13,0.14,0.13,0.13,4931500
JMART13C2610A,20260615,0.45,0.51,0.44,0.49,45142100
JMART13C2611A,20260615,0.18,0.2,0.17,0.19,6485600
JMART41C2611A,20260615,0.16,0.17,0.16,0.17,6060000
JMT01C2610A,20260615,0.23,0.23,0.21,0.22,8697200
JMT01C2611A,20260615,0.2,0.2,0.19,0.2,9512000
JMT13C2610A,20260615,0.25,0.27,0.24,0.26,7152000
JMT13C2610B,20260615,0.67,0.67,0.67,0.67,3000
JMT19C2611A,20260615,0.27,0.28,0.25,0.27,12527400
JMT41C2610A,20260615,0.25,0.25,0.22,0.24,11550000
JPANIME24,20260615,1.19,1.19,1.19,1.19,205
JPROBOAI24,20260615,1.37,1.39,1.37,1.39,9501
JPSEMI24,20260615,1.59,1.63,1.59,1.62,420216
KBANK01C2611A,20260615,0.21,0.21,0.2,0.2,2438100
KBANK13C2610A,20260615,0.26,0.26,0.23,0.24,12701400
KBANK41C2610A,20260615,0.23,0.24,0.21,0.21,306300
KCE01C2610A,20260615,0.41,0.41,0.35,0.35,9793700
KCE01C2705T,20260615,0.34,0.34,0.31,0.32,3202100
KCE13C2609B,20260615,0.44,0.45,0.38,0.39,8344500
KCE13C2610A,20260615,0.33,0.33,0.28,0.3,14700800
KCE13C2703T,20260615,0.41,0.41,0.37,0.38,5766100
KCE13P2609A,20260615,0.1,0.11,0.1,0.11,2296300
KCE13P2610A,20260615,0.3,0.33,0.3,0.32,1994000
KCE19C2609B,20260615,0.49,0.49,0.42,0.43,8441400
KCE19C2610A,20260615,0.4,0.4,0.34,0.34,8308500
KCE19P2609A,20260615,0.09,0.1,0.09,0.09,2161600
KCE19P2610A,20260615,0.27,0.29,0.27,0.29,2562500
KCE41C2609B,20260615,0.42,0.42,0.37,0.38,4140000
KCE41C2610A,20260615,0.32,0.32,0.28,0.28,3369000
KKP01C2612A,20260615,0.68,0.7,0.65,0.65,4581500
KKP01P2612A,20260615,0.79,0.81,0.77,0.8,4049600
KKP13C2610A,20260615,0.46,0.47,0.43,0.44,26173900
KKP13P2611A,20260615,0.78,0.81,0.77,0.79,3048700
KLAC23,20260615,8.65,8.7,8.65,8.7,266330
KONAMI24,20260615,1.04,1.04,1.03,1.03,2406
KQ15018C2609A,20260615,1.19,1.19,1.13,1.15,11064100
KQ15018C2609B,20260615,1.59,1.59,1.59,1.59,100
KQ15018C2609C,20260615,0.52,0.53,0.52,0.53,1100
KQ15018P2609A,20260615,1.14,1.17,1.14,1.16,34141500
KQ15018P2609B,20260615,1.58,1.61,1.57,1.6,8208100
KS20018C2609A,20260615,1.86,1.87,1.84,1.84,1200
KS20018C2609B,20260615,2.44,2.44,2.38,2.4,26569300
KS20018C2609C,20260615,1.01,1.01,0.97,0.99,34231000
KS20018P2609A,20260615,0.52,0.67,0.52,0.67,743900
KS20018P2609B,20260615,0.81,0.85,0.81,0.84,34801500
KTB01C2611A,20260615,0.19,0.2,0.19,0.19,1157700
KTB41C2702T,20260615,0.2,0.21,0.2,0.21,258900
KTC01C2612A,20260615,0.24,0.24,0.22,0.22,1516200
KTC13C2610A,20260615,0.23,0.23,0.22,0.22,1379000
KUN-W4,20260615,0.03,0.04,0.03,0.03,506400
KUN-W4-O,20260615,0.03,0.03,0.03,0.03,86
LENOVO41C2610A,20260615,3.04,3.2,3.04,3.16,2000
LENOVO41C2612A,20260615,0.39,0.41,0.38,0.4,1700
LITE23,20260615,5.9,6.4,5.7,6.3,4549131
LLY23,20260615,3.84,3.84,3.7,3.7,45724
M01C2611A,20260615,0.4,0.43,0.39,0.43,4088000
M01C2705T,20260615,0.43,0.44,0.43,0.44,2518800
M13C2610A,20260615,0.31,0.35,0.31,0.35,5373500
M19C2610A,20260615,0.34,0.38,0.34,0.38,7958400
MAOGEP80,20260615,2.52,2.54,2.46,2.5,31128
MCA5041C2609A,20260615,0.24,0.29,0.24,0.29,867000
MELI23,20260615,5.35,5.35,5.2,5.3,6741
MIDEA80,20260615,3.8,3.82,3.76,3.82,17341
MINT01C2612A,20260615,0.47,0.6,0.47,0.59,10475500
MINT13C2609A,20260615,0.44,0.6,0.43,0.58,86564600
MINT13P2610A,20260615,0.29,0.29,0.22,0.22,13434400
MINT19C2610A,20260615,0.4,0.55,0.4,0.54,9413400
MIXUE80,20260615,11.2,11.2,11.1,11.2,6336
MONTAGE80,20260615,15.6,16.1,15.6,16.1,349768
MOUTAI80,20260615,6.15,6.2,6.15,6.2,1599
MP23,20260615,6.3,6.55,6.2,6.55,2052
MP80,20260615,19.2,19.5,18.6,19.3,80510
MTC01C2610A,20260615,0.15,0.17,0.15,0.16,4053700
MTC01C2706T,20260615,0.22,0.22,0.22,0.22,2131700
MTC13C2610A,20260615,0.22,0.24,0.22,0.22,4511400
MTC13P2610A,20260615,0.25,0.25,0.23,0.23,245800
MTC19C2610A,20260615,0.21,0.21,0.21,0.21,2748200
MTC41C2610A,20260615,0.21,0.22,0.21,0.21,4167600
MTC41P2610A,20260615,0.23,0.23,0.23,0.23,100
NBIS23,20260615,7.7,8.45,7.3,8.3,918981
NDX28C2609B,20260615,0.97,1,0.96,0.99,358500
NDX28P2609B,20260615,0.6,0.61,0.59,0.59,154000
NDX41C2609A,20260615,1.13,1.17,1.13,1.14,7037600
NDX41P2609A,20260615,0.47,0.47,0.45,0.45,188000
NEE80,20260615,2.8,2.84,2.78,2.82,290854
NIKKEI18C2609A,20260615,1.39,1.41,1.39,1.4,400
NIKKEI18C2609C,20260615,0.63,0.63,0.62,0.62,200
NIKKEI18P2609A,20260615,0.29,0.3,0.29,0.29,12700
NIKKEI18P2609B,20260615,0.44,0.45,0.44,0.44,379900
NIKKEI28C2609A,20260615,2.38,2.4,2.38,2.4,200
NIKKEI28C2609B,20260615,1.82,1.83,1.77,1.77,500
NIKKEI28C2609C,20260615,1.31,1.32,1.25,1.27,43100
NIKKEI28C2609D,20260615,0.89,0.91,0.85,0.85,229900
NIKKEI28P2609A,20260615,0.62,0.63,0.62,0.63,58100
NIKKEI28P2609B,20260615,0.39,0.42,0.39,0.42,4402600
NIKKEI28P2609C,20260615,0.27,0.28,0.27,0.28,58700
NIKKEI28P2609D,20260615,0.19,0.2,0.19,0.2,12500
NVTS23,20260615,7.45,8.65,7.2,8.5,116214
OIL24,20260615,16.2,16.6,16.2,16.5,9516
ON23,20260615,7.8,8.05,7.55,8.05,40122
OR13C2611A,20260615,0.25,0.25,0.25,0.25,400
OSP13C2610A,20260615,0.31,0.31,0.29,0.3,882100
PANEL-W1,20260615,0.15,0.15,0.14,0.15,356500
PANEL-W2,20260615,0.17,0.17,0.15,0.16,193600
PANEL-W2-O,20260615,0.16,0.16,0.14,0.14,9
PLANB13C2610A,20260615,0.38,0.39,0.34,0.35,6107200
PLANB41C2610A,20260615,0.37,0.37,0.32,0.33,6280000
POPMAR28C2610A,20260615,0.38,0.38,0.37,0.38,1300000
POPMAR41C2610A,20260615,0.45,0.46,0.45,0.46,1000
PR913C2610A,20260615,0.27,0.29,0.27,0.29,2828400
PSTC-W4,20260615,0.09,0.09,0.07,0.08,3742800
PTG01C2611A,20260615,0.2,0.2,0.18,0.2,2909200
PTG13C2610A,20260615,0.2,0.21,0.19,0.21,2039100
PTT01C2611A,20260615,0.12,0.12,0.11,0.11,400100
PTT01C2705T,20260615,0.2,0.2,0.17,0.17,644500
PTT19C2701T,20260615,0.22,0.22,0.19,0.19,434000
PTTEP01C2611A,20260615,0.36,0.36,0.3,0.31,2491900
PTTEP01P2610A,20260615,0.8,0.88,0.79,0.87,5634600
PTTEP13C2611A,20260615,0.37,0.37,0.32,0.32,6450800
PTTEP13P2609A,20260615,0.56,0.62,0.55,0.62,5463100
PTTEP19C2701T,20260615,0.38,0.38,0.33,0.33,1217900
PTTGC01C2611A,20260615,0.2,0.2,0.19,0.19,9429300
PTTGC01P2610A,20260615,0.5,0.55,0.5,0.54,6839100
PTTGC13C2611A,20260615,0.28,0.28,0.23,0.23,5822200
PTTGC13P2610A,20260615,0.5,0.54,0.48,0.51,4440000
PTTGC19C2611A,20260615,0.23,0.23,0.22,0.22,890400
PTTGC41P2610A,20260615,0.46,0.52,0.46,0.52,4900000
RCL01C2612A,20260615,0.32,0.32,0.26,0.26,6087100
RCL13C2610A,20260615,0.34,0.36,0.28,0.29,9167500
RCL41C2610A,20260615,0.35,0.35,0.28,0.28,5360000
RKLB23,20260615,2,2.02,1.64,1.73,18949338
RKLB80,20260615,4.04,4.04,3.26,3.48,19236897
SAWAD01C2611A,20260615,0.34,0.39,0.34,0.39,7470600
SAWAD01P2611A,20260615,0.67,0.67,0.61,0.61,7565200
SAWAD13C2610A,20260615,0.31,0.35,0.31,0.35,8761100
SAWAD19C2610A,20260615,0.22,0.26,0.22,0.26,6861600
SAWAD19C2611A,20260615,0.47,0.51,0.47,0.51,7450100
SAWAD41C2610A,20260615,0.28,0.32,0.28,0.32,10030000
SCB41C2609A,20260615,0.24,0.24,0.23,0.23,960100
SCC13P2609A,20260615,0.17,0.18,0.16,0.16,829800
SCC19C2610A,20260615,0.38,0.42,0.38,0.41,8399500
SCC41C2609A,20260615,0.24,0.27,0.24,0.27,2105400
SCGP01C2610A,20260615,0.13,0.13,0.13,0.13,1880700
SCGP01C2706T,20260615,0.38,0.39,0.38,0.39,3553600
SCGP01P2610A,20260615,0.28,0.28,0.28,0.28,2414800
SCGP13C2609A,20260615,0.12,0.12,0.12,0.12,11398700
SCGP13C2609B,20260615,0.39,0.39,0.38,0.39,1926600
SCGP13P2609A,20260615,0.18,0.19,0.18,0.18,2387000
SCGP19C2610A,20260615,0.2,0.2,0.2,0.2,2898300
SCGP41C2609A,20260615,0.11,0.11,0.11,0.11,3000000
SCGP41C2609B,20260615,0.36,0.37,0.36,0.37,2860000
SET01C2608A,20260615,1.24,1.26,1.06,1.09,2467900
SET01C2610A,20260615,1.2,1.2,1.02,1.06,5378100
SET01C2611A,20260615,0.8,0.8,0.68,0.7,513300
SET01P2608A,20260615,0.1,0.13,0.1,0.13,532000
SET01P2610A,20260615,0.33,0.4,0.33,0.39,2194200
SET01P2611A,20260615,0.63,0.7,0.63,0.67,254400
SET100FF,20260615,2107.68,2109.31,2080.71,2088.91,784395706700
SET5001C2608A,20260615,0.73,0.74,0.63,0.63,8102100
SET5001C2609F,20260615,0.99,0.99,0.86,0.88,6057200
SET5001C2609G,20260615,0.51,0.51,0.43,0.43,2282900
SET5001P2608A,20260615,0.18,0.22,0.18,0.2,11287300
SET5001P2609F,20260615,0.33,0.38,0.33,0.37,112800
SET5001P2609G,20260615,0.56,0.62,0.56,0.62,4744300
SET5001P2610A,20260615,0.54,0.62,0.54,0.61,3061100
SET5013C2606M,20260615,0.1,0.1,0.05,0.06,123738500
SET5013C2609A,20260615,1.09,1.1,0.92,0.93,173751200
SET5013C2609B,20260615,0.76,0.77,0.64,0.65,394322500
SET5013C2609C,20260615,0.53,0.54,0.45,0.45,250082900
SET5013P2609A,20260615,0.3,0.34,0.29,0.34,84578300
SET5013P2609B,20260615,0.39,0.45,0.39,0.44,103708000
SET5013P2609C,20260615,0.57,0.65,0.57,0.64,124922700
SET5013P2609D,20260615,0.84,0.95,0.83,0.93,141795000
SET5013P2609E,20260615,1.07,1.21,1.06,1.19,91412200
SET5019C2609A,20260615,0.81,0.82,0.67,0.68,13541500
SET5019P2609A,20260615,0.52,0.59,0.52,0.58,52858200
SET5019P2609B,20260615,0.37,0.42,0.37,0.42,18351600
SET5019P2609C,20260615,0.6,0.68,0.6,0.68,39328100
SET5041C2609A,20260615,1.02,1.03,0.86,0.87,28686900
SET5041C2609B,20260615,0.71,0.71,0.59,0.61,7146400
SET5041C2609C,20260615,0.49,0.5,0.41,0.41,6709000
SET5041C2609U,20260615,0.37,0.37,0.32,0.33,114600
SET5041P2609A,20260615,0.32,0.32,0.32,0.32,300
SET5041P2609B,20260615,0.4,0.45,0.4,0.44,7421300
SET5041P2609C,20260615,0.6,0.66,0.6,0.66,12760400
SET5041P2609D,20260615,0.85,0.96,0.85,0.94,5604400
SET50FF,20260615,985,985.99,972.44,975.99,627429506700
SETCLMV,20260615,711.56,711.56,703.91,709.16,182971080000
SETESG,20260615,910.76,910.87,900.85,905.73,715653146700
SETWB,20260615,602.9,606.47,598.64,604.62,72764220000
SISB13C2610A,20260615,0.13,0.13,0.13,0.13,2315600
SISB13C2611A,20260615,0.47,0.49,0.47,0.49,1438200
SNDK80,20260615,6.25,6.85,6.05,6.8,10003750
SOFI23,20260615,5.55,5.65,5.35,5.65,92545
SOFTBANK80,20260615,14.6,14.8,14.4,14.4,211932
SPTX-W8,20260615,0.01,0.01,0.01,0.01,375500
SPTX-W8-O,20260615,0.01,0.01,0.01,0.01,50
SPX28C2609B,20260615,0.59,0.61,0.59,0.61,1600
SPX41C2609A,20260615,0.76,0.78,0.76,0.77,3325300
SPX41P2609A,20260615,0.44,0.44,0.43,0.43,184500
SSET,20260615,609.85,611.11,604.08,608.25,34343490000
STA01C2610A,20260615,0.23,0.23,0.21,0.21,605800
STA13C2610A,20260615,0.27,0.27,0.25,0.25,518900
STA19C2610A,20260615,0.3,0.3,0.27,0.27,1808800
STA41C2610A,20260615,0.26,0.26,0.25,0.25,600000
STECON01C2611A,20260615,0.44,0.46,0.4,0.42,6014800
STECON13C2610A,20260615,0.43,0.45,0.39,0.42,8279200
STECON19C2610A,20260615,0.76,0.76,0.76,0.76,33900
STECON19C2611A,20260615,0.48,0.5,0.43,0.46,6387600
STECON41C2610A,20260615,0.4,0.42,0.37,0.38,950000
STGT01C2610A,20260615,0.1,0.11,0.1,0.1,6293900
STGT13C2610A,20260615,0.14,0.14,0.12,0.13,2332400
STGT19C2610A,20260615,0.12,0.13,0.12,0.13,1407400
STGT41C2610A,20260615,0.12,0.12,0.11,0.11,4300000
SUNNY41C2610A,20260615,0.45,0.49,0.45,0.49,2400
SYNP23,20260615,6.05,6.1,6,6.1,5358
TBSP-O,20260615,0.9,1.12,0.9,1.12,2
TBSP-W1,20260615,0.11,0.25,0.11,0.25,200
TBSP-W1-O,20260615,0.04,0.04,0.04,0.04,29
TENCEN28C2610B,20260615,0.24,0.25,0.24,0.25,1100000
TENCEN41C2610A,20260615,0.25,0.25,0.24,0.24,20100
TER23,20260615,6.45,7,6.25,6.95,318061
TFG13C2610A,20260615,0.13,0.13,0.12,0.12,3514200
TFG19C2610A,20260615,0.12,0.12,0.11,0.11,1373400
TFG19C2611A,20260615,0.35,0.36,0.34,0.35,1894500
TIDLOR01C2611A,20260615,0.38,0.39,0.36,0.38,5509200
TIDLOR01P2611A,20260615,0.57,0.57,0.55,0.55,6321400
TIDLOR19C2610A,20260615,0.5,0.52,0.49,0.52,2336900
TLI01C2611A,20260615,0.17,0.17,0.17,0.17,100000
TOA13C2611A,20260615,0.28,0.31,0.27,0.31,18172700
TOP41C2609A,20260615,0.18,0.18,0.16,0.16,4380000
TRUE01C2610A,20260615,0.23,0.23,0.21,0.22,984300
TRUE01P2610A,20260615,0.27,0.28,0.27,0.28,1027000
TRUE13C2610A,20260615,0.25,0.26,0.23,0.23,4290100
TRUE19C2610A,20260615,0.25,0.25,0.23,0.23,981400
TU13C2611A,20260615,0.18,0.19,0.17,0.17,1468300
TU41C2611A,20260615,0.17,0.18,0.17,0.17,1060000
VGI01C2611A,20260615,0.27,0.27,0.26,0.26,5404000
VGI13C2609A,20260615,0.17,0.18,0.16,0.17,4466400
VGI13C2610A,20260615,0.18,0.19,0.16,0.18,14525000
VGI19C2610B,20260615,0.2,0.21,0.19,0.2,1786000
VGI41C2610A,20260615,0.17,0.17,0.16,0.16,5460000
VIBE-W3,20260615,0.03,0.04,0.02,0.03,2020700
VIBE-W3-O,20260615,0.03,0.03,0.02,0.02,86
WHA01C2611A,20260615,0.16,0.16,0.15,0.15,5390800
WHA01C2705T,20260615,0.34,0.34,0.33,0.33,4256900
WHA01P2611A,20260615,0.29,0.31,0.29,0.31,3990200
WHA13C2611A,20260615,0.23,0.23,0.21,0.21,4642400
WHA13P2611A,20260615,0.28,0.31,0.28,0.31,4909900
WHA19C2701A,20260615,0.29,0.29,0.27,0.27,9037900
WHA41C2611A,20260615,0.22,0.22,0.2,0.2,4660000
WHA41C2702T,20260615,0.19,0.19,0.19,0.19,50000
