<TICKER>,<DTYYYYMMDD>,<OPEN>,<HIGH>,<LOW>,<CLOSE>,<VOL>
2I01BSET50-O,20260317,3.35,3.35,3.25,3.25,98
2X01BSET50-O,20260317,6.69,6.69,6.6,6.65,41
BMSCITH-O,20260317,11.69,11.77,11.69,11.76,34
BSET100-O,20260317,10.46,10.52,10.46,10.52,105
CHINA-O,20260317,7.17,7.17,7.16,7.16,15
GLD-O,20260317,6.39,6.42,6.39,6.39,291
TDEX-O,20260317,9.14,9.29,9.14,9.26,452
UBOT-O,20260317,13.49,13.49,13.29,13.29,25
1DIV,20260317,11.81,11.97,11.81,11.97,21400
1I01BSET50,20260317,4.1,4.1,4.06,4.06,30200
2I01BSET50,20260317,3.34,3.35,3.24,3.26,1533000
2X01BSET50,20260317,6.55,6.73,6.52,6.68,623900
BMSCG,20260317,7.7,7.77,7.69,7.69,800
BMSCITH,20260317,11.62,11.79,11.62,11.72,190100
BSET100,20260317,10.44,10.53,10.44,10.52,338547
CHINA,20260317,7.18,7.18,7.14,7.14,80300
GLD,20260317,6.37,6.41,6.37,6.39,1382000
TDEX,20260317,9.18,9.31,9.17,9.28,2581500
2S,20260317,2.52,2.52,2.48,2.5,42400
3BBIF,20260317,6.6,6.6,6.55,6.55,1893900
88TH,20260317,5.25,5.45,5.2,5.25,3508500
A5,20260317,1.84,1.84,1.83,1.84,1100
AAI,20260317,3.38,3.42,3.36,3.38,6014200
AAV,20260317,1.11,1.13,1.09,1.11,119572400
ABM,20260317,0.56,0.62,0.56,0.62,43900
ACC,20260317,0.39,0.4,0.39,0.39,2392100
ACE,20260317,1.29,1.29,1.28,1.29,426900
ACG,20260317,0.63,0.65,0.63,0.63,71200
ADB,20260317,0.59,0.6,0.59,0.6,207100
ADD,20260317,3.98,3.98,3.8,3.8,20700
ADVANC,20260317,374,381,372,379,8750700
ADVICE,20260317,5.55,5.7,5.55,5.65,351300
AE,20260317,0.08,0.1,0.07,0.1,52473700
AEONTS,20260317,91,91.5,90.25,90.5,469800
AF,20260317,0.35,0.37,0.35,0.37,12700
AFC,20260317,3.14,3.16,3.12,3.14,3400
AGE,20260317,1.4,1.41,1.35,1.37,2401700
AH,20260317,13.2,13.3,13.1,13.3,91000
AHC,20260317,13.1,13.4,13.1,13.4,2000
AI,20260317,3.02,3.02,2.96,2.96,152300
AIE,20260317,1.25,1.27,1.17,1.2,10444900
AIMCG,20260317,1.26,1.3,1.26,1.3,22300
AIMIRT,20260317,10.9,10.9,10.8,10.9,183200
AIRA,20260317,1.13,1.14,1.13,1.14,200
AIT,20260317,4.86,4.9,4.84,4.88,649500
AJ,20260317,2.84,2.9,2.54,2.62,34756400
AJA,20260317,0.16,0.17,0.16,0.16,1458700
AKP,20260317,0.71,0.72,0.71,0.71,518400
AKR,20260317,0.9,0.91,0.89,0.91,1895600
ALLA,20260317,1.23,1.23,1.22,1.23,169800
ALLY,20260317,4.3,4.32,4.3,4.3,176900
ALPHAX,20260317,0.48,0.49,0.47,0.48,4500600
ALT,20260317,1.05,1.09,1.05,1.06,473300
ALUCON,20260317,216,218,212,212,6300
AMA,20260317,3.94,3.96,3.92,3.96,222600
AMANAH,20260317,0.69,0.7,0.69,0.7,267900
AMARC,20260317,3.42,3.52,3.42,3.48,1818600
AMARIN,20260317,2.8,2.88,2.6,2.86,4900
AMATA,20260317,18.5,19.3,18.4,19.3,19585200
AMATAR,20260317,6.65,6.7,6.6,6.6,83500
AMATAV,20260317,2.02,2.02,1.99,2.02,22200
AMC,20260317,2.1,2.1,2.08,2.1,14200
AMR,20260317,0.34,0.36,0.34,0.36,225800
ANAN,20260317,0.37,0.38,0.37,0.37,1146600
ANI,20260317,2.7,2.74,2.68,2.7,110400
AOT,20260317,48.75,50.25,48.75,49.5,36985800
AP,20260317,8.7,8.8,8.6,8.6,8355100
APCO,20260317,2.76,2.78,2.72,2.76,115000
APCS,20260317,1.2,1.2,1.2,1.2,1000
APO,20260317,2.5,2.52,2.28,2.4,8147200
APP,20260317,2.62,2.68,2.62,2.64,137700
APURE,20260317,2.1,2.18,2.1,2.16,61900
AQUA,20260317,0.14,0.14,0.13,0.14,423200
ARIN,20260317,0.49,0.5,0.48,0.5,1223500
ARIP,20260317,0.44,0.47,0.44,0.46,1033100
ARROW,20260317,5.1,5.15,5.1,5.15,8300
AS,20260317,2.72,2.86,2.72,2.8,2748100
ASAP,20260317,1.16,1.16,1.13,1.14,11300
ASEFA,20260317,4,4,3.96,3.98,66400
ASIA,20260317,5.95,5.95,5.95,5.95,400
ASIAN,20260317,7.1,7.15,7,7.1,178200
ASIMAR,20260317,1.5,1.5,1.48,1.49,26700
ASK,20260317,8.55,8.75,8.55,8.75,110100
ASN,20260317,0.71,0.71,0.66,0.69,21900
ASP,20260317,2.04,2.08,2.02,2.04,640500
ASW,20260317,7.65,7.7,7.45,7.55,174300
ATLAS,20260317,1.85,1.88,1.84,1.84,5860000
ATP30,20260317,0.85,0.85,0.83,0.84,1233000
AU,20260317,4.9,4.96,4.88,4.9,181400
AUCT,20260317,5.1,5.15,5.05,5.1,569100
AURA,20260317,13.5,14.6,13.5,14.6,4381100
AWC,20260317,2.08,2.1,2.04,2.06,72979300
AXTRART,20260317,12.4,12.6,12.4,12.5,363400
AYUD,20260317,37,37.25,36.5,37,14000
B,20260317,0.04,0.04,0.03,0.04,5002500
B-WORK,20260317,5.3,5.35,5.3,5.35,68300
B52,20260317,0.28,0.28,0.28,0.28,59200
BA,20260317,13.8,13.9,13.5,13.7,5625500
BAFS,20260317,8.25,8.4,8.25,8.35,78300
BAM,20260317,7.05,7.2,7.05,7.1,19069600
BANPU,20260317,5.9,5.95,5.8,5.9,56087900
BAREIT,20260317,10.5,10.6,10.4,10.5,575200
BAY,20260317,25.5,25.75,25.25,25.5,172500
BBGI,20260317,4.2,4.22,4.06,4.18,4493800
BBIK,20260317,19.6,19.9,19.5,19.8,1731400
BBL,20260317,166,166.5,165,165.5,7469000
BC,20260317,0.69,0.71,0.68,0.71,33200
BCH,20260317,10.2,10.3,10,10,6922200
BCP,20260317,36.5,38,35.5,38,6325100
BCPG,20260317,6.3,6.45,6.15,6.4,17386300
BCT,20260317,43.5,43.5,43,43,1000
BDMS,20260317,19,19.1,18.8,18.9,75960000
BE8,20260317,5.7,6.15,5.65,6.1,1528300
BEAUTY,20260317,0.36,0.38,0.35,0.36,8724800
BEC,20260317,2,2.1,2,2.06,673500
BEM,20260317,5.3,5.35,5.2,5.25,46003400
BEYOND,20260317,8.6,8.65,8.55,8.6,70900
BGC,20260317,4.46,4.48,4.44,4.48,294300
BGRIM,20260317,11.5,11.9,11.3,11.7,21621600
BGT,20260317,0.39,0.39,0.35,0.38,314000
BH,20260317,169,171,168.5,169.5,5783100
BIG,20260317,0.28,0.3,0.28,0.3,1107000
BIOTEC,20260317,0.27,0.27,0.23,0.23,51913200
BIS,20260317,2.04,2.04,1.98,2.04,33900
BIZ,20260317,4.7,4.76,4.52,4.56,488700
BJC,20260317,14.2,14.4,14,14.2,8144900
BJCHI,20260317,0.57,0.57,0.56,0.57,141500
BKA,20260317,0.88,0.9,0.88,0.88,1265500
BKD,20260317,1.09,1.1,1.05,1.09,40900
BKGI,20260317,1.35,1.35,1.33,1.35,141200
BKIH,20260317,308,310,307,310,5900
BLA,20260317,19.2,19.7,19.2,19.6,1172800
BLAND,20260317,0.42,0.42,0.41,0.41,2060800
BLC,20260317,3.88,3.92,3.84,3.84,650500
BLESS,20260317,0.22,0.22,0.21,0.22,71300
BM,20260317,1,1.01,0.99,0.99,2000100
BOFFICE,20260317,5.2,5.25,5.15,5.25,567200
BOL,20260317,5.05,5.05,5,5,62800
BPP,20260317,12.5,12.5,12.1,12.2,98400
BPS,20260317,0.42,0.43,0.42,0.42,71300
BR,20260317,1.6,1.61,1.59,1.6,492900
BRI,20260317,1.34,1.35,1.32,1.35,124200
BRR,20260317,3.92,3.92,3.82,3.84,146300
BRRGIF,20260317,3.7,3.7,3.68,3.7,11500
BSBM,20260317,0.58,0.59,0.57,0.57,164700
BSM,20260317,0.39,0.4,0.39,0.4,300
BTC,20260317,0.21,0.21,0.2,0.2,7858300
BTG,20260317,20.2,21,20.2,20.6,6012300
BTNC,20260317,20,20,19.6,19.9,2000
BTS,20260317,2.06,2.12,2.04,2.08,56941300
BTSGIF,20260317,2.54,2.56,2.52,2.56,2987600
BTW,20260317,0.09,0.09,0.08,0.08,180400
BUI,20260317,11,11.1,11,11,16000
BVG,20260317,1.65,1.68,1.65,1.65,52500
BWG,20260317,0.33,0.35,0.33,0.34,55034300
BYD,20260317,0.5,0.51,0.5,0.51,2726800
CAZ,20260317,1.5,1.52,1.5,1.51,70200
CBG,20260317,35,36,34.75,35.5,3133900
CCET,20260317,4.76,5.05,4.74,4.96,105454900
CCP,20260317,0.25,0.26,0.25,0.25,437400
CEN,20260317,0.56,0.57,0.53,0.56,137300
CENTEL,20260317,34,34.5,33,33.75,7996600
CEYE,20260317,1.46,1.5,1.42,1.5,15100
CFARM,20260317,0.78,0.79,0.76,0.77,153400
CFRESH,20260317,0.81,0.92,0.78,0.91,14899900
CGD,20260317,0.11,0.12,0.11,0.11,547600
CGH,20260317,0.43,0.45,0.43,0.45,999300
CH,20260317,1.63,1.65,1.63,1.65,37900
CHAO,20260317,4.48,4.48,4.42,4.42,42800
CHARAN,20260317,16.1,16.4,16.1,16.4,1400
CHASE,20260317,0.48,0.49,0.46,0.48,1357900
CHAYO,20260317,1.06,1.1,1.06,1.07,2004700
CHEWA,20260317,0.19,0.19,0.18,0.19,295200
CHG,20260317,1.47,1.48,1.47,1.48,9563400
CHIC,20260317,0.28,0.29,0.26,0.27,154300
CHOTI,20260317,60.5,60.5,60.25,60.25,500
CHOW,20260317,1.24,1.26,1.22,1.22,192600
CI,20260317,0.33,0.35,0.31,0.32,266400
CIG,20260317,0.02,0.03,0.02,0.02,29400
CITY,20260317,1.23,1.3,1.23,1.3,2600
CIVIL,20260317,0.86,0.87,0.86,0.87,7400
CK,20260317,15.4,15.9,15,15.9,9195800
CKP,20260317,2.26,2.3,2.24,2.26,3861700
CM,20260317,1.6,1.63,1.6,1.61,12800
CMAN,20260317,2.56,2.66,2.52,2.66,937300
CMC,20260317,0.39,0.4,0.38,0.39,107800
CMO,20260317,0.88,0.92,0.84,0.86,4821100
CMR,20260317,1.39,1.39,1.36,1.36,114500
CNT,20260317,1.02,1.14,1.02,1.07,163200
COCOCO,20260317,5.7,5.8,5.7,5.75,983500
COLOR,20260317,1,1,1,1,10100
COM7,20260317,24.1,24.3,23.9,23.9,16716000
COMAN,20260317,0.6,0.61,0.58,0.6,41900
CPALL,20260317,46.25,46.75,45.75,45.75,40652700
CPANEL,20260317,2.02,2.04,2,2.04,14200
CPAXT,20260317,15.4,15.7,15.1,15.4,37450400
CPF,20260317,18.9,19.8,18.9,19.7,42080100
CPH,20260317,8.35,8.4,8.25,8.25,59000
CPI,20260317,3.62,3.62,3.5,3.52,676800
CPL,20260317,0.62,0.65,0.61,0.61,43400
CPN,20260317,65.5,66,64.5,65.75,8769600
CPNCG,20260317,6.15,6.15,6.1,6.15,337100
CPNREIT,20260317,11.6,11.6,11.5,11.6,815500
CPR,20260317,2.76,2.76,2.72,2.72,600
CPT,20260317,0.99,1,0.99,1,57300
CPTREIT,20260317,5.6,5.6,5.55,5.6,571100
CPW,20260317,2.16,2.2,2.16,2.18,112300
CRANE,20260317,0.41,0.42,0.41,0.41,24300
CRC,20260317,18.9,19.2,18.6,18.7,20008900
CRD,20260317,0.33,0.35,0.33,0.35,81500
CREDIT,20260317,16.6,16.9,16.6,16.8,175600
CSC,20260317,43.25,43.75,43.25,43.75,1600
CSP,20260317,0.4,0.4,0.38,0.39,53500
CSS,20260317,0.76,0.77,0.76,0.76,106200
CTARAF,20260317,4.58,4.6,4.58,4.6,50900
CTW,20260317,3.4,3.52,3.4,3.48,59600
CWT,20260317,0.86,0.87,0.85,0.85,495900
D,20260317,2.68,2.72,2.66,2.7,56700
DCC,20260317,1.2,1.22,1.2,1.22,845400
DCON,20260317,0.22,0.22,0.21,0.22,544800
DDD,20260317,6,6,5.8,5.8,16800
DELTA,20260317,266,272,264,268,20092000
DEMCO,20260317,2.44,2.44,2.36,2.36,49000
DHOUSE,20260317,0.38,0.38,0.38,0.38,5100
DIF,20260317,9.45,9.55,9.4,9.55,12001900
DIMET,20260317,0.05,0.05,0.05,0.05,179300
DITTO,20260317,11,11.4,11,11.2,1531200
DMT,20260317,11.1,11.2,11,11.2,794200
DOD,20260317,1.77,1.92,1.75,1.84,5935200
DOHOME,20260317,3.26,3.3,3.24,3.28,7216100
DPAINT,20260317,0.63,0.65,0.62,0.63,602300
DREIT,20260317,4.78,4.78,4.76,4.78,2600
DRT,20260317,4.78,4.8,4.76,4.78,133500
DTCENT,20260317,0.88,0.89,0.87,0.89,254800
DTCI,20260317,20.1,20.3,19.6,20.2,1300
DUSIT,20260317,10.2,10.4,10.2,10.2,85000
DV8,20260317,4.48,5.25,4.1,5.25,4686600
EA,20260317,2.64,2.66,2.62,2.64,17290700
EASON,20260317,1.11,1.12,1.1,1.12,193600
EAST,20260317,0.67,0.67,0.66,0.67,402600
EASTW,20260317,2.5,2.58,2.5,2.52,437400
EFORL,20260317,0.14,0.14,0.12,0.14,2097000
EGATIF,20260317,6.1,6.1,6.05,6.1,279600
EGCO,20260317,110.5,111,109,109.5,938800
EKH,20260317,5,5.05,4.98,5,269800
EMC,20260317,0.02,0.03,0.01,0.02,175830900
EMPIRE,20260317,0.58,0.59,0.55,0.56,2717500
EP,20260317,1.16,1.16,1.11,1.16,45000
EPG,20260317,3.24,3.32,3.22,3.24,4746400
ERW,20260317,2.58,2.74,2.54,2.54,79426100
ESTAR,20260317,0.22,0.24,0.22,0.24,2764100
ETC,20260317,0.62,0.63,0.61,0.62,1950800
ETE,20260317,0.59,0.61,0.54,0.57,217400
ETL,20260317,0.53,0.56,0.51,0.51,1061400
EURO,20260317,4.2,4.3,4.18,4.2,210400
EVER,20260317,0.05,0.05,0.04,0.05,541300
FANCY,20260317,0.3,0.3,0.29,0.29,1300
FE,20260317,170,170,170,170,400
FLOYD,20260317,1.1,1.11,1.08,1.11,188500
FM,20260317,3.88,3.94,3.84,3.92,1049900
FMT,20260317,20.1,20.1,20.1,20.1,100
FN,20260317,0.44,0.44,0.42,0.43,21300
FNS,20260317,0.6,0.63,0.6,0.62,66100
FORTH,20260317,7.05,7.1,6.9,6.95,1416000
FPI,20260317,1.7,1.71,1.69,1.71,20200
FPT,20260317,6.05,6.2,6.05,6.2,2100
FSMART,20260317,6.45,6.55,6.45,6.45,513400
FSX,20260317,1.3,1.35,1.3,1.31,92100
FTE,20260317,2.02,2.04,2.02,2.04,410100
FTI,20260317,1.82,1.83,1.79,1.79,56400
FTREIT,20260317,10.8,10.9,10.8,10.9,1016500
FUTURERT,20260317,8.9,8.95,8.9,8.95,58800
FVC,20260317,0.33,0.35,0.32,0.33,1829400
GABLE,20260317,3.94,3.96,3.9,3.94,747800
GAHREIT,20260317,4.28,4.32,4.26,4.3,22900
GBX,20260317,0.54,0.55,0.54,0.55,67300
GC,20260317,4.48,4.5,4.36,4.48,426900
GCAP,20260317,0.26,0.27,0.26,0.26,99100
GEL,20260317,0.04,0.04,0.03,0.04,3549700
GENCO,20260317,0.27,0.28,0.27,0.28,346000
GFC,20260317,2.94,2.94,2.88,2.88,6000
GFPT,20260317,8.85,9.2,8.85,9.1,3074900
GGC,20260317,3.4,3.4,3.06,3.4,198800
GJS,20260317,0.11,0.13,0.11,0.13,8273300
GLOBAL,20260317,6.35,6.6,6.3,6.45,7696800
GLORY,20260317,0.6,0.6,0.52,0.57,14300
GPI,20260317,1.64,1.65,1.64,1.65,647800
GPSC,20260317,33.25,34.5,33,33.75,11567400
GRAMMY,20260317,3.74,3.82,3.74,3.74,2500
GREEN,20260317,0.6,0.62,0.58,0.6,127800
GROREIT,20260317,8.15,8.15,8.05,8.1,39700
GTB,20260317,0.74,0.75,0.73,0.75,119900
GTV,20260317,0.03,0.04,0.03,0.04,1667000
GULF,20260317,56.25,58,56,56.5,84936200
GUNKUL,20260317,2.22,2.24,2.18,2.2,33365800
GVREIT,20260317,6.4,6.4,6.35,6.35,268400
HANA,20260317,25.5,25.75,24.8,25.5,27190800
HANN,20260317,0.99,1.01,0.99,0.99,1340600
HARN,20260317,2.02,2.04,2,2.02,102200
HEALTH,20260317,0.39,0.45,0.38,0.44,64000
HENG,20260317,0.9,0.91,0.89,0.9,810400
HFT,20260317,4.26,4.32,4.24,4.24,491600
HL,20260317,6.6,6.65,6.55,6.65,84800
HMPRO,20260317,6.2,6.3,6.2,6.2,25823800
HPF,20260317,5.35,5.4,5.35,5.4,30000
HTC,20260317,15.8,16,15.7,15.8,128300
HTECH,20260317,2.82,2.84,2.8,2.8,571800
HUMAN,20260317,4.5,4.58,4.46,4.5,1038300
HYDRO,20260317,2.7,2.8,2.54,2.6,276400
HYDROGEN,20260317,8.15,8.15,8.15,8.15,50000
I2,20260317,0.67,0.68,0.66,0.67,22900
ICC,20260317,24.7,24.9,24.7,24.9,6500
ICHI,20260317,13.3,13.5,13.3,13.5,3588800
ICN,20260317,1.75,1.75,1.73,1.74,219800
IDG,20260317,1.48,1.52,1.48,1.49,153600
IFS,20260317,1.89,1.9,1.89,1.9,3200
IHL,20260317,1.43,1.44,1.43,1.44,8500
IIG,20260317,1.4,1.65,1.4,1.52,5390400
III,20260317,3.92,4.02,3.92,4,86000
ILINK,20260317,4.62,4.64,4.58,4.6,294600
ILM,20260317,13.3,13.6,13.3,13.4,248900
IMH,20260317,3.12,3.12,3.08,3.08,50000
IMPACT,20260317,11,11,10.9,10.9,105600
IND,20260317,1.16,1.17,1.14,1.16,635000
INET,20260317,3.4,3.56,3.4,3.56,1198400
INETREIT,20260317,12.3,12.4,12.2,12.2,1729600
INGRS,20260317,0.29,0.3,0.28,0.3,575700
INOX,20260317,0.41,0.41,0.39,0.4,1184200
INSET,20260317,2.56,2.66,2.56,2.58,3930100
INSURE,20260317,62,62,61.5,61.5,500
IP,20260317,4.28,4.28,4.16,4.22,358300
IRC,20260317,11.4,11.4,11.3,11.4,12500
IRCP,20260317,0.27,0.27,0.25,0.26,1517200
IROYAL,20260317,5.6,5.75,5.55,5.65,701200
IRPC,20260317,1.29,1.41,1.28,1.4,242007000
ISSARA,20260317,7.5,7.5,7.4,7.45,3700
IT,20260317,4.08,4.1,4.06,4.08,62800
ITC,20260317,14.5,14.6,14.2,14.3,5595900
ITD,20260317,0.22,0.23,0.22,0.22,4586000
ITEL,20260317,1.16,1.21,1.16,1.19,845500
ITNS,20260317,1.7,1.72,1.68,1.72,53600
ITTHI,20260317,1.16,1.18,1.16,1.18,43500
IVF,20260317,0.75,0.75,0.72,0.72,2468500
IVL,20260317,21.2,22.7,21.1,22.3,68884100
J,20260317,0.65,0.65,0.63,0.63,136000
JAK,20260317,0.81,0.81,0.74,0.77,148600
JAS,20260317,1.22,1.24,1.21,1.21,31113400
JCK,20260317,0.13,0.13,0.12,0.12,404400
JDF,20260317,2.02,2.04,2,2.02,488400
JMART,20260317,7.1,7.25,7,7.05,8899900
JMT,20260317,8.75,8.9,8.65,8.7,11858100
JPARK,20260317,3.06,3.12,3.04,3.08,708300
JR,20260317,1.75,1.75,1.74,1.74,122400
JSP,20260317,1.95,1.96,1.9,1.92,111100
JTS,20260317,56,58.5,55.25,57.25,1049900
JUBILE,20260317,7.05,7.1,7,7.1,24000
K,20260317,1.01,1.05,1.01,1.02,32000
KAMART,20260317,9.3,9.35,9.25,9.25,1290500
KASET,20260317,0.63,0.65,0.61,0.62,839200
KBANK,20260317,187,189,186.5,188.5,12420000
KBS,20260317,5.65,5.75,5.6,5.6,480500
KBSPIF,20260317,8.2,8.3,8.2,8.25,196200
KC,20260317,0.02,0.03,0.02,0.02,10742600
KCAR,20260317,4.9,4.9,4.86,4.9,198500
KCC,20260317,1.98,2,1.92,1.98,51500
KCE,20260317,22.5,23.7,22.3,23,77201500
KCG,20260317,9.45,9.55,9.4,9.4,684300
KCM,20260317,0.16,0.16,0.16,0.16,126300
KGEN,20260317,1.22,1.22,1.2,1.2,272600
KGI,20260317,4.26,4.3,4.26,4.3,3623300
KIAT,20260317,0.35,0.35,0.33,0.34,1197300
KISS,20260317,3.3,3.34,3.3,3.32,73900
KJL,20260317,5.9,6,5.9,5.95,39400
KK,20260317,1,1.01,0.97,0.97,48600
KKP,20260317,72.25,72.5,71.75,72,839000
KLINIQ,20260317,26,26,25,25.25,183000
KOOL,20260317,0.29,0.3,0.29,0.29,458600
KPNREIT,20260317,1.9,1.9,1.9,1.9,400
KSL,20260317,1.5,1.5,1.43,1.48,8546200
KTB,20260317,34.25,35,34,34.5,70249200
KTBSTMR,20260317,5.4,5.45,5.4,5.45,33200
KTC,20260317,29.75,30.25,29.25,29.75,21047100
KTIS,20260317,1.88,1.91,1.88,1.91,55500
KTMS,20260317,1.8,1.8,1.71,1.71,1185100
KUMWEL,20260317,1.06,1.09,1.06,1.06,83800
KUN,20260317,0.7,0.72,0.7,0.72,23000
KWC,20260317,284,284,283,283,300
KWM,20260317,0.84,0.85,0.82,0.85,254200
KYE,20260317,285,289,285,286,6300
L&E,20260317,1.14,1.23,1.09,1.15,25800
LALIN,20260317,4.64,4.68,4.62,4.64,146000
LANNA,20260317,15.6,15.6,15.4,15.6,850900
LDC,20260317,0.26,0.26,0.25,0.25,556600
LEE,20260317,2.68,2.72,2.68,2.7,535200
LEO,20260317,1.8,1.84,1.8,1.83,129700
LH,20260317,3.78,3.78,3.7,3.72,33130800
LHFG,20260317,1.01,1.03,1.01,1.02,2552800
LHHOTEL,20260317,12.5,12.7,12.5,12.6,548300
LHK,20260317,3.34,3.36,3.32,3.34,54300
LHRREIT,20260317,4.3,4.3,4.26,4.3,14400
LHSC,20260317,13.8,14.1,13.8,14.1,301100
LIT,20260317,0.62,0.65,0.62,0.64,79300
LOXLEY,20260317,1.38,1.41,1.37,1.39,615900
LPH,20260317,3.72,3.72,3.7,3.72,55100
LPN,20260317,1.57,1.59,1.57,1.59,351600
LST,20260317,4.6,4.62,4.58,4.6,100000
LTMH,20260317,4.88,4.9,4.76,4.76,126300
LTS,20260317,2.34,2.44,2.32,2.36,1394600
LUXF,20260317,8.85,9,8.85,8.9,50000
M,20260317,19.5,20.4,19.4,19.6,8185800
M-CHAI,20260317,18.6,18.9,18.5,18.9,7000
M-PAT,20260317,1.25,1.25,1.25,1.25,100
MADAME,20260317,0.59,0.63,0.59,0.6,1049700
MAGURO,20260317,21,21.1,20.9,21.1,236300
MAJOR,20260317,7.7,7.8,7.55,7.65,2105900
MALEE,20260317,4.3,4.4,4.3,4.3,1896400
MASTEC,20260317,1.25,1.26,1.23,1.24,1792300
MASTER,20260317,9.2,9.3,9.15,9.15,818100
MATCH,20260317,0.93,0.94,0.88,0.94,600
MBAX,20260317,1.8,1.83,1.7,1.7,158500
MBK,20260317,17.2,17.5,17.1,17.4,2745400
MC,20260317,11,11.1,10.9,10.9,951200
MCA,20260317,1.15,1.16,1.13,1.14,259700
MCOT,20260317,6.1,6.8,6.1,6.65,4890900
MCS,20260317,9.55,9.65,9.55,9.6,718900
MDX,20260317,2.36,2.36,2.3,2.3,91200
MEB,20260317,14.1,14.6,14,14.1,172100
MEDEZE,20260317,6.2,6.35,6.2,6.25,336600
MEGA,20260317,33.5,34,33.25,33.75,873800
MENA,20260317,0.69,0.69,0.67,0.68,990000
METCO,20260317,262,264,262,262,800
MFC,20260317,23.3,23.5,22.9,22.9,139100
MFEC,20260317,5.85,5.9,5.85,5.85,71800
MGC,20260317,4.32,4.32,4.24,4.24,84900
MGI,20260317,5.35,5.45,5.25,5.35,506800
MGT,20260317,1.82,1.85,1.81,1.84,29300
MICRO,20260317,0.92,0.94,0.92,0.93,153300
MIDA,20260317,0.23,0.25,0.23,0.24,215300
MII,20260317,4.88,4.88,4.78,4.8,99500
MINT,20260317,23.2,23.2,22.2,22.3,23955100
MITSIB,20260317,0.54,0.55,0.54,0.55,70400
MJD,20260317,0.34,0.35,0.34,0.35,168300
MJLF,20260317,5.1,5.1,5.05,5.1,64900
MK,20260317,0.53,0.53,0.51,0.51,26200
ML,20260317,0.45,0.46,0.43,0.43,26000
MMM,20260317,2.88,2.96,2.86,2.9,1004700
MNIT,20260317,1.92,1.95,1.92,1.95,1000
MNRF,20260317,2.1,2.1,2.04,2.1,34700
MODERN,20260317,2.04,2.08,2.04,2.08,5900
MONO,20260317,1,1.07,0.99,1.02,17213200
MOONG,20260317,2.28,2.28,2.26,2.26,1600
MORE,20260317,0.03,0.04,0.03,0.04,426500
MOSHI,20260317,33.5,34.5,33.5,34,373300
MOTHER,20260317,1.13,1.14,1.12,1.12,474400
MPJ,20260317,3.94,3.96,3.92,3.96,14900
MRDIYT,20260317,9.1,9.1,9,9.05,1210000
MSC,20260317,6.95,7.1,6.95,7.1,800
MST,20260317,6.85,6.9,6.85,6.9,19300
MTC,20260317,31.25,31.5,30.25,30.25,21355200
MTI,20260317,15.1,15.4,15.1,15.4,9500
MTW,20260317,0.82,0.82,0.79,0.8,60900
MUD,20260317,0.73,0.81,0.73,0.81,200
NAM,20260317,3.68,3.68,3.5,3.58,112800
NAT,20260317,2.24,2.34,2.1,2.22,231800
NATION,20260317,0.04,0.05,0.04,0.04,484800
NC,20260317,1.9,1.91,1.86,1.89,11800
NCAP,20260317,2.64,2.68,2.62,2.64,1214900
NCH,20260317,0.39,0.39,0.39,0.39,155800
NCL,20260317,0.22,0.23,0.22,0.22,536600
NCP,20260317,0.96,0.98,0.92,0.97,138600
NDR,20260317,1.47,1.47,1.47,1.47,50700
NEO,20260317,19.4,19.8,19.4,19.8,152300
NER,20260317,4.7,4.72,4.66,4.7,5870300
NETBAY,20260317,19,19.3,18.9,19.2,280200
NEX,20260317,1.01,1.03,1,1,24084400
NKI,20260317,14.8,14.8,14.8,14.8,300
NKT,20260317,4.2,4.2,4.18,4.18,105300
NL,20260317,0.62,0.65,0.62,0.64,208700
NNCL,20260317,1.55,1.56,1.55,1.56,7300
NOBLE,20260317,2.06,2.1,2.04,2.06,953200
NRF,20260317,0.29,0.31,0.23,0.3,7912600
NSL,20260317,22.8,22.8,22.5,22.7,417500
NTF,20260317,13.1,13.1,12.2,12.8,5789600
NTSC,20260317,6.5,6.5,6.35,6.5,71200
NTV,20260317,23.1,23.2,23,23.2,27100
NUT,20260317,4.26,4.3,4.22,4.22,7800
NV,20260317,0.52,0.52,0.51,0.52,32200
NVD,20260317,0.76,0.79,0.76,0.78,2200
NYT,20260317,4.06,4.16,4.04,4.1,7283700
OGC,20260317,9,9,9,9,200
OHTL,20260317,279,280,277,280,1400
OKJ,20260317,3.64,3.7,3.62,3.64,417600
ONEE,20260317,2.66,2.72,2.66,2.68,749700
ONSENS,20260317,1.17,1.17,1.14,1.17,703400
OR,20260317,11.3,11.8,11.2,11.7,61059300
ORI,20260317,1.87,1.89,1.85,1.85,1208200
ORN,20260317,0.78,0.78,0.77,0.78,869900
OSP,20260317,14.4,14.6,14.3,14.3,15839500
PACO,20260317,1.28,1.3,1.26,1.27,148900
PAF,20260317,0.67,0.68,0.67,0.67,278400
PANEL,20260317,1.23,1.27,1.22,1.22,65200
PAP,20260317,2,2,2,2,23000
PATO,20260317,7.2,7.2,7.05,7.15,145400
PB,20260317,48.75,48.75,48.5,48.5,300
PCC,20260317,2.72,2.74,2.7,2.7,81700
PCE,20260317,2.5,2.52,2.42,2.46,2824700
PCSGH,20260317,3.04,3.06,3.02,3.04,31100
PDG,20260317,3.18,3.2,3.14,3.2,66700
PDJ,20260317,0.99,1.01,0.9,1.01,74800
PEACE,20260317,1.79,1.79,1.73,1.75,72900
PEER,20260317,0.08,0.09,0.08,0.09,175300
PERM,20260317,0.21,0.22,0.2,0.21,991300
PG,20260317,6.9,6.9,6.9,6.9,700
PHG,20260317,12.9,13,12.9,12.9,18200
PHOL,20260317,2.8,2.82,2.8,2.82,72200
PIMO,20260317,1.01,1.02,1,1.01,208300
PIN,20260317,4.22,4.34,4.22,4.34,693600
PIS,20260317,3.62,3.66,3.56,3.58,186900
PJW,20260317,2.08,2.12,2.04,2.12,361200
PK,20260317,0.39,0.39,0.37,0.38,310200
PL,20260317,1.3,1.3,1.3,1.3,4200
PLANB,20260317,4.02,4.12,4.02,4.06,15453400
PLANET,20260317,0.36,0.37,0.34,0.37,907900
PLAT,20260317,1.06,1.09,1.06,1.08,2453800
PLE,20260317,0.18,0.19,0.17,0.17,2170100
PLT,20260317,0.52,0.53,0.51,0.52,564400
PLUS,20260317,1.43,1.48,1.4,1.46,2335300
PM,20260317,11.4,11.5,11.3,11.4,126000
PMC,20260317,0.88,0.89,0.86,0.86,188000
PMTA,20260317,9.75,9.9,9.7,9.8,13800
POLY,20260317,7.1,7.1,6.75,7.1,1900
POPF,20260317,6.85,6.9,6.85,6.9,409300
PORT,20260317,0.53,0.54,0.5,0.51,193200
PPM,20260317,1.43,1.43,1.35,1.39,146600
PPP,20260317,0.79,0.8,0.79,0.79,9500
PPPM,20260317,0.24,0.24,0.23,0.24,253100
PPS,20260317,0.17,0.18,0.17,0.17,1149600
PQS,20260317,1.46,1.58,1.46,1.48,374600
PR9,20260317,17,17.1,16.8,16.9,2458300
PRAKIT,20260317,11.5,11.9,11.5,11.9,11300
PRAPAT,20260317,0.73,0.74,0.73,0.73,136600
PREB,20260317,3.82,3.9,3.82,3.88,77800
PRECHA,20260317,0.48,0.5,0.48,0.5,200
PRG,20260317,9.35,9.4,9.3,9.3,263600
PRI,20260317,3.96,4.06,3.96,4.04,77400
PRIME,20260317,0.05,0.06,0.04,0.05,1536200
PRINC,20260317,1.75,1.76,1.75,1.75,90000
PRM,20260317,7.65,7.7,7.45,7.6,8669900
PROEN,20260317,1.04,1.05,1.02,1.03,1435100
PROS,20260317,0.3,0.3,0.28,0.29,371400
PROSPECT,20260317,7,7,6.95,7,451700
PROUD,20260317,1,1.02,1,1,964000
PRTR,20260317,3.22,3.32,3.2,3.3,233000
PSGC,20260317,3.2,3.28,3.2,3.24,106000
PSH,20260317,3.54,3.66,3.54,3.62,2495100
PSL,20260317,6.9,7.05,6.9,6.95,5596500
PSP,20260317,4.46,4.46,4.44,4.46,16300
PSTC,20260317,0.27,0.28,0.27,0.28,4335100
PT,20260317,11.8,11.8,11.6,11.7,268000
PTC,20260317,0.62,0.62,0.61,0.62,18900
PTECH,20260317,1.7,1.7,1.69,1.69,700
PTG,20260317,8,8.25,7.95,8.1,16170300
PTL,20260317,10.4,10.5,9.8,9.95,5532000
PTT,20260317,33.5,34,33,34,107960500
PTTEP,20260317,145.5,149,143.5,149,34078200
PTTGC,20260317,29.5,32,29.5,31,62601700
PYLON,20260317,3.14,3.18,3.08,3.1,2539600
Q-CON,20260317,7.2,7.25,7.1,7.2,64800
QDC,20260317,0.13,0.14,0.12,0.13,2020300
QH,20260317,1.36,1.39,1.36,1.37,9889500
QHBREIT,20260317,3.56,3.56,3.54,3.56,81800
QHHRREIT,20260317,7.1,7.15,7.1,7.1,88400
QHOP,20260317,2.72,3.1,2.72,3.1,69800
QTC,20260317,3.62,3.62,3.6,3.62,19100
QTCG,20260317,0.11,0.11,0.1,0.1,45800
RABBIT,20260317,0.32,0.33,0.32,0.32,3689000
RAM,20260317,18.5,18.6,18.2,18.5,98000
RATCH,20260317,28.25,28.75,28,28.5,3809100
RBF,20260317,3.68,3.74,3.66,3.66,3374500
RCL,20260317,30,32.5,30,32,7478300
READY,20260317,3.16,3.2,3.14,3.18,52300
RICHY,20260317,0.15,0.16,0.14,0.15,948300
RJH,20260317,12.6,12.7,12.4,12.6,369200
RML,20260317,0.1,0.11,0.1,0.1,443800
ROCK,20260317,11.1,11.1,11.1,11.1,100
ROCTEC,20260317,0.59,0.61,0.55,0.58,3007200
ROJNA,20260317,5,5.1,5,5,2510100
RP,20260317,0.54,0.54,0.5,0.5,37500
RPC,20260317,0.29,0.31,0.29,0.31,1242100
RPH,20260317,4.98,4.98,4.96,4.96,208700
RS,20260317,0.17,0.17,0.16,0.16,3286400
RSP,20260317,0.93,0.97,0.93,0.96,157700
RT,20260317,0.27,0.28,0.26,0.27,1212800
RWI,20260317,0.17,0.17,0.16,0.17,1138400
S,20260317,0.53,0.53,0.51,0.51,628100
S11,20260317,3.96,3.96,3.86,3.92,28600
SA,20260317,7,7.2,7,7.2,94400
SAAM,20260317,4.86,5,4.86,5,22400
SABINA,20260317,15.7,15.9,15.6,15.7,347600
SAF,20260317,0.33,0.33,0.31,0.32,42500
SAFE,20260317,6.05,6.1,6.05,6.1,27600
SAK,20260317,3.4,3.42,3.38,3.38,576700
SALEE,20260317,0.37,0.38,0.36,0.37,236900
SAMART,20260317,5.55,5.6,5.45,5.5,1436700
SAMCO,20260317,0.69,0.71,0.69,0.7,20800
SAMTEL,20260317,3.76,3.82,3.76,3.8,22900
SANKO,20260317,0.87,0.87,0.84,0.85,167800
SAPPE,20260317,29.75,30.25,29.5,29.75,304400
SAT,20260317,14.2,14.5,14.2,14.3,789300
SAUCE,20260317,40.75,41.25,40.75,41.25,3900
SAV,20260317,11.6,12,11.5,12,892100
SAWAD,20260317,24.6,25,24.3,24.3,10414400
SAWANG,20260317,6.1,6.1,6.1,6.1,600
SC,20260317,1.94,2.02,1.93,2,11843000
SCAP,20260317,1.08,1.1,1.07,1.07,1973900
SCB,20260317,144.5,145,144,144.5,7812900
SCC,20260317,178.5,186.5,178,183.5,6884500
SCCC,20260317,138.5,139.5,138.5,139,69900
SCG,20260317,2.26,2.3,2.26,2.3,7700
SCGD,20260317,5.05,5.15,5,5.1,562800
SCGP,20260317,17.6,19.1,17.6,18.5,37338600
SCI,20260317,0.96,0.96,0.96,0.96,10200
SCL,20260317,1.2,1.2,1.19,1.2,94400
SCM,20260317,0.12,0.13,0.12,0.13,246700
SCN,20260317,0.35,0.37,0.33,0.37,387600
SCP,20260317,7.6,7.7,7.55,7.65,270500
SDC,20260317,0.03,0.04,0.02,0.03,23026500
SE,20260317,0.45,0.48,0.45,0.48,301100
SE-ED,20260317,1.69,1.69,1.69,1.69,100
SEAFCO,20260317,2.4,2.44,2.38,2.44,941000
SEAOIL,20260317,3.72,3.76,3.64,3.74,1546100
SECURE,20260317,11.7,12,11.7,11.7,72900
SEI,20260317,2.32,2.32,2.26,2.28,25900
SELIC,20260317,2.64,2.68,2.62,2.62,3500
SENA,20260317,1.87,1.9,1.87,1.89,842300
SENX,20260317,0.23,0.24,0.23,0.24,43600
SFLEX,20260317,3.24,3.24,3.18,3.2,1166000
SFT,20260317,1.78,1.79,1.77,1.79,3200
SGC,20260317,0.89,0.9,0.88,0.88,6546100
SGF,20260317,0.15,0.15,0.14,0.15,203000
SGP,20260317,7.75,7.75,7.65,7.7,45700
SHR,20260317,1.6,1.63,1.6,1.61,4520900
SIAM,20260317,0.67,0.68,0.64,0.65,73000
SICT,20260317,2.3,2.34,2.3,2.34,79900
SIMAT,20260317,1.21,1.23,1.16,1.17,849400
SINGER,20260317,5.6,5.6,5.45,5.45,2281100
SINO,20260317,0.9,0.9,0.89,0.9,36400
SIRI,20260317,1.44,1.45,1.42,1.44,76932600
SIS,20260317,21,21.5,20.8,21.2,793200
SISB,20260317,10.7,10.9,10.6,10.7,1887200
SITHAI,20260317,1.04,1.04,1.02,1.03,77400
SJWD,20260317,7.25,7.55,7.25,7.45,2429400
SK,20260317,0.56,0.57,0.56,0.57,83900
SKE,20260317,0.15,0.16,0.15,0.15,668800
SKIN,20260317,1.16,1.18,1.16,1.17,33500
SKN,20260317,5.75,5.8,5.7,5.7,35000
SKR,20260317,6.8,7.05,6.75,6.9,414900
SKY,20260317,12.7,13.3,12.6,13.2,1414800
SLP,20260317,0.38,0.38,0.38,0.38,20500
SMART,20260317,0.6,0.61,0.6,0.6,1028600
SMD100,20260317,1.88,1.9,1.81,1.86,344600
SMIT,20260317,3.56,3.56,3.52,3.52,90600
SMO,20260317,4.74,4.84,4.7,4.78,14102900
SMPC,20260317,9.1,9.2,9.1,9.15,77200
SMT,20260317,1.34,1.42,1.34,1.36,3211600
SNC,20260317,5.75,5.75,5.7,5.7,45700
SNNP,20260317,7.15,7.2,7.1,7.1,162300
SNP,20260317,9.1,9.15,9,9.1,22400
SNPS,20260317,4.9,4.92,4.86,4.92,154500
SO,20260317,4.12,4.2,4.12,4.18,217800
SOLAR,20260317,0.22,0.23,0.18,0.19,32789900
SONIC,20260317,1.52,1.52,1.47,1.49,282400
SORKON,20260317,3.76,3.78,3.74,3.78,27200
SPA,20260317,3.4,3.56,3.4,3.56,1248600
SPACK,20260317,1.31,1.31,1.16,1.22,197300
SPALI,20260317,17.3,17.4,16.9,17,4822300
SPC,20260317,55.75,56,55.75,56,4700
SPCG,20260317,9,9.15,9,9.1,646400
SPG,20260317,12.2,12.2,12,12.2,22200
SPI,20260317,42.75,42.75,42.25,42.5,4900
SPRC,20260317,7.1,7.45,7.05,7.45,36495400
SPREME,20260317,1.6,1.61,1.59,1.59,444200
SPRIME,20260317,3.44,3.46,3.42,3.46,195100
SPTX,20260317,0.01,0.01,0.01,0.01,25105500
SPVI,20260317,2.72,2.78,2.7,2.7,508400
SQ,20260317,0.29,0.29,0.25,0.27,1010400
SR,20260317,0.32,0.32,0.31,0.32,14600
SRICHA,20260317,14,14.3,13.9,14,751300
SRIPANWA,20260317,5.15,5.25,5.15,5.25,15000
SRS,20260317,1.51,1.51,1.45,1.5,149700
SSF,20260317,5,5.05,4.98,5.05,16300
SSP,20260317,3.44,3.46,3.38,3.38,297200
SSPF,20260317,3.36,3.36,3.36,3.36,200
SSSC,20260317,2.18,2.22,2.18,2.22,38600
SST,20260317,1.11,1.13,1.1,1.1,8000
SSTRT,20260317,4.26,4.26,4.26,4.26,12900
STA,20260317,16.3,16.3,15.7,16,12806300
STANLY,20260317,198,198.5,197.5,197.5,13900
STARM,20260317,0.95,0.96,0.94,0.96,69800
STC,20260317,0.4,0.45,0.38,0.41,619300
STECH,20260317,1.03,1.04,1.02,1.03,16600
STECON,20260317,11.8,12.3,11.7,12,21816200
STELLA,20260317,0.19,0.19,0.18,0.19,2602800
STGT,20260317,9.65,9.65,9.3,9.55,5960900
STI,20260317,1.72,1.74,1.7,1.73,4800
STOWER,20260317,0.02,0.03,0.02,0.02,3943100
STP,20260317,10.5,10.8,10.5,10.8,9100
STPI,20260317,4.32,4.4,4.26,4.3,11492000
STX,20260317,1,1.02,0.99,1.02,862800
SUC,20260317,29.25,29.25,29,29.25,153700
SUN,20260317,2.68,2.68,2.66,2.68,134200
SUPER,20260317,0.11,0.11,0.1,0.1,13237400
SUPEREIF,20260317,5.7,5.75,5.65,5.7,57100
SUSCO,20260317,2.08,2.1,2.04,2.08,1791900
SUTHA,20260317,2.34,2.4,2.34,2.36,8400
SVI,20260317,7.35,7.4,7.35,7.35,7243800
SVOA,20260317,1.53,1.57,1.53,1.56,1529200
SVR,20260317,0.3,0.31,0.3,0.31,24200
SVT,20260317,1.3,1.3,1.27,1.28,31700
SWC,20260317,4.48,4.48,4.42,4.42,53800
SYMC,20260317,3.6,3.64,3.6,3.64,18100
SYNEX,20260317,9.6,9.8,9.6,9.65,410600
SYNTEC,20260317,1.71,1.71,1.69,1.7,107500
TACC,20260317,5.45,5.55,5.45,5.5,1282900
TAE,20260317,0.79,0.79,0.73,0.77,3184100
TAKUNI,20260317,0.35,0.36,0.34,0.35,946900
TAN,20260317,3.94,4.02,3.94,4.02,22200
TASCO,20260317,12.9,13.2,12.9,13.1,2316000
TATG,20260317,0.97,1,0.97,0.99,1203300
TBN,20260317,3.86,4,3.8,4,8100
TC,20260317,5.4,5.5,5.4,5.5,18200
TCAP,20260317,56.25,56.5,55.75,56,1673700
TCC,20260317,0.31,0.32,0.3,0.31,1003700
TCJ,20260317,2.3,2.34,2.28,2.34,61600
TCMC,20260317,0.29,0.3,0.29,0.29,61000
TCOAT,20260317,26,26.25,26,26.25,20800
TEAM,20260317,2.52,2.58,2.42,2.58,520500
TEAMG,20260317,2.92,2.96,2.88,2.9,2144800
TEGH,20260317,3.52,3.52,3.4,3.5,5502700
TEKA,20260317,1.71,1.73,1.71,1.71,53500
TERA,20260317,1,1,1,1,11200
TFFIF,20260317,6.55,6.65,6.55,6.6,1495800
TFG,20260317,6.95,7.15,6.7,7.05,26844100
TFI,20260317,0.05,0.05,0.04,0.05,27500
TFM,20260317,6.2,6.25,6.15,6.2,274800
TFMAMA,20260317,190,190,188.5,188.5,2000
TGE,20260317,1.26,1.26,1.19,1.19,346600
TGPRO,20260317,0.04,0.05,0.04,0.04,9861500
TH,20260317,0.47,0.5,0.46,0.46,3272300
THAI,20260317,6.15,6.25,6.1,6.1,16943700
THANA,20260317,1.59,1.61,1.57,1.57,43200
THANI,20260317,1.69,1.69,1.65,1.68,9821300
THCOM,20260317,11.3,11.5,11.1,11.2,18412100
THE,20260317,0.82,0.82,0.81,0.82,5800
THG,20260317,8.3,8.45,8.3,8.45,582500
THIP,20260317,23.5,23.6,23.3,23.6,61900
THMUI,20260317,0.32,0.33,0.31,0.31,12700
THRE,20260317,0.4,0.42,0.4,0.42,3344200
THREL,20260317,1.01,1.03,1,1,355800
TIDLOR,20260317,16.8,16.9,16.5,16.5,19827500
TIF1,20260317,7.5,7.5,7.3,7.5,64600
TIGER,20260317,0.26,0.26,0.25,0.25,4200
TIPCO,20260317,6.8,6.95,6.8,6.8,29000
TIPH,20260317,20.6,20.7,20.5,20.6,278700
TISCO,20260317,112.5,113,111.5,113,2483500
TITLE,20260317,8.3,8.35,8.25,8.3,107500
TK,20260317,4.1,4.16,4.1,4.16,5500
TKC,20260317,7.65,7.7,7.6,7.7,46700
TKN,20260317,3.98,4.04,3.98,4,1063500
TKS,20260317,6.3,6.45,6.2,6.3,638600
TKT,20260317,0.68,0.71,0.67,0.71,12400
TL,20260317,0.39,0.4,0.38,0.4,2496600
TLHPF,20260317,4.4,4.4,4.38,4.4,20000
TLI,20260317,10.4,10.6,10.2,10.4,17326300
TM,20260317,0.78,0.79,0.75,0.78,192800
TMAN,20260317,13.2,13.2,12.9,12.9,69600
TMC,20260317,0.68,0.68,0.68,0.68,1700
TMD,20260317,25.5,25.5,25.25,25.25,10400
TMI,20260317,0.52,0.52,0.5,0.51,21100
TMILL,20260317,2.08,2.08,2.08,2.08,6000
TMT,20260317,2.88,2.9,2.88,2.9,31700
TMW,20260317,57.75,58,57.25,58,30500
TNDT,20260317,0.16,0.16,0.16,0.16,3100
TNITY,20260317,2.42,2.42,2.38,2.4,1500
TNP,20260317,2.76,2.78,2.76,2.78,151800
TNPC,20260317,0.89,0.9,0.83,0.86,1688700
TNPF,20260317,1.03,1.03,1,1.03,140000
TNR,20260317,4.9,4.9,4.82,4.84,66800
TOA,20260317,12.6,13.1,12.6,12.9,2391700
TOG,20260317,6.95,7,6.9,6.95,102200
TOP,20260317,46.25,47.25,44.5,46.75,32899700
TPA,20260317,2.42,2.42,2.4,2.4,8100
TPAC,20260317,9.65,9.65,9.45,9.6,84800
TPBI,20260317,3.32,3.32,3.2,3.26,557900
TPCH,20260317,2.1,2.28,2.1,2.14,4876800
TPIPL,20260317,0.71,0.74,0.71,0.71,17756400
TPIPP,20260317,1.8,1.85,1.8,1.85,2167000
TPL,20260317,0.46,0.47,0.45,0.46,333200
TPLAS,20260317,1.18,1.23,1.12,1.19,2968400
TPOLY,20260317,0.18,0.18,0.17,0.17,191100
TPP,20260317,11.2,11.2,11,11,6700
TPS,20260317,3.3,3.34,3.26,3.32,186400
TQM,20260317,13,13.1,12.8,13,330300
TQR,20260317,5.25,5.35,5.25,5.3,37800
TRC,20260317,0.4,0.41,0.39,0.4,391000
TRITN,20260317,0.02,0.03,0.02,0.02,103800
TRP,20260317,4.5,4.54,4.38,4.52,224700
TRT,20260317,4.04,4.04,4,4.04,75700
TRU,20260317,3.92,4,3.82,3.94,62800
TRUBB,20260317,0.84,0.86,0.82,0.83,2682400
TRUE,20260317,13.6,14.2,13.5,14,357666600
TRV,20260317,1.66,1.73,1.65,1.71,3200
TSC,20260317,14.4,14.5,14.4,14.5,5500
TSE,20260317,0.49,0.55,0.48,0.51,19389100
TSI,20260317,0.05,0.06,0.05,0.06,384100
TSTE,20260317,10.4,10.4,10.4,10.4,5000
TSTH,20260317,0.76,0.77,0.74,0.75,6618000
TTA,20260317,4.88,5.05,4.84,5,4724500
TTB,20260317,2.24,2.26,2.22,2.22,238271200
TTI,20260317,26.5,30,25,25.5,18100
TTLPF,20260317,9.75,9.75,9.7,9.75,187500
TTT,20260317,42.75,43.25,42.75,43.25,2100
TTW,20260317,9.1,9.15,9.05,9.05,5087000
TU,20260317,11,11.1,10.9,11,11519200
TU-PF,20260317,1.19,1.22,1.19,1.22,200
TURBO,20260317,1.61,1.63,1.59,1.62,11566500
TURTLE,20260317,3.2,3.2,3.2,3.2,2600
TVDH,20260317,0.05,0.06,0.05,0.06,109600
TVH,20260317,8.75,9.2,8.75,8.85,27300
TVO,20260317,24.1,24.7,24,24.5,1198900
TVT,20260317,0.23,0.24,0.23,0.24,12100
TWP,20260317,1.12,1.18,1.12,1.14,500
TWPC,20260317,2.78,2.8,2.76,2.78,27700
TWZ,20260317,0.02,0.02,0.01,0.02,5334500
TYCN,20260317,1.66,1.73,1.65,1.73,108900
UAC,20260317,2.74,2.76,2.74,2.76,33800
UBA,20260317,1.07,1.07,1.05,1.07,265400
UBE,20260317,0.62,0.62,0.58,0.58,31962300
UBIS,20260317,0.94,0.97,0.93,0.95,35800
UEC,20260317,0.65,0.73,0.65,0.68,340200
UKEM,20260317,0.7,0.71,0.69,0.7,2871600
UMI,20260317,0.7,0.7,0.69,0.7,5600
UNIQ,20260317,2.68,2.72,2.66,2.68,431800
UP,20260317,22.9,22.9,22.9,22.9,300
UPF,20260317,21.6,21.6,21.6,21.6,1700
UPOIC,20260317,7.15,7.15,6.9,7,91900
UREKA,20260317,0.29,0.3,0.28,0.29,2366300
UTP,20260317,7.45,7.5,7.4,7.4,211300
UV,20260317,0.83,0.85,0.83,0.83,232600
UVAN,20260317,16.5,16.5,15.9,16.4,3527900
VARO,20260317,4.24,4.3,4.24,4.3,8300
VCOM,20260317,3.28,3.3,3.26,3.26,77700
VGI,20260317,0.9,0.93,0.88,0.88,200930100
VIBHA,20260317,1.41,1.42,1.4,1.41,539100
VIH,20260317,9,9.3,9,9.2,590700
VL,20260317,0.81,0.81,0.8,0.8,176100
VNG,20260317,1.95,1.99,1.91,1.98,149200
VPO,20260317,0.6,0.6,0.53,0.54,15585500
VRANDA,20260317,4.26,4.28,4.24,4.28,11000
VS,20260317,0.25,0.26,0.25,0.26,15600
WACOAL,20260317,16.7,16.7,16.7,16.7,200
WARRIX,20260317,1.75,1.76,1.73,1.75,199700
WASH,20260317,5.5,5.55,5.3,5.35,1003900
WAVE,20260317,0.03,0.03,0.02,0.02,377900
WFX,20260317,1.02,1.26,1.02,1.12,3814400
WGE,20260317,0.8,0.82,0.8,0.8,370900
WHA,20260317,4.1,4.2,4.06,4.18,130197200
WHABT,20260317,5.65,5.65,5.65,5.65,10700
WHAIR,20260317,6.75,6.8,6.7,6.8,273000
WHART,20260317,10.3,10.4,10.2,10.3,823300
WHAUP,20260317,4.34,4.44,4.34,4.42,4379400
WICE,20260317,2.4,2.42,2.38,2.42,394900
WIIK,20260317,0.89,0.9,0.88,0.9,222600
WIN,20260317,0.25,0.25,0.24,0.25,30900
WINDOW,20260317,0.78,0.78,0.78,0.78,5300
WINMED,20260317,0.89,0.9,0.88,0.9,45300
WINNER,20260317,2.08,2.1,2.08,2.1,331600
WORK,20260317,3.58,3.58,3.52,3.56,28500
WP,20260317,3.76,3.76,3.74,3.76,94600
WPH,20260317,6.5,6.6,6.35,6.5,277300
XBIO,20260317,0.06,0.07,0.06,0.07,13938600
XO,20260317,13.8,14.2,13.7,14,633900
XPG,20260317,0.47,0.48,0.46,0.47,9073300
XYZ,20260317,0.4,0.41,0.39,0.39,102200
YGG,20260317,0.18,0.18,0.16,0.18,675100
YONG,20260317,0.72,0.72,0.69,0.71,169900
YUASA,20260317,14.6,14.8,14.5,14.6,1268788
ZAA,20260317,1.84,1.84,1.84,1.84,100
ZEN,20260317,5.6,5.6,5.6,5.6,100
ZIGA,20260317,0.87,0.89,0.86,0.87,1271100
3BBIF-O,20260317,6.6,6.6,6.55,6.6,817
88TH-O,20260317,5.2,5.4,5.2,5.35,276
A5-O,20260317,1.85,1.85,1.85,1.85,9
AAI-O,20260317,2.38,3.4,2.38,3.38,262
AAV-O,20260317,1.09,1.13,1.09,1.11,539
ABM-O,20260317,0.61,0.62,0.61,0.61,85
ACC-O,20260317,0.39,0.39,0.39,0.39,11
ACE-O,20260317,1.29,1.29,1.28,1.29,141
ADB-O,20260317,0.59,0.59,0.58,0.58,6
ADD-O,20260317,3.9,4,3.9,3.9,60
ADVANC-O,20260317,372,381,372,381,4710
ADVICE-O,20260317,5.6,5.7,5.6,5.65,199
AE-O,20260317,0.09,0.09,0.08,0.08,48
AEONTS-O,20260317,90.25,91.5,90.25,90.5,295
AF-O,20260317,0.37,0.37,0.37,0.37,5
AGE-O,20260317,1.35,1.37,1.35,1.35,25
AH-O,20260317,13.3,13.3,13.3,13.3,8
AHC-O,20260317,13.2,13.2,13.1,13.1,3
AI-O,20260317,2.98,2.98,2.98,2.98,75
AIE-O,20260317,1.18,1.22,1.18,1.22,272
AIMCG-O,20260317,1.4,1.65,1.4,1.65,19
AIMIRT-O,20260317,11,11,10.8,10.9,98
AIT-O,20260317,4.96,4.96,4.96,4.96,1
AJ-O,20260317,2.72,2.72,2.56,2.64,702
AJA-O,20260317,0.17,0.17,0.16,0.16,100
AKR-O,20260317,0.91,0.91,0.91,0.91,81
ALLA-O,20260317,1.22,1.22,1.22,1.22,99
ALLY-O,20260317,4.3,4.32,4.3,4.32,11
ALPHAX-O,20260317,0.48,0.48,0.48,0.48,1
ALT-O,20260317,1.06,1.07,1.06,1.07,12
ALUCON-O,20260317,219,219,218,218,2
AMA-O,20260317,3.98,3.98,3.94,3.96,158
AMANAH-O,20260317,0.69,0.7,0.69,0.7,67
AMARC-O,20260317,3.5,3.5,3.48,3.48,49
AMATA-O,20260317,18.5,19.1,18.4,19.1,899
AMC-O,20260317,2.1,2.16,2.1,2.12,49
AMR-O,20260317,0.35,0.35,0.35,0.35,10
ANI-O,20260317,2.7,2.7,2.7,2.7,20
AOT-O,20260317,48.75,50.25,48.25,50,2570
AP-O,20260317,8.7,8.75,8.65,8.65,872
APO-O,20260317,2.48,2.48,2.32,2.36,199
APP-O,20260317,2.66,2.66,2.64,2.64,16
AQUA-O,20260317,0.14,0.14,0.14,0.14,44
ARIN-O,20260317,0.49,0.49,0.49,0.49,1
ARIP-O,20260317,0.46,0.46,0.44,0.45,106
ARROW-O,20260317,5.2,5.2,5.2,5.2,2
AS-O,20260317,2.8,2.8,2.78,2.8,40
ASIAN-O,20260317,7,7.15,7,7.15,286
ASIMAR-O,20260317,1.5,1.5,1.5,1.5,10
ASK-O,20260317,8.7,8.7,8.65,8.7,62
ASP-O,20260317,2.1,2.1,2.1,2.1,3
ASW-O,20260317,7.5,7.5,7.45,7.45,39
ATLAS-O,20260317,1.87,1.87,1.87,1.87,4
ATP30-O,20260317,0.83,0.83,0.83,0.83,9
AUCT-O,20260317,5.1,5.2,5.1,5.2,18
AURA-O,20260317,14,14.5,14,14.5,480
AWC-O,20260317,2.64,2.64,2.06,2.06,659
AXTRART-O,20260317,12.5,12.5,12.4,12.5,140
AYUD-O,20260317,37,37,36.75,36.75,37
B-O,20260317,0.05,0.05,0.03,0.03,67
B-WORK-O,20260317,5.35,5.35,5.35,5.35,5
B52-O,20260317,0.28,0.28,0.28,0.28,1
BA-O,20260317,13.5,13.9,13.5,13.7,1180
BAFS-O,20260317,8.35,8.35,8.25,8.35,149
BAM-O,20260317,7.1,7.2,7.1,7.15,530
BANPU-O,20260317,5.95,5.95,5.8,5.85,1229
BAREIT-O,20260317,10.4,10.6,10.4,10.6,194
BAY-O,20260317,25.5,25.75,25.5,25.75,230
BBGI-O,20260317,4.12,4.24,4.08,4.24,220
BBIK-O,20260317,19.7,19.9,19.6,19.8,263
BBL-O,20260317,166,167,165.5,166,1167
BCH-O,20260317,10.3,10.3,10,10,1636
BCP-O,20260317,36.5,37,35.75,37,1032
BCPG-O,20260317,6.3,6.5,6.2,6.4,646
BDMS-O,20260317,19,19.2,18.8,18.9,11273
BE8-O,20260317,5.8,6.1,5.8,6.1,164
BEAUTY-O,20260317,0.37,0.37,0.36,0.36,43
BEC-O,20260317,2.04,2.08,2.04,2.08,85
BEM-O,20260317,5.25,5.4,5.25,5.35,595
BEYOND-O,20260317,8.5,8.5,8.5,8.5,1
BGC-O,20260317,4.46,4.46,4.46,4.46,22
BGRIM-O,20260317,11.5,11.9,11.4,11.9,590
BH-O,20260317,170.5,171.5,169,169.5,6894
BIG-O,20260317,0.33,0.33,0.33,0.33,3
BIOTEC-O,20260317,0.27,0.27,0.25,0.25,36
BIS-O,20260317,2.04,2.04,1.97,1.97,24
BIZ-O,20260317,4.68,4.68,4.54,4.58,120
BJC-O,20260317,14.1,14.4,14.1,14.3,388
BKA-O,20260317,0.9,0.9,0.88,0.88,4
BKIH-O,20260317,310,310,309,310,22
BLA-O,20260317,19.6,19.8,19.6,19.8,66
BLAND-O,20260317,0.41,0.42,0.41,0.41,76
BLC-O,20260317,3.92,3.92,3.86,3.86,96
BLESS-O,20260317,0.21,0.21,0.21,0.21,3
BM-O,20260317,1,1.02,1,1.02,90
BOFFICE-O,20260317,5.2,5.25,5.2,5.2,80
BOL-O,20260317,5.1,5.1,5.05,5.05,33
BPP-O,20260317,12.2,12.2,12.2,12.2,19
BRI-O,20260317,1.35,1.35,1.33,1.35,28
BRR-O,20260317,3.9,3.9,3.88,3.88,30
BTC-O,20260317,0.21,0.22,0.21,0.22,79
BTG-O,20260317,20.4,20.9,20.4,20.4,410
BTS-O,20260317,2.08,2.12,2.02,2.08,1002
BTSGIF-O,20260317,2.56,2.56,2.56,2.56,4
BUI-O,20260317,11.2,11.2,11.2,11.2,46
BYD-O,20260317,0.51,0.55,0.51,0.55,70
CBG-O,20260317,35,36,34.75,35.5,1166
CCET-O,20260317,4.76,5.05,4.76,5,1952
CCP-O,20260317,0.24,0.27,0.24,0.27,7
CENTEL-O,20260317,34,34.5,33.75,33.75,542
CFRESH-O,20260317,0.81,1.02,0.81,1.02,59
CGD-O,20260317,0.08,0.12,0.08,0.12,33
CGH-O,20260317,0.44,0.44,0.44,0.44,29
CHAO-O,20260317,4.5,4.5,4.5,4.5,26
CHAYO-O,20260317,1.07,1.09,1.07,1.07,408
CHEWA-O,20260317,0.18,0.18,0.18,0.18,1
CHG-O,20260317,1.47,1.49,1.47,1.48,1138
CHOTI-O,20260317,60.75,60.75,60.25,60.25,20
CI-O,20260317,0.24,0.34,0.24,0.32,442
CK-O,20260317,15.4,15.8,15.4,15.7,248
CKP-O,20260317,2.26,2.3,2.26,2.3,121
CM-O,20260317,1.6,1.61,1.6,1.61,48
CMC-O,20260317,0.39,0.4,0.38,0.4,4
CMO-O,20260317,0.92,0.92,0.84,0.85,111
CMR-O,20260317,1.36,1.36,1.36,1.36,19
CNT-O,20260317,1.04,1.08,1.04,1.08,18
COCOCO-O,20260317,5.95,5.95,5.7,5.8,115
COM7-O,20260317,24.1,24.2,23.9,24.1,631
COMAN-O,20260317,0.6,0.6,0.6,0.6,1
CPALL-O,20260317,46.5,47,45.75,46,11866
CPAXT-O,20260317,15.3,15.7,15.2,15.4,3800
CPF-O,20260317,19,19.8,19,19.7,5056
CPH-O,20260317,6.05,10.9,6.05,10.9,68
CPI-O,20260317,3.56,3.56,3.52,3.52,99
CPL-O,20260317,0.63,0.64,0.62,0.62,101
CPN-O,20260317,65.5,66,64.75,65,1076
CPNREIT-O,20260317,11.6,11.7,11.5,11.6,683
CPR-O,20260317,1.9,1.9,1.9,1.9,1
CRC-O,20260317,18.8,19.3,18.7,18.8,1035
CREDIT-O,20260317,16.9,16.9,16.8,16.8,50
CSC-O,20260317,43.5,43.75,43.5,43.75,9
CSP-O,20260317,0.4,0.4,0.4,0.4,1
CTARAF-O,20260317,4.58,4.58,4.58,4.58,2
CWT-O,20260317,0.86,0.86,0.86,0.86,10
D-O,20260317,2.68,2.72,2.68,2.72,4
DCC-O,20260317,1.21,1.22,1.21,1.22,130
DCON-O,20260317,0.23,0.23,0.23,0.23,10
DDD-O,20260317,5.8,5.8,5.8,5.8,29
DELTA-O,20260317,262,272,262,269,22664
DHOUSE-O,20260317,0.38,0.38,0.38,0.38,10
DIF-O,20260317,9.45,9.5,9.45,9.5,914
DITTO-O,20260317,11,11.4,11,11.4,154
DMT-O,20260317,11.2,11.3,11.1,11.2,195
DOD-O,20260317,1.75,1.89,1.74,1.88,224
DOHOME-O,20260317,3.24,3.3,3.24,3.26,431
DREIT-O,20260317,4.8,4.8,4.8,4.8,20
DRT-O,20260317,4.76,4.82,4.76,4.8,197
DTCENT-O,20260317,0.88,0.88,0.88,0.88,111
DTCI-O,20260317,20.2,20.2,20.1,20.1,2
DUSIT-O,20260317,10.3,10.4,10.3,10.4,141
DV8-O,20260317,3.9,5.2,3.9,5.2,355
EA-O,20260317,2.62,2.68,2.62,2.66,600
EFORL-O,20260317,0.13,0.13,0.12,0.12,150
EGATIF-O,20260317,6.1,6.1,6.1,6.1,46
EGCO-O,20260317,110.5,111,109,109.5,908
EKH-O,20260317,5,5.05,4.9,5,260
EMC-O,20260317,0.03,0.03,0.03,0.03,1
EMPIRE-O,20260317,0.58,0.58,0.58,0.58,3
EP-O,20260317,1.13,1.13,1.13,1.13,6
EPG-O,20260317,3.24,3.28,3.24,3.26,213
ERW-O,20260317,2.58,2.74,2.58,2.58,503
ESTAR-O,20260317,0.24,0.24,0.24,0.24,10
ETE-O,20260317,0.58,0.58,0.58,0.58,10
ETL-O,20260317,0.45,0.51,0.45,0.5,13
EURO-O,20260317,4.18,4.18,4.18,4.18,1
EVER-O,20260317,0.06,0.06,0.04,0.04,10
FM-O,20260317,3.9,3.9,3.9,3.9,5
FMT-O,20260317,20.6,20.6,20.6,20.6,11
FORTH-O,20260317,7,7,7,7,1
FPT-O,20260317,6.15,6.15,6.15,6.15,12
FSMART-O,20260317,6.5,6.5,6.45,6.45,164
FSX-O,20260317,1.32,1.32,1.32,1.32,3
FTE-O,20260317,2,2,2,2,20
FTREIT-O,20260317,10.9,11,10.9,10.9,211
FUTURERT-O,20260317,8.9,8.95,8.9,8.95,115
GABLE-O,20260317,3.94,3.94,2.76,3.94,102
GC-O,20260317,4.48,4.48,4.38,4.38,94
GCAP-O,20260317,0.26,0.26,0.26,0.26,55
GEL-O,20260317,0.03,0.03,0.03,0.03,9
GENCO-O,20260317,0.27,0.27,0.26,0.26,11
GFPT-O,20260317,8.8,9.2,8.8,9.15,127
GJS-O,20260317,0.1,0.1,0.1,0.1,47
GLOBAL-O,20260317,6.3,6.65,6.3,6.45,549
GPI-O,20260317,1.66,1.66,1.66,1.66,1
GPSC-O,20260317,33.25,34.5,33,34,1089
GRAMMY-O,20260317,3.74,3.82,3.74,3.82,27
GREEN-O,20260317,0.6,0.61,0.6,0.61,27
GTV-O,20260317,0.04,0.04,0.03,0.03,2
GULF-O,20260317,56.25,57.75,56,56.75,8017
GUNKUL-O,20260317,2.2,2.24,2.2,2.24,573
GVREIT-O,20260317,6.4,6.4,6.4,6.4,30
GYT-O,20260317,180,180,180,180,50
HANA-O,20260317,25.25,25.75,24.8,25.75,2322
HANN-O,20260317,0.99,1,0.99,1,27
HFT-O,20260317,4.3,4.3,4.3,4.3,10
HMPRO-O,20260317,6.25,6.3,6.2,6.25,1369
HPF-O,20260317,5.35,5.4,5.35,5.4,7
HTC-O,20260317,15.8,15.9,15.7,15.8,46
HTECH-O,20260317,2.82,2.84,2.8,2.84,169
HUMAN-O,20260317,4.5,4.56,4.5,4.54,137
HYDRO-O,20260317,2.7,2.72,2.56,2.56,40
I2-O,20260317,0.67,0.67,0.67,0.67,1
ICC-O,20260317,24.8,28,24.8,28,76
ICHI-O,20260317,13.4,13.7,13.4,13.5,1860
ICN-O,20260317,1.75,1.75,1.5,1.5,154
III-O,20260317,3.92,3.92,3.92,3.92,50
ILINK-O,20260317,4.62,4.62,4.58,4.58,18
ILM-O,20260317,13.5,13.5,13.5,13.5,40
IMH-O,20260317,3.04,3.04,3.02,3.02,22
IMPACT-O,20260317,10.9,11.9,10.9,11,95
IND-O,20260317,1.16,1.16,1.16,1.16,2
INET-O,20260317,3.46,3.58,3.46,3.52,185
INETREIT-O,20260317,12.3,12.4,12.3,12.3,1365
INSET-O,20260317,2.64,2.64,2.6,2.64,164
IP-O,20260317,4.16,4.2,4.16,4.16,196
IRC-O,20260317,11.5,11.5,11.5,11.5,50
IRCP-O,20260317,0.27,0.27,0.25,0.25,33
IRPC-O,20260317,1.31,1.41,1.31,1.41,2105
ISSARA-O,20260317,9.6,9.6,8.8,8.8,2
IT-O,20260317,4.1,4.1,4.1,4.1,3
ITC-O,20260317,14.5,14.6,14.2,14.4,494
ITD-O,20260317,0.23,0.23,0.22,0.22,35
ITEL-O,20260317,1.2,1.2,1.2,1.2,92
ITNS-O,20260317,1.72,1.72,1.7,1.7,71
IVL-O,20260317,20.8,22.7,20.8,22.4,2454
J-O,20260317,0.65,0.65,0.65,0.65,35
JAK-O,20260317,0.83,0.83,0.83,0.83,1
JAS-O,20260317,1.24,1.24,1.22,1.23,326
JCK-O,20260317,0.1,0.13,0.1,0.13,66
JCT-O,20260317,80.25,80.5,80.25,80.5,6
JDF-O,20260317,2.02,2.04,2.02,2.04,11
JMART-O,20260317,7.1,7.2,7.05,7.05,100
JMT-O,20260317,8.75,8.9,8.7,8.85,368
JPARK-O,20260317,3.1,3.1,3.06,3.08,86
JSP-O,20260317,1.38,1.38,1.38,1.38,50
JTS-O,20260317,56,58.5,55.5,57,951
K-O,20260317,0.77,0.77,0.77,0.77,53
KAMART-O,20260317,9.35,9.4,9.3,9.4,38
KASET-O,20260317,0.62,0.62,0.62,0.62,107
KBANK-O,20260317,187,189.5,187,188.5,3809
KBS-O,20260317,5.7,5.7,5.65,5.65,33
KBSPIF-O,20260317,8.3,8.3,8.25,8.25,22
KCE-O,20260317,22.2,23.6,22.2,23,3326
KCG-O,20260317,9.5,9.5,9.5,9.5,1
KCM-O,20260317,0.16,0.16,0.16,0.16,10
KGI-O,20260317,4.28,4.3,4.26,4.3,423
KISS-O,20260317,3.34,3.34,3.34,3.34,1
KJL-O,20260317,6,6,6,6,11
KK-O,20260317,1.01,1.01,1.01,1.01,1
KKP-O,20260317,71.75,72.5,71.75,72.25,1269
KLINIQ-O,20260317,25.25,25.75,25.25,25.25,67
KSL-O,20260317,1.48,1.49,1.44,1.47,282
KTB-O,20260317,34.25,35,34.25,35,5659
KTC-O,20260317,29.5,30.75,29.5,30.25,1227
KTMS-O,20260317,1.74,1.74,1.74,1.74,50
KUN-O,20260317,0.5,0.71,0.5,0.71,103
KYE-O,20260317,287,287,287,287,12
L&E-O,20260317,1.13,1.13,1.13,1.13,52
LALIN-O,20260317,4.68,4.68,4.66,4.68,124
LANNA-O,20260317,15.6,15.6,15.5,15.5,229
LEE-O,20260317,2.72,2.72,2.7,2.7,28
LH-O,20260317,3.76,3.76,3.72,3.76,1693
LHFG-O,20260317,1.03,1.03,1.01,1.03,181
LHHOTEL-O,20260317,12.6,12.7,12.6,12.7,35
LHK-O,20260317,3.36,3.38,3.34,3.34,37
LHSC-O,20260317,13.9,14,13.9,14,58
LPN-O,20260317,1.57,1.58,1.57,1.58,32
LST-O,20260317,4.6,4.6,4.6,4.6,25
LTMH-O,20260317,4.82,4.82,4.82,4.82,1
LTS-O,20260317,2.38,2.42,2.36,2.42,67
M-O,20260317,19.5,20.3,19.4,19.7,968
MADAME-O,20260317,0.58,0.6,0.58,0.6,13
MAGURO-O,20260317,20.9,24.9,20.9,24.9,93
MAJOR-O,20260317,7.7,7.75,7.7,7.75,23
MALEE-O,20260317,4.34,4.34,4.32,4.32,35
MASTER-O,20260317,9.2,9.3,9.05,9.15,182
MATCH-O,20260317,0.67,0.67,0.67,0.67,50
MBK-O,20260317,17.1,17.4,17.1,17.4,188
MC-O,20260317,11,11.2,10.9,11.1,243
MCOT-O,20260317,6.5,6.65,6.5,6.6,124
MCS-O,20260317,9.55,9.6,9.55,9.55,84
MEB-O,20260317,14.3,14.4,14.3,14.4,11
MEDEZE-O,20260317,6.25,6.3,6.25,6.3,68
MEGA-O,20260317,33.5,34,33.5,34,129
MENA-O,20260317,0.48,0.48,0.48,0.48,59
METCO-O,20260317,265,265,264,264,21
MFC-O,20260317,23.5,26,22.9,26,107
MGC-O,20260317,4.3,4.3,4.3,4.3,21
MGI-O,20260317,5.3,5.35,5.3,5.35,80
MICRO-O,20260317,0.66,0.66,0.66,0.66,59
MII-O,20260317,4.86,4.86,4.86,4.86,1
MINT-O,20260317,23.2,23.2,22.2,22.4,3424
MIPF-O,20260317,9.1,9.1,9.1,9.1,1
MJLF-O,20260317,5.1,5.1,5.05,5.05,33
MK-O,20260317,0.5,0.5,0.5,0.5,20
MMM-O,20260317,2.86,2.94,2.86,2.94,192
MONO-O,20260317,1.01,1.06,0.99,1,365
MOONG-O,20260317,2.3,2.3,2.3,2.3,86
MORE-O,20260317,0.03,0.04,0.03,0.04,24
MOSHI-O,20260317,33.75,34.5,33.75,34.5,107
MOTHER-O,20260317,1.14,1.14,1.11,1.11,17
MRDIYT-O,20260317,9.15,9.15,9.05,9.05,102
MSC-O,20260317,7.15,7.15,7.15,7.15,5
MTC-O,20260317,31,31.25,30.75,31,795
MTI-O,20260317,15.3,15.3,15.3,15.3,58
MTW-O,20260317,0.8,0.8,0.8,0.8,98
MUD-O,20260317,0.86,0.86,0.86,0.86,1
NC-O,20260317,1.33,1.84,1.33,1.84,95
NCH-O,20260317,0.4,0.4,0.4,0.4,5
NEO-O,20260317,19.7,19.8,19.7,19.8,56
NER-O,20260317,4.72,4.74,4.72,4.72,80
NETBAY-O,20260317,19.2,19.3,19.1,19.2,133
NEX-O,20260317,1.01,1.01,1,1,84
NKI-O,20260317,12.9,14.9,12.9,14.9,2
NNCL-O,20260317,1.58,1.58,1.58,1.58,1
NOBLE-O,20260317,2.08,2.1,2.08,2.08,81
NRF-O,20260317,0.26,0.31,0.25,0.29,196
NSL-O,20260317,22.6,22.8,22.6,22.6,184
NTF-O,20260317,13,13,12.4,12.6,531
NTSC-O,20260317,6.45,6.45,6.3,6.3,46
NTV-O,20260317,23.3,23.3,23.2,23.2,12
NUT-O,20260317,4.3,4.3,4.3,4.3,1
NV-O,20260317,0.37,0.51,0.37,0.51,113
NYT-O,20260317,4.06,4.16,4,4.14,491
OKJ-O,20260317,3.62,3.68,3.62,3.64,241
ONEE-O,20260317,2.68,2.78,2.68,2.72,387
ONSENS-O,20260317,1.18,1.18,1.16,1.16,16
OR-O,20260317,11.3,11.8,11.2,11.7,5688
ORI-O,20260317,1.88,1.88,1.85,1.86,135
OSP-O,20260317,14.4,14.7,14.3,14.5,1037
PACO-O,20260317,1.29,1.29,1.27,1.27,12
PANEL-O,20260317,1.24,1.24,1.24,1.24,2
PAP-O,20260317,2,2,2,2,2
PATO-O,20260317,7.2,7.2,7.15,7.2,5
PCE-O,20260317,2.46,2.46,2.46,2.46,103
PDG-O,20260317,3.18,3.22,3.16,3.16,59
PDJ-O,20260317,1,1,1,1,30
PEER-O,20260317,0.08,0.09,0.08,0.08,39
PERM-O,20260317,0.2,0.2,0.2,0.2,38
PHG-O,20260317,13,13,13,13,1
PHOL-O,20260317,2.82,2.82,2.82,2.82,37
PIMO-O,20260317,1.01,1.01,1.01,1.01,63
PIN-O,20260317,4.26,4.32,4.26,4.26,65
PIS-O,20260317,3.62,3.62,3.58,3.58,16
PLANB-O,20260317,4.08,4.12,4.08,4.12,235
PLANET-O,20260317,0.35,0.37,0.26,0.37,77
PLE-O,20260317,0.18,0.18,0.18,0.18,35
PLUS-O,20260317,1.43,1.47,1.43,1.47,33
PM-O,20260317,11.5,11.5,11.4,11.5,141
PMC-O,20260317,0.85,0.86,0.84,0.86,57
POPF-O,20260317,6.85,6.9,6.85,6.9,12
PORT-O,20260317,0.52,0.52,0.52,0.52,8
PR9-O,20260317,17,17,16.9,17,334
PRAPAT-O,20260317,0.73,0.73,0.53,0.73,52
PRG-O,20260317,9.35,9.5,9.35,9.45,137
PRI-O,20260317,4.1,4.1,4.1,4.1,11
PRIN-O,20260317,0.96,0.96,0.96,0.96,99
PRM-O,20260317,7.5,7.7,7.45,7.6,310
PROEN-O,20260317,1.04,1.04,1.04,1.04,29
PROSPECT-O,20260317,7,7,7,7,21
PROUD-O,20260317,1.02,1.02,1.02,1.02,3
PSGC-O,20260317,3.24,3.26,3.18,3.2,98
PSH-O,20260317,3.6,3.68,3.6,3.68,81
PSL-O,20260317,6.9,7.05,6.85,6.95,355
PSTC-O,20260317,0.27,0.27,0.26,0.26,16
PT-O,20260317,11.8,11.8,11.7,11.8,438
PTG-O,20260317,8,8.2,8,8.2,1401
PTL-O,20260317,10.5,10.5,9.8,9.95,580
PTT-O,20260317,33.75,34,33,34,13113
PTTEP-O,20260317,145.5,149,144,148.5,7829
PTTGC-O,20260317,29,31.75,29,31.25,4637
PYLON-O,20260317,3.08,3.1,3.08,3.1,58
QDC-O,20260317,0.1,0.13,0.1,0.13,4
QH-O,20260317,1.36,1.39,1.36,1.38,656
QHBREIT-O,20260317,3.6,3.6,3.56,3.56,59
QHHRREIT-O,20260317,7.1,7.2,7.05,7.2,81
QHOP-O,20260317,3.68,3.68,3.68,3.68,3
RABBIT-O,20260317,0.34,0.34,0.32,0.33,58
RAM-O,20260317,18.7,18.7,18.6,18.7,49
RATCH-O,20260317,28.25,28.75,28.25,28.5,780
RBF-O,20260317,3.68,3.68,3.68,3.68,3
RCL-O,20260317,30,32.25,30,32,1282
RICHY-O,20260317,0.15,0.15,0.15,0.15,10
RJH-O,20260317,12.6,12.7,12.6,12.6,166
ROJNA-O,20260317,5.1,5.15,5.1,5.1,6
RP-O,20260317,0.55,0.55,0.55,0.55,1
RPC-O,20260317,0.3,0.3,0.3,0.3,100
RPH-O,20260317,5,5,4.96,4.96,87
RS-O,20260317,0.17,0.18,0.17,0.18,11
RSP-O,20260317,0.96,0.96,0.94,0.94,52
S-O,20260317,0.53,0.53,0.53,0.53,14
S11-O,20260317,3.92,3.92,3.88,3.88,68
SABINA-O,20260317,15.8,16,15.8,15.8,157
SAMART-O,20260317,5.6,5.6,5.5,5.5,58
SAMCO-O,20260317,0.69,0.69,0.69,0.69,10
SAPPE-O,20260317,20.8,30.25,20.8,30.25,236
SAT-O,20260317,14.4,14.4,14.3,14.3,315
SAUCE-O,20260317,41,43,40.75,40.75,81
SAV-O,20260317,11.7,11.8,11.7,11.8,141
SAWAD-O,20260317,24.6,24.9,24.4,24.4,917
SAWANG-O,20260317,8.55,8.55,8.55,8.55,1
SC-O,20260317,1.95,2.02,1.94,2.02,454
SCAP-O,20260317,1.08,1.09,1.08,1.09,81
SCB-O,20260317,143,145.5,143,145,8667
SCC-O,20260317,179.5,186,178.5,184,2933
SCCC-O,20260317,139,140,139,139.5,126
SCG-O,20260317,2.28,2.3,2.28,2.3,60
SCGD-O,20260317,5.05,5.15,5.05,5.15,97
SCGP-O,20260317,17.8,19.1,17.8,18.5,1388
SCL-O,20260317,1.22,1.22,1.22,1.22,2
SCM-O,20260317,0.13,0.13,0.13,0.13,70
SCN-O,20260317,0.3,0.3,0.3,0.3,50
SCP-O,20260317,7.6,7.75,7.6,7.75,107
SE-ED-O,20260317,1.65,1.65,1.65,1.65,22
SE-O,20260317,0.44,0.45,0.44,0.45,50
SEAFCO-O,20260317,2.42,2.42,2.42,2.42,39
SEAOIL-O,20260317,3.7,3.76,3.64,3.72,614
SEI-O,20260317,2.28,2.28,2.28,2.28,1
SELIC-O,20260317,2.58,2.6,2.58,2.6,65
SENA-O,20260317,1.33,1.88,1.33,1.88,160
SENX-O,20260317,0.23,0.24,0.23,0.24,101
SGC-O,20260317,0.88,0.9,0.88,0.89,171
SGP-O,20260317,7.75,7.75,7.75,7.75,41
SHR-O,20260317,1.62,1.62,1.6,1.6,100
SIAM-O,20260317,0.68,0.68,0.68,0.68,1
SIMAT-O,20260317,1.17,1.17,1.17,1.17,99
SINGER-O,20260317,5.55,5.55,5.4,5.4,75
SINO-O,20260317,0.9,0.9,0.9,0.9,100
SIRI-O,20260317,1.44,1.51,1.43,1.45,2121
SIS-O,20260317,21.4,21.4,21.2,21.4,40
SISB-O,20260317,10.9,10.9,10.8,10.8,172
SITHAI-O,20260317,1.02,1.02,1.02,1.02,59
SJWD-O,20260317,7.5,7.5,7.45,7.5,53
SKIN-O,20260317,1.16,1.16,1.16,1.16,10
SKY-O,20260317,13,13.2,13,13.2,35
SLP-O,20260317,0.38,0.38,0.38,0.38,3
SMART-O,20260317,0.78,0.78,0.61,0.78,109
SMD100-O,20260317,1.85,1.89,1.8,1.8,79
SMIT-O,20260317,3.54,3.54,3.54,3.54,69
SMO-O,20260317,4.78,4.8,4.7,4.8,235
SMPC-O,20260317,9.2,9.3,9.1,9.1,71
SMT-O,20260317,1.38,1.4,1.38,1.38,33
SNC-O,20260317,5.7,5.7,5.7,5.7,18
SNNP-O,20260317,7.2,7.25,7.15,7.25,31
SNP-O,20260317,9.2,9.2,9.1,9.1,9
SNPS-O,20260317,4.88,4.88,4.88,4.88,3
SO-O,20260317,4.16,4.16,4.16,4.16,10
SOLAR-O,20260317,0.22,0.22,0.18,0.18,206
SPACK-O,20260317,1.26,1.26,1.26,1.26,10
SPALI-O,20260317,17.1,17.4,17,17.3,794
SPCG-O,20260317,9.05,9.15,9,9.1,312
SPI-O,20260317,43,43,43,43,12
SPRC-O,20260317,7.15,7.45,7.15,7.45,1376
SPREME-O,20260317,1.6,1.6,1.6,1.6,4
SPTX-O,20260317,0.01,0.01,0.01,0.01,478
SPVI-O,20260317,2.72,2.72,2.72,2.72,19
SRICHA-O,20260317,14,14.5,14,14.5,55
SRIPANWA-O,20260317,5.2,5.2,5.2,5.2,2
SSP-O,20260317,3.4,3.4,3.28,3.38,71
SSSC-O,20260317,2.22,2.22,2.22,2.22,10
STA-O,20260317,16.1,16.2,15.7,16.1,758
STANLY-O,20260317,198,199,198,198,38
STECON-O,20260317,11.8,12.2,11.8,12.2,1115
STGT-O,20260317,9.4,9.65,9.4,9.6,105
STOWER-O,20260317,0.01,0.03,0.01,0.02,284
STPI-O,20260317,4.34,4.34,4.28,4.3,160
SUC-O,20260317,29.25,29.25,29.25,29.25,9
SUN-O,20260317,2.7,2.72,2.7,2.7,100
SUPER-O,20260317,0.11,0.11,0.1,0.11,238
SUPEREIF-O,20260317,5.7,5.7,5.7,5.7,8
SUSCO-O,20260317,2.06,2.1,2.04,2.08,95
SVI-O,20260317,7.35,7.4,7.35,7.35,412
SVT-O,20260317,1.29,1.29,1.29,1.29,16
SWC-O,20260317,4.48,4.54,4,4,60
SYNEX-O,20260317,9.5,9.8,9.5,9.7,157
TACC-O,20260317,5.5,5.6,5.5,5.55,165
TAE-O,20260317,0.78,0.78,0.78,0.78,53
TAKUNI-O,20260317,0.36,0.36,0.34,0.34,15
TAN-O,20260317,4,4,4,4,1
TASCO-O,20260317,12.8,13.2,12.8,13.2,278
TCAP-O,20260317,57,57,56,56.25,886
TCC-O,20260317,0.3,0.3,0.3,0.3,10
TCJ-O,20260317,2.28,2.28,2.28,2.28,17
TCMC-O,20260317,0.22,0.22,0.22,0.22,88
TEAM-O,20260317,2.56,2.56,2.48,2.48,221
TEGH-O,20260317,3.46,3.5,3.42,3.5,118
TEKA-O,20260317,1.71,1.71,1.71,1.71,1
TFFIF-O,20260317,6.6,6.65,6.6,6.65,222
TFG-O,20260317,6.85,7.15,6.75,7.1,1530
TFM-O,20260317,6.25,6.25,6.25,6.25,10
TFMAMA-O,20260317,189.5,189.5,189.5,189.5,42
TGE-O,20260317,1.23,1.23,1.23,1.23,5
TH-O,20260317,0.5,0.5,0.49,0.49,6
THAI-O,20260317,6.15,6.25,6.15,6.15,987
THANI-O,20260317,1.67,1.69,1.66,1.67,79
THCOM-O,20260317,11.3,11.5,11.1,11.2,781
THG-O,20260317,9.4,9.4,8.4,8.4,21
THIP-O,20260317,23.4,23.6,23.4,23.4,86
THRE-O,20260317,0.41,0.41,0.41,0.41,10
THREL-O,20260317,1.01,1.31,1,1.31,229
TIDLOR-O,20260317,16.7,16.9,16.5,16.7,1141
TIGER-O,20260317,0.25,0.25,0.25,0.25,95
TIPCO-O,20260317,6.9,6.95,6.85,6.95,60
TIPH-O,20260317,20.7,20.7,20.6,20.6,21
TISCO-O,20260317,112.5,113,112,112.5,4679
TITLE-O,20260317,8.25,8.3,8.25,8.3,12
TKC-O,20260317,7.85,7.85,7.8,7.85,35
TKN-O,20260317,4.02,4.02,4,4,69
TKS-O,20260317,6.25,6.25,6.25,6.25,24
TLHPF-O,20260317,4.98,4.98,4.98,4.98,2
TLI-O,20260317,10.4,10.6,10.3,10.6,518
TM-O,20260317,0.77,0.77,0.76,0.76,15
TMAN-O,20260317,12.9,13.1,12.9,13.1,25
TMI-O,20260317,0.51,0.51,0.51,0.51,1
TNITY-O,20260317,2.48,2.48,2.48,2.48,10
TNP-O,20260317,2.76,2.78,2.76,2.76,87
TNPC-O,20260317,0.88,0.88,0.83,0.83,14
TNR-O,20260317,4.9,4.9,4.84,4.84,60
TOA-O,20260317,12.6,13.1,12.6,13.1,66
TOG-O,20260317,7,7,6.9,6.9,68
TOP-O,20260317,46.25,47.5,44.75,47,3262
TPAC-O,20260317,9.55,9.55,9.55,9.55,3
TPCH-O,20260317,2.18,2.18,2.18,2.18,1
TPIPL-O,20260317,0.81,0.81,0.72,0.72,2
TPIPP-O,20260317,1.82,1.85,1.82,1.85,86
TPLAS-O,20260317,1.17,1.21,1.17,1.21,100
TPOLY-O,20260317,0.13,0.13,0.13,0.13,59
TQM-O,20260317,13,13.1,13,13.1,295
TQR-O,20260317,5.3,5.3,5.3,5.3,30
TRU-O,20260317,4.02,4.02,4.02,4.02,1
TRUE-O,20260317,13.3,14.1,13.3,13.9,3514
TRV-O,20260317,1.66,1.66,1.66,1.66,1
TSC-O,20260317,14.4,14.4,14.4,14.4,6
TSE-O,20260317,0.49,0.53,0.49,0.5,164
TSTE-O,20260317,11.8,11.8,11.8,11.8,2
TSTH-O,20260317,0.76,0.76,0.76,0.76,5
TTA-O,20260317,4.86,5.05,4.86,5.05,418
TTB-O,20260317,2.24,2.26,2.22,2.24,5482
TTI-O,20260317,24.9,30,24.9,25.5,53
TTLPF-O,20260317,9.75,9.85,9.75,9.85,39
TTW-O,20260317,9.1,9.2,9.1,9.1,623
TU-O,20260317,10.9,11.1,10.9,11,1383
TURBO-O,20260317,1.2,1.62,1.2,1.6,392
TVDH-O,20260317,0.05,0.06,0.05,0.06,52
TVO-O,20260317,24.1,24.6,24.1,24.6,507
TWPC-O,20260317,2.78,2.78,2.44,2.44,121
UAC-O,20260317,2.8,2.8,2.78,2.78,11
UBA-O,20260317,1.36,1.36,1.36,1.36,2
UBE-O,20260317,0.59,0.6,0.58,0.6,58
UBIS-O,20260317,0.93,0.97,0.93,0.97,9
UEC-O,20260317,0.46,0.46,0.46,0.46,7
UPF-O,20260317,21.6,22,21.6,22,7
UPOIC-O,20260317,6.9,7,6.9,7,99
UREKA-O,20260317,0.21,0.29,0.21,0.29,166
UTP-O,20260317,7.5,7.5,7.45,7.5,234
UVAN-O,20260317,16.4,16.6,16,16.5,713
VCOM-O,20260317,3.28,3.28,3.26,3.26,51
VGI-O,20260317,0.9,0.93,0.89,0.9,892
VIBHA-O,20260317,1.41,1.42,1.41,1.42,22
VL-O,20260317,0.81,0.81,0.81,0.81,1
VPO-O,20260317,0.58,0.58,0.54,0.55,244
WARRIX-O,20260317,1.75,1.75,1.75,1.75,57
WASH-O,20260317,5.45,5.45,5.35,5.35,61
WFX-O,20260317,1.2,1.2,1.11,1.15,64
WHA-O,20260317,4.1,4.2,4.08,4.2,1420
WHABT-O,20260317,5.6,5.65,5.6,5.65,139
WHAIR-O,20260317,6.75,6.75,6.7,6.7,17
WHART-O,20260317,10.3,10.4,7.3,10.3,578
WHAUP-O,20260317,4.34,4.42,4.34,4.42,126
WICE-O,20260317,2.4,2.4,2.4,2.4,43
WINNER-O,20260317,2.12,2.12,2.1,2.1,55
WORK-O,20260317,3.56,3.64,3.52,3.64,51
WPH-O,20260317,6.5,6.5,6.5,6.5,120
XBIO-O,20260317,0.07,0.08,0.07,0.08,99
XO-O,20260317,13.8,14.3,13.8,14,99
XPG-O,20260317,0.48,0.48,0.47,0.48,99
YGG-O,20260317,0.16,0.16,0.15,0.16,16
YUASA-O,20260317,14.7,14.7,14.7,14.7,59
ZAA-O,20260317,1.82,1.82,1.82,1.82,8
ZEN-O,20260317,5.7,5.7,5.7,5.7,1
ZIGA-O,20260317,0.88,0.88,0.88,0.88,5
RABBIT-P,20260317,0.34,0.34,0.33,0.33,304300
VAYU1,20260317,11,11.1,11,11.1,2170000
VAYU1-O,20260317,11.1,11.1,11,11.1,202
AAV01C2604A,20260317,0.02,0.02,0.02,0.02,100
AAV01C2607A,20260317,0.08,0.09,0.08,0.08,804500
AAV01C2609T,20260317,0.14,0.14,0.14,0.14,1782600
AAV13C2604A,20260317,0.01,0.01,0.01,0.01,6600
AAV13C2607A,20260317,0.13,0.15,0.13,0.13,8338800
AAV13C2608A,20260317,0.1,0.11,0.1,0.1,5621200
AAV13C2701T,20260317,0.16,0.17,0.16,0.16,5080600
AAV13P2607A,20260317,0.53,0.54,0.5,0.51,3531900
AAV19C2604A,20260317,0.03,0.03,0.03,0.03,26000
AAV19C2612T,20260317,0.14,0.14,0.14,0.14,2504400
AAV41C2607A,20260317,0.11,0.12,0.11,0.12,200100
AAV41C2609T,20260317,0.11,0.11,0.11,0.11,15100
ADVANC01C2606A,20260317,1.03,1.16,1.01,1.14,1773100
ADVANC01C2607A,20260317,0.62,0.71,0.61,0.69,3270600
ADVANC01C2608A,20260317,0.24,0.28,0.23,0.27,5524200
ADVANC01C2701T,20260317,0.72,0.77,0.71,0.75,3635000
ADVANC01P2604A,20260317,0.01,0.02,0.01,0.02,210100
ADVANC01P2606A,20260317,0.12,0.12,0.12,0.12,356500
ADVANC01P2607A,20260317,0.35,0.35,0.3,0.31,8087900
ADVANC13C2604A,20260317,0.45,0.52,0.45,0.52,2600
ADVANC13C2607A,20260317,0.61,0.69,0.6,0.67,12713000
ADVANC13C2608A,20260317,0.17,0.19,0.17,0.18,8998800
ADVANC13C2608B,20260317,0.26,0.28,0.26,0.28,18848400
ADVANC13C2608C,20260317,0.47,0.53,0.47,0.51,5813200
ADVANC13C2701T,20260317,0.49,0.52,0.49,0.51,1863300
ADVANC13P2607A,20260317,0.21,0.22,0.18,0.19,1987100
ADVANC19C2605A,20260317,1.2,1.29,1.15,1.29,1400
ADVANC19C2607A,20260317,0.48,0.55,0.47,0.54,5250900
ADVANC19C2608A,20260317,0.38,0.43,0.37,0.41,12670100
ADVANC41C2604A,20260317,0.56,0.56,0.56,0.56,200200
ADVANC41C2606T,20260317,0.95,1.02,0.94,1.01,1301100
ADVANC41C2607A,20260317,0.55,0.63,0.55,0.62,3472900
ADVANC41C2608A,20260317,0.18,0.18,0.18,0.18,100
ADVANC41C2608C,20260317,0.43,0.48,0.42,0.47,3322000
ADVANC41C2701T,20260317,0.39,0.41,0.39,0.41,1960700
ADVANC41P2604A,20260317,0.01,0.01,0.01,0.01,65000
ADVANC41P2607A,20260317,0.18,0.18,0.16,0.16,25300
AEONTS13C2608A,20260317,0.24,0.25,0.24,0.24,1964800
ALIHEA41C2606A,20260317,0.23,0.23,0.23,0.23,200
AMATA01C2605A,20260317,0.19,0.24,0.19,0.24,3309800
AMATA01C2608A,20260317,0.31,0.36,0.3,0.36,6215700
AMATA13C2604A,20260317,0.12,0.16,0.12,0.16,3035800
AMATA13C2607A,20260317,0.61,0.61,0.61,0.61,2500
AMATA13C2608A,20260317,0.32,0.39,0.32,0.39,14930500
AMATA19C2607A,20260317,0.37,0.47,0.37,0.47,4831700
AMATA19C2608A,20260317,0.24,0.31,0.24,0.31,3402800
AMATA41C2604A,20260317,0.13,0.17,0.13,0.17,363000
AMATA41C2607A,20260317,0.51,0.53,0.5,0.53,200200
AMATA41C2608A,20260317,0.32,0.37,0.32,0.37,3383800
AMATA41C2609T,20260317,0.31,0.35,0.31,0.35,1600
AOT01C2605A,20260317,0.08,0.08,0.08,0.08,31100
AOT01C2606T,20260317,0.27,0.29,0.27,0.28,1662400
AOT01C2607A,20260317,0.19,0.22,0.19,0.21,891200
AOT01C2609A,20260317,0.36,0.4,0.36,0.38,2317400
AOT01P2605A,20260317,0.22,0.22,0.19,0.19,2051800
AOT01P2607A,20260317,0.61,0.61,0.56,0.57,1306500
AOT13C2605A,20260317,0.18,0.21,0.18,0.2,5008900
AOT13C2605B,20260317,0.05,0.06,0.05,0.06,1869300
AOT13C2608A,20260317,0.25,0.29,0.25,0.27,7169300
AOT13P2607A,20260317,0.42,0.42,0.39,0.4,2608400
AOT19C2605A,20260317,0.14,0.16,0.14,0.14,3172700
AOT19C2605B,20260317,0.05,0.06,0.05,0.06,5100
AOT19P2605A,20260317,0.09,0.09,0.09,0.09,265000
AOT41C2605A,20260317,0.15,0.17,0.15,0.16,816700
AOT41C2608A,20260317,0.23,0.26,0.23,0.25,1401200
AOT41C2609T,20260317,0.32,0.35,0.32,0.34,2024200
AWC01C2607A,20260317,0.11,0.11,0.1,0.1,1891600
AWC13C2606A,20260317,0.1,0.11,0.1,0.1,5657700
AWC13C2608A,20260317,0.1,0.11,0.1,0.1,4106200
AWC13C2701T,20260317,0.17,0.17,0.17,0.17,9748900
AWC41C2606A,20260317,0.08,0.08,0.08,0.08,600
AWC41C2609T,20260317,0.12,0.12,0.12,0.12,11000
BA01C2607A,20260317,0.08,0.08,0.07,0.07,30000
BA13C2607A,20260317,0.12,0.14,0.12,0.12,2041500
BA41C2611T,20260317,0.19,0.19,0.18,0.18,200
BABA28C2603A,20260317,0.04,0.04,0.04,0.04,100
BABA28C2606A,20260317,0.09,0.1,0.09,0.1,300500
BABA28C2606B,20260317,0.17,0.18,0.15,0.15,601700
BABA28P2603A,20260317,0.1,0.12,0.1,0.12,800000
BABA41C2603A,20260317,0.01,0.01,0.01,0.01,414900
BABA41C2603T,20260317,0.01,0.01,0.01,0.01,500000
BABA41C2605A,20260317,0.15,0.16,0.13,0.13,6403500
BABA41C2609T,20260317,0.69,0.69,0.69,0.69,3300
BABA41C2701T,20260317,0.81,0.81,0.76,0.76,35300
BAM01C2608A,20260317,0.14,0.14,0.14,0.14,1510800
BAM13C2607A,20260317,0.08,0.09,0.08,0.08,1264700
BAM13C2608A,20260317,0.22,0.24,0.22,0.22,10753000
BAM19C2612T,20260317,0.28,0.3,0.28,0.28,5403400
BAM41C2612T,20260317,0.29,0.3,0.29,0.29,911800
BANPU01C2605A,20260317,0.78,0.78,0.72,0.77,402200
BANPU01C2607A,20260317,0.14,0.15,0.13,0.15,635300
BANPU13C2606A,20260317,0.24,0.24,0.21,0.23,1923400
BANPU13C2608A,20260317,0.17,0.17,0.16,0.17,4319900
BANPU13C2701T,20260317,0.25,0.25,0.24,0.25,1338800
BANPU19C2612T,20260317,0.41,0.41,0.38,0.4,4981600
BANPU41C2606A,20260317,0.21,0.22,0.21,0.22,250300
BANPU41C2608A,20260317,0.15,0.15,0.14,0.15,270600
BANPU41C2612T,20260317,0.27,0.27,0.26,0.27,25600
BBL13C2607A,20260317,0.15,0.16,0.14,0.14,2529600
BBL13C2607B,20260317,0.28,0.29,0.27,0.27,7367700
BBL13P2604A,20260317,0.01,0.01,0.01,0.01,100
BBL13P2608A,20260317,0.61,0.62,0.6,0.61,3852500
BBL19C2612T,20260317,0.43,0.43,0.42,0.43,7248600
BBL41C2607A,20260317,0.14,0.14,0.14,0.14,480200
BBL41C2609T,20260317,0.38,0.39,0.38,0.38,930500
BCH01C2607A,20260317,0.06,0.06,0.06,0.06,530000
BCH01C2609A,20260317,0.22,0.22,0.21,0.21,707100
BCH01C2610T,20260317,0.09,0.09,0.08,0.08,110500
BCH13C2607A,20260317,0.49,0.49,0.45,0.45,20100
BCH13C2607B,20260317,0.12,0.12,0.1,0.1,481800
BCH19C2607A,20260317,0.13,0.13,0.12,0.12,2363000
BCH41C2607B,20260317,0.08,0.08,0.08,0.08,30000
BCP01C2608A,20260317,0.24,0.3,0.22,0.3,3010200
BCP13C2608A,20260317,0.41,0.48,0.38,0.48,4340600
BCP19C2605A,20260317,0.52,0.55,0.52,0.55,5800
BCP19C2607A,20260317,0.38,0.4,0.34,0.4,862400
BCP41C2608A,20260317,0.39,0.43,0.39,0.43,1551300
BCP41C2609T,20260317,0.16,0.19,0.16,0.19,8900
BCPG01C2607A,20260317,0.19,0.19,0.14,0.15,7700
BCPG13C2607A,20260317,0.15,0.18,0.14,0.17,8628200
BCPG13C2608A,20260317,0.11,0.11,0.1,0.11,3721500
BCPG19C2605A,20260317,0.03,0.04,0.03,0.03,510800
BCPG41C2606T,20260317,0.15,0.16,0.14,0.16,1031200
BCPG41C2607A,20260317,0.13,0.15,0.13,0.15,91200
BCPG41C2612T,20260317,0.14,0.15,0.14,0.15,500
BDMS01C2604A,20260317,0.02,0.02,0.02,0.02,55100
BDMS01C2607A,20260317,0.15,0.15,0.14,0.14,2921600
BDMS01P2607A,20260317,0.3,0.3,0.3,0.3,263700
BDMS13C2607A,20260317,0.19,0.19,0.18,0.18,2586700
BDMS13C2608A,20260317,0.13,0.14,0.12,0.13,8851300
BDMS13C2701T,20260317,0.26,0.28,0.25,0.26,13814800
BDMS13P2607A,20260317,0.39,0.39,0.38,0.39,5785300
BDMS19C2608A,20260317,0.33,0.34,0.33,0.33,4425700
BDMS41C2607A,20260317,0.18,0.18,0.18,0.18,13600
BDMS41C2612T,20260317,0.19,0.19,0.19,0.19,2200
BEM13C2608A,20260317,0.13,0.14,0.12,0.13,2593200
BEM41C2608A,20260317,0.11,0.12,0.11,0.12,480200
BEM41C2612T,20260317,0.15,0.15,0.15,0.15,900
BGRIM01C2608A,20260317,0.1,0.12,0.1,0.12,4811100
BGRIM13C2605A,20260317,0.01,0.01,0.01,0.01,20000
BGRIM13C2607A,20260317,0.09,0.1,0.08,0.09,6091100
BGRIM13C2608A,20260317,0.22,0.25,0.21,0.23,14618700
BGRIM13P2608A,20260317,0.7,0.7,0.7,0.7,200000
BGRIM19C2607A,20260317,0.11,0.12,0.1,0.12,3839400
BGRIM41C2608T,20260317,0.1,0.11,0.1,0.11,50300
BH01C2605A,20260317,0.25,0.28,0.24,0.25,12004300
BH01C2607A,20260317,0.91,0.98,0.91,0.97,18500
BH01C2608A,20260317,0.13,0.15,0.13,0.14,1980200
BH01C2609A,20260317,0.87,0.9,0.87,0.87,1732100
BH01P2607A,20260317,0.13,0.14,0.13,0.13,2408800
BH01P2607B,20260317,0.4,0.4,0.38,0.39,1665000
BH01P2608A,20260317,0.8,0.81,0.78,0.79,928900
BH13C2605A,20260317,0.16,0.18,0.16,0.17,5767900
BH13C2607A,20260317,0.82,0.87,0.82,0.83,275000
BH13C2608A,20260317,0.16,0.18,0.16,0.16,5961700
BH13C2608B,20260317,0.57,0.6,0.56,0.58,7553000
BH13P2604A,20260317,0.02,0.02,0.02,0.02,54000
BH13P2607A,20260317,0.1,0.1,0.1,0.1,798100
BH13P2608A,20260317,0.7,0.7,0.68,0.69,3705500
BH19C2605A,20260317,0.2,0.22,0.19,0.2,2412300
BH19C2607B,20260317,0.1,0.1,0.1,0.1,17823600
BH19C2608A,20260317,0.57,0.61,0.56,0.58,5718300
BH41C2605A,20260317,0.15,0.15,0.15,0.15,200
BH41C2608B,20260317,0.54,0.57,0.54,0.55,2660600
BH41C2609T,20260317,0.13,0.13,0.13,0.13,5000
BH41C2611T,20260317,0.53,0.54,0.53,0.54,1960600
BIDU41C2603A,20260317,0.05,0.05,0.05,0.05,10000
BIDU41C2606A,20260317,0.16,0.16,0.15,0.15,521000
BIDU41C2609A,20260317,0.15,0.15,0.13,0.13,332500
BIDU41C2609T,20260317,1.11,1.11,1.11,1.11,1300
BJC01C2608A,20260317,0.16,0.17,0.16,0.17,2211000
BJC13C2607A,20260317,0.19,0.21,0.19,0.2,8361000
BJC19C2612T,20260317,0.32,0.34,0.32,0.34,3796500
BJC41C2606T,20260317,0.01,0.01,0.01,0.01,500
BLA01C2607A,20260317,0.17,0.18,0.17,0.18,1164200
BLA13C2607A,20260317,0.18,0.19,0.18,0.19,1701100
BLA19C2608A,20260317,0.31,0.33,0.31,0.33,714400
BLA41C2606T,20260317,0.12,0.12,0.12,0.12,100
BTG01C2607A,20260317,0.5,0.57,0.5,0.52,1160900
BTG13C2608A,20260317,0.39,0.45,0.39,0.42,11162900
BTS01C2608A,20260317,0.07,0.08,0.07,0.08,1300
BTS01C2609T,20260317,0.04,0.04,0.04,0.04,21600
BTS13C2606A,20260317,0.03,0.03,0.03,0.03,100000
BTS13C2607A,20260317,0.12,0.13,0.12,0.12,2989700
BTS13C2608A,20260317,0.1,0.1,0.1,0.1,1505000
BTS13C2701T,20260317,0.13,0.14,0.13,0.14,6230500
BTS13P2608A,20260317,0.32,0.32,0.31,0.31,1370100
BTS41C2607A,20260317,0.12,0.12,0.12,0.12,10400
BTS41C2703T,20260317,0.16,0.16,0.16,0.16,100
BYDCOM41C2609A,20260317,0.69,0.69,0.62,0.64,21200
CBG01C2605A,20260317,0.02,0.02,0.02,0.02,10000
CBG01C2607A,20260317,0.07,0.08,0.07,0.07,207700
CBG01C2609A,20260317,0.24,0.26,0.24,0.25,5913900
CBG01C2610T,20260317,0.07,0.07,0.07,0.07,100000
CBG01P2607A,20260317,0.76,0.76,0.71,0.72,226000
CBG13C2604A,20260317,0.01,0.01,0.01,0.01,100
CBG13C2607A,20260317,0.05,0.06,0.05,0.06,11036900
CBG13C2608A,20260317,0.19,0.2,0.19,0.19,3413200
CBG19C2607A,20260317,0.06,0.06,0.06,0.06,14000
CBG19C2608A,20260317,0.29,0.32,0.29,0.32,2186600
CBG41C2607A,20260317,0.04,0.05,0.04,0.05,41300
CBG41C2608A,20260317,0.17,0.17,0.17,0.17,500300
CBG41C2703T,20260317,0.23,0.24,0.23,0.24,900
CCET13C2604A,20260317,0.03,0.05,0.03,0.04,6215600
CCET13C2607A,20260317,0.14,0.17,0.14,0.16,11434700
CCET13C2608A,20260317,0.41,0.48,0.4,0.45,11393100
CCET19C2607A,20260317,0.16,0.19,0.15,0.19,9667300
CCET41C2607A,20260317,0.24,0.28,0.24,0.28,103600
CCET41C2609T,20260317,0.12,0.12,0.12,0.12,200
CENTEL01C2606A,20260317,0.11,0.12,0.1,0.11,3840400
CENTEL01C2609A,20260317,0.32,0.33,0.3,0.32,4974400
CENTEL13C2605A,20260317,0.12,0.13,0.11,0.12,6868300
CENTEL13C2608A,20260317,0.19,0.2,0.17,0.18,9372700
CENTEL19C2607A,20260317,0.14,0.15,0.13,0.14,2065300
CENTEL41C2605A,20260317,0.1,0.11,0.09,0.11,1500800
CENTEL41C2606T,20260317,0.16,0.16,0.14,0.16,1400
CENTEL41C2608A,20260317,0.15,0.16,0.15,0.16,721200
CHG13C2608A,20260317,0.17,0.17,0.17,0.17,1695000
CK01C2608A,20260317,0.34,0.38,0.31,0.37,2397800
CK13C2607A,20260317,0.36,0.44,0.36,0.44,2896000
CK13C2608A,20260317,0.21,0.25,0.21,0.25,5584900
COM701C2604A,20260317,0.2,0.2,0.19,0.19,9301600
COM701C2607A,20260317,0.71,0.71,0.69,0.69,1989900
COM701C2607B,20260317,0.13,0.13,0.12,0.12,1632000
COM713C2605A,20260317,0.31,0.32,0.3,0.31,13761000
COM713C2607A,20260317,0.66,0.66,0.66,0.66,1000
COM713C2608A,20260317,0.18,0.18,0.16,0.16,11956000
COM719C2605A,20260317,0.41,0.43,0.4,0.4,2403000
COM741C2605A,20260317,0.26,0.27,0.26,0.27,20400
COM741C2607A,20260317,0.62,0.63,0.62,0.62,200200
COM741C2608A,20260317,0.15,0.15,0.15,0.15,300
COM741C2609T,20260317,0.39,0.39,0.39,0.39,1080200
CPALL01C2606T,20260317,0.06,0.07,0.06,0.06,147400
CPALL01C2607A,20260317,0.25,0.27,0.23,0.24,2131600
CPALL01C2608A,20260317,0.08,0.09,0.08,0.08,839600
CPALL01P2607A,20260317,0.19,0.2,0.18,0.2,959000
CPALL01P2608A,20260317,0.57,0.59,0.55,0.59,3289500
CPALL13C2604A,20260317,0.01,0.01,0.01,0.01,269100
CPALL13C2607A,20260317,0.22,0.24,0.2,0.2,3065600
CPALL13C2608A,20260317,0.16,0.17,0.14,0.15,8474000
CPALL13C2701T,20260317,0.27,0.29,0.27,0.27,1820900
CPALL13P2608A,20260317,0.21,0.23,0.21,0.23,3344800
CPALL19C2607A,20260317,0.32,0.35,0.3,0.3,866400
CPALL19C2612A,20260317,0.18,0.19,0.17,0.17,170100
CPALL41C2607A,20260317,0.19,0.19,0.17,0.17,1200400
CPALL41C2608A,20260317,0.14,0.14,0.13,0.13,200
CPALL41C2612T,20260317,0.17,0.18,0.17,0.17,701000
CPF01C2608A,20260317,0.13,0.16,0.13,0.16,3124100
CPF01C2611T,20260317,0.16,0.18,0.16,0.18,3271500
CPF01P2608A,20260317,0.62,0.62,0.53,0.53,1508800
CPF13C2608A,20260317,0.17,0.22,0.17,0.21,4612400
CPF13P2608A,20260317,0.55,0.55,0.48,0.48,2626100
CPF19C2608A,20260317,0.14,0.18,0.14,0.18,3341400
CPF19C2609T,20260317,0.12,0.14,0.12,0.14,506200
CPF41C2608A,20260317,0.16,0.18,0.16,0.18,721300
CPF41C2609T,20260317,0.07,0.07,0.07,0.07,1000
CPF41C2612T,20260317,0.17,0.18,0.17,0.18,1000100
CPN01C2606T,20260317,0.32,0.33,0.31,0.33,6760500
CPN01C2608A,20260317,0.55,0.6,0.54,0.59,3314600
CPN01P2608A,20260317,0.27,0.29,0.26,0.27,2058900
CPN13C2608A,20260317,0.57,0.59,0.55,0.59,14008900
CPN13P2608A,20260317,0.27,0.28,0.26,0.26,4468900
CPN19C2609T,20260317,0.49,0.51,0.47,0.5,12393300
CPN41C2604A,20260317,0.34,0.36,0.33,0.33,200400
CPN41C2608A,20260317,0.55,0.57,0.53,0.57,3041200
CPN41C2608T,20260317,0.53,0.55,0.52,0.53,4621100
CRC01C2605A,20260317,0.09,0.09,0.09,0.09,30000
CRC01C2609A,20260317,0.22,0.24,0.21,0.22,9775400
CRC01C2610T,20260317,0.27,0.28,0.26,0.26,3307600
CRC01P2605A,20260317,0.19,0.2,0.17,0.2,3310000
CRC13C2606A,20260317,0.16,0.18,0.15,0.16,12303100
CRC13P2606A,20260317,0.17,0.17,0.16,0.17,3988100
CRC19C2612A,20260317,0.35,0.37,0.34,0.34,24275000
CRC41C2606A,20260317,0.14,0.16,0.14,0.15,600
CRC41C2609T,20260317,0.16,0.16,0.15,0.15,300800
DELTA01C2605A,20260317,1.47,1.57,1.43,1.52,2734000
DELTA01C2605B,20260317,3.26,3.46,3.18,3.38,1313200
DELTA01C2607A,20260317,0.92,0.99,0.91,0.94,2648400
DELTA01C2608A,20260317,0.66,0.71,0.64,0.68,7503700
DELTA01P2605A,20260317,0.11,0.11,0.1,0.1,7724000
DELTA01P2606A,20260317,0.15,0.15,0.13,0.14,6034000
DELTA01P2608A,20260317,0.78,0.78,0.75,0.76,3571000
DELTA13C2604A,20260317,0.49,0.59,0.48,0.55,243000
DELTA13C2605A,20260317,0.67,0.74,0.66,0.69,701500
DELTA13C2605B,20260317,2.16,2.36,2.16,2.36,4600
DELTA13C2606A,20260317,1.18,1.28,1.18,1.26,151200
DELTA13C2607A,20260317,0.5,0.54,0.49,0.51,32769200
DELTA13C2607B,20260317,0.61,0.66,0.59,0.62,58126800
DELTA13C2608A,20260317,0.39,0.41,0.36,0.39,13782200
DELTA13P2605A,20260317,0.05,0.05,0.04,0.05,1217900
DELTA13P2606A,20260317,0.25,0.25,0.22,0.23,15733600
DELTA13P2607A,20260317,0.73,0.74,0.69,0.71,25762200
DELTA19C2604A,20260317,0.21,0.24,0.2,0.22,8312800
DELTA19C2607A,20260317,0.78,0.84,0.76,0.8,8992000
DELTA19C2608A,20260317,0.71,0.75,0.68,0.71,8313100
DELTA19P2604A,20260317,0.01,0.01,0.01,0.01,53000
DELTA19P2605A,20260317,0.06,0.06,0.05,0.05,1453100
DELTA19P2606A,20260317,0.22,0.22,0.2,0.21,8477700
DELTA19P2607A,20260317,0.59,0.59,0.56,0.57,3268700
DELTA41C2604A,20260317,0.54,0.64,0.54,0.62,200800
DELTA41C2605A,20260317,0.65,0.71,0.65,0.7,501100
DELTA41C2606A,20260317,1.17,1.27,1.17,1.25,200400
DELTA41C2607A,20260317,0.47,0.51,0.46,0.5,3935300
DELTA41C2607B,20260317,0.56,0.61,0.56,0.59,3672700
DELTA41C2608A,20260317,0.36,0.39,0.36,0.39,1953500
DELTA41C2608T,20260317,1.78,1.82,1.76,1.81,801000
DELTA41C2612T,20260317,1.18,1.22,1.17,1.22,587500
DELTA41C2703T,20260317,0.75,0.78,0.75,0.78,7743000
DELTA41P2607A,20260317,0.7,0.72,0.7,0.71,1600200
DJI41C2606A,20260317,0.26,0.26,0.25,0.26,25500
DJI41P2606A,20260317,0.96,0.98,0.95,0.95,49200
DOHOME01C2608A,20260317,0.23,0.24,0.22,0.23,4024200
DOHOME13C2604A,20260317,0.01,0.01,0.01,0.01,100
DOHOME13C2607A,20260317,0.23,0.25,0.23,0.24,3524700
EA13C2604A,20260317,0.02,0.02,0.02,0.02,100
EA13C2605A,20260317,0.04,0.04,0.03,0.04,2200
EA13C2607A,20260317,0.12,0.12,0.12,0.12,5276200
EA13C2607B,20260317,0.09,0.09,0.09,0.09,1300
EA19C2604A,20260317,0.01,0.01,0.01,0.01,120000
EA19C2606A,20260317,0.15,0.15,0.14,0.14,4300
EA41C2609T,20260317,0.22,0.22,0.22,0.22,200
EGCO41C2612T,20260317,0.26,0.26,0.26,0.26,800
ERW01C2608A,20260317,0.18,0.23,0.17,0.18,5772200
ERW01C2611T,20260317,0.28,0.31,0.27,0.27,3223400
ERW13C2604A,20260317,0.06,0.11,0.05,0.06,3201500
ERW13C2608A,20260317,0.17,0.22,0.16,0.16,10159000
ERW41C2611T,20260317,0.38,0.44,0.37,0.39,19563400
GLOBAL01C2608A,20260317,0.1,0.11,0.1,0.1,1524800
GLOBAL13C2604A,20260317,0.02,0.02,0.02,0.02,15000
GLOBAL13C2608A,20260317,0.18,0.21,0.18,0.2,5430500
GLOBAL41C2608A,20260317,0.16,0.18,0.16,0.17,521300
GLOBAL41C2612T,20260317,0.36,0.38,0.36,0.38,1962600
GPSC01C2605A,20260317,0.05,0.07,0.05,0.06,1060500
GPSC01C2608A,20260317,0.07,0.08,0.07,0.07,1042000
GPSC01C2609A,20260317,0.23,0.27,0.23,0.25,10148900
GPSC01C2609T,20260317,0.12,0.14,0.12,0.13,3566200
GPSC01P2605A,20260317,0.15,0.15,0.12,0.13,7006400
GPSC01P2607A,20260317,0.43,0.45,0.38,0.4,5416100
GPSC01P2608A,20260317,0.76,0.76,0.69,0.71,267100
GPSC13C2606A,20260317,0.1,0.13,0.1,0.12,14701200
GPSC13C2608A,20260317,0.1,0.11,0.1,0.11,6014900
GPSC13C2608B,20260317,0.25,0.29,0.24,0.26,22987800
GPSC13C2701T,20260317,0.14,0.16,0.14,0.16,10616600
GPSC13P2606A,20260317,0.16,0.16,0.13,0.14,5265200
GPSC13P2608A,20260317,0.74,0.77,0.74,0.77,200200
GPSC19C2604A,20260317,0.01,0.01,0.01,0.01,200
GPSC19C2608A,20260317,0.09,0.12,0.09,0.1,2503200
GPSC41C2606A,20260317,0.1,0.11,0.1,0.11,1200200
GPSC41C2608B,20260317,0.23,0.27,0.23,0.27,4721500
GPSC41C2703T,20260317,0.2,0.22,0.2,0.22,2501300
GULF01C2604A,20260317,0.54,0.61,0.54,0.57,508000
GULF01C2606T,20260317,0.19,0.21,0.19,0.19,3345500
GULF01C2608A,20260317,0.71,0.77,0.71,0.72,2085500
GULF01C2608B,20260317,0.42,0.48,0.42,0.43,5573300
GULF01C2609A,20260317,0.34,0.38,0.33,0.34,16595400
GULF01C2702T,20260317,0.51,0.54,0.51,0.52,1695800
GULF01P2608A,20260317,0.12,0.12,0.1,0.11,3492700
GULF01P2608B,20260317,0.31,0.31,0.28,0.31,3475600
GULF01P2609A,20260317,0.75,0.75,0.71,0.74,394200
GULF13C2607A,20260317,0.63,0.7,0.63,0.63,1204400
GULF13C2608A,20260317,0.45,0.52,0.44,0.46,40012700
GULF13P2608A,20260317,0.52,0.52,0.47,0.51,13253000
GULF19C2607A,20260317,0.67,0.72,0.67,0.69,4000
GULF19C2607B,20260317,0.35,0.41,0.35,0.36,11585200
GULF41C2608A,20260317,0.43,0.47,0.43,0.44,601900
GULF41C2609T,20260317,0.39,0.41,0.39,0.4,52000
GULF41P2608A,20260317,0.49,0.5,0.47,0.47,200200
GUNKUL01C2608A,20260317,0.16,0.17,0.16,0.16,5713400
GUNKUL13C2608A,20260317,0.28,0.29,0.28,0.28,1966500
GUNKUL13C2608B,20260317,0.14,0.15,0.14,0.14,1700700
HANA01C2604A,20260317,0.68,0.72,0.56,0.68,1450700
HANA01C2606A,20260317,1.4,1.4,1.27,1.4,496100
HANA01C2608A,20260317,1.16,1.16,1.05,1.16,635100
HANA01C2609A,20260317,0.23,0.24,0.21,0.24,6412400
HANA13C2604A,20260317,0.21,0.23,0.16,0.23,74700
HANA13C2604B,20260317,0.91,0.96,0.82,0.96,2200
HANA13C2607A,20260317,1.39,1.43,1.29,1.39,2053800
HANA13C2608A,20260317,1.05,1.05,0.96,1.02,712100
HANA13C2608B,20260317,0.62,0.62,0.55,0.6,2038600
HANA13C2608C,20260317,0.29,0.29,0.26,0.27,9773900
HANA13C2701T,20260317,0.61,0.66,0.59,0.66,220700
HANA13P2607A,20260317,0.1,0.12,0.1,0.1,1584100
HANA19C2604A,20260317,0.25,0.25,0.19,0.24,777600
HANA19C2608A,20260317,0.72,0.77,0.71,0.77,532700
HANA41C2604A,20260317,0.2,0.2,0.16,0.18,1175800
HANA41C2606T,20260317,0.14,0.14,0.13,0.13,1200500
HANA41C2608B,20260317,0.58,0.58,0.56,0.56,200200
HANA41C2612T,20260317,0.5,0.51,0.48,0.5,402500
HMPRO01C2607A,20260317,0.07,0.07,0.07,0.07,40000
HMPRO13C2608A,20260317,0.14,0.14,0.13,0.13,215100
HSI28C2603A,20260317,0.01,0.01,0.01,0.01,52300
HSI28C2603B,20260317,0.02,0.03,0.02,0.03,35200
HSI28C2603C,20260317,0.13,0.13,0.09,0.1,48544800
HSI28C2604A,20260317,0.06,0.07,0.05,0.05,423000
HSI28C2604B,20260317,0.17,0.17,0.15,0.16,420300
HSI28C2604C,20260317,0.42,0.42,0.36,0.37,25490400
HSI28C2604D,20260317,0.69,0.69,0.59,0.62,37518000
HSI28C2605A,20260317,0.32,0.32,0.27,0.28,8817000
HSI28C2605B,20260317,0.62,0.62,0.55,0.58,27444200
HSI28C2605C,20260317,1.26,1.26,1.1,1.17,20800
HSI28C2606A,20260317,0.49,0.49,0.44,0.47,1182300
HSI28P2603B,20260317,0.04,0.04,0.04,0.04,100
HSI28P2603C,20260317,0.19,0.24,0.18,0.21,40508300
HSI28P2604A,20260317,0.18,0.2,0.18,0.18,374800
HSI28P2604B,20260317,0.36,0.42,0.36,0.4,23601800
HSI28P2605A,20260317,0.49,0.55,0.49,0.52,13600900
HSI28P2605B,20260317,0.26,0.27,0.25,0.27,158800
HSI28P2606A,20260317,0.71,0.73,0.71,0.73,2200
HSTECH28C2606A,20260317,0.41,0.41,0.35,0.36,1593300
HSTECH28P2606A,20260317,0.49,0.54,0.49,0.54,2500
ICHI01C2608A,20260317,0.16,0.16,0.16,0.16,327400
ICHI13C2608A,20260317,0.15,0.15,0.15,0.15,1604400
ICHI19C2609T,20260317,0.21,0.21,0.21,0.21,281900
IRPC01C2607A,20260317,0.27,0.4,0.27,0.4,10663900
IRPC13C2604A,20260317,0.11,0.26,0.11,0.26,7851500
IRPC13C2608A,20260317,0.22,0.32,0.22,0.31,24914400
IRPC13C2701T,20260317,0.29,0.39,0.29,0.39,11945600
IRPC19C2609T,20260317,0.23,0.3,0.23,0.3,3225400
IRPC41C2604A,20260317,0.12,0.24,0.12,0.23,2287500
IRPC41C2703T,20260317,0.36,0.43,0.36,0.42,6950300
ITC01C2606T,20260317,0.16,0.17,0.16,0.16,1179800
ITC13C2608A,20260317,0.18,0.18,0.17,0.17,1925200
ITC19C2609T,20260317,0.18,0.19,0.18,0.18,727800
IVL01C2604A,20260317,0.18,0.34,0.18,0.29,8431700
IVL01C2605A,20260317,0.81,1.06,0.81,1,1944200
IVL01C2607A,20260317,0.26,0.37,0.26,0.35,19776400
IVL01C2608A,20260317,0.05,0.08,0.05,0.07,3663600
IVL01C2609A,20260317,0.71,0.89,0.7,0.84,7056300
IVL01P2607A,20260317,0.27,0.27,0.2,0.2,8852400
IVL01P2608A,20260317,0.52,0.52,0.43,0.44,21843800
IVL13C2604A,20260317,0.07,0.18,0.07,0.14,32151700
IVL13C2605A,20260317,0.46,0.7,0.45,0.63,5277900
IVL13C2607A,20260317,0.21,0.34,0.21,0.31,66031900
IVL13C2608A,20260317,0.49,0.65,0.49,0.61,58888400
IVL13P2607A,20260317,0.33,0.33,0.26,0.27,16289600
IVL19C2604A,20260317,0.19,0.39,0.19,0.35,5108500
IVL19C2605A,20260317,0.88,0.96,0.88,0.96,30000
IVL19C2607A,20260317,0.31,0.42,0.3,0.39,22317200
IVL41C2604A,20260317,0.12,0.19,0.11,0.17,500800
IVL41C2605A,20260317,0.49,0.51,0.49,0.51,200400
IVL41C2605T,20260317,0.03,0.05,0.03,0.05,128900
IVL41C2607A,20260317,0.21,0.31,0.21,0.3,4021300
IVL41C2702T,20260317,0.34,0.41,0.34,0.4,5818100
IVL41P2604A,20260317,0.03,0.03,0.03,0.03,100
IVL41P2605T,20260317,0.15,0.15,0.12,0.13,980200
IVL41P2607A,20260317,0.21,0.21,0.18,0.18,643000
JAS13C2608A,20260317,0.16,0.17,0.15,0.15,1038500
JAS19C2604A,20260317,0.01,0.01,0.01,0.01,157800
JAS41C2611T,20260317,0.15,0.16,0.15,0.15,400
JD41C2603A,20260317,0.01,0.01,0.01,0.01,100000
JD41C2606A,20260317,0.23,0.23,0.22,0.22,600
JMART01C2608A,20260317,0.22,0.24,0.22,0.22,1937200
JMART13C2605A,20260317,0.1,0.11,0.1,0.1,2541100
JMART13C2608A,20260317,0.25,0.27,0.24,0.25,6286100
JMART13C2701T,20260317,0.2,0.21,0.2,0.2,464400
JMART19C2612A,20260317,0.32,0.34,0.32,0.32,7273400
JMART41C2606T,20260317,0.02,0.02,0.02,0.02,16800
JMART41C2609T,20260317,0.12,0.12,0.12,0.12,500
JMT01C2605A,20260317,0.13,0.14,0.12,0.12,2718600
JMT01C2608A,20260317,0.13,0.13,0.13,0.13,1922700
JMT01C2701T,20260317,0.29,0.29,0.29,0.29,1273100
JMT13C2607A,20260317,0.38,0.4,0.36,0.37,5071600
JMT13C2608A,20260317,0.15,0.16,0.15,0.15,1543600
JMT13C2701T,20260317,0.25,0.25,0.25,0.25,1241800
JMT19C2605A,20260317,0.15,0.15,0.14,0.14,1060300
JMT19C2608A,20260317,0.14,0.14,0.14,0.14,2451400
JMT41C2608A,20260317,0.13,0.14,0.13,0.13,82200
JMT41C2703T,20260317,0.43,0.43,0.42,0.42,3125500
KBANK01C2607A,20260317,0.22,0.25,0.22,0.24,9394500
KBANK01C2608A,20260317,0.11,0.11,0.1,0.11,2718000
KBANK01C2702T,20260317,0.19,0.19,0.19,0.19,2000
KBANK01P2607A,20260317,0.48,0.48,0.45,0.45,2705700
KBANK13C2607A,20260317,0.08,0.09,0.07,0.07,1265900
KBANK13C2607B,20260317,0.27,0.3,0.26,0.28,20436200
KBANK13P2607A,20260317,0.46,0.46,0.44,0.44,1223500
KBANK19C2604A,20260317,0.01,0.01,0.01,0.01,257200
KBANK19C2608A,20260317,0.12,0.12,0.12,0.12,14179700
KBANK41C2604T,20260317,0.93,0.93,0.91,0.93,100300
KBANK41C2607A,20260317,0.06,0.06,0.06,0.06,322900
KBANK41C2607B,20260317,0.25,0.27,0.25,0.26,1120800
KBANK41C2609T,20260317,0.52,0.53,0.52,0.53,300
KBANK41C2703T,20260317,0.28,0.29,0.28,0.29,6200
KBANK41P2607A,20260317,0.42,0.42,0.41,0.41,100200
KCE13C2604A,20260317,0.01,0.02,0.01,0.01,342800
KCE13C2606A,20260317,0.37,0.48,0.36,0.42,70264400
KCE13C2607A,20260317,0.64,0.8,0.62,0.71,21642800
KCE13P2608A,20260317,0.52,0.54,0.47,0.5,14025200
KCE19C2604A,20260317,0.04,0.07,0.03,0.05,6549600
KCE19C2605A,20260317,0.42,0.55,0.4,0.47,6897600
KCE19C2608A,20260317,0.99,1.05,0.94,1,512900
KCE41C2606A,20260317,0.37,0.46,0.35,0.4,6206300
KCE41C2606T,20260317,0.07,0.07,0.07,0.07,20000
KCE41C2607A,20260317,0.61,0.73,0.58,0.66,2987900
KCE41C2609T,20260317,0.56,0.63,0.55,0.6,18046600
KCE41P2608A,20260317,0.46,0.48,0.42,0.45,9731600
KKP01C2607A,20260317,0.49,0.49,0.49,0.49,336800
KKP01P2609A,20260317,0.85,0.85,0.85,0.85,81400
KKP13C2606A,20260317,0.36,0.37,0.36,0.36,519800
KKP19C2609T,20260317,0.65,0.65,0.65,0.65,137800
KTB01C2608A,20260317,0.24,0.26,0.24,0.26,1396900
KTB01C2701T,20260317,0.3,0.31,0.3,0.31,325300
KTB01P2608A,20260317,0.19,0.19,0.19,0.19,366300
KTB13C2606A,20260317,0.26,0.27,0.26,0.27,1100
KTB13C2608A,20260317,0.22,0.24,0.22,0.22,8413200
KTB13P2608A,20260317,0.16,0.16,0.16,0.16,174800
KTB19C2609T,20260317,0.38,0.4,0.38,0.4,829500
KTB41C2608A,20260317,0.19,0.2,0.19,0.2,100700
KTB41C2612T,20260317,0.43,0.45,0.43,0.44,750300
KTB41P2608A,20260317,0.14,0.14,0.14,0.14,100
KTC01C2604A,20260317,0.02,0.02,0.02,0.02,2900
KTC01C2607A,20260317,0.21,0.23,0.21,0.23,1674700
KTC01C2608A,20260317,0.12,0.12,0.12,0.12,485000
KTC01C2609T,20260317,0.17,0.18,0.17,0.18,2560600
KTC01P2608A,20260317,0.45,0.45,0.43,0.43,970800
KTC13C2607A,20260317,0.22,0.24,0.21,0.22,4817200
KTC13C2608A,20260317,0.16,0.17,0.16,0.16,5717800
KTC13C2701T,20260317,0.26,0.27,0.26,0.26,6918800
KTC13P2608A,20260317,0.49,0.49,0.47,0.47,2692800
KTC19C2609T,20260317,0.19,0.21,0.19,0.2,857800
KTC41C2607A,20260317,0.19,0.21,0.19,0.21,650600
KTC41C2608A,20260317,0.14,0.15,0.14,0.15,400
KTC41C2609T,20260317,0.19,0.19,0.19,0.19,400000
KTC41C2612T,20260317,0.26,0.26,0.26,0.26,47700
KTC41P2608A,20260317,0.45,0.45,0.45,0.45,200200
KUAISH28C2606A,20260317,0.18,0.18,0.15,0.15,400100
KUAISH41C2603A,20260317,0.01,0.02,0.01,0.02,487100
KUAISH41C2606A,20260317,0.09,0.09,0.09,0.09,5600
KUAISH41C2609A,20260317,0.34,0.34,0.31,0.31,1000
LH01C2609A,20260317,0.19,0.19,0.19,0.19,1510200
LH13C2608A,20260317,0.21,0.21,0.21,0.21,1522400
M01C2606A,20260317,0.19,0.23,0.19,0.2,4439500
M13C2604B,20260317,0.01,0.01,0.01,0.01,78600
M13C2605A,20260317,0.14,0.18,0.14,0.14,11581600
M13C2607A,20260317,0.17,0.2,0.17,0.17,7045000
M13C2608A,20260317,0.11,0.11,0.1,0.1,598900
M13C2608B,20260317,0.41,0.47,0.41,0.42,18660200
M19C2605A,20260317,0.19,0.24,0.19,0.19,3998100
M41C2612T,20260317,0.26,0.27,0.25,0.25,100800
MCA5041C2606A,20260317,0.32,0.32,0.28,0.28,226400
MCA5041P2606A,20260317,0.49,0.49,0.49,0.49,1000
MEGA01C2702T,20260317,0.19,0.19,0.19,0.19,484700
MEGA13C2608A,20260317,0.12,0.12,0.12,0.12,520600
MEITUA28C2607A,20260317,0.18,0.18,0.16,0.16,200000
MEITUA41C2609A,20260317,0.42,0.42,0.41,0.41,400
MINT01C2605A,20260317,0.15,0.15,0.09,0.1,2049000
MINT01C2608A,20260317,0.06,0.06,0.06,0.06,93000
MINT01C2609A,20260317,0.61,0.61,0.51,0.52,4449200
MINT01P2605A,20260317,0.11,0.15,0.11,0.15,3090700
MINT13C2604A,20260317,0.03,0.03,0.03,0.03,47000
MINT13C2607A,20260317,0.1,0.1,0.09,0.09,2314300
MINT13C2608A,20260317,0.37,0.37,0.32,0.32,11526300
MINT13P2606A,20260317,0.3,0.36,0.3,0.36,2044000
MINT19C2607A,20260317,0.08,0.08,0.08,0.08,14000
MINT41C2608A,20260317,0.34,0.34,0.32,0.32,600300
MINT41P2606A,20260317,0.29,0.3,0.28,0.3,1204300
MTC01C2606A,20260317,0.04,0.04,0.03,0.03,84300
MTC01C2608A,20260317,0.24,0.24,0.2,0.2,7243000
MTC01P2608A,20260317,0.12,0.13,0.12,0.13,2110700
MTC13C2605A,20260317,0.03,0.03,0.03,0.03,215000
MTC13C2607A,20260317,0.21,0.22,0.19,0.19,11537400
MTC13P2607A,20260317,0.36,0.39,0.36,0.39,4786300
MTC19C2607A,20260317,0.08,0.08,0.07,0.07,140000
MTC19C2608A,20260317,0.28,0.28,0.25,0.25,8967100
MTC41C2607A,20260317,0.2,0.2,0.19,0.2,780500
MTC41P2607A,20260317,0.23,0.25,0.23,0.25,1100200
NDX28C2606A,20260317,0.36,0.37,0.35,0.37,26100
NDX28P2606A,20260317,0.67,0.68,0.67,0.67,377300
NDX41C2603A,20260317,0.08,0.08,0.01,0.01,200
NDX41C2606A,20260317,0.38,0.38,0.37,0.37,7000
NDX41P2606A,20260317,0.75,0.78,0.75,0.76,232800
NIKKEI28C2606B,20260317,0.92,0.92,0.87,0.87,1700
NIKKEI28C2606C,20260317,0.65,0.65,0.6,0.61,1900
NIKKEI28C2606D,20260317,0.45,0.45,0.41,0.44,1369200
NIKKEI28P2606A,20260317,0.39,0.4,0.39,0.4,70500
NIKKEI28P2606D,20260317,0.88,0.89,0.88,0.89,600
NIKKEI41C2606A,20260317,1.36,1.37,1.3,1.35,9200
NIKKEI41C2606B,20260317,0.94,0.94,0.88,0.88,3300
NIKKEI41C2606C,20260317,0.62,0.63,0.58,0.61,914400
NIKKEI41P2606B,20260317,0.67,0.67,0.67,0.67,1000
NIKKEI41P2606C,20260317,0.45,0.47,0.45,0.46,150300
OR01C2606T,20260317,0.02,0.02,0.01,0.02,400
OR01C2607A,20260317,0.03,0.03,0.03,0.03,578100
OR01C2608A,20260317,0.06,0.08,0.06,0.07,1499200
OR01C2609A,20260317,0.22,0.26,0.22,0.24,3583900
OR13C2605A,20260317,0.01,0.03,0.01,0.03,74800
OR13C2608A,20260317,0.12,0.14,0.11,0.13,12507800
OR13C2608B,20260317,0.21,0.26,0.21,0.25,10812400
OR19C2607A,20260317,0.06,0.06,0.06,0.06,500
OR19C2608A,20260317,0.19,0.23,0.19,0.23,1495800
OR41C2605T,20260317,0.01,0.03,0.01,0.03,8200
OR41C2608T,20260317,0.14,0.17,0.14,0.17,1491400
OSP01C2607A,20260317,0.08,0.09,0.08,0.09,6500
OSP13C2607A,20260317,0.07,0.08,0.07,0.07,567900
OSP13C2608A,20260317,0.22,0.24,0.22,0.22,1365200
OSP41C2607A,20260317,0.05,0.05,0.05,0.05,361300
PINGAN41C2606A,20260317,0.15,0.15,0.13,0.13,300
PLANB13C2607A,20260317,0.36,0.39,0.36,0.37,5217700
PLANB13C2608A,20260317,0.34,0.36,0.34,0.36,3452100
PLANB13C2608B,20260317,0.12,0.12,0.12,0.12,2985700
PLANB19C2605A,20260317,0.12,0.13,0.12,0.12,2159200
PLANB41C2607A,20260317,0.35,0.37,0.35,0.36,960900
PLANB41C2608A,20260317,0.34,0.34,0.32,0.33,2361800
PLANB41C2612T,20260317,0.17,0.17,0.17,0.17,5000
POPMAR28C2606A,20260317,0.32,0.33,0.32,0.33,200
POPMAR41C2605A,20260317,0.36,0.36,0.33,0.33,1800
POPMAR41C2609T,20260317,0.98,0.99,0.95,0.95,13400
PR913C2605A,20260317,0.04,0.04,0.04,0.04,37500
PR913C2608A,20260317,0.16,0.16,0.16,0.16,1742100
PRM01C2702T,20260317,0.27,0.28,0.27,0.28,251100
PRM13C2608A,20260317,0.25,0.26,0.23,0.24,5037600
PRM19C2604A,20260317,0.13,0.13,0.1,0.12,850400
PRM41C2612T,20260317,0.42,0.43,0.42,0.43,1100200
PTG01C2607A,20260317,0.21,0.26,0.21,0.24,2870700
PTG13C2607A,20260317,0.26,0.31,0.26,0.28,13043800
PTG13C2608A,20260317,0.21,0.25,0.21,0.22,7983200
PTG13C2608B,20260317,0.09,0.1,0.09,0.1,4084000
PTG41C2701T,20260317,0.29,0.31,0.29,0.31,151600
PTT01C2606T,20260317,0.09,0.09,0.09,0.09,126500
PTT01C2607A,20260317,0.13,0.15,0.12,0.14,2895400
PTT01P2609A,20260317,0.35,0.35,0.33,0.33,1313100
PTT13C2606A,20260317,0.16,0.19,0.15,0.19,2234400
PTT13C2608A,20260317,0.12,0.14,0.12,0.14,8664000
PTT13C2701T,20260317,0.23,0.23,0.23,0.23,400
PTT13P2608A,20260317,0.34,0.35,0.32,0.32,8478100
PTT19C2612T,20260317,0.32,0.33,0.3,0.33,567700
PTT41C2606A,20260317,0.13,0.15,0.13,0.15,830300
PTT41C2606T,20260317,0.21,0.21,0.21,0.21,50100
PTT41C2608A,20260317,0.1,0.11,0.1,0.11,86500
PTTEP01C2606T,20260317,0.89,0.97,0.86,0.97,4410300
PTTEP01C2607A,20260317,0.93,1.03,0.89,1.03,2184100
PTTEP01C2608A,20260317,0.57,0.65,0.54,0.65,7698800
PTTEP01P2607A,20260317,0.1,0.11,0.09,0.09,798200
PTTEP01P2608A,20260317,0.67,0.69,0.61,0.61,1596200
PTTEP13C2607A,20260317,1.05,1.05,1.05,1.05,700
PTTEP13C2608A,20260317,0.73,0.83,0.73,0.83,568400
PTTEP13C2608B,20260317,0.52,0.58,0.48,0.58,23862900
PTTEP13P2607A,20260317,0.08,0.08,0.06,0.06,71400
PTTEP13P2608A,20260317,0.42,0.44,0.38,0.38,2699700
PTTEP19C2608A,20260317,0.56,0.64,0.52,0.64,2397100
PTTEP19C2608B,20260317,0.36,0.41,0.33,0.41,5445400
PTTEP41C2608A,20260317,0.71,0.74,0.71,0.74,800
PTTEP41C2608B,20260317,0.48,0.54,0.48,0.54,2090500
PTTEP41C2609T,20260317,0.93,0.98,0.93,0.98,300800
PTTEP41C2703T,20260317,0.46,0.49,0.44,0.49,2674300
PTTEP41P2607A,20260317,0.05,0.05,0.05,0.05,150000
PTTEP41P2608A,20260317,0.42,0.43,0.39,0.39,2300000
PTTGC01C2605A,20260317,0.57,0.83,0.57,0.77,1446000
PTTGC01C2607A,20260317,0.22,0.31,0.22,0.27,7537900
PTTGC01P2607A,20260317,0.13,0.13,0.09,0.1,5211500
PTTGC13C2604A,20260317,0.83,1.14,0.83,1.1,3800
PTTGC13C2607A,20260317,0.33,0.43,0.33,0.39,27785400
PTTGC13P2607A,20260317,0.17,0.17,0.11,0.12,5929200
PTTGC19C2607A,20260317,0.45,0.55,0.45,0.55,161100
PTTGC19C2608A,20260317,0.32,0.39,0.32,0.36,6796500
PTTGC41C2607A,20260317,0.32,0.41,0.32,0.41,403200
PTTGC41C2611T,20260317,0.22,0.26,0.22,0.26,2951000
PTTGC41C2612T,20260317,0.46,0.53,0.46,0.51,7190000
RCL01C2608A,20260317,0.25,0.33,0.25,0.32,2288500
RCL01C2610T,20260317,0.34,0.4,0.34,0.39,1999200
RCL13C2604A,20260317,0.25,0.27,0.25,0.26,252100
RCL13C2608A,20260317,0.27,0.34,0.27,0.34,6512000
RCL41C2604A,20260317,0.22,0.27,0.22,0.27,181500
RCL41C2608T,20260317,0.64,0.66,0.64,0.66,200200
RCL41C2612T,20260317,0.3,0.32,0.3,0.32,5486000
SAWAD01C2604A,20260317,0.02,0.02,0.02,0.02,100
SAWAD01C2606A,20260317,0.35,0.35,0.31,0.31,323800
SAWAD01C2607A,20260317,0.08,0.09,0.08,0.08,9300
SAWAD01C2609A,20260317,0.15,0.16,0.14,0.14,3297000
SAWAD01P2606A,20260317,0.15,0.16,0.14,0.16,3779400
SAWAD01P2608A,20260317,0.41,0.43,0.41,0.43,1536400
SAWAD13C2607A,20260317,0.13,0.13,0.11,0.12,15378800
SAWAD13C2607B,20260317,0.47,0.51,0.44,0.44,14779000
SAWAD13P2608A,20260317,0.36,0.38,0.36,0.38,3413000
SAWAD19C2605A,20260317,0.04,0.04,0.04,0.04,100000
SAWAD19C2607A,20260317,0.4,0.42,0.37,0.37,3717200
SAWAD19C2608A,20260317,0.22,0.23,0.21,0.21,3759000
SAWAD41C2607A,20260317,0.11,0.11,0.11,0.11,300
SAWAD41C2607B,20260317,0.41,0.42,0.39,0.39,100200
SAWAD41C2610T,20260317,0.36,0.36,0.34,0.34,1960600
SCB01C2605A,20260317,0.2,0.2,0.19,0.2,2113100
SCB01C2607A,20260317,0.37,0.37,0.36,0.37,974400
SCB01C2608A,20260317,0.28,0.29,0.28,0.29,1492200
SCB01P2607A,20260317,0.34,0.34,0.34,0.34,1789600
SCB13C2607A,20260317,0.15,0.16,0.15,0.15,467900
SCB13C2607B,20260317,0.31,0.31,0.3,0.31,7104100
SCB13P2607A,20260317,0.44,0.44,0.43,0.43,10735400
SCB19C2612T,20260317,0.43,0.43,0.43,0.43,305000
SCB41C2607A,20260317,0.13,0.13,0.13,0.13,400
SCB41C2607B,20260317,0.29,0.29,0.29,0.29,419500
SCB41C2609T,20260317,0.51,0.51,0.5,0.51,300
SCC01C2605A,20260317,0.09,0.1,0.09,0.09,109500
SCC01C2606T,20260317,0.31,0.36,0.31,0.36,1300
SCC01C2607A,20260317,0.09,0.1,0.09,0.1,220600
SCC01C2609A,20260317,0.77,0.9,0.76,0.85,8544900
SCC01P2605A,20260317,0.2,0.2,0.16,0.17,8936900
SCC01P2607A,20260317,0.79,0.8,0.7,0.73,6135600
SCC13C2606A,20260317,0.19,0.26,0.18,0.23,25315100
SCC13C2607A,20260317,0.13,0.17,0.12,0.16,17038800
SCC13C2608A,20260317,0.68,0.81,0.68,0.76,31714700
SCC13C2701T,20260317,0.24,0.26,0.24,0.26,350000
SCC13P2607A,20260317,0.76,0.76,0.65,0.68,13567900
SCC19C2605A,20260317,0.11,0.15,0.1,0.13,7652100
SCC19C2607A,20260317,0.1,0.11,0.1,0.1,4796800
SCC19C2608A,20260317,0.69,0.82,0.68,0.77,10857700
SCC41C2606A,20260317,0.17,0.22,0.16,0.2,101100
SCC41C2607A,20260317,0.13,0.13,0.13,0.13,1000
SCC41C2608A,20260317,0.64,0.76,0.63,0.75,6553600
SCC41C2608T,20260317,0.59,0.67,0.58,0.65,5752000
SCC41C2612T,20260317,0.41,0.46,0.4,0.44,3202600
SCC41P2607A,20260317,0.63,0.63,0.57,0.59,4500800
SCGP01C2604A,20260317,0.04,0.06,0.04,0.05,1632400
SCGP01C2608A,20260317,0.18,0.26,0.18,0.22,7827000
SCGP01C2609A,20260317,0.33,0.47,0.33,0.41,8276700
SCGP01P2608A,20260317,0.48,0.49,0.38,0.42,4565500
SCGP13C2605A,20260317,0.17,0.31,0.17,0.25,45969400
SCGP13C2607A,20260317,0.13,0.21,0.13,0.17,18111100
SCGP13C2608A,20260317,0.32,0.46,0.32,0.4,58508900
SCGP13P2608A,20260317,0.56,0.57,0.44,0.49,9503900
SCGP19C2605A,20260317,0.19,0.35,0.19,0.28,6959500
SCGP19C2607A,20260317,0.18,0.27,0.18,0.22,14530900
SCGP41C2605A,20260317,0.17,0.3,0.17,0.24,2074200
SCGP41C2606T,20260317,0.12,0.16,0.12,0.14,4944800
SCGP41C2607A,20260317,0.12,0.19,0.12,0.16,972900
SCGP41C2609T,20260317,0.43,0.48,0.43,0.44,1000
SET01C2604A,20260317,0.6,0.78,0.53,0.72,67500
SET01C2605A,20260317,1.63,1.95,1.6,1.93,123900
SET01C2606L,20260317,3.22,3.34,3.22,3.34,800
SET01C2607A,20260317,0.94,1.1,0.9,1.1,242200
SET01C2607B,20260317,0.29,0.33,0.26,0.33,363500
SET01P2604A,20260317,0.01,0.02,0.01,0.02,836700
SET01P2605A,20260317,0.08,0.08,0.05,0.06,1064700
SET01P2606L,20260317,0.79,0.8,0.76,0.77,293600
SET01P2607A,20260317,0.33,0.33,0.24,0.25,1060900
SET01P2607B,20260317,0.8,0.82,0.74,0.8,10900
SET5001C2603F,20260317,0.1,0.16,0.1,0.16,204600
SET5001C2603G,20260317,0.36,0.36,0.36,0.36,20000
SET5001C2603H,20260317,1.99,2.26,1.98,2.2,41000
SET5001C2603I,20260317,0.28,0.4,0.28,0.38,13000
SET5001C2605A,20260317,0.87,1.11,0.87,1.09,203500
SET5001C2606F,20260317,0.75,0.89,0.74,0.81,283600
SET5001C2606G,20260317,0.21,0.3,0.21,0.3,154600
SET5001C2606H,20260317,0.21,0.22,0.2,0.2,28400
SET5001C2606I,20260317,0.83,0.95,0.81,0.91,5536300
SET5001C2607A,20260317,0.61,0.65,0.52,0.64,154300
SET5001C2607B,20260317,0.19,0.2,0.15,0.19,139300
SET5001C2607C,20260317,0.79,0.88,0.78,0.87,5840200
SET5001P2605A,20260317,0.02,0.03,0.02,0.02,1419500
SET5001P2606F,20260317,0.23,0.24,0.23,0.23,43000
SET5001P2606G,20260317,0.67,0.67,0.5,0.56,325800
SET5001P2606I,20260317,0.78,0.8,0.72,0.72,3343800
SET5001P2607A,20260317,0.22,0.22,0.17,0.19,785100
SET5001P2607B,20260317,0.93,0.93,0.78,0.85,6900
SET5001P2607C,20260317,0.71,0.71,0.64,0.66,5143500
SET5013C2603A,20260317,0.11,0.14,0.09,0.11,3458900
SET5013C2603B,20260317,0.43,0.64,0.41,0.59,3387900
SET5013C2603C,20260317,0.7,1.05,0.7,0.97,120900
SET5013C2603D,20260317,0.96,1.45,0.96,1.3,190100
SET5013C2603E,20260317,1.37,2,1.31,1.77,83200
SET5013C2603F,20260317,2.06,3,2.06,3,201500
SET5013C2603G,20260317,0.53,0.8,0.48,0.72,412500
SET5013C2606A,20260317,0.62,0.8,0.61,0.74,135234500
SET5013C2606B,20260317,0.39,0.51,0.38,0.48,75331500
SET5013C2606C,20260317,0.27,0.36,0.26,0.34,86220400
SET5013C2606D,20260317,0.21,0.28,0.21,0.26,36779200
SET5013C2606E,20260317,0.16,0.22,0.15,0.2,18724100
SET5013C2606F,20260317,0.11,0.16,0.11,0.14,36218700
SET5013C2606G,20260317,0.09,0.13,0.09,0.11,22982100
SET5013C2606H,20260317,0.36,0.44,0.35,0.41,36476100
SET5013C2606I,20260317,0.55,0.68,0.53,0.63,360714900
SET5013C2606J,20260317,0.79,0.95,0.77,0.9,90683100
SET5013P2603B,20260317,0.01,0.01,0.01,0.01,2500
SET5013P2603C,20260317,0.01,0.01,0.01,0.01,100000
SET5013P2603D,20260317,0.01,0.02,0.01,0.02,2060100
SET5013P2603F,20260317,0.01,0.02,0.01,0.02,163900
SET5013P2603G,20260317,0.03,0.03,0.03,0.03,1000
SET5013P2603H,20260317,0.01,0.01,0.01,0.01,1700
SET5013P2603I,20260317,0.01,0.02,0.01,0.02,178600
SET5013P2603J,20260317,0.03,0.03,0.02,0.02,180700
SET5013P2603K,20260317,0.03,0.03,0.01,0.03,590800
SET5013P2603X,20260317,3.38,3.4,3.1,3.1,11800
SET5013P2606A,20260317,0.2,0.21,0.15,0.16,114238900
SET5013P2606B,20260317,0.24,0.25,0.19,0.2,28615300
SET5013P2606C,20260317,0.38,0.39,0.3,0.32,107319200
SET5013P2606D,20260317,0.58,0.59,0.47,0.48,140892600
SET5013P2606E,20260317,0.85,0.87,0.69,0.72,29277400
SET5013P2606F,20260317,1.15,1.18,0.96,0.98,1961600
SET5013P2606G,20260317,1.69,1.72,1.46,1.52,171800
SET5013P2606H,20260317,0.39,0.39,0.32,0.33,192656700
SET5013P2606I,20260317,0.52,0.53,0.44,0.46,140437500
SET5013P2606J,20260317,0.26,0.27,0.22,0.23,36636300
SET5013P2606K,20260317,0.71,0.73,0.61,0.63,125854800
SET5019C2603A,20260317,0.67,0.93,0.67,0.88,50300
SET5019C2603B,20260317,0.19,0.34,0.19,0.34,29300
SET5019C2603C,20260317,2.3,2.32,2.3,2.32,21900
SET5019C2606A,20260317,0.54,0.68,0.54,0.63,941600
SET5019C2606B,20260317,0.33,0.41,0.33,0.41,25900
SET5019C2606C,20260317,0.15,0.22,0.15,0.2,2855400
SET5019C2606D,20260317,0.75,0.93,0.75,0.91,15666300
SET5019P2603B,20260317,0.01,0.01,0.01,0.01,996700
SET5019P2606A,20260317,0.28,0.34,0.19,0.22,20600
SET5019P2606C,20260317,0.65,0.68,0.65,0.68,200
SET5019P2606D,20260317,0.53,0.53,0.44,0.46,29336900
SET5019P2606E,20260317,0.91,0.92,0.78,0.8,28313600
SET5028C2603A,20260317,0.9,1,0.9,1,400
SET5041C2603B,20260317,0.37,0.37,0.37,0.37,100
SET5041C2603D,20260317,1.75,1.75,1.75,1.75,300
SET5041C2606A,20260317,0.6,0.77,0.6,0.76,1354500
SET5041C2606B,20260317,0.45,0.51,0.45,0.51,23200
SET5041C2606C,20260317,0.35,0.36,0.34,0.35,103000
SET5041C2606D,20260317,0.27,0.3,0.27,0.27,207300
SET5041C2606E,20260317,0.2,0.22,0.2,0.22,1003300
SET5041C2606F,20260317,0.16,0.17,0.16,0.17,3000
SET5041C2606G,20260317,0.12,0.15,0.12,0.14,214000
SET5041C2606H,20260317,0.31,0.38,0.31,0.37,3867700
SET5041C2606I,20260317,0.48,0.59,0.47,0.56,35866200
SET5041C2606J,20260317,0.64,0.75,0.63,0.74,12687000
SET5041C2609T,20260317,0.95,1.01,0.95,1.01,5901700
SET5041P2603I,20260317,0.04,0.04,0.04,0.04,300000
SET5041P2606A,20260317,0.53,0.57,0.53,0.57,6100
SET5041P2606C,20260317,0.93,0.93,0.91,0.92,14000
SET5041P2606E,20260317,1.43,1.43,1.35,1.35,400
SET5041P2606F,20260317,1.53,1.53,1.53,1.53,200
SET5041P2606H,20260317,0.35,0.36,0.34,0.34,171500
SET5041P2606I,20260317,0.52,0.52,0.44,0.46,26800700
SET5041P2606K,20260317,0.68,0.69,0.59,0.6,31396000
SET5041P2609T,20260317,0.42,0.42,0.38,0.39,573700
SIRI13C2605A,20260317,0.2,0.22,0.2,0.22,1121200
SIRI41C2605A,20260317,0.19,0.2,0.19,0.2,1060100
SISB13C2607A,20260317,0.12,0.14,0.12,0.13,6585000
SISB19C2612A,20260317,0.33,0.34,0.33,0.34,886400
SISB41C2702T,20260317,0.22,0.22,0.22,0.22,200
SJWD13C2608A,20260317,0.23,0.26,0.23,0.26,2476800
SPALI13C2608A,20260317,0.32,0.32,0.3,0.3,5541300
SPALI41C2609T,20260317,0.21,0.21,0.21,0.21,200
SPRC01C2607A,20260317,0.29,0.36,0.29,0.34,245300
SPRC13C2604A,20260317,0.09,0.14,0.09,0.14,2815100
SPRC13C2607A,20260317,0.3,0.37,0.29,0.37,13018500
SPRC13C2608A,20260317,0.23,0.28,0.23,0.28,7512200
SPRC41C2604A,20260317,0.1,0.13,0.1,0.13,168200
SPRC41C2606T,20260317,0.24,0.27,0.24,0.27,1981500
SPRC41C2607A,20260317,0.28,0.34,0.27,0.34,451600
SPRC41C2608A,20260317,0.22,0.26,0.21,0.25,2270500
SPRC41C2612T,20260317,0.6,0.65,0.6,0.64,251200
SPX28C2603B,20260317,0.04,0.04,0.04,0.04,100
SPX28C2606A,20260317,0.26,0.26,0.26,0.26,2700
SPX28P2606A,20260317,0.93,0.93,0.93,0.93,1300
SPX41C2606A,20260317,0.37,0.37,0.37,0.37,8500
SPX41P2606A,20260317,0.99,0.99,0.99,0.99,500
STA01C2607A,20260317,0.45,0.45,0.4,0.42,281200
STA01C2609A,20260317,0.36,0.36,0.32,0.34,9950000
STA13C2605A,20260317,0.46,0.46,0.41,0.44,573300
STA13C2608A,20260317,0.46,0.46,0.41,0.43,16699800
STA19C2612A,20260317,0.53,0.53,0.48,0.51,18546300
STA41C2612T,20260317,0.29,0.29,0.28,0.28,700
STGT01C2608A,20260317,0.44,0.44,0.37,0.41,2766600
STGT13C2607A,20260317,0.4,0.4,0.34,0.39,12884700
STGT13C2607B,20260317,0.11,0.11,0.09,0.11,25290600
STGT41C2606T,20260317,0.13,0.13,0.13,0.13,100
STGT41C2612T,20260317,0.4,0.42,0.4,0.42,3920600
TCAP13C2605A,20260317,0.08,0.09,0.08,0.09,200
TENCEN41C2606A,20260317,0.09,0.1,0.09,0.1,2801000
TENCEN41C2609A,20260317,0.52,0.52,0.48,0.48,1062900
TFG13C2608A,20260317,0.47,0.51,0.47,0.51,10200
TFG13C2608B,20260317,0.27,0.31,0.25,0.29,5080300
TFG19C2606A,20260317,1.78,1.78,1.78,1.78,100
TFG19C2608A,20260317,0.43,0.43,0.43,0.43,362600
TFG41C2608A,20260317,0.44,0.47,0.42,0.47,100600
TIDLOR01C2605A,20260317,0.01,0.01,0.01,0.01,5000
TIDLOR01C2606A,20260317,0.16,0.16,0.15,0.15,9687300
TIDLOR01C2608A,20260317,0.14,0.15,0.13,0.13,4336300
TIDLOR01C2610T,20260317,0.18,0.18,0.18,0.18,1093600
TIDLOR01P2605A,20260317,0.32,0.34,0.31,0.34,1330600
TIDLOR13C2604A,20260317,0.01,0.01,0.01,0.01,1000000
TIDLOR13C2607A,20260317,0.18,0.19,0.17,0.17,2914800
TIDLOR13C2701T,20260317,0.3,0.3,0.3,0.3,2253000
TIDLOR13P2608A,20260317,0.52,0.54,0.51,0.54,3877900
TIDLOR19C2609T,20260317,0.18,0.18,0.18,0.18,2703000
TIDLOR19C2612T,20260317,0.42,0.43,0.41,0.41,5028600
TIDLOR41C2607A,20260317,0.16,0.16,0.16,0.16,480200
TISCO13C2607A,20260317,0.15,0.16,0.15,0.16,569000
TISCO41C2606T,20260317,0.31,0.32,0.31,0.32,150100
TLI13C2607A,20260317,0.1,0.1,0.1,0.1,101000
TOA01C2702T,20260317,0.24,0.26,0.24,0.25,585300
TOA13C2605A,20260317,0.05,0.06,0.05,0.06,133700
TOP01C2605A,20260317,0.25,0.3,0.25,0.29,1666500
TOP01C2608A,20260317,0.31,0.35,0.27,0.34,7774400
TOP01C2609A,20260317,0.18,0.2,0.16,0.2,6937800
TOP01C2701T,20260317,0.39,0.41,0.36,0.4,5353100
TOP01P2607A,20260317,0.27,0.3,0.25,0.25,3506100
TOP01P2609A,20260317,0.94,1.01,0.94,0.95,799800
TOP01P2609B,20260317,0.77,0.82,0.73,0.74,2745300
TOP13C2606A,20260317,0.53,0.58,0.53,0.56,20600
TOP13C2607A,20260317,0.36,0.39,0.31,0.38,19410500
TOP13C2608A,20260317,0.25,0.27,0.22,0.26,17600500
TOP13P2608A,20260317,0.74,0.79,0.69,0.7,11469000
TOP19C2612T,20260317,0.8,0.87,0.75,0.85,4559000
TOP41C2607A,20260317,0.31,0.37,0.31,0.37,400200
TOP41C2608A,20260317,0.21,0.25,0.2,0.24,461500
TOP41C2609T,20260317,1.1,1.13,1.1,1.13,200
TOP41C2611T,20260317,0.59,0.62,0.56,0.61,2001200
TOP41C2703T,20260317,0.32,0.34,0.31,0.34,2941300
TRUE01C2606T,20260317,0.09,0.09,0.08,0.08,388000
TRUE01C2607A,20260317,0.45,0.5,0.45,0.48,1873300
TRUE01C2608A,20260317,0.26,0.3,0.26,0.28,4012300
TRUE01P2607A,20260317,0.12,0.12,0.11,0.11,675100
TRUE01P2608A,20260317,0.53,0.53,0.48,0.5,2463900
TRUE13C2607A,20260317,0.37,0.42,0.37,0.41,926900
TRUE13C2607B,20260317,0.43,0.47,0.42,0.46,5487800
TRUE13C2608A,20260317,0.28,0.32,0.28,0.31,8680700
TRUE13P2607A,20260317,0.12,0.12,0.11,0.11,748800
TRUE13P2608A,20260317,0.48,0.48,0.45,0.46,5025300
TRUE19C2604A,20260317,0.12,0.18,0.12,0.16,2592300
TRUE19C2607A,20260317,0.45,0.54,0.45,0.48,295400
TRUE19C2608A,20260317,0.26,0.3,0.26,0.28,13473700
TRUE41C2604T,20260317,0.6,0.6,0.6,0.6,3000
TRUE41C2607A,20260317,0.36,0.38,0.36,0.38,200
TRUE41C2607B,20260317,0.36,0.39,0.36,0.39,1531600
TRUE41C2608A,20260317,0.28,0.28,0.27,0.27,200
TRUE41C2612T,20260317,0.31,0.34,0.31,0.33,2776500
TRUE41P2607A,20260317,0.08,0.08,0.08,0.08,5000
TTB01C2608A,20260317,0.13,0.13,0.13,0.13,1319300
TTB13C2607A,20260317,0.13,0.13,0.12,0.12,2769900
TTB13C2608A,20260317,0.12,0.12,0.12,0.12,100000
TU01C2607A,20260317,0.08,0.08,0.08,0.08,570000
TU01P2605A,20260317,0.18,0.18,0.17,0.18,1852200
TU13C2607A,20260317,0.08,0.08,0.08,0.08,205000
TU13C2608A,20260317,0.17,0.18,0.17,0.17,8033700
TU13P2608A,20260317,0.34,0.34,0.33,0.33,171400
TU19C2607A,20260317,0.09,0.09,0.08,0.08,46800
VGI01C2608A,20260317,0.13,0.15,0.12,0.12,4609600
VGI13C2605A,20260317,0.03,0.03,0.02,0.02,1005100
VGI13C2607A,20260317,0.09,0.11,0.09,0.09,3116000
VGI13C2608A,20260317,0.09,0.1,0.08,0.08,2796800
VGI13C2608B,20260317,0.21,0.23,0.19,0.19,17689600
VGI19C2607A,20260317,0.17,0.19,0.17,0.17,7809500
VGI41C2607A,20260317,0.09,0.09,0.08,0.08,32600
VGI41C2608A,20260317,0.08,0.08,0.08,0.08,12500
VGI41C2703T,20260317,0.31,0.31,0.3,0.3,600
WHA01C2608A,20260317,0.29,0.33,0.29,0.33,6137900
WHA01C2610T,20260317,0.59,0.63,0.59,0.62,3346800
WHA01P2608A,20260317,0.59,0.6,0.56,0.56,997100
WHA13C2608A,20260317,0.38,0.42,0.38,0.41,2259800
WHA13C2701T,20260317,0.53,0.53,0.52,0.52,40100
WHA13P2608A,20260317,0.69,0.7,0.65,0.65,1491800
WHA19C2607A,20260317,0.31,0.34,0.3,0.34,12784100
WHA41C2608A,20260317,0.37,0.38,0.37,0.38,240100
WHA41C2612T,20260317,0.32,0.34,0.32,0.34,900900
WHA41C2701T,20260317,0.47,0.5,0.47,0.5,1000900
WHA41P2608A,20260317,0.6,0.6,0.6,0.6,50000
WUXI41C2609A,20260317,0.3,0.3,0.27,0.27,101200
XIAOMI28C2606A,20260317,0.14,0.14,0.12,0.12,681600
XIAOMI28C2609A,20260317,0.64,0.64,0.64,0.64,300
XIAOMI41C2603A,20260317,0.01,0.01,0.01,0.01,1178500
XIAOMI41C2606A,20260317,0.3,0.3,0.27,0.27,1200
XIAOMI41C2609T,20260317,0.57,0.57,0.55,0.55,4600
ZIJIN41C2606A,20260317,0.21,0.21,0.18,0.19,1011700
AAPL01,20260317,24,24.2,23.9,24.1,11196
AAPL03,20260317,2.72,2.74,2.72,2.74,4131
AAPL19,20260317,5.45,5.5,5.45,5.45,3714
AAPL80,20260317,8.2,8.2,8.1,8.2,322191
ABBV19,20260317,7.1,7.25,7.1,7.15,24271
ABNB06,20260317,4.12,4.2,4.12,4.14,115
ADBE03,20260317,1.81,1.84,1.76,1.81,132314
ADBE06,20260317,2,2.06,1.98,2.04,473433
ADVANT19,20260317,4.9,4.9,4.76,4.76,110046
ADVANT23,20260317,3.32,3.34,3.24,3.28,87278
AFRM03,20260317,1.93,1.96,1.92,1.93,430
AIA06,20260317,3.5,3.5,3.44,3.46,6963
AIA19,20260317,3.48,3.48,3.48,3.48,49500
AIA23,20260317,2.68,2.7,2.56,2.6,241604
AMD03,20260317,3.16,3.22,3.16,3.2,41
AMD80,20260317,1.26,1.3,1.26,1.26,13004781
AMGN06,20260317,3,3,2.9,3,30220
AMZN01,20260317,19.9,20.2,19.8,20,65072
AMZN03,20260317,3.42,3.44,3.42,3.44,3
AMZN06,20260317,1.69,1.71,1.68,1.7,251147
AMZN80,20260317,1.7,1.72,1.69,1.69,4891702
ANTA13,20260317,2.12,2.12,2.06,2.1,3003
ANTA23,20260317,2.1,2.12,2.06,2.12,102801
APLD03,20260317,2.98,3.02,2.98,2.98,1017
APPL03,20260317,2.52,2.52,2.44,2.44,46822
ASEMI24,20260317,2.48,2.48,2.42,2.44,490332
ASICS23,20260317,2.7,2.7,2.66,2.7,9134
ASML01,20260317,36.75,37.5,36.75,37,169628
ASTS03,20260317,2.88,2.92,2.78,2.86,356312
AVGO80,20260317,2.12,2.16,2.08,2.12,5306275
AXP06,20260317,2.44,2.44,2.42,2.42,7796
BABA01,20260317,12.9,13,12.7,12.7,71444
BABA06,20260317,5.65,5.75,5.6,5.6,15995
BABA13,20260317,2.3,2.34,2.3,2.3,105345
BABA23,20260317,3.8,3.82,3.7,3.7,314352
BABA80,20260317,5.7,5.75,5.55,5.6,5275210
BAC03,20260317,3.04,3.08,3.04,3.04,5945
BDX06,20260317,1.73,1.75,1.72,1.72,119133
BIDU01,20260317,11.5,11.5,11.2,11.4,181720
BIDU06,20260317,5.05,5.1,4.96,4.96,17854
BIDU23,20260317,2.4,2.42,2.36,2.38,1721112
BIDU80,20260317,5.05,5.05,4.94,4.96,9489206
BILIBILI01,20260317,4.14,4.14,4.04,4.1,1631631
BIREN23,20260317,5.7,5.7,5.4,5.5,5093
BKNG03,20260317,2.32,2.34,2.32,2.34,3
BKNG80,20260317,2.78,2.8,2.74,2.76,36326
BLK06,20260317,3.04,3.06,3.02,3.02,45368
BONDAS19,20260317,6.35,6.4,6.35,6.4,22103
BRKB80,20260317,1.6,1.61,1.59,1.6,520058
BYDCOM01,20260317,1.01,1.01,0.98,0.99,3114440
BYDCOM80,20260317,0.45,0.45,0.43,0.44,122465039
CAMBRI80,20260317,5.25,5.25,5.1,5.15,47760
CATL01,20260317,6.2,6.25,5.9,6,25816890
CATL23,20260317,11,11.1,10.4,10.4,555267
CATL80,20260317,27.5,27.5,26.25,26.25,455971
CHHONGQ19,20260317,16.1,16.1,15.5,15.7,30793
CHMOBILE19,20260317,3.34,3.34,3.3,3.34,214574
CHMOBILE23,20260317,2.58,2.62,2.54,2.54,61684
CHNXT5023,20260317,7.25,7.3,7.1,7.2,67739
CMBANK23,20260317,2.32,2.32,2.3,2.32,7473
CME03,20260317,3.38,3.46,3.36,3.4,4732
CN01,20260317,22.8,23,22.5,22.5,67298
CN23,20260317,5.8,5.8,5.75,5.75,380
CNBIO24,20260317,1.44,1.45,1.42,1.42,8882
CNEV24,20260317,2.44,2.44,2.36,2.36,578
CNROBOAI23,20260317,2.5,2.52,2.48,2.5,127571
CNSEMI23,20260317,2.62,2.62,2.54,2.54,29281
CNSTAR5023,20260317,6.9,6.9,6.75,6.9,23603
CNTECH01,20260317,27,27.5,26.5,26.5,152716
COSTCO19,20260317,33,33,32.5,32.5,2094
CRM01,20260317,3.5,3.56,3.5,3.56,18266
CRM06,20260317,2.58,2.58,2.56,2.58,258
CRM80,20260317,6.4,6.4,6.4,6.4,1001
CRSP03,20260317,3.18,3.18,3.1,3.18,30768
CRWD06,20260317,2.88,2.9,2.72,2.74,64135
CRWD80,20260317,14.4,14.5,13.6,13.6,196073
CRWV03,20260317,2.8,2.84,2.66,2.76,94932
CSCO06,20260317,3.18,3.22,3.16,3.22,454692
CYPC80,20260317,12.9,13,12.9,13,245
DASH03,20260317,2.66,2.72,2.66,2.72,18217
DBS19,20260317,14.3,14.5,14.3,14.3,10879
DDOG19,20260317,4.06,4.18,4.06,4.1,1081
DELL19,20260317,4.96,5.1,4.96,5.1,377464
DISNEY19,20260317,16.1,16.2,16,16,51915
DUOL06,20260317,2.02,2.08,2.02,2.08,58405
E1VFVN3001,20260317,40.25,40.75,40.25,40.5,173803
EOSE03,20260317,0.96,0.98,0.88,0.9,4116211
ESTEE80,20260317,0.96,0.97,0.95,0.96,841691
EXPE06,20260317,3,3,3,3,2
FANUC23,20260317,2.26,2.3,2.24,2.3,60446
FERRARI80,20260317,1.06,1.09,1.06,1.08,154290
FPTVN11,20260317,2,2,1.97,1.97,161044
FPTVN19,20260317,9.9,10.1,9.8,9.85,285308
FUEVFVND01,20260317,45.75,46,45.5,45.75,88717
GAC03,20260317,2.96,2.96,2.92,2.94,3908
GANFENG23,20260317,2.66,2.66,2.6,2.62,45203
GASVN11,20260317,4.34,4.38,4.28,4.3,38159
GDS23,20260317,2.46,2.48,2.38,2.44,13524
GEELY06,20260317,3.16,3.16,3.12,3.16,332084
GEELY80,20260317,7.85,7.9,7.75,7.85,36947
GIGA23,20260317,5.75,5.75,5.5,5.75,32918
GOLD03,20260317,3.7,3.74,3.7,3.72,207053
GOLD19,20260317,14.9,15.1,14.9,14.9,480423
GOLDUS03,20260317,3.74,3.76,3.7,3.74,138867
GOLDUS19,20260317,49.75,50,49.25,49.75,299137
GOOG80,20260317,4.88,4.94,4.88,4.88,1620985
GOOGL01,20260317,29,29.25,28.75,29,62151
GOOGL03,20260317,4.92,4.96,4.92,4.92,17636
GRAB80,20260317,12.2,12.3,12.1,12.1,23474
GSUS06,20260317,3.66,3.72,3.66,3.68,13425
HAIERS19,20260317,10.5,10.5,10.4,10.4,26247
HANSOH19,20260317,5.45,5.5,5.45,5.5,1001
HERMES80,20260317,7,7.05,6.9,6.9,26897
HIMS03,20260317,4,4.06,3.82,3.96,2113821
HK01,20260317,21.8,21.9,21.7,21.7,39021
HK13,20260317,5.7,5.7,5.65,5.65,2192
HKCE01,20260317,25,25.25,24.9,24.9,20494
HKEX23,20260317,2.18,2.18,2.16,2.16,52416
HKTECH13,20260317,4.24,4.24,4.16,4.18,41573
HONDA19,20260317,2.76,2.76,2.72,2.74,106681
HOOD03,20260317,2.44,2.46,2.44,2.46,101
HOOD06,20260317,2.42,2.46,2.4,2.44,146130
HOOD80,20260317,2.42,2.46,2.4,2.46,3071
HORIZON23,20260317,1.96,1.96,1.91,1.92,150287
HPG19,20260317,3.38,3.38,3.38,3.38,2
HSHD23,20260317,7,7,6.9,7,221427
HUAHONG23,20260317,5.5,5.55,5.35,5.5,3257197
IBM06,20260317,3.22,3.26,3.2,3.26,7459
ICBC06,20260317,2.7,2.72,2.68,2.72,3947
ICBC19,20260317,2.7,2.74,2.66,2.7,98307
IFLYTEK80,20260317,2.46,2.46,2.4,2.44,3513
INDIA01,20260317,13.1,13.2,12.9,13.1,243707
INDIAESG19,20260317,4.04,4.1,4.04,4.08,114396
INTEL03,20260317,3.1,3.16,2.94,2.98,228920
IONQ03,20260317,2.2,2.22,2.1,2.16,134650
ISRG01,20260317,3.44,3.48,3.44,3.44,77078
ISRG06,20260317,3.16,3.16,3.16,3.16,1
ISRG19,20260317,3.88,3.9,3.88,3.9,24861
ITOCHU19,20260317,7.05,7.1,6.95,6.95,13149
JAP03,20260317,3.46,3.48,3.46,3.46,21866
JAPAN10001,20260317,26.25,26.75,26.25,26.25,22377
JAPAN13,20260317,4.78,4.82,4.78,4.8,34387
JD80,20260317,4.68,4.7,4.6,4.64,850521
JDHEAL19,20260317,4.34,4.36,4.28,4.3,369339
JEPI19,20260317,6.25,6.25,6.2,6.25,142310
JGRO19,20260317,9.4,9.4,9.4,9.4,303
JNJ03,20260317,3.94,3.98,3.94,3.96,47295
JPMUS06,20260317,3.1,3.12,3.08,3.08,28319
JPMUS19,20260317,18.7,18.7,18.4,18.4,434
JTEK19,20260317,8.85,9,8.85,8.95,1154
KEYENCE23,20260317,2.18,2.18,2.1,2.18,45229
KINGSOFT23,20260317,1.74,1.75,1.7,1.7,8462
KIOXIA23,20260317,2.9,2.92,2.7,2.78,774553
KO80,20260317,2.52,2.54,2.5,2.5,103337
KUAISH01,20260317,3.2,3.22,3.1,3.12,26054
KUAISH06,20260317,2.54,2.54,2.48,2.48,502
KUAISH23,20260317,1.81,1.81,1.76,1.8,4058936
KUAISH80,20260317,2.52,2.54,2.46,2.48,5058707
LENOVO13,20260317,2.08,2.08,2.04,2.04,1586
LLY80,20260317,1.59,1.61,1.58,1.58,869922
LOREAL80,20260317,1.32,1.33,1.32,1.33,19940
LPGOLD13,20260317,2.78,2.9,2.78,2.84,111029
LULU06,20260317,2.6,2.62,2.56,2.6,1916291
LVMH01,20260317,11.1,11.3,11,11.2,278588
MA80,20260317,1.63,1.65,1.63,1.65,35635
MEITUAN19,20260317,1.13,1.13,1.1,1.1,355977
MEITUAN23,20260317,2.14,2.14,2.02,2.02,3302
MEITUAN80,20260317,3.36,3.38,3.28,3.3,833037
MELI06,20260317,2.2,2.28,2.2,2.26,210539
META01,20260317,6.05,6.05,5.9,6,52666
META06,20260317,2.54,2.56,2.52,2.54,555571
META80,20260317,2.58,2.58,2.52,2.52,2026707
MICRON01,20260317,9.05,9.2,8.8,9,7996949
MICRON03,20260317,4.8,4.9,4.72,4.78,62030
MICRON19,20260317,9.6,9.75,9.45,9.6,217573
MICRON80,20260317,14.5,14.6,14.2,14.4,32664
MITSU19,20260317,10,10.1,9.9,9.95,33443
MNSO80,20260317,14.2,14.3,14.1,14.2,167175
MNST06,20260317,3.6,3.6,3.56,3.6,3426
MRVL06,20260317,2.88,3,2.88,2.96,138100
MRVL80,20260317,2.9,2.98,2.9,2.96,690292
MS06,20260317,3.38,3.4,3.36,3.38,10635
MSFT01,20260317,3.8,3.82,3.76,3.8,1023790
MSFT03,20260317,2.58,2.6,2.56,2.6,5515
MSFT06,20260317,3.22,3.26,3.2,3.22,233479
MSFT19,20260317,4.3,4.32,4.26,4.32,1608
MSFT80,20260317,6.45,6.5,6.4,6.4,1734667
MSN11,20260317,3.68,3.74,3.68,3.72,34265
MSN19,20260317,3.1,3.14,3.1,3.12,28111
MUFG19,20260317,5.4,5.5,5.35,5.45,53883
MUFG23,20260317,2.22,2.24,2.18,2.24,356
MWG11,20260317,4.08,4.14,4.06,4.1,1037883
MWG19,20260317,10.3,10.4,10.1,10.2,51870
NAURA23,20260317,2.44,2.44,2.3,2.3,38200
NAURA80,20260317,21.7,21.8,21.3,21.4,34345
NBIS03,20260317,4.2,4.3,4,4.2,1029711
NDAQ06,20260317,2.84,2.84,2.76,2.78,20866
NDX01,20260317,20.8,20.8,20.6,20.7,103890
NEM06,20260317,3.5,3.62,3.48,3.58,49010
NET03,20260317,3.48,3.48,3.34,3.34,1573
NETEASE80,20260317,7.85,7.85,7.7,7.75,44441
NFLX06,20260317,3.08,3.1,3.06,3.08,28948
NFLX80,20260317,3.08,3.1,3.06,3.08,2392658
NIKE80,20260317,0.89,0.9,0.88,0.88,523002
NIKKEI80,20260317,11.5,11.5,11.3,11.3,515
NINTENDO19,20260317,20,20.1,19.9,19.9,75696
NINTENDO23,20260317,1.78,1.79,1.76,1.79,644411
NONGFU80,20260317,1.82,1.82,1.78,1.81,97826
NOVOB80,20260317,1.24,1.27,1.23,1.24,7185737
NOW19,20260317,3.8,3.8,3.7,3.76,11048
NVDA01,20260317,17.4,17.8,17.3,17.5,401530
NVDA03,20260317,3.96,4.06,3.94,3.98,64708
NVDA06,20260317,3.94,4.04,3.92,3.94,325100
NVDA19,20260317,23.6,24,23.6,23.7,11967
NVDA80,20260317,29.5,30.25,29.5,29.5,518361
NVTS03,20260317,3.44,3.74,3.34,3.36,1758012
OIL03,20260317,3.24,3.28,3.16,3.22,8661239
ONON03,20260317,2.5,2.58,2.48,2.58,125690
ORCL01,20260317,3.2,3.2,3.14,3.14,328257
ORCL06,20260317,2.04,2.04,2,2.02,2015574
ORCL19,20260317,5.1,5.15,5,5.05,604981
PANW80,20260317,5.5,5.5,5.35,5.35,218729
PEP80,20260317,1.04,1.04,1.02,1.03,98893
PETROCN80,20260317,4.36,4.44,4.3,4.42,85673
PFIZER19,20260317,17.3,17.4,17.1,17.2,62832
PINGAN01,20260317,6,6,5.9,5.9,22393
PINGAN80,20260317,2.64,2.66,2.6,2.62,2490677
PLTR01,20260317,4.5,4.5,4.44,4.44,71364
PLTR03,20260317,3.3,3.32,3.26,3.3,30141
PLTR06,20260317,3.28,3.32,3.26,3.26,217697
POPMART23,20260317,2.16,2.16,2.08,2.08,27131
POPMART80,20260317,9,9.1,8.9,8.95,312158
PYPL06,20260317,2.94,2.96,2.94,2.94,15288
QCOM06,20260317,2.12,2.12,2.08,2.1,134496
QQQM19,20260317,16,16.1,15.9,16,248069
RBLX06,20260317,1.54,1.59,1.54,1.56,634508
REMX03,20260317,2.94,2.94,2.88,2.92,46155
RGTI03,20260317,2.7,2.74,2.54,2.6,239274
RKLB03,20260317,4.54,4.68,4.48,4.6,930939
SANOFI80,20260317,2.84,2.88,2.84,2.86,49575
SANRIO23,20260317,1.69,1.7,1.68,1.68,11055671
SANRIO80,20260317,11.4,11.5,11.4,11.5,202
SBUX80,20260317,1.61,1.61,1.56,1.57,72232
SEMB19,20260317,4.92,4.96,4.92,4.94,22172
SENSE23,20260317,2.2,2.22,2.14,2.16,283646
SGX19,20260317,4.82,4.84,4.78,4.84,9262
SHOP03,20260317,2.7,2.72,2.7,2.72,4
SHOP06,20260317,2.04,2.06,2.04,2.04,40398
SIA19,20260317,16.6,16.8,16.6,16.6,11050
SIL03,20260317,3.06,3.12,3.02,3.08,140806
SINGTEL80,20260317,12.9,13.1,12.9,13.1,42908
SINOBIO19,20260317,5.15,5.15,5,5.05,65016
SMCI03,20260317,2.04,2.04,2.02,2.02,101
SMFG19,20260317,10.4,10.5,10.3,10.4,3027
SMIC01,20260317,3.72,3.74,3.64,3.66,45791
SMIC03,20260317,2.6,2.6,2.56,2.56,4
SMIC13,20260317,1.83,1.83,1.78,1.79,3933
SMIC23,20260317,3.08,3.08,2.98,3.04,1901600
SNDK03,20260317,5.6,5.9,5.55,5.75,2416176
SNOW06,20260317,2.92,2.92,2.82,2.82,88049
SOFTBANK23,20260317,1.38,1.41,1.37,1.38,325092
SONY80,20260317,3.4,3.4,3.36,3.38,262228
SP50001,20260317,21.8,21.9,21.7,21.7,29011
SP500US19,20260317,12.7,12.8,12.7,12.7,6526
SP500US80,20260317,2.54,2.56,2.52,2.54,292236
SPBOND80,20260317,8.3,8.35,8.25,8.35,2188
SPCOM80,20260317,3.74,3.74,3.74,3.74,7
SPENGY80,20260317,3.78,3.78,3.72,3.78,75519
SPFIN80,20260317,16,16,15.9,16,1204
SPHLTH80,20260317,4.88,4.92,4.88,4.92,1103
SPOT06,20260317,2.12,2.14,2.1,2.14,290019
SPTECH80,20260317,8.95,9.05,8.9,9,1870
STAR5001,20260317,39.75,40,39,39.25,6923
STEG19,20260317,27.75,28.25,27.75,28,9260
SUNNY19,20260317,2.42,2.44,2.38,2.38,325678
SUNNY80,20260317,2.44,2.44,2.38,2.4,103034
SUSHI23,20260317,2.96,2.96,2.9,2.94,31657
SYNP03,20260317,2.72,2.84,2.72,2.84,20303
TAIWAN19,20260317,32,32.5,32,32.25,18131
TAIWANAI13,20260317,13.8,13.9,13.6,13.6,10076
TAIWANHD13,20260317,23.9,24,23.8,24,14130
TEL23,20260317,2.94,3,2.92,2.98,87983
TEL80,20260317,8.05,8.05,7.95,8,1040
TENCENT01,20260317,5.3,5.3,5.15,5.2,123137
TENCENT06,20260317,2.34,2.34,2.28,2.3,19301
TENCENT13,20260317,4.74,4.74,4.66,4.66,1053
TENCENT19,20260317,11.6,11.6,11.4,11.5,23880
TENCENT23,20260317,2.6,2.62,2.56,2.56,120250
TENCENT80,20260317,23.3,23.3,22.8,23,334214
THAIBEV19,20260317,11.4,11.4,11.3,11.3,28833
TME23,20260317,1.5,1.51,1.48,1.5,1533899
TOYOTA80,20260317,6.9,6.95,6.85,6.95,103157
TRIPCOM23,20260317,1.72,1.72,1.68,1.68,9002
TRIPCOM80,20260317,1.71,1.72,1.69,1.71,5901925
TRVUS06,20260317,3.94,3.98,3.94,3.98,2867
TSLA01,20260317,38,38,37.5,37.5,11507
TSLA03,20260317,4.32,4.32,4.28,4.28,4329
TSLA80,20260317,2.58,2.6,2.54,2.54,5163067
UBER06,20260317,2.42,2.48,2.42,2.46,27544
UBTECH23,20260317,1.77,1.77,1.72,1.73,746406
UNH19,20260317,4.6,4.64,4.56,4.62,76003
UNIQLO80,20260317,13.1,13.3,13.1,13.2,1756
UOB19,20260317,9.3,9.4,9.3,9.35,3093
USTR24,20260317,1.16,1.17,1.16,1.16,4373
VCB11,20260317,2.96,3.02,2.96,3.02,41000
VCB19,20260317,7.4,7.5,7.4,7.45,42614
VENTURE19,20260317,4,4.06,4,4.06,79734
VHM19,20260317,12.7,12.9,12.7,12.7,6002
VISA06,20260317,1.25,1.26,1.24,1.25,23915
VISA80,20260317,1.26,1.26,1.25,1.25,205641
VNFIN24,20260317,1.81,1.84,1.81,1.82,11691
VNM19,20260317,7.75,7.8,7.7,7.75,61515
VT03,20260317,3.06,3.08,3.06,3.08,155981
WMT06,20260317,4.1,4.12,4.06,4.12,1811
WORLD03,20260317,3.8,3.8,3.74,3.78,6128
WORLDA01,20260317,4.52,4.68,4.5,4.52,184018
WUXI06,20260317,3.7,3.72,3.62,3.64,39169
WUXI13,20260317,2.26,2.26,2.26,2.26,1
WUXIAT80,20260317,4.62,4.64,4.52,4.52,44831
XIAOMI01,20260317,3.4,3.4,3.32,3.34,252191
XIAOMI13,20260317,3.12,3.12,3.02,3.08,5851
XIAOMI19,20260317,7.5,7.5,7.3,7.35,48730
XIAOMI23,20260317,1.81,1.81,1.75,1.78,598039
XIAOMI80,20260317,14.9,15,14.6,14.7,2270582
XPENG03,20260317,3.36,3.36,3.24,3.26,363526
ZAI23,20260317,6.35,6.6,6.35,6.6,2117
ZIJIN13,20260317,2.68,2.72,2.64,2.7,31849
ZIJIN23,20260317,2.42,2.42,2.36,2.42,2110
ZIJIN80,20260317,15.5,15.7,15.2,15.4,95891
ZJINNO80,20260317,2.68,2.68,2.54,2.58,254314
ASW-W3-O,20260317,0.82,0.84,0.82,0.82,84
BC-W4-O,20260317,0.04,0.05,0.04,0.05,51
BE8-W1-O,20260317,0.03,0.56,0.03,0.56,125
BWG-W7-O,20260317,0.04,0.05,0.04,0.05,579
CAZ-W1-O,20260317,0.24,0.24,0.24,0.24,98
CHAYO-W4-O,20260317,0.25,0.25,0.18,0.18,121
DEMCO-W8-O,20260317,0.42,0.46,0.42,0.43,236
EA-W1-O,20260317,0.47,0.47,0.47,0.47,4
EMPIRE-W1-O,20260317,0.01,0.01,0.01,0.01,40
EMPIRE-W2-O,20260317,0.02,0.02,0.02,0.02,10
IMH-W1-O,20260317,0.03,0.03,0.03,0.03,10
IROYAL-W1-O,20260317,1.51,1.51,1.51,1.51,125
IROYAL-W2-O,20260317,1.15,1.29,1.07,1.07,58
ITEL-W5-O,20260317,0.04,0.04,0.04,0.04,20
ITEL-W6-O,20260317,0.17,0.17,0.16,0.16,150
JAS-W4-O,20260317,0.28,0.28,0.28,0.28,190
KASET-W1-O,20260317,0.09,0.1,0.09,0.1,99
MGI-W1-O,20260317,0.51,0.51,0.51,0.51,100
NER-W2-O,20260317,0.03,0.04,0.02,0.02,486
NOBLE-W3-O,20260317,0.16,0.18,0.16,0.18,210
NRF-W2-O,20260317,0.08,0.08,0.08,0.08,65
ORI-W2-O,20260317,0.3,0.3,0.29,0.29,175
PROUD-W3-O,20260317,0.13,0.13,0.13,0.13,25
QDC-W3-O,20260317,0.08,0.08,0.08,0.08,60
TCC-W5-O,20260317,0.12,0.12,0.12,0.12,1
TFG-W4-O,20260317,2.58,2.88,2.58,2.86,368
TGE-W2-O,20260317,0.04,0.04,0.03,0.03,139
TNITY-W2-O,20260317,0.18,0.18,0.18,0.18,25
TVDH-W6-O,20260317,0.02,0.02,0.02,0.02,69
VIBHA-W5-O,20260317,0.05,0.05,0.05,0.05,119
VIH-W1-O,20260317,0.95,0.95,0.95,0.95,1
XBIO-W7-O,20260317,0.01,0.01,0.01,0.01,30
ZIGA-W2-O,20260317,0.05,0.05,0.05,0.05,152
A5-W5,20260317,0.09,0.09,0.09,0.09,100
ACC-W2,20260317,0.06,0.06,0.05,0.05,3317900
ASW-W3,20260317,0.84,0.84,0.82,0.83,21800
B-W8,20260317,0.01,0.01,0.01,0.01,200
BC-W4,20260317,0.04,0.05,0.04,0.04,467200
BE8-W1,20260317,0.46,0.65,0.44,0.54,1399300
BR-W1,20260317,0.01,0.01,0.01,0.01,66100
BTC-W7,20260317,0.01,0.02,0.01,0.02,321600
BTS-W8,20260317,0.01,0.01,0.01,0.01,100000
BWG-W7,20260317,0.05,0.06,0.05,0.05,2095300
CEN-W5,20260317,0.01,0.02,0.01,0.01,309100
CGH-W5,20260317,0.03,0.03,0.03,0.03,11900
CHASE-W1,20260317,0.18,0.18,0.18,0.18,20000
CHAYO-W4,20260317,0.26,0.27,0.25,0.27,299600
CIG-W10,20260317,0.05,0.06,0.05,0.06,1800
CIG-W9,20260317,0.01,0.01,0.01,0.01,28000
COMAN-W1,20260317,0.06,0.06,0.06,0.06,89900
DEMCO-W8,20260317,0.42,0.48,0.42,0.45,1041500
EA-W1,20260317,0.55,0.57,0.55,0.55,3243000
EMPIRE-W1,20260317,0.07,0.07,0.06,0.07,118700
EMPIRE-W2,20260317,0.13,0.13,0.12,0.12,26100
GLORY-W1,20260317,0.11,0.13,0.11,0.13,105400
HYDRO-W2,20260317,0.09,0.1,0.08,0.09,5098500
IMH-W1,20260317,0.03,0.03,0.01,0.02,2998900
IROYAL-W1,20260317,1.48,1.64,1.46,1.46,655600
IROYAL-W2,20260317,1.05,1.2,1.03,1.07,198400
ITEL-W5,20260317,0.05,0.06,0.05,0.05,48700
ITEL-W6,20260317,0.17,0.19,0.17,0.17,1411000
J-W3,20260317,0.04,0.04,0.02,0.04,17900
J-W4,20260317,0.03,0.04,0.03,0.04,20500
JAS-W4,20260317,0.28,0.29,0.28,0.28,8968600
K-W3,20260317,0.01,0.02,0.01,0.02,54300
KASET-W1,20260317,0.1,0.11,0.09,0.1,1980100
KGEN-W2,20260317,0.09,0.1,0.07,0.09,613800
KUN-W3,20260317,0.06,0.06,0.05,0.05,60600
MADAME-W6,20260317,0.09,0.1,0.08,0.09,556700
MGI-W1,20260317,0.52,0.55,0.5,0.52,1418600
NER-W2,20260317,0.03,0.04,0.03,0.03,1954200
NOBLE-W3,20260317,0.18,0.18,0.17,0.17,1855800
NRF-W2,20260317,0.1,0.11,0.07,0.08,7265500
ORI-W2,20260317,0.3,0.31,0.3,0.31,106400
PEER-W2,20260317,0.01,0.01,0.01,0.01,2700
PLANET-W2,20260317,0.25,0.25,0.25,0.25,100
PPPM-W6,20260317,0.05,0.05,0.04,0.04,311500
PROEN-W2,20260317,0.18,0.2,0.17,0.17,474900
PROS-W1,20260317,0.01,0.01,0.01,0.01,300
PROUD-W3,20260317,0.14,0.16,0.14,0.15,549100
PSTC-W3,20260317,0.03,0.04,0.03,0.04,2530500
PTECH-W1,20260317,0.27,0.27,0.27,0.27,1000
QDC-W3,20260317,0.08,0.09,0.08,0.09,118800
ROCTEC-W5,20260317,0.01,0.01,0.01,0.01,293800
SAMTEL-W2,20260317,0.45,0.52,0.45,0.45,55600
SGC-W2,20260317,0.24,0.25,0.24,0.24,166000
STELLA-W6,20260317,0.02,0.03,0.02,0.03,300
TAKUNI-W2,20260317,0.25,0.3,0.23,0.24,121800
TCC-W5,20260317,0.19,0.2,0.19,0.2,239300
TEAMG-W1,20260317,0.08,0.09,0.08,0.08,791100
TFG-W4,20260317,2.62,2.92,2.56,2.88,6813100
TGE-W2,20260317,0.05,0.05,0.04,0.05,400
TNITY-W2,20260317,0.19,0.2,0.19,0.2,97800
TRUBB-W3,20260317,0.28,0.28,0.26,0.27,2838800
TVDH-W5,20260317,0.02,0.02,0.01,0.01,236300
UREKA-W3,20260317,0.2,0.21,0.19,0.19,32100
VGI-W3,20260317,0.02,0.02,0.01,0.01,3081300
VIBHA-W5,20260317,0.06,0.07,0.06,0.07,10100
VIH-W1,20260317,1,1.04,0.93,0.93,20500
WIIK-W3,20260317,0.01,0.01,0.01,0.01,200
XBIO-W6,20260317,0.03,0.03,0.03,0.03,400
ZIGA-W2,20260317,0.05,0.06,0.05,0.05,1136800
!AGRO,20260317,298.75,302.93,297.49,301.53,26263440000
!CONSUMP,20260317,44.42,44.89,44.17,44.81,1923750000
!FINCIAL,20260317,154.45,155.61,153.84,154.57,52930250000
!INDUS,20260317,56.97,59.46,56.97,58.67,27712710000
!PROPCON,20260317,71.52,72.32,71.25,72.06,74213160000
!RESOURC,20260317,158.84,161.64,157.18,160.98,101166470000
!SERVICE,20260317,276.28,279.47,275.29,276.27,104869030000
!TECH,20260317,582.52,594.61,579,588.88,73318820000
$AGRI,20260317,208.36,208.5,204.98,207.49,6962920000
$AUTO,20260317,294.89,296.37,293.81,294.7,2873710000
$BANK,20260317,495.04,498.84,492.97,495.98,34411940000
$COMM,20260317,20012.8,20230.5,19884.2,19918.8,18607530000
$CONMAT,20260317,4818.05,4967.61,4809.31,4915.78,4101760000
$CONS,20260317,35.73,36.53,35.53,36.15,26894710000
$ENERG,20260317,18117.7,18436.7,17928.4,18361.1,101166470000
$ETRON,20260317,29619.9,30274.1,29401.2,29858.2,24091590000
$FASHION,20260317,490.22,509,489.81,509,919300000
$FIN,20260317,1971.28,1987.56,1952.1,1954.89,16191600000
$FOOD,20260317,8232.25,8364.26,8206.43,8322.83,19300520000
$HELTH,20260317,4262.9,4283.23,4236.98,4254.59,10596290000
$HOME,20260317,15.4,15.59,15.38,15.44,169000000
$ICT,20260317,229.87,234.53,228.65,233.57,49227230000
$IMM,20260317,18.26,18.35,18.25,18.35,590500000
$INSUR,20260317,8546.99,8665.53,8482.56,8584.16,2326710000
$MEDIA,20260317,15.57,15.82,15.5,15.65,24700830000
$PAPER,20260317,2095.78,2109.85,2081.72,2081.72,21130000
$PERSON,20260317,75.62,75.62,74.39,75,835450000
$PETRO,20260317,564.37,603.61,564.37,590.41,13325960000
$PF&REIT,20260317,131.03,131.59,130.81,131.37,1113350000
$PKG,20260317,2134.37,2231.23,2134.37,2185.55,8059880000
$PROF,20260317,135.27,138.85,135.15,136.31,5809620000
$PROP,20260317,165.16,166.35,163.98,165.63,42103340000
$STEEL,20260317,18.67,18.79,18.27,18.7,2841530000
$TOURISM,20260317,426.36,426.36,414.93,415.78,11801940000
$TRANS,20260317,201.06,205.75,200.53,203.01,33352820000
MAI,20260317,218.96,220.85,218.16,220.63,187318876
SET,20260317,1422.69,1441.97,1418.68,1433.88,10501325969
SET100,20260317,2017.78,2048.98,2010.9,2037.02,3446243200
SET50,20260317,944.99,959.5,941.81,953.66,2174820400
SETHD,20260317,1292.52,1305.29,1283.77,1300.76,982151600
ADVANC-F,20260317,379,380,379,380,11400
AOT-F,20260317,50,50,49.75,49.75,2000
BBL-F,20260317,165,165.5,165,165.5,23100
KBANK-F,20260317,187,189,187,188.5,314800
KTB-F,20260317,34.25,34.5,34.25,34.5,2700
KTC-F,20260317,30,30,29.75,29.75,9900
PTTEP-F,20260317,148.5,149,148.5,148.5,2700
PTTGC-F,20260317,31.25,31.25,31.25,31.25,200
!AGRO-M,20260317,60.13,60.52,59.67,60.15,1969320000
!CONSUMP-M,20260317,12.29,12.39,12.24,12.31,1499630000
!FINCIAL-M,20260317,31.79,31.97,31.46,31.68,843420000
!INDUS-M,20260317,39.43,39.56,39.3,39.44,1872768800
!PROPCON-M,20260317,16.28,16.43,16.22,16.33,1372810000
!RESOURC-M,20260317,17.01,17.66,16.94,17.51,2036930000
!SERVICE-M,20260317,42.61,43.38,42.22,43.27,5719520000
!TECH-M,20260317,19.52,19.7,19.51,19.66,1393600000
SET100FF,20260317,1928.08,1953.37,1920.21,1942.7,344624320000
SET50FF,20260317,905.39,917.03,901.64,911.84,217482040000
SETCLMV,20260317,632.99,649.11,631.69,644.84,175804060000
SETESG,20260317,850.26,861.76,846.63,856.83,247802380000
SETWB,20260317,572.15,579.55,569.59,573.36,54117990000
SSET,20260317,586.74,590.15,585.52,587.88,23908000000
