<TICKER>,<DTYYYYMMDD>,<OPEN>,<HIGH>,<LOW>,<CLOSE>,<VOL>
1DIV-O,20260326,12.1,12.12,12.06,12.12,73
2X01BSET50-O,20260326,6.68,6.78,6.68,6.78,14
BMSCITH-O,20260326,11.84,11.94,11.84,11.85,64
CHINA-O,20260326,6.98,6.98,6.96,6.96,35
GLD-O,20260326,5.84,5.91,5.76,5.79,1649
TDEX-O,20260326,9.3,9.37,9.3,9.35,204
1DIV,20260326,12.06,12.17,12.05,12.11,18800
1I01BSET50,20260326,4.02,4.02,4,4.02,1900
2I01BSET50,20260326,3.19,3.23,3.16,3.19,1086000
2X01BSET50,20260326,6.75,6.82,6.69,6.77,576800
BMSCG,20260326,7.64,7.65,7.64,7.65,9400
BMSCITH,20260326,11.84,11.94,11.82,11.82,206600
BSET100,20260326,10.52,10.6,10.52,10.59,451565
CHINA,20260326,6.95,6.98,6.95,6.96,190200
GLD,20260326,5.8,5.85,5.74,5.76,3407800
TDEX,20260326,9.38,9.38,9.3,9.34,324700
UBOT,20260326,12.69,12.69,12.69,12.69,500
UHERO,20260326,7.99,7.99,7.99,7.99,500
2S,20260326,2.54,2.6,2.54,2.58,119700
3BBIF,20260326,6.6,6.6,6.55,6.55,2367600
88TH,20260326,5.1,5.1,5,5,1015700
A5,20260326,1.85,1.86,1.8,1.85,25600
AAI,20260326,3.46,3.5,3.44,3.5,1566100
AAV,20260326,1.09,1.1,1.08,1.08,44378900
ABM,20260326,0.56,0.56,0.55,0.56,52800
ACC,20260326,0.38,0.39,0.38,0.38,2726500
ACE,20260326,1.28,1.29,1.28,1.29,1614300
ACG,20260326,0.65,0.65,0.62,0.62,170400
ADB,20260326,0.58,0.58,0.56,0.57,93500
ADD,20260326,3.46,3.46,3.44,3.46,14400
ADVANC,20260326,370,370,364,368,6641200
ADVICE,20260326,5.6,5.6,5.4,5.4,1091700
AE,20260326,0.08,0.09,0.07,0.08,4758800
AEONTS,20260326,90.25,90.25,87.75,88.25,608800
AF,20260326,0.35,0.37,0.35,0.35,117000
AFC,20260326,3.04,3.04,2.96,2.96,6000
AGE,20260326,1.34,1.36,1.32,1.32,6796900
AH,20260326,13,13,12.8,13,34900
AHC,20260326,13,13,13,13,400
AI,20260326,2.9,2.94,2.88,2.9,190500
AIE,20260326,1.2,1.27,1.2,1.25,8556400
AIMCG,20260326,1.3,1.31,1.29,1.3,27900
AIMIRT,20260326,10.8,10.9,10.8,10.8,118100
AIT,20260326,4.84,4.86,4.8,4.82,464500
AJ,20260326,2.58,2.62,2.5,2.56,9565700
AJA,20260326,0.16,0.18,0.15,0.17,11428400
AKP,20260326,0.68,0.68,0.65,0.65,1983800
AKR,20260326,0.91,0.93,0.9,0.93,4816600
ALLA,20260326,1.24,1.25,1.23,1.24,815600
ALLY,20260326,4.32,4.34,4.3,4.32,266700
ALPHAX,20260326,0.45,0.46,0.44,0.45,4853700
ALT,20260326,1.07,1.07,1,1,117200
ALUCON,20260326,218,218,218,218,200
AMA,20260326,3.86,3.86,3.82,3.84,294700
AMANAH,20260326,0.64,0.64,0.63,0.63,1016500
AMARC,20260326,3.44,3.44,3.24,3.24,2451000
AMATA,20260326,18.8,19.3,18.8,19,10817000
AMATAR,20260326,6.7,6.7,6.6,6.65,22500
AMATAV,20260326,2.04,2.06,2,2.06,267200
AMC,20260326,2.18,2.26,2.18,2.22,40100
AMR,20260326,0.34,0.34,0.32,0.33,220000
ANAN,20260326,0.36,0.37,0.36,0.36,1154000
ANI,20260326,2.6,2.68,2.58,2.68,17800
AOT,20260326,50,50.75,49.5,50.75,28161700
AP,20260326,8.45,8.45,8.2,8.2,8925800
APCO,20260326,2.78,2.78,2.74,2.76,8400
APCS,20260326,1.15,1.17,1.15,1.17,25200
APO,20260326,2.3,2.38,2.3,2.34,2163100
APP,20260326,2.64,2.68,2.62,2.66,258300
APURE,20260326,2.28,2.28,2.22,2.24,96800
AQUA,20260326,0.13,0.13,0.12,0.12,1108600
ARIN,20260326,0.49,0.49,0.46,0.49,721400
ARIP,20260326,0.44,0.45,0.44,0.44,37500
ARROW,20260326,5.25,5.45,5.25,5.45,20500
AS,20260326,2.68,2.74,2.66,2.7,472900
ASAP,20260326,1.15,1.17,1.12,1.17,16300
ASEFA,20260326,4,4,3.98,4,100400
ASIAN,20260326,6.95,6.95,6.85,6.9,634800
ASIMAR,20260326,1.48,1.48,1.46,1.47,5400
ASK,20260326,8.1,8.1,7.75,7.85,641500
ASN,20260326,0.67,0.67,0.67,0.67,9600
ASP,20260326,2.04,2.06,2.04,2.04,195500
ASW,20260326,7.1,7.15,7.05,7.05,180400
ATLAS,20260326,1.79,1.93,1.78,1.88,40431300
ATP30,20260326,0.83,0.85,0.83,0.83,715500
AU,20260326,4.86,4.86,4.78,4.78,290500
AUCT,20260326,4.98,5,4.9,4.94,928100
AURA,20260326,12.9,13.4,12.7,13.4,1777900
AWC,20260326,2.02,2.06,2.02,2.06,47817500
AXTRART,20260326,12.4,12.5,12.4,12.4,777200
AYUD,20260326,36.5,37,36.5,36.75,3000
B,20260326,0.04,0.04,0.03,0.04,442000
B-WORK,20260326,5.35,5.45,5.35,5.45,139900
BA,20260326,13.3,13.4,13,13,7414600
BAFS,20260326,8.4,8.4,8.3,8.3,149200
BAM,20260326,6.85,6.85,6.75,6.8,9741100
BANPU,20260326,5.95,6.05,5.9,5.95,63560200
BAREIT,20260326,10.3,10.4,10.3,10.3,221100
BAY,20260326,25.5,25.75,25.25,25.5,333400
BBGI,20260326,4.02,4.2,4.02,4.16,5235800
BBIK,20260326,19,19,18.2,18.3,1440000
BBL,20260326,167,169.5,167,169.5,7516200
BC,20260326,0.68,0.68,0.67,0.68,150200
BCH,20260326,9.35,9.4,9.3,9.4,13784300
BCP,20260326,39.5,40.25,39,39.5,8383000
BCPG,20260326,6.4,6.5,6.25,6.45,13618000
BCT,20260326,44,44,43.75,43.75,3700
BDMS,20260326,18.4,18.5,18.3,18.3,37477300
BE8,20260326,5.75,5.75,5.55,5.75,304000
BEAUTY,20260326,0.35,0.35,0.34,0.34,2133400
BEC,20260326,1.93,1.95,1.91,1.93,663700
BEM,20260326,5.15,5.15,5.05,5.1,19377200
BEYOND,20260326,8.5,8.55,8.35,8.55,66200
BGC,20260326,5,5.3,5,5.3,1747300
BGRIM,20260326,11.1,11.3,11,11.2,12714600
BGT,20260326,0.39,0.39,0.36,0.36,9700
BH,20260326,166,166,162.5,163,5571200
BIG,20260326,0.28,0.29,0.28,0.29,130900
BIOTEC,20260326,0.3,0.32,0.29,0.3,66961600
BIS,20260326,2.06,2.06,1.96,2.06,30500
BIZ,20260326,4.56,4.7,4.54,4.64,113600
BJC,20260326,13.5,13.7,13.4,13.7,5409900
BJCHI,20260326,0.61,0.64,0.59,0.61,549900
BKA,20260326,0.83,0.85,0.8,0.83,621000
BKD,20260326,1.1,1.1,1.07,1.07,345200
BKGI,20260326,1.4,1.4,1.36,1.36,232900
BKIH,20260326,316,318,315,318,33600
BLA,20260326,19.6,19.6,19.3,19.3,391900
BLAND,20260326,0.41,0.41,0.4,0.4,7243400
BLC,20260326,3.88,3.88,3.82,3.84,913900
BLESS,20260326,0.23,0.24,0.23,0.24,185100
BM,20260326,0.99,1,0.99,0.99,459800
BOFFICE,20260326,5.25,5.25,5.2,5.25,115500
BOL,20260326,5,5,4.92,4.98,29500
BPP,20260326,12.3,12.3,12,12.1,277600
BPS,20260326,0.42,0.42,0.41,0.42,284400
BR,20260326,1.59,1.59,1.57,1.59,168400
BRI,20260326,1.32,1.34,1.32,1.33,121200
BROCK,20260326,1.41,1.41,1.27,1.27,67600
BRR,20260326,3.9,3.9,3.76,3.82,468300
BRRGIF,20260326,3.7,3.72,3.68,3.72,616200
BSBM,20260326,0.56,0.59,0.56,0.57,307500
BSM,20260326,0.39,0.4,0.39,0.39,4100
BTC,20260326,0.18,0.19,0.18,0.18,2577300
BTG,20260326,20.9,21.6,20.9,21.4,7161800
BTNC,20260326,19.9,19.9,19.8,19.9,3300
BTS,20260326,2.06,2.06,2,2.02,29841500
BTSGIF,20260326,2.52,2.54,2.52,2.54,943400
BTW,20260326,0.08,0.1,0.08,0.09,28100
BUI,20260326,10.9,10.9,10.8,10.9,2200
BVG,20260326,1.6,1.62,1.6,1.6,31000
BWG,20260326,0.31,0.31,0.29,0.3,110592000
BYD,20260326,0.5,0.51,0.48,0.49,4138100
CAZ,20260326,1.44,1.44,1.43,1.43,2000
CBG,20260326,35.25,35.5,34.5,35.25,2648700
CCET,20260326,4.82,4.86,4.74,4.8,38760800
CCP,20260326,0.26,0.26,0.25,0.25,2143900
CEN,20260326,0.54,0.6,0.54,0.54,1645100
CENTEL,20260326,33,34,32.75,33.75,4781900
CEYE,20260326,1.49,1.49,1.39,1.39,40600
CFARM,20260326,0.83,0.91,0.81,0.89,44120200
CFRESH,20260326,0.86,0.97,0.85,0.93,5881100
CGD,20260326,0.12,0.12,0.11,0.11,116700
CGH,20260326,0.44,0.44,0.43,0.43,632200
CH,20260326,1.58,1.61,1.57,1.6,3600
CHAO,20260326,4.36,4.38,4.36,4.38,111100
CHASE,20260326,0.47,0.48,0.46,0.47,890100
CHAYO,20260326,1.01,1.01,1,1.01,984800
CHEWA,20260326,0.19,0.19,0.18,0.18,167600
CHG,20260326,1.41,1.41,1.39,1.4,10134400
CHIC,20260326,0.25,0.26,0.24,0.25,59800
CHOTI,20260326,63.75,63.75,63.75,63.75,200
CHOW,20260326,1.2,1.23,1.2,1.23,15400
CI,20260326,0.31,0.31,0.31,0.31,1900
CIG,20260326,0.02,0.03,0.02,0.03,5200
CIVIL,20260326,0.82,0.82,0.81,0.81,38600
CK,20260326,15.1,15.1,14.5,14.5,7608000
CKP,20260326,2.26,2.28,2.24,2.24,3321900
CM,20260326,1.65,1.68,1.64,1.65,42900
CMAN,20260326,2.64,2.64,2.58,2.62,59600
CMC,20260326,0.38,0.39,0.36,0.38,7800
CMO,20260326,0.72,0.77,0.69,0.7,2084000
CMR,20260326,1.35,1.36,1.33,1.34,145000
CNT,20260326,1,1.02,1,1.02,3000
COCOCO,20260326,5.55,5.6,5.5,5.5,566000
COLOR,20260326,1.03,1.03,1.01,1.03,16800
COM7,20260326,21.8,21.8,21.3,21.6,16286600
COMAN,20260326,0.62,0.62,0.59,0.61,15100
CPALL,20260326,43.75,44.75,43,44.25,74848500
CPANEL,20260326,1.99,1.99,1.9,1.96,78800
CPAXT,20260326,15,15.2,14.9,15.1,9141300
CPF,20260326,19.4,20.2,19.3,20,37750600
CPH,20260326,8.1,8.15,8,8,23400
CPI,20260326,3.5,3.56,3.5,3.52,729300
CPL,20260326,0.61,0.63,0.6,0.61,44500
CPN,20260326,63,63.5,62.5,63,5973600
CPNCG,20260326,6.15,6.15,6.1,6.1,105800
CPNREIT,20260326,11.3,11.4,11.1,11.4,2618100
CPR,20260326,2.78,2.78,2.62,2.66,18700
CPT,20260326,1,1.03,1,1.01,437900
CPTREIT,20260326,5.5,5.5,5.45,5.5,81500
CPW,20260326,2.12,2.12,2.08,2.12,47600
CRANE,20260326,0.39,0.39,0.39,0.39,4600
CRC,20260326,18.1,18.3,17.9,18.3,22094300
CRD,20260326,0.33,0.35,0.33,0.34,141500
CREDIT,20260326,16.9,17,16.7,16.9,269500
CSC,20260326,43.25,43.25,43,43,1300
CSP,20260326,0.42,0.43,0.41,0.42,296000
CSR,20260326,70.75,70.75,69.75,69.75,200
CSS,20260326,0.77,0.78,0.76,0.77,378300
CTARAF,20260326,4.54,4.56,4.54,4.56,65100
CTW,20260326,3.76,3.92,3.76,3.86,124200
CWT,20260326,0.82,0.83,0.81,0.82,157500
D,20260326,2.74,2.76,2.72,2.72,123100
DCC,20260326,1.21,1.21,1.2,1.21,934600
DCON,20260326,0.21,0.21,0.2,0.21,241900
DDD,20260326,5.4,5.5,5.1,5.25,150600
DELTA,20260326,285,287,278,278,16046600
DEMCO,20260326,2.24,2.24,2.16,2.16,593400
DHOUSE,20260326,0.38,0.38,0.37,0.38,5000
DIF,20260326,9.45,9.5,9.4,9.45,4684200
DIMET,20260326,0.05,0.05,0.05,0.05,2183200
DITTO,20260326,10.6,10.6,10.3,10.4,416700
DMT,20260326,11.1,11.2,11,11.1,331000
DOD,20260326,1.75,1.75,1.71,1.74,295200
DOHOME,20260326,3.16,3.18,3.08,3.1,9865100
DPAINT,20260326,0.66,0.71,0.66,0.67,163800
DREIT,20260326,4.74,4.74,4.68,4.68,55800
DRT,20260326,4.68,4.68,4.64,4.64,102200
DTCENT,20260326,0.87,0.89,0.87,0.89,188100
DUSIT,20260326,10.1,10.2,9.95,10.1,158600
DV8,20260326,4.84,5.55,4.8,5.25,1729300
EA,20260326,2.66,2.66,2.56,2.6,47244300
EASON,20260326,1.09,1.1,1.08,1.1,126100
EAST,20260326,0.63,0.63,0.6,0.62,700300
EASTW,20260326,2.8,2.84,2.72,2.72,1605700
EFORL,20260326,0.13,0.14,0.12,0.13,5019500
EGATIF,20260326,6.1,6.15,6.1,6.1,228200
EGCO,20260326,109,112,108,111.5,1455000
EKH,20260326,5,5,4.96,4.96,246500
EMC,20260326,0.02,0.03,0.02,0.03,1095000
EMPIRE,20260326,0.53,0.53,0.52,0.53,1503900
EP,20260326,1.14,1.17,1.14,1.16,78500
EPG,20260326,3.14,3.14,3.08,3.08,1369900
ERW,20260326,2.54,2.54,2.42,2.44,34997400
ESTAR,20260326,0.22,0.22,0.21,0.22,784800
ETC,20260326,0.69,0.7,0.66,0.67,23419400
ETE,20260326,0.6,0.6,0.59,0.6,32700
ETL,20260326,0.5,0.5,0.49,0.49,194800
EURO,20260326,4.2,4.2,4.2,4.2,8300
EVER,20260326,0.05,0.05,0.04,0.05,565100
FANCY,20260326,0.3,0.31,0.27,0.3,60300
FLOYD,20260326,1.12,1.12,1.11,1.11,148700
FM,20260326,3.98,4,3.9,3.94,1189400
FMT,20260326,16.4,16.7,16.3,16.3,14000
FN,20260326,0.44,0.44,0.42,0.44,73800
FNS,20260326,0.52,0.53,0.52,0.53,8300
FORTH,20260326,6.65,6.65,6.4,6.45,759900
FPI,20260326,1.69,1.7,1.65,1.68,7500
FPT,20260326,6,6,5.9,5.9,5000
FSMART,20260326,6.25,6.3,6.15,6.25,357100
FSX,20260326,1.22,1.28,1.2,1.26,232000
FTE,20260326,2.02,2.02,1.99,2,60500
FTI,20260326,1.87,1.87,1.79,1.84,2500
FTREIT,20260326,10.7,10.7,10.6,10.7,627300
FUTURERT,20260326,8.9,8.9,8.8,8.9,139800
FVC,20260326,0.35,0.36,0.33,0.34,1275300
GABLE,20260326,3.9,3.9,3.84,3.86,262500
GAHREIT,20260326,4.28,4.28,4.18,4.18,14300
GBX,20260326,0.54,0.55,0.54,0.54,150100
GC,20260326,4.48,4.48,4.46,4.48,155000
GCAP,20260326,0.26,0.27,0.25,0.25,560700
GEL,20260326,0.04,0.04,0.03,0.03,490200
GENCO,20260326,0.3,0.31,0.3,0.31,20300
GFPT,20260326,9.3,9.4,9.2,9.25,2257100
GGC,20260326,3.88,4.06,3.86,4.04,73000
GJS,20260326,0.13,0.14,0.12,0.13,2484400
GLOBAL,20260326,5.5,5.6,5.45,5.5,21476800
GLORY,20260326,0.55,0.55,0.54,0.55,11500
GPI,20260326,1.64,1.65,1.64,1.65,353600
GPSC,20260326,32.5,33,32,32,10858700
GRAMMY,20260326,3.7,3.78,3.44,3.78,1600
GREEN,20260326,0.6,0.61,0.6,0.61,4900
GROREIT,20260326,8,8,7.85,7.85,80100
GTB,20260326,0.75,0.75,0.74,0.74,27300
GTV,20260326,0.03,0.04,0.03,0.03,1453300
GULF,20260326,56.75,57.75,56.25,56.75,45052200
GUNKUL,20260326,2.34,2.46,2.3,2.4,82505600
GVREIT,20260326,6.4,6.45,6.4,6.4,139100
GYT,20260326,184.5,184.5,184,184,700
HANA,20260326,27,29.5,27,28.5,44045900
HANN,20260326,0.95,0.96,0.94,0.95,411400
HARN,20260326,2,2,2,2,1000
HENG,20260326,0.89,0.89,0.86,0.87,1551300
HFT,20260326,4.52,4.6,4.44,4.46,1341700
HL,20260326,6.2,6.25,6.1,6.1,74700
HMPRO,20260326,6.1,6.1,5.95,6.1,25332100
HPF,20260326,5.35,5.4,5.35,5.35,7000
HTC,20260326,15.4,15.5,15.3,15.5,139300
HTECH,20260326,2.8,2.8,2.74,2.8,379500
HUMAN,20260326,4.04,4.06,3.84,3.88,4748600
HYDRO,20260326,2.6,2.6,2.56,2.56,2300
HYDROGEN,20260326,8.15,8.2,8.15,8.2,30200
I2,20260326,0.64,0.64,0.61,0.61,24700
ICHI,20260326,12.1,12.2,11.9,12,8974900
ICN,20260326,1.64,1.68,1.64,1.65,149200
IDG,20260326,1.45,1.47,1.45,1.46,24100
IFS,20260326,1.96,1.96,1.87,1.9,12600
IHL,20260326,1.41,1.43,1.41,1.41,32600
IIG,20260326,1.39,1.39,1.36,1.37,166600
III,20260326,3.82,3.86,3.78,3.84,286400
ILINK,20260326,4.52,4.52,4.44,4.52,91000
ILM,20260326,13.1,13.2,12.9,13.1,246300
IMH,20260326,3.06,3.08,3.06,3.08,10300
IMPACT,20260326,10.8,10.9,10.7,10.7,389600
IND,20260326,1.14,1.14,1.13,1.14,533400
INET,20260326,3.52,3.54,3.44,3.52,557900
INETREIT,20260326,12.2,12.3,12.1,12.1,1224300
INGRS,20260326,0.37,0.37,0.35,0.37,984200
INOX,20260326,0.4,0.44,0.39,0.41,7406300
INSET,20260326,2.6,2.62,2.54,2.56,3307800
IP,20260326,4,4,3.94,3.94,183800
IRC,20260326,11.3,11.6,11.3,11.5,6400
IRCP,20260326,0.25,0.26,0.24,0.25,168200
IROYAL,20260326,5.65,5.7,5.55,5.6,213800
IRPC,20260326,1.85,1.97,1.84,1.9,599864000
ISSARA,20260326,7.4,7.4,6.8,7.15,14000
IT,20260326,3.98,4,3.96,3.96,188300
ITC,20260326,14.4,14.6,14.3,14.4,3293200
ITD,20260326,0.24,0.24,0.23,0.24,2319900
ITEL,20260326,1.15,1.15,1.13,1.14,1777200
ITNS,20260326,1.72,1.73,1.69,1.72,94100
ITTHI,20260326,1.15,1.16,1.15,1.16,84800
IVF,20260326,0.63,0.64,0.58,0.59,3204700
IVL,20260326,23.2,23.3,22.6,22.7,51224200
J,20260326,0.62,0.62,0.61,0.62,61700
JAK,20260326,0.79,0.8,0.77,0.8,447500
JAS,20260326,1.15,1.16,1.12,1.13,10259900
JCK,20260326,0.12,0.13,0.12,0.12,487100
JCT,20260326,80,80,79.75,79.75,400
JDF,20260326,1.62,1.62,1.58,1.58,419400
JMART,20260326,6.6,6.6,6.45,6.45,3419500
JMT,20260326,8.55,8.55,8.35,8.4,10277800
JPARK,20260326,2.96,2.96,2.84,2.88,274300
JR,20260326,1.73,1.74,1.72,1.74,82500
JSP,20260326,1.96,1.97,1.94,1.97,43800
JTS,20260326,53.75,55.75,52.75,54.25,1010300
JUBILE,20260326,7.25,7.25,7.2,7.25,13100
K,20260326,0.99,1.02,0.99,1.02,1200
KAMART,20260326,8.2,8.2,8.05,8.05,712100
KASET,20260326,0.8,0.88,0.78,0.78,6216300
KBANK,20260326,190,192.5,190,192,13214900
KBS,20260326,5.9,5.9,5.8,5.8,339600
KBSPIF,20260326,8.3,8.4,8.3,8.35,36100
KC,20260326,0.02,0.03,0.02,0.02,2021100
KCAR,20260326,4.68,4.7,4.68,4.68,9300
KCC,20260326,2,2,1.94,1.95,79900
KCE,20260326,22.8,23.1,22.5,22.5,37894300
KCG,20260326,9.35,9.35,9.25,9.3,236900
KCM,20260326,0.17,0.18,0.17,0.17,18400
KGEN,20260326,1.24,1.26,1.1,1.13,3712000
KGI,20260326,4.3,4.32,4.28,4.3,756200
KIAT,20260326,0.33,0.33,0.32,0.32,921500
KISS,20260326,3.24,3.24,3.2,3.22,130700
KJL,20260326,5.75,5.75,5.65,5.65,77900
KK,20260326,1.03,1.03,1.02,1.02,10800
KKP,20260326,74,76,74,76,6485600
KLINIQ,20260326,23.9,23.9,23.3,23.3,172700
KOOL,20260326,0.28,0.28,0.27,0.28,119900
KPNREIT,20260326,1.9,1.92,1.9,1.92,2100
KSL,20260326,1.67,1.71,1.64,1.67,6189400
KTB,20260326,34.75,35.5,34.5,35,54821500
KTBSTMR,20260326,5.35,5.4,5.35,5.4,37800
KTC,20260326,29,29,28.25,28.5,19533500
KTIS,20260326,2.06,2.06,1.95,1.98,436900
KTMS,20260326,1.41,1.41,1.35,1.35,891800
KUMWEL,20260326,1.06,1.06,1.04,1.04,68400
KUN,20260326,0.71,0.71,0.68,0.7,23300
KWM,20260326,0.85,0.86,0.85,0.85,36800
KYE,20260326,286,289,285,287,1100
L&E,20260326,1.17,1.2,1.17,1.2,5900
LALIN,20260326,4.58,4.58,4.54,4.54,25600
LANNA,20260326,15.4,15.5,15.2,15.4,671000
LDC,20260326,0.25,0.25,0.25,0.25,141900
LEE,20260326,2.48,2.5,2.42,2.48,592000
LEO,20260326,1.79,1.79,1.75,1.79,38200
LH,20260326,3.66,3.7,3.64,3.66,28677300
LHFG,20260326,1.01,1.02,1,1.01,2551400
LHHOTEL,20260326,12.9,12.9,12.5,12.5,790000
LHK,20260326,3.4,3.4,3.38,3.38,57400
LHRREIT,20260326,4.2,4.28,4.2,4.28,1000
LHSC,20260326,14,14,13.8,13.9,164600
LIT,20260326,0.61,0.61,0.6,0.6,99200
LOXLEY,20260326,1.32,1.34,1.31,1.31,309500
LPH,20260326,3.7,3.7,3.7,3.7,12800
LPN,20260326,1.56,1.57,1.55,1.57,260800
LST,20260326,4.66,4.72,4.62,4.62,47300
LTMH,20260326,4.72,4.72,4.6,4.6,26800
LTS,20260326,2.2,2.2,2.12,2.14,392700
LUXF,20260326,8.85,8.85,8.8,8.85,2800
M,20260326,18.7,18.7,18.5,18.5,1697500
M-CHAI,20260326,18.4,18.4,18.3,18.3,700
M-PAT,20260326,1.23,1.23,1.11,1.23,1500
MADAME,20260326,0.6,0.6,0.57,0.59,552400
MAGURO,20260326,20.2,20.2,19.4,19.5,714600
MAJOR,20260326,7.4,7.45,7.15,7.35,2623800
MALEE,20260326,4.1,4.1,4.02,4.02,539600
MASTEC,20260326,1.24,1.24,1.21,1.22,1262500
MASTER,20260326,8.6,8.6,8.4,8.45,490800
MATCH,20260326,0.9,0.9,0.9,0.9,100
MATI,20260326,3.02,3.02,2.88,3.02,14800
MBAX,20260326,1.93,1.96,1.9,1.94,127400
MBK,20260326,17.2,17.2,16.9,16.9,982400
MC,20260326,10.6,10.7,10.6,10.7,1123100
MCA,20260326,1.15,1.16,1.15,1.16,17300
MCOT,20260326,6.3,6.3,6.05,6.1,496700
MCS,20260326,9.3,9.35,9.3,9.35,327200
MDX,20260326,2.3,2.32,2.26,2.26,60200
MEB,20260326,14.1,14.1,13.6,13.6,241300
MEDEZE,20260326,6.2,6.2,6.1,6.1,156300
MEGA,20260326,33.5,34.25,33.5,33.75,829300
MENA,20260326,0.63,0.64,0.63,0.63,723800
METCO,20260326,263,263,256,261,5900
MFC,20260326,22.3,22.5,22.1,22.1,96700
MFEC,20260326,5.9,6,5.85,5.9,348500
MGC,20260326,4.4,4.44,4.3,4.3,251000
MGI,20260326,5.3,5.35,5.2,5.2,31500
MGT,20260326,1.87,1.89,1.81,1.87,74100
MICRO,20260326,0.84,0.84,0.81,0.81,59300
MIDA,20260326,0.25,0.25,0.24,0.24,17800
MII,20260326,4.78,4.8,4.78,4.8,20400
MINT,20260326,22.2,22.2,21.4,21.5,27621000
MITSIB,20260326,0.55,0.55,0.52,0.54,542800
MJD,20260326,0.33,0.34,0.33,0.34,137100
MJLF,20260326,5.05,5.05,5,5.05,32900
MK,20260326,0.49,0.51,0.49,0.5,53100
ML,20260326,0.43,0.44,0.42,0.43,100400
MMM,20260326,2.84,2.86,2.82,2.82,186100
MNIT,20260326,1.88,1.93,1.88,1.93,16000
MNRF,20260326,2.48,2.62,2.48,2.62,500
MODERN,20260326,2.04,2.06,2.04,2.04,22300
MONO,20260326,0.97,0.99,0.96,0.99,1723900
MOONG,20260326,2.22,2.26,2.22,2.24,40400
MORE,20260326,0.03,0.04,0.03,0.04,1279800
MOSHI,20260326,35,35.25,34.25,35,778300
MOTHER,20260326,1.1,1.11,1.08,1.1,213200
MPJ,20260326,3.92,3.92,3.84,3.92,291300
MRDIYT,20260326,8.35,8.35,8.25,8.25,967200
MSC,20260326,6.6,6.6,6.6,6.6,3800
MST,20260326,6.8,6.85,6.75,6.85,25400
MTC,20260326,28.25,28.25,27,27.75,28674000
MTI,20260326,15.3,15.4,15.3,15.4,35300
MTW,20260326,0.83,0.95,0.82,0.84,2169100
MUD,20260326,0.73,0.75,0.73,0.75,6100
NAM,20260326,3.68,3.78,3.66,3.78,6900
NATION,20260326,0.04,0.05,0.04,0.04,913900
NC,20260326,1.98,1.98,1.86,1.86,300
NCAP,20260326,2.54,2.56,2.5,2.54,488100
NCH,20260326,0.39,0.39,0.38,0.39,78600
NCL,20260326,0.23,0.23,0.22,0.23,505200
NCP,20260326,1.05,1.05,1.04,1.05,13600
NEO,20260326,18.7,18.8,18.3,18.8,222000
NEP,20260326,0.21,0.21,0.2,0.21,237000
NER,20260326,4.78,4.78,4.74,4.76,6443700
NETBAY,20260326,18,18,17.6,17.7,381800
NEX,20260326,1.05,1.05,1.01,1.01,18576000
NKI,20260326,12.6,12.6,12.5,12.5,5700
NKT,20260326,4.08,4.1,4.06,4.1,131600
NL,20260326,0.65,0.65,0.62,0.62,39800
NNCL,20260326,1.55,1.55,1.53,1.53,15500
NOBLE,20260326,2.04,2.04,2,2,371600
NOVA,20260326,7.45,9,7.45,8.05,23700
NRF,20260326,0.23,0.24,0.22,0.24,716400
NSL,20260326,22,22,21.8,22,153100
NTF,20260326,11.6,11.7,11.1,11.2,3669100
NTSC,20260326,6,6.05,6,6.05,12300
NTV,20260326,21.8,21.9,21.8,21.8,7000
NUT,20260326,4.22,4.22,4.1,4.1,16300
NV,20260326,0.51,0.52,0.5,0.51,198500
NVD,20260326,0.77,0.78,0.76,0.76,8500
NYT,20260326,4.08,4.1,4.04,4.08,3185700
OCC,20260326,9.8,9.8,9.8,9.8,100
OGC,20260326,9,9,9,9,700
OHTL,20260326,265,265,265,265,400
OKJ,20260326,3.5,3.52,3.46,3.48,385200
ONEE,20260326,2.56,2.62,2.56,2.62,556200
ONSENS,20260326,1.23,1.24,1.16,1.19,1086200
OR,20260326,11.8,12.4,11.5,12.3,161305000
ORI,20260326,1.77,1.8,1.75,1.77,1167900
ORN,20260326,0.77,0.78,0.77,0.78,241900
OSP,20260326,14.4,14.4,14.1,14.3,10193500
PACO,20260326,1.28,1.29,1.27,1.28,63000
PAF,20260326,0.63,0.65,0.63,0.64,6100
PANEL,20260326,1.21,1.25,1.1,1.25,342300
PAP,20260326,2.14,2.24,2.14,2.2,329900
PATO,20260326,6.45,6.5,6.45,6.5,15700
PB,20260326,47.5,48,47.25,48,300
PCC,20260326,2.68,2.7,2.66,2.68,157700
PCE,20260326,2.6,2.68,2.6,2.64,8863200
PCSGH,20260326,3.06,3.08,3.04,3.06,70800
PDG,20260326,3.02,3.02,3,3,1200
PDJ,20260326,0.94,0.95,0.94,0.94,57000
PEACE,20260326,1.7,1.76,1.68,1.75,19800
PEER,20260326,0.09,0.1,0.09,0.09,987900
PERM,20260326,0.22,0.22,0.2,0.22,307600
PHG,20260326,12.6,12.6,12.2,12.4,345700
PHOL,20260326,2.8,2.82,2.8,2.82,3100
PICO,20260326,4.04,4.1,4.04,4.1,1300
PIMO,20260326,1.01,1.02,1,1.01,270500
PIN,20260326,4.32,4.32,4.26,4.28,176600
PIS,20260326,3.66,3.78,3.66,3.76,331700
PJW,20260326,2.02,2.04,2.02,2.02,99200
PK,20260326,0.39,0.39,0.38,0.38,304400
PL,20260326,1.29,1.29,1.28,1.28,30200
PLANB,20260326,3.76,3.76,3.56,3.66,21542600
PLANET,20260326,0.35,0.35,0.33,0.33,349000
PLAT,20260326,1.07,1.07,1.05,1.05,655700
PLE,20260326,0.17,0.17,0.17,0.17,1458100
PLT,20260326,0.57,0.62,0.57,0.58,9536900
PLUS,20260326,1.3,1.31,1.29,1.29,536900
PM,20260326,11.2,11.2,11,11.1,324600
PMC,20260326,0.86,0.88,0.85,0.87,111200
PMTA,20260326,9.85,9.85,9.3,9.7,13300
POLY,20260326,6.95,6.95,6.95,6.95,1200
POPF,20260326,6.8,6.85,6.8,6.85,31300
PORT,20260326,0.51,0.52,0.5,0.5,171900
PPM,20260326,1.29,1.3,1.27,1.3,40000
PPP,20260326,0.77,0.77,0.75,0.75,194300
PPPM,20260326,0.23,0.26,0.23,0.25,1464200
PPS,20260326,0.17,0.17,0.16,0.16,21200
PQS,20260326,1.57,1.58,1.53,1.57,72700
PR9,20260326,16.5,16.5,16.2,16.2,2067600
PRAKIT,20260326,11.6,11.7,11.6,11.7,200
PRAPAT,20260326,0.74,0.74,0.71,0.71,40700
PREB,20260326,3.78,3.84,3.78,3.8,44600
PRECHA,20260326,0.47,0.47,0.47,0.47,2000
PRG,20260326,8.85,8.85,8.75,8.75,9800
PRI,20260326,3.9,3.98,3.9,3.96,12000
PRIME,20260326,0.06,0.06,0.05,0.05,486200
PRINC,20260326,1.79,1.79,1.76,1.77,28900
PRM,20260326,7.6,7.75,7.5,7.7,6450300
PROEN,20260326,0.98,0.99,0.96,0.96,1120500
PROS,20260326,0.28,0.29,0.27,0.27,507500
PROSPECT,20260326,6.95,7,6.95,6.95,58500
PROUD,20260326,1,1,0.99,1,318200
PRTR,20260326,3.2,3.2,3.18,3.18,38300
PSGC,20260326,3.54,3.54,3.46,3.48,158800
PSH,20260326,3.54,3.54,3.48,3.5,295000
PSL,20260326,6.9,7,6.85,6.85,3461300
PSP,20260326,4.34,4.4,4.26,4.34,223100
PSTC,20260326,0.28,0.29,0.27,0.28,4337700
PT,20260326,11.6,11.6,11.5,11.5,116600
PTC,20260326,0.6,0.62,0.58,0.59,70000
PTECH,20260326,1.62,1.62,1.4,1.62,2500
PTG,20260326,8.35,8.65,8.2,8.5,43496100
PTL,20260326,9.9,10.3,9.9,10,990800
PTT,20260326,34,34.75,33.75,34.5,134503000
PTTEP,20260326,154,158.5,154,158,31040700
PTTGC,20260326,33.25,33.75,32.25,32.5,47753700
PYLON,20260326,3.02,3.02,2.92,2.96,762000
Q-CON,20260326,6.6,6.65,6.55,6.6,277500
QDC,20260326,0.14,0.15,0.13,0.14,1715500
QH,20260326,1.35,1.36,1.34,1.35,5489000
QHBREIT,20260326,3.54,3.56,3.52,3.56,155000
QHHRREIT,20260326,7,7,6.9,6.95,580700
QHOP,20260326,3.06,3.1,3.06,3.1,300
QLT,20260326,1.55,1.58,1.54,1.58,30200
QTC,20260326,3.58,3.6,3.56,3.56,176100
QTCG,20260326,0.1,0.12,0.1,0.1,304100
RABBIT,20260326,0.31,0.32,0.31,0.31,4396000
RAM,20260326,18.2,18.4,18.1,18.1,55800
RATCH,20260326,29,29.75,28.75,29.5,3525600
RBF,20260326,3.68,3.7,3.62,3.62,1087700
RCL,20260326,31.25,31.5,31,31,2350600
READY,20260326,3.1,3.18,3.08,3.12,72700
RICHY,20260326,0.15,0.16,0.15,0.15,345900
RJH,20260326,12.4,12.4,12.2,12.3,147000
RML,20260326,0.12,0.13,0.12,0.12,64900
ROCK,20260326,11.3,11.3,11.3,11.3,100
ROCTEC,20260326,0.59,0.59,0.53,0.55,5789200
ROJNA,20260326,5,5.1,5,5.1,1422800
RP,20260326,0.51,0.52,0.5,0.51,16900
RPC,20260326,0.37,0.45,0.36,0.42,48149800
RPH,20260326,4.94,4.94,4.88,4.92,204700
RS,20260326,0.16,0.16,0.15,0.15,547300
RSP,20260326,0.91,0.91,0.86,0.9,281500
RT,20260326,0.26,0.26,0.25,0.26,254000
RWI,20260326,0.18,0.19,0.17,0.19,260700
S,20260326,0.49,0.5,0.48,0.49,599000
S&J,20260326,33.5,33.5,33.5,33.5,100
S11,20260326,3.86,3.88,3.84,3.84,23300
SA,20260326,7.05,7.15,7.05,7.1,71100
SAAM,20260326,4.76,4.82,4.72,4.82,49900
SABINA,20260326,15.5,15.6,15.4,15.5,173200
SAF,20260326,0.31,0.33,0.31,0.32,11300
SAFE,20260326,6,6,5.95,6,20700
SAK,20260326,3.28,3.28,3.22,3.22,1161500
SALEE,20260326,0.4,0.4,0.39,0.4,532200
SAMART,20260326,5.45,5.45,5.3,5.4,396400
SAMCO,20260326,0.72,0.72,0.72,0.72,28700
SAMTEL,20260326,3.64,3.72,3.6,3.72,6600
SANKO,20260326,0.83,0.83,0.81,0.82,88700
SAPPE,20260326,31,31,29.75,29.75,273100
SAT,20260326,14.2,14.2,14.1,14.1,180100
SAUCE,20260326,40.75,41.5,40.75,41.5,2300
SAV,20260326,10.9,11,10.9,11,327300
SAWAD,20260326,22.5,22.5,21.7,21.8,22205000
SC,20260326,1.95,1.96,1.93,1.94,4041300
SCAP,20260326,1.05,1.07,1.05,1.05,830000
SCB,20260326,145,146.5,144,146,21691300
SCC,20260326,192.5,196.5,192.5,195,4096500
SCCC,20260326,139,139.5,139,139.5,31600
SCG,20260326,2.32,2.36,2.32,2.34,22900
SCGD,20260326,5.05,5.05,5,5.05,698500
SCGP,20260326,19.3,19.6,19.1,19.6,11891700
SCI,20260326,0.98,0.98,0.96,0.97,15400
SCL,20260326,1.17,1.17,1.15,1.15,33400
SCM,20260326,0.12,0.13,0.12,0.13,2060000
SCN,20260326,0.33,0.4,0.33,0.38,3121800
SCP,20260326,7.75,7.75,7.7,7.75,84700
SDC,20260326,0.03,0.04,0.03,0.03,1099400
SE,20260326,0.47,0.5,0.46,0.49,771100
SEAFCO,20260326,2.38,2.4,2.36,2.36,132100
SEAOIL,20260326,3.56,3.56,3.4,3.44,1214500
SECURE,20260326,11.8,11.8,11.6,11.7,64100
SEI,20260326,2.08,2.1,2.04,2.06,153400
SELIC,20260326,2.64,2.64,2.64,2.64,1700
SENA,20260326,1.86,1.87,1.85,1.86,348300
SENX,20260326,0.24,0.24,0.22,0.22,93000
SFLEX,20260326,3.1,3.12,3.04,3.08,359800
SGC,20260326,0.84,0.85,0.81,0.83,5945700
SGF,20260326,0.14,0.15,0.13,0.14,48400
SGP,20260326,7.95,8.05,7.9,8,122400
SHANG,20260326,44.25,48,44.25,48,1100
SHR,20260326,1.6,1.63,1.59,1.61,2736100
SIAM,20260326,0.66,0.66,0.64,0.65,43900
SICT,20260326,2.32,2.34,2.3,2.3,176500
SIMAT,20260326,1.19,1.19,1.14,1.15,627400
SINGER,20260326,4.9,4.9,4.84,4.84,1137200
SINO,20260326,0.85,0.85,0.83,0.85,84500
SIRI,20260326,1.38,1.39,1.35,1.36,74536300
SIRIPRT,20260326,6.95,6.95,6.95,6.95,100
SIS,20260326,21.7,21.8,21.3,21.4,810600
SISB,20260326,10.3,10.3,10.1,10.1,614300
SITHAI,20260326,1,1.02,0.99,1.01,360200
SJWD,20260326,7.3,7.3,7.2,7.2,2267800
SK,20260326,0.55,0.56,0.55,0.55,4100
SKE,20260326,0.15,0.2,0.15,0.2,18226800
SKIN,20260326,1.12,1.13,1.12,1.13,13400
SKN,20260326,5.65,5.75,5.65,5.75,4400
SKR,20260326,7.05,7.1,7,7,978600
SKY,20260326,12.4,12.5,12.2,12.3,399700
SLP,20260326,0.41,0.41,0.4,0.41,50800
SMART,20260326,0.61,0.64,0.6,0.64,5984000
SMD100,20260326,1.77,1.77,1.72,1.74,73200
SMIT,20260326,3.5,3.52,3.5,3.52,24400
SMO,20260326,4.84,5.1,4.84,5.05,14051200
SMPC,20260326,9.15,9.2,9,9.1,234900
SMT,20260326,1.35,1.35,1.31,1.32,326400
SNC,20260326,5.55,5.7,5.55,5.65,25400
SNNP,20260326,7.05,7.2,7.05,7.2,176100
SNP,20260326,9,9.05,8.95,8.95,19500
SNPS,20260326,4.86,4.86,4.84,4.84,20700
SO,20260326,4.56,4.58,4.5,4.56,55300
SOLAR,20260326,0.26,0.32,0.25,0.3,29020300
SONIC,20260326,1.46,1.48,1.46,1.48,23900
SORKON,20260326,3.78,3.82,3.78,3.82,14400
SPA,20260326,3.32,3.32,3.24,3.28,458100
SPACK,20260326,1.18,1.18,1.13,1.15,155000
SPALI,20260326,16.2,16.4,16.2,16.4,4288700
SPC,20260326,55.25,55.5,55.25,55.25,5800
SPCG,20260326,8.9,8.9,8.8,8.85,668800
SPG,20260326,10.9,10.9,10.6,10.7,5900
SPI,20260326,44,44.25,43.75,43.75,1700
SPRC,20260326,7,7.25,6.8,6.85,58377200
SPREME,20260326,1.57,1.57,1.54,1.56,350000
SPRIME,20260326,3.42,3.44,3.4,3.42,33300
SPTX,20260326,0.01,0.01,0.01,0.01,26660400
SPVI,20260326,2.7,2.7,2.62,2.7,203800
SQ,20260326,0.28,0.29,0.27,0.28,336700
SR,20260326,0.31,0.33,0.31,0.32,500
SRICHA,20260326,13.9,14.1,13.8,13.9,168600
SRIPANWA,20260326,5.15,5.25,5.15,5.2,17700
SRS,20260326,1.51,1.52,1.48,1.52,26100
SSF,20260326,5.05,5.05,5,5.05,5700
SSP,20260326,3.4,3.46,3.38,3.42,301100
SSPF,20260326,3,3,3,3,500
SSSC,20260326,2.22,2.24,2.2,2.2,302600
SST,20260326,1.28,1.29,1.23,1.24,3300
SSTRT,20260326,4.28,4.28,4.28,4.28,11300
STA,20260326,17,17.3,16.8,16.8,12293000
STANLY,20260326,196.5,197,196.5,196.5,5600
STARM,20260326,0.86,0.86,0.84,0.86,1105200
STC,20260326,0.43,0.48,0.41,0.46,194800
STECH,20260326,1.02,1.02,1.01,1.01,74500
STECON,20260326,11.5,11.5,11.2,11.2,12811000
STELLA,20260326,0.18,0.19,0.18,0.19,1012400
STGT,20260326,9.7,9.8,9.6,9.6,3936300
STI,20260326,1.66,1.73,1.66,1.71,26200
STOWER,20260326,0.02,0.03,0.02,0.02,224700
STP,20260326,10.5,10.7,10.4,10.5,22300
STPI,20260326,4.2,4.22,4.14,4.14,4485400
STX,20260326,0.96,0.96,0.93,0.93,1379500
SUC,20260326,28.75,28.75,28.5,28.75,264200
SUN,20260326,2.7,2.72,2.66,2.68,399700
SUPER,20260326,0.1,0.11,0.09,0.1,31089700
SUPEREIF,20260326,5.7,5.75,5.65,5.7,99000
SUSCO,20260326,2.12,2.24,2.12,2.16,11955300
SVI,20260326,7.4,7.45,7.4,7.45,513600
SVOA,20260326,1.56,1.58,1.55,1.56,686000
SVR,20260326,0.31,0.31,0.31,0.31,100
SVT,20260326,1.25,1.25,1.24,1.24,90400
SWC,20260326,4.1,4.1,4.1,4.1,500
SYMC,20260326,3.58,3.58,3.56,3.56,4000
SYNEX,20260326,9.4,9.4,9.25,9.35,628200
SYNTEC,20260326,1.69,1.69,1.67,1.67,555700
TACC,20260326,5.3,5.4,5.3,5.3,1332200
TAE,20260326,1.21,1.31,1.18,1.27,37814900
TAKUNI,20260326,0.35,0.39,0.35,0.36,6614900
TAN,20260326,4.02,4.02,3.98,4,55100
TASCO,20260326,13.3,13.3,13,13,2704300
TATG,20260326,0.97,0.98,0.97,0.97,237900
TBN,20260326,3.96,3.96,3.96,3.96,2100
TC,20260326,5.45,5.45,5.45,5.45,67300
TCAP,20260326,56,56.75,56,56,3099100
TCC,20260326,0.36,0.39,0.36,0.38,3806300
TCJ,20260326,2.32,2.34,2.24,2.34,14100
TCMC,20260326,0.31,0.33,0.31,0.32,240600
TEAM,20260326,2.64,2.64,2.54,2.54,92400
TEAMG,20260326,2.86,2.9,2.82,2.84,1089600
TEGH,20260326,3.16,3.18,3.12,3.16,638200
TEKA,20260326,1.69,1.71,1.69,1.71,70400
TERA,20260326,0.99,0.99,0.99,0.99,107200
TFFIF,20260326,6.5,6.55,6.45,6.5,1163500
TFG,20260326,8.05,8.75,8,8.7,56377300
TFI,20260326,0.04,0.05,0.04,0.04,1241900
TFM,20260326,6.2,6.3,6.2,6.2,619300
TFMAMA,20260326,188.5,188.5,187.5,187.5,400
TGE,20260326,1.22,1.24,1.17,1.17,207300
TGH,20260326,10.4,11,10.4,10.7,1600
TGPRO,20260326,0.04,0.04,0.03,0.04,1385700
TH,20260326,0.47,0.47,0.45,0.45,562600
THAI,20260326,6.25,6.25,6.1,6.1,20508000
THANA,20260326,1.55,1.55,1.52,1.53,53900
THANI,20260326,1.6,1.6,1.58,1.6,2880800
THCOM,20260326,12.2,12.4,12,12,10733500
THE,20260326,0.79,0.79,0.73,0.78,14200
THG,20260326,8.2,8.25,8.1,8.15,450300
THIP,20260326,22.8,22.8,22.5,22.6,1800
THMUI,20260326,0.3,0.34,0.3,0.32,98500
THRE,20260326,0.39,0.4,0.39,0.39,210900
THREL,20260326,1,1.04,0.99,1.01,98800
TIDLOR,20260326,14.6,14.8,14.2,14.4,32706600
TIF1,20260326,7.45,7.45,7.25,7.3,20200
TIGER,20260326,0.24,0.26,0.24,0.25,21600
TIPCO,20260326,6.75,6.75,6.65,6.75,26600
TIPH,20260326,20.4,20.5,20.3,20.4,192800
TISCO,20260326,112.5,113.5,112.5,113,3323500
TITLE,20260326,8,8.05,7.85,7.85,241700
TK,20260326,4.12,4.12,4.1,4.1,15300
TKC,20260326,7.3,7.4,7.2,7.35,36100
TKN,20260326,3.88,3.88,3.82,3.82,495400
TKS,20260326,6.2,6.25,6.15,6.2,62600
TL,20260326,0.36,0.37,0.36,0.36,64200
TLI,20260326,10.2,10.3,10.1,10.2,7654600
TM,20260326,0.81,0.81,0.78,0.8,138100
TMAN,20260326,12.6,12.7,12.6,12.7,33000
TMC,20260326,0.68,0.7,0.68,0.69,298400
TMD,20260326,25,25.25,25,25.25,12500
TMI,20260326,0.49,0.5,0.49,0.5,36300
TMILL,20260326,2.06,2.1,2.06,2.08,26000
TMT,20260326,3.56,3.72,3.52,3.7,422600
TMW,20260326,56.75,56.75,55.5,56.25,6700
TNDT,20260326,0.16,0.16,0.15,0.15,61100
TNH,20260326,30.25,30.25,30.25,30.25,2200
TNITY,20260326,2.56,2.56,2.46,2.52,172900
TNP,20260326,2.8,2.8,2.78,2.8,66100
TNPC,20260326,0.79,0.8,0.76,0.76,95900
TNPF,20260326,1.03,1.04,1.03,1.04,48000
TNR,20260326,4.86,4.9,4.84,4.86,169600
TOA,20260326,12.8,12.9,12.4,12.5,3042500
TOG,20260326,6.85,6.85,6.75,6.8,37500
TOP,20260326,48.25,49.25,47.75,48.25,21815500
TPA,20260326,2.4,2.4,2.28,2.38,1200
TPAC,20260326,9,9,8.9,8.95,143600
TPBI,20260326,3.18,3.22,3.14,3.14,183000
TPCH,20260326,1.91,1.92,1.85,1.87,559000
TPIPL,20260326,0.7,0.71,0.7,0.7,9256500
TPIPP,20260326,1.83,1.85,1.81,1.82,2092200
TPL,20260326,0.46,0.47,0.46,0.47,102800
TPLAS,20260326,1.14,1.15,1.13,1.13,296400
TPOLY,20260326,0.16,0.17,0.16,0.17,45100
TPP,20260326,10,10.2,10,10.1,46800
TPS,20260326,3.3,3.3,3.26,3.26,2600
TQM,20260326,12.5,12.5,12.2,12.2,794900
TQR,20260326,5.2,5.2,5.2,5.2,6100
TRC,20260326,0.35,0.39,0.35,0.38,538500
TRITN,20260326,0.02,0.03,0.02,0.03,5051600
TRP,20260326,4.5,4.5,4.44,4.44,46200
TRT,20260326,4.02,4.02,3.96,4,113900
TRU,20260326,3.94,3.94,3.92,3.94,169200
TRUBB,20260326,0.89,0.9,0.87,0.87,2786200
TRUE,20260326,14,14.1,13.8,14,86251500
TSC,20260326,14.2,14.3,14.2,14.2,9300
TSE,20260326,0.56,0.64,0.56,0.61,51365800
TSI,20260326,0.06,0.06,0.06,0.06,1700
TSTH,20260326,0.74,0.81,0.73,0.77,14438900
TTA,20260326,4.76,4.78,4.72,4.72,1726000
TTB,20260326,2.26,2.32,2.24,2.3,601795200
TTI,20260326,25.5,28.75,24.8,26.5,8700
TTLPF,20260326,9.75,9.8,9.7,9.75,116200
TTT,20260326,43,44.25,42.5,42.5,11000
TTW,20260326,9.1,9.25,9.05,9.25,5943000
TU,20260326,10.9,11,10.7,10.9,9572000
TURBO,20260326,1.48,1.49,1.42,1.42,11995400
TURTLE,20260326,2.7,2.7,2.7,2.7,100
TVDH,20260326,0.06,0.06,0.05,0.05,3500
TVH,20260326,9.1,9.1,8.9,9.05,600
TVO,20260326,24.2,24.4,24.1,24.2,322900
TVT,20260326,0.2,0.2,0.2,0.2,30100
TWP,20260326,1.16,1.16,1.15,1.16,3800
TWPC,20260326,2.8,2.82,2.78,2.8,46500
TWZ,20260326,0.02,0.02,0.01,0.01,751100
TYCN,20260326,1.73,1.73,1.7,1.7,700
UAC,20260326,2.78,2.82,2.78,2.82,42400
UBA,20260326,1.06,1.08,1.06,1.08,56200
UBE,20260326,0.79,0.84,0.78,0.8,87715200
UBIS,20260326,1.06,1.1,1.06,1.08,56900
UEC,20260326,0.65,0.65,0.63,0.64,54100
UKEM,20260326,0.77,0.81,0.76,0.76,10629800
UMI,20260326,0.68,0.7,0.68,0.69,109200
UNIQ,20260326,2.5,2.5,2.46,2.48,124000
UP,20260326,26.75,26.75,26.25,26.5,78800
UPF,20260326,20.5,20.5,20.5,20.5,200
UPOIC,20260326,6.95,7.15,6.95,7.05,100600
UREKA,20260326,0.3,0.3,0.29,0.3,1520400
UTP,20260326,7.4,7.4,7.1,7.35,334900
UV,20260326,0.83,0.83,0.81,0.82,105100
UVAN,20260326,15.8,16.1,15.7,16.1,1220500
VARO,20260326,4.3,4.34,4.3,4.34,30100
VCOM,20260326,3.24,3.26,3.2,3.22,51300
VGI,20260326,0.84,0.85,0.82,0.83,81723200
VIBHA,20260326,1.4,1.4,1.37,1.38,511800
VIH,20260326,9,9,8.85,9,178900
VL,20260326,0.8,0.8,0.79,0.8,108500
VNG,20260326,1.94,1.94,1.91,1.93,24300
VPO,20260326,0.72,0.75,0.69,0.71,71706300
VRANDA,20260326,4.2,4.2,4.2,4.2,7000
VS,20260326,0.31,0.31,0.29,0.29,37400
WARRIX,20260326,1.73,1.73,1.72,1.72,184300
WASH,20260326,5.05,5.15,5,5,718400
WAVE,20260326,0.02,0.03,0.02,0.02,1311000
WFX,20260326,1.15,1.15,1.14,1.15,53200
WGE,20260326,0.76,0.76,0.74,0.74,160300
WHA,20260326,4.12,4.24,4.1,4.18,159358900
WHABT,20260326,5.6,5.65,5.6,5.6,31600
WHAIR,20260326,6.9,6.95,6.85,6.9,264600
WHART,20260326,10.1,10.2,10.1,10.1,634000
WHAUP,20260326,4.32,4.4,4.3,4.36,3495700
WICE,20260326,2.26,2.3,2.24,2.24,304800
WIIK,20260326,0.88,0.88,0.87,0.88,330100
WIN,20260326,0.27,0.28,0.27,0.28,367900
WINDOW,20260326,0.76,0.77,0.76,0.76,22800
WINMED,20260326,0.88,0.88,0.86,0.88,16500
WINNER,20260326,2.06,2.08,2.06,2.06,84300
WORK,20260326,3.54,3.54,3.48,3.5,21000
WP,20260326,3.78,3.78,3.74,3.76,125900
WPH,20260326,6.15,6.15,5.9,5.95,398400
XBIO,20260326,0.07,0.07,0.06,0.07,7040100
XO,20260326,13.6,13.7,13.5,13.5,349300
XPG,20260326,0.48,0.48,0.46,0.46,10604900
XYZ,20260326,0.4,0.41,0.4,0.41,31100
YGG,20260326,0.16,0.17,0.15,0.17,26413000
YONG,20260326,0.68,0.7,0.68,0.7,99300
YUASA,20260326,14.8,14.9,14.8,14.9,19900
ZAA,20260326,1.75,1.84,1.7,1.83,5200
ZEN,20260326,5.5,5.5,5.5,5.5,8400
ZIGA,20260326,0.84,0.87,0.82,0.85,2259400
2S-O,20260326,2.56,2.56,2.56,2.56,1
3BBIF-O,20260326,6.6,6.6,6.55,6.6,934
88TH-O,20260326,5,5.05,5,5,102
AAI-O,20260326,2.46,3.48,2.46,3.48,150
AAV-O,20260326,1.09,1.11,1.08,1.08,689
ACC-O,20260326,0.39,0.39,0.39,0.39,83
ACE-O,20260326,1.29,1.29,1.29,1.29,11
ADD-O,20260326,3.46,3.46,3.46,3.46,1
ADVANC-O,20260326,370,370,365,368,4735
ADVICE-O,20260326,5.5,5.5,5.35,5.35,206
AE-O,20260326,0.08,0.09,0.07,0.08,166
AEONTS-O,20260326,90.25,90.25,88,88,1480
AGE-O,20260326,1.34,1.35,1.3,1.35,271
AH-O,20260326,12.9,12.9,12.9,12.9,7
AHC-O,20260326,13,13.2,13,13.2,6
AI-O,20260326,2.92,2.94,2.88,2.9,126
AIE-O,20260326,1.22,1.25,1.22,1.25,231
AIMCG-O,20260326,1.28,1.4,1.28,1.4,22
AIMIRT-O,20260326,10.8,10.8,10.8,10.8,13
AIT-O,20260326,4.86,4.9,4.82,4.9,52
AJ-O,20260326,2.56,2.56,2.52,2.52,178
AJA-O,20260326,0.19,0.19,0.14,0.18,393
AKR-O,20260326,0.92,0.92,0.9,0.9,313
ALLY-O,20260326,4.34,4.34,4.34,4.34,39
ALPHAX-O,20260326,0.45,0.45,0.44,0.44,41
ALUCON-O,20260326,218,219,218,219,3
AMA-O,20260326,3.88,3.88,3.84,3.86,30
AMANAH-O,20260326,0.63,0.65,0.6,0.63,178
AMARC-O,20260326,3.3,3.3,3.24,3.24,113
AMATA-O,20260326,19.1,19.2,18.9,19,420
AMATAR-O,20260326,6.65,6.65,6.6,6.6,20
AMR-O,20260326,0.25,0.25,0.25,0.25,29
ANI-O,20260326,2.68,2.68,2.68,2.68,14
AOT-O,20260326,50.25,50.5,49.75,50.5,1896
AP-O,20260326,8.45,8.45,8.25,8.25,1511
APCO-O,20260326,2.78,2.78,2.78,2.78,1
APCS-O,20260326,1.21,1.21,1.21,1.21,1
APO-O,20260326,2.34,2.38,2.32,2.38,452
APP-O,20260326,2.68,2.68,2.64,2.64,29
APURE-O,20260326,2.22,2.22,2.22,2.22,5
AQUA-O,20260326,0.1,0.13,0.1,0.13,32
ARROW-O,20260326,5.2,5.25,5,5.25,85
AS-O,20260326,2.84,2.84,2.72,2.72,51
ASEFA-O,20260326,4,4.04,4,4.04,11
ASIA-O,20260326,6.05,6.05,6.05,6.05,1
ASIAN-O,20260326,6.95,7,6.9,6.9,110
ASK-O,20260326,8.05,9.45,7.85,9.45,106
ASP-O,20260326,2.06,2.06,2.06,2.06,53
ASW-O,20260326,9.15,9.15,7,7.1,78
ATLAS-O,20260326,1.86,1.93,1.86,1.93,209
ATP30-O,20260326,0.86,0.86,0.86,0.86,1
AUCT-O,20260326,5,5,4.94,5,114
AURA-O,20260326,12.9,13.4,12.9,13.3,275
AWC-O,20260326,2.1,2.1,2.04,2.04,822
AXTRART-O,20260326,12.3,12.5,12.3,12.4,14
AYUD-O,20260326,37,37.25,37,37.25,2
B-O,20260326,0.05,0.05,0.03,0.03,217
B-WORK-O,20260326,5.35,5.35,5,5,22
BA-O,20260326,13.4,13.5,13.1,13.1,1652
BAFS-O,20260326,8.35,8.35,8.35,8.35,42
BAM-O,20260326,6.85,6.85,6.75,6.85,598
BANPU-O,20260326,6,6.05,5.9,5.95,1359
BAREIT-O,20260326,10.2,10.2,10.2,10.2,5
BAY-O,20260326,25.5,26,25.5,25.5,207
BBGI-O,20260326,4.1,4.2,4.04,4.2,332
BBIK-O,20260326,18.8,18.8,18,18.2,505
BBL-O,20260326,167.5,169.5,167.5,169,1157
BC-O,20260326,0.69,0.69,0.68,0.68,4
BCH-O,20260326,9.4,9.4,9.3,9.35,2616
BCP-O,20260326,39.5,40.25,39.25,39.5,1933
BCPG-O,20260326,6.4,6.45,6.3,6.4,936
BCT-O,20260326,45.5,45.5,43,44,50
BDMS-O,20260326,18.5,18.5,18.3,18.3,8353
BE8-O,20260326,5.6,5.7,5.5,5.7,116
BEC-O,20260326,1.93,1.93,1.93,1.93,1
BEM-O,20260326,5.15,5.15,5.05,5.1,1444
BGC-O,20260326,5,5.2,5,5.15,318
BGRIM-O,20260326,11.1,11.4,11,11.2,598
BGT-O,20260326,0.39,0.39,0.38,0.38,3
BH-O,20260326,165,166,163,163,3996
BIOTEC-O,20260326,0.31,0.35,0.31,0.35,101
BIZ-O,20260326,4.58,4.58,4.58,4.58,86
BJC-O,20260326,13.5,13.8,13.3,13.7,466
BJCHI-O,20260326,0.63,0.63,0.63,0.63,1
BKA-O,20260326,0.85,0.85,0.85,0.85,1
BKIH-O,20260326,316,317,315,315,121
BLA-O,20260326,19.4,19.4,19.4,19.4,1
BLAND-O,20260326,0.41,0.44,0.41,0.44,3
BLESS-O,20260326,0.24,0.24,0.24,0.24,1
BOFFICE-O,20260326,5.25,5.25,5,5,109
BOL-O,20260326,5.25,5.25,5.25,5.25,1
BPP-O,20260326,12.1,12.6,12.1,12.6,52
BPS-O,20260326,0.44,0.44,0.44,0.44,1
BR-O,20260326,1.7,1.7,1.7,1.7,1
BRI-O,20260326,1.34,1.34,1.33,1.33,10
BROCK-O,20260326,1.74,1.74,1.74,1.74,1
BRR-O,20260326,3.9,3.9,3.82,3.9,33
BRRGIF-O,20260326,3.7,3.7,3.7,3.7,10
BSBM-O,20260326,0.57,0.57,0.57,0.57,2
BSM-O,20260326,0.39,0.39,0.39,0.39,1
BTC-O,20260326,0.19,0.21,0.19,0.19,83
BTG-O,20260326,21,21.5,21,21.5,488
BTS-O,20260326,2.06,2.06,2.02,2.02,1416
BWG-O,20260326,0.31,0.39,0.3,0.39,57
BYD-O,20260326,0.5,0.5,0.5,0.5,57
CBG-O,20260326,35,36.25,35,35.5,699
CCET-O,20260326,4.82,4.84,4.78,4.84,474
CCP-O,20260326,0.21,0.3,0.21,0.3,34
CEN-O,20260326,0.38,0.38,0.38,0.38,12
CENTEL-O,20260326,33,33.75,33,33.75,182
CFARM-O,20260326,0.84,0.91,0.84,0.89,101
CFRESH-O,20260326,0.8,0.95,0.8,0.95,75
CGD-O,20260326,0.12,0.12,0.12,0.12,12
CGH-O,20260326,0.44,0.44,0.44,0.44,1
CH-O,20260326,1.6,1.6,1.6,1.6,1
CHAO-O,20260326,4.38,4.38,4.38,4.38,32
CHAYO-O,20260326,1,1.01,0.98,1.01,329
CHEWA-O,20260326,0.19,0.19,0.19,0.19,1
CHG-O,20260326,1.43,1.43,1.39,1.41,1074
CHOTI-O,20260326,63.75,63.75,63.75,63.75,1
CHOW-O,20260326,1.23,1.23,1.23,1.23,8
CI-O,20260326,0.3,0.3,0.3,0.3,3
CIVIL-O,20260326,0.87,0.87,0.82,0.82,30
CK-O,20260326,15.2,15.2,14.6,14.6,318
CKP-O,20260326,2.26,2.28,2.26,2.28,125
CMC-O,20260326,0.38,0.38,0.35,0.35,11
CMR-O,20260326,1.35,1.35,1.34,1.34,70
COCOCO-O,20260326,5.55,6.55,5.5,5.5,223
COM7-O,20260326,21.6,21.9,21.4,21.9,980
CPALL-O,20260326,45,45,43.25,44.5,14547
CPAXT-O,20260326,15.1,15.1,15,15.1,2343
CPF-O,20260326,19.8,20.2,19.5,20.1,2149
CPI-O,20260326,3.56,3.56,3.54,3.54,125
CPN-O,20260326,63.5,64,62.75,63.25,619
CPNCG-O,20260326,6.1,6.1,6.1,6.1,2
CPNREIT-O,20260326,11.3,11.4,11.2,11.4,864
CPR-O,20260326,2.78,2.78,2.78,2.78,19
CPTREIT-O,20260326,5.15,5.15,5.15,5.15,1
CRC-O,20260326,18.1,18.4,18,18.4,1170
CRD-O,20260326,0.25,0.25,0.25,0.25,42
CREDIT-O,20260326,17.1,17.1,16.6,16.9,91
CSC-O,20260326,43.25,43.25,43.25,43.25,30
CSR-O,20260326,70.75,70.75,70.75,70.75,1
CSS-O,20260326,0.78,0.78,0.78,0.78,1
CTW-O,20260326,2.6,3.9,2.6,3.9,2
CWT-O,20260326,0.82,0.82,0.82,0.82,1
DCC-O,20260326,1.21,1.22,1.2,1.21,173
DDD-O,20260326,5.8,5.8,5.15,5.3,20
DELTA-O,20260326,290,290,278,279,26177
DEMCO-O,20260326,2.2,2.2,2.2,2.2,2
DIF-O,20260326,9.5,9.55,9.45,9.45,1168
DITTO-O,20260326,10.4,10.4,10.3,10.3,40
DMT-O,20260326,11.1,11.2,11.1,11.1,212
DOD-O,20260326,1.74,1.74,1.74,1.74,10
DOHOME-O,20260326,3.08,3.12,3.08,3.1,424
DREIT-O,20260326,4,4,4,4,3
DRT-O,20260326,4.62,4.72,4.26,4.66,229
DTCENT-O,20260326,0.88,0.88,0.88,0.88,1
DUSIT-O,20260326,10.1,10.1,10.1,10.1,45
DV8-O,20260326,4.88,5.5,4.88,5.45,127
EA-O,20260326,2.62,2.64,2.58,2.58,729
EASTW-O,20260326,2.82,2.82,2.78,2.78,203
EFORL-O,20260326,0.13,0.14,0.13,0.13,79
EGCO-O,20260326,108,112,108,111.5,899
EKH-O,20260326,5,5.05,4.98,5,136
EP-O,20260326,1.17,1.17,1.17,1.17,2
EPG-O,20260326,3.12,3.12,3.08,3.08,72
ERW-O,20260326,2.54,2.56,2.44,2.44,440
FM-O,20260326,3.96,3.96,3.96,3.96,1
FMT-O,20260326,16.8,16.8,16.3,16.3,100
FNS-O,20260326,0.54,0.54,0.38,0.53,17
FORTH-O,20260326,6.45,6.45,6.45,6.45,11
FSMART-O,20260326,6.15,6.2,6,6.2,95
FSX-O,20260326,1.25,1.25,1.25,1.25,1
FTE-O,20260326,2.06,2.06,1.99,1.99,2
FTI-O,20260326,1.79,1.79,1.79,1.79,27
FTREIT-O,20260326,10.7,11,10.6,10.6,177
FUTURERT-O,20260326,8.95,8.95,8.85,8.9,129
FVC-O,20260326,0.24,0.35,0.24,0.35,2
GBX-O,20260326,0.5,0.5,0.5,0.5,1
GC-O,20260326,4.46,4.5,4.46,4.48,73
GFPT-O,20260326,9.25,9.6,9.25,9.35,74
GGC-O,20260326,5.05,5.05,3.98,3.98,68
GLOBAL-O,20260326,5.6,5.9,5.5,5.5,504
GLORY-O,20260326,0.39,0.53,0.39,0.53,4
GPSC-O,20260326,32.75,33.25,32.25,32.25,1187
GRAMMY-O,20260326,2.66,2.66,2.66,2.66,19
GREEN-O,20260326,0.6,0.6,0.6,0.6,27
GROREIT-O,20260326,6.5,8.3,6.5,8.3,2
GTB-O,20260326,0.74,0.75,0.74,0.75,88
GTV-O,20260326,0.03,0.04,0.03,0.04,73
GULF-O,20260326,57.5,58,56.5,57,6254
GUNKUL-O,20260326,2.38,2.44,2.34,2.4,394
GVREIT-O,20260326,6.4,6.45,6.4,6.45,58
HANA-O,20260326,27.75,29.25,27.75,28.25,2805
HANN-O,20260326,0.96,0.96,0.95,0.95,68
HARN-O,20260326,2.02,2.1,2,2.1,25
HFT-O,20260326,4.4,4.4,4.4,4.4,1
HMPRO-O,20260326,6,6.15,6,6.15,1252
HPF-O,20260326,5,5,5,5,3
HTC-O,20260326,15.4,15.6,15.4,15.5,372
HUMAN-O,20260326,4.04,4.04,3.88,3.9,370
I2-O,20260326,0.63,0.63,0.63,0.63,5
ICHI-O,20260326,12.2,12.3,11.9,12.1,4780
ICN-O,20260326,1.17,1.17,1.17,1.17,1
IFS-O,20260326,1.98,1.98,1.97,1.97,2
IHL-O,20260326,1.44,1.44,1.43,1.43,10
III-O,20260326,3.8,3.82,3.8,3.82,20
ILINK-O,20260326,4.46,4.52,4.46,4.52,60
IMPACT-O,20260326,10.8,10.9,10.7,10.8,65
IND-O,20260326,1.14,1.14,1.14,1.14,5
INET-O,20260326,3.5,3.6,3.5,3.6,107
INETREIT-O,20260326,8.5,12.3,8.5,12.2,1330
INGRS-O,20260326,0.26,0.26,0.26,0.26,1
INSET-O,20260326,2.58,2.58,2.56,2.56,20
IP-O,20260326,3.98,3.98,3.98,3.98,51
IRC-O,20260326,11.6,11.6,11.5,11.5,35
IRCP-O,20260326,0.26,0.26,0.26,0.26,10
IROYAL-O,20260326,5.65,5.65,5.65,5.65,8
IRPC-O,20260326,1.81,1.97,1.81,1.9,4141
ISSARA-O,20260326,7.25,7.25,7.25,7.25,3
IT-O,20260326,5.15,5.15,5.15,5.15,1
ITC-O,20260326,14.5,14.7,14.4,14.5,348
ITD-O,20260326,0.23,0.23,0.22,0.23,334
ITEL-O,20260326,1.14,1.14,1.14,1.14,38
ITTHI-O,20260326,1.18,1.18,1.15,1.15,76
IVF-O,20260326,0.62,0.62,0.62,0.62,5
IVL-O,20260326,22.9,23.2,22.7,22.8,1891
J-O,20260326,0.6,0.6,0.6,0.6,52
JAS-O,20260326,1.15,1.16,1.14,1.15,281
JCK-O,20260326,0.13,0.13,0.13,0.13,7
JDF-O,20260326,1.7,1.7,1.59,1.6,29
JMART-O,20260326,4.66,6.7,4.66,6.5,458
JMT-O,20260326,8.45,9.65,8.4,8.45,708
JSP-O,20260326,1.96,1.96,1.96,1.96,58
JTS-O,20260326,53.75,55.5,53.5,54.25,289
JUBILE-O,20260326,7.25,7.25,7.2,7.2,31
KAMART-O,20260326,6,8.25,6,8.1,123
KASET-O,20260326,0.85,0.88,0.85,0.86,42
KBANK-O,20260326,191,193,190.5,191.5,3325
KBS-O,20260326,5.9,6,5.85,6,95
KBSPIF-O,20260326,8.35,8.35,8.35,8.35,73
KCC-O,20260326,1.96,1.96,1.96,1.96,1
KCE-O,20260326,30,30,22.5,23,1909
KGI-O,20260326,4.3,4.34,4.3,4.3,253
KIAT-O,20260326,0.33,0.33,0.33,0.33,5
KISS-O,20260326,3.24,3.24,3.2,3.24,141
KKP-O,20260326,74.5,76,74,75.75,2639
KLINIQ-O,20260326,23.6,23.8,23.4,23.4,233
KSL-O,20260326,1.67,1.69,1.65,1.69,241
KTB-O,20260326,34.75,35.5,34.75,35.25,4940
KTBSTMR-O,20260326,5.45,5.45,5.45,5.45,3
KTC-O,20260326,29,29,28.5,29,1997
KUN-O,20260326,0.7,0.7,0.69,0.7,14
KWC-O,20260326,301,301,301,301,30
KYE-O,20260326,289,289,286,286,18
L&E-O,20260326,1.2,1.2,1.2,1.2,22
LALIN-O,20260326,4.58,4.58,4.58,4.58,12
LANNA-O,20260326,15.5,15.5,15.3,15.4,83
LDC-O,20260326,0.18,0.25,0.18,0.25,67
LEE-O,20260326,2.48,2.5,2.46,2.46,219
LEO-O,20260326,1.79,1.79,1.77,1.77,50
LH-O,20260326,3.7,3.72,3.64,3.68,2605
LHFG-O,20260326,1.03,1.04,1.02,1.02,132
LHHOTEL-O,20260326,12.7,12.7,12.5,12.6,191
LHK-O,20260326,3.4,3.4,3.4,3.4,100
LHSC-O,20260326,14.1,14.1,13.9,13.9,64
LPH-O,20260326,3.7,3.7,3.7,3.7,8
LPN-O,20260326,1.56,1.56,1.55,1.55,11
LST-O,20260326,4.66,4.66,4.66,4.66,76
LTMH-O,20260326,4.76,4.76,4.76,4.76,39
M-O,20260326,18.6,18.7,18.5,18.5,382
M-PAT-O,20260326,1.23,1.23,1.23,1.23,3
M-STOR-O,20260326,7,7,7,7,3
MADAME-O,20260326,0.61,0.61,0.61,0.61,25
MAGURO-O,20260326,20,20,19.5,19.6,110
MAJOR-O,20260326,7.4,7.45,7.25,7.45,76
MALEE-O,20260326,4.14,4.14,4.08,4.08,34
MASTEC-O,20260326,1.25,1.25,1.25,1.25,1
MASTER-O,20260326,8.55,8.6,8.5,8.5,240
MBK-O,20260326,17.1,17.1,16.9,16.9,100
MC-O,20260326,10.7,10.9,10.6,10.7,515
MCOT-O,20260326,6.1,6.1,6.1,6.1,1
MCS-O,20260326,9.4,9.4,9.35,9.35,18
MEB-O,20260326,14.1,14.1,13.5,13.5,118
MEDEZE-O,20260326,6.15,6.15,6.15,6.15,19
MEGA-O,20260326,34,34.25,33.75,34.25,211
METCO-O,20260326,263,265,262,264,82
MFC-O,20260326,22.5,22.5,22.4,22.4,183
MFEC-O,20260326,5.9,6,5.9,6,58
MGC-O,20260326,4.4,4.4,4.4,4.4,40
MGI-O,20260326,5.3,5.3,5.25,5.25,43
MGT-O,20260326,1.87,1.87,1.87,1.87,1
MICRO-O,20260326,0.85,0.85,0.85,0.85,1
MINT-O,20260326,22,22,21.4,21.5,1872
MIPF-O,20260326,9,9,9,9,1
MITSIB-O,20260326,0.54,0.54,0.54,0.54,1
MJLF-O,20260326,5.05,5.05,5.05,5.05,10
MMM-O,20260326,2.82,2.86,2.06,2.84,45
MNIT-O,20260326,1.7,1.7,1.7,1.7,7
MNIT2-O,20260326,5.9,5.9,4.66,4.66,13
MNRF-O,20260326,2.06,2.06,2,2,12
MONO-O,20260326,0.98,0.98,0.97,0.97,100
MORE-O,20260326,0.03,0.03,0.03,0.03,17
MOSHI-O,20260326,34.75,35,34.5,35,130
MOTHER-O,20260326,1.1,1.1,1.1,1.1,1
MPJ-O,20260326,3.9,3.9,3.9,3.9,5
MRDIYT-O,20260326,8.4,8.45,8.3,8.3,254
MSC-O,20260326,6.6,6.6,6.6,6.6,2
MST-O,20260326,6.85,6.85,6.85,6.85,1
MTC-O,20260326,28,29.25,27.25,27.75,2129
MTI-O,20260326,15.3,15.4,15.3,15.4,13
NAM-O,20260326,3.7,3.7,3.7,3.7,1
NATION-O,20260326,0.03,0.03,0.03,0.03,57
NCAP-O,20260326,1.82,1.82,1.82,1.82,19
NEO-O,20260326,18.7,18.7,18.7,18.7,1
NEP-O,20260326,0.21,0.21,0.16,0.16,144
NER-O,20260326,4.8,4.8,4.74,4.76,410
NETBAY-O,20260326,18,18,17.8,17.8,125
NEX-O,20260326,1.04,1.06,1.02,1.02,179
NKI-O,20260326,13,13,13,13,2
NNCL-O,20260326,1.54,1.54,1.54,1.54,30
NOBLE-O,20260326,2.04,2.04,2.02,2.02,21
NOVA-O,20260326,8.2,8.2,8.2,8.2,3
NRF-O,20260326,0.22,0.22,0.22,0.22,28
NSL-O,20260326,22.2,22.2,21.9,22,41
NTF-O,20260326,12,12,11.2,11.4,308
NTSC-O,20260326,6,6,6,6,7
NV-O,20260326,0.51,0.51,0.51,0.51,7
NYT-O,20260326,4.06,4.1,4.06,4.06,222
OGC-O,20260326,9.75,9.75,9,9,53
OKJ-O,20260326,3.5,3.52,3.48,3.48,77
ONEE-O,20260326,2.58,2.6,2.58,2.6,181
ONSENS-O,20260326,1.02,1.19,1.02,1.19,23
OR-O,20260326,11.8,12.4,11.6,12.4,9599
ORI-O,20260326,1.78,1.8,1.78,1.78,93
OSP-O,20260326,14.2,14.5,14.2,14.3,809
PAP-O,20260326,2.22,2.26,2.22,2.26,2
PATO-O,20260326,6.5,6.5,6.5,6.5,30
PB-O,20260326,48,48,48,48,1
PCC-O,20260326,2.68,2.68,2.68,2.68,20
PCE-O,20260326,2.66,2.68,2.66,2.66,38
PCSGH-O,20260326,3.08,3.08,3.06,3.06,100
PDJ-O,20260326,0.66,0.96,0.66,0.94,110
PEER-O,20260326,0.09,0.09,0.08,0.08,18
PHOL-O,20260326,2.82,2.82,2.82,2.82,50
PIMO-O,20260326,1.01,1.01,1.01,1.01,1
PIN-O,20260326,4.3,4.3,4.3,4.3,5
PJW-O,20260326,2.04,2.04,2.02,2.02,43
PL-O,20260326,1.32,1.32,1.32,1.32,1
PLANB-O,20260326,3.72,3.72,3.62,3.66,589
PLANET-O,20260326,0.35,0.35,0.33,0.35,18
PLAT-O,20260326,1.07,1.07,1.07,1.07,1
PM-O,20260326,11.2,11.2,11.1,11.1,102
PMTA-O,20260326,9.9,10.9,9.9,10.9,41
POLY-O,20260326,6.95,6.95,6.95,6.95,1
POPF-O,20260326,6.65,6.65,6.65,6.65,10
PORT-O,20260326,0.6,0.6,0.6,0.6,2
PPM-O,20260326,1.28,1.28,1.28,1.28,1
PPPM-O,20260326,0.23,0.24,0.22,0.24,92
PQS-O,20260326,1.57,1.58,1.55,1.55,38
PR9-O,20260326,16.6,16.6,16.2,16.3,724
PRAKIT-O,20260326,11.7,11.7,11.7,11.7,1
PRAPAT-O,20260326,0.72,0.72,0.72,0.72,5
PRECHA-O,20260326,0.45,0.45,0.45,0.45,40
PRG-O,20260326,8.85,8.9,8.85,8.85,149
PRM-O,20260326,7.55,7.75,7.55,7.75,61
PROEN-O,20260326,0.98,0.98,0.98,0.98,2
PROSPECT-O,20260326,4.9,7,4.9,6.95,124
PROUD-O,20260326,0.99,0.99,0.98,0.98,83
PRTR-O,20260326,3.18,3.18,3.18,3.18,10
PSGC-O,20260326,3.48,3.5,3.48,3.5,101
PSH-O,20260326,3.54,3.58,2.5,3.5,100
PSL-O,20260326,6.95,7.05,6.9,6.9,210
PSTC-O,20260326,0.28,0.3,0.28,0.3,43
PT-O,20260326,11.6,11.7,11.1,11.6,260
PTG-O,20260326,8.4,8.7,8.25,8.55,2939
PTL-O,20260326,9.95,10,9.95,10,96
PTT-O,20260326,34.25,34.75,34,34.5,9379
PTTEP-O,20260326,151,159,151,157,10605
PTTGC-O,20260326,32.75,33.5,32.25,32.5,3790
PYLON-O,20260326,3.02,3.02,2.92,2.92,219
Q-CON-O,20260326,6.8,6.8,6.6,6.65,63
QDC-O,20260326,0.13,0.13,0.12,0.12,3
QH-O,20260326,1.4,1.4,1.34,1.35,766
QHHRREIT-O,20260326,6.95,6.95,6.95,6.95,30
QTCG-O,20260326,0.07,0.11,0.07,0.11,78
RAM-O,20260326,18.4,18.4,18.2,18.2,14
RATCH-O,20260326,29,29.75,29,29.5,989
RBF-O,20260326,3.72,3.72,3.7,3.7,7
RCL-O,20260326,31.25,31.5,31,31.25,723
RJH-O,20260326,12.4,12.4,12.2,12.2,215
ROCTEC-O,20260326,0.6,0.6,0.6,0.6,1
ROJNA-O,20260326,5.15,5.25,5,5.15,187
RP-O,20260326,0.37,0.37,0.37,0.37,29
RPC-O,20260326,0.43,0.46,0.42,0.45,497
RPH-O,20260326,4.92,4.92,4.9,4.9,276
RS-O,20260326,0.16,0.16,0.16,0.16,20
RSP-O,20260326,0.89,0.89,0.89,0.89,4
RT-O,20260326,0.24,0.24,0.24,0.24,50
RWI-O,20260326,0.18,0.18,0.18,0.18,5
S-O,20260326,0.49,0.5,0.49,0.5,130
S11-O,20260326,3.88,3.88,3.88,3.88,1
SAAM-O,20260326,4.76,4.76,4.76,4.76,1
SABINA-O,20260326,15.5,15.7,15.5,15.6,56
SAFE-O,20260326,6,6,6,6,50
SAK-O,20260326,3.26,3.26,3.24,3.24,91
SAPPE-O,20260326,30.25,30.25,29.75,29.75,123
SAT-O,20260326,14.2,14.3,14.1,14.2,217
SAUCE-O,20260326,41.75,41.75,40.75,41.5,53
SAV-O,20260326,10.9,11,10.9,11,2
SAWAD-O,20260326,22.3,22.5,21.9,21.9,1936
SC-O,20260326,1.95,1.96,1.95,1.95,74
SCAP-O,20260326,1.06,1.06,1.06,1.06,64
SCB-O,20260326,145,146.5,144.5,146,9389
SCC-O,20260326,195,196.5,193.5,195,1498
SCCC-O,20260326,140,140,139.5,139.5,127
SCG-O,20260326,2.32,2.36,2.32,2.34,69
SCGD-O,20260326,5,5.1,5,5.1,62
SCGP-O,20260326,19.4,19.7,19.2,19.4,518
SCI-O,20260326,0.98,0.98,0.98,0.98,1
SCM-O,20260326,0.12,0.12,0.12,0.12,1
SCP-O,20260326,7.9,7.9,7.75,7.75,151
SE-O,20260326,0.48,0.49,0.48,0.49,192
SEAFCO-O,20260326,2.38,2.38,2.36,2.36,49
SEAOIL-O,20260326,3.48,3.52,3.42,3.5,121
SECURE-O,20260326,11.8,11.8,11.8,11.8,45
SEI-O,20260326,2.06,2.06,2.06,2.06,1
SELIC-O,20260326,2.6,2.68,2.6,2.68,44
SENA-O,20260326,1.87,1.87,1.8,1.86,149
SFLEX-O,20260326,3,3,3,3,1
SFT-O,20260326,1.72,1.72,1.72,1.72,3
SGC-O,20260326,0.83,0.83,0.82,0.82,48
SGF-O,20260326,0.15,0.15,0.15,0.15,75
SGP-O,20260326,8.15,8.15,8.15,8.15,1
SHANG-O,20260326,46,46,46,46,6
SHR-O,20260326,1.6,1.62,1.59,1.59,62
SIMAT-O,20260326,1.18,1.18,1.18,1.18,28
SINGER-O,20260326,4.9,4.9,4.86,4.86,187
SINO-O,20260326,1,1,1,1,1
SIRI-O,20260326,1.38,1.39,1.36,1.37,2632
SIS-O,20260326,21.5,21.5,21.2,21.2,93
SISB-O,20260326,10.2,10.4,10.2,10.2,92
SITHAI-O,20260326,1.03,1.03,0.78,0.78,53
SJWD-O,20260326,7.45,7.45,7.25,7.45,12
SKE-O,20260326,0.19,0.19,0.19,0.19,2
SKIN-O,20260326,1.12,1.13,1.12,1.13,17
SKR-O,20260326,7.1,7.1,7.1,7.1,1
SKY-O,20260326,12.5,12.5,12.5,12.5,15
SMD100-O,20260326,1.75,1.75,1.74,1.74,13
SMIT-O,20260326,3.5,3.66,3.5,3.66,6
SMO-O,20260326,4.92,5.05,4.92,4.98,221
SMT-O,20260326,1.35,1.35,1.35,1.35,1
SNC-O,20260326,5.55,5.65,5.55,5.65,74
SNNP-O,20260326,7.1,7.3,7.1,7.3,40
SNP-O,20260326,9.1,9.5,9,9,30
SNPS-O,20260326,4.92,4.92,4.86,4.86,100
SO-O,20260326,4.52,4.52,4.48,4.48,100
SOLAR-O,20260326,0.27,0.27,0.27,0.27,43
SONIC-O,20260326,1.46,1.46,1.46,1.46,1
SORKON-O,20260326,3.82,3.82,3.82,3.82,3
SPA-O,20260326,2.34,3.3,2.34,3.26,24
SPALI-O,20260326,16.3,16.4,16.2,16.4,826
SPCG-O,20260326,8.85,9.1,8.85,8.9,315
SPI-O,20260326,44.25,44.5,44.25,44.5,11
SPRC-O,20260326,7.05,7.25,6.85,6.9,2622
SPTX-O,20260326,0.01,0.01,0.01,0.01,84
SPVI-O,20260326,2.74,2.74,2.68,2.68,4
SRICHA-O,20260326,14,14,14,14,9
SRIPANWA-O,20260326,5.2,5.35,5.2,5.35,9
SSF-O,20260326,5.1,5.1,5.1,5.1,2
SSP-O,20260326,3.42,3.42,3.42,3.42,26
SSPF-O,20260326,2.24,2.24,2.24,2.24,10
SSSC-O,20260326,2.24,2.24,2.24,2.24,91
SST-O,20260326,1.24,1.24,1.24,1.24,11
SSTRT-O,20260326,4.24,4.24,4.24,4.24,5
STA-O,20260326,16.8,17.2,16.8,16.9,741
STANLY-O,20260326,197,197,196.5,197,54
STARM-O,20260326,0.9,0.9,0.9,0.9,1
STC-O,20260326,0.42,0.42,0.42,0.42,7
STECH-O,20260326,1.01,1.01,1.01,1.01,51
STECON-O,20260326,11.3,11.5,11.2,11.4,1064
STGT-O,20260326,9.65,9.75,9.65,9.7,231
STI-O,20260326,1.66,1.68,1.66,1.68,11
STOWER-O,20260326,0.03,0.03,0.03,0.03,22
STP-O,20260326,10.5,10.5,10.5,10.5,6
STPI-O,20260326,4.16,4.2,4.16,4.2,12
STX-O,20260326,0.97,0.97,0.96,0.96,41
SUC-O,20260326,28.75,28.75,28.5,28.75,371
SUN-O,20260326,2.7,2.74,2.7,2.7,244
SUPER-O,20260326,0.1,0.11,0.1,0.11,82
SUSCO-O,20260326,2.2,2.22,2.16,2.18,784
SVI-O,20260326,7.4,7.4,7.35,7.35,237
SVOA-O,20260326,1.56,1.56,1.56,1.56,1
SWC-O,20260326,4.28,4.28,4.28,4.28,1
SYMC-O,20260326,2.52,4.1,2.52,3.58,23
SYNEX-O,20260326,9.3,9.45,9.3,9.45,149
TACC-O,20260326,5.5,5.5,5.35,5.45,392
TAE-O,20260326,1.2,1.27,1.2,1.24,404
TAKUNI-O,20260326,0.36,0.37,0.35,0.35,118
TAN-O,20260326,3.98,3.98,3.98,3.98,25
TASCO-O,20260326,13.2,13.3,13.1,13.2,385
TBN-O,20260326,3.96,3.96,3.96,3.96,1
TCAP-O,20260326,56,58,56,56.25,1078
TCC-O,20260326,0.38,0.38,0.37,0.38,79
TCJ-O,20260326,2.34,2.34,2.34,2.34,1
TEAM-O,20260326,2.6,2.6,2.6,2.6,1
TEAMG-O,20260326,2.88,2.88,2.84,2.86,4
TEGH-O,20260326,3.18,3.18,3.18,3.18,1
TFFIF-O,20260326,6.5,6.6,6.5,6.5,80
TFG-O,20260326,8,8.75,8,8.55,4414
TFM-O,20260326,6.3,6.3,6.15,6.3,157
TFMAMA-O,20260326,188.5,188.5,187,188.5,61
TGE-O,20260326,1.22,1.23,1.21,1.23,101
TGH-O,20260326,11,11,11,11,1
TGPRO-O,20260326,0.03,0.04,0.03,0.04,40
THAI-O,20260326,6.25,6.25,6.15,6.15,1523
THANA-O,20260326,1.55,1.55,1.55,1.55,90
THANI-O,20260326,1.62,1.62,1.6,1.6,215
THCOM-O,20260326,11.9,12.3,11.9,12.1,824
THG-O,20260326,8.25,8.95,8.15,8.25,100
THREL-O,20260326,1,1.04,0.99,1.04,406
TIDLOR-O,20260326,14.7,14.7,14.3,14.3,1946
TIPCO-O,20260326,6.75,6.75,6.7,6.7,48
TIPH-O,20260326,20.4,20.5,20.4,20.4,49
TISCO-O,20260326,112.5,113.5,112,113.5,5126
TITLE-O,20260326,8.05,8.05,5.6,5.6,19
TKC-O,20260326,5.15,5.15,5.15,5.15,38
TKN-O,20260326,3.84,4.02,3.82,3.82,251
TKS-O,20260326,6.25,6.25,6.2,6.2,2
TLI-O,20260326,10.4,10.4,10.1,10.3,451
TMAN-O,20260326,12.6,12.7,12.6,12.7,8
TMD-O,20260326,25.5,25.5,25.5,25.5,10
TMI-O,20260326,0.48,0.52,0.48,0.52,13
TMILL-O,20260326,2.2,2.2,2.2,2.2,1
TMT-O,20260326,3.68,3.7,3.56,3.7,30
TNP-O,20260326,2.8,2.8,2.78,2.8,129
TOA-O,20260326,12.8,12.9,12.5,12.6,189
TOG-O,20260326,6.7,6.7,6.7,6.7,1
TOP-O,20260326,48.25,49.25,48.25,48.5,3099
TPA-O,20260326,2.48,2.48,2.38,2.38,3
TPAC-O,20260326,8.95,8.95,8.95,8.95,1
TPCH-O,20260326,1.8,1.88,1.8,1.88,72
TPIPL-O,20260326,0.82,0.82,0.71,0.71,101
TPIPP-O,20260326,1.84,1.89,1.82,1.84,142
TPL-O,20260326,0.47,0.47,0.47,0.47,50
TPLAS-O,20260326,1.18,1.18,1.13,1.13,2
TPOLY-O,20260326,0.15,0.16,0.15,0.16,110
TQM-O,20260326,12.5,12.7,12.3,12.3,127
TRC-O,20260326,0.38,0.38,0.3,0.33,131
TRP-O,20260326,4.46,4.46,4.46,4.46,14
TRU-O,20260326,4.98,4.98,4,4,73
TRUBB-O,20260326,0.89,0.89,0.87,0.87,26
TRUE-O,20260326,14,14.1,13.9,13.9,1599
TSE-O,20260326,0.62,0.63,0.6,0.63,51
TSTH-O,20260326,0.74,0.79,0.74,0.79,2
TTA-O,20260326,4.7,4.8,4.7,4.8,81
TTB-O,20260326,2.26,2.32,2.24,2.3,4945
TTI-O,20260326,27,27,27,27,30
TTLPF-O,20260326,9.75,9.75,9.65,9.75,103
TTT-O,20260326,43.25,44.5,43.25,44.5,3
TTW-O,20260326,9.1,9.95,9.1,9.25,752
TU-O,20260326,10.9,11,10.8,10.9,708
TURBO-O,20260326,1.49,1.49,1.44,1.44,101
TVO-O,20260326,24.1,24.4,24.1,24.4,247
TVT-O,20260326,0.15,0.15,0.15,0.15,49
TWP-O,20260326,1.13,1.13,1.13,1.13,7
TWPC-O,20260326,2.84,2.84,2.84,2.84,1
TWZ-O,20260326,0.01,0.01,0.01,0.01,34
UAC-O,20260326,2.98,2.98,2.78,2.78,63
UBA-O,20260326,1.06,1.07,1.06,1.07,41
UBE-O,20260326,0.79,0.82,0.79,0.8,289
UBIS-O,20260326,1.06,1.06,1.04,1.04,2
UEC-O,20260326,0.65,0.65,0.65,0.65,80
UKEM-O,20260326,0.79,0.79,0.79,0.79,28
UP-O,20260326,26.75,26.75,26.5,26.75,74
UPOIC-O,20260326,6.95,7.15,6.95,7.1,27
UTP-O,20260326,7.35,7.4,7.3,7.4,359
UVAN-O,20260326,15.9,16.1,15.9,16,574
VCOM-O,20260326,3.22,3.24,3.22,3.24,15
VGI-O,20260326,0.83,0.84,0.83,0.83,293
VIBHA-O,20260326,1.41,1.41,1.41,1.41,10
VIH-O,20260326,9,9,9,9,7
VPO-O,20260326,0.74,0.75,0.7,0.72,497
WACOAL-O,20260326,17.3,17.3,17.3,17.3,1
WARRIX-O,20260326,1.75,1.75,1.75,1.75,2
WASH-O,20260326,5.3,5.3,5.3,5.3,1
WFX-O,20260326,1.14,1.14,1.14,1.14,1
WHA-O,20260326,4.16,4.22,4.12,4.18,1333
WHABT-O,20260326,5.65,5.65,5.6,5.6,10
WHAIR-O,20260326,6.85,6.9,6.85,6.9,18
WHART-O,20260326,10.1,10.2,10.1,10.2,160
WHAUP-O,20260326,4.38,4.44,4.36,4.4,192
WICE-O,20260326,2.28,2.28,2.28,2.28,10
WIIK-O,20260326,0.89,0.89,0.89,0.89,1
WIN-O,20260326,0.27,0.27,0.27,0.27,1
WINMED-O,20260326,0.86,0.86,0.86,0.86,1
WORK-O,20260326,3.52,3.52,3.5,3.5,22
WPH-O,20260326,6.2,6.2,5.95,6,50
XBIO-O,20260326,0.06,0.07,0.06,0.07,8
XO-O,20260326,13.4,13.7,13.4,13.5,119
XPG-O,20260326,0.46,0.52,0.46,0.48,214
YGG-O,20260326,0.16,0.16,0.16,0.16,16
YUASA-O,20260326,14.8,14.8,14.7,14.7,22
ZAA-O,20260326,1.86,2.32,1.86,2.32,4
ZEN-O,20260326,5.8,5.8,5.8,5.8,1
ZIGA-O,20260326,0.85,0.86,0.85,0.86,3
RABBIT-P,20260326,0.34,0.34,0.33,0.33,283700
VAYU1,20260326,10.9,11,10.9,11,185300
VAYU1-O,20260326,11,11.1,10.9,10.9,57
AAV01C2604A,20260326,0.02,0.02,0.01,0.01,700
AAV01C2609T,20260326,0.12,0.12,0.12,0.12,1356000
AAV01P2607A,20260326,0.42,0.43,0.42,0.42,783600
AAV13C2604A,20260326,0.01,0.01,0.01,0.01,400000
AAV13C2607A,20260326,0.11,0.11,0.1,0.1,1800400
AAV13C2608A,20260326,0.08,0.08,0.08,0.08,323600
AAV13C2608B,20260326,0.22,0.22,0.21,0.21,2159400
AAV13C2701T,20260326,0.15,0.15,0.15,0.15,60000
AAV13P2607A,20260326,0.49,0.5,0.49,0.5,1263000
AAV19C2608A,20260326,0.23,0.23,0.23,0.23,1272400
ADVANC01C2606A,20260326,0.88,0.88,0.8,0.84,448500
ADVANC01C2607A,20260326,0.51,0.51,0.47,0.49,2399200
ADVANC01C2608A,20260326,0.19,0.19,0.17,0.19,3488900
ADVANC01C2609A,20260326,0.55,0.55,0.51,0.53,2136900
ADVANC01C2701T,20260326,0.68,0.68,0.65,0.67,3134400
ADVANC01P2604A,20260326,0.01,0.01,0.01,0.01,200000
ADVANC01P2606A,20260326,0.11,0.12,0.11,0.11,3273500
ADVANC01P2607A,20260326,0.31,0.34,0.31,0.32,2999500
ADVANC01P2609A,20260326,0.88,0.92,0.88,0.89,1465100
ADVANC13C2607A,20260326,0.51,0.51,0.46,0.49,4541600
ADVANC13C2608A,20260326,0.15,0.15,0.14,0.14,5661700
ADVANC13C2608B,20260326,0.22,0.22,0.2,0.21,10719400
ADVANC13C2608C,20260326,0.4,0.4,0.37,0.38,3220600
ADVANC13C2701T,20260326,0.46,0.46,0.45,0.45,965700
ADVANC13P2604A,20260326,0.01,0.01,0.01,0.01,9200
ADVANC13P2607A,20260326,0.19,0.2,0.19,0.19,2486600
ADVANC19C2605A,20260326,0.85,0.85,0.85,0.85,200
ADVANC19C2607A,20260326,0.36,0.37,0.34,0.37,7003900
ADVANC19C2608A,20260326,0.28,0.3,0.27,0.3,2159200
ADVANC41C2606T,20260326,0.89,0.89,0.85,0.87,250000
ADVANC41C2607A,20260326,0.45,0.45,0.41,0.43,3972600
ADVANC41C2608A,20260326,0.13,0.13,0.13,0.13,3000
ADVANC41C2608C,20260326,0.33,0.34,0.33,0.34,1460800
ADVANC41C2701T,20260326,0.35,0.35,0.34,0.35,700
ADVANC41P2604A,20260326,0.01,0.01,0.01,0.01,65000
AEONTS13C2608A,20260326,0.21,0.21,0.19,0.19,1010000
AIA41C2609A,20260326,0.46,0.46,0.46,0.46,1200
AMATA01C2605A,20260326,0.17,0.19,0.17,0.18,5728000
AMATA01C2608A,20260326,0.31,0.34,0.31,0.32,3310700
AMATA13C2608A,20260326,0.33,0.36,0.32,0.33,9954600
AMATA19C2607A,20260326,0.39,0.43,0.38,0.4,2199300
AMATA19C2608A,20260326,0.25,0.27,0.25,0.26,7176400
AMATA41C2604A,20260326,0.1,0.1,0.09,0.1,300
AMATA41C2607A,20260326,0.54,0.54,0.51,0.51,300200
AMATA41C2608A,20260326,0.33,0.34,0.32,0.33,3224000
AMATA41C2609T,20260326,0.32,0.33,0.32,0.32,1960300
AOT01C2605A,20260326,0.06,0.06,0.06,0.06,500
AOT01C2606T,20260326,0.29,0.3,0.27,0.3,2979500
AOT01C2607A,20260326,0.19,0.2,0.18,0.2,1951900
AOT01C2609A,20260326,0.38,0.39,0.36,0.39,3366700
AOT01P2605A,20260326,0.13,0.14,0.12,0.12,4886600
AOT01P2607A,20260326,0.52,0.52,0.48,0.48,4645800
AOT13C2605A,20260326,0.17,0.19,0.16,0.19,4868500
AOT13C2605B,20260326,0.04,0.05,0.04,0.05,534000
AOT13C2608A,20260326,0.26,0.28,0.25,0.28,2497600
AOT13P2605A,20260326,0.05,0.05,0.05,0.05,500
AOT13P2607A,20260326,0.34,0.35,0.32,0.32,2029600
AOT19C2605A,20260326,0.12,0.13,0.12,0.13,1140600
AOT19C2605B,20260326,0.03,0.04,0.03,0.04,30100
AOT19C2608A,20260326,0.39,0.41,0.37,0.41,4849800
AOT19P2605A,20260326,0.06,0.06,0.06,0.06,100
AOT41C2605A,20260326,0.13,0.14,0.13,0.14,1340300
AOT41C2608A,20260326,0.24,0.25,0.23,0.25,100400
AOT41C2609T,20260326,0.35,0.35,0.33,0.34,1325800
AOT41P2606T,20260326,0.17,0.17,0.17,0.17,1000
AOT41P2607A,20260326,0.33,0.33,0.31,0.31,700000
AWC01C2607A,20260326,0.08,0.08,0.08,0.08,30000
AWC01C2703T,20260326,0.2,0.2,0.2,0.2,25000
AWC13C2606A,20260326,0.08,0.08,0.08,0.08,3293600
AWC13C2608A,20260326,0.09,0.09,0.08,0.09,408000
AWC13C2608B,20260326,0.21,0.22,0.21,0.22,4470900
AWC41C2609T,20260326,0.11,0.11,0.11,0.11,100
BA01C2607A,20260326,0.06,0.06,0.05,0.05,370000
BA13C2607A,20260326,0.09,0.09,0.09,0.09,578100
BA13C2608A,20260326,0.25,0.26,0.22,0.22,6147800
BA19C2609A,20260326,0.3,0.31,0.27,0.27,2431300
BA41C2608A,20260326,0.22,0.22,0.19,0.19,577000
BA41C2611T,20260326,0.16,0.16,0.16,0.16,300100
BABA28C2606B,20260326,0.08,0.09,0.08,0.08,85800
BABA28C2609A,20260326,0.28,0.28,0.28,0.28,21000
BABA41C2603A,20260326,0.01,0.01,0.01,0.01,60000
BABA41C2606A,20260326,0.18,0.18,0.17,0.17,1100
BABA41C2609T,20260326,0.49,0.49,0.48,0.48,600
BABA41C2701T,20260326,0.61,0.61,0.6,0.6,2200
BABA41P2609A,20260326,0.34,0.36,0.34,0.36,300
BAM13C2608A,20260326,0.17,0.17,0.16,0.16,400000
BAM41C2612T,20260326,0.25,0.25,0.25,0.25,85100
BANPU01C2605A,20260326,0.7,0.74,0.7,0.7,207900
BANPU01C2607A,20260326,0.14,0.14,0.13,0.13,5169300
BANPU01C2703T,20260326,0.19,0.2,0.19,0.2,1899800
BANPU13C2606A,20260326,0.22,0.23,0.21,0.22,4800100
BANPU13C2608A,20260326,0.16,0.17,0.16,0.16,2754600
BANPU13C2701T,20260326,0.25,0.25,0.25,0.25,21000
BANPU19C2612T,20260326,0.4,0.41,0.39,0.4,608100
BANPU41C2605T,20260326,0.07,0.07,0.07,0.07,15000
BANPU41C2606A,20260326,0.21,0.22,0.21,0.22,231300
BANPU41C2608A,20260326,0.15,0.15,0.14,0.14,468300
BANPU41C2612T,20260326,0.27,0.28,0.27,0.27,156000
BBL13C2607A,20260326,0.14,0.15,0.14,0.15,3320400
BBL13C2607B,20260326,0.27,0.28,0.26,0.28,12805300
BBL13C2608A,20260326,0.37,0.4,0.37,0.4,4153000
BBL13P2608A,20260326,0.53,0.53,0.51,0.51,1092500
BBL19C2612T,20260326,0.43,0.46,0.43,0.46,3540100
BBL41C2607A,20260326,0.13,0.14,0.13,0.14,500
BBL41C2609T,20260326,0.39,0.4,0.39,0.4,400600
BBL41P2608A,20260326,0.49,0.49,0.47,0.47,1802000
BCH01C2609A,20260326,0.14,0.14,0.13,0.13,366600
BCH13C2604A,20260326,0.01,0.01,0.01,0.01,238000
BCH13C2607A,20260326,0.26,0.27,0.26,0.27,290400
BCH13C2607B,20260326,0.06,0.06,0.06,0.06,1292400
BCH19C2607A,20260326,0.07,0.07,0.07,0.07,1475200
BCH41C2609T,20260326,0.02,0.02,0.02,0.02,2000000
BCP01C2608A,20260326,0.33,0.35,0.32,0.33,4110500
BCP13C2608A,20260326,0.55,0.55,0.53,0.53,301600
BCP13C2608B,20260326,0.28,0.31,0.28,0.28,14393000
BCP41C2607A,20260326,0.86,0.88,0.86,0.88,200
BCP41C2608A,20260326,0.52,0.55,0.51,0.52,1712900
BCP41C2609T,20260326,0.21,0.22,0.21,0.21,600
BCPG01C2607A,20260326,0.38,0.38,0.36,0.38,4335900
BCPG13C2607A,20260326,0.15,0.16,0.14,0.15,11265500
BCPG13C2608A,20260326,0.11,0.11,0.1,0.1,1643500
BCPG41C2606T,20260326,0.15,0.16,0.15,0.15,900900
BCPG41C2607A,20260326,0.13,0.14,0.13,0.14,200
BCPG41C2612T,20260326,0.15,0.15,0.15,0.15,186000
BDMS01C2607A,20260326,0.1,0.1,0.09,0.1,420000
BDMS01C2609A,20260326,0.27,0.27,0.26,0.27,317400
BDMS01P2607A,20260326,0.31,0.31,0.31,0.31,671100
BDMS13C2607A,20260326,0.13,0.13,0.12,0.12,909300
BDMS13C2608A,20260326,0.1,0.1,0.09,0.09,170000
BDMS13C2608B,20260326,0.28,0.28,0.28,0.28,20400
BDMS13C2701T,20260326,0.23,0.23,0.22,0.22,861400
BDMS13P2607A,20260326,0.39,0.39,0.39,0.39,301800
BDMS41C2612T,20260326,0.17,0.17,0.16,0.17,94100
BEM01C2608A,20260326,0.06,0.06,0.06,0.06,25000
BEM13C2608A,20260326,0.12,0.12,0.1,0.1,174100
BEM41C2612T,20260326,0.13,0.13,0.12,0.12,600
BGRIM01C2608A,20260326,0.09,0.09,0.08,0.08,252900
BGRIM01C2609A,20260326,0.17,0.18,0.16,0.18,5090100
BGRIM13C2605A,20260326,0.01,0.01,0.01,0.01,2400000
BGRIM13C2607A,20260326,0.06,0.06,0.06,0.06,124000
BGRIM13C2608A,20260326,0.18,0.19,0.17,0.17,9344800
BGRIM13C2608B,20260326,0.25,0.27,0.25,0.25,5399400
BGRIM13P2608A,20260326,0.72,0.72,0.72,0.72,60000
BGRIM19C2607A,20260326,0.08,0.08,0.08,0.08,735300
BGRIM41C2701T,20260326,0.27,0.27,0.27,0.27,1400
BH01C2605A,20260326,0.14,0.14,0.12,0.12,14424800
BH01C2607A,20260326,0.74,0.76,0.69,0.69,126100
BH01C2608A,20260326,0.1,0.11,0.1,0.1,2386300
BH01C2609A,20260326,0.78,0.78,0.72,0.72,9568000
BH01C2609B,20260326,0.7,0.7,0.65,0.65,2114800
BH01P2607A,20260326,0.11,0.12,0.11,0.12,412500
BH01P2607B,20260326,0.38,0.4,0.37,0.39,2151700
BH01P2608A,20260326,0.78,0.82,0.78,0.82,3510900
BH13C2607A,20260326,0.73,0.73,0.64,0.64,462500
BH13C2608A,20260326,0.14,0.14,0.12,0.12,4116200
BH13C2608B,20260326,0.47,0.47,0.43,0.43,14705500
BH13P2607A,20260326,0.09,0.09,0.09,0.09,23900
BH13P2608A,20260326,0.68,0.72,0.68,0.71,5122100
BH19C2605A,20260326,0.11,0.11,0.1,0.1,5371900
BH19C2608A,20260326,0.45,0.45,0.41,0.41,9587700
BH41C2607A,20260326,0.62,0.62,0.58,0.58,730200
BH41C2608B,20260326,0.43,0.43,0.41,0.41,3171800
BH41C2611T,20260326,0.48,0.48,0.46,0.47,1300800
BH41P2604A,20260326,0.01,0.01,0.01,0.01,151500
BH41P2608A,20260326,0.66,0.67,0.66,0.67,200000
BIDU41C2606A,20260326,0.07,0.07,0.07,0.07,997200
BIDU41C2609A,20260326,0.09,0.09,0.08,0.08,125500
BIDU41C2609T,20260326,0.86,0.86,0.86,0.86,200
BJC01C2608A,20260326,0.11,0.11,0.11,0.11,474000
BJC13C2607A,20260326,0.13,0.15,0.13,0.15,1138000
BJC19C2612T,20260326,0.26,0.28,0.26,0.28,1455500
BLA01C2607A,20260326,0.15,0.15,0.15,0.15,144400
BLA13C2607A,20260326,0.16,0.17,0.16,0.16,908900
BLA13C2608A,20260326,0.29,0.29,0.27,0.27,779300
BLA19C2608A,20260326,0.3,0.3,0.28,0.28,277000
BTG01C2607A,20260326,0.54,0.6,0.54,0.59,3363100
BTG13C2608A,20260326,0.43,0.48,0.43,0.47,20477100
BTG19C2608A,20260326,0.32,0.36,0.32,0.36,5566000
BTS13C2607A,20260326,0.11,0.11,0.08,0.08,213000
BTS13C2608A,20260326,0.08,0.08,0.08,0.08,23100
BTS13C2701T,20260326,0.12,0.12,0.12,0.12,4000
BTS13P2608A,20260326,0.31,0.32,0.31,0.32,420000
BTS41C2612T,20260326,0.03,0.03,0.03,0.03,6000
BYDCOM41C2609A,20260326,0.62,0.64,0.59,0.59,600
BYDCOM41P2603A,20260326,0.01,0.01,0.01,0.01,200000
CBG01C2607A,20260326,0.05,0.06,0.05,0.05,155000
CBG01C2609A,20260326,0.22,0.22,0.21,0.22,2241200
CBG01P2607A,20260326,0.72,0.72,0.69,0.7,108600
CBG01P2609A,20260326,0.46,0.47,0.45,0.46,1167200
CBG13C2607A,20260326,0.04,0.05,0.04,0.04,2669300
CBG13C2608A,20260326,0.18,0.18,0.16,0.17,832300
CBG13C2608B,20260326,0.23,0.23,0.22,0.23,2933700
CBG13P2605A,20260326,0.28,0.3,0.28,0.28,3014100
CBG19C2604A,20260326,0.01,0.01,0.01,0.01,7500
CBG19C2608A,20260326,0.28,0.28,0.27,0.27,3548300
CBG41C2703T,20260326,0.23,0.23,0.22,0.23,20200
CCET13C2607A,20260326,0.15,0.15,0.13,0.13,6746900
CCET13C2608A,20260326,0.42,0.42,0.4,0.41,15587700
CCET19C2607A,20260326,0.17,0.17,0.16,0.16,1085100
CCET41C2607A,20260326,0.24,0.24,0.23,0.24,700
CCET41C2609T,20260326,0.11,0.11,0.11,0.11,100
CENTEL01C2609A,20260326,0.28,0.3,0.27,0.3,3715500
CENTEL13C2605A,20260326,0.07,0.09,0.07,0.09,382600
CENTEL13C2608A,20260326,0.15,0.17,0.15,0.17,1296800
CENTEL13C2608B,20260326,0.31,0.34,0.31,0.34,5398600
CENTEL19C2607A,20260326,0.1,0.11,0.1,0.11,2643900
CENTEL41C2606T,20260326,0.13,0.14,0.13,0.14,200
CENTEL41C2608A,20260326,0.13,0.14,0.13,0.14,600
CENTEL41C2701T,20260326,0.27,0.29,0.27,0.29,1881600
CHG13C2608A,20260326,0.12,0.12,0.12,0.12,459700
CK01C2608A,20260326,0.27,0.28,0.24,0.24,3139900
CK13C2607A,20260326,0.35,0.35,0.29,0.29,3700200
CK13C2608A,20260326,0.17,0.18,0.16,0.16,6458300
COM701C2607A,20260326,0.41,0.41,0.37,0.39,4947900
COM713C2605A,20260326,0.1,0.1,0.09,0.1,4389800
COM713C2607A,20260326,0.39,0.39,0.35,0.37,12015800
COM713C2608A,20260326,0.11,0.11,0.09,0.1,5113400
COM719C2605A,20260326,0.16,0.16,0.13,0.15,6046300
COM741C2604A,20260326,0.01,0.01,0.01,0.01,600
COM741C2607A,20260326,0.3,0.33,0.29,0.32,1100800
COM741C2609T,20260326,0.27,0.27,0.26,0.27,2210200
CPALL01C2604A,20260326,0.01,0.01,0.01,0.01,903700
CPALL01C2607A,20260326,0.16,0.18,0.14,0.17,6713500
CPALL01C2608A,20260326,0.05,0.05,0.04,0.05,551700
CPALL01P2607A,20260326,0.22,0.24,0.2,0.21,10183900
CPALL13C2607A,20260326,0.14,0.15,0.12,0.14,2185100
CPALL13C2608A,20260326,0.1,0.11,0.09,0.1,1225400
CPALL13C2701T,20260326,0.21,0.23,0.2,0.22,12523000
CPALL13P2608A,20260326,0.26,0.29,0.24,0.25,5148400
CPALL19C2607A,20260326,0.24,0.24,0.18,0.22,2241300
CPALL19C2612A,20260326,0.12,0.13,0.12,0.13,769000
CPALL41C2607A,20260326,0.1,0.12,0.1,0.11,601200
CPALL41C2608A,20260326,0.07,0.07,0.07,0.07,100
CPALL41C2612T,20260326,0.14,0.14,0.13,0.14,400
CPALL41P2608A,20260326,0.23,0.26,0.23,0.23,910400
CPF01C2608A,20260326,0.13,0.16,0.13,0.15,3090300
CPF01C2609A,20260326,0.25,0.3,0.25,0.29,6245600
CPF01C2611T,20260326,0.17,0.2,0.17,0.19,3176700
CPF01P2608A,20260326,0.52,0.52,0.46,0.47,1158600
CPF13C2608A,20260326,0.18,0.22,0.18,0.21,9533300
CPF13P2608A,20260326,0.47,0.47,0.41,0.41,3234000
CPF19C2608A,20260326,0.15,0.18,0.15,0.17,5290100
CPF19C2609T,20260326,0.13,0.14,0.13,0.14,3268700
CPF41C2604A,20260326,0.01,0.01,0.01,0.01,3000
CPF41C2608A,20260326,0.16,0.18,0.16,0.18,960600
CPF41C2609T,20260326,0.07,0.07,0.07,0.07,1600
CPF41C2612T,20260326,0.17,0.19,0.17,0.19,4089900
CPN01C2604A,20260326,0.19,0.19,0.16,0.18,2598600
CPN01C2606T,20260326,0.25,0.25,0.24,0.25,1250800
CPN01C2608A,20260326,0.44,0.45,0.41,0.45,1508500
CPN01P2608A,20260326,0.28,0.29,0.27,0.27,1430400
CPN13C2604A,20260326,0.1,0.11,0.09,0.1,216000
CPN13C2608A,20260326,0.44,0.47,0.42,0.45,6546100
CPN13P2608A,20260326,0.27,0.28,0.27,0.27,2927600
CPN19C2609T,20260326,0.41,0.41,0.4,0.41,1279200
CPN41C2604A,20260326,0.12,0.12,0.1,0.11,600
CPN41C2608A,20260326,0.41,0.44,0.41,0.43,350600
CPN41C2608T,20260326,0.46,0.46,0.44,0.46,3460900
CRC01C2609A,20260326,0.16,0.16,0.16,0.16,1421700
CRC01C2610T,20260326,0.21,0.22,0.21,0.22,2491900
CRC01P2605A,20260326,0.19,0.2,0.17,0.17,2123600
CRC13C2606A,20260326,0.1,0.1,0.09,0.1,986900
CRC13C2608A,20260326,0.34,0.35,0.33,0.35,7113200
CRC13P2606A,20260326,0.17,0.17,0.16,0.17,2110800
CRC19C2612A,20260326,0.29,0.3,0.28,0.3,2336900
CRC41C2609T,20260326,0.12,0.12,0.12,0.12,980600
DELTA01C2605A,20260326,1.77,1.77,1.59,1.59,2322800
DELTA01C2605B,20260326,3.96,4,3.68,3.68,1029800
DELTA01C2607A,20260326,1.12,1.12,1.02,1.03,1362500
DELTA01C2608A,20260326,0.79,0.79,0.71,0.71,8206500
DELTA01P2605A,20260326,0.04,0.05,0.04,0.04,268100
DELTA01P2606A,20260326,0.08,0.09,0.07,0.08,556500
DELTA01P2608A,20260326,0.62,0.66,0.62,0.65,5530900
DELTA13C2604A,20260326,0.42,0.48,0.34,0.34,344000
DELTA13C2605A,20260326,0.87,0.87,0.75,0.76,792300
DELTA13C2605B,20260326,2.76,2.76,2.72,2.72,500
DELTA13C2606A,20260326,1.46,1.47,1.46,1.47,21100
DELTA13C2607A,20260326,0.61,0.62,0.56,0.56,3238600
DELTA13C2607B,20260326,0.72,0.73,0.66,0.66,38056800
DELTA13C2608A,20260326,0.44,0.45,0.4,0.4,19604800
DELTA13P2605A,20260326,0.03,0.03,0.02,0.03,26100
DELTA13P2606A,20260326,0.15,0.15,0.13,0.15,22521800
DELTA13P2607A,20260326,0.53,0.57,0.53,0.56,19065000
DELTA19C2604A,20260326,0.21,0.22,0.17,0.17,661200
DELTA19C2607A,20260326,0.95,0.95,0.87,0.87,5348300
DELTA19C2608A,20260326,0.82,0.83,0.77,0.77,7245400
DELTA19P2604A,20260326,0.02,0.02,0.02,0.02,100
DELTA19P2605A,20260326,0.02,0.02,0.02,0.02,600000
DELTA19P2606A,20260326,0.12,0.14,0.12,0.13,1802400
DELTA19P2607A,20260326,0.41,0.43,0.41,0.43,5856800
DELTA41C2604A,20260326,0.4,0.4,0.4,0.4,1200
DELTA41C2606A,20260326,1.44,1.44,1.42,1.42,105000
DELTA41C2607A,20260326,0.58,0.58,0.54,0.54,2551900
DELTA41C2607B,20260326,0.68,0.69,0.63,0.63,1942500
DELTA41C2608A,20260326,0.43,0.43,0.4,0.4,2647700
DELTA41C2612T,20260326,1.32,1.32,1.28,1.28,201100
DELTA41C2703T,20260326,0.86,0.86,0.82,0.82,3621100
DELTA41P2607A,20260326,0.53,0.56,0.53,0.56,2702900
DJI41C2606A,20260326,0.17,0.18,0.16,0.16,870900
DJI41P2606A,20260326,0.99,1.01,0.99,1,44800
DOHOME01C2608A,20260326,0.18,0.18,0.17,0.17,769800
DOHOME13C2607A,20260326,0.18,0.18,0.16,0.16,754000
DOHOME41C2604A,20260326,0.01,0.01,0.01,0.01,1000
EA13C2604A,20260326,0.01,0.01,0.01,0.01,100100
EA13C2607A,20260326,0.1,0.1,0.08,0.09,5862600
EA13C2607B,20260326,0.07,0.07,0.06,0.06,4400900
EA13C2608A,20260326,0.29,0.29,0.25,0.26,22215300
EA19C2606A,20260326,0.12,0.12,0.1,0.1,2914700
EA41C2606T,20260326,0.01,0.02,0.01,0.02,200
EA41C2607B,20260326,0.06,0.06,0.06,0.06,100000
EA41C2609T,20260326,0.21,0.21,0.2,0.2,2700800
EGCO41C2612T,20260326,0.25,0.26,0.25,0.26,2400
ERW01C2608A,20260326,0.15,0.15,0.12,0.12,3052700
ERW01C2611T,20260326,0.25,0.25,0.22,0.23,3194800
ERW13C2608A,20260326,0.14,0.14,0.12,0.12,6261100
ERW13C2608B,20260326,0.3,0.3,0.25,0.25,28859600
ERW19C2609A,20260326,0.27,0.27,0.23,0.23,2280100
ERW41C2611T,20260326,0.36,0.36,0.32,0.32,5721400
GFPT13C2608A,20260326,0.46,0.48,0.45,0.45,1313300
GLOBAL01C2608A,20260326,0.04,0.04,0.04,0.04,22200
GLOBAL13C2608A,20260326,0.1,0.1,0.09,0.09,2620200
GLOBAL13C2608B,20260326,0.21,0.22,0.2,0.21,2054400
GLOBAL41C2608A,20260326,0.08,0.08,0.07,0.07,10100
GLOBAL41C2612T,20260326,0.25,0.26,0.25,0.25,5061100
GPSC01C2605A,20260326,0.03,0.03,0.03,0.03,100000
GPSC01C2608A,20260326,0.05,0.05,0.05,0.05,272800
GPSC01C2609A,20260326,0.19,0.21,0.19,0.19,10715700
GPSC01C2609T,20260326,0.1,0.1,0.1,0.1,194900
GPSC01P2605A,20260326,0.14,0.15,0.14,0.15,200
GPSC01P2608A,20260326,0.74,0.78,0.74,0.78,2300
GPSC13C2606A,20260326,0.08,0.08,0.07,0.07,612000
GPSC13C2608A,20260326,0.08,0.08,0.07,0.07,81000
GPSC13C2608B,20260326,0.22,0.22,0.2,0.2,24363800
GPSC13C2701T,20260326,0.14,0.14,0.12,0.12,24492300
GPSC13P2606A,20260326,0.14,0.15,0.14,0.15,9565400
GPSC13P2608A,20260326,0.82,0.82,0.82,0.82,1000
GPSC19C2608A,20260326,0.08,0.08,0.07,0.07,200000
GPSC19C2608B,20260326,0.21,0.25,0.21,0.23,17466100
GPSC41C2608B,20260326,0.2,0.2,0.2,0.2,511400
GULF01C2606T,20260326,0.18,0.19,0.17,0.18,1469500
GULF01C2608A,20260326,0.68,0.73,0.67,0.69,148600
GULF01C2608B,20260326,0.41,0.44,0.4,0.42,1727600
GULF01C2609A,20260326,0.33,0.35,0.32,0.33,5850100
GULF01C2702T,20260326,0.51,0.53,0.51,0.52,1894900
GULF01P2608A,20260326,0.1,0.1,0.08,0.1,61600
GULF01P2608B,20260326,0.26,0.27,0.24,0.26,1835200
GULF01P2609A,20260326,0.68,0.69,0.64,0.67,1146500
GULF13C2604A,20260326,0.52,0.52,0.52,0.52,50000
GULF13C2607A,20260326,0.62,0.65,0.6,0.62,63600
GULF13C2608A,20260326,0.43,0.48,0.42,0.44,11915800
GULF13P2607A,20260326,0.07,0.07,0.06,0.07,250700
GULF13P2608A,20260326,0.46,0.47,0.44,0.46,4183000
GULF19C2607B,20260326,0.33,0.36,0.32,0.34,2183000
GULF41C2607A,20260326,0.57,0.57,0.55,0.55,51000
GULF41C2608A,20260326,0.4,0.43,0.4,0.42,1067100
GULF41C2609T,20260326,0.39,0.4,0.38,0.4,1900
GULF41P2608A,20260326,0.42,0.44,0.41,0.43,800
GUNKUL01C2608A,20260326,0.2,0.24,0.19,0.22,5196800
GUNKUL13C2608A,20260326,0.32,0.38,0.31,0.36,25630000
GUNKUL13C2608B,20260326,0.16,0.2,0.16,0.18,5953900
HANA01C2604A,20260326,1.22,1.22,1.21,1.21,8000
HANA01C2606A,20260326,2,2,2,2,5700
HANA01C2608A,20260326,1.57,1.68,1.57,1.6,11100
HANA01C2609A,20260326,0.3,0.39,0.3,0.32,5846600
HANA13C2604A,20260326,0.16,0.49,0.16,0.33,229200
HANA13C2604B,20260326,1.5,1.75,1.47,1.47,21700
HANA13C2607A,20260326,1.89,2.12,1.89,1.91,226200
HANA13C2608A,20260326,1.18,1.49,1.18,1.35,780400
HANA13C2608B,20260326,0.71,0.87,0.71,0.75,406500
HANA13C2608C,20260326,0.33,0.43,0.33,0.38,32175800
HANA13C2701T,20260326,0.86,0.86,0.76,0.79,40800
HANA13P2607A,20260326,0.08,0.09,0.07,0.08,1855000
HANA19C2604A,20260326,0.33,0.64,0.33,0.46,80200
HANA19C2608A,20260326,1.08,1.19,1.06,1.06,28000
HANA41C2604A,20260326,0.32,0.36,0.31,0.36,204300
HANA41C2606T,20260326,0.18,0.25,0.18,0.2,10195300
HANA41C2612T,20260326,0.58,0.69,0.58,0.61,7494300
HMPRO13C2608A,20260326,0.1,0.11,0.1,0.11,2640800
HMPRO41C2612T,20260326,0.16,0.16,0.16,0.16,20000
HSI28C2603A,20260326,0.01,0.01,0.01,0.01,300
HSI28C2603C,20260326,0.01,0.01,0.01,0.01,100
HSI28C2604A,20260326,0.03,0.03,0.02,0.03,1300
HSI28C2604B,20260326,0.04,0.05,0.03,0.03,1216600
HSI28C2604C,20260326,0.13,0.13,0.1,0.1,25565500
HSI28C2604D,20260326,0.24,0.25,0.19,0.19,51351700
HSI28C2605A,20260326,0.13,0.14,0.1,0.1,713900
HSI28C2605B,20260326,0.27,0.28,0.23,0.23,5584800
HSI28C2605C,20260326,0.62,0.63,0.53,0.53,14564800
HSI28C2606A,20260326,0.25,0.27,0.22,0.22,1882300
HSI28P2603C,20260326,0.29,0.4,0.27,0.4,23531500
HSI28P2604A,20260326,0.21,0.25,0.21,0.25,5431400
HSI28P2604B,20260326,0.52,0.6,0.52,0.6,15915500
HSI28P2604C,20260326,1.42,1.5,1.37,1.5,3400
HSI28P2605A,20260326,0.67,0.73,0.66,0.73,590500
HSI28P2605B,20260326,0.34,0.36,0.33,0.36,6988800
HSI28P2606A,20260326,0.9,0.9,0.9,0.9,2500
HSTECH28C2606A,20260326,0.22,0.22,0.18,0.18,37400
HSTECH28P2606A,20260326,0.69,0.69,0.69,0.69,8000
ICHI01C2608A,20260326,0.09,0.09,0.08,0.08,6000
ICHI19C2609T,20260326,0.13,0.13,0.12,0.13,78300
IRPC01C2607A,20260326,1.1,1.27,1.1,1.14,188700
IRPC01C2609A,20260326,0.87,0.91,0.78,0.78,27100
IRPC13C2608A,20260326,0.85,1.06,0.85,0.9,1170000
IRPC13C2608B,20260326,0.51,0.66,0.51,0.58,67128700
IRPC13C2701T,20260326,0.73,0.8,0.73,0.75,67100
IRPC19C2609T,20260326,0.61,0.72,0.61,0.66,8857000
IRPC41C2703T,20260326,0.73,0.81,0.72,0.76,12299400
ITC01C2606T,20260326,0.16,0.16,0.16,0.16,2869800
ITC13C2608A,20260326,0.16,0.17,0.16,0.17,2605100
ITC19C2609T,20260326,0.18,0.18,0.18,0.18,2057200
IVL01C2604A,20260326,0.3,0.31,0.25,0.26,188700
IVL01C2605A,20260326,1.14,1.16,1.04,1.06,1876000
IVL01C2607A,20260326,0.37,0.38,0.34,0.34,18583500
IVL01C2608A,20260326,0.07,0.07,0.06,0.06,1874900
IVL01C2609A,20260326,0.9,0.9,0.9,0.9,400
IVL01P2607A,20260326,0.15,0.16,0.15,0.16,8777700
IVL01P2608A,20260326,0.35,0.39,0.35,0.39,7595000
IVL13C2604A,20260326,0.12,0.13,0.07,0.07,3437900
IVL13C2605A,20260326,0.72,0.73,0.63,0.63,84600
IVL13C2607A,20260326,0.34,0.35,0.3,0.3,38392100
IVL13C2608A,20260326,0.68,0.68,0.6,0.6,69234100
IVL13P2607A,20260326,0.2,0.22,0.2,0.21,7198900
IVL19C2604A,20260326,0.36,0.4,0.26,0.32,29600
IVL19C2607A,20260326,0.43,0.44,0.39,0.39,41150000
IVL19P2608A,20260326,0.5,0.52,0.48,0.52,7651000
IVL41C2604A,20260326,0.12,0.13,0.11,0.11,1400
IVL41C2605A,20260326,0.69,0.73,0.68,0.71,150400
IVL41C2605T,20260326,0.05,0.05,0.03,0.05,500
IVL41C2607A,20260326,0.3,0.32,0.28,0.28,915000
IVL41C2608A,20260326,0.62,0.65,0.62,0.63,400200
IVL41C2702T,20260326,0.42,0.42,0.41,0.41,1771400
JAS13C2608A,20260326,0.11,0.11,0.1,0.11,65700
JAS19C2604A,20260326,0.01,0.01,0.01,0.01,50000
JAS41C2605T,20260326,0.01,0.02,0.01,0.02,51000
JAS41C2611T,20260326,0.12,0.12,0.12,0.12,300
JD41C2606A,20260326,0.23,0.23,0.22,0.22,1000
JMART01C2608A,20260326,0.15,0.15,0.13,0.13,681200
JMART13C2605A,20260326,0.04,0.04,0.04,0.04,544400
JMART13C2608A,20260326,0.17,0.17,0.16,0.16,3415900
JMART13C2701T,20260326,0.16,0.16,0.16,0.16,2594300
JMART19C2612A,20260326,0.25,0.25,0.24,0.24,380800
JMART41C2606T,20260326,0.01,0.01,0.01,0.01,1000
JMART41C2703T,20260326,0.26,0.26,0.26,0.26,4100
JMT01C2605A,20260326,0.08,0.08,0.08,0.08,100
JMT01C2608A,20260326,0.1,0.1,0.09,0.09,2838800
JMT01C2701T,20260326,0.26,0.26,0.26,0.26,2452000
JMT13C2607A,20260326,0.31,0.31,0.29,0.29,3786200
JMT13C2608A,20260326,0.12,0.12,0.12,0.12,473100
JMT13C2701T,20260326,0.23,0.23,0.22,0.22,696900
JMT19C2605A,20260326,0.09,0.09,0.08,0.08,295700
JMT19C2608A,20260326,0.11,0.11,0.11,0.11,2003300
JMT41C2608A,20260326,0.1,0.1,0.1,0.1,400
JMT41C2703T,20260326,0.39,0.39,0.38,0.38,1130400
KBANK01C2607A,20260326,0.23,0.25,0.23,0.24,1988700
KBANK01C2608A,20260326,0.11,0.11,0.11,0.11,718000
KBANK01C2609A,20260326,0.57,0.61,0.57,0.6,3808500
KBANK01P2607A,20260326,0.37,0.37,0.36,0.36,2453900
KBANK13C2607A,20260326,0.08,0.09,0.08,0.08,562100
KBANK13C2607B,20260326,0.27,0.3,0.27,0.29,9645100
KBANK13P2607A,20260326,0.36,0.36,0.34,0.35,1607600
KBANK19C2608A,20260326,0.13,0.13,0.13,0.13,4036800
KBANK41C2604T,20260326,0.99,0.99,0.99,0.99,100
KBANK41C2607A,20260326,0.06,0.06,0.06,0.06,70500
KBANK41C2607B,20260326,0.25,0.27,0.25,0.26,1740700
KBANK41C2609T,20260326,0.54,0.57,0.54,0.55,6800
KBANK41C2703T,20260326,0.3,0.31,0.3,0.31,10700
KCE13C2604A,20260326,0.01,0.01,0.01,0.01,90000
KCE13C2606A,20260326,0.4,0.44,0.38,0.38,9931300
KCE13C2607A,20260326,0.74,0.76,0.68,0.68,3256800
KCE13C2608A,20260326,0.47,0.49,0.44,0.44,35342700
KCE13P2608A,20260326,0.45,0.46,0.43,0.45,15226300
KCE19C2604A,20260326,0.02,0.02,0.02,0.02,3251400
KCE19C2605A,20260326,0.44,0.5,0.42,0.42,2764400
KCE19C2608A,20260326,1.07,1.07,1.02,1.02,400
KCE19C2608B,20260326,0.52,0.55,0.49,0.49,24129100
KCE41C2606A,20260326,0.41,0.41,0.37,0.38,1442900
KCE41C2607A,20260326,0.69,0.69,0.63,0.67,5200
KCE41C2608A,20260326,0.45,0.45,0.42,0.43,1493700
KCE41C2609T,20260326,0.62,0.62,0.59,0.6,8404200
KCE41P2608A,20260326,0.39,0.4,0.39,0.39,3682000
KKP01C2607A,20260326,0.52,0.58,0.52,0.58,1983900
KKP01P2609A,20260326,0.73,0.73,0.67,0.67,1997500
KKP13C2606A,20260326,0.38,0.44,0.38,0.44,13731700
KKP19C2609T,20260326,0.7,0.75,0.7,0.75,3356300
KTB01C2608A,20260326,0.25,0.28,0.25,0.26,686300
KTB01C2701T,20260326,0.31,0.32,0.31,0.32,591900
KTB01P2608A,20260326,0.16,0.17,0.15,0.15,600
KTB13C2606A,20260326,0.26,0.27,0.26,0.27,600
KTB13C2608A,20260326,0.22,0.24,0.22,0.22,2124500
KTB13P2608A,20260326,0.14,0.14,0.12,0.13,413800
KTB19C2609T,20260326,0.41,0.41,0.41,0.41,194700
KTB41C2606A,20260326,0.22,0.23,0.22,0.23,200
KTB41C2608A,20260326,0.2,0.2,0.2,0.2,100100
KTB41C2612T,20260326,0.45,0.46,0.45,0.46,100200
KTB41P2608A,20260326,0.11,0.12,0.11,0.12,1300
KTC01C2607A,20260326,0.18,0.18,0.16,0.17,1322300
KTC01C2608A,20260326,0.09,0.09,0.09,0.09,500
KTC01C2609T,20260326,0.15,0.15,0.15,0.15,133200
KTC01P2608A,20260326,0.45,0.46,0.45,0.45,479700
KTC13C2607A,20260326,0.17,0.17,0.16,0.17,2895300
KTC13C2608A,20260326,0.13,0.13,0.12,0.12,2408000
KTC13C2701T,20260326,0.23,0.23,0.23,0.23,2011200
KTC13P2608A,20260326,0.48,0.49,0.48,0.49,1605900
KTC41C2606T,20260326,0.02,0.02,0.02,0.02,100
KTC41C2608A,20260326,0.11,0.11,0.1,0.1,480200
KTC41C2612T,20260326,0.24,0.24,0.22,0.22,189700
KUAISH41C2606A,20260326,0.02,0.02,0.02,0.02,301100
KUAISH41C2609A,20260326,0.1,0.1,0.1,0.1,100
KUAISH41C2609T,20260326,0.26,0.27,0.25,0.25,1101100
LH01C2609A,20260326,0.15,0.15,0.14,0.15,1165700
LH13C2608A,20260326,0.17,0.17,0.17,0.17,554500
M01C2606A,20260326,0.12,0.12,0.11,0.11,1282700
M13C2604B,20260326,0.01,0.01,0.01,0.01,142000
M13C2605A,20260326,0.08,0.08,0.07,0.07,236600
M13C2607A,20260326,0.11,0.11,0.11,0.11,1435100
M13C2608B,20260326,0.33,0.33,0.31,0.31,3810700
M19C2605A,20260326,0.11,0.11,0.1,0.1,1187400
M41C2604B,20260326,0.01,0.01,0.01,0.01,300000
M41C2612T,20260326,0.21,0.21,0.21,0.21,200
MCA5041C2606A,20260326,0.18,0.18,0.18,0.18,350000
MEGA01C2702T,20260326,0.19,0.19,0.19,0.19,1068600
MEGA13C2608A,20260326,0.12,0.12,0.11,0.11,805900
MEITUA28C2607A,20260326,0.22,0.23,0.21,0.21,1650000
MEITUA41C2609A,20260326,0.53,0.55,0.51,0.51,7200
MINT01C2605A,20260326,0.06,0.06,0.06,0.06,50000
MINT01C2608A,20260326,0.05,0.05,0.05,0.05,10000
MINT01C2609A,20260326,0.48,0.48,0.41,0.41,3005600
MINT01P2605A,20260326,0.11,0.14,0.11,0.14,5428800
MINT01P2609A,20260326,0.57,0.62,0.57,0.61,1416000
MINT13C2604A,20260326,0.01,0.01,0.01,0.01,350000
MINT13C2607A,20260326,0.06,0.06,0.06,0.06,269000
MINT13C2608A,20260326,0.29,0.29,0.26,0.26,2005000
MINT13C2608B,20260326,0.46,0.46,0.4,0.4,10369300
MINT13P2606A,20260326,0.32,0.37,0.32,0.37,2031000
MINT41C2604T,20260326,0.01,0.01,0.01,0.01,2410500
MINT41C2608A,20260326,0.26,0.26,0.24,0.24,800
MTC01C2606A,20260326,0.02,0.02,0.02,0.02,151100
MTC01C2608A,20260326,0.14,0.14,0.11,0.11,12593400
MTC01P2608A,20260326,0.16,0.18,0.16,0.17,16215800
MTC13C2605A,20260326,0.02,0.02,0.02,0.02,14900
MTC13C2607A,20260326,0.12,0.12,0.1,0.1,10788500
MTC13C2608A,20260326,0.2,0.21,0.18,0.2,13752000
MTC13P2607A,20260326,0.43,0.49,0.43,0.45,4621300
MTC19C2605A,20260326,0.02,0.02,0.02,0.02,51000
MTC19C2607A,20260326,0.04,0.04,0.04,0.04,100
MTC19C2608A,20260326,0.17,0.17,0.14,0.15,6171700
MTC41C2604A,20260326,0.01,0.01,0.01,0.01,100
MTC41C2607A,20260326,0.1,0.1,0.09,0.09,200
MTC41C2608A,20260326,0.18,0.18,0.16,0.18,1421300
MTC41C2611T,20260326,0.06,0.07,0.05,0.06,830800
MTC41P2607A,20260326,0.3,0.35,0.3,0.33,2600000
NDX28C2606A,20260326,0.27,0.27,0.27,0.27,100
NDX28P2606A,20260326,0.65,0.71,0.65,0.71,55900
NDX41C2606A,20260326,0.24,0.26,0.21,0.21,5529900
NDX41P2606A,20260326,0.79,0.84,0.78,0.84,241500
NIKKEI28C2606A,20260326,1.19,1.19,1.16,1.19,9100
NIKKEI28C2606B,20260326,0.81,0.81,0.81,0.81,100
NIKKEI28C2606C,20260326,0.54,0.54,0.52,0.53,1100
NIKKEI28C2606D,20260326,0.35,0.35,0.32,0.34,371200
NIKKEI28P2606A,20260326,0.34,0.34,0.33,0.33,101000
NIKKEI28P2606B,20260326,0.63,0.63,0.63,0.63,60000
NIKKEI28P2606D,20260326,0.88,0.89,0.88,0.89,500000
NIKKEI41C2606A,20260326,1.25,1.26,1.25,1.26,200000
NIKKEI41C2606B,20260326,0.8,0.8,0.78,0.79,307700
NIKKEI41C2606C,20260326,0.51,0.51,0.48,0.48,112600
NIKKEI41P2606A,20260326,0.89,0.9,0.89,0.9,141500
NIKKEI41P2606B,20260326,0.62,0.62,0.62,0.62,10000
NIKKEI41P2606C,20260326,0.43,0.45,0.42,0.45,88000
OR01C2606T,20260326,0.02,0.02,0.02,0.02,510300
OR01C2607A,20260326,0.03,0.04,0.03,0.03,1616700
OR01C2608A,20260326,0.07,0.1,0.06,0.09,3300100
OR01C2609A,20260326,0.24,0.29,0.23,0.28,14531500
OR13C2605A,20260326,0.02,0.03,0.02,0.03,957600
OR13C2608A,20260326,0.13,0.16,0.11,0.16,18404600
OR13C2608B,20260326,0.23,0.3,0.22,0.28,36051500
OR19C2607A,20260326,0.05,0.06,0.05,0.06,1900000
OR19C2608A,20260326,0.22,0.28,0.2,0.27,6759200
OR41C2605A,20260326,0.03,0.03,0.03,0.03,3400
OR41C2608T,20260326,0.15,0.2,0.15,0.2,8146800
OSP01C2607A,20260326,0.06,0.06,0.06,0.06,2500
OSP01C2609A,20260326,0.28,0.28,0.26,0.27,582400
OSP13C2607A,20260326,0.06,0.06,0.05,0.05,12000
OSP13C2608A,20260326,0.21,0.21,0.19,0.2,1092400
PINGAN41C2606A,20260326,0.07,0.07,0.06,0.06,400
PLANB13C2607A,20260326,0.24,0.24,0.21,0.23,4144000
PLANB13C2608A,20260326,0.23,0.23,0.2,0.21,4087700
PLANB13C2608B,20260326,0.07,0.07,0.07,0.07,50500
PLANB19C2605A,20260326,0.04,0.04,0.03,0.04,55200
PLANB41C2607A,20260326,0.24,0.24,0.2,0.21,2954700
PLANB41C2608A,20260326,0.22,0.22,0.18,0.19,1920800
POPMAR28C2606A,20260326,0.05,0.05,0.05,0.05,600000
POPMAR41C2605A,20260326,0.04,0.04,0.04,0.04,101000
POPMAR41C2609T,20260326,0.42,0.42,0.36,0.36,160200
PR913C2608A,20260326,0.12,0.12,0.12,0.12,2026600
PRM01C2609A,20260326,0.27,0.3,0.27,0.3,2969600
PRM01C2702T,20260326,0.27,0.28,0.27,0.28,1135700
PRM13C2608A,20260326,0.22,0.24,0.22,0.23,1937000
PRM19C2604A,20260326,0.07,0.07,0.07,0.07,40200
PRM41C2612T,20260326,0.42,0.43,0.42,0.43,400300
PTG01C2607A,20260326,0.26,0.3,0.23,0.27,6635800
PTG01C2609A,20260326,0.06,0.07,0.06,0.07,667800
PTG13C2607A,20260326,0.31,0.36,0.28,0.33,15914000
PTG13C2608A,20260326,0.24,0.28,0.23,0.26,13071600
PTG13C2608B,20260326,0.1,0.11,0.1,0.11,8667600
PTG41C2701T,20260326,0.32,0.35,0.31,0.34,5175300
PTT01C2606T,20260326,0.09,0.1,0.08,0.1,200400
PTT01C2607A,20260326,0.14,0.16,0.13,0.15,4228900
PTT01P2609A,20260326,0.3,0.3,0.29,0.29,159800
PTT13C2606A,20260326,0.2,0.2,0.2,0.2,269800
PTT13C2608A,20260326,0.13,0.15,0.13,0.14,21731400
PTT13C2701T,20260326,0.24,0.27,0.24,0.27,200
PTT13P2608A,20260326,0.28,0.28,0.28,0.28,11647600
PTT19C2612T,20260326,0.33,0.35,0.33,0.35,1023800
PTT41C2606A,20260326,0.17,0.17,0.17,0.17,180100
PTT41C2606T,20260326,0.23,0.25,0.23,0.25,264400
PTT41C2608A,20260326,0.11,0.11,0.11,0.11,421800
PTTEP01C2606T,20260326,1.04,1.14,1.04,1.13,1849200
PTTEP01C2607A,20260326,1.15,1.3,1.15,1.26,840200
PTTEP01C2608A,20260326,0.74,0.84,0.74,0.82,2354100
PTTEP01C2703T,20260326,0.53,0.57,0.53,0.57,1898300
PTTEP01P2607A,20260326,0.05,0.06,0.05,0.05,34100
PTTEP01P2608A,20260326,0.49,0.49,0.43,0.45,3462900
PTTEP13C2607A,20260326,1.42,1.49,1.42,1.49,200
PTTEP13C2608A,20260326,0.93,1.07,0.93,1.01,515400
PTTEP13C2608B,20260326,0.64,0.74,0.64,0.73,22440400
PTTEP13C2608C,20260326,0.42,0.5,0.42,0.49,20524000
PTTEP13P2607A,20260326,0.04,0.04,0.04,0.04,22600
PTTEP13P2608A,20260326,0.29,0.29,0.26,0.26,3002300
PTTEP19C2608B,20260326,0.48,0.56,0.48,0.55,2669500
PTTEP41C2604T,20260326,0.01,0.01,0.01,0.01,116200
PTTEP41C2608A,20260326,0.9,0.95,0.9,0.95,300
PTTEP41C2608B,20260326,0.62,0.71,0.62,0.7,2561000
PTTEP41C2609T,20260326,1.09,1.16,1.09,1.16,1210900
PTTEP41C2703T,20260326,0.56,0.6,0.56,0.59,2375300
PTTEP41P2608A,20260326,0.29,0.29,0.26,0.27,15200
PTTGC01C2605A,20260326,0.92,0.96,0.8,0.8,1664000
PTTGC01C2607A,20260326,0.35,0.35,0.29,0.29,9027300
PTTGC01P2607A,20260326,0.06,0.06,0.06,0.06,186000
PTTGC01P2609A,20260326,0.27,0.29,0.26,0.28,3071000
PTTGC13C2607A,20260326,0.48,0.5,0.43,0.45,1299900
PTTGC13C2608A,20260326,0.34,0.35,0.3,0.31,20690200
PTTGC13P2607A,20260326,0.07,0.08,0.07,0.08,165000
PTTGC13P2608A,20260326,0.4,0.4,0.37,0.4,2312900
PTTGC19C2604A,20260326,1.55,1.55,1.55,1.55,13000
PTTGC19C2607A,20260326,0.63,0.63,0.57,0.57,600
PTTGC19C2608A,20260326,0.43,0.45,0.39,0.39,1714400
PTTGC41C2607A,20260326,0.49,0.49,0.44,0.45,205600
PTTGC41C2608A,20260326,0.31,0.33,0.29,0.29,3035500
PTTGC41C2608T,20260326,1.13,1.17,1.13,1.17,3500
PTTGC41C2611T,20260326,0.29,0.3,0.27,0.27,800
PTTGC41C2612T,20260326,0.56,0.58,0.54,0.54,2001100
RCL01C2608A,20260326,0.28,0.28,0.27,0.27,1444600
RCL01C2610T,20260326,0.37,0.37,0.36,0.36,1347100
RCL13C2608A,20260326,0.28,0.28,0.27,0.27,2833200
RCL41C2608T,20260326,0.61,0.61,0.6,0.6,200
SAWAD01C2606A,20260326,0.16,0.16,0.14,0.14,8463400
SAWAD01C2607A,20260326,0.04,0.04,0.04,0.04,12100
SAWAD01C2609A,20260326,0.08,0.08,0.08,0.08,100
SAWAD01P2606A,20260326,0.18,0.21,0.18,0.2,5046100
SAWAD01P2608A,20260326,0.48,0.52,0.48,0.52,3521200
SAWAD13C2607A,20260326,0.07,0.07,0.05,0.06,5775300
SAWAD13C2607B,20260326,0.28,0.28,0.22,0.22,15971700
SAWAD13P2608A,20260326,0.42,0.46,0.42,0.46,4186500
SAWAD19C2607A,20260326,0.23,0.23,0.2,0.2,2026100
SAWAD19C2608A,20260326,0.14,0.14,0.13,0.13,3372500
SAWAD41C2607A,20260326,0.05,0.05,0.05,0.05,1400
SAWAD41C2607B,20260326,0.22,0.22,0.19,0.19,200
SAWAD41C2609T,20260326,0.05,0.05,0.05,0.05,40000
SAWAD41C2610T,20260326,0.25,0.25,0.24,0.24,2900
SCB01C2605A,20260326,0.15,0.17,0.15,0.17,3733800
SCB01C2607A,20260326,0.35,0.38,0.34,0.37,2870100
SCB01C2608A,20260326,0.26,0.28,0.25,0.27,4237300
SCB01P2605A,20260326,0.01,0.01,0.01,0.01,100
SCB01P2607A,20260326,0.29,0.29,0.28,0.28,609800
SCB13C2607A,20260326,0.14,0.16,0.14,0.15,9914200
SCB13C2607B,20260326,0.27,0.3,0.27,0.29,7750500
SCB13P2607A,20260326,0.37,0.38,0.36,0.36,9143800
SCB19C2612T,20260326,0.43,0.45,0.42,0.44,5322600
SCB41C2607B,20260326,0.25,0.28,0.25,0.28,881000
SCB41C2609T,20260326,0.5,0.53,0.5,0.52,1701600
SCB41P2607A,20260326,0.21,0.21,0.21,0.21,100
SCC01C2605A,20260326,0.1,0.1,0.09,0.09,605000
SCC01C2606T,20260326,0.38,0.42,0.38,0.4,4925800
SCC01C2607A,20260326,0.11,0.12,0.11,0.11,1820700
SCC01C2609A,20260326,0.96,1.04,0.96,1.01,3429000
SCC01P2605A,20260326,0.07,0.07,0.06,0.06,1098400
SCC01P2607A,20260326,0.57,0.57,0.53,0.54,12474900
SCC13C2606A,20260326,0.27,0.31,0.27,0.29,17681600
SCC13C2607A,20260326,0.18,0.2,0.18,0.19,14807800
SCC13C2608A,20260326,0.88,0.95,0.87,0.92,12892200
SCC13C2701T,20260326,0.3,0.3,0.3,0.3,2000
SCC13P2607A,20260326,0.51,0.51,0.48,0.48,7014300
SCC19C2605A,20260326,0.16,0.17,0.15,0.16,3027500
SCC19C2607A,20260326,0.12,0.13,0.12,0.12,1843100
SCC19C2608A,20260326,0.9,0.97,0.89,0.95,5773200
SCC41C2606A,20260326,0.25,0.26,0.24,0.25,107000
SCC41C2607A,20260326,0.15,0.15,0.15,0.15,3000
SCC41C2608A,20260326,0.84,0.89,0.84,0.86,2050700
SCC41C2608T,20260326,0.74,0.77,0.74,0.75,7462600
SCC41C2612T,20260326,0.51,0.52,0.51,0.51,2401200
SCC41P2607A,20260326,0.41,0.43,0.41,0.42,1800200
SCGP01C2604A,20260326,0.03,0.04,0.03,0.04,200
SCGP01C2608A,20260326,0.26,0.27,0.25,0.26,1868400
SCGP01C2609A,20260326,0.47,0.47,0.45,0.47,2202400
SCGP01P2608A,20260326,0.32,0.33,0.3,0.3,6231800
SCGP13C2605A,20260326,0.3,0.3,0.29,0.29,687900
SCGP13C2607A,20260326,0.2,0.22,0.19,0.22,11579100
SCGP13C2608A,20260326,0.47,0.49,0.44,0.49,13864500
SCGP13P2608A,20260326,0.37,0.39,0.37,0.37,6635700
SCGP19C2607A,20260326,0.26,0.27,0.25,0.27,1922900
SCGP41C2606T,20260326,0.17,0.17,0.17,0.17,900300
SCGP41C2608A,20260326,0.43,0.43,0.43,0.43,200200
SCGP41C2609T,20260326,0.49,0.49,0.49,0.49,200
SET01C2604A,20260326,0.6,0.62,0.59,0.6,225000
SET01C2605A,20260326,1.86,2,1.85,1.86,20700
SET01C2606L,20260326,3.36,3.38,3.36,3.38,15200
SET01C2607A,20260326,1.11,1.16,1.05,1.09,136500
SET01C2607B,20260326,0.35,0.35,0.33,0.33,161400
SET01P2604A,20260326,0.02,0.02,0.01,0.02,540800
SET01P2605A,20260326,0.07,0.07,0.06,0.06,7100
SET01P2606L,20260326,0.69,0.71,0.67,0.7,614100
SET01P2607A,20260326,0.23,0.24,0.22,0.23,81400
SET01P2607B,20260326,0.57,0.64,0.57,0.59,58000
SET5001C2603F,20260326,0.02,0.02,0.02,0.02,62200
SET5001C2603G,20260326,0.09,0.09,0.06,0.06,200
SET5001C2605A,20260326,1.02,1.09,1,1,6200
SET5001C2606F,20260326,0.78,0.83,0.78,0.83,5800
SET5001C2606I,20260326,0.81,0.88,0.81,0.88,3500
SET5001C2607A,20260326,0.62,0.66,0.62,0.64,118000
SET5001C2607B,20260326,0.11,0.11,0.11,0.11,1800
SET5001C2607C,20260326,0.81,0.85,0.77,0.81,5157300
SET5001P2603G,20260326,0.05,0.05,0.05,0.05,100
SET5001P2603H,20260326,0.01,0.05,0.01,0.05,59300
SET5001P2605A,20260326,0.02,0.02,0.02,0.02,54300
SET5001P2606F,20260326,0.19,0.19,0.19,0.19,100
SET5001P2606H,20260326,0.9,0.97,0.87,0.87,16500
SET5001P2606I,20260326,0.6,0.6,0.56,0.57,2453800
SET5001P2607A,20260326,0.15,0.15,0.12,0.12,552400
SET5001P2607B,20260326,0.69,0.69,0.67,0.68,15000
SET5001P2607C,20260326,0.53,0.56,0.52,0.53,9200600
SET5013C2603A,20260326,0.06,0.06,0.01,0.02,219700
SET5013C2603B,20260326,0.07,0.09,0.05,0.07,13694200
SET5013C2603C,20260326,0.16,0.21,0.12,0.15,1275500
SET5013C2603D,20260326,0.21,0.28,0.16,0.21,3260800
SET5013C2603E,20260326,0.25,0.39,0.21,0.28,13800
SET5013C2603F,20260326,0.58,0.8,0.46,0.64,688000
SET5013C2603G,20260326,0.06,0.07,0.04,0.06,3322900
SET5013C2606A,20260326,0.71,0.77,0.66,0.7,23152800
SET5013C2606B,20260326,0.45,0.47,0.4,0.42,48070600
SET5013C2606C,20260326,0.31,0.32,0.29,0.29,33737000
SET5013C2606D,20260326,0.25,0.26,0.22,0.23,20357000
SET5013C2606E,20260326,0.17,0.2,0.17,0.18,3474700
SET5013C2606F,20260326,0.12,0.14,0.11,0.13,12918500
SET5013C2606G,20260326,0.1,0.11,0.09,0.1,7248800
SET5013C2606H,20260326,0.37,0.39,0.35,0.37,29560700
SET5013C2606I,20260326,0.57,0.61,0.52,0.56,334159700
SET5013C2606J,20260326,0.83,0.88,0.78,0.83,116536500
SET5013C2606K,20260326,1.06,1.13,1,1.06,40474200
SET5013P2603C,20260326,0.01,0.01,0.01,0.01,100000
SET5013P2603D,20260326,0.01,0.01,0.01,0.01,14500
SET5013P2603F,20260326,0.01,0.01,0.01,0.01,119000
SET5013P2603G,20260326,0.01,0.01,0.01,0.01,60000
SET5013P2603I,20260326,0.01,0.02,0.01,0.02,50100
SET5013P2603J,20260326,0.01,0.01,0.01,0.01,13300
SET5013P2603K,20260326,0.01,0.02,0.01,0.02,264900
SET5013P2603X,20260326,3.02,3.02,2.94,2.96,5400
SET5013P2606A,20260326,0.12,0.13,0.1,0.11,43717300
SET5013P2606B,20260326,0.14,0.15,0.13,0.14,4053800
SET5013P2606C,20260326,0.22,0.25,0.21,0.22,47087900
SET5013P2606D,20260326,0.34,0.37,0.33,0.33,17960000
SET5013P2606E,20260326,0.53,0.59,0.51,0.52,48690700
SET5013P2606F,20260326,0.75,0.82,0.72,0.74,1031400
SET5013P2606G,20260326,1.21,1.26,1.14,1.16,23600
SET5013P2606H,20260326,0.25,0.27,0.24,0.25,48409400
SET5013P2606I,20260326,0.36,0.38,0.34,0.35,18928300
SET5013P2606J,20260326,0.17,0.18,0.16,0.17,9000800
SET5013P2606K,20260326,0.5,0.53,0.48,0.49,112495200
SET5013P2606L,20260326,0.8,0.84,0.76,0.79,220837600
SET5013P2606X,20260326,5.45,5.45,5.35,5.45,575600
SET5019C2606A,20260326,0.62,0.66,0.6,0.6,2500
SET5019C2606B,20260326,0.57,0.57,0.57,0.57,200
SET5019C2606C,20260326,0.18,0.18,0.18,0.18,100
SET5019C2606D,20260326,0.75,0.85,0.75,0.8,1450200
SET5019C2606E,20260326,0.61,0.67,0.58,0.63,6807300
SET5019P2603A,20260326,0.01,0.01,0.01,0.01,100
SET5019P2606A,20260326,0.15,0.19,0.15,0.18,5100
SET5019P2606B,20260326,0.4,0.4,0.4,0.4,100
SET5019P2606D,20260326,0.38,0.39,0.35,0.37,50390200
SET5019P2606E,20260326,0.67,0.71,0.64,0.67,59120300
SET5041C2606C,20260326,0.42,0.42,0.38,0.38,3602000
SET5041C2606D,20260326,0.21,0.21,0.2,0.2,144100
SET5041C2606E,20260326,0.19,0.21,0.18,0.2,305700
SET5041C2606F,20260326,0.14,0.14,0.14,0.14,23000
SET5041C2606G,20260326,0.13,0.13,0.12,0.12,300
SET5041C2606H,20260326,0.33,0.33,0.33,0.33,50000
SET5041C2606I,20260326,0.5,0.54,0.47,0.51,14873600
SET5041C2606J,20260326,0.67,0.71,0.63,0.68,16315200
SET5041C2606K,20260326,0.83,0.92,0.82,0.88,42204600
SET5041C2609T,20260326,0.98,1.01,0.98,1,1819800
SET5041P2606A,20260326,0.4,0.4,0.38,0.38,10820000
SET5041P2606B,20260326,0.91,0.91,0.82,0.86,17500400
SET5041P2606C,20260326,0.71,0.71,0.65,0.65,20000
SET5041P2606E,20260326,0.97,0.97,0.97,0.97,800
SET5041P2606H,20260326,0.26,0.26,0.23,0.25,101900
SET5041P2606I,20260326,0.35,0.36,0.32,0.33,2313200
SET5041P2606J,20260326,0.19,0.19,0.18,0.19,52000
SET5041P2606K,20260326,0.47,0.48,0.43,0.45,23548700
SET5041P2606L,20260326,0.76,0.78,0.72,0.75,27818500
SET5041P2609T,20260326,0.36,0.37,0.35,0.36,573000
SIRI13C2605A,20260326,0.12,0.12,0.11,0.11,1174700
SISB13C2608A,20260326,0.19,0.19,0.19,0.19,112400
SISB19C2612A,20260326,0.28,0.28,0.28,0.28,574600
SISB41C2702T,20260326,0.19,0.19,0.19,0.19,600
SJWD13C2608A,20260326,0.22,0.22,0.21,0.22,1950400
SPALI13C2608A,20260326,0.23,0.23,0.23,0.23,2674000
SPRC01C2607A,20260326,0.24,0.28,0.21,0.21,7502600
SPRC01C2703T,20260326,0.24,0.26,0.24,0.24,3705400
SPRC13C2604A,20260326,0.02,0.04,0.02,0.03,494900
SPRC13C2607A,20260326,0.26,0.3,0.22,0.22,16838800
SPRC13C2608A,20260326,0.2,0.23,0.19,0.19,13317300
SPRC41C2606T,20260326,0.2,0.22,0.18,0.18,7081300
SPRC41C2607A,20260326,0.25,0.26,0.22,0.22,190200
SPRC41C2608A,20260326,0.18,0.2,0.17,0.17,1641500
SPRC41C2612T,20260326,0.57,0.58,0.56,0.56,500600
SPX28C2606A,20260326,0.2,0.21,0.2,0.21,20100
SPX28C2606B,20260326,0.63,0.64,0.6,0.6,12000
SPX28P2606A,20260326,0.96,0.99,0.96,0.99,19000
SPX41C2606A,20260326,0.24,0.25,0.22,0.22,916500
SPX41P2606A,20260326,1.05,1.09,1.05,1.09,6500
STA01C2609A,20260326,0.4,0.42,0.37,0.37,5162700
STA13C2608A,20260326,0.51,0.53,0.48,0.48,5775700
STA13C2608B,20260326,0.38,0.4,0.35,0.35,7438600
STA19C2612A,20260326,0.59,0.61,0.56,0.56,8283900
STA41C2612T,20260326,0.33,0.33,0.32,0.32,600
STGT01C2608A,20260326,0.4,0.42,0.39,0.39,1821400
STGT13C2607A,20260326,0.38,0.4,0.36,0.36,8721100
STGT13C2607B,20260326,0.11,0.11,0.1,0.1,2290800
STGT19C2609A,20260326,0.23,0.24,0.23,0.23,2379500
STGT41C2606T,20260326,0.12,0.12,0.12,0.12,8700
STGT41C2612T,20260326,0.43,0.43,0.42,0.42,2030200
TCAP13C2605A,20260326,0.07,0.07,0.05,0.06,511700
TENCEN28P2604A,20260326,0.72,0.72,0.72,0.72,100
TENCEN41C2609A,20260326,0.29,0.29,0.28,0.28,604200
TFG13C2604A,20260326,4.18,4.46,4.18,4.46,40000
TFG13C2606A,20260326,1.15,1.15,1.15,1.15,1000
TFG13C2608A,20260326,0.8,0.94,0.79,0.91,105000
TFG13C2608B,20260326,0.45,0.6,0.45,0.6,27448700
TFG41C2606A,20260326,1.2,1.2,1.2,1.2,100
TFG41C2608A,20260326,0.89,0.89,0.87,0.87,11000
TFG41C2701T,20260326,0.41,0.49,0.41,0.48,1140100
TIDLOR01C2608A,20260326,0.06,0.06,0.05,0.06,423600
TIDLOR01C2610T,20260326,0.11,0.11,0.1,0.11,3249600
TIDLOR01P2605A,20260326,0.5,0.54,0.5,0.52,837100
TIDLOR01P2608A,20260326,1.25,1.33,1.25,1.31,637200
TIDLOR13C2604A,20260326,0.01,0.01,0.01,0.01,99000
TIDLOR13C2607A,20260326,0.07,0.07,0.07,0.07,741000
TIDLOR13C2608A,20260326,0.23,0.23,0.2,0.21,10943600
TIDLOR13C2701T,20260326,0.2,0.2,0.18,0.19,3759400
TIDLOR13P2608A,20260326,0.67,0.71,0.66,0.68,4842200
TIDLOR19C2609T,20260326,0.11,0.11,0.1,0.1,2013800
TIDLOR19C2612T,20260326,0.27,0.27,0.25,0.26,2596200
TIDLOR41C2608A,20260326,0.18,0.18,0.17,0.17,960800
TIDLOR41C2612T,20260326,0.13,0.13,0.13,0.13,300
TISCO13C2607A,20260326,0.14,0.14,0.14,0.14,806200
TOA01C2702T,20260326,0.24,0.24,0.23,0.23,829700
TOA13C2605A,20260326,0.04,0.04,0.03,0.03,141000
TOP01C2605A,20260326,0.29,0.33,0.28,0.29,3447600
TOP01C2608A,20260326,0.34,0.38,0.34,0.34,4562700
TOP01C2609A,20260326,0.2,0.22,0.2,0.2,6295300
TOP01C2701T,20260326,0.43,0.44,0.43,0.43,4582600
TOP01P2607A,20260326,0.19,0.19,0.18,0.19,4707300
TOP01P2609A,20260326,0.73,0.73,0.72,0.73,400
TOP01P2609B,20260326,0.63,0.64,0.6,0.63,1967700
TOP13C2607A,20260326,0.4,0.43,0.38,0.4,12050800
TOP13C2608A,20260326,0.28,0.3,0.27,0.28,18002000
TOP13P2607A,20260326,0.13,0.13,0.12,0.13,1131100
TOP13P2608A,20260326,0.6,0.6,0.55,0.59,5377200
TOP19C2608A,20260326,0.42,0.45,0.41,0.42,7728600
TOP19C2612T,20260326,0.9,0.93,0.89,0.9,1893500
TOP41C2607A,20260326,0.38,0.41,0.38,0.39,600100
TOP41C2608A,20260326,0.25,0.27,0.25,0.26,481600
TOP41C2609T,20260326,1.21,1.23,1.2,1.23,300
TOP41C2611T,20260326,0.64,0.67,0.64,0.65,1000900
TOP41C2703T,20260326,0.36,0.37,0.36,0.37,1880900
TRUE01C2607A,20260326,0.46,0.46,0.45,0.46,293300
TRUE01C2608A,20260326,0.27,0.27,0.26,0.27,2301300
TRUE01P2608A,20260326,0.44,0.45,0.44,0.45,711400
TRUE13C2607B,20260326,0.43,0.44,0.43,0.43,2253200
TRUE13C2608A,20260326,0.29,0.29,0.27,0.29,621900
TRUE13P2608A,20260326,0.42,0.42,0.42,0.42,13000
TRUE19C2608A,20260326,0.27,0.27,0.26,0.27,2959800
TRUE41C2607B,20260326,0.38,0.38,0.35,0.37,680900
TRUE41C2608A,20260326,0.25,0.25,0.25,0.25,15000
TRUE41C2612T,20260326,0.33,0.33,0.33,0.33,2200
TRUE41P2608A,20260326,0.38,0.38,0.37,0.37,200
TTB01C2605A,20260326,0.07,0.07,0.07,0.07,1698000
TTB01C2608A,20260326,0.12,0.14,0.12,0.14,1705800
TTB13C2607A,20260326,0.13,0.15,0.13,0.15,6500500
TTB13C2608A,20260326,0.11,0.12,0.11,0.12,506000
TU01C2607A,20260326,0.07,0.07,0.07,0.07,55700
TU01C2609A,20260326,0.13,0.13,0.13,0.13,1014700
TU01P2605A,20260326,0.15,0.15,0.14,0.15,2142000
TU13C2607A,20260326,0.06,0.06,0.06,0.06,30000
TU13C2608A,20260326,0.15,0.15,0.15,0.15,1056000
TU13P2608A,20260326,0.33,0.33,0.32,0.32,1139000
TU19C2607A,20260326,0.07,0.07,0.07,0.07,464200
TU41C2604A,20260326,0.01,0.01,0.01,0.01,687900
VGI01C2604A,20260326,0.01,0.02,0.01,0.02,911500
VGI01C2608A,20260326,0.1,0.1,0.09,0.09,144300
VGI01C2609A,20260326,0.2,0.2,0.2,0.2,1235500
VGI13C2607A,20260326,0.06,0.06,0.05,0.05,112200
VGI13C2608A,20260326,0.06,0.06,0.05,0.05,359400
VGI13C2608B,20260326,0.15,0.15,0.14,0.14,1683300
VGI19C2607A,20260326,0.12,0.12,0.11,0.11,8700300
VGI41C2605A,20260326,0.01,0.01,0.01,0.01,15300
VGI41C2608A,20260326,0.05,0.05,0.05,0.05,30000
VGI41C2703T,20260326,0.27,0.27,0.26,0.26,200
WHA01C2608A,20260326,0.27,0.31,0.27,0.31,4803200
WHA01C2610T,20260326,0.59,0.63,0.59,0.61,2569500
WHA01P2608A,20260326,0.53,0.53,0.49,0.5,3118700
WHA13C2608A,20260326,0.36,0.4,0.36,0.39,4208200
WHA13C2701T,20260326,0.53,0.54,0.53,0.54,2000
WHA13P2608A,20260326,0.62,0.62,0.59,0.61,1372600
WHA19C2607A,20260326,0.29,0.33,0.29,0.3,5897800
WHA41C2608A,20260326,0.35,0.37,0.35,0.36,2389400
WHA41C2608T,20260326,0.18,0.18,0.18,0.18,2500000
WHA41C2612T,20260326,0.33,0.34,0.33,0.34,980200
WHA41C2701T,20260326,0.48,0.5,0.48,0.5,500600
WHA41P2608A,20260326,0.54,0.54,0.53,0.53,100000
WUXI41C2609A,20260326,0.21,0.21,0.19,0.19,600
XIAOMI28C2609A,20260326,0.41,0.41,0.41,0.41,1500
XIAOMI41C2603A,20260326,0.01,0.01,0.01,0.01,100000
XIAOMI41C2606A,20260326,0.16,0.16,0.16,0.16,400
XIAOMI41C2609T,20260326,0.42,0.42,0.4,0.4,200
ZIJIN41C2606A,20260326,0.11,0.12,0.1,0.1,292800
AAPL01,20260326,24.5,24.5,24.3,24.4,2819
AAPL03,20260326,2.78,2.78,2.74,2.78,464
AAPL80,20260326,8.25,8.3,8.2,8.25,138517
ABBV19,20260326,6.75,6.85,6.75,6.8,97993
ABNB06,20260326,4.28,4.34,4.26,4.34,874
ADBE03,20260326,1.74,1.74,1.71,1.72,36194
ADBE06,20260326,1.96,1.97,1.91,1.92,1234221
ADVANT19,20260326,4.72,4.72,4.72,4.72,101
ADVANT23,20260326,3.24,3.24,3.18,3.22,285168
AFRM03,20260326,1.89,1.92,1.82,1.86,998
AIA06,20260326,3.64,3.66,3.64,3.64,2476
AIA19,20260326,3.62,3.62,3.62,3.62,13001
AIA23,20260326,2.8,2.84,2.78,2.8,27953
AMD03,20260326,3.44,3.62,3.44,3.62,12033
AMD80,20260326,1.37,1.44,1.36,1.41,40373006
AMGN06,20260326,2.88,2.96,2.88,2.9,759
AMZN01,20260326,20.1,20.4,20.1,20.4,8501
AMZN03,20260326,3.44,3.46,3.44,3.46,303
AMZN06,20260326,1.72,1.74,1.71,1.72,13282
AMZN80,20260326,1.71,1.74,1.71,1.72,2962447
ANTA13,20260326,1.95,1.95,1.95,1.95,1003
ANTA23,20260326,2,2.02,1.97,1.98,41086
APLD03,20260326,3.12,3.12,3.02,3.06,7509
APPL03,20260326,2.4,2.42,2.36,2.38,103822
ASEMI24,20260326,2.38,2.38,2.34,2.36,335874
ASICS23,20260326,2.62,2.7,2.62,2.7,38702
ASML01,20260326,38.5,38.5,36.75,37.25,180062
ASTS03,20260326,2.94,3.22,2.9,3.08,541768
AVGO80,20260326,2.1,2.12,2.06,2.08,710079
AXP06,20260326,2.5,2.5,2.44,2.48,2472
BABA01,20260326,11.7,11.9,11.7,11.8,60126
BABA06,20260326,5.25,5.25,5.2,5.2,674
BABA13,20260326,2.22,2.22,2.14,2.16,14971
BABA23,20260326,3.5,3.52,3.44,3.46,172611
BABA80,20260326,5.25,5.25,5.1,5.15,6879772
BAC03,20260326,3.2,3.22,3.16,3.22,405216
BDX06,20260326,1.7,1.74,1.69,1.7,210522
BIDU01,20260326,10.6,10.7,10.4,10.6,33553
BIDU06,20260326,4.6,4.64,4.58,4.58,41021
BIDU23,20260326,2.2,2.24,2.18,2.22,28818
BIDU80,20260326,4.64,4.68,4.56,4.56,3123772
BILIBILI01,20260326,3.7,3.7,3.64,3.7,149818
BIREN23,20260326,5,5,4.92,4.96,19155
BKNG03,20260326,2.38,2.38,2.3,2.34,5379
BKNG80,20260326,2.82,2.82,2.76,2.76,26033
BLK06,20260326,3.22,3.26,3.16,3.24,218191
BONDAS19,20260326,6.4,6.45,6.4,6.4,2190
BRKB80,20260326,1.59,1.59,1.56,1.57,829518
BYDCOM01,20260326,1,1,0.98,0.98,3426362
BYDCOM80,20260326,0.44,0.45,0.43,0.43,8774817
CAMBRI80,20260326,4.88,4.92,4.84,4.86,648213
CATL01,20260326,5.9,5.9,5.8,5.8,4924163
CATL23,20260326,10.4,10.5,10.3,10.3,83595
CATL80,20260326,25.5,26,25.25,25.25,136044
CHHONGQ19,20260326,14.3,14.3,14,14.1,16542
CHMOBILE19,20260326,3.24,3.24,3.22,3.24,269308
CHMOBILE23,20260326,2.52,2.54,2.48,2.48,16106
CHNXT5023,20260326,7.35,7.35,7.2,7.3,31418
CMBANK23,20260326,2.28,2.3,2.28,2.3,10320
CME03,20260326,3.3,3.3,3.2,3.24,11938
CN01,20260326,22.3,22.3,22,22.1,6630
CN23,20260326,5.65,5.7,5.6,5.6,58
CNBIO24,20260326,1.39,1.4,1.37,1.37,365968
CNEV24,20260326,2.36,2.4,2.36,2.38,1483
CNROBOAI23,20260326,2.36,2.38,2.32,2.32,96833
CNSEMI23,20260326,2.48,2.48,2.44,2.44,25666
CNSTAR5023,20260326,6.7,6.7,6.45,6.45,8066
CNTECH01,20260326,25.75,26,25.5,25.75,48924
COSTCO19,20260326,32,32,31.5,32,4595
CRM01,20260326,3.34,3.38,3.28,3.3,33338
CRM06,20260326,2.42,2.42,2.34,2.38,127656
CRM80,20260326,6,6.1,5.9,5.9,606
CRSP03,20260326,3.1,3.16,3.1,3.1,33921
CRWD06,20260326,2.62,2.62,2.52,2.52,84721
CRWD80,20260326,13.1,13.1,12.5,12.5,288809
CRWV03,20260326,2.86,2.9,2.84,2.84,39965
CSCO06,20260326,3.34,3.38,3.32,3.36,134703
CYPC80,20260326,13,13.1,13,13.1,1368
DASH03,20260326,2.58,2.58,2.48,2.5,35727
DBS19,20260326,14.6,14.8,14.6,14.6,6741
DDOG19,20260326,4.14,4.18,4,4.02,12861
DELL19,20260326,5.85,6.05,5.8,6,1545860
DISNEY19,20260326,15.9,15.9,15.6,15.8,74267
DUOL06,20260326,2.04,2.06,1.98,2.04,70600
E1VFVN3001,20260326,39.25,39.5,39.25,39.25,181089
EOSE03,20260326,0.86,0.87,0.82,0.82,709947
ESTEE80,20260326,0.8,0.82,0.78,0.8,9521855
EXPE06,20260326,3.14,3.2,3.02,3.08,5327
FANUC23,20260326,2.24,2.26,2.18,2.26,11056
FERRARI80,20260326,1.07,1.07,1.04,1.05,23244
FPTVN11,20260326,1.89,1.89,1.85,1.85,167343
FPTVN19,20260326,9.55,9.55,9.3,9.45,254978
FUEVFVND01,20260326,45,45,44.25,44.75,135185
GAC03,20260326,2.7,2.7,2.68,2.68,103
GANFENG23,20260326,2.86,2.92,2.86,2.92,26901
GASVN11,20260326,4.04,4.06,4,4.04,12557
GDS23,20260326,2.62,2.62,2.58,2.62,23200
GEELY06,20260326,3.48,3.5,3.42,3.46,91441
GEELY80,20260326,8.7,8.75,8.6,8.6,124531
GIGA23,20260326,5.55,5.55,5.25,5.45,147867
GOLD03,20260326,3.42,3.42,3.34,3.38,975811
GOLD19,20260326,13.7,13.7,13.3,13.4,1824910
GOLDUS03,20260326,3.44,3.44,3.34,3.36,162714
GOLDUS19,20260326,45.75,45.75,44.25,44.5,622706
GOOG80,20260326,4.78,4.8,4.7,4.7,5895216
GOOGL01,20260326,28.25,28.25,27.75,28,186506
GOOGL03,20260326,4.8,4.82,4.74,4.74,95789
GRAB80,20260326,12.5,12.7,12.1,12.2,57777
GSUS06,20260326,3.94,3.98,3.92,3.92,152639
HAIERS19,20260326,9.8,9.8,9.5,9.55,20549
HANSOH19,20260326,5.3,5.3,5.25,5.25,50151
HERMES80,20260326,6.4,6.4,6.25,6.3,78996
HIMS03,20260326,3.56,3.58,3.38,3.4,398496
HK01,20260326,21.3,21.3,21.1,21.1,4227
HK13,20260326,5.65,5.65,5.6,5.6,301
HKCE01,20260326,24.2,24.2,23.8,23.8,775
HKEX23,20260326,2.12,2.14,2.1,2.12,6114
HKTECH13,20260326,4.08,4.08,3.98,4,110696
HONDA19,20260326,2.72,2.74,2.7,2.72,11323
HOOD03,20260326,2.42,2.42,2.42,2.42,1000
HOOD06,20260326,2.34,2.44,2.34,2.34,105297
HOOD80,20260326,2.34,2.42,2.34,2.38,75050
HORIZON23,20260326,1.83,1.83,1.79,1.81,136783
HPG19,20260326,3.26,3.28,3.24,3.26,11901
HSHD23,20260326,6.8,6.85,6.7,6.8,83347
HUAHONG23,20260326,5.1,5.15,4.96,4.98,859396
IBM06,20260326,3.18,3.22,3.1,3.16,100947
ICBC06,20260326,2.76,2.78,2.72,2.72,2592
ICBC19,20260326,2.74,2.76,2.74,2.76,293916
IFLYTEK80,20260326,2.26,2.26,2.22,2.24,4266
INDIA01,20260326,12.9,13,12.6,12.6,264021
INDIAESG19,20260326,4.04,4.08,4.02,4.04,4436
INTEL03,20260326,3,3.12,3,3.04,173245
IONQ03,20260326,2.16,2.24,2.06,2.08,323990
ISRG01,20260326,3.46,3.46,3.42,3.42,100462
ISRG06,20260326,3.1,3.1,3.08,3.08,26144
ISRG19,20260326,3.88,3.88,3.86,3.86,249
ITOCHU19,20260326,7,7.1,6.95,7,1493
JAP03,20260326,3.48,3.5,3.44,3.46,554
JAPAN10001,20260326,26.5,26.75,26.25,26.75,29109
JAPAN13,20260326,4.9,4.9,4.88,4.88,1319
JD80,20260326,4.78,4.78,4.66,4.7,1817296
JDHEAL19,20260326,4.1,4.1,3.96,4,2872
JEPI19,20260326,6.25,6.25,6.2,6.25,150164
JGRO19,20260326,9.4,9.4,9.35,9.35,7
JNJ03,20260326,3.86,3.96,3.86,3.9,172828
JPMUS06,20260326,3.2,3.24,3.18,3.2,18637
JPMUS19,20260326,19.4,19.4,19.1,19.3,17029
JTEK19,20260326,9.05,9.05,9.05,9.05,307
KEYENCE23,20260326,2.12,2.18,2.08,2.16,35926
KINGSOFT23,20260326,1.72,1.73,1.67,1.67,10004
KIOXIA23,20260326,2.76,2.78,2.72,2.74,2355670
KO80,20260326,2.46,2.5,2.42,2.46,72915
KUAISH01,20260326,2.42,2.42,2.36,2.4,821276
KUAISH06,20260326,1.94,1.94,1.9,1.93,14409
KUAISH23,20260326,1.4,1.4,1.35,1.37,17367048
KUAISH80,20260326,1.94,1.94,1.9,1.91,12075036
LENOVO13,20260326,2.02,2.02,1.98,1.99,4020
LLY80,20260326,1.49,1.51,1.48,1.49,2483314
LOREAL80,20260326,1.33,1.34,1.31,1.33,22572
LPGOLD13,20260326,2.74,2.74,2.72,2.74,11673
LULU06,20260326,2.66,2.66,2.58,2.6,15506
LVMH01,20260326,11.1,11.2,10.8,11,169152
MA80,20260326,1.64,1.66,1.62,1.65,204817
MEITUAN19,20260326,1.22,1.22,1.19,1.2,105684
MEITUAN23,20260326,2.3,2.3,2.28,2.28,5021
MEITUAN80,20260326,3.68,3.68,3.58,3.58,746058
MELI06,20260326,2.14,2.16,2.12,2.12,132570
META01,20260326,5.75,5.8,5.7,5.7,73326
META06,20260326,2.44,2.44,2.42,2.42,104548
META80,20260326,2.44,2.46,2.42,2.42,1592377
MICRON01,20260326,8.15,8.15,7.55,7.6,16543716
MICRON03,20260326,4.32,4.32,4.04,4.08,144623
MICRON19,20260326,8.65,8.65,8.1,8.2,284234
MICRON80,20260326,12.9,12.9,12.2,12.2,197099
MITSU19,20260326,9.35,9.35,9.25,9.3,38883
MNSO80,20260326,13.3,13.3,13.1,13.1,30106
MNST06,20260326,3.44,3.5,3.38,3.5,19621
MRVL06,20260326,3.1,3.24,3.08,3.18,228351
MRVL80,20260326,3.08,3.24,3.08,3.16,622913
MS06,20260326,3.66,3.66,3.6,3.62,23179
MSFT01,20260326,3.62,3.62,3.54,3.56,561409
MSFT03,20260326,2.46,2.48,2.42,2.42,201006
MSFT06,20260326,3.08,3.08,3.02,3.04,414320
MSFT19,20260326,4.1,4.12,4.04,4.06,29419
MSFT80,20260326,6.15,6.15,6,6.05,2701498
MSN11,20260326,3.62,3.62,3.6,3.6,1102
MSN19,20260326,3.04,3.04,3.02,3.04,11201
MUFG19,20260326,5.6,5.6,5.55,5.55,852
MUFG23,20260326,2.22,2.24,2.22,2.24,7005
MWG11,20260326,3.9,3.9,3.88,3.88,160513
MWG19,20260326,9.8,9.8,9.75,9.8,1027829
NAURA23,20260326,2.42,2.44,2.36,2.38,3014826
NAURA80,20260326,21.6,21.8,21.2,21.3,16199
NBIS03,20260326,3.84,3.88,3.72,3.72,164609
NDAQ06,20260326,2.76,2.78,2.74,2.76,23375
NDX01,20260326,20.5,20.8,20.5,20.6,46609
NEM06,20260326,3.4,3.4,3.24,3.24,51056
NET03,20260326,3.54,3.68,3.52,3.56,6992
NETEASE80,20260326,7.3,7.3,7.25,7.25,11588
NFLX06,20260326,2.98,3.06,2.98,3.04,6485
NFLX80,20260326,2.98,3.04,2.98,3,484960
NIKE80,20260326,0.89,0.89,0.86,0.86,369878
NIKKEI80,20260326,11.5,11.5,11.4,11.5,3403
NINTENDO19,20260326,18.3,18.5,18.3,18.5,3479
NINTENDO23,20260326,1.65,1.65,1.63,1.63,19467
NONGFU80,20260326,1.88,1.89,1.83,1.83,138913
NOVOB80,20260326,1.22,1.23,1.17,1.18,8331551
NOW19,20260326,3.44,3.44,3.34,3.36,123770
NVDA01,20260326,17,17.3,17,17.1,406239
NVDA03,20260326,3.86,3.92,3.86,3.88,27975
NVDA06,20260326,3.86,3.92,3.86,3.9,31763
NVDA19,20260326,23.3,23.5,23.2,23.2,4747
NVDA80,20260326,28.75,29.5,28.75,28.75,251157
NVTS03,20260326,3.1,3.24,3,3,354547
OIL03,20260326,3.12,3.22,3.12,3.18,7976151
ONON03,20260326,2.48,2.48,2.28,2.32,420938
ORCL01,20260326,3.04,3.04,2.94,2.96,493748
ORCL06,20260326,1.95,1.96,1.88,1.88,2853181
ORCL19,20260326,4.88,4.88,4.72,4.72,418448
PANW80,20260326,5.2,5.2,5,5,83918
PEP80,20260326,0.99,1,0.98,0.99,179150
PETROCN80,20260326,4.52,4.6,4.5,4.6,40641
PFIZER19,20260326,17.7,17.9,17.6,17.9,81269
PINGAN01,20260326,5.65,5.65,5.5,5.5,8063
PINGAN80,20260326,2.48,2.48,2.42,2.44,1687440
PLTR01,20260326,4.66,4.74,4.58,4.58,564880
PLTR03,20260326,3.44,3.48,3.36,3.38,59160
PLTR06,20260326,3.42,3.48,3.32,3.32,400700
POPMART23,20260326,1.56,1.56,1.49,1.53,818588
POPMART80,20260326,6.55,6.6,6.25,6.35,4395580
PYPL06,20260326,2.92,2.92,2.92,2.92,10003
QCOM06,20260326,2.14,2.14,2.08,2.14,120740
QQQM19,20260326,15.9,15.9,15.8,15.8,140734
RBLX06,20260326,1.53,1.57,1.52,1.53,288420
REMX03,20260326,2.88,2.92,2.84,2.86,68448
RGTI03,20260326,2.6,2.66,2.44,2.46,132191
RKLB03,20260326,4.5,4.88,4.44,4.7,1257247
SANOFI80,20260326,2.98,3.06,2.98,3.02,412182
SANRIO23,20260326,1.58,1.61,1.55,1.61,3201
SANRIO80,20260326,10.7,10.7,10.7,10.7,206
SBUX80,20260326,1.51,1.53,1.5,1.5,17940
SEMB19,20260326,5.45,5.55,5.45,5.5,27701
SENSE23,20260326,1.96,1.98,1.94,1.95,99081
SGX19,20260326,5,5.05,5,5.05,797
SHOP03,20260326,2.54,2.54,2.54,2.54,2
SHOP06,20260326,1.91,1.93,1.9,1.93,5238
SIA19,20260326,16.9,16.9,16.8,16.8,275
SIL03,20260326,2.88,2.9,2.7,2.72,582596
SINGTEL80,20260326,12.7,12.8,12.7,12.7,5386
SINOBIO19,20260326,4.92,4.92,4.88,4.88,45
SMCI03,20260326,1.49,1.58,1.48,1.53,157321
SMFG19,20260326,10.8,10.8,10.7,10.7,480
SMIC01,20260326,3.24,3.26,3.18,3.18,76797
SMIC03,20260326,2.26,2.26,2.24,2.24,101
SMIC13,20260326,1.6,1.6,1.57,1.58,9505
SMIC23,20260326,2.7,2.72,2.6,2.7,1466994
SNDK03,20260326,5.7,5.7,5.25,5.3,4452696
SNOW06,20260326,2.68,2.68,2.6,2.62,522640
SOFTBANK23,20260326,1.5,1.53,1.46,1.5,627200
SONY80,20260326,3.34,3.34,3.3,3.34,49479
SP50001,20260326,21.8,21.9,21.6,21.8,33452
SP500US19,20260326,12.7,12.7,12.6,12.7,14099
SP500US80,20260326,2.52,2.54,2.52,2.54,189839
SPBOND80,20260326,8.35,8.4,8.3,8.4,13329
SPCOM80,20260326,3.68,3.7,3.62,3.66,6026
SPENGY80,20260326,3.94,4.02,3.94,4.02,407828
SPFIN80,20260326,16.2,16.3,16.1,16.2,818
SPHLTH80,20260326,4.78,4.8,4.76,4.8,7598
SPOT06,20260326,2,2,1.92,1.92,291666
SPTECH80,20260326,9,9,8.9,8.9,2370
STAR5001,20260326,38,38,37.25,37.25,15955
STEG19,20260326,28.25,28.5,28,28,16367
SUNNY19,20260326,2.26,2.26,2.2,2.22,238267
SUNNY80,20260326,2.28,2.28,2.28,2.28,1
SUSHI23,20260326,3.12,3.12,3.06,3.12,121906
SYNP03,20260326,2.74,2.74,2.64,2.68,37207
TAIWAN19,20260326,31.75,32,31.5,31.5,3248
TAIWANAI13,20260326,14,14,13.7,13.9,497
TAIWANHD13,20260326,24,24.3,24,24.3,370
TEL23,20260326,3.12,3.12,3.06,3.08,198895
TEL80,20260326,8.3,8.3,8.3,8.3,405
TENCENT01,20260326,4.8,4.8,4.74,4.76,81060
TENCENT06,20260326,2.12,2.12,2.1,2.1,60532
TENCENT13,20260326,4.28,4.28,4.28,4.28,33
TENCENT19,20260326,10.5,10.5,10.3,10.4,125
TENCENT23,20260326,2.36,2.36,2.32,2.32,11696
TENCENT80,20260326,21.1,21.1,20.8,21,431260
THAIBEV19,20260326,11.1,11.2,11,11,13722
TME23,20260326,1.01,1.02,1,1,106636
TOYOTA80,20260326,6.9,6.95,6.9,6.95,9328
TRIPCOM23,20260326,1.65,1.66,1.63,1.63,60134
TRIPCOM80,20260326,1.65,1.65,1.6,1.62,6280266
TRVUS06,20260326,3.84,3.84,3.8,3.84,16322
TSLA01,20260326,37.5,37.75,37,37,10713
TSLA03,20260326,4.26,4.3,4.16,4.16,20550
TSLA80,20260326,2.54,2.58,2.48,2.48,8111880
UBER06,20260326,2.4,2.4,2.36,2.38,506559
UBTECH23,20260326,1.53,1.54,1.51,1.51,2380307
UNH19,20260326,4.48,4.5,4.38,4.42,47624
UNIQLO80,20260326,12.9,13,12.6,12.9,5840
UOB19,20260326,9.4,9.45,9.4,9.4,301404
USTR24,20260326,1.2,1.2,1.18,1.18,27
VCB11,20260326,2.9,2.9,2.88,2.9,11750
VCB19,20260326,7.3,7.3,7.2,7.25,15402
VENTURE19,20260326,4.04,4.08,4.04,4.04,10024
VHM19,20260326,12.8,12.8,12.7,12.7,1401
VISA06,20260326,1.25,1.26,1.23,1.25,214944
VISA80,20260326,1.25,1.26,1.24,1.24,605014
VNFIN24,20260326,1.79,1.83,1.79,1.81,7094
VNM19,20260326,7.75,7.75,7.7,7.75,43370
VT03,20260326,3.06,3.06,3.02,3.04,148373
WMT06,20260326,4,4.06,3.96,4.04,2440
WORLD03,20260326,3.74,3.74,3.72,3.72,762
WORLDA01,20260326,4.48,4.5,4.46,4.48,86804
WUXI06,20260326,3.46,3.46,3.26,3.28,195472
WUXI13,20260326,2.02,2.02,2.02,2.02,21
WUXIAT80,20260326,4.76,4.78,4.7,4.76,28595
XIAOMI01,20260326,3.1,3.16,3.02,3.06,94994
XIAOMI13,20260326,2.92,2.94,2.9,2.92,5211
XIAOMI19,20260326,6.8,6.9,6.8,6.8,39600
XIAOMI23,20260326,1.64,1.67,1.63,1.67,375769
XIAOMI80,20260326,13.6,13.9,13.5,13.6,1169230
XPENG03,20260326,3.02,3.02,2.96,2.96,53941
ZAI23,20260326,7.75,7.75,7.2,7.3,522345
ZIJIN13,20260326,2.56,2.58,2.52,2.54,851
ZIJIN23,20260326,2.24,2.28,2.16,2.2,6052
ZIJIN80,20260326,14.5,14.7,14.1,14.5,218315
ZJINNO80,20260326,3,3.04,2.92,2.94,504240
A5-W5-O,20260326,0.08,0.08,0.07,0.07,36
B-W8-O,20260326,0.01,0.01,0.01,0.01,45
BE8-W1-O,20260326,0.44,0.44,0.44,0.44,8
BWG-W7-O,20260326,0.05,0.05,0.05,0.05,314
CHAYO-W4-O,20260326,0.05,0.24,0.05,0.24,255
DEMCO-W8-O,20260326,0.39,0.39,0.39,0.39,66
EA-W1-O,20260326,0.5,0.56,0.49,0.49,194
ITEL-W5-O,20260326,0.04,0.04,0.04,0.04,10
ITEL-W6-O,20260326,0.14,0.14,0.13,0.13,125
JAS-W4-O,20260326,0.25,0.26,0.25,0.26,184
KASET-W1-O,20260326,0.15,0.15,0.15,0.15,79
MGI-W1-O,20260326,0.5,0.5,0.5,0.5,20
NER-W2-O,20260326,0.01,0.01,0.01,0.01,231
NOBLE-W3-O,20260326,0.14,0.14,0.14,0.14,11
ORI-W2-O,20260326,0.28,0.28,0.28,0.28,150
PROEN-W2-O,20260326,0.12,0.4,0.12,0.4,50
PROUD-W3-O,20260326,0.14,0.14,0.14,0.14,25
TFG-W4-O,20260326,3.88,4.36,3.88,4.3,354
TGE-W2-O,20260326,0.01,0.01,0.01,0.01,1
TNITY-W2-O,20260326,0.1,0.18,0.1,0.18,157
TVDH-W5-O,20260326,0.01,0.02,0.01,0.02,75
VIBHA-W5-O,20260326,0.06,0.06,0.05,0.06,309
WIIK-W3-O,20260326,0.01,0.01,0.01,0.01,10
XBIO-W7-O,20260326,0.01,0.01,0.01,0.01,221
XBIO-W8-O,20260326,0.11,0.11,0.11,0.11,48
ZIGA-W2-O,20260326,0.04,0.04,0.04,0.04,132
A5-W5,20260326,0.08,0.09,0.07,0.08,1474200
ACC-W2,20260326,0.05,0.05,0.04,0.05,1471800
ASW-W3,20260326,0.6,0.6,0.55,0.59,65600
B-W8,20260326,0.01,0.01,0.01,0.01,1000
BC-W4,20260326,0.04,0.04,0.04,0.04,38200
BE8-W1,20260326,0.43,0.45,0.42,0.43,122800
BTS-W8,20260326,0.01,0.01,0.01,0.01,920000
BWG-W7,20260326,0.05,0.06,0.05,0.05,4917200
CEN-W5,20260326,0.01,0.01,0.01,0.01,1200
CGH-W5,20260326,0.02,0.1,0.02,0.1,13100
CHASE-W1,20260326,0.16,0.16,0.15,0.15,280700
CHAYO-W4,20260326,0.25,0.25,0.24,0.24,424000
CIG-W10,20260326,0.03,0.05,0.03,0.05,1000
CIG-W9,20260326,0.01,0.01,0.01,0.01,500
COMAN-W1,20260326,0.06,0.06,0.05,0.06,1200
DEMCO-W8,20260326,0.38,0.4,0.36,0.36,153900
EA-W1,20260326,0.56,0.58,0.54,0.55,5638600
EMPIRE-W1,20260326,0.07,0.07,0.05,0.06,174900
EMPIRE-W2,20260326,0.12,0.12,0.12,0.12,1000
GLORY-W1,20260326,0.12,0.13,0.11,0.13,123200
HYDRO-W2,20260326,0.1,0.1,0.08,0.1,56700
IMH-W1,20260326,0.01,0.01,0.01,0.01,258900
IROYAL-W1,20260326,1.41,1.45,1.38,1.39,364800
IROYAL-W2,20260326,1,1.01,0.97,1,61100
ITEL-W5,20260326,0.04,0.04,0.03,0.03,118000
ITEL-W6,20260326,0.15,0.16,0.15,0.16,151300
J-W3,20260326,0.03,0.03,0.02,0.02,404600
J-W4,20260326,0.04,0.04,0.04,0.04,100
JAS-W4,20260326,0.26,0.26,0.24,0.25,11055000
K-W3,20260326,0.02,0.02,0.02,0.02,100
KASET-W1,20260326,0.14,0.17,0.13,0.14,8082500
KGEN-W2,20260326,0.09,0.09,0.07,0.09,632900
KUN-W3,20260326,0.04,0.05,0.04,0.05,310100
MADAME-W6,20260326,0.08,0.08,0.08,0.08,3200
MGI-W1,20260326,0.52,0.52,0.49,0.5,202100
NER-W2,20260326,0.03,0.03,0.02,0.02,442200
NOBLE-W3,20260326,0.14,0.15,0.13,0.14,4699100
NRF-W2,20260326,0.07,0.07,0.06,0.06,184000
ORI-W2,20260326,0.29,0.3,0.28,0.29,877200
PLANET-W3,20260326,0.23,0.32,0.23,0.32,500
PPPM-W6,20260326,0.03,0.06,0.03,0.06,155100
PROEN-W2,20260326,0.13,0.13,0.12,0.12,122100
PROUD-W3,20260326,0.15,0.15,0.14,0.14,402300
PSTC-W3,20260326,0.06,0.07,0.05,0.06,508400
QDC-W3,20260326,0.07,0.08,0.07,0.07,3178600
ROCTEC-W5,20260326,0.01,0.01,0.01,0.01,52000
SAMTEL-W2,20260326,0.43,0.45,0.42,0.45,17500
SGC-W2,20260326,0.23,0.23,0.21,0.22,70000
SKE-W1,20260326,0.01,0.02,0.01,0.01,15013300
TAKUNI-W2,20260326,0.28,0.29,0.23,0.24,110400
TCC-W5,20260326,0.18,0.2,0.18,0.18,1038200
TEAMG-W1,20260326,0.02,0.03,0.02,0.02,262800
TFG-W4,20260326,3.82,4.42,3.8,4.42,18371200
TGE-W2,20260326,0.05,0.05,0.05,0.05,1300
TNITY-W2,20260326,0.18,0.2,0.18,0.19,99600
TRUBB-W3,20260326,0.28,0.28,0.27,0.27,1340000
TVDH-W5,20260326,0.01,0.02,0.01,0.01,4558400
TVDH-W6,20260326,0.02,0.03,0.02,0.03,1500300
TWZ-W8,20260326,0.01,0.01,0.01,0.01,18900
VGI-W3,20260326,0.02,0.02,0.02,0.02,20000
VIBHA-W5,20260326,0.07,0.07,0.05,0.06,2261800
VIH-W1,20260326,0.82,1,0.82,0.86,15300
WAVE-W4,20260326,0.01,0.01,0.01,0.01,100
WIIK-W3,20260326,0.01,0.01,0.01,0.01,100
XBIO-W6,20260326,0.03,0.03,0.02,0.03,2119800
XBIO-W7,20260326,0.01,0.02,0.01,0.01,27200
XBIO-W8,20260326,0.12,0.12,0.11,0.12,614000
ZIGA-W2,20260326,0.05,0.05,0.04,0.05,840200
!AGRO,20260326,302.3,306.05,301.68,305.31,29331640000
!CONSUMP,20260326,43.78,43.96,43.56,43.85,2036090000
!FINCIAL,20260326,154.32,155.84,153.92,155.16,89630880000
!INDUS,20260326,60.72,60.91,59.99,60.23,18894750000
!PROPCON,20260326,71.22,71.57,71.16,71.22,48329630000
!RESOURC,20260326,162.76,166.03,162.02,164.6,181510800000
!SERVICE,20260326,270.97,271.67,269.05,271.04,74348770000
!TECH,20260326,608.4,610.28,597.36,598.09,28901150000
$AGRI,20260326,210.28,213.15,210.28,210.75,12309970000
$AUTO,20260326,294.47,294.47,291.91,291.91,2221950000
$BANK,20260326,499.45,506.54,498.68,504.1,71510160000
$COMM,20260326,19102.7,19282.1,18940.4,19211.2,19766120000
$CONMAT,20260326,5044.41,5101.05,5042.33,5068.44,2623440000
$CONS,20260326,34.97,35.01,34.34,34.39,6983470000
$ENERG,20260326,18564.6,18937.9,18480.3,18774.5,181510800000
$ETRON,20260326,31681.6,31908.7,30929.7,30936.5,13768590000
$FASHION,20260326,478.68,489.17,475.1,487.45,242900000
$FIN,20260326,1862.04,1864.41,1824.36,1831.29,17177960000
$FOOD,20260326,8332.66,8440.05,8312.22,8423.82,17021670000
$HELTH,20260326,4151.4,4162.95,4110.72,4113.64,7395230000
$HOME,20260326,15.58,15.74,15.39,15.6,1180580000
$ICT,20260326,229.64,229.65,226.42,228.66,15132560000
$IMM,20260326,18.13,18.28,18.07,18.2,973490000
$INSUR,20260326,8476.6,8516.9,8415.08,8476.81,942760000
$MEDIA,20260326,14.96,14.99,14.69,14.83,11228710000
$PAPER,20260326,2081.72,2081.72,1997.32,2067.65,33490000
$PERSON,20260326,74.63,74.89,73.9,74.02,612610000
$PETRO,20260326,622.63,626.44,607.88,610.34,9942060000
$PF&REIT,20260326,130.03,130.27,129.38,129.79,1035380000
$PKG,20260326,2240.9,2265.48,2224.54,2265.48,2732350000
$PROF,20260326,132.86,133.03,130.15,130.8,11263120000
$PROP,20260326,160.95,162,160.46,160.94,37687340000
$STEEL,20260326,18.95,19.54,18.82,19.27,2991410000
$TOURISM,20260326,411.49,411.49,403.65,405.89,7191420000
$TRANS,20260326,203.87,204.79,202.12,204.56,17504170000
MAI,20260326,217.05,217.78,216.15,216.15,241930527
SET,20260326,1445.71,1453.79,1439.38,1442.92,9371230399
SET100,20260326,2049.22,2064.69,2039.72,2051.2,3626524600
SET50,20260326,959.77,967.07,954.94,961.21,2157298400
SETHD,20260326,1308.35,1326.9,1306.78,1321.83,1300465800
ADVANC-F,20260326,365,367,365,367,1500
BKIH-F,20260326,316,316,316,316,2000
GULF-F,20260326,56.25,57,56.25,56.75,500
IRPC-F,20260326,1.7,1.93,1.7,1.93,3000
PTT-F,20260326,33.75,34.5,33.75,34.25,339300
PTTEP-F,20260326,156.5,156.5,156.5,156.5,100
SCB-F,20260326,144.5,146,144.5,146,32900
TISCO-F,20260326,113,113,112.5,112.5,48200
!AGRO-M,20260326,58.16,58.18,57.63,57.63,6069950000
!CONSUMP-M,20260326,12.09,12.12,11.97,12.02,754990000
!FINCIAL-M,20260326,31.22,31.44,31.02,31.04,404100000
!INDUS-M,20260326,39.21,39.32,39.04,39.13,2051060000
!PROPCON-M,20260326,17.01,17.01,16.81,16.86,1647160000
!RESOURC-M,20260326,16.8,17.99,16.58,16.78,1821650000
!SERVICE-M,20260326,41.83,42.23,41.53,41.79,8889230000
!TECH-M,20260326,19.28,19.29,19.14,19.16,460290000
SET100FF,20260326,1951.04,1966.08,1943.19,1953.5,362652460000
SET50FF,20260326,916.75,923.87,912.78,918.22,215729840000
SETCLMV,20260326,648.93,655.44,646.6,651.55,185889180000
SETESG,20260326,853.36,861.44,850.26,857.71,268251730000
SETWB,20260326,561.34,564.82,558.33,563.55,50363090000
SSET,20260326,577.73,577.84,573.97,574.04,18413160000
