<TICKER>,<DTYYYYMMDD>,<OPEN>,<HIGH>,<LOW>,<CLOSE>,<VOL>
1DIV-O,20260116,11.54,11.57,11.54,11.56,12
2I01BSET50-O,20260116,4.5,4.5,4.46,4.5,137
2X01BSET50-O,20260116,5.19,5.21,5.19,5.2,108
BMSCITH-O,20260116,9.88,9.89,9.88,9.89,62
BSET100-O,20260116,9.16,9.16,9.16,9.16,20
CHINA-O,20260116,7.01,7.01,6.98,6.98,20
GLD-O,20260116,5.72,5.72,5.7,5.72,362
TDEX-O,20260116,8.35,8.44,8.35,8.44,365
UHERO-O,20260116,8.69,9.6,8.69,9.6,49
1DIV,20260116,11.48,11.59,11.48,11.56,6100
1I01BSET50,20260116,4.74,4.74,4.72,4.72,6000
2I01BSET50,20260116,4.54,4.56,4.41,4.41,477700
2X01BSET50,20260116,5.15,5.29,5.12,5.29,233800
BMSCG,20260116,7.17,7.24,7.17,7.24,800
BMSCITH,20260116,9.82,9.93,9.82,9.93,124800
BSET100,20260116,9.1,9.2,9.1,9.2,14300
CHINA,20260116,7,7.01,6.99,7,12800
GLD,20260116,5.71,5.71,5.68,5.71,993900
TDEX,20260116,8.34,8.46,8.34,8.45,423000
UBOT,20260116,14.48,14.48,14.48,14.48,100
UHERO,20260116,9.99,9.99,9.79,9.79,200
2S,20260116,2.46,2.48,2.44,2.46,5100
3BBIF,20260116,6.4,6.45,6.35,6.4,5041200
88TH,20260116,4.18,4.18,4.08,4.14,1493600
A5,20260116,1.84,1.84,1.83,1.84,13400
AAI,20260116,4.1,4.12,4.06,4.08,1197500
AAV,20260116,1.23,1.23,1.19,1.22,102046000
ABM,20260116,0.62,0.63,0.62,0.62,3600
ACC,20260116,0.4,0.42,0.39,0.39,3644700
ACE,20260116,1.3,1.3,1.29,1.29,479800
ACG,20260116,0.57,0.59,0.57,0.59,1100
ADB,20260116,0.58,0.58,0.58,0.58,10400
ADD,20260116,3.22,3.32,3.22,3.3,11200
ADVANC,20260116,335,342,335,342,8105600
ADVICE,20260116,5.7,5.75,5.65,5.7,722200
AE,20260116,0.08,0.09,0.08,0.08,1235700
AEONTS,20260116,98.25,100.5,97.25,100,633700
AF,20260116,0.27,0.28,0.27,0.28,67100
AFC,20260116,3.52,3.52,3.46,3.46,300
AGE,20260116,1.27,1.3,1.26,1.29,720200
AH,20260116,12.7,12.8,12.6,12.7,45600
AI,20260116,3,3.02,3,3,64700
AIE,20260116,1,1.02,1,1.01,380900
AIMCG,20260116,1.68,1.68,1.67,1.68,57800
AIMIRT,20260116,10.7,10.7,10.5,10.6,581000
AIRA,20260116,1.15,1.26,1.15,1.18,900
AIT,20260116,4.92,4.98,4.9,4.96,398700
AJ,20260116,1.79,1.98,1.79,1.86,6784900
AJA,20260116,0.16,0.17,0.16,0.17,346500
AKP,20260116,0.6,0.61,0.6,0.61,225100
AKR,20260116,0.86,0.86,0.85,0.86,456700
AKS,20260116,0.01,0.02,0.01,0.02,510900
ALLA,20260116,1.18,1.18,1.15,1.17,408300
ALLY,20260116,4.42,4.44,4.04,4.32,1720000
ALPHAX,20260116,0.51,0.52,0.5,0.5,9971300
ALT,20260116,1.07,1.07,1.04,1.07,368300
AMA,20260116,4.08,4.1,4.08,4.1,109800
AMANAH,20260116,0.76,0.76,0.74,0.75,152600
AMARC,20260116,2.32,2.38,2.3,2.36,752700
AMARIN,20260116,2.2,2.36,2.1,2.16,43100
AMATA,20260116,15.2,15.5,15.1,15.5,10276000
AMATAR,20260116,6.7,6.75,6.7,6.75,14000
AMATAV,20260116,1.8,1.8,1.78,1.78,29400
AMC,20260116,1.99,1.99,1.99,1.99,500
AMR,20260116,0.39,0.4,0.39,0.39,96500
ANAN,20260116,0.4,0.43,0.39,0.41,10040500
ANI,20260116,2.76,2.76,2.7,2.76,39600
AOT,20260116,51.5,52.25,50.75,52.25,33450200
AP,20260116,8.55,8.75,8.5,8.7,13701000
APCO,20260116,2.82,2.82,2.8,2.82,2300
APCS,20260116,1.41,1.41,1.41,1.41,300
APO,20260116,1.96,1.97,1.94,1.94,1160600
APP,20260116,2.5,2.52,2.46,2.52,152900
APURE,20260116,2.16,2.16,2.16,2.16,3800
AQUA,20260116,0.15,0.16,0.15,0.16,409500
ARIN,20260116,0.56,0.59,0.55,0.58,2498500
ARIP,20260116,0.43,0.44,0.42,0.43,97800
ARROW,20260116,5,5.05,4.98,5.05,17900
AS,20260116,2.66,2.78,2.66,2.72,7825000
ASAP,20260116,1.16,1.2,1.16,1.19,1500
ASEFA,20260116,3.36,3.46,3.36,3.46,7100
ASIAN,20260116,7.3,7.3,7.25,7.3,252300
ASIMAR,20260116,1.53,1.53,1.5,1.5,8600
ASK,20260116,7.3,7.3,7.25,7.3,213700
ASN,20260116,0.8,0.8,0.6,0.77,38400
ASP,20260116,2.02,2.02,2,2.02,242500
ASW,20260116,6,6,5.95,5.95,73700
ATLAS,20260116,1.64,1.67,1.63,1.65,2231500
ATP30,20260116,0.83,0.85,0.83,0.85,142200
AU,20260116,5,5.05,4.96,5,420800
AUCT,20260116,5.25,5.3,5.25,5.25,50100
AURA,20260116,13.5,13.5,13,13.2,1641500
AWC,20260116,1.97,2.04,1.97,2,49059300
AXTRART,20260116,12.4,12.7,12.4,12.7,2052800
AYUD,20260116,35.75,37,35,35.5,64600
B,20260116,0.04,0.05,0.03,0.04,1163800
B-WORK,20260116,5.05,5.1,5.05,5.1,28700
B52,20260116,0.41,0.41,0.38,0.41,184700
BA,20260116,15.1,15.5,15,15.4,4033300
BAFS,20260116,8.55,8.6,8.5,8.5,146600
BAM,20260116,7.8,7.95,7.75,7.95,6607600
BANPU,20260116,5.25,5.35,5.15,5.3,48396500
BAREIT,20260116,10.2,10.3,10.1,10.3,729600
BAY,20260116,26,26,25.5,25.75,299000
BBGI,20260116,2.68,2.7,2.68,2.68,185000
BBIK,20260116,13.9,14.3,13.8,14.2,369700
BBL,20260116,170.5,171.5,168.5,170,10521700
BC,20260116,0.86,0.86,0.85,0.86,3000
BCH,20260116,9.8,10,9.75,10,6017700
BCP,20260116,29,29.25,28.5,29,6040700
BCPG,20260116,6.95,7.15,6.8,7.1,8045900
BCT,20260116,59,59,59,59,100
BDMS,20260116,18.6,18.9,18.4,18.9,54794400
BE8,20260116,4.76,4.82,4.72,4.8,302900
BEAUTY,20260116,0.42,0.45,0.41,0.44,13488900
BEC,20260116,1.85,1.85,1.82,1.84,335600
BEM,20260116,5.25,5.3,5.2,5.25,17318700
BEYOND,20260116,8.85,8.85,8.75,8.75,10200
BGC,20260116,3.92,3.94,3.9,3.92,473000
BGRIM,20260116,13.6,13.9,13.6,13.8,9655100
BGT,20260116,0.37,0.39,0.37,0.38,13200
BH,20260116,143,145,142,143.5,6234500
BIG,20260116,0.28,0.3,0.28,0.3,2558800
BIOTEC,20260116,0.17,0.18,0.17,0.18,49500
BIS,20260116,1.93,1.95,1.91,1.95,33100
BIZ,20260116,4.02,4.06,4,4,95600
BJC,20260116,13.8,14.1,13.6,13.8,6017000
BJCHI,20260116,0.59,0.59,0.58,0.58,41200
BKA,20260116,0.69,0.71,0.67,0.69,1648100
BKD,20260116,0.99,1,0.98,1,164500
BKGI,20260116,1.26,1.26,1.23,1.25,59700
BKIH,20260116,301,301,300,301,6600
BLA,20260116,20.6,20.9,20.5,20.8,1414100
BLAND,20260116,0.43,0.44,0.43,0.43,1795900
BLC,20260116,4,4.06,4,4.04,396300
BLESS,20260116,0.21,0.22,0.21,0.22,2300
BM,20260116,1.14,1.14,1.13,1.13,162500
BOFFICE,20260116,5,5.1,5,5.1,206900
BOL,20260116,5.35,5.35,5.25,5.35,39900
BPP,20260116,10.9,11,10.7,10.9,251400
BPS,20260116,0.41,0.43,0.41,0.42,1509700
BR,20260116,1.66,1.67,1.65,1.65,99300
BRI,20260116,1.39,1.39,1.36,1.37,146100
BROCK,20260116,1.2,1.22,1.2,1.22,20100
BRR,20260116,3.6,3.62,3.6,3.62,38100
BRRGIF,20260116,3.78,3.78,3.74,3.78,172800
BSBM,20260116,0.66,0.66,0.64,0.65,144400
BSM,20260116,0.37,0.37,0.36,0.36,41500
BTC,20260116,0.26,0.27,0.26,0.26,1686500
BTG,20260116,18.7,18.8,18.5,18.6,2983200
BTNC,20260116,11.7,12,10.8,12,9200
BTS,20260116,2.12,2.18,2.1,2.18,23255200
BTSGIF,20260116,2.54,2.56,2.54,2.56,1267000
BTW,20260116,0.12,0.12,0.1,0.11,74600
BUI,20260116,12.4,12.4,12.3,12.4,2400
BVG,20260116,1.72,1.73,1.71,1.73,43900
BWG,20260116,0.27,0.28,0.26,0.27,7534200
BYD,20260116,0.51,0.57,0.51,0.53,17647600
CAZ,20260116,1.6,1.63,1.6,1.62,47200
CBG,20260116,41.75,43.75,41.5,43.5,5390500
CCET,20260116,4.9,4.94,4.82,4.94,40051700
CCP,20260116,0.23,0.24,0.22,0.23,1056300
CEN,20260116,0.87,0.87,0.86,0.86,2300
CENTEL,20260116,33,33,32.25,33,3761500
CEYE,20260116,1.79,1.8,1.77,1.8,30100
CFARM,20260116,0.71,0.71,0.7,0.71,508800
CFRESH,20260116,0.67,0.68,0.67,0.67,495800
CGD,20260116,0.11,0.12,0.11,0.11,4385900
CGH,20260116,0.49,0.51,0.49,0.5,403500
CH,20260116,1.66,1.67,1.65,1.66,24300
CHAO,20260116,4.48,4.48,4.46,4.48,27500
CHARAN,20260116,18.5,18.5,18.5,18.5,4000
CHASE,20260116,0.5,0.5,0.49,0.49,540200
CHAYO,20260116,1.21,1.25,1.2,1.22,2838100
CHEWA,20260116,0.25,0.26,0.25,0.25,276900
CHG,20260116,1.51,1.53,1.5,1.53,8461000
CHIC,20260116,0.24,0.27,0.23,0.25,522400
CHO,20260116,0.06,0.07,0.06,0.06,367000
CHOW,20260116,1.13,1.15,1.12,1.13,7600
CI,20260116,0.35,0.35,0.35,0.35,200
CIG,20260116,0.03,0.03,0.02,0.03,7400
CIVIL,20260116,0.6,0.61,0.59,0.61,153200
CK,20260116,12.4,13.4,12.4,13.2,28091500
CKP,20260116,2.26,2.36,2.24,2.36,4993800
CM,20260116,1.68,1.68,1.6,1.63,44500
CMAN,20260116,2.4,2.4,2.36,2.38,126100
CMC,20260116,0.45,0.46,0.44,0.46,25700
CMO,20260116,0.42,0.44,0.38,0.41,93200
CMR,20260116,1.36,1.41,1.36,1.4,34500
CNT,20260116,1.05,1.05,1.04,1.04,20300
COCOCO,20260116,5.05,5.05,4.98,4.98,1287100
COLOR,20260116,1.03,1.04,1.03,1.04,4200
COM7,20260116,19.2,19.7,19,19.5,11760600
COMAN,20260116,0.41,0.43,0.4,0.41,6300
CPALL,20260116,42.25,42.5,41.5,42.5,36114700
CPANEL,20260116,2.1,2.18,2.06,2.14,31500
CPAXT,20260116,14.6,14.7,14.3,14.7,22047900
CPF,20260116,21.5,21.7,21.4,21.7,11201900
CPH,20260116,8.1,8.15,8.05,8.15,1700
CPI,20260116,3.42,3.42,3.38,3.38,173200
CPL,20260116,0.65,0.65,0.62,0.64,21800
CPN,20260116,56.75,58.25,56.5,58.25,10454100
CPNCG,20260116,6.4,6.45,6.35,6.4,437400
CPNREIT,20260116,11.1,11.2,11.1,11.1,1980700
CPR,20260116,2.72,2.78,2.72,2.78,10400
CPT,20260116,0.99,1,0.97,0.99,12300
CPTREIT,20260116,5.5,5.5,5.3,5.45,178700
CPW,20260116,1.99,1.99,1.98,1.99,36800
CRANE,20260116,0.42,0.42,0.41,0.42,180600
CRC,20260116,17.6,18.3,17.6,18.2,13975000
CRD,20260116,0.31,0.32,0.3,0.32,48000
CREDIT,20260116,15,15,14.9,15,199100
CSC,20260116,44.75,45,44.75,45,2300
CSP,20260116,0.46,0.47,0.44,0.47,10600
CSR,20260116,69,69,69,69,100
CSS,20260116,0.77,0.77,0.76,0.77,23800
CTARAF,20260116,4.58,4.58,4.56,4.58,12400
CTW,20260116,3,3,2.66,2.74,145500
CWT,20260116,0.86,0.87,0.85,0.86,284500
D,20260116,2.44,2.48,2.44,2.48,108700
DCC,20260116,1.22,1.25,1.21,1.23,1367100
DCON,20260116,0.23,0.24,0.23,0.23,3356100
DDD,20260116,5.45,5.5,5.25,5.4,34100
DELTA,20260116,166,170.5,163.5,167,21427600
DEMCO,20260116,2.4,2.4,2.36,2.36,153600
DEXON,20260116,1.09,1.13,1.08,1.08,12100
DHOUSE,20260116,0.4,0.41,0.4,0.41,6600
DIF,20260116,9.5,9.5,9.45,9.45,8341300
DIMET,20260116,0.05,0.05,0.04,0.05,941000
DITTO,20260116,10.2,10.8,10.2,10.7,1719000
DMT,20260116,10.6,10.6,10.5,10.5,717300
DOD,20260116,1.5,1.55,1.49,1.51,201700
DOHOME,20260116,3.42,3.5,3.38,3.5,14724800
DPAINT,20260116,0.61,0.63,0.59,0.61,899200
DREIT,20260116,4.86,4.88,4.84,4.88,29900
DRT,20260116,5,5.05,4.98,5.05,107600
DTCENT,20260116,0.89,0.89,0.87,0.89,230400
DUSIT,20260116,11.5,11.8,11.5,11.8,91700
DV8,20260116,4.78,4.78,4.58,4.62,379600
EA,20260116,2.7,2.88,2.7,2.84,117337100
EASON,20260116,1.08,1.1,1.08,1.1,87000
EAST,20260116,0.65,0.67,0.65,0.67,7100
EASTW,20260116,1.8,1.84,1.8,1.84,162100
ECF,20260116,0.07,0.07,0.06,0.07,3647500
EFORL,20260116,0.14,0.15,0.13,0.15,6958300
EGATIF,20260116,6.2,6.2,6.1,6.2,403100
EGCO,20260116,114.5,116,113.5,115.5,911400
EKH,20260116,4.92,4.94,4.92,4.92,137700
EMC,20260116,0.03,0.03,0.02,0.02,1289300
EMPIRE,20260116,1.07,1.14,1.05,1.07,7645800
EP,20260116,1.18,1.18,1.17,1.18,6500
EPG,20260116,2.86,2.92,2.84,2.88,945100
ERW,20260116,2.14,2.16,2.1,2.14,9550200
ESTAR,20260116,0.2,0.21,0.2,0.21,58200
ETC,20260116,0.56,0.57,0.54,0.56,2328900
ETE,20260116,0.54,0.56,0.54,0.55,29600
ETL,20260116,0.55,0.56,0.54,0.56,560700
EURO,20260116,4.04,4.04,3.9,3.9,7600
EVER,20260116,0.05,0.05,0.04,0.05,1196900
FANCY,20260116,0.32,0.32,0.29,0.32,58400
FLOYD,20260116,1.18,1.18,1.16,1.18,107000
FM,20260116,3.62,3.62,3.56,3.6,732500
FMT,20260116,23.8,23.8,23.8,23.8,300
FN,20260116,0.45,0.46,0.43,0.46,101800
FNS,20260116,0.83,0.83,0.82,0.82,29400
FORTH,20260116,5.85,6.05,5.75,5.95,872600
FPI,20260116,1.66,1.68,1.62,1.62,95300
FPT,20260116,5.9,6.05,5.9,6,35100
FSMART,20260116,5.9,6.15,5.9,6.15,1167600
FSX,20260116,0.68,0.74,0.68,0.72,9200
FTE,20260116,1.92,1.94,1.92,1.94,478200
FTI,20260116,1.98,1.98,1.91,1.95,26600
FTREIT,20260116,11.1,11.3,10.7,11,4388400
FUTURERT,20260116,9.15,9.15,9.1,9.15,56900
FVC,20260116,0.47,0.48,0.47,0.48,47500
GABLE,20260116,3.42,3.42,3.38,3.42,69900
GAHREIT,20260116,4.26,4.36,4.26,4.36,32800
GBX,20260116,0.47,0.47,0.46,0.47,297100
GC,20260116,3.98,3.98,3.96,3.98,255100
GCAP,20260116,0.29,0.29,0.28,0.29,59800
GEL,20260116,0.02,0.03,0.02,0.02,1992900
GENCO,20260116,0.25,0.26,0.24,0.25,377400
GFC,20260116,2.82,2.9,2.8,2.86,78700
GFPT,20260116,10.2,10.3,10,10.3,1412700
GGC,20260116,3.34,3.36,3.34,3.34,700
GJS,20260116,0.1,0.11,0.09,0.1,1537000
GLOBAL,20260116,6.2,6.5,6.15,6.45,8122000
GLORY,20260116,0.64,0.64,0.61,0.62,38800
GPI,20260116,1.58,1.58,1.57,1.58,146300
GPSC,20260116,36.25,38.75,36,38.5,8543500
GRAMMY,20260116,4.04,4.08,4.04,4.06,1900
GRAND,20260116,0.03,0.04,0.03,0.03,651600
GREEN,20260116,0.62,0.65,0.62,0.65,17800
GROREIT,20260116,7.3,7.35,7.25,7.35,66000
GTB,20260116,0.68,0.68,0.66,0.66,23900
GTV,20260116,0.03,0.04,0.03,0.04,2521900
GULF,20260116,43.25,45.25,43,45.25,56765400
GUNKUL,20260116,1.79,1.82,1.79,1.81,9388300
GVREIT,20260116,6.55,6.6,6.5,6.6,386900
GYT,20260116,205,209,200,208,5100
HANA,20260116,16.3,16.5,16,16.4,7204400
HANN,20260116,0.88,0.9,0.87,0.89,936100
HARN,20260116,1.95,1.96,1.94,1.96,5800
HEALTH,20260116,0.49,0.49,0.49,0.49,2500
HENG,20260116,0.97,0.98,0.96,0.97,1345100
HFT,20260116,4.2,4.26,4.2,4.22,245700
HL,20260116,7.1,7.1,7.05,7.1,8100
HMPRO,20260116,6.55,6.9,6.5,6.85,71861500
HPF,20260116,5.2,5.2,5.15,5.15,12600
HPT,20260116,0.34,0.34,0.33,0.34,28800
HTC,20260116,15,15.1,15,15,232200
HTECH,20260116,2.76,2.78,2.74,2.78,71500
HUMAN,20260116,4.92,4.96,4.9,4.92,320200
HYDRO,20260116,3.92,3.94,3.82,3.94,656800
I2,20260116,0.71,0.76,0.7,0.71,1579600
ICC,20260116,25,25.25,25,25.25,200
ICHI,20260116,13.5,13.6,13.5,13.6,1929100
ICN,20260116,1.54,1.6,1.54,1.6,107900
IDG,20260116,1.66,1.75,1.65,1.7,3229400
IFS,20260116,2.1,2.12,2.1,2.12,800
IHL,20260116,1.6,1.6,1.55,1.57,51200
IIG,20260116,1.77,1.78,1.72,1.78,5902900
III,20260116,3.9,3.92,3.88,3.92,417700
ILINK,20260116,4.66,4.66,4.62,4.62,83000
ILM,20260116,13,13.1,13,13.1,578600
IMH,20260116,3.06,3.08,3,3.06,38800
IMPACT,20260116,10.2,10.3,10.2,10.3,741900
IND,20260116,1.37,1.42,1.36,1.42,852300
INET,20260116,3.64,3.66,3.6,3.6,896800
INETREIT,20260116,11.5,11.6,11.5,11.6,1499600
INGRS,20260116,0.24,0.25,0.24,0.25,1148200
INOX,20260116,0.44,0.44,0.42,0.43,1153500
INSET,20260116,1.85,1.85,1.78,1.78,3990900
IP,20260116,4.42,4.48,4.4,4.48,190600
IRC,20260116,11.7,11.8,11.6,11.8,20200
IRCP,20260116,0.27,0.28,0.27,0.27,163000
IROYAL,20260116,4.86,4.88,4.86,4.88,7100
IRPC,20260116,1.15,1.17,1.14,1.16,65101600
ISSARA,20260116,6.65,6.65,6.65,6.65,100
IT,20260116,3.32,3.32,3.3,3.32,18400
ITC,20260116,16.4,16.6,16.3,16.5,1887000
ITD,20260116,0.18,0.2,0.15,0.19,92889300
ITEL,20260116,1.25,1.25,1.23,1.25,129400
ITNS,20260116,1.53,1.56,1.48,1.52,87300
ITTHI,20260116,1.3,1.33,1.27,1.3,28800
IVF,20260116,0.81,0.81,0.79,0.8,1192900
IVL,20260116,18.4,18.8,18.2,18.6,37603900
J,20260116,0.67,0.67,0.65,0.66,58300
JAK,20260116,0.68,0.68,0.66,0.68,7900
JAS,20260116,1.29,1.32,1.29,1.31,15331700
JCK,20260116,0.12,0.14,0.12,0.14,3341600
JCT,20260116,84.25,84.25,84.25,84.25,300
JDF,20260116,1.42,1.42,1.4,1.41,26800
JMART,20260116,6.4,7.15,6.4,7,10902200
JMT,20260116,8.35,8.6,8.3,8.55,10127700
JPARK,20260116,2.4,2.48,2.38,2.38,1566900
JR,20260116,1.7,1.72,1.7,1.72,50500
JSP,20260116,1.9,1.94,1.88,1.94,54100
JTS,20260116,55.75,55.75,52,52.5,412400
JUBILE,20260116,6.9,7,6.9,7,1900
K,20260116,1.08,1.08,1.07,1.07,9500
KAMART,20260116,8.85,8.9,8.85,8.9,551800
KASET,20260116,0.52,0.53,0.51,0.53,105100
KBANK,20260116,192,194,191.5,194,12399700
KBS,20260116,5.95,6.1,5.95,6.05,658400
KBSPIF,20260116,8.2,8.25,8.15,8.25,67100
KC,20260116,0.03,0.03,0.03,0.03,3200
KCAR,20260116,5.45,5.5,5.45,5.5,12000
KCC,20260116,2.2,2.24,2.2,2.22,7900
KCE,20260116,18.4,18.4,18,18.2,9177300
KCG,20260116,8.5,8.5,8.3,8.35,779600
KCM,20260116,0.17,0.17,0.16,0.16,1400
KGEN,20260116,1.21,1.24,1.16,1.2,1313400
KGI,20260116,4.02,4.04,4,4.04,588500
KIAT,20260116,0.33,0.33,0.32,0.32,3631600
KISS,20260116,2.9,2.98,2.9,2.98,124900
KJL,20260116,5.75,6,5.75,5.95,130800
KK,20260116,0.83,0.84,0.81,0.81,27000
KKP,20260116,66.5,67,66,67,1887100
KLINIQ,20260116,21.1,21.2,21,21.2,129700
KOOL,20260116,0.28,0.3,0.28,0.29,1920100
KSL,20260116,1.22,1.23,1.2,1.21,1183000
KTB,20260116,28.75,29,28.5,28.75,37162600
KTBSTMR,20260116,5.4,5.4,5.35,5.4,137100
KTC,20260116,27,27.5,26.75,27.25,25543200
KTIS,20260116,1.92,1.96,1.92,1.96,50900
KTMS,20260116,1.91,1.95,1.91,1.94,13400
KUMWEL,20260116,1.04,1.05,1.03,1.04,12300
KUN,20260116,0.82,0.84,0.82,0.84,5700
KWM,20260116,0.9,0.9,0.89,0.9,7200
KYE,20260116,292,292,289,291,1300
L&E,20260116,1.04,1.05,1.03,1.03,41300
LALIN,20260116,4.76,4.78,4.68,4.72,294100
LANNA,20260116,15.6,15.8,15.6,15.7,142900
LDC,20260116,0.3,0.31,0.29,0.3,89900
LEE,20260116,2.52,2.58,2.52,2.56,27000
LEO,20260116,1.97,1.99,1.96,1.97,98300
LH,20260116,3.76,3.9,3.74,3.88,30052100
LHFG,20260116,0.9,0.95,0.9,0.94,8014200
LHHOTEL,20260116,12.9,12.9,12.6,12.8,2611000
LHK,20260116,3.36,3.38,3.36,3.36,16700
LHRREIT,20260116,4.34,4.4,4.34,4.4,170300
LHSC,20260116,12.6,12.8,12.2,12.6,2415000
LIT,20260116,0.66,0.66,0.65,0.65,15300
LOXLEY,20260116,1.21,1.22,1.2,1.22,104800
LPH,20260116,3.72,3.74,3.7,3.72,36400
LPN,20260116,1.51,1.52,1.5,1.52,284300
LST,20260116,4.72,4.72,4.68,4.72,130200
LTMH,20260116,4.48,4.48,4.48,4.48,1600
LTS,20260116,2.26,2.28,2.2,2.22,190600
LUXF,20260116,9.1,9.1,9,9.05,11400
M,20260116,18.8,19,18.3,18.9,3539400
M-CHAI,20260116,22,22,22,22,10100
M-PAT,20260116,1.76,1.76,1.76,1.76,400
M-STOR,20260116,8.05,8.1,7.25,7.25,5700
MADAME,20260116,0.14,0.15,0.13,0.14,9484300
MAGURO,20260116,19.4,19.5,19,19.5,205400
MAJOR,20260116,7,7,6.75,7,2634900
MALEE,20260116,3.9,4.1,3.9,4.1,2861100
MASTEC,20260116,0.98,0.98,0.97,0.98,221600
MASTER,20260116,7.9,8.55,7.85,8.4,2722200
MATCH,20260116,0.74,0.74,0.74,0.74,300
MATI,20260116,3.22,3.22,3.22,3.22,100
MBAX,20260116,1.4,1.43,1.4,1.41,22700
MBK,20260116,17.9,18.2,17.8,18.2,1422700
MC,20260116,11.4,11.5,11.3,11.5,1782200
MCA,20260116,0.94,0.97,0.91,0.97,426600
MCOT,20260116,3.02,3.02,2.94,3.02,21500
MCS,20260116,8.3,8.4,8.3,8.35,229900
MDX,20260116,2.4,2.42,2.38,2.4,56200
MEB,20260116,13.7,14,13.1,14,439900
MEDEZE,20260116,6.05,6.2,6.05,6.1,262300
MEGA,20260116,35,35.25,34.25,35.25,583800
MENA,20260116,0.71,0.72,0.7,0.72,371700
META,20260116,0.06,0.07,0.05,0.06,860100
METCO,20260116,289,291,289,291,8400
MFC,20260116,24.2,24.3,24.2,24.2,4800
MFEC,20260116,5.3,5.35,5.2,5.2,237900
MGC,20260116,4.42,4.42,4.38,4.38,2500
MGI,20260116,5.2,6.4,5.15,6,3180500
MGT,20260116,1.58,1.6,1.58,1.58,17800
MICRO,20260116,0.81,0.82,0.81,0.82,170300
MIDA,20260116,0.2,0.2,0.19,0.2,217900
MII,20260116,4.52,4.52,4.5,4.5,2800
MILL,20260116,0.06,0.07,0.06,0.07,1298600
MINT,20260116,22.5,22.5,21.5,22.3,46061000
MITSIB,20260116,0.6,0.61,0.58,0.6,653200
MJD,20260116,0.32,0.32,0.31,0.32,312900
MJLF,20260116,4.92,4.94,4.9,4.94,96200
MK,20260116,0.45,0.47,0.45,0.46,105300
ML,20260116,0.51,0.51,0.48,0.5,206300
MMM,20260116,3.12,3.24,3.1,3.22,475300
MNIT,20260116,1.89,1.89,1.85,1.85,5000
MODERN,20260116,2.1,2.1,2.04,2.08,25200
MONO,20260116,1.24,1.32,1.24,1.3,19758800
MOONG,20260116,2.1,2.14,2.1,2.1,149400
MORE,20260116,0.03,0.04,0.03,0.04,2553400
MOSHI,20260116,34,34.5,33.75,34.25,168200
MOTHER,20260116,1.16,1.16,1.14,1.16,315900
MPJ,20260116,3.58,3.66,3.56,3.64,139000
MRDIYT,20260116,8.35,8.4,8.25,8.25,556300
MSC,20260116,7.5,7.6,7.5,7.6,6100
MST,20260116,6.7,6.7,6.7,6.7,16100
MTC,20260116,29.5,29.5,28.5,29.5,10592700
MTI,20260116,15.5,15.7,15.3,15.7,25400
MTW,20260116,0.85,0.87,0.79,0.85,67100
MUD,20260116,0.45,0.47,0.4,0.42,14300
MVP,20260116,0.18,0.19,0.17,0.17,476200
NAM,20260116,3.48,3.54,3.48,3.52,2600
NAT,20260116,2.42,2.42,2.4,2.4,4200
NATION,20260116,0.04,0.04,0.03,0.03,357800
NC,20260116,2.04,2.08,2.04,2.04,3100
NCAP,20260116,2.62,2.66,2.58,2.64,1736600
NCH,20260116,0.39,0.42,0.39,0.4,77300
NCL,20260116,0.23,0.25,0.21,0.24,1485800
NCP,20260116,0.93,0.94,0.91,0.94,105300
NDR,20260116,1.3,1.3,1.3,1.3,288200
NEO,20260116,20,20.2,19.9,20.2,63200
NEP,20260116,0.19,0.2,0.18,0.2,75700
NER,20260116,4.74,4.78,4.68,4.78,6661800
NETBAY,20260116,21.6,22,21.6,21.9,292500
NEWS,20260116,0.01,0.01,0.01,0.01,30000200
NEX,20260116,1.13,1.18,1.13,1.16,23479000
NKT,20260116,3.94,3.94,3.92,3.92,98000
NL,20260116,0.6,0.61,0.59,0.61,126700
NNCL,20260116,1.51,1.52,1.47,1.5,212200
NOBLE,20260116,2.16,2.26,2.16,2.2,2074900
NOVA,20260116,8.6,8.75,8.25,8.75,1300
NPK,20260116,12.6,12.6,12.6,12.6,200
NRF,20260116,0.32,0.33,0.28,0.3,1349000
NSL,20260116,22.2,22.7,21.7,22.5,958200
NTF,20260116,5,5.05,4.9,5.05,669500
NTSC,20260116,6.3,6.35,6.15,6.2,19600
NTV,20260116,22.3,23,22.3,23,25700
NUT,20260116,3.7,3.72,3.7,3.7,6000
NV,20260116,0.54,0.54,0.5,0.52,183100
NVD,20260116,0.79,0.79,0.69,0.74,36900
NYT,20260116,3.02,3.06,3.02,3.04,512700
OGC,20260116,9.6,9.65,9.6,9.65,500
OHTL,20260116,319,319,319,319,300
OKJ,20260116,4.06,4.1,4.02,4.04,457300
ONEE,20260116,2.1,2.12,2.08,2.1,351900
ONSENS,20260116,1.02,1.05,1.01,1.03,1185300
OR,20260116,13.7,14.3,13.6,14.2,40189800
ORI,20260116,1.67,1.73,1.65,1.7,3532000
ORN,20260116,0.7,0.7,0.69,0.7,28100
OSP,20260116,17.2,17.7,16.8,17.7,14992500
PACO,20260116,1.24,1.25,1.23,1.24,302300
PAF,20260116,0.69,0.7,0.68,0.68,91200
PANEL,20260116,1.36,1.41,1.34,1.35,150000
PAP,20260116,2.02,2.04,2.02,2.02,20900
PATO,20260116,6.95,6.95,6.9,6.95,24800
PB,20260116,50,50,49.5,50,900
PCC,20260116,2.66,2.68,2.64,2.68,159400
PCE,20260116,2.24,2.26,2.18,2.18,1488900
PCSGH,20260116,3,3.04,3,3,80300
PDG,20260116,2.92,2.94,2.9,2.94,237700
PDJ,20260116,1.1,1.11,1.09,1.11,125600
PEER,20260116,0.1,0.1,0.09,0.09,4554500
PERM,20260116,0.25,0.26,0.23,0.26,665000
PF,20260116,0.05,0.06,0.05,0.05,3193800
PHG,20260116,12.6,12.6,12.6,12.6,5200
PHOL,20260116,2.82,2.82,2.8,2.82,120400
PICO,20260116,4.06,4.06,4.06,4.06,500
PIMO,20260116,0.99,1,0.98,1,223600
PIN,20260116,4.26,4.3,4.26,4.3,109600
PIS,20260116,3.22,3.22,3.2,3.22,343200
PJW,20260116,2.02,2.04,2.02,2.04,76800
PK,20260116,0.54,0.54,0.51,0.54,219200
PL,20260116,1.33,1.34,1.33,1.34,72600
PLANB,20260116,3.44,3.46,3.32,3.42,15803300
PLANET,20260116,0.57,0.58,0.54,0.58,279800
PLAT,20260116,1.09,1.11,1.08,1.1,869100
PLE,20260116,0.17,0.17,0.16,0.17,283000
PLT,20260116,0.61,0.61,0.6,0.61,232100
PLUS,20260116,1.12,1.12,1.1,1.1,583600
PM,20260116,12,12.1,11.9,12.1,78600
PMC,20260116,0.81,0.85,0.81,0.82,558700
PMTA,20260116,10,10.5,10,10.3,9500
POLY,20260116,7,7.05,6.85,7.05,2800
POPF,20260116,6.85,6.85,6.75,6.8,395900
PORT,20260116,0.56,0.56,0.55,0.56,52600
PPM,20260116,1.18,1.18,1.12,1.15,102500
PPPM,20260116,0.32,0.33,0.32,0.33,207900
PPS,20260116,0.17,0.18,0.17,0.17,422000
PQS,20260116,1.41,1.43,1.4,1.41,661100
PR9,20260116,17.6,18,17.5,18,650000
PRAKIT,20260116,11.1,11.1,11.1,11.1,500
PRAPAT,20260116,0.72,0.73,0.71,0.73,70800
PREB,20260116,3.5,3.54,3.42,3.54,13700
PRECHA,20260116,0.46,0.46,0.46,0.46,14500
PRG,20260116,9.05,9.05,8.95,8.95,19700
PRI,20260116,4.3,4.32,4.22,4.22,108800
PRIME,20260116,0.07,0.07,0.05,0.07,620200
PRIN,20260116,1.49,1.49,1.49,1.49,10500
PRINC,20260116,1.71,1.71,1.69,1.7,134300
PRM,20260116,7.1,7.15,6.95,7.1,5935100
PROEN,20260116,1.1,1.13,1.1,1.11,1678900
PROS,20260116,0.39,0.42,0.39,0.4,1455800
PROSPECT,20260116,7,7,6.95,7,107500
PROUD,20260116,0.74,0.74,0.7,0.72,820200
PRTR,20260116,3.16,3.2,3.14,3.18,510000
PSGC,20260116,2.36,2.36,2.32,2.36,78600
PSH,20260116,3.62,3.64,3.58,3.6,590100
PSL,20260116,5.85,5.95,5.85,5.95,1142600
PSP,20260116,4.56,4.58,4.56,4.56,172200
PSTC,20260116,0.29,0.3,0.29,0.3,436300
PT,20260116,12.3,12.3,12.2,12.3,66600
PTC,20260116,0.56,0.59,0.53,0.58,185000
PTECH,20260116,1.57,1.71,1.57,1.69,900
PTG,20260116,7.35,7.45,7.25,7.45,2582000
PTL,20260116,8,8.1,8,8.05,20900
PTT,20260116,32.75,33.25,32.75,33,76749200
PTTEP,20260116,114.5,116,114.5,116,8481300
PTTGC,20260116,23.3,23.7,23.1,23.6,20383600
PYLON,20260116,2.64,2.68,2.6,2.64,324300
Q-CON,20260116,6.4,6.5,6.4,6.5,34300
QDC,20260116,0.12,0.12,0.11,0.12,654900
QH,20260116,1.29,1.31,1.28,1.3,9061100
QHBREIT,20260116,3.46,3.48,3.44,3.48,153900
QHHRREIT,20260116,6.45,6.5,6,6.35,632900
QHOP,20260116,2.78,2.8,2.78,2.8,500
QLT,20260116,1.55,1.57,1.52,1.57,5100
QTC,20260116,3.54,3.56,3.52,3.54,36500
QTCG,20260116,0.14,0.15,0.13,0.15,118100
RABBIT,20260116,0.25,0.26,0.25,0.26,3289100
RAM,20260116,18,18.1,18,18.1,5600
RATCH,20260116,29.5,30,29.25,30,2738100
RBF,20260116,3.1,3.12,3.04,3.12,7092800
RCL,20260116,27.75,28,27.75,28,901900
READY,20260116,2.98,3.06,2.98,3.06,172800
RICHY,20260116,0.15,0.16,0.15,0.16,110300
RJH,20260116,13.1,13.1,13,13,15900
RML,20260116,0.13,0.13,0.12,0.12,69100
ROCK,20260116,9.65,9.7,9.6,9.7,3800
ROCTEC,20260116,0.56,0.57,0.55,0.56,1197100
ROJNA,20260116,4.44,4.5,4.42,4.48,931100
RP,20260116,0.6,0.61,0.59,0.6,15000
RPC,20260116,0.27,0.28,0.27,0.27,113300
RPH,20260116,4.9,4.9,4.88,4.9,42000
RS,20260116,0.18,0.18,0.17,0.18,1872700
RSP,20260116,1.16,1.16,1.13,1.13,229900
RT,20260116,0.26,0.27,0.26,0.26,1430400
RWI,20260116,0.21,0.21,0.19,0.21,841800
S,20260116,0.49,0.5,0.48,0.5,2360900
S&J,20260116,31,31,31,31,15300
S11,20260116,3.28,3.34,3.28,3.34,22000
SA,20260116,7.1,7.15,7,7.15,76700
SAAM,20260116,5,5,4.84,4.98,76900
SABINA,20260116,16.3,16.3,16,16,265400
SAF,20260116,0.37,0.38,0.35,0.37,32100
SAFE,20260116,5.9,5.95,5.85,5.9,83000
SAK,20260116,3.2,3.24,3.18,3.2,614500
SALEE,20260116,0.37,0.37,0.35,0.37,119100
SAM,20260116,0.16,0.16,0.15,0.16,160400
SAMART,20260116,5.45,5.9,5.45,5.9,3712100
SAMCO,20260116,0.69,0.7,0.68,0.69,16500
SAMTEL,20260116,3.92,4.02,3.92,3.96,141700
SANKO,20260116,0.83,0.84,0.83,0.84,120700
SAPPE,20260116,31,31,30.5,30.75,91400
SAT,20260116,14.9,15,14.9,14.9,319700
SAUCE,20260116,39.75,39.75,39.25,39.25,14200
SAV,20260116,11.7,11.8,11.5,11.7,87800
SAWAD,20260116,23.3,23.5,22.9,23.4,10465800
SAWANG,20260116,7.2,7.2,7.15,7.15,2200
SC,20260116,1.64,1.68,1.62,1.67,7521400
SCAP,20260116,1,1,0.98,0.98,844300
SCB,20260116,139,140,138,139.5,11794700
SCC,20260116,206,209,203,207,2944300
SCCC,20260116,144.5,144.5,144,144.5,70400
SCG,20260116,2.82,2.82,2.2,2.22,68500
SCGD,20260116,4.72,4.76,4.7,4.72,125500
SCGP,20260116,20.3,21.1,20.3,20.7,22826500
SCI,20260116,0.9,0.9,0.89,0.9,41700
SCL,20260116,1.28,1.32,1.27,1.3,42900
SCM,20260116,0.14,0.15,0.14,0.14,142700
SCN,20260116,0.35,0.37,0.35,0.36,568500
SCP,20260116,8.6,8.65,8.55,8.65,206400
SDC,20260116,0.03,0.04,0.03,0.03,1985100
SE,20260116,0.42,0.44,0.41,0.42,156200
SE-ED,20260116,1.68,1.7,1.68,1.7,200
SEAFCO,20260116,1.99,1.99,1.97,1.99,639400
SEAOIL,20260116,3.04,3.04,3.02,3.02,359400
SECURE,20260116,12.8,12.9,12.5,12.9,13000
SEI,20260116,2.18,2.24,2.16,2.2,457000
SELIC,20260116,2.62,2.62,2.56,2.6,52800
SENA,20260116,1.67,1.69,1.67,1.69,68100
SENX,20260116,0.23,0.24,0.23,0.24,285800
SFLEX,20260116,3.16,3.24,3.14,3.22,2896500
SFT,20260116,2,2.02,2,2.02,5200
SGC,20260116,0.75,0.78,0.74,0.78,6779100
SGF,20260116,0.19,0.19,0.18,0.18,319700
SGP,20260116,7.35,7.5,7.3,7.5,21200
SHANG,20260116,47.25,50.25,47.25,50.25,3100
SHR,20260116,1.65,1.69,1.62,1.68,2338100
SIAM,20260116,0.66,0.67,0.63,0.66,114800
SICT,20260116,2.32,2.36,2.32,2.34,707100
SIMAT,20260116,1.36,1.43,1.36,1.41,6701300
SINGER,20260116,4.36,4.6,4.34,4.54,5650600
SINO,20260116,0.99,0.99,0.95,0.95,125000
SIRI,20260116,1.33,1.36,1.33,1.35,48888800
SIS,20260116,19.5,19.6,19.3,19.5,312200
SISB,20260116,9.65,9.9,9.5,9.85,3217000
SITHAI,20260116,1.04,1.05,1.04,1.04,74900
SJWD,20260116,6.6,6.9,6.6,6.8,2720100
SK,20260116,0.57,0.57,0.55,0.56,164800
SKE,20260116,0.14,0.15,0.14,0.14,32000
SKIN,20260116,1.25,1.26,1.22,1.23,505200
SKN,20260116,6.8,7,6.6,6.6,308900
SKR,20260116,6.95,7,6.85,6.85,836900
SKY,20260116,10.4,10.4,10.2,10.3,720500
SLP,20260116,0.36,0.37,0.36,0.36,113100
SMART,20260116,0.43,0.44,0.43,0.43,342400
SMD100,20260116,2.28,2.32,2.24,2.26,252800
SMIT,20260116,3.58,3.58,3.58,3.58,21000
SMO,20260116,3.4,3.46,3.4,3.44,539600
SMPC,20260116,9,9.05,9,9.05,41900
SMT,20260116,1.15,1.2,1.15,1.16,308800
SNC,20260116,5.95,5.95,5.9,5.95,117600
SNNP,20260116,7.15,7.15,7.05,7.1,227000
SNP,20260116,9.7,9.7,9.65,9.65,700
SNPS,20260116,4.28,4.28,4.22,4.26,49100
SO,20260116,4.02,4.02,3.98,3.98,30200
SOLAR,20260116,0.19,0.19,0.17,0.19,575900
SONIC,20260116,1.49,1.49,1.48,1.48,116100
SORKON,20260116,3.48,3.52,3.48,3.52,24600
SPA,20260116,2.92,2.98,2.9,2.94,891300
SPACK,20260116,1.12,1.14,1.12,1.12,39100
SPALI,20260116,16.5,17.1,16.4,16.9,6676000
SPC,20260116,57.75,58,57.75,57.75,1300
SPCG,20260116,9.55,9.65,9.5,9.65,478400
SPI,20260116,39.75,39.75,39.75,39.75,1700
SPRC,20260116,6.45,6.55,6.45,6.5,11027300
SPREME,20260116,1.53,1.69,1.52,1.54,11997600
SPRIME,20260116,3.54,3.54,3.5,3.52,178200
SPVI,20260116,2.12,2.14,2.1,2.14,99500
SQ,20260116,0.35,0.35,0.33,0.35,93500
SR,20260116,0.35,0.35,0.35,0.35,400
SRICHA,20260116,9.95,10,9.85,9.95,165800
SRIPANWA,20260116,5,5.05,4.84,4.94,1428600
SRS,20260116,1.64,1.72,1.6,1.7,56200
SSF,20260116,4.96,5,4.96,4.98,6200
SSP,20260116,3.16,3.18,3.14,3.14,231900
SSPF,20260116,3.1,3.1,3.08,3.08,600
SSSC,20260116,2.12,2.12,2.12,2.12,2200
SST,20260116,1.24,1.25,1.23,1.24,1600
SSTRT,20260116,4.28,4.4,4.28,4.3,19100
STA,20260116,12.5,12.7,12.5,12.5,2617300
STANLY,20260116,186.5,187.5,186,187,13900
STARM,20260116,0.93,0.95,0.93,0.93,25700
STC,20260116,0.29,0.29,0.28,0.28,196100
STECH,20260116,0.97,0.97,0.96,0.97,43300
STECON,20260116,7.05,7.45,6.95,7.45,56268800
STELLA,20260116,0.16,0.17,0.15,0.17,2590200
STGT,20260116,10,10.1,9.85,9.95,1989700
STI,20260116,1.86,1.86,1.8,1.83,22300
STOWER,20260116,0.03,0.04,0.03,0.04,3306000
STP,20260116,9.95,9.95,9.8,9.95,15200
STPI,20260116,4.68,4.7,4.62,4.7,2858600
STX,20260116,1.03,1.04,1.03,1.03,376300
SUC,20260116,27.25,27.25,27.25,27.25,103300
SUN,20260116,2.96,3,2.96,3,100800
SUPER,20260116,0.1,0.11,0.1,0.1,2639700
SUPEREIF,20260116,5.45,5.5,5.45,5.5,213500
SUSCO,20260116,2.12,2.16,2.12,2.14,511100
SUTHA,20260116,2.34,2.34,2.34,2.34,10000
SVI,20260116,7.3,7.35,7.3,7.3,1966100
SVOA,20260116,1.29,1.31,1.28,1.3,474600
SVR,20260116,0.31,0.31,0.28,0.3,310200
SVT,20260116,1.25,1.26,1.24,1.25,105700
SWC,20260116,3.96,3.96,3.96,3.96,1400
SYMC,20260116,3.3,3.34,3.28,3.32,13700
SYNEX,20260116,9.55,9.75,9.55,9.6,1580700
SYNTEC,20260116,1.62,1.64,1.61,1.64,394700
TACC,20260116,5.3,5.3,5.25,5.3,1132400
TAE,20260116,0.48,0.49,0.47,0.48,118900
TAKUNI,20260116,0.35,0.35,0.34,0.35,1233700
TAN,20260116,3.7,3.76,3.7,3.7,1600
TASCO,20260116,14.4,14.4,14.3,14.4,1851700
TATG,20260116,0.95,0.97,0.95,0.96,196100
TBN,20260116,4.14,4.14,4.14,4.14,100
TC,20260116,4.98,5,4.96,4.96,45800
TCAP,20260116,58.25,59,58,59,1783400
TCC,20260116,0.27,0.27,0.25,0.27,58600
TCJ,20260116,2.38,2.46,2.38,2.46,2400
TCMC,20260116,0.35,0.36,0.35,0.36,193700
TEAM,20260116,2.36,2.46,2.34,2.38,145000
TEAMG,20260116,3.02,3.1,2.98,3.06,875600
TEGH,20260116,3.02,3.04,2.98,3,835200
TEKA,20260116,1.67,1.68,1.66,1.68,13700
TERA,20260116,1,1,0.98,1,87000
TFFIF,20260116,6.5,6.55,6.45,6.5,3878800
TFG,20260116,4.64,4.7,4.62,4.66,14978300
TFI,20260116,0.05,0.05,0.05,0.05,2800
TFM,20260116,6.15,6.2,6.1,6.1,1154800
TFMAMA,20260116,190,190,189.5,189.5,600
TGE,20260116,1.39,1.39,1.35,1.36,15700
TGPRO,20260116,0.04,0.06,0.04,0.05,964500
TH,20260116,0.43,0.45,0.42,0.45,929200
THAI,20260116,6.85,6.95,6.8,6.9,7808500
THANA,20260116,1.61,1.61,1.53,1.57,2486100
THANI,20260116,1.62,1.63,1.61,1.62,973600
THCOM,20260116,8.25,8.75,8.2,8.65,3069100
THE,20260116,0.71,0.75,0.68,0.71,62200
THG,20260116,8.5,8.85,8.45,8.85,2441100
THIP,20260116,22.7,23,22.7,23,300
THMUI,20260116,0.3,0.3,0.27,0.3,100600
THRE,20260116,0.35,0.36,0.34,0.36,96700
THREL,20260116,1.01,1.01,0.98,0.99,124000
TIDLOR,20260116,16.5,16.6,16.2,16.6,10227200
TIF1,20260116,7.15,7.15,7.15,7.15,11300
TIGER,20260116,0.28,0.29,0.27,0.29,25000
TIPCO,20260116,7.6,7.75,7.6,7.7,460200
TIPH,20260116,20.2,20.3,20,20.2,113800
TISCO,20260116,111,112,110.5,111.5,3374700
TITLE,20260116,6.35,6.5,6.35,6.35,474100
TK,20260116,4.24,4.26,4.22,4.26,164700
TKC,20260116,8.7,8.7,8.3,8.3,33900
TKN,20260116,4.14,4.16,4.1,4.14,909200
TKS,20260116,6.25,6.3,6.1,6.3,1031700
TKT,20260116,0.7,0.71,0.7,0.71,3000
TL,20260116,0.3,0.32,0.3,0.3,3803300
TLHPF,20260116,3.9,3.9,3.82,3.82,117000
TLI,20260116,10.2,10.6,10.2,10.5,21274200
TM,20260116,0.87,0.88,0.86,0.88,27800
TMAN,20260116,10.6,10.8,10.6,10.8,56100
TMC,20260116,0.72,0.72,0.71,0.71,200
TMD,20260116,26.75,26.75,25.75,26.25,2300
TMI,20260116,0.49,0.5,0.48,0.49,30000
TMILL,20260116,2.16,2.16,2.12,2.12,9200
TMT,20260116,2.7,2.72,2.68,2.72,5800
TMW,20260116,57,57.25,56.5,57,19900
TNDT,20260116,0.15,0.15,0.14,0.15,475200
TNH,20260116,32,32,32,32,5500
TNITY,20260116,2.64,2.8,2.62,2.8,253200
TNP,20260116,2.7,2.7,2.68,2.68,89600
TNPC,20260116,0.84,0.84,0.78,0.83,85600
TNPF,20260116,1.19,1.2,1.19,1.2,530500
TNR,20260116,5.85,5.9,5.85,5.85,120600
TOA,20260116,13.9,14,13.7,13.9,925200
TOG,20260116,6.4,6.55,6.25,6.35,216900
TOP,20260116,40,40,38.75,39.75,14204900
TPAC,20260116,8.05,8.1,7.95,8.1,44500
TPBI,20260116,2.84,2.88,2.82,2.86,146200
TPCH,20260116,1.65,1.68,1.62,1.64,5352800
TPCS,20260116,9.55,9.55,9.55,9.55,100
TPIPL,20260116,0.73,0.75,0.73,0.75,20943300
TPIPP,20260116,1.8,1.84,1.79,1.84,5994400
TPL,20260116,0.49,0.5,0.48,0.48,142100
TPLAS,20260116,0.86,0.87,0.86,0.87,12100
TPOLY,20260116,0.22,0.23,0.22,0.23,602000
TPP,20260116,10.4,10.7,10.3,10.7,3800
TPRIME,20260116,7.05,7.05,7,7,12500
TPS,20260116,3.32,3.42,3.28,3.38,70700
TQM,20260116,11.4,11.6,11.4,11.4,1240900
TQR,20260116,4.92,4.94,4.82,4.94,39300
TRC,20260116,0.42,0.46,0.41,0.45,329300
TRITN,20260116,0.02,0.03,0.02,0.03,482600
TRP,20260116,4.32,4.32,4.28,4.3,35800
TRT,20260116,3.56,3.64,3.56,3.64,66400
TRU,20260116,3.92,3.94,3.88,3.92,17100
TRUBB,20260116,0.62,0.62,0.61,0.61,139800
TRUE,20260116,11.9,12,11.7,12,107912300
TRV,20260116,1.66,1.66,1.66,1.66,8000
TSC,20260116,15.6,15.6,15.5,15.6,26700
TSE,20260116,0.39,0.4,0.39,0.4,702900
TSI,20260116,0.04,0.05,0.04,0.04,316000
TSR,20260116,0.13,0.14,0.13,0.13,261900
TSTE,20260116,10.9,10.9,10.9,10.9,4000
TSTH,20260116,0.68,0.68,0.67,0.67,389900
TTA,20260116,4.08,4.12,4.04,4.12,2348400
TTB,20260116,2.02,2.06,2.02,2.06,500304400
TTCL,20260116,0.15,0.19,0.15,0.16,7978900
TTLPF,20260116,9.95,10,9.95,10,44100
TTT,20260116,45.5,45.75,44.5,45.75,400
TTW,20260116,9.05,9.1,9.05,9.1,1087600
TU,20260116,12.7,12.7,12.5,12.6,10137500
TURBO,20260116,1.27,1.28,1.24,1.27,9685400
TURTLE,20260116,3.58,3.58,3.58,3.58,200
TVDH,20260116,0.07,0.07,0.06,0.06,86700
TVH,20260116,8.9,8.9,8.7,8.75,75500
TVO,20260116,22.5,22.8,22.5,22.7,673700
TVT,20260116,0.25,0.25,0.25,0.25,20800
TWP,20260116,1.18,1.2,1.11,1.14,87800
TWPC,20260116,2.86,2.9,2.84,2.88,167800
TWZ,20260116,0.02,0.02,0.01,0.02,12865600
TYCN,20260116,1.65,1.65,1.65,1.65,800
UAC,20260116,2.66,2.66,2.66,2.66,27200
UBA,20260116,0.95,0.97,0.95,0.95,319000
UBE,20260116,0.43,0.44,0.43,0.44,276100
UBIS,20260116,0.94,0.97,0.94,0.95,46900
UEC,20260116,0.62,0.62,0.59,0.61,171100
UKEM,20260116,0.58,0.59,0.58,0.58,937300
UMI,20260116,0.67,0.68,0.67,0.67,10500
UNIQ,20260116,2.78,2.98,2.78,2.88,1861200
UPF,20260116,23.2,23.2,23.2,23.2,800
UPOIC,20260116,6.6,6.6,6.6,6.6,1000
UREKA,20260116,0.34,0.35,0.34,0.34,2201000
UTP,20260116,7.5,7.65,7.45,7.5,77300
UV,20260116,0.8,0.81,0.8,0.81,121600
UVAN,20260116,13,13,12.9,12.9,160500
VCOM,20260116,2.98,3,2.94,2.98,123800
VGI,20260116,0.85,0.87,0.84,0.86,33805400
VIBHA,20260116,1.38,1.38,1.37,1.38,499600
VIH,20260116,8,8.1,7.95,8.1,320000
VL,20260116,0.8,0.8,0.78,0.8,310900
VNG,20260116,1.74,1.75,1.74,1.75,51400
VPO,20260116,0.44,0.45,0.44,0.45,501700
VRANDA,20260116,4.38,4.42,4.32,4.4,141200
VS,20260116,0.24,0.25,0.24,0.25,18200
WARRIX,20260116,1.78,1.78,1.75,1.78,312000
WASH,20260116,4.22,4.24,4.18,4.2,447300
WAVE,20260116,0.02,0.03,0.02,0.02,1295900
WFX,20260116,0.71,0.72,0.69,0.71,123400
WGE,20260116,0.8,0.84,0.8,0.84,1442000
WHA,20260116,3.22,3.26,3.2,3.24,46008400
WHABT,20260116,5.9,5.9,5.8,5.9,216900
WHAIR,20260116,6.2,6.2,6.15,6.2,1536600
WHART,20260116,10.4,10.5,10.2,10.2,1521400
WHAUP,20260116,4.3,4.36,4.28,4.34,2982500
WICE,20260116,2.26,2.3,2.26,2.3,187800
WIIK,20260116,0.85,0.86,0.85,0.86,219900
WIN,20260116,0.35,0.35,0.33,0.35,164700
WINDOW,20260116,0.66,0.68,0.66,0.66,453800
WINMED,20260116,0.94,0.96,0.93,0.94,67300
WINNER,20260116,2.16,2.16,2.12,2.14,68900
WORK,20260116,3.56,3.58,3.5,3.58,125300
WP,20260116,3.78,3.78,3.7,3.78,29000
WPH,20260116,5.6,5.7,5.55,5.65,487400
WSOL,20260116,0.22,0.23,0.22,0.22,967200
XBIO,20260116,0.08,0.09,0.07,0.08,10948100
XO,20260116,14.2,14.3,14.2,14.3,60100
XPG,20260116,0.43,0.45,0.42,0.44,20187200
XYZ,20260116,0.49,0.49,0.47,0.48,73900
YGG,20260116,0.31,0.32,0.28,0.31,4286100
YONG,20260116,0.68,0.7,0.67,0.69,293600
YUASA,20260116,13.9,13.9,13.7,13.8,22200
ZAA,20260116,1.77,1.8,1.77,1.8,10800
ZEN,20260116,6.05,6.15,6,6.1,1800
ZIGA,20260116,0.82,0.84,0.82,0.82,517800
2S-O,20260116,2.46,2.46,2.44,2.44,21
3BBIF-O,20260116,6.4,6.45,6.4,6.45,402
88TH-O,20260116,4.16,4.16,4.14,4.14,14
AAI-O,20260116,4.2,4.2,4.1,4.1,94
AAV-O,20260116,1.21,1.23,1.2,1.21,428
ABM-O,20260116,0.63,0.63,0.62,0.62,60
ACE-O,20260116,1.3,1.3,1.29,1.3,40
ADVANC-O,20260116,336,341,336,341,2470
ADVICE-O,20260116,5.7,5.7,5.65,5.65,108
AE-O,20260116,0.09,0.09,0.08,0.08,20
AEONTS-O,20260116,69,100,69,98.75,739
AGE-O,20260116,1.26,1.29,1.26,1.29,69
AH-O,20260116,12.8,12.8,12.8,12.8,11
AHC-O,20260116,13,13.4,13,13.4,7
AIE-O,20260116,1.01,1.02,0.99,1.02,491
AIMCG-O,20260116,1.69,1.69,1.69,1.69,1
AIMIRT-O,20260116,10.6,10.6,10.5,10.6,113
AIRA-O,20260116,1.2,1.2,1.2,1.2,5
AIT-O,20260116,4.94,5,4.94,4.94,71
AJ-O,20260116,1.9,1.96,1.9,1.95,132
AJA-O,20260116,0.17,0.17,0.17,0.17,1
AKP-O,20260116,0.6,0.6,0.6,0.6,11
AKR-O,20260116,0.86,0.86,0.85,0.86,22
AKS-O,20260116,0.01,0.03,0.01,0.01,223
ALLA-O,20260116,1.2,1.2,1.2,1.2,10
ALLY-O,20260116,4.44,4.44,4.32,4.34,182
ALPHAX-O,20260116,0.5,0.5,0.5,0.5,10
AMANAH-O,20260116,0.74,0.75,0.7,0.7,118
AMARC-O,20260116,2.34,2.36,2.34,2.36,96
AMATA-O,20260116,15.2,15.5,15.1,15.5,747
AMATAR-O,20260116,6.65,6.7,6.65,6.7,15
AMATAV-O,20260116,1.28,1.28,1.28,1.28,24
ANAN-O,20260116,0.42,0.42,0.4,0.41,242
ANI-O,20260116,2.7,2.7,2.7,2.7,9
AOT-O,20260116,51.5,52.25,50.5,52.25,4769
AP-O,20260116,8.55,8.75,8.55,8.7,296
APO-O,20260116,1.96,2.02,1.96,2.02,27
APP-O,20260116,2.5,2.5,2.48,2.48,42
APURE-O,20260116,2.16,2.16,2.16,2.16,9
AQUA-O,20260116,0.16,0.16,0.15,0.15,94
ARIN-O,20260116,0.57,0.57,0.57,0.57,10
ARROW-O,20260116,4.76,4.76,3.5,3.5,50
AS-O,20260116,2.74,2.74,2.74,2.74,13
ASIAN-O,20260116,7.3,7.35,7.25,7.25,12
ASK-O,20260116,7.25,7.3,7.25,7.3,27
ASP-O,20260116,2.02,2.02,2,2,13
ASW-O,20260116,5.95,6,5.8,5.8,243
ATLAS-O,20260116,1.64,1.66,1.64,1.66,55
AU-O,20260116,4.5,5.05,4.5,5.05,66
AUCT-O,20260116,5.4,5.4,5.3,5.3,46
AURA-O,20260116,13.6,13.8,13.1,13.2,556
AWC-O,20260116,1.97,2.06,1.97,2.04,567
AXTRART-O,20260116,12.5,12.7,12.5,12.7,67
AYUD-O,20260116,35.75,35.75,35.25,35.5,104
B-O,20260116,0.04,0.05,0.03,0.03,206
B-WORK-O,20260116,5.1,5.1,5.1,5.1,5
BA-O,20260116,15.1,15.4,15.1,15.4,486
BAFS-O,20260116,8.5,8.6,8.5,8.6,124
BAM-O,20260116,7.9,7.95,7.5,7.95,2307
BANPU-O,20260116,5.15,5.3,5.15,5.25,1357
BAREIT-O,20260116,10.3,10.4,10.2,10.4,171
BAY-O,20260116,25.5,25.75,25.5,25.75,51
BBGI-O,20260116,2.72,2.72,2.66,2.68,94
BBIK-O,20260116,14,14.2,14,14.2,80
BBL-O,20260116,170.5,171.5,169,171.5,1799
BCH-O,20260116,9.85,10,9.75,9.9,13699
BCP-O,20260116,28.75,29.25,28.75,29.25,717
BCPG-O,20260116,6.9,7.15,6.55,7.1,726
BCT-O,20260116,58,59,58,58.75,13
BDMS-O,20260116,18.6,19,18.5,18.9,4123
BE8-O,20260116,4.76,4.8,4.74,4.78,14
BEAUTY-O,20260116,0.41,0.41,0.41,0.41,6
BEC-O,20260116,1.83,1.85,1.83,1.85,69
BEM-O,20260116,5.25,5.35,5.25,5.3,652
BGC-O,20260116,3.92,3.92,3.92,3.92,1
BGRIM-O,20260116,13.7,13.9,13.6,13.8,7609
BH-O,20260116,143.5,144.5,142,143.5,2878
BJC-O,20260116,13.7,14,13.6,14,925
BKD-O,20260116,1,1,0.99,0.99,19
BKGI-O,20260116,1.25,1.25,1.25,1.25,10
BKIH-O,20260116,301,301,301,301,23
BLA-O,20260116,20.6,20.9,20.6,20.7,223
BLAND-O,20260116,0.43,0.44,0.43,0.44,6
BLC-O,20260116,4.04,4.04,4.04,4.04,8
BM-O,20260116,1.12,1.13,1.12,1.13,12
BOFFICE-O,20260116,5,5,5,5,21
BOL-O,20260116,5.3,5.3,5.3,5.3,25
BPP-O,20260116,11,11,10.7,10.7,216
BPS-O,20260116,0.43,0.43,0.4,0.4,2
BRI-O,20260116,1.36,1.38,1.35,1.38,60
BRR-O,20260116,3.58,3.58,3.58,3.58,10
BTC-O,20260116,0.26,0.27,0.26,0.27,621
BTG-O,20260116,13.1,19.4,13.1,18.6,154
BTS-O,20260116,2.12,2.16,2.1,2.16,1946
BTSGIF-O,20260116,2.94,2.94,2.54,2.54,100
BUI-O,20260116,12.4,12.4,12.3,12.3,14
BWG-O,20260116,0.27,0.35,0.27,0.35,66
BYD-O,20260116,0.56,0.56,0.53,0.53,71
CBG-O,20260116,42.25,45,42.25,43.25,760
CCET-O,20260116,4.84,4.92,4.84,4.9,1352
CCP-O,20260116,0.23,0.24,0.23,0.24,152
CEN-O,20260116,0.89,0.89,0.83,0.88,12
CENTEL-O,20260116,32.75,33,32.5,32.75,252
CFARM-O,20260116,0.7,0.7,0.7,0.7,1
CFRESH-O,20260116,0.66,0.68,0.66,0.68,2
CHAYO-O,20260116,1,1.24,1,1.24,530
CHEWA-O,20260116,0.26,0.28,0.25,0.25,71
CHG-O,20260116,1.5,1.53,1.5,1.53,605
CHO-O,20260116,0.06,0.07,0.05,0.06,170
CHOW-O,20260116,1.12,1.12,1.12,1.12,1
CK-O,20260116,12.2,13.3,12.2,13.2,1116
CKP-O,20260116,2.32,2.34,2.28,2.34,267
CM-O,20260116,1.68,1.68,1.68,1.68,80
CMC-O,20260116,0.44,0.46,0.44,0.46,30
CMR-O,20260116,1.38,1.38,1.38,1.38,10
COCOCO-O,20260116,5,5.05,5,5.05,176
COLOR-O,20260116,1.03,1.03,1.03,1.03,5
COM7-O,20260116,19.2,19.9,19.1,19.7,648
CPALL-O,20260116,42.5,42.75,41.75,42.5,6081
CPANEL-O,20260116,2.12,2.12,2.1,2.1,2
CPAXT-O,20260116,14.5,14.7,14.3,14.6,4899
CPF-O,20260116,21.5,21.7,21.5,21.7,634
CPI-O,20260116,3.4,3.48,3.4,3.48,116
CPL-O,20260116,0.65,0.65,0.64,0.64,4
CPN-O,20260116,57,58,56.5,58,1154
CPNCG-O,20260116,6.3,6.45,6.3,6.45,68
CPNREIT-O,20260116,11.2,11.3,11.1,11.1,405
CPR-O,20260116,2.74,2.76,2.74,2.76,5
CPTREIT-O,20260116,5.35,5.35,5.35,5.35,6
CPW-O,20260116,1.98,1.98,1.98,1.98,1
CRANE-O,20260116,0.42,0.42,0.42,0.42,1
CRC-O,20260116,17.8,18.3,17.6,18.2,980
CRD-O,20260116,0.33,0.33,0.33,0.33,1
CREDIT-O,20260116,15,15.2,14.9,15.1,66
CSC-O,20260116,45,45,44.75,44.75,2
CSP-O,20260116,0.46,0.46,0.46,0.46,7
CSR-O,20260116,70.5,70.5,70.5,70.5,1
CWT-O,20260116,0.87,0.87,0.87,0.87,1
D-O,20260116,2.42,2.44,2.34,2.44,21
DCC-O,20260116,1.21,1.39,1.21,1.22,19
DCON-O,20260116,0.25,0.25,0.23,0.23,5
DDD-O,20260116,5.6,5.6,5.5,5.5,4
DELTA-O,20260116,166,170.5,163.5,168.5,12427
DEMCO-O,20260116,2.44,2.44,2.44,2.44,1
DEXON-O,20260116,1.1,1.1,1.1,1.1,1
DHOUSE-O,20260116,0.41,0.41,0.41,0.41,1
DIF-O,20260116,9.5,9.65,9.45,9.65,1100
DIMET-O,20260116,0.04,0.06,0.04,0.06,37
DITTO-O,20260116,10.3,10.8,10,10.8,241
DMT-O,20260116,10.6,10.7,10.5,10.6,331
DOD-O,20260116,1.53,1.53,1.53,1.53,2
DOHOME-O,20260116,3.44,4.3,3.38,3.5,1145
DPAINT-O,20260116,0.62,0.62,0.62,0.62,1
DREIT-O,20260116,4.84,4.9,4.84,4.9,12
DRT-O,20260116,5.05,5.05,5,5.05,262
DTCENT-O,20260116,0.88,0.89,0.88,0.88,107
DTCI-O,20260116,25.25,25.25,25.25,25.25,1
DUSIT-O,20260116,11.7,11.7,11.6,11.7,11
DV8-O,20260116,4.7,4.7,4.7,4.7,1
EA-O,20260116,2.74,2.88,2.72,2.8,1139
EASON-O,20260116,1.1,1.1,1.1,1.1,1
EAST-O,20260116,0.87,0.87,0.87,0.87,1
EASTW-O,20260116,1.82,1.88,1.8,1.88,138
ECF-O,20260116,0.05,0.08,0.05,0.08,125
EFORL-O,20260116,0.12,0.14,0.12,0.14,61
EGATIF-O,20260116,6.2,6.2,6.15,6.15,5
EGCO-O,20260116,114,116,114,115.5,641
EKH-O,20260116,4.94,4.94,4.92,4.92,48
EMC-O,20260116,0.04,0.04,0.04,0.04,1
EMPIRE-O,20260116,1.14,1.14,1.14,1.14,39
EP-O,20260116,1.2,1.2,1.2,1.2,1
EPG-O,20260116,3,3,2.86,2.86,48
ERW-O,20260116,2.14,2.18,2.12,2.18,328
ESTAR-O,20260116,0.2,0.2,0.2,0.2,25
ETC-O,20260116,0.54,0.57,0.54,0.57,32
ETE-O,20260116,0.58,0.58,0.58,0.58,1
ETL-O,20260116,0.58,0.58,0.54,0.54,11
EURO-O,20260116,5,5,5,5,1
EVER-O,20260116,0.06,0.06,0.06,0.06,1
F&D-O,20260116,40.5,72.5,40.5,72.5,6
FANCY-O,20260116,0.4,0.4,0.4,0.4,1
FE-O,20260116,221,221,221,221,1
FLOYD-O,20260116,1.16,1.2,1.16,1.2,106
FM-O,20260116,3.64,3.64,3.6,3.62,66
FN-O,20260116,0.45,0.45,0.45,0.45,2
FNS-O,20260116,0.87,0.87,0.87,0.87,5
FORTH-O,20260116,5.75,6,5.75,6,115
FPT-O,20260116,6,6.1,6,6.1,64
FSMART-O,20260116,5.9,6.15,5.9,6.15,149
FSX-O,20260116,0.69,0.69,0.69,0.69,1
FTE-O,20260116,1.9,1.9,1.8,1.9,60
FTI-O,20260116,2.38,2.38,2.38,2.38,1
FTREIT-O,20260116,11.1,11.3,10.8,11.1,882
FUTURERT-O,20260116,9.15,9.2,9.15,9.2,101
FVC-O,20260116,0.47,0.54,0.47,0.54,51
GABLE-O,20260116,3.4,3.5,3.4,3.5,2
GAHREIT-O,20260116,4.3,4.3,4.3,4.3,116
GBX-O,20260116,0.48,0.48,0.48,0.48,1
GC-O,20260116,3.98,4,3.98,4,34
GCAP-O,20260116,0.29,0.3,0.29,0.3,56
GEL-O,20260116,0.04,0.04,0.02,0.02,2
GENCO-O,20260116,0.27,0.27,0.27,0.27,1
GFC-O,20260116,2.8,2.8,2.8,2.8,76
GFPT-O,20260116,10.1,10.3,10,10,127
GGC-O,20260116,4.28,4.28,4.28,4.28,1
GJS-O,20260116,0.09,0.13,0.09,0.13,11
GLOBAL-O,20260116,6.25,6.45,6,6.3,888
GLORY-O,20260116,0.62,0.66,0.61,0.66,16
GPI-O,20260116,1.58,1.58,1.58,1.58,57
GPSC-O,20260116,36,38.5,36,38,5738
GRAND-O,20260116,0.04,0.04,0.04,0.04,1
GREEN-O,20260116,0.6,0.64,0.6,0.64,11
GTB-O,20260116,0.69,0.69,0.69,0.69,1
GTV-O,20260116,0.04,0.04,0.04,0.04,1
GULF-O,20260116,43.25,45,43,45,7849
GUNKUL-O,20260116,1.8,1.82,1.79,1.82,193
GVREIT-O,20260116,6.55,6.6,6.55,6.6,81
GYT-O,20260116,208,208,208,208,1
HANA-O,20260116,16.3,16.5,16.2,16.5,571
HANN-O,20260116,0.88,0.9,0.88,0.9,173
HARN-O,20260116,1.95,2,1.94,2,66
HEALTH-O,20260116,0.5,0.5,0.5,0.5,1
HENG-O,20260116,0.98,1.28,0.96,1.28,7
HFT-O,20260116,4.22,4.22,4.22,4.22,10
HL-O,20260116,4.98,7.1,4.98,7.1,20
HMPRO-O,20260116,6.55,6.9,6.5,6.9,1945
HPT-O,20260116,0.33,0.34,0.33,0.34,42
HTC-O,20260116,15.2,15.2,15.1,15.1,240
HTECH-O,20260116,2.78,2.78,2.74,2.74,52
HUMAN-O,20260116,4.96,4.96,4.9,4.9,4
HYDRO-O,20260116,3.82,3.9,2.76,3.9,99
I2-O,20260116,0.71,0.71,0.71,0.71,6
ICC-O,20260116,26.25,26.25,26.25,26.25,1
ICHI-O,20260116,13.6,13.8,13.5,13.6,948
ICN-O,20260116,1.55,1.58,1.55,1.58,147
IFS-O,20260116,2.12,2.12,2.12,2.12,8
IIG-O,20260116,1.74,1.86,1.72,1.72,22
III-O,20260116,3.9,3.94,3.88,3.92,146
ILINK-O,20260116,6,6,4.64,4.64,8
ILM-O,20260116,13.3,13.3,13.2,13.2,17
IMH-O,20260116,3.04,3.1,3.04,3.1,54
IMPACT-O,20260116,10.3,10.3,10.2,10.3,129
IND-O,20260116,1.39,1.41,1.39,1.41,11
INET-O,20260116,2.52,3.64,2.52,3.58,51
INETREIT-O,20260116,11.5,11.6,11.4,11.6,1016
INGRS-O,20260116,0.25,0.25,0.25,0.25,62
INOX-O,20260116,0.31,0.43,0.31,0.43,101
INSET-O,20260116,1.85,1.85,1.8,1.8,45
INSURE-O,20260116,43.25,76.25,43.25,76.25,10
IP-O,20260116,4.44,4.46,4.44,4.46,111
IRC-O,20260116,11.8,11.8,11.7,11.7,77
IRCP-O,20260116,0.27,0.29,0.27,0.29,11
IROYAL-O,20260116,4.86,4.86,4.86,4.86,1
IRPC-O,20260116,1.16,1.16,1.15,1.16,480
IT-O,20260116,3.3,3.3,3.3,3.3,2
ITC-O,20260116,16.4,16.6,16.3,16.4,333
ITD-O,20260116,0.14,0.21,0.14,0.17,627
ITEL-O,20260116,1.24,1.62,1.24,1.62,92
ITTHI-O,20260116,1.34,1.34,1.34,1.34,1
IVF-O,20260116,1.05,1.05,1.05,1.05,1
IVL-O,20260116,18.1,18.8,18.1,18.6,1835
J-O,20260116,0.67,0.68,0.67,0.68,14
JAS-O,20260116,1.28,1.31,1.28,1.3,418
JCT-O,20260116,89.75,89.75,84,84,2
JDF-O,20260116,1.42,1.42,1.41,1.42,10
JMART-O,20260116,6.55,7.1,6.5,7,666
JMT-O,20260116,8.1,8.6,8.1,8.55,333
JPARK-O,20260116,2.44,2.48,2.4,2.42,61
JR-O,20260116,1.72,1.72,1.72,1.72,1
JTS-O,20260116,54.75,54.75,52.5,52.5,723
JUBILE-O,20260116,6.9,6.9,6.9,6.9,1
KAMART-O,20260116,8.9,8.9,8.7,8.9,154
KASET-O,20260116,0.52,0.54,0.52,0.54,50
KBANK-O,20260116,191.5,193.5,191.5,193.5,1868
KBS-O,20260116,6.1,6.15,6.05,6.05,12
KBSPIF-O,20260116,8.25,8.25,8.25,8.25,4
KC-O,20260116,0.04,0.04,0.04,0.04,1
KCE-O,20260116,18.3,18.4,18.1,18.3,441
KCG-O,20260116,8.4,10.9,8.4,10.9,109
KCM-O,20260116,0.21,0.21,0.18,0.18,2
KDH-O,20260116,56.75,105,56.75,105,19
KGEN-O,20260116,1.22,1.24,1.22,1.24,79
KGI-O,20260116,4.02,4.02,3.98,4.02,305
KIAT-O,20260116,0.34,0.34,0.32,0.32,4
KISS-O,20260116,2.9,2.94,2.9,2.94,13
KK-O,20260116,0.84,0.84,0.7,0.82,34
KKP-O,20260116,66.5,67,66.25,67,743
KLINIQ-O,20260116,21.1,21.2,21,21.1,126
KOOL-O,20260116,0.3,0.3,0.3,0.3,19
KSL-O,20260116,1.22,1.28,1.21,1.27,68
KTB-O,20260116,28.75,29,28.75,29,2572
KTBSTMR-O,20260116,5.35,5.35,5.35,5.35,1
KTC-O,20260116,27,27.5,27,27.25,2186
KTIS-O,20260116,1.94,1.94,1.94,1.94,3
KTMS-O,20260116,1.93,1.93,1.93,1.93,1
KUMWEL-O,20260116,1.06,1.06,1.06,1.06,1
KUN-O,20260116,0.82,0.86,0.82,0.86,5
KWC-O,20260116,322,322,322,322,1
KWM-O,20260116,0.9,0.9,0.9,0.9,1
KYE-O,20260116,291,328,290,328,30
L&E-O,20260116,1.08,1.08,1.08,1.08,1
LALIN-O,20260116,4.78,4.78,4.62,4.68,107
LANNA-O,20260116,15.8,15.8,15.7,15.8,260
LDC-O,20260116,0.32,0.32,0.32,0.32,1
LEE-O,20260116,2.54,2.6,2.54,2.54,22
LEO-O,20260116,1.98,1.98,1.96,1.96,2
LH-O,20260116,3.78,3.9,3.74,3.88,1910
LHFG-O,20260116,0.91,0.97,0.91,0.94,515
LHHOTEL-O,20260116,12.8,12.9,9.1,12.8,229
LHK-O,20260116,3.38,3.38,3.38,3.38,5
LHRREIT-O,20260116,4.34,4.34,4.34,4.34,2
LHSC-O,20260116,12.7,12.7,12.3,12.7,94
LIT-O,20260116,0.64,0.64,0.64,0.64,49
LOXLEY-O,20260116,1.2,1.22,1.19,1.22,75
LPH-O,20260116,4.82,4.82,4.82,4.82,1
LPN-O,20260116,1.55,1.55,1.51,1.51,41
LST-O,20260116,4.74,4.74,4.74,4.74,1
LTS-O,20260116,2.24,2.28,2.2,2.26,185
LUXF-O,20260116,8.95,8.95,8.95,8.95,1
M-CHAI-O,20260116,22.6,22.6,22.6,22.6,1
M-O,20260116,18.5,18.9,18.3,18.8,837
M-STOR-O,20260116,7.3,7.3,7.3,7.3,1
MAGURO-O,20260116,19.4,19.5,19.1,19.5,126
MAJOR-O,20260116,6.85,7,6.8,6.95,118
MALEE-O,20260116,3.94,4.04,3.86,4.04,75
MANRIN-O,20260116,29,29,29,29,1
MASTER-O,20260116,7.9,8.5,7.9,8.45,423
MBAX-O,20260116,1.8,1.8,1.8,1.8,1
MBK-O,20260116,17.9,18.1,17.9,18.1,118
MC-O,20260116,11.4,11.6,11.3,11.5,501
MCA-O,20260116,0.95,0.95,0.95,0.95,1
MCOT-O,20260116,3.88,3.88,3.88,3.88,1
MCS-O,20260116,8.3,8.35,8.3,8.3,3
MDX-O,20260116,2.44,2.44,2.44,2.44,1
MEB-O,20260116,13.6,14,13.3,14,96
MEDEZE-O,20260116,6.15,6.2,6.15,6.2,14
MEGA-O,20260116,34.75,35.25,34.5,35.25,225
META-O,20260116,0.06,0.07,0.05,0.07,71
METCO-O,20260116,291,292,290,291,90
MFC-O,20260116,25,25,24.3,24.3,26
MGC-O,20260116,4.22,4.22,4.22,4.22,1
MGI-O,20260116,5,6.35,5,6,711
MGT-O,20260116,1.61,1.61,1.61,1.61,1
MICRO-O,20260116,0.82,0.82,0.82,0.82,1
MIDA-O,20260116,0.14,0.22,0.14,0.22,35
MII-O,20260116,4.5,4.5,4.5,4.5,10
MINT-O,20260116,22.4,22.4,21.6,22.1,6651
MITSIB-O,20260116,0.58,0.61,0.58,0.61,52
MJLF-O,20260116,4.9,4.9,4.9,4.9,2
MK-O,20260116,0.48,0.48,0.48,0.48,1
ML-O,20260116,0.48,0.51,0.48,0.51,4
MMM-O,20260116,3.22,3.22,3.14,3.22,7
MNIT-O,20260116,1.85,1.85,1.85,1.85,1
MODERN-O,20260116,2.02,2.72,2.02,2.72,2
MONO-O,20260116,1.28,1.32,1.28,1.32,429
MOONG-O,20260116,2.14,2.14,2.14,2.14,27
MORE-O,20260116,0.04,0.04,0.04,0.04,15
MOSHI-O,20260116,33.75,35,33.75,35,136
MPJ-O,20260116,4.06,4.06,4.06,4.06,1
MRDIYT-O,20260116,8.4,8.5,8.3,8.3,188
MSC-O,20260116,7.6,7.7,7.6,7.7,3
MST-O,20260116,6.65,6.65,6.65,6.65,48
MTC-O,20260116,29.25,29.5,28.75,29.5,609
MTI-O,20260116,15.6,16.5,15.3,15.6,185
MTW-O,20260116,0.79,0.79,0.79,0.79,6
MUD-O,20260116,0.32,0.32,0.32,0.32,58
MVP-O,20260116,0.16,0.16,0.16,0.16,99
NAM-O,20260116,3.6,3.6,3.6,3.6,1
NATION-O,20260116,0.04,0.04,0.04,0.04,1
NC-O,20260116,2.04,2.04,2.04,2.04,1
NCAP-O,20260116,2.66,2.68,2.6,2.66,141
NCH-O,20260116,0.41,0.41,0.4,0.4,39
NCP-O,20260116,0.95,0.95,0.95,0.95,1
NDR-O,20260116,1.33,1.33,1.33,1.33,1
NEO-O,20260116,20,20.1,20,20.1,125
NEP-O,20260116,0.18,0.21,0.17,0.21,34
NER-O,20260116,4.74,4.78,4.74,4.78,261
NETBAY-O,20260116,21.8,24.3,21.8,22.2,82
NEW-O,20260116,102,102,102,102,1
NEWS-O,20260116,0.01,0.01,0.01,0.01,381
NEX-O,20260116,1.14,1.18,1.14,1.15,156
NKI-O,20260116,19.8,19.8,19.7,19.7,9
NL-O,20260116,0.61,0.61,0.61,0.61,1
NNCL-O,20260116,1.54,1.54,1.54,1.54,2
NOBLE-O,20260116,2.22,2.26,2.22,2.24,74
NOVA-O,20260116,8.9,8.9,8.9,8.9,1
NPK-O,20260116,12.6,12.6,12.6,12.6,1
NRF-O,20260116,0.32,0.33,0.28,0.28,129
NSL-O,20260116,22.1,22.5,21.9,22.5,104
NTF-O,20260116,4.92,5.05,4.92,5.05,84
NTSC-O,20260116,6.1,6.15,6.1,6.15,35
NTV-O,20260116,27,27,27,27,1
NUT-O,20260116,3.86,3.86,3.72,3.72,51
NV-O,20260116,0.54,0.55,0.5,0.53,359
NVD-O,20260116,0.8,0.8,0.8,0.8,1
NYT-O,20260116,3.2,3.42,3.02,3.42,65
OCC-O,20260116,8.75,8.75,8.75,8.75,35
OGC-O,20260116,12.6,12.6,12.6,12.6,1
OHTL-O,20260116,336,336,336,336,1
OKJ-O,20260116,4.06,4.08,4,4.02,383
ONEE-O,20260116,2.1,2.12,2.1,2.12,114
ONSENS-O,20260116,1.02,1.02,1.01,1.01,141
OR-O,20260116,13.6,14.3,13.5,14.1,3087
ORI-O,20260116,1.67,1.71,1.66,1.71,196
ORN-O,20260116,0.69,0.69,0.69,0.69,2
OSP-O,20260116,17.2,17.6,17.2,17.6,1323
PACO-O,20260116,1.24,1.49,1.24,1.49,3
PAF-O,20260116,0.73,0.73,0.73,0.73,1
PANEL-O,20260116,1.42,1.42,1.42,1.42,1
PAP-O,20260116,2.02,2.12,2.02,2.12,13
PB-O,20260116,49.75,49.75,49.75,49.75,3
PCC-O,20260116,2.66,3.06,2.66,3.06,68
PDG-O,20260116,2.9,2.9,2.88,2.9,59
PDJ-O,20260116,1.1,1.12,1.08,1.12,76
PEER-O,20260116,0.09,0.1,0.09,0.1,27
PERM-O,20260116,0.25,0.25,0.25,0.25,1
PF-O,20260116,0.06,0.06,0.06,0.06,1
PHG-O,20260116,16,16,16,16,1
PHOL-O,20260116,2.82,2.82,2.8,2.8,52
PICO-O,20260116,4.1,4.1,4.1,4.1,1
PIN-O,20260116,4.28,4.38,4.28,4.38,63
PJW-O,20260116,2.02,2.04,2.02,2.04,11
PK-O,20260116,0.55,0.55,0.55,0.55,1
PLANB-O,20260116,3.38,3.44,3.36,3.42,523
PLANET-O,20260116,0.58,0.58,0.58,0.58,1
PLAT-O,20260116,1.17,1.17,1.17,1.17,1
PLE-O,20260116,0.13,0.17,0.13,0.17,64
PLT-O,20260116,0.79,0.79,0.79,0.79,7
PLUS-O,20260116,1.12,1.12,1.12,1.12,1
PM-O,20260116,12,12.3,12,12.3,243
PMC-O,20260116,0.83,0.83,0.83,0.83,1
PMTA-O,20260116,12.9,12.9,12.9,12.9,1
POLY-O,20260116,6.9,6.9,6.9,6.9,1
POPF-O,20260116,6.8,6.85,6,6.75,55
PORT-O,20260116,0.57,0.57,0.56,0.57,115
PPM-O,20260116,1.16,1.16,1.13,1.16,178
PPPM-O,20260116,0.34,0.34,0.34,0.34,1
PPS-O,20260116,0.18,0.18,0.18,0.18,1
PR9-O,20260116,17.6,18,17.6,18,247
PRAKIT-O,20260116,14.4,14.4,14.4,14.4,1
PRAPAT-O,20260116,0.7,0.72,0.7,0.71,100
PREB-O,20260116,3.54,3.54,3.54,3.54,10
PRECHA-O,20260116,0.47,0.47,0.47,0.47,1
PRG-O,20260116,9.05,9.1,8.9,9,104
PRIME-O,20260116,0.06,0.06,0.06,0.06,72
PRIN-O,20260116,1.52,1.52,1.52,1.52,1
PRM-O,20260116,7.05,7.2,7,7.2,296
PROEN-O,20260116,1.12,1.12,1.12,1.12,1
PROS-O,20260116,0.41,0.42,0.41,0.42,6
PROSPECT-O,20260116,7.05,7.05,7,7.05,23
PROUD-O,20260116,0.74,0.75,0.71,0.75,115
PRTR-O,20260116,3.18,3.18,3.18,3.18,1
PSGC-O,20260116,2.36,2.4,2.34,2.4,145
PSH-O,20260116,3.68,3.68,3.62,3.62,33
PSL-O,20260116,6,6,5.85,6,121
PSP-O,20260116,5.3,5.3,5.3,5.3,1
PSTC-O,20260116,0.24,0.3,0.24,0.3,2
PT-O,20260116,12.3,12.5,12.2,12.4,62
PTECH-O,20260116,1.68,1.69,1.68,1.69,8
PTG-O,20260116,7.35,7.5,7.3,7.4,403
PTL-O,20260116,8.15,8.15,8.15,8.15,1
PTT-O,20260116,32.75,33,32.75,33,4711
PTTEP-O,20260116,114.5,116,114.5,115.5,2360
PTTGC-O,20260116,23.3,23.6,23.2,23.6,2127
PYLON-O,20260116,2.66,2.7,2.66,2.7,2
Q-CON-O,20260116,6.5,6.5,6.45,6.45,3
QH-O,20260116,1.29,1.31,1.25,1.31,909
QTCG-O,20260116,0.15,0.15,0.15,0.15,1
RABBIT-O,20260116,0.27,0.27,0.27,0.27,1
RAM-O,20260116,18.3,18.3,18.1,18.1,12
RATCH-O,20260116,29.5,29.75,29.25,29.75,262
RBF-O,20260116,3.06,3.1,3.02,3.1,67
RCL-O,20260116,28,28,27.75,28,847
READY-O,20260116,2.96,2.96,2.96,2.96,5
RICHY-O,20260116,0.16,0.16,0.16,0.16,1
RJH-O,20260116,13,13,13,13,14
RML-O,20260116,0.13,0.13,0.13,0.13,1
ROCTEC-O,20260116,0.58,0.58,0.57,0.57,11
ROJNA-O,20260116,4.52,4.52,4.4,4.5,18
RP-O,20260116,0.61,0.61,0.61,0.61,1
RPC-O,20260116,0.28,0.29,0.28,0.29,11
RPH-O,20260116,4.9,4.9,4.9,4.9,1
RS-O,20260116,0.17,0.18,0.17,0.18,24
RSP-O,20260116,1.16,1.16,1.16,1.16,1
RT-O,20260116,0.27,0.27,0.27,0.27,1
RWI-O,20260116,0.22,0.22,0.22,0.22,1
S&J-O,20260116,31,31,31,31,1
S-O,20260116,0.49,0.5,0.48,0.5,43
S11-O,20260116,3.32,3.36,3.32,3.36,3
SA-O,20260116,7.05,7.3,7.05,7.3,21
SAAM-O,20260116,4.9,5.1,4.9,5.1,2
SABINA-O,20260116,16.2,16.2,16,16.2,174
SAF-O,20260116,0.35,0.38,0.35,0.38,11
SAFE-O,20260116,6,6,6,6,1
SAK-O,20260116,3.18,3.3,3.18,3.24,58
SALEE-O,20260116,0.37,0.37,0.37,0.37,1
SAMART-O,20260116,5.7,5.7,5.7,5.7,10
SANKO-O,20260116,0.89,0.89,0.89,0.89,1
SAPPE-O,20260116,30.75,30.75,30.5,30.75,104
SAT-O,20260116,14.7,15,14.7,14.9,294
SAUCE-O,20260116,39.5,39.75,39.5,39.5,76
SAV-O,20260116,11.6,11.7,11.6,11.6,17
SAWAD-O,20260116,23.2,23.5,23,23.5,844
SC-O,20260116,1.64,1.7,1.62,1.62,186
SCAP-O,20260116,0.99,1,0.99,1,119
SCB-O,20260116,139,140,138.5,139,10646
SCC-O,20260116,207,208,204,208,1720
SCCC-O,20260116,144,145,144,145,151
SCGD-O,20260116,4.64,4.74,4.5,4.72,189
SCGP-O,20260116,20.4,21,20.4,20.6,1209
SCM-O,20260116,0.14,0.14,0.14,0.14,50
SCN-O,20260116,0.26,0.26,0.26,0.26,98
SCP-O,20260116,8.6,11.1,8.6,8.65,12
SE-O,20260116,0.42,0.42,0.41,0.41,26
SEAFCO-O,20260116,1.96,1.98,1.94,1.98,60
SEAOIL-O,20260116,3.04,3.04,3.02,3.04,152
SECURE-O,20260116,12.8,12.8,12.8,12.8,1
SELIC-O,20260116,2.58,2.58,2.58,2.58,9
SENA-O,20260116,1.7,1.7,1.68,1.68,78
SFLEX-O,20260116,3.18,3.18,3.18,3.18,11
SFT-O,20260116,2.02,2.02,2.02,2.02,20
SGC-O,20260116,0.78,0.78,0.78,0.78,10
SGF-O,20260116,0.14,0.14,0.14,0.14,124
SGP-O,20260116,7.35,7.5,7.35,7.5,127
SHR-O,20260116,1.63,1.63,1.63,1.63,11
SIAM-O,20260116,0.65,0.67,0.65,0.67,2
SICT-O,20260116,2.6,2.6,2.28,2.28,25
SIMAT-O,20260116,1.38,1.4,1.38,1.4,129
SINGER-O,20260116,4.36,4.56,4.36,4.56,199
SIRI-O,20260116,1.33,1.36,1.33,1.36,1525
SIS-O,20260116,19.4,19.4,19.4,19.4,75
SISB-O,20260116,9.65,9.85,9.6,9.85,494
SITHAI-O,20260116,1.05,1.05,1.05,1.05,4
SJWD-O,20260116,6.65,6.9,6.45,6.9,176
SKIN-O,20260116,1.24,1.24,1.24,1.24,7
SKN-O,20260116,6.9,6.9,6.9,6.9,1
SKY-O,20260116,10.4,10.4,10.3,10.3,61
SMART-O,20260116,0.45,0.45,0.45,0.45,15
SMD100-O,20260116,2.26,2.26,2.26,2.26,50
SMIT-O,20260116,3.6,3.6,3.58,3.58,61
SMO-O,20260116,3.44,3.46,3.42,3.46,21
SMPC-O,20260116,9.05,9.1,9.05,9.1,9
SMT-O,20260116,1.18,1.18,1.16,1.16,92
SNNP-O,20260116,7.1,7.15,7.05,7.15,42
SNP-O,20260116,9.7,9.7,9.7,9.7,1
SNPS-O,20260116,4.3,4.3,4.3,4.3,5
SO-O,20260116,4,4,4,4,50
SOLAR-O,20260116,0.18,0.18,0.17,0.17,7
SORKON-O,20260116,4.52,4.52,4.5,4.5,36
SPA-O,20260116,2.92,2.92,2.82,2.82,50
SPALI-O,20260116,16.7,17,16.6,16.9,644
SPC-O,20260116,58.75,61,57.5,57.75,111
SPCG-O,20260116,9.7,9.7,9.6,9.7,72
SPRC-O,20260116,6.55,6.55,6.5,6.55,314
SPREME-O,20260116,1.6,1.6,1.54,1.55,114
SPRIME-O,20260116,3.54,3.54,3.52,3.54,34
SPVI-O,20260116,2.14,2.14,2.14,2.14,1
SRIPANWA-O,20260116,5.05,5.05,3.5,4.12,62
SRS-O,20260116,1.63,1.72,1.63,1.72,2
SSF-O,20260116,5,5,5,5,11
SSP-O,20260116,3.18,3.18,3.04,3.18,102
SSPF-O,20260116,3.34,3.34,3.34,3.34,13
SST-O,20260116,0.88,1.23,0.88,1.23,18
SSTRT-O,20260116,4.32,4.32,4.32,4.32,28
STA-O,20260116,12.6,12.6,12.5,12.6,284
STANLY-O,20260116,187,187.5,187,187,116
STARM-O,20260116,0.94,0.94,0.94,0.94,1
STC-O,20260116,0.29,0.29,0.29,0.29,80
STECON-O,20260116,7.1,7.45,7,7.45,632
STGT-O,20260116,10.1,10.1,9.9,10,458
STI-O,20260116,1.48,1.85,1.48,1.8,4
STOWER-O,20260116,0.02,0.02,0.02,0.02,77
STX-O,20260116,1.04,1.04,1.04,1.04,4
SUC-O,20260116,27.5,27.5,27.25,27.25,32
SUN-O,20260116,2.96,3,2.8,3,98
SUPER-O,20260116,0.1,0.1,0.1,0.1,20
SUPEREIF-O,20260116,5.55,5.55,5.55,5.55,10
SUSCO-O,20260116,2.14,2.16,2.14,2.16,17
SVI-O,20260116,7.3,7.35,7.3,7.35,383
SVOA-O,20260116,1.3,1.3,1.3,1.3,11
SYMC-O,20260116,3.3,3.3,3.26,3.26,25
SYNEX-O,20260116,9.5,9.7,9.5,9.6,127
SYNTEC-O,20260116,1.62,1.62,1.62,1.62,1
TACC-O,20260116,5.3,5.3,5.25,5.25,312
TASCO-O,20260116,14.4,14.5,14.3,14.4,413
TBN-O,20260116,3.94,3.94,3.94,3.94,5
TCAP-O,20260116,58.25,59,58,58.75,671
TCC-O,20260116,0.25,0.25,0.25,0.25,44
TCJ-O,20260116,2.36,2.36,1.67,1.67,25
TEAM-O,20260116,2.34,2.34,2.28,2.28,100
TEAMG-O,20260116,2.98,3.06,2.92,3.06,24
TEGH-O,20260116,3.02,3.02,3,3,14
TFFIF-O,20260116,6.5,6.5,6.5,6.5,354
TFG-O,20260116,4.64,4.7,4.62,4.68,1552
TFM-O,20260116,6.05,6.2,6.05,6.15,199
TFMAMA-O,20260116,189,190.5,189,190.5,60
TGPRO-O,20260116,0.04,0.04,0.04,0.04,85
THAI-O,20260116,6.85,6.95,6.85,6.9,1356
THANA-O,20260116,1.55,1.55,1.55,1.55,3
THANI-O,20260116,1.63,1.64,1.61,1.62,299
THCOM-O,20260116,8.4,8.65,8.4,8.6,231
THE-O,20260116,0.72,0.72,0.72,0.72,1
THG-O,20260116,8.6,8.85,8.6,8.8,47
THRE-O,20260116,0.35,0.35,0.33,0.33,35
THREL-O,20260116,1.01,1.01,0.97,0.99,343
TIDLOR-O,20260116,16.2,16.7,16,16.6,714
TIPCO-O,20260116,7.6,7.65,7.6,7.65,7
TIPH-O,20260116,20.1,20.2,20,20,83
TISCO-O,20260116,111,112,110.5,111.5,3732
TITLE-O,20260116,6.4,6.4,6.4,6.4,10
TKN-O,20260116,4.22,4.22,4,4,91
TKS-O,20260116,6.3,6.5,6.15,6.15,54
TLI-O,20260116,10.2,10.5,10.2,10.5,672
TM-O,20260116,0.86,0.86,0.86,0.86,35
TMAN-O,20260116,10.9,10.9,10.9,10.9,18
TMD-O,20260116,25.75,25.75,25.75,25.75,38
TMT-O,20260116,2.78,2.78,2.7,2.7,7
TMW-O,20260116,57,57,57,57,2
TNH-O,20260116,31.75,31.75,31.75,31.75,10
TNITY-O,20260116,2.66,2.72,2.62,2.72,192
TNP-O,20260116,2.7,2.72,2.7,2.72,87
TNPC-O,20260116,0.8,0.8,0.8,0.8,2
TOA-O,20260116,13.8,14,13.7,14,17
TOG-O,20260116,6.45,6.45,6.4,6.4,109
TOP-O,20260116,39.75,39.75,38.75,39.5,1422
TPBI-O,20260116,2.88,2.88,2.88,2.88,1
TPCH-O,20260116,1.66,1.66,1.65,1.65,16
TPIPL-O,20260116,0.75,0.75,0.73,0.75,180
TPIPP-O,20260116,1.8,1.84,1.77,1.84,331
TPOLY-O,20260116,0.24,0.24,0.24,0.24,10
TPS-O,20260116,3.38,3.38,3.3,3.3,12
TQM-O,20260116,11.6,11.6,11.4,11.5,132
TRC-O,20260116,0.4,0.43,0.4,0.43,136
TRP-O,20260116,4.32,4.32,4.28,4.28,64
TRUE-O,20260116,11.7,12,11.2,12,18431
TRV-O,20260116,1.67,1.67,1.67,1.67,2
TSC-O,20260116,15.7,15.9,15.5,15.6,202
TSE-O,20260116,0.41,0.41,0.39,0.39,39
TSR-O,20260116,0.12,0.14,0.12,0.14,146
TSTE-O,20260116,10.9,10.9,10.9,10.9,1
TSTH-O,20260116,0.68,0.68,0.68,0.68,20
TTA-O,20260116,4.1,4.14,4.1,4.14,44
TTB-O,20260116,2.02,2.06,2.02,2.04,5253
TTCL-O,20260116,0.15,0.17,0.15,0.16,83
TTI-O,20260116,17.9,17.9,17.9,17.9,9
TTLPF-O,20260116,10,10,9.95,10,117
TTT-O,20260116,45.25,45.25,45.25,45.25,11
TTW-O,20260116,9.05,9.1,9.05,9.1,687
TU-O,20260116,12.9,12.9,12.6,12.6,583
TURBO-O,20260116,1.3,1.65,1.26,1.26,30
TVH-O,20260116,8.75,8.75,8.75,8.75,1
TVO-O,20260116,22.5,22.8,22.5,22.7,434
TWP-O,20260116,1.16,1.17,1.16,1.16,70
UBE-O,20260116,0.44,0.44,0.44,0.44,3
UBIS-O,20260116,0.93,0.95,0.93,0.93,3
UEC-O,20260116,0.62,0.62,0.61,0.62,23
UMI-O,20260116,0.6,0.6,0.6,0.6,75
UNIQ-O,20260116,2.9,3,2.9,2.92,554
UREKA-O,20260116,0.35,0.35,0.35,0.35,6
UTP-O,20260116,7.5,7.55,7.5,7.55,187
UV-O,20260116,0.81,0.81,0.81,0.81,2
UVAN-O,20260116,13,13.1,13,13.1,99
VGI-O,20260116,0.86,0.87,0.85,0.86,384
VIBHA-O,20260116,1.38,1.41,1.38,1.38,145
VIH-O,20260116,8.05,8.05,8.05,8.05,1
VNG-O,20260116,1.24,1.74,1.24,1.74,2
VPO-O,20260116,0.31,0.43,0.31,0.43,202
WACOAL-O,20260116,16.6,16.6,16.6,16.6,1
WARRIX-O,20260116,1.82,1.82,1.76,1.76,12
WAVE-O,20260116,0.03,0.03,0.03,0.03,103
WHA-O,20260116,3.22,3.28,3.22,3.24,1832
WHABT-O,20260116,5.9,5.9,5.9,5.9,10
WHAIR-O,20260116,6.2,6.2,6.15,6.15,19
WHART-O,20260116,10.5,10.5,10.3,10.3,575
WHAUP-O,20260116,4.32,4.36,4.3,4.36,172
WICE-O,20260116,2.28,2.28,2.28,2.28,15
WINNER-O,20260116,2.14,2.18,2.14,2.16,95
WORK-O,20260116,3.58,3.58,3.54,3.58,12
WP-O,20260116,3.78,3.78,3.78,3.78,10
WPH-O,20260116,5.7,5.7,5.65,5.65,130
WSOL-O,20260116,0.23,0.23,0.22,0.23,34
XBIO-O,20260116,0.07,0.08,0.07,0.08,6
XO-O,20260116,14.3,14.5,14.2,14.5,111
XPG-O,20260116,0.42,0.44,0.42,0.44,50
XYZ-O,20260116,0.47,0.47,0.47,0.47,7
YGG-O,20260116,0.3,0.3,0.28,0.28,168
YUASA-O,20260116,13.9,13.9,13.9,13.9,10
ZAA-O,20260116,1.88,1.88,1.88,1.88,10
ZEN-O,20260116,6.05,6.05,6.05,6.05,29
ZIGA-O,20260116,0.83,0.84,0.81,0.82,46
RABBIT-P,20260116,0.28,0.29,0.27,0.28,702600
RABBIT-P-O,20260116,0.27,0.27,0.27,0.27,40
VAYU1,20260116,10.7,10.7,10.6,10.7,542200
VAYU1-O,20260116,10.7,10.7,10.6,10.7,165
AAV01C2604A,20260116,0.12,0.12,0.1,0.11,2641800
AAV01C2607A,20260116,0.24,0.24,0.22,0.23,5575000
AAV01C2609T,20260116,0.25,0.25,0.24,0.25,8320600
AAV13C2603A,20260116,0.07,0.07,0.07,0.07,1070000
AAV13C2604A,20260116,0.22,0.23,0.2,0.22,20992600
AAV13C2701T,20260116,0.26,0.26,0.23,0.24,10441700
AAV19C2604A,20260116,0.26,0.26,0.23,0.25,12573800
AAV19C2612T,20260116,0.22,0.22,0.21,0.22,2803000
AAV41C2604A,20260116,0.22,0.22,0.21,0.21,500100
AAV41C2609T,20260116,0.18,0.18,0.17,0.18,2399300
ADVANC01C2602A,20260116,0.25,0.31,0.25,0.31,4230200
ADVANC01C2606A,20260116,0.53,0.6,0.53,0.6,3929000
ADVANC01P2604A,20260116,0.2,0.2,0.18,0.18,3030800
ADVANC01P2606A,20260116,0.81,0.82,0.77,0.77,2116200
ADVANC13C2604A,20260116,0.29,0.33,0.29,0.33,9897300
ADVANC13P2604A,20260116,0.16,0.17,0.14,0.14,1609800
ADVANC19C2602A,20260116,0.09,0.09,0.09,0.09,15000
ADVANC19C2605A,20260116,0.51,0.58,0.51,0.58,1979300
ADVANC41C2604A,20260116,0.28,0.32,0.27,0.32,303200
ADVANC41C2606T,20260116,0.44,0.46,0.43,0.46,504000
AIA41C2603A,20260116,0.45,0.46,0.45,0.46,5600
ALIHEA41C2606A,20260116,0.7,0.72,0.69,0.71,5700
AMATA01C2605A,20260116,0.15,0.17,0.15,0.17,1867800
AMATA13C2604A,20260116,0.15,0.17,0.15,0.17,3855700
AMATA41C2604A,20260116,0.15,0.15,0.15,0.15,1599200
AOT01C2602A,20260116,0.34,0.37,0.33,0.37,4184600
AOT01C2605A,20260116,0.29,0.31,0.28,0.31,2346700
AOT01C2606T,20260116,0.36,0.38,0.36,0.38,2881800
AOT01P2603A,20260116,0.04,0.04,0.03,0.04,1200
AOT01P2605A,20260116,0.48,0.49,0.45,0.45,3847400
AOT13C2603A,20260116,0.53,0.58,0.53,0.58,1000
AOT13C2605A,20260116,0.48,0.53,0.48,0.53,7846600
AOT13C2605B,20260116,0.26,0.28,0.25,0.28,11748400
AOT13P2605A,20260116,0.24,0.25,0.22,0.22,3085400
AOT19C2605A,20260116,0.44,0.46,0.42,0.46,1859900
AOT19C2605B,20260116,0.22,0.24,0.21,0.24,7982000
AOT19P2605A,20260116,0.3,0.31,0.28,0.28,3633600
AOT41C2605A,20260116,0.45,0.45,0.45,0.45,200
AOT41C2605B,20260116,0.22,0.24,0.22,0.24,1799100
AOT41C2605T,20260116,0.03,0.03,0.03,0.03,20000
AOT41C2609T,20260116,0.43,0.45,0.42,0.45,3049000
AOT41P2605A,20260116,0.22,0.22,0.22,0.22,300000
AOT41P2606T,20260116,0.23,0.23,0.21,0.22,405000
AWC01C2606T,20260116,0.11,0.11,0.11,0.11,500000
AWC13C2603A,20260116,0.03,0.04,0.03,0.04,150100
AWC13C2606A,20260116,0.15,0.16,0.15,0.16,3718000
AWC13C2701T,20260116,0.18,0.18,0.18,0.18,1607900
AWC41C2606A,20260116,0.14,0.15,0.14,0.15,202700
BA01C2603A,20260116,0.12,0.14,0.12,0.13,2602400
BA01C2607A,20260116,0.23,0.25,0.22,0.25,2058600
BA13C2603A,20260116,0.21,0.24,0.21,0.24,6673000
BA13C2607A,20260116,0.27,0.3,0.27,0.3,4786500
BA19C2605A,20260116,0.24,0.27,0.24,0.27,1634400
BA41C2603A,20260116,0.21,0.24,0.21,0.24,2329100
BA41C2611T,20260116,0.25,0.26,0.25,0.26,600100
BABA28C2601A,20260116,0.32,0.32,0.32,0.32,200
BABA28C2603B,20260116,0.2,0.2,0.19,0.19,860600
BABA28C2606A,20260116,0.4,0.41,0.4,0.41,30000
BABA41C2603T,20260116,0.31,0.31,0.3,0.3,3600
BABA41C2605A,20260116,0.67,0.67,0.64,0.64,30600
BABA41C2609T,20260116,1.2,1.2,1.17,1.17,1600
BABA41C2701T,20260116,1.29,1.3,1.27,1.27,5600
BABA41P2603A,20260116,0.26,0.26,0.26,0.26,11600
BAM13C2603A,20260116,0.06,0.06,0.06,0.06,100
BAM41C2612T,20260116,0.42,0.44,0.42,0.44,501600
BANPU01C2603A,20260116,0.3,0.32,0.28,0.32,1130200
BANPU01C2605A,20260116,0.66,0.69,0.64,0.69,597100
BANPU01C2606T,20260116,0.3,0.32,0.3,0.32,1130000
BANPU13C2602A,20260116,0.01,0.01,0.01,0.01,110200
BANPU13C2602B,20260116,0.03,0.03,0.03,0.03,640000
BANPU13C2603A,20260116,0.41,0.42,0.41,0.42,400
BANPU13C2603B,20260116,0.08,0.09,0.08,0.09,1054400
BANPU13C2606A,20260116,0.22,0.23,0.21,0.23,4106500
BANPU13C2701T,20260116,0.2,0.21,0.2,0.21,1785400
BANPU19C2602A,20260116,0.05,0.07,0.05,0.06,1853400
BANPU19C2603B,20260116,0.12,0.12,0.11,0.12,1035700
BANPU19C2612T,20260116,0.32,0.33,0.31,0.32,2203000
BANPU41C2606A,20260116,0.2,0.21,0.19,0.21,125600
BANPU41C2612T,20260116,0.21,0.21,0.21,0.21,200
BBL13C2607A,20260116,0.37,0.38,0.35,0.37,14486700
BBL13P2604A,20260116,0.23,0.24,0.23,0.23,1568900
BBL19C2612T,20260116,0.61,0.62,0.59,0.61,8992500
BBL41C2607A,20260116,0.35,0.36,0.33,0.35,3509000
BBL41C2609T,20260116,0.48,0.49,0.47,0.48,2699200
BCH01C2607A,20260116,0.12,0.12,0.12,0.12,963300
BCH13C2607A,20260116,0.55,0.6,0.54,0.6,2753500
BCH19C2607A,20260116,0.17,0.18,0.17,0.18,445200
BCH41C2607A,20260116,0.53,0.55,0.52,0.55,2674000
BCH41C2703T,20260116,0.21,0.21,0.21,0.21,199900
BCP01C2607A,20260116,0.21,0.21,0.21,0.21,1315100
BCP13C2604A,20260116,0.14,0.14,0.13,0.14,11162500
BCP13C2607A,20260116,0.33,0.33,0.32,0.33,4446300
BCP19C2605A,20260116,0.24,0.24,0.23,0.24,1997200
BCP41C2604A,20260116,0.13,0.13,0.13,0.13,1200
BCP41C2607A,20260116,0.32,0.32,0.3,0.31,696800
BCPG01C2605A,20260116,0.13,0.16,0.13,0.15,3386300
BCPG01C2607A,20260116,0.29,0.34,0.29,0.34,2365200
BCPG13C2604A,20260116,0.1,0.11,0.1,0.11,2056600
BCPG13C2607A,20260116,0.32,0.35,0.3,0.35,13188900
BCPG19C2605A,20260116,0.17,0.19,0.16,0.19,4213900
BCPG41C2604A,20260116,0.1,0.1,0.1,0.1,300000
BCPG41C2606T,20260116,0.23,0.25,0.23,0.25,400300
BCPG41C2607A,20260116,0.3,0.33,0.29,0.33,1550300
BCPG41C2612T,20260116,0.21,0.23,0.21,0.23,1199600
BDMS01C2604A,20260116,0.09,0.1,0.09,0.1,2024800
BDMS01C2607A,20260116,0.19,0.21,0.19,0.21,2996000
BDMS13C2604A,20260116,0.06,0.07,0.06,0.07,35200
BDMS13C2607A,20260116,0.22,0.24,0.22,0.24,5491900
BDMS13C2701T,20260116,0.25,0.27,0.25,0.27,5749200
BDMS19C2604A,20260116,0.12,0.13,0.11,0.13,2887800
BDMS41C2607A,20260116,0.21,0.23,0.21,0.23,404100
BDMS41C2609T,20260116,0.06,0.06,0.05,0.05,11000
BDMS41C2612T,20260116,0.18,0.19,0.18,0.19,401500
BEM13C2604A,20260116,0.06,0.06,0.06,0.06,45400
BEM41C2612T,20260116,0.15,0.16,0.15,0.16,50100
BGRIM01C2604A,20260116,0.13,0.13,0.12,0.13,1450400
BGRIM01C2606T,20260116,0.15,0.15,0.15,0.15,1194600
BGRIM01C2608A,20260116,0.32,0.32,0.32,0.32,531700
BGRIM13C2603A,20260116,0.03,0.03,0.03,0.03,26600
BGRIM13C2605A,20260116,0.16,0.17,0.15,0.17,7302200
BGRIM19C2605A,20260116,0.17,0.18,0.17,0.18,8242500
BGRIM41C2605A,20260116,0.16,0.16,0.16,0.16,1070300
BGRIM41C2608T,20260116,0.24,0.25,0.24,0.25,1799900
BH01C2605A,20260116,0.17,0.19,0.16,0.17,3063400
BH01C2607A,20260116,0.49,0.51,0.47,0.48,2587500
BH01P2603A,20260116,0.87,0.89,0.83,0.86,2016700
BH01P2607A,20260116,0.71,0.72,0.69,0.7,4961000
BH13C2602A,20260116,0.01,0.01,0.01,0.01,3000
BH13C2605A,20260116,0.13,0.14,0.12,0.13,4645700
BH13C2607A,20260116,0.43,0.45,0.42,0.44,5078700
BH13P2604A,20260116,0.95,0.95,0.94,0.94,5100
BH19C2605A,20260116,0.13,0.14,0.13,0.13,4569200
BH19C2607A,20260116,0.54,0.57,0.52,0.54,15756500
BH41C2607A,20260116,0.41,0.43,0.4,0.42,1032600
BH41C2611T,20260116,0.3,0.31,0.3,0.3,601900
BH41P2604A,20260116,0.85,0.89,0.85,0.89,300400
BIDU41C2603A,20260116,0.71,0.75,0.65,0.65,101600
BIDU41C2606A,20260116,0.56,0.56,0.53,0.53,80500
BIDU41P2603A,20260116,0.04,0.04,0.04,0.04,1000
BJC13C2605A,20260116,0.09,0.1,0.09,0.09,1200900
BJC19C2612T,20260116,0.35,0.38,0.34,0.37,2780700
BLA01C2607A,20260116,0.39,0.4,0.39,0.39,2014200
BLA13C2607A,20260116,0.41,0.42,0.4,0.42,1656400
BLA41C2606T,20260116,0.24,0.24,0.24,0.24,3000
BTG01C2607A,20260116,0.37,0.37,0.36,0.36,256600
BTS01P2602A,20260116,0.16,0.16,0.16,0.16,200000
BTS01P2602B,20260116,0.56,0.56,0.56,0.56,4000
BTS13C2604A,20260116,0.03,0.03,0.03,0.03,1500000
BTS13C2606A,20260116,0.09,0.1,0.09,0.1,33000
BTS13C2607A,20260116,0.23,0.25,0.23,0.25,3948300
BTS13C2701T,20260116,0.17,0.18,0.17,0.18,1530800
BTS19C2605A,20260116,0.13,0.14,0.13,0.14,3473900
BTS41C2612T,20260116,0.05,0.06,0.05,0.05,9000
BTS41C2703T,20260116,0.19,0.2,0.19,0.2,399800
BYDCOM41C2601A,20260116,0.01,0.01,0.01,0.01,500000
BYDCOM41C2609A,20260116,0.62,0.62,0.58,0.58,2000
BYDCOM41P2603A,20260116,0.27,0.29,0.27,0.29,1200
CATHAY41C2603A,20260116,0.48,0.48,0.48,0.48,800
CBG01C2605A,20260116,0.16,0.21,0.16,0.2,3789000
CBG01C2610T,20260116,0.17,0.19,0.17,0.19,655100
CBG01P2603A,20260116,0.22,0.22,0.17,0.17,3120700
CBG13C2603A,20260116,0.02,0.02,0.01,0.02,17700
CBG13C2604A,20260116,0.08,0.11,0.08,0.11,1953200
CBG13C2607A,20260116,0.26,0.32,0.26,0.32,9575400
CBG13P2605A,20260116,0.45,0.45,0.39,0.39,2873400
CBG19C2604A,20260116,0.15,0.19,0.15,0.19,985900
CBG41C2604A,20260116,0.11,0.11,0.11,0.11,200
CBG41C2607A,20260116,0.25,0.31,0.25,0.3,2759600
CBG41C2612T,20260116,0.15,0.17,0.15,0.17,851400
CCET13C2604A,20260116,0.38,0.4,0.36,0.4,22761400
CENTEL01C2606A,20260116,0.21,0.21,0.2,0.21,1137700
CENTEL13C2605A,20260116,0.25,0.25,0.23,0.25,4364400
CENTEL41C2605A,20260116,0.21,0.22,0.21,0.21,500000
CENTEL41C2606T,20260116,0.19,0.19,0.18,0.19,400300
CHG13C2603A,20260116,0.06,0.06,0.06,0.06,24600
CHG41C2612T,20260116,0.23,0.23,0.23,0.23,700
CK13C2602A,20260116,0.02,0.02,0.02,0.02,100
COM701C2602A,20260116,0.01,0.01,0.01,0.01,8000
COM701C2604A,20260116,0.13,0.14,0.13,0.14,1727000
COM713C2605A,20260116,0.16,0.17,0.15,0.17,4449600
COM719C2605A,20260116,0.17,0.2,0.17,0.2,2304100
COM741C2605A,20260116,0.13,0.14,0.13,0.14,400000
COM741C2609T,20260116,0.19,0.19,0.19,0.19,999500
CPALL01C2604A,20260116,0.07,0.07,0.07,0.07,27700
CPALL01C2607A,20260116,0.22,0.23,0.22,0.23,3605100
CPALL01P2602A,20260116,0.18,0.2,0.16,0.16,6804200
CPALL13C2604A,20260116,0.05,0.06,0.05,0.06,8000
CPALL13C2607A,20260116,0.2,0.21,0.19,0.21,1988500
CPALL13C2701T,20260116,0.22,0.23,0.22,0.23,9708400
CPALL19C2604A,20260116,0.09,0.1,0.09,0.1,2298400
CPALL19C2607A,20260116,0.27,0.29,0.27,0.29,2267700
CPALL41C2604A,20260116,0.05,0.06,0.05,0.06,3948800
CPALL41C2607A,20260116,0.17,0.19,0.17,0.19,400
CPF01C2611T,20260116,0.32,0.32,0.32,0.32,305000
CPF01P2603A,20260116,0.22,0.23,0.21,0.21,1950500
CPF13C2604A,20260116,0.2,0.21,0.2,0.21,1455900
CPF19C2609T,20260116,0.28,0.29,0.28,0.29,84300
CPF41C2604A,20260116,0.2,0.2,0.19,0.2,1000
CPF41C2612T,20260116,0.32,0.32,0.32,0.32,600
CPN01C2604A,20260116,0.28,0.32,0.28,0.32,4148600
CPN01C2606T,20260116,0.19,0.2,0.19,0.2,621600
CPN13C2604A,20260116,0.29,0.33,0.28,0.33,7872900
CPN19C2609T,20260116,0.29,0.32,0.29,0.32,1920100
CPN41C2604A,20260116,0.28,0.31,0.27,0.31,2849000
CPN41C2608T,20260116,0.31,0.33,0.3,0.33,1199800
CRC01C2605A,20260116,0.18,0.21,0.18,0.21,4942300
CRC01C2610T,20260116,0.28,0.3,0.28,0.3,2107300
CRC01P2605A,20260116,0.58,0.58,0.52,0.52,4068300
CRC13C2603A,20260116,0.05,0.05,0.05,0.05,20800
CRC13C2606A,20260116,0.24,0.27,0.24,0.27,8114300
CRC13P2606A,20260116,0.46,0.47,0.42,0.42,3379900
CRC19C2604A,20260116,0.1,0.12,0.1,0.12,1928200
CRC41C2606A,20260116,0.21,0.25,0.21,0.25,2579400
CRC41C2609T,20260116,0.15,0.17,0.15,0.17,1199800
DELTA01C2602A,20260116,0.06,0.09,0.06,0.08,5252300
DELTA01C2603A,20260116,0.03,0.05,0.03,0.03,2752200
DELTA01C2605A,20260116,0.45,0.49,0.43,0.46,9986400
DELTA01C2605B,20260116,0.82,0.89,0.77,0.83,7067900
DELTA01P2602A,20260116,0.01,0.01,0.01,0.01,235300
DELTA01P2603A,20260116,0.33,0.35,0.3,0.32,7415900
DELTA01P2605A,20260116,1.62,1.66,1.56,1.61,6870400
DELTA13C2602A,20260116,0.01,0.01,0.01,0.01,5300
DELTA13C2603A,20260116,0.03,0.04,0.03,0.03,1348200
DELTA13C2603B,20260116,0.02,0.02,0.02,0.02,500
DELTA13C2604A,20260116,0.16,0.2,0.16,0.17,25366100
DELTA13C2605A,20260116,0.15,0.18,0.15,0.16,36594900
DELTA13C2605B,20260116,0.47,0.54,0.45,0.49,56370200
DELTA13C2606A,20260116,0.3,0.33,0.29,0.3,24459300
DELTA13P2602A,20260116,0.01,0.01,0.01,0.01,1800
DELTA13P2603A,20260116,0.36,0.36,0.31,0.33,15414100
DELTA13P2605A,20260116,1.03,1.04,0.97,1,17411600
DELTA19C2604A,20260116,0.08,0.08,0.08,0.08,28600
DELTA19C2605A,20260116,0.24,0.28,0.23,0.26,10185700
DELTA19C2605B,20260116,0.43,0.48,0.41,0.44,20620600
DELTA19P2602A,20260116,0.03,0.03,0.02,0.02,50800
DELTA19P2604A,20260116,0.55,0.57,0.52,0.54,9639400
DELTA19P2605A,20260116,1.19,1.22,1.13,1.17,4603200
DELTA41C2603B,20260116,0.02,0.02,0.02,0.02,100
DELTA41C2604A,20260116,0.15,0.18,0.15,0.18,625000
DELTA41C2605A,20260116,0.14,0.16,0.13,0.15,103300
DELTA41C2608T,20260116,0.89,0.89,0.87,0.87,10800
DELTA41C2612T,20260116,0.51,0.54,0.5,0.52,606700
DELTA41P2603A,20260116,0.33,0.34,0.3,0.3,800900
DJI28C2603A,20260116,0.63,0.63,0.62,0.62,69600
DJI28P2603A,20260116,0.26,0.26,0.25,0.25,21200
DJI41C2603B,20260116,0.62,0.62,0.62,0.62,1000
DJI41P2603A,20260116,0.2,0.2,0.2,0.2,403000
DOHOME01C2604A,20260116,0.25,0.26,0.24,0.26,1814000
DOHOME13C2604A,20260116,0.12,0.14,0.12,0.14,4804300
DOHOME19C2604A,20260116,0.14,0.15,0.13,0.15,983700
DOHOME41C2604A,20260116,0.12,0.13,0.12,0.13,799700
EA13C2602B,20260116,0.01,0.01,0.01,0.01,853000
EA13C2604A,20260116,0.09,0.12,0.09,0.11,14418900
EA13C2605A,20260116,0.2,0.25,0.2,0.24,17687100
EA19C2602A,20260116,0.03,0.03,0.03,0.03,640000
EA19C2604A,20260116,0.14,0.18,0.14,0.17,5638300
EA19C2606A,20260116,0.31,0.37,0.31,0.36,7099500
EA19P2602A,20260116,0.16,0.16,0.12,0.12,2911800
EA41C2604A,20260116,0.1,0.11,0.1,0.11,1579600
EA41C2609T,20260116,0.28,0.31,0.28,0.29,2300400
EGCO01C2603A,20260116,0.08,0.08,0.08,0.08,40000
EGCO01C2603B,20260116,0.03,0.03,0.03,0.03,9000
EGCO01P2603A,20260116,0.5,0.51,0.47,0.47,1975600
EGCO13C2603A,20260116,0.03,0.03,0.03,0.03,200
EGCO13C2604A,20260116,0.12,0.13,0.12,0.13,2192200
EGCO13P2603A,20260116,0.32,0.32,0.29,0.29,896100
EGCO41C2604A,20260116,0.12,0.13,0.12,0.13,600
EGCO41C2612T,20260116,0.3,0.3,0.3,0.3,200
ERW01C2611T,20260116,0.17,0.17,0.17,0.17,2888700
ERW13C2604A,20260116,0.08,0.08,0.08,0.08,10000
ERW41C2611T,20260116,0.24,0.25,0.23,0.25,279500
GLOBAL13C2604A,20260116,0.1,0.12,0.1,0.12,3699600
GLOBAL41C2604A,20260116,0.1,0.12,0.1,0.12,1069900
GLOBAL41C2612T,20260116,0.32,0.35,0.32,0.35,901400
GPSC01C2603A,20260116,0.06,0.07,0.06,0.07,7200
GPSC01C2605A,20260116,0.22,0.29,0.22,0.29,5224300
GPSC01C2609T,20260116,0.23,0.27,0.23,0.27,745700
GPSC01P2603A,20260116,0.21,0.21,0.15,0.15,2617500
GPSC01P2605A,20260116,0.28,0.28,0.22,0.22,2098400
GPSC13C2603A,20260116,0.04,0.04,0.04,0.04,1000
GPSC13C2604A,20260116,0.12,0.18,0.12,0.18,9782700
GPSC13C2606A,20260116,0.29,0.37,0.29,0.37,7662300
GPSC13C2701T,20260116,0.21,0.26,0.21,0.26,3130100
GPSC13P2606A,20260116,0.24,0.24,0.22,0.22,1052700
GPSC19C2604A,20260116,0.19,0.27,0.19,0.27,4394200
GPSC41C2604A,20260116,0.14,0.17,0.14,0.17,300200
GPSC41C2606A,20260116,0.27,0.32,0.27,0.32,2349000
GPSC41C2703T,20260116,0.27,0.32,0.27,0.32,799800
GULF01C2604A,20260116,0.19,0.23,0.19,0.23,3772900
GULF01C2606T,20260116,0.09,0.1,0.08,0.1,101700
GULF13C2604A,20260116,0.17,0.22,0.17,0.22,17784100
GULF19C2604A,20260116,0.19,0.24,0.19,0.24,8810400
GULF41C2604A,20260116,0.16,0.21,0.16,0.21,1746400
GULF41C2609T,20260116,0.19,0.21,0.19,0.21,220200
HANA01C2602A,20260116,0.01,0.02,0.01,0.02,9900
HANA01C2604A,20260116,0.12,0.13,0.12,0.13,4236900
HANA01C2606A,20260116,0.32,0.33,0.3,0.33,5080600
HANA13C2604A,20260116,0.04,0.05,0.04,0.05,20900
HANA13C2604B,20260116,0.14,0.15,0.13,0.14,3323800
HANA13C2607A,20260116,0.34,0.35,0.33,0.35,9456900
HANA13C2701T,20260116,0.22,0.23,0.22,0.23,3843000
HANA19C2604B,20260116,0.17,0.17,0.16,0.17,1314700
HANA41C2602A,20260116,0.01,0.01,0.01,0.01,120000
HANA41C2607A,20260116,0.32,0.33,0.31,0.33,2399200
HANA41C2608T,20260116,0.28,0.29,0.28,0.29,333900
HMPRO13C2604A,20260116,0.16,0.22,0.16,0.21,12744200
HMPRO41C2604A,20260116,0.16,0.21,0.16,0.21,1103400
HMPRO41C2612T,20260116,0.24,0.28,0.24,0.28,3700
HSI28C2601C,20260116,0.02,0.02,0.02,0.02,8000
HSI28C2601D,20260116,0.07,0.07,0.05,0.05,563500
HSI28C2601E,20260116,0.31,0.33,0.25,0.26,117115500
HSI28C2602A,20260116,0.13,0.13,0.12,0.13,116100
HSI28C2602B,20260116,0.64,0.64,0.58,0.58,11674900
HSI28C2602C,20260116,0.3,0.3,0.26,0.27,2488200
HSI28C2603A,20260116,0.31,0.31,0.28,0.28,1702300
HSI28C2603B,20260116,0.58,0.58,0.54,0.54,11770000
HSI28C2603C,20260116,1.24,1.24,1.17,1.17,22200
HSI28C2604A,20260116,0.47,0.47,0.44,0.44,8771200
HSI28P2601D,20260116,0.05,0.07,0.05,0.06,5654200
HSI28P2601E,20260116,0.48,0.55,0.45,0.53,49650600
HSI28P2602A,20260116,0.09,0.1,0.09,0.1,1200700
HSI28P2602B,20260116,0.19,0.22,0.19,0.21,1156200
HSI28P2602C,20260116,0.37,0.4,0.36,0.39,11121600
HSI28P2603A,20260116,0.05,0.06,0.05,0.05,3102600
HSI28P2603B,20260116,0.12,0.13,0.12,0.13,712600
HSI28P2603C,20260116,0.7,0.73,0.7,0.72,100500
HSI28P2604A,20260116,0.29,0.33,0.29,0.33,842100
HSTECH28C2603A,20260116,0.47,0.47,0.45,0.45,5701800
IRPC01C2603A,20260116,0.1,0.1,0.1,0.1,2470400
IRPC01C2607A,20260116,0.27,0.27,0.27,0.27,1510900
IRPC13C2604A,20260116,0.19,0.19,0.19,0.19,4798100
IRPC13C2701T,20260116,0.24,0.24,0.24,0.24,2548400
IRPC19C2609T,20260116,0.2,0.2,0.2,0.2,851900
IRPC41C2703T,20260116,0.3,0.31,0.3,0.3,900
ITC01C2606T,20260116,0.28,0.29,0.28,0.29,1460100
ITC13C2604A,20260116,0.14,0.14,0.14,0.14,1789200
ITC13C2608A,20260116,0.41,0.41,0.4,0.41,2375100
ITC19C2609T,20260116,0.32,0.32,0.32,0.32,562600
ITC41C2604A,20260116,0.13,0.13,0.13,0.13,799600
ITC41C2612T,20260116,0.28,0.28,0.28,0.28,399800
IVL01C2603A,20260116,0.06,0.06,0.06,0.06,1140200
IVL01C2604A,20260116,0.22,0.25,0.21,0.24,23607200
IVL01C2605A,20260116,0.59,0.65,0.59,0.65,68200
IVL01P2604A,20260116,0.15,0.16,0.14,0.14,7112200
IVL13C2603A,20260116,0.04,0.04,0.04,0.04,19900
IVL13C2604A,20260116,0.18,0.2,0.17,0.19,15696400
IVL13C2605A,20260116,0.41,0.45,0.39,0.43,24663400
IVL13P2604A,20260116,0.19,0.19,0.17,0.17,8383400
IVL19C2602A,20260116,0.01,0.01,0.01,0.01,25000
IVL19C2603A,20260116,0.04,0.06,0.04,0.06,477300
IVL19C2604A,20260116,0.24,0.26,0.22,0.25,32260900
IVL19C2605A,20260116,0.53,0.57,0.53,0.57,226700
IVL41C2604A,20260116,0.19,0.2,0.17,0.2,301400
IVL41C2605A,20260116,0.42,0.44,0.39,0.44,1850600
IVL41C2605T,20260116,0.03,0.04,0.03,0.04,10100
IVL41C2702T,20260116,0.27,0.27,0.26,0.27,72700
IVL41P2604A,20260116,0.17,0.18,0.16,0.16,381000
IVL41P2605T,20260116,0.37,0.38,0.36,0.38,600
JAS19C2604A,20260116,0.12,0.12,0.12,0.12,130800
JAS41C2611T,20260116,0.22,0.22,0.22,0.22,140000
JD41C2603A,20260116,0.12,0.12,0.12,0.12,10000
JD41C2606A,20260116,0.34,0.34,0.34,0.34,1600
JMART13C2603A,20260116,0.06,0.06,0.06,0.06,50000
JMART13C2605A,20260116,0.19,0.29,0.19,0.26,4334100
JMART13C2701T,20260116,0.19,0.23,0.19,0.22,9147000
JMART41C2609T,20260116,0.12,0.16,0.12,0.16,1899200
JMART41C2703T,20260116,0.33,0.33,0.33,0.33,100
JMT01C2605A,20260116,0.24,0.26,0.24,0.25,4632900
JMT13C2604A,20260116,0.13,0.15,0.13,0.14,6468600
JMT13C2701T,20260116,0.24,0.25,0.24,0.25,1826900
JMT19C2603A,20260116,0.03,0.03,0.03,0.03,3000
JMT19C2605A,20260116,0.23,0.26,0.23,0.25,9982900
JMT41C2604A,20260116,0.13,0.15,0.13,0.14,1200000
JMT41C2703T,20260116,0.39,0.41,0.39,0.41,1858200
KBANK01C2602A,20260116,0.39,0.43,0.38,0.43,1545200
KBANK01C2607A,20260116,0.5,0.53,0.49,0.53,3587400
KBANK01P2604A,20260116,0.28,0.28,0.26,0.26,2041500
KBANK01P2607A,20260116,0.73,0.74,0.7,0.7,1226700
KBANK13C2603A,20260116,0.24,0.27,0.23,0.27,8721300
KBANK13C2607A,20260116,0.21,0.23,0.21,0.23,6527000
KBANK13P2604A,20260116,0.22,0.22,0.21,0.21,640100
KBANK19C2604A,20260116,0.28,0.3,0.27,0.3,3558600
KBANK41C2603A,20260116,0.24,0.26,0.24,0.26,331800
KBANK41C2604T,20260116,1.17,1.18,1.17,1.18,400
KBANK41C2607A,20260116,0.19,0.2,0.19,0.2,1400
KBANK41C2609T,20260116,0.62,0.63,0.62,0.63,900
KBANK41P2604A,20260116,0.2,0.2,0.2,0.2,1000
KCE13C2603A,20260116,0.02,0.02,0.02,0.02,1900
KCE13C2604A,20260116,0.06,0.06,0.06,0.06,46000
KCE13C2606A,20260116,0.27,0.27,0.26,0.26,11820300
KCE19C2604A,20260116,0.09,0.09,0.09,0.09,516700
KCE19C2605A,20260116,0.31,0.31,0.29,0.29,7921100
KCE41C2606A,20260116,0.25,0.25,0.25,0.25,5258200
KCE41C2609T,20260116,0.36,0.36,0.35,0.36,1297100
KKP01C2607A,20260116,0.52,0.54,0.52,0.54,1247000
KKP13C2606A,20260116,0.42,0.44,0.42,0.44,9975900
KKP19C2609T,20260116,0.58,0.59,0.57,0.59,1319900
KTB01C2603A,20260116,0.11,0.11,0.11,0.11,312000
KTB01C2701T,20260116,0.2,0.2,0.2,0.2,10000
KTB13C2606A,20260116,0.14,0.14,0.14,0.14,402000
KTC01C2604A,20260116,0.09,0.09,0.09,0.09,100
KTC01C2609T,20260116,0.17,0.18,0.17,0.18,586800
KTC13C2604A,20260116,0.07,0.08,0.07,0.08,150100
KTC13C2607A,20260116,0.22,0.23,0.22,0.23,7238600
KTC13C2701T,20260116,0.23,0.24,0.23,0.24,11226400
KTC19C2604A,20260116,0.13,0.14,0.13,0.13,2028600
KTC19C2609T,20260116,0.18,0.18,0.18,0.18,1510100
KTC41C2606T,20260116,0.02,0.02,0.02,0.02,100
KTC41C2607A,20260116,0.2,0.2,0.2,0.2,503900
KUAISH28C2606A,20260116,0.66,0.67,0.65,0.66,101300
KUAISH41C2603A,20260116,0.24,0.24,0.24,0.24,60900
KUAISH41C2606A,20260116,0.45,0.45,0.44,0.45,104000
KUAISH41C2609T,20260116,1.24,1.24,1.24,1.24,400
M01C2606A,20260116,0.34,0.35,0.32,0.34,1869500
M01C2610T,20260116,0.05,0.06,0.05,0.06,200
M13C2604B,20260116,0.08,0.08,0.08,0.08,2000
M13C2605A,20260116,0.3,0.3,0.28,0.3,2965500
M19C2605A,20260116,0.36,0.37,0.34,0.36,1316900
M41C2612T,20260116,0.25,0.26,0.25,0.26,1199600
MCA5041C2603A,20260116,0.6,0.6,0.53,0.53,330000
MEITUA28C2604A,20260116,0.21,0.21,0.21,0.21,300600
MEITUA41C2601A,20260116,0.01,0.01,0.01,0.01,1499300
MEITUA41C2603A,20260116,0.22,0.22,0.22,0.22,5000
MEITUA41P2603A,20260116,0.19,0.19,0.19,0.19,1200
MINT01C2605A,20260116,0.28,0.28,0.22,0.26,7659000
MINT01P2605A,20260116,0.45,0.52,0.45,0.46,3994900
MINT13C2604A,20260116,0.26,0.26,0.2,0.24,11584600
MINT13P2606A,20260116,0.66,0.75,0.66,0.68,5446200
MINT41C2604A,20260116,0.22,0.23,0.2,0.23,1254200
MINT41C2612T,20260116,0.09,0.09,0.09,0.09,100000
MINT41P2606A,20260116,0.62,0.73,0.62,0.67,954000
MTC01C2608A,20260116,0.26,0.27,0.25,0.26,9420400
MTC01P2608A,20260116,0.29,0.31,0.29,0.29,2507400
MTC13C2604A,20260116,0.02,0.02,0.02,0.02,15000
MTC13C2605A,20260116,0.09,0.09,0.09,0.09,1125500
MTC13C2607A,20260116,0.27,0.27,0.24,0.27,11304200
MTC19C2605A,20260116,0.12,0.12,0.11,0.12,4974700
MTC41C2604A,20260116,0.04,0.04,0.04,0.04,1800
MTC41C2611T,20260116,0.1,0.11,0.1,0.11,2100
NDX28C2603A,20260116,0.26,0.27,0.25,0.27,3500
NDX28C2603B,20260116,0.63,0.64,0.62,0.63,14700
NDX41C2603A,20260116,0.37,0.37,0.36,0.36,306700
NDX41C2603B,20260116,0.56,0.57,0.56,0.57,2050000
NDX41P2603A,20260116,0.74,0.74,0.74,0.74,71100
NDX41P2603B,20260116,0.46,0.46,0.46,0.46,216700
NDX41P2606A,20260116,0.62,0.62,0.62,0.62,50200
NIKKEI28C2603A,20260116,0.52,0.54,0.52,0.53,92600
NIKKEI28C2603B,20260116,0.86,0.88,0.85,0.85,3200
NIKKEI28C2603C,20260116,1.27,1.28,1.27,1.28,2000
NIKKEI28P2603B,20260116,0.15,0.15,0.15,0.15,4300100
NIKKEI41C2603B,20260116,1.84,1.88,1.84,1.84,400000
NIKKEI41C2603C,20260116,1.39,1.42,1.39,1.39,25400
NIKKEI41C2606A,20260116,1.3,1.3,1.3,1.3,200
NIKKEI41P2606A,20260116,0.88,0.88,0.88,0.88,5200
NIKKEI41P2606B,20260116,0.58,0.58,0.57,0.58,54300
NIKKEI41P2606C,20260116,0.38,0.38,0.38,0.38,50000
NTES41C2603A,20260116,0.17,0.17,0.16,0.17,800
OR13C2605A,20260116,0.21,0.26,0.21,0.26,17625100
OR41C2605A,20260116,0.23,0.25,0.23,0.25,2919600
OR41C2608T,20260116,0.33,0.38,0.33,0.38,1238000
OSP01C2607A,20260116,0.34,0.41,0.34,0.41,5413200
OSP13C2603A,20260116,0.07,0.1,0.07,0.09,869200
OSP41C2603A,20260116,0.09,0.09,0.09,0.09,20000
PINGAN41C2606A,20260116,0.33,0.33,0.33,0.33,800
PLANB13C2603A,20260116,0.05,0.06,0.04,0.05,3106800
PLANB13C2607A,20260116,0.3,0.3,0.26,0.28,3460800
PLANB19C2605A,20260116,0.15,0.15,0.13,0.14,1985700
PLANB41C2612T,20260116,0.13,0.13,0.12,0.13,1499600
POPMAR28C2604A,20260116,0.05,0.06,0.05,0.06,1100
POPMAR28C2606A,20260116,0.22,0.22,0.22,0.22,332000
POPMAR41C2601A,20260116,0.01,0.01,0.01,0.01,1599500
POPMAR41C2605A,20260116,0.25,0.25,0.24,0.24,32000
POPMAR41C2609T,20260116,0.67,0.69,0.67,0.67,4600
POPMAR41P2601A,20260116,0.78,0.78,0.74,0.74,300
PR913C2605A,20260116,0.17,0.19,0.17,0.19,2067400
PRM19C2604A,20260116,0.25,0.25,0.23,0.25,1592600
PRM41C2612T,20260116,0.39,0.39,0.37,0.39,356600
PTG01C2607A,20260116,0.2,0.2,0.19,0.2,1930800
PTT13C2606A,20260116,0.17,0.18,0.17,0.18,2080900
PTT13C2701T,20260116,0.21,0.21,0.21,0.21,100
PTT19C2612T,20260116,0.28,0.29,0.28,0.29,607200
PTT41C2606A,20260116,0.17,0.17,0.17,0.17,380400
PTTEP01C2606T,20260116,0.47,0.48,0.47,0.48,184500
PTTEP13C2603A,20260116,0.12,0.13,0.12,0.13,2744200
PTTEP13C2607A,20260116,0.37,0.4,0.37,0.4,6249500
PTTEP13P2603A,20260116,0.06,0.06,0.06,0.06,100200
PTTEP19C2603A,20260116,0.15,0.15,0.15,0.15,978500
PTTEP19C2607A,20260116,0.43,0.47,0.43,0.47,1717700
PTTEP41C2603A,20260116,0.12,0.12,0.12,0.12,100
PTTEP41C2607A,20260116,0.35,0.36,0.35,0.36,151500
PTTEP41C2609T,20260116,0.42,0.44,0.42,0.44,164300
PTTGC01C2603A,20260116,0.04,0.05,0.04,0.05,570100
PTTGC01C2605A,20260116,0.35,0.37,0.34,0.37,8202100
PTTGC01P2605A,20260116,0.21,0.22,0.2,0.2,2458300
PTTGC13C2604A,20260116,0.41,0.44,0.4,0.43,12143800
PTTGC13P2607A,20260116,0.67,0.67,0.65,0.65,2660000
PTTGC19C2604A,20260116,0.39,0.41,0.38,0.41,27075700
PTTGC41C2604A,20260116,0.42,0.43,0.4,0.43,703200
PTTGC41C2612T,20260116,0.26,0.26,0.26,0.26,3200
RCL01C2610T,20260116,0.28,0.28,0.28,0.28,172100
RCL13C2604A,20260116,0.19,0.2,0.19,0.2,324500
SAWAD01C2604A,20260116,0.05,0.05,0.05,0.05,100
SAWAD01C2606A,20260116,0.49,0.5,0.46,0.49,7435100
SAWAD01P2606A,20260116,0.55,0.58,0.54,0.54,11298400
SAWAD13C2602A,20260116,0.01,0.01,0.01,0.01,25100
SAWAD13C2604A,20260116,0.05,0.05,0.05,0.05,100
SAWAD13C2607A,20260116,0.16,0.17,0.15,0.16,43779200
SAWAD13C2607B,20260116,0.61,0.63,0.59,0.63,8508000
SAWAD13P2603A,20260116,0.23,0.24,0.22,0.22,6214400
SAWAD19C2607A,20260116,0.51,0.52,0.49,0.52,4294000
SAWAD41C2607A,20260116,0.15,0.16,0.15,0.16,300
SAWAD41C2607B,20260116,0.57,0.59,0.55,0.59,2136800
SAWAD41C2610T,20260116,0.35,0.36,0.35,0.36,604400
SAWAD41P2603A,20260116,0.22,0.23,0.22,0.22,600500
SCB01C2605A,20260116,0.34,0.36,0.34,0.36,2444400
SCB01P2605A,20260116,0.2,0.2,0.19,0.19,2162900
SCB13C2603A,20260116,0.19,0.19,0.18,0.19,11809900
SCB13C2607A,20260116,0.19,0.2,0.19,0.19,3413000
SCB13P2607A,20260116,0.61,0.62,0.59,0.6,7789100
SCB19C2612T,20260116,0.48,0.48,0.44,0.44,2594800
SCB41C2603A,20260116,0.18,0.19,0.18,0.19,626600
SCB41C2609T,20260116,0.46,0.47,0.45,0.47,102200
SCC01C2603A,20260116,0.14,0.15,0.13,0.14,3208600
SCC01C2605A,20260116,0.74,0.76,0.69,0.74,887900
SCC01C2606T,20260116,0.66,0.68,0.64,0.68,1762300
SCC01P2605A,20260116,0.36,0.38,0.35,0.35,4142700
SCC13C2604A,20260116,0.46,0.48,0.46,0.48,1500
SCC13C2606A,20260116,1.05,1.05,1,1.02,2700
SCC13C2607A,20260116,0.45,0.45,0.42,0.45,5721900
SCC13C2701T,20260116,0.4,0.41,0.39,0.41,3758500
SCC13P2602A,20260116,0.1,0.1,0.06,0.09,1300
SCC41C2607A,20260116,0.41,0.43,0.4,0.43,51800
SCC41C2608T,20260116,1.01,1.03,1.01,1.03,400
SCC41C2611T,20260116,0.27,0.28,0.27,0.28,2200
SCC41C2612T,20260116,0.69,0.7,0.67,0.7,101400
SCGP01C2604A,20260116,0.4,0.45,0.4,0.41,10163000
SCGP01P2604A,20260116,0.1,0.11,0.1,0.1,2672800
SCGP13C2603A,20260116,0.25,0.3,0.25,0.27,20439300
SCGP13C2605A,20260116,0.78,0.8,0.73,0.74,41200
SCGP13C2607A,20260116,0.48,0.54,0.48,0.51,18879000
SCGP13P2604A,20260116,0.1,0.11,0.09,0.09,1575700
SCGP19C2607A,20260116,0.55,0.62,0.55,0.59,2891700
SCGP41C2603A,20260116,0.23,0.28,0.23,0.26,2822600
SCGP41C2606T,20260116,0.31,0.33,0.3,0.31,1749700
SCGP41C2609T,20260116,0.6,0.64,0.6,0.62,43200
SET01C2602A,20260116,0.02,0.04,0.02,0.03,1129600
SET01C2604A,20260116,0.28,0.34,0.27,0.33,4319600
SET01C2605A,20260116,0.59,0.71,0.59,0.71,5888200
SET01C2606L,20260116,2.42,2.46,2.42,2.46,200
SET01P2602A,20260116,0.13,0.13,0.09,0.09,974700
SET01P2603T,20260116,0.07,0.07,0.06,0.06,2600
SET01P2604A,20260116,0.37,0.38,0.3,0.31,2878300
SET01P2605A,20260116,0.82,0.85,0.73,0.73,1808700
SET01P2606L,20260116,1.42,1.42,1.41,1.41,6600
SET5001C2603F,20260116,0.16,0.2,0.16,0.2,272100
SET5001C2603G,20260116,0.25,0.31,0.24,0.31,2586100
SET5001C2603H,20260116,0.61,0.71,0.6,0.71,1170000
SET5001C2605A,20260116,0.44,0.53,0.44,0.53,1446200
SET5001P2602A,20260116,0.02,0.02,0.01,0.01,15600
SET5001P2603F,20260116,0.24,0.24,0.19,0.2,2167200
SET5001P2603G,20260116,0.66,0.66,0.56,0.57,2541700
SET5001P2605A,20260116,0.4,0.41,0.33,0.33,5120500
SET5013C2603A,20260116,0.13,0.17,0.12,0.15,31994600
SET5013C2603B,20260116,0.19,0.25,0.18,0.23,96428400
SET5013C2603C,20260116,0.29,0.38,0.27,0.36,165781700
SET5013C2603D,20260116,0.4,0.53,0.38,0.5,250676400
SET5013C2603E,20260116,0.53,0.72,0.51,0.68,318568700
SET5013C2603F,20260116,0.77,1.03,0.75,0.98,86333500
SET5013P2603A,20260116,0.21,0.21,0.16,0.17,64434800
SET5013P2603B,20260116,0.12,0.13,0.1,0.1,16906300
SET5013P2603C,20260116,0.32,0.33,0.25,0.26,124255100
SET5013P2603D,20260116,0.22,0.23,0.17,0.18,57854100
SET5013P2603E,20260116,0.45,0.47,0.35,0.36,323606400
SET5013P2603F,20260116,0.61,0.63,0.47,0.49,211525200
SET5019C2603A,20260116,0.23,0.29,0.23,0.28,22675300
SET5019C2603B,20260116,0.19,0.27,0.19,0.24,13300300
SET5019C2603C,20260116,0.63,0.76,0.62,0.74,31429500
SET5019P2603A,20260116,0.22,0.23,0.17,0.17,15153100
SET5019P2603B,20260116,0.53,0.55,0.44,0.46,32419000
SET5028C2603A,20260116,0.44,0.49,0.43,0.48,1101200
SET5028P2603A,20260116,0.23,0.23,0.2,0.2,8500
SET5041C2603A,20260116,0.13,0.16,0.13,0.16,601600
SET5041C2603B,20260116,0.21,0.23,0.21,0.23,1200
SET5041C2603C,20260116,0.28,0.37,0.27,0.36,1205400
SET5041C2603D,20260116,0.4,0.53,0.39,0.51,1490500
SET5041C2603E,20260116,0.5,0.66,0.49,0.65,810200
SET5041C2609T,20260116,0.61,0.64,0.6,0.64,22900
SET5041P2603A,20260116,0.17,0.17,0.17,0.17,100000
SET5041P2603B,20260116,0.12,0.12,0.1,0.1,15000
SET5041P2603C,20260116,0.31,0.32,0.26,0.27,1525400
SET5041P2603D,20260116,0.21,0.21,0.21,0.21,74400
SET5041P2603E,20260116,0.41,0.41,0.33,0.34,1902500
SET5041P2609T,20260116,0.8,0.8,0.76,0.76,250500
SIRI13C2605A,20260116,0.22,0.23,0.22,0.23,2348600
SIRI41C2605A,20260116,0.21,0.21,0.21,0.21,25200
SISB13C2607A,20260116,0.11,0.12,0.11,0.12,4141600
SISB41C2702T,20260116,0.17,0.18,0.17,0.18,200000
SPRC01C2602A,20260116,0.16,0.17,0.16,0.17,2309600
SPRC01C2603A,20260116,0.85,0.89,0.85,0.89,571400
SPRC01C2607A,20260116,0.25,0.26,0.25,0.26,802000
SPRC01P2604A,20260116,0.15,0.15,0.14,0.14,588800
SPRC13C2604A,20260116,0.16,0.17,0.16,0.17,5098300
SPRC41C2604A,20260116,0.16,0.17,0.16,0.17,400600
SPRC41C2612T,20260116,0.45,0.45,0.45,0.45,200
SPX28C2603B,20260116,0.95,0.95,0.94,0.94,800
SPX41C2603A,20260116,0.55,0.56,0.55,0.56,10100
SPX41C2603B,20260116,0.56,0.57,0.55,0.57,14000
STA01C2607A,20260116,0.23,0.24,0.23,0.23,3663300
STA13C2605A,20260116,0.22,0.23,0.22,0.22,8456300
STA19C2607A,20260116,0.3,0.31,0.3,0.3,2402500
STGT13C2607A,20260116,0.64,0.64,0.62,0.63,417200
STGT41C2612T,20260116,0.48,0.48,0.48,0.48,200
TASCO13C2604A,20260116,0.2,0.21,0.2,0.2,839500
TASCO41C2612T,20260116,0.28,0.28,0.28,0.28,500
TCAP13C2605A,20260116,0.33,0.35,0.33,0.35,2973000
TENCEN41C2606A,20260116,0.33,0.33,0.32,0.32,115400
TENCEN41P2603A,20260116,0.18,0.18,0.18,0.18,2500
TFG13C2604A,20260116,0.29,0.32,0.29,0.3,10905000
TFG13C2606A,20260116,0.16,0.16,0.16,0.16,3580900
TFG19C2606A,20260116,0.45,0.46,0.44,0.46,3428800
TFG41C2606A,20260116,0.14,0.14,0.14,0.14,400100
TFG41C2612T,20260116,0.34,0.34,0.34,0.34,1029600
TIDLOR01C2606A,20260116,0.3,0.31,0.29,0.31,4666600
TIDLOR01C2610T,20260116,0.22,0.22,0.22,0.22,2670900
TIDLOR01P2605A,20260116,0.83,0.85,0.81,0.82,1162200
TIDLOR13C2604A,20260116,0.08,0.09,0.08,0.09,367000
TIDLOR13C2607A,20260116,0.29,0.31,0.29,0.31,5237200
TIDLOR13C2701T,20260116,0.34,0.35,0.34,0.35,9683400
TIDLOR19C2609T,20260116,0.23,0.23,0.23,0.23,797200
TIDLOR19C2612T,20260116,0.47,0.49,0.46,0.49,3618400
TIDLOR41C2607A,20260116,0.28,0.28,0.27,0.28,101800
TIDLOR41C2612T,20260116,0.22,0.22,0.22,0.22,1400
TISCO01C2603A,20260116,0.12,0.12,0.12,0.12,902400
TISCO13C2607A,20260116,0.24,0.25,0.24,0.25,1806100
TISCO41C2606T,20260116,0.35,0.35,0.35,0.35,225000
TOA13C2605A,20260116,0.26,0.27,0.25,0.26,494600
TOP01C2605A,20260116,0.24,0.24,0.23,0.24,2645100
TOP13C2603A,20260116,0.16,0.16,0.14,0.15,5812300
TOP13C2606A,20260116,0.42,0.42,0.39,0.42,7052200
TOP19C2602A,20260116,0.08,0.08,0.08,0.08,202800
TOP19C2612T,20260116,0.6,0.6,0.57,0.6,10739500
TOP41C2603A,20260116,0.16,0.16,0.16,0.16,100
TOP41C2606A,20260116,0.41,0.41,0.37,0.4,1735800
TOP41C2609T,20260116,0.81,0.82,0.8,0.82,50800
TOP41C2611T,20260116,0.44,0.44,0.42,0.43,1000
TRIPDC41C2609A,20260116,0.26,0.28,0.26,0.27,44200
TRUE01C2602A,20260116,0.08,0.09,0.08,0.09,1000600
TRUE01C2606T,20260116,0.06,0.06,0.06,0.06,4000
TRUE13C2602A,20260116,0.06,0.07,0.06,0.07,1020600
TRUE13C2607A,20260116,0.28,0.3,0.28,0.3,7367100
TRUE19C2604A,20260116,0.16,0.17,0.16,0.17,229300
TRUE41C2607A,20260116,0.26,0.28,0.26,0.28,251400
TRUE41C2612T,20260116,0.22,0.23,0.22,0.23,10000
TTB13C2607A,20260116,0.1,0.11,0.1,0.11,1508300
TU01C2605A,20260116,0.11,0.11,0.1,0.1,506200
TU01P2605A,20260116,0.26,0.27,0.26,0.26,2056400
TU13C2604A,20260116,0.1,0.1,0.09,0.09,179000
TU41C2609T,20260116,0.23,0.23,0.23,0.23,999700
VGI01C2606A,20260116,0.09,0.09,0.09,0.09,450000
VGI13C2605A,20260116,0.06,0.07,0.06,0.07,949900
VGI13C2607A,20260116,0.14,0.14,0.14,0.14,1583400
VGI19C2602A,20260116,0.01,0.01,0.01,0.01,20000
VGI41C2703T,20260116,0.3,0.31,0.3,0.31,53400
WHA01C2610T,20260116,0.37,0.38,0.37,0.38,2816700
WHA13C2603A,20260116,0.07,0.07,0.07,0.07,410200
WHA13C2605A,20260116,0.27,0.29,0.27,0.28,1778500
WHA13C2701T,20260116,0.31,0.32,0.31,0.32,3041600
WUXI41C2603A,20260116,0.16,0.16,0.15,0.16,2800
XIAOMI28C2606A,20260116,0.27,0.27,0.25,0.25,616600
XIAOMI41C2605A,20260116,0.15,0.15,0.15,0.15,800
XIAOMI41C2609T,20260116,0.69,0.69,0.67,0.67,9600
ZIJIN41C2601A,20260116,1.52,1.52,1.5,1.5,19700
ZIJIN41C2603A,20260116,0.54,0.54,0.48,0.48,6400
AAPL01,20260116,24,24.1,23.8,23.9,9408
AAPL03,20260116,2.74,2.74,2.7,2.72,44274
AAPL80,20260116,8.15,8.2,8.1,8.15,155349
ABBV19,20260116,7,7,6.8,6.85,134122
ADBE03,20260116,2.12,2.14,2.1,2.12,57265
ADBE06,20260116,2.4,2.4,2.36,2.38,233413
ADVANT23,20260116,3.06,3.16,3.02,3.16,1183220
AIA06,20260116,3.36,3.38,3.34,3.38,2478
AIA19,20260116,3.38,3.38,3.34,3.36,5109
AIA23,20260116,2.6,2.6,2.56,2.58,190169
AMD80,20260116,1.44,1.5,1.43,1.47,50053164
AMZN01,20260116,22.1,22.2,21.8,22,34113
AMZN06,20260116,1.87,1.88,1.86,1.87,37851644
AMZN80,20260116,1.88,1.89,1.86,1.87,9996773
ANTA13,20260116,2.02,2.02,2.02,2.02,125
ANTA23,20260116,2.08,2.08,2.06,2.06,39303
ASEMI24,20260116,2.2,2.24,2.2,2.2,41305
ASML01,20260116,35,35.5,34.75,35,273826
AVGO80,20260116,2.2,2.26,2.18,2.18,6270735
BABA01,20260116,15.1,15.3,15.1,15.1,159510
BABA06,20260116,6.7,6.7,6.7,6.7,142920
BABA13,20260116,2.72,2.78,2.72,2.76,165749
BABA23,20260116,4.46,4.48,4.44,4.44,1139953
BABA80,20260116,6.75,6.75,6.55,6.7,19896609
BAC03,20260116,3.3,3.34,3.28,3.34,20262
BDX06,20260116,2.18,2.2,2.16,2.2,195876
BIDU01,20260116,13.5,13.5,13.1,13.3,131317
BIDU06,20260116,5.85,5.85,5.75,5.85,2021
BIDU23,20260116,2.84,2.84,2.8,2.8,43682
BIDU80,20260116,5.9,5.95,5.8,5.9,6340365
BILIBILI01,20260116,4.88,5,4.86,4.96,2942265
BKNG03,20260116,2.74,2.74,2.72,2.72,2877
BKNG80,20260116,3.26,3.28,3.24,3.26,106312
BONDAS19,20260116,6.3,6.3,6.3,6.3,20332
BRKB80,20260116,1.56,1.58,1.54,1.55,6222248
BYDCOM01,20260116,0.92,0.93,0.91,0.91,73863
BYDCOM80,20260116,0.4,0.41,0.39,0.41,6206061
CATL01,20260116,4.46,4.48,4.4,4.42,1326031
CATL23,20260116,7.85,7.85,7.6,7.75,197440
CATL80,20260116,19.6,19.6,19.4,19.6,20854
CHHONGQ19,20260116,14.6,14.6,14,14.1,384221
CHMOBILE19,20260116,3.24,3.24,3.22,3.24,616519
CHNXT5023,20260116,7,7.05,6.95,7.05,33064
CMBANK23,20260116,2.16,2.16,2.12,2.16,168380
CN01,20260116,22.3,22.3,22,22.2,101959
CN23,20260116,5.6,5.6,5.55,5.6,1122
CNBIO24,20260116,1.56,1.56,1.54,1.55,24837
CNEV24,20260116,2.28,2.28,2.24,2.28,10630
CNROBOAI23,20260116,2.9,2.9,2.7,2.7,189678
CNSEMI23,20260116,2.78,2.8,2.72,2.78,324283
CNSTAR5023,20260116,7.15,7.4,7.15,7.4,42657
CNTECH01,20260116,30,30,29.5,29.75,51706
COSTCO19,20260116,29.75,30.25,29.5,29.75,5101
CRM01,20260116,4.2,4.2,4.06,4.12,79340
CRWD06,20260116,2.92,2.96,2.86,2.9,118740
CRWD80,20260116,14.6,14.8,14.3,14.5,297717
CSCO06,20260116,2.96,2.98,2.96,2.96,104450
DBS19,20260116,14.5,14.5,14.4,14.4,14930
DELL19,20260116,3.8,3.88,3.78,3.8,347398
DISNEY19,20260116,17.8,18,17.7,18,2120
E1VFVN3001,20260116,43.25,44,43.25,43.5,137375
ESTEE80,20260116,1.23,1.24,1.21,1.22,3693116
FERRARI80,20260116,1.13,1.13,1.09,1.1,351582
FPTVN11,20260116,2.42,2.58,2.42,2.58,567084
FPTVN19,20260116,12.3,13,12.2,13,1026744
FUEVFVND01,20260116,46.5,47.5,46.5,47,395926
GASVN11,20260116,5.15,5.15,4.74,4.76,163438
GEELY06,20260116,2.8,2.8,2.78,2.8,4312
GEELY80,20260116,6.95,6.95,6.9,6.9,42835
GOLD03,20260116,3.32,3.34,3.3,3.34,140994
GOLD19,20260116,13.2,13.4,13.2,13.4,102503
GOLDUS19,20260116,44.5,44.5,44.25,44.5,199273
GOOG80,20260116,5.35,5.35,5.2,5.25,5313844
GOOGL01,20260116,31,31.25,30.5,31,158448
GOOGL03,20260116,5.3,5.35,5.2,5.25,117107
GRAB80,20260116,14.5,14.6,13.6,13.8,230067
GSUS06,20260116,4.18,4.4,4.1,4.36,157499
HAIERS19,20260116,10.8,10.8,10.5,10.5,39063
HERMES80,20260116,8.2,8.25,8,8,23446
HK01,20260116,21.9,21.9,21.6,21.8,8909
HK13,20260116,5.7,5.7,5.6,5.6,64
HKCE01,20260116,25.75,25.75,25.5,25.75,3340
HKEX23,20260116,2.3,2.3,2.28,2.28,121883
HKTECH13,20260116,4.68,4.68,4.66,4.68,58692
HONDA19,20260116,3.28,3.28,3.24,3.24,97875
HOOD06,20260116,3.76,3.76,3.5,3.54,858014
HORIZON23,20260116,2.42,2.44,2.32,2.32,463658
HPG19,20260116,3.38,3.48,3.38,3.38,18837
HSHD23,20260116,6.3,6.35,6.25,6.35,135839
HUAHONG23,20260116,5.8,6.25,5.75,6.25,3682545
ICBC06,20260116,2.58,2.58,2.52,2.52,91564
ICBC19,20260116,2.56,2.58,2.56,2.56,1508304
INDIA01,20260116,14,14.2,13.9,13.9,169673
INDIAESG19,20260116,4.4,4.4,4.36,4.36,58557
ISRG01,20260116,3.84,3.84,3.76,3.8,130636
ITOCHU19,20260116,7.05,7.05,7,7,7960
JAP03,20260116,3.4,3.4,3.36,3.36,4690
JAPAN10001,20260116,26.25,26.75,26,26.75,30221
JAPAN13,20260116,4.68,4.7,4.68,4.7,8267
JD80,20260116,4.62,4.62,4.56,4.6,516167
JDHEAL19,20260116,5.4,5.45,5.3,5.45,251467
JNJ03,20260116,3.44,3.46,3.4,3.44,165609
JPMUS06,20260116,3.24,3.28,3.24,3.26,333067
JPMUS19,20260116,19.4,19.7,19.4,19.6,13954
KEYENCE23,20260116,2.18,2.28,2.16,2.28,236326
KINGSOFT23,20260116,2.16,2.16,2.12,2.16,7251
KO80,20260116,2.26,2.26,2.2,2.22,200893
KUAISH01,20260116,3.94,3.94,3.92,3.94,118273
KUAISH06,20260116,3.16,3.18,3.12,3.18,12230
KUAISH23,20260116,2.26,2.28,2.22,2.28,5584757
KUAISH80,20260116,3.16,3.16,3.12,3.16,7980684
LENOVO13,20260116,1.88,1.88,1.84,1.87,4684
LLY80,20260116,1.69,1.7,1.61,1.62,16237372
LOREAL80,20260116,1.43,1.44,1.41,1.41,6933
LPGOLD13,20260116,2.76,2.8,2.74,2.76,89829
LULU06,20260116,3.22,3.22,3.18,3.2,31004
LVMH01,20260116,14.4,14.6,13.9,14,89837
MA80,20260116,1.73,1.73,1.7,1.71,923000
MEITUAN19,20260116,1.35,1.35,1.33,1.34,458961
MEITUAN80,20260116,4.06,4.06,4,4.04,714338
MELI06,20260116,2.66,2.7,2.64,2.66,389142
META01,20260116,5.75,5.8,5.7,5.8,378377
META06,20260116,2.44,2.46,2.42,2.46,52896
META80,20260116,2.44,2.46,2.4,2.46,4001281
MICRON01,20260116,6.85,6.95,6.7,6.95,5220656
MITSU19,20260116,9.35,9.35,9.2,9.35,104888
MNSO80,20260116,15.4,15.4,15.3,15.3,1016
MNST06,20260116,3.52,3.54,3.46,3.46,89326
MS06,20260116,3.82,4.06,3.76,4.02,53515
MSFT01,20260116,4.26,4.32,4.22,4.24,203843
MSFT06,20260116,3.64,3.64,3.58,3.6,126000
MSFT80,20260116,7.25,7.3,7.15,7.2,2913284
MSN11,20260116,3.86,4.12,3.86,3.94,46213
MUFG19,20260116,5.9,5.95,5.9,5.95,47446
MWG11,20260116,4.08,4.22,4.04,4.14,138957
MWG19,20260116,10.4,10.8,10.3,10.7,261536
NDAQ06,20260116,3.14,3.18,3.14,3.16,3431
NDX01,20260116,21,21.2,20.9,21.1,124882
NETEASE80,20260116,8.6,8.7,8.55,8.65,140015
NFLX06,20260116,2.8,2.8,2.76,2.78,163248
NFLX80,20260116,2.8,2.84,2.76,2.78,1471510
NIKE80,20260116,1.04,1.05,1.01,1.04,1108310
NIKKEI80,20260116,11.2,11.2,11,11.2,9324
NINTENDO19,20260116,20.8,21.1,20.8,21,16798
NINTENDO23,20260116,1.88,1.9,1.85,1.9,1026535
NONGFU80,20260116,2.08,2.08,2.06,2.08,1761281
NOVOB80,20260116,1.8,1.84,1.75,1.84,5311588
NVDA01,20260116,17.1,17.5,17,17.4,566247
NVDA03,20260116,3.9,3.98,3.88,3.96,121057
NVDA06,20260116,3.88,3.98,3.88,3.94,557412
NVDA19,20260116,23.4,23.8,23.4,23.5,47818
NVDA80,20260116,29.25,29.75,29,29.5,573163
OIL03,20260116,1.92,1.92,1.9,1.92,534286
ONON03,20260116,2.86,2.9,2.78,2.9,945264
ORCL01,20260116,3.82,3.86,3.72,3.74,301837
ORCL06,20260116,2.46,2.48,2.38,2.42,960542
ORCL19,20260116,6.2,6.2,6,6.05,120101
PANW80,20260116,6.05,6.1,5.9,5.95,65201
PEP80,20260116,0.92,0.94,0.91,0.92,1666338
PETROCN80,20260116,3.36,3.36,3.24,3.32,95838
PFIZER19,20260116,16.1,16.3,16,16.3,47343
PINGAN01,20260116,6.3,6.35,6.25,6.3,9224
PINGAN80,20260116,2.78,2.78,2.74,2.74,3315281
PLTR01,20260116,5.1,5.15,5.05,5.05,7773
PLTR03,20260116,3.76,3.78,3.72,3.74,124840
PLTR06,20260116,3.74,3.78,3.7,3.72,750266
POPMART23,20260116,1.72,1.74,1.7,1.72,288667
POPMART80,20260116,7.2,7.3,7.1,7.1,612745
QQQM19,20260116,16.2,16.3,16.1,16.2,969209
RBLX06,20260116,2.18,2.3,2.18,2.22,1623724
SANOFI80,20260116,3.02,3.02,2.96,2.96,350150
SANRIO23,20260116,1.45,1.45,1.4,1.42,237126
SBUX80,20260116,1.43,1.47,1.43,1.46,1743808
SEMB19,20260116,4.9,4.98,4.9,4.98,53404
SENSE23,20260116,2.54,2.54,2.5,2.5,706665
SGX19,20260116,4.32,4.32,4.32,4.32,1517
SIA19,20260116,15.6,15.6,15.6,15.6,13327
SINGTEL80,20260116,11,11,10.9,10.9,30827
SMFG19,20260116,11.3,11.3,11.1,11.3,37783
SMIC01,20260116,4.52,4.58,4.46,4.58,943663
SMIC13,20260116,2.16,2.2,2.16,2.2,800
SMIC23,20260116,3.74,3.78,3.68,3.74,8503676
SNOW06,20260116,3.24,3.3,3.24,3.3,17367
SOFTBANK23,20260116,1.55,1.55,1.52,1.54,891386
SONY80,20260116,3.84,3.88,3.8,3.88,49219
SP50001,20260116,21.9,22.2,21.9,22,48857
SP500US19,20260116,12.9,12.9,12.8,12.8,8763
SP500US80,20260116,2.56,2.58,2.56,2.56,545639
SPBOND80,20260116,8.15,8.2,8.1,8.2,15247
SPCOM80,20260116,3.66,3.68,3.66,3.68,5933
SPENGY80,20260116,3,3.02,2.98,3,22118
SPFIN80,20260116,17.1,17.2,17.1,17.1,662
SPHLTH80,20260116,4.96,4.96,4.9,4.92,14655
SPOT06,20260116,2.1,2.16,1.99,2.02,75289
SPTECH80,20260116,9.3,9.3,9.15,9.15,1523
STAR5001,20260116,41.5,42.25,41.25,42.25,92020
STEG19,20260116,23.2,23.5,23.2,23.5,72879
SUNNY19,20260116,2.68,2.68,2.66,2.68,137000
SUSHI23,20260116,2.56,2.62,2.48,2.62,570788
TAIWAN19,20260116,29.75,30,29.5,30,206988
TAIWANAI13,20260116,13,13,12.6,12.9,39898
TAIWANHD13,20260116,23.8,24.2,23.8,24,1282
TEL23,20260116,3.14,3.2,3.12,3.16,72357
TENCENT01,20260116,5.7,5.75,5.6,5.7,77787
TENCENT06,20260116,2.5,2.52,2.48,2.52,52458
TENCENT13,20260116,5.15,5.15,5.15,5.15,13
TENCENT19,20260116,12.4,12.5,12.4,12.5,5292
TENCENT80,20260116,25,25,24.7,24.7,844414
THAIBEV19,20260116,11.3,11.3,11.2,11.3,43827
TME23,20260116,1.63,1.65,1.62,1.65,191576
TOYOTA80,20260116,7.4,7.4,7.2,7.4,86607
TRIPCOM23,20260116,1.86,1.88,1.83,1.88,182186
TRIPCOM80,20260116,1.86,1.89,1.84,1.89,54559083
TSLA01,20260116,41,41.25,40.75,40.75,13918
TSLA03,20260116,4.64,4.66,4.6,4.62,3664
TSLA80,20260116,2.78,2.8,2.76,2.76,3725289
UBER06,20260116,2.66,2.7,2.62,2.66,58956
UBTECH23,20260116,2.16,2.18,2.14,2.18,1681684
UNH19,20260116,5.25,5.35,5.2,5.35,66274
UNIQLO80,20260116,12.4,13,12.4,12.4,65189
UOB19,20260116,8.95,8.95,8.9,8.95,2299
USTR24,20260116,1.15,1.15,1.14,1.14,54080
VCB11,20260116,3.62,3.62,3.5,3.54,25182
VCB19,20260116,9.05,9.05,8.85,8.9,45547
VENTURE19,20260116,4.02,4.06,4.02,4.04,125425
VHM19,20260116,15.2,15.3,15.1,15.2,78418
VISA06,20260116,1.3,1.3,1.29,1.29,64291
VISA80,20260116,1.3,1.31,1.28,1.29,3153558
VNFIN24,20260116,1.93,1.94,1.92,1.94,175874
VNM19,20260116,8.65,8.95,8.5,8.55,480721
WORLD03,20260116,3.86,3.86,3.8,3.82,2138
WUXI06,20260116,4,4.02,3.94,4.02,1734046
WUXIAT80,20260116,4.88,4.9,4.84,4.88,623758
XIAOMI01,20260116,3.46,3.46,3.38,3.4,379466
XIAOMI13,20260116,3.22,3.22,3.18,3.18,10943
XIAOMI19,20260116,7.65,7.65,7.5,7.5,25061
XIAOMI23,20260116,1.84,1.84,1.81,1.82,104247
XIAOMI80,20260116,15.2,15.3,14.9,15,2324584
ZIJIN13,20260116,2.84,2.84,2.76,2.76,58947
ZIJIN80,20260116,16.1,16.2,15.8,16,347108
A5-W4-O,20260116,0.01,0.01,0.01,0.01,12
ACC-W2-O,20260116,0.09,0.1,0.09,0.1,39
ASW-W3-O,20260116,0.31,0.31,0.3,0.31,52
BE8-W1-O,20260116,0.55,0.55,0.54,0.54,8
BR-W1-O,20260116,0.04,0.04,0.04,0.04,1
BWG-W7-O,20260116,0.06,0.06,0.02,0.04,265
CHAYO-W4-O,20260116,0.25,0.27,0.16,0.27,647
COMAN-W1-O,20260116,0.05,0.05,0.05,0.05,50
DCON-W4-O,20260116,0.01,0.01,0.01,0.01,29
DEMCO-W8-O,20260116,0.52,0.53,0.48,0.48,765
EA-W1-O,20260116,0.6,0.7,0.6,0.66,367
ECF-W6-O,20260116,0.02,0.02,0.02,0.02,73
EMPIRE-W1-O,20260116,0.1,0.12,0.1,0.11,56
EMPIRE-W2-O,20260116,0.15,0.15,0.15,0.15,10
IMH-W1-O,20260116,0.08,0.08,0.07,0.07,2
IROYAL-W1-O,20260116,1.21,1.21,1.21,1.21,25
IROYAL-W2-O,20260116,0.71,0.75,0.71,0.75,100
ITEL-W5-O,20260116,0.07,0.08,0.07,0.08,20
ITEL-W6-O,20260116,0.14,0.14,0.14,0.14,50
JAS-W4-O,20260116,0.23,0.24,0.23,0.24,341
KGEN-W2-O,20260116,0.16,0.16,0.16,0.16,33
KKP-W6-O,20260116,0.52,0.54,0.4,0.52,2734
MGI-W1-O,20260116,0.2,0.66,0.2,0.66,166
NER-W2-O,20260116,0.09,0.09,0.08,0.08,346
NOBLE-W3-O,20260116,0.16,0.22,0.15,0.2,323
ORI-W2-O,20260116,0.24,0.3,0.24,0.3,483
PEER-W2-O,20260116,0.01,0.01,0.01,0.01,70
PPPM-W6-O,20260116,0.1,0.1,0.1,0.1,1
PROEN-W2-O,20260116,0.28,0.28,0.28,0.28,2
PSTC-W3-O,20260116,0.05,0.05,0.05,0.05,10
ROCTEC-W5-O,20260116,0.01,0.01,0.01,0.01,29
SGC-W2-O,20260116,0.25,0.25,0.25,0.25,2
TCC-W5-O,20260116,0.12,0.12,0.12,0.12,45
TEAMG-W1-O,20260116,0.11,0.11,0.08,0.08,42
TFG-W4-O,20260116,0.79,0.79,0.79,0.79,10
TGE-W2-O,20260116,0.09,0.09,0.07,0.07,88
TNITY-W2-O,20260116,0.19,0.21,0.18,0.21,16
TVDH-W5-O,20260116,0.01,0.01,0.01,0.01,98
VIBHA-W5-O,20260116,0.05,0.06,0.04,0.05,749
VIH-W1-O,20260116,0.41,0.41,0.41,0.41,4
XBIO-W7-O,20260116,0.01,0.01,0.01,0.01,13
ZIGA-W2-O,20260116,0.08,0.08,0.08,0.08,123
A5-W4,20260116,0.01,0.01,0.01,0.01,21400
A5-W5,20260116,0.08,0.1,0.07,0.09,1862100
ACC-W2,20260116,0.1,0.11,0.09,0.11,2114300
ASW-W3,20260116,0.32,0.35,0.32,0.35,13700
B-W8,20260116,0.01,0.01,0.01,0.01,100
BC-W3,20260116,0.01,0.02,0.01,0.01,3384900
BC-W4,20260116,0.07,0.07,0.06,0.07,765200
BE8-W1,20260116,0.55,0.62,0.51,0.55,175900
BIOTEC-W2,20260116,0.01,0.01,0.01,0.01,500
BR-W1,20260116,0.01,0.06,0.01,0.03,34869800
BRR-W2,20260116,0.01,0.01,0.01,0.01,200
BTC-W7,20260116,0.03,0.04,0.02,0.04,1349900
BTS-W8,20260116,0.01,0.01,0.01,0.01,3906700
BWG-W7,20260116,0.05,0.06,0.05,0.06,694200
CAZ-W1,20260116,0.65,0.65,0.62,0.62,79300
CEN-W5,20260116,0.01,0.02,0.01,0.01,322200
CGH-W5,20260116,0.08,0.09,0.03,0.09,1500
CHASE-W1,20260116,0.19,0.21,0.19,0.21,5200
CHAYO-W4,20260116,0.26,0.3,0.26,0.29,5070500
CIG-W9,20260116,0.02,0.02,0.02,0.02,100
COMAN-W1,20260116,0.06,0.07,0.05,0.06,293700
DCON-W4,20260116,0.01,0.02,0.01,0.02,1000300
DEMCO-W8,20260116,0.51,0.53,0.49,0.51,2612400
EA-W1,20260116,0.64,0.68,0.64,0.67,8430600
ECF-W6,20260116,0.03,0.03,0.03,0.03,130000
EMPIRE-W1,20260116,0.12,0.13,0.11,0.12,748200
EMPIRE-W2,20260116,0.19,0.19,0.13,0.15,283900
GLORY-W1,20260116,0.15,0.16,0.14,0.15,962700
HYDRO-W2,20260116,0.12,0.12,0.11,0.12,1186000
IMH-W1,20260116,0.06,0.12,0.06,0.08,6685900
IROYAL-W1,20260116,1.29,1.29,1.29,1.29,100
IROYAL-W2,20260116,0.75,0.75,0.74,0.75,300
ITEL-W5,20260116,0.08,0.09,0.07,0.08,320100
ITEL-W6,20260116,0.15,0.16,0.14,0.16,341200
J-W3,20260116,0.05,0.05,0.04,0.05,26900
J-W4,20260116,0.06,0.06,0.05,0.05,546500
JAS-W4,20260116,0.23,0.25,0.23,0.25,5532500
K-W3,20260116,0.05,0.06,0.05,0.06,20200
KGEN-W2,20260116,0.18,0.19,0.17,0.18,314400
KKP-W6,20260116,0.52,0.57,0.49,0.52,5312300
KUN-W3,20260116,0.05,0.06,0.05,0.06,217700
MADAME-W6,20260116,0.16,0.18,0.14,0.18,3011600
MGI-W1,20260116,0.49,0.72,0.49,0.62,25839900
NER-W2,20260116,0.11,0.11,0.09,0.09,4474600
NOBLE-W3,20260116,0.15,0.22,0.15,0.18,18989000
NRF-W2,20260116,0.08,0.09,0.08,0.08,138700
ORI-W2,20260116,0.25,0.3,0.25,0.28,4605500
PEER-W2,20260116,0.02,0.02,0.01,0.01,2223200
PLANET-W2,20260116,0.22,0.22,0.22,0.22,1000
PLANET-W3,20260116,0.28,0.28,0.19,0.21,13700
PPPM-W6,20260116,0.11,0.13,0.07,0.13,365800
PROEN-W2,20260116,0.27,0.29,0.27,0.27,698500
PROS-W1,20260116,0.01,0.01,0.01,0.01,12200
PROUD-W3,20260116,0.1,0.11,0.09,0.1,603200
PSTC-W3,20260116,0.05,0.05,0.05,0.05,100
ROCTEC-W5,20260116,0.01,0.01,0.01,0.01,31637400
SAMTEL-W2,20260116,0.6,0.64,0.6,0.6,37900
SGC-W2,20260116,0.27,0.29,0.26,0.29,184700
STELLA-W6,20260116,0.05,0.05,0.04,0.05,100700
TCC-W5,20260116,0.17,0.17,0.17,0.17,47000
TEAMG-W1,20260116,0.12,0.13,0.11,0.13,620000
TFG-W4,20260116,0.83,0.85,0.83,0.84,837200
TGE-W2,20260116,0.09,0.09,0.08,0.08,77000
TNITY-W2,20260116,0.2,0.24,0.18,0.22,382500
TPL-W1,20260116,0.21,0.21,0.21,0.21,5000
TRUBB-W3,20260116,0.38,0.38,0.35,0.38,300
TVDH-W5,20260116,0.01,0.02,0.01,0.02,6200
UREKA-W3,20260116,0.2,0.21,0.2,0.21,7200
VGI-W3,20260116,0.02,0.02,0.02,0.02,10050400
VIBHA-W5,20260116,0.06,0.07,0.05,0.06,5936200
VIH-W1,20260116,0.36,0.42,0.33,0.35,56300
WAVE-W4,20260116,0.01,0.01,0.01,0.01,115000
WIIK-W3,20260116,0.01,0.01,0.01,0.01,3400
XBIO-W6,20260116,0.04,0.04,0.03,0.04,17000
XBIO-W7,20260116,0.02,0.02,0.01,0.02,10300
ZIGA-W2,20260116,0.08,0.09,0.08,0.09,23800
!AGRO,20260116,305.91,308.15,304.88,307.75,13124820000
!CONSUMP,20260116,43.83,43.94,43.48,43.67,700460000
!FINCIAL,20260116,148.39,149.6,147.7,149.25,75371120000
!INDUS,20260116,53.25,54.03,53.19,53.79,12778230000
!PROPCON,20260116,69.14,70.1,69.11,69.92,54145340000
!RESOURC,20260116,142.6,145.49,142.3,145.49,52102400000
!SERVICE,20260116,271.11,274.35,268.98,273.99,67412280000
!TECH,20260116,425.3,433.22,422.3,429.27,28447770000
$AGRI,20260116,183.04,184.16,182.11,182.81,1955150000
$AUTO,20260116,294.83,296.76,294.8,296.18,2591920000
$BANK,20260116,474.06,477.67,471.34,476.13,58774060000
$COMM,20260116,18803,19079.3,18616.7,19040.3,21527610000
$CONMAT,20260116,5335.29,5392.95,5289.78,5355.38,3701400000
$CONS,20260116,29.8,30.94,29.71,30.84,19963610000
$ENERG,20260116,16264.5,16594.4,16230.9,16594.4,52102400000
$ETRON,20260116,18784.9,19269.5,18506.8,18895.2,8028930000
$FASHION,20260116,486.8,486.8,477.66,480.88,238990000
$FIN,20260116,1895.12,1910,1876.94,1909.44,14121240000
$FOOD,20260116,8580.53,8646.55,8551.25,8638.99,11169670000
$HELTH,20260116,4056.63,4104.85,4037.46,4103.56,8454490000
$HOME,20260116,15.7,15.8,15.59,15.75,107400000
$ICT,20260116,207.59,210.61,206.57,210.44,20418840000
$IMM,20260116,18.02,18.04,17.93,17.98,294020000
$INSUR,20260116,8467.16,8643.9,8460.95,8603.75,2475820000
$MEDIA,20260116,14.1,14.24,13.99,14.12,8266480000
$PAPER,20260116,2095.78,2152.05,2095.78,2109.85,7730000
$PERSON,20260116,73.92,74.5,73.6,73.98,354070000
$PETRO,20260116,483.45,492.43,480.06,489.2,5844100000
$PF&REIT,20260116,128.71,129.34,127.76,128.61,2757750000
$PKG,20260116,2251.25,2304.29,2251.25,2282.19,3362550000
$PROF,20260116,122.85,126.4,121.78,124.42,1296470000
$PROP,20260116,149.87,152.98,149.56,152.65,27722580000
$STEEL,20260116,17.73,18.04,17.69,17.8,677910000
$TOURISM,20260116,415.37,415.37,404.05,413.77,6468560000
$TRANS,20260116,210,212.86,208.01,212.43,21398670000
MAI,20260116,211.94,213.13,211.76,212.83,208511417
SET,20260116,1261.78,1278.55,1257.85,1275.6,7482679253
SET100,20260116,1803.46,1829.93,1798.2,1827.55,2392027800
SET50,20260116,844.24,856.89,841.74,855.83,1677467600
SETHD,20260116,1210.74,1224.48,1209,1222.55,978559100
AOT-F,20260116,51.25,51.25,51,51,7300
BBL-F,20260116,171,171,171,171,700
BDMS-F,20260116,18.4,18.8,18.4,18.8,10004300
DIF-F,20260116,9.45,9.75,9.4,9.75,35100
KBANK-F,20260116,193,193,193,193,130800
KTB-F,20260116,28.5,29,28.5,29,21500
KTC-F,20260116,27.25,27.25,27.25,27.25,3900
MRDIYT-F,20260116,7.8,7.8,7.8,7.8,10000
PTT-F,20260116,33,33,33,33,2300
SCB-F,20260116,138.5,139.5,138,139.5,76100
!AGRO-M,20260116,54.32,54.44,54.03,54.36,502960000
!CONSUMP-M,20260116,11.88,12.13,11.8,12.05,1758430000
!FINCIAL-M,20260116,33.41,35.35,33.41,33.88,288810000
!INDUS-M,20260116,37.97,38.12,37.86,37.99,977510000
!PROPCON-M,20260116,14.3,14.37,14.21,14.33,2443870000
!RESOURC-M,20260116,17.23,17.7,17.03,17.43,2308790000
!SERVICE-M,20260116,42.36,42.44,42.12,42.42,5838990000
!TECH-M,20260116,19.73,19.93,19.71,19.93,2209830000
SET100FF,20260116,1745.49,1767.87,1740.08,1765.68,239202780000
SET50FF,20260116,817.33,827.83,814.62,826.73,167746760000
SETCLMV,20260116,621.17,633.66,620.33,633.45,96532970000
SETESG,20260116,801.41,812.75,799.93,812.5,198573360000
SETWB,20260116,562.26,569.68,558.22,569.1,42345890000
SSET,20260116,549.63,554.44,549.3,553.34,17190820000
