<TICKER>,<DTYYYYMMDD>,<OPEN>,<HIGH>,<LOW>,<CLOSE>,<VOL>
1DIV-O,20260505,12.48,12.52,12.43,12.43,117
2X01BSET50-O,20260505,7.06,7.06,7.06,7.06,9
BMSCITH-O,20260505,12.34,12.34,12.25,12.25,71
BSET100-O,20260505,10.9,10.9,10.88,10.88,106
CHINA-O,20260505,7.41,7.41,7.41,7.41,27
GLD-O,20260505,5.92,5.96,5.9,5.91,811
TDEX-O,20260505,9.58,9.66,9.54,9.65,462
1DIV,20260505,12.43,12.52,12.4,12.44,20500
2I01BSET50,20260505,2.99,3.03,2.97,3.01,606400
2X01BSET50,20260505,7.08,7.12,7,7.01,161800
ABFTH,20260505,1358,1358,1358,1358,100
BMSCG,20260505,8.22,8.28,8.22,8.28,500
BMSCITH,20260505,12.31,12.35,12.2,12.23,199700
BSET100,20260505,10.9,10.94,10.84,10.87,39800
CHINA,20260505,7.4,7.4,7.38,7.4,118300
GLD,20260505,5.92,5.94,5.88,5.9,2557200
TDEX,20260505,9.55,9.63,9.53,9.56,347700
UBOT,20260505,12.96,14.29,12.85,14.28,1600
UHERO,20260505,8.19,8.19,8.19,8.19,1900
2S,20260505,2.7,2.72,2.7,2.72,103100
3BBIF,20260505,6.85,6.95,6.85,6.9,10069400
88TH,20260505,4.48,4.5,4.36,4.38,993900
A5,20260505,1.85,1.85,1.85,1.85,1000
AAI,20260505,3.74,3.74,3.62,3.66,5317700
AAV,20260505,1.07,1.07,1.05,1.05,39003000
ABM,20260505,0.49,0.5,0.48,0.49,124000
ACC,20260505,0.47,0.54,0.41,0.42,68525300
ACE,20260505,1.27,1.28,1.26,1.28,1785200
ACG,20260505,0.65,0.65,0.56,0.65,15400
ADB,20260505,0.55,0.57,0.55,0.57,421800
ADD,20260505,3.1,3.22,3.1,3.22,52400
ADVANC,20260505,340,342,336,340,12024600
ADVICE,20260505,5.8,5.9,5.7,5.75,3160600
AE,20260505,0.07,0.08,0.07,0.07,394200
AEONTS,20260505,95,95.5,93.5,95.5,488600
AF,20260505,0.36,0.36,0.36,0.36,75500
AFC,20260505,3.16,3.26,3.16,3.2,3600
AGE,20260505,1.24,1.3,1.24,1.27,2468000
AH,20260505,13.3,13.5,13.2,13.4,213000
AHC,20260505,14,14,14,14,200
AI,20260505,2.92,2.92,2.88,2.9,126100
AIE,20260505,1.17,1.26,1.17,1.25,15581300
AIMCG,20260505,1.35,1.38,1.31,1.31,258500
AIMIRT,20260505,11.3,11.5,11.3,11.5,169800
AIRA,20260505,1.06,1.06,1.06,1.06,100
AIT,20260505,4.72,4.74,4.68,4.68,1026600
AJ,20260505,2.84,2.9,2.78,2.88,6437700
AJA,20260505,0.15,0.16,0.15,0.15,4833900
AKP,20260505,0.74,0.8,0.74,0.77,8539300
AKR,20260505,0.93,0.96,0.93,0.94,7678200
ALLA,20260505,1.25,1.26,1.24,1.25,944700
ALLY,20260505,4.6,4.62,4.58,4.6,282600
ALPHAX,20260505,0.37,0.37,0.35,0.36,1446600
ALT,20260505,1.26,1.28,1.24,1.26,1186800
ALUCON,20260505,251,257,251,253,19900
AMA,20260505,3.86,3.88,3.84,3.88,148300
AMANAH,20260505,0.63,0.65,0.63,0.65,482400
AMARC,20260505,4.14,4.36,4.14,4.36,4406900
AMARIN,20260505,2.74,2.98,2.74,2.98,600
AMATA,20260505,20,20,19.7,19.7,14862900
AMATAR,20260505,6.8,6.85,6.8,6.85,53200
AMATAV,20260505,1.94,1.94,1.93,1.94,56500
AMR,20260505,0.3,0.33,0.3,0.31,266800
ANAN,20260505,0.36,0.36,0.35,0.35,2773900
ANI,20260505,2.56,2.64,2.56,2.56,24400
AOT,20260505,51,51.25,50.5,51.25,16932200
AP,20260505,8.6,8.7,8.55,8.6,16989900
APCO,20260505,2.62,2.66,2.6,2.66,41700
APCS,20260505,1.38,1.44,1.38,1.44,300
APO,20260505,2.24,2.34,2.22,2.34,2330300
APP,20260505,2.82,2.84,2.76,2.82,1691400
APURE,20260505,2.1,2.1,2.06,2.08,91400
AQUA,20260505,0.11,0.12,0.1,0.11,5324700
ARIN,20260505,0.51,0.52,0.49,0.5,1145400
ARIP,20260505,0.44,0.45,0.43,0.43,316600
ARROW,20260505,5.3,5.4,5.3,5.3,69100
AS,20260505,2.66,2.84,2.66,2.72,6127200
ASAP,20260505,1.24,1.37,1.21,1.35,188300
ASEFA,20260505,4.22,4.22,4.18,4.2,233500
ASIA,20260505,5.3,5.3,5.2,5.25,12400
ASIAN,20260505,7.1,7.15,7.05,7.05,942500
ASIMAR,20260505,1.44,1.44,1.42,1.43,51900
ASK,20260505,9.05,9.15,9.05,9.1,567700
ASN,20260505,0.73,0.73,0.67,0.67,4700
ASP,20260505,2.04,2.1,2.04,2.08,342400
ASW,20260505,6.95,7,6.85,7,176300
ATLAS,20260505,1.89,1.97,1.88,1.93,14600800
ATP30,20260505,0.81,0.81,0.8,0.81,367300
AU,20260505,4.7,4.72,4.68,4.68,501500
AUCT,20260505,4.92,4.92,4.9,4.92,267200
AURA,20260505,14.1,14.2,13.4,13.7,3386600
AWC,20260505,2.12,2.14,2.08,2.1,30777900
AXTRART,20260505,12.9,13,12.9,13,668900
AYUD,20260505,38.5,38.5,38.25,38.5,81400
B,20260505,0.04,0.04,0.03,0.03,451200
B-WORK,20260505,6,6,5.9,6,229200
B52,20260505,0.22,0.28,0.22,0.26,660000
BA,20260505,13.4,13.5,13.2,13.4,3147500
BAFS,20260505,8.45,8.5,8.45,8.5,212600
BAM,20260505,6.8,6.85,6.75,6.8,25134100
BANPU,20260505,5.9,6.05,5.85,5.95,57860700
BAREIT,20260505,10.8,10.8,10.7,10.8,785300
BAY,20260505,27.5,28,27.25,28,1362400
BBGI,20260505,4.2,4.26,4.14,4.22,5657800
BBIK,20260505,18.5,18.7,18.1,18.2,568100
BBL,20260505,163,164,160.5,161.5,11767400
BC,20260505,0.76,0.78,0.74,0.74,318800
BCH,20260505,9.3,9.4,9.25,9.4,7423100
BCP,20260505,36.25,37.5,36,37.5,8051200
BCPG,20260505,7.1,7.3,7,7.25,13185300
BCT,20260505,46.25,46.25,41.75,41.75,25300
BDMS,20260505,18.3,18.7,18.3,18.5,82786300
BE8,20260505,5.25,5.25,5.1,5.15,291200
BEAUTY,20260505,0.37,0.38,0.36,0.36,2548500
BEC,20260505,1.85,1.88,1.83,1.84,646500
BEM,20260505,5.25,5.3,5.25,5.3,8910700
BEYOND,20260505,8.4,8.55,8.3,8.55,2300
BGC,20260505,5.8,5.85,5.75,5.85,181300
BGRIM,20260505,12.8,13.2,12.7,13.1,18226200
BGT,20260505,0.37,0.38,0.36,0.38,69100
BH,20260505,180.5,180.5,176.5,179,5172200
BIG,20260505,0.28,0.3,0.28,0.29,864700
BIOTEC,20260505,0.27,0.29,0.26,0.28,12960800
BIS,20260505,2.04,2.1,2,2.06,68400
BIZ,20260505,4.7,4.7,4.66,4.68,141600
BJC,20260505,14.2,14.2,13.8,13.9,2115900
BJCHI,20260505,0.7,0.7,0.69,0.7,206000
BKA,20260505,0.77,0.78,0.75,0.78,1183500
BKD,20260505,1.05,1.07,1.05,1.05,26200
BKGI,20260505,1.43,1.45,1.42,1.43,409100
BKIH,20260505,325,325,322,325,3500
BLA,20260505,19.8,20,19.5,19.9,1878800
BLAND,20260505,0.44,0.44,0.43,0.43,6832700
BLC,20260505,3.98,3.98,3.92,3.94,219400
BLESS,20260505,0.26,0.26,0.24,0.24,1625500
BM,20260505,0.99,1,0.99,1,566900
BOFFICE,20260505,5.75,5.75,5.6,5.7,228900
BOL,20260505,4.98,5,4.96,4.98,53600
BPP,20260505,11.8,12,11.8,12,275000
BPS,20260505,0.51,0.56,0.51,0.55,5886200
BR,20260505,1.64,1.65,1.63,1.64,232100
BRI,20260505,1.3,1.3,1.28,1.28,121100
BROCK,20260505,1.19,1.26,1.18,1.26,9900
BRR,20260505,3.76,3.78,3.7,3.7,360300
BRRGIF,20260505,3.78,3.78,3.76,3.78,677600
BSBM,20260505,0.58,0.59,0.58,0.58,20900
BSM,20260505,0.34,0.34,0.34,0.34,1800
BTC,20260505,0.18,0.19,0.18,0.18,9357800
BTG,20260505,22.4,22.4,21.8,22.1,3760700
BTNC,20260505,15.3,15.8,15.2,15.7,2600
BTS,20260505,2.08,2.1,2.04,2.06,28401100
BTSGIF,20260505,2.62,2.62,2.6,2.62,792600
BTW,20260505,0.08,0.09,0.08,0.09,363600
BUI,20260505,11.1,11.1,11,11.1,3800
BVG,20260505,1.6,1.75,1.58,1.61,1094900
BWG,20260505,0.3,0.31,0.29,0.3,102266200
BYD,20260505,0.49,0.5,0.49,0.49,2183600
CAZ,20260505,1.49,1.54,1.49,1.52,48700
CBG,20260505,36.25,36.5,36,36.25,1107200
CCET,20260505,6.2,6.25,5.75,6.15,143004600
CCP,20260505,0.27,0.27,0.26,0.26,199900
CEN,20260505,0.63,0.65,0.63,0.64,530300
CENTEL,20260505,31.25,31.25,30,30.25,8452600
CEYE,20260505,1.19,1.19,1.19,1.19,2000
CFARM,20260505,0.77,0.79,0.77,0.77,1374600
CFRESH,20260505,0.85,0.85,0.82,0.84,547100
CGD,20260505,0.12,0.12,0.11,0.12,2828600
CGH,20260505,0.46,0.48,0.46,0.46,2602800
CH,20260505,1.58,1.59,1.58,1.58,20900
CHAO,20260505,4.32,4.36,4.32,4.34,7800
CHARAN,20260505,16.9,16.9,16.9,16.9,100
CHASE,20260505,0.47,0.48,0.45,0.46,909800
CHAYO,20260505,1.01,1.01,0.99,1,1905100
CHEWA,20260505,0.17,0.18,0.17,0.18,41000
CHG,20260505,1.43,1.44,1.42,1.42,14442700
CHIC,20260505,0.29,0.3,0.28,0.29,16500
CHOTI,20260505,64.25,64.25,60,64.25,4000
CHOW,20260505,1.35,1.35,1.31,1.35,16500
CI,20260505,0.33,0.34,0.32,0.34,284000
CIG,20260505,0.03,0.03,0.02,0.03,3977200
CITY,20260505,1.22,1.22,1.17,1.2,3800
CIVIL,20260505,0.83,0.83,0.8,0.83,54300
CK,20260505,17,17.7,16.7,17.7,15528200
CKP,20260505,2.32,2.38,2.3,2.38,15626500
CM,20260505,1.6,1.62,1.58,1.6,54500
CMAN,20260505,2.56,2.6,2.52,2.6,106400
CMC,20260505,0.35,0.37,0.35,0.36,13800
CMO,20260505,0.71,0.73,0.71,0.71,781000
CMR,20260505,1.28,1.29,1.28,1.28,185600
CNT,20260505,1.05,1.05,1.05,1.05,11300
COCOCO,20260505,5.65,5.65,5.6,5.65,539400
COLOR,20260505,1.03,1.04,1,1.03,126000
COM7,20260505,22.8,23.4,22.7,23.2,22414500
COMAN,20260505,0.61,0.61,0.58,0.6,154300
CPALL,20260505,43.75,44,43,43.25,30303000
CPANEL,20260505,1.53,1.55,1.51,1.53,11800
CPAXT,20260505,14.7,14.8,14.6,14.6,5130800
CPF,20260505,19.2,19.4,19,19.2,23553700
CPH,20260505,8.3,8.3,8,8,43800
CPI,20260505,3.42,3.42,3.34,3.34,360700
CPL,20260505,0.69,0.7,0.66,0.7,416300
CPN,20260505,62.5,62.5,61.25,62,7084700
CPNCG,20260505,6.15,6.15,6.1,6.1,917800
CPNREIT,20260505,12.2,12.3,12.1,12.3,1288900
CPR,20260505,2.7,2.72,2.68,2.68,21300
CPT,20260505,1.16,1.19,1.13,1.17,368700
CPTREIT,20260505,6,6.05,5.95,6.05,276100
CPW,20260505,2.1,2.22,2.1,2.2,988700
CRANE,20260505,0.42,0.42,0.41,0.41,164000
CRC,20260505,18.3,18.3,17.8,18.2,11327600
CRD,20260505,0.31,0.31,0.3,0.31,2700
CREDIT,20260505,18.9,19.1,18.6,18.9,795700
CSC,20260505,42.25,42.25,42,42.25,3600
CSP,20260505,0.5,0.51,0.49,0.5,7200
CSS,20260505,0.77,0.78,0.77,0.77,73200
CTARAF,20260505,4.62,4.64,4.62,4.64,11100
CTW,20260505,3.7,3.7,3.48,3.5,91700
CWT,20260505,0.79,0.81,0.77,0.78,2947600
D,20260505,2.82,2.84,2.76,2.78,136900
DCC,20260505,1.24,1.3,1.24,1.28,2849600
DCON,20260505,0.2,0.21,0.2,0.2,1499500
DDD,20260505,5.3,5.3,5.2,5.3,4600
DELTA,20260505,320,322,306,310,20659600
DEMCO,20260505,2.26,2.26,2.2,2.24,11800
DEXON,20260505,0.93,0.95,0.92,0.92,156000
DHOUSE,20260505,0.39,0.39,0.39,0.39,3000
DIF,20260505,10.1,10.2,10,10.2,13589800
DIMET,20260505,0.06,0.06,0.05,0.05,1958800
DITTO,20260505,10.9,11.1,10.8,11,1105500
DMT,20260505,11.1,11.1,11,11,576600
DOD,20260505,1.63,1.65,1.63,1.63,69000
DOHOME,20260505,3.36,3.36,3.28,3.28,8960400
DPAINT,20260505,0.67,0.67,0.65,0.67,319300
DREIT,20260505,4.72,4.74,4.7,4.7,14400
DRT,20260505,4.7,4.7,4.66,4.7,61500
DTCENT,20260505,0.89,0.93,0.89,0.91,667800
DTCI,20260505,17,17,17,17,2500
DUSIT,20260505,10.1,10.1,10,10,52400
DV8,20260505,4.92,4.98,4.28,4.9,1558000
EA,20260505,2.64,2.68,2.62,2.66,18592600
EASON,20260505,1.08,1.09,1.07,1.07,20200
EAST,20260505,0.64,0.64,0.62,0.64,101400
EASTW,20260505,3,3.16,2.96,3.04,3632300
EFORL,20260505,0.13,0.14,0.12,0.12,2019800
EGATIF,20260505,6.2,6.2,6.15,6.2,564400
EGCO,20260505,112.5,113.5,111,113.5,769800
EKH,20260505,4.98,4.98,4.9,4.92,1588100
EMC,20260505,0.02,0.02,0.02,0.02,26243800
EMPIRE,20260505,0.46,0.47,0.45,0.46,2075400
EP,20260505,1.01,1.05,1,1.05,56800
EPG,20260505,3.54,3.64,3.48,3.62,4476500
ERW,20260505,2.4,2.4,2.32,2.34,15998600
ESTAR,20260505,0.25,0.25,0.24,0.24,5007800
ETC,20260505,0.77,0.82,0.75,0.79,115893700
ETE,20260505,0.59,0.6,0.58,0.6,26700
ETL,20260505,0.49,0.5,0.49,0.5,130600
EURO,20260505,4.32,4.38,4.26,4.26,5200
EVER,20260505,0.04,0.05,0.04,0.05,65700
FANCY,20260505,0.3,0.31,0.3,0.31,59700
FLOYD,20260505,1.01,1.03,1.01,1.03,657900
FM,20260505,4.26,4.26,4.16,4.24,1870800
FN,20260505,0.5,0.5,0.49,0.49,36000
FNS,20260505,0.5,0.51,0.49,0.5,9900
FORTH,20260505,9.35,12,9.3,11.6,27076800
FPI,20260505,1.61,1.62,1.59,1.61,171700
FPT,20260505,6.25,6.4,6.25,6.35,26500
FSMART,20260505,6.8,7.75,6.8,7.2,23753200
FSX,20260505,1.19,1.19,1.11,1.17,58900
FTE,20260505,1.94,2.02,1.94,2,536900
FTI,20260505,1.77,1.77,1.74,1.75,8700
FTREIT,20260505,11.9,12,11.8,11.8,987000
FUTURERT,20260505,8.75,8.8,8.75,8.8,49500
FVC,20260505,0.35,0.36,0.33,0.34,1269700
GABLE,20260505,3.7,3.72,3.66,3.72,475700
GAHREIT,20260505,4.2,4.22,4.2,4.22,66300
GBX,20260505,0.53,0.54,0.53,0.53,236800
GC,20260505,4.44,4.5,4.44,4.48,161400
GCAP,20260505,0.25,0.27,0.25,0.25,1052700
GEL,20260505,0.03,0.04,0.03,0.03,206300
GENCO,20260505,0.34,0.34,0.33,0.34,126700
GFC,20260505,2.8,2.8,2.76,2.8,10600
GFPT,20260505,9.15,9.15,9,9,1715100
GGC,20260505,4.06,4.2,3.94,4,263700
GJS,20260505,0.13,0.14,0.13,0.13,458200
GLOBAL,20260505,6.6,6.6,6.4,6.45,10602400
GLORY,20260505,1.33,1.36,1.24,1.26,886300
GPI,20260505,1.7,1.71,1.69,1.71,581100
GPSC,20260505,34.75,35.25,34.25,35,6179700
GRAMMY,20260505,3.5,3.5,3.38,3.48,21000
GRAND,20260505,0.02,0.03,0.02,0.02,10237300
GREEN,20260505,0.71,0.72,0.7,0.71,513900
GROREIT,20260505,7.8,7.85,7.75,7.85,138800
GTB,20260505,0.76,0.77,0.76,0.76,631600
GTV,20260505,0.02,0.03,0.02,0.03,10183600
GULF,20260505,57.5,57.75,56.75,57.5,32970700
GUNKUL,20260505,2.92,3.18,2.8,3.18,292008000
GVREIT,20260505,6.75,6.75,6.65,6.75,225900
HANA,20260505,33.75,36.25,33.75,35.25,50560000
HANN,20260505,0.93,0.94,0.92,0.92,702300
HARN,20260505,2.02,2.02,2,2,231600
HEALTH,20260505,0.36,0.42,0.36,0.39,14100
HENG,20260505,0.86,0.88,0.86,0.87,1314900
HFT,20260505,4.16,4.18,4.14,4.16,71200
HL,20260505,6.2,6.25,6.1,6.25,19900
HMPRO,20260505,6.1,6.1,6,6,15161800
HPF,20260505,5.5,5.55,5.5,5.5,114000
HTC,20260505,15.2,15.2,15.1,15.2,133400
HTECH,20260505,3.26,3.34,3.22,3.24,807700
HUMAN,20260505,4.38,4.38,4.28,4.34,1741900
HYDRO,20260505,2.74,2.8,2.66,2.78,53400
I2,20260505,0.65,0.65,0.62,0.63,57400
ICC,20260505,24.5,24.5,24.5,24.5,7100
ICHI,20260505,12.5,12.5,12.3,12.3,2336700
ICN,20260505,1.84,1.88,1.84,1.88,653800
IDG,20260505,1.38,1.39,1.35,1.38,61700
IFS,20260505,1.84,1.84,1.83,1.84,9500
IHL,20260505,1.45,1.47,1.45,1.46,37900
IIG,20260505,1.32,1.33,1.31,1.33,50600
III,20260505,3.9,3.94,3.88,3.9,304300
ILINK,20260505,4.76,4.8,4.74,4.8,1400000
ILM,20260505,13.5,13.5,13.3,13.5,208600
IMH,20260505,2.98,3,2.98,3,4500
IMPACT,20260505,11.6,11.7,11.6,11.7,113900
IND,20260505,1.08,1.12,1.07,1.1,543500
INET,20260505,3.6,3.78,3.6,3.72,2476100
INETREIT,20260505,12.2,12.3,12.1,12.2,2687700
INOX,20260505,0.43,0.43,0.41,0.43,917300
INSET,20260505,3.02,3.1,2.98,3.02,8672800
INSURE,20260505,59.75,59.75,59.5,59.5,200
IP,20260505,4.04,4.06,4,4.04,203400
IRC,20260505,11.4,11.4,11.4,11.4,1900
IRCP,20260505,0.26,0.26,0.25,0.25,840000
IROYAL,20260505,4.7,4.7,4.46,4.46,954600
IRPC,20260505,2.18,2.34,2.16,2.26,306371200
ISSARA,20260505,6.8,6.8,6.8,6.8,4500
IT,20260505,4.2,5.05,4.2,4.92,1466600
ITC,20260505,17.1,17.1,16.3,16.4,8329400
ITD,20260505,0.25,0.27,0.25,0.26,9972700
ITEL,20260505,1.18,1.2,1.17,1.18,966800
ITNS,20260505,2,2.02,1.94,1.96,155600
ITTHI,20260505,1.18,1.19,1.18,1.18,13400
IVF,20260505,0.67,0.7,0.67,0.68,1620000
IVL,20260505,25.75,26,25.25,25.75,17943300
J,20260505,0.6,0.61,0.6,0.6,52000
JAS,20260505,1.13,1.13,1.11,1.12,17720100
JCK,20260505,0.12,0.13,0.12,0.12,154300
JCT,20260505,81,81,81,81,100
JDF,20260505,1.6,1.6,1.58,1.6,54700
JMART,20260505,7.1,7.2,6.9,7,9906900
JMT,20260505,9.75,10,9.25,9.4,27891800
JPARK,20260505,2.92,3.16,2.92,3.06,1975500
JR,20260505,1.76,1.77,1.75,1.76,42600
JSP,20260505,1.9,1.9,1.87,1.88,67000
JTS,20260505,41.75,43.25,41.5,42,644100
JUBILE,20260505,7.3,7.3,7.15,7.2,17800
K,20260505,1,1,1,1,1100
KAMART,20260505,7.6,7.6,7.3,7.45,1384000
KASET,20260505,0.84,0.87,0.8,0.84,2804000
KBANK,20260505,193,195.5,192,193.5,21599500
KBS,20260505,5.45,5.45,5.4,5.45,120200
KBSPIF,20260505,8.65,8.8,8.65,8.8,82900
KC,20260505,0.02,0.03,0.02,0.03,531800
KCAR,20260505,4.7,4.72,4.7,4.72,16500
KCC,20260505,1.93,1.99,1.93,1.94,30600
KCE,20260505,32.5,33.25,31.75,32.25,59869100
KCG,20260505,9.35,9.35,9.15,9.2,1493600
KCM,20260505,0.17,0.21,0.17,0.21,2116900
KGEN,20260505,1.64,1.7,1.64,1.67,10103600
KGI,20260505,4.04,4.08,4.02,4.06,1796200
KIAT,20260505,0.3,0.31,0.3,0.3,273300
KISS,20260505,2.76,2.78,2.76,2.78,295500
KJL,20260505,5.7,5.85,5.7,5.85,29300
KK,20260505,1.03,1.05,1.02,1.03,95300
KKP,20260505,79.5,81,79.5,80.5,4468400
KLINIQ,20260505,25.75,25.75,25.25,25.5,232600
KOOL,20260505,0.28,0.29,0.28,0.29,483500
KPNREIT,20260505,2,2,1.98,1.98,10200
KSL,20260505,1.63,1.65,1.61,1.64,4325800
KTB,20260505,33,33.5,32,32.5,154507700
KTBSTMR,20260505,5.45,5.5,5.45,5.5,71800
KTC,20260505,29.5,29.75,29.25,29.5,10025900
KTIS,20260505,1.93,1.93,1.92,1.92,67600
KTMS,20260505,1.4,1.4,1.38,1.38,345000
KUMWEL,20260505,1.11,1.14,1.09,1.14,92400
KUN,20260505,0.62,0.63,0.6,0.61,83200
KWM,20260505,0.83,0.83,0.8,0.82,54800
KYE,20260505,298,302,297,302,5700
L&E,20260505,1.26,1.28,1.24,1.27,11800
LALIN,20260505,4.42,4.46,4.42,4.44,44800
LANNA,20260505,14.6,14.8,14.5,14.7,927400
LDC,20260505,0.25,0.26,0.25,0.25,74400
LEE,20260505,2.46,2.46,2.42,2.42,258600
LEO,20260505,1.75,1.75,1.71,1.73,24400
LH,20260505,3.58,3.64,3.58,3.64,16655000
LHFG,20260505,1.14,1.14,1.1,1.12,12769500
LHHOTEL,20260505,12.9,13,12.8,13,631300
LHK,20260505,3.36,3.38,3.34,3.36,70000
LHRREIT,20260505,4.48,4.48,4.36,4.44,102300
LHSC,20260505,14.5,14.7,14.4,14.5,218700
LIT,20260505,0.58,0.63,0.58,0.6,841100
LOXLEY,20260505,1.39,1.39,1.32,1.36,868000
LPH,20260505,3.68,3.7,3.66,3.68,86900
LPN,20260505,1.53,1.55,1.53,1.54,522400
LST,20260505,4.64,4.68,4.62,4.66,35900
LTMH,20260505,4.68,4.68,4.34,4.58,353200
LTS,20260505,1.95,1.96,1.62,1.62,4121500
LUXF,20260505,9,9,9,9,100
M,20260505,19.1,19.1,18.8,18.9,883000
M-CHAI,20260505,19.1,19.3,19.1,19.3,17200
M-PAT,20260505,1.25,1.25,1.25,1.25,2600
MADAME,20260505,0.55,0.57,0.55,0.57,15300
MAGURO,20260505,18.4,18.4,17.6,17.6,880800
MAJOR,20260505,6.7,6.75,6.5,6.5,1148800
MALEE,20260505,4.08,4.1,4.02,4.04,1094700
MASTEC,20260505,1.18,1.18,1.16,1.17,281900
MASTER,20260505,8.2,8.25,8.1,8.1,199500
MATCH,20260505,0.91,0.91,0.91,0.91,100
MATI,20260505,3.1,3.1,3.1,3.1,100
MBAX,20260505,1.73,1.76,1.7,1.71,164000
MBK,20260505,16.9,17,16.6,16.8,2984900
MC,20260505,11,11.2,11,11.1,860000
MCA,20260505,1.14,1.16,1.14,1.16,9500
MCOT,20260505,6.25,6.25,6,6.05,364100
MCS,20260505,8.1,8.15,8.05,8.05,292500
MDX,20260505,2.4,2.4,2.32,2.34,197400
MEB,20260505,12.1,12.2,12,12.1,200000
MEDEZE,20260505,6.1,6.15,6.05,6.05,127300
MEGA,20260505,35.75,35.75,35.25,35.5,957400
MENA,20260505,0.64,0.64,0.63,0.64,356100
METCO,20260505,270,271,269,269,7900
MFC,20260505,20.1,20.2,20.1,20.2,225400
MFEC,20260505,6.1,6.15,6.1,6.15,1509400
MGC,20260505,4.8,4.84,4.72,4.84,1431600
MGI,20260505,4.9,5.25,4.9,5.1,913900
MGT,20260505,1.96,1.96,1.93,1.95,149000
MICRO,20260505,0.84,0.86,0.83,0.86,156500
MIDA,20260505,0.27,0.3,0.27,0.29,374600
MII,20260505,5.35,5.35,5.35,5.35,15200
MINT,20260505,20.5,20.5,20.2,20.3,14380000
MITSIB,20260505,0.53,0.53,0.53,0.53,80000
MJD,20260505,0.31,0.32,0.31,0.32,40100
MJLF,20260505,5.25,5.25,5.2,5.2,34800
MK,20260505,0.52,0.52,0.5,0.51,221400
ML,20260505,0.46,0.46,0.43,0.45,198000
MMM,20260505,2.7,2.7,2.64,2.68,498800
MNIT,20260505,1.88,1.92,1.88,1.89,14300
MNRF,20260505,2.06,2.06,2.06,2.06,5000
MODERN,20260505,2,2.02,2,2.02,600
MONO,20260505,0.81,0.84,0.81,0.81,7270800
MOONG,20260505,2.12,2.16,2.1,2.12,68900
MORE,20260505,0.03,0.04,0.03,0.04,59400
MOSHI,20260505,35.5,35.75,34.25,34.25,822600
MOTHER,20260505,1.12,1.12,1.1,1.11,533800
MPJ,20260505,3.58,3.58,3.54,3.56,171800
MRDIYT,20260505,8.65,8.9,8.65,8.8,3351200
MSC,20260505,5.75,5.9,5.75,5.75,5700
MST,20260505,6.75,6.9,6.75,6.8,93200
MTC,20260505,29.5,29.5,28.25,28.75,15713200
MTI,20260505,15.1,15.1,15.1,15.1,8400
MTW,20260505,0.79,0.8,0.79,0.79,81600
MUD,20260505,0.76,0.76,0.76,0.76,300
NAM,20260505,3.68,3.72,3.68,3.7,10200
NAT,20260505,2.04,2.04,1.94,1.94,162800
NATION,20260505,0.04,0.05,0.03,0.04,913900
NC,20260505,1.94,1.94,1.9,1.9,8400
NCAP,20260505,2.26,2.26,2.16,2.18,3028200
NCH,20260505,0.41,0.41,0.41,0.41,25200
NCL,20260505,0.2,0.21,0.2,0.21,354900
NCP,20260505,1.06,1.06,1.04,1.05,35600
NDR,20260505,1.22,1.24,1.21,1.23,15100
NEO,20260505,16.5,16.8,16.5,16.6,578300
NEP,20260505,0.19,0.2,0.19,0.2,47800
NER,20260505,4.7,4.7,4.64,4.66,4451400
NETBAY,20260505,16.5,16.7,15.7,15.9,1282600
NEX,20260505,1.01,1.01,1,1,6488800
NKT,20260505,4.12,4.2,4.12,4.18,298000
NL,20260505,0.65,0.65,0.63,0.64,210500
NNCL,20260505,1.57,1.59,1.56,1.58,218700
NOBLE,20260505,1.88,1.89,1.87,1.88,473200
NOVA,20260505,7.5,7.5,7.3,7.35,3700
NRF,20260505,0.25,0.27,0.25,0.25,522200
NSL,20260505,21.6,21.6,21.1,21.3,513100
NTF,20260505,15.6,16,15.3,15.4,2049100
NTSC,20260505,6.05,6.35,6.05,6.35,76400
NTV,20260505,21.9,22,21.9,22,7200
NUT,20260505,3.98,4,3.94,4,14600
NV,20260505,0.51,0.52,0.51,0.52,8000
NVD,20260505,0.7,0.72,0.7,0.72,16300
NYT,20260505,3.7,3.7,3.58,3.62,14476400
OCC,20260505,9.3,9.3,9.3,9.3,100
OGC,20260505,8.85,8.9,8.85,8.9,900
OKJ,20260505,3.3,3.3,3.22,3.22,1004600
ONEE,20260505,2.56,2.58,2.48,2.54,3237800
ONSENS,20260505,1.14,1.16,1.13,1.14,399800
OR,20260505,12.4,12.4,12.2,12.3,12430200
ORI,20260505,1.81,1.82,1.76,1.77,2442000
ORN,20260505,0.78,0.79,0.77,0.79,737100
OSP,20260505,15,15,14.6,14.7,10814100
PACO,20260505,1.29,1.29,1.27,1.28,270000
PAF,20260505,1,1,0.96,0.97,1368800
PANEL,20260505,1.22,1.22,1.18,1.19,139300
PAP,20260505,2.4,2.4,2.4,2.4,22000
PATO,20260505,6.35,6.35,6.05,6.3,69900
PB,20260505,48,48,47.75,47.75,800
PCC,20260505,2.82,2.84,2.8,2.82,356500
PCE,20260505,2.52,2.52,2.42,2.46,2220400
PCSGH,20260505,3.08,3.1,3,3.1,194200
PDG,20260505,3.06,3.06,3.02,3.04,124000
PDJ,20260505,0.92,0.93,0.91,0.91,12500
PEER,20260505,0.08,0.09,0.08,0.09,113400
PERM,20260505,0.23,0.23,0.22,0.23,25300
PF,20260505,0.04,0.04,0.03,0.04,3279800
PG,20260505,6.65,6.65,6.6,6.6,13800
PHG,20260505,12.1,12.2,12,12.1,175100
PHOL,20260505,2.82,2.84,2.82,2.82,283500
PIMO,20260505,1.01,1.02,1,1.02,250200
PIN,20260505,4.46,4.46,4.38,4.44,355300
PIS,20260505,3.74,3.78,3.74,3.78,203100
PJW,20260505,2.08,2.08,2.06,2.08,144300
PK,20260505,0.57,0.58,0.54,0.56,808700
PL,20260505,1.32,1.34,1.3,1.31,57400
PLANB,20260505,4.28,4.28,4.12,4.26,39252100
PLANET,20260505,0.92,1.03,0.89,0.98,7243200
PLAT,20260505,1.06,1.07,1.06,1.06,201800
PLE,20260505,0.13,0.14,0.13,0.13,3643600
PLT,20260505,0.56,0.6,0.55,0.55,1423200
PLUS,20260505,1.28,1.31,1.27,1.3,208300
PM,20260505,11.4,11.5,11.4,11.5,303200
PMC,20260505,0.86,0.89,0.86,0.88,669300
PMTA,20260505,10.2,10.2,10.2,10.2,200
POLY,20260505,6.95,6.95,6.8,6.95,9400
POPF,20260505,7.15,7.25,7.15,7.25,418900
PORT,20260505,0.5,0.58,0.5,0.56,2074200
PPM,20260505,1.55,1.6,1.52,1.56,146600
PPP,20260505,0.84,0.86,0.82,0.83,15200
PPPM,20260505,0.3,0.32,0.29,0.3,164300
PPS,20260505,0.17,0.17,0.16,0.16,218000
PQS,20260505,1.62,1.99,1.62,1.69,570900
PR9,20260505,16.2,16.3,16.1,16.1,2418900
PRAKIT,20260505,11.9,12,11.8,11.9,98800
PRAPAT,20260505,0.71,0.71,0.7,0.71,202900
PREB,20260505,3.48,3.48,3.42,3.42,98800
PRECHA,20260505,0.43,0.46,0.42,0.45,41700
PRG,20260505,8.9,8.9,8.8,8.9,19100
PRI,20260505,3.98,4.04,3.98,4,582800
PRIME,20260505,0.05,0.06,0.05,0.05,64500
PRIN,20260505,1.39,1.39,1.39,1.39,100
PRINC,20260505,1.71,1.74,1.71,1.74,102200
PRM,20260505,8.9,8.95,8.8,8.95,11958100
PROEN,20260505,0.95,0.97,0.95,0.96,592600
PROS,20260505,0.24,0.25,0.23,0.24,424900
PROSPECT,20260505,7.4,7.6,7.4,7.55,2019400
PROUD,20260505,1,1,0.95,0.95,713400
PRTR,20260505,3.24,3.32,3.24,3.32,617700
PSGC,20260505,2.94,2.98,2.9,2.96,224500
PSH,20260505,3.44,3.46,3.38,3.44,1147100
PSL,20260505,6.8,6.85,6.75,6.8,1525700
PSP,20260505,4.54,4.54,4.46,4.46,86500
PSTC,20260505,0.27,0.27,0.26,0.27,979200
PT,20260505,11.2,11.2,11,11.2,258900
PTC,20260505,0.58,0.6,0.57,0.58,129100
PTECH,20260505,1.3,1.3,1.3,1.3,200
PTG,20260505,8,8.05,7.8,7.85,8141600
PTL,20260505,9.75,9.85,9.65,9.8,365700
PTT,20260505,35.5,36.5,35.25,36.5,140655300
PTTEP,20260505,156,158,154.5,157,18803000
PTTGC,20260505,40,41.25,39.25,39.5,49225900
PYLON,20260505,2.92,2.96,2.88,2.92,607800
Q-CON,20260505,6.3,6.35,6.3,6.3,34800
QDC,20260505,0.12,0.13,0.12,0.13,44500
QH,20260505,1.35,1.38,1.34,1.38,22534700
QHBREIT,20260505,3.6,3.6,3.56,3.6,314500
QHHRREIT,20260505,7.8,7.9,7.7,7.85,382100
QLT,20260505,1.53,1.53,1.47,1.53,10200
QTC,20260505,3.26,3.3,3.26,3.28,76300
QTCG,20260505,0.14,0.15,0.13,0.15,434400
RABBIT,20260505,0.3,0.3,0.29,0.3,3257200
RAM,20260505,18.3,18.4,18.2,18.4,42200
RATCH,20260505,29.25,29.5,29,29.25,2028800
RBF,20260505,4.02,4.02,3.9,4.02,2355200
RCL,20260505,31,31,30.5,30.75,1198800
READY,20260505,3.18,3.22,3.14,3.14,39100
RICHY,20260505,0.16,0.17,0.16,0.17,364700
RJH,20260505,12.6,13.3,12.6,13.2,895800
RML,20260505,0.11,0.11,0.1,0.11,2060900
ROCK,20260505,11.3,11.5,11.2,11.5,41800
ROCTEC,20260505,0.55,0.57,0.55,0.56,3371400
ROJNA,20260505,4.66,4.68,4.6,4.6,4447600
RP,20260505,0.49,0.5,0.48,0.5,12900
RPC,20260505,0.37,0.39,0.36,0.38,12037400
RPH,20260505,4.86,4.9,4.86,4.88,156800
RS,20260505,0.18,0.18,0.17,0.17,1487000
RSP,20260505,0.91,0.91,0.9,0.9,2900
RT,20260505,0.28,0.29,0.27,0.28,2411500
RWI,20260505,0.18,0.19,0.18,0.18,473400
S,20260505,0.5,0.51,0.49,0.49,3465600
S&J,20260505,35,35,35,35,400
S11,20260505,3.7,3.74,3.68,3.7,5300
SA,20260505,7.05,7.2,7,7.2,71300
SAAM,20260505,4.78,4.82,4.76,4.78,237400
SABINA,20260505,15.3,15.3,15,15,933000
SAF,20260505,0.32,0.32,0.32,0.32,25500
SAFE,20260505,6.35,6.35,6.25,6.25,108500
SAK,20260505,3.14,3.16,3.12,3.12,1201200
SALEE,20260505,0.39,0.4,0.39,0.39,226700
SAMART,20260505,5.2,5.3,4.98,5.3,6811600
SAMCO,20260505,0.66,0.67,0.65,0.66,19400
SAMTEL,20260505,3.92,3.92,3.7,3.72,270900
SANKO,20260505,0.84,0.85,0.82,0.84,362400
SAPPE,20260505,29.5,30,29.25,29.5,123900
SAT,20260505,14.6,14.7,14.6,14.7,431300
SAUCE,20260505,41.25,41.25,40,40.25,56200
SAV,20260505,10.6,10.6,10.2,10.3,857900
SAWAD,20260505,23.3,23.4,22.4,22.5,16015200
SC,20260505,2.02,2.02,1.99,2,6003000
SCAP,20260505,1.11,1.12,1.08,1.09,5958900
SCB,20260505,131,132,130,131,18523300
SCC,20260505,239,239,230,231,7124700
SCCC,20260505,139,140,138.5,138.5,122700
SCG,20260505,2.24,2.26,2.24,2.26,6900
SCGD,20260505,4.92,4.96,4.92,4.96,562300
SCGP,20260505,24.9,25.5,24.8,25.25,16348100
SCI,20260505,0.96,0.97,0.94,0.94,61500
SCL,20260505,1.23,1.23,1.21,1.22,44400
SCM,20260505,0.12,0.13,0.12,0.13,1549800
SCN,20260505,0.36,0.37,0.34,0.36,1539700
SCP,20260505,8.15,8.15,8.05,8.1,14900
SDC,20260505,0.03,0.04,0.02,0.03,3908300
SE,20260505,0.5,0.5,0.48,0.48,660300
SE-ED,20260505,1.65,1.65,1.65,1.65,1000
SEAFCO,20260505,2.36,2.4,2.32,2.4,532100
SEAOIL,20260505,3.52,3.54,3.46,3.48,424100
SECURE,20260505,11.5,11.6,11.3,11.4,43100
SEI,20260505,2,2.04,1.99,2.02,121100
SELIC,20260505,2.66,2.68,2.66,2.68,200
SENA,20260505,1.92,2.02,1.92,1.99,1840000
SENX,20260505,0.22,0.23,0.22,0.22,1172300
SFLEX,20260505,2.94,2.94,2.88,2.9,596100
SFT,20260505,1.62,1.64,1.61,1.61,14600
SGC,20260505,0.89,0.92,0.86,0.89,13576500
SGF,20260505,0.13,0.14,0.13,0.14,16600
SGP,20260505,8.4,8.5,8.35,8.45,243600
SHR,20260505,1.59,1.61,1.53,1.56,9833800
SIAM,20260505,0.68,0.68,0.68,0.68,700
SICT,20260505,2.32,2.36,2.32,2.34,62700
SIMAT,20260505,1.38,1.49,1.37,1.46,9312900
SINGER,20260505,5.45,5.7,5.35,5.5,6355100
SINO,20260505,0.9,0.9,0.86,0.88,121600
SIRI,20260505,1.4,1.41,1.39,1.4,35032300
SIRIPRT,20260505,6.6,6.6,6.6,6.6,3300
SIS,20260505,23.4,24.2,23.1,24.1,1428100
SISB,20260505,10.2,10.2,10,10.1,2272200
SITHAI,20260505,0.97,0.99,0.97,0.99,148200
SJWD,20260505,7.65,7.65,7.3,7.35,2103300
SK,20260505,0.57,0.57,0.55,0.56,50300
SKE,20260505,0.18,0.2,0.18,0.19,863800
SKIN,20260505,1.12,1.13,1.11,1.13,59900
SKN,20260505,5.75,5.75,5.7,5.75,50900
SKR,20260505,7.35,7.75,7.35,7.75,1060200
SKY,20260505,12,12.3,11.9,12.2,702600
SLP,20260505,0.39,0.39,0.38,0.38,65600
SMART,20260505,0.54,0.56,0.54,0.55,612700
SMD100,20260505,1.61,1.64,1.61,1.64,377300
SMIT,20260505,3.38,3.4,3.38,3.38,94300
SMO,20260505,5,5,4.9,4.92,6029900
SMPC,20260505,8.9,8.95,8.8,8.95,84500
SMT,20260505,2.1,2.18,2,2.1,18618600
SNC,20260505,5.65,5.7,5.65,5.7,25300
SNNP,20260505,6.9,7,6.8,6.85,1753700
SNP,20260505,8.85,8.9,8.8,8.85,28100
SNPS,20260505,4.76,4.76,4.7,4.7,96100
SO,20260505,4.62,4.64,4.6,4.64,45700
SOLAR,20260505,0.33,0.37,0.32,0.35,35587500
SONIC,20260505,1.5,1.52,1.49,1.52,2198900
SORKON,20260505,3.9,3.96,3.84,3.92,253500
SPA,20260505,3.08,3.1,3.06,3.08,384200
SPACK,20260505,1.15,1.15,1.12,1.14,46500
SPALI,20260505,16.3,16.4,16.2,16.3,8885300
SPC,20260505,57.25,57.5,57,57,8900
SPCG,20260505,8.85,8.9,8.8,8.85,588000
SPI,20260505,47.25,48.5,47,48.5,18900
SPRC,20260505,7.3,7.55,7.25,7.5,30035600
SPREME,20260505,1.53,1.54,1.52,1.54,183700
SPRIME,20260505,3.56,3.58,3.52,3.56,621400
SPTX,20260505,0.01,0.02,0.01,0.01,520786800
SPVI,20260505,2.86,3.08,2.84,3.02,2697100
SQ,20260505,0.28,0.28,0.27,0.27,492300
SR,20260505,0.3,0.3,0.3,0.3,100
SRICHA,20260505,18,20.2,18,19.8,4025700
SRIPANWA,20260505,5.2,5.2,5.2,5.2,500
SRS,20260505,1.86,1.92,1.86,1.91,23800
SSF,20260505,5,5.05,5,5,58900
SSP,20260505,3.9,4.02,3.88,3.98,796800
SSSC,20260505,2.28,2.32,2.26,2.3,468900
SST,20260505,1.12,1.12,1.1,1.1,7400
SSTRT,20260505,4.3,4.3,4.3,4.3,33100
STA,20260505,18.1,18.6,18.1,18.3,12828300
STANLY,20260505,206,207,205,206,15600
STARM,20260505,0.86,0.88,0.85,0.87,676900
STC,20260505,0.65,0.65,0.6,0.63,439100
STECH,20260505,1,1.01,1,1.01,46600
STECON,20260505,12,12.7,11.8,12.5,48272300
STELLA,20260505,0.2,0.21,0.2,0.2,2929700
STGT,20260505,10.3,10.7,10.3,10.5,3968300
STI,20260505,1.69,1.69,1.54,1.58,178200
STOWER,20260505,0.02,0.03,0.02,0.02,782500
STP,20260505,10.3,10.4,10.3,10.3,9900
STPI,20260505,4.02,4.12,4.02,4.08,3002600
STX,20260505,0.9,0.91,0.89,0.9,599300
SUC,20260505,27,27.25,27,27.25,28800
SUN,20260505,2.64,2.64,2.6,2.62,122600
SUPER,20260505,0.11,0.11,0.1,0.1,26455000
SUPEREIF,20260505,5.6,5.65,5.6,5.65,214300
SUSCO,20260505,2.04,2.04,2.02,2.02,196200
SUTHA,20260505,2.26,2.3,2.24,2.3,25400
SVI,20260505,7,7.35,6.6,6.6,82300
SVOA,20260505,1.48,1.66,1.48,1.58,7152800
SVR,20260505,0.3,0.3,0.29,0.3,262000
SVT,20260505,1.19,1.24,1.18,1.2,517200
SWC,20260505,4.14,4.4,4.14,4.4,25300
SYMC,20260505,4.16,4.2,4.12,4.16,30600
SYNEX,20260505,9.3,9.4,9.25,9.35,558500
SYNTEC,20260505,1.59,1.62,1.59,1.61,117600
TACC,20260505,5.4,5.4,5.35,5.4,726300
TAE,20260505,1.31,1.47,1.27,1.47,42115000
TAKUNI,20260505,0.38,0.4,0.38,0.4,1710900
TAN,20260505,3.94,3.98,3.94,3.94,192800
TASCO,20260505,13.5,13.9,13.5,13.9,2444800
TATG,20260505,1.03,1.03,1.01,1.03,1152300
TBN,20260505,3.84,3.86,3.82,3.84,22500
TC,20260505,5.55,5.7,5.55,5.7,190500
TCAP,20260505,56.25,57,56.25,57,2461900
TCC,20260505,0.36,0.37,0.35,0.36,1048800
TCMC,20260505,0.32,0.34,0.32,0.34,1825700
TEAM,20260505,3.8,3.96,3.7,3.72,2683300
TEAMG,20260505,3.02,3.08,2.98,3.02,4868900
TEGH,20260505,3.2,3.2,3.16,3.2,193000
TEKA,20260505,1.75,1.75,1.71,1.74,56000
TERA,20260505,1.04,1.06,1.04,1.06,214100
TFFIF,20260505,6.55,6.55,6.5,6.55,3413500
TFG,20260505,10.1,10.6,10,10.3,21380400
TFI,20260505,0.05,0.05,0.05,0.05,100400
TFM,20260505,6.85,6.85,6.55,6.65,1809600
TFMAMA,20260505,188,188.5,187,187,9400
TGE,20260505,1.17,1.17,1.16,1.16,83200
TGH,20260505,10.9,11,10.9,11,2900
TGPRO,20260505,0.03,0.04,0.02,0.03,23105000
TH,20260505,0.45,0.46,0.44,0.44,1394300
THAI,20260505,6,6.05,5.95,5.95,10064900
THANA,20260505,1.52,1.53,1.51,1.51,42100
THANI,20260505,1.7,1.75,1.67,1.69,12684500
THCOM,20260505,11.4,11.6,11.3,11.4,3152900
THE,20260505,0.74,0.75,0.73,0.73,26800
THG,20260505,8.4,8.45,7.95,8,5353100
THIP,20260505,22.8,22.9,22.8,22.8,4000
THMUI,20260505,0.31,0.32,0.3,0.3,15400
THRE,20260505,0.39,0.4,0.38,0.39,717600
THREL,20260505,1,1.02,1,1,109300
TIDLOR,20260505,17.1,17.1,16,16,33353200
TIF1,20260505,7.6,7.6,7.6,7.6,2400
TIGER,20260505,0.26,0.26,0.26,0.26,500
TIPCO,20260505,6.35,6.4,6.3,6.3,35200
TIPH,20260505,20.8,21.4,20.8,21.4,603300
TISCO,20260505,109.5,111,109.5,110.5,4326500
TITLE,20260505,8.05,8.1,8,8.05,422500
TK,20260505,4.16,4.16,4.06,4.08,183900
TKC,20260505,8.45,8.6,8.3,8.6,78700
TKN,20260505,4.04,4.04,3.86,3.88,1661100
TKS,20260505,6.3,6.3,6.05,6.1,709000
TKT,20260505,0.72,0.72,0.72,0.72,25000
TL,20260505,0.37,0.38,0.36,0.37,889000
TLHPF,20260505,4.3,4.3,4.28,4.28,27800
TLI,20260505,10.6,10.6,10.4,10.5,11218900
TM,20260505,0.79,0.8,0.78,0.8,19100
TMAN,20260505,13,13,12.7,12.9,112600
TMC,20260505,0.7,0.72,0.7,0.71,22500
TMD,20260505,25.25,25.25,25.25,25.25,2800
TMI,20260505,0.5,0.5,0.47,0.5,440700
TMILL,20260505,2.1,2.16,2.08,2.16,38300
TMT,20260505,3.44,3.54,3.42,3.54,184100
TMW,20260505,56.75,57.25,56.75,57.25,2900
TNDT,20260505,0.13,0.13,0.13,0.13,20000
TNH,20260505,30,30,30,30,100
TNITY,20260505,2.82,2.82,2.8,2.8,1100
TNL,20260505,22.2,22.5,22.2,22.4,800
TNP,20260505,2.9,2.9,2.82,2.84,211900
TNPC,20260505,0.88,0.89,0.88,0.89,55700
TNPF,20260505,1.03,1.03,1.03,1.03,200000
TNR,20260505,4.94,4.96,4.92,4.94,159800
TOA,20260505,13,13.1,12.6,12.8,1800900
TOG,20260505,6.65,6.65,6.6,6.65,151200
TOP,20260505,47.75,48.25,46.75,47.75,23205900
TOPP,20260505,139.5,139.5,139.5,139.5,700
TPA,20260505,2.46,2.46,2.46,2.46,400
TPAC,20260505,8.9,8.95,8.85,8.9,14000
TPBI,20260505,2.96,3.04,2.96,3.04,566200
TPCH,20260505,1.7,1.76,1.7,1.72,365700
TPCS,20260505,9.8,9.85,9.8,9.85,9700
TPIPL,20260505,0.87,0.91,0.84,0.9,194410400
TPIPP,20260505,1.92,1.96,1.92,1.94,8462200
TPL,20260505,0.46,0.47,0.46,0.46,323900
TPLAS,20260505,1.01,1.01,0.97,0.98,72800
TPOLY,20260505,0.16,0.16,0.14,0.15,400300
TPP,20260505,10.6,10.7,10.5,10.7,6600
TPRIME,20260505,7.25,7.25,7.25,7.25,100
TPS,20260505,3.22,3.26,3.2,3.2,119400
TQM,20260505,14.6,15.1,14.3,14.9,2005500
TQR,20260505,4.94,5,4.94,5,36700
TRC,20260505,0.31,0.31,0.3,0.31,907300
TRITN,20260505,0.02,0.03,0.02,0.03,390700
TRP,20260505,4.38,4.42,4.36,4.38,174100
TRT,20260505,4.82,4.92,4.82,4.9,720600
TRU,20260505,3.98,3.98,3.96,3.98,14100
TRUBB,20260505,1.07,1.08,1.04,1.04,2517500
TRUE,20260505,13.6,13.9,13.5,13.8,197441600
TRV,20260505,1.65,1.65,1.65,1.65,300
TSC,20260505,14.5,14.6,14.5,14.6,3500
TSE,20260505,0.87,1.08,0.84,1.05,154743500
TSI,20260505,0.06,0.06,0.05,0.06,85300
TSR,20260505,0.06,0.07,0.06,0.06,1390800
TSTE,20260505,10.2,10.2,10.1,10.1,1000
TSTH,20260505,0.76,0.76,0.74,0.74,4827400
TTA,20260505,4.98,4.98,4.92,4.96,1332700
TTB,20260505,2.28,2.3,2.26,2.28,301013600
TTCL,20260505,0.06,0.06,0.05,0.05,1347300
TTLPF,20260505,9.8,9.8,9.75,9.8,116800
TTW,20260505,9.25,9.25,9.2,9.2,1631300
TU,20260505,11.5,12,11.5,11.6,24470500
TU-PF,20260505,1.21,1.21,1.21,1.21,4100
TURBO,20260505,1.44,1.44,1.4,1.41,7151800
TVDH,20260505,0.06,0.06,0.06,0.06,100
TVH,20260505,9.1,9.2,9.05,9.05,22700
TVO,20260505,24.7,24.7,23.9,24.2,2584300
TVT,20260505,0.2,0.2,0.19,0.2,92300
TWP,20260505,1.15,1.17,1.13,1.13,19000
TWPC,20260505,2.8,2.82,2.78,2.8,35000
TWZ,20260505,0.01,0.02,0.01,0.02,5139600
TYCN,20260505,1.68,1.74,1.68,1.74,16900
UAC,20260505,2.66,2.68,2.64,2.66,53200
UBA,20260505,1.03,1.05,1.02,1.04,966600
UBE,20260505,0.73,0.78,0.71,0.75,124723200
UBIS,20260505,1,1.01,0.99,0.99,107300
UEC,20260505,0.77,0.82,0.76,0.79,511100
UKEM,20260505,1.19,1.28,1.18,1.19,43702500
UMI,20260505,0.72,0.73,0.7,0.72,590100
UNIQ,20260505,2.5,2.56,2.48,2.54,272800
UNIX,20260505,1.71,1.73,1.65,1.66,15041200
UP,20260505,22.4,22.4,22.4,22.4,3600
UPF,20260505,20.6,20.6,20.6,20.6,200
UPOIC,20260505,6.8,6.95,6.7,6.95,2700
UREKA,20260505,0.32,0.32,0.3,0.31,2084700
UTP,20260505,7.35,7.45,7.35,7.35,427000
UV,20260505,0.84,0.84,0.82,0.83,362200
UVAN,20260505,14.9,14.9,14.6,14.8,435000
VARO,20260505,3.94,3.94,3.88,3.94,32200
VCOM,20260505,3.42,3.42,3.34,3.36,142800
VGI,20260505,0.87,0.88,0.86,0.86,32370000
VIBHA,20260505,1.41,1.42,1.4,1.42,1198800
VIH,20260505,8.55,8.6,8.4,8.5,160900
VL,20260505,0.78,0.79,0.78,0.78,40500
VNG,20260505,1.99,2.04,1.99,2.02,36200
VPO,20260505,0.59,0.64,0.59,0.62,14272300
VRANDA,20260505,4.12,4.14,4.1,4.14,26800
VS,20260505,0.24,0.27,0.24,0.26,12800
WACOAL,20260505,16.9,16.9,16.9,16.9,100
WARRIX,20260505,1.63,1.63,1.59,1.61,455100
WASH,20260505,4.5,4.5,4.28,4.36,1453200
WAVE,20260505,0.02,0.03,0.02,0.02,1468600
WFX,20260505,1.02,1.02,0.97,0.97,90600
WGE,20260505,0.7,0.71,0.67,0.71,418700
WHA,20260505,4.44,4.48,4.4,4.42,70817000
WHABT,20260505,5.7,5.75,5.7,5.75,22200
WHAIR,20260505,7.55,7.65,7.5,7.65,1184900
WHART,20260505,10.9,10.9,10.7,10.8,820800
WHAUP,20260505,4.78,4.94,4.74,4.94,12649800
WICE,20260505,2.34,2.42,2.34,2.38,371900
WIIK,20260505,0.85,0.86,0.85,0.86,964200
WIN,20260505,0.26,0.27,0.26,0.26,461300
WINDOW,20260505,0.75,0.76,0.75,0.76,41200
WINMED,20260505,0.88,0.91,0.88,0.89,27700
WINNER,20260505,2.04,2.06,2,2.04,697600
WORK,20260505,3.54,3.54,3.48,3.52,11500
WP,20260505,3.82,3.82,3.78,3.78,1026000
WPH,20260505,5.75,5.8,5.75,5.75,438500
WSOL,20260505,0.04,0.05,0.03,0.04,24344200
XBIO,20260505,0.07,0.07,0.06,0.06,4327700
XO,20260505,13.5,13.6,13.3,13.3,342700
XPG,20260505,0.44,0.46,0.44,0.45,18127200
XYZ,20260505,0.37,0.39,0.37,0.38,246500
YGG,20260505,0.24,0.24,0.23,0.23,857400
YONG,20260505,0.73,0.74,0.72,0.73,111400
YUASA,20260505,13.8,13.9,13.7,13.9,4700
ZAA,20260505,1.83,1.83,1.66,1.79,49800
ZEN,20260505,5.35,5.5,5.35,5.35,15800
ZIGA,20260505,0.9,0.92,0.88,0.89,1174600
3BBIF-O,20260505,6.95,7,6.85,6.9,1107
88TH-O,20260505,4.46,4.46,4.38,4.38,109
AAI-O,20260505,3.72,3.72,3.64,3.66,58
AAV-O,20260505,1.07,1.08,1.05,1.06,937
ABM-O,20260505,0.49,0.49,0.49,0.49,1
ACC-O,20260505,0.49,0.58,0.42,0.42,173
ACE-O,20260505,1.28,1.28,1.28,1.28,22
ADVANC-O,20260505,341,342,337,340,7377
ADVICE-O,20260505,5.75,5.85,5.75,5.8,249
AE-O,20260505,0.08,0.08,0.07,0.07,90
AEONTS-O,20260505,94.25,95,93.75,95,314
AGE-O,20260505,1.26,1.28,1.26,1.28,33
AHC-O,20260505,13.7,15,13.7,15,4
AI-O,20260505,2.9,2.92,2.9,2.92,65
AIE-O,20260505,1.2,1.25,1.2,1.25,290
AIMCG-O,20260505,1.35,1.35,1.35,1.35,1
AIMIRT-O,20260505,11.4,11.4,11.4,11.4,3
AIT-O,20260505,4.72,4.72,4.7,4.7,161
AKP-O,20260505,0.79,0.79,0.79,0.79,5
AKR-O,20260505,0.95,0.96,0.95,0.96,260
ALLA-O,20260505,1.26,1.26,1.25,1.25,101
ALLY-O,20260505,4.62,4.62,4.62,4.62,59
ALPHAX-O,20260505,0.36,0.36,0.36,0.36,47
ALUCON-O,20260505,258,259,253,254,214
AMA-O,20260505,3.88,3.88,3.86,3.88,121
AMANAH-O,20260505,0.64,0.64,0.64,0.64,127
AMARC-O,20260505,4.24,4.32,4.24,4.32,80
AMARIN-O,20260505,2.74,2.74,2.74,2.74,30
AMATA-O,20260505,19.7,20.1,19.7,19.8,1878
AMATAR-O,20260505,6.9,6.9,6.9,6.9,3
AMC-O,20260505,2.38,2.38,2.38,2.38,10
AMR-O,20260505,0.3,0.3,0.3,0.3,1
AOT-O,20260505,51,51.25,50.5,51.25,3286
AP-O,20260505,8.55,8.75,8.55,8.65,1357
APCO-O,20260505,2.64,2.64,2.64,2.64,1
APO-O,20260505,2.24,2.3,2.24,2.3,184
APP-O,20260505,2.78,3,2.78,2.8,62
APURE-O,20260505,2.1,2.1,2.1,2.1,1
ARROW-O,20260505,5.4,6.85,5.4,5.45,31
ASEFA-O,20260505,4.22,4.24,4.2,4.24,46
ASIAN-O,20260505,7.1,7.7,7.05,7.05,141
ASK-O,20260505,9.15,9.15,9.1,9.1,142
ASP-O,20260505,2.1,2.1,2.1,2.1,9
ASW-O,20260505,7,7,6.6,6.6,207
ATLAS-O,20260505,1.89,1.95,1.89,1.94,226
ATP30-O,20260505,0.79,0.79,0.79,0.79,2
AU-O,20260505,4.7,4.78,4.68,4.78,202
AUCT-O,20260505,4.94,4.94,4.92,4.92,101
AURA-O,20260505,13.8,13.8,13.5,13.8,374
AWC-O,20260505,2.12,2.14,2.1,2.12,1585
AXTRART-O,20260505,13.1,13.1,13,13.1,209
AYUD-O,20260505,38.5,39,38.5,39,27
B-O,20260505,0.04,0.04,0.03,0.04,244
B-WORK-O,20260505,5.95,5.95,5.95,5.95,48
B52-O,20260505,0.23,0.27,0.23,0.27,8
BA-O,20260505,13.4,13.6,13.3,13.4,439
BAFS-O,20260505,8.45,8.85,8.45,8.45,130
BAM-O,20260505,6.85,6.9,6.8,6.8,2127
BANPU-O,20260505,5.85,6.05,5.85,5.9,1816
BAREIT-O,20260505,11.4,11.4,10.7,10.8,21
BAY-O,20260505,26.75,28,26.75,28,714
BBGI-O,20260505,4.16,4.24,4.16,4.24,80
BBIK-O,20260505,18.6,18.6,18.2,18.3,22
BBL-O,20260505,163,163.5,160.5,162,3344
BCH-O,20260505,9.3,9.45,9.25,9.4,1482
BCP-O,20260505,36,37.25,35.75,37.25,1948
BCPG-O,20260505,7.05,7.35,7.05,7.25,758
BCT-O,20260505,46.25,46.25,44,46.25,4
BDMS-O,20260505,18.4,18.7,18.4,18.5,10422
BE8-O,20260505,5.1,5.25,3.7,5.05,112
BEC-O,20260505,1.86,1.89,1.84,1.85,305
BEM-O,20260505,5.3,5.35,5.25,5.3,544
BGC-O,20260505,5.65,5.85,5.65,5.75,63
BGRIM-O,20260505,12.9,13.3,12.8,13,765
BGT-O,20260505,0.37,0.37,0.37,0.37,20
BH-O,20260505,181,181,177,177.5,2175
BIZ-O,20260505,4.68,4.68,4.68,4.68,1
BJC-O,20260505,14.2,14.2,13.8,13.9,1212
BKGI-O,20260505,1.45,1.45,1.45,1.45,11
BKIH-O,20260505,323,330,323,330,70
BLA-O,20260505,19.9,19.9,19.6,19.6,203
BLC-O,20260505,3.92,3.92,3.92,3.92,6
BOFFICE-O,20260505,5.6,5.65,5.6,5.65,12
BOL-O,20260505,5,5,5,5,1
BPP-O,20260505,11.9,12.1,11.9,11.9,421
BPS-O,20260505,0.53,0.53,0.53,0.53,16
BRI-O,20260505,1.3,1.31,1.3,1.3,94
BRR-O,20260505,3.76,4,3.74,3.74,27
BSM-O,20260505,0.33,0.33,0.32,0.32,44
BTC-O,20260505,0.18,0.19,0.18,0.18,189
BTG-O,20260505,22.1,22.3,21.9,22,605
BTS-O,20260505,2.1,2.1,2.04,2.08,1644
BTSGIF-O,20260505,2.62,2.62,2.6,2.6,120
BUI-O,20260505,11.1,11.1,11.1,11.1,87
BWG-O,20260505,0.3,0.31,0.3,0.31,64
BYD-O,20260505,0.5,0.5,0.49,0.49,92
CBG-O,20260505,36.25,36.5,36,36,674
CCET-O,20260505,6.1,6.2,5.8,6.1,2479
CCP-O,20260505,0.22,0.27,0.22,0.27,13
CENTEL-O,20260505,31.5,31.5,30.25,30.5,1136
CFARM-O,20260505,0.79,0.79,0.79,0.79,1
CFRESH-O,20260505,0.83,0.83,0.83,0.83,42
CGD-O,20260505,0.12,0.12,0.12,0.12,2
CGH-O,20260505,0.46,0.46,0.46,0.46,1
CHAO-O,20260505,4.34,4.34,4.34,4.34,14
CHASE-O,20260505,0.47,0.47,0.46,0.46,4
CHAYO-O,20260505,1.01,1.02,0.98,1,207
CHG-O,20260505,1.44,1.44,1.42,1.42,1398
CHOW-O,20260505,1.31,1.31,1.31,1.31,4
CK-O,20260505,16.1,17.7,16.1,17.5,687
CKP-O,20260505,2.32,2.6,2.3,2.4,313
CMC-O,20260505,0.36,0.36,0.35,0.35,9
CMR-O,20260505,1.29,1.29,1.28,1.28,122
COCOCO-O,20260505,5.65,5.85,5.6,5.6,60
COM7-O,20260505,22.9,23.4,22.7,23.1,1295
CPALL-O,20260505,43.75,44,43,43.25,21477
CPAXT-O,20260505,14.8,14.8,14.6,14.7,2650
CPF-O,20260505,19.1,19.4,19,19.2,2049
CPI-O,20260505,3.42,3.42,3.4,3.4,88
CPL-O,20260505,0.69,0.69,0.68,0.68,70
CPN-O,20260505,62,62,61.25,61.75,1314
CPNCG-O,20260505,6.15,6.15,6.15,6.15,1
CPNREIT-O,20260505,12.2,12.3,12.2,12.3,594
CPR-O,20260505,2.7,2.72,2.68,2.68,28
CPTREIT-O,20260505,6,6,6,6,6
CPW-O,20260505,2.18,2.22,2.18,2.22,15
CRC-O,20260505,18.3,18.3,17.9,18.1,1102
CRD-O,20260505,0.31,0.31,0.31,0.31,88
CREDIT-O,20260505,19,20.2,18.8,19.1,215
CSC-O,20260505,42.5,42.5,42.5,42.5,10
CWT-O,20260505,0.78,0.78,0.78,0.78,13
DCC-O,20260505,1.25,1.28,1.25,1.28,215
DDD-O,20260505,5.2,5.3,5.2,5.25,40
DELTA-O,20260505,316,322,306,309,37820
DEMCO-O,20260505,2.2,2.22,2.2,2.22,47
DHOUSE-O,20260505,0.38,0.38,0.38,0.38,2
DIF-O,20260505,10.1,10.2,10,10.2,2162
DITTO-O,20260505,10.9,11.1,10.8,11.1,298
DMT-O,20260505,11.2,11.2,11.1,11.2,188
DOD-O,20260505,1.63,1.63,1.63,1.63,55
DOHOME-O,20260505,2.36,4,2.36,3.3,970
DRT-O,20260505,4.72,4.72,4.7,4.72,146
DTCENT-O,20260505,0.91,0.91,0.89,0.9,114
DUSIT-O,20260505,10.1,10.2,10.1,10.2,42
DV8-O,20260505,4.86,4.86,4.84,4.84,3
EA-O,20260505,2.66,2.72,2.62,2.66,1158
EASTW-O,20260505,3.08,3.08,2.98,3,313
EGATIF-O,20260505,6.15,6.25,6.15,6.2,63
EGCO-O,20260505,111.5,113.5,111.5,113,715
EKH-O,20260505,4.92,5.1,4.92,4.98,134
EMPIRE-O,20260505,0.48,0.48,0.45,0.46,35
EPG-O,20260505,3.52,3.6,3.52,3.6,43
ERW-O,20260505,2.36,2.4,2.34,2.34,88
ESTAR-O,20260505,0.25,0.25,0.25,0.25,21
ETC-O,20260505,0.76,0.82,0.76,0.82,131
EURO-O,20260505,4.24,4.24,4.24,4.24,10
F&D-O,20260505,45.5,45.5,45.5,45.5,20
FLOYD-O,20260505,1.01,1.01,1,1,63
FM-O,20260505,4.24,5.5,4.2,4.2,39
FMT-O,20260505,17.7,17.7,17.7,17.7,18
FORTH-O,20260505,9.25,12,9.25,11.4,2020
FPT-O,20260505,6.3,6.3,6.3,6.3,1
FSMART-O,20260505,6.75,7.7,6.75,7.5,701
FTE-O,20260505,2,2,1.96,1.97,87
FTREIT-O,20260505,11.9,12,11.9,11.9,802
FUTURERT-O,20260505,8.8,8.8,8.75,8.75,116
GABLE-O,20260505,3.7,3.7,3.7,3.7,4
GC-O,20260505,4.48,4.48,4.46,4.46,50
GFC-O,20260505,2.8,2.8,2.8,2.8,5
GFPT-O,20260505,9.1,9.2,9.1,9.1,102
GLOBAL-O,20260505,6.45,6.6,6.4,6.6,377
GPI-O,20260505,1.71,1.71,1.69,1.69,7
GPSC-O,20260505,34.75,35,34.5,34.75,682
GRAMMY-O,20260505,3.5,3.5,3.5,3.5,8
GTB-O,20260505,0.76,0.76,0.76,0.76,20
GTV-O,20260505,0.02,0.02,0.02,0.02,40
GULF-O,20260505,57.5,58,57,57.25,7027
GUNKUL-O,20260505,2.88,3.2,2.84,3.18,2741
HANA-O,20260505,33,36.25,33,34.75,5293
HANN-O,20260505,0.94,0.94,0.93,0.94,58
HARN-O,20260505,2.02,2.4,2,2.4,74
HEALTH-O,20260505,0.36,0.36,0.36,0.36,24
HFT-O,20260505,2.92,2.92,2.92,2.92,37
HL-O,20260505,6.4,6.4,6.4,6.4,4
HMPRO-O,20260505,6.1,6.15,6,6.05,1001
HTC-O,20260505,15.1,15.2,15.1,15.2,328
HTECH-O,20260505,3.24,3.24,3.24,3.24,30
HUMAN-O,20260505,4.38,4.38,4.3,4.34,411
HYDRO-O,20260505,2.76,2.76,2.76,2.76,3
ICC-O,20260505,24.4,24.4,24.4,24.4,1
ICHI-O,20260505,12.5,13.1,12.4,12.4,1557
ICN-O,20260505,1.86,1.86,1.86,1.86,10
IFS-O,20260505,1.83,1.83,1.83,1.83,24
IHL-O,20260505,1.46,1.46,1.46,1.46,2
IIG-O,20260505,1.32,1.32,1.32,1.32,1
III-O,20260505,3.92,3.92,3.9,3.9,181
ILINK-O,20260505,4.76,4.82,4.76,4.82,10
ILM-O,20260505,13.3,13.4,13.3,13.4,7
IMPACT-O,20260505,11.6,11.7,11.6,11.6,33
IND-O,20260505,1.1,1.1,1.1,1.1,3
INET-O,20260505,3.6,3.7,3.6,3.7,103
INETREIT-O,20260505,12.2,12.3,12.1,12.3,3471
INOX-O,20260505,0.42,0.42,0.42,0.42,2
INSET-O,20260505,3.04,3.08,3.02,3.02,351
IP-O,20260505,4.08,4.08,4,4.04,103
IRCP-O,20260505,0.26,0.26,0.24,0.25,29
IROYAL-O,20260505,4.58,4.6,4.5,4.5,79
IRPC-O,20260505,2.12,2.32,2.12,2.26,2997
IT-O,20260505,4.3,5.05,4.3,5,193
ITC-O,20260505,17,17,16.4,16.5,620
ITD-O,20260505,0.27,0.27,0.24,0.24,164
ITEL-O,20260505,1.18,1.18,1.17,1.17,3
ITNS-O,20260505,1.98,1.98,1.95,1.97,21
ITTHI-O,20260505,1.19,1.19,1.19,1.19,9
IVF-O,20260505,0.67,0.67,0.67,0.67,1
IVL-O,20260505,24.9,26,24.9,25.75,876
JAS-O,20260505,1,1.14,1,1.13,405
JCK-O,20260505,0.13,0.13,0.12,0.12,2
JMART-O,20260505,7.1,7.1,6.95,6.95,326
JMT-O,20260505,9.9,9.9,9.3,9.4,916
JPARK-O,20260505,2.96,3.06,2.94,3.06,51
JSP-O,20260505,1.9,1.9,1.89,1.89,48
JTS-O,20260505,42.5,43.25,41.75,42,406
JUBILE-O,20260505,7.3,7.3,7.2,7.2,16
KAMART-O,20260505,7.6,7.6,7.4,7.45,579
KASET-O,20260505,0.82,0.82,0.82,0.82,9
KBANK-O,20260505,193,195.5,192.5,193,6990
KBS-O,20260505,5.4,5.45,5.4,5.45,119
KBSPIF-O,20260505,8.7,8.85,8.7,8.75,189
KCAR-O,20260505,4.7,4.7,4.66,4.7,30
KCC-O,20260505,1.96,1.96,1.96,1.96,1
KCE-O,20260505,32,33.25,32,32.5,3054
KCG-O,20260505,9.2,9.25,9.2,9.25,7
KCM-O,20260505,0.17,0.17,0.17,0.17,4
KGEN-O,20260505,1.7,1.76,1.68,1.76,45
KGI-O,20260505,4.06,4.06,4.04,4.04,214
KIAT-O,20260505,0.32,0.32,0.32,0.32,1
KISS-O,20260505,2.6,2.78,2.6,2.78,67
KJL-O,20260505,5.65,5.65,5.6,5.6,15
KKP-O,20260505,79.75,81,79.5,80.5,4681
KLINIQ-O,20260505,25.75,25.75,25.5,25.5,61
KSL-O,20260505,1.62,1.68,1.28,1.64,262
KTB-O,20260505,33.25,33.5,32,32,31849
KTBSTMR-O,20260505,5.45,5.45,5.45,5.45,1
KTC-O,20260505,29.75,29.75,29.25,29.5,1729
KUMWEL-O,20260505,1.1,1.1,1.1,1.1,10
KUN-O,20260505,0.63,0.63,0.61,0.62,152
KWC-O,20260505,286,286,286,286,3
KWM-O,20260505,0.82,0.82,0.81,0.82,45
KYE-O,20260505,297,300,297,299,8
L&E-O,20260505,1.23,1.25,1.23,1.25,65
LANNA-O,20260505,14.7,14.7,14.5,14.7,396
LH-O,20260505,3.6,3.64,3.6,3.64,2421
LHFG-O,20260505,1.13,1.13,1.11,1.12,78
LHHOTEL-O,20260505,12.9,13,12.9,12.9,213
LHK-O,20260505,3.34,3.38,3.34,3.38,170
LHSC-O,20260505,14.6,14.6,14.5,14.5,191
LOXLEY-O,20260505,1.38,1.38,1.38,1.38,1
LPN-O,20260505,1.54,1.55,1.54,1.55,23
LST-O,20260505,4.66,4.66,4.66,4.66,21
LTS-O,20260505,1.9,1.9,1.63,1.65,727
M-CHAI-O,20260505,19.3,19.3,19.3,19.3,9
M-O,20260505,19.1,19.1,18.9,19.1,310
MAGURO-O,20260505,18,18,17.8,17.8,205
MAJOR-O,20260505,6.9,6.9,6.5,6.5,196
MALEE-O,20260505,4.08,4.08,4.02,4.04,52
MANRIN-O,20260505,23.2,23.2,23.2,23.2,1
MASTER-O,20260505,8.25,8.25,8.25,8.25,21
MATI-O,20260505,3.24,3.24,3.24,3.24,2
MBK-O,20260505,17,17,16.6,16.8,604
MC-O,20260505,11.1,11.4,11.1,11.3,770
MCS-O,20260505,8.15,8.2,8.1,8.1,174
MEB-O,20260505,12.2,12.2,12,12,125
MEDEZE-O,20260505,6.1,6.1,6.05,6.05,19
MEGA-O,20260505,35.5,36.25,35.5,35.5,291
METCO-O,20260505,272,272,271,271,21
MFC-O,20260505,20.2,20.3,20.2,20.3,177
MFEC-O,20260505,6.15,6.3,6.15,6.15,299
MGI-O,20260505,4.98,5.2,4.98,5.1,142
MGT-O,20260505,1.95,1.96,1.94,1.94,21
MICRO-O,20260505,0.84,0.84,0.84,0.84,65
MINT-O,20260505,20.5,20.5,20.2,20.4,2357
MMM-O,20260505,1.89,2.66,1.89,2.66,260
MODERN-O,20260505,2,2,2,2,7
MONO-O,20260505,0.83,0.83,0.81,0.82,165
MOONG-O,20260505,2.12,2.12,2.08,2.08,155
MOSHI-O,20260505,35.75,35.75,34.5,34.5,334
MPJ-O,20260505,3.58,3.58,3.58,3.58,1
MRDIYT-O,20260505,8.75,8.9,8.75,8.85,148
MST-O,20260505,6.8,7,6.8,6.9,25
MTC-O,20260505,30.25,30.25,28.5,28.5,1302
MTI-O,20260505,15.1,15.1,15,15.1,179
MUD-O,20260505,0.76,0.76,0.74,0.74,3
NAT-O,20260505,2,2.06,1.98,1.98,6
NCAP-O,20260505,2.2,2.2,2.18,2.18,21
NCP-O,20260505,1.03,1.03,1.03,1.03,29
NDR-O,20260505,1.24,1.24,1.24,1.24,32
NEO-O,20260505,16.8,16.9,16.7,16.7,564
NER-O,20260505,4.68,4.72,4.64,4.68,391
NETBAY-O,20260505,16.5,16.6,15.8,15.9,656
NEW-O,20260505,160,160,160,160,7
NEX-O,20260505,1.01,1.02,1.01,1.02,94
NNCL-O,20260505,1.6,1.6,1.6,1.6,11
NOBLE-O,20260505,1.88,1.9,1.88,1.9,70
NRF-O,20260505,0.26,0.27,0.26,0.27,26
NSL-O,20260505,21.8,21.8,21.2,21.2,289
NTF-O,20260505,15.6,15.8,15.2,15.2,69
NTSC-O,20260505,6.1,6.15,6.1,6.15,86
NTV-O,20260505,22.2,22.2,22.2,22.2,1
NYT-O,20260505,3.7,3.7,3.62,3.64,1103
OKJ-O,20260505,3.3,3.32,3.26,3.26,438
ONEE-O,20260505,2.58,2.64,2.52,2.52,1092
OR-O,20260505,12.4,12.4,12.2,12.3,2447
ORI-O,20260505,1.81,1.82,1.79,1.79,44
OSP-O,20260505,15,15,14.6,14.8,3405
PACO-O,20260505,1.28,1.28,1.28,1.28,5
PAF-O,20260505,0.97,0.97,0.97,0.97,4
PATO-O,20260505,6.3,6.4,6.3,6.35,42
PB-O,20260505,48.5,48.5,47.75,47.75,28
PCC-O,20260505,3.06,3.06,3.06,3.06,10
PCE-O,20260505,2.44,2.44,2.44,2.44,15
PDG-O,20260505,3.06,3.06,3.06,3.06,3
PEACE-O,20260505,1.7,1.7,1.7,1.7,1
PF-O,20260505,0.03,0.04,0.03,0.04,198
PHG-O,20260505,13,13,13,13,1
PHOL-O,20260505,2.82,2.82,2.82,2.82,1
PIMO-O,20260505,1.01,1.01,1.01,1.01,100
PIN-O,20260505,4.44,4.46,4.42,4.44,66
PIS-O,20260505,3.76,4,3.76,4,26
PJW-O,20260505,1.92,2.08,1.92,2.06,65
PLANB-O,20260505,4.2,4.24,4.14,4.22,670
PLANET-O,20260505,0.97,0.97,0.93,0.97,129
PLE-O,20260505,0.14,0.14,0.14,0.14,30
PLT-O,20260505,0.58,0.58,0.58,0.58,9
PLUS-O,20260505,1.27,1.29,1.27,1.29,25
PM-O,20260505,11.5,11.6,11.3,11.5,119
PMC-O,20260505,0.88,0.88,0.86,0.88,36
POPF-O,20260505,7.15,7.25,7.15,7.25,44
PORT-O,20260505,0.53,0.53,0.53,0.53,21
PPM-O,20260505,1.59,1.59,1.59,1.59,28
PPPM-O,20260505,0.29,0.29,0.28,0.28,61
PR9-O,20260505,16.3,16.3,16.1,16.2,459
PRAKIT-O,20260505,11.8,13,11.8,13,2
PRAPAT-O,20260505,0.71,0.71,0.71,0.71,30
PREB-O,20260505,3.46,3.46,3.46,3.46,90
PRECHA-O,20260505,0.43,0.43,0.43,0.43,10
PRM-O,20260505,8.7,9,8.7,8.9,636
PROSPECT-O,20260505,5.3,7.55,5.3,7.5,201
PROUD-O,20260505,0.98,0.98,0.98,0.98,39
PSGC-O,20260505,2.94,3.86,2.18,2.96,180
PSH-O,20260505,4.46,4.46,3.44,3.44,142
PSL-O,20260505,6.85,6.9,6.8,6.8,39
PSP-O,20260505,4.52,4.52,4.52,4.52,5
PT-O,20260505,11.2,11.5,11.1,11.2,275
PTG-O,20260505,8,8,7.85,7.9,1860
PTL-O,20260505,9.8,9.8,9.7,9.8,200
PTT-O,20260505,35.5,36.5,35.5,36.5,10661
PTTEP-O,20260505,156,158,154.5,157,5911
PTTGC-O,20260505,39.5,41,39.25,39.5,3812
Q-CON-O,20260505,6.3,6.3,6.3,6.3,1
QDC-O,20260505,0.12,0.12,0.12,0.12,32
QH-O,20260505,1.36,1.38,1.36,1.38,1553
QHBREIT-O,20260505,3.56,3.56,3.56,3.56,16
QHHRREIT-O,20260505,7.8,7.8,7.8,7.8,78
QTCG-O,20260505,0.13,0.13,0.11,0.11,89
RABBIT-O,20260505,0.29,0.3,0.25,0.3,326
RAM-O,20260505,18.5,18.5,18.3,18.3,22
RATCH-O,20260505,29.5,29.5,29,29.5,1197
RBF-O,20260505,3.98,4.08,3.96,4.04,119
RCL-O,20260505,30.5,30.75,30.5,30.75,504
READY-O,20260505,3.2,3.2,3.16,3.16,39
RICHY-O,20260505,0.16,0.16,0.16,0.16,61
RJH-O,20260505,12.8,13.2,12.8,13.2,276
RML-O,20260505,0.11,0.11,0.09,0.09,14
ROCK-O,20260505,11.3,14.1,11.3,14.1,9
ROCTEC-O,20260505,0.57,0.57,0.57,0.57,1
ROJNA-O,20260505,4.7,4.7,4.6,4.62,909
RPC-O,20260505,0.26,0.43,0.26,0.37,76
RPH-O,20260505,4.9,4.9,4.88,4.9,348
RS-O,20260505,0.17,0.18,0.16,0.16,170
RT-O,20260505,0.28,0.28,0.28,0.28,55
RWI-O,20260505,0.19,0.19,0.19,0.19,12
S&J-O,20260505,35,35,35,35,19
S-O,20260505,0.48,0.5,0.48,0.5,61
S11-O,20260505,2.66,2.66,2.66,2.66,14
SABINA-O,20260505,15.3,15.4,15.1,15.4,548
SAFE-O,20260505,6.4,6.4,6.4,6.4,2
SAK-O,20260505,3.16,3.2,3.16,3.18,106
SALEE-O,20260505,0.38,0.38,0.38,0.38,30
SAMART-O,20260505,3.64,5.2,3.64,5.1,137
SAPPE-O,20260505,29.75,29.75,29.5,29.5,429
SAT-O,20260505,14.7,14.8,14.6,14.8,228
SAUCE-O,20260505,41,41,40.25,40.25,76
SAV-O,20260505,10.5,10.5,10.3,10.3,72
SAWAD-O,20260505,23,23.3,22.4,22.6,1761
SC-O,20260505,2.02,2.6,2,2,527
SCAP-O,20260505,1.11,1.11,1.1,1.1,88
SCB-O,20260505,131,132.5,130.5,131,56641
SCC-O,20260505,237,237,231,232,4050
SCCC-O,20260505,142,142,139,139.5,135
SCG-O,20260505,2.28,2.28,2.28,2.28,48
SCGD-O,20260505,4.92,4.92,4.84,4.92,132
SCGP-O,20260505,25,25.25,24.8,25,553
SCP-O,20260505,8.15,8.15,8.1,8.1,150
SDC-O,20260505,0.03,0.03,0.03,0.03,12
SE-ED-O,20260505,1.6,1.6,1.6,1.6,28
SE-O,20260505,0.48,0.48,0.48,0.48,96
SEAFCO-O,20260505,2.3,2.34,2.2,2.2,140
SEAOIL-O,20260505,3.52,3.54,3.48,3.54,187
SECURE-O,20260505,11.3,11.3,11.3,11.3,1
SEI-O,20260505,2,2.02,2,2.02,5
SELIC-O,20260505,2.62,2.66,2.62,2.66,74
SENA-O,20260505,2,2,1.96,2,226
SGC-O,20260505,0.91,0.91,0.87,0.87,170
SGF-O,20260505,0.14,0.14,0.14,0.14,15
SGP-O,20260505,8.45,8.45,8.45,8.45,75
SHR-O,20260505,1.6,1.6,1.55,1.58,41
SICT-O,20260505,2.32,2.34,2.32,2.34,111
SIMAT-O,20260505,1.47,1.47,1.47,1.47,1
SINGER-O,20260505,5.5,5.5,5.45,5.45,80
SIRI-O,20260505,1.41,1.42,1.39,1.41,2254
SIRIPRT-O,20260505,6.6,6.6,6.6,6.6,36
SIS-O,20260505,23.1,24.1,23.1,23.9,254
SISB-O,20260505,10.2,10.2,10.1,10.1,118
SJWD-O,20260505,7.6,7.6,7.35,7.4,161
SK-O,20260505,0.56,0.56,0.56,0.56,15
SKE-O,20260505,0.2,0.2,0.2,0.2,53
SKIN-O,20260505,1.12,1.12,1.12,1.12,20
SKN-O,20260505,5.8,5.8,5.8,5.8,52
SKR-O,20260505,7.4,7.4,7.4,7.4,80
SKY-O,20260505,11.4,12.3,11.4,12.3,199
SMD100-O,20260505,1.62,1.62,1.61,1.62,145
SMO-O,20260505,4.94,5,4.94,4.94,11
SMT-O,20260505,2.12,2.12,2.04,2.08,656
SNNP-O,20260505,7,7,6.8,6.85,436
SNP-O,20260505,8.9,8.9,8.85,8.9,42
SNPS-O,20260505,4.76,4.76,4.76,4.76,2
SO-O,20260505,4.62,4.62,4.62,4.62,59
SOLAR-O,20260505,0.32,0.36,0.32,0.35,222
SONIC-O,20260505,1.49,1.49,1.49,1.49,16
SORKON-O,20260505,4.4,4.4,3.92,3.94,84
SPACK-O,20260505,0.8,0.8,0.8,0.8,1
SPALI-O,20260505,16.2,16.4,16.2,16.4,1322
SPC-O,20260505,57.5,57.5,57.25,57.25,77
SPCG-O,20260505,8.9,8.9,8.85,8.9,228
SPI-O,20260505,47.25,49,47.25,49,24
SPRC-O,20260505,7.35,7.55,7.3,7.45,1083
SPRIME-O,20260505,3.56,3.56,3.56,3.56,32
SPTX-O,20260505,0.01,0.01,0.01,0.01,385
SPVI-O,20260505,2.94,3.04,2.94,3.04,61
SRICHA-O,20260505,19.9,20,19.2,19.9,203
SRIPANWA-O,20260505,5.2,5.2,5.2,5.2,10
SSF-O,20260505,5.25,5.25,5.05,5.05,12
SSP-O,20260505,3.92,3.94,3.9,3.9,97
SSSC-O,20260505,2.34,2.34,2.34,2.34,3
SST-O,20260505,1.11,1.11,1.11,1.11,1
STA-O,20260505,17.8,18.5,17.8,18.2,781
STANLY-O,20260505,207,207,202,206,84
STARM-O,20260505,0.86,0.86,0.86,0.86,45
STECH-O,20260505,1,1,1,1,47
STECON-O,20260505,12,12.7,11.8,12.5,2341
STGT-O,20260505,10.4,10.6,10.4,10.6,303
STPI-O,20260505,4.04,4.08,4.04,4.08,123
STX-O,20260505,0.9,0.9,0.9,0.9,80
SUC-O,20260505,27.25,27.25,27.25,27.25,13
SUN-O,20260505,2.6,2.62,2.6,2.6,54
SUPER-O,20260505,0.1,0.11,0.1,0.11,164
SUSCO-O,20260505,2.1,2.1,2.04,2.04,180
SVI-O,20260505,5.6,7,5.25,6.7,270
SWC-O,20260505,4.4,4.58,4.34,4.58,35
SYMC-O,20260505,4.16,4.16,4.16,4.16,30
SYNEX-O,20260505,9.25,9.4,9.25,9.3,56
SYNTEC-O,20260505,1.59,1.59,1.59,1.59,34
TACC-O,20260505,5.4,5.4,5.35,5.4,904
TAE-O,20260505,1.31,1.46,1.3,1.46,550
TAKUNI-O,20260505,0.38,0.38,0.38,0.38,2
TAN-O,20260505,3.94,3.94,3.94,3.94,6
TASCO-O,20260505,13.6,13.8,13.5,13.6,443
TATG-O,20260505,1.01,1.16,1.01,1.16,29
TC-O,20260505,5.5,5.5,5.5,5.5,1
TCAP-O,20260505,56.5,57.75,56,57,1193
TCC-O,20260505,0.33,0.33,0.33,0.33,4
TEAM-O,20260505,3.84,3.84,3.78,3.78,69
TEAMG-O,20260505,3,3.08,3,3.08,103
TERA-O,20260505,1.04,1.05,1.04,1.05,39
TFFIF-O,20260505,6.55,6.55,6.55,6.55,333
TFG-O,20260505,10.3,10.6,10.1,10.4,2914
TFM-O,20260505,6.85,6.85,6.65,6.7,187
TFMAMA-O,20260505,188.5,188.5,187.5,187.5,146
TGH-O,20260505,11,11,11,11,34
TH-O,20260505,0.44,0.44,0.44,0.44,49
THAI-O,20260505,6.05,6.05,6,6.05,843
THANI-O,20260505,1.72,1.72,1.68,1.68,206
THCOM-O,20260505,11.5,11.6,11.4,11.5,411
THG-O,20260505,9.05,9.05,8,8,243
THIP-O,20260505,22.7,22.7,22.7,22.7,1
THRE-O,20260505,0.39,0.39,0.39,0.39,4
THREL-O,20260505,1,1.02,1,1.01,76
TIDLOR-O,20260505,16.8,16.8,16,16.1,2497
TIF1-O,20260505,7.6,7.6,7.6,7.6,3
TIPCO-O,20260505,6.35,6.4,6.3,6.4,44
TIPH-O,20260505,20.9,21.3,20.9,21.2,59
TISCO-O,20260505,109.5,111.5,109.5,110.5,26356
TKC-O,20260505,8.45,8.45,8.45,8.45,3
TKN-O,20260505,4.02,4.04,3.86,3.88,427
TKS-O,20260505,6,6.1,6,6.1,85
TL-O,20260505,0.37,0.37,0.37,0.37,5
TLI-O,20260505,10.9,10.9,10.5,10.7,485
TM-O,20260505,0.79,0.79,0.79,0.79,1
TMAN-O,20260505,12.8,12.9,12.8,12.9,30
TMI-O,20260505,0.48,0.48,0.48,0.48,13
TMT-O,20260505,3.42,3.6,3.42,3.6,32
TMW-O,20260505,56.75,56.75,56.75,56.75,10
TNH-O,20260505,32.5,32.5,32.5,32.5,1
TNL-O,20260505,23,23,22.5,22.5,52
TNP-O,20260505,2.88,2.88,2.84,2.84,71
TNR-O,20260505,4.92,4.94,4.92,4.94,24
TOA-O,20260505,12.8,13,12.7,12.8,325
TOG-O,20260505,6.7,6.7,6.7,6.7,36
TOP-O,20260505,47,48.5,47,47.75,1632
TOPP-O,20260505,139.5,139.5,139.5,139.5,103
TPCH-O,20260505,1.71,1.71,1.7,1.7,2
TPCS-O,20260505,12,12,12,12,1
TPIPL-O,20260505,0.93,0.93,0.87,0.89,188
TPIPP-O,20260505,1.93,1.95,1.92,1.94,408
TPLAS-O,20260505,0.98,0.99,0.98,0.99,86
TPOLY-O,20260505,0.15,0.15,0.15,0.15,1
TPRIME-O,20260505,7.25,7.25,7.25,7.25,55
TPS-O,20260505,3.22,3.22,3.22,3.22,103
TQM-O,20260505,14.4,14.8,14.2,14.7,112
TQR-O,20260505,4.94,4.94,4.94,4.94,1
TRC-O,20260505,0.3,0.3,0.3,0.3,25
TRITN-O,20260505,0.03,0.03,0.03,0.03,10
TRU-O,20260505,3.98,3.98,3.98,3.98,20
TRUBB-O,20260505,1.07,1.07,1.06,1.06,64
TRUE-O,20260505,13.6,13.9,13.6,13.9,3085
TSC-O,20260505,14.2,14.2,14.2,14.2,8
TSE-O,20260505,0.84,1.08,0.84,1.07,633
TSR-O,20260505,0.06,0.06,0.06,0.06,51
TSTH-O,20260505,0.76,0.76,0.76,0.76,63
TTA-O,20260505,4.96,4.98,4.94,4.96,54
TTB-O,20260505,2.28,2.3,2.26,2.28,6780
TTCL-O,20260505,0.06,0.06,0.06,0.06,45
TTLPF-O,20260505,9.8,9.8,9.8,9.8,195
TTW-O,20260505,9.25,9.45,9.2,9.25,758
TU-O,20260505,11.6,11.9,11.4,11.7,1968
TURBO-O,20260505,1.42,1.42,1.41,1.41,79
TVO-O,20260505,24.6,25.5,24,24.3,1361
TVT-O,20260505,0.14,0.2,0.14,0.2,496
TWZ-O,20260505,0.01,0.01,0.01,0.01,75
UAC-O,20260505,2.66,2.66,2.66,2.66,21
UBE-O,20260505,0.75,0.77,0.72,0.76,380
UBIS-O,20260505,0.99,1,0.99,1,2
UKEM-O,20260505,1.25,1.25,1.2,1.22,193
UNIX-O,20260505,1.71,1.71,1.68,1.68,132
UREKA-O,20260505,0.31,0.31,0.31,0.31,4
UTP-O,20260505,7.4,7.4,7.35,7.35,109
UV-O,20260505,0.84,0.84,0.83,0.83,2
UVAN-O,20260505,14.8,14.9,14.7,14.7,181
VARO-O,20260505,2.78,2.78,2.78,2.78,9
VCOM-O,20260505,2.92,3.42,2.92,3.42,13
VGI-O,20260505,0.87,0.87,0.86,0.87,231
VIBHA-O,20260505,1.41,1.41,1.41,1.41,298
VIH-O,20260505,8.6,8.6,8.5,8.5,99
VL-O,20260505,0.78,0.78,0.78,0.78,21
VNG-O,20260505,2,2,2,2,49
VPO-O,20260505,0.63,0.63,0.61,0.62,73
WACOAL-O,20260505,17,17,17,17,2
WARRIX-O,20260505,1.63,1.63,1.61,1.61,115
WASH-O,20260505,4.38,4.38,4.38,4.38,7
WHA-O,20260505,4.44,4.48,4.38,4.44,2377
WHAIR-O,20260505,7.6,7.65,7.55,7.6,95
WHART-O,20260505,10.8,10.9,10.8,10.9,433
WHAUP-O,20260505,4.72,4.9,4.72,4.9,285
WICE-O,20260505,2.34,2.36,2.34,2.36,62
WORK-O,20260505,3.54,3.54,3.54,3.54,91
WP-O,20260505,3.8,4.02,3.8,3.8,67
WPH-O,20260505,5.75,5.75,5.65,5.75,173
WSOL-O,20260505,0.03,0.05,0.03,0.04,409
XBIO-O,20260505,0.06,0.06,0.06,0.06,285
XO-O,20260505,13.6,14,13.5,13.5,221
XPG-O,20260505,0.45,0.46,0.44,0.44,193
YGG-O,20260505,0.23,0.23,0.23,0.23,4
YUASA-O,20260505,13.9,13.9,13.7,13.8,28
ZAA-O,20260505,1.68,1.68,1.68,1.68,1
ZEN-O,20260505,5.35,5.35,5.35,5.35,2
RABBIT-P,20260505,0.31,0.31,0.3,0.3,739200
VAYU1,20260505,11,11.1,11,11,234900
VAYU1-O,20260505,11,11.1,11,11.1,258
AAV01C2607A,20260505,0.02,0.02,0.02,0.02,21000
AAV01C2609T,20260505,0.08,0.08,0.08,0.08,9000
AAV01P2607A,20260505,0.31,0.31,0.31,0.31,193400
AAV13C2608A,20260505,0.04,0.04,0.04,0.04,3100
AAV13C2608B,20260505,0.13,0.13,0.12,0.12,1381400
AAV13P2607A,20260505,0.32,0.34,0.32,0.34,250300
AAV19C2608A,20260505,0.15,0.15,0.14,0.14,579700
ADVANC01C2606A,20260505,0.22,0.24,0.21,0.24,14000
ADVANC01C2607A,20260505,0.14,0.14,0.12,0.13,4223500
ADVANC01C2608A,20260505,0.06,0.06,0.05,0.06,2042400
ADVANC01C2609A,20260505,0.24,0.26,0.23,0.25,5403200
ADVANC01C2610A,20260505,0.42,0.42,0.38,0.42,6291400
ADVANC01C2701T,20260505,0.47,0.48,0.45,0.47,4700600
ADVANC01P2607A,20260505,0.29,0.3,0.27,0.28,3394100
ADVANC01P2609A,20260505,0.96,0.99,0.94,0.95,2984800
ADVANC13C2607A,20260505,0.12,0.13,0.11,0.12,4502100
ADVANC13C2608A,20260505,0.04,0.05,0.04,0.05,330000
ADVANC13C2608B,20260505,0.07,0.07,0.07,0.07,13000
ADVANC13C2608C,20260505,0.11,0.13,0.11,0.12,1186300
ADVANC13C2609A,20260505,0.28,0.29,0.26,0.28,8960500
ADVANC13C2701T,20260505,0.31,0.32,0.3,0.32,4259000
ADVANC13P2607A,20260505,0.14,0.14,0.13,0.13,1673000
ADVANC13P2609A,20260505,0.66,0.69,0.63,0.65,19876600
ADVANC19C2606A,20260505,0.04,0.05,0.04,0.05,2400000
ADVANC19C2607A,20260505,0.06,0.07,0.06,0.07,4630000
ADVANC19C2608A,20260505,0.08,0.08,0.07,0.08,1627600
ADVANC19C2609A,20260505,0.24,0.25,0.23,0.24,5760100
ADVANC41C2606T,20260505,0.54,0.56,0.53,0.55,949700
ADVANC41C2607A,20260505,0.1,0.1,0.1,0.1,720600
ADVANC41C2701T,20260505,0.23,0.24,0.23,0.24,2729600
AEONTS13C2608A,20260505,0.21,0.21,0.19,0.21,1722700
AMATA01C2608A,20260505,0.38,0.38,0.35,0.36,1660700
AMATA13C2608A,20260505,0.38,0.38,0.35,0.35,2219300
AMATA19C2608A,20260505,0.3,0.3,0.27,0.28,521100
AMATA41C2608A,20260505,0.38,0.38,0.36,0.36,580000
AMATA41C2609T,20260505,0.38,0.38,0.36,0.37,400
AOT01C2606T,20260505,0.27,0.27,0.27,0.27,2318700
AOT01C2607A,20260505,0.12,0.13,0.11,0.12,3865500
AOT01C2609A,20260505,0.31,0.31,0.29,0.3,905200
AOT01P2607A,20260505,0.3,0.3,0.29,0.29,519800
AOT01P2609A,20260505,0.71,0.71,0.7,0.7,1571600
AOT13C2605A,20260505,0.01,0.01,0.01,0.01,9000
AOT13C2605B,20260505,0.01,0.01,0.01,0.01,100000
AOT13C2608A,20260505,0.18,0.18,0.16,0.18,1079900
AOT13P2607A,20260505,0.14,0.14,0.14,0.14,307800
AOT13P2609A,20260505,0.56,0.57,0.54,0.54,4407600
AOT19C2605B,20260505,0.01,0.01,0.01,0.01,40000
AOT19C2608A,20260505,0.29,0.3,0.29,0.3,1433400
AOT41C2608A,20260505,0.16,0.16,0.16,0.16,700
AOT41C2609T,20260505,0.34,0.34,0.33,0.34,22200
AWC01C2703T,20260505,0.2,0.2,0.2,0.2,2110200
AWC13C2608A,20260505,0.06,0.06,0.06,0.06,584200
AWC13C2608B,20260505,0.18,0.18,0.17,0.17,573500
AWC13C2701T,20260505,0.16,0.16,0.16,0.16,3929400
AWC41C2606A,20260505,0.03,0.03,0.03,0.03,75000
BA13C2607A,20260505,0.04,0.04,0.04,0.04,173400
BA13C2608A,20260505,0.18,0.18,0.17,0.18,1932100
BA19C2609A,20260505,0.24,0.24,0.23,0.23,2345800
BA41C2608A,20260505,0.16,0.16,0.16,0.16,200
BA41C2611T,20260505,0.15,0.15,0.15,0.15,200000
BABA28C2606A,20260505,0.01,0.01,0.01,0.01,5000
BABA28C2606B,20260505,0.05,0.05,0.05,0.05,103200
BABA28C2609A,20260505,0.29,0.29,0.29,0.29,200
BABA41C2606A,20260505,0.16,0.16,0.16,0.16,70200
BABA41C2609T,20260505,0.54,0.54,0.53,0.54,800
BABA41C2610A,20260505,0.55,0.57,0.55,0.56,300
BABA41C2701T,20260505,0.67,0.67,0.66,0.67,400
BABA41P2609A,20260505,0.25,0.25,0.25,0.25,100
BAM01C2608A,20260505,0.09,0.09,0.09,0.09,612500
BAM13C2608A,20260505,0.15,0.16,0.15,0.15,5022800
BAM19C2612T,20260505,0.27,0.27,0.26,0.26,718400
BAM41C2612T,20260505,0.29,0.29,0.29,0.29,400
BANPU01C2605A,20260505,0.48,0.57,0.48,0.53,489400
BANPU01C2607A,20260505,0.1,0.1,0.1,0.1,2168100
BANPU01C2703T,20260505,0.19,0.2,0.19,0.2,1110400
BANPU13C2606A,20260505,0.15,0.16,0.14,0.15,4231700
BANPU13C2608A,20260505,0.12,0.14,0.12,0.13,3074900
BANPU13C2609A,20260505,0.22,0.24,0.22,0.23,3716000
BANPU13C2701T,20260505,0.27,0.27,0.24,0.25,376200
BANPU13P2609A,20260505,0.25,0.25,0.23,0.24,1285700
BANPU19C2612T,20260505,0.39,0.41,0.39,0.4,644100
BANPU41C2605T,20260505,0.04,0.04,0.03,0.03,40100
BANPU41C2606A,20260505,0.14,0.15,0.14,0.15,366900
BANPU41C2608A,20260505,0.12,0.12,0.11,0.11,450100
BANPU41C2609A,20260505,0.2,0.22,0.2,0.21,2180500
BANPU41C2612T,20260505,0.28,0.29,0.28,0.28,4353300
BBL13C2607A,20260505,0.07,0.07,0.05,0.07,812300
BBL13C2607B,20260505,0.14,0.14,0.12,0.12,2621700
BBL13C2608A,20260505,0.28,0.28,0.24,0.25,6037600
BBL13P2608A,20260505,0.3,0.33,0.3,0.32,2378100
BBL19C2612T,20260505,0.41,0.42,0.37,0.38,4996500
BBL41C2608A,20260505,0.27,0.27,0.23,0.23,1160500
BBL41C2609T,20260505,0.4,0.4,0.37,0.38,4981300
BCH01C2609A,20260505,0.11,0.11,0.11,0.11,72500
BCH13C2607A,20260505,0.18,0.19,0.18,0.19,100000
BCH41C2607A,20260505,0.18,0.18,0.18,0.18,200
BCH41C2703T,20260505,0.17,0.17,0.17,0.17,50000
BCP01C2607A,20260505,0.29,0.34,0.29,0.34,2749700
BCP01C2608A,20260505,0.15,0.17,0.15,0.17,2642400
BCP13C2608A,20260505,0.29,0.34,0.29,0.34,5988600
BCP13C2608B,20260505,0.12,0.15,0.12,0.15,6717700
BCP19C2607A,20260505,0.24,0.29,0.24,0.29,2110800
BCP41C2607A,20260505,0.58,0.59,0.58,0.59,200
BCP41C2608A,20260505,0.3,0.35,0.3,0.35,1596400
BCP41C2609T,20260505,0.14,0.14,0.14,0.14,5000
BCPG01C2607A,20260505,0.37,0.4,0.36,0.4,2586900
BCPG13C2607A,20260505,0.16,0.19,0.16,0.18,5606200
BCPG13C2608A,20260505,0.1,0.11,0.1,0.11,857500
BCPG19C2609A,20260505,0.33,0.36,0.32,0.35,3006900
BCPG41C2606T,20260505,0.21,0.21,0.2,0.21,500
BCPG41C2607A,20260505,0.18,0.18,0.18,0.18,100000
BCPG41C2612T,20260505,0.19,0.21,0.19,0.2,2055600
BDMS01C2607A,20260505,0.05,0.05,0.05,0.05,213700
BDMS01C2609A,20260505,0.21,0.22,0.21,0.21,1831500
BDMS01P2607A,20260505,0.18,0.18,0.17,0.17,568100
BDMS13C2607A,20260505,0.07,0.08,0.07,0.07,617900
BDMS13C2608A,20260505,0.05,0.06,0.05,0.05,331200
BDMS13C2608B,20260505,0.18,0.19,0.18,0.18,1597800
BDMS13C2701T,20260505,0.2,0.21,0.2,0.21,1363300
BDMS13P2607A,20260505,0.2,0.2,0.19,0.19,54300
BDMS19C2608A,20260505,0.18,0.2,0.18,0.19,3567000
BDMS41C2612T,20260505,0.15,0.16,0.15,0.16,2283100
BEM41C2612T,20260505,0.14,0.14,0.14,0.14,11000
BGRIM01C2608A,20260505,0.1,0.12,0.1,0.11,5066200
BGRIM01C2609A,20260505,0.24,0.28,0.24,0.26,6769400
BGRIM13C2605A,20260505,0.01,0.01,0.01,0.01,50000
BGRIM13C2607A,20260505,0.06,0.07,0.06,0.06,664700
BGRIM13C2608A,20260505,0.22,0.25,0.22,0.24,14583300
BGRIM13C2608B,20260505,0.34,0.37,0.34,0.36,120400
BGRIM13P2608A,20260505,0.33,0.33,0.29,0.31,7303600
BGRIM13P2609A,20260505,0.18,0.18,0.17,0.17,852200
BGRIM19C2607A,20260505,0.09,0.11,0.09,0.11,4411600
BGRIM19C2609A,20260505,0.28,0.32,0.28,0.31,6649800
BGRIM41C2608B,20260505,0.34,0.36,0.34,0.35,981200
BGRIM41C2608T,20260505,0.13,0.13,0.13,0.13,100
BGRIM41C2701T,20260505,0.37,0.38,0.37,0.37,2301600
BH01C2607A,20260505,0.87,0.87,0.82,0.85,67700
BH01C2608A,20260505,0.1,0.1,0.09,0.1,1659200
BH01C2609A,20260505,0.78,0.78,0.74,0.78,2446300
BH01C2609B,20260505,0.78,0.78,0.74,0.77,2647800
BH01P2607B,20260505,0.11,0.12,0.11,0.11,3903000
BH01P2608A,20260505,0.39,0.42,0.39,0.4,3150100
BH13C2607A,20260505,0.77,0.77,0.73,0.75,136200
BH13C2608A,20260505,0.11,0.12,0.11,0.11,7577800
BH13C2608B,20260505,0.45,0.45,0.39,0.42,8565400
BH13P2608A,20260505,0.33,0.35,0.33,0.33,1910300
BH19C2607B,20260505,0.05,0.05,0.05,0.05,1000
BH19C2608A,20260505,0.47,0.47,0.4,0.43,4989200
BH41C2608B,20260505,0.42,0.42,0.39,0.39,1541200
BH41C2611T,20260505,0.59,0.59,0.57,0.58,4061100
BH41P2608A,20260505,0.3,0.31,0.3,0.31,200
BIDU28C2610A,20260505,0.3,0.3,0.3,0.3,44000
BIDU41C2606A,20260505,0.09,0.09,0.09,0.09,46000
BIDU41C2609A,20260505,0.11,0.13,0.11,0.13,1577900
BIDU41C2609T,20260505,1.13,1.15,1.13,1.15,400
BIDU41C2610A,20260505,0.78,0.79,0.77,0.79,600
BJC01C2605A,20260505,0.01,0.01,0.01,0.01,100
BJC01C2608A,20260505,0.11,0.11,0.1,0.1,542500
BJC13C2607A,20260505,0.12,0.12,0.1,0.1,421000
BJC19C2612T,20260505,0.3,0.3,0.27,0.27,1498900
BLA01C2607A,20260505,0.11,0.11,0.1,0.11,286900
BLA01C2609A,20260505,0.29,0.3,0.27,0.29,1627300
BLA13C2607A,20260505,0.11,0.11,0.11,0.11,545600
BLA13C2608A,20260505,0.23,0.24,0.21,0.23,3752000
BLA19C2608A,20260505,0.25,0.25,0.22,0.25,964400
BTG01C2609A,20260505,0.42,0.42,0.37,0.39,1293400
BTG01C2704T,20260505,0.14,0.15,0.14,0.15,274000
BTG01P2609A,20260505,0.48,0.5,0.48,0.49,500000
BTG13C2608A,20260505,0.4,0.42,0.38,0.4,4744000
BTG13C2609A,20260505,0.34,0.34,0.29,0.3,2879000
BTG13C2609B,20260505,0.11,0.11,0.11,0.11,4359400
BTG13P2609A,20260505,0.47,0.5,0.47,0.48,3619700
BTG19C2608A,20260505,0.29,0.29,0.27,0.28,425300
BTG41C2609A,20260505,0.3,0.31,0.3,0.31,200400
BTG41C2703T,20260505,0.31,0.31,0.3,0.3,500
BTS13C2606A,20260505,0.01,0.01,0.01,0.01,150000
BTS13C2607A,20260505,0.05,0.05,0.05,0.05,217400
BTS13C2609A,20260505,0.16,0.16,0.15,0.15,4334000
BTS13C2701T,20260505,0.11,0.12,0.11,0.11,412000
BTS13P2608A,20260505,0.19,0.19,0.19,0.19,261000
BTS19C2609A,20260505,0.19,0.19,0.19,0.19,302800
BTS41C2703T,20260505,0.15,0.15,0.14,0.15,470400
BYDCOM41C2609A,20260505,0.45,0.47,0.45,0.47,161600
CBG01C2607A,20260505,0.03,0.03,0.03,0.03,10000
CBG01C2609A,20260505,0.19,0.2,0.18,0.18,2273300
CBG01P2609A,20260505,0.33,0.33,0.33,0.33,2000
CBG13C2607A,20260505,0.01,0.01,0.01,0.01,100000
CBG13C2608A,20260505,0.12,0.12,0.12,0.12,3675900
CBG13C2608B,20260505,0.17,0.17,0.16,0.16,2708900
CBG19C2608A,20260505,0.23,0.23,0.23,0.23,3840100
CBG41C2608A,20260505,0.11,0.11,0.11,0.11,1200
CCET13C2607A,20260505,0.27,0.27,0.2,0.26,13069000
CCET13C2608A,20260505,0.71,0.74,0.59,0.71,472800
CCET13C2609A,20260505,0.42,0.42,0.32,0.41,19716100
CCET13C2609B,20260505,0.27,0.28,0.2,0.26,18509300
CCET19C2607A,20260505,0.38,0.38,0.26,0.32,1065700
CCET41C2607A,20260505,0.39,0.4,0.32,0.36,711500
CCET41C2609T,20260505,0.17,0.18,0.15,0.17,422500
CENTEL01C2609A,20260505,0.17,0.17,0.16,0.16,2455600
CENTEL13C2605A,20260505,0.01,0.01,0.01,0.01,2000
CENTEL13C2608A,20260505,0.07,0.07,0.06,0.06,492800
CENTEL13C2608B,20260505,0.18,0.18,0.15,0.15,2380900
CENTEL41C2606T,20260505,0.04,0.04,0.04,0.04,200000
CENTEL41C2701T,20260505,0.22,0.22,0.2,0.2,1804900
CHG41C2612T,20260505,0.15,0.15,0.15,0.15,5000
CK01C2608A,20260505,0.35,0.44,0.34,0.44,3829500
CK13C2607A,20260505,0.42,0.5,0.38,0.5,1465000
CK13C2608A,20260505,0.19,0.24,0.18,0.24,8785100
CK19C2609A,20260505,0.3,0.35,0.28,0.35,8972100
COM701C2607A,20260505,0.36,0.41,0.35,0.4,5221000
COM701C2705T,20260505,0.35,0.36,0.35,0.36,6938900
COM713C2605A,20260505,0.01,0.01,0.01,0.01,20000
COM713C2607A,20260505,0.31,0.36,0.3,0.35,8973300
COM713C2608A,20260505,0.08,0.09,0.08,0.09,454400
COM741C2607A,20260505,0.28,0.32,0.27,0.31,950800
COM741C2609T,20260505,0.29,0.31,0.29,0.31,1007100
CPALL01C2607A,20260505,0.12,0.12,0.11,0.11,1536500
CPALL01C2608A,20260505,0.03,0.03,0.03,0.03,46000
CPALL01C2610A,20260505,0.23,0.23,0.22,0.22,1240500
CPALL01C2703T,20260505,0.23,0.23,0.21,0.22,1527600
CPALL01P2608A,20260505,0.46,0.47,0.46,0.47,241000
CPALL13C2607A,20260505,0.09,0.09,0.07,0.08,1500
CPALL13C2608A,20260505,0.07,0.07,0.06,0.06,1147000
CPALL13C2609A,20260505,0.25,0.25,0.23,0.24,1464900
CPALL13C2701T,20260505,0.22,0.22,0.21,0.21,2027500
CPALL13P2608A,20260505,0.12,0.14,0.12,0.14,676900
CPALL19C2607A,20260505,0.16,0.16,0.13,0.14,485000
CPALL19C2612A,20260505,0.11,0.11,0.1,0.1,4784200
CPALL41C2609A,20260505,0.23,0.23,0.21,0.21,1060400
CPALL41C2612T,20260505,0.13,0.13,0.13,0.13,100
CPF01C2609A,20260505,0.19,0.2,0.19,0.19,3632800
CPF01C2611T,20260505,0.14,0.14,0.14,0.14,2024800
CPF01P2608A,20260505,0.39,0.39,0.37,0.37,1194300
CPF13C2608A,20260505,0.11,0.11,0.11,0.11,2111800
CPF13C2609A,20260505,0.22,0.23,0.22,0.22,3390000
CPF13P2608A,20260505,0.33,0.33,0.31,0.32,1818100
CPF19C2608A,20260505,0.08,0.08,0.08,0.08,1200000
CPF41C2609T,20260505,0.06,0.06,0.06,0.06,1000
CPN01C2606T,20260505,0.18,0.18,0.16,0.16,4677700
CPN01C2608A,20260505,0.28,0.28,0.25,0.25,2051900
CPN01P2608A,20260505,0.18,0.19,0.18,0.18,3068500
CPN13C2608A,20260505,0.29,0.29,0.27,0.29,6981700
CPN13P2608A,20260505,0.16,0.16,0.16,0.16,1605500
CPN19C2609T,20260505,0.34,0.34,0.31,0.32,3156200
CPN41C2608T,20260505,0.38,0.39,0.37,0.39,2780600
CRC01C2609A,20260505,0.15,0.15,0.14,0.15,1335900
CRC01C2609B,20260505,0.34,0.34,0.32,0.34,2052900
CRC01C2610T,20260505,0.23,0.23,0.22,0.23,1397700
CRC13C2606A,20260505,0.04,0.04,0.04,0.04,499900
CRC13C2608A,20260505,0.33,0.33,0.29,0.32,5520700
CRC13P2606A,20260505,0.02,0.02,0.02,0.02,60000
CRC19C2612A,20260505,0.31,0.31,0.28,0.31,2663900
CRC41C2609T,20260505,0.13,0.13,0.13,0.13,300
DELTA01C2605A,20260505,2.22,2.26,1.84,1.89,1594900
DELTA01C2605B,20260505,5.45,5.45,4.88,4.92,23300
DELTA01C2607A,20260505,1.4,1.41,1.19,1.22,6228400
DELTA01C2608A,20260505,0.92,0.95,0.79,0.8,21956200
DELTA01P2605A,20260505,0.01,0.02,0.01,0.01,1230300
DELTA01P2606A,20260505,0.03,0.03,0.03,0.03,900
DELTA01P2608A,20260505,0.32,0.35,0.31,0.34,5157300
DELTA13C2605A,20260505,1.05,1.08,0.72,0.77,1826700
DELTA13C2605B,20260505,3.74,3.74,3.74,3.74,100
DELTA13C2606A,20260505,1.91,1.91,1.62,1.72,146800
DELTA13C2607A,20260505,0.78,0.78,0.66,0.67,3735800
DELTA13C2607B,20260505,0.82,0.82,0.67,0.7,46453900
DELTA13C2608A,20260505,0.49,0.5,0.41,0.43,31550200
DELTA13C2609A,20260505,0.32,0.32,0.28,0.28,20436000
DELTA13P2606A,20260505,0.01,0.01,0.01,0.01,305000
DELTA13P2607A,20260505,0.14,0.15,0.13,0.15,21028400
DELTA13P2608A,20260505,0.55,0.61,0.55,0.59,22851700
DELTA19C2607A,20260505,1.24,1.25,1.06,1.07,163500
DELTA19C2608A,20260505,0.98,0.98,0.83,0.86,5153900
DELTA19P2605A,20260505,0.01,0.01,0.01,0.01,6000
DELTA19P2607A,20260505,0.08,0.1,0.08,0.1,5680700
DELTA19P2608A,20260505,0.42,0.46,0.42,0.45,11985900
DELTA19P2609A,20260505,0.7,0.76,0.68,0.74,8186600
DELTA41C2605A,20260505,1.1,1.1,1.02,1.02,9000
DELTA41C2606A,20260505,1.9,1.92,1.9,1.92,20000
DELTA41C2607A,20260505,0.76,0.76,0.64,0.66,1640700
DELTA41C2607B,20260505,0.8,0.8,0.66,0.68,2199300
DELTA41C2608A,20260505,0.49,0.49,0.42,0.44,2166700
DELTA41C2608T,20260505,2.3,2.3,2.3,2.3,200
DELTA41C2609A,20260505,0.3,0.3,0.27,0.27,2418800
DELTA41C2612T,20260505,1.59,1.6,1.48,1.49,1703800
DELTA41C2703T,20260505,1.05,1.05,0.96,0.98,1988400
DELTA41P2607A,20260505,0.14,0.17,0.14,0.16,42100
DJI41C2606A,20260505,0.24,0.25,0.24,0.25,69800
DJI41C2606B,20260505,0.89,0.93,0.89,0.92,4400
DJI41P2606A,20260505,0.32,0.32,0.31,0.32,3300
DJI41P2606B,20260505,0.2,0.2,0.19,0.19,8500
DOHOME01C2608A,20260505,0.15,0.15,0.14,0.14,2293900
DOHOME13C2607A,20260505,0.13,0.13,0.11,0.12,1304900
DOHOME19C2701T,20260505,0.45,0.45,0.42,0.42,2058800
EA13C2605A,20260505,0.01,0.01,0.01,0.01,88400
EA13C2607A,20260505,0.04,0.04,0.04,0.04,100
EA13C2607B,20260505,0.02,0.02,0.02,0.02,49500
EA13C2608A,20260505,0.17,0.18,0.17,0.17,3814000
EA19C2606A,20260505,0.04,0.04,0.04,0.04,229600
EA19C2609A,20260505,0.23,0.23,0.23,0.23,117400
EA41C2609T,20260505,0.19,0.19,0.19,0.19,301200
ERW01C2608A,20260505,0.06,0.06,0.06,0.06,15000
ERW01C2611T,20260505,0.2,0.2,0.18,0.19,896100
ERW13C2608A,20260505,0.05,0.05,0.05,0.05,60000
ERW13C2608B,20260505,0.16,0.16,0.14,0.14,3694800
ERW19C2609A,20260505,0.15,0.16,0.14,0.14,2918200
ERW41C2611T,20260505,0.29,0.29,0.28,0.29,400
GFPT01C2705T,20260505,0.3,0.3,0.3,0.3,196200
GFPT13C2608A,20260505,0.3,0.31,0.29,0.29,633000
GLOBAL13C2608A,20260505,0.12,0.12,0.11,0.11,1738900
GLOBAL13C2608B,20260505,0.31,0.31,0.27,0.28,4762300
GLOBAL41C2608A,20260505,0.1,0.1,0.1,0.1,5200
GLOBAL41C2612T,20260505,0.36,0.36,0.34,0.34,2791400
GPSC01C2608A,20260505,0.04,0.04,0.03,0.03,1395900
GPSC01C2609A,20260505,0.18,0.18,0.18,0.18,2703300
GPSC01C2609T,20260505,0.1,0.1,0.1,0.1,485800
GPSC01P2607A,20260505,0.23,0.23,0.22,0.22,1351500
GPSC01P2608A,20260505,0.5,0.5,0.5,0.5,100
GPSC13C2606A,20260505,0.04,0.04,0.04,0.04,39900
GPSC13C2608A,20260505,0.06,0.06,0.06,0.06,405000
GPSC13C2608B,20260505,0.19,0.21,0.19,0.2,7468400
GPSC13C2701T,20260505,0.14,0.14,0.14,0.14,6763500
GPSC13P2609A,20260505,0.28,0.28,0.27,0.27,4258200
GPSC19C2608B,20260505,0.22,0.23,0.22,0.23,8541000
GPSC41C2608B,20260505,0.19,0.19,0.18,0.19,2751500
GPSC41C2703T,20260505,0.21,0.21,0.21,0.21,901000
GULF01C2606T,20260505,0.11,0.11,0.11,0.11,516000
GULF01C2608A,20260505,0.59,0.59,0.57,0.57,28000
GULF01C2608B,20260505,0.31,0.31,0.3,0.31,631600
GULF01C2609A,20260505,0.27,0.27,0.25,0.26,1700200
GULF01C2702T,20260505,0.5,0.51,0.5,0.5,2091900
GULF01P2608B,20260505,0.14,0.15,0.13,0.13,1831700
GULF01P2609A,20260505,0.47,0.48,0.46,0.47,1947200
GULF13C2608A,20260505,0.34,0.34,0.32,0.34,4954800
GULF13C2609A,20260505,0.25,0.25,0.23,0.24,5701700
GULF13P2608A,20260505,0.28,0.28,0.27,0.27,5204100
GULF19C2607B,20260505,0.2,0.2,0.19,0.2,1161600
GULF41C2607A,20260505,0.45,0.45,0.45,0.45,1000
GULF41C2608A,20260505,0.31,0.32,0.31,0.32,903000
GULF41C2609A,20260505,0.22,0.22,0.21,0.22,23200
GULF41C2609T,20260505,0.35,0.35,0.35,0.35,300100
GUNKUL01C2608A,20260505,0.39,0.57,0.39,0.57,365400
GUNKUL01C2704T,20260505,0.34,0.39,0.32,0.39,11960700
GUNKUL13C2608A,20260505,0.57,0.74,0.57,0.74,491100
GUNKUL13C2608B,20260505,0.31,0.42,0.25,0.42,59179800
GUNKUL19C2609A,20260505,0.47,0.62,0.41,0.62,3296800
GUNKUL41C2702T,20260505,0.35,0.42,0.32,0.42,9608400
HANA01C2606A,20260505,3.04,3.7,3.04,3.38,634800
HANA01C2608A,20260505,2.5,3.04,2.5,2.74,680800
HANA01C2609A,20260505,0.5,0.63,0.5,0.55,2480400
HANA13C2607A,20260505,3.04,3.48,3.04,3.14,45600
HANA13C2608A,20260505,1.94,2.26,1.94,2.06,282100
HANA13C2608B,20260505,1.12,1.36,1.12,1.25,331300
HANA13C2608C,20260505,0.52,0.66,0.52,0.59,10773500
HANA13C2701T,20260505,1.04,1.2,1.04,1.14,7900
HANA13P2607A,20260505,0.04,0.04,0.04,0.04,100
HANA13P2608A,20260505,0.18,0.18,0.14,0.15,11900100
HANA19C2608A,20260505,1.58,1.96,1.58,1.96,5100
HANA19C2609A,20260505,0.54,0.66,0.53,0.59,13100
HANA41C2606T,20260505,0.38,0.48,0.38,0.42,519400
HANA41C2608B,20260505,1.19,1.32,1.19,1.32,200200
HANA41C2612T,20260505,0.94,1.03,0.94,1,10400
HANA41C2702T,20260505,0.41,0.46,0.41,0.44,12772300
HMPRO01C2609A,20260505,0.2,0.2,0.19,0.2,1989900
HMPRO13C2609A,20260505,0.2,0.2,0.18,0.18,2543700
HMPRO19C2609A,20260505,0.21,0.21,0.21,0.21,2189800
HMPRO41C2606T,20260505,0.01,0.01,0.01,0.01,200000
HMPRO41C2608A,20260505,0.06,0.06,0.06,0.06,620000
HMPRO41C2612T,20260505,0.16,0.16,0.16,0.16,100
HSI18C2606A,20260505,0.44,0.44,0.42,0.42,21700
HSI28C2605A,20260505,0.03,0.03,0.03,0.03,97700
HSI28C2605B,20260505,0.06,0.07,0.05,0.07,1739600
HSI28C2605C,20260505,0.3,0.32,0.26,0.32,82790000
HSI28C2605D,20260505,0.58,0.63,0.53,0.63,8459100
HSI28C2606A,20260505,0.11,0.11,0.09,0.1,5071800
HSI28C2606B,20260505,0.57,0.6,0.53,0.59,12285500
HSI28C2606C,20260505,0.22,0.22,0.2,0.22,1735300
HSI28C2607A,20260505,0.53,0.6,0.5,0.55,7116400
HSI28P2605A,20260505,0.1,0.11,0.09,0.09,2466600
HSI28P2605B,20260505,0.04,0.04,0.03,0.03,2400
HSI28P2605C,20260505,0.01,0.01,0.01,0.01,75300
HSI28P2606A,20260505,0.26,0.27,0.24,0.24,3276500
HSI28P2606B,20260505,0.58,0.61,0.55,0.55,40749600
HSI28P2607A,20260505,0.42,0.43,0.39,0.39,538000
HSTECH18C2606A,20260505,0.43,0.43,0.42,0.42,200
HSTECH28P2606A,20260505,0.44,0.45,0.44,0.45,200
ICHI13C2609A,20260505,0.13,0.13,0.13,0.13,294700
IRPC01C2607A,20260505,1.65,1.87,1.65,1.76,224100
IRPC01C2609A,20260505,1.04,1.25,1.04,1.17,1159400
IRPC01C2609B,20260505,0.75,0.89,0.73,0.8,1398100
IRPC01C2703T,20260505,0.26,0.29,0.24,0.27,9190700
IRPC13C2608A,20260505,1.31,1.51,1.31,1.43,19900
IRPC13C2608B,20260505,0.76,0.98,0.76,0.87,1710800
IRPC13C2609A,20260505,0.62,0.77,0.62,0.69,1479800
IRPC13C2609B,20260505,0.3,0.36,0.3,0.34,30549700
IRPC41C2609A,20260505,0.62,0.72,0.62,0.67,16200
IRPC41C2609B,20260505,0.3,0.36,0.3,0.33,6823400
IRPC41C2703T,20260505,1.05,1.05,1.05,1.05,100
ITC01C2606T,20260505,0.27,0.27,0.23,0.24,8037100
ITC13C2608A,20260505,0.24,0.24,0.19,0.19,7726400
ITC19C2609T,20260505,0.27,0.27,0.24,0.24,19779300
ITC41C2612T,20260505,0.26,0.26,0.23,0.23,2800
IVL01C2605A,20260505,1.68,1.68,1.57,1.57,54500
IVL01C2607A,20260505,0.51,0.54,0.48,0.5,1640800
IVL01C2608A,20260505,0.1,0.1,0.08,0.08,2306700
IVL01C2609A,20260505,1.18,1.22,1.11,1.18,723600
IVL01C2609B,20260505,0.22,0.23,0.2,0.21,6208900
IVL01P2608A,20260505,0.16,0.16,0.15,0.16,3517600
IVL01P2609A,20260505,0.26,0.3,0.26,0.27,8583500
IVL13C2605A,20260505,1.04,1.04,1.04,1.04,1900
IVL13C2607A,20260505,0.41,0.41,0.36,0.36,104600
IVL13C2608A,20260505,0.82,0.82,0.81,0.81,15000
IVL13C2609A,20260505,0.74,0.74,0.74,0.74,100
IVL13C2609B,20260505,0.24,0.25,0.23,0.24,5744200
IVL13P2607A,20260505,0.03,0.03,0.03,0.03,100
IVL13P2608A,20260505,0.24,0.25,0.22,0.23,5215100
IVL19C2607A,20260505,0.53,0.53,0.53,0.53,2000
IVL19C2609A,20260505,0.23,0.24,0.22,0.23,8605300
IVL19P2608A,20260505,0.24,0.24,0.21,0.22,2576500
IVL41C2605A,20260505,1.09,1.09,1.09,1.09,100
IVL41C2608A,20260505,0.75,0.75,0.75,0.75,200
IVL41C2609A,20260505,0.63,0.63,0.63,0.63,100
IVL41C2609B,20260505,0.22,0.23,0.21,0.22,1060700
IVL41C2702T,20260505,0.56,0.56,0.52,0.52,2100400
JAS13C2609A,20260505,0.22,0.22,0.21,0.21,474500
JAS19C2701T,20260505,0.32,0.32,0.31,0.31,1693600
JD41C2606A,20260505,0.21,0.22,0.21,0.21,400
JMART01C2608A,20260505,0.13,0.13,0.12,0.12,2305300
JMART01C2705T,20260505,0.28,0.28,0.27,0.27,5493300
JMART13C2605A,20260505,0.01,0.01,0.01,0.01,413600
JMART13C2608A,20260505,0.14,0.15,0.14,0.14,3974900
JMART13C2609A,20260505,0.37,0.39,0.34,0.35,13459600
JMART13C2701T,20260505,0.18,0.18,0.17,0.17,188900
JMART19C2609A,20260505,0.3,0.32,0.29,0.29,3465700
JMART19C2612A,20260505,0.26,0.27,0.25,0.25,3319400
JMART41C2703T,20260505,0.29,0.29,0.29,0.29,400
JMT01C2608A,20260505,0.12,0.13,0.09,0.09,5990200
JMT01C2701T,20260505,0.35,0.36,0.3,0.31,5356200
JMT13C2607A,20260505,0.36,0.4,0.28,0.29,18558200
JMT13C2608A,20260505,0.15,0.16,0.12,0.12,4762700
JMT13C2701T,20260505,0.29,0.3,0.25,0.26,3085200
JMT19C2605A,20260505,0.01,0.01,0.01,0.01,100
JMT19C2608A,20260505,0.14,0.14,0.1,0.11,2879300
JMT41C2608A,20260505,0.14,0.14,0.11,0.11,961000
JMT41C2608T,20260505,0.03,0.03,0.03,0.03,1000
JMT41C2703T,20260505,0.51,0.53,0.46,0.47,5206400
KBANK01C2607A,20260505,0.28,0.31,0.26,0.27,8533200
KBANK01C2608A,20260505,0.13,0.13,0.13,0.13,834600
KBANK01C2609A,20260505,0.75,0.78,0.72,0.74,3474500
KBANK01C2610A,20260505,0.55,0.59,0.54,0.55,4646800
KBANK01C2702T,20260505,0.25,0.25,0.25,0.25,800000
KBANK01P2607A,20260505,0.11,0.11,0.1,0.1,500000
KBANK01P2610A,20260505,0.7,0.7,0.67,0.69,3304600
KBANK13C2607A,20260505,0.1,0.1,0.1,0.1,2232200
KBANK13C2607B,20260505,0.28,0.32,0.27,0.28,14541000
KBANK13C2609A,20260505,0.69,0.73,0.66,0.69,4467300
KBANK13P2607A,20260505,0.08,0.08,0.06,0.07,501000
KBANK13P2609A,20260505,0.43,0.43,0.41,0.42,6959500
KBANK19C2608A,20260505,0.13,0.14,0.13,0.13,4587400
KBANK19C2609A,20260505,0.54,0.57,0.51,0.53,2877800
KBANK41C2607B,20260505,0.31,0.31,0.28,0.28,300600
KBANK41C2609A,20260505,0.65,0.7,0.65,0.65,2140600
KBANK41C2609T,20260505,0.7,0.72,0.69,0.69,1640800
KBANK41C2703T,20260505,0.4,0.41,0.4,0.4,500
KCE13C2606A,20260505,1.57,1.66,1.47,1.52,191400
KCE13C2607A,20260505,2.34,2.52,2.22,2.24,128500
KCE13C2608A,20260505,1.28,1.36,1.25,1.33,188000
KCE13C2609A,20260505,0.5,0.55,0.48,0.49,7575800
KCE13P2608A,20260505,0.09,0.11,0.07,0.07,785000
KCE19C2605A,20260505,2.1,2.1,2.1,2.1,100
KCE19C2608A,20260505,2.78,2.78,2.78,2.78,100
KCE19C2608B,20260505,1.69,1.69,1.69,1.69,100
KCE19C2609A,20260505,0.46,0.53,0.46,0.48,1820600
KCE41C2606A,20260505,1.67,1.67,1.67,1.67,100
KCE41C2606T,20260505,0.31,0.34,0.29,0.3,9129000
KCE41C2607A,20260505,2.44,2.44,2.44,2.44,100
KCE41C2608A,20260505,1.33,1.33,1.33,1.33,100
KCE41C2609A,20260505,0.5,0.52,0.46,0.47,6123400
KCE41C2609T,20260505,1.3,1.4,1.3,1.31,7600
KCE41C2702T,20260505,0.34,0.35,0.32,0.33,3317000
KCE41P2608A,20260505,0.06,0.06,0.06,0.06,133000
KKP01C2607A,20260505,0.76,0.76,0.76,0.76,1800
KKP01C2610A,20260505,0.62,0.67,0.61,0.65,3567000
KKP01P2609A,20260505,0.32,0.34,0.31,0.33,21600
KKP13C2609A,20260505,0.48,0.52,0.48,0.51,17396200
KKP13P2609A,20260505,0.41,0.41,0.38,0.39,9957900
KKP19C2609T,20260505,0.97,1.01,0.96,1,3337700
KTB01C2608A,20260505,0.21,0.22,0.18,0.18,1984600
KTB01C2701T,20260505,0.31,0.33,0.29,0.29,1840400
KTB01P2608A,20260505,0.09,0.1,0.09,0.1,200
KTB13C2608A,20260505,0.16,0.17,0.14,0.14,4228300
KTB13P2608A,20260505,0.07,0.08,0.06,0.08,304900
KTB13P2609A,20260505,0.22,0.25,0.22,0.24,1634200
KTB19C2609T,20260505,0.39,0.4,0.37,0.37,463600
KTB41C2608A,20260505,0.15,0.15,0.12,0.12,200600
KTB41C2612T,20260505,0.46,0.46,0.46,0.46,100400
KTC01C2607A,20260505,0.18,0.18,0.18,0.18,3000
KTC01C2608A,20260505,0.09,0.09,0.09,0.09,100
KTC01C2609T,20260505,0.17,0.17,0.17,0.17,1420000
KTC01P2608A,20260505,0.27,0.27,0.27,0.27,597600
KTC13C2607A,20260505,0.18,0.18,0.18,0.18,51400
KTC13C2608A,20260505,0.12,0.13,0.11,0.12,1791600
KTC13C2701T,20260505,0.27,0.27,0.27,0.27,2800
KTC13P2608A,20260505,0.26,0.26,0.26,0.26,422800
KTC19C2609T,20260505,0.19,0.19,0.19,0.19,413900
KTC41C2612T,20260505,0.27,0.27,0.27,0.27,100800
KUAISH28C2606A,20260505,0.04,0.04,0.04,0.04,100
KUAISH28C2610A,20260505,0.28,0.28,0.28,0.28,100
KUAISH41C2609T,20260505,0.19,0.19,0.18,0.18,200
LH01C2609A,20260505,0.11,0.11,0.11,0.11,200000
M13C2608A,20260505,0.05,0.05,0.05,0.05,8500
M13C2608B,20260505,0.24,0.24,0.24,0.24,107400
MEGA01C2702T,20260505,0.21,0.21,0.21,0.21,153400
MEGA13C2608A,20260505,0.1,0.1,0.1,0.1,347000
MEITUA28C2609A,20260505,0.39,0.42,0.39,0.42,50300
MEITUA41C2609A,20260505,0.39,0.4,0.39,0.4,200
MINT01C2609A,20260505,0.28,0.28,0.26,0.26,684200
MINT01P2605A,20260505,0.01,0.01,0.01,0.01,1500
MINT01P2609A,20260505,0.56,0.58,0.56,0.58,326500
MINT13C2607A,20260505,0.02,0.02,0.02,0.02,348600
MINT13C2608A,20260505,0.15,0.15,0.15,0.15,304200
MINT13C2608B,20260505,0.26,0.26,0.22,0.22,50200
MINT13P2606A,20260505,0.17,0.19,0.17,0.18,565900
MINT41C2608A,20260505,0.14,0.14,0.14,0.14,200
MTC01C2606A,20260505,0.01,0.01,0.01,0.01,200000
MTC01C2608A,20260505,0.12,0.12,0.1,0.1,4243600
MTC01P2610A,20260505,0.37,0.4,0.37,0.4,7106900
MTC13C2605A,20260505,0.01,0.01,0.01,0.01,72000
MTC13C2607A,20260505,0.08,0.08,0.07,0.07,7245500
MTC13C2608A,20260505,0.2,0.2,0.16,0.17,4707500
MTC13P2607A,20260505,0.21,0.23,0.21,0.22,3164000
MTC19C2608A,20260505,0.14,0.14,0.13,0.13,12996600
MTC41C2608A,20260505,0.16,0.16,0.15,0.15,400
MTC41C2611T,20260505,0.05,0.06,0.05,0.06,200
MTC41C2612T,20260505,0.2,0.2,0.19,0.19,2895600
MTC41P2607A,20260505,0.13,0.15,0.13,0.15,1200200
NDX28C2606A,20260505,0.88,0.88,0.88,0.88,2000
NDX28C2609A,20260505,1.23,1.23,1.23,1.23,500
NDX28P2606A,20260505,0.09,0.09,0.07,0.08,10300
NDX28P2609A,20260505,0.72,0.72,0.72,0.72,10000
NDX41C2606A,20260505,0.96,1.01,0.96,1.01,397100
NDX41C2606B,20260505,2.12,2.2,2.12,2.2,537200
NDX41P2606A,20260505,0.06,0.07,0.06,0.06,6072900
NDX41P2606B,20260505,0.05,0.05,0.04,0.04,70400
NDX41P2609T,20260505,0.43,0.43,0.42,0.42,4246800
NIKKEI18C2606A,20260505,0.73,0.73,0.72,0.72,400
NIKKEI28C2606C,20260505,0.97,0.98,0.97,0.97,3100
NIKKEI28C2606D,20260505,0.62,0.63,0.62,0.63,2260100
NIKKEI28P2606C,20260505,0.09,0.09,0.09,0.09,100
NIKKEI28P2606D,20260505,0.2,0.2,0.18,0.18,101000
NIKKEI41C2606A,20260505,2.18,2.22,2.18,2.22,100000
NIKKEI41C2606C,20260505,1.01,1.01,1.01,1.01,48300
NIKKEI41C2609A,20260505,1.01,1.02,1.01,1.01,1000
NIKKEI41C2609B,20260505,0.8,0.83,0.8,0.82,2200
NIKKEI41C2609C,20260505,0.69,0.71,0.68,0.71,929900
NIKKEI41P2606A,20260505,0.19,0.19,0.19,0.19,313600
NIKKEI41P2609A,20260505,0.63,0.63,0.61,0.61,8200
NIKKEI41P2609B,20260505,0.46,0.46,0.46,0.46,10900
OR01C2608A,20260505,0.05,0.05,0.05,0.05,29000
OR01C2609A,20260505,0.25,0.25,0.23,0.24,991300
OR01C2705T,20260505,0.21,0.21,0.21,0.21,304000
OR13C2608B,20260505,0.2,0.21,0.2,0.21,210000
OR19C2608A,20260505,0.2,0.2,0.19,0.2,532100
OR41C2608T,20260505,0.17,0.17,0.17,0.17,100200
OSP01C2607A,20260505,0.03,0.03,0.03,0.03,20000
OSP01C2609A,20260505,0.26,0.26,0.23,0.23,569600
OSP13C2607A,20260505,0.03,0.03,0.03,0.03,3000
OSP13C2608A,20260505,0.17,0.17,0.15,0.15,426100
OSP41C2607A,20260505,0.01,0.01,0.01,0.01,2194700
OSP41C2701T,20260505,0.26,0.26,0.24,0.25,600
PLANB13C2607A,20260505,0.34,0.34,0.3,0.34,4307100
PLANB13C2608A,20260505,0.26,0.27,0.24,0.27,3312000
PLANB13C2608B,20260505,0.09,0.09,0.08,0.08,124800
PLANB19C2608A,20260505,0.6,0.61,0.54,0.6,1490200
PLANB41C2607A,20260505,0.33,0.34,0.3,0.34,2757600
PLANB41C2608A,20260505,0.25,0.26,0.23,0.26,1921000
PLANB41C2612T,20260505,0.18,0.18,0.18,0.18,100
POPMAR41C2605A,20260505,0.01,0.01,0.01,0.01,40000
POPMAR41C2609T,20260505,0.37,0.39,0.37,0.39,900
PR901C2608A,20260505,0.03,0.03,0.03,0.03,300000
PR913C2608A,20260505,0.07,0.07,0.07,0.07,200000
PRM01C2609A,20260505,0.43,0.45,0.42,0.45,1644600
PRM01C2702T,20260505,0.38,0.38,0.37,0.38,6502900
PRM13C2608A,20260505,0.35,0.35,0.32,0.35,7108200
PRM19C2701T,20260505,0.53,0.54,0.51,0.54,6294500
PRM41C2612T,20260505,0.6,0.61,0.6,0.61,1000100
PTG01C2607A,20260505,0.12,0.12,0.09,0.09,734400
PTG13C2608A,20260505,0.12,0.12,0.11,0.11,581700
PTG13C2608B,20260505,0.04,0.05,0.04,0.05,80000
PTG19C2609A,20260505,0.22,0.22,0.2,0.2,753100
PTG41C2701T,20260505,0.26,0.26,0.24,0.25,451100
PTT01C2606T,20260505,0.09,0.09,0.09,0.09,6000
PTT01C2607A,20260505,0.13,0.17,0.13,0.17,1248100
PTT01P2609A,20260505,0.18,0.18,0.17,0.17,993600
PTT13C2608A,20260505,0.11,0.13,0.11,0.13,2060400
PTT13C2609A,20260505,0.2,0.24,0.2,0.24,7138300
PTT13C2701T,20260505,0.28,0.31,0.28,0.31,200
PTT13P2608A,20260505,0.14,0.14,0.14,0.14,1948000
PTT41C2606A,20260505,0.15,0.17,0.15,0.17,226700
PTT41C2606T,20260505,0.26,0.31,0.26,0.31,756900
PTTEP01C2606T,20260505,0.92,0.92,0.92,0.92,36000
PTTEP01C2607A,20260505,1.12,1.17,1.1,1.15,690000
PTTEP01C2608A,20260505,0.63,0.66,0.6,0.64,130000
PTTEP01C2609A,20260505,0.42,0.45,0.4,0.44,4274100
PTTEP01C2703T,20260505,0.53,0.54,0.52,0.54,6427900
PTTEP01P2607A,20260505,0.02,0.02,0.01,0.01,165000
PTTEP01P2608A,20260505,0.32,0.32,0.3,0.31,4546100
PTTEP01P2703T,20260505,0.47,0.47,0.45,0.45,1172600
PTTEP13C2607A,20260505,1.23,1.23,1.23,1.23,300
PTTEP13C2608A,20260505,0.8,0.83,0.8,0.83,23000
PTTEP13C2608B,20260505,0.53,0.55,0.51,0.54,13161200
PTTEP13C2608C,20260505,0.3,0.33,0.29,0.31,12629200
PTTEP13P2608A,20260505,0.15,0.16,0.13,0.15,2503000
PTTEP19C2608A,20260505,0.58,0.61,0.56,0.61,299200
PTTEP19C2608B,20260505,0.33,0.36,0.31,0.35,7874500
PTTEP41C2608A,20260505,0.78,0.8,0.78,0.8,100000
PTTEP41C2608B,20260505,0.52,0.54,0.5,0.54,1768800
PTTEP41C2608C,20260505,0.28,0.29,0.27,0.29,681200
PTTEP41C2609T,20260505,1.1,1.13,1.08,1.11,1397600
PTTEP41C2703T,20260505,0.54,0.56,0.54,0.56,4900800
PTTGC01C2607A,20260505,0.6,0.66,0.55,0.58,1675700
PTTGC01C2609A,20260505,0.38,0.43,0.35,0.36,10654300
PTTGC01C2704T,20260505,0.34,0.36,0.32,0.33,10184900
PTTGC01P2609A,20260505,0.1,0.11,0.1,0.1,1373100
PTTGC13C2607A,20260505,0.82,0.85,0.82,0.85,252700
PTTGC13C2608A,20260505,0.58,0.61,0.51,0.53,425000
PTTGC13C2609A,20260505,0.43,0.46,0.39,0.4,28146900
PTTGC13P2608A,20260505,0.15,0.16,0.14,0.16,1541400
PTTGC19C2607A,20260505,0.92,0.92,0.92,0.92,500
PTTGC19C2608A,20260505,0.67,0.67,0.67,0.67,1000
PTTGC19C2609A,20260505,0.45,0.49,0.42,0.43,5157700
PTTGC41C2607A,20260505,0.86,0.86,0.84,0.84,100200
PTTGC41C2608A,20260505,0.58,0.59,0.57,0.59,100400
PTTGC41C2608T,20260505,1.74,1.74,1.74,1.74,100
PTTGC41C2609A,20260505,0.41,0.45,0.38,0.39,3799500
PTTGC41C2611T,20260505,0.48,0.49,0.43,0.43,12645900
PTTGC41C2612T,20260505,0.87,0.87,0.8,0.8,100100
PTTGC41C2702T,20260505,0.38,0.38,0.35,0.35,7605700
RCL01C2608A,20260505,0.2,0.2,0.2,0.2,142500
RCL01C2610T,20260505,0.34,0.34,0.34,0.34,397100
RCL13C2608A,20260505,0.2,0.2,0.17,0.18,330700
RCL19C2609A,20260505,0.2,0.2,0.2,0.2,238400
RCL41C2612T,20260505,0.26,0.26,0.26,0.26,300
SAWAD01C2606A,20260505,0.07,0.07,0.05,0.05,3657100
SAWAD01C2607A,20260505,0.02,0.02,0.02,0.02,111000
SAWAD01C2609A,20260505,0.06,0.06,0.06,0.06,15000
SAWAD01C2609B,20260505,0.38,0.39,0.33,0.33,6155400
SAWAD01P2606A,20260505,0.03,0.03,0.03,0.03,3000
SAWAD01P2608A,20260505,0.32,0.35,0.32,0.35,2133100
SAWAD13C2607B,20260505,0.15,0.15,0.12,0.12,11079000
SAWAD13C2609A,20260505,0.42,0.42,0.35,0.35,10961200
SAWAD13P2608A,20260505,0.23,0.26,0.23,0.26,4296800
SAWAD19C2607A,20260505,0.13,0.14,0.11,0.11,1473900
SAWAD19C2608A,20260505,0.12,0.12,0.1,0.1,2490700
SAWAD41C2609A,20260505,0.38,0.39,0.33,0.33,481200
SAWAD41C2610T,20260505,0.23,0.24,0.22,0.23,900600
SCB01C2605A,20260505,0.01,0.01,0.01,0.01,37600
SCB01C2607A,20260505,0.16,0.17,0.15,0.15,1647600
SCB01C2608A,20260505,0.13,0.13,0.11,0.12,1267400
SCB01C2610A,20260505,0.32,0.32,0.3,0.3,2439300
SCB01C2703T,20260505,0.26,0.26,0.25,0.26,616700
SCB01P2607A,20260505,0.18,0.2,0.18,0.19,599600
SCB01P2610A,20260505,0.59,0.61,0.59,0.61,1471300
SCB13C2607B,20260505,0.09,0.09,0.08,0.08,2014800
SCB13C2609A,20260505,0.27,0.28,0.25,0.26,7280000
SCB13P2607A,20260505,0.21,0.22,0.21,0.21,2126800
SCB13P2609A,20260505,0.5,0.51,0.49,0.51,3550900
SCB19C2612T,20260505,0.31,0.31,0.29,0.3,1166700
SCB41C2609T,20260505,0.42,0.42,0.4,0.4,2050200
SCC01C2605A,20260505,0.09,0.1,0.05,0.05,253100
SCC01C2606T,20260505,0.86,0.86,0.86,0.86,3600
SCC01C2607A,20260505,0.29,0.29,0.24,0.24,6012400
SCC01C2609A,20260505,1.93,1.93,1.72,1.75,647700
SCC01C2609B,20260505,0.68,0.68,0.64,0.64,295800
SCC01C2610A,20260505,0.63,0.63,0.55,0.55,4635300
SCC01C2704T,20260505,0.51,0.51,0.47,0.47,5257900
SCC01P2607A,20260505,0.11,0.13,0.11,0.13,6405400
SCC01P2610A,20260505,0.46,0.5,0.46,0.49,3388900
SCC13C2607A,20260505,0.46,0.46,0.37,0.37,12220500
SCC13C2608A,20260505,1.82,1.82,1.57,1.57,24900
SCC13C2609A,20260505,0.44,0.44,0.37,0.37,13485500
SCC13C2701T,20260505,0.48,0.49,0.47,0.47,36300
SCC13P2607A,20260505,0.08,0.1,0.08,0.1,2600
SCC19C2607A,20260505,0.31,0.31,0.24,0.24,7494200
SCC41C2607A,20260505,0.44,0.44,0.44,0.44,57500
SCC41C2608T,20260505,1.23,1.23,1.23,1.23,7400
SCC41C2611T,20260505,0.34,0.34,0.3,0.3,1800500
SCC41C2612T,20260505,0.88,0.88,0.81,0.81,3902600
SCC41P2607A,20260505,0.06,0.06,0.06,0.06,1000100
SCGP01C2608A,20260505,0.75,0.79,0.72,0.75,1120900
SCGP01C2609A,20260505,1.21,1.25,1.16,1.21,1641400
SCGP01P2608A,20260505,0.05,0.05,0.05,0.05,2900
SCGP13C2607A,20260505,0.62,0.66,0.61,0.65,1421000
SCGP13C2608A,20260505,1.18,1.18,1.18,1.18,110600
SCGP13P2608A,20260505,0.04,0.04,0.04,0.04,119200
SCGP19C2607A,20260505,0.79,0.79,0.79,0.79,300
SCGP41C2605A,20260505,1.34,1.34,1.34,1.34,200
SCGP41C2606T,20260505,0.55,0.55,0.55,0.55,50000
SCGP41C2607A,20260505,0.66,0.66,0.62,0.62,400
SCGP41C2609T,20260505,0.91,0.93,0.91,0.93,200
SET01C2605A,20260505,2.24,2.24,1.96,2.02,4400
SET01C2606L,20260505,3.58,3.58,3.58,3.58,3000
SET01C2607A,20260505,1.2,1.26,1.05,1.1,924700
SET01C2607B,20260505,0.24,0.26,0.21,0.21,1234500
SET01P2605A,20260505,0.01,0.02,0.01,0.02,527100
SET01P2606L,20260505,0.44,0.49,0.44,0.47,646500
SET01P2607A,20260505,0.04,0.05,0.03,0.05,299600
SET01P2607B,20260505,0.16,0.19,0.15,0.19,317700
SET01P2706L,20260505,1.57,1.59,1.57,1.58,400
SET5001C2605A,20260505,0.28,0.3,0.2,0.22,106700
SET5001C2606F,20260505,0.57,0.6,0.47,0.51,16425800
SET5001C2606G,20260505,0.13,0.13,0.11,0.11,2256800
SET5001C2606H,20260505,0.08,0.08,0.07,0.07,41400
SET5001C2606I,20260505,0.63,0.64,0.56,0.58,6327500
SET5001C2607A,20260505,0.47,0.48,0.42,0.43,466800
SET5001C2607B,20260505,0.06,0.06,0.05,0.05,219000
SET5001C2607C,20260505,0.57,0.58,0.52,0.53,6529300
SET5001P2605A,20260505,0.01,0.02,0.01,0.01,563100
SET5001P2606G,20260505,0.07,0.09,0.07,0.08,268100
SET5001P2606H,20260505,0.26,0.29,0.24,0.28,6383600
SET5001P2607A,20260505,0.03,0.03,0.03,0.03,61800
SET5001P2607B,20260505,0.3,0.32,0.28,0.32,483500
SET5001P2607C,20260505,0.21,0.23,0.21,0.23,1300
SET5013C2606A,20260505,0.47,0.5,0.43,0.44,1435300
SET5013C2606B,20260505,0.27,0.28,0.22,0.24,23030600
SET5013C2606C,20260505,0.16,0.17,0.14,0.14,1564900
SET5013C2606D,20260505,0.13,0.14,0.1,0.11,5065900
SET5013C2606E,20260505,0.09,0.1,0.07,0.07,324900
SET5013C2606F,20260505,0.06,0.06,0.05,0.05,266100
SET5013C2606G,20260505,0.04,0.05,0.04,0.04,83500
SET5013C2606H,20260505,0.19,0.21,0.17,0.18,18762500
SET5013C2606I,20260505,0.33,0.34,0.28,0.3,274943900
SET5013C2606J,20260505,0.57,0.6,0.5,0.53,45142500
SET5013C2606K,20260505,0.71,0.74,0.62,0.66,166171400
SET5013C2606L,20260505,0.34,0.36,0.28,0.3,214547900
SET5013P2606A,20260505,0.02,0.02,0.01,0.02,1549000
SET5013P2606B,20260505,0.03,0.03,0.02,0.02,2432400
SET5013P2606C,20260505,0.04,0.05,0.03,0.05,788400
SET5013P2606D,20260505,0.08,0.08,0.07,0.07,576400
SET5013P2606E,20260505,0.07,0.07,0.06,0.06,2537800
SET5013P2606F,20260505,0.11,0.13,0.11,0.13,406900
SET5013P2606G,20260505,0.68,0.76,0.65,0.71,11348300
SET5013P2606H,20260505,0.05,0.05,0.04,0.04,131300
SET5013P2606I,20260505,0.06,0.07,0.06,0.07,4483000
SET5013P2606K,20260505,0.1,0.12,0.1,0.11,1890600
SET5013P2606L,20260505,0.21,0.23,0.19,0.21,126091900
SET5013P2606M,20260505,0.32,0.35,0.3,0.32,83265600
SET5013P2606N,20260505,0.5,0.52,0.44,0.48,185145800
SET5013P2606O,20260505,0.61,0.67,0.58,0.63,116697600
SET5013P2606X,20260505,4.58,4.7,4.5,4.64,414400
SET5019C2606A,20260505,0.48,0.48,0.41,0.41,8500
SET5019C2606B,20260505,0.29,0.29,0.24,0.25,12159800
SET5019C2606C,20260505,0.08,0.08,0.07,0.08,366500
SET5019C2606D,20260505,0.51,0.54,0.44,0.46,8753100
SET5019C2606E,20260505,0.37,0.37,0.29,0.31,42862800
SET5019C2606F,20260505,0.27,0.28,0.22,0.24,45670200
SET5019P2606D,20260505,0.08,0.09,0.08,0.09,206200
SET5019P2606E,20260505,0.19,0.22,0.18,0.2,31173300
SET5019P2606F,20260505,0.5,0.56,0.48,0.52,46352600
SET5041C2606A,20260505,0.52,0.53,0.5,0.5,502000
SET5041C2606C,20260505,0.24,0.24,0.24,0.24,100
SET5041C2606D,20260505,0.11,0.13,0.11,0.11,342400
SET5041C2606F,20260505,0.06,0.06,0.06,0.06,851700
SET5041C2606I,20260505,0.3,0.31,0.27,0.27,21700
SET5041C2606J,20260505,0.48,0.49,0.42,0.44,24021000
SET5041C2606K,20260505,0.57,0.61,0.51,0.53,30290700
SET5041C2609T,20260505,1.03,1.03,0.99,0.99,2600
SET5041P2606C,20260505,0.26,0.28,0.26,0.28,9000
SET5041P2606E,20260505,0.39,0.42,0.38,0.4,1815000
SET5041P2606F,20260505,0.48,0.48,0.47,0.47,800
SET5041P2606H,20260505,0.11,0.11,0.11,0.11,100
SET5041P2606L,20260505,0.22,0.22,0.22,0.22,10000
SET5041P2606N,20260505,0.45,0.5,0.45,0.49,11438800
SET5041P2606O,20260505,0.6,0.64,0.57,0.64,33546200
SET5041P2609T,20260505,0.27,0.28,0.26,0.26,23100
SIRI13C2605A,20260505,0.01,0.01,0.01,0.01,191400
SISB13C2608A,20260505,0.13,0.13,0.12,0.12,1469800
SISB19C2612A,20260505,0.25,0.25,0.24,0.24,1297300
SJWD13C2608A,20260505,0.22,0.22,0.18,0.18,1667200
SPALI13C2608A,20260505,0.15,0.15,0.15,0.15,1655000
SPALI41C2609T,20260505,0.13,0.14,0.13,0.14,300
SPRC01C2607A,20260505,0.2,0.23,0.2,0.23,3645900
SPRC01C2610A,20260505,0.33,0.37,0.33,0.37,4105000
SPRC01C2703T,20260505,0.26,0.27,0.26,0.27,843800
SPRC13C2607A,20260505,0.2,0.24,0.2,0.23,4496200
SPRC13C2608A,20260505,0.17,0.2,0.17,0.19,7435500
SPRC13C2609A,20260505,0.38,0.41,0.37,0.41,6143200
SPRC19C2609A,20260505,0.37,0.41,0.37,0.41,2434300
SPRC41C2606T,20260505,0.19,0.22,0.19,0.22,3230700
SPRC41C2608A,20260505,0.16,0.18,0.16,0.18,200600
SPRC41C2612T,20260505,0.62,0.64,0.62,0.64,950700
SPX28C2606A,20260505,0.42,0.42,0.42,0.42,100
SPX28C2609A,20260505,1.06,1.09,1.06,1.09,21500
SPX41C2606A,20260505,0.57,0.59,0.57,0.59,216000
SPX41C2606B,20260505,1.24,1.25,1.24,1.25,251000
SPX41P2606A,20260505,0.22,0.22,0.21,0.21,3981600
SPX41P2606B,20260505,0.1,0.1,0.1,0.1,6900
STA01C2607A,20260505,0.62,0.68,0.62,0.68,145500
STA01C2609A,20260505,0.45,0.49,0.45,0.48,6369100
STA13C2608A,20260505,0.56,0.62,0.56,0.59,8548800
STA13C2608B,20260505,0.39,0.43,0.39,0.4,9538400
STA19C2612A,20260505,0.7,0.74,0.69,0.7,1195500
STA41C2612T,20260505,0.39,0.4,0.39,0.4,1801800
STECON01C2609A,20260505,0.21,0.26,0.21,0.25,5585300
STECON13C2609A,20260505,0.21,0.26,0.2,0.25,4952700
STGT01C2608A,20260505,0.53,0.58,0.53,0.55,211300
STGT01C2609A,20260505,0.21,0.23,0.21,0.22,3740700
STGT13C2607A,20260505,0.49,0.49,0.49,0.49,10000
STGT13C2607B,20260505,0.12,0.13,0.12,0.12,2455800
STGT19C2609A,20260505,0.29,0.31,0.29,0.3,910900
STGT41C2606T,20260505,0.15,0.16,0.15,0.16,3800100
STGT41C2612T,20260505,0.52,0.55,0.52,0.54,800500
TCAP13C2609A,20260505,0.26,0.29,0.26,0.29,2126500
TENCEN28C2610A,20260505,0.13,0.13,0.13,0.13,100000
TENCEN41C2609A,20260505,0.14,0.15,0.14,0.15,300
TFG13C2606A,20260505,1.85,1.98,1.85,1.98,15700
TFG13C2608B,20260505,0.89,0.89,0.89,0.89,100
TFG13C2609A,20260505,0.61,0.69,0.59,0.64,2428300
TFG41C2609A,20260505,0.58,0.66,0.58,0.62,1400600
TFG41C2701T,20260505,0.69,0.74,0.67,0.67,1541700
TIDLOR01C2609A,20260505,0.43,0.43,0.35,0.35,6637300
TIDLOR01C2610T,20260505,0.15,0.15,0.13,0.13,3872200
TIDLOR01P2608A,20260505,0.75,0.75,0.75,0.75,1000
TIDLOR13C2607A,20260505,0.07,0.07,0.05,0.06,425100
TIDLOR13C2608A,20260505,0.31,0.31,0.23,0.23,11869300
TIDLOR13C2701T,20260505,0.25,0.26,0.23,0.23,1093200
TIDLOR13P2608A,20260505,0.31,0.37,0.31,0.37,2440000
TIDLOR19C2609T,20260505,0.14,0.14,0.1,0.11,2465300
TIDLOR19C2612T,20260505,0.38,0.38,0.32,0.32,4392600
TIDLOR41C2608A,20260505,0.29,0.29,0.22,0.22,4040800
TIDLOR41C2612T,20260505,0.18,0.18,0.16,0.16,200300
TISCO13C2607A,20260505,0.1,0.1,0.09,0.1,5184100
TISCO13C2609A,20260505,0.22,0.23,0.22,0.22,2133600
TISCO41C2606T,20260505,0.33,0.35,0.33,0.35,7400200
TLI01C2609A,20260505,0.19,0.19,0.19,0.19,193600
TLI13C2609A,20260505,0.2,0.2,0.2,0.2,162300
TLI41C2607A,20260505,0.03,0.03,0.03,0.03,220200
TOA01C2702T,20260505,0.23,0.23,0.22,0.22,208100
TOP01C2608A,20260505,0.21,0.23,0.21,0.22,8317000
TOP01C2609A,20260505,0.12,0.13,0.12,0.12,5209300
TOP01C2610A,20260505,0.41,0.44,0.41,0.43,4642100
TOP01C2701T,20260505,0.39,0.39,0.38,0.39,4919000
TOP01P2607A,20260505,0.12,0.12,0.1,0.11,5300400
TOP01P2609A,20260505,0.57,0.59,0.55,0.56,3143200
TOP01P2609B,20260505,0.48,0.5,0.47,0.47,3511700
TOP13C2607A,20260505,0.27,0.27,0.23,0.26,11885800
TOP13C2608A,20260505,0.19,0.19,0.17,0.18,12042100
TOP13C2609A,20260505,0.45,0.45,0.41,0.45,14937900
TOP13P2608A,20260505,0.4,0.4,0.37,0.38,9883300
TOP19C2608A,20260505,0.27,0.29,0.27,0.29,3620200
TOP19C2612T,20260505,0.79,0.83,0.79,0.82,1862900
TOP41C2607A,20260505,0.26,0.26,0.25,0.25,700400
TOP41C2608A,20260505,0.17,0.17,0.17,0.17,1881000
TOP41C2609T,20260505,1.18,1.18,1.16,1.16,500200
TOP41C2611T,20260505,0.62,0.62,0.61,0.61,500200
TRUE01C2607A,20260505,0.32,0.35,0.32,0.34,873400
TRUE01C2608A,20260505,0.17,0.18,0.16,0.17,2572300
TRUE01C2703T,20260505,0.25,0.26,0.24,0.25,1295400
TRUE01P2608A,20260505,0.33,0.33,0.3,0.31,2221100
TRUE13C2607A,20260505,0.25,0.28,0.25,0.27,2415000
TRUE13C2607B,20260505,0.31,0.33,0.31,0.32,2115400
TRUE13C2608A,20260505,0.18,0.19,0.17,0.18,11471700
TRUE13P2608A,20260505,0.29,0.29,0.27,0.28,620200
TRUE19C2607A,20260505,0.35,0.37,0.35,0.37,213800
TRUE19C2608A,20260505,0.17,0.18,0.17,0.18,414800
TRUE41C2607B,20260505,0.26,0.29,0.26,0.28,1513600
TRUE41C2612T,20260505,0.29,0.3,0.29,0.3,279100
TTB01C2605A,20260505,0.02,0.02,0.02,0.02,22800
TTB01C2608A,20260505,0.12,0.12,0.12,0.12,1450500
TTB13C2609A,20260505,0.19,0.19,0.19,0.19,1457900
TU01C2609A,20260505,0.13,0.17,0.13,0.14,23289000
TU13C2607A,20260505,0.05,0.05,0.05,0.05,2000
TU13C2608A,20260505,0.14,0.17,0.14,0.15,13579300
TU13P2608A,20260505,0.18,0.18,0.16,0.17,1407000
TU19C2607A,20260505,0.06,0.06,0.05,0.05,3731000
TU41C2608A,20260505,0.15,0.17,0.14,0.14,1863900
TU41C2609T,20260505,0.16,0.16,0.15,0.16,110100
VGI01C2608A,20260505,0.06,0.07,0.06,0.06,14249000
VGI01C2609A,20260505,0.18,0.18,0.18,0.18,952900
VGI13C2607A,20260505,0.04,0.04,0.03,0.03,1568700
VGI13C2608A,20260505,0.05,0.05,0.03,0.04,101200
VGI13C2608B,20260505,0.11,0.11,0.1,0.1,3979800
VGI19C2607A,20260505,0.08,0.08,0.08,0.08,169900
VGI19C2609A,20260505,0.17,0.17,0.16,0.16,4582300
VGI41C2608A,20260505,0.03,0.03,0.03,0.03,16500
VGI41C2612T,20260505,0.01,0.01,0.01,0.01,100
WHA01C2608A,20260505,0.28,0.29,0.27,0.27,5237500
WHA01C2610T,20260505,0.65,0.66,0.65,0.65,5092400
WHA01P2608A,20260505,0.28,0.28,0.28,0.28,2395100
WHA13C2608A,20260505,0.37,0.37,0.35,0.35,1406700
WHA13C2701T,20260505,0.58,0.58,0.57,0.57,880000
WHA13P2608A,20260505,0.32,0.32,0.31,0.32,1995900
WHA19C2607A,20260505,0.28,0.29,0.27,0.27,2740200
WHA41C2605T,20260505,0.01,0.01,0.01,0.01,100000
WHA41C2608A,20260505,0.35,0.35,0.35,0.35,1740800
WHA41C2612T,20260505,0.37,0.37,0.37,0.37,3201200
WHA41C2701T,20260505,0.54,0.55,0.54,0.54,1201600
WUXI41C2609A,20260505,0.19,0.19,0.19,0.19,200
XIAOMI28C2609A,20260505,0.23,0.23,0.22,0.23,150000
XIAOMI41C2609T,20260505,0.26,0.27,0.26,0.27,400
ZIJIN41C2606A,20260505,0.07,0.07,0.07,0.07,100
ZIJIN41C2610A,20260505,0.39,0.4,0.39,0.4,16500
AAPL01,20260505,25.75,26.75,25.75,26.75,78710
AAPL03,20260505,2.98,3.04,2.94,3.04,60217
AAPL19,20260505,5.9,6.05,5.85,6.05,231775
AAPL80,20260505,8.85,9.1,8.8,9.05,22077654
ABBV19,20260505,6.7,7,6.7,6.9,213778
ABNB06,20260505,4.54,4.54,4.52,4.52,50001
ADBE03,20260505,1.75,1.86,1.72,1.85,157825
ADBE06,20260505,1.97,2.1,1.93,2.08,2610083
ADVANT19,20260505,5.8,5.95,5.8,5.9,64839
ADVANT23,20260505,3.92,4.02,3.9,4,604303
AFRM03,20260505,2.58,2.8,2.52,2.8,35797
AIA06,20260505,3.58,3.58,3.58,3.58,124
AIA19,20260505,3.56,3.6,3.56,3.6,1408
AIA23,20260505,2.74,2.78,2.74,2.78,125692
AMD03,20260505,5.6,5.8,5.55,5.7,68109
AMD23,20260505,4.66,4.8,4.62,4.78,49348
AMD80,20260505,2.24,2.3,2.16,2.3,29709843
AMGN06,20260505,2.76,2.84,2.64,2.68,119817
AMZN01,20260505,26,26.5,24.6,26.25,195347
AMZN03,20260505,4.42,4.5,4.18,4.5,41646
AMZN06,20260505,2.2,2.26,2.06,2.26,101382523
AMZN23,20260505,2.94,3,2.8,2.98,46370
AMZN80,20260505,2.2,2.26,2.08,2.22,16336243
ANET23,20260505,3.14,3.2,3.06,3.18,114475
ANTA13,20260505,2.04,2.04,2.02,2.02,763
ANTA23,20260505,2.08,2.1,2.04,2.08,76193
APLD03,20260505,3.64,3.96,3.64,3.96,1387081
APPL03,20260505,2.4,2.64,2.38,2.64,474794
ASEMI24,20260505,3.14,3.2,3.14,3.2,1102671
ASICS23,20260505,2.72,2.72,2.72,2.72,333
ASML01,20260505,38.25,38.75,37.75,38.5,276103
ASTS03,20260505,2.32,2.42,2.26,2.28,2422148
AVGO23,20260505,3.08,3.14,3.02,3.14,51289
AVGO80,20260505,2.7,2.76,2.64,2.76,3527038
AXP06,20260505,2.56,2.66,2.56,2.62,34602
BABA01,20260505,12.4,12.5,12.2,12.5,30750
BABA06,20260505,5.45,5.55,5.45,5.55,2025
BABA13,20260505,2.34,2.34,2.24,2.24,7710
BABA23,20260505,3.64,3.66,3.62,3.66,306326
BABA80,20260505,5.45,5.5,5.4,5.45,4487868
BAC03,20260505,3.38,3.46,3.38,3.46,19926
BDX06,20260505,1.6,1.61,1.59,1.6,92798
BIDU01,20260505,11.7,11.9,11.7,11.7,95197
BIDU06,20260505,5.25,5.3,5.25,5.3,3380
BIDU23,20260505,2.46,2.5,2.46,2.48,1113561
BIDU80,20260505,5.15,5.25,5.15,5.25,11348915
BILIBILI01,20260505,3.34,3.4,3.34,3.4,108516
BIREN23,20260505,7.85,8.05,7.85,8.05,400437
BKNG03,20260505,2.36,2.38,2.28,2.3,2582
BKNG80,20260505,2.86,2.86,2.72,2.74,138273
BLK06,20260505,3.4,3.48,3.38,3.46,3957
BONDAS19,20260505,6.5,6.5,6.45,6.5,10524
BRKB80,20260505,1.56,1.56,1.54,1.55,1251520
BYDCOM01,20260505,0.95,0.97,0.94,0.97,625613
BYDCOM80,20260505,0.42,0.43,0.41,0.42,18952228
CAMBRI80,20260505,8.15,8.25,8.1,8.25,300900
CATL01,20260505,6.1,6.25,6.1,6.25,3859943
CATL23,20260505,10.7,11,10.7,10.9,233715
CATL80,20260505,26.75,27.75,26.75,27.75,316181
CCJ23,20260505,2.36,2.5,2.36,2.46,113369
CEG23,20260505,2.44,2.66,2.44,2.66,1198858
CHHONGQ19,20260505,13.7,13.9,13.7,13.8,11553
CHMOBILE19,20260505,3.52,3.52,3.5,3.5,21086
CHMOBILE23,20260505,2.76,2.76,2.72,2.72,126
CHNXT5023,20260505,8.3,8.5,8.25,8.45,40819
CMBANK23,20260505,2.16,2.2,2.16,2.18,12236
CME03,20260505,3.1,3.18,3.1,3.18,16153
CN01,20260505,23.9,24,23.9,24,106455
CN23,20260505,6.15,6.15,6.05,6.05,350
CNBIO24,20260505,1.47,1.47,1.46,1.46,944
CNEV24,20260505,2.62,2.66,2.62,2.64,301
CNROBOAI23,20260505,2.6,2.6,2.58,2.6,63260
CNSEMI23,20260505,3.14,3.18,3.12,3.14,173791
CNSTAR5023,20260505,8.05,8.1,7.85,7.9,69374
CNTECH01,20260505,25.75,26.25,25.75,26.25,67239
COSTCO19,20260505,32.5,33.25,32.5,33.25,21185
CRM01,20260505,3.24,3.38,3.16,3.38,108003
CRM06,20260505,2.34,2.44,2.28,2.44,12564
CRM80,20260505,5.85,6.1,5.7,6.05,1656
CRSP03,20260505,3.34,3.56,3.32,3.5,19033
CRWD06,20260505,2.92,3.1,2.82,3.1,176026
CRWD80,20260505,14.7,15.5,14.1,15.5,841711
CRWV03,20260505,3.8,4.2,3.64,4.2,765460
CSCO06,20260505,3.68,3.84,3.62,3.84,431969
CYPC80,20260505,13.1,13.1,13.1,13.1,6831
DASH03,20260505,2.76,2.84,2.76,2.84,1001
DBS19,20260505,15.1,15.1,14.9,15,22528
DDOG19,20260505,4.38,4.88,4.2,4.86,219958
DELL19,20260505,6.7,7.05,6.5,7.05,862105
DISNEY19,20260505,16.5,16.8,16.4,16.7,6983
DUOL06,20260505,2.14,2.22,1.94,1.95,165146
E1VFVN3001,20260505,43.5,44,43.5,43.5,482728
EOSE03,20260505,1.04,1.12,1.04,1.06,11228643
ESTEE80,20260505,0.82,0.89,0.82,0.87,494304
EXPE06,20260505,3.26,3.34,3.24,3.34,2608
FANUC23,20260505,2.6,2.64,2.6,2.64,42384
FCX23,20260505,2.36,2.36,2.3,2.32,197207
FERRARI80,20260505,1.11,1.13,1.11,1.13,23683
FPTVN11,20260505,1.84,1.86,1.82,1.85,400649
FPTVN19,20260505,9.15,9.25,9.1,9.2,405908
FUEVFVND01,20260505,45,45.25,44.75,45,350113
GAC03,20260505,2.36,2.36,2.32,2.36,9131
GANFENG23,20260505,3.6,3.7,3.58,3.7,223632
GASVN11,20260505,3.8,3.9,3.8,3.9,20859
GDS23,20260505,2.54,2.54,2.48,2.48,34257
GEELY06,20260505,3.8,3.82,3.8,3.8,4993
GEELY80,20260505,9.5,9.65,9.45,9.65,120102
GEV23,20260505,3.18,3.26,3.16,3.24,1351338
GIGA23,20260505,6.65,6.65,6.5,6.6,267524
GOLD03,20260505,3.44,3.44,3.4,3.44,144910
GOLD19,20260505,13.7,13.8,13.6,13.6,1167642
GOLDUS03,20260505,3.48,3.5,3.42,3.42,204621
GOLDUS19,20260505,46.25,46.25,45.25,45.5,195390
GOOG23,20260505,3.04,3.14,2.98,3.14,583128
GOOG80,20260505,6.05,6.25,5.9,6.25,24443450
GOOGL01,20260505,36,37.25,35.25,37,204524
GOOGL03,20260505,6.15,6.35,6,6.35,262405
GRAB80,20260505,12.4,12.4,12.1,12.2,52610
GSUS06,20260505,4.22,4.3,4.22,4.26,29756
HAIERS19,20260505,9,9,8.95,9,106149
HANSOH19,20260505,6.1,6.15,6.1,6.15,10168
HERMES80,20260505,6.15,6.25,6.1,6.1,90817
HIMS03,20260505,4.32,4.52,4.2,4.5,407429
HK01,20260505,21.6,21.9,21.6,21.7,4399
HK13,20260505,5.7,5.7,5.55,5.55,106
HKCE01,20260505,24.8,25,24.7,25,26495
HKEX23,20260505,2.24,2.24,2.24,2.24,3279
HKTECH13,20260505,4.1,4.1,4.08,4.1,39053
HONDA19,20260505,2.6,2.6,2.58,2.6,6885
HOOD03,20260505,2.34,2.38,2.34,2.38,51
HOOD06,20260505,2.32,2.58,2.32,2.56,1055582
HOOD80,20260505,2.34,2.56,2.32,2.56,235492
HORIZON23,20260505,1.86,1.86,1.83,1.84,158173
HPG19,20260505,3.44,3.44,3.38,3.38,7352
HSHD23,20260505,6.9,6.95,6.8,6.85,69927
HUAHONG23,20260505,7.1,7.2,7.1,7.2,2507971
IBM06,20260505,2.96,3.02,2.94,3.02,132569
ICBC06,20260505,2.9,2.9,2.86,2.88,38550
ICBC19,20260505,2.9,2.9,2.86,2.88,11322
IFLYTEK80,20260505,2.3,2.3,2.3,2.3,4800
INDIA01,20260505,13.2,13.3,13.1,13.3,97762
INDIAESG19,20260505,4.04,4.06,4,4.06,60175
INTEL03,20260505,6.45,6.6,6.05,6.6,5613653
IONQ03,20260505,2.72,3.06,2.72,3.06,1510039
ISRG01,20260505,3.3,3.34,3.26,3.34,144419
ISRG06,20260505,2.94,3.02,2.94,3.02,146048
ISRG19,20260505,3.7,3.74,3.68,3.74,6444
ITOCHU19,20260505,6.75,6.85,6.75,6.85,8331
JAP03,20260505,3.44,3.48,3.44,3.48,310
JAPAN10001,20260505,27,28,27,28,22467
JAPAN13,20260505,5.15,5.25,5.1,5.25,16905
JD80,20260505,4.82,4.86,4.8,4.86,93680
JDHEAL19,20260505,3.78,3.84,3.78,3.84,13172
JEPI19,20260505,6.25,6.3,6.2,6.25,2611932
JGRO19,20260505,10.1,10.3,10.1,10.3,23257
JNJ03,20260505,3.74,3.76,3.68,3.7,74715
JPMUS06,20260505,3.32,3.42,3.32,3.38,403630
JPMUS19,20260505,20.1,20.3,20.1,20.3,1171
JTEK19,20260505,10.1,10.6,10.1,10.6,30799
KEYENCE23,20260505,2.8,2.94,2.8,2.94,464507
KINGSOFT23,20260505,1.57,1.61,1.57,1.61,44202
KIOXIA23,20260505,4.82,5,4.74,5,1144466
KO80,20260505,2.6,2.6,2.56,2.58,133698
KUAISH01,20260505,2.28,2.3,2.28,2.3,3000
KUAISH06,20260505,1.83,1.83,1.82,1.83,25010
KUAISH23,20260505,1.31,1.33,1.3,1.33,1141776
KUAISH80,20260505,1.83,1.86,1.83,1.86,11065158
LENOVO13,20260505,2.5,2.5,2.42,2.5,149805
LLY80,20260505,1.48,1.58,1.46,1.57,36500937
LOREAL80,20260505,1.4,1.4,1.35,1.39,33557
LPGOLD13,20260505,2.44,2.46,2.4,2.46,38957
LRCX23,20260505,3.12,3.34,3.12,3.34,294847
LULU06,20260505,2.26,2.28,2.1,2.14,127464
LVMH01,20260505,10.6,10.9,10.5,10.7,143415
MA80,20260505,1.74,1.74,1.63,1.68,1240430
MEITUAN19,20260505,1.16,1.17,1.16,1.17,3874
MEITUAN23,20260505,2.2,2.2,2.2,2.2,300
MEITUAN80,20260505,3.46,3.5,3.44,3.5,196513
MELI06,20260505,2.32,2.4,2.3,2.36,471392
META01,20260505,5.85,5.95,5.8,5.9,238178
META06,20260505,2.48,2.52,2.46,2.52,2297815
META23,20260505,2.38,2.42,2.34,2.4,63407
META80,20260505,2.48,2.54,2.44,2.52,16588202
MICRON01,20260505,10.7,12.3,10.2,12.3,17365482
MICRON03,20260505,5.7,6.55,5.5,6.55,86258
MICRON19,20260505,11.4,13.1,10.9,13.1,1082377
MICRON23,20260505,3.42,3.94,3.28,3.92,1927303
MICRON80,20260505,17.1,19.6,16.4,19.6,1006654
MITSU19,20260505,9.4,9.45,9.4,9.45,14443
MNSO80,20260505,11.9,12,11.8,11.9,2906
MNST06,20260505,3.58,3.62,3.48,3.56,12360
MRVL06,20260505,5.3,5.45,5.15,5.45,133774
MRVL23,20260505,4.38,4.52,4.26,4.52,355628
MRVL80,20260505,5.25,5.45,5.1,5.45,960127
MS06,20260505,4.1,4.14,4.06,4.06,21566
MSFT01,20260505,4,4.04,3.82,4.02,2875648
MSFT03,20260505,2.7,2.74,2.6,2.74,9782
MSFT06,20260505,3.4,3.42,3.26,3.42,3308511
MSFT19,20260505,4.54,4.58,4.34,4.56,155424
MSFT23,20260505,2.56,2.56,2.4,2.54,422747
MSFT80,20260505,6.8,6.9,6.45,6.8,8134911
MSN11,20260505,3.86,3.88,3.84,3.84,23038
MSN19,20260505,3.18,3.18,3.16,3.16,1350
MUFG19,20260505,5.75,5.75,5.7,5.75,2411
MUFG23,20260505,2.32,2.38,2.3,2.38,7145
MWG11,20260505,4.24,4.24,4.2,4.2,201400
MWG19,20260505,10.9,10.9,10.3,10.7,6649822
NAURA23,20260505,2.92,2.96,2.92,2.96,116300
NAURA80,20260505,26,26.5,25.75,26.5,79513
NBIS03,20260505,4.72,5.9,4.42,5.85,3535777
NDAQ06,20260505,2.98,3,2.94,3,128828
NDX01,20260505,23.5,23.7,23.5,23.7,89739
NEM06,20260505,3.58,3.62,3.56,3.58,76440
NEM23,20260505,2.26,2.26,2.22,2.24,124531
NET03,20260505,3.28,3.74,3.28,3.74,147957
NETEASE80,20260505,7.5,7.55,7.5,7.5,27765
NFLX06,20260505,2.98,3.04,2.98,3,1005808
NFLX80,20260505,2.98,3.06,2.96,3,4146813
NIKE80,20260505,0.73,0.73,0.7,0.72,1446207
NIKKEI80,20260505,12.8,12.9,12.8,12.9,9302
NINTENDO19,20260505,15.6,15.6,15.4,15.6,32300
NINTENDO23,20260505,1.41,1.43,1.4,1.42,24352
NONGFU80,20260505,1.91,1.96,1.89,1.9,194727
NOVOB80,20260505,1.33,1.47,1.33,1.46,13190744
NOW19,20260505,2.9,3.08,2.8,3.08,530154
NVDA01,20260505,20.1,20.2,19,19.2,1021018
NVDA03,20260505,4.58,4.6,4.32,4.36,237520
NVDA06,20260505,4.58,4.58,4.3,4.36,22232562
NVDA19,20260505,27.25,27.5,25.75,26,258506
NVDA23,20260505,3.3,3.3,3.1,3.12,2047663
NVDA80,20260505,34.5,34.5,32.25,32.5,4138363
NVTS03,20260505,5.05,5.35,4.92,5.35,1595342
OIL03,20260505,4.06,4.06,3.96,4.02,2267869
ONON03,20260505,2.32,2.34,2.26,2.3,17070
ORCL01,20260505,3.32,3.8,3.28,3.8,754111
ORCL06,20260505,2.14,2.46,2.1,2.44,12942004
ORCL19,20260505,5.35,6.1,5.25,6.05,1528857
PANW80,20260505,5.9,6.1,5.65,6.1,461547
PEP80,20260505,1.02,1.03,1.01,1.01,263124
PETROCN80,20260505,4.9,4.9,4.86,4.86,19553
PFIZER19,20260505,17.2,17.5,17.2,17.4,70107
PINGAN01,20260505,6,6,5.95,6,13800
PINGAN80,20260505,2.66,2.66,2.62,2.66,850102
PLTR01,20260505,4.1,4.28,4.06,4.22,701706
PLTR03,20260505,3.04,3.14,3,3.1,93274
PLTR06,20260505,3.04,3.14,2.98,3.06,1288416
PLTR23,20260505,2.4,2.48,2.36,2.44,396498
POPMART23,20260505,1.56,1.6,1.56,1.6,1934
POPMART80,20260505,6.6,6.65,6.5,6.6,43120
PYPL06,20260505,3.28,3.32,3.26,3.3,14887
QCOM06,20260505,2.82,3.06,2.64,2.74,3008050
QQQM19,20260505,17.8,18.3,17.6,18.3,183701
RBLX06,20260505,1.53,1.54,1.29,1.29,2036791
REMX03,20260505,3.28,3.44,3.28,3.42,119456
RGTI03,20260505,2.62,2.96,2.62,2.94,1271289
RKLB03,20260505,5.1,5.45,5.1,5.35,2127864
SANOFI80,20260505,3.02,3.06,2.98,3.02,460580
SANRIO23,20260505,1.38,1.39,1.38,1.39,12759
SANRIO80,20260505,9.5,9.5,9.5,9.5,5
SBUX80,20260505,1.71,1.73,1.69,1.72,86473
SEAGATE23,20260505,4.46,5.15,4.36,5.15,1641183
SEMB19,20260505,5.7,5.9,5.7,5.9,504
SENSE23,20260505,2.1,2.1,2.1,2.1,600
SGX19,20260505,5.4,5.45,5.4,5.4,614
SHOP03,20260505,2.62,2.86,2.6,2.86,18797
SHOP06,20260505,1.96,2.14,1.94,2.12,27093
SIA19,20260505,16,16.1,15.9,16,3685934
SIL03,20260505,2.92,2.94,2.88,2.9,313822
SINGTEL80,20260505,11.9,12,11.9,12,39662
SINOBIO19,20260505,4.54,4.56,4.54,4.56,3501
SMCI03,20260505,1.73,1.86,1.73,1.85,461445
SMFG19,20260505,11.2,11.4,11.2,11.4,2730
SMIC01,20260505,4.18,4.24,4.18,4.22,583656
SMIC03,20260505,2.98,2.98,2.96,2.98,56508
SMIC13,20260505,2.02,2.02,2,2,15888
SMIC23,20260505,3.46,3.5,3.44,3.48,3484016
SNDK03,20260505,9.05,10.5,8.8,10.5,1441279
SNDK23,20260505,4.48,5.25,4.42,5.25,2365888
SNOW06,20260505,2.28,2.38,2.16,2.38,653558
SNOW23,20260505,2.1,2.18,1.97,2.18,24598
SOFTBANK23,20260505,2.1,2.16,2.1,2.12,398694
SONY80,20260505,3.24,3.28,3.24,3.28,7297
SP50001,20260505,23.7,24,23.7,24,46642
SP500US19,20260505,13.7,14,13.7,13.9,88240
SP500US80,20260505,2.74,2.78,2.72,2.78,537410
SPBOND80,20260505,8.35,8.4,8.25,8.35,87961
SPCOM80,20260505,3.72,3.78,3.72,3.78,2000
SPENGY80,20260505,3.82,3.92,3.82,3.88,76085
SPFIN80,20260505,16.7,17,16.7,17,854
SPHLTH80,20260505,4.68,4.76,4.68,4.74,26800
SPOT06,20260505,1.81,1.82,1.77,1.79,125163
SPTECH80,20260505,10.4,10.8,10.2,10.8,14382
STAR5001,20260505,46,46.75,46,46.25,43736
STEG19,20260505,27.25,27.75,27.25,27.75,20420
SUNNY19,20260505,2.68,2.82,2.68,2.8,302387
SUNNY80,20260505,2.76,2.76,2.7,2.74,10634
SUSHI23,20260505,2.84,2.86,2.84,2.86,104037
SYNP03,20260505,3.12,3.28,3.08,3.28,277160
TAIWAN19,20260505,39.25,40,39.25,39.25,90228
TAIWANAI13,20260505,17.6,18,17.6,17.8,45555
TAIWANHD13,20260505,26.25,27,26.25,27,4832
TEL23,20260505,3.62,3.68,3.6,3.68,279425
TEL80,20260505,9.75,9.9,9.75,9.9,143101
TENCENT01,20260505,4.46,4.5,4.46,4.5,92236
TENCENT06,20260505,1.96,1.99,1.96,1.99,76864
TENCENT13,20260505,4.02,4.04,4,4,1974
TENCENT19,20260505,9.85,9.85,9.8,9.8,1239
TENCENT23,20260505,2.2,2.22,2.2,2.22,14391
TENCENT80,20260505,19.6,19.9,19.6,19.7,310719
THAIBEV19,20260505,10.8,10.9,10.8,10.9,27938
TME23,20260505,0.93,0.96,0.92,0.95,46905
TOYOTA80,20260505,6.2,6.3,6.2,6.3,4806
TRIPCOM23,20260505,1.71,1.71,1.69,1.71,28401
TRIPCOM80,20260505,1.71,1.74,1.69,1.72,6099547
TRVUS06,20260505,3.94,3.96,3.92,3.96,12229
TSLA01,20260505,36,38,35.5,38,237826
TSLA03,20260505,4.06,4.3,4.02,4.28,91458
TSLA23,20260505,2.34,2.48,2.32,2.48,48771
TSLA80,20260505,2.44,2.6,2.4,2.56,19965877
UBER06,20260505,2.4,2.44,2.38,2.44,221681
UBTECH23,20260505,1.74,1.77,1.73,1.77,548115
UNH19,20260505,5.95,6.1,5.9,6.05,259671
UNIQLO80,20260505,15.1,15.1,14.9,14.9,4098
UOB19,20260505,9.25,9.3,9.2,9.25,6215
USTR24,20260505,1.19,1.19,1.16,1.18,11915
VCB11,20260505,3,3,2.98,3,1311
VCB19,20260505,7.45,7.5,7.45,7.5,15062
VENTURE19,20260505,4.16,4.24,4.14,4.22,60054
VHM19,20260505,18.1,18.8,18.1,18.8,25411
VISA06,20260505,1.35,1.36,1.33,1.35,574834
VISA80,20260505,1.36,1.36,1.33,1.35,2129351
VNFIN24,20260505,1.86,1.86,1.84,1.84,15915
VNM19,20260505,7.6,7.6,7.55,7.6,329711
VRT23,20260505,2.98,3.24,2.98,3.24,2295006
VT03,20260505,3.26,3.34,3.26,3.32,257051
WMT06,20260505,4.16,4.3,4.16,4.28,13067
WORLD03,20260505,4.16,4.22,4.16,4.22,7116
WORLDA01,20260505,4.82,4.88,4.82,4.88,84410
WUXI06,20260505,3.48,3.56,3.48,3.52,15762
WUXI13,20260505,2.14,2.14,2.14,2.14,101
WUXIAT80,20260505,5.6,5.75,5.6,5.75,114191
XIAOMI01,20260505,2.84,2.9,2.84,2.86,153365
XIAOMI13,20260505,2.7,2.7,2.68,2.68,8409
XIAOMI19,20260505,6.35,6.4,6.25,6.35,24889
XIAOMI23,20260505,1.51,1.56,1.51,1.56,151400
XIAOMI80,20260505,12.5,12.8,12.5,12.8,1706472
XPENG03,20260505,2.58,2.64,2.56,2.64,102508
ZAI23,20260505,9.55,9.7,9.5,9.55,656431
ZIJIN13,20260505,2.58,2.58,2.54,2.56,674
ZIJIN23,20260505,2.24,2.34,2.24,2.34,28293
ZIJIN80,20260505,14.7,14.8,14.5,14.7,91340
ZJINNO80,20260505,4.08,4.08,3.88,3.94,2221134
A5-W5-O,20260505,0.01,0.04,0.01,0.04,48
ACC-W2-O,20260505,0.08,0.12,0.08,0.12,100
ASW-W3-O,20260505,0.62,0.63,0.43,0.6,67
BE8-W1-O,20260505,0.01,0.01,0.01,0.01,46
BWG-W7-O,20260505,0.04,0.05,0.04,0.04,265
CHAYO-W4-O,20260505,0.2,0.2,0.2,0.2,74
DEMCO-W8-O,20260505,0.01,0.13,0.01,0.13,75
EA-W1-O,20260505,0.55,0.55,0.49,0.49,486
EMPIRE-W2-O,20260505,0.06,0.06,0.06,0.06,3
GLORY-W1-O,20260505,0.35,0.35,0.34,0.34,6
ITEL-W6-O,20260505,0.14,0.14,0.14,0.14,200
JAS-W4-O,20260505,0.2,0.24,0.2,0.22,566
KGEN-W2-O,20260505,0.13,0.13,0.13,0.13,50
MGI-W1-O,20260505,0.25,0.25,0.22,0.24,22
NOBLE-W3-O,20260505,0.11,0.12,0.1,0.11,200
ORI-W2-O,20260505,0.26,0.27,0.26,0.26,319
PROEN-W2-O,20260505,0.01,0.12,0.01,0.12,125
SAAM-W3-O,20260505,0.15,0.15,0.15,0.15,10
SAAM-W4-O,20260505,0.13,0.13,0.12,0.13,59
SAMTEL-W2-O,20260505,0.4,0.4,0.4,0.4,30
SGC-W2-O,20260505,0.24,0.24,0.24,0.24,40
SKE-W1-O,20260505,0.01,0.01,0.01,0.01,49
TFG-W4-O,20260505,6.05,6.2,6.05,6.2,532
TGE-W2-O,20260505,0.02,0.02,0.02,0.02,5
TL-W2-O,20260505,0.05,0.05,0.05,0.05,49
TNITY-W2-O,20260505,0.16,0.16,0.15,0.15,17
TRUBB-W3-O,20260505,0.65,0.65,0.63,0.63,14
VIBHA-W5-O,20260505,0.04,0.05,0.04,0.05,397
VIH-W1-O,20260505,0.11,0.11,0.11,0.11,1
ZIGA-W2-O,20260505,0.04,0.05,0.04,0.04,231
A5-W5,20260505,0.05,0.06,0.05,0.05,4437600
ACC-W2,20260505,0.06,0.14,0.06,0.09,60373100
ASW-W3,20260505,0.61,0.7,0.61,0.7,6300
B-W8,20260505,0.01,0.01,0.01,0.01,300
BC-W4,20260505,0.06,0.06,0.05,0.06,1399000
BE8-W1,20260505,0.03,0.04,0.01,0.01,5022700
BR-W1,20260505,0.01,0.01,0.01,0.01,200
BTS-W8,20260505,0.01,0.01,0.01,0.01,151000
BWG-W7,20260505,0.05,0.06,0.04,0.06,8848800
CAZ-W1,20260505,0.67,0.68,0.63,0.63,7300
CHASE-W1,20260505,0.16,0.16,0.15,0.15,357200
CHAYO-W4,20260505,0.23,0.24,0.22,0.22,1139800
CIG-W10,20260505,0.26,0.26,0.26,0.26,1000
CIG-W9,20260505,0.01,0.01,0.01,0.01,100
COMAN-W1,20260505,0.09,0.09,0.08,0.09,44000
DCON-W4,20260505,0.01,0.02,0.01,0.02,4271700
DEMCO-W8,20260505,0.2,0.21,0.19,0.19,1291300
EA-W1,20260505,0.55,0.56,0.54,0.55,3457200
EMPIRE-W1,20260505,0.06,0.06,0.05,0.06,380800
EMPIRE-W2,20260505,0.1,0.11,0.09,0.11,4200
GLORY-W1,20260505,0.35,0.37,0.3,0.31,2042500
HYDRO-W2,20260505,0.08,0.09,0.08,0.09,199700
IMH-W1,20260505,0.02,0.02,0.01,0.01,401000
IROYAL-W1,20260505,1.09,1.11,1.09,1.11,300
IROYAL-W2,20260505,0.87,0.9,0.78,0.83,158400
ITEL-W5,20260505,0.01,0.01,0.01,0.01,171200
ITEL-W6,20260505,0.15,0.16,0.14,0.16,430200
J-W4,20260505,0.03,0.03,0.03,0.03,101000
JAS-W4,20260505,0.25,0.26,0.22,0.24,21320000
K-W3,20260505,0.02,0.02,0.01,0.02,11600
KASET-W1,20260505,0.19,0.21,0.18,0.18,5413200
KGEN-W2,20260505,0.16,0.16,0.13,0.13,16125000
KUN-W3,20260505,0.04,0.05,0.04,0.05,112400
MADAME-W6,20260505,0.09,0.09,0.08,0.08,54000
MGI-W1,20260505,0.25,0.27,0.21,0.23,3368700
NOBLE-W3,20260505,0.12,0.12,0.11,0.12,678400
NRF-W2,20260505,0.06,0.07,0.05,0.07,1396100
ORI-W2,20260505,0.27,0.27,0.26,0.27,879200
PLANET-W2,20260505,0.41,0.44,0.34,0.35,2130500
PLANET-W3,20260505,0.44,0.52,0.36,0.4,2213500
PPPM-W6,20260505,0.1,0.11,0.08,0.11,95700
PRG-W4,20260505,3.5,3.5,3.5,3.5,700
PRG-W5,20260505,3.02,3.02,3.02,3.02,700
PROEN-W2,20260505,0.13,0.14,0.13,0.13,713800
PROUD-W3,20260505,0.14,0.15,0.14,0.15,369000
PSTC-W3,20260505,0.04,0.04,0.04,0.04,205500
PTECH-W1,20260505,0.16,0.16,0.16,0.16,100
QDC-W3,20260505,0.09,0.09,0.08,0.09,130900
ROCTEC-W5,20260505,0.01,0.01,0.01,0.01,3000
SAAM-W3,20260505,0.16,0.17,0.15,0.15,1134900
SAAM-W4,20260505,0.13,0.15,0.12,0.13,1722500
SAMTEL-W2,20260505,0.44,0.46,0.29,0.3,1004700
SGC-W2,20260505,0.24,0.24,0.22,0.22,217900
STELLA-W6,20260505,0.02,0.03,0.02,0.02,225200
TAKUNI-W2,20260505,0.28,0.28,0.23,0.25,46400
TCC-W5,20260505,0.19,0.19,0.17,0.17,632100
TEAMG-W1,20260505,0.02,0.03,0.01,0.02,2883700
TFG-W4,20260505,6.05,6.35,6.05,6.2,2837200
TGE-W2,20260505,0.04,0.05,0.04,0.05,2262000
TL-W2,20260505,0.06,0.07,0.06,0.06,799000
TNITY-W2,20260505,0.16,0.16,0.15,0.16,17200
TRUBB-W3,20260505,0.64,0.66,0.62,0.63,535200
TVDH-W5,20260505,0.01,0.02,0.01,0.01,392300
UREKA-W3,20260505,0.19,0.19,0.17,0.17,206800
VGI-W3,20260505,0.01,0.02,0.01,0.01,3225700
VIBHA-W5,20260505,0.05,0.06,0.05,0.05,464400
VIH-W1,20260505,0.49,0.49,0.44,0.44,12400
XBIO-W6,20260505,0.03,0.03,0.03,0.03,1000
XBIO-W7,20260505,0.01,0.02,0.01,0.01,1425900
XBIO-W8,20260505,0.12,0.12,0.12,0.12,2279400
ZIGA-W2,20260505,0.05,0.05,0.04,0.05,661100
!AGRO,20260505,313.13,313.44,310.39,311.15,17887390000
!CONSUMP,20260505,44.49,44.64,44.16,44.48,2048320000
!FINCIAL,20260505,153.09,154.14,151.64,152.57,75640690000
!INDUS,20260505,68.48,69.4,67.73,68.24,16492480000
!PROPCON,20260505,75.46,75.46,74.77,75.11,67617330000
!RESOURC,20260505,167.28,169.35,166.93,169.34,164019280000
!SERVICE,20260505,273.42,273.88,271.34,272.8,69777390000
!TECH,20260505,648.76,651.65,629.61,636.33,63997760000
$AGRI,20260505,213.12,213.54,211.28,212.02,4778710000
$AUTO,20260505,299.03,300,298.29,299.56,1197640000
$BANK,20260505,489.57,493.77,485.46,488.96,53359590000
$COMM,20260505,19416.4,19447.5,19181.8,19289.2,15912500000
$CONMAT,20260505,5848.53,5849.27,5713.38,5739.61,21755320000
$CONS,20260505,37.05,38.47,36.78,38.34,15993970000
$ENERG,20260505,19079.8,19316.6,19040.4,19315.3,164019280000
$ETRON,20260505,35728.1,35957.6,34180.6,34642.4,29548540000
$FASHION,20260505,490.98,492.56,479.39,483.68,630910000
$FIN,20260505,1936.18,1937.25,1894.5,1902.42,20606930000
$FOOD,20260505,8654.73,8671.88,8574.94,8598.78,13108680000
$HELTH,20260505,4220.76,4253.71,4210.18,4237.35,12508700000
$HOME,20260505,15.66,15.8,15.65,15.79,818280000
$ICT,20260505,217.66,220.11,215.72,219.1,34449220000
$IMM,20260505,18.63,18.68,18.52,18.58,1322450000
$INSUR,20260505,8780.5,8804.18,8704.33,8764.36,1674170000
$MEDIA,20260505,15.25,15.3,15.01,15.1,9812910000
$PAPER,20260505,2067.65,2095.78,2067.65,2067.65,42700000
$PERSON,20260505,75.54,76.68,75.4,76.1,599130000
$PETRO,20260505,715.38,728.01,699.48,707.3,6787870000
$PF&REIT,20260505,137.43,137.72,136.91,137.72,1685090000
$PKG,20260505,2667.68,2715.58,2666.2,2696.63,4022520000
$PROF,20260505,132.46,133.45,131.08,132.07,10679710000
$PROP,20260505,162.37,162.4,160.78,161.77,28182950000
$STEEL,20260505,18.98,19.15,18.88,18.95,3119300000
$TOURISM,20260505,387.14,387.21,380.3,381.58,5978020000
$TRANS,20260505,205.98,206.75,204.27,206.18,14885550000
MAI,20260505,213.93,216.97,213.23,214.46,799361919
SET,20260505,1498.27,1503.9,1482.17,1490.1,10071990726
SET100,20260505,2090.11,2099.75,2075.14,2085.38,3093555900
SET50,20260505,974.62,978.91,967.13,971.91,1795309200
SETHD,20260505,1310.34,1321.38,1305.28,1312.72,1046344800
ADVANC-F,20260505,339,339,339,339,39200
CPALL-F,20260505,43,43.25,43,43.25,122600
CPF-F,20260505,19.1,19.1,19.1,19.1,300
DIF-F,20260505,10.2,10.2,10.2,10.2,1000
KTB-F,20260505,32.5,32.5,32.25,32.25,701500
KTC-F,20260505,29.5,29.5,29.5,29.5,41500
PTT-F,20260505,36.25,36.25,36.25,36.25,2800
PTTEP-F,20260505,155.5,155.5,155.5,155.5,800
SCB-F,20260505,132,132,132,132,800
TISCO-F,20260505,110.5,110.5,110.5,110.5,500
TOP-F,20260505,47.5,47.75,47.5,47.5,2400
TTB-F,20260505,2.28,2.28,2.28,2.28,300000
!AGRO-M,20260505,59.24,59.57,58.76,58.91,1186640000
!CONSUMP-M,20260505,11.61,11.67,11.49,11.49,943430000
!FINCIAL-M,20260505,29.49,29.96,29.49,29.64,1149580000
!INDUS-M,20260505,39.99,40.3,39.94,40.3,6787960000
!PROPCON-M,20260505,15.39,15.56,15.27,15.43,1623670000
!RESOURC-M,20260505,14.98,15.33,14.75,15.07,1595910000
!SERVICE-M,20260505,42.26,43.6,41.67,42.48,58966590000
!TECH-M,20260505,19.54,19.63,19.4,19.49,2655890000
ADVANC13C2610A,20260505,0.46,0.46,0.42,0.45,24604800
AOT13C2609A,20260505,0.32,0.33,0.31,0.33,3603100
BCP01C2610A,20260505,0.29,0.31,0.29,0.31,2862000
BCPG01C2705T,20260505,0.26,0.27,0.26,0.27,3776900
CCET19C2609A,20260505,0.28,0.29,0.22,0.28,18439400
COM719C2609A,20260505,0.41,0.46,0.4,0.45,11234600
DELTA01C2609A,20260505,0.84,0.84,0.72,0.74,6764800
DELTA01P2609A,20260505,0.81,0.87,0.8,0.86,8677300
DELTA19C2609A,20260505,0.55,0.56,0.46,0.48,10030000
ERW01C2610A,20260505,0.2,0.2,0.19,0.2,747200
GUNKUL01C2610A,20260505,0.29,0.44,0.29,0.44,8922400
HANA01C2610A,20260505,0.37,0.46,0.37,0.42,10035100
HANA13C2609A,20260505,0.39,0.49,0.39,0.45,56091400
HANA13C2609B,20260505,0.2,0.26,0.2,0.24,27746100
HANA13P2609A,20260505,0.43,0.43,0.36,0.38,9993200
HANA19C2609B,20260505,0.35,0.44,0.35,0.4,9644200
HANA19P2609A,20260505,0.33,0.33,0.29,0.3,12769200
IRPC01C2610A,20260505,0.31,0.36,0.31,0.33,6942200
JMART01C2610A,20260505,0.33,0.35,0.31,0.32,3315200
JMT01C2610A,20260505,0.2,0.21,0.17,0.17,5558300
JMT13C2610A,20260505,0.23,0.25,0.2,0.2,8709800
KCE13C2609B,20260505,0.33,0.36,0.31,0.32,47657500
KCE13P2609A,20260505,0.3,0.31,0.28,0.3,5808700
KCE19C2609B,20260505,0.37,0.4,0.34,0.36,10523000
KCE19P2609A,20260505,0.27,0.28,0.25,0.27,5732900
MINT13C2609A,20260505,0.39,0.39,0.37,0.38,917500
MTC01C2610A,20260505,0.22,0.22,0.2,0.2,9515400
PTT01C2705T,20260505,0.22,0.22,0.21,0.22,2400
PTTEP01P2610A,20260505,0.73,0.75,0.71,0.73,1963000
PTTEP13P2609A,20260505,0.55,0.56,0.52,0.52,4699800
PTTGC01P2610A,20260505,0.38,0.41,0.37,0.41,5424200
SCC13P2609A,20260505,0.34,0.39,0.34,0.39,7655200
SCGP01C2610A,20260505,0.21,0.21,0.2,0.2,4064000
SCGP01P2610A,20260505,0.39,0.4,0.39,0.39,2395600
SCGP13C2609A,20260505,0.19,0.2,0.19,0.19,6242500
SCGP13C2609B,20260505,0.58,0.6,0.57,0.58,7152400
SCGP13P2609A,20260505,0.32,0.33,0.31,0.32,2744200
SCGP19C2610A,20260505,0.27,0.28,0.27,0.28,15650400
SET01C2608A,20260505,0.9,0.92,0.8,0.82,2543900
SET01P2608A,20260505,0.8,0.86,0.8,0.86,2872100
SET100FF,20260505,1989.53,1999.16,1975.15,1983.75,309355590000
SET5013C2606M,20260505,0.6,0.63,0.49,0.53,262289100
SET50FF,20260505,929.8,934.07,922.41,926.55,179530920000
SETCLMV,20260505,693.87,695.95,691.41,695.7,168498270000
SETESG,20260505,869.61,873.23,864.44,868.89,235284220000
SETWB,20260505,573.5,573.94,568.28,571.53,39365420000
SPTX-W8,20260505,0.01,0.01,0.01,0.01,6117000
SPTX-W8-O,20260505,0.01,0.01,0.01,0.01,513
SSET,20260505,581.4,581.66,578.05,579.95,26808120000
TFG13C2610A,20260505,0.26,0.3,0.26,0.28,13114900
TFG19C2610A,20260505,0.24,0.27,0.24,0.25,4627500
VGI13C2609A,20260505,0.22,0.22,0.21,0.21,999200
