<TICKER>,<DTYYYYMMDD>,<OPEN>,<HIGH>,<LOW>,<CLOSE>,<VOL>
1DIV-O,20260109,11.52,11.52,11.5,11.5,107
2I01BSET50-O,20260109,4.62,4.62,4.62,4.62,1
BMSCITH-O,20260109,9.82,9.82,9.8,9.8,10
CHINA-O,20260109,6.98,6.98,6.94,6.94,177
GLD-O,20260109,5.56,5.65,5.54,5.55,476
TDEX-O,20260109,8.33,8.33,8.29,8.29,377
1DIV,20260109,11.43,11.54,11.43,11.47,4100
2I01BSET50,20260109,4.64,4.67,4.6,4.67,57400
2X01BSET50,20260109,5.06,5.09,5.02,5.03,200700
ABFTH,20260109,1380,1380,1380,1380,250
BMSCITH,20260109,9.82,9.82,9.74,9.75,18100
BSET100,20260109,9.1,9.1,9.02,9.03,14200
CHINA,20260109,6.96,6.97,6.91,6.95,55100
GLD,20260109,5.55,5.57,5.53,5.55,2164900
TDEX,20260109,8.27,8.32,8.26,8.28,81500
UBOT,20260109,14.19,14.19,14.19,14.19,100
2S,20260109,2.5,2.5,2.46,2.46,9700
3BBIF,20260109,6.5,6.55,6.45,6.45,4385900
88TH,20260109,4.46,4.46,4.16,4.22,3916000
A,20260109,4.88,4.88,4.88,4.88,20000
A5,20260109,1.84,1.84,1.8,1.84,7900
AAI,20260109,4.18,4.22,4.16,4.2,2949600
AAV,20260109,1.17,1.2,1.16,1.18,48783200
ABM,20260109,0.64,0.64,0.61,0.64,700
ACC,20260109,0.45,0.46,0.44,0.44,5780600
ACE,20260109,1.29,1.3,1.28,1.29,5221400
ACG,20260109,0.56,0.58,0.56,0.58,12400
ADB,20260109,0.59,0.6,0.59,0.6,5000
ADD,20260109,3.26,3.26,3.22,3.22,1300
ADVANC,20260109,321,323,319,320,2676400
ADVICE,20260109,5.75,5.85,5.7,5.7,611800
AE,20260109,0.09,0.1,0.09,0.09,814200
AEONTS,20260109,99.25,99.5,97.25,98.5,656100
AF,20260109,0.3,0.31,0.3,0.31,9100
AFC,20260109,3.58,3.6,3.56,3.56,1000
AGE,20260109,1.24,1.25,1.23,1.25,403100
AH,20260109,12.8,13.1,12.8,13,79200
AHC,20260109,13.3,13.5,13.3,13.3,3000
AI,20260109,3,3.02,2.98,3.02,94800
AIE,20260109,1.01,1.03,1.01,1.02,269700
AIMCG,20260109,1.7,1.72,1.7,1.71,169600
AIMIRT,20260109,10.9,10.9,10.8,10.9,533300
AIT,20260109,5,5,4.94,4.94,554100
AJ,20260109,1.98,2.04,1.96,1.97,1450900
AJA,20260109,0.18,0.18,0.17,0.17,1320400
AKP,20260109,0.6,0.6,0.59,0.6,119500
AKR,20260109,0.87,0.87,0.86,0.87,393200
AKS,20260109,0.02,0.03,0.01,0.02,3788000
ALLA,20260109,1.17,1.18,1.17,1.17,40000
ALLY,20260109,4.46,4.48,4.44,4.46,262800
ALPHAX,20260109,0.5,0.5,0.48,0.49,11368000
ALT,20260109,1.05,1.05,1.03,1.04,390200
ALUCON,20260109,196,196,196,196,200
AMA,20260109,4.1,4.14,4.1,4.14,121500
AMANAH,20260109,0.76,0.77,0.75,0.76,255000
AMARC,20260109,2.52,2.52,2.4,2.4,704200
AMARIN,20260109,1.91,2.38,1.91,2.38,3300
AMATA,20260109,15.4,15.8,15.3,15.7,12234500
AMATAR,20260109,6.7,6.8,6.7,6.7,19000
AMATAV,20260109,1.81,1.81,1.79,1.79,22300
AMC,20260109,1.97,2,1.97,2,200
AMR,20260109,0.4,0.41,0.4,0.41,286400
ANAN,20260109,0.43,0.44,0.41,0.41,1637400
ANI,20260109,2.82,2.82,2.74,2.74,52300
AOT,20260109,51.25,52.5,51.25,51.75,19175000
AP,20260109,8.95,9,8.8,8.9,9390500
APCO,20260109,2.82,2.86,2.82,2.82,8600
APCS,20260109,1.45,1.45,1.4,1.41,21900
APO,20260109,1.79,1.8,1.78,1.79,106600
APP,20260109,2.6,2.6,2.56,2.56,118600
APURE,20260109,2.16,2.16,2.14,2.16,111600
AQUA,20260109,0.15,0.18,0.15,0.15,152751300
ARIN,20260109,0.58,0.59,0.57,0.58,2393400
ARIP,20260109,0.43,0.45,0.42,0.42,1097600
ARROW,20260109,5.1,5.1,5.1,5.1,1600
AS,20260109,3.34,3.38,3.24,3.28,2710100
ASAP,20260109,1.2,1.22,1.2,1.22,12500
ASEFA,20260109,3.5,3.5,3.44,3.48,23000
ASIA,20260109,5.2,5.25,5.2,5.25,600
ASIAN,20260109,7.25,7.35,7.15,7.3,846500
ASIMAR,20260109,1.54,1.55,1.54,1.55,5900
ASK,20260109,7.2,7.35,7.1,7.35,183000
ASN,20260109,0.83,0.84,0.82,0.82,24800
ASP,20260109,2.02,2.04,2,2.04,572900
ASW,20260109,5.95,6.1,5.95,6.05,359000
ATLAS,20260109,1.78,1.81,1.77,1.77,4001400
ATP30,20260109,0.85,0.86,0.84,0.85,1096200
AU,20260109,5.05,5.15,5.05,5.05,1030300
AUCT,20260109,5.3,5.4,5.2,5.25,356200
AURA,20260109,14,14.1,13.8,14,660900
AWC,20260109,2.04,2.08,2.04,2.04,26479800
AXTRART,20260109,13.3,13.3,12.6,12.9,1196000
AYUD,20260109,35,35.25,35,35,31600
B,20260109,0.04,0.05,0.03,0.04,6385500
B-WORK,20260109,5.1,5.2,5.05,5.1,638400
B52,20260109,0.39,0.43,0.39,0.4,535400
BA,20260109,16.1,16.3,15.9,16.1,6866100
BAFS,20260109,8.6,8.7,8.55,8.6,56300
BAM,20260109,8,8.05,7.9,8,3823400
BANPU,20260109,5,5.05,5,5,21363800
BAREIT,20260109,10.3,10.4,10.3,10.3,527200
BAY,20260109,26,26.25,25.75,26.25,226500
BBGI,20260109,2.74,2.76,2.72,2.72,186000
BBIK,20260109,14.9,14.9,14.3,14.6,851600
BBL,20260109,173.5,174.5,171.5,172,6350100
BC,20260109,0.78,0.78,0.78,0.78,10000
BCH,20260109,10.3,10.3,9.8,9.9,28381900
BCP,20260109,28.5,29,28.25,28.5,6039400
BCPG,20260109,6.8,6.95,6.8,6.9,2942000
BCT,20260109,53,53,53,53,100
BDMS,20260109,19.3,19.4,18.8,18.9,60233600
BE8,20260109,4.84,4.92,4.78,4.8,134000
BEAUTY,20260109,0.49,0.5,0.48,0.49,8926400
BEC,20260109,1.9,1.9,1.83,1.83,916400
BEM,20260109,5.25,5.25,5.15,5.2,8367200
BEYOND,20260109,8.8,8.85,8.8,8.8,123100
BGC,20260109,3.92,3.94,3.9,3.9,265000
BGRIM,20260109,14.6,14.7,14.4,14.5,3804000
BGT,20260109,0.38,0.4,0.32,0.38,114500
BH,20260109,154.5,154.5,147,147.5,11815900
BIG,20260109,0.29,0.3,0.29,0.3,1319400
BIOTEC,20260109,0.18,0.19,0.18,0.19,206200
BIS,20260109,1.93,1.97,1.93,1.93,99800
BIZ,20260109,4,4.02,4,4,17700
BJC,20260109,14.2,14.3,14.1,14.1,1822600
BJCHI,20260109,0.55,0.57,0.55,0.57,182100
BKA,20260109,0.79,0.8,0.78,0.78,426800
BKD,20260109,1.05,1.05,1.04,1.04,1700
BKGI,20260109,1.26,1.26,1.24,1.24,215500
BKIH,20260109,300,300,299,299,5900
BLA,20260109,21.1,21.3,20.9,21,1196200
BLAND,20260109,0.44,0.44,0.43,0.43,5038200
BLC,20260109,3.98,4.06,3.96,4,434700
BLESS,20260109,0.22,0.23,0.22,0.23,38500
BM,20260109,1.14,1.16,1.13,1.14,379600
BOFFICE,20260109,5.1,5.1,5.05,5.1,34800
BOL,20260109,5.4,5.55,5.35,5.35,51400
BPP,20260109,10.9,11,10.6,10.7,227700
BPS,20260109,0.43,0.44,0.43,0.43,81800
BR,20260109,1.65,1.65,1.65,1.65,27200
BRI,20260109,1.5,1.51,1.5,1.51,250900
BROCK,20260109,1.23,1.23,1.2,1.2,11600
BRR,20260109,3.62,3.66,3.62,3.64,42900
BRRGIF,20260109,3.78,3.78,3.76,3.78,363500
BSBM,20260109,0.65,0.67,0.65,0.65,117200
BSM,20260109,0.37,0.37,0.37,0.37,5000
BTC,20260109,0.27,0.27,0.26,0.27,1010900
BTG,20260109,18.4,18.8,18.4,18.7,3312600
BTNC,20260109,11.8,11.8,11.8,11.8,300
BTS,20260109,2.26,2.28,2.16,2.18,54623700
BTSGIF,20260109,2.6,2.6,2.58,2.58,685900
BTW,20260109,0.11,0.12,0.1,0.11,370900
BUI,20260109,12.4,12.4,12.2,12.3,66200
BVG,20260109,1.69,1.7,1.69,1.7,58500
BWG,20260109,0.28,0.29,0.28,0.28,12537900
BYD,20260109,0.54,0.55,0.51,0.53,3180900
CAZ,20260109,1.69,1.74,1.59,1.62,284700
CBG,20260109,42.25,44,42.25,43.25,3497600
CCET,20260109,4.46,4.52,4.44,4.44,7843300
CCP,20260109,0.25,0.25,0.24,0.25,139100
CEN,20260109,0.94,0.94,0.88,0.9,205400
CENTEL,20260109,32.75,33,32.5,32.75,1020100
CEYE,20260109,1.77,1.77,1.76,1.77,10700
CFARM,20260109,0.71,0.72,0.7,0.7,499500
CFRESH,20260109,0.68,0.69,0.67,0.68,160700
CGD,20260109,0.1,0.11,0.1,0.11,2374900
CGH,20260109,0.49,0.49,0.48,0.48,118500
CH,20260109,1.57,1.71,1.56,1.66,375900
CHAO,20260109,4.5,4.5,4.46,4.48,244500
CHARAN,20260109,17.2,17.5,16.5,17.5,22500
CHASE,20260109,0.51,0.51,0.5,0.5,151000
CHAYO,20260109,1.32,1.33,1.24,1.26,4962900
CHEWA,20260109,0.26,0.27,0.25,0.26,45400
CHG,20260109,1.53,1.53,1.5,1.51,11582100
CHIC,20260109,0.24,0.25,0.23,0.23,219500
CHO,20260109,0.07,0.07,0.06,0.07,126500
CHOTI,20260109,60.25,60.25,59.75,59.75,5000
CHOW,20260109,1.12,1.12,1.1,1.1,43500
CI,20260109,0.34,0.35,0.33,0.35,158600
CIG,20260109,0.03,0.03,0.02,0.03,93800
CITY,20260109,1.54,1.57,1.54,1.57,3300
CIVIL,20260109,0.61,0.62,0.61,0.62,44400
CK,20260109,12.2,12.2,11.5,11.7,4998600
CKP,20260109,2.4,2.42,2.38,2.4,2785700
CM,20260109,1.67,1.68,1.64,1.66,107300
CMAN,20260109,2.34,2.38,2.34,2.38,188200
CMC,20260109,0.49,0.5,0.48,0.48,9200
CMO,20260109,0.35,0.37,0.34,0.37,43300
CMR,20260109,1.4,1.4,1.38,1.39,141100
CNT,20260109,1.01,1.05,0.99,0.99,272200
COCOCO,20260109,4.98,5.05,4.96,5,674600
COLOR,20260109,1.06,1.06,1.04,1.05,25000
COM7,20260109,19.8,20,19.1,19.2,10424600
COMAN,20260109,0.43,0.43,0.42,0.43,2900
CPALL,20260109,43,43.25,42.75,42.75,16565800
CPANEL,20260109,2.12,2.18,2.12,2.16,21300
CPAXT,20260109,15.5,15.5,14.7,14.8,30797600
CPF,20260109,21.6,21.8,21.5,21.6,9976300
CPH,20260109,8.25,8.3,8.1,8.25,19300
CPI,20260109,3.3,3.34,3.3,3.34,334500
CPL,20260109,0.66,0.68,0.66,0.66,140000
CPN,20260109,55.75,56.25,55,55.25,7214600
CPNCG,20260109,6.4,6.4,6.35,6.35,248200
CPNREIT,20260109,11.4,11.5,11.4,11.4,3577900
CPR,20260109,2.82,2.82,2.74,2.8,2000
CPT,20260109,1,1,0.99,1,1000
CPTREIT,20260109,5.5,5.55,5.5,5.55,55500
CPW,20260109,1.96,2,1.96,1.98,16000
CRANE,20260109,0.4,0.4,0.39,0.39,165000
CRC,20260109,17.5,17.5,17.1,17.4,5691100
CRD,20260109,0.34,0.34,0.32,0.34,1100
CREDIT,20260109,15.4,15.7,15.3,15.3,51000
CSC,20260109,45,45,45,45,400
CSP,20260109,0.43,0.44,0.42,0.42,203200
CSR,20260109,69,69,69,69,100
CSS,20260109,0.77,0.78,0.76,0.76,488400
CTARAF,20260109,4.56,4.58,4.56,4.56,173600
CTW,20260109,2.92,2.94,2.92,2.94,3100
CWT,20260109,0.91,0.93,0.9,0.9,663700
D,20260109,2.44,2.46,2.44,2.46,71800
DCC,20260109,1.21,1.22,1.21,1.21,203500
DCON,20260109,0.23,0.24,0.23,0.24,8244300
DDD,20260109,5.4,5.45,5.25,5.45,25800
DELTA,20260109,162.5,169.5,162,165,24354100
DEMCO,20260109,2.16,2.28,2.16,2.22,850600
DEXON,20260109,1.08,1.19,1.07,1.19,24500
DHOUSE,20260109,0.4,0.41,0.4,0.4,4500
DIF,20260109,9.5,9.5,9.45,9.5,3592700
DIMET,20260109,0.05,0.06,0.05,0.05,2132700
DITTO,20260109,11,11,10.8,10.9,690700
DMT,20260109,10.6,10.6,10.5,10.5,220100
DOD,20260109,1.57,1.57,1.54,1.54,108800
DOHOME,20260109,3.54,3.56,3.44,3.46,11361000
DPAINT,20260109,0.66,0.67,0.65,0.65,301100
DREIT,20260109,4.92,4.92,4.8,4.92,304300
DRT,20260109,5.1,5.1,5.05,5.05,113000
DTCENT,20260109,0.89,0.89,0.88,0.89,12600
DTCI,20260109,19.4,19.4,19.4,19.4,100
DUSIT,20260109,12,12,11.9,11.9,169500
DV8,20260109,4.68,4.68,4.44,4.52,192300
EA,20260109,2.72,2.74,2.68,2.68,10686800
EASON,20260109,1.08,1.08,1.07,1.08,87300
EAST,20260109,0.68,0.68,0.67,0.68,257900
EASTW,20260109,1.9,1.93,1.9,1.92,249200
ECF,20260109,0.1,0.1,0.09,0.1,398500
EFORL,20260109,0.14,0.15,0.14,0.15,854500
EGATIF,20260109,6.2,6.2,6.15,6.2,165900
EGCO,20260109,114.5,115,113.5,113.5,957400
EKH,20260109,4.94,4.96,4.9,4.94,1112800
EMC,20260109,0.03,0.03,0.02,0.03,538700
EMPIRE,20260109,1.2,1.21,1.17,1.17,1079900
EP,20260109,1.19,1.19,1.18,1.18,573400
EPG,20260109,3,3,2.94,2.94,600300
ERW,20260109,2.24,2.26,2.22,2.24,10018800
ESTAR,20260109,0.2,0.21,0.2,0.2,248700
ETC,20260109,0.57,0.59,0.57,0.58,741500
ETE,20260109,0.57,0.58,0.56,0.58,106200
ETL,20260109,0.58,0.58,0.55,0.55,47500
EURO,20260109,4.02,4.02,4,4,3300
EVER,20260109,0.05,0.05,0.04,0.05,138800
FANCY,20260109,0.31,0.32,0.3,0.31,48400
FLOYD,20260109,1.17,1.18,1.16,1.17,93100
FM,20260109,3.64,3.74,3.62,3.74,1039600
FMT,20260109,23.8,23.8,23.8,23.8,700
FN,20260109,0.43,0.49,0.43,0.47,243400
FNS,20260109,0.86,0.86,0.84,0.86,9100
FORTH,20260109,5.85,5.95,5.8,5.8,274400
FPI,20260109,1.65,1.67,1.65,1.65,25100
FPT,20260109,6,6.05,5.95,6.05,5500
FSMART,20260109,6.15,6.15,5.8,5.9,1299400
FSX,20260109,0.72,0.72,0.7,0.7,55700
FTE,20260109,1.9,1.91,1.89,1.89,826300
FTI,20260109,2.02,2.02,1.95,1.97,5100
FTREIT,20260109,11.9,11.9,11.6,11.6,1538000
FUTURERT,20260109,9.1,9.15,9.1,9.1,37100
FVC,20260109,0.49,0.49,0.47,0.47,217700
GABLE,20260109,3.36,3.42,3.36,3.38,147100
GAHREIT,20260109,4.36,4.38,4.32,4.36,54800
GBX,20260109,0.47,0.48,0.47,0.48,8900
GC,20260109,4,4,3.98,3.98,372800
GCAP,20260109,0.29,0.3,0.28,0.28,109100
GEL,20260109,0.02,0.03,0.02,0.03,18700
GENCO,20260109,0.25,0.26,0.25,0.26,161600
GFC,20260109,2.9,2.9,2.88,2.9,14500
GFPT,20260109,10.5,10.9,10.4,10.7,3855400
GGC,20260109,3.38,3.4,3.38,3.38,1000
GJS,20260109,0.11,0.12,0.1,0.11,2641100
GLOBAL,20260109,6.5,6.5,6.05,6.15,26795900
GLORY,20260109,0.78,0.79,0.75,0.75,23200
GPI,20260109,1.58,1.58,1.57,1.58,80300
GPSC,20260109,37,37.5,37,37,1967900
GRAMMY,20260109,4.4,4.4,4.4,4.4,400
GRAND,20260109,0.03,0.04,0.03,0.04,100200
GREEN,20260109,0.66,0.66,0.65,0.65,800
GROREIT,20260109,7.4,7.5,7.4,7.5,33400
GTB,20260109,0.66,0.68,0.66,0.68,55500
GTV,20260109,0.03,0.04,0.03,0.04,436900
GULF,20260109,42.75,43.75,42.5,43,27539500
GUNKUL,20260109,1.86,1.87,1.85,1.86,5111400
GVREIT,20260109,6.6,6.6,6.55,6.6,861000
GYT,20260109,202,203,200,200,400
HANA,20260109,16.2,16.3,15.8,15.8,6244800
HANN,20260109,0.91,0.92,0.9,0.91,671300
HARN,20260109,1.95,1.95,1.94,1.94,30100
HEALTH,20260109,0.44,0.47,0.44,0.47,106300
HENG,20260109,0.94,0.96,0.94,0.94,423600
HFT,20260109,4.1,4.18,4.1,4.16,363500
HL,20260109,7.1,7.1,7.05,7.05,55000
HMPRO,20260109,6.65,6.7,6.6,6.65,16867700
HPF,20260109,5.15,5.15,5.15,5.15,203900
HPT,20260109,0.33,0.34,0.33,0.34,548000
HTC,20260109,15.1,15.1,14.9,15.1,407900
HTECH,20260109,2.92,2.96,2.92,2.92,104600
HUMAN,20260109,4.94,4.94,4.86,4.9,840800
HYDRO,20260109,3.44,3.54,2.94,3.3,5236700
I2,20260109,0.72,0.73,0.71,0.72,418100
ICC,20260109,24.9,24.9,24.5,24.5,200
ICHI,20260109,13.5,13.7,13.5,13.6,2513900
ICN,20260109,1.68,1.69,1.65,1.67,298000
IDG,20260109,1.73,1.75,1.7,1.71,1122000
IFS,20260109,2.1,2.12,2.1,2.12,1000
IIG,20260109,1.48,1.53,1.45,1.47,2028000
III,20260109,3.96,3.98,3.94,3.96,410900
ILINK,20260109,4.7,4.7,4.64,4.68,245700
ILM,20260109,13.6,13.7,13.5,13.7,134100
IMH,20260109,3.08,3.08,3.02,3.08,17300
IMPACT,20260109,10.3,10.4,10.3,10.3,363900
IND,20260109,1.37,1.39,1.34,1.37,1226300
INET,20260109,3.62,3.66,3.6,3.62,513000
INETREIT,20260109,11.4,11.5,11.4,11.5,799000
INGRS,20260109,0.25,0.25,0.24,0.25,84000
INOX,20260109,0.44,0.5,0.43,0.46,29895400
INSET,20260109,1.64,1.65,1.62,1.63,858000
INSURE,20260109,62,62,62,62,200
IP,20260109,4.36,4.4,4.3,4.38,415100
IRC,20260109,12,12,11.7,11.8,12900
IRCP,20260109,0.28,0.28,0.28,0.28,97500
IROYAL,20260109,4.9,4.96,4.86,4.92,73500
IRPC,20260109,1.08,1.14,1.07,1.13,75020800
ISSARA,20260109,6.8,6.9,6.75,6.75,600
IT,20260109,3.46,3.46,3.46,3.46,10900
ITC,20260109,16.3,16.6,16.3,16.4,1792800
ITD,20260109,0.26,0.27,0.25,0.26,2483300
ITEL,20260109,1.36,1.36,1.3,1.31,1103700
ITNS,20260109,1.5,1.52,1.5,1.51,72700
ITTHI,20260109,1.33,1.33,1.29,1.29,48500
IVF,20260109,0.82,0.83,0.81,0.82,275300
IVL,20260109,16.8,17.1,16.7,16.8,18620300
J,20260109,0.69,0.69,0.68,0.68,94800
JAK,20260109,0.7,0.7,0.7,0.7,200
JAS,20260109,1.31,1.32,1.3,1.3,9518900
JCK,20260109,0.12,0.13,0.12,0.13,2067500
JCT,20260109,84.25,84.25,84.25,84.25,300
JDF,20260109,1.4,1.41,1.4,1.4,13300
JMART,20260109,6.9,6.9,6.6,6.7,7130600
JMT,20260109,8.9,8.9,8.7,8.7,6876100
JPARK,20260109,2.64,2.64,2.6,2.62,391200
JR,20260109,1.68,1.69,1.67,1.69,84400
JSP,20260109,1.91,1.94,1.9,1.92,431800
JTS,20260109,60.25,60.25,55.75,57,315100
JUBILE,20260109,6.9,6.95,6.9,6.95,10500
K,20260109,1.09,1.09,1.08,1.09,19800
KAMART,20260109,9.05,9.05,8.95,9,1397900
KASET,20260109,0.56,0.57,0.55,0.55,56600
KBANK,20260109,196.5,197.5,191.5,191.5,15032800
KBS,20260109,5.8,5.8,5.7,5.8,332400
KBSPIF,20260109,8.1,8.15,8.1,8.1,219200
KC,20260109,0.03,0.04,0.03,0.03,31100
KCAR,20260109,5.4,5.4,5.35,5.4,17700
KCC,20260109,2.46,2.46,2.3,2.32,155800
KCE,20260109,18.1,18.3,17.5,17.7,9440900
KCG,20260109,8.2,8.25,8.15,8.2,109500
KCM,20260109,0.18,0.18,0.16,0.16,262200
KDH,20260109,82,82,81.75,81.75,1700
KGEN,20260109,1.3,1.34,1.26,1.27,1775000
KGI,20260109,3.98,4,3.96,4,1316700
KIAT,20260109,0.33,0.34,0.32,0.33,1495200
KISS,20260109,2.98,3,2.9,2.9,576000
KJL,20260109,6.05,6.05,6,6,26000
KK,20260109,0.86,0.86,0.83,0.83,57300
KKP,20260109,67.5,67.5,66.25,66.5,2253100
KLINIQ,20260109,21.2,21.3,21,21.2,167400
KOOL,20260109,0.29,0.29,0.28,0.28,15800
KPNREIT,20260109,1.92,1.92,1.91,1.91,50000
KSL,20260109,1.25,1.25,1.2,1.21,3029400
KTB,20260109,29,29.25,28.5,28.5,43598200
KTBSTMR,20260109,5.5,5.55,5.45,5.55,19900
KTC,20260109,26.25,26.5,25.75,26,15949800
KTIS,20260109,1.95,1.98,1.95,1.98,69100
KTMS,20260109,1.99,2,1.97,1.98,45900
KUMWEL,20260109,1.02,1.03,1.02,1.02,49100
KUN,20260109,0.87,0.87,0.84,0.84,3200
KWM,20260109,0.9,0.9,0.88,0.88,65900
KYE,20260109,289,292,289,290,5000
L&E,20260109,1.08,1.08,1.02,1.03,28400
LALIN,20260109,4.76,4.78,4.76,4.76,16800
LANNA,20260109,15.2,15.3,15.2,15.3,111900
LDC,20260109,0.3,0.31,0.3,0.31,370300
LEE,20260109,2.62,2.62,2.62,2.62,1900
LEO,20260109,1.94,1.95,1.93,1.94,54300
LH,20260109,3.92,3.92,3.84,3.86,15127100
LHFG,20260109,0.91,0.92,0.9,0.92,1259000
LHHOTEL,20260109,13.3,13.3,13.2,13.2,1269500
LHK,20260109,3.38,3.38,3.36,3.36,90400
LHRREIT,20260109,4.48,4.48,4.4,4.42,125700
LHSC,20260109,13,13,12.9,13,174900
LIT,20260109,0.65,0.66,0.63,0.65,118200
LOXLEY,20260109,1.24,1.26,1.24,1.26,290100
LPH,20260109,3.74,3.78,3.74,3.76,87200
LPN,20260109,1.53,1.53,1.51,1.53,515800
LST,20260109,4.72,4.72,4.7,4.72,14900
LTMH,20260109,4.42,4.5,4.3,4.44,34700
LTS,20260109,2.56,2.78,2.56,2.58,569500
LUXF,20260109,9.1,9.1,9.1,9.1,300
M,20260109,18.2,18.3,18,18.1,1890400
M-CHAI,20260109,22,22,21.8,21.9,12700
M-PAT,20260109,1.82,1.9,1.8,1.82,3100
MADAME,20260109,0.12,0.14,0.12,0.14,11114300
MAGURO,20260109,20.3,20.3,19.5,19.8,751800
MAJOR,20260109,6.95,6.95,6.8,6.9,3055500
MALEE,20260109,4.1,4.1,4.02,4.04,824300
MANRIN,20260109,23,23,23,23,100
MASTEC,20260109,1.04,1.04,1.01,1.02,446900
MASTER,20260109,8.7,8.9,8.4,8.45,2152400
MATCH,20260109,0.71,0.74,0.71,0.71,31700
MBAX,20260109,1.42,1.43,1.42,1.42,2000
MBK,20260109,18.1,18.1,17.8,17.8,1280100
MC,20260109,11.4,11.4,11.2,11.4,2414600
MCA,20260109,0.94,0.99,0.93,0.94,292000
MCOT,20260109,3.1,3.1,3.08,3.08,9500
MCS,20260109,8.3,8.3,8.25,8.25,237000
MDX,20260109,2.46,2.46,2.4,2.42,40300
MEB,20260109,15.3,15.4,15,15,137200
MEDEZE,20260109,6.3,6.3,6.25,6.25,216300
MEGA,20260109,37,37.25,36.25,36.75,709800
MENA,20260109,0.76,0.76,0.75,0.75,223200
META,20260109,0.06,0.06,0.06,0.06,67300
METCO,20260109,286,290,286,288,14600
MFC,20260109,24.3,25,24.2,24.4,3100
MFEC,20260109,5.25,5.3,5.25,5.25,24800
MGC,20260109,4.44,4.44,4.3,4.36,4400
MGI,20260109,5.75,5.75,5.6,5.6,54300
MGT,20260109,1.61,1.61,1.59,1.59,119900
MICRO,20260109,0.84,0.84,0.82,0.83,115800
MIDA,20260109,0.21,0.21,0.19,0.2,353900
MII,20260109,4.5,4.5,4.48,4.48,2500
MILL,20260109,0.07,0.07,0.06,0.07,620000
MINT,20260109,23.9,24.1,23.8,23.9,7927500
MITSIB,20260109,0.6,0.63,0.6,0.62,303300
MJD,20260109,0.33,0.33,0.32,0.32,584300
MJLF,20260109,4.94,4.94,4.94,4.94,12600
MK,20260109,0.58,0.59,0.57,0.59,43900
ML,20260109,0.5,0.53,0.47,0.52,237900
MMM,20260109,3.36,3.36,3.28,3.3,619400
MNIT,20260109,1.86,1.86,1.86,1.86,2000
MODERN,20260109,2.12,2.16,2.12,2.16,20100
MONO,20260109,1.2,1.28,1.2,1.26,17710200
MOONG,20260109,2.02,2.02,2,2.02,12900
MORE,20260109,0.04,0.04,0.03,0.04,2463300
MOSHI,20260109,34.5,35,34,35,246300
MOTHER,20260109,1.17,1.17,1.15,1.16,464100
MPJ,20260109,3.52,3.54,3.5,3.5,43400
MRDIYT,20260109,8.55,8.6,8.55,8.55,660500
MSC,20260109,7.6,7.6,7.6,7.6,1600
MST,20260109,6.75,6.75,6.7,6.7,10100
MTC,20260109,30.25,30.25,29.25,29.75,8093500
MTI,20260109,15.5,16.1,15.5,15.5,28200
MTW,20260109,0.81,0.85,0.81,0.85,31200
MUD,20260109,0.49,0.52,0.45,0.45,2900
MVP,20260109,0.22,0.23,0.21,0.21,1218700
NAM,20260109,3.48,3.54,3.2,3.54,147100
NAT,20260109,2.62,2.64,2.62,2.62,5500
NATION,20260109,0.04,0.04,0.03,0.04,309100
NC,20260109,2.08,2.12,2.04,2.04,15100
NCAP,20260109,2.92,2.94,2.84,2.84,1474100
NCH,20260109,0.41,0.41,0.4,0.4,4300
NCL,20260109,0.23,0.24,0.23,0.24,109500
NCP,20260109,0.98,0.98,0.94,0.96,12000
NDR,20260109,1.32,1.33,1.31,1.31,38100
NEO,20260109,20.2,20.3,19.9,20.2,102600
NEP,20260109,0.21,0.21,0.2,0.2,102600
NER,20260109,4.62,4.88,4.62,4.84,23219600
NETBAY,20260109,21.8,21.8,21.5,21.6,75900
NEWS,20260109,0.01,0.01,0.01,0.01,152435000
NEX,20260109,1.18,1.18,1.15,1.16,7030500
NKI,20260109,19.6,19.6,19.6,19.6,200
NKT,20260109,3.98,3.98,3.96,3.98,357500
NL,20260109,0.67,0.68,0.65,0.65,48200
NNCL,20260109,1.49,1.5,1.49,1.49,18900
NOBLE,20260109,2.16,2.2,2.16,2.2,922800
NRF,20260109,0.32,0.32,0.3,0.32,311700
NSL,20260109,23.8,23.8,23.1,23.3,536700
NTF,20260109,5.25,5.35,4.98,5,2461200
NTSC,20260109,6.25,6.3,6.25,6.3,63500
NTV,20260109,22.9,22.9,22.7,22.7,3300
NUT,20260109,3.8,3.84,3.78,3.82,18200
NV,20260109,0.56,0.59,0.54,0.56,137200
NVD,20260109,0.8,0.8,0.8,0.8,26100
NYT,20260109,3.06,3.08,3.04,3.06,850800
OKJ,20260109,4.14,4.18,4.08,4.1,583200
ONEE,20260109,2.14,2.14,2.1,2.12,152400
ONSENS,20260109,1.11,1.11,1.08,1.08,1068900
OR,20260109,13.7,14,13.7,13.8,12648000
ORI,20260109,1.77,1.78,1.74,1.76,2659100
ORN,20260109,0.71,0.72,0.7,0.71,2461200
OSP,20260109,16.2,16.7,16.2,16.5,7857200
PACO,20260109,1.29,1.3,1.28,1.3,24400
PAF,20260109,0.7,0.7,0.69,0.7,60400
PANEL,20260109,1.4,1.43,1.4,1.43,10000
PAP,20260109,2,2.02,1.97,1.97,24900
PATO,20260109,6.95,7,6.95,7,5700
PB,20260109,48.5,49.75,48.25,49.5,2400
PCC,20260109,2.64,2.64,2.64,2.64,123200
PCE,20260109,2.26,2.28,2.26,2.26,673700
PCSGH,20260109,3.04,3.06,2.98,3.02,47300
PDG,20260109,2.92,2.92,2.92,2.92,50100
PDJ,20260109,1.18,1.2,1.17,1.17,36000
PEACE,20260109,1.9,1.92,1.89,1.89,30300
PEER,20260109,0.12,0.12,0.11,0.11,445200
PERM,20260109,0.26,0.26,0.24,0.26,373300
PF,20260109,0.05,0.06,0.05,0.05,8018800
PHG,20260109,12.5,12.5,12.5,12.5,14600
PHOL,20260109,2.8,2.8,2.8,2.8,20600
PIMO,20260109,0.99,1,0.98,0.99,599500
PIN,20260109,4.3,4.34,4.28,4.32,124700
PIS,20260109,3.22,3.28,3.18,3.22,683700
PJW,20260109,2.06,2.06,2.04,2.06,74500
PK,20260109,0.53,0.54,0.53,0.54,20500
PL,20260109,1.31,1.32,1.3,1.31,5600
PLANB,20260109,3.66,3.7,3.46,3.5,15217300
PLANET,20260109,0.55,0.57,0.54,0.55,644900
PLAT,20260109,1.14,1.16,1.14,1.15,274900
PLE,20260109,0.16,0.17,0.16,0.16,431600
PLT,20260109,0.6,0.62,0.6,0.62,63300
PLUS,20260109,1.18,1.18,1.15,1.15,383100
PM,20260109,12,12,11.9,11.9,16500
PMC,20260109,0.83,0.85,0.82,0.83,50700
PMTA,20260109,10.2,10.2,10.2,10.2,300
POPF,20260109,6.85,6.85,6.8,6.85,61700
PORT,20260109,0.58,0.58,0.56,0.57,51100
PPM,20260109,1.18,1.18,1.17,1.17,5400
PPP,20260109,0.91,0.94,0.91,0.94,5100
PPPM,20260109,0.33,0.35,0.33,0.33,89200
PPS,20260109,0.18,0.18,0.17,0.18,133200
PQS,20260109,1.48,1.48,1.45,1.45,79900
PR9,20260109,18.6,18.7,18.3,18.3,1790000
PRAKIT,20260109,11.3,11.3,11.3,11.3,100
PRAPAT,20260109,0.73,0.75,0.73,0.74,143800
PREB,20260109,3.5,3.5,3.5,3.5,300
PRECHA,20260109,0.48,0.48,0.46,0.46,45200
PRG,20260109,9,9,8.95,8.95,1900
PRI,20260109,4.24,4.26,4.22,4.26,124200
PRIME,20260109,0.07,0.07,0.06,0.06,651400
PRIN,20260109,1.5,1.5,1.49,1.5,21300
PRINC,20260109,1.72,1.72,1.69,1.7,108100
PRM,20260109,7.05,7.25,7.05,7.2,4631100
PROEN,20260109,1.07,1.08,1.06,1.08,1185800
PROS,20260109,0.42,0.42,0.37,0.37,1737800
PROSPECT,20260109,6.95,7,6.95,7,436300
PROUD,20260109,0.88,0.88,0.87,0.87,64000
PRTR,20260109,3.2,3.24,3.16,3.18,1103100
PSGC,20260109,2.32,2.48,2.14,2.32,1071100
PSH,20260109,3.7,3.74,3.66,3.74,335000
PSL,20260109,6,6.05,5.9,5.95,1588900
PSP,20260109,4.52,4.56,4.52,4.54,23600
PSTC,20260109,0.28,0.28,0.28,0.28,867500
PT,20260109,12.3,12.4,12.3,12.4,62600
PTC,20260109,0.6,0.64,0.59,0.6,239200
PTECH,20260109,1.68,1.68,1.6,1.61,25500
PTG,20260109,7.65,7.65,7.45,7.55,3852400
PTL,20260109,8.4,8.45,8.3,8.3,63500
PTT,20260109,31.5,31.75,31.5,31.75,24892700
PTTEP,20260109,110.5,111.5,109.5,111.5,9228800
PTTGC,20260109,22.1,22.3,22,22.2,12796300
PYLON,20260109,2.68,2.7,2.68,2.68,156800
Q-CON,20260109,6.45,6.55,6.45,6.5,28300
QDC,20260109,0.1,0.14,0.1,0.13,44875300
QH,20260109,1.35,1.36,1.33,1.34,14173300
QHBREIT,20260109,3.46,3.5,3.46,3.48,130800
QHHRREIT,20260109,6.6,6.6,6.5,6.6,5000
QHOP,20260109,2.74,2.86,2.74,2.86,1300
QLT,20260109,1.57,1.57,1.57,1.57,100
QTC,20260109,3.42,3.46,3.42,3.44,16300
QTCG,20260109,0.15,0.15,0.13,0.14,42400
RABBIT,20260109,0.26,0.28,0.26,0.27,2990900
RAM,20260109,18.5,18.5,18.4,18.4,7600
RATCH,20260109,29.5,29.75,29.25,29.25,697900
RBF,20260109,3.2,3.26,3.1,3.18,2354200
RCL,20260109,27.75,28.5,27.75,28,2792400
READY,20260109,2.98,3.06,2.96,3.02,20700
RICHY,20260109,0.16,0.17,0.15,0.15,1844900
RJH,20260109,13.4,13.5,13.2,13.2,70500
RML,20260109,0.13,0.13,0.12,0.13,21500
ROCTEC,20260109,0.54,0.54,0.52,0.54,740400
ROJNA,20260109,4.4,4.44,4.4,4.42,721100
RP,20260109,0.64,0.64,0.64,0.64,100
RPC,20260109,0.28,0.28,0.27,0.28,138500
RPH,20260109,4.94,4.96,4.92,4.92,94100
RS,20260109,0.19,0.2,0.18,0.19,2346600
RSP,20260109,1.21,1.24,1.2,1.2,216000
RT,20260109,0.27,0.28,0.26,0.27,3229300
RWI,20260109,0.21,0.21,0.2,0.2,194300
S,20260109,0.49,0.5,0.49,0.49,1184300
S&J,20260109,32.75,32.75,31,32.25,22000
S11,20260109,3.32,3.34,3.3,3.3,26100
SA,20260109,7.15,7.25,7.15,7.25,44400
SAAM,20260109,4.86,5.15,4.86,5.05,80200
SABINA,20260109,16.1,16.3,16.1,16.2,181100
SAF,20260109,0.41,0.41,0.37,0.38,45200
SAFE,20260109,6.1,6.1,5.85,5.9,268000
SAK,20260109,3.28,3.28,3.22,3.24,1311000
SALEE,20260109,0.36,0.36,0.35,0.36,121100
SAM,20260109,0.15,0.16,0.15,0.16,12300
SAMART,20260109,5.4,5.45,5.4,5.45,549500
SAMCO,20260109,0.72,0.72,0.67,0.69,181600
SAMTEL,20260109,4.06,4.14,4.06,4.14,10500
SANKO,20260109,0.84,0.85,0.83,0.84,89900
SAPPE,20260109,32.25,32.5,31.75,32.5,118900
SAT,20260109,15,15.1,14.9,15.1,514900
SAUCE,20260109,39.25,39.5,39,39.25,11100
SAV,20260109,12.1,12.1,12,12.1,80400
SAWAD,20260109,23.2,23.4,22.1,22.6,19900400
SAWANG,20260109,7.25,7.25,7.25,7.25,200
SC,20260109,1.72,1.73,1.71,1.72,5468600
SCAP,20260109,1.02,1.03,1.01,1.01,556300
SCB,20260109,141,141.5,139.5,139.5,8376800
SCC,20260109,198,199.5,195.5,199,2257300
SCCC,20260109,144,144,143.5,144,40600
SCG,20260109,2.14,2.2,2,2.16,25000
SCGD,20260109,4.76,4.78,4.72,4.78,24600
SCGP,20260109,18.3,18.7,18.2,18.6,7983200
SCI,20260109,0.88,0.89,0.88,0.89,13800
SCL,20260109,1.31,1.32,1.31,1.31,36900
SCM,20260109,0.15,0.15,0.14,0.14,4475300
SCN,20260109,0.4,0.4,0.38,0.39,55500
SCP,20260109,8.55,8.6,8.5,8.6,223900
SDC,20260109,0.03,0.04,0.03,0.03,1686200
SE,20260109,0.41,0.46,0.41,0.44,2742000
SE-ED,20260109,1.66,1.66,1.65,1.65,1300
SEAFCO,20260109,2.02,2.02,2,2,199100
SEAOIL,20260109,3.04,3.06,3.02,3.02,289200
SECURE,20260109,12.8,13,12.7,13,21000
SEI,20260109,2.18,2.24,2.16,2.16,413700
SENA,20260109,1.69,1.72,1.69,1.71,102000
SENX,20260109,0.23,0.24,0.23,0.24,25800
SFLEX,20260109,3.08,3.1,3.08,3.1,508900
SFT,20260109,2,2.02,1.99,2,23800
SGC,20260109,0.83,0.84,0.8,0.8,7984000
SGF,20260109,0.18,0.19,0.18,0.18,196000
SGP,20260109,7.7,7.75,7.55,7.6,95900
SHANG,20260109,47,50,47,50,800
SHR,20260109,1.65,1.7,1.64,1.69,1746400
SIAM,20260109,0.7,0.72,0.68,0.7,70900
SICT,20260109,2.3,2.34,2.3,2.3,236500
SIMAT,20260109,1.54,1.66,1.5,1.52,17705300
SINGER,20260109,4.86,4.86,4.8,4.82,693500
SINO,20260109,0.95,0.97,0.94,0.97,118300
SIRI,20260109,1.36,1.36,1.35,1.35,13416600
SIS,20260109,20.5,20.7,20.2,20.5,232000
SISB,20260109,11.3,11.4,11.2,11.3,1418000
SITHAI,20260109,1.05,1.06,1.05,1.06,20400
SJWD,20260109,6.95,7,6.65,6.7,3005100
SK,20260109,0.56,0.56,0.55,0.56,52800
SKE,20260109,0.15,0.15,0.14,0.15,190100
SKIN,20260109,1.37,1.37,1.34,1.34,149900
SKN,20260109,6.3,6.3,6.25,6.3,31500
SKR,20260109,7,7,6.9,7,50100
SKY,20260109,10.8,10.9,10.4,10.6,286000
SLP,20260109,0.36,0.36,0.36,0.36,98000
SMART,20260109,0.48,0.48,0.47,0.47,47600
SMD100,20260109,2.3,2.3,2.24,2.28,44000
SMIT,20260109,3.6,3.6,3.58,3.58,115100
SMO,20260109,3.52,3.56,3.52,3.52,1255300
SMPC,20260109,8.9,9,8.9,8.95,80200
SMT,20260109,1.08,1.1,1.06,1.1,346400
SNC,20260109,5.95,6,5.95,6,101800
SNNP,20260109,7.25,7.3,7.2,7.25,80800
SNP,20260109,9.8,9.8,9.7,9.7,37000
SNPS,20260109,4.48,4.5,4.46,4.46,42500
SO,20260109,4.02,4.08,4.02,4.04,101500
SOLAR,20260109,0.2,0.2,0.19,0.19,53000
SONIC,20260109,1.51,1.53,1.5,1.52,79400
SORKON,20260109,3.54,3.56,3.52,3.54,73900
SPA,20260109,3.16,3.18,3.08,3.1,1682300
SPACK,20260109,1.17,1.18,1.1,1.16,10300
SPALI,20260109,17.7,17.7,17.4,17.7,2061700
SPC,20260109,57.5,57.5,57.5,57.5,600
SPCG,20260109,9.5,9.7,9.5,9.55,738900
SPG,20260109,11,11,11,11,1000
SPI,20260109,39.75,39.75,39.5,39.5,1000
SPRC,20260109,6.45,6.75,6.45,6.65,24810600
SPREME,20260109,1.42,1.42,1.41,1.42,180400
SPRIME,20260109,3.52,3.54,3.52,3.52,170000
SPVI,20260109,2.18,2.18,2.12,2.14,122700
SQ,20260109,0.37,0.37,0.35,0.37,147500
SRICHA,20260109,10,10,9.8,9.85,182400
SRIPANWA,20260109,5,5,4.96,4.98,1400
SRS,20260109,1.77,1.78,1.72,1.78,39600
SSF,20260109,5,5,4.98,4.98,152600
SSP,20260109,3.2,3.2,3.18,3.2,293500
SSSC,20260109,2.12,2.12,2.1,2.12,24600
SST,20260109,1.32,1.32,1.31,1.31,1800
SSTRT,20260109,4.3,4.32,4.28,4.32,8200
STA,20260109,12.7,12.9,12.5,12.5,3265900
STANLY,20260109,189,189,188,188.5,14200
STARM,20260109,0.85,0.87,0.85,0.87,105000
STC,20260109,0.28,0.29,0.28,0.29,89300
STECH,20260109,0.99,1,0.97,0.97,27800
STECON,20260109,7.05,7.1,6.85,6.9,6097600
STELLA,20260109,0.13,0.14,0.12,0.13,12936400
STGT,20260109,9.65,9.75,9.5,9.55,1937000
STI,20260109,1.89,1.89,1.89,1.89,200
STOWER,20260109,0.03,0.03,0.02,0.03,85300
STP,20260109,9.95,9.95,9.85,9.95,7500
STPI,20260109,4.58,4.64,4.58,4.58,1141500
STX,20260109,1.05,1.05,1.04,1.05,582500
SUC,20260109,27.25,27.5,27.25,27.5,153100
SUN,20260109,2.98,3,2.98,3,184500
SUPER,20260109,0.11,0.12,0.1,0.11,23428000
SUPEREIF,20260109,5.4,5.45,5.4,5.45,201600
SUSCO,20260109,2.12,2.14,2.1,2.1,476200
SUTHA,20260109,2.88,2.88,2.56,2.56,7000
SVI,20260109,7.35,7.35,7.3,7.35,476000
SVOA,20260109,1.35,1.35,1.33,1.33,478700
SVR,20260109,0.32,0.32,0.3,0.32,186800
SVT,20260109,1.3,1.3,1.29,1.3,124600
SWC,20260109,3.74,3.74,3.74,3.74,49600
SYMC,20260109,3.48,3.52,3.4,3.44,36700
SYNEX,20260109,10,10,9.9,9.9,259400
SYNTEC,20260109,1.64,1.64,1.62,1.64,106300
TACC,20260109,5.35,5.45,5.35,5.4,1835000
TAE,20260109,0.49,0.5,0.49,0.49,66000
TAKUNI,20260109,0.35,0.36,0.34,0.36,368500
TAN,20260109,3.74,3.8,3.62,3.66,120600
TASCO,20260109,14.3,14.3,14.1,14.1,4547500
TATG,20260109,0.95,0.96,0.95,0.95,41500
TBN,20260109,4.18,4.3,4.18,4.3,3800
TC,20260109,5,5,4.98,5,800
TCAP,20260109,58.25,58.75,57.75,57.75,1964500
TCC,20260109,0.27,0.27,0.26,0.27,135900
TCJ,20260109,2.38,2.38,2.38,2.38,200
TCMC,20260109,0.37,0.37,0.36,0.36,1219400
TCOAT,20260109,23.2,23.2,23.2,23.2,100
TEAM,20260109,2.32,2.36,2.32,2.34,77900
TEAMG,20260109,3.14,3.14,3.1,3.14,955000
TEGH,20260109,2.98,3.02,2.98,3.02,359300
TEKA,20260109,1.72,1.72,1.71,1.71,2500
TERA,20260109,1,1,0.99,0.99,5600
TFFIF,20260109,6.35,6.45,6.35,6.35,5496900
TFG,20260109,4.46,4.66,4.46,4.62,47927200
TFI,20260109,0.05,0.05,0.05,0.05,6800
TFM,20260109,5.9,5.95,5.9,5.95,239100
TFMAMA,20260109,192,193,189.5,189.5,22200
TGE,20260109,1.37,1.39,1.27,1.37,23000
TGPRO,20260109,0.06,0.06,0.05,0.06,758000
TH,20260109,0.47,0.47,0.45,0.47,707200
THAI,20260109,7.2,7.3,7.05,7.15,15250600
THANA,20260109,1.67,1.68,1.48,1.56,5086000
THANI,20260109,1.67,1.67,1.65,1.65,1912600
THCOM,20260109,8.5,8.65,8.45,8.45,1041400
THE,20260109,0.73,0.77,0.72,0.76,27300
THG,20260109,9.05,9.15,8.95,8.95,2757800
THIP,20260109,23,23.2,23,23,7500
THMUI,20260109,0.28,0.29,0.27,0.29,36100
THRE,20260109,0.36,0.4,0.35,0.38,9892100
THREL,20260109,1.05,1.05,1.01,1.02,40000
TIDLOR,20260109,16.3,16.5,15.9,16.1,10886000
TIF1,20260109,7.1,7.1,7.05,7.1,20200
TIGER,20260109,0.28,0.3,0.27,0.29,156100
TIPCO,20260109,7.75,7.75,7.7,7.7,60600
TIPH,20260109,20.1,20.1,19.8,20,413900
TISCO,20260109,110,110.5,109,109.5,3279400
TITLE,20260109,6.25,6.35,6.2,6.35,163700
TK,20260109,4.42,4.42,4.36,4.42,5300
TKC,20260109,8.95,9,8.8,9,3900
TKN,20260109,4,4.04,3.96,3.96,774300
TKS,20260109,6.2,6.3,6.15,6.3,196400
TKT,20260109,0.71,0.74,0.71,0.74,600
TL,20260109,0.37,0.38,0.28,0.32,30913800
TLI,20260109,10.1,10.5,10,10.2,26278200
TM,20260109,0.97,0.97,0.94,0.96,198700
TMAN,20260109,10.7,10.7,10.6,10.7,73300
TMC,20260109,0.71,0.72,0.71,0.72,115200
TMD,20260109,25.75,26,25.75,26,4800
TMI,20260109,0.5,0.5,0.49,0.5,88100
TMILL,20260109,2.12,2.12,2.06,2.06,5600
TMT,20260109,2.76,2.8,2.76,2.78,24900
TMW,20260109,56.75,56.75,56.5,56.75,53900
TNDT,20260109,0.15,0.16,0.15,0.15,176400
TNH,20260109,31.25,31.5,31.25,31.5,4200
TNITY,20260109,2.5,2.52,2.38,2.46,94100
TNP,20260109,2.7,2.72,2.7,2.7,131200
TNPC,20260109,0.82,0.82,0.82,0.82,19900
TNPF,20260109,1.21,1.21,1.2,1.21,52000
TNR,20260109,5.9,6,5.8,5.9,85200
TOA,20260109,14.3,14.3,14.1,14.1,300300
TOG,20260109,6.55,6.55,6.4,6.45,187700
TOP,20260109,39.5,40,39.5,39.5,9580900
TPAC,20260109,8,8.1,8,8.05,14700
TPBI,20260109,2.88,2.9,2.84,2.86,206200
TPCH,20260109,1.43,1.76,1.42,1.64,13800200
TPCS,20260109,9.65,9.65,9.6,9.6,700
TPIPL,20260109,0.7,0.71,0.7,0.71,10109600
TPIPP,20260109,1.82,1.83,1.8,1.81,2304300
TPL,20260109,0.49,0.57,0.49,0.5,6709400
TPLAS,20260109,0.9,0.9,0.89,0.9,40000
TPOLY,20260109,0.24,0.25,0.23,0.24,1422500
TPP,20260109,10.7,10.7,10.7,10.7,600
TPRIME,20260109,7.05,7.1,7.05,7.1,13000
TPS,20260109,3.3,3.34,3.28,3.34,99600
TQM,20260109,11.4,11.6,11.3,11.3,560900
TQR,20260109,4.96,4.96,4.88,4.96,31600
TRC,20260109,0.44,0.45,0.43,0.43,68900
TRITN,20260109,0.02,0.03,0.02,0.03,202100
TRP,20260109,4.36,4.36,4.26,4.3,62300
TRT,20260109,3.62,3.7,3.6,3.64,101300
TRU,20260109,3.9,3.9,3.88,3.9,17400
TRUBB,20260109,0.63,0.64,0.62,0.63,692800
TRUE,20260109,11.1,11.2,11,11.1,25014100
TRV,20260109,1.68,1.68,1.68,1.68,500
TSC,20260109,15.6,15.7,15.5,15.6,32200
TSE,20260109,0.44,0.44,0.43,0.44,401200
TSI,20260109,0.05,0.05,0.04,0.04,200200
TSR,20260109,0.17,0.18,0.16,0.16,134200
TSTH,20260109,0.68,0.7,0.67,0.67,1027100
TTA,20260109,4.28,4.3,4.26,4.28,693300
TTB,20260109,2.04,2.06,2.02,2.04,181479000
TTCL,20260109,0.16,0.16,0.15,0.16,342400
TTLPF,20260109,9.95,10,9.95,9.95,94900
TTT,20260109,44,44.25,44,44.25,2600
TTW,20260109,9.1,9.15,9.1,9.1,1097900
TU,20260109,13.5,13.5,12.7,12.8,13020500
TURBO,20260109,1.34,1.36,1.31,1.32,4629700
TVDH,20260109,0.07,0.07,0.06,0.07,48100
TVH,20260109,9.1,9.1,8.9,8.9,64500
TVO,20260109,22.7,22.9,22.6,22.7,563100
TVT,20260109,0.26,0.27,0.25,0.26,610900
TWPC,20260109,2.82,2.86,2.82,2.84,59000
TWZ,20260109,0.02,0.03,0.01,0.02,75028600
TYCN,20260109,1.66,1.67,1.66,1.66,5400
UAC,20260109,2.68,2.68,2.66,2.68,127700
UBA,20260109,0.92,0.92,0.92,0.92,6700
UBE,20260109,0.43,0.45,0.43,0.45,1449000
UBIS,20260109,1.08,1.08,0.98,1.05,89900
UEC,20260109,0.69,0.7,0.68,0.7,122100
UKEM,20260109,0.59,0.61,0.59,0.59,2297300
UMI,20260109,0.65,0.67,0.65,0.66,69400
UNIQ,20260109,2.74,2.76,2.72,2.74,76400
UP,20260109,21.3,21.4,21.3,21.4,4200
UPOIC,20260109,6.65,7.1,6.65,6.85,7200
UREKA,20260109,0.36,0.37,0.35,0.36,3103400
UTP,20260109,7.5,7.55,7.45,7.5,142600
UV,20260109,0.85,0.86,0.84,0.84,58700
UVAN,20260109,12.9,13,12.9,13,72700
VARO,20260109,4.5,4.5,4.42,4.44,13400
VCOM,20260109,3.04,3.04,3.02,3.04,90700
VGI,20260109,0.93,0.94,0.88,0.88,54250000
VIBHA,20260109,1.41,1.41,1.39,1.39,214300
VIH,20260109,8.25,8.3,8.1,8.15,219900
VL,20260109,0.76,0.79,0.76,0.79,157200
VNG,20260109,1.78,1.78,1.77,1.78,12400
VPO,20260109,0.44,0.44,0.43,0.43,75400
VRANDA,20260109,4.34,4.34,4.34,4.34,200
VS,20260109,0.24,0.25,0.24,0.25,40400
WACOAL,20260109,16.9,16.9,16.9,16.9,500
WARRIX,20260109,1.83,1.84,1.82,1.83,147600
WASH,20260109,4.38,4.38,4.24,4.24,1873400
WAVE,20260109,0.03,0.03,0.02,0.02,19807000
WFX,20260109,0.71,0.72,0.69,0.71,58300
WGE,20260109,0.78,0.79,0.76,0.78,47700
WHA,20260109,3.24,3.28,3.22,3.22,55053600
WHABT,20260109,5.95,5.95,5.9,5.9,3200
WHAIR,20260109,6.2,6.2,6.15,6.2,959900
WHART,20260109,10.7,10.8,10.6,10.6,1490500
WHAUP,20260109,4.38,4.4,4.3,4.3,4133300
WICE,20260109,2.28,2.3,2.26,2.3,203500
WIIK,20260109,0.85,0.86,0.85,0.86,53600
WIN,20260109,0.35,0.35,0.35,0.35,5100
WINDOW,20260109,0.69,0.7,0.68,0.7,293200
WINMED,20260109,0.97,0.99,0.97,0.98,30900
WINNER,20260109,2.08,2.1,2.06,2.1,127300
WORK,20260109,3.68,3.68,3.6,3.64,155900
WP,20260109,3.72,3.78,3.7,3.78,45600
WPH,20260109,6,6,5.95,6,179100
WSOL,20260109,0.23,0.26,0.22,0.23,9293300
XBIO,20260109,0.06,0.06,0.05,0.06,11225900
XO,20260109,14.3,14.4,14.3,14.3,348400
XPG,20260109,0.45,0.45,0.43,0.44,6015700
XYZ,20260109,0.47,0.49,0.44,0.49,168200
YGG,20260109,0.33,0.34,0.32,0.33,2093400
YONG,20260109,0.68,0.7,0.68,0.69,78500
YUASA,20260109,13.8,13.8,13.7,13.8,21100
ZAA,20260109,1.86,1.86,1.86,1.86,1500
ZEN,20260109,6.2,6.2,6.2,6.2,3900
ZIGA,20260109,0.88,0.88,0.85,0.86,685700
2S-O,20260109,2.48,2.48,2.48,2.48,18
3BBIF-O,20260109,6.5,6.55,6.45,6.5,598
88TH-O,20260109,4.48,4.48,4.2,4.22,387
AAI-O,20260109,4.18,4.3,4.18,4.22,94
AAV-O,20260109,1.18,1.19,1.17,1.18,412
ABM-O,20260109,0.62,0.62,0.62,0.62,16
ACC-O,20260109,0.45,0.45,0.45,0.45,2
ACE-O,20260109,1.3,1.3,1.3,1.3,2
ADVANC-O,20260109,321,323,319,319,1192
ADVICE-O,20260109,5.85,5.85,5.65,5.65,134
AEONTS-O,20260109,99.5,99.5,97.5,97.75,1532
AGE-O,20260109,1.23,1.24,1.23,1.24,127
AH-O,20260109,12.9,12.9,12.9,12.9,18
AI-O,20260109,3.02,3.02,3.02,3.02,5
AIE-O,20260109,1.01,1.03,0.99,1.02,185
AIRA-O,20260109,1.8,1.8,1.4,1.4,37
AIT-O,20260109,5,5,4.98,4.98,68
AJ-O,20260109,1.99,1.99,1.97,1.97,5
AJA-O,20260109,0.17,0.17,0.17,0.17,119
AKR-O,20260109,0.88,0.88,0.87,0.87,115
AKS-O,20260109,0.02,0.02,0.01,0.01,517
ALLY-O,20260109,3.14,4.48,3.14,4.44,118
ALPHAX-O,20260109,0.48,0.48,0.48,0.48,10
AMANAH-O,20260109,0.76,0.77,0.71,0.71,198
AMARIN-O,20260109,2.22,2.22,2.22,2.22,5
AMATA-O,20260109,15.5,15.7,15.4,15.7,1143
AMATAR-O,20260109,6.8,6.8,6.8,6.8,54
AMR-O,20260109,0.29,0.3,0.29,0.3,6
ANAN-O,20260109,0.43,0.44,0.43,0.44,95
AOT-O,20260109,51.5,52.5,51.25,51.75,2371
AP-O,20260109,8.95,9.05,8.9,8.95,357
APP-O,20260109,2.58,2.58,2.58,2.58,26
APURE-O,20260109,2.16,2.16,2.16,2.16,7
AQUA-O,20260109,0.16,0.16,0.16,0.16,40
AS-O,20260109,3.02,3.32,3.02,3.28,150
ASAP-O,20260109,0.86,0.88,0.86,0.88,11
ASIAN-O,20260109,7.2,7.3,7.15,7.25,136
ASK-O,20260109,7.15,7.3,6.9,7.1,140
ASP-O,20260109,1.9,2.02,1.9,2.02,60
ASW-O,20260109,5.95,6.05,5.95,6.05,87
ATLAS-O,20260109,1.8,1.82,1.79,1.79,172
AU-O,20260109,5.15,5.15,5.1,5.1,81
AUCT-O,20260109,5.4,5.5,5.35,5.35,55
AURA-O,20260109,14.1,14.1,13.9,13.9,164
AWC-O,20260109,2.06,2.08,2.04,2.06,578
AXTRART-O,20260109,13.3,13.3,12.8,12.9,242
AYUD-O,20260109,35,35.25,34.75,35.25,22
B-O,20260109,0.03,0.04,0.03,0.04,79
B52-O,20260109,0.38,0.42,0.38,0.42,100
BA-O,20260109,16.1,16.3,16,16.3,258
BAFS-O,20260109,8.6,8.7,8.6,8.7,95
BAM-O,20260109,7.85,8.05,7.7,8,7022
BANPU-O,20260109,5.05,5.05,5,5,611
BAY-O,20260109,26.25,26.25,26,26,119
BBIK-O,20260109,14.8,14.8,14.5,14.6,328
BBL-O,20260109,174,174,172,172,1658
BCH-O,20260109,10.2,10.3,9.85,9.9,13474
BCP-O,20260109,28.5,29,28.25,28.25,1095
BCPG-O,20260109,6.8,6.95,6.8,6.85,618
BDMS-O,20260109,19.6,19.6,18.8,19,19604
BEC-O,20260109,1.93,1.93,1.84,1.86,126
BEM-O,20260109,5.25,5.3,5.2,5.3,339
BEYOND-O,20260109,8.75,8.75,8.75,8.75,10
BGRIM-O,20260109,14.7,14.7,14.4,14.5,2810
BGT-O,20260109,0.35,0.35,0.35,0.35,8
BH-O,20260109,154,154,147.5,148,9651
BIOTEC-O,20260109,0.2,0.2,0.2,0.2,3
BIZ-O,20260109,4,4,4,4,34
BJC-O,20260109,14.3,14.3,14.1,14.2,506
BKA-O,20260109,0.79,0.79,0.79,0.79,81
BKD-O,20260109,1.05,1.05,1.05,1.05,7
BKIH-O,20260109,301,301,301,301,70
BLA-O,20260109,21,21.3,21,21,222
BLAND-O,20260109,0.45,0.45,0.44,0.44,6
BLC-O,20260109,3.98,3.98,3.98,3.98,2
BM-O,20260109,1.14,1.14,1.14,1.14,1
BOFFICE-O,20260109,5.1,5.1,5.05,5.05,51
BOL-O,20260109,5.45,5.45,5.45,5.45,22
BPP-O,20260109,10.7,10.9,10.6,10.6,302
BRI-O,20260109,1.51,1.51,1.5,1.5,13
BRR-O,20260109,3.72,3.72,3.64,3.66,149
BTC-O,20260109,0.27,0.28,0.27,0.28,10
BTG-O,20260109,18.6,18.7,18.6,18.7,118
BTS-O,20260109,2.3,2.3,2.18,2.18,2863
BTSGIF-O,20260109,2.6,2.6,2.6,2.6,1
BUI-O,20260109,12.3,12.3,12.3,12.3,1
BWG-O,20260109,0.29,0.29,0.29,0.29,50
BYD-O,20260109,0.4,0.55,0.4,0.52,126
CBG-O,20260109,43,43.75,42.75,43.25,630
CCET-O,20260109,4.6,4.6,4.44,4.44,236
CCP-O,20260109,0.25,0.25,0.25,0.25,1
CEN-O,20260109,0.93,0.93,0.93,0.93,4
CENTEL-O,20260109,33,33,32.25,32.5,146
CFARM-O,20260109,0.71,0.71,0.71,0.71,1
CFRESH-O,20260109,0.66,0.66,0.66,0.66,1
CGD-O,20260109,0.11,0.11,0.11,0.11,10
CGH-O,20260109,0.5,0.5,0.5,0.5,16
CH-O,20260109,1.59,1.6,1.59,1.6,38
CHAO-O,20260109,4.48,4.48,4.48,4.48,2
CHAYO-O,20260109,1.3,1.3,1.25,1.25,379
CHG-O,20260109,1.52,1.53,1.5,1.52,863
CHO-O,20260109,0.06,0.06,0.05,0.06,213
CHOW-O,20260109,1.11,1.11,1.11,1.11,5
CK-O,20260109,12.1,12.2,11.7,11.7,553
CKP-O,20260109,2.42,2.44,2.36,2.44,98
CM-O,20260109,1.67,1.67,1.67,1.67,1
CMR-O,20260109,1.39,1.42,1.39,1.4,79
CNT-O,20260109,1.01,1.01,1.01,1.01,71
COCOCO-O,20260109,5.2,5.2,4.98,5,140
COM7-O,20260109,19.9,19.9,19.2,19.5,2002
CPALL-O,20260109,43,43.25,42.75,43,7348
CPANEL-O,20260109,2.1,2.1,2.1,2.1,1
CPAXT-O,20260109,15.5,15.6,14.8,14.9,11959
CPF-O,20260109,21.6,21.8,21.4,21.8,528
CPI-O,20260109,3.32,3.34,3.32,3.34,54
CPN-O,20260109,56,56,55.25,55.25,281
CPNCG-O,20260109,6.4,6.4,6.2,6.2,160
CPNREIT-O,20260109,11.5,11.5,11.4,11.4,1079
CPR-O,20260109,2.82,2.82,2.76,2.76,3
CPTREIT-O,20260109,3.86,5.6,3.86,5.6,5
CPW-O,20260109,1.96,2,1.96,2,11
CRC-O,20260109,17.5,17.5,17.1,17.2,1175
CREDIT-O,20260109,15.5,15.8,15.4,15.8,11
CSP-O,20260109,0.43,0.43,0.43,0.43,5
CSS-O,20260109,0.77,0.77,0.77,0.77,1
DCC-O,20260109,1.22,1.24,1.2,1.21,79
DELTA-O,20260109,162.5,169,162.5,165.5,20468
DEMCO-O,20260109,2.28,2.28,2.26,2.26,11
DEXON-O,20260109,1.03,1.03,1.03,1.03,114
DHOUSE-O,20260109,0.41,0.41,0.41,0.41,1
DIF-O,20260109,9.5,9.55,9.4,9.5,797
DITTO-O,20260109,11,11,10.8,10.9,167
DMT-O,20260109,10.5,10.6,10.5,10.6,94
DOHOME-O,20260109,3.52,3.58,3.46,3.46,725
DREIT-O,20260109,4.86,4.92,4.8,4.92,100
DRT-O,20260109,5.1,5.1,5.1,5.1,83
DTCENT-O,20260109,0.87,0.87,0.87,0.87,5
DUSIT-O,20260109,11.9,12.4,11.9,11.9,113
DV8-O,20260109,4.64,4.64,4.56,4.56,11
EA-O,20260109,2.8,2.8,2.68,2.7,844
EASON-O,20260109,1.08,1.08,1.08,1.08,2
EASTW-O,20260109,1.92,1.95,1.9,1.91,324
ECF-O,20260109,0.1,0.1,0.1,0.1,77
EFORL-O,20260109,0.13,0.14,0.13,0.14,63
EGCO-O,20260109,114.5,115,113.5,114,546
EKH-O,20260109,5,5,4.92,4.94,58
EMPIRE-O,20260109,1.19,1.19,1.18,1.18,7
EP-O,20260109,1.19,1.2,1.19,1.2,70
EPG-O,20260109,3,3.02,3,3.02,8
ERW-O,20260109,2.26,2.28,2.24,2.24,321
ETC-O,20260109,0.57,0.57,0.57,0.57,11
FLOYD-O,20260109,1.5,1.5,1.5,1.5,20
FM-O,20260109,3.64,3.7,3.64,3.7,92
FN-O,20260109,0.43,0.43,0.43,0.43,99
FNS-O,20260109,0.86,0.87,0.86,0.87,65
FORTH-O,20260109,5.9,5.9,5.85,5.9,49
FPI-O,20260109,1.67,1.67,1.67,1.67,1
FSMART-O,20260109,6.05,6.1,5.9,5.95,226
FSX-O,20260109,0.72,0.72,0.52,0.52,77
FTE-O,20260109,2,2,1.9,1.9,110
FTREIT-O,20260109,11.8,11.9,11.7,11.7,140
FUTURERT-O,20260109,9.15,9.15,9.15,9.15,33
FVC-O,20260109,0.45,0.45,0.45,0.45,54
GABLE-O,20260109,3.4,3.4,3.4,3.4,55
GBX-O,20260109,0.48,0.48,0.48,0.48,2
GC-O,20260109,4,4,3.94,3.94,170
GFPT-O,20260109,10.9,10.9,10.3,10.3,228
GLOBAL-O,20260109,6.35,6.35,6.1,6.2,541
GPI-O,20260109,1.58,1.58,1.58,1.58,13
GPSC-O,20260109,37.25,37.5,36.75,37,1361
GRAMMY-O,20260109,4.3,4.3,4.3,4.3,11
GRAND-O,20260109,0.03,0.03,0.03,0.03,80
GTB-O,20260109,0.68,0.68,0.68,0.68,5
GULF-O,20260109,42.75,43.5,42.75,43.25,2556
GUNKUL-O,20260109,1.86,1.88,1.86,1.87,335
GVREIT-O,20260109,6.6,6.6,6.6,6.6,7
GYT-O,20260109,201,201,201,201,37
HANA-O,20260109,16.4,16.4,16,16.1,782
HANN-O,20260109,0.92,0.93,0.91,0.91,148
HFT-O,20260109,4.12,4.12,4.12,4.12,50
HMPRO-O,20260109,6.7,6.75,6.6,6.7,654
HPF-O,20260109,5.2,5.2,5.2,5.2,5
HPT-O,20260109,0.34,0.34,0.34,0.34,5
HTC-O,20260109,15.1,15.2,15,15.2,64
HTECH-O,20260109,3,3,3,3,10
HUMAN-O,20260109,4.92,4.92,4.88,4.88,91
HYDRO-O,20260109,3.4,3.4,3.1,3.1,272
HYDROGEN-O,20260109,5.5,5.5,5.5,5.5,1
I2-O,20260109,0.7,0.7,0.7,0.7,2
ICC-O,20260109,25,25,25,25,7
ICHI-O,20260109,13.2,13.8,13.2,13.7,1005
ICN-O,20260109,1.68,1.68,1.68,1.68,5
IDG-O,20260109,1.73,1.73,1.73,1.73,7
III-O,20260109,3.96,3.96,3.94,3.94,77
ILINK-O,20260109,4.8,4.8,4.68,4.68,15
ILM-O,20260109,13.5,13.5,13.5,13.5,3
IMPACT-O,20260109,10.4,10.4,10.4,10.4,48
IND-O,20260109,1.37,1.37,1.37,1.37,1
INET-O,20260109,3.6,3.64,3.6,3.6,37
INETREIT-O,20260109,11.5,11.5,11.4,11.5,1049
INGRS-O,20260109,0.25,0.25,0.25,0.25,1
INOX-O,20260109,0.47,0.47,0.47,0.47,1
INSET-O,20260109,1.62,1.64,1.62,1.64,112
IP-O,20260109,4.38,4.38,4.32,4.32,51
IRC-O,20260109,11.9,11.9,11.9,11.9,50
IROYAL-O,20260109,4.94,4.94,4.94,4.94,1
IRPC-O,20260109,1.08,1.13,1.08,1.13,765
ITC-O,20260109,16.4,16.5,16.3,16.5,103
ITD-O,20260109,0.26,0.26,0.26,0.26,77
ITEL-O,20260109,1.33,1.33,1.32,1.32,21
IVL-O,20260109,16.9,17,16.7,16.8,799
J-O,20260109,0.66,0.66,0.61,0.61,18
JAK-O,20260109,0.68,0.68,0.68,0.68,4
JAS-O,20260109,1.33,1.33,1.3,1.3,422
JDF-O,20260109,1.4,1.4,1.4,1.4,2
JMART-O,20260109,6.9,6.9,6.7,6.7,582
JMT-O,20260109,10.3,10.3,8.75,8.8,352
JPARK-O,20260109,2.66,2.66,2.66,2.66,4
JR-O,20260109,1.66,1.7,1.66,1.7,2
JSP-O,20260109,1.91,1.91,1.9,1.9,2
JTS-O,20260109,59.75,59.75,56.25,57.25,674
JUBILE-O,20260109,7.05,7.05,7.05,7.05,2
KAMART-O,20260109,9,9,8.95,9,69
KASET-O,20260109,0.57,0.57,0.57,0.57,83
KBANK-O,20260109,195,197,191.5,192,3736
KBS-O,20260109,5.8,5.8,5.75,5.75,83
KBSPIF-O,20260109,8,8.1,8,8.1,18
KC-O,20260109,0.02,0.03,0.02,0.03,50
KCAR-O,20260109,5.4,5.4,5.4,5.4,10
KCE-O,20260109,18.2,18.4,17.6,17.6,1562
KCG-O,20260109,8.3,8.3,8.3,8.3,1
KCM-O,20260109,0.16,0.16,0.16,0.16,80
KDH-O,20260109,81,91.75,80,91.75,60
KGEN-O,20260109,1.3,1.48,1.3,1.48,2
KGI-O,20260109,4,4,3.98,3.98,60
KIAT-O,20260109,0.42,0.42,0.42,0.42,7
KISS-O,20260109,3.02,3.02,3.02,3.02,20
KKP-O,20260109,67.5,67.5,66.5,66.75,2690
KLINIQ-O,20260109,21.2,21.7,21,21,184
KOOL-O,20260109,0.21,0.21,0.21,0.21,2
KSL-O,20260109,1.24,1.25,1.22,1.22,283
KTB-O,20260109,29,29.25,28.5,28.75,4252
KTC-O,20260109,26.25,26.25,25.75,25.75,2423
LANNA-O,20260109,15.4,15.4,15.3,15.3,161
LEO-O,20260109,1.95,1.95,1.94,1.94,91
LH-O,20260109,4,4,3.84,3.84,2320
LHFG-O,20260109,0.93,0.93,0.9,0.9,5
LHHOTEL-O,20260109,13.3,13.3,13.2,13.2,95
LHK-O,20260109,3.38,3.38,3.38,3.38,49
LHRREIT-O,20260109,4.5,4.5,4.5,4.5,6
LHSC-O,20260109,13,13,13,13,41
LOXLEY-O,20260109,1.25,1.25,1.25,1.25,10
LPH-O,20260109,3.76,3.76,3.76,3.76,2
LPN-O,20260109,1.55,1.55,1.51,1.51,201
LTS-O,20260109,2.54,2.62,2.54,2.56,171
M-CHAI-O,20260109,22.4,22.4,22,22,42
M-O,20260109,18.3,18.3,18.1,18.3,449
MAGURO-O,20260109,20,20,19.7,19.9,117
MAJOR-O,20260109,6.95,6.95,6.85,6.85,169
MALEE-O,20260109,4.1,4.18,4.02,4.02,29
MANRIN-O,20260109,23.1,23.1,23,23,58
MASTER-O,20260109,8.8,8.8,8.4,8.4,506
MBK-O,20260109,18.1,18.1,17.9,17.9,143
MC-O,20260109,11.4,11.4,11.3,11.3,419
MCA-O,20260109,0.97,0.97,0.97,0.97,1
MCOT-O,20260109,3.1,3.1,3.1,3.1,1
MCS-O,20260109,8.3,8.3,8.3,8.3,54
MDX-O,20260109,2.46,2.46,2.46,2.46,1
MEB-O,20260109,15.3,15.3,15.3,15.3,2
MEGA-O,20260109,36.25,37,36.25,36.5,246
METCO-O,20260109,292,292,287,288,220
MFEC-O,20260109,5.25,5.25,5.25,5.25,1
MGI-O,20260109,5.65,5.7,5.65,5.65,150
MGT-O,20260109,1.59,1.59,1.59,1.59,3
MINT-O,20260109,23.9,24,23.8,23.9,641
MJLF-O,20260109,4.94,4.94,4.94,4.94,12
ML-O,20260109,0.48,0.48,0.48,0.48,9
MMM-O,20260109,3.36,3.36,3.32,3.32,82
MNRF-O,20260109,1.5,1.5,1.5,1.5,6
MONO-O,20260109,1.22,1.27,1.22,1.27,808
MOONG-O,20260109,2.04,2.04,2.04,2.04,1
MOSHI-O,20260109,34.5,35,34.25,35,113
MRDIYT-O,20260109,8.85,8.85,8.55,8.55,102
MSC-O,20260109,7.7,7.7,7.7,7.7,1
MTC-O,20260109,30.25,30.25,29.25,30,1267
MTI-O,20260109,16.2,16.2,15.9,15.9,124
MUD-O,20260109,0.49,0.49,0.48,0.48,20
NAM-O,20260109,3.46,3.46,3.28,3.3,139
NCAP-O,20260109,2.9,2.9,2.88,2.88,2
NCH-O,20260109,0.4,0.4,0.39,0.4,59
NEO-O,20260109,20.5,20.5,20,20.1,169
NER-O,20260109,4.64,4.9,4.64,4.86,944
NETBAY-O,20260109,21.6,21.6,21.6,21.6,52
NEWS-O,20260109,0.02,0.02,0.02,0.02,3
NEX-O,20260109,1.18,1.18,1.17,1.17,4
NKI-O,20260109,18.5,18.5,18.5,18.5,1
NNCL-O,20260109,1.49,1.49,1.49,1.49,50
NOBLE-O,20260109,2.18,2.2,2.18,2.2,51
NOVA-O,20260109,8.6,8.6,8.6,8.6,10
NPK-O,20260109,12.2,12.2,12.2,12.2,46
NRF-O,20260109,0.31,0.32,0.3,0.3,134
NSL-O,20260109,23.7,23.8,23.2,23.8,191
NTF-O,20260109,5.3,5.3,5.05,5.05,175
NTSC-O,20260109,6.25,6.25,6.25,6.25,99
NTV-O,20260109,23.1,23.1,23,23,27
NUT-O,20260109,4.04,4.04,3.8,3.8,4
NV-O,20260109,0.54,0.56,0.54,0.55,130
NYT-O,20260109,3.08,3.86,3,3,157
OKJ-O,20260109,4.18,4.26,4.1,4.1,258
ONEE-O,20260109,2.16,2.16,2.12,2.12,431
ONSENS-O,20260109,1.11,1.11,1.11,1.11,88
OR-O,20260109,13.7,14,13.7,13.9,1297
ORI-O,20260109,1.77,1.78,1.74,1.74,379
ORN-O,20260109,0.73,0.73,0.73,0.73,3
OSP-O,20260109,16.4,16.7,16.4,16.5,691
PANEL-O,20260109,1.36,1.36,1.36,1.36,29
PAP-O,20260109,1.96,1.97,1.96,1.97,5
PATO-O,20260109,7,7,7,7,25
PB-O,20260109,48,48.75,48,48.75,168
PCE-O,20260109,2.26,2.26,2.26,2.26,1
PCSGH-O,20260109,3.06,3.14,3.06,3.14,86
PEER-O,20260109,0.11,0.11,0.11,0.11,1
PF-O,20260109,0.06,0.06,0.06,0.06,1
PHG-O,20260109,12.6,12.6,12.6,12.6,9
PHOL-O,20260109,2.8,2.82,2.8,2.82,50
PIN-O,20260109,4.32,4.32,4.32,4.32,23
PL-O,20260109,1.31,1.31,1.31,1.31,1
PLANB-O,20260109,3.7,3.7,3.48,3.52,1356
PLANET-O,20260109,0.5,0.55,0.5,0.55,102
PLAT-O,20260109,0.85,0.85,0.84,0.84,110
PLT-O,20260109,0.61,0.61,0.61,0.61,2
PM-O,20260109,11.8,12.1,11.8,11.9,63
PMC-O,20260109,0.82,0.82,0.82,0.82,1
PMTA-O,20260109,10.2,10.3,10,10,17
POPF-O,20260109,5.4,5.4,5.35,5.35,24
PORT-O,20260109,0.57,0.57,0.57,0.57,2
PPM-O,20260109,1.16,1.18,1.16,1.18,67
PPPM-O,20260109,0.3,0.34,0.28,0.33,55
PR9-O,20260109,18.6,18.7,18.4,18.4,413
PRG-O,20260109,9,9,9,9,38
PRINC-O,20260109,1.71,1.71,1.71,1.71,34
PRM-O,20260109,7.15,7.25,7,7,428
PROS-O,20260109,0.45,0.45,0.4,0.4,6
PROSPECT-O,20260109,7,7.05,7,7,52
PROUD-O,20260109,0.88,0.88,0.88,0.88,50
PSGC-O,20260109,2.42,2.42,1.63,2.22,293
PSL-O,20260109,6,6,5.9,5.9,174
PSTC-O,20260109,0.27,0.27,0.27,0.27,1
PT-O,20260109,12.3,12.4,12.2,12.3,296
PTG-O,20260109,7.8,7.8,7.45,7.5,1133
PTL-O,20260109,8.45,8.45,8.35,8.35,21
PTT-O,20260109,31.75,31.75,31.5,31.75,4092
PTTEP-O,20260109,109,111.5,109,111,3129
PTTGC-O,20260109,22.2,22.3,22.1,22.2,673
PYLON-O,20260109,2.54,2.68,2.54,2.68,60
QDC-O,20260109,0.1,0.14,0.09,0.13,905
QH-O,20260109,1.35,1.36,1.33,1.35,831
QHBREIT-O,20260109,3.52,3.52,3.5,3.5,6
QTCG-O,20260109,0.14,0.14,0.14,0.14,1
RAM-O,20260109,23.9,23.9,18.5,18.6,48
RATCH-O,20260109,29.5,29.5,29.25,29.5,469
RBF-O,20260109,3.2,3.2,3.12,3.18,202
RCL-O,20260109,28.25,28.5,28,28.25,518
RJH-O,20260109,13.5,13.5,13.3,13.3,222
RML-O,20260109,0.1,0.12,0.1,0.12,3
ROCK-O,20260109,10.7,10.7,10,10,4
ROCTEC-O,20260109,0.53,0.53,0.53,0.53,29
ROJNA-O,20260109,4.44,4.44,4.42,4.42,31
RPH-O,20260109,4.96,4.96,4.96,4.96,9
RS-O,20260109,0.19,0.19,0.19,0.19,40
RWI-O,20260109,0.21,0.21,0.21,0.21,19
S-O,20260109,0.5,0.5,0.5,0.5,21
SAAM-O,20260109,4.98,4.98,4.98,4.98,2
SABINA-O,20260109,16.1,16.7,16.1,16.2,181
SAF-O,20260109,0.38,0.39,0.38,0.39,11
SAFE-O,20260109,6,6,6,6,1
SAK-O,20260109,3.26,3.26,3.26,3.26,10
SAMART-O,20260109,5.4,5.4,5.4,5.4,1
SAMCO-O,20260109,0.71,0.71,0.69,0.69,84
SANKO-O,20260109,0.86,0.86,0.86,0.86,10
SAPPE-O,20260109,32.25,32.25,31.75,31.75,94
SAT-O,20260109,15,15.1,15,15.1,96
SAUCE-O,20260109,39.5,39.5,39.25,39.25,132
SAV-O,20260109,12.1,12.1,12.1,12.1,50
SAWAD-O,20260109,23.1,23.4,22.2,22.6,2273
SC-O,20260109,1.73,1.74,1.72,1.74,176
SCB-O,20260109,141,141.5,139.5,140,10831
SCC-O,20260109,195,199.5,195,197.5,1428
SCCC-O,20260109,144,145,143.5,145,130
SCG-O,20260109,2.18,2.18,2.18,2.18,60
SCGD-O,20260109,4.74,4.74,4.7,4.74,114
SCGP-O,20260109,18.3,18.7,18.2,18.6,334
SCL-O,20260109,1.31,1.31,1.31,1.31,20
SE-ED-O,20260109,1.69,1.69,1.69,1.69,65
SE-O,20260109,0.42,0.42,0.42,0.42,86
SEAFCO-O,20260109,2.02,2.02,2.02,2.02,3
SEAOIL-O,20260109,3.04,3.1,3.04,3.06,49
SECURE-O,20260109,13,13,13,13,1
SEI-O,20260109,2.2,2.2,2.2,2.2,55
SELIC-O,20260109,2.6,2.6,2.6,2.6,6
SENA-O,20260109,1.73,1.73,1.73,1.73,10
SENX-O,20260109,0.23,0.23,0.23,0.23,1
SFLEX-O,20260109,2.16,2.16,2.16,2.16,8
SFT-O,20260109,2.5,2.5,2.5,2.5,10
SGC-O,20260109,0.83,0.83,0.81,0.81,81
SGP-O,20260109,8.1,8.1,7.7,7.7,2
SHANG-O,20260109,48.75,48.75,48.75,48.75,4
SHR-O,20260109,1.7,1.7,1.68,1.68,11
SIMAT-O,20260109,1.61,1.9,1.53,1.55,330
SINGER-O,20260109,4.86,4.88,4.84,4.84,139
SIRI-O,20260109,1.37,1.37,1.35,1.35,1422
SIS-O,20260109,20.5,20.5,20.3,20.3,149
SISB-O,20260109,11.4,11.4,11.4,11.4,49
SITHAI-O,20260109,1.06,1.06,1.06,1.06,2
SJWD-O,20260109,6.95,7,6.65,6.65,425
SKIN-O,20260109,1.35,1.35,1.34,1.35,152
SKN-O,20260109,6.45,6.45,6.3,6.3,99
SKR-O,20260109,7,7,7,7,5
SKY-O,20260109,10.8,10.8,10.6,10.6,50
SMD100-O,20260109,2.26,2.26,2.26,2.26,10
SMIT-O,20260109,3.6,3.6,3.6,3.6,13
SMO-O,20260109,3.56,3.56,3.56,3.56,5
SMPC-O,20260109,9.05,9.05,9.05,9.05,10
SMT-O,20260109,0.78,0.78,0.78,0.78,50
SNC-O,20260109,6,6,5.95,5.95,3
SNNP-O,20260109,7.3,7.3,7.25,7.25,111
SNP-O,20260109,9.8,9.8,9.65,9.65,83
SO-O,20260109,2.84,2.84,2.84,2.84,2
SOLAR-O,20260109,0.21,0.21,0.18,0.18,99
SORKON-O,20260109,3.54,3.54,3.54,3.54,12
SPA-O,20260109,3.14,3.16,3.1,3.1,149
SPALI-O,20260109,17.7,17.8,17.2,17.7,3604
SPC-O,20260109,58,58,57.5,57.75,7
SPCG-O,20260109,9.6,9.7,9.55,9.6,321
SPRC-O,20260109,6.45,6.75,6,6.7,891
SPREME-O,20260109,1.45,1.45,1.45,1.45,30
SPRIME-O,20260109,3.54,3.54,3.54,3.54,12
SPVI-O,20260109,2.14,2.14,2.14,2.14,22
SRIPANWA-O,20260109,3.5,3.5,3.5,3.5,2
SSP-O,20260109,3.2,3.2,3.12,3.12,140
SSPF-O,20260109,2.2,2.2,2.2,2.2,82
SST-O,20260109,1.32,1.32,0.94,0.94,46
STA-O,20260109,12.5,12.8,12.5,12.6,689
STANLY-O,20260109,189,189.5,189,189,33
STECON-O,20260109,7.05,7.1,6.8,6.9,6469
STGT-O,20260109,9.65,9.7,9.55,9.55,147
STPI-O,20260109,4.66,4.66,4.66,4.66,1
SUC-O,20260109,27.5,27.5,27.5,27.5,10
SUN-O,20260109,2.98,3,2.98,3,28
SUPER-O,20260109,0.12,0.12,0.12,0.12,112
SUSCO-O,20260109,2.18,2.18,2.1,2.1,77
SVI-O,20260109,7.3,7.3,7.3,7.3,103
SYMC-O,20260109,3.48,3.48,3.42,3.48,123
SYNEX-O,20260109,9.95,9.95,9.9,9.95,302
SYNTEC-O,20260109,1.64,1.64,1.62,1.62,21
TACC-O,20260109,5.45,5.45,5.4,5.45,706
TAKUNI-O,20260109,0.36,0.36,0.36,0.36,20
TAN-O,20260109,3.66,3.66,3.66,3.66,10
TASCO-O,20260109,14.3,14.3,14.1,14.3,560
TATG-O,20260109,0.95,0.95,0.95,0.95,4
TBN-O,20260109,4.18,4.28,4.18,4.28,6
TCAP-O,20260109,58.75,58.75,58,58,1087
TEAM-O,20260109,2.98,2.98,2.34,2.34,105
TEGH-O,20260109,2.98,2.98,2.96,2.96,38
TERA-O,20260109,1,1,1,1,38
TFFIF-O,20260109,6.4,6.4,6.35,6.4,195
TFG-O,20260109,4.56,4.68,4.54,4.62,2837
TFM-O,20260109,5.95,5.95,5.95,5.95,1
TFMAMA-O,20260109,192.5,192.5,190,190,165
THAI-O,20260109,7.25,7.3,7.15,7.25,2231
THANA-O,20260109,1.63,2.12,1.49,2.12,15
THANI-O,20260109,1.67,1.67,1.65,1.65,122
THCOM-O,20260109,8.65,8.65,8.5,8.55,71
THG-O,20260109,9.15,9.15,8.95,9.05,128
THIP-O,20260109,23.4,23.5,23.4,23.5,4
THMUI-O,20260109,0.19,0.19,0.19,0.19,29
THRE-O,20260109,0.36,0.41,0.32,0.41,41
THREL-O,20260109,1.05,1.31,1.03,1.03,166
TIDLOR-O,20260109,16.4,16.4,15.9,16,1500
TIPCO-O,20260109,7.75,7.8,7.75,7.75,83
TIPH-O,20260109,20.1,20.2,19.9,19.9,773
TISCO-O,20260109,110.5,110.5,109.5,109.5,5179
TITLE-O,20260109,6.25,6.25,6.2,6.2,90
TKN-O,20260109,4,4.04,3.98,3.98,129
TKS-O,20260109,6.15,6.15,6.15,6.15,30
TL-O,20260109,0.28,0.32,0.28,0.3,26
TLI-O,20260109,10.1,10.5,10.1,10.4,897
TM-O,20260109,0.96,0.96,0.95,0.95,25
TMAN-O,20260109,10.4,10.7,10.4,10.7,48
TMD-O,20260109,26,26,26,26,25
TMILL-O,20260109,2.12,2.12,2.1,2.1,76
TMT-O,20260109,2.72,2.72,2.72,2.72,50
TNP-O,20260109,2.72,2.72,2.72,2.72,17
TNR-O,20260109,5.95,6,5.95,6,86
TOA-O,20260109,14.3,14.3,14.1,14.2,22
TOG-O,20260109,6.5,6.7,6.45,6.45,136
TOP-O,20260109,39.75,40,39.5,39.75,1356
TPCH-O,20260109,1.51,1.71,1.49,1.62,198
TPIPL-O,20260109,0.7,0.72,0.7,0.72,142
TPIPP-O,20260109,1.82,1.83,1.82,1.83,23
TQM-O,20260109,11.5,11.5,11.4,11.4,88
TQR-O,20260109,5,5,5,5,1
TRC-O,20260109,0.43,0.43,0.31,0.31,108
TRITN-O,20260109,0.03,0.03,0.03,0.03,2
TRP-O,20260109,3.2,4.3,3.2,4.3,72
TRT-O,20260109,4.44,4.44,3.7,3.7,2
TRUE-O,20260109,11.1,11.2,11,11.1,1398
TSC-O,20260109,16.3,16.3,16.3,16.3,1
TSE-O,20260109,0.44,0.44,0.43,0.44,38
TSI-O,20260109,0.04,0.05,0.04,0.05,402
TSR-O,20260109,0.17,0.17,0.17,0.17,50
TTA-O,20260109,4.28,4.28,4.26,4.26,2
TTB-O,20260109,2.06,2.08,2.02,2.04,4535
TTLPF-O,20260109,10,10,10,10,210
TTT-O,20260109,44.25,44.25,44,44,14
TTW-O,20260109,9.15,9.15,9.1,9.15,485
TU-O,20260109,13.4,13.4,12.8,12.8,1789
TURBO-O,20260109,1.35,1.35,1.34,1.34,265
TVO-O,20260109,22.7,22.9,22.6,22.9,261
TVT-O,20260109,0.24,0.24,0.24,0.24,1
TWPC-O,20260109,2,2.8,2,2.8,50
UAC-O,20260109,2.68,2.68,2.68,2.68,2
UBA-O,20260109,0.91,0.91,0.9,0.9,26
UBE-O,20260109,0.43,0.43,0.43,0.43,1
UMI-O,20260109,0.65,0.65,0.65,0.65,1
UPF-O,20260109,23.6,23.6,23.6,23.6,77
UPOIC-O,20260109,6.6,6.6,6.6,6.6,1
UREKA-O,20260109,0.35,0.36,0.35,0.36,5
UTP-O,20260109,7.55,7.55,7.45,7.5,220
UV-O,20260109,0.86,0.86,0.85,0.85,3
UVAN-O,20260109,12.9,13.1,12.9,13,165
VCOM-O,20260109,3.04,3.04,3.04,3.04,13
VGI-O,20260109,0.92,0.93,0.89,0.89,882
VIBHA-O,20260109,1.43,1.47,1.39,1.39,52
VIH-O,20260109,8.25,8.25,8.25,8.25,9
VPO-O,20260109,0.43,0.43,0.43,0.43,1
WACOAL-O,20260109,18,18,18,18,2
WARRIX-O,20260109,1.82,1.83,1.82,1.83,38
WASH-O,20260109,4.38,4.38,4.34,4.34,23
WAVE-O,20260109,0.02,0.02,0.02,0.02,100
WHA-O,20260109,3.26,3.28,3.24,3.24,1773
WHABT-O,20260109,5.95,5.95,5.95,5.95,10
WHART-O,20260109,10.8,10.8,10.7,10.7,55
WHAUP-O,20260109,4.38,4.4,4.34,4.34,174
WICE-O,20260109,2.28,2.28,2.28,2.28,23
WIIK-O,20260109,0.62,0.85,0.61,0.85,47
WINDOW-O,20260109,0.7,0.8,0.7,0.8,297
WINNER-O,20260109,2.08,2.08,2.08,2.08,71
WORK-O,20260109,3.66,3.66,3.62,3.62,59
WPH-O,20260109,6,6,5.95,5.95,100
WSOL-O,20260109,0.25,0.25,0.23,0.23,102
XBIO-O,20260109,0.05,0.05,0.05,0.05,2
XO-O,20260109,14.4,14.4,14.4,14.4,211
XPG-O,20260109,0.43,0.45,0.43,0.45,53
YUASA-O,20260109,13.7,13.8,13.7,13.8,2
RABBIT-P,20260109,0.28,0.29,0.27,0.28,976400
KTB-P-O,20260109,69.75,129,69.75,129,35
VAYU1,20260109,10.7,10.7,10.6,10.6,158300
VAYU1-O,20260109,10.7,10.7,10.6,10.7,34
AAV01C2604A,20260109,0.11,0.11,0.11,0.11,794800
AAV01C2609T,20260109,0.23,0.24,0.23,0.24,3335700
AAV13C2603A,20260109,0.07,0.07,0.07,0.07,430000
AAV13C2604A,20260109,0.19,0.21,0.19,0.2,9155400
AAV19C2601A,20260109,0.01,0.01,0.01,0.01,65000
AAV19C2604A,20260109,0.22,0.24,0.22,0.23,2252600
AAV19C2612T,20260109,0.2,0.21,0.2,0.21,1073000
AAV41C2604A,20260109,0.18,0.2,0.18,0.2,76600
ADVANC01C2602A,20260109,0.19,0.19,0.17,0.17,1993300
ADVANC01C2606A,20260109,0.43,0.43,0.42,0.42,1433500
ADVANC01P2604A,20260109,0.31,0.31,0.3,0.31,2972900
ADVANC13C2604A,20260109,0.22,0.22,0.21,0.21,1751000
ADVANC13P2604A,20260109,0.25,0.26,0.25,0.26,1149700
ADVANC19C2605A,20260109,0.38,0.39,0.37,0.37,2026100
ADVANC41C2604A,20260109,0.21,0.21,0.2,0.2,101000
ADVANC41C2606T,20260109,0.34,0.35,0.33,0.33,181200
AEONTS13C2602A,20260109,0.01,0.01,0.01,0.01,5000
AIA41C2603A,20260109,0.48,0.51,0.48,0.5,1200
ALIHEA41C2601A,20260109,0.13,0.13,0.13,0.13,2400
ALIHEA41C2606A,20260109,0.47,0.47,0.46,0.46,2000
AMATA01C2602A,20260109,0.02,0.02,0.02,0.02,10000
AMATA01C2605A,20260109,0.18,0.2,0.18,0.2,7653300
AMATA13C2604A,20260109,0.18,0.2,0.18,0.2,9256300
AMATA41C2604A,20260109,0.18,0.2,0.18,0.19,1470800
AOT01C2601A,20260109,0.01,0.01,0.01,0.01,50000
AOT01C2602A,20260109,0.41,0.45,0.41,0.45,1946000
AOT01C2605A,20260109,0.31,0.33,0.31,0.32,1702100
AOT01C2606T,20260109,0.37,0.39,0.37,0.38,4445400
AOT01P2605A,20260109,0.51,0.51,0.48,0.49,4002200
AOT13C2603A,20260109,0.63,0.63,0.63,0.63,500
AOT13C2605A,20260109,0.55,0.55,0.53,0.53,200
AOT13C2605B,20260109,0.29,0.31,0.29,0.29,24180700
AOT13P2605A,20260109,0.26,0.26,0.25,0.25,4714500
AOT19C2605A,20260109,0.47,0.5,0.47,0.48,877100
AOT19C2605B,20260109,0.24,0.26,0.24,0.26,350900
AOT19P2605A,20260109,0.33,0.33,0.31,0.32,1760000
AOT41C2605A,20260109,0.48,0.51,0.48,0.49,450800
AOT41C2605B,20260109,0.26,0.27,0.26,0.27,400
AOT41C2605T,20260109,0.03,0.03,0.03,0.03,110500
AOT41C2609T,20260109,0.44,0.46,0.44,0.45,2200
AWC01C2606T,20260109,0.13,0.13,0.13,0.13,2500000
AWC13C2606A,20260109,0.19,0.19,0.18,0.18,8021900
BA01C2603A,20260109,0.22,0.22,0.21,0.21,3582800
BA13C2603A,20260109,0.35,0.36,0.34,0.35,15838300
BA19C2605A,20260109,0.36,0.37,0.33,0.35,4806100
BA41C2603A,20260109,0.34,0.35,0.33,0.34,452000
BA41C2611T,20260109,0.3,0.3,0.3,0.3,82700
BABA28C2601A,20260109,0.1,0.11,0.1,0.1,2980600
BABA28C2603A,20260109,0.03,0.03,0.03,0.03,200
BABA28C2603B,20260109,0.08,0.09,0.08,0.09,3000
BABA28C2606A,20260109,0.24,0.25,0.24,0.24,732000
BABA28P2603A,20260109,0.22,0.22,0.22,0.22,2104200
BABA41C2601A,20260109,0.14,0.14,0.14,0.14,1400
BABA41C2603A,20260109,0.09,0.09,0.08,0.08,438900
BABA41C2603T,20260109,0.14,0.15,0.14,0.14,4200
BABA41C2609T,20260109,0.89,0.89,0.88,0.89,66200
BABA41C2701T,20260109,0.98,0.99,0.98,0.99,10800
BABA41P2603A,20260109,0.48,0.48,0.47,0.48,3000
BAM01C2603A,20260109,0.1,0.1,0.1,0.1,600800
BAM13C2603A,20260109,0.1,0.1,0.1,0.1,516200
BAM41C2603A,20260109,0.1,0.1,0.1,0.1,200
BAM41C2612T,20260109,0.45,0.45,0.44,0.44,162400
BANPU01C2603A,20260109,0.27,0.27,0.27,0.27,98500
BANPU01C2605A,20260109,0.59,0.59,0.59,0.59,76300
BANPU01C2606T,20260109,0.28,0.28,0.27,0.27,1374400
BANPU13C2602B,20260109,0.04,0.04,0.03,0.03,502500
BANPU13C2603A,20260109,0.33,0.33,0.31,0.31,1447200
BANPU13C2606A,20260109,0.19,0.19,0.18,0.18,2396600
BANPU19C2602A,20260109,0.06,0.06,0.05,0.05,2046100
BANPU19C2603A,20260109,0.36,0.36,0.36,0.36,42700
BANPU19C2612T,20260109,0.29,0.29,0.29,0.29,1171000
BANPU41C2606A,20260109,0.17,0.17,0.17,0.17,200
BBL13C2602A,20260109,0.17,0.18,0.15,0.15,6243800
BBL13C2607A,20260109,0.45,0.46,0.42,0.42,6347500
BBL13P2604A,20260109,0.24,0.25,0.24,0.25,1536100
BBL19C2602A,20260109,0.2,0.21,0.17,0.17,4469400
BBL19C2612T,20260109,0.68,0.69,0.65,0.65,7712400
BBL41C2602A,20260109,0.19,0.19,0.15,0.15,50800
BBL41C2607A,20260109,0.43,0.43,0.4,0.4,2163800
BBL41C2609T,20260109,0.53,0.53,0.51,0.51,602200
BBL41P2604A,20260109,0.24,0.24,0.24,0.24,6000
BCH01C2610T,20260109,0.1,0.1,0.1,0.1,200100
BCH13C2604A,20260109,0.09,0.09,0.07,0.07,1772700
BCH19C2603A,20260109,0.06,0.06,0.05,0.05,279100
BCH19C2607A,20260109,0.22,0.22,0.18,0.18,3654500
BCH41C2604A,20260109,0.08,0.08,0.07,0.07,200000
BCP13C2604A,20260109,0.14,0.15,0.14,0.14,5479200
BCP13C2607A,20260109,0.32,0.33,0.32,0.32,2185000
BCP19C2605A,20260109,0.24,0.25,0.24,0.24,1652200
BCP41C2604A,20260109,0.14,0.14,0.14,0.14,200
BCP41C2607A,20260109,0.3,0.31,0.3,0.3,306900
BCPG01C2605A,20260109,0.14,0.14,0.14,0.14,2033600
BCPG13C2604A,20260109,0.11,0.11,0.11,0.11,1538500
BCPG13C2607A,20260109,0.32,0.33,0.32,0.32,2100800
BCPG19C2605A,20260109,0.18,0.18,0.18,0.18,823700
BCPG41C2606T,20260109,0.23,0.23,0.23,0.23,600
BCPG41C2607A,20260109,0.3,0.31,0.3,0.31,400000
BCPG41C2612T,20260109,0.21,0.21,0.21,0.21,1800
BDMS01C2604A,20260109,0.14,0.14,0.12,0.12,105900
BDMS13C2604A,20260109,0.1,0.1,0.08,0.08,3388800
BDMS13C2607A,20260109,0.28,0.28,0.26,0.26,1528800
BDMS19C2604A,20260109,0.16,0.16,0.15,0.15,402500
BDMS41C2604A,20260109,0.09,0.09,0.08,0.09,958000
BDMS41C2607A,20260109,0.27,0.27,0.25,0.26,600400
BDMS41C2609T,20260109,0.06,0.06,0.06,0.06,3000
BDMS41C2612T,20260109,0.2,0.2,0.2,0.2,4400
BGRIM01C2604A,20260109,0.19,0.19,0.18,0.18,2096100
BGRIM01C2606T,20260109,0.19,0.19,0.18,0.18,3343400
BGRIM13C2605A,20260109,0.24,0.24,0.23,0.23,6647400
BGRIM19C2603A,20260109,0.08,0.08,0.08,0.08,1222200
BGRIM19C2605A,20260109,0.25,0.25,0.24,0.24,13484400
BGRIM41C2603A,20260109,0.05,0.05,0.05,0.05,100
BGRIM41C2605A,20260109,0.24,0.24,0.23,0.23,75300
BGRIM41C2608T,20260109,0.29,0.29,0.29,0.29,600000
BH01C2603A,20260109,0.03,0.03,0.03,0.03,1000000
BH01C2605A,20260109,0.31,0.31,0.23,0.23,11180700
BH01P2601A,20260109,0.01,0.01,0.01,0.01,1000
BH01P2603A,20260109,0.69,0.84,0.69,0.83,9479800
BH13C2602A,20260109,0.01,0.01,0.01,0.01,1000
BH13C2605A,20260109,0.23,0.23,0.17,0.18,4471400
BH13P2604A,20260109,0.78,0.92,0.78,0.92,12628100
BH19C2603A,20260109,0.05,0.05,0.04,0.04,1865400
BH19C2605A,20260109,0.25,0.25,0.18,0.18,1728000
BH41C2605A,20260109,0.19,0.19,0.15,0.16,1009600
BH41C2611T,20260109,0.37,0.37,0.34,0.34,21600
BH41P2604A,20260109,0.69,0.84,0.69,0.84,2483800
BIDU41C2603A,20260109,0.54,0.55,0.53,0.53,47000
BIDU41C2606A,20260109,0.45,0.45,0.44,0.44,39800
BIDU41C2609T,20260109,1.55,1.56,1.52,1.53,41400
BJC01C2602A,20260109,0.02,0.02,0.02,0.02,100
BJC01C2605A,20260109,0.11,0.11,0.11,0.11,12500
BJC13C2605A,20260109,0.12,0.12,0.12,0.12,2391000
BJC19C2612T,20260109,0.4,0.4,0.4,0.4,843200
BJC41C2605A,20260109,0.11,0.11,0.11,0.11,200
BLA01C2602A,20260109,0.05,0.05,0.05,0.05,32400
BLA13C2607A,20260109,0.46,0.47,0.45,0.45,4735900
BLA41C2606T,20260109,0.27,0.27,0.27,0.27,486200
BTG01C2603A,20260109,0.1,0.1,0.1,0.1,16700
BTS01C2604A,20260109,0.07,0.07,0.07,0.07,142200
BTS01C2609T,20260109,0.09,0.09,0.09,0.09,9900
BTS01P2602A,20260109,0.18,0.18,0.18,0.18,298400
BTS01P2602B,20260109,0.52,0.58,0.52,0.58,1037300
BTS13C2603A,20260109,0.01,0.01,0.01,0.01,1000000
BTS13C2604A,20260109,0.04,0.04,0.04,0.04,1272400
BTS13C2606A,20260109,0.13,0.13,0.1,0.11,4976600
BTS13C2701T,20260109,0.21,0.21,0.18,0.18,4159200
BTS19C2605A,20260109,0.2,0.2,0.16,0.16,643800
BTS41C2606A,20260109,0.09,0.09,0.09,0.09,3000
BTS41C2608T,20260109,0.01,0.01,0.01,0.01,200000
BTS41C2612T,20260109,0.06,0.06,0.06,0.06,1000
BYDCOM41C2601A,20260109,0.01,0.01,0.01,0.01,600300
BYDCOM41P2603A,20260109,0.39,0.39,0.39,0.39,400
CATHAY41C2603A,20260109,0.57,0.57,0.53,0.53,711200
CBG01C2602A,20260109,0.02,0.02,0.02,0.02,100
CBG01C2605A,20260109,0.2,0.23,0.19,0.21,7142700
CBG01C2610T,20260109,0.18,0.19,0.18,0.19,1694600
CBG01P2602A,20260109,0.32,0.32,0.26,0.29,3799600
CBG01P2603A,20260109,0.23,0.23,0.2,0.21,6384300
CBG13C2604A,20260109,0.11,0.14,0.11,0.12,2648700
CBG13C2607A,20260109,0.29,0.34,0.29,0.32,7293900
CBG13P2605A,20260109,0.45,0.46,0.42,0.43,1657800
CBG19C2604A,20260109,0.18,0.22,0.18,0.21,5134700
CBG41C2604A,20260109,0.12,0.13,0.12,0.12,30400
CBG41C2607A,20260109,0.29,0.32,0.29,0.3,1610200
CBG41C2608T,20260109,0.02,0.04,0.02,0.04,2181800
CBG41C2612T,20260109,0.17,0.17,0.17,0.17,100
CCET13C2604A,20260109,0.27,0.28,0.26,0.26,2659700
CCET41C2609T,20260109,0.13,0.13,0.13,0.13,100
CENTEL01C2606A,20260109,0.22,0.22,0.22,0.22,1144800
CENTEL13C2605A,20260109,0.27,0.27,0.25,0.26,1338300
CENTEL41C2605A,20260109,0.23,0.23,0.23,0.23,400600
CENTEL41C2606T,20260109,0.19,0.19,0.19,0.19,1200
COM701C2604A,20260109,0.17,0.17,0.15,0.15,7585000
COM713C2604A,20260109,0.08,0.08,0.07,0.07,901100
COM713C2605A,20260109,0.2,0.2,0.17,0.17,7987900
COM719C2605A,20260109,0.23,0.24,0.19,0.19,2390900
COM741C2605A,20260109,0.17,0.17,0.14,0.14,961000
CPALL01C2602A,20260109,0.01,0.02,0.01,0.02,333100
CPALL01C2604A,20260109,0.11,0.11,0.1,0.1,104200
CPALL01C2606T,20260109,0.08,0.08,0.08,0.08,100900
CPALL01P2602A,20260109,0.2,0.2,0.2,0.2,2181800
CPALL13C2604A,20260109,0.08,0.08,0.08,0.08,200
CPALL13C2607A,20260109,0.24,0.24,0.23,0.23,100300
CPALL19C2604A,20260109,0.13,0.13,0.12,0.12,2157400
CPF01C2611T,20260109,0.33,0.33,0.33,0.33,6781000
CPF01P2603A,20260109,0.26,0.26,0.25,0.26,5713200
CPF13C2604A,20260109,0.23,0.23,0.22,0.22,140200
CPF19C2609T,20260109,0.29,0.29,0.29,0.29,6672800
CPF41C2604A,20260109,0.22,0.23,0.22,0.22,404000
CPF41C2612T,20260109,0.33,0.33,0.33,0.33,200
CPN01C2604A,20260109,0.28,0.28,0.27,0.28,1818000
CPN01C2606T,20260109,0.18,0.18,0.18,0.18,600000
CPN13C2604A,20260109,0.28,0.28,0.26,0.26,787300
CPN19C2609T,20260109,0.28,0.28,0.26,0.26,281700
CPN41C2604A,20260109,0.27,0.27,0.25,0.25,201200
CPN41C2608T,20260109,0.29,0.29,0.28,0.28,801000
CRC01C2605A,20260109,0.18,0.18,0.17,0.17,3358500
CRC01C2610T,20260109,0.27,0.27,0.25,0.25,3704600
CRC01P2605A,20260109,0.63,0.67,0.63,0.63,1298300
CRC13C2603A,20260109,0.04,0.04,0.04,0.04,70000
CRC13C2606A,20260109,0.24,0.24,0.22,0.23,1355300
CRC13P2606A,20260109,0.51,0.53,0.51,0.51,2543400
CRC19C2604A,20260109,0.1,0.1,0.09,0.09,447200
CRC41C2606A,20260109,0.21,0.21,0.21,0.21,400
CRC41P2606A,20260109,0.49,0.49,0.48,0.49,1200
DELTA01C2602A,20260109,0.1,0.13,0.1,0.11,16498800
DELTA01C2603A,20260109,0.05,0.06,0.05,0.05,2182400
DELTA01C2605A,20260109,0.45,0.51,0.45,0.47,31031200
DELTA01P2602A,20260109,0.03,0.03,0.03,0.03,2331500
DELTA01P2603A,20260109,0.43,0.43,0.38,0.4,9544300
DELTA01P2605A,20260109,1.72,1.76,1.68,1.74,3248500
DELTA13C2602A,20260109,0.02,0.02,0.01,0.02,142500
DELTA13C2603A,20260109,0.04,0.05,0.03,0.03,1737700
DELTA13C2603B,20260109,0.02,0.02,0.01,0.02,821400
DELTA13C2604A,20260109,0.19,0.23,0.18,0.19,42980900
DELTA13C2605A,20260109,0.16,0.19,0.16,0.16,35337500
DELTA13C2605B,20260109,0.47,0.56,0.47,0.5,93415600
DELTA13P2602A,20260109,0.06,0.06,0.05,0.05,4211100
DELTA13P2603A,20260109,0.49,0.49,0.42,0.45,32667500
DELTA13P2605A,20260109,1.16,1.16,1.07,1.11,40544800
DELTA19C2601B,20260109,0.01,0.01,0.01,0.01,3000
DELTA19C2603A,20260109,0.04,0.04,0.04,0.04,1008000
DELTA19C2604A,20260109,0.09,0.09,0.08,0.08,327300
DELTA19C2605A,20260109,0.25,0.29,0.25,0.26,12525100
DELTA19C2605B,20260109,0.43,0.5,0.43,0.45,17857900
DELTA19P2601A,20260109,0.01,0.01,0.01,0.01,110000
DELTA19P2602A,20260109,0.06,0.06,0.06,0.06,50400
DELTA19P2604A,20260109,0.69,0.69,0.61,0.65,4140500
DELTA19P2605A,20260109,1.33,1.33,1.24,1.28,5517100
DELTA41C2603B,20260109,0.03,0.03,0.03,0.03,100
DELTA41C2604A,20260109,0.19,0.21,0.18,0.19,963400
DELTA41C2605A,20260109,0.14,0.16,0.14,0.14,13600
DELTA41C2608T,20260109,0.86,0.9,0.86,0.89,2200
DELTA41C2612T,20260109,0.5,0.53,0.5,0.51,1503900
DELTA41P2603A,20260109,0.46,0.46,0.42,0.44,930100
DJI28C2603A,20260109,0.62,0.62,0.62,0.62,1400
DJI28P2603A,20260109,0.3,0.3,0.3,0.3,100
DJI41C2603B,20260109,0.65,0.65,0.65,0.65,100
DJI41P2603A,20260109,0.26,0.26,0.25,0.25,1100
DOHOME01C2601A,20260109,0.01,0.01,0.01,0.01,400000
DOHOME01C2604A,20260109,0.31,0.31,0.27,0.27,2802800
DOHOME13C2604A,20260109,0.17,0.17,0.15,0.15,2434100
DOHOME19C2601A,20260109,0.01,0.01,0.01,0.01,3100
DOHOME19C2604A,20260109,0.19,0.19,0.16,0.16,1909800
EA13C2602A,20260109,0.01,0.01,0.01,0.01,100
EA13C2602B,20260109,0.01,0.01,0.01,0.01,1448200
EA13C2602C,20260109,0.01,0.01,0.01,0.01,1500
EA13C2604A,20260109,0.11,0.11,0.09,0.1,681000
EA13C2605A,20260109,0.22,0.22,0.2,0.2,11848700
EA19C2604A,20260109,0.16,0.16,0.14,0.14,7000
EA19P2602A,20260109,0.22,0.24,0.22,0.24,1364900
EA41C2606T,20260109,0.04,0.04,0.04,0.04,1000100
EA41C2609T,20260109,0.28,0.28,0.28,0.28,38000
EGCO01C2603A,20260109,0.09,0.09,0.09,0.09,10000
EGCO01P2603A,20260109,0.54,0.56,0.54,0.55,1046900
EGCO13C2603A,20260109,0.03,0.03,0.03,0.03,230100
EGCO13C2604A,20260109,0.15,0.15,0.13,0.14,2070200
EGCO13P2603A,20260109,0.37,0.38,0.37,0.38,224900
EGCO41C2612T,20260109,0.3,0.3,0.29,0.29,301200
ERW13C2604A,20260109,0.12,0.12,0.12,0.12,5005200
ERW41C2611T,20260109,0.28,0.28,0.27,0.27,400
GLOBAL13C2604A,20260109,0.14,0.14,0.11,0.11,9853200
GLOBAL41C2604A,20260109,0.12,0.12,0.1,0.11,1603500
GLOBAL41C2612T,20260109,0.33,0.33,0.31,0.33,462600
GPSC01C2605A,20260109,0.27,0.27,0.26,0.26,593900
GPSC01C2609T,20260109,0.26,0.26,0.25,0.25,119600
GPSC01P2603A,20260109,0.22,0.22,0.22,0.22,1672500
GPSC01P2605A,20260109,0.28,0.28,0.27,0.27,978600
GPSC13C2604A,20260109,0.16,0.17,0.15,0.15,2122900
GPSC13C2606A,20260109,0.34,0.35,0.33,0.33,1510700
GPSC13C2701T,20260109,0.23,0.23,0.22,0.22,2371800
GPSC13P2606A,20260109,0.26,0.26,0.25,0.26,761800
GPSC19C2604A,20260109,0.24,0.25,0.24,0.24,380600
GPSC41C2604A,20260109,0.15,0.15,0.15,0.15,25000
GPSC41C2606A,20260109,0.33,0.33,0.32,0.32,800
GPSC41C2703T,20260109,0.3,0.3,0.3,0.3,200
GULF01C2604A,20260109,0.19,0.21,0.19,0.2,4635500
GULF13C2604A,20260109,0.17,0.2,0.17,0.18,10052800
GULF19C2602A,20260109,0.04,0.04,0.04,0.04,80000
GULF19C2604A,20260109,0.19,0.22,0.19,0.2,3579100
GULF41C2604A,20260109,0.17,0.18,0.17,0.18,800
GULF41C2609T,20260109,0.19,0.19,0.19,0.19,520000
HANA01C2604A,20260109,0.14,0.14,0.12,0.12,5013800
HANA13C2604A,20260109,0.04,0.04,0.04,0.04,490000
HANA13C2604B,20260109,0.16,0.16,0.15,0.15,86800
HANA13C2607A,20260109,0.35,0.35,0.32,0.33,3147300
HANA19C2604B,20260109,0.18,0.18,0.17,0.17,385600
HANA41C2604B,20260109,0.15,0.15,0.14,0.14,800
HANA41C2607A,20260109,0.33,0.33,0.32,0.32,150800
HANA41C2608T,20260109,0.28,0.28,0.28,0.28,200
HANA41C2612T,20260109,0.16,0.16,0.16,0.16,1000
HMPRO13C2604A,20260109,0.2,0.2,0.19,0.19,892600
HMPRO41C2604A,20260109,0.2,0.2,0.19,0.19,580200
HSI28C2601E,20260109,0.22,0.23,0.2,0.22,36286300
HSI28C2602A,20260109,0.09,0.09,0.08,0.09,882100
HSI28C2602B,20260109,0.45,0.46,0.42,0.44,28607300
HSI28C2602C,20260109,0.21,0.21,0.2,0.21,2939200
HSI28C2603A,20260109,0.24,0.24,0.23,0.23,2376000
HSI28C2603B,20260109,0.46,0.47,0.45,0.46,1335400
HSI28C2603C,20260109,0.97,0.97,0.97,0.97,100
HSI28C2604A,20260109,0.39,0.39,0.37,0.39,600700
HSI28P2601A,20260109,0.07,0.07,0.07,0.07,1400
HSI28P2601D,20260109,0.21,0.21,0.19,0.19,11092700
HSI28P2602A,20260109,0.14,0.15,0.14,0.14,234100
HSI28P2602B,20260109,0.26,0.27,0.26,0.26,202400
HSI28P2602C,20260109,0.65,0.67,0.63,0.63,15561200
HSI28P2603A,20260109,0.09,0.1,0.09,0.09,163700
HSI28P2604A,20260109,0.41,0.42,0.41,0.41,32000
HSTECH28C2603A,20260109,0.41,0.41,0.4,0.41,900
HSTECH28P2603A,20260109,0.35,0.35,0.34,0.34,200000
ICHI01C2602A,20260109,0.09,0.09,0.09,0.09,185800
ICHI19C2609T,20260109,0.24,0.24,0.23,0.23,134800
IRPC01C2603A,20260109,0.1,0.1,0.1,0.1,2491200
IRPC13C2604A,20260109,0.15,0.18,0.15,0.18,8518300
IRPC13C2701T,20260109,0.21,0.23,0.21,0.23,5525400
IRPC19C2609T,20260109,0.17,0.2,0.17,0.2,250900
IRPC41C2604A,20260109,0.15,0.18,0.15,0.18,1406200
IRPC41C2703T,20260109,0.26,0.28,0.26,0.28,29500
ITC01C2606T,20260109,0.29,0.3,0.29,0.29,1381600
ITC13C2604A,20260109,0.16,0.17,0.15,0.15,2992200
ITC13C2608A,20260109,0.42,0.44,0.41,0.42,15043100
ITC19C2609T,20260109,0.33,0.34,0.32,0.32,1004000
ITC41C2604A,20260109,0.15,0.15,0.15,0.15,1600
ITC41C2612T,20260109,0.29,0.29,0.28,0.28,400
IVL01C2604A,20260109,0.15,0.15,0.15,0.15,4216300
IVL01C2605A,20260109,0.43,0.45,0.43,0.44,6387300
IVL01P2604A,20260109,0.26,0.27,0.25,0.25,5740900
IVL13C2603A,20260109,0.02,0.02,0.02,0.02,18000
IVL13C2604A,20260109,0.12,0.13,0.11,0.12,8059700
IVL13C2605A,20260109,0.29,0.3,0.28,0.28,18552300
IVL13P2604A,20260109,0.31,0.32,0.3,0.31,2711300
IVL19C2603A,20260109,0.03,0.03,0.03,0.03,11000
IVL19C2604A,20260109,0.15,0.16,0.15,0.15,3070700
IVL19C2605A,20260109,0.36,0.38,0.35,0.37,7543100
IVL41C2604A,20260109,0.12,0.12,0.12,0.12,200
IVL41C2605A,20260109,0.27,0.29,0.27,0.28,800900
IVL41C2702T,20260109,0.21,0.21,0.21,0.21,3000
IVL41P2604A,20260109,0.29,0.29,0.28,0.28,800
IVL41P2605T,20260109,0.46,0.46,0.45,0.45,600
JAS13C2604A,20260109,0.11,0.11,0.11,0.11,973600
JAS19C2604A,20260109,0.14,0.14,0.14,0.14,1172100
JAS41C2605T,20260109,0.03,0.03,0.03,0.03,205000
JD41C2603A,20260109,0.15,0.15,0.15,0.15,400
JMART13C2605A,20260109,0.26,0.27,0.23,0.24,4168500
JMT01C2605A,20260109,0.33,0.33,0.3,0.3,1764600
JMT13C2603A,20260109,0.02,0.02,0.02,0.02,100
JMT13C2604A,20260109,0.2,0.2,0.18,0.18,1252200
JMT19C2605A,20260109,0.32,0.32,0.29,0.29,1116300
JMT41C2604A,20260109,0.2,0.2,0.18,0.18,1120000
KBANK01C2602A,20260109,0.56,0.57,0.44,0.44,4045000
KBANK01P2602A,20260109,0.01,0.01,0.01,0.01,40000
KBANK01P2604A,20260109,0.28,0.32,0.28,0.32,2415500
KBANK13C2603A,20260109,0.36,0.37,0.28,0.28,11603800
KBANK13C2607A,20260109,0.26,0.27,0.21,0.21,6628000
KBANK13P2604A,20260109,0.22,0.26,0.22,0.26,1606200
KBANK19C2604A,20260109,0.39,0.4,0.31,0.31,2648300
KBANK41C2603A,20260109,0.36,0.37,0.28,0.28,981600
KBANK41C2604T,20260109,1.17,1.17,1.17,1.17,50400
KBANK41C2607A,20260109,0.24,0.24,0.2,0.2,1800
KBANK41C2609T,20260109,0.67,0.68,0.62,0.62,951200
KCE13C2604A,20260109,0.08,0.08,0.06,0.06,4150800
KCE13C2606A,20260109,0.28,0.28,0.24,0.25,8151000
KCE19C2604A,20260109,0.1,0.1,0.09,0.09,1407700
KCE19C2605A,20260109,0.31,0.31,0.27,0.28,1217800
KCE41C2606A,20260109,0.27,0.27,0.23,0.23,43100
KCE41C2609T,20260109,0.36,0.36,0.33,0.33,600
KKP13C2606A,20260109,0.49,0.49,0.45,0.45,7732900
KKP19C2609T,20260109,0.61,0.61,0.59,0.59,801600
KTB01C2603A,20260109,0.13,0.13,0.12,0.12,1106000
KTB13C2606A,20260109,0.16,0.16,0.14,0.14,1638100
KTB19C2609T,20260109,0.25,0.25,0.24,0.24,1053000
KTC01C2601A,20260109,0.01,0.01,0.01,0.01,16400
KTC01C2609T,20260109,0.15,0.15,0.15,0.15,200000
KTC13C2604A,20260109,0.07,0.07,0.07,0.07,800100
KTC13C2607A,20260109,0.2,0.2,0.18,0.19,1938100
KTC19C2604A,20260109,0.12,0.12,0.11,0.11,174600
KTC19C2609T,20260109,0.17,0.17,0.17,0.17,50000
KUAISH28C2606A,20260109,0.59,0.61,0.58,0.59,550900
KUAISH41C2603A,20260109,0.2,0.21,0.19,0.2,702000
KUAISH41C2609T,20260109,1.14,1.14,1.11,1.14,261800
M01C2606A,20260109,0.33,0.33,0.32,0.32,935800
M01C2610T,20260109,0.06,0.06,0.06,0.06,20000
M13C2604B,20260109,0.09,0.09,0.09,0.09,300000
M13C2605A,20260109,0.28,0.28,0.28,0.28,1007100
M19C2605A,20260109,0.35,0.35,0.33,0.33,545800
MEITUA41C2601A,20260109,0.01,0.01,0.01,0.01,902100
MEITUA41C2603A,20260109,0.22,0.22,0.22,0.22,51200
MEITUA41P2603A,20260109,0.23,0.23,0.22,0.22,400
MINT01C2603A,20260109,0.16,0.16,0.15,0.15,3534100
MINT01C2605A,20260109,0.4,0.41,0.39,0.39,8294800
MINT01P2605A,20260109,0.36,0.37,0.35,0.36,3558700
MINT13C2604A,20260109,0.4,0.41,0.39,0.4,3987200
MINT13P2606A,20260109,0.56,0.57,0.56,0.56,315600
MINT41C2604A,20260109,0.4,0.41,0.39,0.41,326600
MINT41P2606A,20260109,0.53,0.53,0.52,0.53,30400
MTC01C2604A,20260109,0.03,0.03,0.03,0.03,1000000
MTC01C2606A,20260109,0.09,0.09,0.09,0.09,718000
MTC13C2604A,20260109,0.03,0.03,0.03,0.03,5000
MTC13C2605A,20260109,0.12,0.12,0.1,0.11,2522600
MTC19C2601A,20260109,0.01,0.01,0.01,0.01,59600
MTC19C2605A,20260109,0.15,0.15,0.14,0.14,3292300
MTC41C2611T,20260109,0.12,0.12,0.11,0.11,13000
NDX28C2603A,20260109,0.26,0.26,0.26,0.26,120100
NDX28C2603B,20260109,0.66,0.66,0.65,0.65,300
NDX41C2603B,20260109,0.59,0.6,0.58,0.6,400800
NDX41C2606A,20260109,1.07,1.07,1.06,1.06,1200
NDX41P2603A,20260109,0.85,0.86,0.85,0.85,265700
NDX41P2603B,20260109,0.55,0.55,0.55,0.55,158100
NIKKEI28C2603A,20260109,0.35,0.38,0.35,0.38,19800
NIKKEI28C2603B,20260109,0.6,0.63,0.6,0.63,1100
NIKKEI28C2603C,20260109,0.96,1,0.96,1,1000
NIKKEI28C2603D,20260109,1.39,1.43,1.39,1.43,500
NIKKEI28P2603A,20260109,0.39,0.39,0.37,0.37,177900
NIKKEI28P2603B,20260109,0.22,0.22,0.21,0.21,2450000
NIKKEI28P2603C,20260109,0.14,0.14,0.14,0.14,500
NIKKEI41C2603C,20260109,1.07,1.12,1.07,1.12,600
NIKKEI41C2606B,20260109,0.74,0.74,0.74,0.74,20000
NIKKEI41C2606C,20260109,0.49,0.49,0.48,0.48,400
NIKKEI41P2603A,20260109,0.2,0.2,0.19,0.19,100100
NIKKEI41P2606B,20260109,0.77,0.77,0.76,0.76,10200
NIKKEI41P2606C,20260109,0.49,0.49,0.49,0.49,100
NTES41C2603A,20260109,0.19,0.19,0.19,0.19,161200
OR01C2606T,20260109,0.1,0.1,0.1,0.1,710200
OR13C2605A,20260109,0.24,0.25,0.24,0.24,2932200
OR41C2605A,20260109,0.23,0.24,0.23,0.23,226400
OR41C2608T,20260109,0.35,0.37,0.35,0.35,251700
OSP13C2603A,20260109,0.07,0.07,0.07,0.07,220000
OSP41C2606T,20260109,0.12,0.12,0.12,0.12,19900
PINGAN41C2604A,20260109,1.07,1.07,1,1.03,1200
PINGAN41C2606A,20260109,0.38,0.38,0.36,0.37,1800
PLANB13C2603A,20260109,0.11,0.11,0.08,0.08,320200
PLANB19C2605A,20260109,0.22,0.23,0.17,0.18,543300
PLANB41C2612T,20260109,0.14,0.14,0.14,0.14,200
POPMAR28C2606A,20260109,0.32,0.32,0.32,0.32,200
POPMAR41C2601A,20260109,0.01,0.01,0.01,0.01,326100
POPMAR41C2605A,20260109,0.36,0.36,0.36,0.36,800
POPMAR41C2609T,20260109,0.85,0.86,0.83,0.86,2800
PR913C2605A,20260109,0.24,0.24,0.22,0.22,4549400
PRM19C2604A,20260109,0.26,0.29,0.26,0.28,948600
PRM41C2612T,20260109,0.39,0.41,0.39,0.4,1510300
PTT01C2601A,20260109,0.01,0.01,0.01,0.01,120000
PTT01C2606T,20260109,0.09,0.09,0.09,0.09,200
PTT13C2606A,20260109,0.14,0.14,0.14,0.14,18500
PTTEP01C2606T,20260109,0.43,0.44,0.43,0.44,2223400
PTTEP01P2602A,20260109,0.02,0.02,0.02,0.02,400
PTTEP13C2602A,20260109,0.02,0.02,0.02,0.02,70100
PTTEP13C2603A,20260109,0.1,0.11,0.1,0.11,271500
PTTEP13C2607A,20260109,0.32,0.34,0.31,0.34,3420100
PTTEP13P2603A,20260109,0.12,0.12,0.12,0.12,315600
PTTEP19C2603A,20260109,0.13,0.14,0.13,0.14,147600
PTTEP19C2607A,20260109,0.37,0.39,0.37,0.39,335300
PTTEP41C2607A,20260109,0.29,0.31,0.29,0.31,60800
PTTEP41C2609T,20260109,0.37,0.38,0.37,0.38,701900
PTTGC01C2601A,20260109,0.01,0.01,0.01,0.01,400
PTTGC01C2605A,20260109,0.3,0.3,0.29,0.3,9077800
PTTGC01P2605A,20260109,0.29,0.3,0.29,0.29,2282400
PTTGC13C2604A,20260109,0.34,0.36,0.34,0.35,18203900
PTTGC19C2604A,20260109,0.32,0.33,0.32,0.33,4959200
PTTGC41C2604A,20260109,0.34,0.35,0.34,0.35,532600
PTTGC41C2608T,20260109,0.44,0.44,0.44,0.44,18000
RCL01C2602A,20260109,0.07,0.07,0.07,0.07,1400
RCL01C2610T,20260109,0.29,0.29,0.29,0.29,374900
RCL13C2604A,20260109,0.21,0.23,0.21,0.22,4848200
RCL19C2602A,20260109,0.06,0.06,0.06,0.06,62200
RCL41C2604A,20260109,0.2,0.22,0.2,0.22,985400
SAPPE19C2601A,20260109,0.01,0.01,0.01,0.01,310000
SAWAD01C2604A,20260109,0.06,0.06,0.04,0.04,40200
SAWAD01P2601A,20260109,0.16,0.16,0.12,0.14,7484200
SAWAD13C2604A,20260109,0.06,0.06,0.04,0.04,644200
SAWAD13C2607A,20260109,0.17,0.18,0.15,0.15,31229900
SAWAD13P2603A,20260109,0.27,0.32,0.27,0.3,11520700
SAWAD19C2605A,20260109,0.09,0.09,0.08,0.08,4521500
SAWAD41C2607A,20260109,0.15,0.15,0.13,0.14,1551300
SAWAD41C2610T,20260109,0.36,0.36,0.32,0.33,1534100
SAWAD41P2603A,20260109,0.29,0.32,0.29,0.31,332000
SCB01C2605A,20260109,0.41,0.43,0.39,0.39,2026000
SCB01P2605A,20260109,0.21,0.22,0.21,0.21,704200
SCB13C2603A,20260109,0.25,0.26,0.23,0.23,7812900
SCB13C2607A,20260109,0.22,0.23,0.2,0.2,3887600
SCB41C2603A,20260109,0.24,0.24,0.23,0.23,653900
SCB41C2607A,20260109,0.2,0.2,0.19,0.19,1600
SCB41C2609T,20260109,0.5,0.5,0.5,0.5,200
SCC01C2603A,20260109,0.12,0.13,0.12,0.13,2828300
SCC01C2605A,20260109,0.64,0.64,0.64,0.64,1000
SCC01C2606T,20260109,0.58,0.6,0.57,0.59,6834700
SCC01P2605A,20260109,0.48,0.5,0.46,0.47,6113600
SCC13C2604A,20260109,0.39,0.41,0.36,0.41,7475300
SCC13C2606A,20260109,0.87,0.89,0.82,0.88,6235500
SCC13C2607A,20260109,0.38,0.4,0.37,0.39,5598400
SCC13P2602A,20260109,0.17,0.18,0.15,0.15,3634100
SCC19C2605A,20260109,0.7,0.73,0.66,0.72,4059700
SCC41C2604A,20260109,0.4,0.42,0.37,0.41,1254000
SCC41C2606A,20260109,0.79,0.81,0.75,0.81,806000
SCC41C2608T,20260109,0.92,0.93,0.92,0.93,800
SCC41C2611T,20260109,0.24,0.25,0.24,0.25,1200
SCGP01C2604A,20260109,0.26,0.28,0.24,0.27,4176900
SCGP01P2604A,20260109,0.21,0.22,0.2,0.2,4695000
SCGP13C2603A,20260109,0.14,0.16,0.13,0.15,8853600
SCGP13C2605A,20260109,0.47,0.5,0.45,0.49,7805500
SCGP13P2604A,20260109,0.2,0.22,0.19,0.19,527200
SCGP19C2605A,20260109,0.47,0.47,0.47,0.47,10000
SCGP19C2607A,20260109,0.38,0.4,0.36,0.39,4453700
SCGP41C2603A,20260109,0.13,0.14,0.12,0.14,630800
SCGP41C2605A,20260109,0.43,0.49,0.43,0.49,41800
SCGP41C2606T,20260109,0.21,0.22,0.2,0.21,3152000
SCGP41C2609T,20260109,0.47,0.49,0.47,0.49,550800
SET01C2601A,20260109,0.01,0.01,0.01,0.01,425300
SET01C2602A,20260109,0.04,0.05,0.04,0.04,264000
SET01C2604A,20260109,0.31,0.33,0.29,0.29,2661800
SET01C2606L,20260109,2.42,2.42,2.38,2.38,2900
SET01P2601A,20260109,0.01,0.01,0.01,0.01,1116500
SET01P2603T,20260109,0.09,0.09,0.09,0.09,55500
SET01P2604A,20260109,0.45,0.46,0.42,0.46,6530900
SET01P2606L,20260109,1.44,1.44,1.44,1.44,2800
SET5001C2601A,20260109,0.01,0.01,0.01,0.01,434200
SET5001C2603F,20260109,0.16,0.17,0.16,0.16,91300
SET5001C2603G,20260109,0.24,0.26,0.23,0.23,3376300
SET5001C2605A,20260109,0.43,0.45,0.41,0.42,8094700
SET5001P2601A,20260109,0.01,0.01,0.01,0.01,667100
SET5001P2602A,20260109,0.06,0.07,0.06,0.06,519200
SET5001P2603F,20260109,0.33,0.34,0.33,0.34,2451000
SET5001P2605A,20260109,0.49,0.51,0.49,0.51,12278400
SET5013C2603A,20260109,0.13,0.14,0.11,0.11,31695600
SET5013C2603B,20260109,0.18,0.2,0.17,0.17,14141200
SET5013C2603C,20260109,0.28,0.31,0.26,0.26,181428600
SET5013C2603D,20260109,0.39,0.43,0.36,0.37,147754100
SET5013C2603E,20260109,0.52,0.57,0.49,0.5,244599400
SET5013P2603A,20260109,0.31,0.32,0.29,0.31,9152200
SET5013P2603B,20260109,0.19,0.2,0.18,0.19,9243700
SET5013P2603C,20260109,0.48,0.49,0.45,0.48,19183500
SET5013P2603D,20260109,0.34,0.36,0.32,0.34,108385200
SET5013P2603E,20260109,0.69,0.7,0.63,0.68,126749400
SET5013P2603F,20260109,0.94,0.95,0.85,0.94,130819600
SET5019C2603A,20260109,0.21,0.23,0.2,0.2,33220800
SET5019C2603B,20260109,0.19,0.21,0.17,0.17,16507900
SET5019C2603C,20260109,0.57,0.61,0.56,0.56,14302600
SET5019P2603A,20260109,0.31,0.32,0.3,0.32,27312700
SET5019P2603B,20260109,0.67,0.69,0.64,0.68,11801800
SET5028C2603A,20260109,0.42,0.42,0.4,0.4,800800
SET5028P2603A,20260109,0.28,0.29,0.28,0.29,3000
SET5041C2603A,20260109,0.13,0.14,0.12,0.12,468100
SET5041C2603B,20260109,0.19,0.19,0.18,0.18,1800400
SET5041C2603C,20260109,0.28,0.3,0.26,0.27,3038300
SET5041C2603D,20260109,0.39,0.42,0.37,0.37,4241900
SET5041C2603E,20260109,0.53,0.53,0.48,0.49,3100
SET5041C2609T,20260109,0.58,0.59,0.57,0.57,98900
SET5041P2603A,20260109,0.31,0.31,0.31,0.31,200
SET5041P2603C,20260109,0.46,0.49,0.45,0.48,4201600
SET5041P2603D,20260109,0.36,0.36,0.35,0.35,400
SET5041P2603E,20260109,0.61,0.65,0.6,0.65,10802800
SIRI41C2605A,20260109,0.23,0.23,0.23,0.23,100
SISB13C2607A,20260109,0.22,0.23,0.22,0.22,4657400
SPALI41C2609T,20260109,0.28,0.28,0.27,0.27,2300
SPRC01C2602A,20260109,0.2,0.25,0.2,0.23,2484900
SPRC01C2603A,20260109,0.96,1.15,0.96,1.08,721200
SPRC01P2604A,20260109,0.16,0.16,0.14,0.14,1729900
SPRC13C2602A,20260109,0.21,0.27,0.21,0.25,1934600
SPRC13C2604A,20260109,0.19,0.23,0.19,0.21,7731900
SPRC13P2604A,20260109,0.12,0.12,0.12,0.12,449600
SPRC19C2601A,20260109,0.63,0.63,0.63,0.63,8000
SPRC41C2604A,20260109,0.19,0.22,0.19,0.2,1795000
SPRC41C2606T,20260109,0.19,0.21,0.19,0.2,47700
SPRC41C2612T,20260109,0.48,0.5,0.48,0.49,71200
SPRC41P2604A,20260109,0.13,0.13,0.11,0.11,2800
SPX28C2603B,20260109,0.94,0.94,0.94,0.94,1063100
SPX28P2603A,20260109,0.35,0.36,0.35,0.36,200
SPX28P2603B,20260109,0.48,0.48,0.48,0.48,20000
SPX41C2603B,20260109,0.56,0.56,0.55,0.55,600
STA13C2605A,20260109,0.25,0.26,0.23,0.23,11904200
STGT13C2604A,20260109,0.73,0.73,0.73,0.73,1100
STGT13C2607A,20260109,0.59,0.6,0.56,0.56,7522000
TASCO13C2604A,20260109,0.21,0.21,0.19,0.19,2188200
TASCO41C2612T,20260109,0.27,0.27,0.26,0.27,1400
TCAP13C2605A,20260109,0.36,0.36,0.33,0.33,2350400
TENCEN41C2606A,20260109,0.32,0.32,0.32,0.32,2100
TENCEN41P2603A,20260109,0.21,0.21,0.21,0.21,800
TFG13C2602A,20260109,0.02,0.02,0.02,0.02,10000
TFG13C2604A,20260109,0.28,0.33,0.27,0.32,49832100
TFG13C2606A,20260109,0.15,0.16,0.15,0.16,12278800
TFG19C2606A,20260109,0.41,0.48,0.41,0.46,3464600
TFG41C2606A,20260109,0.13,0.15,0.13,0.14,1200
TFG41C2612T,20260109,0.32,0.34,0.32,0.34,70400
TIDLOR01C2605A,20260109,0.08,0.08,0.08,0.08,50000
TIDLOR01C2610T,20260109,0.22,0.22,0.22,0.22,400000
TIDLOR01P2605A,20260109,0.9,0.96,0.9,0.93,1184900
TIDLOR13C2604A,20260109,0.1,0.1,0.08,0.08,235900
TIDLOR13C2607A,20260109,0.3,0.31,0.27,0.29,7869200
TIDLOR19C2609T,20260109,0.23,0.23,0.22,0.22,2218600
TIDLOR19C2612T,20260109,0.47,0.48,0.44,0.46,7282800
TIDLOR41C2604A,20260109,0.09,0.09,0.09,0.09,100000
TIDLOR41C2607A,20260109,0.28,0.29,0.25,0.25,201300
TISCO01C2603A,20260109,0.12,0.12,0.11,0.11,299200
TISCO13C2603A,20260109,0.06,0.06,0.06,0.06,851600
TISCO13C2607A,20260109,0.23,0.23,0.22,0.23,3338600
TISCO41C2606T,20260109,0.33,0.33,0.33,0.33,100400
TLI01C2603A,20260109,0.07,0.07,0.07,0.07,49000
TLI19C2601A,20260109,0.01,0.01,0.01,0.01,900
TOP01C2605A,20260109,0.27,0.27,0.26,0.26,9469900
TOP13C2603A,20260109,0.17,0.18,0.17,0.17,5025100
TOP13C2606A,20260109,0.42,0.44,0.42,0.42,5948500
TOP19C2602A,20260109,0.12,0.12,0.12,0.12,545300
TOP19C2612T,20260109,0.59,0.6,0.59,0.59,3929900
TOP41C2603A,20260109,0.18,0.18,0.18,0.18,50000
TOP41C2606A,20260109,0.41,0.41,0.41,0.41,165000
TOP41C2609T,20260109,0.84,0.84,0.84,0.84,12300
TOP41C2611T,20260109,0.44,0.44,0.44,0.44,152000
TRIPDC41C2609A,20260109,0.63,0.63,0.62,0.62,1600
TRUE01C2602A,20260109,0.05,0.05,0.05,0.05,300
TRUE13C2602A,20260109,0.04,0.04,0.04,0.04,44500
TRUE19C2604A,20260109,0.12,0.12,0.12,0.12,122500
TRUE41C2604T,20260109,0.31,0.31,0.31,0.31,500
TTB13C2607A,20260109,0.11,0.11,0.11,0.11,260000
TU01C2605A,20260109,0.17,0.17,0.13,0.13,1450000
TU01P2605A,20260109,0.23,0.27,0.23,0.27,1404400
TU13C2604A,20260109,0.16,0.16,0.11,0.11,5047600
TU19C2603A,20260109,0.12,0.12,0.08,0.08,1087400
TU41C2604A,20260109,0.14,0.14,0.14,0.14,100000
TU41C2609T,20260109,0.29,0.29,0.26,0.26,1153200
VGI01C2606A,20260109,0.13,0.13,0.11,0.11,4430100
VGI13C2602A,20260109,0.01,0.01,0.01,0.01,150000
VGI13C2605A,20260109,0.1,0.1,0.08,0.08,4478600
VGI13C2607A,20260109,0.21,0.21,0.17,0.17,6446700
VGI19C2610T,20260109,0.12,0.12,0.12,0.12,274200
WHA01C2610T,20260109,0.39,0.39,0.38,0.38,1317900
WHA13C2603A,20260109,0.09,0.09,0.09,0.09,564100
WHA13C2605A,20260109,0.3,0.31,0.3,0.3,2313900
WUXI41C2603A,20260109,0.12,0.12,0.12,0.12,400
XIAOMI28C2606A,20260109,0.29,0.29,0.29,0.29,300600
XIAOMI41C2605A,20260109,0.18,0.18,0.18,0.18,5400
XIAOMI41C2609T,20260109,0.73,0.73,0.7,0.7,1000
ZIJIN41C2601A,20260109,1.4,1.4,1.37,1.37,10200
ZIJIN41C2603A,20260109,0.46,0.46,0.44,0.44,2800
AAPL01,20260109,24,24.1,23.7,24,9438
AAPL03,20260109,2.72,2.74,2.7,2.72,80114
AAPL80,20260109,8.15,8.2,8.05,8.1,697324
ABBV19,20260109,7.3,7.3,7.05,7.1,150608
ADBE03,20260109,2.38,2.4,2.36,2.38,6817
ADBE06,20260109,2.72,2.72,2.64,2.68,2183557
ADVANT23,20260109,2.76,2.76,2.74,2.76,239869
AIA06,20260109,3.38,3.38,3.36,3.36,229
AIA23,20260109,2.6,2.64,2.58,2.62,26816
AMD80,20260109,1.32,1.34,1.28,1.28,18838011
AMZN01,20260109,22.4,22.8,22.4,22.7,65785
AMZN06,20260109,1.9,1.94,1.9,1.93,301594
AMZN80,20260109,1.9,1.94,1.9,1.92,7406609
ANTA13,20260109,1.97,1.97,1.96,1.96,235
ANTA23,20260109,2.04,2.06,2.04,2.06,37047
ASEMI24,20260109,2.14,2.14,2.1,2.1,54623
ASML01,20260109,31.75,32.25,30.75,32.25,262765
AVGO80,20260109,2.16,2.18,2.08,2.12,2343881
BABA01,20260109,13.5,13.5,13.3,13.5,40499
BABA06,20260109,5.9,5.95,5.9,5.9,136633
BABA13,20260109,2.46,2.5,2.4,2.48,86714
BABA23,20260109,3.96,3.98,3.92,3.94,679874
BABA80,20260109,5.9,5.95,5.85,5.85,6547190
BAC03,20260109,3.52,3.56,3.5,3.56,4699
BDX06,20260109,2.14,2.18,2.14,2.16,137706
BIDU01,20260109,12.7,12.7,12.5,12.5,244917
BIDU06,20260109,5.55,5.6,5.5,5.6,19456
BIDU23,20260109,2.66,2.72,2.64,2.72,315185
BIDU80,20260109,5.6,5.6,5.5,5.6,17898152
BILIBILI01,20260109,4.36,4.38,4.24,4.32,2786233
BKNG03,20260109,2.88,2.88,2.84,2.88,54
BKNG80,20260109,3.4,3.44,3.38,3.4,30275
BONDAS19,20260109,6.3,6.3,6.25,6.3,69658
BRKB80,20260109,1.56,1.59,1.55,1.57,986177
BYDCOM01,20260109,0.88,0.88,0.87,0.88,73585
BYDCOM80,20260109,0.39,0.39,0.38,0.38,731675
CATL01,20260109,4.62,4.62,4.5,4.52,3516330
CATL23,20260109,8.15,8.2,7.9,7.9,171548
CATL80,20260109,20.3,20.4,19.8,19.9,193271
CHHONGQ19,20260109,14,14.2,14,14.1,151051
CHMOBILE19,20260109,3.3,3.3,3.26,3.28,218441
CHNXT5023,20260109,6.9,6.95,6.8,6.95,173710
CMBANK23,20260109,2.28,2.3,2.24,2.3,69200
CN01,20260109,22.2,22.2,22.1,22.2,20944
CN23,20260109,5.7,5.85,5.6,5.8,1698
CNBIO24,20260109,1.52,1.54,1.52,1.53,47717
CNEV24,20260109,2.28,2.3,2.26,2.3,1272
CNROBOAI23,20260109,2.58,2.58,2.54,2.58,20523
CNSEMI23,20260109,2.6,2.64,2.6,2.6,26703
CNSTAR5023,20260109,6.95,7.05,6.9,6.95,11518
CNTECH01,20260109,29,29.25,29,29.25,60741
COSTCO19,20260109,28.25,29.5,28.25,29,46962
CRM01,20260109,4.58,4.58,4.56,4.56,79942
CRWD06,20260109,3.02,3.04,2.9,2.98,123482
CRWD80,20260109,15.1,15.2,14.5,14.9,470700
CSCO06,20260109,2.94,2.96,2.9,2.92,20450
DBS19,20260109,14.2,14.2,14,14.2,21148
DELL19,20260109,3.76,3.78,3.64,3.7,259648
DISNEY19,20260109,17.8,18,17.8,18,35034
E1VFVN3001,20260109,43.5,44,43.5,44,584855
ESTEE80,20260109,1.11,1.18,1.11,1.17,4797642
FERRARI80,20260109,1.16,1.19,1.16,1.18,365105
FPTVN11,20260109,2.34,2.38,2.34,2.36,89693
FPTVN19,20260109,12,12.3,12,12,386838
FUEVFVND01,20260109,46.5,46.75,46.25,46.5,554246
GASVN11,20260109,4.52,4.76,4.52,4.74,10414
GEELY06,20260109,2.78,2.78,2.74,2.74,3306
GEELY80,20260109,6.95,7,6.95,7,45106
GOLD03,20260109,3.24,3.26,3.22,3.22,66226
GOLD19,20260109,12.9,12.9,12.8,12.9,248510
GOLDUS19,20260109,42.75,43.25,42.75,43,327241
GOOG80,20260109,5.1,5.2,5.1,5.15,5055528
GOOGL01,20260109,30,30.5,29.75,30.5,194960
GOOGL03,20260109,5.15,5.2,5.1,5.2,253789
GRAB80,20260109,16.1,16.1,15.4,15.5,234807
GSUS06,20260109,4.24,4.26,4.18,4.26,31193
HAIERS19,20260109,10.4,10.5,10.3,10.4,44459
HERMES80,20260109,7.8,8,7.8,8,289573
HK01,20260109,21.4,21.4,21.2,21.3,15230
HK13,20260109,5.4,5.55,5.35,5.55,1610
HKCE01,20260109,25,25.25,24.8,24.8,20314
HKEX23,20260109,2.22,2.24,2.2,2.22,10613
HKTECH13,20260109,4.62,4.62,4.58,4.58,4302
HONDA19,20260109,3.16,3.16,3.12,3.14,59444
HOOD06,20260109,3.68,3.68,3.6,3.62,635468
HORIZON23,20260109,2.46,2.46,2.42,2.42,210794
HPG19,20260109,3.3,3.3,3.24,3.26,239638
HSHD23,20260109,6.25,6.3,6.2,6.25,24391
HUAHONG23,20260109,5.3,5.3,5.15,5.2,1450287
ICBC06,20260109,2.48,2.5,2.46,2.46,18756
ICBC19,20260109,2.5,2.5,2.46,2.5,21825
INDIA01,20260109,14.4,14.4,14.2,14.3,50257
INDIAESG19,20260109,4.48,4.48,4.4,4.4,79063
ISRG01,20260109,4.12,4.12,4.08,4.12,199526
ITOCHU19,20260109,6.7,6.7,6.65,6.7,1831
JAP03,20260109,3.24,3.24,3.24,3.24,152
JAPAN10001,20260109,25.5,25.75,25,25,12516
JAPAN13,20260109,4.44,4.52,4.44,4.46,12302
JD80,20260109,4.64,4.66,4.6,4.6,421131
JDHEAL19,20260109,5.1,5.2,5.05,5.1,80468
JNJ03,20260109,3.28,3.34,3.24,3.24,61860
JPMUS06,20260109,3.44,3.48,3.42,3.46,82597
JPMUS19,20260109,20.7,20.9,20.7,20.8,814
KEYENCE23,20260109,2.04,2.06,2.04,2.06,10854
KINGSOFT23,20260109,2.06,2.18,2.06,2.18,30312
KO80,20260109,2.14,2.18,2.12,2.18,496503
KUAISH01,20260109,3.78,3.78,3.72,3.78,145129
KUAISH06,20260109,2.98,3.04,2.98,3.04,34629
KUAISH23,20260109,2.14,2.16,2.12,2.14,3307987
KUAISH80,20260109,3,3.04,2.96,3.02,10765192
LENOVO13,20260109,1.86,1.88,1.84,1.88,67124
LLY80,20260109,1.74,1.79,1.7,1.71,3071274
LOREAL80,20260109,1.32,1.38,1.32,1.38,485483
LPGOLD13,20260109,2.76,2.76,2.66,2.72,62866
LULU06,20260109,3.32,3.4,3.32,3.38,41620
LVMH01,20260109,14.4,14.7,14.3,14.7,382812
MA80,20260109,1.83,1.85,1.8,1.81,99701
MEITUAN19,20260109,1.34,1.34,1.32,1.33,263855
MEITUAN80,20260109,3.98,4,3.96,3.98,1154941
MELI06,20260109,2.74,2.78,2.72,2.76,152184
META01,20260109,6,6.05,5.9,6,254190
META06,20260109,2.56,2.56,2.52,2.54,64150
META80,20260109,2.54,2.56,2.5,2.52,3005243
MICRON01,20260109,6.45,6.5,6.4,6.5,634595
MITSU19,20260109,8.55,8.55,8.45,8.55,12751
MNSO80,20260109,15.5,15.5,15.1,15.1,6120
MNST06,20260109,3.44,3.5,3.44,3.48,8615
MS06,20260109,3.88,3.94,3.88,3.92,5928
MSFT01,20260109,4.46,4.48,4.4,4.42,203007
MSFT06,20260109,3.8,3.8,3.74,3.74,111999
MSFT80,20260109,7.6,7.65,7.45,7.45,718207
MSN11,20260109,3.8,3.8,3.76,3.76,23153
MUFG19,20260109,5.3,5.35,5.25,5.3,26696
MWG11,20260109,4.2,4.2,4.16,4.16,118813
MWG19,20260109,10.8,10.8,10.6,10.8,54957
NDAQ06,20260109,3.18,3.18,3.14,3.14,48163
NDX01,20260109,21,21.2,20.8,21,115458
NETEASE80,20260109,8.8,8.8,8.7,8.8,64560
NFLX06,20260109,2.86,2.86,2.82,2.84,86135
NFLX80,20260109,2.86,2.86,2.82,2.82,1598002
NIKE80,20260109,1.01,1.03,0.99,1.02,171571
NINTENDO19,20260109,20.4,20.5,20.4,20.4,19076
NINTENDO23,20260109,1.82,1.82,1.81,1.82,11983
NONGFU80,20260109,1.91,1.92,1.88,1.89,100360
NOVOB80,20260109,1.8,1.85,1.79,1.85,3224023
NVDA01,20260109,17.6,17.6,17.1,17.2,271367
NVDA03,20260109,4,4,3.86,3.9,68940
NVDA06,20260109,4,4,3.86,3.9,252074
NVDA19,20260109,23.9,23.9,23.2,23.2,26394
NVDA80,20260109,30,30,28.75,29,545452
OIL03,20260109,1.87,1.88,1.86,1.86,690894
ONON03,20260109,3.06,3.22,3.02,3.16,487204
ORCL01,20260109,3.74,3.74,3.72,3.74,30810
ORCL06,20260109,2.44,2.44,2.34,2.38,190415
ORCL19,20260109,6.1,6.1,5.9,5.95,284253
PANW80,20260109,6.1,6.1,5.95,6,186961
PEP80,20260109,0.88,0.9,0.87,0.89,1694208
PETROCN80,20260109,3.24,3.3,3.24,3.3,4505
PFIZER19,20260109,16,16.1,15.9,16,44014
PINGAN01,20260109,6.35,6.45,6.3,6.3,16499
PINGAN80,20260109,2.84,2.84,2.78,2.8,2211011
PLTR01,20260109,5.1,5.1,5.05,5.1,73256
PLTR03,20260109,3.9,3.94,3.68,3.72,259665
PLTR06,20260109,3.9,3.94,3.68,3.7,2665937
POPMART23,20260109,1.9,1.94,1.88,1.94,20097
POPMART80,20260109,7.95,8,7.85,8,95766
QQQM19,20260109,16.2,16.2,16,16.1,82598
RBLX06,20260109,2.04,2.04,1.9,1.92,595017
SANOFI80,20260109,3.08,3.08,3.04,3.04,9862
SANRIO23,20260109,1.5,1.51,1.47,1.51,76940
SBUX80,20260109,1.37,1.4,1.36,1.38,267985
SEMB19,20260109,4.92,4.92,4.88,4.9,20042
SENSE23,20260109,2.5,2.6,2.46,2.56,425828
SGX19,20260109,4.28,4.3,4.24,4.28,14009
SIA19,20260109,15.7,15.8,15.7,15.7,2697
SINGTEL80,20260109,10.8,11,10.8,10.9,7901
SMFG19,20260109,10.5,10.6,10.4,10.4,12421
SMIC01,20260109,4.34,4.34,4.26,4.3,213300
SMIC13,20260109,2.14,2.14,2.1,2.1,118
SMIC23,20260109,3.58,3.58,3.5,3.52,890157
SNOW06,20260109,3.68,3.72,3.5,3.54,322979
SOFTBANK23,20260109,1.64,1.64,1.6,1.63,1034757
SONY80,20260109,3.94,3.94,3.9,3.94,105921
SP50001,20260109,22,22,21.9,22,28361
SP500US19,20260109,12.8,12.8,12.7,12.7,9355
SP500US80,20260109,2.56,2.58,2.54,2.56,64986
SPBOND80,20260109,8.1,8.2,8.1,8.15,74349
SPCOM80,20260109,3.68,3.7,3.66,3.7,2346
SPENGY80,20260109,2.88,2.96,2.84,2.92,70146
SPFIN80,20260109,17.6,17.7,17.4,17.5,296
SPHLTH80,20260109,5.05,5.05,4.96,4.96,58518
SPOT06,20260109,2.26,2.26,2.14,2.18,88031
SPTECH80,20260109,9.2,9.2,9,9.1,5621
STAR5001,20260109,40.5,41,40.25,40.75,93246
STEG19,20260109,21.8,21.9,21.6,21.9,8527
SUNNY19,20260109,2.6,2.64,2.58,2.62,19646
SUSHI23,20260109,2.66,2.72,2.62,2.72,126257
TAIWAN19,20260109,29,29,28.75,29,37829
TAIWANAI13,20260109,12.7,12.8,12.7,12.7,5760
TAIWANHD13,20260109,23.5,23.5,23.3,23.3,3686
TEL23,20260109,2.72,2.82,2.72,2.82,254787
TENCENT01,20260109,5.65,5.7,5.6,5.6,22295
TENCENT06,20260109,2.46,2.5,2.46,2.5,9743
TENCENT13,20260109,4.94,4.98,4.94,4.98,9220
TENCENT80,20260109,24.8,24.8,24.6,24.8,111999
THAIBEV19,20260109,11.3,11.3,11.2,11.3,36772
TME23,20260109,1.72,1.75,1.71,1.71,25125
TOYOTA80,20260109,6.75,6.85,6.75,6.85,294396
TRIPCOM23,20260109,2.42,2.46,2.42,2.46,104
TRIPCOM80,20260109,2.4,2.44,2.38,2.4,2906432
TSLA01,20260109,40,40.5,39.5,40.25,6069
TSLA03,20260109,4.52,4.6,4.48,4.58,15272
TSLA80,20260109,2.7,2.76,2.68,2.74,2936512
UBER06,20260109,2.7,2.78,2.7,2.76,248521
UBTECH23,20260109,2.06,2.06,2.02,2.04,450247
UNH19,20260109,5.4,5.55,5.35,5.55,384562
UNIQLO80,20260109,12.3,12.6,12.3,12.6,182702
UOB19,20260109,8.8,8.85,8.8,8.85,27792
USTR24,20260109,1.14,1.15,1.14,1.14,213342
VCB11,20260109,3.16,3.26,3.16,3.26,35039
VCB19,20260109,8.1,8.4,8.1,8.35,653383
VENTURE19,20260109,3.88,3.88,3.82,3.82,36425
VHM19,20260109,17,17.3,16.4,16.9,42360
VISA06,20260109,1.39,1.4,1.38,1.38,21368
VISA80,20260109,1.4,1.4,1.37,1.39,192112
VNFIN24,20260109,1.89,1.89,1.87,1.87,29830
VNM19,20260109,7.8,7.8,7.65,7.75,94794
WORLD03,20260109,3.86,3.86,3.82,3.86,6486
WUXI06,20260109,3.72,3.76,3.68,3.74,98339
WUXI13,20260109,2.14,2.2,2.14,2.2,30101
WUXIAT80,20260109,4.6,4.6,4.5,4.5,81098
XIAOMI01,20260109,3.5,3.5,3.46,3.48,142170
XIAOMI13,20260109,3.22,3.26,3.22,3.24,15729
XIAOMI19,20260109,7.75,7.75,7.65,7.7,15375
XIAOMI23,20260109,1.86,1.86,1.84,1.86,160200
XIAOMI80,20260109,15.4,15.4,15.2,15.3,599776
ZIJIN13,20260109,2.72,2.76,2.7,2.72,32213
ZIJIN80,20260109,15.5,15.6,15.3,15.5,129049
A5-W5-O,20260109,0.02,0.06,0.02,0.06,22
ACC-W2-O,20260109,0.15,0.15,0.15,0.15,1
ASW-W3-O,20260109,0.35,0.37,0.35,0.37,125
BC-W4-O,20260109,0.06,0.06,0.06,0.06,40
BE8-W1-O,20260109,0.77,0.77,0.77,0.77,1
BRR-W2-O,20260109,0.01,0.01,0.01,0.01,2
BWG-W7-O,20260109,0.01,0.04,0.01,0.04,248
CAZ-W1-O,20260109,0.91,0.92,0.66,0.68,873
CHASE-W1-O,20260109,0.2,0.2,0.2,0.2,139
CHAYO-W4-O,20260109,0.27,0.27,0.27,0.27,15
DEMCO-W8-O,20260109,0.41,0.48,0.41,0.44,515
EA-W1-O,20260109,0.66,0.68,0.02,0.68,298
ECF-W6-O,20260109,0.03,0.03,0.03,0.03,61
EMC-W7-O,20260109,0.04,0.04,0.04,0.04,1
EMPIRE-W1-O,20260109,0.14,0.14,0.14,0.14,80
EMPIRE-W2-O,20260109,0.2,0.26,0.2,0.26,256
GLORY-W1-O,20260109,0.15,0.15,0.15,0.15,1
IMH-W1-O,20260109,0.05,0.05,0.05,0.05,9
IROYAL-W1-O,20260109,1.3,1.3,1.25,1.26,39
IROYAL-W2-O,20260109,0.78,0.78,0.78,0.78,1
ITEL-W5-O,20260109,0.1,0.1,0.1,0.1,20
ITEL-W6-O,20260109,0.15,0.15,0.14,0.14,171
JAS-W4-O,20260109,0.27,0.27,0.26,0.26,243
K-W3-O,20260109,0.08,0.08,0.08,0.08,2
KGEN-W2-O,20260109,0.18,0.18,0.17,0.17,34
KKP-W6-O,20260109,1.19,1.19,1.15,1.15,388
MGI-W1-O,20260109,0.51,0.51,0.51,0.51,30
NER-W2-O,20260109,0.03,0.09,0.02,0.09,1057
NOBLE-W3-O,20260109,0.19,0.19,0.17,0.18,150
ORI-W2-O,20260109,0.28,0.28,0.27,0.27,375
PEER-W2-O,20260109,0.01,0.01,0.01,0.01,170
PROUD-W3-O,20260109,0.02,0.02,0.02,0.02,74
SGC-W2-O,20260109,0.35,0.35,0.35,0.35,1
TEAMG-W1-O,20260109,0.13,0.13,0.13,0.13,40
TFG-W4-O,20260109,0.85,0.85,0.83,0.83,165
TRUBB-W3-O,20260109,0.35,0.35,0.35,0.35,76
TVDH-W5-O,20260109,0.01,0.01,0.01,0.01,101
VIBHA-W5-O,20260109,0.05,0.07,0.05,0.06,2200
VIH-W1-O,20260109,0.56,0.56,0.56,0.56,38
WIIK-W3-O,20260109,0.01,0.01,0.01,0.01,1
XBIO-W7-O,20260109,0.01,0.01,0.01,0.01,24
ZIGA-W2-O,20260109,0.08,0.08,0.08,0.08,99
A5-W4,20260109,0.01,0.01,0.01,0.01,149300
A5-W5,20260109,0.09,0.09,0.08,0.09,81100
ACC-W2,20260109,0.15,0.16,0.15,0.16,76200
ASW-W3,20260109,0.36,0.39,0.36,0.37,191500
B-W8,20260109,0.01,0.01,0.01,0.01,10000
BC-W4,20260109,0.06,0.06,0.06,0.06,217100
BE8-W1,20260109,0.75,0.78,0.69,0.69,386700
BIOTEC-W2,20260109,0.01,0.01,0.01,0.01,8800
BR-W1,20260109,0.01,0.01,0.01,0.01,1019900
BTC-W7,20260109,0.04,0.04,0.02,0.03,1217700
BTS-W8,20260109,0.01,0.02,0.01,0.01,6138800
BWG-W7,20260109,0.05,0.06,0.05,0.05,2748700
CAZ-W1,20260109,0.81,0.97,0.63,0.65,6338900
CEN-W5,20260109,0.02,0.02,0.01,0.02,6000
CHASE-W1,20260109,0.21,0.23,0.21,0.22,70500
CHAYO-W4,20260109,0.31,0.32,0.27,0.28,2116200
COMAN-W1,20260109,0.05,0.06,0.05,0.05,354400
DCON-W4,20260109,0.01,0.02,0.01,0.02,508700
DEMCO-W8,20260109,0.4,0.48,0.4,0.43,6963100
EA-W1,20260109,0.69,0.7,0.68,0.68,2586200
ECF-W6,20260109,0.04,0.04,0.03,0.03,96100
EMC-W7,20260109,0.03,0.03,0.03,0.03,1000
EMPIRE-W1,20260109,0.15,0.16,0.15,0.16,48100
EMPIRE-W2,20260109,0.23,0.23,0.21,0.21,30400
GLORY-W1,20260109,0.16,0.16,0.15,0.16,89700
HYDRO-W2,20260109,0.09,0.09,0.07,0.08,3151600
IMH-W1,20260109,0.06,0.07,0.06,0.07,112700
IROYAL-W1,20260109,1.32,1.33,1.31,1.31,71000
IROYAL-W2,20260109,0.75,0.8,0.75,0.75,41000
ITEL-W5,20260109,0.11,0.11,0.09,0.09,804500
ITEL-W6,20260109,0.16,0.16,0.15,0.15,953200
J-W4,20260109,0.06,0.08,0.06,0.07,40400
JAS-W4,20260109,0.26,0.27,0.25,0.26,5901800
K-W3,20260109,0.07,0.07,0.06,0.07,43800
KGEN-W2,20260109,0.18,0.19,0.17,0.18,794100
KKP-W6,20260109,1.19,1.2,1.15,1.15,966200
MADAME-W6,20260109,0.11,0.14,0.11,0.14,1685500
MGI-W1,20260109,0.51,0.54,0.5,0.5,387900
NER-W2,20260109,0.05,0.11,0.04,0.08,58002400
NOBLE-W3,20260109,0.19,0.2,0.19,0.2,688800
NRF-W2,20260109,0.1,0.1,0.08,0.09,91400
ORI-W2,20260109,0.29,0.3,0.27,0.28,1144200
PEER-W2,20260109,0.02,0.02,0.01,0.02,600
PPPM-W6,20260109,0.12,0.14,0.12,0.14,1100
PRG-W5,20260109,4,4,4,4,200
PROEN-W2,20260109,0.31,0.31,0.3,0.31,25200
PROS-W1,20260109,0.01,0.02,0.01,0.02,213000
PROUD-W3,20260109,0.12,0.13,0.12,0.13,78600
PSTC-W3,20260109,0.06,0.06,0.05,0.06,228300
ROCTEC-W5,20260109,0.02,0.02,0.02,0.02,207000
SAMTEL-W2,20260109,0.71,0.72,0.71,0.72,3200
SGC-W2,20260109,0.35,0.35,0.32,0.32,169900
STELLA-W6,20260109,0.06,0.06,0.04,0.04,552100
TAKUNI-W2,20260109,0.28,0.35,0.28,0.29,3300
TEAMG-W1,20260109,0.13,0.14,0.13,0.13,456700
TFG-W4,20260109,0.81,0.85,0.8,0.84,6222300
TGE-W2,20260109,0.08,0.09,0.08,0.09,373000
TNITY-W2,20260109,0.23,0.24,0.22,0.22,267900
TPL-W1,20260109,0.18,0.22,0.18,0.2,38800
TRUBB-W3,20260109,0.32,0.39,0.32,0.36,594300
TVDH-W5,20260109,0.01,0.02,0.01,0.01,92400
UREKA-W3,20260109,0.23,0.23,0.21,0.22,194200
VGI-W3,20260109,0.01,0.02,0.01,0.02,273100
VIBHA-W5,20260109,0.07,0.07,0.06,0.06,16456100
VIH-W1,20260109,0.55,0.93,0.55,0.93,1400
WAVE-W4,20260109,0.01,0.01,0.01,0.01,300
WIIK-W3,20260109,0.01,0.01,0.01,0.01,600
XBIO-W6,20260109,0.04,0.04,0.04,0.04,100
XBIO-W7,20260109,0.02,0.02,0.01,0.02,338100
ZIGA-W2,20260109,0.09,0.09,0.08,0.09,858600
!AGRO,20260109,306.33,308.42,305.88,306.56,19698480000
!CONSUMP,20260109,43.96,44.14,43.55,43.83,839360000
!FINCIAL,20260109,150.01,150.66,148.18,148.47,40557740000
!INDUS,20260109,50.84,51.31,50.72,51.01,9362590000
!PROPCON,20260109,69.41,69.54,69.02,69.11,28290070000
!RESOURC,20260109,139.89,141.28,139.8,140.63,29989710000
!SERVICE,20260109,277.53,279.15,274.97,275.29,76688540000
!TECH,20260109,413.22,422.4,412.2,415.8,18928890000
$AGRI,20260109,184.38,186.72,183.58,185.35,6472130000
$AUTO,20260109,298.04,299.21,297.02,297.61,898580000
$BANK,20260109,480.15,482.71,473.62,474.62,26387040000
$COMM,20260109,19264.9,19320.2,18957.9,19009.4,15595690000
$CONMAT,20260109,5210.76,5228.78,5163.82,5217.41,2734400000
$CONS,20260109,29.8,29.95,29.24,29.43,2438920000
$ENERG,20260109,15956.2,16114.7,15945.6,16039.9,29989710000
$ETRON,20260109,18365.3,19122.1,18311.6,18625.5,4879800000
$FASHION,20260109,494.35,496.92,491.58,495.55,132880000
$FIN,20260109,1909.19,1912.72,1874.41,1886.73,10290620000
$FOOD,20260109,8586.93,8645.42,8567.15,8589.28,13226350000
$HELTH,20260109,4229.85,4238.62,4120.13,4133.34,12225850000
$HOME,20260109,16.04,16.11,15.88,15.88,285200000
$ICT,20260109,200.09,200.8,198.52,199.3,14049090000
$IMM,20260109,18.06,18.09,18.01,18.05,505930000
$INSUR,20260109,8448.8,8634.61,8408.5,8480.08,3880080000
$MEDIA,20260109,14.76,14.83,14.37,14.42,24757820000
$PAPER,20260109,2109.85,2123.91,2095.78,2109.85,14260000
$PERSON,20260109,73.36,73.72,72.21,72.98,421280000
$PETRO,20260109,451.69,456.82,450.57,452.59,3212360000
$PF&REIT,20260109,132.34,132.8,131.38,131.38,1674120000
$PKG,20260109,2108.87,2140.36,2101.94,2130.48,1089880000
$PROF,20260109,137.39,138.15,136.43,136.43,3512910000
$PROP,20260109,151.37,152.18,150.09,150.55,21442630000
$STEEL,20260109,18.12,18.44,17.94,18.14,3641580000
$TOURISM,20260109,430.46,432.69,429.23,431.77,2385860000
$TRANS,20260109,211.89,215.66,211.89,212.47,18210410000
MAI,20260109,215.69,216.44,214.15,214.89,342660955
SET,20260109,1255.84,1265.09,1251.95,1254.09,5269777904
SET100,20260109,1788.07,1799.83,1781.15,1784.63,1444527600
SET50,20260109,834.6,840.11,831.52,833.35,906625200
SETHD,20260109,1214.53,1219.63,1204.86,1207.53,506705100
ADVANC-F,20260109,320,321,319,320,2800
AOT-F,20260109,52,52,52,52,800
BBL-F,20260109,172.5,172.5,172.5,172.5,17700
BCP-F,20260109,28.5,28.5,28.25,28.25,9000
BDMS-F,20260109,19.2,19.2,18.8,18.9,702800
CPN-F,20260109,54,54,54,54,300
KBANK-F,20260109,193,193,191,191.5,19100
KTB-F,20260109,29.5,29.5,28.5,28.75,71700
KTC-F,20260109,26,26,25.75,25.75,312800
PTTEP-F,20260109,110,111.5,110,111,2000
SCB-F,20260109,141,141,139.5,139.5,29600
TISCO-F,20260109,109.5,109.5,109.5,109.5,1600
!AGRO-M,20260109,54.92,55.27,54.51,54.55,5216400000
!CONSUMP-M,20260109,12.27,12.32,12.14,12.19,807410000
!FINCIAL-M,20260109,37.78,37.84,37.29,37.63,195880000
!INDUS-M,20260109,38.08,38.25,38.07,38.19,968510000
!PROPCON-M,20260109,14.26,14.55,13.84,14.24,2396750000
!RESOURC-M,20260109,16.9,17.33,16.73,17.22,2724650000
!SERVICE-M,20260109,43,43.08,42.55,42.59,17952700000
!TECH-M,20260109,20.02,20.12,19.92,19.97,2499360000
SET100FF,20260109,1739.1,1747.91,1728.25,1731.56,144452760000
SET50FF,20260109,812.47,816.76,807.44,809.19,90662520000
SETCLMV,20260109,617.48,620.15,614.43,616.45,62827240000
SETESG,20260109,801.43,804.12,796.32,797.38,120408960000
SETWB,20260109,574.21,577.14,568.53,569.32,38793860000
SSET,20260109,559.49,560.31,557.13,558.35,13881190000
