<TICKER>,<DTYYYYMMDD>,<OPEN>,<HIGH>,<LOW>,<CLOSE>,<VOL>
1DIV-O,20260128,11.74,11.9,11.74,11.9,24
2I01BSET50-O,20260128,4.06,4.06,4.06,4.06,8
2X01BSET50-O,20260128,5.7,5.7,5.7,5.7,5
BMSCITH-O,20260128,10.58,10.58,10.56,10.56,3
BSET100-O,20260128,9.62,9.62,9.62,9.62,21
GLD-O,20260128,6.37,6.58,6.37,6.54,2194
TDEX-O,20260128,8.84,8.84,8.81,8.84,448
1DIV,20260128,11.69,11.75,11.69,11.73,37800
1I01BSET50,20260128,4.5,4.5,4.5,4.5,100
2I01BSET50,20260128,4.04,4.06,4,4.03,329700
2X01BSET50,20260128,5.73,5.77,5.67,5.77,714300
ABFTH,20260128,1380,1380,1380,1380,100
BMSCG,20260128,7.44,7.5,7.44,7.5,300
BMSCITH,20260128,10.53,10.58,10.5,10.55,331300
BSET100,20260128,9.6,9.62,9.6,9.62,21400
CHINA,20260128,6.92,6.92,6.9,6.91,17600
GLD,20260128,6.4,6.56,6.39,6.51,7772400
TDEX,20260128,8.8,8.84,8.8,8.82,581500
UBOT,20260128,14.18,14.29,14.18,14.29,2200
UHERO,20260128,9.59,9.59,9.52,9.52,700
2S,20260128,2.46,2.5,2.46,2.46,40400
3BBIF,20260128,6.4,6.45,6.35,6.4,2397900
88TH,20260128,4.44,4.56,4.42,4.52,2861700
A5,20260128,1.82,1.84,1.65,1.83,86700
AAI,20260128,4.18,4.22,4.18,4.2,473500
AAV,20260128,1.14,1.15,1.13,1.13,61262300
ABM,20260128,0.59,0.65,0.59,0.65,97400
ACC,20260128,0.4,0.41,0.39,0.39,1927500
ACE,20260128,1.3,1.3,1.29,1.3,1380100
ACG,20260128,0.57,0.59,0.57,0.57,30500
ADB,20260128,0.57,0.58,0.56,0.58,230400
ADD,20260128,3.78,3.84,3.58,3.84,33000
ADVANC,20260128,350,353,348,352,3591200
ADVICE,20260128,5.7,5.7,5.45,5.55,1455200
AE,20260128,0.1,0.1,0.09,0.09,2273600
AEONTS,20260128,98.25,98.25,96.75,96.75,719100
AF,20260128,0.33,0.33,0.32,0.33,52000
AFC,20260128,3.4,3.4,3.36,3.38,1800
AGE,20260128,1.29,1.29,1.27,1.27,276800
AH,20260128,13,13.2,12.9,12.9,204000
AHC,20260128,13,13.7,13,13.6,7400
AI,20260128,2.98,3.02,2.98,3,258000
AIE,20260128,1.02,1.03,1.01,1.01,385600
AIMCG,20260128,1.67,1.68,1.66,1.68,27800
AIMIRT,20260128,10.8,10.8,10.7,10.7,368400
AIRA,20260128,0.99,1,0.98,1,112000
AIT,20260128,4.98,5,4.96,4.98,723200
AJ,20260128,1.86,1.9,1.84,1.84,1575200
AJA,20260128,0.16,0.16,0.15,0.16,3029500
AKP,20260128,0.63,0.64,0.63,0.64,679300
AKR,20260128,0.84,0.84,0.83,0.84,811800
AKS,20260128,0.02,0.02,0.01,0.02,604200
ALLA,20260128,1.17,1.18,1.17,1.17,60000
ALLY,20260128,4.36,4.36,4.32,4.34,173800
ALPHAX,20260128,0.5,0.51,0.48,0.48,3687300
ALT,20260128,1.15,1.17,1.14,1.14,521700
ALUCON,20260128,202,205,199,200,1900
AMA,20260128,4.1,4.1,4.08,4.1,211600
AMANAH,20260128,0.73,0.75,0.73,0.74,68100
AMARC,20260128,2.64,2.7,2.62,2.62,3422500
AMARIN,20260128,2.08,2.08,2,2,39300
AMATA,20260128,15.6,15.8,15.4,15.7,10530900
AMATAR,20260128,6.65,6.7,6.65,6.7,20800
AMATAV,20260128,1.82,1.82,1.78,1.79,53000
AMC,20260128,2.1,2.12,2.1,2.12,3200
AMR,20260128,0.39,0.41,0.39,0.39,79400
ANAN,20260128,0.42,0.42,0.41,0.41,2166200
ANI,20260128,2.74,2.78,2.72,2.74,23500
AOT,20260128,51.5,52.5,51.25,52.25,20450400
AP,20260128,8.95,9.1,8.9,9.1,22347100
APCO,20260128,2.8,2.84,2.8,2.84,51000
APCS,20260128,1.31,1.31,1.25,1.25,86500
APO,20260128,1.87,1.89,1.86,1.87,409100
APP,20260128,2.52,2.54,2.5,2.52,103900
APURE,20260128,2.18,2.2,2.16,2.2,33600
AQUA,20260128,0.15,0.16,0.15,0.15,3687800
ARIN,20260128,0.58,0.59,0.57,0.58,1040900
ARIP,20260128,0.42,0.44,0.42,0.43,808800
ARROW,20260128,5.05,5.05,5,5.05,50600
AS,20260128,2.82,2.9,2.8,2.86,2602600
ASAP,20260128,1.2,1.2,1.2,1.2,3100
ASEFA,20260128,3.48,3.48,3.46,3.48,46300
ASIA,20260128,6,6,6,6,100
ASIAN,20260128,7.35,7.45,7.35,7.45,225100
ASIMAR,20260128,1.52,1.52,1.5,1.51,10900
ASK,20260128,7.8,7.95,7.8,7.85,314900
ASN,20260128,0.79,0.8,0.79,0.8,6100
ASP,20260128,2.06,2.1,2.06,2.08,265500
ASW,20260128,6,6,5.9,6,137500
ATLAS,20260128,1.68,1.7,1.67,1.68,1886200
ATP30,20260128,0.89,0.89,0.87,0.88,72100
AU,20260128,5,5.05,4.92,4.94,499300
AUCT,20260128,5.25,5.3,5.25,5.25,79500
AURA,20260128,13.2,13.2,12.9,13,1286200
AWC,20260128,2.26,2.26,2.18,2.2,46911700
AXTRART,20260128,12.8,13,12.6,13,1155700
AYUD,20260128,36.5,36.75,36,36.75,12700
B,20260128,0.03,0.04,0.03,0.04,6730800
B-WORK,20260128,5.05,5.1,5.05,5.1,402300
B52,20260128,0.34,0.34,0.31,0.33,172100
BA,20260128,15.2,15.6,15,15.4,5265200
BAFS,20260128,8.75,8.75,8.6,8.7,81100
BAM,20260128,7.9,8.05,7.8,8.05,10399600
BANPU,20260128,5.55,5.55,5.4,5.55,68908300
BAREIT,20260128,10.7,10.7,10.4,10.5,1055400
BAY,20260128,25.75,25.75,25.25,25.75,246200
BBGI,20260128,3,3.02,3,3,602200
BBIK,20260128,15,15,14.7,15,234600
BBL,20260128,160.5,160.5,158,158.5,13935200
BC,20260128,0.79,0.84,0.78,0.79,69800
BCH,20260128,10.1,10.2,10,10.1,5133200
BCP,20260128,29.75,30.75,29.5,30,10047000
BCPG,20260128,7,7.3,6.95,7.15,8626200
BDMS,20260128,20.2,20.2,19.8,20,39552400
BE8,20260128,4.84,4.86,4.76,4.82,182000
BEAUTY,20260128,0.42,0.43,0.41,0.42,2596800
BEC,20260128,1.84,1.85,1.83,1.84,166300
BEM,20260128,5.25,5.3,5.2,5.2,13206900
BEYOND,20260128,8.05,8.5,8.05,8.1,10200
BGC,20260128,4.02,4.1,4.02,4.1,147400
BGRIM,20260128,12.9,13,12.7,12.9,11582700
BGT,20260128,0.39,0.39,0.36,0.39,184000
BH,20260128,169,171,166,169,3063400
BIG,20260128,0.3,0.3,0.29,0.29,167000
BIOTEC,20260128,0.18,0.18,0.17,0.17,380400
BIS,20260128,1.92,1.93,1.89,1.89,61600
BIZ,20260128,4.06,4.12,4.06,4.12,95900
BJC,20260128,14.6,14.6,14.1,14.3,6503000
BJCHI,20260128,0.57,0.58,0.57,0.58,103100
BKA,20260128,0.72,0.92,0.72,0.87,31704100
BKD,20260128,1.02,1.03,1.02,1.02,60200
BKGI,20260128,1.28,1.31,1.28,1.31,175200
BKIH,20260128,301,302,301,301,5600
BLA,20260128,20.6,21.1,20.5,20.9,2240800
BLAND,20260128,0.44,0.45,0.44,0.44,1856000
BLC,20260128,4.08,4.12,4.08,4.08,303800
BLESS,20260128,0.21,0.22,0.2,0.21,119900
BM,20260128,1.1,1.1,1.05,1.07,2028900
BOFFICE,20260128,5.1,5.1,5.1,5.1,18100
BOL,20260128,5.15,5.15,5,5,310600
BPP,20260128,11.5,11.6,11.4,11.5,55900
BPS,20260128,0.42,0.42,0.41,0.41,210500
BR,20260128,1.64,1.64,1.6,1.63,245300
BRI,20260128,1.42,1.44,1.4,1.43,50100
BROCK,20260128,1.24,1.24,1.18,1.18,11500
BRR,20260128,3.84,3.96,3.82,3.92,353700
BRRGIF,20260128,3.8,3.8,3.78,3.8,3500
BSBM,20260128,0.64,0.64,0.61,0.62,525300
BSM,20260128,0.34,0.36,0.34,0.36,200
BTC,20260128,0.24,0.25,0.23,0.23,15337600
BTG,20260128,17.6,17.6,17.1,17.1,5398500
BTNC,20260128,13.5,14.1,13.4,14.1,700
BTS,20260128,2.28,2.28,2.22,2.24,18099800
BTSGIF,20260128,2.58,2.6,2.58,2.58,978300
BTW,20260128,0.1,0.12,0.1,0.11,239100
BUI,20260128,12.4,12.4,12.3,12.4,7600
BVG,20260128,1.73,1.76,1.71,1.75,351700
BWG,20260128,0.26,0.27,0.25,0.26,14967200
BYD,20260128,0.52,0.52,0.5,0.51,4317700
CAZ,20260128,1.62,1.63,1.6,1.62,40700
CBG,20260128,43.5,43.5,42.25,42.5,2427500
CCET,20260128,4.96,5.05,4.9,4.9,40934800
CCP,20260128,0.23,0.24,0.22,0.23,624500
CEN,20260128,0.81,0.83,0.79,0.83,257300
CENTEL,20260128,35.75,36,35,35.75,2547100
CEYE,20260128,1.69,1.74,1.67,1.67,55100
CFARM,20260128,0.78,0.78,0.76,0.77,308100
CFRESH,20260128,0.7,0.71,0.7,0.7,162400
CGD,20260128,0.11,0.12,0.11,0.12,88600
CGH,20260128,0.48,0.49,0.47,0.49,1813800
CH,20260128,1.61,1.68,1.61,1.63,34900
CHAO,20260128,4.42,4.46,4.42,4.42,4900
CHARAN,20260128,17.8,18,17.2,17.2,21800
CHASE,20260128,0.51,0.51,0.49,0.5,1687700
CHAYO,20260128,1.23,1.23,1.21,1.22,1330400
CHEWA,20260128,0.22,0.23,0.19,0.21,1984600
CHG,20260128,1.57,1.58,1.53,1.53,8900100
CHIC,20260128,0.24,0.24,0.23,0.24,107500
CHO,20260128,0.06,0.06,0.05,0.06,674800
CHOW,20260128,1.08,1.08,1.06,1.06,57100
CI,20260128,0.36,0.36,0.35,0.35,50400
CIG,20260128,0.03,0.03,0.02,0.02,400100
CITY,20260128,1.5,1.56,1.48,1.54,51700
CIVIL,20260128,0.71,0.72,0.69,0.71,369300
CK,20260128,12.6,12.9,12.5,12.9,10267700
CKP,20260128,2.3,2.32,2.26,2.3,3177100
CM,20260128,1.64,1.64,1.62,1.62,56000
CMAN,20260128,2.46,2.46,2.42,2.46,349500
CMC,20260128,0.48,0.48,0.45,0.46,61400
CMO,20260128,0.47,0.47,0.39,0.4,282400
CMR,20260128,1.36,1.42,1.36,1.37,130800
CNT,20260128,1.03,1.04,1.03,1.03,86900
COCOCO,20260128,5.8,5.8,5.55,5.65,2349000
COLOR,20260128,1.04,1.06,1.03,1.06,51400
COM7,20260128,21.2,21.3,20.4,20.5,15299900
COMAN,20260128,0.39,0.4,0.38,0.38,59000
CPALL,20260128,43.25,43.75,43,43.5,29362100
CPANEL,20260128,1.96,1.97,1.91,1.96,23400
CPAXT,20260128,15.2,15.2,14.8,14.9,9482700
CPF,20260128,21,21,20.7,20.8,12451800
CPH,20260128,8.7,8.85,8.55,8.55,191700
CPI,20260128,3.4,3.44,3.4,3.44,91400
CPL,20260128,0.69,0.69,0.65,0.65,207500
CPN,20260128,58.5,58.5,58.25,58.25,3568700
CPNCG,20260128,6.4,6.45,6.4,6.45,361700
CPNREIT,20260128,11.3,11.3,11.1,11.3,3061700
CPR,20260128,2.8,2.82,2.76,2.76,131300
CPT,20260128,0.98,0.99,0.96,0.98,86200
CPTREIT,20260128,5.45,5.45,5.4,5.45,20300
CPW,20260128,2,2,1.99,2,34800
CRANE,20260128,0.44,0.44,0.4,0.43,344700
CRC,20260128,19.8,19.9,19.5,19.7,6958200
CRD,20260128,0.3,0.31,0.3,0.31,52400
CREDIT,20260128,16.7,16.8,15.9,16,496100
CSC,20260128,45,45.25,45,45.25,1000
CSP,20260128,0.41,0.45,0.41,0.42,55300
CSR,20260128,68.5,68.5,68.5,68.5,200
CSS,20260128,0.77,0.78,0.76,0.77,107500
CTARAF,20260128,4.64,4.66,4.64,4.66,130300
CTW,20260128,2.84,2.9,2.82,2.9,400
CWT,20260128,0.92,0.98,0.92,0.95,4692400
D,20260128,2.54,2.58,2.54,2.58,52900
DCC,20260128,1.24,1.26,1.23,1.24,2908200
DCON,20260128,0.23,0.24,0.23,0.23,79700
DDD,20260128,5.5,5.75,5.5,5.65,46400
DELTA,20260128,213,215,208,209,15106700
DEMCO,20260128,2.6,2.64,2.52,2.52,167100
DEXON,20260128,1.05,1.09,1.05,1.07,57100
DHOUSE,20260128,0.41,0.41,0.4,0.4,32100
DIF,20260128,9.45,9.5,9.4,9.45,7301900
DIMET,20260128,0.05,0.06,0.05,0.06,735500
DITTO,20260128,11.3,11.3,11.1,11.3,567700
DMT,20260128,10.7,10.7,10.6,10.6,214000
DOD,20260128,1.58,1.6,1.55,1.56,360100
DOHOME,20260128,3.6,3.64,3.52,3.56,11207100
DPAINT,20260128,0.63,0.64,0.62,0.62,739600
DREIT,20260128,4.92,4.94,4.9,4.92,33500
DRT,20260128,5.05,5.1,4.98,5.05,240600
DTCENT,20260128,0.88,0.89,0.88,0.88,403500
DUSIT,20260128,11.7,11.7,11.3,11.3,346100
DV8,20260128,4.38,4.38,4.26,4.28,222100
EA,20260128,2.74,2.76,2.7,2.72,13440400
EASON,20260128,1.05,1.05,1.05,1.05,404100
EAST,20260128,0.67,0.69,0.67,0.68,176900
EASTW,20260128,1.97,1.97,1.94,1.94,266100
ECF,20260128,0.07,0.07,0.06,0.06,765900
EFORL,20260128,0.13,0.14,0.12,0.13,7513300
EGATIF,20260128,6.2,6.2,6.15,6.2,76800
EGCO,20260128,118,118.5,116.5,118,1126800
EKH,20260128,4.98,4.98,4.96,4.98,66500
EMC,20260128,0.03,0.03,0.02,0.02,15110900
EMPIRE,20260128,0.76,0.78,0.71,0.75,30107800
EP,20260128,1.15,1.17,1.15,1.17,47400
EPG,20260128,2.98,3.14,2.96,3.14,5114300
ERW,20260128,2.5,2.54,2.48,2.5,35018800
ESTAR,20260128,0.2,0.21,0.2,0.2,1269800
ETC,20260128,0.55,0.56,0.54,0.55,1010000
ETE,20260128,0.51,0.52,0.49,0.49,117800
ETL,20260128,0.54,0.54,0.5,0.52,646800
EURO,20260128,4,4.16,4,4.16,153800
EVER,20260128,0.05,0.06,0.05,0.05,918200
F&D,20260128,50,50,50,50,200
FANCY,20260128,0.3,0.3,0.27,0.3,97400
FLOYD,20260128,1.19,1.2,1.19,1.19,208800
FM,20260128,3.64,3.66,3.6,3.66,375500
FMT,20260128,23.9,23.9,23,23.7,2200
FN,20260128,0.44,0.47,0.44,0.47,139600
FNS,20260128,0.78,0.79,0.77,0.78,151000
FORTH,20260128,5.95,6.05,5.9,5.9,394700
FPI,20260128,1.78,1.79,1.74,1.78,370600
FPT,20260128,6.15,6.2,6.15,6.2,60200
FSMART,20260128,6.45,6.45,6.2,6.25,957700
FSX,20260128,0.73,0.73,0.7,0.72,35200
FTE,20260128,1.94,1.94,1.9,1.94,235700
FTI,20260128,1.97,1.97,1.96,1.96,2000
FTREIT,20260128,11.7,11.9,11.6,11.8,3108700
FUTURERT,20260128,9.15,9.15,9.1,9.1,32400
FVC,20260128,0.47,0.47,0.46,0.47,133300
GABLE,20260128,3.5,3.5,3.44,3.48,33800
GAHREIT,20260128,4.22,4.22,4.16,4.18,110200
GBX,20260128,0.5,0.5,0.48,0.49,94900
GC,20260128,4.02,4.04,4,4.02,339500
GCAP,20260128,0.28,0.29,0.27,0.27,914300
GEL,20260128,0.04,0.05,0.04,0.04,2303700
GENCO,20260128,0.25,0.26,0.24,0.25,52000
GFC,20260128,2.74,2.8,2.74,2.8,8600
GFPT,20260128,9.85,9.85,9.6,9.65,5680600
GGC,20260128,3.2,3.26,3.16,3.26,59900
GJS,20260128,0.1,0.1,0.09,0.09,508800
GLOBAL,20260128,6.8,6.95,6.75,6.85,5525500
GLORY,20260128,0.57,0.62,0.57,0.6,106900
GPI,20260128,1.66,1.67,1.64,1.66,81900
GPSC,20260128,35.5,36.25,35.25,36,7026700
GRAMMY,20260128,4.16,4.16,4.12,4.12,17600
GRAND,20260128,0.03,0.03,0.03,0.03,3805800
GREEN,20260128,0.62,0.63,0.61,0.61,102700
GROREIT,20260128,7.35,7.4,7.35,7.35,11700
GTB,20260128,0.67,0.68,0.67,0.67,69500
GTV,20260128,0.03,0.04,0.03,0.03,4855300
GULF,20260128,47,47.5,46.5,47.5,29176400
GUNKUL,20260128,1.8,1.83,1.8,1.83,5517500
GVREIT,20260128,6.55,6.55,6.5,6.55,180800
GYT,20260128,204,204,204,204,300
HANA,20260128,17.9,18.1,17.6,17.7,11592200
HANN,20260128,0.95,0.96,0.91,0.92,7312000
HARN,20260128,1.96,1.96,1.93,1.95,62500
HEALTH,20260128,0.47,0.47,0.43,0.47,2200
HENG,20260128,0.96,0.97,0.95,0.95,200200
HFT,20260128,4.22,4.24,4.2,4.2,207700
HL,20260128,7.1,7.1,7,7,17900
HMPRO,20260128,6.95,7.05,6.9,7,50207400
HPF,20260128,5.25,5.3,5.25,5.25,9400
HPT,20260128,0.34,0.35,0.33,0.34,2328200
HTC,20260128,15.1,15.1,15,15,113300
HTECH,20260128,3.14,3.14,2.98,3.02,1169900
HUMAN,20260128,4.96,4.96,4.9,4.94,671700
HYDRO,20260128,3.22,3.28,3.12,3.14,103900
I2,20260128,0.73,0.74,0.72,0.73,509900
ICC,20260128,24.1,25,24.1,25,3400
ICHI,20260128,13.9,13.9,13.8,13.9,1385300
ICN,20260128,1.57,1.61,1.57,1.6,538500
IDG,20260128,1.67,1.69,1.63,1.64,452900
IFS,20260128,2.12,2.14,2.12,2.14,161300
IHL,20260128,1.59,1.6,1.59,1.59,12200
IIG,20260128,1.85,1.86,1.74,1.76,1736800
III,20260128,3.88,3.9,3.86,3.86,494200
ILINK,20260128,4.74,4.76,4.74,4.74,245900
ILM,20260128,13,13.2,12.9,13.1,505800
IMH,20260128,2.92,2.94,2.92,2.94,11500
IMPACT,20260128,10.5,10.6,10.5,10.6,467300
IND,20260128,1.45,1.46,1.43,1.44,176200
INET,20260128,3.6,3.74,3.6,3.72,2564200
INETREIT,20260128,11.9,11.9,11.8,11.9,740900
INGRS,20260128,0.25,0.26,0.24,0.25,3426900
INOX,20260128,0.41,0.43,0.41,0.42,446300
INSET,20260128,2.02,2.04,1.95,1.99,3649500
INSURE,20260128,62.25,64.75,62.25,64.75,500
IP,20260128,4.44,4.46,4.36,4.42,432800
IRC,20260128,11.7,11.8,11.7,11.8,43300
IRCP,20260128,0.27,0.28,0.26,0.27,212200
IROYAL,20260128,5.4,5.65,5.3,5.45,1144000
IRPC,20260128,1.22,1.25,1.2,1.22,76740100
ISSARA,20260128,6.85,6.85,6.85,6.85,100
IT,20260128,3.32,3.34,3.3,3.34,19600
ITC,20260128,16.7,16.7,16.3,16.5,3269500
ITD,20260128,0.23,0.23,0.21,0.22,6183500
ITEL,20260128,1.34,1.35,1.3,1.32,2156200
ITNS,20260128,1.52,1.52,1.49,1.52,6600
ITTHI,20260128,1.27,1.27,1.19,1.21,608000
IVF,20260128,0.81,0.86,0.79,0.81,2250800
IVL,20260128,20.2,21.7,20.1,21.5,79574800
J,20260128,0.63,0.63,0.61,0.62,423100
JAK,20260128,0.66,0.66,0.66,0.66,2300
JAS,20260128,1.3,1.31,1.29,1.29,14471100
JCK,20260128,0.13,0.14,0.13,0.13,204500
JDF,20260128,1.42,1.42,1.4,1.42,36200
JMART,20260128,7.6,7.6,7.35,7.4,5270100
JMT,20260128,8.95,9.05,8.75,8.8,8314700
JPARK,20260128,2.28,2.72,2.28,2.6,24088200
JR,20260128,1.73,1.74,1.72,1.74,77600
JSP,20260128,1.93,1.94,1.9,1.94,19200
JTS,20260128,53,54.75,51.75,53,841500
JUBILE,20260128,7,7,7,7,1600
K,20260128,1.09,1.09,1.04,1.06,13800
KAMART,20260128,8.95,8.95,8.85,8.85,1517900
KASET,20260128,0.63,0.68,0.62,0.64,2106200
KBANK,20260128,192,192,189.5,191,8690900
KBS,20260128,5.95,6.05,5.95,6.05,74200
KBSPIF,20260128,8.2,8.25,8.2,8.25,68000
KC,20260128,0.02,0.03,0.02,0.03,34500
KCAR,20260128,5.45,5.45,5.35,5.35,18600
KCC,20260128,2.3,2.3,2.26,2.26,72900
KCE,20260128,18.8,19.3,18.8,19.1,19702700
KCG,20260128,8.55,8.65,8.5,8.55,170300
KCM,20260128,0.16,0.17,0.15,0.16,965600
KGEN,20260128,1.17,1.18,1.15,1.17,1924600
KGI,20260128,4.12,4.16,4.12,4.14,413500
KIAT,20260128,0.33,0.34,0.33,0.34,333000
KISS,20260128,3.06,3.08,3.02,3.06,264200
KJL,20260128,6.2,6.2,6.15,6.2,23800
KK,20260128,0.8,0.82,0.8,0.8,16100
KKP,20260128,70.25,70.5,69.5,70.25,3112500
KLINIQ,20260128,23.2,23.2,22,22.7,309400
KOOL,20260128,0.29,0.3,0.29,0.29,207500
KSL,20260128,1.22,1.22,1.21,1.22,122300
KTB,20260128,29,29.25,28.75,29,31539400
KTBSTMR,20260128,5.45,5.45,5.3,5.4,149900
KTC,20260128,28.5,28.5,27.75,28.25,6726400
KTIS,20260128,1.98,1.99,1.97,1.99,25400
KTMS,20260128,1.97,2,1.94,2,62800
KUMWEL,20260128,1.05,1.08,1.05,1.07,26200
KWM,20260128,0.88,0.9,0.88,0.89,192100
KYE,20260128,295,295,293,293,1000
L&E,20260128,1.04,1.04,1.04,1.04,1000
LALIN,20260128,4.8,4.8,4.74,4.74,67200
LANNA,20260128,15.6,15.8,15.6,15.6,164500
LDC,20260128,0.3,0.3,0.28,0.3,1384700
LEE,20260128,2.64,2.66,2.64,2.64,80200
LEO,20260128,1.94,1.94,1.89,1.93,264500
LH,20260128,3.96,4.02,3.96,4,29410200
LHFG,20260128,1.01,1.02,0.99,1,6917900
LHHOTEL,20260128,13.1,13.1,13,13.1,572700
LHK,20260128,3.38,3.38,3.34,3.36,65100
LHRREIT,20260128,4.34,4.34,4.3,4.34,109900
LHSC,20260128,12.8,12.9,12.7,12.7,172300
LIT,20260128,0.63,0.65,0.61,0.65,269400
LOXLEY,20260128,1.23,1.27,1.21,1.25,76800
LPH,20260128,3.7,3.7,3.64,3.68,120000
LPN,20260128,1.56,1.57,1.56,1.57,181700
LST,20260128,4.72,4.78,4.72,4.76,126700
LTMH,20260128,4.38,4.38,4.28,4.36,81000
LTS,20260128,2.24,2.8,2.2,2.44,1605800
LUXF,20260128,8.9,9,8.8,9,10100
M,20260128,19.2,19.2,18.8,19.2,2329900
M-CHAI,20260128,22,22,22,22,7000
M-PAT,20260128,1.84,1.86,1.84,1.86,30500
M-STOR,20260128,7.1,7.35,7.1,7.35,9500
MADAME,20260128,0.13,0.13,0.11,0.13,12141700
MAGURO,20260128,21.4,21.4,21.1,21.2,101900
MAJOR,20260128,6.6,6.75,6.6,6.65,2171400
MALEE,20260128,4.14,4.16,4.06,4.08,1278200
MASTEC,20260128,1,1,0.95,0.99,323500
MASTER,20260128,9,9.1,8.7,8.85,3587400
MATCH,20260128,0.79,0.8,0.64,0.75,46000
MBAX,20260128,1.38,1.4,1.35,1.38,30500
MBK,20260128,18,18.2,17.9,18.2,1132000
MC,20260128,11.6,11.7,11.5,11.7,634500
MCA,20260128,1.02,1.12,1.01,1.03,4630200
MCOT,20260128,2.86,2.96,2.86,2.94,293400
MCS,20260128,8.35,8.6,8.35,8.55,432400
MDX,20260128,2.4,2.46,2.4,2.44,136300
MEB,20260128,14,14.1,13.8,13.8,177200
MEDEZE,20260128,6.35,6.4,6.2,6.2,589000
MEGA,20260128,36,36.5,35.5,36,1314900
MENA,20260128,0.73,0.74,0.72,0.73,332300
META,20260128,0.06,0.06,0.05,0.06,146900
METCO,20260128,289,298,289,295,74500
MFC,20260128,24.1,24.4,24.1,24.2,1400
MFEC,20260128,5.25,5.3,5.2,5.25,27300
MGC,20260128,4.22,4.22,4.02,4.02,39100
MGI,20260128,6.05,6.05,5.8,5.8,610200
MGT,20260128,1.58,1.59,1.56,1.58,35500
MICRO,20260128,0.83,0.84,0.81,0.83,257800
MIDA,20260128,0.18,0.19,0.18,0.18,7400
MII,20260128,4.5,4.5,4.5,4.5,10500
MILL,20260128,0.06,0.07,0.06,0.06,72900
MINT,20260128,23.4,23.8,23.4,23.6,12212400
MITSIB,20260128,0.59,0.6,0.58,0.59,476000
MJD,20260128,0.32,0.36,0.32,0.33,152800
MJLF,20260128,5,5.05,5,5,9500
MK,20260128,0.53,0.53,0.5,0.53,12400
ML,20260128,0.45,0.47,0.44,0.46,108200
MMM,20260128,3.22,3.24,3.22,3.22,87600
MNIT,20260128,1.9,1.9,1.88,1.89,1100
MNIT2,20260128,5.7,5.7,5.7,5.7,5400100
MODERN,20260128,2,2,1.99,2,41600
MONO,20260128,1.24,1.24,1.05,1.15,17344200
MOONG,20260128,2.12,2.12,2.08,2.1,24700
MORE,20260128,0.03,0.04,0.03,0.03,6512900
MOSHI,20260128,33.5,35.25,33.25,35.25,1649700
MOTHER,20260128,1.14,1.16,1.12,1.12,962300
MPJ,20260128,3.72,3.78,3.7,3.72,596100
MRDIYT,20260128,8.7,8.8,8.6,8.7,8830600
MSC,20260128,7.65,7.8,7.65,7.7,3300
MST,20260128,6.65,6.7,6.6,6.7,47300
MTC,20260128,33.5,34,33.25,33.75,4831300
MTI,20260128,15.6,15.7,15.5,15.6,5200
MTW,20260128,0.78,0.81,0.77,0.77,104800
MUD,20260128,0.42,0.44,0.42,0.44,200
MVP,20260128,0.12,0.13,0.11,0.12,373400
NAM,20260128,3.76,3.8,3.76,3.76,37000
NAT,20260128,2.4,2.46,2.38,2.42,88500
NATION,20260128,0.04,0.05,0.03,0.04,228600
NC,20260128,2.1,2.22,2.02,2.02,543000
NCAP,20260128,2.8,2.8,2.74,2.74,1428700
NCH,20260128,0.4,0.41,0.4,0.4,51400
NCL,20260128,0.22,0.22,0.22,0.22,24000
NCP,20260128,0.97,1.02,0.94,1,17700
NDR,20260128,1.4,1.4,1.35,1.35,99800
NEO,20260128,20.2,20.3,20,20.3,109400
NEP,20260128,0.2,0.2,0.19,0.2,235800
NER,20260128,4.82,4.82,4.76,4.8,3092800
NETBAY,20260128,22.2,22.2,21.7,21.8,193300
NEX,20260128,1.13,1.13,1.11,1.11,5642100
NKI,20260128,19,19.8,18.6,19.8,14600
NKT,20260128,4.06,4.1,4.06,4.08,142800
NL,20260128,0.59,0.6,0.58,0.6,130400
NNCL,20260128,1.52,1.52,1.5,1.51,102900
NOBLE,20260128,2.24,2.26,2.2,2.24,1031400
NOVA,20260128,8.65,8.65,8.65,8.65,1000
NRF,20260128,0.24,0.25,0.23,0.24,2002400
NSL,20260128,22.6,23.2,22.6,23.2,1358200
NTF,20260128,5.35,5.45,5.3,5.35,530400
NTSC,20260128,6.25,6.25,6.15,6.25,2300
NTV,20260128,22.8,22.8,22.6,22.8,5400
NUT,20260128,3.68,3.72,3.66,3.72,7200
NV,20260128,0.5,0.53,0.5,0.52,154500
NVD,20260128,0.79,0.79,0.7,0.76,102400
NYT,20260128,3.1,3.14,3.08,3.14,1159400
OCC,20260128,8.6,8.95,8.6,8.95,900
OGC,20260128,9.55,9.6,9.55,9.6,600
OHTL,20260128,315,315,315,315,400
OKJ,20260128,4.36,4.36,4.24,4.26,1121100
ONEE,20260128,2.32,2.38,2.28,2.32,2215400
ONSENS,20260128,1.06,1.06,1.04,1.04,529700
OR,20260128,14,14,13.7,13.9,38300300
ORI,20260128,1.73,1.76,1.72,1.72,1619400
ORN,20260128,0.7,0.7,0.69,0.69,1785400
OSP,20260128,17.2,17.4,17.1,17.3,4400400
PACO,20260128,1.23,1.23,1.17,1.18,394800
PAF,20260128,0.66,0.69,0.66,0.66,96600
PANEL,20260128,1.4,1.4,1.4,1.4,3000
PAP,20260128,1.96,1.99,1.96,1.99,3600
PATO,20260128,6.9,6.9,6.85,6.9,8900
PB,20260128,49.75,50,49.75,50,1000
PCC,20260128,2.66,2.68,2.66,2.68,38300
PCE,20260128,2.1,2.1,2.04,2.06,1028700
PCSGH,20260128,3,3.04,3,3,266800
PDG,20260128,2.94,2.94,2.92,2.92,3300
PDJ,20260128,1.18,1.18,1.15,1.18,41500
PEACE,20260128,1.86,1.86,1.86,1.86,1000
PEER,20260128,0.09,0.1,0.08,0.1,2212200
PERM,20260128,0.24,0.24,0.23,0.24,100600
PF,20260128,0.05,0.06,0.05,0.05,9912900
PG,20260128,6.2,6.2,6.2,6.2,100
PHG,20260128,13,13.5,13,13.1,9300
PHOL,20260128,2.82,2.86,2.8,2.86,129200
PICO,20260128,3.9,3.92,3.9,3.92,1000
PIMO,20260128,0.99,1,0.98,0.98,193600
PIN,20260128,4.32,4.32,4.28,4.28,93000
PIS,20260128,2.98,3,2.96,2.98,408300
PJW,20260128,2.02,2.04,2.02,2.02,85900
PK,20260128,0.52,0.52,0.5,0.5,49700
PL,20260128,1.35,1.36,1.34,1.35,18200
PLANB,20260128,3.62,3.64,3.58,3.64,12491300
PLANET,20260128,0.53,0.53,0.49,0.53,277100
PLAT,20260128,1.1,1.11,1.05,1.07,8572300
PLE,20260128,0.17,0.17,0.16,0.17,940600
PLT,20260128,0.57,0.58,0.56,0.57,805900
PLUS,20260128,1.65,1.72,1.5,1.53,22161900
PM,20260128,12,12.1,11.9,11.9,71900
PMC,20260128,0.84,0.88,0.84,0.88,1854000
PMTA,20260128,10.1,10.3,10,10.3,2200
POLY,20260128,7.1,7.2,7.1,7.1,600
POPF,20260128,6.8,6.85,6.8,6.85,110000
PORT,20260128,0.55,0.56,0.55,0.56,28100
PPM,20260128,1.14,1.17,1.12,1.16,100900
PPP,20260128,0.83,0.84,0.82,0.84,4300
PPPM,20260128,0.32,0.32,0.28,0.31,898200
PPS,20260128,0.18,0.18,0.17,0.17,32700
PQS,20260128,1.41,1.41,1.4,1.41,364900
PR9,20260128,18.9,18.9,18.7,18.8,812600
PRAKIT,20260128,11.2,11.2,11.2,11.2,4400
PRAPAT,20260128,0.74,0.75,0.72,0.73,120900
PREB,20260128,3.46,3.46,3.46,3.46,5900
PRECHA,20260128,0.46,0.46,0.45,0.45,53700
PRG,20260128,8.95,9,8.95,9,700
PRI,20260128,4.3,4.3,4.22,4.24,112600
PRIME,20260128,0.05,0.06,0.05,0.06,2082800
PRIN,20260128,1.48,1.48,1.48,1.48,11100
PRINC,20260128,1.7,1.71,1.66,1.68,327400
PRM,20260128,7.25,7.25,7.1,7.15,3822500
PROEN,20260128,1.14,1.16,1.12,1.12,2080500
PROS,20260128,0.48,0.49,0.45,0.46,2937900
PROSPECT,20260128,6.9,6.9,6.85,6.9,176200
PROUD,20260128,0.74,0.74,0.7,0.72,136000
PRTR,20260128,3.3,3.32,3.28,3.3,125800
PSGC,20260128,2.28,2.32,2.24,2.26,381100
PSH,20260128,3.62,3.66,3.6,3.66,485000
PSL,20260128,6.25,6.4,6.25,6.4,5970500
PSP,20260128,4.58,4.58,4.58,4.58,11100
PSTC,20260128,0.27,0.28,0.27,0.27,773200
PT,20260128,12.3,12.4,12.2,12.3,163800
PTC,20260128,0.6,0.61,0.56,0.57,103500
PTECH,20260128,1.83,1.83,1.83,1.83,700
PTG,20260128,7.5,7.6,7.4,7.55,8298000
PTL,20260128,8.3,8.5,8.25,8.3,216900
PTT,20260128,34.25,34.75,34.25,34.75,117807500
PTTEP,20260128,122,124.5,121.5,124.5,22053800
PTTGC,20260128,25.75,26.5,25.25,26,19484200
PYLON,20260128,2.6,2.64,2.58,2.64,144100
Q-CON,20260128,6.45,6.5,6.45,6.5,9200
QDC,20260128,0.12,0.12,0.1,0.11,3269500
QH,20260128,1.3,1.31,1.28,1.3,12673700
QHBREIT,20260128,3.52,3.52,3.48,3.52,243100
QHHRREIT,20260128,6.7,6.7,6.55,6.65,628700
QHOP,20260128,2.9,3,2.84,3,5400
QLT,20260128,1.53,1.53,1.53,1.53,100
QTC,20260128,3.66,3.66,3.54,3.54,15700
QTCG,20260128,0.13,0.14,0.13,0.14,13500
RABBIT,20260128,0.27,0.27,0.26,0.26,671400
RAM,20260128,18.1,18.2,18,18.2,36200
RATCH,20260128,31,31,30.25,31,2819400
RBF,20260128,3.12,3.14,3.08,3.1,998500
RCL,20260128,28.25,28.5,28,28.25,1312100
READY,20260128,3.22,3.22,3.18,3.2,100300
RICHY,20260128,0.15,0.17,0.15,0.15,896300
RJH,20260128,13.1,13.2,12.9,13,104000
RML,20260128,0.11,0.12,0.11,0.12,309200
ROCK,20260128,9.6,9.6,9.6,9.6,700
ROCTEC,20260128,0.54,0.55,0.53,0.54,539300
ROJNA,20260128,4.56,4.64,4.56,4.64,908100
RP,20260128,0.61,0.61,0.6,0.6,9100
RPC,20260128,0.28,0.29,0.27,0.27,1202300
RPH,20260128,4.9,4.94,4.88,4.92,118800
RS,20260128,0.18,0.18,0.16,0.18,4890500
RSP,20260128,1.19,1.19,1.15,1.15,163900
RT,20260128,0.26,0.27,0.26,0.26,392400
RWI,20260128,0.2,0.2,0.19,0.2,456000
S,20260128,0.49,0.49,0.48,0.49,115800
S&J,20260128,30.75,31,30.75,31,13400
S11,20260128,3.54,3.54,3.5,3.5,500
SA,20260128,7.1,7.2,7.1,7.2,576100
SAAM,20260128,4.4,4.96,4.3,4.88,361200
SABINA,20260128,16,16.1,15.8,15.8,635300
SAF,20260128,0.36,0.38,0.36,0.37,13200
SAFE,20260128,5.9,5.95,5.85,5.85,21900
SAK,20260128,3.22,3.26,3.22,3.24,290800
SALEE,20260128,0.36,0.37,0.36,0.37,31000
SAM,20260128,0.15,0.17,0.15,0.16,215900
SAMART,20260128,6,6.05,5.95,6,917100
SAMCO,20260128,0.68,0.69,0.67,0.67,130000
SAMTEL,20260128,3.9,4.02,3.9,3.92,47300
SANKO,20260128,0.84,0.84,0.83,0.83,91700
SAPPE,20260128,32.75,33,32.25,32.75,220600
SAT,20260128,14.8,14.9,14.8,14.8,478900
SAUCE,20260128,40.5,40.5,40,40.25,31900
SAV,20260128,11.7,11.7,11.5,11.6,127100
SAWAD,20260128,26.25,26.25,25.5,25.75,7703000
SAWANG,20260128,6.8,6.8,6.6,6.6,500
SC,20260128,1.72,1.73,1.7,1.72,10331900
SCAP,20260128,1,1.02,1,1.01,3176200
SCB,20260128,138.5,138.5,136.5,136.5,13969200
SCC,20260128,215,216,213,216,2095400
SCCC,20260128,144,145,143.5,144,70600
SCG,20260128,3.08,3.08,2.58,2.8,191600
SCGD,20260128,4.98,4.98,4.92,4.94,248700
SCGP,20260128,20.7,20.7,19.4,20.2,39054100
SCI,20260128,0.96,0.97,0.96,0.97,2200
SCL,20260128,1.29,1.36,1.29,1.29,354600
SCM,20260128,0.15,0.15,0.14,0.14,4503100
SCN,20260128,0.36,0.36,0.34,0.34,534900
SCP,20260128,8.85,8.9,8.8,8.85,105400
SDC,20260128,0.03,0.04,0.03,0.03,12017800
SE,20260128,0.44,0.46,0.44,0.44,384800
SE-ED,20260128,1.65,1.66,1.65,1.65,18100
SEAFCO,20260128,1.98,2.02,1.96,1.99,1412900
SEAOIL,20260128,3.1,3.1,3.06,3.06,208600
SECURE,20260128,12.8,12.9,12.3,12.3,371500
SEI,20260128,2.22,2.38,2.18,2.32,1443300
SELIC,20260128,2.68,2.7,2.68,2.7,7100
SENA,20260128,1.7,1.7,1.67,1.69,181700
SENX,20260128,0.23,0.24,0.22,0.23,626300
SFLEX,20260128,3.24,3.24,3.2,3.2,778700
SFT,20260128,2.02,2.04,2.02,2.04,7100
SGC,20260128,0.92,0.92,0.89,0.9,4575100
SGF,20260128,0.18,0.19,0.18,0.18,5075500
SGP,20260128,7.4,7.5,7.35,7.4,13400
SHANG,20260128,48.25,49,48.25,48.75,1000
SHR,20260128,1.67,1.7,1.66,1.7,2616100
SIAM,20260128,0.69,0.69,0.68,0.69,2600
SICT,20260128,2.34,2.4,2.32,2.4,440700
SIMAT,20260128,1.44,1.45,1.25,1.3,15176800
SINGER,20260128,4.94,4.96,4.84,4.86,1501700
SINO,20260128,0.92,0.94,0.92,0.92,36400
SIRI,20260128,1.39,1.4,1.36,1.38,141956800
SIS,20260128,20.2,20.2,19.9,20.1,220900
SISB,20260128,10.3,10.5,10.3,10.4,2814100
SITHAI,20260128,1.04,1.05,1.04,1.04,123700
SJWD,20260128,7.25,7.25,7.15,7.2,1262800
SK,20260128,0.55,0.56,0.55,0.55,42900
SKE,20260128,0.14,0.15,0.14,0.15,97400
SKIN,20260128,1.25,1.27,1.24,1.24,155900
SKN,20260128,6.35,6.4,6.25,6.4,124600
SKR,20260128,7.1,7.2,7.05,7.05,48800
SKY,20260128,10.5,10.6,10.2,10.6,2268600
SLP,20260128,0.37,0.37,0.36,0.36,30000
SMART,20260128,0.58,0.58,0.56,0.57,1498400
SMD100,20260128,2.22,2.22,2.2,2.22,111400
SMIT,20260128,3.6,3.6,3.48,3.58,86500
SMO,20260128,3.56,3.58,3.52,3.54,573200
SMPC,20260128,9.05,9.05,9,9.05,112300
SMT,20260128,1.22,1.24,1.18,1.18,240800
SNC,20260128,6,6,5.95,5.95,124400
SNNP,20260128,7.15,7.15,7.05,7.1,254600
SNP,20260128,9.6,9.65,9.5,9.5,28700
SNPS,20260128,4.52,4.52,4.46,4.48,60500
SO,20260128,4,4,3.96,3.98,55600
SOLAR,20260128,0.18,0.19,0.18,0.19,773500
SONIC,20260128,1.47,1.48,1.47,1.48,273800
SORKON,20260128,3.5,3.52,3.48,3.5,50000
SPA,20260128,3.04,3.06,2.98,2.98,563100
SPACK,20260128,1.12,1.17,1.12,1.17,200
SPALI,20260128,17.9,18.5,17.7,18.5,9770000
SPC,20260128,57,57.5,57,57.5,3700
SPCG,20260128,9.6,9.65,9.55,9.6,169000
SPI,20260128,41.5,42,41.5,42,3900
SPRC,20260128,6.65,6.95,6.6,6.9,49919400
SPREME,20260128,1.53,1.53,1.51,1.51,180700
SPRIME,20260128,3.54,3.54,3.52,3.54,34900
SPTX,20260128,0.01,0.01,0.01,0.01,33865300
SPVI,20260128,2.3,2.32,2.28,2.28,148200
SQ,20260128,0.33,0.34,0.33,0.34,97600
SR,20260128,0.37,0.37,0.33,0.33,44400
SRICHA,20260128,11.1,11.2,10.9,11.1,343500
SRIPANWA,20260128,5,5,4.98,5,197900
SRS,20260128,1.54,1.58,1.51,1.54,16900
SSF,20260128,4.98,4.98,4.96,4.96,37000
SSP,20260128,3.14,3.2,3.12,3.14,223400
SSPF,20260128,3.22,3.22,3.1,3.1,26100
SSSC,20260128,2.1,2.1,2.1,2.1,17900
SST,20260128,1.26,1.27,1.26,1.26,300
SSTRT,20260128,4.32,4.32,4.32,4.32,1000
STA,20260128,13,13.3,13,13.2,4134600
STANLY,20260128,195,195.5,194.5,194.5,8600
STARM,20260128,0.96,0.97,0.95,0.96,108600
STC,20260128,0.3,0.31,0.26,0.28,487100
STECH,20260128,1,1.01,1,1.01,61100
STECON,20260128,7.95,8.35,7.95,8.3,20745800
STELLA,20260128,0.16,0.16,0.14,0.16,18319500
STGT,20260128,9.4,9.45,9.3,9.3,2437600
STI,20260128,1.79,1.79,1.66,1.74,101000
STOWER,20260128,0.03,0.04,0.03,0.04,2593800
STP,20260128,10.4,10.4,10.3,10.3,200
STPI,20260128,4.64,4.74,4.62,4.64,5894900
STX,20260128,1.03,1.05,1.02,1.04,896000
SUC,20260128,27.25,27.25,27.25,27.25,79300
SUN,20260128,2.96,3,2.96,2.96,276800
SUPER,20260128,0.1,0.11,0.1,0.1,4559900
SUPEREIF,20260128,5.55,5.55,5.5,5.55,137000
SUSCO,20260128,2.2,2.22,2.2,2.2,174500
SUTHA,20260128,2.48,2.66,2.48,2.66,25200
SVI,20260128,7.3,7.35,7.3,7.3,1016100
SVOA,20260128,1.33,1.35,1.32,1.34,550100
SVR,20260128,0.29,0.29,0.28,0.29,621400
SVT,20260128,1.3,1.3,1.28,1.3,17000
SWC,20260128,4.06,4.08,3.84,4.08,23500
SYMC,20260128,3.54,3.64,3.54,3.62,104100
SYNEX,20260128,9.85,9.95,9.85,9.85,616100
SYNTEC,20260128,1.68,1.68,1.65,1.67,31100
TACC,20260128,5.45,5.5,5.35,5.4,1468100
TAE,20260128,0.49,0.49,0.49,0.49,21500
TAKUNI,20260128,0.35,0.36,0.35,0.36,283500
TAN,20260128,3.94,4.04,3.88,3.94,36500
TASCO,20260128,14,14.1,13.9,14.1,3508400
TATG,20260128,0.97,1,0.97,0.99,1344500
TBN,20260128,3.94,3.94,3.8,3.9,42600
TC,20260128,4.94,4.96,4.9,4.94,172500
TCAP,20260128,58.75,59,58,58.5,1727100
TCC,20260128,0.25,0.26,0.25,0.26,532500
TCJ,20260128,2.38,2.46,2.38,2.46,4400
TCMC,20260128,0.35,0.36,0.35,0.36,240800
TCOAT,20260128,24.9,29.75,24.9,25,4300
TEAM,20260128,2.4,2.42,2.38,2.4,71700
TEAMG,20260128,3.08,3.1,3.06,3.06,747800
TEGH,20260128,3.1,3.12,3.06,3.1,396100
TEKA,20260128,1.71,1.71,1.71,1.71,500
TERA,20260128,0.95,0.97,0.95,0.96,48400
TFFIF,20260128,6.7,6.7,6.65,6.7,3286200
TFG,20260128,4.78,4.8,4.72,4.78,13427100
TFI,20260128,0.04,0.05,0.04,0.04,316100
TFM,20260128,6.25,6.4,6.25,6.25,1266000
TFMAMA,20260128,190,190,189,189,4300
TGE,20260128,1.33,1.33,1.3,1.32,17200
TGH,20260128,11.1,11.1,11.1,11.1,5500
TGPRO,20260128,0.04,0.05,0.04,0.05,1343500
TH,20260128,0.44,0.45,0.44,0.45,448000
THAI,20260128,7.1,7.15,6.95,6.95,8956600
THANA,20260128,1.47,1.47,1.42,1.42,392300
THANI,20260128,1.67,1.67,1.65,1.67,2180400
THCOM,20260128,9.35,9.45,9.25,9.25,2072400
THE,20260128,0.73,0.78,0.66,0.77,191900
THG,20260128,9.05,9.05,8.9,8.9,1114500
THIP,20260128,22.7,23,22.7,23,13700
THMUI,20260128,0.29,0.3,0.29,0.29,108300
THRE,20260128,0.35,0.36,0.35,0.35,899100
THREL,20260128,1.01,1.01,1,1,30700
TIDLOR,20260128,17.3,17.4,17.1,17.2,4872000
TIF1,20260128,7.2,7.2,7.1,7.2,14700
TIGER,20260128,0.24,0.26,0.24,0.26,172900
TIPCO,20260128,7.75,7.75,7.7,7.75,88900
TIPH,20260128,20.1,20.2,20,20.1,84600
TISCO,20260128,112,112,111,111,2125700
TITLE,20260128,6.45,6.55,6.45,6.5,226400
TK,20260128,4.16,4.2,4.16,4.2,82900
TKC,20260128,8.85,9,8.7,8.85,17200
TKN,20260128,4.14,4.18,4.12,4.14,985000
TKS,20260128,6.15,6.2,6.05,6.2,516000
TKT,20260128,0.71,0.71,0.71,0.71,2900
TL,20260128,0.36,0.38,0.36,0.38,1131000
TLHPF,20260128,3.9,3.9,3.9,3.9,10000
TLI,20260128,11.7,12.2,11.6,11.9,34367700
TM,20260128,0.9,0.91,0.88,0.9,274700
TMAN,20260128,10.6,10.8,10.6,10.8,43900
TMC,20260128,0.72,0.72,0.71,0.71,179000
TMD,20260128,26,26,25.75,26,2100
TMI,20260128,0.49,0.5,0.49,0.49,245400
TMILL,20260128,2.12,2.12,2.08,2.12,26000
TMT,20260128,2.78,2.8,2.74,2.8,26400
TMW,20260128,57.25,58,57.25,57.25,1700
TNDT,20260128,0.15,0.16,0.14,0.16,703800
TNH,20260128,32.5,32.5,32.25,32.25,49500
TNITY,20260128,2.36,2.6,2.34,2.48,14100
TNP,20260128,2.66,2.7,2.66,2.7,54000
TNPC,20260128,0.76,0.78,0.76,0.78,21800
TNPF,20260128,1.04,1.04,1.03,1.03,1600
TNR,20260128,5.8,5.85,5.7,5.7,109400
TOA,20260128,14.7,14.7,14.3,14.6,1731100
TOG,20260128,6.45,6.45,6.4,6.4,159000
TOP,20260128,42.5,43.25,42.25,42.5,17535400
TPA,20260128,2.56,2.66,2.56,2.66,4100
TPAC,20260128,8.55,8.6,8.45,8.5,30500
TPBI,20260128,2.94,3.02,2.92,2.96,464200
TPCH,20260128,1.62,1.62,1.59,1.61,615200
TPCS,20260128,9.5,9.5,9.5,9.5,100
TPIPL,20260128,0.75,0.75,0.73,0.75,1632400
TPIPP,20260128,1.85,1.86,1.83,1.85,2129100
TPL,20260128,0.5,0.5,0.48,0.49,386500
TPLAS,20260128,0.84,0.84,0.8,0.82,238900
TPOLY,20260128,0.22,0.23,0.22,0.22,731800
TPP,20260128,10.7,10.7,10.4,10.4,1200
TPRIME,20260128,6.95,6.95,6.9,6.95,1200
TPS,20260128,3.36,3.48,3.34,3.42,141900
TQM,20260128,12,12.4,11.9,12.3,1256600
TQR,20260128,4.98,4.98,4.96,4.98,16900
TRC,20260128,0.42,0.43,0.42,0.42,441200
TRITN,20260128,0.02,0.03,0.02,0.03,634700
TRP,20260128,4.24,4.24,4.2,4.24,12900
TRT,20260128,3.7,3.7,3.68,3.7,6500
TRU,20260128,3.88,3.9,3.88,3.9,127300
TRUBB,20260128,0.66,0.67,0.65,0.66,286800
TRUE,20260128,11.1,11.2,10.8,11.2,262805800
TSC,20260128,15.8,15.8,15.7,15.7,218800
TSE,20260128,0.41,0.45,0.4,0.41,3213200
TSI,20260128,0.05,0.05,0.05,0.05,400
TSR,20260128,0.15,0.15,0.14,0.15,348200
TSTE,20260128,10.9,10.9,10.9,10.9,600
TSTH,20260128,0.77,0.77,0.74,0.76,2259800
TTA,20260128,4.26,4.28,4.2,4.24,1965500
TTB,20260128,2,2,1.98,1.99,325220800
TTCL,20260128,0.16,0.16,0.15,0.15,1180400
TTI,20260128,25.5,25.5,25.5,25.5,500
TTLPF,20260128,9.95,10,9.95,10,76900
TTT,20260128,47.75,48,47,48,700
TTW,20260128,9.1,9.1,9.05,9.1,1663100
TU,20260128,11.9,12,11.8,12,7383200
TU-PF,20260128,1.2,1.2,1.2,1.2,20300
TURBO,20260128,1.39,1.39,1.35,1.35,5135100
TVDH,20260128,0.06,0.06,0.05,0.06,579600
TVH,20260128,9,9,9,9,14900
TVO,20260128,23.3,23.4,23.1,23.4,492200
TVT,20260128,0.24,0.25,0.24,0.25,63500
TWP,20260128,1.15,1.18,1.1,1.15,92400
TWPC,20260128,2.92,2.92,2.9,2.92,96400
TWZ,20260128,0.03,0.03,0.02,0.02,9496800
UAC,20260128,2.72,2.72,2.68,2.7,27600
UBA,20260128,0.98,0.99,0.96,0.96,139600
UBE,20260128,0.44,0.45,0.43,0.44,1153900
UBIS,20260128,0.89,0.9,0.89,0.89,121500
UEC,20260128,0.59,0.61,0.59,0.61,81100
UKEM,20260128,0.63,0.63,0.6,0.62,2237900
UMI,20260128,0.68,0.73,0.67,0.72,3106200
UNIQ,20260128,2.88,2.88,2.86,2.88,247200
UP,20260128,21.1,21.5,21.1,21.5,3300
UPF,20260128,22.3,22.3,22,22,1600
UPOIC,20260128,6.6,6.6,6.6,6.6,5400
UREKA,20260128,0.33,0.33,0.32,0.33,1689200
UTP,20260128,7.55,7.6,7.55,7.6,66200
UV,20260128,0.82,0.82,0.81,0.82,269300
UVAN,20260128,13,13,12.9,12.9,129400
VARO,20260128,4.4,4.44,4.36,4.44,4000
VCOM,20260128,2.98,3,2.96,2.98,12500
VGI,20260128,0.9,0.91,0.88,0.9,36079100
VIBHA,20260128,1.38,1.39,1.36,1.38,1554700
VIH,20260128,8.3,8.3,8.15,8.2,35700
VL,20260128,0.77,0.78,0.77,0.78,177600
VNG,20260128,1.7,1.7,1.67,1.7,84800
VPO,20260128,0.43,0.45,0.43,0.44,68800
VS,20260128,0.26,0.26,0.26,0.26,152000
WACOAL,20260128,16.9,16.9,16.8,16.9,800
WARRIX,20260128,1.81,1.81,1.8,1.8,308500
WASH,20260128,4.4,4.4,4.38,4.4,253000
WAVE,20260128,0.02,0.03,0.02,0.02,268200
WFX,20260128,0.66,0.71,0.66,0.71,140400
WGE,20260128,0.83,0.83,0.82,0.82,32600
WHA,20260128,3.38,3.42,3.36,3.4,65810100
WHABT,20260128,5.75,5.85,5.75,5.8,14500
WHAIR,20260128,6.25,6.25,6.2,6.25,2796300
WHART,20260128,10.7,10.7,10.6,10.7,1207400
WHAUP,20260128,4.36,4.4,4.32,4.4,4081900
WICE,20260128,2.24,2.4,2.24,2.3,1867000
WIIK,20260128,0.83,0.83,0.8,0.81,1314800
WIN,20260128,0.32,0.32,0.3,0.31,980200
WINDOW,20260128,0.69,0.73,0.67,0.71,1051900
WINMED,20260128,0.91,0.92,0.91,0.91,127800
WINNER,20260128,2.16,2.18,2.14,2.18,946800
WORK,20260128,3.66,3.68,3.58,3.68,32400
WP,20260128,3.74,3.78,3.74,3.74,38900
WPH,20260128,5.75,5.75,5.7,5.75,170900
WSOL,20260128,0.2,0.21,0.2,0.2,1408100
XBIO,20260128,0.09,0.1,0.08,0.08,15886400
XO,20260128,14.1,14.3,14.1,14.1,409000
XPG,20260128,0.46,0.46,0.44,0.45,10469700
XYZ,20260128,0.45,0.45,0.44,0.45,32600
YGG,20260128,0.25,0.26,0.25,0.25,748500
YONG,20260128,0.69,0.73,0.69,0.71,3435500
YUASA,20260128,13.5,13.6,13.4,13.6,20400
ZAA,20260128,1.85,1.85,1.66,1.74,19000
ZEN,20260128,6,6,5.9,6,17400
ZIGA,20260128,0.83,0.99,0.83,0.96,13970000
2S-O,20260128,2.46,2.46,2.46,2.46,12
3BBIF-O,20260128,6.45,6.45,6.4,6.45,544
88TH-O,20260128,4.5,4.56,4.46,4.56,71
A5-O,20260128,1.83,1.83,1.83,1.83,5
AAI-O,20260128,4.2,4.3,4.2,4.3,35
AAV-O,20260128,1.15,1.15,1.13,1.14,493
ACE-O,20260128,1.29,1.29,1.29,1.29,40
ADD-O,20260128,3.8,3.8,3.8,3.8,1
ADVANC-O,20260128,351,352,348,351,1992
ADVICE-O,20260128,5.75,5.75,5.55,5.55,634
AE-O,20260128,0.09,0.09,0.09,0.09,7
AEONTS-O,20260128,98,98.75,97,97.25,480
AF-O,20260128,0.24,0.34,0.24,0.34,37
AGE-O,20260128,1.28,1.3,1.22,1.3,104
AH-O,20260128,13,13.2,13,13.2,63
AI-O,20260128,3,3.02,3,3,33
AIE-O,20260128,1.02,1.02,1.01,1.01,354
AIMIRT-O,20260128,10.8,10.9,10.8,10.9,23
AIRA-O,20260128,1,1,1,1,1
AIT-O,20260128,5,5,5,5,12
AJA-O,20260128,0.16,0.16,0.15,0.15,124
AKS-O,20260128,0.01,0.01,0.01,0.01,337
ALLA-O,20260128,1.17,1.17,1.17,1.17,10
ALT-O,20260128,1.15,1.15,1.15,1.15,2
ALUCON-O,20260128,200,200,198,198,16
AMA-O,20260128,4.12,4.18,4.1,4.18,68
AMANAH-O,20260128,0.74,0.74,0.73,0.74,134
AMARC-O,20260128,2.7,2.7,2.68,2.68,90
AMARIN-O,20260128,2.02,2.02,2.02,2.02,23
AMATA-O,20260128,15.5,15.8,15.5,15.8,275
AMATAR-O,20260128,6.7,6.7,6.7,6.7,5
AMATAV-O,20260128,1.8,1.8,1.79,1.79,87
AMC-O,20260128,2.12,2.12,2.12,2.12,10
AOT-O,20260128,51.75,52.25,51.5,52.25,1998
AP-O,20260128,8.95,9.1,8.9,9,1171
APO-O,20260128,1.87,1.88,1.87,1.88,5
AQUA-O,20260128,0.15,0.15,0.15,0.15,55
ARIP-O,20260128,0.42,0.42,0.42,0.42,1
ARROW-O,20260128,5.05,5.05,5.05,5.05,42
ASIAN-O,20260128,7.4,7.4,7.4,7.4,15
ASIMAR-O,20260128,1.09,1.09,1.08,1.08,50
ASK-O,20260128,7.7,7.95,7.7,7.9,75
ASW-O,20260128,5.9,5.95,5.9,5.95,85
ATLAS-O,20260128,1.69,1.69,1.68,1.68,67
AU-O,20260128,5,5,5,5,19
AUCT-O,20260128,5.25,5.3,5.25,5.3,11
AURA-O,20260128,13.2,13.2,13,13.2,207
AWC-O,20260128,2.22,2.22,2.18,2.2,1040
AXTRART-O,20260128,13.2,13.2,12.6,12.9,206
AYUD-O,20260128,36.75,36.75,36.5,36.5,24
B-O,20260128,0.03,0.04,0.03,0.04,277
BA-O,20260128,15.3,15.5,15.1,15.4,671
BAFS-O,20260128,8.7,8.75,8.6,8.75,172
BAM-O,20260128,7.85,8,7.75,8,422
BANPU-O,20260128,5.55,5.55,5.4,5.5,1189
BAREIT-O,20260128,10.7,12,10.6,10.6,25
BAY-O,20260128,25.5,26,25.5,25.5,114
BBGI-O,20260128,3,3,2.92,3,206
BBIK-O,20260128,14.9,15,14.7,15,339
BBL-O,20260128,161,161,158,158.5,6175
BCH-O,20260128,10.2,10.3,10,10.1,720
BCP-O,20260128,29.75,30.75,29.75,30,2148
BCPG-O,20260128,7.05,7.25,7,7.25,564
BDMS-O,20260128,20.2,20.3,19.9,20.1,5895
BE8-O,20260128,4.84,4.84,4.82,4.82,22
BEAUTY-O,20260128,0.41,0.42,0.41,0.42,52
BEC-O,20260128,1.84,1.85,1.84,1.85,134
BEM-O,20260128,5.1,5.3,5.1,5.25,641
BEYOND-O,20260128,8.5,8.5,8.1,8.1,15
BGC-O,20260128,4.08,4.08,4.08,4.08,30
BGRIM-O,20260128,12.7,12.9,12.7,12.9,808
BGT-O,20260128,0.39,0.39,0.38,0.38,4
BH-O,20260128,170.5,170.5,166,167.5,2307
BIS-O,20260128,1.93,1.93,1.92,1.92,54
BIZ-O,20260128,4.06,4.12,4.04,4.12,279
BJC-O,20260128,14.4,14.5,14.2,14.3,1050
BKA-O,20260128,0.82,0.89,0.82,0.89,249
BKD-O,20260128,1.03,1.03,1.03,1.03,33
BKIH-O,20260128,301,302,301,302,25
BLA-O,20260128,24.5,24.5,20.6,20.9,183
BLAND-O,20260128,0.44,0.45,0.44,0.45,59
BLC-O,20260128,4.08,4.1,4.08,4.1,3
BM-O,20260128,1.1,1.1,1.07,1.07,121
BPP-O,20260128,11.6,11.6,11.4,11.5,211
BR-O,20260128,1.6,1.6,1.6,1.6,2
BRI-O,20260128,1.41,1.45,1.41,1.44,12
BRR-O,20260128,3.9,3.98,3.9,3.92,107
BSBM-O,20260128,0.63,0.63,0.63,0.63,5
BTC-O,20260128,0.24,0.25,0.24,0.25,332
BTG-O,20260128,17.8,17.8,17.1,17.6,661
BTS-O,20260128,2.26,2.26,2.22,2.26,1072
BTSGIF-O,20260128,2.6,2.6,2.58,2.58,18
BUI-O,20260128,12.4,12.4,12.4,12.4,13
BYD-O,20260128,0.52,0.52,0.51,0.51,67
CBG-O,20260128,43,43.25,42.5,42.75,797
CCET-O,20260128,4.98,4.98,4.92,4.94,633
CEN-O,20260128,0.8,0.83,0.8,0.83,2
CENTEL-O,20260128,35.75,36,35.25,35.5,506
CFRESH-O,20260128,0.71,0.71,0.71,0.71,10
CGD-O,20260128,0.12,0.12,0.11,0.11,6
CGH-O,20260128,0.46,0.46,0.46,0.46,1
CHAO-O,20260128,4.44,4.44,4.44,4.44,7
CHAYO-O,20260128,1.23,1.24,1.2,1.21,318
CHEWA-O,20260128,0.21,0.21,0.19,0.19,61
CHG-O,20260128,1.57,1.57,1.53,1.54,579
CHO-O,20260128,0.05,0.05,0.05,0.05,139
CHOTI-O,20260128,60.75,64.25,60.75,64.25,2
CI-O,20260128,0.35,0.35,0.35,0.35,2
CIVIL-O,20260128,0.71,0.71,0.71,0.71,85
CK-O,20260128,12.6,12.8,12.6,12.8,427
CKP-O,20260128,2.3,2.3,2.28,2.28,78
CM-O,20260128,1.63,1.63,1.63,1.63,2
CMC-O,20260128,0.47,0.47,0.47,0.47,3
CMR-O,20260128,1.37,1.39,1.36,1.39,79
COCOCO-O,20260128,6,6,5.5,5.65,179
COM7-O,20260128,21,21.2,20.5,20.7,1158
CPALL-O,20260128,43.25,43.75,43,43.5,5130
CPAXT-O,20260128,15.2,15.2,14.8,14.8,2778
CPF-O,20260128,21,21,20.8,20.9,1994
CPH-O,20260128,8.65,8.65,8.6,8.6,15
CPI-O,20260128,3.42,3.42,3.42,3.42,3
CPL-O,20260128,0.69,0.69,0.64,0.64,293
CPN-O,20260128,58.5,59.25,58.25,59.25,582
CPNCG-O,20260128,6.45,6.45,6.45,6.45,56
CPNREIT-O,20260128,11.3,11.3,11.2,11.3,273
CPR-O,20260128,2.8,2.8,2.8,2.8,6
CPTREIT-O,20260128,5.4,5.4,5.4,5.4,6
CRC-O,20260128,19.7,19.9,19.5,19.7,574
CREDIT-O,20260128,17,17,15.9,16.2,491
CSC-O,20260128,45.25,45.25,45,45,5
CSR-O,20260128,66,66.5,66,66.5,51
CSS-O,20260128,0.77,0.77,0.77,0.77,1
CWT-O,20260128,0.94,0.95,0.94,0.95,2
D-O,20260128,2.54,2.56,2.54,2.56,4
DCC-O,20260128,1.25,1.25,1.23,1.24,178
DCON-O,20260128,0.24,0.24,0.23,0.23,14
DELTA-O,20260128,210,216,208,209,18895
DEMCO-O,20260128,2.56,2.56,2.56,2.56,1
DEXON-O,20260128,1.09,1.09,1.09,1.09,12
DIF-O,20260128,9.45,9.55,9.4,9.45,1639
DITTO-O,20260128,11.2,11.2,11.2,11.2,44
DMT-O,20260128,10.7,10.7,10.5,10.7,266
DOD-O,20260128,1.56,1.56,1.56,1.56,16
DOHOME-O,20260128,3.58,3.6,3.54,3.56,710
DPAINT-O,20260128,0.62,0.62,0.62,0.62,10
DREIT-O,20260128,4.9,4.9,4.9,4.9,1
DRT-O,20260128,5.05,5.1,5,5.1,242
DTCENT-O,20260128,0.88,0.88,0.88,0.88,94
DUSIT-O,20260128,11.5,11.7,11.4,11.7,96
DV8-O,20260128,4.36,4.36,4.36,4.36,1
EA-O,20260128,2.74,2.78,2.7,2.72,958
EASON-O,20260128,1.06,1.06,1.05,1.05,9
EASTW-O,20260128,1.97,1.97,1.94,1.94,56
ECF-O,20260128,0.07,0.07,0.06,0.07,253
EFORL-O,20260128,0.12,0.12,0.11,0.11,110
EGATIF-O,20260128,6.2,6.2,6.2,6.2,2
EGCO-O,20260128,118,118.5,116,118.5,655
EKH-O,20260128,4.98,4.98,4.96,4.96,153
EMC-O,20260128,0.02,0.02,0.02,0.02,66
EMPIRE-O,20260128,0.73,0.74,0.73,0.74,136
EP-O,20260128,1.17,1.17,1.16,1.16,3
EPG-O,20260128,3.14,3.14,3.1,3.1,3
ERW-O,20260128,2.5,2.54,2.48,2.5,795
ETC-O,20260128,0.55,0.55,0.54,0.54,65
FLOYD-O,20260128,1.53,1.53,1.2,1.21,30
FMT-O,20260128,23.7,23.7,23.6,23.6,35
FSMART-O,20260128,6.3,6.3,6.3,6.3,8
FTE-O,20260128,1.93,1.93,1.37,1.37,29
FTREIT-O,20260128,11.5,11.8,11.5,11.7,277
FUTURERT-O,20260128,9.15,9.15,9.15,9.15,99
GAHREIT-O,20260128,4.2,4.2,4.2,4.2,28
GC-O,20260128,4.02,4.02,4.02,4.02,34
GFPT-O,20260128,9.8,9.8,9.6,9.7,322
GJS-O,20260128,0.09,0.1,0.09,0.1,16
GLOBAL-O,20260128,6.7,6.85,6.7,6.85,330
GPI-O,20260128,1.67,1.67,1.66,1.66,12
GPSC-O,20260128,35.75,36.25,35.5,36.25,920
GRAMMY-O,20260128,4.14,4.14,4.14,4.14,4
GRAND-O,20260128,0.04,0.04,0.03,0.04,109
GREEN-O,20260128,0.63,0.63,0.62,0.62,6
GTV-O,20260128,0.03,0.03,0.03,0.03,174
GULF-O,20260128,47.25,47.5,46.5,47.5,5894
GUNKUL-O,20260128,1.82,1.83,1.81,1.83,222
GVREIT-O,20260128,6.55,6.55,6.5,6.55,4
HANA-O,20260128,17.7,18,17.6,17.8,927
HANN-O,20260128,0.95,0.95,0.92,0.92,376
HENG-O,20260128,0.95,1.26,0.95,0.97,254
HL-O,20260128,7.2,7.2,7.2,7.2,7
HMPRO-O,20260128,7,7.05,6.9,7.05,1370
HPF-O,20260128,5.25,5.25,5.25,5.25,32
HTC-O,20260128,15.1,15.2,15,15.1,308
HTECH-O,20260128,3.04,3.04,3.04,3.04,2
HUMAN-O,20260128,4.96,4.96,4.96,4.96,5
HYDRO-O,20260128,3.2,3.2,3.2,3.2,18
ICHI-O,20260128,13.9,14.2,13.9,14,800
ICN-O,20260128,1.6,1.6,1.6,1.6,1
IDG-O,20260128,1.66,1.66,1.66,1.66,10
IFS-O,20260128,2.14,2.14,2.14,2.14,2
IIG-O,20260128,1.83,1.83,1.77,1.77,88
III-O,20260128,3.84,3.84,3.84,3.84,22
IMH-O,20260128,2.94,3,2.94,3,2
IMPACT-O,20260128,10.2,10.6,10.2,10.6,52
INET-O,20260128,3.6,3.72,3.6,3.72,133
INETREIT-O,20260128,11.9,12,11.9,11.9,1903
INGRS-O,20260128,0.25,0.25,0.25,0.25,6
INSET-O,20260128,2.04,2.04,1.97,1.97,125
IP-O,20260128,4.44,4.44,4.4,4.4,180
IRC-O,20260128,11.9,11.9,11.7,11.8,104
IRCP-O,20260128,0.27,0.27,0.26,0.26,60
IROYAL-O,20260128,5.3,5.4,5.3,5.4,59
IRPC-O,20260128,1.22,1.23,1.21,1.21,580
IT-O,20260128,3.3,3.3,3.3,3.3,29
ITC-O,20260128,16.5,16.6,16.3,16.5,342
ITD-O,20260128,0.22,0.22,0.22,0.22,135
ITEL-O,20260128,1.35,1.35,1.31,1.32,65
IVL-O,20260128,19.9,21.6,19.9,21.6,3258
J-O,20260128,0.61,0.62,0.61,0.62,4
JAS-O,20260128,1.31,1.31,1.29,1.29,404
JCK-O,20260128,0.14,0.14,0.14,0.14,2
JDF-O,20260128,1.41,1.41,1.41,1.41,19
JMART-O,20260128,7.75,7.75,7.4,7.45,273
JMT-O,20260128,8.95,8.95,8.8,8.85,324
JPARK-O,20260128,2.54,2.7,2.54,2.6,62
JR-O,20260128,1.71,1.73,1.71,1.73,3
JTS-O,20260128,52.75,54.75,52.25,52.5,1052
KAMART-O,20260128,8.05,8.95,8,8.7,176
KASET-O,20260128,0.64,0.64,0.64,0.64,29
KBANK-O,20260128,192,192,190,190.5,2151
KBS-O,20260128,5.95,6.05,5.95,6.05,36
KBSPIF-O,20260128,8.25,8.25,8.25,8.25,7
KCAR-O,20260128,5.35,5.4,5.35,5.4,2
KCE-O,20260128,18.7,19.3,18.7,19.1,695
KCG-O,20260128,8.5,8.5,8.5,8.5,25
KGI-O,20260128,4.12,4.16,4,4,260
KISS-O,20260128,3.06,3.06,3.06,3.06,20
KKP-O,20260128,70.75,70.75,69.75,70,1978
KLINIQ-O,20260128,30,30,22.4,30,400
KSL-O,20260128,1.22,1.22,1.2,1.21,199
KTB-O,20260128,29,29.25,28.75,29,3470
KTC-O,20260128,28.25,28.25,27.75,28.25,971
KTIS-O,20260128,1.97,1.97,1.97,1.97,9
KWM-O,20260128,0.9,0.9,0.9,0.9,10
KYE-O,20260128,295,295,295,295,1
L&E-O,20260128,1.04,1.04,1.04,1.04,5
LALIN-O,20260128,4.76,4.78,4.76,4.76,72
LANNA-O,20260128,15.7,15.8,15.6,15.7,362
LDC-O,20260128,0.21,0.21,0.21,0.21,24
LEO-O,20260128,1.94,1.94,1.9,1.9,11
LH-O,20260128,3.98,4.02,3.98,4,1323
LHFG-O,20260128,1.01,1.01,0.99,1,196
LHHOTEL-O,20260128,13.1,13.1,13,13.1,197
LHK-O,20260128,3.3,3.38,3.3,3.38,113
LHSC-O,20260128,12.7,12.9,12.7,12.8,58
LPH-O,20260128,3.72,3.72,3.72,3.72,1
LPN-O,20260128,1.58,1.58,1.58,1.58,4
LST-O,20260128,6.1,6.1,6.1,6.1,15
LTS-O,20260128,2.26,2.54,2.26,2.42,270
LUXF-O,20260128,9.3,9.3,9.3,9.3,1
M-CHAI-O,20260128,22.1,22.1,22.1,22.1,10
M-O,20260128,19.1,19.2,18.9,18.9,360
MADAME-O,20260128,0.11,0.13,0.11,0.13,52
MAGURO-O,20260128,21.3,21.3,21.3,21.3,51
MAJOR-O,20260128,6.65,6.8,6.6,6.75,88
MALEE-O,20260128,4.14,4.14,4.08,4.08,126
MASTER-O,20260128,9,9,8.75,8.75,104
MBK-O,20260128,18,18.3,17.9,18.3,48
MC-O,20260128,11.5,11.7,11.5,11.7,222
MCS-O,20260128,8.45,8.5,8.45,8.5,84
MEDEZE-O,20260128,6.3,6.3,6.3,6.3,67
MEGA-O,20260128,36.25,36.25,35.75,35.75,161
META-O,20260128,0.06,0.06,0.06,0.06,1
METCO-O,20260128,293,299,292,295,291
MFC-O,20260128,24.3,24.3,24,24.2,33
MGI-O,20260128,5.9,5.95,5.85,5.9,153
MGT-O,20260128,1.9,1.9,1.9,1.9,1
MICRO-O,20260128,0.83,0.83,0.83,0.83,10
MIDA-O,20260128,0.17,0.17,0.17,0.17,13
MILL-O,20260128,0.06,0.07,0.06,0.07,120
MINT-O,20260128,23.6,23.7,23.4,23.5,1834
MIPF-O,20260128,8.1,8.1,8.1,8.1,4
MJD-O,20260128,0.24,0.24,0.24,0.24,29
MJLF-O,20260128,5.05,5.05,5.05,5.05,3
MMM-O,20260128,2.34,2.34,2.34,2.34,1
MNIT2-O,20260128,5.7,5.7,5.7,5.7,1
MONO-O,20260128,1.22,1.22,1.1,1.1,246
MOONG-O,20260128,2.12,2.12,2.12,2.12,4
MORE-O,20260128,0.03,0.03,0.03,0.03,16
MOSHI-O,20260128,33.5,35.25,33.5,35,254
MOTHER-O,20260128,1.13,1.13,1.13,1.13,1
MRDIYT-O,20260128,8.9,8.9,8.6,8.65,374
MSC-O,20260128,7.65,7.65,7.65,7.65,6
MST-O,20260128,6.65,6.65,6.65,6.65,1
MTC-O,20260128,33.75,34.25,33.25,33.5,452
MTI-O,20260128,15.6,15.6,15.5,15.6,153
MTW-O,20260128,0.79,0.79,0.79,0.79,1
MUD-O,20260128,0.44,0.44,0.44,0.44,1
NAM-O,20260128,3.78,3.9,3.78,3.9,7
NAT-O,20260128,3.06,3.06,3.06,3.06,1
NC-O,20260128,2.1,2.1,2.1,2.1,80
NCH-O,20260128,0.4,0.4,0.4,0.4,121
NCL-O,20260128,0.21,0.21,0.21,0.21,17
NCP-O,20260128,0.97,0.97,0.97,0.97,2
NEO-O,20260128,20.1,20.3,20,20.1,143
NER-O,20260128,4.74,4.84,4.6,4.82,128
NETBAY-O,20260128,22.1,22.1,22.1,22.1,2
NEX-O,20260128,1.12,1.13,1.12,1.13,13
NKI-O,20260128,18.9,18.9,18.3,18.3,7
NNCL-O,20260128,1.52,1.52,1.52,1.52,3
NOBLE-O,20260128,2.22,2.22,2.22,2.22,1
NOVA-O,20260128,8.25,8.25,8.25,8.25,3
NRF-O,20260128,0.24,0.24,0.24,0.24,82
NSL-O,20260128,22.9,23.2,22.9,23.2,231
NTF-O,20260128,5.3,5.3,5.3,5.3,42
NTV-O,20260128,23,23,22.7,22.8,44
NV-O,20260128,0.5,0.52,0.5,0.52,121
NYT-O,20260128,3.08,4.02,3.08,3.14,57
OKJ-O,20260128,4.34,4.34,4.26,4.26,246
ONEE-O,20260128,2.32,2.5,2.28,2.38,196
ONSENS-O,20260128,1.05,1.05,1.02,1.02,33
OR-O,20260128,14,14,13.7,14,5856
ORI-O,20260128,1.74,1.74,1.73,1.74,188
ORN-O,20260128,0.7,0.7,0.7,0.7,12
OSP-O,20260128,17.3,17.4,17.2,17.3,382
PAF-O,20260128,0.65,0.68,0.65,0.68,4
PB-O,20260128,50,50,50,50,3
PCE-O,20260128,2.12,2.12,2.06,2.12,207
PDG-O,20260128,2.94,2.94,2.94,2.94,3
PDJ-O,20260128,1.15,1.17,1.15,1.17,98
PEER-O,20260128,0.1,0.1,0.08,0.08,58
PF-O,20260128,0.06,0.06,0.05,0.05,157
PHOL-O,20260128,2.8,2.8,2.8,2.8,59
PIMO-O,20260128,0.98,1,0.98,1,296
PJW-O,20260128,2.02,2.02,2.02,2.02,51
PL-O,20260128,1.33,1.33,1.33,1.33,39
PLANB-O,20260128,3.58,3.62,3.58,3.62,302
PLANET-O,20260128,0.5,0.5,0.5,0.5,4
PLAT-O,20260128,1.1,1.1,1.07,1.07,12
PLE-O,20260128,0.19,0.19,0.16,0.16,69
PLUS-O,20260128,1.67,1.68,1.52,1.52,436
PM-O,20260128,12.1,12.1,12,12,100
PMC-O,20260128,0.84,0.84,0.84,0.84,26
PPPM-O,20260128,0.32,0.32,0.31,0.32,43
PQS-O,20260128,1.42,1.42,1.42,1.42,10
PR9-O,20260128,18.8,19,18.8,19,90
PRAPAT-O,20260128,0.73,0.73,0.72,0.72,2
PRINC-O,20260128,1.7,1.7,1.7,1.7,16
PRM-O,20260128,7.25,7.3,7.2,7.2,210
PROS-O,20260128,0.46,0.46,0.46,0.46,10
PROSPECT-O,20260128,6.9,6.9,6.9,6.9,1
PROUD-O,20260128,0.74,0.74,0.74,0.74,86
PRTR-O,20260128,3.3,3.3,3.3,3.3,7
PSGC-O,20260128,2.28,2.28,1.8,2.22,364
PSH-O,20260128,3.64,3.64,3.62,3.62,94
PSL-O,20260128,6.1,6.35,6.1,6.35,198
PT-O,20260128,12.4,12.5,12.2,12.2,283
PTECH-O,20260128,1.85,1.85,1.83,1.83,12
PTG-O,20260128,7.55,7.6,7.45,7.55,376
PTL-O,20260128,8.25,8.25,8.25,8.25,20
PTT-O,20260128,34.5,34.75,34.25,34.5,8193
PTTEP-O,20260128,120.5,124.5,120.5,124.5,6352
PTTGC-O,20260128,25.5,26.25,25.5,26.25,2077
PYLON-O,20260128,2.66,2.66,2.66,2.66,10
QDC-O,20260128,0.11,0.11,0.1,0.1,282
QH-O,20260128,1.3,1.31,1.29,1.3,391
QTC-O,20260128,3.66,3.66,2.56,2.56,58
QTCG-O,20260128,0.13,0.14,0.13,0.14,3
RABBIT-O,20260128,0.25,0.27,0.25,0.26,74
RAM-O,20260128,18.3,18.3,18.2,18.2,2
RATCH-O,20260128,31,31,30.25,30.75,570
RBF-O,20260128,3.14,3.14,3.14,3.14,44
RCL-O,20260128,28,28.5,28,28.25,928
RICHY-O,20260128,0.11,0.14,0.11,0.13,989
RJH-O,20260128,13.1,13.2,13,13.1,28
RML-O,20260128,0.11,0.11,0.11,0.11,15
ROCK-O,20260128,9.5,9.5,9.5,9.5,20
ROCTEC-O,20260128,0.55,0.55,0.5,0.54,104
ROJNA-O,20260128,4.56,4.64,4.56,4.64,21
RPC-O,20260128,0.27,0.27,0.26,0.26,15
RPH-O,20260128,4.9,4.9,4.9,4.9,31
RS-O,20260128,0.16,0.17,0.16,0.16,90
RT-O,20260128,0.26,0.26,0.26,0.26,10
RWI-O,20260128,0.2,0.2,0.2,0.2,2
S-O,20260128,0.49,0.49,0.48,0.49,69
S11-O,20260128,3.52,3.52,3.52,3.52,29
SAAM-O,20260128,4.4,4.4,4.4,4.4,10
SABINA-O,20260128,16.1,16.1,15.9,15.9,565
SAF-O,20260128,0.4,0.4,0.4,0.4,1
SAFE-O,20260128,5.9,5.95,5.8,5.95,50
SAK-O,20260128,3.26,3.26,3.24,3.24,10
SAM-O,20260128,0.15,0.15,0.15,0.15,20
SAMART-O,20260128,5.95,6,5.95,6,7
SAMCO-O,20260128,0.67,0.67,0.67,0.67,44
SANKO-O,20260128,0.82,0.82,0.82,0.82,83
SAPPE-O,20260128,33,33,32.5,32.5,218
SAT-O,20260128,14.9,14.9,14.8,14.8,225
SAUCE-O,20260128,41,41,40.5,40.5,16
SAWAD-O,20260128,26,26,25.5,25.5,655
SC-O,20260128,1.72,1.73,1.72,1.73,93
SCAP-O,20260128,1,1.04,0.98,1.01,133
SCB-O,20260128,138,138.5,136.5,137,23515
SCC-O,20260128,214,215,213,213,1178
SCCC-O,20260128,144,145,144,144.5,191
SCG-O,20260128,2.9,2.9,2.6,2.7,97
SCGD-O,20260128,4.96,5,4.94,4.94,273
SCGP-O,20260128,20.2,20.2,19.6,20.2,1758
SCM-O,20260128,0.14,0.15,0.14,0.15,68
SCN-O,20260128,0.36,0.36,0.36,0.36,18
SCP-O,20260128,8.9,8.9,8.85,8.85,37
SDC-O,20260128,0.04,0.04,0.04,0.04,52
SE-ED-O,20260128,1.64,1.64,1.4,1.64,84
SE-O,20260128,0.31,0.43,0.31,0.43,66
SEAFCO-O,20260128,1.98,1.98,1.98,1.98,69
SEAOIL-O,20260128,3.08,3.08,3.06,3.06,81
SENA-O,20260128,1.85,1.89,1.67,1.67,28
SENX-O,20260128,0.22,0.22,0.22,0.22,12
SGC-O,20260128,0.9,0.9,0.89,0.89,112
SGP-O,20260128,7.5,7.5,7.5,7.5,10
SHR-O,20260128,1.68,1.68,1.68,1.68,40
SIAM-O,20260128,0.69,0.69,0.69,0.69,15
SICT-O,20260128,2.36,2.6,2.36,2.36,79
SIMAT-O,20260128,1.3,1.3,1.28,1.28,164
SINGER-O,20260128,4.78,4.88,4.78,4.88,134
SIRI-O,20260128,1.4,1.4,1.36,1.38,1762
SIS-O,20260128,20.2,20.2,19.6,19.6,56
SISB-O,20260128,10.5,10.5,10.3,10.5,117
SITHAI-O,20260128,1.06,1.06,1.06,1.06,4
SJWD-O,20260128,7.25,7.25,7.2,7.2,203
SKE-O,20260128,0.15,0.15,0.15,0.15,3
SKIN-O,20260128,1.25,1.25,1.25,1.25,27
SKR-O,20260128,7,7,7,7,1
SKY-O,20260128,10.3,10.3,10.1,10.1,65
SMART-O,20260128,0.58,0.58,0.58,0.58,80
SMD100-O,20260128,2.2,2.22,2.2,2.22,277
SMIT-O,20260128,3.54,3.54,3.54,3.54,88
SMO-O,20260128,3.58,3.58,3.52,3.52,13
SMPC-O,20260128,9,9,8.95,8.95,20
SMT-O,20260128,1.22,1.22,1.2,1.21,44
SNNP-O,20260128,7.15,7.15,7.05,7.1,72
SNP-O,20260128,9.7,9.7,9.6,9.7,24
SO-O,20260128,3.94,5.15,3.82,5.15,46
SOLAR-O,20260128,0.17,0.18,0.17,0.18,3
SORKON-O,20260128,4.56,4.56,4.56,4.56,5
SPA-O,20260128,3.26,3.26,3,3,72
SPALI-O,20260128,18,18.4,17.7,18.4,700
SPC-O,20260128,64,64,64,64,1
SPCG-O,20260128,9.6,9.75,9.6,9.6,233
SPRC-O,20260128,6.5,6.9,6.5,6.85,858
SPTX-O,20260128,0.01,0.01,0.01,0.01,659
SPVI-O,20260128,2.32,2.36,2.3,2.3,5
SRIPANWA-O,20260128,3.5,3.5,3.5,3.5,12
SRS-O,20260128,1.51,1.55,1.51,1.55,2
SSP-O,20260128,3.14,3.14,3.06,3.06,130
SSPF-O,20260128,2.28,2.28,2.28,2.28,1
STA-O,20260128,13.1,13.3,13,13.2,307
STANLY-O,20260128,195,195,194,194.5,140
STECH-O,20260128,1,1,1,1,20
STECON-O,20260128,7.9,8.3,7.9,8.3,562
STGT-O,20260128,9.45,9.45,9.35,9.45,225
STI-O,20260128,1.77,1.79,1.7,1.7,119
STOWER-O,20260128,0.03,0.03,0.03,0.03,125
STX-O,20260128,1.04,1.04,1.04,1.04,32
SUC-O,20260128,27.25,27.25,27.25,27.25,4
SUPER-O,20260128,0.11,0.11,0.1,0.1,253
SUPEREIF-O,20260128,5.6,5.6,5.6,5.6,1
SUSCO-O,20260128,2.22,2.22,2.2,2.2,38
SVI-O,20260128,7.3,7.3,7.3,7.3,25
SVOA-O,20260128,1.35,1.35,1.34,1.34,2
SVT-O,20260128,1.36,1.69,1.36,1.69,42
SWC-O,20260128,3.86,3.86,3.86,3.86,6
SYMC-O,20260128,3.56,3.64,3.56,3.62,82
SYNEX-O,20260128,9.75,11,9.75,11,125
SYNTEC-O,20260128,1.65,1.65,1.65,1.65,1
TACC-O,20260128,5.45,5.55,5.4,5.45,456
TASCO-O,20260128,14.1,14.1,14,14.1,1611
TATG-O,20260128,1,1,1,1,1
TBN-O,20260128,3.9,3.92,3.84,3.92,242
TCAP-O,20260128,59,59,58.25,58.25,494
TCC-O,20260128,0.24,0.24,0.24,0.24,48
TCJ-O,20260128,2.4,2.4,2.4,2.4,44
TEAM-O,20260128,2.4,2.4,2.4,2.4,5
TEAMG-O,20260128,3.1,3.1,3.1,3.1,10
TEGH-O,20260128,3.1,3.1,3.1,3.1,3
TFFIF-O,20260128,6.7,6.7,6.65,6.7,156
TFG-O,20260128,6.15,6.15,4.74,4.78,1222
TFM-O,20260128,6.1,6.45,6.1,6.3,216
TFMAMA-O,20260128,190,190,189,190,76
TGH-O,20260128,11,11,11,11,1
TH-O,20260128,0.45,0.45,0.45,0.45,10
THAI-O,20260128,7.1,7.2,7,7,1036
THANI-O,20260128,1.67,1.68,1.63,1.68,413
THCOM-O,20260128,9.3,9.4,9.25,9.25,234
THG-O,20260128,9.2,9.2,8.95,9.05,12
THIP-O,20260128,22.8,22.8,22.6,22.8,81
THREL-O,20260128,1,1.3,1,1.01,150
TIDLOR-O,20260128,17.3,17.3,17,17.2,680
TIF1-O,20260128,7,7,7,7,1
TIPCO-O,20260128,7.75,9.5,7.75,7.75,80
TIPH-O,20260128,20.4,20.4,20.1,20.1,115
TISCO-O,20260128,112,112.5,111,111.5,9340
TKN-O,20260128,4.22,4.22,4.14,4.14,114
TKS-O,20260128,6.1,6.15,6.1,6.15,151
TL-O,20260128,0.36,0.46,0.36,0.46,2
TLHPF-O,20260128,2.74,2.74,2.74,2.74,10
TLI-O,20260128,11.7,12.1,11.7,12,768
TM-O,20260128,0.89,0.89,0.89,0.89,50
TMAN-O,20260128,10.6,10.8,10.6,10.8,36
TMD-O,20260128,27,27.5,27,27.5,13
TMI-O,20260128,0.5,0.5,0.5,0.5,1
TMILL-O,20260128,2.12,2.12,2.08,2.08,40
TMT-O,20260128,2.78,2.78,2.78,2.78,5
TMW-O,20260128,56.25,56.25,56.25,56.25,1
TNITY-O,20260128,2.28,2.42,2.28,2.42,159
TNP-O,20260128,2.68,2.68,2.68,2.68,3
TNPC-O,20260128,0.76,0.76,0.76,0.76,54
TOA-O,20260128,14.6,14.6,14.3,14.4,168
TOP-O,20260128,42.5,43.25,42.5,42.75,2855
TPCH-O,20260128,1.61,1.61,1.6,1.6,21
TPIPL-O,20260128,0.75,0.75,0.7,0.74,89
TPIPP-O,20260128,1.85,1.85,1.82,1.84,416
TPL-O,20260128,0.48,0.48,0.48,0.48,10
TPLAS-O,20260128,0.82,0.82,0.81,0.81,5
TPS-O,20260128,3.36,3.4,3.36,3.4,4
TQM-O,20260128,12.1,13.4,12,12.2,165
TQR-O,20260128,4.98,4.98,4.98,4.98,50
TRC-O,20260128,0.39,0.42,0.39,0.41,115
TRITN-O,20260128,0.03,0.03,0.02,0.02,13
TRU-O,20260128,3.88,3.9,3.88,3.9,72
TRUBB-O,20260128,0.66,0.66,0.66,0.66,30
TRUE-O,20260128,11.1,11.2,10.9,11.2,5010
TSC-O,20260128,16.9,16.9,15.7,15.8,258
TSE-O,20260128,0.42,0.42,0.4,0.42,142
TSR-O,20260128,0.14,0.14,0.13,0.13,40
TSTH-O,20260128,0.76,0.76,0.76,0.76,100
TTA-O,20260128,4.24,4.24,4.18,4.2,79
TTB-O,20260128,2,2,1.98,1.99,9075
TTCL-O,20260128,0.16,0.16,0.15,0.16,28
TTLPF-O,20260128,10,10,9.95,10,210
TTT-O,20260128,33.5,33.5,33.5,33.5,5
TTW-O,20260128,9.05,9.2,9.05,9.05,567
TU-O,20260128,11.9,12,11.8,12,1643
TURBO-O,20260128,1.39,1.39,1.37,1.37,287
TVDH-O,20260128,0.05,0.05,0.05,0.05,198
TVO-O,20260128,23.3,23.3,23.2,23.3,391
TVT-O,20260128,0.23,0.23,0.23,0.23,60
TWP-O,20260128,1.15,1.15,1.14,1.14,82
TWZ-O,20260128,0.03,0.03,0.03,0.03,61
UAC-O,20260128,2.72,2.72,2.68,2.7,136
UBE-O,20260128,0.45,0.45,0.44,0.44,63
UBIS-O,20260128,0.89,0.89,0.89,0.89,75
UTP-O,20260128,7.6,7.65,7.55,7.55,152
UV-O,20260128,0.83,0.83,0.83,0.83,3
UVAN-O,20260128,13,13.3,12.8,13,221
VGI-O,20260128,0.9,0.9,0.88,0.9,289
VIBHA-O,20260128,1.38,1.38,1.37,1.37,3
VIH-O,20260128,8.25,8.25,8.25,8.25,21
VNG-O,20260128,1.19,1.19,1.19,1.19,20
VPO-O,20260128,0.31,0.4,0.31,0.4,109
WARRIX-O,20260128,1.85,1.85,1.8,1.82,39
WASH-O,20260128,4.4,4.4,4.4,4.4,1
WAVE-O,20260128,0.03,0.03,0.02,0.02,91
WFX-O,20260128,0.69,0.69,0.67,0.67,27
WHA-O,20260128,3.38,3.42,3.36,3.4,1987
WHABT-O,20260128,5.85,5.85,5.85,5.85,42
WHAIR-O,20260128,6.25,6.25,6.2,6.25,45
WHART-O,20260128,10.6,10.7,10.3,10.7,62
WHAUP-O,20260128,4.38,4.4,4.36,4.38,164
WICE-O,20260128,2.26,2.34,2.24,2.34,12
WIIK-O,20260128,0.83,0.84,0.62,0.84,35
WIN-O,20260128,0.31,0.31,0.31,0.31,25
WINDOW-O,20260128,0.68,0.68,0.68,0.68,23
WINMED-O,20260128,0.92,0.92,0.92,0.92,34
WINNER-O,20260128,2.16,2.16,2.16,2.16,13
WORK-O,20260128,3.6,3.6,3.58,3.6,48
WP-O,20260128,3.68,3.68,3.68,3.68,3
WPH-O,20260128,5.75,5.75,5.7,5.7,82
WSOL-O,20260128,0.21,0.21,0.19,0.2,16
XBIO-O,20260128,0.07,0.08,0.07,0.08,45
XO-O,20260128,14.1,14.3,14.1,14.2,167
XPG-O,20260128,0.45,0.45,0.44,0.44,38
YGG-O,20260128,0.25,0.27,0.25,0.26,45
YUASA-O,20260128,13.4,13.4,13.4,13.4,3
ZAA-O,20260128,1.7,1.7,1.7,1.7,50
ZEN-O,20260128,6,6,6,6,1
ZIGA-O,20260128,0.96,0.97,0.93,0.95,257
RABBIT-P,20260128,0.28,0.28,0.27,0.27,161100
KTB-P-O,20260128,69.75,129,69.75,129,19
VAYU1,20260128,10.6,10.7,10.6,10.7,252600
VAYU1-O,20260128,10.7,10.7,10.6,10.7,68
AAV01C2607A,20260128,0.16,0.16,0.15,0.15,5141000
AAV01C2609T,20260128,0.19,0.19,0.19,0.19,1108600
AAV13C2603A,20260128,0.02,0.02,0.02,0.02,50000
AAV13C2604A,20260128,0.13,0.13,0.12,0.12,2178700
AAV13C2701T,20260128,0.2,0.2,0.2,0.2,4944300
AAV19C2604A,20260128,0.15,0.15,0.14,0.14,4360800
AAV19C2612T,20260128,0.17,0.17,0.17,0.17,358200
AAV41C2604A,20260128,0.12,0.12,0.11,0.11,1514000
AAV41C2609T,20260128,0.14,0.14,0.13,0.13,1419300
ADVANC01C2602A,20260128,0.3,0.31,0.27,0.3,3460600
ADVANC01C2606A,20260128,0.64,0.65,0.62,0.64,1406100
ADVANC01C2701T,20260128,0.49,0.49,0.48,0.49,3600600
ADVANC01P2604A,20260128,0.1,0.11,0.1,0.1,901000
ADVANC01P2606A,20260128,0.63,0.63,0.61,0.61,2877300
ADVANC13C2604A,20260128,0.34,0.35,0.32,0.35,4542500
ADVANC13C2701T,20260128,0.36,0.36,0.35,0.36,3560300
ADVANC13P2604A,20260128,0.08,0.08,0.08,0.08,100800
ADVANC13P2607A,20260128,0.7,0.7,0.68,0.68,2470800
ADVANC19C2605A,20260128,0.66,0.66,0.62,0.65,81600
ADVANC19C2606A,20260128,0.45,0.45,0.4,0.43,2968700
ADVANC41C2604A,20260128,0.31,0.32,0.29,0.31,2161600
ADVANC41C2606T,20260128,0.53,0.53,0.51,0.53,1636000
AEONTS13C2602A,20260128,0.01,0.01,0.01,0.01,1500
AIA41C2603A,20260128,0.6,0.65,0.6,0.62,9500
ALIHEA41C2601A,20260128,0.34,0.36,0.34,0.36,12100
ALIHEA41C2606A,20260128,0.72,0.73,0.69,0.69,17800
AMATA01C2605A,20260128,0.15,0.16,0.15,0.16,2137400
AMATA13C2604A,20260128,0.14,0.16,0.14,0.15,2520600
AMATA41C2604A,20260128,0.14,0.14,0.14,0.14,647700
AMATA41C2609T,20260128,0.22,0.23,0.22,0.22,12600
AOT01C2602A,20260128,0.23,0.26,0.23,0.26,2159300
AOT01C2605A,20260128,0.26,0.27,0.26,0.27,2947200
AOT01C2606T,20260128,0.36,0.38,0.36,0.38,1694900
AOT01P2603A,20260128,0.02,0.02,0.02,0.02,343300
AOT01P2605A,20260128,0.41,0.41,0.4,0.4,1131500
AOT13C2603A,20260128,0.5,0.5,0.5,0.5,1000
AOT13C2605A,20260128,0.47,0.49,0.46,0.49,4393400
AOT13C2605B,20260128,0.23,0.25,0.23,0.25,7463500
AOT13P2605A,20260128,0.19,0.19,0.19,0.19,1581800
AOT19C2605A,20260128,0.4,0.43,0.4,0.43,3018900
AOT19C2605B,20260128,0.2,0.21,0.2,0.21,5997100
AOT19P2605A,20260128,0.24,0.24,0.23,0.23,200000
AOT41C2605A,20260128,0.42,0.43,0.42,0.43,50400
AOT41C2605B,20260128,0.21,0.22,0.21,0.22,120300
AOT41C2609T,20260128,0.43,0.44,0.43,0.44,2125900
AWC01C2606T,20260128,0.17,0.17,0.15,0.16,587600
AWC13C2603A,20260128,0.06,0.06,0.05,0.05,4004000
AWC13C2606A,20260128,0.25,0.25,0.22,0.23,6384400
AWC13C2701T,20260128,0.24,0.24,0.23,0.23,7253600
AWC41C2606A,20260128,0.2,0.2,0.2,0.2,199900
BA01C2603A,20260128,0.1,0.1,0.09,0.09,1955700
BA01C2607A,20260128,0.21,0.23,0.21,0.22,4415600
BA13C2603A,20260128,0.18,0.2,0.17,0.19,7269700
BA13C2607A,20260128,0.25,0.28,0.25,0.27,3183400
BA19C2605A,20260128,0.23,0.25,0.22,0.24,2442200
BA41C2603A,20260128,0.18,0.19,0.16,0.19,1055900
BA41C2611T,20260128,0.25,0.26,0.24,0.25,983700
BABA28C2601A,20260128,0.43,0.43,0.43,0.43,2800
BABA28C2603A,20260128,0.06,0.08,0.06,0.08,10100
BABA28C2603B,20260128,0.19,0.21,0.19,0.21,600000
BABA28C2606A,20260128,0.43,0.46,0.43,0.43,1824100
BABA28C2606B,20260128,0.7,0.73,0.69,0.72,1500800
BABA41C2601A,20260128,0.56,0.57,0.56,0.57,10300
BABA41C2603A,20260128,0.18,0.2,0.18,0.19,64900
BABA41C2603T,20260128,0.33,0.35,0.33,0.35,4400
BABA41C2605A,20260128,0.72,0.75,0.72,0.74,4200
BABA41C2609T,20260128,1.25,1.28,1.25,1.27,2200
BABA41C2701T,20260128,1.36,1.38,1.36,1.37,5000
BABA41P2603A,20260128,0.18,0.18,0.17,0.17,21100
BAM13C2603A,20260128,0.05,0.05,0.05,0.05,600000
BAM41C2612T,20260128,0.42,0.45,0.42,0.45,3748800
BANPU01C2603A,20260128,0.35,0.35,0.31,0.33,1370400
BANPU01C2605A,20260128,0.75,0.78,0.73,0.78,632200
BANPU01C2606T,20260128,0.35,0.36,0.34,0.35,1103300
BANPU01C2607A,20260128,0.16,0.17,0.15,0.16,2773000
BANPU13C2603B,20260128,0.08,0.09,0.08,0.09,1062100
BANPU13C2606A,20260128,0.26,0.26,0.24,0.26,4230500
BANPU13C2701T,20260128,0.23,0.23,0.22,0.23,2162500
BANPU19C2602A,20260128,0.03,0.03,0.03,0.03,290000
BANPU19C2603B,20260128,0.12,0.13,0.12,0.13,656600
BANPU19C2612T,20260128,0.37,0.37,0.35,0.37,1228400
BANPU41C2606A,20260128,0.22,0.24,0.22,0.24,100600
BANPU41C2612T,20260128,0.23,0.24,0.23,0.23,170200
BBL13C2607A,20260128,0.21,0.21,0.19,0.2,1624500
BBL13C2607B,20260128,0.4,0.4,0.37,0.37,6537700
BBL13P2604A,20260128,0.27,0.28,0.27,0.28,1629900
BBL19C2612T,20260128,0.43,0.43,0.4,0.41,3580900
BBL41C2607A,20260128,0.19,0.19,0.17,0.17,200100
BBL41C2607B,20260128,0.18,0.18,0.18,0.18,200
BBL41C2609T,20260128,0.36,0.36,0.35,0.35,200700
BBL41P2604A,20260128,0.28,0.28,0.27,0.27,200
BCH01C2607A,20260128,0.12,0.12,0.12,0.12,764900
BCH01C2610T,20260128,0.1,0.1,0.1,0.1,5000
BCH13C2604A,20260128,0.05,0.05,0.05,0.05,300
BCH13C2607B,20260128,0.17,0.17,0.17,0.17,1171300
BCH19C2607A,20260128,0.18,0.18,0.18,0.18,508700
BCH41C2607B,20260128,0.16,0.16,0.16,0.16,199900
BCP01C2607A,20260128,0.22,0.25,0.22,0.24,3705300
BCP13C2604A,20260128,0.13,0.15,0.13,0.14,4967600
BCP13C2607A,20260128,0.34,0.37,0.34,0.35,4808500
BCP19C2605A,20260128,0.25,0.29,0.25,0.26,3824700
BCP41C2604A,20260128,0.15,0.15,0.15,0.15,1079700
BCP41C2607A,20260128,0.34,0.36,0.34,0.36,1247400
BCPG01C2605A,20260128,0.12,0.14,0.12,0.13,2901700
BCPG01C2607A,20260128,0.3,0.34,0.3,0.33,3582900
BCPG13C2604A,20260128,0.1,0.1,0.1,0.1,2678000
BCPG13C2607A,20260128,0.31,0.35,0.31,0.33,5296400
BCPG19C2605A,20260128,0.17,0.18,0.17,0.18,728600
BCPG41C2604A,20260128,0.1,0.1,0.1,0.1,150000
BCPG41C2606T,20260128,0.23,0.26,0.23,0.26,900100
BCPG41C2607A,20260128,0.28,0.33,0.28,0.32,3169000
BCPG41C2612T,20260128,0.22,0.23,0.22,0.23,2599200
BDMS01C2604A,20260128,0.14,0.15,0.13,0.14,1667500
BDMS01C2607A,20260128,0.28,0.28,0.27,0.27,3223200
BDMS13C2603A,20260128,0.03,0.03,0.03,0.03,406600
BDMS13C2604A,20260128,0.08,0.09,0.08,0.08,150200
BDMS13C2607A,20260128,0.33,0.33,0.31,0.32,3240100
BDMS13C2701T,20260128,0.33,0.33,0.32,0.32,3374700
BDMS19C2604A,20260128,0.19,0.19,0.17,0.18,2167200
BDMS41C2607A,20260128,0.31,0.31,0.29,0.3,899700
BDMS41C2609T,20260128,0.06,0.06,0.06,0.06,998000
BDMS41C2612T,20260128,0.23,0.23,0.23,0.23,869600
BGRIM01C2604A,20260128,0.07,0.07,0.07,0.07,10000
BGRIM01C2608A,20260128,0.23,0.24,0.23,0.24,8246900
BGRIM13C2605A,20260128,0.09,0.09,0.09,0.09,100000
BGRIM13C2607A,20260128,0.26,0.26,0.24,0.25,5837300
BGRIM19C2605A,20260128,0.11,0.11,0.1,0.11,1064500
BGRIM41C2608T,20260128,0.19,0.2,0.19,0.19,1999600
BH01C2605A,20260128,0.43,0.45,0.37,0.41,4267700
BH01C2607A,20260128,1,1.03,0.92,0.97,1224300
BH01P2603A,20260128,0.3,0.34,0.29,0.3,9529000
BH01P2607A,20260128,0.37,0.38,0.35,0.36,2229400
BH13C2605A,20260128,0.33,0.33,0.28,0.32,5740400
BH13C2607A,20260128,0.88,0.9,0.8,0.87,6896900
BH13P2604A,20260128,0.37,0.39,0.34,0.35,4493200
BH13P2607A,20260128,0.31,0.33,0.31,0.33,1748700
BH19C2603A,20260128,0.05,0.06,0.05,0.05,529800
BH19C2605A,20260128,0.35,0.37,0.31,0.34,3360800
BH41C2605A,20260128,0.29,0.29,0.25,0.26,300400
BH41C2607A,20260128,0.83,0.85,0.75,0.81,2276900
BH41C2611T,20260128,0.49,0.5,0.47,0.47,360800
BH41P2604A,20260128,0.31,0.34,0.31,0.34,700200
BIDU41C2603A,20260128,0.89,0.91,0.89,0.89,1092500
BIDU41C2606A,20260128,0.67,0.68,0.66,0.67,87200
BIDU41C2609A,20260128,0.46,0.47,0.45,0.45,2700
BIDU41C2609T,20260128,1.92,1.92,1.92,1.92,2600
BJC13C2605A,20260128,0.1,0.1,0.09,0.09,1401600
BJC13C2607A,20260128,0.33,0.33,0.28,0.3,8431900
BJC19C2612T,20260128,0.4,0.4,0.38,0.38,2215200
BLA01C2607A,20260128,0.36,0.39,0.35,0.38,3275600
BLA13C2607A,20260128,0.38,0.41,0.37,0.4,1092100
BLA41C2606T,20260128,0.23,0.24,0.23,0.24,4581500
BTG01C2603A,20260128,0.02,0.02,0.02,0.02,45000
BTG01C2607A,20260128,0.26,0.26,0.23,0.23,1778700
BTG13C2607A,20260128,0.27,0.28,0.26,0.26,1570000
BTS01C2602A,20260128,0.01,0.01,0.01,0.01,999600
BTS01P2602A,20260128,0.05,0.05,0.05,0.05,400
BTS01P2602B,20260128,0.41,0.41,0.41,0.41,400
BTS13C2606A,20260128,0.11,0.11,0.1,0.1,1775400
BTS13C2607A,20260128,0.27,0.27,0.25,0.26,2285200
BTS13C2701T,20260128,0.19,0.19,0.19,0.19,3201200
BTS19C2605A,20260128,0.16,0.16,0.15,0.15,2228400
BTS41C2607A,20260128,0.26,0.26,0.25,0.25,720300
BTS41C2612T,20260128,0.05,0.05,0.05,0.05,100000
BYDCOM41C2609A,20260128,0.54,0.64,0.54,0.63,4600
BYDCOM41P2603A,20260128,0.27,0.27,0.21,0.22,3800
CATHAY41C2603A,20260128,0.45,0.47,0.45,0.46,1900
CBG01C2605A,20260128,0.17,0.17,0.15,0.16,2008500
CBG01P2603A,20260128,0.12,0.13,0.12,0.13,4654400
CBG01P2607A,20260128,0.57,0.61,0.57,0.6,2167900
CBG13C2604A,20260128,0.07,0.07,0.06,0.06,413400
CBG13C2607A,20260128,0.28,0.28,0.25,0.26,7800600
CBG13P2605A,20260128,0.35,0.38,0.35,0.37,1350200
CBG19C2604A,20260128,0.15,0.15,0.13,0.13,1705100
CBG41C2607A,20260128,0.27,0.27,0.24,0.24,656200
CCET13C2604A,20260128,0.34,0.35,0.32,0.32,3843500
CCET13C2607A,20260128,0.24,0.25,0.23,0.23,1518400
CENTEL01C2606A,20260128,0.26,0.27,0.26,0.27,4905300
CENTEL13C2605A,20260128,0.33,0.33,0.3,0.32,7286300
CENTEL41C2605A,20260128,0.3,0.3,0.28,0.28,2550400
CENTEL41C2606T,20260128,0.24,0.25,0.24,0.24,104600
CK13C2607A,20260128,0.23,0.25,0.22,0.25,5765000
COM701C2604A,20260128,0.18,0.18,0.15,0.15,3928400
COM701C2607A,20260128,0.44,0.44,0.37,0.38,7574600
COM713C2604A,20260128,0.08,0.08,0.06,0.06,2022500
COM713C2605A,20260128,0.22,0.23,0.18,0.18,5214800
COM719C2605A,20260128,0.27,0.27,0.22,0.22,11052200
COM741C2605A,20260128,0.19,0.19,0.16,0.16,1599200
COM741C2609T,20260128,0.25,0.25,0.23,0.23,2199400
CPALL01C2604A,20260128,0.09,0.09,0.09,0.09,10400
CPALL01C2607A,20260128,0.25,0.25,0.25,0.25,3886500
CPALL01P2602A,20260128,0.08,0.08,0.06,0.06,4100
CPALL01P2607A,20260128,0.42,0.42,0.41,0.41,2774700
CPALL13C2607A,20260128,0.21,0.22,0.21,0.22,2602600
CPALL13C2701T,20260128,0.24,0.24,0.24,0.24,12532000
CPALL19C2607A,20260128,0.3,0.31,0.3,0.31,4437200
CPALL41C2604A,20260128,0.05,0.06,0.05,0.06,894800
CPALL41C2607A,20260128,0.18,0.19,0.18,0.19,3569200
CPALL41C2612T,20260128,0.15,0.15,0.15,0.15,100
CPF01C2611T,20260128,0.28,0.28,0.28,0.28,205000
CPF01P2603A,20260128,0.2,0.2,0.2,0.2,1222300
CPF13C2604A,20260128,0.13,0.13,0.12,0.12,318500
CPF41C2612T,20260128,0.28,0.28,0.26,0.27,500400
CPN01C2604A,20260128,0.29,0.29,0.29,0.29,4831600
CPN13C2604A,20260128,0.3,0.3,0.28,0.28,4962800
CPN19C2609T,20260128,0.31,0.31,0.31,0.31,4970200
CPN41C2604A,20260128,0.26,0.27,0.26,0.26,201000
CPN41C2608T,20260128,0.32,0.32,0.32,0.32,39500
CRC01C2602B,20260128,0.01,0.01,0.01,0.01,100000
CRC01C2605A,20260128,0.28,0.28,0.27,0.27,4555800
CRC01C2610T,20260128,0.38,0.38,0.37,0.37,3272100
CRC01P2605A,20260128,0.34,0.36,0.33,0.35,1726300
CRC13C2603A,20260128,0.06,0.06,0.06,0.06,20000
CRC13C2606A,20260128,0.37,0.37,0.35,0.36,10054300
CRC13P2606A,20260128,0.28,0.29,0.28,0.28,2774400
CRC19C2604A,20260128,0.17,0.17,0.16,0.17,7279700
CRC41C2606A,20260128,0.34,0.34,0.33,0.33,2689500
CRC41C2609T,20260128,0.22,0.22,0.21,0.22,1899100
CRC41P2606A,20260128,0.27,0.27,0.27,0.27,10200
DELTA01C2602A,20260128,0.23,0.23,0.19,0.19,2980600
DELTA01C2603A,20260128,0.12,0.13,0.1,0.1,12292200
DELTA01C2605A,20260128,1,1.01,0.9,0.92,5235200
DELTA01C2605B,20260128,1.93,1.95,1.74,1.77,3550300
DELTA01P2603A,20260128,0.08,0.08,0.06,0.08,1574300
DELTA01P2605A,20260128,0.89,0.93,0.86,0.91,8207000
DELTA13C2602A,20260128,0.01,0.01,0.01,0.01,161100
DELTA13C2603A,20260128,0.08,0.08,0.07,0.08,92200
DELTA13C2603B,20260128,0.03,0.03,0.03,0.03,1042900
DELTA13C2604A,20260128,0.56,0.58,0.48,0.51,7603400
DELTA13C2605A,20260128,0.42,0.43,0.37,0.38,42215600
DELTA13C2605B,20260128,1.28,1.33,1.17,1.18,5282400
DELTA13C2606A,20260128,0.7,0.72,0.64,0.65,24335900
DELTA13C2607A,20260128,0.31,0.31,0.27,0.29,35863100
DELTA13P2603A,20260128,0.06,0.06,0.05,0.06,2566500
DELTA13P2605A,20260128,0.52,0.53,0.49,0.52,30210800
DELTA19C2603A,20260128,0.06,0.07,0.06,0.06,841900
DELTA19C2604A,20260128,0.2,0.21,0.18,0.18,3593600
DELTA19C2605A,20260128,0.76,0.76,0.65,0.68,435600
DELTA19C2605B,20260128,1.18,1.18,1.04,1.04,5100
DELTA19C2607A,20260128,0.48,0.48,0.43,0.45,2386500
DELTA19P2604A,20260128,0.18,0.19,0.17,0.18,6485700
DELTA19P2605A,20260128,0.59,0.61,0.57,0.6,6434400
DELTA41C2603B,20260128,0.04,0.04,0.04,0.04,10000
DELTA41C2605A,20260128,0.39,0.4,0.35,0.37,130800
DELTA41C2606A,20260128,0.68,0.69,0.62,0.64,4340000
DELTA41C2608T,20260128,1.29,1.31,1.25,1.26,5109200
DELTA41C2612T,20260128,0.82,0.82,0.78,0.8,2185100
DELTA41P2605A,20260128,0.48,0.5,0.47,0.49,61300
DJI28C2603A,20260128,0.47,0.47,0.47,0.47,22300
DJI28P2603A,20260128,0.23,0.23,0.23,0.23,1200
DJI41C2603B,20260128,0.42,0.42,0.42,0.42,5300
DJI41P2603A,20260128,0.16,0.17,0.16,0.16,166500
DJI41P2606A,20260128,0.86,0.86,0.85,0.85,1000
DOHOME01C2604A,20260128,0.26,0.27,0.25,0.25,3643700
DOHOME13C2604A,20260128,0.13,0.13,0.12,0.12,3842200
DOHOME19C2604A,20260128,0.14,0.15,0.13,0.13,626600
DOHOME41C2604A,20260128,0.13,0.13,0.12,0.12,599700
EA13C2602A,20260128,0.01,0.01,0.01,0.01,165700
EA13C2602B,20260128,0.01,0.01,0.01,0.01,10100
EA13C2604A,20260128,0.07,0.07,0.07,0.07,9000
EA13C2605A,20260128,0.18,0.18,0.16,0.16,4115000
EA19C2604A,20260128,0.11,0.11,0.11,0.11,2317300
EA19C2606A,20260128,0.29,0.29,0.28,0.28,3849300
EA41C2609T,20260128,0.28,0.28,0.28,0.28,1000
EGCO01C2603A,20260128,0.06,0.06,0.06,0.06,150000
EGCO01P2603A,20260128,0.33,0.36,0.32,0.32,2866300
EGCO13C2604A,20260128,0.12,0.12,0.11,0.12,3162200
EGCO13P2603A,20260128,0.17,0.19,0.17,0.17,869800
EGCO41C2604A,20260128,0.11,0.11,0.1,0.11,799600
EGCO41C2612T,20260128,0.32,0.32,0.31,0.31,3898500
ERW01C2611T,20260128,0.27,0.27,0.26,0.26,7081200
ERW13C2604A,20260128,0.17,0.18,0.16,0.16,1853200
ERW41C2611T,20260128,0.36,0.36,0.35,0.35,7912400
GEELY41C2603A,20260128,0.05,0.05,0.05,0.05,50000
GLOBAL13C2604A,20260128,0.14,0.15,0.13,0.13,2774300
GLOBAL41C2604A,20260128,0.14,0.14,0.14,0.14,199900
GLOBAL41C2612T,20260128,0.39,0.4,0.38,0.39,3603900
GPSC01C2605A,20260128,0.18,0.2,0.18,0.19,1526300
GPSC01C2609T,20260128,0.2,0.21,0.2,0.21,1558800
GPSC01P2603A,20260128,0.16,0.16,0.14,0.14,1778800
GPSC01P2605A,20260128,0.26,0.27,0.25,0.25,1749400
GPSC13C2604A,20260128,0.08,0.09,0.08,0.09,526200
GPSC13C2606A,20260128,0.25,0.26,0.24,0.25,3982300
GPSC13C2701T,20260128,0.19,0.2,0.19,0.2,5056400
GPSC13P2606A,20260128,0.25,0.26,0.23,0.23,693600
GPSC19C2604A,20260128,0.14,0.15,0.14,0.15,2925000
GPSC41C2606A,20260128,0.22,0.23,0.22,0.23,100300
GPSC41C2703T,20260128,0.25,0.25,0.25,0.25,60300
GPSC41P2606A,20260128,0.23,0.23,0.22,0.22,200
GULF01C2602A,20260128,0.02,0.02,0.02,0.02,1100
GULF01C2604A,20260128,0.26,0.26,0.24,0.26,6111700
GULF01C2606T,20260128,0.11,0.11,0.11,0.11,21000
GULF01P2608A,20260128,0.51,0.53,0.5,0.5,2065200
GULF13C2604A,20260128,0.25,0.26,0.22,0.25,40068000
GULF13P2607A,20260128,0.47,0.49,0.46,0.46,15856000
GULF19C2602A,20260128,0.01,0.01,0.01,0.01,400
GULF19C2604A,20260128,0.27,0.28,0.26,0.28,6652300
GULF41C2604A,20260128,0.24,0.25,0.23,0.25,405800
GULF41C2609T,20260128,0.22,0.23,0.22,0.23,63000
GULF41P2607A,20260128,0.43,0.43,0.42,0.42,403800
HANA01C2604A,20260128,0.17,0.17,0.16,0.16,3201100
HANA01C2606A,20260128,0.42,0.43,0.41,0.41,2933300
HANA13C2604A,20260128,0.05,0.05,0.05,0.05,248100
HANA13C2604B,20260128,0.19,0.2,0.18,0.18,8508800
HANA13C2607A,20260128,0.44,0.46,0.42,0.43,16451700
HANA13C2701T,20260128,0.27,0.28,0.27,0.27,8693400
HANA19C2604A,20260128,0.07,0.07,0.07,0.07,309300
HANA19C2604B,20260128,0.23,0.24,0.22,0.23,7217800
HANA41C2604B,20260128,0.19,0.2,0.18,0.19,2859300
HANA41C2607A,20260128,0.41,0.43,0.4,0.41,4224800
HANA41C2608T,20260128,0.36,0.36,0.35,0.35,1231400
HANA41C2612T,20260128,0.21,0.21,0.2,0.21,3784000
HMPRO01C2607A,20260128,0.22,0.22,0.22,0.22,4538600
HMPRO13C2604A,20260128,0.2,0.21,0.2,0.2,6367200
HMPRO41C2604A,20260128,0.21,0.21,0.19,0.2,1260300
HMPRO41C2612T,20260128,0.28,0.29,0.28,0.29,1811800
HSI28C2601E,20260128,0.11,0.3,0.11,0.28,2907300
HSI28C2602A,20260128,0.1,0.13,0.1,0.12,3942600
HSI28C2602B,20260128,0.68,0.82,0.68,0.78,63394400
HSI28C2602C,20260128,0.26,0.33,0.25,0.3,30628900
HSI28C2603A,20260128,0.31,0.37,0.31,0.36,1577200
HSI28C2603B,20260128,0.63,0.73,0.63,0.71,17436100
HSI28C2603C,20260128,1.35,1.5,1.35,1.48,22100
HSI28C2604A,20260128,0.5,0.56,0.49,0.55,14112700
HSI28P2601C,20260128,0.02,0.02,0.02,0.02,10000
HSI28P2601E,20260128,0.02,0.02,0.02,0.02,1000
HSI28P2602A,20260128,0.03,0.03,0.03,0.03,15000
HSI28P2602B,20260128,0.1,0.1,0.07,0.08,1130000
HSI28P2602C,20260128,0.14,0.15,0.11,0.11,44876200
HSI28P2603A,20260128,0.03,0.03,0.02,0.02,111000
HSI28P2603B,20260128,0.11,0.11,0.1,0.1,429200
HSI28P2603C,20260128,0.42,0.42,0.36,0.37,24302100
HSI28P2604A,20260128,0.18,0.18,0.16,0.16,3523700
HSI28P2604B,20260128,0.44,0.44,0.39,0.4,951700
HSTECH28C2603A,20260128,0.42,0.44,0.41,0.43,4231200
ICHI19C2609T,20260128,0.24,0.24,0.24,0.24,32700
IRPC01C2603A,20260128,0.1,0.11,0.1,0.1,4142100
IRPC01C2607A,20260128,0.31,0.33,0.3,0.3,4254100
IRPC13C2604A,20260128,0.21,0.23,0.21,0.21,12313200
IRPC13C2701T,20260128,0.27,0.28,0.27,0.27,3496400
IRPC19C2609T,20260128,0.22,0.24,0.22,0.22,9294900
IRPC41C2604A,20260128,0.21,0.23,0.21,0.22,201000
IRPC41C2703T,20260128,0.33,0.34,0.33,0.33,100400
ITC01C2606T,20260128,0.29,0.29,0.28,0.28,477700
ITC13C2604A,20260128,0.11,0.11,0.11,0.11,688600
ITC13C2608A,20260128,0.42,0.42,0.37,0.39,997800
ITC19C2609T,20260128,0.34,0.34,0.31,0.31,363200
ITC41C2604A,20260128,0.11,0.11,0.1,0.1,1399300
ITC41C2612T,20260128,0.28,0.28,0.27,0.27,999500
IVL01C2602A,20260128,0.01,0.01,0.01,0.01,55000
IVL01C2603A,20260128,0.09,0.15,0.09,0.15,7785900
IVL01C2604A,20260128,0.33,0.49,0.33,0.47,22117100
IVL01C2605A,20260128,0.85,1.02,0.85,1.02,395100
IVL01P2604A,20260128,0.07,0.07,0.04,0.04,100900
IVL01P2607A,20260128,0.52,0.52,0.41,0.41,10285000
IVL13C2603A,20260128,0.05,0.09,0.05,0.09,3138300
IVL13C2604A,20260128,0.27,0.4,0.27,0.39,40830200
IVL13C2605A,20260128,0.59,0.8,0.59,0.8,902200
IVL13P2604A,20260128,0.08,0.08,0.05,0.05,3988000
IVL19C2602A,20260128,0.01,0.02,0.01,0.02,100100
IVL19C2603A,20260128,0.1,0.11,0.08,0.11,1499300
IVL19C2604A,20260128,0.36,0.52,0.36,0.52,6169200
IVL41C2604A,20260128,0.28,0.4,0.28,0.4,7060900
IVL41C2605A,20260128,0.6,0.78,0.6,0.78,683000
IVL41C2605T,20260128,0.05,0.07,0.05,0.07,1020000
IVL41C2702T,20260128,0.33,0.39,0.33,0.39,1201500
IVL41P2605T,20260128,0.26,0.27,0.24,0.24,33100
JAS13C2604A,20260128,0.07,0.07,0.07,0.07,210600
JD28C2605A,20260128,0.35,0.35,0.34,0.34,400
JD41C2603A,20260128,0.11,0.12,0.1,0.1,201200
JD41C2606A,20260128,0.34,0.35,0.33,0.34,1600
JMART13C2605A,20260128,0.33,0.33,0.3,0.3,2655800
JMART13C2701T,20260128,0.26,0.26,0.25,0.25,2853400
JMART41C2609T,20260128,0.18,0.18,0.17,0.17,1649700
JMT01C2605A,20260128,0.29,0.29,0.26,0.26,4203200
JMT01C2701T,20260128,0.31,0.31,0.29,0.29,3445700
JMT13C2604A,20260128,0.15,0.15,0.13,0.13,9916500
JMT13C2701T,20260128,0.27,0.27,0.25,0.25,4658200
JMT19C2605A,20260128,0.29,0.29,0.26,0.26,1931700
JMT41C2604A,20260128,0.13,0.14,0.13,0.13,599700
JMT41C2703T,20260128,0.44,0.44,0.43,0.43,3398600
KBANK01C2602A,20260128,0.25,0.25,0.22,0.23,1591200
KBANK01C2607A,20260128,0.45,0.45,0.42,0.43,3931700
KBANK01P2604A,20260128,0.22,0.23,0.22,0.22,1395500
KBANK01P2607A,20260128,0.68,0.7,0.68,0.68,1785400
KBANK13C2603A,20260128,0.15,0.15,0.14,0.14,5207200
KBANK13C2607A,20260128,0.18,0.18,0.17,0.17,3963700
KBANK13P2604A,20260128,0.15,0.16,0.15,0.16,315400
KBANK19C2604A,20260128,0.21,0.21,0.19,0.2,1177500
KBANK41C2603A,20260128,0.15,0.15,0.14,0.14,200
KBANK41C2604T,20260128,1.07,1.08,1.07,1.08,200
KBANK41C2607A,20260128,0.15,0.15,0.15,0.15,100
KBANK41C2609T,20260128,0.6,0.6,0.6,0.6,200
KCE13C2604A,20260128,0.05,0.06,0.05,0.05,1213100
KCE13C2606A,20260128,0.27,0.3,0.27,0.29,17222500
KCE19C2604A,20260128,0.09,0.1,0.09,0.09,1908400
KCE19C2605A,20260128,0.31,0.34,0.3,0.32,13765200
KCE41C2606A,20260128,0.26,0.28,0.26,0.27,3989500
KCE41C2609T,20260128,0.38,0.4,0.38,0.4,3798700
KKP01C2607A,20260128,0.62,0.62,0.61,0.61,1177600
KKP13C2606A,20260128,0.51,0.51,0.49,0.51,4809100
KKP19C2609T,20260128,0.67,0.67,0.66,0.66,1437400
KTB01C2603A,20260128,0.09,0.09,0.09,0.09,5500
KTB01C2701T,20260128,0.2,0.2,0.2,0.2,102000
KTB13C2606A,20260128,0.13,0.13,0.13,0.13,212300
KTB19C2609T,20260128,0.23,0.23,0.23,0.23,1033200
KTB41C2606A,20260128,0.11,0.11,0.11,0.11,439900
KTB41C2612T,20260128,0.28,0.28,0.28,0.28,424800
KTC01C2604A,20260128,0.08,0.08,0.08,0.08,500000
KTC01C2607A,20260128,0.25,0.25,0.23,0.24,1086600
KTC01C2609T,20260128,0.18,0.18,0.18,0.18,186100
KTC13C2604A,20260128,0.07,0.08,0.07,0.08,325100
KTC13C2607A,20260128,0.25,0.25,0.23,0.24,1847100
KTC13C2701T,20260128,0.25,0.25,0.24,0.25,220000
KTC19C2604A,20260128,0.14,0.14,0.13,0.14,1860400
KTC19C2609T,20260128,0.19,0.2,0.19,0.2,2399800
KTC41C2606T,20260128,0.02,0.02,0.02,0.02,100
KTC41C2607A,20260128,0.23,0.23,0.22,0.22,224900
KUAISH28C2606A,20260128,0.71,0.75,0.71,0.74,11800
KUAISH28C2607A,20260128,0.42,0.43,0.42,0.43,240500
KUAISH41C2603A,20260128,0.26,0.29,0.26,0.28,504100
KUAISH41C2606A,20260128,0.49,0.52,0.49,0.52,84200
KUAISH41C2609T,20260128,1.32,1.35,1.32,1.35,63600
M01C2606A,20260128,0.33,0.33,0.32,0.33,1719200
M13C2605A,20260128,0.29,0.29,0.27,0.29,3916600
M19C2605A,20260128,0.36,0.36,0.33,0.36,1935300
M41C2612T,20260128,0.26,0.26,0.26,0.26,999500
MCA5041C2603A,20260128,0.42,0.42,0.41,0.41,107000
MCA5041C2606A,20260128,0.58,0.58,0.58,0.58,100
MEITUA28C2604A,20260128,0.16,0.16,0.16,0.16,900000
MEITUA28C2607A,20260128,0.4,0.42,0.4,0.41,600000
MEITUA41C2603A,20260128,0.15,0.16,0.15,0.16,1200
MEITUA41P2603A,20260128,0.19,0.19,0.19,0.19,200
MINT01C2605A,20260128,0.31,0.33,0.31,0.31,8997300
MINT01P2605A,20260128,0.3,0.31,0.3,0.3,5444500
MINT13C2604A,20260128,0.29,0.3,0.29,0.29,4447100
MINT13P2606A,20260128,0.5,0.51,0.49,0.5,4906700
MINT19C2602A,20260128,0.01,0.01,0.01,0.01,500
MINT41C2604A,20260128,0.28,0.3,0.28,0.3,1025000
MINT41C2612T,20260128,0.12,0.12,0.12,0.12,100
MINT41P2606A,20260128,0.48,0.48,0.46,0.48,900800
MTC01C2604A,20260128,0.04,0.04,0.04,0.04,60000
MTC01C2606A,20260128,0.14,0.14,0.14,0.14,1821000
MTC01C2608A,20260128,0.41,0.43,0.41,0.41,4189700
MTC01P2608A,20260128,0.16,0.16,0.16,0.16,3550800
MTC13C2604A,20260128,0.04,0.04,0.04,0.04,1280000
MTC13C2605A,20260128,0.17,0.18,0.17,0.18,8223500
MTC13C2607A,20260128,0.41,0.42,0.41,0.42,9377600
MTC19C2605A,20260128,0.21,0.22,0.2,0.22,7411800
MTC41C2607A,20260128,0.39,0.39,0.38,0.39,1349400
NDX28C2603A,20260128,0.26,0.27,0.26,0.27,1200
NDX28C2606A,20260128,0.84,0.86,0.82,0.85,4200
NDX28P2603B,20260128,0.33,0.33,0.33,0.33,10000
NDX41C2603A,20260128,0.36,0.39,0.36,0.39,387000
NDX41C2603B,20260128,0.58,0.58,0.58,0.58,2990000
NDX41C2606A,20260128,1.14,1.17,1.14,1.17,5900
NDX41P2603A,20260128,0.52,0.53,0.5,0.51,672300
NDX41P2603B,20260128,0.29,0.29,0.29,0.29,516800
NDX41P2606A,20260128,0.5,0.5,0.47,0.48,219300
NIKKEI28C2603A,20260128,0.41,0.47,0.4,0.47,982000
NIKKEI28C2603B,20260128,0.81,0.81,0.81,0.81,100
NIKKEI28C2603C,20260128,1.14,1.14,1.14,1.14,100
NIKKEI28C2606A,20260128,1.16,1.24,1.16,1.21,3300
NIKKEI28C2606B,20260128,0.82,0.9,0.82,0.87,2200
NIKKEI28C2606C,20260128,0.6,0.66,0.6,0.62,2900
NIKKEI28C2606D,20260128,0.43,0.47,0.42,0.45,5700
NIKKEI28P2603A,20260128,0.27,0.27,0.24,0.24,2487700
NIKKEI28P2606A,20260128,0.39,0.39,0.36,0.37,1600
NIKKEI28P2606B,20260128,0.64,0.66,0.64,0.66,488000
NIKKEI28P2606D,20260128,0.95,0.95,0.95,0.95,2000
NIKKEI41C2603B,20260128,1.76,1.76,1.76,1.76,200000
NIKKEI41C2603C,20260128,1.33,1.33,1.33,1.33,100
NIKKEI41C2606B,20260128,0.79,0.87,0.78,0.84,43200
NIKKEI41C2606C,20260128,0.59,0.59,0.57,0.57,5600
NIKKEI41P2603A,20260128,0.12,0.12,0.11,0.11,450800
NTES41C2603A,20260128,0.12,0.13,0.12,0.13,400
OR01C2607A,20260128,0.16,0.16,0.15,0.16,6950200
OR13C2605A,20260128,0.22,0.22,0.2,0.21,14271000
OR19C2607A,20260128,0.22,0.22,0.19,0.21,5138900
OR41C2605A,20260128,0.21,0.21,0.19,0.19,3047100
OR41C2605T,20260128,0.03,0.03,0.03,0.03,1000
OR41C2608T,20260128,0.36,0.36,0.33,0.34,2765600
OSP01C2607A,20260128,0.34,0.35,0.34,0.35,3850100
OSP13C2607A,20260128,0.31,0.32,0.31,0.32,3123000
OSP41C2606T,20260128,0.12,0.12,0.12,0.12,20000
OSP41C2607A,20260128,0.27,0.27,0.27,0.27,275500
PINGAN41C2604A,20260128,1.03,1.03,1.03,1.03,1000
PINGAN41C2606A,20260128,0.36,0.37,0.36,0.36,12600
PLANB13C2603A,20260128,0.05,0.05,0.05,0.05,10000
PLANB13C2607A,20260128,0.33,0.33,0.32,0.32,3315900
PLANB19C2605A,20260128,0.16,0.16,0.15,0.16,1265800
PLANB41C2607A,20260128,0.3,0.31,0.3,0.3,1301500
PLANB41C2612T,20260128,0.13,0.14,0.13,0.14,299900
POPMAR28C2604A,20260128,0.1,0.13,0.1,0.12,1036200
POPMAR28C2606A,20260128,0.45,0.53,0.45,0.53,46500
POPMAR41C2605A,20260128,0.49,0.59,0.49,0.56,4900
POPMAR41C2609T,20260128,1.06,1.19,1.06,1.14,6100
POPMAR41P2601A,20260128,0.35,0.35,0.28,0.28,200
PR913C2605A,20260128,0.21,0.21,0.21,0.21,240000
PRM19C2604A,20260128,0.24,0.24,0.22,0.22,2312300
PRM41C2612T,20260128,0.4,0.4,0.39,0.39,101000
PTG01C2607A,20260128,0.19,0.2,0.19,0.2,8200300
PTG13C2607A,20260128,0.24,0.25,0.23,0.24,5896200
PTG41C2701T,20260128,0.23,0.23,0.23,0.23,1199400
PTT01C2606T,20260128,0.11,0.12,0.11,0.12,1600
PTT01C2607A,20260128,0.17,0.17,0.17,0.17,312700
PTT13C2606A,20260128,0.22,0.24,0.22,0.24,8220300
PTT13C2701T,20260128,0.23,0.24,0.23,0.24,99000
PTT19C2612T,20260128,0.34,0.34,0.34,0.34,49500
PTT41C2606A,20260128,0.2,0.22,0.2,0.22,724800
PTT41C2606T,20260128,0.24,0.24,0.23,0.24,310400
PTTEP01C2606T,20260128,0.55,0.58,0.55,0.58,7199700
PTTEP01C2607A,20260128,0.42,0.47,0.42,0.47,6896300
PTTEP01P2607A,20260128,0.54,0.54,0.5,0.5,2137700
PTTEP13C2603A,20260128,0.15,0.18,0.15,0.18,10353300
PTTEP13C2607A,20260128,0.49,0.53,0.48,0.53,22597300
PTTEP13P2607A,20260128,0.43,0.43,0.39,0.39,2090400
PTTEP19C2603A,20260128,0.18,0.22,0.18,0.22,4574400
PTTEP19C2607A,20260128,0.58,0.63,0.58,0.61,20900
PTTEP41C2603A,20260128,0.16,0.18,0.16,0.18,50400
PTTEP41C2607A,20260128,0.45,0.49,0.45,0.49,2334100
PTTEP41C2609T,20260128,0.51,0.54,0.51,0.54,2565800
PTTGC01C2605A,20260128,0.48,0.55,0.48,0.52,1037300
PTTGC01C2607A,20260128,0.16,0.18,0.16,0.17,6477000
PTTGC01P2605A,20260128,0.11,0.11,0.1,0.1,731400
PTTGC13C2604A,20260128,0.59,0.65,0.59,0.61,559800
PTTGC13C2607A,20260128,0.24,0.27,0.23,0.25,10340900
PTTGC13P2607A,20260128,0.48,0.5,0.46,0.46,518500
PTTGC19C2604A,20260128,0.54,0.62,0.54,0.62,357300
PTTGC19C2607A,20260128,0.29,0.32,0.28,0.3,6809200
PTTGC41C2604A,20260128,0.57,0.57,0.57,0.57,100
PTTGC41C2607A,20260128,0.22,0.24,0.22,0.23,855400
PTTGC41C2608T,20260128,0.63,0.66,0.63,0.66,450100
PTTGC41C2611T,20260128,0.16,0.16,0.16,0.16,10000
PTTGC41C2612T,20260128,0.31,0.34,0.31,0.34,966000
PTTGC41P2607A,20260128,0.42,0.43,0.42,0.42,660200
RCL13C2604A,20260128,0.18,0.18,0.17,0.18,871800
RCL41C2604A,20260128,0.18,0.18,0.18,0.18,474800
RCL41C2608T,20260128,0.46,0.46,0.46,0.46,449800
RCL41C2612T,20260128,0.23,0.23,0.23,0.23,199900
SAWAD01C2606A,20260128,0.7,0.7,0.68,0.68,1268400
SAWAD01C2607A,20260128,0.18,0.18,0.17,0.17,8665600
SAWAD01P2606A,20260128,0.32,0.34,0.32,0.34,3614200
SAWAD13C2604A,20260128,0.07,0.07,0.06,0.06,15300
SAWAD13C2607A,20260128,0.23,0.23,0.21,0.22,70550700
SAWAD13C2607B,20260128,0.9,0.9,0.84,0.84,14000
SAWAD13P2603A,20260128,0.1,0.1,0.09,0.09,11000
SAWAD19C2605A,20260128,0.12,0.12,0.11,0.11,2162300
SAWAD19C2608A,20260128,0.35,0.35,0.32,0.33,27317700
SAWAD41C2607A,20260128,0.21,0.21,0.2,0.2,461500
SAWAD41C2610T,20260128,0.46,0.46,0.44,0.45,1231200
SAWAD41P2603A,20260128,0.08,0.08,0.08,0.08,5000
SCB01C2605A,20260128,0.29,0.29,0.27,0.28,1432600
SCB01P2605A,20260128,0.17,0.17,0.17,0.17,32700
SCB13C2603A,20260128,0.11,0.11,0.1,0.1,300300
SCB13C2607A,20260128,0.17,0.17,0.15,0.15,504300
SCB13C2607B,20260128,0.38,0.38,0.34,0.34,1400000
SCB13P2607A,20260128,0.57,0.59,0.57,0.59,6367100
SCB19C2612T,20260128,0.42,0.42,0.4,0.4,2704400
SCB41C2603A,20260128,0.12,0.12,0.11,0.11,200
SCB41C2609T,20260128,0.45,0.45,0.44,0.44,50200
SCB41P2607A,20260128,0.52,0.54,0.52,0.54,460500
SCC01C2603A,20260128,0.14,0.14,0.13,0.14,3156700
SCC01C2605A,20260128,0.8,0.8,0.76,0.8,1267000
SCC01C2606T,20260128,0.74,0.74,0.72,0.73,1299800
SCC01C2607A,20260128,0.38,0.39,0.37,0.39,4726400
SCC01P2605A,20260128,0.25,0.25,0.24,0.25,3461600
SCC13C2604A,20260128,0.46,0.49,0.46,0.49,16000
SCC13C2606A,20260128,1.09,1.09,1.09,1.09,4000
SCC13C2607A,20260128,0.49,0.5,0.48,0.5,6630100
SCC13C2701T,20260128,0.44,0.44,0.43,0.43,2337900
SCC13P2602A,20260128,0.01,0.01,0.01,0.01,5500
SCC41C2604A,20260128,0.48,0.51,0.46,0.51,400
SCC41C2607A,20260128,0.47,0.48,0.45,0.48,250600
SCC41C2611T,20260128,0.3,0.3,0.29,0.29,200
SCC41C2612T,20260128,0.74,0.74,0.74,0.74,25100
SCGP01C2604A,20260128,0.38,0.38,0.27,0.32,13669800
SCGP01P2604A,20260128,0.09,0.09,0.09,0.09,3800
SCGP13C2603A,20260128,0.21,0.21,0.13,0.17,23452800
SCGP13C2607A,20260128,0.47,0.47,0.36,0.43,24992000
SCGP13P2604A,20260128,0.08,0.09,0.08,0.08,594100
SCGP19C2607A,20260128,0.55,0.55,0.43,0.5,5644700
SCGP41C2603A,20260128,0.17,0.17,0.12,0.16,601400
SCGP41C2606T,20260128,0.3,0.3,0.24,0.26,1600100
SCGP41C2607A,20260128,0.4,0.4,0.33,0.37,4134700
SCGP41C2609T,20260128,0.58,0.58,0.54,0.57,2000
SET01C2602A,20260128,0.04,0.05,0.03,0.04,61000
SET01C2604A,20260128,0.62,0.63,0.56,0.59,469700
SET01C2605A,20260128,1.23,1.23,1.11,1.18,3844900
SET01C2606L,20260128,2.84,2.84,2.8,2.84,2000
SET01P2604A,20260128,0.1,0.11,0.09,0.1,428000
SET01P2605A,20260128,0.35,0.38,0.33,0.34,7056100
SET01P2606L,20260128,1.15,1.16,1.14,1.16,17800
SET5001C2603F,20260128,0.3,0.31,0.28,0.29,8972800
SET5001C2603G,20260128,0.52,0.52,0.46,0.48,12616000
SET5001C2603H,20260128,1.18,1.23,1.11,1.17,19579500
SET5001C2603I,20260128,0.41,0.42,0.39,0.42,3491600
SET5001C2605A,20260128,0.8,0.83,0.75,0.81,6497300
SET5001P2603F,20260128,0.06,0.07,0.06,0.06,73900
SET5001P2603G,20260128,0.26,0.26,0.24,0.24,8543100
SET5001P2603H,20260128,0.47,0.52,0.46,0.47,16422200
SET5001P2605A,20260128,0.14,0.16,0.14,0.14,3463100
SET5013C2603A,20260128,0.28,0.3,0.25,0.28,141766400
SET5013C2603B,20260128,0.41,0.44,0.37,0.41,85913500
SET5013C2603C,20260128,0.64,0.68,0.57,0.63,279295500
SET5013C2603D,20260128,0.88,0.94,0.81,0.89,98042800
SET5013C2603E,20260128,1.21,1.3,1.1,1.21,8529900
SET5013C2603F,20260128,1.73,1.85,1.6,1.75,401700
SET5013P2603A,20260128,0.05,0.05,0.04,0.04,2395200
SET5013P2603B,20260128,0.03,0.04,0.02,0.02,3399400
SET5013P2603C,20260128,0.07,0.08,0.07,0.07,9039700
SET5013P2603D,20260128,0.05,0.05,0.04,0.05,1095800
SET5013P2603E,20260128,0.1,0.1,0.08,0.08,17773700
SET5013P2603F,20260128,0.13,0.13,0.11,0.11,35798800
SET5013P2603G,20260128,0.18,0.19,0.16,0.16,21765100
SET5013P2603H,20260128,0.29,0.32,0.27,0.28,198948700
SET5013P2603I,20260128,0.43,0.47,0.4,0.41,124326300
SET5013P2603J,20260128,0.64,0.69,0.6,0.62,135183800
SET5019C2603A,20260128,0.5,0.5,0.46,0.49,43746200
SET5019C2603B,20260128,0.49,0.49,0.42,0.46,56612600
SET5019C2603C,20260128,1.2,1.26,1.2,1.26,4000
SET5019P2603A,20260128,0.05,0.05,0.04,0.04,352000
SET5019P2603B,20260128,0.18,0.19,0.17,0.17,33958900
SET5019P2603C,20260128,0.21,0.22,0.2,0.2,18031000
SET5019P2603D,20260128,0.36,0.41,0.36,0.37,31829400
SET5028P2603A,20260128,0.08,0.09,0.08,0.09,60400
SET5041C2603A,20260128,0.3,0.3,0.26,0.27,4805300
SET5041C2603B,20260128,0.42,0.42,0.36,0.39,7605800
SET5041C2603C,20260128,0.57,0.61,0.57,0.61,5002600
SET5041C2603D,20260128,0.85,0.87,0.8,0.87,270100
SET5041C2603E,20260128,1.08,1.16,1.05,1.16,100400
SET5041C2603F,20260128,1.54,1.54,1.54,1.54,2600
SET5041C2609T,20260128,0.77,0.77,0.77,0.77,7500
SET5041P2603A,20260128,0.05,0.05,0.05,0.05,300000
SET5041P2603E,20260128,0.09,0.09,0.08,0.09,760000
SET5041P2603F,20260128,0.12,0.12,0.11,0.11,9000200
SET5041P2603G,20260128,0.17,0.17,0.17,0.17,400
SET5041P2603H,20260128,0.27,0.29,0.25,0.27,58300
SET5041P2603I,20260128,0.38,0.43,0.38,0.4,9000
SET5041P2609T,20260128,0.65,0.65,0.64,0.64,8800
SIRI13C2605A,20260128,0.24,0.24,0.22,0.23,5050200
SIRI41C2605A,20260128,0.22,0.22,0.2,0.21,4758200
SISB13C2607A,20260128,0.14,0.14,0.14,0.14,8885200
SISB19C2602A,20260128,0.01,0.01,0.01,0.01,200000
SISB41C2611T,20260128,0.11,0.11,0.11,0.11,399800
SISB41C2702T,20260128,0.2,0.2,0.2,0.2,199900
SPALI41C2609T,20260128,0.27,0.3,0.27,0.3,2353400
SPRC01C2602A,20260128,0.13,0.18,0.13,0.17,7534300
SPRC01C2603A,20260128,0.86,1.05,0.86,1.01,1268800
SPRC01C2607A,20260128,0.26,0.3,0.26,0.29,13139200
SPRC01P2604A,20260128,0.1,0.1,0.09,0.09,1531800
SPRC13C2602A,20260128,0.2,0.2,0.2,0.2,50000
SPRC13C2604A,20260128,0.16,0.2,0.15,0.2,16632700
SPRC41C2604A,20260128,0.15,0.19,0.15,0.19,2060000
SPRC41C2606T,20260128,0.18,0.21,0.18,0.21,1101000
SPRC41C2612T,20260128,0.48,0.5,0.48,0.5,50700
SPX28C2603A,20260128,0.22,0.22,0.22,0.22,1000
SPX41C2603A,20260128,0.46,0.49,0.46,0.47,131600
SPX41C2603B,20260128,0.5,0.51,0.5,0.5,1500
SPX41P2603A,20260128,0.22,0.22,0.22,0.22,200
STA01C2607A,20260128,0.25,0.26,0.25,0.26,2256100
STA13C2605A,20260128,0.24,0.26,0.24,0.26,6072400
STA19C2607A,20260128,0.33,0.35,0.33,0.34,4209400
STGT13C2607A,20260128,0.49,0.49,0.46,0.47,1557000
STGT13C2607B,20260128,0.15,0.15,0.15,0.15,600000
STGT41C2606T,20260128,0.16,0.16,0.16,0.16,1000
STGT41C2612T,20260128,0.42,0.42,0.41,0.42,999600
TASCO13C2604A,20260128,0.15,0.15,0.13,0.14,526700
TCAP13C2605A,20260128,0.3,0.3,0.29,0.29,953600
TENCEN41C2601A,20260128,0.02,0.02,0.02,0.02,13000
TENCEN41C2606A,20260128,0.3,0.32,0.3,0.31,72500
TENCEN41P2603A,20260128,0.14,0.14,0.13,0.14,1000
TFG13C2604A,20260128,0.28,0.28,0.27,0.28,6926500
TFG13C2606A,20260128,0.16,0.16,0.15,0.15,1924200
TFG19C2606A,20260128,0.45,0.46,0.45,0.46,1963800
TFG41C2606A,20260128,0.14,0.14,0.14,0.14,100
TFG41C2612T,20260128,0.35,0.35,0.35,0.35,3798100
TIDLOR01C2606A,20260128,0.34,0.34,0.33,0.34,1729500
TIDLOR01C2610T,20260128,0.24,0.24,0.24,0.24,2267200
TIDLOR01P2605A,20260128,0.64,0.64,0.63,0.63,1110200
TIDLOR13C2604A,20260128,0.09,0.09,0.08,0.08,200000
TIDLOR13C2607A,20260128,0.33,0.34,0.33,0.34,3658600
TIDLOR13C2701T,20260128,0.37,0.37,0.37,0.37,1301100
TIDLOR19C2609T,20260128,0.25,0.25,0.25,0.25,637800
TIDLOR19C2612T,20260128,0.52,0.53,0.52,0.53,1189400
TISCO01C2603A,20260128,0.08,0.09,0.08,0.09,1100
TISCO13C2607A,20260128,0.23,0.23,0.23,0.23,1501000
TISCO41C2606T,20260128,0.34,0.34,0.34,0.34,75000
TLI01C2603A,20260128,0.1,0.13,0.1,0.11,4551100
TLI13C2607A,20260128,0.25,0.3,0.25,0.27,4695000
TLI41C2606T,20260128,0.18,0.18,0.17,0.17,700
TOA13C2605A,20260128,0.27,0.28,0.27,0.28,119900
TOP01C2605A,20260128,0.31,0.33,0.31,0.31,2354900
TOP01C2701T,20260128,0.33,0.34,0.33,0.33,9086500
TOP13C2603A,20260128,0.19,0.2,0.18,0.18,16379400
TOP13C2606A,20260128,0.51,0.54,0.51,0.51,12520600
TOP19C2602A,20260128,0.09,0.09,0.08,0.08,7828800
TOP19C2612T,20260128,0.69,0.71,0.69,0.69,13215400
TOP41C2603A,20260128,0.19,0.2,0.19,0.2,5400
TOP41C2606A,20260128,0.48,0.51,0.48,0.51,1344300
TOP41C2609T,20260128,0.94,0.96,0.94,0.96,50400
TOP41C2611T,20260128,0.5,0.52,0.5,0.5,2665300
TRIPDC41C2609A,20260128,0.32,0.33,0.32,0.32,2100
TRUE01C2602A,20260128,0.01,0.01,0.01,0.01,1679200
TRUE01C2606T,20260128,0.07,0.07,0.04,0.04,297100
TRUE01C2607A,20260128,0.31,0.32,0.3,0.32,3154900
TRUE13C2602A,20260128,0.01,0.01,0.01,0.01,6000
TRUE13C2607A,20260128,0.2,0.21,0.19,0.2,22775300
TRUE13C2607B,20260128,0.3,0.3,0.28,0.3,5432600
TRUE19C2604A,20260128,0.09,0.1,0.08,0.09,13123300
TRUE19C2607A,20260128,0.26,0.28,0.25,0.28,1228300
TRUE41C2604T,20260128,0.28,0.29,0.25,0.29,3000800
TRUE41C2607A,20260128,0.18,0.19,0.17,0.19,355100
TRUE41C2607B,20260128,0.27,0.27,0.25,0.27,1000
TRUE41C2612T,20260128,0.18,0.19,0.17,0.19,1172600
TTB01C2605A,20260128,0.06,0.06,0.06,0.06,400
TTB13C2607A,20260128,0.08,0.08,0.08,0.08,22700
TU01P2605A,20260128,0.29,0.29,0.29,0.29,1012000
TU13C2604A,20260128,0.05,0.05,0.05,0.05,226600
TU13C2607A,20260128,0.17,0.18,0.17,0.18,3218700
TU19C2607A,20260128,0.18,0.18,0.18,0.18,2025600
VGI01C2603B,20260128,0.02,0.02,0.02,0.02,100000
VGI01C2606A,20260128,0.09,0.09,0.09,0.09,50000
VGI13C2602A,20260128,0.01,0.01,0.01,0.01,943600
VGI13C2605A,20260128,0.06,0.06,0.06,0.06,666800
VGI13C2607A,20260128,0.16,0.16,0.15,0.16,11250800
VGI19C2607A,20260128,0.23,0.24,0.23,0.23,1571700
VGI41C2607A,20260128,0.15,0.15,0.14,0.15,4568800
VGI41C2612T,20260128,0.02,0.02,0.02,0.02,5000
VGI41C2703T,20260128,0.32,0.32,0.32,0.32,799600
WHA01C2610T,20260128,0.41,0.42,0.4,0.41,4163700
WHA13C2605A,20260128,0.31,0.32,0.3,0.31,4551600
WHA13C2701T,20260128,0.34,0.34,0.34,0.34,3787800
WHA41C2608T,20260128,0.1,0.1,0.1,0.1,1000
WHA41C2612T,20260128,0.21,0.21,0.21,0.21,5000
WUXI41C2601A,20260128,0.29,0.29,0.29,0.29,100
WUXI41C2603A,20260128,0.11,0.11,0.11,0.11,100
XIAOMI28C2606A,20260128,0.19,0.2,0.19,0.2,560500
XIAOMI28P2604A,20260128,0.96,0.96,0.96,0.96,100000
XIAOMI41C2603A,20260128,0.03,0.03,0.03,0.03,30000
XIAOMI41C2609T,20260128,0.6,0.61,0.59,0.61,1900
ZIJIN41C2603A,20260128,0.76,0.8,0.76,0.78,800
ZIJIN41C2606A,20260128,0.53,0.57,0.52,0.55,236900
AAPL01,20260128,23.8,24,23.5,23.7,7989
AAPL03,20260128,2.68,2.72,2.68,2.68,43024
AAPL19,20260128,5.4,5.4,5.3,5.3,2300
AAPL80,20260128,8,8.15,8,8.1,980473
ABBV19,20260128,6.85,7.05,6.75,6.8,107534
ADBE03,20260128,2.1,2.12,2.02,2.04,108067
ADBE06,20260128,2.38,2.38,2.28,2.3,204199
ADVANT19,20260128,5.05,5.45,5.05,5.45,339625
ADVANT23,20260128,3.48,3.7,3.42,3.7,1308033
AIA06,20260128,3.46,3.56,3.46,3.56,44510
AIA19,20260128,3.5,3.54,3.5,3.5,6501
AIA23,20260128,2.68,2.74,2.68,2.7,75188
AMD80,20260128,1.59,1.59,1.55,1.59,20934917
AMZN01,20260128,21.9,22.4,21.8,22.4,96877
AMZN06,20260128,1.87,1.91,1.86,1.9,321751
AMZN80,20260128,1.87,1.91,1.86,1.91,9948971
ANTA13,20260128,1.87,1.88,1.87,1.88,2306
ANTA23,20260128,1.91,1.93,1.9,1.9,183811
ASEMI24,20260128,2.34,2.38,2.3,2.38,132784
ASML01,20260128,37,41,36.75,39.5,467732
AVGO80,20260128,2.06,2.12,2.06,2.12,4535038
BABA01,20260128,15.4,15.7,15.4,15.6,123227
BABA06,20260128,6.75,6.9,6.75,6.85,14825
BABA13,20260128,2.78,2.82,2.76,2.82,61887
BABA23,20260128,4.56,4.62,4.54,4.6,246370
BABA80,20260128,6.8,6.95,6.75,6.95,15814650
BAC03,20260128,3.26,3.26,3.22,3.26,12654
BDX06,20260128,2.1,2.16,2.1,2.14,2875
BIDU01,20260128,14.1,14.2,14,14.2,165740
BIDU06,20260128,6.2,6.3,6.15,6.3,8728
BIDU23,20260128,2.96,3.02,2.94,2.98,508438
BIDU80,20260128,6.2,6.25,6.15,6.2,7597133
BILIBILI01,20260128,5.25,5.4,5.25,5.35,2293939
BKNG03,20260128,2.66,2.68,2.64,2.66,171
BKNG80,20260128,3.18,3.22,3.16,3.18,55179
BONDAS19,20260128,6.25,6.25,6.2,6.25,11414
BRKB80,20260128,1.51,1.53,1.47,1.49,9877256
BYDCOM01,20260128,0.89,0.95,0.89,0.95,618896
BYDCOM80,20260128,0.39,0.41,0.38,0.41,7989788
CATL01,20260128,4.2,4.3,4.18,4.28,5403541
CATL23,20260128,7.4,7.6,7.4,7.55,226010
CATL80,20260128,18.3,18.9,18.3,18.8,184102
CHHONGQ19,20260128,15.6,16.1,15.6,16.1,223209
CHMOBILE19,20260128,3.18,3.24,3.18,3.22,258086
CHNXT5023,20260128,6.75,6.9,6.7,6.7,143381
CMBANK23,20260128,2.12,2.12,2.1,2.12,16133
CN01,20260128,21.9,22,21.8,22,19821
CN23,20260128,5.6,5.6,5.5,5.5,2131
CNBIO24,20260128,1.47,1.48,1.45,1.48,24230
CNEV24,20260128,2.16,2.2,2.14,2.2,11125
CNROBOAI23,20260128,2.66,2.74,2.66,2.74,52754
CNSEMI23,20260128,2.8,2.86,2.78,2.86,17026
CNSTAR5023,20260128,7.45,7.45,7.3,7.3,438
CNTECH01,20260128,29.25,29.75,29,29.5,53007
COSTCO19,20260128,30.25,30.25,29.75,30.25,13614
CRM01,20260128,4.06,4.08,3.92,3.94,178279
CRWD06,20260128,2.94,3.02,2.94,2.96,207205
CRWD80,20260128,14.7,15.2,14.7,15,1085355
CSCO06,20260128,3.02,3.06,3.02,3.06,638205
DBS19,20260128,14.6,14.7,14.5,14.7,38804
DDOG19,20260128,4.34,4.38,4.26,4.32,59728
DELL19,20260128,3.64,3.66,3.58,3.6,280186
DISNEY19,20260128,17.3,17.3,17.1,17.3,8252
E1VFVN3001,20260128,42.5,42.5,42,42.25,141820
ESTEE80,20260128,1.2,1.23,1.2,1.21,2760356
FERRARI80,20260128,1.05,1.06,1.03,1.05,227657
FPTVN11,20260128,2.46,2.52,2.46,2.52,64617
FPTVN19,20260128,12.6,12.8,12.5,12.6,427570
FUEVFVND01,20260128,46.75,47,46.5,46.5,40384
GASVN11,20260128,5.7,5.85,5.55,5.7,171195
GEELY06,20260128,2.62,2.68,2.62,2.68,273
GEELY80,20260128,6.5,6.6,6.5,6.55,67357
GOLD03,20260128,3.76,3.82,3.72,3.76,1256136
GOLD19,20260128,15,15.3,14.9,15.2,1153801
GOLDUS19,20260128,48.5,50.5,48,50.25,260669
GOOG80,20260128,5.25,5.3,5.15,5.2,6869813
GOOGL01,20260128,30.75,31,30.25,30.75,1104599
GOOGL03,20260128,5.25,5.25,5.2,5.25,235016
GRAB80,20260128,14.2,14.8,14.2,14.7,64912
GSUS06,20260128,4.16,4.16,4.1,4.12,1483
HAIERS19,20260128,10.1,10.3,10,10.2,119959
HANSOH19,20260128,6.2,6.25,6.15,6.25,1175
HERMES80,20260128,7.9,7.95,7.75,7.75,23888
HK01,20260128,21.9,22.4,21.9,22.4,128134
HK13,20260128,5.6,5.65,5.6,5.65,20353
HKCE01,20260128,25.75,25.75,25.5,25.75,7250
HKEX23,20260128,2.22,2.28,2.22,2.26,201822
HKTECH13,20260128,4.54,4.66,4.54,4.66,1582827
HONDA19,20260128,3.1,3.1,3.04,3.06,57883
HOOD06,20260128,3.34,3.38,3.24,3.28,64119
HORIZON23,20260128,2.2,2.24,2.18,2.22,318999
HPG19,20260128,3.24,3.26,3.22,3.22,33752
HSHD23,20260128,6.45,6.5,6.45,6.5,382246
HUAHONG23,20260128,6.7,7,6.65,6.95,2494862
ICBC06,20260128,2.6,2.62,2.6,2.62,3882
ICBC19,20260128,2.58,2.64,2.58,2.62,355457
INDIA01,20260128,13.5,13.6,13.4,13.6,266649
INDIAESG19,20260128,4.2,4.2,4.16,4.2,800419
ISRG01,20260128,3.68,3.7,3.6,3.64,214919
ISRG19,20260128,4.08,4.08,4.08,4.08,51
ITOCHU19,20260128,6.65,6.65,6.6,6.65,25485
JAP03,20260128,3.3,3.3,3.24,3.24,851
JAPAN10001,20260128,25.75,26.25,25.25,26.25,21066
JAPAN13,20260128,4.54,4.54,4.42,4.44,44191
JD80,20260128,4.54,4.62,4.52,4.6,695008
JDHEAL19,20260128,5.2,5.25,5.15,5.2,122711
JNJ03,20260128,3.44,3.52,3.42,3.48,149018
JPMUS06,20260128,3.14,3.14,3.08,3.1,140757
JPMUS19,20260128,18.7,18.8,18.6,18.7,6472
KEYENCE23,20260128,2.14,2.2,2.1,2.2,26973
KINGSOFT23,20260128,2.06,2.1,2.06,2.06,77744
KO80,20260128,2.26,2.28,2.24,2.26,91380
KUAISH01,20260128,4,4.1,4,4.1,2583888
KUAISH06,20260128,3.2,3.28,3.2,3.24,60142
KUAISH23,20260128,2.3,2.34,2.28,2.32,8103059
KUAISH80,20260128,3.2,3.28,3.2,3.28,14755626
LENOVO13,20260128,1.87,1.87,1.87,1.87,2111
LLY80,20260128,1.66,1.67,1.6,1.6,6080609
LOREAL80,20260128,1.42,1.43,1.41,1.41,4034
LPGOLD13,20260128,3.36,3.36,3.28,3.32,167252
LULU06,20260128,3.02,3.02,2.86,2.92,530131
LVMH01,20260128,13.5,13.6,12.5,12.8,268333
MA80,20260128,1.65,1.66,1.62,1.63,1702865
MEITUAN19,20260128,1.28,1.31,1.28,1.3,51467
MEITUAN80,20260128,3.86,3.92,3.84,3.92,797474
MELI06,20260128,2.76,2.86,2.76,2.84,1961281
META01,20260128,6.2,6.2,6.1,6.15,214419
META06,20260128,2.6,2.62,2.58,2.62,129779
META80,20260128,2.64,2.64,2.58,2.62,3847946
MICRON01,20260128,7.9,8.45,7.8,8.35,6577880
MICRON19,20260128,8.4,9,8.35,8.85,234834
MITSU19,20260128,9,9.05,8.95,9,79319
MNSO80,20260128,14.6,14.9,14.6,14.9,2730
MNST06,20260128,3.6,3.64,3.54,3.64,837
MS06,20260128,3.82,3.82,3.76,3.8,13779
MSFT01,20260128,4.36,4.42,4.32,4.42,1842909
MSFT06,20260128,3.7,3.78,3.68,3.76,226363
MSFT19,20260128,4.92,5,4.92,5,80436
MSFT80,20260128,7.4,7.55,7.35,7.5,3486738
MSN11,20260128,3.72,3.8,3.68,3.8,180927
MSN19,20260128,3.16,3.22,3.16,3.22,12301
MUFG19,20260128,5.55,5.6,5.5,5.55,23087
MWG11,20260128,4.08,4.1,4.06,4.1,108
MWG19,20260128,10.4,10.4,10.2,10.4,141698
NDAQ06,20260128,3.1,3.1,3.06,3.08,36489
NDX01,20260128,20.9,21.3,20.9,21.3,329362
NETEASE80,20260128,8.3,8.45,8.3,8.45,176603
NFLX06,20260128,2.66,2.68,2.6,2.66,89734
NFLX80,20260128,2.66,2.68,2.6,2.64,2794242
NIKE80,20260128,1.01,1.02,0.98,0.98,1997159
NIKKEI80,20260128,11.1,11.3,11.1,11.2,37272
NINTENDO19,20260128,20.6,20.7,20.4,20.7,29629
NINTENDO23,20260128,1.84,1.87,1.83,1.87,46448
NONGFU80,20260128,1.97,2,1.97,1.98,485201
NOVOB80,20260128,1.98,1.99,1.92,1.93,7012992
NOW19,20260128,4.26,4.26,4.08,4.12,53953
NVDA01,20260128,17.2,17.5,17,17.5,482380
NVDA03,20260128,3.88,3.98,3.86,3.96,189602
NVDA06,20260128,3.9,3.96,3.86,3.96,462181
NVDA19,20260128,23.3,23.9,23.3,23.9,18529
NVDA80,20260128,29.25,30,29,29.75,991248
OIL03,20260128,1.98,2.02,1.98,2,1689327
ONON03,20260128,2.9,2.9,2.82,2.82,880126
ORCL01,20260128,3.6,3.6,3.38,3.44,921602
ORCL06,20260128,2.28,2.3,2.16,2.18,1411995
ORCL19,20260128,5.7,5.75,5.4,5.55,528061
PANW80,20260128,5.8,5.85,5.65,5.7,1253649
PEP80,20260128,0.91,0.93,0.91,0.92,3517735
PETROCN80,20260128,3.64,3.76,3.64,3.7,968231
PFIZER19,20260128,16.1,16.6,16.1,16.4,500377
PINGAN01,20260128,6.4,6.45,6.4,6.45,19026
PINGAN80,20260128,2.82,2.84,2.8,2.8,1095246
PLTR01,20260128,4.76,4.78,4.66,4.68,347463
PLTR03,20260128,3.48,3.5,3.42,3.44,205068
PLTR06,20260128,3.48,3.5,3.42,3.44,1500311
POPMART23,20260128,2.1,2.26,2.1,2.24,149422
POPMART80,20260128,8.8,9.35,8.75,9.25,2265449
QQQM19,20260128,16.2,16.4,16.1,16.4,249678
RBLX06,20260128,1.94,1.94,1.87,1.87,2122124
SANOFI80,20260128,2.96,2.98,2.92,2.94,160711
SANRIO23,20260128,1.43,1.44,1.42,1.43,39111
SBUX80,20260128,1.49,1.49,1.45,1.48,411105
SEMB19,20260128,4.86,4.9,4.84,4.9,11800
SENSE23,20260128,2.5,2.58,2.5,2.58,635365
SGX19,20260128,4.32,4.36,4.3,4.34,1108
SIA19,20260128,15.4,15.7,15.4,15.7,5481
SINGTEL80,20260128,11.2,11.3,11.2,11.2,21178
SINOBIO19,20260128,5.35,5.45,5.35,5.45,144
SMFG19,20260128,10.9,11,10.8,10.8,16541
SMIC01,20260128,4.42,4.52,4.42,4.52,105759
SMIC13,20260128,2.14,2.18,2.14,2.18,27105
SMIC23,20260128,3.66,3.74,3.64,3.74,5850383
SNOW06,20260128,3.32,3.34,3.26,3.3,80525
SOFTBANK23,20260128,1.6,1.64,1.6,1.63,2732963
SONY80,20260128,3.48,3.48,3.44,3.46,102322
SP50001,20260128,21.7,22,21.7,21.9,78383
SP500US19,20260128,12.7,12.8,12.7,12.7,17130
SP500US80,20260128,2.56,2.56,2.52,2.56,190129
SPBOND80,20260128,8.1,8.1,8,8.1,15675
SPCOM80,20260128,3.68,3.68,3.62,3.66,16783
SPENGY80,20260128,3.06,3.12,3.06,3.1,139164
SPFIN80,20260128,16.7,16.7,16.4,16.5,2973
SPHLTH80,20260128,4.88,4.88,4.82,4.84,35110
SPOT06,20260128,2,2.02,1.99,1.99,8949
SPTECH80,20260128,9.1,9.35,9.1,9.35,39914
STAR5001,20260128,42.25,42.5,42,42.5,95326
STEG19,20260128,23.4,23.4,23.1,23.3,19170
SUNNY19,20260128,2.52,2.54,2.52,2.52,217059
SUSHI23,20260128,2.74,2.76,2.7,2.7,126311
TAIWAN19,20260128,30,30.75,30,30.75,48520
TAIWANAI13,20260128,13.3,13.5,13.3,13.4,11953
TAIWANHD13,20260128,24.9,24.9,24.6,24.6,5854
TEL23,20260128,3.16,3.32,3.16,3.32,701552
TENCENT01,20260128,5.6,5.65,5.55,5.65,508695
TENCENT06,20260128,2.44,2.52,2.44,2.52,42584
TENCENT13,20260128,4.94,5.1,4.94,4.94,1686
TENCENT19,20260128,12.3,12.4,12.3,12.4,10125
TENCENT80,20260128,24.5,24.8,24.5,24.8,967805
THAIBEV19,20260128,11.6,11.7,11.6,11.6,17029
TME23,20260128,1.68,1.75,1.68,1.75,29401
TOYOTA80,20260128,6.85,6.85,6.75,6.85,381243
TRIPCOM23,20260128,1.94,1.97,1.94,1.97,79054
TRIPCOM80,20260128,1.95,1.98,1.95,1.97,6075241
TSLA01,20260128,39.75,40.25,39.25,39.5,47779
TSLA03,20260128,4.54,4.56,4.46,4.48,202860
TSLA80,20260128,2.72,2.74,2.66,2.66,6956263
UBER06,20260128,2.56,2.56,2.5,2.52,115727
UBTECH23,20260128,2.24,2.32,2.22,2.32,2021497
UNH19,20260128,4.74,4.74,4.36,4.44,6172587
UNIQLO80,20260128,11.8,11.9,11.7,11.8,59094
UOB19,20260128,9.45,9.5,9.4,9.5,7636
USTR24,20260128,1.14,1.14,1.12,1.13,42487
VCB11,20260128,3.4,3.46,3.34,3.34,11171
VCB19,20260128,8.65,8.8,8.5,8.55,79474
VENTURE19,20260128,4.04,4.06,4.02,4.04,31347
VHM19,20260128,13.1,13.1,12.4,12.7,59013
VISA06,20260128,1.28,1.29,1.25,1.28,638841
VISA80,20260128,1.27,1.28,1.26,1.27,1316160
VNFIN24,20260128,1.87,1.87,1.86,1.86,2262
VNM19,20260128,8.25,8.4,8.2,8.3,14680
WORLD03,20260128,3.8,3.84,3.8,3.84,22018
WUXI06,20260128,3.76,3.82,3.72,3.82,64029
WUXI13,20260128,2.28,2.28,2.18,2.28,11300
WUXIAT80,20260128,4.44,4.54,4.42,4.52,574488
XIAOMI01,20260128,3.24,3.28,3.24,3.28,552047
XIAOMI13,20260128,3.08,3.08,3.04,3.08,5921
XIAOMI19,20260128,7.2,7.3,7.2,7.3,144307
XIAOMI23,20260128,1.73,1.76,1.73,1.73,761588
XIAOMI80,20260128,14.3,14.5,14.3,14.5,1239998
ZIJIN13,20260128,3.08,3.14,3.08,3.14,99527
ZIJIN80,20260128,17.5,17.9,17.4,17.9,398044
ACC-W2-O,20260128,0.09,0.09,0.09,0.09,66
ASW-W3-O,20260128,0.3,0.32,0.3,0.32,86
BC-W4-O,20260128,0.05,0.05,0.05,0.05,40
BE8-W1-O,20260128,0.69,0.69,0.6,0.6,54
BTC-W7-O,20260128,0.02,0.02,0.02,0.02,34
BTS-W8-O,20260128,0.01,0.01,0.01,0.01,86
BWG-W7-O,20260128,0.03,0.03,0.01,0.01,171
CEN-W5-O,20260128,0.01,0.01,0.01,0.01,134
CHAYO-W4-O,20260128,0.3,0.3,0.22,0.22,259
DEMCO-W8-O,20260128,0.42,0.53,0.41,0.43,380
EA-W1-O,20260128,0.52,0.65,0.52,0.6,340
ECF-W6-O,20260128,0.01,0.01,0.01,0.01,15
EMPIRE-W1-O,20260128,0.01,0.01,0.01,0.01,140
EMPIRE-W2-O,20260128,0.1,0.1,0.1,0.1,2
HYDRO-W2-O,20260128,0.11,0.11,0.11,0.11,5
IMH-W1-O,20260128,0.09,0.09,0.09,0.09,2
IROYAL-W1-O,20260128,1.38,1.38,1.38,1.38,50
IROYAL-W2-O,20260128,0.97,1.02,0.97,1.02,31
ITEL-W5-O,20260128,0.08,0.08,0.08,0.08,130
ITEL-W6-O,20260128,0.15,0.15,0.14,0.14,134
JAS-W4-O,20260128,0.28,0.28,0.24,0.26,150
KASET-W1-O,20260128,0.16,0.17,0.06,0.06,278
KGEN-W2-O,20260128,0.14,0.16,0.14,0.15,96
KKP-W6-O,20260128,0.59,0.59,0.35,0.41,2755
NER-W2-O,20260128,0.08,0.08,0.07,0.07,155
NOBLE-W3-O,20260128,0.19,0.19,0.18,0.19,199
ORI-W2-O,20260128,0.29,0.29,0.28,0.28,350
PEER-W2-O,20260128,0.01,0.01,0.01,0.01,116
PROEN-W2-O,20260128,0.32,0.32,0.28,0.28,60
PSTC-W3-O,20260128,0.03,0.03,0.03,0.03,51
SAMTEL-W2-O,20260128,0.42,0.58,0.42,0.58,100
TNITY-W2-O,20260128,0.01,0.22,0.01,0.19,319
TVDH-W5-O,20260128,0.01,0.01,0.01,0.01,222
VIBHA-W5-O,20260128,0.05,0.05,0.05,0.05,521
XBIO-W7-O,20260128,0.01,0.01,0.01,0.01,4
ZIGA-W2-O,20260128,0.08,0.09,0.06,0.08,434
A5-W4,20260128,0.01,0.01,0.01,0.01,200
A5-W5,20260128,0.08,0.1,0.08,0.1,10600
ACC-W2,20260128,0.1,0.11,0.09,0.1,968600
ASW-W3,20260128,0.34,0.34,0.31,0.34,165100
B-W8,20260128,0.01,0.01,0.01,0.01,500
BC-W3,20260128,0.01,0.01,0.01,0.01,1000
BC-W4,20260128,0.06,0.06,0.05,0.06,471100
BE8-W1,20260128,0.65,0.71,0.64,0.65,103000
BIOTEC-W2,20260128,0.01,0.01,0.01,0.01,100
BR-W1,20260128,0.02,0.02,0.02,0.02,1300
BRI-W1,20260128,0.7,0.7,0.7,0.7,100
BTC-W7,20260128,0.03,0.03,0.02,0.02,151800
BTS-W8,20260128,0.01,0.01,0.01,0.01,3400
BWG-W7,20260128,0.04,0.05,0.04,0.04,118400
CAZ-W1,20260128,0.7,0.72,0.69,0.7,7700
CEN-W5,20260128,0.02,0.02,0.01,0.01,160500
CGH-W5,20260128,0.05,0.12,0.03,0.12,2200
CHASE-W1,20260128,0.19,0.22,0.19,0.22,275200
CHAYO-W4,20260128,0.31,0.32,0.29,0.29,1228100
CHO-W4,20260128,0.01,0.01,0.01,0.01,100
CIG-W9,20260128,0.02,0.02,0.02,0.02,600
COMAN-W1,20260128,0.06,0.06,0.05,0.05,218300
DCON-W4,20260128,0.02,0.02,0.02,0.02,1800
DEMCO-W8,20260128,0.57,0.6,0.53,0.54,875600
EA-W1,20260128,0.66,0.66,0.64,0.65,4585400
ECF-W6,20260128,0.03,0.03,0.03,0.03,10000
EMC-W7,20260128,0.01,0.02,0.01,0.02,2300
EMPIRE-W1,20260128,0.11,0.12,0.11,0.12,2326400
EMPIRE-W2,20260128,0.13,0.14,0.12,0.12,491800
GLORY-W1,20260128,0.14,0.16,0.14,0.15,473200
HYDRO-W2,20260128,0.1,0.11,0.09,0.1,117100
IMH-W1,20260128,0.08,0.09,0.08,0.09,108300
IROYAL-W1,20260128,1.37,1.44,1.36,1.38,1084300
IROYAL-W2,20260128,1.01,1.09,0.95,1.03,2485300
ITEL-W5,20260128,0.1,0.11,0.09,0.1,912400
ITEL-W6,20260128,0.17,0.17,0.15,0.15,765200
J-W3,20260128,0.06,0.06,0.06,0.06,100000
JAS-W4,20260128,0.27,0.29,0.27,0.27,7156900
K-W3,20260128,0.05,0.06,0.05,0.06,2500
KASET-W1,20260128,0.16,0.17,0.15,0.15,10222100
KGEN-W2,20260128,0.15,0.16,0.13,0.15,31900
KKP-W6,20260128,0.64,0.65,0.37,0.42,11282000
KUN-W3,20260128,0.06,0.06,0.05,0.06,300
MADAME-W6,20260128,0.13,0.14,0.12,0.13,465300
MGI-W1,20260128,0.75,0.76,0.71,0.71,900400
NER-W2,20260128,0.09,0.1,0.08,0.08,2792300
NOBLE-W3,20260128,0.21,0.21,0.19,0.19,2932400
NRF-W2,20260128,0.08,0.09,0.08,0.08,235000
ORI-W2,20260128,0.29,0.3,0.28,0.29,366800
PEER-W2,20260128,0.01,0.02,0.01,0.01,1918900
PPPM-W6,20260128,0.12,0.12,0.12,0.12,600
PRG-W5,20260128,4.1,4.1,4.1,4.1,100
PROEN-W2,20260128,0.31,0.32,0.3,0.3,231700
PROS-W1,20260128,0.01,0.02,0.01,0.01,3908200
PROUD-W3,20260128,0.1,0.1,0.09,0.1,407500
PSTC-W3,20260128,0.04,0.04,0.03,0.04,8300
ROCTEC-W5,20260128,0.01,0.01,0.01,0.01,78100
SAMTEL-W2,20260128,0.53,0.61,0.52,0.57,84700
SGC-W2,20260128,0.33,0.33,0.32,0.33,217800
STELLA-W6,20260128,0.04,0.05,0.04,0.04,394800
TAKUNI-W2,20260128,0.27,0.27,0.27,0.27,100
TCC-W5,20260128,0.16,0.17,0.16,0.16,240200
TEAMG-W1,20260128,0.13,0.13,0.12,0.12,381200
TFG-W4,20260128,0.86,0.87,0.8,0.85,1122800
TGE-W2,20260128,0.07,0.07,0.07,0.07,256000
TNITY-W2,20260128,0.19,0.26,0.19,0.21,310000
TPL-W1,20260128,0.2,0.2,0.2,0.2,500
TRUBB-W3,20260128,0.33,0.34,0.33,0.33,691700
TVDH-W5,20260128,0.01,0.02,0.01,0.02,79200
TVDH-W6,20260128,0.03,0.03,0.02,0.02,353400
UREKA-W3,20260128,0.21,0.21,0.18,0.18,27600
VGI-W3,20260128,0.02,0.02,0.02,0.02,100000
VIBHA-W5,20260128,0.06,0.06,0.05,0.06,489400
VIH-W1,20260128,0.75,0.8,0.68,0.68,132700
WAVE-W4,20260128,0.01,0.01,0.01,0.01,200
WIIK-W3,20260128,0.01,0.01,0.01,0.01,100
XBIO-W6,20260128,0.03,0.03,0.03,0.03,240000
XBIO-W7,20260128,0.02,0.02,0.01,0.02,300
ZIGA-W2,20260128,0.07,0.09,0.06,0.08,20788700
!AGRO,20260128,305.74,305.74,303.23,304.28,13646240000
!CONSUMP,20260128,43.32,43.37,42.98,43.09,1131330000
!FINCIAL,20260128,149.92,150.15,148.52,149.18,52991120000
!INDUS,20260128,55.99,56.87,55.51,56.6,16948860000
!PROPCON,20260128,71.61,71.73,71.29,71.73,52774480000
!RESOURC,20260128,149.74,151.48,149.26,151.35,52593280000
!SERVICE,20260128,281.86,282.92,280.44,281.77,54428530000
!TECH,20260128,491.67,495.49,483.32,487.14,42747900000
$AGRI,20260128,184.8,185.67,183.91,184.78,1877180000
$AUTO,20260128,298.14,298.63,295.9,295.9,1582830000
$BANK,20260128,471.54,472.32,465.95,468.2,40798100000
$COMM,20260128,19688.1,19771.9,19510.9,19642.6,16630790000
$CONMAT,20260128,5502.85,5524.23,5460.34,5524.23,2641990000
$CONS,20260128,31,31.42,30.92,31.35,6754270000
$ENERG,20260128,17079.6,17277.8,17024.5,17262.7,52593280000
$ETRON,20260128,23853.9,24081.8,23310.5,23421.3,8873950000
$FASHION,20260128,484.25,484.52,477.55,478.86,322820000
$FIN,20260128,2015.02,2017.21,1996.36,2007.12,8296190000
$FOOD,20260128,8566.4,8566.4,8491.27,8521.34,11769060000
$HELTH,20260128,4403.32,4411.99,4338.24,4374.71,6614480000
$HOME,20260128,15.72,15.76,15.59,15.69,376540000
$ICT,20260128,210.06,211.23,208.38,211.11,33873950000
$IMM,20260128,18.2,18.22,18.1,18.13,372250000
$INSUR,20260128,9101.37,9333.06,9075.49,9211.45,3896830000
$MEDIA,20260128,14.49,14.54,14.31,14.44,7805550000
$PAPER,20260128,2123.91,2137.98,2123.91,2137.98,6620000
$PERSON,20260128,72.62,72.75,72.21,72.45,431970000
$PETRO,20260128,527.95,549.54,524.48,545.04,9987920000
$PF&REIT,20260128,131.62,131.99,130.75,131.91,2353360000
$PKG,20260128,2287.04,2287.31,2204.09,2251.52,4319520000
$PROF,20260128,128.09,130.59,128.09,128.79,1828290000
$PROP,20260128,156.4,156.61,155.46,156.29,41024860000
$STEEL,20260128,18.1,18.24,17.95,18.09,679720000
$TOURISM,20260128,435.47,439.32,433.95,436.95,5765100000
$TRANS,20260128,212.16,214.03,211.49,213.03,15784320000
MAI,20260128,210.61,211.33,209.83,209.92,344660685
SET,20260128,1340.44,1344.87,1331.7,1338.9,6793932828
SET100,20260128,1905.36,1911.59,1894.64,1907.22,2337255100
SET50,20260128,892.72,895.7,887.28,893.6,1616049400
SETHD,20260128,1236.37,1239.68,1231.94,1238.37,989034700
3BBIF-F,20260128,7.35,7.35,7.35,7.35,2600
ADVANC-F,20260128,349,349,349,349,3000
BDMS-F,20260128,20,20,19.9,19.9,42000
CPN-F,20260128,54,54,54,54,100
INETREIT-F,20260128,11.8,11.8,11.8,11.8,5500
KBANK-F,20260128,191,191,190,190,8300
KTB-F,20260128,28.75,29,28.75,28.75,76900
KTC-F,20260128,28,28,28,28,1700
MRDIYT-F,20260128,8.7,8.7,8.7,8.7,16600
PRI-F,20260128,1.71,4.2,1.71,4.2,1600
PTT-F,20260128,34.5,34.75,34.5,34.75,93700
SCB-F,20260128,137,137,136.5,137,6400
!AGRO-M,20260128,55.24,55.5,55.08,55.09,1007690000
!CONSUMP-M,20260128,12.09,12.2,12.02,12.15,1946530000
!FINCIAL-M,20260128,30.95,31.25,30.65,30.77,2233270000
!INDUS-M,20260128,38.31,38.51,38.06,38.3,2967550000
!PROPCON-M,20260128,14.04,14.15,13.92,14,7956020000
!RESOURC-M,20260128,16.57,17.13,16.32,16.62,1341480000
!SERVICE-M,20260128,42.2,42.27,41.96,41.96,10043820000
!TECH-M,20260128,19.84,19.91,19.62,19.69,2316250000
SET100FF,20260128,1834.81,1840.1,1823.23,1833.87,233725510000
SET50FF,20260128,860.93,863.49,854.89,860.13,161604940000
SETCLMV,20260128,646.47,647.39,642.43,647.28,113951180000
SETESG,20260128,829.85,831.99,827,831.82,187382200000
SETWB,20260128,586.07,587.42,582.21,584.94,30084330000
SSET,20260128,565,565.9,563.44,564.33,13223380000
