<TICKER>,<DTYYYYMMDD>,<OPEN>,<HIGH>,<LOW>,<CLOSE>,<VOL>
AAPL01,20260527,30,30,29.5,29.5,17791
AAPL03,20260527,3.4,3.4,3.34,3.38,108102
AAPL19,20260527,6.8,6.8,6.7,6.75,51073
AAPL80,20260527,10.2,10.2,10,10,252664
ABBV19,20260527,7.05,7.05,6.9,7,134842
ABNB06,20260527,4.36,4.4,4.32,4.32,2318
ADBE03,20260527,1.78,1.78,1.74,1.76,486428
ADBE06,20260527,2,2,1.95,1.96,3240125
ADVANT19,20260527,5.7,5.75,5.45,5.65,1440846
ADVANT23,20260527,3.86,3.88,3.76,3.88,1839837
AFRM03,20260527,2.72,2.88,2.7,2.88,166307
AIA06,20260527,3.5,3.56,3.5,3.54,833
AIA19,20260527,3.52,3.54,3.52,3.54,16630
AIA23,20260527,2.72,2.76,2.7,2.72,9798
AMD03,20260527,7.95,8.4,7.95,8.35,144551
AMD23,20260527,6.55,6.95,6.55,6.95,382459
AMD80,20260527,3.14,3.36,3.14,3.34,41991029
AMGN06,20260527,2.78,2.78,2.76,2.76,2558
AMZN01,20260527,25.75,26,25.25,25.5,24061
AMZN03,20260527,4.38,4.38,4.3,4.36,397541
AMZN06,20260527,2.18,2.18,2.14,2.18,104508
AMZN23,20260527,2.92,2.92,2.86,2.9,34758
AMZN80,20260527,2.2,2.2,2.14,2.16,2313347
ANET23,20260527,2.9,2.92,2.8,2.9,1368304
ANTA13,20260527,1.92,1.92,1.86,1.87,5562
ANTA23,20260527,1.95,1.98,1.94,1.98,37026
APLD03,20260527,5.25,5.35,4.88,4.98,845982
APPL03,20260527,2.74,2.94,2.72,2.84,2105880
ASEMI24,20260527,3.96,4.04,3.88,3.98,2505108
ASICS23,20260527,2.82,2.82,2.82,2.82,50
ASML01,20260527,44.75,44.75,44,44.75,174067
ASTS03,20260527,3.72,4.22,3.66,4.22,14181490
AVGO23,20260527,3.12,3.22,3.12,3.14,274156
AVGO80,20260527,2.74,2.86,2.72,2.78,19076725
AXP06,20260527,2.56,2.64,2.54,2.56,696303
BABA01,20260527,11.9,11.9,11.7,11.8,119379
BABA06,20260527,5.25,5.25,5.2,5.25,15943
BABA13,20260527,2.22,2.22,2.18,2.2,82573
BABA23,20260527,3.48,3.48,3.4,3.42,5756501
BABA80,20260527,5.25,5.25,5.15,5.15,11039397
BAC03,20260527,3.44,3.44,3.42,3.42,67653
BDX06,20260527,1.6,1.63,1.6,1.61,92017
BIDU01,20260527,12.3,12.3,12.1,12.2,84745
BIDU06,20260527,5.35,5.4,5.3,5.3,40180
BIDU23,20260527,2.56,2.58,2.52,2.52,84669
BIDU80,20260527,5.4,5.4,5.25,5.3,3964362
BILIBILI01,20260527,2.7,2.76,2.66,2.7,213078
BIREN23,20260527,9.05,9.2,8.65,8.8,1030454
BKNG03,20260527,2.22,2.26,2.22,2.22,7057
BKNG80,20260527,2.64,2.72,2.64,2.68,472818
BLK06,20260527,3.52,3.52,3.48,3.48,24040
BONDAS19,20260527,6.5,6.5,6.4,6.45,4394
BRKB80,20260527,1.58,1.59,1.58,1.58,1811639
BYDCOM01,20260527,0.87,0.87,0.85,0.87,973252
BYDCOM80,20260527,0.39,0.39,0.37,0.38,15112735
CAMBRI80,20260527,6.6,6.7,6.3,6.35,1228907
CATL01,20260527,6.55,6.7,6.45,6.7,9523079
CATL23,20260527,11.5,11.7,11.5,11.7,280262
CATL80,20260527,28.75,29.25,28.75,29.25,322365
CCJ23,20260527,2.2,2.22,2.16,2.2,1100556
CEG23,20260527,2.44,2.54,2.42,2.46,2778675
CHHONGQ19,20260527,12.7,12.8,12.7,12.8,52000
CHMOBILE19,20260527,3.56,3.58,3.52,3.54,417815
CHMOBILE23,20260527,2.76,2.78,2.62,2.68,622431
CHNXT5023,20260527,9.25,9.35,9.1,9.3,58529
CMBANK23,20260527,2.12,2.16,2.1,2.16,29752
CME03,20260527,3.16,3.16,3.08,3.1,50882
CN01,20260527,24.6,24.6,24.2,24.3,25471
CN23,20260527,6.25,6.25,6.2,6.2,1088
CNBIO24,20260527,1.35,1.36,1.35,1.36,49382
CNEV24,20260527,2.44,2.46,2.42,2.42,259558
CNROBOAI23,20260527,2.9,2.9,2.78,2.86,114819
CNSEMI23,20260527,4.18,4.18,4,4.06,375169
CNSTAR5023,20260527,9.5,9.55,9.05,9.05,223324
CNTECH01,20260527,26.25,26.25,25.75,26,71922
COSTCO19,20260527,33.5,33.5,32.5,32.75,39953
CRM01,20260527,3.28,3.32,3.24,3.26,34027
CRM06,20260527,2.36,2.36,2.32,2.36,2344
CRM80,20260527,5.9,5.95,5.85,5.85,63010
CRSP03,20260527,3.34,3.4,3.32,3.36,87745
CRWD06,20260527,4.34,4.42,4.24,4.26,101533
CRWD80,20260527,21.5,22.1,21.1,21.1,1581993
CRWV03,20260527,3.56,3.58,3.42,3.5,2664159
CSCO06,20260527,4.96,4.96,4.78,4.84,1268929
CYPC80,20260527,13,13.1,13,13,1206
DASH03,20260527,2.64,2.64,2.52,2.52,11794
DBS19,20260527,16,16.1,16,16.1,16955
DDOG19,20260527,7.3,7.35,7.1,7.3,644606
DELL19,20260527,10.2,10.3,9.85,10.3,3786005
DISNEY19,20260527,16.9,17,16.8,17,92192
DUOL06,20260527,2.14,2.22,2.12,2.16,106444
E1VFVN3001,20260527,44,44.25,43.75,44,377784
EOSE03,20260527,1.36,1.47,1.35,1.45,24557982
ESTEE80,20260527,0.96,0.97,0.93,0.94,1720337
EXPE06,20260527,2.82,2.94,2.8,2.94,24896
FANUC23,20260527,3.12,3.12,2.96,2.96,138615
FCX23,20260527,2.6,2.64,2.58,2.64,321925
FERRARI80,20260527,1.11,1.11,1.07,1.1,1032847
FPTVN11,20260527,1.85,1.85,1.82,1.84,109928
FPTVN19,20260527,9.25,9.3,9.2,9.3,493072
FUEVFVND01,20260527,44.5,45,44.5,44.75,98076
GAC03,20260527,2.18,2.18,2.18,2.18,500
GANFENG23,20260527,2.82,2.82,2.7,2.78,482541
GASVN11,20260527,4.1,4.14,4.02,4.04,12583
GDS23,20260527,1.92,1.94,1.9,1.92,263818
GEELY06,20260527,3.18,3.18,3.16,3.18,7635
GEELY80,20260527,7.95,8.1,7.9,8.05,45869
GEV23,20260527,3.14,3.26,3.12,3.22,5445285
GIGA23,20260527,12,12.2,11.5,11.6,187299
GOLD03,20260527,3.4,3.4,3.36,3.38,506615
GOLD19,20260527,13.6,13.6,13.4,13.5,408229
GOLDUS03,20260527,3.4,3.42,3.36,3.38,233369
GOLDUS19,20260527,45,45.25,44.75,45,116306
GOOG23,20260527,3.12,3.16,3.1,3.14,198109
GOOG80,20260527,6.25,6.3,6.2,6.25,8297707
GOOGL01,20260527,37,37.5,36.75,37.25,533592
GOOGL03,20260527,6.3,6.4,6.25,6.3,42854
GRAB80,20260527,11.5,11.9,11.5,11.7,161843
GSUS06,20260527,4.7,4.72,4.62,4.64,41007
HAIERS19,20260527,8.25,8.25,8.1,8.25,356106
HANSOH19,20260527,5.6,5.65,5.6,5.65,3118
HERMES80,20260527,6.2,6.3,6,6.3,112228
HIMS03,20260527,3.94,4.02,3.84,3.98,357896
HK01,20260527,21.4,21.5,21.2,21.3,21816
HK13,20260527,5.7,5.7,5.55,5.6,28699
HKCE01,20260527,24.3,24.3,24,24,4969
HKEX23,20260527,2.16,2.16,2.12,2.12,362729
HKTECH13,20260527,4.12,4.12,4.04,4.06,251261
HONDA19,20260527,2.9,2.94,2.9,2.9,6536
HOOD03,20260527,2.46,2.46,2.4,2.42,40986
HOOD06,20260527,2.46,2.46,2.4,2.42,138358
HOOD80,20260527,2.44,2.46,2.42,2.44,79769
HORIZON23,20260527,1.59,1.59,1.53,1.57,578134
HPG19,20260527,3.02,3.06,3.02,3.02,20171
HSHD23,20260527,6.7,6.8,6.65,6.75,99373
HUAHONG23,20260527,9.05,9.2,8.85,9.05,2412282
IBM06,20260527,3.36,3.36,3.22,3.28,3237664
ICBC06,20260527,2.82,2.82,2.78,2.82,14305
ICBC19,20260527,2.84,2.84,2.78,2.78,58792
IFLYTEK80,20260527,2.44,2.44,2.4,2.4,41
INDIA01,20260527,13.2,13.2,13,13.1,31405
INDIAESG19,20260527,4.06,4.06,4.02,4.02,51231
INTEL03,20260527,8,8.2,7.8,7.95,5022894
IONQ03,20260527,4.26,4.28,3.96,4.1,12420656
ISRG01,20260527,3.22,3.24,3.16,3.18,134274
ISRG06,20260527,2.88,2.88,2.84,2.86,48568
ISRG19,20260527,3.6,3.6,3.56,3.56,13250
ITOCHU19,20260527,6.6,6.65,6.6,6.6,25628
JAP03,20260527,3.6,3.62,3.58,3.58,53110
JAPAN10001,20260527,29,29.75,28.5,29.25,98092
JAPAN13,20260527,5.6,5.6,5.5,5.5,4988
JD80,20260527,4.86,4.86,4.78,4.84,2365298
JDHEAL19,20260527,3.32,3.34,3.3,3.32,16283
JEPI19,20260527,6.2,6.2,6.1,6.15,1252535
JGRO19,20260527,10.7,10.7,10.7,10.7,6348
JNJ03,20260527,3.84,3.84,3.74,3.76,128175
JPMUS06,20260527,3.36,3.38,3.32,3.34,134268
JPMUS19,20260527,20.2,20.2,20.1,20.2,1040
JTEK19,20260527,11.4,11.7,11.4,11.7,7501
KEYENCE23,20260527,2.78,2.78,2.66,2.66,881890
KINGSOFT23,20260527,1.48,1.49,1.43,1.44,729692
KIOXIA23,20260527,8.2,8.2,7.7,7.95,437636
KO80,20260527,2.66,2.68,2.62,2.64,322279
KUAISH01,20260527,2.38,2.38,2.34,2.34,44600
KUAISH06,20260527,1.89,1.89,1.88,1.89,2417
KUAISH23,20260527,1.36,1.36,1.32,1.35,1636503
KUAISH80,20260527,1.9,1.9,1.87,1.9,2454621
LENOVO13,20260527,4.24,4.24,3.98,3.98,180527
LLY80,20260527,1.77,1.77,1.72,1.75,6546677
LOREAL80,20260527,1.39,1.44,1.38,1.44,149674
LPGOLD13,20260527,2.2,2.22,2.2,2.22,878
LRCX23,20260527,3.96,4.12,3.92,4.1,1669648
LULU06,20260527,2.08,2.12,2.04,2.1,1266136
LVMH01,20260527,11.3,11.6,11.2,11.5,734171
MA80,20260527,1.63,1.63,1.61,1.61,204376
MEITUAN19,20260527,1.09,1.09,1.08,1.09,44359
MEITUAN23,20260527,2.04,2.04,2.04,2.04,276
MEITUAN80,20260527,3.26,3.26,3.24,3.26,339345
MELI06,20260527,2.2,2.2,2.12,2.14,626230
META01,20260527,5.9,5.9,5.8,5.85,349283
META06,20260527,2.5,2.5,2.48,2.48,2353947
META23,20260527,2.38,2.38,2.36,2.38,108124
META80,20260527,2.48,2.5,2.46,2.48,9941765
MICRON01,20260527,16.3,19.5,16.3,19.2,14174146
MICRON03,20260527,8.75,10.4,8.75,10.2,607497
MICRON19,20260527,17.5,20.8,17.5,20.3,3007311
MICRON23,20260527,5.25,6.25,5.25,6.15,6278943
MICRON80,20260527,26,31.5,26,30.75,6059875
MITSU19,20260527,8,8.05,7.95,8.05,82640
MNSO80,20260527,10.2,10.4,10,10.1,164652
MNST06,20260527,4.06,4.08,4.06,4.06,25
MRVL06,20260527,6.8,7.25,6.6,7.25,2624981
MRVL23,20260527,5.7,6,5.5,6,1239345
MRVL80,20260527,6.85,7.25,6.55,7.2,4379748
MS06,20260527,4.44,4.46,4.36,4.38,23382
MSFT01,20260527,4.04,4.04,3.96,3.96,533631
MSFT03,20260527,2.74,2.76,2.7,2.72,47131
MSFT06,20260527,3.44,3.44,3.36,3.38,1459265
MSFT19,20260527,4.54,4.56,4.5,4.54,53546
MSFT23,20260527,2.52,2.54,2.48,2.52,464268
MSFT80,20260527,6.85,6.85,6.7,6.75,2184381
MSN11,20260527,3.82,3.82,3.82,3.82,100
MSN19,20260527,3.2,3.2,3.2,3.2,461
MUFG19,20260527,6.25,6.25,6.15,6.2,323734
MUFG23,20260527,2.54,2.56,2.5,2.56,14104
MWG11,20260527,4,4,3.98,4,481375
MWG19,20260527,9.95,10,9.95,10,22049
NAURA23,20260527,3.62,3.62,3.5,3.56,804017
NAURA80,20260527,32.75,32.75,31.5,32.5,129410
NBIS03,20260527,7.3,7.35,6.75,6.85,8388992
NDAQ06,20260527,3,3,2.94,3,1105255
NDX01,20260527,25.5,26,25.5,25.75,7588906
NEM06,20260527,3.62,3.66,3.6,3.62,79461
NEM23,20260527,2.26,2.3,2.26,2.26,129951
NET03,20260527,3.56,3.68,3.46,3.52,50506
NETEASE80,20260527,8.1,8.15,8.05,8.1,181781
NFLX06,20260527,2.88,2.88,2.82,2.86,943509
NFLX80,20260527,2.9,2.9,2.82,2.84,2155691
NIKE80,20260527,0.73,0.74,0.72,0.73,1833438
NIKKEI80,20260527,14,14.1,14,14,14929
NINTENDO19,20260527,14.6,14.7,14.6,14.7,9211
NINTENDO23,20260527,1.29,1.3,1.28,1.3,53599
NONGFU80,20260527,1.83,1.83,1.79,1.8,934531
NOVOB80,20260527,1.47,1.48,1.45,1.46,2000512
NOW19,20260527,3.36,3.36,3.24,3.24,2818527
NVDA01,20260527,21,21.1,20.4,20.6,904520
NVDA03,20260527,4.74,4.78,4.62,4.7,547988
NVDA06,20260527,4.72,4.76,4.62,4.68,1128948
NVDA19,20260527,28.5,28.5,27.75,27.75,62527
NVDA23,20260527,3.4,3.42,3.3,3.32,1170977
NVDA80,20260527,35.5,35.75,34.75,35,1940582
NVTS03,20260527,10.4,11,10.1,10.6,9598279
OIL03,20260527,3.8,3.8,3.64,3.66,3092548
ONON03,20260527,2.6,2.64,2.58,2.64,294899
ORCL01,20260527,3.96,3.98,3.9,3.92,164683
ORCL06,20260527,2.54,2.54,2.48,2.5,489024
ORCL19,20260527,6.3,6.4,6.25,6.25,1301694
PANW80,20260527,8.55,8.6,8.2,8.2,862804
PEP80,20260527,0.99,0.99,0.95,0.96,4189432
PETROCN80,20260527,4.5,4.54,4.4,4.44,117206
PFIZER19,20260527,17,17,16.8,16.9,35646
PINGAN01,20260527,5.75,5.8,5.7,5.8,229167
PINGAN80,20260527,2.5,2.52,2.48,2.52,7062839
PLTR01,20260527,4.06,4.1,3.98,4,218548
PLTR03,20260527,3,3.02,2.92,2.94,82574
PLTR06,20260527,2.98,3.02,2.92,2.92,757041
PLTR23,20260527,2.36,2.38,2.28,2.32,1524946
POPMART23,20260527,1.53,1.53,1.53,1.53,1
POPMART80,20260527,6.35,6.5,6.3,6.4,164234
PYPL06,20260527,2.9,2.9,2.88,2.9,602
QCOM06,20260527,4,4.16,3.48,4.1,6767987
QQQM19,20260527,19.6,19.8,19.5,19.6,450641
RBLX06,20260527,1.3,1.31,1.23,1.23,1721473
REMX03,20260527,3.2,3.26,3.2,3.2,272283
RGTI03,20260527,4.32,4.36,3.92,4,8429583
RKLB03,20260527,9.4,10.2,9.15,10.2,4219493
SANOFI80,20260527,2.94,3,2.88,2.92,352234
SANRIO23,20260527,1.31,1.31,1.28,1.3,87760
SANRIO80,20260527,8.75,8.85,8.75,8.75,10004
SBUX80,20260527,1.69,1.7,1.65,1.66,563570
SEAGATE23,20260527,5.7,5.9,5.6,5.85,1608591
SEMB19,20260527,5.25,5.3,5.25,5.25,13002
SENSE23,20260527,1.85,1.87,1.81,1.81,67273
SGX19,20260527,5.65,5.7,5.6,5.65,43874
SHOP03,20260527,2.28,2.3,2.26,2.3,22
SHOP06,20260527,1.7,1.71,1.67,1.71,190649
SIA19,20260527,16.9,17,16.9,17,2869
SIL03,20260527,2.94,3,2.92,2.96,866344
SINGTEL80,20260527,11.5,11.6,11.4,11.6,57430
SINOBIO19,20260527,4.18,4.18,4.1,4.18,64342
SMCI03,20260527,2.38,2.48,2.32,2.46,2554228
SMFG19,20260527,12.3,12.4,12.2,12.3,34418
SMIC01,20260527,5.15,5.25,4.96,5,575912
SMIC03,20260527,3.64,3.64,3.52,3.58,10303
SMIC13,20260527,2.48,2.56,2.48,2.48,110164
SMIC23,20260527,4.26,4.32,4.06,4.22,26289930
SNDK03,20260527,12.5,13.5,12.5,13.1,3216233
SNDK23,20260527,6.25,6.75,6.25,6.5,12558605
SNOW06,20260527,2.84,2.96,2.84,2.9,691181
SNOW23,20260527,2.6,2.68,2.58,2.64,513356
SOFTBANK23,20260527,2.94,2.96,2.82,2.86,3230057
SONY80,20260527,3.56,3.62,3.56,3.62,259878
SP50001,20260527,24.9,25,24.8,24.9,61120
SP500US19,20260527,14.5,14.5,14.4,14.5,46271
SP500US80,20260527,2.9,2.9,2.88,2.9,358675
SPBOND80,20260527,8.35,8.4,8.3,8.4,45540
SPCOM80,20260527,3.78,3.8,3.76,3.76,202
SPENGY80,20260527,3.84,3.84,3.74,3.74,407404
SPFIN80,20260527,17,17,16.8,16.8,8882
SPHLTH80,20260527,4.94,4.94,4.84,4.84,6108
SPOT06,20260527,2.12,2.18,2.12,2.14,74778
SPTECH80,20260527,12,12.2,12,12.2,204370
STAR5001,20260527,55.25,55.25,53.5,53.5,51738
STEG19,20260527,28.25,28.5,27.5,28,21484
SUNNY19,20260527,3.2,3.2,3.1,3.12,444732
SUNNY80,20260527,3.2,3.2,3.12,3.12,293490
SUSHI23,20260527,3.18,3.18,3.1,3.12,321408
SYNP03,20260527,3.48,3.58,3.46,3.54,1466478
TAIWAN19,20260527,43.5,43.5,42.75,43,252160
TAIWANAI13,20260527,20.1,20.1,19.7,19.8,20620
TAIWANHD13,20260527,30.75,31.25,30.75,31,5764
TEL23,20260527,4.1,4.16,3.9,3.9,677756
TEL80,20260527,11.1,11.2,10.8,10.8,16313
TENCENT01,20260527,4.12,4.14,4.1,4.12,307799
TENCENT06,20260527,1.82,1.83,1.81,1.83,165273
TENCENT13,20260527,3.74,3.76,3.7,3.76,1886
TENCENT19,20260527,9.1,9.1,9,9.1,26648
TENCENT23,20260527,2.02,2.04,2,2.02,155363
TENCENT80,20260527,18.2,18.2,18,18.1,631073
THAIBEV19,20260527,11.5,11.6,11.5,11.5,13521
TME23,20260527,0.93,0.93,0.92,0.93,628201
TOYOTA80,20260527,6.1,6.2,6.1,6.15,49514
TRIPCOM23,20260527,1.54,1.56,1.53,1.56,36547
TRIPCOM80,20260527,1.53,1.55,1.53,1.54,2097352
TRVUS06,20260527,4.1,4.1,3.94,3.96,67787
TSLA01,20260527,41.25,42,41.25,42,29204
TSLA03,20260527,4.7,4.8,4.66,4.8,235424
TSLA23,20260527,2.72,2.78,2.68,2.76,738324
TSLA80,20260527,2.82,2.9,2.8,2.9,10727120
UBER06,20260527,2.38,2.38,2.28,2.28,132150
UBTECH23,20260527,2.08,2.08,1.92,1.96,19759589
UNH19,20260527,6.35,6.35,6.1,6.1,397410
UNIQLO80,20260527,15.9,16.1,15.9,16,73898
UOB19,20260527,9.65,9.7,9.65,9.7,3509
USTR24,20260527,1.18,1.19,1.17,1.18,24864
VCB11,20260527,3.18,3.2,3.16,3.16,2944
VCB19,20260527,7.95,8,7.95,7.95,22429
VENTURE19,20260527,4.62,4.64,4.6,4.62,1278
VHM19,20260527,18.9,18.9,18.5,18.6,118246
VISA06,20260527,1.34,1.35,1.32,1.33,700278
VISA80,20260527,1.34,1.34,1.32,1.32,884206
VNFIN24,20260527,1.87,1.89,1.87,1.89,96896
VNM19,20260527,7.4,7.4,7.35,7.4,39822
VRT23,20260527,3.28,3.32,3.1,3.16,9000378
VT03,20260527,3.46,3.52,3.44,3.44,128626
WMT06,20260527,3.94,3.94,3.86,3.9,406843
WORLD03,20260527,4.34,4.34,4.3,4.32,15946
WORLDA01,20260527,5.05,5.2,5,5.05,1295296
WUXI06,20260527,3.56,3.56,3.5,3.54,17319
WUXI13,20260527,2.06,2.06,2.06,2.06,1
WUXIAT80,20260527,5.3,5.35,5.25,5.35,201766
XIAOMI01,20260527,2.76,2.78,2.68,2.7,1957185
XIAOMI13,20260527,2.6,2.62,2.52,2.52,101036
XIAOMI19,20260527,6.1,6.1,5.9,5.95,144335
XIAOMI23,20260527,1.46,1.48,1.4,1.43,880977
XIAOMI80,20260527,12.2,12.2,11.8,11.8,4297665
XPENG03,20260527,2.7,2.7,2.62,2.64,81593
ZAI23,20260527,14.6,15.2,14.5,14.7,186037
ZIJIN13,20260527,2.54,2.54,2.52,2.54,11968
ZIJIN23,20260527,2.24,2.24,2.2,2.24,37179
ZIJIN80,20260527,14.5,14.5,14.1,14.3,378620
ZJINNO80,20260527,5.5,5.5,5.3,5.4,1358222
AAV01C2703T,20260527,0.15,0.16,0.15,0.16,1000100
AAV01P2607A,20260527,0.17,0.18,0.17,0.17,2111300
AAV13C2607A,20260527,0.03,0.03,0.02,0.03,100200
AAV13C2608A,20260527,0.03,0.03,0.03,0.03,10100
AAV13C2608B,20260527,0.1,0.1,0.1,0.1,764800
AAV13C2701T,20260527,0.11,0.11,0.11,0.11,803000
AAV13P2607A,20260527,0.17,0.18,0.17,0.17,1706100
AAV19C2608A,20260527,0.12,0.12,0.12,0.12,882100
AAV19C2612T,20260527,0.09,0.09,0.09,0.09,50000
AAV41C2607A,20260527,0.03,0.03,0.03,0.03,500
ADVANC01C2606A,20260527,0.1,0.1,0.09,0.09,639600
ADVANC01C2607A,20260527,0.1,0.1,0.09,0.09,318500
ADVANC01C2608A,20260527,0.04,0.04,0.03,0.04,416800
ADVANC01C2609A,20260527,0.24,0.24,0.22,0.23,4857300
ADVANC01C2610A,20260527,0.43,0.44,0.41,0.42,3297600
ADVANC01C2701T,20260527,0.53,0.53,0.51,0.51,2982000
ADVANC01P2606A,20260527,0.01,0.01,0.01,0.01,700200
ADVANC01P2609A,20260527,0.68,0.7,0.68,0.69,2703400
ADVANC13C2607A,20260527,0.07,0.07,0.06,0.06,403700
ADVANC13C2608A,20260527,0.04,0.04,0.04,0.04,573000
ADVANC13C2608C,20260527,0.09,0.09,0.08,0.08,530000
ADVANC13C2609A,20260527,0.27,0.27,0.25,0.25,1825600
ADVANC13C2701T,20260527,0.33,0.33,0.33,0.33,2174400
ADVANC13P2609A,20260527,0.39,0.4,0.39,0.4,3038900
ADVANC19C2609A,20260527,0.23,0.23,0.22,0.22,1918700
ADVANC41C2606T,20260527,0.65,0.65,0.65,0.65,20000
ADVANC41C2607A,20260527,0.06,0.07,0.06,0.07,18100
ADVANC41C2608A,20260527,0.04,0.04,0.04,0.04,12000
ADVANC41C2701T,20260527,0.25,0.25,0.24,0.24,546000
AEONTS13C2608A,20260527,0.13,0.13,0.13,0.13,5000
AIA41C2609A,20260527,0.33,0.33,0.32,0.32,600
AMATA01C2608A,20260527,1.03,1.03,0.98,1.03,428600
AMATA41C2607A,20260527,1.48,1.49,1.45,1.49,750000
AMATA41C2608A,20260527,0.94,0.94,0.94,0.94,600000
AMATA41C2608T,20260527,0.15,0.15,0.15,0.15,2800000
AMATA41C2609T,20260527,0.67,0.68,0.67,0.67,2002000
AOT01C2606T,20260527,0.34,0.35,0.34,0.35,2436700
AOT01C2607A,20260527,0.11,0.12,0.11,0.11,402800
AOT01C2609A,20260527,0.32,0.34,0.32,0.34,1326900
AOT01P2607A,20260527,0.09,0.09,0.09,0.09,432700
AOT01P2609A,20260527,0.47,0.47,0.45,0.45,1594500
AOT13C2608A,20260527,0.18,0.18,0.17,0.18,2290100
AOT13P2609A,20260527,0.32,0.32,0.3,0.31,185300
AOT19C2608A,20260527,0.32,0.34,0.32,0.34,957500
AOT41C2608A,20260527,0.17,0.17,0.17,0.17,3000
AOT41C2609T,20260527,0.4,0.42,0.4,0.41,860200
AWC01C2606T,20260527,0.09,0.1,0.09,0.1,898400
AWC01C2607A,20260527,0.09,0.1,0.09,0.1,1679500
AWC01C2703T,20260527,0.26,0.26,0.26,0.26,1055200
AWC13C2606A,20260527,0.03,0.03,0.03,0.03,88800
AWC13C2608A,20260527,0.08,0.08,0.07,0.08,139600
AWC13C2608B,20260527,0.26,0.27,0.26,0.27,2973600
AWC13C2701T,20260527,0.22,0.24,0.22,0.23,4034800
AWC41C2606T,20260527,0.01,0.01,0.01,0.01,1998000
AWC41C2609T,20260527,0.16,0.16,0.16,0.16,469500
BA13C2607A,20260527,0.04,0.05,0.04,0.05,49700
BA13C2608A,20260527,0.24,0.26,0.24,0.25,4966100
BA19C2609A,20260527,0.32,0.34,0.32,0.34,4756900
BA41C2608A,20260527,0.22,0.23,0.22,0.23,800000
BA41C2611T,20260527,0.2,0.21,0.2,0.21,486900
BABA28C2606B,20260527,0.04,0.04,0.04,0.04,2000
BABA28C2609A,20260527,0.18,0.18,0.18,0.18,2032500
BABA41C2606A,20260527,0.06,0.06,0.06,0.06,20000
BABA41C2610A,20260527,0.43,0.43,0.42,0.42,540700
BABA41C2701T,20260527,0.54,0.55,0.54,0.54,800
BABA41P2609A,20260527,0.28,0.29,0.27,0.27,114200
BAM13C2607A,20260527,0.01,0.01,0.01,0.01,10000
BAM19C2612T,20260527,0.19,0.19,0.19,0.19,258100
BANPU01C2606T,20260527,0.33,0.33,0.33,0.33,230000
BANPU01C2703T,20260527,0.18,0.18,0.18,0.18,400000
BANPU13C2606A,20260527,0.03,0.04,0.03,0.04,1752100
BANPU13C2608A,20260527,0.07,0.08,0.07,0.08,1642400
BANPU13C2609A,20260527,0.16,0.18,0.16,0.18,3452300
BANPU13C2701T,20260527,0.22,0.22,0.22,0.22,593000
BANPU13P2609A,20260527,0.2,0.2,0.19,0.2,488400
BANPU19C2612T,20260527,0.35,0.37,0.35,0.36,489000
BANPU41C2609A,20260527,0.15,0.16,0.15,0.15,1760000
BANPU41C2612T,20260527,0.25,0.26,0.25,0.26,650000
BBL13C2607B,20260527,0.12,0.12,0.11,0.12,5778400
BBL13C2608A,20260527,0.36,0.36,0.31,0.36,19119800
BBL13P2608A,20260527,0.13,0.14,0.12,0.12,1321000
BBL19C2612T,20260527,0.55,0.55,0.5,0.54,7998300
BBL41C2607B,20260527,0.05,0.05,0.05,0.05,3000
BBL41C2608A,20260527,0.34,0.34,0.29,0.34,4340000
BBL41C2609T,20260527,0.51,0.51,0.48,0.51,13004000
BCH01C2610T,20260527,0.04,0.04,0.04,0.04,37000
BCH13C2607A,20260527,0.08,0.09,0.08,0.09,101800
BCH13C2607B,20260527,0.01,0.01,0.01,0.01,2065000
BCP01C2607A,20260527,0.14,0.15,0.14,0.14,5370800
BCP01C2608A,20260527,0.07,0.07,0.07,0.07,10000
BCP13C2608A,20260527,0.17,0.18,0.17,0.18,3634300
BCP13C2608B,20260527,0.06,0.06,0.06,0.06,10000
BCP19C2607A,20260527,0.1,0.11,0.1,0.11,569900
BCP41C2607A,20260527,0.36,0.37,0.36,0.37,40000
BCP41C2608A,20260527,0.17,0.18,0.17,0.18,1580000
BCP41C2609T,20260527,0.08,0.08,0.08,0.08,279400
BCPG13C2607A,20260527,0.06,0.06,0.05,0.06,598700
BCPG13C2608A,20260527,0.04,0.04,0.04,0.04,15000
BCPG19C2609A,20260527,0.22,0.22,0.2,0.2,1339800
BCPG41C2606T,20260527,0.13,0.13,0.13,0.13,400000
BCPG41C2612T,20260527,0.14,0.14,0.14,0.14,800
BDMS01C2607A,20260527,0.02,0.02,0.01,0.02,209100
BDMS01C2609A,20260527,0.17,0.17,0.16,0.16,40000
BDMS13C2607A,20260527,0.02,0.02,0.02,0.02,100
BDMS13C2608B,20260527,0.12,0.12,0.11,0.11,1559800
BDMS13C2701T,20260527,0.18,0.18,0.17,0.18,150000
BDMS41C2609T,20260527,0.03,0.03,0.03,0.03,5600
BDMS41C2612T,20260527,0.14,0.14,0.13,0.14,13100
BEM41C2606T,20260527,0.01,0.02,0.01,0.02,63100
BGRIM01C2606T,20260527,0.03,0.03,0.03,0.03,100
BGRIM01C2608A,20260527,0.1,0.1,0.1,0.1,186000
BGRIM01C2609A,20260527,0.26,0.28,0.26,0.26,8573800
BGRIM13C2607A,20260527,0.04,0.05,0.04,0.04,1570100
BGRIM13C2608A,20260527,0.22,0.23,0.21,0.23,6078100
BGRIM13C2608B,20260527,0.37,0.38,0.37,0.37,153500
BGRIM13P2609A,20260527,0.1,0.1,0.09,0.1,723200
BGRIM19C2607A,20260527,0.08,0.09,0.08,0.09,511800
BGRIM19C2609A,20260527,0.3,0.33,0.3,0.32,4027900
BGRIM41C2608B,20260527,0.33,0.36,0.33,0.36,2950000
BGRIM41C2608T,20260527,0.14,0.16,0.14,0.16,3402100
BGRIM41C2701T,20260527,0.4,0.42,0.4,0.41,8581000
BH01C2607A,20260527,0.6,0.61,0.6,0.6,96800
BH01C2609A,20260527,0.62,0.63,0.6,0.6,6639700
BH01C2609B,20260527,0.63,0.66,0.63,0.64,3860200
BH01P2608A,20260527,0.26,0.26,0.25,0.26,4564600
BH13C2607A,20260527,0.52,0.54,0.52,0.54,10100
BH13C2608A,20260527,0.07,0.07,0.07,0.07,248100
BH13C2608B,20260527,0.27,0.28,0.25,0.26,8131500
BH13P2608A,20260527,0.21,0.21,0.21,0.21,451200
BH19C2607B,20260527,0.02,0.02,0.02,0.02,10000
BH19C2608A,20260527,0.27,0.28,0.26,0.26,21552000
BH41C2607A,20260527,0.48,0.52,0.48,0.48,1000000
BH41C2608A,20260527,0.06,0.06,0.06,0.06,40000
BH41C2608B,20260527,0.25,0.26,0.25,0.25,1760000
BH41C2611T,20260527,0.56,0.57,0.55,0.55,4700000
BIDU28C2610A,20260527,0.33,0.33,0.33,0.33,900
BIDU41C2609A,20260527,0.12,0.12,0.1,0.11,111800
BIDU41C2609T,20260527,1.24,1.24,1.24,1.24,2800
BIDU41C2610A,20260527,0.85,0.85,0.82,0.82,2900
BLA01C2607A,20260527,0.17,0.2,0.16,0.19,2134400
BLA01C2609A,20260527,0.47,0.54,0.46,0.53,2938100
BLA13C2607A,20260527,0.17,0.22,0.17,0.2,4299500
BLA13C2608A,20260527,0.39,0.47,0.37,0.44,7278900
BLA19C2608A,20260527,0.43,0.5,0.4,0.5,921200
BLA41C2606T,20260527,0.19,0.25,0.19,0.25,1600000
BTG01C2607A,20260527,0.21,0.24,0.21,0.24,907000
BTG01C2609A,20260527,0.19,0.19,0.18,0.19,1052100
BTG01C2704T,20260527,0.11,0.11,0.1,0.11,650400
BTG01P2609A,20260527,0.54,0.55,0.52,0.52,1173700
BTG13C2607A,20260527,0.19,0.22,0.19,0.22,1240500
BTG13C2608A,20260527,0.15,0.17,0.15,0.17,842300
BTG13C2609A,20260527,0.14,0.15,0.13,0.15,901700
BTG13C2609B,20260527,0.06,0.06,0.06,0.06,3200
BTG13P2609A,20260527,0.51,0.53,0.5,0.5,653600
BTG19C2608A,20260527,0.1,0.11,0.1,0.11,328100
BTG41C2609A,20260527,0.12,0.13,0.12,0.13,400000
BTG41C2703T,20260527,0.22,0.23,0.22,0.23,401500
BTS13C2606A,20260527,0.01,0.01,0.01,0.01,1732600
BTS13C2608A,20260527,0.03,0.03,0.03,0.03,3000
BTS13C2609A,20260527,0.12,0.13,0.11,0.12,3912100
BTS13P2608A,20260527,0.13,0.13,0.13,0.13,693200
BTS19C2609A,20260527,0.15,0.15,0.14,0.15,965600
BTS41C2612T,20260527,0.03,0.03,0.03,0.03,4000
BTS41C2703T,20260527,0.14,0.14,0.14,0.14,204200
BYDCOM41C2609A,20260527,0.26,0.26,0.24,0.24,25700
CBG01C2609A,20260527,0.29,0.29,0.26,0.27,5749200
CBG01C2610T,20260527,0.12,0.12,0.12,0.12,800000
CBG01P2607A,20260527,0.12,0.12,0.12,0.12,1647500
CBG01P2609A,20260527,0.16,0.16,0.15,0.16,4329100
CBG13C2608A,20260527,0.17,0.17,0.15,0.16,3313700
CBG13C2608B,20260527,0.24,0.24,0.22,0.22,12380800
CBG19C2608A,20260527,0.36,0.36,0.32,0.32,2745400
CBG41C2608A,20260527,0.15,0.15,0.14,0.14,1765000
CBG41C2608T,20260527,0.02,0.02,0.02,0.02,700
CBG41C2703T,20260527,0.32,0.32,0.31,0.31,2466500
CCET13C2607A,20260527,1.11,1.14,1,1.05,3720700
CCET13C2608A,20260527,1.97,2.02,1.83,1.83,94200
CCET13C2609A,20260527,1.3,1.3,1.17,1.21,769100
CCET13C2609B,20260527,0.92,0.95,0.85,0.88,5650400
CCET19C2607A,20260527,1.31,1.31,1.31,1.31,50000
CCET41C2607A,20260527,1.2,1.22,1.1,1.1,3200
CCET41C2609T,20260527,0.42,0.42,0.38,0.4,4841100
CENTEL01C2609A,20260527,0.2,0.2,0.19,0.2,1059300
CENTEL13C2608A,20260527,0.07,0.08,0.07,0.07,356800
CENTEL13C2608B,20260527,0.2,0.21,0.19,0.2,2419000
CENTEL41C2701T,20260527,0.26,0.26,0.26,0.26,440200
CHG41C2612T,20260527,0.15,0.15,0.15,0.15,100
CK01C2608A,20260527,0.35,0.36,0.34,0.35,2779200
CK13C2608A,20260527,0.16,0.17,0.16,0.16,8097900
CK19C2609A,20260527,0.29,0.29,0.27,0.28,5701900
COM701C2607A,20260527,0.55,0.62,0.55,0.55,540900
COM701C2607B,20260527,0.08,0.08,0.07,0.07,1510000
COM701C2705T,20260527,0.44,0.46,0.44,0.44,2413300
COM713C2607A,20260527,0.52,0.52,0.45,0.46,788400
COM713C2608A,20260527,0.11,0.12,0.11,0.11,3288000
COM741C2608A,20260527,0.1,0.11,0.1,0.1,1400000
COM741C2609T,20260527,0.44,0.44,0.42,0.42,1600
CPALL01C2607A,20260527,0.11,0.11,0.11,0.11,1534800
CPALL01C2608A,20260527,0.03,0.03,0.03,0.03,217700
CPALL01C2610A,20260527,0.26,0.26,0.25,0.26,2269600
CPALL01C2703T,20260527,0.26,0.26,0.26,0.26,1922200
CPALL01P2608A,20260527,0.26,0.27,0.26,0.27,1607500
CPALL13C2607A,20260527,0.09,0.09,0.08,0.08,433600
CPALL13C2608A,20260527,0.06,0.06,0.06,0.06,150100
CPALL13C2609A,20260527,0.27,0.27,0.26,0.27,3233600
CPALL13C2701T,20260527,0.25,0.26,0.25,0.25,2460000
CPALL19C2607A,20260527,0.15,0.15,0.15,0.15,520000
CPALL19C2612A,20260527,0.13,0.13,0.13,0.13,33500
CPALL41C2609A,20260527,0.24,0.24,0.24,0.24,400000
CPALL41C2612T,20260527,0.16,0.16,0.16,0.16,400000
CPF01C2609A,20260527,0.15,0.15,0.14,0.15,1537500
CPF01C2611T,20260527,0.12,0.12,0.12,0.12,401600
CPF01P2608A,20260527,0.27,0.28,0.27,0.27,985700
CPF13C2608A,20260527,0.07,0.07,0.07,0.07,106500
CPF13C2609A,20260527,0.17,0.18,0.16,0.17,2240600
CPF13P2608A,20260527,0.23,0.23,0.22,0.22,310000
CPN01C2606T,20260527,0.21,0.21,0.19,0.19,2080300
CPN01C2608A,20260527,0.3,0.3,0.26,0.26,2078900
CPN01P2608A,20260527,0.07,0.07,0.07,0.07,50000
CPN13C2608A,20260527,0.32,0.33,0.29,0.29,3324600
CPN19C2609T,20260527,0.41,0.41,0.37,0.37,1637400
CPN41C2608A,20260527,0.31,0.31,0.28,0.28,1800000
CPN41C2608T,20260527,0.49,0.49,0.46,0.46,4200000
CRC01C2609A,20260527,0.23,0.23,0.22,0.22,1715300
CRC01C2610T,20260527,0.33,0.33,0.32,0.32,1167800
CRC13C2606A,20260527,0.03,0.03,0.02,0.02,310000
CRC13C2608A,20260527,0.51,0.51,0.5,0.51,24000
CRC19C2612A,20260527,0.46,0.46,0.44,0.45,2996100
CRC41C2609T,20260527,0.22,0.22,0.22,0.22,2800000
DELTA01C2607A,20260527,1.69,2,1.63,1.8,9336800
DELTA01C2608A,20260527,1.05,1.25,1.01,1.11,12728800
DELTA01P2606A,20260527,0.01,0.02,0.01,0.02,1244900
DELTA01P2608A,20260527,0.15,0.15,0.12,0.13,11340700
DELTA13C2606A,20260527,2.74,2.74,2.72,2.72,300
DELTA13C2607A,20260527,0.95,1.12,0.95,1,339100
DELTA13C2607B,20260527,0.9,1.1,0.86,0.96,9979100
DELTA13C2608A,20260527,0.53,0.64,0.52,0.57,39760900
DELTA13C2609A,20260527,0.34,0.4,0.33,0.36,24328900
DELTA13P2606A,20260527,0.01,0.01,0.01,0.01,617100
DELTA13P2607A,20260527,0.04,0.05,0.03,0.04,1209700
DELTA13P2608A,20260527,0.27,0.27,0.22,0.24,51511700
DELTA19C2607A,20260527,1.58,1.73,1.57,1.57,16000
DELTA19C2608A,20260527,1.11,1.32,1.08,1.26,288200
DELTA19P2606A,20260527,0.01,0.01,0.01,0.01,601400
DELTA19P2607A,20260527,0.02,0.02,0.02,0.02,16000
DELTA19P2608A,20260527,0.21,0.21,0.17,0.19,9000400
DELTA19P2609A,20260527,0.39,0.39,0.34,0.36,10908400
DELTA41C2606A,20260527,2.48,2.82,2.48,2.82,2000000
DELTA41C2607A,20260527,0.93,1.09,0.9,0.99,5253800
DELTA41C2607B,20260527,0.92,1.07,0.85,0.92,1907500
DELTA41C2608A,20260527,0.53,0.63,0.52,0.57,34265300
DELTA41C2608T,20260527,2.72,2.72,2.72,2.72,100
DELTA41C2609A,20260527,0.35,0.39,0.34,0.35,583200
DELTA41C2612T,20260527,1.81,1.95,1.79,1.91,4181500
DELTA41C2703T,20260527,1.2,1.31,1.18,1.23,7720400
DJI41C2606A,20260527,0.17,0.2,0.17,0.2,9900
DJI41C2606B,20260527,1.03,1.05,1.03,1.05,200
DJI41P2606B,20260527,0.05,0.05,0.05,0.05,100
DOHOME01C2608A,20260527,0.13,0.13,0.12,0.13,2740000
DOHOME13C2607A,20260527,0.09,0.1,0.09,0.09,437600
DOHOME19C2701T,20260527,0.47,0.47,0.46,0.46,886500
EA13C2607A,20260527,0.08,0.17,0.06,0.14,24256700
EA13C2607B,20260527,0.04,0.09,0.04,0.07,18806800
EA13C2608A,20260527,0.36,0.57,0.33,0.5,41982100
EA19C2606A,20260527,0.08,0.23,0.07,0.19,9111600
EA19C2609A,20260527,0.47,0.67,0.44,0.6,7101300
EA41C2607B,20260527,0.07,0.07,0.07,0.07,13000
EA41C2609T,20260527,0.3,0.37,0.29,0.35,26255900
ERW01C2608A,20260527,0.11,0.15,0.11,0.12,7853400
ERW01C2611T,20260527,0.29,0.33,0.29,0.31,3717800
ERW13C2608A,20260527,0.1,0.13,0.1,0.12,10970600
ERW13C2608B,20260527,0.27,0.35,0.27,0.31,22756000
ERW19C2609A,20260527,0.26,0.33,0.26,0.3,10082900
ERW41C2606T,20260527,0.01,0.01,0.01,0.01,1000000
ERW41C2611T,20260527,0.43,0.48,0.43,0.46,16600900
GFPT01C2705T,20260527,0.26,0.26,0.26,0.26,1024500
GFPT13C2608A,20260527,0.16,0.16,0.15,0.16,676000
GLOBAL01C2608A,20260527,0.13,0.13,0.11,0.11,1598200
GLOBAL13C2608A,20260527,0.18,0.18,0.16,0.16,882400
GLOBAL13C2608B,20260527,0.48,0.48,0.41,0.41,338300
GLOBAL41C2606T,20260527,0.01,0.01,0.01,0.01,1848000
GLOBAL41C2608A,20260527,0.16,0.16,0.14,0.14,1560000
GLOBAL41C2612T,20260527,0.49,0.49,0.46,0.46,1100000
GPSC01C2609A,20260527,0.3,0.31,0.29,0.29,4409200
GPSC01C2609T,20260527,0.17,0.17,0.17,0.17,1933200
GPSC01P2608A,20260527,0.19,0.19,0.18,0.18,3286400
GPSC13C2606A,20260527,0.04,0.05,0.04,0.05,3022700
GPSC13C2608A,20260527,0.1,0.11,0.1,0.1,10270800
GPSC13C2608B,20260527,0.33,0.35,0.33,0.33,12597000
GPSC13C2701T,20260527,0.24,0.24,0.24,0.24,9866900
GPSC13P2608A,20260527,0.2,0.21,0.2,0.2,929000
GPSC13P2609A,20260527,0.11,0.11,0.1,0.1,163500
GPSC19C2608A,20260527,0.11,0.11,0.1,0.11,2895500
GPSC19C2608B,20260527,0.39,0.4,0.39,0.39,1245600
GPSC41C2608B,20260527,0.33,0.33,0.32,0.33,9991400
GPSC41C2703T,20260527,0.33,0.34,0.33,0.33,12061100
GULF01C2606T,20260527,0.1,0.12,0.1,0.11,4159800
GULF01C2608A,20260527,0.72,0.77,0.7,0.76,271300
GULF01C2608B,20260527,0.37,0.42,0.37,0.4,2941300
GULF01C2609A,20260527,0.33,0.38,0.33,0.35,12977100
GULF01C2702T,20260527,0.59,0.62,0.59,0.6,6336900
GULF01P2608A,20260527,0.03,0.03,0.03,0.03,100
GULF01P2609A,20260527,0.24,0.24,0.21,0.22,3471100
GULF13C2607A,20260527,0.59,0.59,0.59,0.59,116100
GULF13C2608A,20260527,0.4,0.45,0.4,0.43,20534800
GULF13C2609A,20260527,0.28,0.32,0.27,0.3,17888700
GULF13P2608A,20260527,0.11,0.11,0.1,0.1,7658800
GULF19C2607B,20260527,0.21,0.25,0.21,0.23,2320500
GULF41C2607A,20260527,0.54,0.55,0.54,0.55,3000
GULF41C2608A,20260527,0.38,0.43,0.38,0.41,2576000
GULF41C2609A,20260527,0.26,0.29,0.26,0.28,4124800
GULF41C2609T,20260527,0.41,0.44,0.41,0.44,3931000
GUNKUL01C2608A,20260527,0.84,1.18,0.84,1.11,4901300
GUNKUL01C2704T,20260527,0.5,0.59,0.5,0.56,15352700
GUNKUL13C2608A,20260527,1.28,1.4,1.28,1.3,15600
GUNKUL13C2608B,20260527,0.77,0.8,0.77,0.79,459000
GUNKUL19C2609A,20260527,1.15,1.15,1.15,1.15,100
GUNKUL41C2702T,20260527,0.55,0.65,0.55,0.63,16506100
HANA01C2606A,20260527,4.88,4.88,4.88,4.88,2000
HANA01C2608A,20260527,3.66,4.38,3.66,4.1,88300
HANA01C2609A,20260527,0.73,0.9,0.71,0.81,7416400
HANA13C2607A,20260527,4.18,4.82,4.18,4.54,89300
HANA13C2608A,20260527,2.58,3.12,2.54,2.86,30400
HANA13C2608B,20260527,1.71,1.88,1.71,1.85,21400
HANA13C2608C,20260527,0.75,0.9,0.73,0.86,993300
HANA13C2701T,20260527,1.52,1.53,1.52,1.53,6100
HANA13P2607A,20260527,0.01,0.02,0.01,0.02,5100
HANA13P2608A,20260527,0.08,0.09,0.08,0.09,777800
HANA19C2608A,20260527,2.76,2.76,2.76,2.76,100
HANA19C2609A,20260527,0.78,0.9,0.78,0.88,29900
HANA41C2606T,20260527,0.74,0.74,0.7,0.7,90100
HANA41C2608A,20260527,2.98,3.16,2.98,3.16,400
HANA41C2608B,20260527,1.79,1.84,1.78,1.84,400
HANA41C2612T,20260527,1.33,1.33,1.28,1.28,40100
HANA41C2702T,20260527,0.53,0.61,0.52,0.57,15695100
HMPRO01C2609A,20260527,0.16,0.16,0.15,0.15,1691900
HMPRO13C2609A,20260527,0.14,0.14,0.14,0.14,923700
HMPRO19C2608A,20260527,0.03,0.03,0.03,0.03,11000
HMPRO19C2609A,20260527,0.17,0.17,0.16,0.17,408800
HMPRO41C2606T,20260527,0.01,0.01,0.01,0.01,1000000
HMPRO41C2609A,20260527,0.13,0.13,0.13,0.13,480000
HSI18C2606A,20260527,0.27,0.27,0.26,0.26,24000
HSI18P2606A,20260527,0.22,0.23,0.22,0.23,1100
HSI28C2606A,20260527,0.01,0.02,0.01,0.02,400700
HSI28C2606B,20260527,0.18,0.18,0.15,0.15,51792500
HSI28C2606C,20260527,0.05,0.05,0.05,0.05,105100
HSI28C2607A,20260527,0.23,0.24,0.2,0.22,4442900
HSI28P2606A,20260527,0.15,0.16,0.15,0.15,11400
HSI28P2606B,20260527,0.34,0.38,0.34,0.37,26169600
HSI28P2607A,20260527,0.27,0.3,0.27,0.29,436200
HSTECH28C2606A,20260527,0.05,0.05,0.04,0.04,450000
HSTECH28P2606A,20260527,0.32,0.33,0.32,0.33,44000
ICHI13C2609A,20260527,0.13,0.13,0.12,0.12,538600
ICHI19C2609T,20260527,0.12,0.12,0.12,0.12,3103200
IRPC01C2607A,20260527,0.9,1.02,0.9,0.98,1564900
IRPC01C2609A,20260527,0.59,0.66,0.59,0.66,141000
IRPC01C2609B,20260527,0.37,0.42,0.37,0.39,4453800
IRPC01C2703T,20260527,0.18,0.18,0.18,0.18,644900
IRPC13C2608B,20260527,0.35,0.42,0.35,0.39,12959300
IRPC13C2609A,20260527,0.33,0.38,0.33,0.35,9996400
IRPC13C2609B,20260527,0.16,0.19,0.16,0.17,9122700
IRPC13C2701T,20260527,0.72,0.78,0.72,0.76,3015000
IRPC41C2609A,20260527,0.31,0.32,0.31,0.32,300000
IRPC41C2609B,20260527,0.16,0.17,0.16,0.17,1600000
IRPC41C2703T,20260527,0.79,0.79,0.78,0.78,400000
ITC01C2606T,20260527,0.2,0.2,0.19,0.19,381000
ITC13C2608A,20260527,0.13,0.13,0.12,0.12,330700
ITC19C2609T,20260527,0.2,0.2,0.2,0.2,410000
ITC41C2612T,20260527,0.2,0.2,0.19,0.19,400000
IVL01C2607A,20260527,0.29,0.29,0.26,0.26,841600
IVL01C2608A,20260527,0.05,0.05,0.05,0.05,50000
IVL01C2609A,20260527,0.94,0.94,0.89,0.89,243800
IVL01C2609B,20260527,0.15,0.15,0.15,0.15,265200
IVL01P2608A,20260527,0.11,0.12,0.1,0.12,1542900
IVL01P2609A,20260527,0.2,0.22,0.19,0.22,2511500
IVL13C2607A,20260527,0.19,0.19,0.14,0.14,3861100
IVL13C2609A,20260527,0.51,0.52,0.47,0.47,2527100
IVL13C2609B,20260527,0.18,0.18,0.16,0.16,3117900
IVL13P2608A,20260527,0.16,0.18,0.16,0.18,1634500
IVL19C2607A,20260527,0.3,0.3,0.26,0.26,1422600
IVL19C2609A,20260527,0.17,0.17,0.16,0.16,4701600
IVL19P2608A,20260527,0.16,0.18,0.16,0.18,1654400
IVL41C2607A,20260527,0.18,0.18,0.17,0.17,2000
IVL41C2609A,20260527,0.49,0.49,0.47,0.47,1100000
IVL41C2609B,20260527,0.16,0.16,0.15,0.15,660000
IVL41C2702T,20260527,0.48,0.48,0.47,0.47,400000
JAS13C2608A,20260527,0.03,0.03,0.02,0.03,1218400
JAS13C2609A,20260527,0.17,0.17,0.15,0.15,110300
JAS19C2701T,20260527,0.29,0.29,0.27,0.27,1378000
JAS41C2611T,20260527,0.08,0.08,0.08,0.08,1095800
JD41C2606A,20260527,0.13,0.13,0.13,0.13,2000
JMART01C2608A,20260527,0.28,0.32,0.28,0.31,53000
JMART01C2705T,20260527,0.43,0.46,0.43,0.44,3918100
JMART13C2608A,20260527,0.29,0.33,0.28,0.3,14877200
JMART13C2609A,20260527,0.72,0.82,0.72,0.75,1007000
JMART13C2701T,20260527,0.31,0.33,0.31,0.33,204100
JMART19C2609A,20260527,0.62,0.67,0.62,0.67,36700
JMART19C2612A,20260527,0.49,0.53,0.48,0.5,14567600
JMART41C2606T,20260527,0.01,0.01,0.01,0.01,317900
JMART41C2609T,20260527,0.19,0.2,0.19,0.19,800000
JMART41C2703T,20260527,0.45,0.48,0.45,0.46,4900000
JMT01C2608A,20260527,0.14,0.15,0.13,0.13,5900800
JMT01C2701T,20260527,0.42,0.44,0.42,0.42,4753100
JMT13C2607A,20260527,0.43,0.47,0.43,0.43,1000
JMT13C2608A,20260527,0.17,0.2,0.16,0.17,2511900
JMT13C2701T,20260527,0.37,0.37,0.37,0.37,2100
JMT19C2608A,20260527,0.16,0.17,0.16,0.16,7132300
JMT41C2608A,20260527,0.16,0.17,0.16,0.17,1283000
JMT41C2611T,20260527,0.15,0.16,0.14,0.15,3890100
JMT41C2703T,20260527,0.63,0.63,0.63,0.63,100
KBANK01C2607A,20260527,0.21,0.21,0.19,0.21,10707300
KBANK01C2608A,20260527,0.1,0.1,0.1,0.1,1490600
KBANK01C2609A,20260527,0.72,0.72,0.72,0.72,1000
KBANK01C2610A,20260527,0.55,0.55,0.52,0.55,4127400
KBANK01C2702T,20260527,0.26,0.26,0.26,0.26,1200000
KBANK01P2610A,20260527,0.51,0.52,0.5,0.5,3012200
KBANK13C2607A,20260527,0.06,0.06,0.06,0.06,300000
KBANK13C2607B,20260527,0.18,0.19,0.17,0.18,9832100
KBANK13C2609A,20260527,0.67,0.67,0.64,0.67,1285800
KBANK13P2609A,20260527,0.26,0.27,0.26,0.27,1010400
KBANK19C2608A,20260527,0.1,0.1,0.1,0.1,4403800
KBANK19C2609A,20260527,0.5,0.5,0.46,0.5,965300
KBANK41C2609A,20260527,0.6,0.63,0.6,0.63,1100000
KBANK41C2609T,20260527,0.73,0.73,0.72,0.73,450000
KBANK41C2703T,20260527,0.42,0.42,0.42,0.42,2400000
KBANK41P2606T,20260527,0.01,0.01,0.01,0.01,2000
KCE13C2606A,20260527,2.24,2.5,2.24,2.42,134100
KCE13C2607A,20260527,3.06,3.46,3.06,3.26,241600
KCE13C2608A,20260527,1.85,1.85,1.8,1.8,15200
KCE13C2609A,20260527,0.64,0.72,0.62,0.65,4439700
KCE13P2608A,20260527,0.03,0.03,0.01,0.03,1046600
KCE19C2608A,20260527,3.64,3.64,3.64,3.64,100
KCE19C2608B,20260527,2.34,2.34,2.34,2.34,100
KCE19C2609A,20260527,0.7,0.7,0.7,0.7,100
KCE41C2608A,20260527,1.62,1.79,1.61,1.77,9100
KCE41C2609A,20260527,0.67,0.67,0.67,0.67,100
KCE41C2609T,20260527,1.67,1.72,1.63,1.63,1900
KCE41C2702T,20260527,0.41,0.45,0.4,0.41,12851900
KKP01C2607A,20260527,0.83,1.04,0.83,1.02,2291200
KKP01C2610A,20260527,0.68,0.81,0.68,0.8,7741900
KKP01P2609A,20260527,0.17,0.17,0.14,0.14,2768800
KKP13C2609A,20260527,0.51,0.65,0.51,0.63,32817800
KKP13P2609A,20260527,0.19,0.19,0.17,0.17,2208000
KKP19C2609T,20260527,1.23,1.23,1.23,1.23,200
KTB01C2608A,20260527,0.28,0.28,0.25,0.26,317400
KTB01C2701T,20260527,0.37,0.37,0.36,0.36,678600
KTB13C2608A,20260527,0.18,0.18,0.17,0.17,1259000
KTB41C2608A,20260527,0.15,0.15,0.15,0.15,130000
KTC01C2607A,20260527,0.14,0.14,0.14,0.14,1382600
KTC01P2608A,20260527,0.2,0.2,0.2,0.2,2000
KTC13C2608A,20260527,0.08,0.09,0.08,0.09,276200
KTC19C2609T,20260527,0.17,0.18,0.17,0.18,16000
KTC41C2606T,20260527,0.01,0.01,0.01,0.01,1353900
KTC41C2607A,20260527,0.12,0.12,0.12,0.12,50000
KTC41C2609T,20260527,0.17,0.17,0.17,0.17,5000
KUAISH28C2610A,20260527,0.29,0.3,0.28,0.28,1400400
KUAISH41C2609T,20260527,0.18,0.18,0.18,0.18,20400
LH13C2608A,20260527,0.08,0.08,0.08,0.08,665000
M01C2606A,20260527,0.03,0.04,0.02,0.02,70000
M01C2609A,20260527,0.12,0.14,0.11,0.11,2833600
M01C2610T,20260527,0.11,0.11,0.1,0.1,824600
M13C2607A,20260527,0.06,0.06,0.04,0.04,248600
M13C2608A,20260527,0.09,0.09,0.08,0.08,201000
M13C2608B,20260527,0.4,0.5,0.36,0.37,63001300
M19C2609T,20260527,0.08,0.09,0.07,0.07,225000
M41C2612T,20260527,0.3,0.33,0.28,0.28,8450000
MCA5041C2606A,20260527,0.51,0.51,0.4,0.43,743300
MEGA01C2702T,20260527,0.19,0.19,0.19,0.19,400000
MEITUA28C2609A,20260527,0.24,0.25,0.24,0.24,2400000
MEITUA41C2609A,20260527,0.26,0.26,0.25,0.26,600
MINT01C2606T,20260527,0.01,0.01,0.01,0.01,90000
MINT01C2609A,20260527,0.31,0.32,0.3,0.31,6771300
MINT01P2609A,20260527,0.34,0.34,0.32,0.32,2308000
MINT13C2608A,20260527,0.17,0.17,0.17,0.17,153800
MINT13C2608B,20260527,0.25,0.27,0.25,0.26,4688900
MINT41C2608A,20260527,0.15,0.16,0.15,0.16,800000
MINT41C2612T,20260527,0.07,0.07,0.07,0.07,10000
MTC01C2606A,20260527,0.01,0.01,0.01,0.01,247200
MTC01C2608A,20260527,0.07,0.07,0.07,0.07,285000
MTC01P2610A,20260527,0.31,0.31,0.31,0.31,1529700
MTC13C2608A,20260527,0.12,0.13,0.12,0.12,5355800
MTC13P2607A,20260527,0.11,0.11,0.11,0.11,1937600
MTC41C2606T,20260527,0.01,0.01,0.01,0.01,306000
MTC41C2611T,20260527,0.05,0.05,0.05,0.05,1000000
MTC41C2612T,20260527,0.18,0.18,0.18,0.18,5400000
NDX28C2609A,20260527,2.18,2.18,2.18,2.18,100
NDX28P2606A,20260527,0.04,0.04,0.04,0.04,1000
NDX28P2609A,20260527,0.37,0.37,0.36,0.37,78300
NDX41C2606A,20260527,2.3,2.36,2.22,2.36,423100
NDX41C2606B,20260527,4.12,4.18,4.12,4.18,130000
NDX41P2606A,20260527,0.01,0.01,0.01,0.01,3111000
NDX41P2609T,20260527,0.18,0.18,0.17,0.18,9000
NIKKEI18C2606A,20260527,1.3,1.3,1.2,1.2,1600
NIKKEI28C2606D,20260527,1.22,1.25,1.22,1.25,5300
NIKKEI41C2609A,20260527,1.76,1.76,1.62,1.66,4200
NIKKEI41C2609B,20260527,1.35,1.35,1.35,1.35,100
NIKKEI41C2609C,20260527,1.3,1.31,1.19,1.22,690400
NIKKEI41P2609A,20260527,0.25,0.27,0.25,0.27,978600
NIKKEI41P2609B,20260527,0.22,0.23,0.22,0.23,5100
NIKKEI41P2609C,20260527,0.16,0.18,0.16,0.18,75000
OR01C2606T,20260527,0.01,0.01,0.01,0.01,49500
OR01C2609A,20260527,0.21,0.21,0.21,0.21,1281700
OR01C2705T,20260527,0.21,0.21,0.21,0.21,50100
OR13C2608A,20260527,0.07,0.07,0.06,0.07,494100
OR19C2608A,20260527,0.17,0.17,0.16,0.16,2156400
OR41C2608T,20260527,0.17,0.17,0.16,0.16,3406000
OSP01C2609A,20260527,0.27,0.27,0.26,0.26,5846300
OSP13C2608A,20260527,0.16,0.16,0.16,0.16,6623000
OSP41C2606T,20260527,0.01,0.01,0.01,0.01,238400
OSP41C2701T,20260527,0.28,0.28,0.28,0.28,5400000
PLANB13C2607A,20260527,0.24,0.24,0.24,0.24,2308900
PLANB13C2608A,20260527,0.17,0.18,0.16,0.16,1318400
PLANB13C2608B,20260527,0.05,0.05,0.05,0.05,18000
PLANB19C2608A,20260527,0.46,0.48,0.45,0.45,6760700
PLANB41C2606T,20260527,0.01,0.01,0.01,0.01,594200
PLANB41C2607A,20260527,0.23,0.24,0.22,0.24,600000
PLANB41C2608A,20260527,0.16,0.16,0.16,0.16,800000
POPMAR41C2605A,20260527,0.01,0.01,0.01,0.01,20000
POPMAR41C2609T,20260527,0.3,0.31,0.3,0.3,3400
PR913C2608A,20260527,0.05,0.05,0.05,0.05,250000
PRM01C2609A,20260527,0.33,0.37,0.33,0.37,1944500
PRM01C2702T,20260527,0.36,0.38,0.35,0.38,2958900
PRM13C2608A,20260527,0.24,0.28,0.23,0.28,3553400
PRM19C2701T,20260527,0.46,0.5,0.46,0.5,2507300
PRM41C2612T,20260527,0.56,0.59,0.56,0.59,1300000
PRM41C2702T,20260527,0.22,0.23,0.22,0.23,350000
PTG13C2608B,20260527,0.02,0.02,0.02,0.02,100
PTG19C2609A,20260527,0.1,0.1,0.1,0.1,302400
PTT01C2606T,20260527,0.05,0.05,0.05,0.05,2500
PTT01C2607A,20260527,0.12,0.13,0.11,0.12,700900
PTT01P2609A,20260527,0.12,0.12,0.12,0.12,500
PTT13C2608A,20260527,0.08,0.1,0.08,0.09,1000400
PTT13C2609A,20260527,0.2,0.2,0.2,0.2,1975300
PTT41C2606A,20260527,0.08,0.09,0.08,0.09,164000
PTTEP01C2607A,20260527,0.7,0.7,0.7,0.7,1000
PTTEP01C2608A,20260527,0.33,0.33,0.3,0.3,4293100
PTTEP01C2609A,20260527,0.22,0.22,0.19,0.2,2223200
PTTEP01C2703T,20260527,0.44,0.44,0.42,0.42,3018100
PTTEP01P2608A,20260527,0.29,0.31,0.29,0.31,2187100
PTTEP01P2703T,20260527,0.49,0.5,0.49,0.5,821600
PTTEP13C2608B,20260527,0.27,0.27,0.24,0.24,4375000
PTTEP13C2608C,20260527,0.12,0.13,0.11,0.11,2529700
PTTEP13P2608A,20260527,0.12,0.13,0.12,0.13,797100
PTTEP19C2607B,20260527,0.35,0.36,0.35,0.36,195900
PTTEP19C2608A,20260527,0.28,0.28,0.24,0.24,1806000
PTTEP19C2608B,20260527,0.13,0.13,0.12,0.12,5040900
PTTEP41C2608B,20260527,0.26,0.26,0.25,0.25,800000
PTTEP41C2608C,20260527,0.1,0.1,0.1,0.1,1600000
PTTEP41C2609T,20260527,0.89,0.89,0.87,0.87,1000000
PTTEP41C2703T,20260527,0.42,0.42,0.4,0.4,3039200
PTTEP41P2608A,20260527,0.13,0.13,0.13,0.13,1000
PTTGC01C2607A,20260527,0.25,0.25,0.25,0.25,200
PTTGC01C2609A,20260527,0.18,0.19,0.18,0.18,2000100
PTTGC01C2704T,20260527,0.26,0.26,0.25,0.25,1042600
PTTGC01P2609A,20260527,0.1,0.11,0.1,0.11,18200
PTTGC13C2608A,20260527,0.29,0.3,0.28,0.28,2117800
PTTGC13C2609A,20260527,0.22,0.23,0.22,0.22,2670500
PTTGC13P2607A,20260527,0.01,0.05,0.01,0.05,161000
PTTGC13P2608A,20260527,0.14,0.15,0.14,0.15,383400
PTTGC19C2609A,20260527,0.24,0.25,0.24,0.24,1309300
PTTGC41C2609A,20260527,0.21,0.22,0.21,0.21,900000
PTTGC41C2611T,20260527,0.32,0.33,0.32,0.32,1800000
PTTGC41C2702T,20260527,0.26,0.26,0.26,0.26,800000
RCL01C2608A,20260527,0.14,0.14,0.14,0.14,100
RCL01C2610T,20260527,0.32,0.32,0.32,0.32,1239300
RCL13C2608A,20260527,0.12,0.12,0.12,0.12,289000
RCL19C2609A,20260527,0.16,0.16,0.15,0.16,6100
RCL41C2612T,20260527,0.24,0.24,0.24,0.24,200000
SAWAD01C2609B,20260527,0.23,0.23,0.22,0.22,1844800
SAWAD01P2608A,20260527,0.27,0.28,0.27,0.27,478400
SAWAD13C2607B,20260527,0.04,0.04,0.03,0.03,711500
SAWAD13C2609A,20260527,0.24,0.24,0.23,0.23,2758900
SAWAD19C2608A,20260527,0.07,0.07,0.07,0.07,200
SAWAD41C2609A,20260527,0.21,0.21,0.21,0.21,1760000
SAWAD41C2610T,20260527,0.18,0.18,0.18,0.18,1710000
SCB01C2607A,20260527,0.13,0.13,0.12,0.13,1247700
SCB01C2610A,20260527,0.32,0.32,0.31,0.31,1297400
SCB01C2703T,20260527,0.28,0.28,0.28,0.28,1194000
SCB01P2610A,20260527,0.43,0.43,0.43,0.43,1081700
SCB13C2607A,20260527,0.03,0.03,0.03,0.03,4000
SCB13C2607B,20260527,0.05,0.05,0.05,0.05,1267000
SCB13C2609A,20260527,0.26,0.26,0.25,0.25,1647600
SCB13P2609A,20260527,0.32,0.32,0.31,0.31,122000
SCB41C2609T,20260527,0.46,0.46,0.45,0.46,2250000
SCC01C2607A,20260527,0.14,0.14,0.13,0.13,2113600
SCC01C2609A,20260527,1.53,1.53,1.45,1.45,355900
SCC01C2609B,20260527,0.56,0.56,0.51,0.52,786400
SCC01C2610A,20260527,0.48,0.48,0.46,0.46,1962400
SCC01C2704T,20260527,0.46,0.46,0.45,0.45,1585600
SCC01P2610A,20260527,0.41,0.42,0.41,0.42,832700
SCC13C2607A,20260527,0.28,0.28,0.24,0.25,22031200
SCC13C2608A,20260527,1.36,1.36,1.36,1.36,20000
SCC13C2609A,20260527,0.3,0.3,0.27,0.28,4854700
SCC13P2607A,20260527,0.02,0.02,0.02,0.02,3000
SCC19C2607A,20260527,0.13,0.13,0.12,0.12,280800
SCC41C2606A,20260527,0.12,0.12,0.09,0.09,276000
SCC41C2607A,20260527,0.24,0.24,0.24,0.24,200000
SCC41C2611T,20260527,0.28,0.28,0.27,0.27,400000
SCC41C2612T,20260527,0.78,0.78,0.78,0.78,1000
SCGP01C2608A,20260527,0.51,0.51,0.5,0.5,22000
SCGP01C2609A,20260527,0.9,0.9,0.89,0.9,6600
SCGP13C2607A,20260527,0.34,0.36,0.32,0.32,8436600
SCGP13C2608A,20260527,0.9,0.9,0.84,0.84,500
SCGP41C2606T,20260527,0.42,0.43,0.42,0.42,400000
SCGP41C2607A,20260527,0.34,0.34,0.33,0.33,300000
SCGP41C2609T,20260527,0.81,0.81,0.8,0.8,500000
SET01C2607A,20260527,1.91,2.3,1.79,2.14,250500
SET01C2607B,20260527,0.3,0.38,0.3,0.33,969300
SET01C2706L,20260527,2.08,2.1,2.08,2.1,8000
SET01P2606L,20260527,0.17,0.18,0.14,0.15,979300
SET01P2607A,20260527,0.02,0.02,0.01,0.02,170100
SET01P2607B,20260527,0.02,0.02,0.02,0.02,525600
SET01P2706L,20260527,1.37,1.38,1.35,1.36,56300
SET5001C2606F,20260527,0.6,0.69,0.6,0.65,203100
SET5001C2606G,20260527,0.12,0.14,0.11,0.11,2087500
SET5001C2606I,20260527,0.57,0.59,0.54,0.59,5269300
SET5001C2607A,20260527,0.65,0.71,0.65,0.71,44600
SET5001C2607B,20260527,0.06,0.06,0.06,0.06,10200
SET5001C2607C,20260527,0.53,0.55,0.51,0.55,5210200
SET5001P2606F,20260527,0.04,0.04,0.04,0.04,30000
SET5001P2606G,20260527,0.01,0.01,0.01,0.01,12500
SET5001P2607A,20260527,0.01,0.01,0.01,0.01,2000
SET5001P2607B,20260527,0.05,0.05,0.04,0.04,107300
SET5001P2607C,20260527,0.04,0.04,0.03,0.04,40500
SET5013C2606A,20260527,0.58,0.6,0.54,0.6,231700
SET5013C2606B,20260527,0.27,0.32,0.26,0.27,35413000
SET5013C2606C,20260527,0.15,0.19,0.15,0.15,9107000
SET5013C2606D,20260527,0.11,0.14,0.11,0.11,9470100
SET5013C2606E,20260527,0.08,0.09,0.07,0.07,978100
SET5013C2606F,20260527,0.04,0.05,0.04,0.04,2471400
SET5013C2606G,20260527,0.03,0.04,0.03,0.03,767600
SET5013C2606H,20260527,0.15,0.17,0.14,0.15,48948200
SET5013C2606I,20260527,0.27,0.3,0.26,0.26,125010700
SET5013C2606J,20260527,0.54,0.59,0.51,0.53,22375000
SET5013C2606K,20260527,0.65,0.73,0.62,0.64,68748300
SET5013C2606L,20260527,0.23,0.26,0.21,0.22,78730700
SET5013P2606C,20260527,0.01,0.01,0.01,0.01,549000
SET5013P2606D,20260527,0.01,0.01,0.01,0.01,100
SET5013P2606E,20260527,0.01,0.01,0.01,0.01,521000
SET5013P2606G,20260527,0.06,0.06,0.05,0.06,3525600
SET5013P2606H,20260527,0.01,0.01,0.01,0.01,139000
SET5013P2606I,20260527,0.01,0.01,0.01,0.01,50000
SET5013P2606K,20260527,0.02,0.02,0.02,0.02,15000
SET5013P2606L,20260527,0.02,0.02,0.01,0.02,668200
SET5013P2606M,20260527,0.03,0.05,0.03,0.04,17400
SET5013P2606N,20260527,0.06,0.07,0.05,0.06,2177100
SET5013P2606O,20260527,0.09,0.09,0.07,0.08,14861600
SET5013P2606X,20260527,3.52,3.52,3.38,3.38,407200
SET5019C2606A,20260527,0.55,0.63,0.52,0.54,6735600
SET5019C2606B,20260527,0.37,0.41,0.35,0.35,26413800
SET5019C2606C,20260527,0.08,0.08,0.08,0.08,6107500
SET5019C2606D,20260527,0.49,0.56,0.46,0.48,27216100
SET5019C2606E,20260527,0.3,0.36,0.3,0.3,39722400
SET5019C2606F,20260527,0.23,0.27,0.22,0.23,32528800
SET5019P2606E,20260527,0.01,0.01,0.01,0.01,316300
SET5019P2606F,20260527,0.08,0.08,0.07,0.07,1365900
SET5041C2606B,20260527,0.32,0.33,0.31,0.32,55200
SET5041C2606E,20260527,0.1,0.1,0.1,0.1,10000
SET5041C2606I,20260527,0.27,0.29,0.27,0.29,5200
SET5041C2606J,20260527,0.46,0.5,0.44,0.5,5250300
SET5041C2606K,20260527,0.56,0.56,0.56,0.56,10000
SET5041C2609T,20260527,1.23,1.26,1.22,1.24,44200
SET5041P2606M,20260527,0.07,0.07,0.05,0.05,561000
SET5041P2606N,20260527,0.05,0.05,0.05,0.05,1000
SET5041P2609T,20260527,0.16,0.16,0.16,0.16,8000
SISB13C2608A,20260527,0.08,0.08,0.08,0.08,190000
SISB19C2612A,20260527,0.21,0.22,0.21,0.21,253000
SJWD13C2608A,20260527,0.18,0.19,0.17,0.17,3289700
SPALI13C2608A,20260527,0.1,0.1,0.1,0.1,204500
SPRC01C2607A,20260527,0.12,0.14,0.12,0.13,4684800
SPRC01C2610A,20260527,0.28,0.3,0.28,0.28,5532300
SPRC01C2703T,20260527,0.25,0.26,0.25,0.26,2051100
SPRC13C2607A,20260527,0.12,0.14,0.12,0.12,2681700
SPRC13C2608A,20260527,0.12,0.13,0.12,0.12,2701100
SPRC13C2609A,20260527,0.31,0.33,0.3,0.31,3530700
SPRC19C2609A,20260527,0.32,0.34,0.31,0.33,5368200
SPRC41C2607A,20260527,0.11,0.12,0.11,0.12,3000000
SPRC41C2608A,20260527,0.11,0.11,0.11,0.11,600000
SPRC41C2612T,20260527,0.6,0.62,0.6,0.61,2569800
SPX28C2609A,20260527,1.46,1.48,1.45,1.48,700
SPX28P2609A,20260527,0.51,0.52,0.51,0.52,1800300
SPX41C2606A,20260527,0.84,0.86,0.84,0.86,33600
STA01C2607A,20260527,0.65,0.68,0.65,0.65,478200
STA01C2609A,20260527,0.44,0.47,0.42,0.42,742100
STA13C2608A,20260527,0.58,0.58,0.58,0.58,5000
STA13C2608B,20260527,0.37,0.39,0.34,0.34,2945100
STA19C2612A,20260527,0.75,0.77,0.75,0.77,350600
STA41C2612T,20260527,0.42,0.42,0.42,0.42,402300
STECON01C2609A,20260527,0.31,0.33,0.31,0.31,14195200
STECON13C2609A,20260527,0.35,0.35,0.32,0.32,3930300
STGT01C2608A,20260527,0.8,0.83,0.77,0.77,1068600
STGT01C2609A,20260527,0.31,0.32,0.31,0.32,104800
STGT13C2607B,20260527,0.2,0.22,0.17,0.17,1603200
STGT41C2612T,20260527,0.69,0.69,0.67,0.67,225900
TCAP13C2609A,20260527,0.34,0.35,0.34,0.35,1316300
TFG13C2609A,20260527,0.54,0.54,0.5,0.52,9639500
TFG41C2609A,20260527,0.52,0.52,0.5,0.5,1300
TFG41C2701T,20260527,0.65,0.66,0.65,0.66,400500
TIDLOR01C2608A,20260527,0.06,0.06,0.06,0.06,76000
TIDLOR01C2609A,20260527,0.5,0.5,0.48,0.49,1165700
TIDLOR01C2610T,20260527,0.17,0.17,0.17,0.17,1340900
TIDLOR01P2608A,20260527,0.33,0.34,0.33,0.33,1638300
TIDLOR13C2607A,20260527,0.06,0.07,0.06,0.07,358500
TIDLOR13C2608A,20260527,0.36,0.37,0.34,0.35,4161700
TIDLOR13C2701T,20260527,0.31,0.31,0.3,0.3,2351600
TIDLOR13P2608A,20260527,0.15,0.16,0.15,0.15,694600
TIDLOR19C2609T,20260527,0.15,0.15,0.15,0.15,20000
TIDLOR19C2612T,20260527,0.45,0.45,0.44,0.44,449700
TIDLOR41C2608A,20260527,0.34,0.34,0.33,0.33,1080000
TISCO13C2607A,20260527,0.08,0.08,0.08,0.08,600000
TISCO13C2609A,20260527,0.19,0.2,0.19,0.2,1044600
TISCO41C2606T,20260527,0.39,0.4,0.39,0.4,639000
TLI01C2609A,20260527,0.26,0.26,0.26,0.26,2300
TLI13C2609A,20260527,0.28,0.28,0.27,0.27,782300
TLI41C2609A,20260527,0.26,0.26,0.26,0.26,880000
TOA01C2702T,20260527,0.21,0.21,0.21,0.21,2677800
TOP01C2608A,20260527,0.12,0.13,0.12,0.12,3423400
TOP01C2609A,20260527,0.07,0.07,0.07,0.07,1300
TOP01C2610A,20260527,0.31,0.35,0.31,0.32,7363500
TOP01C2701T,20260527,0.33,0.36,0.33,0.34,3230100
TOP01P2609A,20260527,0.46,0.46,0.41,0.45,3073900
TOP01P2609B,20260527,0.4,0.4,0.36,0.39,7215200
TOP13C2607A,20260527,0.12,0.15,0.12,0.13,6462800
TOP13C2608A,20260527,0.1,0.11,0.1,0.1,3235000
TOP13C2609A,20260527,0.31,0.35,0.31,0.32,8972800
TOP13P2608A,20260527,0.29,0.29,0.26,0.28,2359600
TOP19C2608A,20260527,0.17,0.19,0.17,0.17,3637200
TOP19C2612T,20260527,0.71,0.76,0.71,0.73,2331600
TOP41C2606A,20260527,0.22,0.26,0.22,0.26,600000
TOP41C2607A,20260527,0.13,0.13,0.12,0.12,450000
TOP41C2608A,20260527,0.09,0.1,0.09,0.09,600000
TOP41C2609T,20260527,1.09,1.1,1.09,1.1,400000
TOP41C2703T,20260527,0.29,0.3,0.29,0.3,2400100
TRUE01C2607A,20260527,0.27,0.27,0.26,0.26,1263600
TRUE01C2608A,20260527,0.13,0.13,0.12,0.13,2094700
TRUE01C2703T,20260527,0.26,0.26,0.26,0.26,100
TRUE01P2608A,20260527,0.19,0.2,0.18,0.19,1168700
TRUE13C2607A,20260527,0.22,0.24,0.22,0.22,22800
TRUE13C2607B,20260527,0.28,0.28,0.25,0.25,2872200
TRUE13C2608A,20260527,0.14,0.14,0.13,0.13,1361400
TRUE13P2608A,20260527,0.17,0.18,0.17,0.18,1542800
TRUE19C2608A,20260527,0.13,0.14,0.13,0.13,599500
TRUE41C2607B,20260527,0.25,0.25,0.23,0.23,308700
TRUE41C2608A,20260527,0.12,0.12,0.12,0.12,100
TRUE41C2612T,20260527,0.3,0.3,0.29,0.3,10436000
TTB01C2608A,20260527,0.11,0.11,0.11,0.11,20200
TTB13C2608A,20260527,0.08,0.08,0.08,0.08,200000
TTB13C2609A,20260527,0.18,0.19,0.18,0.19,812200
TU13C2607A,20260527,0.01,0.02,0.01,0.01,8000000
TU13C2608A,20260527,0.08,0.08,0.07,0.08,521000
VGI01C2606A,20260527,0.01,0.01,0.01,0.01,200000
VGI01C2608A,20260527,0.06,0.06,0.05,0.06,4400
VGI01C2609A,20260527,0.16,0.16,0.15,0.16,6115000
VGI13C2608A,20260527,0.03,0.03,0.03,0.03,300000
VGI13C2608B,20260527,0.09,0.1,0.09,0.09,1131000
VGI19C2607A,20260527,0.06,0.07,0.06,0.06,987200
VGI19C2607B,20260527,0.01,0.01,0.01,0.01,100
VGI19C2609A,20260527,0.16,0.16,0.15,0.15,5788400
VGI19C2610T,20260527,0.05,0.05,0.05,0.05,20000
VGI41C2606T,20260527,0.01,0.01,0.01,0.01,320000
VGI41C2703T,20260527,0.28,0.28,0.27,0.27,86000
WHA01C2608A,20260527,0.53,0.53,0.53,0.53,724600
WHA01C2610T,20260527,0.96,0.96,0.96,0.96,911300
WHA13C2608A,20260527,0.61,0.64,0.61,0.64,70000
WHA13C2701T,20260527,0.82,0.82,0.82,0.82,2000
WHA13P2608A,20260527,0.09,0.09,0.09,0.09,705800
WUXI41C2609A,20260527,0.17,0.17,0.17,0.17,400
XIAOMI28C2606A,20260527,0.01,0.01,0.01,0.01,2000
XIAOMI28C2609A,20260527,0.14,0.14,0.12,0.12,1199000
XIAOMI41C2605A,20260527,0.01,0.01,0.01,0.01,100
XIAOMI41C2609T,20260527,0.2,0.2,0.18,0.18,222100
ZIJIN41C2610A,20260527,0.33,0.33,0.31,0.31,200
ASW-W3-O,20260527,0.65,0.67,0.65,0.67,145
B-W8-O,20260527,0.01,0.01,0.01,0.01,22
BWG-W7-O,20260527,0.04,0.04,0.03,0.04,430
CHASE-W1-O,20260527,0.16,0.16,0.16,0.16,4
CHAYO-W4-O,20260527,0.03,0.25,0.03,0.25,246
DEMCO-W8-O,20260527,0.95,1.04,0.71,1,1001
EA-W1-O,20260527,0.75,0.82,0.74,0.82,1981
IROYAL-W1-O,20260527,1.2,1.24,1.2,1.24,75
IROYAL-W2-O,20260527,0.83,0.94,0.34,0.34,79
ITEL-W6-O,20260527,0.18,0.18,0.18,0.18,300
JAS-W4-O,20260527,0.17,0.19,0.17,0.17,436
K-W3-O,20260527,0.01,0.01,0.01,0.01,29
KGEN-W2-O,20260527,0.1,0.1,0.1,0.1,33
MGI-W1-O,20260527,0.1,0.1,0.1,0.1,178
NOBLE-W3-O,20260527,0.1,0.1,0.1,0.1,126
ORI-W2-O,20260527,0.25,0.25,0.23,0.24,547
PPPM-W6-O,20260527,0.01,0.01,0.01,0.01,29
PROEN-W2-O,20260527,0.12,0.12,0.12,0.12,1
PSTC-W3-O,20260527,0.02,0.02,0.02,0.02,40
ROCTEC-W5-O,20260527,0.01,0.01,0.01,0.01,150
SAAM-W4-O,20260527,0.11,0.11,0.11,0.11,45
SAMTEL-W2-O,20260527,0.24,0.24,0.17,0.24,66
TFG-W4-O,20260527,5.8,5.9,5.4,5.4,196
TGE-W2-O,20260527,0.02,0.02,0.02,0.02,100
TL-W2-O,20260527,0.07,0.07,0.06,0.07,478
TPL-W1-O,20260527,0.15,0.15,0.15,0.15,14
TVDH-W5-O,20260527,0.01,0.01,0.01,0.01,637
TWZ-W8-O,20260527,0.01,0.01,0.01,0.01,50
VGI-W3-O,20260527,0.01,0.01,0.01,0.01,20
VIBHA-W5-O,20260527,0.05,0.05,0.05,0.05,84
VIH-W1-O,20260527,0.19,0.2,0.19,0.2,30
XBIO-W8-O,20260527,0.15,0.15,0.15,0.15,33
ZIGA-W2-O,20260527,0.05,0.05,0.05,0.05,129
A5-W5,20260527,0.04,0.05,0.04,0.05,1300
ACC-W2,20260527,0.09,0.09,0.07,0.08,1363100
ASW-W3,20260527,0.66,0.7,0.66,0.7,1500
B-W8,20260527,0.01,0.01,0.01,0.01,78500
BC-W4,20260527,0.05,0.05,0.05,0.05,309400
BR-W1,20260527,0.01,0.02,0.01,0.01,4669600
BTS-W8,20260527,0.01,0.01,0.01,0.01,93100
BWG-W7,20260527,0.04,0.05,0.03,0.05,17462800
CAZ-W1,20260527,0.65,0.67,0.61,0.61,69800
CHASE-W1,20260527,0.17,0.18,0.16,0.16,1105600
CHAYO-W4,20260527,0.26,0.27,0.26,0.26,1296500
CIG-W9,20260527,0.01,0.02,0.01,0.02,5700
COMAN-W1,20260527,0.07,0.08,0.06,0.06,692300
DEMCO-W8,20260527,0.89,1.04,0.86,0.89,30195900
EA-W1,20260527,0.75,0.83,0.75,0.8,76093400
EMPIRE-W1,20260527,0.04,0.04,0.03,0.04,1257600
EMPIRE-W2,20260527,0.09,0.1,0.08,0.09,58600
GLORY-W1,20260527,0.22,0.28,0.21,0.25,3126700
HYDRO-W2,20260527,0.07,0.07,0.07,0.07,18200
IROYAL-W1,20260527,1.23,1.29,1.16,1.27,143400
IROYAL-W2,20260527,0.9,0.94,0.87,0.89,182400
ITEL-W5,20260527,0.01,0.01,0.01,0.01,1000
ITEL-W6,20260527,0.19,0.2,0.19,0.19,3937900
JAS-W4,20260527,0.18,0.19,0.17,0.17,9675600
K-W3,20260527,0.01,0.01,0.01,0.01,100
KASET-W1,20260527,0.13,0.15,0.13,0.14,2196600
KGEN-W2,20260527,0.1,0.11,0.1,0.11,1389100
MADAME-W6,20260527,0.08,0.1,0.08,0.1,39000
MGI-W1,20260527,0.11,0.11,0.1,0.1,2261500
NOBLE-W3,20260527,0.1,0.12,0.1,0.1,1451100
ORI-W2,20260527,0.25,0.26,0.24,0.25,3696500
PEER-W2,20260527,0.01,0.01,0.01,0.01,500
PLANET-W2,20260527,0.26,0.26,0.23,0.25,44800
PLANET-W3,20260527,0.21,0.22,0.19,0.21,29500
PPPM-W6,20260527,0.03,0.03,0.02,0.03,615800
PROEN-W2,20260527,0.09,0.13,0.09,0.11,24570200
PROUD-W3,20260527,0.13,0.14,0.13,0.14,430000
PSTC-W3,20260527,0.04,0.04,0.03,0.04,14400
QDC-W3,20260527,0.07,0.07,0.06,0.07,282500
ROCTEC-W5,20260527,0.01,0.02,0.01,0.01,7439500
SAAM-W3,20260527,0.14,0.14,0.13,0.14,253600
SAAM-W4,20260527,0.14,0.14,0.12,0.13,5900
SAMTEL-W2,20260527,0.25,0.27,0.25,0.25,131200
SGC-W2,20260527,0.36,0.38,0.34,0.34,8636800
STELLA-W6,20260527,0.04,0.05,0.04,0.05,79200
TAKUNI-W2,20260527,0.23,0.27,0.22,0.24,183200
TCC-W5,20260527,0.16,0.17,0.16,0.16,165500
TFG-W4,20260527,6,6.05,5.85,5.85,545500
TGE-W2,20260527,0.02,0.03,0.02,0.02,701900
TL-W2,20260527,0.07,0.07,0.06,0.07,849400
TNITY-W2,20260527,0.11,0.12,0.11,0.12,61200
TPL-W1,20260527,0.29,0.3,0.29,0.3,16000
TRUBB-W3,20260527,0.39,0.42,0.39,0.39,939500
TVDH-W5,20260527,0.01,0.01,0.01,0.01,2118000
TVDH-W6,20260527,0.02,0.02,0.02,0.02,2900
TWZ-W8,20260527,0.01,0.01,0.01,0.01,200
UREKA-W3,20260527,0.17,0.17,0.17,0.17,25000
VGI-W3,20260527,0.02,0.02,0.01,0.02,192100
VIBHA-W5,20260527,0.05,0.06,0.05,0.05,1702000
VIH-W1,20260527,0.19,0.4,0.19,0.22,6700
XBIO-W6,20260527,0.03,0.03,0.02,0.03,8500
XBIO-W7,20260527,0.01,0.01,0.01,0.01,43700
XBIO-W8,20260527,0.15,0.16,0.13,0.15,4887300
ZIGA-W2,20260527,0.04,0.06,0.04,0.06,2948200
1DIV-O,20260527,12.76,12.82,12.76,12.82,130
1I01BSET50-O,20260527,3.74,3.74,3.74,3.74,24
2X01BSET50-O,20260527,7.66,7.69,7.66,7.69,3
ABFTH-O,20260527,1330,1330,1330,1330,3
BMSCG-O,20260527,8.74,8.78,8.74,8.78,11
BMSCITH-O,20260527,12.9,12.96,12.9,12.96,118
BSET100-O,20260527,11.37,11.4,11.37,11.4,48
CHINA-O,20260527,7.59,7.7,7.59,7.61,149
GLD-O,20260527,5.82,5.85,5.81,5.81,828
TDEX-O,20260527,10,10.04,9.98,10,457
1DIV,20260527,12.77,12.81,12.76,12.79,18300
1I01BSET50,20260527,3.7,3.7,3.69,3.69,3600
2I01BSET50,20260527,2.72,2.73,2.7,2.72,3185900
2X01BSET50,20260527,7.66,7.72,7.66,7.66,132900
BMSCG,20260527,8.78,8.85,8.78,8.83,1500
BMSCITH,20260527,12.86,12.98,12.85,12.88,389800
BSET100,20260527,11.34,11.39,11.33,11.39,447700
CHINA,20260527,7.66,7.66,7.59,7.61,3400
GLD,20260527,5.85,5.85,5.79,5.82,4098500
TDEX,20260527,9.97,10.04,9.96,9.96,580100
UBOT,20260527,14.94,15.24,14.94,15.14,3000
UHERO,20260527,8,8,7.9,7.98,600
2S-O,20260527,3.04,3.04,3.04,3.04,3
3BBIF-O,20260527,6.45,6.5,6.45,6.45,1224
88TH-O,20260527,4.38,4.38,4.36,4.36,3
A-O,20260527,4.22,4.22,3.34,3.34,8
AAI-O,20260527,3.56,3.58,3.56,3.56,129
AAV-O,20260527,1.09,1.09,1.07,1.07,449
ACE-O,20260527,1.29,1.29,1.29,1.29,91
ACG-O,20260527,0.79,0.79,0.78,0.78,15
ADB-O,20260527,0.5,0.5,0.5,0.5,10
ADD-O,20260527,3.38,3.38,3.38,3.38,21
ADVANC-O,20260527,355,355,351,352,14429
ADVICE-O,20260527,6.35,6.5,6.35,6.35,404
AE-O,20260527,0.09,0.11,0.09,0.11,111
AEONTS-O,20260527,94.25,94.75,94,94.25,426
AFC-O,20260527,3.58,3.58,3.58,3.58,1
AGE-O,20260527,1.2,1.2,1.17,1.18,134
AH-O,20260527,13.9,13.9,13.9,13.9,1
AHC-O,20260527,13,13,13,13,1
AI-O,20260527,2.86,2.9,2.84,2.9,180
AIE-O,20260527,1.17,1.19,1.15,1.19,174
AIMIRT-O,20260527,11.4,11.5,11.2,11.5,106
AIT-O,20260527,4.7,4.72,4.68,4.7,271
AJ-O,20260527,3.22,3.38,2.36,2.36,153
AJA-O,20260527,0.15,0.15,0.15,0.15,69
AKP-O,20260527,0.75,0.75,0.74,0.74,46
AKR-O,20260527,0.87,0.87,0.87,0.87,236
ALLY-O,20260527,4.74,4.74,4.7,4.7,70
ALPHAX-O,20260527,0.29,0.29,0.29,0.29,38
ALT-O,20260527,1.36,1.36,1.36,1.36,1
ALUCON-O,20260527,242,242,238,238,12
AMA-O,20260527,3.88,3.88,3.86,3.86,198
AMANAH-O,20260527,0.6,0.6,0.59,0.6,621
AMARC-O,20260527,3.38,3.38,3.38,3.38,6
AMATA-O,20260527,25,25.5,25,25.25,505
AMATAR-O,20260527,7.25,7.25,7.25,7.25,2
AMATAV-O,20260527,2.02,2.02,1.99,1.99,28
AMC-O,20260527,2.26,2.26,2.26,2.26,1
AMR-O,20260527,0.36,0.36,0.36,0.36,25
ANAN-O,20260527,0.34,0.4,0.34,0.4,9
ANI-O,20260527,2.56,2.56,2.56,2.56,1
AOT-O,20260527,54.25,54.75,54.25,54.75,2352
AP-O,20260527,7.65,7.65,7.45,7.5,2936
APCO-O,20260527,2.58,2.58,2.58,2.58,30
APO-O,20260527,2.06,2.06,2.04,2.04,80
APP-O,20260527,2.44,2.44,2.44,2.44,10
APURE-O,20260527,2.02,2.02,2.02,2.02,20
AQUA-O,20260527,0.11,0.11,0.11,0.11,149
ARIN-O,20260527,0.53,0.53,0.53,0.53,1
ARROW-O,20260527,5.2,5.2,5.2,5.2,29
AS-O,20260527,2.5,2.52,2.46,2.46,353
ASAP-O,20260527,2.38,2.58,2.18,2.18,243
ASEFA-O,20260527,4.88,5.15,4.88,5.15,26
ASIAN-O,20260527,7,7.7,7,7,166
ASK-O,20260527,9.05,9.2,9.05,9.2,55
ASN-O,20260527,0.75,0.75,0.75,0.75,1
ASP-O,20260527,2.18,2.18,2.14,2.16,95
ASW-O,20260527,7,7,6.9,6.9,97
ATLAS-O,20260527,1.82,1.83,1.82,1.83,6
AU-O,20260527,4.58,4.6,4.58,4.6,35
AUCT-O,20260527,2.88,4.06,2.88,4.04,108
AURA-O,20260527,14.7,14.9,14.6,14.7,187
AWC-O,20260527,2.3,2.34,2.28,2.32,479
AXTRART-O,20260527,13.3,13.3,12.8,12.9,238
AYUD-O,20260527,39,40.25,38.5,40.25,171
B-O,20260527,0.04,0.04,0.03,0.03,262
B-WORK-O,20260527,6.1,6.1,6.1,6.1,40
B52-O,20260527,0.18,0.26,0.18,0.26,100
BA-O,20260527,14.9,15.2,14.9,15.2,542
BAFS-O,20260527,5.95,8.55,5.95,8.5,117
BAM-O,20260527,6.5,6.5,6.45,6.45,418
BANPU-O,20260527,5.8,5.95,5.8,5.85,1345
BAREIT-O,20260527,10.6,10.6,10.6,10.6,115
BAY-O,20260527,31.75,33.25,31.75,33,1892
BBGI-O,20260527,4.18,4.2,4.06,4.2,114
BBIK-O,20260527,16.8,18.4,16.7,17.7,460
BBL-O,20260527,173.5,174,171.5,173.5,2664
BC-O,20260527,0.67,0.67,0.65,0.66,15
BCH-O,20260527,9.2,9.3,9.15,9.2,1539
BCP-O,20260527,34.25,34.75,34.25,34.25,743
BCPG-O,20260527,6.75,6.75,6.65,6.7,916
BCT-O,20260527,50,50,49.5,49.5,5
BDMS-O,20260527,18.4,18.5,18.1,18.5,6507
BE8-O,20260527,4.9,5.2,4.9,5.15,590
BEAUTY-O,20260527,0.37,0.37,0.37,0.37,80
BEC-O,20260527,1.84,1.89,1.81,1.89,80
BEM-O,20260527,5.2,5.25,5.2,5.2,1271
BEYOND-O,20260527,8.75,8.75,8.75,8.75,2
BGC-O,20260527,5.95,6,5.9,6,139
BGRIM-O,20260527,13.7,13.9,13.7,13.8,856
BGT-O,20260527,0.26,0.26,0.26,0.26,29
BH-O,20260527,179,180,178,178.5,1354
BIG-O,20260527,0.29,0.29,0.29,0.29,6
BIOTEC-O,20260527,0.27,0.3,0.27,0.29,160
BIZ-O,20260527,5.2,5.25,5.15,5.15,38
BJC-O,20260527,14.4,14.4,14.2,14.3,408
BJCHI-O,20260527,0.8,0.81,0.79,0.81,7
BKA-O,20260527,0.75,0.75,0.75,0.75,1
BKD-O,20260527,1.09,1.09,1.09,1.09,20
BKGI-O,20260527,1.71,1.72,1.21,1.72,127
BKIH-O,20260527,353,356,353,354,8
BLA-O,20260527,22.7,23.5,22.5,23.2,326
BLAND-O,20260527,0.45,0.45,0.45,0.45,5
BLC-O,20260527,4.02,4.02,3.98,3.98,343
BLESS-O,20260527,0.26,0.26,0.26,0.26,70
BM-O,20260527,1.04,1.04,1.03,1.03,11
BOFFICE-O,20260527,5.4,5.4,5.05,5.35,178
BOL-O,20260527,4.94,4.94,4.94,4.94,1
BPP-O,20260527,11.9,12,11.9,12,46
BPS-O,20260527,0.48,0.48,0.48,0.48,5
BRI-O,20260527,1.29,1.29,1.29,1.29,105
BRRGIF-O,20260527,3.92,3.92,3.92,3.92,3
BSM-O,20260527,0.32,0.32,0.32,0.32,99
BTC-O,20260527,0.15,0.2,0.15,0.16,54
BTG-O,20260527,20.2,20.4,20.1,20.2,714
BTS-O,20260527,2.06,2.08,2.02,2.06,2056
BTW-O,20260527,0.08,0.08,0.08,0.08,3
BWG-O,20260527,0.32,0.34,0.32,0.33,151
BYD-O,20260527,0.52,0.56,0.52,0.56,56
CAZ-O,20260527,1.58,1.58,1.58,1.58,7
CBG-O,20260527,41.25,41.5,41,41,657
CCET-O,20260527,9.05,9.25,8.85,8.9,4240
CCP-O,20260527,0.26,0.26,0.26,0.26,45
CENTEL-O,20260527,33,33.75,33,33.25,643
CFRESH-O,20260527,0.94,0.94,0.86,0.86,97
CGD-O,20260527,0.08,0.12,0.08,0.12,21
CHAO-O,20260527,4.22,4.22,4.22,4.22,1
CHARAN-O,20260527,16,16,16,16,1
CHASE-O,20260527,0.35,0.35,0.35,0.35,11
CHAYO-O,20260527,1.21,1.22,1.2,1.21,286
CHEWA-O,20260527,0.17,0.17,0.17,0.17,10
CHG-O,20260527,1.38,1.4,1.37,1.39,776
CI-O,20260527,0.33,0.34,0.33,0.34,50
CITY-O,20260527,1.22,1.22,1.22,1.22,10
CIVIL-O,20260527,1.33,1.34,1.33,1.34,43
CK-O,20260527,17.7,18.1,17.6,17.6,679
CKP-O,20260527,2.32,2.34,2.32,2.34,102
CMAN-O,20260527,2.76,2.76,2.76,2.76,21
CMR-O,20260527,1.3,1.32,1.3,1.32,40
CNT-O,20260527,1.4,1.52,1.4,1.52,240
COCOCO-O,20260527,5.6,5.8,5.6,5.8,358
COM7-O,20260527,25.5,26,25.5,25.5,456
COMAN-O,20260527,0.53,0.53,0.53,0.53,10
CPALL-O,20260527,46,46.25,45.5,46.25,10153
CPAXT-O,20260527,15.1,15.3,15,15.1,2720
CPF-O,20260527,19.2,19.4,19.1,19.4,1863
CPH-O,20260527,7.7,7.7,7.7,7.7,12
CPI-O,20260527,3.4,3.46,3.4,3.4,115
CPN-O,20260527,66.5,66.5,65,65.25,864
CPNCG-O,20260527,6,6,5.95,5.95,76
CPNREIT-O,20260527,12.9,12.9,12.5,12.5,132
CPR-O,20260527,2.68,2.68,2.68,2.68,1
CPW-O,20260527,2.38,2.42,2.22,2.42,8
CRC-O,20260527,20.7,20.9,20.6,20.6,763
CREDIT-O,20260527,19.3,19.3,19,19.1,92
CSC-O,20260527,44.5,44.5,44.5,44.5,5
CSS-O,20260527,0.99,0.99,0.96,0.96,34
CTW-O,20260527,4.8,4.8,4.58,4.58,12
CWT-O,20260527,0.75,0.77,0.55,0.55,99
DCC-O,20260527,1.32,1.51,1.31,1.33,284
DDD-O,20260527,4.66,4.76,4.66,4.76,2
DELTA-O,20260527,340,364,340,354,46171
DEMCO-O,20260527,2.96,2.98,2.84,2.84,222
DIF-O,20260527,10,10.1,9.95,10,1526
DIMET-O,20260527,0.05,0.05,0.05,0.05,13
DITTO-O,20260527,11.5,13.8,11.3,13.5,2767
DMT-O,20260527,11.3,11.3,11.2,11.3,238
DOD-O,20260527,1.67,1.67,1.67,1.67,3
DOHOME-O,20260527,3.48,3.5,3.4,3.5,1723
DREIT-O,20260527,4.8,4.82,4.78,4.82,34
DRT-O,20260527,4.96,4.98,4.94,4.96,166
DTCENT-O,20260527,0.93,0.95,0.92,0.92,136
DUSIT-O,20260527,10.2,10.2,10.1,10.2,116
EA-O,20260527,3.26,3.64,3.26,3.54,4999
EASON-O,20260527,1.11,1.11,1.11,1.11,1
EASTW-O,20260527,4.18,4.5,4.18,4.24,66
EFORL-O,20260527,0.12,0.14,0.12,0.13,165
EGATIF-O,20260527,6.4,6.4,6.2,6.2,34
EGCO-O,20260527,116,117,115,117,800
EKH-O,20260527,5.05,5.05,4.98,4.98,135
EMPIRE-O,20260527,0.25,0.36,0.25,0.33,43
EP-O,20260527,1.06,1.06,1.06,1.06,1
EPG-O,20260527,3.84,4.4,3.84,4.36,252
ERW-O,20260527,2.82,2.9,2.8,2.88,290
ESTAR-O,20260527,0.24,0.24,0.22,0.22,39
ETC-O,20260527,0.74,0.77,0.74,0.77,158
ETL-O,20260527,0.44,0.44,0.4,0.4,174
FLOYD-O,20260527,1.05,1.36,1.05,1.06,119
FM-O,20260527,4.18,4.2,4.04,4.04,59
FMT-O,20260527,21.3,21.3,21,21.1,54
FNS-O,20260527,0.45,0.46,0.44,0.44,59
FORTH-O,20260527,18.8,19,17.2,17.3,2669
FPI-O,20260527,1.52,1.52,1.5,1.5,88
FPT-O,20260527,6.6,6.6,6.6,6.6,54
FSMART-O,20260527,7.9,8.35,7.8,7.8,342
FTE-O,20260527,2.32,2.34,2.32,2.34,5
FTI-O,20260527,1.81,1.81,1.79,1.79,3
FTREIT-O,20260527,11.9,11.9,11.8,11.9,253
FVC-O,20260527,0.33,0.33,0.33,0.33,52
GABLE-O,20260527,4.16,4.2,4.02,4.02,100
GBX-O,20260527,0.53,0.55,0.53,0.55,268
GC-O,20260527,4.54,4.54,4.5,4.54,140
GFPT-O,20260527,8.6,8.7,8.55,8.7,269
GJS-O,20260527,0.13,0.13,0.12,0.12,10
GLOBAL-O,20260527,7.55,7.55,7.4,7.5,1432
GLORY-O,20260527,1.14,1.14,1.14,1.14,3
GPSC-O,20260527,40.75,41.5,40.75,41.25,837
GRAND-O,20260527,0.02,0.03,0.02,0.03,72
GREEN-O,20260527,0.7,0.7,0.7,0.7,10
GULF-O,20260527,61.75,63.25,61.25,62.75,12190
GUNKUL-O,20260527,3.56,3.86,3.56,3.76,3542
GVREIT-O,20260527,6.95,6.95,6.95,6.95,27
GYT-O,20260527,180,180,180,180,1
HANA-O,20260527,38.25,42,38.25,40.5,10739
HANN-O,20260527,0.93,0.93,0.92,0.92,152
HARN-O,20260527,2,2.14,2,2.08,99
HENG-O,20260527,0.9,0.9,0.9,0.9,65
HFT-O,20260527,4.16,4.16,4.16,4.16,1
HL-O,20260527,6,6,6,6,17
HMPRO-O,20260527,6.1,6.1,6,6.1,1329
HPF-O,20260527,6.05,6.05,6.05,6.05,5
HTC-O,20260527,15.7,15.8,15.7,15.8,130
HTECH-O,20260527,3.8,3.96,3.74,3.74,60
HUMAN-O,20260527,4.66,4.66,4.48,4.48,500
HYDRO-O,20260527,1.53,1.53,1.31,1.31,138
ICC-O,20260527,24.8,24.8,24.8,24.8,5
ICHI-O,20260527,13,13.1,12.9,13.1,1450
ICN-O,20260527,2.1,2.18,2.04,2.04,408
IDG-O,20260527,1.27,1.27,1.27,1.27,2
IIG-O,20260527,1.59,1.59,1.53,1.53,54
III-O,20260527,4.12,4.16,4.12,4.12,78
ILINK-O,20260527,4.7,4.76,4.66,4.66,154
ILM-O,20260527,12.5,16.2,12.5,12.6,38
IMH-O,20260527,2.9,2.92,2.9,2.92,6
IMPACT-O,20260527,11.2,11.3,11,11.2,360
IND-O,20260527,0.89,0.89,0.89,0.89,5
INET-O,20260527,4.04,4.04,4.04,4.04,100
INETREIT-O,20260527,12.5,12.7,12.5,12.5,1883
INOX-O,20260527,4.36,4.44,4.36,4.44,172
INSET-O,20260527,3.24,3.34,3.24,3.3,364
INSURE-O,20260527,58,58,58,58,17
IP-O,20260527,4.22,4.24,4.18,4.24,142
IRC-O,20260527,12.1,12.1,11.8,11.8,69
IRCP-O,20260527,0.27,0.29,0.27,0.29,6
IROYAL-O,20260527,4.5,4.6,4.4,4.4,22
IRPC-O,20260527,1.93,1.99,1.92,1.95,1405
IT-O,20260527,5.15,5.3,5.15,5.2,13
ITC-O,20260527,16.3,16.5,16.3,16.5,76
ITD-O,20260527,0.36,0.37,0.35,0.37,205
ITEL-O,20260527,1.4,1.44,1.4,1.44,94
ITNS-O,20260527,1.75,1.75,1.74,1.74,2
IVL-O,20260527,24.9,25,24.7,24.7,771
J-O,20260527,0.6,0.6,0.6,0.6,10
JAK-O,20260527,0.74,0.74,0.74,0.74,7
JAS-O,20260527,1.12,1.12,1.09,1.09,812
JCK-O,20260527,0.13,0.13,0.12,0.12,106
JDF-O,20260527,1.99,2.04,1.99,2.04,48
JMART-O,20260527,8.9,9.1,8.8,8.85,508
JMT-O,20260527,10.9,11.1,10.9,10.9,510
JPARK-O,20260527,3.18,3.18,3.18,3.18,1
JR-O,20260527,1.71,1.71,1.71,1.71,1
JSP-O,20260527,1.8,1.8,1.8,1.8,1
JTS-O,20260527,42.25,42.5,41,42,531
KAMART-O,20260527,7.65,7.65,7.35,7.5,351
KBANK-O,20260527,198,199,197,198,4486
KBSPIF-O,20260527,9.3,9.3,9.3,9.3,24
KCC-O,20260527,2.88,2.88,2.86,2.86,5
KCE-O,20260527,35.75,37.5,35.5,36.5,3807
KCG-O,20260527,9.65,9.65,9.65,9.65,46
KCM-O,20260527,0.28,0.28,0.28,0.28,51
KGI-O,20260527,4.22,4.22,4.2,4.2,138
KIAT-O,20260527,0.24,0.34,0.24,0.34,52
KISS-O,20260527,3.4,3.4,3.32,3.4,105
KJL-O,20260527,5.8,5.85,5.8,5.85,11
KK-O,20260527,1.11,1.11,1.11,1.11,11
KKP-O,20260527,84,87.75,84,87.5,6805
KLINIQ-O,20260527,28.25,28.25,27.5,27.5,68
KOOL-O,20260527,0.28,0.28,0.28,0.28,11
KSL-O,20260527,1.52,1.53,1.52,1.52,106
KTB-O,20260527,35.25,35.5,35,35.25,10431
KTBSTMR-O,20260527,5.85,5.85,5.85,5.85,6
KTC-O,20260527,29.75,30,29.5,30,877
KTIS-O,20260527,1.9,1.9,1.9,1.9,5
KTMS-O,20260527,1.18,1.18,1.18,1.18,13
KUMWEL-O,20260527,2.06,2.06,2.06,2.06,10
KWM-O,20260527,0.78,0.78,0.78,0.78,42
KYE-O,20260527,301,301,301,301,6
L&E-O,20260527,0.83,0.83,0.83,0.83,99
LALIN-O,20260527,4.4,4.42,4.4,4.4,25
LANNA-O,20260527,14.4,14.4,14.1,14.1,1097
LEE-O,20260527,2.46,2.48,2.46,2.48,18
LEO-O,20260527,1.74,1.89,1.74,1.77,104
LH-O,20260527,3.68,3.72,3.66,3.66,1995
LHFG-O,20260527,1.17,1.18,1.16,1.17,251
LHHOTEL-O,20260527,13.1,13.1,12.9,13,79
LHK-O,20260527,3.5,3.5,3.48,3.48,106
LHRREIT-O,20260527,4.38,4.38,4.38,4.38,3
LHSC-O,20260527,14.6,14.6,14.5,14.5,44
LIT-O,20260527,0.66,0.67,0.66,0.67,5
LOXLEY-O,20260527,1.63,1.63,1.63,1.63,24
LPH-O,20260527,3.68,3.68,3.66,3.66,64
LPN-O,20260527,1.59,1.59,1.55,1.55,12
LTS-O,20260527,3.02,3.18,3,3,408
LUXF-O,20260527,9.05,9.05,9.05,9.05,1
M-CHAI-O,20260527,19.9,20,19.9,20,128
M-O,20260527,22,23,21.5,21.6,1637
MADAME-O,20260527,0.46,0.46,0.46,0.46,23
MAGURO-O,20260527,17.8,18.1,17.8,18.1,32
MAJOR-O,20260527,6.8,6.8,6.8,6.8,48
MALEE-O,20260527,4.24,4.26,4.22,4.22,43
MASTEC-O,20260527,1.39,1.41,1.38,1.38,232
MASTER-O,20260527,8.6,8.6,8.2,8.3,147
MBK-O,20260527,18.5,18.7,18.5,18.6,147
MC-O,20260527,11.2,11.4,11,11.3,811
MCOT-O,20260527,5.9,6,5.9,6,3
MCS-O,20260527,7.5,7.55,7.5,7.5,5
MEB-O,20260527,12,12,11.9,11.9,33
MEDEZE-O,20260527,6.2,6.2,6.2,6.2,30
MEGA-O,20260527,35.25,42,35,42,198
METCO-O,20260527,284,285,284,285,6
MFC-O,20260527,19,19,19,19,4
MFEC-O,20260527,5.65,5.75,5.6,5.75,121
MGI-O,20260527,4.9,4.9,4.9,4.9,113
MGT-O,20260527,1.92,1.92,1.92,1.92,1
MICRO-O,20260527,1,1,0.9,0.9,15
MII-O,20260527,5.7,5.7,5.7,5.7,2
MINT-O,20260527,21.5,22.4,21.5,22.3,697
MJLF-O,20260527,5.5,5.5,5.45,5.45,3
MK-O,20260527,0.51,0.52,0.51,0.51,12
MMM-O,20260527,2.62,2.62,2.58,2.6,222
MNIT-O,20260527,1.92,1.92,1.92,1.92,10
MNIT2-O,20260527,5.25,5.25,4.88,4.88,3
MONO-O,20260527,0.7,0.7,0.68,0.69,331
MOONG-O,20260527,2.38,2.42,2.34,2.42,335
MOSHI-O,20260527,38,38,36.75,38,240
MOTHER-O,20260527,1.18,1.19,1.18,1.18,35
MRDIYT-O,20260527,9.15,9.55,9.1,9.45,345
MSC-O,20260527,5.45,5.65,5.45,5.65,28
MST-O,20260527,7.1,7.1,7.1,7.1,18
MTC-O,20260527,29,29,28.75,29,598
MTI-O,20260527,15.3,15.3,15.2,15.2,75
MUD-O,20260527,0.66,0.66,0.66,0.66,20
NAT-O,20260527,1.86,1.86,1.86,1.86,9
NC-O,20260527,1.75,1.75,1.75,1.75,1
NCAP-O,20260527,2.66,2.7,2.66,2.7,18
NCH-O,20260527,0.4,0.4,0.4,0.4,5
NCP-O,20260527,1.12,1.12,1.12,1.12,3
NDR-O,20260527,2.34,2.44,2.26,2.26,109
NEO-O,20260527,17.2,17.2,17,17.2,195
NER-O,20260527,4.42,4.5,4.4,4.46,667
NETBAY-O,20260527,9.7,10.1,9.7,9.8,379
NEW-O,20260527,87,87,87,87,2
NEX-O,20260527,1.13,1.14,1.09,1.14,175
NKI-O,20260527,15,15,15,15,1
NL-O,20260527,0.65,0.67,0.65,0.67,117
NNCL-O,20260527,1.63,1.65,1.63,1.65,21
NOBLE-O,20260527,1.83,1.83,1.81,1.81,101
NSL-O,20260527,21.1,21.3,21.1,21.2,220
NTF-O,20260527,16,16.2,15.9,16.1,300
NTSC-O,20260527,6.15,6.2,6.15,6.2,2
NTV-O,20260527,19.4,19.4,19.4,19.4,25
NVD-O,20260527,0.56,0.56,0.56,0.56,18
NYT-O,20260527,3.68,3.7,3.64,3.64,791
OGC-O,20260527,6.4,9.05,6.4,9.05,42
OKJ-O,20260527,3.06,3.08,3.04,3.06,138
ONEE-O,20260527,2.74,2.84,2.7,2.82,421
ONSENS-O,20260527,1.14,1.14,1.14,1.14,57
OR-O,20260527,12.5,12.6,12.5,12.5,1958
ORI-O,20260527,1.73,1.76,1.71,1.73,308
OSP-O,20260527,15.2,15.3,15.1,15.3,514
PACO-O,20260527,1.34,1.34,1.34,1.34,20
PAF-O,20260527,0.75,0.8,0.71,0.71,95
PANEL-O,20260527,1.2,1.23,1.2,1.23,84
PB-O,20260527,46.25,46.5,46.25,46.5,31
PCC-O,20260527,2.86,2.88,2.86,2.88,15
PCE-O,20260527,2.28,2.28,2.26,2.26,84
PDG-O,20260527,3.12,3.12,3.12,3.12,20
PDJ-O,20260527,0.96,0.96,0.96,0.96,5
PEACE-O,20260527,1.54,1.54,1.1,1.54,107
PF-O,20260527,0.03,0.04,0.03,0.04,228
PHG-O,20260527,10,10.6,10,10.5,32
PHOL-O,20260527,2.94,2.94,2.92,2.92,75
PIN-O,20260527,4.38,4.42,4.38,4.4,3
PIS-O,20260527,3.82,3.82,3.82,3.82,11
PK-O,20260527,0.43,0.43,0.43,0.43,1
PLANB-O,20260527,4.16,4.22,4.16,4.2,185
PLANET-O,20260527,0.86,0.86,0.85,0.85,66
PLAT-O,20260527,0.8,0.8,0.8,0.8,177
PLE-O,20260527,0.08,0.12,0.08,0.12,71
PLUS-O,20260527,1.23,1.25,1.23,1.25,11
PM-O,20260527,10.9,10.9,10.8,10.9,241
PMC-O,20260527,0.87,0.87,0.87,0.87,28
PMTA-O,20260527,9.6,9.6,9.25,9.25,10
POLY-O,20260527,6.65,6.65,6.65,6.65,1
POPF-O,20260527,7.75,7.75,7.75,7.75,125
PORT-O,20260527,0.6,0.6,0.6,0.6,30
PPPM-O,20260527,0.2,0.21,0.19,0.2,54
PPS-O,20260527,0.16,0.16,0.16,0.16,20
PR9-O,20260527,16.4,16.6,16.3,16.6,616
PRAKIT-O,20260527,10.6,10.6,10.6,10.6,1
PRAPAT-O,20260527,0.75,0.78,0.75,0.78,98
PRG-O,20260527,9.05,9.05,9.05,9.05,21
PRI-O,20260527,3.44,3.5,3.42,3.5,22
PRM-O,20260527,8.45,9,8.45,9,273
PROEN-O,20260527,0.96,0.97,0.96,0.97,69
PROS-O,20260527,0.2,0.2,0.19,0.2,247
PROSPECT-O,20260527,9.3,12,9.3,9.55,11
PSGC-O,20260527,4.52,6,4.5,6,543
PSH-O,20260527,3.44,3.78,3.42,3.46,165
PSL-O,20260527,7.35,7.5,7.35,7.45,448
PSP-O,20260527,4.64,4.64,4.64,4.64,1
PT-O,20260527,10.9,11,10.9,11,204
PTG-O,20260527,7.35,7.35,7.25,7.35,657
PTL-O,20260527,9.45,10.1,9.45,10.1,123
PTT-O,20260527,36.5,36.75,36.25,36.5,6289
PTTEP-O,20260527,147,147.5,145,145.5,8296
PTTGC-O,20260527,36,36.25,35.5,35.75,2358
PYLON-O,20260527,3.36,3.36,3.36,3.36,18
Q-CON-O,20260527,6.15,6.15,6.15,6.15,33
QDC-O,20260527,0.12,0.12,0.12,0.12,175
QH-O,20260527,1.38,1.38,1.35,1.38,849
QHBREIT-O,20260527,3.78,3.78,3.76,3.76,22
QHHRREIT-O,20260527,7.75,7.75,7.7,7.7,11
QTC-O,20260527,4.22,4.26,4.22,4.26,29
RABBIT-O,20260527,0.33,0.4,0.32,0.35,198
RAM-O,20260527,18.7,18.7,18.5,18.5,15
RATCH-O,20260527,30.5,30.75,30.25,30.75,1740
RBF-O,20260527,4,4.24,3.98,4.22,442
RCL-O,20260527,30.5,31,30.5,30.5,734
RICHY-O,20260527,0.17,0.17,0.15,0.15,98
RJH-O,20260527,12.8,12.9,12.8,12.8,309
RML-O,20260527,0.07,0.1,0.07,0.1,66
ROCTEC-O,20260527,0.62,0.63,0.62,0.63,12
ROJNA-O,20260527,5.3,5.35,5.25,5.35,272
RP-O,20260527,0.73,0.73,0.73,0.73,10
RPC-O,20260527,0.37,0.37,0.37,0.37,40
RS-O,20260527,0.15,0.15,0.14,0.14,100
RSP-O,20260527,0.96,0.96,0.96,0.96,1
RWI-O,20260527,0.12,0.18,0.12,0.18,114
S-O,20260527,0.5,0.5,0.5,0.5,75
S&J-O,20260527,32,32,32,32,1
S11-O,20260527,4.02,4.02,4.02,4.02,1
SAAM-O,20260527,4.72,4.72,4.72,4.72,1
SABINA-O,20260527,15.3,15.4,15.2,15.4,57
SAFE-O,20260527,5.95,5.95,5.85,5.95,24
SAK-O,20260527,3.16,3.18,3.16,3.18,2
SALEE-O,20260527,0.63,0.68,0.61,0.61,113
SAMART-O,20260527,5.55,5.55,5.45,5.45,43
SAMCO-O,20260527,0.61,0.62,0.61,0.62,73
SAMTEL-O,20260527,2.52,3.62,2.52,3.62,11
SAPPE-O,20260527,29.75,30.75,29.25,30.75,438
SAT-O,20260527,15.5,15.7,15.5,15.7,135
SAUCE-O,20260527,40.5,41,40.5,41,2
SAV-O,20260527,10.9,10.9,10.8,10.8,117
SAWAD-O,20260527,21.7,21.9,21.6,21.8,636
SC-O,20260527,1.85,1.86,1.83,1.84,770
SCAP-O,20260527,1.33,1.36,1.33,1.35,99
SCB-O,20260527,136,136,135,135.5,17156
SCC-O,20260527,231,231,228,230,1038
SCCC-O,20260527,144,145.5,144,145.5,238
SCG-O,20260527,2.26,2.3,2.26,2.26,32
SCGD-O,20260527,4.98,4.98,4.94,4.96,229
SCGP-O,20260527,24,24.3,23.9,24.3,349
SCL-O,20260527,1.43,1.43,1.43,1.43,6
SCN-O,20260527,0.43,0.43,0.42,0.42,13
SCP-O,20260527,9,9,8.95,9,84
SDC-O,20260527,0.03,0.03,0.03,0.03,10
SE-ED-O,20260527,1.65,1.65,1.65,1.65,60
SE-O,20260527,0.37,0.47,0.37,0.47,185
SEAFCO-O,20260527,2.78,2.8,2.78,2.78,229
SEAOIL-O,20260527,3.16,3.2,3.14,3.14,207
SECURE-O,20260527,11.8,12.2,11.8,12.2,37
SEI-O,20260527,1.6,1.6,1.6,1.6,1
SELIC-O,20260527,2.6,2.64,2.6,2.62,40
SENA-O,20260527,1.83,1.83,1.82,1.82,11
SENX-O,20260527,0.22,0.22,0.22,0.22,3
SFLEX-O,20260527,2.8,2.82,2.8,2.8,110
SFT-O,20260527,1.48,1.53,1.48,1.52,403
SGC-O,20260527,1.31,1.35,1.3,1.3,595
SGF-O,20260527,0.13,0.13,0.13,0.13,1
SGP-O,20260527,8.85,8.85,8.85,8.85,165
SHR-O,20260527,1.62,1.64,1.62,1.63,144
SICT-O,20260527,3.3,3.8,3.16,3.16,769
SINGER-O,20260527,7.3,7.35,7.25,7.35,33
SINO-O,20260527,0.91,0.91,0.88,0.88,64
SIRI-O,20260527,1.44,1.46,1.43,1.43,2213
SIS-O,20260527,21.8,22.3,21.8,22,177
SISB-O,20260527,9.9,10,9.85,10,295
SJWD-O,20260527,7.8,7.9,7.75,7.75,378
SKN-O,20260527,5.3,5.3,5.3,5.3,1
SKR-O,20260527,7,7,7,7,31
SKY-O,20260527,14.2,15,14.1,14.8,334
SLP-O,20260527,0.48,0.48,0.48,0.48,4
SMART-O,20260527,0.54,0.54,0.53,0.54,6
SMD100-O,20260527,1.33,1.34,1.3,1.3,214
SMIT-O,20260527,3.44,3.44,3.44,3.44,41
SMO-O,20260527,4.02,4.02,3.96,3.96,442
SMPC-O,20260527,9.15,9.15,9.15,9.15,10
SMT-O,20260527,3.32,3.42,3.26,3.28,1141
SNC-O,20260527,6.35,6.35,6.35,6.35,10
SNNP-O,20260527,6.6,6.9,6.55,6.9,93
SNP-O,20260527,9,9,9,9,10
SNPS-O,20260527,4.5,4.5,4.5,4.5,34
SO-O,20260527,4.6,4.62,4.6,4.62,121
SOLAR-O,20260527,0.29,0.3,0.29,0.3,146
SONIC-O,20260527,1.48,1.48,1.48,1.48,21
SORKON-O,20260527,3.42,3.42,3.42,3.42,1
SPA-O,20260527,3,3,3,3,25
SPACK-O,20260527,1.16,1.16,1.16,1.16,1
SPALI-O,20260527,15.8,15.8,15.6,15.7,561
SPC-O,20260527,55.25,55.25,54.75,54.75,155
SPCG-O,20260527,8.8,8.8,8.8,8.8,108
SPI-O,20260527,32.75,32.75,32.75,32.75,74
SPRC-O,20260527,7.4,7.45,7.35,7.35,238
SPREME-O,20260527,1.55,1.55,1.55,1.55,5
SPRIME-O,20260527,3.74,3.74,3.74,3.74,1
SPTX-O,20260527,0.01,0.01,0.01,0.01,391
SPVI-O,20260527,3.36,3.38,3.26,3.26,244
SQ-O,20260527,0.19,0.2,0.18,0.18,39
SRICHA-O,20260527,20.2,20.2,19.3,19.5,519
SSF-O,20260527,5.2,5.2,5.2,5.2,1
SSP-O,20260527,3.68,3.68,3.68,3.68,126
SSSC-O,20260527,2.18,2.18,2.18,2.18,43
SST-O,20260527,0.73,0.73,0.73,0.73,16
STA-O,20260527,19.1,19.2,18.8,19,284
STANLY-O,20260527,221,222,220,222,309
STARM-O,20260527,0.86,0.86,0.86,0.86,1
STC-O,20260527,0.55,0.55,0.55,0.55,10
STECH-O,20260527,1.06,1.06,1.06,1.06,3
STECON-O,20260527,14.3,14.4,14.2,14.3,418
STELLA-O,20260527,0.27,0.27,0.23,0.23,10
STGT-O,20260527,12,12,11.7,11.8,302
STI-O,20260527,1.65,1.65,1.65,1.65,27
STOWER-O,20260527,0.02,0.03,0.02,0.03,90
STPI-O,20260527,5.15,5.3,5.1,5.1,195
STX-O,20260527,0.88,1.13,0.88,1.13,2
SUC-O,20260527,27.5,27.5,27.25,27.5,141
SUN-O,20260527,2.42,2.44,2.4,2.42,298
SUPER-O,20260527,0.13,0.14,0.13,0.14,150
SUPEREIF-O,20260527,5.75,5.75,5.75,5.75,14
SUSCO-O,20260527,2.04,2.6,2.04,2.06,293
SVOA-O,20260527,1.8,1.8,1.78,1.79,23
SVR-O,20260527,0.31,0.31,0.31,0.31,1
SVT-O,20260527,1.27,1.27,1.25,1.25,99
SYMC-O,20260527,5,5.3,5,5.3,7
SYNEX-O,20260527,9.4,9.5,9.35,9.5,71
TACC-O,20260527,5.85,5.95,5.85,5.9,108
TAN-O,20260527,3.74,3.74,3.72,3.72,2
TASCO-O,20260527,13.8,13.9,13.7,13.8,223
TBN-O,20260527,3.54,3.54,3.48,3.48,6
TC-O,20260527,5.7,5.75,5.7,5.75,2
TCAP-O,20260527,60.25,61.25,60.25,61,1517
TCJ-O,20260527,2.34,2.34,2.34,2.34,21
TCMC-O,20260527,0.31,0.31,0.31,0.31,25
TCOAT-O,20260527,26,26,26,26,1
TEAM-O,20260527,5.7,5.7,4.88,4.88,807
TEAMG-O,20260527,2.92,3.22,2.92,3.16,545
TEGH-O,20260527,3.12,3.14,3.12,3.12,16
TEKA-O,20260527,1.75,1.75,1.75,1.75,1
TFFIF-O,20260527,6.6,6.6,6.35,6.6,301
TFG-O,20260527,9.9,10.2,9.9,10,1133
TFM-O,20260527,6.6,6.6,6.5,6.6,26
TFMAMA-O,20260527,189,189,187,188,66
TGE-O,20260527,1.1,1.1,1.1,1.1,1
TGH-O,20260527,10.8,10.8,10.8,10.8,1
THAI-O,20260527,6.55,6.75,6.5,6.7,2332
THANI-O,20260527,1.5,1.64,1.5,1.64,169
THCOM-O,20260527,11.7,11.7,11.3,11.3,290
THG-O,20260527,7.75,7.75,7.7,7.75,169
THIP-O,20260527,21,21,21,21,11
THRE-O,20260527,0.36,0.36,0.25,0.25,104
THREL-O,20260527,1.04,1.04,1.03,1.03,24
TIDLOR-O,20260527,18.4,18.4,18.2,18.3,1713
TIPCO-O,20260527,6.2,6.3,6.2,6.3,16
TIPH-O,20260527,21.6,21.6,21.4,21.5,131
TISCO-O,20260527,113.5,114,113,114,6173
TK-O,20260527,4.2,4.2,4.16,4.16,2
TKN-O,20260527,4.16,4.2,4.14,4.18,326
TKS-O,20260527,6.2,7.3,6.2,7.05,5
TLI-O,20260527,11.2,11.4,11,11.2,708
TM-O,20260527,0.87,0.87,0.87,0.87,1
TMAN-O,20260527,11.2,11.3,11.2,11.2,240
TMD-O,20260527,25.75,25.75,25.75,25.75,1
TMT-O,20260527,3.48,3.5,3.48,3.5,2
TNDT-O,20260527,0.15,0.15,0.15,0.15,54
TNH-O,20260527,30,30,29.75,29.75,3
TNITY-O,20260527,2.46,2.46,2.46,2.46,4
TNL-O,20260527,20.8,20.8,20.8,20.8,1
TNP-O,20260527,3.04,3.04,3.04,3.04,9
TNPC-O,20260527,0.93,0.93,0.93,0.93,3
TNPF-O,20260527,0.74,0.74,0.74,0.74,99
TNR-O,20260527,5.15,5.15,5.15,5.15,1
TOA-O,20260527,12.4,12.7,12.3,12.5,204
TOP-O,20260527,46.25,47.25,46,47,2043
TPA-O,20260527,2.64,2.64,2.64,2.64,1
TPAC-O,20260527,8.9,8.9,8.9,8.9,5
TPBI-O,20260527,2.98,2.98,2.98,2.98,1
TPIPL-O,20260527,0.82,0.84,0.82,0.82,57
TPIPP-O,20260527,1.8,1.81,1.79,1.79,275
TPL-O,20260527,0.52,0.62,0.52,0.62,77
TPLAS-O,20260527,1.02,1.02,1.02,1.02,64
TPOLY-O,20260527,0.12,0.13,0.12,0.13,4
TPRIME-O,20260527,7.35,7.35,7.35,7.35,1
TPS-O,20260527,3.18,3.18,3.18,3.18,1
TQM-O,20260527,13.5,13.6,13.4,13.5,227
TQR-O,20260527,5.25,5.25,5.25,5.25,1
TRC-O,20260527,0.5,0.65,0.5,0.65,106
TRITN-O,20260527,0.03,0.03,0.03,0.03,10
TRP-O,20260527,4.24,4.24,4.24,4.24,9
TRT-O,20260527,8.3,8.5,8.3,8.5,194
TRU-O,20260527,3.84,3.86,3.84,3.86,26
TRUBB-O,20260527,0.93,0.97,0.93,0.95,2602
TRUE-O,20260527,13.9,13.9,13.6,13.7,8359
TSC-O,20260527,14.7,14.7,14.5,14.6,105
TSE-O,20260527,0.61,0.92,0.61,0.9,452
TSTH-O,20260527,0.92,0.95,0.92,0.94,154
TTA-O,20260527,5,5.15,5,5.1,350
TTB-O,20260527,2.34,2.38,2.34,2.34,4753
TTI-O,20260527,26,26,26,26,1
TTLPF-O,20260527,9.6,9.65,9.55,9.6,381
TTT-O,20260527,41.25,41.25,41,41,105
TTW-O,20260527,9.7,9.8,9.35,9.45,778
TU-O,20260527,11.3,11.3,11.1,11.2,2409
TU-PF-O,20260527,1.2,1.2,1.2,1.2,2
TURBO-O,20260527,1.42,1.43,1.4,1.43,184
TURTLE-O,20260527,2.52,2.52,2.52,2.52,1
TVDH-O,20260527,0.04,0.04,0.04,0.04,58
TVH-O,20260527,9.85,9.85,9.85,9.85,1
TVO-O,20260527,25.5,25.75,25.25,25.5,450
TWP-O,20260527,1.08,1.08,1.08,1.08,20
TWPC-O,20260527,2.88,2.88,2.86,2.86,13
TWZ-O,20260527,0.02,0.02,0.01,0.01,11
UAC-O,20260527,2.62,2.62,2.62,2.62,33
UBA-O,20260527,1.07,1.07,1.07,1.07,76
UBE-O,20260527,0.56,0.56,0.55,0.55,94
UBIS-O,20260527,1.25,1.3,1.23,1.23,46
UEC-O,20260527,0.82,0.82,0.82,0.82,7
UKEM-O,20260527,1.14,1.15,0.81,1.15,23
UNIQ-O,20260527,2.78,2.78,2.78,2.78,1
UNIX-O,20260527,1.69,1.69,1.69,1.69,93
UP-O,20260527,23.9,23.9,23.9,23.9,6
UREKA-O,20260527,0.31,0.32,0.31,0.32,6
UTP-O,20260527,7.85,8,7.8,8,86
UV-O,20260527,0.84,0.84,0.84,0.84,5
UVAN-O,20260527,15,15.1,14.9,15,404
VCOM-O,20260527,3.7,3.78,3.7,3.78,27
VGI-O,20260527,0.89,0.91,0.89,0.91,387
VIBHA-O,20260527,1.38,1.38,1.37,1.37,20
VIH-O,20260527,8.25,8.4,8.25,8.4,6
VNG-O,20260527,1.88,1.88,1.88,1.88,5
VPO-O,20260527,0.51,0.51,0.5,0.5,10
VRANDA-O,20260527,4.46,4.46,4.46,4.46,1
VS-O,20260527,0.27,0.27,0.26,0.26,74
WACOAL-O,20260527,16.5,16.8,16.5,16.5,3
WARRIX-O,20260527,1.46,1.5,1.46,1.5,64
WAVE-O,20260527,0.03,0.03,0.03,0.03,10
WFX-O,20260527,1,1,0.98,0.98,60
WGE-O,20260527,0.48,0.48,0.48,0.48,29
WHA-O,20260527,5.05,5.15,5,5.1,2021
WHABT-O,20260527,5.85,5.9,5.85,5.9,11
WHAIR-O,20260527,7.5,7.5,7.45,7.5,32
WHART-O,20260527,10.6,10.6,10.5,10.6,253
WHAUP-O,20260527,5.55,5.8,5.55,5.7,1205
WICE-O,20260527,2.38,3.08,2.38,2.38,14
WIIK-O,20260527,0.9,0.9,0.9,0.9,40
WIN-O,20260527,0.19,0.19,0.19,0.19,29
WINNER-O,20260527,2.12,2.12,2.12,2.12,20
WORK-O,20260527,3.5,3.5,3.5,3.5,1
WP-O,20260527,2.52,3.66,2.52,3.58,119
WPH-O,20260527,6,6.05,5.95,6,618
XBIO-O,20260527,0.07,0.08,0.07,0.08,100
XO-O,20260527,13,13.1,12.9,12.9,164
XPG-O,20260527,0.44,0.48,0.44,0.45,224
YGG-O,20260527,0.19,0.21,0.19,0.2,160
YUASA-O,20260527,14.2,14.2,14.2,14.2,9
ZAA-O,20260527,1.23,1.68,1.23,1.68,125
ZIGA-O,20260527,0.9,0.9,0.9,0.9,10
2S,20260527,3.06,3.1,3.04,3.1,107400
3BBIF,20260527,6.45,6.5,6.45,6.45,2768800
88TH,20260527,4.36,4.38,4.32,4.32,242900
A,20260527,4.22,4.22,3.24,3.5,22500
A5,20260527,1.83,1.83,1.79,1.82,25300
AAI,20260527,3.54,3.58,3.54,3.58,2102000
AAV,20260527,1.08,1.09,1.06,1.08,67777000
ABM,20260527,0.43,0.43,0.42,0.43,35800
ACC,20260527,0.39,0.4,0.39,0.39,3848900
ACE,20260527,1.29,1.3,1.28,1.29,1285300
ACG,20260527,0.8,0.8,0.71,0.8,1909300
ADB,20260527,0.62,0.65,0.61,0.64,490800
ADD,20260527,3.38,3.4,3.36,3.38,59900
ADVANC,20260527,354,355,351,352,4755600
ADVICE,20260527,6.25,6.5,6.25,6.35,9299300
AE,20260527,0.11,0.11,0.1,0.11,993800
AEONTS,20260527,94.75,94.75,93.75,94.75,519800
AF,20260527,0.35,0.38,0.35,0.37,11900
AFC,20260527,3.76,3.86,3.76,3.82,21500
AGE,20260527,1.19,1.22,1.18,1.2,2085100
AH,20260527,13.8,13.9,13.7,13.7,181800
AHC,20260527,12.9,12.9,12.6,12.6,2300
AI,20260527,2.88,2.98,2.84,2.9,481400
AIE,20260527,1.18,1.21,1.17,1.18,1110300
AIMCG,20260527,1.34,1.34,1.32,1.32,685200
AIMIRT,20260527,11.4,11.4,11.3,11.4,66900
AIRA,20260527,1.06,1.12,1.06,1.12,2600
AIT,20260527,4.7,4.7,4.68,4.68,542500
AJ,20260527,3.26,3.4,3.22,3.24,20187600
AJA,20260527,0.15,0.16,0.14,0.14,2663300
AKP,20260527,0.73,0.74,0.72,0.73,923700
AKR,20260527,0.86,0.87,0.86,0.86,1873900
ALLA,20260527,1.17,1.18,1.16,1.18,184700
ALLY,20260527,4.74,4.74,4.66,4.66,475700
ALPHAX,20260527,0.31,0.32,0.26,0.27,46592200
ALT,20260527,1.37,1.4,1.34,1.37,4710300
ALUCON,20260527,237,238,237,238,2000
AMA,20260527,3.88,3.88,3.84,3.86,278000
AMANAH,20260527,0.6,0.61,0.59,0.6,597500
AMARC,20260527,3.36,3.42,3.36,3.38,1607400
AMARIN,20260527,2.82,2.82,2.8,2.82,1300
AMATA,20260527,24.9,25.25,24.9,25,8038600
AMATAR,20260527,7.3,7.3,7.25,7.3,49600
AMATAV,20260527,2.04,2.06,2.02,2.06,47600
AMC,20260527,2.28,2.28,2.26,2.26,8100
AMR,20260527,0.37,0.4,0.36,0.4,2232800
ANAN,20260527,0.34,0.35,0.33,0.34,2175600
ANI,20260527,2.56,2.58,2.52,2.56,49300
AOT,20260527,54.25,55,54.25,54.5,20363100
AP,20260527,7.65,7.65,7.4,7.4,14328500
APCO,20260527,2.58,2.58,2.54,2.56,104600
APCS,20260527,1.46,1.46,1.46,1.46,54000
APO,20260527,2.06,2.06,2.02,2.06,621200
APP,20260527,2.44,2.48,2.42,2.48,311900
APURE,20260527,2.02,2.04,2,2.02,37900
AQUA,20260527,0.1,0.11,0.1,0.11,23259200
ARIN,20260527,0.53,0.58,0.52,0.56,5735500
ARIP,20260527,0.45,0.45,0.44,0.44,66900
ARROW,20260527,5.2,5.25,5.15,5.2,13600
AS,20260527,2.5,2.52,2.44,2.48,1476400
ASAP,20260527,2.24,2.58,2.2,2.24,7330400
ASEFA,20260527,4.78,5.2,4.78,5.15,3330600
ASIA,20260527,5.4,5.4,5.4,5.4,5800
ASIAN,20260527,7,7.05,6.95,7,282900
ASIMAR,20260527,1.4,1.42,1.37,1.38,67100
ASK,20260527,9.05,9.15,9.05,9.15,443800
ASN,20260527,0.7,0.75,0.67,0.72,13400
ASP,20260527,2.16,2.18,2.14,2.14,1389800
ASTR,20260527,5.2,5.2,4.88,5.1,519000
ASW,20260527,7,7,6.9,6.95,30900
ATLAS,20260527,1.8,1.85,1.79,1.83,4064300
ATP30,20260527,0.8,0.8,0.79,0.79,955200
AU,20260527,4.6,4.6,4.56,4.6,384100
AUCT,20260527,4.06,4.08,4,4.02,1240700
AURA,20260527,14.7,14.8,14.5,14.6,1622900
AWC,20260527,2.3,2.34,2.28,2.32,37289400
AXTRART,20260527,12.9,12.9,12.8,12.9,185300
AYUD,20260527,39,42,38.75,39.75,23400
B,20260527,0.03,0.04,0.03,0.03,1125300
B-WORK,20260527,6.1,6.15,6.05,6.15,219600
B52,20260527,0.24,0.27,0.24,0.27,273400
BA,20260527,15,15.2,14.9,15.2,6371600
BAFS,20260527,8.5,8.5,8.45,8.45,60500
BAM,20260527,6.45,6.5,6.4,6.5,6628100
BANPU,20260527,5.8,5.95,5.75,5.9,64776100
BAREIT,20260527,10.6,10.6,10.5,10.6,142900
BAY,20260527,32.25,33.5,31.75,33,5757600
BBGI,20260527,4.16,4.2,4.14,4.14,1253100
BBIK,20260527,16.9,18.5,16.7,17.6,7603300
BBL,20260527,174,174.5,171,174,17342100
BC,20260527,0.65,0.65,0.63,0.65,39700
BCH,20260527,9.25,9.25,9.1,9.25,10452200
BCP,20260527,34,34.75,34,34.5,3873600
BCPG,20260527,6.75,6.75,6.6,6.65,9952500
BCT,20260527,50,50,47,49,3100
BDMS,20260527,18.4,18.4,18.3,18.3,16857100
BE8,20260527,4.9,5.25,4.9,5.1,1040700
BEAUTY,20260527,0.38,0.39,0.37,0.38,2324100
BEC,20260527,1.82,1.9,1.8,1.86,4239900
BEM,20260527,5.2,5.25,5.15,5.2,20174700
BEYOND,20260527,9,9,8.9,8.95,6100
BGC,20260527,5.95,6.05,5.9,5.95,196700
BGRIM,20260527,13.7,13.9,13.5,13.8,14978800
BGT,20260527,0.35,0.39,0.35,0.38,82900
BH,20260527,179,180,177.5,178,4410800
BIG,20260527,0.29,0.31,0.29,0.3,2038800
BIOTEC,20260527,0.26,0.31,0.26,0.29,55969600
BIS,20260527,2,2.02,1.97,1.99,209400
BIZ,20260527,5.2,5.2,5.15,5.15,305800
BJC,20260527,14.3,14.3,14.2,14.2,1804300
BJCHI,20260527,0.77,0.8,0.77,0.77,597600
BKA,20260527,0.75,0.75,0.73,0.73,565500
BKD,20260527,1.09,1.11,1.08,1.11,97200
BKGI,20260527,1.72,1.75,1.71,1.72,931700
BKIH,20260527,351,356,351,355,24700
BLA,20260527,22.5,23.3,22.5,23.1,4285300
BLAND,20260527,0.44,0.45,0.43,0.44,11562500
BLC,20260527,4.02,4.02,3.94,3.98,235300
BLESS,20260527,0.26,0.26,0.25,0.26,8300
BM,20260527,1.02,1.03,1.02,1.02,61300
BOFFICE,20260527,5.35,5.35,5.3,5.35,761200
BOL,20260527,4.92,4.92,4.9,4.92,175500
BPP,20260527,11.9,12,11.8,11.8,138600
BPS,20260527,0.49,0.49,0.47,0.48,201400
BR,20260527,1.72,1.72,1.7,1.71,110500
BRI,20260527,1.3,1.3,1.28,1.28,171200
BROCK,20260527,1.19,1.19,1.19,1.19,4000
BRR,20260527,3.56,3.6,3.54,3.58,123100
BRRGIF,20260527,3.9,3.92,3.9,3.92,887500
BSBM,20260527,0.61,0.61,0.6,0.6,184300
BSM,20260527,0.34,0.34,0.32,0.34,28000
BTC,20260527,0.15,0.16,0.14,0.15,4240300
BTG,20260527,20.2,20.3,19.8,20.3,3466900
BTNC,20260527,14.4,14.9,14.4,14.9,4800
BTS,20260527,2.06,2.08,2.02,2.06,28715300
BTSGIF,20260527,2.64,2.64,2.62,2.64,3441300
BTW,20260527,0.08,0.08,0.06,0.07,3719400
BUI,20260527,11.4,11.4,11.3,11.4,1800
BVG,20260527,1.59,1.63,1.59,1.62,188900
BWG,20260527,0.31,0.33,0.31,0.32,34817100
BYD,20260527,0.53,0.57,0.51,0.55,47309000
CAZ,20260527,1.58,1.58,1.56,1.58,199800
CBG,20260527,41.5,41.5,40.75,40.75,3513100
CCET,20260527,9.2,9.25,8.8,9,95647300
CCP,20260527,0.27,0.27,0.26,0.26,1001600
CEN,20260527,0.63,0.63,0.61,0.62,338800
CENTEL,20260527,33.25,33.75,32.5,33,3893400
CEYE,20260527,1.22,1.24,1.17,1.17,53900
CFARM,20260527,0.81,0.82,0.8,0.8,662000
CFRESH,20260527,0.95,0.95,0.92,0.93,1207100
CGD,20260527,0.11,0.11,0.1,0.11,393400
CGH,20260527,0.53,0.53,0.52,0.52,169900
CH,20260527,1.55,1.55,1.53,1.53,38900
CHAO,20260527,4.2,4.2,4.18,4.2,62400
CHARAN,20260527,18,18,18,18,5000
CHASE,20260527,0.48,0.49,0.48,0.49,1319000
CHAYO,20260527,1.21,1.24,1.2,1.22,2841700
CHEWA,20260527,0.16,0.18,0.16,0.18,116300
CHG,20260527,1.38,1.4,1.36,1.38,59136300
CHIC,20260527,0.29,0.3,0.29,0.29,271000
CHOW,20260527,1.43,1.46,1.4,1.4,353300
CI,20260527,0.32,0.34,0.32,0.34,170000
CIG,20260527,0.02,0.03,0.02,0.03,8081500
CITY,20260527,1.22,1.22,1.15,1.18,1400
CIVIL,20260527,1.35,1.44,1.31,1.31,7635200
CK,20260527,17.7,17.8,17.5,17.6,11633300
CKP,20260527,2.32,2.34,2.3,2.32,10431800
CM,20260527,1.61,1.62,1.6,1.61,57000
CMAN,20260527,2.76,2.76,2.74,2.76,73000
CMC,20260527,0.35,0.35,0.33,0.34,108100
CMO,20260527,0.62,0.67,0.62,0.63,1176900
CMR,20260527,1.31,1.32,1.31,1.31,111800
CNT,20260527,1.35,1.55,1.35,1.44,8943600
COCOCO,20260527,5.6,5.85,5.55,5.85,7866200
COLOR,20260527,1.04,1.1,1.04,1.04,1346100
COM7,20260527,25.5,26,25.25,25.5,10479300
COMAN,20260527,0.51,0.52,0.51,0.52,500
CPALL,20260527,46,46.25,45.5,46,25640200
CPANEL,20260527,1.39,1.39,1.3,1.39,132800
CPAXT,20260527,15.1,15.2,15,15,5397100
CPF,20260527,19.3,19.4,19,19.3,31862700
CPH,20260527,7.65,7.95,7.65,7.8,46900
CPI,20260527,3.4,3.46,3.36,3.42,1018800
CPL,20260527,0.67,0.7,0.67,0.67,1025700
CPN,20260527,66.5,66.5,65,65.25,3247800
CPNCG,20260527,6,6,5.9,5.95,1417500
CPNREIT,20260527,12.5,12.5,12.4,12.5,528900
CPR,20260527,2.68,2.74,2.66,2.66,60600
CPT,20260527,1.01,1.01,0.99,0.99,130600
CPTREIT,20260527,6.25,6.3,6.25,6.25,138800
CPW,20260527,2.4,2.4,2.36,2.4,100900
CRANE,20260527,0.38,0.42,0.38,0.41,695700
CRC,20260527,20.8,20.9,20.5,20.7,10710100
CRD,20260527,0.34,0.35,0.33,0.35,265200
CREDIT,20260527,19.4,19.5,18.9,18.9,423000
CSC,20260527,44,44.25,44,44.25,1300
CSP,20260527,0.49,0.51,0.49,0.49,637100
CSS,20260527,0.97,1,0.94,0.95,9457400
CTARAF,20260527,4.68,4.68,4.68,4.68,1000
CTW,20260527,4.56,4.92,4.54,4.68,1118900
CWT,20260527,0.77,0.79,0.74,0.76,2564000
D,20260527,2.88,2.9,2.86,2.9,210900
DCC,20260527,1.31,1.32,1.3,1.31,627900
DCON,20260527,0.21,0.21,0.19,0.21,1726100
DDD,20260527,4.72,4.74,4.72,4.74,21100
DELTA,20260527,348,365,344,354,29989600
DEMCO,20260527,2.92,3.06,2.8,2.8,6269600
DHOUSE,20260527,0.39,0.39,0.39,0.39,28100
DIF,20260527,9.95,10,9.9,9.95,4996200
DIMET,20260527,0.06,0.06,0.05,0.05,68600
DITTO,20260527,11.4,13.8,11.3,13.8,36606800
DMT,20260527,11.3,11.3,11.1,11.3,821100
DOD,20260527,1.67,1.68,1.63,1.64,777700
DOHOME,20260527,3.52,3.52,3.46,3.48,5460900
DPAINT,20260527,0.71,0.71,0.69,0.69,211800
DREIT,20260527,4.76,4.82,4.76,4.78,31600
DRT,20260527,4.96,4.96,4.94,4.96,148300
DTCENT,20260527,0.93,0.97,0.93,0.95,3040100
DUSIT,20260527,10.2,10.3,10.1,10.2,233900
EA,20260527,3.32,3.64,3.26,3.54,635372300
EASON,20260527,1.08,1.11,1.08,1.11,186900
EAST,20260527,0.61,0.61,0.6,0.61,640600
EASTW,20260527,4.14,4.36,4.12,4.26,6784800
EFORL,20260527,0.13,0.14,0.12,0.14,3856700
EGATIF,20260527,6.15,6.2,6.1,6.15,2625400
EGCO,20260527,116,117,115,116.5,410000
EKH,20260527,5,5,4.98,5,104500
EMC,20260527,0.02,0.02,0.02,0.02,102600
EMPIRE,20260527,0.35,0.36,0.33,0.34,6628000
EP,20260527,1.05,1.05,1.04,1.04,47100
EPG,20260527,3.86,4.42,3.82,4.34,39511300
ERW,20260527,2.78,2.94,2.76,2.86,55818200
ESTAR,20260527,0.23,0.23,0.22,0.23,160900
ETC,20260527,0.72,0.77,0.72,0.75,37129700
ETE,20260527,0.6,0.6,0.58,0.59,129600
ETL,20260527,0.46,0.47,0.43,0.43,974800
EURO,20260527,4.9,5.05,4.9,5,13800
EVER,20260527,0.04,0.06,0.04,0.06,5599700
FANCY,20260527,0.22,0.24,0.22,0.24,109400
FLOYD,20260527,1.05,1.08,1.05,1.07,490300
FM,20260527,4.22,4.22,4.14,4.2,1283100
FMT,20260527,20,20,20,20,200
FN,20260527,0.5,0.5,0.49,0.5,9200
FNS,20260527,0.45,0.46,0.42,0.45,156600
FORTH,20260527,18.2,18.9,16.7,17.1,37644900
FPI,20260527,1.52,1.53,1.5,1.52,140000
FPT,20260527,6.4,6.7,6.4,6.65,85400
FSMART,20260527,8.05,8.3,7.7,7.7,12396800
FSX,20260527,1.17,1.19,1.16,1.16,70800
FTE,20260527,2.32,2.38,2.28,2.34,1229400
FTI,20260527,1.8,1.84,1.72,1.75,35600
FTREIT,20260527,11.7,11.9,11.7,11.9,1114300
FUTURERT,20260527,8.9,8.9,8.8,8.9,172400
FVC,20260527,0.32,0.33,0.31,0.32,589100
GABLE,20260527,4,4.26,4,4.2,4371200
GAHREIT,20260527,4.16,4.16,4.16,4.16,100
GBX,20260527,0.53,0.55,0.53,0.54,395400
GC,20260527,4.5,4.52,4.48,4.5,244000
GCAP,20260527,0.24,0.25,0.24,0.25,554200
GEL,20260527,0.03,0.03,0.02,0.03,4908900
GENCO,20260527,0.34,0.34,0.33,0.33,325700
GFC,20260527,2.6,2.68,2.58,2.66,25800
GFPT,20260527,8.65,8.65,8.55,8.65,1199200
GGC,20260527,4,4.06,3.98,4.02,69600
GJS,20260527,0.14,0.14,0.13,0.13,506300
GLOBAL,20260527,7.6,7.6,7.3,7.35,10392900
GLORY,20260527,1.09,1.23,1.09,1.13,394500
GPI,20260527,1.7,1.7,1.69,1.7,454800
GPSC,20260527,41,41.25,40.5,40.75,6781000
GRAMMY,20260527,3.06,3.08,3.04,3.06,6700
GRAND,20260527,0.03,0.03,0.03,0.03,24100
GREEN,20260527,0.69,0.76,0.68,0.71,2267000
GROREIT,20260527,8,8,7.85,7.95,122700
GTB,20260527,0.7,0.7,0.68,0.7,127400
GTV,20260527,0.03,0.03,0.02,0.02,5134000
GULF,20260527,62,63.25,61.5,62.5,57294500
GUNKUL,20260527,3.54,3.88,3.52,3.8,387283300
GVREIT,20260527,6.95,7,6.95,6.95,466700
HANA,20260527,39,42,38.75,40.5,81108200
HANN,20260527,0.93,0.93,0.91,0.91,464700
HARN,20260527,1.99,2.22,1.98,2.1,6082100
HENG,20260527,0.89,0.89,0.88,0.88,753400
HFT,20260527,4.2,4.2,4.16,4.2,243600
HL,20260527,5.9,6,5.85,5.95,11200
HMPRO,20260527,6.05,6.1,5.95,6.05,28998500
HPF,20260527,6.05,6.1,6,6.05,66200
HTC,20260527,15.7,15.9,15.6,15.8,210100
HTECH,20260527,3.72,3.96,3.6,3.68,9747400
HUMAN,20260527,4.6,4.66,4.48,4.52,1944800
HYDRO,20260527,1.48,1.63,1.48,1.55,24500
I2,20260527,0.71,0.76,0.69,0.72,3019200
ICHI,20260527,13,13,12.8,12.9,4626700
ICN,20260527,2.1,2.18,1.99,2.02,11934400
IDG,20260527,1.28,1.28,1.25,1.26,151800
IFS,20260527,1.82,1.82,1.81,1.82,13700
IHL,20260527,1.46,1.49,1.46,1.48,2100
IIG,20260527,1.51,1.6,1.49,1.49,2122800
III,20260527,4.12,4.18,4.1,4.12,548100
ILINK,20260527,4.64,4.8,4.64,4.7,1789000
ILM,20260527,12.5,12.5,12.3,12.4,288300
IMH,20260527,2.94,2.94,2.88,2.92,43800
IMPACT,20260527,11.3,11.3,11,11.2,1188600
IND,20260527,0.89,0.89,0.87,0.88,1002700
INET,20260527,4.02,4.08,4,4,2020400
INETREIT,20260527,12.5,12.5,12.4,12.4,465500
INOX,20260527,4.4,4.44,4.4,4.4,78700
INSET,20260527,3.22,3.36,3.22,3.32,38935200
IP,20260527,4.22,4.3,4.22,4.3,498500
IRC,20260527,12,12,11.8,11.8,7400
IRCP,20260527,0.27,0.28,0.27,0.27,96900
IROYAL,20260527,4.46,4.72,4.44,4.68,1131700
IRPC,20260527,1.91,1.98,1.91,1.94,161742900
ISSARA,20260527,6.6,6.6,6.6,6.6,100
IT,20260527,5.25,5.45,5.15,5.35,626600
ITC,20260527,16.4,16.4,16.1,16.1,2404400
ITD,20260527,0.35,0.37,0.35,0.36,28560200
ITEL,20260527,1.39,1.46,1.38,1.43,13598300
ITNS,20260527,1.76,1.76,1.74,1.75,62500
ITTHI,20260527,1.21,1.21,1.17,1.2,106100
IVF,20260527,0.61,0.63,0.61,0.62,314600
IVL,20260527,25,25.25,24.5,24.5,12486000
J,20260527,0.61,0.61,0.58,0.6,957900
JAK,20260527,0.74,0.74,0.72,0.74,5300
JAS,20260527,1.12,1.12,1.09,1.09,40185000
JCK,20260527,0.12,0.13,0.12,0.12,2568900
JDF,20260527,1.97,2.06,1.97,1.99,668800
JMART,20260527,8.85,9.15,8.75,8.9,19547500
JMT,20260527,10.8,11.1,10.7,10.7,15090400
JPARK,20260527,3.24,3.24,3.16,3.18,3411100
JR,20260527,1.68,1.71,1.67,1.68,126400
JSP,20260527,1.8,1.8,1.76,1.79,133900
JTS,20260527,41.25,42.25,41,41.25,778700
JUBILE,20260527,7.15,7.2,7.1,7.2,21900
K,20260527,0.94,1,0.94,1,215800
KAMART,20260527,7.4,7.45,7.3,7.4,722200
KASET,20260527,0.72,0.74,0.72,0.72,536300
KBANK,20260527,198.5,199,196.5,198.5,18599400
KBS,20260527,5.6,5.7,5.6,5.65,362400
KBSPIF,20260527,9.15,9.3,9.15,9.3,281000
KC,20260527,0.02,0.03,0.02,0.02,2530500
KCAR,20260527,4.84,4.9,4.78,4.82,271000
KCC,20260527,2.92,2.94,2.76,2.9,2008300
KCE,20260527,35.75,37.5,35.25,36.5,59209800
KCG,20260527,9.65,9.65,9.55,9.65,399400
KCM,20260527,0.29,0.31,0.29,0.29,443400
KDH,20260527,84,84,84,84,1100
KGEN,20260527,1.59,1.63,1.58,1.61,7235400
KGI,20260527,4.2,4.24,4.2,4.2,1508600
KIAT,20260527,0.33,0.34,0.33,0.33,213300
KISS,20260527,3.4,3.4,3.3,3.34,902400
KJL,20260527,5.7,5.9,5.7,5.85,144700
KK,20260527,1.12,1.14,1.08,1.09,323200
KKP,20260527,84,87.75,84,87,11065700
KLINIQ,20260527,28,28.25,27.25,27.5,262100
KOOL,20260527,0.29,0.29,0.28,0.29,112700
KPNREIT,20260527,1.98,1.98,1.98,1.98,1600
KSL,20260527,1.53,1.54,1.51,1.53,877400
KTB,20260527,35.25,35.25,34.75,35,28948100
KTBSTMR,20260527,5.85,5.85,5.75,5.85,307800
KTC,20260527,29.75,30,29.5,30,7969200
KTIS,20260527,1.92,1.94,1.89,1.9,93300
KTMS,20260527,1.2,1.2,1.15,1.18,1129600
KUMWEL,20260527,2.06,2.12,1.96,2.04,3092400
KUN,20260527,0.58,0.59,0.57,0.58,97200
KWC,20260527,271,271,271,271,100
KWM,20260527,0.79,0.79,0.77,0.79,467100
KYE,20260527,300,302,300,302,1400
L&E,20260527,1.15,1.17,1.15,1.15,1400
LALIN,20260527,4.36,4.4,4.36,4.4,33900
LANNA,20260527,14.3,14.4,14,14,2314800
LDC,20260527,0.25,0.25,0.24,0.24,264100
LEE,20260527,2.44,2.46,2.44,2.44,58700
LEO,20260527,1.72,1.82,1.72,1.77,806000
LH,20260527,3.7,3.7,3.64,3.66,16815400
LHFG,20260527,1.17,1.18,1.16,1.16,7172700
LHHOTEL,20260527,13,13,12.9,12.9,286100
LHK,20260527,3.48,3.48,3.46,3.46,50000
LHRREIT,20260527,4.48,4.48,4.34,4.42,28400
LHSC,20260527,14.6,14.6,14.5,14.6,251400
LIT,20260527,0.67,0.69,0.66,0.68,729600
LOXLEY,20260527,1.62,1.65,1.61,1.62,1098500
LPH,20260527,3.66,3.68,3.66,3.66,85900
LPN,20260527,1.59,1.59,1.57,1.58,322800
LST,20260527,4.68,4.68,4.66,4.68,61100
LTMH,20260527,4.16,4.8,4.16,4.5,31400
LTS,20260527,3.02,3.2,2.74,2.84,23497900
LUXF,20260527,9.05,9.1,9,9.1,2400
M,20260527,22,23.1,21.4,21.7,11120900
M-CHAI,20260527,18.7,20.5,18.7,19.8,99100
MADAME,20260527,0.48,0.48,0.47,0.48,55100
MAGURO,20260527,17.3,18.1,17.2,17.8,842500
MAJOR,20260527,6.7,6.85,6.7,6.75,832300
MALEE,20260527,4.24,4.3,4.16,4.16,1426900
MASTEC,20260527,1.41,1.49,1.35,1.36,21408400
MASTER,20260527,8.25,8.4,8.15,8.25,1143900
MATCH,20260527,0.82,0.84,0.77,0.82,71800
MATI,20260527,3.08,3.08,3.08,3.08,400
MBAX,20260527,1.87,1.96,1.86,1.9,916900
MBK,20260527,18.5,18.7,18.3,18.6,970100
MC,20260527,11.2,11.3,11.1,11.2,2340100
MCA,20260527,1.12,1.15,1.12,1.15,204300
MCOT,20260527,5.85,6.1,5.85,5.95,805000
MCS,20260527,7.5,7.6,7.4,7.55,1113000
MDX,20260527,2.68,2.7,2.62,2.62,491200
MEB,20260527,11.8,12,11.7,11.8,381400
MEDEZE,20260527,6.15,6.25,6.15,6.2,210500
MEGA,20260527,35,35.5,34.75,35.25,1260600
MENA,20260527,0.61,0.62,0.6,0.6,1643200
METCO,20260527,285,285,284,285,8600
MFC,20260527,19,19.3,18.9,19,233200
MFEC,20260527,5.6,5.8,5.55,5.65,295800
MGC,20260527,5.5,5.6,5.35,5.6,912700
MGI,20260527,4.92,4.94,4.82,4.88,206000
MGT,20260527,1.93,1.93,1.9,1.91,170200
MICRO,20260527,0.91,0.92,0.9,0.9,657700
MIDA,20260527,0.28,0.29,0.27,0.29,892700
MII,20260527,5.7,5.7,5.65,5.7,86500
MINT,20260527,22.1,22.4,21.9,22.2,26363600
MITSIB,20260527,0.56,0.56,0.55,0.56,94600
MJD,20260527,0.31,0.32,0.3,0.32,300
MJLF,20260527,5.45,5.5,5.4,5.45,150800
MK,20260527,0.52,0.52,0.51,0.52,5700
ML,20260527,0.49,0.55,0.49,0.55,1464500
MMM,20260527,2.62,2.66,2.58,2.58,327300
MNIT,20260527,1.92,1.92,1.9,1.92,17900
MNIT2,20260527,5.25,5.25,5.25,5.25,1200
MNRF,20260527,2.08,2.08,2.08,2.08,1100
MODERN,20260527,2.02,2.04,2.02,2.02,37500
MONO,20260527,0.69,0.7,0.67,0.69,7411700
MOONG,20260527,2.28,2.42,2.28,2.42,1770200
MORE,20260527,0.05,0.06,0.04,0.05,8303000
MOSHI,20260527,38,38,37.25,37.25,265200
MOTHER,20260527,1.22,1.22,1.18,1.18,2627900
MPJ,20260527,3.58,3.6,3.54,3.6,60100
MRDIYT,20260527,9.1,9.65,9.1,9.45,12901400
MSC,20260527,5.65,5.85,5.65,5.7,113100
MST,20260527,7.1,7.1,7.05,7.05,6300
MTC,20260527,29,29,28.5,28.75,7476700
MTI,20260527,15.2,15.2,15.1,15.1,40800
MTW,20260527,0.8,0.83,0.79,0.8,230900
NAM,20260527,3.62,3.62,3.58,3.58,1500
NAT,20260527,1.79,1.84,1.77,1.84,109600
NATION,20260527,0.04,0.04,0.03,0.04,283800
NC,20260527,1.73,1.77,1.7,1.73,36600
NCAP,20260527,2.66,2.74,2.64,2.66,6636300
NCH,20260527,0.39,0.4,0.39,0.4,30800
NCL,20260527,0.19,0.2,0.19,0.19,353600
NCP,20260527,1.12,1.12,1.12,1.12,4100
NDR,20260527,2.2,2.38,2.12,2.16,3623300
NEO,20260527,17.2,17.3,17,17.1,298200
NEP,20260527,0.19,0.2,0.19,0.2,1600
NER,20260527,4.4,4.46,4.4,4.42,8656700
NETBAY,20260527,9.65,10.2,9.6,9.75,4313600
NEX,20260527,1.08,1.14,1.07,1.12,107791300
NKI,20260527,15,15,15,15,5000
NKT,20260527,3.96,3.98,3.94,3.96,80200
NL,20260527,0.65,0.67,0.65,0.65,58200
NNCL,20260527,1.57,1.68,1.57,1.64,1343500
NOBLE,20260527,1.82,1.83,1.8,1.81,910000
NOVA,20260527,7.3,7.3,7.3,7.3,100
NPK,20260527,12.2,12.2,12.2,12.2,100
NSL,20260527,21.1,21.2,21,21.2,158500
NTF,20260527,16.1,16.3,15.9,15.9,1509100
NTSC,20260527,6.3,6.4,6.2,6.3,22600
NTV,20260527,19.4,19.4,19,19,78000
NUT,20260527,4.18,4.22,4.16,4.2,54900
NV,20260527,0.49,0.51,0.48,0.49,347400
NVD,20260527,0.56,0.57,0.56,0.57,58500
NYT,20260527,3.68,3.7,3.6,3.66,3400000
OCC,20260527,9.5,9.9,9.5,9.9,600
OKJ,20260527,3.02,3.08,3.02,3.04,697000
ONEE,20260527,2.76,2.86,2.7,2.78,1854800
ONSENS,20260527,1.14,1.14,1.13,1.14,181300
OR,20260527,12.6,12.6,12.4,12.5,14063800
ORI,20260527,1.74,1.74,1.72,1.72,1721200
ORN,20260527,0.8,0.8,0.79,0.79,654700
OSP,20260527,15.3,15.3,15.1,15.2,8718800
PACO,20260527,1.32,1.35,1.32,1.34,29300
PAF,20260527,0.8,0.82,0.79,0.79,439600
PANEL,20260527,1.23,1.23,1.22,1.22,33200
PAP,20260527,2.48,2.56,2.48,2.54,302900
PATO,20260527,6.1,6.2,6.1,6.2,20300
PB,20260527,46.25,48,46,48,2500
PCC,20260527,2.88,2.88,2.84,2.84,695600
PCE,20260527,2.28,2.3,2.26,2.28,852500
PCSGH,20260527,2.94,2.98,2.92,2.98,23100
PDG,20260527,3.1,3.12,3.1,3.12,33800
PDJ,20260527,0.96,0.97,0.95,0.95,19500
PEACE,20260527,1.55,1.58,1.55,1.56,37500
PEER,20260527,0.09,0.1,0.09,0.09,3516800
PERM,20260527,0.25,0.25,0.23,0.23,769800
PF,20260527,0.03,0.05,0.03,0.04,40002700
PG,20260527,6.65,6.65,6.45,6.55,2200
PHG,20260527,10.6,10.6,10.4,10.4,247300
PHOL,20260527,2.92,2.96,2.92,2.94,86500
PIMO,20260527,1.03,1.05,1.03,1.05,73900
PIN,20260527,4.4,4.44,4.4,4.42,414600
PIS,20260527,3.84,3.92,3.84,3.84,457200
PJW,20260527,2.04,2.04,2.02,2.02,20100
PK,20260527,0.4,0.45,0.4,0.43,4429600
PL,20260527,1.26,1.29,1.24,1.25,137800
PLANB,20260527,4.18,4.22,4.16,4.16,14916500
PLANET,20260527,0.85,0.92,0.85,0.9,1656900
PLAT,20260527,1.12,1.15,1.12,1.14,1420000
PLE,20260527,0.11,0.12,0.11,0.12,2483200
PLT,20260527,0.55,0.57,0.53,0.53,993500
PLUS,20260527,1.23,1.28,1.21,1.25,4537300
PM,20260527,10.9,10.9,10.7,10.8,288900
PMC,20260527,0.87,0.89,0.86,0.86,241700
PMTA,20260527,9.6,9.6,9.6,9.6,4000
POLY,20260527,6.65,6.75,6.65,6.75,2300
POPF,20260527,7.75,7.8,7.75,7.8,227100
PORT,20260527,0.59,0.6,0.57,0.57,1058700
PPM,20260527,1.75,1.75,1.73,1.75,43600
PPP,20260527,0.91,0.98,0.9,0.95,80800
PPPM,20260527,0.2,0.2,0.19,0.19,2057400
PPS,20260527,0.17,0.17,0.16,0.16,70700
PQS,20260527,1.72,1.72,1.7,1.71,103500
PR9,20260527,16.3,16.7,16.3,16.6,3098700
PRAKIT,20260527,10.6,10.8,10.6,10.8,14300
PRAPAT,20260527,0.77,0.78,0.76,0.77,451600
PREB,20260527,3.42,3.44,3.38,3.42,157600
PRECHA,20260527,0.4,0.4,0.38,0.39,55300
PRG,20260527,9.05,9.1,9,9,12000
PRI,20260527,3.44,3.5,3.44,3.44,27300
PRIME,20260527,0.06,0.06,0.05,0.06,297700
PRIN,20260527,1.38,1.38,1.38,1.38,700
PRINC,20260527,1.7,1.72,1.69,1.71,288500
PRM,20260527,8.5,8.7,8.4,8.7,9546800
PROEN,20260527,0.9,0.99,0.9,0.95,14986800
PROS,20260527,0.17,0.21,0.17,0.21,2907400
PROSPECT,20260527,9.25,9.3,9.2,9.25,1902000
PROUD,20260527,0.93,0.94,0.92,0.93,350200
PRTR,20260527,3.38,3.46,3.38,3.42,464700
PSGC,20260527,6.05,6.05,6,6,97700
PSH,20260527,3.44,3.46,3.42,3.44,495200
PSL,20260527,7.25,7.45,7.25,7.3,10064900
PSP,20260527,4.62,4.64,4.6,4.6,494900
PSTC,20260527,0.28,0.29,0.28,0.28,1059300
PT,20260527,10.8,11,10.8,11,207900
PTC,20260527,0.61,0.63,0.61,0.63,563000
PTG,20260527,7.25,7.35,7.25,7.35,3035900
PTL,20260527,9.45,10.3,9.45,9.95,1655700
PTT,20260527,36.5,36.75,36.25,36.5,37899300
PTTEP,20260527,147,147.5,144.5,144.5,12442900
PTTGC,20260527,35.75,36.25,35.5,35.5,23340400
PYLON,20260527,3.34,3.36,3.32,3.34,329300
Q-CON,20260527,6.2,6.2,6.15,6.2,43600
QDC,20260527,0.13,0.13,0.12,0.13,139300
QH,20260527,1.37,1.38,1.36,1.37,21499100
QHBREIT,20260527,3.78,3.78,3.74,3.78,316700
QHHRREIT,20260527,7.75,7.75,7.65,7.75,244700
QHOP,20260527,3.16,3.26,3.16,3.26,200
QLT,20260527,1.45,1.47,1.45,1.47,900
QTC,20260527,4.18,4.26,4.14,4.22,506900
QTCG,20260527,0.11,0.11,0.1,0.1,42500
RABBIT,20260527,0.33,0.37,0.33,0.34,66050900
RAM,20260527,18.4,18.7,18.4,18.4,21000
RATCH,20260527,30.5,30.75,30.25,30.75,2386200
RBF,20260527,4.06,4.26,3.96,4.16,10631800
RCL,20260527,30.25,30.75,30.25,30.5,1700800
READY,20260527,2.96,3,2.96,2.96,124800
RICHY,20260527,0.18,0.18,0.17,0.17,288000
RJH,20260527,12.9,12.9,12.6,12.7,412400
RML,20260527,0.1,0.1,0.09,0.1,324700
ROCK,20260527,9.6,9.6,9.45,9.45,900
ROCTEC,20260527,0.63,0.66,0.6,0.64,20818100
ROJNA,20260527,5.2,5.35,5.2,5.3,5681100
RP,20260527,0.75,0.78,0.72,0.73,906000
RPC,20260527,0.36,0.37,0.36,0.37,399200
RPH,20260527,4.92,4.92,4.88,4.9,89200
RS,20260527,0.15,0.15,0.14,0.15,537100
RSP,20260527,0.96,0.96,0.93,0.93,240000
RT,20260527,0.3,0.31,0.29,0.3,3745900
RWI,20260527,0.18,0.18,0.17,0.17,209400
S,20260527,0.5,0.5,0.49,0.49,1388100
S&J,20260527,33.75,33.75,33.75,33.75,500
S11,20260527,4,4.04,3.98,4.04,23700
SA,20260527,7.15,7.2,7.15,7.15,12000
SAAM,20260527,4.72,4.76,4.72,4.76,1900
SABINA,20260527,15.3,15.4,15.2,15.4,251400
SAF,20260527,0.33,0.35,0.33,0.34,42800
SAFE,20260527,5.9,5.9,5.85,5.9,98200
SAK,20260527,3.18,3.2,3.16,3.18,1184800
SALEE,20260527,0.65,0.68,0.59,0.59,29817900
SAMART,20260527,5.55,5.65,5.4,5.4,3963300
SAMCO,20260527,0.86,0.87,0.85,0.86,296900
SAMTEL,20260527,3.62,3.7,3.52,3.68,38700
SANKO,20260527,0.92,0.93,0.91,0.91,1580500
SAPPE,20260527,29.75,30.75,29.25,30.25,683000
SAT,20260527,15.5,15.7,15.5,15.5,635600
SAUCE,20260527,40.25,40.75,40,40.25,7900
SAV,20260527,10.9,11,10.8,10.9,433700
SAWAD,20260527,21.8,21.8,21.6,21.6,9359000
SC,20260527,1.85,1.86,1.82,1.83,7016800
SCAP,20260527,1.36,1.37,1.33,1.34,4741400
SCB,20260527,135.5,136,135,135.5,7527000
SCC,20260527,232,232,228,229,2390800
SCCC,20260527,144,145.5,144,145.5,102100
SCG,20260527,2.3,2.3,2.24,2.28,10700
SCGD,20260527,4.98,4.98,4.96,4.98,195700
SCGP,20260527,24,24.1,23.7,23.7,7508900
SCI,20260527,0.98,0.99,0.96,0.96,68200
SCL,20260527,1.43,1.43,1.41,1.41,490600
SCM,20260527,0.12,0.13,0.12,0.13,319500
SCN,20260527,0.42,0.44,0.42,0.43,422900
SCP,20260527,9,9.05,8.95,9,82700
SDC,20260527,0.02,0.03,0.02,0.03,2041600
SE,20260527,0.47,0.48,0.46,0.46,638900
SE-ED,20260527,1.66,1.66,1.65,1.66,38100
SEAFCO,20260527,2.8,2.82,2.76,2.78,906900
SEAOIL,20260527,3.14,3.18,3.14,3.14,720400
SECURE,20260527,11.5,12.3,11.5,12.1,393600
SEI,20260527,1.6,1.65,1.6,1.62,82600
SELIC,20260527,2.64,2.68,2.64,2.68,18700
SENA,20260527,1.81,1.81,1.78,1.8,769100
SENX,20260527,0.21,0.22,0.21,0.22,41400
SFLEX,20260527,2.82,2.82,2.76,2.76,1594600
SFT,20260527,1.48,1.54,1.48,1.5,103500
SGC,20260527,1.3,1.36,1.27,1.28,86541700
SGF,20260527,0.13,0.13,0.12,0.13,667100
SGP,20260527,8.85,8.85,8.75,8.8,414200
SHANG,20260527,44,44,44,44,1100
SHR,20260527,1.62,1.64,1.61,1.61,1439300
SIAM,20260527,0.74,0.75,0.73,0.75,3500
SICT,20260527,3.14,3.54,3.06,3.1,33868900
SIMAT,20260527,1.39,1.45,1.39,1.41,42128600
SINGER,20260527,7.25,7.45,7.1,7.2,7350100
SINO,20260527,0.9,0.91,0.88,0.9,88200
SIRI,20260527,1.44,1.44,1.42,1.44,26803300
SIRIPRT,20260527,8.15,8.15,7.2,7.5,11400
SIS,20260527,21.9,22.4,21.7,21.9,1004000
SISB,20260527,9.9,10.1,9.85,9.9,3042900
SITHAI,20260527,1.05,1.07,1.05,1.06,256600
SJWD,20260527,7.85,7.9,7.7,7.75,4885400
SK,20260527,0.53,0.54,0.52,0.53,38900
SKE,20260527,0.18,0.18,0.17,0.18,986300
SKIN,20260527,1.05,1.05,0.99,0.99,363500
SKN,20260527,5.45,5.45,5.4,5.4,33000
SKR,20260527,7.35,7.35,7.3,7.35,665400
SKY,20260527,14.4,15,14,14.5,3835400
SLP,20260527,0.47,0.48,0.44,0.44,1635600
SMART,20260527,0.53,0.55,0.53,0.54,548900
SMD100,20260527,1.32,1.33,1.27,1.3,490600
SMIT,20260527,3.44,3.44,3.42,3.42,28500
SMO,20260527,4.04,4.04,3.9,3.9,2667900
SMPC,20260527,9.05,9.1,9.05,9.1,50300
SMT,20260527,3.36,3.44,3.2,3.3,29625400
SNC,20260527,6.45,6.45,6.35,6.4,107000
SNNP,20260527,6.7,6.7,6.6,6.65,317100
SNP,20260527,8.9,8.95,8.85,8.85,14900
SNPS,20260527,4.46,4.56,4.46,4.46,38100
SO,20260527,4.58,4.64,4.58,4.62,90400
SOLAR,20260527,0.3,0.31,0.29,0.3,6243400
SONIC,20260527,1.48,1.49,1.47,1.48,763400
SORKON,20260527,3.42,3.46,3.4,3.44,18100
SPA,20260527,3,3.02,2.98,2.98,679800
SPACK,20260527,1.15,1.15,1.13,1.15,38500
SPALI,20260527,15.7,15.8,15.5,15.7,6267400
SPC,20260527,55.25,55.25,54.75,54.75,7100
SPCG,20260527,8.75,8.8,8.75,8.75,154900
SPG,20260527,10.7,11,10.7,10.9,1400
SPI,20260527,32.75,32.75,32.5,32.75,10400
SPRC,20260527,7.35,7.45,7.3,7.35,17143800
SPREME,20260527,1.53,1.59,1.53,1.55,2838400
SPRIME,20260527,3.74,3.76,3.74,3.76,163700
SPTX,20260527,0.01,0.01,0.01,0.01,251366300
SPVI,20260527,3.32,3.34,3.26,3.26,399100
SQ,20260527,0.19,0.2,0.18,0.19,291900
SR,20260527,0.42,0.42,0.42,0.42,100
SRICHA,20260527,20.1,20.3,19.3,19.4,2003500
SRIPANWA,20260527,5.1,5.1,5.05,5.05,14800
SRS,20260527,1.7,1.77,1.7,1.76,39100
SSF,20260527,5.15,5.15,5.1,5.1,37900
SSP,20260527,3.66,3.74,3.62,3.66,1418500
SSSC,20260527,2.16,2.16,2.16,2.16,5100
SST,20260527,1.03,1.03,1.02,1.03,1200
SSTRT,20260527,4.38,4.4,4.38,4.4,113100
STA,20260527,19,19.3,18.7,18.7,8122600
STANLY,20260527,220,223,220,223,55700
STARM,20260527,0.86,0.9,0.85,0.9,145600
STC,20260527,0.57,0.57,0.52,0.56,88700
STECH,20260527,1.06,1.06,1.05,1.06,43400
STECON,20260527,14.2,14.5,14.1,14.1,17543900
STELLA,20260527,0.27,0.28,0.27,0.28,3858000
STGT,20260527,11.8,12.1,11.7,11.7,5719400
STI,20260527,1.68,1.7,1.65,1.7,29100
STOWER,20260527,0.03,0.04,0.03,0.03,460500
STP,20260527,11,11.3,10.9,11,23500
STPI,20260527,5.1,5.4,5.05,5.1,22820600
STX,20260527,0.87,0.88,0.87,0.87,477300
SUC,20260527,27.25,27.25,27,27.25,18600
SUN,20260527,2.4,2.42,2.38,2.4,348900
SUPER,20260527,0.13,0.14,0.12,0.13,161214100
SUPEREIF,20260527,5.75,5.85,5.75,5.8,173300
SUSCO,20260527,2.06,2.06,2.04,2.04,786400
SUTHA,20260527,2.3,2.3,2.3,2.3,200
SVOA,20260527,1.77,1.8,1.75,1.76,2171300
SVR,20260527,0.3,0.3,0.29,0.29,39000
SVT,20260527,1.27,1.28,1.24,1.25,900300
SWC,20260527,4.48,4.6,4.48,4.6,30100
SYMC,20260527,4.94,5.4,4.94,5.35,828600
SYNEX,20260527,9.35,9.55,9.3,9.4,3897200
SYNTEC,20260527,1.65,1.66,1.63,1.64,1398900
TACC,20260527,5.85,5.95,5.85,5.85,1204000
TAE,20260527,1.53,1.58,1.52,1.52,8331800
TAKUNI,20260527,0.37,0.38,0.37,0.37,400300
TAN,20260527,3.74,3.74,3.64,3.64,575200
TASCO,20260527,13.8,13.8,13.7,13.8,628000
TATG,20260527,0.97,0.98,0.95,0.97,234300
TBN,20260527,3.5,3.58,3.42,3.5,48400
TBSP,20260527,1.13,1.15,1.13,1.15,4200
TC,20260527,5.7,5.75,5.65,5.65,68100
TCAP,20260527,60.5,61,60.25,61,1731000
TCC,20260527,0.33,0.34,0.31,0.32,1372200
TCJ,20260527,2.34,2.42,2.34,2.4,4800
TCMC,20260527,0.31,0.31,0.3,0.31,807400
TEAM,20260527,5.45,5.75,4.86,5,26585200
TEAMG,20260527,2.9,3.24,2.88,3.14,74022600
TEGH,20260527,3.12,3.14,3.1,3.1,634800
TEKA,20260527,1.74,1.75,1.71,1.73,24000
TERA,20260527,1.11,1.17,1.11,1.13,150100
TFFIF,20260527,6.55,6.6,6.5,6.55,4439800
TFG,20260527,10.1,10.1,9.8,10,18804800
TFI,20260527,0.04,0.05,0.04,0.04,182900
TFM,20260527,6.45,6.55,6.45,6.45,592400
TFMAMA,20260527,187.5,188,187,187,5400
TGE,20260527,1.14,1.14,1.11,1.11,532800
TGH,20260527,10.9,10.9,10.8,10.8,500
TGPRO,20260527,0.04,0.04,0.03,0.04,1521300
TH,20260527,0.44,0.45,0.44,0.45,1401500
THAI,20260527,6.6,6.75,6.5,6.75,88981300
THANA,20260527,1.55,1.55,1.54,1.54,11400
THANI,20260527,1.63,1.64,1.63,1.63,1987700
THCOM,20260527,11.3,11.4,11.2,11.3,3716300
THE,20260527,0.78,0.78,0.72,0.77,509300
THG,20260527,7.7,7.8,7.6,7.75,589000
THIP,20260527,21,21,20.9,20.9,17100
THMUI,20260527,0.3,0.31,0.3,0.3,6900
THRE,20260527,0.35,0.36,0.34,0.34,5199100
THREL,20260527,1.04,1.04,1.02,1.02,110500
TIDLOR,20260527,18.4,18.5,18.2,18.2,12829600
TIF1,20260527,7.8,7.9,7.8,7.85,4400
TIGER,20260527,0.28,0.28,0.27,0.28,12000
TIPCO,20260527,6.25,6.25,6.2,6.2,64800
TIPH,20260527,21.5,21.6,21.4,21.5,68200
TISCO,20260527,113.5,114,113,114,2815000
TITLE,20260527,8,8.15,7.9,8.05,334400
TK,20260527,4.2,4.24,4.18,4.24,19200
TKC,20260527,9.7,9.7,9.15,9.35,55600
TKN,20260527,4.16,4.22,4.14,4.16,1218200
TKS,20260527,7.2,7.35,7.2,7.25,463400
TKT,20260527,0.72,0.75,0.72,0.74,15800
TL,20260527,0.36,0.37,0.36,0.37,1169600
TLHPF,20260527,4.36,4.36,4.34,4.34,33300
TLI,20260527,11.2,11.2,11,11.1,10956700
TM,20260527,0.85,0.89,0.85,0.86,468900
TMAN,20260527,11.3,11.3,11.1,11.2,112600
TMC,20260527,0.71,0.71,0.7,0.7,59500
TMD,20260527,26,26,26,26,600
TMI,20260527,0.49,0.49,0.48,0.48,233900
TMILL,20260527,2.32,2.34,2.32,2.34,1800
TMT,20260527,3.5,3.54,3.46,3.5,173100
TMW,20260527,61,61.5,61,61,12700
TNDT,20260527,0.14,0.15,0.13,0.14,506800
TNH,20260527,30,30,29.5,29.5,9700
TNITY,20260527,2.54,2.54,2.44,2.44,216800
TNP,20260527,3.04,3.06,3.04,3.06,134500
TNPC,20260527,0.96,0.96,0.96,0.96,6300
TNPF,20260527,1.02,1.02,1.01,1.01,50400
TNR,20260527,5.1,5.15,5.1,5.15,40800
TOA,20260527,12.5,12.6,12.3,12.4,2037400
TOG,20260527,6.85,6.85,6.7,6.75,150200
TOP,20260527,46,47.5,45.75,46.5,18673800
TPA,20260527,2.8,2.8,2.72,2.72,4600
TPAC,20260527,8.85,8.9,8.85,8.9,23400
TPBI,20260527,2.98,3,2.96,3,183900
TPCH,20260527,1.47,1.47,1.43,1.43,246800
TPCS,20260527,9.8,9.8,9.8,9.8,4400
TPIPL,20260527,0.82,0.83,0.81,0.82,23504200
TPIPP,20260527,1.8,1.81,1.79,1.79,3012700
TPL,20260527,0.5,0.63,0.5,0.63,16824000
TPLAS,20260527,1.11,1.14,1.1,1.13,77400
TPOLY,20260527,0.12,0.12,0.11,0.12,379400
TPP,20260527,11.2,11.5,11.2,11.5,28600
TPRIME,20260527,7.4,7.45,7.4,7.45,50600
TPS,20260527,3.16,3.22,3.16,3.2,123900
TQM,20260527,13.6,13.6,13.4,13.6,333800
TQR,20260527,5.3,5.3,5.25,5.25,13200
TRC,20260527,0.65,0.67,0.65,0.66,2126900
TRITN,20260527,0.02,0.03,0.02,0.02,1509900
TRP,20260527,4.2,4.26,4.2,4.26,57700
TRT,20260527,8.2,8.6,8.2,8.6,5340900
TRU,20260527,3.82,3.82,3.8,3.8,17300
TRUBB,20260527,0.95,0.97,0.94,0.95,2424800
TRUE,20260527,13.8,13.9,13.6,13.6,222953000
TRV,20260527,1.5,1.59,1.49,1.51,27700
TSC,20260527,14.6,14.6,14.5,14.6,11200
TSE,20260527,0.85,0.92,0.85,0.86,34504600
TSI,20260527,0.06,0.06,0.05,0.06,4000
TSTH,20260527,0.89,0.97,0.89,0.94,21569300
TTA,20260527,5.05,5.15,5,5.1,4209800
TTB,20260527,2.36,2.36,2.32,2.34,172537700
TTLPF,20260527,9.55,9.6,9.5,9.55,929400
TTT,20260527,41.5,41.5,39.75,39.75,31500
TTW,20260527,9.35,9.4,9.3,9.35,1560500
TU,20260527,11.3,11.3,11.1,11.2,9450800
TU-PF,20260527,1.2,1.2,1.2,1.2,100
TURBO,20260527,1.42,1.44,1.4,1.43,10897000
TURTLE,20260527,2.52,2.52,2.52,2.52,600
TVDH,20260527,0.04,0.05,0.04,0.05,2528700
TVH,20260527,9.9,9.9,9.75,9.85,31700
TVO,20260527,25.25,25.5,25,25,436600
TVT,20260527,0.21,0.21,0.2,0.21,234500
TWP,20260527,1.09,1.13,1.08,1.1,14600
TWPC,20260527,2.88,2.9,2.86,2.9,130700
TWZ,20260527,0.01,0.02,0.01,0.02,3800500
UAC,20260527,2.62,2.64,2.62,2.64,705200
UBA,20260527,1.06,1.08,1.06,1.08,154400
UBE,20260527,0.56,0.58,0.55,0.56,13709600
UBIS,20260527,1.26,1.28,1.21,1.21,77900
UEC,20260527,0.82,0.84,0.81,0.82,193100
UKEM,20260527,1.14,1.17,1.12,1.16,8635000
UMI,20260527,0.89,0.91,0.89,0.9,2317300
UNIQ,20260527,2.78,2.8,2.76,2.78,185200
UNIX,20260527,1.68,1.7,1.68,1.69,5203200
UP,20260527,23.4,23.6,23.3,23.6,1600
UPF,20260527,21.5,21.6,21.2,21.6,700
UPOIC,20260527,6.75,6.95,6.75,6.95,4900
UREKA,20260527,0.31,0.32,0.31,0.31,3864800
UTP,20260527,7.85,8,7.85,7.85,459400
UV,20260527,0.85,0.86,0.84,0.85,208000
UVAN,20260527,15,15,14.8,14.8,422500
VARO,20260527,4.08,4.1,4,4.04,5300
VCOM,20260527,3.7,3.8,3.66,3.76,616500
VGI,20260527,0.91,0.91,0.89,0.89,306387100
VIBE,20260527,0.35,0.36,0.35,0.36,48900
VIBHA,20260527,1.37,1.37,1.36,1.36,1065300
VIH,20260527,8.2,8.25,8.15,8.25,49500
VL,20260527,0.79,0.8,0.78,0.78,513700
VNG,20260527,1.92,1.93,1.82,1.85,1093300
VPO,20260527,0.5,0.51,0.49,0.5,1161000
VRANDA,20260527,4.46,4.48,4.46,4.46,12500
VS,20260527,0.26,0.27,0.26,0.27,80100
WACOAL,20260527,16.4,16.4,16.4,16.4,500
WARRIX,20260527,1.47,1.48,1.44,1.45,869600
WASH,20260527,4.08,4.1,4.06,4.06,176400
WAVE,20260527,0.03,0.03,0.02,0.02,461900
WFX,20260527,0.97,1.01,0.97,1.01,23900
WGE,20260527,0.71,0.72,0.7,0.72,409600
WHA,20260527,5.05,5.1,5,5.1,50162200
WHABT,20260527,5.85,5.9,5.8,5.9,287600
WHAIR,20260527,7.45,7.5,7.45,7.5,359100
WHART,20260527,10.5,10.6,10.5,10.5,886100
WHAUP,20260527,5.55,5.8,5.45,5.8,17685300
WICE,20260527,2.38,2.38,2.34,2.34,861400
WIIK,20260527,0.9,0.9,0.89,0.89,570700
WIN,20260527,0.26,0.27,0.25,0.27,95600
WINDOW,20260527,0.74,0.74,0.73,0.73,33800
WINMED,20260527,0.85,0.86,0.85,0.86,67600
WINNER,20260527,2.08,2.12,2.06,2.06,400900
WORK,20260527,3.54,3.56,3.5,3.56,41600
WP,20260527,3.6,3.6,3.56,3.58,74000
WPH,20260527,6.05,6.05,5.9,6,592200
XBIO,20260527,0.08,0.09,0.08,0.08,6737100
XO,20260527,12.9,13,12.9,12.9,409800
XPG,20260527,0.46,0.47,0.45,0.46,9280200
XYZ,20260527,0.35,0.35,0.34,0.35,333300
YGG,20260527,0.2,0.2,0.19,0.2,1853900
YONG,20260527,0.71,0.73,0.71,0.73,138300
YUASA,20260527,14,14.5,14,14.2,54500
ZAA,20260527,1.66,1.75,1.66,1.68,29200
ZEN,20260527,5.45,5.5,5.45,5.45,6900
ZIGA,20260527,0.9,0.91,0.89,0.89,1978600
RABBIT-P,20260527,0.34,0.36,0.34,0.35,3190500
VAYU1-O,20260527,11.3,11.3,11.2,11.3,76
VAYU1,20260527,11.3,11.3,11.2,11.3,1696800
!AGRO,20260527,312.66,313.03,310.3,311.68,16886680000
!CONSUMP,20260527,46.28,46.65,46.02,46.03,1598370000
!FINCIAL,20260527,161.16,161.78,160.28,161.29,54566920000
!INDUS,20260527,66.3,66.67,65.88,65.88,26538150000
!PROPCON,20260527,77.69,77.72,77.15,77.35,64311590000
!RESOURC,20260527,171.38,172.94,170.5,171.61,183044410000
!SERVICE,20260527,284.72,286.22,283.96,285.18,102631630000
!TECH,20260527,697.45,719.89,692.27,704.43,83509200000
$AGRI,20260527,208.22,209.6,206.77,206.77,3002500000
$AUTO,20260527,311.04,314.58,310.52,314.18,11456780000
$BANK,20260527,517.84,519.92,514.53,518.42,27391930000
$COMM,20260527,20434.4,20496.8,20298.4,20405.3,15272170000
$CONMAT,20260527,5763.62,5763.62,5701.99,5735.15,8108090000
$CONS,20260527,41.49,42.06,41.3,41.36,20068970000
$ENERG,20260527,19548,19725.2,19446.7,19573.6,183044410000
$ETRON,20260527,39069.8,40825,38623.4,39714,32217410000
$FASHION,20260527,499.4,501.5,495.39,497.44,354630000
$FIN,20260527,1974.41,1984.96,1963.13,1970.28,25065940000
$FOOD,20260527,8664.64,8676.29,8591.23,8641.43,13884180000
$HELTH,20260527,4202.63,4213.18,4183.83,4187.91,10118420000
$HOME,20260527,15.57,15.64,15.48,15.52,366040000
$ICT,20260527,224.78,225.56,222.95,223.49,51291790000
$IMM,20260527,19.77,20.07,19.74,19.9,4669410000
$INSUR,20260527,9276.79,9378.68,9195.96,9298.45,2109050000
$MEDIA,20260527,15.15,15.25,15.05,15.12,36259250000
$PAPER,20260527,2208.31,2250.5,2208.31,2208.31,45940000
$PERSON,20260527,80.23,81.1,79.69,79.69,877700000
$PETRO,20260527,669.74,674.92,661.27,661.27,3695200000
$PF&REIT,20260527,138.38,138.7,137.72,138.49,1503070000
$PKG,20260527,2597.46,2613.65,2582.61,2583.7,3878920000
$PROF,20260527,132.15,134.38,130.91,131.9,3920270000
$PROP,20260527,171.29,171.35,169.57,170.21,34631460000
$STEEL,20260527,19.84,20.21,19.83,19.94,2791900000
$TOURISM,20260527,412.41,417.6,409.45,413.87,8865910000
$TRANS,20260527,217.16,219.86,216.47,218.65,28195610000
MAI,20260527,215.08,216.33,215.03,215.21,692827907
SET,20260527,1566.01,1581.74,1559.58,1570.95,11855433733
SET100,20260527,2175.13,2189.67,2167.22,2174.93,3467138900
SET50,20260527,1014.5,1020.59,1010.64,1013.76,1282427000
SETHD,20260527,1347.82,1351.18,1340.76,1346.01,621543100
ADVANC-F,20260527,352,353,351,352,5300
AWC-F,20260527,2.12,2.3,2.12,2.3,194300
BCP-F,20260527,34.25,34.25,34.25,34.25,7800
CPALL-F,20260527,45.75,46,45.5,46,678400
CPAXT-F,20260527,6.75,14.4,6.75,14.4,600
CPF-F,20260527,19.2,19.2,19.2,19.2,43800
DIF-F,20260527,9.95,9.95,9.95,9.95,128600
MRDIYT-F,20260527,9.2,9.35,9.2,9.35,200000
PTT-F,20260527,36.25,36.5,36.25,36.5,29000
PTTEP-F,20260527,145.5,145.5,145,145,43700
TOP-F,20260527,46.75,46.75,46,46.25,15700
TRUE-F,20260527,13.6,13.6,13.6,13.6,4000
TTB-F,20260527,2.34,2.34,2.32,2.32,4338700
!AGRO-M,20260527,58.91,59.36,58.85,58.96,673360000
!CONSUMP-M,20260527,11.83,11.94,11.8,11.85,3310780000
!FINCIAL-M,20260527,30.76,31.67,30.37,31.45,833520000
!INDUS-M,20260527,43.45,43.99,43.38,43.81,8008240000
!PROPCON-M,20260527,15.13,15.16,15.05,15.08,2440120000
!RESOURC-M,20260527,14.08,14.37,13.24,13.24,5449390000
!SERVICE-M,20260527,42.08,42.26,41.92,41.93,32917580000
!TECH-M,20260527,18.38,18.99,18.37,18.64,10641230000
AAV13C2610A,20260527,0.21,0.21,0.2,0.21,3066500
AAV41C2702T,20260527,0.21,0.21,0.21,0.21,216100
ABBV80,20260527,7.05,7.05,6.95,7,79684
ADVANC13C2610A,20260527,0.47,0.47,0.45,0.45,9759600
ADVANC41C2610A,20260527,0.44,0.44,0.42,0.42,360000
ALIHEA41C2610A,20260527,0.13,0.13,0.12,0.12,4100
AMATA01C2610A,20260527,0.73,0.79,0.73,0.79,587600
AMATA01C2706T,20260527,0.33,0.34,0.32,0.34,2197200
AMATA13C2610A,20260527,0.71,0.71,0.69,0.71,126000
AMATA13C2611A,20260527,0.2,0.21,0.2,0.2,400800
AMATA19C2610A,20260527,0.68,0.68,0.67,0.67,530600
AMATA19C2610B,20260527,0.21,0.21,0.21,0.21,2738200
AMATA41C2610A,20260527,0.66,0.66,0.65,0.66,1850000
AMATA41C2611A,20260527,0.19,0.19,0.19,0.19,210000
ANET80,20260527,5.2,5.25,5.05,5.15,762003
AOT01C2705T,20260527,0.35,0.35,0.35,0.35,2597800
AOT13C2609A,20260527,0.36,0.39,0.36,0.37,4099200
AOT41C2609A,20260527,0.33,0.34,0.33,0.34,400000
BABA28C2610A,20260527,0.36,0.36,0.36,0.36,50000
BABA41C2612A,20260527,0.26,0.26,0.26,0.26,38200
BAM13C2610A,20260527,0.19,0.2,0.19,0.2,343800
BCH13C2610A,20260527,0.31,0.33,0.31,0.33,1861200
BCP01C2610A,20260527,0.18,0.19,0.18,0.19,1874900
BCPG01C2705T,20260527,0.22,0.22,0.22,0.22,200000
BCPG13C2610A,20260527,0.19,0.19,0.19,0.19,1355600
BDMS13C2610A,20260527,0.29,0.29,0.28,0.28,166000
BGRIM19C2610A,20260527,0.28,0.28,0.28,0.28,171600
BH01P2611A,20260527,0.72,0.72,0.7,0.71,2641900
BH13C2610A,20260527,0.65,0.67,0.63,0.63,10072700
BH19C2610A,20260527,0.63,0.64,0.6,0.61,9590000
BH41C2610A,20260527,0.6,0.63,0.6,0.62,7400000
BILIBI41C2610A,20260527,0.21,0.21,0.2,0.2,31600
BJC13C2610A,20260527,0.25,0.25,0.25,0.25,1000
BLA13C2610A,20260527,0.32,0.38,0.32,0.36,15110300
BLA41C2702T,20260527,0.34,0.36,0.33,0.35,7600000
BOEING80,20260527,7.25,7.25,7.1,7.15,49269
BTG13C2610A,20260527,0.37,0.38,0.33,0.38,2067500
BTS13C2611A,20260527,0.22,0.23,0.22,0.23,1589200
CATHAY41C2610A,20260527,0.34,0.34,0.33,0.33,600
CBG01P2611A,20260527,0.41,0.42,0.41,0.41,3103000
CBG13P2609A,20260527,0.25,0.26,0.25,0.26,933500
CCET13C2610A,20260527,0.59,0.61,0.52,0.56,75587700
CCET19C2609A,20260527,1.01,1.01,1.01,1.01,1000
CCET19C2610A,20260527,0.65,0.68,0.6,0.63,1255800
CCET19C2610B,20260527,0.5,0.5,0.43,0.44,27115100
CCET41C2701T,20260527,0.5,0.5,0.47,0.48,3251100
CENTEL19C2610A,20260527,0.32,0.33,0.3,0.32,1455800
CHG13C2610A,20260527,0.25,0.26,0.24,0.25,2177600
CK01C2705T,20260527,0.34,0.34,0.33,0.34,2507100
CK13C2610A,20260527,0.38,0.38,0.37,0.37,10774600
CNRE80,20260527,2.38,2.4,2.32,2.36,202125
COIN80,20260527,6.15,6.15,5.85,5.95,201504
COM701C2610A,20260527,0.14,0.15,0.14,0.15,3310200
COM713C2610A,20260527,0.64,0.64,0.61,0.61,400
COM713C2610B,20260527,0.19,0.21,0.19,0.19,5281400
COM719C2609A,20260527,0.66,0.66,0.66,0.66,1000
COM719C2610A,20260527,0.21,0.23,0.21,0.21,4172000
COM741C2610A,20260527,0.57,0.57,0.57,0.57,13000
CPALL13P2610A,20260527,0.28,0.29,0.28,0.28,701200
CPF01C2706T,20260527,0.3,0.3,0.3,0.3,1086000
CPF19C2701T,20260527,0.35,0.36,0.34,0.36,1152400
CPN01C2611A,20260527,0.48,0.48,0.44,0.44,1298800
CPN01C2706T,20260527,0.4,0.4,0.4,0.4,1666900
CRC13C2610A,20260527,0.44,0.44,0.42,0.43,5845000
CRC41C2610A,20260527,0.4,0.41,0.39,0.4,990000
DELTA01C2609A,20260527,0.93,1.08,0.91,0.98,31739100
DELTA01C2705T,20260527,0.73,0.8,0.72,0.76,12369600
DELTA01P2609A,20260527,0.47,0.48,0.41,0.44,25240600
DELTA13C2609B,20260527,0.81,0.96,0.79,0.87,75501200
DELTA13P2609A,20260527,0.61,0.62,0.55,0.58,63400100
DELTA19C2609A,20260527,0.62,0.75,0.6,0.68,25037000
DELTA19P2610A,20260527,0.76,0.77,0.68,0.72,11380400
DELTA41C2609B,20260527,0.77,0.91,0.75,0.81,54218800
DELTA41C2702T,20260527,0.47,0.51,0.46,0.48,15498700
DELTA41P2609A,20260527,0.6,0.6,0.54,0.57,4962200
DISCO24,20260527,0.96,1,0.96,0.96,150929
DJI41C2609A,20260527,0.68,0.71,0.67,0.71,20800
DJI41P2609A,20260527,0.56,0.56,0.56,0.56,10000
DOHOME01C2610A,20260527,0.4,0.4,0.38,0.38,942900
DOHOME13C2610A,20260527,0.43,0.43,0.41,0.41,2355500
EA13C2610A,20260527,0.59,0.84,0.57,0.76,13461700
EA13C2610B,20260527,0.36,0.52,0.35,0.47,147709600
EGCO13C2610A,20260527,0.33,0.35,0.33,0.34,1022500
ERW01C2610A,20260527,0.33,0.4,0.33,0.35,8207300
GEELY41C2610A,20260527,0.13,0.13,0.13,0.13,400
GEV80,20260527,34.25,35.75,34.25,35.5,132526
GLOBAL01C2611A,20260527,0.4,0.41,0.36,0.36,3669900
GLOBAL13C2610A,20260527,0.37,0.37,0.33,0.34,5066300
GOLDUS80,20260527,13.5,13.6,13.4,13.5,22661
GSEMI24,20260527,2.56,2.58,2.52,2.56,802077
GULF01P2610A,20260527,0.63,0.63,0.59,0.6,3628300
GULF13P2610A,20260527,0.4,0.4,0.37,0.38,7765400
GULF19C2610A,20260527,0.39,0.42,0.38,0.4,15296300
GUNKUL01C2610A,20260527,0.67,0.86,0.67,0.79,371100
GUNKUL01C2610B,20260527,0.37,0.52,0.37,0.49,20308300
GUNKUL13C2610A,20260527,0.44,0.61,0.44,0.57,135368500
GUNKUL19C2610A,20260527,0.47,0.65,0.47,0.62,6220100
GUNKUL41C2610A,20260527,0.42,0.58,0.42,0.53,14100200
HANA01C2610A,20260527,0.51,0.65,0.51,0.57,24143700
HANA01C2705T,20260527,0.32,0.37,0.32,0.34,9917400
HANA01P2610A,20260527,0.35,0.35,0.29,0.32,11207900
HANA13C2609A,20260527,0.55,0.69,0.55,0.62,16821200
HANA13C2609B,20260527,0.3,0.38,0.29,0.34,31850500
HANA13C2610A,20260527,0.39,0.5,0.39,0.44,55035300
HANA13C2611A,20260527,0.6,0.75,0.6,0.69,3835400
HANA13C2703T,20260527,0.43,0.49,0.43,0.46,16422000
HANA13P2609A,20260527,0.22,0.22,0.17,0.19,20173700
HANA19C2609B,20260527,0.49,0.63,0.48,0.6,6178900
HANA19P2609A,20260527,0.17,0.18,0.14,0.15,11674200
HANA41C2609B,20260527,0.28,0.36,0.28,0.33,8000500
HANA41C2610A,20260527,0.38,0.49,0.37,0.43,13543000
HANA41P2609A,20260527,0.2,0.2,0.16,0.18,1130100
HITACHI24,20260527,1.27,1.29,1.27,1.28,36428
HSI18C2608A,20260527,0.37,0.37,0.37,0.37,100
HSI18P2608A,20260527,0.89,0.91,0.89,0.91,200
HSI28C2607B,20260527,0.56,0.57,0.52,0.52,41781500
HSI28C2607C,20260527,0.9,0.9,0.8,0.8,6100
HSI28C2608A,20260527,0.38,0.39,0.35,0.35,4842200
HSI28C2608B,20260527,0.74,0.74,0.68,0.69,38210500
HSI28P2607B,20260527,0.62,0.67,0.62,0.65,17072900
HSI28P2607C,20260527,1.51,1.51,1.49,1.49,10000
HSI28P2608A,20260527,0.57,0.6,0.57,0.6,59500
HSTECH18C2608A,20260527,0.69,0.69,0.64,0.64,2300
IRPC01C2610A,20260527,0.15,0.17,0.15,0.16,3548900
IRPC01P2610A,20260527,0.43,0.43,0.38,0.41,2739500
IRPC13P2610A,20260527,0.36,0.36,0.34,0.35,6112600
IRPC19C2610A,20260527,0.15,0.16,0.15,0.15,10961400
ITTHI-W1,20260527,0.5,0.58,0.5,0.52,5543200
ITTHI-W1-O,20260527,0.51,0.57,0.46,0.51,1762
IVL01C2610A,20260527,0.57,0.57,0.57,0.57,1000
IVL01C2706T,20260527,0.33,0.33,0.32,0.32,1378900
IVL01P2610A,20260527,0.35,0.37,0.35,0.37,1910900
JLMAG80,20260527,8.35,8.35,8.1,8.3,152879
JMART01C2610A,20260527,0.63,0.7,0.63,0.65,2312500
JMART13C2610A,20260527,0.48,0.54,0.47,0.49,28723800
JMT01C2610A,20260527,0.25,0.27,0.24,0.24,5051400
JMT13C2610A,20260527,0.28,0.31,0.27,0.27,17892800
JMT13C2610B,20260527,0.75,0.78,0.75,0.78,40900
JMT41C2610A,20260527,0.26,0.28,0.26,0.27,3300000
JPANIME24,20260527,1.24,1.25,1.24,1.25,1518
JPROBOAI24,20260527,1.5,1.5,1.48,1.49,84242
JPSEMI24,20260527,1.42,1.45,1.42,1.42,147671
KBANK01C2611A,20260527,0.2,0.2,0.19,0.2,2929600
KBANK13C2610A,20260527,0.25,0.25,0.23,0.25,5131200
KBANK41C2610A,20260527,0.21,0.22,0.21,0.22,210000
KCE01C2610A,20260527,0.37,0.44,0.36,0.41,14953100
KCE01C2705T,20260527,0.32,0.34,0.31,0.33,10254600
KCE13C2609B,20260527,0.39,0.47,0.39,0.43,81190600
KCE13C2703T,20260527,0.37,0.41,0.37,0.39,15426300
KCE13P2609A,20260527,0.17,0.17,0.14,0.15,9403200
KCE19C2609B,20260527,0.45,0.51,0.43,0.48,6644600
KCE19C2610A,20260527,0.37,0.42,0.35,0.39,21655900
KCE19P2609A,20260527,0.15,0.15,0.13,0.14,2916800
KCE41C2609B,20260527,0.38,0.45,0.37,0.41,14545400
KONAMI24,20260527,1.04,1.08,1.04,1.08,7500
KS20018C2609A,20260527,1.85,1.85,1.8,1.8,400
KS20018C2609B,20260527,2.44,2.44,2.3,2.3,5000
KS20018P2609A,20260527,0.72,0.72,0.72,0.72,3000
KS20018P2609B,20260527,1.16,1.16,1.11,1.11,9600
KTB01C2611A,20260527,0.2,0.2,0.2,0.2,396000
KTB41C2702T,20260527,0.21,0.21,0.21,0.21,500000
KTC13C2610A,20260527,0.24,0.25,0.24,0.25,1672400
KTC41C2610A,20260527,0.23,0.24,0.23,0.24,1500000
LENOVO41C2610A,20260527,1.77,1.82,1.67,1.69,12200
M01C2611A,20260527,0.54,0.62,0.49,0.5,7516100
M19C2610A,20260527,0.54,0.62,0.46,0.49,21407800
MAOGEP80,20260527,2.36,2.44,2.32,2.44,26427
MCA5041C2609A,20260527,0.32,0.32,0.28,0.29,451000
MIDEA80,20260527,3.6,3.64,3.58,3.64,1330522
MINT13C2609A,20260527,0.46,0.48,0.44,0.46,6520700
MINT13P2610A,20260527,0.41,0.41,0.39,0.39,874900
MINT19C2610A,20260527,0.41,0.43,0.41,0.42,3613000
MIXUE80,20260527,10.5,10.8,10.5,10.8,347559
MONTAGE80,20260527,19.8,20,19,19.2,180780
MOUTAI80,20260527,6.05,6.3,6,6.3,8534
MP80,20260527,21.4,22.5,20.7,22,113941
MTC01C2610A,20260527,0.18,0.18,0.17,0.17,3631200
MTC01C2706T,20260527,0.22,0.22,0.22,0.22,2000000
MTC13C2610A,20260527,0.25,0.25,0.24,0.24,3865900
MTC19C2610A,20260527,0.23,0.23,0.23,0.23,1163100
NDX28C2609B,20260527,1.08,1.09,1.06,1.09,600
NDX28P2609B,20260527,0.67,0.67,0.65,0.65,1440000
NDX41C2609A,20260527,1.21,1.24,1.19,1.23,709000
NDX41P2609A,20260527,0.56,0.56,0.56,0.56,50100
NEE80,20260527,2.94,2.94,2.86,2.88,1093540
NIKKEI18C2609A,20260527,1.05,1.05,0.99,1.03,2000
NIKKEI18P2609A,20260527,0.59,0.64,0.59,0.64,2709400
NIKKEI28C2609A,20260527,1.9,1.9,1.76,1.79,2200
NIKKEI28C2609B,20260527,1.39,1.4,1.28,1.3,3900
NIKKEI28C2609C,20260527,0.97,0.97,0.89,0.91,4300
NIKKEI28C2609D,20260527,0.67,0.67,0.6,0.61,1393400
NIKKEI28P2609A,20260527,0.87,0.93,0.87,0.92,286200
NIKKEI28P2609B,20260527,0.65,0.65,0.65,0.65,32000
NIKKEI28P2609C,20260527,0.41,0.44,0.41,0.44,81000
NIKKEI28P2609D,20260527,0.29,0.3,0.28,0.3,26500
OIL24,20260527,18.8,18.8,18.4,18.4,23571
OSP13C2610A,20260527,0.33,0.33,0.32,0.33,4114400
PANEL-W1,20260527,0.18,0.2,0.17,0.19,1880700
PANEL-W1-O,20260527,0.1,0.18,0.1,0.17,538
PANEL-W2,20260527,0.19,0.2,0.18,0.2,404600
PANEL-W2-O,20260527,0.09,0.19,0.09,0.18,338
PLANB13C2610A,20260527,0.49,0.5,0.49,0.49,2400200
POPMAR28C2610A,20260527,0.27,0.28,0.27,0.28,1300000
POPMAR41C2610A,20260527,0.31,0.33,0.31,0.32,3400
PR913C2610A,20260527,0.28,0.31,0.28,0.31,3309600
PSTC-W4,20260527,0.08,0.08,0.07,0.08,25600
PTG01C2611A,20260527,0.2,0.2,0.2,0.2,496700
PTG13C2610A,20260527,0.21,0.21,0.21,0.21,528800
PTT19C2701T,20260527,0.26,0.26,0.26,0.26,143700
PTTEP01P2610A,20260527,0.75,0.79,0.75,0.79,1885200
PTTEP13P2609A,20260527,0.54,0.58,0.54,0.58,2076100
PTTGC01P2610A,20260527,0.45,0.46,0.44,0.46,1883900
PTTGC13P2610A,20260527,0.44,0.45,0.42,0.45,2851100
PTTGC41P2610A,20260527,0.43,0.43,0.42,0.42,1500000
RCL13C2610A,20260527,0.27,0.28,0.27,0.27,641000
RKLB80,20260527,4.68,5.1,4.56,5.1,8889590
SAWAD01C2611A,20260527,0.46,0.46,0.44,0.45,1494000
SAWAD13C2610A,20260527,0.43,0.43,0.42,0.42,4249000
SAWAD19C2610A,20260527,0.33,0.33,0.32,0.32,436900
SAWAD41C2610A,20260527,0.4,0.4,0.39,0.39,1160000
SCB41C2609A,20260527,0.22,0.22,0.22,0.22,400000
SCC13P2609A,20260527,0.28,0.29,0.28,0.29,871000
SCC41C2609A,20260527,0.26,0.26,0.25,0.25,1200000
SCGP01C2610A,20260527,0.12,0.13,0.12,0.13,597600
SCGP01C2706T,20260527,0.36,0.36,0.35,0.35,424400
SCGP01P2610A,20260527,0.38,0.38,0.37,0.38,747300
SCGP13C2609A,20260527,0.12,0.12,0.12,0.12,11770200
SCGP13C2609B,20260527,0.39,0.4,0.37,0.37,15737000
SCGP13P2609A,20260527,0.29,0.29,0.29,0.29,3612800
SCGP19C2610A,20260527,0.2,0.2,0.19,0.19,1390300
SCGP41C2609A,20260527,0.11,0.11,0.11,0.11,50000
SCGP41C2609B,20260527,0.36,0.36,0.33,0.33,2275000
SET01C2608A,20260527,1.12,1.23,1.08,1.16,2707400
SET01C2610A,20260527,1.04,1.15,1.02,1.08,978600
SET01P2608A,20260527,0.29,0.29,0.25,0.27,2312000
SET01P2610A,20260527,0.6,0.6,0.54,0.57,13599100
SET100FF,20260527,2069.49,2082.15,2061.65,2070.19,346713890000
SET5001C2608A,20260527,0.7,0.74,0.67,0.71,11140900
SET5001C2609F,20260527,0.9,0.96,0.89,0.9,10427000
SET5001P2608A,20260527,0.39,0.39,0.36,0.38,6593200
SET5001P2609F,20260527,0.56,0.56,0.52,0.56,6788800
SET5013C2606M,20260527,0.44,0.52,0.41,0.43,206538700
SET5013C2609A,20260527,1.03,1.12,0.99,1.02,132820900
SET5013C2609B,20260527,0.72,0.78,0.7,0.72,176202800
SET5013P2609A,20260527,0.55,0.56,0.51,0.54,189024800
SET5013P2609B,20260527,0.71,0.73,0.67,0.71,235823800
SET5013P2609C,20260527,1,1.02,0.94,0.99,137149900
SET5013P2609D,20260527,1.39,1.43,1.32,1.39,101275600
SET5019P2609A,20260527,0.77,0.79,0.72,0.77,25007000
SET5019P2609B,20260527,0.58,0.58,0.54,0.57,12148600
SET5041C2609A,20260527,0.98,1.07,0.96,0.98,50171700
SET5041C2609B,20260527,0.68,0.73,0.66,0.67,51433600
SET5041C2609U,20260527,0.36,0.36,0.34,0.34,21500
SET5041P2609A,20260527,0.52,0.53,0.49,0.52,10383400
SET5041P2609B,20260527,0.69,0.7,0.66,0.69,30913500
SET5041P2609C,20260527,0.99,1,0.93,0.99,13933500
SET50FF,20260527,966.94,972.05,963.07,966.62,128242700000
SETCLMV,20260527,705.74,707.87,702.62,703.73,150316830000
SETESG,20260527,897.91,900.49,894.76,896.42,207816700000
SETWB,20260527,593.61,595.24,590.43,592.12,39257030000
SISB13C2610A,20260527,0.17,0.18,0.17,0.17,2039200
SNDK80,20260527,5,5.4,4.98,5.25,10487015
SOFTBANK80,20260527,15.4,16.9,14.9,15,637523
SPTX-W8,20260527,0.01,0.01,0.01,0.01,11300
SPTX-W8-O,20260527,0.01,0.01,0.01,0.01,25
SPX28C2609B,20260527,0.75,0.75,0.74,0.74,1000
SPX41C2609A,20260527,0.91,0.93,0.9,0.93,175800
SPX41P2609A,20260527,0.52,0.52,0.52,0.52,7000
SSET,20260527,595.57,602.81,594.73,599.15,78681950000
STA01C2610A,20260527,0.28,0.29,0.28,0.28,2655300
STA13C2610A,20260527,0.33,0.35,0.31,0.31,3253600
STA19C2610A,20260527,0.36,0.38,0.35,0.35,6132500
STA41C2610A,20260527,0.32,0.33,0.32,0.32,5000000
STA41C2702T,20260527,0.18,0.18,0.18,0.18,400000
STECON19C2610A,20260527,0.45,0.46,0.43,0.43,5688000
STGT01C2610A,20260527,0.22,0.24,0.21,0.21,5686000
STGT13C2610A,20260527,0.26,0.27,0.25,0.25,6934900
STGT19C2610A,20260527,0.25,0.27,0.24,0.24,8503500
STGT41C2610A,20260527,0.24,0.25,0.23,0.23,6000000
SUNNY41C2610A,20260527,0.51,0.51,0.46,0.47,10000
TBSP-W1-O,20260527,0.01,0.01,0.01,0.01,71
TENCEN28C2610B,20260527,0.17,0.17,0.16,0.16,9400000
TENCEN41C2610A,20260527,0.19,0.19,0.18,0.18,300
TFG13C2610A,20260527,0.24,0.24,0.22,0.23,9376600
TFG19C2610A,20260527,0.21,0.21,0.2,0.21,4165400
TFG41C2610A,20260527,0.2,0.2,0.2,0.2,2688300
TIDLOR19C2610A,20260527,0.55,0.55,0.52,0.53,438900
TLI01C2611A,20260527,0.2,0.2,0.2,0.2,462600
TOP41C2609A,20260527,0.28,0.32,0.28,0.29,4580000
TRUE01C2610A,20260527,0.25,0.26,0.23,0.24,4668200
TRUE01P2610A,20260527,0.36,0.38,0.36,0.37,2012800
TRUE13C2610A,20260527,0.27,0.27,0.26,0.26,3912500
TRUE19C2610A,20260527,0.27,0.27,0.25,0.25,1021900
TU13C2611A,20260527,0.19,0.19,0.19,0.19,5000
VGI13C2609A,20260527,0.2,0.21,0.19,0.19,56504500
VGI13C2610A,20260527,0.21,0.21,0.2,0.2,1132300
VIBE-O,20260527,0.37,0.37,0.37,0.37,1
VN3018C2609A,20260527,0.62,0.62,0.62,0.62,7700
WHA01P2611A,20260527,0.36,0.36,0.36,0.36,1065700
WHA13C2611A,20260527,0.25,0.26,0.25,0.26,1704300
WHA13P2611A,20260527,0.36,0.36,0.36,0.36,50600
WHA19C2701A,20260527,0.3,0.31,0.3,0.31,1286700
WHA41C2702T,20260527,0.2,0.21,0.2,0.21,1809000
