<TICKER>,<DTYYYYMMDD>,<OPEN>,<HIGH>,<LOW>,<CLOSE>,<VOL>
AAPL01,20260630,28,28.25,27.25,27.5,100362
AAPL03,20260630,3.18,3.28,3.12,3.14,55241
AAPL19,20260630,6.3,6.3,6.25,6.25,19984
AAPL80,20260630,9.45,9.55,9.3,9.4,701204
ABBV19,20260630,8.45,8.5,8.3,8.5,66376
ABBV80,20260630,8.5,8.5,8.35,8.45,23155
ABNB06,20260630,4.9,4.96,4.9,4.9,68678
ADBE03,20260630,1.51,1.55,1.51,1.53,214006
ADBE06,20260630,1.69,1.74,1.69,1.72,1215832
ADVANT19,20260630,6.6,6.75,6.6,6.75,345308
ADVANT23,20260630,4.52,4.56,4.46,4.5,227643
AFRM03,20260630,3.36,3.44,3.3,3.44,34923
AIA06,20260630,3.04,3.08,3.02,3.08,3941
AIA19,20260630,3.04,3.04,3.04,3.04,13538
AIA23,20260630,2.34,2.36,2.32,2.36,129404
ALAB01,20260630,5.85,6.65,5.55,6.6,3236859
AMAT01,20260630,6.05,6.8,5.9,6.6,1215147
AMAT23,20260630,8.75,9.8,8.5,9.5,378654
AMD03,20260630,8.8,9.05,8.3,8.9,43487
AMD23,20260630,7.3,7.55,6.95,7.45,343321
AMD80,20260630,3.52,3.62,3.3,3.54,24178671
AMGN06,20260630,2.98,3.02,2.96,3,94149
AMZN01,20260630,23,24.1,23,23.6,93954
AMZN03,20260630,4,4.08,4,4.04,27102
AMZN06,20260630,1.96,2.04,1.94,2,100367547
AMZN23,20260630,2.6,2.72,2.6,2.68,66934
AMZN80,20260630,1.96,2.06,1.95,2,10174105
ANET23,20260630,2.96,3.08,2.88,3.04,80875
ANET80,20260630,5.3,5.55,5.2,5.5,291739
ANTA13,20260630,1.89,1.89,1.87,1.87,110
ANTA23,20260630,1.92,1.92,1.89,1.89,14364
APLD03,20260630,4.46,4.46,4.04,4.22,1310042
APPL03,20260630,2.7,2.8,2.7,2.78,425110
ASEMI23,20260630,8.85,8.95,8.8,8.8,17588
ASEMI24,20260630,4.44,4.46,4.4,4.4,894878
ASICS23,20260630,2.64,2.72,2.64,2.7,179
ASML01,20260630,50,52.75,49.25,52.5,499648
ASTS01,20260630,3.42,4,3.34,3.92,4109711
ASTS03,20260630,2.56,3,2.52,2.92,30261773
AVGO23,20260630,2.82,2.86,2.74,2.82,264668
AVGO80,20260630,2.48,2.52,2.42,2.48,2777512
AXP06,20260630,2.84,2.84,2.82,2.84,15272
BABA01,20260630,8.95,9.05,8.85,9,89817
BABA06,20260630,3.94,3.96,3.9,3.94,24752
BABA13,20260630,1.65,1.67,1.63,1.67,109653
BABA23,20260630,2.62,2.66,2.58,2.64,180090
BABA80,20260630,3.94,4,3.9,3.98,28827902
BAC03,20260630,3.88,3.9,3.86,3.88,31311
BDX06,20260630,1.71,1.72,1.69,1.72,811983
BIDU01,20260630,10.5,10.6,10.3,10.6,118447
BIDU06,20260630,4.58,4.64,4.58,4.62,11427
BIDU23,20260630,2.18,2.24,2.18,2.24,220733
BIDU80,20260630,4.58,4.66,4.58,4.66,7346021
BILIBILI01,20260630,2.64,2.7,2.64,2.7,169503
BIREN23,20260630,10.7,11.1,10.4,10.4,358658
BKNG03,20260630,2.54,2.58,2.52,2.54,1854
BKNG80,20260630,3.04,3.08,3.04,3.04,330078
BLK06,20260630,3.22,3.22,3.16,3.2,48591
BOEING80,20260630,7.25,7.25,7.1,7.2,47634
BONDAS19,20260630,6.6,6.6,6.6,6.6,127
BONDUS01,20260630,9.65,9.7,9.6,9.7,44530
BRKB23,20260630,5.55,5.55,5.5,5.5,116
BRKB80,20260630,1.65,1.67,1.64,1.65,2040614
BYDCOM01,20260630,0.7,0.71,0.69,0.7,221786
BYDCOM80,20260630,0.31,0.32,0.3,0.31,10053080
CAMBRI80,20260630,7.7,8,7.7,7.9,1278800
CATL01,20260630,6.75,6.8,6.7,6.8,1577873
CATL23,20260630,11.9,12,11.8,12,423390
CATL80,20260630,30,30,29.5,29.75,80584
CCJ23,20260630,2.22,2.22,2.1,2.16,77261
CEG23,20260630,2.22,2.22,2.14,2.16,1072892
CHHONGQ19,20260630,8.4,8.55,8.4,8.55,73801
CHMOBILE19,20260630,3.24,3.26,3.22,3.22,446253
CHMOBILE23,20260630,2.52,2.52,2.48,2.52,95793
CHNXT5023,20260630,9.8,10,9.8,10,52822
CMBANK23,20260630,2.08,2.14,2.06,2.12,75969
CME03,20260630,2.5,2.5,2.42,2.48,213088
CN01,20260630,25,25.5,25,25.25,5379
CN23,20260630,6.35,6.4,6.35,6.4,15110
CNBIO24,20260630,1.35,1.37,1.35,1.35,90773
CNEV24,20260630,2.14,2.2,2.14,2.2,1108
CNRE80,20260630,2.32,2.38,2.32,2.34,29594
CNROBOAI23,20260630,2.78,2.84,2.78,2.82,313847
CNSEMI23,20260630,5.3,5.4,5.25,5.3,279778
CNSTAR5023,20260630,11.3,11.7,11.3,11.7,7151
CNTECH01,20260630,24.1,24.3,23.9,24.3,53062
COHR23,20260630,6.45,6.6,5.7,6.5,2367913
COIN01,20260630,3.12,3.16,3.06,3.1,168449
COIN23,20260630,2.52,2.52,2.44,2.52,41137
COIN80,20260630,5.05,5.05,4.88,4.96,237898
COSTCO19,20260630,31.75,32.25,31.5,31.75,14757
CRM01,20260630,2.94,2.98,2.92,2.92,266453
CRM06,20260630,2.12,2.14,2.1,2.12,47426
CRM80,20260630,5.3,5.35,5.25,5.25,38603
CRSP03,20260630,3.68,3.8,3.62,3.78,167781
CRWD06,20260630,4.74,5,4.74,4.94,287910
CRWD80,20260630,23.6,25.25,23.6,24.8,304676
CRWV03,20260630,3.3,3.3,2.98,3.2,2425187
CSCO06,20260630,4.76,4.9,4.76,4.88,160507
DASH03,20260630,3.1,3.1,3.06,3.08,28345
DBS19,20260630,17,17,16.8,16.9,34983
DDOG19,20260630,8.2,8.4,8.05,8.2,369238
DELL19,20260630,13.3,14,12.5,13.6,1884084
DISCO24,20260630,1.18,1.19,1.16,1.16,275805
DISNEY19,20260630,16.4,16.6,16.4,16.6,35279
DUOL06,20260630,2.54,2.54,2.4,2.4,113657
E1VFVN3001,20260630,44.75,45,44.5,44.5,82449
EOSE03,20260630,1.01,1.05,1,1.02,9197481
ESTEE80,20260630,0.9,0.91,0.86,0.89,838684
EXPE06,20260630,3.52,3.6,3.52,3.58,42761
FANUC23,20260630,2.78,2.8,2.74,2.78,181261
FCX23,20260630,2.6,2.6,2.52,2.56,705786
FERRARI80,20260630,1.23,1.24,1.2,1.2,443747
FPTVN11,20260630,1.79,1.79,1.78,1.79,197575
FPTVN19,20260630,9.05,9.05,8.95,9.05,154191
FUEVFVND01,20260630,45,45.25,44.75,44.75,94298
GAC03,20260630,1.77,1.78,1.76,1.78,5243
GANFENG23,20260630,2.12,2.16,2.1,2.16,332365
GASVN11,20260630,3.92,3.96,3.92,3.94,992
GDS23,20260630,1.71,1.73,1.7,1.73,57320
GEELY06,20260630,2.82,2.88,2.82,2.88,2238
GEELY80,20260630,7,7.25,7,7.2,7287
GEV23,20260630,3.22,3.36,3.2,3.34,1226677
GEV80,20260630,35.25,37,35.25,37,26956
GIGA23,20260630,16.9,17.3,16.6,17.3,90078
GOLD03,20260630,3.06,3.08,3.02,3.06,841807
GOLD19,20260630,12.2,12.4,12.1,12.3,309163
GOLDM01,20260630,3.8,3.82,3.72,3.78,1150295
GOLDUS03,20260630,3.1,3.18,3.02,3.08,459876
GOLDUS19,20260630,41.25,41.25,40.25,40.75,148818
GOLDUS80,20260630,12.4,12.4,12.2,12.2,197689
GOOG23,20260630,2.82,2.94,2.8,2.94,435930
GOOG80,20260630,5.65,5.9,5.6,5.85,9213918
GOOGL01,20260630,33.5,34.75,33.5,34.75,77753
GOOGL03,20260630,5.7,5.95,5.7,5.85,49322
GRAB80,20260630,11.7,12.4,11.7,12.3,121635
GSEMI24,20260630,2.7,2.78,2.7,2.76,316018
GSUS06,20260630,4.9,4.92,4.84,4.84,175143
HAIERS19,20260630,8.6,8.6,8.45,8.5,25753
HANSOH19,20260630,5,5.1,4.98,5.1,112235
HERMES80,20260630,6.15,6.25,6.1,6.1,98939
HIMS03,20260630,5.75,5.85,5.45,5.5,771102
HITACHI24,20260630,1.18,1.18,1.15,1.17,53815
HK01,20260630,19.7,19.8,19.7,19.7,59763
HK13,20260630,5.2,5.25,5.15,5.2,5468
HKCE01,20260630,21.8,22,21.7,22,15319
HKEX23,20260630,1.98,1.99,1.97,1.98,77125
HKTECH13,20260630,3.78,3.82,3.74,3.8,54164
HONDA19,20260630,3.04,3.06,3.04,3.06,4729
HOOD03,20260630,3.32,3.42,3.32,3.42,17096
HOOD06,20260630,3.32,3.42,3.26,3.38,257784
HOOD80,20260630,3.32,3.42,3.28,3.36,332477
HORIZON23,20260630,1.14,1.18,1.08,1.08,1304083
HPG19,20260630,3,3.02,2.96,2.96,9617
HSHD23,20260630,6.05,6.2,6,6.2,677519
HUAHONG23,20260630,13,13.4,12.8,13.4,2070048
IBM06,20260630,3.64,3.74,3.58,3.66,2769228
ICBC06,20260630,2.72,2.74,2.68,2.74,83552
ICBC19,20260630,2.72,2.74,2.68,2.74,309405
IFLYTEK80,20260630,1.95,2,1.95,2,3442
INDIA01,20260630,13.6,13.6,13.3,13.3,61336
INDIAESG19,20260630,4.18,4.18,4.12,4.14,26498
INTEL01,20260630,4.32,4.44,3.94,4.38,3396939
INTEL03,20260630,8.65,8.9,7.95,8.8,12361621
INTEL23,20260630,6.2,6.35,5.7,6.25,1479437
IONQ03,20260630,3.4,3.62,3.32,3.54,5197970
ISRG01,20260630,3.04,3.08,3,3.06,128904
ISRG06,20260630,2.72,2.76,2.68,2.72,64250
ISRG19,20260630,3.38,3.46,3.38,3.38,20340
ITOCHU19,20260630,6.35,6.4,6.35,6.4,61446
JAP03,20260630,3.52,3.54,3.5,3.52,2601
JAPAN10001,20260630,29.25,30,29,29.25,5692
JAPAN13,20260630,5.75,5.85,5.75,5.85,4955
JD80,20260630,4.18,4.22,4.16,4.2,196640
JDHEAL19,20260630,2.76,2.82,2.76,2.82,28136
JEPI19,20260630,6.3,6.3,6.25,6.3,1465983
JGRO19,20260630,10.7,10.7,10.7,10.7,92
JLMAG80,20260630,6.95,7.1,6.95,7.1,43070
JNJ03,20260630,4.2,4.32,4.18,4.28,257047
JPANIME24,20260630,1.19,1.19,1.17,1.18,10593
JPMUS06,20260630,3.68,3.68,3.64,3.66,277116
JPMUS19,20260630,22,22.2,22,22,5168
JPROBOAI24,20260630,1.38,1.42,1.38,1.42,3036
JPSEMI24,20260630,1.68,1.72,1.67,1.7,195726
JTEK19,20260630,11.7,12,11.5,12,3177
KEYENCE23,20260630,2.94,3.02,2.94,3.02,1756542
KINGSOFT23,20260630,1.6,1.6,1.55,1.55,14218
KIOXIA23,20260630,11.6,12.2,11.4,11.7,1327481
KLAC01,20260630,5.65,6.35,5.55,6.25,1794697
KLAC23,20260630,8.6,9.55,8.4,9.4,87297
KO80,20260630,2.76,2.78,2.74,2.76,156851
KONAMI24,20260630,0.97,0.97,0.96,0.97,1300
KUAISH01,20260630,2.16,2.22,2.12,2.22,199596
KUAISH06,20260630,1.72,1.72,1.7,1.7,4788
KUAISH23,20260630,1.23,1.27,1.21,1.27,15608316
KUAISH80,20260630,1.72,1.78,1.69,1.77,9290063
LENOVO13,20260630,4.76,5,4.76,4.98,20886
LITE01,20260630,3.72,3.92,3.46,3.84,1009159
LITE23,20260630,5.45,5.75,5.05,5.6,1221187
LLY23,20260630,4.14,4.14,4.04,4.1,182650
LLY80,20260630,2.06,2.06,2,2.04,4446261
LOREAL80,20260630,1.48,1.48,1.46,1.47,2765
LPGOLD13,20260630,1.5,1.5,1.47,1.5,174181
LRCX01,20260630,5.45,5.95,5.3,5.85,1472599
LRCX23,20260630,5.05,5.5,4.88,5.4,666564
LULU06,20260630,1.96,1.97,1.9,1.91,2793967
LVMH01,20260630,11.8,11.9,11.4,11.5,31175
MA80,20260630,1.67,1.71,1.67,1.7,720903
MAOGEP80,20260630,2.22,2.22,2.2,2.22,60053
MEITUAN19,20260630,0.97,0.98,0.95,0.97,19826
MEITUAN23,20260630,1.81,1.84,1.8,1.84,6900
MEITUAN80,20260630,2.9,2.94,2.86,2.9,459119
MELI06,20260630,2.26,2.3,2.22,2.26,2500890
MELI23,20260630,5.65,5.85,5.6,5.65,24550
META01,20260630,5.45,5.6,5.45,5.55,191200
META06,20260630,2.34,2.38,2.34,2.34,18152
META23,20260630,2.24,2.26,2.22,2.24,54454
META80,20260630,2.34,2.38,2.32,2.32,5055892
MICRON01,20260630,23.5,24.2,21.3,23.7,16381326
MICRON03,20260630,12.6,12.9,11.5,12.7,754255
MICRON19,20260630,25,26,22.9,25.25,1405448
MICRON23,20260630,7.55,7.75,6.85,7.6,3637695
MICRON80,20260630,38,38.75,34,38,2483630
MIDEA80,20260630,3.56,3.56,3.5,3.54,28572
MITSU19,20260630,7.6,7.6,7.5,7.55,105368
MIXUE80,20260630,10.1,10.1,9.75,9.8,14478
MNSO80,20260630,9.95,9.95,9.95,9.95,2000
MNST06,20260630,4.6,4.62,4.6,4.6,278
MONTAGE80,20260630,19.9,20.3,19.7,19.9,746139
MOUTAI80,20260630,5.8,5.8,5.75,5.75,20494
MP23,20260630,6.15,6.2,5.9,6.15,59847
MP80,20260630,18.3,18.5,17.6,18.2,53213
MRVL06,20260630,9,9.35,8.4,9.25,3625836
MRVL23,20260630,7.5,7.85,7,7.65,1131210
MRVL80,20260630,9.05,9.4,8.35,9.15,6279070
MS06,20260630,4.76,4.8,4.7,4.7,62393
MSFT01,20260630,3.74,3.74,3.6,3.62,2590297
MSFT03,20260630,2.52,2.52,2.46,2.48,81745
MSFT06,20260630,3.16,3.18,3.04,3.08,704586
MSFT19,20260630,4.22,4.22,4.08,4.12,257032
MSFT23,20260630,2.34,2.34,2.26,2.28,592240
MSFT80,20260630,6.35,6.35,6.1,6.15,4999081
MSN11,20260630,3.66,3.68,3.64,3.66,4153
MSN19,20260630,3.04,3.04,3.04,3.04,900
MUFG19,20260630,6.65,6.7,6.6,6.6,8262
MUFG23,20260630,2.7,2.72,2.66,2.72,35910
MWG11,20260630,4.04,4.06,4.02,4.06,4033
MWG19,20260630,10.1,10.1,10,10.1,2961
NAURA23,20260630,4.76,4.86,4.76,4.84,128555
NAURA80,20260630,43.25,43.75,42.75,43,86174
NBIS01,20260630,4.86,5.25,4.62,5.15,1883316
NBIS03,20260630,8.3,8.95,7.85,8.75,3860062
NBIS23,20260630,8.3,8.95,7.85,8.7,4000734
NDAQ06,20260630,2.64,2.64,2.56,2.58,456102
NDX01,20260630,25.75,26,25.5,25.75,72257
NEE80,20260630,2.96,2.96,2.9,2.96,663741
NEM06,20260630,3.18,3.18,3.08,3.12,236084
NEM23,20260630,2,2,1.93,1.97,160623
NET03,20260630,4.02,4.14,3.98,4.1,381409
NETEASE80,20260630,8.7,8.7,8.5,8.5,129105
NFLX06,20260630,2.48,2.54,2.46,2.46,212229
NFLX80,20260630,2.48,2.54,2.44,2.48,7114321
NIKE80,20260630,0.69,0.7,0.69,0.69,340377
NIKKEI80,20260630,15.1,15.2,15,15.2,38254
NINTENDO19,20260630,14.1,14.2,14.1,14.2,48672
NINTENDO23,20260630,1.26,1.26,1.23,1.25,22886
NONGFU80,20260630,1.7,1.72,1.68,1.7,809904
NOVOB80,20260630,1.59,1.62,1.59,1.61,6698069
NOW19,20260630,3.38,3.44,3.32,3.34,3058197
NVDA01,20260630,19.1,19.2,18.7,19,673067
NVDA03,20260630,4.32,4.36,4.24,4.34,107395
NVDA06,20260630,4.32,4.34,4.22,4.34,214240
NVDA19,20260630,26,26.25,25.5,26,59534
NVDA23,20260630,3.1,3.12,3.02,3.08,396550
NVDA80,20260630,32.25,32.75,31.5,32.25,867220
NVTS03,20260630,5.85,6.05,5.55,5.95,3594222
NVTS23,20260630,5.9,6.05,5.5,5.9,951283
OIL03,20260630,3,3,2.96,2.98,1075976
OIL24,20260630,14.7,15,14.7,15,43
ON23,20260630,6.15,6.15,5.8,5.9,299078
ONON03,20260630,2.48,2.48,2.38,2.4,182838
ORCL01,20260630,3.22,3.24,3.02,3.12,764088
ORCL06,20260630,2.06,2.06,1.94,2,2316282
ORCL19,20260630,5.15,5.15,4.84,4.98,467972
PANW80,20260630,10.2,11.1,10.2,10.9,362735
PEP80,20260630,0.95,0.95,0.92,0.92,982079
PETROCN80,20260630,3.58,3.62,3.56,3.6,29789
PFIZER19,20260630,16.2,16.3,16.1,16.3,27581
PINGAN01,20260630,4.94,4.98,4.92,4.98,10468
PINGAN80,20260630,2.18,2.2,2.16,2.2,2352122
PLTR01,20260630,3.54,3.6,3.48,3.52,2786456
PLTR03,20260630,2.58,2.62,2.56,2.58,199354
PLTR06,20260630,2.58,2.64,2.56,2.6,2436542
PLTR23,20260630,2.04,2.08,2.02,2.04,841263
POPMART23,20260630,1.54,1.54,1.54,1.54,174
POPMART80,20260630,6.55,6.6,6.4,6.5,131397
PYPL06,20260630,2.96,2.98,2.94,2.98,67260
QCOM06,20260630,3.22,3.24,3.06,3.18,2540475
QQQM19,20260630,19.5,20,19.4,19.8,412444
RBLX06,20260630,1.38,1.53,1.38,1.52,1033798
REMX03,20260630,2.92,2.94,2.86,2.92,33464
RGTI03,20260630,3.12,3.28,3.06,3.22,1386669
RKLB01,20260630,3.14,3.42,3,3.34,1416526
RKLB03,20260630,6.3,6.85,6,6.75,11533534
RKLB23,20260630,1.57,1.71,1.51,1.69,4911452
RKLB80,20260630,3.14,3.42,3,3.36,11606780
SANOFI80,20260630,2.86,2.88,2.84,2.84,53620
SANRIO23,20260630,1.66,1.68,1.65,1.67,47069
SANRIO80,20260630,11.5,11.5,11.4,11.4,84042
SBUX80,20260630,1.75,1.75,1.72,1.74,95354
SEAGATE23,20260630,6.3,6.85,6.1,6.6,1928676
SEMB19,20260630,5.5,5.5,5.4,5.45,32741
SENSE23,20260630,1.42,1.42,1.4,1.4,22639
SGX19,20260630,6.25,6.25,6.2,6.25,15423
SHOP03,20260630,2.62,2.68,2.54,2.54,162
SHOP06,20260630,1.96,2,1.88,1.88,53855
SIA19,20260630,19.6,19.7,19.4,19.7,9626
SIL03,20260630,2.62,2.66,2.54,2.6,381859
SINGTEL80,20260630,11.5,11.5,11.3,11.4,13435
SINOBIO19,20260630,3.76,3.78,3.74,3.78,76432
SMCI03,20260630,2.3,2.34,1.86,1.91,3524692
SMFG19,20260630,13.1,13.3,13,13.2,71823
SMIC01,20260630,5.4,5.6,5.35,5.5,2432604
SMIC03,20260630,3.8,3.9,3.8,3.8,20396
SMIC13,20260630,2.6,2.7,2.58,2.6,17196
SMIC23,20260630,4.46,4.56,4.38,4.48,7705739
SNDK03,20260630,17.4,17.7,15.8,17.4,1466725
SNDK23,20260630,8.7,8.85,7.9,8.75,3108096
SNDK80,20260630,6.95,7.1,6.3,6.9,10912421
SNOW06,20260630,4.2,4.24,4.14,4.16,250395
SNOW23,20260630,3.82,3.86,3.76,3.8,1319107
SOFI23,20260630,6.05,6.1,5.9,6.05,226430
SOFTBANK23,20260630,2.34,2.36,2.28,2.34,1139571
SOFTBANK80,20260630,12.3,12.4,12.2,12.4,5021
SONY80,20260630,3.4,3.4,3.36,3.4,484394
SP50001,20260630,25,25.25,25,25.25,34745
SP500US19,20260630,14.4,14.6,14.4,14.6,74634
SP500US80,20260630,2.9,2.92,2.88,2.9,251125
SPBOND80,20260630,8.5,8.6,8.5,8.55,15433
SPCOM80,20260630,3.58,3.64,3.56,3.62,2030
SPENGY80,20260630,3.6,3.6,3.54,3.56,41865
SPFIN80,20260630,17.9,17.9,17.8,17.9,13036
SPHLTH80,20260630,5.35,5.4,5.3,5.3,153686
SPOT06,20260630,1.94,1.97,1.92,1.94,261999
SPTECH80,20260630,12.3,12.5,12,12.4,73668
STAR5001,20260630,65.25,66,64.5,65.5,70003
STEG19,20260630,27,27,26.75,27,1031
SUNNY19,20260630,2.62,2.66,2.58,2.6,522251
SUNNY80,20260630,2.6,2.68,2.58,2.62,204933
SUSHI23,20260630,3.04,3.08,3,3.08,51310
SYNP03,20260630,3.06,3.06,2.94,2.98,9785
SYNP23,20260630,6.1,6.1,5.9,5.95,8054
TAIWAN19,20260630,44.75,45.5,44.75,45.5,52776
TAIWANAI13,20260630,19.9,20.2,19.8,20.1,2943
TAIWANHD13,20260630,34.75,35,34.5,35,1412
TEL23,20260630,5.95,6,5.9,5.95,222124
TEL80,20260630,15.8,16.2,15.8,15.8,122474
TENCENT01,20260630,4.08,4.2,4.06,4.18,102175
TENCENT06,20260630,1.79,1.84,1.78,1.8,41748
TENCENT13,20260630,3.7,3.8,3.68,3.8,28928
TENCENT19,20260630,9,9.1,9,9.1,14404
TENCENT23,20260630,1.99,2.08,1.98,2.08,176764
TENCENT80,20260630,18,18.5,17.8,18.2,1377161
TER01,20260630,5.35,5.6,4.96,5.55,785044
TER23,20260630,7.4,7.85,6.95,7.65,269429
THAIBEV19,20260630,11.1,11.3,11.1,11.1,34418
TME23,20260630,0.87,0.9,0.86,0.89,40733
TOYOTA80,20260630,5.65,5.65,5.6,5.65,55708
TRIPCOM23,20260630,1.32,1.35,1.31,1.35,58080
TRIPCOM80,20260630,1.32,1.33,1.3,1.32,11353469
TRVUS06,20260630,4.38,4.44,4.38,4.44,113417
TSLA01,20260630,37.25,40.25,37.25,40,160129
TSLA03,20260630,4.24,4.58,4.24,4.52,32028
TSLA23,20260630,2.46,2.64,2.44,2.6,237654
TSLA80,20260630,2.54,2.74,2.54,2.7,17023179
UBER06,20260630,2.56,2.58,2.48,2.52,243521
UBTECH23,20260630,1.69,1.91,1.69,1.76,11203644
UNH19,20260630,7.15,7.15,6.95,7,170949
UNIQLO80,20260630,17.3,17.3,16.6,16.6,22294
UOB19,20260630,10.3,10.3,10.2,10.3,980
USTR24,20260630,1.18,1.19,1.18,1.18,8873
VCB11,20260630,3.16,3.16,3.14,3.16,5048
VCB19,20260630,7.95,8,7.9,7.9,16373
VENTURE19,20260630,4.42,4.44,4.38,4.38,8977
VHM19,20260630,18.9,19.2,18.9,19,28464
VISA06,20260630,1.41,1.44,1.41,1.42,57174
VISA80,20260630,1.41,1.44,1.4,1.42,1455922
VNFIN24,20260630,1.92,1.93,1.92,1.92,5336
VNM19,20260630,7.15,7.15,7,7.05,813996
VRT01,20260630,3.96,3.98,3.78,3.94,1823347
VRT23,20260630,3.04,3.06,2.88,3,4235271
VT03,20260630,3.48,3.48,3.44,3.46,176387
WMT06,20260630,3.84,3.86,3.8,3.82,177263
WORLD03,20260630,4.24,4.24,4.18,4.24,41635
WORLDA01,20260630,5.1,5.15,5.05,5.15,64567
WUXI06,20260630,3.7,3.72,3.64,3.72,51614
WUXI13,20260630,2.26,2.26,2.26,2.26,1
WUXIAT80,20260630,6.55,6.65,6.45,6.55,16976
XIAOMI01,20260630,2.08,2.12,2.08,2.1,926087
XIAOMI13,20260630,1.93,1.94,1.92,1.93,55301
XIAOMI19,20260630,4.58,4.6,4.58,4.6,24325
XIAOMI23,20260630,1.1,1.13,1.1,1.12,528134
XIAOMI80,20260630,9.2,9.25,9.1,9.25,2904904
XPENG03,20260630,2.06,2.3,2.06,2.18,595235
ZAI23,20260630,22.6,23,21.9,22.3,311236
ZIJIN13,20260630,1.94,1.98,1.94,1.98,33491
ZIJIN23,20260630,1.76,1.8,1.75,1.8,46439
ZIJIN80,20260630,11.4,11.7,11.3,11.7,181119
ZJINNO80,20260630,6.2,6.4,6.15,6.3,429150
AAV01C2609T,20260630,0.04,0.04,0.04,0.04,10000
AAV13C2610A,20260630,0.16,0.17,0.16,0.16,1559200
AAV13C2701T,20260630,0.1,0.1,0.1,0.1,100
AAV19C2608A,20260630,0.07,0.07,0.07,0.07,235400
ADVANC01C2607A,20260630,0.01,0.02,0.01,0.02,5800
ADVANC01C2608A,20260630,0.01,0.02,0.01,0.02,2213000
ADVANC01C2609A,20260630,0.15,0.19,0.15,0.18,8063200
ADVANC01C2610A,20260630,0.34,0.42,0.34,0.4,13938000
ADVANC01C2701T,20260630,0.51,0.57,0.51,0.56,10687400
ADVANC01P2609A,20260630,0.41,0.41,0.36,0.37,8045700
ADVANC13C2608A,20260630,0.01,0.01,0.01,0.01,5000
ADVANC13C2609A,20260630,0.15,0.19,0.15,0.19,5617500
ADVANC13C2610A,20260630,0.35,0.43,0.35,0.4,15112800
ADVANC13C2701T,20260630,0.32,0.35,0.32,0.34,2829100
ADVANC13P2609A,20260630,0.16,0.17,0.13,0.14,6073700
ADVANC13P2611A,20260630,0.57,0.57,0.52,0.53,8930300
ADVANC19C2609A,20260630,0.11,0.15,0.11,0.14,4917600
ADVANC19C2611A,20260630,0.39,0.46,0.39,0.46,7063700
ADVANC41C2610A,20260630,0.35,0.42,0.35,0.41,6210000
ADVANC41C2701T,20260630,0.25,0.28,0.25,0.27,7571700
AEONTS13C2608A,20260630,0.06,0.06,0.06,0.06,500
AMATA01C2608A,20260630,1.25,1.25,1.25,1.25,49500
AMATA01C2610A,20260630,0.89,0.89,0.89,0.89,134600
AMATA01C2612A,20260630,0.18,0.18,0.17,0.17,2825200
AMATA01C2706T,20260630,0.37,0.38,0.37,0.38,1240500
AMATA01P2610A,20260630,0.22,0.22,0.21,0.22,3234000
AMATA13C2611A,20260630,0.22,0.23,0.22,0.22,2102800
AMATA13P2610A,20260630,0.19,0.19,0.18,0.19,1477300
AMATA19C2610B,20260630,0.22,0.23,0.21,0.22,5193700
AMATA41C2608T,20260630,0.17,0.18,0.17,0.18,2500000
AMATA41C2611A,20260630,0.2,0.21,0.2,0.21,1920000
AMATA41C2702T,20260630,0.21,0.21,0.2,0.2,4500300
AOT01C2607A,20260630,0.11,0.14,0.11,0.14,5003400
AOT01C2609A,20260630,0.49,0.55,0.49,0.55,3159700
AOT01C2705T,20260630,0.48,0.5,0.48,0.5,1865000
AOT01P2609A,20260630,0.13,0.13,0.12,0.12,2771800
AOT01P2612A,20260630,0.51,0.51,0.46,0.46,5869800
AOT13C2608A,20260630,0.24,0.29,0.24,0.29,14633700
AOT13C2609A,20260630,0.68,0.68,0.68,0.68,4900
AOT13C2611A,20260630,0.46,0.51,0.46,0.51,17375800
AOT13C2704T,20260630,0.38,0.4,0.38,0.4,1815700
AOT13P2611A,20260630,0.37,0.37,0.33,0.33,1138500
AOT19C2611A,20260630,0.51,0.57,0.51,0.57,1888200
AOT41C2608A,20260630,0.26,0.28,0.26,0.28,1361000
AOT41C2609A,20260630,0.62,0.65,0.62,0.65,1200000
AOT41C2609T,20260630,0.68,0.71,0.68,0.71,8233500
AOT41C2611A,20260630,0.45,0.48,0.45,0.47,4548400
AOT41C2706T,20260630,0.42,0.44,0.42,0.44,16300000
AWC01C2607A,20260630,0.15,0.15,0.15,0.15,1463800
AWC01C2703T,20260630,0.37,0.37,0.36,0.36,2891600
AWC13C2608A,20260630,0.11,0.11,0.1,0.1,130000
AWC13C2611A,20260630,0.38,0.39,0.37,0.37,3813000
AWC13C2704T,20260630,0.25,0.26,0.25,0.25,5891300
AWC41C2608A,20260630,0.11,0.11,0.1,0.1,300000
AWC41C2609T,20260630,0.27,0.27,0.27,0.27,5210000
BA01C2611A,20260630,0.52,0.55,0.52,0.54,2676600
BA01C2706T,20260630,0.37,0.39,0.37,0.38,1215500
BA01P2612A,20260630,0.38,0.38,0.36,0.36,2139300
BA13C2611A,20260630,0.47,0.51,0.47,0.49,8569100
BA13P2611A,20260630,0.33,0.33,0.32,0.32,1639000
BA19C2609A,20260630,0.64,0.64,0.64,0.64,200
BA19C2611A,20260630,0.46,0.49,0.46,0.48,3558000
BA41C2608A,20260630,0.47,0.47,0.45,0.45,1200000
BA41C2611T,20260630,0.34,0.36,0.34,0.36,5210000
BABA28C2609A,20260630,0.03,0.03,0.03,0.03,1700
BABA28C2612A,20260630,0.26,0.29,0.26,0.28,1706000
BABA41C2610A,20260630,0.07,0.07,0.07,0.07,100000
BABA41C2612A,20260630,0.06,0.06,0.06,0.06,10100
BABA41C2701T,20260630,0.18,0.19,0.18,0.19,73300
BABA41P2609A,20260630,0.69,0.7,0.67,0.68,9900
BABA41P2612A,20260630,0.47,0.48,0.46,0.46,45800
BAM13C2610A,20260630,0.15,0.16,0.15,0.15,515000
BAM19C2612T,20260630,0.16,0.16,0.15,0.15,600000
BANPU01C2607A,20260630,0.01,0.01,0.01,0.01,203000
BANPU13C2608A,20260630,0.02,0.02,0.02,0.02,50000
BANPU13P2609A,20260630,0.16,0.17,0.16,0.16,105700
BANPU19C2612T,20260630,0.24,0.24,0.24,0.24,244800
BBL13C2608A,20260630,0.21,0.25,0.21,0.24,13413700
BBL13C2611A,20260630,0.45,0.46,0.44,0.46,18414200
BBL13C2704T,20260630,0.39,0.4,0.39,0.4,6154800
BBL13P2611A,20260630,0.58,0.58,0.55,0.55,1243600
BBL19C2612T,20260630,0.53,0.56,0.53,0.56,5653100
BBL41C2608A,20260630,0.22,0.24,0.22,0.24,1050000
BBL41C2609T,20260630,0.55,0.57,0.55,0.57,9629400
BBL41C2706T,20260630,0.4,0.41,0.4,0.41,14100000
BCH13C2609A,20260630,0.1,0.1,0.1,0.1,200
BCH13C2610A,20260630,0.35,0.35,0.33,0.34,1962300
BCH13C2612A,20260630,0.2,0.2,0.19,0.19,503900
BCP13C2611A,20260630,0.2,0.23,0.2,0.23,3910500
BCP13C2704T,20260630,0.22,0.24,0.22,0.24,1143000
BCP41C2611A,20260630,0.18,0.21,0.18,0.21,4690000
BCPG01C2611A,20260630,0.3,0.31,0.3,0.31,2461600
BCPG01C2705T,20260630,0.23,0.23,0.23,0.23,1760400
BCPG13C2610A,20260630,0.16,0.17,0.16,0.17,2453300
BCPG13C2611A,20260630,0.32,0.33,0.32,0.33,3884600
BCPG19C2609A,20260630,0.17,0.17,0.17,0.17,421600
BCPG41C2610A,20260630,0.15,0.15,0.15,0.15,540000
BCPG41C2612T,20260630,0.14,0.14,0.14,0.14,2700000
BDMS01C2607A,20260630,0.01,0.02,0.01,0.02,280100
BDMS01C2609A,20260630,0.15,0.15,0.14,0.14,1519800
BDMS01C2611A,20260630,0.32,0.32,0.28,0.29,5312900
BDMS01C2706T,20260630,0.32,0.32,0.31,0.31,312100
BDMS01P2612A,20260630,0.34,0.36,0.34,0.34,2027400
BDMS13C2608B,20260630,0.07,0.08,0.07,0.07,323000
BDMS13C2610A,20260630,0.29,0.29,0.27,0.27,2390800
BDMS13C2701T,20260630,0.2,0.2,0.19,0.19,561000
BDMS13P2612A,20260630,0.37,0.38,0.37,0.37,2963800
BDMS19C2608A,20260630,0.09,0.09,0.08,0.08,239300
BDMS19C2611A,20260630,0.35,0.35,0.32,0.33,635300
BDMS41C2609T,20260630,0.01,0.01,0.01,0.01,700
BDMS41C2610A,20260630,0.28,0.28,0.25,0.26,10666500
BDMS41C2612T,20260630,0.15,0.15,0.15,0.15,223500
BEM01C2608A,20260630,0.03,0.03,0.03,0.03,150000
BEM01C2612A,20260630,0.26,0.27,0.24,0.24,2950700
BEM13C2608A,20260630,0.07,0.07,0.06,0.06,1057600
BEM13C2611A,20260630,0.31,0.32,0.27,0.29,7166500
BEM19C2611A,20260630,0.25,0.26,0.23,0.23,648400
BEM41C2612T,20260630,0.21,0.22,0.2,0.2,4090000
BGRIM01C2608A,20260630,0.2,0.22,0.19,0.19,5831600
BGRIM01C2609A,20260630,0.55,0.57,0.53,0.55,1682200
BGRIM01C2612A,20260630,0.34,0.36,0.33,0.34,5350300
BGRIM01C2706T,20260630,0.39,0.39,0.38,0.38,3955900
BGRIM01P2612A,20260630,0.24,0.24,0.23,0.24,2524200
BGRIM13C2607A,20260630,0.01,0.01,0.01,0.01,41400
BGRIM13C2608A,20260630,0.41,0.45,0.41,0.45,27700
BGRIM13C2611A,20260630,0.53,0.55,0.52,0.53,7863900
BGRIM13C2611B,20260630,0.35,0.37,0.34,0.35,9546800
BGRIM13C2704T,20260630,0.29,0.3,0.29,0.3,1463300
BGRIM13P2611A,20260630,0.19,0.19,0.19,0.19,230800
BGRIM19C2610A,20260630,0.51,0.52,0.51,0.52,107100
BGRIM19C2611A,20260630,0.39,0.4,0.38,0.39,19818400
BGRIM41C2608T,20260630,0.34,0.36,0.34,0.34,3000200
BGRIM41C2611A,20260630,0.52,0.54,0.51,0.52,1800000
BGRIM41C2701T,20260630,0.64,0.67,0.64,0.66,680000
BGRIM41C2706T,20260630,0.32,0.33,0.32,0.32,2323000
BH01C2607A,20260630,0.42,0.43,0.29,0.32,2203700
BH01C2609A,20260630,0.54,0.54,0.49,0.51,6341100
BH01C2609B,20260630,0.64,0.65,0.57,0.59,7037700
BH01C2705T,20260630,0.64,0.64,0.61,0.62,4032700
BH01P2611A,20260630,0.38,0.41,0.37,0.39,5224500
BH13C2608B,20260630,0.14,0.14,0.12,0.12,1684300
BH13C2610A,20260630,0.67,0.67,0.58,0.61,18357800
BH13P2611A,20260630,0.39,0.42,0.39,0.41,2954500
BH19C2608A,20260630,0.15,0.15,0.12,0.13,7029800
BH19C2610A,20260630,0.64,0.65,0.57,0.59,5767100
BH41C2608B,20260630,0.14,0.14,0.14,0.14,105000
BH41C2610A,20260630,0.66,0.66,0.57,0.6,12026200
BH41C2611T,20260630,0.66,0.66,0.61,0.63,11830000
BIDU28C2610A,20260630,0.14,0.15,0.14,0.15,500000
BIDU41C2609A,20260630,0.02,0.05,0.02,0.05,261500
BIDU41C2610A,20260630,0.38,0.4,0.37,0.4,65300
BIDU41P2612A,20260630,0.33,0.33,0.32,0.32,55300
BJC13C2607A,20260630,0.02,0.02,0.02,0.02,700000
BJC13C2610A,20260630,0.21,0.22,0.2,0.21,5186900
BJC19C2612T,20260630,0.27,0.28,0.26,0.28,6872600
BJC41C2610A,20260630,0.18,0.2,0.18,0.2,3530000
BLA01C2607A,20260630,0.07,0.07,0.07,0.07,500
BLA01C2609A,20260630,0.54,0.58,0.53,0.58,2060900
BLA01P2612A,20260630,0.34,0.34,0.34,0.34,536600
BLA13C2607A,20260630,0.02,0.02,0.02,0.02,700
BLA13C2610A,20260630,0.36,0.38,0.35,0.38,2899200
BLA13C2611A,20260630,0.15,0.15,0.15,0.15,1760800
BLA13P2611A,20260630,0.34,0.34,0.33,0.33,1675800
BLA41C2702T,20260630,0.4,0.41,0.4,0.41,5100000
BTG01C2609A,20260630,0.14,0.14,0.12,0.12,342400
BTG01C2611A,20260630,0.41,0.41,0.39,0.39,1604500
BTG01C2704T,20260630,0.11,0.11,0.11,0.11,150000
BTG01P2609A,20260630,0.4,0.41,0.4,0.4,1077900
BTG01P2611A,20260630,0.41,0.42,0.41,0.41,1076800
BTG13C2607A,20260630,0.01,0.01,0.01,0.01,600000
BTG13C2609A,20260630,0.09,0.09,0.09,0.09,50300
BTG13C2610A,20260630,0.29,0.29,0.27,0.27,5588400
BTG13P2609A,20260630,0.32,0.33,0.32,0.32,1495700
BTG19C2611A,20260630,0.37,0.37,0.35,0.36,1890000
BTG41C2703T,20260630,0.22,0.22,0.22,0.22,300000
BTS01C2612A,20260630,0.23,0.23,0.19,0.19,3557800
BTS01C2706T,20260630,0.27,0.27,0.25,0.25,857200
BTS13C2608A,20260630,0.01,0.01,0.01,0.01,150000
BTS13C2609A,20260630,0.12,0.12,0.08,0.08,8034100
BTS13C2611A,20260630,0.26,0.26,0.2,0.2,17669600
BTS13C2701T,20260630,0.11,0.11,0.1,0.1,20100
BTS19C2609A,20260630,0.14,0.14,0.12,0.12,541600
BTS41C2609A,20260630,0.08,0.08,0.08,0.08,200100
BTS41C2611A,20260630,0.24,0.24,0.18,0.18,6502800
BTS41C2703T,20260630,0.15,0.15,0.14,0.14,25600
CATHAY41C2610A,20260630,0.3,0.31,0.3,0.31,900
CATL41C2612A,20260630,0.55,0.56,0.54,0.54,126100
CBG01C2609A,20260630,0.38,0.41,0.37,0.39,5087200
CBG01C2610T,20260630,0.16,0.17,0.15,0.15,2230500
CBG01C2611A,20260630,0.56,0.59,0.54,0.56,4142000
CBG01P2609A,20260630,0.04,0.04,0.04,0.04,60000
CBG01P2611A,20260630,0.16,0.16,0.16,0.16,3652200
CBG13C2607A,20260630,0.01,0.01,0.01,0.01,10000
CBG13C2608A,20260630,0.18,0.2,0.17,0.18,15057500
CBG13C2608B,20260630,0.29,0.33,0.27,0.32,2944200
CBG13C2611A,20260630,0.54,0.57,0.53,0.54,3774100
CBG13P2609A,20260630,0.07,0.07,0.07,0.07,2000
CBG13P2611A,20260630,0.36,0.37,0.35,0.35,4962700
CBG19C2608A,20260630,0.48,0.52,0.48,0.52,19000
CBG19C2611A,20260630,0.58,0.58,0.58,0.58,1900
CBG19C2611B,20260630,0.38,0.41,0.38,0.4,2601500
CBG41C2608A,20260630,0.17,0.2,0.17,0.2,1877700
CBG41C2703T,20260630,0.44,0.45,0.44,0.45,7239700
CCET13C2607A,20260630,0.96,0.99,0.96,0.99,15900
CCET13C2608A,20260630,1.75,1.84,1.75,1.75,180600
CCET13C2609A,20260630,1.04,1.15,1.04,1.09,762400
CCET13C2609B,20260630,0.7,0.78,0.7,0.74,222200
CCET13C2610A,20260630,0.42,0.47,0.42,0.44,38326700
CCET13C2610B,20260630,0.27,0.3,0.27,0.28,12000300
CCET13C2611A,20260630,0.15,0.16,0.14,0.15,18193000
CCET19C2610A,20260630,0.47,0.54,0.47,0.51,1270700
CCET19C2610B,20260630,0.32,0.36,0.32,0.34,24228800
CCET19C2611A,20260630,0.14,0.15,0.14,0.14,6336500
CCET41C2609T,20260630,0.34,0.37,0.34,0.35,3153200
CCET41C2701T,20260630,0.44,0.46,0.44,0.45,8790000
CCET41C2702T,20260630,0.39,0.4,0.39,0.4,6910000
CENTEL01C2609A,20260630,0.22,0.23,0.21,0.22,3308000
CENTEL01C2706T,20260630,0.29,0.29,0.28,0.29,1013300
CENTEL13C2608B,20260630,0.21,0.22,0.19,0.21,2440700
CENTEL13C2611A,20260630,0.35,0.37,0.33,0.35,8213300
CENTEL19C2610A,20260630,0.38,0.4,0.36,0.39,2144300
CENTEL41C2611A,20260630,0.34,0.36,0.32,0.35,5487200
CENTEL41C2701T,20260630,0.33,0.34,0.32,0.34,10400000
CHG01C2612A,20260630,0.34,0.34,0.32,0.32,1072800
CHG13C2610A,20260630,0.38,0.38,0.33,0.33,3594300
CK01C2608A,20260630,0.48,0.48,0.43,0.43,279900
CK01C2611A,20260630,0.37,0.38,0.35,0.36,9968400
CK01C2705T,20260630,0.41,0.41,0.4,0.4,2818500
CK01P2611A,20260630,0.53,0.56,0.53,0.55,2195000
CK13C2608A,20260630,0.14,0.14,0.13,0.13,4376700
CK13C2610A,20260630,0.47,0.47,0.43,0.44,10002300
CK13C2704T,20260630,0.2,0.2,0.19,0.19,8146000
CK13P2611A,20260630,0.46,0.48,0.46,0.47,1712000
CK19C2609A,20260630,0.34,0.34,0.31,0.32,12075200
CK41C2610A,20260630,0.46,0.46,0.42,0.43,6560000
COM701C2607A,20260630,0.56,0.71,0.51,0.61,536400
COM701C2607B,20260630,0.05,0.05,0.04,0.04,1561600
COM701C2610A,20260630,0.15,0.17,0.15,0.16,1521000
COM701C2705T,20260630,0.51,0.54,0.5,0.52,2861200
COM713C2608A,20260630,0.09,0.11,0.09,0.1,3427800
COM713C2610A,20260630,0.74,0.74,0.74,0.74,100
COM713C2610B,20260630,0.22,0.24,0.2,0.22,7516500
COM719C2610A,20260630,0.22,0.26,0.22,0.24,3767800
COM741C2609T,20260630,0.49,0.54,0.47,0.54,621100
COM741C2703T,20260630,0.21,0.22,0.21,0.22,600000
CPALL01C2608A,20260630,0.02,0.02,0.02,0.02,10000
CPALL01C2610A,20260630,0.19,0.2,0.19,0.2,2365900
CPALL01C2703T,20260630,0.25,0.26,0.25,0.26,8010300
CPALL01P2608A,20260630,0.12,0.12,0.1,0.11,11668800
CPALL01P2612A,20260630,0.33,0.33,0.31,0.31,765200
CPALL13C2609A,20260630,0.18,0.2,0.18,0.2,2721200
CPALL13C2701T,20260630,0.24,0.25,0.23,0.24,1667900
CPALL13P2610A,20260630,0.17,0.18,0.16,0.16,65000
CPALL19C2611A,20260630,0.28,0.31,0.28,0.31,1857700
CPALL19C2612A,20260630,0.09,0.1,0.09,0.1,805000
CPALL41C2609A,20260630,0.16,0.18,0.16,0.18,1680000
CPF01C2611T,20260630,0.1,0.1,0.1,0.1,100000
CPF01C2612A,20260630,0.31,0.31,0.31,0.31,1831200
CPF01P2612A,20260630,0.31,0.31,0.31,0.31,1307300
CPF13C2608A,20260630,0.02,0.02,0.02,0.02,30000
CPF13C2611A,20260630,0.31,0.31,0.31,0.31,3454800
CPF19C2701T,20260630,0.33,0.33,0.33,0.33,928800
CPF41C2611A,20260630,0.29,0.29,0.29,0.29,1320000
CPF41C2612T,20260630,0.11,0.11,0.11,0.11,1000000
CPN01C2608A,20260630,0.13,0.15,0.13,0.14,2101300
CPN01C2611A,20260630,0.38,0.41,0.37,0.39,5514100
CPN01C2706T,20260630,0.42,0.42,0.41,0.41,871800
CPN13C2608A,20260630,0.16,0.19,0.16,0.17,14559900
CPN13C2611A,20260630,0.44,0.49,0.43,0.46,11033000
CPN19C2609T,20260630,0.35,0.38,0.34,0.35,10111200
CPN41C2608A,20260630,0.19,0.19,0.19,0.19,900000
CPN41C2608T,20260630,0.48,0.49,0.47,0.49,8300000
CPN41C2611A,20260630,0.41,0.44,0.4,0.42,8160000
CPN41C2703T,20260630,0.35,0.37,0.35,0.36,13400000
CRC01C2609A,20260630,0.31,0.33,0.29,0.3,6140500
CRC01C2609B,20260630,0.74,0.79,0.74,0.77,1282700
CRC01C2610T,20260630,0.44,0.47,0.44,0.45,3509200
CRC01C2611A,20260630,0.51,0.55,0.51,0.53,3790600
CRC01C2706T,20260630,0.27,0.28,0.27,0.27,2431000
CRC01P2611A,20260630,0.36,0.36,0.34,0.35,2299900
CRC13C2611A,20260630,0.43,0.47,0.43,0.44,5599900
CRC13P2611A,20260630,0.53,0.54,0.52,0.53,1055700
CRC19C2612A,20260630,0.61,0.66,0.61,0.64,4500000
CRC41C2609T,20260630,0.33,0.35,0.33,0.35,2600000
CRC41C2610A,20260630,0.56,0.61,0.56,0.6,5401800
DELTA01C2607A,20260630,0.91,0.91,0.83,0.88,117400
DELTA01C2608A,20260630,0.58,0.6,0.46,0.58,615500
DELTA01C2609A,20260630,0.58,0.6,0.57,0.59,345500
DELTA01C2610A,20260630,0.45,0.46,0.4,0.46,1294500
DELTA01P2610A,20260630,0.73,0.73,0.72,0.72,2000
DELTA13C2607A,20260630,0.57,0.57,0.51,0.55,251100
DELTA13C2607B,20260630,0.1,0.11,0.08,0.08,685100
DELTA13C2608A,20260630,0.23,0.23,0.2,0.21,4474500
DELTA13C2609A,20260630,0.18,0.19,0.17,0.18,2963100
DELTA13C2609B,20260630,0.4,0.41,0.38,0.39,10946000
DELTA13C2610A,20260630,0.29,0.3,0.27,0.28,7826600
DELTA13C2611A,20260630,0.81,0.83,0.77,0.8,25738200
DELTA13P2608A,20260630,0.07,0.08,0.07,0.08,62100
DELTA13P2609A,20260630,0.34,0.35,0.32,0.33,7156800
DELTA13P2610A,20260630,0.83,0.84,0.8,0.82,14587000
DELTA19C2608A,20260630,0.55,0.56,0.52,0.54,4208000
DELTA19C2609A,20260630,0.29,0.3,0.27,0.28,10107000
DELTA19P2608A,20260630,0.06,0.06,0.06,0.06,200000
DELTA19P2609A,20260630,0.19,0.19,0.18,0.18,2360600
DELTA19P2610A,20260630,0.51,0.52,0.5,0.5,1162000
DELTA19P2610B,20260630,0.64,0.65,0.63,0.64,1944800
DELTA41C2607B,20260630,0.13,0.14,0.13,0.14,3000
DELTA41C2608A,20260630,0.22,0.22,0.22,0.22,250100
DELTA41C2609A,20260630,0.17,0.18,0.17,0.17,3920000
DELTA41C2609B,20260630,0.37,0.38,0.37,0.38,11400100
DELTA41C2610A,20260630,0.27,0.28,0.27,0.28,3476700
DELTA41C2612T,20260630,1.57,1.58,1.54,1.56,4817900
DELTA41C2702T,20260630,0.37,0.37,0.36,0.37,11100300
DELTA41C2703T,20260630,1,1.01,0.99,1.01,7540000
DELTA41P2609A,20260630,0.34,0.34,0.33,0.34,640000
DELTA41P2610A,20260630,0.81,0.81,0.79,0.79,2091000
DJI41C2609A,20260630,0.65,0.67,0.65,0.66,276200
DJI41P2609A,20260630,0.26,0.26,0.26,0.26,10000
DOHOME01C2608A,20260630,0.08,0.08,0.07,0.07,206500
DOHOME01C2610A,20260630,0.41,0.42,0.38,0.38,5352900
DOHOME13C2610A,20260630,0.46,0.48,0.42,0.43,15362400
DOHOME19C2701T,20260630,0.53,0.53,0.5,0.5,3327600
EA13C2607B,20260630,0.01,0.01,0.01,0.01,5000
EA13C2608A,20260630,0.06,0.06,0.06,0.06,2042700
EA13C2610A,20260630,0.23,0.24,0.22,0.23,7635300
EA13C2610B,20260630,0.14,0.14,0.14,0.14,4960000
EA13P2611A,20260630,0.75,0.75,0.74,0.74,1359200
EA19C2609A,20260630,0.17,0.18,0.17,0.17,2186800
EA19C2610A,20260630,0.14,0.14,0.14,0.14,9241800
EA19P2611A,20260630,0.78,0.78,0.77,0.78,2856200
EA41C2609T,20260630,0.17,0.17,0.17,0.17,3901000
EA41C2610B,20260630,0.13,0.13,0.13,0.13,2250000
EA41C2706T,20260630,0.33,0.33,0.33,0.33,1500000
EGCO13C2610A,20260630,0.27,0.29,0.26,0.29,895700
EGCO41C2612T,20260630,0.25,0.26,0.25,0.26,2300500
ERW01C2608A,20260630,0.09,0.1,0.09,0.1,1613400
ERW01C2610A,20260630,0.39,0.41,0.39,0.41,1697500
ERW01C2611T,20260630,0.35,0.36,0.35,0.36,3555100
ERW01C2706T,20260630,0.3,0.3,0.3,0.3,1822800
ERW13C2608A,20260630,0.07,0.08,0.07,0.08,1261400
ERW13C2610A,20260630,0.28,0.31,0.28,0.3,9094000
ERW19C2609A,20260630,0.29,0.31,0.29,0.31,11191900
ERW41C2610A,20260630,0.26,0.28,0.26,0.28,4948300
ERW41C2611T,20260630,0.53,0.54,0.53,0.54,5930000
ERW41C2706T,20260630,0.34,0.34,0.34,0.34,2300000
GEELY41C2610A,20260630,0.04,0.04,0.04,0.04,101000
GFPT13C2611A,20260630,0.38,0.39,0.38,0.39,624800
GLOBAL01C2611A,20260630,0.21,0.25,0.21,0.24,1491500
GLOBAL13C2608B,20260630,0.18,0.22,0.17,0.21,4818000
GLOBAL13C2610A,20260630,0.18,0.21,0.18,0.2,2316900
GLOBAL13C2611A,20260630,0.4,0.45,0.39,0.44,3705600
GLOBAL19C2611A,20260630,0.39,0.43,0.38,0.43,4017800
GLOBAL41C2612T,20260630,0.38,0.41,0.38,0.41,7100000
GPSC01C2608A,20260630,0.04,0.05,0.04,0.05,160000
GPSC01C2609A,20260630,0.27,0.3,0.27,0.27,8755400
GPSC01C2609T,20260630,0.17,0.18,0.17,0.17,1603100
GPSC01C2611A,20260630,0.41,0.44,0.41,0.41,2512100
GPSC01P2611A,20260630,0.25,0.25,0.24,0.24,4511800
GPSC13C2608A,20260630,0.07,0.07,0.07,0.07,20000
GPSC13C2608B,20260630,0.33,0.34,0.32,0.33,347600
GPSC13C2611A,20260630,0.41,0.44,0.41,0.41,8663500
GPSC13C2701T,20260630,0.28,0.3,0.28,0.28,18000
GPSC13P2611A,20260630,0.32,0.32,0.3,0.31,2806000
GPSC19C2608A,20260630,0.08,0.08,0.08,0.08,500
GPSC19C2611A,20260630,0.34,0.37,0.34,0.35,4797000
GPSC41C2608B,20260630,0.32,0.33,0.32,0.33,900000
GPSC41C2611A,20260630,0.39,0.42,0.39,0.42,2480000
GPSC41C2703T,20260630,0.39,0.41,0.39,0.4,7763200
GULF01C2608A,20260630,0.45,0.49,0.45,0.49,338600
GULF01C2608B,20260630,0.17,0.18,0.17,0.18,2745800
GULF01C2609A,20260630,0.2,0.22,0.19,0.22,4916100
GULF01C2611A,20260630,0.21,0.23,0.21,0.22,1989600
GULF01C2612A,20260630,0.41,0.45,0.41,0.44,3106300
GULF01C2702T,20260630,0.55,0.55,0.54,0.55,1382300
GULF01P2608A,20260630,0.01,0.01,0.01,0.01,2944100
GULF01P2609A,20260630,0.11,0.11,0.11,0.11,400000
GULF01P2610A,20260630,0.49,0.49,0.46,0.46,1863100
GULF13C2607A,20260630,0.14,0.14,0.14,0.14,10000
GULF13C2608A,20260630,0.19,0.22,0.19,0.21,1352000
GULF13C2609A,20260630,0.15,0.17,0.15,0.16,11991500
GULF13C2611A,20260630,0.35,0.37,0.34,0.36,16207000
GULF13C2704T,20260630,0.3,0.31,0.29,0.31,2018700
GULF13P2610A,20260630,0.24,0.24,0.22,0.22,5825900
GULF13P2611A,20260630,0.62,0.62,0.59,0.6,6628300
GULF19C2610A,20260630,0.23,0.26,0.23,0.25,11172600
GULF19C2611A,20260630,0.2,0.22,0.2,0.21,899000
GULF19P2611A,20260630,0.61,0.61,0.57,0.58,2176700
GULF41C2608A,20260630,0.21,0.21,0.21,0.21,300000
GULF41C2609A,20260630,0.14,0.14,0.14,0.14,730000
GULF41C2609T,20260630,0.34,0.35,0.34,0.35,3504500
GULF41C2611A,20260630,0.3,0.32,0.3,0.32,1560000
GULF41C2706T,20260630,0.35,0.36,0.34,0.36,1532500
GUNKUL01C2608A,20260630,1.43,1.49,1.35,1.49,896700
GUNKUL01C2610A,20260630,0.99,1.02,0.97,1.02,792200
GUNKUL01C2610B,20260630,0.59,0.61,0.56,0.6,3486300
GUNKUL01C2611A,20260630,0.49,0.49,0.44,0.48,9808400
GUNKUL01C2704T,20260630,0.68,0.68,0.65,0.68,3384800
GUNKUL01P2611A,20260630,0.33,0.34,0.32,0.32,3787500
GUNKUL13C2608A,20260630,1.72,1.72,1.72,1.72,100
GUNKUL13C2610A,20260630,0.74,0.74,0.68,0.7,10683200
GUNKUL13C2611A,20260630,0.47,0.49,0.44,0.47,22133900
GUNKUL13P2610A,20260630,0.3,0.31,0.29,0.29,6820600
GUNKUL19C2610B,20260630,0.48,0.49,0.45,0.49,1758900
GUNKUL41C2610A,20260630,0.65,0.7,0.65,0.7,2250000
GUNKUL41C2611A,20260630,0.43,0.44,0.41,0.44,7664200
GUNKUL41C2702T,20260630,0.77,0.77,0.74,0.77,3100000
GUNKUL41C2706T,20260630,0.47,0.48,0.46,0.48,10720000
HANA01C2608A,20260630,3.18,3.34,3.18,3.34,123000
HANA01C2609A,20260630,0.54,0.59,0.53,0.58,1347400
HANA01C2610A,20260630,0.37,0.41,0.37,0.41,11741200
HANA01C2705T,20260630,0.29,0.3,0.29,0.3,2954800
HANA01P2610A,20260630,0.24,0.24,0.22,0.22,2711300
HANA01P2611A,20260630,0.38,0.38,0.35,0.35,3161300
HANA13C2607A,20260630,4.06,4.06,4.06,4.06,200
HANA13C2608C,20260630,0.53,0.55,0.53,0.55,156700
HANA13C2609A,20260630,0.4,0.44,0.4,0.44,6462100
HANA13C2609B,20260630,0.21,0.23,0.21,0.23,7892200
HANA13C2610A,20260630,0.26,0.29,0.25,0.29,12660800
HANA13C2611A,20260630,0.46,0.5,0.45,0.5,19263100
HANA13C2701T,20260630,1.32,1.38,1.3,1.38,1900
HANA13C2703T,20260630,0.37,0.39,0.37,0.39,5787600
HANA13P2607A,20260630,0.01,0.01,0.01,0.01,208100
HANA13P2609A,20260630,0.11,0.11,0.09,0.09,2705100
HANA13P2611A,20260630,0.4,0.4,0.37,0.37,3613000
HANA19C2608A,20260630,1.88,1.98,1.88,1.98,500
HANA19C2609B,20260630,0.33,0.36,0.33,0.36,9022300
HANA19P2609A,20260630,0.09,0.09,0.08,0.08,1952500
HANA41C2608T,20260630,1.94,1.94,1.94,1.94,80000
HANA41C2609B,20260630,0.21,0.22,0.21,0.22,3530000
HANA41C2610A,20260630,0.26,0.28,0.26,0.28,8590600
HANA41C2612T,20260630,1.12,1.15,1.12,1.15,1104100
HANA41C2702T,20260630,0.48,0.51,0.48,0.5,8896800
HANA41P2609A,20260630,0.1,0.1,0.1,0.1,80000
HMPRO01C2609A,20260630,0.13,0.17,0.13,0.16,5798600
HMPRO01C2706T,20260630,0.22,0.23,0.22,0.23,448800
HMPRO13C2609A,20260630,0.11,0.15,0.11,0.14,19438900
HMPRO19C2609A,20260630,0.13,0.19,0.13,0.18,6592700
HMPRO41C2609A,20260630,0.1,0.14,0.1,0.13,5013200
HMPRO41C2612T,20260630,0.16,0.19,0.16,0.19,7102000
HSCEI18P2608A,20260630,1.83,1.83,1.83,1.83,100
HSCEI18P2609A,20260630,0.91,0.91,0.91,0.91,100
HSCEI18P2610A,20260630,0.9,0.9,0.9,0.9,100
HSI18C2608A,20260630,0.04,0.04,0.01,0.01,55100
HSI18C2609A,20260630,0.11,0.11,0.11,0.11,106400
HSI18P2608A,20260630,1.61,1.61,1.61,1.61,100
HSI18P2609A,20260630,0.74,0.74,0.69,0.69,500
HSI18P2610A,20260630,0.73,0.73,0.69,0.69,300
HSI28C2607A,20260630,0.01,0.02,0.01,0.02,421800
HSI28C2607B,20260630,0.02,0.03,0.02,0.03,487900
HSI28C2607C,20260630,0.03,0.05,0.03,0.04,34162200
HSI28C2608A,20260630,0.06,0.06,0.06,0.06,1667300
HSI28C2608B,20260630,0.11,0.14,0.11,0.14,440500
HSI28C2608C,20260630,0.15,0.16,0.14,0.16,2683700
HSI28C2608D,20260630,0.21,0.25,0.21,0.25,23846200
HSI28C2608E,20260630,0.38,0.43,0.37,0.43,54945000
HSI28C2609A,20260630,0.06,0.07,0.06,0.07,1844500
HSI28C2609B,20260630,0.25,0.28,0.24,0.28,29883500
HSI28C2609C,20260630,0.14,0.16,0.14,0.16,1372500
HSI28C2609D,20260630,0.69,0.73,0.66,0.73,106413700
HSI28C2610A,20260630,0.18,0.2,0.17,0.19,1941100
HSI28C2610B,20260630,0.34,0.37,0.33,0.37,1830100
HSI28P2607A,20260630,0.42,0.43,0.37,0.37,58028200
HSI28P2607B,20260630,1.2,1.2,1.2,1.2,60000
HSI28P2608A,20260630,0.92,0.96,0.86,0.86,1137400
HSI28P2608B,20260630,2.12,2.12,2,2,1100
HSI28P2608C,20260630,0.42,0.42,0.38,0.38,979600
HSI28P2609A,20260630,0.91,0.94,0.89,0.89,8203500
HSI28P2609B,20260630,0.51,0.52,0.48,0.48,522100
HSI28P2610A,20260630,0.83,0.85,0.81,0.82,23727600
HSTECH18C2609A,20260630,0.26,0.26,0.24,0.26,41200
HSTECH28C2609A,20260630,0.21,0.21,0.2,0.2,297100
HSTECH28P2609A,20260630,0.75,0.75,0.71,0.72,11400
HUAHON41C2612A,20260630,1.32,1.37,1.27,1.32,187200
ICHI13C2609A,20260630,0.12,0.12,0.12,0.12,422600
ICHI19C2609T,20260630,0.14,0.14,0.14,0.14,906000
IRPC01C2607A,20260630,0.6,0.6,0.58,0.58,174400
IRPC01C2609A,20260630,0.38,0.39,0.35,0.35,4662500
IRPC01C2609B,20260630,0.2,0.2,0.18,0.18,2565800
IRPC01C2703T,20260630,0.14,0.15,0.14,0.14,72200
IRPC01P2610A,20260630,0.28,0.3,0.28,0.29,3593200
IRPC13C2608A,20260630,0.47,0.48,0.41,0.42,1358200
IRPC13C2608B,20260630,0.15,0.16,0.13,0.13,4388300
IRPC13C2609A,20260630,0.18,0.18,0.17,0.17,2489900
IRPC13C2611A,20260630,0.48,0.5,0.46,0.46,26042500
IRPC13P2610A,20260630,0.24,0.25,0.24,0.25,2670900
IRPC19C2609T,20260630,0.54,0.54,0.48,0.48,553100
IRPC41C2609A,20260630,0.17,0.17,0.16,0.16,2160000
IRPC41C2702T,20260630,0.17,0.17,0.17,0.17,600000
IRPC41C2703T,20260630,0.7,0.7,0.67,0.67,400000
ITC19C2609T,20260630,0.15,0.15,0.14,0.15,1101800
IVL01C2609A,20260630,0.38,0.41,0.37,0.39,6345100
IVL01C2609B,20260630,0.05,0.05,0.04,0.04,29000
IVL01C2610A,20260630,0.25,0.27,0.25,0.26,8856200
IVL01C2706T,20260630,0.24,0.24,0.24,0.24,65000
IVL01P2609A,20260630,0.18,0.18,0.15,0.16,5138800
IVL01P2610A,20260630,0.37,0.37,0.34,0.35,4213200
IVL13C2607A,20260630,0.01,0.01,0.01,0.01,82600
IVL13C2608A,20260630,0.13,0.15,0.12,0.13,3275300
IVL13C2609A,20260630,0.17,0.19,0.17,0.18,2530100
IVL13C2611A,20260630,0.43,0.47,0.43,0.45,12884700
IVL13P2608A,20260630,0.1,0.1,0.09,0.09,1106700
IVL13P2611A,20260630,0.66,0.67,0.62,0.64,4378500
IVL19C2607A,20260630,0.01,0.01,0.01,0.01,426000
IVL19C2610A,20260630,0.26,0.29,0.26,0.27,13273000
IVL19C2611A,20260630,0.43,0.47,0.43,0.45,19778500
IVL19P2608A,20260630,0.13,0.13,0.12,0.12,2630200
IVL41C2609A,20260630,0.16,0.18,0.16,0.18,3720000
IVL41C2611A,20260630,0.41,0.46,0.41,0.44,9160000
IVL41C2702T,20260630,0.31,0.33,0.31,0.32,3240600
JAS13C2609A,20260630,0.12,0.12,0.1,0.1,1102500
JAS13C2611A,20260630,0.18,0.18,0.16,0.16,1143400
JAS19C2611A,20260630,0.2,0.2,0.19,0.19,739400
JAS19C2701T,20260630,0.27,0.27,0.26,0.26,334800
JAS41C2611T,20260630,0.07,0.07,0.07,0.07,500000
JAS41C2703T,20260630,0.19,0.19,0.19,0.19,60000
JD41C2612A,20260630,0.21,0.22,0.21,0.22,1000
JMART01C2608A,20260630,0.23,0.25,0.21,0.21,4828500
JMART01C2610A,20260630,0.67,0.71,0.62,0.64,3725900
JMART01C2611A,20260630,0.14,0.14,0.12,0.13,4731700
JMART01C2705T,20260630,0.48,0.49,0.46,0.46,2677900
JMART01C2709T,20260630,0.34,0.35,0.33,0.33,2818800
JMART13C2608A,20260630,0.23,0.25,0.2,0.21,4678500
JMART13C2610A,20260630,0.5,0.52,0.45,0.47,38333600
JMART13C2611A,20260630,0.19,0.2,0.18,0.18,15469100
JMART19C2612A,20260630,0.53,0.55,0.5,0.51,14021500
JMART41C2609T,20260630,0.21,0.21,0.18,0.19,14300000
JMART41C2611A,20260630,0.17,0.18,0.16,0.16,3960000
JMART41C2703T,20260630,0.51,0.51,0.48,0.48,6302000
JMART41C2706T,20260630,0.35,0.35,0.35,0.35,2400000
JMT01C2608A,20260630,0.1,0.11,0.08,0.08,10460000
JMT01C2610A,20260630,0.26,0.28,0.24,0.24,6454000
JMT01C2611A,20260630,0.24,0.24,0.21,0.21,8060800
JMT01C2701T,20260630,0.49,0.51,0.46,0.46,5235200
JMT13C2607A,20260630,0.26,0.26,0.18,0.18,2500
JMT13C2608A,20260630,0.15,0.17,0.13,0.14,6808300
JMT13C2610A,20260630,0.3,0.33,0.28,0.28,13633300
JMT13C2610B,20260630,0.81,0.81,0.81,0.81,1000
JMT13C2701T,20260630,0.41,0.41,0.4,0.4,283000
JMT19C2608A,20260630,0.14,0.15,0.12,0.12,7772300
JMT19C2611A,20260630,0.31,0.33,0.28,0.29,11273500
JMT41C2608A,20260630,0.16,0.16,0.13,0.13,450000
JMT41C2610A,20260630,0.29,0.31,0.29,0.31,3656700
JMT41C2611T,20260630,0.17,0.18,0.16,0.16,5772600
JMT41C2703T,20260630,0.71,0.74,0.7,0.74,3780000
KBANK01C2607A,20260630,0.2,0.22,0.18,0.18,1362600
KBANK01C2608A,20260630,0.13,0.14,0.13,0.13,354000
KBANK01C2609A,20260630,1.09,1.09,1.09,1.09,496000
KBANK01C2610A,20260630,0.8,0.8,0.8,0.8,988500
KBANK01C2611A,20260630,0.28,0.3,0.28,0.29,3448900
KBANK01C2702T,20260630,0.34,0.35,0.34,0.35,472500
KBANK01P2607A,20260630,0.01,0.01,0.01,0.01,160000
KBANK01P2610A,20260630,0.19,0.2,0.19,0.2,42300
KBANK01P2612A,20260630,0.49,0.5,0.49,0.49,936100
KBANK13C2607A,20260630,0.01,0.01,0.01,0.01,205000
KBANK13C2607B,20260630,0.01,0.01,0.01,0.01,420000
KBANK13C2609A,20260630,0.99,0.99,0.99,0.99,30000
KBANK13C2610A,20260630,0.34,0.35,0.34,0.35,7936000
KBANK13C2704T,20260630,0.3,0.31,0.3,0.31,7108400
KBANK13P2607A,20260630,0.01,0.01,0.01,0.01,330000
KBANK13P2611A,20260630,0.39,0.39,0.37,0.38,3328900
KBANK19C2608A,20260630,0.11,0.11,0.11,0.11,2587200
KBANK19C2701T,20260630,0.39,0.39,0.39,0.39,393600
KBANK41C2609T,20260630,1,1.01,1,1,1050000
KBANK41C2610A,20260630,0.32,0.35,0.32,0.33,281900
KBANK41C2703T,20260630,0.59,0.6,0.59,0.59,6150000
KCE01C2610A,20260630,0.39,0.52,0.39,0.52,10214000
KCE01C2705T,20260630,0.36,0.41,0.36,0.41,8976300
KCE13C2607A,20260630,4.2,4.4,4.2,4.4,6700
KCE13C2608A,20260630,1.82,2.32,1.82,2.32,1900
KCE13C2609A,20260630,0.7,0.88,0.7,0.88,1266700
KCE13C2609B,20260630,0.44,0.59,0.44,0.57,5982000
KCE13C2610A,20260630,0.33,0.42,0.33,0.42,35160300
KCE13C2703T,20260630,0.42,0.49,0.42,0.48,9341200
KCE13P2608A,20260630,0.01,0.01,0.01,0.01,3376000
KCE13P2609A,20260630,0.04,0.05,0.04,0.05,421100
KCE13P2610A,20260630,0.22,0.22,0.16,0.16,11730100
KCE19C2608A,20260630,4.38,4.38,4.38,4.38,4300
KCE19C2609A,20260630,0.91,0.91,0.91,0.91,100
KCE19C2609B,20260630,0.62,0.62,0.62,0.62,100
KCE19C2610A,20260630,0.39,0.51,0.39,0.5,9357900
KCE19C2611A,20260630,0.31,0.4,0.31,0.4,12464500
KCE19P2609A,20260630,0.04,0.04,0.04,0.04,121400
KCE19P2610A,20260630,0.17,0.17,0.15,0.15,2474100
KCE41C2609A,20260630,0.76,0.88,0.76,0.87,2700100
KCE41C2609B,20260630,0.47,0.56,0.47,0.54,3090100
KCE41C2609T,20260630,1.94,2.02,1.94,2.02,400
KCE41C2610A,20260630,0.32,0.41,0.32,0.39,7200000
KCE41C2702T,20260630,0.47,0.56,0.47,0.56,22678000
KKP01C2607A,20260630,1.99,1.99,1.95,1.99,175300
KKP01C2610A,20260630,1.29,1.3,1.27,1.27,410000
KKP01C2612A,20260630,1.02,1.06,1.02,1.02,1039200
KKP01P2609A,20260630,0.01,0.02,0.01,0.02,200
KKP01P2612A,20260630,0.44,0.45,0.44,0.45,3017000
KKP13C2609A,20260630,1.05,1.05,1.05,1.05,15000
KKP13C2610A,20260630,0.73,0.79,0.73,0.75,422000
KKP13C2611A,20260630,0.4,0.41,0.4,0.4,2439400
KKP13P2609A,20260630,0.02,0.02,0.01,0.01,311000
KKP13P2611A,20260630,0.42,0.42,0.41,0.42,2177000
KKP19C2701T,20260630,0.48,0.49,0.48,0.48,5980100
KQ15018C2609A,20260630,0.68,0.68,0.65,0.65,200
KQ15018C2609B,20260630,0.96,0.96,0.92,0.92,200
KQ15018C2609C,20260630,0.25,0.26,0.25,0.26,400
KQ15018P2609A,20260630,1.36,1.36,1.36,1.36,100
KS20018C2609A,20260630,1.77,1.9,1.77,1.9,300
KS20018C2609B,20260630,2.48,2.48,2.48,2.48,100
KS20018C2609C,20260630,0.89,0.98,0.77,0.88,81700
KS20018P2609A,20260630,0.38,0.4,0.35,0.4,1644100
KS20018P2609B,20260630,0.64,0.66,0.59,0.66,704400
KTB01C2608A,20260630,0.3,0.33,0.3,0.33,666900
KTB01C2611A,20260630,0.22,0.25,0.21,0.24,1622700
KTB01C2701T,20260630,0.42,0.45,0.42,0.45,863200
KTB01P2612A,20260630,0.22,0.22,0.2,0.2,2000000
KTB13C2608A,20260630,0.16,0.19,0.15,0.18,4196100
KTB13C2611A,20260630,0.26,0.29,0.25,0.28,3034500
KTB13P2611A,20260630,0.18,0.18,0.18,0.18,400000
KTB19C2701T,20260630,0.33,0.34,0.33,0.34,91400
KTB41C2608A,20260630,0.15,0.17,0.15,0.17,350000
KTB41C2612T,20260630,0.6,0.6,0.6,0.6,1000
KTB41C2702T,20260630,0.26,0.26,0.26,0.26,37000
KTC01C2607A,20260630,0.12,0.14,0.12,0.14,2008700
KTC01C2609T,20260630,0.18,0.19,0.18,0.19,3513100
KTC01C2612A,20260630,0.28,0.29,0.28,0.28,1821800
KTC13C2610A,20260630,0.28,0.3,0.28,0.3,5594200
KTC13C2701T,20260630,0.34,0.35,0.34,0.35,300
KTC13C2704T,20260630,0.24,0.25,0.24,0.25,1000000
KTC19C2609T,20260630,0.21,0.22,0.21,0.22,864900
KTC41C2609T,20260630,0.21,0.21,0.21,0.21,271000
KTC41C2610A,20260630,0.26,0.29,0.26,0.29,856000
KTC41C2612T,20260630,0.32,0.32,0.32,0.32,900000
KUAISH28C2610A,20260630,0.16,0.2,0.16,0.2,1100000
KUAISH41C2609T,20260630,0.09,0.11,0.09,0.1,700
KUAISH41P2612A,20260630,0.35,0.35,0.31,0.32,1500
LENOVO41C2612A,20260630,0.3,0.33,0.3,0.33,2100
M01C2611A,20260630,0.36,0.39,0.35,0.39,2311200
M01C2705T,20260630,0.44,0.45,0.43,0.45,1706800
M13C2608B,20260630,0.2,0.23,0.19,0.22,1870600
M13C2610A,20260630,0.28,0.3,0.27,0.3,3204700
M19C2609T,20260630,0.05,0.05,0.05,0.05,100000
M19C2610A,20260630,0.32,0.35,0.31,0.34,3325600
M41C2612T,20260630,0.24,0.26,0.24,0.25,2130000
MCA5041C2609A,20260630,0.28,0.29,0.28,0.29,124100
MCA5041P2609A,20260630,0.46,0.46,0.45,0.45,2000
MEGA01C2702T,20260630,0.2,0.22,0.2,0.22,3342300
MEGA13C2608A,20260630,0.03,0.03,0.03,0.03,10000
MEITUA28C2609A,20260630,0.1,0.11,0.1,0.11,650000
MEITUA41C2609A,20260630,0.09,0.1,0.09,0.1,151000
MINT01C2612A,20260630,0.57,0.61,0.57,0.6,221000
MINT01C2706T,20260630,0.29,0.29,0.28,0.28,1748600
MINT01P2609A,20260630,0.1,0.1,0.1,0.1,5648600
MINT13C2608A,20260630,0.17,0.18,0.17,0.17,1421200
MINT13C2608B,20260630,0.26,0.28,0.26,0.26,4238600
MINT13C2609A,20260630,0.56,0.6,0.54,0.55,13735900
MINT13C2611A,20260630,0.2,0.21,0.2,0.2,1982200
MINT13C2704T,20260630,0.2,0.2,0.2,0.2,600000
MINT13P2610A,20260630,0.15,0.15,0.15,0.15,975600
MINT19C2610A,20260630,0.53,0.55,0.52,0.52,3769900
MINT19C2611A,20260630,0.2,0.21,0.2,0.2,12063000
MINT41C2608A,20260630,0.16,0.18,0.16,0.16,1500000
MINT41C2612T,20260630,0.09,0.09,0.09,0.09,900
MTC01C2610A,20260630,0.18,0.21,0.18,0.2,4426700
MTC01C2706T,20260630,0.24,0.25,0.24,0.25,625700
MTC01P2610A,20260630,0.15,0.15,0.14,0.14,8399000
MTC13C2608A,20260630,0.09,0.11,0.09,0.1,5668100
MTC13C2610A,20260630,0.26,0.28,0.25,0.28,10327800
MTC13P2610A,20260630,0.15,0.15,0.14,0.14,2099400
MTC19C2608A,20260630,0.07,0.08,0.07,0.08,1602000
MTC19C2610A,20260630,0.24,0.27,0.24,0.26,7184300
MTC41C2610A,20260630,0.25,0.27,0.24,0.27,2192500
MTC41C2612T,20260630,0.21,0.22,0.21,0.22,3405000
NDX28C2609A,20260630,1.86,1.86,1.86,1.86,500
NDX28C2609B,20260630,0.78,0.83,0.77,0.8,1278400
NDX28P2609A,20260630,0.37,0.37,0.35,0.36,444500
NDX28P2609B,20260630,0.61,0.61,0.61,0.61,5000
NDX41C2609A,20260630,0.91,0.97,0.91,0.93,2460500
NDX41C2609B,20260630,0.3,0.32,0.3,0.3,574100
NDX41P2609A,20260630,0.44,0.44,0.43,0.44,351500
NDX41P2609B,20260630,0.85,0.85,0.85,0.85,16000
NIKKEI18C2609A,20260630,1.39,1.39,1.32,1.34,2700
NIKKEI18C2609B,20260630,0.72,0.76,0.71,0.71,90700
NIKKEI18C2609C,20260630,0.6,0.62,0.58,0.58,833500
NIKKEI18P2609A,20260630,0.18,0.19,0.17,0.19,48900
NIKKEI18P2609B,20260630,0.33,0.35,0.33,0.35,8100
NIKKEI28C2609B,20260630,1.91,1.98,1.91,1.97,80300
NIKKEI28C2609C,20260630,1.37,1.42,1.37,1.42,7100
NIKKEI28C2609D,20260630,0.96,1.03,0.93,0.94,10752100
NIKKEI28C2612A,20260630,0.51,0.53,0.5,0.5,283600
NIKKEI28C2612B,20260630,0.78,0.81,0.78,0.79,1300
NIKKEI28C2612C,20260630,1.17,1.2,1.16,1.16,2300
NIKKEI28C2612D,20260630,1.69,1.73,1.69,1.69,700
NIKKEI28P2609A,20260630,0.56,0.57,0.53,0.57,5367100
NIKKEI28P2609B,20260630,0.39,0.39,0.37,0.39,2800
NIKKEI28P2609C,20260630,0.23,0.23,0.23,0.23,100
NIKKEI28P2609D,20260630,0.16,0.16,0.16,0.16,50100
NIKKEI28P2612A,20260630,1.59,1.59,1.59,1.59,100
NIKKEI28P2612B,20260630,1.08,1.08,1.06,1.08,1000100
NIKKEI28P2612D,20260630,0.45,0.46,0.45,0.46,6000
NIKKEI41C2609B,20260630,2.06,2.06,2.06,2.06,100
NIKKEI41C2609C,20260630,1.87,1.99,1.86,1.86,2600
NIKKEI41C2612A,20260630,1.43,1.43,1.43,1.43,100
NIKKEI41C2612B,20260630,1.06,1.06,1.06,1.06,100
NIKKEI41C2612C,20260630,0.73,0.75,0.72,0.72,28200
NIKKEI41P2609C,20260630,0.15,0.15,0.15,0.15,1200
NIKKEI41P2612A,20260630,0.72,0.73,0.7,0.73,25000
NIKKEI41P2612B,20260630,0.96,0.96,0.93,0.94,92100
OR01C2609A,20260630,0.13,0.14,0.13,0.14,4131600
OR01C2705T,20260630,0.2,0.2,0.2,0.2,500000
OR13C2608A,20260630,0.02,0.02,0.02,0.02,100
OR13C2608B,20260630,0.07,0.07,0.07,0.07,600000
OR13C2611A,20260630,0.22,0.25,0.22,0.24,4325300
OR19C2608A,20260630,0.07,0.08,0.07,0.08,400000
OR19C2611A,20260630,0.23,0.25,0.23,0.25,2245400
OR41C2608T,20260630,0.11,0.12,0.11,0.12,1200000
OSP01C2609A,20260630,0.41,0.41,0.37,0.38,1913600
OSP01C2612A,20260630,0.34,0.34,0.32,0.32,1902300
OSP13C2608A,20260630,0.22,0.22,0.2,0.2,1838300
OSP13C2611A,20260630,0.32,0.32,0.3,0.31,1357400
OSP41C2701T,20260630,0.4,0.4,0.39,0.39,2600000
PLANB13C2607A,20260630,0.18,0.29,0.14,0.21,732900
PLANB13C2608A,20260630,0.11,0.14,0.1,0.12,5833400
PLANB13C2608B,20260630,0.03,0.03,0.03,0.03,20000
PLANB13C2610A,20260630,0.52,0.62,0.5,0.56,17057300
PLANB19C2608A,20260630,0.46,0.6,0.43,0.51,2881200
PLANB19C2611A,20260630,0.48,0.56,0.46,0.52,5858600
PLANB41C2610A,20260630,0.51,0.6,0.51,0.54,9450100
PLANB41C2612T,20260630,0.18,0.2,0.18,0.19,10800000
POPMAR28C2610A,20260630,0.2,0.21,0.2,0.21,1380400
POPMAR41C2609T,20260630,0.24,0.26,0.24,0.25,1400
POPMAR41C2610A,20260630,0.26,0.27,0.26,0.27,1300
PR913C2608A,20260630,0.03,0.03,0.03,0.03,1000
PR913C2610A,20260630,0.35,0.36,0.32,0.33,4082500
PR941C2702T,20260630,0.35,0.35,0.34,0.34,3000000
PRM01C2609A,20260630,0.29,0.3,0.29,0.29,1287300
PRM01C2702T,20260630,0.38,0.38,0.38,0.38,588100
PRM13C2608A,20260630,0.17,0.17,0.17,0.17,1494200
PRM19C2701T,20260630,0.47,0.48,0.47,0.48,2922500
PRM41C2612T,20260630,0.6,0.61,0.6,0.61,1500000
PTG01C2611A,20260630,0.15,0.15,0.15,0.15,2322400
PTG13C2610A,20260630,0.15,0.15,0.15,0.15,3002900
PTT01C2705T,20260630,0.17,0.18,0.17,0.18,200
PTT13C2608A,20260630,0.02,0.03,0.02,0.03,10100
PTT13C2609A,20260630,0.09,0.1,0.09,0.09,2020100
PTT13C2701T,20260630,0.22,0.24,0.22,0.24,8000
PTT19C2612T,20260630,0.28,0.3,0.28,0.3,47400
PTT19C2701T,20260630,0.18,0.19,0.18,0.19,261800
PTTEP01C2608A,20260630,0.04,0.06,0.04,0.06,400200
PTTEP01C2609A,20260630,0.04,0.05,0.04,0.05,213100
PTTEP01C2611A,20260630,0.22,0.23,0.21,0.23,2334900
PTTEP01C2612A,20260630,0.42,0.45,0.41,0.45,5222200
PTTEP01C2703T,20260630,0.3,0.31,0.29,0.31,3012500
PTTEP01P2607A,20260630,0.01,0.01,0.01,0.01,950000
PTTEP01P2608A,20260630,0.27,0.27,0.23,0.23,1965800
PTTEP01P2610A,20260630,0.86,0.87,0.81,0.81,791000
PTTEP01P2612A,20260630,0.75,0.76,0.73,0.73,1821200
PTTEP01P2703T,20260630,0.56,0.56,0.55,0.55,1761600
PTTEP13C2608A,20260630,0.08,0.1,0.08,0.1,1167500
PTTEP13C2608B,20260630,0.03,0.04,0.03,0.04,500600
PTTEP13C2611A,20260630,0.24,0.26,0.22,0.26,9762600
PTTEP13C2611B,20260630,0.4,0.43,0.37,0.43,8763900
PTTEP13P2607A,20260630,0.02,0.02,0.01,0.01,109700
PTTEP13P2609A,20260630,0.57,0.6,0.54,0.54,3235200
PTTEP19C2608A,20260630,0.04,0.04,0.04,0.04,98000
PTTEP19C2701T,20260630,0.27,0.28,0.25,0.28,1888900
PTTEP41C2609T,20260630,0.59,0.62,0.59,0.62,1650300
PTTEP41C2611A,20260630,0.23,0.24,0.21,0.24,6100000
PTTEP41C2703T,20260630,0.25,0.26,0.24,0.26,8900000
PTTGC01C2607A,20260630,0.02,0.02,0.02,0.02,100
PTTGC01C2609A,20260630,0.07,0.07,0.07,0.07,34000
PTTGC01C2611A,20260630,0.21,0.21,0.2,0.21,4073500
PTTGC01C2704T,20260630,0.21,0.21,0.21,0.21,1214200
PTTGC01P2610A,20260630,0.38,0.38,0.37,0.38,90000
PTTGC13C2608A,20260630,0.11,0.11,0.11,0.11,1044600
PTTGC13C2609A,20260630,0.1,0.1,0.1,0.1,820000
PTTGC13C2611A,20260630,0.26,0.26,0.25,0.25,5470400
PTTGC13C2704T,20260630,0.27,0.27,0.27,0.27,2283200
PTTGC13P2610A,20260630,0.36,0.36,0.35,0.35,1600
PTTGC13P2611A,20260630,0.29,0.29,0.29,0.29,328700
PTTGC19C2608A,20260630,0.21,0.22,0.2,0.22,910700
PTTGC19C2609A,20260630,0.11,0.11,0.11,0.11,7188800
PTTGC19C2611A,20260630,0.24,0.25,0.23,0.25,3376600
PTTGC41C2609A,20260630,0.09,0.09,0.09,0.09,300000
PTTGC41C2611A,20260630,0.23,0.23,0.23,0.23,1560000
PTTGC41C2611T,20260630,0.24,0.25,0.24,0.24,658100
PTTGC41C2612T,20260630,0.52,0.52,0.52,0.52,1500000
PTTGC41C2702T,20260630,0.2,0.2,0.2,0.2,300000
RCL01C2608A,20260630,0.11,0.11,0.11,0.11,10800
RCL01C2610T,20260630,0.35,0.35,0.34,0.34,474200
RCL01C2612A,20260630,0.23,0.23,0.22,0.22,1015800
RCL13C2608A,20260630,0.07,0.07,0.06,0.06,352200
RCL13C2610A,20260630,0.26,0.26,0.24,0.24,741800
RCL19C2609A,20260630,0.13,0.13,0.12,0.12,2373300
RCL41C2610A,20260630,0.23,0.23,0.22,0.22,1160000
SAWAD01C2607A,20260630,0.01,0.01,0.01,0.01,10000
SAWAD01C2609A,20260630,0.04,0.04,0.04,0.04,5400
SAWAD01C2609B,20260630,0.17,0.2,0.16,0.18,7839300
SAWAD01C2611A,20260630,0.44,0.47,0.41,0.45,11347500
SAWAD01P2608A,20260630,0.08,0.08,0.08,0.08,12400
SAWAD01P2611A,20260630,0.44,0.46,0.42,0.43,5178500
SAWAD13C2607B,20260630,0.01,0.01,0.01,0.01,403000
SAWAD13C2609A,20260630,0.16,0.18,0.15,0.18,14948200
SAWAD13C2610A,20260630,0.4,0.44,0.37,0.41,13664000
SAWAD13P2608A,20260630,0.03,0.03,0.03,0.03,5000
SAWAD13P2611A,20260630,0.52,0.53,0.49,0.5,5881500
SAWAD19C2608A,20260630,0.04,0.04,0.04,0.04,3000
SAWAD19C2610A,20260630,0.29,0.32,0.28,0.31,23181600
SAWAD19C2611A,20260630,0.6,0.64,0.57,0.62,7698100
SAWAD41C2609A,20260630,0.15,0.17,0.14,0.16,7920000
SAWAD41C2610A,20260630,0.38,0.41,0.35,0.39,12065000
SAWAD41C2610T,20260630,0.19,0.19,0.19,0.19,350000
SCB01C2607A,20260630,0.11,0.11,0.11,0.11,229200
SCB01C2608A,20260630,0.1,0.1,0.1,0.1,1595200
SCB01C2610A,20260630,0.41,0.43,0.41,0.43,8066500
SCB01C2703T,20260630,0.35,0.36,0.35,0.36,501100
SCB01P2610A,20260630,0.18,0.18,0.17,0.17,120000
SCB01P2612A,20260630,0.64,0.64,0.61,0.62,4903000
SCB13C2609A,20260630,0.29,0.32,0.29,0.32,32100300
SCB13P2611A,20260630,0.4,0.4,0.38,0.38,14848800
SCB19C2612T,20260630,0.43,0.46,0.43,0.46,3421300
SCB41C2609A,20260630,0.28,0.3,0.28,0.3,1615000
SCB41C2609T,20260630,0.63,0.65,0.63,0.65,1263300
SCC01C2607A,20260630,0.03,0.03,0.03,0.03,40100
SCC01C2609A,20260630,1.54,1.54,1.48,1.51,348900
SCC01C2609B,20260630,0.54,0.54,0.52,0.53,976300
SCC01C2610A,20260630,0.49,0.49,0.46,0.47,3166500
SCC01C2704T,20260630,0.5,0.5,0.5,0.5,522100
SCC01P2610A,20260630,0.21,0.21,0.2,0.2,1047100
SCC13C2609A,20260630,0.26,0.26,0.25,0.25,11590500
SCC13P2609A,20260630,0.09,0.09,0.09,0.09,500
SCC19C2610A,20260630,0.39,0.39,0.38,0.38,4184000
SCC41C2609A,20260630,0.24,0.24,0.23,0.24,1760000
SCC41C2611T,20260630,0.3,0.31,0.3,0.31,300300
SCGP01C2608A,20260630,0.95,1,0.95,1,442300
SCGP01C2609A,20260630,1.56,1.62,1.56,1.62,172400
SCGP01C2610A,20260630,0.22,0.23,0.22,0.23,4670900
SCGP01C2706T,20260630,0.49,0.5,0.49,0.5,3171800
SCGP01P2610A,20260630,0.13,0.13,0.12,0.13,943500
SCGP01P2612A,20260630,0.4,0.4,0.39,0.39,2213100
SCGP13C2609A,20260630,0.2,0.2,0.19,0.2,7994800
SCGP13P2609A,20260630,0.07,0.07,0.06,0.06,391400
SCGP13P2611A,20260630,0.33,0.33,0.31,0.31,3581900
SCGP19C2610A,20260630,0.29,0.3,0.29,0.3,1514100
SCGP41C2609A,20260630,0.18,0.19,0.18,0.19,3000000
SCGP41C2706T,20260630,0.31,0.32,0.31,0.32,6766500
SET01C2607A,20260630,1.13,1.45,1.06,1.38,47100
SET01C2607B,20260630,0.02,0.02,0.01,0.02,269800
SET01C2608A,20260630,0.72,0.82,0.71,0.81,380800
SET01C2610A,20260630,0.77,0.88,0.76,0.88,1639800
SET01C2611A,20260630,0.48,0.55,0.47,0.54,2268000
SET01C2703T,20260630,0.87,0.91,0.86,0.91,77200
SET01C2706L,20260630,2.08,2.12,2.08,2.12,6300
SET01P2607A,20260630,0.02,0.02,0.01,0.01,977400
SET01P2607B,20260630,0.01,0.02,0.01,0.02,600100
SET01P2608A,20260630,0.05,0.06,0.04,0.05,545300
SET01P2610A,20260630,0.3,0.31,0.27,0.27,2498000
SET01P2611A,20260630,0.58,0.58,0.51,0.51,295200
SET01P2706L,20260630,1.29,1.29,1.25,1.25,7000
SET5001C2607A,20260630,0.29,0.43,0.29,0.41,562900
SET5001C2607B,20260630,0.01,0.01,0.01,0.01,501100
SET5001C2607C,20260630,0.09,0.1,0.09,0.1,215800
SET5001C2608A,20260630,0.54,0.61,0.54,0.6,3258600
SET5001C2609F,20260630,0.78,0.95,0.78,0.94,9292600
SET5001C2609G,20260630,0.37,0.47,0.37,0.47,9190200
SET5001P2607A,20260630,0.01,0.01,0.01,0.01,148100
SET5001P2607B,20260630,0.01,0.01,0.01,0.01,1100000
SET5001P2607C,20260630,0.01,0.01,0.01,0.01,84200
SET5001P2608A,20260630,0.09,0.09,0.07,0.08,314900
SET5001P2609F,20260630,0.25,0.25,0.2,0.2,2748200
SET5001P2609G,20260630,0.42,0.43,0.37,0.37,2208400
SET5001P2610A,20260630,0.43,0.44,0.39,0.4,1983600
SET5013C2609A,20260630,0.77,0.98,0.77,0.96,285410600
SET5013C2609B,20260630,0.54,0.68,0.53,0.66,224043400
SET5013C2609C,20260630,0.36,0.47,0.36,0.46,156955900
SET5013C2609D,20260630,1.19,1.53,1.19,1.49,104217500
SET5013P2609A,20260630,0.21,0.21,0.17,0.17,34701200
SET5013P2609B,20260630,0.29,0.29,0.23,0.23,126863300
SET5013P2609C,20260630,0.43,0.43,0.35,0.35,82208000
SET5013P2609D,20260630,0.65,0.65,0.53,0.54,277439300
SET5013P2609E,20260630,0.84,0.85,0.7,0.71,289688300
SET5013P2609F,20260630,1.27,1.27,1.06,1.07,50245900
SET5013P2609X,20260630,2.32,2.32,2.22,2.22,2004500
SET5019C2609A,20260630,0.52,0.7,0.52,0.69,18165400
SET5019C2609B,20260630,0.41,0.54,0.41,0.53,31830000
SET5019P2609A,20260630,0.48,0.48,0.4,0.4,45893300
SET5019P2609B,20260630,0.32,0.33,0.26,0.27,14038800
SET5019P2609C,20260630,0.51,0.51,0.41,0.42,12721400
SET5019P2609D,20260630,0.73,0.74,0.6,0.61,27141200
SET5041C2609A,20260630,0.77,0.98,0.77,0.97,16102800
SET5041C2609B,20260630,0.53,0.67,0.53,0.67,7563900
SET5041C2609C,20260630,0.37,0.46,0.37,0.46,2113200
SET5041C2609D,20260630,1.16,1.16,1.16,1.16,100
SET5041C2609T,20260630,1.25,1.35,1.25,1.34,7251100
SET5041C2609U,20260630,0.36,0.38,0.36,0.38,139400
SET5041P2609A,20260630,0.18,0.18,0.16,0.16,19100
SET5041P2609B,20260630,0.22,0.22,0.21,0.21,200
SET5041P2609C,20260630,0.4,0.41,0.34,0.34,485700
SET5041P2609D,20260630,0.6,0.6,0.51,0.52,41004100
SET5041P2609E,20260630,0.75,0.75,0.63,0.63,12666300
SET5041P2609F,20260630,1.21,1.21,1.03,1.03,400
SET5041P2609T,20260630,0.08,0.08,0.08,0.08,27000
SISB13C2611A,20260630,0.43,0.43,0.41,0.41,3020200
SJWD13C2608A,20260630,0.1,0.1,0.09,0.09,805600
SPALI41C2609T,20260630,0.1,0.1,0.1,0.1,300000
SPRC01C2607A,20260630,0.02,0.02,0.02,0.02,50000
SPRC01C2610A,20260630,0.23,0.24,0.21,0.24,5962300
SPRC01C2703T,20260630,0.25,0.25,0.25,0.25,1524800
SPRC13C2608A,20260630,0.06,0.06,0.06,0.06,200
SPRC13C2609A,20260630,0.24,0.24,0.22,0.24,4651400
SPRC13C2704T,20260630,0.3,0.3,0.3,0.3,1520900
SPRC19C2609A,20260630,0.26,0.26,0.24,0.26,9358800
SPRC41C2612T,20260630,0.61,0.63,0.61,0.63,3500000
SPRC41C2706T,20260630,0.32,0.32,0.32,0.32,3000000
SPX28C2609A,20260630,1.09,1.09,1.09,1.09,300
SPX28C2609B,20260630,0.44,0.44,0.44,0.44,2000000
SPX28P2609A,20260630,0.4,0.41,0.4,0.41,200
SPX41C2609A,20260630,0.56,0.59,0.56,0.58,664400
SPX41P2609A,20260630,0.4,0.4,0.38,0.39,96200
STA01C2607A,20260630,0.12,0.12,0.12,0.12,100
STA01C2609A,20260630,0.13,0.14,0.13,0.14,1073500
STA01C2610A,20260630,0.1,0.1,0.1,0.1,1286000
STA13C2608A,20260630,0.19,0.2,0.19,0.2,3115400
STA13C2610A,20260630,0.13,0.13,0.13,0.13,384600
STA13C2611A,20260630,0.28,0.29,0.28,0.28,1490900
STA19C2610A,20260630,0.14,0.15,0.14,0.15,546200
STA19C2612A,20260630,0.45,0.48,0.45,0.47,1857000
STA41C2611A,20260630,0.26,0.28,0.26,0.28,4440000
STA41C2612T,20260630,0.27,0.28,0.27,0.28,1200300
STA41C2702T,20260630,0.12,0.12,0.12,0.12,100000
STECON01C2609A,20260630,0.58,0.59,0.58,0.59,1418800
STECON01C2611A,20260630,0.46,0.47,0.43,0.43,6590900
STECON01P2611A,20260630,0.57,0.6,0.57,0.6,6186100
STECON13C2609A,20260630,0.71,0.71,0.66,0.66,16000
STECON13C2610A,20260630,0.48,0.48,0.43,0.43,11365700
STECON13P2611A,20260630,0.51,0.53,0.51,0.53,1355500
STECON19C2611A,20260630,0.52,0.52,0.5,0.5,16772000
STECON41C2610A,20260630,0.44,0.44,0.42,0.42,960000
STECON41C2706T,20260630,0.24,0.24,0.24,0.24,2700000
STGT01C2608A,20260630,0.18,0.18,0.17,0.18,810000
STGT01C2609A,20260630,0.08,0.08,0.08,0.08,200
STGT13C2607B,20260630,0.01,0.01,0.01,0.01,570000
STGT13C2610A,20260630,0.09,0.1,0.09,0.09,372800
STGT13C2611A,20260630,0.18,0.19,0.18,0.18,3608900
STGT19C2609A,20260630,0.16,0.17,0.16,0.16,1219200
SUNNY41C2610A,20260630,0.18,0.2,0.18,0.18,14300
TCAP13C2609A,20260630,0.43,0.5,0.43,0.5,7912000
TENCEN28C2610B,20260630,0.16,0.18,0.16,0.17,1080000
TENCEN28C2612A,20260630,0.36,0.41,0.35,0.4,3500000
TENCEN41C2610A,20260630,0.12,0.15,0.11,0.15,80500
TENCEN41C2612A,20260630,0.37,0.43,0.36,0.42,4200
TENCEN41P2610A,20260630,0.38,0.38,0.33,0.34,1300
TFG13C2608B,20260630,0.59,0.96,0.58,0.96,33900
TFG13C2609A,20260630,0.34,0.58,0.34,0.58,16700800
TFG13C2610A,20260630,0.16,0.25,0.15,0.25,18736900
TFG19C2610A,20260630,0.15,0.22,0.15,0.22,3911700
TFG19C2611A,20260630,0.43,0.47,0.43,0.47,14416400
TFG41C2608A,20260630,1.17,1.25,1.15,1.22,1200000
TFG41C2609A,20260630,0.34,0.57,0.34,0.57,5685000
TFG41C2610A,20260630,0.14,0.23,0.14,0.23,560000
TFG41C2612T,20260630,1.93,1.93,1.9,1.9,200000
TFG41C2701T,20260630,0.59,0.79,0.59,0.79,5950000
TIDLOR01C2608A,20260630,0.04,0.04,0.04,0.04,300
TIDLOR01C2609A,20260630,0.54,0.55,0.52,0.55,1808200
TIDLOR01C2610T,20260630,0.18,0.18,0.18,0.18,3989200
TIDLOR01C2611A,20260630,0.43,0.45,0.43,0.43,4008600
TIDLOR01C2706T,20260630,0.33,0.33,0.33,0.33,3382200
TIDLOR01P2608A,20260630,0.06,0.06,0.06,0.06,30000
TIDLOR01P2611A,20260630,0.39,0.39,0.38,0.38,4041600
TIDLOR13C2607A,20260630,0.01,0.01,0.01,0.01,11300
TIDLOR13C2608A,20260630,0.35,0.35,0.34,0.34,100600
TIDLOR13C2611A,20260630,0.45,0.45,0.43,0.44,6231800
TIDLOR13C2701T,20260630,0.34,0.34,0.34,0.34,3273600
TIDLOR13P2611A,20260630,0.61,0.61,0.6,0.61,1525200
TIDLOR19C2609T,20260630,0.15,0.15,0.15,0.15,7843400
TIDLOR19C2612T,20260630,0.51,0.52,0.5,0.51,11571500
TIDLOR41C2612T,20260630,0.23,0.24,0.23,0.23,3040000
TISCO13C2609A,20260630,0.15,0.16,0.15,0.15,4410400
TISCO13C2704T,20260630,0.26,0.26,0.26,0.26,1500
TLI01C2609A,20260630,0.21,0.23,0.2,0.23,1896600
TLI01C2611A,20260630,0.17,0.18,0.17,0.18,1004800
TLI13C2609A,20260630,0.21,0.24,0.21,0.23,1818300
TLI41C2609A,20260630,0.21,0.23,0.2,0.23,2130400
TOA01C2702T,20260630,0.29,0.3,0.29,0.3,1770900
TOA13C2611A,20260630,0.44,0.46,0.43,0.46,8715800
TOA19C2701T,20260630,0.45,0.47,0.44,0.47,2688600
TOP01C2610A,20260630,0.27,0.29,0.26,0.29,7304200
TOP01C2701T,20260630,0.34,0.35,0.33,0.35,4852600
TOP01P2609A,20260630,0.2,0.21,0.19,0.19,6322400
TOP01P2609B,20260630,0.18,0.18,0.17,0.17,9209200
TOP13C2607A,20260630,0.01,0.01,0.01,0.01,70000
TOP13C2608A,20260630,0.04,0.04,0.04,0.04,2000
TOP13C2609A,20260630,0.24,0.27,0.24,0.27,8861200
TOP13C2611A,20260630,0.46,0.49,0.45,0.49,10283800
TOP13P2612A,20260630,0.57,0.58,0.55,0.55,3324800
TOP19C2608A,20260630,0.09,0.09,0.09,0.09,100
TOP19C2612T,20260630,0.73,0.76,0.72,0.76,1044000
TOP41C2609A,20260630,0.23,0.25,0.22,0.25,5610000
TOP41C2609T,20260630,1.15,1.16,1.15,1.16,1500000
TOP41C2611T,20260630,0.57,0.59,0.57,0.59,1850000
TOP41C2703T,20260630,0.29,0.3,0.29,0.3,7800000
TRUE01C2610A,20260630,0.13,0.13,0.12,0.13,375900
TRUE01C2703T,20260630,0.21,0.21,0.21,0.21,470600
TRUE01P2608A,20260630,0.09,0.09,0.09,0.09,203000
TRUE01P2610A,20260630,0.27,0.28,0.27,0.27,1714900
TRUE13C2610A,20260630,0.14,0.14,0.13,0.13,804000
TRUE13C2611A,20260630,0.28,0.29,0.28,0.28,1831800
TRUE13P2608A,20260630,0.07,0.08,0.07,0.07,40200
TRUE13P2611A,20260630,0.42,0.42,0.41,0.42,1231200
TRUE19C2610A,20260630,0.14,0.14,0.13,0.13,262600
TRUE19C2611A,20260630,0.28,0.29,0.28,0.28,709000
TRUE41C2612T,20260630,0.22,0.23,0.22,0.22,1814000
TRUE41C2702T,20260630,0.16,0.16,0.16,0.16,50000
TTB01C2612A,20260630,0.14,0.15,0.14,0.15,116500
TTB13C2609A,20260630,0.2,0.22,0.2,0.22,245600
TU13C2607A,20260630,0.01,0.01,0.01,0.01,800
TU13C2611A,20260630,0.17,0.17,0.17,0.17,619200
TU19C2607A,20260630,0.01,0.01,0.01,0.01,1700
VGI01C2608A,20260630,0.02,0.02,0.02,0.02,4200
VGI01C2609A,20260630,0.13,0.13,0.11,0.11,1641700
VGI01C2611A,20260630,0.27,0.27,0.24,0.24,4710100
VGI01P2611A,20260630,0.26,0.27,0.25,0.27,1012200
VGI13C2609A,20260630,0.17,0.17,0.14,0.15,7360500
VGI13C2610A,20260630,0.17,0.17,0.14,0.16,2747400
VGI13P2611A,20260630,0.33,0.35,0.33,0.34,455300
VGI19C2607A,20260630,0.01,0.01,0.01,0.01,78300
VGI19C2607B,20260630,0.01,0.01,0.01,0.01,8000
VGI19C2609A,20260630,0.13,0.13,0.11,0.11,510600
VGI19C2610B,20260630,0.2,0.2,0.18,0.19,3490300
VGI19C2610T,20260630,0.04,0.04,0.04,0.04,500
VGI41C2607A,20260630,0.01,0.01,0.01,0.01,135200
VGI41C2608A,20260630,0.01,0.01,0.01,0.01,5000
VGI41C2610A,20260630,0.16,0.16,0.14,0.15,2282000
VGI41C2612T,20260630,0.01,0.02,0.01,0.02,300
VGI41C2703T,20260630,0.28,0.28,0.26,0.27,1840600
VN3018C2608A,20260630,0.35,0.35,0.35,0.35,20000
WHA01C2608A,20260630,0.38,0.4,0.38,0.38,350000
WHA01C2610T,20260630,0.97,0.97,0.94,0.94,57500
WHA01C2705T,20260630,0.34,0.35,0.34,0.34,996600
WHA01P2611A,20260630,0.22,0.22,0.22,0.22,222100
WHA13C2608A,20260630,0.46,0.52,0.46,0.52,4000
WHA13C2611A,20260630,0.21,0.24,0.21,0.22,2530400
WHA13P2611A,20260630,0.22,0.23,0.22,0.23,951400
WHA19C2701A,20260630,0.27,0.29,0.27,0.28,2460900
WHA41C2611A,20260630,0.2,0.21,0.2,0.21,300000
WHA41C2612T,20260630,0.54,0.55,0.54,0.54,900000
WHA41C2701T,20260630,0.8,0.83,0.8,0.83,20000
WUXI41C2609A,20260630,0.14,0.14,0.14,0.14,900
XIAOMI28C2612A,20260630,0.17,0.17,0.17,0.17,900000
A5-W5-O,20260630,0.02,0.04,0.02,0.04,2
ACC-W2-O,20260630,0.07,0.07,0.07,0.07,6
ASW-W3-O,20260630,0.7,0.85,0.51,0.79,398
B-W8-O,20260630,0.01,0.01,0.01,0.01,22
BC-W4-O,20260630,0.06,0.06,0.06,0.06,1
BR-W1-O,20260630,0.01,0.01,0.01,0.01,4
BTS-W8-O,20260630,0.01,0.01,0.01,0.01,14
BWG-W7-O,20260630,0.01,0.02,0.01,0.02,198
BWG-W8-O,20260630,0.03,0.03,0.02,0.03,794
CAZ-W1-O,20260630,1.08,1.08,1.08,1.08,10
CHASE-W1-O,20260630,0.14,0.14,0.14,0.14,77
CHAYO-W4-O,20260630,0.2,0.21,0.19,0.19,110
CIG-W10-O,20260630,0.46,0.46,0.45,0.45,2
CIG-W9-O,20260630,0.02,0.02,0.02,0.02,3
COMAN-W1-O,20260630,0.04,0.04,0.04,0.04,50
DEMCO-W8-O,20260630,1.92,1.96,1.27,1.34,263
EA-W1-O,20260630,0.62,0.63,0.6,0.6,216
EMC-W7-O,20260630,0.02,0.02,0.02,0.02,1
EMPIRE-W1-O,20260630,0.01,0.01,0.01,0.01,40
GLORY-W1-O,20260630,0.32,0.32,0.3,0.3,10
IROYAL-W2-O,20260630,0.64,0.64,0.6,0.6,507
ITEL-W6-O,20260630,0.19,0.19,0.19,0.19,175
ITTHI-W1-O,20260630,0.8,0.96,0.73,0.96,877
IVF-W1-O,20260630,0.1,0.19,0.01,0.16,10738
JAS-W4-O,20260630,0.19,0.2,0.18,0.18,371
KASET-W1-O,20260630,0.1,0.1,0.1,0.1,20
KGEN-W2-O,20260630,0.11,0.11,0.03,0.03,263
KUN-W4-O,20260630,0.04,0.05,0.04,0.05,140
MGI-W1-O,20260630,0.18,0.18,0.17,0.17,205
MMM-W1-O,20260630,2,2.26,1.86,2.08,755
NOBLE-W3-O,20260630,0.09,0.09,0.07,0.09,194
ORI-W2-O,20260630,0.24,0.25,0.22,0.24,326
PANEL-W1-O,20260630,0.14,0.14,0.13,0.13,56
PANEL-W2-O,20260630,0.15,0.15,0.15,0.15,1
PEER-W2-O,20260630,0.01,0.01,0.01,0.01,90
PLANET-W2-O,20260630,0.28,0.28,0.28,0.28,1
PPPM-W6-O,20260630,0.03,0.03,0.03,0.03,3
PROEN-W2-O,20260630,0.11,0.11,0.1,0.1,2
PROUD-W3-O,20260630,0.16,0.16,0.16,0.16,2
PSTC-W3-O,20260630,0.02,0.03,0.02,0.02,18
QDC-W3-O,20260630,0.07,0.07,0.07,0.07,1
SAAM-W3-O,20260630,0.13,0.15,0.13,0.15,113
SAAM-W4-O,20260630,0.15,0.15,0.15,0.15,50
SAMTEL-W2-O,20260630,0.31,0.35,0.29,0.29,564
SGC-W2-O,20260630,0.54,0.61,0.54,0.61,40
SPTX-W8-O,20260630,0.01,0.01,0.01,0.01,1
STELLA-W6-O,20260630,0.04,0.04,0.04,0.04,2
TCC-W5-O,20260630,0.16,0.18,0.16,0.18,72
TFG-W4-O,20260630,5.8,5.8,5.8,5.8,174
TGE-W2-O,20260630,0.01,0.01,0.01,0.01,1
TL-W2-O,20260630,0.06,0.08,0.06,0.06,182
TRUBB-W3-O,20260630,0.52,0.52,0.52,0.52,1
TVDH-W5-O,20260630,0.01,0.01,0.01,0.01,1
TWZ-W8-O,20260630,0.02,0.02,0.02,0.02,1
UREKA-W3-O,20260630,0.24,0.24,0.24,0.24,49
VIBE-W3-O,20260630,0.04,0.05,0.04,0.05,152
VIBHA-W5-O,20260630,0.05,0.07,0.05,0.07,37
WAVE-W4-O,20260630,0.01,0.01,0.01,0.01,1
XBIO-W6-O,20260630,0.06,0.06,0.03,0.03,5
XBIO-W7-O,20260630,0.01,0.02,0.01,0.01,155
XBIO-W8-O,20260630,0.15,0.15,0.15,0.15,1
ZIGA-W2-O,20260630,0.02,0.03,0.02,0.02,331
A5-W5,20260630,0.04,0.04,0.03,0.03,70600
ACC-W2,20260630,0.07,0.07,0.06,0.06,170300
ASW-W3,20260630,0.79,1.08,0.75,0.78,291300
BC-W4,20260630,0.05,0.05,0.04,0.05,158000
BTS-W8,20260630,0.01,0.01,0.01,0.01,298200
BWG-W7,20260630,0.02,0.03,0.02,0.03,238500
BWG-W8,20260630,0.04,0.04,0.03,0.04,2299700
CAZ-W1,20260630,1.15,1.18,1.08,1.14,3128100
CHASE-W1,20260630,0.15,0.17,0.14,0.17,1209200
CHAYO-W4,20260630,0.22,0.22,0.21,0.22,390200
CIG-W9,20260630,0.02,0.02,0.01,0.01,1900
COMAN-W1,20260630,0.05,0.05,0.04,0.05,280600
CWT-W8,20260630,0.18,0.21,0.17,0.21,60214600
DEMCO-W8,20260630,1.88,2.02,1.85,1.97,851000
EA-W1,20260630,0.64,0.65,0.63,0.63,6017700
ECF-W6,20260630,0.01,0.01,0.01,0.01,6375300
EMPIRE-W1,20260630,0.01,0.02,0.01,0.02,400400
EMPIRE-W2,20260630,0.06,0.06,0.06,0.06,2700
GLORY-W1,20260630,0.31,0.34,0.3,0.3,995400
HYDRO-W2,20260630,0.05,0.05,0.04,0.05,48700
IROYAL-W1,20260630,1.03,1.09,1,1.06,120800
IROYAL-W2,20260630,0.65,0.65,0.6,0.63,61700
ITEL-W6,20260630,0.21,0.22,0.19,0.19,5641200
ITTHI-W1,20260630,0.75,0.97,0.74,0.96,33852100
IVF-W1,20260630,0.17,0.21,0.16,0.16,45541900
J-W4,20260630,0.01,0.01,0.01,0.01,100
JAS-W4,20260630,0.2,0.21,0.18,0.19,15161600
KASET-W1,20260630,0.12,0.12,0.1,0.11,227900
KGEN-W2,20260630,0.11,0.11,0.04,0.05,66525300
KUN-W3,20260630,0.04,0.04,0.03,0.04,684400
KUN-W4,20260630,0.07,0.08,0.06,0.07,2437600
MADAME-W6,20260630,0.09,0.1,0.09,0.09,639000
MGI-W1,20260630,0.22,0.22,0.13,0.14,9435200
MMM-W1,20260630,2.12,2.34,1.99,2,6084300
NOBLE-W3,20260630,0.09,0.1,0.08,0.08,4511500
NRF-W2,20260630,0.05,0.05,0.04,0.05,210900
ORI-W2,20260630,0.25,0.25,0.22,0.23,8250900
PANEL-W1,20260630,0.13,0.13,0.13,0.13,518300
PANEL-W2,20260630,0.15,0.16,0.14,0.15,463600
PLANET-W3,20260630,0.21,0.21,0.2,0.2,1000
PPPM-W6,20260630,0.02,0.02,0.01,0.02,428800
PROEN-W2,20260630,0.1,0.1,0.08,0.09,112300
PROUD-W3,20260630,0.13,0.16,0.13,0.14,652200
PSTC-W3,20260630,0.03,0.03,0.02,0.02,6200
PSTC-W4,20260630,0.08,0.09,0.08,0.09,53100
ROCTEC-W5,20260630,0.01,0.01,0.01,0.01,20000
SAAM-W3,20260630,0.13,0.14,0.13,0.14,253900
SAAM-W4,20260630,0.15,0.15,0.14,0.14,22000
SAMTEL-W2,20260630,0.24,0.38,0.22,0.28,10530300
SGC-W2,20260630,0.54,0.59,0.49,0.49,6468800
SPTX-W8,20260630,0.01,0.01,0.01,0.01,8500
STELLA-W6,20260630,0.04,0.04,0.03,0.04,19582550
TAKUNI-W2,20260630,0.33,0.37,0.32,0.33,52100
TFG-W4,20260630,5.75,6.05,5.75,6.05,1437600
TGE-W2,20260630,0.01,0.02,0.01,0.02,229200
TL-W2,20260630,0.07,0.08,0.07,0.07,700800
TNITY-W2,20260630,0.12,0.14,0.12,0.12,1286400
TRUBB-W3,20260630,0.49,0.49,0.48,0.48,152600
TVDH-W5,20260630,0.01,0.02,0.01,0.02,3200
UREKA-W3,20260630,0.24,0.24,0.22,0.24,358000
VGI-W3,20260630,0.01,0.01,0.01,0.01,3600
VIBE-W3,20260630,0.04,0.05,0.03,0.05,319600
VIBHA-W5,20260630,0.05,0.06,0.05,0.06,605600
WAVE-W4,20260630,0.01,0.01,0.01,0.01,24500
XBIO-W6,20260630,0.02,0.02,0.01,0.01,10200
XBIO-W7,20260630,0.01,0.02,0.01,0.02,42900
XBIO-W8,20260630,0.13,0.13,0.13,0.13,250000
ZIGA-W2,20260630,0.03,0.03,0.02,0.02,8762700
1DIV-O,20260630,13.26,13.3,13.26,13.29,93
2X01BSET50-O,20260630,7.9,7.9,7.9,7.9,1
BMSCITH-O,20260630,12.6,12.9,12.6,12.9,8
BSET100-O,20260630,11.6,11.6,11.6,11.6,21
CHINA-O,20260630,7.98,8,7.98,8,73
GLD-O,20260630,5.25,5.33,5.24,5.3,702
TDEX-O,20260630,10.12,10.25,10.12,10.24,374
1DIV,20260630,13.14,13.31,13.14,13.27,30300
1I01BSET50,20260630,3.58,3.58,3.58,3.58,10000
2I01BSET50,20260630,2.61,2.61,2.55,2.56,669200
2X01BSET50,20260630,7.86,8.01,7.86,7.99,309700
BMSCG,20260630,9.02,9.08,9.02,9.08,5500
BMSCITH,20260630,12.54,12.62,12.48,12.59,110700
BSET100,20260630,11.54,11.7,11.54,11.7,566700
CHINA,20260630,7.94,8,7.94,7.99,72500
GLD,20260630,5.3,5.32,5.23,5.3,2788300
TDEX,20260630,10.14,10.25,10.1,10.23,410600
UBOT,20260630,14.11,14.2,14.11,14.2,200
UHERO,20260630,8.02,8.02,8.02,8.02,300
3BBIF-O,20260630,6.5,6.5,6.45,6.5,1224
88TH-O,20260630,4.3,4.3,4.26,4.26,66
AAI-O,20260630,3.9,3.94,3.88,3.9,46
AAV-O,20260630,1.09,1.12,1.09,1.11,335
ACC-O,20260630,0.35,0.35,0.34,0.34,53
ACE-O,20260630,1.29,1.31,1.04,1.31,122
ADB-O,20260630,0.67,0.67,0.67,0.67,2
ADD-O,20260630,3.12,3.12,3.12,3.12,28
ADVANC-O,20260630,355,369,355,368,15006
ADVICE-O,20260630,6.2,6.25,6.2,6.2,133
AE-O,20260630,0.09,0.09,0.08,0.09,258
AEONTS-O,20260630,98.75,98.75,97.5,98,298
AGE-O,20260630,1.21,1.21,1.21,1.21,85
AH-O,20260630,13.9,14,13.7,13.8,40
AHC-O,20260630,12.6,12.6,12.6,12.6,2
AI-O,20260630,2.9,2.9,2.86,2.88,144
AIE-O,20260630,1.12,1.12,0.8,1.11,55
AIMCG-O,20260630,1.4,1.4,1.4,1.4,6
AIMIRT-O,20260630,11.5,11.5,11.5,11.5,21
AIT-O,20260630,4.76,4.76,4.72,4.72,68
AJ-O,20260630,2.92,2.94,2.92,2.94,67
AJA-O,20260630,0.1,0.13,0.1,0.13,171
AKR-O,20260630,0.91,0.95,0.91,0.95,23
AKS-O,20260630,0.01,0.01,0.01,0.01,575
ALLA-O,20260630,1.17,1.17,1.17,1.17,52
ALLY-O,20260630,4.76,4.82,4.74,4.74,163
ALPHAX-O,20260630,0.26,0.28,0.19,0.28,104
ALT-O,20260630,1.82,1.82,1.82,1.82,57
ALUCON-O,20260630,239,239,234,239,7
AMA-O,20260630,3.84,3.84,3.82,3.82,61
AMANAH-O,20260630,0.76,0.76,0.69,0.69,101
AMARC-O,20260630,3.3,3.3,3.28,3.28,29
AMARIN-O,20260630,2.22,2.22,2.16,2.16,59
AMATA-O,20260630,26.5,27.25,26.5,26.75,493
AMATAR-O,20260630,7.4,7.4,7.4,7.4,15
ANAN-O,20260630,0.33,0.33,0.33,0.33,50
AOT-O,20260630,63.5,64.25,63,64,6776
AP-O,20260630,7.35,7.55,7.3,7.45,1445
APCO-O,20260630,2.52,2.52,2.52,2.52,9
APO-O,20260630,2,2.02,2,2.02,134
APURE-O,20260630,2.06,2.1,2.06,2.1,22
AQUA-O,20260630,0.1,0.1,0.09,0.09,71
ARIP-O,20260630,0.47,0.47,0.47,0.47,8
ARROW-O,20260630,5.85,5.85,5.85,5.85,12
AS-O,20260630,2.3,2.3,2.3,2.3,5
ASEFA-O,20260630,5.85,5.85,5.85,5.85,43
ASIA-O,20260630,5.35,5.35,5.35,5.35,9
ASIAN-O,20260630,7.25,7.25,7.2,7.2,142
ASK-O,20260630,10,10.2,9.95,10.2,144
ASTR-O,20260630,4,4.86,4,4.86,25
ASW-O,20260630,6.8,6.85,5.8,6.85,117
ATLAS-O,20260630,1.83,1.88,1.83,1.83,49
AU-O,20260630,4.78,4.8,4.76,4.8,83
AUCT-O,20260630,4.1,4.12,4.06,4.06,148
AURA-O,20260630,13.8,14,13.8,14,368
AWC-O,20260630,2.7,2.72,2.7,2.7,873
AXTRART-O,20260630,12.8,12.8,12.8,12.8,30
AYUD-O,20260630,40,40.5,40,40.5,15
B-O,20260630,0.03,0.04,0.03,0.04,177
B-WORK-O,20260630,6.5,6.5,6.5,6.5,7
B52-O,20260630,0.27,0.27,0.27,0.27,1
BA-O,20260630,18.3,18.7,18.3,18.5,927
BAFS-O,20260630,10,10.3,10,10.2,204
BAM-O,20260630,6.6,6.7,6.4,6.55,445
BANPU-O,20260630,5.4,5.45,5.35,5.4,1193
BAY-O,20260630,39.5,41.25,39.25,41.25,1056
BBGI-O,20260630,3.94,3.98,3.94,3.96,114
BBIK-O,20260630,18.9,19,18.8,19,85
BBL-O,20260630,178,180,178,179.5,2448
BCH-O,20260630,10,10,9.85,9.9,1321
BCP-O,20260630,32.75,33.5,32.75,33.25,1184
BCPG-O,20260630,6.95,7.05,6.95,7,397
BCT-O,20260630,49,49,49,49,3
BDMS-O,20260630,19.4,19.5,19.1,19.3,12989
BE8-O,20260630,6.05,6.05,5.7,5.7,69
BEAUTY-O,20260630,0.37,0.37,0.37,0.37,105
BEC-O,20260630,2.2,2.2,2.06,2.06,40
BEM-O,20260630,6.25,6.3,6.15,6.2,1139
BGC-O,20260630,7.05,7.05,7.05,7.05,83
BGRIM-O,20260630,17,17.3,16.9,17,1268
BH-O,20260630,190.5,191,186,187.5,3478
BIG-O,20260630,0.29,0.29,0.29,0.29,1
BIOTEC-O,20260630,0.25,0.25,0.25,0.25,1
BIZ-O,20260630,5.75,5.8,5.75,5.8,101
BJC-O,20260630,14.8,14.9,14.7,14.7,536
BKA-O,20260630,0.86,0.86,0.86,0.86,1
BKGI-O,20260630,2.06,2.06,2.06,2.06,1
BKIH-O,20260630,373,373,373,373,4
BLA-O,20260630,24.4,30,24.4,24.5,297
BLAND-O,20260630,0.45,0.46,0.43,0.46,49
BLC-O,20260630,3.88,3.92,3.88,3.92,64
BLESS-O,20260630,0.32,0.32,0.32,0.32,1
BM-O,20260630,1.2,1.2,1.2,1.2,1
BOFFICE-O,20260630,5.35,5.35,5.35,5.35,93
BOL-O,20260630,4.92,4.94,4.92,4.94,15
BPP-O,20260630,11.2,11.2,11,11,315
BPS-O,20260630,0.52,0.52,0.52,0.52,1
BR-O,20260630,1.97,1.97,1.97,1.97,3
BRI-O,20260630,1.24,1.24,1.23,1.23,6
BRR-O,20260630,3.6,3.6,3.5,3.5,97
BRRGIF-O,20260630,3.74,3.76,3.74,3.76,96
BSBM-O,20260630,0.59,0.59,0.59,0.59,2
BSM-O,20260630,0.68,0.68,0.6,0.68,299
BTC-O,20260630,0.16,0.16,0.16,0.16,51
BTG-O,20260630,20.8,20.9,20.5,20.8,1334
BTS-O,20260630,2.22,2.24,2.12,2.14,3023
BTW-O,20260630,0.07,0.08,0.07,0.08,5
BUI-O,20260630,7.7,10.8,7.7,10.8,74
BWG-O,20260630,0.27,0.27,0.27,0.27,54
BYD-O,20260630,0.49,0.49,0.48,0.49,23
CBG-O,20260630,45.5,47.75,45.5,47.75,2054
CCET-O,20260630,8.9,9.15,8.9,9,2147
CCP-O,20260630,0.19,0.28,0.19,0.28,6
CEN-O,20260630,0.62,0.62,0.6,0.6,4
CENTEL-O,20260630,37.25,37.5,36.5,37.5,733
CEYE-O,20260630,1.15,1.15,1.15,1.15,5
CGD-O,20260630,0.12,0.12,0.12,0.12,99
CGH-O,20260630,0.73,0.75,0.6,0.67,1704
CH-O,20260630,1.48,1.48,1.2,1.2,32
CHAYO-O,20260630,1.18,1.22,1.18,1.2,122
CHEWA-O,20260630,0.18,0.18,0.18,0.18,2
CHG-O,20260630,1.6,1.6,1.56,1.56,1094
CHIC-O,20260630,0.33,0.33,0.31,0.31,10
CHO-O,20260630,0.01,0.03,0.01,0.03,413
CIG-O,20260630,0.03,0.03,0.03,0.03,34
CIVIL-O,20260630,1.11,1.11,1.11,1.11,50
CK-O,20260630,19.6,19.8,19.5,19.6,381
CKP-O,20260630,2.38,2.4,2.38,2.4,146
CM-O,20260630,1.59,1.59,1.59,1.59,1
CMAN-O,20260630,2.76,2.8,2.76,2.8,11
CMC-O,20260630,0.43,0.43,0.3,0.3,34
CMO-O,20260630,0.81,0.83,0.81,0.83,13
CMR-O,20260630,1.28,1.48,1.27,1.27,250
CNT-O,20260630,1.65,1.65,1.64,1.64,14
COCOCO-O,20260630,5.8,5.8,5.75,5.75,92
COM7-O,20260630,27.5,28.5,27.5,27.75,1113
COMAN-O,20260630,0.48,0.5,0.48,0.5,2
CPALL-O,20260630,46.25,47,46,46.75,7848
CPAXT-O,20260630,14.9,15,14.8,14.8,3237
CPF-O,20260630,19.6,19.7,13.8,19.7,2249
CPI-O,20260630,3.5,3.5,3.48,3.48,205
CPN-O,20260630,66.75,67.5,66.25,67.25,1169
CPNCG-O,20260630,4.02,5.15,4.02,5.15,156
CPNREIT-O,20260630,12.9,15.9,12.8,12.9,521
CPR-O,20260630,1.81,2.56,1.81,2.56,26
CPTREIT-O,20260630,6.5,6.5,6.45,6.45,18
CPW-O,20260630,2.4,2.4,2.4,2.4,12
CRC-O,20260630,23.5,23.7,23.3,23.5,848
CREDIT-O,20260630,20.3,25.25,20.3,21.6,310
CSC-O,20260630,44.75,44.75,44.75,44.75,3
CWT-O,20260630,0.9,0.92,0.67,0.67,35
DCC-O,20260630,1.46,1.47,1.44,1.47,362
DCON-O,20260630,0.19,0.19,0.18,0.18,261
DDD-O,20260630,3.42,4.84,3.42,4.84,21
DELTA-O,20260630,325,328,322,327,15079
DEMCO-O,20260630,3.68,3.68,3.56,3.56,124
DEXON-O,20260630,0.88,0.88,0.86,0.86,100
DIF-O,20260630,10.2,10.3,10.1,10.2,2363
DITTO-O,20260630,13.9,14.1,13.8,14,346
DMT-O,20260630,12,12,11.8,11.9,215
DOD-O,20260630,0.77,1.34,0.77,1.31,195
DOHOME-O,20260630,3.7,3.78,3.5,3.72,1804
DPAINT-O,20260630,0.27,0.28,0.27,0.28,61
DREIT-O,20260630,4.88,4.88,4.88,4.88,48
DRT-O,20260630,5.1,5.1,5.05,5.1,40
DTCENT-O,20260630,0.95,0.95,0.92,0.94,125
DUSIT-O,20260630,11,11.1,11,11.1,13
EA-O,20260630,2.92,2.94,2.9,2.9,1178
EASTW-O,20260630,4.32,4.66,4.32,4.58,175
ECF-O,20260630,0.08,0.08,0.07,0.08,201
EFORL-O,20260630,0.14,0.14,0.13,0.13,39
EGCO-O,20260630,118.5,120,118.5,119.5,518
EKH-O,20260630,4.96,5,4.96,4.98,246
EPG-O,20260630,5.75,5.95,5.75,5.85,128
ERW-O,20260630,3.06,3.1,3.06,3.08,151
ESTAR-O,20260630,0.21,0.21,0.2,0.2,8
ETC-O,20260630,0.7,0.7,0.7,0.7,20
ETE-O,20260630,0.55,0.55,0.55,0.55,1
EVER-O,20260630,0.06,0.08,0.06,0.08,180
FE-O,20260630,169,169,169,169,1
FM-O,20260630,4.18,4.22,4.18,4.2,13
FNS-O,20260630,0.55,0.55,0.55,0.55,40
FORTH-O,20260630,15.2,16.3,15.2,15.8,1401
FPT-O,20260630,6.5,6.5,6.35,6.35,78
FSMART-O,20260630,7.1,7.1,7.1,7.1,2
FTE-O,20260630,2.58,2.62,2.58,2.62,25
FTREIT-O,20260630,11.8,12,11.7,11.8,1029
FUTURERT-O,20260630,8.95,8.95,8.95,8.95,80
FVC-O,20260630,0.34,0.34,0.33,0.33,2
GAHREIT-O,20260630,3.98,3.98,3.98,3.98,1
GBX-O,20260630,0.64,0.64,0.64,0.64,3
GC-O,20260630,4.74,4.74,4.7,4.72,206
GEL-O,20260630,0.03,0.03,0.03,0.03,34
GFPT-O,20260630,8.9,9,8.9,9,4
GGC-O,20260630,3.52,3.52,3.52,3.52,36
GJS-O,20260630,0.12,0.12,0.12,0.12,70
GLOBAL-O,20260630,7,7.15,6.95,7.1,978
GPSC-O,20260630,44,44.75,43.75,44,1506
GRAND-O,20260630,0.03,0.03,0.02,0.02,46
GULF-O,20260630,60.75,62,60.75,61.75,8847
GUNKUL-O,20260630,4.24,4.3,4.16,4.26,1954
GVREIT-O,20260630,7.5,7.7,7.5,7.55,118
GYT-O,20260630,177.5,177.5,177.5,177.5,2
HANA-O,20260630,37.75,39,37.75,38.75,3878
HANN-O,20260630,0.91,0.91,0.9,0.9,28
HENG-O,20260630,0.92,0.92,0.92,0.92,10
HFT-O,20260630,4.04,4.04,4.04,4.04,24
HL-O,20260630,5.75,5.75,5.6,5.6,109
HMPRO-O,20260630,6.3,6.65,6.25,6.55,2276
HPF-O,20260630,6.2,6.2,6.2,6.2,16
HPT-O,20260630,0.16,0.16,0.13,0.13,52
HTC-O,20260630,15.6,15.8,15.6,15.7,300
HUMAN-O,20260630,4.6,4.6,4.56,4.56,103
HYDRO-O,20260630,0.08,0.08,0.07,0.07,20
I2-O,20260630,0.86,0.86,0.86,0.86,40
ICHI-O,20260630,14,14.1,13.9,14,1531
ICN-O,20260630,2.06,2.06,2.06,2.06,96
IFS-O,20260630,1.84,1.84,1.83,1.83,100
IHL-O,20260630,0.97,1.38,0.97,1.37,62
III-O,20260630,4.16,4.18,4.16,4.18,16
ILINK-O,20260630,5,5,5,5,32
ILM-O,20260630,12.5,12.6,12.5,12.6,133
IMPACT-O,20260630,11.5,11.6,11.5,11.6,86
IND-O,20260630,0.97,0.97,0.97,0.97,5
INET-O,20260630,4.1,4.34,4.1,4.26,589
INETREIT-O,20260630,12.7,12.7,12.6,12.7,2255
INOX-O,20260630,4.18,4.18,4.18,4.18,62
INSET-O,20260630,3.72,3.8,3.72,3.8,181
IP-O,20260630,4.44,4.48,4.44,4.48,56
IRC-O,20260630,11.9,11.9,11.9,11.9,84
IRCP-O,20260630,0.27,0.33,0.27,0.33,19
IRPC-O,20260630,1.86,1.87,1.82,1.85,823
ITC-O,20260630,16.3,16.3,16.2,16.3,104
ITD-O,20260630,0.33,0.38,0.33,0.38,213
ITEL-O,20260630,1.57,1.57,1.46,1.46,4
IVF-O,20260630,0.75,0.75,0.75,0.75,5
IVL-O,20260630,21.8,22.3,21.7,22,797
J-O,20260630,0.72,0.72,0.72,0.72,92
JAS-O,20260630,1.13,1.14,1.13,1.13,484
JCK-O,20260630,0.13,0.13,0.12,0.12,17
JDF-O,20260630,1.94,2.4,1.94,1.94,44
JMART-O,20260630,9.55,9.6,9.35,9.4,520
JMT-O,20260630,11.6,12.1,11.5,11.6,763
JPARK-O,20260630,3.14,3.14,3.14,3.14,55
JTS-O,20260630,32.25,33,31.5,32,217
JUBILE-O,20260630,7.2,7.2,7.2,7.2,6
KAMART-O,20260630,7.8,7.95,7.7,7.8,255
KASET-O,20260630,0.69,0.69,0.68,0.68,49
KBANK-O,20260630,217,219,217,218,6208
KBS-O,20260630,5.85,5.85,5.85,5.85,12
KBSPIF-O,20260630,9.5,9.6,9.5,9.6,34
KC-O,20260630,0.03,0.03,0.03,0.03,2
KCAR-O,20260630,4.84,4.84,4.84,4.84,30
KCC-O,20260630,3.24,3.24,3.24,3.24,1
KCE-O,20260630,39,41.75,38.75,41.5,4906
KCG-O,20260630,10.3,10.3,10.3,10.3,22
KCM-O,20260630,0.2,0.2,0.2,0.2,4
KDH-O,20260630,87.75,87.75,87.75,87.75,5
KGEN-O,20260630,2.6,2.6,2,2,252
KGI-O,20260630,4.42,4.42,4.3,4.36,195
KIAT-O,20260630,0.35,0.35,0.34,0.34,12
KISS-O,20260630,3.56,3.76,3.56,3.72,98
KKP-O,20260630,100,101.5,100,100.5,7484
KLINIQ-O,20260630,26.5,26.75,26.5,26.75,184
KOOL-O,20260630,0.29,0.29,0.29,0.29,10
KSL-O,20260630,1.57,1.58,1.57,1.58,90
KTB-O,20260630,37.5,38.5,37.25,38.5,13617
KTBSTMR-O,20260630,6.25,6.25,6.25,6.25,10
KTC-O,20260630,32.75,33.5,32.5,33.25,1586
KUMWEL-O,20260630,2.02,2.02,2.02,2.02,10
KUN-O,20260630,0.66,0.66,0.61,0.61,31
KYE-O,20260630,310,310,307,310,51
LALIN-O,20260630,4.28,4.3,4.26,4.26,101
LANNA-O,20260630,14.5,14.6,14.5,14.5,244
LEE-O,20260630,2.48,2.48,2.48,2.48,3
LEO-O,20260630,1.88,1.88,1.88,1.88,5
LH-O,20260630,3.72,3.86,3.66,3.8,1954
LHFG-O,20260630,1.14,1.33,1.14,1.16,290
LHHOTEL-O,20260630,13.5,13.5,13.5,13.5,111
LHK-O,20260630,3.5,3.5,3.5,3.5,51
LHSC-O,20260630,14.8,15,14.7,14.8,513
LIT-O,20260630,0.86,0.86,0.81,0.81,26
LOXLEY-O,20260630,1.45,1.45,1.26,1.26,43
LPH-O,20260630,3.52,3.62,3.52,3.62,7
LPN-O,20260630,1.58,1.59,1.58,1.59,2
LTS-O,20260630,2.7,2.7,2.7,2.7,82
M-CHAI-O,20260630,18.7,18.7,18.7,18.7,1
M-O,20260630,21.4,21.8,21.2,21.7,720
M-PAT-O,20260630,1.25,1.25,1.25,1.25,3
MADAME-O,20260630,0.5,0.5,0.5,0.5,1
MAGURO-O,20260630,12.3,17.8,12.3,17.8,108
MAJOR-O,20260630,6.95,7,6.95,7,7
MALEE-O,20260630,4.08,4.08,4.08,4.08,90
MASTEC-O,20260630,2.1,2.1,2.06,2.06,80
MASTER-O,20260630,8.8,8.9,8.8,8.9,50
MBK-O,20260630,19.3,19.5,19.2,19.4,181
MC-O,20260630,11.7,11.8,11.6,11.7,404
MCA-O,20260630,1.28,1.28,1.28,1.28,1
MCOT-O,20260630,5.1,5.1,5.1,5.1,1
MCS-O,20260630,7.7,7.7,7.65,7.65,62
MEB-O,20260630,12.1,12.4,12.1,12.4,228
MEDEZE-O,20260630,6.6,6.6,6.6,6.6,25
MEGA-O,20260630,35.5,37.25,35.25,36.75,397
MENA-O,20260630,0.93,0.93,0.72,0.72,16
META-O,20260630,0.05,0.06,0.05,0.06,16
METCO-O,20260630,293,294,292,294,53
MFC-O,20260630,19.6,19.8,19.1,19.8,25
MGC-O,20260630,6.95,6.95,6.95,6.95,65
MGI-O,20260630,5.95,6.2,5.95,6.2,106
MIDA-O,20260630,0.47,0.47,0.34,0.34,169
MII-O,20260630,4.1,4.1,4.1,4.1,1
MILL-O,20260630,0.01,0.02,0.01,0.02,42
MINT-O,20260630,24.7,25,24.7,24.7,906
MJD-O,20260630,0.31,0.33,0.31,0.32,104
MK-O,20260630,0.55,0.55,0.55,0.55,1
ML-O,20260630,1.58,1.6,1.58,1.58,100
MMM-O,20260630,2.8,2.84,2.8,2.82,66
MNIT-O,20260630,1.94,1.94,1.94,1.94,50
MONO-O,20260630,0.84,0.84,0.82,0.82,198
MORE-O,20260630,0.04,0.04,0.04,0.04,1
MOSHI-O,20260630,37.25,37.5,37,37.5,221
MOTHER-O,20260630,1.25,1.25,1.17,1.25,70
MPJ-O,20260630,3.56,3.58,3.56,3.58,32
MRDIYT-O,20260630,9.45,11.3,9.45,10.9,1977
MSC-O,20260630,6.35,6.35,6.35,6.35,10
MTC-O,20260630,31,31.75,30.75,31.5,992
MTI-O,20260630,16,16,15.9,15.9,137
MUD-O,20260630,0.8,0.9,0.8,0.81,99
NCAP-O,20260630,2.64,2.64,2.64,2.64,29
NCH-O,20260630,0.44,0.44,0.38,0.38,15
NCL-O,20260630,0.2,0.2,0.2,0.2,10
NEO-O,20260630,19.4,19.6,19.4,19.6,67
NER-O,20260630,4.36,4.38,4.34,4.38,573
NETBAY-O,20260630,10,10.2,10,10.2,173
NEX-O,20260630,1,1,1,1,3
NKT-O,20260630,3.84,3.84,3.76,3.76,68
NL-O,20260630,0.69,0.69,0.69,0.69,70
NNCL-O,20260630,1.74,1.74,1.7,1.7,46
NOBLE-O,20260630,1.75,1.77,1.75,1.77,26
NRF-O,20260630,0.28,0.28,0.25,0.26,33
NSL-O,20260630,22.5,22.7,22.3,22.4,196
NTF-O,20260630,15.9,16,15.9,16,91
NTSC-O,20260630,6.15,6.15,6.15,6.15,33
NTV-O,20260630,18.9,18.9,18.9,18.9,10
NV-O,20260630,0.59,0.59,0.59,0.59,1
NVD-O,20260630,0.68,0.68,0.68,0.68,1
NYT-O,20260630,3.88,3.98,3.88,3.98,261
OGC-O,20260630,9.3,9.3,9.1,9.1,50
OKJ-O,20260630,3.78,3.78,3.72,3.72,210
ONEE-O,20260630,2.94,3.06,2.94,3.04,441
ONSENS-O,20260630,1.2,1.2,1.2,1.2,2
OR-O,20260630,12.3,12.5,12.3,12.5,2306
ORI-O,20260630,1.71,1.73,1.71,1.73,93
OSP-O,20260630,17.7,17.7,17.4,17.4,1509
PACO-O,20260630,1.41,1.41,1.41,1.41,1
PAP-O,20260630,2.4,2.4,2.4,2.4,3
PATO-O,20260630,6.15,6.15,6.15,6.15,20
PB-O,20260630,48.25,48.25,48.25,48.25,10
PCC-O,20260630,2.88,2.88,2.86,2.86,20
PCE-O,20260630,2.1,2.1,2.08,2.08,110
PCSGH-O,20260630,3.06,3.06,3.04,3.04,100
PDG-O,20260630,3.16,3.16,2.3,2.3,80
PDJ-O,20260630,0.97,0.97,0.97,0.97,25
PEER-O,20260630,0.1,0.1,0.1,0.1,8
PF-O,20260630,0.05,0.05,0.05,0.05,100
PHG-O,20260630,10.2,10.2,10,10,44
PHOL-O,20260630,3.1,3.1,3.1,3.1,99
PIN-O,20260630,4.3,4.3,4.28,4.28,38
PIS-O,20260630,4,4,4,4,24
PJW-O,20260630,2.02,2.02,2.02,2.02,2
PL-O,20260630,1.27,1.27,1.27,1.27,10
PLANB-O,20260630,4.54,4.74,4.5,4.64,542
PLANET-O,20260630,0.74,0.74,0.74,0.74,57
PLAT-O,20260630,1.32,1.33,1.32,1.32,65
PLE-O,20260630,0.1,0.1,0.1,0.1,59
PLT-O,20260630,0.54,0.54,0.54,0.54,33
PLUS-O,20260630,1.4,1.4,1.4,1.4,10
PM-O,20260630,10.9,10.9,10.9,10.9,189
PMC-O,20260630,0.9,0.91,0.9,0.91,136
POLY-O,20260630,6.95,6.95,6.8,6.8,74
POPF-O,20260630,8.15,8.25,8.15,8.25,101
PPM-O,20260630,2.14,2.14,2,2,72
PPPM-O,20260630,0.22,0.22,0.21,0.21,24
PR9-O,20260630,17.9,17.9,17.7,17.8,814
PRAPAT-O,20260630,0.75,0.8,0.75,0.8,90
PREB-O,20260630,3.5,3.5,3.48,3.48,129
PRI-O,20260630,3.32,3.32,3.32,3.32,1
PRIME-O,20260630,0.06,0.06,0.06,0.06,91
PRINC-O,20260630,1.71,1.71,1.71,1.71,62
PRM-O,20260630,8.8,8.9,8.75,8.85,130
PROEN-O,20260630,0.95,0.95,0.95,0.95,1
PROS-O,20260630,0.15,0.15,0.15,0.15,1
PROSPECT-O,20260630,10,10.4,10,10.4,445
PRTR-O,20260630,3.44,3.5,3.44,3.5,65
PSGC-O,20260630,5.05,5.05,3.58,5,304
PSH-O,20260630,3.3,3.32,3.3,3.32,191
PSL-O,20260630,7,7.05,7,7,30
PT-O,20260630,11,11,10.9,10.9,274
PTG-O,20260630,7.35,7.5,7.35,7.45,418
PTL-O,20260630,14.7,14.7,14.6,14.6,70
PTT-O,20260630,35.25,35.75,35,35.5,6727
PTTEP-O,20260630,132,134,131.5,133.5,3377
PTTGC-O,20260630,33.5,34.25,33.25,33.75,1414
PYLON-O,20260630,3.56,3.56,3.56,3.56,4
Q-CON-O,20260630,7.95,7.95,6.2,6.2,33
QDC-O,20260630,0.05,0.07,0.05,0.07,172
QH-O,20260630,1.28,1.38,1.28,1.37,970
QHBREIT-O,20260630,3.9,3.9,3.9,3.9,9
QHHRREIT-O,20260630,8.15,8.15,8,8,20
QTCG-O,20260630,0.1,0.1,0.1,0.1,9
RABBIT-O,20260630,0.32,0.32,0.32,0.32,82
RAM-O,20260630,18.1,18.1,18,18.1,34
RATCH-O,20260630,31.25,31.75,31,31.75,1386
RBF-O,20260630,5.1,5.15,4.92,4.92,23
RCL-O,20260630,32.25,32.25,31.75,32.25,471
RICHY-O,20260630,0.16,0.16,0.16,0.16,24
RJH-O,20260630,13.6,13.8,13.6,13.6,189
RML-O,20260630,0.13,0.13,0.13,0.13,99
ROCTEC-O,20260630,0.68,0.68,0.67,0.67,101
ROJNA-O,20260630,5.55,5.55,5.55,5.55,201
RPC-O,20260630,0.36,0.36,0.35,0.35,2
RPH-O,20260630,4.92,4.94,4.9,4.94,19
RS-O,20260630,0.13,0.14,0.13,0.13,20
RSP-O,20260630,0.96,0.96,0.95,0.95,12
RT-O,20260630,0.28,0.28,0.28,0.28,1
RWI-O,20260630,0.12,0.12,0.12,0.12,19
S-O,20260630,0.49,0.5,0.48,0.49,509
S&J-O,20260630,31.25,31.25,31.25,31.25,1
SAAM-O,20260630,4.68,4.68,4.2,4.68,18
SABINA-O,20260630,15.4,15.5,15.4,15.5,144
SAFE-O,20260630,6.2,6.2,6.2,6.2,1
SAK-O,20260630,3.02,3.18,2.82,3.12,49
SAM-O,20260630,0.09,0.1,0.09,0.1,31
SAMART-O,20260630,5.3,5.3,4.02,4.02,39
SAMCO-O,20260630,0.59,0.87,0.58,0.58,73
SANKO-O,20260630,1.2,1.21,1.18,1.21,148
SAPPE-O,20260630,32.25,33.75,32.25,33.5,434
SAT-O,20260630,15.8,16,15.8,15.9,343
SAUCE-O,20260630,41,41.75,40.25,40.75,86
SAV-O,20260630,7.6,10.7,7.6,10.7,11
SAWAD-O,20260630,23,23.5,22.8,23.2,2352
SAWANG-O,20260630,5.5,5.5,5.5,5.5,20
SC-O,20260630,1.84,1.87,1.84,1.85,93
SCAP-O,20260630,1.66,1.76,1.27,1.29,157
SCB-O,20260630,146.5,148,146.5,148,19077
SCC-O,20260630,246,246,243,245,1027
SCCC-O,20260630,146.5,146.5,146,146,111
SCG-O,20260630,3.06,3.08,3,3.02,161
SCGD-O,20260630,5,5.05,4.98,5,219
SCGP-O,20260630,28.25,28.75,28,28.75,591
SCI-O,20260630,0.93,0.93,0.93,0.93,1
SCL-O,20260630,1.5,1.5,1.5,1.5,26
SCN-O,20260630,0.45,0.45,0.45,0.45,2
SCP-O,20260630,9.05,9.05,9,9.05,99
SDC-O,20260630,0.03,0.03,0.03,0.03,10
SE-ED-O,20260630,1.64,1.64,1.64,1.64,4
SE-O,20260630,0.48,0.5,0.48,0.5,67
SEAFCO-O,20260630,2.98,3.08,2.98,3.02,143
SEAOIL-O,20260630,3.14,3.14,3.12,3.12,12
SECURE-O,20260630,12.5,12.6,12.5,12.6,40
SELIC-O,20260630,1.96,1.96,1.96,1.96,85
SENA-O,20260630,1.72,1.74,1.71,1.74,245
SENX-O,20260630,0.22,0.22,0.22,0.22,23
SFLEX-O,20260630,2.94,2.98,2.94,2.98,27
SGC-O,20260630,1.51,1.51,1.48,1.49,189
SGP-O,20260630,7.95,7.95,7.95,7.95,12
SHR-O,20260630,1.91,1.91,1.7,1.7,70
SICT-O,20260630,2.84,2.86,2.82,2.86,204
SINGER-O,20260630,9.95,9.95,9.55,9.55,372
SINO-O,20260630,0.9,0.9,0.9,0.9,9
SIRI-O,20260630,1.44,1.48,1.44,1.46,1569
SIS-O,20260630,21.1,21.2,21,21,300
SISB-O,20260630,9.7,9.7,9.6,9.6,175
SJWD-O,20260630,7.5,8,7.5,8,82
SK-O,20260630,0.52,0.52,0.52,0.52,61
SKE-O,20260630,0.19,0.21,0.19,0.19,61
SKN-O,20260630,5.4,5.4,5.4,5.4,20
SKY-O,20260630,14.7,14.7,14.7,14.7,54
SLP-O,20260630,0.53,0.53,0.53,0.53,1
SMART-O,20260630,0.55,0.55,0.54,0.54,59
SMD100-O,20260630,1.08,1.09,1.08,1.09,92
SMIT-O,20260630,3.48,3.48,3.48,3.48,107
SMO-O,20260630,3.78,3.8,3.76,3.76,21
SMPC-O,20260630,9.1,9.1,9.05,9.1,131
SMT-O,20260630,3.6,3.6,3.6,3.6,2
SNC-O,20260630,7.5,7.75,7.5,7.75,131
SNNP-O,20260630,6.7,6.9,6.7,6.9,158
SNP-O,20260630,8.9,8.95,8.8,8.95,29
SO-O,20260630,4.64,4.64,4.64,4.64,3
SOLAR-O,20260630,0.23,0.23,0.22,0.22,85
SONIC-O,20260630,1.51,1.51,1.51,1.51,1
SORKON-O,20260630,2.5,3.58,2.5,3.58,87
SPA-O,20260630,3.28,3.36,3.28,3.32,187
SPALI-O,20260630,15.9,16.1,15.8,16,684
SPC-O,20260630,55.5,55.75,55,55,115
SPCG-O,20260630,8.9,8.95,8.9,8.9,199
SPRC-O,20260630,7.5,7.7,7.45,7.5,419
SPTX-O,20260630,0.01,0.01,0.01,0.01,1359
SPVI-O,20260630,3.1,3.14,3.1,3.14,169
SRICHA-O,20260630,18,18.8,18,18.7,311
SRIPANWA-O,20260630,5.25,5.25,5.25,5.25,2
SSP-O,20260630,3.96,3.98,3.96,3.98,100
SSSC-O,20260630,2.2,2.2,2.18,2.2,69
SST-O,20260630,0.69,0.69,0.69,0.69,83
SSTRT-O,20260630,4.6,4.6,4.6,4.6,55
STA-O,20260630,16.6,17.2,16.6,16.9,687
STANLY-O,20260630,247,249,247,248,261
STC-O,20260630,0.57,0.57,0.57,0.57,100
STECON-O,20260630,18.4,18.4,18.1,18.1,1044
STGT-O,20260630,12,12,10,10.2,352
STI-O,20260630,1.72,1.72,1.72,1.72,9
STOWER-O,20260630,0.03,0.04,0.03,0.03,151
STPI-O,20260630,5.3,5.35,5.25,5.35,117
SUC-O,20260630,27.25,27.25,27.25,27.25,40
SUN-O,20260630,2.26,2.32,2.26,2.32,288
SUPER-O,20260630,0.13,0.13,0.12,0.12,389
SUPEREIF-O,20260630,6.05,6.05,6.05,6.05,17
SUSCO-O,20260630,2.14,2.14,2.12,2.14,486
SVR-O,20260630,0.33,0.33,0.32,0.32,54
SVT-O,20260630,1.36,1.46,1.36,1.4,31
SYNEX-O,20260630,8.65,8.75,8.65,8.75,294
SYNTEC-O,20260630,1.64,1.64,1.32,1.32,86
TACC-O,20260630,6.1,6.25,6.1,6.25,58
TAN-O,20260630,3.7,3.7,3.66,3.66,100
TASCO-O,20260630,13.5,13.6,13.5,13.6,895
TATG-O,20260630,1,1,1,1,1
TBN-O,20260630,3.54,3.54,3.52,3.52,142
TC-O,20260630,6.1,6.25,6.1,6.25,4
TCAP-O,20260630,67,67.5,66.25,67.5,1114
TCC-O,20260630,0.33,0.35,0.33,0.35,31
TEAM-O,20260630,4.72,4.74,4.64,4.7,37
TEAMG-O,20260630,2.94,2.94,2.94,2.94,48
TEGH-O,20260630,3.1,3.12,3.1,3.12,13
TEKA-O,20260630,1.73,1.73,1.73,1.73,10
TFFIF-O,20260630,6.9,6.9,6.7,6.75,224
TFG-O,20260630,9.85,10.1,9.8,10,1925
TFI-O,20260630,0.05,0.05,0.05,0.05,1
TFM-O,20260630,6.6,6.6,6.5,6.5,52
TFMAMA-O,20260630,186.5,187,186,186,128
TGH-O,20260630,12.3,12.3,12.3,12.3,2
TGPRO-O,20260630,0.03,0.04,0.03,0.04,66
THAI-O,20260630,6.05,6.45,6,6.3,4197
THANI-O,20260630,1.73,1.76,1.73,1.75,319
THCOM-O,20260630,11.3,11.3,11.1,11.3,433
THG-O,20260630,7.15,7.4,7,7.4,152
THRE-O,20260630,0.38,0.38,0.38,0.38,20
THREL-O,20260630,1,1,0.98,0.98,149
TIDLOR-O,20260630,19.1,19.3,19,19.1,1471
TIGER-O,20260630,0.58,0.59,0.58,0.58,27
TIPCO-O,20260630,6.05,6.1,6,6.05,111
TIPH-O,20260630,22.1,22.1,22,22.1,97
TISCO-O,20260630,118,119,118,118.5,5290
TITLE-O,20260630,8.45,8.45,8.45,8.45,45
TKN-O,20260630,4.14,4.18,4.14,4.18,227
TKS-O,20260630,7.2,7.2,7.1,7.1,104
TL-O,20260630,0.42,0.42,0.42,0.42,1
TLI-O,20260630,11.3,11.6,11.2,11.6,911
TM-O,20260630,0.85,0.94,0.85,0.94,97
TMAN-O,20260630,10.8,11,10.8,10.9,83
TMC-O,20260630,0.71,0.71,0.71,0.71,12
TMILL-O,20260630,2.6,2.6,2.6,2.6,1
TMT-O,20260630,3.4,3.4,3.4,3.4,3
TMW-O,20260630,58.75,58.75,57.75,58.25,348
TNDT-O,20260630,0.13,0.13,0.13,0.13,35
TNH-O,20260630,29.5,29.5,29.5,29.5,1
TNP-O,20260630,3,3,2.08,2.84,230
TNPF-O,20260630,1.02,1.02,1.02,1.02,8
TNR-O,20260630,5,5.35,5,5.35,76
TOA-O,20260630,14.4,14.8,14.4,14.6,404
TOG-O,20260630,7.15,7.15,7.1,7.1,24
TOP-O,20260630,47.75,48.5,47.5,48,1937
TPAC-O,20260630,8.5,8.5,8,8,17
TPCS-O,20260630,9.75,9.9,9,9.9,30
TPIPL-O,20260630,0.79,0.89,0.79,0.8,38
TPIPP-O,20260630,1.76,1.76,1.74,1.76,237
TPL-O,20260630,0.56,0.56,0.54,0.54,10
TPOLY-O,20260630,0.09,0.09,0.09,0.09,1
TPP-O,20260630,12.2,12.2,12.2,12.2,5
TPS-O,20260630,3.18,3.18,3.02,3.02,47
TQM-O,20260630,14,14.5,13.9,14.5,85
TQR-O,20260630,5.35,5.35,5.35,5.35,10
TRC-O,20260630,0.55,0.58,0.4,0.58,253
TRITN-O,20260630,0.03,0.03,0.03,0.03,10
TRP-O,20260630,4.2,4.2,4.2,4.2,1
TRT-O,20260630,13.7,13.7,12.7,12.7,347
TRU-O,20260630,3.84,3.84,3.8,3.82,119
TRUBB-O,20260630,1.07,1.07,1.05,1.05,211
TRUE-O,20260630,12.9,13.1,12.9,13,4451
TSC-O,20260630,14.8,14.8,14.7,14.7,53
TSE-O,20260630,0.77,0.77,0.6,0.6,168
TSI-O,20260630,0.06,0.06,0.05,0.05,2
TSTE-O,20260630,7,7,7,7,9
TSTH-O,20260630,0.87,0.87,0.87,0.87,1
TTA-O,20260630,4.74,4.74,4.66,4.72,272
TTB-O,20260630,2.4,2.5,2.4,2.46,7437
TTLPF-O,20260630,9.5,9.5,9.45,9.5,179
TTT-O,20260630,40.5,40.5,39,40,44
TTW-O,20260630,9.5,10,9.5,9.8,1324
TU-O,20260630,11.7,11.8,11.6,11.8,1560
TU-PF-O,20260630,1.15,1.15,1.15,1.15,3
TURBO-O,20260630,1.54,1.58,1.54,1.55,132
TVDH-O,20260630,0.06,0.06,0.06,0.06,2
TVO-O,20260630,26.5,26.75,25.75,26.25,395
TWP-O,20260630,1.12,1.12,1.12,1.12,18
TWZ-O,20260630,0.01,0.01,0.01,0.01,25
UAC-O,20260630,2.6,2.6,2.6,2.6,61
UBE-O,20260630,0.55,0.57,0.54,0.54,169
UBIS-O,20260630,1.35,1.35,1.35,1.35,23
UKEM-O,20260630,1.05,1.05,1.05,1.05,1
UMS-O,20260630,1,1,0.95,0.95,18
UNIQ-O,20260630,2.78,2.78,2.76,2.76,10
UNIX-O,20260630,1.7,1.7,1.7,1.7,80
UP-O,20260630,23.6,23.6,23.6,23.6,17
UPOIC-O,20260630,6.8,6.8,6.8,6.8,10
UREKA-O,20260630,0.46,0.46,0.46,0.46,12
UTP-O,20260630,7.95,8.1,7.95,8.05,131
UV-O,20260630,0.84,0.84,0.83,0.83,10
UVAN-O,20260630,14.8,16.1,14.7,14.8,188
VCOM-O,20260630,3.88,3.9,3.88,3.9,114
VGI-O,20260630,0.94,0.95,0.92,0.92,249
VIBHA-O,20260630,1.37,1.37,1.37,1.37,28
VIH-O,20260630,8.45,8.45,8.4,8.4,28
VL-O,20260630,0.8,0.8,0.8,0.8,60
VRANDA-O,20260630,4.38,4.38,4.38,4.38,2
WACOAL-O,20260630,15.5,15.5,15.5,15.5,18
WASH-O,20260630,4.1,4.1,4.1,4.1,1
WAVE-O,20260630,0.04,0.04,0.04,0.04,59
WFX-O,20260630,0.99,0.99,0.92,0.92,9
WGE-O,20260630,0.74,0.74,0.74,0.74,64
WHA-O,20260630,5.05,5.25,5.05,5.2,3002
WHABT-O,20260630,6,6,6,6,12
WHAIR-O,20260630,7.75,7.75,7.75,7.75,18
WHART-O,20260630,11.1,11.2,10.9,11,305
WHAUP-O,20260630,7,7.15,7,7.05,787
WICE-O,20260630,2.54,2.54,2.54,2.54,17
WIIK-O,20260630,1.01,1.02,1.01,1.02,4
WIN-O,20260630,0.3,0.3,0.3,0.3,1
WINMED-O,20260630,0.78,0.78,0.75,0.75,101
WINNER-O,20260630,2.12,2.12,2.1,2.1,63
WORK-O,20260630,3.5,3.5,3.5,3.5,1
WP-O,20260630,3.76,3.76,3.74,3.76,122
WPH-O,20260630,6.05,6.05,5.8,5.85,110
XBIO-O,20260630,0.06,0.07,0.06,0.07,87
XO-O,20260630,18.8,20,18.8,18.9,554
XPG-O,20260630,0.46,0.46,0.45,0.45,5
XYZ-O,20260630,0.22,0.22,0.22,0.22,98
YGG-O,20260630,0.13,0.18,0.13,0.18,275
YONG-O,20260630,0.73,0.73,0.73,0.73,5
YUASA-O,20260630,14.2,14.7,14.2,14.7,5
ZIGA-O,20260630,0.88,0.88,0.88,0.88,14
2S,20260630,3.06,3.06,3.02,3.04,23700
3BBIF,20260630,6.5,6.5,6.45,6.5,8718700
88TH,20260630,4.3,4.36,4.26,4.32,785100
A,20260630,2.98,3,2.7,3,400
A5,20260630,1.83,1.83,1.82,1.82,17700
AAI,20260630,3.86,3.9,3.86,3.88,2513300
AAV,20260630,1.1,1.11,1.09,1.1,44637800
ABM,20260630,0.5,0.52,0.49,0.49,29100
ACC,20260630,0.35,0.36,0.34,0.35,2735300
ACE,20260630,1.28,1.29,1.28,1.29,314800
ACG,20260630,0.73,0.73,0.72,0.73,50200
ADB,20260630,0.67,0.67,0.65,0.66,1947300
ADD,20260630,3.06,3.08,3.06,3.08,721500
ADVANC,20260630,360,370,358,367,17066600
ADVICE,20260630,6.25,6.25,6.2,6.2,966200
AE,20260630,0.09,0.1,0.08,0.1,689100
AEONTS,20260630,97.5,98.75,97.5,98,624400
AF,20260630,0.34,0.34,0.33,0.33,700
AFC,20260630,4.16,4.16,3.94,4.06,8500
AGE,20260630,1.21,1.23,1.21,1.22,531300
AH,20260630,13.8,14,13.7,13.9,600800
AHC,20260630,12.6,12.6,12.6,12.6,5000
AI,20260630,2.88,2.88,2.86,2.88,251900
AIE,20260630,1.13,1.13,1.11,1.12,549600
AIMCG,20260630,1.39,1.45,1.38,1.42,182600
AIMIRT,20260630,11.5,11.5,11.4,11.5,73100
AIRA,20260630,1,1,1,1,16500
AIT,20260630,4.72,4.72,4.7,4.7,622700
AJ,20260630,3,3,2.88,2.88,5327000
AJA,20260630,0.13,0.14,0.12,0.13,11405000
AKP,20260630,0.7,0.71,0.69,0.7,467300
AKR,20260630,0.91,0.92,0.91,0.91,138900
AKS,20260630,0.01,0.02,0.01,0.01,4800600
ALLA,20260630,1.16,1.17,1.16,1.16,247700
ALLY,20260630,4.76,4.82,4.76,4.8,367700
ALPHAX,20260630,0.27,0.28,0.27,0.28,667500
ALT,20260630,1.81,1.84,1.8,1.81,2312400
ALUCON,20260630,234,235,234,235,400
AMA,20260630,3.84,3.84,3.78,3.84,449300
AMANAH,20260630,0.72,0.72,0.7,0.71,381200
AMARC,20260630,3.28,3.32,3.28,3.32,768300
AMARIN,20260630,2.22,2.22,2.22,2.22,400
AMATA,20260630,26.75,27.25,26.5,26.75,7184200
AMATAR,20260630,7.35,7.35,7.3,7.35,27300
AMATAV,20260630,2.02,2.02,2.02,2.02,48000
AMC,20260630,2.1,2.1,2.06,2.1,53600
AMR,20260630,0.42,0.42,0.41,0.42,122000
ANAN,20260630,0.33,0.34,0.32,0.33,1593400
ANI,20260630,2.8,2.86,2.78,2.84,263800
AOT,20260630,62.75,64.25,62.75,64.25,49059300
AP,20260630,7.4,7.55,7.3,7.55,16886400
APCO,20260630,2.56,2.56,2.5,2.56,180000
APCS,20260630,1.42,1.42,1.42,1.42,5000
APO,20260630,2,2.04,2,2.02,266700
APP,20260630,2.54,2.54,2.48,2.52,210700
APURE,20260630,2.02,2.04,2,2.04,104500
AQUA,20260630,0.1,0.11,0.09,0.1,2629100
ARIN,20260630,0.5,0.5,0.49,0.49,424700
ARIP,20260630,0.46,0.47,0.45,0.46,329000
ARROW,20260630,5.8,5.85,5.7,5.8,56600
AS,20260630,2.32,2.34,2.28,2.3,504400
ASAP,20260630,2.1,2.1,2,2.02,218400
ASEFA,20260630,5.75,6,5.7,5.75,1085100
ASIA,20260630,5.35,5.35,5.35,5.35,200
ASIAN,20260630,7.25,7.25,7.15,7.2,510500
ASIMAR,20260630,1.3,1.31,1.29,1.3,106000
ASK,20260630,10,10.3,9.95,10.1,1334100
ASN,20260630,0.8,0.84,0.72,0.81,4000
ASP,20260630,2.16,2.18,2.16,2.18,1240100
ASTR,20260630,4.88,5,4.8,4.98,117600
ASW,20260630,6.8,7,6.8,7,195200
ATLAS,20260630,1.83,1.83,1.82,1.82,2160900
ATP30,20260630,0.86,0.86,0.84,0.84,372700
AU,20260630,4.76,4.86,4.74,4.86,872700
AUCT,20260630,4.24,4.24,4.06,4.1,1165000
AURA,20260630,13.8,14.1,13.8,14,1782600
AWC,20260630,2.74,2.74,2.68,2.68,72362400
AXTRART,20260630,12.7,12.8,12.6,12.8,1940800
AYUD,20260630,40,40.5,40,40,60400
B,20260630,0.03,0.04,0.03,0.03,1788400
B-WORK,20260630,6.3,6.4,6.3,6.4,46800
B52,20260630,0.25,0.27,0.25,0.27,22100
BA,20260630,18.2,18.7,18.2,18.5,11746200
BAFS,20260630,10.1,10.3,9.95,10.2,1577800
BAM,20260630,6.55,6.65,6.5,6.55,12496300
BANPU,20260630,5.4,5.45,5.35,5.4,18532700
BAREIT,20260630,11.1,11.2,11.1,11.2,583400
BAY,20260630,39.25,41.5,39.25,41,5818500
BBGI,20260630,3.96,3.98,3.92,3.96,701200
BBIK,20260630,18.7,19,18.6,18.8,828100
BBL,20260630,178,180,177.5,179.5,12188100
BC,20260630,0.64,0.66,0.59,0.6,260500
BCH,20260630,9.95,10,9.85,9.9,8751500
BCP,20260630,33,34,32.75,34,21782600
BCPG,20260630,6.95,7.05,6.95,7.05,5270200
BCT,20260630,50,50,50,50,200
BDMS,20260630,19.5,19.5,19.1,19.3,113639200
BE8,20260630,5.7,5.75,5.6,5.65,259600
BEAUTY,20260630,0.36,0.37,0.35,0.36,6716800
BEC,20260630,2.04,2.06,2.04,2.04,390900
BEM,20260630,6.2,6.35,6.1,6.2,88279700
BEYOND,20260630,8.8,8.9,8.55,8.6,17000
BGC,20260630,7.05,7.1,7,7.05,108700
BGRIM,20260630,17,17.3,16.8,17,18615100
BGT,20260630,0.35,0.36,0.35,0.36,8200
BH,20260630,191,191.5,186,188,5791000
BIG,20260630,0.3,0.3,0.29,0.3,886400
BIOTEC,20260630,0.24,0.25,0.23,0.24,2538500
BIS,20260630,2.02,2.02,1.99,2,232900
BIZ,20260630,5.75,5.8,5.7,5.75,511000
BJC,20260630,14.6,14.9,14.6,14.7,7483800
BKA,20260630,0.87,0.87,0.83,0.85,4597800
BKD,20260630,1.11,1.12,1.11,1.11,7700
BKGI,20260630,2,2.08,2,2.04,1144500
BKIH,20260630,373,374,370,371,10600
BLA,20260630,24.4,24.7,24.3,24.7,3279700
BLAND,20260630,0.45,0.46,0.44,0.45,3696000
BLC,20260630,3.88,3.94,3.88,3.9,241300
BLESS,20260630,0.25,0.26,0.24,0.25,202400
BM,20260630,1.21,1.21,1.18,1.2,2083400
BOFFICE,20260630,5.3,5.35,5.25,5.3,368000
BOL,20260630,4.9,4.92,4.9,4.9,350100
BPP,20260630,11,11.3,11,11.3,57200
BPS,20260630,0.5,0.5,0.49,0.49,17100
BR,20260630,1.97,1.98,1.96,1.98,289100
BRI,20260630,1.23,1.24,1.22,1.23,182800
BROCK,20260630,1.19,1.19,1.19,1.19,1100
BRR,20260630,3.6,3.62,3.58,3.6,38800
BRRGIF,20260630,3.74,3.76,3.74,3.76,79000
BSBM,20260630,0.56,0.57,0.56,0.56,182200
BSM,20260630,0.6,0.69,0.59,0.69,1544400
BTC,20260630,0.15,0.16,0.15,0.15,1754600
BTG,20260630,20.8,20.9,20.5,20.7,7289500
BTNC,20260630,14.5,14.5,14.5,14.5,300
BTS,20260630,2.24,2.24,2.1,2.1,341957400
BTSGIF,20260630,2.42,2.44,2.42,2.42,1087800
BTW,20260630,0.06,0.08,0.06,0.07,26100
BUI,20260630,10.8,10.9,10.8,10.9,3000
BVG,20260630,1.57,1.59,1.57,1.57,509500
BWG,20260630,0.27,0.27,0.26,0.27,20354200
BYD,20260630,0.49,0.49,0.48,0.48,2340700
CAZ,20260630,2.02,2.06,1.98,2.02,2613300
CBG,20260630,47,48,46.75,47.25,24768700
CCET,20260630,8.9,9.15,8.85,9,85377700
CCP,20260630,0.27,0.27,0.26,0.26,820400
CEN,20260630,0.6,0.6,0.59,0.6,178700
CENTEL,20260630,36.75,37.75,36.25,37,18594600
CEYE,20260630,1.13,1.13,1.13,1.13,7800
CFARM,20260630,0.83,0.83,0.81,0.81,1480900
CFRESH,20260630,1.07,1.07,1.04,1.05,1368800
CGD,20260630,0.11,0.12,0.1,0.11,22655500
CGH,20260630,0.7,0.75,0.65,0.65,130726500
CH,20260630,1.51,1.51,1.46,1.48,35200
CHAO,20260630,4.22,4.22,4.18,4.22,113300
CHARAN,20260630,16.9,16.9,16.9,16.9,300
CHASE,20260630,0.49,0.49,0.48,0.48,532400
CHAYO,20260630,1.22,1.24,1.2,1.21,2321400
CHEWA,20260630,0.17,0.18,0.16,0.17,2900000
CHG,20260630,1.6,1.6,1.56,1.56,37805400
CHIC,20260630,0.3,0.31,0.29,0.29,122900
CHO,20260630,0.03,0.03,0.02,0.03,8229800
CHOTI,20260630,63.5,63.5,63.5,63.5,100
CHOW,20260630,1.32,1.32,1.32,1.32,48300
CI,20260630,0.34,0.34,0.32,0.34,55200
CIG,20260630,0.03,0.03,0.02,0.03,246300
CITY,20260630,1.19,1.19,1.16,1.19,5700
CIVIL,20260630,1.11,1.14,1.1,1.1,333900
CK,20260630,19.9,20,19.4,19.6,6088400
CKP,20260630,2.4,2.42,2.36,2.38,6504400
CM,20260630,1.56,1.56,1.55,1.55,50700
CMAN,20260630,2.78,2.8,2.78,2.8,320900
CMC,20260630,0.41,0.41,0.4,0.4,88900
CMO,20260630,0.8,0.83,0.8,0.81,489300
CMR,20260630,1.26,1.28,1.26,1.27,120500
CNT,20260630,1.67,1.69,1.61,1.62,2072300
COCOCO,20260630,5.8,5.85,5.75,5.8,955600
COLOR,20260630,1.02,1.02,1.02,1.02,4100
COM7,20260630,27.5,28.5,27,27.75,189641000
COMAN,20260630,0.5,0.5,0.5,0.5,100
CPALL,20260630,46,47,45.75,46.75,47286700
CPANEL,20260630,1.22,1.23,1.19,1.2,4200
CPAXT,20260630,14.9,15,14.8,14.9,11387200
CPF,20260630,19.6,19.7,19.5,19.6,27285400
CPH,20260630,7.85,7.85,7.7,7.75,30500
CPI,20260630,3.5,3.5,3.46,3.48,95000
CPL,20260630,0.67,0.69,0.65,0.66,805900
CPN,20260630,66.75,67.75,66.25,67,11631300
CPNCG,20260630,5.1,5.15,5.1,5.1,76400
CPNREIT,20260630,12.9,12.9,12.8,12.9,1606000
CPR,20260630,2.56,2.56,2.56,2.56,15500
CPT,20260630,1,1.01,0.99,1,152800
CPTREIT,20260630,6.5,6.5,6.45,6.5,64700
CPW,20260630,2.36,2.4,2.36,2.38,217300
CRANE,20260630,0.39,0.39,0.38,0.39,710700
CRC,20260630,23.5,23.8,23.2,23.5,13291700
CRD,20260630,0.43,0.45,0.43,0.44,1022900
CREDIT,20260630,19.9,22.6,19.9,21.6,2516900
CSC,20260630,44,44,44,44,500
CSP,20260630,0.4,0.4,0.37,0.4,275500
CSR,20260630,73,73,73,73,100
CSS,20260630,1.01,1.04,0.99,1.03,4916800
CTARAF,20260630,4.64,4.66,4.64,4.66,118200
CTW,20260630,7.25,7.4,7.05,7.1,254500
CWT,20260630,0.91,0.99,0.9,0.99,12497100
D,20260630,2.9,2.94,2.9,2.94,98900
DCC,20260630,1.44,1.47,1.44,1.45,2646600
DCON,20260630,0.19,0.19,0.18,0.19,639100
DDD,20260630,4.82,4.86,4.8,4.8,174700
DELTA,20260630,325,328,322,325,17473100
DEMCO,20260630,3.78,3.78,3.54,3.54,950400
DEXON,20260630,0.87,0.89,0.83,0.87,120400
DHOUSE,20260630,0.35,0.35,0.34,0.35,8100
DIF,20260630,10.1,10.2,10.1,10.1,5183400
DIMET,20260630,0.07,0.07,0.06,0.07,338400
DITTO,20260630,13.7,14.3,13.6,14,6904800
DMT,20260630,11.9,11.9,11.8,11.8,546500
DOD,20260630,1.09,1.38,1.08,1.29,7747400
DOHOME,20260630,3.78,3.82,3.7,3.72,20699300
DPAINT,20260630,0.27,0.27,0.26,0.26,356500
DREIT,20260630,4.86,4.9,4.86,4.9,144000
DRT,20260630,5,5.05,5,5,247700
DTCENT,20260630,0.95,0.95,0.94,0.95,380600
DUSIT,20260630,11.1,11.2,11.1,11.2,94100
EA,20260630,2.9,2.94,2.88,2.9,47224300
EASON,20260630,1.13,1.15,1.13,1.13,343000
EAST,20260630,0.72,0.72,0.7,0.71,135900
EASTW,20260630,4.3,4.64,4.28,4.62,10347700
ECF,20260630,0.08,0.1,0.07,0.09,22895300
EFORL,20260630,0.12,0.13,0.12,0.13,1140200
EGATIF,20260630,6.15,6.2,6.1,6.2,360300
EGCO,20260630,118.5,120,117.5,120,1056700
EKH,20260630,4.96,4.98,4.96,4.98,1002200
EMC,20260630,0.02,0.02,0.01,0.02,110000
EMPIRE,20260630,0.2,0.2,0.19,0.19,1701300
EP,20260630,1.08,1.08,1.07,1.07,54400
EPG,20260630,5.75,5.85,5.7,5.75,17695300
ERW,20260630,3.04,3.1,3.04,3.08,19027000
ESTAR,20260630,0.2,0.21,0.2,0.2,163900
ETC,20260630,0.71,0.71,0.7,0.71,1630500
ETE,20260630,0.57,0.57,0.52,0.54,327900
ETL,20260630,0.4,0.41,0.39,0.4,1062100
EURO,20260630,5.3,5.4,5.3,5.4,135800
EVER,20260630,0.08,0.09,0.07,0.09,2347300
FANCY,20260630,0.29,0.32,0.28,0.32,147400
FLOYD,20260630,1.01,1.03,1.01,1.02,163600
FM,20260630,4.2,4.22,4.16,4.16,1285400
FMT,20260630,21,21,20.5,21,1600
FN,20260630,0.47,0.47,0.46,0.46,28200
FNS,20260630,0.53,0.56,0.53,0.55,13000
FORTH,20260630,15.2,16.3,15.2,15.8,19335800
FPI,20260630,1.51,1.52,1.49,1.5,60800
FPT,20260630,6.45,6.5,6.45,6.5,64100
FSMART,20260630,7.05,7.3,7.05,7.15,2182700
FSX,20260630,1.08,1.15,1.07,1.09,59500
FTE,20260630,2.58,2.62,2.58,2.6,1393300
FTI,20260630,1.77,1.84,1.77,1.77,50100
FTREIT,20260630,11.8,11.9,11.7,11.9,3017100
FUTURERT,20260630,8.95,8.95,8.9,8.9,182600
FVC,20260630,0.31,0.35,0.31,0.32,9032900
GABLE,20260630,3.92,3.94,3.9,3.92,1358600
GAHREIT,20260630,3.96,3.98,3.96,3.98,9200
GBX,20260630,0.58,0.64,0.58,0.61,5346700
GC,20260630,4.72,4.74,4.7,4.72,122000
GCAP,20260630,0.25,0.26,0.25,0.26,243600
GEL,20260630,0.02,0.04,0.02,0.03,39533000
GENCO,20260630,0.32,0.33,0.32,0.32,76200
GFC,20260630,2.32,2.32,2.28,2.32,20300
GFPT,20260630,8.9,8.95,8.85,8.95,1416400
GGC,20260630,3.5,3.54,3.48,3.54,15800
GJS,20260630,0.13,0.14,0.12,0.13,3479900
GLOBAL,20260630,6.95,7.2,6.85,7.1,18527400
GLORY,20260630,1.08,1.11,1.05,1.06,162100
GPI,20260630,1.73,1.73,1.69,1.72,526600
GPSC,20260630,43.75,44.75,43.5,44,7677100
GRAMMY,20260630,2.9,3.02,2.9,2.9,6900
GRAND,20260630,0.03,0.03,0.02,0.02,280300
GREEN,20260630,0.75,0.76,0.74,0.74,214000
GROREIT,20260630,9,9.1,9,9.1,181600
GTB,20260630,0.7,0.71,0.69,0.7,70500
GTV,20260630,0.02,0.03,0.02,0.02,9367000
GULF,20260630,61,61.75,60.5,61.5,48602600
GUNKUL,20260630,4.24,4.28,4.16,4.24,159214200
GVREIT,20260630,7.5,7.6,7.45,7.6,508700
HANA,20260630,38,39,37.75,39,35475000
HANN,20260630,0.91,0.91,0.89,0.89,598400
HARN,20260630,2.04,2.06,2.04,2.04,142800
HENG,20260630,0.92,0.92,0.91,0.92,509700
HFT,20260630,4.04,4.04,4.02,4.04,58600
HL,20260630,5.6,5.6,5.55,5.6,83000
HMPRO,20260630,6.25,6.65,6.25,6.55,158148900
HPF,20260630,6.15,6.15,6.1,6.1,73600
HPT,20260630,0.14,0.14,0.13,0.14,2839700
HTC,20260630,15.6,15.7,15.5,15.7,292900
HTECH,20260630,3.46,3.5,3.44,3.48,164900
HUMAN,20260630,4.6,4.6,4.54,4.56,939400
HYDRO,20260630,0.07,0.08,0.06,0.06,1245500
HYDROGEN,20260630,8.4,8.4,8.4,8.4,200
I2,20260630,0.85,0.86,0.82,0.83,2656000
ICC,20260630,24.1,24.1,24,24,11600
ICHI,20260630,14,14,13.8,14,4509900
ICN,20260630,2.06,2.08,2.02,2.04,418100
IDG,20260630,1.26,1.29,1.26,1.26,13000
IFS,20260630,1.83,1.84,1.83,1.83,30100
IHL,20260630,1.37,1.37,1.36,1.37,3500
IIG,20260630,1.37,1.39,1.36,1.36,84300
III,20260630,4.12,4.2,4.12,4.2,113100
ILINK,20260630,4.98,5,4.96,4.98,758400
ILM,20260630,12.4,12.6,12.4,12.6,186400
IMH,20260630,3,3.04,3,3.04,9700
IMPACT,20260630,11.4,11.6,11.3,11.6,511800
IND,20260630,0.88,0.95,0.88,0.9,2479400
INET,20260630,4.24,4.5,4.2,4.2,13280800
INETREIT,20260630,12.6,12.7,12.6,12.7,950200
INOX,20260630,4.2,4.2,4.16,4.18,9600
INSET,20260630,3.68,3.76,3.66,3.72,13871900
INSURE,20260630,52.75,52.75,50.75,51.25,800
IP,20260630,4.44,4.5,4.44,4.46,65900
IRC,20260630,11.8,11.9,11.8,11.9,5100
IRCP,20260630,0.26,0.28,0.26,0.27,891000
IROYAL,20260630,4.52,4.52,4.48,4.48,166700
IRPC,20260630,1.86,1.87,1.82,1.83,142766700
ISSARA,20260630,6.7,6.7,6.7,6.7,200
IT,20260630,5.75,5.8,5.7,5.8,40300
ITC,20260630,16.3,16.4,16.1,16.1,4810100
ITD,20260630,0.38,0.39,0.37,0.38,24021000
ITEL,20260630,1.54,1.58,1.45,1.45,24217300
ITNS,20260630,1.69,1.7,1.68,1.7,63100
ITTHI,20260630,1.31,1.43,1.31,1.39,5412400
IVF,20260630,0.76,0.79,0.73,0.74,4718200
IVL,20260630,21.8,22.3,21.6,22,25301100
J,20260630,0.72,0.72,0.71,0.71,309400
JAK,20260630,0.9,0.9,0.87,0.88,160000
JAS,20260630,1.15,1.15,1.13,1.13,36641500
JCK,20260630,0.12,0.13,0.12,0.13,245000
JDF,20260630,1.94,1.95,1.93,1.93,327800
JMART,20260630,9.5,9.7,9.3,9.4,21942300
JMT,20260630,11.8,12.1,11.5,11.6,29810000
JPARK,20260630,3.12,3.18,3.12,3.16,542800
JR,20260630,1.78,1.78,1.76,1.78,56200
JSP,20260630,1.76,1.78,1.75,1.75,45900
JTS,20260630,32.5,32.5,31.5,32,450800
JUBILE,20260630,7.2,7.25,7.1,7.25,188800
K,20260630,0.96,0.98,0.96,0.98,8500
KAMART,20260630,7.75,7.8,7.65,7.75,687100
KASET,20260630,0.7,0.71,0.66,0.69,1211200
KBANK,20260630,217,219,216,218,12529300
KBS,20260630,5.85,5.85,5.8,5.8,166200
KBSPIF,20260630,9.5,9.6,9.5,9.55,78000
KC,20260630,0.03,0.03,0.02,0.02,1476700
KCAR,20260630,4.84,4.86,4.76,4.82,137100
KCC,20260630,3.22,3.3,3.22,3.22,1354600
KCE,20260630,39,41.75,39,41.75,43601100
KCG,20260630,10.2,10.4,10.1,10.1,635500
KCM,20260630,0.29,0.29,0.27,0.28,299100
KDH,20260630,83.75,85,83.75,85,3000
KGEN,20260630,2.24,2.26,1.98,2.1,39181100
KGI,20260630,4.38,4.42,4.38,4.4,2529100
KIAT,20260630,0.34,0.35,0.34,0.34,98600
KISS,20260630,3.62,3.8,3.58,3.72,1670100
KJL,20260630,6.1,6.15,6.1,6.1,21300
KK,20260630,1.02,1.05,1.02,1.02,414000
KKP,20260630,100.5,101.5,100,100.5,7623300
KLINIQ,20260630,26.75,27,26.25,26.75,259300
KOOL,20260630,0.3,0.31,0.29,0.3,4238900
KPNREIT,20260630,1.97,2,1.97,2,6000
KSL,20260630,1.57,1.58,1.54,1.56,1154800
KTB,20260630,37.5,38.5,37,38,101067600
KTBSTMR,20260630,6.3,6.3,6.25,6.3,80800
KTC,20260630,32.5,33.5,32.5,33.25,16545800
KTIS,20260630,1.85,1.86,1.84,1.84,21000
KTMS,20260630,1.31,1.33,1.29,1.29,176700
KUMWEL,20260630,2.06,2.1,1.96,1.96,2188100
KUN,20260630,0.68,0.71,0.59,0.62,3555400
KWM,20260630,0.78,0.8,0.77,0.78,56000
KYE,20260630,308,308,307,308,4200
L&E,20260630,1.17,1.19,1.17,1.18,12700
LALIN,20260630,4.28,4.32,4.28,4.32,46900
LANNA,20260630,14.5,14.6,14.4,14.5,589300
LDC,20260630,0.26,0.26,0.25,0.25,346200
LEE,20260630,2.48,2.48,2.46,2.46,82100
LEO,20260630,1.89,1.89,1.84,1.86,39100
LH,20260630,3.72,3.82,3.68,3.78,139171000
LHFG,20260630,1.14,1.16,1.13,1.16,9407900
LHHOTEL,20260630,13.5,13.5,13.4,13.5,396000
LHK,20260630,3.5,3.52,3.46,3.48,192200
LHRREIT,20260630,4.34,4.38,4.34,4.38,33400
LHSC,20260630,14.8,14.9,14.7,14.9,1388500
LIT,20260630,0.88,0.88,0.82,0.84,586100
LOXLEY,20260630,1.45,1.45,1.43,1.43,567500
LPH,20260630,3.52,3.54,3.52,3.52,40300
LPN,20260630,1.58,1.59,1.57,1.59,399400
LST,20260630,4.7,4.72,4.7,4.7,51500
LTMH,20260630,6.4,6.4,6.25,6.25,26300
LTS,20260630,2.72,2.76,2.66,2.7,1391600
LUXF,20260630,9.1,9.15,9.1,9.15,29200
M,20260630,21.4,21.9,21.1,21.7,4139600
M-CHAI,20260630,18.7,18.7,18.5,18.6,5500
M-PAT,20260630,1.29,1.37,1.29,1.37,800
M-STOR,20260630,7.7,7.75,7.7,7.75,300
MADAME,20260630,0.49,0.5,0.49,0.5,346400
MAGURO,20260630,17.5,17.9,17.4,17.9,1110600
MAJOR,20260630,7,7,6.9,6.9,422300
MALEE,20260630,4.04,4.14,4.04,4.06,1675700
MANRIN,20260630,21.1,21.1,21,21,2000
MASTEC,20260630,2.16,2.16,2.04,2.1,8600600
MASTER,20260630,8.7,8.7,8.55,8.6,584000
MATCH,20260630,0.9,0.93,0.88,0.92,36600
MATI,20260630,2.86,2.9,2.76,2.9,5000
MBAX,20260630,1.93,1.93,1.91,1.92,95900
MBK,20260630,19.2,19.5,19.2,19.3,1418000
MC,20260630,11.6,11.8,11.6,11.6,1202700
MCA,20260630,1.28,1.31,1.28,1.31,97500
MCOT,20260630,5.2,5.2,5.05,5.1,64400
MCS,20260630,7.7,7.7,7.6,7.7,462400
MDX,20260630,2.52,2.54,2.52,2.52,231000
MEB,20260630,12,12.5,12,12.3,774900
MEDEZE,20260630,6.7,6.75,6.5,6.5,838000
MEGA,20260630,35.5,37.25,35.5,36.75,2488300
MENA,20260630,0.72,0.73,0.7,0.71,1788600
META,20260630,0.04,0.05,0.04,0.04,967100
METCO,20260630,293,294,292,294,5800
MFC,20260630,19.6,19.9,19.6,19.8,23400
MFEC,20260630,5.8,5.85,5.75,5.75,251400
MGC,20260630,7,7.15,6.9,6.95,2981700
MGI,20260630,6.15,6.3,5.95,6.2,3049800
MGT,20260630,1.79,1.81,1.78,1.8,303000
MICRO,20260630,0.96,0.96,0.94,0.96,593200
MIDA,20260630,0.47,0.48,0.43,0.48,5900400
MII,20260630,5.9,6.05,5.9,5.95,154400
MILL,20260630,0.02,0.02,0.01,0.02,7485200
MINT,20260630,24.8,25.25,24.6,24.7,43326300
MITSIB,20260630,0.55,0.55,0.53,0.54,1447100
MJD,20260630,0.31,0.33,0.3,0.31,281000
MJLF,20260630,5.65,5.7,5.6,5.6,21400
MK,20260630,0.56,0.57,0.55,0.57,115000
ML,20260630,1.59,1.62,1.55,1.61,6167200
MMM,20260630,2.82,2.88,2.82,2.82,283800
MNIT,20260630,1.94,1.94,1.92,1.92,20400
MNIT2,20260630,4.92,4.96,4.9,4.96,5600
MNRF,20260630,2,2.04,2,2,44600
MODERN,20260630,2.06,2.06,2.04,2.06,57300
MONO,20260630,0.83,0.84,0.81,0.82,3808500
MOONG,20260630,2.3,2.3,2.28,2.3,177300
MORE,20260630,0.05,0.06,0.05,0.05,227100
MOSHI,20260630,37.25,37.75,37,37.75,425200
MOTHER,20260630,1.19,1.2,1.17,1.18,305900
MPJ,20260630,3.54,3.58,3.54,3.58,46000
MRDIYT,20260630,9.35,12.2,9.35,12.2,90111900
MSC,20260630,6.3,6.3,6.2,6.2,3400
MST,20260630,7.4,7.4,7.35,7.4,72800
MTC,20260630,31,31.75,30.5,31.5,13348800
MTI,20260630,16,16,15.6,15.9,15400
MTW,20260630,0.78,0.78,0.77,0.78,339100
MUD,20260630,0.86,0.9,0.81,0.88,188700
MVP,20260630,0.04,0.05,0.04,0.05,2299200
NAM,20260630,3.46,3.48,3.4,3.42,51900
NAT,20260630,1.75,1.81,1.75,1.79,134500
NATION,20260630,0.04,0.04,0.03,0.04,20318700
NC,20260630,1.76,1.77,1.76,1.77,3000
NCAP,20260630,2.64,2.68,2.6,2.62,2063600
NCH,20260630,0.43,0.43,0.42,0.42,161900
NCL,20260630,0.19,0.2,0.18,0.2,1309600
NCP,20260630,1.1,1.1,1.06,1.09,3300
NDR,20260630,1.92,1.93,1.87,1.87,308100
NEO,20260630,19.4,19.6,19.3,19.5,393400
NEP,20260630,0.2,0.2,0.19,0.2,2700
NER,20260630,4.32,4.38,4.32,4.36,2561000
NETBAY,20260630,9.95,10.2,9.8,10.1,764700
NEX,20260630,1.01,1.01,1,1,4592600
NKT,20260630,3.84,3.84,3.82,3.82,165600
NL,20260630,0.71,0.71,0.68,0.7,16900
NNCL,20260630,1.7,1.72,1.69,1.7,54100
NOBLE,20260630,1.76,1.79,1.75,1.77,212600
NRF,20260630,0.26,0.26,0.24,0.25,699400
NSL,20260630,22.5,22.6,22.3,22.4,641600
NTF,20260630,15.8,16.3,15.8,15.9,1941700
NTSC,20260630,6.2,6.25,6.15,6.2,12200
NTV,20260630,18.8,18.9,18.7,18.9,8300
NUT,20260630,4.98,4.98,4.9,4.98,156300
NV,20260630,0.59,0.6,0.57,0.58,111600
NVD,20260630,0.6,0.72,0.6,0.63,1987100
NYT,20260630,3.86,3.98,3.84,3.96,5911200
OCC,20260630,10.2,10.2,9.95,9.95,2100
OKJ,20260630,3.78,3.78,3.7,3.72,2243100
ONEE,20260630,2.94,3.06,2.94,3.04,1146800
ONSENS,20260630,1.2,1.2,1.18,1.2,268900
OR,20260630,12.3,12.6,12.2,12.5,45563500
ORI,20260630,1.72,1.74,1.7,1.72,3983300
ORN,20260630,0.79,0.79,0.78,0.78,23900
OSP,20260630,17.7,17.8,17.3,17.4,16826200
PACO,20260630,1.39,1.43,1.37,1.43,2490000
PAF,20260630,0.93,0.97,0.92,0.94,1874300
PANEL,20260630,1.21,1.21,1.21,1.21,600
PATO,20260630,6.1,6.15,6.05,6.1,27700
PCC,20260630,2.88,2.88,2.84,2.86,458500
PCE,20260630,2.08,2.1,2.06,2.1,2469600
PCSGH,20260630,3.04,3.04,3.02,3.04,41700
PDG,20260630,3.06,3.16,3.06,3.14,59600
PDJ,20260630,0.97,0.97,0.97,0.97,31300
PEACE,20260630,1.56,1.56,1.5,1.54,51300
PEER,20260630,0.09,0.1,0.09,0.1,5027800
PERM,20260630,0.25,0.25,0.23,0.25,107400
PF,20260630,0.05,0.05,0.04,0.05,86700
PG,20260630,6.55,6.7,6.55,6.7,3900
PHG,20260630,10.2,10.2,10.1,10.1,62700
PHOL,20260630,3.1,3.12,3.08,3.12,253600
PIMO,20260630,1.1,1.12,1.1,1.11,227100
PIN,20260630,4.28,4.32,4.28,4.3,430200
PIS,20260630,4,4.02,3.88,3.98,291700
PJW,20260630,2.04,2.06,2.02,2.06,214800
PK,20260630,0.46,0.47,0.46,0.47,251800
PL,20260630,1.27,1.27,1.27,1.27,10300
PLANB,20260630,4.56,4.76,4.48,4.64,54230600
PLANET,20260630,0.74,0.74,0.69,0.69,612100
PLAT,20260630,1.33,1.35,1.28,1.28,12612100
PLE,20260630,0.1,0.1,0.08,0.1,1565100
PLT,20260630,0.54,0.54,0.53,0.54,320800
PLUS,20260630,1.39,1.41,1.36,1.37,3265100
PM,20260630,10.8,11,10.8,11,174400
PMC,20260630,0.9,0.91,0.89,0.9,1137300
PMTA,20260630,9.6,9.7,9.6,9.7,1100
POLY,20260630,6.9,6.9,6.2,6.8,54400
POPF,20260630,8.2,8.25,8.2,8.25,120400
PORT,20260630,0.62,0.62,0.59,0.6,656600
PPM,20260630,1.8,2.18,1.8,2.02,4099700
PPP,20260630,0.76,0.76,0.73,0.74,245900
PPPM,20260630,0.21,0.22,0.19,0.21,807200
PPS,20260630,0.18,0.19,0.18,0.19,1233500
PQS,20260630,1.79,1.8,1.79,1.8,141000
PR9,20260630,17.8,18,17.6,17.7,5967900
PRAKIT,20260630,10.1,10.1,10,10,15100
PRAPAT,20260630,0.82,0.82,0.81,0.81,41500
PREB,20260630,3.5,3.52,3.48,3.48,15600
PRECHA,20260630,0.4,0.4,0.4,0.4,2800
PRG,20260630,9.15,9.2,9.15,9.15,34300
PRI,20260630,3.3,3.3,3.26,3.28,43500
PRIME,20260630,0.05,0.06,0.05,0.05,220100
PRIN,20260630,1.35,1.39,1.35,1.39,100100
PRINC,20260630,1.71,1.72,1.7,1.71,150600
PRM,20260630,8.75,8.9,8.75,8.8,4006600
PROEN,20260630,0.95,0.95,0.93,0.93,505900
PROS,20260630,0.17,0.17,0.16,0.17,103800
PROSPECT,20260630,10.1,10.3,10.1,10.2,2047800
PROUD,20260630,1,1.02,0.99,1,135200
PRTR,20260630,3.44,3.5,3.44,3.48,567400
PSGC,20260630,5.05,5.05,4.94,5,184800
PSH,20260630,3.32,3.36,3.3,3.36,755200
PSL,20260630,7,7.05,6.9,7.05,1961900
PSP,20260630,6.2,6.6,6.2,6.55,1543000
PSTC,20260630,0.32,0.33,0.31,0.33,286600
PT,20260630,11,11,10.9,10.9,259700
PTC,20260630,0.6,0.6,0.58,0.6,59000
PTG,20260630,7.4,7.45,7.3,7.4,5099800
PTL,20260630,14.7,14.8,14.7,14.8,17317100
PTT,20260630,35,35.75,35,35.5,90941100
PTTEP,20260630,132.5,134,130.5,134,20850200
PTTGC,20260630,33.5,33.75,33.25,33.5,14299800
PYLON,20260630,3.56,3.6,3.54,3.6,486900
Q-CON,20260630,6.15,6.2,6.15,6.15,30500
QDC,20260630,0.08,0.08,0.07,0.08,117100
QH,20260630,1.36,1.38,1.36,1.36,34391100
QHBREIT,20260630,3.88,3.88,3.86,3.88,256900
QHHRREIT,20260630,8.1,8.15,8.05,8.1,207200
QLT,20260630,1.5,1.5,1.5,1.5,2000
QTC,20260630,4.68,4.68,4.56,4.64,3700
QTCG,20260630,0.09,0.1,0.08,0.08,1968500
RABBIT,20260630,0.35,0.36,0.34,0.35,3688300
RAM,20260630,18.1,18.1,17.9,18,66700
RATCH,20260630,31,31.75,31,31.5,7160000
RBF,20260630,5.15,5.2,5,5.15,2899100
RCL,20260630,32.25,32.25,31.75,31.75,2673700
READY,20260630,3,3,2.98,3,27000
RICHY,20260630,0.16,0.16,0.15,0.16,455800
RJH,20260630,13.5,13.8,13.5,13.7,121700
RML,20260630,0.11,0.11,0.1,0.1,38100
ROCK,20260630,9.75,10,9.75,9.85,2300
ROCTEC,20260630,0.66,0.68,0.66,0.66,6992100
ROJNA,20260630,5.5,5.6,5.5,5.6,3646600
RP,20260630,0.65,0.65,0.62,0.63,133500
RPC,20260630,0.35,0.35,0.34,0.34,132700
RPH,20260630,4.9,4.94,4.9,4.92,152400
RS,20260630,0.13,0.14,0.13,0.13,906700
RSP,20260630,0.95,0.97,0.93,0.95,52800
RT,20260630,0.3,0.3,0.29,0.3,250000
RWI,20260630,0.16,0.16,0.15,0.16,278900
S,20260630,0.48,0.5,0.48,0.49,3036800
S&J,20260630,33.25,33.25,33.25,33.25,100
S11,20260630,4.02,4.04,4,4.04,100100
SA,20260630,7.1,7.1,7.1,7.1,10700
SAAM,20260630,4.68,4.72,4.66,4.72,81000
SABINA,20260630,15.4,15.5,15.3,15.3,356900
SAF,20260630,0.36,0.38,0.36,0.36,30900
SAFE,20260630,5.7,5.7,5.65,5.7,46600
SAK,20260630,3.12,3.14,3.1,3.14,1320700
SALEE,20260630,0.58,0.58,0.56,0.57,1471100
SAM,20260630,0.11,0.11,0.1,0.11,601400
SAMART,20260630,5.4,5.5,5.35,5.45,1116900
SAMCO,20260630,0.83,0.83,0.82,0.83,25900
SAMTEL,20260630,3.12,3.18,3.08,3.16,253400
SANKO,20260630,1.12,1.31,1.09,1.23,12302800
SAPPE,20260630,32.75,34,32.75,33,1862200
SAT,20260630,15.7,15.9,15.7,15.8,331700
SAUCE,20260630,40.75,40.75,40.25,40.75,5400
SAV,20260630,10.8,10.8,10.7,10.8,123400
SAWAD,20260630,23,23.5,22.6,23.1,40367800
SC,20260630,1.84,1.87,1.83,1.83,8451000
SCAP,20260630,1.68,1.71,1.66,1.68,4576900
SCB,20260630,146.5,148,146,148,31807800
SCC,20260630,245,246,242,244,4141000
SCCC,20260630,147,147,145.5,146.5,87500
SCG,20260630,3.06,3.08,3,3,110200
SCGD,20260630,5.05,5.05,4.98,5,437700
SCGP,20260630,28.25,28.75,28,28.5,14663500
SCI,20260630,0.95,0.96,0.92,0.94,143800
SCL,20260630,1.5,1.6,1.49,1.58,916500
SCM,20260630,0.12,0.13,0.11,0.13,3155300
SCN,20260630,0.43,0.43,0.41,0.41,118100
SCP,20260630,9.05,9.05,8.95,9,104900
SDC,20260630,0.03,0.03,0.02,0.03,1697500
SE,20260630,0.48,0.5,0.48,0.49,1975600
SEAFCO,20260630,2.94,3.06,2.94,3.04,1916100
SEAOIL,20260630,3.12,3.14,3.1,3.1,258400
SECURE,20260630,12.4,12.5,12.4,12.5,94600
SEI,20260630,1.65,1.66,1.65,1.66,36200
SELIC,20260630,2.78,2.8,2.74,2.78,26100
SENA,20260630,1.71,1.73,1.7,1.72,274800
SENX,20260630,0.21,0.22,0.21,0.22,374000
SFLEX,20260630,2.96,3,2.92,3,818400
SFT,20260630,1.42,1.42,1.4,1.42,26800
SGC,20260630,1.5,1.54,1.46,1.47,52479800
SGF,20260630,0.13,0.14,0.13,0.14,11100
SGP,20260630,7.95,8,7.9,8,82000
SHANG,20260630,45,45,45,45,100
SHR,20260630,1.71,1.72,1.69,1.7,1475200
SIAM,20260630,0.75,0.76,0.75,0.76,27800
SICT,20260630,2.82,2.9,2.8,2.84,396300
SIMAT,20260630,1.34,1.34,1.26,1.26,3539900
SINGER,20260630,9.9,10.1,9.55,9.7,18867700
SINO,20260630,0.92,0.93,0.9,0.91,423200
SIRI,20260630,1.45,1.46,1.44,1.45,56785400
SIS,20260630,21.1,21.2,20.9,21.1,571500
SISB,20260630,9.65,9.7,9.5,9.65,5735900
SITHAI,20260630,1.01,1.03,1.01,1.02,27000
SJWD,20260630,8.05,8.1,7.95,8,6753700
SK,20260630,0.52,0.52,0.51,0.52,368900
SKE,20260630,0.18,0.2,0.18,0.19,559500
SKIN,20260630,0.93,0.93,0.9,0.9,186300
SKN,20260630,5.35,5.45,5.35,5.45,9900
SKR,20260630,8.25,8.25,8,8,213400
SKY,20260630,14.8,14.8,14.4,14.5,1266900
SLP,20260630,0.53,0.53,0.53,0.53,410700
SMART,20260630,0.54,0.56,0.53,0.55,2378100
SMD100,20260630,1.08,1.09,1.06,1.07,79300
SMIT,20260630,3.48,3.48,3.46,3.46,43900
SMO,20260630,3.72,3.78,3.72,3.78,594100
SMPC,20260630,9.1,9.1,9.05,9.05,135800
SMT,20260630,3.58,3.62,3.58,3.62,924300
SNC,20260630,7.75,7.85,7.5,7.85,1064700
SNNP,20260630,6.7,6.85,6.7,6.85,451600
SNP,20260630,8.9,8.95,8.85,8.9,11300
SNPS,20260630,4.54,4.54,4.5,4.52,26200
SO,20260630,4.64,4.64,4.62,4.64,28800
SOLAR,20260630,0.23,0.23,0.21,0.22,1017100
SONIC,20260630,1.5,1.51,1.49,1.5,183800
SORKON,20260630,3.58,3.62,3.56,3.6,35700
SPA,20260630,3.28,3.32,3.26,3.3,5621000
SPACK,20260630,1.5,1.53,1.48,1.48,175600
SPALI,20260630,16,16.1,15.8,16,7228600
SPC,20260630,55.25,55.75,55.25,55.5,7400
SPCG,20260630,8.9,8.95,8.85,8.9,566500
SPG,20260630,11,11,10.9,10.9,1900
SPI,20260630,32.25,32.5,32.25,32.5,300
SPRC,20260630,7.6,7.65,7.4,7.6,22319500
SPREME,20260630,1.48,1.49,1.47,1.48,73200
SPRIME,20260630,4.06,4.06,4.06,4.06,41700
SPTX,20260630,0.01,0.01,0.01,0.01,3360800
SPVI,20260630,3.1,3.16,3.08,3.12,845300
SQ,20260630,0.17,0.2,0.17,0.2,671300
SR,20260630,0.33,0.34,0.29,0.32,626000
SRICHA,20260630,17.9,19,17.9,18.7,1558800
SRIPANWA,20260630,5.15,5.15,5.05,5.1,7900
SRS,20260630,1.83,1.86,1.81,1.85,128800
SSF,20260630,5.05,5.1,5.05,5.05,45000
SSP,20260630,3.98,4,3.96,3.96,839200
SSSC,20260630,2.18,2.2,2.16,2.16,186700
SST,20260630,0.95,0.97,0.95,0.96,6700
SSTRT,20260630,4.6,4.6,4.58,4.58,3600
STA,20260630,16.7,17.1,16.7,16.9,5457000
STANLY,20260630,247,249,247,249,55400
STARM,20260630,0.94,0.94,0.92,0.92,59300
STC,20260630,0.58,0.58,0.56,0.57,17000
STECH,20260630,1.1,1.13,1.09,1.13,155100
STECON,20260630,18.4,18.5,18,18,17115100
STELLA,20260630,0.23,0.27,0.23,0.26,7660100
STGT,20260630,10.1,10.3,10,10.1,2607600
STI,20260630,1.72,1.73,1.7,1.73,5200
STOWER,20260630,0.04,0.04,0.03,0.03,1391800
STP,20260630,11.1,11.2,11.1,11.1,8400
STPI,20260630,5.35,5.45,5.25,5.35,10679700
STX,20260630,0.84,0.85,0.83,0.85,288500
SUC,20260630,27,27.25,27,27.25,8700
SUN,20260630,2.32,2.34,2.2,2.34,1177100
SUPER,20260630,0.12,0.13,0.12,0.12,33092200
SUPEREIF,20260630,6.15,6.2,6.1,6.2,22400
SUSCO,20260630,2.14,2.16,2.12,2.14,796200
SUTHA,20260630,2.8,2.8,2.74,2.76,109300
SVOA,20260630,1.74,1.78,1.74,1.77,636400
SVR,20260630,0.32,0.34,0.31,0.31,2980600
SVT,20260630,1.34,1.37,1.33,1.35,308400
SWC,20260630,4.5,4.5,4.5,4.5,1000
SYMC,20260630,4.94,4.96,4.92,4.94,19500
SYNEX,20260630,8.65,8.8,8.6,8.75,1296300
SYNTEC,20260630,1.64,1.65,1.63,1.64,826700
TACC,20260630,6.15,6.2,6.1,6.2,1497900
TAE,20260630,1.44,1.44,1.4,1.43,1259100
TAKUNI,20260630,0.39,0.4,0.39,0.39,1591200
TAN,20260630,3.7,3.78,3.64,3.78,76100
TASCO,20260630,13.6,13.6,13.4,13.5,6255700
TATG,20260630,0.99,1.01,0.99,1,2101700
TBN,20260630,3.54,3.6,3.52,3.6,32900
TC,20260630,6.15,6.4,6.15,6.35,204500
TCAP,20260630,66.25,67.5,66.25,67.5,3086600
TCC,20260630,0.33,0.33,0.32,0.33,89300
TCJ,20260630,2.36,2.38,2.36,2.38,13400
TCMC,20260630,0.32,0.32,0.31,0.31,71000
TEAM,20260630,4.68,4.8,4.62,4.68,3166700
TEAMG,20260630,2.92,2.98,2.92,2.94,2624100
TEGH,20260630,3.1,3.12,3.08,3.12,542700
TEKA,20260630,1.74,1.74,1.73,1.74,17000
TERA,20260630,1.09,1.1,1.08,1.08,20100
TFFIF,20260630,6.7,6.75,6.7,6.7,3642100
TFG,20260630,9.75,11,9.75,11,81629700
TFI,20260630,0.05,0.05,0.04,0.04,210100
TFM,20260630,6.6,6.65,6.55,6.6,308900
TFMAMA,20260630,186,187,186,186,3200
TGE,20260630,1.03,1.04,1.02,1.02,305100
TGH,20260630,10.9,12.3,10.6,12,5300
TGPRO,20260630,0.03,0.04,0.03,0.03,1325600
TH,20260630,0.46,0.47,0.45,0.46,573400
THAI,20260630,6.05,6.65,6,6.65,402012800
THANA,20260630,1.54,1.54,1.53,1.54,80000
THANI,20260630,1.74,1.78,1.73,1.74,13330200
THCOM,20260630,11.1,11.3,11.1,11.2,9566000
THE,20260630,0.79,0.8,0.76,0.79,30700
THG,20260630,7.45,7.45,7.3,7.3,918800
THIP,20260630,20.6,20.8,20.5,20.8,12100
THMUI,20260630,0.31,0.31,0.3,0.3,111600
THRE,20260630,0.38,0.38,0.37,0.38,356500
THREL,20260630,0.98,1,0.98,0.99,157000
TIDLOR,20260630,19.2,19.3,18.9,19.1,19042200
TIF1,20260630,7.9,7.95,7.85,7.9,3900
TIGER,20260630,0.57,0.59,0.51,0.55,1844200
TIPCO,20260630,6,6.05,6,6,44000
TIPH,20260630,22,22.1,21.9,22,302500
TISCO,20260630,118,119,117.5,118,5187800
TITLE,20260630,8.4,8.6,8.4,8.6,415800
TK,20260630,4.1,4.1,4.06,4.1,38400
TKC,20260630,8.45,8.5,8.4,8.45,230900
TKN,20260630,4.14,4.22,4.14,4.18,1414200
TKS,20260630,7.2,7.2,7.1,7.15,159900
TL,20260630,0.41,0.44,0.38,0.42,8224500
TLHPF,20260630,4.6,4.6,4.6,4.6,4000
TLI,20260630,11.4,11.7,11.2,11.5,20499900
TM,20260630,0.94,0.94,0.93,0.93,160800
TMAN,20260630,10.9,11,10.9,10.9,93700
TMC,20260630,0.68,0.68,0.67,0.67,42800
TMD,20260630,26.75,27,26,26,8400
TMI,20260630,0.48,0.48,0.45,0.47,2162500
TMILL,20260630,2.62,2.64,2.52,2.62,15000
TMT,20260630,3.4,3.4,3.32,3.4,93700
TMW,20260630,58.25,58.5,57.75,58,62600
TNDT,20260630,0.13,0.14,0.13,0.14,200
TNH,20260630,29.5,29.5,29.25,29.5,1700
TNITY,20260630,2.4,2.44,2.4,2.42,26400
TNL,20260630,20,20,20,20,100
TNP,20260630,2.78,2.86,2.78,2.86,443800
TNPC,20260630,0.93,0.94,0.93,0.93,13100
TNPF,20260630,1.03,1.03,1.03,1.03,8300
TNR,20260630,5.2,5.3,5.2,5.25,8200
TOA,20260630,14.5,14.8,14.4,14.7,8634700
TOG,20260630,7.1,7.1,7.05,7.1,121600
TOP,20260630,47.5,48.5,47.25,48.5,23507800
TPAC,20260630,8.85,8.95,8.8,8.9,316900
TPBI,20260630,3.1,3.1,3.06,3.06,800
TPCH,20260630,1.4,1.41,1.39,1.4,358800
TPCS,20260630,9.95,10,9.8,9.95,1700
TPIPL,20260630,0.81,0.81,0.79,0.8,7290100
TPIPP,20260630,1.75,1.76,1.74,1.76,3448400
TPL,20260630,0.54,0.55,0.54,0.54,182900
TPLAS,20260630,1.08,1.1,1.02,1.07,298900
TPOLY,20260630,0.1,0.11,0.09,0.11,172000
TPP,20260630,12,12.3,12,12.2,23300
TPRIME,20260630,7.5,7.65,7.5,7.65,53600
TPS,20260630,3.18,3.2,3.16,3.18,21500
TQM,20260630,14.1,14.5,14,14.5,1034000
TQR,20260630,5.4,5.4,5.3,5.35,57700
TRC,20260630,0.55,0.56,0.53,0.55,1232300
TRITN,20260630,0.03,0.03,0.02,0.03,49600
TRP,20260630,4.22,4.22,4.18,4.18,12500
TRT,20260630,13.6,13.8,12.4,12.7,6581800
TRU,20260630,3.84,3.84,3.82,3.82,1000
TRUBB,20260630,1.06,1.06,1.05,1.05,1571600
TRUE,20260630,12.9,13.1,12.8,12.9,105406000
TRV,20260630,1.49,1.7,1.46,1.46,5300
TSC,20260630,14.8,14.8,14.7,14.8,15100
TSE,20260630,0.77,0.78,0.75,0.76,5353600
TSI,20260630,0.06,0.06,0.05,0.06,50500
TSTE,20260630,10,10.4,10,10,800
TSTH,20260630,0.88,0.88,0.86,0.87,4083900
TTA,20260630,4.7,4.74,4.68,4.72,1907700
TTB,20260630,2.44,2.48,2.42,2.46,246663000
TTLPF,20260630,9.45,9.5,9.45,9.5,64900
TTT,20260630,40,40,40,40,700
TTW,20260630,9.5,9.95,9.5,9.85,21992500
TU,20260630,11.6,11.8,11.5,11.7,16769300
TU-PF,20260630,1.15,1.16,1.15,1.15,1100
TURBO,20260630,1.54,1.57,1.52,1.55,16451300
TURTLE,20260630,3.3,3.32,3.3,3.3,3600
TVDH,20260630,0.05,0.05,0.04,0.05,342500
TVH,20260630,10.1,10.2,10,10.1,16200
TVO,20260630,26,26.25,26,26,708100
TVT,20260630,0.22,0.24,0.22,0.23,780800
TWP,20260630,1.13,1.19,1.13,1.17,24500
TWPC,20260630,2.82,2.84,2.8,2.84,104100
TWZ,20260630,0.01,0.02,0.01,0.01,51369100
TYCN,20260630,1.66,1.66,1.66,1.66,3000
UAC,20260630,2.58,2.58,2.56,2.56,445600
UBA,20260630,1.08,1.11,1.08,1.08,1182200
UBE,20260630,0.55,0.55,0.53,0.54,5543300
UBIS,20260630,1.35,1.37,1.31,1.33,94100
UEC,20260630,0.82,0.82,0.8,0.8,164500
UKEM,20260630,1.07,1.08,1.04,1.05,8408900
UMI,20260630,0.93,0.93,0.91,0.92,183400
UMS,20260630,0.93,1.03,0.91,0.92,5121600
UNIQ,20260630,2.76,2.78,2.74,2.76,193300
UNIX,20260630,1.69,1.72,1.68,1.7,6119800
UP,20260630,23.5,23.5,23.5,23.5,100
UPF,20260630,21.4,21.4,20.4,21.4,2000
UPOIC,20260630,6.8,6.85,6.8,6.85,700
UREKA,20260630,0.46,0.47,0.44,0.44,12676300
UTP,20260630,7.95,8,7.95,8,126700
UV,20260630,0.82,0.83,0.82,0.82,188700
UVAN,20260630,14.7,14.8,14.6,14.8,270700
VARO,20260630,4,4.02,3.96,4,1700
VCOM,20260630,3.86,3.88,3.86,3.88,290100
VGI,20260630,0.94,0.96,0.92,0.93,97641700
VIBE,20260630,0.34,0.35,0.34,0.35,5700
VIBHA,20260630,1.36,1.37,1.36,1.37,1054400
VIH,20260630,8.4,8.45,8.35,8.45,92400
VL,20260630,0.79,0.81,0.79,0.8,73700
VNG,20260630,2.02,2.02,1.99,1.99,124700
VPO,20260630,0.43,0.44,0.42,0.43,348800
VRANDA,20260630,4.38,4.38,4.34,4.34,37600
VS,20260630,0.28,0.28,0.27,0.27,1100
WACOAL,20260630,15.5,15.5,15.5,15.5,100
WARRIX,20260630,1.38,1.38,1.34,1.36,1475000
WASH,20260630,4.02,4.06,4,4,739900
WAVE,20260630,0.03,0.04,0.03,0.03,1041700
WFX,20260630,1,1,0.9,0.95,366100
WGE,20260630,0.75,0.78,0.74,0.76,417300
WHA,20260630,5.05,5.25,5.05,5.15,76702300
WHABT,20260630,5.9,6,5.9,5.95,85200
WHAIR,20260630,7.75,7.75,7.7,7.75,123700
WHART,20260630,11,11.1,10.9,11,1327800
WHAUP,20260630,7.05,7.2,6.95,7.2,18483800
WICE,20260630,2.56,2.58,2.52,2.54,300600
WIIK,20260630,1.04,1.05,1.03,1.03,763200
WIN,20260630,0.3,0.3,0.28,0.28,41100
WINDOW,20260630,0.73,0.74,0.72,0.74,557800
WINMED,20260630,0.77,0.77,0.74,0.74,131300
WINNER,20260630,2.12,2.12,2.1,2.1,137800
WORK,20260630,3.46,3.46,3.44,3.46,25200
WP,20260630,3.76,3.78,3.74,3.76,1422100
WPH,20260630,5.9,5.9,5.75,5.85,880500
XBIO,20260630,0.07,0.07,0.06,0.07,3509500
XO,20260630,18.6,20.2,18.6,19,5906500
XPG,20260630,0.45,0.46,0.44,0.45,5158200
XYZ,20260630,0.29,0.29,0.28,0.29,679000
YGG,20260630,0.18,0.19,0.17,0.18,3780600
YONG,20260630,0.73,0.73,0.72,0.73,3900
YUASA,20260630,14.1,14.2,14,14,20800
ZAA,20260630,1.65,1.69,1.65,1.69,200
ZEN,20260630,5.3,5.35,5.25,5.25,22700
ZIGA,20260630,0.87,0.88,0.86,0.87,761200
RABBIT-P,20260630,0.35,0.36,0.35,0.35,64400
VAYU1-O,20260630,11.5,11.5,11.4,11.5,424
VAYU1,20260630,11.4,11.5,11.4,11.4,2492100
!AGRO,20260630,319.76,322.52,318.86,322.52,23882370000
!CONSUMP,20260630,44.46,44.83,44.38,44.6,2331820000
!FINCIAL,20260630,173.33,176.28,173.16,175.43,84660700000
!INDUS,20260630,66.69,67.39,66.37,66.94,13752000000
!PROPCON,20260630,80.66,81.11,80.4,80.81,69248200000
!RESOURC,20260630,166.9,169.29,166.48,168.78,81307500000
!SERVICE,20260630,302.92,308,302.92,308,205386970000
!TECH,20260630,664.4,672.42,661.2,667.24,55129160000
$AGRI,20260630,198.12,200.41,198.12,199.69,1643080000
$AUTO,20260630,327.9,329.02,326.69,328.05,2186180000
$BANK,20260630,560.02,570.44,559.29,567.48,43789680000
$COMM,20260630,20860,21426.5,20827.3,21397.8,60521590000
$CONMAT,20260630,6115.35,6133.02,6064.57,6100.19,9060420000
$CONS,20260630,46.27,46.41,45.63,45.88,7447500000
$ENERG,20260630,19037.2,19308.8,18988.3,19251.4,81307500000
$ETRON,20260630,36590.4,36960.5,36289.2,36635.6,18602370000
$FASHION,20260630,484.32,488.51,483.44,487.42,528100000
$FIN,20260630,2102.01,2133.95,2089.8,2114.54,38291810000
$FOOD,20260630,8933.24,9010.9,8903.77,9010.9,22239290000
$HELTH,20260630,4425.9,4427.51,4348.21,4379.39,17989140000
$HOME,20260630,15.7,15.81,15.68,15.78,1177780000
$ICT,20260630,222.89,227.05,222.18,225.4,36526790000
$IMM,20260630,23.05,23.46,23,23.35,1823410000
$INSUR,20260630,9603.69,9780.17,9516.73,9698.51,2579210000
$MEDIA,20260630,15.67,15.79,15.46,15.69,17930420000
$PAPER,20260630,2236.44,2250.5,2236.44,2250.5,12670000
$PERSON,20260630,76.03,76.87,75.65,76.11,625940000
$PETRO,20260630,612.35,620.32,607.68,614.61,4064360000
$PF&REIT,20260630,141.42,142.08,141.09,142.08,1757360000
$PKG,20260630,2997.58,3034.85,2977.62,3012.53,4589090000
$PROF,20260630,128.4,129.24,126.74,128.6,2780420000
$PROP,20260630,175.15,177.27,174.43,175.95,50982920000
$STEEL,20260630,19.41,19.57,19.25,19.33,1076290000
$TOURISM,20260630,455.14,461.11,453.13,455.06,8874440000
$TRANS,20260630,239.85,246.02,239.85,246.02,97290960000
MAI,20260630,221.02,222.04,220.66,220.96,480722535
SET,20260630,1576.95,1595.23,1576,1591.24,11687381094
SET100,20260630,2209.76,2237.27,2207.89,2229.05,3756728300
SET50,20260630,1030.3,1043.59,1029.25,1039.12,2539594700
SETHD,20260630,1386.74,1407.16,1385.28,1402.16,1185706100
ADVANC-F,20260630,364,374,364,374,3500
CPALL-F,20260630,46,46.25,46,46.25,3600
CPF-F,20260630,19.5,19.6,19.5,19.6,211000
FTREIT-F,20260630,12,12,12,12,100
GULF-F,20260630,61,61.75,61,61.75,12100
MRDIYT-F,20260630,9.8,11.7,9.8,11.7,1856300
PTT-F,20260630,35.5,35.5,35.5,35.5,18900
PTTEP-F,20260630,131.5,133.5,131,133.5,14900
PTTGC-F,20260630,33.5,33.5,33.5,33.5,2300
SCB-F,20260630,147.5,147.5,147.5,147.5,200
TTB-F,20260630,2.46,2.46,2.46,2.46,7014700
!AGRO-M,20260630,66.55,68.44,66.55,67.45,1475900000
!CONSUMP-M,20260630,11.8,12.01,11.72,11.98,2230770000
!FINCIAL-M,20260630,30.66,30.96,30.22,30.26,547600000
!INDUS-M,20260630,45.82,45.9,45.35,45.49,6497330000
!PROPCON-M,20260630,13.93,13.97,13.78,13.81,3225940000
!RESOURC-M,20260630,16.01,16.65,15.91,16.12,1957960000
!SERVICE-M,20260630,42.95,43.1,42.75,42.96,8754430000
!TECH-M,20260630,18.6,18.68,18.58,18.58,1239270000
SET100FF,20260630,2110.04,2134.01,2108.03,2125.41,375672830000
SET50FF,20260630,985.72,997.29,984.63,992.87,253959470000
SETCLMV,20260630,739.22,745.19,737.52,741.48,135303010000
SETESG,20260630,933.73,945.48,932.64,941.68,317339180000
SETWB,20260630,634.14,642.06,632.82,638.87,135562600000
SSET,20260630,620.69,625.39,620.6,623.43,29217320000
