<TICKER>,<DTYYYYMMDD>,<OPEN>,<HIGH>,<LOW>,<CLOSE>,<VOL>
AAPL01,20260609,29.75,30.5,29,29.25,141997
AAPL03,20260609,3.38,3.44,3.3,3.32,411652
AAPL19,20260609,6.75,6.9,6.55,6.6,20882
AAPL80,20260609,10.2,10.4,9.85,9.9,1715559
ABBV19,20260609,7.45,7.45,7.25,7.3,133753
ABNB06,20260609,4.42,4.42,4.36,4.36,57
ADBE03,20260609,1.83,1.83,1.79,1.79,179998
ADBE06,20260609,2.06,2.06,2,2,174278
ADVANT19,20260609,5.35,5.5,5.35,5.45,278654
ADVANT23,20260609,3.62,3.7,3.62,3.68,186865
AFRM03,20260609,2.62,2.74,2.58,2.74,295641
AIA06,20260609,3,3.04,2.98,2.98,10345
AIA19,20260609,3,3,2.98,3,16336
AIA23,20260609,2.3,2.36,2.28,2.36,717990
AMD03,20260609,7.9,8.25,7.9,8.25,98055
AMD23,20260609,6.6,6.85,6.55,6.85,33767
AMD80,20260609,3.12,3.28,3.12,3.28,12688666
AMGN06,20260609,2.88,2.88,2.82,2.86,49078
AMZN01,20260609,23.9,24.1,23.6,23.9,113062
AMZN03,20260609,4.06,4.08,4.02,4.02,525
AMZN06,20260609,2.02,2.06,2,2.02,70579
AMZN23,20260609,2.74,2.74,2.68,2.72,239398
AMZN80,20260609,2.02,2.06,2,2.04,5246213
ANET23,20260609,2.86,2.92,2.8,2.9,65904
ANTA13,20260609,1.91,1.95,1.91,1.95,14
ANTA23,20260609,1.98,2,1.97,2,121211
APLD03,20260609,4.46,5,4.32,4.98,1041671
APPL03,20260609,3.06,3.14,3.06,3.12,345894
ASEMI24,20260609,3.74,3.9,3.74,3.88,647019
ASICS23,20260609,2.66,2.68,2.66,2.68,39411
ASML01,20260609,46.25,48.75,46.25,48.25,292535
ASTS03,20260609,3.14,3.22,3,3.12,5743312
AVGO23,20260609,2.98,3.02,2.94,3.02,687404
AVGO80,20260609,2.62,2.68,2.58,2.64,7731139
AXP06,20260609,2.56,2.58,2.54,2.54,79
BABA01,20260609,11.2,11.3,11.2,11.3,31617
BABA06,20260609,4.96,5,4.94,4.96,44759
BABA13,20260609,2.12,2.14,2.1,2.1,9004
BABA23,20260609,3.32,3.34,3.3,3.34,129330
BABA80,20260609,4.96,5,4.92,4.96,9096282
BAC03,20260609,3.52,3.56,3.52,3.56,43926
BDX06,20260609,1.65,1.66,1.62,1.64,92255
BIDU01,20260609,11.2,11.3,11.1,11.2,84676
BIDU06,20260609,4.92,4.94,4.86,4.92,34462
BIDU23,20260609,2.34,2.36,2.32,2.36,29616
BIDU80,20260609,4.9,4.98,4.88,4.96,4253963
BILIBILI01,20260609,2.86,2.86,2.78,2.82,125157
BIREN23,20260609,9.45,9.85,9.15,9.2,355951
BKNG03,20260609,2.26,2.28,2.22,2.24,1653
BKNG80,20260609,2.74,2.74,2.68,2.68,30722
BLK06,20260609,3.32,3.32,3.28,3.28,59687
BONDAS19,20260609,6.35,6.45,6.35,6.35,17032
BRKB80,20260609,1.6,1.61,1.58,1.61,1884352
BYDCOM01,20260609,0.85,0.85,0.84,0.85,381369
BYDCOM80,20260609,0.36,0.38,0.36,0.38,18940307
CAMBRI80,20260609,6.05,6.3,6,6.15,10913822
CATL01,20260609,6.45,6.7,6.4,6.65,18741630
CATL23,20260609,11.3,11.7,11.3,11.4,182949
CATL80,20260609,28.25,29.5,28.25,29.25,313441
CCJ23,20260609,2.18,2.2,2.16,2.2,43840
CEG23,20260609,2.12,2.14,2.06,2.08,1664134
CHHONGQ19,20260609,11.2,11.3,11.2,11.3,8875
CHMOBILE19,20260609,3.46,3.46,3.44,3.44,38157
CHMOBILE23,20260609,2.64,2.7,2.64,2.68,4140
CHNXT5023,20260609,8.85,9.1,8.85,9.1,49259
CMBANK23,20260609,2.2,2.26,2.2,2.26,204
CME03,20260609,2.82,2.84,2.76,2.78,60995
CN01,20260609,23.7,24.2,23.7,24,9870
CN23,20260609,6,6.1,5.95,6.1,1714
CNBIO24,20260609,1.21,1.23,1.2,1.23,33073
CNEV24,20260609,2.22,2.26,2.22,2.26,10721
CNROBOAI23,20260609,2.62,2.66,2.62,2.64,59405
CNSEMI23,20260609,3.56,3.7,3.56,3.7,69408
CNSTAR5023,20260609,8.5,8.5,8.3,8.5,2321
CNTECH01,20260609,25.25,25.75,25.25,25.5,61642
COSTCO19,20260609,32,32.25,31.75,32,11900
CRM01,20260609,3.36,3.36,3.32,3.32,99272
CRM06,20260609,2.44,2.44,2.38,2.4,1776
CRM80,20260609,6,6,5.95,6,145785
CRSP03,20260609,3.46,3.48,3.36,3.44,119762
CRWD06,20260609,4.4,4.46,4.3,4.36,105931
CRWD80,20260609,22,22.3,21.4,21.7,422780
CRWV03,20260609,3.34,3.5,3.24,3.5,923734
CSCO06,20260609,5.05,5.2,5,5.15,239224
CYPC80,20260609,13.3,13.5,13,13.5,5977
DASH03,20260609,2.58,2.58,2.52,2.52,3870
DBS19,20260609,16.2,16.4,16.2,16.4,12721
DDOG19,20260609,7.65,7.85,7.5,7.7,36358
DELL19,20260609,12.9,13.4,12.7,13.2,5167716
DISNEY19,20260609,16.3,16.3,16.2,16.2,5167
DUOL06,20260609,2.24,2.46,2.24,2.42,108968
E1VFVN3001,20260609,42.75,43.25,42.5,43,63803
EOSE03,20260609,1.18,1.22,1.09,1.13,10523616
ESTEE80,20260609,0.9,0.93,0.9,0.93,240565
EXPE06,20260609,3,3,2.94,2.94,49511
FANUC23,20260609,2.68,2.7,2.64,2.7,94362
FCX23,20260609,2.62,2.68,2.6,2.66,377693
FERRARI80,20260609,1.14,1.18,1.14,1.18,326731
FPTVN11,20260609,1.83,1.85,1.81,1.85,71035
FPTVN19,20260609,9.15,9.35,9.15,9.3,67500
FUEVFVND01,20260609,44.25,44.25,44,44.25,32053
GAC03,20260609,2.04,2.04,2.04,2.04,4077
GANFENG23,20260609,2.22,2.42,2.22,2.42,962353
GASVN11,20260609,4.16,4.16,4.1,4.1,6198
GDS23,20260609,2.02,2.08,2.02,2.08,925504
GEELY06,20260609,3.06,3.14,3.06,3.12,7014
GEELY80,20260609,7.7,7.9,7.65,7.85,201595
GEV23,20260609,2.8,2.86,2.78,2.82,993422
GIGA23,20260609,9.9,10.2,9.9,10,149786
GOLD03,20260609,3.24,3.3,3.24,3.28,150515
GOLD19,20260609,13,13.2,13,13.2,82161
GOLDUS03,20260609,3.26,3.3,3.26,3.28,196190
GOLDUS19,20260609,43.25,43.75,43.25,43.25,245177
GOOG23,20260609,3,3,2.96,2.98,3531919
GOOG80,20260609,5.9,6.05,5.85,5.95,4268844
GOOGL01,20260609,35.75,35.75,34.75,35.5,81064
GOOGL03,20260609,6,6.05,5.95,6,83446
GRAB80,20260609,10.9,11,10.9,11,15010
GSUS06,20260609,4.86,4.98,4.86,4.94,30064
HAIERS19,20260609,8.6,8.8,8.6,8.7,9829
HANSOH19,20260609,4.78,4.84,4.78,4.82,11464
HERMES80,20260609,6.1,6.3,6.05,6.25,420326
HIMS03,20260609,4.32,4.5,4.3,4.48,140681
HK01,20260609,20.9,21.1,20.8,21.1,43635
HK13,20260609,5.55,5.6,5.55,5.55,6274
HKCE01,20260609,24,24.1,23.9,23.9,6424
HKEX23,20260609,2.08,2.1,2.06,2.1,136184
HKTECH13,20260609,3.98,4.04,3.96,4.04,248358
HONDA19,20260609,3,3.02,2.96,2.96,62878
HOOD03,20260609,2.74,2.84,2.74,2.84,127511
HOOD06,20260609,2.74,2.82,2.74,2.82,236586
HOOD80,20260609,2.78,2.84,2.72,2.84,243064
HORIZON23,20260609,1.27,1.29,1.26,1.28,83363
HPG19,20260609,2.94,2.98,2.94,2.98,1023
HSHD23,20260609,6.6,6.7,6.55,6.7,68001
HUAHONG23,20260609,8.2,8.65,8.2,8.5,1659041
IBM06,20260609,3.72,3.8,3.66,3.7,2955164
ICBC06,20260609,2.94,2.94,2.9,2.9,3417
ICBC19,20260609,2.92,2.94,2.9,2.9,62744
IFLYTEK80,20260609,2.14,2.16,2.14,2.16,91366
INDIA01,20260609,12.9,13,12.7,13,29587
INDIAESG19,20260609,3.98,3.98,3.96,3.98,9547
INTEL03,20260609,6.7,7.55,6.6,7.35,10780424
IONQ03,20260609,3.82,4.26,3.82,4.22,9818777
ISRG01,20260609,3.1,3.12,3.04,3.08,916397
ISRG06,20260609,2.78,2.78,2.74,2.74,16816
ISRG19,20260609,3.44,3.46,3.44,3.46,50368
ITOCHU19,20260609,6.35,6.35,6.3,6.35,11418
JAP03,20260609,3.6,3.6,3.52,3.58,16119
JAPAN10001,20260609,28.25,29,28.25,29,4194
JAPAN13,20260609,5.25,5.4,5.25,5.4,6349
JD80,20260609,4.74,4.76,4.72,4.76,396885
JDHEAL19,20260609,3.08,3.14,3.08,3.12,32466
JEPI19,20260609,6.15,6.15,6.05,6.1,1038082
JGRO19,20260609,10.5,10.5,10.5,10.5,3426
JNJ03,20260609,3.84,3.84,3.8,3.82,278529
JPMUS06,20260609,3.4,3.44,3.4,3.4,108928
JPMUS19,20260609,20.5,20.5,20.5,20.5,716
JTEK19,20260609,11,11.3,11,11.2,329
KEYENCE23,20260609,2.76,2.8,2.7,2.8,26717
KINGSOFT23,20260609,1.59,1.76,1.59,1.69,154018
KIOXIA23,20260609,9.25,10,9.25,10,691084
KO80,20260609,2.58,2.64,2.58,2.62,294098
KUAISH01,20260609,2.34,2.34,2.28,2.32,32579
KUAISH06,20260609,1.87,1.89,1.85,1.89,713
KUAISH23,20260609,1.32,1.35,1.32,1.33,1537752
KUAISH80,20260609,1.86,1.89,1.86,1.87,1040588
LENOVO13,20260609,5.3,5.85,5.3,5.75,59018
LLY80,20260609,1.89,1.94,1.88,1.9,9018891
LOREAL80,20260609,1.42,1.46,1.41,1.46,54840
LPGOLD13,20260609,2,2,1.94,1.98,39334
LRCX23,20260609,4,4.22,3.98,4.22,864318
LULU06,20260609,1.87,1.93,1.87,1.92,791277
LVMH01,20260609,11.3,11.6,11.3,11.6,91947
MA80,20260609,1.61,1.61,1.59,1.6,226100
MEITUAN19,20260609,1.08,1.1,1.08,1.08,13344
MEITUAN23,20260609,2.04,2.04,2.02,2.02,2
MEITUAN80,20260609,3.22,3.26,3.22,3.26,101530
MELI06,20260609,2.12,2.14,2.08,2.12,473407
META01,20260609,5.8,5.8,5.65,5.75,215174
META06,20260609,2.46,2.46,2.36,2.42,200768
META23,20260609,2.34,2.36,2.28,2.32,75198
META80,20260609,2.44,2.46,2.38,2.42,12027652
MICRON01,20260609,18.9,20.5,18.8,20.4,11698624
MICRON03,20260609,10.1,10.9,10.1,10.9,1030382
MICRON19,20260609,20.1,21.8,20,21.8,1635966
MICRON23,20260609,6.05,6.55,6,6.55,3765888
MICRON80,20260609,30.5,32.75,30.25,32.75,2090179
MITSU19,20260609,7.45,7.45,7.4,7.45,84376
MNSO80,20260609,10.7,11,10.7,10.8,6411
MNST06,20260609,4.22,4.22,4.14,4.18,1658
MRVL06,20260609,9.4,10,9.3,9.95,5456337
MRVL23,20260609,7.9,8.35,7.75,8.25,2909997
MRVL80,20260609,9.45,10,9.3,9.9,14253514
MS06,20260609,4.7,4.72,4.62,4.66,11251
MSFT01,20260609,4.02,4.02,3.94,3.98,657377
MSFT03,20260609,2.72,2.74,2.7,2.72,9018
MSFT06,20260609,3.42,3.42,3.34,3.4,1710092
MSFT19,20260609,4.56,4.56,4.48,4.5,66024
MSFT23,20260609,2.52,2.52,2.48,2.5,448244
MSFT80,20260609,6.85,6.85,6.7,6.75,4692554
MSN11,20260609,3.56,3.62,3.56,3.62,10506
MSN19,20260609,2.98,3.02,2.98,3.02,21166
MUFG19,20260609,6.55,6.6,6.5,6.55,61719
MUFG23,20260609,2.64,2.7,2.62,2.62,90
MWG11,20260609,3.96,3.98,3.96,3.96,603
MWG19,20260609,9.85,9.85,9.8,9.8,16256
NAURA23,20260609,3.24,3.36,3.24,3.28,70365
NAURA80,20260609,29,30.5,29,30.5,24350
NBIS03,20260609,7.7,7.9,7.2,7.55,6033834
NDAQ06,20260609,2.88,2.88,2.84,2.86,33203
NDX01,20260609,25.25,25.5,25,25.25,104418
NEM06,20260609,3.28,3.32,3.26,3.32,62955
NEM23,20260609,2.06,2.08,2.04,2.08,59311
NET03,20260609,4.12,4.16,4.06,4.14,271140
NETEASE80,20260609,7.9,7.9,7.7,7.85,16660
NFLX06,20260609,2.68,2.72,2.68,2.72,105442
NFLX80,20260609,2.7,2.72,2.68,2.7,1780012
NIKE80,20260609,0.71,0.72,0.7,0.72,373265
NIKKEI80,20260609,13.8,14.2,13.8,14.2,24759
NINTENDO19,20260609,15.7,16.1,15.7,15.9,194795
NINTENDO23,20260609,1.36,1.42,1.36,1.39,301537
NONGFU80,20260609,1.78,1.78,1.75,1.75,141871
NOVOB80,20260609,1.4,1.4,1.36,1.38,3948537
NOW19,20260609,3.68,3.8,3.66,3.74,5765547
NVDA01,20260609,20.3,20.4,20,20.2,363196
NVDA03,20260609,4.56,4.6,4.52,4.6,81702
NVDA06,20260609,4.58,4.62,4.52,4.58,1217821
NVDA19,20260609,27.5,27.75,27.25,27.75,7221
NVDA23,20260609,3.26,3.3,3.24,3.3,627769
NVDA80,20260609,34.25,34.75,34,34.5,1522227
NVTS03,20260609,8.5,8.8,7.9,8.45,5687280
OIL03,20260609,3.72,3.72,3.64,3.66,535679
ONON03,20260609,2.4,2.48,2.36,2.48,33150
ORCL01,20260609,4.44,4.5,4.3,4.42,815728
ORCL06,20260609,2.84,2.9,2.76,2.84,580485
ORCL19,20260609,7.1,7.2,6.9,7,695951
PANW80,20260609,8.9,8.95,8.65,8.8,270850
PEP80,20260609,0.94,0.94,0.92,0.94,667620
PETROCN80,20260609,4.34,4.34,4.26,4.28,98099
PFIZER19,20260609,17.1,17.2,16.8,16.9,66648
PINGAN01,20260609,5.4,5.5,5.4,5.45,134885
PINGAN80,20260609,2.38,2.4,2.36,2.38,997620
PLTR01,20260609,4.04,4.1,4.04,4.08,1310873
PLTR03,20260609,2.96,3.02,2.96,2.98,875876
PLTR06,20260609,2.96,3.02,2.96,2.98,922848
PLTR23,20260609,2.34,2.38,2.34,2.36,638796
POPMART23,20260609,1.74,1.74,1.69,1.69,304
POPMART80,20260609,7.2,7.25,7,7,90705
PYPL06,20260609,2.7,2.7,2.68,2.7,2411
QCOM06,20260609,3.56,3.76,3.52,3.72,2644941
QQQM19,20260609,19.2,19.6,19.2,19.6,1305156
RBLX06,20260609,1.16,1.17,1.13,1.15,1152528
REMX03,20260609,2.92,2.98,2.88,2.98,123930
RGTI03,20260609,3.5,3.74,3.42,3.68,2752423
RKLB03,20260609,7.3,7.85,7.3,7.8,5199252
SANOFI80,20260609,2.9,2.94,2.88,2.9,20366
SANRIO23,20260609,1.33,1.33,1.3,1.31,67765
SANRIO80,20260609,8.75,8.75,8.75,8.75,1400
SBUX80,20260609,1.58,1.58,1.55,1.56,66707
SEAGATE23,20260609,6,6.2,5.9,6.2,982456
SEMB19,20260609,5.2,5.2,5.2,5.2,215
SENSE23,20260609,1.64,1.65,1.62,1.64,68541
SGX19,20260609,5.55,5.6,5.5,5.6,1796
SHOP03,20260609,2.44,2.44,2.44,2.44,201
SHOP06,20260609,1.81,1.88,1.81,1.84,136149
SIA19,20260609,17.6,17.7,17.6,17.7,7618
SIL03,20260609,2.62,2.68,2.62,2.64,259813
SINGTEL80,20260609,10.8,11.1,10.7,11.1,43831
SINOBIO19,20260609,3.78,3.86,3.78,3.82,6617
SMCI03,20260609,2.88,2.96,2.8,2.94,1295339
SMFG19,20260609,12.8,12.8,12.7,12.8,574
SMIC01,20260609,4.4,4.88,4.4,4.54,1107802
SMIC03,20260609,3.06,3.22,3.06,3.16,25372
SMIC13,20260609,2.1,2.28,2.1,2.24,5511
SMIC23,20260609,3.6,3.78,3.6,3.68,1702793
SNDK03,20260609,13.3,14.1,13.3,13.9,1081917
SNDK23,20260609,6.65,7,6.55,7,1915625
SNOW06,20260609,3.92,4.06,3.92,3.98,339881
SNOW23,20260609,3.56,3.68,3.56,3.58,257542
SOFTBANK23,20260609,2.68,2.76,2.64,2.74,1337891
SONY80,20260609,3.56,3.56,3.52,3.56,301756
SP50001,20260609,24.5,24.8,24.5,24.8,48664
SP500US19,20260609,14.3,14.5,14.3,14.4,47025
SP500US80,20260609,2.88,2.88,2.86,2.88,755393
SPBOND80,20260609,8.3,8.35,8.3,8.35,50916
SPCOM80,20260609,3.7,3.7,3.62,3.66,3067
SPENGY80,20260609,3.82,3.86,3.8,3.82,464801
SPFIN80,20260609,17.2,17.2,17.2,17.2,2001
SPHLTH80,20260609,5.05,5.1,4.98,4.98,76643
SPOT06,20260609,2.02,2.1,2.02,2.06,17860
SPTECH80,20260609,12.1,12.3,12,12.3,19826
STAR5001,20260609,47.5,49.25,47.5,49.25,42113
STEG19,20260609,26.75,27,26.75,27,2957
SUNNY19,20260609,3.18,3.24,3.16,3.22,56132
SUNNY80,20260609,3.14,3.26,3.1,3.22,4401
SUSHI23,20260609,2.98,3.02,2.96,3.02,277881
SYNP03,20260609,3.1,3.14,3.06,3.12,32502
TAIWAN19,20260609,42.5,43.5,42.5,43.5,47579
TAIWANAI13,20260609,19.7,20.1,19.7,20.1,19324
TAIWANHD13,20260609,32.5,33.25,32.5,33.25,10448
TEL23,20260609,4.42,4.62,4.42,4.58,172421
TEL80,20260609,11.9,12.5,11.9,12.4,143296
TENCENT01,20260609,4.36,4.4,4.34,4.34,265162
TENCENT06,20260609,1.92,1.95,1.92,1.93,49743
TENCENT13,20260609,3.98,3.98,3.82,3.82,3470
TENCENT19,20260609,9.65,9.7,9.6,9.6,1168
TENCENT23,20260609,2.16,2.16,2.12,2.14,3332538
TENCENT80,20260609,19.2,19.4,19,19.2,810218
THAIBEV19,20260609,11.1,11.2,11,11.2,4863
TME23,20260609,0.93,0.97,0.93,0.97,315211
TOYOTA80,20260609,5.85,5.9,5.8,5.9,28973
TRIPCOM23,20260609,1.58,1.58,1.57,1.58,612
TRIPCOM80,20260609,1.57,1.57,1.55,1.56,3299204
TRVUS06,20260609,3.96,4,3.84,3.96,8030
TSLA01,20260609,38.25,39.75,38.25,39.5,42726
TSLA03,20260609,4.32,4.52,4.32,4.5,94435
TSLA23,20260609,2.52,2.6,2.52,2.58,141267
TSLA80,20260609,2.58,2.7,2.58,2.68,7894658
UBER06,20260609,2.34,2.34,2.32,2.32,4319
UBTECH23,20260609,1.95,1.98,1.92,1.95,1060797
UNH19,20260609,6.45,6.7,6.45,6.7,129521
UNIQLO80,20260609,16.1,16.1,15.9,16,9340
UOB19,20260609,9.75,9.85,9.75,9.8,1331
USTR24,20260609,1.16,1.17,1.16,1.17,6951
VCB11,20260609,3.08,3.08,3.04,3.08,2108
VCB19,20260609,7.7,7.8,7.7,7.8,2863
VENTURE19,20260609,4.5,4.5,4.46,4.48,6948
VHM19,20260609,18.2,18.5,18.1,18.3,27565
VISA06,20260609,1.32,1.32,1.31,1.31,129958
VISA80,20260609,1.33,1.33,1.3,1.32,1220587
VNFIN24,20260609,1.84,1.84,1.82,1.82,11
VNM19,20260609,7.35,7.4,7.3,7.35,23909
VRT23,20260609,2.96,3.02,2.88,2.94,737179
VT03,20260609,3.42,3.44,3.38,3.42,37729
WMT06,20260609,3.88,3.96,3.86,3.92,346834
WORLD03,20260609,4.28,4.34,4.24,4.34,19457
WORLDA01,20260609,5.05,5.1,5,5.05,41358
WUXI06,20260609,3.06,3.18,3.04,3.14,114511
WUXI13,20260609,1.83,1.9,1.8,1.88,8
WUXIAT80,20260609,4.72,4.92,4.7,4.84,75588
XIAOMI01,20260609,2.6,2.62,2.58,2.62,569685
XIAOMI13,20260609,2.46,2.48,2.44,2.44,15557
XIAOMI19,20260609,5.75,5.75,5.7,5.75,20951
XIAOMI23,20260609,1.38,1.39,1.37,1.38,5650660
XIAOMI80,20260609,11.4,11.6,11.3,11.5,866233
XPENG03,20260609,2.76,2.76,2.58,2.6,249987
ZAI23,20260609,12.8,13.7,12,12.4,1784384
ZIJIN13,20260609,2.22,2.32,2.22,2.32,6592
ZIJIN23,20260609,1.99,2.04,1.97,2.04,56065
ZIJIN80,20260609,12.7,13.1,12.7,13,407325
ZJINNO80,20260609,5.55,5.8,5.55,5.8,1385375
AAV01C2607A,20260609,0.01,0.01,0.01,0.01,299700
AAV01C2703T,20260609,0.14,0.14,0.14,0.14,229100
AAV01P2607A,20260609,0.13,0.13,0.13,0.13,1353100
AAV13C2608A,20260609,0.02,0.02,0.01,0.01,30700
ADVANC01C2606A,20260609,0.03,0.03,0.03,0.03,3000
ADVANC01C2607A,20260609,0.07,0.07,0.06,0.06,379000
ADVANC01C2608A,20260609,0.03,0.04,0.03,0.04,352500
ADVANC01C2609A,20260609,0.23,0.24,0.22,0.23,2767200
ADVANC01C2610A,20260609,0.44,0.45,0.42,0.44,4708100
ADVANC01C2701T,20260609,0.55,0.56,0.53,0.54,2844100
ADVANC01P2609A,20260609,0.56,0.58,0.55,0.56,2430000
ADVANC13C2607A,20260609,0.04,0.05,0.04,0.05,126100
ADVANC13C2608A,20260609,0.03,0.03,0.03,0.03,500000
ADVANC13C2608C,20260609,0.06,0.06,0.06,0.06,100
ADVANC13C2609A,20260609,0.26,0.26,0.23,0.24,3995900
ADVANC13C2701T,20260609,0.35,0.35,0.34,0.34,1791600
ADVANC13P2609A,20260609,0.29,0.3,0.28,0.29,3131900
ADVANC19C2607A,20260609,0.02,0.02,0.02,0.02,200000
ADVANC19C2608A,20260609,0.05,0.05,0.05,0.05,200000
ADVANC19C2609A,20260609,0.2,0.21,0.19,0.21,3742500
ADVANC41C2701T,20260609,0.27,0.27,0.27,0.27,100
ADVANC41P2607A,20260609,0.01,0.01,0.01,0.01,100000
AEONTS13C2608A,20260609,0.1,0.1,0.09,0.09,202400
AIA41C2609A,20260609,0.12,0.12,0.12,0.12,400
AMATA01C2608A,20260609,1.22,1.43,1.22,1.38,678500
AMATA13C2608A,20260609,1.13,1.28,1.13,1.28,700
AMATA41C2608T,20260609,0.18,0.21,0.18,0.2,10326200
AMATA41C2609T,20260609,0.79,0.8,0.79,0.8,1700
AOT01C2607A,20260609,0.11,0.12,0.11,0.11,927100
AOT01C2609A,20260609,0.4,0.4,0.36,0.36,1418700
AOT01P2609A,20260609,0.33,0.35,0.33,0.34,7445100
AOT13C2608A,20260609,0.2,0.2,0.18,0.18,7689700
AOT13P2607A,20260609,0.01,0.01,0.01,0.01,15000
AOT13P2609A,20260609,0.19,0.21,0.19,0.21,3028100
AOT19C2608A,20260609,0.38,0.38,0.35,0.35,962400
AOT41C2609T,20260609,0.49,0.49,0.47,0.47,6700000
AWC01C2606T,20260609,0.15,0.15,0.12,0.13,1943800
AWC01C2607A,20260609,0.13,0.13,0.1,0.1,1169100
AWC01C2703T,20260609,0.31,0.31,0.28,0.28,1449700
AWC13C2608A,20260609,0.1,0.1,0.08,0.09,980000
AWC13C2608B,20260609,0.34,0.36,0.32,0.32,1600
AWC13C2701T,20260609,0.26,0.26,0.26,0.26,10000
AWC41C2609T,20260609,0.2,0.2,0.18,0.18,2700000
BA13C2608A,20260609,0.32,0.35,0.32,0.33,10067600
BA19C2609A,20260609,0.42,0.46,0.42,0.42,849900
BA41C2608A,20260609,0.31,0.32,0.3,0.3,5000000
BA41C2611T,20260609,0.26,0.26,0.25,0.25,8570000
BABA28C2609A,20260609,0.11,0.11,0.11,0.11,55000
BABA41C2610A,20260609,0.33,0.33,0.32,0.32,31600
BABA41C2701T,20260609,0.46,0.46,0.46,0.46,11600
BABA41P2609A,20260609,0.33,0.33,0.32,0.33,1100
BAM41C2612T,20260609,0.2,0.2,0.2,0.2,100000
BANPU13C2608A,20260609,0.03,0.03,0.03,0.03,20000
BANPU13C2609A,20260609,0.1,0.11,0.1,0.1,716200
BANPU13P2609A,20260609,0.2,0.22,0.2,0.22,107200
BANPU19C2612T,20260609,0.29,0.29,0.27,0.27,63600
BBL13C2607B,20260609,0.04,0.04,0.04,0.04,10000
BBL13C2608A,20260609,0.23,0.23,0.19,0.22,7771700
BBL13P2608A,20260609,0.1,0.1,0.1,0.1,1000
BBL19C2612T,20260609,0.46,0.46,0.43,0.44,2634200
BBL41C2608A,20260609,0.22,0.22,0.2,0.21,4800000
BBL41C2609T,20260609,0.46,0.46,0.43,0.45,4855000
BCH01C2607A,20260609,0.01,0.01,0.01,0.01,120000
BCH01C2610T,20260609,0.04,0.04,0.04,0.04,100000
BCH13C2607A,20260609,0.06,0.06,0.05,0.05,401400
BCH13C2607B,20260609,0.01,0.01,0.01,0.01,2000
BCH41C2703T,20260609,0.16,0.16,0.16,0.16,500100
BCP01C2607A,20260609,0.11,0.11,0.09,0.09,203000
BCP13C2608A,20260609,0.14,0.14,0.13,0.13,205000
BCP13C2608B,20260609,0.03,0.03,0.03,0.03,275000
BCP41C2608A,20260609,0.13,0.13,0.13,0.13,500
BCPG01C2607A,20260609,0.11,0.11,0.11,0.11,1000
BCPG13C2607A,20260609,0.03,0.03,0.02,0.02,139100
BCPG19C2609A,20260609,0.18,0.18,0.17,0.17,132700
BDMS01C2607A,20260609,0.01,0.01,0.01,0.01,40100
BDMS01C2609A,20260609,0.13,0.13,0.12,0.12,2057000
BDMS13C2607A,20260609,0.01,0.01,0.01,0.01,240200
BDMS13C2608A,20260609,0.01,0.02,0.01,0.02,3118700
BDMS13C2608B,20260609,0.09,0.09,0.07,0.08,500800
BDMS13C2701T,20260609,0.17,0.17,0.17,0.17,500
BDMS19C2608A,20260609,0.09,0.09,0.08,0.08,21000
BDMS41C2609T,20260609,0.01,0.03,0.01,0.01,50200
BDMS41C2612T,20260609,0.13,0.13,0.12,0.13,4200
BEM13C2608A,20260609,0.04,0.04,0.04,0.04,152500
BEM41C2612T,20260609,0.12,0.12,0.12,0.12,1100
BGRIM01C2606T,20260609,0.01,0.01,0.01,0.01,200
BGRIM01C2608A,20260609,0.11,0.11,0.1,0.1,8220700
BGRIM01C2609A,20260609,0.3,0.31,0.27,0.28,9719400
BGRIM13C2607A,20260609,0.03,0.03,0.03,0.03,16600
BGRIM13C2608A,20260609,0.23,0.25,0.21,0.22,14960200
BGRIM13C2608B,20260609,0.43,0.43,0.39,0.39,979700
BGRIM13P2608A,20260609,0.1,0.1,0.1,0.1,200000
BGRIM19C2607A,20260609,0.08,0.09,0.07,0.07,14750100
BGRIM19C2609A,20260609,0.33,0.33,0.32,0.33,831900
BGRIM41C2608B,20260609,0.38,0.38,0.37,0.37,452000
BGRIM41C2608T,20260609,0.17,0.17,0.16,0.16,5000200
BGRIM41C2701T,20260609,0.45,0.45,0.43,0.43,9399200
BH01C2607A,20260609,0.43,0.43,0.43,0.43,7000
BH01C2608A,20260609,0.04,0.04,0.04,0.04,254000
BH01C2609A,20260609,0.58,0.58,0.53,0.54,3811700
BH01C2609B,20260609,0.61,0.61,0.55,0.56,3198000
BH01P2608A,20260609,0.19,0.2,0.19,0.2,3515700
BH13C2607A,20260609,0.45,0.45,0.38,0.38,4000
BH13C2608A,20260609,0.05,0.05,0.04,0.04,490000
BH13C2608B,20260609,0.21,0.21,0.18,0.18,6156700
BH13P2608A,20260609,0.14,0.16,0.14,0.15,755800
BH19C2607B,20260609,0.01,0.01,0.01,0.01,3200
BH19C2608A,20260609,0.2,0.21,0.18,0.18,2570300
BH41C2608B,20260609,0.2,0.2,0.18,0.18,2880000
BH41C2611T,20260609,0.56,0.56,0.53,0.54,2818000
BIDU28C2610A,20260609,0.21,0.21,0.21,0.21,751000
BIDU41C2606A,20260609,0.01,0.02,0.01,0.02,20000
BIDU41C2609T,20260609,0.94,0.94,0.94,0.94,1000
BIDU41C2610A,20260609,0.56,0.58,0.56,0.57,11300
BJC13C2607A,20260609,0.03,0.03,0.03,0.03,15000
BJC19C2612T,20260609,0.25,0.25,0.25,0.25,909800
BLA01C2607A,20260609,0.19,0.33,0.19,0.31,3957000
BLA01C2609A,20260609,0.56,0.78,0.56,0.75,5471200
BLA13C2607A,20260609,0.18,0.29,0.18,0.29,9911000
BTG01C2607A,20260609,0.16,0.18,0.16,0.18,3957100
BTG01C2609A,20260609,0.15,0.17,0.15,0.17,3782000
BTG01C2704T,20260609,0.11,0.11,0.11,0.11,40700
BTG01P2609A,20260609,0.53,0.53,0.5,0.5,1282200
BTG13C2607A,20260609,0.11,0.14,0.11,0.14,2426400
BTG13C2608A,20260609,0.11,0.13,0.11,0.13,1345300
BTG13C2609A,20260609,0.1,0.12,0.1,0.12,4345100
BTG13C2609B,20260609,0.05,0.06,0.05,0.06,2000
BTG13P2609A,20260609,0.48,0.48,0.45,0.45,1974400
BTG41C2609A,20260609,0.1,0.1,0.1,0.1,480000
BTG41C2703T,20260609,0.21,0.22,0.21,0.22,1210000
BTS13C2609A,20260609,0.09,0.09,0.09,0.09,345100
BTS13P2608A,20260609,0.1,0.1,0.1,0.1,314000
BTS41C2612T,20260609,0.02,0.03,0.02,0.03,9100
BYDCOM41C2609A,20260609,0.2,0.2,0.2,0.2,200
CBG01C2607A,20260609,0.02,0.02,0.02,0.02,100000
CBG01C2609A,20260609,0.22,0.22,0.21,0.21,8244800
CBG01P2609A,20260609,0.14,0.14,0.14,0.14,2853900
CBG13C2607A,20260609,0.01,0.01,0.01,0.01,200
CBG13C2608A,20260609,0.11,0.11,0.11,0.11,862400
CBG13C2608B,20260609,0.16,0.16,0.15,0.16,3482600
CBG19C2608A,20260609,0.27,0.27,0.26,0.26,1365200
CBG41C2608A,20260609,0.1,0.1,0.1,0.1,780000
CBG41C2703T,20260609,0.3,0.3,0.3,0.3,1900000
CCET13C2607A,20260609,1.07,1.16,0.99,1.09,1225400
CCET13C2608A,20260609,1.97,2,1.86,1.94,266000
CCET13C2609A,20260609,1.2,1.3,1.16,1.24,290200
CCET13C2609B,20260609,0.91,0.94,0.84,0.91,1094100
CCET41C2609T,20260609,0.4,0.41,0.38,0.41,13089600
CENTEL01C2606A,20260609,0.01,0.01,0.01,0.01,930000
CENTEL01C2609A,20260609,0.2,0.2,0.19,0.19,2402100
CENTEL13C2608A,20260609,0.07,0.07,0.06,0.06,39000
CENTEL13C2608B,20260609,0.2,0.2,0.18,0.18,4866000
CENTEL41C2701T,20260609,0.28,0.28,0.27,0.27,5509300
CK01C2608A,20260609,0.39,0.39,0.36,0.39,3251000
CK13C2608A,20260609,0.15,0.15,0.14,0.15,4366800
CK19C2609A,20260609,0.28,0.29,0.28,0.29,4189700
COM701C2607A,20260609,0.61,0.61,0.58,0.61,212400
COM701C2705T,20260609,0.47,0.48,0.47,0.48,2175400
COM713C2608A,20260609,0.11,0.11,0.11,0.11,430400
COM741C2609T,20260609,0.46,0.47,0.46,0.47,200
CPALL01C2607A,20260609,0.07,0.08,0.07,0.08,70100
CPALL01C2608A,20260609,0.02,0.02,0.02,0.02,101300
CPALL01C2610A,20260609,0.22,0.22,0.22,0.22,2918600
CPALL01C2703T,20260609,0.24,0.25,0.24,0.25,1023000
CPALL01P2607A,20260609,0.01,0.01,0.01,0.01,900
CPALL01P2608A,20260609,0.24,0.24,0.23,0.23,1484600
CPALL13C2607A,20260609,0.04,0.04,0.04,0.04,360900
CPALL13C2609A,20260609,0.23,0.23,0.21,0.22,1558000
CPALL13C2701T,20260609,0.24,0.24,0.23,0.24,32000
CPALL19C2607A,20260609,0.1,0.1,0.1,0.1,123800
CPALL19C2612A,20260609,0.11,0.12,0.1,0.1,3690000
CPALL41C2609A,20260609,0.21,0.21,0.2,0.2,1212000
CPALL41C2612T,20260609,0.15,0.15,0.15,0.15,300200
CPF01C2609A,20260609,0.11,0.11,0.11,0.11,532000
CPF01C2611T,20260609,0.1,0.1,0.1,0.1,600000
CPF01P2608A,20260609,0.26,0.26,0.24,0.25,1528100
CPF13C2609A,20260609,0.12,0.13,0.11,0.11,1597500
CPF13P2608A,20260609,0.2,0.2,0.18,0.2,399200
CPF19C2608A,20260609,0.03,0.03,0.03,0.03,50000
CPF41C2612T,20260609,0.1,0.1,0.1,0.1,30000
CPN01C2606T,20260609,0.11,0.12,0.11,0.12,4673000
CPN01C2608A,20260609,0.19,0.19,0.17,0.18,3413800
CPN13C2608A,20260609,0.2,0.22,0.2,0.22,7598500
CPN13P2608A,20260609,0.04,0.04,0.04,0.04,200
CPN19C2609T,20260609,0.33,0.33,0.31,0.33,6247400
CPN41C2608A,20260609,0.21,0.21,0.2,0.21,3300000
CPN41C2608T,20260609,0.42,0.42,0.4,0.41,4300000
CRC01C2609A,20260609,0.21,0.22,0.21,0.22,3145900
CRC01C2609B,20260609,0.52,0.54,0.52,0.53,1545000
CRC01C2610T,20260609,0.33,0.33,0.32,0.33,4502100
CRC13C2608A,20260609,0.48,0.48,0.48,0.48,1000
CRC19C2612A,20260609,0.45,0.46,0.44,0.46,2932900
CRC41C2609T,20260609,0.23,0.23,0.22,0.23,3720000
DELTA01C2607A,20260609,1.55,1.91,1.55,1.91,6641800
DELTA01C2608A,20260609,0.93,1.14,0.92,1.13,20460600
DELTA01P2606A,20260609,0.01,0.01,0.01,0.01,1550400
DELTA01P2608A,20260609,0.1,0.1,0.08,0.09,1703000
DELTA13C2607A,20260609,0.88,1.06,0.88,1.06,910800
DELTA13C2607B,20260609,0.7,0.94,0.7,0.94,2688900
DELTA13C2608A,20260609,0.45,0.56,0.45,0.56,24456300
DELTA13C2609A,20260609,0.3,0.36,0.3,0.36,23052300
DELTA13P2607A,20260609,0.01,0.01,0.01,0.01,6500
DELTA13P2608A,20260609,0.17,0.18,0.14,0.14,25278200
DELTA19C2607A,20260609,1.5,1.52,1.5,1.52,1000
DELTA19C2608A,20260609,0.98,1.2,0.98,1.2,1402600
DELTA19P2608A,20260609,0.15,0.15,0.11,0.12,5685400
DELTA19P2609A,20260609,0.3,0.3,0.25,0.25,7166200
DELTA41C2607A,20260609,0.88,1.06,0.88,1.06,3180000
DELTA41C2607B,20260609,0.82,0.95,0.79,0.95,800000
DELTA41C2608A,20260609,0.46,0.57,0.46,0.57,28009400
DELTA41C2608T,20260609,2.64,2.72,2.64,2.72,500
DELTA41C2609A,20260609,0.31,0.35,0.31,0.35,202900
DELTA41C2612T,20260609,1.79,1.94,1.78,1.94,2754200
DELTA41C2703T,20260609,1.17,1.29,1.17,1.29,5291600
DELTA41P2607A,20260609,0.01,0.01,0.01,0.01,1700
DJI41C2606B,20260609,1.13,1.13,1.13,1.13,600
DOHOME01C2608A,20260609,0.07,0.07,0.07,0.07,5000
DOHOME13C2607A,20260609,0.04,0.04,0.04,0.04,160000
DOHOME19C2701T,20260609,0.39,0.39,0.38,0.38,973900
EA13C2607A,20260609,0.03,0.03,0.02,0.02,1171100
EA13C2607B,20260609,0.02,0.02,0.02,0.02,700
EA13C2608A,20260609,0.25,0.27,0.24,0.24,11543000
EA19C2609A,20260609,0.39,0.41,0.38,0.39,3529500
EA41C2609T,20260609,0.27,0.27,0.27,0.27,6600000
ERW01C2608A,20260609,0.13,0.13,0.11,0.11,2983800
ERW01C2611T,20260609,0.33,0.33,0.3,0.3,1701900
ERW13C2608A,20260609,0.11,0.11,0.09,0.1,5495200
ERW13C2608B,20260609,0.31,0.31,0.27,0.29,1547700
ERW19C2609A,20260609,0.29,0.3,0.26,0.28,2672200
ERW41C2611T,20260609,0.49,0.49,0.45,0.46,4430000
GFPT01C2705T,20260609,0.25,0.25,0.25,0.25,90000
GFPT13C2608A,20260609,0.12,0.12,0.12,0.12,61200
GLOBAL01C2608A,20260609,0.03,0.03,0.03,0.03,2000
GLOBAL13C2608B,20260609,0.17,0.17,0.15,0.16,1594000
GLOBAL41C2612T,20260609,0.32,0.32,0.31,0.31,3500000
GPSC01C2609A,20260609,0.25,0.25,0.23,0.24,2301500
GPSC01C2609T,20260609,0.14,0.14,0.14,0.14,1845500
GPSC01P2608A,20260609,0.16,0.17,0.16,0.16,955600
GPSC13C2608A,20260609,0.07,0.07,0.06,0.07,1122000
GPSC13C2608B,20260609,0.29,0.29,0.26,0.28,6716200
GPSC13C2701T,20260609,0.22,0.22,0.22,0.22,4803300
GPSC13P2608A,20260609,0.17,0.18,0.16,0.16,713000
GPSC13P2609A,20260609,0.09,0.09,0.09,0.09,314800
GPSC19C2608B,20260609,0.33,0.33,0.31,0.33,809300
GPSC41C2608B,20260609,0.26,0.27,0.26,0.27,600000
GPSC41C2703T,20260609,0.32,0.32,0.31,0.31,1201100
GULF01C2608A,20260609,0.83,0.86,0.74,0.79,1051200
GULF01C2608B,20260609,0.44,0.46,0.38,0.39,3012000
GULF01C2609A,20260609,0.39,0.41,0.35,0.36,10280300
GULF01C2702T,20260609,0.65,0.66,0.62,0.63,3108800
GULF01P2608A,20260609,0.02,0.02,0.02,0.02,100
GULF01P2609A,20260609,0.14,0.16,0.14,0.15,4480300
GULF13C2607A,20260609,0.56,0.58,0.56,0.57,76200
GULF13C2608A,20260609,0.5,0.5,0.41,0.43,12419300
GULF13C2609A,20260609,0.32,0.34,0.29,0.29,50895900
GULF19C2607B,20260609,0.21,0.21,0.18,0.19,3949800
GULF41C2609A,20260609,0.3,0.32,0.27,0.29,10085000
GULF41C2609T,20260609,0.46,0.47,0.44,0.45,2101700
GUNKUL01C2608A,20260609,1.12,1.14,1.07,1.12,888000
GUNKUL01C2704T,20260609,0.58,0.59,0.57,0.58,8243400
GUNKUL13C2608A,20260609,1.35,1.35,1.35,1.35,200
GUNKUL41C2702T,20260609,0.64,0.64,0.64,0.64,900000
HANA01C2606A,20260609,3.54,3.56,3.42,3.48,17600
HANA01C2608A,20260609,2.78,2.78,2.64,2.64,90200
HANA01C2609A,20260609,0.49,0.49,0.46,0.48,5104100
HANA13C2607A,20260609,3.38,3.38,3.12,3.24,31200
HANA13C2608A,20260609,1.98,1.98,1.82,1.89,231000
HANA13C2608B,20260609,1.08,1.08,1.08,1.08,9600
HANA13C2608C,20260609,0.48,0.49,0.44,0.47,393000
HANA13P2608A,20260609,0.06,0.06,0.05,0.05,275200
HANA19C2608A,20260609,1.62,1.62,1.62,1.62,500
HANA41C2612T,20260609,0.97,0.97,0.94,0.97,500
HANA41C2702T,20260609,0.44,0.44,0.41,0.42,4150800
HMPRO01C2609A,20260609,0.13,0.13,0.13,0.13,72300
HMPRO13C2608A,20260609,0.02,0.02,0.02,0.02,11000
HSI18C2606A,20260609,0.13,0.14,0.12,0.13,168400
HSI18P2606A,20260609,0.2,0.2,0.2,0.2,10000
HSI28C2606A,20260609,0.01,0.01,0.01,0.01,400
HSI28C2606B,20260609,0.03,0.05,0.02,0.05,960000
HSI28C2606C,20260609,0.03,0.03,0.03,0.03,13900
HSI28C2607A,20260609,0.08,0.1,0.08,0.09,25676600
HSI28P2606A,20260609,0.13,0.13,0.12,0.13,2688200
HSI28P2606B,20260609,0.41,0.42,0.36,0.36,70274400
HSI28P2607A,20260609,0.31,0.31,0.28,0.29,1112600
ICHI13C2609A,20260609,0.1,0.11,0.1,0.1,3767700
ICHI19C2609T,20260609,0.11,0.11,0.1,0.11,383300
IRPC01C2607A,20260609,0.73,0.79,0.69,0.75,1073100
IRPC01C2609A,20260609,0.47,0.49,0.46,0.49,2000
IRPC01C2609B,20260609,0.28,0.3,0.28,0.28,3567200
IRPC01C2703T,20260609,0.15,0.16,0.15,0.15,1423100
IRPC13C2608B,20260609,0.25,0.27,0.24,0.25,6830700
IRPC13C2609A,20260609,0.25,0.27,0.24,0.25,6116800
IRPC13C2609B,20260609,0.12,0.13,0.12,0.12,2216100
IRPC41C2609B,20260609,0.12,0.12,0.12,0.12,240000
ITC01C2606T,20260609,0.18,0.2,0.18,0.19,1714000
ITC13C2608A,20260609,0.09,0.11,0.09,0.09,817800
ITC19C2609T,20260609,0.17,0.19,0.17,0.19,996700
ITC41C2612T,20260609,0.18,0.19,0.18,0.19,1520000
IVL01C2607A,20260609,0.09,0.09,0.09,0.09,10000
IVL01C2608A,20260609,0.02,0.02,0.02,0.02,25000
IVL01C2609B,20260609,0.09,0.09,0.09,0.09,200
IVL01P2608A,20260609,0.12,0.13,0.12,0.13,2554600
IVL01P2609A,20260609,0.23,0.25,0.23,0.25,3431400
IVL13C2607A,20260609,0.04,0.04,0.03,0.03,2705400
IVL13C2608A,20260609,0.31,0.31,0.31,0.31,700
IVL13C2609A,20260609,0.33,0.33,0.3,0.3,2444300
IVL13C2609B,20260609,0.11,0.11,0.1,0.1,18000
IVL13P2608A,20260609,0.17,0.18,0.17,0.18,632200
IVL19C2607A,20260609,0.1,0.1,0.08,0.08,719100
IVL19C2609A,20260609,0.11,0.11,0.11,0.11,2435300
IVL19P2608A,20260609,0.18,0.2,0.18,0.2,976700
IVL41C2608A,20260609,0.32,0.33,0.29,0.29,1675000
IVL41C2609B,20260609,0.1,0.1,0.1,0.1,600000
IVL41C2702T,20260609,0.37,0.37,0.36,0.36,5160200
JAS13C2608A,20260609,0.03,0.05,0.03,0.04,4161000
JAS13C2609A,20260609,0.17,0.24,0.17,0.22,66394200
JAS19C2701T,20260609,0.3,0.37,0.3,0.35,31706600
JAS41C2611T,20260609,0.09,0.11,0.08,0.1,8230000
JMART01C2608A,20260609,0.27,0.28,0.23,0.24,6907900
JMART01C2705T,20260609,0.45,0.45,0.42,0.43,7520800
JMART13C2608A,20260609,0.26,0.28,0.23,0.24,5583000
JMART13C2609A,20260609,0.7,0.7,0.66,0.7,45300
JMART19C2609A,20260609,0.55,0.6,0.54,0.6,944200
JMART19C2612A,20260609,0.49,0.5,0.45,0.46,10394200
JMART41C2609T,20260609,0.19,0.19,0.17,0.18,3000000
JMART41C2703T,20260609,0.47,0.47,0.45,0.45,357200
JMT01C2608A,20260609,0.12,0.12,0.12,0.12,871100
JMT01C2701T,20260609,0.42,0.43,0.41,0.42,3223000
JMT13C2607A,20260609,0.34,0.35,0.34,0.35,150900
JMT13C2608A,20260609,0.15,0.15,0.14,0.15,1929600
JMT19C2608A,20260609,0.14,0.14,0.13,0.14,611200
JMT41C2608A,20260609,0.14,0.14,0.13,0.14,3840000
JMT41C2611T,20260609,0.14,0.14,0.14,0.14,1200000
KBANK01C2607A,20260609,0.16,0.16,0.12,0.12,5131300
KBANK01C2609A,20260609,0.74,0.74,0.63,0.63,845800
KBANK01C2610A,20260609,0.56,0.56,0.47,0.47,2649900
KBANK01C2702T,20260609,0.26,0.26,0.25,0.25,173900
KBANK01P2610A,20260609,0.43,0.47,0.43,0.46,4835000
KBANK13C2607B,20260609,0.11,0.11,0.08,0.08,2786700
KBANK13C2609A,20260609,0.61,0.61,0.54,0.55,3537400
KBANK13P2607A,20260609,0.01,0.01,0.01,0.01,78200
KBANK13P2609A,20260609,0.19,0.21,0.19,0.21,1875500
KBANK19C2608A,20260609,0.08,0.08,0.08,0.08,900
KBANK19C2609A,20260609,0.43,0.43,0.38,0.39,560400
KBANK41C2607B,20260609,0.09,0.09,0.09,0.09,150000
KBANK41C2609T,20260609,0.71,0.71,0.71,0.71,2000
KBANK41C2703T,20260609,0.41,0.41,0.41,0.41,603200
KCE13C2607A,20260609,3.44,3.44,3.44,3.44,6000
KCE13C2608A,20260609,1.59,1.59,1.59,1.59,5000
KCE13C2609A,20260609,0.67,0.67,0.61,0.65,113400
KCE19C2609A,20260609,0.66,0.66,0.64,0.64,45000
KCE41C2609T,20260609,1.7,1.7,1.7,1.7,500
KCE41C2702T,20260609,0.43,0.43,0.41,0.43,14100000
KCE41P2608A,20260609,0.02,0.03,0.02,0.03,50100
KKP01C2607A,20260609,0.96,1.05,0.94,0.94,1302200
KKP01C2610A,20260609,0.78,0.83,0.76,0.77,3421700
KKP01P2609A,20260609,0.11,0.11,0.11,0.11,20000
KKP13C2609A,20260609,0.59,0.64,0.57,0.57,10278400
KKP13P2609A,20260609,0.12,0.12,0.11,0.12,2508000
KTB01C2608A,20260609,0.24,0.24,0.23,0.23,3115400
KTB01C2701T,20260609,0.36,0.36,0.36,0.36,570900
KTB13C2608A,20260609,0.15,0.16,0.14,0.14,13496600
KTB41C2608A,20260609,0.14,0.14,0.13,0.13,3620000
KTB41C2612T,20260609,0.53,0.53,0.53,0.53,4300000
KTC01C2607A,20260609,0.11,0.11,0.11,0.11,1499200
KTC01C2608A,20260609,0.05,0.05,0.05,0.05,900
KTC01C2609T,20260609,0.15,0.15,0.14,0.14,1181800
KTC01P2608A,20260609,0.16,0.16,0.16,0.16,1202200
KTC13C2607A,20260609,0.11,0.11,0.1,0.11,689700
KTC13C2608A,20260609,0.06,0.06,0.06,0.06,375000
KTC13P2608A,20260609,0.12,0.12,0.12,0.12,210400
KTC19C2609T,20260609,0.16,0.16,0.16,0.16,491400
KUAISH28C2610A,20260609,0.26,0.27,0.25,0.26,1503600
KUAISH41C2609T,20260609,0.16,0.16,0.16,0.16,200
M01C2606A,20260609,0.01,0.01,0.01,0.01,10000
M13C2608B,20260609,0.28,0.28,0.25,0.27,1676600
M41C2612T,20260609,0.25,0.25,0.24,0.24,3600000
MCA5041C2606A,20260609,0.09,0.17,0.09,0.16,91500
MEGA01C2702T,20260609,0.19,0.19,0.19,0.19,344000
MEGA13C2608A,20260609,0.06,0.06,0.06,0.06,100
MEITUA28C2609A,20260609,0.22,0.23,0.21,0.21,1700000
MEITUA41C2609A,20260609,0.23,0.23,0.22,0.22,400
MINT01C2608A,20260609,0.01,0.02,0.01,0.02,50100
MINT01C2609A,20260609,0.29,0.29,0.25,0.27,7006000
MINT01P2609A,20260609,0.28,0.31,0.28,0.29,3804200
MINT13C2608A,20260609,0.15,0.15,0.13,0.13,2368200
MINT13C2608B,20260609,0.22,0.22,0.19,0.2,5031900
MINT41C2608A,20260609,0.12,0.12,0.12,0.12,603000
MTC01P2608A,20260609,0.05,0.05,0.03,0.03,240000
MTC01P2610A,20260609,0.3,0.33,0.3,0.32,2077900
MTC13C2607A,20260609,0.01,0.01,0.01,0.01,438000
MTC13C2608A,20260609,0.08,0.08,0.06,0.06,2679600
MTC19C2608A,20260609,0.06,0.06,0.05,0.05,59100
MTC41C2612T,20260609,0.16,0.16,0.15,0.15,1500000
NDX28C2606A,20260609,1.39,1.42,1.39,1.42,300
NDX28C2609A,20260609,1.82,1.9,1.82,1.9,17900
NDX28P2609A,20260609,0.4,0.41,0.39,0.4,1393100
NDX41C2606A,20260609,1.82,1.86,1.8,1.86,600100
NDX41C2606B,20260609,3.52,3.72,3.52,3.68,600000
NDX41P2609T,20260609,0.18,0.18,0.18,0.18,11600
NIKKEI18C2606A,20260609,1.15,1.15,1.15,1.15,100
NIKKEI41C2609A,20260609,1.57,1.64,1.57,1.64,600
NIKKEI41C2609B,20260609,1.22,1.35,1.22,1.35,110600
NIKKEI41C2609C,20260609,1.06,1.21,1.06,1.21,251100
NIKKEI41P2609A,20260609,0.25,0.25,0.22,0.22,338300
NIKKEI41P2609B,20260609,0.2,0.2,0.19,0.19,215900
NIKKEI41P2609C,20260609,0.15,0.15,0.14,0.14,12300
OR01C2606T,20260609,0.01,0.01,0.01,0.01,5500
OR01C2705T,20260609,0.2,0.2,0.2,0.2,50000
OR13C2608A,20260609,0.04,0.04,0.04,0.04,2000
OR19C2608A,20260609,0.12,0.13,0.12,0.13,144000
OR41C2608T,20260609,0.14,0.14,0.14,0.14,1800
OSP01C2609A,20260609,0.24,0.24,0.23,0.24,3146900
OSP13C2608A,20260609,0.13,0.13,0.13,0.13,555600
OSP41C2701T,20260609,0.28,0.28,0.27,0.28,1044500
PLANB13C2607A,20260609,0.17,0.17,0.14,0.14,1601300
PLANB13C2608A,20260609,0.12,0.13,0.1,0.11,1315400
PLANB19C2608A,20260609,0.36,0.38,0.32,0.34,2923500
PLANB41C2607A,20260609,0.15,0.15,0.15,0.15,40000
POPMAR28C2606A,20260609,0.01,0.01,0.01,0.01,4600
POPMAR41C2609T,20260609,0.43,0.43,0.39,0.39,22000
PRM01C2609A,20260609,0.26,0.26,0.23,0.23,743800
PRM01C2702T,20260609,0.31,0.31,0.31,0.31,680800
PRM13C2608A,20260609,0.16,0.16,0.15,0.15,1047600
PRM19C2701T,20260609,0.4,0.4,0.37,0.37,554700
PTG01C2609A,20260609,0.01,0.01,0.01,0.01,300000
PTG01C2704T,20260609,0.18,0.18,0.18,0.18,1339500
PTG13C2608B,20260609,0.02,0.02,0.01,0.01,4100
PTT01C2606T,20260609,0.02,0.02,0.02,0.02,20000
PTT01C2607A,20260609,0.1,0.11,0.09,0.09,1345200
PTT01P2609A,20260609,0.09,0.09,0.09,0.09,2000
PTT13C2608A,20260609,0.07,0.07,0.07,0.07,100
PTT13C2609A,20260609,0.17,0.17,0.16,0.16,12115800
PTT13C2701T,20260609,0.27,0.27,0.27,0.27,100
PTTEP01C2606T,20260609,0.44,0.44,0.44,0.44,100000
PTTEP01C2607A,20260609,0.63,0.63,0.62,0.62,588600
PTTEP01C2608A,20260609,0.26,0.26,0.24,0.24,2965600
PTTEP01C2609A,20260609,0.17,0.17,0.16,0.16,3472700
PTTEP01C2703T,20260609,0.42,0.42,0.41,0.41,3909600
PTTEP01P2607A,20260609,0.01,0.01,0.01,0.01,40000
PTTEP01P2608A,20260609,0.25,0.25,0.25,0.25,1835200
PTTEP01P2703T,20260609,0.49,0.49,0.49,0.49,1346700
PTTEP13C2607A,20260609,0.57,0.57,0.57,0.57,15000
PTTEP13C2608A,20260609,0.4,0.4,0.36,0.36,5612500
PTTEP13C2608B,20260609,0.2,0.2,0.19,0.19,4388600
PTTEP13C2608C,20260609,0.07,0.08,0.07,0.07,211600
PTTEP13P2607A,20260609,0.01,0.01,0.01,0.01,5000
PTTEP19C2608A,20260609,0.2,0.2,0.18,0.18,2057500
PTTEP41C2608A,20260609,0.36,0.36,0.34,0.34,725000
PTTEP41C2608B,20260609,0.19,0.19,0.19,0.19,1200000
PTTEP41C2609T,20260609,0.87,0.87,0.85,0.85,2150000
PTTEP41C2703T,20260609,0.39,0.39,0.39,0.39,900000
PTTGC01C2607A,20260609,0.16,0.16,0.12,0.12,1335400
PTTGC01C2609A,20260609,0.12,0.12,0.11,0.11,1028500
PTTGC01C2704T,20260609,0.23,0.23,0.22,0.22,320300
PTTGC01P2609A,20260609,0.11,0.11,0.11,0.11,181800
PTTGC13C2608A,20260609,0.19,0.19,0.17,0.17,193100
PTTGC13C2609A,20260609,0.16,0.16,0.13,0.14,1098100
PTTGC13P2607A,20260609,0.01,0.01,0.01,0.01,6000
PTTGC13P2608A,20260609,0.14,0.15,0.14,0.15,792100
PTTGC19C2608A,20260609,0.3,0.3,0.27,0.27,381600
PTTGC19C2609A,20260609,0.17,0.17,0.15,0.15,1528700
PTTGC41C2607A,20260609,0.28,0.28,0.28,0.28,1000
PTTGC41C2608A,20260609,0.18,0.18,0.18,0.18,300000
PTTGC41C2609A,20260609,0.14,0.14,0.13,0.13,671000
PTTGC41C2612T,20260609,0.54,0.54,0.53,0.53,2000
PTTGC41C2702T,20260609,0.22,0.22,0.21,0.21,22100
RCL01C2608A,20260609,0.18,0.18,0.16,0.17,6907200
RCL01C2610T,20260609,0.37,0.37,0.34,0.35,8508200
RCL13C2608A,20260609,0.14,0.14,0.13,0.13,6556100
RCL19C2609A,20260609,0.18,0.18,0.16,0.17,12500500
RCL41C2612T,20260609,0.27,0.27,0.27,0.27,100000
SAWAD01C2609A,20260609,0.06,0.06,0.05,0.05,55000
SAWAD01C2609B,20260609,0.16,0.16,0.14,0.14,1301900
SAWAD01P2608A,20260609,0.25,0.27,0.25,0.27,2639600
SAWAD13C2607B,20260609,0.01,0.01,0.01,0.01,390100
SAWAD13C2609A,20260609,0.16,0.16,0.14,0.14,1563500
SAWAD13P2608A,20260609,0.14,0.15,0.14,0.15,688800
SAWAD41C2609A,20260609,0.15,0.15,0.13,0.13,961600
SCB01C2607A,20260609,0.13,0.13,0.11,0.11,2440600
SCB01C2608A,20260609,0.1,0.1,0.08,0.08,1441600
SCB01C2610A,20260609,0.35,0.35,0.31,0.32,2622700
SCB01C2703T,20260609,0.3,0.3,0.28,0.28,1139100
SCB01P2610A,20260609,0.34,0.36,0.34,0.36,3976600
SCB13C2609A,20260609,0.26,0.26,0.23,0.23,4520900
SCB13P2609A,20260609,0.22,0.23,0.22,0.23,2915500
SCB19C2612T,20260609,0.35,0.35,0.32,0.32,2197100
SCB41C2609T,20260609,0.51,0.51,0.47,0.48,5539800
SCC01C2607A,20260609,0.11,0.13,0.1,0.1,5448600
SCC01C2609A,20260609,1.51,1.59,1.45,1.48,806400
SCC01C2609B,20260609,0.54,0.59,0.52,0.54,4741100
SCC01C2610A,20260609,0.47,0.5,0.45,0.47,7916100
SCC01C2704T,20260609,0.47,0.48,0.46,0.46,3101600
SCC01P2610A,20260609,0.34,0.35,0.32,0.34,6911300
SCC13C2607A,20260609,0.23,0.26,0.21,0.22,7491200
SCC13C2609A,20260609,0.27,0.3,0.26,0.27,14805000
SCC19C2607A,20260609,0.1,0.11,0.09,0.09,1178800
SCC41C2607A,20260609,0.23,0.24,0.21,0.22,2100000
SCC41C2611T,20260609,0.29,0.3,0.28,0.28,4200000
SCC41C2612T,20260609,0.8,0.83,0.78,0.79,5200000
SCGP01C2608A,20260609,0.7,0.7,0.6,0.6,385200
SCGP01C2609A,20260609,1.18,1.18,1.05,1.05,285800
SCGP01P2608A,20260609,0.01,0.02,0.01,0.02,59800
SCGP13C2608A,20260609,1.18,1.18,1.01,1.08,50400
SCGP13P2608A,20260609,0.01,0.01,0.01,0.01,800000
SET01C2606L,20260609,4.06,4.06,4.04,4.04,300
SET01C2607A,20260609,1.86,2.08,1.82,2.08,241400
SET01C2607B,20260609,0.2,0.25,0.2,0.25,850800
SET01C2706L,20260609,2.1,2.1,2.1,2.1,11000
SET01P2606L,20260609,0.05,0.06,0.03,0.03,12500
SET01P2607A,20260609,0.02,0.02,0.01,0.01,16500
SET01P2607B,20260609,0.01,0.02,0.01,0.02,628200
SET01P2706L,20260609,1.32,1.33,1.31,1.32,113600
SET5001C2606F,20260609,0.38,0.4,0.3,0.37,9887100
SET5001C2606G,20260609,0.04,0.04,0.04,0.04,152200
SET5001C2606H,20260609,0.03,0.03,0.03,0.03,400
SET5001C2606I,20260609,0.35,0.36,0.31,0.34,6089300
SET5001C2606J,20260609,0.87,0.89,0.87,0.88,2021600
SET5001C2607A,20260609,0.58,0.63,0.52,0.58,460800
SET5001C2607B,20260609,0.03,0.03,0.02,0.02,1002200
SET5001C2607C,20260609,0.4,0.42,0.38,0.4,871200
SET5001P2607B,20260609,0.02,0.02,0.02,0.02,100
SET5001P2607C,20260609,0.01,0.02,0.01,0.02,200400
SET5013C2606A,20260609,0.3,0.31,0.26,0.26,109000
SET5013C2606B,20260609,0.13,0.14,0.11,0.12,49462200
SET5013C2606C,20260609,0.1,0.1,0.05,0.06,2162000
SET5013C2606D,20260609,0.05,0.05,0.03,0.05,2617400
SET5013C2606E,20260609,0.05,0.05,0.02,0.02,1600
SET5013C2606F,20260609,0.02,0.02,0.01,0.02,694200
SET5013C2606G,20260609,0.02,0.02,0.01,0.01,9600
SET5013C2606H,20260609,0.04,0.05,0.04,0.05,147900
SET5013C2606I,20260609,0.11,0.12,0.09,0.1,13953700
SET5013C2606J,20260609,0.3,0.31,0.26,0.28,102299900
SET5013C2606K,20260609,0.34,0.36,0.29,0.32,137884000
SET5013C2606L,20260609,0.06,0.07,0.05,0.05,11441300
SET5013P2606C,20260609,0.02,0.02,0.01,0.01,83700
SET5013P2606D,20260609,0.01,0.01,0.01,0.01,985000
SET5013P2606E,20260609,0.01,0.01,0.01,0.01,8700
SET5013P2606F,20260609,0.01,0.01,0.01,0.01,200
SET5013P2606G,20260609,0.01,0.01,0.01,0.01,100000
SET5013P2606H,20260609,0.02,0.02,0.01,0.01,8500
SET5013P2606J,20260609,0.01,0.01,0.01,0.01,16900
SET5013P2606M,20260609,0.01,0.01,0.01,0.01,2047100
SET5013P2606N,20260609,0.01,0.02,0.01,0.02,23100
SET5013P2606O,20260609,0.02,0.03,0.02,0.03,34000
SET5013P2606X,20260609,3.2,3.34,3.18,3.24,51700
SET5019C2606A,20260609,0.34,0.37,0.29,0.33,2559300
SET5019C2606B,20260609,0.21,0.24,0.18,0.21,2520800
SET5019C2606C,20260609,0.03,0.03,0.02,0.03,607200
SET5019C2606D,20260609,0.24,0.26,0.2,0.22,57819400
SET5019C2606E,20260609,0.11,0.12,0.09,0.1,20451100
SET5019C2606F,20260609,0.09,0.09,0.07,0.08,5944700
SET5019P2606F,20260609,0.02,0.02,0.02,0.02,24900
SET5041C2606A,20260609,0.6,0.6,0.6,0.6,1000
SET5041C2606B,20260609,0.18,0.18,0.16,0.16,20000
SET5041C2609T,20260609,1.21,1.23,1.19,1.2,4744900
SET5041P2609T,20260609,0.14,0.15,0.14,0.15,22200
SISB19C2612A,20260609,0.18,0.18,0.18,0.18,300
SJWD13C2608A,20260609,0.13,0.13,0.11,0.11,1162400
SPALI13C2608A,20260609,0.07,0.07,0.07,0.07,10000
SPRC01C2607A,20260609,0.08,0.09,0.08,0.09,4626700
SPRC01C2610A,20260609,0.26,0.27,0.24,0.26,2809500
SPRC01C2703T,20260609,0.24,0.25,0.24,0.24,2051800
SPRC13C2607A,20260609,0.08,0.09,0.07,0.08,2207700
SPRC13C2608A,20260609,0.1,0.1,0.09,0.1,1425800
SPRC13C2609A,20260609,0.27,0.29,0.25,0.28,6277900
SPRC19C2609A,20260609,0.28,0.3,0.27,0.28,2578500
SPRC41C2612T,20260609,0.59,0.6,0.58,0.6,2500000
SPX28C2609A,20260609,1.17,1.17,1.17,1.17,100
SPX41C2606A,20260609,0.49,0.49,0.49,0.49,3000
STA01C2607A,20260609,0.57,0.64,0.55,0.64,804700
STA01C2609A,20260609,0.38,0.43,0.37,0.43,1259900
STA13C2608B,20260609,0.31,0.34,0.3,0.34,1639500
STA19C2612A,20260609,0.7,0.76,0.7,0.76,695200
STA41C2612T,20260609,0.4,0.42,0.4,0.42,3900000
STECON01C2609A,20260609,0.43,0.45,0.4,0.45,1488600
STECON13C2609A,20260609,0.47,0.47,0.43,0.47,3676000
STGT01C2608A,20260609,0.55,0.55,0.5,0.53,993200
STGT01C2609A,20260609,0.22,0.22,0.2,0.22,2214700
STGT13C2607B,20260609,0.1,0.1,0.09,0.1,188600
STGT41C2612T,20260609,0.61,0.61,0.58,0.61,105000
TCAP13C2609A,20260609,0.28,0.28,0.28,0.28,1525900
TENCEN28C2610A,20260609,0.12,0.12,0.12,0.12,1500000
TFG13C2609A,20260609,0.32,0.35,0.32,0.33,9507700
TFG41C2608A,20260609,0.93,0.94,0.91,0.94,900000
TFG41C2609A,20260609,0.32,0.32,0.32,0.32,300000
TFG41C2701T,20260609,0.52,0.52,0.51,0.51,1314000
TIDLOR01C2609A,20260609,0.44,0.45,0.35,0.37,3151000
TIDLOR01C2610T,20260609,0.15,0.15,0.13,0.13,1397200
TIDLOR01P2608A,20260609,0.27,0.34,0.27,0.34,5541800
TIDLOR13C2607A,20260609,0.02,0.02,0.02,0.02,3300000
TIDLOR13C2608A,20260609,0.29,0.3,0.22,0.23,7138500
TIDLOR13C2701T,20260609,0.29,0.29,0.24,0.25,2338900
TIDLOR13P2608A,20260609,0.11,0.14,0.11,0.13,1291600
TIDLOR19C2609T,20260609,0.11,0.11,0.1,0.11,9732700
TIDLOR19C2612T,20260609,0.38,0.38,0.35,0.36,3376800
TIDLOR41C2608A,20260609,0.27,0.27,0.21,0.21,3920000
TIDLOR41C2612T,20260609,0.18,0.18,0.17,0.17,4400000
TISCO13C2609A,20260609,0.16,0.17,0.16,0.17,652200
TLI01C2609A,20260609,0.24,0.28,0.24,0.28,1300
TLI13C2609A,20260609,0.24,0.28,0.24,0.27,8343200
TLI41C2609A,20260609,0.23,0.27,0.23,0.26,9141300
TOA01C2702T,20260609,0.2,0.2,0.2,0.2,1356400
TOP01C2608A,20260609,0.07,0.08,0.07,0.08,11600
TOP01C2609A,20260609,0.05,0.05,0.05,0.05,300
TOP01C2610A,20260609,0.28,0.28,0.26,0.27,1573400
TOP01C2701T,20260609,0.3,0.31,0.3,0.31,122100
TOP01P2609A,20260609,0.41,0.43,0.41,0.43,459800
TOP01P2609B,20260609,0.35,0.36,0.35,0.36,489500
TOP13C2607A,20260609,0.07,0.07,0.06,0.06,900000
TOP13C2608A,20260609,0.06,0.06,0.06,0.06,566500
TOP13C2609A,20260609,0.26,0.26,0.24,0.24,1275500
TOP13P2608A,20260609,0.22,0.23,0.22,0.22,385100
TOP19C2608A,20260609,0.13,0.13,0.11,0.11,330000
TOP19C2612T,20260609,0.69,0.69,0.64,0.64,216500
TOP41C2611T,20260609,0.52,0.52,0.52,0.52,752000
TRUE01C2607A,20260609,0.24,0.24,0.23,0.23,839300
TRUE01C2608A,20260609,0.11,0.11,0.1,0.1,2224900
TRUE01C2703T,20260609,0.25,0.25,0.25,0.25,199500
TRUE01P2608A,20260609,0.14,0.14,0.14,0.14,1653800
TRUE13C2607B,20260609,0.23,0.23,0.23,0.23,1261400
TRUE13C2608A,20260609,0.11,0.11,0.11,0.11,1874500
TRUE13P2608A,20260609,0.12,0.13,0.12,0.12,936900
TRUE41C2607B,20260609,0.21,0.21,0.21,0.21,700000
TRUE41C2612T,20260609,0.31,0.31,0.3,0.3,2480000
TTB01C2608A,20260609,0.08,0.08,0.08,0.08,10000
TTB13C2608A,20260609,0.05,0.05,0.05,0.05,5000
TTB13C2609A,20260609,0.17,0.17,0.15,0.16,2840700
TU13P2608A,20260609,0.1,0.1,0.1,0.1,957600
VGI01C2609A,20260609,0.17,0.17,0.14,0.14,6330300
VGI13C2607A,20260609,0.01,0.01,0.01,0.01,255900
VGI13C2608A,20260609,0.02,0.02,0.02,0.02,1001100
VGI13C2608B,20260609,0.09,0.09,0.06,0.07,1729400
VGI19C2607A,20260609,0.05,0.05,0.04,0.04,3704000
VGI19C2609A,20260609,0.17,0.17,0.14,0.15,2241200
VGI19C2610T,20260609,0.05,0.05,0.05,0.05,400
VGI41C2612T,20260609,0.01,0.01,0.01,0.01,1000
VGI41C2703T,20260609,0.29,0.29,0.27,0.27,6300500
WHA01C2608A,20260609,0.45,0.47,0.42,0.42,762700
WHA01C2610T,20260609,0.92,0.95,0.92,0.92,338200
WHA01P2608A,20260609,0.05,0.05,0.05,0.05,12000
WHA13C2608A,20260609,0.57,0.6,0.5,0.52,185500
WHA13P2608A,20260609,0.06,0.06,0.06,0.06,601200
WHA41C2608A,20260609,0.51,0.54,0.49,0.5,3400200
WHA41C2701T,20260609,0.77,0.79,0.75,0.75,2457000
XIAOMI28C2609A,20260609,0.09,0.09,0.09,0.09,2000
XIAOMI41C2609T,20260609,0.14,0.14,0.13,0.13,400
ZIJIN41C2606A,20260609,0.01,0.01,0.01,0.01,500
ZIJIN41C2610A,20260609,0.2,0.21,0.2,0.2,1800
A5-W5-O,20260609,0.03,0.05,0.03,0.05,121
ACC-W2-O,20260609,0.01,0.06,0.01,0.06,99
ASW-W3-O,20260609,0.28,0.59,0.28,0.59,78
B-W8-O,20260609,0.01,0.01,0.01,0.01,33
BRI-W1-O,20260609,0.7,0.7,0.32,0.32,81
BWG-W7-O,20260609,0.03,0.03,0.01,0.03,5018
CAZ-W1-O,20260609,0.6,0.6,0.6,0.6,40
CHASE-W1-O,20260609,0.13,0.13,0.13,0.13,10
CHAYO-W4-O,20260609,0.25,0.25,0.24,0.24,99
DEMCO-W8-O,20260609,1,1.15,0.24,1.11,765
EA-W1-O,20260609,0.66,0.73,0.66,0.68,209
EMPIRE-W2-O,20260609,0.07,0.07,0.07,0.07,99
HYDRO-W2-O,20260609,0.13,0.13,0.13,0.13,8
ITEL-W6-O,20260609,0.01,0.18,0.01,0.18,263
JAS-W4-O,20260609,0.19,0.21,0.19,0.21,264
KASET-W1-O,20260609,0.1,0.1,0.1,0.1,20
KGEN-W2-O,20260609,0.14,0.14,0.12,0.12,2
MGI-W1-O,20260609,0.14,0.14,0.14,0.14,2
NOBLE-W3-O,20260609,0.09,0.09,0.09,0.09,50
ORI-W2-O,20260609,0.21,0.22,0.2,0.2,217
PEER-W2-O,20260609,0.01,0.01,0.01,0.01,2
PROEN-W2-O,20260609,0.08,0.08,0.08,0.08,25
PSTC-W3-O,20260609,0.03,0.04,0.03,0.04,68
QDC-W3-O,20260609,0.05,0.05,0.05,0.05,60
ROCTEC-W5-O,20260609,0.01,0.01,0.01,0.01,81
SAAM-W3-O,20260609,0.12,0.12,0.12,0.12,75
SAAM-W4-O,20260609,0.11,0.11,0.11,0.11,75
TFG-W4-O,20260609,4.84,5,4.84,4.86,124
TGE-W2-O,20260609,0.01,0.01,0.01,0.01,65
TL-W2-O,20260609,0.06,0.08,0.06,0.06,330
TNITY-W2-O,20260609,0.04,0.08,0.04,0.08,128
VIBHA-W5-O,20260609,0.04,0.05,0.04,0.04,657
ZIGA-W2-O,20260609,0.04,0.04,0.04,0.04,201
A5-W5,20260609,0.03,0.04,0.03,0.04,297400
ACC-W2,20260609,0.07,0.07,0.06,0.07,462800
ASW-W3,20260609,0.6,0.61,0.59,0.6,3100
B-W8,20260609,0.01,0.01,0.01,0.01,800
BC-W4,20260609,0.05,0.05,0.05,0.05,2300
BR-W1,20260609,0.01,0.01,0.01,0.01,428000
BRI-W1,20260609,0.7,0.7,0.7,0.7,100
BTC-W7,20260609,0.01,0.01,0.01,0.01,26000
BTS-W8,20260609,0.01,0.01,0.01,0.01,4000
BWG-W7,20260609,0.03,0.04,0.03,0.03,6002800
CAZ-W1,20260609,0.65,0.67,0.64,0.66,212000
CHASE-W1,20260609,0.14,0.14,0.12,0.14,1229500
CHAYO-W4,20260609,0.25,0.26,0.24,0.24,1309400
CIG-W9,20260609,0.01,0.01,0.01,0.01,500
COMAN-W1,20260609,0.07,0.07,0.07,0.07,3100
DCON-W4,20260609,0.01,0.01,0.01,0.01,400
DEMCO-W8,20260609,1.12,1.17,1.11,1.12,5057300
EA-W1,20260609,0.71,0.74,0.7,0.7,14305000
EMPIRE-W1,20260609,0.03,0.04,0.03,0.03,1306200
EMPIRE-W2,20260609,0.07,0.08,0.05,0.05,894700
GLORY-W1,20260609,0.2,0.25,0.2,0.2,2286000
HYDRO-W2,20260609,0.12,0.16,0.1,0.1,11932600
IROYAL-W1,20260609,1.22,1.25,1.18,1.23,25700
IROYAL-W2,20260609,0.69,0.84,0.69,0.84,1700
ITEL-W6,20260609,0.19,0.19,0.18,0.18,1041100
J-W4,20260609,0.02,0.02,0.01,0.01,413700
JAS-W4,20260609,0.21,0.23,0.2,0.22,40193400
KASET-W1,20260609,0.11,0.13,0.1,0.12,2448300
KGEN-W2,20260609,0.12,0.14,0.11,0.12,37703100
MADAME-W6,20260609,0.08,0.09,0.07,0.08,76400
MGI-W1,20260609,0.1,0.15,0.1,0.12,17703800
NOBLE-W3,20260609,0.1,0.11,0.1,0.1,180700
NRF-W2,20260609,0.05,0.06,0.04,0.05,1050600
ORI-W2,20260609,0.21,0.22,0.19,0.2,3169600
PPPM-W6,20260609,0.03,0.03,0.02,0.02,204600
PRG-W4,20260609,4.34,4.34,4.34,4.34,1000
PRG-W5,20260609,4.14,4.14,4.14,4.14,1000
PROEN-W2,20260609,0.1,0.1,0.08,0.08,1557200
PROUD-W3,20260609,0.13,0.14,0.13,0.14,276100
PSTC-W3,20260609,0.04,0.04,0.03,0.03,301100
QDC-W3,20260609,0.07,0.08,0.07,0.08,71000
ROCTEC-W5,20260609,0.01,0.01,0.01,0.01,8710600
SAAM-W3,20260609,0.14,0.15,0.13,0.13,202200
SAAM-W4,20260609,0.13,0.14,0.13,0.14,12000
SAMTEL-W2,20260609,0.27,0.29,0.25,0.26,78900
SGC-W2,20260609,0.33,0.36,0.33,0.33,4091500
STELLA-W6,20260609,0.04,0.04,0.03,0.04,1640400
TAKUNI-W2,20260609,0.27,0.28,0.24,0.24,67800
TCC-W5,20260609,0.16,0.17,0.16,0.16,24300
TFG-W4,20260609,4.8,5.05,4.8,4.84,530500
TGE-W2,20260609,0.02,0.03,0.02,0.02,117000
TL-W2,20260609,0.07,0.08,0.07,0.07,330700
TNITY-W2,20260609,0.11,0.11,0.09,0.1,793800
TRUBB-W3,20260609,0.51,0.55,0.49,0.53,2790600
TVDH-W5,20260609,0.01,0.02,0.01,0.01,19500
UREKA-W3,20260609,0.27,0.29,0.23,0.23,2361600
VGI-W3,20260609,0.01,0.02,0.01,0.01,2150300
VIBHA-W5,20260609,0.05,0.06,0.05,0.06,13252900
WAVE-W4,20260609,0.01,0.01,0.01,0.01,100
XBIO-W6,20260609,0.02,0.02,0.02,0.02,42200
XBIO-W7,20260609,0.01,0.02,0.01,0.02,870700
XBIO-W8,20260609,0.15,0.16,0.15,0.16,505800
ZIGA-W2,20260609,0.04,0.05,0.04,0.05,1324300
1DIV-O,20260609,12.76,12.76,12.74,12.74,133
1I01BSET50-O,20260609,2.59,2.59,2.59,2.59,1
2I01BSET50-O,20260609,2.66,2.67,2.66,2.67,100
2X01BSET50-O,20260609,7.74,7.74,3.1,3.1,14
ABFTH-O,20260609,1341,1341,1340,1340,6
BMSCITH-O,20260609,13.01,13.01,13.01,13.01,1
BSET100-O,20260609,11.47,11.47,11.47,11.47,18
CHINA-O,20260609,7.45,7.45,7.45,7.45,1
GLD-O,20260609,5.61,5.65,5.6,5.61,759
TDEX-O,20260609,10.06,10.06,10,10.01,239
1DIV,20260609,12.76,12.76,12.7,12.71,14000
1I01BSET50,20260609,3.68,3.68,3.66,3.67,3100
2I01BSET50,20260609,2.68,2.7,2.67,2.68,744500
2X01BSET50,20260609,7.74,7.77,7.66,7.73,276100
ABFTH,20260609,1320,1320,1320,1320,50
BMSCG,20260609,8.77,8.77,8.77,8.77,100
BMSCITH,20260609,12.92,13.04,12.91,13.04,334000
BSET100,20260609,11.41,11.47,11.4,11.45,832500
CHINA,20260609,7.43,7.54,7.43,7.54,30900
GLD,20260609,5.58,5.63,5.58,5.62,1633400
TDEX,20260609,9.98,10.06,9.98,10.03,1812300
UBOT,20260609,14.81,14.81,14.81,14.81,100
UHERO,20260609,8.12,8.12,8.03,8.03,300
2S-O,20260609,3.06,3.1,2.96,3.06,183
3BBIF-O,20260609,6.5,6.5,6.45,6.5,479
88TH-O,20260609,4.38,4.38,4.38,4.38,3
A-O,20260609,3.1,3.1,3.1,3.1,1
A5-O,20260609,1.81,1.81,1.81,1.81,2
AAI-O,20260609,3.52,3.56,3.5,3.56,16
AAV-O,20260609,1.07,1.08,1.05,1.05,367
ACC-O,20260609,0.26,0.37,0.26,0.37,8
ACE-O,20260609,1.28,1.29,1.28,1.29,35
ADD-O,20260609,3.36,3.36,3.36,3.36,1
ADVANC-O,20260609,360,362,357,360,4962
ADVICE-O,20260609,6.5,6.55,6.35,6.35,341
AE-O,20260609,0.09,0.09,0.09,0.09,51
AEONTS-O,20260609,94.25,94.25,93.75,93.75,295
AF-O,20260609,0.34,0.34,0.34,0.34,1
AFC-O,20260609,3.7,3.7,3.7,3.7,1
AGE-O,20260609,1.29,1.32,1.27,1.31,137
AH-O,20260609,14.2,14.2,14,14.1,106
AHC-O,20260609,12.5,12.5,12.5,12.5,1
AI-O,20260609,2.9,2.9,2.88,2.88,51
AIE-O,20260609,1.16,1.16,1.16,1.16,216
AIMIRT-O,20260609,11.5,11.5,11.3,11.5,35
AIRA-O,20260609,1.03,1.03,1.03,1.03,1
AIT-O,20260609,4.72,4.72,4.72,4.72,71
AJ-O,20260609,2.9,2.9,2.9,2.9,2
AKP-O,20260609,0.74,0.74,0.74,0.74,1
AKR-O,20260609,0.9,0.9,0.9,0.9,67
AKS-O,20260609,0.01,0.02,0.01,0.02,1211
ALPHAX-O,20260609,0.28,0.28,0.25,0.25,26
ALT-O,20260609,1.52,1.53,1.5,1.5,77
ALUCON-O,20260609,233,235,228,229,32
AMA-O,20260609,3.84,3.84,3.84,3.84,30
AMANAH-O,20260609,0.65,0.69,0.65,0.69,20
AMARC-O,20260609,3.34,3.42,3.34,3.4,101
AMATA-O,20260609,26,27.25,26,27,1526
AMATAR-O,20260609,7.25,7.25,7.25,7.25,4
AMATAV-O,20260609,1.97,1.97,1.97,1.97,8
ANAN-O,20260609,0.33,0.33,0.32,0.32,51
ANI-O,20260609,2.54,2.54,2.54,2.54,64
AOT-O,20260609,57.5,57.75,56.5,56.5,2296
AP-O,20260609,7.1,7.15,7,7.05,2039
APCO-O,20260609,2.66,2.66,2.66,2.66,1
APCS-O,20260609,1.5,1.5,1.5,1.5,10
APO-O,20260609,2.06,2.06,2.06,2.06,56
APP-O,20260609,2.5,2.5,2.5,2.5,1
APURE-O,20260609,2.02,2.02,2.02,2.02,1
ARIP-O,20260609,0.45,0.45,0.45,0.45,2
AS-O,20260609,2.36,2.36,2.36,2.36,40
ASEFA-O,20260609,5.7,5.85,5.7,5.85,3
ASIAN-O,20260609,7,7.05,7,7.05,114
ASK-O,20260609,9.1,9.1,9.1,9.1,85
ASP-O,20260609,2.16,2.16,2.06,2.06,77
ATLAS-O,20260609,1.86,1.86,1.86,1.86,2
ATP30-O,20260609,0.81,0.81,0.81,0.81,2
AU-O,20260609,4.66,4.66,4.66,4.66,3
AUCT-O,20260609,3.82,3.82,3.78,3.78,87
AURA-O,20260609,14.9,14.9,14.1,14.1,648
AWC-O,20260609,2.48,2.48,2.4,2.42,602
AXTRART-O,20260609,12.9,12.9,12.7,12.9,118
AYUD-O,20260609,40,40,39.25,39.75,28
B-O,20260609,0.03,0.04,0.03,0.03,150
B-WORK-O,20260609,6.15,6.15,6.15,6.15,19
BA-O,20260609,16.3,16.5,16.1,16.3,437
BAFS-O,20260609,9.2,9.2,8.95,8.95,132
BAM-O,20260609,6.3,6.35,6.25,6.3,631
BANPU-O,20260609,5.5,5.6,5.45,5.5,1075
BAREIT-O,20260609,10.8,10.8,10.8,10.8,17
BAY-O,20260609,37,37.5,36.5,36.75,844
BBGI-O,20260609,4.3,4.3,4.22,4.28,174
BBIK-O,20260609,19.2,19.4,18.8,19.3,167
BBL-O,20260609,171,171,169,170,3294
BC-O,20260609,0.66,0.66,0.66,0.66,10
BCH-O,20260609,9.5,9.5,9.3,9.3,1212
BCP-O,20260609,34,34.25,34,34.25,668
BCPG-O,20260609,6.7,6.7,6.6,6.65,707
BDMS-O,20260609,18.3,18.3,18.1,18.2,8044
BE8-O,20260609,5.9,5.9,5.8,5.8,3
BEC-O,20260609,2.04,2.04,2,2,314
BEM-O,20260609,5.2,5.35,5.2,5.25,1262
BGC-O,20260609,6.5,6.65,6.5,6.65,97
BGRIM-O,20260609,14.5,14.5,14,14.2,856
BH-O,20260609,180.5,180.5,177,177.5,1567
BIG-O,20260609,0.31,0.31,0.3,0.3,2
BIZ-O,20260609,6.45,6.45,4.48,6.15,288
BJC-O,20260609,14.1,14.1,14,14,288
BKGI-O,20260609,1.98,1.98,1.94,1.94,405
BKIH-O,20260609,374,377,364,369,116
BLA-O,20260609,23.8,25.25,23.8,25,825
BLAND-O,20260609,0.48,0.48,0.45,0.45,24
BLESS-O,20260609,0.23,0.23,0.23,0.23,40
BM-O,20260609,1.06,1.06,1.05,1.05,6
BOFFICE-O,20260609,3.8,6.5,3.8,5,94
BOL-O,20260609,4.9,4.9,4.9,4.9,1
BPP-O,20260609,11.4,11.5,11.4,11.5,65
BR-O,20260609,1.73,1.74,1.73,1.74,3
BRI-O,20260609,1.28,1.3,1.25,1.25,173
BRR-O,20260609,4.6,4.6,3.58,3.58,27
BRRGIF-O,20260609,3.7,4.8,3.7,3.8,32
BSM-O,20260609,0.3,0.3,0.3,0.3,10
BTC-O,20260609,0.16,0.16,0.15,0.16,248
BTG-O,20260609,19.9,20.2,19.9,20.1,416
BTS-O,20260609,2.06,2.06,2.02,2.04,1258
BTSGIF-O,20260609,2.46,2.58,2.44,2.46,137
BTW-O,20260609,0.07,0.07,0.07,0.07,8
BUI-O,20260609,10.9,11,10.8,10.8,172
BVG-O,20260609,1.62,1.62,1.62,1.62,1
BWG-O,20260609,0.3,0.3,0.3,0.3,3
BYD-O,20260609,0.5,0.5,0.45,0.45,33
CAZ-O,20260609,1.57,1.57,1.57,1.57,7
CBG-O,20260609,40.75,40.75,40.25,40.5,280
CCET-O,20260609,9.2,9.3,9,9.25,2474
CCP-O,20260609,0.27,0.28,0.27,0.27,38
CENTEL-O,20260609,34.25,34.5,33.5,33.5,468
CFARM-O,20260609,0.8,0.8,0.8,0.8,10
CGD-O,20260609,0.11,0.11,0.11,0.11,1
CGH-O,20260609,0.58,0.58,0.58,0.58,6
CHASE-O,20260609,0.48,0.48,0.48,0.48,4
CHAYO-O,20260609,1.02,1.29,1.02,1.29,161
CHEWA-O,20260609,0.17,0.17,0.17,0.17,99
CHG-O,20260609,1.44,1.45,1.4,1.42,722
CHO-O,20260609,0.02,0.04,0.02,0.03,539
CITY-O,20260609,1.14,1.15,1.14,1.15,2
CK-O,20260609,18.3,18.9,18.1,18.2,561
CKP-O,20260609,2.34,2.38,2.32,2.32,101
CM-O,20260609,1.59,1.59,1.58,1.58,4
CMC-O,20260609,0.33,0.35,0.33,0.35,82
CMR-O,20260609,1.35,1.35,1.3,1.3,21
CNT-O,20260609,1.12,1.56,1.12,1.56,2
COCOCO-O,20260609,5.8,5.8,5.55,5.75,139
COM7-O,20260609,26.25,27,26.25,26.5,530
CPALL-O,20260609,45.75,45.75,45.25,45.75,7278
CPANEL-O,20260609,0.87,0.87,0.87,0.87,1
CPAXT-O,20260609,15,15,14.8,14.8,1621
CPF-O,20260609,18.8,19.1,18.8,19,1563
CPH-O,20260609,7.75,7.75,7.6,7.6,5
CPI-O,20260609,3.46,3.8,3.44,3.44,289
CPL-O,20260609,0.66,0.66,0.65,0.66,64
CPN-O,20260609,64.5,64.5,63.75,64.5,784
CPNCG-O,20260609,5.65,6.15,5.6,6.15,11
CPNREIT-O,20260609,12.6,12.8,12.5,12.7,380
CPR-O,20260609,2.64,2.64,2.64,2.64,3
CPT-O,20260609,1.01,1.01,1.01,1.01,1
CPTREIT-O,20260609,6.4,6.4,6.4,6.4,18
CPW-O,20260609,2.52,2.66,2.48,2.48,26
CRANE-O,20260609,0.38,0.38,0.38,0.38,10
CRC-O,20260609,21.2,21.2,20.7,21,673
CRD-O,20260609,0.46,0.5,0.46,0.5,1001
CREDIT-O,20260609,19,19.2,18.8,18.8,121
CSC-O,20260609,44.5,44.5,44.5,44.5,7
CSS-O,20260609,0.7,0.95,0.7,0.95,4
CTARAF-O,20260609,4.56,4.56,4.56,4.56,8
CTW-O,20260609,4.18,6.05,4.18,6.05,3
D-O,20260609,2.9,2.9,2.9,2.9,20
DCC-O,20260609,1.36,1.36,1.35,1.36,55
DCON-O,20260609,0.2,0.2,0.19,0.2,134
DDD-O,20260609,4.82,4.82,4.82,4.82,10
DELTA-O,20260609,345,364,343,363,47447
DEMCO-O,20260609,2.98,2.98,2.96,2.96,4
DHOUSE-O,20260609,0.36,0.36,0.36,0.36,5
DIF-O,20260609,10.1,10.2,10,10.1,1547
DITTO-O,20260609,13.2,13.2,12.8,12.8,409
DMT-O,20260609,11.4,11.4,11.3,11.4,28
DOD-O,20260609,1.63,1.63,1.63,1.63,55
DOHOME-O,20260609,3.3,3.38,3.26,3.34,1132
DPAINT-O,20260609,0.36,0.4,0.35,0.35,318
DREIT-O,20260609,4.8,4.8,4.76,4.76,92
DRT-O,20260609,4.98,5,4.98,5,202
DTCENT-O,20260609,0.95,0.95,0.95,0.95,10
DUSIT-O,20260609,10.3,10.3,10.2,10.3,15
EA-O,20260609,3.24,3.28,3.22,3.24,1318
EASTW-O,20260609,4.24,4.46,4.18,4.46,52
ECF-O,20260609,0.04,0.05,0.04,0.05,106
EGATIF-O,20260609,6.15,6.15,6.15,6.15,11
EGCO-O,20260609,115.5,116,115.5,115.5,472
EKH-O,20260609,5,5,4.96,4.96,74
EMPIRE-O,20260609,0.24,0.26,0.23,0.24,257
EPG-O,20260609,5.6,5.65,5.45,5.5,765
ERW-O,20260609,2.7,2.92,2.7,2.88,186
ETC-O,20260609,0.72,0.72,0.72,0.72,21
ETE-O,20260609,0.58,0.58,0.58,0.58,9
EURO-O,20260609,5.25,5.25,5.25,5.25,1
FLOYD-O,20260609,1.06,1.06,1.03,1.03,111
FM-O,20260609,4.12,4.12,4.12,4.12,4
FORTH-O,20260609,15.4,15.5,15,15.3,628
FPT-O,20260609,6.4,6.45,6.4,6.45,40
FSMART-O,20260609,7.85,7.85,7.55,7.55,81
FSX-O,20260609,1.16,1.16,1.16,1.16,2
FTE-O,20260609,2.42,2.42,2.42,2.42,1
FTREIT-O,20260609,11.6,11.7,11.6,11.6,246
FUTURERT-O,20260609,8.8,8.85,8.8,8.85,27
GABLE-O,20260609,4.02,4.02,3.98,3.98,161
GAHREIT-O,20260609,4.2,4.2,4.2,4.2,1
GC-O,20260609,4.5,4.5,4.5,4.5,35
GFC-O,20260609,1.77,2.48,1.77,2.48,19
GFPT-O,20260609,11.1,11.1,8.6,8.6,131
GJS-O,20260609,0.13,0.13,0.11,0.11,50
GLOBAL-O,20260609,6.35,6.45,6.2,6.3,692
GLORY-O,20260609,1.14,1.14,1.11,1.11,29
GPSC-O,20260609,40.75,41,40,40.25,611
GRAND-O,20260609,0.02,0.03,0.02,0.03,63
GTV-O,20260609,0.02,0.02,0.02,0.02,70
GULF-O,20260609,65,65.5,63.5,64.25,15389
GUNKUL-O,20260609,3.86,3.9,3.82,3.9,1404
HANA-O,20260609,36,36,35,35.5,3201
HANN-O,20260609,0.93,0.93,0.91,0.91,108
HARN-O,20260609,2.08,2.08,2.08,2.08,73
HENG-O,20260609,0.95,0.95,0.93,0.93,173
HFT-O,20260609,4.14,4.14,4.14,4.14,22
HL-O,20260609,5.7,5.75,5.7,5.7,104
HMPRO-O,20260609,5.95,6.05,5.95,6,1038
HPF-O,20260609,6.05,6.05,6.05,6.05,7
HPT-O,20260609,0.12,0.16,0.12,0.16,91
HTC-O,20260609,15.8,15.8,15.7,15.8,119
HUMAN-O,20260609,4.84,4.84,4.72,4.74,176
HYDRO-O,20260609,0.17,0.17,0.15,0.15,41
I2-O,20260609,0.78,0.78,0.78,0.78,45
ICC-O,20260609,23.8,23.8,23.8,23.8,30
ICHI-O,20260609,13,13.1,12.9,12.9,1391
ICN-O,20260609,2.02,2.02,2.02,2.02,20
IDG-O,20260609,1.21,1.21,1.21,1.21,1
IHL-O,20260609,1.43,1.43,1.42,1.42,2
IIG-O,20260609,1.18,1.18,1.18,1.18,1
III-O,20260609,4.2,4.2,4.2,4.2,1
ILINK-O,20260609,5,5,4.74,4.74,22
ILM-O,20260609,12.5,12.5,12.3,12.3,101
IMPACT-O,20260609,11.3,11.3,11.3,11.3,44
IND-O,20260609,0.83,0.83,0.83,0.83,1
INET-O,20260609,4,4,3.96,3.96,258
INETREIT-O,20260609,12.5,12.5,12.4,12.5,1167
INOX-O,20260609,4.36,4.36,4.3,4.3,40
INSET-O,20260609,3.28,3.28,3.24,3.24,105
IP-O,20260609,4.52,4.52,4.44,4.44,263
IRC-O,20260609,12,12,12,12,2
IRCP-O,20260609,0.26,0.26,0.26,0.26,10
IROYAL-O,20260609,4.56,4.56,4.56,4.56,2
IRPC-O,20260609,1.93,1.93,1.86,1.86,446
IT-O,20260609,5.65,5.65,5.6,5.6,8
ITC-O,20260609,16.1,16.4,16.1,16.4,188
ITD-O,20260609,0.37,0.38,0.35,0.38,179
ITEL-O,20260609,1.39,1.39,1.39,1.39,50
IVF-O,20260609,0.62,0.65,0.62,0.65,101
IVL-O,20260609,23.4,23.4,22.6,22.6,1475
JAS-O,20260609,1.16,1.26,1.16,1.21,1919
JCK-O,20260609,0.14,0.14,0.14,0.14,2
JCT-O,20260609,81.25,81.25,81,81,56
JDF-O,20260609,1.98,1.98,1.98,1.98,41
JMART-O,20260609,8.95,8.95,8.8,8.8,445
JMT-O,20260609,10.9,11,10.8,11,481
JPARK-O,20260609,3.16,3.16,3.14,3.16,30
JR-O,20260609,1.18,1.18,1.18,1.18,1
JTS-O,20260609,38.75,39.25,38,38,227
JUBILE-O,20260609,7.2,7.2,7.2,7.2,50
KAMART-O,20260609,7.25,7.25,7,7.25,276
KASET-O,20260609,0.7,0.7,0.7,0.7,1
KBANK-O,20260609,201,201,197,197,15364
KBS-O,20260609,5.75,5.75,5.7,5.75,11
KBSPIF-O,20260609,9.3,9.4,9.3,9.4,6
KCAR-O,20260609,4,4,4,4,30
KCC-O,20260609,2.98,2.98,2.98,2.98,99
KCE-O,20260609,37,37.25,36.25,36.75,1894
KCG-O,20260609,9.55,9.9,9.55,9.9,51
KDH-O,20260609,87,88,87,88,18
KGEN-O,20260609,1.84,1.92,1.8,1.91,307
KGI-O,20260609,4.32,4.36,4.32,4.36,49
KIAT-O,20260609,0.34,0.34,0.34,0.34,4
KISS-O,20260609,3.4,3.4,3.4,3.4,50
KKP-O,20260609,88.25,89.25,87.5,87.5,6701
KLINIQ-O,20260609,26.25,27,26,27,166
KOOL-O,20260609,0.22,0.22,0.22,0.22,50
KSL-O,20260609,1.5,1.5,1.47,1.47,141
KTB-O,20260609,35.25,35.5,35.25,35.25,5749
KTBSTMR-O,20260609,5.85,5.95,5.85,5.95,125
KTC-O,20260609,30.25,30.25,29.75,30,1480
KTMS-O,20260609,1.18,1.18,1.18,1.18,113
KUMWEL-O,20260609,1.92,1.92,1.89,1.92,78
KUN-O,20260609,0.52,0.54,0.52,0.54,38
KWC-O,20260609,285,285,285,285,3
LALIN-O,20260609,4.34,4.34,4.34,4.34,86
LANNA-O,20260609,14.5,14.5,14.4,14.5,251
LDC-O,20260609,0.25,0.25,0.25,0.25,4
LEE-O,20260609,2.5,2.5,2.46,2.46,58
LEO-O,20260609,1.83,2.42,1.83,2.42,2
LH-O,20260609,3.64,3.64,3.62,3.64,1087
LHFG-O,20260609,1.16,1.21,1.15,1.17,30
LHHOTEL-O,20260609,13,13.2,13,13.1,29
LHK-O,20260609,3.64,3.66,3.62,3.62,180
LHRREIT-O,20260609,4.5,4.5,4.5,4.5,1
LHSC-O,20260609,14.6,14.7,14.6,14.7,15
LIT-O,20260609,0.74,0.74,0.51,0.51,99
LOXLEY-O,20260609,1.58,1.58,1.58,1.58,1
LPH-O,20260609,3.5,3.98,3.5,3.98,19
LPN-O,20260609,1.54,1.58,1.53,1.58,15
LTS-O,20260609,2.7,2.7,2.68,2.68,32
M-CHAI-O,20260609,19.8,19.8,18.2,18.2,21
M-O,20260609,21,21,20.6,20.6,460
M-STOR-O,20260609,7.85,7.85,7.85,7.85,1
MADAME-O,20260609,0.45,0.48,0.45,0.48,81
MAGURO-O,20260609,17.9,17.9,17.9,17.9,21
MAJOR-O,20260609,6.75,6.75,6.65,6.7,128
MALEE-O,20260609,4.08,4.08,4.08,4.08,21
MASTEC-O,20260609,1.37,1.37,1.37,1.37,1
MASTER-O,20260609,8.5,8.5,8.45,8.5,96
MBK-O,20260609,18.8,18.8,18.4,18.6,110
MC-O,20260609,11.2,11.2,11.1,11.1,336
MCS-O,20260609,7.5,7.55,7.45,7.55,169
MDX-O,20260609,2.56,2.56,2.56,2.56,62
MEB-O,20260609,11.7,11.8,11.6,11.8,92
MEDEZE-O,20260609,6.1,6.1,6.1,6.1,85
MEGA-O,20260609,35,35.25,35,35.25,144
MENA-O,20260609,0.72,0.72,0.69,0.69,75
META-O,20260609,0.01,0.02,0.01,0.02,98
METCO-O,20260609,295,295,293,294,129
MFC-O,20260609,19.1,19.1,19.1,19.1,3
MFEC-O,20260609,5.9,6,5.8,5.85,244
MGC-O,20260609,6.25,6.25,6.25,6.25,1
MGI-O,20260609,6.5,6.5,5.05,5.4,473
MGT-O,20260609,1.89,1.89,1.5,1.88,14
MILL-O,20260609,0.03,0.04,0.03,0.04,185
MINT-O,20260609,22.4,22.4,21.8,22.2,2381
MJLF-O,20260609,5.6,5.6,5.55,5.6,26
MK-O,20260609,0.51,0.51,0.51,0.51,1
ML-O,20260609,1.3,1.3,1.13,1.13,383
MMM-O,20260609,2.7,2.78,2.7,2.78,54
MONO-O,20260609,0.92,0.99,0.92,0.97,1122
MOONG-O,20260609,2.4,2.4,2.38,2.38,146
MORE-O,20260609,0.06,0.06,0.06,0.06,55
MOSHI-O,20260609,37,37.5,37,37.5,383
MOTHER-O,20260609,1.15,1.15,1.15,1.15,11
MPJ-O,20260609,3.56,3.56,3.56,3.56,1
MRDIYT-O,20260609,8.95,8.95,8.85,8.9,163
MSC-O,20260609,5.95,5.95,5.9,5.9,27
MST-O,20260609,9.2,9.2,9.2,9.2,1
MTC-O,20260609,28.25,28.25,27.25,27.5,1907
MTI-O,20260609,16,16,15.4,15.4,98
MVP-O,20260609,0.03,0.05,0.03,0.04,49
NAT-O,20260609,1.25,1.82,1.25,1.82,3
NC-O,20260609,1.3,1.3,1.3,1.3,68
NCAP-O,20260609,2.66,2.66,2.6,2.6,51
NCH-O,20260609,0.38,0.38,0.38,0.38,30
NEO-O,20260609,17,17,16.9,17,170
NER-O,20260609,4.42,4.44,4.42,4.44,144
NETBAY-O,20260609,9.5,9.5,9.4,9.4,156
NEX-O,20260609,1.1,1.1,1.06,1.07,71
NKI-O,20260609,14,14,13.4,13.4,22
NKT-O,20260609,3.88,3.9,3.88,3.9,13
NOBLE-O,20260609,1.78,1.86,1.77,1.8,75
NRF-O,20260609,0.25,0.25,0.25,0.25,1
NSL-O,20260609,21.3,21.5,21.3,21.5,101
NTF-O,20260609,15.1,15.2,14.9,14.9,103
NTSC-O,20260609,6.2,6.2,6.2,6.2,1
NTV-O,20260609,19.1,19.1,19,19,148
NUT-O,20260609,4.22,4.22,4.22,4.22,25
NV-O,20260609,0.51,0.51,0.5,0.5,104
NVD-O,20260609,0.58,0.58,0.58,0.58,1
NYT-O,20260609,3.74,3.78,3.72,3.78,199
OCC-O,20260609,9.55,9.55,9.55,9.55,1
OKJ-O,20260609,4,4,3.9,3.9,407
ONEE-O,20260609,2.88,2.88,2.7,2.7,496
ONSENS-O,20260609,1.13,1.13,1.13,1.13,2
OR-O,20260609,12.4,12.4,12.3,12.4,1351
ORI-O,20260609,1.67,2.12,1.66,2.12,59
ORN-O,20260609,0.77,0.77,0.77,0.77,1
OSP-O,20260609,15.3,15.4,15.2,15.3,705
PAF-O,20260609,0.78,0.78,0.78,0.78,21
PATO-O,20260609,6.2,6.2,6.2,6.2,2
PB-O,20260609,49,49,48,48.5,99
PCE-O,20260609,2.22,2.22,2.18,2.18,2
PDG-O,20260609,3.14,3.14,3.14,3.14,1
PERM-O,20260609,0.24,0.24,0.24,0.24,1
PF-O,20260609,0.04,0.04,0.04,0.04,64
PG-O,20260609,6.55,6.55,6.55,6.55,20
PHOL-O,20260609,3.06,3.06,3.06,3.06,1
PIN-O,20260609,4.36,4.36,4.36,4.36,73
PJW-O,20260609,2,2,2,2,2
PK-O,20260609,0.33,0.33,0.33,0.33,1
PLANB-O,20260609,4.12,4.12,4.04,4.04,507
PLE-O,20260609,0.11,0.12,0.11,0.12,67
PLUS-O,20260609,1.14,1.14,1.14,1.14,10
PM-O,20260609,10.6,11,10.6,11,31
PMC-O,20260609,0.84,0.85,0.84,0.85,160
PMTA-O,20260609,9.55,9.55,9.55,9.55,1
POLY-O,20260609,6.85,6.85,6.85,6.85,29
PPS-O,20260609,0.17,0.17,0.17,0.17,95
PR9-O,20260609,16.7,16.7,16.4,16.5,267
PRAPAT-O,20260609,0.8,0.8,0.8,0.8,25
PRG-O,20260609,9.2,9.2,9.1,9.1,19
PRI-O,20260609,3.46,3.46,2.42,2.42,100
PRIME-O,20260609,0.05,0.05,0.05,0.05,75
PRM-O,20260609,8.2,8.3,8.05,8.2,424
PROS-O,20260609,0.26,0.26,0.26,0.26,1
PROSPECT-O,20260609,9.55,9.75,9.55,9.6,602
PROUD-O,20260609,0.94,0.94,0.94,0.94,42
PRTR-O,20260609,3.4,3.4,3.4,3.4,45
PSGC-O,20260609,4.2,5.9,4.2,5.8,67
PSH-O,20260609,3.5,3.5,3.5,3.5,1
PSL-O,20260609,7.15,7.15,6.95,6.95,431
PSP-O,20260609,5.8,5.8,5.8,5.8,22
PSTC-O,20260609,0.3,0.3,0.3,0.3,90
PT-O,20260609,10.9,10.9,10.8,10.8,154
PTG-O,20260609,7.2,7.25,7.15,7.25,545
PTL-O,20260609,10.2,10.2,10,10,20
PTT-O,20260609,36.75,36.75,36.25,36.5,5713
PTTEP-O,20260609,145.5,145.5,144,144.5,3000
PTTGC-O,20260609,34.25,34.5,33.25,33.75,1657
PYLON-O,20260609,2.28,2.28,2.28,2.28,1
Q-CON-O,20260609,6.25,6.25,6.25,6.25,1
QDC-O,20260609,0.11,0.12,0.11,0.12,97
QH-O,20260609,1.33,1.34,1.32,1.33,902
QHHRREIT-O,20260609,7.8,7.8,7.8,7.8,12
QLT-O,20260609,1.49,1.49,1.45,1.45,125
QTC-O,20260609,3.28,3.28,3.28,3.28,1
RABBIT-O,20260609,0.34,0.38,0.34,0.36,28
RATCH-O,20260609,30,30,29.75,29.75,752
RBF-O,20260609,4.78,4.78,4.54,4.62,215
RCL-O,20260609,32.75,32.75,32,32,512
RICHY-O,20260609,0.11,0.14,0.11,0.14,22
RJH-O,20260609,13.3,13.6,13.2,13.2,88
RML-O,20260609,0.09,0.09,0.09,0.09,97
ROCK-O,20260609,10,10.6,10,10.6,49
ROCTEC-O,20260609,0.69,0.89,0.66,0.66,26
ROJNA-O,20260609,5.65,5.65,5.5,5.5,353
RP-O,20260609,0.59,0.59,0.59,0.59,12
RS-O,20260609,0.16,0.16,0.15,0.15,7
RSP-O,20260609,0.95,0.95,0.94,0.94,13
S-O,20260609,0.5,0.5,0.49,0.5,424
S&J-O,20260609,33.75,33.75,33.75,33.75,5
S11-O,20260609,4,4.02,4,4.02,83
SABINA-O,20260609,15.2,15.4,15.2,15.2,78
SAK-O,20260609,3.12,3.12,3.06,3.06,154
SALEE-O,20260609,0.51,0.51,0.51,0.51,1
SAM-O,20260609,0.11,0.14,0.09,0.14,73
SAMART-O,20260609,5.7,5.75,5.7,5.7,41
SAMCO-O,20260609,0.86,0.86,0.86,0.86,90
SAMTEL-O,20260609,3.58,3.58,2.54,3.58,8
SANKO-O,20260609,0.88,0.88,0.8,0.8,5
SAPPE-O,20260609,30.25,30.25,30,30,35
SAT-O,20260609,15.8,15.8,15.6,15.7,201
SAUCE-O,20260609,41.5,41.5,40.5,40.5,104
SAV-O,20260609,11.2,11.2,11.2,11.2,1
SAWAD-O,20260609,21.4,21.4,20.8,20.8,1346
SC-O,20260609,1.8,1.81,1.79,1.79,211
SCAP-O,20260609,1.64,1.65,1.57,1.57,178
SCB-O,20260609,139,139,137,137,29308
SCC-O,20260609,235,238,233,234,1572
SCCC-O,20260609,145,146.5,143.5,146,187
SCGD-O,20260609,5,5,5,5,63
SCGP-O,20260609,25.75,25.75,24.9,25,675
SCM-O,20260609,0.12,0.12,0.12,0.12,80
SCP-O,20260609,9.1,9.1,8.9,8.9,109
SDC-O,20260609,0.03,0.03,0.02,0.03,12
SE-O,20260609,0.49,0.5,0.4,0.4,61
SEAFCO-O,20260609,2.92,2.92,2.66,2.9,4
SEAOIL-O,20260609,3.16,3.16,3.16,3.16,91
SECURE-O,20260609,13,13,13,13,12
SEI-O,20260609,1.73,1.73,1.73,1.73,4
SELIC-O,20260609,2.62,2.92,2.6,2.92,134
SENA-O,20260609,1.77,1.77,1.74,1.74,113
SENX-O,20260609,0.22,0.22,0.22,0.22,1
SFLEX-O,20260609,2.76,2.78,2.72,2.78,30
SFT-O,20260609,1.47,1.47,1.47,1.47,48
SGC-O,20260609,1.38,1.45,1.38,1.39,219
SGP-O,20260609,8.9,8.9,6.7,8.8,17
SHR-O,20260609,1.57,1.57,1.56,1.56,109
SIAM-O,20260609,0.76,0.76,0.76,0.76,1
SICT-O,20260609,2.94,2.94,2.8,2.86,315
SINGER-O,20260609,8.9,8.95,8.65,8.65,512
SINO-O,20260609,0.93,0.93,0.93,0.93,15
SIRI-O,20260609,1.41,1.43,1.4,1.41,725
SIS-O,20260609,21.6,21.6,21.3,21.4,171
SISB-O,20260609,9.85,9.85,9.8,9.85,20
SITHAI-O,20260609,1.06,1.06,1.04,1.04,4
SJWD-O,20260609,7.6,7.7,7.4,7.45,219
SKY-O,20260609,15.6,16,15.6,16,48
SMD100-O,20260609,1.22,1.22,1.18,1.21,177
SMO-O,20260609,3.82,3.82,3.76,3.76,305
SMT-O,20260609,2.98,3.14,2.88,3.14,403
SNC-O,20260609,6.75,6.75,6.75,6.75,85
SNNP-O,20260609,6.6,6.6,6.55,6.6,164
SNPS-O,20260609,4.48,4.48,4.48,4.48,1
SO-O,20260609,4.62,4.62,4.62,4.62,20
SONIC-O,20260609,1.5,1.5,1.5,1.5,100
SORKON-O,20260609,3.46,3.46,3.46,3.46,21
SPA-O,20260609,3.02,3.02,3.02,3.02,12
SPACK-O,20260609,1.15,1.15,1.15,1.15,25
SPALI-O,20260609,15.6,15.6,15.4,15.5,300
SPC-O,20260609,56,56.5,55,55,25
SPCG-O,20260609,8.95,9.95,8.95,8.95,83
SPI-O,20260609,31,32,31,32,99
SPRC-O,20260609,7.3,7.4,7.25,7.4,355
SPREME-O,20260609,1.52,1.52,1.52,1.52,10
SPRIME-O,20260609,3.68,3.68,3.68,3.68,2
SPTX-O,20260609,0.01,0.01,0.01,0.01,134
SPVI-O,20260609,3.56,3.56,3.48,3.48,497
SRICHA-O,20260609,17.4,17.4,17.1,17.1,41
SSF-O,20260609,5.05,5.05,5,5,100
SSP-O,20260609,3.32,3.72,3.32,3.72,29
SSSC-O,20260609,2.12,2.12,2.12,2.12,50
SST-O,20260609,1.05,1.05,1,1,21
STA-O,20260609,19,19.3,18.8,19.2,470
STANLY-O,20260609,232,234,232,234,323
STC-O,20260609,0.55,0.56,0.55,0.56,17
STECH-O,20260609,1.06,1.06,1.06,1.06,10
STECON-O,20260609,15.7,15.9,15.5,15.8,653
STGT-O,20260609,11.3,11.4,11.2,11.3,47
STOWER-O,20260609,0.02,0.03,0.02,0.03,2
STPI-O,20260609,4.6,5.55,4.6,5.55,130
STX-O,20260609,0.88,0.88,0.88,0.88,8
SUC-O,20260609,27.25,27.25,27,27.25,63
SUN-O,20260609,2.4,2.44,2.4,2.44,170
SUPER-O,20260609,0.13,0.13,0.12,0.12,252
SUPEREIF-O,20260609,5.95,6,5.95,6,12
SUSCO-O,20260609,2.1,2.1,2.1,2.1,10
SVR-O,20260609,0.32,0.32,0.32,0.32,1
SWC-O,20260609,4.52,4.52,4.52,4.52,12
SYMC-O,20260609,4.92,4.94,4.92,4.94,13
SYNEX-O,20260609,9.15,9.15,9.05,9.05,97
SYNTEC-O,20260609,2.06,2.06,2.06,2.06,50
TACC-O,20260609,5.85,5.95,5.85,5.9,208
TAE-O,20260609,1.72,1.72,1.7,1.72,71
TAN-O,20260609,4,4,4,4,1
TASCO-O,20260609,13.7,13.8,13.7,13.8,217
TBN-O,20260609,3.64,3.64,3.64,3.64,1
TCAP-O,20260609,60,60.5,60,60.25,519
TCMC-O,20260609,0.32,0.32,0.32,0.32,1
TEAM-O,20260609,4.64,4.64,4.64,4.64,11
TEAMG-O,20260609,2.96,2.96,2.94,2.94,124
TEGH-O,20260609,3.14,3.16,3.1,3.1,119
TFFIF-O,20260609,6.65,6.7,6.6,6.7,243
TFG-O,20260609,9.15,9.2,9.1,9.15,1272
TFI-O,20260609,0.04,0.04,0.03,0.03,34
TFM-O,20260609,6.55,6.55,6.5,6.5,178
TFMAMA-O,20260609,187,187.5,187,187,31
TGPRO-O,20260609,0.03,0.04,0.03,0.04,80
THAI-O,20260609,6.7,6.75,6.65,6.75,1415
THANI-O,20260609,1.63,1.64,1.63,1.63,156
THCOM-O,20260609,11.9,11.9,11.5,11.7,462
THG-O,20260609,7.6,7.6,7.6,7.6,3
THIP-O,20260609,20.5,20.5,20.2,20.3,106
THMUI-O,20260609,0.33,0.33,0.33,0.33,7
THREL-O,20260609,1.02,1.02,1.01,1.01,111
TIDLOR-O,20260609,17.6,17.6,16.7,17,2427
TIGER-O,20260609,0.27,0.27,0.27,0.27,1
TIPCO-O,20260609,5.95,6,5.95,5.95,61
TIPH-O,20260609,21.5,21.5,21.4,21.4,29
TISCO-O,20260609,113.5,114,113,114,5236
TITLE-O,20260609,7.9,7.9,7.9,7.9,22
TK-O,20260609,4.12,4.12,4.12,4.12,4
TKN-O,20260609,4.16,4.16,4.12,4.12,28
TKS-O,20260609,7.35,7.35,7.3,7.3,50
TLHPF-O,20260609,3.3,3.3,3.3,3.3,1
TLI-O,20260609,11.2,11.5,11.1,11.3,668
TM-O,20260609,0.92,0.92,0.92,0.92,95
TMAN-O,20260609,10.9,10.9,10.8,10.8,16
TMD-O,20260609,26.75,26.75,26.5,26.5,2
TMI-O,20260609,0.48,0.48,0.48,0.48,23
TMILL-O,20260609,2.36,2.36,2.36,2.36,67
TMW-O,20260609,59.5,59.5,59.5,59.5,2
TNP-O,20260609,2.82,2.82,2.78,2.78,221
TOA-O,20260609,12.4,12.4,12.3,12.4,89
TOG-O,20260609,7,7,6.95,6.95,59
TOP-O,20260609,45.75,45.75,45.25,45.25,1466
TPCH-O,20260609,1.83,1.83,1.83,1.83,1
TPCS-O,20260609,9.7,9.7,9.7,9.7,40
TPIPL-O,20260609,0.78,0.8,0.78,0.8,30
TPIPP-O,20260609,1.77,1.77,1.75,1.76,361
TPL-O,20260609,0.53,0.53,0.53,0.53,8
TPLAS-O,20260609,1.06,1.06,1.06,1.06,46
TPOLY-O,20260609,0.12,0.12,0.12,0.12,1
TQM-O,20260609,13.9,14,13.7,13.7,270
TRC-O,20260609,0.6,0.62,0.59,0.59,128
TRITN-O,20260609,0.03,0.03,0.03,0.03,10
TRT-O,20260609,10.5,10.9,10.3,10.9,527
TRU-O,20260609,3.82,3.82,3.8,3.8,8
TRUBB-O,20260609,0.9,1.13,0.9,1.1,1189
TRUE-O,20260609,14,14,13.8,13.9,2077
TSC-O,20260609,14.8,14.8,14.8,14.8,1
TSTH-O,20260609,0.72,0.92,0.72,0.92,2
TTA-O,20260609,5.05,5.05,4.96,4.98,275
TTB-O,20260609,2.3,2.34,2.28,2.3,6745
TTLPF-O,20260609,9.55,9.55,9.5,9.55,49
TTT-O,20260609,39.5,39.5,39.25,39.25,6
TTW-O,20260609,9.4,9.45,9.35,9.4,601
TU-O,20260609,11.3,11.5,11.3,11.4,1043
TU-PF-O,20260609,1.12,1.12,1.05,1.05,100
TURBO-O,20260609,1.44,1.44,1.41,1.41,58
TVDH-O,20260609,0.06,0.06,0.04,0.04,87
TVH-O,20260609,10.5,10.5,10.4,10.4,48
TVO-O,20260609,25.75,26,25.5,25.5,462
TVT-O,20260609,0.22,0.22,0.22,0.22,1
TWP-O,20260609,1.13,1.13,1.13,1.13,7
TWZ-O,20260609,0.02,0.02,0.02,0.02,5
UAC-O,20260609,2.6,2.6,2.6,2.6,2
UBA-O,20260609,1.07,1.09,1.07,1.08,143
UBE-O,20260609,0.58,0.59,0.58,0.59,50
UKEM-O,20260609,1,1,0.98,0.98,3
UMI-O,20260609,0.62,0.62,0.62,0.62,1
UMS-O,20260609,1.17,1.17,0.65,0.65,38
UNIX-O,20260609,1.65,1.65,1.63,1.63,36
UP-O,20260609,23.5,23.5,23.5,23.5,1
UREKA-O,20260609,0.47,0.47,0.4,0.4,104
UTP-O,20260609,7.95,8,7.9,8,103
UV-O,20260609,0.81,0.84,0.81,0.84,37
UVAN-O,20260609,14.3,14.8,14.3,14.5,962
VCOM-O,20260609,3.96,3.96,3.96,3.96,12
VGI-O,20260609,0.94,0.94,0.9,0.91,995
VIH-O,20260609,8.1,8.1,8.1,8.1,8
VL-O,20260609,0.81,0.81,0.81,0.81,15
VNG-O,20260609,1.96,2.54,1.96,2.54,29
VPO-O,20260609,0.48,0.48,0.47,0.47,50
WACOAL-O,20260609,15.8,15.9,15.6,15.6,29
WARRIX-O,20260609,1.41,1.41,1.4,1.41,97
WASH-O,20260609,3.96,3.96,3.96,3.96,31
WAVE-O,20260609,0.03,0.03,0.03,0.03,33
WGE-O,20260609,0.73,0.73,0.73,0.73,1
WHA-O,20260609,5,5.1,4.98,4.98,2632
WHART-O,20260609,10.6,10.7,10.6,10.7,139
WHAUP-O,20260609,5.95,6.05,5.9,5.95,679
WICE-O,20260609,2.7,2.7,2.58,2.58,160
WINDOW-O,20260609,0.74,0.74,0.74,0.74,1
WINNER-O,20260609,2.7,2.7,2.7,2.7,1
WORK-O,20260609,3.52,3.54,3.5,3.54,12
WP-O,20260609,3.5,4.02,2.54,3.48,208
WPH-O,20260609,5.8,5.85,5.7,5.8,415
XBIO-O,20260609,0.07,0.11,0.07,0.11,101
XO-O,20260609,14.3,14.6,14,14.3,682
XPG-O,20260609,0.47,0.47,0.47,0.47,11
XYZ-O,20260609,0.32,0.32,0.32,0.32,9
YGG-O,20260609,0.2,0.2,0.18,0.18,84
2S,20260609,3.08,3.08,2.96,3.04,201500
3BBIF,20260609,6.5,6.5,6.4,6.4,8799200
88TH,20260609,4.3,4.38,4.3,4.3,287300
A5,20260609,1.79,1.81,1.78,1.81,68700
AAI,20260609,3.54,3.54,3.48,3.5,1473900
AAV,20260609,1.06,1.07,1.05,1.05,51957900
ABM,20260609,0.46,0.53,0.46,0.5,109400
ACC,20260609,0.37,0.38,0.37,0.38,742300
ACE,20260609,1.29,1.29,1.28,1.29,202500
ACG,20260609,0.77,0.77,0.75,0.76,4500
ADB,20260609,0.64,0.64,0.62,0.62,29000
ADD,20260609,3.4,3.4,3.34,3.4,17300
ADVANC,20260609,361,362,356,359,5521800
ADVICE,20260609,6.55,6.6,6.3,6.35,4821500
AE,20260609,0.09,0.1,0.09,0.1,2090100
AEONTS,20260609,94,94.5,93.5,93.5,231400
AF,20260609,0.35,0.35,0.34,0.34,23900
AFC,20260609,3.88,3.88,3.8,3.8,6200
AGE,20260609,1.25,1.34,1.25,1.33,10269200
AH,20260609,14.1,14.2,14.1,14.1,113900
AHC,20260609,12.4,12.7,12.4,12.7,6000
AI,20260609,2.9,2.92,2.9,2.9,65700
AIE,20260609,1.18,1.19,1.16,1.17,1467000
AIMCG,20260609,1.34,1.34,1.34,1.34,135000
AIMIRT,20260609,11.5,11.5,11.4,11.5,434300
AIRA,20260609,1.08,1.08,1.03,1.03,400
AIT,20260609,4.74,4.74,4.7,4.7,291600
AJ,20260609,2.88,2.92,2.86,2.88,856300
AJA,20260609,0.14,0.15,0.14,0.14,859900
AKP,20260609,0.74,0.75,0.73,0.74,2229700
AKR,20260609,0.91,0.92,0.9,0.92,1847800
AKS,20260609,0.01,0.02,0.01,0.02,3886900
ALLA,20260609,1.18,1.18,1.15,1.17,108300
ALLY,20260609,4.7,4.72,4.7,4.72,96200
ALPHAX,20260609,0.28,0.28,0.27,0.27,3118600
ALT,20260609,1.53,1.57,1.51,1.57,2905300
ALUCON,20260609,235,235,227,229,1000
AMA,20260609,3.82,3.84,3.8,3.82,114700
AMANAH,20260609,0.68,0.7,0.68,0.68,2031600
AMARC,20260609,3.34,3.44,3.34,3.44,3419400
AMARIN,20260609,2.9,2.9,2.62,2.64,44100
AMATA,20260609,26,27.5,26,27,18239500
AMATAR,20260609,7.25,7.3,7.25,7.3,26900
AMATAV,20260609,2.02,2.02,1.95,1.98,122300
AMC,20260609,2.14,2.16,2.14,2.16,10600
AMR,20260609,0.41,0.42,0.4,0.42,389700
ANAN,20260609,0.33,0.34,0.32,0.33,1085800
ANI,20260609,2.52,2.54,2.5,2.52,60500
AOT,20260609,57.75,57.75,56.25,56.5,22349600
AP,20260609,7.05,7.1,6.95,7,14375800
APCO,20260609,2.64,2.66,2.62,2.64,354100
APCS,20260609,1.49,1.49,1.49,1.49,100
APO,20260609,2.04,2.08,2.04,2.06,132400
APP,20260609,2.52,2.52,2.48,2.5,162400
APURE,20260609,2.04,2.08,2,2.02,21700
AQUA,20260609,0.11,0.11,0.1,0.1,19454000
ARIN,20260609,0.49,0.5,0.49,0.49,243300
ARIP,20260609,0.44,0.45,0.43,0.44,250000
ARROW,20260609,5.6,5.65,5.6,5.6,55600
AS,20260609,2.36,2.4,2.34,2.34,608600
ASAP,20260609,2.08,2.2,2.08,2.12,208800
ASEFA,20260609,5.7,5.9,5.7,5.9,1035800
ASIA,20260609,5.35,5.4,5.35,5.35,1900
ASIAN,20260609,7.1,7.1,6.95,6.95,309600
ASIMAR,20260609,1.39,1.39,1.38,1.38,3800
ASK,20260609,9.05,9.15,9.05,9.1,136700
ASN,20260609,0.73,0.74,0.73,0.73,700
ASP,20260609,2.16,2.18,2.12,2.16,1407400
ASTR,20260609,5.05,5.05,4.94,4.96,36600
ASW,20260609,6.9,6.95,6.85,6.9,32100
ATLAS,20260609,1.8,1.82,1.8,1.8,1528600
ATP30,20260609,0.8,0.8,0.79,0.79,268500
AU,20260609,4.62,4.66,4.62,4.66,93000
AUCT,20260609,3.84,3.84,3.8,3.84,306900
AURA,20260609,14.7,14.9,14,14,8043700
AWC,20260609,2.48,2.48,2.38,2.44,75825600
AXTRART,20260609,12.8,12.9,12.7,12.8,326900
AYUD,20260609,39.75,40,38.75,39.75,27100
B,20260609,0.03,0.04,0.03,0.03,1528300
B-WORK,20260609,6.1,6.15,6.05,6.1,207300
B52,20260609,0.23,0.23,0.23,0.23,342700
BA,20260609,16.4,16.6,16.2,16.4,9409800
BAFS,20260609,9.15,9.15,8.9,8.9,436700
BAM,20260609,6.3,6.35,6.25,6.25,12328100
BANPU,20260609,5.5,5.55,5.45,5.45,17761400
BAREIT,20260609,10.8,10.8,10.7,10.8,105500
BAY,20260609,37.5,37.5,36.25,37.25,3418300
BBGI,20260609,4.42,4.42,4.24,4.26,1730800
BBIK,20260609,19.4,19.8,19.1,19.1,2957600
BBL,20260609,171,171,168.5,170,12662500
BC,20260609,0.65,0.67,0.64,0.65,9500
BCH,20260609,9.4,9.45,9.25,9.25,9336700
BCP,20260609,34.5,34.5,33.75,34,3325900
BCPG,20260609,6.65,6.7,6.55,6.6,6840200
BCT,20260609,50,50,48,50,1500
BDMS,20260609,18.3,18.3,18.1,18.1,59922700
BE8,20260609,5.7,5.9,5.7,5.8,1589200
BEAUTY,20260609,0.37,0.38,0.36,0.37,1334800
BEC,20260609,2.06,2.06,1.98,2,2577700
BEM,20260609,5.25,5.4,5.2,5.25,115052400
BGC,20260609,6.5,6.7,6.45,6.65,169400
BGRIM,20260609,14.4,14.5,14,14.2,21799000
BGT,20260609,0.35,0.36,0.35,0.36,10900
BH,20260609,180.5,181,176.5,178,5752000
BIG,20260609,0.31,0.31,0.3,0.31,1413700
BIOTEC,20260609,0.28,0.28,0.26,0.26,4768100
BIS,20260609,2.02,2.02,2,2,229300
BIZ,20260609,6.45,6.45,6.15,6.15,916600
BJC,20260609,14,14.1,13.9,13.9,1975800
BJCHI,20260609,0.79,0.8,0.78,0.78,324800
BKA,20260609,0.69,0.7,0.68,0.69,779200
BKD,20260609,1.12,1.13,1.11,1.11,5200
BKGI,20260609,1.97,1.97,1.93,1.97,757600
BKIH,20260609,376,377,363,367,53700
BLA,20260609,23.7,25.5,23.7,25,11932400
BLAND,20260609,0.46,0.46,0.44,0.44,3285200
BLC,20260609,4,4.04,4,4.02,305200
BLESS,20260609,0.23,0.23,0.22,0.23,74800
BM,20260609,1.06,1.07,1.04,1.04,778700
BOFFICE,20260609,5.3,5.3,5.25,5.3,150100
BOL,20260609,4.88,4.96,4.88,4.88,107000
BPP,20260609,11.5,11.6,11.4,11.5,40600
BPS,20260609,0.48,0.5,0.46,0.47,41600
BR,20260609,1.74,1.75,1.73,1.74,227800
BRI,20260609,1.27,1.27,1.26,1.26,81800
BROCK,20260609,1.19,1.22,1.19,1.19,9500
BRR,20260609,3.58,3.58,3.56,3.58,51900
BRRGIF,20260609,3.7,3.72,3.68,3.72,321000
BSBM,20260609,0.59,0.62,0.59,0.59,500300
BSM,20260609,0.3,0.32,0.3,0.32,1800
BTC,20260609,0.15,0.16,0.15,0.15,2393000
BTG,20260609,19.9,20.3,19.8,20.2,8356500
BTNC,20260609,14.9,15,14.9,14.9,700
BTS,20260609,2.04,2.06,2.02,2.02,23602500
BTSGIF,20260609,2.44,2.44,2.42,2.42,8958600
BTW,20260609,0.07,0.07,0.06,0.06,64000
BUI,20260609,10.9,11,10.8,10.9,26100
BVG,20260609,1.58,1.59,1.58,1.59,139400
BWG,20260609,0.29,0.3,0.29,0.29,59651300
BYD,20260609,0.5,0.51,0.49,0.49,2645500
CAZ,20260609,1.56,1.62,1.56,1.57,256000
CBG,20260609,40.5,40.75,40,40.25,2283400
CCET,20260609,9.2,9.35,8.9,9.2,50505900
CCP,20260609,0.26,0.27,0.26,0.26,53200
CEN,20260609,0.56,0.59,0.56,0.58,49400
CENTEL,20260609,34.25,34.5,33.5,33.75,2680000
CEYE,20260609,1.15,1.18,1.15,1.18,700
CFARM,20260609,0.79,0.81,0.78,0.78,1487500
CFRESH,20260609,1,1.02,0.97,1,1084800
CGD,20260609,0.11,0.11,0.1,0.11,209400
CGH,20260609,0.57,0.59,0.57,0.58,398000
CH,20260609,1.5,1.52,1.5,1.51,40400
CHAO,20260609,4.2,4.2,4.2,4.2,31100
CHASE,20260609,0.48,0.49,0.48,0.48,779200
CHAYO,20260609,1.29,1.3,1.27,1.29,650700
CHEWA,20260609,0.17,0.18,0.16,0.17,31500
CHG,20260609,1.43,1.44,1.4,1.41,34749800
CHIC,20260609,0.33,0.33,0.32,0.32,42200
CHO,20260609,0.03,0.04,0.02,0.03,7845800
CHOW,20260609,1.37,1.46,1.34,1.37,650500
CI,20260609,0.33,0.34,0.31,0.33,399300
CIG,20260609,0.03,0.03,0.03,0.03,5000
CIVIL,20260609,1.06,1.06,1.02,1.04,1399600
CK,20260609,18.2,18.4,18,18.3,10966400
CKP,20260609,2.3,2.32,2.3,2.3,2599400
CM,20260609,1.58,1.58,1.57,1.57,4600
CMAN,20260609,2.74,2.78,2.74,2.74,108200
CMC,20260609,0.34,0.34,0.32,0.33,55300
CMO,20260609,0.61,0.61,0.6,0.6,127000
CMR,20260609,1.3,1.31,1.28,1.29,551400
CNT,20260609,1.6,1.61,1.55,1.6,1277200
COCOCO,20260609,5.65,5.65,5.55,5.6,995700
COLOR,20260609,1.02,1.02,1.02,1.02,22200
COM7,20260609,26,26.75,26,26.75,14076800
COMAN,20260609,0.57,0.57,0.5,0.52,60400
CPALL,20260609,45.75,45.75,45.25,45.5,14768800
CPANEL,20260609,1.24,1.27,1.23,1.23,18500
CPAXT,20260609,14.9,15,14.8,14.8,3834100
CPF,20260609,18.7,19.1,18.7,18.8,34565500
CPH,20260609,7.75,7.9,7.75,7.75,4700
CPI,20260609,3.44,3.46,3.42,3.46,69200
CPL,20260609,0.66,0.66,0.64,0.64,139300
CPN,20260609,64.5,64.75,63.5,64.5,6939900
CPNCG,20260609,5.6,5.65,5.6,5.65,331000
CPNREIT,20260609,12.5,12.6,12.5,12.6,1739400
CPR,20260609,2.6,2.64,2.6,2.6,34900
CPT,20260609,1.02,1.02,1,1.02,127100
CPTREIT,20260609,6.3,6.45,6.3,6.45,602600
CPW,20260609,2.42,2.52,2.42,2.46,186500
CRANE,20260609,0.37,0.39,0.37,0.38,344500
CRC,20260609,21,21.2,20.9,21.1,8165800
CRD,20260609,0.42,0.5,0.42,0.46,13843300
CREDIT,20260609,18.9,19.3,18.7,19,378300
CSC,20260609,44.25,44.5,44.25,44.5,3800
CSP,20260609,0.5,0.52,0.49,0.49,492000
CSR,20260609,74,75.25,73.5,73.5,600
CSS,20260609,0.94,0.95,0.92,0.95,1369200
CTARAF,20260609,4.56,4.56,4.54,4.56,319100
CTW,20260609,5.95,6.15,5.95,6.1,333000
CWT,20260609,0.76,0.76,0.72,0.74,446600
D,20260609,2.88,2.92,2.88,2.92,103700
DCC,20260609,1.35,1.36,1.33,1.35,2177900
DCON,20260609,0.2,0.2,0.19,0.2,385900
DDD,20260609,4.82,4.84,4.82,4.84,11100
DELTA,20260609,346,364,346,364,29633300
DEMCO,20260609,2.92,3,2.9,2.92,941000
DHOUSE,20260609,0.37,0.37,0.36,0.36,3100
DIF,20260609,10.1,10.1,10,10,5526800
DIMET,20260609,0.05,0.05,0.05,0.05,33400
DITTO,20260609,13.3,13.4,12.6,12.9,6761600
DMT,20260609,11.3,11.4,11.2,11.3,434700
DOD,20260609,1.62,1.63,1.61,1.63,223600
DOHOME,20260609,3.36,3.38,3.32,3.34,5817900
DPAINT,20260609,0.39,0.41,0.34,0.34,22563900
DREIT,20260609,4.78,4.78,4.74,4.74,137500
DRT,20260609,4.98,4.98,4.94,4.96,367400
DTCENT,20260609,0.95,0.97,0.94,0.96,328700
DUSIT,20260609,10.4,10.4,10.2,10.2,57400
EA,20260609,3.24,3.28,3.2,3.22,111901000
EASON,20260609,1.08,1.08,1.08,1.08,13400
EAST,20260609,0.71,0.72,0.68,0.7,1188900
EASTW,20260609,4.16,4.4,4.16,4.38,5192100
ECF,20260609,0.04,0.05,0.04,0.04,8240700
EFORL,20260609,0.13,0.13,0.12,0.13,447300
EGATIF,20260609,6.15,6.15,6.1,6.1,41000
EGCO,20260609,115.5,116,115,115,228000
EKH,20260609,5,5,4.96,5,205300
EMC,20260609,0.02,0.02,0.01,0.02,513900
EMPIRE,20260609,0.25,0.25,0.19,0.21,30230300
EP,20260609,1.08,1.08,1.07,1.07,84800
EPG,20260609,5.7,5.75,5.45,5.5,23512100
ERW,20260609,2.92,2.96,2.84,2.9,18373900
ESTAR,20260609,0.22,0.22,0.21,0.21,312300
ETC,20260609,0.73,0.74,0.7,0.72,11766900
ETE,20260609,0.58,0.58,0.57,0.57,41500
ETL,20260609,0.37,0.38,0.35,0.35,623100
EURO,20260609,5,5.25,5,5.05,3800
EVER,20260609,0.05,0.06,0.05,0.06,1500100
FANCY,20260609,0.31,0.32,0.27,0.3,85800
FLOYD,20260609,1.06,1.06,1.01,1.03,1326700
FM,20260609,4.1,4.16,4.08,4.16,207000
FMT,20260609,19.8,19.8,19.8,19.8,100
FN,20260609,0.48,0.49,0.48,0.48,22100
FNS,20260609,0.5,0.5,0.49,0.5,2100
FORTH,20260609,15.7,15.8,15.1,15.2,6942000
FPI,20260609,1.53,1.53,1.53,1.53,300
FPT,20260609,6.4,6.45,6.4,6.4,117100
FSMART,20260609,7.55,7.65,7.3,7.3,1503400
FSX,20260609,1.14,1.16,1.14,1.15,34700
FTE,20260609,2.4,2.4,2.38,2.4,538000
FTI,20260609,1.81,1.84,1.8,1.8,192000
FTREIT,20260609,11.6,11.7,11.5,11.7,727700
FUTURERT,20260609,8.8,8.8,8.8,8.8,144700
FVC,20260609,0.32,0.32,0.31,0.31,140200
GABLE,20260609,4,4.06,3.98,3.98,868200
GAHREIT,20260609,4.16,4.2,4.14,4.14,15500
GBX,20260609,0.58,0.6,0.58,0.59,666100
GC,20260609,4.5,4.5,4.48,4.5,252000
GCAP,20260609,0.28,0.28,0.26,0.27,606400
GEL,20260609,0.02,0.03,0.02,0.02,1736400
GENCO,20260609,0.34,0.34,0.33,0.33,104100
GFC,20260609,2.46,2.48,2.44,2.48,63200
GFPT,20260609,8.55,8.65,8.55,8.6,566400
GGC,20260609,3.92,3.92,3.74,3.86,179500
GJS,20260609,0.14,0.14,0.13,0.14,1760700
GLOBAL,20260609,6.35,6.45,6.2,6.3,21229100
GLORY,20260609,1.16,1.17,1.09,1.09,508300
GPI,20260609,1.7,1.7,1.69,1.7,588700
GPSC,20260609,40.75,40.75,39.75,40.5,4255900
GRAMMY,20260609,2.98,2.98,2.98,2.98,2000
GRAND,20260609,0.02,0.03,0.02,0.02,165700
GREEN,20260609,0.74,0.75,0.74,0.74,220000
GROREIT,20260609,8.95,9,8.95,8.95,135600
GTB,20260609,0.7,0.7,0.69,0.69,147400
GTV,20260609,0.02,0.03,0.02,0.03,3813500
GULF,20260609,64.5,65.25,63.25,63.75,83818000
GUNKUL,20260609,3.82,3.9,3.82,3.88,119357800
GVREIT,20260609,7,7,6.95,7,419800
GYT,20260609,180,180,180,180,300
HANA,20260609,35.75,36.25,35,35.5,14323000
HANN,20260609,0.91,0.93,0.91,0.92,262700
HARN,20260609,2.06,2.08,2.04,2.04,186900
HENG,20260609,0.96,0.97,0.92,0.92,7848100
HFT,20260609,4.16,4.18,4.14,4.16,125700
HL,20260609,5.7,5.7,5.65,5.65,63900
HMPRO,20260609,6,6,5.95,5.95,6722500
HPF,20260609,6,6.05,6,6,51200
HPT,20260609,0.12,0.13,0.11,0.13,9191000
HTC,20260609,15.7,15.8,15.5,15.6,100600
HTECH,20260609,3.38,3.5,3.38,3.44,559800
HUMAN,20260609,4.9,4.9,4.74,4.76,1928000
HYDRO,20260609,0.16,0.17,0.14,0.14,2817500
HYDROGEN,20260609,8.25,8.25,8.25,8.25,120000
I2,20260609,0.78,0.79,0.76,0.79,551600
ICC,20260609,24,24.1,24,24,300
ICHI,20260609,12.9,13,12.8,12.9,4402900
ICN,20260609,2,2.02,1.99,2,454100
IDG,20260609,1.22,1.23,1.2,1.23,86600
IFS,20260609,1.83,1.84,1.82,1.82,32100
IHL,20260609,1.41,1.42,1.4,1.4,62800
IIG,20260609,1.44,1.47,1.44,1.47,24400
III,20260609,4.22,4.22,4.1,4.1,363500
ILINK,20260609,4.82,4.9,4.7,4.72,1831000
ILM,20260609,12.5,12.6,12.3,12.3,328700
IMH,20260609,2.9,2.92,2.88,2.9,21400
IMPACT,20260609,11.2,11.3,11.1,11.2,418100
IND,20260609,0.83,0.83,0.82,0.82,151300
INET,20260609,4,4,3.94,3.98,534600
INETREIT,20260609,12.4,12.5,12.4,12.5,880200
INOX,20260609,4.28,4.36,4.28,4.34,21200
INSET,20260609,3.26,3.3,3.2,3.22,7617200
IP,20260609,4.5,4.52,4.44,4.48,340800
IRC,20260609,11.8,11.8,11.8,11.8,9200
IRCP,20260609,0.26,0.27,0.25,0.26,748800
IROYAL,20260609,4.58,4.68,4.56,4.66,508200
IRPC,20260609,1.85,1.88,1.83,1.85,84549900
ISSARA,20260609,6.5,6.6,6.45,6.6,3900
IT,20260609,5.75,5.75,5.6,5.6,170300
ITC,20260609,16.1,16.5,16,16.2,5967700
ITD,20260609,0.35,0.36,0.35,0.36,6863800
ITEL,20260609,1.39,1.41,1.34,1.35,8891600
ITNS,20260609,1.72,1.72,1.72,1.72,30400
ITTHI,20260609,1.2,1.2,1.18,1.18,59300
IVF,20260609,0.61,0.66,0.61,0.63,315400
IVL,20260609,23,23.2,22.5,22.6,15458500
J,20260609,0.72,0.81,0.72,0.73,11649700
JAK,20260609,0.77,0.77,0.74,0.75,54700
JAS,20260609,1.15,1.25,1.15,1.21,354489600
JCK,20260609,0.13,0.14,0.13,0.14,1810600
JDF,20260609,1.98,1.98,1.97,1.97,38800
JMART,20260609,9,9.1,8.7,8.9,16683100
JMT,20260609,10.9,11.1,10.8,11,12228000
JPARK,20260609,3.16,3.16,3.12,3.14,450000
JR,20260609,1.68,1.68,1.67,1.68,105400
JSP,20260609,1.69,1.7,1.64,1.68,607200
JTS,20260609,38.5,39,37.75,37.75,537100
JUBILE,20260609,7.2,7.2,7.2,7.2,4700
K,20260609,0.98,0.98,0.98,0.98,10000
KAMART,20260609,7.3,7.3,7.2,7.3,544700
KASET,20260609,0.69,0.7,0.69,0.69,80900
KBANK,20260609,201,201,196,197,32561700
KBS,20260609,5.7,5.75,5.7,5.75,67900
KBSPIF,20260609,9.4,9.4,9.3,9.35,122000
KC,20260609,0.02,0.03,0.02,0.03,249400
KCAR,20260609,4.78,4.78,4.78,4.78,28600
KCC,20260609,2.96,3.02,2.94,2.94,539300
KCE,20260609,36.75,37.5,36.25,37,34502800
KCG,20260609,9.65,9.95,9.6,9.95,1699700
KCM,20260609,0.23,0.27,0.23,0.26,834400
KDH,20260609,83.5,83.5,83.5,83.5,2000
KGEN,20260609,1.72,1.93,1.7,1.84,61622300
KGI,20260609,4.34,4.34,4.28,4.28,3402900
KIAT,20260609,0.35,0.35,0.34,0.34,154600
KISS,20260609,3.36,3.42,3.34,3.38,485200
KJL,20260609,6.15,6.15,6,6.05,25500
KK,20260609,1.02,1.05,1.02,1.04,72000
KKP,20260609,88,89.25,87.25,87.5,5191600
KLINIQ,20260609,26.5,26.5,26,26,223700
KOOL,20260609,0.3,0.31,0.29,0.29,1486900
KPNREIT,20260609,2,2,1.99,1.99,178100
KSL,20260609,1.46,1.5,1.45,1.46,815100
KTB,20260609,35.25,35.5,35,35,94833300
KTBSTMR,20260609,5.85,5.85,5.8,5.85,249100
KTC,20260609,30,30.25,29.5,30,14822400
KTIS,20260609,1.9,1.9,1.88,1.9,26900
KTMS,20260609,1.19,1.24,1.18,1.19,341400
KUMWEL,20260609,1.96,1.98,1.89,1.9,1635000
KUN,20260609,0.55,0.56,0.54,0.56,73600
KWM,20260609,0.78,0.78,0.77,0.77,123600
KYE,20260609,300,302,300,302,3000
L&E,20260609,1.16,1.2,1.16,1.18,19200
LALIN,20260609,4.32,4.34,4.3,4.3,41900
LANNA,20260609,14.5,14.5,14.3,14.5,280100
LDC,20260609,0.25,0.25,0.24,0.24,11200
LEE,20260609,2.48,2.48,2.46,2.46,7100
LEO,20260609,1.8,1.86,1.8,1.82,279100
LH,20260609,3.62,3.64,3.6,3.6,7876900
LHFG,20260609,1.15,1.16,1.14,1.15,2761300
LHHOTEL,20260609,13,13.1,13,13,130000
LHK,20260609,3.62,3.64,3.6,3.64,816400
LHRREIT,20260609,4.36,4.38,4.32,4.36,14500
LHSC,20260609,14.5,14.7,14.5,14.7,973800
LIT,20260609,0.75,0.75,0.71,0.71,85500
LOXLEY,20260609,1.56,1.59,1.53,1.54,699100
LPH,20260609,3.52,3.58,3.52,3.58,101800
LPN,20260609,1.53,1.54,1.53,1.54,264900
LST,20260609,4.66,4.68,4.66,4.68,61700
LTMH,20260609,4.9,5.05,4.84,5,54600
LTS,20260609,2.64,2.72,2.6,2.62,1459300
LUXF,20260609,9.05,9.05,9.05,9.05,1100
M,20260609,20.9,21.1,20.5,20.7,1605000
M-CHAI,20260609,18.9,18.9,18.7,18.9,2700
M-PAT,20260609,1.31,1.32,1.3,1.32,5000
MADAME,20260609,0.47,0.49,0.47,0.48,40200
MAGURO,20260609,17.6,18.3,17.6,17.9,1143700
MAJOR,20260609,6.7,6.75,6.6,6.65,514600
MALEE,20260609,4.08,4.1,4.04,4.08,336700
MASTEC,20260609,1.39,1.41,1.38,1.4,2050600
MASTER,20260609,8.55,8.65,8.35,8.35,473900
MATCH,20260609,0.88,0.95,0.72,0.95,63500
MATI,20260609,2.8,2.84,2.8,2.84,2400
MBAX,20260609,1.88,1.92,1.87,1.89,62200
MBK,20260609,18.8,18.9,18.5,18.6,779100
MC,20260609,11.2,11.2,11,11.1,559200
MCA,20260609,1.16,1.17,1.15,1.17,180800
MCOT,20260609,5.9,6,5.8,5.95,242100
MCS,20260609,7.5,7.5,7.45,7.5,455700
MDX,20260609,2.54,2.56,2.48,2.5,46100
MEB,20260609,11.7,11.7,11.5,11.6,191500
MEDEZE,20260609,6.05,6.15,6.05,6.1,166900
MEGA,20260609,35.25,35.25,35,35.25,408300
MENA,20260609,0.68,0.7,0.67,0.67,938600
META,20260609,0.01,0.02,0.01,0.01,7239200
METCO,20260609,294,295,293,294,4500
MFC,20260609,19,19.2,18.9,19,38800
MFEC,20260609,5.95,6,5.85,5.85,205200
MGC,20260609,6.2,6.35,6.15,6.25,1032700
MGI,20260609,5,5.55,5,5.45,2010900
MGT,20260609,1.87,1.89,1.84,1.85,159600
MICRO,20260609,0.95,0.98,0.95,0.95,663300
MIDA,20260609,0.31,0.32,0.3,0.31,2660700
MII,20260609,5.75,5.75,5.7,5.7,23600
MILL,20260609,0.03,0.04,0.03,0.03,3383200
MINT,20260609,22.4,22.5,21.7,22.1,55783400
MIPF,20260609,9.2,9.2,9.2,9.2,600
MITSIB,20260609,0.54,0.54,0.52,0.54,101500
MJD,20260609,0.31,0.31,0.3,0.3,5300
MJLF,20260609,5.55,5.6,5.55,5.6,123400
MK,20260609,0.51,0.52,0.5,0.52,125400
ML,20260609,1.17,1.22,1.09,1.13,5889200
MMM,20260609,2.68,2.76,2.68,2.74,337500
MNIT,20260609,1.88,1.92,1.88,1.88,46600
MNIT2,20260609,5,5,5,5,3800
MNRF,20260609,2,2.02,1.99,2,92700
MODERN,20260609,2.04,2.04,2.02,2.02,22000
MONO,20260609,0.95,1,0.89,0.98,132087800
MOONG,20260609,2.4,2.4,2.34,2.34,76100
MORE,20260609,0.05,0.06,0.05,0.05,2007900
MOSHI,20260609,36.75,37.5,36.75,37.5,511900
MOTHER,20260609,1.14,1.16,1.14,1.14,325000
MPJ,20260609,3.54,3.54,3.5,3.5,42000
MRDIYT,20260609,9,9,8.8,8.85,2232700
MSC,20260609,5.9,5.95,5.85,5.85,11700
MST,20260609,7.1,7.1,7.05,7.1,77400
MTC,20260609,28.25,28.25,27.25,27.5,13080200
MTI,20260609,15.4,15.6,15.4,15.5,19800
MTW,20260609,0.78,0.8,0.77,0.77,166300
MUD,20260609,0.62,0.62,0.61,0.61,17200
MVP,20260609,0.03,0.04,0.02,0.02,14754300
NAM,20260609,3.54,3.56,3.5,3.56,16700
NAT,20260609,1.78,1.78,1.76,1.76,1800
NATION,20260609,0.04,0.04,0.03,0.04,1574000
NC,20260609,1.75,1.8,1.73,1.74,16900
NCAP,20260609,2.66,2.68,2.54,2.58,4170300
NCH,20260609,0.38,0.4,0.38,0.38,121200
NCL,20260609,0.18,0.19,0.18,0.18,461600
NCP,20260609,1.08,1.08,1.04,1.04,61900
NDR,20260609,1.88,1.92,1.8,1.87,123100
NEO,20260609,17,17.2,16.8,17.2,929700
NEP,20260609,0.19,0.2,0.19,0.2,21600
NER,20260609,4.44,4.44,4.4,4.4,4575500
NETBAY,20260609,9.45,9.55,9.35,9.4,384500
NEX,20260609,1.06,1.08,1.05,1.05,13710300
NKI,20260609,13.9,14.8,13.3,14.8,500
NKT,20260609,3.86,3.88,3.84,3.86,44400
NL,20260609,0.66,0.69,0.66,0.68,32800
NNCL,20260609,1.63,1.63,1.6,1.61,14300
NOBLE,20260609,1.77,1.83,1.76,1.83,1911800
NOVA,20260609,7,7,7,7,200
NRF,20260609,0.23,0.25,0.23,0.23,1161000
NSL,20260609,21.3,21.3,21.2,21.2,77600
NTF,20260609,15,15.5,14.8,14.8,1324900
NTSC,20260609,6.3,6.3,6.15,6.2,23600
NTV,20260609,19.1,19.1,18.8,19,45000
NUT,20260609,4.22,4.24,4.18,4.22,36100
NV,20260609,0.5,0.51,0.5,0.51,123900
NVD,20260609,0.56,0.57,0.56,0.56,11300
NYT,20260609,3.74,3.78,3.72,3.74,942800
OGC,20260609,8.8,8.8,8.6,8.6,200
OKJ,20260609,4,4.08,3.88,3.88,2420800
ONEE,20260609,2.74,2.74,2.7,2.72,418200
ONSENS,20260609,1.13,1.13,1.12,1.13,103100
OR,20260609,12.3,12.4,12.3,12.4,4148800
ORI,20260609,1.66,1.68,1.64,1.65,2391700
ORN,20260609,0.78,0.79,0.78,0.79,279800
OSP,20260609,15.3,15.4,15.1,15.3,6039200
PACO,20260609,1.34,1.34,1.31,1.31,237100
PAF,20260609,0.78,0.8,0.78,0.78,141100
PANEL,20260609,1.22,1.22,1.2,1.21,64100
PAP,20260609,2.5,2.52,2.46,2.46,36100
PATO,20260609,6.15,6.2,6.1,6.2,17700
PB,20260609,48.75,48.75,47.25,48.5,3400
PCC,20260609,3.04,3.1,3.04,3.06,429700
PCE,20260609,2.14,2.22,2.14,2.22,1463600
PCSGH,20260609,2.98,3.02,2.96,2.98,62100
PDG,20260609,3.12,3.16,3.12,3.14,17400
PDJ,20260609,0.98,0.98,0.95,0.95,8900
PEACE,20260609,1.59,1.6,1.57,1.58,56600
PEER,20260609,0.09,0.1,0.09,0.09,922200
PERM,20260609,0.24,0.25,0.23,0.25,438700
PF,20260609,0.05,0.05,0.04,0.04,371300
PG,20260609,6.55,6.55,6.5,6.5,2200
PHG,20260609,10.2,10.4,10.1,10.1,103500
PHOL,20260609,3.1,3.1,3.02,3.04,296300
PIMO,20260609,1.06,1.08,1.06,1.07,220100
PIN,20260609,4.34,4.38,4.32,4.32,355700
PIS,20260609,3.96,3.96,3.88,3.96,796000
PJW,20260609,2.02,2.02,1.99,2.02,537600
PK,20260609,0.47,0.47,0.44,0.44,278300
PL,20260609,1.27,1.28,1.27,1.28,200
PLANB,20260609,4.1,4.14,4.02,4.02,16277100
PLANET,20260609,0.83,0.83,0.78,0.79,332300
PLAT,20260609,1.14,1.15,1.13,1.13,905600
PLE,20260609,0.11,0.12,0.1,0.11,2255600
PLT,20260609,0.54,0.55,0.54,0.54,353800
PLUS,20260609,1.12,1.15,1.11,1.15,356900
PM,20260609,10.5,10.6,10.4,10.5,72100
PMC,20260609,0.84,0.86,0.84,0.84,402400
PMTA,20260609,9.55,9.55,9.55,9.55,1400
POLY,20260609,6.9,6.9,6.6,6.75,6700
POPF,20260609,7.85,7.85,7.8,7.85,93400
PORT,20260609,0.68,0.72,0.63,0.63,6666800
PPM,20260609,1.79,1.81,1.79,1.81,31400
PPP,20260609,0.86,0.94,0.86,0.94,30800
PPPM,20260609,0.23,0.23,0.21,0.21,412500
PPS,20260609,0.16,0.18,0.16,0.17,2915200
PQS,20260609,1.69,1.69,1.66,1.69,34800
PR9,20260609,16.5,16.8,16.3,16.6,2422400
PRAKIT,20260609,10.2,10.2,10.1,10.1,9400
PRAPAT,20260609,0.8,0.8,0.79,0.79,665400
PREB,20260609,3.4,3.44,3.4,3.42,93300
PRECHA,20260609,0.4,0.4,0.4,0.4,9100
PRG,20260609,9.1,9.15,9.1,9.1,12000
PRI,20260609,3.42,3.42,3.36,3.38,182600
PRIME,20260609,0.06,0.06,0.05,0.05,114300
PRIN,20260609,1.39,1.39,1.37,1.37,300
PRINC,20260609,1.69,1.71,1.68,1.7,361200
PRM,20260609,8.2,8.25,8,8.05,5980000
PROEN,20260609,0.9,0.9,0.85,0.87,2356400
PROS,20260609,0.2,0.22,0.2,0.21,3172400
PROSPECT,20260609,9.55,9.6,9.5,9.55,1670000
PROUD,20260609,0.94,0.94,0.92,0.92,104500
PRTR,20260609,3.4,3.4,3.38,3.38,90100
PSGC,20260609,5.85,5.95,5.75,5.8,42700
PSH,20260609,3.5,3.5,3.42,3.42,806600
PSL,20260609,7.2,7.2,6.9,6.95,8752600
PSP,20260609,5.95,6.05,5.7,5.95,1723700
PSTC,20260609,0.3,0.3,0.29,0.29,2327200
PT,20260609,10.9,10.9,10.7,10.7,171800
PTC,20260609,0.58,0.6,0.58,0.58,43400
PTG,20260609,7.2,7.25,7.1,7.25,4502000
PTL,20260609,9.95,10.2,9.95,10.1,424000
PTT,20260609,36.5,36.75,36.25,36.25,49289300
PTTEP,20260609,145.5,145.5,144,144.5,10207700
PTTGC,20260609,34.25,34.25,33,33.5,16068200
PYLON,20260609,3.22,3.28,3.22,3.26,422500
Q-CON,20260609,6.25,6.25,6.2,6.2,13900
QDC,20260609,0.12,0.13,0.12,0.13,121000
QH,20260609,1.32,1.34,1.31,1.32,34753300
QHBREIT,20260609,3.8,3.8,3.76,3.8,57700
QHHRREIT,20260609,7.85,7.85,7.75,7.8,274000
QLT,20260609,1.49,1.49,1.49,1.49,1200
QTC,20260609,4.68,4.72,4.68,4.68,1528300
QTCG,20260609,0.09,0.1,0.09,0.09,63200
RABBIT,20260609,0.36,0.37,0.36,0.37,2496100
RAM,20260609,18.3,18.3,18.2,18.3,44700
RATCH,20260609,29.75,30,29.5,29.5,1684100
RBF,20260609,4.84,4.84,4.44,4.54,6409300
RCL,20260609,32.5,32.75,31.75,32,5418500
READY,20260609,2.94,3,2.9,3,55900
RICHY,20260609,0.14,0.15,0.14,0.14,757300
RJH,20260609,13.3,13.7,13.3,13.5,578300
RML,20260609,0.1,0.1,0.09,0.09,2757700
ROCK,20260609,10.8,10.9,10.6,10.9,5000
ROCTEC,20260609,0.7,0.7,0.65,0.65,10513500
ROJNA,20260609,5.6,5.65,5.45,5.5,5221200
RP,20260609,0.6,0.65,0.6,0.6,84400
RPC,20260609,0.35,0.36,0.35,0.35,358300
RPH,20260609,4.88,4.88,4.86,4.86,314300
RS,20260609,0.15,0.15,0.14,0.15,308400
RSP,20260609,0.95,0.96,0.93,0.96,33700
RT,20260609,0.3,0.3,0.29,0.29,1228200
RWI,20260609,0.16,0.17,0.16,0.16,392300
S,20260609,0.49,0.5,0.48,0.5,885700
S&J,20260609,33.5,33.5,33.5,33.5,200
S11,20260609,4,4.02,3.94,3.94,21100
SA,20260609,7.05,7.2,7.05,7.2,38000
SAAM,20260609,4.72,4.72,4.68,4.72,14400
SABINA,20260609,15.2,15.2,15,15,608300
SAF,20260609,0.32,0.34,0.32,0.32,27200
SAFE,20260609,5.8,5.85,5.7,5.7,159600
SAK,20260609,3.12,3.12,3.02,3.04,3840500
SALEE,20260609,0.5,0.52,0.5,0.51,430000
SAM,20260609,0.11,0.13,0.1,0.13,1499400
SAMART,20260609,5.75,5.85,5.65,5.7,2738400
SAMCO,20260609,0.83,0.86,0.83,0.83,158500
SAMTEL,20260609,3.62,3.64,3.52,3.56,7600
SANKO,20260609,0.91,0.92,0.89,0.9,831000
SAPPE,20260609,30,30.25,29.75,30.25,125300
SAT,20260609,15.8,15.8,15.5,15.7,457100
SAUCE,20260609,40.75,41.5,40.75,41,6500
SAV,20260609,10.9,11.1,10.8,11,159300
SAWAD,20260609,21.3,21.4,20.7,20.7,14265300
SC,20260609,1.79,1.81,1.78,1.78,3342300
SCAP,20260609,1.6,1.67,1.54,1.56,18278000
SCB,20260609,139,139,136.5,137,27083500
SCC,20260609,235,239,232,234,5808300
SCCC,20260609,146,146.5,145.5,146,50500
SCG,20260609,2.28,2.28,2.26,2.28,3900
SCGD,20260609,5,5.05,4.98,5,156000
SCGP,20260609,25.75,25.75,24.9,25,10158200
SCI,20260609,0.92,0.96,0.92,0.96,10100
SCL,20260609,1.5,1.52,1.5,1.51,98600
SCM,20260609,0.12,0.13,0.11,0.11,975200
SCN,20260609,0.43,0.43,0.41,0.42,614800
SCP,20260609,9,9,8.9,8.95,80700
SDC,20260609,0.03,0.03,0.02,0.02,2601600
SE,20260609,0.5,0.5,0.47,0.47,2962300
SEAFCO,20260609,2.9,2.94,2.88,2.88,550900
SEAOIL,20260609,3.16,3.18,3.14,3.16,108700
SECURE,20260609,13.1,13.1,12.6,12.7,85500
SEI,20260609,1.66,1.74,1.64,1.64,1181300
SELIC,20260609,2.88,2.96,2.88,2.96,124100
SENA,20260609,1.77,1.78,1.75,1.75,432700
SENX,20260609,0.22,0.22,0.21,0.21,478600
SFLEX,20260609,2.76,2.78,2.74,2.78,325700
SFT,20260609,1.47,1.48,1.44,1.47,19700
SGC,20260609,1.46,1.47,1.36,1.38,102952300
SGF,20260609,0.13,0.14,0.12,0.13,4772600
SGP,20260609,8.9,8.95,8.75,8.75,45600
SHANG,20260609,45.5,45.5,45.5,45.5,100
SHR,20260609,1.57,1.58,1.56,1.56,1217400
SIAM,20260609,0.75,0.78,0.74,0.77,125800
SICT,20260609,2.94,2.94,2.78,2.84,1619200
SIMAT,20260609,1.36,1.38,1.34,1.34,2418900
SINGER,20260609,9,9,8.6,8.7,11150500
SINO,20260609,0.93,0.93,0.91,0.92,268700
SIRI,20260609,1.41,1.41,1.39,1.41,17224000
SIRIPRT,20260609,6.7,7,6.7,7,2600
SIS,20260609,21.5,21.7,21,21.1,809500
SISB,20260609,9.8,9.9,9.75,9.75,604900
SITHAI,20260609,1.04,1.05,1.02,1.04,183900
SJWD,20260609,7.7,7.7,7.5,7.5,2501500
SK,20260609,0.55,0.59,0.52,0.52,1294700
SKE,20260609,0.17,0.18,0.17,0.18,39500
SKIN,20260609,0.83,0.83,0.81,0.82,56900
SKN,20260609,5.3,5.4,5.2,5.2,18200
SKR,20260609,7.3,7.4,7.25,7.3,1280100
SKY,20260609,16.4,16.4,15.3,15.8,3698700
SLP,20260609,0.44,0.45,0.44,0.45,89200
SMART,20260609,0.54,0.54,0.53,0.54,571000
SMD100,20260609,1.18,1.22,1.17,1.18,97400
SMIT,20260609,3.44,3.46,3.42,3.42,59900
SMO,20260609,3.84,3.84,3.72,3.74,3057200
SMPC,20260609,9.1,9.15,9.1,9.1,47200
SMT,20260609,2.98,3.16,2.96,3.16,8308800
SNC,20260609,6.65,6.75,6.65,6.7,120300
SNNP,20260609,6.6,6.6,6.5,6.6,423900
SNP,20260609,8.9,8.95,8.9,8.95,16700
SNPS,20260609,4.54,4.54,4.46,4.48,37400
SO,20260609,4.64,4.64,4.6,4.6,13200
SOLAR,20260609,0.29,0.3,0.27,0.28,4276100
SONIC,20260609,1.52,1.54,1.45,1.48,1504500
SORKON,20260609,3.46,3.46,3.44,3.46,113400
SPA,20260609,3.02,3.04,2.98,2.98,1169100
SPACK,20260609,1.16,1.18,1.16,1.16,97700
SPALI,20260609,15.4,15.5,15.4,15.5,800700
SPC,20260609,55.5,56.5,55.25,56,6700
SPCG,20260609,8.9,8.95,8.9,8.9,333100
SPG,20260609,10.9,10.9,10.9,10.9,300
SPI,20260609,32,32.25,32,32,2900
SPRC,20260609,7.35,7.45,7.2,7.35,22952700
SPREME,20260609,1.51,1.53,1.51,1.51,124100
SPRIME,20260609,3.8,3.86,3.78,3.84,555100
SPTX,20260609,0.01,0.01,0.01,0.01,1609300
SPVI,20260609,3.52,3.58,3.48,3.48,530600
SQ,20260609,0.19,0.19,0.18,0.19,1389600
SR,20260609,0.3,0.31,0.3,0.3,26700
SRICHA,20260609,17.3,17.5,16.9,17,574900
SRIPANWA,20260609,5.1,5.1,5.05,5.1,72000
SRS,20260609,1.77,1.88,1.73,1.79,53700
SSF,20260609,5,5.05,5,5,19500
SSP,20260609,3.72,3.76,3.68,3.72,471100
SSSC,20260609,2.12,2.12,2.1,2.12,68000
SST,20260609,1.05,1.05,0.99,0.99,8300
SSTRT,20260609,4.44,4.44,4.42,4.42,23300
STA,20260609,18.8,19.4,18.7,19.3,6262000
STANLY,20260609,231,234,231,233,32100
STARM,20260609,0.95,0.98,0.95,0.98,62800
STC,20260609,0.56,0.57,0.54,0.56,27800
STECH,20260609,1.06,1.06,1.05,1.05,90300
STECON,20260609,16,16.1,15.5,16,16246600
STELLA,20260609,0.3,0.31,0.28,0.29,9051700
STGT,20260609,11.3,11.4,11.1,11.2,3214500
STI,20260609,1.71,1.72,1.69,1.72,11700
STOWER,20260609,0.03,0.03,0.02,0.03,1702600
STP,20260609,11.1,11.2,11,11,4500
STPI,20260609,5.7,5.7,5.45,5.55,6717400
STX,20260609,0.87,0.88,0.86,0.86,780800
SUC,20260609,27,27.25,27,27.25,92700
SUN,20260609,2.46,2.46,2.4,2.42,56500
SUPER,20260609,0.13,0.13,0.12,0.12,60304400
SUPEREIF,20260609,5.95,5.95,5.9,5.95,30600
SUSCO,20260609,2.1,2.1,2.06,2.06,152900
SUTHA,20260609,2.7,2.7,2.7,2.7,400
SVOA,20260609,1.75,1.76,1.72,1.72,759500
SVR,20260609,0.3,0.32,0.3,0.31,495800
SVT,20260609,1.26,1.27,1.25,1.27,264800
SWC,20260609,4.52,4.56,4.48,4.52,15600
SYMC,20260609,4.94,4.98,4.9,4.94,50700
SYNEX,20260609,9.15,9.15,9.05,9.05,883700
SYNTEC,20260609,1.67,1.68,1.65,1.68,1105000
TACC,20260609,5.85,5.9,5.8,5.85,672000
TAE,20260609,1.74,1.75,1.69,1.69,7974400
TAKUNI,20260609,0.4,0.4,0.38,0.39,929900
TAN,20260609,3.76,3.8,3.76,3.8,27900
TASCO,20260609,13.7,13.8,13.7,13.7,566100
TATG,20260609,0.96,0.97,0.95,0.95,169900
TBN,20260609,3.64,3.64,3.64,3.64,500
TBSP,20260609,1.05,1.05,1.05,1.05,100
TC,20260609,5.65,5.65,5.65,5.65,39200
TCAP,20260609,60,60.5,60,60.25,1267600
TCC,20260609,0.33,0.34,0.32,0.32,624000
TCJ,20260609,2.4,2.4,2.38,2.38,2400
TCMC,20260609,0.31,0.31,0.3,0.3,20900
TCOAT,20260609,26,26,26,26,100
TEAM,20260609,4.56,4.82,4.52,4.68,9825700
TEAMG,20260609,2.96,3,2.92,2.94,2631400
TEGH,20260609,3.12,3.16,3.08,3.12,572500
TEKA,20260609,1.71,1.72,1.71,1.71,9400
TERA,20260609,1.12,1.12,1.09,1.09,18600
TFFIF,20260609,6.6,6.65,6.55,6.55,1568700
TFG,20260609,9.1,9.25,9.05,9.15,12961100
TFI,20260609,0.04,0.04,0.04,0.04,374700
TFM,20260609,6.5,6.55,6.45,6.45,135300
TFMAMA,20260609,187.5,188,186.5,186.5,5100
TGE,20260609,1.06,1.07,1.06,1.06,42200
TGH,20260609,10.9,10.9,10.6,10.6,700
TGPRO,20260609,0.04,0.04,0.03,0.03,664300
TH,20260609,0.48,0.5,0.47,0.47,2118800
THAI,20260609,6.7,6.8,6.6,6.75,44846900
THANA,20260609,1.54,1.54,1.53,1.54,54900
THANI,20260609,1.64,1.65,1.62,1.62,3996000
THCOM,20260609,11.8,11.8,11.5,11.6,5153900
THE,20260609,0.78,0.8,0.77,0.79,10200
THG,20260609,7.55,7.6,7.5,7.5,184700
THIP,20260609,20.6,20.6,20.2,20.4,46600
THMUI,20260609,0.33,0.33,0.3,0.33,24100
THRE,20260609,0.36,0.37,0.35,0.36,3771600
THREL,20260609,1,1.01,1,1,46400
TIDLOR,20260609,17.5,17.6,16.6,16.8,38136000
TIF1,20260609,7.7,7.85,7.7,7.8,7600
TIGER,20260609,0.26,0.26,0.25,0.25,37300
TIPCO,20260609,6,6.1,5.95,6,320400
TIPH,20260609,21.4,21.5,21.3,21.4,199400
TISCO,20260609,113.5,114,113,114,3700500
TITLE,20260609,7.9,7.95,7.9,7.9,119100
TK,20260609,4.14,4.14,4.08,4.1,12900
TKC,20260609,9.25,9.65,9.2,9.6,62300
TKN,20260609,4.14,4.16,4.1,4.1,621500
TKS,20260609,7.25,7.45,7.25,7.35,166900
TKT,20260609,0.71,0.75,0.71,0.73,5000
TL,20260609,0.41,0.42,0.4,0.42,999100
TLHPF,20260609,4.62,4.64,4.6,4.64,8800
TLI,20260609,11,11.5,11,11.3,50426700
TM,20260609,0.91,0.91,0.9,0.91,152100
TMAN,20260609,10.9,10.9,10.7,10.9,89000
TMC,20260609,0.69,0.69,0.67,0.69,42100
TMD,20260609,26.25,26.5,26,26.25,2100
TMI,20260609,0.46,0.48,0.46,0.46,175800
TMILL,20260609,2.36,2.36,2.34,2.34,12700
TMT,20260609,3.46,3.46,3.38,3.4,41800
TMW,20260609,60,60,59.25,59.5,58900
TNDT,20260609,0.14,0.14,0.13,0.14,150300
TNH,20260609,30,30,29.25,29.25,3100
TNITY,20260609,2.48,2.48,2.44,2.44,1000
TNP,20260609,2.76,2.84,2.76,2.78,459900
TNPC,20260609,0.96,0.99,0.96,0.97,9400
TNR,20260609,4.98,5.1,4.98,5.1,97600
TOA,20260609,12.3,12.5,12.2,12.3,3286400
TOG,20260609,6.95,6.95,6.85,6.95,90500
TOP,20260609,46,46,45,45,8661300
TPA,20260609,2.66,2.66,2.56,2.66,1000
TPAC,20260609,8.55,8.6,8.35,8.45,75700
TPBI,20260609,2.96,2.98,2.96,2.96,78500
TPCH,20260609,1.41,1.44,1.39,1.39,459000
TPIPL,20260609,0.79,0.8,0.78,0.79,8867600
TPIPP,20260609,1.75,1.77,1.75,1.75,2762800
TPL,20260609,0.53,0.55,0.53,0.53,206400
TPLAS,20260609,1.12,1.12,1.07,1.09,18600
TPOLY,20260609,0.12,0.12,0.11,0.12,357900
TPP,20260609,11.8,11.9,11.8,11.8,500
TPS,20260609,3.08,3.08,3.02,3.04,188200
TQM,20260609,13.9,13.9,13.7,13.7,207600
TQR,20260609,5.3,5.3,5.25,5.3,11700
TRC,20260609,0.61,0.64,0.58,0.59,6641100
TRITN,20260609,0.02,0.03,0.02,0.02,5455000
TRP,20260609,4.3,4.3,4.2,4.22,273200
TRT,20260609,10.3,10.9,10.2,10.8,6952800
TRU,20260609,3.82,3.82,3.8,3.82,7800
TRUBB,20260609,1,1.11,0.99,1.11,14534500
TRUE,20260609,14,14,13.8,13.8,89958600
TSC,20260609,14.7,14.8,14.6,14.6,27100
TSE,20260609,0.8,0.81,0.78,0.79,8856700
TSI,20260609,0.06,0.06,0.05,0.06,168300
TSTE,20260609,10.6,10.6,10.6,10.6,10000
TSTH,20260609,0.87,0.95,0.86,0.92,24644300
TTA,20260609,5,5.05,4.92,4.96,4649800
TTB,20260609,2.32,2.32,2.28,2.3,199566000
TTLPF,20260609,9.55,9.55,9.5,9.5,196500
TTW,20260609,9.4,9.4,9.3,9.35,2159200
TU,20260609,11.4,11.4,11.2,11.2,11344700
TU-PF,20260609,1.11,1.15,1.07,1.09,4900
TURBO,20260609,1.44,1.46,1.4,1.41,22486200
TVDH,20260609,0.05,0.05,0.05,0.05,500
TVH,20260609,10.4,10.4,10.2,10.2,42200
TVO,20260609,26,26,25.75,25.75,502900
TVT,20260609,0.2,0.21,0.19,0.2,198000
TWP,20260609,1.19,1.19,1.17,1.18,13600
TWPC,20260609,2.86,2.9,2.86,2.9,25400
TWZ,20260609,0.01,0.02,0.01,0.01,10992400
TYCN,20260609,1.66,1.68,1.65,1.67,8600
UAC,20260609,2.62,2.62,2.6,2.6,118500
UBA,20260609,1.08,1.09,1.08,1.08,65800
UBE,20260609,0.58,0.6,0.57,0.58,9085500
UBIS,20260609,1.11,1.18,1.11,1.13,86600
UEC,20260609,0.83,0.95,0.83,0.85,1047700
UKEM,20260609,0.98,1.02,0.96,0.99,10278800
UMI,20260609,0.88,0.88,0.87,0.88,523100
UMS,20260609,1.18,1.18,0.62,0.62,15508900
UNIQ,20260609,2.76,2.78,2.74,2.74,79600
UNIX,20260609,1.64,1.65,1.6,1.6,4182800
UP,20260609,23.6,23.6,23.5,23.5,3300
UPOIC,20260609,6.8,6.9,6.75,6.75,14600
UREKA,20260609,0.44,0.48,0.4,0.41,58520500
UTP,20260609,7.9,8,7.9,7.9,318700
UV,20260609,0.84,0.85,0.83,0.83,160100
UVAN,20260609,14.7,14.7,14.4,14.4,1106700
VARO,20260609,4,4.02,3.94,4,11400
VCOM,20260609,3.92,3.98,3.9,3.96,365900
VGI,20260609,0.94,0.95,0.89,0.9,219517400
VIBE,20260609,0.37,0.37,0.34,0.35,31500
VIBHA,20260609,1.36,1.37,1.36,1.36,709100
VIH,20260609,8.2,8.2,7.95,8,475200
VL,20260609,0.82,0.82,0.8,0.81,1059500
VNG,20260609,1.88,1.95,1.82,1.93,143000
VPO,20260609,0.48,0.49,0.46,0.47,1600300
VRANDA,20260609,4.4,4.4,4.36,4.4,33600
VS,20260609,0.26,0.27,0.26,0.27,6200
WACOAL,20260609,15.9,15.9,15.2,15.5,5600
WARRIX,20260609,1.41,1.41,1.4,1.4,379600
WASH,20260609,4,4,3.96,3.96,185400
WAVE,20260609,0.03,0.03,0.02,0.02,618200
WFX,20260609,0.97,1,0.96,0.96,29200
WGE,20260609,0.71,0.8,0.71,0.74,1278300
WHA,20260609,5,5.1,4.94,4.98,139732000
WHABT,20260609,5.85,5.85,5.8,5.8,29500
WHAIR,20260609,7.45,7.5,7.4,7.45,1417200
WHART,20260609,10.6,10.7,10.5,10.7,2382400
WHAUP,20260609,6,6.05,5.9,6,12692700
WICE,20260609,2.62,2.7,2.52,2.52,3184800
WIIK,20260609,0.95,0.95,0.93,0.94,3340400
WIN,20260609,0.27,0.27,0.26,0.27,60200
WINDOW,20260609,0.72,0.74,0.72,0.73,167100
WINMED,20260609,0.79,0.8,0.76,0.77,220200
WINNER,20260609,2.08,2.1,2.06,2.08,134100
WORK,20260609,3.54,3.56,3.52,3.52,363500
WP,20260609,3.52,3.54,3.5,3.52,11300
WPH,20260609,5.75,5.85,5.75,5.8,437700
XBIO,20260609,0.09,0.09,0.08,0.08,3923300
XO,20260609,14.4,14.7,14,14.3,2840100
XPG,20260609,0.46,0.47,0.46,0.46,12672000
XYZ,20260609,0.3,0.31,0.29,0.3,191400
YGG,20260609,0.2,0.2,0.19,0.19,831300
YONG,20260609,0.69,0.69,0.68,0.68,35700
YUASA,20260609,14.6,14.6,14.5,14.5,700
ZAA,20260609,1.66,1.74,1.66,1.74,2800
ZIGA,20260609,0.89,0.9,0.88,0.88,1294200
RABBIT-P-O,20260609,0.29,0.29,0.29,0.29,3
RABBIT-P,20260609,0.36,0.38,0.36,0.38,324400
VAYU1-O,20260609,11.3,11.3,11.2,11.2,145
VAYU1,20260609,11.2,11.3,11.2,11.2,444900
!AGRO,20260609,308.59,310.14,308.08,308.39,16574930000
!CONSUMP,20260609,45.91,46.08,45.38,45.39,1753020000
!FINCIAL,20260609,163.75,163.83,161.93,162.4,75397190000
!INDUS,20260609,65.72,65.89,64.62,64.88,11088580000
!PROPCON,20260609,77.96,78.25,77.33,77.83,51216270000
!RESOURC,20260609,172.66,173.41,170.86,171.35,70608420000
!SERVICE,20260609,288.96,289.31,285.69,286.22,106249720000
!TECH,20260609,697.96,721.99,697.15,720.56,71129650000
$AGRI,20260609,205.88,207.84,205.23,207.13,3430820000
$AUTO,20260609,319.11,320.93,318.92,319.58,1627300000
$BANK,20260609,527.93,527.93,520.93,522.73,38342460000
$COMM,20260609,20228.3,20283.7,20099.7,20170.5,10696730000
$CONMAT,20260609,5877.59,5942.83,5815.54,5849.91,5137530000
$CONS,20260609,43.14,43.2,42.44,43.06,7375470000
$ENERG,20260609,19694,19779.3,19487.8,19544.5,70608420000
$ETRON,20260609,38833.7,40785.1,38822,40774.5,14710400000
$FASHION,20260609,495.92,499.17,483.46,483.46,918390000
$FIN,20260609,1971.01,1980.47,1931.63,1939.04,30362480000
$FOOD,20260609,8549.65,8594.9,8532.56,8537.36,13144110000
$HELTH,20260609,4201.45,4205.35,4153.58,4160.02,11941270000
$HOME,20260609,15.66,15.83,15.61,15.68,133380000
$ICT,20260609,228.63,228.63,225.99,226.5,56419250000
$IMM,20260609,22.1,22.37,21.96,22.3,1413560000
$INSUR,20260609,9371.53,9677.63,9371.53,9544.97,6692250000
$MEDIA,20260609,15.47,15.55,15.05,15.19,37506090000
$PAPER,20260609,2222.37,2250.5,2222.37,2222.37,31870000
$PERSON,20260609,79.36,79.66,78.51,78.97,701250000
$PETRO,20260609,633.29,635.7,618.16,621.84,3221020000
$PF&REIT,20260609,138.45,139.19,138.29,139.09,1616580000
$PKG,20260609,2725.09,2730.48,2664.41,2672.53,1765500000
$PROF,20260609,130.58,131.48,128.92,128.92,6108180000
$PROP,20260609,169.76,170.4,168.08,169.37,37086690000
$STEEL,20260609,19.58,19.96,19.46,19.82,3029330000
$TOURISM,20260609,419.54,420.6,410.2,414.7,7958620000
$TRANS,20260609,226.82,227.38,223.23,223.62,32038830000
MAI,20260609,216.54,217.76,214.69,214.69,457609452
SET,20260609,1575.6,1587.42,1570.48,1584.14,10746426601
SET100,20260609,2185.95,2191.66,2171.95,2183.35,2925096100
SET50,20260609,1020.98,1023.46,1013.84,1019,1526224100
SETHD,20260609,1345.48,1346.81,1334.6,1336.18,810128700
3BBIF-F,20260609,6.6,6.9,6.6,6.9,200
AOT-F,20260609,56.5,56.5,56.5,56.5,6200
BBL-F,20260609,169,169,169,169,4400
CPALL-F,20260609,45.25,45.25,45.25,45.25,36800
FTREIT-F,20260609,11.6,11.6,11.6,11.6,100000
INETREIT-F,20260609,5,5,5,5,500
KBANK-F,20260609,199,199,199,199,200
KTC-F,20260609,29.75,29.75,29.5,29.5,129500
PTT-F,20260609,36.25,36.5,36.25,36.25,76600
SCB-F,20260609,138.5,138.5,136.5,136.5,2235100
TISCO-F,20260609,113,114,113,114,844000
TTB-F,20260609,2.3,2.3,2.3,2.3,16800
!AGRO-M,20260609,60.03,60.51,59.77,59.89,808310000
!CONSUMP-M,20260609,11.64,11.82,11.63,11.71,731400000
!FINCIAL-M,20260609,30.64,31.18,30.12,30.12,853500000
!INDUS-M,20260609,43.95,44.31,43.95,43.99,8736180000
!PROPCON-M,20260609,14.65,14.92,14.54,14.59,8311270000
!RESOURC-M,20260609,16.86,17.22,14.7,14.7,2805360000
!SERVICE-M,20260609,41.78,42.26,41.73,41.73,8625000000
!TECH-M,20260609,18.81,18.91,18.62,18.69,1260120000
AAV13C2610A,20260609,0.17,0.18,0.16,0.16,1620800
AAV41C2702T,20260609,0.2,0.2,0.19,0.19,10400
ABBV80,20260609,7.45,7.5,7.3,7.35,32832
ADVANC13C2610A,20260609,0.47,0.48,0.44,0.46,6661100
ADVANC19C2611A,20260609,0.48,0.5,0.46,0.49,15040500
ADVANC41C2610A,20260609,0.44,0.46,0.43,0.45,4680000
AMATA01C2610A,20260609,0.88,1.02,0.88,0.98,739500
AMATA01C2706T,20260609,0.37,0.4,0.37,0.39,7017700
AMATA01P2610A,20260609,0.29,0.29,0.26,0.27,4337700
AMATA13C2610A,20260609,0.85,0.94,0.83,0.9,28200
AMATA13C2611A,20260609,0.23,0.28,0.23,0.26,18982000
AMATA13P2610A,20260609,0.29,0.29,0.25,0.26,6364800
AMATA19C2610B,20260609,0.24,0.28,0.24,0.27,2888800
AMATA41C2611A,20260609,0.23,0.25,0.22,0.24,10607000
AMATA41C2702T,20260609,0.2,0.22,0.2,0.22,1200000
ANET80,20260609,5.15,5.25,5.05,5.2,127168
AOT01C2705T,20260609,0.39,0.39,0.37,0.37,1405900
AOT13C2609A,20260609,0.44,0.44,0.4,0.4,8585300
AOT41C2609A,20260609,0.42,0.42,0.38,0.38,1080000
ASTR-O,20260609,5.25,5.25,5.25,5.25,1
AWC13C2611A,20260609,0.31,0.31,0.27,0.29,4081000
BA01C2611A,20260609,0.39,0.41,0.38,0.38,3909000
BA01C2706T,20260609,0.3,0.31,0.3,0.3,4337200
BABA28C2610A,20260609,0.26,0.27,0.25,0.26,2010700
BABA41C2612A,20260609,0.2,0.2,0.19,0.19,189400
BAM13C2610A,20260609,0.15,0.16,0.15,0.15,119200
BCH13C2610A,20260609,0.32,0.33,0.29,0.29,2199300
BCP01C2610A,20260609,0.17,0.17,0.16,0.16,96800
BCPG01C2705T,20260609,0.21,0.21,0.21,0.21,1623500
BCPG13C2610A,20260609,0.16,0.16,0.15,0.15,619000
BCPG41C2610A,20260609,0.14,0.14,0.14,0.14,720000
BDMS01C2611A,20260609,0.27,0.27,0.26,0.26,466600
BDMS13C2610A,20260609,0.25,0.25,0.23,0.24,870300
BDMS41C2610A,20260609,0.23,0.23,0.22,0.22,500000
BGRIM19C2610A,20260609,0.32,0.33,0.29,0.3,4750200
BH01P2611A,20260609,0.62,0.66,0.62,0.66,2450700
BH13C2610A,20260609,0.62,0.62,0.54,0.57,12753300
BH13P2611A,20260609,0.62,0.66,0.62,0.65,3326600
BH19C2610A,20260609,0.59,0.59,0.52,0.53,5501100
BH41C2610A,20260609,0.59,0.59,0.54,0.55,2700200
BILIBI41C2610A,20260609,0.21,0.21,0.21,0.21,600
BJC13C2610A,20260609,0.2,0.2,0.2,0.2,912800
BJC41C2610A,20260609,0.18,0.18,0.18,0.18,600000
BLA13C2610A,20260609,0.37,0.54,0.37,0.5,15783900
BLA41C2702T,20260609,0.39,0.46,0.39,0.45,11700000
BOEING80,20260609,7.05,7.2,7.05,7.2,399600
BTG13C2610A,20260609,0.3,0.33,0.29,0.32,3945500
BTS13C2611A,20260609,0.2,0.2,0.2,0.2,853100
BWG-W8,20260609,0.04,0.06,0.03,0.04,195204200
BWG-W8-O,20260609,0.04,0.05,0.01,0.04,31827
CATHAY41C2610A,20260609,0.32,0.32,0.32,0.32,600
CATL41C2612A,20260609,0.51,0.57,0.51,0.55,4000
CBG01P2611A,20260609,0.4,0.4,0.39,0.39,694700
CBG13P2609A,20260609,0.22,0.22,0.21,0.21,365100
CCET13C2610A,20260609,0.56,0.59,0.5,0.57,85720900
CCET13C2610B,20260609,0.4,0.41,0.35,0.39,35785600
CCET13C2611A,20260609,0.2,0.21,0.17,0.2,32133100
CCET19C2610A,20260609,0.66,0.66,0.58,0.64,278300
CCET19C2610B,20260609,0.44,0.47,0.4,0.45,20988100
CCET19C2611A,20260609,0.17,0.18,0.17,0.18,2539300
CCET41C2701T,20260609,0.49,0.5,0.47,0.49,3159000
CCET41C2702T,20260609,0.42,0.43,0.41,0.43,6601300
CENTEL19C2610A,20260609,0.33,0.33,0.3,0.31,1386100
CHG13C2610A,20260609,0.27,0.27,0.24,0.25,2092800
CK01C2611A,20260609,0.32,0.32,0.31,0.32,4293800
CK01C2705T,20260609,0.36,0.36,0.35,0.36,3180800
CK01P2611A,20260609,0.82,0.83,0.81,0.81,1294900
CK13C2610A,20260609,0.39,0.4,0.37,0.4,15661200
CK13P2611A,20260609,0.67,0.68,0.66,0.66,5367400
CNRE80,20260609,2.3,2.36,2.28,2.34,33509
COIN80,20260609,5.2,5.4,5.1,5.35,419835
COM701C2610A,20260609,0.15,0.15,0.15,0.15,401600
COM713C2610A,20260609,0.58,0.64,0.58,0.59,178300
COM713C2610B,20260609,0.2,0.22,0.2,0.22,4576500
COM719C2609A,20260609,0.65,0.65,0.65,0.65,2000
COM719C2610A,20260609,0.22,0.24,0.22,0.24,6252700
CPALL13P2610A,20260609,0.26,0.26,0.26,0.26,783200
CPF01C2612A,20260609,0.29,0.31,0.29,0.3,1743300
CPF01C2706T,20260609,0.28,0.28,0.28,0.28,490600
CPF01P2612A,20260609,0.44,0.44,0.42,0.42,1118600
CPF19C2701T,20260609,0.3,0.32,0.3,0.3,371100
CPN01C2611A,20260609,0.38,0.38,0.36,0.37,3269800
CPN01C2706T,20260609,0.38,0.38,0.37,0.38,2220600
CRC01C2611A,20260609,0.38,0.39,0.38,0.39,3021900
CRC13C2610A,20260609,0.41,0.43,0.4,0.42,5009300
CRC41C2610A,20260609,0.4,0.41,0.39,0.39,2880000
DELTA01C2609A,20260609,0.86,1.01,0.85,1,26265700
DELTA01C2610A,20260609,0.64,0.76,0.63,0.76,41075300
DELTA01C2705T,20260609,0.71,0.78,0.71,0.78,8749400
DELTA01P2609A,20260609,0.39,0.39,0.33,0.34,3868300
DELTA01P2610A,20260609,0.74,0.76,0.67,0.67,7982300
DELTA13C2609B,20260609,0.7,0.86,0.7,0.86,40833200
DELTA13C2610A,20260609,0.46,0.54,0.45,0.54,39453300
DELTA13P2609A,20260609,0.5,0.5,0.42,0.42,19465300
DELTA19C2609A,20260609,0.54,0.66,0.54,0.66,13260800
DELTA19P2610A,20260609,0.63,0.63,0.56,0.56,5077700
DELTA19P2610B,20260609,0.77,0.77,0.68,0.68,6312200
DELTA41C2609B,20260609,0.68,0.83,0.68,0.83,27409400
DELTA41C2610A,20260609,0.44,0.52,0.44,0.52,24218100
DELTA41C2702T,20260609,0.47,0.5,0.47,0.5,4520400
DELTA41P2609A,20260609,0.49,0.49,0.43,0.43,3084100
DISCO24,20260609,1,1.02,1,1.02,51048
DJI41C2609A,20260609,0.63,0.65,0.63,0.64,26700
DJI41P2609A,20260609,0.46,0.47,0.46,0.46,214800
DOHOME01C2610A,20260609,0.3,0.3,0.29,0.29,549700
DOHOME13C2610A,20260609,0.33,0.33,0.32,0.32,1926700
EA13C2610A,20260609,0.49,0.51,0.47,0.47,2035500
EA13C2610B,20260609,0.3,0.32,0.29,0.29,27260400
EA13P2611A,20260609,0.71,0.72,0.7,0.72,8930300
EA19C2610A,20260609,0.3,0.32,0.3,0.3,7870800
EA19P2611A,20260609,0.72,0.72,0.71,0.72,3230800
EA41C2610B,20260609,0.29,0.29,0.28,0.28,2041000
EGCO13C2610A,20260609,0.29,0.29,0.29,0.29,120000
ERW01C2610A,20260609,0.38,0.38,0.34,0.34,1827100
ERW13C2610A,20260609,0.29,0.29,0.26,0.27,5081400
ERW41C2610A,20260609,0.28,0.28,0.25,0.25,3300000
GEV80,20260609,30.75,31.25,30.5,31.25,6599
GLOBAL01C2611A,20260609,0.19,0.19,0.17,0.19,3102100
GLOBAL13C2610A,20260609,0.16,0.16,0.15,0.16,4602600
GOLDUS80,20260609,13,13.2,13,13.1,33047
GPSC01P2611A,20260609,0.41,0.44,0.41,0.42,4492300
GSEMI24,20260609,2.52,2.62,2.52,2.6,305117
GULF01C2611A,20260609,0.36,0.37,0.33,0.34,8495200
GULF01P2610A,20260609,0.48,0.52,0.47,0.51,8227600
GULF13P2610A,20260609,0.27,0.29,0.26,0.29,8736100
GULF19C2610A,20260609,0.46,0.47,0.4,0.41,7335400
GULF19C2611A,20260609,0.36,0.37,0.33,0.33,5481200
GUNKUL01C2610A,20260609,0.79,0.83,0.78,0.8,1431400
GUNKUL01C2610B,20260609,0.47,0.49,0.47,0.48,3848700
GUNKUL01C2611A,20260609,0.39,0.41,0.38,0.39,4692900
GUNKUL01P2611A,20260609,0.56,0.56,0.53,0.54,6130500
GUNKUL13C2610A,20260609,0.55,0.58,0.54,0.57,42896200
GUNKUL13C2611A,20260609,0.37,0.4,0.37,0.39,12880900
GUNKUL13P2610A,20260609,0.53,0.54,0.51,0.52,4943000
GUNKUL19C2610A,20260609,0.61,0.62,0.58,0.62,1206300
GUNKUL19C2610B,20260609,0.39,0.41,0.38,0.4,10530700
GUNKUL41C2610A,20260609,0.53,0.56,0.52,0.54,14820000
GUNKUL41C2611A,20260609,0.35,0.37,0.35,0.36,11280000
HANA01C2610A,20260609,0.36,0.36,0.33,0.34,13473000
HANA01C2705T,20260609,0.26,0.26,0.25,0.26,5365800
HANA01P2610A,20260609,0.37,0.4,0.37,0.38,9514000
HANA13C2609A,20260609,0.37,0.38,0.35,0.36,7732500
HANA13C2609B,20260609,0.2,0.2,0.18,0.19,42173100
HANA13C2610A,20260609,0.25,0.26,0.23,0.24,16359300
HANA13C2611A,20260609,0.42,0.43,0.39,0.41,21593200
HANA13C2703T,20260609,0.34,0.34,0.33,0.34,8435300
HANA13P2609A,20260609,0.24,0.24,0.22,0.23,8688700
HANA19C2609B,20260609,0.32,0.32,0.3,0.32,6235000
HANA19P2609A,20260609,0.18,0.19,0.18,0.19,2080300
HANA41C2609B,20260609,0.19,0.19,0.18,0.18,2960500
HANA41C2610A,20260609,0.24,0.25,0.23,0.23,5150700
HANA41P2609A,20260609,0.21,0.22,0.21,0.22,132800
HITACHI24,20260609,1.3,1.3,1.27,1.28,33338
HSCEI18P2608A,20260609,1.07,1.08,1.03,1.03,9161000
HSI18C2608A,20260609,0.22,0.23,0.22,0.22,116300
HSI18P2608A,20260609,1.05,1.06,1.01,1.01,6283700
HSI28C2607B,20260609,0.26,0.29,0.25,0.28,55881000
HSI28C2607C,20260609,0.44,0.5,0.43,0.49,56799400
HSI28C2608A,20260609,0.2,0.23,0.2,0.21,3360600
HSI28C2608B,20260609,0.39,0.44,0.39,0.42,32648800
HSI28C2608C,20260609,0.62,0.68,0.61,0.66,12283900
HSI28C2609A,20260609,0.26,0.29,0.26,0.28,791400
HSI28P2607B,20260609,0.7,0.72,0.65,0.65,5854900
HSI28P2607C,20260609,1.82,1.82,1.82,1.82,2900
HSI28P2608A,20260609,0.63,0.63,0.59,0.59,8610200
HSI28P2609A,20260609,0.61,0.62,0.6,0.6,4107300
HSTECH18C2608A,20260609,0.44,0.47,0.44,0.47,5200
HSTECH18P2608A,20260609,1.24,1.27,1.18,1.21,2000000
HUAHON41C2612A,20260609,0.51,0.57,0.5,0.53,240100
IRPC01C2610A,20260609,0.12,0.12,0.12,0.12,5567300
IRPC01P2610A,20260609,0.42,0.42,0.4,0.41,2460200
IRPC13P2610A,20260609,0.34,0.35,0.33,0.34,4473100
IRPC19C2610A,20260609,0.11,0.12,0.11,0.11,679000
IRPC41C2702T,20260609,0.18,0.19,0.18,0.19,600000
ITTHI-W1,20260609,0.53,0.55,0.51,0.52,920300
ITTHI-W1-O,20260609,0.53,0.53,0.52,0.52,149
IVL01C2706T,20260609,0.27,0.27,0.26,0.26,324500
IVL01P2610A,20260609,0.39,0.42,0.39,0.42,1423900
IVL13P2611A,20260609,0.69,0.72,0.69,0.72,1279800
IVL19C2610A,20260609,0.42,0.43,0.39,0.39,1780800
JD41C2612A,20260609,0.43,0.45,0.43,0.45,400
JLMAG80,20260609,7.5,7.75,7.5,7.75,55576
JMART01C2610A,20260609,0.65,0.65,0.57,0.6,2786200
JMART01C2611A,20260609,0.13,0.13,0.12,0.12,3438500
JMART13C2610A,20260609,0.48,0.49,0.42,0.44,10858000
JMART13C2611A,20260609,0.19,0.19,0.17,0.18,3682700
JMART41C2611A,20260609,0.17,0.17,0.15,0.16,720000
JMT01C2610A,20260609,0.23,0.24,0.21,0.23,3077600
JMT01C2611A,20260609,0.21,0.21,0.2,0.21,4560200
JMT13C2610A,20260609,0.27,0.28,0.26,0.27,3849600
JMT41C2610A,20260609,0.25,0.26,0.25,0.26,4300000
JPANIME24,20260609,1.22,1.23,1.22,1.23,8922
JPROBOAI24,20260609,1.41,1.41,1.4,1.41,33887
JPSEMI24,20260609,1.42,1.46,1.42,1.44,1129591
KBANK01C2611A,20260609,0.2,0.2,0.17,0.17,2913700
KBANK13C2610A,20260609,0.24,0.24,0.21,0.21,3327400
KBANK41C2610A,20260609,0.19,0.19,0.19,0.19,40000
KCE01C2610A,20260609,0.38,0.4,0.36,0.4,11344300
KCE01C2705T,20260609,0.33,0.34,0.32,0.33,5021800
KCE13C2609B,20260609,0.41,0.43,0.39,0.42,10565400
KCE13C2610A,20260609,0.31,0.33,0.3,0.32,20775100
KCE13C2703T,20260609,0.39,0.4,0.37,0.39,8687500
KCE13P2609A,20260609,0.12,0.12,0.11,0.11,2809600
KCE13P2610A,20260609,0.35,0.36,0.34,0.34,4459900
KCE19C2609B,20260609,0.45,0.47,0.43,0.46,4569500
KCE19C2610A,20260609,0.37,0.39,0.35,0.38,15071400
KCE19P2609A,20260609,0.11,0.11,0.1,0.11,4452800
KCE19P2610A,20260609,0.31,0.33,0.3,0.31,4188700
KCE41C2609B,20260609,0.41,0.42,0.37,0.41,5250000
KCE41C2610A,20260609,0.31,0.31,0.29,0.29,9821000
KKP01C2612A,20260609,0.67,0.7,0.65,0.65,5224000
KKP13C2610A,20260609,0.45,0.49,0.44,0.44,14795500
KONAMI24,20260609,1.05,1.06,1.05,1.05,3200
KQ15018C2609A,20260609,0.89,0.98,0.89,0.89,3105000
KQ15018C2609B,20260609,1.25,1.31,1.22,1.22,3100000
KQ15018C2609C,20260609,0.39,0.41,0.19,0.4,955600
KQ15018P2609A,20260609,1.52,1.54,1.43,1.53,4302000
KQ15018P2609B,20260609,1.99,2.02,1.92,2.02,3102300
KS20018C2609A,20260609,1.35,1.59,1.35,1.56,8827000
KS20018C2609B,20260609,1.74,2.1,1.74,2.08,9313500
KS20018C2609C,20260609,0.68,0.85,0.68,0.84,6604500
KS20018P2609A,20260609,0.84,0.84,0.69,0.7,3796400
KS20018P2609B,20260609,1.22,1.22,1.04,1.04,6502000
KTB01C2611A,20260609,0.19,0.2,0.18,0.18,5287500
KTC01C2612A,20260609,0.23,0.23,0.22,0.22,694000
KTC13C2610A,20260609,0.23,0.23,0.22,0.23,2919200
KTC41C2610A,20260609,0.22,0.22,0.21,0.21,1980000
KUN-W4,20260609,0.03,0.04,0.03,0.03,1053200
KUN-W4-O,20260609,0.02,0.02,0.02,0.02,84
LENOVO41C2610A,20260609,3.36,3.64,3.34,3.54,39300
LENOVO41C2612A,20260609,0.44,0.49,0.44,0.49,10700
M01C2611A,20260609,0.42,0.42,0.39,0.4,1942100
M13C2610A,20260609,0.33,0.33,0.3,0.31,2626700
M19C2610A,20260609,0.37,0.37,0.34,0.35,1932400
MAOGEP80,20260609,2.52,2.52,2.5,2.52,41038
MCA5041C2609A,20260609,0.17,0.18,0.17,0.18,20000
MIDEA80,20260609,3.78,3.84,3.78,3.82,17209
MINT01C2612A,20260609,0.46,0.46,0.41,0.43,4305200
MINT13C2609A,20260609,0.43,0.43,0.38,0.4,13677800
MINT13P2610A,20260609,0.34,0.38,0.34,0.35,2797000
MINT19C2610A,20260609,0.39,0.39,0.34,0.37,8654200
MIXUE80,20260609,10.8,11,10.8,11,142
MONTAGE80,20260609,14.7,15.3,14.7,15.3,147642
MOUTAI80,20260609,6.1,6.15,6.1,6.15,32681
MP80,20260609,19.9,19.9,19,19.5,329521
MTC01C2610A,20260609,0.14,0.14,0.12,0.13,551200
MTC01C2706T,20260609,0.21,0.21,0.19,0.19,774200
MTC13C2610A,20260609,0.2,0.2,0.17,0.18,4244100
MTC13P2610A,20260609,0.29,0.32,0.29,0.31,2164200
MTC19C2610A,20260609,0.18,0.18,0.16,0.17,335700
MTC41C2610A,20260609,0.18,0.18,0.16,0.17,1120000
NDX28C2609B,20260609,0.81,0.86,0.81,0.86,317500
NDX28P2609B,20260609,0.69,0.69,0.68,0.68,20000
NDX41C2609A,20260609,0.96,1.01,0.96,1,108200
NDX41P2609A,20260609,0.59,0.59,0.57,0.57,1160200
NEE80,20260609,2.82,2.82,2.78,2.8,409291
NIKKEI18C2609A,20260609,0.87,0.98,0.87,0.98,65200
NIKKEI18P2609A,20260609,0.55,0.55,0.51,0.51,100200
NIKKEI28C2609A,20260609,1.78,1.81,1.78,1.81,600
NIKKEI28C2609B,20260609,1.21,1.33,1.21,1.29,520400
NIKKEI28C2609C,20260609,0.84,0.88,0.84,0.88,204300
NIKKEI28C2609D,20260609,0.53,0.6,0.53,0.59,2977700
NIKKEI28P2609A,20260609,0.95,0.95,0.87,0.88,55300
NIKKEI28P2609C,20260609,0.44,0.44,0.38,0.4,4700
NIKKEI28P2609D,20260609,0.29,0.29,0.27,0.27,211100
OIL24,20260609,18.6,18.6,18.4,18.4,161
OSP13C2610A,20260609,0.31,0.32,0.31,0.31,976100
PANEL-W1,20260609,0.18,0.18,0.17,0.17,12700
PANEL-W1-O,20260609,0.17,0.17,0.17,0.17,50
PANEL-W2,20260609,0.18,0.2,0.17,0.18,392800
PANEL-W2-O,20260609,0.16,0.17,0.16,0.17,87
PLANB13C2610A,20260609,0.42,0.43,0.38,0.38,3194400
PLANB41C2610A,20260609,0.4,0.41,0.38,0.38,4320000
POPMAR28C2610A,20260609,0.39,0.39,0.35,0.36,2100000
POPMAR41C2610A,20260609,0.45,0.45,0.41,0.42,1800
PR913C2610A,20260609,0.28,0.29,0.26,0.28,1450400
PSTC-W4,20260609,0.08,0.08,0.08,0.08,5587700
PTG01C2611A,20260609,0.17,0.18,0.17,0.17,1199000
PTG13C2610A,20260609,0.17,0.18,0.17,0.18,1515500
PTT01C2611A,20260609,0.14,0.14,0.14,0.14,1544700
PTT01C2705T,20260609,0.21,0.21,0.2,0.2,200
PTT19C2701T,20260609,0.24,0.24,0.24,0.24,258300
PTTEP01C2611A,20260609,0.46,0.46,0.45,0.45,2741700
PTTEP01P2610A,20260609,0.71,0.73,0.71,0.73,3699400
PTTEP13P2609A,20260609,0.49,0.5,0.49,0.5,3308500
PTTGC01C2611A,20260609,0.27,0.27,0.25,0.25,909900
PTTGC01P2610A,20260609,0.47,0.5,0.47,0.49,3161400
PTTGC13P2610A,20260609,0.45,0.48,0.45,0.47,3660700
RCL13C2610A,20260609,0.32,0.33,0.3,0.3,10094700
RCL41C2610A,20260609,0.31,0.31,0.29,0.29,4800000
RKLB80,20260609,3.74,3.92,3.66,3.86,4390882
SAWAD01C2611A,20260609,0.38,0.38,0.35,0.35,1225700
SAWAD01P2611A,20260609,0.68,0.72,0.68,0.72,1829500
SAWAD13C2610A,20260609,0.34,0.34,0.3,0.3,2986500
SAWAD19C2610A,20260609,0.26,0.26,0.23,0.23,748900
SAWAD41C2610A,20260609,0.32,0.32,0.29,0.29,540500
SCB41C2609A,20260609,0.24,0.24,0.21,0.21,1659400
SCC13P2609A,20260609,0.21,0.21,0.19,0.21,1320800
SCC19C2610A,20260609,0.39,0.42,0.38,0.38,6298800
SCC41C2609A,20260609,0.26,0.28,0.24,0.25,5460000
SCGP01C2610A,20260609,0.17,0.17,0.14,0.14,4379200
SCGP01C2706T,20260609,0.41,0.41,0.39,0.39,2161700
SCGP01P2610A,20260609,0.27,0.3,0.27,0.29,3272200
SCGP13C2609A,20260609,0.15,0.15,0.13,0.13,17855900
SCGP13C2609B,20260609,0.44,0.47,0.42,0.42,567700
SCGP13P2609A,20260609,0.18,0.21,0.18,0.2,2978900
SCGP19C2610A,20260609,0.24,0.24,0.21,0.21,5441900
SCGP41C2609A,20260609,0.14,0.14,0.12,0.12,2500000
SCGP41C2609B,20260609,0.47,0.47,0.4,0.4,2120000
SET01C2608A,20260609,1.04,1.13,1.03,1.12,8855000
SET01C2610A,20260609,1,1.09,0.98,1.08,1991800
SET01C2611A,20260609,0.65,0.72,0.65,0.7,134100
SET01P2608A,20260609,0.19,0.19,0.16,0.17,3507200
SET01P2610A,20260609,0.47,0.49,0.44,0.45,1198600
SET100FF,20260609,2075.31,2079.73,2062.48,2073.36,292509610000
SET5001C2608A,20260609,0.67,0.68,0.62,0.64,4318400
SET5001C2609F,20260609,0.87,0.88,0.8,0.85,6968000
SET5001C2609G,20260609,0.44,0.44,0.4,0.43,3429800
SET5001P2608A,20260609,0.27,0.29,0.27,0.27,6242000
SET5001P2609F,20260609,0.44,0.48,0.44,0.45,2547500
SET5001P2609G,20260609,0.74,0.74,0.73,0.73,951500
SET5001P2610A,20260609,0.69,0.72,0.67,0.69,5162000
SET5013C2606M,20260609,0.14,0.15,0.11,0.13,219678900
SET5013C2609A,20260609,0.92,0.95,0.85,0.91,113228400
SET5013C2609B,20260609,0.64,0.67,0.59,0.63,494800700
SET5013C2609C,20260609,0.44,0.47,0.42,0.44,142384600
SET5013P2609A,20260609,0.42,0.44,0.4,0.41,448788800
SET5013P2609B,20260609,0.54,0.59,0.54,0.55,135942900
SET5013P2609C,20260609,0.79,0.84,0.76,0.79,142867800
SET5013P2609D,20260609,1.12,1.19,1.09,1.13,118411600
SET5019C2609A,20260609,0.67,0.7,0.61,0.66,17691700
SET5019P2609A,20260609,0.67,0.71,0.66,0.68,49574100
SET5019P2609B,20260609,0.48,0.51,0.47,0.48,48571200
SET5019P2609C,20260609,0.8,0.85,0.78,0.81,31920100
SET5041C2609A,20260609,0.89,0.91,0.82,0.87,23172400
SET5041C2609B,20260609,0.61,0.63,0.55,0.59,43043000
SET5041C2609C,20260609,0.43,0.43,0.38,0.41,2100
SET5041C2609U,20260609,0.32,0.32,0.31,0.32,11000000
SET5041P2609B,20260609,0.55,0.58,0.54,0.55,58406400
SET5041P2609C,20260609,0.8,0.85,0.78,0.8,54134600
SET5041P2609D,20260609,1.14,1.21,1.14,1.15,15783800
SET50FF,20260609,970.33,972.13,963.78,968.64,152622410000
SETCLMV,20260609,708.81,711.01,703.3,705.36,102584270000
SETESG,20260609,902.6,903.73,893.91,895.59,200205410000
SETWB,20260609,594.32,595.81,589.01,590.69,51019380000
SISB13C2610A,20260609,0.15,0.15,0.15,0.15,421000
SNDK80,20260609,5.35,5.6,5.3,5.55,4833378
SOFTBANK80,20260609,14.1,14.6,14,14.6,453689
SPTX-W8,20260609,0.01,0.01,0.01,0.01,1026700
SPTX-W8-O,20260609,0.01,0.01,0.01,0.01,50
SPX28C2609B,20260609,0.54,0.56,0.54,0.56,2400100
SPX41C2609A,20260609,0.71,0.72,0.71,0.72,4100
SPX41P2609A,20260609,0.53,0.53,0.52,0.52,38400
SSET,20260609,610.97,611.29,603.75,603.75,29759230000
STA01C2610A,20260609,0.24,0.27,0.24,0.27,3256200
STA13C2610A,20260609,0.29,0.31,0.28,0.31,1739400
STA19C2610A,20260609,0.32,0.35,0.31,0.35,5862800
STA41C2610A,20260609,0.28,0.31,0.28,0.31,5800000
STECON01C2611A,20260609,0.33,0.34,0.31,0.34,1350000
STECON13C2610A,20260609,0.33,0.33,0.3,0.33,2139200
STECON19C2610A,20260609,0.58,0.58,0.56,0.57,521600
STECON19C2611A,20260609,0.37,0.37,0.35,0.35,531400
STGT01C2610A,20260609,0.16,0.16,0.15,0.15,4392200
STGT13C2610A,20260609,0.19,0.19,0.18,0.18,6321000
STGT19C2610A,20260609,0.19,0.19,0.18,0.18,1604600
STGT41C2610A,20260609,0.17,0.17,0.17,0.17,2400000
SUNNY41C2610A,20260609,0.48,0.54,0.48,0.51,1600
TENCEN28C2610B,20260609,0.27,0.27,0.25,0.25,1400000
TENCEN41C2610A,20260609,0.26,0.27,0.24,0.24,1200
TFG13C2610A,20260609,0.14,0.16,0.14,0.15,812200
TFG19C2611A,20260609,0.39,0.4,0.39,0.4,1457700
TFG41C2610A,20260609,0.13,0.13,0.13,0.13,600000
TIDLOR01C2611A,20260609,0.36,0.36,0.29,0.29,3129100
TIDLOR01P2611A,20260609,0.61,0.7,0.61,0.7,2387800
TIDLOR19C2610A,20260609,0.5,0.5,0.4,0.41,898300
TLI01C2611A,20260609,0.18,0.2,0.18,0.19,4484500
TOA13C2611A,20260609,0.28,0.29,0.28,0.28,4424400
TOP41C2609A,20260609,0.25,0.25,0.23,0.23,241000
TRUE01C2610A,20260609,0.24,0.24,0.23,0.23,2600100
TRUE01P2610A,20260609,0.3,0.3,0.3,0.3,51000
TRUE13C2610A,20260609,0.25,0.26,0.24,0.24,3648400
TRUE19C2610A,20260609,0.25,0.25,0.24,0.25,370800
TU13C2611A,20260609,0.18,0.18,0.18,0.18,1776100
VGI13C2609A,20260609,0.21,0.22,0.18,0.18,12362000
VGI13C2610A,20260609,0.21,0.21,0.18,0.18,8749700
VGI19C2610B,20260609,0.24,0.24,0.2,0.21,4703100
VIBE-O,20260609,0.26,0.3,0.26,0.3,78
VIBE-W3,20260609,0.05,0.05,0.04,0.04,611400
VIBE-W3-O,20260609,0.03,0.04,0.03,0.04,919
WHA01C2611A,20260609,0.16,0.16,0.15,0.15,2973000
WHA01C2705T,20260609,0.33,0.34,0.32,0.32,1901200
WHA01P2611A,20260609,0.32,0.34,0.32,0.33,1454400
WHA13C2611A,20260609,0.23,0.24,0.23,0.23,2853100
WHA13P2611A,20260609,0.32,0.34,0.32,0.33,2749500
WHA19C2701A,20260609,0.28,0.3,0.27,0.27,7182000
WHA41C2611A,20260609,0.22,0.22,0.21,0.21,2880000
WHA41C2702T,20260609,0.19,0.19,0.19,0.19,10000
