<TICKER>,<DTYYYYMMDD>,<OPEN>,<HIGH>,<LOW>,<CLOSE>,<VOL>
1DIV-O,20260302,12.1,12.35,12.1,12.25,332
2I01BSET50-O,20260302,3.11,3.14,3.11,3.14,30
2X01BSET50-O,20260302,7.3,7.32,7.14,7.14,102
BMSCITH-O,20260302,12.17,12.5,12.09,12.09,38
BSET100-O,20260302,10.93,10.93,10.88,10.88,86
CHINA-O,20260302,6.91,6.92,6.91,6.92,17
GLD-O,20260302,6.59,6.72,6.59,6.72,3972
TDEX-O,20260302,9.65,9.75,9.53,9.53,1358
1DIV,20260302,12.3,12.32,12,12.25,114700
1I01BSET50,20260302,3.96,3.98,3.96,3.98,11800
2I01BSET50,20260302,3.1,3.25,3.03,3.25,7052800
2X01BSET50,20260302,7.24,7.42,6.9,6.9,510800
BMSCG,20260302,8.01,8.06,7.89,7.89,7000
BMSCITH,20260302,12.14,12.31,12.01,12.01,1070100
BSET100,20260302,10.93,10.99,10.62,10.62,243800
CHINA,20260302,6.9,6.99,6.89,6.94,717400
GLD,20260302,6.62,6.7,6.58,6.67,12280900
TDEX,20260302,9.65,9.73,9.48,9.48,4071500
UBOT,20260302,14.97,14.97,14.79,14.89,700
UHERO,20260302,8.14,8.58,8.14,8.58,1500
2S,20260302,2.64,2.68,2.58,2.58,150200
3BBIF,20260302,6.55,6.65,6.55,6.55,12122400
88TH,20260302,5,5.35,5,5.2,8308800
A5,20260302,1.83,1.83,1.7,1.82,203200
AAI,20260302,4.02,4.06,3.9,3.9,15322700
AAV,20260302,1.2,1.24,1.14,1.15,375417800
ABM,20260302,0.64,0.65,0.62,0.62,21700
ACC,20260302,0.4,0.42,0.4,0.4,3113000
ACE,20260302,1.28,1.3,1.28,1.28,2691100
ACG,20260302,0.63,0.66,0.6,0.61,514100
ADB,20260302,0.59,0.59,0.56,0.56,289800
ADD,20260302,4.06,4.08,3.98,3.98,19900
ADVANC,20260302,377,378,365,365,12678400
ADVICE,20260302,5.6,5.75,5.55,5.6,2234700
AE,20260302,0.09,0.1,0.08,0.09,854400
AEONTS,20260302,96.25,97,93.5,93.5,1996000
AF,20260302,0.36,0.36,0.33,0.34,14300
AFC,20260302,3.24,3.24,3.24,3.24,1000
AGE,20260302,1.15,1.15,1.09,1.09,4623200
AH,20260302,14.5,14.9,14.4,14.5,287000
AHC,20260302,13.5,13.5,12,12.9,9200
AI,20260302,3.02,3.06,3.02,3.04,260500
AIE,20260302,1.09,1.1,1.06,1.06,2126900
AIMCG,20260302,1.36,1.37,1.35,1.36,312500
AIMIRT,20260302,11.3,11.4,11.2,11.2,657000
AIRA,20260302,1.13,1.13,1.12,1.12,36500
AIT,20260302,4.88,5,4.88,4.92,1360900
AJ,20260302,1.75,1.75,1.6,1.63,4126700
AJA,20260302,0.17,0.18,0.17,0.17,9656500
AKP,20260302,0.71,0.72,0.7,0.7,1476000
AKR,20260302,0.9,0.91,0.89,0.9,3765300
AKS,20260302,0.02,0.03,0.02,0.03,4842900
ALLA,20260302,1.22,1.23,1.2,1.21,1559300
ALLY,20260302,4.4,4.44,4.36,4.36,955800
ALPHAX,20260302,0.45,0.47,0.43,0.43,5248300
ALT,20260302,1.08,1.11,0.99,1,1486800
ALUCON,20260302,220,220,217,217,600
AMA,20260302,4.18,4.22,4.16,4.2,1041600
AMANAH,20260302,0.75,0.76,0.73,0.74,1845600
AMARC,20260302,3.4,3.5,3.38,3.4,3636800
AMATA,20260302,18.6,19.2,18.2,18.2,28151000
AMATAR,20260302,6.6,6.7,6.6,6.6,173100
AMATAV,20260302,2.26,2.26,2.1,2.12,431800
AMC,20260302,2.04,2.14,2.04,2.14,38100
AMR,20260302,0.33,0.39,0.33,0.36,421200
ANAN,20260302,0.41,0.42,0.39,0.39,3214800
ANI,20260302,2.76,2.86,2.76,2.78,666200
AOT,20260302,51.25,52.75,51.25,51.5,55423300
AP,20260302,9,9.15,8.7,8.8,18929300
APCO,20260302,2.78,2.8,2.74,2.8,17100
APCS,20260302,1.29,1.3,1.29,1.3,200
APO,20260302,1.78,1.97,1.74,1.85,3825800
APP,20260302,2.66,2.7,2.62,2.64,787800
APURE,20260302,2.3,2.36,2.26,2.28,207400
AQUA,20260302,0.15,0.15,0.14,0.15,4140200
ARIN,20260302,0.59,0.6,0.55,0.56,2763800
ARIP,20260302,0.45,0.49,0.44,0.46,275700
ARROW,20260302,5.45,5.45,5.35,5.35,64200
AS,20260302,2.92,2.98,2.82,2.84,2395200
ASAP,20260302,1.2,1.2,1.17,1.17,51400
ASEFA,20260302,4.12,4.16,4.06,4.14,431800
ASIA,20260302,6.1,6.1,6.05,6.05,3700
ASIAN,20260302,7.4,7.6,7.4,7.45,1467600
ASIMAR,20260302,1.55,1.62,1.55,1.6,126000
ASK,20260302,9.2,9.3,9,9,1153300
ASN,20260302,0.75,0.75,0.72,0.72,22300
ASP,20260302,2.2,2.24,2.16,2.16,2935700
ASW,20260302,7.55,8.2,7.55,7.8,1493200
ATLAS,20260302,1.85,1.9,1.82,1.82,8654500
ATP30,20260302,0.94,0.94,0.91,0.92,838700
AU,20260302,5.05,5.1,4.96,5,1856600
AUCT,20260302,5.3,5.3,5.15,5.25,1302300
AURA,20260302,15.6,15.7,14.1,14.7,4739900
AWC,20260302,2.34,2.4,2.22,2.26,161501900
AXTRART,20260302,13.2,13.2,12.9,12.9,442500
AYUD,20260302,38.75,38.75,37.25,37.5,30000
B,20260302,0.04,0.05,0.03,0.05,21358400
B-WORK,20260302,5.55,5.6,5.5,5.5,565500
B52,20260302,0.32,0.32,0.26,0.29,119200
BA,20260302,16.2,16.7,15.7,15.7,29695100
BAFS,20260302,9.25,9.4,9,9.15,729600
BAM,20260302,7.3,7.45,7.15,7.3,34560600
BANPU,20260302,5.65,5.7,5.5,5.55,73856400
BAREIT,20260302,11.1,11.4,11.1,11.4,1063400
BAY,20260302,26.25,26.5,25.75,25.75,1431000
BBGI,20260302,3.18,3.4,3.18,3.36,2242400
BBIK,20260302,21.6,22.2,20.7,20.7,4533800
BBL,20260302,173.5,176,173.5,174,17711500
BC,20260302,0.71,0.71,0.69,0.7,700
BCH,20260302,10.6,10.7,10.1,10.3,29692500
BCP,20260302,38.5,38.5,36.25,36.5,10573800
BCPG,20260302,7.85,8.05,7.65,7.7,26215600
BCT,20260302,48.5,48.5,48,48,3400
BDMS,20260302,20.8,21.3,20.7,20.7,112491500
BE8,20260302,5.65,6,5.6,5.75,1421800
BEAUTY,20260302,0.38,0.38,0.33,0.34,16709000
BEC,20260302,2.12,2.14,2.02,2.04,3100600
BEM,20260302,6,6.2,5.95,5.95,105879200
BEYOND,20260302,8.55,8.8,8.55,8.65,149800
BGC,20260302,4.3,4.6,4.24,4.36,680000
BGRIM,20260302,14.3,14.5,13.3,13.6,55603600
BGT,20260302,0.4,0.41,0.39,0.4,124700
BH,20260302,197.5,198,185,185,17696100
BIG,20260302,0.29,0.3,0.29,0.29,306400
BIOTEC,20260302,0.18,0.19,0.17,0.17,3581300
BIS,20260302,2,2,1.93,1.99,140500
BIZ,20260302,5.2,5.25,5.05,5.2,1721300
BJC,20260302,15.5,15.7,14.9,15,13910900
BJCHI,20260302,0.59,0.6,0.56,0.58,677200
BKA,20260302,0.78,0.78,0.66,0.76,2230500
BKD,20260302,1.22,1.24,1.2,1.23,492700
BKGI,20260302,1.47,1.48,1.41,1.42,892500
BKIH,20260302,312,313,311,311,43500
BLA,20260302,21,21.3,20.7,20.8,3131600
BLAND,20260302,0.47,0.47,0.44,0.44,17033100
BLC,20260302,3.94,3.94,3.86,3.88,574200
BLESS,20260302,0.23,0.23,0.21,0.21,522900
BM,20260302,1.05,1.05,1.02,1.03,2154600
BOFFICE,20260302,5.4,5.4,5.3,5.35,798500
BOL,20260302,5.05,5.15,5,5.05,463500
BPP,20260302,11.9,11.9,11.7,11.7,130000
BPS,20260302,0.42,0.42,0.4,0.4,488000
BR,20260302,1.7,1.7,1.65,1.66,571300
BRI,20260302,1.44,1.49,1.41,1.41,597300
BRR,20260302,3.9,3.9,3.7,3.76,216300
BRRGIF,20260302,3.88,3.88,3.84,3.88,1278800
BSBM,20260302,0.56,0.57,0.55,0.56,302700
BSM,20260302,0.39,0.39,0.38,0.39,8600
BTC,20260302,0.21,0.22,0.2,0.2,19582600
BTG,20260302,21.2,21.8,21.2,21.2,8722400
BTNC,20260302,20,20,19.9,20,8800
BTS,20260302,2.26,2.3,2.18,2.18,112554400
BTSGIF,20260302,2.56,2.56,2.54,2.54,2559300
BTW,20260302,0.1,0.11,0.1,0.1,879000
BUI,20260302,12.9,13.4,12.9,13.1,138600
BVG,20260302,1.73,1.73,1.69,1.71,139500
BWG,20260302,0.31,0.32,0.28,0.29,159757300
BYD,20260302,0.64,0.64,0.55,0.55,29097600
CAZ,20260302,1.58,1.59,1.54,1.58,86100
CBG,20260302,44.5,44.5,41.25,41.25,9808900
CCET,20260302,5.25,5.35,5.05,5.05,50571700
CCP,20260302,0.28,0.28,0.26,0.26,3692900
CEN,20260302,0.71,0.71,0.67,0.7,300400
CENTEL,20260302,36.75,38.25,36.25,36.25,11010600
CEYE,20260302,1.6,1.61,1.59,1.6,6300
CFARM,20260302,0.74,0.75,0.72,0.72,1118800
CFRESH,20260302,0.8,0.8,0.69,0.69,1734400
CGD,20260302,0.11,0.12,0.11,0.11,504600
CGH,20260302,0.43,0.44,0.41,0.43,4725900
CH,20260302,1.7,1.72,1.7,1.7,104700
CHAO,20260302,4.58,4.58,4.46,4.52,214300
CHARAN,20260302,15.8,17.1,15.2,17.1,7900
CHASE,20260302,0.5,0.5,0.48,0.48,3696300
CHAYO,20260302,1.17,1.19,1.12,1.12,11599400
CHEWA,20260302,0.18,0.2,0.18,0.19,1607100
CHG,20260302,1.58,1.61,1.55,1.55,30482100
CHIC,20260302,0.3,0.34,0.28,0.3,116500
CHO,20260302,0.06,0.06,0.05,0.06,456300
CHOW,20260302,1.32,1.32,1.22,1.29,176200
CI,20260302,0.33,0.35,0.33,0.34,142900
CIG,20260302,0.02,0.03,0.02,0.03,2024400
CITY,20260302,1.45,1.48,1.44,1.46,55100
CIVIL,20260302,0.94,0.97,0.91,0.91,529500
CK,20260302,16.7,17.2,16.7,16.8,17343600
CKP,20260302,2.4,2.48,2.36,2.42,22362700
CM,20260302,1.66,1.66,1.61,1.65,127300
CMAN,20260302,2.62,2.66,2.52,2.64,570600
CMC,20260302,0.45,0.47,0.41,0.41,122200
CMO,20260302,0.58,0.72,0.48,0.72,9061000
CMR,20260302,1.49,1.58,1.4,1.41,933000
CNT,20260302,1.11,1.11,1.06,1.07,394700
COCOCO,20260302,5.8,5.95,5.6,5.7,2697700
COLOR,20260302,1.04,1.04,1,1.01,202900
COM7,20260302,23.2,23.9,23.1,23.2,16519000
COMAN,20260302,0.47,0.47,0.43,0.45,343100
CPALL,20260302,50,51.25,50,50,52808000
CPANEL,20260302,1.97,1.97,1.68,1.83,228700
CPAXT,20260302,16.3,17.3,16.3,16.3,72100000
CPF,20260302,20.5,20.7,20.4,20.4,38972000
CPH,20260302,9.5,9.5,9,9,238400
CPI,20260302,3.6,3.6,3.4,3.5,555000
CPL,20260302,0.68,0.68,0.61,0.62,479800
CPN,20260302,67.75,68.75,66.75,67,11930400
CPNCG,20260302,6.25,6.25,6.2,6.2,558700
CPNREIT,20260302,11.9,12,11.8,11.8,3748300
CPR,20260302,2.82,2.88,2.78,2.78,45800
CPT,20260302,0.99,1,0.99,1,17200
CPTREIT,20260302,5.65,5.75,5.55,5.6,165100
CPW,20260302,2.28,2.28,2.24,2.24,635400
CRANE,20260302,0.44,0.44,0.43,0.43,47300
CRC,20260302,20,20.3,19.2,19.8,28274700
CRD,20260302,0.34,0.37,0.34,0.36,908100
CREDIT,20260302,18.5,18.6,17.4,17.4,1159200
CSC,20260302,45.5,45.5,45.25,45.25,8700
CSP,20260302,0.4,0.4,0.38,0.39,29400
CSR,20260302,66.25,68.75,66.25,68.75,1600
CSS,20260302,0.78,0.78,0.76,0.77,2192000
CTARAF,20260302,4.76,4.76,4.74,4.76,10800
CTW,20260302,2.96,3,2.96,3,1100
CWT,20260302,0.9,0.92,0.86,0.86,3889300
D,20260302,2.96,2.96,2.86,2.88,981000
DCC,20260302,1.23,1.24,1.2,1.2,3310300
DCON,20260302,0.23,0.24,0.23,0.23,3533200
DDD,20260302,6.4,6.45,5.85,6.05,43600
DELTA,20260302,275,292,267,267,20694400
DEMCO,20260302,2.32,2.4,2.32,2.34,124900
DEXON,20260302,1.03,1.05,1.02,1.03,22000
DHOUSE,20260302,0.38,0.38,0.37,0.37,9200
DIF,20260302,9.5,9.55,9.45,9.5,17838800
DIMET,20260302,0.05,0.05,0.05,0.05,221100
DITTO,20260302,12.1,12.4,11.6,11.7,3076600
DMT,20260302,11.1,11.2,11,11,25381400
DOD,20260302,1.89,1.95,1.81,1.81,7999400
DOHOME,20260302,3.7,3.78,3.56,3.56,28097500
DPAINT,20260302,0.74,0.74,0.7,0.7,1165000
DREIT,20260302,5.05,5.05,4.96,4.96,392000
DRT,20260302,5,5,4.82,4.82,1255600
DTCENT,20260302,0.95,0.96,0.91,0.92,2225200
DTCI,20260302,19,19,19,19,500
DUSIT,20260302,11.2,11.3,10.8,10.8,953400
DV8,20260302,4.48,4.52,4.4,4.46,461600
EA,20260302,2.88,2.9,2.64,2.66,123771700
EASON,20260302,1.09,1.1,1.07,1.08,2385900
EAST,20260302,0.74,0.74,0.71,0.72,1659400
EASTW,20260302,2.78,2.8,2.64,2.64,4501100
ECF,20260302,0.05,0.06,0.05,0.06,12186200
EFORL,20260302,0.15,0.16,0.14,0.14,7862900
EGATIF,20260302,6.15,6.2,6.1,6.15,854100
EGCO,20260302,120,120,118,119,1841600
EKH,20260302,5.1,5.1,5,5,1548800
EMC,20260302,0.02,0.03,0.02,0.03,4372700
EMPIRE,20260302,0.66,0.69,0.61,0.61,19069700
EP,20260302,1.2,1.22,1.15,1.21,230600
EPG,20260302,3.74,3.86,3.64,3.64,8733800
ERW,20260302,3.02,3.1,2.88,2.96,67929500
ESTAR,20260302,0.22,0.23,0.21,0.21,11345800
ETC,20260302,0.61,0.62,0.59,0.59,7405100
ETE,20260302,0.58,0.62,0.56,0.56,206700
ETL,20260302,0.53,0.53,0.48,0.48,254500
EURO,20260302,4.5,4.5,4.42,4.42,71700
EVER,20260302,0.05,0.06,0.05,0.06,671300
FANCY,20260302,0.3,0.3,0.23,0.25,1009000
FLOYD,20260302,1.13,1.14,1.11,1.13,1257800
FM,20260302,3.78,3.86,3.78,3.78,2344900
FMT,20260302,22.5,22.9,22.3,22.3,6300
FN,20260302,0.46,0.47,0.45,0.46,242700
FNS,20260302,0.93,0.93,0.85,0.86,81700
FORTH,20260302,8.1,8.25,7.4,7.4,6884100
FPI,20260302,1.69,1.79,1.69,1.76,16900
FPT,20260302,6.4,6.6,6.25,6.25,77000
FSMART,20260302,6.8,6.95,6.55,6.55,3332700
FSX,20260302,1.29,1.3,1.12,1.12,447100
FTE,20260302,1.89,1.95,1.89,1.9,381900
FTI,20260302,1.65,1.67,1.6,1.61,263300
FTREIT,20260302,11.6,11.7,11.2,11.2,2864500
FUTURERT,20260302,9.15,9.2,9.1,9.1,442600
FVC,20260302,0.44,0.44,0.36,0.37,7198700
GABLE,20260302,4,4.04,3.92,3.98,1368400
GAHREIT,20260302,4.74,4.76,4.62,4.72,94900
GBX,20260302,0.58,0.6,0.58,0.58,827500
GC,20260302,4.5,4.5,4.44,4.44,328800
GCAP,20260302,0.27,0.28,0.27,0.28,2564700
GEL,20260302,0.03,0.04,0.03,0.04,208200
GENCO,20260302,0.25,0.26,0.25,0.26,427400
GFC,20260302,2.98,3.02,2.9,3.02,37000
GFPT,20260302,9.6,9.7,9.5,9.55,4369800
GGC,20260302,2.96,2.98,2.9,2.9,127700
GJS,20260302,0.1,0.11,0.1,0.1,1250000
GLOBAL,20260302,7.3,7.5,7.2,7.25,10746500
GLORY,20260302,0.58,0.67,0.58,0.59,33800
GPI,20260302,1.61,1.68,1.61,1.64,334200
GPSC,20260302,39.5,40,38,38,29342900
GRAMMY,20260302,4.14,4.14,4.1,4.12,2800
GRAND,20260302,0.03,0.04,0.03,0.03,1917800
GREEN,20260302,0.61,0.62,0.6,0.6,198100
GROREIT,20260302,7.95,8.05,7.95,8.05,85000
GTB,20260302,0.7,0.71,0.69,0.7,82000
GTV,20260302,0.04,0.05,0.04,0.04,14594000
GULF,20260302,57.25,59.25,56.75,57.5,132521800
GUNKUL,20260302,2.3,2.34,2.2,2.22,89366000
GVREIT,20260302,6.6,6.6,6.5,6.55,568300
GYT,20260302,207,207,202,206,1300
HANA,20260302,17.9,19.6,17.9,19.2,69053300
HANN,20260302,1.05,1.07,1.03,1.04,5632300
HARN,20260302,2.02,2.04,2,2.02,393000
HEALTH,20260302,0.41,0.41,0.38,0.4,56800
HENG,20260302,0.93,0.95,0.91,0.91,2230100
HFT,20260302,4.22,4.24,4.18,4.22,515600
HL,20260302,7.05,7.1,7,7,183900
HMPRO,20260302,7,7.2,6.95,7.05,76208700
HPF,20260302,5.4,5.5,5.35,5.45,299300
HPT,20260302,0.34,0.34,0.33,0.33,4365700
HTC,20260302,15.7,16,15.5,15.7,584400
HTECH,20260302,2.8,2.82,2.7,2.74,1553500
HUMAN,20260302,5.3,5.3,5,5.1,1969300
HYDRO,20260302,2.62,2.62,2.5,2.62,49900
I2,20260302,0.77,0.77,0.72,0.73,143300
ICC,20260302,24.5,24.5,24.5,24.5,2500
ICHI,20260302,14.2,14.6,14.2,14.3,10284200
ICN,20260302,1.84,1.84,1.81,1.83,474800
IDG,20260302,1.71,1.71,1.6,1.61,1904000
IFS,20260302,2.08,2.12,2.06,2.08,261600
IHL,20260302,1.55,1.56,1.5,1.53,116700
IIG,20260302,1.42,1.42,1.35,1.35,1424300
III,20260302,3.98,4.08,3.94,3.96,1167400
ILINK,20260302,4.82,4.88,4.7,4.74,796400
ILM,20260302,14.3,14.7,14,14.3,725500
IMH,20260302,3,3,2.94,2.98,32900
IMPACT,20260302,11.1,11.2,11,11,611600
IND,20260302,1.2,1.2,1.12,1.15,1423900
INET,20260302,4,4.02,3.7,3.7,4328100
INETREIT,20260302,12.4,12.6,12.3,12.3,4456600
INGRS,20260302,0.3,0.3,0.28,0.28,1418300
INOX,20260302,0.4,0.4,0.38,0.39,3017600
INSET,20260302,2.72,2.76,2.62,2.62,17469300
INSURE,20260302,62.25,62.25,62.25,62.25,100
IP,20260302,4.2,4.2,4.04,4.14,577700
IRC,20260302,11.5,11.7,11.4,11.5,39200
IRCP,20260302,0.28,0.28,0.27,0.27,4180500
IROYAL,20260302,5.6,5.85,5.45,5.45,716400
IRPC,20260302,1.39,1.39,1.3,1.3,109759500
ISSARA,20260302,7.5,7.5,7.4,7.5,900
IT,20260302,4.1,4.1,3.92,3.98,220000
ITC,20260302,16,16.3,15.3,15.4,7224800
ITD,20260302,0.22,0.23,0.21,0.22,6868700
ITEL,20260302,1.32,1.34,1.24,1.27,3446500
ITNS,20260302,1.78,1.82,1.78,1.78,1172100
ITTHI,20260302,1.41,1.41,1.34,1.34,813000
IVF,20260302,0.8,0.84,0.79,0.79,1170400
IVL,20260302,22.4,22.4,20.6,20.9,51888200
J,20260302,0.62,0.65,0.61,0.61,495800
JAK,20260302,0.8,0.8,0.76,0.76,20500
JAS,20260302,1.25,1.27,1.19,1.19,109509700
JCK,20260302,0.13,0.14,0.12,0.12,7429400
JCT,20260302,83.75,83.75,82.75,82.75,900
JDF,20260302,1.99,2,1.97,1.99,985900
JMART,20260302,7.4,7.65,6.75,6.85,20466200
JMT,20260302,10.3,10.5,9.55,9.55,27468200
JPARK,20260302,3.18,3.24,3,3,4325800
JR,20260302,1.77,1.77,1.75,1.77,220600
JSP,20260302,1.99,1.99,1.93,1.96,288200
JTS,20260302,82,83.5,64,64.5,6427900
JUBILE,20260302,7.5,7.5,7.1,7.3,8300
K,20260302,0.8,1.1,0.8,1.1,11400
KAMART,20260302,9.15,9.2,9,9.05,4345100
KASET,20260302,0.61,0.62,0.6,0.62,157400
KBANK,20260302,196.5,199.5,196,197,23274400
KBS,20260302,6,6,5.9,5.95,995600
KBSPIF,20260302,8.35,8.35,8.2,8.25,372700
KC,20260302,0.02,0.02,0.02,0.02,3430900
KCAR,20260302,4.94,5.05,4.94,5,80500
KCC,20260302,2.38,2.44,2.32,2.36,614700
KCE,20260302,18.8,19.3,18.2,18.2,25168700
KCG,20260302,9.55,10,9.55,9.6,3176800
KCM,20260302,0.17,0.19,0.16,0.16,265400
KDH,20260302,88.75,88.75,88.75,88.75,100
KGEN,20260302,1.17,1.24,1.14,1.18,3502100
KGI,20260302,4.38,4.46,4.38,4.4,5653500
KIAT,20260302,0.34,0.35,0.33,0.34,6609300
KISS,20260302,3.56,3.56,3.36,3.4,1774000
KJL,20260302,6,6.05,5.8,5.8,330400
KK,20260302,0.99,1.02,0.98,0.98,367900
KKP,20260302,76,77.25,75.25,75.25,7407400
KLINIQ,20260302,24.7,25.5,24,25,561100
KOOL,20260302,0.3,0.3,0.29,0.3,1039400
KPNREIT,20260302,1.85,1.99,1.85,1.87,10700
KSL,20260302,1.26,1.29,1.25,1.28,1006800
KTB,20260302,33.75,34.25,33.5,33.5,91383800
KTBSTMR,20260302,5.6,5.6,5.5,5.55,117900
KTC,20260302,31.75,32.75,31.25,31.5,31173700
KTIS,20260302,1.9,1.9,1.89,1.89,19700
KTMS,20260302,2.04,2.04,1.95,1.95,298300
KUMWEL,20260302,1.12,1.15,1,1.08,128800
KUN,20260302,0.72,0.74,0.7,0.74,77700
KWC,20260302,281,281,281,281,200
KWM,20260302,0.94,0.94,0.9,0.92,393100
KYE,20260302,292,292,287,288,8600
L&E,20260302,1.06,1.06,1.06,1.06,1500
LALIN,20260302,4.78,4.8,4.76,4.8,75600
LANNA,20260302,15.1,15.1,14.5,14.6,1088800
LDC,20260302,0.28,0.29,0.27,0.28,467700
LEE,20260302,2.66,2.72,2.66,2.7,429100
LEO,20260302,1.91,1.94,1.9,1.9,295800
LH,20260302,4.2,4.24,4,4.02,105914100
LHFG,20260302,1,1.02,0.98,0.98,18513200
LHHOTEL,20260302,13.7,13.9,13.5,13.6,5505700
LHK,20260302,3.4,3.46,3.38,3.4,191900
LHRREIT,20260302,4.2,4.32,4.2,4.28,58400
LHSC,20260302,14.3,14.3,14,14,1930200
LIT,20260302,0.74,0.74,0.72,0.72,373600
LOXLEY,20260302,1.51,1.54,1.48,1.5,1213200
LPH,20260302,3.76,3.76,3.68,3.7,292300
LPN,20260302,1.6,1.61,1.58,1.59,1111700
LST,20260302,4.76,4.76,4.7,4.76,109900
LTMH,20260302,4.48,4.66,4.44,4.54,213300
LTS,20260302,2.3,2.42,2.28,2.28,3896100
LUXF,20260302,8.9,8.95,8.5,8.9,90300
M,20260302,21.5,21.9,20.7,20.7,6507700
M-CHAI,20260302,21.7,22.3,20.2,20.2,75100
MADAME,20260302,0.57,0.59,0.56,0.58,541300
MAGURO,20260302,22.9,23.3,22.6,22.6,878500
MAJOR,20260302,7.8,8.05,7.7,7.85,2887900
MALEE,20260302,4.54,4.86,4.54,4.68,10571200
MASTEC,20260302,1.26,1.32,1.23,1.25,16144200
MASTER,20260302,10.2,10.7,9.75,9.75,6155400
MBAX,20260302,1.81,1.84,1.71,1.79,120600
MBK,20260302,20.1,20.2,19.3,19.4,4577400
MC,20260302,11.6,11.6,11.2,11.2,5241300
MCA,20260302,1.13,1.14,1.07,1.09,476600
MCOT,20260302,6.4,6.55,6,6.3,1729900
MCS,20260302,9.4,9.7,9.35,9.45,1686800
MDX,20260302,2.68,2.68,2.46,2.46,1379400
MEB,20260302,14.5,14.5,14.1,14.1,153400
MEDEZE,20260302,6.6,6.8,6.5,6.5,1632500
MEGA,20260302,36,36.25,34.25,34.25,1985500
MENA,20260302,0.76,0.77,0.75,0.75,927000
META,20260302,0.04,0.05,0.04,0.04,8424800
METCO,20260302,275,275,271,272,11200
MFC,20260302,23.8,24.2,23.7,23.9,21700
MFEC,20260302,5.85,5.85,5.75,5.75,294500
MGC,20260302,4.58,4.58,4.36,4.44,120700
MGI,20260302,5.95,6,5.55,5.7,801600
MGT,20260302,1.73,1.82,1.73,1.77,346600
MICRO,20260302,0.96,0.97,0.91,0.94,1870700
MIDA,20260302,0.25,0.26,0.23,0.25,303900
MII,20260302,4.98,4.98,4.84,4.86,79100
MILL,20260302,0.05,0.06,0.05,0.06,852900
MINT,20260302,23.9,24.4,23,23.8,81815200
MIPF,20260302,9.25,9.35,9.25,9.35,1400
MITSIB,20260302,0.58,0.58,0.55,0.57,151600
MJD,20260302,0.36,0.39,0.34,0.34,527100
MJLF,20260302,5.25,5.3,5.2,5.25,117500
MK,20260302,0.57,0.57,0.53,0.53,7900
ML,20260302,0.45,0.45,0.43,0.44,184400
MMM,20260302,2.8,2.98,2.74,2.76,1372600
MNIT,20260302,1.99,1.99,1.89,1.9,4200
MNRF,20260302,2.12,2.14,2.12,2.14,15800
MODERN,20260302,2,2.1,2,2,113500
MONO,20260302,0.91,0.97,0.91,0.93,13437300
MOONG,20260302,2.3,2.3,2.2,2.28,214600
MORE,20260302,0.03,0.04,0.03,0.04,7129500
MOSHI,20260302,36.5,37.25,36.25,36.25,1213700
MOTHER,20260302,1.21,1.21,1.13,1.13,2585700
MPJ,20260302,4.02,4.04,3.94,3.94,790800
MRDIYT,20260302,9.05,9.2,8.85,8.85,5801500
MSC,20260302,7.4,7.5,7.4,7.4,32200
MST,20260302,6.95,7,6.85,6.9,181700
MTC,20260302,35.5,35.75,33.75,34,22522600
MTI,20260302,16,16,15.5,15.5,115300
MTW,20260302,0.87,0.87,0.82,0.85,202400
MUD,20260302,0.64,0.7,0.64,0.7,10400
MVP,20260302,0.11,0.12,0.11,0.12,144300
NAM,20260302,3.8,3.8,3.72,3.72,27400
NAT,20260302,2.5,2.5,2.46,2.46,14700
NATION,20260302,0.04,0.05,0.03,0.04,1010300
NC,20260302,2.14,2.14,1.97,2,99400
NCAP,20260302,2.76,2.82,2.68,2.7,6950600
NCH,20260302,0.47,0.47,0.44,0.44,655500
NCL,20260302,0.21,0.23,0.21,0.23,1444000
NCP,20260302,1.05,1.05,1.01,1.04,88100
NDR,20260302,1.46,1.47,1.45,1.45,109000
NEO,20260302,21.9,22.1,20.6,21.1,574500
NEP,20260302,0.21,0.21,0.2,0.21,10200
NER,20260302,4.8,4.86,4.76,4.78,29675000
NETBAY,20260302,19.6,20.8,19.4,20.1,1263500
NEX,20260302,1.12,1.13,1.04,1.05,42196300
NKI,20260302,15.7,15.8,14,14,8700
NKT,20260302,4.2,4.22,4.2,4.2,465000
NL,20260302,0.61,0.63,0.58,0.6,500600
NNCL,20260302,1.52,1.56,1.5,1.53,379700
NOBLE,20260302,2.5,2.6,2.4,2.42,3180100
NOVA,20260302,8.1,8.1,8,8,700
NPK,20260302,17.6,20,15.9,16.2,11300
NRF,20260302,0.22,0.22,0.19,0.19,1809400
NSL,20260302,23.9,24,23.5,23.7,1503800
NTF,20260302,11.1,11.8,10.6,10.8,14649000
NTSC,20260302,6.45,6.9,6.45,6.9,92300
NTV,20260302,23.5,23.5,23.3,23.3,15100
NUT,20260302,4.16,4.16,3.98,3.98,131900
NV,20260302,0.52,0.54,0.51,0.52,57300
NVD,20260302,0.82,0.82,0.82,0.82,1000
NYT,20260302,3.74,3.8,3.72,3.72,10187300
OHTL,20260302,305,305,305,305,100
OKJ,20260302,3.88,3.94,3.82,3.82,1387000
ONEE,20260302,2.84,2.88,2.78,2.78,2393200
ONSENS,20260302,1.19,1.19,1.08,1.12,4846200
OR,20260302,13.1,13.3,12.3,12.4,81166400
ORI,20260302,2,2.06,1.89,1.89,15561500
ORN,20260302,0.79,0.8,0.77,0.8,4938200
OSP,20260302,16.7,17.1,15.9,16.1,36587300
PACO,20260302,1.3,1.3,1.25,1.27,2011800
PAF,20260302,0.69,0.69,0.67,0.69,55300
PANEL,20260302,1.29,1.33,1.28,1.31,33900
PAP,20260302,1.98,2.04,1.96,1.98,145400
PATO,20260302,7.4,7.4,6.9,7,87300
PB,20260302,49.5,49.5,46.75,49.25,6700
PCC,20260302,2.68,2.72,2.68,2.68,771800
PCE,20260302,2.24,2.28,2.24,2.26,617600
PCSGH,20260302,3.08,3.1,3.02,3.04,491300
PDG,20260302,3.02,3.06,3,3.02,142700
PDJ,20260302,1.16,1.16,1.1,1.16,102900
PEACE,20260302,1.8,1.8,1.78,1.79,96000
PEER,20260302,0.08,0.09,0.08,0.09,467400
PERM,20260302,0.17,0.19,0.17,0.19,465200
PF,20260302,0.05,0.05,0.04,0.04,226264200
PG,20260302,6.4,6.4,6.4,6.4,1300
PHG,20260302,12.9,13.3,12.9,13.1,144300
PHOL,20260302,3.04,3.08,3,3.04,463300
PICO,20260302,4.28,4.28,4.28,4.28,800
PIMO,20260302,1.04,1.05,1.03,1.03,649900
PIN,20260302,4.2,4.3,4.12,4.22,2282500
PIS,20260302,3.5,3.56,3.4,3.46,1314700
PJW,20260302,2.2,2.28,2.16,2.28,709300
PK,20260302,0.4,0.43,0.4,0.43,411600
PL,20260302,1.32,1.34,1.32,1.34,74900
PLANB,20260302,4.62,4.66,4.42,4.44,43514000
PLANET,20260302,0.44,0.48,0.44,0.47,491700
PLAT,20260302,1.14,1.15,1.06,1.07,11128400
PLE,20260302,0.17,0.19,0.17,0.18,4342100
PLT,20260302,0.57,0.57,0.55,0.55,819600
PLUS,20260302,1.36,1.41,1.35,1.35,4065800
PM,20260302,12.2,12.5,12.1,12.2,597400
PMC,20260302,0.87,0.88,0.83,0.86,2663400
PMTA,20260302,10.3,10.6,10.2,10.5,14200
POLY,20260302,7.3,7.8,7.25,7.8,20800
POPF,20260302,6.85,6.95,6.8,6.95,395300
PORT,20260302,0.53,0.54,0.52,0.52,315700
PPM,20260302,1.43,1.48,1.3,1.35,96400
PPP,20260302,0.81,0.85,0.81,0.85,4300
PPPM,20260302,0.26,0.27,0.25,0.26,466400
PPS,20260302,0.21,0.21,0.18,0.19,2389000
PQS,20260302,1.56,1.56,1.5,1.53,266700
PR9,20260302,18.5,18.9,18,18,6868900
PRAKIT,20260302,11,11,11,11,10000
PRAPAT,20260302,0.79,0.8,0.76,0.77,1068700
PREB,20260302,4.02,4.02,3.88,3.96,68900
PRECHA,20260302,0.48,0.5,0.48,0.5,21700
PRG,20260302,9.35,9.35,9.1,9.1,8100
PRI,20260302,4.22,4.24,4.16,4.16,1864900
PRIME,20260302,0.06,0.07,0.06,0.06,542400
PRIN,20260302,1.41,1.41,1.4,1.4,1000
PRINC,20260302,1.87,1.88,1.85,1.85,601800
PRM,20260302,8.1,8.25,7.9,7.9,26210500
PROEN,20260302,1.1,1.1,1.06,1.06,3879900
PROS,20260302,0.38,0.4,0.35,0.35,2641700
PROSPECT,20260302,6.9,6.95,6.8,6.95,2343300
PROUD,20260302,1,1.06,0.99,0.99,4678600
PRTR,20260302,3.5,3.56,3.44,3.48,1061500
PSGC,20260302,3.92,3.92,3.5,3.5,1821800
PSH,20260302,3.86,3.9,3.74,3.74,3061100
PSL,20260302,8,8.35,7.9,8.15,17342400
PSP,20260302,4.44,4.48,4.42,4.42,482200
PSTC,20260302,0.25,0.26,0.25,0.25,4931100
PT,20260302,12.2,12.5,12,12.4,938400
PTC,20260302,0.6,0.68,0.6,0.62,34700
PTECH,20260302,1.9,1.9,1.9,1.9,200
PTG,20260302,9.7,9.8,9.25,9.25,30373900
PTL,20260302,8.6,8.6,8.05,8.05,398400
PTT,20260302,37.75,38,36.75,36.75,157966000
PTTEP,20260302,142,143,139,142,52505400
PTTGC,20260302,27.25,28,26.25,26.5,37942700
PYLON,20260302,3.12,3.16,3.06,3.06,2311700
Q-CON,20260302,7.15,7.15,6.9,6.95,229000
QDC,20260302,0.09,0.09,0.08,0.08,1429800
QH,20260302,1.5,1.5,1.41,1.42,53296600
QHBREIT,20260302,3.58,3.64,3.58,3.62,1188200
QHHRREIT,20260302,7.15,7.2,7.05,7.15,1563000
QHOP,20260302,3.02,3.02,2.72,2.84,26400
QLT,20260302,1.44,1.48,1.44,1.47,5600
QTC,20260302,3.6,3.7,3.6,3.62,36200
QTCG,20260302,0.13,0.14,0.13,0.13,1287400
RABBIT,20260302,0.33,0.33,0.28,0.29,41207600
RAM,20260302,19,19,18.7,18.7,252400
RATCH,20260302,30.25,31,30,30.75,7553200
RBF,20260302,3.44,3.82,3.42,3.64,6084500
RCL,20260302,30,33,30,32.75,18925000
READY,20260302,3.1,3.16,3.02,3.12,121000
RICHY,20260302,0.18,0.19,0.17,0.18,32900
RJH,20260302,13.8,14,13.5,13.5,341000
RML,20260302,0.12,0.12,0.11,0.11,878000
ROCK,20260302,11.3,11.3,11,11.3,2600
ROCTEC,20260302,0.61,0.62,0.6,0.6,4206400
ROJNA,20260302,5.2,5.5,5.15,5.35,7330100
RP,20260302,0.58,0.62,0.58,0.6,27800
RPC,20260302,0.31,0.35,0.31,0.32,10265100
RPH,20260302,5.05,5.05,4.98,5.05,504400
RS,20260302,0.17,0.17,0.14,0.15,8343100
RSP,20260302,1.12,1.13,1.08,1.08,412000
RT,20260302,0.28,0.28,0.27,0.28,1987800
RWI,20260302,0.2,0.2,0.19,0.2,1079200
S,20260302,0.59,0.59,0.55,0.55,7873800
S&J,20260302,32,32,32,32,500
S11,20260302,4,4.08,4,4.08,63300
SA,20260302,7.2,7.2,7.05,7.2,20300
SAAM,20260302,4.76,4.84,4.74,4.84,488000
SABINA,20260302,16,16.7,16,16.3,1446800
SAF,20260302,0.34,0.34,0.33,0.34,11000
SAFE,20260302,6.55,6.55,6.3,6.35,113800
SAK,20260302,3.7,3.72,3.58,3.6,4687100
SALEE,20260302,0.37,0.39,0.37,0.38,280400
SAM,20260302,0.15,0.16,0.15,0.15,446600
SAMART,20260302,6.3,6.45,6.2,6.25,2329300
SAMCO,20260302,0.72,0.74,0.71,0.71,42200
SAMTEL,20260302,3.98,3.98,3.94,3.94,12000
SANKO,20260302,0.86,0.88,0.85,0.88,808800
SAPPE,20260302,32.75,33,31.25,32,889200
SAT,20260302,16.2,16.4,16,16.2,3021400
SAUCE,20260302,41.25,41.25,40.25,40.25,28900
SAV,20260302,12,13,11.9,11.9,2079700
SAWAD,20260302,27.25,28.25,26.25,26.5,15443100
SAWANG,20260302,6.6,6.6,6.6,6.6,900
SC,20260302,1.98,2.04,1.95,1.95,21236700
SCAP,20260302,1.14,1.16,1.1,1.11,7697600
SCB,20260302,145.5,147.5,145.5,146,19336700
SCC,20260302,223,223,217,217,11407200
SCCC,20260302,150.5,151.5,149.5,149.5,453000
SCG,20260302,2.54,2.54,2.4,2.46,11300
SCGD,20260302,5.3,5.35,5.1,5.2,1037900
SCGP,20260302,20,20,18.7,19,23222000
SCI,20260302,0.94,0.99,0.94,0.99,62400
SCL,20260302,1.35,1.36,1.31,1.35,1142600
SCM,20260302,0.13,0.14,0.13,0.14,2306600
SCN,20260302,0.39,0.39,0.36,0.36,542300
SCP,20260302,9,9.3,9,9,1499500
SDC,20260302,0.04,0.04,0.03,0.03,16089600
SE,20260302,0.48,0.49,0.46,0.48,971700
SE-ED,20260302,1.65,1.65,1.65,1.65,30100
SEAFCO,20260302,2.48,2.58,2.4,2.4,2427000
SEAOIL,20260302,3.78,4.12,3.7,3.88,10421600
SECURE,20260302,12.7,12.9,12.7,12.7,641100
SEI,20260302,2.38,2.38,2.3,2.32,209800
SELIC,20260302,2.64,2.66,2.58,2.58,46900
SENA,20260302,1.88,1.94,1.87,1.9,1745100
SENX,20260302,0.24,0.24,0.23,0.24,1025400
SFLEX,20260302,3.26,3.36,3.24,3.3,2236900
SFT,20260302,1.78,1.81,1.75,1.76,132600
SGC,20260302,0.95,0.96,0.89,0.89,14261100
SGF,20260302,0.18,0.18,0.16,0.17,1113500
SGP,20260302,7.5,7.65,7.5,7.55,392100
SHANG,20260302,48.25,48.25,47.5,47.5,500
SHR,20260302,1.9,1.92,1.77,1.78,25687600
SIAM,20260302,0.69,0.69,0.68,0.68,167300
SICT,20260302,2.3,2.36,2.3,2.32,578200
SIMAT,20260302,1.16,1.17,1.07,1.07,2417600
SINGER,20260302,5.7,5.8,5.4,5.4,4752900
SINO,20260302,0.88,0.91,0.87,0.89,230500
SIRI,20260302,1.5,1.55,1.5,1.5,162935600
SIRIPRT,20260302,7.4,7.4,7.4,7.4,20000
SIS,20260302,22.9,23.4,22.8,22.8,1515200
SISB,20260302,12.3,12.5,11.9,11.9,8394900
SITHAI,20260302,1.04,1.05,1.03,1.03,715400
SJWD,20260302,8.25,8.65,8.25,8.35,7137300
SK,20260302,0.55,0.55,0.53,0.54,437400
SKE,20260302,0.15,0.16,0.15,0.16,93700
SKIN,20260302,1.27,1.27,1.17,1.18,680200
SKN,20260302,6.85,7.15,6.75,7.05,717900
SKR,20260302,6.75,6.9,6.75,6.8,553700
SKY,20260302,14,14.3,13.1,13.1,3802800
SLP,20260302,0.36,0.37,0.36,0.36,42200
SMART,20260302,0.64,0.64,0.62,0.63,3918700
SMD100,20260302,1.89,1.89,1.8,1.8,649400
SMIT,20260302,3.6,3.62,3.58,3.6,199900
SMO,20260302,3.72,3.86,3.7,3.78,5895400
SMPC,20260302,9.25,9.35,9.25,9.3,238600
SMT,20260302,1.3,1.31,1.2,1.21,2263100
SNC,20260302,6.05,6.05,5.9,5.9,268000
SNNP,20260302,7.2,7.25,7,7.05,4956000
SNP,20260302,9.5,9.5,9.4,9.5,54100
SNPS,20260302,4.76,4.76,4.74,4.76,190900
SO,20260302,4.2,4.2,4.1,4.16,121300
SOLAR,20260302,0.17,0.17,0.16,0.17,956400
SONIC,20260302,1.49,1.49,1.45,1.46,172300
SORKON,20260302,3.8,3.86,3.74,3.78,264200
SPA,20260302,3.62,3.76,3.54,3.56,5611200
SPACK,20260302,1.19,1.2,1.19,1.2,23700
SPALI,20260302,17.5,17.7,17.2,17.3,6898300
SPC,20260302,57.25,57.25,57,57,9800
SPCG,20260302,9,9.2,9,9.05,1370500
SPG,20260302,11.7,11.9,11.6,11.6,25100
SPI,20260302,43.25,43.25,42,42.75,7700
SPRC,20260302,7.9,7.9,7.55,7.7,46841900
SPREME,20260302,1.59,1.59,1.52,1.53,1922300
SPRIME,20260302,3.62,3.64,3.58,3.58,187500
SPTX,20260302,0.01,0.01,0.01,0.01,21802300
SPVI,20260302,2.44,2.46,2.3,2.3,1425300
SQ,20260302,0.29,0.29,0.27,0.28,986200
SR,20260302,0.32,0.32,0.3,0.3,48300
SRICHA,20260302,13.1,13.2,12.7,12.9,868000
SRIPANWA,20260302,5.55,5.55,5.4,5.5,107000
SRS,20260302,1.51,1.6,1.5,1.53,115100
SSF,20260302,5.05,5.05,4.96,4.98,73500
SSP,20260302,3.32,3.38,3.3,3.3,888700
SSPF,20260302,3.24,3.24,3.24,3.24,100
SSSC,20260302,2.22,2.24,2.16,2.2,225100
SST,20260302,1.28,1.29,1.21,1.23,5200
SSTRT,20260302,4.24,4.26,4.22,4.26,87900
STA,20260302,14.1,14.4,13.7,13.7,11054800
STANLY,20260302,205,205,196,201,24500
STARM,20260302,1.03,1.03,1,1.02,113600
STC,20260302,0.32,0.33,0.31,0.32,130000
STECH,20260302,1.04,1.04,1.01,1.02,710900
STECON,20260302,12.6,13,12.2,12.3,37864300
STELLA,20260302,0.15,0.16,0.13,0.14,13186800
STGT,20260302,8.8,8.95,8.65,8.9,4735000
STI,20260302,1.71,1.72,1.67,1.7,29200
STOWER,20260302,0.02,0.03,0.01,0.02,7943600
STP,20260302,11,11.4,10.8,10.9,30900
STPI,20260302,5.5,5.55,5,5,48720800
STX,20260302,1.05,1.1,1.03,1.06,3001500
SUC,20260302,29.25,29.5,28.75,29,306300
SUN,20260302,2.78,2.78,2.68,2.7,1365000
SUPER,20260302,0.11,0.12,0.1,0.11,194889500
SUPEREIF,20260302,5.8,5.8,5.5,5.75,695300
SUSCO,20260302,2.28,2.3,2.18,2.18,3722700
SUTHA,20260302,2.56,2.56,2.4,2.4,10100
SVI,20260302,7.4,7.4,7.35,7.35,1048200
SVOA,20260302,1.68,1.74,1.66,1.67,4552000
SVR,20260302,0.29,0.3,0.28,0.29,235100
SVT,20260302,1.31,1.31,1.28,1.29,712800
SWC,20260302,4.2,4.22,4.12,4.2,17200
SYMC,20260302,4,4.04,3.84,3.84,587300
SYNEX,20260302,9.7,9.95,9.7,9.7,2325300
SYNTEC,20260302,1.79,1.81,1.72,1.72,1091400
TACC,20260302,5.7,5.75,5.6,5.65,9603500
TAE,20260302,0.54,0.55,0.5,0.53,2216400
TAKUNI,20260302,0.34,0.37,0.34,0.35,1519000
TAN,20260302,3.8,3.92,3.8,3.9,148600
TASCO,20260302,13.6,13.8,13.5,13.5,8875700
TATG,20260302,1.02,1.02,0.98,1,247600
TBN,20260302,3.8,3.82,3.72,3.82,22300
TC,20260302,5.3,5.4,5.2,5.4,164800
TCAP,20260302,60,60.5,58.75,58.75,4500500
TCC,20260302,0.29,0.29,0.27,0.28,506400
TCJ,20260302,2.32,2.38,2.3,2.32,18300
TCMC,20260302,0.29,0.31,0.29,0.3,1620300
TEAM,20260302,2.66,2.8,2.6,2.66,1549700
TEAMG,20260302,3.3,3.34,3.1,3.18,10955800
TEGH,20260302,3.14,3.22,3.14,3.16,1374600
TEKA,20260302,1.89,1.89,1.82,1.83,270000
TERA,20260302,0.98,1.03,0.98,1,113300
TFFIF,20260302,6.75,6.75,6.65,6.65,4559400
TFG,20260302,6.35,6.6,6.3,6.6,65323300
TFI,20260302,0.04,0.05,0.03,0.04,6686800
TFM,20260302,6.35,6.4,6.25,6.3,3095000
TFMAMA,20260302,189.5,191.5,188,188,12200
TGE,20260302,1.33,1.4,1.33,1.34,74400
TGH,20260302,10.9,10.9,10.9,10.9,3000
TGPRO,20260302,0.04,0.05,0.03,0.04,48979100
TH,20260302,0.48,0.49,0.46,0.46,3913000
THAI,20260302,6.4,6.55,6.15,6.45,132734300
THANA,20260302,1.53,1.54,1.52,1.53,345300
THANI,20260302,1.74,1.82,1.74,1.77,17175900
THCOM,20260302,11.2,11.7,11.2,11.3,20244600
THE,20260302,0.79,0.8,0.72,0.77,23000
THG,20260302,9,9.15,8.75,8.8,5003300
THIP,20260302,23,23.1,22.9,22.9,14200
THMUI,20260302,0.31,0.33,0.3,0.32,75500
THRE,20260302,0.38,0.38,0.37,0.38,2149000
THREL,20260302,1.13,1.13,1.07,1.1,387700
TIDLOR,20260302,19.3,19.5,18.4,18.4,20349700
TIF1,20260302,7.65,7.65,7.6,7.6,8200
TIGER,20260302,0.25,0.25,0.23,0.23,200300
TIPCO,20260302,7.25,7.35,7.25,7.25,200800
TIPH,20260302,20.5,21.3,20.5,21.2,1281600
TISCO,20260302,114,115,113.5,113.5,5431900
TITLE,20260302,7.95,8.8,7.85,8.15,1838200
TK,20260302,4.3,4.4,4.24,4.28,314700
TKC,20260302,8.35,8.5,8.35,8.45,9200
TKN,20260302,4.24,4.3,4.18,4.18,3660200
TKS,20260302,6.7,6.9,6.55,6.55,607200
TKT,20260302,0.65,0.75,0.65,0.66,52500
TL,20260302,0.39,0.4,0.38,0.4,4152400
TLHPF,20260302,4.98,5,4.96,4.98,68300
TLI,20260302,10.7,11.1,10.6,10.6,14992000
TM,20260302,0.9,0.92,0.87,0.88,568000
TMAN,20260302,12.9,13.1,12.6,12.6,670500
TMC,20260302,0.71,0.71,0.69,0.7,275300
TMD,20260302,27,27.25,26.75,27,38200
TMI,20260302,0.55,0.55,0.52,0.54,829900
TMILL,20260302,2.06,2.06,2.02,2.06,16500
TMT,20260302,2.84,2.88,2.78,2.8,311100
TMW,20260302,61.25,61.25,60,60.5,12000
TNDT,20260302,0.2,0.2,0.18,0.18,430000
TNITY,20260302,2.2,2.78,2.2,2.6,121700
TNP,20260302,2.86,2.9,2.84,2.9,389900
TNPC,20260302,0.78,0.78,0.75,0.76,127500
TNR,20260302,5.55,5.55,5.3,5.3,651300
TOA,20260302,15.6,16.4,15.3,15.7,9499800
TOG,20260302,7.1,7.15,6.9,7.05,219600
TOP,20260302,56.5,56.75,51.75,52.5,35955400
TPA,20260302,2.6,2.6,2.6,2.6,100
TPAC,20260302,9,9.4,9,9.05,115500
TPBI,20260302,3.06,3.1,3.04,3.08,460100
TPCH,20260302,1.65,1.68,1.57,1.57,1815100
TPCS,20260302,10.4,10.4,10.1,10.1,1800
TPIPL,20260302,0.76,0.78,0.76,0.76,37109500
TPIPP,20260302,1.92,1.93,1.87,1.87,7272500
TPL,20260302,0.47,0.49,0.47,0.49,1162400
TPLAS,20260302,0.92,0.92,0.89,0.89,22100
TPOLY,20260302,0.19,0.2,0.18,0.19,1756800
TPP,20260302,12,12,11.3,11.4,9000
TPRIME,20260302,7.35,7.35,7.3,7.35,130700
TPS,20260302,3.28,3.4,3.26,3.32,253000
TQM,20260302,13.8,14,13.4,13.5,2343500
TQR,20260302,5.1,5.2,5.05,5.05,87100
TRC,20260302,0.4,0.41,0.37,0.38,2390200
TRITN,20260302,0.02,0.03,0.02,0.02,6317500
TRP,20260302,4.36,4.36,4.3,4.32,126200
TRT,20260302,3.94,4.04,3.94,3.96,251500
TRU,20260302,3.9,3.9,3.82,3.86,27700
TRUBB,20260302,0.79,0.79,0.7,0.7,4927800
TRUE,20260302,14,14.3,13.8,14,443853700
TSC,20260302,14.6,14.6,14.2,14.2,63100
TSE,20260302,0.42,0.44,0.41,0.41,2034200
TSI,20260302,0.06,0.07,0.06,0.07,707800
TSR,20260302,0.13,0.14,0.12,0.14,508300
TSTE,20260302,10.1,10.1,10,10.1,10400
TSTH,20260302,0.72,0.74,0.7,0.73,6125900
TTA,20260302,4.88,5.4,4.82,5.25,20565200
TTB,20260302,2.3,2.34,2.28,2.3,460491800
TTCL,20260302,0.14,0.16,0.14,0.15,937100
TTLPF,20260302,9.8,9.8,9.7,9.7,428400
TTT,20260302,42,42,42,42,3300
TTW,20260302,9.3,9.5,9.3,9.5,7291100
TU,20260302,11.7,12,11.6,11.6,28318900
TU-PF,20260302,1.27,1.28,1.27,1.28,5100
TURBO,20260302,1.7,1.72,1.66,1.66,36382400
TURTLE,20260302,3.7,3.7,3.68,3.68,400
TVDH,20260302,0.06,0.06,0.05,0.06,41600
TVH,20260302,9.5,9.5,8.9,9.05,108200
TVO,20260302,24.4,25.25,24.3,24.6,2468400
TVT,20260302,0.24,0.26,0.24,0.24,116200
TWP,20260302,1.15,1.15,1.13,1.13,1600
TWPC,20260302,2.8,2.86,2.78,2.82,264400
TWZ,20260302,0.02,0.02,0.01,0.02,14075900
TYCN,20260302,1.76,1.76,1.76,1.76,2000
UAC,20260302,2.72,2.76,2.72,2.72,122000
UBA,20260302,1.05,1.07,1.03,1.06,786800
UBE,20260302,0.44,0.45,0.44,0.44,1605500
UBIS,20260302,1.1,1.18,1.08,1.1,163600
UEC,20260302,0.67,0.68,0.66,0.68,40500
UKEM,20260302,0.59,0.61,0.58,0.58,7078000
UMI,20260302,0.74,0.75,0.69,0.69,445300
UNIQ,20260302,2.94,2.94,2.8,2.88,4365000
UP,20260302,22.1,22.1,22,22,1000
UPF,20260302,22.2,22.2,21.8,21.8,1400
UPOIC,20260302,6.55,6.55,6.45,6.45,14600
UREKA,20260302,0.34,0.34,0.3,0.31,9969900
UTP,20260302,7.7,7.75,7.55,7.6,549500
UV,20260302,0.87,0.88,0.84,0.84,855000
UVAN,20260302,14.2,14.8,14.1,14.7,2207000
VARO,20260302,4.34,4.4,4.3,4.3,43900
VCOM,20260302,3.38,3.5,3.36,3.46,1999300
VGI,20260302,1.1,1.12,1.02,1.02,199856600
VIBHA,20260302,1.4,1.41,1.39,1.4,1591300
VIH,20260302,8.9,9.1,8.9,9.1,354500
VL,20260302,0.81,0.88,0.8,0.85,1529500
VNG,20260302,1.97,1.97,1.93,1.93,141000
VPO,20260302,0.42,0.44,0.42,0.43,1049200
VRANDA,20260302,4.56,4.56,4.42,4.46,382700
VS,20260302,0.28,0.32,0.28,0.28,7600
WACOAL,20260302,17,17,16.9,16.9,200
WARRIX,20260302,1.95,1.95,1.84,1.85,987600
WASH,20260302,5.2,5.8,5.2,5.35,5876100
WAVE,20260302,0.02,0.03,0.02,0.03,18994100
WFX,20260302,0.72,0.79,0.72,0.77,891000
WGE,20260302,0.83,0.83,0.79,0.79,480500
WHA,20260302,4.18,4.26,4.08,4.12,254497500
WHABT,20260302,5.7,5.75,5.7,5.7,58600
WHAIR,20260302,6.95,7,6.8,6.9,2244300
WHART,20260302,11,11.1,10.8,10.8,2036000
WHAUP,20260302,4.94,4.94,4.64,4.64,15121900
WICE,20260302,2.66,2.74,2.54,2.58,2194200
WIIK,20260302,0.92,0.93,0.9,0.91,1340400
WIN,20260302,0.3,0.3,0.26,0.28,2535000
WINDOW,20260302,0.73,0.77,0.73,0.77,24100
WINMED,20260302,0.99,1.04,0.99,0.99,45400
WINNER,20260302,2.18,2.22,2.16,2.22,337200
WORK,20260302,3.78,3.8,3.68,3.68,177300
WP,20260302,3.72,3.78,3.72,3.72,181500
WPH,20260302,7.55,7.55,7.25,7.35,1207800
XBIO,20260302,0.05,0.06,0.05,0.05,74521300
XO,20260302,14.3,14.5,14.1,14.2,954900
XPG,20260302,0.49,0.5,0.47,0.48,41842500
XYZ,20260302,0.38,0.38,0.36,0.37,473700
YGG,20260302,0.22,0.23,0.2,0.22,4765700
YONG,20260302,0.75,0.76,0.73,0.73,930700
YUASA,20260302,14.5,14.8,14.5,14.7,142900
ZAA,20260302,1.52,1.52,1.3,1.41,115600
ZEN,20260302,5.85,5.85,5.5,5.55,266500
ZIGA,20260302,0.94,0.94,0.85,0.85,5303300
3BBIF-O,20260302,6.6,6.8,6.6,6.6,831
88TH-O,20260302,5.1,5.3,5.1,5.2,160
AAI-O,20260302,4.06,4.16,3.96,4,619
AAV-O,20260302,1.3,1.3,1.15,1.15,2296
ACC-O,20260302,0.41,0.41,0.41,0.41,14
ACE-O,20260302,1.29,1.29,1.28,1.29,139
ADVANC-O,20260302,380,381,367,368,23282
ADVICE-O,20260302,5.85,5.85,5.65,5.7,159
AE-O,20260302,0.09,0.09,0.08,0.08,93
AEONTS-O,20260302,97,97.25,94,94,2621
AGE-O,20260302,1.12,1.12,1.12,1.12,40
AH-O,20260302,14.6,14.7,14.5,14.5,32
AHC-O,20260302,13.6,13.6,13,13,41
AI-O,20260302,3.02,3.12,3.02,3.08,22
AIE-O,20260302,1.08,1.14,1.08,1.08,121
AIMCG-O,20260302,1.37,1.45,1.35,1.44,89
AIMIRT-O,20260302,11.4,13.4,11.2,11.3,106
AIRA-O,20260302,1.11,1.11,1.11,1.11,52
AIT-O,20260302,4.96,4.98,4.96,4.98,115
AJ-O,20260302,1.7,1.7,1.64,1.65,35
AJA-O,20260302,0.18,0.18,0.18,0.18,8
AKR-O,20260302,0.89,0.89,0.89,0.89,1
AKS-O,20260302,0.01,0.02,0.01,0.01,451
ALLA-O,20260302,1.2,1.22,1.2,1.22,39
ALLY-O,20260302,4.42,4.42,4.4,4.42,61
ALPHAX-O,20260302,0.46,0.46,0.45,0.45,100
ALT-O,20260302,1.08,1.08,1,1,116
ALUCON-O,20260302,201,201,201,201,1
AMA-O,20260302,4.2,4.2,4.2,4.2,128
AMANAH-O,20260302,0.76,0.76,0.73,0.73,112
AMARC-O,20260302,3.44,3.46,3.42,3.42,146
AMARIN-O,20260302,2.68,2.68,2.68,2.68,19
AMATA-O,20260302,18.8,19.2,18,18.4,1880
AMATAR-O,20260302,6.7,6.7,6.7,6.7,20
AMATAV-O,20260302,2.22,2.24,2.22,2.24,39
AMC-O,20260302,2.12,2.12,2.12,2.12,1
AMR-O,20260302,0.38,0.38,0.37,0.38,28
ANI-O,20260302,2.84,2.84,2.84,2.84,1
AOT-O,20260302,54.5,54.5,51.5,52,7213
AP-O,20260302,9.15,9.25,8.8,8.8,2644
APCO-O,20260302,2.78,2.78,2.78,2.78,6
APO-O,20260302,1.83,1.98,1.82,1.9,250
APP-O,20260302,2.64,2.64,2.64,2.64,42
AQUA-O,20260302,0.15,0.15,0.15,0.15,4
ARIN-O,20260302,0.57,0.57,0.57,0.57,30
AS-O,20260302,2.96,2.96,2.88,2.88,73
ASEFA-O,20260302,4.02,4.14,4.02,4.14,42
ASIAN-O,20260302,7.45,7.55,7.4,7.4,200
ASK-O,20260302,9.35,9.35,9,9.1,101
ASP-O,20260302,2.34,2.34,2.2,2.2,129
ASW-O,20260302,7.65,8,7.6,7.6,496
ATLAS-O,20260302,2.22,2.22,1.84,1.84,208
AU-O,20260302,5.05,5.1,4.98,4.98,435
AUCT-O,20260302,5.4,5.5,5.25,5.25,100
AURA-O,20260302,15.3,15.3,14.3,14.3,1024
AWC-O,20260302,2.36,2.4,2.26,2.26,1626
AXTRART-O,20260302,13.2,13.2,13.1,13.1,96
AYUD-O,20260302,37.5,38.75,37.5,37.75,36
B-O,20260302,0.04,0.04,0.03,0.03,128
B-WORK-O,20260302,5.6,5.6,5.55,5.55,2
BA-O,20260302,16.4,16.5,15.8,15.8,3414
BAFS-O,20260302,9.4,9.4,9.15,9.15,317
BAM-O,20260302,7.4,7.45,7.2,7.2,1630
BANPU-O,20260302,5.6,5.7,5.55,5.55,1466
BAREIT-O,20260302,11.2,11.3,11.2,11.2,45
BAY-O,20260302,26,26.5,26,26.25,350
BBGI-O,20260302,3.22,3.4,2.88,3.34,257
BBIK-O,20260302,22,22,21,21.1,693
BBL-O,20260302,174,176.5,172,174.5,3380
BCH-O,20260302,10.7,11.9,10.2,10.2,2805
BCP-O,20260302,38,38,36.25,36.25,2606
BCPG-O,20260302,7.8,8.05,7.7,7.7,1759
BCT-O,20260302,49,49,48.5,48.5,101
BDMS-O,20260302,21,21.7,20.8,20.8,15775
BE8-O,20260302,6,6,5.75,5.75,184
BEAUTY-O,20260302,0.38,0.38,0.36,0.36,170
BEC-O,20260302,2.1,2.1,2.06,2.06,16
BEM-O,20260302,5.85,6.3,5.85,6,2223
BGC-O,20260302,4.44,4.58,4.32,4.38,39
BGRIM-O,20260302,14.2,14.3,13.4,13.4,3584
BGT-O,20260302,0.38,0.38,0.38,0.38,1
BH-O,20260302,196,198,185,186,18240
BIS-O,20260302,1.95,2.1,1.95,2.1,3
BIZ-O,20260302,5.25,5.25,5.2,5.2,117
BJC-O,20260302,15.7,15.8,15.1,15.1,2115
BKA-O,20260302,0.77,0.77,0.77,0.77,9
BKD-O,20260302,1.24,1.25,1.24,1.25,9
BKGI-O,20260302,1.47,1.47,1.41,1.42,105
BKIH-O,20260302,312,314,311,312,122
BLA-O,20260302,21.3,24.2,20.9,20.9,520
BLAND-O,20260302,0.47,0.47,0.47,0.47,10
BLC-O,20260302,3.92,3.92,3.92,3.92,61
BM-O,20260302,1.04,1.04,1.03,1.03,192
BOL-O,20260302,5,5.5,4,5.05,85
BPP-O,20260302,11.8,11.9,11.8,11.8,115
BPS-O,20260302,0.41,0.41,0.41,0.41,1
BRI-O,20260302,1.49,1.49,1.43,1.43,9
BRR-O,20260302,3.9,3.92,3.9,3.92,22
BRRGIF-O,20260302,3.88,3.88,3.86,3.86,34
BSBM-O,20260302,0.56,0.58,0.55,0.58,4
BTC-O,20260302,0.21,0.23,0.21,0.21,273
BTG-O,20260302,21.4,21.7,21.3,21.3,865
BTNC-O,20260302,19.9,19.9,19.9,19.9,17
BTS-O,20260302,2.3,2.3,2.2,2.2,4621
BTSGIF-O,20260302,2.56,2.58,2.54,2.58,55
BUI-O,20260302,13.1,13.4,13.1,13.3,73
BWG-O,20260302,0.31,0.31,0.31,0.31,74
BYD-O,20260302,0.63,0.63,0.57,0.57,335
CBG-O,20260302,44.5,45,41.5,42,2878
CCET-O,20260302,5.2,5.3,5.15,5.15,1501
CCP-O,20260302,0.28,0.28,0.28,0.28,64
CENTEL-O,20260302,37.5,38,36.5,36.5,1208
CFARM-O,20260302,0.74,0.74,0.74,0.74,48
CFRESH-O,20260302,0.78,0.78,0.71,0.71,46
CGD-O,20260302,0.12,0.12,0.12,0.12,16
CHAO-O,20260302,5.4,5.9,4.54,4.54,12
CHASE-O,20260302,0.5,0.5,0.48,0.49,17
CHAYO-O,20260302,1.18,1.18,1.11,1.11,819
CHEWA-O,20260302,0.15,0.15,0.15,0.15,80
CHG-O,20260302,1.59,1.62,1.57,1.57,2494
CHO-O,20260302,0.05,0.06,0.05,0.05,120
CIVIL-O,20260302,0.92,0.92,0.92,0.92,10
CK-O,20260302,17,17.2,16.8,16.8,464
CKP-O,20260302,2.44,2.64,2.44,2.48,318
CM-O,20260302,1.65,1.66,1.64,1.64,96
CMAN-O,20260302,2.56,2.7,2.56,2.7,21
CMO-O,20260302,0.61,0.71,0.61,0.71,252
CMR-O,20260302,1.46,1.46,1.43,1.43,5
CNT-O,20260302,1.11,1.11,1.11,1.11,1
COCOCO-O,20260302,5.75,5.85,5.75,5.75,258
COLOR-O,20260302,1,1,1,1,26
COM7-O,20260302,23.5,23.9,23.2,23.2,1751
CPALL-O,20260302,50.75,51.5,50,50.25,16992
CPAXT-O,20260302,16.4,17.2,16.3,16.5,5540
CPF-O,20260302,21,21,20.5,20.5,4849
CPH-O,20260302,9.5,9.5,9.2,9.2,14
CPI-O,20260302,3.64,3.64,3.56,3.56,100
CPL-O,20260302,0.66,0.66,0.63,0.63,70
CPN-O,20260302,67.75,69,67,67,2064
CPNCG-O,20260302,6.25,6.25,6.25,6.25,8
CPNREIT-O,20260302,12,12.1,11.9,11.9,1245
CPT-O,20260302,1,1,1,1,1
CPTREIT-O,20260302,5.75,5.75,5.75,5.75,6
CRC-O,20260302,19.9,20.4,19.3,19.8,2274
CREDIT-O,20260302,18.5,18.9,17.8,17.8,238
CSC-O,20260302,45.75,45.75,45.25,45.75,31
CSR-O,20260302,65,65,65,65,20
CSS-O,20260302,0.77,0.77,0.77,0.77,1
CWT-O,20260302,0.9,0.9,0.88,0.88,12
D-O,20260302,2.9,2.94,2.86,2.86,97
DCC-O,20260302,1.23,1.28,1.22,1.22,231
DCON-O,20260302,0.23,0.23,0.23,0.23,4
DDD-O,20260302,6.1,6.1,6.1,6.1,6
DELTA-O,20260302,269,292,269,272,29618
DEMCO-O,20260302,2.38,2.38,2.38,2.38,3
DHOUSE-O,20260302,0.38,0.38,0.38,0.38,5
DIF-O,20260302,9.6,9.6,9.45,9.5,1465
DITTO-O,20260302,12.3,12.3,11.7,11.7,290
DMT-O,20260302,11.2,11.3,11.1,11.2,409
DOD-O,20260302,1.93,1.93,1.86,1.9,187
DOHOME-O,20260302,3.84,3.84,3.6,3.6,1236
DPAINT-O,20260302,0.76,0.76,0.72,0.72,14
DREIT-O,20260302,5,6,5,6,58
DRT-O,20260302,5,5.1,4.88,4.88,724
DTCENT-O,20260302,0.95,0.95,0.92,0.92,176
DTCI-O,20260302,19,19,18.2,18.2,19
DUSIT-O,20260302,11.3,11.3,11,11,323
DV8-O,20260302,4.4,4.48,4.4,4.42,91
EA-O,20260302,2.9,2.98,2.66,2.68,3677
EAST-O,20260302,0.73,0.73,0.73,0.73,15
EASTW-O,20260302,2.74,2.8,2.74,2.76,80
ECF-O,20260302,0.05,0.06,0.05,0.06,48
EFORL-O,20260302,0.14,0.14,0.13,0.13,92
EGATIF-O,20260302,6.2,6.2,6.15,6.2,74
EGCO-O,20260302,121.5,121.5,118.5,119,2554
EKH-O,20260302,5.1,5.2,4.98,5.05,331
EMC-O,20260302,0.03,0.03,0.02,0.02,14
EMPIRE-O,20260302,0.68,0.69,0.65,0.65,66
EPG-O,20260302,3.8,3.84,3.7,3.7,204
ERW-O,20260302,3.08,3.08,2.94,2.94,949
ETC-O,20260302,0.61,0.61,0.58,0.58,53
FE-O,20260302,180,180,180,180,1
FLOYD-O,20260302,0.89,0.89,0.81,0.81,82
FM-O,20260302,3.86,3.86,3.8,3.8,100
FMT-O,20260302,22.3,22.7,22.3,22.7,54
FORTH-O,20260302,8.15,8.15,7.6,7.6,94
FPT-O,20260302,6.6,6.6,6.45,6.45,27
FSMART-O,20260302,6.9,6.9,6.6,6.7,336
FTE-O,20260302,1.93,1.93,1.93,1.93,40
FTI-O,20260302,1.67,1.67,1.66,1.66,2
FTREIT-O,20260302,11.7,12,11.4,11.4,520
FUTURERT-O,20260302,9.2,9.2,9.2,9.2,15
FVC-O,20260302,0.43,0.43,0.41,0.41,30
GABLE-O,20260302,3.88,4,3.88,4,17
GBX-O,20260302,0.6,0.6,0.59,0.59,16
GC-O,20260302,4.5,4.5,4.46,4.48,32
GCAP-O,20260302,0.27,0.27,0.27,0.27,55
GENCO-O,20260302,0.25,0.25,0.25,0.25,10
GFC-O,20260302,2.98,2.98,2.9,2.9,47
GFPT-O,20260302,9.8,9.8,9.55,9.65,338
GLOBAL-O,20260302,7.4,7.5,7.25,7.25,534
GPI-O,20260302,1.68,2.1,1.68,2.1,90
GPSC-O,20260302,40.25,40.25,38.25,38.25,3583
GRAMMY-O,20260302,4.14,4.14,4.12,4.12,26
GRAND-O,20260302,0.04,0.04,0.04,0.04,99
GREEN-O,20260302,0.61,0.61,0.61,0.61,34
GULF-O,20260302,62,62,56.5,57.5,34752
GUNKUL-O,20260302,2.32,2.34,2.22,2.22,1359
GVREIT-O,20260302,6.6,6.6,6.55,6.55,30
GYT-O,20260302,207,208,207,208,50
HANA-O,20260302,18.4,19.6,18.4,19.2,2868
HANN-O,20260302,1.06,1.07,1.04,1.04,182
HARN-O,20260302,2.02,2.04,2.02,2.04,11
HENG-O,20260302,0.98,0.98,0.94,0.95,81
HFT-O,20260302,4.18,4.18,4.18,4.18,85
HL-O,20260302,7.05,7.05,7,7,2
HMPRO-O,20260302,7.15,7.25,7,7,1905
HTC-O,20260302,15.8,16.1,15.5,15.8,375
HTECH-O,20260302,2.84,2.84,2.74,2.76,124
HUMAN-O,20260302,5.3,5.3,5.25,5.25,5
I2-O,20260302,0.67,0.67,0.55,0.55,5
ICC-O,20260302,24.5,24.5,24.5,24.5,8
ICHI-O,20260302,14.7,15,14.4,14.4,4954
ICN-O,20260302,1.82,1.84,1.82,1.82,15
IDG-O,20260302,1.67,1.67,1.67,1.67,40
IFS-O,20260302,2.78,2.78,2.08,2.08,47
IIG-O,20260302,1.4,1.4,1.38,1.38,78
III-O,20260302,4.04,4.04,3.98,3.98,179
ILINK-O,20260302,4.82,4.86,4.76,4.8,227
ILM-O,20260302,14.3,14.6,14.2,14.4,77
IMPACT-O,20260302,11.1,11.1,11.1,11.1,99
IND-O,20260302,1.26,1.26,1.17,1.17,169
INET-O,20260302,3.96,3.96,3.8,3.8,405
INETREIT-O,20260302,12.8,12.8,12.4,12.5,2537
INOX-O,20260302,0.39,0.39,0.39,0.39,7
INSET-O,20260302,2.72,2.72,2.62,2.64,153
IP-O,20260302,4.1,4.14,4.08,4.12,296
IRC-O,20260302,11.5,11.7,11.5,11.7,150
IRCP-O,20260302,0.27,0.28,0.27,0.28,40
IROYAL-O,20260302,5.85,5.85,5.6,5.6,23
IRPC-O,20260302,1.38,1.38,1.32,1.32,1501
ITC-O,20260302,16.1,16.3,15.4,15.4,1999
ITD-O,20260302,0.23,0.23,0.21,0.21,307
ITEL-O,20260302,1.33,1.33,1.26,1.26,182
ITNS-O,20260302,1.81,1.81,1.6,1.81,75
IVL-O,20260302,22,22,20.8,20.8,2775
J-O,20260302,0.63,0.63,0.63,0.63,33
JAS-O,20260302,1.27,1.27,1.21,1.21,1110
JCK-O,20260302,0.13,0.14,0.12,0.14,74
JCT-O,20260302,83.75,83.75,83.75,83.75,1
JDF-O,20260302,1.97,1.97,1.97,1.97,1
JMART-O,20260302,7.55,7.6,6.9,6.9,999
JMT-O,20260302,10.3,10.8,9.7,9.7,1779
JPARK-O,20260302,3.2,3.2,3.04,3.04,102
JR-O,20260302,1.75,1.75,1.75,1.75,1
JSP-O,20260302,1.93,1.93,1.93,1.93,5
JTS-O,20260302,82.25,83.5,64.25,64.25,6917
JUBILE-O,20260302,7.35,7.35,7.35,7.35,35
KAMART-O,20260302,10,10,9.05,9.05,160
KASET-O,20260302,0.61,0.61,0.61,0.61,5
KBANK-O,20260302,198,201,197,198.5,7175
KBS-O,20260302,6.1,6.1,6,6,100
KBSPIF-O,20260302,8.25,8.4,8.25,8.3,54
KC-O,20260302,0.01,0.01,0.01,0.01,1
KCAR-O,20260302,4.96,5,4.96,5,132
KCC-O,20260302,2.36,2.36,2.36,2.36,2
KCE-O,20260302,19.2,19.3,18.3,18.4,2937
KCG-O,20260302,9.7,9.85,9.7,9.85,43
KCM-O,20260302,0.17,0.17,0.17,0.17,1
KDH-O,20260302,88.75,88.75,88.5,88.75,4
KGI-O,20260302,4.46,4.46,4.4,4.4,99
KIAT-O,20260302,0.35,0.35,0.34,0.34,24
KISS-O,20260302,3.5,3.5,3.5,3.5,11
KJL-O,20260302,5.9,5.9,5.85,5.85,25
KK-O,20260302,0.99,0.99,0.72,0.98,101
KKP-O,20260302,76,77.75,75.5,75.5,7952
KLINIQ-O,20260302,25.5,25.5,24.9,25.25,92
KOOL-O,20260302,0.29,0.29,0.29,0.29,3
KSL-O,20260302,1.33,1.67,1.25,1.27,300
KTB-O,20260302,34,34.5,33.75,34,13417
KTC-O,20260302,32,32.75,31.5,31.5,3736
KTIS-O,20260302,1.9,1.9,1.9,1.9,4
KWC-O,20260302,281,281,281,281,1
KWM-O,20260302,0.92,0.92,0.92,0.92,10
L&E-O,20260302,1.09,1.09,1.09,1.09,2
LANNA-O,20260302,15,15.1,14.7,14.8,1110
LEE-O,20260302,2.72,2.72,2.72,2.72,1
LEO-O,20260302,1.94,1.94,1.93,1.93,17
LH-O,20260302,4.36,4.36,4.02,4.02,5562
LHFG-O,20260302,1,1.1,1,1,363
LHHOTEL-O,20260302,13.7,13.8,13.6,13.6,245
LHK-O,20260302,3.44,3.44,3.42,3.42,157
LHSC-O,20260302,14.3,15,14.1,15,267
LOXLEY-O,20260302,1.48,1.5,1.48,1.5,37
LPH-O,20260302,3.74,3.74,3.74,3.74,2
LPN-O,20260302,1.59,1.6,1.59,1.59,66
LTS-O,20260302,2.4,2.4,2.3,2.3,101
M-CHAI-O,20260302,21.1,21.1,20.9,20.9,61
M-O,20260302,21.7,21.9,21,21,1475
MAGURO-O,20260302,23.2,23.3,22.9,22.9,239
MAJOR-O,20260302,7.8,7.95,7.7,7.85,138
MALEE-O,20260302,4.6,4.8,4.56,4.74,349
MANRIN-O,20260302,20,20,20,20,20
MASTEC-O,20260302,1.24,1.24,1.24,1.24,15
MASTER-O,20260302,10.4,10.7,9.95,9.95,459
MATI-O,20260302,3.34,3.34,3.34,3.34,4
MBAX-O,20260302,1.79,1.79,1.78,1.78,49
MBK-O,20260302,20,20.2,19.5,19.5,313
MC-O,20260302,11.5,11.8,11.4,11.4,1403
MCOT-O,20260302,6.35,6.45,6.35,6.45,130
MCS-O,20260302,9.5,9.8,9.4,9.4,113
MDX-O,20260302,2.62,2.62,2.5,2.5,110
MEB-O,20260302,14.4,14.4,14.3,14.4,11
MEDEZE-O,20260302,6.55,6.7,6.55,6.7,173
MEGA-O,20260302,35.75,36,34.75,34.75,1314
META-O,20260302,0.05,0.05,0.05,0.05,68
METCO-O,20260302,272,274,271,272,217
MFC-O,20260302,23.8,23.8,23.8,23.8,40
MFEC-O,20260302,5.85,5.85,5.85,5.85,20
MGI-O,20260302,5.75,7.85,5.65,5.65,272
MGT-O,20260302,1.79,1.79,1.79,1.79,3
MICRO-O,20260302,0.97,0.97,0.97,0.97,10
MII-O,20260302,4.96,4.96,4.96,4.96,1
MILL-O,20260302,0.05,0.05,0.05,0.05,82
MINT-O,20260302,24.2,27,23.5,24,3182
MITSIB-O,20260302,0.55,0.56,0.55,0.56,37
MJLF-O,20260302,5.2,5.25,5.2,5.25,39
MK-O,20260302,0.53,0.53,0.52,0.52,32
MMM-O,20260302,2.82,2.84,2.82,2.82,262
MONO-O,20260302,0.96,0.96,0.93,0.93,268
MOONG-O,20260302,2.24,2.24,2.24,2.24,79
MORE-O,20260302,0.04,0.05,0.04,0.05,34
MOSHI-O,20260302,37.25,37.25,36,36.5,431
MPJ-O,20260302,4,4,4,4,110
MRDIYT-O,20260302,9.3,9.3,9,9,770
MSC-O,20260302,7.6,7.6,7.5,7.5,59
MST-O,20260302,7.15,7.15,6.95,6.95,12
MTC-O,20260302,35.25,35.75,34,35.5,1410
MTI-O,20260302,15.7,17.6,15.5,15.6,473
MTW-O,20260302,0.83,0.83,0.83,0.83,57
MUD-O,20260302,0.65,0.7,0.64,0.7,67
MVP-O,20260302,0.11,0.11,0.1,0.1,41
NC-O,20260302,2.06,2.06,1.99,2,43
NCAP-O,20260302,2.8,2.8,2.68,2.68,187
NCL-O,20260302,0.21,0.21,0.21,0.21,28
NDR-O,20260302,1.45,1.46,1.44,1.46,58
NEO-O,20260302,21.9,22,21.3,21.3,291
NEP-O,20260302,0.21,0.21,0.21,0.21,1
NER-O,20260302,4.82,4.98,4.78,4.9,1183
NETBAY-O,20260302,19.4,20.9,19.4,20.9,197
NEX-O,20260302,1.11,1.11,1.08,1.08,169
NKI-O,20260302,14,14.5,14,14.1,31
NKT-O,20260302,4.22,4.22,4.22,4.22,6
NL-O,20260302,0.59,0.59,0.58,0.58,27
NNCL-O,20260302,1.56,1.56,1.53,1.53,119
NOBLE-O,20260302,2.56,2.56,2.44,2.44,262
NPK-O,20260302,16.2,19,11.6,11.6,4
NRF-O,20260302,0.21,0.21,0.18,0.18,32
NSL-O,20260302,23.9,24,23.6,24,232
NTF-O,20260302,11.2,11.6,10.8,10.8,643
NTSC-O,20260302,6.5,6.5,6.5,6.5,79
NTV-O,20260302,23.9,23.9,23.9,23.9,10
NUT-O,20260302,3.98,3.98,3.98,3.98,1
NV-O,20260302,0.54,0.54,0.53,0.53,35
NYT-O,20260302,3.78,3.9,3.72,3.72,771
OKJ-O,20260302,3.92,3.98,3.84,3.84,776
ONEE-O,20260302,2.84,2.88,2.76,2.82,776
OR-O,20260302,13.3,13.7,12.3,12.4,18158
ORI-O,20260302,2.04,2.04,1.91,1.91,840
OSP-O,20260302,16.8,17,16.1,16.1,3893
PACO-O,20260302,1.29,1.29,1.27,1.27,105
PAP-O,20260302,1.98,1.98,1.98,1.98,4
PATO-O,20260302,7.2,7.2,7.05,7.05,46
PB-O,20260302,49.25,49.5,49,49.25,155
PCC-O,20260302,2,2.7,2,2.7,119
PCSGH-O,20260302,3.08,3.1,3.04,3.04,134
PDJ-O,20260302,1.12,1.12,1.12,1.12,4
PEACE-O,20260302,1.78,1.78,1.78,1.78,1
PEER-O,20260302,0.08,0.08,0.07,0.07,63
PF-O,20260302,0.05,0.05,0.05,0.05,99
PHOL-O,20260302,3.04,3.04,3.02,3.04,172
PICO-O,20260302,4.22,4.22,3,3,25
PIMO-O,20260302,1.05,1.05,1.04,1.04,42
PIN-O,20260302,4.24,4.28,4.24,4.24,193
PIS-O,20260302,3.44,3.44,3.44,3.44,2
PJW-O,20260302,2.16,2.22,2.16,2.16,106
PLANB-O,20260302,4.66,4.66,4.48,4.48,691
PLANET-O,20260302,0.45,0.45,0.45,0.45,1
PLAT-O,20260302,1.14,1.14,1.1,1.1,100
PLE-O,20260302,0.19,0.19,0.19,0.19,19
PLUS-O,20260302,1.38,1.38,1.38,1.38,2
PM-O,20260302,12.2,12.5,12.2,12.2,222
PMC-O,20260302,0.83,0.88,0.83,0.86,149
POLY-O,20260302,7.55,7.55,7.55,7.55,1
POPF-O,20260302,6.75,6.9,6.75,6.9,70
PORT-O,20260302,0.58,0.58,0.52,0.52,79
PR9-O,20260302,18.5,20,18.1,18.1,2634
PRAPAT-O,20260302,0.79,0.79,0.79,0.79,2
PREB-O,20260302,3.94,3.94,3.94,3.94,5
PRG-O,20260302,9.2,9.2,9.1,9.1,84
PRI-O,20260302,4.22,4.22,4.22,4.22,3
PRM-O,20260302,8,9.6,8,8.05,543
PROSPECT-O,20260302,6.9,6.95,6.85,6.9,263
PSGC-O,20260302,3.76,3.86,3.54,3.68,562
PSH-O,20260302,3.86,3.86,3.78,3.78,225
PSL-O,20260302,7.85,8.3,7.85,8.15,769
PSTC-O,20260302,0.26,0.26,0.26,0.26,10
PT-O,20260302,12.2,12.5,12.2,12.3,697
PTG-O,20260302,9.85,9.85,9.35,9.35,2606
PTL-O,20260302,8.6,8.6,8.2,8.2,57
PTT-O,20260302,37.75,38,37,37.5,23959
PTTEP-O,20260302,140.5,144,139,142.5,21230
PTTGC-O,20260302,27,28,26.5,27,2157
PYLON-O,20260302,3.06,3.12,3.06,3.12,58
Q-CON-O,20260302,7.15,7.15,7.05,7.05,41
QH-O,20260302,1.48,1.49,1.43,1.43,1953
QHBREIT-O,20260302,3.64,3.64,3.62,3.62,93
QHHRREIT-O,20260302,7.15,7.15,7.1,7.1,43
QTCG-O,20260302,0.13,0.13,0.13,0.13,20
RABBIT-O,20260302,0.32,0.32,0.3,0.3,47
RAM-O,20260302,18.7,18.9,18.7,18.9,16
RATCH-O,20260302,31,31,30.25,30.5,1368
RBF-O,20260302,4,4.6,3.52,3.52,137
RCL-O,20260302,30.25,33,30.25,32.25,2151
READY-O,20260302,3.12,3.12,3.12,3.12,21
RJH-O,20260302,13.7,14,13.6,13.6,182
ROCK-O,20260302,11,11.3,11,11.3,4
ROCTEC-O,20260302,0.6,0.6,0.6,0.6,72
ROJNA-O,20260302,5.3,5.45,5.2,5.4,143
RP-O,20260302,0.61,0.61,0.61,0.61,5
RPC-O,20260302,0.34,0.34,0.32,0.33,285
RPH-O,20260302,5.05,5.05,5,5,45
RS-O,20260302,0.17,0.17,0.16,0.16,20
RSP-O,20260302,1.12,1.12,1.12,1.12,54
S-O,20260302,0.58,0.58,0.57,0.57,116
S11-O,20260302,4.04,4.04,4.04,4.04,3
SABINA-O,20260302,16.5,16.7,16.3,16.4,481
SAF-O,20260302,0.44,0.44,0.44,0.44,1
SAFE-O,20260302,6.7,6.7,6.45,6.45,7
SAK-O,20260302,3.7,3.7,3.22,3.6,75
SALEE-O,20260302,0.39,0.39,0.39,0.39,1
SAMART-O,20260302,6.25,6.25,6.25,6.25,14
SAMCO-O,20260302,0.74,0.74,0.74,0.74,2
SANKO-O,20260302,0.87,0.87,0.87,0.87,43
SAPPE-O,20260302,32.25,32.75,31.75,31.75,547
SAT-O,20260302,16.1,17,16.1,16.2,894
SAUCE-O,20260302,41.25,41.5,40.5,40.5,139
SAV-O,20260302,12.3,12.5,12.1,12.1,177
SAWAD-O,20260302,28,28,26.5,26.5,2323
SAWANG-O,20260302,5.1,5.1,5.1,5.1,1
SC-O,20260302,2.04,2.06,1.98,1.99,330
SCAP-O,20260302,1.13,1.13,1.11,1.11,95
SCB-O,20260302,146,148,145.5,146.5,34374
SCC-O,20260302,211,222,211,218,2333
SCCC-O,20260302,150.5,152.5,150,150.5,562
SCG-O,20260302,2.5,2.5,2.48,2.48,60
SCGD-O,20260302,5.3,5.35,5.1,5.15,281
SCGP-O,20260302,19.8,20.6,18.8,18.8,2184
SCL-O,20260302,1.34,1.34,1.31,1.31,44
SCM-O,20260302,0.13,0.13,0.13,0.13,60
SCP-O,20260302,9.2,9.25,9,9,334
SDC-O,20260302,0.03,0.03,0.03,0.03,191
SE-O,20260302,0.48,0.48,0.46,0.46,15
SEAFCO-O,20260302,2.62,2.64,2.44,2.44,300
SEAOIL-O,20260302,3.88,4.06,3.74,3.88,2031
SECURE-O,20260302,13.5,13.5,13.5,13.5,10
SELIC-O,20260302,2.6,2.6,2.6,2.6,56
SENA-O,20260302,1.87,1.93,1.86,1.86,212
SENX-O,20260302,0.24,0.24,0.24,0.24,8
SFT-O,20260302,1.82,1.82,1.79,1.79,2
SGC-O,20260302,1.27,1.27,0.91,0.91,156
SGF-O,20260302,0.17,0.17,0.17,0.17,10
SGP-O,20260302,7.8,7.8,7.6,7.6,4
SHR-O,20260302,1.87,1.87,1.77,1.78,112
SICT-O,20260302,2.34,2.34,2.34,2.34,40
SIMAT-O,20260302,1.11,1.11,0.87,1.09,48
SINGER-O,20260302,5.8,5.8,5.5,5.5,107
SINO-O,20260302,0.9,1.13,0.9,1.13,2
SIRI-O,20260302,1.47,1.55,1.47,1.52,3692
SIS-O,20260302,23.3,23.3,22.9,22.9,149
SISB-O,20260302,12.5,12.5,11.9,12,613
SJWD-O,20260302,8.4,8.6,8.4,8.4,233
SKIN-O,20260302,1.23,1.23,1.18,1.18,50
SKR-O,20260302,6.8,6.9,6.8,6.9,37
SKY-O,20260302,14.2,14.2,13,13,273
SLP-O,20260302,0.35,0.35,0.35,0.35,10
SMART-O,20260302,0.64,0.64,0.64,0.64,11
SMD100-O,20260302,1.89,1.89,1.82,1.83,245
SMIT-O,20260302,3.62,3.62,3.58,3.58,207
SMO-O,20260302,3.72,3.8,3.72,3.8,57
SMPC-O,20260302,9.55,9.55,9.55,9.55,4
SMT-O,20260302,1.31,1.31,1.26,1.26,29
SNC-O,20260302,6,6,5.95,6,29
SNNP-O,20260302,7.35,7.65,7.05,7.15,548
SNP-O,20260302,9.75,9.75,9.75,9.75,4
SNPS-O,20260302,4.8,4.8,4.8,4.8,1
SO-O,20260302,4.16,4.16,4.12,4.16,80
SOLAR-O,20260302,0.16,0.16,0.15,0.15,12
SORKON-O,20260302,3.82,3.82,3.78,3.78,168
SPA-O,20260302,3.7,3.76,3.62,3.62,171
SPALI-O,20260302,17.5,17.7,17.3,17.3,1354
SPC-O,20260302,57.25,57.25,57.25,57.25,2
SPCG-O,20260302,9.4,9.4,9.05,9.15,619
SPI-O,20260302,43.5,49.5,43.5,49.5,2
SPRC-O,20260302,7.85,7.9,7.65,7.75,1970
SPREME-O,20260302,1.58,1.58,1.58,1.58,100
SPRIME-O,20260302,3.64,3.64,3.64,3.64,60
SPTX-O,20260302,0.01,0.01,0.01,0.01,278
SPVI-O,20260302,2.56,2.56,1.76,2.4,184
SRIPANWA-O,20260302,5.35,5.5,5.35,5.5,6
SSF-O,20260302,5.05,5.05,5,5,80
SSP-O,20260302,2.4,3.34,2.4,3.34,81
SSSC-O,20260302,2.24,2.24,2.24,2.24,40
SST-O,20260302,1.26,1.26,0.84,0.84,19
SSTRT-O,20260302,4.26,4.26,4.26,4.26,50
STA-O,20260302,14.3,14.6,14,14,1014
STANLY-O,20260302,200,204,194,202,207
STECON-O,20260302,12.9,13,12.2,12.4,4493
STGT-O,20260302,8.85,9,8.8,9,452
STI-O,20260302,1.72,1.72,1.68,1.68,94
STOWER-O,20260302,0.02,0.02,0.02,0.02,105
STPI-O,20260302,5.55,5.55,5,5,1106
STX-O,20260302,1.1,1.1,1.02,1.1,6
SUC-O,20260302,29,29.25,28.75,29.25,51
SUN-O,20260302,2.78,2.84,2.72,2.74,267
SUPER-O,20260302,0.12,0.12,0.12,0.12,319
SUPEREIF-O,20260302,5.8,5.8,5.7,5.8,39
SUSCO-O,20260302,2.28,2.28,2.22,2.22,473
SVI-O,20260302,7.35,7.35,7.35,7.35,786
SVOA-O,20260302,1.72,1.72,1.69,1.69,71
SYMC-O,20260302,3.98,4.04,3.9,3.9,131
SYNEX-O,20260302,9.85,10.1,9.75,9.75,476
SYNTEC-O,20260302,1.77,1.77,1.72,1.72,12
TACC-O,20260302,5.65,5.75,5.6,5.65,1047
TAKUNI-O,20260302,0.34,0.36,0.34,0.36,92
TASCO-O,20260302,13.8,13.9,13.5,13.5,2468
TBN-O,20260302,3.8,3.8,3.8,3.8,2
TCAP-O,20260302,60,60.75,58.75,58.75,3833
TCJ-O,20260302,2.36,2.36,2.36,2.36,4
TCMC-O,20260302,0.3,0.3,0.3,0.3,57
TEAM-O,20260302,2.5,2.7,2.5,2.7,54
TEAMG-O,20260302,3.2,3.24,3.16,3.16,192
TEGH-O,20260302,3.18,3.18,3.18,3.18,2
TEKA-O,20260302,1.83,1.83,1.83,1.83,10
TERA-O,20260302,1.03,1.03,1.03,1.03,2
TFFIF-O,20260302,6.7,6.8,6.7,6.8,106
TFG-O,20260302,4.6,8,4.6,6.55,2194
TFM-O,20260302,6.75,6.75,6.25,6.25,635
TFMAMA-O,20260302,190,191,190,190,100
TGE-O,20260302,1.38,1.38,1.38,1.38,16
THAI-O,20260302,6.5,6.55,6.15,6.2,7794
THANI-O,20260302,1.83,1.83,1.74,1.74,349
THCOM-O,20260302,11.4,11.7,11.3,11.4,349
THG-O,20260302,9.05,9.05,8.8,8.95,381
THIP-O,20260302,23,23.1,23,23.1,10
THRE-O,20260302,0.39,0.39,0.39,0.39,4
THREL-O,20260302,1.1,1.11,1.08,1.08,186
TIDLOR-O,20260302,19.6,19.6,18.5,18.5,1862
TIF1-O,20260302,7.65,7.65,7.65,7.65,1
TIPCO-O,20260302,7.65,7.65,7.25,7.3,310
TIPH-O,20260302,20.5,21.2,20.5,21.1,138
TISCO-O,20260302,114.5,115,113.5,114,24605
TITLE-O,20260302,8.2,8.8,8.2,8.4,177
TK-O,20260302,4.54,4.54,4.32,4.32,23
TKC-O,20260302,8.35,8.35,8.35,8.35,1
TKN-O,20260302,4.36,4.36,4.2,4.2,409
TKS-O,20260302,6.7,6.7,6.7,6.7,13
TLHPF-O,20260302,5,5,4.98,4.98,6
TLI-O,20260302,11,11.1,10.8,10.8,1255
TM-O,20260302,0.92,0.92,0.91,0.91,29
TMAN-O,20260302,12.9,13,12.9,13,50
TMI-O,20260302,0.54,0.54,0.54,0.54,2
TMILL-O,20260302,2.06,2.06,2.06,2.06,5
TMT-O,20260302,2.86,2.88,2.8,2.8,39
TMW-O,20260302,61.5,61.5,60,60,51
TNDT-O,20260302,0.18,0.19,0.18,0.18,65
TNITY-O,20260302,2.6,2.6,2.6,2.6,62
TNP-O,20260302,2.84,2.9,2.84,2.88,26
TNPC-O,20260302,0.77,0.77,0.76,0.76,33
TNR-O,20260302,5.65,5.65,5.4,5.4,121
TOA-O,20260302,16,16.3,15.5,15.5,207
TOG-O,20260302,7.2,7.2,7,7,124
TOP-O,20260302,53.75,56.5,52,52.5,10001
TPAC-O,20260302,9.1,9.1,9.1,9.1,29
TPCH-O,20260302,1.67,1.67,1.65,1.65,70
TPIPL-O,20260302,0.77,0.79,0.76,0.78,280
TPIPP-O,20260302,1.9,1.93,1.88,1.88,743
TPP-O,20260302,11.3,11.3,11.3,11.3,10
TQM-O,20260302,13.7,14,13.5,13.6,389
TQR-O,20260302,5.1,5.15,5.1,5.15,87
TRC-O,20260302,0.39,0.39,0.39,0.39,10
TRU-O,20260302,3.9,3.9,3.9,3.9,14
TRUBB-O,20260302,0.76,0.76,0.73,0.73,166
TRUE-O,20260302,14.1,14.5,13.8,13.9,7036
TSC-O,20260302,14.6,14.6,14.5,14.5,57
TSE-O,20260302,0.44,0.44,0.41,0.41,318
TSTH-O,20260302,0.72,0.72,0.72,0.72,8
TTA-O,20260302,4.98,5.3,4.98,5.3,429
TTB-O,20260302,2.34,2.38,2.3,2.34,10293
TTLPF-O,20260302,9.8,9.85,9.8,9.8,177
TTT-O,20260302,47.75,48,47.75,48,2
TTW-O,20260302,9.35,9.55,9.35,9.5,873
TU-O,20260302,12.2,12.2,11.6,11.7,6162
TURBO-O,20260302,1.73,1.73,1.65,1.65,324
TVH-O,20260302,9.75,9.75,9.75,9.75,3
TVO-O,20260302,24.7,25,24.5,24.7,656
TWP-O,20260302,1.13,1.13,1.12,1.12,46
TWPC-O,20260302,2.84,2.84,2.84,2.84,1
TWZ-O,20260302,0.02,0.02,0.01,0.01,144
UAC-O,20260302,2.74,2.74,2.74,2.74,19
UBA-O,20260302,1.06,1.06,1.04,1.04,8
UBIS-O,20260302,1.11,1.13,1.11,1.11,8
UNIQ-O,20260302,2.9,2.9,2.82,2.82,254
UP-O,20260302,23,23,23,23,2
UPF-O,20260302,28.5,28.5,28.5,28.5,4
UPOIC-O,20260302,6.6,6.6,6.6,6.6,17
UREKA-O,20260302,0.32,0.33,0.32,0.33,3
UTP-O,20260302,7.7,7.7,7.6,7.6,202
UVAN-O,20260302,14.3,14.8,14.3,14.8,541
VARO-O,20260302,4.34,4.34,4.3,4.3,2
VCOM-O,20260302,3.46,3.5,3.46,3.46,32
VGI-O,20260302,1.17,1.17,1.04,1.04,1347
VIBHA-O,20260302,1.41,1.45,1.4,1.4,151
VIH-O,20260302,10,10,9.05,10,96
VL-O,20260302,0.85,0.85,0.85,0.85,1
VNG-O,20260302,1.39,1.4,1.39,1.4,15
VPO-O,20260302,0.44,0.44,0.42,0.42,84
WARRIX-O,20260302,1.94,1.94,1.86,1.86,271
WASH-O,20260302,5.55,5.55,5.55,5.55,4
WAVE-O,20260302,0.03,0.03,0.03,0.03,69
WFX-O,20260302,0.78,0.78,0.75,0.75,2
WHA-O,20260302,4.2,4.3,4.12,4.12,5547
WHABT-O,20260302,5.7,5.75,5.7,5.75,50
WHAIR-O,20260302,6.95,7,6.9,6.9,138
WHART-O,20260302,11,11.1,10.8,10.8,1124
WHAUP-O,20260302,4.86,4.94,4.72,4.72,821
WICE-O,20260302,2.66,2.66,2.62,2.62,116
WIIK-O,20260302,0.91,1.2,0.69,0.9,58
WORK-O,20260302,3.78,3.78,3.7,3.7,93
WPH-O,20260302,7.6,7.6,7.25,7.4,268
XBIO-O,20260302,0.06,0.06,0.05,0.05,155
XO-O,20260302,14.6,14.6,14.4,14.4,297
XPG-O,20260302,0.52,0.52,0.49,0.52,209
XYZ-O,20260302,0.36,0.36,0.36,0.36,6
YGG-O,20260302,0.21,0.21,0.21,0.21,4
YONG-O,20260302,0.74,0.74,0.74,0.74,1
YUASA-O,20260302,14.8,14.8,14.7,14.7,84
ZAA-O,20260302,1.52,1.52,1.2,1.41,75
ZEN-O,20260302,5.8,5.8,5.8,5.8,10
ZIGA-O,20260302,0.93,0.93,0.86,0.88,63
RABBIT-P,20260302,0.36,0.36,0.33,0.33,2026500
VAYU1,20260302,11.2,11.3,11.2,11.3,2033000
VAYU1-O,20260302,11.3,11.3,11.2,11.3,275
AAV01C2604A,20260302,0.02,0.03,0.02,0.02,53000
AAV01C2607A,20260302,0.15,0.17,0.11,0.11,7962100
AAV01C2609T,20260302,0.2,0.2,0.17,0.17,3874600
AAV01P2607A,20260302,0.42,0.46,0.38,0.45,3378300
AAV13C2604A,20260302,0.11,0.11,0.05,0.05,6980500
AAV13C2607A,20260302,0.27,0.27,0.18,0.19,33651300
AAV13C2608A,20260302,0.17,0.18,0.13,0.13,13624300
AAV13C2701T,20260302,0.21,0.23,0.18,0.19,12723700
AAV13P2607A,20260302,0.53,0.55,0.46,0.54,22239300
AAV19C2604A,20260302,0.11,0.13,0.07,0.07,9183200
AAV19C2612T,20260302,0.19,0.2,0.16,0.16,5944100
AAV41C2604A,20260302,0.1,0.1,0.06,0.06,400
AAV41C2607A,20260302,0.22,0.23,0.17,0.17,130500
AAV41C2608A,20260302,0.15,0.15,0.11,0.11,610900
AAV41C2609T,20260302,0.16,0.16,0.13,0.13,1972700
AAV41C2611T,20260302,0.16,0.16,0.14,0.14,200
ADVANC01C2606A,20260302,1.19,1.19,0.98,0.98,2858300
ADVANC01C2607A,20260302,0.74,0.74,0.6,0.6,3801500
ADVANC01C2608A,20260302,0.29,0.3,0.24,0.24,3671700
ADVANC01C2701T,20260302,0.75,0.76,0.69,0.69,5356400
ADVANC01P2604A,20260302,0.02,0.02,0.02,0.02,1000
ADVANC01P2606A,20260302,0.18,0.21,0.18,0.21,4774900
ADVANC01P2607A,20260302,0.42,0.48,0.41,0.48,6378200
ADVANC13C2604A,20260302,0.71,0.71,0.54,0.54,181200
ADVANC13C2607A,20260302,0.75,0.75,0.61,0.61,19143600
ADVANC13C2608A,20260302,0.21,0.21,0.17,0.17,25281800
ADVANC13C2608B,20260302,0.3,0.31,0.25,0.25,21657100
ADVANC13C2608C,20260302,0.58,0.58,0.48,0.48,21603400
ADVANC13C2701T,20260302,0.51,0.51,0.47,0.47,4829500
ADVANC13P2604A,20260302,0.01,0.01,0.01,0.01,50000
ADVANC13P2607A,20260302,0.24,0.3,0.24,0.29,13670900
ADVANC19C2606A,20260302,0.8,0.8,0.8,0.8,300
ADVANC19C2607A,20260302,0.63,0.63,0.5,0.52,10015000
ADVANC19C2608A,20260302,0.5,0.5,0.38,0.39,7735500
ADVANC41C2606T,20260302,0.98,0.98,0.93,0.93,2000
ADVANC41C2607A,20260302,0.64,0.65,0.54,0.54,1230800
ADVANC41C2608A,20260302,0.18,0.18,0.15,0.15,250700
ADVANC41C2701T,20260302,0.4,0.4,0.37,0.37,2869100
ADVANC41P2607A,20260302,0.23,0.26,0.23,0.26,2228800
AEONTS13C2608A,20260302,0.35,0.35,0.31,0.31,1030400
AIA41C2603A,20260302,0.35,0.38,0.35,0.38,1100
ALIHEA41C2606A,20260302,0.29,0.29,0.29,0.29,200
AMATA01C2605A,20260302,0.3,0.3,0.23,0.23,3474000
AMATA01C2608A,20260302,0.4,0.4,0.32,0.32,2867400
AMATA13C2608A,20260302,0.38,0.42,0.33,0.33,17007900
AMATA19C2607A,20260302,0.47,0.51,0.41,0.41,2945500
AMATA41C2604A,20260302,0.24,0.28,0.24,0.28,1000
AMATA41C2608A,20260302,0.36,0.4,0.33,0.33,1442200
AMATA41C2609T,20260302,0.33,0.35,0.31,0.31,4742600
AOT01C2605A,20260302,0.14,0.18,0.14,0.15,3026400
AOT01C2606T,20260302,0.35,0.36,0.34,0.34,3642700
AOT01C2607A,20260302,0.3,0.33,0.28,0.28,7099300
AOT01P2605A,20260302,0.24,0.24,0.21,0.23,3195800
AOT01P2607A,20260302,0.57,0.59,0.53,0.58,4208700
AOT13C2603A,20260302,0.06,0.08,0.06,0.08,51000
AOT13C2605A,20260302,0.33,0.37,0.32,0.32,19936300
AOT13C2605B,20260302,0.13,0.16,0.13,0.13,10511600
AOT13C2608A,20260302,0.37,0.42,0.37,0.37,22992800
AOT13P2607A,20260302,0.43,0.43,0.39,0.42,15142200
AOT19C2605A,20260302,0.26,0.31,0.26,0.26,4252900
AOT19C2605B,20260302,0.1,0.12,0.1,0.1,2135600
AOT19P2605A,20260302,0.11,0.11,0.11,0.11,1318400
AOT41C2605A,20260302,0.27,0.32,0.27,0.28,133000
AOT41C2605T,20260302,0.01,0.02,0.01,0.01,400
AOT41C2608A,20260302,0.36,0.39,0.35,0.36,960800
AOT41C2609T,20260302,0.4,0.43,0.4,0.4,1396200
AOT41P2606T,20260302,0.17,0.17,0.17,0.17,9000
AOT41P2607A,20260302,0.4,0.41,0.38,0.4,1203300
AWC01C2606T,20260302,0.17,0.19,0.15,0.15,3721700
AWC01C2607A,20260302,0.22,0.24,0.18,0.18,4996600
AWC13C2606A,20260302,0.24,0.25,0.19,0.2,14930600
AWC13C2608A,20260302,0.2,0.22,0.17,0.17,15577000
AWC19C2606T,20260302,0.1,0.1,0.08,0.08,1240100
AWC41C2606A,20260302,0.22,0.22,0.18,0.19,100500
AWC41C2608A,20260302,0.18,0.18,0.15,0.16,1260900
AWC41C2609T,20260302,0.2,0.21,0.18,0.18,1174500
BA01C2603A,20260302,0.03,0.03,0.02,0.02,12100
BA01C2607A,20260302,0.2,0.22,0.17,0.17,7570100
BA13C2603A,20260302,0.02,0.02,0.01,0.01,200000
BA13C2607A,20260302,0.26,0.28,0.22,0.22,10880200
BA19C2605A,20260302,0.2,0.24,0.17,0.17,4054400
BA41C2611T,20260302,0.28,0.28,0.27,0.27,2964000
BABA28C2606A,20260302,0.09,0.12,0.09,0.12,343700
BABA28C2606B,20260302,0.17,0.19,0.16,0.16,953100
BABA28P2603A,20260302,0.15,0.16,0.14,0.16,2503200
BABA41C2603A,20260302,0.01,0.01,0.01,0.01,615000
BABA41C2605A,20260302,0.17,0.19,0.17,0.17,560300
BABA41C2609T,20260302,0.67,0.68,0.67,0.68,14300
BABA41C2701T,20260302,0.78,0.8,0.77,0.77,1600
BABA41P2603A,20260302,0.45,0.47,0.42,0.47,3400
BAM01C2608A,20260302,0.2,0.2,0.18,0.18,1485000
BAM13C2607A,20260302,0.13,0.14,0.11,0.13,14032600
BAM19C2612T,20260302,0.35,0.35,0.32,0.32,2196100
BAM41C2612T,20260302,0.34,0.34,0.31,0.31,2960700
BANPU01C2605A,20260302,0.64,0.67,0.61,0.61,1260800
BANPU01C2606T,20260302,0.35,0.35,0.31,0.31,1766200
BANPU01C2607A,20260302,0.13,0.13,0.12,0.12,1194500
BANPU13C2603B,20260302,0.01,0.01,0.01,0.01,50000
BANPU13C2606A,20260302,0.22,0.22,0.19,0.2,3643600
BANPU13C2608A,20260302,0.17,0.17,0.14,0.14,2884900
BANPU19C2612T,20260302,0.37,0.37,0.34,0.34,3715100
BANPU41C2605T,20260302,0.08,0.08,0.06,0.06,415500
BANPU41C2606A,20260302,0.2,0.2,0.18,0.18,150400
BANPU41C2612T,20260302,0.25,0.25,0.23,0.23,50400
BBL13C2607A,20260302,0.3,0.31,0.28,0.28,14609100
BBL13C2607B,20260302,0.48,0.5,0.47,0.47,19939700
BBL13P2608A,20260302,0.57,0.58,0.55,0.57,3097700
BBL19C2612T,20260302,0.59,0.61,0.58,0.58,10604500
BBL41C2607A,20260302,0.27,0.28,0.27,0.27,548600
BBL41C2607B,20260302,0.22,0.23,0.22,0.22,301400
BBL41C2609T,20260302,0.5,0.5,0.49,0.49,1978900
BBL41P2608A,20260302,0.52,0.52,0.52,0.52,15000
BCH01C2607A,20260302,0.1,0.11,0.08,0.08,2625300
BCH13C2604A,20260302,0.03,0.03,0.02,0.02,283000
BCH13C2607B,20260302,0.17,0.17,0.13,0.14,13210100
BCH19C2607A,20260302,0.17,0.18,0.14,0.15,3265500
BCH41C2607B,20260302,0.14,0.14,0.11,0.11,549400
BCH41C2703T,20260302,0.25,0.25,0.22,0.22,700
BCP01C2607A,20260302,0.47,0.47,0.46,0.46,243400
BCP01C2608A,20260302,0.34,0.34,0.27,0.27,916800
BCP13C2608A,20260302,0.52,0.52,0.43,0.44,3990700
BCP41C2608A,20260302,0.49,0.49,0.42,0.43,1455100
BCP41C2609T,20260302,0.21,0.21,0.19,0.19,600
BCPG01C2605A,20260302,0.14,0.14,0.11,0.11,5121500
BCPG01C2607A,20260302,0.38,0.42,0.34,0.35,5887500
BCPG13C2604A,20260302,0.07,0.08,0.06,0.06,5148300
BCPG13C2607A,20260302,0.38,0.45,0.36,0.37,10026400
BCPG13C2608A,20260302,0.28,0.31,0.25,0.26,26187300
BCPG19C2605A,20260302,0.18,0.21,0.16,0.16,14648600
BCPG41C2606T,20260302,0.31,0.33,0.29,0.29,1184000
BCPG41C2607A,20260302,0.38,0.42,0.35,0.35,4293000
BCPG41C2612T,20260302,0.27,0.28,0.25,0.25,2161200
BDMS01C2604A,20260302,0.08,0.12,0.08,0.09,4279900
BDMS01C2607A,20260302,0.28,0.31,0.26,0.26,8583100
BDMS01P2607A,20260302,0.26,0.27,0.24,0.27,2073700
BDMS13C2604A,20260302,0.04,0.05,0.04,0.04,20200
BDMS13C2607A,20260302,0.33,0.37,0.32,0.32,9241700
BDMS13C2608A,20260302,0.23,0.25,0.22,0.22,6158600
BDMS13C2701T,20260302,0.37,0.38,0.35,0.35,80200
BDMS13P2607A,20260302,0.35,0.37,0.33,0.37,3825700
BDMS19C2604A,20260302,0.12,0.14,0.1,0.1,3997600
BDMS41C2607A,20260302,0.35,0.35,0.35,0.35,200
BDMS41C2608A,20260302,0.2,0.22,0.2,0.2,480600
BDMS41C2612T,20260302,0.24,0.24,0.24,0.24,100
BEM01C2608A,20260302,0.17,0.19,0.16,0.17,7549900
BEM13C2604A,20260302,0.06,0.07,0.05,0.05,3833600
BEM13C2608A,20260302,0.23,0.27,0.22,0.22,12607000
BEM41C2608A,20260302,0.23,0.25,0.21,0.21,56400
BEM41C2612T,20260302,0.21,0.23,0.21,0.23,1980000
BGRIM01C2606T,20260302,0.14,0.14,0.1,0.1,7326000
BGRIM01C2608A,20260302,0.28,0.29,0.21,0.23,12823000
BGRIM13C2605A,20260302,0.1,0.1,0.06,0.06,3606600
BGRIM13C2607A,20260302,0.31,0.31,0.2,0.23,10356900
BGRIM13P2608A,20260302,0.47,0.57,0.46,0.57,15396300
BGRIM19C2605A,20260302,0.12,0.12,0.06,0.08,2906500
BGRIM19C2607A,20260302,0.34,0.34,0.25,0.25,12271700
BGRIM41C2605A,20260302,0.07,0.07,0.05,0.05,1747900
BGRIM41C2607A,20260302,0.27,0.27,0.25,0.25,100200
BGRIM41C2608T,20260302,0.23,0.23,0.19,0.19,950900
BH01C2603A,20260302,0.02,0.06,0.02,0.02,3797000
BH01C2605A,20260302,0.71,0.75,0.5,0.5,236700
BH01C2607A,20260302,1.66,1.7,1.26,1.26,546900
BH01C2608A,20260302,0.32,0.32,0.21,0.22,14426400
BH01P2607A,20260302,0.1,0.15,0.1,0.14,3745300
BH01P2607B,20260302,0.33,0.41,0.32,0.41,8626300
BH01P2608A,20260302,0.66,0.81,0.65,0.79,10391900
BH13C2605A,20260302,0.56,0.56,0.33,0.33,14310800
BH13C2607A,20260302,1.47,1.47,1.12,1.12,91800
BH13C2608A,20260302,0.32,0.33,0.23,0.23,35806600
BH13P2604A,20260302,0.04,0.04,0.04,0.04,165000
BH13P2607A,20260302,0.09,0.12,0.09,0.12,1790400
BH13P2608A,20260302,0.58,0.71,0.58,0.69,24871800
BH19C2605A,20260302,0.63,0.64,0.39,0.4,7617900
BH19C2607A,20260302,1.64,1.64,1.64,1.64,200
BH19C2607B,20260302,0.23,0.23,0.16,0.16,2116900
BH41C2605A,20260302,0.49,0.49,0.29,0.29,740800
BH41C2605T,20260302,0.03,0.03,0.03,0.03,100000
BH41C2608A,20260302,0.27,0.28,0.21,0.21,4886600
BH41C2609T,20260302,0.21,0.21,0.17,0.18,905500
BH41C2611T,20260302,0.72,0.72,0.6,0.6,7370400
BH41P2608A,20260302,0.65,0.67,0.65,0.66,600
BIDU41C2603A,20260302,0.09,0.09,0.03,0.03,105000
BIDU41C2606A,20260302,0.15,0.17,0.15,0.15,198500
BIDU41C2609A,20260302,0.14,0.15,0.13,0.13,26600
BIDU41C2609T,20260302,1.04,1.04,1.04,1.04,3800
BIDU41P2603A,20260302,0.04,0.04,0.04,0.04,67000
BJC01C2605A,20260302,0.08,0.09,0.06,0.06,849300
BJC01C2608A,20260302,0.3,0.3,0.25,0.25,2218200
BJC13C2605A,20260302,0.08,0.09,0.06,0.06,4103100
BJC13C2607A,20260302,0.34,0.35,0.3,0.3,10518600
BJC19C2612T,20260302,0.45,0.47,0.41,0.41,2420600
BLA01C2607A,20260302,0.3,0.32,0.29,0.29,3294400
BLA13C2607A,20260302,0.33,0.33,0.3,0.31,1754500
BLA41C2606T,20260302,0.22,0.22,0.2,0.2,176700
BTG01C2603A,20260302,0.03,0.03,0.02,0.02,130000
BTG01C2607A,20260302,0.49,0.54,0.48,0.48,1227200
BTG13C2607A,20260302,0.59,0.64,0.56,0.56,408000
BTG13C2608A,20260302,0.39,0.43,0.39,0.39,4644800
BTS01C2604A,20260302,0.03,0.03,0.03,0.03,207000
BTS01C2608A,20260302,0.14,0.14,0.12,0.12,697900
BTS01C2609T,20260302,0.07,0.07,0.07,0.07,202200
BTS13C2604A,20260302,0.01,0.01,0.01,0.01,10000
BTS13C2606A,20260302,0.07,0.08,0.06,0.06,2402900
BTS13C2607A,20260302,0.22,0.23,0.18,0.18,7965800
BTS13C2608A,20260302,0.17,0.18,0.14,0.14,10140800
BTS13C2701T,20260302,0.18,0.19,0.17,0.17,1627500
BTS13P2608A,20260302,0.28,0.31,0.26,0.31,8974400
BTS19C2605A,20260302,0.09,0.11,0.08,0.08,5613600
BTS41C2607A,20260302,0.22,0.22,0.22,0.22,200200
BTS41C2608A,20260302,0.16,0.16,0.13,0.13,800
BTS41C2608T,20260302,0.01,0.01,0.01,0.01,13000
BTS41C2612T,20260302,0.05,0.05,0.04,0.04,10000
BTS41C2703T,20260302,0.21,0.21,0.19,0.19,47100
BYDCOM41C2609A,20260302,0.44,0.52,0.44,0.51,4600
BYDCOM41P2603A,20260302,0.2,0.21,0.15,0.16,16003200
CATHAY41C2603A,20260302,0.67,0.67,0.67,0.67,2500
CBG01C2605A,20260302,0.11,0.11,0.07,0.07,851100
CBG01C2607A,20260302,0.28,0.28,0.19,0.19,3884000
CBG01C2610T,20260302,0.17,0.17,0.13,0.13,969400
CBG01P2607A,20260302,0.41,0.51,0.4,0.51,1094000
CBG13C2604A,20260302,0.02,0.02,0.01,0.01,741000
CBG13C2607A,20260302,0.25,0.25,0.16,0.16,7751900
CBG13P2605A,20260302,0.18,0.25,0.18,0.25,4765200
CBG19C2604A,20260302,0.07,0.07,0.04,0.04,945100
CBG19C2607A,20260302,0.25,0.25,0.16,0.16,7116100
CBG41C2607A,20260302,0.22,0.22,0.15,0.15,694700
CBG41C2612T,20260302,0.16,0.16,0.14,0.14,11400
CCET13C2604A,20260302,0.22,0.22,0.17,0.17,18000
CCET13C2607A,20260302,0.24,0.25,0.2,0.2,30830800
CCET19C2607A,20260302,0.28,0.28,0.22,0.22,7031100
CCET41C2609T,20260302,0.14,0.14,0.14,0.14,16000
CENTEL01C2606A,20260302,0.26,0.26,0.22,0.22,6531900
CENTEL13C2605A,20260302,0.31,0.33,0.25,0.25,1096000
CENTEL13C2608A,20260302,0.3,0.34,0.27,0.27,20002800
CENTEL19C2607A,20260302,0.25,0.29,0.22,0.22,3344100
CENTEL41C2605A,20260302,0.28,0.3,0.26,0.26,400400
CENTEL41C2606T,20260302,0.26,0.28,0.24,0.24,9640800
CENTEL41C2608A,20260302,0.26,0.3,0.26,0.27,701300
CHG13C2608A,20260302,0.27,0.28,0.26,0.26,4784300
CHG41C2612T,20260302,0.23,0.23,0.23,0.23,12300
CK01C2608A,20260302,0.51,0.52,0.49,0.49,2990000
CK13C2608A,20260302,0.34,0.37,0.34,0.35,12389000
COM701C2604A,20260302,0.18,0.19,0.16,0.16,4248400
COM701C2607A,20260302,0.55,0.58,0.52,0.52,2186300
COM701C2607B,20260302,0.1,0.1,0.09,0.1,463000
COM713C2604A,20260302,0.06,0.06,0.04,0.04,569700
COM713C2605A,20260302,0.23,0.27,0.23,0.23,5712200
COM713C2607A,20260302,0.52,0.57,0.51,0.51,4688300
COM713C2608A,20260302,0.13,0.14,0.12,0.12,8260100
COM719C2605A,20260302,0.3,0.34,0.28,0.29,6645500
COM741C2605A,20260302,0.19,0.2,0.18,0.19,400
COM741C2607A,20260302,0.45,0.48,0.44,0.48,900800
COM741C2608A,20260302,0.12,0.12,0.11,0.11,5400
COM741C2609T,20260302,0.31,0.33,0.31,0.31,1001300
CPALL01C2604A,20260302,0.15,0.17,0.14,0.14,1998600
CPALL01C2606T,20260302,0.14,0.14,0.13,0.13,566200
CPALL01C2607A,20260302,0.46,0.5,0.43,0.43,2431400
CPALL01C2608A,20260302,0.17,0.2,0.17,0.18,7550700
CPALL01P2607A,20260302,0.14,0.15,0.14,0.15,3873200
CPALL01P2608A,20260302,0.44,0.44,0.41,0.44,3000400
CPALL13C2604A,20260302,0.08,0.1,0.08,0.08,9100100
CPALL13C2607A,20260302,0.42,0.46,0.42,0.42,12200
CPALL13C2608A,20260302,0.3,0.34,0.29,0.3,14609800
CPALL13P2608A,20260302,0.16,0.17,0.16,0.17,9162000
CPALL19C2604A,20260302,0.16,0.2,0.15,0.15,3841200
CPALL19C2612A,20260302,0.29,0.31,0.28,0.28,11216800
CPALL41C2604A,20260302,0.07,0.07,0.07,0.07,50000
CPALL41C2605T,20260302,0.01,0.01,0.01,0.01,1100
CPALL41C2608A,20260302,0.26,0.3,0.26,0.27,2700700
CPALL41C2612T,20260302,0.26,0.27,0.25,0.25,380500
CPF01C2603A,20260302,0.02,0.02,0.02,0.02,2000
CPF01C2608A,20260302,0.25,0.26,0.24,0.24,2548200
CPF01C2611T,20260302,0.25,0.25,0.22,0.22,2200
CPF01P2608A,20260302,0.5,0.51,0.5,0.5,238700
CPF13C2604A,20260302,0.04,0.04,0.04,0.04,20000
CPF13C2608A,20260302,0.3,0.32,0.3,0.3,3679900
CPF13P2608A,20260302,0.45,0.47,0.45,0.47,2003000
CPF19C2608A,20260302,0.27,0.27,0.26,0.26,543000
CPF19C2609T,20260302,0.2,0.2,0.19,0.19,516300
CPF41C2608A,20260302,0.27,0.27,0.27,0.27,22900
CPF41C2612T,20260302,0.23,0.24,0.23,0.23,503200
CPN01C2606T,20260302,0.34,0.35,0.34,0.34,969400
CPN01C2608A,20260302,0.63,0.67,0.63,0.64,1683800
CPN01P2608A,20260302,0.31,0.33,0.31,0.33,1311800
CPN13C2608A,20260302,0.64,0.66,0.59,0.59,13187100
CPN13P2608A,20260302,0.32,0.33,0.3,0.33,3297400
CPN19C2609T,20260302,0.51,0.53,0.48,0.48,2646200
CPN41C2608A,20260302,0.6,0.62,0.55,0.55,1989400
CPN41C2608T,20260302,0.55,0.56,0.51,0.51,8363600
CRC01C2605A,20260302,0.19,0.19,0.14,0.14,3866600
CRC01C2609A,20260302,0.33,0.34,0.28,0.28,2490900
CRC01C2610T,20260302,0.34,0.36,0.31,0.31,2221000
CRC01P2605A,20260302,0.2,0.23,0.19,0.23,2998700
CRC13C2606A,20260302,0.29,0.31,0.23,0.26,16264500
CRC13P2606A,20260302,0.17,0.19,0.16,0.19,2860000
CRC19C2604A,20260302,0.07,0.07,0.05,0.06,236100
CRC19C2612A,20260302,0.45,0.47,0.41,0.43,5200600
CRC41C2606A,20260302,0.25,0.26,0.2,0.21,915200
CRC41C2609T,20260302,0.2,0.21,0.18,0.18,18300
CRC41P2606A,20260302,0.16,0.17,0.16,0.17,300
DELTA01C2603A,20260302,0.13,0.25,0.11,0.11,19303600
DELTA01C2605A,20260302,1.83,2.24,1.67,1.67,864100
DELTA01C2605B,20260302,3.82,4.4,3.56,3.56,138800
DELTA01C2607A,20260302,1.11,1.34,1.01,1.01,3431000
DELTA01C2608A,20260302,0.8,0.99,0.74,0.74,10819600
DELTA01P2603A,20260302,0.04,0.04,0.01,0.02,7300
DELTA01P2605A,20260302,0.2,0.21,0.16,0.21,6463200
DELTA01P2606A,20260302,0.21,0.22,0.17,0.22,27480700
DELTA01P2608A,20260302,0.83,0.86,0.75,0.86,8496800
DELTA13C2603A,20260302,0.03,0.06,0.01,0.01,1893800
DELTA13C2603B,20260302,0.01,0.01,0.01,0.01,379600
DELTA13C2604A,20260302,1.23,1.75,1.06,1.06,651200
DELTA13C2605A,20260302,0.94,1.16,0.8,0.8,5449300
DELTA13C2605B,20260302,2.86,3.5,2.86,3.24,20100
DELTA13C2606A,20260302,1.43,1.74,1.43,1.48,256800
DELTA13C2607A,20260302,0.63,0.73,0.55,0.55,85751000
DELTA13C2607B,20260302,0.78,0.94,0.69,0.69,124814700
DELTA13P2603A,20260302,0.01,0.01,0.01,0.01,285800
DELTA13P2605A,20260302,0.09,0.09,0.06,0.09,17832700
DELTA13P2606A,20260302,0.34,0.35,0.27,0.35,81047200
DELTA19C2604A,20260302,0.41,0.54,0.37,0.37,13040600
DELTA19C2607A,20260302,0.91,1.1,0.84,0.84,11559600
DELTA19P2604A,20260302,0.01,0.02,0.01,0.02,225100
DELTA19P2605A,20260302,0.1,0.11,0.08,0.11,5047800
DELTA19P2606A,20260302,0.3,0.31,0.25,0.31,34969700
DELTA19P2607A,20260302,0.69,0.72,0.6,0.72,43664600
DELTA41C2603A,20260302,0.08,0.08,0.07,0.07,11400
DELTA41C2603B,20260302,0.03,0.03,0.01,0.01,300
DELTA41C2605A,20260302,0.89,1.1,0.89,1.05,700100
DELTA41C2606A,20260302,1.43,1.68,1.36,1.36,1001800
DELTA41C2607A,20260302,0.57,0.7,0.55,0.55,11727700
DELTA41C2607B,20260302,0.72,0.88,0.69,0.69,15522900
DELTA41C2608T,20260302,1.87,2.02,1.85,1.85,1701600
DELTA41C2612T,20260302,1.27,1.4,1.2,1.2,3235400
DELTA41P2605A,20260302,0.07,0.07,0.05,0.07,36300
DJI28P2603A,20260302,0.09,0.09,0.09,0.09,900
DJI41C2603A,20260302,0.23,0.24,0.21,0.21,2200
DJI41C2606A,20260302,0.56,0.56,0.5,0.51,80000
DJI41P2603B,20260302,0.1,0.1,0.1,0.1,9000
DJI41P2606A,20260302,0.74,0.78,0.74,0.78,362600
DOHOME01C2604A,20260302,0.17,0.17,0.13,0.13,1102600
DOHOME01C2608A,20260302,0.38,0.4,0.33,0.33,2927800
DOHOME13C2604A,20260302,0.06,0.06,0.04,0.04,440800
DOHOME13C2607A,20260302,0.4,0.4,0.33,0.33,2488700
DOHOME19C2604A,20260302,0.06,0.06,0.05,0.05,329100
DOHOME41C2604A,20260302,0.05,0.05,0.04,0.04,199900
EA13C2604A,20260302,0.02,0.02,0.01,0.01,2012300
EA13C2605A,20260302,0.1,0.11,0.07,0.07,27102200
EA13C2607A,20260302,0.24,0.26,0.16,0.16,7847700
EA13C2607B,20260302,0.17,0.17,0.1,0.11,21315500
EA19C2604A,20260302,0.05,0.05,0.04,0.04,5300
EA19C2606A,20260302,0.27,0.27,0.18,0.18,7491800
EA41C2606T,20260302,0.02,0.02,0.02,0.02,1250000
EA41C2607B,20260302,0.15,0.15,0.1,0.1,3489300
EA41C2609T,20260302,0.28,0.29,0.25,0.25,50700
EGCO13C2604A,20260302,0.03,0.04,0.03,0.03,120400
EGCO41C2612T,20260302,0.31,0.31,0.3,0.3,6860700
ERW01C2608A,20260302,0.39,0.41,0.31,0.32,3138700
ERW01C2611T,20260302,0.39,0.42,0.36,0.36,1444800
ERW13C2604A,20260302,0.32,0.33,0.32,0.32,201800
ERW13C2608A,20260302,0.34,0.38,0.29,0.32,18363100
ERW41C2611T,20260302,0.53,0.57,0.49,0.49,4647300
GLOBAL01C2608A,20260302,0.22,0.23,0.21,0.21,626600
GLOBAL13C2604A,20260302,0.15,0.17,0.14,0.14,908100
GLOBAL13C2608A,20260302,0.35,0.38,0.33,0.33,1868900
GLOBAL41C2604A,20260302,0.14,0.16,0.14,0.14,100600
GLOBAL41C2608A,20260302,0.32,0.34,0.32,0.32,1160400
GLOBAL41C2612T,20260302,0.5,0.52,0.49,0.49,2460900
GPSC01C2605A,20260302,0.21,0.24,0.18,0.18,11997300
GPSC01C2608A,20260302,0.21,0.21,0.17,0.17,10710500
GPSC01C2609T,20260302,0.27,0.27,0.24,0.24,6877200
GPSC01P2607A,20260302,0.27,0.29,0.26,0.29,3745200
GPSC01P2608A,20260302,0.52,0.55,0.5,0.55,3411300
GPSC13C2603A,20260302,0.01,0.01,0.01,0.01,100000
GPSC13C2604A,20260302,0.11,0.11,0.07,0.07,10636300
GPSC13C2606A,20260302,0.35,0.35,0.28,0.28,19749400
GPSC13C2608A,20260302,0.28,0.28,0.22,0.22,19031400
GPSC13C2701T,20260302,0.3,0.3,0.24,0.24,11041200
GPSC13P2608A,20260302,0.54,0.61,0.54,0.61,31298300
GPSC19C2604A,20260302,0.18,0.2,0.14,0.14,15455900
GPSC19C2608A,20260302,0.25,0.25,0.22,0.22,4710200
GPSC41C2606T,20260302,0.19,0.2,0.18,0.18,200600
GPSC41C2608A,20260302,0.22,0.22,0.19,0.19,960600
GPSC41C2703T,20260302,0.35,0.35,0.32,0.32,5240400
GPSC41P2608A,20260302,0.56,0.59,0.54,0.59,4361900
GULF01C2604A,20260302,0.66,0.76,0.66,0.71,697100
GULF01C2606T,20260302,0.23,0.26,0.23,0.23,7561400
GULF01C2608A,20260302,0.83,0.92,0.81,0.82,1862200
GULF01C2608B,20260302,0.51,0.6,0.51,0.53,11425900
GULF01C2609A,20260302,0.42,0.46,0.39,0.4,16850400
GULF01C2702T,20260302,0.56,0.58,0.55,0.55,3634600
GULF01P2608A,20260302,0.13,0.13,0.12,0.13,4426300
GULF01P2608B,20260302,0.34,0.35,0.31,0.34,8271000
GULF01P2609A,20260302,0.77,0.78,0.72,0.78,6013700
GULF13C2604A,20260302,0.77,0.91,0.77,0.89,2100
GULF13C2607A,20260302,0.76,0.83,0.73,0.75,4938600
GULF13C2608A,20260302,0.53,0.62,0.52,0.54,71787300
GULF13P2607A,20260302,0.1,0.11,0.1,0.1,1662400
GULF13P2608A,20260302,0.55,0.57,0.5,0.54,45645100
GULF19C2607A,20260302,0.8,0.88,0.8,0.88,1000
GULF19C2607B,20260302,0.44,0.52,0.44,0.46,4922000
GULF41C2604A,20260302,0.88,0.88,0.88,0.88,80000
GULF41C2607A,20260302,0.71,0.74,0.71,0.71,2100
GULF41C2608A,20260302,0.49,0.55,0.48,0.5,1022100
GULF41C2609T,20260302,0.42,0.45,0.42,0.42,143700
GULF41P2608A,20260302,0.53,0.53,0.52,0.52,200
GUNKUL01C2608A,20260302,0.23,0.24,0.19,0.2,6997400
GUNKUL13C2608A,20260302,0.33,0.36,0.31,0.32,21086500
GUNKUL13C2608B,20260302,0.19,0.2,0.16,0.16,8619800
HANA01C2604A,20260302,0.07,0.12,0.07,0.1,6123700
HANA01C2606A,20260302,0.31,0.46,0.31,0.43,8294600
HANA01C2608A,20260302,0.29,0.41,0.29,0.38,8986100
HANA13C2604A,20260302,0.02,0.03,0.02,0.02,597900
HANA13C2604B,20260302,0.08,0.16,0.08,0.14,21225500
HANA13C2607A,20260302,0.37,0.5,0.36,0.47,58845000
HANA13C2701T,20260302,0.26,0.32,0.26,0.3,19687100
HANA13P2607A,20260302,0.43,0.43,0.34,0.35,70206200
HANA19C2604A,20260302,0.02,0.04,0.02,0.03,1365200
HANA19C2604B,20260302,0.1,0.2,0.1,0.18,24326300
HANA19C2607A,20260302,0.39,0.54,0.39,0.51,11549600
HANA41C2604B,20260302,0.13,0.16,0.12,0.15,1695600
HANA41C2607A,20260302,0.35,0.47,0.35,0.44,5933600
HANA41C2608T,20260302,0.38,0.42,0.38,0.41,1961200
HANA41C2612T,20260302,0.21,0.23,0.21,0.23,3920300
HMPRO01C2607A,20260302,0.19,0.19,0.16,0.18,2793100
HMPRO13C2604A,20260302,0.1,0.12,0.09,0.1,17523100
HMPRO13C2608A,20260302,0.27,0.29,0.25,0.27,11906900
HMPRO19C2608A,20260302,0.24,0.25,0.22,0.23,1096700
HMPRO41C2604A,20260302,0.1,0.1,0.09,0.09,200
HMPRO41C2608A,20260302,0.25,0.26,0.23,0.23,1500200
HMPRO41C2612T,20260302,0.3,0.3,0.26,0.26,1969100
HSI28C2603A,20260302,0.02,0.04,0.02,0.04,573300
HSI28C2603B,20260302,0.06,0.08,0.05,0.06,5480400
HSI28C2603C,20260302,0.31,0.37,0.29,0.31,70861300
HSI28C2604A,20260302,0.07,0.09,0.07,0.08,1993100
HSI28C2604B,20260302,0.22,0.25,0.2,0.21,10319900
HSI28C2604C,20260302,0.49,0.56,0.48,0.5,13021600
HSI28C2605A,20260302,0.28,0.31,0.27,0.28,2552600
HSI28P2603A,20260302,0.01,0.01,0.01,0.01,1614400
HSI28P2603B,20260302,0.09,0.11,0.08,0.09,256900
HSI28P2603C,20260302,0.48,0.5,0.41,0.47,104019500
HSI28P2604A,20260302,0.26,0.26,0.23,0.25,1496300
HSI28P2604B,20260302,0.49,0.49,0.43,0.48,6915800
HSI28P2604C,20260302,1.11,1.12,1.02,1.09,131600
HSI28P2605A,20260302,0.69,0.69,0.64,0.67,13571400
HSI28P2605B,20260302,0.33,0.34,0.31,0.32,198300
HSTECH28C2603A,20260302,0.04,0.04,0.02,0.02,65000
HSTECH28C2606A,20260302,0.29,0.29,0.29,0.29,200
HSTECH28P2603A,20260302,0.54,0.56,0.5,0.55,5256400
HSTECH28P2606A,20260302,0.58,0.58,0.58,0.58,100
ICHI01C2608A,20260302,0.22,0.22,0.22,0.22,660000
ICHI13C2608A,20260302,0.2,0.22,0.2,0.2,2844900
ICHI19C2609T,20260302,0.24,0.26,0.24,0.25,153900
IRPC01C2603A,20260302,0.1,0.1,0.1,0.1,60000
IRPC01C2607A,20260302,0.38,0.39,0.33,0.33,2394500
IRPC13C2604A,20260302,0.2,0.2,0.19,0.19,2725200
IRPC13C2608A,20260302,0.34,0.34,0.26,0.26,14320200
IRPC13C2701T,20260302,0.31,0.31,0.31,0.31,1906900
IRPC19C2609T,20260302,0.3,0.3,0.26,0.26,1809400
IRPC41C2703T,20260302,0.42,0.42,0.38,0.38,202500
ITC01C2606T,20260302,0.26,0.27,0.22,0.22,748400
ITC13C2604A,20260302,0.05,0.05,0.02,0.02,50200
ITC13C2608A,20260302,0.33,0.33,0.26,0.27,2867400
ITC19C2609T,20260302,0.28,0.29,0.24,0.24,703600
ITC41C2612T,20260302,0.25,0.26,0.21,0.22,800
IVL01C2604A,20260302,0.29,0.29,0.23,0.23,3213100
IVL01C2605A,20260302,0.9,0.93,0.78,0.78,1043200
IVL01C2607A,20260302,0.42,0.42,0.27,0.27,8799700
IVL01C2608A,20260302,0.06,0.08,0.06,0.06,18200
IVL01P2607A,20260302,0.25,0.35,0.25,0.34,7434500
IVL01P2608A,20260302,0.54,0.6,0.54,0.59,5419700
IVL13C2603A,20260302,0.01,0.01,0.01,0.01,100
IVL13C2604A,20260302,0.28,0.28,0.14,0.15,9209700
IVL13C2605A,20260302,0.59,0.59,0.59,0.59,2800
IVL13C2607A,20260302,0.37,0.37,0.25,0.26,46592900
IVL13P2607A,20260302,0.34,0.43,0.34,0.42,11384600
IVL19C2603A,20260302,0.01,0.02,0.01,0.02,200000
IVL19C2604A,20260302,0.32,0.34,0.24,0.24,4455100
IVL19C2607A,20260302,0.45,0.45,0.31,0.31,10611000
IVL41C2604A,20260302,0.26,0.26,0.15,0.15,1001000
IVL41C2607A,20260302,0.31,0.31,0.22,0.23,3204200
IVL41C2702T,20260302,0.38,0.38,0.33,0.33,3066700
IVL41P2607A,20260302,0.24,0.32,0.24,0.32,2452500
JAS13C2604A,20260302,0.01,0.01,0.01,0.01,1377700
JAS13C2608A,20260302,0.21,0.21,0.16,0.16,7105300
JAS19C2604A,20260302,0.03,0.03,0.01,0.01,15400
JAS41C2611T,20260302,0.17,0.17,0.15,0.15,3883900
JD41C2603A,20260302,0.01,0.03,0.01,0.03,686100
JMART01C2608A,20260302,0.31,0.33,0.22,0.22,4434300
JMART13C2605A,20260302,0.19,0.22,0.12,0.12,12146100
JMART13C2608A,20260302,0.33,0.36,0.25,0.25,9543900
JMART13C2701T,20260302,0.24,0.25,0.2,0.2,30900
JMART19C2612A,20260302,0.39,0.42,0.31,0.31,3725900
JMART41C2609T,20260302,0.11,0.11,0.11,0.11,1500
JMART41C2703T,20260302,0.35,0.36,0.35,0.36,400
JMT01C2605A,20260302,0.43,0.45,0.36,0.36,2050200
JMT01C2608A,20260302,0.29,0.31,0.22,0.22,4396800
JMT01C2701T,20260302,0.44,0.44,0.37,0.37,3485000
JMT13C2604A,20260302,0.19,0.19,0.11,0.11,909900
JMT13C2608A,20260302,0.3,0.32,0.24,0.24,29069300
JMT19C2605A,20260302,0.39,0.39,0.33,0.33,1099400
JMT19C2608A,20260302,0.27,0.28,0.21,0.21,4300900
JMT41C2604A,20260302,0.18,0.18,0.18,0.18,1300
JMT41C2608A,20260302,0.27,0.29,0.22,0.22,2936000
JMT41C2611T,20260302,0.18,0.18,0.16,0.16,300
JMT41C2703T,20260302,0.62,0.65,0.61,0.65,104500
KBANK01C2607A,20260302,0.4,0.44,0.4,0.41,3784200
KBANK01C2608A,20260302,0.18,0.19,0.18,0.18,3302800
KBANK01C2702T,20260302,0.24,0.24,0.23,0.23,1287600
KBANK01P2607A,20260302,0.44,0.44,0.42,0.44,1678300
KBANK13C2603A,20260302,0.01,0.01,0.01,0.01,61000
KBANK13C2607A,20260302,0.16,0.18,0.16,0.16,12838000
KBANK13C2607B,20260302,0.51,0.55,0.49,0.5,12863200
KBANK13P2604A,20260302,0.01,0.01,0.01,0.01,39000
KBANK13P2607A,20260302,0.46,0.46,0.41,0.43,4754300
KBANK19C2604A,20260302,0.08,0.08,0.08,0.08,261300
KBANK19C2608A,20260302,0.2,0.22,0.2,0.21,3863300
KBANK41C2607A,20260302,0.12,0.12,0.12,0.12,250400
KBANK41C2607B,20260302,0.45,0.46,0.45,0.46,200100
KBANK41C2609T,20260302,0.64,0.66,0.64,0.66,45500
KCE13C2603A,20260302,0.01,0.01,0.01,0.01,65300
KCE13C2604A,20260302,0.02,0.02,0.01,0.01,400000
KCE13C2606A,20260302,0.19,0.2,0.15,0.15,24266400
KCE13C2607A,20260302,0.35,0.36,0.28,0.28,25721500
KCE13P2608A,20260302,0.84,0.9,0.82,0.9,13818600
KCE19C2604A,20260302,0.02,0.02,0.02,0.02,1349000
KCE19C2605A,20260302,0.19,0.21,0.15,0.15,11287500
KCE41C2606A,20260302,0.18,0.19,0.15,0.15,1441000
KCE41C2607A,20260302,0.3,0.32,0.25,0.27,2685000
KCE41C2609T,20260302,0.35,0.37,0.32,0.32,4932500
KCE41P2608A,20260302,0.78,0.83,0.76,0.83,3361000
KKP01C2607A,20260302,0.72,0.77,0.7,0.7,1077200
KKP01P2609A,20260302,0.79,0.81,0.76,0.81,806800
KKP13C2606A,20260302,0.59,0.62,0.56,0.56,10333500
KKP19C2609T,20260302,0.79,0.83,0.79,0.79,1225700
KTB01C2603A,20260302,0.15,0.15,0.12,0.13,228000
KTB01C2608A,20260302,0.25,0.27,0.25,0.25,291200
KTB01C2701T,20260302,0.3,0.3,0.29,0.29,293200
KTB01P2608A,20260302,0.23,0.23,0.23,0.23,1944000
KTB13C2606A,20260302,0.25,0.25,0.25,0.25,100
KTB13C2608A,20260302,0.22,0.24,0.21,0.21,6803100
KTB13P2608A,20260302,0.2,0.21,0.2,0.21,1194500
KTB19C2609T,20260302,0.38,0.38,0.37,0.37,974600
KTB41C2606A,20260302,0.21,0.22,0.21,0.22,250000
KTB41C2612T,20260302,0.41,0.41,0.41,0.41,100
KTC01C2604A,20260302,0.08,0.08,0.07,0.07,44200
KTC01C2607A,20260302,0.34,0.35,0.31,0.31,2537300
KTC01C2608A,20260302,0.18,0.21,0.17,0.17,1963200
KTC01C2609T,20260302,0.24,0.24,0.23,0.23,5870400
KTC01P2608A,20260302,0.41,0.41,0.38,0.41,1238200
KTC13C2604A,20260302,0.08,0.09,0.06,0.06,6206100
KTC13C2607A,20260302,0.32,0.36,0.32,0.32,11868500
KTC13C2608A,20260302,0.25,0.27,0.24,0.24,18473700
KTC13C2701T,20260302,0.34,0.34,0.32,0.32,500400
KTC13P2608A,20260302,0.45,0.47,0.43,0.47,8541700
KTC19C2604A,20260302,0.18,0.2,0.16,0.16,5065200
KTC19C2609T,20260302,0.26,0.27,0.24,0.24,4939100
KTC41C2606T,20260302,0.01,0.01,0.01,0.01,4434600
KTC41C2608A,20260302,0.22,0.22,0.22,0.22,600
KTC41C2609T,20260302,0.24,0.25,0.23,0.23,833000
KTC41C2612T,20260302,0.31,0.32,0.31,0.31,327400
KUAISH28C2606A,20260302,0.18,0.19,0.18,0.18,2653400
KUAISH28C2607A,20260302,0.09,0.09,0.09,0.09,200
KUAISH41C2603A,20260302,0.01,0.03,0.01,0.03,26100
KUAISH41C2606A,20260302,0.1,0.1,0.1,0.1,200
KUAISH41C2609T,20260302,0.65,0.65,0.64,0.64,200
LH01C2609A,20260302,0.37,0.37,0.3,0.3,7367800
LH13C2608A,20260302,0.39,0.39,0.32,0.32,6172200
M01C2606A,20260302,0.39,0.4,0.32,0.32,2698600
M01C2609A,20260302,0.1,0.1,0.1,0.1,157700
M13C2604B,20260302,0.05,0.05,0.03,0.03,2042300
M13C2605A,20260302,0.33,0.36,0.27,0.27,7732300
M13C2607A,20260302,0.32,0.33,0.26,0.26,6194100
M13C2608A,20260302,0.16,0.16,0.14,0.15,10148500
M19C2605A,20260302,0.42,0.44,0.37,0.37,5381100
M19C2609T,20260302,0.11,0.11,0.11,0.11,284500
M41C2608A,20260302,0.14,0.14,0.13,0.13,400
M41C2612T,20260302,0.33,0.33,0.32,0.32,1300
MCA5041C2603A,20260302,0.14,0.14,0.14,0.14,120000
MCA5041C2606A,20260302,0.33,0.37,0.33,0.37,4000
MEGA01C2702T,20260302,0.22,0.23,0.21,0.21,10300
MEGA13C2608A,20260302,0.18,0.18,0.15,0.15,731200
MEITUA28C2607A,20260302,0.13,0.13,0.11,0.11,603000
MEITUA41P2603A,20260302,0.45,0.49,0.45,0.49,300
MINT01C2605A,20260302,0.22,0.22,0.22,0.22,54300
MINT01C2606T,20260302,0.05,0.05,0.05,0.05,405000
MINT01C2608A,20260302,0.12,0.12,0.09,0.11,2223100
MINT01P2605A,20260302,0.16,0.16,0.13,0.14,3025600
MINT13C2604A,20260302,0.15,0.18,0.15,0.16,10239000
MINT13C2607A,20260302,0.16,0.16,0.13,0.14,10068900
MINT13P2606A,20260302,0.35,0.38,0.3,0.33,9701600
MINT19C2607A,20260302,0.12,0.14,0.12,0.13,1414400
MINT41C2607A,20260302,0.13,0.13,0.12,0.13,800000
MINT41P2606A,20260302,0.27,0.28,0.25,0.26,3721000
MTC01C2606A,20260302,0.12,0.12,0.09,0.09,1136900
MTC01C2608A,20260302,0.47,0.47,0.4,0.4,347400
MTC01P2608A,20260302,0.09,0.09,0.09,0.09,100
MTC13C2604A,20260302,0.02,0.02,0.01,0.01,30400
MTC13C2605A,20260302,0.14,0.15,0.11,0.11,7934500
MTC13C2607A,20260302,0.42,0.43,0.36,0.36,41600
MTC13P2607A,20260302,0.3,0.33,0.28,0.33,4162000
MTC19C2605A,20260302,0.18,0.2,0.15,0.15,3747500
MTC19C2607A,20260302,0.19,0.19,0.15,0.15,1230600
MTC41C2605A,20260302,0.12,0.13,0.09,0.09,501600
MTC41C2611T,20260302,0.17,0.17,0.15,0.15,1100
NDX28C2606A,20260302,0.34,0.34,0.34,0.34,20000
NDX28P2606A,20260302,0.59,0.66,0.59,0.64,576600
NDX41C2603A,20260302,0.01,0.01,0.01,0.01,2000
NDX41C2603B,20260302,0.04,0.04,0.04,0.04,200
NDX41C2606A,20260302,0.51,0.51,0.43,0.46,214400
NDX41P2603A,20260302,0.46,0.57,0.46,0.53,344100
NDX41P2603B,20260302,0.27,0.27,0.25,0.25,74000
NDX41P2606A,20260302,0.63,0.69,0.63,0.68,531200
NIKKEI28C2603B,20260302,1.2,1.2,1.2,1.2,4000
NIKKEI28C2606A,20260302,1.73,1.73,1.73,1.73,100
NIKKEI28C2606B,20260302,1.31,1.31,1.31,1.31,16300
NIKKEI28C2606D,20260302,0.68,0.7,0.63,0.65,480300
NIKKEI28P2603A,20260302,0.03,0.03,0.03,0.03,12000
NIKKEI28P2606A,20260302,0.18,0.18,0.18,0.18,10100
NIKKEI28P2606B,20260302,0.34,0.39,0.34,0.36,143000
NIKKEI28P2606D,20260302,0.49,0.54,0.49,0.54,12000
NIKKEI41C2606B,20260302,1.43,1.45,1.34,1.37,600
NIKKEI41C2606C,20260302,1.02,1.02,0.93,0.95,370000
NIKKEI41P2606A,20260302,0.51,0.53,0.5,0.53,220600
NIKKEI41P2606B,20260302,0.34,0.36,0.34,0.36,14300
NIKKEI41P2606C,20260302,0.23,0.24,0.23,0.24,510000
OR01C2606T,20260302,0.03,0.03,0.03,0.03,194800
OR01C2607A,20260302,0.09,0.09,0.06,0.06,3528600
OR01C2608A,20260302,0.17,0.18,0.13,0.13,293400
OR13C2605A,20260302,0.11,0.11,0.07,0.07,6702200
OR19C2607A,20260302,0.13,0.13,0.09,0.09,1257300
OR41C2605A,20260302,0.1,0.1,0.09,0.09,600
OR41C2605T,20260302,0.03,0.03,0.03,0.03,3000
OR41C2608T,20260302,0.29,0.3,0.22,0.22,1572300
OSP01C2607A,20260302,0.22,0.23,0.18,0.18,5056100
OSP13C2607A,20260302,0.21,0.22,0.16,0.16,4060000
OSP41C2606T,20260302,0.07,0.07,0.07,0.07,300
OSP41C2607A,20260302,0.17,0.18,0.13,0.13,3400
PINGAN41C2606A,20260302,0.22,0.22,0.2,0.2,2300
PLANB13C2603A,20260302,0.02,0.02,0.02,0.02,108000
PLANB13C2607A,20260302,0.62,0.63,0.55,0.55,3007400
PLANB13C2608A,20260302,0.61,0.62,0.53,0.53,7402900
PLANB13C2608B,20260302,0.21,0.21,0.19,0.19,7360300
PLANB19C2605A,20260302,0.38,0.39,0.31,0.31,6431600
PLANB41C2607A,20260302,0.6,0.61,0.53,0.53,1251000
PLANB41C2608A,20260302,0.57,0.58,0.5,0.5,5007200
PLANB41C2608B,20260302,0.19,0.19,0.17,0.17,960300
PLANB41C2612T,20260302,0.24,0.24,0.22,0.22,600
POPMAR41C2605A,20260302,0.44,0.47,0.43,0.43,2600
POPMAR41C2609T,20260302,1.05,1.09,1.03,1.04,7100
PR901C2608A,20260302,0.18,0.2,0.17,0.17,1734700
PR913C2605A,20260302,0.11,0.13,0.1,0.1,4163200
PR913C2608A,20260302,0.29,0.31,0.25,0.25,8020600
PR941C2609T,20260302,0.11,0.12,0.11,0.12,200
PRM01C2702T,20260302,0.32,0.32,0.31,0.31,463800
PRM13C2608A,20260302,0.35,0.37,0.31,0.31,27280200
PRM19C2604A,20260302,0.32,0.32,0.32,0.32,20000
PRM41C2612T,20260302,0.51,0.52,0.49,0.49,2415700
PTG01C2607A,20260302,0.55,0.55,0.47,0.48,480100
PTG01C2609A,20260302,0.12,0.12,0.1,0.11,1030000
PTG13C2607A,20260302,0.59,0.61,0.59,0.6,1000000
PTG13C2608A,20260302,0.45,0.47,0.39,0.39,13409500
PTG13C2608B,20260302,0.19,0.19,0.16,0.16,5784700
PTG41C2701T,20260302,0.45,0.45,0.41,0.41,6719200
PTT01C2606T,20260302,0.17,0.17,0.14,0.14,303400
PTT01C2607A,20260302,0.25,0.26,0.22,0.22,2949000
PTT13C2606A,20260302,0.37,0.37,0.34,0.34,187300
PTT13C2608A,20260302,0.23,0.24,0.21,0.21,5423800
PTT13C2701T,20260302,0.32,0.32,0.29,0.3,146300
PTT13P2608A,20260302,0.31,0.32,0.29,0.32,1333100
PTT41C2606A,20260302,0.28,0.28,0.25,0.25,130200
PTT41C2606T,20260302,0.34,0.34,0.32,0.32,300200
PTT41C2608A,20260302,0.19,0.19,0.18,0.18,430300
PTTEP01C2606T,20260302,0.9,0.9,0.82,0.89,1039300
PTTEP01C2607A,20260302,0.89,0.9,0.8,0.89,1667400
PTTEP01C2608A,20260302,0.57,0.58,0.49,0.57,9376200
PTTEP01P2607A,20260302,0.15,0.17,0.15,0.16,1835100
PTTEP13C2603A,20260302,0.28,0.28,0.16,0.25,345100
PTTEP13C2607A,20260302,1.06,1.06,0.95,1.06,609900
PTTEP13C2608A,20260302,0.74,0.74,0.65,0.71,52102700
PTTEP13P2607A,20260302,0.11,0.13,0.11,0.12,1938900
PTTEP19C2607A,20260302,1.26,1.26,1.26,1.26,3000
PTTEP19C2608A,20260302,0.55,0.56,0.48,0.54,5030300
PTTEP41C2604T,20260302,0.02,0.03,0.02,0.03,154100
PTTEP41C2607A,20260302,1,1,0.91,0.96,640700
PTTEP41C2608A,20260302,0.66,0.66,0.59,0.66,2373100
PTTEP41C2609T,20260302,0.88,0.88,0.82,0.88,2292400
PTTGC01C2603A,20260302,0.01,0.01,0.01,0.01,160000
PTTGC01C2607A,20260302,0.18,0.18,0.14,0.14,5107300
PTTGC01P2605A,20260302,0.04,0.04,0.03,0.03,600
PTTGC01P2607A,20260302,0.22,0.24,0.21,0.24,4076900
PTTGC13C2604A,20260302,0.62,0.62,0.62,0.62,1100
PTTGC13C2607A,20260302,0.26,0.28,0.23,0.23,35350200
PTTGC13P2607A,20260302,0.28,0.29,0.25,0.29,9347900
PTTGC19C2607A,20260302,0.32,0.34,0.27,0.27,1914200
PTTGC41C2607A,20260302,0.25,0.27,0.22,0.23,5356600
PTTGC41C2608T,20260302,0.7,0.7,0.69,0.69,200
PTTGC41C2611T,20260302,0.19,0.19,0.19,0.19,30000
PTTGC41C2612T,20260302,0.37,0.38,0.34,0.34,1198800
PTTGC41P2607A,20260302,0.21,0.24,0.2,0.24,1050400
RCL01C2608A,20260302,0.23,0.33,0.23,0.3,5934000
RCL01C2610T,20260302,0.33,0.38,0.31,0.37,5157100
RCL13C2604A,20260302,0.16,0.3,0.15,0.28,9380700
RCL13C2608A,20260302,0.24,0.34,0.24,0.33,18933600
RCL41C2604A,20260302,0.16,0.27,0.15,0.27,4628100
RCL41C2608T,20260302,0.62,0.63,0.6,0.6,600400
RCL41C2612T,20260302,0.27,0.31,0.27,0.3,4940200
SAWAD01C2606A,20260302,0.71,0.74,0.58,0.58,3038600
SAWAD01C2607A,20260302,0.16,0.18,0.14,0.14,3132300
SAWAD01P2606A,20260302,0.14,0.16,0.12,0.16,4212700
SAWAD01P2608A,20260302,0.37,0.39,0.34,0.39,3004800
SAWAD13C2604A,20260302,0.03,0.03,0.02,0.02,18542000
SAWAD13C2607A,20260302,0.21,0.24,0.19,0.19,25278500
SAWAD13P2608A,20260302,0.32,0.34,0.3,0.34,2577800
SAWAD19C2605A,20260302,0.09,0.11,0.09,0.09,1941100
SAWAD19C2608A,20260302,0.34,0.38,0.31,0.31,2414200
SAWAD41C2604A,20260302,0.03,0.03,0.03,0.03,1300
SAWAD41C2607A,20260302,0.21,0.21,0.18,0.18,350900
SAWAD41C2609T,20260302,0.13,0.13,0.13,0.13,100000
SAWAD41C2610T,20260302,0.51,0.52,0.46,0.46,1300
SAWAD41P2608A,20260302,0.29,0.29,0.29,0.29,100000
SCB01C2605A,20260302,0.31,0.31,0.29,0.29,1559700
SCB01C2607A,20260302,0.46,0.47,0.45,0.45,1176800
SCB01C2608A,20260302,0.38,0.38,0.34,0.34,1480800
SCB01P2605A,20260302,0.03,0.04,0.03,0.04,42200
SCB01P2607A,20260302,0.39,0.4,0.37,0.38,1700500
SCB13C2603A,20260302,0.01,0.01,0.01,0.01,200
SCB13C2607A,20260302,0.19,0.22,0.19,0.19,12561100
SCB13C2607B,20260302,0.39,0.41,0.39,0.39,14733900
SCB13P2607A,20260302,0.48,0.49,0.48,0.49,5868000
SCB19C2612T,20260302,0.48,0.5,0.48,0.49,6129700
SCB41C2609T,20260302,0.55,0.55,0.54,0.54,2000400
SCC01C2605A,20260302,0.58,0.58,0.55,0.55,802000
SCC01C2607A,20260302,0.31,0.33,0.3,0.3,6048900
SCC01P2605A,20260302,0.09,0.1,0.08,0.09,3300
SCC01P2607A,20260302,0.45,0.46,0.44,0.46,2690100
SCC13C2604A,20260302,0.17,0.19,0.17,0.17,687700
SCC13C2607A,20260302,0.48,0.48,0.42,0.42,14865300
SCC13C2701T,20260302,0.43,0.43,0.43,0.43,1300
SCC13P2607A,20260302,0.39,0.42,0.39,0.42,4071300
SCC19C2607A,20260302,0.35,0.36,0.34,0.34,2380600
SCC41C2607A,20260302,0.43,0.43,0.39,0.4,713900
SCC41C2611T,20260302,0.3,0.3,0.29,0.29,1000
SCC41C2612T,20260302,0.77,0.77,0.73,0.73,600500
SCC41P2607A,20260302,0.33,0.37,0.33,0.37,804400
SCGP01C2604A,20260302,0.16,0.16,0.1,0.11,8631800
SCGP01C2608A,20260302,0.34,0.34,0.27,0.29,9757400
SCGP01P2604A,20260302,0.03,0.04,0.03,0.04,200
SCGP01P2608A,20260302,0.44,0.46,0.41,0.46,3085900
SCGP13C2603A,20260302,0.01,0.01,0.01,0.01,1914900
SCGP13C2605A,20260302,0.38,0.38,0.33,0.33,478400
SCGP13C2607A,20260302,0.29,0.29,0.23,0.24,22762700
SCGP13P2608A,20260302,0.45,0.55,0.45,0.52,14891900
SCGP19C2607A,20260302,0.39,0.39,0.28,0.3,5552700
SCGP41C2606T,20260302,0.21,0.21,0.18,0.18,981500
SCGP41C2607A,20260302,0.27,0.27,0.2,0.2,2818900
SCGP41C2609T,20260302,0.52,0.52,0.46,0.48,251000
SET01C2604A,20260302,2,2.4,1.63,1.63,654500
SET01C2605A,20260302,3.36,3.78,2.86,2.86,29900
SET01C2606L,20260302,3.68,3.74,3.58,3.58,300
SET01C2607A,20260302,2.14,2.7,2,2,2458400
SET01C2607B,20260302,0.76,0.92,0.7,0.7,11880600
SET01P2603T,20260302,0.01,0.01,0.01,0.01,22400
SET01P2604A,20260302,0.02,0.02,0.02,0.02,517100
SET01P2605A,20260302,0.03,0.04,0.03,0.04,1135500
SET01P2606L,20260302,0.64,0.7,0.59,0.7,1687600
SET01P2607A,20260302,0.19,0.24,0.15,0.23,8933300
SET01P2607B,20260302,0.58,0.68,0.48,0.68,2636600
SET5001C2603F,20260302,0.86,0.97,0.66,0.66,1189800
SET5001C2603G,20260302,1.72,1.79,1.17,1.17,27700
SET5001C2603H,20260302,3.74,3.84,3.04,3.04,226600
SET5001C2603I,20260302,1.9,2.12,1.31,1.31,51900
SET5001C2605A,20260302,2.24,2.46,1.86,1.86,81500
SET5001C2606F,20260302,1.91,2.1,1.62,1.62,84300
SET5001C2606G,20260302,0.8,0.91,0.63,0.63,1709700
SET5001C2606H,20260302,0.49,0.52,0.35,0.35,1026700
SET5001C2607A,20260302,1.28,1.47,1.09,1.09,623400
SET5001C2607B,20260302,0.37,0.46,0.34,0.34,1094200
SET5001P2603F,20260302,0.02,0.02,0.02,0.02,166000
SET5001P2603G,20260302,0.01,0.01,0.01,0.01,513000
SET5001P2605A,20260302,0.03,0.03,0.02,0.02,930300
SET5001P2606F,20260302,0.15,0.2,0.14,0.2,564600
SET5001P2606G,20260302,0.37,0.48,0.34,0.48,4038900
SET5001P2606H,20260302,0.86,0.99,0.78,0.99,4384300
SET5001P2607A,20260302,0.12,0.15,0.11,0.15,3118600
SET5001P2607B,20260302,0.52,0.72,0.52,0.72,2391100
SET5013C2603A,20260302,1.15,1.3,0.74,0.74,14499900
SET5013C2603B,20260302,1.67,1.85,1.22,1.22,171900
SET5013C2603C,20260302,2.74,2.86,1.77,1.77,310000
SET5013C2603D,20260302,3.64,4.16,2.48,2.48,643100
SET5013C2603E,20260302,5.9,5.9,3.36,3.36,8700
SET5013C2603F,20260302,7.25,8.1,5.95,5.95,259300
SET5013C2603G,20260302,2.52,2.54,1.53,1.53,178700
SET5013C2606A,20260302,1.6,1.73,1.24,1.24,2859800
SET5013C2606B,20260302,1.08,1.17,0.82,0.82,27000400
SET5013C2606C,20260302,0.78,0.85,0.59,0.59,214991400
SET5013C2606D,20260302,0.63,0.7,0.48,0.48,174191500
SET5013C2606E,20260302,0.48,0.53,0.36,0.36,633949500
SET5013C2606F,20260302,0.37,0.42,0.27,0.27,95782000
SET5013C2606G,20260302,0.3,0.33,0.22,0.22,286208100
SET5013P2603A,20260302,0.02,0.02,0.01,0.01,182800
SET5013P2603B,20260302,0.01,0.01,0.01,0.01,1500
SET5013P2603C,20260302,0.01,0.01,0.01,0.01,5400
SET5013P2603D,20260302,0.01,0.01,0.01,0.01,79100
SET5013P2603E,20260302,0.01,0.02,0.01,0.01,1445100
SET5013P2603F,20260302,0.01,0.01,0.01,0.01,7000
SET5013P2603G,20260302,0.02,0.02,0.02,0.02,5000
SET5013P2603H,20260302,0.01,0.01,0.01,0.01,3200
SET5013P2603I,20260302,0.01,0.02,0.01,0.01,1338900
SET5013P2603J,20260302,0.01,0.02,0.01,0.02,886700
SET5013P2603K,20260302,0.01,0.02,0.01,0.02,1074500
SET5013P2603X,20260302,2.62,2.94,2.54,2.94,95300
SET5013P2606A,20260302,0.14,0.17,0.12,0.17,31447800
SET5013P2606B,20260302,0.17,0.22,0.15,0.22,23949500
SET5013P2606C,20260302,0.27,0.34,0.24,0.34,28969800
SET5013P2606D,20260302,0.41,0.51,0.37,0.51,333945600
SET5013P2606E,20260302,0.61,0.76,0.56,0.76,139081400
SET5013P2606F,20260302,0.82,1.01,0.74,1.01,494020300
SET5013P2606G,20260302,1.25,1.51,1.14,1.51,19507000
SET5019C2603A,20260302,1.85,1.85,1.52,1.52,2600
SET5019C2603C,20260302,3.46,3.52,3.42,3.5,2100
SET5019C2606A,20260302,1.29,1.38,1.08,1.08,389000
SET5019C2606B,20260302,0.86,0.93,0.7,0.7,24043700
SET5019C2606C,20260302,0.52,0.57,0.38,0.38,27874800
SET5019P2603A,20260302,0.01,0.01,0.01,0.01,5000300
SET5019P2603B,20260302,0.01,0.01,0.01,0.01,3134500
SET5019P2603C,20260302,0.01,0.02,0.01,0.02,1592200
SET5019P2603D,20260302,0.01,0.02,0.01,0.02,6575400
SET5019P2606A,20260302,0.13,0.17,0.12,0.17,1599300
SET5019P2606B,20260302,0.34,0.43,0.32,0.43,39920000
SET5019P2606C,20260302,0.5,0.65,0.45,0.65,39378300
SET5041C2606B,20260302,0.93,0.99,0.71,0.71,141100
SET5041C2606C,20260302,0.71,0.74,0.54,0.54,6133500
SET5041C2606D,20260302,0.53,0.58,0.4,0.4,36886500
SET5041C2606E,20260302,0.42,0.44,0.3,0.3,70165500
SET5041C2606F,20260302,0.33,0.35,0.25,0.25,12806700
SET5041C2606G,20260302,0.27,0.29,0.2,0.2,758700
SET5041C2609T,20260302,1.23,1.28,1.13,1.13,6704100
SET5041P2603C,20260302,0.01,0.01,0.01,0.01,201000
SET5041P2603E,20260302,0.01,0.01,0.01,0.01,212000
SET5041P2603F,20260302,0.04,0.04,0.04,0.04,33500
SET5041P2603J,20260302,0.01,0.01,0.01,0.01,100
SET5041P2606A,20260302,0.12,0.15,0.12,0.15,189000
SET5041P2606C,20260302,0.2,0.24,0.2,0.24,1192900
SET5041P2606D,20260302,0.37,0.46,0.36,0.46,84200
SET5041P2606E,20260302,0.59,0.7,0.54,0.7,112132600
SET5041P2606F,20260302,0.71,0.94,0.68,0.94,111132400
SET5041P2609T,20260302,0.35,0.38,0.34,0.38,214100
SIRI13C2605A,20260302,0.25,0.28,0.25,0.25,7765900
SIRI41C2605A,20260302,0.23,0.26,0.23,0.24,1400200
SISB13C2603A,20260302,0.01,0.01,0.01,0.01,200000
SISB13C2607A,20260302,0.22,0.23,0.19,0.19,11375700
SISB19C2612A,20260302,0.44,0.45,0.41,0.41,3253300
SISB41C2603A,20260302,0.01,0.01,0.01,0.01,100
SISB41C2611T,20260302,0.16,0.16,0.15,0.15,100200
SISB41C2702T,20260302,0.28,0.28,0.26,0.26,700
SJWD13C2608A,20260302,0.43,0.47,0.42,0.42,5059500
SPRC01C2607A,20260302,0.42,0.42,0.36,0.39,5024300
SPRC13C2604A,20260302,0.26,0.26,0.19,0.21,7279500
SPRC13C2607A,20260302,0.43,0.43,0.37,0.39,22758500
SPRC13P2604A,20260302,0.02,0.02,0.02,0.02,100
SPRC41C2604A,20260302,0.23,0.23,0.19,0.21,3986000
SPRC41C2606T,20260302,0.32,0.32,0.27,0.28,710500
SPRC41C2607A,20260302,0.4,0.4,0.34,0.37,3238900
SPRC41C2612T,20260302,0.67,0.67,0.64,0.64,750700
SPX28P2603A,20260302,0.21,0.21,0.21,0.21,50000
SPX28P2603B,20260302,0.18,0.18,0.18,0.18,100
SPX41C2606A,20260302,0.56,0.56,0.49,0.54,33300
SPX41P2606A,20260302,0.89,0.89,0.87,0.87,81200
STA01C2603A,20260302,0.01,0.01,0.01,0.01,101000
STA01C2607A,20260302,0.28,0.3,0.24,0.24,1628000
STA13C2605A,20260302,0.25,0.28,0.22,0.22,6658300
STA13C2608A,20260302,0.31,0.32,0.29,0.29,3129000
STA19C2607A,20260302,0.4,0.42,0.37,0.37,800400
STA19C2612A,20260302,0.37,0.38,0.35,0.35,3670100
STA41C2612T,20260302,0.21,0.21,0.21,0.21,1880400
STGT01C2608A,20260302,0.33,0.34,0.33,0.33,823500
STGT13C2607A,20260302,0.31,0.31,0.28,0.3,5273600
STGT13C2607B,20260302,0.07,0.09,0.07,0.08,665200
STGT41C2612T,20260302,0.36,0.36,0.34,0.36,1880200
TASCO13C2604A,20260302,0.05,0.05,0.04,0.04,200
TASCO41C2612T,20260302,0.22,0.22,0.22,0.22,22000
TCAP13C2605A,20260302,0.21,0.22,0.19,0.19,5242900
TENCEN28P2604A,20260302,0.63,0.63,0.63,0.63,100
TENCEN41C2606A,20260302,0.05,0.06,0.05,0.05,410800
TENCEN41P2603A,20260302,0.49,0.49,0.49,0.49,200
TFG13C2604A,20260302,1.04,1.18,1.04,1.18,48600
TFG13C2606A,20260302,0.39,0.47,0.39,0.47,1848300
TFG13C2608A,20260302,0.31,0.36,0.31,0.36,35281400
TFG19C2606A,20260302,1.34,1.43,1.34,1.42,12500
TFG19C2608A,20260302,0.31,0.35,0.31,0.34,8464600
TFG41C2606A,20260302,0.4,0.44,0.4,0.42,650200
TFG41C2608A,20260302,0.29,0.32,0.29,0.32,400
TFG41C2612T,20260302,0.7,0.76,0.7,0.76,1851000
TIDLOR01C2605A,20260302,0.06,0.06,0.05,0.05,64100
TIDLOR01C2606A,20260302,0.4,0.41,0.33,0.33,3558300
TIDLOR01C2608A,20260302,0.32,0.33,0.26,0.27,3745000
TIDLOR01C2610T,20260302,0.29,0.29,0.25,0.25,1955900
TIDLOR01P2605A,20260302,0.23,0.29,0.22,0.29,4557600
TIDLOR01P2608A,20260302,0.76,0.86,0.75,0.86,1357700
TIDLOR13C2604A,20260302,0.06,0.06,0.04,0.04,197100
TIDLOR13C2607A,20260302,0.43,0.43,0.34,0.34,13433300
TIDLOR13C2701T,20260302,0.45,0.46,0.4,0.4,5786900
TIDLOR13P2608A,20260302,0.41,0.46,0.41,0.46,3621000
TIDLOR19C2609T,20260302,0.31,0.31,0.27,0.27,3010600
TIDLOR19C2612T,20260302,0.65,0.67,0.58,0.59,9627500
TIDLOR41C2607A,20260302,0.4,0.4,0.31,0.32,2721200
TIDLOR41C2612T,20260302,0.3,0.3,0.27,0.27,30700
TISCO13C2607A,20260302,0.21,0.21,0.2,0.2,3506000
TISCO41C2606T,20260302,0.36,0.36,0.35,0.35,601000
TLI01C2607A,20260302,0.11,0.11,0.11,0.11,1948700
TLI13C2607A,20260302,0.15,0.15,0.14,0.14,820200
TOA01C2702T,20260302,0.39,0.44,0.39,0.39,4019500
TOA13C2605A,20260302,0.24,0.33,0.24,0.26,8359900
TOP01C2605A,20260302,0.84,0.84,0.66,0.66,387300
TOP01C2608A,20260302,0.82,0.82,0.59,0.61,3078100
TOP01C2609A,20260302,0.5,0.5,0.35,0.37,10039800
TOP01C2701T,20260302,0.63,0.63,0.54,0.55,1639900
TOP01P2607A,20260302,0.15,0.18,0.13,0.18,1855800
TOP01P2609A,20260302,0.58,0.73,0.58,0.72,2576600
TOP13C2603A,20260302,0.66,0.66,0.63,0.63,800
TOP13C2606A,20260302,1.31,1.31,1.11,1.11,30100
TOP13C2607A,20260302,0.89,0.89,0.71,0.71,32500
TOP13C2608A,20260302,0.64,0.64,0.46,0.47,35158900
TOP13P2607A,20260302,0.11,0.14,0.11,0.14,241500
TOP13P2608A,20260302,0.47,0.59,0.47,0.58,7451200
TOP41C2606A,20260302,1.02,1.02,1,1,200000
TOP41C2607A,20260302,0.75,0.75,0.65,0.65,300200
TOP41C2608A,20260302,0.58,0.58,0.42,0.45,7149400
TOP41C2609T,20260302,1.62,1.62,1.44,1.44,300200
TOP41C2611T,20260302,0.89,0.89,0.77,0.78,1245000
TRUE01C2606T,20260302,0.1,0.12,0.09,0.09,697000
TRUE01C2607A,20260302,0.54,0.55,0.5,0.54,2572700
TRUE01C2608A,20260302,0.34,0.34,0.31,0.32,2903900
TRUE01P2607A,20260302,0.14,0.14,0.14,0.14,999400
TRUE01P2608A,20260302,0.54,0.56,0.53,0.56,1954000
TRUE13C2607A,20260302,0.43,0.48,0.41,0.44,791300
TRUE13C2607B,20260302,0.49,0.51,0.47,0.48,11036900
TRUE13C2608A,20260302,0.35,0.36,0.34,0.34,15474500
TRUE13P2607A,20260302,0.15,0.15,0.14,0.15,5024400
TRUE13P2608A,20260302,0.51,0.52,0.49,0.51,5243100
TRUE19C2604A,20260302,0.24,0.24,0.22,0.22,2191800
TRUE19C2607A,20260302,0.53,0.53,0.53,0.53,45000
TRUE19C2608A,20260302,0.33,0.34,0.31,0.32,3781800
TRUE41C2607A,20260302,0.42,0.43,0.41,0.42,730600
TRUE41C2607B,20260302,0.42,0.43,0.4,0.4,2701200
TRUE41C2608A,20260302,0.31,0.33,0.31,0.31,100200
TRUE41C2612T,20260302,0.34,0.36,0.32,0.33,4695800
TTB01C2605A,20260302,0.12,0.12,0.12,0.12,5250800
TTB01C2608A,20260302,0.17,0.18,0.17,0.18,3485800
TTB13C2607A,20260302,0.19,0.21,0.19,0.19,455300
TTB13C2608A,20260302,0.16,0.17,0.15,0.16,4505000
TU01C2607A,20260302,0.15,0.15,0.14,0.14,353900
TU01P2605A,20260302,0.17,0.17,0.16,0.16,620200
TU13C2607A,20260302,0.14,0.15,0.13,0.13,9836400
TU13P2608A,20260302,0.31,0.32,0.3,0.32,986300
TU19C2603A,20260302,0.01,0.01,0.01,0.01,4400
TU19C2607A,20260302,0.15,0.16,0.15,0.15,1607600
TU41C2607A,20260302,0.12,0.12,0.12,0.12,150000
VGI01C2604A,20260302,0.02,0.02,0.02,0.02,1051400
VGI01C2606A,20260302,0.15,0.16,0.11,0.11,5236600
VGI01C2608A,20260302,0.31,0.33,0.24,0.24,4168000
VGI13C2604A,20260302,0.01,0.02,0.01,0.01,767200
VGI13C2605A,20260302,0.12,0.12,0.07,0.07,11670000
VGI13C2607A,20260302,0.27,0.28,0.19,0.19,13095400
VGI13C2608A,20260302,0.21,0.22,0.16,0.16,14327000
VGI19C2607A,20260302,0.38,0.41,0.3,0.3,2849900
VGI19C2607B,20260302,0.2,0.21,0.15,0.15,3382700
VGI19C2610T,20260302,0.16,0.17,0.13,0.13,1850600
VGI41C2605A,20260302,0.11,0.11,0.08,0.08,614100
VGI41C2608A,20260302,0.19,0.2,0.16,0.16,862000
VGI41C2612T,20260302,0.04,0.04,0.03,0.03,153000
VGI41C2703T,20260302,0.43,0.43,0.39,0.39,48600
WHA01C2608A,20260302,0.37,0.39,0.34,0.34,6466200
WHA01C2610T,20260302,0.66,0.67,0.62,0.62,3800600
WHA01P2608A,20260302,0.61,0.65,0.6,0.65,4828500
WHA13C2603A,20260302,0.02,0.02,0.02,0.02,56200
WHA13C2605A,20260302,0.61,0.63,0.58,0.58,200600
WHA13C2608A,20260302,0.46,0.48,0.42,0.43,18431100
WHA13P2608A,20260302,0.74,0.77,0.71,0.77,17241500
WHA19C2607A,20260302,0.4,0.41,0.35,0.36,6270300
WHA41C2608A,20260302,0.43,0.44,0.39,0.4,1922400
WHA41C2608T,20260302,0.2,0.2,0.19,0.19,400
WHA41C2612T,20260302,0.35,0.36,0.33,0.33,927300
WHA41C2701T,20260302,0.51,0.52,0.49,0.49,560500
XIAOMI28C2606A,20260302,0.08,0.08,0.07,0.08,56100
XIAOMI41C2609T,20260302,0.44,0.45,0.43,0.43,8500
ZIJIN41C2603A,20260302,0.82,0.82,0.82,0.82,200
ZIJIN41C2606A,20260302,0.51,0.55,0.5,0.55,151300
AAPL01,20260302,24.9,24.9,24,24.1,14923
AAPL03,20260302,2.82,2.82,2.72,2.74,17932
AAPL19,20260302,5.65,5.65,5.45,5.45,939
AAPL80,20260302,8.4,8.5,8.15,8.2,749077
ABBV19,20260302,7.05,7.25,7.05,7.2,35395
ABNB06,20260302,4.2,4.2,4.14,4.16,52
ADBE03,20260302,1.77,1.82,1.76,1.8,54333
ADBE06,20260302,2,2.04,1.96,2.04,549078
ADVANT19,20260302,5.25,5.25,5.1,5.1,151613
ADVANT23,20260302,3.58,3.58,3.44,3.44,1140550
AIA06,20260302,3.36,3.4,3.36,3.4,1647
AIA19,20260302,3.34,3.42,3.34,3.4,14497
AIA23,20260302,2.6,2.64,2.58,2.62,325011
AMD80,20260302,1.27,1.27,1.2,1.21,26747273
AMGN06,20260302,2.94,3.1,2.94,3.06,76598
AMZN01,20260302,18.9,19,18.8,18.9,138979
AMZN06,20260302,1.61,1.62,1.6,1.62,283465
AMZN80,20260302,1.62,1.63,1.59,1.6,11141436
ANTA13,20260302,2.12,2.12,2.1,2.1,1098
ANTA23,20260302,2.12,2.16,2.04,2.04,430345
ASEMI24,20260302,2.56,2.62,2.5,2.5,1032151
ASML01,20260302,37.5,37.5,36,36.5,334644
AVGO80,20260302,1.97,1.98,1.93,1.94,6556561
AXP06,20260302,2.54,2.54,2.4,2.42,265040
BABA01,20260302,12.3,12.7,12.2,12.2,664378
BABA06,20260302,5.5,5.6,5.5,5.5,356237
BABA13,20260302,2.34,2.34,2.22,2.24,1108607
BABA23,20260302,3.68,3.74,3.62,3.62,1134802
BABA80,20260302,5.45,5.6,5.35,5.35,17704638
BAC03,20260302,3.22,3.22,3.06,3.08,143446
BDX06,20260302,1.84,1.84,1.81,1.83,142496
BIDU01,20260302,10.8,11.2,10.7,11.2,145746
BIDU06,20260302,4.76,4.82,4.72,4.72,45424
BIDU23,20260302,2.24,2.4,2.24,2.24,801843
BIDU80,20260302,4.72,4.84,4.7,4.7,13924106
BILIBILI01,20260302,4.12,4.16,4.02,4.06,169560
BKNG03,20260302,2.18,2.2,2.14,2.14,87
BKNG80,20260302,2.62,2.62,2.54,2.6,2187094
BLK06,20260302,3.36,3.36,3.24,3.24,18777
BONDAS19,20260302,6.25,6.3,6.2,6.25,2554
BRKB80,20260302,1.56,1.57,1.55,1.55,2267424
BYDCOM01,20260302,0.87,0.91,0.86,0.9,460919
BYDCOM80,20260302,0.38,0.41,0.38,0.4,35376457
CATL01,20260302,4.38,4.48,4.38,4.38,2602573
CATL23,20260302,7.75,7.9,7.75,7.85,211877
CATL80,20260302,19.3,19.7,19.3,19.4,471707
CHHONGQ19,20260302,14.5,15.4,14.5,15.3,128746
CHMOBILE19,20260302,3.14,3.18,3.14,3.16,417912
CHNXT5023,20260302,6.8,6.9,6.75,6.85,222418
CMBANK23,20260302,2.16,2.16,2.1,2.1,4833
CN01,20260302,22.1,22.4,22,22.1,32383
CN23,20260302,5.65,5.7,5.6,5.7,1070
CNBIO24,20260302,1.39,1.4,1.37,1.4,44152
CNEV24,20260302,2.18,2.18,2.16,2.16,1270
CNROBOAI23,20260302,2.6,2.64,2.56,2.64,38367
CNSEMI23,20260302,2.7,2.76,2.64,2.64,32755
CNSTAR5023,20260302,7.1,7.1,7,7,2133
CNTECH01,20260302,25.25,25.75,25,25.75,175930
COSTCO19,20260302,30.75,31.75,30.5,31.5,7341
CRM01,20260302,3.36,3.36,3.28,3.36,99410
CRM06,20260302,2.4,2.42,2.36,2.4,35073
CRWD06,20260302,2.34,2.36,2.24,2.32,177158
CRWD80,20260302,11.8,11.8,11.2,11.8,569022
CSCO06,20260302,3.04,3.1,3.02,3.08,58846
DBS19,20260302,13.9,13.9,13.7,13.8,112352
DDOG19,20260302,3.62,3.62,3.4,3.44,57869
DELL19,20260302,4.22,4.6,4.18,4.54,1470646
DISNEY19,20260302,16.4,16.5,16.2,16.4,74626
DUOL06,20260302,1.72,1.96,1.66,1.91,1552552
E1VFVN3001,20260302,42.25,43,41.5,41.5,1301026
ESTEE80,20260302,1.14,1.14,1.09,1.1,633552
EXPE06,20260302,2.66,2.66,2.6,2.6,65566
FERRARI80,20260302,1.18,1.18,1.13,1.15,549312
FPTVN11,20260302,2.18,2.18,2.14,2.16,125486
FPTVN19,20260302,10.9,11,10.8,10.9,459700
FUEVFVND01,20260302,48,48.5,47,47.25,880130
GASVN11,20260302,5.5,5.6,5.5,5.5,178757
GEELY06,20260302,2.54,2.54,2.54,2.54,400
GEELY80,20260302,6.3,6.35,6.25,6.35,48528
GOLD03,20260302,3.88,3.98,3.84,3.98,4354524
GOLD19,20260302,15.3,15.9,15.2,15.7,3555109
GOLDUS19,20260302,49.25,52.75,49.25,52.25,874206
GOOG80,20260302,4.78,4.8,4.72,4.76,10179247
GOOGL01,20260302,28.25,28.25,27.75,28.25,138433
GOOGL03,20260302,4.78,4.82,4.74,4.78,154589
GRAB80,20260302,13.3,13.3,12.8,12.8,98906
GSUS06,20260302,4.1,4.12,3.76,3.78,1163124
HAIERS19,20260302,10.4,10.5,10.4,10.5,14624
HANSOH19,20260302,5.45,5.55,5.45,5.55,3790
HERMES80,20260302,7.55,7.6,7.25,7.3,132069
HK01,20260302,21,21.3,20.9,21.2,32887
HK13,20260302,5.6,5.6,5.55,5.6,552
HKCE01,20260302,23.5,23.9,23.5,23.8,14189
HKEX23,20260302,2.12,2.14,2.08,2.08,23860
HKTECH13,20260302,4,4,3.94,4,217252
HONDA19,20260302,3.1,3.1,3.08,3.08,47679
HOOD06,20260302,2.44,2.44,2.3,2.3,413379
HORIZON23,20260302,1.99,2.02,1.96,1.97,94276
HPG19,20260302,3.4,3.5,3.4,3.46,91158
HSHD23,20260302,6.75,6.95,6.75,6.9,95459
HUAHONG23,20260302,5.25,5.45,5.2,5.2,3230547
IBM06,20260302,3.02,3.02,2.94,2.94,293769
ICBC06,20260302,2.54,2.62,2.52,2.58,6628
ICBC19,20260302,2.54,2.58,2.52,2.54,111979
INDIA01,20260302,13.4,13.5,13.2,13.3,208021
INDIAESG19,20260302,4.2,4.2,4.14,4.14,128203
ISRG01,20260302,3.48,3.5,3.44,3.48,382806
ISRG06,20260302,3.16,3.16,3.1,3.1,316
ISRG19,20260302,3.9,3.94,3.9,3.9,302
ITOCHU19,20260302,7.4,7.5,7.3,7.4,10523
JAP03,20260302,3.52,3.58,3.5,3.54,75442
JAPAN10001,20260302,27,27.75,27,27.5,27936
JAPAN13,20260302,4.86,4.98,4.86,4.94,11232
JD80,20260302,4.04,4.08,4.02,4.04,785740
JDHEAL19,20260302,4.32,4.38,4.28,4.32,317863
JNJ03,20260302,3.8,3.9,3.8,3.86,145988
JPMUS06,20260302,3.14,3.14,3.06,3.1,158694
JPMUS19,20260302,18.8,18.8,18.3,18.5,9737
KEYENCE23,20260302,2.3,2.3,2.26,2.3,21724
KINGSOFT23,20260302,1.66,1.68,1.64,1.67,19799
KO80,20260302,2.54,2.58,2.52,2.54,185212
KUAISH01,20260302,3.04,3.08,3,3.04,23375
KUAISH06,20260302,2.42,2.46,2.42,2.44,2706
KUAISH23,20260302,1.71,1.75,1.7,1.71,7585819
KUAISH80,20260302,2.4,2.46,2.32,2.34,13762297
LENOVO13,20260302,1.98,1.98,1.91,1.98,351424
LLY80,20260302,1.59,1.63,1.57,1.62,8999335
LOREAL80,20260302,1.47,1.47,1.41,1.41,32865
LPGOLD13,20260302,3,3.06,2.92,3.06,9502
LULU06,20260302,2.9,2.9,2.78,2.8,283446
LVMH01,20260302,12.6,12.6,11.7,12,143837
MA80,20260302,1.6,1.61,1.59,1.59,512531
MEITUAN19,20260302,1.04,1.06,1.03,1.03,389289
MEITUAN80,20260302,3.12,3.16,3.1,3.1,773387
MELI06,20260302,2.18,2.2,2.14,2.18,859619
META01,20260302,5.9,5.95,5.85,5.9,53878
META06,20260302,2.54,2.54,2.48,2.48,138166
META80,20260302,2.56,2.56,2.48,2.48,3723161
MICRON01,20260302,7.95,8.1,7.75,7.8,3231701
MICRON19,20260302,8.5,8.6,8.25,8.35,418126
MITSU19,20260302,10.2,10.4,10.2,10.3,97338
MNSO80,20260302,14,14,13.9,14,9916
MNST06,20260302,3.8,3.88,3.78,3.8,4786
MRVL06,20260302,2.44,2.52,2.44,2.46,48292
MS06,20260302,3.64,3.64,3.38,3.38,751142
MSFT01,20260302,3.64,3.64,3.56,3.62,783854
MSFT06,20260302,3.1,3.1,3.02,3.06,701499
MSFT19,20260302,4.14,4.14,4.06,4.06,190553
MSFT80,20260302,6.2,6.2,6.05,6.1,3520935
MSN11,20260302,3.82,3.84,3.74,3.8,7670
MSN19,20260302,3.18,3.22,3.18,3.18,18100
MUFG19,20260302,5.7,5.7,5.6,5.65,76081
MWG11,20260302,4.42,4.42,4.3,4.3,195824
MWG19,20260302,11,11.2,10.9,11,494767
NDAQ06,20260302,2.74,2.76,2.66,2.68,259629
NDX01,20260302,20,20.2,19.9,20,257525
NEM06,20260302,3.94,4.28,3.94,4.26,2156412
NETEASE80,20260302,7.1,7.2,7.05,7.05,61546
NFLX06,20260302,2.84,2.98,2.82,2.94,2644892
NFLX80,20260302,2.84,2.98,2.8,2.94,28994382
NIKE80,20260302,1,1,0.95,0.95,651702
NIKKEI80,20260302,12.1,12.1,12,12.1,25318
NINTENDO19,20260302,17.5,17.6,17.4,17.6,92175
NINTENDO23,20260302,1.57,1.57,1.55,1.55,31872
NONGFU80,20260302,1.83,1.86,1.83,1.83,662543
NOVOB80,20260302,1.18,1.19,1.14,1.18,10816848
NOW19,20260302,3.32,3.36,3.26,3.3,58217
NVDA01,20260302,16.9,17,16,16.1,1485436
NVDA03,20260302,3.84,3.84,3.64,3.68,202121
NVDA06,20260302,3.84,3.84,3.62,3.66,1399576
NVDA19,20260302,23,23,21.7,22,99946
NVDA80,20260302,29,29,27.25,27.25,3462889
OIL03,20260302,2.28,2.58,2.24,2.58,11856146
ONON03,20260302,2.94,2.94,2.86,2.86,226642
ORCL01,20260302,2.86,2.86,2.76,2.8,219150
ORCL06,20260302,1.84,1.84,1.75,1.77,2736510
ORCL19,20260302,4.58,4.58,4.4,4.44,625545
PANW80,20260302,4.64,4.64,4.5,4.62,633676
PEP80,20260302,1.04,1.07,1.04,1.06,2871447
PETROCN80,20260302,3.88,4.04,3.84,4.04,197013
PFIZER19,20260302,16.8,17.3,16.8,17.1,137447
PINGAN01,20260302,6.05,6.1,6,6.1,25999
PINGAN80,20260302,2.64,2.68,2.62,2.64,4726513
PLTR01,20260302,3.86,4.08,3.78,4.08,1055607
PLTR03,20260302,2.82,3.02,2.78,3.02,425811
PLTR06,20260302,2.84,3,2.74,3,4005220
POPMART23,20260302,2.14,2.16,2.14,2.16,66417
POPMART80,20260302,9,9.2,9,9,527932
PYPL06,20260302,2.84,2.9,2.82,2.86,347933
QCOM06,20260302,2.26,2.26,2.18,2.2,32920
QQQM19,20260302,15.6,15.6,15.4,15.4,550364
RBLX06,20260302,1.84,1.84,1.72,1.73,979026
SANOFI80,20260302,3,3,2.96,2.98,1728241
SANRIO23,20260302,1.67,1.67,1.62,1.65,76152
SBUX80,20260302,1.51,1.54,1.5,1.51,448338
SEMB19,20260302,4.96,4.96,4.88,4.9,15034
SENSE23,20260302,2.38,2.44,2.32,2.36,439996
SGX19,20260302,4.46,4.5,4.46,4.5,172
SHOP06,20260302,1.93,1.93,1.82,1.83,364100
SIA19,20260302,16.8,16.9,16.6,16.8,59529
SINGTEL80,20260302,12.2,12.3,12,12,54794
SINOBIO19,20260302,4.72,4.76,4.7,4.74,17395
SMFG19,20260302,11.5,11.6,11.4,11.4,101399
SMIC01,20260302,3.74,3.78,3.7,3.72,50979
SMIC13,20260302,1.86,1.86,1.79,1.84,15737
SMIC23,20260302,3.1,3.12,3.02,3.02,4724329
SNOW06,20260302,2.68,2.7,2.54,2.56,390956
SOFTBANK23,20260302,1.54,1.56,1.52,1.55,802846
SONY80,20260302,3.58,3.6,3.52,3.54,716171
SP50001,20260302,21.6,21.7,21.4,21.5,81770
SP500US19,20260302,12.5,12.6,12.4,12.5,39056
SP500US80,20260302,2.52,2.52,2.48,2.52,1239588
SPBOND80,20260302,8.15,8.2,8.1,8.2,11499
SPCOM80,20260302,3.62,3.64,3.6,3.64,4383
SPENGY80,20260302,3.44,3.76,3.42,3.68,619526
SPFIN80,20260302,16.1,16.1,15.9,15.9,9419
SPHLTH80,20260302,4.9,5,4.9,5,172684
SPOT06,20260302,1.92,2.02,1.91,1.98,83471
SPTECH80,20260302,8.75,8.75,8.55,8.6,9673
STAR5001,20260302,40.5,41.25,40.5,40.75,38661
STEG19,20260302,25,25.75,25,25.75,30936
SUNNY19,20260302,2.22,2.24,2.18,2.18,296740
SUSHI23,20260302,3.08,3.1,3.02,3.08,736247
TAIWAN19,20260302,32.75,33,32.5,33,32489
TAIWANAI13,20260302,13.4,13.4,13.1,13.1,24746
TAIWANHD13,20260302,24.5,24.6,24.4,24.6,2765
TEL23,20260302,3.16,3.24,3.12,3.12,541301
TENCENT01,20260302,4.6,4.72,4.6,4.66,178746
TENCENT06,20260302,2.06,2.3,2.04,2.1,15743
TENCENT13,20260302,4.16,4.18,4.16,4.18,260
TENCENT19,20260302,10.4,10.4,10.3,10.3,32
TENCENT80,20260302,20.3,20.8,20.3,20.4,431132
THAIBEV19,20260302,11.3,11.3,11.1,11.1,50333
TME23,20260302,1.39,1.42,1.39,1.4,5311
TOYOTA80,20260302,7.35,7.9,7.35,7.85,1779438
TRIPCOM23,20260302,1.62,1.65,1.6,1.65,103199
TRIPCOM80,20260302,1.6,1.63,1.6,1.6,11050230
TRVUS06,20260302,3.8,3.9,3.8,3.8,301603
TSLA01,20260302,37.5,37.5,36,36.25,527131
TSLA03,20260302,4.22,4.22,4.08,4.1,44780
TSLA80,20260302,2.54,2.54,2.44,2.46,7998856
UBER06,20260302,2.32,2.34,2.28,2.3,129630
UBTECH23,20260302,1.85,1.91,1.85,1.86,2853703
UNH19,20260302,4.44,4.54,4.4,4.52,360778
UNIQLO80,20260302,13.6,13.7,13.4,13.4,140101
UOB19,20260302,8.95,9.05,8.95,8.95,63261
USTR24,20260302,1.15,1.15,1.14,1.14,30494
VCB11,20260302,3.06,3.06,3.02,3.04,718236
VCB19,20260302,7.7,7.7,7.6,7.65,204338
VENTURE19,20260302,3.74,3.82,3.74,3.78,60525
VHM19,20260302,12.8,12.8,12.3,12.3,14862
VISA06,20260302,1.23,1.24,1.22,1.23,357260
VISA80,20260302,1.24,1.24,1.22,1.23,4377456
VNFIN24,20260302,1.89,1.89,1.83,1.83,505218
VNM19,20260302,8.25,8.35,8.05,8.15,245348
WMT06,20260302,3.86,4.04,3.86,3.98,36835
WORLD03,20260302,3.6,3.62,3.5,3.56,14259
WUXI06,20260302,3.8,3.9,3.8,3.88,1103328
WUXI13,20260302,2.32,2.32,2.32,2.32,100
WUXIAT80,20260302,4.56,4.64,4.56,4.6,119267
XIAOMI01,20260302,3.02,3.06,3,3.04,1113625
XIAOMI13,20260302,2.84,2.88,2.8,2.84,19452
XIAOMI19,20260302,6.65,6.7,6.6,6.65,20395
XIAOMI23,20260302,1.59,1.64,1.59,1.64,333715
XIAOMI80,20260302,13.3,13.6,13.2,13.2,3076634
ZIJIN13,20260302,3.14,3.28,3.08,3.28,62469
ZIJIN80,20260302,18,18.7,18,18.7,369969
A5-W5-O,20260302,0.08,0.08,0.08,0.08,23
ASW-W3-O,20260302,0.89,1.15,0.89,1.12,774
BC-W4-O,20260302,0.04,0.04,0.04,0.04,20
BE8-W1-O,20260302,0.43,0.43,0.43,0.43,22
BWG-W7-O,20260302,0.05,0.06,0.01,0.01,166
CHASE-W1-O,20260302,0.18,0.18,0.18,0.18,18
CHAYO-W4-O,20260302,0.2,0.21,0.2,0.21,141
DEMCO-W8-O,20260302,0.47,0.47,0.39,0.39,122
EA-W1-O,20260302,0.64,0.64,0.3,0.59,476
ECF-W6-O,20260302,0.01,0.01,0.01,0.01,61
GLORY-W1-O,20260302,0.13,0.13,0.13,0.13,10
IROYAL-W1-O,20260302,1.9,1.9,0.09,0.09,80
IROYAL-W2-O,20260302,0.64,0.71,0.64,0.71,20
ITEL-W5-O,20260302,0.08,0.08,0.01,0.06,80
ITEL-W6-O,20260302,0.19,0.19,0.17,0.17,97
JAS-W4-O,20260302,0.3,0.3,0.26,0.26,323
KASET-W1-O,20260302,0.08,0.1,0.07,0.1,70
MGI-W1-O,20260302,0.59,0.6,0.59,0.6,28
NER-W2-O,20260302,0.04,0.04,0.03,0.03,122
NOBLE-W3-O,20260302,0.2,0.21,0.11,0.2,281
ORI-W2-O,20260302,0.35,0.35,0.31,0.31,267
PSTC-W3-O,20260302,0.03,0.03,0.02,0.02,109
QDC-W3-O,20260302,0.03,0.03,0.02,0.02,143
SAMTEL-W2-O,20260302,0.53,0.53,0.45,0.45,66
SGC-W2-O,20260302,0.13,0.13,0.13,0.13,24
TEAMG-W1-O,20260302,0.12,0.12,0.12,0.12,20
TFG-W4-O,20260302,1.84,1.84,1.77,1.79,239
TNITY-W2-O,20260302,0.24,0.24,0.2,0.2,115
TRUBB-W3-O,20260302,0.23,0.23,0.23,0.23,76
TVDH-W5-O,20260302,0.01,0.01,0.01,0.01,76
VGI-W3-O,20260302,0.01,0.01,0.01,0.01,90
VIBHA-W5-O,20260302,0.06,0.06,0.05,0.05,126
XBIO-W7-O,20260302,0.01,0.01,0.01,0.01,100
ZIGA-W2-O,20260302,0.06,0.06,0.06,0.06,264
A5-W4,20260302,0.01,0.01,0.01,0.01,100
A5-W5,20260302,0.1,0.11,0.08,0.09,2085400
ACC-W2,20260302,0.08,0.09,0.08,0.09,2453400
ASW-W3,20260302,0.84,1.18,0.8,1.02,2208300
B-W8,20260302,0.01,0.01,0.01,0.01,50200
BC-W4,20260302,0.05,0.05,0.05,0.05,1067800
BE8-W1,20260302,0.52,0.59,0.5,0.52,327600
BIOTEC-W2,20260302,0.01,0.01,0.01,0.01,200
BR-W1,20260302,0.01,0.01,0.01,0.01,190700
BTC-W7,20260302,0.02,0.02,0.02,0.02,29100
BTS-W8,20260302,0.01,0.01,0.01,0.01,61100
BWG-W7,20260302,0.05,0.06,0.05,0.05,13866400
CHASE-W1,20260302,0.2,0.23,0.2,0.2,208200
CHAYO-W4,20260302,0.26,0.26,0.23,0.23,4607800
COMAN-W1,20260302,0.05,0.06,0.05,0.06,84400
DCON-W4,20260302,0.02,0.03,0.02,0.02,10704400
DEMCO-W8,20260302,0.45,0.45,0.39,0.4,769000
EA-W1,20260302,0.64,0.65,0.56,0.57,13826100
ECF-W6,20260302,0.01,0.01,0.01,0.01,923200
EMC-W7,20260302,0.01,0.01,0.01,0.01,4900
EMPIRE-W1,20260302,0.09,0.1,0.08,0.09,2152300
EMPIRE-W2,20260302,0.12,0.15,0.12,0.14,218400
GLORY-W1,20260302,0.15,0.15,0.13,0.13,547700
HYDRO-W2,20260302,0.09,0.1,0.07,0.09,18536200
IMH-W1,20260302,0.06,0.07,0.06,0.06,996100
IROYAL-W1,20260302,1.57,1.63,1.5,1.53,496600
IROYAL-W2,20260302,1.15,1.23,1.05,1.06,414800
ITEL-W5,20260302,0.09,0.09,0.07,0.07,1262300
ITEL-W6,20260302,0.18,0.19,0.18,0.18,1821100
J-W3,20260302,0.04,0.05,0.04,0.05,215000
J-W4,20260302,0.05,0.05,0.05,0.05,900
JAS-W4,20260302,0.29,0.3,0.25,0.25,40203900
K-W3,20260302,0.03,0.04,0.02,0.03,393700
KASET-W1,20260302,0.1,0.11,0.09,0.11,925200
KGEN-W2,20260302,0.13,0.14,0.1,0.13,960400
KUN-W3,20260302,0.04,0.05,0.04,0.05,512200
MADAME-W6,20260302,0.1,0.1,0.09,0.1,500
MGI-W1,20260302,0.63,0.63,0.5,0.5,724200
NER-W2,20260302,0.05,0.05,0.03,0.03,12189000
NOBLE-W3,20260302,0.2,0.23,0.18,0.19,25189200
NRF-W2,20260302,0.06,0.07,0.06,0.07,469800
ORI-W2,20260302,0.38,0.38,0.3,0.32,2046900
PEER-W2,20260302,0.01,0.01,0.01,0.01,11500
PLANET-W2,20260302,0.27,0.27,0.24,0.24,1100
PPPM-W6,20260302,0.06,0.06,0.05,0.05,121100
PROEN-W2,20260302,0.25,0.26,0.23,0.23,733000
PROS-W1,20260302,0.01,0.01,0.01,0.01,1300
PROUD-W3,20260302,0.15,0.18,0.15,0.16,3703100
PSTC-W3,20260302,0.03,0.04,0.03,0.03,668500
PTECH-W1,20260302,0.23,0.39,0.23,0.39,200
QDC-W3,20260302,0.03,0.04,0.03,0.04,2770400
ROCTEC-W5,20260302,0.01,0.01,0.01,0.01,16000200
SAMTEL-W2,20260302,0.54,0.58,0.5,0.53,78200
SGC-W2,20260302,0.29,0.29,0.25,0.25,152100
STELLA-W6,20260302,0.03,0.03,0.01,0.02,5919200
TCC-W5,20260302,0.17,0.18,0.17,0.18,192000
TEAMG-W1,20260302,0.13,0.14,0.1,0.11,3017800
TFG-W4,20260302,1.7,1.85,1.68,1.76,8696500
TGE-W2,20260302,0.06,0.06,0.05,0.05,66200
TNITY-W2,20260302,0.26,0.26,0.22,0.22,424900
TRUBB-W3,20260302,0.26,0.26,0.24,0.25,1116800
TVDH-W5,20260302,0.01,0.02,0.01,0.02,8506000
TVDH-W6,20260302,0.03,0.03,0.03,0.03,500000
TWZ-W8,20260302,0.01,0.01,0.01,0.01,800000
UREKA-W3,20260302,0.19,0.19,0.18,0.18,165000
VGI-W3,20260302,0.02,0.02,0.02,0.02,203800
VIBHA-W5,20260302,0.07,0.07,0.06,0.06,8571500
VIH-W1,20260302,1.15,1.35,1.1,1.12,80700
XBIO-W6,20260302,0.03,0.04,0.02,0.03,1702600
XBIO-W7,20260302,0.01,0.01,0.01,0.01,52664800
ZIGA-W2,20260302,0.06,0.07,0.05,0.06,2171700
!AGRO,20260302,312.19,315.51,308.65,308.66,42955750000
!CONSUMP,20260302,45.15,45.15,44.06,44.33,3356390000
!FINCIAL,20260302,159.53,161.42,158.45,158.45,103180730000
!INDUS,20260302,57.92,57.92,55.54,55.91,27854310000
!PROPCON,20260302,77.5,78,76.09,76.12,152647750000
!RESOURC,20260302,169.23,169.67,166.39,166.39,139403320000
!SERVICE,20260302,295.31,300.67,292.58,293.11,222465030000
!TECH,20260302,599.56,622.16,582.79,582.79,91650950000
$AGRI,20260302,192.78,196.18,192.38,192.38,6932870000
$AUTO,20260302,308.86,309.15,303.18,304.27,5533830000
$BANK,20260302,506.47,512.25,504.91,504.91,65064140000
$COMM,20260302,21337.4,21799.5,21130.8,21192.7,35885040000
$CONMAT,20260302,5725.14,5726.59,5611.71,5615.55,9422950000
$CONS,20260302,38.48,39.08,37.74,37.74,16065210000
$ENERG,20260302,19302.8,19353,18978,18978,139403320000
$ETRON,20260302,30538.6,32388.4,29663.3,29663.3,17036030000
$FASHION,20260302,525.16,528.7,502.12,510.81,837670000
$FIN,20260302,2149.77,2179.87,2087.96,2092.32,35571740000
$FOOD,20260302,8726.78,8818.27,8615.61,8619.45,36022880000
$HELTH,20260302,4663.9,4717.48,4564.64,4564.64,22047950000
$HOME,20260302,15.53,15.68,15.32,15.32,1335140000
$ICT,20260302,235.86,237.26,229.47,229.56,74614920000
$IMM,20260302,18.4,18.46,18.26,18.26,2702270000
$INSUR,20260302,8853,9041.96,8770.32,8770.32,2544850000
$MEDIA,20260302,17.15,17.34,16.56,16.57,27574260000
$PAPER,20260302,2166.11,2180.18,2123.91,2137.98,54950000
$PERSON,20260302,74.42,74.68,73.11,73.48,1183580000
$PETRO,20260302,561.09,561.09,530.76,535.39,9109610000
$PF&REIT,20260302,136.19,136.5,134.56,134.56,3809640000
$PKG,20260302,2270.06,2270.06,2167.38,2187.33,3973650000
$PROF,20260302,147.78,150.24,143.1,144.45,18875650000
$PROP,20260302,173.65,175.61,169.89,170.34,123349950000
$STEEL,20260302,18.12,18.35,17.93,18.15,6480000000
$TOURISM,20260302,451.4,459.64,442.21,445.5,20030990000
$TRANS,20260302,212.62,217.84,211.93,213.18,98051140000
MAI,20260302,225.97,227.3,221.97,221.97,422987963
SET,20260302,1491.91,1515.99,1466.51,1466.51,16108184350
SET100,20260302,2126.81,2155.59,2090.76,2090.76,5427096000
SET50,20260302,994.24,1008,978.62,978.8,3291109100
SETHD,20260302,1343.71,1353.61,1332.92,1332.92,1757039000
3BBIF-F,20260302,7.3,7.3,7.2,7.2,2000
BDMS-F,20260302,21.1,21.1,21.1,21.1,1000
BTSGIF-F,20260302,2.24,2.24,2.24,2.24,2600
CPN-F,20260302,62.75,62.75,62.75,62.75,100
KTB-F,20260302,33.75,33.75,33.5,33.5,7600
KTC-F,20260302,32.25,32.25,31.5,31.5,33800
PTT-F,20260302,37.25,37.25,37,37.25,8800
SCB-F,20260302,148.5,148.5,146,146,21800
TTB-F,20260302,2.32,2.32,2.32,2.32,300
!AGRO-M,20260302,60.14,60.72,59.45,59.69,3493070000
!CONSUMP-M,20260302,12.97,13.01,12.6,12.64,5022480000
!FINCIAL-M,20260302,32.56,32.66,31.93,31.93,2456090000
!INDUS-M,20260302,39.87,40.04,39.38,39.54,4316170000
!PROPCON-M,20260302,18.22,18.23,17.05,17.05,6258870000
!RESOURC-M,20260302,16.39,17.73,15.81,16.06,3664380000
!SERVICE-M,20260302,43.89,44.15,43.45,43.55,10037140000
!TECH-M,20260302,19.8,20.24,19.73,19.79,2616710000
SET100FF,20260302,2034.76,2061.35,2003.23,2003.23,542709600000
SET50FF,20260302,954.74,967.82,940.94,940.94,329110910000
SETCLMV,20260302,690.67,693.43,673.64,674.45,258854780000
SETESG,20260302,898.79,905.77,886.82,886.82,444482720000
SETWB,20260302,618.64,627.99,610.98,611.3,103577500000
SSET,20260302,610.84,617.78,602.47,602.47,86152280000
