<TICKER>,<DTYYYYMMDD>,<OPEN>,<HIGH>,<LOW>,<CLOSE>,<VOL>
1DIV-O,20260401,12.35,12.35,12.2,12.26,182
2I01BSET50-O,20260401,3.07,3.07,3.05,3.05,46
2X01BSET50-O,20260401,7.07,7.09,7.07,7.09,6
BMSCITH-O,20260401,12.07,12.07,12.07,12.07,31
BSET100-O,20260401,10.82,10.85,10.82,10.85,9
CHINA-O,20260401,7,7,6.97,6.97,27
GLD-O,20260401,6.07,6.11,6.05,6.11,802
TDEX-O,20260401,9.55,9.6,9.53,9.58,462
UBOT-O,20260401,11.5,12.19,11.5,12.19,4
1DIV,20260401,12.25,12.35,12.25,12.25,19500
1I01BSET50,20260401,3.92,3.92,3.91,3.92,7300
2I01BSET50,20260401,3.02,3.07,3.02,3.07,838800
2X01BSET50,20260401,7.1,7.1,7,7.01,389600
ABFTH,20260401,1373,1373,1373,1373,50
BMSCG,20260401,7.92,7.92,7.91,7.91,3200
BMSCITH,20260401,11.96,12.09,11.96,12,294900
BSET100,20260401,10.8,10.84,10.78,10.84,34600
CHINA,20260401,7,7,6.96,6.98,16500
GLD,20260401,6.1,6.13,6.03,6.12,3706000
TDEX,20260401,9.54,9.58,9.5,9.53,1661400
UBOT,20260401,12.29,12.29,12.29,12.29,100
2S,20260401,2.9,2.9,2.84,2.86,297600
3BBIF,20260401,6.55,6.6,6.55,6.6,4884200
88TH,20260401,5.05,5.1,4.98,5,1458600
A5,20260401,1.83,1.84,1.8,1.84,7000
AAI,20260401,3.52,3.54,3.48,3.5,7121700
AAV,20260401,1.16,1.18,1.15,1.16,241858500
ABM,20260401,0.52,0.56,0.51,0.55,28600
ACC,20260401,0.37,0.38,0.37,0.37,2042100
ACE,20260401,1.28,1.29,1.28,1.28,10213200
ACG,20260401,0.64,0.67,0.64,0.66,248300
ADB,20260401,0.58,0.59,0.58,0.58,34600
ADD,20260401,3.44,3.52,3.44,3.48,40700
ADVANC,20260401,378,378,365,365,14195800
ADVICE,20260401,5.4,5.55,5.4,5.45,1742600
AE,20260401,0.08,0.09,0.08,0.09,2043500
AEONTS,20260401,91.25,92.5,90.5,92,895700
AF,20260401,0.36,0.4,0.35,0.35,4800
AFC,20260401,3,3.06,2.98,3.04,9600
AGE,20260401,1.3,1.31,1.25,1.27,4314300
AH,20260401,13.2,13.2,12.9,13.1,108300
AHC,20260401,14.1,14.1,13.4,13.7,62600
AI,20260401,2.96,2.96,2.9,2.94,16600
AIE,20260401,1.22,1.22,1.14,1.15,6779200
AIMCG,20260401,1.31,1.32,1.29,1.3,155000
AIMIRT,20260401,10.9,10.9,10.8,10.9,244900
AIRA,20260401,1.14,1.14,1.14,1.14,2500
AIT,20260401,4.88,4.88,4.82,4.82,866400
AJ,20260401,3.04,3.38,2.98,3.24,22297100
AJA,20260401,0.17,0.18,0.16,0.16,8709600
AKP,20260401,0.69,0.71,0.68,0.7,1200300
AKR,20260401,0.92,0.92,0.91,0.92,1485400
ALLA,20260401,1.24,1.25,1.23,1.25,192900
ALLY,20260401,4.28,4.3,4.26,4.28,488200
ALPHAX,20260401,0.45,0.46,0.44,0.46,3957400
ALT,20260401,1.08,1.09,1.06,1.08,317500
ALUCON,20260401,223,224,222,223,1900
AMA,20260401,3.86,3.9,3.86,3.88,159600
AMANAH,20260401,0.65,0.66,0.65,0.66,618300
AMARC,20260401,3.42,3.44,3.36,3.44,1199200
AMARIN,20260401,2.8,2.9,2.8,2.9,15100
AMATA,20260401,19.6,19.6,19.3,19.4,16158700
AMATAR,20260401,6.65,6.7,6.65,6.65,9300
AMATAV,20260401,2.06,2.06,2.04,2.04,34200
AMC,20260401,2.54,2.54,2.46,2.54,5900
AMR,20260401,0.33,0.34,0.33,0.33,172100
ANAN,20260401,0.37,0.4,0.37,0.39,7974900
ANI,20260401,2.66,2.68,2.6,2.68,143700
AOT,20260401,53.5,54.25,53.25,53.75,40174300
AP,20260401,8.45,8.6,8.45,8.5,8570400
APCO,20260401,2.74,2.76,2.72,2.76,12100
APCS,20260401,1.21,1.22,1.21,1.21,113500
APO,20260401,2.3,2.3,2.18,2.22,2678400
APP,20260401,2.66,2.8,2.66,2.74,1098700
APURE,20260401,2.14,2.24,2.14,2.18,190500
AQUA,20260401,0.13,0.13,0.12,0.12,1157500
ARIN,20260401,0.51,0.56,0.5,0.53,5798300
ARIP,20260401,0.45,0.45,0.44,0.44,134100
ARROW,20260401,5.3,5.3,5.25,5.25,10100
AS,20260401,2.72,2.8,2.72,2.74,2011500
ASAP,20260401,1.15,1.15,1.11,1.14,166100
ASEFA,20260401,4.04,4.06,4,4.04,81700
ASIAN,20260401,7.1,7.15,6.95,7,768600
ASIMAR,20260401,1.48,1.52,1.48,1.48,3200
ASK,20260401,8.25,8.6,8.15,8.55,235900
ASN,20260401,0.74,0.75,0.74,0.75,2600
ASP,20260401,2.06,2.08,2.04,2.06,1004100
ASW,20260401,7.1,7.4,7.1,7.3,150700
ATLAS,20260401,1.97,1.97,1.86,1.88,25936400
ATP30,20260401,0.84,0.86,0.84,0.85,1179900
AU,20260401,4.88,4.9,4.8,4.86,220600
AUCT,20260401,5,5.05,4.96,5.05,578900
AURA,20260401,14.1,14.3,13.7,13.9,2903800
AWC,20260401,2.22,2.22,2.16,2.18,69554500
AXTRART,20260401,12.6,12.8,12.6,12.6,1533000
AYUD,20260401,37,37.5,37,37.25,6100
B,20260401,0.04,0.04,0.03,0.04,1174000
B-WORK,20260401,5.4,5.55,5.4,5.55,118700
B52,20260401,0.27,0.27,0.27,0.27,5100
BA,20260401,14.1,14.2,13.9,14,16170200
BAFS,20260401,8.35,8.55,8.35,8.45,188000
BAM,20260401,7.15,7.4,7.1,7.3,21504900
BANPU,20260401,5.95,6,5.9,5.95,82830100
BAREIT,20260401,10.3,10.6,10.3,10.6,1277800
BAY,20260401,25.75,26,25.75,26,607200
BBGI,20260401,4.24,4.24,4.12,4.14,3852700
BBIK,20260401,19.2,19.8,19,19.8,3624400
BBL,20260401,169,169,167.5,168.5,5281900
BC,20260401,0.69,0.69,0.66,0.66,36900
BCH,20260401,9.85,9.85,9.65,9.8,24058500
BCP,20260401,39.25,40,39,39.75,6646700
BCPG,20260401,6.85,6.85,6.7,6.75,14124900
BCT,20260401,43.25,43.5,43,43,2800
BDMS,20260401,19.2,19.2,18.9,19.1,75865700
BE8,20260401,5.7,5.95,5.55,5.65,1762500
BEAUTY,20260401,0.36,0.37,0.36,0.36,2563000
BEC,20260401,1.92,1.98,1.92,1.97,1994400
BEM,20260401,5.3,5.35,5.25,5.3,30761600
BEYOND,20260401,8.6,8.85,8.6,8.85,504100
BGC,20260401,5.6,5.65,5.55,5.6,82800
BGRIM,20260401,12.2,12.4,11.9,12.2,37375300
BGT,20260401,0.39,0.39,0.37,0.39,32500
BH,20260401,169,169.5,166.5,167.5,8684000
BIG,20260401,0.29,0.29,0.28,0.29,1041600
BIOTEC,20260401,0.29,0.3,0.26,0.26,39629900
BIS,20260401,2.02,2.04,2.02,2.04,13400
BIZ,20260401,4.7,4.74,4.64,4.7,119500
BJC,20260401,15.5,15.5,14.9,15.1,9513600
BJCHI,20260401,0.76,0.87,0.74,0.8,3660300
BKA,20260401,0.99,0.99,0.92,0.94,4189200
BKD,20260401,1.08,1.09,1.06,1.06,58400
BKGI,20260401,1.34,1.35,1.34,1.35,72500
BKIH,20260401,322,325,322,325,37700
BLA,20260401,20.4,20.8,20.2,20.3,2468700
BLAND,20260401,0.42,0.43,0.41,0.43,6308600
BLC,20260401,3.84,3.88,3.82,3.88,845400
BLESS,20260401,0.24,0.25,0.24,0.24,47900
BM,20260401,1.02,1.02,1.01,1.01,781100
BOFFICE,20260401,5.2,5.3,5.2,5.25,536000
BOL,20260401,4.94,5.05,4.94,5,277400
BPP,20260401,12.6,12.6,12.2,12.3,123000
BPS,20260401,0.42,0.43,0.4,0.42,370900
BR,20260401,1.63,1.64,1.62,1.62,143900
BRI,20260401,1.34,1.34,1.27,1.29,659000
BROCK,20260401,1.34,1.34,1.34,1.34,100
BRR,20260401,3.86,3.86,3.74,3.8,217000
BRRGIF,20260401,3.72,3.72,3.7,3.72,128800
BSBM,20260401,0.62,0.63,0.6,0.61,269000
BSM,20260401,0.39,0.41,0.39,0.41,3500
BTC,20260401,0.18,0.21,0.18,0.19,25192100
BTG,20260401,24.4,24.5,24.1,24.3,6052300
BTNC,20260401,19.8,19.9,19.7,19.8,11500
BTS,20260401,2.18,2.2,2.14,2.16,67362200
BTSGIF,20260401,2.54,2.56,2.54,2.56,2891500
BTW,20260401,0.09,0.1,0.09,0.1,816300
BUI,20260401,10.9,11,10.9,10.9,14400
BVG,20260401,1.6,1.62,1.58,1.6,184500
BWG,20260401,0.31,0.32,0.31,0.32,48624600
BYD,20260401,0.54,0.55,0.51,0.54,12772900
CAZ,20260401,1.43,1.54,1.43,1.43,217700
CBG,20260401,39.5,39.5,38.5,38.75,4737200
CCET,20260401,4.96,5.35,4.88,5.15,101775300
CCP,20260401,0.25,0.26,0.25,0.25,84500
CEN,20260401,0.57,0.58,0.53,0.53,444500
CENTEL,20260401,33.75,34,32.5,33.75,7915800
CEYE,20260401,1.39,1.39,1.33,1.37,4800
CFARM,20260401,0.87,0.88,0.82,0.83,11306900
CFRESH,20260401,0.95,0.97,0.92,0.93,1488300
CGD,20260401,0.11,0.12,0.11,0.12,10200
CGH,20260401,0.46,0.46,0.45,0.46,267500
CH,20260401,1.6,1.61,1.6,1.61,3800
CHAO,20260401,4.4,4.42,4.34,4.36,95300
CHASE,20260401,0.47,0.47,0.46,0.46,232500
CHAYO,20260401,1.05,1.06,1.03,1.03,2782800
CHEWA,20260401,0.17,0.18,0.17,0.18,1583800
CHG,20260401,1.43,1.46,1.42,1.45,33568400
CHIC,20260401,0.26,0.27,0.25,0.27,36200
CHOW,20260401,1.31,1.31,1.29,1.29,252200
CI,20260401,0.33,0.33,0.31,0.32,21400
CIG,20260401,0.03,0.03,0.02,0.03,709500
CITY,20260401,1.21,1.24,1.21,1.24,200
CIVIL,20260401,0.85,0.87,0.83,0.83,57200
CK,20260401,15.7,16.3,15.6,16.2,17213100
CKP,20260401,2.34,2.34,2.28,2.3,9565500
CM,20260401,1.65,1.65,1.64,1.64,17900
CMAN,20260401,2.6,2.6,2.54,2.6,56600
CMC,20260401,0.39,0.4,0.37,0.39,129900
CMO,20260401,0.72,0.74,0.7,0.7,1623200
CMR,20260401,1.31,1.33,1.29,1.32,905800
CNT,20260401,1.03,1.03,1.03,1.03,38500
COCOCO,20260401,5.6,5.85,5.55,5.85,2586500
COLOR,20260401,1.04,1.04,1.04,1.04,9000
COM7,20260401,22.3,22.7,22.1,22.6,14957400
COMAN,20260401,0.6,0.62,0.6,0.62,1200
CPALL,20260401,46.75,47,45.75,46.25,47893100
CPANEL,20260401,1.52,1.64,1.47,1.59,1703400
CPAXT,20260401,16.3,16.3,15.9,16.2,28282800
CPF,20260401,21.1,21.1,20.7,20.9,18679600
CPH,20260401,8.15,8.2,8.05,8.2,16200
CPI,20260401,3.58,3.58,3.44,3.44,1054000
CPL,20260401,0.64,0.64,0.62,0.62,263000
CPN,20260401,63.75,64.25,63,63.5,12435100
CPNCG,20260401,6.15,6.2,6.15,6.2,56700
CPNREIT,20260401,11.5,11.6,11.5,11.5,800000
CPR,20260401,2.66,2.7,2.6,2.6,32900
CPT,20260401,1.02,1.03,1.01,1.02,221500
CPTREIT,20260401,5.5,5.55,5.45,5.55,421200
CPW,20260401,2.12,2.16,2.12,2.16,312100
CRANE,20260401,0.39,0.4,0.38,0.4,80700
CRC,20260401,19.3,19.4,18.9,19.1,34821800
CRD,20260401,0.34,0.35,0.34,0.35,81600
CREDIT,20260401,17,17.1,16.9,17.1,364300
CSC,20260401,42.75,42.75,42.5,42.5,8300
CSP,20260401,0.49,0.53,0.48,0.52,1171100
CSS,20260401,0.78,0.78,0.77,0.77,497300
CTARAF,20260401,4.58,4.6,4.58,4.6,207800
CTW,20260401,4.34,4.34,4.26,4.3,36500
CWT,20260401,0.84,0.85,0.82,0.83,777900
D,20260401,2.76,2.8,2.76,2.76,166800
DCC,20260401,1.27,1.3,1.24,1.29,4307100
DCON,20260401,0.21,0.22,0.2,0.22,707200
DDD,20260401,5.5,5.5,5.4,5.5,14800
DELTA,20260401,267,276,266,273,29388900
DEMCO,20260401,2.2,2.24,2.18,2.24,139200
DHOUSE,20260401,0.4,0.42,0.39,0.41,11900
DIF,20260401,9.55,9.55,9.5,9.55,6871700
DIMET,20260401,0.05,0.05,0.05,0.05,1918000
DITTO,20260401,10.9,11.1,10.8,11,1894600
DMT,20260401,11.1,11.2,11.1,11.1,211200
DOD,20260401,1.75,1.85,1.75,1.8,3216200
DOHOME,20260401,3.36,3.42,3.3,3.38,17626800
DPAINT,20260401,0.73,0.73,0.7,0.71,303900
DREIT,20260401,4.76,4.78,4.76,4.76,64100
DRT,20260401,4.7,4.74,4.7,4.74,113700
DTCENT,20260401,0.88,0.89,0.88,0.89,162800
DUSIT,20260401,10.3,10.8,10.3,10.4,245300
DV8,20260401,5.1,5.15,4.94,4.96,648000
EA,20260401,2.72,2.88,2.68,2.86,117931700
EASON,20260401,1.1,1.11,1.1,1.11,12300
EAST,20260401,0.64,0.66,0.63,0.65,487400
EASTW,20260401,3.06,3.06,2.92,2.96,1694800
EFORL,20260401,0.14,0.14,0.13,0.14,2493900
EGATIF,20260401,6.15,6.15,6.1,6.1,280400
EGCO,20260401,113,113.5,112,113,1094800
EKH,20260401,4.98,5,4.98,5,1171400
EMC,20260401,0.02,0.02,0.01,0.02,61407300
EMPIRE,20260401,0.56,0.56,0.52,0.54,5752900
EP,20260401,1.14,1.15,1.14,1.15,281500
EPG,20260401,3.26,3.32,3.22,3.3,6115300
ERW,20260401,2.52,2.6,2.48,2.56,58858800
ESTAR,20260401,0.23,0.23,0.22,0.23,1129600
ETC,20260401,0.73,0.76,0.71,0.72,83864500
ETE,20260401,0.58,0.61,0.57,0.6,34000
ETL,20260401,0.49,0.5,0.49,0.49,66900
EURO,20260401,4.28,4.28,4.2,4.2,12100
EVER,20260401,0.04,0.05,0.04,0.05,119700
FANCY,20260401,0.3,0.31,0.28,0.29,81300
FLOYD,20260401,1.12,1.12,1.11,1.12,42100
FM,20260401,4.1,4.12,4.08,4.08,1223400
FMT,20260401,16.6,16.6,16.4,16.4,2200
FN,20260401,0.45,0.46,0.43,0.43,35000
FNS,20260401,0.5,0.55,0.5,0.55,61200
FORTH,20260401,7.2,7.3,7.1,7.15,1664300
FPI,20260401,1.65,1.68,1.64,1.67,72000
FPT,20260401,6.05,6.05,6,6,6300
FSMART,20260401,6.4,6.5,6.35,6.35,831000
FSX,20260401,1.3,1.38,1.27,1.27,61600
FTE,20260401,2,2.02,1.98,2,293600
FTI,20260401,1.91,1.91,1.73,1.85,10100
FTREIT,20260401,10.7,11.1,10.7,10.9,2029900
FUTURERT,20260401,8.85,8.85,8.8,8.85,183000
FVC,20260401,0.38,0.38,0.35,0.36,2738000
GABLE,20260401,3.9,4,3.9,3.94,949300
GAHREIT,20260401,4.36,4.4,4.28,4.36,23400
GBX,20260401,0.56,0.57,0.56,0.56,265600
GC,20260401,4.52,4.62,4.52,4.6,539400
GCAP,20260401,0.26,0.28,0.26,0.26,530400
GEL,20260401,0.03,0.04,0.03,0.04,765800
GENCO,20260401,0.29,0.29,0.27,0.27,1254900
GFC,20260401,2.88,2.88,2.88,2.88,13000
GFPT,20260401,9.5,9.5,9.4,9.45,1694900
GGC,20260401,4.16,4.16,4.06,4.12,40200
GJS,20260401,0.13,0.14,0.13,0.14,11178700
GLOBAL,20260401,5.8,5.95,5.75,5.85,18931200
GLORY,20260401,0.54,0.55,0.53,0.55,324200
GPI,20260401,1.65,1.66,1.64,1.66,1272600
GPSC,20260401,35.25,35.5,34.25,35.25,16823500
GRAMMY,20260401,3.64,3.64,3.56,3.62,6600
GREEN,20260401,0.72,0.73,0.71,0.71,1913300
GROREIT,20260401,7.75,7.95,7.75,7.95,15500
GTB,20260401,0.75,0.76,0.74,0.75,407500
GTV,20260401,0.03,0.04,0.03,0.04,3113600
GULF,20260401,60.25,60.5,59.75,60.5,43261500
GUNKUL,20260401,2.42,2.46,2.42,2.44,48588700
GVREIT,20260401,6.4,6.5,6.4,6.45,78400
HANA,20260401,28.25,28.25,25.5,26,66897800
HANN,20260401,0.97,1,0.97,0.99,2416900
HARN,20260401,2,2.02,2,2.02,1460400
HEALTH,20260401,0.41,0.41,0.38,0.39,50200
HENG,20260401,0.89,0.91,0.88,0.89,1529900
HFT,20260401,4.2,4.26,4.16,4.18,2449500
HL,20260401,6.2,6.25,6.2,6.25,81000
HMPRO,20260401,6.35,6.4,6.25,6.3,42380200
HPF,20260401,5.35,5.4,5.35,5.4,6700
HTC,20260401,15.5,15.6,15.4,15.6,111200
HTECH,20260401,2.76,2.98,2.76,2.98,1268000
HUMAN,20260401,4.14,4.2,4.1,4.2,2906200
HYDRO,20260401,2.68,3,2.66,2.94,355900
HYDROGEN,20260401,8.15,8.15,8.15,8.15,51000
I2,20260401,0.63,0.65,0.63,0.65,66300
ICC,20260401,24,24,24,24,3400
ICHI,20260401,12.6,13.2,12.5,13.2,14999300
ICN,20260401,1.74,1.75,1.72,1.75,377000
IDG,20260401,1.47,1.48,1.46,1.48,52300
IFS,20260401,1.88,1.88,1.86,1.86,20000
IHL,20260401,1.43,1.46,1.41,1.45,58900
IIG,20260401,1.39,1.46,1.38,1.41,409400
III,20260401,3.9,3.94,3.88,3.94,225600
ILINK,20260401,4.6,4.66,4.54,4.64,193000
ILM,20260401,13.2,13.6,13.2,13.5,350100
IMH,20260401,3.12,3.12,3.1,3.1,9200
IMPACT,20260401,10.8,10.9,10.8,10.8,340900
IND,20260401,1.14,1.17,1.14,1.16,147200
INET,20260401,3.52,3.58,3.52,3.54,327500
INETREIT,20260401,12.2,12.3,12.1,12.2,2221900
INOX,20260401,0.45,0.45,0.42,0.42,10647000
INSET,20260401,2.7,2.72,2.62,2.62,9252700
IP,20260401,4.1,4.14,4.02,4.12,60700
IRC,20260401,11.3,11.3,11.3,11.3,1300
IRCP,20260401,0.25,0.25,0.24,0.25,145200
IROYAL,20260401,5.55,5.7,5.5,5.55,382400
IRPC,20260401,1.93,1.94,1.8,1.83,559624000
ISSARA,20260401,7.4,7.45,6.85,7.1,58700
IT,20260401,4.06,4.1,4.06,4.06,34000
ITC,20260401,15.9,16.1,15.7,15.9,5880600
ITD,20260401,0.24,0.24,0.23,0.23,2524400
ITEL,20260401,1.17,1.2,1.16,1.2,2057900
ITNS,20260401,1.73,1.79,1.71,1.78,170500
ITTHI,20260401,1.16,1.17,1.15,1.15,142800
IVF,20260401,0.59,0.62,0.59,0.59,3818100
IVL,20260401,24.7,25.5,24.4,25.25,54809000
J,20260401,0.62,0.63,0.61,0.61,101300
JAK,20260401,0.7,0.75,0.7,0.75,19100
JAS,20260401,1.15,1.17,1.14,1.15,29722500
JCK,20260401,0.12,0.13,0.11,0.12,4154900
JCT,20260401,79.75,79.75,79.75,79.75,500
JDF,20260401,1.61,1.64,1.61,1.62,448800
JMART,20260401,6.85,6.9,6.7,6.75,9885600
JMT,20260401,8.85,8.95,8.7,8.8,17955900
JPARK,20260401,2.86,3.02,2.86,2.98,1246200
JR,20260401,1.73,1.8,1.73,1.8,102100
JSP,20260401,1.95,1.96,1.92,1.96,58400
JTS,20260401,54.5,56,53.5,55,880200
JUBILE,20260401,7.25,7.25,7.25,7.25,6900
K,20260401,1.02,1.03,1.02,1.03,36800
KAMART,20260401,8.25,8.4,8.25,8.4,564800
KASET,20260401,0.77,0.79,0.74,0.74,884100
KBANK,20260401,193,193.5,192,192.5,10990400
KBS,20260401,5.9,5.9,5.8,5.85,264700
KBSPIF,20260401,8.4,8.4,8.35,8.35,136500
KC,20260401,0.02,0.03,0.02,0.03,869400
KCAR,20260401,4.72,4.76,4.72,4.72,25800
KCC,20260401,1.97,2.02,1.97,2,102300
KCE,20260401,23.2,23.2,22.1,22.3,37860200
KCG,20260401,9.55,9.75,9.55,9.6,665800
KCM,20260401,0.19,0.2,0.17,0.18,538500
KGEN,20260401,1.28,1.32,1.26,1.3,7410300
KGI,20260401,4.34,4.42,4.34,4.4,2914800
KIAT,20260401,0.31,0.33,0.31,0.33,723600
KISS,20260401,3.28,3.38,3.28,3.36,474500
KJL,20260401,5.95,5.95,5.9,5.9,35700
KK,20260401,1.02,1.02,0.99,1,204900
KKP,20260401,76,78.75,76,78.5,13209700
KLINIQ,20260401,23.7,24,23.7,23.9,115500
KOOL,20260401,0.28,0.28,0.27,0.27,7007800
KPNREIT,20260401,1.94,1.94,1.94,1.94,3700
KSL,20260401,1.65,1.65,1.56,1.58,6068400
KTB,20260401,35.5,36,35.25,35.5,77243900
KTBSTMR,20260401,5.4,5.45,5.4,5.45,167500
KTC,20260401,30.5,30.75,30,30.75,23119800
KTIS,20260401,1.96,1.96,1.94,1.96,309700
KTMS,20260401,1.41,1.43,1.39,1.42,579900
KUMWEL,20260401,1.06,1.08,1.06,1.08,15000
KUN,20260401,0.69,0.7,0.67,0.7,16100
KWM,20260401,0.86,0.87,0.86,0.86,188700
KYE,20260401,290,290,288,288,900
L&E,20260401,1.27,1.27,1.19,1.2,26300
LALIN,20260401,4.54,4.6,4.54,4.6,48400
LANNA,20260401,15.1,15.2,14.9,15.1,1392000
LDC,20260401,0.25,0.26,0.25,0.25,224600
LEE,20260401,2.46,2.5,2.46,2.48,189200
LEO,20260401,1.76,1.81,1.76,1.79,262800
LH,20260401,3.82,3.84,3.76,3.82,30345700
LHFG,20260401,1.02,1.03,1.01,1.02,5443500
LHHOTEL,20260401,12.8,13,12.7,13,1371800
LHK,20260401,3.34,3.38,3.34,3.38,72500
LHRREIT,20260401,4.3,4.3,4.3,4.3,400
LHSC,20260401,14,14.1,13.9,14.1,169200
LIT,20260401,0.61,0.61,0.6,0.61,322600
LOXLEY,20260401,1.34,1.37,1.34,1.34,279500
LPH,20260401,3.7,3.7,3.66,3.68,110200
LPN,20260401,1.58,1.59,1.57,1.58,271000
LST,20260401,4.68,4.72,4.68,4.7,39900
LTMH,20260401,4.7,4.7,4.68,4.7,25900
LTS,20260401,2.2,2.28,2.18,2.24,727600
LUXF,20260401,8.9,8.9,8.8,8.9,1000
M,20260401,19.3,19.5,19.1,19.2,2983300
M-CHAI,20260401,18.3,18.6,18.3,18.6,2200
M-PAT,20260401,1.25,1.25,1.13,1.13,2200
MADAME,20260401,0.6,0.61,0.59,0.59,491900
MAGURO,20260401,19.8,20.2,19.8,20.2,826200
MAJOR,20260401,7.35,7.6,7.35,7.5,7495300
MALEE,20260401,4.28,4.28,4.22,4.24,2165300
MASTEC,20260401,1.23,1.26,1.22,1.23,478300
MASTER,20260401,8.7,8.8,8.65,8.7,538800
MBAX,20260401,2,2,1.97,1.97,145800
MBK,20260401,17.4,17.5,17.3,17.4,1517000
MC,20260401,10.7,10.9,10.7,10.9,1092900
MCA,20260401,1.17,1.17,1.15,1.16,96500
MCOT,20260401,6.5,6.5,6.25,6.35,738700
MCS,20260401,9.7,9.7,9.55,9.55,777900
MDX,20260401,2.3,2.34,2.3,2.3,233700
MEB,20260401,13.9,14.4,13.8,14.3,208700
MEDEZE,20260401,6.6,6.6,6.4,6.4,767100
MEGA,20260401,34,34.75,34,34.25,254600
MENA,20260401,0.65,0.69,0.64,0.66,1404000
METCO,20260401,264,266,263,266,3600
MFC,20260401,22.3,22.4,22.2,22.3,58300
MFEC,20260401,6.1,6.15,6.05,6.05,329200
MGC,20260401,4.5,4.52,4.36,4.52,284300
MGI,20260401,5.3,5.4,5.3,5.3,177500
MGT,20260401,1.87,1.89,1.87,1.88,120200
MICRO,20260401,0.82,0.86,0.82,0.85,369300
MIDA,20260401,0.26,0.27,0.26,0.26,423600
MII,20260401,5.05,5.05,4.98,5.05,29600
MINT,20260401,22.5,22.6,22.2,22.4,31379300
MIPF,20260401,9.3,9.3,9.2,9.2,6000
MITSIB,20260401,0.53,0.53,0.53,0.53,44200
MJD,20260401,0.34,0.34,0.33,0.33,44000
MJLF,20260401,5.05,5.05,5,5.05,61900
MK,20260401,0.51,0.52,0.5,0.52,44300
ML,20260401,0.44,0.44,0.41,0.43,142000
MMM,20260401,2.76,2.8,2.74,2.76,396300
MNIT,20260401,1.93,1.94,1.87,1.94,3400
MNRF,20260401,2,2.02,1.99,2,119800
MODERN,20260401,2.08,2.08,2.06,2.08,84200
MONO,20260401,0.99,1,0.98,0.98,3518100
MOONG,20260401,2.26,2.26,2.24,2.26,84500
MORE,20260401,0.04,0.04,0.03,0.03,138600
MOSHI,20260401,35.5,36.25,35,36,1341000
MOTHER,20260401,1.14,1.16,1.14,1.15,592700
MPJ,20260401,3.96,3.98,3.94,3.98,177500
MRDIYT,20260401,8.45,8.65,8.25,8.65,2682600
MSC,20260401,6.65,6.65,6.35,6.55,5000
MST,20260401,6.8,6.8,6.8,6.8,19900
MTC,20260401,30.25,30.75,29.5,30,27698900
MTI,20260401,15.3,15.4,15.1,15.3,3500
MTW,20260401,0.84,0.84,0.82,0.82,253300
MUD,20260401,0.71,0.71,0.71,0.71,4000
NAM,20260401,3.7,3.72,3.7,3.72,7000
NAT,20260401,2.38,2.38,2.22,2.32,23000
NATION,20260401,0.05,0.05,0.04,0.04,4080400
NC,20260401,1.87,1.98,1.87,1.94,4100
NCAP,20260401,2.6,2.64,2.58,2.6,2076500
NCH,20260401,0.39,0.39,0.39,0.39,87900
NCL,20260401,0.22,0.25,0.22,0.23,1560300
NCP,20260401,1.06,1.08,1.06,1.07,140400
NDR,20260401,1.17,1.28,1.17,1.26,13800
NEO,20260401,19.4,19.6,19.2,19.5,118200
NEP,20260401,0.2,0.21,0.19,0.21,75800
NER,20260401,4.88,4.9,4.84,4.86,6804800
NETBAY,20260401,18.2,18.4,18.1,18.3,280200
NEX,20260401,1.06,1.1,1.03,1.07,58354400
NKI,20260401,12.8,12.8,12.8,12.8,100
NKT,20260401,4.14,4.2,4.14,4.18,217000
NL,20260401,0.64,0.64,0.62,0.64,58600
NNCL,20260401,1.55,1.56,1.54,1.55,140300
NOBLE,20260401,2,2.02,2,2,224200
NPK,20260401,14.3,14.5,14,14,600
NRF,20260401,0.28,0.29,0.26,0.27,2135900
NSL,20260401,22.1,22.5,22.1,22.4,536700
NTF,20260401,12.9,13,12.3,12.7,3541100
NTSC,20260401,6.1,6.1,6,6.1,20200
NTV,20260401,21.9,22.1,21.9,22,1100
NUT,20260401,4.18,4.18,4.14,4.16,11500
NV,20260401,0.51,0.54,0.51,0.54,119100
NVD,20260401,0.76,0.79,0.76,0.79,1500
NYT,20260401,4.24,4.4,4.22,4.38,9535400
OCC,20260401,9.35,9.8,9.35,9.8,200
OGC,20260401,9,9,9,9,2200
OKJ,20260401,3.42,3.6,3.42,3.6,3016700
ONEE,20260401,2.68,2.72,2.68,2.7,518400
ONSENS,20260401,1.2,1.2,1.17,1.2,1323300
OR,20260401,13.2,13.2,12.6,12.8,61098900
ORI,20260401,1.82,1.87,1.81,1.86,2394600
ORN,20260401,0.78,0.78,0.77,0.78,421000
OSP,20260401,15.2,15.4,15,15.2,18592400
PACO,20260401,1.29,1.3,1.27,1.3,370000
PAF,20260401,0.65,0.66,0.64,0.65,194600
PANEL,20260401,1.24,1.24,1.23,1.23,21400
PAP,20260401,2.54,2.54,2.44,2.44,198500
PATO,20260401,6.45,6.5,6.45,6.5,34000
PB,20260401,47.75,49.75,46,49.75,2700
PCC,20260401,2.7,2.72,2.66,2.7,465500
PCE,20260401,2.6,2.64,2.56,2.56,5350500
PCSGH,20260401,3.04,3.06,3.04,3.04,111800
PDG,20260401,3.02,3.02,3,3,42300
PDJ,20260401,0.95,0.95,0.93,0.95,99500
PEACE,20260401,1.76,1.76,1.75,1.75,4400
PEER,20260401,0.09,0.1,0.08,0.09,771500
PERM,20260401,0.24,0.25,0.22,0.24,940200
PG,20260401,6.45,6.75,6.45,6.75,4500
PHG,20260401,12.6,12.6,12.5,12.5,170000
PHOL,20260401,2.82,2.84,2.8,2.84,236500
PIMO,20260401,1.01,1.02,1.01,1.01,68700
PIN,20260401,4.28,4.3,4.24,4.28,121200
PIS,20260401,3.92,3.94,3.84,3.84,59600
PJW,20260401,2.04,2.08,2.04,2.06,260000
PK,20260401,0.41,0.42,0.4,0.4,283200
PL,20260401,1.3,1.3,1.3,1.3,15000
PLANB,20260401,4,4.14,3.98,4.06,30252400
PLANET,20260401,0.36,0.37,0.35,0.36,634500
PLAT,20260401,1.09,1.11,1.08,1.09,3670700
PLE,20260401,0.16,0.18,0.16,0.16,2417900
PLT,20260401,0.57,0.58,0.54,0.54,3010400
PLUS,20260401,1.31,1.45,1.3,1.39,1452300
PM,20260401,11.3,11.5,11.3,11.4,58300
PMC,20260401,0.9,0.9,0.87,0.87,1118800
PMTA,20260401,10.2,10.2,10.2,10.2,2000
POLY,20260401,7,7,6.9,6.9,8700
POPF,20260401,6.8,6.9,6.8,6.9,330100
PORT,20260401,0.51,0.55,0.5,0.5,191600
PPM,20260401,1.34,1.35,1.31,1.34,161700
PPP,20260401,0.79,0.79,0.72,0.78,2400
PPPM,20260401,0.32,0.34,0.3,0.32,1312300
PPS,20260401,0.16,0.17,0.16,0.16,923300
PQS,20260401,1.6,1.62,1.58,1.62,305600
PR9,20260401,16.9,17,16.7,16.9,6254700
PRAKIT,20260401,11.6,11.7,11.6,11.7,5000
PRAPAT,20260401,0.73,0.74,0.73,0.74,13800
PREB,20260401,3.86,3.86,3.78,3.82,22300
PRECHA,20260401,0.46,0.47,0.46,0.47,7400
PRG,20260401,8.9,8.9,8.75,8.8,47100
PRI,20260401,3.98,4.18,3.94,4,51800
PRIME,20260401,0.06,0.06,0.05,0.06,139700
PRINC,20260401,1.79,1.84,1.79,1.8,246500
PRM,20260401,7.9,8,7.85,7.95,7013100
PROEN,20260401,1,1.04,1,1.02,1101300
PROS,20260401,0.29,0.3,0.28,0.3,76600
PROSPECT,20260401,7.05,7.05,7,7,605900
PROUD,20260401,1.01,1.03,0.99,1.03,1397400
PRTR,20260401,3.2,3.24,3.18,3.18,462700
PSGC,20260401,3.52,3.54,3.42,3.5,365800
PSH,20260401,3.52,3.54,3.5,3.54,582100
PSL,20260401,6.8,6.95,6.8,6.9,6569000
PSP,20260401,4.34,4.36,4.3,4.3,108700
PSTC,20260401,0.29,0.29,0.27,0.28,10915300
PT,20260401,11.4,11.5,11.3,11.4,135200
PTC,20260401,0.59,0.62,0.58,0.6,103900
PTECH,20260401,1.54,1.6,1.53,1.6,5700
PTG,20260401,8.5,8.55,8.35,8.4,17698200
PTL,20260401,10.3,10.7,9.95,10.4,1735600
PTT,20260401,35.5,35.5,34.5,34.75,124696800
PTTEP,20260401,161.5,161.5,155,156.5,32833900
PTTGC,20260401,35.25,36.25,34.75,35.75,63407700
PYLON,20260401,3.06,3.08,2.98,3.02,1042700
Q-CON,20260401,6.35,6.45,6.35,6.35,32100
QDC,20260401,0.15,0.16,0.13,0.13,7685100
QH,20260401,1.38,1.41,1.38,1.4,17988100
QHBREIT,20260401,3.56,3.58,3.54,3.58,46800
QHHRREIT,20260401,7.05,7.15,7.05,7.05,350800
QHOP,20260401,3,3.04,3,3.04,3400
QLT,20260401,1.59,1.59,1.48,1.58,33800
QTC,20260401,3.6,3.64,3.56,3.64,190200
QTCG,20260401,0.13,0.14,0.12,0.13,435200
RABBIT,20260401,0.32,0.33,0.31,0.32,3844700
RAM,20260401,18.5,18.6,18.4,18.4,40200
RATCH,20260401,30.5,30.5,29.75,30.25,5117200
RBF,20260401,4.16,4.18,4.1,4.12,5568000
RCL,20260401,31.75,31.75,30.5,31,3898200
READY,20260401,3.2,3.26,3.18,3.24,34200
RICHY,20260401,0.16,0.16,0.15,0.15,956400
RJH,20260401,12.6,12.9,12.6,12.7,351300
RML,20260401,0.12,0.13,0.12,0.12,13300
ROCK,20260401,10.6,10.9,10.6,10.9,2200
ROCTEC,20260401,0.6,0.61,0.58,0.6,2299500
ROJNA,20260401,5.3,5.35,5.15,5.2,6816000
RP,20260401,0.5,0.51,0.5,0.51,11000
RPC,20260401,0.49,0.49,0.39,0.41,32709000
RPH,20260401,4.92,4.94,4.9,4.94,117800
RS,20260401,0.15,0.2,0.15,0.2,46686600
RSP,20260401,0.94,0.95,0.9,0.94,204800
RT,20260401,0.26,0.27,0.26,0.27,222600
RWI,20260401,0.2,0.2,0.19,0.2,812600
S,20260401,0.5,0.53,0.49,0.52,4982800
S11,20260401,3.86,3.94,3.86,3.94,69500
SA,20260401,7.1,7.15,7.05,7.1,19800
SAAM,20260401,4.9,4.98,4.78,4.9,144900
SABINA,20260401,15.7,15.8,15.6,15.7,349200
SAF,20260401,0.32,0.33,0.31,0.33,115000
SAFE,20260401,6,6,5.95,6,24200
SAK,20260401,3.3,3.36,3.3,3.34,1458500
SALEE,20260401,0.39,0.4,0.39,0.4,5500
SAMART,20260401,5.55,5.65,5.55,5.6,1132000
SAMCO,20260401,0.72,0.72,0.71,0.72,12900
SAMTEL,20260401,3.64,3.8,3.64,3.78,13200
SANKO,20260401,0.84,0.87,0.84,0.84,497800
SAPPE,20260401,31.5,32,31,31.5,419300
SAT,20260401,14.2,14.4,14.2,14.4,877000
SAUCE,20260401,41.25,41.75,41.25,41.25,4800
SAV,20260401,11.1,11.3,11,11.1,786800
SAWAD,20260401,23,24.2,22.9,23.5,34042300
SAWANG,20260401,6.65,7,6.65,7,5500
SC,20260401,1.96,2.02,1.96,2.02,10835700
SCAP,20260401,1.08,1.09,1.06,1.08,6577700
SCB,20260401,145.5,146,144.5,145,14560800
SCC,20260401,207,208,205,208,3830200
SCCC,20260401,139,139.5,139,139.5,70300
SCG,20260401,2.3,2.3,2.28,2.3,15400
SCGD,20260401,4.9,4.92,4.82,4.86,729600
SCGP,20260401,20.8,21.3,20.4,21.1,22447900
SCI,20260401,1.04,1.04,0.95,0.98,124200
SCL,20260401,1.18,1.19,1.17,1.18,22200
SCM,20260401,0.12,0.15,0.12,0.13,23797300
SCN,20260401,0.45,0.45,0.4,0.4,1092700
SCP,20260401,8.1,8.1,8,8.1,68500
SDC,20260401,0.03,0.04,0.03,0.03,2465200
SE,20260401,0.5,0.51,0.48,0.48,1607700
SE-ED,20260401,1.65,1.66,1.65,1.66,2500
SEAFCO,20260401,2.4,2.5,2.4,2.5,501200
SEAOIL,20260401,3.44,3.46,3.38,3.4,438800
SECURE,20260401,11.8,11.8,11.6,11.6,98300
SEI,20260401,2.08,2.1,2.06,2.06,90500
SELIC,20260401,2.54,2.56,2.48,2.48,102700
SENA,20260401,1.88,1.9,1.86,1.89,600600
SENX,20260401,0.23,0.23,0.22,0.23,174000
SFLEX,20260401,2.94,3.02,2.94,2.96,718300
SFT,20260401,1.68,1.68,1.65,1.68,22800
SGC,20260401,0.86,0.88,0.85,0.86,11040600
SGF,20260401,0.13,0.14,0.13,0.14,164700
SGP,20260401,7.95,7.95,7.7,7.95,160400
SHR,20260401,1.69,1.76,1.69,1.73,8561300
SIAM,20260401,0.71,0.72,0.68,0.7,115400
SICT,20260401,2.4,2.4,2.34,2.34,244800
SIMAT,20260401,1.14,1.18,1.14,1.14,996800
SINGER,20260401,5.05,5.1,5,5,1687500
SINO,20260401,0.87,0.87,0.85,0.86,8000
SIRI,20260401,1.37,1.4,1.36,1.4,77257300
SIRIPRT,20260401,6.5,6.85,6.45,6.85,13700
SIS,20260401,22.4,22.5,22,22,682300
SISB,20260401,10.9,10.9,10.6,10.8,3208000
SITHAI,20260401,1.01,1.02,1,1,171800
SJWD,20260401,7.6,7.75,7.45,7.7,3986600
SK,20260401,0.55,0.55,0.54,0.55,87100
SKE,20260401,0.22,0.23,0.21,0.21,1594600
SKIN,20260401,1.14,1.18,1.13,1.17,211500
SKN,20260401,5.6,5.65,5.55,5.65,84600
SKR,20260401,7,7.05,6.95,7.05,1203600
SKY,20260401,12.8,12.9,12.6,12.7,1224200
SLP,20260401,0.4,0.41,0.4,0.41,56100
SMART,20260401,0.64,0.65,0.63,0.64,1447900
SMD100,20260401,1.76,1.76,1.7,1.73,430700
SMIT,20260401,3.54,3.54,3.52,3.54,68300
SMO,20260401,5,5.05,4.88,4.98,9287700
SMPC,20260401,9.25,9.3,9.2,9.3,106100
SMT,20260401,1.33,1.34,1.29,1.29,356900
SNC,20260401,5.55,5.6,5.55,5.6,195400
SNNP,20260401,7.3,7.35,7.25,7.3,568800
SNP,20260401,9,9,8.5,8.85,105400
SNPS,20260401,4.86,4.86,4.84,4.86,19400
SO,20260401,4.52,4.54,4.5,4.54,49800
SOLAR,20260401,0.3,0.31,0.28,0.29,14657500
SONIC,20260401,1.46,1.48,1.46,1.48,46300
SORKON,20260401,3.88,3.9,3.88,3.9,13700
SPA,20260401,3.3,3.34,3.28,3.28,364800
SPACK,20260401,1.2,1.2,1.13,1.13,47300
SPALI,20260401,16.3,16.7,16.3,16.4,6866200
SPC,20260401,55.5,55.5,55.5,55.5,1500
SPCG,20260401,9,9,8.9,9,733900
SPG,20260401,10.6,10.6,10.6,10.6,3600
SPI,20260401,44.25,45.5,44.25,45.5,700
SPRC,20260401,7.1,7.15,6.95,6.95,20081900
SPREME,20260401,1.58,1.6,1.57,1.6,481400
SPRIME,20260401,3.42,3.46,3.4,3.46,55300
SPTX,20260401,0.01,0.01,0.01,0.01,17311800
SPVI,20260401,2.92,2.92,2.86,2.88,453600
SQ,20260401,0.29,0.29,0.26,0.29,675200
SR,20260401,0.33,0.35,0.33,0.33,1100
SRICHA,20260401,14.2,14.3,14.2,14.2,295200
SRIPANWA,20260401,5.2,5.2,5.1,5.2,21300
SRS,20260401,1.54,1.55,1.54,1.55,40200
SSF,20260401,5.15,5.25,5.15,5.2,62800
SSP,20260401,3.58,3.58,3.46,3.5,502400
SSSC,20260401,2.28,2.32,2.26,2.26,486300
SST,20260401,1.21,1.22,1.2,1.21,900
SSTRT,20260401,4.32,4.48,4.26,4.26,15400
STA,20260401,17.8,17.8,16.9,17.7,19668600
STANLY,20260401,196.5,197,196.5,197,16200
STARM,20260401,0.84,0.87,0.83,0.85,965300
STC,20260401,0.46,0.51,0.46,0.5,260800
STECH,20260401,1.01,1.02,1.01,1.01,105100
STECON,20260401,12,13.4,11.9,12.9,119132000
STELLA,20260401,0.18,0.19,0.18,0.19,6945900
STGT,20260401,11.2,11.2,10.8,11,9343600
STI,20260401,1.7,1.73,1.7,1.73,3500
STOWER,20260401,0.02,0.03,0.02,0.02,279800
STP,20260401,10.5,10.6,10.5,10.5,4300
STPI,20260401,4.26,4.38,4.22,4.3,16834400
STX,20260401,0.9,0.92,0.9,0.9,684600
SUC,20260401,27.25,27.25,27,27,80000
SUN,20260401,2.72,2.72,2.68,2.72,184600
SUPER,20260401,0.1,0.11,0.1,0.1,23433800
SUPEREIF,20260401,5.7,5.8,5.7,5.8,45400
SUSCO,20260401,2.14,2.14,2.06,2.08,2110500
SUTHA,20260401,2.26,2.26,2.26,2.26,200
SVI,20260401,7.45,7.45,7.4,7.45,175300
SVOA,20260401,1.58,1.61,1.57,1.59,795600
SVR,20260401,0.3,0.31,0.3,0.3,82600
SVT,20260401,1.25,1.28,1.24,1.24,695200
SYMC,20260401,3.62,3.78,3.62,3.78,73300
SYNEX,20260401,9.45,9.65,9.45,9.6,1091500
SYNTEC,20260401,1.63,1.66,1.61,1.64,911800
TACC,20260401,5.45,5.55,5.45,5.5,1498800
TAE,20260401,1.16,1.16,1.1,1.14,6889900
TAKUNI,20260401,0.39,0.4,0.38,0.38,3204800
TAN,20260401,3.98,4.06,3.98,4,14500
TASCO,20260401,13.5,13.8,13.5,13.7,1883700
TATG,20260401,0.99,1,0.98,0.98,179900
TBN,20260401,3.9,3.94,3.9,3.94,5000
TC,20260401,5.55,5.6,5.45,5.45,25600
TCAP,20260401,57.5,58,57,57.5,3048500
TCC,20260401,0.38,0.38,0.37,0.38,1187700
TCMC,20260401,0.31,0.33,0.31,0.31,938500
TEAM,20260401,2.6,2.66,2.6,2.64,247300
TEAMG,20260401,2.92,2.98,2.9,2.94,2945500
TEGH,20260401,3.24,3.24,3.18,3.2,657100
TEKA,20260401,1.72,1.75,1.72,1.75,42900
TERA,20260401,1.01,1.01,1,1,447000
TFFIF,20260401,6.6,6.65,6.55,6.6,1223400
TFG,20260401,8.75,8.9,8.6,8.8,25371300
TFI,20260401,0.04,0.05,0.04,0.04,748500
TFM,20260401,6.6,6.65,6.55,6.6,799200
TFMAMA,20260401,189,189,188.5,188.5,400
TGE,20260401,1.2,1.23,1.2,1.21,172500
TGH,20260401,11.3,11.3,11,11,400
TGPRO,20260401,0.05,0.05,0.04,0.05,336400
TH,20260401,0.47,0.5,0.47,0.49,3777400
THAI,20260401,6.25,6.5,6.2,6.4,102180400
THANA,20260401,1.55,1.56,1.55,1.56,400
THANI,20260401,1.61,1.64,1.6,1.62,6827900
THCOM,20260401,12.4,12.6,12.3,12.3,13465900
THE,20260401,0.8,0.8,0.75,0.78,112000
THG,20260401,9.1,9.15,8.95,9.05,1427400
THIP,20260401,22.3,22.5,22.3,22.5,19100
THMUI,20260401,0.32,0.36,0.32,0.34,89900
THRE,20260401,0.41,0.42,0.4,0.41,1991200
THREL,20260401,1.02,1.02,0.99,1.01,193700
TIDLOR,20260401,15.4,15.9,15.1,15.5,43536700
TIF1,20260401,7.35,7.35,7.3,7.3,6900
TIGER,20260401,0.27,0.28,0.27,0.27,57700
TIPCO,20260401,6.75,6.8,6.7,6.7,29300
TIPH,20260401,20.8,20.9,20.7,20.9,136100
TISCO,20260401,113.5,114,113,113.5,4229500
TITLE,20260401,7.8,8.25,7.8,8.2,778200
TK,20260401,4.12,4.24,4.04,4.18,121800
TKC,20260401,7.5,7.65,7.45,7.65,18200
TKN,20260401,3.82,4,3.82,4,3801200
TKS,20260401,6.2,6.3,6.2,6.3,231100
TKT,20260401,0.67,0.67,0.65,0.66,20200
TL,20260401,0.36,0.46,0.35,0.44,38127100
TLHPF,20260401,4.4,4.4,4.4,4.4,100
TLI,20260401,10.8,10.9,10.6,10.7,16100800
TM,20260401,0.8,0.81,0.79,0.81,110300
TMAN,20260401,13.1,13.2,13,13.1,98400
TMC,20260401,0.71,0.71,0.7,0.7,3900
TMD,20260401,25.75,26.5,25.5,25.75,11600
TMI,20260401,0.5,0.53,0.5,0.52,243300
TMILL,20260401,2.08,2.08,2.08,2.08,43100
TMT,20260401,3.92,3.96,3.84,3.84,235600
TMW,20260401,56.25,56.25,54.5,55,47100
TNDT,20260401,0.14,0.16,0.14,0.15,495800
TNH,20260401,30.5,30.5,30.5,30.5,1300
TNITY,20260401,2.94,3.02,2.94,3,419500
TNP,20260401,2.84,2.92,2.84,2.88,629800
TNPC,20260401,0.85,0.86,0.83,0.84,372100
TNR,20260401,4.76,4.82,4.74,4.82,54600
TOA,20260401,13.2,13.2,12.9,13.1,4734000
TOG,20260401,6.85,6.9,6.75,6.75,426700
TOP,20260401,49,49.75,47.75,48,16438700
TPA,20260401,2.38,2.38,2.38,2.38,100
TPAC,20260401,9,9,8.9,8.9,61100
TPBI,20260401,3.24,3.28,3.18,3.22,702400
TPCH,20260401,1.86,1.88,1.76,1.79,2230600
TPCS,20260401,10.9,10.9,10.6,10.6,300
TPIPL,20260401,0.71,0.72,0.7,0.71,27521400
TPIPP,20260401,1.83,1.85,1.82,1.83,1734400
TPL,20260401,0.48,0.5,0.47,0.48,312300
TPLAS,20260401,1.25,1.25,1.2,1.2,904800
TPOLY,20260401,0.16,0.17,0.16,0.17,177800
TPP,20260401,10.7,10.8,10.6,10.8,4400
TPS,20260401,3.32,3.32,3.3,3.3,12600
TQM,20260401,12.5,12.8,12.4,12.7,466600
TQR,20260401,4.7,4.96,4.7,4.86,739800
TRC,20260401,0.38,0.39,0.37,0.38,1354900
TRITN,20260401,0.03,0.03,0.02,0.03,775600
TRP,20260401,4.36,4.48,4.36,4.44,127000
TRT,20260401,4.02,4.02,3.98,4,182100
TRU,20260401,3.92,3.94,3.92,3.94,8400
TRUBB,20260401,1.06,1.06,0.99,0.99,12138400
TRUE,20260401,14.7,14.8,14.4,14.5,239357500
TRV,20260401,1.72,1.9,1.72,1.9,5500
TSC,20260401,14.3,14.6,14.3,14.5,12900
TSE,20260401,0.7,0.71,0.67,0.69,27443300
TSI,20260401,0.04,0.06,0.04,0.06,16500
TSTE,20260401,10.1,10.7,10,10.7,10900
TSTH,20260401,0.79,0.8,0.77,0.78,7645200
TTA,20260401,4.94,5.05,4.88,4.96,3798300
TTB,20260401,2.32,2.34,2.28,2.3,304872500
TTLPF,20260401,9.8,9.8,9.75,9.8,36700
TTW,20260401,9.2,9.2,9.15,9.2,708800
TU,20260401,11.3,11.5,11.2,11.3,14163400
TU-PF,20260401,1.17,1.17,1.17,1.17,100
TURBO,20260401,1.5,1.56,1.48,1.55,20360900
TURTLE,20260401,2.72,2.72,2.72,2.72,1100
TVDH,20260401,0.06,0.06,0.05,0.06,62400
TVH,20260401,9.1,9.1,8.95,9.1,12500
TVO,20260401,25,25.5,25,25.25,974300
TVT,20260401,0.21,0.21,0.21,0.21,12100
TWP,20260401,1.17,1.18,1.14,1.17,23400
TWPC,20260401,2.88,3.14,2.88,2.96,1158900
TWZ,20260401,0.01,0.02,0.01,0.02,3406500
TYCN,20260401,1.7,1.7,1.7,1.7,2000
UAC,20260401,2.88,2.9,2.88,2.88,72200
UBA,20260401,1.07,1.09,1.06,1.08,1023700
UBE,20260401,0.78,0.78,0.71,0.73,46127900
UBIS,20260401,1.15,1.15,1.09,1.1,51500
UEC,20260401,0.69,0.7,0.64,0.69,412400
UKEM,20260401,0.93,0.93,0.88,0.88,27482700
UMI,20260401,0.7,0.71,0.69,0.69,110700
UNIQ,20260401,2.6,2.64,2.56,2.6,665700
UNIX,20260401,2.14,2.32,1.92,1.94,366724500
UP,20260401,22.8,23,22.8,22.8,7700
UPF,20260401,20.8,21.5,20.8,21.5,9800
UPOIC,20260401,7.25,7.25,6.95,7.05,20400
UREKA,20260401,0.3,0.3,0.29,0.29,565800
UTP,20260401,7.35,7.45,7.2,7.35,176600
UV,20260401,0.9,0.9,0.89,0.9,166800
UVAN,20260401,16,16,15.7,15.8,1435100
VARO,20260401,4.32,4.34,4.22,4.34,15700
VCOM,20260401,3.28,3.28,3.24,3.26,113500
VGI,20260401,0.96,0.98,0.93,0.95,290580800
VIBHA,20260401,1.39,1.4,1.39,1.4,526000
VIH,20260401,9.05,9.05,8.95,9.05,42600
VL,20260401,0.8,0.82,0.79,0.82,151100
VNG,20260401,1.94,2.1,1.94,2.04,258700
VPO,20260401,0.69,0.69,0.62,0.62,17660700
VRANDA,20260401,4.24,4.26,4.24,4.26,29300
VS,20260401,0.3,0.31,0.29,0.3,126600
WARRIX,20260401,1.73,1.74,1.71,1.72,522500
WASH,20260401,5.1,5.2,5,5.2,772600
WAVE,20260401,0.02,0.03,0.02,0.02,5129200
WFX,20260401,1.19,1.19,1.16,1.19,156700
WGE,20260401,0.76,0.8,0.76,0.78,191800
WHA,20260401,4.3,4.34,4.24,4.28,125887800
WHABT,20260401,5.6,5.7,5.6,5.65,49100
WHAIR,20260401,6.9,7,6.85,6.95,417400
WHART,20260401,10.1,10.2,10.1,10.1,1845700
WHAUP,20260401,4.5,4.58,4.5,4.52,10811700
WICE,20260401,2.36,2.4,2.34,2.38,313400
WIIK,20260401,0.88,0.89,0.87,0.89,11000
WIN,20260401,0.28,0.28,0.26,0.28,520100
WINDOW,20260401,0.76,0.77,0.76,0.77,108300
WINMED,20260401,0.88,0.9,0.87,0.89,199900
WINNER,20260401,2.1,2.1,2.08,2.1,17100
WORK,20260401,3.54,3.54,3.48,3.5,150900
WP,20260401,3.76,3.76,3.72,3.76,50500
WPH,20260401,6,6.1,5.9,6.05,764100
XBIO,20260401,0.07,0.07,0.06,0.07,11504800
XO,20260401,13.7,13.8,13.5,13.6,1318500
XPG,20260401,0.48,0.49,0.47,0.48,35208500
XYZ,20260401,0.38,0.46,0.38,0.43,3725300
YGG,20260401,0.21,0.28,0.21,0.26,23806900
YONG,20260401,0.73,0.73,0.72,0.73,167100
YUASA,20260401,15,15.1,15,15,17400
ZAA,20260401,1.77,1.85,1.77,1.79,35000
ZEN,20260401,5.35,5.75,5.35,5.75,3900
ZIGA,20260401,0.94,0.94,0.9,0.9,3104400
2S-O,20260401,2.84,2.86,2.84,2.86,64
3BBIF-O,20260401,6.6,6.6,6.55,6.6,1261
88TH-O,20260401,5,5.05,5,5.05,21
AAI-O,20260401,3.52,3.52,3.5,3.5,133
AAV-O,20260401,1.16,1.18,1.15,1.17,832
ABM-O,20260401,0.56,0.56,0.56,0.56,38
ACE-O,20260401,1.29,1.29,1.29,1.29,10
ADB-O,20260401,0.41,0.41,0.41,0.41,4
ADD-O,20260401,3,3.46,3,3.44,20
ADVANC-O,20260401,374,377,365,367,10749
ADVICE-O,20260401,5.5,5.6,5.4,5.5,174
AE-O,20260401,0.08,0.08,0.08,0.08,4
AEONTS-O,20260401,91,92.5,90.75,92,468
AGE-O,20260401,1.29,1.29,1.2,1.27,129
AH-O,20260401,13.2,13.4,13.1,13.1,12
AHC-O,20260401,13.6,14,13.6,13.6,28
AIE-O,20260401,1.19,1.24,1.15,1.15,428
AIMCG-O,20260401,1.39,1.39,1.32,1.32,24
AIMIRT-O,20260401,10.9,10.9,10.9,10.9,94
AIT-O,20260401,4.86,4.86,4.86,4.86,101
AJ-O,20260401,3.04,3.28,3.04,3.2,190
AJA-O,20260401,0.16,0.16,0.16,0.16,1
AKP-O,20260401,0.7,0.7,0.7,0.7,10
AKR-O,20260401,0.92,0.92,0.91,0.91,62
ALLA-O,20260401,1.25,1.25,1.25,1.25,10
ALLY-O,20260401,4.3,4.3,4.3,4.3,8
ALT-O,20260401,1.08,1.08,1.06,1.06,11
ALUCON-O,20260401,226,226,223,224,13
AMA-O,20260401,3.88,3.9,3.88,3.9,112
AMANAH-O,20260401,0.6,0.66,0.6,0.65,184
AMARC-O,20260401,3.54,3.54,3.38,3.4,268
AMATA-O,20260401,19.6,19.6,19.4,19.5,561
AMC-O,20260401,2.46,2.46,2.46,2.46,9
AMR-O,20260401,0.34,0.34,0.34,0.34,10
ANAN-O,20260401,0.38,0.38,0.38,0.38,25
AOT-O,20260401,52.75,54.25,52.75,53.5,3569
AP-O,20260401,8.5,8.6,8.45,8.55,694
APCS-O,20260401,1.21,1.21,1.21,1.21,1
APO-O,20260401,2.3,2.3,2.28,2.28,6
APP-O,20260401,2.68,2.7,2.68,2.7,18
APURE-O,20260401,2.2,2.2,2.2,2.2,4
AQUA-O,20260401,0.13,0.13,0.13,0.13,426
ARIN-O,20260401,0.52,0.52,0.52,0.52,10
AS-O,20260401,2.8,2.88,2.8,2.88,52
ASEFA-O,20260401,4.06,4.06,4.04,4.04,5
ASIAN-O,20260401,7.1,7.15,7.05,7.05,155
ASIMAR-O,20260401,1.55,1.88,1.52,1.52,80
ASK-O,20260401,8.35,8.5,8.35,8.5,46
ASP-O,20260401,2.06,2.06,2.06,2.06,58
ASW-O,20260401,7.25,7.25,7.25,7.25,15
ATLAS-O,20260401,1.93,1.93,1.9,1.9,136
ATP30-O,20260401,0.85,0.89,0.85,0.89,49
AU-O,20260401,4.88,4.88,4.88,4.88,2
AUCT-O,20260401,5,5.05,5,5,203
AURA-O,20260401,14,14.4,13.8,13.8,343
AWC-O,20260401,2.18,2.2,2.16,2.18,947
AXTRART-O,20260401,12.6,12.8,12.6,12.8,42
AYUD-O,20260401,37.25,37.25,37,37,2
B-O,20260401,0.04,0.04,0.03,0.04,125
B-WORK-O,20260401,5.5,5.5,5.5,5.5,10
B52-O,20260401,0.26,0.26,0.26,0.26,2
BA-O,20260401,13.8,14.1,13.8,14.1,1105
BAFS-O,20260401,8.4,8.45,8.4,8.45,60
BAM-O,20260401,7.2,7.35,7.15,7.35,1009
BANPU-O,20260401,5.95,6,5.9,5.95,1551
BAREIT-O,20260401,10.5,10.6,10.5,10.6,29
BAY-O,20260401,26,26.25,26,26.25,325
BBGI-O,20260401,4.2,4.2,4.16,4.16,377
BBIK-O,20260401,19.1,20,19.1,19.7,169
BBL-O,20260401,168.5,169,168,168,1795
BC-O,20260401,0.7,0.7,0.7,0.7,2
BCH-O,20260401,9.85,9.85,9.7,9.75,1658
BCP-O,20260401,39.25,40,39,39.75,1825
BCPG-O,20260401,6.8,6.85,6.75,6.8,702
BDMS-O,20260401,19.1,19.2,19,19,6703
BE8-O,20260401,5.65,5.95,5.65,5.8,96
BEAUTY-O,20260401,0.36,0.37,0.36,0.37,2
BEM-O,20260401,5.3,5.35,5.25,5.35,1372
BEYOND-O,20260401,8.65,8.65,8.65,8.65,40
BGC-O,20260401,5.6,5.65,5.55,5.65,31
BGRIM-O,20260401,12.1,12.4,12,12.2,1262
BH-O,20260401,167.5,169,167,168,2575
BIOTEC-O,20260401,0.29,0.3,0.28,0.28,124
BIZ-O,20260401,4.64,4.64,4.64,4.64,1
BJC-O,20260401,15.2,15.4,14.9,15.1,765
BJCHI-O,20260401,0.8,0.8,0.8,0.8,1
BKA-O,20260401,0.94,0.94,0.93,0.93,2
BKIH-O,20260401,322,326,321,326,207
BLA-O,20260401,20.5,20.6,20.1,20.4,154
BLC-O,20260401,3.86,3.86,3.86,3.86,58
BLESS-O,20260401,0.25,0.25,0.25,0.25,10
BM-O,20260401,1.02,1.02,1.02,1.02,2
BPP-O,20260401,12.5,12.5,12.4,12.5,27
BRI-O,20260401,1.35,1.36,0.94,1.33,67
BRR-O,20260401,3.8,3.8,3.78,3.78,60
BRRGIF-O,20260401,3.7,3.7,3.7,3.7,16
BSBM-O,20260401,0.62,0.62,0.61,0.61,13
BSM-O,20260401,0.37,0.37,0.37,0.37,40
BTC-O,20260401,0.2,0.2,0.18,0.19,143
BTG-O,20260401,24.2,24.4,24.1,24.3,415
BTNC-O,20260401,20.2,20.2,20.2,20.2,1
BTS-O,20260401,2.18,2.18,2.14,2.16,1132
BTSGIF-O,20260401,2.52,2.52,2.52,2.52,3
BUI-O,20260401,10.9,10.9,10.9,10.9,1
BWG-O,20260401,0.32,0.39,0.31,0.31,209
BYD-O,20260401,0.54,0.54,0.53,0.53,75
CAZ-O,20260401,1.43,1.43,1.43,1.43,10
CBG-O,20260401,38.75,39.5,38.5,39,1585
CCET-O,20260401,4.92,5.3,4.9,5.15,1689
CCP-O,20260401,0.24,0.24,0.24,0.24,33
CENTEL-O,20260401,33,33.75,32.75,33.5,604
CFARM-O,20260401,0.82,0.82,0.82,0.82,1
CFRESH-O,20260401,0.94,0.94,0.93,0.93,48
CGD-O,20260401,0.12,0.12,0.12,0.12,6
CGH-O,20260401,0.45,0.45,0.45,0.45,4
CHAYO-O,20260401,1.06,1.06,1,1.04,504
CHEWA-O,20260401,0.18,0.18,0.18,0.18,86
CHG-O,20260401,1.43,1.46,1.43,1.45,919
CHIC-O,20260401,0.26,0.26,0.25,0.25,109
CHOTI-O,20260401,64.75,64.75,64.75,64.75,15
CI-O,20260401,0.33,0.33,0.3,0.3,11
CITY-O,20260401,1.23,1.23,1.23,1.23,10
CIVIL-O,20260401,0.84,0.84,0.84,0.84,45
CK-O,20260401,15.5,16.2,15.5,16.1,629
CKP-O,20260401,2.32,2.34,2.3,2.32,414
CM-O,20260401,1.63,1.63,1.63,1.63,1
CMC-O,20260401,0.38,0.4,0.38,0.4,39
CMR-O,20260401,1.37,1.37,1.3,1.32,107
COCOCO-O,20260401,5.55,5.75,5.55,5.75,442
COM7-O,20260401,22,22.7,22,22.6,1052
CPALL-O,20260401,45.5,46.5,45.5,46.5,9461
CPANEL-O,20260401,1.48,1.48,1.48,1.48,20
CPAXT-O,20260401,16.1,16.3,16,16.2,3341
CPF-O,20260401,20.8,21.1,20.8,20.9,3068
CPI-O,20260401,3.78,3.8,3.48,3.48,142
CPL-O,20260401,0.63,0.63,0.62,0.62,29
CPN-O,20260401,63.5,64,63,63.25,1224
CPNCG-O,20260401,6.15,6.15,6.15,6.15,10
CPNREIT-O,20260401,11.6,11.8,11.5,11.6,323
CPR-O,20260401,2.7,2.7,2.66,2.66,47
CPW-O,20260401,2.2,2.2,2.2,2.2,8
CRC-O,20260401,19,19.3,19,19.2,952
CREDIT-O,20260401,17,17.1,17,17.1,86
CWT-O,20260401,0.82,0.82,0.82,0.82,1
DCC-O,20260401,1.27,1.3,1.25,1.3,222
DCON-O,20260401,0.2,0.2,0.2,0.2,40
DDD-O,20260401,5.4,5.4,5.4,5.4,1
DELTA-O,20260401,268,276,267,274,21346
DEMCO-O,20260401,2.16,2.2,2.16,2.2,19
DHOUSE-O,20260401,0.39,0.39,0.39,0.39,10
DIF-O,20260401,9.55,9.55,9.5,9.55,1393
DITTO-O,20260401,10.8,11,10.8,11,160
DMT-O,20260401,11.2,11.3,11.1,11.2,80
DOD-O,20260401,1.22,1.83,1.22,1.83,54
DOHOME-O,20260401,3.34,3.4,3.32,3.38,670
DREIT-O,20260401,4.82,4.82,4.82,4.82,11
DRT-O,20260401,4.72,4.76,4.72,4.76,74
DUSIT-O,20260401,10.6,10.7,10.6,10.7,73
DV8-O,20260401,4.96,4.96,4.96,4.96,3
EA-O,20260401,2.72,2.88,2.7,2.82,1233
EASTW-O,20260401,3.04,3.04,2.96,3,119
EFORL-O,20260401,0.13,0.13,0.12,0.12,90
EGATIF-O,20260401,6.15,6.2,6.15,6.15,44
EGCO-O,20260401,113,113.5,112.5,113,577
EKH-O,20260401,5.05,5.05,4.98,5,225
EMC-O,20260401,0.02,0.02,0.02,0.02,4
EMPIRE-O,20260401,0.55,0.55,0.53,0.54,68
EP-O,20260401,1.16,1.16,1.16,1.16,1
EPG-O,20260401,3.3,3.3,3.1,3.26,335
ERW-O,20260401,2.5,2.58,2.46,2.56,406
ETC-O,20260401,0.73,0.74,0.73,0.73,70
ETL-O,20260401,0.47,0.5,0.47,0.5,8
F&D-O,20260401,61,61,60.75,60.75,4
FLOYD-O,20260401,1.1,1.11,1.1,1.11,20
FM-O,20260401,4.08,4.08,4,4,25
FMT-O,20260401,17,17,16.5,16.9,4
FORTH-O,20260401,7.15,7.25,7.15,7.2,73
FPT-O,20260401,6.1,6.1,6.05,6.05,9
FSMART-O,20260401,6.4,6.45,6.4,6.45,88
FTE-O,20260401,1.99,2.02,1.99,2,61
FTI-O,20260401,2.34,2.34,2.34,2.34,11
FTREIT-O,20260401,10.8,11.1,10.8,11,398
FUTURERT-O,20260401,8.9,8.9,8.75,8.85,162
FVC-O,20260401,0.37,0.38,0.37,0.38,76
GAHREIT-O,20260401,4.34,4.34,4.34,4.34,7
GC-O,20260401,4.54,4.62,4.54,4.6,131
GEL-O,20260401,0.03,0.03,0.03,0.03,6
GFPT-O,20260401,9.45,9.45,9.45,9.45,82
GLOBAL-O,20260401,5.65,6,5.65,5.85,481
GPI-O,20260401,1.65,1.71,1.65,1.68,102
GPSC-O,20260401,34.75,35.25,34.25,35.25,1788
GRAMMY-O,20260401,3.84,3.84,3.84,3.84,2
GREEN-O,20260401,0.71,0.72,0.7,0.7,127
GULF-O,20260401,60,60.5,59.75,60,9004
GUNKUL-O,20260401,2.42,2.5,2.42,2.44,528
GVREIT-O,20260401,6.45,6.45,6.4,6.45,71
HANA-O,20260401,28,28,25.75,26,3489
HANN-O,20260401,0.99,0.99,0.98,0.98,118
HARN-O,20260401,2.02,2.02,2.02,2.02,50
HEALTH-O,20260401,0.39,0.39,0.39,0.39,26
HENG-O,20260401,0.92,0.92,0.92,0.92,10
HFT-O,20260401,4.14,4.2,4,4.2,55
HMPRO-O,20260401,6.3,6.35,6.25,6.35,1441
HTC-O,20260401,15.6,15.6,15.5,15.6,268
HTECH-O,20260401,2.8,2.92,2.8,2.92,45
HUMAN-O,20260401,4.16,4.16,4.1,4.1,54
HYDRO-O,20260401,2.74,2.98,2.7,2.98,180
ICHI-O,20260401,12.6,13.3,12.5,13.2,1640
IIG-O,20260401,1.4,1.4,1.4,1.4,3
III-O,20260401,3.96,3.96,3.94,3.94,17
ILINK-O,20260401,4.64,4.64,4.64,4.64,1
ILM-O,20260401,13.5,13.5,13.4,13.4,71
IMPACT-O,20260401,10.8,10.9,10.5,10.9,62
INET-O,20260401,3.54,3.56,3.54,3.56,50
INETREIT-O,20260401,11.9,12.3,11.9,12.2,6484
INOX-O,20260401,0.44,0.45,0.44,0.44,91
INSET-O,20260401,2.7,2.7,2.64,2.64,237
INSURE-O,20260401,62,62,61.5,61.5,10
IP-O,20260401,4.12,4.12,4.06,4.06,108
IRCP-O,20260401,0.24,0.24,0.24,0.24,13
IRPC-O,20260401,1.93,1.94,1.81,1.85,3798
ITC-O,20260401,15.9,16.1,15.8,15.9,308
ITD-O,20260401,0.23,0.24,0.23,0.24,15
ITEL-O,20260401,1.17,1.17,1.15,1.15,19
ITTHI-O,20260401,1.17,1.17,1.17,1.17,1
IVL-O,20260401,25,25.5,24.5,25,2705
J-O,20260401,0.61,0.61,0.56,0.56,145
JAS-O,20260401,1.17,1.17,1.14,1.15,653
JCK-O,20260401,0.13,0.13,0.11,0.13,76
JDF-O,20260401,1.63,1.63,1.63,1.63,100
JMART-O,20260401,7,7,6.75,6.75,202
JMT-O,20260401,8.7,8.9,8.7,8.8,321
JPARK-O,20260401,3.1,3.2,3.1,3.2,6
JR-O,20260401,1.76,1.76,1.76,1.76,10
JSP-O,20260401,1.96,1.96,1.96,1.96,4
JTS-O,20260401,53.5,56,53.5,54.75,701
KAMART-O,20260401,8.3,8.45,8.25,8.25,74
KASET-O,20260401,0.78,0.78,0.75,0.75,12
KBANK-O,20260401,193,193,192,192,4064
KBS-O,20260401,5.9,5.9,5.9,5.9,3
KBSPIF-O,20260401,8.4,8.4,8.4,8.4,21
KC-O,20260401,0.03,0.03,0.03,0.03,70
KCE-O,20260401,22.9,23.1,22.3,22.3,2090
KCG-O,20260401,9.6,9.65,9.6,9.65,4
KCM-O,20260401,0.18,0.18,0.18,0.18,41
KGEN-O,20260401,1.65,1.65,1.65,1.65,10
KGI-O,20260401,4.36,4.5,4.36,4.38,230
KISS-O,20260401,3.3,3.32,3.3,3.32,42
KJL-O,20260401,5.95,5.95,5.95,5.95,6
KKP-O,20260401,75.75,78.5,75.75,78.25,3505
KLINIQ-O,20260401,23.9,24.1,23.9,24,48
KOOL-O,20260401,0.27,0.27,0.27,0.27,21
KSL-O,20260401,1.6,1.6,1.57,1.57,303
KTB-O,20260401,35.25,36.25,35.25,35.75,7014
KTBSTMR-O,20260401,5.45,5.45,5.45,5.45,39
KTC-O,20260401,29.75,30.75,29.75,30.5,1720
KTIS-O,20260401,1.94,1.96,1.94,1.96,2
KTMS-O,20260401,1.43,1.43,1.43,1.43,69
KUN-O,20260401,0.68,0.68,0.68,0.68,4
KWM-O,20260401,0.87,0.88,0.87,0.88,17
KYE-O,20260401,290,290,290,290,1
LALIN-O,20260401,4.58,4.58,4.58,4.58,74
LANNA-O,20260401,15.2,15.2,15,15,588
LEE-O,20260401,2.48,2.48,2.46,2.48,70
LEO-O,20260401,1.79,1.79,1.79,1.79,1
LH-O,20260401,3.78,3.84,3.78,3.8,1514
LHFG-O,20260401,1.03,1.03,1.01,1.03,132
LHHOTEL-O,20260401,12.9,13,12.9,13,37
LHSC-O,20260401,10.1,14.1,10.1,14,1131
LOXLEY-O,20260401,1.36,1.36,1.36,1.36,1
LPN-O,20260401,1.59,1.59,1.58,1.58,38
LTS-O,20260401,2.24,2.26,2.22,2.26,64
M-CHAI-O,20260401,19.2,19.2,19.2,19.2,1
M-O,20260401,19.3,19.4,19.1,19.4,523
MADAME-O,20260401,0.42,0.61,0.42,0.6,90
MAGURO-O,20260401,19.5,20.1,19.5,20,153
MAJOR-O,20260401,5.1,7.45,5.1,7.3,83
MALEE-O,20260401,4.26,4.26,4.24,4.24,205
MASTER-O,20260401,8.7,8.8,8.7,8.7,221
MBK-O,20260401,17.5,17.5,17.3,17.4,52
MC-O,20260401,10.9,11,10.9,10.9,420
MCA-O,20260401,1.14,1.14,1.14,1.14,11
MCOT-O,20260401,4.72,4.72,4.72,4.72,1
MCS-O,20260401,9.7,9.75,9.65,9.75,86
MDX-O,20260401,2.32,2.4,2.32,2.4,17
MEB-O,20260401,13.9,14.2,13.9,14.2,63
MEDEZE-O,20260401,6.55,6.7,6.4,6.4,39
MEGA-O,20260401,34.25,35.25,34.25,34.75,194
METCO-O,20260401,266,271,264,265,7
MFC-O,20260401,22.4,22.4,22.4,22.4,5
MFEC-O,20260401,6.1,6.1,6.1,6.1,10
MGI-O,20260401,5.3,5.35,5.3,5.3,82
MGT-O,20260401,1.88,1.88,1.88,1.88,5
MICRO-O,20260401,0.85,0.85,0.85,0.85,19
MIDA-O,20260401,0.26,0.26,0.26,0.26,7
MINT-O,20260401,22.3,22.6,22.2,22.3,1693
MITSIB-O,20260401,0.54,0.54,0.54,0.54,10
MJLF-O,20260401,5.05,5.05,5.05,5.05,21
MK-O,20260401,0.5,0.5,0.5,0.5,1
ML-O,20260401,0.42,0.42,0.42,0.42,1
MMM-O,20260401,2.76,2.8,2.76,2.78,73
MODERN-O,20260401,2.08,2.08,2.06,2.06,28
MONO-O,20260401,0.99,0.99,0.98,0.99,153
MOONG-O,20260401,2.24,2.26,2.24,2.26,47
MOSHI-O,20260401,35.25,36,35.25,35.75,253
MOTHER-O,20260401,1.15,1.15,1.15,1.15,2
MRDIYT-O,20260401,8.4,8.45,8.3,8.45,318
MTC-O,20260401,29.5,30.5,29.5,30.25,1982
MTI-O,20260401,15.3,15.3,15.3,15.3,1
MTW-O,20260401,0.85,0.85,0.85,0.85,1
NCH-O,20260401,0.4,0.4,0.4,0.4,1
NCL-O,20260401,0.24,0.24,0.24,0.24,28
NCP-O,20260401,1.02,1.02,1.02,1.02,2
NEO-O,20260401,19.5,19.6,19.3,19.6,230
NER-O,20260401,4.88,4.88,4.88,4.88,107
NETBAY-O,20260401,18.2,18.3,18.2,18.3,105
NEX-O,20260401,1.04,1.06,1.03,1.05,144
NKI-O,20260401,13.1,13.1,13.1,13.1,70
NKT-O,20260401,4.18,4.18,4.18,4.18,1
NL-O,20260401,0.64,0.64,0.64,0.64,16
NOBLE-O,20260401,2,2.02,2,2.02,150
NRF-O,20260401,0.28,0.28,0.28,0.28,40
NSL-O,20260401,22.2,22.5,22.1,22.5,101
NTF-O,20260401,12.4,12.7,12.3,12.3,140
NTSC-O,20260401,6,6,6,6,17
NTV-O,20260401,22.2,22.2,22.1,22.1,119
NV-O,20260401,0.51,0.53,0.51,0.53,30
NYT-O,20260401,4.28,4.4,4.26,4.4,182
OHTL-O,20260401,272,272,272,272,2
OKJ-O,20260401,3.54,3.56,3.46,3.5,210
ONEE-O,20260401,2.68,2.72,2.68,2.7,269
ONSENS-O,20260401,1.2,1.2,1.19,1.19,8
OR-O,20260401,13.3,13.3,12.7,12.8,6711
ORI-O,20260401,1.83,1.85,1.82,1.85,71
OSP-O,20260401,15.1,15.3,15,15.2,1338
PACO-O,20260401,1.27,1.27,1.27,1.27,40
PAP-O,20260401,2.52,2.52,2.46,2.46,7
PATO-O,20260401,6.5,6.5,6.45,6.45,21
PB-O,20260401,49.5,49.5,49.5,49.5,13
PCC-O,20260401,2.78,2.78,2.78,2.78,3
PCE-O,20260401,2.62,2.62,2.62,2.62,1
PCSGH-O,20260401,3.08,3.08,3.08,3.08,4
PDG-O,20260401,3,3,3,3,8
PDJ-O,20260401,0.94,0.96,0.94,0.96,11
PHG-O,20260401,13.4,13.4,13,13,5
PHOL-O,20260401,2.84,2.84,2.84,2.84,50
PIMO-O,20260401,1.01,1.01,1.01,1.01,1
PL-O,20260401,1.27,1.27,1.27,1.27,1
PLANB-O,20260401,4.04,4.1,4,4.06,190
PLT-O,20260401,0.57,0.57,0.57,0.57,4
PLUS-O,20260401,1.31,1.31,1.29,1.29,42
PM-O,20260401,11.4,11.4,11.4,11.4,86
POLY-O,20260401,6.9,6.9,6.9,6.9,1
PORT-O,20260401,0.52,0.52,0.52,0.52,10
PPPM-O,20260401,0.32,0.32,0.32,0.32,1
PQS-O,20260401,1.58,1.58,1.58,1.58,1
PR9-O,20260401,16.9,17,16.7,16.8,376
PRI-O,20260401,4.1,4.1,4.1,4.1,1
PRIME-O,20260401,0.06,0.06,0.06,0.06,15
PRM-O,20260401,7.95,8,7.9,7.95,340
PROEN-O,20260401,1.01,1.02,1.01,1.01,38
PROSPECT-O,20260401,7.1,7.1,7.1,7.1,20
PRTR-O,20260401,3.24,3.24,3.24,3.24,1
PSGC-O,20260401,3.5,3.5,3.42,3.42,212
PSH-O,20260401,3.6,3.6,3.54,3.54,6
PSL-O,20260401,6.85,6.9,6.85,6.85,278
PSP-O,20260401,4.36,4.36,4.36,4.36,26
PSTC-O,20260401,0.28,0.28,0.28,0.28,17
PT-O,20260401,11.5,11.5,11.4,11.5,323
PTC-O,20260401,0.61,0.61,0.61,0.61,11
PTG-O,20260401,8.45,8.45,8.3,8.35,2989
PTL-O,20260401,10.1,10.7,10.1,10.4,136
PTT-O,20260401,35,35.25,34.5,34.75,9242
PTTEP-O,20260401,161,161,155,155.5,13462
PTTGC-O,20260401,36,36.25,34.75,35.25,3213
PYLON-O,20260401,3.02,3.04,3.02,3.04,33
Q-CON-O,20260401,6.9,6.9,6.45,6.45,25
QDC-O,20260401,0.13,0.17,0.13,0.15,93
QH-O,20260401,1.39,1.41,1.39,1.39,902
QHBREIT-O,20260401,3.58,3.58,3.58,3.58,26
QHHRREIT-O,20260401,6.95,7.1,6.95,7.1,104
RABBIT-O,20260401,0.29,0.33,0.29,0.33,200
RAM-O,20260401,18.4,18.5,18.4,18.5,2
RATCH-O,20260401,29.75,30.5,29.75,30.25,564
RBF-O,20260401,4.18,4.22,4.14,4.14,89
RCL-O,20260401,32,32,30.75,30.75,832
READY-O,20260401,3.28,3.28,3.28,3.28,1
RICHY-O,20260401,0.16,0.16,0.14,0.14,96
RJH-O,20260401,12.7,12.8,12.7,12.7,79
ROCTEC-O,20260401,0.61,0.61,0.61,0.61,114
ROJNA-O,20260401,5.3,5.35,5.1,5.25,220
RP-O,20260401,0.52,0.52,0.52,0.52,10
RPC-O,20260401,0.52,0.52,0.4,0.41,333
RPH-O,20260401,4.92,4.94,4.92,4.92,181
RS-O,20260401,0.15,0.19,0.15,0.19,234
RSP-O,20260401,0.95,0.95,0.95,0.95,20
RWI-O,20260401,0.21,0.21,0.21,0.21,1
S-O,20260401,0.5,0.52,0.5,0.52,74
S11-O,20260401,3.88,3.94,3.88,3.94,8
SAAM-O,20260401,4.9,4.9,4.9,4.9,10
SABINA-O,20260401,15.8,15.9,15.7,15.9,249
SAFE-O,20260401,4.2,6.1,4.2,6.05,15
SAK-O,20260401,3.3,3.36,3.3,3.34,58
SAMART-O,20260401,5.6,5.6,5.6,5.6,10
SAPPE-O,20260401,31.5,32,31,32,113
SAT-O,20260401,14.3,14.4,14.3,14.4,158
SAUCE-O,20260401,41.75,41.75,41.5,41.5,59
SAV-O,20260401,11.2,11.2,10.9,10.9,65
SAWAD-O,20260401,23,24.1,23,23.5,1539
SC-O,20260401,1.98,2.02,1.98,2,402
SCAP-O,20260401,0.96,1.1,0.8,1.06,154
SCB-O,20260401,145.5,146,145,145.5,11681
SCC-O,20260401,205,207,203,206,1586
SCCC-O,20260401,139.5,140,139.5,140,55
SCGD-O,20260401,4.9,4.9,4.88,4.88,183
SCGP-O,20260401,20.5,21.2,20.4,21.1,921
SCN-O,20260401,0.43,0.43,0.43,0.43,1
SCP-O,20260401,8.1,8.15,8.05,8.05,82
SE-ED-O,20260401,1.6,1.6,1.6,1.6,1
SE-O,20260401,0.5,0.5,0.49,0.49,35
SEAFCO-O,20260401,2.44,2.48,2.42,2.48,161
SECURE-O,20260401,11.8,11.8,11.8,11.8,57
SEI-O,20260401,2.08,2.1,2.08,2.1,43
SELIC-O,20260401,2.5,2.5,2.5,2.5,12
SENA-O,20260401,1.86,1.9,1.86,1.86,193
SFLEX-O,20260401,2.96,2.96,2.96,2.96,74
SFT-O,20260401,1.7,1.7,1.7,1.7,2
SGC-O,20260401,0.87,0.87,0.84,0.84,113
SGP-O,20260401,8.1,8.1,7.95,7.95,14
SHANG-O,20260401,50,50,47.75,47.75,37
SHR-O,20260401,1.71,1.73,1.71,1.73,22
SIMAT-O,20260401,1.15,1.15,1.15,1.15,40
SINGER-O,20260401,3.5,5.1,3.5,5.1,5
SIRI-O,20260401,1.37,1.4,1.37,1.4,2866
SIS-O,20260401,22.1,22.3,21.6,22.1,164
SISB-O,20260401,10.6,10.8,10.6,10.8,140
SK-O,20260401,0.56,0.56,0.56,0.56,10
SKY-O,20260401,12.8,12.8,12.8,12.8,79
SLP-O,20260401,0.4,0.4,0.4,0.4,1
SMART-O,20260401,0.66,0.66,0.66,0.66,2
SMD100-O,20260401,1.76,1.76,1.76,1.76,2
SMO-O,20260401,5.05,5.05,4.92,4.92,211
SMPC-O,20260401,9.3,9.5,9.25,9.25,195
SMT-O,20260401,1.34,1.34,1.33,1.33,13
SNNP-O,20260401,7.3,7.35,7.3,7.35,25
SNP-O,20260401,9,9,9,9,10
SO-O,20260401,4.54,4.54,4.5,4.5,7
SOLAR-O,20260401,0.29,0.3,0.29,0.29,113
SORKON-O,20260401,3.84,3.88,3.84,3.88,23
SPA-O,20260401,3.28,3.28,3.28,3.28,13
SPALI-O,20260401,16.4,16.8,16.4,16.5,642
SPC-O,20260401,55.75,55.75,55.25,55.25,63
SPCG-O,20260401,9,9,8.9,8.95,380
SPG-O,20260401,10.6,10.6,10.6,10.6,18
SPI-O,20260401,45,46,45,46,22
SPRC-O,20260401,7.05,7.6,7,7,1301
SPTX-O,20260401,0.01,0.01,0.01,0.01,264
SPVI-O,20260401,2.9,2.9,2.88,2.88,41
SR-O,20260401,0.34,0.34,0.34,0.34,1
SRICHA-O,20260401,14.3,14.3,14.3,14.3,4
SSF-O,20260401,5.2,5.25,5.2,5.25,10
SSP-O,20260401,3.52,3.52,3.34,3.34,116
STA-O,20260401,17.2,17.8,17.2,17.6,1778
STANLY-O,20260401,197,197.5,197,197,41
STARM-O,20260401,0.86,0.86,0.86,0.86,1
STC-O,20260401,0.45,0.46,0.45,0.46,100
STECON-O,20260401,11.7,13.4,11.7,12.8,4488
STELLA-O,20260401,0.19,0.19,0.19,0.19,90
STGT-O,20260401,10.9,11,10.8,11,598
STOWER-O,20260401,0.02,0.02,0.01,0.01,10
STP-O,20260401,10.5,10.6,10,10.6,21
STPI-O,20260401,4.22,4.4,4.22,4.32,223
SUC-O,20260401,27.25,27.25,27,27,102
SUN-O,20260401,2.7,2.72,2.68,2.72,241
SUPER-O,20260401,0.11,0.11,0.1,0.11,66
SUSCO-O,20260401,2.16,2.16,2.08,2.1,371
SVI-O,20260401,7.4,7.4,7.4,7.4,326
SVOA-O,20260401,1.59,1.59,1.59,1.59,1
SYNEX-O,20260401,9.35,9.65,9.35,9.65,115
TACC-O,20260401,5.5,5.55,5.5,5.55,136
TAE-O,20260401,1.13,1.13,0.9,0.9,3
TASCO-O,20260401,14.4,14.4,13.5,13.7,647
TBN-O,20260401,3.96,3.96,3.96,3.96,1
TC-O,20260401,5.6,5.6,5.6,5.6,25
TCAP-O,20260401,56.75,58,56.75,57.75,1403
TCC-O,20260401,0.38,0.38,0.38,0.38,13
TCMC-O,20260401,0.31,0.31,0.31,0.31,9
TEAM-O,20260401,2.62,2.64,2.62,2.64,12
TEAMG-O,20260401,2.94,2.94,2.9,2.92,150
TEGH-O,20260401,3.22,3.22,3.2,3.2,18
TFFIF-O,20260401,6.6,6.65,6.6,6.65,170
TFG-O,20260401,8.75,9,8.65,8.8,2604
TFI-O,20260401,0.04,0.04,0.04,0.04,5
TFM-O,20260401,6.6,8,6.6,8,45
TFMAMA-O,20260401,189,189,189,189,102
TGPRO-O,20260401,0.04,0.05,0.04,0.05,156
TH-O,20260401,0.49,0.49,0.49,0.49,11
THAI-O,20260401,6.25,6.5,6.2,6.45,2066
THANI-O,20260401,1.63,1.64,1.6,1.61,156
THCOM-O,20260401,12.3,12.9,12.3,12.5,337
THG-O,20260401,9.45,9.5,8.95,9.1,85
THIP-O,20260401,22.7,22.7,22.4,22.4,15
THRE-O,20260401,0.41,0.41,0.41,0.41,3
THREL-O,20260401,1.06,1.06,1,1,101
TIDLOR-O,20260401,15.1,15.8,15.1,15.5,1720
TIPCO-O,20260401,6.95,6.95,6.75,6.75,14
TIPH-O,20260401,20.9,20.9,20.8,20.8,91
TISCO-O,20260401,119,119,113.5,113.5,8830
TKC-O,20260401,7.5,7.5,7.5,7.5,10
TKN-O,20260401,3.86,4,3.86,3.98,67
TKS-O,20260401,6.2,6.2,6.2,6.2,8
TL-O,20260401,0.46,0.46,0.26,0.45,245
TLI-O,20260401,10.5,10.8,10.5,10.8,560
TM-O,20260401,0.81,0.81,0.79,0.79,62
TMAN-O,20260401,13.1,13.2,13.1,13.2,24
TMD-O,20260401,25.75,25.75,25.75,25.75,15
TMI-O,20260401,0.52,0.52,0.51,0.52,11
TMILL-O,20260401,2.1,2.1,2.08,2.08,70
TMT-O,20260401,3.9,3.9,3.88,3.88,31
TMW-O,20260401,55.75,55.75,55.75,55.75,1
TNDT-O,20260401,0.15,0.15,0.15,0.15,10
TNH-O,20260401,31.25,31.25,31,31,2
TNITY-O,20260401,2.94,3,2.94,3,50
TNP-O,20260401,2.88,2.88,2.88,2.88,19
TOA-O,20260401,13.1,13.2,13.1,13.1,231
TOG-O,20260401,6.85,6.85,6.8,6.8,100
TOP-O,20260401,49.25,49.5,47.75,48.25,2993
TPAC-O,20260401,8.85,9,8.85,9,6
TPCH-O,20260401,1.86,1.87,1.77,1.77,105
TPIPL-O,20260401,0.73,0.73,0.72,0.72,102
TPIPP-O,20260401,1.84,1.84,1.82,1.84,251
TPL-O,20260401,0.49,0.49,0.49,0.49,40
TPOLY-O,20260401,0.15,0.15,0.15,0.15,25
TPRIME-O,20260401,7.4,7.4,7.4,7.4,8
TPS-O,20260401,3.28,3.28,3.26,3.26,42
TQM-O,20260401,12.4,12.7,12.4,12.7,120
TQR-O,20260401,4.94,5.1,4.78,4.92,130
TRC-O,20260401,0.37,0.37,0.37,0.37,66
TRUBB-O,20260401,1.01,1.02,0.99,0.99,167
TRUE-O,20260401,14.5,14.7,14.4,14.4,3305
TSE-O,20260401,0.66,0.7,0.66,0.69,65
TSI-O,20260401,0.04,0.04,0.04,0.04,8
TSTH-O,20260401,0.81,0.81,0.81,0.81,1
TTA-O,20260401,4.98,5,4.96,5,148
TTB-O,20260401,2.28,2.36,2.28,2.3,6780
TTI-O,20260401,24.9,24.9,24.9,24.9,29
TTLPF-O,20260401,9.8,9.8,9.8,9.8,99
TTT-O,20260401,47.5,47.5,43.75,43.75,3
TTW-O,20260401,9.2,9.3,9.2,9.25,374
TU-O,20260401,11.1,11.4,11.1,11.4,1636
TURBO-O,20260401,1.5,1.56,1.49,1.51,260
TVO-O,20260401,25.25,25.5,25,25,145
TWPC-O,20260401,2.9,3.04,2.9,3.04,71
TWZ-O,20260401,0.01,0.01,0.01,0.01,27
UBA-O,20260401,1.07,1.07,1.07,1.07,35
UBE-O,20260401,0.73,0.75,0.72,0.72,225
UBIS-O,20260401,1.14,1.14,1.08,1.14,62
UKEM-O,20260401,0.92,0.92,0.88,0.88,122
UNIQ-O,20260401,2.62,2.62,2.62,2.62,3
UNIX-O,20260401,2.2,2.8,1.96,1.96,2152
UPOIC-O,20260401,7.05,7.05,7,7,13
UTP-O,20260401,7.4,7.4,7.35,7.35,280
UV-O,20260401,0.9,0.9,0.9,0.9,3
UVAN-O,20260401,15.9,16,15.8,15.8,731
VCOM-O,20260401,3.28,3.28,3.28,3.28,31
VGI-O,20260401,0.96,0.97,0.93,0.96,646
VIBHA-O,20260401,1.39,1.41,1.39,1.4,112
VNG-O,20260401,2,2,2,2,67
VPO-O,20260401,0.64,0.65,0.63,0.63,260
VRANDA-O,20260401,4.24,4.24,4.24,4.24,20
WACOAL-O,20260401,17.3,17.3,17.1,17.1,2
WARRIX-O,20260401,1.73,1.73,1.73,1.73,5
WASH-O,20260401,5.1,5.1,5.1,5.1,3
WFX-O,20260401,1.2,1.2,1.18,1.18,11
WGE-O,20260401,0.78,0.78,0.78,0.78,1
WHA-O,20260401,4.24,4.32,4.24,4.32,2427
WHABT-O,20260401,5.6,5.6,5.6,5.6,90
WHAIR-O,20260401,6.95,7,6.95,6.95,21
WHART-O,20260401,10.2,10.2,10.1,10.2,289
WHAUP-O,20260401,4.46,4.56,4.46,4.54,236
WICE-O,20260401,2.36,2.36,2.34,2.36,11
WINMED-O,20260401,0.95,0.95,0.95,0.95,1
WP-O,20260401,3.9,3.9,3.76,3.76,10
WPH-O,20260401,5.95,6,5.9,6,61
XBIO-O,20260401,0.07,0.07,0.06,0.07,254
XO-O,20260401,13.8,13.8,13.6,13.8,126
XPG-O,20260401,0.47,0.49,0.47,0.48,218
XYZ-O,20260401,0.4,0.43,0.4,0.43,28
YGG-O,20260401,0.21,0.27,0.21,0.25,96
ZEN-O,20260401,5.6,5.6,5.6,5.6,5
ZIGA-O,20260401,0.92,0.92,0.92,0.92,2
RABBIT-P,20260401,0.33,0.33,0.32,0.32,457400
RABBIT-P-O,20260401,0.32,0.32,0.32,0.32,3
VAYU1,20260401,11,11,10.9,11,162000
VAYU1-O,20260401,11,11,11,11,276
AAV01C2607A,20260401,0.07,0.08,0.07,0.08,135100
AAV01C2609T,20260401,0.14,0.16,0.14,0.15,1926300
AAV01C2703T,20260401,0.2,0.21,0.2,0.21,1518900
AAV01P2607A,20260401,0.32,0.33,0.31,0.33,2215400
AAV13C2604A,20260401,0.01,0.01,0.01,0.01,50100
AAV13C2607A,20260401,0.14,0.15,0.14,0.14,11465600
AAV13C2608A,20260401,0.1,0.11,0.09,0.1,5714100
AAV13C2608B,20260401,0.27,0.29,0.26,0.27,21998400
AAV13C2701T,20260401,0.17,0.18,0.17,0.17,4299900
AAV13P2607A,20260401,0.39,0.4,0.37,0.39,6429400
AAV19C2608A,20260401,0.29,0.3,0.28,0.28,8798900
AAV19C2612T,20260401,0.15,0.16,0.15,0.15,788600
AAV41C2607A,20260401,0.13,0.13,0.12,0.12,400
ADVANC01C2606A,20260401,0.97,0.97,0.75,0.75,668000
ADVANC01C2607A,20260401,0.56,0.56,0.44,0.44,2250000
ADVANC01C2608A,20260401,0.21,0.21,0.16,0.16,3390600
ADVANC01C2609A,20260401,0.6,0.6,0.5,0.5,2552700
ADVANC01C2701T,20260401,0.73,0.73,0.65,0.65,6621300
ADVANC01P2604A,20260401,0.01,0.01,0.01,0.01,500000
ADVANC01P2606A,20260401,0.07,0.1,0.07,0.1,102800
ADVANC01P2607A,20260401,0.24,0.29,0.24,0.29,2245700
ADVANC01P2609A,20260401,0.79,0.87,0.79,0.87,1039000
ADVANC13C2604A,20260401,0.09,0.09,0.09,0.09,100
ADVANC13C2607A,20260401,0.54,0.54,0.44,0.44,7472200
ADVANC13C2608A,20260401,0.15,0.15,0.13,0.13,3439400
ADVANC13C2608B,20260401,0.23,0.23,0.18,0.18,7556200
ADVANC13C2608C,20260401,0.41,0.42,0.35,0.35,4907600
ADVANC13C2701T,20260401,0.48,0.48,0.44,0.44,1912000
ADVANC13P2607A,20260401,0.15,0.18,0.15,0.18,2893800
ADVANC19C2605A,20260401,0.82,0.82,0.8,0.8,500
ADVANC19C2607A,20260401,0.42,0.42,0.31,0.31,5156300
ADVANC19C2608A,20260401,0.34,0.34,0.26,0.26,3580400
ADVANC41C2606T,20260401,0.87,0.87,0.85,0.85,500
ADVANC41C2607A,20260401,0.49,0.49,0.4,0.4,1764900
ADVANC41C2608A,20260401,0.14,0.14,0.14,0.14,125000
ADVANC41C2608C,20260401,0.37,0.37,0.33,0.33,480400
ADVANC41C2701T,20260401,0.36,0.36,0.35,0.35,1000
AEONTS13C2608A,20260401,0.21,0.22,0.21,0.22,5262600
AIA41C2609A,20260401,0.47,0.48,0.46,0.48,600
ALIHEA41C2606A,20260401,0.15,0.15,0.14,0.14,200
AMATA01C2605A,20260401,0.19,0.19,0.18,0.19,4278500
AMATA01C2608A,20260401,0.36,0.36,0.34,0.35,3467400
AMATA13C2608A,20260401,0.37,0.37,0.36,0.36,2535500
AMATA19C2607A,20260401,0.45,0.45,0.43,0.44,782400
AMATA19C2608A,20260401,0.29,0.29,0.27,0.27,9460100
AMATA41C2608A,20260401,0.36,0.36,0.35,0.35,150600
AMATA41C2609T,20260401,0.34,0.35,0.34,0.34,3400
AOT01C2605A,20260401,0.08,0.08,0.08,0.08,795700
AOT01C2606T,20260401,0.35,0.37,0.35,0.36,2172400
AOT01C2607A,20260401,0.25,0.28,0.25,0.26,3199800
AOT01C2609A,20260401,0.46,0.49,0.46,0.48,3137300
AOT01P2605A,20260401,0.06,0.06,0.05,0.05,124300
AOT01P2607A,20260401,0.37,0.37,0.34,0.34,5547200
AOT13C2605A,20260401,0.24,0.26,0.23,0.25,11126600
AOT13C2605B,20260401,0.06,0.07,0.06,0.07,323300
AOT13C2608A,20260401,0.33,0.36,0.33,0.35,13130200
AOT13P2607A,20260401,0.23,0.23,0.22,0.22,1481900
AOT19C2605A,20260401,0.18,0.2,0.17,0.18,12005100
AOT19C2605B,20260401,0.06,0.06,0.04,0.04,10200
AOT19C2608A,20260401,0.51,0.53,0.5,0.51,2378300
AOT41C2605A,20260401,0.19,0.21,0.19,0.2,5400
AOT41C2605B,20260401,0.05,0.05,0.05,0.05,100000
AOT41C2605T,20260401,0.01,0.01,0.01,0.01,10000
AOT41C2608A,20260401,0.31,0.31,0.31,0.31,100
AOT41C2609T,20260401,0.44,0.44,0.43,0.43,400
AOT41P2606T,20260401,0.12,0.12,0.12,0.12,5000
AWC01C2606T,20260401,0.1,0.1,0.1,0.1,1733000
AWC01C2607A,20260401,0.13,0.13,0.13,0.13,200000
AWC01C2703T,20260401,0.23,0.23,0.23,0.23,369800
AWC13C2606A,20260401,0.11,0.11,0.11,0.11,16755200
AWC13C2608A,20260401,0.12,0.12,0.11,0.11,5425500
AWC13C2608B,20260401,0.28,0.28,0.26,0.27,8969200
AWC13C2701T,20260401,0.2,0.2,0.2,0.2,1000
AWC19C2606T,20260401,0.04,0.04,0.04,0.04,100000
AWC41C2609T,20260401,0.14,0.14,0.14,0.14,1100
BA01C2607A,20260401,0.06,0.06,0.06,0.06,8000
BA13C2607A,20260401,0.11,0.12,0.11,0.11,4336300
BA13C2608A,20260401,0.3,0.31,0.29,0.3,9966600
BA19C2609A,20260401,0.37,0.37,0.34,0.36,2240700
BA41C2608A,20260401,0.27,0.28,0.26,0.28,680900
BA41C2611T,20260401,0.19,0.2,0.19,0.19,33300
BABA28C2606A,20260401,0.03,0.03,0.02,0.02,272700
BABA28C2606B,20260401,0.07,0.09,0.06,0.09,700
BABA28C2609A,20260401,0.26,0.27,0.26,0.27,104500
BABA41C2605A,20260401,0.04,0.04,0.04,0.04,5000
BABA41C2606A,20260401,0.15,0.17,0.15,0.17,4300
BABA41C2609T,20260401,0.47,0.48,0.46,0.47,877600
BABA41C2701T,20260401,0.58,0.59,0.58,0.59,1000
BABA41P2609A,20260401,0.36,0.36,0.35,0.35,3000
BAM01C2608A,20260401,0.12,0.13,0.12,0.13,770900
BAM13C2607A,20260401,0.07,0.08,0.07,0.08,260100
BAM13C2608A,20260401,0.21,0.23,0.2,0.23,3148300
BAM19C2612T,20260401,0.28,0.31,0.28,0.3,2704700
BAM41C2612T,20260401,0.3,0.32,0.29,0.32,106400
BANPU01C2605A,20260401,0.66,0.66,0.62,0.66,283600
BANPU01C2606T,20260401,0.4,0.4,0.4,0.4,3000
BANPU01C2607A,20260401,0.12,0.12,0.12,0.12,280000
BANPU01C2703T,20260401,0.19,0.19,0.19,0.19,2999900
BANPU13C2606A,20260401,0.19,0.2,0.19,0.2,764200
BANPU13C2608A,20260401,0.16,0.16,0.15,0.15,2426100
BANPU13C2701T,20260401,0.25,0.25,0.25,0.25,100000
BANPU19C2612T,20260401,0.39,0.39,0.38,0.39,370600
BANPU41C2605T,20260401,0.08,0.08,0.07,0.07,92400
BANPU41C2612T,20260401,0.28,0.28,0.26,0.27,138500
BBL13C2607A,20260401,0.13,0.13,0.12,0.13,3221700
BBL13C2607B,20260401,0.24,0.24,0.24,0.24,247000
BBL13C2608A,20260401,0.37,0.37,0.34,0.36,6484600
BBL13P2608A,20260401,0.49,0.5,0.48,0.49,2302100
BBL19C2612T,20260401,0.44,0.44,0.42,0.43,1081100
BBL41C2607A,20260401,0.11,0.12,0.11,0.12,10300
BBL41C2609T,20260401,0.39,0.39,0.39,0.39,100
BCH01C2609A,20260401,0.16,0.16,0.15,0.16,5354500
BCH01C2610T,20260401,0.07,0.07,0.07,0.07,150400
BCH13C2607A,20260401,0.33,0.33,0.3,0.32,6647900
BCH13C2607B,20260401,0.08,0.08,0.07,0.07,213200
BCH19C2607A,20260401,0.08,0.08,0.08,0.08,3331400
BCH41C2607B,20260401,0.05,0.05,0.05,0.05,10000
BCP01C2608A,20260401,0.31,0.32,0.3,0.31,1508700
BCP13C2608A,20260401,0.49,0.49,0.49,0.49,20000
BCP13C2608B,20260401,0.26,0.28,0.26,0.28,6714400
BCP41C2608A,20260401,0.5,0.52,0.5,0.52,900600
BCP41C2609T,20260401,0.2,0.2,0.2,0.2,100
BCPG01C2607A,20260401,0.43,0.43,0.42,0.43,4074800
BCPG13C2607A,20260401,0.2,0.2,0.18,0.18,10317900
BCPG13C2608A,20260401,0.13,0.14,0.12,0.13,11911100
BCPG19C2605A,20260401,0.04,0.04,0.04,0.04,15000
BCPG19C2609A,20260401,0.34,0.34,0.33,0.34,2305400
BCPG41C2612T,20260401,0.18,0.18,0.18,0.18,100
BDMS01C2604A,20260401,0.01,0.01,0.01,0.01,563000
BDMS01C2607A,20260401,0.13,0.13,0.12,0.12,3917100
BDMS01C2609A,20260401,0.32,0.32,0.31,0.31,4183800
BDMS01P2607A,20260401,0.23,0.24,0.23,0.24,1227800
BDMS13C2607A,20260401,0.17,0.17,0.16,0.16,576100
BDMS13C2608A,20260401,0.11,0.12,0.11,0.11,1825500
BDMS13C2608B,20260401,0.33,0.33,0.31,0.32,7147800
BDMS13C2701T,20260401,0.26,0.26,0.25,0.26,5153700
BDMS13P2607A,20260401,0.3,0.31,0.3,0.3,589300
BDMS19C2604A,20260401,0.01,0.01,0.01,0.01,100000
BDMS19C2608A,20260401,0.33,0.33,0.31,0.32,1716900
BDMS41C2607A,20260401,0.16,0.16,0.15,0.15,580200
BDMS41C2608A,20260401,0.09,0.09,0.09,0.09,10000
BDMS41C2609T,20260401,0.04,0.04,0.04,0.04,100
BDMS41C2612T,20260401,0.18,0.19,0.18,0.19,1100000
BEM13C2604A,20260401,0.01,0.01,0.01,0.01,100000
BEM13C2608A,20260401,0.12,0.12,0.1,0.11,1069300
BEM41C2608A,20260401,0.1,0.1,0.1,0.1,100
BGRIM01C2606T,20260401,0.04,0.04,0.04,0.04,2000
BGRIM01C2608A,20260401,0.11,0.12,0.1,0.12,3460200
BGRIM01C2609A,20260401,0.24,0.25,0.22,0.24,12914900
BGRIM13C2607A,20260401,0.1,0.1,0.08,0.09,1427400
BGRIM13C2608A,20260401,0.24,0.25,0.22,0.24,17689900
BGRIM13C2608B,20260401,0.35,0.37,0.32,0.35,14100900
BGRIM19C2607A,20260401,0.12,0.13,0.11,0.12,16563600
BGRIM41C2608T,20260401,0.13,0.13,0.11,0.13,28100
BGRIM41C2701T,20260401,0.32,0.33,0.32,0.33,100600
BH01C2605A,20260401,0.12,0.13,0.12,0.12,2345800
BH01C2607A,20260401,0.8,0.8,0.75,0.77,106600
BH01C2608A,20260401,0.1,0.11,0.1,0.11,792200
BH01C2609A,20260401,0.78,0.78,0.75,0.76,9407900
BH01C2609B,20260401,0.73,0.73,0.69,0.7,8878400
BH01P2607A,20260401,0.09,0.09,0.09,0.09,112000
BH01P2607B,20260401,0.31,0.33,0.31,0.31,3154400
BH01P2608A,20260401,0.7,0.73,0.7,0.7,2361000
BH13C2605A,20260401,0.08,0.08,0.08,0.08,12100
BH13C2607A,20260401,0.73,0.73,0.67,0.69,7998500
BH13C2608A,20260401,0.13,0.14,0.12,0.12,20320500
BH13C2608B,20260401,0.48,0.48,0.44,0.46,21599900
BH13P2607A,20260401,0.07,0.07,0.06,0.06,24100
BH13P2608A,20260401,0.62,0.64,0.61,0.62,4444900
BH19C2605A,20260401,0.11,0.11,0.09,0.09,9708500
BH19C2608A,20260401,0.47,0.47,0.43,0.45,10440600
BH41C2607A,20260401,0.64,0.64,0.61,0.63,500600
BH41C2608B,20260401,0.44,0.44,0.41,0.43,1640400
BH41C2611T,20260401,0.5,0.51,0.5,0.51,996700
BH41P2608A,20260401,0.57,0.59,0.57,0.58,1450400
BIDU41C2606A,20260401,0.06,0.08,0.06,0.07,1587100
BIDU41C2609A,20260401,0.08,0.12,0.07,0.12,80500
BIDU41C2609T,20260401,0.86,0.87,0.85,0.85,31200
BJC01C2608A,20260401,0.22,0.22,0.19,0.19,1548200
BJC13C2607A,20260401,0.27,0.27,0.23,0.23,8099900
BJC19C2612T,20260401,0.42,0.42,0.38,0.38,2731900
BLA01C2607A,20260401,0.18,0.2,0.18,0.18,3980000
BLA13C2607A,20260401,0.2,0.21,0.19,0.19,4241800
BLA13C2608A,20260401,0.34,0.37,0.33,0.33,9250100
BLA19C2608A,20260401,0.34,0.38,0.34,0.35,2129700
BLA41C2606T,20260401,0.15,0.15,0.15,0.15,300
BTG01C2607A,20260401,0.97,0.99,0.96,0.99,37200
BTG01C2609A,20260401,0.71,0.71,0.67,0.68,1616100
BTG13C2608A,20260401,0.81,0.81,0.77,0.79,173400
BTG13C2609A,20260401,0.61,0.61,0.57,0.59,8950900
BTG13C2609B,20260401,0.22,0.22,0.21,0.21,4768900
BTG19C2608A,20260401,0.62,0.63,0.59,0.61,1915100
BTG41C2609A,20260401,0.58,0.58,0.58,0.58,100
BTS01C2608A,20260401,0.07,0.07,0.07,0.07,758000
BTS01C2609T,20260401,0.04,0.04,0.04,0.04,210200
BTS13C2606A,20260401,0.03,0.03,0.02,0.02,10200
BTS13C2607A,20260401,0.12,0.12,0.12,0.12,1437600
BTS13C2608A,20260401,0.1,0.1,0.09,0.09,598200
BTS13C2609A,20260401,0.25,0.25,0.23,0.24,6992800
BTS13C2701T,20260401,0.14,0.14,0.14,0.14,1069700
BTS13P2608A,20260401,0.23,0.25,0.23,0.24,3310800
BTS19C2604A,20260401,0.01,0.01,0.01,0.01,100000
BTS19C2605A,20260401,0.03,0.03,0.03,0.03,100
BTS41C2609A,20260401,0.22,0.22,0.22,0.22,100
BTS41C2612T,20260401,0.04,0.04,0.04,0.04,58000
BTS41C2703T,20260401,0.17,0.17,0.17,0.17,22400
BYDCOM41C2609A,20260401,0.57,0.63,0.57,0.63,15100
CBG01C2607A,20260401,0.11,0.11,0.09,0.1,2192100
CBG01C2609A,20260401,0.35,0.35,0.32,0.33,5547300
CBG01P2609A,20260401,0.33,0.34,0.33,0.33,1641700
CBG13C2607A,20260401,0.08,0.08,0.07,0.07,8597100
CBG13C2608A,20260401,0.27,0.27,0.24,0.25,4984700
CBG13C2608B,20260401,0.38,0.38,0.34,0.35,6745600
CBG13P2605A,20260401,0.12,0.13,0.12,0.13,1913000
CBG19C2607A,20260401,0.07,0.07,0.07,0.07,85200
CBG19C2608A,20260401,0.44,0.44,0.39,0.41,6700700
CBG41C2608A,20260401,0.24,0.24,0.23,0.23,400
CBG41C2703T,20260401,0.3,0.3,0.3,0.3,15100
CCET13C2604A,20260401,0.01,0.01,0.01,0.01,150000
CCET13C2607A,20260401,0.14,0.2,0.14,0.17,9626300
CCET13C2608A,20260401,0.43,0.53,0.42,0.49,18157200
CCET19C2607A,20260401,0.17,0.24,0.17,0.2,4889800
CCET41C2607A,20260401,0.25,0.31,0.25,0.31,101200
CENTEL01C2606A,20260401,0.07,0.07,0.07,0.07,2000
CENTEL01C2609A,20260401,0.29,0.29,0.26,0.29,4698000
CENTEL13C2608A,20260401,0.16,0.16,0.14,0.16,1504600
CENTEL13C2608B,20260401,0.32,0.33,0.29,0.33,6049300
CENTEL19C2607A,20260401,0.11,0.11,0.09,0.1,2304300
CENTEL41C2606T,20260401,0.13,0.13,0.12,0.13,400
CENTEL41C2608A,20260401,0.13,0.13,0.13,0.13,100
CENTEL41C2701T,20260401,0.28,0.28,0.27,0.28,4500
CHG13C2608A,20260401,0.13,0.13,0.13,0.13,775000
CHG41C2612T,20260401,0.18,0.18,0.18,0.18,100
CK01C2608A,20260401,0.33,0.38,0.33,0.38,4948900
CK13C2607A,20260401,0.38,0.44,0.38,0.43,13709800
CK13C2608A,20260401,0.21,0.24,0.21,0.23,8463000
COM701C2604A,20260401,0.02,0.02,0.02,0.02,70000
COM701C2607A,20260401,0.43,0.46,0.41,0.46,5778400
COM713C2605A,20260401,0.1,0.11,0.1,0.11,1637400
COM713C2607A,20260401,0.41,0.45,0.38,0.44,13133100
COM713C2608A,20260401,0.1,0.11,0.1,0.11,1026600
COM719C2605A,20260401,0.15,0.18,0.14,0.17,13172000
COM741C2607A,20260401,0.35,0.36,0.35,0.36,20000
COM741C2609T,20260401,0.29,0.3,0.29,0.3,980200
CPALL01C2604A,20260401,0.01,0.01,0.01,0.01,12000
CPALL01C2606T,20260401,0.05,0.05,0.05,0.05,400200
CPALL01C2607A,20260401,0.23,0.23,0.2,0.21,5262800
CPALL01C2608A,20260401,0.06,0.06,0.06,0.06,421000
CPALL01C2703T,20260401,0.26,0.26,0.25,0.25,2051200
CPALL01P2607A,20260401,0.14,0.15,0.14,0.15,4307200
CPALL01P2608A,20260401,0.51,0.53,0.51,0.51,916100
CPALL13C2607A,20260401,0.2,0.2,0.18,0.18,1006500
CPALL13C2608A,20260401,0.13,0.14,0.12,0.13,2092200
CPALL13C2609A,20260401,0.36,0.36,0.35,0.35,1707600
CPALL13C2701T,20260401,0.27,0.27,0.26,0.26,4844000
CPALL13P2608A,20260401,0.17,0.19,0.17,0.18,3964400
CPALL19C2607A,20260401,0.3,0.3,0.27,0.28,3118500
CPALL19C2612A,20260401,0.16,0.16,0.15,0.15,554800
CPALL41C2607A,20260401,0.16,0.16,0.16,0.16,100
CPALL41C2612T,20260401,0.17,0.17,0.16,0.16,2854100
CPF01C2608A,20260401,0.2,0.2,0.2,0.2,74000
CPF01C2609A,20260401,0.37,0.37,0.35,0.35,449400
CPF01C2611T,20260401,0.22,0.23,0.21,0.22,23100
CPF01P2608A,20260401,0.35,0.38,0.35,0.37,335700
CPF13C2604A,20260401,0.01,0.01,0.01,0.01,210000
CPF13C2608A,20260401,0.29,0.29,0.25,0.26,2552800
CPF13P2608A,20260401,0.32,0.34,0.32,0.33,716300
CPF19C2608A,20260401,0.23,0.23,0.21,0.22,229200
CPF19C2609T,20260401,0.17,0.17,0.17,0.17,78900
CPF41C2612T,20260401,0.23,0.23,0.21,0.21,32100
CPN01C2604A,20260401,0.12,0.15,0.11,0.12,5162400
CPN01C2606T,20260401,0.26,0.26,0.24,0.25,3972800
CPN01C2608A,20260401,0.41,0.45,0.41,0.41,7128500
CPN01P2608A,20260401,0.25,0.26,0.24,0.24,3849000
CPN13C2608A,20260401,0.47,0.47,0.43,0.45,20249700
CPN13P2608A,20260401,0.24,0.25,0.23,0.24,5172100
CPN19C2609T,20260401,0.42,0.43,0.4,0.41,19195600
CPN41C2608A,20260401,0.42,0.43,0.42,0.43,200
CPN41C2608T,20260401,0.46,0.48,0.45,0.47,1281200
CRC01C2605A,20260401,0.05,0.05,0.04,0.05,130000
CRC01C2609A,20260401,0.21,0.21,0.19,0.21,4790000
CRC01C2609B,20260401,0.41,0.42,0.39,0.4,9643600
CRC01C2610T,20260401,0.26,0.26,0.25,0.26,4488900
CRC01P2605A,20260401,0.09,0.1,0.09,0.09,826100
CRC13C2606A,20260401,0.13,0.14,0.12,0.13,6482500
CRC13C2608A,20260401,0.42,0.44,0.4,0.42,11901700
CRC13P2606A,20260401,0.1,0.11,0.1,0.1,1273900
CRC19C2612A,20260401,0.35,0.36,0.34,0.35,14791500
CRC41C2609T,20260401,0.16,0.16,0.15,0.15,800
DELTA01C2605A,20260401,1.28,1.45,1.26,1.39,3766800
DELTA01C2605B,20260401,3.08,3.48,3.08,3.38,1320800
DELTA01C2607A,20260401,0.82,0.94,0.82,0.91,6262500
DELTA01C2608A,20260401,0.59,0.65,0.59,0.63,19256800
DELTA01P2605A,20260401,0.03,0.03,0.02,0.03,583600
DELTA01P2606A,20260401,0.07,0.07,0.06,0.06,470100
DELTA01P2608A,20260401,0.67,0.67,0.63,0.63,5587700
DELTA13C2604A,20260401,0.02,0.03,0.01,0.01,106000
DELTA13C2605A,20260401,0.54,0.64,0.54,0.63,1373300
DELTA13C2605B,20260401,1.91,2.18,1.91,2.18,74200
DELTA13C2606A,20260401,1.15,1.23,1.15,1.21,186400
DELTA13C2607A,20260401,0.48,0.53,0.46,0.5,6574100
DELTA13C2607B,20260401,0.55,0.6,0.52,0.58,70459400
DELTA13C2608A,20260401,0.34,0.37,0.33,0.36,34801300
DELTA13P2605A,20260401,0.02,0.02,0.02,0.02,30400
DELTA13P2606A,20260401,0.14,0.14,0.13,0.13,6355000
DELTA13P2607A,20260401,0.57,0.57,0.51,0.53,44788200
DELTA19C2604A,20260401,0.03,0.07,0.03,0.04,1468900
DELTA19C2605B,20260401,1.89,1.93,1.89,1.93,15000
DELTA19C2607A,20260401,0.74,0.81,0.72,0.79,13098600
DELTA19C2608A,20260401,0.64,0.7,0.62,0.68,9535300
DELTA19P2604A,20260401,0.01,0.01,0.01,0.01,417000
DELTA19P2605A,20260401,0.02,0.02,0.02,0.02,440000
DELTA19P2606A,20260401,0.12,0.12,0.11,0.12,3530100
DELTA19P2607A,20260401,0.42,0.43,0.4,0.4,4703900
DELTA19P2608A,20260401,0.89,0.9,0.85,0.86,6473900
DELTA41C2605A,20260401,0.51,0.51,0.51,0.51,100
DELTA41C2605B,20260401,2.08,2.08,2.08,2.08,100
DELTA41C2606A,20260401,1.12,1.22,1.12,1.22,1500
DELTA41C2607A,20260401,0.43,0.49,0.43,0.48,1034200
DELTA41C2607B,20260401,0.49,0.56,0.49,0.55,937000
DELTA41C2608A,20260401,0.33,0.36,0.33,0.35,1076700
DELTA41C2608T,20260401,1.79,1.79,1.79,1.79,100
DELTA41C2612T,20260401,1.17,1.23,1.17,1.22,2300
DELTA41C2703T,20260401,0.75,0.8,0.75,0.8,2213700
DELTA41P2607A,20260401,0.53,0.53,0.52,0.52,2000
DJI41C2606A,20260401,0.21,0.23,0.2,0.22,584100
DJI41C2606B,20260401,0.62,0.66,0.62,0.66,13300
DJI41P2606A,20260401,0.97,0.97,0.93,0.95,406200
DJI41P2606B,20260401,0.65,0.65,0.62,0.64,807000
DOHOME01C2608A,20260401,0.23,0.23,0.21,0.23,4535600
DOHOME13C2604A,20260401,0.01,0.01,0.01,0.01,126000
DOHOME13C2607A,20260401,0.23,0.24,0.21,0.23,5480400
DOHOME41C2604A,20260401,0.01,0.01,0.01,0.01,77100
DOHOME41C2609T,20260401,0.05,0.05,0.05,0.05,100
EA13C2605A,20260401,0.02,0.03,0.02,0.03,1140300
EA13C2607A,20260401,0.1,0.14,0.1,0.14,7508600
EA13C2607B,20260401,0.07,0.09,0.07,0.09,3470000
EA13C2608A,20260401,0.3,0.37,0.28,0.37,29507200
EA19C2606A,20260401,0.14,0.17,0.12,0.16,5393300
EA41C2609T,20260401,0.22,0.25,0.22,0.25,600
ERW01C2608A,20260401,0.13,0.15,0.13,0.15,2925100
ERW01C2611T,20260401,0.24,0.26,0.24,0.26,3595000
ERW13C2608A,20260401,0.12,0.14,0.12,0.14,1264700
ERW13C2608B,20260401,0.27,0.31,0.27,0.3,11223100
ERW19C2609A,20260401,0.25,0.28,0.24,0.27,3477300
ERW41C2611T,20260401,0.35,0.38,0.35,0.37,1895600
GFPT13C2608A,20260401,0.47,0.49,0.47,0.47,1219200
GLOBAL01C2608A,20260401,0.05,0.05,0.04,0.05,500
GLOBAL13C2608A,20260401,0.1,0.12,0.1,0.11,2078700
GLOBAL13C2608B,20260401,0.24,0.26,0.24,0.25,7815600
GLOBAL41C2608A,20260401,0.09,0.09,0.09,0.09,10000
GLOBAL41C2612T,20260401,0.28,0.29,0.28,0.29,200700
GPSC01C2605A,20260401,0.04,0.04,0.04,0.04,300000
GPSC01C2608A,20260401,0.08,0.08,0.07,0.08,426300
GPSC01C2609A,20260401,0.25,0.27,0.23,0.26,10822700
GPSC01C2609T,20260401,0.13,0.14,0.13,0.14,2241200
GPSC01P2605A,20260401,0.05,0.06,0.05,0.06,300
GPSC01P2607A,20260401,0.31,0.33,0.3,0.3,4485900
GPSC01P2608A,20260401,0.62,0.62,0.62,0.62,1000
GPSC13C2606A,20260401,0.12,0.12,0.1,0.11,16146800
GPSC13C2608A,20260401,0.11,0.11,0.1,0.11,7003100
GPSC13C2608B,20260401,0.27,0.29,0.25,0.28,25917000
GPSC13C2701T,20260401,0.16,0.16,0.16,0.16,4652300
GPSC13P2606A,20260401,0.08,0.09,0.08,0.08,547100
GPSC19C2608A,20260401,0.1,0.1,0.1,0.1,1480000
GPSC19C2608B,20260401,0.32,0.32,0.29,0.32,8463100
GPSC41C2606A,20260401,0.1,0.1,0.1,0.1,1100
GPSC41C2608B,20260401,0.25,0.26,0.24,0.26,50600
GPSC41C2703T,20260401,0.24,0.24,0.23,0.23,15100
GULF01C2604A,20260401,0.7,0.72,0.67,0.68,1082700
GULF01C2606T,20260401,0.22,0.22,0.22,0.22,3344100
GULF01C2608A,20260401,0.85,0.87,0.84,0.85,184000
GULF01C2608B,20260401,0.53,0.54,0.52,0.53,1286300
GULF01C2609A,20260401,0.43,0.44,0.42,0.43,4443200
GULF01C2702T,20260401,0.59,0.59,0.58,0.59,10838600
GULF01P2608A,20260401,0.06,0.06,0.06,0.06,211500
GULF01P2608B,20260401,0.18,0.18,0.18,0.18,1992800
GULF01P2609A,20260401,0.52,0.53,0.51,0.52,1452600
GULF13C2607A,20260401,0.76,0.78,0.74,0.78,184100
GULF13C2608A,20260401,0.55,0.57,0.54,0.57,21430900
GULF13P2607A,20260401,0.04,0.05,0.04,0.05,50400
GULF13P2608A,20260401,0.35,0.36,0.34,0.34,4142400
GULF19C2607B,20260401,0.45,0.46,0.44,0.46,1570400
GULF41C2607A,20260401,0.72,0.72,0.72,0.72,100
GULF41C2608A,20260401,0.52,0.53,0.52,0.53,200400
GULF41C2609T,20260401,0.44,0.44,0.44,0.44,100
GUNKUL01C2608A,20260401,0.22,0.23,0.21,0.22,5521700
GUNKUL13C2608A,20260401,0.37,0.37,0.35,0.36,11510700
GUNKUL13C2608B,20260401,0.19,0.19,0.18,0.18,1872800
GUNKUL19C2609A,20260401,0.29,0.3,0.28,0.29,4314500
HANA01C2604A,20260401,1.01,1.01,0.82,0.82,61300
HANA01C2606A,20260401,1.87,1.87,1.42,1.42,221400
HANA01C2608A,20260401,1.53,1.53,1.14,1.14,393600
HANA01C2609A,20260401,0.31,0.31,0.22,0.23,27640200
HANA13C2604A,20260401,0.08,0.08,0.01,0.02,2766900
HANA13C2604B,20260401,1.46,1.46,1.46,1.46,100
HANA13C2607A,20260401,1.77,1.78,1.37,1.4,292800
HANA13C2608A,20260401,1.28,1.28,0.97,1.05,276900
HANA13C2608B,20260401,0.75,0.76,0.57,0.58,779300
HANA13C2608C,20260401,0.36,0.36,0.26,0.27,40109300
HANA13P2607A,20260401,0.06,0.1,0.05,0.06,689700
HANA19C2604A,20260401,0.18,0.18,0.11,0.11,76300
HANA19C2608A,20260401,1.07,1.07,0.82,0.82,11200
HANA41C2606T,20260401,0.2,0.2,0.13,0.13,1074500
HANA41C2612T,20260401,0.62,0.62,0.5,0.5,3334000
HMPRO01C2607A,20260401,0.05,0.06,0.05,0.06,100000
HMPRO13C2604A,20260401,0.01,0.01,0.01,0.01,10000
HMPRO13C2608A,20260401,0.12,0.12,0.12,0.12,2128800
HMPRO19C2608A,20260401,0.11,0.11,0.11,0.11,100
HMPRO41C2608A,20260401,0.11,0.11,0.11,0.11,350100
HSI28C2604A,20260401,0.02,0.03,0.01,0.01,66100
HSI28C2604B,20260401,0.04,0.05,0.03,0.04,657300
HSI28C2604C,20260401,0.14,0.16,0.14,0.14,6797800
HSI28C2604D,20260401,0.27,0.3,0.26,0.26,62121200
HSI28C2605A,20260401,0.11,0.13,0.11,0.12,557400
HSI28C2605B,20260401,0.32,0.34,0.3,0.31,8151300
HSI28C2605C,20260401,0.7,0.74,0.67,0.68,45441900
HSI28C2605D,20260401,1.21,1.21,1.21,1.21,3000
HSI28C2606A,20260401,0.26,0.29,0.25,0.26,14742600
HSI28C2606B,20260401,0.91,0.95,0.88,0.9,4067100
HSI28P2604A,20260401,0.14,0.14,0.12,0.14,4039200
HSI28P2604B,20260401,0.35,0.38,0.34,0.37,37009100
HSI28P2604C,20260401,1.06,1.09,1.06,1.09,200
HSI28P2605A,20260401,0.51,0.53,0.49,0.53,3787400
HSI28P2605B,20260401,0.24,0.25,0.23,0.24,4467200
HSI28P2605C,20260401,0.13,0.14,0.13,0.13,238200
HSI28P2606A,20260401,0.74,0.74,0.72,0.74,2900
HSTECH28C2606A,20260401,0.16,0.17,0.16,0.17,219200
ICHI01C2608A,20260401,0.1,0.11,0.1,0.11,202000
ICHI13C2608A,20260401,0.08,0.11,0.08,0.11,273100
ICHI19C2609T,20260401,0.15,0.18,0.15,0.18,1795300
IRPC01C2607A,20260401,1.18,1.18,0.96,1,71500
IRPC01C2609A,20260401,0.73,0.75,0.64,0.64,14200
IRPC01C2703T,20260401,0.2,0.2,0.18,0.18,3511900
IRPC13C2608A,20260401,0.99,0.99,0.76,0.79,431400
IRPC13C2608B,20260401,0.61,0.61,0.45,0.49,25158900
IRPC13C2609A,20260401,0.52,0.52,0.41,0.44,45416300
IRPC13C2609B,20260401,0.26,0.26,0.21,0.21,11469000
IRPC13C2701T,20260401,0.69,0.69,0.69,0.69,17000
IRPC19C2609T,20260401,0.65,0.68,0.57,0.59,10837200
IRPC41C2609B,20260401,0.24,0.24,0.21,0.21,300
IRPC41C2703T,20260401,0.75,0.77,0.71,0.71,320300
ITC01C2606T,20260401,0.23,0.23,0.21,0.23,2250500
ITC13C2608A,20260401,0.24,0.25,0.23,0.24,3579800
ITC19C2609T,20260401,0.24,0.25,0.24,0.25,415800
ITC41C2612T,20260401,0.22,0.22,0.22,0.22,400200
IVL01C2604A,20260401,0.44,0.61,0.44,0.56,254100
IVL01C2605A,20260401,1.38,1.57,1.38,1.51,185300
IVL01C2607A,20260401,0.48,0.58,0.48,0.54,2065800
IVL01C2608A,20260401,0.1,0.11,0.09,0.1,4759000
IVL01C2609A,20260401,1.1,1.21,1.1,1.17,411800
IVL01P2607A,20260401,0.09,0.1,0.08,0.08,131200
IVL01P2608A,20260401,0.28,0.28,0.26,0.26,3786800
IVL01P2609A,20260401,0.46,0.47,0.43,0.43,5392700
IVL13C2604A,20260401,0.2,0.31,0.1,0.24,1239300
IVL13C2607A,20260401,0.46,0.51,0.43,0.5,7941200
IVL13C2608A,20260401,0.8,0.95,0.78,0.88,4553300
IVL13C2609A,20260401,0.71,0.79,0.7,0.76,11049900
IVL13C2609B,20260401,0.26,0.28,0.25,0.26,9727100
IVL13P2607A,20260401,0.14,0.14,0.12,0.12,4470000
IVL13P2608A,20260401,0.41,0.41,0.38,0.38,11284600
IVL19C2607A,20260401,0.54,0.62,0.53,0.62,2515500
IVL19C2609A,20260401,0.24,0.26,0.24,0.26,7032100
IVL19P2608A,20260401,0.38,0.39,0.37,0.37,10617900
IVL41C2605A,20260401,0.97,0.97,0.97,0.97,133600
IVL41C2605T,20260401,0.07,0.07,0.07,0.07,100
IVL41C2702T,20260401,0.52,0.53,0.5,0.52,786600
JAS13C2604A,20260401,0.01,0.01,0.01,0.01,20000
JAS13C2608A,20260401,0.1,0.1,0.1,0.1,359600
JAS19C2604A,20260401,0.01,0.01,0.01,0.01,50000
JAS19C2701T,20260401,0.37,0.38,0.36,0.37,3298600
JAS41C2611T,20260401,0.12,0.12,0.12,0.12,100
JD28C2605A,20260401,0.14,0.14,0.14,0.14,100000
JD41C2606A,20260401,0.2,0.2,0.19,0.19,200
JMART01C2608A,20260401,0.17,0.17,0.15,0.16,7605000
JMART13C2605A,20260401,0.04,0.04,0.04,0.04,102000
JMART13C2608A,20260401,0.19,0.19,0.18,0.19,11376800
JMART13C2701T,20260401,0.18,0.18,0.18,0.18,164000
JMART19C2612A,20260401,0.28,0.28,0.26,0.27,4775800
JMART41C2609T,20260401,0.09,0.09,0.09,0.09,8500
JMART41C2703T,20260401,0.28,0.28,0.28,0.28,2800
JMT01C2605A,20260401,0.09,0.09,0.08,0.08,317700
JMT01C2608A,20260401,0.11,0.11,0.1,0.1,6647400
JMT01C2701T,20260401,0.29,0.29,0.28,0.28,4554800
JMT13C2604A,20260401,0.01,0.01,0.01,0.01,100
JMT13C2607A,20260401,0.34,0.36,0.32,0.33,12426600
JMT13C2608A,20260401,0.14,0.14,0.13,0.14,4660400
JMT13C2701T,20260401,0.24,0.24,0.24,0.24,825400
JMT19C2605A,20260401,0.11,0.11,0.09,0.09,5537700
JMT19C2608A,20260401,0.12,0.12,0.12,0.12,1299800
JMT41C2703T,20260401,0.43,0.43,0.42,0.42,500
KBANK01C2607A,20260401,0.23,0.24,0.23,0.23,1147500
KBANK01C2608A,20260401,0.11,0.11,0.11,0.11,400200
KBANK01C2609A,20260401,0.59,0.59,0.58,0.58,3467500
KBANK01P2607A,20260401,0.32,0.32,0.31,0.32,2805800
KBANK13C2607A,20260401,0.08,0.08,0.08,0.08,161200
KBANK13C2607B,20260401,0.28,0.28,0.27,0.27,6926600
KBANK13C2609A,20260401,0.57,0.57,0.56,0.56,7959600
KBANK13P2607A,20260401,0.3,0.3,0.3,0.3,1612400
KBANK19C2604A,20260401,0.01,0.01,0.01,0.01,100000
KBANK41C2607A,20260401,0.06,0.06,0.06,0.06,30000
KBANK41C2607B,20260401,0.25,0.25,0.24,0.24,200
KBANK41C2609T,20260401,0.57,0.57,0.56,0.56,9400
KBANK41C2703T,20260401,0.31,0.31,0.31,0.31,300
KCE13C2606A,20260401,0.41,0.42,0.33,0.33,2114700
KCE13C2607A,20260401,0.76,0.76,0.61,0.62,1248800
KCE13C2608A,20260401,0.47,0.48,0.4,0.4,32518400
KCE13P2608A,20260401,0.4,0.44,0.4,0.44,5346800
KCE19C2604A,20260401,0.01,0.01,0.01,0.01,765200
KCE19C2605A,20260401,0.47,0.47,0.34,0.35,5356300
KCE19C2608B,20260401,0.53,0.53,0.45,0.45,18291900
KCE41C2606A,20260401,0.38,0.38,0.37,0.38,126200
KCE41C2606T,20260401,0.05,0.05,0.05,0.05,50000
KCE41C2607A,20260401,0.67,0.67,0.67,0.67,1000
KCE41C2608A,20260401,0.45,0.45,0.38,0.38,604100
KCE41C2609T,20260401,0.63,0.63,0.56,0.57,2405300
KCE41P2608A,20260401,0.35,0.37,0.35,0.36,650000
KKP01C2607A,20260401,0.57,0.67,0.57,0.64,2652700
KKP01P2609A,20260401,0.62,0.62,0.57,0.58,2693000
KKP13C2606A,20260401,0.41,0.5,0.41,0.5,22291900
KKP19C2609T,20260401,0.75,0.83,0.75,0.83,6141100
KTB01C2608A,20260401,0.27,0.29,0.27,0.28,1257500
KTB01C2701T,20260401,0.33,0.34,0.33,0.34,466300
KTB01P2608A,20260401,0.14,0.14,0.13,0.14,129500
KTB13C2606A,20260401,0.27,0.31,0.27,0.29,3400
KTB13C2608A,20260401,0.23,0.24,0.23,0.23,7357200
KTB13P2608A,20260401,0.12,0.12,0.11,0.11,1658100
KTB19C2609T,20260401,0.42,0.43,0.42,0.43,898600
KTB41C2606A,20260401,0.25,0.26,0.25,0.26,200
KTB41C2608A,20260401,0.21,0.22,0.21,0.22,210600
KTB41C2612T,20260401,0.47,0.48,0.47,0.48,300200
KTB41P2608A,20260401,0.09,0.09,0.09,0.09,100
KTC01C2607A,20260401,0.22,0.22,0.21,0.21,1098300
KTC01C2608A,20260401,0.12,0.12,0.11,0.12,931600
KTC01C2609T,20260401,0.18,0.18,0.18,0.18,1433400
KTC01P2608A,20260401,0.37,0.38,0.37,0.37,919500
KTC13C2607A,20260401,0.22,0.23,0.21,0.23,6903600
KTC13C2608A,20260401,0.16,0.17,0.15,0.16,4519900
KTC13C2701T,20260401,0.27,0.27,0.27,0.27,5682200
KTC13P2608A,20260401,0.4,0.41,0.39,0.39,1650700
KTC19C2609T,20260401,0.2,0.2,0.2,0.2,1772400
KTC41C2607A,20260401,0.2,0.2,0.2,0.2,10100
KTC41C2608A,20260401,0.13,0.14,0.13,0.14,200
KTC41C2609T,20260401,0.18,0.18,0.18,0.18,11000
KTC41C2612T,20260401,0.27,0.27,0.27,0.27,132200
KUAISH41C2606A,20260401,0.02,0.03,0.02,0.03,524500
KUAISH41C2609A,20260401,0.09,0.09,0.09,0.09,100
KUAISH41C2609T,20260401,0.27,0.27,0.27,0.27,100
LH01C2609A,20260401,0.17,0.18,0.17,0.17,2988000
LH13C2608A,20260401,0.2,0.2,0.19,0.2,1197100
M01C2606A,20260401,0.12,0.12,0.12,0.12,730100
M13C2605A,20260401,0.08,0.08,0.08,0.08,25000
M13C2607A,20260401,0.12,0.12,0.12,0.12,712000
M13C2608A,20260401,0.08,0.08,0.08,0.08,100000
M13C2608B,20260401,0.35,0.37,0.34,0.34,5859100
M19C2605A,20260401,0.11,0.11,0.1,0.1,1246500
M41C2612T,20260401,0.22,0.22,0.22,0.22,100
MCA5041C2606A,20260401,0.18,0.18,0.18,0.18,83000
MCA5041P2606A,20260401,0.46,0.48,0.46,0.48,300
MEGA01C2702T,20260401,0.2,0.2,0.2,0.2,130700
MEGA13C2608A,20260401,0.12,0.12,0.12,0.12,56100
MEITUA28C2607A,20260401,0.15,0.15,0.15,0.15,1400000
MEITUA41C2609A,20260401,0.41,0.43,0.4,0.43,94400
MINT01C2605A,20260401,0.06,0.07,0.06,0.07,200200
MINT01C2609A,20260401,0.48,0.48,0.46,0.47,7222000
MINT01P2609A,20260401,0.52,0.53,0.52,0.52,1504200
MINT13C2607A,20260401,0.06,0.06,0.06,0.06,590000
MINT13C2608A,20260401,0.3,0.3,0.29,0.29,3688000
MINT13C2608B,20260401,0.47,0.47,0.45,0.46,14632100
MINT13P2606A,20260401,0.27,0.28,0.26,0.26,786200
MINT41C2608A,20260401,0.27,0.27,0.26,0.26,200
MINT41C2612T,20260401,0.09,0.09,0.09,0.09,100
MINT41P2606A,20260401,0.22,0.22,0.21,0.21,300
MTC01C2606A,20260401,0.02,0.02,0.02,0.02,441200
MTC01C2608A,20260401,0.18,0.19,0.17,0.18,6963500
MTC01P2608A,20260401,0.1,0.11,0.1,0.1,17606800
MTC13C2605A,20260401,0.02,0.02,0.01,0.01,50100
MTC13C2607A,20260401,0.15,0.17,0.14,0.16,50314900
MTC13C2608A,20260401,0.26,0.29,0.24,0.26,14423700
MTC13P2607A,20260401,0.33,0.34,0.32,0.33,4488100
MTC19C2605A,20260401,0.02,0.02,0.02,0.02,50900
MTC19C2607A,20260401,0.04,0.05,0.04,0.05,1080100
MTC19C2608A,20260401,0.22,0.23,0.19,0.22,10647400
MTC41C2608A,20260401,0.24,0.26,0.24,0.26,200
MTC41C2611T,20260401,0.08,0.09,0.08,0.09,23100
MTC41P2607A,20260401,0.22,0.22,0.21,0.21,200000
NDX28C2606A,20260401,0.22,0.24,0.22,0.24,2900
NDX28C2606B,20260401,0.59,0.65,0.59,0.6,275600
NDX28P2606A,20260401,0.67,0.67,0.64,0.66,36200
NDX41C2606A,20260401,0.16,0.2,0.16,0.18,4021200
NDX41C2606B,20260401,0.49,0.54,0.48,0.5,4963700
NDX41P2606A,20260401,0.83,0.83,0.77,0.81,1744800
NDX41P2606B,20260401,0.57,0.57,0.53,0.54,40300
NIKKEI28C2606A,20260401,1.15,1.28,1.15,1.25,44700
NIKKEI28C2606B,20260401,0.8,0.91,0.8,0.87,8048100
NIKKEI28C2606C,20260401,0.52,0.62,0.52,0.62,145000
NIKKEI28C2606D,20260401,0.33,0.4,0.32,0.36,1663700
NIKKEI28P2606A,20260401,0.31,0.31,0.28,0.29,121300
NIKKEI28P2606B,20260401,0.59,0.59,0.54,0.57,2800
NIKKEI28P2606C,20260401,0.46,0.46,0.4,0.43,1683500
NIKKEI28P2606D,20260401,0.81,0.81,0.77,0.77,1260000
NIKKEI41C2606A,20260401,1.2,1.35,1.2,1.31,1020200
NIKKEI41C2606B,20260401,0.76,0.89,0.76,0.83,697400
NIKKEI41C2606C,20260401,0.5,0.59,0.49,0.55,967300
NIKKEI41P2606A,20260401,0.85,0.85,0.76,0.82,1752500
NIKKEI41P2606B,20260401,0.58,0.59,0.51,0.55,1718600
NIKKEI41P2606C,20260401,0.39,0.39,0.36,0.37,1259000
OR01C2606T,20260401,0.02,0.02,0.02,0.02,3554500
OR01C2607A,20260401,0.05,0.05,0.04,0.04,189900
OR01C2608A,20260401,0.13,0.13,0.1,0.1,1658000
OR01C2609A,20260401,0.38,0.38,0.31,0.32,3016300
OR13C2605A,20260401,0.04,0.04,0.04,0.04,105000
OR13C2608A,20260401,0.22,0.22,0.17,0.18,4895500
OR13C2608B,20260401,0.38,0.38,0.32,0.33,6811900
OR19C2607A,20260401,0.09,0.09,0.07,0.07,951000
OR19C2608A,20260401,0.36,0.36,0.3,0.31,764600
OR41C2605T,20260401,0.03,0.03,0.03,0.03,9200
OR41C2608T,20260401,0.28,0.28,0.25,0.25,372900
OSP01C2607A,20260401,0.07,0.08,0.07,0.08,5000
OSP01C2609A,20260401,0.34,0.35,0.33,0.34,2820500
OSP13C2607A,20260401,0.07,0.07,0.07,0.07,1210200
OSP13C2608A,20260401,0.25,0.26,0.25,0.25,3959300
OSP41C2607A,20260401,0.06,0.06,0.06,0.06,1500
PLANB13C2607A,20260401,0.32,0.36,0.32,0.34,3612900
PLANB13C2608A,20260401,0.28,0.33,0.28,0.3,3770800
PLANB13C2608B,20260401,0.09,0.1,0.09,0.1,126000
PLANB19C2605A,20260401,0.06,0.08,0.06,0.07,1710500
PLANB19C2608A,20260401,0.57,0.63,0.57,0.6,4450000
PLANB41C2607A,20260401,0.34,0.35,0.31,0.33,2169400
PLANB41C2608A,20260401,0.29,0.3,0.27,0.28,1249200
PLANB41C2612T,20260401,0.17,0.17,0.17,0.17,86000
POPMAR28C2606A,20260401,0.06,0.06,0.04,0.06,600
POPMAR41C2609T,20260401,0.35,0.37,0.34,0.34,34200
PR901C2608A,20260401,0.07,0.07,0.07,0.07,655100
PR913C2605A,20260401,0.02,0.02,0.02,0.02,5500
PR913C2608A,20260401,0.13,0.13,0.13,0.13,3667000
PRM01C2609A,20260401,0.33,0.33,0.32,0.33,1893300
PRM01C2702T,20260401,0.3,0.3,0.3,0.3,294400
PRM13C2608A,20260401,0.26,0.26,0.25,0.26,4119700
PRM41C2612T,20260401,0.47,0.47,0.47,0.47,100300
PTG01C2607A,20260401,0.26,0.26,0.23,0.24,3172000
PTG01C2609A,20260401,0.05,0.05,0.05,0.05,303000
PTG13C2607A,20260401,0.31,0.31,0.28,0.29,3337600
PTG13C2608A,20260401,0.24,0.24,0.22,0.23,5550400
PTG13C2608B,20260401,0.09,0.09,0.09,0.09,346800
PTG41C2701T,20260401,0.32,0.34,0.32,0.32,1895200
PTT01C2607A,20260401,0.17,0.17,0.15,0.15,2600100
PTT01P2609A,20260401,0.26,0.26,0.26,0.26,325400
PTT13C2608A,20260401,0.15,0.15,0.13,0.14,8874200
PTT13C2701T,20260401,0.26,0.26,0.25,0.26,38000
PTT13P2608A,20260401,0.24,0.25,0.24,0.25,2953400
PTT19C2612T,20260401,0.38,0.38,0.38,0.38,5000
PTT41C2606A,20260401,0.19,0.19,0.15,0.15,15100
PTT41C2608A,20260401,0.12,0.12,0.12,0.12,129800
PTTEP01C2607A,20260401,1.38,1.38,1.18,1.2,1301800
PTTEP01C2608A,20260401,0.89,0.89,0.73,0.76,950800
PTTEP01C2609A,20260401,0.63,0.63,0.52,0.53,6607900
PTTEP01C2703T,20260401,0.59,0.59,0.54,0.54,1858400
PTTEP01P2607A,20260401,0.03,0.05,0.03,0.04,164700
PTTEP01P2608A,20260401,0.39,0.45,0.39,0.43,2139800
PTTEP13C2608A,20260401,1.12,1.12,0.97,0.97,2175300
PTTEP13C2608B,20260401,0.77,0.77,0.65,0.67,22545100
PTTEP13C2608C,20260401,0.52,0.52,0.42,0.44,21003500
PTTEP13P2608A,20260401,0.22,0.26,0.22,0.25,3156000
PTTEP19C2608A,20260401,0.84,0.84,0.81,0.81,45000
PTTEP19C2608B,20260401,0.6,0.6,0.47,0.49,2440200
PTTEP41C2608B,20260401,0.69,0.7,0.62,0.62,1670600
PTTEP41C2609T,20260401,1.21,1.21,1.18,1.18,62000
PTTEP41C2703T,20260401,0.6,0.61,0.56,0.57,1498100
PTTEP41P2608A,20260401,0.23,0.27,0.23,0.25,487100
PTTGC01C2605A,20260401,1.17,1.32,1.14,1.17,120500
PTTGC01C2607A,20260401,0.44,0.47,0.41,0.43,350900
PTTGC01P2605A,20260401,0.02,0.02,0.02,0.02,200
PTTGC01P2607A,20260401,0.04,0.04,0.04,0.04,200000
PTTGC01P2609A,20260401,0.21,0.23,0.19,0.2,3873000
PTTGC13C2607A,20260401,0.58,0.62,0.56,0.61,330400
PTTGC13C2608A,20260401,0.44,0.44,0.39,0.43,23238600
PTTGC13C2609A,20260401,0.34,0.35,0.31,0.34,18516800
PTTGC13P2607A,20260401,0.05,0.06,0.05,0.06,5000
PTTGC13P2608A,20260401,0.31,0.32,0.3,0.3,10690400
PTTGC19C2608A,20260401,0.52,0.55,0.52,0.55,46000
PTTGC19C2609A,20260401,0.35,0.38,0.33,0.36,13884000
PTTGC41C2607A,20260401,0.57,0.57,0.57,0.57,4000
PTTGC41C2608A,20260401,0.39,0.42,0.37,0.41,2626500
PTTGC41C2611T,20260401,0.35,0.36,0.33,0.35,2560900
PTTGC41C2612T,20260401,0.68,0.68,0.66,0.67,300
RCL01C2608A,20260401,0.28,0.28,0.25,0.25,1077500
RCL01C2610T,20260401,0.37,0.37,0.35,0.35,508900
RCL13C2604A,20260401,0.06,0.07,0.06,0.07,3000
RCL13C2608A,20260401,0.29,0.29,0.25,0.26,3748500
RCL19C2609A,20260401,0.29,0.29,0.26,0.26,924200
RCL41C2612T,20260401,0.28,0.28,0.28,0.28,100
SAWAD01C2604A,20260401,0.01,0.01,0.01,0.01,30000
SAWAD01C2606A,20260401,0.17,0.22,0.17,0.2,9137200
SAWAD01C2607A,20260401,0.04,0.06,0.04,0.05,669500
SAWAD01C2609A,20260401,0.1,0.11,0.09,0.11,1067500
SAWAD01C2609B,20260401,0.47,0.57,0.47,0.53,10809900
SAWAD01P2606A,20260401,0.12,0.12,0.1,0.1,5509200
SAWAD01P2608A,20260401,0.43,0.43,0.38,0.4,4585700
SAWAD13C2607A,20260401,0.07,0.09,0.07,0.08,1232300
SAWAD13C2607B,20260401,0.27,0.35,0.27,0.31,34119900
SAWAD13C2609A,20260401,0.53,0.65,0.53,0.58,37323900
SAWAD13P2608A,20260401,0.37,0.37,0.33,0.35,12347400
SAWAD19C2607A,20260401,0.24,0.3,0.24,0.27,6138600
SAWAD19C2608A,20260401,0.15,0.18,0.15,0.17,6406900
SAWAD41C2607A,20260401,0.06,0.07,0.06,0.07,104000
SAWAD41C2609T,20260401,0.06,0.06,0.06,0.06,77800
SAWAD41C2610T,20260401,0.28,0.31,0.28,0.29,2400
SAWAD41P2608A,20260401,0.3,0.31,0.3,0.3,30300
SCB01C2605A,20260401,0.13,0.13,0.13,0.13,622100
SCB01C2607A,20260401,0.34,0.34,0.33,0.33,1132600
SCB01C2608A,20260401,0.25,0.25,0.24,0.24,1112800
SCB01C2703T,20260401,0.31,0.31,0.31,0.31,809300
SCB01P2607A,20260401,0.26,0.26,0.25,0.26,763700
SCB13C2607A,20260401,0.13,0.14,0.13,0.13,1959000
SCB13C2607B,20260401,0.26,0.26,0.25,0.25,1391600
SCB13P2607A,20260401,0.34,0.34,0.34,0.34,2223000
SCB19C2612T,20260401,0.42,0.42,0.42,0.42,106800
SCB41C2609T,20260401,0.51,0.51,0.51,0.51,100200
SCC01C2605A,20260401,0.14,0.16,0.14,0.16,75600
SCC01C2606T,20260401,0.54,0.56,0.53,0.56,2944400
SCC01C2607A,20260401,0.17,0.18,0.16,0.18,2585100
SCC01C2609A,20260401,1.31,1.33,1.28,1.33,987300
SCC01P2605A,20260401,0.02,0.02,0.01,0.01,615000
SCC01P2607A,20260401,0.39,0.39,0.38,0.38,927100
SCC13C2606A,20260401,0.44,0.47,0.43,0.47,651200
SCC13C2607A,20260401,0.27,0.28,0.26,0.28,9634500
SCC13C2701T,20260401,0.37,0.37,0.36,0.37,600
SCC13P2607A,20260401,0.34,0.34,0.32,0.32,2851000
SCC19C2605A,20260401,0.26,0.31,0.25,0.26,612500
SCC19C2607A,20260401,0.19,0.2,0.18,0.19,1987100
SCC41C2608T,20260401,0.91,0.91,0.91,0.91,300
SCC41C2612T,20260401,0.62,0.62,0.62,0.62,3000
SCC41P2607A,20260401,0.28,0.29,0.26,0.26,651200
SCGP01C2604A,20260401,0.05,0.07,0.04,0.07,2080600
SCGP01C2608A,20260401,0.38,0.42,0.35,0.4,5550800
SCGP01C2609A,20260401,0.65,0.7,0.61,0.68,719400
SCGP01P2608A,20260401,0.21,0.22,0.19,0.19,4746700
SCGP13C2607A,20260401,0.3,0.35,0.29,0.34,16148000
SCGP13C2608A,20260401,0.65,0.72,0.6,0.68,6862500
SCGP13P2608A,20260401,0.25,0.26,0.22,0.22,5407100
SCGP19C2607A,20260401,0.39,0.45,0.37,0.43,12117500
SCGP41C2605A,20260401,0.49,0.59,0.47,0.56,100500
SCGP41C2606T,20260401,0.25,0.29,0.24,0.27,21800
SCGP41C2607A,20260401,0.27,0.32,0.27,0.31,500
SCGP41C2608A,20260401,0.58,0.69,0.58,0.66,4401600
SET01C2604A,20260401,0.63,0.74,0.63,0.64,472500
SET01C2605A,20260401,2.24,2.42,2.24,2.42,13400
SET01C2606L,20260401,3.54,3.54,3.54,3.54,100
SET01C2607A,20260401,1.27,1.36,1.23,1.31,211700
SET01C2607B,20260401,0.34,0.37,0.33,0.35,1044100
SET01P2604A,20260401,0.02,0.02,0.01,0.01,110000
SET01P2605A,20260401,0.04,0.05,0.03,0.05,734000
SET01P2606L,20260401,0.61,0.61,0.59,0.61,517600
SET01P2607A,20260401,0.17,0.17,0.1,0.15,857600
SET01P2607B,20260401,0.49,0.49,0.42,0.42,4500
SET5001C2605A,20260401,1.29,1.35,1.23,1.29,61900
SET5001C2606F,20260401,1.17,1.17,1.02,1.02,32400
SET5001C2606G,20260401,0.37,0.38,0.37,0.38,130900
SET5001C2606H,20260401,0.23,0.29,0.23,0.27,73800
SET5001C2606I,20260401,1.03,1.06,0.98,0.98,10951800
SET5001C2607A,20260401,0.82,0.91,0.75,0.75,147700
SET5001C2607B,20260401,0.17,0.17,0.14,0.14,283600
SET5001C2607C,20260401,0.93,0.94,0.89,0.89,1113500
SET5001P2605A,20260401,0.02,0.02,0.01,0.01,334600
SET5001P2606F,20260401,0.09,0.09,0.09,0.09,4900
SET5001P2606G,20260401,0.26,0.26,0.21,0.21,8200
SET5001P2606H,20260401,0.63,0.63,0.63,0.63,6000
SET5001P2606I,20260401,0.39,0.42,0.39,0.41,3475300
SET5001P2607A,20260401,0.13,0.13,0.1,0.11,141800
SET5001P2607B,20260401,0.44,0.46,0.44,0.46,8900
SET5001P2607C,20260401,0.4,0.43,0.39,0.41,4120900
SET5013C2606A,20260401,1,1,0.87,0.87,14719200
SET5013C2606B,20260401,0.61,0.64,0.54,0.55,36124500
SET5013C2606C,20260401,0.42,0.44,0.37,0.37,32018500
SET5013C2606D,20260401,0.35,0.36,0.3,0.3,34541600
SET5013C2606E,20260401,0.28,0.28,0.22,0.22,10026100
SET5013C2606F,20260401,0.18,0.19,0.16,0.16,23226000
SET5013C2606G,20260401,0.14,0.15,0.12,0.12,10625100
SET5013C2606H,20260401,0.49,0.51,0.44,0.45,51232000
SET5013C2606I,20260401,0.76,0.78,0.67,0.69,403001000
SET5013C2606J,20260401,1.07,1.1,0.98,0.99,147532700
SET5013C2606K,20260401,1.4,1.42,1.26,1.28,17855400
SET5013P2606A,20260401,0.06,0.07,0.05,0.06,18325600
SET5013P2606B,20260401,0.07,0.08,0.06,0.08,6332700
SET5013P2606C,20260401,0.1,0.13,0.1,0.12,11246700
SET5013P2606D,20260401,0.17,0.2,0.17,0.19,26556800
SET5013P2606E,20260401,0.29,0.32,0.28,0.31,14708200
SET5013P2606F,20260401,0.4,0.47,0.4,0.47,297600
SET5013P2606G,20260401,0.74,0.8,0.7,0.78,87000
SET5013P2606H,20260401,0.15,0.17,0.14,0.16,18814000
SET5013P2606I,20260401,0.21,0.24,0.21,0.23,14304200
SET5013P2606J,20260401,0.1,0.11,0.09,0.11,25724400
SET5013P2606K,20260401,0.3,0.34,0.3,0.34,53256800
SET5013P2606L,20260401,0.53,0.58,0.52,0.56,375045400
SET5013P2606M,20260401,0.75,0.8,0.73,0.78,70278200
SET5013P2606X,20260401,4.8,4.96,4.8,4.94,13400
SET5019C2606A,20260401,1.01,1.01,0.86,0.86,100100
SET5019C2606B,20260401,0.56,0.56,0.52,0.52,600
SET5019C2606C,20260401,0.25,0.25,0.25,0.25,10000
SET5019C2606D,20260401,1.14,1.14,1.01,1.05,859300
SET5019C2606E,20260401,0.92,0.93,0.79,0.81,15538100
SET5019P2606A,20260401,0.57,0.57,0.1,0.12,1800
SET5019P2606C,20260401,1.16,1.16,1.16,1.16,200
SET5019P2606D,20260401,0.21,0.24,0.21,0.24,36859800
SET5019P2606E,20260401,0.41,0.46,0.41,0.45,41803600
SET5041C2606A,20260401,1.02,1.02,1,1,49000
SET5041C2606B,20260401,0.65,0.65,0.56,0.56,120200
SET5041C2606C,20260401,0.52,0.53,0.47,0.47,34847500
SET5041C2606D,20260401,0.32,0.32,0.32,0.32,20000
SET5041C2606E,20260401,0.27,0.27,0.27,0.27,2000
SET5041C2606G,20260401,0.18,0.18,0.15,0.15,69000
SET5041C2606H,20260401,0.46,0.47,0.41,0.41,14708400
SET5041C2606I,20260401,0.67,0.67,0.61,0.64,11147900
SET5041C2606J,20260401,0.88,0.89,0.8,0.8,48465500
SET5041C2606K,20260401,1.05,1.05,1.05,1.05,100
SET5041C2609T,20260401,1.15,1.15,1.11,1.12,5456300
SET5041P2606A,20260401,0.25,0.25,0.24,0.25,1803000
SET5041P2606B,20260401,0.54,0.59,0.54,0.58,5423000
SET5041P2606C,20260401,0.41,0.41,0.4,0.4,20200
SET5041P2606E,20260401,0.58,0.58,0.57,0.58,2300
SET5041P2606H,20260401,0.14,0.17,0.14,0.17,13200
SET5041P2606I,20260401,0.2,0.2,0.2,0.2,281000
SET5041P2606K,20260401,0.28,0.3,0.28,0.3,141000
SET5041P2606L,20260401,0.52,0.54,0.51,0.54,10944000
SET5041P2606M,20260401,0.76,0.8,0.75,0.8,18013200
SET5041P2609T,20260401,0.31,0.31,0.29,0.3,994400
SIRI13C2605A,20260401,0.1,0.12,0.1,0.12,1242000
SIRI41C2605A,20260401,0.1,0.1,0.09,0.1,500
SISB13C2607A,20260401,0.1,0.11,0.1,0.1,7899200
SISB13C2608A,20260401,0.23,0.24,0.21,0.23,12241900
SISB19C2612A,20260401,0.33,0.33,0.31,0.33,3581200
SISB41C2702T,20260401,0.23,0.23,0.2,0.21,600
SJWD13C2608A,20260401,0.24,0.26,0.23,0.26,2007700
SPALI13C2608A,20260401,0.22,0.24,0.22,0.22,4931300
SPRC01C2607A,20260401,0.24,0.24,0.22,0.23,3752400
SPRC01C2703T,20260401,0.25,0.25,0.24,0.24,1498300
SPRC13C2607A,20260401,0.26,0.26,0.23,0.23,2791400
SPRC13C2608A,20260401,0.2,0.21,0.19,0.19,2739400
SPRC41C2604A,20260401,0.01,0.01,0.01,0.01,18000
SPRC41C2606T,20260401,0.2,0.2,0.19,0.19,100200
SPRC41C2608A,20260401,0.18,0.18,0.17,0.17,200200
SPRC41C2612T,20260401,0.57,0.58,0.57,0.58,147000
SPX28C2606A,20260401,0.22,0.22,0.22,0.22,100
SPX28C2606B,20260401,0.55,0.58,0.54,0.55,293600
SPX28P2606A,20260401,0.95,0.95,0.91,0.91,35100
SPX41C2606A,20260401,0.19,0.22,0.19,0.2,2102100
SPX41C2606B,20260401,0.46,0.46,0.46,0.46,100
SPX41P2606A,20260401,1.08,1.08,1.08,1.08,6000
SPX41P2606B,20260401,0.5,0.51,0.5,0.51,160200
STA01C2609A,20260401,0.45,0.45,0.38,0.44,6061600
STA13C2608A,20260401,0.57,0.57,0.48,0.56,9497000
STA13C2608B,20260401,0.42,0.42,0.35,0.41,11010300
STA19C2612A,20260401,0.65,0.65,0.57,0.62,12769000
STA41C2612T,20260401,0.36,0.36,0.33,0.35,2370300
STGT01C2608A,20260401,0.73,0.73,0.64,0.65,1271200
STGT13C2607A,20260401,0.69,0.69,0.61,0.64,1164000
STGT13C2607B,20260401,0.2,0.2,0.17,0.18,6210000
STGT19C2609A,20260401,0.36,0.36,0.33,0.34,1264900
STGT41C2606T,20260401,0.19,0.2,0.18,0.19,990500
STGT41C2612T,20260401,0.57,0.57,0.54,0.55,3594600
TASCO13C2604A,20260401,0.01,0.01,0.01,0.01,13000
TENCEN41C2606A,20260401,0.02,0.02,0.02,0.02,100
TENCEN41C2609A,20260401,0.26,0.27,0.26,0.27,30400
TFG13C2604A,20260401,4.68,4.68,4.68,4.68,20000
TFG13C2608A,20260401,0.92,0.94,0.92,0.94,200
TFG13C2608B,20260401,0.58,0.62,0.58,0.61,412100
TFG13C2609A,20260401,0.45,0.46,0.43,0.46,16900200
TFG41C2701T,20260401,0.5,0.5,0.49,0.49,156300
TIDLOR01C2606A,20260401,0.06,0.07,0.06,0.07,11000
TIDLOR01C2608A,20260401,0.07,0.08,0.07,0.08,6010800
TIDLOR01C2609A,20260401,0.35,0.39,0.34,0.35,10484400
TIDLOR01C2610T,20260401,0.13,0.14,0.13,0.14,5570100
TIDLOR01P2605A,20260401,0.29,0.29,0.29,0.29,100
TIDLOR01P2608A,20260401,1.08,1.12,1.03,1.06,723400
TIDLOR13C2604A,20260401,0.01,0.01,0.01,0.01,100000
TIDLOR13C2607A,20260401,0.08,0.1,0.08,0.1,16228200
TIDLOR13C2608A,20260401,0.26,0.3,0.25,0.27,14039500
TIDLOR13C2701T,20260401,0.23,0.25,0.22,0.23,6253600
TIDLOR13P2608A,20260401,0.56,0.58,0.53,0.55,4585600
TIDLOR19C2609T,20260401,0.12,0.14,0.12,0.12,6251300
TIDLOR19C2612T,20260401,0.31,0.34,0.3,0.32,12432300
TIDLOR41C2608A,20260401,0.25,0.25,0.23,0.25,1061800
TIDLOR41C2612T,20260401,0.15,0.16,0.15,0.16,200
TISCO13C2607A,20260401,0.14,0.14,0.14,0.14,2600
TLI13C2607A,20260401,0.1,0.1,0.1,0.1,17000
TLI13C2609A,20260401,0.27,0.28,0.27,0.27,2943300
TLI41C2607A,20260401,0.1,0.1,0.1,0.1,1931000
TOA01C2702T,20260401,0.25,0.25,0.25,0.25,302900
TOA13C2605A,20260401,0.03,0.03,0.03,0.03,10000
TOP01C2605A,20260401,0.3,0.3,0.24,0.24,189600
TOP01C2608A,20260401,0.35,0.37,0.32,0.32,2051400
TOP01C2609A,20260401,0.2,0.21,0.18,0.18,2307600
TOP01C2701T,20260401,0.44,0.45,0.42,0.42,3005500
TOP01P2607A,20260401,0.16,0.18,0.15,0.17,2879500
TOP01P2609A,20260401,0.68,0.71,0.68,0.71,1200
TOP01P2609B,20260401,0.57,0.61,0.56,0.6,1793400
TOP13C2606A,20260401,0.62,0.62,0.62,0.62,49000
TOP13C2607A,20260401,0.42,0.43,0.37,0.37,9487500
TOP13C2608A,20260401,0.29,0.3,0.26,0.26,20373700
TOP13P2607A,20260401,0.1,0.11,0.1,0.11,1943800
TOP13P2608A,20260401,0.52,0.57,0.51,0.56,5656200
TOP19C2608A,20260401,0.43,0.45,0.39,0.39,7395600
TOP19C2612T,20260401,0.94,0.95,0.88,0.88,2772700
TOP41C2607A,20260401,0.41,0.41,0.4,0.4,200
TOP41C2608A,20260401,0.27,0.27,0.25,0.25,4800
TOP41C2611T,20260401,0.68,0.68,0.67,0.67,400
TOP41C2703T,20260401,0.38,0.38,0.36,0.36,500
TRUE01C2606T,20260401,0.08,0.08,0.08,0.08,41000
TRUE01C2607A,20260401,0.52,0.52,0.5,0.5,1323600
TRUE01C2608A,20260401,0.31,0.32,0.28,0.28,8848300
TRUE01C2703T,20260401,0.3,0.3,0.29,0.29,1277300
TRUE01P2608A,20260401,0.36,0.38,0.36,0.38,802800
TRUE13C2607A,20260401,0.45,0.46,0.43,0.43,28800
TRUE13C2607B,20260401,0.49,0.49,0.47,0.47,4665900
TRUE13C2608A,20260401,0.33,0.33,0.31,0.31,8855700
TRUE13P2607A,20260401,0.06,0.06,0.06,0.06,100000
TRUE13P2608A,20260401,0.35,0.36,0.35,0.36,2017100
TRUE19C2607A,20260401,0.59,0.59,0.58,0.58,20000
TRUE19C2608A,20260401,0.31,0.31,0.29,0.29,2796400
TRUE41C2607A,20260401,0.43,0.43,0.42,0.42,20500
TRUE41C2607B,20260401,0.42,0.42,0.42,0.42,100
TRUE41C2612T,20260401,0.37,0.37,0.36,0.36,262300
TTB01C2608A,20260401,0.14,0.14,0.13,0.13,1898500
TTB13C2607A,20260401,0.15,0.15,0.13,0.14,662500
TTB13C2608A,20260401,0.13,0.13,0.11,0.12,385900
TU01C2609A,20260401,0.15,0.16,0.15,0.16,4388600
TU13C2607A,20260401,0.08,0.08,0.07,0.07,262500
TU13C2608A,20260401,0.17,0.18,0.17,0.17,3255600
TU13P2608A,20260401,0.28,0.28,0.26,0.27,2855800
TU41C2607A,20260401,0.06,0.06,0.06,0.06,150000
TU41C2608A,20260401,0.16,0.16,0.16,0.16,2100
VGI01C2604A,20260401,0.01,0.02,0.01,0.02,99200
VGI01C2606A,20260401,0.04,0.04,0.04,0.04,110000
VGI01C2608A,20260401,0.14,0.16,0.13,0.14,3353400
VGI01C2609A,20260401,0.3,0.32,0.28,0.29,7781000
VGI13C2605A,20260401,0.03,0.03,0.03,0.03,496000
VGI13C2607A,20260401,0.1,0.12,0.09,0.1,22559200
VGI13C2608A,20260401,0.09,0.1,0.09,0.09,8419100
VGI13C2608B,20260401,0.23,0.25,0.21,0.22,29411100
VGI19C2607A,20260401,0.19,0.21,0.18,0.19,28726000
VGI19C2610T,20260401,0.09,0.1,0.09,0.09,3423300
VGI41C2703T,20260401,0.34,0.34,0.33,0.33,500
WHA01C2608A,20260401,0.32,0.32,0.3,0.32,4649400
WHA01C2610T,20260401,0.64,0.65,0.63,0.65,3622000
WHA01P2608A,20260401,0.45,0.46,0.43,0.44,981400
WHA13C2605A,20260401,0.53,0.53,0.53,0.53,1000
WHA13C2608A,20260401,0.4,0.42,0.39,0.41,3904700
WHA13C2701T,20260401,0.54,0.56,0.54,0.55,971300
WHA13P2608A,20260401,0.53,0.54,0.52,0.53,1782800
WHA19C2607A,20260401,0.34,0.35,0.32,0.33,9794900
WHA41C2608A,20260401,0.38,0.39,0.37,0.39,100600
WHA41C2612T,20260401,0.36,0.36,0.36,0.36,200
WHA41C2701T,20260401,0.51,0.53,0.51,0.53,700300
WUXI41C2609A,20260401,0.26,0.26,0.26,0.26,800
XIAOMI28C2606A,20260401,0.07,0.07,0.07,0.07,10000
XIAOMI28C2609A,20260401,0.38,0.38,0.38,0.38,1400
XIAOMI28P2604A,20260401,1.3,1.3,1.3,1.3,100
ZIJIN41C2606A,20260401,0.15,0.15,0.14,0.15,31800
AAPL01,20260401,24,24.5,23.8,24.4,16586
AAPL03,20260401,2.74,2.78,2.7,2.78,9792
AAPL19,20260401,5.4,5.55,5.4,5.55,1328
AAPL80,20260401,8.15,8.35,8.15,8.3,203529
ABBV19,20260401,7.05,7.15,7.05,7.1,111571
ABNB06,20260401,4.06,4.12,4.06,4.12,26
ADBE03,20260401,1.77,1.77,1.75,1.76,6735
ADBE06,20260401,1.99,2,1.97,1.99,404458
ADVANT19,20260401,4.6,4.62,4.58,4.62,10313
ADVANT23,20260401,3.06,3.14,3.06,3.12,95215
AFRM03,20260401,1.82,1.92,1.82,1.86,1167
AIA06,20260401,3.66,3.66,3.62,3.62,1070
AIA19,20260401,3.68,3.68,3.64,3.64,70300
AIA23,20260401,2.82,2.84,2.78,2.78,817
AMD03,20260401,3.26,3.36,3.26,3.36,5289
AMD23,20260401,2.8,2.84,2.78,2.8,17793
AMD80,20260401,1.31,1.35,1.29,1.33,18561030
AMGN06,20260401,2.88,2.92,2.86,2.9,1656
AMZN01,20260401,19.6,20.3,19.6,20.2,94148
AMZN03,20260401,3.44,3.46,3.44,3.46,11
AMZN06,20260401,1.67,1.72,1.66,1.72,134099661
AMZN23,20260401,2.3,2.3,2.3,2.3,86014
AMZN80,20260401,1.68,1.72,1.67,1.71,13998477
ANET23,20260401,2.28,2.34,2.28,2.34,210180
ANTA13,20260401,1.95,1.97,1.95,1.97,115
ANTA23,20260401,2.02,2.06,2,2,57164
APLD03,20260401,2.34,2.64,2.34,2.62,74213
APPL03,20260401,2.08,2.22,2.06,2.2,107086
ASEMI24,20260401,2.3,2.36,2.3,2.34,101173
ASICS23,20260401,2.66,2.72,2.66,2.72,12534
ASML01,20260401,34.75,36.75,34.75,36.25,204842
ASTS03,20260401,2.52,2.78,2.5,2.72,492725
AVGO23,20260401,2.34,2.36,2.3,2.3,16250
AVGO80,20260401,1.95,2.06,1.95,2.04,6132976
AXP06,20260401,2.5,2.5,2.44,2.44,308344
BABA01,20260401,11.6,11.7,11.6,11.6,9296
BABA06,20260401,5.05,5.15,5.05,5.1,1422
BABA13,20260401,2.22,2.22,2.18,2.18,242
BABA23,20260401,3.42,3.46,3.38,3.46,4807905
BABA80,20260401,5.15,5.2,5.1,5.15,6041891
BAC03,20260401,3.16,3.22,3.1,3.2,15973
BDX06,20260401,1.7,1.73,1.68,1.72,123822
BIDU01,20260401,10.3,10.5,10.2,10.2,40880
BIDU06,20260401,4.58,4.58,4.58,4.58,835
BIDU23,20260401,2.18,2.22,2.16,2.22,323230
BIDU80,20260401,4.54,4.62,4.52,4.56,6920705
BILIBILI01,20260401,3.58,3.64,3.56,3.64,191858
BIREN23,20260401,5.05,5.3,5.05,5.2,421289
BKNG03,20260401,2.28,2.32,2.24,2.32,2017
BKNG80,20260401,2.74,2.78,2.68,2.78,22379
BLK06,20260401,3.08,3.16,3.08,3.16,1592
BONDAS19,20260401,6.45,6.45,6.4,6.4,49471
BRKB80,20260401,1.58,1.58,1.56,1.58,833043
BYDCOM01,20260401,0.98,1,0.97,0.98,876815
BYDCOM80,20260401,0.43,0.44,0.42,0.43,23774193
CAMBRI80,20260401,5.05,5.05,4.92,4.92,210452
CATL01,20260401,6,6.05,5.9,5.95,4042687
CATL23,20260401,10.6,10.7,10.4,10.4,55046
CATL80,20260401,26.5,26.75,26,26.5,121162
CCJ23,20260401,2.26,2.28,2.22,2.26,37965
CEG23,20260401,2.32,2.34,2.3,2.32,89219
CHHONGQ19,20260401,15,15.1,14.8,15,48090
CHMOBILE19,20260401,3.36,3.38,3.3,3.32,179708
CHMOBILE23,20260401,2.6,2.62,2.6,2.62,4242
CHNXT5023,20260401,7.05,7.05,7,7.05,6545
CMBANK23,20260401,2.3,2.3,2.28,2.28,1293
CME03,20260401,3.26,3.34,3.2,3.28,8034
CN01,20260401,22.2,22.3,22.1,22.1,62336
CN23,20260401,5.6,5.6,5.6,5.6,133
CNBIO24,20260401,1.5,1.52,1.5,1.52,114120
CNEV24,20260401,2.4,2.4,2.38,2.38,246
CNROBOAI23,20260401,2.32,2.36,2.32,2.36,285892
CNSEMI23,20260401,2.42,2.48,2.4,2.46,12845
CNSTAR5023,20260401,6.45,6.55,6.45,6.55,6086
CNTECH01,20260401,25,25.5,25,25.25,32298
COSTCO19,20260401,32.75,33,32.5,32.5,6470
CRM01,20260401,3.4,3.42,3.34,3.4,5791
CRM06,20260401,2.44,2.48,2.44,2.48,201
CRM80,20260401,6.1,6.15,6.1,6.15,513
CRSP03,20260401,2.96,3.5,2.96,3.16,12881
CRWD06,20260401,2.56,2.6,2.52,2.6,129134
CRWD80,20260401,12.8,13,12.5,13,78243
CRWV03,20260401,2.34,2.58,2.34,2.56,95581
CSCO06,20260401,3.2,3.2,3.14,3.16,13454
CYPC80,20260401,12.9,12.9,12.8,12.8,6587
DASH03,20260401,2.48,2.5,2.44,2.48,13909
DBS19,20260401,14.6,14.8,14.6,14.7,3508
DDOG19,20260401,3.82,3.88,3.78,3.86,5302
DELL19,20260401,5.55,5.55,5.1,5.5,282318
DISNEY19,20260401,15.5,15.8,15.5,15.8,32622
DUOL06,20260401,2.08,2.08,2.04,2.04,560
E1VFVN3001,20260401,40.75,41,40.5,40.75,122455
EOSE03,20260401,0.74,0.83,0.74,0.82,1220860
ESTEE80,20260401,0.78,0.79,0.76,0.79,581631
EXPE06,20260401,3,3.02,2.96,3,8041
FANUC23,20260401,2.1,2.2,2.1,2.2,21279
FCX23,20260401,2.44,2.46,2.44,2.46,12491
FERRARI80,20260401,1.08,1.14,1.08,1.13,70938
FPTVN11,20260401,1.89,1.89,1.87,1.88,278088
FPTVN19,20260401,9.55,9.55,9.45,9.55,135946
FUEVFVND01,20260401,46,46.25,45.75,46.25,188236
GAC03,20260401,2.56,2.56,2.54,2.56,108
GANFENG23,20260401,3,3.02,2.9,2.98,288997
GASVN11,20260401,3.96,4.04,3.96,3.96,103518
GDS23,20260401,2.4,2.5,2.4,2.5,30112
GEELY06,20260401,3.58,3.68,3.58,3.68,244106
GEELY80,20260401,8.95,9.15,8.95,9.15,309882
GEV23,20260401,2.64,2.66,2.64,2.64,41198
GIGA23,20260401,5.05,5.15,5.05,5.1,261169
GOLD03,20260401,3.5,3.56,3.5,3.56,1234295
GOLD19,20260401,14.1,14.3,14,14.3,1891634
GOLDUS03,20260401,3.46,3.56,3.44,3.54,510132
GOLDUS19,20260401,46,47.25,46,47,634319
GOOG23,20260401,2.38,2.4,2.36,2.36,217862
GOOG80,20260401,4.58,4.76,4.56,4.74,11613788
GOOGL01,20260401,26.75,28,26.75,28,503354
GOOGL03,20260401,4.58,4.78,4.58,4.72,243146
GRAB80,20260401,11.8,12.1,11.7,12,60225
GSUS06,20260401,3.8,3.98,3.8,3.96,35702
HAIERS19,20260401,8.7,8.85,8.6,8.65,140855
HANSOH19,20260401,6.2,6.25,6.15,6.2,8915
HERMES80,20260401,6.1,6.3,6.1,6.2,136030
HIMS03,20260401,3.12,3.46,3.08,3.42,466536
HK01,20260401,21.3,21.4,21.2,21.3,20577
HK13,20260401,5.6,5.65,5.6,5.65,957
HKCE01,20260401,24.3,24.3,24.2,24.2,1501
HKEX23,20260401,2.14,2.16,2.14,2.14,13521
HKTECH13,20260401,3.92,3.98,3.92,3.96,25510
HONDA19,20260401,2.64,2.66,2.62,2.66,42831
HOOD03,20260401,2.18,2.32,2.16,2.32,1124
HOOD06,20260401,2.18,2.3,2.14,2.28,1136248
HOOD80,20260401,2.16,2.28,2.16,2.28,123426
HORIZON23,20260401,1.77,1.8,1.77,1.8,29608
HPG19,20260401,3.44,3.46,3.38,3.38,367
HSHD23,20260401,6.65,6.75,6.65,6.7,118464
HUAHONG23,20260401,4.92,4.98,4.86,4.94,749688
IBM06,20260401,3.16,3.2,3.1,3.18,4562
ICBC06,20260401,2.88,2.88,2.88,2.88,2863
ICBC19,20260401,2.88,2.9,2.86,2.86,311815
IFLYTEK80,20260401,2.24,2.3,2.22,2.24,2408
INDIA01,20260401,12.6,12.7,12.5,12.6,143205
INDIAESG19,20260401,3.92,4.1,3.92,3.98,70202
INTEL03,20260401,2.76,2.94,2.74,2.9,90412
IONQ03,20260401,1.79,1.94,1.78,1.92,458331
ISRG01,20260401,3.36,3.38,3.28,3.38,295140
ISRG06,20260401,3,3.04,2.96,3.04,33898
ISRG19,20260401,3.72,3.8,3.7,3.8,1205
ITOCHU19,20260401,7,7.1,7,7.1,6243
JAP03,20260401,3.5,3.58,3.5,3.56,6869
JAPAN10001,20260401,26.25,27.25,26.25,27.25,10562
JAPAN13,20260401,4.94,4.94,4.84,4.88,13525
JD80,20260401,4.76,4.76,4.68,4.7,281442
JDHEAL19,20260401,4.06,4.1,4.04,4.04,12858
JEPI19,20260401,6.2,6.25,6.15,6.25,2225722
JGRO19,20260401,9.05,9.25,9.05,9.25,1115
JNJ03,20260401,4,4.04,3.98,4,7346
JPMUS06,20260401,3.16,3.22,3.12,3.18,25205
JPMUS19,20260401,18.7,19.2,18.7,19.2,5914
JTEK19,20260401,8.45,8.7,8.45,8.7,24119
KEYENCE23,20260401,2.06,2.1,2.02,2.1,512259
KINGSOFT23,20260401,1.59,1.61,1.59,1.61,2700
KIOXIA23,20260401,2.68,2.86,2.68,2.84,119232
KO80,20260401,2.52,2.52,2.48,2.48,252209
KUAISH01,20260401,2.42,2.46,2.4,2.4,15502
KUAISH06,20260401,1.92,1.94,1.92,1.94,1800
KUAISH23,20260401,1.37,1.38,1.36,1.36,1035423
KUAISH80,20260401,1.92,1.95,1.92,1.93,4685621
LENOVO13,20260401,1.97,2.06,1.97,1.98,3497
LLY80,20260401,1.47,1.51,1.47,1.5,1995343
LOREAL80,20260401,1.32,1.35,1.31,1.34,125568
LPGOLD13,20260401,2.68,2.76,2.68,2.76,20081
LRCX23,20260401,2.74,2.76,2.74,2.76,10459
LULU06,20260401,2.44,2.52,2.44,2.5,152701
LVMH01,20260401,11,11.3,10.9,11.1,626997
MA80,20260401,1.64,1.65,1.62,1.65,203283
MEITUAN19,20260401,1.15,1.15,1.12,1.12,465193
MEITUAN23,20260401,2.14,2.18,2.14,2.18,6532
MEITUAN80,20260401,3.46,3.46,3.38,3.42,443595
MELI06,20260401,2.14,2.28,2.14,2.28,445976
META01,20260401,5.3,5.6,5.3,5.55,1243275
META06,20260401,2.24,2.36,2.24,2.34,95036
META23,20260401,2.26,2.26,2.26,2.26,51889
META80,20260401,2.24,2.38,2.22,2.36,11073426
MICRON01,20260401,6.55,7.15,6.4,6.9,4555071
MICRON03,20260401,3.5,3.8,3.4,3.7,88067
MICRON19,20260401,7,7.65,6.85,7.45,588726
MICRON23,20260401,2.26,2.3,2.22,2.24,15895
MICRON80,20260401,10.5,11.4,10.3,11.1,436690
MITSU19,20260401,9.3,9.5,9.25,9.5,57147
MNSO80,20260401,13.1,13.5,13.1,13.5,714
MNST06,20260401,3.34,3.42,3.3,3.42,7254
MRVL06,20260401,2.96,3.34,2.96,3.28,337149
MRVL23,20260401,2.76,2.78,2.76,2.76,8545
MRVL80,20260401,3.02,3.32,3.02,3.28,463516
MS06,20260401,3.5,3.62,3.5,3.58,20543
MSFT01,20260401,3.54,3.62,3.5,3.62,5680733
MSFT03,20260401,2.42,2.46,2.4,2.44,38994
MSFT06,20260401,3,3.06,2.98,3.04,2472359
MSFT19,20260401,3.98,4.08,3.98,4.08,23286
MSFT23,20260401,2.28,2.28,2.28,2.28,21016
MSFT80,20260401,6,6.2,5.9,6.15,9937447
MSN11,20260401,3.82,3.84,3.8,3.82,60605
MSN19,20260401,3.18,3.24,3.18,3.24,3009
MUFG19,20260401,5.7,5.8,5.7,5.8,44917
MUFG23,20260401,2.3,2.34,2.3,2.34,609
MWG11,20260401,4.1,4.12,4.06,4.06,4924
MWG19,20260401,10.3,10.5,10.3,10.3,180650
NAURA23,20260401,2.42,2.42,2.38,2.4,44301
NAURA80,20260401,21.8,21.8,21.4,21.7,150603
NBIS03,20260401,3.16,4,3.14,3.44,365370
NDAQ06,20260401,2.78,2.82,2.74,2.78,242197
NDX01,20260401,20.2,20.4,20.2,20.2,107069
NEM06,20260401,3.46,3.62,3.46,3.62,102462
NEM23,20260401,2.24,2.3,2.22,2.3,54991
NET03,20260401,3.24,3.38,3.24,3.38,129
NETEASE80,20260401,7.3,7.4,7.3,7.3,11091
NFLX06,20260401,3.06,3.16,3.06,3.14,17339
NFLX80,20260401,3.06,3.16,3.04,3.12,1964659
NIKE80,20260401,0.86,0.87,0.78,0.78,2234078
NIKKEI80,20260401,11.4,11.5,11.4,11.5,7292
NINTENDO19,20260401,18.7,18.7,18.5,18.6,33352
NINTENDO23,20260401,1.64,1.66,1.64,1.66,62306
NONGFU80,20260401,2.02,2.02,1.96,1.96,549064
NOVOB80,20260401,1.19,1.22,1.18,1.21,1798902
NOW19,20260401,3.46,3.48,3.42,3.46,326208
NVDA01,20260401,16.2,17,16.1,17,1380550
NVDA03,20260401,3.68,3.86,3.66,3.82,56147
NVDA06,20260401,3.66,3.84,3.64,3.82,60402273
NVDA19,20260401,22,23,21.9,22.9,66787
NVDA23,20260401,2.74,2.76,2.74,2.74,1153284
NVDA80,20260401,27.5,29,27.5,28.5,1585540
NVTS03,20260401,2.68,2.94,2.6,2.88,415628
OIL03,20260401,3.38,3.44,3.14,3.26,14303580
ONON03,20260401,2.12,2.24,2.12,2.2,103313
ORCL01,20260401,2.9,3.04,2.86,3.02,186722
ORCL06,20260401,1.85,1.95,1.84,1.94,4518428
ORCL19,20260401,4.62,4.88,4.62,4.82,387553
PANW80,20260401,5.15,5.3,5.1,5.25,32959
PEP80,20260401,1.03,1.04,1,1.02,159777
PETROCN80,20260401,4.52,4.56,4.34,4.34,279751
PFIZER19,20260401,18.3,18.5,18.2,18.4,78041
PINGAN01,20260401,5.8,5.8,5.75,5.75,7630
PINGAN80,20260401,2.56,2.56,2.5,2.54,1060986
PLTR01,20260401,4.18,4.44,4.18,4.38,965023
PLTR03,20260401,3.04,3.24,3.04,3.2,46880
PLTR06,20260401,3.04,3.24,3.04,3.2,1493903
PLTR23,20260401,2.56,2.58,2.54,2.58,524
POPMART23,20260401,1.46,1.5,1.44,1.47,10469
POPMART80,20260401,6.15,6.25,6,6.1,2343148
PYPL06,20260401,2.96,2.96,2.94,2.96,9363
QCOM06,20260401,2.1,2.12,2.06,2.12,113423
QQQM19,20260401,15.3,15.7,15.3,15.6,880185
RBLX06,20260401,1.44,1.56,1.44,1.55,561945
REMX03,20260401,2.84,2.9,2.82,2.88,43269
RGTI03,20260401,2.18,2.34,2.14,2.34,221883
RKLB03,20260401,3.9,4.3,3.88,4.24,949538
SANOFI80,20260401,3.12,3.16,3.12,3.14,20330
SANRIO23,20260401,1.51,1.51,1.49,1.49,38876
SANRIO80,20260401,10.2,10.2,10.2,10.2,1
SBUX80,20260401,1.44,1.47,1.44,1.47,75243
SEAGATE23,20260401,2.72,2.72,2.72,2.72,1254
SEMB19,20260401,5.75,5.75,5.7,5.75,19215
SENSE23,20260401,1.95,1.99,1.95,1.99,119205
SGX19,20260401,5.1,5.15,5.1,5.1,108006
SHOP06,20260401,1.86,1.94,1.83,1.94,149919
SIA19,20260401,17,17,16.9,17,57485
SIL03,20260401,2.84,3,2.82,2.98,272076
SINGTEL80,20260401,12.8,12.8,12.8,12.8,8564
SINOBIO19,20260401,5.15,5.4,5.15,5.3,323437
SMCI03,20260401,1.41,1.5,1.41,1.5,43916
SMFG19,20260401,11.2,11.4,11.1,11.4,34314
SMIC01,20260401,3.14,3.18,3.14,3.16,46066
SMIC13,20260401,1.55,1.57,1.55,1.57,17455
SMIC23,20260401,2.58,2.64,2.58,2.64,2591773
SNDK03,20260401,4.72,5.5,4.7,5.4,1094535
SNDK23,20260401,2.66,2.76,2.66,2.68,903470
SNOW06,20260401,2.58,2.58,2.38,2.5,190563
SNOW23,20260401,2.3,2.3,2.26,2.3,2050
SOFTBANK23,20260401,1.44,1.49,1.44,1.48,720044
SONY80,20260401,3.4,3.48,3.4,3.48,197717
SP50001,20260401,21.6,21.7,21.5,21.6,55678
SP500US19,20260401,12.4,12.6,12.4,12.6,41576
SP500US80,20260401,2.48,2.52,2.46,2.52,938506
SPBOND80,20260401,8.4,8.45,8.4,8.4,4876
SPCOM80,20260401,3.58,3.7,3.58,3.62,19825
SPENGY80,20260401,4.06,4.5,3.88,3.92,639989
SPFIN80,20260401,16.1,16.3,16,16.2,1990
SPHLTH80,20260401,4.78,4.84,4.76,4.84,59864
SPOT06,20260401,1.95,2,1.95,1.97,366
SPTECH80,20260401,8.5,8.75,8.5,8.75,13740
STAR5001,20260401,37.5,37.75,37.5,37.5,13227
STEG19,20260401,28.25,28.5,28.25,28.25,16615
SUNNY19,20260401,2.32,2.4,2.32,2.38,105507
SUNNY80,20260401,2.36,2.42,2.36,2.38,386602
SUSHI23,20260401,3.02,3.02,2.98,3,108037
SYNP03,20260401,2.54,2.62,2.54,2.62,80560
TAIWAN19,20260401,31,31.75,31,31.5,65639
TAIWANAI13,20260401,13.4,13.7,13.4,13.7,12569
TAIWANHD13,20260401,23.8,24.1,23.8,24.1,335
TEL23,20260401,2.92,3.04,2.92,2.98,42188
TEL80,20260401,7.95,8.1,7.95,8.1,250
TENCENT01,20260401,4.7,4.76,4.7,4.7,137835
TENCENT06,20260401,2.06,2.1,2.06,2.08,26327
TENCENT13,20260401,4.26,4.26,4.26,4.26,22
TENCENT19,20260401,10.3,10.3,10.3,10.3,6510
TENCENT23,20260401,2.3,2.32,2.28,2.28,9563
TENCENT80,20260401,20.8,20.9,20.7,20.7,503880
THAIBEV19,20260401,11,11.2,11,11.1,10392
TME23,20260401,0.98,1.01,0.97,0.98,17577
TOYOTA80,20260401,6.75,6.85,6.75,6.85,15719
TRIPCOM23,20260401,1.64,1.67,1.62,1.67,50017
TRIPCOM80,20260401,1.62,1.66,1.62,1.65,5415100
TRVUS06,20260401,3.82,3.84,3.8,3.82,3427
TSLA01,20260401,34.75,36.25,34.75,36.25,736014
TSLA03,20260401,3.98,4.14,3.96,4.1,61997
TSLA23,20260401,2.38,2.4,2.36,2.38,18876
TSLA80,20260401,2.36,2.48,2.36,2.44,5807376
UBER06,20260401,2.34,2.38,2.32,2.36,139058
UBTECH23,20260401,1.61,1.7,1.61,1.67,2542580
UNH19,20260401,4.34,4.46,4.32,4.46,193224
UNIQLO80,20260401,13,13.1,12.9,12.9,4578
UOB19,20260401,9.4,9.45,9.4,9.45,7621
USTR24,20260401,1.19,1.19,1.17,1.17,205207
VCB11,20260401,2.94,2.94,2.92,2.94,54171
VCB19,20260401,7.45,7.45,7.4,7.45,23958
VENTURE19,20260401,3.98,3.98,3.94,3.94,13556
VHM19,20260401,13.6,13.9,13.6,13.9,14879
VISA06,20260401,1.24,1.25,1.23,1.24,3509406
VISA80,20260401,1.23,1.25,1.21,1.25,2794581
VNFIN24,20260401,1.83,1.84,1.83,1.83,15604
VNM19,20260401,7.65,7.75,7.65,7.7,40815
VRT23,20260401,2.46,2.46,2.46,2.46,49788
VT03,20260401,2.98,3.06,2.96,3.06,482441
WMT06,20260401,4.08,4.08,4,4.06,77887
WORLD03,20260401,3.66,3.72,3.66,3.7,10500
WORLDA01,20260401,4.42,4.52,4.38,4.48,135082
WUXI06,20260401,3.64,3.66,3.64,3.64,247099
WUXIAT80,20260401,5.05,5.2,5.05,5.05,173879
XIAOMI01,20260401,3.04,3.06,3.02,3.04,353232
XIAOMI13,20260401,2.84,2.88,2.78,2.86,68339
XIAOMI19,20260401,6.65,6.7,6.65,6.65,26993
XIAOMI23,20260401,1.61,1.62,1.6,1.62,29449246
XIAOMI80,20260401,13.4,13.5,13.3,13.4,1103087
XPENG03,20260401,2.84,2.86,2.84,2.86,45500
ZAI23,20260401,9.1,10,9.05,9.5,839164
ZIJIN13,20260401,2.56,2.6,2.56,2.6,495
ZIJIN23,20260401,2.34,2.34,2.32,2.34,54755
ZIJIN80,20260401,15,15.2,15,15.2,168259
ZJINNO80,20260401,2.8,2.86,2.78,2.86,241523
A5-W5-O,20260401,0.05,0.05,0.05,0.05,20
ACC-W2-O,20260401,0.04,0.04,0.04,0.04,66
ASW-W3-O,20260401,0.63,0.7,0.63,0.7,103
BC-W4-O,20260401,0.04,0.04,0.04,0.04,20
BE8-W1-O,20260401,0.3,0.39,0.3,0.39,100
BTS-W8-O,20260401,0.01,0.01,0.01,0.01,21
BWG-W7-O,20260401,0.05,0.05,0.05,0.05,215
CHAYO-W4-O,20260401,0.27,0.27,0.12,0.25,302
COMAN-W1-O,20260401,0.05,0.05,0.05,0.05,44
DEMCO-W8-O,20260401,0.34,0.37,0.34,0.37,186
EA-W1-O,20260401,0.5,0.61,0.49,0.51,382
EMPIRE-W1-O,20260401,0.05,0.05,0.05,0.05,70
EMPIRE-W2-O,20260401,0.04,0.04,0.04,0.04,21
GLORY-W1-O,20260401,0.1,0.1,0.1,0.1,50
IMH-W1-O,20260401,0.01,0.01,0.01,0.01,1
ITEL-W5-O,20260401,0.01,0.01,0.01,0.01,100
ITEL-W6-O,20260401,0.15,0.15,0.14,0.15,325
JAS-W4-O,20260401,0.27,0.27,0.24,0.25,486
K-W3-O,20260401,0.01,0.02,0.01,0.02,63
KASET-W1-O,20260401,0.11,0.11,0.11,0.11,40
MGI-W1-O,20260401,0.49,0.49,0.49,0.49,20
NER-W2-O,20260401,0.01,0.01,0.01,0.01,249
NOBLE-W3-O,20260401,0.11,0.12,0.11,0.12,75
ORI-W2-O,20260401,0.25,0.29,0.25,0.28,478
PROUD-W3-O,20260401,0.13,0.13,0.13,0.13,50
SAAM-W3-O,20260401,0.27,0.29,0.2,0.25,325
SAAM-W4-O,20260401,0.24,0.29,0.2,0.24,408
SAMTEL-W2-O,20260401,0.42,0.43,0.28,0.43,23
TCC-W5-O,20260401,0.16,0.16,0.16,0.16,34
TEAMG-W1-O,20260401,0.02,0.02,0.02,0.02,3
TFG-W4-O,20260401,4.56,4.68,4.56,4.68,289
TGE-W2-O,20260401,0.03,0.04,0.03,0.04,99
TL-W2-O,20260401,0.02,0.14,0.01,0.08,18711
TNITY-W2-O,20260401,0.05,0.2,0.05,0.2,131
TVDH-W5-O,20260401,0.01,0.01,0.01,0.01,1
VGI-W3-O,20260401,0.01,0.01,0.01,0.01,4
VIBHA-W5-O,20260401,0.05,0.06,0.05,0.05,513
VIH-W1-O,20260401,0.81,0.81,0.81,0.81,1
XBIO-W7-O,20260401,0.01,0.01,0.01,0.01,219
XBIO-W8-O,20260401,0.12,0.12,0.12,0.12,138
ZIGA-W2-O,20260401,0.05,0.05,0.04,0.04,345
A5-W5,20260401,0.06,0.06,0.05,0.06,131700
ACC-W2,20260401,0.04,0.05,0.04,0.05,144200
ASW-W3,20260401,0.58,0.75,0.58,0.67,25000
B-W8,20260401,0.01,0.01,0.01,0.01,40300
BC-W4,20260401,0.04,0.05,0.04,0.04,4275700
BE8-W1,20260401,0.28,0.52,0.27,0.34,4006000
BR-W1,20260401,0.01,0.01,0.01,0.01,51300
BTC-W7,20260401,0.01,0.01,0.01,0.01,290900
BTS-W8,20260401,0.01,0.01,0.01,0.01,3000
BWG-W7,20260401,0.05,0.06,0.05,0.05,4950000
CAZ-W1,20260401,0.69,0.7,0.69,0.7,10000
CHASE-W1,20260401,0.15,0.15,0.13,0.13,504000
CHAYO-W4,20260401,0.27,0.28,0.26,0.27,1647300
CIG-W10,20260401,0.09,0.1,0.09,0.1,400
CIG-W9,20260401,0.01,0.02,0.01,0.01,82400
COMAN-W1,20260401,0.06,0.06,0.04,0.04,53300
DCON-W4,20260401,0.02,0.02,0.02,0.02,100
DEMCO-W8,20260401,0.35,0.37,0.34,0.35,847700
EA-W1,20260401,0.57,0.65,0.56,0.62,29597400
EMC-W7,20260401,0.01,0.01,0.01,0.01,50000
EMPIRE-W1,20260401,0.06,0.07,0.05,0.06,464500
EMPIRE-W2,20260401,0.11,0.11,0.1,0.11,138400
GLORY-W1,20260401,0.11,0.13,0.11,0.13,6000
HYDRO-W2,20260401,0.08,0.1,0.08,0.1,1108700
IROYAL-W1,20260401,1.42,1.44,1.39,1.41,55600
IROYAL-W2,20260401,1.03,1.04,1,1,64500
ITEL-W5,20260401,0.01,0.02,0.01,0.02,1574600
ITEL-W6,20260401,0.16,0.17,0.15,0.15,716900
J-W3,20260401,0.01,0.02,0.01,0.02,3100
J-W4,20260401,0.03,0.04,0.03,0.04,39300
JAS-W4,20260401,0.26,0.26,0.25,0.25,2285200
K-W3,20260401,0.02,0.03,0.02,0.02,2234900
KASET-W1,20260401,0.12,0.14,0.12,0.12,1659700
KGEN-W2,20260401,0.11,0.12,0.1,0.11,7399600
KUN-W3,20260401,0.04,0.05,0.04,0.04,210200
MADAME-W6,20260401,0.09,0.1,0.09,0.1,813600
MGI-W1,20260401,0.5,0.51,0.49,0.49,177900
NER-W2,20260401,0.03,0.03,0.02,0.02,1709500
NOBLE-W3,20260401,0.11,0.13,0.11,0.12,6327100
NRF-W2,20260401,0.07,0.07,0.06,0.07,1759900
ORI-W2,20260401,0.28,0.3,0.28,0.3,1618600
PEER-W2,20260401,0.01,0.01,0.01,0.01,200
PLANET-W3,20260401,0.31,0.31,0.31,0.31,100
PPPM-W6,20260401,0.12,0.13,0.09,0.13,766900
PROEN-W2,20260401,0.14,0.15,0.13,0.13,521300
PROS-W1,20260401,0.01,0.01,0.01,0.01,14400
PROUD-W3,20260401,0.13,0.15,0.13,0.15,49600
PSTC-W3,20260401,0.06,0.06,0.05,0.06,1221300
PTECH-W1,20260401,0.23,0.23,0.23,0.23,100
QDC-W3,20260401,0.07,0.07,0.06,0.07,2283200
ROCTEC-W5,20260401,0.01,0.01,0.01,0.01,1600100
SAAM-W3,20260401,0.27,0.32,0.25,0.26,6199700
SAAM-W4,20260401,0.27,0.29,0.24,0.24,2690700
SAMTEL-W2,20260401,0.46,0.48,0.44,0.46,69000
SGC-W2,20260401,0.22,0.24,0.22,0.23,210700
SKE-W1,20260401,0.01,0.01,0.01,0.01,1500
STELLA-W6,20260401,0.02,0.04,0.02,0.04,61200
TAKUNI-W2,20260401,0.26,0.28,0.26,0.27,24000
TCC-W5,20260401,0.19,0.19,0.18,0.18,139000
TEAMG-W1,20260401,0.03,0.05,0.02,0.04,6361600
TFG-W4,20260401,4.5,4.76,4.5,4.64,5257000
TGE-W2,20260401,0.05,0.06,0.05,0.06,124000
TL-W2,20260401,0.03,0.16,0.03,0.11,119404800
TNITY-W2,20260401,0.2,0.23,0.2,0.22,196800
TRUBB-W3,20260401,0.38,0.38,0.32,0.33,2886400
TVDH-W5,20260401,0.01,0.02,0.01,0.01,695000
TVDH-W6,20260401,0.02,0.03,0.02,0.03,1999900
VGI-W3,20260401,0.02,0.02,0.02,0.02,31000
VIBHA-W5,20260401,0.06,0.07,0.06,0.07,310100
VIH-W1,20260401,0.85,0.87,0.85,0.86,26300
WAVE-W4,20260401,0.01,0.01,0.01,0.01,6000
XBIO-W6,20260401,0.03,0.03,0.02,0.02,8000
XBIO-W7,20260401,0.01,0.02,0.01,0.02,6380600
XBIO-W8,20260401,0.13,0.13,0.12,0.12,1535600
ZIGA-W2,20260401,0.06,0.06,0.04,0.05,2421900
!AGRO,20260401,319.12,319.12,316.28,318.71,28406400000
!CONSUMP,20260401,46.01,46.01,45.43,45.68,2579340000
!FINCIAL,20260401,157.34,158.17,156.86,157.36,74300970000
!INDUS,20260401,63.65,64.63,63.36,64.35,27457740000
!PROPCON,20260401,73.11,73.56,72.77,73.37,75077230000
!RESOURC,20260401,170.76,170.76,167.31,168.44,155900000000
!SERVICE,20260401,283.75,284.86,281.29,283.71,151269620000
!TECH,20260401,589.9,599.71,587.81,593.1,59861200000
$AGRI,20260401,216.65,216.92,212.59,215.89,11514600000
$AUTO,20260401,293.69,295.45,292.9,294.82,6372610000
$BANK,20260401,506.77,509.36,504.95,506.43,43985220000
$COMM,20260401,20240.1,20240.1,19936.1,20147.8,30071820000
$CONMAT,20260401,5300.04,5328.2,5262.06,5325.58,5164420000
$CONS,20260401,36.1,37.47,35.96,37.16,24824310000
$ENERG,20260401,19476.7,19476.7,19083.4,19212.8,155900000000
$ETRON,20260401,29775.8,30732.6,29661.8,30411.3,23670530000
$FASHION,20260401,494.24,497.46,486.79,490.39,410800000
$FIN,20260401,1932.1,1963.01,1917.08,1945.17,28170920000
$FOOD,20260401,8822.98,8826.89,8744.54,8814.11,16891800000
$HELTH,20260401,4278.27,4280.95,4235.32,4260.5,15730920000
$HOME,20260401,15.74,15.86,15.58,15.61,997070000
$ICT,20260401,235.86,235.95,230.01,230.5,36190670000
$IMM,20260401,18.36,18.39,18.24,18.31,723440000
$INSUR,20260401,8823.32,8879.77,8751.06,8801.98,2144830000
$MEDIA,20260401,15.76,15.91,15.6,15.76,34407200000
$PAPER,20260401,2067.65,2095.78,2025.45,2067.65,17660000
$PERSON,20260401,79.74,79.75,78.42,79.23,1171470000
$PETRO,20260401,658.19,676.54,652.4,668.8,11897190000
$PF&REIT,20260401,130.53,131.69,130.45,131.21,1665730000
$PKG,20260401,2370.13,2414.18,2337.5,2395.26,4955610000
$PROF,20260401,137.21,138.64,134.82,136.76,5872920000
$PROP,20260401,164.56,165.38,163.48,164.49,43422770000
$STEEL,20260401,20.21,20.26,19.78,20,3491230000
$TOURISM,20260401,419.35,421.49,413.8,419.18,10918200000
$TRANS,20260401,213.92,216.65,212.77,215.2,54268560000
MAI,20260401,218.68,219.95,218.61,219.08,296738829
SET,20260401,1471.72,1477.96,1464.28,1470.99,11683133704
SET100,20260401,2104.56,2105.72,2087.61,2093.81,4318273400
SET50,20260401,985.68,985.98,976.88,979.9,2197448100
SETHD,20260401,1343.3,1344.47,1329.58,1333.66,1048328600
ADVANC-F,20260401,372,372,365,365,5000
BDMS-F,20260401,20.1,20.1,18.9,18.9,21800
CPALL-F,20260401,49.5,49.5,49.5,49.5,200
KBANK-F,20260401,192.5,192.5,192,192,87700
KTB-F,20260401,35.75,35.75,35.5,35.5,131600
KTC-F,20260401,30.25,30.5,30.25,30.5,57700
OR-F,20260401,12.7,12.7,12.7,12.7,506900
TTB-F,20260401,2.3,2.3,2.28,2.28,1761900
!AGRO-M,20260401,59.12,59.27,58.59,58.93,3004410000
!CONSUMP-M,20260401,12.14,12.21,12.1,12.16,998850000
!FINCIAL-M,20260401,30.67,31.62,30.67,31.06,2710600000
!INDUS-M,20260401,39.73,39.81,39.57,39.61,4213390000
!PROPCON-M,20260401,17,17.1,16.81,17.04,2830910000
!RESOURC-M,20260401,16.91,18.03,16.77,17.19,2398000000
!SERVICE-M,20260401,42.17,42.42,42.12,42.28,8663500000
!TECH-M,20260401,19.62,19.71,19.53,19.56,843520000
SET100FF,20260401,1998.59,2000.57,1984.52,1990.32,431827340000
SET50FF,20260401,937.93,938.58,930.73,933.51,219744810000
SETCLMV,20260401,683.26,683.54,677.87,680.41,221491340000
SETESG,20260401,889.45,889.45,882.07,884.4,294019310000
SETWB,20260401,592.93,592.93,586.14,590.23,64397030000
SSET,20260401,588.73,591.48,588.47,591.06,35185830000
