<TICKER>,<DTYYYYMMDD>,<OPEN>,<HIGH>,<LOW>,<CLOSE>,<VOL>
1DIV-O,20260216,11.85,11.85,11.78,11.78,98
2I01BSET50-O,20260216,3.4,3.4,3.4,3.4,1
2X01BSET50-O,20260216,6.77,6.77,6.72,6.72,21
BSET100-O,20260216,10.49,10.49,10.46,10.46,19
CHINA-O,20260216,6.84,6.84,6.84,6.84,6
GLD-O,20260216,6.15,6.17,6.14,6.16,488
TDEX-O,20260216,9.3,9.3,9.25,9.26,315
1DIV,20260216,11.85,11.85,11.78,11.81,11200
1I01BSET50,20260216,4.12,4.12,4.12,4.12,100
2I01BSET50,20260216,3.37,3.4,3.34,3.38,603400
2X01BSET50,20260216,6.75,6.81,6.69,6.72,243300
ABFTH,20260216,1395,1395,1395,1395,100
BMSCG,20260216,8.1,8.15,8.01,8.01,59000
BMSCITH,20260216,11.5,11.52,11.44,11.45,217800
BSET100,20260216,10.44,10.49,10.41,10.42,300500
CHINA,20260216,6.85,6.85,6.84,6.85,31700
GLD,20260216,6.14,6.16,6.14,6.16,1569400
TDEX,20260216,9.24,9.31,9.23,9.25,485100
UHERO,20260216,8.55,8.55,6.1,7.77,2300
2S,20260216,2.5,2.52,2.46,2.5,118400
3BBIF,20260216,6.5,6.55,6.5,6.55,5388000
88TH,20260216,4.66,5,4.66,4.88,5202300
A,20260216,4.84,4.84,4.84,4.84,200
A5,20260216,1.83,1.83,1.81,1.83,19200
AAI,20260216,4.58,4.64,4.54,4.54,3139500
AAV,20260216,1.29,1.31,1.28,1.29,100893200
ABM,20260216,0.62,0.62,0.62,0.62,2100
ACC,20260216,0.47,0.48,0.43,0.45,6159900
ACE,20260216,1.3,1.3,1.29,1.3,1292500
ACG,20260216,0.62,0.62,0.61,0.61,42400
ADB,20260216,0.57,0.59,0.57,0.58,20300
ADD,20260216,4.06,4.08,4,4.06,38400
ADVANC,20260216,392,393,388,390,2299400
ADVICE,20260216,6,6.05,5.9,5.9,2334500
AE,20260216,0.08,0.09,0.08,0.08,1744500
AEONTS,20260216,99.75,100,98.75,99,809300
AF,20260216,0.33,0.34,0.33,0.34,1100
AFC,20260216,3.18,3.18,3.18,3.18,1400
AGE,20260216,1.38,1.39,1.37,1.37,705300
AH,20260216,14.1,14.3,14.1,14.2,55400
AHC,20260216,13.7,13.7,13.1,13.6,8300
AI,20260216,3.08,3.12,3.06,3.12,190300
AIE,20260216,1.09,1.1,1.08,1.08,675600
AIMCG,20260216,1.63,1.63,1.6,1.61,199800
AIMIRT,20260216,11,11.1,10.9,11.1,700900
AIRA,20260216,0.99,1.01,0.98,0.99,151200
AIT,20260216,5.1,5.15,5.05,5.15,1001000
AJ,20260216,1.79,1.79,1.73,1.75,1567100
AJA,20260216,0.17,0.17,0.16,0.17,2194700
AKP,20260216,0.7,0.71,0.7,0.71,1849000
AKR,20260216,0.87,0.89,0.87,0.89,1689400
AKS,20260216,0.02,0.03,0.02,0.02,264000
ALLA,20260216,1.22,1.22,1.19,1.21,209100
ALLY,20260216,4.5,4.52,4.5,4.52,590800
ALPHAX,20260216,0.5,0.54,0.49,0.52,30320400
ALT,20260216,1.19,1.2,1.16,1.19,766500
ALUCON,20260216,201,201,201,201,100
AMA,20260216,4.2,4.2,4.18,4.18,102900
AMANAH,20260216,0.77,0.8,0.77,0.79,242900
AMARC,20260216,2.86,2.86,2.74,2.78,2245800
AMARIN,20260216,2.56,2.6,2.34,2.6,8500
AMATA,20260216,18.4,18.8,18.1,18.2,17867500
AMATAR,20260216,6.7,6.75,6.65,6.7,144600
AMATAV,20260216,1.88,1.89,1.87,1.88,84700
AMC,20260216,2.08,2.08,2.06,2.06,13900
AMR,20260216,0.4,0.41,0.4,0.41,402500
ANAN,20260216,0.46,0.46,0.44,0.45,2562700
ANI,20260216,3,3,2.94,2.98,24700
AOT,20260216,58,58.25,56.25,56.25,52599200
AP,20260216,9.25,9.4,9.25,9.25,7746300
APCO,20260216,2.8,2.86,2.8,2.82,15100
APCS,20260216,1.27,1.27,1.27,1.27,2100
APO,20260216,1.94,2,1.94,1.99,968000
APP,20260216,2.76,2.8,2.76,2.78,231800
APURE,20260216,2.04,2.08,2,2.04,188700
AQUA,20260216,0.16,0.16,0.14,0.15,7462200
ARIN,20260216,0.66,0.69,0.64,0.65,5530100
ARIP,20260216,0.44,0.47,0.44,0.45,1000800
ARROW,20260216,5.1,5.2,5.1,5.2,47300
AS,20260216,2.96,3.12,2.96,3.08,4073200
ASAP,20260216,1.21,1.21,1.17,1.2,7600
ASEFA,20260216,3.52,3.54,3.5,3.5,135700
ASIAN,20260216,7.6,7.95,7.6,7.85,2119200
ASIMAR,20260216,1.62,1.62,1.55,1.56,152200
ASK,20260216,9.05,9.4,9.05,9.35,2608400
ASN,20260216,0.77,0.78,0.77,0.78,14700
ASP,20260216,2.16,2.22,2.16,2.2,549900
ASW,20260216,7,7,6.9,6.95,134200
ATLAS,20260216,1.86,1.9,1.82,1.88,9421200
ATP30,20260216,0.9,0.93,0.9,0.92,448800
AU,20260216,5.4,5.5,5.25,5.35,1664400
AUCT,20260216,5.2,5.45,5.2,5.45,688100
AURA,20260216,13.4,13.6,13.4,13.5,1724300
AWC,20260216,2.54,2.58,2.48,2.54,46087800
AXTRART,20260216,13,13,12.9,12.9,671100
AYUD,20260216,38.5,38.75,38.25,38.75,6300
B,20260216,0.04,0.05,0.04,0.04,2864900
B-WORK,20260216,5.3,5.3,5.25,5.25,113800
B52,20260216,0.3,0.33,0.3,0.33,37400
BA,20260216,17.2,17.7,17.1,17.5,6952700
BAFS,20260216,9.35,9.5,9.3,9.45,202000
BAM,20260216,7.65,7.75,7.6,7.65,11974800
BANPU,20260216,5.75,5.8,5.65,5.8,38149000
BAREIT,20260216,10.9,11.1,10.8,10.9,1174400
BAY,20260216,25.75,25.75,25.5,25.5,56100
BBGI,20260216,3.14,3.2,3.12,3.2,1263900
BBIK,20260216,18.9,18.9,18.2,18.3,2128800
BBL,20260216,163.5,165,163,164,12875628
BC,20260216,0.75,0.77,0.75,0.77,122200
BCH,20260216,10.7,10.9,10.6,10.7,17441100
BCP,20260216,36,36.5,35,36,16341000
BCPG,20260216,8.05,8.15,7.95,8.1,16658800
BCT,20260216,48.5,51.25,48.5,51.25,1000
BDMS,20260216,21.4,21.8,21.4,21.7,68472600
BE8,20260216,5.65,5.65,5.5,5.65,872300
BEAUTY,20260216,0.4,0.4,0.39,0.39,986100
BEC,20260216,1.92,1.92,1.86,1.89,873500
BEM,20260216,5.5,5.65,5.45,5.6,44513300
BEYOND,20260216,8.2,8.35,8.15,8.35,14800
BGC,20260216,4.32,4.32,4.22,4.3,86800
BGRIM,20260216,15.4,15.5,15.1,15.1,11589200
BGT,20260216,0.38,0.39,0.37,0.39,13200
BH,20260216,186.5,189.5,185.5,188,2415400
BIG,20260216,0.3,0.3,0.29,0.29,69700
BIOTEC,20260216,0.18,0.18,0.17,0.18,393400
BIS,20260216,1.94,2.02,1.94,2.02,60400
BIZ,20260216,4.34,4.38,4.34,4.36,449300
BJC,20260216,16.1,16.3,15.8,16.1,13756000
BJCHI,20260216,0.58,0.58,0.57,0.57,332600
BKA,20260216,1.01,1.03,0.94,0.98,2813300
BKD,20260216,1.09,1.09,1.09,1.09,11200
BKGI,20260216,1.31,1.33,1.29,1.33,447300
BKIH,20260216,306,307,306,307,12000
BLA,20260216,21.7,21.7,21.3,21.4,1301000
BLAND,20260216,0.46,0.48,0.46,0.48,7619300
BLC,20260216,4.2,4.2,4.14,4.18,320600
BLESS,20260216,0.24,0.26,0.24,0.24,474900
BM,20260216,1.05,1.06,1.05,1.06,581400
BOFFICE,20260216,5.3,5.4,5.3,5.4,223400
BOL,20260216,5.65,5.65,5.25,5.5,146500
BPP,20260216,12.3,12.3,11.9,12.1,100200
BPS,20260216,0.42,0.44,0.41,0.44,1085000
BR,20260216,1.69,1.69,1.67,1.68,134500
BRI,20260216,1.5,1.51,1.49,1.49,73300
BROCK,20260216,1.39,1.39,1.39,1.39,100
BRR,20260216,3.9,4.04,3.9,4.02,269200
BRRGIF,20260216,3.82,3.82,3.82,3.82,122300
BSBM,20260216,0.57,0.58,0.57,0.57,87700
BSM,20260216,0.48,0.48,0.38,0.43,67200
BTC,20260216,0.24,0.25,0.23,0.24,7964900
BTG,20260216,17.8,17.9,17.6,17.8,2205400
BTNC,20260216,20.1,20.2,19.9,19.9,11300
BTS,20260216,2.68,2.74,2.52,2.52,205458400
BTSGIF,20260216,2.66,2.68,2.64,2.66,1253700
BTW,20260216,0.11,0.11,0.1,0.11,376200
BUI,20260216,12.2,12.3,12.2,12.3,10900
BVG,20260216,1.84,1.87,1.82,1.83,150500
BWG,20260216,0.29,0.3,0.28,0.28,19374300
BYD,20260216,0.61,0.7,0.6,0.66,44420200
CAZ,20260216,1.51,1.52,1.46,1.5,47700
CBG,20260216,47,47.5,46.25,46.25,3343900
CCET,20260216,5.1,5.2,4.98,5,17628700
CCP,20260216,0.26,0.27,0.26,0.26,1619400
CEN,20260216,0.75,0.77,0.75,0.75,218400
CENTEL,20260216,38.25,38.25,37.75,38.25,2959600
CEYE,20260216,1.64,1.66,1.62,1.63,41900
CFARM,20260216,0.81,0.86,0.8,0.86,4700000
CFRESH,20260216,0.73,0.74,0.72,0.74,638500
CGD,20260216,0.12,0.12,0.11,0.12,120500
CGH,20260216,0.5,0.5,0.47,0.48,3142400
CH,20260216,1.75,1.79,1.75,1.77,12900
CHAO,20260216,4.54,4.64,4.54,4.64,62800
CHARAN,20260216,17.8,17.8,17.8,17.8,100
CHASE,20260216,0.55,0.55,0.54,0.54,403800
CHAYO,20260216,1.42,1.45,1.38,1.4,5522400
CHEWA,20260216,0.18,0.19,0.16,0.16,3738300
CHG,20260216,1.64,1.69,1.64,1.67,28891200
CHIC,20260216,0.24,0.27,0.24,0.27,258500
CHO,20260216,0.06,0.06,0.05,0.05,285600
CHOW,20260216,1.31,1.32,1.28,1.32,207800
CI,20260216,0.37,0.39,0.34,0.34,1345700
CIG,20260216,0.02,0.03,0.02,0.02,4392300
CITY,20260216,1.46,1.49,1.45,1.49,3000
CIVIL,20260216,0.74,0.92,0.74,0.88,4294300
CK,20260216,15.1,15.1,14.8,15,7105700
CKP,20260216,2.52,2.56,2.5,2.54,6384400
CM,20260216,1.64,1.64,1.62,1.63,21600
CMAN,20260216,2.5,2.5,2.46,2.5,49100
CMC,20260216,0.47,0.49,0.46,0.47,34000
CMO,20260216,0.41,0.41,0.39,0.4,47600
CMR,20260216,1.42,1.42,1.4,1.41,67500
CNT,20260216,1.09,1.09,1.07,1.09,18300
COCOCO,20260216,5.85,5.9,5.8,5.85,1688400
COLOR,20260216,1.02,1.02,1.01,1.02,41600
COM7,20260216,24.6,24.7,24.3,24.4,8398800
COMAN,20260216,0.4,0.41,0.4,0.41,3700
CPALL,20260216,49.5,49.5,48.5,49.5,19052500
CPANEL,20260216,1.96,1.96,1.92,1.94,14000
CPAXT,20260216,16.6,16.8,16.4,16.8,16148600
CPF,20260216,21.3,21.4,21,21.1,16671000
CPH,20260216,9,9.2,8.95,9.1,57900
CPI,20260216,3.46,3.5,3.44,3.46,175700
CPL,20260216,0.68,0.71,0.67,0.68,111600
CPN,20260216,62.75,63.25,62,63,5844100
CPNCG,20260216,6.45,6.45,6.4,6.45,1783300
CPNREIT,20260216,11.5,11.5,11.4,11.4,1229600
CPR,20260216,2.82,2.82,2.78,2.82,40900
CPTREIT,20260216,5.6,5.65,5.6,5.65,324500
CPW,20260216,2.24,2.24,2.08,2.12,231000
CRANE,20260216,0.49,0.49,0.47,0.48,289300
CRC,20260216,21.9,21.9,21.1,21.3,19394600
CRD,20260216,0.29,0.29,0.28,0.29,72200
CREDIT,20260216,17.2,17.3,17,17,154200
CSC,20260216,45.25,45.25,45,45,300
CSP,20260216,0.41,0.42,0.4,0.4,36400
CSR,20260216,63,64,63,64,200
CSS,20260216,0.79,0.79,0.78,0.78,81600
CTARAF,20260216,4.64,4.68,4.64,4.68,48900
CTW,20260216,2.94,2.94,2.92,2.94,12600
CWT,20260216,0.99,1,0.98,0.98,1393200
D,20260216,2.6,2.62,2.58,2.6,174000
DCC,20260216,1.25,1.26,1.24,1.24,1641600
DCON,20260216,0.24,0.25,0.23,0.23,3146000
DDD,20260216,5.8,5.8,5.7,5.8,1600
DELTA,20260216,221,224,219,221,9478700
DEMCO,20260216,2.52,2.54,2.5,2.5,93000
DEXON,20260216,1.05,1.05,1.04,1.04,30400
DHOUSE,20260216,0.4,0.4,0.39,0.4,9500
DIF,20260216,9.4,9.45,9.4,9.4,4213500
DIMET,20260216,0.05,0.06,0.05,0.05,40100
DITTO,20260216,13.4,13.4,13,13.3,1585100
DMT,20260216,11.1,11.3,11.1,11.3,358500
DOD,20260216,1.85,1.87,1.81,1.85,2388600
DOHOME,20260216,3.98,3.98,3.88,3.92,13845700
DPAINT,20260216,0.7,0.7,0.67,0.68,545400
DREIT,20260216,4.98,4.98,4.96,4.98,7600
DRT,20260216,5.35,5.35,5.25,5.25,252400
DTCENT,20260216,0.89,0.89,0.88,0.89,384500
DUSIT,20260216,12.5,12.7,12.1,12.2,1261500
DV8,20260216,4.58,4.6,4.5,4.54,470800
EA,20260216,3.22,3.28,3.18,3.22,91377400
EASON,20260216,1.07,1.08,1.06,1.08,344200
EAST,20260216,0.68,0.7,0.68,0.7,240300
EASTW,20260216,2.14,2.14,2.1,2.1,329400
ECF,20260216,0.06,0.07,0.06,0.07,417700
EFORL,20260216,0.14,0.14,0.13,0.13,1625900
EGATIF,20260216,6.25,6.3,6.25,6.3,532000
EGCO,20260216,123,123.5,122,123,680000
EKH,20260216,5.05,5.05,5,5.05,471900
EMC,20260216,0.02,0.03,0.02,0.02,66561800
EMPIRE,20260216,0.75,0.84,0.75,0.81,75612200
EP,20260216,1.17,1.2,1.17,1.19,245400
EPG,20260216,3.8,3.82,3.68,3.72,12386600
ERW,20260216,3.18,3.22,3,3.1,40770900
ESTAR,20260216,0.2,0.21,0.2,0.21,4609100
ETC,20260216,0.6,0.61,0.6,0.61,5124300
ETE,20260216,0.62,0.62,0.61,0.62,5900
ETL,20260216,0.53,0.53,0.52,0.53,126300
EURO,20260216,4.58,4.58,4.44,4.58,12400
EVER,20260216,0.06,0.07,0.05,0.06,116900
FANCY,20260216,0.29,0.29,0.27,0.29,22700
FLOYD,20260216,1.27,1.28,1.24,1.26,220700
FM,20260216,3.9,3.9,3.86,3.9,490600
FMT,20260216,23.4,23.4,23,23.1,3500
FN,20260216,0.45,0.46,0.44,0.44,98600
FNS,20260216,0.69,0.71,0.69,0.7,96000
FORTH,20260216,7.85,8.05,7.75,7.9,1519600
FPI,20260216,1.8,1.81,1.79,1.8,5700
FPT,20260216,6.35,6.65,6.35,6.55,14600
FSMART,20260216,7.45,7.55,7.35,7.5,2262900
FSX,20260216,0.76,0.78,0.75,0.76,23300
FTE,20260216,1.99,2,1.95,1.99,79100
FTI,20260216,1.87,1.87,1.83,1.83,5500
FTREIT,20260216,12,12.1,11.9,12.1,865600
FUTURERT,20260216,9.2,9.2,9.15,9.15,27300
FVC,20260216,0.47,0.47,0.46,0.47,357800
GABLE,20260216,3.56,3.7,3.56,3.66,814000
GAHREIT,20260216,4.22,4.24,4.18,4.22,69300
GBX,20260216,0.53,0.55,0.53,0.55,867700
GC,20260216,4.18,4.28,4.18,4.28,79400
GCAP,20260216,0.29,0.32,0.29,0.31,1946700
GEL,20260216,0.03,0.04,0.03,0.04,1152600
GENCO,20260216,0.25,0.26,0.24,0.26,68200
GFC,20260216,2.84,2.88,2.84,2.88,55200
GFPT,20260216,9.8,9.85,9.65,9.7,5381900
GGC,20260216,2.94,3,2.94,2.96,61600
GJS,20260216,0.09,0.1,0.09,0.1,2456500
GLOBAL,20260216,7.5,7.55,7.3,7.55,13369200
GLORY,20260216,0.64,0.64,0.61,0.61,600
GPI,20260216,1.72,1.72,1.69,1.71,498600
GPSC,20260216,43.5,44.25,43,43.25,7813600
GRAMMY,20260216,4.16,4.16,4.12,4.14,1200
GRAND,20260216,0.03,0.04,0.03,0.03,1015800
GREEN,20260216,0.66,0.66,0.65,0.65,10100
GROREIT,20260216,7.9,7.95,7.9,7.95,6800
GTB,20260216,0.69,0.69,0.68,0.69,134300
GTV,20260216,0.04,0.04,0.03,0.04,3529600
GULF,20260216,60.25,61,59.5,59.75,58302600
GUNKUL,20260216,2.24,2.28,2.2,2.22,21631200
GVREIT,20260216,6.65,6.75,6.65,6.7,1053200
GYT,20260216,208,226,208,216,1200
HANA,20260216,17.5,17.5,17.2,17.2,11953700
HANN,20260216,1.04,1.12,1.04,1.07,48844400
HARN,20260216,1.97,1.97,1.95,1.97,392800
HEALTH,20260216,0.39,0.45,0.38,0.4,136100
HENG,20260216,1,1,0.99,0.99,1058200
HFT,20260216,4.3,4.3,4.24,4.24,59100
HL,20260216,7.2,7.25,7.2,7.2,99900
HMPRO,20260216,7.05,7.05,6.85,7,56884600
HPF,20260216,5.5,5.5,5.4,5.5,4300
HPT,20260216,0.35,0.35,0.33,0.34,986000
HTC,20260216,15.6,16,15.5,16,485800
HTECH,20260216,3.4,3.4,3.28,3.32,695700
HUMAN,20260216,5.25,5.35,5.15,5.25,638400
HYDRO,20260216,2.58,2.7,2.58,2.68,30800
I2,20260216,0.77,0.79,0.76,0.78,812800
ICHI,20260216,14.3,14.5,14.3,14.5,3033200
ICN,20260216,1.8,1.87,1.8,1.83,742500
IDG,20260216,1.73,1.87,1.72,1.84,4931100
IFS,20260216,2.18,2.2,2.18,2.2,15400
IHL,20260216,1.59,1.61,1.59,1.61,183000
IIG,20260216,1.71,1.72,1.69,1.71,315300
III,20260216,4.14,4.14,4.1,4.12,326700
ILINK,20260216,5,5,4.96,4.98,312700
ILM,20260216,13.9,14.2,13.9,14.2,246300
IMH,20260216,3,3.12,3,3.02,197900
IMPACT,20260216,11,11.2,11,11.1,987500
IND,20260216,1.18,1.21,1.17,1.19,4907900
INET,20260216,3.86,3.92,3.86,3.92,1296600
INETREIT,20260216,12.2,12.3,12.1,12.2,1315100
INGRS,20260216,0.32,0.32,0.31,0.31,463600
INOX,20260216,0.42,0.42,0.38,0.41,9347600
INSET,20260216,2.68,2.68,2.56,2.62,12571300
IP,20260216,4.36,4.44,4.36,4.38,207600
IRC,20260216,11.7,11.8,11.7,11.8,72500
IRCP,20260216,0.27,0.27,0.25,0.26,2278600
IROYAL,20260216,5.4,5.55,5.4,5.5,81300
IRPC,20260216,1.31,1.32,1.27,1.29,41127000
ISSARA,20260216,6.7,6.9,6.7,6.9,165100
IT,20260216,3.9,4,3.82,3.84,42800
ITC,20260216,17.1,17.3,17,17.2,3693400
ITD,20260216,0.22,0.23,0.22,0.23,6285800
ITEL,20260216,1.38,1.42,1.38,1.4,2077000
ITNS,20260216,1.67,1.7,1.62,1.7,112000
ITTHI,20260216,1.29,1.36,1.27,1.31,2144500
IVF,20260216,0.84,0.88,0.83,0.85,3637700
IVL,20260216,22.7,23.1,22.4,22.9,14261500
J,20260216,0.66,0.71,0.66,0.69,1546800
JAK,20260216,0.7,0.7,0.7,0.7,200
JAS,20260216,1.48,1.48,1.42,1.43,63274600
JCK,20260216,0.14,0.15,0.14,0.14,410900
JCT,20260216,82.75,84,82.25,82.25,1400
JDF,20260216,1.94,2.02,1.92,1.97,2911700
JMART,20260216,8.2,8.3,7.9,7.95,19006700
JMT,20260216,10.9,11.1,10.6,10.8,19570700
JPARK,20260216,3.12,3.16,3.06,3.1,7633800
JR,20260216,1.72,1.74,1.71,1.74,45100
JSP,20260216,1.97,1.97,1.92,1.94,209900
JTS,20260216,63.25,65,62.75,63,954400
JUBILE,20260216,7,7.1,7,7,31200
K,20260216,1.08,1.08,1.08,1.08,100
KAMART,20260216,9.4,9.45,9.35,9.35,1768200
KASET,20260216,0.65,0.74,0.65,0.67,3893800
KBANK,20260216,198,201,197.5,199,24018600
KBS,20260216,6.05,6.15,6,6.15,783900
KBSPIF,20260216,8.3,8.35,8.25,8.35,151700
KC,20260216,0.02,0.03,0.02,0.03,5103400
KCAR,20260216,5.55,5.6,5.55,5.6,8200
KCC,20260216,2.18,2.18,2.1,2.12,167500
KCE,20260216,19.2,19.3,18.7,18.8,14690100
KCG,20260216,9.3,9.3,9.1,9.1,901400
KCM,20260216,0.18,0.18,0.17,0.17,37500
KDH,20260216,84,84,84,84,100
KGEN,20260216,1.3,1.34,1.26,1.3,2595900
KGI,20260216,4.34,4.52,4.34,4.52,7481500
KIAT,20260216,0.34,0.35,0.34,0.34,647300
KISS,20260216,3.3,3.3,3.18,3.24,639000
KJL,20260216,6.2,6.2,6.15,6.2,23300
KK,20260216,0.95,0.97,0.91,0.92,386000
KKP,20260216,71.75,72.25,71,71.75,4165800
KLINIQ,20260216,24.1,24.5,23.9,24.1,138600
KOOL,20260216,0.3,0.31,0.3,0.3,426600
KPNREIT,20260216,1.94,1.94,1.94,1.94,500
KSL,20260216,1.29,1.35,1.29,1.35,1505200
KTB,20260216,30.5,31,30.25,31,74125400
KTBSTMR,20260216,5.5,5.5,5.45,5.45,38500
KTC,20260216,31.75,33.25,31.5,32.75,50980200
KTIS,20260216,1.9,1.91,1.9,1.9,147500
KTMS,20260216,1.96,1.98,1.92,1.98,170900
KUMWEL,20260216,1.06,1.06,1.02,1.05,229300
KUN,20260216,0.77,0.79,0.75,0.78,43400
KWC,20260216,280,280,280,280,100
KWM,20260216,0.91,0.94,0.91,0.94,281700
KYE,20260216,291,292,291,292,1000
L&E,20260216,1.06,1.06,1.05,1.05,7900
LALIN,20260216,4.78,4.82,4.78,4.82,23500
LANNA,20260216,15.7,15.8,15.6,15.8,146500
LDC,20260216,0.29,0.29,0.28,0.29,211400
LEE,20260216,2.72,2.8,2.68,2.7,358600
LEO,20260216,1.92,1.95,1.92,1.92,140800
LH,20260216,4.38,4.48,4.38,4.42,31938500
LHFG,20260216,0.97,0.97,0.95,0.96,868500
LHHOTEL,20260216,13.4,13.5,13.3,13.3,769900
LHK,20260216,3.38,3.38,3.34,3.36,186900
LHRREIT,20260216,4.3,4.32,4.3,4.3,61100
LHSC,20260216,13.3,13.5,13.3,13.5,342000
LIT,20260216,0.68,0.76,0.68,0.74,1069700
LOXLEY,20260216,1.29,1.34,1.28,1.31,912000
LPH,20260216,3.66,3.68,3.64,3.66,127100
LPN,20260216,1.59,1.59,1.57,1.57,1259800
LST,20260216,4.8,4.8,4.76,4.8,142600
LTMH,20260216,4.4,4.4,4.38,4.4,4600
LTS,20260216,3.16,3.2,3.02,3.02,5622000
LUXF,20260216,9,9,8.95,9,1600
M,20260216,20.2,20.4,20.1,20.1,2158400
M-CHAI,20260216,21.7,22,21.4,21.9,11400
M-PAT,20260216,1.6,1.6,1.52,1.52,12700
M-STOR,20260216,7.05,7.1,7,7,15200
MADAME,20260216,0.58,0.62,0.42,0.59,547500
MAGURO,20260216,22.9,23.6,22.8,23,498800
MAJOR,20260216,7.35,7.4,7.3,7.4,673100
MALEE,20260216,4.2,4.3,4.16,4.16,3139300
MANRIN,20260216,23.4,23.4,23.4,23.4,100
MASTEC,20260216,0.99,1.04,0.98,1.03,4472700
MASTER,20260216,10.3,10.4,9.95,10,1948400
MATCH,20260216,0.9,0.97,0.9,0.97,2800
MBAX,20260216,2.04,2.18,1.98,2.04,289900
MBK,20260216,18.6,19,18.6,18.8,1512500
MC,20260216,12.2,12.3,12.1,12.1,1076800
MCA,20260216,1.11,1.13,1.08,1.08,440500
MCOT,20260216,4.96,4.98,4.66,4.68,3220800
MCS,20260216,9,9.05,8.95,9.05,475400
MDX,20260216,2.54,2.62,2.54,2.56,964700
MEB,20260216,15.5,15.6,15.4,15.4,24200
MEDEZE,20260216,7,7.3,6.85,7.25,3830600
MEGA,20260216,39.25,39.25,38,38.25,1603700
MENA,20260216,0.79,0.81,0.78,0.78,2471600
META,20260216,0.04,0.05,0.04,0.05,932500
METCO,20260216,272,274,270,272,21600
MFC,20260216,24,24.2,23.8,24,41500
MFEC,20260216,5.45,5.5,5.4,5.45,140400
MGC,20260216,4.5,4.5,4.4,4.48,60500
MGI,20260216,5.95,6.05,5.9,5.9,294800
MGT,20260216,1.8,2.16,1.79,2.04,4585300
MICRO,20260216,0.86,0.94,0.86,0.9,1875200
MIDA,20260216,0.28,0.31,0.27,0.31,1142000
MII,20260216,4.6,4.6,4.58,4.58,10100
MILL,20260216,0.06,0.06,0.05,0.06,3171400
MINT,20260216,26.75,26.75,25.75,26.5,20872600
MIPF,20260216,9.7,9.7,9.65,9.7,400
MITSIB,20260216,0.59,0.6,0.59,0.59,402900
MJD,20260216,0.48,0.5,0.41,0.42,3765900
MJLF,20260216,5.3,5.3,5.25,5.3,55800
MK,20260216,0.54,0.55,0.53,0.54,53800
ML,20260216,0.48,0.48,0.47,0.48,359400
MMM,20260216,3.4,3.5,3.4,3.44,5875900
MNIT2,20260216,5,5,5,5,200
MNRF,20260216,2.18,2.18,2.06,2.08,40600
MODERN,20260216,2.02,2.04,2.02,2.02,29000
MONO,20260216,1.17,1.2,1.13,1.16,21670200
MOONG,20260216,2.16,2.16,2.12,2.16,125900
MORE,20260216,0.03,0.04,0.03,0.03,545000
MOSHI,20260216,37,37.75,36.75,37.75,913400
MOTHER,20260216,1.26,1.26,1.22,1.22,1474100
MPJ,20260216,3.96,3.98,3.92,3.94,159800
MRDIYT,20260216,9,9.3,9,9.3,4288900
MSC,20260216,7.9,7.9,7.75,7.75,14700
MST,20260216,6.7,6.7,6.65,6.65,59800
MTC,20260216,39.75,40,38.75,38.75,6651200
MTI,20260216,15.3,15.8,15.3,15.8,44800
MTW,20260216,0.84,0.86,0.84,0.86,31300
MUD,20260216,0.61,0.63,0.6,0.6,13800
MVP,20260216,0.12,0.13,0.11,0.12,396800
NAM,20260216,3.84,3.84,3.82,3.84,8500
NAT,20260216,2.84,2.84,2.76,2.76,21200
NATION,20260216,0.04,0.05,0.04,0.04,3512600
NC,20260216,2.22,2.28,2.16,2.16,142400
NCAP,20260216,3.08,3.08,3,3.02,1940300
NCH,20260216,0.4,0.41,0.4,0.4,78100
NCL,20260216,0.22,0.22,0.21,0.22,82900
NCP,20260216,0.97,1.03,0.97,0.99,16100
NDR,20260216,1.42,1.42,1.42,1.42,19000
NEO,20260216,21.1,21.7,21,21.5,321000
NEP,20260216,0.2,0.2,0.19,0.19,800
NER,20260216,5.05,5.15,5.05,5.15,7786200
NETBAY,20260216,22.8,23.5,22.8,23.4,1114500
NEX,20260216,1.37,1.42,1.34,1.36,115802000
NKI,20260216,18.2,18.2,18.1,18.1,300
NKT,20260216,4.08,4.1,4.04,4.08,882600
NL,20260216,0.62,0.64,0.6,0.62,334100
NNCL,20260216,1.58,1.62,1.58,1.61,22300
NOBLE,20260216,2.26,2.46,2.26,2.36,3885300
NOVA,20260216,8.3,8.3,8,8.05,20500
NRF,20260216,0.23,0.23,0.22,0.23,383300
NSL,20260216,23.9,24.2,23.6,23.8,908800
NTF,20260216,6.1,6.2,6.05,6.1,606100
NTSC,20260216,7.4,7.95,7.3,7.8,37900
NTV,20260216,23.5,23.5,23.5,23.5,2600
NUT,20260216,4.08,4.1,4,4.1,17500
NV,20260216,0.51,0.52,0.5,0.52,102000
NVD,20260216,0.8,0.81,0.79,0.81,22200
NYT,20260216,3.26,3.3,3.24,3.3,1228100
OCC,20260216,10,10,9.75,9.95,500
OGC,20260216,9.25,9.25,9.25,9.25,300
OHTL,20260216,305,316,299,316,600
OKJ,20260216,4.04,4.1,4.02,4.06,740200
ONEE,20260216,2.38,2.4,2.34,2.38,671200
ONSENS,20260216,1.1,1.21,1.1,1.21,15815100
OR,20260216,14.2,14.3,14.1,14.2,14675500
ORI,20260216,2.04,2.1,2.02,2.04,3033300
ORN,20260216,0.73,0.76,0.73,0.74,4674400
OSP,20260216,18.4,18.5,18.2,18.4,4116700
PACO,20260216,1.24,1.26,1.23,1.24,318700
PAF,20260216,0.72,0.74,0.72,0.72,236100
PANEL,20260216,1.36,1.36,1.33,1.35,104000
PAP,20260216,2.06,2.1,2,2.02,77600
PATO,20260216,7.2,7.2,7.2,7.2,50500
PB,20260216,50,50,50,50,100
PCC,20260216,2.74,2.74,2.72,2.74,357700
PCE,20260216,2.24,2.26,2.18,2.24,947200
PCSGH,20260216,3.08,3.14,3.08,3.14,118100
PDG,20260216,2.96,3.02,2.92,3,11800
PDJ,20260216,1.12,1.15,1.12,1.15,75300
PEACE,20260216,1.81,1.81,1.74,1.8,369500
PEER,20260216,0.1,0.1,0.09,0.09,138100
PERM,20260216,0.19,0.2,0.18,0.19,208400
PF,20260216,0.05,0.06,0.05,0.05,15685100
PHG,20260216,13,13.2,13,13.2,28000
PHOL,20260216,2.94,3,2.94,3,218700
PICO,20260216,4.18,4.18,4.18,4.18,600
PIMO,20260216,1.06,1.06,1.04,1.06,551400
PIN,20260216,4.7,4.74,4.64,4.64,436500
PIS,20260216,3.46,3.52,3.36,3.36,458700
PJW,20260216,2.08,2.08,2.06,2.06,211600
PK,20260216,0.44,0.45,0.43,0.45,53700
PL,20260216,1.35,1.36,1.35,1.36,2600
PLANB,20260216,4.56,4.58,4.42,4.56,51742200
PLANET,20260216,0.49,0.49,0.48,0.49,84200
PLAT,20260216,1.12,1.17,1.12,1.15,8884700
PLE,20260216,0.17,0.18,0.16,0.17,2683600
PLT,20260216,0.61,0.61,0.58,0.59,923000
PLUS,20260216,1.62,1.63,1.54,1.55,6163700
PM,20260216,12.6,12.6,12.4,12.6,149600
PMC,20260216,0.85,0.87,0.85,0.86,229800
PMTA,20260216,10.5,10.6,10.5,10.5,16800
POLY,20260216,7.2,7.25,7.2,7.2,10500
POPF,20260216,6.8,6.9,6.8,6.8,467700
PORT,20260216,0.54,0.55,0.54,0.54,40800
PPM,20260216,1.27,1.27,1.23,1.23,98100
PPP,20260216,0.85,0.87,0.85,0.87,4600
PPPM,20260216,0.28,0.28,0.26,0.27,934500
PPS,20260216,0.18,0.18,0.17,0.17,62100
PQS,20260216,1.58,1.6,1.56,1.56,209200
PR9,20260216,20.6,21,20.5,21,3068300
PRAKIT,20260216,11,11,11,11,1000
PRAPAT,20260216,0.8,0.81,0.79,0.8,422300
PREB,20260216,3.42,3.42,3.38,3.4,90600
PRG,20260216,9,9.05,9,9.05,16300
PRI,20260216,4.38,4.38,4.32,4.32,406700
PRIME,20260216,0.05,0.06,0.05,0.06,3199700
PRIN,20260216,1.47,1.47,1.46,1.46,101000
PRINC,20260216,1.83,1.88,1.83,1.85,342300
PRM,20260216,7.45,7.6,7.4,7.6,12258800
PROEN,20260216,1.21,1.23,1.18,1.2,2673000
PROS,20260216,0.44,0.44,0.42,0.44,1148600
PROSPECT,20260216,6.95,7,6.9,7,1945600
PROUD,20260216,0.69,0.7,0.68,0.7,590400
PRTR,20260216,3.4,3.46,3.4,3.46,372700
PSGC,20260216,2.4,2.44,2.38,2.4,72400
PSH,20260216,3.78,3.84,3.78,3.84,660900
PSL,20260216,6.75,6.85,6.7,6.75,3051300
PSP,20260216,4.52,4.54,4.46,4.5,4762400
PSTC,20260216,0.26,0.27,0.26,0.26,530900
PT,20260216,12.7,12.7,12.6,12.7,108400
PTC,20260216,0.61,0.62,0.59,0.61,130400
PTECH,20260216,1.71,1.71,1.71,1.71,1100
PTG,20260216,9.3,9.3,9.15,9.2,7034700
PTL,20260216,8.35,8.4,8.3,8.3,25300
PTT,20260216,35.75,36,35.5,35.75,53635500
PTTEP,20260216,135.5,136,132.5,133,12732200
PTTGC,20260216,26.75,26.75,25.75,26.5,22164000
PYLON,20260216,2.84,2.9,2.82,2.86,1115300
Q-CON,20260216,7.15,7.15,7.05,7.1,86500
QDC,20260216,0.09,0.1,0.09,0.09,854000
QH,20260216,1.42,1.43,1.4,1.4,19605000
QHBREIT,20260216,3.56,3.6,3.56,3.58,186300
QHHRREIT,20260216,6.85,7,6.85,6.95,1280800
QTC,20260216,3.68,3.7,3.54,3.68,117700
QTCG,20260216,0.16,0.16,0.14,0.15,133200
RABBIT,20260216,0.35,0.4,0.34,0.38,79706700
RAM,20260216,18.4,18.5,18.3,18.5,38200
RATCH,20260216,31.25,31.25,31,31.25,924600
RBF,20260216,3.68,3.68,3.6,3.62,2047100
RCL,20260216,28.75,28.75,28.25,28.75,1864400
READY,20260216,3.1,3.16,3.06,3.08,97000
RICHY,20260216,0.18,0.2,0.18,0.19,2637700
RJH,20260216,12.9,13.3,12.9,13.2,526300
RML,20260216,0.11,0.12,0.11,0.12,501500
ROCK,20260216,10,10,10,10,400
ROCTEC,20260216,0.67,0.68,0.65,0.65,8566600
ROJNA,20260216,5.2,5.25,5.15,5.25,938800
RP,20260216,0.6,0.62,0.59,0.59,36700
RPC,20260216,0.29,0.3,0.28,0.3,626900
RPH,20260216,4.98,5.05,4.96,5,177900
RS,20260216,0.16,0.17,0.16,0.16,825400
RSP,20260216,1.15,1.15,1.12,1.12,112200
RT,20260216,0.27,0.3,0.26,0.29,8588200
RWI,20260216,0.2,0.2,0.19,0.19,369800
S,20260216,0.53,0.53,0.51,0.52,790700
S&J,20260216,33.25,33.25,33,33.25,1200
S11,20260216,3.76,3.9,3.76,3.86,100400
SA,20260216,7.1,7.2,7.1,7.2,41500
SAAM,20260216,4.78,4.84,4.78,4.84,16900
SABINA,20260216,16.7,16.8,16.6,16.7,285500
SAF,20260216,0.34,0.35,0.34,0.35,53100
SAFE,20260216,6.4,6.6,6.35,6.5,291200
SAK,20260216,3.46,3.52,3.46,3.52,1043700
SALEE,20260216,0.38,0.4,0.38,0.4,208200
SAM,20260216,0.16,0.16,0.15,0.15,24800
SAMART,20260216,6.55,6.55,6.45,6.45,460900
SAMCO,20260216,0.7,0.73,0.7,0.7,55200
SAMTEL,20260216,4.06,4.06,4.02,4.04,5900
SANKO,20260216,0.9,0.92,0.89,0.92,648600
SAPPE,20260216,35.25,35.5,34.5,35,211200
SAT,20260216,15.3,15.4,15.3,15.3,947600
SAUCE,20260216,40.75,40.75,40.25,40.25,5100
SAV,20260216,12.5,12.5,12.2,12.4,273500
SAWAD,20260216,28.5,29.25,28.5,28.5,7374000
SC,20260216,1.9,1.95,1.9,1.95,25193100
SCAP,20260216,1.14,1.14,1.12,1.12,4059000
SCB,20260216,142,142.5,141,142,7369900
SCC,20260216,221,222,216,219,2768100
SCCC,20260216,146.5,147.5,146,146.5,122700
SCG,20260216,2.54,2.54,2.5,2.5,17300
SCGD,20260216,5.2,5.25,5.15,5.15,526500
SCGP,20260216,20.8,20.8,20.3,20.6,8141300
SCI,20260216,1,1,0.93,0.97,98300
SCL,20260216,1.3,1.33,1.3,1.32,129100
SCM,20260216,0.14,0.14,0.13,0.13,789900
SCN,20260216,0.36,0.37,0.35,0.36,348600
SCP,20260216,9,9.05,9,9.05,74500
SDC,20260216,0.03,0.04,0.03,0.03,488100
SE,20260216,0.48,0.48,0.47,0.47,489700
SE-ED,20260216,1.71,1.71,1.66,1.66,700
SEAFCO,20260216,2.28,2.32,2.26,2.26,499400
SEAOIL,20260216,3.4,3.66,3.4,3.66,1814600
SECURE,20260216,13.2,13.3,13.1,13.3,177300
SEI,20260216,2.42,2.54,2.42,2.5,2324200
SELIC,20260216,2.66,2.66,2.58,2.58,1600
SENA,20260216,1.76,1.77,1.75,1.77,274400
SENX,20260216,0.24,0.24,0.23,0.24,145600
SFLEX,20260216,3.38,3.44,3.38,3.38,766400
SFT,20260216,1.95,1.96,1.86,1.88,100900
SGC,20260216,1,1.01,0.98,0.99,9697200
SGF,20260216,0.18,0.18,0.17,0.17,430400
SGP,20260216,7.5,7.55,7.45,7.55,129100
SHANG,20260216,50.75,51.25,50.75,51.25,400
SHR,20260216,1.81,1.83,1.78,1.79,1992300
SIAM,20260216,0.72,0.72,0.7,0.71,10800
SICT,20260216,2.46,2.48,2.42,2.44,426100
SIMAT,20260216,1.37,1.37,1.34,1.34,1959800
SINGER,20260216,5.8,5.9,5.6,5.7,6285100
SINO,20260216,0.93,0.94,0.93,0.93,117200
SIRI,20260216,1.46,1.49,1.46,1.46,52875000
SIRIPRT,20260216,7.35,7.35,7.35,7.35,500
SIS,20260216,21.7,22,21.4,21.9,903800
SISB,20260216,11.9,12.1,11.7,11.7,5202300
SITHAI,20260216,1.04,1.05,1.03,1.04,184600
SJWD,20260216,8.3,8.45,8.2,8.45,3989700
SK,20260216,0.56,0.56,0.55,0.55,3300
SKE,20260216,0.14,0.15,0.14,0.14,86300
SKIN,20260216,1.31,1.35,1.28,1.35,2627600
SKN,20260216,6.4,6.4,6.4,6.4,7900
SKR,20260216,6.95,6.95,6.8,6.8,896600
SKY,20260216,13.7,14.1,13.5,13.7,2433300
SLP,20260216,0.37,0.4,0.37,0.39,75800
SMART,20260216,0.55,0.56,0.54,0.54,500800
SMD100,20260216,2.02,2.02,1.98,2,679100
SMIT,20260216,3.6,3.62,3.58,3.6,70500
SMO,20260216,3.62,3.86,3.62,3.82,7890300
SMPC,20260216,9.15,9.25,9.05,9.25,382700
SMT,20260216,1.23,1.24,1.2,1.2,365900
SNC,20260216,6.55,7,6.55,7,396300
SNNP,20260216,7.85,7.95,7.75,7.8,1256400
SNP,20260216,9.6,9.6,9.5,9.55,52100
SNPS,20260216,4.66,4.68,4.66,4.66,14800
SO,20260216,4.16,4.18,4.16,4.18,14200
SOLAR,20260216,0.19,0.2,0.18,0.2,601900
SONIC,20260216,1.5,1.5,1.49,1.5,107000
SORKON,20260216,3.66,3.66,3.56,3.6,104700
SPA,20260216,3.76,3.84,3.64,3.68,1734000
SPACK,20260216,1.18,1.18,1.18,1.18,100
SPALI,20260216,18.5,18.8,18.3,18.3,2275400
SPC,20260216,57.25,57.25,57,57,12500
SPCG,20260216,10.1,10.2,10,10.2,430400
SPG,20260216,12.7,12.8,12.7,12.7,1300
SPI,20260216,42.75,44,42.5,42.5,23200
SPRC,20260216,7.4,7.6,7.2,7.5,25999100
SPREME,20260216,1.61,1.63,1.6,1.6,526100
SPRIME,20260216,3.62,3.62,3.56,3.58,103700
SPTX,20260216,0.01,0.01,0.01,0.01,43601900
SPVI,20260216,2.7,2.74,2.56,2.56,3310800
SQ,20260216,0.3,0.32,0.29,0.32,214000
SR,20260216,0.31,0.31,0.3,0.3,11100
SRICHA,20260216,11.3,11.7,11.2,11.5,348000
SRIPANWA,20260216,5.05,5.1,5,5.05,34200
SRS,20260216,1.57,1.58,1.53,1.56,24000
SSF,20260216,4.98,4.98,4.96,4.96,15600
SSP,20260216,3.24,3.28,3.22,3.24,1452300
SSPF,20260216,3.22,3.4,3.18,3.18,9100
SSSC,20260216,2.14,2.16,2.14,2.14,10400
SST,20260216,1.4,1.42,1.36,1.36,11900
SSTRT,20260216,4.46,4.48,4.46,4.48,204700
STA,20260216,13.7,14.7,13.7,14.5,24342800
STANLY,20260216,197.5,199.5,197.5,199,21400
STARM,20260216,0.97,0.99,0.97,0.99,6600
STC,20260216,0.32,0.32,0.31,0.31,1400
STECH,20260216,1.05,1.05,1.01,1.02,65500
STECON,20260216,10.3,10.4,10.2,10.3,14249000
STELLA,20260216,0.19,0.21,0.19,0.2,17595200
STGT,20260216,9.15,9.35,9.15,9.15,7028400
STI,20260216,1.72,1.74,1.71,1.74,11300
STOWER,20260216,0.04,0.05,0.04,0.05,1440800
STP,20260216,10.4,10.4,10.4,10.4,10300
STPI,20260216,4.8,4.82,4.66,4.66,8000700
STX,20260216,1.1,1.12,1.09,1.12,915000
SUC,20260216,28.5,28.75,28,28.5,113900
SUN,20260216,3.04,3.06,3,3.02,490300
SUPER,20260216,0.12,0.13,0.11,0.12,95620500
SUPEREIF,20260216,5.8,5.8,5.75,5.8,31000
SUSCO,20260216,2.3,2.32,2.28,2.32,1093500
SUTHA,20260216,2.56,2.56,2.56,2.56,2700
SVI,20260216,7.35,7.35,7.35,7.35,765400
SVOA,20260216,1.44,1.45,1.42,1.43,378100
SVR,20260216,0.3,0.3,0.3,0.3,103400
SVT,20260216,1.35,1.36,1.34,1.35,232800
SWC,20260216,4.14,4.2,4.14,4.16,58600
SYMC,20260216,3.9,4,3.9,3.96,61800
SYNEX,20260216,10.9,11,10.8,10.8,839400
SYNTEC,20260216,1.71,1.72,1.7,1.71,352000
TACC,20260216,5.7,5.8,5.7,5.75,1294500
TAE,20260216,0.54,0.54,0.52,0.53,201100
TAKUNI,20260216,0.39,0.39,0.38,0.38,987800
TAN,20260216,3.8,3.9,3.8,3.82,16800
TASCO,20260216,14.6,14.7,14.4,14.4,5226100
TATG,20260216,1,1.02,0.99,1,654700
TBN,20260216,3.8,3.9,3.64,3.88,37000
TC,20260216,5.1,5.15,5.1,5.1,23400
TCAP,20260216,57,58,57,58,2385500
TCC,20260216,0.27,0.27,0.26,0.27,138800
TCJ,20260216,2.34,2.34,2.3,2.32,5000
TCMC,20260216,0.35,0.35,0.35,0.35,253000
TCOAT,20260216,27.75,28,27,27,400
TEAM,20260216,2.42,2.48,2.42,2.46,76500
TEAMG,20260216,3.34,3.36,3.28,3.32,2459100
TEGH,20260216,3.22,3.28,3.2,3.26,757400
TEKA,20260216,1.79,1.81,1.78,1.8,137900
TERA,20260216,1.02,1.02,0.97,0.98,108700
TFFIF,20260216,6.8,6.85,6.75,6.8,2212200
TFG,20260216,5.25,5.35,5.25,5.35,19396300
TFI,20260216,0.05,0.05,0.05,0.05,10300
TFM,20260216,6.55,6.6,6.5,6.55,2104000
TFMAMA,20260216,189.5,190,189.5,189.5,4600
TGE,20260216,1.38,1.38,1.35,1.36,17300
TGPRO,20260216,0.05,0.05,0.04,0.05,21500
TH,20260216,0.46,0.49,0.45,0.48,5292900
THAI,20260216,6.9,6.9,6.7,6.75,31649900
THANA,20260216,1.64,1.64,1.52,1.54,2225600
THANI,20260216,1.94,1.94,1.88,1.91,9512400
THCOM,20260216,11.1,11.1,10.5,10.7,10106800
THE,20260216,0.76,0.8,0.76,0.79,68500
THG,20260216,9,9.2,9,9.2,1103800
THIP,20260216,22.9,22.9,22.9,22.9,42500
THMUI,20260216,0.31,0.31,0.29,0.29,6600
THRE,20260216,0.39,0.41,0.39,0.41,1200000
THREL,20260216,1.17,1.17,1.13,1.13,38700
TIDLOR,20260216,19.1,19.2,18.6,18.6,10894700
TIF1,20260216,7.45,7.45,7.35,7.35,13800
TIGER,20260216,0.26,0.28,0.24,0.26,77800
TIPCO,20260216,7.85,7.95,7.8,7.95,80300
TIPH,20260216,21,21.2,20.9,21.1,78500
TISCO,20260216,112.5,113,111.5,112,2261700
TITLE,20260216,7,7.1,7,7.05,216800
TK,20260216,4.3,4.72,4.28,4.48,109600
TKC,20260216,8.5,8.65,8.5,8.6,4800
TKN,20260216,4.42,4.44,4.32,4.36,1551900
TKS,20260216,6.55,6.65,6.5,6.65,72900
TKT,20260216,0.75,0.75,0.7,0.74,32700
TL,20260216,0.38,0.38,0.37,0.38,1979400
TLHPF,20260216,3.98,4,3.98,4,600
TLI,20260216,11.7,11.8,11.5,11.7,5831700
TM,20260216,0.93,0.98,0.93,0.97,685200
TMAN,20260216,12,12.1,11.9,12,386200
TMC,20260216,0.72,0.77,0.71,0.75,271000
TMD,20260216,26.25,26.75,26.25,26.75,1200
TMI,20260216,0.52,0.53,0.51,0.53,620100
TMILL,20260216,2.08,2.1,2.08,2.1,17900
TMT,20260216,2.78,2.78,2.74,2.76,54500
TMW,20260216,60.5,60.75,59.25,60,24000
TNDT,20260216,0.13,0.15,0.13,0.15,379600
TNH,20260216,32.25,32.25,32.25,32.25,3200
TNITY,20260216,2.74,2.76,2.74,2.74,10400
TNP,20260216,2.9,2.94,2.9,2.9,144200
TNPC,20260216,0.78,0.79,0.78,0.79,2600
TNR,20260216,5.5,5.55,5.45,5.5,193400
TOA,20260216,15.7,15.8,15.3,15.3,1603600
TOG,20260216,6.55,6.55,6.45,6.45,343100
TOP,20260216,51.75,52.5,51,51.5,9616100
TPA,20260216,2.6,2.6,2.6,2.6,100
TPAC,20260216,8.2,8.45,8.2,8.4,27100
TPBI,20260216,3.16,3.16,3.12,3.16,166000
TPCH,20260216,1.7,1.75,1.7,1.7,671000
TPIPL,20260216,0.77,0.79,0.76,0.78,17484900
TPIPP,20260216,1.94,1.94,1.91,1.93,2016800
TPL,20260216,0.5,0.5,0.49,0.5,267500
TPLAS,20260216,0.89,0.89,0.88,0.88,27200
TPOLY,20260216,0.23,0.24,0.22,0.23,728700
TPP,20260216,10.4,10.4,10.3,10.3,6000
TPS,20260216,3.54,3.62,3.54,3.62,100200
TQM,20260216,13,13.1,12.8,13,677800
TQR,20260216,5.05,5.1,5,5.1,45200
TRC,20260216,0.49,0.5,0.46,0.48,675100
TRITN,20260216,0.02,0.03,0.02,0.02,2234500
TRP,20260216,4.36,4.36,4.3,4.34,66900
TRT,20260216,3.82,3.98,3.82,3.96,246900
TRU,20260216,3.88,3.92,3.88,3.9,2600
TRUBB,20260216,0.71,0.78,0.71,0.75,7357400
TRUE,20260216,13.5,13.7,13.3,13.6,146271100
TRV,20260216,1.41,1.48,1.4,1.48,700
TSC,20260216,14.6,14.6,14.4,14.5,18400
TSE,20260216,0.47,0.48,0.46,0.46,877300
TSI,20260216,0.06,0.06,0.05,0.06,79200
TSR,20260216,0.14,0.14,0.13,0.13,698800
TSTE,20260216,10.2,10.2,10.2,10.2,100
TSTH,20260216,0.73,0.74,0.71,0.73,2265800
TTA,20260216,4.54,4.62,4.5,4.6,3781500
TTB,20260216,2.02,2.06,2.02,2.06,384381900
TTCL,20260216,0.15,0.16,0.15,0.15,478400
TTLPF,20260216,10,10,9.95,10,317800
TTT,20260216,46,46.75,46,46.75,400
TTW,20260216,9.3,9.35,9.25,9.3,2552700
TU,20260216,12.1,12.1,11.9,12,10582700
TU-PF,20260216,1.1,1.18,1.1,1.18,300
TURBO,20260216,1.56,1.59,1.56,1.57,14514200
TVDH,20260216,0.06,0.06,0.05,0.06,131300
TVH,20260216,9.15,9.2,9.1,9.2,18200
TVO,20260216,24.3,24.5,24.2,24.4,395300
TVT,20260216,0.25,0.26,0.25,0.26,66600
TWP,20260216,1.2,1.2,1.16,1.19,23900
TWPC,20260216,3.04,3.1,3.02,3.1,268200
TWZ,20260216,0.02,0.03,0.02,0.02,6406700
TYCN,20260216,1.68,1.68,1.68,1.68,8000
UAC,20260216,2.68,2.7,2.66,2.68,71300
UBA,20260216,1.01,1.01,1,1,263900
UBE,20260216,0.45,0.46,0.44,0.44,1862200
UBIS,20260216,0.89,0.9,0.89,0.89,248700
UEC,20260216,0.65,0.66,0.65,0.65,14800
UKEM,20260216,0.66,0.67,0.65,0.65,2604000
UMI,20260216,0.76,0.77,0.73,0.75,146000
UNIQ,20260216,2.96,2.98,2.96,2.96,461400
UP,20260216,21.3,21.4,21,21.4,3800
UPF,20260216,22.1,22.1,22,22,700
UPOIC,20260216,6.8,6.8,6.7,6.7,2000
UREKA,20260216,0.35,0.36,0.34,0.35,3610500
UTP,20260216,7.65,7.7,7.55,7.65,227400
UV,20260216,0.84,0.91,0.84,0.91,2883300
UVAN,20260216,13.1,13.2,13,13.2,236900
VARO,20260216,4.2,4.32,4.2,4.3,3800
VCOM,20260216,3.06,3.1,3.06,3.1,237300
VGI,20260216,1.36,1.37,1.26,1.27,375735300
VIBHA,20260216,1.4,1.44,1.39,1.41,3341900
VIH,20260216,8.9,8.95,8.8,8.85,231300
VL,20260216,0.8,0.81,0.8,0.81,50100
VNG,20260216,2.04,2.06,1.97,1.99,106600
VPO,20260216,0.45,0.46,0.44,0.44,1522400
VRANDA,20260216,4.52,4.52,4.44,4.44,7300
WARRIX,20260216,2,2.04,1.97,2,628600
WASH,20260216,4.82,5.05,4.78,4.88,2115400
WAVE,20260216,0.02,0.03,0.02,0.02,1081800
WFX,20260216,0.7,0.73,0.7,0.71,393900
WGE,20260216,0.82,0.85,0.82,0.85,3000
WHA,20260216,4.2,4.3,4.16,4.16,161988100
WHABT,20260216,5.95,5.95,5.85,5.9,1042100
WHAIR,20260216,6.55,6.6,6.55,6.6,774000
WHART,20260216,11,11,10.9,11,1214500
WHAUP,20260216,4.92,4.96,4.86,4.9,4092700
WICE,20260216,2.48,2.52,2.48,2.52,1084100
WIIK,20260216,0.86,0.87,0.86,0.86,413500
WIN,20260216,0.31,0.31,0.3,0.31,942400
WINDOW,20260216,0.74,0.76,0.74,0.76,91000
WINMED,20260216,0.88,0.91,0.88,0.9,59200
WINNER,20260216,2.2,2.22,2.18,2.2,212700
WORK,20260216,3.62,3.62,3.52,3.6,379800
WP,20260216,3.78,3.8,3.78,3.78,41600
WPH,20260216,6.85,6.9,6.8,6.85,474500
WSOL,20260216,0.2,0.22,0.2,0.21,4399700
XBIO,20260216,0.07,0.08,0.06,0.07,15698200
XO,20260216,15,15.4,14.9,15.2,705800
XPG,20260216,0.51,0.53,0.51,0.51,18559300
XYZ,20260216,0.41,0.43,0.41,0.42,52100
YGG,20260216,0.27,0.27,0.26,0.27,1859900
YONG,20260216,0.73,0.75,0.73,0.73,230000
YUASA,20260216,14,14.5,14,14.4,174600
ZAA,20260216,1.85,1.9,1.78,1.88,10400
ZEN,20260216,5.9,5.9,5.8,5.9,11800
ZIGA,20260216,1.02,1.03,1,1.02,1138200
3BBIF-O,20260216,6.5,6.55,6.5,6.55,1301
88TH-O,20260216,4.72,4.94,4.72,4.9,209
AAI-O,20260216,4.58,4.62,4.56,4.56,194
AAV-O,20260216,1.3,1.3,1.28,1.3,312
ABM-O,20260216,0.44,0.6,0.44,0.6,43
ACC-O,20260216,0.45,0.45,0.45,0.45,6
ACE-O,20260216,1.3,1.3,1.29,1.3,108
ACG-O,20260216,0.64,0.64,0.64,0.64,1
ADB-O,20260216,0.58,0.6,0.58,0.6,26
ADD-O,20260216,4.06,4.06,4.06,4.06,1
ADVANC-O,20260216,392,393,389,391,3039
ADVICE-O,20260216,5.9,6.1,5.9,5.95,264
AE-O,20260216,0.08,0.09,0.07,0.08,31
AEONTS-O,20260216,100,100,99,99,297
AGE-O,20260216,1.38,1.38,1.38,1.38,59
AH-O,20260216,14.1,14.3,14.1,14.3,16
AHC-O,20260216,13.4,13.7,10,10,58
AI-O,20260216,3.08,3.12,3.08,3.12,82
AIE-O,20260216,1.08,1.09,1.08,1.08,171
AIMCG-O,20260216,1.63,1.63,1.63,1.63,3
AIMIRT-O,20260216,11,11,11,11,14
AIT-O,20260216,5.1,5.15,5.1,5.15,71
AJA-O,20260216,0.17,0.17,0.17,0.17,2
AKP-O,20260216,0.71,0.71,0.71,0.71,100
AKR-O,20260216,0.61,0.88,0.61,0.88,79
AKS-O,20260216,0.01,0.02,0.01,0.02,294
ALLY-O,20260216,4.52,4.52,4.52,4.52,92
ALPHAX-O,20260216,0.5,0.5,0.5,0.5,2
ALT-O,20260216,1.19,1.19,1.19,1.19,41
AMA-O,20260216,4.22,4.22,4.2,4.22,46
AMANAH-O,20260216,0.79,0.8,0.78,0.78,96
AMARC-O,20260216,2.84,2.84,2.78,2.78,95
AMARIN-O,20260216,2.3,2.6,2.3,2.6,52
AMATA-O,20260216,18.2,18.7,18.1,18.2,1140
AMATAR-O,20260216,6.75,6.75,6.75,6.75,2
AMATAV-O,20260216,1.89,1.89,1.87,1.87,84
AMR-O,20260216,0.41,0.41,0.41,0.41,4
ANAN-O,20260216,0.43,0.45,0.4,0.45,517
AOT-O,20260216,58,58.25,56.25,56.5,5022
AP-O,20260216,9.25,9.4,9.25,9.3,602
APCO-O,20260216,2.86,2.88,2.8,2.88,89
APO-O,20260216,1.94,1.99,1.94,1.99,26
APP-O,20260216,2.78,2.78,2.78,2.78,6
APURE-O,20260216,2.06,2.06,2.04,2.06,28
AQUA-O,20260216,0.16,0.16,0.14,0.14,133
ARIN-O,20260216,0.66,0.66,0.65,0.65,6
ARIP-O,20260216,0.46,0.46,0.46,0.46,2
ARROW-O,20260216,5.15,5.15,5.15,5.15,2
AS-O,20260216,3,3.02,3,3.02,15
ASEFA-O,20260216,3.52,3.54,3.52,3.54,7
ASIAN-O,20260216,7.8,7.9,7.8,7.9,157
ASIMAR-O,20260216,1.63,1.63,1.63,1.63,2
ASK-O,20260216,8.9,11.5,8.9,11.5,164
ASP-O,20260216,2.16,2.2,2.16,2.2,192
ASW-O,20260216,7.1,7.1,6.9,6.95,62
ATLAS-O,20260216,1.89,1.89,1.87,1.87,32
ATP30-O,20260216,0.92,0.92,0.92,0.92,2
AU-O,20260216,5.25,5.4,5.25,5.4,139
AUCT-O,20260216,5.3,5.4,5.3,5.4,102
AURA-O,20260216,13.4,13.5,13.3,13.5,326
AWC-O,20260216,2.5,2.56,2.5,2.54,465
AXTRART-O,20260216,13,13,13,13,22
AYUD-O,20260216,38.5,38.5,38.5,38.5,19
B-O,20260216,0.04,0.04,0.03,0.04,298
B-WORK-O,20260216,5.3,5.35,5.3,5.35,17
B52-O,20260216,0.3,0.3,0.3,0.3,2
BA-O,20260216,17.2,17.6,17.2,17.6,774
BAFS-O,20260216,9.35,9.5,9.35,9.4,151
BAM-O,20260216,7.7,7.75,7.65,7.7,1458
BANPU-O,20260216,5.75,5.8,5.7,5.7,1241
BAREIT-O,20260216,10.6,11,10.6,11,59
BAY-O,20260216,25.75,25.75,25.5,25.75,140
BBGI-O,20260216,3.14,3.14,2.92,2.92,131
BBIK-O,20260216,18.6,18.8,18.3,18.5,157
BBL-O,20260216,163.5,164.5,163.5,164,1464
BC-O,20260216,0.76,0.76,0.76,0.76,4
BCH-O,20260216,7.5,10.8,7.5,10.7,634
BCP-O,20260216,36,36.5,35.25,36.25,1978
BCPG-O,20260216,8.1,8.1,8,8.05,1199
BDMS-O,20260216,21.6,21.8,21.5,21.7,5680
BE8-O,20260216,5.45,5.65,5.45,5.65,36
BEAUTY-O,20260216,0.39,0.4,0.39,0.39,31
BEC-O,20260216,1.93,1.95,1.8,1.9,487
BEM-O,20260216,5.55,5.6,5.5,5.6,1327
BGC-O,20260216,4.32,4.32,4.26,4.28,44
BGRIM-O,20260216,15.3,15.4,15.1,15.1,879
BH-O,20260216,186.5,189.5,186,188.5,1389
BIOTEC-O,20260216,0.17,0.18,0.17,0.17,7
BIS-O,20260216,1.95,1.96,1.95,1.96,2
BIZ-O,20260216,4.36,4.36,4.32,4.34,44
BJC-O,20260216,16.3,16.3,15.9,16.1,548
BJCHI-O,20260216,0.58,0.58,0.58,0.58,12
BKA-O,20260216,1,1,0.97,0.97,182
BKD-O,20260216,1.1,1.1,1.1,1.1,3
BKGI-O,20260216,1.32,1.32,1.32,1.32,5
BKIH-O,20260216,306,306,305,305,26
BLA-O,20260216,21.6,21.6,21.3,21.4,161
BLAND-O,20260216,0.47,0.48,0.46,0.48,85
BLC-O,20260216,4.2,4.2,4.16,4.16,29
BM-O,20260216,1.06,1.06,1.06,1.06,5
BOFFICE-O,20260216,5.35,5.4,5.35,5.4,104
BOL-O,20260216,5.55,5.65,5.35,5.45,53
BPP-O,20260216,8.5,12.2,8.5,11.9,91
BPS-O,20260216,0.29,0.29,0.29,0.29,29
BR-O,20260216,1.7,1.7,1.7,1.7,10
BRI-O,20260216,1.51,1.51,1.49,1.5,87
BROCK-O,20260216,1.26,1.39,1.26,1.26,33
BRRGIF-O,20260216,3.82,3.82,3.82,3.82,26
BSM-O,20260216,0.48,0.48,0.48,0.48,5
BTC-O,20260216,0.24,0.25,0.24,0.24,464
BTG-O,20260216,17.8,17.8,17.6,17.8,376
BTNC-O,20260216,20.3,20.3,20.3,20.3,1
BTS-O,20260216,2.68,2.68,2.52,2.54,4757
BTSGIF-O,20260216,2.66,2.66,2.66,2.66,37
BTW-O,20260216,0.11,0.11,0.11,0.11,5
BUI-O,20260216,12.2,12.2,12.2,12.2,11
BWG-O,20260216,0.29,0.29,0.29,0.29,2
BYD-O,20260216,0.62,0.68,0.62,0.68,323
CAZ-O,20260216,1.52,1.52,1.51,1.51,3
CBG-O,20260216,47.5,47.5,46.25,46.25,741
CCET-O,20260216,5.05,5.15,5,5,902
CCP-O,20260216,0.27,0.27,0.27,0.27,2
CEN-O,20260216,0.76,0.76,0.76,0.76,10
CENTEL-O,20260216,38.25,38.5,38,38.25,361
CFARM-O,20260216,0.84,0.84,0.84,0.84,10
CFRESH-O,20260216,0.73,0.73,0.73,0.73,43
CGD-O,20260216,0.12,0.12,0.11,0.11,10
CHAO-O,20260216,4.6,4.64,4.6,4.62,49
CHASE-O,20260216,0.55,0.55,0.55,0.55,2
CHAYO-O,20260216,1.41,1.44,1.4,1.41,208
CHEWA-O,20260216,0.18,0.19,0.18,0.18,124
CHG-O,20260216,1.65,1.68,1.65,1.66,512
CHO-O,20260216,0.05,0.06,0.05,0.05,391
CHOW-O,20260216,1.32,1.32,1.32,1.32,5
CIG-O,20260216,0.02,0.04,0.02,0.04,31
CITY-O,20260216,1.49,1.49,1.49,1.49,2
CIVIL-O,20260216,0.75,0.88,0.75,0.88,31
CK-O,20260216,15.1,15.1,14.6,14.8,406
CKP-O,20260216,2.54,2.54,2.5,2.52,138
CM-O,20260216,1.64,1.64,1.64,1.64,2
CMC-O,20260216,0.48,0.48,0.45,0.45,62
CMO-O,20260216,0.29,0.4,0.29,0.4,31
CMR-O,20260216,1.41,1.41,1.4,1.4,75
CNT-O,20260216,1.08,1.08,1.08,1.08,1
COCOCO-O,20260216,6,6,5.85,5.95,68
COM7-O,20260216,24.6,24.7,24.3,24.5,809
COMAN-O,20260216,0.41,0.41,0.41,0.41,2
CPALL-O,20260216,49.25,49.5,48.5,49,6456
CPANEL-O,20260216,1.94,1.94,1.92,1.94,15
CPAXT-O,20260216,16.5,16.8,16.4,16.7,3627
CPF-O,20260216,21.3,21.3,21.1,21.2,1936
CPH-O,20260216,8.95,9,8.95,9,10
CPI-O,20260216,3.4,3.5,3.4,3.5,122
CPL-O,20260216,0.69,0.69,0.69,0.69,2
CPN-O,20260216,63.25,64.75,62.25,63,945
CPNREIT-O,20260216,11.5,11.5,11.4,11.5,166
CPR-O,20260216,2.8,2.8,2.8,2.8,15
CPTREIT-O,20260216,5.65,5.65,5.65,5.65,4
CPW-O,20260216,2.14,2.16,2.14,2.14,11
CRANE-O,20260216,0.49,0.49,0.49,0.49,2
CRC-O,20260216,21.8,21.8,21.1,21.2,1170
CREDIT-O,20260216,17,17.2,17,17.1,78
CWT-O,20260216,1,1.05,0.97,0.97,165
DCC-O,20260216,1.27,1.27,1.23,1.25,436
DDD-O,20260216,5.75,5.75,5.75,5.75,2
DELTA-O,20260216,221,224,219,221,4881
DEMCO-O,20260216,2.52,2.52,2.52,2.52,2
DEXON-O,20260216,1.08,1.08,1.08,1.08,2
DIF-O,20260216,9.4,9.5,9.35,9.45,1768
DIMET-O,20260216,0.05,0.05,0.05,0.05,77
DITTO-O,20260216,13.4,13.4,13.1,13.2,440
DMT-O,20260216,11.1,11.3,11.1,11.2,310
DOD-O,20260216,1.87,1.87,1.83,1.85,188
DOHOME-O,20260216,3.96,3.96,3.88,3.88,782
DPAINT-O,20260216,0.61,0.69,0.61,0.69,61
DREIT-O,20260216,5,5,5,5,13
DRT-O,20260216,5.35,5.35,5.15,5.35,114
DTCENT-O,20260216,0.88,0.88,0.87,0.88,181
DUSIT-O,20260216,12.1,12.3,12,12.3,147
DV8-O,20260216,4.6,4.6,4.5,4.5,52
EA-O,20260216,3.24,3.28,3.2,3.22,1360
EASON-O,20260216,1.07,1.07,1.05,1.05,42
EAST-O,20260216,0.69,0.69,0.69,0.69,2
EASTW-O,20260216,2.14,2.2,2.14,2.2,24
ECF-O,20260216,0.06,0.07,0.06,0.07,182
EFORL-O,20260216,0.1,0.14,0.1,0.14,119
EGATIF-O,20260216,6.3,6.3,6.25,6.25,87
EGCO-O,20260216,124.5,124.5,122,123,807
EKH-O,20260216,5,5.1,5,5.05,288
EMC-O,20260216,0.01,0.02,0.01,0.02,256
EMPIRE-O,20260216,0.79,0.89,0.79,0.79,383
EP-O,20260216,1.19,1.2,1.17,1.17,13
EPG-O,20260216,3.84,3.84,3.7,3.7,179
ERW-O,20260216,3.18,3.18,3,3.1,593
ESTAR-O,20260216,0.21,0.21,0.21,0.21,11
ETC-O,20260216,0.64,0.64,0.58,0.61,78
ETE-O,20260216,0.62,0.62,0.62,0.62,2
ETL-O,20260216,0.53,0.53,0.53,0.53,2
EURO-O,20260216,4.5,4.54,4.5,4.54,2
EVER-O,20260216,0.07,0.07,0.07,0.07,20
FLOYD-O,20260216,1.27,1.27,1.26,1.26,88
FM-O,20260216,3.9,3.9,3.88,3.88,101
FMT-O,20260216,23.5,23.5,23.5,23.5,11
FN-O,20260216,0.45,0.45,0.45,0.45,2
FNS-O,20260216,0.71,0.71,0.71,0.71,2
FORTH-O,20260216,7.85,8.1,7.85,7.95,144
FPI-O,20260216,1.82,1.82,1.82,1.82,1
FPT-O,20260216,6.55,6.55,6.55,6.55,1
FSMART-O,20260216,7.5,7.5,7.35,7.45,105
FSX-O,20260216,0.54,0.54,0.54,0.54,2
FTE-O,20260216,1.98,1.99,1.97,1.99,102
FTREIT-O,20260216,11.9,12.2,11.9,12.1,160
FUTURERT-O,20260216,9.15,9.15,9.15,9.15,19
GABLE-O,20260216,3.68,3.68,3.64,3.64,80
GAHREIT-O,20260216,4.22,4.22,2.96,2.96,13
GBX-O,20260216,0.5,0.55,0.4,0.4,193
GC-O,20260216,4.14,4.26,4.14,4.26,46
GCAP-O,20260216,0.3,0.3,0.3,0.3,10
GEL-O,20260216,0.03,0.03,0.03,0.03,1
GENCO-O,20260216,0.26,0.26,0.26,0.26,2
GFPT-O,20260216,9.95,9.95,9.7,9.7,277
GGC-O,20260216,2.92,3.02,2.92,2.92,5
GJS-O,20260216,0.1,0.1,0.1,0.1,2
GLOBAL-O,20260216,7.55,7.55,7.3,7.45,767
GPI-O,20260216,1.7,1.72,1.7,1.72,71
GPSC-O,20260216,43,44,43,43.25,754
GRAMMY-O,20260216,4.16,4.16,4.16,4.16,14
GRAND-O,20260216,0.04,0.04,0.03,0.03,297
GREEN-O,20260216,0.66,0.66,0.66,0.66,10
GTB-O,20260216,0.69,0.69,0.69,0.69,7
GULF-O,20260216,59.25,61,59.25,59.75,15334
GUNKUL-O,20260216,2.22,2.26,2.22,2.24,793
GVREIT-O,20260216,6.7,6.7,6.7,6.7,77
GYT-O,20260216,218,222,216,222,3
HANA-O,20260216,17.3,17.5,17.3,17.3,690
HANN-O,20260216,1.07,1.09,1.04,1.08,421
HARN-O,20260216,1.98,1.98,1.97,1.97,52
HEALTH-O,20260216,0.42,0.42,0.42,0.42,2
HENG-O,20260216,0.99,1.01,0.99,1.01,118
HL-O,20260216,7.25,7.25,7.25,7.25,16
HMPRO-O,20260216,7.1,7.1,6.85,6.95,2640
HPF-O,20260216,5.5,5.5,5.5,5.5,9
HPT-O,20260216,0.35,0.35,0.35,0.35,2
HTC-O,20260216,15.7,16,15.6,15.9,353
HUMAN-O,20260216,5.3,5.3,5.3,5.3,2
HYDRO-O,20260216,2.66,2.7,2.66,2.7,39
I2-O,20260216,0.58,0.79,0.58,0.79,3
ICHI-O,20260216,14.6,14.8,14.5,14.8,1217
ICN-O,20260216,1.84,1.86,1.81,1.86,148
IDG-O,20260216,1.76,2.2,1.76,2.2,16
IFS-O,20260216,2.2,2.2,2.2,2.2,12
IHL-O,20260216,1.6,1.6,1.6,1.6,2
IIG-O,20260216,1.71,1.71,1.71,1.71,1
III-O,20260216,3.5,4.12,2.9,4.1,82
IMH-O,20260216,3.04,3.04,3.02,3.04,109
IMPACT-O,20260216,10.9,11.3,10.6,11.2,94
IND-O,20260216,1.19,1.2,1.18,1.19,8
INET-O,20260216,3.9,3.9,3.86,3.88,156
INETREIT-O,20260216,12.3,12.3,12.2,12.3,1030
INOX-O,20260216,0.42,0.42,0.39,0.41,153
INSET-O,20260216,2.64,2.68,2.56,2.62,286
IP-O,20260216,4.48,4.48,4.36,4.36,145
IRC-O,20260216,11.7,11.7,11.7,11.7,162
IRCP-O,20260216,0.27,0.27,0.25,0.25,77
IRPC-O,20260216,1.31,1.31,1.28,1.3,386
IT-O,20260216,3.9,3.9,3.84,3.84,7
ITC-O,20260216,17.1,17.3,17,17.2,385
ITD-O,20260216,0.25,0.25,0.22,0.24,199
ITEL-O,20260216,0.96,1.42,0.96,1.42,23
ITNS-O,20260216,1.7,1.7,1.7,1.7,1
ITTHI-O,20260216,1.3,1.31,1.3,1.31,20
IVF-O,20260216,0.85,0.85,0.85,0.85,6
IVL-O,20260216,22.6,23.1,22.5,22.9,450
J-O,20260216,0.71,0.71,0.7,0.7,3
JAS-O,20260216,1.45,1.45,1.42,1.44,269
JCK-O,20260216,0.16,0.16,0.15,0.15,14
JDF-O,20260216,1.98,2,1.95,1.99,15
JMART-O,20260216,8.5,8.5,7.95,7.95,625
JMT-O,20260216,10.7,10.9,10.5,10.9,442
JPARK-O,20260216,3.1,3.14,3.1,3.1,298
JR-O,20260216,1.73,1.73,1.73,1.73,2
JSP-O,20260216,1.97,1.97,1.9,1.9,4
JTS-O,20260216,63.5,66,63,63.5,595
JUBILE-O,20260216,7,7.1,7,7.1,10
KAMART-O,20260216,9.4,9.45,9.35,9.35,252
KASET-O,20260216,0.66,0.71,0.66,0.71,13
KBANK-O,20260216,199,201,198,199,3765
KBS-O,20260216,6.05,6.15,6.05,6.15,103
KBSPIF-O,20260216,8.35,8.35,8.3,8.3,95
KC-O,20260216,0.01,0.02,0.01,0.02,265
KCC-O,20260216,2.14,2.14,2.14,2.14,2
KCE-O,20260216,19.1,19.2,18.8,18.9,801
KCG-O,20260216,9.25,9.25,9.25,9.25,16
KGEN-O,20260216,1.29,1.29,1.29,1.29,2
KGI-O,20260216,4.34,4.5,4.34,4.5,414
KIAT-O,20260216,0.34,0.35,0.34,0.35,7
KISS-O,20260216,3.24,3.34,3.2,3.32,84
KK-O,20260216,0.97,0.97,0.95,0.95,13
KKP-O,20260216,71.5,73,71,72,2828
KLINIQ-O,20260216,24.2,24.4,24,24.3,114
KSL-O,20260216,1.29,1.35,1.29,1.34,91
KTB-O,20260216,30.5,31,30.5,30.75,3209
KTC-O,20260216,31,33.25,31,33,3496
KTMS-O,20260216,1.98,1.98,1.98,1.98,2
KUN-O,20260216,0.65,0.77,0.65,0.77,231
KWM-O,20260216,0.94,0.94,0.94,0.94,2
KYE-O,20260216,287,294,287,294,7
L&E-O,20260216,1.06,1.06,1.04,1.04,15
LALIN-O,20260216,4.76,4.8,4.76,4.8,88
LANNA-O,20260216,15.8,15.9,15.7,15.8,190
LDC-O,20260216,0.3,0.3,0.3,0.3,1
LEE-O,20260216,2.74,2.74,2.72,2.74,13
LEO-O,20260216,1.34,1.93,1.34,1.92,44
LH-O,20260216,4.4,4.46,4.38,4.4,2183
LHFG-O,20260216,0.99,0.99,0.97,0.97,141
LHHOTEL-O,20260216,13.6,13.6,13.5,13.5,48
LHK-O,20260216,3.4,3.42,3.38,3.38,159
LHSC-O,20260216,13.5,13.5,13.5,13.5,60
LIT-O,20260216,0.68,0.73,0.68,0.73,15
LOXLEY-O,20260216,1.29,1.3,1.29,1.3,37
LPH-O,20260216,3.66,3.66,3.66,3.66,2
LPN-O,20260216,1.59,1.59,1.57,1.58,177
LTMH-O,20260216,4.4,4.4,4.4,4.4,7
LTS-O,20260216,3.16,3.16,3.04,3.04,515
M-CHAI-O,20260216,22,22,22,22,5
M-O,20260216,20.2,20.5,20.2,20.2,495
M-STOR-O,20260216,7.05,7.05,7.05,7.05,20
MADAME-O,20260216,0.54,0.62,0.54,0.62,120
MAGURO-O,20260216,22.9,23.5,22.9,23,72
MAJOR-O,20260216,7.4,7.4,7.3,7.35,114
MALEE-O,20260216,4.04,4.26,4.04,4.16,114
MASTER-O,20260216,10.3,10.3,10,10,319
MBAX-O,20260216,2,2.08,1.9,2.08,96
MBK-O,20260216,18.9,19,18.8,19,49
MC-O,20260216,12.3,12.4,12.1,12.3,381
MCOT-O,20260216,4.88,4.88,4.7,4.7,114
MCS-O,20260216,8.9,9.05,8.9,9,155
MDX-O,20260216,2.6,2.6,2.6,2.6,1
MEDEZE-O,20260216,4.82,7.3,4.82,7.25,267
MEGA-O,20260216,39.25,39.25,38.25,38.5,487
MENA-O,20260216,0.8,0.81,0.8,0.81,12
META-O,20260216,0.03,0.03,0.03,0.03,58
METCO-O,20260216,274,274,272,272,60
MFC-O,20260216,17.1,24.1,17.1,24.1,23
MFEC-O,20260216,5.55,5.55,5.4,5.4,53
MGC-O,20260216,4.48,4.48,4.48,4.48,20
MGI-O,20260216,6.05,6.05,5.95,6,22
MGT-O,20260216,1.77,2.12,1.77,2,235
MICRO-O,20260216,0.87,0.91,0.87,0.91,2
MIDA-O,20260216,0.19,0.3,0.19,0.3,11
MILL-O,20260216,0.06,0.06,0.05,0.05,424
MINT-O,20260216,26.5,26.75,26,26.5,1439
MJLF-O,20260216,5.25,5.3,5.25,5.3,35
MK-O,20260216,0.55,0.55,0.53,0.54,170
ML-O,20260216,0.47,0.47,0.47,0.47,50
MMM-O,20260216,3.4,3.5,3.34,3.42,539
MONO-O,20260216,1.17,1.17,1.16,1.16,41
MOONG-O,20260216,2.16,2.16,2.12,2.12,40
MORE-O,20260216,0.03,0.03,0.03,0.03,70
MOSHI-O,20260216,37,37.25,37,37.25,167
MPJ-O,20260216,5.1,5.1,5.1,5.1,65
MRDIYT-O,20260216,9.05,9.35,9.05,9.25,278
MSC-O,20260216,7.8,7.8,7.8,7.8,77
MTC-O,20260216,39,40,39,39,580
MTI-O,20260216,15.6,15.7,15.5,15.7,103
MVP-O,20260216,0.09,0.09,0.09,0.09,29
NATION-O,20260216,0.04,0.04,0.04,0.04,22
NC-O,20260216,2.18,2.18,2.18,2.18,74
NCAP-O,20260216,3.04,3.04,3.04,3.04,2
NCL-O,20260216,0.22,0.22,0.22,0.22,6
NEO-O,20260216,21.2,21.6,21.2,21.6,93
NER-O,20260216,5.1,5.15,5.1,5.15,340
NETBAY-O,20260216,22.9,23.6,22.9,23.6,65
NEX-O,20260216,1.32,1.41,1.32,1.36,330
NKI-O,20260216,12.9,18.3,12.9,18.3,10
NNCL-O,20260216,1.62,1.62,1.62,1.62,50
NOBLE-O,20260216,2,2.44,2,2.38,1139
NOVA-O,20260216,5.7,8,5.7,8,41
NRF-O,20260216,0.22,0.22,0.22,0.22,60
NSL-O,20260216,23.9,24.1,23.9,23.9,145
NTF-O,20260216,6.15,6.15,6.15,6.15,1
NTSC-O,20260216,7.3,7.8,7.3,7.8,66
NTV-O,20260216,23.4,23.7,23.4,23.5,13
NV-O,20260216,0.51,0.51,0.49,0.5,93
NYT-O,20260216,3.28,3.3,3.28,3.3,73
OGC-O,20260216,11.8,11.8,11.8,11.8,10
OKJ-O,20260216,4.04,4.44,4.04,4.06,368
ONEE-O,20260216,2.36,2.38,2.36,2.38,188
ONSENS-O,20260216,1.15,1.16,1.15,1.16,41
OR-O,20260216,14.2,14.4,14.1,14.2,2106
ORI-O,20260216,2.08,2.08,2.02,2.04,149
OSP-O,20260216,18.4,18.5,18.2,18.3,582
PACO-O,20260216,1.24,1.24,1.24,1.24,12
PAF-O,20260216,0.72,0.72,0.72,0.72,11
PAP-O,20260216,2.08,2.08,2.08,2.08,61
PATO-O,20260216,7.25,7.25,7.2,7.2,72
PB-O,20260216,50.5,50.5,50,50,12
PCC-O,20260216,2.72,2.72,2.72,2.72,82
PCE-O,20260216,2.24,2.24,2.24,2.24,94
PCSGH-O,20260216,3.12,3.12,3.12,3.12,94
PDG-O,20260216,2.98,3,2.98,3,21
PDJ-O,20260216,0.79,1.15,0.79,1.15,140
PEER-O,20260216,0.09,0.09,0.08,0.09,203
PF-O,20260216,0.06,0.06,0.05,0.05,401
PG-O,20260216,4.38,6.1,4.38,6.1,2
PHOL-O,20260216,2.98,2.98,2.98,2.98,50
PICO-O,20260216,4,4,4,4,28
PIMO-O,20260216,0.75,1.06,0.75,1.06,34
PIN-O,20260216,4.64,4.7,4.64,4.7,65
PIS-O,20260216,3.42,3.42,3.4,3.4,139
PJW-O,20260216,2.06,2.06,2.06,2.06,25
PLANB-O,20260216,4.5,4.56,4.44,4.54,450
PLANET-O,20260216,0.48,0.48,0.48,0.48,60
PLAT-O,20260216,1.15,1.15,1.15,1.15,9
PLE-O,20260216,0.17,0.18,0.17,0.17,150
PLUS-O,20260216,1.59,1.59,1.56,1.56,58
PM-O,20260216,12.6,12.6,12.5,12.5,131
PMC-O,20260216,0.87,0.87,0.86,0.86,99
POPF-O,20260216,6.8,6.9,6.8,6.9,4
PORT-O,20260216,0.55,0.55,0.55,0.55,40
PPPM-O,20260216,0.2,0.26,0.2,0.26,176
PPS-O,20260216,0.16,0.16,0.16,0.16,28
PR9-O,20260216,20.7,21,20.6,20.9,495
PRAPAT-O,20260216,0.8,0.8,0.8,0.8,1
PRM-O,20260216,7.5,7.6,7.45,7.6,298
PROEN-O,20260216,1.2,1.2,1.2,1.2,28
PROSPECT-O,20260216,6.95,6.95,6.95,6.95,75
PROUD-O,20260216,0.7,0.7,0.69,0.69,12
PSGC-O,20260216,2.38,2.4,1.68,2.38,251
PSH-O,20260216,3.78,4,3.78,3.82,118
PSL-O,20260216,6.6,6.85,6.6,6.8,235
PSTC-O,20260216,0.27,0.27,0.27,0.27,10
PT-O,20260216,12.7,12.8,12.6,12.8,238
PTC-O,20260216,0.61,0.61,0.59,0.59,31
PTG-O,20260216,9.25,9.3,9.2,9.2,791
PTL-O,20260216,8.35,8.35,8,8,22
PTT-O,20260216,36,36,35.5,35.5,5860
PTTEP-O,20260216,135.5,135.5,133,133.5,7369
PTTGC-O,20260216,26.5,26.75,26,26.5,1034
PYLON-O,20260216,2.86,2.88,2.86,2.86,6
Q-CON-O,20260216,7.1,7.15,7.1,7.1,107
QDC-O,20260216,0.08,0.09,0.08,0.09,58
QH-O,20260216,1.42,1.43,1.41,1.41,1744
QHBREIT-O,20260216,3.56,3.56,3.56,3.56,50
QHHRREIT-O,20260216,6.9,6.9,6.9,6.9,1
RABBIT-O,20260216,0.36,0.4,0.34,0.38,548
RAM-O,20260216,18.6,18.6,18.5,18.6,12
RATCH-O,20260216,31.25,31.5,31,31,709
RBF-O,20260216,3.66,3.66,3.64,3.66,75
RCL-O,20260216,28.75,28.75,28.5,28.75,450
RICHY-O,20260216,0.19,0.19,0.17,0.17,114
RJH-O,20260216,12.9,13.2,12.9,13.2,203
ROCTEC-O,20260216,0.63,0.67,0.63,0.66,108
ROJNA-O,20260216,5.2,5.2,4.2,5.2,174
RPC-O,20260216,0.35,0.35,0.3,0.3,2
RS-O,20260216,0.17,0.17,0.16,0.16,80
RT-O,20260216,0.27,0.27,0.25,0.25,13
RWI-O,20260216,0.2,0.2,0.2,0.2,6
S&J-O,20260216,34.75,34.75,34.75,34.75,2
S-O,20260216,0.53,0.53,0.53,0.53,10
S11-O,20260216,3.74,3.82,3.74,3.82,9
SA-O,20260216,7.1,7.1,7.1,7.1,21
SAAM-O,20260216,3.42,3.42,3.42,3.42,59
SABINA-O,20260216,16.8,16.8,16.6,16.7,172
SAF-O,20260216,0.25,0.25,0.25,0.25,66
SAK-O,20260216,3.48,3.5,3.48,3.5,70
SAMART-O,20260216,6.5,6.5,6.5,6.5,9
SAMCO-O,20260216,0.7,0.7,0.7,0.7,66
SANKO-O,20260216,0.91,0.91,0.91,0.91,10
SAPPE-O,20260216,35,35.5,34.5,35,246
SAT-O,20260216,15.1,15.4,15.1,15.4,261
SAUCE-O,20260216,40.75,40.75,40.5,40.5,190
SAV-O,20260216,12.3,12.5,12.3,12.5,22
SAWAD-O,20260216,28.75,29,28.5,28.5,719
SC-O,20260216,1.91,1.95,1.91,1.95,316
SCAP-O,20260216,1.14,1.14,1.13,1.13,37
SCB-O,20260216,142,142.5,141.5,142,7657
SCC-O,20260216,219,219,217,218,1744
SCCC-O,20260216,147,147.5,146.5,146.5,251
SCG-O,20260216,2.54,2.54,2.54,2.54,35
SCGD-O,20260216,5.15,5.2,5.1,5.2,383
SCGP-O,20260216,20.7,20.8,20.4,20.4,497
SCM-O,20260216,0.16,0.16,0.16,0.16,11
SCN-O,20260216,0.36,0.36,0.36,0.36,1
SCP-O,20260216,8.85,9.05,8.85,9.05,15
SE-ED-O,20260216,1.66,1.66,1.66,1.66,10
SEAFCO-O,20260216,2.28,2.32,2.28,2.3,54
SEAOIL-O,20260216,3.4,3.64,3.4,3.64,557
SECURE-O,20260216,13.2,13.2,13,13.2,49
SEI-O,20260216,2.46,2.5,2.46,2.5,48
SELIC-O,20260216,2.56,2.6,2.56,2.6,55
SENA-O,20260216,1.75,1.77,1.73,1.77,126
SFLEX-O,20260216,3.4,3.4,3.4,3.4,12
SGC-O,20260216,1,1,0.98,0.98,10
SGP-O,20260216,7.5,7.6,7.5,7.5,126
SHANG-O,20260216,51.25,51.25,51.25,51.25,1
SHR-O,20260216,1.8,1.82,1.8,1.8,10
SICT-O,20260216,2.48,2.48,2.48,2.48,1
SIMAT-O,20260216,1.3,1.3,1.3,1.3,20
SINGER-O,20260216,5.65,5.7,5.65,5.7,18
SINO-O,20260216,0.9,0.95,0.9,0.94,63
SIRI-O,20260216,1.48,1.49,1.47,1.47,1634
SIRIPRT-O,20260216,7.4,7.4,7.4,7.4,1
SIS-O,20260216,21.8,21.8,21.5,21.7,171
SISB-O,20260216,11.7,12,11.7,11.8,261
SITHAI-O,20260216,1.06,1.06,1.06,1.06,3
SJWD-O,20260216,8.4,8.4,8.25,8.4,225
SKIN-O,20260216,1.29,1.3,1.29,1.3,336
SKR-O,20260216,7,7,6.85,6.85,12
SKY-O,20260216,13.8,13.8,13,13,108
SMART-O,20260216,0.54,0.54,0.54,0.54,21
SMD100-O,20260216,1.43,2.02,1.43,2,234
SMIT-O,20260216,3.62,3.62,3.62,3.62,150
SMO-O,20260216,3.66,3.82,3.66,3.8,201
SMT-O,20260216,1.24,1.24,1.21,1.21,54
SNC-O,20260216,6.75,6.8,6.7,6.8,116
SNNP-O,20260216,7.9,7.95,7.75,7.8,140
SNP-O,20260216,9.6,9.6,9.6,9.6,23
SNPS-O,20260216,4.66,4.66,4.66,4.66,11
SO-O,20260216,4.14,4.18,4.14,4.18,28
SOLAR-O,20260216,0.19,0.19,0.19,0.19,2
SORKON-O,20260216,3.66,3.66,3.66,3.66,10
SPA-O,20260216,3.74,3.8,3.68,3.68,291
SPALI-O,20260216,18.7,18.9,18.4,18.4,614
SPC-O,20260216,67,67,67,67,1
SPCG-O,20260216,10.1,10.3,10,10.1,316
SPI-O,20260216,44.25,44.25,44.25,44.25,1
SPRC-O,20260216,7.4,7.5,7.25,7.45,559
SPREME-O,20260216,1.62,1.62,1.62,1.62,1
SPRIME-O,20260216,3.6,3.6,3.6,3.6,1
SPTX-O,20260216,0.01,0.01,0.01,0.01,261
SPVI-O,20260216,2.68,2.68,2.58,2.6,109
SQ-O,20260216,0.21,0.21,0.21,0.21,235
SRICHA-O,20260216,11.6,11.7,11.6,11.7,25
SSP-O,20260216,3.26,3.26,3.22,3.22,44
SSSC-O,20260216,2.16,2.16,2.16,2.16,49
SST-O,20260216,1.36,1.4,1.36,1.38,15
SSTRT-O,20260216,4.44,4.56,4.44,4.5,145
STA-O,20260216,13.7,14.6,13.7,14.5,1356
STANLY-O,20260216,198,199,197,199,29
STARM-O,20260216,0.7,0.7,0.7,0.7,40
STECH-O,20260216,1.05,1.05,1.05,1.05,1
STECON-O,20260216,10.1,10.4,10.1,10.2,2069
STELLA-O,20260216,0.19,0.19,0.19,0.19,303
STGT-O,20260216,9.15,9.3,9.15,9.15,430
STI-O,20260216,1.72,1.72,1.72,1.72,50
STPI-O,20260216,4.74,4.8,4.68,4.68,811
STX-O,20260216,1.13,1.13,1.11,1.11,24
SUC-O,20260216,28.25,28.5,28.25,28.5,61
SUN-O,20260216,3.04,3.04,3.04,3.04,84
SUPER-O,20260216,0.12,0.13,0.11,0.12,340
SUPEREIF-O,20260216,5.8,5.8,5.8,5.8,10
SUSCO-O,20260216,2.3,2.3,2.3,2.3,71
SVI-O,20260216,7.35,7.35,7.35,7.35,22
SVOA-O,20260216,1.44,1.44,1.44,1.44,20
SVR-O,20260216,0.29,0.29,0.29,0.29,97
SVT-O,20260216,1.35,1.35,1.35,1.35,14
SWC-O,20260216,4.16,4.16,4.16,4.16,1
SYNEX-O,20260216,10.9,10.9,10.7,10.7,162
TACC-O,20260216,5.75,5.8,5.75,5.8,246
TAE-O,20260216,0.5,0.5,0.5,0.5,1
TAKUNI-O,20260216,0.38,0.39,0.38,0.39,13
TAN-O,20260216,3.84,3.88,3.8,3.8,110
TASCO-O,20260216,14.7,14.7,14.4,14.5,648
TATG-O,20260216,0.99,0.99,0.99,0.99,1
TBN-O,20260216,3.84,3.84,3.64,3.68,229
TC-O,20260216,5.15,5.15,5.15,5.15,10
TCAP-O,20260216,57.25,58,57,57.75,1201
TCJ-O,20260216,2.34,2.34,2.34,2.34,5
TCMC-O,20260216,0.35,0.35,0.35,0.35,13
TEAM-O,20260216,2.42,2.48,2.4,2.48,76
TEAMG-O,20260216,3.32,3.32,3.3,3.3,82
TEGH-O,20260216,3.24,3.24,3.24,3.24,5
TEKA-O,20260216,1.79,1.8,1.79,1.8,13
TERA-O,20260216,1,1,1,1,46
TFFIF-O,20260216,6.8,6.85,6.8,6.8,301
TFG-O,20260216,5.25,5.4,5.25,5.35,1178
TFM-O,20260216,6.6,6.7,6.5,6.5,398
TFMAMA-O,20260216,190.5,190.5,190,190,8
TGH-O,20260216,10.7,10.7,10.7,10.7,2
TGPRO-O,20260216,0.04,0.04,0.04,0.04,14
TH-O,20260216,0.47,0.5,0.47,0.5,22
THAI-O,20260216,6.9,6.9,6.75,6.8,1944
THANA-O,20260216,1.56,1.56,1.56,1.56,100
THANI-O,20260216,1.91,1.91,1.87,1.88,187
THCOM-O,20260216,11,11,10.5,10.6,322
THE-O,20260216,0.76,0.76,0.76,0.76,25
THG-O,20260216,9.25,9.25,9.1,9.1,170
THIP-O,20260216,23,23,22.7,22.7,14
THREL-O,20260216,1.17,1.17,1.13,1.13,197
TIDLOR-O,20260216,18.8,19.2,18.8,18.8,814
TIGER-O,20260216,0.2,0.2,0.2,0.2,29
TIPCO-O,20260216,7.9,7.9,7.9,7.9,68
TIPH-O,20260216,21.2,21.2,21,21.1,120
TISCO-O,20260216,112.5,113,112,112.5,3920
TITLE-O,20260216,7,7.05,7,7.05,25
TKC-O,20260216,6.1,8.7,6.1,8.7,50
TKN-O,20260216,4.44,4.44,4.34,4.34,190
TKS-O,20260216,6.6,6.6,6.5,6.5,155
TLI-O,20260216,11.8,11.8,11.6,11.7,419
TMAN-O,20260216,12.1,12.2,12,12,10
TMC-O,20260216,0.72,0.72,0.72,0.72,49
TMI-O,20260216,0.52,0.52,0.52,0.52,1
TMILL-O,20260216,2.1,2.1,2.1,2.1,1
TMT-O,20260216,2.8,2.8,2.8,2.8,10
TMW-O,20260216,60,60,60,60,1
TNDT-O,20260216,0.13,0.13,0.13,0.13,6
TNITY-O,20260216,2.7,2.7,2.7,2.7,20
TNP-O,20260216,2.94,2.94,2.94,2.94,2
TOA-O,20260216,15.8,15.8,15,15.5,271
TOG-O,20260216,6.7,6.7,6.55,6.55,6
TOP-O,20260216,52.25,52.25,51,51.25,1695
TPA-O,20260216,2.7,2.7,2.7,2.7,1
TPBI-O,20260216,3.16,3.16,3.16,3.16,2
TPCH-O,20260216,1.73,1.73,1.72,1.72,3
TPCS-O,20260216,6.9,6.9,6.9,6.9,9
TPIPL-O,20260216,0.78,0.8,0.78,0.79,13
TPIPP-O,20260216,1.94,1.95,1.93,1.93,209
TPL-O,20260216,0.52,0.52,0.52,0.52,23
TPP-O,20260216,10.4,10.4,10.4,10.4,1
TPS-O,20260216,3.64,3.64,3.64,3.64,1
TQM-O,20260216,9.1,13,9.1,12.9,66
TQR-O,20260216,5.05,5.1,5.05,5.05,21
TRC-O,20260216,0.48,0.48,0.47,0.47,20
TRITN-O,20260216,0.02,0.02,0.02,0.02,12
TRU-O,20260216,3.96,3.96,3.96,3.96,20
TRUBB-O,20260216,0.74,0.75,0.7,0.75,197
TRUE-O,20260216,13.5,13.6,13.4,13.5,2941
TRV-O,20260216,1.01,1.41,1.01,1.41,20
TSC-O,20260216,14.6,14.6,14.6,14.6,1
TSE-O,20260216,0.46,0.47,0.46,0.46,46
TSI-O,20260216,0.06,0.06,0.06,0.06,51
TSR-O,20260216,0.13,0.13,0.1,0.1,130
TTA-O,20260216,4.52,4.58,4.52,4.58,257
TTB-O,20260216,2.04,2.06,2.02,2.04,3630
TTCL-O,20260216,0.16,0.16,0.15,0.15,15
TTLPF-O,20260216,10,10,10,10,161
TTW-O,20260216,9.3,9.4,9.3,9.4,785
TU-O,20260216,12,12.1,12,12.1,1213
TURBO-O,20260216,1.57,1.59,1.57,1.57,272
TVDH-O,20260216,0.06,0.06,0.06,0.06,1
TVO-O,20260216,24.5,25,24.3,24.3,226
TWZ-O,20260216,0.02,0.02,0.01,0.02,72
TYCN-O,20260216,1.7,1.7,1.7,1.7,1
UAC-O,20260216,2.68,2.68,2.68,2.68,16
UBE-O,20260216,0.5,0.57,0.46,0.46,6
UBIS-O,20260216,0.88,0.89,0.88,0.88,117
UKEM-O,20260216,0.63,0.63,0.63,0.63,3
UNIQ-O,20260216,2.98,3,2.98,3,10
UPF-O,20260216,24.2,24.2,22.1,22.1,28
UPOIC-O,20260216,6.85,6.85,6.85,6.85,50
UREKA-O,20260216,0.36,0.36,0.36,0.36,6
UTP-O,20260216,7.5,7.65,7.5,7.65,356
UV-O,20260216,0.86,0.87,0.86,0.87,100
UVAN-O,20260216,13.2,13.3,13.1,13.3,61
VGI-O,20260216,1.34,1.34,1.26,1.26,1664
VIBHA-O,20260216,1.45,1.45,1.45,1.45,1
VIH-O,20260216,8.8,8.9,8.8,8.9,66
WARRIX-O,20260216,2.02,2.02,1.99,2.02,359
WASH-O,20260216,4.84,4.84,4.82,4.82,34
WAVE-O,20260216,0.02,0.03,0.02,0.03,2537
WFX-O,20260216,0.49,0.72,0.49,0.7,74
WHA-O,20260216,4.22,4.3,4.16,4.18,3151
WHABT-O,20260216,5.95,5.95,5.85,5.95,196
WHAIR-O,20260216,6.55,6.6,6.55,6.6,15
WHART-O,20260216,11,11,10.9,10.9,127
WHAUP-O,20260216,4.94,4.94,4.88,4.88,334
WICE-O,20260216,2.46,2.52,1.73,2.48,130
WINMED-O,20260216,0.9,0.9,0.9,0.9,10
WINNER-O,20260216,2.2,2.2,2.2,2.2,40
WORK-O,20260216,3.62,3.62,3.62,3.62,2
WP-O,20260216,3.8,3.8,3.78,3.78,24
WPH-O,20260216,6.9,6.9,6.8,6.8,29
WSOL-O,20260216,0.2,0.21,0.2,0.2,116
XBIO-O,20260216,0.06,0.06,0.06,0.06,71
XO-O,20260216,15.1,15.4,15.1,15.3,91
XPG-O,20260216,0.51,0.53,0.5,0.52,25
YGG-O,20260216,0.2,0.2,0.2,0.2,69
YUASA-O,20260216,14.1,14.3,14.1,14.3,25
ZIGA-O,20260216,1,1.03,1,1.03,65
RABBIT-P,20260216,0.34,0.4,0.34,0.4,7351600
KTB-P-O,20260216,167.5,167.5,167.5,167.5,5
RABBIT-P-O,20260216,0.37,0.37,0.37,0.37,95
VAYU1,20260216,10.8,10.9,10.8,10.9,402100
VAYU1-O,20260216,10.9,10.9,10.8,10.9,140
AAV01C2607A,20260216,0.24,0.25,0.23,0.23,7028200
AAV01C2609T,20260216,0.27,0.27,0.26,0.26,8130500
AAV01P2607A,20260216,0.36,0.37,0.36,0.37,1840400
AAV13C2604A,20260216,0.21,0.22,0.2,0.2,21330100
AAV13C2607A,20260216,0.35,0.36,0.34,0.34,19224100
AAV13C2701T,20260216,0.27,0.28,0.27,0.27,10229600
AAV19C2604A,20260216,0.23,0.24,0.23,0.23,3507600
AAV19C2612T,20260216,0.25,0.25,0.24,0.24,3620500
AAV41C2604A,20260216,0.21,0.21,0.19,0.19,680200
AAV41C2607A,20260216,0.31,0.33,0.31,0.32,1979900
AAV41C2609T,20260216,0.2,0.2,0.19,0.19,1779500
AAV41C2611T,20260216,0.21,0.21,0.21,0.21,199800
ADVANC01C2606A,20260216,1.07,1.08,1.05,1.05,520200
ADVANC01C2607A,20260216,0.68,0.68,0.64,0.66,2503100
ADVANC01C2608A,20260216,0.27,0.27,0.26,0.26,1434600
ADVANC01C2701T,20260216,0.69,0.69,0.68,0.69,1229600
ADVANC01P2604A,20260216,0.02,0.03,0.02,0.03,21100
ADVANC01P2606A,20260216,0.29,0.29,0.28,0.28,2797600
ADVANC01P2607A,20260216,0.57,0.59,0.57,0.58,3820600
ADVANC13C2604A,20260216,0.69,0.69,0.64,0.64,285600
ADVANC13C2607A,20260216,0.69,0.71,0.67,0.68,4121100
ADVANC13C2608A,20260216,0.19,0.19,0.19,0.19,4835100
ADVANC13C2701T,20260216,0.48,0.49,0.47,0.48,877600
ADVANC13P2604A,20260216,0.01,0.01,0.01,0.01,71000
ADVANC13P2607A,20260216,0.34,0.37,0.34,0.36,3847400
ADVANC19C2605A,20260216,1.21,1.21,1.21,1.21,200
ADVANC19C2606A,20260216,0.83,0.83,0.76,0.83,500
ADVANC19C2607A,20260216,0.56,0.56,0.53,0.54,5222300
ADVANC41C2604A,20260216,0.66,0.66,0.6,0.62,719100
ADVANC41C2606T,20260216,0.88,0.88,0.86,0.87,100700
ADVANC41C2607A,20260216,0.62,0.62,0.59,0.6,2567600
ADVANC41C2701T,20260216,0.37,0.37,0.36,0.36,700
ADVANC41P2607A,20260216,0.33,0.34,0.33,0.33,600200
AIA41C2603A,20260216,0.36,0.36,0.35,0.35,110400
ALIHEA41C2606A,20260216,0.49,0.49,0.49,0.49,200
AMATA01C2605A,20260216,0.31,0.33,0.28,0.28,9754200
AMATA01C2608A,20260216,0.38,0.41,0.35,0.35,6061300
AMATA13C2604A,20260216,0.28,0.28,0.28,0.28,176000
AMATA13C2607A,20260216,0.64,0.64,0.57,0.57,146000
AMATA13C2608A,20260216,0.39,0.42,0.37,0.37,24906600
AMATA19C2607A,20260216,0.48,0.51,0.44,0.44,2347300
AMATA41C2604A,20260216,0.29,0.31,0.26,0.26,5259000
AMATA41C2607A,20260216,0.56,0.59,0.52,0.53,6598400
AMATA41C2608T,20260216,0.06,0.06,0.06,0.06,202300
AMATA41C2609T,20260216,0.34,0.34,0.32,0.32,436000
AOT01C2605A,20260216,0.37,0.38,0.32,0.33,5863200
AOT01C2606T,20260216,0.5,0.5,0.46,0.46,6147200
AOT01C2607A,20260216,0.56,0.56,0.48,0.48,4459100
AOT01P2605A,20260216,0.18,0.2,0.18,0.2,3029600
AOT01P2607A,20260216,0.44,0.48,0.44,0.48,3788900
AOT13C2605A,20260216,0.67,0.67,0.62,0.62,10800
AOT13C2605B,20260216,0.36,0.36,0.3,0.3,8667000
AOT13P2605A,20260216,0.08,0.09,0.08,0.08,213800
AOT13P2607A,20260216,0.33,0.36,0.33,0.36,3185500
AOT19C2605B,20260216,0.3,0.3,0.25,0.25,11206000
AOT19P2605A,20260216,0.1,0.11,0.1,0.11,1574500
AOT41C2605A,20260216,0.6,0.6,0.53,0.53,662600
AOT41C2605B,20260216,0.32,0.32,0.27,0.27,1904000
AOT41C2605T,20260216,0.04,0.04,0.04,0.04,100
AOT41C2609T,20260216,0.6,0.6,0.54,0.55,3058400
AWC01C2606T,20260216,0.26,0.26,0.24,0.25,1345100
AWC01C2607A,20260216,0.34,0.36,0.32,0.33,2294200
AWC13C2606A,20260216,0.4,0.4,0.37,0.38,532000
AWC13C2608A,20260216,0.31,0.31,0.29,0.3,6181100
AWC13C2701T,20260216,0.32,0.33,0.32,0.33,708000
AWC19C2606T,20260216,0.16,0.16,0.14,0.15,1561100
AWC41C2606A,20260216,0.35,0.36,0.33,0.33,880300
AWC41C2609T,20260216,0.27,0.28,0.26,0.27,1900
BA01C2603A,20260216,0.12,0.14,0.12,0.13,2868100
BA01C2607A,20260216,0.31,0.34,0.3,0.33,3148000
BA13C2607A,20260216,0.37,0.41,0.37,0.4,13703700
BA19C2605A,20260216,0.34,0.38,0.34,0.37,4314100
BA41C2603A,20260216,0.25,0.31,0.25,0.29,1150200
BA41C2611T,20260216,0.33,0.35,0.33,0.34,2087600
BABA28C2606A,20260216,0.21,0.21,0.21,0.21,349200
BABA28C2606B,20260216,0.38,0.38,0.38,0.38,500
BABA41C2603A,20260216,0.05,0.05,0.05,0.05,1700
BABA41C2603T,20260216,0.09,0.11,0.09,0.11,202000
BABA41C2605A,20260216,0.39,0.39,0.39,0.39,400
BABA41C2609T,20260216,0.94,0.95,0.94,0.95,800
BABA41C2701T,20260216,1.02,1.05,1.02,1.05,600
BAM13C2607A,20260216,0.21,0.21,0.2,0.2,3759100
BAM41C2612T,20260216,0.38,0.38,0.38,0.38,1600000
BANPU01C2603A,20260216,0.28,0.28,0.26,0.28,965800
BANPU01C2605A,20260216,0.78,0.78,0.78,0.78,48000
BANPU01C2606T,20260216,0.39,0.39,0.38,0.39,583100
BANPU01C2607A,20260216,0.17,0.17,0.16,0.17,2139500
BANPU13C2606A,20260216,0.26,0.27,0.25,0.27,4617600
BANPU13C2701T,20260216,0.24,0.24,0.24,0.24,1898200
BANPU19C2603B,20260216,0.09,0.1,0.09,0.1,92200
BANPU19C2612T,20260216,0.39,0.4,0.38,0.4,1538700
BANPU41C2606A,20260216,0.24,0.24,0.24,0.24,25000
BANPU41C2612T,20260216,0.26,0.26,0.25,0.26,424900
BBL13C2607A,20260216,0.2,0.2,0.19,0.2,2337500
BBL13C2607B,20260216,0.37,0.38,0.37,0.37,3107800
BBL13P2604A,20260216,0.13,0.13,0.13,0.13,316900
BBL19C2612T,20260216,0.45,0.46,0.44,0.45,2103800
BBL41C2607A,20260216,0.18,0.18,0.18,0.18,100
BBL41C2607B,20260216,0.15,0.15,0.15,0.15,600400
BBL41C2609T,20260216,0.39,0.39,0.38,0.38,800000
BCH01C2607A,20260216,0.13,0.14,0.13,0.14,5227000
BCH13C2607B,20260216,0.19,0.21,0.19,0.19,7456300
BCH19C2607A,20260216,0.2,0.21,0.2,0.2,3911400
BCH41C2607B,20260216,0.16,0.16,0.16,0.16,1029900
BCH41C2703T,20260216,0.26,0.26,0.26,0.26,40000
BCP01C2607A,20260216,0.41,0.43,0.39,0.43,4986100
BCP13C2607A,20260216,0.63,0.63,0.62,0.62,200
BCP13C2608A,20260216,0.4,0.42,0.37,0.4,16478300
BCP19C2607A,20260216,0.38,0.4,0.34,0.38,5378300
BCP41C2604A,20260216,0.32,0.34,0.28,0.34,801400
BCP41C2607A,20260216,0.64,0.64,0.59,0.61,800
BCP41C2609T,20260216,0.15,0.16,0.15,0.16,500
BCPG01C2605A,20260216,0.19,0.2,0.19,0.19,5625500
BCPG01C2607A,20260216,0.45,0.48,0.45,0.46,6065600
BCPG13C2604A,20260216,0.14,0.14,0.13,0.14,2037500
BCPG13C2607A,20260216,0.48,0.49,0.47,0.49,7562200
BCPG13C2608A,20260216,0.34,0.35,0.34,0.34,29714600
BCPG19C2605A,20260216,0.26,0.27,0.26,0.26,8548900
BCPG41C2606T,20260216,0.34,0.34,0.33,0.34,600
BCPG41C2607A,20260216,0.45,0.46,0.44,0.45,3268100
BCPG41C2612T,20260216,0.3,0.3,0.29,0.29,82100
BDMS01C2604A,20260216,0.17,0.19,0.17,0.19,2130100
BDMS01C2607A,20260216,0.36,0.38,0.36,0.37,2015900
BDMS13C2604A,20260216,0.1,0.12,0.1,0.11,126300
BDMS13C2607A,20260216,0.42,0.45,0.42,0.45,3046000
BDMS13C2701T,20260216,0.39,0.41,0.39,0.41,3894000
BDMS13P2607A,20260216,0.25,0.25,0.24,0.24,1180700
BDMS19C2604A,20260216,0.23,0.26,0.23,0.25,604600
BDMS41C2607A,20260216,0.4,0.43,0.4,0.43,2086400
BDMS41C2609T,20260216,0.08,0.09,0.08,0.09,185000
BDMS41C2612T,20260216,0.29,0.29,0.29,0.29,199900
BEM13C2604A,20260216,0.04,0.04,0.04,0.04,404400
BEM41C2612T,20260216,0.16,0.18,0.16,0.18,100100
BGRIM01C2604A,20260216,0.13,0.13,0.11,0.11,4259000
BGRIM01C2606T,20260216,0.2,0.2,0.18,0.18,3823900
BGRIM01C2608A,20260216,0.41,0.41,0.39,0.39,2247800
BGRIM13C2605A,20260216,0.19,0.2,0.17,0.17,5024300
BGRIM13C2607A,20260216,0.48,0.49,0.42,0.42,472100
BGRIM19C2605A,20260216,0.21,0.21,0.19,0.19,5587800
BGRIM19C2607A,20260216,0.47,0.47,0.45,0.45,939800
BGRIM41C2605A,20260216,0.17,0.17,0.17,0.17,200
BGRIM41C2607A,20260216,0.42,0.42,0.39,0.39,1142200
BGRIM41C2608T,20260216,0.32,0.32,0.31,0.31,1581400
BH01C2603A,20260216,0.04,0.05,0.04,0.04,25100
BH01C2605A,20260216,0.61,0.66,0.6,0.64,2841900
BH01C2607A,20260216,1.37,1.44,1.37,1.44,101600
BH01C2608A,20260216,0.25,0.27,0.25,0.26,3214600
BH01P2607A,20260216,0.18,0.18,0.18,0.18,1734200
BH01P2607B,20260216,0.49,0.49,0.47,0.47,2669700
BH01P2608A,20260216,0.87,0.87,0.84,0.84,2299200
BH13C2605A,20260216,0.46,0.5,0.45,0.48,7792700
BH13C2607A,20260216,1.23,1.26,1.23,1.26,2300
BH13P2607A,20260216,0.16,0.16,0.14,0.15,418700
BH19C2603A,20260216,0.05,0.07,0.05,0.06,25400
BH19C2605A,20260216,0.52,0.56,0.51,0.54,4012100
BH41C2605A,20260216,0.41,0.45,0.4,0.44,1912400
BH41C2607A,20260216,1.1,1.16,1.08,1.16,300800
BH41C2609T,20260216,0.19,0.21,0.19,0.21,9600
BH41C2611T,20260216,0.63,0.65,0.63,0.64,2281000
BIDU41C2606A,20260216,0.35,0.35,0.34,0.34,121600
BIDU41C2609A,20260216,0.27,0.27,0.26,0.26,10900
BJC01C2605A,20260216,0.14,0.15,0.12,0.13,3372100
BJC01C2608A,20260216,0.38,0.38,0.34,0.36,2907200
BJC13C2605A,20260216,0.14,0.15,0.13,0.14,8218700
BJC13C2607A,20260216,0.43,0.45,0.41,0.44,8881400
BJC19C2612T,20260216,0.53,0.53,0.5,0.52,4218800
BJC41C2606T,20260216,0.02,0.02,0.02,0.02,100
BLA01C2607A,20260216,0.39,0.39,0.37,0.39,1112700
BLA13C2607A,20260216,0.41,0.41,0.39,0.39,696800
BLA41C2606T,20260216,0.25,0.25,0.25,0.25,600
BTG01C2607A,20260216,0.24,0.24,0.24,0.24,922100
BTG13C2607A,20260216,0.27,0.27,0.26,0.26,1085600
BTS01C2604A,20260216,0.12,0.12,0.08,0.09,438100
BTS01C2609T,20260216,0.18,0.18,0.13,0.13,1068000
BTS13C2604A,20260216,0.07,0.07,0.03,0.03,904200
BTS13C2606A,20260216,0.21,0.22,0.15,0.15,16444800
BTS13C2607A,20260216,0.51,0.51,0.38,0.38,1553000
BTS13C2701T,20260216,0.3,0.3,0.26,0.26,539600
BTS13P2608A,20260216,0.19,0.22,0.18,0.22,10243800
BTS19C2604A,20260216,0.1,0.1,0.06,0.06,9203200
BTS19C2605A,20260216,0.33,0.34,0.23,0.23,6258200
BTS41C2606A,20260216,0.16,0.16,0.15,0.15,399800
BTS41C2607A,20260216,0.5,0.5,0.38,0.38,2210000
BTS41C2612T,20260216,0.08,0.08,0.08,0.08,2100
BTS41C2703T,20260216,0.31,0.31,0.27,0.27,3560000
BYDCOM41C2609A,20260216,0.49,0.5,0.49,0.5,200
BYDCOM41P2603A,20260216,0.24,0.24,0.23,0.23,800
CATHAY41C2603A,20260216,0.55,0.55,0.54,0.54,1400
CBG01C2605A,20260216,0.21,0.23,0.19,0.19,2484500
CBG01C2607A,20260216,0.42,0.43,0.38,0.38,2865800
CBG01C2610T,20260216,0.22,0.22,0.2,0.2,2036200
CBG01P2607A,20260216,0.37,0.4,0.37,0.39,2162400
CBG13C2604A,20260216,0.08,0.08,0.07,0.07,2327300
CBG13C2607A,20260216,0.37,0.38,0.34,0.34,6377600
CBG13P2605A,20260216,0.18,0.2,0.18,0.2,915800
CBG19C2604A,20260216,0.2,0.2,0.17,0.17,1839000
CBG41C2607A,20260216,0.37,0.37,0.32,0.32,3451600
CBG41C2612T,20260216,0.19,0.19,0.19,0.19,400
CCET13C2604A,20260216,0.28,0.28,0.24,0.24,528200
CCET13C2607A,20260216,0.22,0.24,0.21,0.22,3118300
CCET19C2607A,20260216,0.25,0.26,0.23,0.23,1760600
CENTEL01C2606A,20260216,0.31,0.31,0.3,0.31,3282800
CENTEL13C2605A,20260216,0.39,0.39,0.37,0.38,4331000
CENTEL19C2607A,20260216,0.32,0.32,0.31,0.31,1438600
CENTEL41C2605A,20260216,0.35,0.35,0.34,0.35,718600
CENTEL41C2606T,20260216,0.29,0.29,0.29,0.29,10900
CHG13C2608A,20260216,0.34,0.37,0.34,0.36,1443400
CK01C2608A,20260216,0.35,0.35,0.33,0.34,5626900
CK13C2607A,20260216,0.41,0.41,0.38,0.4,8766800
COM701C2604A,20260216,0.33,0.34,0.31,0.31,4082000
COM701C2607A,20260216,0.73,0.73,0.72,0.72,3300
COM701C2607B,20260216,0.14,0.14,0.13,0.13,324500
COM713C2604A,20260216,0.14,0.14,0.12,0.13,2203200
COM713C2605A,20260216,0.4,0.41,0.38,0.38,7685700
COM713C2608A,20260216,0.19,0.19,0.18,0.18,3339100
COM719C2605A,20260216,0.5,0.51,0.48,0.48,1418700
COM741C2605A,20260216,0.35,0.35,0.33,0.33,1860500
COM741C2607A,20260216,0.64,0.64,0.62,0.62,400
COM741C2608A,20260216,0.16,0.16,0.16,0.16,100
COM741C2609T,20260216,0.38,0.38,0.37,0.37,500
CPALL01C2604A,20260216,0.15,0.16,0.15,0.16,559600
CPALL01C2606T,20260216,0.13,0.13,0.12,0.12,741500
CPALL01C2607A,20260216,0.44,0.44,0.41,0.43,2125800
CPALL01P2607A,20260216,0.2,0.21,0.2,0.2,1640200
CPALL13C2604A,20260216,0.11,0.11,0.1,0.11,1253900
CPALL13C2607A,20260216,0.43,0.43,0.39,0.42,1035000
CPALL13C2608A,20260216,0.3,0.31,0.28,0.31,1733400
CPALL13C2701T,20260216,0.37,0.37,0.37,0.37,10000
CPALL13P2608A,20260216,0.22,0.23,0.22,0.22,1201000
CPALL19C2604A,20260216,0.19,0.2,0.17,0.2,1342400
CPALL19C2607A,20260216,0.52,0.52,0.52,0.52,2000
CPALL41C2607A,20260216,0.35,0.37,0.35,0.36,680600
CPF01C2603A,20260216,0.01,0.01,0.01,0.01,100
CPF01C2608A,20260216,0.34,0.34,0.32,0.33,1811800
CPF01C2611T,20260216,0.28,0.28,0.27,0.27,783000
CPF13C2604A,20260216,0.09,0.09,0.08,0.08,698000
CPF13C2608A,20260216,0.41,0.41,0.38,0.38,8195700
CPF13P2608A,20260216,0.44,0.46,0.44,0.46,1952800
CPF19C2609T,20260216,0.24,0.24,0.23,0.23,526600
CPF41C2608A,20260216,0.36,0.36,0.34,0.34,780500
CPN01C2604A,20260216,0.36,0.38,0.35,0.36,1842000
CPN01C2606T,20260216,0.26,0.26,0.25,0.25,3696800
CPN01C2608A,20260216,0.49,0.49,0.46,0.48,4907000
CPN01P2608A,20260216,0.48,0.5,0.48,0.48,2621800
CPN13C2608A,20260216,0.49,0.49,0.46,0.49,7237000
CPN13P2608A,20260216,0.47,0.49,0.47,0.47,2882200
CPN19C2609T,20260216,0.4,0.4,0.38,0.4,4050300
CPN41C2604A,20260216,0.32,0.32,0.3,0.31,1601000
CPN41C2608T,20260216,0.41,0.42,0.41,0.42,2591600
CRC01C2605A,20260216,0.36,0.37,0.32,0.33,4616100
CRC01C2610T,20260216,0.49,0.49,0.44,0.45,2936300
CRC01P2605A,20260216,0.17,0.19,0.17,0.19,5253200
CRC13C2606A,20260216,0.49,0.5,0.44,0.45,17436900
CRC13P2606A,20260216,0.15,0.16,0.15,0.15,2556600
CRC19C2604A,20260216,0.24,0.24,0.19,0.19,4108400
CRC41C2606A,20260216,0.48,0.48,0.41,0.41,5850300
CRC41C2609T,20260216,0.27,0.27,0.27,0.27,1494200
DELTA01C2603A,20260216,0.06,0.06,0.05,0.05,502500
DELTA01C2605A,20260216,0.97,0.99,0.93,0.95,1524900
DELTA01C2605B,20260216,1.95,2,1.91,1.95,891500
DELTA01C2607A,20260216,0.57,0.59,0.54,0.56,5241200
DELTA01P2603A,20260216,0.03,0.03,0.03,0.03,57700
DELTA01P2605A,20260216,0.57,0.59,0.56,0.58,2107200
DELTA01P2606A,20260216,0.51,0.51,0.49,0.49,5322100
DELTA13C2603A,20260216,0.03,0.04,0.02,0.03,206300
DELTA13C2603B,20260216,0.01,0.01,0.01,0.01,1100
DELTA13C2604A,20260216,0.42,0.46,0.4,0.41,4879800
DELTA13C2605A,20260216,0.4,0.42,0.37,0.39,44761000
DELTA13C2605B,20260216,1.35,1.35,1.22,1.24,60300
DELTA13C2606A,20260216,0.71,0.75,0.7,0.71,18624200
DELTA13C2607A,20260216,0.31,0.32,0.3,0.3,13176200
DELTA13P2603A,20260216,0.01,0.01,0.01,0.01,94200
DELTA13P2605A,20260216,0.3,0.3,0.28,0.3,12289600
DELTA19C2604A,20260216,0.16,0.17,0.15,0.15,1261800
DELTA19C2605A,20260216,0.7,0.7,0.63,0.67,499200
DELTA19C2607A,20260216,0.48,0.5,0.46,0.48,19976800
DELTA19P2604A,20260216,0.06,0.06,0.06,0.06,300
DELTA19P2605A,20260216,0.36,0.36,0.34,0.35,3026200
DELTA41C2604A,20260216,0.42,0.42,0.41,0.41,300
DELTA41C2605A,20260216,0.37,0.37,0.36,0.37,80600
DELTA41C2606A,20260216,0.7,0.72,0.68,0.68,701200
DELTA41C2607A,20260216,0.28,0.29,0.27,0.28,900
DELTA41C2608T,20260216,1.36,1.37,1.35,1.35,205600
DELTA41C2612T,20260216,0.85,0.86,0.85,0.85,1085500
DELTA41P2605A,20260216,0.27,0.27,0.27,0.27,50000
DJI28C2603A,20260216,0.41,0.45,0.41,0.45,41500
DJI41P2603A,20260216,0.05,0.05,0.05,0.05,229900
DJI41P2606A,20260216,0.68,0.68,0.67,0.68,51200
DOHOME01C2604A,20260216,0.3,0.3,0.28,0.29,2498000
DOHOME01C2608A,20260216,0.52,0.52,0.49,0.51,2152700
DOHOME13C2604A,20260216,0.15,0.15,0.13,0.14,2585600
DOHOME13C2607A,20260216,0.53,0.53,0.5,0.51,2221200
DOHOME19C2604A,20260216,0.16,0.16,0.14,0.15,666800
DOHOME41C2604A,20260216,0.15,0.15,0.14,0.14,880200
DOHOME41C2609T,20260216,0.07,0.07,0.07,0.07,500000
DOHOME41C2612T,20260216,0.21,0.21,0.2,0.21,9200
EA13C2604A,20260216,0.11,0.12,0.1,0.1,7563200
EA13C2605A,20260216,0.3,0.32,0.28,0.29,16038300
EA13C2607A,20260216,0.51,0.52,0.49,0.5,169000
EA13C2607B,20260216,0.3,0.32,0.29,0.3,18324900
EA19C2604A,20260216,0.19,0.21,0.18,0.18,20069000
EA19C2606A,20260216,0.49,0.5,0.47,0.49,5394500
EA41C2609T,20260216,0.37,0.38,0.37,0.37,400100
EGCO01P2603A,20260216,0.11,0.11,0.11,0.11,2872600
EGCO13C2604A,20260216,0.1,0.1,0.09,0.09,876000
EGCO41C2612T,20260216,0.35,0.35,0.34,0.35,410600
ERW01C2608A,20260216,0.49,0.51,0.41,0.43,3686200
ERW01C2611T,20260216,0.46,0.47,0.41,0.42,5004200
ERW13C2604A,20260216,0.46,0.46,0.41,0.42,208500
ERW13C2608A,20260216,0.46,0.48,0.38,0.42,10210700
ERW41C2611T,20260216,0.61,0.62,0.54,0.56,3176000
GLOBAL13C2604A,20260216,0.17,0.17,0.14,0.17,3749300
GLOBAL41C2604A,20260216,0.16,0.16,0.13,0.16,480600
GLOBAL41C2612T,20260216,0.47,0.47,0.44,0.47,1181000
GPSC01C2603A,20260216,0.04,0.04,0.04,0.04,110100
GPSC01C2605A,20260216,0.4,0.42,0.38,0.38,2050000
GPSC01C2609T,20260216,0.36,0.37,0.34,0.34,2499400
GPSC01P2607A,20260216,0.23,0.24,0.23,0.24,4193500
GPSC13C2604A,20260216,0.24,0.27,0.22,0.23,9676300
GPSC13C2606A,20260216,0.55,0.55,0.51,0.51,958400
GPSC13C2608A,20260216,0.38,0.4,0.36,0.37,8286800
GPSC13C2701T,20260216,0.34,0.34,0.34,0.34,2800
GPSC13P2606A,20260216,0.08,0.09,0.08,0.09,1730200
GPSC19C2608A,20260216,0.38,0.39,0.36,0.37,2720500
GPSC41C2604A,20260216,0.24,0.24,0.21,0.21,300600
GPSC41C2606A,20260216,0.51,0.52,0.47,0.48,901000
GPSC41C2606T,20260216,0.29,0.29,0.27,0.28,201100
GPSC41C2703T,20260216,0.44,0.44,0.42,0.42,1680800
GULF01C2604A,20260216,0.76,0.77,0.71,0.73,1640700
GULF01C2606T,20260216,0.25,0.26,0.24,0.24,9546500
GULF01C2608A,20260216,0.86,0.87,0.81,0.83,1692800
GULF01C2608B,20260216,0.55,0.58,0.53,0.54,9215600
GULF01P2608A,20260216,0.18,0.18,0.17,0.18,6536400
GULF01P2608B,20260216,0.4,0.43,0.39,0.41,6839800
GULF13C2604A,20260216,0.84,0.88,0.81,0.81,593400
GULF13C2607A,20260216,0.78,0.83,0.76,0.77,3304400
GULF13C2608A,20260216,0.58,0.6,0.55,0.55,46805200
GULF13P2607A,20260216,0.15,0.15,0.13,0.15,6412300
GULF19C2604A,20260216,1.07,1.07,1.07,1.07,100
GULF19C2607A,20260216,0.84,0.84,0.81,0.81,21600
GULF19C2607B,20260216,0.5,0.52,0.47,0.47,22632500
GULF41C2604A,20260216,0.88,0.9,0.79,0.79,231000
GULF41C2607A,20260216,0.75,0.76,0.71,0.71,2032900
GULF41C2608A,20260216,0.53,0.54,0.5,0.51,3300
GULF41C2609T,20260216,0.43,0.43,0.42,0.42,1134600
GULF41P2607A,20260216,0.11,0.11,0.11,0.11,15000
GUNKUL01C2608A,20260216,0.24,0.24,0.22,0.22,1069500
GUNKUL13C2608A,20260216,0.35,0.36,0.33,0.33,1995600
HANA01C2604A,20260216,0.09,0.09,0.08,0.08,1300
HANA01C2606A,20260216,0.33,0.33,0.3,0.31,3140500
HANA13C2604A,20260216,0.02,0.02,0.02,0.02,10000
HANA13C2604B,20260216,0.11,0.11,0.1,0.1,4131400
HANA13C2607A,20260216,0.36,0.36,0.33,0.33,10877500
HANA13C2701T,20260216,0.25,0.25,0.24,0.24,8958900
HANA19C2604A,20260216,0.03,0.03,0.03,0.03,1010000
HANA19C2604B,20260216,0.13,0.13,0.12,0.12,4125500
HANA19C2607A,20260216,0.38,0.38,0.36,0.36,6826900
HANA41C2604B,20260216,0.11,0.11,0.1,0.1,700600
HANA41C2607A,20260216,0.33,0.33,0.31,0.31,1908500
HANA41C2608T,20260216,0.32,0.33,0.31,0.31,2010000
HMPRO01C2607A,20260216,0.2,0.2,0.18,0.19,4033900
HMPRO13C2604A,20260216,0.15,0.15,0.13,0.14,8433400
HMPRO13C2608A,20260216,0.3,0.3,0.26,0.29,7725600
HMPRO41C2604A,20260216,0.16,0.16,0.13,0.14,395100
HMPRO41C2608A,20260216,0.26,0.26,0.23,0.25,781900
HMPRO41C2612T,20260216,0.27,0.27,0.27,0.27,348100
HSI28C2602A,20260216,0.01,0.01,0.01,0.01,500
HSI28C2602B,20260216,0.08,0.1,0.07,0.08,7331400
HSI28C2602C,20260216,0.01,0.04,0.01,0.04,68100
HSI28C2603A,20260216,0.1,0.1,0.1,0.1,111100
HSI28C2603B,20260216,0.22,0.24,0.21,0.23,2160400
HSI28C2603C,20260216,0.68,0.77,0.68,0.75,3749800
HSI28C2604A,20260216,0.2,0.22,0.2,0.22,483500
HSI28C2604B,20260216,0.44,0.47,0.44,0.46,1279500
HSI28C2605A,20260216,0.48,0.51,0.48,0.48,44600
HSI28P2602A,20260216,0.02,0.02,0.02,0.02,1000
HSI28P2602B,20260216,0.02,0.02,0.02,0.02,40000
HSI28P2602C,20260216,0.12,0.12,0.09,0.09,4578900
HSI28P2603B,20260216,0.12,0.13,0.12,0.12,80200
HSI28P2603C,20260216,0.48,0.48,0.42,0.42,3923100
HSI28P2604A,20260216,0.28,0.28,0.19,0.19,70300
HSI28P2604B,20260216,0.47,0.47,0.44,0.44,146900
HSI28P2605A,20260216,0.67,0.67,0.67,0.67,500
ICHI19C2609T,20260216,0.26,0.26,0.26,0.26,454600
IRPC01C2603A,20260216,0.08,0.08,0.07,0.08,2920000
IRPC01C2607A,20260216,0.35,0.35,0.32,0.33,2587400
IRPC13C2604A,20260216,0.26,0.26,0.22,0.22,250000
IRPC13C2608A,20260216,0.28,0.28,0.26,0.27,5731700
IRPC13C2701T,20260216,0.31,0.31,0.31,0.31,36000
IRPC19C2609T,20260216,0.25,0.25,0.25,0.25,9086300
IRPC41C2604A,20260216,0.24,0.24,0.21,0.22,570100
IRPC41C2703T,20260216,0.37,0.37,0.36,0.37,600
ITC01C2606T,20260216,0.3,0.3,0.3,0.3,2210700
ITC13C2608A,20260216,0.4,0.41,0.4,0.41,10461300
ITC19C2609T,20260216,0.33,0.34,0.33,0.34,7850000
ITC41C2612T,20260216,0.29,0.29,0.29,0.29,500200
IVL01C2603A,20260216,0.12,0.13,0.12,0.13,40100
IVL01C2605A,20260216,1.15,1.24,1.13,1.22,866600
IVL01C2607A,20260216,0.46,0.5,0.45,0.49,6117200
IVL01P2607A,20260216,0.3,0.3,0.27,0.28,2255300
IVL13C2604A,20260216,0.4,0.44,0.4,0.44,166400
IVL13C2605A,20260216,0.85,0.85,0.85,0.85,57600
IVL13C2607A,20260216,0.45,0.49,0.43,0.47,17862600
IVL13P2607A,20260216,0.32,0.33,0.3,0.3,3707700
IVL19C2603A,20260216,0.07,0.09,0.07,0.08,1677900
IVL19C2607A,20260216,0.53,0.57,0.51,0.55,10210800
IVL41C2604A,20260216,0.39,0.45,0.38,0.44,631700
IVL41C2605A,20260216,0.85,0.95,0.85,0.92,600
IVL41C2607A,20260216,0.4,0.45,0.4,0.44,867600
IVL41C2702T,20260216,0.42,0.44,0.42,0.44,600
JAS13C2604A,20260216,0.11,0.11,0.07,0.07,3383500
JAS19C2604A,20260216,0.13,0.13,0.11,0.11,1790500
JAS41C2605T,20260216,0.03,0.03,0.03,0.03,159000
JAS41C2611T,20260216,0.28,0.28,0.25,0.25,1816300
JD28C2605A,20260216,0.15,0.15,0.15,0.15,100000
JD41C2606A,20260216,0.18,0.19,0.18,0.19,1600
JMART01C2608A,20260216,0.48,0.49,0.43,0.43,7938600
JMART13C2603A,20260216,0.03,0.03,0.03,0.03,95000
JMART13C2605A,20260216,0.37,0.39,0.32,0.32,30855700
JMART13C2701T,20260216,0.31,0.31,0.28,0.3,732200
JMART41C2609T,20260216,0.22,0.22,0.2,0.2,783200
JMART41C2703T,20260216,0.41,0.41,0.4,0.4,200
JMT13C2604A,20260216,0.35,0.35,0.27,0.28,721300
JMT13C2607A,20260216,0.87,0.87,0.84,0.87,232700
JMT13C2608A,20260216,0.34,0.36,0.32,0.33,18602000
JMT13C2701T,20260216,0.4,0.41,0.39,0.39,1134800
JMT19C2603A,20260216,0.02,0.02,0.02,0.02,150000
JMT19C2605A,20260216,0.61,0.61,0.5,0.54,107400
JMT19C2608A,20260216,0.31,0.31,0.28,0.29,5727300
JMT41C2604A,20260216,0.31,0.31,0.28,0.28,700400
JMT41C2608A,20260216,0.31,0.32,0.29,0.3,10458600
JMT41C2608T,20260216,0.06,0.06,0.06,0.06,1000000
JMT41C2611T,20260216,0.19,0.2,0.17,0.18,3374300
JMT41C2703T,20260216,0.64,0.65,0.61,0.63,5830100
KBANK01C2607A,20260216,0.49,0.53,0.47,0.49,16445600
KBANK01P2607A,20260216,0.51,0.51,0.48,0.49,3741800
KBANK13C2607A,20260216,0.2,0.22,0.2,0.21,21245000
KBANK13C2607B,20260216,0.62,0.67,0.6,0.62,20571900
KBANK13P2607A,20260216,0.5,0.5,0.48,0.49,2336800
KBANK19C2604A,20260216,0.17,0.18,0.17,0.18,4186000
KBANK41C2604T,20260216,1.23,1.27,1.22,1.27,200700
KBANK41C2607A,20260216,0.15,0.16,0.15,0.16,775000
KBANK41C2607B,20260216,0.57,0.6,0.55,0.59,7496800
KBANK41C2609T,20260216,0.66,0.68,0.66,0.68,107200
KCE13C2604A,20260216,0.03,0.03,0.02,0.02,2380100
KCE13C2606A,20260216,0.24,0.24,0.22,0.22,2513800
KCE13C2607A,20260216,0.41,0.41,0.37,0.37,6139500
KCE19C2604A,20260216,0.05,0.05,0.05,0.05,20000
KCE19C2605A,20260216,0.27,0.27,0.23,0.24,3097500
KCE41C2606A,20260216,0.23,0.23,0.21,0.21,480600
KCE41C2607A,20260216,0.36,0.36,0.33,0.33,2099400
KCE41C2609T,20260216,0.39,0.39,0.36,0.36,1307600
KKP01C2607A,20260216,0.61,0.61,0.61,0.61,400
KKP13C2606A,20260216,0.47,0.49,0.45,0.48,5287500
KKP19C2609T,20260216,0.68,0.69,0.66,0.69,2424500
KTB01C2603A,20260216,0.08,0.09,0.08,0.08,2500400
KTB01C2701T,20260216,0.23,0.23,0.23,0.23,1085500
KTB13C2606A,20260216,0.15,0.17,0.15,0.17,6345400
KTB19C2609T,20260216,0.27,0.29,0.27,0.29,434000
KTB41C2606A,20260216,0.12,0.13,0.12,0.13,620100
KTB41C2612T,20260216,0.32,0.33,0.32,0.33,399900
KTC01C2604A,20260216,0.11,0.13,0.11,0.12,5484200
KTC01C2607A,20260216,0.34,0.4,0.34,0.39,6574200
KTC01C2609T,20260216,0.24,0.28,0.24,0.26,7672100
KTC13C2604A,20260216,0.11,0.2,0.11,0.14,14035600
KTC13C2607A,20260216,0.35,0.41,0.35,0.39,9583600
KTC13C2701T,20260216,0.35,0.37,0.35,0.35,463500
KTC19C2604A,20260216,0.21,0.27,0.21,0.27,1201300
KTC19C2609T,20260216,0.26,0.29,0.26,0.28,4444700
KTC41C2604A,20260216,0.12,0.14,0.12,0.13,958200
KTC41C2606T,20260216,0.01,0.02,0.01,0.02,500000
KTC41C2607A,20260216,0.32,0.38,0.32,0.35,3772400
KTC41C2609T,20260216,0.26,0.27,0.26,0.26,890100
KTC41C2612T,20260216,0.33,0.34,0.33,0.33,2079800
KUAISH28C2607A,20260216,0.18,0.18,0.18,0.18,300000
KUAISH41C2603A,20260216,0.05,0.06,0.05,0.05,400100
KUAISH41C2606A,20260216,0.22,0.22,0.22,0.22,100
KUAISH41C2609T,20260216,0.87,0.87,0.87,0.87,200
LH13C2608A,20260216,0.5,0.53,0.49,0.51,4766400
M01C2606A,20260216,0.34,0.35,0.33,0.34,1791000
M13C2604B,20260216,0.05,0.05,0.05,0.05,1000
M13C2605A,20260216,0.29,0.31,0.28,0.28,1733400
M19C2605A,20260216,0.37,0.38,0.36,0.36,603100
M41C2612T,20260216,0.29,0.29,0.28,0.28,399700
MCA5041C2603A,20260216,0.24,0.25,0.24,0.25,120000
MEGA01C2702T,20260216,0.3,0.3,0.28,0.29,1032000
MEITUA41P2603A,20260216,0.41,0.41,0.4,0.4,600
MINT01C2603A,20260216,0.11,0.11,0.11,0.11,200000
MINT01C2605A,20260216,0.55,0.55,0.48,0.53,1935700
MINT01C2606T,20260216,0.11,0.11,0.1,0.1,367000
MINT01C2608A,20260216,0.21,0.21,0.19,0.2,3827300
MINT01P2605A,20260216,0.11,0.12,0.1,0.1,13866100
MINT13C2607A,20260216,0.26,0.26,0.23,0.25,13676800
MINT13P2606A,20260216,0.23,0.27,0.23,0.24,2506600
MINT19C2607A,20260216,0.24,0.24,0.21,0.23,4048300
MINT41C2604A,20260216,0.52,0.52,0.52,0.52,150000
MINT41C2607A,20260216,0.23,0.23,0.2,0.22,450600
MINT41P2606A,20260216,0.21,0.21,0.19,0.19,400
MTC01C2604A,20260216,0.09,0.09,0.09,0.09,100000
MTC01C2606A,20260216,0.27,0.27,0.24,0.24,1260700
MTC01C2608A,20260216,0.72,0.72,0.67,0.68,1200
MTC01P2608A,20260216,0.07,0.07,0.07,0.07,110000
MTC13C2604A,20260216,0.09,0.09,0.08,0.08,300100
MTC13C2605A,20260216,0.35,0.36,0.3,0.3,2072800
MTC13P2607A,20260216,0.17,0.18,0.17,0.18,1947800
MTC19C2607A,20260216,0.35,0.35,0.32,0.32,3229800
MTC41C2604A,20260216,0.08,0.08,0.08,0.08,10000
MTC41C2605A,20260216,0.31,0.31,0.29,0.29,253400
MTC41C2606T,20260216,0.06,0.06,0.06,0.06,100000
MTC41C2607A,20260216,0.66,0.66,0.66,0.66,200
MTC41C2611T,20260216,0.26,0.26,0.24,0.24,115300
NDX28C2603B,20260216,0.14,0.14,0.14,0.14,100
NDX28C2606A,20260216,0.44,0.46,0.44,0.46,2400
NDX41C2606A,20260216,0.58,0.61,0.58,0.61,17800
NDX41P2603A,20260216,0.67,0.67,0.66,0.66,130100
NIKKEI28C2603A,20260216,0.76,0.76,0.73,0.76,376100
NIKKEI28C2603B,20260216,1.21,1.21,1.21,1.21,200000
NIKKEI28C2606A,20260216,1.66,1.67,1.66,1.66,3200
NIKKEI28C2606C,20260216,0.94,0.95,0.94,0.94,6000
NIKKEI28C2606D,20260216,0.68,0.68,0.67,0.68,168400
NIKKEI28P2603A,20260216,0.07,0.07,0.07,0.07,20000
NIKKEI28P2606A,20260216,0.24,0.24,0.24,0.24,1000
NIKKEI28P2606B,20260216,0.43,0.43,0.43,0.43,25100
NIKKEI28P2606D,20260216,0.63,0.63,0.62,0.62,111600
NIKKEI41C2606B,20260216,1.33,1.35,1.33,1.35,2100
NIKKEI41C2606C,20260216,0.94,0.97,0.94,0.96,240400
NIKKEI41P2606A,20260216,0.67,0.67,0.67,0.67,190000
NIKKEI41P2606B,20260216,0.47,0.47,0.47,0.47,40500
NIKKEI41P2606C,20260216,0.32,0.32,0.31,0.31,9700
OR01C2606T,20260216,0.08,0.08,0.08,0.08,100
OR01C2607A,20260216,0.15,0.16,0.14,0.15,3887500
OR01C2608A,20260216,0.25,0.25,0.24,0.24,3823200
OR13C2605A,20260216,0.19,0.19,0.19,0.19,9395800
OR19C2607A,20260216,0.2,0.2,0.19,0.2,4481400
OR41C2605A,20260216,0.18,0.18,0.17,0.17,2240200
OR41C2608T,20260216,0.36,0.36,0.35,0.36,1940100
OSP01C2607A,20260216,0.39,0.39,0.38,0.38,2178800
OSP13C2607A,20260216,0.36,0.36,0.36,0.36,1555700
OSP41C2607A,20260216,0.32,0.32,0.31,0.31,1960400
PINGAN41C2606A,20260216,0.33,0.33,0.33,0.33,200
PLANB13C2603A,20260216,0.14,0.15,0.1,0.14,3068500
PLANB13C2607A,20260216,0.61,0.63,0.58,0.63,1975700
PLANB19C2605A,20260216,0.42,0.44,0.37,0.43,5040400
PLANB41C2607A,20260216,0.61,0.61,0.56,0.61,7050200
PLANB41C2612T,20260216,0.24,0.24,0.22,0.24,5188200
POPMAR41C2605A,20260216,0.68,0.68,0.67,0.67,200
POPMAR41C2609T,20260216,1.33,1.33,1.32,1.32,300
PR913C2605A,20260216,0.3,0.33,0.28,0.32,5184000
PR941C2609T,20260216,0.18,0.18,0.18,0.18,200
PRM01C2702T,20260216,0.27,0.28,0.27,0.28,1396000
PRM19C2604A,20260216,0.22,0.25,0.22,0.25,3946000
PRM41C2612T,20260216,0.42,0.44,0.41,0.44,1983400
PTG01C2607A,20260216,0.46,0.46,0.45,0.46,2983800
PTG13C2607A,20260216,0.58,0.58,0.54,0.54,6000
PTG13C2608A,20260216,0.42,0.42,0.41,0.42,6732300
PTG41C2701T,20260216,0.4,0.4,0.39,0.39,400300
PTT01C2607A,20260216,0.19,0.2,0.19,0.2,82600
PTT13C2606A,20260216,0.28,0.28,0.26,0.26,805700
PTT19C2612T,20260216,0.38,0.38,0.37,0.38,117800
PTT41C2606T,20260216,0.28,0.28,0.28,0.28,400000
PTTEP01C2606T,20260216,0.69,0.69,0.67,0.67,2586400
PTTEP01C2607A,20260216,0.62,0.63,0.59,0.59,2585700
PTTEP01P2607A,20260216,0.3,0.32,0.29,0.31,3771400
PTTEP13C2603A,20260216,0.18,0.18,0.18,0.18,25000
PTTEP13C2608A,20260216,0.52,0.52,0.46,0.46,17178500
PTTEP13P2607A,20260216,0.22,0.25,0.22,0.25,3757000
PTTEP19C2607B,20260216,0.55,0.55,0.49,0.49,1706000
PTTEP41C2607A,20260216,0.71,0.71,0.64,0.64,880600
PTTEP41C2608A,20260216,0.45,0.45,0.43,0.43,631600
PTTEP41C2609T,20260216,0.69,0.69,0.66,0.66,901100
PTTEP41P2607A,20260216,0.2,0.2,0.2,0.2,100100
PTTGC01C2605A,20260216,0.43,0.43,0.4,0.42,158200
PTTGC01C2607A,20260216,0.16,0.16,0.15,0.16,5955300
PTTGC01P2605A,20260216,0.06,0.06,0.06,0.06,202100
PTTGC01P2607A,20260216,0.31,0.33,0.31,0.32,4685400
PTTGC13C2607A,20260216,0.25,0.25,0.22,0.24,14747500
PTTGC13P2607A,20260216,0.36,0.38,0.36,0.36,3474300
PTTGC19C2607A,20260216,0.3,0.3,0.27,0.28,13370000
PTTGC41C2607A,20260216,0.22,0.22,0.21,0.22,845700
PTTGC41C2611T,20260216,0.16,0.16,0.16,0.16,10000
PTTGC41C2612T,20260216,0.32,0.33,0.32,0.33,303400
PTTGC41P2607A,20260216,0.31,0.31,0.31,0.31,32000
RCL13C2604A,20260216,0.15,0.15,0.14,0.15,776200
RCL41C2604A,20260216,0.13,0.13,0.13,0.13,50000
RCL41C2608T,20260216,0.46,0.46,0.46,0.46,300000
SAWAD01C2604A,20260216,0.08,0.08,0.08,0.08,100
SAWAD01C2606A,20260216,0.88,0.94,0.88,0.91,1450300
SAWAD01C2607A,20260216,0.23,0.24,0.22,0.23,8413000
SAWAD01P2606A,20260216,0.15,0.16,0.15,0.15,4309000
SAWAD13C2604A,20260216,0.08,0.08,0.07,0.07,5922200
SAWAD13C2607A,20260216,0.28,0.3,0.28,0.28,19456400
SAWAD13P2608A,20260216,0.32,0.33,0.31,0.33,6342500
SAWAD19C2605A,20260216,0.16,0.17,0.15,0.16,12804700
SAWAD19C2608A,20260216,0.43,0.44,0.42,0.42,1613800
SAWAD41C2607A,20260216,0.27,0.28,0.27,0.27,100600
SAWAD41C2609T,20260216,0.17,0.17,0.16,0.16,200
SAWAD41C2610T,20260216,0.57,0.59,0.57,0.57,1450200
SCB01C2605A,20260216,0.29,0.29,0.28,0.29,2099800
SCB01C2607A,20260216,0.41,0.41,0.4,0.41,1963600
SCB01P2607A,20260216,0.5,0.51,0.5,0.51,1676100
SCB13C2607A,20260216,0.18,0.18,0.17,0.18,4087300
SCB13C2607B,20260216,0.37,0.37,0.36,0.37,4088800
SCB13P2607A,20260216,0.43,0.44,0.43,0.43,5559700
SCB19C2612T,20260216,0.44,0.44,0.43,0.44,304800
SCB41C2603A,20260216,0.07,0.07,0.07,0.07,100
SCB41C2609T,20260216,0.48,0.49,0.48,0.49,24700
SCC01C2605A,20260216,0.74,0.74,0.67,0.69,852000
SCC01C2607A,20260216,0.38,0.38,0.35,0.35,2510200
SCC01P2605A,20260216,0.13,0.15,0.13,0.14,3249500
SCC01P2607A,20260216,0.5,0.53,0.5,0.51,1973600
SCC13C2607A,20260216,0.5,0.5,0.46,0.48,4076500
SCC13P2607A,20260216,0.46,0.49,0.46,0.48,1100400
SCC19C2607A,20260216,0.42,0.42,0.38,0.39,2200500
SCC41C2607A,20260216,0.45,0.45,0.41,0.43,300800
SCC41C2611T,20260216,0.3,0.3,0.3,0.3,500
SCC41C2612T,20260216,0.75,0.75,0.74,0.75,100300
SCC41P2607A,20260216,0.42,0.42,0.42,0.42,30400
SCGP01C2604A,20260216,0.31,0.31,0.27,0.28,5307900
SCGP01C2608A,20260216,0.47,0.47,0.42,0.44,4986300
SCGP01P2604A,20260216,0.04,0.04,0.04,0.04,100
SCGP01P2608A,20260216,0.39,0.41,0.39,0.4,4793200
SCGP13C2603A,20260216,0.09,0.09,0.08,0.08,613500
SCGP13C2607A,20260216,0.42,0.42,0.38,0.41,8402000
SCGP13P2608A,20260216,0.45,0.49,0.45,0.46,3154700
SCGP19C2607A,20260216,0.5,0.5,0.47,0.49,2423800
SCGP41C2605A,20260216,0.65,0.65,0.65,0.65,8500
SCGP41C2606T,20260216,0.28,0.28,0.27,0.27,1700
SCGP41C2607A,20260216,0.4,0.4,0.36,0.38,2453000
SCGP41C2609T,20260216,0.58,0.58,0.58,0.58,400
SET01C2604A,20260216,1.4,1.47,1.32,1.36,663900
SET01C2605A,20260216,2.46,2.52,2.38,2.38,1511500
SET01C2606L,20260216,3.34,3.34,3.34,3.34,7400
SET01C2607A,20260216,1.48,1.56,1.41,1.44,497800
SET01C2607B,20260216,0.57,0.57,0.5,0.52,231800
SET01P2604A,20260216,0.02,0.03,0.02,0.03,35900
SET01P2605A,20260216,0.06,0.08,0.06,0.07,1946000
SET01P2606L,20260216,0.8,0.83,0.8,0.82,70000
SET01P2607A,20260216,0.39,0.41,0.37,0.4,1277200
SET5001C2603F,20260216,0.67,0.75,0.63,0.66,10827500
SET5001C2603G,20260216,1.19,1.3,1.13,1.18,129600
SET5001C2603H,20260216,2.9,2.9,2.6,2.68,4729200
SET5001C2603I,20260216,1.33,1.33,1.32,1.32,1200
SET5001C2605A,20260216,1.89,1.94,1.8,1.82,70800
SET5001C2606F,20260216,1.53,1.53,1.38,1.44,1971400
SET5001C2606G,20260216,0.59,0.65,0.56,0.58,6985800
SET5001C2607A,20260216,1.1,1.1,0.99,0.99,420900
SET5001P2603G,20260216,0.02,0.02,0.02,0.02,30000
SET5001P2603H,20260216,0.02,0.02,0.02,0.02,10000
SET5001P2605A,20260216,0.02,0.03,0.02,0.02,93600
SET5001P2606F,20260216,0.34,0.35,0.31,0.33,4405100
SET5001P2606G,20260216,0.7,0.76,0.68,0.74,10044100
SET5001P2607A,20260216,0.24,0.25,0.23,0.24,6241000
SET5013C2603A,20260216,0.82,0.91,0.74,0.77,74624200
SET5013C2603B,20260216,1.17,1.35,1.1,1.14,2922800
SET5013C2603C,20260216,1.83,2.02,1.7,1.79,1168600
SET5013C2603D,20260216,2.48,2.82,2.36,2.46,387900
SET5013C2603E,20260216,3.56,3.94,3.26,3.46,62000
SET5013C2603F,20260216,5,5.3,4.64,4.82,11500
SET5013C2603G,20260216,1.76,1.98,1.61,1.68,181100
SET5013C2606A,20260216,1.17,1.28,1.12,1.16,29236800
SET5013C2606B,20260216,0.79,0.86,0.75,0.77,77397600
SET5013C2606C,20260216,0.57,0.63,0.54,0.56,302914800
SET5013C2606D,20260216,0.46,0.52,0.45,0.46,54339000
SET5013P2603A,20260216,0.01,0.01,0.01,0.01,227500
SET5013P2603B,20260216,0.01,0.01,0.01,0.01,100
SET5013P2603C,20260216,0.01,0.01,0.01,0.01,100
SET5013P2603D,20260216,0.01,0.01,0.01,0.01,100900
SET5013P2603E,20260216,0.01,0.01,0.01,0.01,666400
SET5013P2603F,20260216,0.01,0.01,0.01,0.01,318900
SET5013P2603G,20260216,0.02,0.02,0.01,0.01,22000
SET5013P2603H,20260216,0.02,0.02,0.01,0.01,228100
SET5013P2603I,20260216,0.02,0.02,0.01,0.02,222800
SET5013P2603J,20260216,0.03,0.04,0.02,0.03,11075800
SET5013P2603K,20260216,0.07,0.07,0.06,0.06,7963800
SET5013P2603X,20260216,3.34,3.46,3.32,3.46,29400
SET5013P2606A,20260216,0.31,0.33,0.29,0.31,39646400
SET5013P2606B,20260216,0.4,0.42,0.36,0.4,172740100
SET5013P2606C,20260216,0.6,0.62,0.54,0.59,56450600
SET5013P2606D,20260216,0.86,0.9,0.8,0.86,175880100
SET5019C2603B,20260216,1.43,1.6,1.43,1.6,1100
SET5019C2606A,20260216,0.96,1.03,0.92,0.95,11975600
SET5019P2603B,20260216,0.01,0.02,0.01,0.01,625500
SET5019P2603C,20260216,0.01,0.01,0.01,0.01,3066000
SET5019P2603D,20260216,0.02,0.03,0.02,0.03,12300
SET5019P2606A,20260216,0.28,0.29,0.26,0.27,47144700
SET5019P2606B,20260216,0.62,0.64,0.58,0.62,25746300
SET5041C2603A,20260216,0.87,0.91,0.75,0.78,268200
SET5041C2606B,20260216,0.69,0.76,0.65,0.68,8887000
SET5041C2606C,20260216,0.51,0.52,0.46,0.48,32795900
SET5041C2606D,20260216,0.39,0.42,0.36,0.38,12016000
SET5041C2609T,20260216,1.06,1.08,1.06,1.08,1865000
SET5041P2603H,20260216,0.07,0.07,0.07,0.07,100
SET5041P2606A,20260216,0.29,0.3,0.28,0.3,864700
SET5041P2606C,20260216,0.47,0.5,0.44,0.48,10411100
SET5041P2606D,20260216,0.81,0.85,0.76,0.83,16223000
SET5041P2609T,20260216,0.44,0.44,0.43,0.44,41100
SIRI13C2605A,20260216,0.26,0.27,0.26,0.26,2659000
SIRI41C2605A,20260216,0.24,0.25,0.24,0.24,1244200
SISB13C2607A,20260216,0.21,0.23,0.2,0.2,9965500
SISB19C2612A,20260216,0.42,0.43,0.4,0.41,1582000
SISB41C2611T,20260216,0.15,0.15,0.15,0.15,600
SISB41C2702T,20260216,0.26,0.26,0.25,0.25,400100
SJWD13C2608A,20260216,0.46,0.47,0.44,0.47,3003500
SJWD19C2609T,20260216,0.1,0.1,0.1,0.1,2000000
SPRC01C2603A,20260216,1.17,1.38,1.08,1.33,725500
SPRC01C2607A,20260216,0.34,0.38,0.32,0.37,3576300
SPRC13C2604A,20260216,0.21,0.25,0.19,0.24,6775800
SPRC13C2607A,20260216,0.36,0.4,0.33,0.38,10233900
SPRC41C2604A,20260216,0.18,0.23,0.18,0.23,1429000
SPRC41C2606T,20260216,0.25,0.27,0.24,0.27,801300
SPRC41C2607A,20260216,0.32,0.36,0.3,0.35,3311600
SPRC41C2612T,20260216,0.58,0.61,0.58,0.61,200600
SPX28C2606A,20260216,0.45,0.45,0.45,0.45,500
SPX41C2606A,20260216,0.66,0.67,0.66,0.67,4200
STA01C2603A,20260216,0.04,0.04,0.03,0.03,417100
STA01C2607A,20260216,0.27,0.35,0.27,0.34,6283000
STA13C2605A,20260216,0.26,0.36,0.26,0.34,23848200
STA19C2607A,20260216,0.38,0.51,0.38,0.47,1712000
STA41C2612T,20260216,0.23,0.23,0.23,0.23,100
STGT13C2604A,20260216,0.52,0.52,0.52,0.52,4000
STGT13C2607A,20260216,0.41,0.42,0.39,0.39,7313700
STGT13C2607B,20260216,0.12,0.13,0.12,0.12,4920600
STGT41C2612T,20260216,0.4,0.41,0.4,0.4,799600
TASCO13C2604A,20260216,0.13,0.13,0.11,0.12,1167900
TASCO41C2612T,20260216,0.27,0.27,0.27,0.27,50100
TCAP13C2605A,20260216,0.2,0.22,0.2,0.21,1070700
TENCEN41P2603A,20260216,0.4,0.4,0.39,0.39,200
TFG13C2604A,20260216,0.39,0.41,0.36,0.41,472500
TFG13C2606A,20260216,0.21,0.22,0.21,0.22,5342000
TFG41C2606A,20260216,0.19,0.2,0.19,0.2,1299600
TFG41C2612T,20260216,0.44,0.46,0.44,0.45,1186600
TIDLOR01C2605A,20260216,0.09,0.09,0.09,0.09,16200
TIDLOR01C2606A,20260216,0.44,0.45,0.4,0.4,3699800
TIDLOR01C2610T,20260216,0.29,0.3,0.28,0.28,5199900
TIDLOR01P2605A,20260216,0.33,0.37,0.33,0.37,4573000
TIDLOR13C2604A,20260216,0.1,0.1,0.09,0.09,2072000
TIDLOR13C2607A,20260216,0.45,0.47,0.4,0.4,8854300
TIDLOR13C2701T,20260216,0.46,0.46,0.45,0.45,1049800
TIDLOR13P2608A,20260216,0.47,0.49,0.47,0.49,531000
TIDLOR19C2609T,20260216,0.32,0.32,0.3,0.3,1531600
TIDLOR19C2612T,20260216,0.66,0.67,0.64,0.64,4280400
TIDLOR41C2607A,20260216,0.42,0.42,0.38,0.38,1181000
TIDLOR41C2612T,20260216,0.3,0.3,0.3,0.3,700
TISCO13C2607A,20260216,0.21,0.21,0.2,0.2,1850400
TLI01C2607A,20260216,0.17,0.17,0.17,0.17,1222900
TLI13C2607A,20260216,0.23,0.24,0.22,0.23,1765800
TLI41C2606T,20260216,0.14,0.14,0.14,0.14,65000
TOA01C2702T,20260216,0.41,0.41,0.39,0.39,2933800
TOA13C2605A,20260216,0.29,0.29,0.29,0.29,60600
TOP01C2605A,20260216,0.65,0.66,0.64,0.64,74400
TOP01C2608A,20260216,0.59,0.6,0.56,0.56,2887100
TOP01C2701T,20260216,0.53,0.53,0.51,0.51,5066100
TOP01P2607A,20260216,0.24,0.25,0.24,0.25,4317900
TOP13C2603A,20260216,0.46,0.46,0.46,0.46,800
TOP13C2607A,20260216,0.62,0.62,0.61,0.61,120800
TOP13C2608A,20260216,0.46,0.47,0.44,0.45,14926100
TOP13P2607A,20260216,0.18,0.19,0.18,0.19,2493400
TOP19C2612T,20260216,1.07,1.1,1.05,1.05,1255200
TOP41C2603A,20260216,0.55,0.56,0.55,0.56,200
TOP41C2607A,20260216,0.6,0.62,0.58,0.58,1370800
TOP41C2611T,20260216,0.73,0.73,0.73,0.73,3000
TRUE01C2606T,20260216,0.09,0.09,0.09,0.09,349000
TRUE01C2607A,20260216,0.51,0.53,0.5,0.51,2343600
TRUE01C2608A,20260216,0.33,0.33,0.31,0.32,2930300
TRUE01P2607A,20260216,0.2,0.2,0.2,0.2,2691600
TRUE13C2607A,20260216,0.4,0.42,0.39,0.42,9891900
TRUE13C2607B,20260216,0.48,0.48,0.46,0.48,6249200
TRUE13P2607A,20260216,0.2,0.21,0.2,0.2,1459300
TRUE19C2604A,20260216,0.24,0.24,0.22,0.23,1000700
TRUE19C2607A,20260216,0.5,0.5,0.49,0.49,88300
TRUE41C2604T,20260216,0.59,0.59,0.56,0.57,37900
TRUE41C2607A,20260216,0.39,0.4,0.37,0.38,420100
TRUE41C2607B,20260216,0.4,0.4,0.38,0.39,1410500
TRUE41C2612T,20260216,0.32,0.32,0.31,0.31,505600
TTB01C2605A,20260216,0.05,0.05,0.05,0.05,2000
TTB13C2607A,20260216,0.08,0.09,0.08,0.09,54500
TU01P2605A,20260216,0.22,0.22,0.22,0.22,2076000
TU13C2604A,20260216,0.03,0.03,0.03,0.03,200000
TU13C2607A,20260216,0.16,0.16,0.15,0.15,3452000
TU13P2608A,20260216,0.35,0.35,0.35,0.35,1258000
TU19C2607A,20260216,0.17,0.17,0.16,0.16,3410800
TU41C2607A,20260216,0.13,0.13,0.13,0.13,530100
VGI01C2604A,20260216,0.13,0.13,0.07,0.07,210100
VGI01C2606A,20260216,0.49,0.49,0.37,0.37,33900
VGI01C2608A,20260216,0.6,0.62,0.53,0.53,392000
VGI13C2604A,20260216,0.1,0.1,0.05,0.05,16649000
VGI13C2605A,20260216,0.37,0.37,0.26,0.26,6912200
VGI13C2607A,20260216,0.63,0.63,0.51,0.53,786100
VGI13C2608A,20260216,0.47,0.47,0.35,0.35,24814700
VGI19C2607A,20260216,0.73,0.74,0.62,0.62,57300
VGI19C2610T,20260216,0.3,0.3,0.26,0.26,7312600
VGI41C2603A,20260216,0.01,0.01,0.01,0.01,200000
VGI41C2605A,20260216,0.33,0.35,0.25,0.25,9657700
VGI41C2607A,20260216,0.57,0.59,0.47,0.5,4200600
VGI41C2612T,20260216,0.07,0.07,0.07,0.07,1000
VGI41C2703T,20260216,0.59,0.59,0.54,0.54,4225900
WHA01C2608A,20260216,0.41,0.45,0.4,0.4,12134200
WHA01C2610T,20260216,0.68,0.72,0.67,0.67,5991300
WHA13C2603A,20260216,0.24,0.24,0.17,0.17,1417400
WHA13C2605A,20260216,0.73,0.73,0.67,0.67,862900
WHA13C2608A,20260216,0.5,0.54,0.48,0.48,13825300
WHA13C2701T,20260216,0.61,0.61,0.55,0.55,24300
WHA19C2607A,20260216,0.44,0.49,0.42,0.42,12497900
WHA41C2603A,20260216,0.2,0.23,0.18,0.18,600
WHA41C2605T,20260216,0.02,0.02,0.02,0.02,300
WHA41C2612T,20260216,0.38,0.38,0.36,0.36,25900
WHA41C2701T,20260216,0.54,0.56,0.52,0.52,1101700
XIAOMI28C2606A,20260216,0.16,0.17,0.16,0.17,402000
XIAOMI41C2605A,20260216,0.09,0.09,0.09,0.09,47500
XIAOMI41C2609T,20260216,0.58,0.59,0.58,0.59,1500
ZIJIN41C2603A,20260216,0.65,0.65,0.65,0.65,200
ZIJIN41C2606A,20260216,0.46,0.46,0.44,0.45,3318400
AAPL01,20260216,24,24,23.5,23.5,11763
AAPL03,20260216,2.7,2.74,2.68,2.68,11518
AAPL19,20260216,5.45,5.45,5.25,5.3,35703
AAPL80,20260216,8.15,8.2,7.9,7.9,538941
ABBV19,20260216,7.15,7.3,7.15,7.25,6207
ABNB06,20260216,3.76,3.9,3.74,3.74,17562
ADBE03,20260216,1.82,1.84,1.79,1.8,149782
ADBE06,20260216,2.04,2.08,2.02,2.04,26992
ADVANT19,20260216,5.5,5.55,5.45,5.5,67332
ADVANT23,20260216,3.74,3.78,3.74,3.78,272731
AIA06,20260216,3.28,3.32,3.26,3.32,784
AIA19,20260216,3.28,3.3,3.28,3.28,38
AIA23,20260216,2.52,2.56,2.52,2.56,173142
AMD80,20260216,1.29,1.31,1.27,1.27,11433941
AMGN06,20260216,2.82,2.9,2.82,2.86,3604
AMZN01,20260216,18.2,18.4,18,18.2,90437
AMZN06,20260216,1.55,1.57,1.53,1.57,266841
AMZN80,20260216,1.55,1.57,1.54,1.57,6844851
ANTA13,20260216,2.06,2.06,2.06,2.06,2
ANTA23,20260216,2.1,2.1,2.08,2.08,3250205
ASEMI24,20260216,2.44,2.44,2.4,2.4,25808
ASML01,20260216,36.75,37,35.25,36.5,255146
AVGO80,20260216,2.06,2.08,2,2,2441787
AXP06,20260216,2.66,2.66,2.62,2.66,13634
BABA01,20260216,13.9,14.1,13.8,13.9,47675
BABA06,20260216,6.15,6.15,6.15,6.15,516
BABA13,20260216,2.52,2.58,2.52,2.56,31532
BABA23,20260216,4.08,4.14,4.06,4.14,968576
BABA80,20260216,6.1,6.15,6.05,6.15,3745941
BAC03,20260216,3.28,3.28,3.2,3.26,136482
BDX06,20260216,2.32,2.32,2.26,2.3,192004
BIDU01,20260216,12.4,12.4,12.3,12.4,98168
BIDU06,20260216,5.45,5.5,5.45,5.5,2385
BIDU23,20260216,2.56,2.66,2.56,2.66,20305
BIDU80,20260216,5.35,5.5,5.35,5.45,5374458
BILIBILI01,20260216,4.56,4.6,4.54,4.6,259945
BKNG03,20260216,2.16,2.18,2.14,2.18,1629
BKNG80,20260216,2.6,2.62,2.54,2.58,272298
BLK06,20260216,3.3,3.34,3.28,3.34,3432
BONDAS19,20260216,6.3,6.3,6.25,6.3,5868
BRKB80,20260216,1.54,1.57,1.54,1.56,392251
BYDCOM01,20260216,0.88,0.89,0.87,0.88,52646
BYDCOM80,20260216,0.39,0.39,0.38,0.38,4758517
CATL01,20260216,4.78,4.8,4.76,4.78,3427419
CATL23,20260216,8.45,8.5,8.35,8.4,135289
CATL80,20260216,21,21.1,20.8,20.8,158085
CHHONGQ19,20260216,14.6,14.6,14.5,14.6,39788
CHMOBILE19,20260216,3.14,3.16,3.14,3.16,108077
CHNXT5023,20260216,6.75,6.85,6.7,6.7,27528
CMBANK23,20260216,2.18,2.22,2.18,2.22,1064
CN01,20260216,21.8,22,21.8,22,39173
CN23,20260216,5.6,5.6,5.6,5.6,3
CNBIO24,20260216,1.46,1.47,1.44,1.45,4083
CNEV24,20260216,2.2,2.22,2.2,2.22,9018
CNROBOAI23,20260216,2.68,2.7,2.64,2.68,9809
CNSEMI23,20260216,2.72,2.74,2.72,2.74,7460
CNTECH01,20260216,26.75,27.25,26.75,27.25,27948
COSTCO19,20260216,31.25,31.75,31,31.25,9339
CRM01,20260216,3.22,3.34,3.2,3.28,52772
CRM06,20260216,2.28,2.4,2.28,2.38,9173
CRWD06,20260216,2.58,2.7,2.54,2.64,137179
CRWD80,20260216,12.7,13.5,12.7,13.4,208101
CSCO06,20260216,2.88,3,2.86,3,52013
DBS19,20260216,14,14.1,13.8,13.9,35577
DDOG19,20260216,3.92,4.02,3.82,3.96,1367856
DELL19,20260216,3.52,3.74,3.52,3.66,176340
DISNEY19,20260216,16.1,16.4,15.8,16.3,31499
DUOL06,20260216,2.16,2.22,2.16,2.22,37921
E1VFVN3001,20260216,42.25,42.5,42,42.25,146598
ESTEE80,20260216,1.1,1.13,1.1,1.12,294624
EXPE06,20260216,2.66,2.72,2.58,2.68,102063
FERRARI80,20260216,1.19,1.19,1.17,1.18,50725
FPTVN11,20260216,2.34,2.34,2.3,2.34,296778
FPTVN19,20260216,11.8,11.9,11.7,11.9,137670
FUEVFVND01,20260216,48.25,48.25,47.75,48,48950
GASVN11,20260216,4.9,4.9,4.88,4.88,900
GEELY06,20260216,2.68,2.74,2.66,2.74,667
GEELY80,20260216,6.7,6.75,6.7,6.75,180
GOLD03,20260216,3.56,3.6,3.56,3.58,262799
GOLD19,20260216,14.2,14.3,14.2,14.3,211267
GOLDUS19,20260216,47.25,48,47.25,47.5,134207
GOOG80,20260216,4.8,4.82,4.74,4.82,3796041
GOOGL01,20260216,28.25,28.5,27.75,28.5,202737
GOOGL03,20260216,4.82,4.84,4.74,4.8,126118
GRAB80,20260216,13.1,13.1,12.5,12.6,51598
GSUS06,20260216,4.02,4.04,3.86,4,10379
HAIERS19,20260216,10.9,11,10.9,10.9,116678
HANSOH19,20260216,5.85,5.9,5.85,5.9,1008
HERMES80,20260216,8,8,7.75,7.75,36739
HK01,20260216,21.3,21.5,21.3,21.4,5386
HK13,20260216,5.7,5.8,5.65,5.8,2701
HKCE01,20260216,24.5,24.7,24.4,24.7,2456
HKEX23,20260216,2.08,2.12,2.08,2.1,6191
HKTECH13,20260216,4.24,4.24,4.2,4.22,11394
HONDA19,20260216,3.22,3.22,3.12,3.16,92984
HOOD06,20260216,2.24,2.4,2.22,2.38,1275703
HORIZON23,20260216,2.22,2.24,2.22,2.24,2901
HPG19,20260216,3.28,3.3,3.26,3.28,43202
HSHD23,20260216,6.7,6.7,6.65,6.7,73407
HUAHONG23,20260216,5.65,5.75,5.6,5.65,193051
IBM06,20260216,3.22,3.28,3.2,3.24,9183
ICBC06,20260216,2.58,2.58,2.56,2.56,5312
ICBC19,20260216,2.58,2.58,2.56,2.58,1576
INDIA01,20260216,13.7,13.8,13.7,13.8,38855
INDIAESG19,20260216,4.22,4.26,4.22,4.26,34017
ISRG01,20260216,3.32,3.42,3.32,3.36,34604
ISRG06,20260216,2.94,3.1,2.94,3.04,44
ISRG19,20260216,3.74,3.74,3.74,3.74,3
ITOCHU19,20260216,7.05,7.3,7.05,7.3,13226
JAP03,20260216,3.46,3.58,3.46,3.58,4511
JAPAN10001,20260216,27.5,27.5,27,27.5,14606
JAPAN13,20260216,4.88,4.88,4.84,4.86,7716
JD80,20260216,4.16,4.26,4.14,4.26,446956
JDHEAL19,20260216,4.8,4.84,4.76,4.84,25415
JNJ03,20260216,3.82,3.82,3.76,3.78,4058
JPMUS06,20260216,3.12,3.16,3.08,3.16,117140
JPMUS19,20260216,18.9,19,18.6,19,34148
KEYENCE23,20260216,2.1,2.12,2.08,2.12,42333
KINGSOFT23,20260216,1.83,1.88,1.83,1.88,1942
KO80,20260216,2.46,2.5,2.4,2.42,55928
KUAISH01,20260216,3.36,3.38,3.34,3.34,429167
KUAISH06,20260216,2.72,2.74,2.7,2.74,479524
KUAISH23,20260216,1.92,1.96,1.92,1.93,702396
KUAISH80,20260216,2.68,2.74,2.68,2.74,1979799
LENOVO13,20260216,1.85,1.91,1.85,1.91,322
LLY80,20260216,1.62,1.64,1.61,1.61,2932049
LOREAL80,20260216,1.4,1.41,1.36,1.41,45593
LPGOLD13,20260216,3.12,3.26,3.12,3.26,25424
LULU06,20260216,2.6,2.74,2.6,2.7,22883
LVMH01,20260216,12.1,12.2,11.9,12,118101
MA80,20260216,1.65,1.66,1.61,1.65,601452
MEITUAN19,20260216,1.08,1.1,1.08,1.1,102074
MEITUAN80,20260216,3.22,3.28,3.22,3.26,638819
MELI06,20260216,2.52,2.52,2.44,2.5,367715
META01,20260216,5.9,6,5.85,5.9,63039
META06,20260216,2.5,2.54,2.48,2.5,105411
META80,20260216,2.52,2.54,2.44,2.44,2065970
MICRON01,20260216,8,8.15,7.65,7.75,3235735
MICRON19,20260216,8.4,8.65,8.2,8.4,91514
MITSU19,20260216,10.2,10.2,10,10.1,34553
MNSO80,20260216,15.5,15.5,15.5,15.5,2
MNST06,20260216,3.62,3.64,3.6,3.64,5528
MRVL06,20260216,2.42,2.5,2.42,2.48,90521
MS06,20260216,3.48,3.54,3.4,3.54,58253
MSFT01,20260216,3.68,3.72,3.64,3.7,676490
MSFT06,20260216,3.14,3.14,3.08,3.14,313519
MSFT19,20260216,4.2,4.2,4.14,4.16,5608
MSFT80,20260216,6.3,6.4,6.3,6.35,1215991
MSN11,20260216,3.78,3.78,3.76,3.76,606
MUFG19,20260216,5.95,6,5.85,5.9,100813
MWG11,20260216,4.44,4.46,4.42,4.42,107
MWG19,20260216,11.3,11.4,11.2,11.3,1789
NDAQ06,20260216,2.48,2.5,2.44,2.46,110276
NDX01,20260216,20.1,20.1,20,20.1,68213
NEM06,20260216,3.74,3.9,3.7,3.86,575736
NETEASE80,20260216,7.45,7.5,7.35,7.5,19621
NFLX06,20260216,2.38,2.42,2.34,2.42,54952
NFLX80,20260216,2.36,2.42,2.36,2.38,907820
NIKE80,20260216,0.96,0.99,0.95,0.98,369631
NIKKEI80,20260216,12.1,12.1,12,12,2759
NINTENDO19,20260216,17.3,17.4,17.2,17.2,47425
NINTENDO23,20260216,1.55,1.55,1.52,1.53,68826
NONGFU80,20260216,1.89,1.91,1.89,1.9,32558
NOVOB80,20260216,1.55,1.56,1.52,1.52,2410729
NOW19,20260216,3.22,3.36,3.22,3.32,56421
NVDA01,20260216,17.1,17.2,16.7,16.7,339344
NVDA03,20260216,3.88,3.88,3.78,3.8,16125
NVDA06,20260216,3.9,3.9,3.78,3.82,329524
NVDA19,20260216,23.2,23.2,22.7,22.8,15964
NVDA80,20260216,29,29.25,28.25,28.25,577830
OIL03,20260216,2.02,2.04,2.02,2.02,59190
ONON03,20260216,2.76,2.84,2.76,2.78,101131
ORCL01,20260216,3.04,3.16,3.04,3.1,174601
ORCL06,20260216,1.95,2.02,1.94,1.99,381284
ORCL19,20260216,4.86,5.05,4.84,4.96,180419
PANW80,20260216,5.1,5.3,5.05,5.2,150390
PEP80,20260216,1.05,1.05,1.01,1.02,130841
PETROCN80,20260216,3.66,3.66,3.66,3.66,308069
PFIZER19,20260216,17,17.4,17,17.3,15739
PINGAN01,20260216,6.4,6.4,6.4,6.4,185
PINGAN80,20260216,2.78,2.82,2.78,2.82,3720111
PLTR01,20260216,3.62,3.74,3.58,3.7,153716
PLTR03,20260216,2.66,2.78,2.62,2.74,38052
PLTR06,20260216,2.64,2.76,2.62,2.66,1646120
POPMART23,20260216,2.36,2.44,2.36,2.42,1688
POPMART80,20260216,9.95,10.1,9.85,10.1,183965
PYPL06,20260216,2.44,2.5,2.42,2.5,2886
QCOM06,20260216,2.16,2.22,2.12,2.18,397
QQQM19,20260216,15.4,15.6,15.3,15.6,984215
RBLX06,20260216,1.65,1.67,1.62,1.64,274913
SANOFI80,20260216,2.9,2.92,2.88,2.9,206452
SANRIO23,20260216,1.78,1.79,1.7,1.72,97839
SBUX80,20260216,1.52,1.52,1.47,1.48,29968
SEMB19,20260216,5.2,5.2,5.15,5.2,11554
SENSE23,20260216,2.62,2.72,2.6,2.7,133050
SGX19,20260216,4.44,4.44,4.42,4.44,736
SHOP06,20260216,1.71,1.77,1.68,1.77,162506
SIA19,20260216,17,17.2,17,17.1,15022
SINGTEL80,20260216,12.1,12.1,11.9,11.9,12488
SINOBIO19,20260216,5.25,5.25,5.25,5.25,9
SMFG19,20260216,12,12.1,11.8,11.8,32809
SMIC01,20260216,4,4.02,3.96,4,10614
SMIC13,20260216,1.93,1.95,1.93,1.95,1610
SMIC23,20260216,3.28,3.3,3.26,3.26,540135
SNOW06,20260216,2.66,2.88,2.66,2.8,203559
SOFTBANK23,20260216,1.75,1.82,1.74,1.79,829684
SONY80,20260216,3.68,3.68,3.66,3.68,489339
SP50001,20260216,21.6,21.6,21.4,21.6,41846
SP500US19,20260216,12.5,12.7,12.5,12.7,8288
SP500US80,20260216,2.5,2.52,2.5,2.52,189384
SPBOND80,20260216,8.15,8.15,8.05,8.15,15116
SPCOM80,20260216,3.54,3.62,3.5,3.62,6852
SPENGY80,20260216,3.34,3.38,3.3,3.32,136364
SPFIN80,20260216,16.1,16.1,16,16,3224
SPHLTH80,20260216,4.9,4.94,4.9,4.9,4104
SPOT06,20260216,1.73,1.78,1.73,1.76,45583
SPTECH80,20260216,8.65,8.75,8.6,8.75,12383
STAR5001,20260216,40.75,41.25,40.75,41,36237
STEG19,20260216,24.6,24.8,24.6,24.8,777
SUNNY19,20260216,2.26,2.3,2.26,2.3,72662
SUSHI23,20260216,2.9,2.92,2.84,2.92,101790
TAIWAN19,20260216,32.5,32.5,32.25,32.25,13477
TAIWANAI13,20260216,12.8,12.8,12.4,12.4,6983
TAIWANHD13,20260216,24,24.1,24,24,5044
TEL23,20260216,3.1,3.12,3.06,3.1,159974
TENCENT01,20260216,4.82,4.86,4.8,4.86,121071
TENCENT06,20260216,2.14,2.14,2.12,2.14,10046
TENCENT13,20260216,4.3,4.3,4.24,4.3,41
TENCENT19,20260216,10.7,10.7,10.6,10.7,2627
TENCENT80,20260216,21,21.1,21,21.1,469570
THAIBEV19,20260216,11.5,11.7,11.5,11.6,5409
TME23,20260216,1.54,1.55,1.53,1.55,3004291
TOYOTA80,20260216,7.5,7.5,7.45,7.45,256900
TRIPCOM23,20260216,1.67,1.7,1.66,1.7,2811
TRIPCOM80,20260216,1.66,1.69,1.65,1.69,5203537
TRVUS06,20260216,3.72,3.72,3.66,3.68,872
TSLA01,20260216,38,38.5,37.75,38.25,19176
TSLA03,20260216,4.3,4.4,4.28,4.3,1798
TSLA80,20260216,2.58,2.62,2.54,2.56,3312791
UBER06,20260216,2.22,2.22,2.14,2.22,354824
UBTECH23,20260216,2.18,2.26,2.18,2.24,860186
UNH19,20260216,4.42,4.54,4.42,4.54,538102
UNIQLO80,20260216,13.8,14,13.5,13.5,32351
UOB19,20260216,9.45,9.5,9.45,9.5,1876
USTR24,20260216,1.15,1.15,1.14,1.15,5106
VCB11,20260216,3.12,3.12,3.1,3.1,34811
VCB19,20260216,7.9,7.9,7.85,7.9,9986
VENTURE19,20260216,4.06,4.06,4.04,4.04,322
VHM19,20260216,13.2,13.3,13.2,13.3,1265
VISA06,20260216,1.27,1.27,1.21,1.24,484151
VISA80,20260216,1.26,1.28,1.23,1.24,4003280
VNFIN24,20260216,1.93,1.93,1.9,1.9,2030
VNM19,20260216,8.4,8.4,8.25,8.35,193155
WMT06,20260216,4.16,4.18,4.12,4.18,9054
WORLD03,20260216,3.7,3.7,3.7,3.7,15157
WUXI06,20260216,4.02,4.02,4,4,1803
WUXIAT80,20260216,4.98,5.05,4.98,5.05,74112
XIAOMI01,20260216,3.28,3.32,3.26,3.32,42793
XIAOMI13,20260216,3.06,3.18,3.06,3.12,4753
XIAOMI19,20260216,7.2,7.3,7.2,7.3,72741
XIAOMI23,20260216,1.74,1.77,1.74,1.77,677798
XIAOMI80,20260216,14.4,14.6,14.3,14.5,783138
ZIJIN13,20260216,2.98,2.98,2.92,2.96,476
ZIJIN80,20260216,17.2,17.2,17.1,17.2,127977
ACC-W2-O,20260216,0.13,0.13,0.13,0.13,66
ASW-W3-O,20260216,0.5,0.51,0.5,0.51,18
BR-W1-O,20260216,0.01,0.01,0.01,0.01,47
BTS-W8-O,20260216,0.01,0.01,0.01,0.01,13
BWG-W7-O,20260216,0.01,0.04,0.01,0.04,300
CHASE-W1-O,20260216,0.24,0.24,0.24,0.24,31
CHAYO-W4-O,20260216,0.37,0.37,0.27,0.37,171
CIG-W9-O,20260216,0.01,0.01,0.01,0.01,116
COMAN-W1-O,20260216,0.04,0.04,0.04,0.04,20
DEMCO-W8-O,20260216,0.52,0.53,0.51,0.51,75
EA-W1-O,20260216,0.24,0.79,0.24,0.75,801
ECF-W6-O,20260216,0.01,0.02,0.01,0.02,5
EMPIRE-W1-O,20260216,0.13,0.13,0.12,0.12,26
HYDRO-W2-O,20260216,0.1,0.1,0.1,0.1,29
IMH-W1-O,20260216,0.08,0.12,0.08,0.12,111
IROYAL-W2-O,20260216,1.01,1.01,1.01,1.01,1
ITEL-W5-O,20260216,0.08,0.09,0.08,0.08,100
ITEL-W6-O,20260216,0.16,0.16,0.16,0.16,75
JAS-W4-O,20260216,0.36,0.37,0.29,0.36,303
K-W3-O,20260216,0.03,0.05,0.03,0.05,4
KASET-W1-O,20260216,0.12,0.13,0.12,0.12,111
MGI-W1-O,20260216,0.72,0.74,0.07,0.74,200
NER-W2-O,20260216,0.11,0.11,0.1,0.11,213
NOBLE-W3-O,20260216,0.25,0.29,0.22,0.29,984
ORI-W2-O,20260216,0.38,0.4,0.37,0.38,467
PROEN-W2-O,20260216,0.31,0.31,0.29,0.31,99
PROUD-W3-O,20260216,0.11,0.11,0.11,0.11,25
SAMTEL-W2-O,20260216,0.56,0.56,0.56,0.56,33
SGC-W2-O,20260216,0.34,0.34,0.34,0.34,90
TCC-W5-O,20260216,0.11,0.11,0.11,0.11,1
TEAMG-W1-O,20260216,0.14,0.14,0.14,0.14,2
TFG-W4-O,20260216,1.01,1.01,1.01,1.01,30
TGE-W2-O,20260216,0.03,0.03,0.03,0.03,5
TNITY-W2-O,20260216,0.2,0.2,0.2,0.2,1
TVDH-W5-O,20260216,0.01,0.01,0.01,0.01,321
VIBHA-W5-O,20260216,0.04,0.07,0.04,0.04,833
VIH-W1-O,20260216,0.8,0.8,0.8,0.8,76
XBIO-W7-O,20260216,0.03,0.03,0.02,0.02,2
ZIGA-W2-O,20260216,0.07,0.07,0.07,0.07,265
A5-W5,20260216,0.08,0.09,0.08,0.09,61600
ACC-W2,20260216,0.14,0.15,0.13,0.14,1578400
ASW-W3,20260216,0.53,0.53,0.51,0.51,274500
B-W8,20260216,0.01,0.01,0.01,0.01,1200
BC-W4,20260216,0.06,0.07,0.06,0.07,4197000
BE8-W1,20260216,0.68,0.72,0.66,0.67,447600
BIOTEC-W2,20260216,0.01,0.01,0.01,0.01,28500
BR-W1,20260216,0.02,0.02,0.01,0.01,191900
BTC-W7,20260216,0.03,0.03,0.02,0.02,5456900
BTS-W8,20260216,0.01,0.01,0.01,0.01,1272800
BWG-W7,20260216,0.06,0.06,0.05,0.06,7655000
CAZ-W1,20260216,0.65,0.69,0.65,0.69,11100
CEN-W5,20260216,0.01,0.01,0.01,0.01,2600
CHASE-W1,20260216,0.25,0.25,0.24,0.25,207500
CHAYO-W4,20260216,0.39,0.41,0.37,0.37,2623200
CIG-W9,20260216,0.02,0.02,0.01,0.02,113600
COMAN-W1,20260216,0.04,0.06,0.04,0.06,108900
DEMCO-W8,20260216,0.52,0.55,0.51,0.52,1830900
EA-W1,20260216,0.77,0.8,0.76,0.77,11769600
ECF-W6,20260216,0.03,0.03,0.02,0.02,30100
EMC-W7,20260216,0.01,0.01,0.01,0.01,12000
EMPIRE-W1,20260216,0.1,0.13,0.1,0.11,7224200
EMPIRE-W2,20260216,0.15,0.16,0.14,0.14,2951400
GLORY-W1,20260216,0.16,0.16,0.15,0.16,364500
HYDRO-W2,20260216,0.1,0.11,0.09,0.11,715400
IMH-W1,20260216,0.09,0.13,0.08,0.09,10857500
IROYAL-W1,20260216,1.4,1.41,1.38,1.41,6500
IROYAL-W2,20260216,1.01,1.02,1,1,23500
ITEL-W5,20260216,0.1,0.1,0.09,0.1,32700
ITEL-W6,20260216,0.17,0.18,0.17,0.18,1498800
J-W3,20260216,0.06,0.07,0.05,0.05,862600
J-W4,20260216,0.06,0.07,0.06,0.06,65700
JAS-W4,20260216,0.39,0.39,0.35,0.35,32908100
K-W3,20260216,0.05,0.06,0.05,0.06,382200
KASET-W1,20260216,0.12,0.15,0.12,0.12,9511900
KGEN-W2,20260216,0.15,0.16,0.15,0.16,2100
KUN-W3,20260216,0.06,0.07,0.06,0.06,1281500
MADAME-W6,20260216,0.13,0.13,0.1,0.1,3809700
MGI-W1,20260216,0.73,0.74,0.7,0.71,368600
NER-W2,20260216,0.11,0.12,0.1,0.11,4827200
NOBLE-W3,20260216,0.25,0.3,0.23,0.28,33310200
NRF-W2,20260216,0.07,0.08,0.07,0.08,472000
ORI-W2,20260216,0.36,0.4,0.36,0.37,2386300
PEER-W2,20260216,0.01,0.02,0.01,0.01,77300
PLANET-W3,20260216,0.26,0.27,0.26,0.27,200
PPPM-W6,20260216,0.07,0.09,0.07,0.07,505900
PRG-W5,20260216,4,4,4,4,1000
PROEN-W2,20260216,0.32,0.32,0.31,0.31,472700
PROS-W1,20260216,0.01,0.01,0.01,0.01,400
PROUD-W3,20260216,0.12,0.13,0.11,0.13,276800
PSTC-W3,20260216,0.03,0.03,0.03,0.03,36400
PTECH-W1,20260216,0.23,0.49,0.23,0.26,52500
ROCTEC-W5,20260216,0.02,0.02,0.01,0.01,1709700
SAMTEL-W2,20260216,0.61,0.61,0.59,0.59,57800
SGC-W2,20260216,0.35,0.35,0.33,0.33,213100
STELLA-W6,20260216,0.04,0.05,0.04,0.04,3388100
TEAMG-W1,20260216,0.13,0.13,0.13,0.13,613100
TFG-W4,20260216,0.99,1.06,0.99,1.06,2841800
TGE-W2,20260216,0.05,0.06,0.05,0.05,846800
TNITY-W2,20260216,0.21,0.21,0.2,0.21,115800
TRUBB-W3,20260216,0.23,0.27,0.23,0.25,3145300
TVDH-W5,20260216,0.01,0.02,0.01,0.02,5100
TVDH-W6,20260216,0.03,0.03,0.03,0.03,1000000
UREKA-W3,20260216,0.18,0.19,0.18,0.18,54700
VGI-W3,20260216,0.02,0.03,0.02,0.03,9896500
VIBHA-W5,20260216,0.05,0.08,0.05,0.06,83453700
VIH-W1,20260216,0.73,1.34,0.69,0.95,1498900
WIIK-W3,20260216,0.01,0.01,0.01,0.01,900
XBIO-W6,20260216,0.03,0.04,0.03,0.03,54300
XBIO-W7,20260216,0.02,0.02,0.01,0.01,2600
ZIGA-W2,20260216,0.07,0.08,0.07,0.07,1780800
!AGRO,20260216,315.47,316.83,314.31,315.49,17710780000
!CONSUMP,20260216,43.94,44.23,43.88,44.04,1641250000
!FINCIAL,20260216,155.01,156.2,154.8,155.64,76409032800
!INDUS,20260216,58.12,58.16,57.31,58.11,20114070000
!PROPCON,20260216,76.02,76.23,75.61,75.98,74576110000
!RESOURC,20260216,168.31,169.49,166.79,167.41,58111830000
!SERVICE,20260216,307.91,308.36,304.52,305.61,138842200000
!TECH,20260216,527.82,532.47,523.56,527.22,35412670000
$AGRI,20260216,190.91,195.26,190.91,194.83,6160100000
$AUTO,20260216,311.99,314.43,311.71,313.24,11963230000
$BANK,20260216,482.8,486.8,481.92,485.41,51266322800
$COMM,20260216,21675.8,21676.8,21343.6,21643.1,18938060000
$CONMAT,20260216,5708.26,5720.07,5615.3,5655.51,4892660000
$CONS,20260216,34.69,34.81,34.39,34.65,12901610000
$ENERG,20260216,19197.6,19332.3,19024,19094.4,58111830000
$ETRON,20260216,24724.6,25052.4,24495.2,24709.2,5498060000
$FASHION,20260216,493.54,496.65,491.82,495.41,315470000
$FIN,20260216,2221.21,2244.98,2215.28,2217.97,24212760000
$FOOD,20260216,8838,8868.56,8790.89,8819.21,11550680000
$HELTH,20260216,4675.05,4735.87,4675.05,4723.76,13567700000
$HOME,20260216,15.63,15.7,15.54,15.67,322410000
$ICT,20260216,237.88,238.97,236.26,237.43,29914610000
$IMM,20260216,18.47,18.54,18.4,18.53,1387330000
$INSUR,20260216,9251.26,9305.49,9171.26,9259.8,929950000
$MEDIA,20260216,17.73,17.8,17.24,17.33,47061130000
$PAPER,20260216,2152.05,2166.11,2123.91,2152.05,22740000
$PERSON,20260216,73.69,74.33,73.57,73.77,1003370000
$PETRO,20260216,559.63,561.99,547.18,559.91,3676180000
$PF&REIT,20260216,134.57,135.16,134.24,134.73,2065120000
$PKG,20260216,2305.42,2305.42,2269,2292.18,1169640000
$PROF,20260216,143,145.03,141.18,141.45,2611350000
$PROP,20260216,169.91,171.3,169.42,170.51,54716720000
$STEEL,20260216,18,18.22,17.84,18.1,1894950000
$TOURISM,20260216,487.45,488.11,476.88,483.95,8644520000
$TRANS,20260216,230.74,231.42,225.63,225.92,48019440000
MAI,20260216,219.45,220.45,219.19,220.25,419663078
SET,20260216,1441.3,1447.68,1432.74,1438.09,8085319567
SET100,20260216,2075.25,2084.68,2061.35,2068.66,3055868628
SET50,20260216,971.66,976.15,964.98,968.61,1808208528
SETHD,20260216,1294.37,1301.5,1289.29,1295.38,1015661228
3BBIF-F,20260216,6.5,6.9,6.5,6.8,254900
ADVANC-F,20260216,390,390,390,390,6200
AOT-F,20260216,57.5,57.5,57.5,57.5,7600
BBL-F,20260216,164,164,164,164,9800
BDMS-F,20260216,23.8,23.8,23.8,23.8,2000
CPF-F,20260216,21.1,21.1,21,21.1,36000
CRC-F,20260216,21.1,21.1,21.1,21.1,1000
KTB-F,20260216,31,31,30.75,30.75,54300
OR-F,20260216,14.1,14.1,14.1,14.1,124400
PTT-F,20260216,35.75,35.75,35.75,35.75,246000
PTTEP-F,20260216,133.5,133.5,132.5,132.5,36100
PTTGC-F,20260216,26.5,26.5,25.75,25.75,198500
SCB-F,20260216,141,141.5,141,141.5,149500
TISCO-F,20260216,112,112,112,112,7500
TTB-F,20260216,2.02,2.04,2.02,2.04,1343900
!AGRO-M,20260216,59.27,60.19,59.27,59.82,1546770000
!CONSUMP-M,20260216,12.85,12.97,12.82,12.88,2609580000
!FINCIAL-M,20260216,30.9,31.15,30.57,30.88,1219430000
!INDUS-M,20260216,39.74,40.12,39.72,40.04,2574980000
!PROPCON-M,20260216,14.48,14.62,14.42,14.49,10760860000
!RESOURC-M,20260216,17.16,17.69,16.73,17.55,3764100000
!SERVICE-M,20260216,43.77,43.85,43.48,43.77,12815550000
!TECH-M,20260216,21.07,21.18,21.05,21.13,2053790000
SET100FF,20260216,1978.57,1987.26,1966.28,1975.12,305586862800
SET50FF,20260216,926.9,931.14,920.94,925.46,180820852800
SETCLMV,20260216,699.12,701.11,691.28,694.7,94633552800
SETESG,20260216,900.71,904.09,895.03,898.4,232596662800
SETWB,20260216,636.14,637.93,630.35,633.37,67593820000
SSET,20260216,609.3,611.35,607.66,610.99,55746110000
