<TICKER>,<DTYYYYMMDD>,<OPEN>,<HIGH>,<LOW>,<CLOSE>,<VOL>
1DIV-O,20260327,12.2,12.2,12.2,12.2,42
2X01BSET50-O,20260327,6.8,6.8,6.8,6.8,1
BMSCITH-O,20260327,11.85,11.85,11.7,11.7,9
CHINA-O,20260327,6.99,6.99,6.7,6.91,89
GLD-O,20260327,5.78,5.84,5.78,5.81,418
TDEX-O,20260327,9.37,9.5,9.37,9.39,367
1DIV,20260327,12.18,12.21,12.15,12.16,10200
1I01BSET50,20260327,4,4,3.98,3.98,7600
2I01BSET50,20260327,3.16,3.18,3.13,3.18,418700
2X01BSET50,20260327,6.83,6.88,6.76,6.8,98100
BMSCG,20260327,7.69,7.69,7.69,7.69,4000
BMSCITH,20260327,11.89,11.95,11.83,11.9,141500
BSET100,20260327,10.49,10.64,9.55,10.56,787700
CHINA,20260327,6.99,7,6.88,6.97,10200
GLD,20260327,5.78,5.83,5.77,5.79,1327600
TDEX,20260327,9.34,9.44,9.34,9.37,302800
UBOT,20260327,12.59,12.59,12.59,12.59,100
UHERO,20260327,7.89,7.89,7.89,7.89,200
2S,20260327,2.56,2.74,2.56,2.7,258400
3BBIF,20260327,6.55,6.6,6.55,6.55,3753700
88TH,20260327,5.05,5.05,4.94,4.96,662800
A5,20260327,1.85,1.85,1.81,1.85,16100
AAI,20260327,3.5,3.58,3.48,3.5,10355400
AAV,20260327,1.09,1.11,1.08,1.11,50231900
ABM,20260327,0.52,0.57,0.52,0.57,7100
ACC,20260327,0.38,0.39,0.37,0.37,1891200
ACE,20260327,1.28,1.29,1.27,1.27,3733300
ACG,20260327,0.63,0.63,0.6,0.6,36100
ADB,20260327,0.57,0.58,0.56,0.57,186100
ADD,20260327,3.44,3.46,3.44,3.46,3700
ADVANC,20260327,369,369,364,367,6213700
ADVICE,20260327,5.4,5.45,5.3,5.3,1455900
AE,20260327,0.08,0.09,0.08,0.08,323900
AEONTS,20260327,88.5,89,88,88.5,155700
AF,20260327,0.35,0.35,0.34,0.34,62200
AFC,20260327,3.06,3.08,3.06,3.08,200
AGE,20260327,1.33,1.38,1.32,1.33,5392000
AH,20260327,13,13,12.8,12.8,30100
AHC,20260327,13,13.3,13,13.3,1900
AI,20260327,2.9,2.94,2.9,2.9,50100
AIE,20260327,1.23,1.26,1.22,1.23,3678700
AIMCG,20260327,1.29,1.32,1.29,1.3,60300
AIMIRT,20260327,10.9,10.9,10.8,10.8,158900
AIRA,20260327,1.15,1.15,1.14,1.14,200
AIT,20260327,4.8,4.88,4.8,4.88,240800
AJ,20260327,2.6,2.62,2.48,2.5,3826700
AJA,20260327,0.17,0.18,0.16,0.17,931100
AKP,20260327,0.66,0.68,0.66,0.66,395200
AKR,20260327,0.92,0.93,0.91,0.91,1586200
ALLA,20260327,1.25,1.26,1.24,1.25,643700
ALLY,20260327,4.3,4.32,4.28,4.3,394300
ALPHAX,20260327,0.45,0.46,0.44,0.45,6998400
ALT,20260327,1.06,1.06,1.02,1.04,201900
ALUCON,20260327,218,220,218,220,1100
AMA,20260327,3.84,3.88,3.84,3.86,99100
AMANAH,20260327,0.63,0.65,0.63,0.64,492400
AMARC,20260327,3.26,3.28,3.22,3.26,1455300
AMARIN,20260327,2.86,2.86,2.86,2.86,100
AMATA,20260327,19.1,19.4,18.8,18.9,13277900
AMATAR,20260327,6.65,6.7,6.65,6.7,301800
AMATAV,20260327,2.08,2.08,2,2.02,39200
AMC,20260327,2.2,2.32,2.2,2.32,79000
AMR,20260327,0.33,0.33,0.31,0.33,232900
ANAN,20260327,0.36,0.37,0.36,0.37,308900
ANI,20260327,2.64,2.68,2.64,2.64,21100
AOT,20260327,51.25,52.5,50.75,52.25,52932000
AP,20260327,8.2,8.35,8.2,8.25,4491000
APCO,20260327,2.72,2.78,2.72,2.76,9500
APCS,20260327,1.17,1.21,0.95,1.21,80100
APO,20260327,2.36,2.36,2.22,2.3,2025200
APP,20260327,2.64,2.66,2.6,2.62,310800
APURE,20260327,2.24,2.32,2.2,2.22,344700
AQUA,20260327,0.12,0.13,0.12,0.13,1597100
ARIN,20260327,0.49,0.5,0.49,0.49,489800
ARIP,20260327,0.44,0.46,0.43,0.44,319400
ARROW,20260327,5.45,5.45,5.25,5.3,6400
AS,20260327,2.74,2.84,2.68,2.7,5373700
ASAP,20260327,1.17,1.25,1.14,1.19,32200
ASEFA,20260327,4,4.02,3.98,4.02,42300
ASIA,20260327,5.85,6,5.85,6,600
ASIAN,20260327,6.9,7.1,6.9,7.05,868700
ASIMAR,20260327,1.46,1.47,1.44,1.47,54900
ASK,20260327,7.75,7.9,7.75,7.85,210900
ASN,20260327,0.67,0.68,0.67,0.68,4600
ASP,20260327,2.04,2.06,2.02,2.04,700800
ASW,20260327,7,7.1,6.95,7.05,443000
ATLAS,20260327,1.93,2.06,1.93,1.99,75635800
ATP30,20260327,0.83,0.85,0.83,0.84,396500
AU,20260327,4.78,4.86,4.78,4.8,158500
AUCT,20260327,4.94,4.98,4.94,4.96,231700
AURA,20260327,13.3,13.8,13.2,13.8,2817400
AWC,20260327,2.06,2.1,2.06,2.08,43735000
AXTRART,20260327,12.4,12.7,12.4,12.7,580400
AYUD,20260327,36.75,36.75,36.5,36.5,15100
B,20260327,0.04,0.04,0.03,0.04,275400
B-WORK,20260327,5.35,5.45,5.35,5.4,164800
B52,20260327,0.26,0.26,0.26,0.26,5000
BA,20260327,13.1,13.3,13,13.2,4551200
BAFS,20260327,8.3,8.4,8.2,8.3,100200
BAM,20260327,6.75,6.9,6.75,6.8,14187400
BANPU,20260327,5.95,6.15,5.95,6.1,91960300
BAREIT,20260327,10.4,10.5,10.3,10.3,593600
BAY,20260327,25.5,25.75,25.25,25.5,179600
BBGI,20260327,4.12,4.22,4.12,4.16,1433800
BBIK,20260327,18.4,18.6,18.3,18.4,675000
BBL,20260327,169.5,169.5,167,167.5,7634300
BC,20260327,0.68,0.68,0.66,0.66,45200
BCH,20260327,9.4,9.5,9.35,9.45,12486200
BCP,20260327,39.5,40.25,39,39.5,9874100
BCPG,20260327,6.45,6.65,6.4,6.45,12312500
BCT,20260327,43.5,43.75,43,43,2500
BDMS,20260327,18.4,18.5,18.3,18.4,81337300
BE8,20260327,5.8,5.9,5.6,5.6,192300
BEAUTY,20260327,0.34,0.35,0.34,0.34,2837200
BEC,20260327,1.92,1.94,1.91,1.93,278800
BEM,20260327,5.1,5.2,5.1,5.1,25015400
BEYOND,20260327,8.55,8.6,8.5,8.6,99700
BGC,20260327,5.3,5.45,5.3,5.45,746600
BGRIM,20260327,11.2,11.6,11.2,11.4,14537300
BGT,20260327,0.36,0.4,0.36,0.39,26800
BH,20260327,164.5,166.5,163,164,5117200
BIG,20260327,0.29,0.29,0.28,0.29,1537500
BIOTEC,20260327,0.31,0.32,0.28,0.29,39585600
BIS,20260327,2.04,2.06,1.98,1.98,59600
BIZ,20260327,4.6,4.74,4.6,4.64,72100
BJC,20260327,13.9,14.1,13.8,14,6704200
BJCHI,20260327,0.61,0.62,0.61,0.62,62400
BKA,20260327,0.83,0.85,0.82,0.83,591100
BKD,20260327,1.09,1.09,1.05,1.08,111900
BKGI,20260327,1.36,1.38,1.36,1.37,33400
BKIH,20260327,318,319,316,318,11900
BLA,20260327,19.3,20,19.3,19.9,2066700
BLAND,20260327,0.41,0.42,0.4,0.41,28188200
BLC,20260327,3.84,3.88,3.8,3.82,627200
BLESS,20260327,0.23,0.25,0.23,0.24,232500
BM,20260327,1.01,1.01,0.99,1,585800
BOFFICE,20260327,5.2,5.25,5.2,5.25,7300
BOL,20260327,4.98,5,4.96,5,138300
BPP,20260327,12.1,12.5,12.1,12.4,234100
BPS,20260327,0.42,0.42,0.42,0.42,3500
BR,20260327,1.58,1.69,1.58,1.64,2031400
BRI,20260327,1.33,1.34,1.32,1.34,182400
BROCK,20260327,1.37,1.37,1.29,1.29,800
BRR,20260327,3.82,3.84,3.8,3.8,58700
BRRGIF,20260327,3.72,3.72,3.68,3.72,688800
BSBM,20260327,0.58,0.63,0.57,0.58,550300
BSM,20260327,0.4,0.4,0.4,0.4,100
BTC,20260327,0.18,0.19,0.18,0.19,1968200
BTG,20260327,21.5,24.6,21.4,24.2,48128100
BTNC,20260327,19.9,20,19.9,20,6600
BTS,20260327,2.04,2.08,2.02,2.04,66566200
BTSGIF,20260327,2.52,2.54,2.52,2.54,979300
BTW,20260327,0.09,0.1,0.08,0.09,7700
BUI,20260327,10.9,10.9,10.9,10.9,3700
BVG,20260327,1.57,1.61,1.57,1.61,39100
BWG,20260327,0.3,0.31,0.29,0.29,72658000
BYD,20260327,0.5,0.5,0.49,0.49,3244200
CAZ,20260327,1.43,1.43,1.37,1.43,25700
CBG,20260327,35.5,36.25,35.25,36,3472200
CCET,20260327,4.82,4.84,4.72,4.72,18941700
CCP,20260327,0.26,0.26,0.25,0.26,1218100
CEN,20260327,0.54,0.57,0.54,0.54,654300
CENTEL,20260327,34,34,32,32.5,8427700
CEYE,20260327,1.39,1.39,1.39,1.39,200
CFARM,20260327,0.91,0.95,0.87,0.88,47366700
CFRESH,20260327,0.93,1,0.89,0.92,7553300
CGD,20260327,0.11,0.12,0.1,0.11,807700
CGH,20260327,0.43,0.44,0.43,0.44,565900
CH,20260327,1.58,1.62,1.58,1.61,34400
CHAO,20260327,4.38,4.38,4.34,4.34,118000
CHASE,20260327,0.48,0.48,0.46,0.47,412700
CHAYO,20260327,1.01,1.01,0.99,1,2012300
CHEWA,20260327,0.19,0.19,0.18,0.18,23000
CHG,20260327,1.4,1.43,1.4,1.41,11104500
CHIC,20260327,0.24,0.25,0.24,0.25,36400
CHOW,20260327,1.21,1.3,1.21,1.24,166300
CI,20260327,0.31,0.32,0.31,0.32,91200
CIG,20260327,0.03,0.03,0.02,0.03,483500
CIVIL,20260327,0.84,0.84,0.82,0.82,38700
CK,20260327,14.6,14.9,14.5,14.7,2854500
CKP,20260327,2.26,2.32,2.24,2.3,6179000
CM,20260327,1.64,1.68,1.63,1.64,27100
CMAN,20260327,2.6,2.62,2.58,2.62,44100
CMC,20260327,0.37,0.39,0.37,0.39,9500
CMO,20260327,0.71,0.72,0.69,0.7,510500
CMR,20260327,1.34,1.36,1.33,1.35,180600
CNT,20260327,1.04,1.04,1,1,10600
COCOCO,20260327,5.55,5.55,5.5,5.5,150000
COLOR,20260327,1.03,1.03,1.03,1.03,9600
COM7,20260327,22.2,22.2,21.6,21.7,12036400
COMAN,20260327,0.59,0.61,0.59,0.61,20300
CPALL,20260327,44.25,45.25,44,44,48836200
CPANEL,20260327,1.93,1.95,1.91,1.93,52600
CPAXT,20260327,15.1,15.3,15,15.2,15413900
CPF,20260327,20.2,21,20,20.8,64386300
CPH,20260327,8.15,8.15,7.95,8,19500
CPI,20260327,3.54,3.54,3.48,3.54,634300
CPL,20260327,0.61,0.64,0.61,0.62,136700
CPN,20260327,62.75,63,61,61.25,16041100
CPNCG,20260327,6.15,6.15,6.1,6.15,414100
CPNREIT,20260327,11.4,11.6,11.4,11.6,1931800
CPR,20260327,2.62,2.66,2.62,2.66,44500
CPT,20260327,1.01,1.02,1,1.02,106900
CPTREIT,20260327,5.5,5.55,5.5,5.55,21500
CPW,20260327,2.1,2.14,2.1,2.12,131900
CRANE,20260327,0.4,0.45,0.4,0.42,79000
CRC,20260327,18.4,18.6,18,18.1,17786300
CRD,20260327,0.34,0.35,0.33,0.35,178400
CREDIT,20260327,16.9,17.1,16.8,16.9,274000
CSC,20260327,43,43,42.75,43,3400
CSP,20260327,0.43,0.54,0.42,0.45,4185700
CSR,20260327,71,71,69.5,69.5,200
CSS,20260327,0.78,0.78,0.76,0.77,2200
CTARAF,20260327,4.56,4.56,4.54,4.56,136200
CTW,20260327,3.92,4,3.9,4,173700
CWT,20260327,0.82,0.85,0.82,0.82,454500
D,20260327,2.74,2.76,2.74,2.76,82700
DCC,20260327,1.21,1.22,1.2,1.21,402000
DCON,20260327,0.21,0.21,0.2,0.21,369300
DDD,20260327,5.3,5.35,5.25,5.25,13000
DELTA,20260327,280,283,271,276,14891400
DEMCO,20260327,2.16,2.18,2.08,2.16,522000
DHOUSE,20260327,0.38,0.39,0.37,0.39,3900
DIF,20260327,9.45,9.5,9.45,9.45,5073500
DIMET,20260327,0.05,0.05,0.05,0.05,99000
DITTO,20260327,10.4,10.6,10.3,10.4,332000
DMT,20260327,11.1,11.2,11,11.1,731100
DOD,20260327,1.76,1.76,1.72,1.72,160300
DOHOME,20260327,3.14,3.18,3.08,3.14,13996400
DPAINT,20260327,0.7,0.72,0.68,0.7,734900
DREIT,20260327,4.7,4.72,4.68,4.72,80000
DRT,20260327,4.66,4.68,4.64,4.66,118400
DTCENT,20260327,0.89,0.9,0.88,0.9,545000
DTCI,20260327,19.4,19.4,19.4,19.4,100
DUSIT,20260327,10.3,10.4,10.1,10.2,179000
DV8,20260327,5.45,5.55,5.2,5.35,15956300
EA,20260327,2.6,2.64,2.56,2.58,35907400
EASON,20260327,1.11,1.11,1.11,1.11,7800
EAST,20260327,0.62,0.64,0.62,0.63,246600
EASTW,20260327,2.76,3.02,2.76,2.9,5363400
EFORL,20260327,0.13,0.14,0.12,0.13,6632800
EGATIF,20260327,6.15,6.15,6.1,6.1,44300
EGCO,20260327,111.5,112,110.5,110.5,1122000
EKH,20260327,4.96,4.98,4.96,4.98,228200
EMC,20260327,0.02,0.03,0.02,0.02,2892200
EMPIRE,20260327,0.53,0.54,0.52,0.53,697800
EP,20260327,1.16,1.16,1.16,1.16,55300
EPG,20260327,3.1,3.18,3.1,3.1,3869500
ERW,20260327,2.46,2.48,2.4,2.42,13223500
ESTAR,20260327,0.21,0.23,0.21,0.23,1369700
ETC,20260327,0.67,0.69,0.66,0.67,10357200
ETE,20260327,0.61,0.61,0.6,0.6,50300
ETL,20260327,0.49,0.5,0.48,0.49,443800
EURO,20260327,4.2,4.2,4.2,4.2,100
EVER,20260327,0.05,0.05,0.04,0.05,1811100
FANCY,20260327,0.3,0.3,0.27,0.3,24400
FLOYD,20260327,1.12,1.12,1.11,1.12,61400
FM,20260327,3.98,4.12,3.96,4.1,7428700
FMT,20260327,16.6,17,16.4,17,2600
FN,20260327,0.42,0.44,0.41,0.43,29200
FNS,20260327,0.53,0.56,0.5,0.52,13300
FORTH,20260327,6.5,6.55,6.4,6.45,705500
FPI,20260327,1.68,1.68,1.68,1.68,500
FPT,20260327,5.9,6,5.9,6,7300
FSMART,20260327,6.25,6.3,6.15,6.2,303000
FSX,20260327,1.22,1.27,1.22,1.22,71800
FTE,20260327,1.99,2,1.99,1.99,27500
FTI,20260327,1.84,1.9,1.81,1.81,40600
FTREIT,20260327,10.8,10.8,10.6,10.8,1431800
FUTURERT,20260327,8.9,8.9,8.8,8.85,128500
FVC,20260327,0.34,0.37,0.33,0.34,3368700
GABLE,20260327,3.86,3.88,3.84,3.86,219500
GAHREIT,20260327,4.16,4.24,4.16,4.24,15400
GBX,20260327,0.54,0.55,0.53,0.55,204200
GC,20260327,4.46,4.48,4.46,4.46,136500
GCAP,20260327,0.26,0.27,0.26,0.26,13800
GEL,20260327,0.03,0.04,0.03,0.03,210000
GENCO,20260327,0.3,0.31,0.29,0.3,174600
GFC,20260327,2.88,2.88,2.88,2.88,3000
GFPT,20260327,9.3,9.6,9.3,9.4,7148400
GGC,20260327,4,4.12,3.96,4,233700
GJS,20260327,0.13,0.14,0.12,0.13,741400
GLOBAL,20260327,5.55,5.55,5.3,5.4,25133300
GLORY,20260327,0.55,0.57,0.55,0.57,30500
GPI,20260327,1.65,1.65,1.64,1.64,113700
GPSC,20260327,32.5,34,32.5,33.5,16475700
GRAMMY,20260327,3.78,3.78,3.76,3.76,1700
GREEN,20260327,0.61,0.77,0.61,0.66,4515800
GROREIT,20260327,7.9,7.9,7.8,7.8,38500
GTB,20260327,0.73,0.75,0.73,0.74,38200
GTV,20260327,0.04,0.04,0.03,0.03,11034900
GULF,20260327,57,58.75,56.75,58.25,66476100
GUNKUL,20260327,2.38,2.5,2.36,2.44,85788500
GVREIT,20260327,6.45,6.5,6.4,6.4,180900
HANA,20260327,28.75,29,27.25,27.75,19982900
HANN,20260327,0.95,0.96,0.94,0.95,510900
HARN,20260327,2,2.02,2,2.02,11100
HEALTH,20260327,0.39,0.4,0.36,0.4,22300
HENG,20260327,0.87,0.87,0.85,0.85,1965200
HFT,20260327,4.5,4.54,4.5,4.5,266600
HL,20260327,6.45,6.45,6.1,6.2,38600
HMPRO,20260327,6.1,6.15,6,6.05,47302300
HPF,20260327,5.4,5.4,5.4,5.4,100
HTC,20260327,15.4,15.5,15.3,15.5,202700
HTECH,20260327,2.74,2.82,2.74,2.74,244300
HUMAN,20260327,3.86,3.88,3.84,3.86,4869100
HYDRO,20260327,2.6,2.6,2.44,2.58,9200
HYDROGEN,20260327,8.2,8.2,8.2,8.2,40000
I2,20260327,0.63,0.64,0.63,0.63,147900
ICHI,20260327,12,12.2,11.9,12,13306800
ICN,20260327,1.67,1.75,1.65,1.73,1112700
IDG,20260327,1.45,1.46,1.44,1.44,27300
IFS,20260327,1.88,1.9,1.88,1.9,5300
IHL,20260327,1.38,1.43,1.38,1.43,17500
IIG,20260327,1.38,1.38,1.35,1.35,203700
III,20260327,3.84,3.9,3.82,3.86,180400
ILINK,20260327,4.48,4.54,4.48,4.54,152200
ILM,20260327,13.1,13.1,13,13,195300
IMH,20260327,3.08,3.08,3.04,3.08,5500
IMPACT,20260327,10.8,10.9,10.7,10.9,418700
IND,20260327,1.14,1.15,1.13,1.13,203100
INET,20260327,3.56,3.56,3.46,3.5,102300
INETREIT,20260327,12.1,12.2,12,12.1,2994300
INGRS,20260327,0.37,0.39,0.36,0.36,1893500
INOX,20260327,0.42,0.44,0.41,0.43,4060400
INSET,20260327,2.6,2.64,2.52,2.54,2880300
IP,20260327,3.96,4,3.9,3.96,57800
IRC,20260327,11.5,11.5,11.3,11.3,200
IRCP,20260327,0.25,0.26,0.24,0.25,245100
IROYAL,20260327,5.65,5.75,5.6,5.65,278000
IRPC,20260327,1.91,1.99,1.9,1.92,241781800
ISSARA,20260327,7.35,7.35,7.25,7.25,500
IT,20260327,4,4.02,3.98,4.02,102500
ITC,20260327,14.4,15.4,14.4,15.1,17443200
ITD,20260327,0.24,0.24,0.22,0.23,3084800
ITEL,20260327,1.14,1.15,1.13,1.15,1467800
ITNS,20260327,1.7,1.72,1.68,1.72,63100
ITTHI,20260327,1.15,1.16,1.15,1.16,105100
IVF,20260327,0.6,0.62,0.59,0.59,1445900
IVL,20260327,23,23.2,22.8,23,19539500
J,20260327,0.63,0.63,0.61,0.62,20400
JAK,20260327,0.79,0.81,0.79,0.81,418300
JAS,20260327,1.13,1.16,1.12,1.12,25358900
JCK,20260327,0.13,0.13,0.12,0.13,231400
JCT,20260327,79.75,79.75,79.75,79.75,200
JDF,20260327,1.57,1.66,1.56,1.62,298600
JMART,20260327,6.5,6.55,6.4,6.45,3444800
JMT,20260327,8.45,8.6,8.4,8.5,7169100
JPARK,20260327,2.9,2.9,2.88,2.88,136600
JR,20260327,1.72,1.75,1.72,1.74,142400
JSP,20260327,1.97,1.97,1.91,1.96,22000
JTS,20260327,54.25,54.5,52,52,626500
JUBILE,20260327,7.25,7.25,7.25,7.25,3300
K,20260327,0.97,1.02,0.97,1.02,3100
KAMART,20260327,8.1,8.25,8.05,8.1,479700
KASET,20260327,0.79,0.81,0.78,0.78,948300
KBANK,20260327,192,192.5,190.5,191,11701900
KBS,20260327,5.8,5.95,5.8,5.9,234900
KBSPIF,20260327,8.35,8.4,8.35,8.4,15600
KC,20260327,0.03,0.03,0.02,0.03,208900
KCAR,20260327,4.66,4.7,4.64,4.7,22600
KCC,20260327,1.98,1.98,1.96,1.98,11100
KCE,20260327,22.7,22.8,22.1,22.3,18797100
KCG,20260327,9.3,9.6,9.3,9.5,1530700
KCM,20260327,0.18,0.2,0.17,0.19,552800
KGEN,20260327,1.16,1.39,1.15,1.29,28171000
KGI,20260327,4.3,4.34,4.28,4.3,1107500
KIAT,20260327,0.32,0.32,0.31,0.31,1289300
KISS,20260327,3.22,3.28,3.22,3.28,134200
KJL,20260327,5.65,5.95,5.65,5.75,55000
KK,20260327,0.98,1.02,0.97,1,25900
KKP,20260327,76.5,76.5,74.75,75.5,3765600
KLINIQ,20260327,23,23.4,23,23,151700
KOOL,20260327,0.28,0.28,0.27,0.28,485600
KSL,20260327,1.7,1.73,1.66,1.66,3604400
KTB,20260327,35.25,35.5,34.75,35,41998700
KTBSTMR,20260327,5.4,5.45,5.35,5.4,80300
KTC,20260327,28.75,29.25,28.75,29,16800400
KTIS,20260327,1.98,1.99,1.93,1.95,727700
KTMS,20260327,1.36,1.42,1.35,1.42,347800
KUMWEL,20260327,1.05,1.06,1.05,1.05,107300
KUN,20260327,0.7,0.7,0.69,0.7,3000
KWM,20260327,0.85,0.86,0.85,0.85,39900
KYE,20260327,287,289,287,288,1400
L&E,20260327,1.25,1.26,1.15,1.24,183400
LALIN,20260327,4.54,4.56,4.54,4.56,33100
LANNA,20260327,15.4,15.5,15.3,15.4,949600
LDC,20260327,0.25,0.26,0.24,0.25,162500
LEE,20260327,2.48,2.5,2.44,2.46,259600
LEO,20260327,1.76,1.8,1.75,1.79,130700
LH,20260327,3.72,3.72,3.66,3.7,21175700
LHFG,20260327,1.01,1.02,1,1.02,4365300
LHHOTEL,20260327,12.5,12.6,12.5,12.6,584500
LHK,20260327,3.4,3.4,3.36,3.36,82300
LHRREIT,20260327,4.28,4.3,4.28,4.3,6800
LHSC,20260327,13.9,14,13.8,14,244000
LIT,20260327,0.63,0.63,0.61,0.62,52100
LOXLEY,20260327,1.32,1.35,1.32,1.35,95800
LPH,20260327,3.7,3.7,3.58,3.7,70300
LPN,20260327,1.57,1.59,1.56,1.58,931600
LST,20260327,4.68,4.68,4.64,4.64,27400
LTMH,20260327,4.6,4.76,4.6,4.76,1100
LTS,20260327,2.16,2.22,2.1,2.14,563900
LUXF,20260327,8.75,8.85,8.7,8.85,14900
M,20260327,18.5,18.8,18.5,18.6,1569500
M-CHAI,20260327,18.4,19,18.3,18.3,17500
M-PAT,20260327,1.17,1.23,1.17,1.23,3200
MADAME,20260327,0.54,0.6,0.54,0.59,404100
MAGURO,20260327,19.5,19.6,19.3,19.3,356600
MAJOR,20260327,7.4,7.4,7.15,7.25,4007100
MALEE,20260327,4.04,4.24,4.04,4.14,2591000
MASTEC,20260327,1.24,1.24,1.2,1.2,560300
MASTER,20260327,8.5,8.6,8.4,8.45,199400
MATCH,20260327,0.96,0.96,0.96,0.96,100
MATI,20260327,3.02,3.02,3.02,3.02,100
MBAX,20260327,1.95,1.96,1.9,1.91,35600
MBK,20260327,17,17.2,16.8,16.9,1108600
MC,20260327,10.6,10.8,10.6,10.6,1009200
MCA,20260327,1.15,1.16,1.15,1.15,47800
MCOT,20260327,6.25,6.7,6.15,6.2,2545400
MCS,20260327,9.3,9.45,9.3,9.45,335500
MDX,20260327,2.28,2.32,2.26,2.26,682200
MEB,20260327,13.6,13.8,13.6,13.6,457000
MEDEZE,20260327,6.1,6.25,6.05,6.1,278900
MEGA,20260327,34,34.25,33.75,34.25,484500
MENA,20260327,0.63,0.64,0.62,0.64,388500
METCO,20260327,263,267,261,263,2000
MFC,20260327,22.1,22.5,22,22.5,95900
MFEC,20260327,5.9,6.1,5.9,6,117000
MGC,20260327,4.3,4.36,4.28,4.3,230900
MGI,20260327,5.2,5.35,5.2,5.2,110300
MGT,20260327,1.85,1.88,1.85,1.87,115700
MICRO,20260327,0.81,0.83,0.81,0.82,60900
MIDA,20260327,0.25,0.26,0.24,0.25,253100
MII,20260327,4.9,4.9,4.78,4.88,29100
MINT,20260327,21.7,21.8,21.2,21.5,22825000
MITSIB,20260327,0.54,0.54,0.53,0.53,46300
MJD,20260327,0.34,0.34,0.33,0.34,74200
MJLF,20260327,5,5.05,5,5.05,11800
MK,20260327,0.51,0.52,0.51,0.52,11900
ML,20260327,0.42,0.44,0.42,0.43,20500
MMM,20260327,2.84,2.84,2.76,2.78,883400
MNIT,20260327,1.94,1.95,1.94,1.95,3000
MNIT2,20260327,4.98,4.98,4.98,4.98,100
MNRF,20260327,2.06,2.34,2.06,2.12,10400
MODERN,20260327,2.04,2.08,2.04,2.08,2100
MONO,20260327,0.98,1.01,0.96,0.98,10219100
MOONG,20260327,2.24,2.24,2.24,2.24,36100
MORE,20260327,0.04,0.04,0.03,0.03,1242800
MOSHI,20260327,35,35.25,34.5,35,457500
MOTHER,20260327,1.09,1.11,1.09,1.09,63700
MPJ,20260327,3.92,3.94,3.92,3.94,32800
MRDIYT,20260327,8.3,8.35,8.15,8.15,3005400
MSC,20260327,6.55,6.6,6.55,6.55,9500
MST,20260327,6.85,6.85,6.75,6.8,10400
MTC,20260327,27.75,28,27.25,27.75,18346100
MTI,20260327,15.4,15.4,15.3,15.3,35000
MTW,20260327,0.84,0.85,0.81,0.84,119100
MUD,20260327,0.72,0.75,0.72,0.75,21000
NAM,20260327,3.74,3.78,3.7,3.72,6000
NAT,20260327,2.24,2.24,2.22,2.22,4500
NATION,20260327,0.04,0.05,0.03,0.04,713100
NC,20260327,1.92,1.92,1.92,1.92,200
NCAP,20260327,2.54,2.56,2.5,2.54,692800
NCH,20260327,0.39,0.39,0.38,0.38,38500
NCL,20260327,0.23,0.23,0.22,0.23,98400
NCP,20260327,1.04,1.05,1.01,1.04,5700
NDR,20260327,1.42,1.43,1,1.29,1142700
NEO,20260327,18.8,18.9,18.7,18.7,57900
NEP,20260327,0.2,0.21,0.2,0.21,21100
NER,20260327,4.76,4.96,4.76,4.88,32449300
NETBAY,20260327,17.7,17.8,17.6,17.7,199100
NEX,20260327,1.03,1.06,1.01,1.02,18299700
NKI,20260327,12.6,12.6,11.9,11.9,6300
NKT,20260327,4.1,4.12,4.1,4.1,132700
NL,20260327,0.63,0.65,0.62,0.62,44000
NNCL,20260327,1.53,1.55,1.53,1.54,50700
NOBLE,20260327,2,2.04,1.98,2.02,241400
NOVA,20260327,8.15,8.15,7.5,7.55,16900
NPK,20260327,13.6,13.6,13.6,13.6,100
NRF,20260327,0.24,0.24,0.22,0.23,299800
NSL,20260327,22,22.1,21.9,22.1,181200
NTF,20260327,11.3,11.9,11.2,11.4,2889500
NTSC,20260327,6,6.05,6,6,9500
NTV,20260327,21.8,21.9,21.8,21.9,1600
NUT,20260327,4.16,4.22,4.12,4.14,10200
NV,20260327,0.51,0.52,0.5,0.51,84900
NVD,20260327,0.76,0.77,0.76,0.77,2000
NYT,20260327,4.06,4.12,4.06,4.1,2480300
OHTL,20260327,262,262,262,262,1500
OKJ,20260327,3.46,3.5,3.46,3.46,319600
ONEE,20260327,2.68,2.68,2.62,2.64,511900
ONSENS,20260327,1.2,1.21,1.17,1.21,605400
OR,20260327,12.3,12.6,12.2,12.3,55387300
ORI,20260327,1.78,1.81,1.75,1.76,1338700
ORN,20260327,0.77,0.78,0.76,0.78,385300
OSP,20260327,14.4,14.5,14.2,14.4,12804100
PACO,20260327,1.28,1.29,1.26,1.29,47400
PAF,20260327,0.63,0.64,0.62,0.64,41700
PANEL,20260327,1.21,1.25,1.19,1.25,61200
PAP,20260327,2.26,2.46,2.26,2.36,1114500
PATO,20260327,6.45,6.5,6.45,6.45,18200
PB,20260327,48.75,49.75,48,49.75,8100
PCC,20260327,2.68,2.7,2.66,2.68,207600
PCE,20260327,2.66,2.68,2.6,2.64,9166000
PCSGH,20260327,3.1,3.1,3.04,3.04,39900
PDG,20260327,3,3.04,3,3.04,5200
PDJ,20260327,0.93,0.95,0.93,0.95,83700
PEACE,20260327,1.78,1.78,1.73,1.75,4000
PEER,20260327,0.08,0.1,0.08,0.1,919000
PERM,20260327,0.23,0.23,0.21,0.22,458100
PG,20260327,6.55,6.65,6.55,6.65,200
PHG,20260327,12.4,12.5,12.4,12.5,105000
PHOL,20260327,2.82,2.84,2.8,2.84,116100
PICO,20260327,4.1,4.1,4.1,4.1,300
PIMO,20260327,1.01,1.01,1,1,443100
PIN,20260327,4.32,4.32,4.24,4.3,73700
PIS,20260327,3.76,3.82,3.7,3.78,196500
PJW,20260327,2.02,2.04,2.02,2.04,229900
PK,20260327,0.38,0.47,0.38,0.44,5805100
PLANB,20260327,3.66,3.74,3.66,3.72,6489600
PLANET,20260327,0.35,0.39,0.34,0.36,1232600
PLAT,20260327,1.05,1.07,1.05,1.06,284500
PLE,20260327,0.18,0.18,0.17,0.17,8603100
PLT,20260327,0.58,0.6,0.57,0.57,1462500
PLUS,20260327,1.29,1.31,1.29,1.3,104800
PM,20260327,11.1,11.2,11.1,11.1,523500
PMC,20260327,0.88,0.88,0.86,0.86,189700
PMTA,20260327,9.7,9.75,9.6,9.75,9900
POLY,20260327,6.95,6.95,6.95,6.95,2800
POPF,20260327,6.8,6.85,6.8,6.8,235200
PORT,20260327,0.5,0.52,0.5,0.51,315300
PPM,20260327,1.3,1.3,1.28,1.28,64900
PPP,20260327,0.76,0.76,0.75,0.75,62400
PPPM,20260327,0.25,0.33,0.25,0.33,3087000
PPS,20260327,0.17,0.17,0.16,0.16,858200
PQS,20260327,1.57,1.58,1.55,1.56,136200
PR9,20260327,16.4,16.4,16.2,16.2,987400
PRAKIT,20260327,11.7,11.7,11.6,11.6,4700
PRAPAT,20260327,0.72,0.72,0.71,0.72,155700
PREB,20260327,3.78,3.84,3.74,3.8,72100
PRECHA,20260327,0.47,0.48,0.47,0.48,16000
PRG,20260327,8.75,8.85,8.75,8.85,12100
PRI,20260327,3.98,3.98,3.9,3.94,18100
PRIME,20260327,0.05,0.06,0.05,0.05,227400
PRIN,20260327,1.41,1.41,1.41,1.41,100
PRINC,20260327,1.78,1.78,1.77,1.78,20000
PRM,20260327,7.7,7.95,7.7,7.9,6399200
PROEN,20260327,0.98,0.99,0.97,0.97,667000
PROS,20260327,0.27,0.29,0.27,0.28,145500
PROSPECT,20260327,7,7,6.95,7,135600
PROUD,20260327,0.99,1,0.99,1,36900
PRTR,20260327,3.18,3.2,3.16,3.18,261800
PSGC,20260327,3.48,3.64,3.44,3.6,408800
PSH,20260327,3.5,3.52,3.48,3.5,1412600
PSL,20260327,6.85,6.95,6.75,6.95,4243100
PSP,20260327,4.4,4.42,4.32,4.34,10600
PSTC,20260327,0.27,0.29,0.27,0.27,4439600
PT,20260327,11.6,11.6,11.4,11.5,276100
PTC,20260327,0.58,0.61,0.58,0.59,12500
PTG,20260327,8.7,8.95,8.4,8.45,35206900
PTL,20260327,10.1,10.1,9.8,9.9,486500
PTT,20260327,34.75,35.25,34.5,34.5,91962400
PTTEP,20260327,158,161.5,157.5,159.5,20956200
PTTGC,20260327,32.75,33.5,32.25,33,35256200
PYLON,20260327,2.98,3,2.92,2.92,361700
Q-CON,20260327,6.45,6.5,6.4,6.45,133300
QDC,20260327,0.13,0.14,0.12,0.14,2337900
QH,20260327,1.35,1.36,1.34,1.36,6293500
QHBREIT,20260327,3.56,3.56,3.52,3.54,146700
QHHRREIT,20260327,6.95,7,6.9,6.95,595600
QHOP,20260327,3.08,3.08,2.7,3,36600
QLT,20260327,1.56,1.56,1.55,1.55,4200
QTC,20260327,3.56,3.58,3.54,3.56,8270800
QTCG,20260327,0.11,0.11,0.1,0.1,325400
RABBIT,20260327,0.31,0.32,0.31,0.31,6372000
RAM,20260327,18.1,18.3,18.1,18.2,26400
RATCH,20260327,29.5,30,29.25,29.5,3976300
RBF,20260327,3.62,3.76,3.6,3.72,2096300
RCL,20260327,31,31.75,30.5,31.75,3089300
READY,20260327,3.18,3.24,3.18,3.18,142100
RICHY,20260327,0.16,0.16,0.15,0.16,376400
RJH,20260327,12.3,12.3,12.2,12.3,75700
RML,20260327,0.13,0.13,0.12,0.12,1672300
ROCK,20260327,11,11.1,10.7,10.7,12000
ROCTEC,20260327,0.56,0.56,0.55,0.56,1124800
ROJNA,20260327,5.1,5.2,5.1,5.2,2379100
RP,20260327,0.49,0.52,0.49,0.52,16200
RPC,20260327,0.42,0.44,0.4,0.41,14532700
RPH,20260327,4.92,4.92,4.86,4.9,192700
RS,20260327,0.15,0.16,0.15,0.16,137900
RSP,20260327,0.9,0.9,0.86,0.89,173800
RT,20260327,0.27,0.27,0.25,0.27,154200
RWI,20260327,0.18,0.2,0.18,0.18,1539900
S,20260327,0.49,0.5,0.48,0.49,2309800
S&J,20260327,34.25,34.25,34.25,34.25,1000
S11,20260327,3.86,3.86,3.86,3.86,300
SA,20260327,7.05,7.2,7.05,7.2,54000
SAAM,20260327,4.74,4.82,4.74,4.82,40900
SABINA,20260327,15.5,15.6,15.4,15.5,212500
SAF,20260327,0.31,0.32,0.31,0.31,8800
SAFE,20260327,6,6,6,6,59100
SAK,20260327,3.24,3.28,3.22,3.24,619300
SALEE,20260327,0.4,0.4,0.4,0.4,140300
SAMART,20260327,5.4,5.55,5.35,5.5,697800
SAMCO,20260327,0.71,0.71,0.71,0.71,10100
SAMTEL,20260327,3.72,3.72,3.68,3.68,52200
SANKO,20260327,0.83,0.83,0.81,0.82,89300
SAPPE,20260327,29.75,30,29.75,29.75,113200
SAT,20260327,14.2,14.2,14,14.1,337300
SAUCE,20260327,41.5,41.5,41.25,41.5,1200
SAV,20260327,10.9,11.2,10.9,11.1,702300
SAWAD,20260327,22,22.4,21.9,22.3,16292700
SC,20260327,1.95,1.97,1.94,1.96,2201600
SCAP,20260327,1.05,1.07,1.05,1.05,727800
SCB,20260327,146.5,147,145.5,145.5,19175200
SCC,20260327,198,203,197.5,203,8122900
SCCC,20260327,139.5,140,139,139.5,35200
SCG,20260327,2.34,2.36,2.3,2.3,32100
SCGD,20260327,4.86,4.88,4.8,4.84,752000
SCGP,20260327,19.6,19.8,19.3,19.5,16582400
SCI,20260327,0.96,0.97,0.96,0.97,300
SCL,20260327,1.16,1.17,1.13,1.17,6900
SCM,20260327,0.13,0.13,0.12,0.13,231100
SCN,20260327,0.39,0.47,0.39,0.44,18817800
SCP,20260327,7.75,7.8,7.7,7.8,43700
SDC,20260327,0.03,0.04,0.03,0.03,36872700
SE,20260327,0.49,0.54,0.49,0.5,1364000
SE-ED,20260327,1.66,1.66,1.66,1.66,1000
SEAFCO,20260327,2.4,2.4,2.34,2.36,542900
SEAOIL,20260327,3.44,3.46,3.4,3.44,606900
SECURE,20260327,11.8,11.8,11.6,11.8,38300
SEI,20260327,2.08,2.08,2.06,2.08,83200
SELIC,20260327,2.6,2.68,2.6,2.68,2300
SENA,20260327,1.86,1.87,1.85,1.86,46200
SENX,20260327,0.22,0.23,0.2,0.22,2418100
SFLEX,20260327,3.1,3.12,3.08,3.12,471900
SFT,20260327,1.7,1.71,1.69,1.71,5200
SGC,20260327,0.83,0.84,0.82,0.82,2370800
SGF,20260327,0.14,0.15,0.13,0.14,83900
SGP,20260327,8.05,8.25,8,8.2,757900
SHANG,20260327,49.75,50,49.75,50,2000
SHR,20260327,1.6,1.67,1.6,1.63,5496600
SIAM,20260327,0.68,0.74,0.64,0.67,351800
SICT,20260327,2.32,2.34,2.3,2.3,146300
SIMAT,20260327,1.16,1.17,1.13,1.14,942000
SINGER,20260327,4.86,4.9,4.84,4.86,539700
SINO,20260327,0.84,0.85,0.84,0.84,47700
SIRI,20260327,1.37,1.38,1.36,1.36,29673000
SIS,20260327,21.3,21.9,21.1,21.4,547900
SISB,20260327,10.1,10.4,10.1,10.1,1268000
SITHAI,20260327,1.01,1.01,1.01,1.01,900
SJWD,20260327,7.2,7.3,7,7.15,3951500
SK,20260327,0.56,0.56,0.55,0.56,30700
SKE,20260327,0.22,0.24,0.2,0.21,16632600
SKIN,20260327,1.14,1.18,1.13,1.14,85000
SKN,20260327,5.65,5.65,5.65,5.65,2600
SKR,20260327,7,7.05,6.95,7.05,463100
SKY,20260327,12.3,12.7,12.2,12.7,377700
SLP,20260327,0.41,0.41,0.4,0.41,6100
SMART,20260327,0.63,0.64,0.62,0.63,1941200
SMD100,20260327,1.78,1.79,1.68,1.71,396300
SMIT,20260327,3.52,3.52,3.52,3.52,122100
SMO,20260327,5.15,5.2,5,5.05,8939600
SMPC,20260327,9.1,9.15,9.1,9.15,29800
SMT,20260327,1.32,1.34,1.3,1.33,312000
SNC,20260327,5.65,5.65,5.6,5.6,33300
SNNP,20260327,7.15,7.2,7.1,7.2,176900
SNP,20260327,9,9,9,9,5100
SNPS,20260327,4.86,4.88,4.86,4.86,69000
SO,20260327,4.58,4.58,4.5,4.54,37800
SOLAR,20260327,0.3,0.31,0.28,0.3,10406200
SONIC,20260327,1.48,1.49,1.47,1.47,186100
SORKON,20260327,3.84,3.86,3.84,3.86,33900
SPA,20260327,3.28,3.36,3.28,3.28,48200
SPACK,20260327,1.12,1.14,1.12,1.13,48800
SPALI,20260327,16.3,16.5,16.2,16.3,2672600
SPC,20260327,55.25,55.25,54.75,54.75,21000
SPCG,20260327,8.85,9,8.85,8.95,562400
SPG,20260327,10.7,10.7,10.4,10.5,9900
SPI,20260327,43.75,43.75,43.75,43.75,1000
SPRC,20260327,6.9,7.05,6.85,6.95,34861800
SPREME,20260327,1.55,1.56,1.55,1.56,48100
SPRIME,20260327,3.4,3.44,3.4,3.42,161100
SPTX,20260327,0.01,0.01,0.01,0.01,24718700
SPVI,20260327,2.72,2.84,2.72,2.78,1011600
SQ,20260327,0.28,0.28,0.27,0.28,229400
SRICHA,20260327,13.9,14,13.8,14,118100
SRIPANWA,20260327,5.25,5.25,5.1,5.1,35600
SRS,20260327,1.52,1.52,1.52,1.52,100
SSF,20260327,5.05,5.1,5.05,5.1,5600
SSP,20260327,3.46,3.46,3.42,3.46,233800
SSPF,20260327,3,3,3,3,1500
SSSC,20260327,2.24,2.24,2.22,2.22,36500
SST,20260327,1.27,1.27,1.24,1.24,500
SSTRT,20260327,4.28,4.28,4.28,4.28,4800
STA,20260327,17,18,17,17.7,25555600
STANLY,20260327,197,197,196.5,197,6700
STARM,20260327,0.85,0.85,0.83,0.84,1037400
STC,20260327,0.46,0.46,0.42,0.45,171000
STECH,20260327,1.01,1.02,1.01,1.02,7100
STECON,20260327,11.3,11.3,11,11,9177500
STELLA,20260327,0.19,0.19,0.18,0.19,411300
STGT,20260327,9.6,10.7,9.6,10.5,27867400
STI,20260327,1.74,1.74,1.66,1.72,9400
STOWER,20260327,0.02,0.03,0.02,0.02,810600
STP,20260327,10.6,10.6,10.3,10.3,23100
STPI,20260327,4.14,4.2,4.1,4.12,2465400
STX,20260327,0.93,0.93,0.89,0.89,3271600
SUC,20260327,28.75,28.75,28.5,28.5,152000
SUN,20260327,2.68,2.72,2.66,2.68,152500
SUPER,20260327,0.1,0.11,0.1,0.1,9933400
SUPEREIF,20260327,5.75,5.75,5.65,5.7,68900
SUSCO,20260327,2.16,2.2,2.14,2.16,2619500
SUTHA,20260327,2.28,2.28,2.28,2.28,100
SVI,20260327,7.4,7.45,7.4,7.4,55700
SVOA,20260327,1.56,1.59,1.56,1.57,711200
SVR,20260327,0.3,0.31,0.3,0.31,201100
SVT,20260327,1.25,1.25,1.23,1.24,88100
SWC,20260327,4.28,4.3,4.28,4.3,300900
SYMC,20260327,3.58,3.64,3.56,3.62,445400
SYNEX,20260327,9.35,9.4,9.25,9.25,379100
SYNTEC,20260327,1.67,1.71,1.67,1.68,1124600
TACC,20260327,5.3,5.45,5.3,5.35,921900
TAE,20260327,1.25,1.31,1.16,1.19,22597400
TAKUNI,20260327,0.36,0.41,0.36,0.39,19849100
TAN,20260327,4.06,4.06,4.02,4.02,10400
TASCO,20260327,13.1,13.4,13,13.4,3626300
TATG,20260327,0.97,0.99,0.97,0.99,456600
TBN,20260327,3.96,3.96,3.9,3.94,12500
TC,20260327,5.45,5.5,5.35,5.4,6600
TCAP,20260327,56.5,57,56.25,56.75,2154500
TCC,20260327,0.39,0.39,0.37,0.38,1590000
TCJ,20260327,2.28,2.3,2.26,2.3,9000
TCMC,20260327,0.32,0.33,0.3,0.3,245900
TEAM,20260327,2.56,2.6,2.54,2.58,37800
TEAMG,20260327,2.82,2.88,2.82,2.84,578400
TEGH,20260327,3.16,3.24,3.16,3.18,1616000
TEKA,20260327,1.69,1.71,1.68,1.69,40300
TERA,20260327,0.98,0.99,0.98,0.99,39100
TFFIF,20260327,6.5,6.55,6.45,6.55,3308800
TFG,20260327,8.65,8.9,8.45,8.85,49450600
TFI,20260327,0.04,0.05,0.04,0.04,588200
TFM,20260327,6.25,6.45,6.25,6.4,1862200
TFMAMA,20260327,187.5,189,187.5,189,1200
TGE,20260327,1.18,1.21,1.18,1.2,18500
TGH,20260327,10.7,11,10.7,11,300
TGPRO,20260327,0.03,0.05,0.03,0.04,18798900
TH,20260327,0.46,0.48,0.46,0.46,772600
THAI,20260327,6.1,6.2,6.05,6.15,22444100
THANA,20260327,1.55,1.55,1.53,1.53,5700
THANI,20260327,1.6,1.61,1.58,1.59,6910600
THCOM,20260327,12.2,12.5,11.9,12.1,13361800
THE,20260327,0.79,0.8,0.76,0.78,91500
THG,20260327,8.1,8.35,8.1,8.25,474000
THIP,20260327,22.6,22.6,22.5,22.6,1900
THMUI,20260327,0.31,0.32,0.31,0.31,33700
THRE,20260327,0.39,0.41,0.39,0.4,3705400
THREL,20260327,1.04,1.05,1.01,1.04,94200
TIDLOR,20260327,14.5,14.5,14,14.3,26269900
TIF1,20260327,7.3,7.35,7.2,7.35,10400
TIGER,20260327,0.25,0.26,0.25,0.26,55000
TIPCO,20260327,6.75,6.9,6.75,6.8,93600
TIPH,20260327,20.4,20.6,20.4,20.5,229700
TISCO,20260327,113,113.5,112.5,112.5,3567200
TITLE,20260327,7.95,7.95,7.75,7.8,442100
TKC,20260327,7.35,7.45,7.35,7.45,8300
TKN,20260327,3.82,3.88,3.8,3.84,1433100
TKS,20260327,6.25,6.3,6.2,6.25,51400
TKT,20260327,0.69,0.69,0.69,0.69,100
TL,20260327,0.37,0.38,0.36,0.38,661100
TLHPF,20260327,4.28,4.32,4.28,4.32,11200
TLI,20260327,10.3,10.5,10.2,10.3,17531100
TM,20260327,0.8,0.8,0.79,0.8,32900
TMAN,20260327,12.7,13.2,12.7,13.2,329800
TMC,20260327,0.69,0.7,0.69,0.7,510500
TMI,20260327,0.5,0.5,0.5,0.5,300
TMILL,20260327,2.06,2.1,2.06,2.1,11600
TMT,20260327,4,4,3.8,3.84,263500
TMW,20260327,56.5,56.5,55.5,56.25,22700
TNDT,20260327,0.16,0.16,0.16,0.16,5100
TNH,20260327,30.25,30.25,30.25,30.25,1300
TNITY,20260327,2.54,2.72,2.54,2.72,160400
TNP,20260327,2.78,2.8,2.76,2.76,94800
TNPC,20260327,0.78,0.79,0.76,0.78,332700
TNR,20260327,4.9,4.9,4.82,4.9,163200
TOA,20260327,12.5,12.7,12.4,12.5,1685100
TOG,20260327,6.75,6.8,6.75,6.8,66900
TOP,20260327,48.5,49.5,48,48.5,15452400
TPA,20260327,2.38,2.38,2.38,2.38,500
TPAC,20260327,8.95,8.95,8.9,8.95,36500
TPBI,20260327,3.2,3.24,3.18,3.2,160000
TPCH,20260327,1.89,1.89,1.84,1.84,350400
TPIPL,20260327,0.71,0.72,0.7,0.71,11876100
TPIPP,20260327,1.82,1.83,1.8,1.82,1460500
TPL,20260327,0.47,0.47,0.45,0.47,91200
TPLAS,20260327,1.13,1.17,1.13,1.14,215500
TPOLY,20260327,0.17,0.17,0.16,0.17,231500
TPP,20260327,10.3,10.3,10.1,10.1,66500
TPRIME,20260327,7.4,7.4,7.4,7.4,400
TPS,20260327,3.26,3.28,3.26,3.28,45000
TQM,20260327,12.2,12.5,12.2,12.3,275000
TQR,20260327,5.15,5.2,5.1,5.2,10100
TRC,20260327,0.37,0.39,0.37,0.38,954200
TRITN,20260327,0.03,0.03,0.02,0.02,1819200
TRP,20260327,4.48,4.48,4.44,4.44,39100
TRT,20260327,4,4.02,3.98,4.02,23900
TRU,20260327,3.94,3.94,3.92,3.94,7500
TRUBB,20260327,0.88,1.07,0.88,0.97,48989600
TRUE,20260327,14,14,13.6,13.7,219123700
TSC,20260327,14.3,14.3,14.2,14.3,15900
TSE,20260327,0.61,0.62,0.59,0.6,21072000
TSI,20260327,0.06,0.06,0.05,0.06,1000
TSTE,20260327,10.5,10.5,10.5,10.5,100
TSTH,20260327,0.77,0.81,0.76,0.78,18090200
TTA,20260327,4.74,4.8,4.7,4.78,2024500
TTB,20260327,2.32,2.34,2.26,2.28,349416100
TTI,20260327,26.5,26.5,26.5,26.5,1100
TTLPF,20260327,9.75,9.8,9.7,9.8,4500
TTT,20260327,43,43,43,43,100
TTW,20260327,9.25,9.25,9.15,9.25,3224300
TU,20260327,10.9,11.2,10.9,11.1,10641300
TURBO,20260327,1.43,1.46,1.41,1.42,5544100
TVDH,20260327,0.05,0.06,0.05,0.06,1456000
TVH,20260327,9,9.05,8.8,9.05,300
TVO,20260327,24.2,24.9,24.2,24.6,1209300
TVT,20260327,0.2,0.21,0.19,0.21,103300
TWP,20260327,1.19,1.24,1.17,1.19,11300
TWPC,20260327,2.8,2.82,2.8,2.8,69100
TWZ,20260327,0.02,0.02,0.01,0.01,3284700
TYCN,20260327,1.71,1.72,1.71,1.72,200
UAC,20260327,2.82,2.86,2.82,2.84,88000
UBA,20260327,1.07,1.07,1.06,1.07,239300
UBE,20260327,0.81,0.85,0.78,0.79,75557000
UBIS,20260327,1.08,1.1,1.05,1.05,35200
UEC,20260327,0.64,0.64,0.63,0.64,22800
UKEM,20260327,0.76,0.77,0.75,0.76,2187500
UMI,20260327,0.68,0.72,0.68,0.7,612600
UNIQ,20260327,2.48,2.5,2.46,2.5,120500
UP,20260327,26.5,27.25,26.25,27.25,152000
UPF,20260327,20.6,20.8,20.4,20.4,1600
UPOIC,20260327,7.05,7.2,7.05,7.05,22400
UREKA,20260327,0.29,0.3,0.29,0.3,973000
UTP,20260327,7.35,7.4,7.3,7.35,150400
UV,20260327,0.84,0.88,0.83,0.84,1170500
UVAN,20260327,16,16.4,15.8,16.1,1502900
VCOM,20260327,3.24,3.24,3.18,3.24,224200
VGI,20260327,0.83,0.86,0.83,0.84,146656900
VIBHA,20260327,1.39,1.39,1.37,1.38,427700
VIH,20260327,8.95,9,8.9,8.95,77500
VL,20260327,0.8,0.81,0.79,0.81,18500
VNG,20260327,1.91,1.93,1.91,1.92,15100
VPO,20260327,0.72,0.73,0.69,0.69,24143200
VRANDA,20260327,4.22,4.22,4.2,4.2,1500
VS,20260327,0.29,0.37,0.29,0.3,7700
WACOAL,20260327,17.1,17.2,17.1,17.2,1300
WARRIX,20260327,1.72,1.73,1.7,1.71,424400
WASH,20260327,5.05,5.05,4.96,5,481000
WAVE,20260327,0.03,0.03,0.02,0.02,5969700
WFX,20260327,1.15,1.27,1.13,1.23,3094600
WGE,20260327,0.76,0.78,0.74,0.74,167400
WHA,20260327,4.2,4.22,4.1,4.12,91233000
WHABT,20260327,5.6,5.65,5.6,5.65,11400
WHAIR,20260327,6.9,6.95,6.85,6.95,698500
WHART,20260327,10.2,10.2,10.1,10.2,939400
WHAUP,20260327,4.36,4.42,4.32,4.36,3364300
WICE,20260327,2.26,2.3,2.24,2.3,316100
WIIK,20260327,0.87,0.88,0.86,0.87,516300
WIN,20260327,0.29,0.29,0.27,0.28,266700
WINDOW,20260327,0.75,0.76,0.75,0.76,73100
WINMED,20260327,0.89,0.89,0.89,0.89,3100
WINNER,20260327,2.06,2.08,2.06,2.08,116000
WORK,20260327,3.52,3.52,3.46,3.48,120900
WP,20260327,3.76,3.76,3.72,3.76,158300
WPH,20260327,5.95,6,5.9,6,202700
XBIO,20260327,0.07,0.07,0.06,0.07,42462300
XO,20260327,13.5,13.7,13.5,13.5,624800
XPG,20260327,0.46,0.47,0.46,0.46,3384400
XYZ,20260327,0.41,0.42,0.4,0.41,313600
YGG,20260327,0.17,0.17,0.16,0.17,1074100
YONG,20260327,0.69,0.73,0.69,0.72,283800
YUASA,20260327,14.8,15,14.8,15,22200
ZAA,20260327,1.83,1.9,1.7,1.82,330400
ZEN,20260327,5.5,5.55,5.45,5.45,43300
ZIGA,20260327,0.86,0.93,0.84,0.9,10810100
2S-O,20260327,2.68,2.68,2.68,2.68,10
3BBIF-O,20260327,6.6,6.6,6.55,6.6,664
88TH-O,20260327,5,5,5,5,32
AAI-O,20260327,3.5,3.52,3.48,3.5,200
AAV-O,20260327,1.09,1.1,1.08,1.1,259
ABM-O,20260327,0.57,0.57,0.57,0.57,39
ACE-O,20260327,1.33,1.33,1.29,1.29,91
ADB-O,20260327,0.58,0.58,0.58,0.58,1
ADD-O,20260327,3.46,3.46,3.44,3.44,2
ADVANC-O,20260327,368,370,365,368,4808
ADVICE-O,20260327,5.4,5.4,5.3,5.35,262
AE-O,20260327,0.08,0.08,0.08,0.08,10
AEONTS-O,20260327,88.75,89,88.5,88.5,461
AFC-O,20260327,3.06,3.06,3.06,3.06,20
AGE-O,20260327,1.36,1.36,1.34,1.35,106
AH-O,20260327,13,13,13,13,7
AHC-O,20260327,13.3,13.3,13.1,13.1,4
AI-O,20260327,2.92,2.94,2.92,2.92,102
AIE-O,20260327,1.25,1.25,1.23,1.23,514
AIMCG-O,20260327,1.65,1.65,1.28,1.32,47
AIMIRT-O,20260327,10.8,10.8,10.8,10.8,10
AIT-O,20260327,4.86,4.86,4.86,4.86,20
AJ-O,20260327,2.56,2.56,2.5,2.5,11
AJA-O,20260327,0.18,0.18,0.18,0.18,1
AKP-O,20260327,0.68,0.68,0.68,0.68,2
AKR-O,20260327,0.92,0.93,0.92,0.93,92
ALLA-O,20260327,1.26,1.26,1.26,1.26,10
ALLY-O,20260327,4.32,4.34,4.32,4.34,5
ALPHAX-O,20260327,0.45,0.45,0.45,0.45,17
ALT-O,20260327,1.02,1.02,1.02,1.02,25
AMA-O,20260327,3.86,3.86,3.86,3.86,13
AMANAH-O,20260327,0.62,0.64,0.62,0.64,242
AMARC-O,20260327,3.26,3.26,3.14,3.22,104
AMATA-O,20260327,19.2,19.4,18.8,18.8,913
AMATAR-O,20260327,6.7,6.7,6.7,6.7,14
AMR-O,20260327,0.31,0.31,0.31,0.31,1
ANAN-O,20260327,0.37,0.37,0.37,0.37,85
ANI-O,20260327,2.7,2.7,2.7,2.7,1
AOT-O,20260327,50.5,52.5,50.5,52,4580
AP-O,20260327,8.25,8.4,8.25,8.3,948
APCS-O,20260327,1.14,1.14,1.04,1.04,50
APO-O,20260327,2.32,2.32,2.28,2.32,23
APP-O,20260327,2.66,2.66,2.62,2.62,92
AQUA-O,20260327,0.12,0.13,0.12,0.13,2
AS-O,20260327,2.78,2.8,2.78,2.8,101
ASAP-O,20260327,1.2,1.2,1.2,1.2,1
ASEFA-O,20260327,4,4.02,4,4.02,2
ASIA-O,20260327,6.05,6.05,6.05,6.05,1
ASIAN-O,20260327,6.9,7.2,6.9,7.2,39
ASK-O,20260327,8,8,7.8,7.8,140
ASN-O,20260327,0.68,0.68,0.68,0.68,10
ASP-O,20260327,2.06,2.06,2.04,2.04,100
ASW-O,20260327,7.05,7.05,7,7,52
ATLAS-O,20260327,2.02,2.1,1.99,1.99,403
ATP30-O,20260327,0.88,0.88,0.88,0.88,1
AU-O,20260327,4.84,4.84,4.8,4.8,68
AUCT-O,20260327,5.1,5.1,5.1,5.1,4
AURA-O,20260327,13.4,13.7,13.4,13.5,258
AWC-O,20260327,2.06,2.1,2.04,2.08,463
AXTRART-O,20260327,12.5,12.5,12.5,12.5,75
AYUD-O,20260327,36,37,36,36.5,17
B-O,20260327,0.03,0.03,0.03,0.03,100
B52-O,20260327,0.2,0.2,0.2,0.2,44
BA-O,20260327,13.1,13.4,13.1,13.2,573
BAFS-O,20260327,8.4,8.4,8.3,8.3,143
BAM-O,20260327,6.85,6.9,6.8,6.85,873
BANPU-O,20260327,6,6.15,6,6.1,1459
BAREIT-O,20260327,10.5,10.5,10.4,10.4,25
BAY-O,20260327,25.5,25.75,25.25,25.5,152
BBGI-O,20260327,4.16,4.2,4.16,4.18,36
BBIK-O,20260327,18.6,18.6,18.4,18.5,196
BBL-O,20260327,169,170,167.5,167.5,1770
BC-O,20260327,0.69,0.69,0.68,0.68,5
BCH-O,20260327,9.4,9.5,9.35,9.45,1134
BCP-O,20260327,39.5,40.25,39.25,40,1006
BCPG-O,20260327,6.55,6.65,6.45,6.45,572
BCT-O,20260327,44,44,42,42.25,7
BDMS-O,20260327,18.4,18.5,18.3,18.4,9788
BE8-O,20260327,5.7,5.7,5.6,5.7,23
BEAUTY-O,20260327,0.34,0.34,0.34,0.34,1
BEC-O,20260327,1.94,1.94,1.93,1.93,100
BEM-O,20260327,5.05,5.2,5.05,5.2,989
BEYOND-O,20260327,8.45,8.5,8.45,8.5,88
BGC-O,20260327,5.4,5.45,5.4,5.4,141
BGRIM-O,20260327,11.3,11.6,11.2,11.4,1049
BH-O,20260327,164.5,166.5,163.5,164,2456
BIG-O,20260327,0.27,0.27,0.27,0.27,1
BIOTEC-O,20260327,0.32,0.32,0.29,0.29,89
BJC-O,20260327,13.9,14.2,13.8,14,303
BJCHI-O,20260327,0.61,0.61,0.61,0.61,1
BKA-O,20260327,0.83,0.83,0.83,0.83,14
BKIH-O,20260327,317,317,317,317,60
BLA-O,20260327,19.4,19.9,19.3,19.8,97
BLAND-O,20260327,0.41,0.44,0.4,0.42,8
BLC-O,20260327,3.86,3.86,3.84,3.84,21
BLESS-O,20260327,0.23,0.23,0.23,0.23,35
BPP-O,20260327,8.5,8.5,8.5,8.5,13
BPS-O,20260327,0.42,0.42,0.42,0.42,1
BR-O,20260327,1.61,1.61,1.6,1.6,2
BRI-O,20260327,1.34,1.34,1.3,1.34,49
BRR-O,20260327,3.9,4.9,3.9,4.9,13
BRRGIF-O,20260327,3.72,3.72,3.72,3.72,5
BSBM-O,20260327,0.58,0.58,0.58,0.58,27
BTC-O,20260327,0.19,0.19,0.19,0.19,17
BTG-O,20260327,21.5,24.6,21.4,24,2389
BTS-O,20260327,2.06,2.08,2.04,2.06,1143
BTSGIF-O,20260327,1.78,2.54,1.78,2.54,6
BTW-O,20260327,0.09,0.09,0.09,0.09,2
BUI-O,20260327,10.9,10.9,10.7,10.7,127
CAZ-O,20260327,1.43,1.43,1.43,1.43,1
CBG-O,20260327,35.5,36,35.5,35.75,735
CCET-O,20260327,4.9,4.9,4.74,4.76,494
CCP-O,20260327,0.26,0.27,0.26,0.27,13
CENTEL-O,20260327,33.5,33.75,32,32.5,1010
CFARM-O,20260327,0.91,0.98,0.9,0.98,17
CFRESH-O,20260327,0.9,0.98,0.9,0.98,54
CGD-O,20260327,0.12,0.12,0.12,0.12,10
CGH-O,20260327,0.44,0.44,0.44,0.44,6
CHASE-O,20260327,0.48,0.48,0.48,0.48,10
CHAYO-O,20260327,0.96,1.01,0.96,0.99,341
CHEWA-O,20260327,0.18,0.18,0.18,0.18,20
CHG-O,20260327,1.43,1.43,1.41,1.41,453
CHOW-O,20260327,1.25,1.25,1.22,1.22,20
CI-O,20260327,0.32,0.32,0.32,0.32,1
CIVIL-O,20260327,0.8,0.8,0.8,0.8,10
CK-O,20260327,14.8,14.8,14.8,14.8,76
CKP-O,20260327,2.26,2.3,2.26,2.28,152
CMC-O,20260327,0.36,0.36,0.36,0.36,4
CMR-O,20260327,1.35,1.35,1.34,1.35,93
COCOCO-O,20260327,5.55,5.65,5.5,5.6,109
COLOR-O,20260327,1.05,1.05,1.05,1.05,1
COM7-O,20260327,21.9,22.2,21.5,21.8,638
CPALL-O,20260327,44.25,45.25,44,44.25,12658
CPAXT-O,20260327,15.1,15.3,15,15.2,2213
CPF-O,20260327,20.1,20.9,20.1,20.8,4194
CPI-O,20260327,3.54,3.54,3.5,3.5,76
CPN-O,20260327,62.75,62.75,61,61.25,2181
CPNREIT-O,20260327,11.4,11.6,11.4,11.6,794
CPW-O,20260327,2.2,2.2,2.2,2.2,1
CRANE-O,20260327,0.39,0.39,0.39,0.39,64
CRC-O,20260327,18.4,18.6,18.1,18.2,1238
CREDIT-O,20260327,17,17.2,16.9,17.2,125
CSC-O,20260327,43.25,43.25,43,43,41
CSP-O,20260327,0.43,0.44,0.4,0.4,32
CSS-O,20260327,0.78,0.78,0.78,0.78,1
CTW-O,20260327,3.98,3.98,3.98,3.98,1
CWT-O,20260327,0.81,0.81,0.8,0.8,70
DCC-O,20260327,1.21,1.25,1.21,1.24,227
DCON-O,20260327,0.2,0.2,0.2,0.2,1
DELTA-O,20260327,278,283,272,275,18260
DHOUSE-O,20260327,0.37,0.37,0.37,0.37,1
DIF-O,20260327,9.5,9.55,9.45,9.5,1012
DITTO-O,20260327,10.5,10.5,10.3,10.3,45
DMT-O,20260327,11.2,11.2,11,11.1,597
DOD-O,20260327,1.74,1.74,1.72,1.72,4
DOHOME-O,20260327,3.14,3.14,3.1,3.12,54
DPAINT-O,20260327,0.68,0.71,0.68,0.71,101
DREIT-O,20260327,4.38,4.72,4.38,4.72,12
DRT-O,20260327,4.68,4.68,4.66,4.66,322
DTCENT-O,20260327,0.88,0.89,0.88,0.89,26
DUSIT-O,20260327,10.3,10.4,10.2,10.2,256
DV8-O,20260327,5.3,5.45,5.3,5.45,68
EA-O,20260327,2.62,2.64,2.58,2.6,654
EASON-O,20260327,1.12,1.12,1.11,1.11,13
EASTW-O,20260327,2.8,2.96,2.8,2.94,135
EFORL-O,20260327,0.12,0.12,0.12,0.12,10
EGATIF-O,20260327,6.15,6.15,6.1,6.1,10
EGCO-O,20260327,111.5,112.5,110.5,111.5,455
EKH-O,20260327,5,5,4.98,5,84
EMC-O,20260327,0.03,0.03,0.03,0.03,2
EMPIRE-O,20260327,0.54,0.54,0.54,0.54,8
EPG-O,20260327,3.16,3.16,3.14,3.14,97
ERW-O,20260327,2.5,2.5,2.42,2.42,238
ETC-O,20260327,0.69,0.69,0.66,0.67,153
ETE-O,20260327,0.59,0.59,0.59,0.59,1
ETL-O,20260327,0.48,0.48,0.48,0.48,71
EVER-O,20260327,0.04,0.04,0.04,0.04,1
FLOYD-O,20260327,1.1,1.11,0.85,1.11,91
FM-O,20260327,4.08,4.1,4.02,4.1,148
FMT-O,20260327,16.3,16.3,16.3,16.3,5
FN-O,20260327,0.42,0.42,0.42,0.42,1
FNS-O,20260327,0.45,0.53,0.45,0.53,41
FORTH-O,20260327,6.45,6.45,6.45,6.45,105
FPI-O,20260327,1.7,1.7,1.7,1.7,1
FPT-O,20260327,6.15,6.15,6,6,8
FTREIT-O,20260327,10.8,10.8,10.7,10.8,211
FUTURERT-O,20260327,8.95,8.95,8.8,8.8,142
FVC-O,20260327,0.34,0.34,0.34,0.34,99
GABLE-O,20260327,3.86,3.86,3.86,3.86,1
GBX-O,20260327,0.54,0.54,0.54,0.54,80
GC-O,20260327,4.48,4.48,4.48,4.48,40
GEL-O,20260327,0.02,0.02,0.02,0.02,67
GFC-O,20260327,2.88,2.88,2.88,2.88,2
GFPT-O,20260327,9.3,9.5,9.3,9.5,108
GGC-O,20260327,4.12,4.12,4.12,4.12,2
GJS-O,20260327,0.12,0.12,0.12,0.12,40
GLOBAL-O,20260327,5.5,5.5,5.4,5.4,637
GLORY-O,20260327,0.54,0.54,0.54,0.54,2
GPI-O,20260327,1.66,1.66,1.66,1.66,2
GPSC-O,20260327,32.75,34,32,33.5,1347
GRAMMY-O,20260327,3.78,3.78,3.6,3.6,3
GREEN-O,20260327,0.69,0.7,0.69,0.7,3
GTV-O,20260327,0.04,0.04,0.04,0.04,57
GULF-O,20260327,57,58.5,57,58.5,8639
GUNKUL-O,20260327,2.42,2.48,2.4,2.42,425
GVREIT-O,20260327,6.4,6.5,6.4,6.5,15
HANA-O,20260327,28.5,28.5,27.5,27.5,2494
HANN-O,20260327,0.95,0.95,0.95,0.95,85
HARN-O,20260327,2.02,2.04,2.02,2.04,22
HENG-O,20260327,0.88,0.88,0.88,0.88,10
HFT-O,20260327,4.54,4.54,4.54,4.54,1
HL-O,20260327,6.4,6.4,6.4,6.4,4
HMPRO-O,20260327,6.15,6.2,6.05,6.1,2417
HPF-O,20260327,5.35,5.35,5,5,106
HTC-O,20260327,15.5,15.7,15.4,15.6,269
HTECH-O,20260327,2.2,2.2,2.2,2.2,10
HUMAN-O,20260327,3.88,4.1,3.86,4.1,318
ICC-O,20260327,24.9,24.9,24.9,24.9,1
ICHI-O,20260327,12,12.4,12,12,4903
IFS-O,20260327,1.93,1.93,1.93,1.93,7
IHL-O,20260327,1.43,1.43,1.43,1.43,2
III-O,20260327,3.88,3.88,3.88,3.88,1
ILINK-O,20260327,4.52,4.52,4.52,4.52,42
ILM-O,20260327,13.2,13.2,13,13,334
IMH-O,20260327,3.04,3.04,3.04,3.04,15
IMPACT-O,20260327,10.8,10.9,10.6,10.9,47
IND-O,20260327,1.13,1.13,1.13,1.13,9
INET-O,20260327,3.54,3.54,3.52,3.52,161
INETREIT-O,20260327,12.2,12.2,12.1,12.2,1158
INOX-O,20260327,0.41,0.41,0.41,0.41,9
INSET-O,20260327,2.6,2.6,2.6,2.6,1
IP-O,20260327,3.94,4,3.94,3.98,142
IRC-O,20260327,11.5,11.5,11.4,11.4,23
IRCP-O,20260327,0.24,0.24,0.24,0.24,5
IROYAL-O,20260327,6.5,6.5,6.5,6.5,3
IRPC-O,20260327,1.93,1.99,1.91,1.93,2643
IT-O,20260327,4.02,4.02,4.02,4.02,1
ITC-O,20260327,14.5,15.3,14.4,15.1,372
ITD-O,20260327,0.23,0.24,0.23,0.23,308
ITEL-O,20260327,1.15,1.17,1.14,1.14,51
IVL-O,20260327,23,23.2,22.9,23.1,640
J-O,20260327,0.6,0.6,0.6,0.6,4
JAK-O,20260327,0.81,0.81,0.81,0.81,10
JAS-O,20260327,1.15,1.15,1.12,1.14,321
JCK-O,20260327,0.11,0.13,0.11,0.13,57
JDF-O,20260327,1.57,1.6,1.57,1.6,16
JMART-O,20260327,6.25,6.6,6.25,6.5,212
JMT-O,20260327,8.45,8.55,8.4,8.55,390
JPARK-O,20260327,2.9,2.9,2.9,2.9,6
JSP-O,20260327,1.97,1.97,1.97,1.97,1
JTS-O,20260327,55,55,52.5,52.5,465
KAMART-O,20260327,8.25,8.35,8.25,8.25,41
KASET-O,20260327,0.79,0.79,0.78,0.78,8
KBANK-O,20260327,191.5,192.5,190.5,191,5129
KBS-O,20260327,5.85,5.9,5.85,5.9,44
KBSPIF-O,20260327,8.4,8.4,8.4,8.4,72
KC-O,20260327,0.02,0.02,0.02,0.02,9
KCE-O,20260327,22.7,22.7,22.2,22.3,1506
KCG-O,20260327,9.3,9.6,9.3,9.5,170
KCM-O,20260327,0.18,0.18,0.18,0.18,24
KGEN-O,20260327,1.28,1.46,1.28,1.46,109
KGI-O,20260327,4.32,4.32,4.28,4.3,147
KISS-O,20260327,3.22,3.26,3.2,3.26,34
KJL-O,20260327,5.65,5.65,5.65,5.65,2
KKP-O,20260327,76,76.25,75,75.5,3075
KLINIQ-O,20260327,23.2,23.5,23.1,23.1,224
KSL-O,20260327,1.72,1.73,1.67,1.67,525
KTB-O,20260327,35,35.5,35,35,6257
KTC-O,20260327,28.75,29.5,28.75,29.25,1050
KTIS-O,20260327,1.97,1.97,1.97,1.97,80
KUN-O,20260327,0.7,0.7,0.7,0.7,23
KWC-O,20260327,281,281,281,281,1
L&E-O,20260327,1.21,1.21,1.21,1.21,1
LANNA-O,20260327,15.3,15.5,15.3,15.4,217
LDC-O,20260327,0.23,0.23,0.21,0.21,50
LEE-O,20260327,2.46,2.46,2.44,2.46,87
LEO-O,20260327,1.8,1.8,1.8,1.8,55
LH-O,20260327,3.72,3.72,3.68,3.7,2197
LHFG-O,20260327,1.04,1.04,1,1,140
LHHOTEL-O,20260327,12.6,12.6,12.6,12.6,80
LHRREIT-O,20260327,4.3,4.3,4.3,4.3,10
LIT-O,20260327,0.6,0.6,0.6,0.6,10
LPH-O,20260327,3.68,3.68,3.68,3.68,1
LPN-O,20260327,1.57,1.57,1.57,1.57,88
LST-O,20260327,4.68,4.68,4.68,4.68,1
LTS-O,20260327,2.14,2.14,2.14,2.14,1
M-O,20260327,18.6,19,18.5,18.6,290
MADAME-O,20260327,0.59,0.61,0.58,0.6,176
MAGURO-O,20260327,19.6,19.6,19.5,19.5,177
MAJOR-O,20260327,7.4,7.45,7.25,7.25,96
MALEE-O,20260327,4.14,4.24,4.14,4.14,163
MASTER-O,20260327,8.4,8.8,8.4,8.5,197
MBK-O,20260327,17.1,17.1,16.8,16.9,132
MC-O,20260327,10.6,10.9,10.6,10.7,546
MCS-O,20260327,9.35,9.4,9.35,9.4,100
MEB-O,20260327,13.7,13.9,13.7,13.7,22
MEDEZE-O,20260327,6.15,6.15,6,6.1,103
MEGA-O,20260327,33.75,34.5,33.75,34,206
MENA-O,20260327,0.63,0.63,0.63,0.63,1
METCO-O,20260327,266,266,262,265,43
MFC-O,20260327,22.2,22.2,22,22,150
MFEC-O,20260327,6.1,6.1,6,6,45
MGI-O,20260327,5.2,5.3,5.2,5.3,60
MICRO-O,20260327,0.83,0.83,0.83,0.83,8
MIDA-O,20260327,0.24,0.24,0.24,0.24,99
MINT-O,20260327,21.5,21.7,21.3,21.5,1745
MITSIB-O,20260327,0.52,0.52,0.52,0.52,1
MJLF-O,20260327,5.05,5.05,5.05,5.05,45
MK-O,20260327,0.51,0.52,0.51,0.52,2
MMM-O,20260327,2.84,2.86,2.84,2.86,30
MONO-O,20260327,1,1.01,0.98,0.98,104
MOONG-O,20260327,2.24,2.24,2.24,2.24,96
MOSHI-O,20260327,35,35,34.75,34.75,82
MOTHER-O,20260327,1.09,1.09,1.09,1.09,38
MRDIYT-O,20260327,8.25,8.6,8.15,8.15,467
MST-O,20260327,7.1,7.1,6.85,6.85,6
MTC-O,20260327,27.75,28.25,27.5,28.25,1868
MTI-O,20260327,15.4,15.4,15.3,15.3,12
MTW-O,20260327,0.85,0.85,0.85,0.85,1
NAM-O,20260327,3.72,3.72,3.72,3.72,1
NCAP-O,20260327,2.46,2.5,2.46,2.5,89
NDR-O,20260327,1.38,1.38,1.38,1.38,10
NEO-O,20260327,18.8,19.4,18.8,19,7
NER-O,20260327,4.78,4.92,4.78,4.88,390
NETBAY-O,20260327,17.8,17.8,17.7,17.7,66
NEX-O,20260327,1.04,1.04,1.01,1.01,22
NKT-O,20260327,4.1,4.1,4.1,4.1,1
NNCL-O,20260327,1.53,1.53,1.53,1.53,1
NOBLE-O,20260327,2,2.02,2,2.02,86
NRF-O,20260327,0.22,0.22,0.22,0.22,1
NSL-O,20260327,22.3,22.3,22,22,106
NTF-O,20260327,11.3,11.7,11.3,11.4,242
NTV-O,20260327,22.4,22.4,22,22,10
NUT-O,20260327,4.18,4.18,4.18,4.18,1
NV-O,20260327,0.51,0.51,0.51,0.51,1
NYT-O,20260327,4.06,4.12,4.06,4.1,321
OGC-O,20260327,9.45,9.45,9.45,9.45,1
OHTL-O,20260327,264,264,263,263,39
OKJ-O,20260327,3.5,3.5,3.48,3.5,101
ONEE-O,20260327,2.64,2.68,2.62,2.62,437
OR-O,20260327,12.3,12.6,12.3,12.4,4100
ORI-O,20260327,1.8,1.8,1.76,1.76,224
OSP-O,20260327,14.4,15,14.3,14.3,603
PACO-O,20260327,1.26,1.26,1.26,1.26,94
PAP-O,20260327,2.42,2.42,2.36,2.38,4
PATO-O,20260327,6.5,6.5,6.5,6.5,11
PB-O,20260327,48.75,48.75,48.75,48.75,1
PDG-O,20260327,3.02,3.02,3.02,3.02,10
PDJ-O,20260327,0.96,0.96,0.9,0.95,54
PEER-O,20260327,0.09,0.09,0.09,0.09,108
PERM-O,20260327,0.22,0.22,0.22,0.22,3
PHG-O,20260327,13.2,13.2,12.5,13,60
PHOL-O,20260327,2.82,2.82,2.82,2.82,10
PIN-O,20260327,4.3,4.5,4.3,4.5,27
PIS-O,20260327,3.76,4.88,3.76,4.88,3
PJW-O,20260327,2.1,2.1,2.1,2.1,1
PK-O,20260327,0.44,0.45,0.44,0.44,79
PLANB-O,20260327,3.72,3.72,3.68,3.72,220
PLANET-O,20260327,0.38,0.38,0.37,0.37,6
PLAT-O,20260327,1.06,1.06,1.06,1.06,5
PLE-O,20260327,0.17,0.17,0.17,0.17,9
PM-O,20260327,11.3,11.3,11.2,11.2,14
PMC-O,20260327,0.9,0.9,0.9,0.9,1
POLY-O,20260327,6.95,6.95,6.95,6.95,1
PORT-O,20260327,0.5,0.5,0.5,0.5,28
PPPM-O,20260327,0.27,0.32,0.27,0.32,311
PR9-O,20260327,16.4,16.4,16.2,16.3,524
PRAKIT-O,20260327,11.7,11.7,11.7,11.7,1
PREB-O,20260327,3.84,3.84,3.8,3.8,2
PRG-O,20260327,8.85,8.85,8.75,8.75,2
PRI-O,20260327,4,4,4,4,15
PRIME-O,20260327,0.05,0.05,0.05,0.05,1
PRM-O,20260327,7.7,7.9,7.7,7.85,373
PROSPECT-O,20260327,7.05,7.05,7,7,41
PRTR-O,20260327,3.18,3.18,3.18,3.18,1
PSGC-O,20260327,3.46,3.52,3.42,3.52,162
PSH-O,20260327,3.54,3.56,3.52,3.52,149
PSL-O,20260327,7,7,6.8,6.95,370
PT-O,20260327,11.6,11.6,11.5,11.5,463
PTG-O,20260327,8.75,8.95,8.4,8.45,4286
PTL-O,20260327,10.2,10.2,9.9,9.9,108
PTT-O,20260327,34.5,35,34.5,35,7442
PTTEP-O,20260327,158.5,161.5,158,160,10469
PTTGC-O,20260327,32.5,33.25,32.5,33,2490
PYLON-O,20260327,2.98,2.98,2.94,2.94,80
Q-CON-O,20260327,6.55,6.55,6.45,6.45,22
QDC-O,20260327,0.14,0.16,0.14,0.16,171
QH-O,20260327,0.95,1.71,0.95,1.36,528
QHBREIT-O,20260327,3.56,3.56,3.56,3.56,2
QHHRREIT-O,20260327,7,7,6.9,6.9,54
QTCG-O,20260327,0.07,0.07,0.07,0.07,97
RABBIT-O,20260327,0.3,0.32,0.3,0.32,89
RATCH-O,20260327,29.5,30,29.25,29.25,690
RBF-O,20260327,3.64,3.68,3.64,3.68,62
RCL-O,20260327,31,31.5,30.75,31.5,664
READY-O,20260327,3.18,3.18,3.12,3.12,109
RICHY-O,20260327,0.15,0.16,0.15,0.16,176
RJH-O,20260327,12.5,12.5,12.3,12.3,227
ROJNA-O,20260327,5.2,5.3,5.05,5.15,174
RP-O,20260327,0.5,0.5,0.44,0.44,25
RPC-O,20260327,0.43,0.43,0.4,0.42,56
RPH-O,20260327,4.92,4.92,4.86,4.86,291
RS-O,20260327,0.16,0.16,0.15,0.16,93
RSP-O,20260327,0.9,0.91,0.86,0.88,63
RT-O,20260327,0.19,0.19,0.19,0.19,13
S-O,20260327,0.49,0.49,0.48,0.49,417
SA-O,20260327,4.98,7.1,4.98,7.1,2
SABINA-O,20260327,15.5,15.7,15.5,15.7,59
SAFE-O,20260327,6.1,6.1,6,6,62
SAK-O,20260327,3.34,3.34,3.28,3.28,10
SAMART-O,20260327,5.5,5.5,5.5,5.5,10
SANKO-O,20260327,0.83,0.83,0.83,0.83,48
SAPPE-O,20260327,30,30.5,29.5,29.75,191
SAT-O,20260327,14.5,14.5,14.1,14.2,160
SAUCE-O,20260327,41.5,41.75,41.5,41.75,79
SAV-O,20260327,11,11,11,11,59
SAWAD-O,20260327,22.1,22.4,21.8,22.2,1297
SC-O,20260327,1.94,1.96,1.94,1.95,221
SCAP-O,20260327,1.06,1.06,1.04,1.06,97
SCB-O,20260327,146,147,145.5,146,11212
SCC-O,20260327,196,203,196,203,3817
SCCC-O,20260327,140,140,139.5,140,78
SCGD-O,20260327,4.86,4.92,4.84,4.86,197
SCGP-O,20260327,19.6,19.8,19.4,19.4,654
SCM-O,20260327,0.12,0.12,0.12,0.12,51
SCN-O,20260327,0.44,0.45,0.44,0.45,3
SEAFCO-O,20260327,2.34,2.34,2.34,2.34,81
SEAOIL-O,20260327,3.44,3.44,3.38,3.4,450
SECURE-O,20260327,12,12,11.8,11.8,68
SENA-O,20260327,1.87,1.87,1.85,1.85,45
SFT-O,20260327,1.7,1.7,1.7,1.7,1
SGC-O,20260327,1.05,1.05,0.83,0.84,73
SGP-O,20260327,8.15,8.2,8.05,8.2,57
SHANG-O,20260327,49.75,49.75,49.75,49.75,3
SHR-O,20260327,1.64,1.66,1.63,1.63,124
SIAM-O,20260327,0.65,0.65,0.65,0.65,3
SIMAT-O,20260327,1.16,1.16,1.16,1.16,1
SINGER-O,20260327,4.88,4.88,4.84,4.86,171
SINO-O,20260327,0.84,0.84,0.84,0.84,10
SIRI-O,20260327,1.38,1.42,1.35,1.38,1611
SIS-O,20260327,21.6,21.6,21.4,21.4,40
SISB-O,20260327,10.2,10.3,10.2,10.2,68
SITHAI-O,20260327,1,1,1,1,1
SJWD-O,20260327,7.2,7.2,7.05,7.2,132
SK-O,20260327,0.54,0.54,0.54,0.54,1
SKE-O,20260327,0.23,0.23,0.23,0.23,26
SKN-O,20260327,5.6,5.6,5.6,5.6,1
SKR-O,20260327,7.05,7.05,6.95,7.05,7
SKY-O,20260327,12.3,13,12.3,12.6,64
SLP-O,20260327,0.39,0.39,0.39,0.39,1
SMD100-O,20260327,1.76,1.76,1.7,1.73,16
SMIT-O,20260327,3.52,3.52,3.52,3.52,1
SMO-O,20260327,5.1,5.1,5.05,5.05,166
SMPC-O,20260327,9.15,9.15,9.15,9.15,1
SMT-O,20260327,1.31,1.33,1.31,1.31,75
SNC-O,20260327,5.65,5.65,5.65,5.65,4
SNNP-O,20260327,7.15,7.3,7.15,7.3,52
SNP-O,20260327,9.5,9.5,9.5,9.5,30
SNPS-O,20260327,4.86,4.86,4.82,4.82,4
SO-O,20260327,5,5,4.54,4.54,31
SOLAR-O,20260327,0.3,0.31,0.3,0.3,3
SONIC-O,20260327,1.48,1.48,1.48,1.48,1
SORKON-O,20260327,3.84,3.86,3.8,3.86,7
SPA-O,20260327,3.32,3.32,3.32,3.32,10
SPACK-O,20260327,1.14,1.14,1.14,1.14,9
SPALI-O,20260327,16.4,16.5,16.3,16.3,1240
SPC-O,20260327,60,60,58.75,58.75,6
SPCG-O,20260327,8.95,9,8.95,9,90
SPG-O,20260327,10.6,10.7,10.6,10.7,11
SPI-O,20260327,43.75,43.75,43.75,43.75,1
SPRC-O,20260327,6.9,7,6.9,6.95,807
SPRIME-O,20260327,3.48,3.48,3.48,3.48,1
SPTX-O,20260327,0.01,0.01,0.01,0.01,233
SPVI-O,20260327,2.78,2.8,2.78,2.8,87
SQ-O,20260327,0.29,0.29,0.28,0.28,38
SRICHA-O,20260327,13.9,13.9,13.9,13.9,9
SRIPANWA-O,20260327,5.25,6.75,5.25,6.75,79
SRS-O,20260327,1.52,1.52,1.52,1.52,1
SSF-O,20260327,5.1,5.1,5.1,5.1,2
SSP-O,20260327,3.46,3.46,3.34,3.44,107
SSPF-O,20260327,3.3,3.3,3.3,3.3,5
SSSC-O,20260327,2.24,2.24,2.24,2.24,2
SST-O,20260327,1.24,1.24,1.24,1.24,29
SSTRT-O,20260327,4.26,4.26,4.26,4.26,6
STA-O,20260327,17.2,18,17.2,17.5,1290
STANLY-O,20260327,197,197,196.5,197,35
STECON-O,20260327,11.3,11.3,11.1,11.1,1015
STELLA-O,20260327,0.18,0.18,0.18,0.18,1
STGT-O,20260327,9.65,10.6,9.65,10.4,1139
STOWER-O,20260327,0.02,0.02,0.02,0.02,150
STPI-O,20260327,4.16,4.18,4.14,4.14,327
STX-O,20260327,0.66,0.93,0.66,0.92,202
SUC-O,20260327,28.75,28.75,28.75,28.75,26
SUN-O,20260327,2.7,2.7,2.68,2.68,29
SUPER-O,20260327,0.1,0.11,0.1,0.11,176
SUPEREIF-O,20260327,5.75,5.75,5.75,5.75,10
SUSCO-O,20260327,2.16,2.18,2.14,2.14,187
SVI-O,20260327,7.4,7.4,7.35,7.35,347
SVOA-O,20260327,1.56,1.56,1.55,1.55,12
SVR-O,20260327,0.31,0.31,0.31,0.31,31
SVT-O,20260327,1.24,1.24,1.23,1.23,61
SYMC-O,20260327,3.62,3.62,3.62,3.62,10
SYNEX-O,20260327,9.35,9.4,9.35,9.4,25
SYNTEC-O,20260327,1.67,1.67,1.67,1.67,1
TACC-O,20260327,5.35,5.5,5.35,5.35,292
TAE-O,20260327,1.26,1.26,1.2,1.21,135
TAKUNI-O,20260327,0.38,0.4,0.37,0.39,59
TAN-O,20260327,4.02,4.02,4.02,4.02,8
TASCO-O,20260327,13.1,13.3,13,13.3,368
TCAP-O,20260327,56.75,57,56.5,56.5,614
TCC-O,20260327,0.38,0.38,0.3,0.3,55
TCJ-O,20260327,2.26,2.26,2.26,2.26,2
TCMC-O,20260327,0.31,0.31,0.31,0.31,12
TEAM-O,20260327,2.58,2.6,2.58,2.58,17
TEAMG-O,20260327,2.84,2.84,2.84,2.84,40
TEGH-O,20260327,3.22,3.22,3.18,3.18,38
TEKA-O,20260327,1.72,1.72,1.72,1.72,6
TFFIF-O,20260327,6.55,6.55,6.5,6.55,121
TFG-O,20260327,8.7,8.95,8.45,8.85,3752
TFI-O,20260327,0.04,0.04,0.04,0.04,99
TFM-O,20260327,6.3,6.45,6.3,6.4,182
TFMAMA-O,20260327,188.5,188.5,187.5,188.5,68
TGPRO-O,20260327,0.03,0.03,0.03,0.03,29
TH-O,20260327,0.44,0.44,0.44,0.44,5
THAI-O,20260327,6.15,6.15,6.05,6.15,1263
THANA-O,20260327,1.55,1.55,1.55,1.55,10
THANI-O,20260327,1.63,1.63,1.59,1.59,172
THCOM-O,20260327,11.7,12.4,11.7,12.1,338
THG-O,20260327,8.45,8.45,8.3,8.3,4
THREL-O,20260327,1.04,1.04,1.01,1.03,134
TIDLOR-O,20260327,14.4,14.4,14.1,14.2,2158
TIF1-O,20260327,7.3,7.3,7.25,7.25,3
TIGER-O,20260327,0.25,0.25,0.25,0.25,1
TIPCO-O,20260327,6.8,6.8,6.7,6.8,116
TIPH-O,20260327,20.6,20.6,20.5,20.5,83
TISCO-O,20260327,113,114,112.5,113,7482
TKC-O,20260327,7.4,7.5,7.4,7.5,2
TKN-O,20260327,2.68,3.94,2.68,3.84,279
TKS-O,20260327,6.15,6.2,6,6.2,110
TLI-O,20260327,10.4,10.4,10.2,10.3,554
TM-O,20260327,0.8,0.8,0.8,0.8,1
TMAN-O,20260327,13.6,13.6,12.7,13,34
TMD-O,20260327,25.5,25.5,25.5,25.5,11
TMILL-O,20260327,2.06,2.06,2.06,2.06,1
TMT-O,20260327,3.96,3.96,3.88,3.88,68
TNH-O,20260327,32.25,32.25,32.25,32.25,1
TNITY-O,20260327,2.62,2.66,2.62,2.66,47
TNP-O,20260327,2.8,2.8,2.8,2.8,42
TOA-O,20260327,12.6,13.1,12.6,13.1,195
TOG-O,20260327,6.7,6.7,6.7,6.7,4
TOP-O,20260327,48.25,49.5,48.25,48.75,2805
TPA-O,20260327,2.38,2.38,2.38,2.38,1
TPAC-O,20260327,8.95,8.95,8.95,8.95,1
TPCH-O,20260327,1.31,1.84,1.31,1.84,20
TPIPL-O,20260327,0.81,0.81,0.72,0.72,2
TPIPP-O,20260327,1.81,1.82,1.8,1.82,62
TPLAS-O,20260327,1.13,1.13,1.13,1.13,11
TQM-O,20260327,12.3,12.5,12.3,12.3,214
TQR-O,20260327,5.2,5.2,5.2,5.2,1
TRC-O,20260327,0.36,0.37,0.3,0.37,182
TRITN-O,20260327,0.02,0.02,0.02,0.02,41
TRP-O,20260327,4.42,4.44,4.42,4.44,10
TRU-O,20260327,3.94,3.94,3.9,3.9,12
TRUBB-O,20260327,0.92,1,0.92,0.97,232
TRUE-O,20260327,14,14,13.6,13.7,4719
TSC-O,20260327,14.3,14.3,14.3,14.3,90
TSE-O,20260327,0.62,0.62,0.6,0.6,127
TSTH-O,20260327,0.79,0.8,0.79,0.8,60
TTA-O,20260327,4.78,4.78,4.74,4.78,321
TTB-O,20260327,2.32,2.34,2.3,2.3,5678
TTI-O,20260327,26.25,26.25,26.25,26.25,1
TTLPF-O,20260327,9.8,9.8,9.75,9.8,175
TTT-O,20260327,42.5,42.5,42.5,42.5,1
TTW-O,20260327,9.3,9.3,9.2,9.25,881
TU-O,20260327,11,11.2,10.9,11.1,908
TU-PF-O,20260327,1.11,1.11,1.11,1.11,1
TURBO-O,20260327,1.44,1.44,1.39,1.42,202
TVO-O,20260327,24.4,24.8,23,24.5,711
TVT-O,20260327,0.19,0.21,0.19,0.21,12
TWP-O,20260327,1.17,1.17,1.17,1.17,1
TWPC-O,20260327,2.84,2.84,2.8,2.8,3
TWZ-O,20260327,0.01,0.02,0.01,0.01,121
UAC-O,20260327,2.88,2.88,2.84,2.84,42
UBA-O,20260327,1.07,1.07,1.07,1.07,1
UBE-O,20260327,0.82,0.84,0.8,0.8,301
UEC-O,20260327,0.64,0.64,0.64,0.64,1
UP-O,20260327,26.5,26.75,25,26.75,11
UPF-O,20260327,20.5,20.5,20.5,20.5,72
UPOIC-O,20260327,7.1,7.1,7.05,7.05,45
UREKA-O,20260327,0.31,0.31,0.31,0.31,2
UTP-O,20260327,7.25,7.4,7.25,7.35,265
UV-O,20260327,0.85,0.85,0.85,0.85,7
UVAN-O,20260327,16.1,16.3,15.9,16,612
VGI-O,20260327,0.84,0.86,0.83,0.84,468
VIBHA-O,20260327,1.4,1.4,1.38,1.39,48
VL-O,20260327,0.79,0.79,0.79,0.79,1
VPO-O,20260327,0.7,0.71,0.69,0.69,175
VRANDA-O,20260327,4.2,4.2,4.2,4.2,1
WACOAL-O,20260327,17.1,17.2,17.1,17.2,24
WARRIX-O,20260327,1.72,1.74,1.71,1.74,5
WASH-O,20260327,5.05,5.05,5.05,5.05,20
WAVE-O,20260327,0.03,0.03,0.03,0.03,37
WFX-O,20260327,1.18,1.24,1.18,1.24,165
WGE-O,20260327,0.75,0.75,0.75,0.75,1
WHA-O,20260327,4.22,4.22,4.12,4.14,1560
WHABT-O,20260327,5.65,5.65,5.65,5.65,1
WHAIR-O,20260327,6.95,6.95,6.95,6.95,10
WHART-O,20260327,10.3,10.3,10.1,10.1,410
WHAUP-O,20260327,4.38,4.4,4.34,4.34,212
WICE-O,20260327,2.28,2.28,2.28,2.28,1
WIIK-O,20260327,0.87,0.87,0.66,0.66,66
WIN-O,20260327,0.27,0.27,0.27,0.27,10
WINDOW-O,20260327,0.75,0.75,0.75,0.75,1
WINMED-O,20260327,0.89,0.89,0.89,0.89,1
WORK-O,20260327,3.52,3.52,3.5,3.5,91
WP-O,20260327,3.74,3.76,3.74,3.76,132
WPH-O,20260327,5.95,6.15,5.95,6,172
XBIO-O,20260327,0.06,0.06,0.06,0.06,194
XO-O,20260327,13.6,13.7,13.5,13.6,166
XPG-O,20260327,0.33,0.47,0.33,0.47,40
YGG-O,20260327,0.18,0.18,0.16,0.16,55
YONG-O,20260327,0.72,0.72,0.72,0.72,1
YUASA-O,20260327,15,15,14.9,15,36
ZAA-O,20260327,1.9,1.9,1.9,1.9,1
ZEN-O,20260327,5.6,5.6,5.6,5.6,5
ZIGA-O,20260327,0.87,0.89,0.87,0.89,31
RABBIT-P,20260327,0.33,0.34,0.33,0.34,21600
VAYU1,20260327,10.9,11,10.9,11,51600
VAYU1-O,20260327,11,11,11,11,51
AAV01C2604A,20260327,0.01,0.01,0.01,0.01,100
AAV01C2609T,20260327,0.12,0.12,0.12,0.12,1938400
AAV01C2703T,20260327,0.18,0.18,0.18,0.18,3093500
AAV01P2607A,20260327,0.41,0.41,0.39,0.39,2267600
AAV13C2604A,20260327,0.01,0.01,0.01,0.01,392900
AAV13C2607A,20260327,0.11,0.12,0.11,0.12,4050300
AAV13C2608A,20260327,0.08,0.08,0.08,0.08,301000
AAV13C2608B,20260327,0.22,0.24,0.22,0.24,8864900
AAV13C2701T,20260327,0.15,0.15,0.15,0.15,3696000
AAV13P2607A,20260327,0.48,0.48,0.46,0.46,954200
AAV19C2608A,20260327,0.23,0.25,0.23,0.25,3854800
AAV19C2612T,20260327,0.13,0.13,0.13,0.13,3279500
AAV41C2611T,20260327,0.11,0.11,0.11,0.11,100
ADVANC01C2606A,20260327,0.85,0.85,0.8,0.82,480700
ADVANC01C2607A,20260327,0.5,0.5,0.46,0.48,2077700
ADVANC01C2608A,20260327,0.19,0.19,0.18,0.18,4228500
ADVANC01C2609A,20260327,0.54,0.54,0.51,0.52,2093300
ADVANC01C2701T,20260327,0.67,0.67,0.65,0.66,3869600
ADVANC01P2606A,20260327,0.11,0.11,0.1,0.1,1744800
ADVANC01P2607A,20260327,0.31,0.32,0.31,0.31,1715800
ADVANC01P2609A,20260327,0.87,0.9,0.87,0.88,1165300
ADVANC13C2607A,20260327,0.5,0.5,0.46,0.48,3757600
ADVANC13C2608A,20260327,0.15,0.15,0.13,0.14,6652700
ADVANC13C2608B,20260327,0.22,0.22,0.2,0.2,3232600
ADVANC13C2608C,20260327,0.39,0.39,0.36,0.38,2370000
ADVANC13C2701T,20260327,0.45,0.46,0.44,0.45,1364700
ADVANC13P2607A,20260327,0.19,0.2,0.19,0.19,1440800
ADVANC19C2607A,20260327,0.36,0.37,0.34,0.35,2281200
ADVANC19C2608A,20260327,0.3,0.3,0.28,0.29,1452200
ADVANC41C2607A,20260327,0.45,0.45,0.4,0.42,1749300
ADVANC41C2608A,20260327,0.13,0.13,0.13,0.13,200
ADVANC41C2608C,20260327,0.33,0.33,0.32,0.33,1260400
ADVANC41C2701T,20260327,0.35,0.35,0.35,0.35,100
AEONTS13C2608A,20260327,0.2,0.2,0.19,0.19,1132800
AIA41C2609A,20260327,0.43,0.44,0.43,0.43,1000
ALIHEA41C2606A,20260327,0.15,0.15,0.15,0.15,200
AMATA01C2605A,20260327,0.18,0.2,0.16,0.16,6204400
AMATA01C2608A,20260327,0.33,0.35,0.32,0.32,4815100
AMATA13C2608A,20260327,0.34,0.37,0.33,0.33,5492100
AMATA19C2607A,20260327,0.41,0.43,0.39,0.39,1374400
AMATA19C2608A,20260327,0.26,0.28,0.25,0.25,6901900
AMATA41C2604A,20260327,0.08,0.1,0.08,0.08,300
AMATA41C2607A,20260327,0.54,0.55,0.53,0.53,200200
AMATA41C2608A,20260327,0.34,0.35,0.32,0.32,3001600
AMATA41C2609T,20260327,0.33,0.33,0.33,0.33,300
AOT01C2605A,20260327,0.06,0.08,0.06,0.08,873400
AOT01C2606T,20260327,0.31,0.33,0.3,0.33,4919000
AOT01C2607A,20260327,0.21,0.24,0.2,0.24,6803400
AOT01C2609A,20260327,0.4,0.45,0.4,0.44,5934200
AOT01P2605A,20260327,0.1,0.11,0.09,0.09,2398300
AOT01P2607A,20260327,0.45,0.46,0.41,0.42,4856500
AOT13C2605A,20260327,0.19,0.23,0.19,0.22,9489200
AOT13C2605B,20260327,0.05,0.06,0.05,0.06,4100000
AOT13C2608A,20260327,0.29,0.33,0.28,0.32,15640300
AOT13P2607A,20260327,0.3,0.31,0.28,0.28,6200700
AOT19C2605A,20260327,0.14,0.17,0.14,0.17,4265400
AOT19C2605B,20260327,0.04,0.04,0.04,0.04,200
AOT19C2608A,20260327,0.43,0.47,0.42,0.47,5357500
AOT41C2605A,20260327,0.16,0.18,0.15,0.18,445200
AOT41C2605T,20260327,0.01,0.01,0.01,0.01,199900
AOT41C2608A,20260327,0.26,0.3,0.26,0.28,1562900
AOT41C2609T,20260327,0.37,0.4,0.36,0.39,4344200
AOT41P2606T,20260327,0.15,0.15,0.14,0.14,8000
AOT41P2607A,20260327,0.27,0.27,0.26,0.26,1306700
AWC01C2703T,20260327,0.2,0.2,0.2,0.2,25000
AWC13C2606A,20260327,0.09,0.09,0.09,0.09,1483000
AWC13C2608B,20260327,0.22,0.23,0.22,0.23,1192200
AWC13C2701T,20260327,0.17,0.17,0.17,0.17,5152900
BA13C2608A,20260327,0.23,0.24,0.23,0.24,7347300
BA19C2609A,20260327,0.28,0.3,0.28,0.3,2797800
BA41C2608A,20260327,0.21,0.21,0.21,0.21,300600
BA41C2611T,20260327,0.16,0.16,0.16,0.16,100000
BABA28C2606A,20260327,0.04,0.04,0.04,0.04,199500
BABA28C2606B,20260327,0.11,0.14,0.08,0.14,500
BABA41C2603A,20260327,0.01,0.01,0.01,0.01,910000
BABA41C2605A,20260327,0.05,0.05,0.05,0.05,1000
BABA41C2606A,20260327,0.17,0.17,0.16,0.16,14700
BABA41C2609T,20260327,0.48,0.49,0.47,0.47,1000
BABA41C2701T,20260327,0.59,0.6,0.59,0.59,4400
BAM13C2607A,20260327,0.06,0.06,0.06,0.06,1700000
BAM13C2608A,20260327,0.17,0.17,0.16,0.16,4755500
BAM19C2612T,20260327,0.24,0.24,0.23,0.23,5348500
BANPU01C2605A,20260327,0.73,0.8,0.73,0.8,571500
BANPU01C2606T,20260327,0.43,0.43,0.43,0.43,5000
BANPU01C2607A,20260327,0.14,0.16,0.14,0.15,17666300
BANPU01C2703T,20260327,0.2,0.21,0.19,0.2,7142500
BANPU13C2606A,20260327,0.23,0.26,0.23,0.25,10331600
BANPU13C2608A,20260327,0.17,0.19,0.17,0.18,4256100
BANPU13C2701T,20260327,0.26,0.26,0.26,0.26,335400
BANPU19C2612T,20260327,0.41,0.43,0.41,0.42,5876800
BANPU41C2606A,20260327,0.22,0.22,0.22,0.22,231300
BANPU41C2608A,20260327,0.15,0.16,0.14,0.16,900700
BANPU41C2612T,20260327,0.28,0.29,0.28,0.29,1500600
BBL13C2607A,20260327,0.15,0.15,0.14,0.14,3100300
BBL13C2607B,20260327,0.29,0.29,0.25,0.25,14333300
BBL13C2608A,20260327,0.39,0.39,0.36,0.36,14039300
BBL13P2608A,20260327,0.51,0.53,0.51,0.53,3196900
BBL19C2612T,20260327,0.46,0.46,0.43,0.43,2455700
BBL41C2607A,20260327,0.14,0.14,0.13,0.13,800
BBL41C2609T,20260327,0.4,0.4,0.39,0.39,801100
BBL41P2608A,20260327,0.46,0.47,0.46,0.47,1200200
BCH01C2609A,20260327,0.14,0.15,0.14,0.14,5487000
BCH13C2607A,20260327,0.27,0.28,0.27,0.28,4013000
BCH13C2607B,20260327,0.07,0.07,0.06,0.06,80000
BCH19C2607A,20260327,0.07,0.07,0.07,0.07,200000
BCH41C2703T,20260327,0.17,0.17,0.17,0.17,100
BCP01C2607A,20260327,0.56,0.59,0.56,0.59,10600
BCP01C2608A,20260327,0.32,0.34,0.31,0.32,4636000
BCP13C2608A,20260327,0.54,0.54,0.52,0.52,52700
BCP13C2608B,20260327,0.27,0.3,0.27,0.28,20558400
BCP41C2608A,20260327,0.52,0.54,0.5,0.53,2354300
BCP41C2609T,20260327,0.21,0.22,0.21,0.22,900
BCPG01C2607A,20260327,0.39,0.41,0.37,0.37,3223600
BCPG13C2607A,20260327,0.16,0.18,0.15,0.15,4363800
BCPG13C2608A,20260327,0.11,0.13,0.11,0.11,3102600
BCPG19C2605A,20260327,0.03,0.04,0.02,0.02,380100
BCPG41C2606T,20260327,0.17,0.17,0.16,0.16,1001000
BCPG41C2607A,20260327,0.15,0.15,0.14,0.14,200
BCPG41C2612T,20260327,0.16,0.17,0.15,0.15,1000200
BDMS01C2604A,20260327,0.01,0.01,0.01,0.01,70000
BDMS01C2607A,20260327,0.1,0.1,0.09,0.1,5186900
BDMS01C2609A,20260327,0.27,0.27,0.26,0.27,2613700
BDMS01P2607A,20260327,0.3,0.31,0.3,0.3,2305000
BDMS13C2607A,20260327,0.13,0.14,0.13,0.13,949400
BDMS13C2608A,20260327,0.09,0.1,0.09,0.09,672500
BDMS13C2608B,20260327,0.27,0.27,0.26,0.27,2183300
BDMS13C2701T,20260327,0.23,0.23,0.22,0.22,1052700
BDMS13P2607A,20260327,0.39,0.4,0.39,0.39,1949100
BDMS19C2608A,20260327,0.26,0.26,0.25,0.26,628600
BDMS41C2607A,20260327,0.12,0.12,0.12,0.12,5200
BDMS41C2612T,20260327,0.17,0.17,0.17,0.17,500
BEM13C2608A,20260327,0.1,0.1,0.1,0.1,2438600
BEM41C2612T,20260327,0.13,0.13,0.13,0.13,600
BGRIM01C2606T,20260327,0.03,0.03,0.03,0.03,100000
BGRIM01C2609A,20260327,0.18,0.19,0.18,0.19,4859400
BGRIM13C2607A,20260327,0.06,0.08,0.06,0.08,50100
BGRIM13C2608A,20260327,0.18,0.2,0.18,0.19,10300300
BGRIM13C2608B,20260327,0.27,0.29,0.27,0.28,4510500
BGRIM13P2608A,20260327,0.71,0.71,0.71,0.71,1000
BGRIM19C2607A,20260327,0.09,0.1,0.08,0.08,1687400
BGRIM41C2608T,20260327,0.1,0.1,0.09,0.09,200000
BGRIM41C2701T,20260327,0.28,0.28,0.28,0.28,8700
BH01C2605A,20260327,0.12,0.14,0.12,0.12,13137200
BH01C2607A,20260327,0.73,0.76,0.72,0.72,73600
BH01C2608A,20260327,0.1,0.11,0.1,0.1,2659900
BH01C2609A,20260327,0.74,0.77,0.73,0.73,8976200
BH01C2609B,20260327,0.67,0.71,0.65,0.66,2865800
BH01P2607A,20260327,0.11,0.11,0.1,0.11,2897600
BH01P2607B,20260327,0.38,0.38,0.36,0.37,4254500
BH01P2608A,20260327,0.8,0.8,0.76,0.79,3507600
BH13C2605A,20260327,0.08,0.08,0.08,0.08,200
BH13C2607A,20260327,0.65,0.7,0.64,0.64,401000
BH13C2608A,20260327,0.12,0.13,0.11,0.12,11988100
BH13C2608B,20260327,0.44,0.47,0.43,0.43,23276400
BH13P2607A,20260327,0.08,0.08,0.08,0.08,10000
BH13P2608A,20260327,0.7,0.7,0.67,0.7,7164500
BH19C2605A,20260327,0.09,0.11,0.09,0.09,10072100
BH19C2607B,20260327,0.08,0.08,0.08,0.08,100
BH19C2608A,20260327,0.43,0.46,0.41,0.42,20274400
BH41C2607A,20260327,0.57,0.63,0.56,0.57,1531400
BH41C2608B,20260327,0.4,0.43,0.4,0.41,1896900
BH41C2611T,20260327,0.47,0.48,0.47,0.47,100600
BH41P2608A,20260327,0.65,0.65,0.64,0.64,1200200
BIDU41C2603A,20260327,0.01,0.01,0.01,0.01,50000
BIDU41C2606A,20260327,0.06,0.07,0.06,0.07,1616000
BIDU41C2609A,20260327,0.07,0.08,0.07,0.08,2361600
BIDU41C2609T,20260327,0.81,0.84,0.81,0.84,800
BJC01C2608A,20260327,0.13,0.14,0.13,0.13,1127800
BJC13C2607A,20260327,0.15,0.17,0.15,0.17,1852900
BJC19C2612T,20260327,0.29,0.31,0.29,0.3,2751500
BJC41C2606T,20260327,0.02,0.02,0.02,0.02,100
BLA01C2607A,20260327,0.15,0.16,0.14,0.16,1187800
BLA13C2607A,20260327,0.16,0.18,0.16,0.18,3031700
BLA13C2608A,20260327,0.27,0.31,0.26,0.31,8556600
BLA19C2608A,20260327,0.28,0.32,0.28,0.31,2022300
BTG01C2607A,20260327,0.63,1.06,0.63,0.96,822000
BTG01C2609A,20260327,0.47,0.74,0.45,0.7,12988800
BTG13C2607A,20260327,0.99,1.3,0.99,1.3,3100
BTG13C2608A,20260327,0.48,0.86,0.48,0.79,63929600
BTG19C2608A,20260327,0.37,0.67,0.37,0.62,27779100
BTS01C2608A,20260327,0.06,0.06,0.06,0.06,202000
BTS01C2609T,20260327,0.04,0.04,0.04,0.04,2000
BTS13C2606A,20260327,0.02,0.02,0.02,0.02,2700
BTS13C2607A,20260327,0.09,0.1,0.09,0.09,3223100
BTS13C2608A,20260327,0.08,0.09,0.08,0.08,144800
BTS13C2701T,20260327,0.12,0.12,0.12,0.12,801000
BTS13P2608A,20260327,0.3,0.3,0.3,0.3,262000
BTS19C2605A,20260327,0.03,0.03,0.03,0.03,746900
BTS41C2607A,20260327,0.1,0.1,0.1,0.1,8700
BTS41C2703T,20260327,0.16,0.16,0.16,0.16,50000
BYDCOM41C2609A,20260327,0.69,0.71,0.66,0.66,31200
CBG01C2607A,20260327,0.07,0.07,0.06,0.06,3100
CBG01C2609A,20260327,0.23,0.25,0.23,0.24,5206600
CBG01P2609A,20260327,0.44,0.44,0.42,0.42,2610300
CBG13C2604A,20260327,0.01,0.01,0.01,0.01,800000
CBG13C2607A,20260327,0.05,0.05,0.04,0.05,112900
CBG13C2608A,20260327,0.17,0.19,0.17,0.18,3379100
CBG13C2608B,20260327,0.24,0.25,0.24,0.25,6221500
CBG13P2605A,20260327,0.26,0.26,0.24,0.24,4361300
CBG19C2604A,20260327,0.01,0.01,0.01,0.01,31000
CBG19C2608A,20260327,0.29,0.31,0.29,0.31,9971600
CBG41C2608A,20260327,0.16,0.16,0.16,0.16,746600
CBG41C2703T,20260327,0.24,0.24,0.24,0.24,300
CCET13C2607A,20260327,0.14,0.14,0.12,0.12,1657100
CCET13C2608A,20260327,0.41,0.41,0.38,0.38,9639000
CCET19C2607A,20260327,0.16,0.16,0.14,0.14,1317000
CCET41C2607A,20260327,0.23,0.23,0.23,0.23,400
CCET41C2609T,20260327,0.1,0.11,0.1,0.11,30100
CENTEL01C2606A,20260327,0.06,0.06,0.06,0.06,840800
CENTEL01C2609A,20260327,0.3,0.3,0.25,0.25,5791400
CENTEL13C2605A,20260327,0.08,0.08,0.06,0.06,2002400
CENTEL13C2608A,20260327,0.17,0.17,0.14,0.14,3435200
CENTEL13C2608B,20260327,0.34,0.34,0.28,0.29,9302900
CENTEL19C2607A,20260327,0.11,0.11,0.1,0.1,617300
CENTEL41C2606T,20260327,0.12,0.12,0.11,0.11,700
CENTEL41C2608A,20260327,0.12,0.12,0.11,0.11,480600
CENTEL41C2701T,20260327,0.27,0.27,0.26,0.26,1881200
CHG13C2608A,20260327,0.12,0.12,0.12,0.12,239000
CK01C2608A,20260327,0.24,0.26,0.24,0.25,1304200
CK13C2607A,20260327,0.29,0.31,0.29,0.3,934600
CK13C2608A,20260327,0.16,0.16,0.16,0.16,593000
COM701C2604A,20260327,0.03,0.03,0.03,0.03,25000
COM701C2607A,20260327,0.44,0.44,0.39,0.39,3217500
COM713C2604A,20260327,0.01,0.01,0.01,0.01,700000
COM713C2605A,20260327,0.12,0.12,0.1,0.1,2460800
COM713C2607A,20260327,0.41,0.42,0.37,0.38,3410700
COM713C2608A,20260327,0.1,0.11,0.1,0.1,1412300
COM719C2605A,20260327,0.17,0.17,0.14,0.14,5961800
COM741C2607A,20260327,0.34,0.35,0.34,0.35,100200
COM741C2609T,20260327,0.28,0.28,0.27,0.27,1080600
CPALL01C2606T,20260327,0.04,0.04,0.04,0.04,140000
CPALL01C2607A,20260327,0.17,0.18,0.15,0.16,4205800
CPALL01C2703T,20260327,0.23,0.23,0.23,0.23,860500
CPALL01P2607A,20260327,0.2,0.2,0.18,0.2,4536600
CPALL13C2607A,20260327,0.14,0.16,0.13,0.13,1843400
CPALL13C2608A,20260327,0.1,0.11,0.1,0.1,1961600
CPALL13C2609A,20260327,0.31,0.32,0.29,0.29,3870900
CPALL13C2701T,20260327,0.23,0.24,0.22,0.22,5240300
CPALL13P2608A,20260327,0.24,0.25,0.23,0.25,6178800
CPALL19C2607A,20260327,0.22,0.24,0.2,0.21,3260300
CPALL19C2612A,20260327,0.13,0.14,0.13,0.13,5363900
CPALL41C2607A,20260327,0.12,0.13,0.11,0.11,600
CPALL41C2612T,20260327,0.15,0.15,0.14,0.14,1100
CPALL41P2608A,20260327,0.22,0.22,0.22,0.22,710000
CPF01C2608A,20260327,0.16,0.2,0.16,0.2,3276100
CPF01C2609A,20260327,0.31,0.37,0.29,0.36,8753200
CPF01C2611T,20260327,0.19,0.22,0.19,0.22,4441600
CPF01P2608A,20260327,0.45,0.46,0.38,0.39,2903300
CPF13C2608A,20260327,0.22,0.27,0.21,0.27,15344800
CPF13P2608A,20260327,0.4,0.41,0.35,0.35,4281700
CPF19C2608A,20260327,0.18,0.23,0.18,0.22,9303000
CPF19C2609T,20260327,0.14,0.18,0.14,0.17,1399400
CPF41C2608A,20260327,0.18,0.23,0.18,0.23,881200
CPF41C2612T,20260327,0.19,0.22,0.19,0.22,285000
CPN01C2604A,20260327,0.15,0.15,0.1,0.1,4726800
CPN01C2606T,20260327,0.24,0.24,0.21,0.21,5977800
CPN01C2608A,20260327,0.42,0.42,0.35,0.35,5336500
CPN01P2608A,20260327,0.28,0.31,0.28,0.31,2127800
CPN13C2604A,20260327,0.08,0.08,0.04,0.04,220000
CPN13C2608A,20260327,0.44,0.44,0.39,0.39,14031900
CPN13P2608A,20260327,0.27,0.3,0.27,0.3,4281900
CPN19C2609T,20260327,0.4,0.4,0.36,0.36,13577000
CPN41C2608A,20260327,0.41,0.41,0.36,0.36,1307600
CPN41C2608T,20260327,0.45,0.45,0.4,0.4,6160900
CRC01C2605A,20260327,0.04,0.04,0.03,0.03,87000
CRC01C2609A,20260327,0.17,0.17,0.15,0.15,3922300
CRC01C2609B,20260327,0.35,0.35,0.32,0.32,2329400
CRC01C2610T,20260327,0.23,0.23,0.21,0.21,2891300
CRC01P2605A,20260327,0.16,0.18,0.15,0.17,3194400
CRC13C2606A,20260327,0.1,0.11,0.09,0.09,1288100
CRC13C2608A,20260327,0.36,0.37,0.33,0.33,6491600
CRC13P2606A,20260327,0.16,0.16,0.15,0.16,2762900
CRC19C2612A,20260327,0.31,0.31,0.29,0.29,5577200
CRC41C2609T,20260327,0.13,0.13,0.13,0.13,100
DELTA01C2605A,20260327,1.61,1.67,1.46,1.53,1701700
DELTA01C2605B,20260327,3.74,3.82,3.42,3.56,941900
DELTA01C2607A,20260327,1.05,1.07,0.95,0.97,1310700
DELTA01C2608A,20260327,0.72,0.75,0.66,0.69,6699700
DELTA01P2605A,20260327,0.03,0.04,0.03,0.03,850500
DELTA01P2606A,20260327,0.07,0.09,0.07,0.08,567500
DELTA01P2608A,20260327,0.64,0.67,0.62,0.65,6567000
DELTA13C2604A,20260327,0.3,0.34,0.18,0.2,801300
DELTA13C2605A,20260327,0.78,0.78,0.68,0.72,610700
DELTA13C2605B,20260327,2.6,2.6,2.4,2.4,900
DELTA13C2607A,20260327,0.57,0.59,0.52,0.53,3570400
DELTA13C2607B,20260327,0.67,0.7,0.6,0.63,41014400
DELTA13C2608A,20260327,0.41,0.43,0.37,0.39,10162200
DELTA13P2605A,20260327,0.02,0.03,0.02,0.03,273300
DELTA13P2606A,20260327,0.14,0.15,0.14,0.15,14749400
DELTA13P2607A,20260327,0.54,0.58,0.54,0.56,16920600
DELTA19C2604A,20260327,0.17,0.21,0.12,0.15,89700
DELTA19C2607A,20260327,0.88,0.91,0.8,0.84,6722800
DELTA19C2608A,20260327,0.77,0.79,0.7,0.73,5509200
DELTA19P2604A,20260327,0.02,0.02,0.02,0.02,260000
DELTA19P2605A,20260327,0.02,0.03,0.02,0.03,800400
DELTA19P2606A,20260327,0.13,0.14,0.12,0.13,4863500
DELTA19P2607A,20260327,0.42,0.45,0.41,0.43,4707900
DELTA19P2608A,20260327,0.87,0.9,0.85,0.88,2450700
DELTA41C2606A,20260327,1.23,1.24,1.23,1.24,100000
DELTA41C2607A,20260327,0.54,0.55,0.49,0.5,1562000
DELTA41C2607B,20260327,0.62,0.63,0.56,0.58,1190600
DELTA41C2608A,20260327,0.4,0.41,0.36,0.39,1347300
DELTA41C2612T,20260327,1.26,1.26,1.24,1.24,100500
DELTA41C2703T,20260327,0.84,0.84,0.78,0.8,3582800
DELTA41P2607A,20260327,0.54,0.57,0.53,0.56,1640400
DJI41C2606A,20260327,0.15,0.15,0.14,0.14,2199600
DJI41P2606A,20260327,1.02,1.09,1.02,1.07,26400
DOHOME01C2608A,20260327,0.17,0.18,0.16,0.17,1740100
DOHOME13C2607A,20260327,0.16,0.18,0.16,0.17,3190200
DOHOME41C2604A,20260327,0.01,0.01,0.01,0.01,100
EA13C2604A,20260327,0.01,0.01,0.01,0.01,46300
EA13C2607A,20260327,0.09,0.09,0.08,0.08,2494000
EA13C2607B,20260327,0.07,0.07,0.06,0.06,15900
EA13C2608A,20260327,0.26,0.27,0.25,0.25,21554400
EA19C2606A,20260327,0.11,0.12,0.1,0.1,2527800
EA41C2609T,20260327,0.2,0.2,0.2,0.2,200
EGCO41C2612T,20260327,0.26,0.26,0.25,0.25,400
ERW01C2608A,20260327,0.12,0.12,0.11,0.11,1334200
ERW01C2611T,20260327,0.23,0.23,0.22,0.22,2159400
ERW13C2608A,20260327,0.11,0.12,0.11,0.11,1778200
ERW13C2608B,20260327,0.25,0.26,0.23,0.24,6774100
ERW19C2609A,20260327,0.23,0.24,0.21,0.22,2081600
ERW41C2611T,20260327,0.33,0.33,0.32,0.32,200400
GFPT13C2608A,20260327,0.47,0.53,0.47,0.48,676800
GLOBAL01C2608A,20260327,0.03,0.03,0.03,0.03,402200
GLOBAL13C2604A,20260327,0.01,0.01,0.01,0.01,2500
GLOBAL13C2608A,20260327,0.09,0.09,0.08,0.08,1955500
GLOBAL13C2608B,20260327,0.2,0.2,0.18,0.19,2814000
GLOBAL41C2606T,20260327,0.01,0.01,0.01,0.01,29000
GLOBAL41C2608A,20260327,0.07,0.07,0.07,0.07,50000
GLOBAL41C2612T,20260327,0.25,0.25,0.23,0.23,50400
GPSC01C2608A,20260327,0.06,0.07,0.05,0.05,637800
GPSC01C2609A,20260327,0.19,0.23,0.19,0.21,12627000
GPSC01C2609T,20260327,0.11,0.12,0.11,0.12,3581200
GPSC01P2605A,20260327,0.12,0.12,0.11,0.11,6200
GPSC01P2607A,20260327,0.38,0.38,0.37,0.38,170900
GPSC01P2608A,20260327,0.72,0.74,0.69,0.7,11700
GPSC13C2604A,20260327,0.01,0.01,0.01,0.01,250000
GPSC13C2606A,20260327,0.09,0.1,0.09,0.09,6057900
GPSC13C2608A,20260327,0.08,0.09,0.08,0.08,5229500
GPSC13C2608B,20260327,0.21,0.25,0.21,0.24,14275100
GPSC13C2701T,20260327,0.13,0.14,0.13,0.14,8108600
GPSC13P2606A,20260327,0.14,0.14,0.11,0.12,3303500
GPSC19C2608A,20260327,0.09,0.09,0.09,0.09,476500
GPSC19C2608B,20260327,0.23,0.28,0.23,0.26,15753500
GPSC41C2608B,20260327,0.2,0.23,0.2,0.22,4166200
GPSC41C2703T,20260327,0.2,0.21,0.2,0.2,901200
GULF01C2604A,20260327,0.49,0.6,0.49,0.58,1320800
GULF01C2606T,20260327,0.18,0.2,0.18,0.2,1885800
GULF01C2608A,20260327,0.7,0.78,0.7,0.76,492200
GULF01C2608B,20260327,0.41,0.47,0.41,0.46,2171000
GULF01C2609A,20260327,0.33,0.38,0.33,0.37,12437700
GULF01C2702T,20260327,0.52,0.55,0.52,0.54,9889800
GULF01P2608B,20260327,0.25,0.25,0.23,0.23,3885400
GULF01P2609A,20260327,0.65,0.65,0.6,0.61,4915700
GULF13C2607A,20260327,0.63,0.69,0.62,0.68,657100
GULF13C2608A,20260327,0.44,0.51,0.44,0.49,23996400
GULF13P2607A,20260327,0.06,0.07,0.06,0.06,728500
GULF13P2608A,20260327,0.45,0.45,0.41,0.41,11960100
GULF19C2607B,20260327,0.34,0.39,0.34,0.38,9551600
GULF41C2608A,20260327,0.41,0.46,0.41,0.45,812500
GULF41C2609T,20260327,0.39,0.41,0.39,0.41,1500
GUNKUL01C2608A,20260327,0.22,0.25,0.21,0.22,7369500
GUNKUL13C2608A,20260327,0.35,0.39,0.34,0.37,35157500
GUNKUL13C2608B,20260327,0.18,0.21,0.18,0.19,5686200
HANA01C2604A,20260327,1.02,1.02,1.02,1.02,3000
HANA01C2606A,20260327,1.82,1.82,1.79,1.79,10200
HANA01C2608A,20260327,1.58,1.58,1.47,1.47,16700
HANA01C2609A,20260327,0.32,0.32,0.28,0.28,5126000
HANA13C2604A,20260327,0.34,0.34,0.18,0.2,709000
HANA13C2604B,20260327,1.52,1.52,1.52,1.52,20000
HANA13C2607A,20260327,1.94,1.94,1.75,1.75,80700
HANA13C2608A,20260327,1.41,1.41,1.21,1.24,13200
HANA13C2608B,20260327,0.79,0.79,0.71,0.73,74100
HANA13C2608C,20260327,0.39,0.4,0.33,0.35,13824500
HANA13C2701T,20260327,0.73,0.73,0.73,0.73,800
HANA13P2607A,20260327,0.08,0.09,0.06,0.07,1418700
HANA19C2604A,20260327,0.4,0.4,0.36,0.36,20200
HANA41C2604B,20260327,1.44,1.44,1.38,1.38,400
HANA41C2606T,20260327,0.23,0.23,0.19,0.19,3258400
HANA41C2612T,20260327,0.63,0.63,0.6,0.6,111200
HMPRO01C2607A,20260327,0.05,0.05,0.05,0.05,8000
HMPRO13C2604A,20260327,0.01,0.01,0.01,0.01,65000
HMPRO13C2608A,20260327,0.11,0.11,0.11,0.11,2350600
HMPRO19C2608A,20260327,0.09,0.09,0.09,0.09,200000
HSI28C2603A,20260327,0.01,0.01,0.01,0.01,100
HSI28C2603C,20260327,0.01,0.01,0.01,0.01,400
HSI28C2604A,20260327,0.02,0.03,0.02,0.03,64000
HSI28C2604B,20260327,0.04,0.04,0.03,0.04,644700
HSI28C2604C,20260327,0.13,0.16,0.13,0.13,4613500
HSI28C2604D,20260327,0.22,0.27,0.2,0.21,72856600
HSI28C2605A,20260327,0.11,0.13,0.11,0.11,544300
HSI28C2605B,20260327,0.27,0.3,0.25,0.25,9808200
HSI28C2605C,20260327,0.6,0.67,0.57,0.58,24859900
HSI28C2605D,20260327,1.08,1.09,1.08,1.09,3600
HSI28C2606A,20260327,0.24,0.26,0.22,0.23,3235400
HSI28C2606B,20260327,0.85,0.89,0.82,0.89,40300
HSI28P2603B,20260327,0.01,0.01,0.01,0.01,11000
HSI28P2603C,20260327,0.25,0.34,0.2,0.3,7233000
HSI28P2604A,20260327,0.22,0.23,0.19,0.22,17237900
HSI28P2604B,20260327,0.53,0.57,0.47,0.54,46402300
HSI28P2605A,20260327,0.68,0.71,0.63,0.69,2526400
HSI28P2605B,20260327,0.34,0.35,0.31,0.34,2238700
HSI28P2605C,20260327,0.2,0.2,0.2,0.2,700
HSTECH28C2606A,20260327,0.21,0.21,0.21,0.21,5000
HSTECH28P2606A,20260327,0.72,0.72,0.7,0.71,52700
ICHI19C2609T,20260327,0.13,0.13,0.13,0.13,153100
IRPC01C2607A,20260327,1.29,1.29,1.2,1.2,4300
IRPC01C2609A,20260327,0.82,0.86,0.79,0.86,56900
IRPC01C2703T,20260327,0.22,0.22,0.21,0.21,6651200
IRPC13C2608A,20260327,0.99,1.06,0.94,0.94,173300
IRPC13C2608B,20260327,0.59,0.67,0.58,0.6,18891900
IRPC13C2609A,20260327,0.52,0.57,0.51,0.52,15553400
IRPC13C2701T,20260327,0.77,0.77,0.75,0.75,4200
IRPC19C2609T,20260327,0.68,0.73,0.67,0.68,2127900
IRPC41C2703T,20260327,0.76,0.81,0.76,0.77,3386800
ITC01C2606T,20260327,0.16,0.19,0.16,0.18,2915200
ITC13C2608A,20260327,0.17,0.21,0.16,0.2,9212200
ITC19C2609T,20260327,0.18,0.22,0.18,0.2,4468100
ITC41C2612T,20260327,0.18,0.19,0.18,0.19,3200
IVL01C2604A,20260327,0.28,0.29,0.25,0.25,28100
IVL01C2605A,20260327,1.09,1.11,1.07,1.09,925000
IVL01C2607A,20260327,0.36,0.37,0.35,0.36,4044900
IVL01C2608A,20260327,0.07,0.07,0.07,0.07,158400
IVL01C2609A,20260327,0.89,0.89,0.89,0.89,1000
IVL01P2604A,20260327,0.02,0.02,0.02,0.02,1500
IVL01P2607A,20260327,0.15,0.15,0.14,0.15,903000
IVL01P2608A,20260327,0.37,0.37,0.37,0.37,2724500
IVL01P2609A,20260327,0.61,0.61,0.6,0.6,4209200
IVL13C2604A,20260327,0.08,0.1,0.07,0.08,6017600
IVL13C2605A,20260327,0.67,0.69,0.67,0.69,500
IVL13C2607A,20260327,0.32,0.34,0.31,0.32,11296900
IVL13C2608A,20260327,0.63,0.65,0.62,0.63,18843200
IVL13C2609A,20260327,0.59,0.59,0.58,0.58,11065400
IVL13P2607A,20260327,0.21,0.21,0.19,0.2,3428200
IVL19C2604A,20260327,0.36,0.36,0.36,0.36,200
IVL19C2607A,20260327,0.41,0.42,0.4,0.4,16591200
IVL19P2608A,20260327,0.5,0.5,0.49,0.49,3886600
IVL41C2604A,20260327,0.1,0.1,0.09,0.09,600
IVL41C2605A,20260327,0.68,0.68,0.66,0.66,200
IVL41C2607A,20260327,0.29,0.3,0.29,0.29,1942900
IVL41C2608A,20260327,0.62,0.62,0.6,0.61,2267200
IVL41C2702T,20260327,0.42,0.43,0.42,0.43,981100
IVL41P2605T,20260327,0.09,0.09,0.09,0.09,100
JAS13C2608A,20260327,0.11,0.11,0.09,0.1,1654900
JAS41C2611T,20260327,0.12,0.12,0.12,0.12,400
JD41C2603A,20260327,0.01,0.01,0.01,0.01,40000
JD41C2606A,20260327,0.23,0.23,0.22,0.22,1000
JMART01C2608A,20260327,0.13,0.13,0.13,0.13,2479200
JMART13C2605A,20260327,0.04,0.04,0.04,0.04,100
JMART13C2608A,20260327,0.16,0.16,0.15,0.16,1497900
JMART13C2701T,20260327,0.16,0.16,0.16,0.16,704900
JMART19C2612A,20260327,0.24,0.24,0.24,0.24,511000
JMART41C2703T,20260327,0.26,0.26,0.25,0.26,4500
JMT01C2608A,20260327,0.1,0.1,0.1,0.1,760700
JMT01C2701T,20260327,0.26,0.27,0.26,0.26,3617600
JMT13C2607A,20260327,0.29,0.32,0.29,0.3,2771000
JMT13C2608A,20260327,0.12,0.13,0.12,0.13,4208500
JMT13C2701T,20260327,0.22,0.23,0.22,0.23,3349100
JMT19C2605A,20260327,0.08,0.09,0.08,0.09,155500
JMT19C2608A,20260327,0.11,0.11,0.11,0.11,1169200
JMT41C2608A,20260327,0.1,0.11,0.1,0.11,400
JMT41C2611T,20260327,0.09,0.09,0.09,0.09,100000
JMT41C2703T,20260327,0.39,0.4,0.39,0.4,150400
KBANK01C2607A,20260327,0.23,0.24,0.22,0.22,1439700
KBANK01C2608A,20260327,0.11,0.11,0.1,0.1,342400
KBANK01C2609A,20260327,0.58,0.59,0.57,0.57,2521600
KBANK01C2702T,20260327,0.21,0.21,0.21,0.21,200000
KBANK01P2607A,20260327,0.35,0.36,0.35,0.36,3072000
KBANK13C2607A,20260327,0.08,0.09,0.08,0.08,1636200
KBANK13C2607B,20260327,0.31,0.31,0.27,0.27,5499500
KBANK13P2607A,20260327,0.34,0.34,0.34,0.34,965500
KBANK19C2604A,20260327,0.01,0.01,0.01,0.01,40000
KBANK41C2607B,20260327,0.26,0.26,0.25,0.25,702400
KBANK41C2609T,20260327,0.56,0.57,0.55,0.55,900
KBANK41C2703T,20260327,0.31,0.31,0.31,0.31,400
KCE13C2606A,20260327,0.4,0.4,0.35,0.36,5255500
KCE13C2607A,20260327,0.71,0.71,0.64,0.64,699900
KCE13C2608A,20260327,0.45,0.47,0.41,0.42,18738600
KCE13P2608A,20260327,0.44,0.46,0.44,0.45,7370600
KCE19C2604A,20260327,0.02,0.02,0.01,0.01,244800
KCE19C2605A,20260327,0.44,0.45,0.38,0.38,3073700
KCE19C2608A,20260327,1.07,1.07,0.96,0.96,13400
KCE19C2608B,20260327,0.51,0.52,0.46,0.47,12590000
KCE41C2606A,20260327,0.38,0.39,0.33,0.35,713800
KCE41C2607A,20260327,0.65,0.65,0.58,0.58,13200
KCE41C2608A,20260327,0.43,0.43,0.39,0.4,1086400
KCE41C2609T,20260327,0.6,0.61,0.57,0.59,7970200
KCE41P2608A,20260327,0.41,0.41,0.4,0.4,1840000
KKP01C2607A,20260327,0.6,0.6,0.54,0.55,2880900
KKP01P2609A,20260327,0.66,0.69,0.66,0.68,3307300
KKP13C2606A,20260327,0.45,0.45,0.4,0.42,18382700
KKP19C2609T,20260327,0.77,0.77,0.72,0.73,4329700
KTB01C2608A,20260327,0.26,0.26,0.24,0.24,841500
KTB01C2701T,20260327,0.32,0.32,0.32,0.32,475000
KTB01P2608A,20260327,0.15,0.15,0.15,0.15,205900
KTB13C2606A,20260327,0.27,0.27,0.27,0.27,20100
KTB13C2608A,20260327,0.23,0.23,0.22,0.22,2656100
KTB13P2608A,20260327,0.13,0.13,0.13,0.13,400000
KTB19C2609T,20260327,0.41,0.41,0.41,0.41,264300
KTB41C2608A,20260327,0.2,0.2,0.2,0.2,200
KTC01C2607A,20260327,0.17,0.17,0.17,0.17,546000
KTC01C2608A,20260327,0.09,0.1,0.09,0.1,117300
KTC01C2609T,20260327,0.15,0.15,0.15,0.15,380600
KTC01P2608A,20260327,0.45,0.45,0.44,0.44,2239300
KTC13C2607A,20260327,0.17,0.18,0.17,0.18,14426700
KTC13C2608A,20260327,0.13,0.13,0.12,0.13,15075400
KTC13C2701T,20260327,0.24,0.24,0.24,0.24,23998400
KTC13P2608A,20260327,0.48,0.48,0.47,0.47,5011400
KTC19C2609T,20260327,0.17,0.17,0.17,0.17,4446000
KTC41C2607A,20260327,0.16,0.16,0.16,0.16,200
KTC41C2609T,20260327,0.16,0.16,0.16,0.16,1000
KUAISH41C2603A,20260327,0.01,0.01,0.01,0.01,350100
KUAISH41C2606A,20260327,0.02,0.02,0.02,0.02,1198900
KUAISH41C2609A,20260327,0.1,0.1,0.1,0.1,8001400
KUAISH41C2609T,20260327,0.28,0.28,0.26,0.26,200400
LH01C2609A,20260327,0.16,0.16,0.16,0.16,200100
LH13C2608A,20260327,0.18,0.18,0.18,0.18,1876700
M01C2606A,20260327,0.1,0.11,0.1,0.11,2977000
M13C2605A,20260327,0.07,0.08,0.07,0.07,113700
M13C2607A,20260327,0.11,0.11,0.1,0.1,715000
M13C2608B,20260327,0.31,0.33,0.31,0.32,5044700
M19C2605A,20260327,0.1,0.11,0.1,0.1,594800
M41C2612T,20260327,0.21,0.21,0.21,0.21,100
MCA5041C2606A,20260327,0.17,0.17,0.17,0.17,8000
MEGA01C2702T,20260327,0.19,0.19,0.19,0.19,2900
MEGA13C2608A,20260327,0.12,0.12,0.12,0.12,306700
MEITUA28C2607A,20260327,0.25,0.25,0.22,0.22,1520000
MEITUA28C2609A,20260327,0.56,0.56,0.56,0.56,50000
MEITUA41C2609A,20260327,0.57,0.59,0.53,0.53,103600
MINT01C2605A,20260327,0.04,0.04,0.04,0.04,300000
MINT01C2609A,20260327,0.43,0.43,0.4,0.41,2146600
MINT01P2605A,20260327,0.12,0.15,0.12,0.13,4241600
MINT01P2609A,20260327,0.59,0.63,0.59,0.6,1583000
MINT13C2607A,20260327,0.06,0.06,0.06,0.06,271000
MINT13C2608A,20260327,0.27,0.27,0.25,0.26,2275400
MINT13C2608B,20260327,0.42,0.42,0.38,0.4,7821000
MINT13P2606A,20260327,0.35,0.38,0.35,0.36,1156600
MINT41C2608A,20260327,0.23,0.23,0.23,0.23,100
MINT41P2606A,20260327,0.32,0.32,0.31,0.31,400
MTC01C2606A,20260327,0.02,0.02,0.02,0.02,480000
MTC01C2608A,20260327,0.12,0.12,0.11,0.12,11949800
MTC01P2608A,20260327,0.17,0.17,0.15,0.15,17897700
MTC13C2607A,20260327,0.1,0.11,0.1,0.11,4457800
MTC13C2608A,20260327,0.19,0.2,0.19,0.19,2827700
MTC13P2607A,20260327,0.46,0.46,0.44,0.45,1015000
MTC19C2608A,20260327,0.15,0.16,0.14,0.15,4312900
MTC41C2607A,20260327,0.08,0.08,0.08,0.08,100
MTC41C2608A,20260327,0.17,0.18,0.17,0.18,580400
MTC41C2611T,20260327,0.06,0.06,0.06,0.06,100
NDX28C2606A,20260327,0.23,0.23,0.23,0.23,100
NDX28C2606B,20260327,0.6,0.62,0.6,0.62,113200
NDX28P2606A,20260327,0.75,0.78,0.75,0.77,25000
NDX41C2606A,20260327,0.17,0.19,0.16,0.17,11916700
NDX41P2606A,20260327,0.9,0.96,0.88,0.93,6615400
NIKKEI28C2606A,20260327,1.19,1.19,1.06,1.06,24900
NIKKEI28C2606B,20260327,0.78,0.8,0.69,0.69,1079500
NIKKEI28C2606C,20260327,0.51,0.54,0.51,0.54,900
NIKKEI28C2606D,20260327,0.32,0.35,0.28,0.28,927100
NIKKEI28P2606A,20260327,0.33,0.38,0.33,0.38,17500
NIKKEI28P2606D,20260327,0.88,0.89,0.86,0.88,860600
NIKKEI41C2606A,20260327,1.19,1.24,1.12,1.12,400000
NIKKEI41C2606B,20260327,0.78,0.82,0.66,0.68,1052500
NIKKEI41C2606C,20260327,0.48,0.52,0.41,0.42,183200
NIKKEI41P2606A,20260327,0.91,0.98,0.87,0.98,846500
NIKKEI41P2606B,20260327,0.63,0.66,0.63,0.66,21200
NIKKEI41P2606C,20260327,0.42,0.48,0.42,0.48,64000
OR01C2607A,20260327,0.03,0.04,0.03,0.03,503000
OR01C2608A,20260327,0.1,0.1,0.09,0.09,453000
OR01C2609A,20260327,0.29,0.31,0.29,0.29,5665900
OR13C2605A,20260327,0.03,0.03,0.03,0.03,2464800
OR13C2608A,20260327,0.16,0.18,0.15,0.15,7325900
OR13C2608B,20260327,0.29,0.32,0.28,0.29,12375900
OR19C2607A,20260327,0.06,0.06,0.06,0.06,1561000
OR19C2608A,20260327,0.27,0.29,0.27,0.28,3606100
OR41C2605A,20260327,0.01,0.04,0.01,0.04,1100
OR41C2608T,20260327,0.21,0.21,0.2,0.2,2515200
OSP01C2607A,20260327,0.06,0.06,0.06,0.06,80000
OSP01C2609A,20260327,0.28,0.28,0.27,0.27,4340700
OSP13C2607A,20260327,0.06,0.06,0.06,0.06,317000
OSP13C2608A,20260327,0.2,0.2,0.2,0.2,1525800
OSP41C2607A,20260327,0.04,0.04,0.04,0.04,10000
OSP41C2701T,20260327,0.25,0.25,0.24,0.25,1400
PLANB13C2607A,20260327,0.23,0.24,0.23,0.24,1376700
PLANB13C2608A,20260327,0.22,0.23,0.22,0.23,2460900
PLANB13C2608B,20260327,0.07,0.07,0.07,0.07,50000
PLANB19C2605A,20260327,0.04,0.04,0.03,0.04,636700
PLANB19C2608A,20260327,0.42,0.45,0.42,0.44,2023500
PLANB41C2607A,20260327,0.23,0.23,0.22,0.22,1560600
PLANB41C2608A,20260327,0.2,0.2,0.2,0.2,48200
PLANB41C2612T,20260327,0.13,0.13,0.13,0.13,3000
POPMAR28C2606A,20260327,0.06,0.06,0.06,0.06,5300
POPMAR41C2609T,20260327,0.39,0.39,0.38,0.38,5200
PR913C2605A,20260327,0.02,0.02,0.02,0.02,900
PR913C2608A,20260327,0.12,0.12,0.11,0.11,2056200
PR941C2609T,20260327,0.06,0.06,0.06,0.06,100
PRM01C2609A,20260327,0.3,0.33,0.3,0.32,1367200
PRM01C2702T,20260327,0.29,0.29,0.29,0.29,590500
PRM13C2608A,20260327,0.24,0.26,0.24,0.26,3780100
PRM41C2612T,20260327,0.44,0.46,0.44,0.46,1001700
PTG01C2607A,20260327,0.31,0.36,0.25,0.25,7482300
PTG01C2609A,20260327,0.07,0.08,0.05,0.06,1922000
PTG13C2607A,20260327,0.37,0.43,0.3,0.31,5752900
PTG13C2608A,20260327,0.29,0.33,0.24,0.25,13980000
PTG13C2608B,20260327,0.12,0.12,0.09,0.1,11865000
PTG41C2701T,20260327,0.36,0.38,0.33,0.33,3161500
PTT01C2606T,20260327,0.1,0.1,0.09,0.1,48800
PTT01C2607A,20260327,0.15,0.16,0.14,0.14,3385600
PTT01P2609A,20260327,0.28,0.28,0.27,0.28,531900
PTT13C2606A,20260327,0.2,0.2,0.2,0.2,12500
PTT13C2608A,20260327,0.15,0.15,0.14,0.15,2289800
PTT13P2608A,20260327,0.27,0.27,0.26,0.27,3841000
PTT19C2612T,20260327,0.36,0.41,0.35,0.36,190800
PTT41C2606A,20260327,0.17,0.17,0.16,0.16,40000
PTT41C2606T,20260327,0.25,0.27,0.25,0.25,50400
PTT41C2608A,20260327,0.12,0.12,0.12,0.12,200
PTTEP01C2606T,20260327,1.19,1.19,1.15,1.16,36600
PTTEP01C2607A,20260327,1.28,1.37,1.28,1.32,270100
PTTEP01C2608A,20260327,0.82,0.9,0.82,0.86,1008300
PTTEP01C2609A,20260327,0.59,0.64,0.57,0.61,5226100
PTTEP01C2703T,20260327,0.57,0.59,0.57,0.58,4973400
PTTEP01P2607A,20260327,0.04,0.05,0.04,0.05,109500
PTTEP01P2608A,20260327,0.44,0.44,0.4,0.42,1715200
PTTEP13C2607A,20260327,1.53,1.53,1.53,1.53,1000
PTTEP13C2608A,20260327,1.05,1.08,1.04,1.08,104200
PTTEP13C2608B,20260327,0.72,0.79,0.72,0.76,16222600
PTTEP13C2608C,20260327,0.49,0.54,0.48,0.51,21069300
PTTEP13P2607A,20260327,0.04,0.05,0.04,0.05,100200
PTTEP13P2608A,20260327,0.26,0.26,0.24,0.24,1501700
PTTEP19C2608A,20260327,0.89,0.9,0.89,0.9,50000
PTTEP19C2608B,20260327,0.54,0.61,0.54,0.56,3845200
PTTEP41C2608B,20260327,0.69,0.76,0.69,0.73,2441400
PTTEP41C2609T,20260327,1.16,1.22,1.16,1.19,1450700
PTTEP41C2703T,20260327,0.6,0.63,0.6,0.61,2904000
PTTEP41P2608A,20260327,0.26,0.26,0.24,0.24,34100
PTTGC01C2605A,20260327,0.82,0.89,0.78,0.82,975200
PTTGC01C2607A,20260327,0.31,0.34,0.3,0.32,4076000
PTTGC01P2607A,20260327,0.06,0.06,0.05,0.05,69300
PTTGC01P2609A,20260327,0.28,0.28,0.26,0.27,2123600
PTTGC13C2607A,20260327,0.48,0.48,0.47,0.47,54700
PTTGC13C2608A,20260327,0.32,0.34,0.31,0.33,15268300
PTTGC13P2608A,20260327,0.39,0.39,0.38,0.38,2936300
PTTGC19C2608A,20260327,0.41,0.43,0.4,0.42,949100
PTTGC41C2604A,20260327,1.37,1.43,1.37,1.43,200
PTTGC41C2607A,20260327,0.47,0.47,0.45,0.45,200
PTTGC41C2608A,20260327,0.3,0.31,0.29,0.31,1468500
PTTGC41C2611T,20260327,0.29,0.29,0.29,0.29,200
PTTGC41C2612T,20260327,0.54,0.57,0.54,0.56,253500
RCL01C2608A,20260327,0.27,0.28,0.26,0.28,2076700
RCL01C2610T,20260327,0.36,0.38,0.36,0.38,921100
RCL13C2604A,20260327,0.12,0.19,0.11,0.19,1349000
RCL13C2608A,20260327,0.27,0.3,0.25,0.3,4828400
RCL19C2609A,20260327,0.26,0.3,0.26,0.3,1910800
RCL41C2612T,20260327,0.29,0.3,0.29,0.3,201000
SAWAD01C2606A,20260327,0.14,0.15,0.14,0.15,6649700
SAWAD01C2607A,20260327,0.04,0.04,0.04,0.04,204000
SAWAD01C2609B,20260327,0.4,0.44,0.4,0.43,5353500
SAWAD01P2606A,20260327,0.19,0.2,0.17,0.17,6272600
SAWAD01P2608A,20260327,0.5,0.5,0.48,0.48,3277600
SAWAD13C2607A,20260327,0.06,0.07,0.06,0.07,937300
SAWAD13C2607B,20260327,0.23,0.26,0.23,0.25,15914700
SAWAD13P2608A,20260327,0.45,0.45,0.43,0.43,5056800
SAWAD19C2607A,20260327,0.2,0.22,0.2,0.21,2806800
SAWAD19C2608A,20260327,0.13,0.14,0.13,0.14,3313000
SAWAD41C2607A,20260327,0.05,0.05,0.05,0.05,600
SAWAD41C2607B,20260327,0.2,0.2,0.19,0.19,200
SAWAD41C2609T,20260327,0.05,0.05,0.05,0.05,30000
SAWAD41C2610T,20260327,0.24,0.25,0.24,0.25,600
SCB01C2605A,20260327,0.17,0.17,0.15,0.15,4834600
SCB01C2607A,20260327,0.37,0.37,0.35,0.35,3992900
SCB01C2608A,20260327,0.27,0.28,0.26,0.27,2172400
SCB01C2703T,20260327,0.33,0.33,0.32,0.32,4700
SCB01P2607A,20260327,0.26,0.27,0.26,0.27,3531800
SCB13C2607A,20260327,0.15,0.16,0.14,0.14,4385200
SCB13C2607B,20260327,0.3,0.3,0.28,0.28,11971800
SCB13P2607A,20260327,0.35,0.36,0.35,0.36,9863300
SCB19C2612T,20260327,0.45,0.45,0.43,0.43,2631700
SCB41C2607A,20260327,0.13,0.13,0.12,0.12,300200
SCB41C2607B,20260327,0.27,0.27,0.26,0.26,480400
SCB41C2609T,20260327,0.52,0.52,0.51,0.51,980200
SCC01C2605A,20260327,0.11,0.14,0.11,0.14,3952200
SCC01C2606T,20260327,0.43,0.49,0.43,0.49,5395800
SCC01C2607A,20260327,0.12,0.15,0.12,0.15,2461200
SCC01C2609A,20260327,1.06,1.18,1.06,1.18,1623000
SCC01P2605A,20260327,0.05,0.05,0.04,0.04,1200300
SCC01P2607A,20260327,0.51,0.51,0.47,0.47,3125300
SCC13C2604A,20260327,0.02,0.02,0.02,0.02,300
SCC13C2606A,20260327,0.32,0.41,0.32,0.41,13020000
SCC13C2607A,20260327,0.21,0.24,0.21,0.24,7338000
SCC13C2608A,20260327,0.97,1.1,0.97,1.07,12800600
SCC13C2701T,20260327,0.32,0.32,0.31,0.32,21800
SCC13P2607A,20260327,0.46,0.46,0.4,0.4,6200600
SCC19C2605A,20260327,0.18,0.22,0.18,0.22,2969500
SCC19C2607A,20260327,0.14,0.16,0.14,0.16,3778300
SCC19C2608A,20260327,1.02,1.12,1.02,1.12,1473100
SCC41C2606A,20260327,0.3,0.33,0.29,0.33,1104600
SCC41C2607A,20260327,0.2,0.2,0.2,0.2,600
SCC41C2608A,20260327,0.93,1,0.92,0.98,7801400
SCC41C2608T,20260327,0.8,0.85,0.8,0.85,2602000
SCC41C2611T,20260327,0.2,0.2,0.2,0.2,300
SCC41C2612T,20260327,0.54,0.57,0.54,0.57,4052300
SCC41P2607A,20260327,0.37,0.37,0.34,0.34,1241300
SCGP01C2604A,20260327,0.03,0.04,0.03,0.04,300100
SCGP01C2608A,20260327,0.27,0.29,0.26,0.26,5106600
SCGP01C2609A,20260327,0.49,0.51,0.45,0.46,4693000
SCGP01P2608A,20260327,0.3,0.31,0.29,0.3,5226000
SCGP13C2605A,20260327,0.34,0.34,0.3,0.3,4500
SCGP13C2607A,20260327,0.22,0.22,0.19,0.21,21075100
SCGP13C2608A,20260327,0.48,0.52,0.46,0.47,17879600
SCGP13P2608A,20260327,0.36,0.37,0.34,0.36,4146200
SCGP19C2605A,20260327,0.37,0.37,0.37,0.37,52000
SCGP19C2607A,20260327,0.27,0.29,0.26,0.26,14900000
SCGP41C2605A,20260327,0.31,0.31,0.3,0.3,200
SCGP41C2606T,20260327,0.18,0.18,0.17,0.17,5161400
SCGP41C2608A,20260327,0.46,0.47,0.43,0.43,5121600
SCGP41C2609T,20260327,0.51,0.51,0.5,0.5,400
SET01C2604A,20260327,0.6,0.61,0.6,0.61,3800
SET01C2605A,20260327,1.95,1.95,1.95,1.95,2700
SET01C2606L,20260327,3.4,3.4,3.4,3.4,100
SET01C2607A,20260327,1.07,1.14,1.03,1.03,161200
SET01C2607B,20260327,0.35,0.35,0.33,0.33,31800
SET01P2604A,20260327,0.01,0.01,0.01,0.01,380300
SET01P2605A,20260327,0.05,0.05,0.05,0.05,18000
SET01P2606L,20260327,0.67,0.69,0.65,0.69,949900
SET01P2607A,20260327,0.23,0.23,0.2,0.22,344900
SET01P2607B,20260327,0.61,0.62,0.6,0.62,52600
SET5001C2603F,20260327,0.02,0.02,0.01,0.01,90500
SET5001C2603G,20260327,0.06,0.06,0.06,0.06,200
SET5001C2603H,20260327,2.48,2.48,2.42,2.42,200
SET5001C2603I,20260327,0.02,0.02,0.02,0.02,7800
SET5001C2605A,20260327,1.05,1.15,1.02,1.02,13200
SET5001C2606F,20260327,0.92,0.92,0.84,0.84,13000
SET5001C2606G,20260327,0.29,0.29,0.29,0.29,14000
SET5001C2606H,20260327,0.2,0.2,0.2,0.2,20900
SET5001C2607A,20260327,0.67,0.69,0.67,0.68,83200
SET5001C2607B,20260327,0.14,0.17,0.13,0.13,8000
SET5001C2607C,20260327,0.83,0.87,0.81,0.81,8093200
SET5001P2603F,20260327,0.01,0.01,0.01,0.01,238100
SET5001P2603H,20260327,0.05,0.05,0.05,0.05,1000
SET5001P2605A,20260327,0.02,0.02,0.02,0.02,800
SET5001P2606G,20260327,0.33,0.36,0.33,0.35,6900
SET5001P2606H,20260327,0.77,0.86,0.77,0.82,4200
SET5001P2606I,20260327,0.52,0.52,0.52,0.52,5100
SET5001P2607A,20260327,0.12,0.13,0.11,0.12,73400
SET5001P2607B,20260327,0.63,0.64,0.62,0.62,7900
SET5001P2607C,20260327,0.51,0.52,0.49,0.51,4730100
SET5013C2603A,20260327,0.01,0.02,0.01,0.01,729500
SET5013C2603B,20260327,0.05,0.07,0.03,0.03,15951800
SET5013C2603C,20260327,0.12,0.19,0.08,0.08,393100
SET5013C2603D,20260327,0.15,0.23,0.09,0.12,5420500
SET5013C2603E,20260327,0.21,0.32,0.16,0.16,60400
SET5013C2603F,20260327,0.46,0.66,0.37,0.37,222400
SET5013C2603G,20260327,0.05,0.05,0.02,0.02,44100
SET5013C2606A,20260327,0.74,0.84,0.69,0.71,20814500
SET5013C2606B,20260327,0.46,0.54,0.43,0.45,39157400
SET5013C2606C,20260327,0.31,0.36,0.3,0.3,18983500
SET5013C2606D,20260327,0.25,0.3,0.23,0.24,23126300
SET5013C2606E,20260327,0.19,0.22,0.18,0.18,4506200
SET5013C2606F,20260327,0.14,0.16,0.13,0.13,9602100
SET5013C2606G,20260327,0.1,0.12,0.1,0.1,9346100
SET5013C2606H,20260327,0.39,0.43,0.37,0.38,31686800
SET5013C2606I,20260327,0.6,0.67,0.55,0.58,377225300
SET5013C2606J,20260327,0.87,0.95,0.82,0.85,79652500
SET5013C2606K,20260327,1.12,1.23,1.06,1.1,20515300
SET5013P2603C,20260327,0.01,0.01,0.01,0.01,920000
SET5013P2603F,20260327,0.01,0.01,0.01,0.01,4100
SET5013P2603G,20260327,0.01,0.01,0.01,0.01,10100
SET5013P2603I,20260327,0.01,0.01,0.01,0.01,1638900
SET5013P2603J,20260327,0.01,0.01,0.01,0.01,239000
SET5013P2603K,20260327,0.01,0.02,0.01,0.02,306100
SET5013P2603X,20260327,2.94,2.94,2.94,2.94,5000
SET5013P2606A,20260327,0.1,0.11,0.09,0.1,39931200
SET5013P2606B,20260327,0.13,0.13,0.11,0.12,11527700
SET5013P2606C,20260327,0.21,0.21,0.18,0.2,30116000
SET5013P2606D,20260327,0.3,0.33,0.29,0.3,21782200
SET5013P2606E,20260327,0.51,0.51,0.43,0.48,61023800
SET5013P2606F,20260327,0.68,0.7,0.63,0.67,441600
SET5013P2606G,20260327,1.13,1.13,1.03,1.07,54700
SET5013P2606H,20260327,0.23,0.24,0.21,0.23,53710300
SET5013P2606I,20260327,0.33,0.35,0.3,0.33,31178200
SET5013P2606J,20260327,0.16,0.16,0.14,0.16,8927300
SET5013P2606K,20260327,0.47,0.49,0.42,0.46,120412200
SET5013P2606L,20260327,0.74,0.78,0.69,0.75,288690600
SET5013P2606M,20260327,1.01,1.06,0.95,1.02,32080800
SET5013P2606X,20260327,5.3,5.3,5.3,5.3,10000
SET5019C2606A,20260327,0.63,0.69,0.62,0.62,26000
SET5019C2606D,20260327,0.85,0.93,0.81,0.83,3133800
SET5019C2606E,20260327,0.68,0.75,0.62,0.64,8716300
SET5019P2606A,20260327,0.18,0.2,0.17,0.17,1500
SET5019P2606C,20260327,1.37,1.37,0.46,0.46,3600
SET5019P2606D,20260327,0.34,0.35,0.31,0.34,42409500
SET5019P2606E,20260327,0.61,0.65,0.57,0.62,57014100
SET5041C2606A,20260327,0.86,0.86,0.81,0.82,42200
SET5041C2606B,20260327,0.49,0.54,0.46,0.46,1089500
SET5041C2606C,20260327,0.43,0.43,0.39,0.4,122200
SET5041C2606D,20260327,0.25,0.25,0.25,0.25,100
SET5041C2606E,20260327,0.24,0.24,0.21,0.21,7000
SET5041C2606F,20260327,0.13,0.13,0.13,0.13,20000
SET5041C2606H,20260327,0.38,0.38,0.35,0.35,1885900
SET5041C2606I,20260327,0.54,0.59,0.51,0.51,10857800
SET5041C2606J,20260327,0.73,0.78,0.68,0.71,9620400
SET5041C2606K,20260327,0.91,1,0.88,0.89,5004500
SET5041C2609T,20260327,1.02,1.06,1.01,1.01,1808400
SET5041P2603A,20260327,0.01,0.01,0.01,0.01,200000
SET5041P2606A,20260327,0.35,0.36,0.32,0.36,14406500
SET5041P2606B,20260327,0.78,0.82,0.72,0.8,23907000
SET5041P2606H,20260327,0.22,0.23,0.21,0.23,101700
SET5041P2606I,20260327,0.3,0.3,0.29,0.3,2411600
SET5041P2606J,20260327,0.16,0.16,0.15,0.15,2200
SET5041P2606K,20260327,0.41,0.43,0.38,0.42,30349100
SET5041P2606L,20260327,0.69,0.72,0.65,0.72,20165400
SET5041P2609T,20260327,0.35,0.35,0.34,0.35,226000
SIRI13C2605A,20260327,0.11,0.11,0.11,0.11,202000
SISB13C2607A,20260327,0.08,0.08,0.08,0.08,1300
SISB13C2608A,20260327,0.18,0.19,0.18,0.18,5591500
SISB19C2612A,20260327,0.28,0.29,0.27,0.27,2024400
SISB41C2702T,20260327,0.19,0.19,0.19,0.19,300
SJWD13C2608A,20260327,0.21,0.21,0.19,0.21,1674200
SPALI13C2608A,20260327,0.23,0.23,0.22,0.22,259300
SPRC01C2607A,20260327,0.22,0.24,0.22,0.22,7171100
SPRC01C2703T,20260327,0.24,0.25,0.23,0.24,8761100
SPRC13C2607A,20260327,0.23,0.25,0.22,0.24,19192100
SPRC13C2608A,20260327,0.19,0.21,0.19,0.19,15388000
SPRC41C2606T,20260327,0.19,0.19,0.19,0.19,981200
SPRC41C2607A,20260327,0.23,0.23,0.21,0.21,3000
SPRC41C2608A,20260327,0.18,0.18,0.17,0.17,960800
SPRC41C2612T,20260327,0.56,0.56,0.55,0.55,700200
SPX28C2606B,20260327,0.55,0.56,0.51,0.51,465000
SPX28P2606A,20260327,1.07,1.07,1.07,1.07,2500
SPX41C2606A,20260327,0.2,0.2,0.18,0.19,2768200
SPX41P2606A,20260327,1.15,1.15,1.13,1.13,6900
STA01C2607A,20260327,0.51,0.63,0.51,0.63,85200
STA01C2609A,20260327,0.4,0.49,0.4,0.46,10590200
STA13C2605A,20260327,0.65,0.66,0.62,0.64,2400
STA13C2608A,20260327,0.5,0.61,0.5,0.57,10434800
STA13C2608B,20260327,0.37,0.45,0.37,0.42,22875200
STA19C2612A,20260327,0.58,0.68,0.58,0.65,8467500
STA41C2612T,20260327,0.34,0.37,0.34,0.35,4918000
STGT01C2608A,20260327,0.39,0.6,0.39,0.57,5221600
STGT13C2607A,20260327,0.36,0.57,0.36,0.54,6136100
STGT13C2607B,20260327,0.1,0.16,0.1,0.15,15730400
STGT19C2609A,20260327,0.23,0.31,0.23,0.31,4192500
STGT41C2606T,20260327,0.13,0.17,0.13,0.16,3598000
STGT41C2612T,20260327,0.43,0.51,0.43,0.5,5271600
TASCO13C2604A,20260327,0.01,0.01,0.01,0.01,160000
TENCEN28P2604A,20260327,0.77,0.77,0.77,0.77,100
TENCEN41C2606A,20260327,0.02,0.02,0.01,0.01,200
TENCEN41C2609A,20260327,0.26,0.27,0.25,0.25,2801400
TFG13C2604A,20260327,4.4,4.4,4.4,4.4,300
TFG13C2606A,20260327,1.19,1.19,1.19,1.19,1000
TFG13C2608A,20260327,0.92,0.96,0.92,0.96,13000
TFG13C2608B,20260327,0.6,0.63,0.56,0.63,649000
TFG13C2609A,20260327,0.45,0.48,0.42,0.48,17683800
TFG41C2701T,20260327,0.48,0.52,0.47,0.52,225000
TIDLOR01C2609A,20260327,0.29,0.29,0.26,0.26,2037200
TIDLOR01C2610T,20260327,0.1,0.1,0.1,0.1,3789600
TIDLOR01P2605A,20260327,0.48,0.56,0.48,0.52,1014900
TIDLOR01P2608A,20260327,1.28,1.37,1.28,1.32,526600
TIDLOR13C2607A,20260327,0.07,0.07,0.06,0.06,600000
TIDLOR13C2608A,20260327,0.21,0.21,0.18,0.2,6807000
TIDLOR13C2701T,20260327,0.19,0.19,0.18,0.18,675600
TIDLOR13P2608A,20260327,0.67,0.72,0.67,0.69,2309600
TIDLOR19C2609T,20260327,0.1,0.1,0.09,0.09,1519400
TIDLOR19C2612T,20260327,0.26,0.26,0.24,0.25,2138200
TIDLOR41C2608A,20260327,0.18,0.18,0.16,0.17,1160400
TIDLOR41C2612T,20260327,0.12,0.12,0.12,0.12,200
TISCO13C2607A,20260327,0.15,0.15,0.14,0.14,5270400
TLI01C2607A,20260327,0.06,0.06,0.06,0.06,40000
TOA01C2702T,20260327,0.23,0.23,0.23,0.23,347800
TOA13C2605A,20260327,0.03,0.03,0.03,0.03,1000
TOP01C2605A,20260327,0.3,0.32,0.28,0.29,2792400
TOP01C2608A,20260327,0.35,0.38,0.34,0.35,6371200
TOP01C2609A,20260327,0.21,0.21,0.2,0.2,3694900
TOP01C2701T,20260327,0.44,0.45,0.43,0.44,4645100
TOP01P2607A,20260327,0.18,0.18,0.17,0.17,1467500
TOP01P2609B,20260327,0.61,0.62,0.59,0.6,2278300
TOP13C2606A,20260327,0.72,0.75,0.68,0.7,61000
TOP13C2607A,20260327,0.43,0.44,0.4,0.41,5467800
TOP13C2608A,20260327,0.29,0.3,0.28,0.28,13945600
TOP13P2607A,20260327,0.12,0.12,0.12,0.12,1466500
TOP13P2608A,20260327,0.57,0.58,0.55,0.57,3190400
TOP19C2608A,20260327,0.44,0.46,0.42,0.43,6745600
TOP19C2612T,20260327,0.92,0.94,0.9,0.91,920200
TOP41C2607A,20260327,0.4,0.42,0.38,0.39,1036200
TOP41C2608A,20260327,0.27,0.27,0.26,0.26,960600
TOP41C2611T,20260327,0.66,0.67,0.65,0.66,954600
TOP41C2703T,20260327,0.37,0.37,0.37,0.37,1001600
TRUE01C2606T,20260327,0.06,0.06,0.06,0.06,100
TRUE01C2607A,20260327,0.46,0.46,0.41,0.42,884500
TRUE01C2608A,20260327,0.26,0.26,0.23,0.23,5218100
TRUE01C2703T,20260327,0.27,0.28,0.27,0.27,735600
TRUE01P2608A,20260327,0.44,0.47,0.44,0.46,2584800
TRUE13C2607A,20260327,0.35,0.35,0.35,0.35,300000
TRUE13C2607B,20260327,0.42,0.42,0.4,0.4,220800
TRUE13C2608A,20260327,0.28,0.28,0.26,0.26,5144500
TRUE13P2608A,20260327,0.41,0.44,0.41,0.43,1266100
TRUE19C2604A,20260327,0.11,0.11,0.11,0.11,200
TRUE19C2608A,20260327,0.26,0.26,0.25,0.25,4409900
TRUE41C2607B,20260327,0.34,0.35,0.34,0.34,650600
TRUE41C2608A,20260327,0.25,0.25,0.23,0.23,320100
TRUE41C2612T,20260327,0.33,0.33,0.31,0.31,306700
TRUE41P2608A,20260327,0.39,0.4,0.39,0.4,980800
TTB01C2605A,20260327,0.07,0.07,0.06,0.06,1638100
TTB01C2608A,20260327,0.14,0.14,0.13,0.13,1223700
TTB13C2607A,20260327,0.16,0.16,0.16,0.16,504900
TTB13C2608A,20260327,0.13,0.13,0.11,0.11,3996300
TU01C2607A,20260327,0.06,0.06,0.06,0.06,100
TU01C2609A,20260327,0.14,0.14,0.14,0.14,627400
TU01P2605A,20260327,0.14,0.14,0.12,0.12,2231000
TU13C2604A,20260327,0.01,0.01,0.01,0.01,1503700
TU13C2607A,20260327,0.06,0.06,0.06,0.06,100
TU13C2608A,20260327,0.15,0.18,0.15,0.17,3269100
TU13P2608A,20260327,0.32,0.32,0.3,0.3,1270200
TU19C2607A,20260327,0.07,0.08,0.07,0.08,170600
TU41C2608A,20260327,0.15,0.16,0.15,0.16,550000
TU41C2609T,20260327,0.13,0.13,0.13,0.13,200000
VGI01C2606A,20260327,0.02,0.03,0.02,0.03,14900200
VGI01C2608A,20260327,0.1,0.1,0.08,0.08,1208500
VGI01C2609A,20260327,0.2,0.22,0.19,0.2,3450800
VGI13C2605A,20260327,0.02,0.02,0.02,0.02,250000
VGI13C2607A,20260327,0.06,0.06,0.05,0.05,957000
VGI13C2608A,20260327,0.06,0.06,0.05,0.06,2505200
VGI13C2608B,20260327,0.15,0.17,0.14,0.15,5847300
VGI19C2607A,20260327,0.11,0.13,0.11,0.11,6368700
VGI41C2605A,20260327,0.01,0.01,0.01,0.01,200
VGI41C2607A,20260327,0.05,0.06,0.05,0.06,10000
VGI41C2608A,20260327,0.05,0.05,0.05,0.05,10000
VGI41C2703T,20260327,0.27,0.27,0.27,0.27,200
WHA01C2608A,20260327,0.3,0.3,0.27,0.27,1307300
WHA01C2610T,20260327,0.61,0.61,0.58,0.58,2663200
WHA01P2608A,20260327,0.5,0.52,0.5,0.52,1100000
WHA13C2608A,20260327,0.39,0.39,0.36,0.36,4280600
WHA13P2608A,20260327,0.59,0.62,0.59,0.62,2618000
WHA19C2607A,20260327,0.31,0.32,0.28,0.28,2661300
WHA41C2608A,20260327,0.36,0.36,0.33,0.33,776600
WHA41C2612T,20260327,0.33,0.33,0.32,0.32,400
WHA41C2701T,20260327,0.49,0.49,0.47,0.47,800
WUXI41C2603A,20260327,0.01,0.01,0.01,0.01,200000
WUXI41C2609A,20260327,0.2,0.21,0.2,0.2,1200
XIAOMI28C2606A,20260327,0.08,0.08,0.08,0.08,219400
XIAOMI41C2603A,20260327,0.01,0.01,0.01,0.01,300000
XIAOMI41C2605A,20260327,0.01,0.01,0.01,0.01,100
XIAOMI41C2606A,20260327,0.16,0.18,0.16,0.18,1000
XIAOMI41C2609T,20260327,0.41,0.42,0.41,0.42,200
ZIJIN41C2606A,20260327,0.11,0.11,0.1,0.11,2040400
AAPL01,20260327,24.4,24.7,24.4,24.4,14878
AAPL03,20260327,2.78,2.82,2.78,2.78,17810
AAPL19,20260327,5.55,5.6,5.55,5.55,1293
AAPL80,20260327,8.25,8.45,8.25,8.3,370062
ABBV19,20260327,6.8,6.95,6.8,6.95,43396
ABNB06,20260327,4.34,4.4,4.32,4.38,10353
ADBE03,20260327,1.74,1.79,1.74,1.77,1710792
ADBE06,20260327,1.91,2.02,1.91,1.97,1048717
ADVANT19,20260327,4.56,4.6,4.56,4.6,168788
ADVANT23,20260327,3.12,3.16,3.1,3.12,334114
AFRM03,20260327,1.8,1.89,1.8,1.82,2519
AIA06,20260327,3.6,3.62,3.58,3.58,1026
AIA19,20260327,3.6,3.6,3.6,3.6,101
AIA23,20260327,2.78,2.8,2.72,2.72,23091
AMD03,20260327,3.62,3.62,3.34,3.36,16612
AMD80,20260327,1.41,1.45,1.32,1.33,25829950
AMGN06,20260327,2.92,2.94,2.9,2.92,12955
AMZN01,20260327,20.2,20.5,20,20.2,44143
AMZN03,20260327,3.48,3.48,3.48,3.48,100
AMZN06,20260327,1.73,1.74,1.7,1.71,129771
AMZN80,20260327,1.72,1.75,1.7,1.7,2647398
ANTA13,20260327,1.95,1.95,1.95,1.95,6
ANTA23,20260327,1.98,2,1.98,2,2302
APLD03,20260327,2.86,2.88,2.8,2.84,63916
APPL03,20260327,2.24,2.24,2.16,2.16,46415
ASEMI24,20260327,2.32,2.36,2.3,2.34,100121
ASICS23,20260327,2.64,2.66,2.64,2.66,2102
ASML01,20260327,36.75,37.25,36.25,36.5,148499
ASTS03,20260327,3.12,3.14,2.9,2.94,919217
AVGO80,20260327,2.08,2.08,2.02,2.04,795248
AXP06,20260327,2.46,2.5,2.46,2.48,502168
BABA01,20260327,11.6,11.8,11.6,11.7,15036
BABA06,20260327,5.15,5.2,5.15,5.2,2844
BABA13,20260327,2.2,2.2,2.14,2.14,1243
BABA23,20260327,3.46,3.5,3.44,3.44,15506
BABA80,20260327,5.15,5.2,5.1,5.1,1735942
BAC03,20260327,3.2,3.22,3.18,3.2,370311
BDX06,20260327,1.72,1.77,1.71,1.72,66732
BIDU01,20260327,10.3,10.4,10.1,10.3,67428
BIDU06,20260327,4.54,4.56,4.5,4.56,8589
BIDU23,20260327,2.16,2.2,2.14,2.2,17367
BIDU80,20260327,4.54,4.56,4.48,4.54,4061971
BILIBILI01,20260327,3.6,3.62,3.56,3.56,164773
BIREN23,20260327,4.92,5,4.82,4.82,51847
BKNG03,20260327,2.32,2.34,2.32,2.34,3
BKNG80,20260327,2.76,2.8,2.76,2.78,29417
BLK06,20260327,3.22,3.22,3.2,3.2,956
BONDAS19,20260327,6.45,6.45,6.35,6.35,17221
BRKB80,20260327,1.57,1.58,1.56,1.57,889490
BYDCOM01,20260327,1.01,1.03,1.01,1.01,728048
BYDCOM80,20260327,0.44,0.46,0.44,0.45,33529983
CAMBRI80,20260327,4.84,4.94,4.84,4.94,250577
CATL01,20260327,5.95,6.1,5.9,6.1,5923689
CATL23,20260327,10.5,10.7,10.5,10.7,177149
CATL80,20260327,26.25,27,26,26.5,239540
CHHONGQ19,20260327,14.3,14.5,14.3,14.5,24449
CHMOBILE19,20260327,3.24,3.28,3.24,3.28,99957
CHMOBILE23,20260327,2.54,2.56,2.54,2.56,3879
CHNXT5023,20260327,7.2,7.35,7.05,7.25,466919
CMBANK23,20260327,2.28,2.3,2.28,2.3,1706
CME03,20260327,3.26,3.3,3.24,3.3,1015
CN01,20260327,22.1,22.2,22,22,5377
CN23,20260327,5.55,5.75,5.55,5.75,549
CNBIO24,20260327,1.4,1.44,1.4,1.41,28276
CNEV24,20260327,2.42,2.42,2.38,2.4,20549
CNROBOAI23,20260327,2.3,2.36,2.3,2.34,14518
CNSEMI23,20260327,2.42,2.46,2.42,2.46,5286
CNSTAR5023,20260327,6.5,6.6,6.5,6.55,2917
CNTECH01,20260327,25.75,25.75,25.5,25.5,9408
COSTCO19,20260327,32,32.5,32,32.25,3559
CRM01,20260327,3.34,3.42,3.34,3.36,46206
CRM06,20260327,2.38,2.46,2.38,2.44,6277
CRM80,20260327,6.05,6.15,6.05,6.15,322
CRSP03,20260327,3.08,3.2,3.08,3.14,15888
CRWD06,20260327,2.52,2.6,2.52,2.58,51036
CRWD80,20260327,12.6,13,12.5,12.8,74195
CRWV03,20260327,2.84,2.9,2.64,2.64,71178
CSCO06,20260327,3.34,3.4,3.34,3.4,18228
CYPC80,20260327,13,13.1,12.9,13.1,1385
DASH03,20260327,2.52,2.54,2.48,2.52,33002
DBS19,20260327,14.7,14.8,14.6,14.7,11477
DDOG19,20260327,4.02,4.16,4.02,4.12,26382
DELL19,20260327,6,6.15,5.75,5.75,233448
DISNEY19,20260327,15.8,15.8,15.6,15.7,39377
DUOL06,20260327,2.04,2.06,2.04,2.06,1003
E1VFVN3001,20260327,39,40,39,39.75,291965
EOSE03,20260327,0.83,0.84,0.8,0.8,559279
ESTEE80,20260327,0.8,0.8,0.77,0.78,1551227
EXPE06,20260327,3.08,3.12,3.04,3.04,2447
FANUC23,20260327,2.18,2.2,2.12,2.18,24760
FERRARI80,20260327,1.06,1.07,1.05,1.06,97315
FPTVN11,20260327,1.87,1.9,1.86,1.9,61000
FPTVN19,20260327,9.5,9.65,9.35,9.65,297990
FUEVFVND01,20260327,44.75,45.75,44.75,45.75,182144
GAC03,20260327,2.7,2.7,2.7,2.7,2
GANFENG23,20260327,3.06,3.2,3.04,3.18,275431
GASVN11,20260327,4,4.14,4,4.14,49823
GDS23,20260327,2.52,2.56,2.48,2.56,40420
GEELY06,20260327,3.5,3.52,3.5,3.52,28888
GEELY80,20260327,8.75,8.85,8.7,8.75,90522
GIGA23,20260327,5.05,5.2,5.05,5.15,171523
GOLD03,20260327,3.38,3.4,3.34,3.38,386074
GOLD19,20260327,13.4,13.6,13.4,13.5,1127166
GOLDUS03,20260327,3.36,3.38,3.32,3.38,610890
GOLDUS19,20260327,44.5,45,44,44.75,324025
GOOG80,20260327,4.7,4.72,4.58,4.6,25617022
GOOGL01,20260327,28,28,27,27.25,242219
GOOGL03,20260327,4.74,4.76,4.6,4.64,180658
GRAB80,20260327,12.2,12.6,12,12.3,66028
GSUS06,20260327,3.92,3.94,3.84,3.9,42203
HAIERS19,20260327,9,9.25,8.95,9.2,113961
HANSOH19,20260327,5.3,5.5,5.3,5.45,2865
HERMES80,20260327,6.3,6.4,6.25,6.25,33941
HIMS03,20260327,3.38,3.48,3.32,3.44,1310522
HK01,20260327,21.1,21.3,21.1,21.3,2859
HK13,20260327,5.6,5.6,5.35,5.35,901
HKCE01,20260327,24.3,24.4,24,24,553
HKEX23,20260327,2.12,2.14,2.12,2.12,2207
HKTECH13,20260327,3.98,4.04,3.98,4.04,3240
HONDA19,20260327,2.74,2.8,2.74,2.8,25957
HOOD03,20260327,2.38,2.38,2.32,2.32,1580
HOOD06,20260327,2.34,2.4,2.3,2.3,128400
HOOD80,20260327,2.32,2.34,2.3,2.3,4302
HORIZON23,20260327,1.8,1.81,1.78,1.8,221241
HPG19,20260327,3.3,3.34,3.3,3.34,69680
HSHD23,20260327,6.75,6.85,6.7,6.8,25209
HUAHONG23,20260327,5,5.1,4.96,5.05,393984
IBM06,20260327,3.2,3.24,3.12,3.2,1129
ICBC06,20260327,2.78,2.82,2.78,2.82,5430
ICBC19,20260327,2.76,2.78,2.76,2.78,144787
IFLYTEK80,20260327,2.22,2.26,2.22,2.26,1237
INDIA01,20260327,12.7,12.9,12.6,12.7,123271
INDIAESG19,20260327,4.02,4.02,3.9,3.92,145551
INTEL03,20260327,3.06,3.08,2.9,2.9,366521
IONQ03,20260327,2.08,2.08,1.97,1.97,171689
ISRG01,20260327,3.4,3.5,3.4,3.44,25653
ISRG06,20260327,3.08,3.14,3.08,3.1,16205
ISRG19,20260327,3.86,3.9,3.86,3.86,49523
ITOCHU19,20260327,7.05,7.15,7.05,7.15,1150
JAP03,20260327,3.54,3.54,3.48,3.5,28401
JAPAN10001,20260327,26.25,26.75,26.25,26.5,18732
JAPAN13,20260327,4.88,4.88,4.84,4.88,627
JD80,20260327,4.78,4.82,4.74,4.76,415091
JDHEAL19,20260327,4.08,4.1,4.08,4.08,28050
JEPI19,20260327,6.25,6.25,6.15,6.2,1253132
JGRO19,20260327,9.35,9.35,9.2,9.2,2283
JNJ03,20260327,3.94,3.98,3.94,3.94,313162
JPMUS06,20260327,3.2,3.24,3.2,3.2,20361
JPMUS19,20260327,19.3,19.3,19.1,19.1,17925
JTEK19,20260327,9,9,8.7,8.7,3014
KEYENCE23,20260327,2.12,2.14,2.08,2.08,9036
KINGSOFT23,20260327,1.68,1.68,1.68,1.68,500
KIOXIA23,20260327,2.62,2.66,2.56,2.6,72693
KO80,20260327,2.46,2.5,2.46,2.46,26452
KUAISH01,20260327,2.42,2.5,2.38,2.38,28544
KUAISH06,20260327,1.93,1.93,1.93,1.93,101
KUAISH23,20260327,1.39,1.41,1.38,1.39,6674961
KUAISH80,20260327,1.93,1.96,1.92,1.93,5710632
LENOVO13,20260327,2.1,2.1,2.1,2.1,50
LLY80,20260327,1.49,1.5,1.47,1.48,951952
LOREAL80,20260327,1.34,1.35,1.34,1.35,58876
LPGOLD13,20260327,2.64,2.76,2.64,2.76,10072
LULU06,20260327,2.6,2.64,2.5,2.5,154833
LVMH01,20260327,10.9,11.1,10.8,11,320965
MA80,20260327,1.65,1.66,1.64,1.65,147156
MEITUAN19,20260327,1.24,1.24,1.21,1.21,255007
MEITUAN23,20260327,2.34,2.34,2.26,2.26,20410
MEITUAN80,20260327,3.72,3.74,3.6,3.62,1133967
MELI06,20260327,2.12,2.2,2.12,2.16,180715
META01,20260327,5.7,5.7,5.3,5.35,584345
META06,20260327,2.42,2.42,2.26,2.26,374315
META80,20260327,2.42,2.42,2.24,2.26,10833516
MICRON01,20260327,7.6,7.65,7.25,7.25,4564536
MICRON03,20260327,4.1,4.1,3.88,3.92,322824
MICRON19,20260327,8.2,8.2,7.75,7.8,337552
MICRON80,20260327,12.2,12.2,11.6,11.7,58120
MITSU19,20260327,9.3,9.5,9.3,9.4,32532
MNSO80,20260327,13.3,13.4,13.2,13.3,3767
MNST06,20260327,3.44,3.44,3.38,3.38,412
MRVL06,20260327,3.2,3.3,3.2,3.24,330326
MRVL80,20260327,3.16,3.3,3.16,3.22,587667
MS06,20260327,3.62,3.64,3.56,3.58,45014
MSFT01,20260327,3.58,3.62,3.52,3.56,363186
MSFT03,20260327,2.42,2.42,2.42,2.42,1120
MSFT06,20260327,3.06,3.08,3,3.02,310578
MSFT19,20260327,4.1,4.1,4.02,4.02,12979
MSFT80,20260327,6.05,6.15,6,6,1855973
MSN11,20260327,3.66,3.68,3.62,3.68,8903
MSN19,20260327,3.06,3.06,3.06,3.06,49410
MUFG19,20260327,5.6,5.6,5.55,5.55,9613
MUFG23,20260327,2.26,2.3,2.24,2.3,1226
MWG11,20260327,3.98,4.1,3.98,4.08,267844
MWG19,20260327,10.1,10.3,10,10.2,566352
NAURA23,20260327,2.38,2.44,2.38,2.44,6710
NAURA80,20260327,21.6,21.8,21.4,21.5,101853
NBIS03,20260327,3.74,3.74,3.42,3.46,504093
NDAQ06,20260327,2.76,2.8,2.74,2.8,15976
NDX01,20260327,20.4,20.5,20.2,20.5,59291
NEM06,20260327,3.24,3.36,3.2,3.32,51126
NET03,20260327,3.5,3.62,3.42,3.42,8184
NETEASE80,20260327,7.25,7.4,7.2,7.3,17030
NFLX06,20260327,3.02,3.14,3.02,3.08,16467
NFLX80,20260327,3,3.14,3,3.08,5092863
NIKE80,20260327,0.88,0.88,0.85,0.85,208442
NIKKEI80,20260327,11.5,11.5,11.5,11.5,3001
NINTENDO19,20260327,18.9,19.2,18.9,19,13237
NINTENDO23,20260327,1.66,1.7,1.66,1.7,17061
NONGFU80,20260327,1.87,1.9,1.87,1.87,207470
NOVOB80,20260327,1.19,1.23,1.19,1.2,1641153
NOW19,20260327,3.36,3.46,3.36,3.42,26117
NVDA01,20260327,17.2,17.2,16.6,16.7,532328
NVDA03,20260327,3.88,3.88,3.78,3.78,26266
NVDA06,20260327,3.88,3.88,3.76,3.78,416686
NVDA19,20260327,23.2,23.2,22.6,22.6,12068
NVDA80,20260327,28.75,29.25,28,28,5277700
NVTS03,20260327,3,3.02,2.92,3,40953
OIL03,20260327,3.18,3.22,3.16,3.2,5015366
ONON03,20260327,2.32,2.32,2.12,2.12,406092
ORCL01,20260327,2.96,3,2.92,2.92,75063
ORCL06,20260327,1.9,1.92,1.86,1.88,1279210
ORCL19,20260327,4.72,4.82,4.66,4.7,251786
PANW80,20260327,4.98,5.25,4.98,5.05,43654
PEP80,20260327,0.99,1.01,0.99,0.99,72465
PETROCN80,20260327,4.6,4.7,4.56,4.66,286758
PFIZER19,20260327,18,18.3,18,18.2,51977
PINGAN01,20260327,5.6,5.65,5.6,5.65,1601
PINGAN80,20260327,2.46,2.52,2.46,2.48,766053
PLTR01,20260327,4.56,4.58,4.38,4.38,189338
PLTR03,20260327,3.36,3.36,3.22,3.24,230689
PLTR06,20260327,3.32,3.36,3.2,3.2,848170
POPMART23,20260327,1.53,1.54,1.5,1.53,722616
POPMART80,20260327,6.45,6.45,6.35,6.4,811065
PYPL06,20260327,2.94,2.94,2.94,2.94,242
QCOM06,20260327,2.12,2.18,2.12,2.18,35648
QQQM19,20260327,15.8,15.8,15.5,15.6,32724509
RBLX06,20260327,1.53,1.54,1.47,1.47,655464
REMX03,20260327,2.84,2.88,2.8,2.84,29853
RGTI03,20260327,2.46,2.46,2.36,2.38,55303
RKLB03,20260327,4.68,4.72,4.34,4.38,679943
SANOFI80,20260327,3.06,3.12,3.04,3.1,153164
SANRIO23,20260327,1.63,1.64,1.58,1.58,8968
SANRIO80,20260327,10.9,11.1,10.9,10.9,803
SBUX80,20260327,1.5,1.52,1.5,1.51,35435
SEMB19,20260327,5.5,5.6,5.45,5.55,251374
SENSE23,20260327,1.94,1.98,1.94,1.97,188502
SGX19,20260327,5.05,5.1,5.05,5.05,209130
SHOP06,20260327,1.92,1.97,1.92,1.92,1511
SIA19,20260327,16.9,17.1,16.9,17,6991
SIL03,20260327,2.72,2.8,2.68,2.72,364630
SINGTEL80,20260327,12.8,12.8,12.7,12.8,28423
SINOBIO19,20260327,4.74,4.92,4.7,4.92,13702
SMCI03,20260327,1.53,1.54,1.44,1.46,70309
SMFG19,20260327,10.7,10.9,10.7,10.7,6015
SMIC01,20260327,3.16,3.18,3.12,3.12,82984
SMIC03,20260327,2.22,2.22,2.22,2.22,100
SMIC13,20260327,1.56,1.57,1.55,1.57,450
SMIC23,20260327,2.62,2.64,2.58,2.6,1402725
SNDK03,20260327,5.35,5.4,4.92,4.96,1383231
SNOW06,20260327,2.62,2.72,2.6,2.68,55924
SOFTBANK23,20260327,1.53,1.57,1.53,1.55,601092
SONY80,20260327,3.34,3.38,3.32,3.38,2130
SP50001,20260327,21.7,21.7,21.5,21.7,71014
SP500US19,20260327,12.7,12.7,12.5,12.5,8931
SP500US80,20260327,2.54,2.54,2.5,2.5,1267037
SPBOND80,20260327,8.35,8.4,8.35,8.4,25634
SPCOM80,20260327,3.64,3.64,3.6,3.62,5773
SPENGY80,20260327,4.04,4.08,4,4.08,92904
SPFIN80,20260327,16.2,16.3,16.2,16.3,102
SPHLTH80,20260327,4.8,4.82,4.8,4.8,6861
SPOT06,20260327,1.94,1.98,1.94,1.95,265051
SPTECH80,20260327,8.95,8.95,8.75,8.75,6439
STAR5001,20260327,37.25,38,37.25,37.5,22648
STEG19,20260327,27.75,28.5,27.75,28.5,22747
SUNNY19,20260327,2.22,2.26,2.22,2.24,72521
SUNNY80,20260327,2.24,2.3,2.24,2.3,530
SUSHI23,20260327,3.06,3.06,3.02,3.06,340547
SYNP03,20260327,2.68,2.68,2.66,2.68,204
TAIWAN19,20260327,31.25,31.75,31.25,31.5,19319
TAIWANAI13,20260327,13.9,13.9,13.8,13.8,1342
TAIWANHD13,20260327,24.3,24.3,24.2,24.2,1005
TEL23,20260327,3.02,3.06,2.96,3.04,109824
TEL80,20260327,8.1,8.2,8.1,8.2,112
TENCENT01,20260327,4.7,4.76,4.7,4.74,70288
TENCENT06,20260327,2.06,2.1,2.06,2.08,64311
TENCENT13,20260327,4.22,4.22,4.22,4.22,510
TENCENT19,20260327,10.4,10.4,10.4,10.4,2201
TENCENT23,20260327,2.3,2.36,2.3,2.36,96788
TENCENT80,20260327,20.8,20.9,20.6,20.8,195448
THAIBEV19,20260327,11.1,11.2,11.1,11.2,1643
TME23,20260327,1.01,1.02,1,1.01,228902
TOYOTA80,20260327,7.05,7.05,6.95,6.95,28642
TRIPCOM23,20260327,1.66,1.67,1.65,1.65,1502
TRIPCOM80,20260327,1.64,1.66,1.64,1.65,1247260
TRVUS06,20260327,3.84,3.9,3.84,3.9,43512
TSLA01,20260327,37.25,37.25,36,36,481169
TSLA03,20260327,4.18,4.18,4.08,4.08,12331
TSLA80,20260327,2.5,2.52,2.44,2.44,3811958
UBER06,20260327,2.38,2.38,2.3,2.3,118879
UBTECH23,20260327,1.51,1.55,1.51,1.55,205817
UNH19,20260327,4.44,4.5,4.4,4.4,27649
UNIQLO80,20260327,12.9,12.9,12.8,12.8,978
UOB19,20260327,9.45,9.5,9.45,9.5,6023
USTR24,20260327,1.19,1.19,1.18,1.18,48327
VCB11,20260327,2.9,2.96,2.9,2.96,26989
VCB19,20260327,7.3,7.45,7.3,7.4,34939
VENTURE19,20260327,4.04,4.04,4,4.02,3275
VHM19,20260327,12.9,13,12.9,13,9900
VISA06,20260327,1.25,1.26,1.25,1.25,16882
VISA80,20260327,1.24,1.27,1.24,1.25,1262210
VNFIN24,20260327,1.8,1.82,1.8,1.81,21600
VNM19,20260327,7.75,7.8,7.75,7.8,8687
VT03,20260327,3.02,3.06,3.02,3.06,92681
WMT06,20260327,4.04,4.04,4,4,10659
WORLD03,20260327,3.7,3.7,3.66,3.68,2377
WORLDA01,20260327,4.48,4.52,4.42,4.44,186326
WUXI06,20260327,3.34,3.42,3.34,3.4,48429
WUXIAT80,20260327,4.78,4.88,4.78,4.86,55340
XIAOMI01,20260327,3.14,3.2,3.1,3.2,209858
XIAOMI13,20260327,2.96,2.96,2.96,2.96,50
XIAOMI19,20260327,6.9,7,6.9,7,30423
XIAOMI23,20260327,1.67,1.69,1.66,1.66,24465
XIAOMI80,20260327,13.7,14.1,13.6,13.9,750125
XPENG03,20260327,2.92,2.92,2.92,2.92,1
ZAI23,20260327,7.05,7.1,6.95,7.1,457301
ZIJIN13,20260327,2.56,2.56,2.54,2.54,695
ZIJIN23,20260327,2.22,2.26,2.22,2.22,42003
ZIJIN80,20260327,14.4,14.5,14.3,14.5,16092
ZJINNO80,20260327,2.88,2.92,2.84,2.86,22046
BE8-W1-O,20260327,0.4,0.4,0.4,0.4,75
BWG-W7-O,20260327,0.04,0.05,0.04,0.05,332
CHASE-W1-O,20260327,0.14,0.14,0.14,0.14,45
CHAYO-W4-O,20260327,0.2,0.25,0.01,0.25,27
DEMCO-W8-O,20260327,0.33,0.34,0.32,0.34,175
EA-W1-O,20260327,0.53,0.53,0.53,0.53,66
ITEL-W5-O,20260327,0.02,0.02,0.02,0.02,44
JAS-W4-O,20260327,0.25,0.27,0.24,0.24,336
KASET-W1-O,20260327,0.12,0.13,0.12,0.13,110
KGEN-W2-O,20260327,0.08,0.16,0.08,0.14,17
MGI-W1-O,20260327,0.5,0.5,0.5,0.5,100
NER-W2-O,20260327,0.02,0.02,0.01,0.02,798
NOBLE-W3-O,20260327,0.13,0.14,0.13,0.13,208
ORI-W2-O,20260327,0.28,0.28,0.28,0.28,406
PPPM-W6-O,20260327,0.11,0.11,0.11,0.11,1
PRG-W5-O,20260327,3.6,3.6,3.6,3.6,23
PROEN-W2-O,20260327,0.12,0.12,0.12,0.12,3
PROS-W1-O,20260327,0.01,0.01,0.01,0.01,1
SKE-W1-O,20260327,0.01,0.01,0.01,0.01,49
TEAMG-W1-O,20260327,0.02,0.02,0.02,0.02,120
TFG-W4-O,20260327,1.81,4.62,1.81,4.62,336
TNITY-W2-O,20260327,0.18,0.19,0.18,0.19,67
TRUBB-W3-O,20260327,0.33,0.33,0.33,0.33,7
VIBHA-W5-O,20260327,0.06,0.06,0.05,0.05,105
XBIO-W8-O,20260327,0.11,0.12,0.11,0.12,124
ZIGA-W2-O,20260327,0.06,0.06,0.04,0.05,147
A5-W4,20260327,0.01,0.01,0.01,0.01,100
A5-W5,20260327,0.07,0.08,0.06,0.07,1627000
ACC-W2,20260327,0.05,0.06,0.05,0.05,1620700
ASW-W3,20260327,0.58,0.64,0.56,0.59,14800
BC-W4,20260327,0.03,0.04,0.03,0.04,45900
BE8-W1,20260327,0.42,0.45,0.42,0.43,7100
BR-W1,20260327,0.01,0.02,0.01,0.01,7253800
BTC-W7,20260327,0.02,0.02,0.01,0.02,1264900
BTS-W8,20260327,0.01,0.01,0.01,0.01,560500
BWG-W7,20260327,0.05,0.06,0.05,0.06,4542900
CEN-W5,20260327,0.01,0.01,0.01,0.01,300
CGH-W5,20260327,0.03,0.05,0.03,0.05,41200
CHASE-W1,20260327,0.15,0.15,0.14,0.14,375500
CHAYO-W4,20260327,0.24,0.25,0.23,0.25,360600
CIG-W10,20260327,0.05,0.06,0.05,0.06,1200
CIG-W9,20260327,0.01,0.01,0.01,0.01,100
COMAN-W1,20260327,0.06,0.06,0.06,0.06,100
DCON-W4,20260327,0.01,0.02,0.01,0.02,5000100
DEMCO-W8,20260327,0.37,0.38,0.33,0.36,1218300
EA-W1,20260327,0.56,0.56,0.54,0.55,3496200
EMC-W7,20260327,0.01,0.01,0.01,0.01,114500
EMPIRE-W1,20260327,0.06,0.07,0.06,0.06,25500
EMPIRE-W2,20260327,0.1,0.13,0.1,0.12,1000
GLORY-W1,20260327,0.13,0.13,0.13,0.13,1100
HYDRO-W2,20260327,0.08,0.1,0.08,0.09,432100
IMH-W1,20260327,0.01,0.02,0.01,0.02,6000
IROYAL-W1,20260327,1.39,1.45,1.38,1.44,34200
IROYAL-W2,20260327,1.03,1.03,0.98,0.98,144400
ITEL-W5,20260327,0.03,0.03,0.02,0.02,884400
ITEL-W6,20260327,0.16,0.16,0.15,0.16,144400
J-W3,20260327,0.02,0.02,0.01,0.01,1200500
J-W4,20260327,0.02,0.04,0.02,0.03,126400
JAS-W4,20260327,0.25,0.26,0.24,0.24,15415900
KASET-W1,20260327,0.14,0.15,0.12,0.13,2366100
KGEN-W2,20260327,0.08,0.18,0.06,0.11,25652000
KUN-W3,20260327,0.04,0.05,0.04,0.05,1020500
MADAME-W6,20260327,0.08,0.08,0.07,0.08,586900
MGI-W1,20260327,0.53,0.53,0.49,0.49,440600
NER-W2,20260327,0.03,0.04,0.02,0.03,12703200
NOBLE-W3,20260327,0.15,0.15,0.11,0.12,13048200
NRF-W2,20260327,0.06,0.07,0.05,0.07,373800
ORI-W2,20260327,0.29,0.29,0.28,0.28,761300
PEER-W2,20260327,0.01,0.01,0.01,0.01,300
PLANET-W2,20260327,0.25,0.25,0.25,0.25,1000
PPPM-W6,20260327,0.06,0.14,0.06,0.14,3687300
PROEN-W2,20260327,0.13,0.14,0.12,0.14,418000
PROS-W1,20260327,0.01,0.01,0.01,0.01,3000
PROUD-W3,20260327,0.14,0.14,0.14,0.14,93000
PSTC-W3,20260327,0.06,0.07,0.06,0.07,809000
QDC-W3,20260327,0.06,0.07,0.06,0.07,3711200
ROCTEC-W5,20260327,0.01,0.01,0.01,0.01,9500
SGC-W2,20260327,0.23,0.23,0.21,0.22,110200
SKE-W1,20260327,0.01,0.02,0.01,0.01,4146700
STELLA-W6,20260327,0.04,0.04,0.04,0.04,100
TAKUNI-W2,20260327,0.26,0.3,0.25,0.27,922900
TCC-W5,20260327,0.19,0.2,0.19,0.19,448800
TEAMG-W1,20260327,0.03,0.03,0.02,0.02,1110500
TFG-W4,20260327,4.42,4.66,4.28,4.56,9262900
TGE-W2,20260327,0.05,0.06,0.05,0.05,1346300
TNITY-W2,20260327,0.19,0.22,0.19,0.19,486600
TRUBB-W3,20260327,0.28,0.35,0.28,0.31,18098100
TVDH-W5,20260327,0.01,0.02,0.01,0.02,165900
VIBHA-W5,20260327,0.06,0.07,0.05,0.06,4533700
VIH-W1,20260327,0.92,0.92,0.92,0.92,100
WAVE-W4,20260327,0.01,0.01,0.01,0.01,200
XBIO-W6,20260327,0.03,0.03,0.03,0.03,60100
XBIO-W7,20260327,0.01,0.02,0.01,0.02,65600
XBIO-W8,20260327,0.12,0.12,0.11,0.12,2849800
ZIGA-W2,20260327,0.05,0.06,0.04,0.05,9521000
!AGRO,20260327,306.29,314.37,305.59,313.4,47532020000
!CONSUMP,20260327,43.77,45.22,43.77,45.12,3792230000
!FINCIAL,20260327,155.7,156.22,154.52,154.89,60114550000
!INDUS,20260327,60.6,61.13,60.36,60.68,17003320000
!PROPCON,20260327,71.46,71.9,71.2,71.5,38096860000
!RESOURC,20260327,165.26,167.29,164.94,166.39,118903350000
!SERVICE,20260327,272.42,274.87,271.5,273.16,87822700000
!TECH,20260327,601.26,605.1,587.82,593.63,40898030000
$AGRI,20260327,211.77,218.21,211.21,215.93,16540290000
$AUTO,20260327,292.84,293.77,291.46,291.65,2198970000
$BANK,20260327,505.78,506.72,500.66,502.1,44423240000
$COMM,20260327,19277.5,19462,19130.4,19169.9,20049390000
$CONMAT,20260327,5116.66,5206.81,5107.44,5200.79,3375110000
$CONS,20260327,34.47,34.8,34.12,34.26,4701970000
$ENERG,20260327,18849.9,19080.7,18812.6,18978.6,118903350000
$ETRON,20260327,31156.1,31479.1,30275.1,30706.6,7302060000
$FASHION,20260327,485.5,494.15,482.98,493.74,656940000
$FIN,20260327,1837.71,1853.47,1830.54,1841.28,13293740000
$FOOD,20260327,8448.98,8678.5,8427.32,8649.12,30991730000
$HELTH,20260327,4133.41,4159.95,4117.85,4134.81,11445270000
$HOME,20260327,15.63,15.74,15.51,15.66,179280000
$ICT,20260327,229.1,229.1,225.6,226.95,33595970000
$IMM,20260327,18.18,18.34,18.18,18.28,1916950000
$INSUR,20260327,8517.77,8649.16,8477.47,8561.15,2397570000
$MEDIA,20260327,14.87,15.13,14.82,14.93,17901680000
$PAPER,20260327,2067.65,2081.72,2053.59,2067.65,15040000
$PERSON,20260327,73.94,77.76,73.94,77.18,2956010000
$PETRO,20260327,616.02,625.24,611.45,617.84,5548120000
$PF&REIT,20260327,130.15,130.97,129.91,130.97,1411030000
$PKG,20260327,2267.67,2283.17,2246.91,2260.89,2330830000
$PROF,20260327,131.81,133.19,130.04,130.12,8036990000
$PROP,20260327,161.07,162,159.02,159.53,28608750000
$STEEL,20260327,19.44,19.93,19.26,19.65,4993410000
$TOURISM,20260327,409,409.45,399.68,403.24,5091090000
$TRANS,20260327,205.86,209.68,204.77,208.87,25298280000
MAI,20260327,216.81,218.28,216.57,217.47,290251457
SET,20260327,1449.34,1457.71,1442.16,1447.05,8952639770
SET100,20260327,2061.2,2073.84,2052.23,2058.27,3007634300
SET50,20260327,966.05,971.29,961.01,963.88,1895468800
SETHD,20260327,1326.86,1331.65,1319.09,1321.35,860889000
BBL-F,20260327,168.5,168.5,168.5,168.5,200
CPF-F,20260327,20.7,20.7,20.7,20.7,20000
CPN-F,20260327,61,61,61,61,9600
GULF-F,20260327,58.25,58.25,58,58,3600
KBANK-F,20260327,190.5,191,190.5,191,3400
PIN-F,20260327,3.88,3.88,3.88,3.88,2000
PTT-F,20260327,34.5,35,34.5,34.5,63000
SCC-F,20260327,201,201,201,201,200
TISCO-F,20260327,113.5,113.5,113,113,10000
!AGRO-M,20260327,57.72,58.26,57.58,57.77,5778750000
!CONSUMP-M,20260327,12.05,12.14,11.98,12.01,935870000
!FINCIAL-M,20260327,31.04,31.37,30.94,31.16,225250000
!INDUS-M,20260327,39.07,39.31,39.03,39.31,2211400000
!PROPCON-M,20260327,16.86,17.25,16.73,17.15,1496200000
!RESOURC-M,20260327,16.9,18.01,16.7,16.75,4354350000
!SERVICE-M,20260327,42.08,42.27,41.87,42.09,8810310000
!TECH-M,20260327,19.21,19.31,19.19,19.2,615050000
SET100FF,20260327,1962.59,1973.35,1952.73,1956.98,300763430000
SET50FF,20260327,922.6,927.05,917.12,919.2,189546880000
SETCLMV,20260327,654.99,661.17,653.72,658.21,153707970000
SETESG,20260327,861.57,867.27,859.99,863.07,228863170000
SETWB,20260327,567.03,572.89,565.28,570.26,68606380000
SSET,20260327,574.27,578.53,574.19,576.57,23251410000
