<TICKER>,<DTYYYYMMDD>,<OPEN>,<HIGH>,<LOW>,<CLOSE>,<VOL>
AAPL01,20260513,28,28.25,27.75,27.75,75788
AAPL03,20260513,3.16,3.22,3.16,3.22,43003
AAPL19,20260513,6.3,6.4,6.3,6.35,47223
AAPL80,20260513,9.5,9.6,9.5,9.55,328239
ABBV19,20260513,6.6,6.85,6.6,6.7,490392
ABNB06,20260513,4.44,4.44,4.36,4.38,5863
ADBE03,20260513,1.77,1.8,1.73,1.74,28106
ADBE06,20260513,2,2,1.94,1.96,296488
ADVANT19,20260513,5.75,5.85,5.7,5.85,364101
ADVANT23,20260513,3.92,3.94,3.82,3.92,778427
AFRM03,20260513,2.68,2.76,2.66,2.74,30774
AIA06,20260513,3.58,3.64,3.54,3.54,24046
AIA19,20260513,3.64,3.64,3.6,3.6,2002
AIA23,20260513,2.76,2.78,2.76,2.76,100366
AMD03,20260513,7.25,7.55,6.95,7.5,153944
AMD23,20260513,6,6.25,5.85,6.25,471358
AMD80,20260513,2.9,3.02,2.76,2.98,37273902
AMGN06,20260513,2.68,2.74,2.68,2.72,66671
AMZN01,20260513,25.5,25.5,25.25,25.5,17200
AMZN03,20260513,4.34,4.36,4.26,4.34,424397
AMZN06,20260513,2.18,2.18,2.14,2.14,249148
AMZN23,20260513,2.86,2.9,2.86,2.9,20733
AMZN80,20260513,2.16,2.18,2.12,2.16,7803401
ANET23,20260513,2.44,2.64,2.42,2.62,1704408
ANTA13,20260513,1.98,1.98,1.97,1.97,6761
ANTA23,20260513,2,2.06,2,2.06,32156
APLD03,20260513,4.78,4.9,4.48,4.84,972385
APPL03,20260513,2.58,2.68,2.58,2.68,647770
ASEMI24,20260513,3.4,3.54,3.38,3.54,1394543
ASICS23,20260513,2.98,3.02,2.72,2.8,146558
ASML01,20260513,41.25,41.5,39.75,41.5,211267
ASTS03,20260513,2.38,2.58,2.3,2.44,6217987
AVGO23,20260513,3.12,3.16,3,3.14,185521
AVGO80,20260513,2.72,2.78,2.64,2.76,4610902
AXP06,20260513,2.52,2.56,2.52,2.52,35201
BABA01,20260513,12.4,12.5,12.2,12.5,69078
BABA06,20260513,5.5,5.55,5.4,5.55,6731
BABA13,20260513,2.32,2.34,2.26,2.32,38821
BABA23,20260513,3.64,3.7,3.62,3.7,254049
BABA80,20260513,5.5,5.6,5.4,5.55,12209110
BAC03,20260513,3.28,3.32,3.26,3.32,18961
BDX06,20260513,1.57,1.61,1.55,1.6,301171
BIDU01,20260513,12.9,12.9,12.7,12.9,117152
BIDU06,20260513,5.65,5.75,5.6,5.75,24784
BIDU23,20260513,2.7,2.76,2.66,2.76,243800
BIDU80,20260513,5.6,5.75,5.55,5.75,10089487
BILIBILI01,20260513,3.34,3.38,3.3,3.38,189917
BIREN23,20260513,9.1,9.35,9,9.35,332517
BKNG03,20260513,2.16,2.2,2.16,2.18,545
BKNG80,20260513,2.58,2.64,2.58,2.6,1095449
BLK06,20260513,3.48,3.56,3.48,3.56,25143
BONDAS19,20260513,6.4,6.45,6.4,6.45,8135
BRKB80,20260513,1.55,1.59,1.55,1.57,2617333
BYDCOM01,20260513,0.91,0.94,0.91,0.93,403316
BYDCOM80,20260513,0.41,0.41,0.4,0.41,4853865
CAMBRI80,20260513,6.15,6.3,6.05,6.3,1439674
CATL01,20260513,6.2,6.35,6.15,6.2,4697430
CATL23,20260513,10.8,11.2,10.8,11.1,97855
CATL80,20260513,27,28,27,27.5,240546
CCJ23,20260513,2.42,2.42,2.28,2.4,383698
CEG23,20260513,2.44,2.44,2.32,2.4,560136
CHHONGQ19,20260513,13.9,14.1,13.8,14.1,43209
CHMOBILE19,20260513,3.58,3.6,3.56,3.6,50139
CHMOBILE23,20260513,2.76,2.78,2.76,2.78,13546
CHNXT5023,20260513,8.85,9.05,8.8,9.05,62254
CMBANK23,20260513,2.18,2.18,2.18,2.18,2296
CME03,20260513,3.08,3.1,3.08,3.1,21893
CN01,20260513,24.5,24.8,24.3,24.8,140083
CN23,20260513,6.2,6.3,6.1,6.1,8022
CNBIO24,20260513,1.46,1.46,1.45,1.46,23178
CNEV24,20260513,2.54,2.58,2.54,2.58,54
CNROBOAI23,20260513,2.76,2.82,2.74,2.82,190761
CNSEMI23,20260513,3.48,3.64,3.46,3.62,334156
CNSTAR5023,20260513,8.65,8.85,8.65,8.8,407
CNTECH01,20260513,26.5,27,26.5,27,210809
COSTCO19,20260513,32.5,33.25,32.5,32.75,28712
CRM01,20260513,3.18,3.2,3.08,3.1,183053
CRM06,20260513,2.3,2.3,2.2,2.22,87389
CRM80,20260513,5.7,5.7,5.55,5.55,64830
CRSP03,20260513,3.5,3.5,3.38,3.48,35861
CRWD06,20260513,3.46,3.58,3.46,3.54,905379
CRWD80,20260513,17.5,17.8,17.3,17.7,387848
CRWV03,20260513,3.68,3.68,3.3,3.54,1712428
CSCO06,20260513,4.06,4.06,3.96,4.04,1295608
CYPC80,20260513,12.9,12.9,12.8,12.9,11910
DASH03,20260513,2.56,2.58,2.52,2.52,1708
DBS19,20260513,15.1,15.3,15.1,15.2,22047
DDOG19,20260513,6.6,6.65,6.35,6.45,449340
DELL19,20260513,7.9,7.95,7.4,7.95,2845258
DISNEY19,20260513,17,17.3,17,17.1,1580
DUOL06,20260513,2.12,2.2,2.08,2.18,375047
E1VFVN3001,20260513,44,44.25,43.75,43.75,521709
EOSE03,20260513,1.43,1.5,1.27,1.42,18472485
ESTEE80,20260513,0.89,0.92,0.89,0.92,670461
EXPE06,20260513,2.86,2.9,2.86,2.88,10132
FANUC23,20260513,2.84,2.92,2.8,2.92,425009
FCX23,20260513,2.6,2.72,2.54,2.7,4907758
FERRARI80,20260513,1.06,1.08,1.04,1.06,133853
FPTVN11,20260513,1.74,1.77,1.72,1.77,1559620
FPTVN19,20260513,8.7,9,8.7,8.95,331684
FUEVFVND01,20260513,44.5,44.75,44.25,44.5,412625
GAC03,20260513,2.22,2.28,2.22,2.26,2006
GANFENG23,20260513,3.3,3.36,3.28,3.36,708975
GASVN11,20260513,3.78,4.08,3.78,4.08,126933
GDS23,20260513,2.56,2.68,2.54,2.56,912785
GEELY06,20260513,3.54,3.56,3.5,3.56,19365
GEELY80,20260513,8.9,8.95,8.75,8.95,94907
GEV23,20260513,3.14,3.22,3.06,3.22,2657956
GIGA23,20260513,6.95,7.8,6.95,7.8,664943
GOLD03,20260513,3.52,3.52,3.48,3.52,54210
GOLD19,20260513,13.9,14,13.8,13.8,214885
GOLDUS03,20260513,3.52,3.52,3.48,3.5,167471
GOLDUS19,20260513,46.75,46.75,46.25,46.5,87117
GOOG23,20260513,3.12,3.14,3.08,3.14,253032
GOOG80,20260513,6.25,6.3,6.15,6.25,6821881
GOOGL01,20260513,37,37.25,36.5,37,77675
GOOGL03,20260513,6.3,6.35,6.2,6.3,145100
GRAB80,20260513,11.9,12,11.7,12,14502
GSUS06,20260513,4.32,4.38,4.3,4.38,75493
HAIERS19,20260513,8.7,8.7,8.65,8.7,95888
HANSOH19,20260513,5.95,6.05,5.95,5.95,6003
HERMES80,20260513,6.1,6.3,5.95,6.05,183338
HIMS03,20260513,4.06,4.32,4,4.08,1170016
HK01,20260513,22,22,21.8,21.9,14414
HK13,20260513,5.8,5.8,5.55,5.65,1928
HKCE01,20260513,25.25,25.25,24.9,25,1995
HKEX23,20260513,2.26,2.26,2.2,2.22,108806
HKTECH13,20260513,4.16,4.18,4.12,4.18,218667
HONDA19,20260513,2.6,2.62,2.6,2.62,95735
HOOD03,20260513,2.54,2.56,2.52,2.56,1004
HOOD06,20260513,2.56,2.6,2.48,2.56,92593
HOOD80,20260513,2.56,2.58,2.5,2.54,74409
HORIZON23,20260513,1.73,1.77,1.73,1.74,54913
HPG19,20260513,3.36,3.38,3.36,3.38,166
HSHD23,20260513,6.95,7,6.9,7,92504
HUAHONG23,20260513,7.5,7.75,7.5,7.7,772852
IBM06,20260513,2.92,2.92,2.84,2.86,123798
ICBC06,20260513,2.92,2.92,2.9,2.9,1097
ICBC19,20260513,2.92,2.92,2.88,2.9,1205
IFLYTEK80,20260513,2.32,2.34,2.32,2.34,12089
INDIA01,20260513,12.8,12.9,12.6,12.8,134179
INDIAESG19,20260513,3.92,3.92,3.9,3.9,43786
INTEL03,20260513,8.1,8.45,7.35,8.15,18540887
IONQ03,20260513,3.78,4,3.38,3.7,13999040
ISRG01,20260513,3.04,3.14,3.04,3.14,264617
ISRG06,20260513,2.74,2.82,2.74,2.78,64473
ISRG19,20260513,3.42,3.52,3.42,3.48,79819
ITOCHU19,20260513,7.15,7.2,7.1,7.1,8610
JAP03,20260513,3.6,3.66,3.6,3.62,7357
JAPAN10001,20260513,28.25,28.75,28.25,28.75,7171
JAPAN13,20260513,5.5,5.55,5.45,5.5,7901
JD80,20260513,5.1,5.25,5.1,5.2,3132580
JDHEAL19,20260513,3.92,4.06,3.92,4.06,63696
JEPI19,20260513,6.1,6.1,6.05,6.1,369767
JGRO19,20260513,10.4,10.5,10.4,10.4,3406
JNJ03,20260513,3.6,3.7,3.6,3.62,291282
JPMUS06,20260513,3.26,3.3,3.2,3.3,59082
JPMUS19,20260513,19.4,19.8,19.3,19.5,2441
JTEK19,20260513,11.2,11.2,10.8,11,29935
KEYENCE23,20260513,2.9,2.9,2.86,2.9,181375
KINGSOFT23,20260513,1.64,1.67,1.63,1.65,92371
KIOXIA23,20260513,6.2,6.65,6.2,6.6,809872
KO80,20260513,2.56,2.62,2.56,2.6,553703
KUAISH01,20260513,2.66,2.72,2.64,2.7,98731
KUAISH06,20260513,2.14,2.18,2.14,2.18,6851
KUAISH23,20260513,1.51,1.54,1.5,1.53,7337600
KUAISH80,20260513,2.1,2.14,2.1,2.14,4805724
LENOVO13,20260513,2.78,2.82,2.76,2.8,42406
LLY80,20260513,1.57,1.61,1.56,1.6,7206809
LOREAL80,20260513,1.37,1.39,1.34,1.35,86178
LPGOLD13,20260513,2.5,2.5,2.46,2.46,103412
LRCX23,20260513,3.66,3.7,3.46,3.68,1548339
LULU06,20260513,2.06,2.08,2,2.08,134536
LVMH01,20260513,10.9,11,10.5,10.6,276814
MA80,20260513,1.62,1.64,1.62,1.63,663823
MEITUAN19,20260513,1.19,1.22,1.19,1.21,829595
MEITUAN23,20260513,2.26,2.32,2.26,2.3,63703
MEITUAN80,20260513,3.58,3.66,3.56,3.66,671612
MELI06,20260513,2.04,2.06,2,2.04,2847604
META01,20260513,5.7,5.8,5.7,5.8,132278
META06,20260513,2.42,2.46,2.4,2.44,92155
META23,20260513,2.3,2.34,2.3,2.34,161117
META80,20260513,2.42,2.46,2.4,2.44,7537267
MICRON01,20260513,15.7,16.7,14.3,16.6,10419540
MICRON03,20260513,8.4,8.85,7.75,8.85,270890
MICRON19,20260513,16.7,17.7,15.3,17.6,2361761
MICRON23,20260513,5,5.3,4.6,5.25,3382177
MICRON80,20260513,25.25,26.5,22.9,26.5,2160469
MITSU19,20260513,9,9.1,9,9.1,202879
MNSO80,20260513,11.3,12.5,11.3,12.5,207156
MNST06,20260513,4.02,4.04,3.88,3.9,376517
MRVL06,20260513,5.35,5.5,5.15,5.5,185629
MRVL23,20260513,4.5,4.62,4.3,4.62,952249
MRVL80,20260513,5.35,5.5,5.1,5.5,1911067
MS06,20260513,4.1,4.16,4.06,4.12,4976
MSFT01,20260513,3.92,3.94,3.88,3.9,228931
MSFT03,20260513,2.66,2.66,2.64,2.64,794406
MSFT06,20260513,3.34,3.36,3.3,3.3,5467460
MSFT19,20260513,4.46,4.46,4.4,4.4,159266
MSFT23,20260513,2.48,2.48,2.44,2.46,29034
MSFT80,20260513,6.65,6.75,6.55,6.55,3353173
MSN11,20260513,3.82,3.92,3.82,3.92,9032
MSN19,20260513,3.26,3.26,3.26,3.26,2001
MUFG19,20260513,6,6.05,5.95,5.95,78903
MUFG23,20260513,2.46,2.46,2.36,2.36,2873
MWG11,20260513,4.22,4.22,4.18,4.18,851
MWG19,20260513,10.5,10.6,10.5,10.6,4997
NAURA23,20260513,2.98,3.1,2.96,3.08,149405
NAURA80,20260513,27,28,26.5,28,272113
NBIS03,20260513,5.95,6.1,5.65,6,3232252
NDAQ06,20260513,2.86,2.92,2.86,2.92,105549
NDX01,20260513,24.4,24.7,24.4,24.7,76977
NEM06,20260513,3.88,3.9,3.78,3.88,188619
NEM23,20260513,2.42,2.44,2.34,2.44,449942
NET03,20260513,3.14,3.18,3.04,3.08,200135
NETEASE80,20260513,7.55,7.7,7.55,7.6,11989
NFLX06,20260513,2.8,2.88,2.8,2.82,205080
NFLX80,20260513,2.78,2.9,2.78,2.84,3694895
NIKE80,20260513,0.69,0.7,0.68,0.69,2662843
NIKKEI80,20260513,13.6,13.7,13.5,13.7,11279
NINTENDO19,20260513,14.7,14.7,14.5,14.7,182761
NINTENDO23,20260513,1.3,1.32,1.28,1.32,290817
NONGFU80,20260513,1.87,1.91,1.86,1.89,505254
NOVOB80,20260513,1.53,1.55,1.49,1.54,3130553
NOW19,20260513,2.98,3.04,2.88,2.92,460468
NVDA01,20260513,20.7,21.6,20.5,21.6,861129
NVDA03,20260513,4.72,4.92,4.66,4.9,1216302
NVDA06,20260513,4.68,4.88,4.66,4.88,1143659
NVDA19,20260513,28,29.5,28,29.25,150538
NVDA23,20260513,3.38,3.5,3.34,3.5,3167826
NVDA80,20260513,35.25,36.75,34.75,36.75,2984960
NVTS03,20260513,7.2,7.25,6.1,6.85,5625954
OIL03,20260513,3.84,3.86,3.8,3.86,1245621
ONON03,20260513,2.16,2.24,2.06,2.24,502719
ORCL01,20260513,3.88,3.92,3.66,3.8,605509
ORCL06,20260513,2.48,2.52,2.34,2.42,11699081
ORCL19,20260513,6.2,6.25,5.9,6.1,1607202
PANW80,20260513,6.95,7,6.85,7,452280
PEP80,20260513,0.99,0.99,0.97,0.99,292943
PETROCN80,20260513,4.58,4.6,4.52,4.56,513782
PFIZER19,20260513,16.8,16.9,16.7,16.8,36271
PINGAN01,20260513,6,6.1,6,6.1,59183
PINGAN80,20260513,2.68,2.68,2.64,2.66,1424469
PLTR01,20260513,3.98,4.04,3.94,3.98,405399
PLTR03,20260513,2.92,2.98,2.9,2.94,76774
PLTR06,20260513,2.92,2.96,2.88,2.92,800318
PLTR23,20260513,2.32,2.34,2.3,2.32,306782
POPMART23,20260513,1.54,1.6,1.54,1.58,11198
POPMART80,20260513,6.5,6.65,6.5,6.65,580234
PYPL06,20260513,2.92,2.94,2.9,2.92,55072
QCOM06,20260513,3.76,3.76,3.28,3.58,5732857
QQQM19,20260513,18.9,19,18.6,19,714042
RBLX06,20260513,1.12,1.18,1.11,1.13,1741894
REMX03,20260513,3.56,3.56,3.4,3.54,104863
RGTI03,20260513,3.46,3.46,2.98,3.18,4476898
RKLB03,20260513,7.45,8.25,7.3,8.2,7479945
SANOFI80,20260513,2.78,2.82,2.78,2.8,654589
SANRIO23,20260513,1.3,1.31,1.29,1.31,82105
SANRIO80,20260513,8.8,8.8,8.8,8.8,1
SBUX80,20260513,1.72,1.74,1.71,1.73,74147
SEAGATE23,20260513,5.5,5.65,5.2,5.65,1138116
SEMB19,20260513,5.3,5.4,5.3,5.35,4561
SENSE23,20260513,2.02,2.02,2.02,2.02,13101
SGX19,20260513,5.5,5.55,5.4,5.5,38380
SHOP03,20260513,2.22,2.22,2.16,2.18,633
SHOP06,20260513,1.66,1.68,1.6,1.65,427187
SIA19,20260513,16,16,15.9,16,3142
SIL03,20260513,3.26,3.36,3.16,3.34,1703198
SINGTEL80,20260513,12.1,12.3,12,12.3,41203
SINOBIO19,20260513,4.72,4.72,4.7,4.7,445
SMCI03,20260513,2.16,2.18,2.04,2.16,1967854
SMFG19,20260513,12,12.2,12,12.2,59168
SMIC01,20260513,4.38,4.42,4.38,4.4,367357
SMIC03,20260513,3.1,3.12,3.08,3.1,4690
SMIC13,20260513,2.2,2.2,2.14,2.2,10805
SMIC23,20260513,3.6,3.66,3.6,3.64,3473016
SNDK03,20260513,12.2,12.5,11,12.3,1433667
SNDK23,20260513,6,6.25,5.55,6.2,16342662
SNOW06,20260513,2.46,2.48,2.44,2.48,109446
SNOW23,20260513,2.24,2.26,2.2,2.24,65866
SOFTBANK23,20260513,2.34,2.4,2.32,2.38,1072076
SONY80,20260513,3.76,3.82,3.74,3.78,711619
SP50001,20260513,24.1,24.3,24.1,24.3,48847
SP500US19,20260513,14.1,14.2,14,14.1,75397
SP500US80,20260513,2.82,2.84,2.8,2.84,174759
SPBOND80,20260513,8.3,8.3,8.2,8.3,70320
SPCOM80,20260513,3.78,3.8,3.7,3.8,5427
SPENGY80,20260513,3.76,3.76,3.7,3.72,31063
SPFIN80,20260513,16.5,16.8,16.5,16.7,2446
SPHLTH80,20260513,4.66,4.76,4.66,4.74,69722
SPOT06,20260513,1.69,1.78,1.69,1.75,53943
SPTECH80,20260513,11.4,11.6,11.2,11.6,6467
STAR5001,20260513,49.75,52.25,49.5,52.25,314614
STEG19,20260513,27.5,27.75,27.25,27.5,10302
SUNNY19,20260513,2.72,2.74,2.7,2.72,165529
SUNNY80,20260513,2.74,2.74,2.7,2.72,130702
SUSHI23,20260513,3.42,3.42,3.28,3.3,293878
SYNP03,20260513,3.34,3.38,3.32,3.34,883560
TAIWAN19,20260513,39.75,40.25,39.5,40.25,109687
TAIWANAI13,20260513,18.4,18.7,18.3,18.7,41658
TAIWANHD13,20260513,27.25,27.25,26.75,27.25,747404
TEL23,20260513,3.82,3.9,3.82,3.86,1523545
TEL80,20260513,10.5,10.7,10.5,10.6,67730
TENCENT01,20260513,4.34,4.38,4.32,4.38,161431
TENCENT06,20260513,1.91,1.94,1.9,1.93,59363
TENCENT13,20260513,3.92,3.96,3.9,3.94,11455
TENCENT19,20260513,9.55,9.6,9.55,9.6,9999
TENCENT23,20260513,2.14,2.18,2.12,2.16,213492
TENCENT80,20260513,19.1,19.5,18.9,19.5,1067134
THAIBEV19,20260513,10.7,10.9,10.7,10.8,6854
TME23,20260513,0.9,1.01,0.9,0.91,365465
TOYOTA80,20260513,6,6.05,5.95,6.05,15236
TRIPCOM23,20260513,1.68,1.68,1.68,1.68,5000
TRIPCOM80,20260513,1.66,1.69,1.66,1.69,662893
TRVUS06,20260513,3.98,3.98,3.94,3.96,27755
TSLA01,20260513,41.75,42.75,40.5,41.5,136610
TSLA03,20260513,4.74,4.84,4.56,4.72,28171
TSLA23,20260513,2.76,2.8,2.64,2.72,213948
TSLA80,20260513,2.86,2.9,2.74,2.86,40329364
UBER06,20260513,2.46,2.5,2.46,2.5,52447
UBTECH23,20260513,1.83,1.89,1.83,1.89,1072781
UNH19,20260513,6.25,6.45,6.2,6.35,620456
UNIQLO80,20260513,14.8,14.9,14.8,14.9,28945
UOB19,20260513,9.45,9.5,9.45,9.5,1998
USTR24,20260513,1.17,1.17,1.16,1.16,590
VCB11,20260513,2.94,3,2.92,2.98,46170
VCB19,20260513,7.35,7.55,7.35,7.55,22527
VENTURE19,20260513,4.6,4.7,4.6,4.7,46937
VHM19,20260513,19.9,19.9,18.5,19.3,53128
VISA06,20260513,1.31,1.34,1.31,1.33,105501
VISA80,20260513,1.31,1.34,1.31,1.32,1192000
VNFIN24,20260513,1.89,1.9,1.87,1.87,7989
VNM19,20260513,7.35,7.45,7.3,7.45,313778
VRT23,20260513,3.46,3.6,3.34,3.6,2915078
VT03,20260513,3.4,3.42,3.32,3.38,154480
WMT06,20260513,4.16,4.24,4.16,4.22,25218
WORLD03,20260513,4.24,4.24,4.18,4.22,9735
WORLDA01,20260513,4.92,5.1,4.88,4.94,206802
WUXI06,20260513,3.46,3.54,3.44,3.54,38293
WUXI13,20260513,2.02,2.02,2.02,2.02,100
WUXIAT80,20260513,5.65,5.75,5.6,5.75,236223
XIAOMI01,20260513,2.96,3.02,2.94,3.02,520247
XIAOMI13,20260513,2.7,2.7,2.68,2.7,110313
XIAOMI19,20260513,6.55,6.65,6.45,6.65,34660
XIAOMI23,20260513,1.56,1.6,1.56,1.6,847660
XIAOMI80,20260513,12.9,13.3,12.9,13.3,793611
XPENG03,20260513,2.58,2.62,2.56,2.6,24902
ZAI23,20260513,8.8,12,8.8,11.8,413098
ZIJIN13,20260513,2.82,2.84,2.82,2.82,3983
ZIJIN23,20260513,2.46,2.48,2.46,2.46,1515294
ZIJIN80,20260513,15.9,16.1,15.8,16,185193
ZJINNO80,20260513,4.84,5.1,4.74,5.1,2477636
AAV01C2703T,20260513,0.14,0.14,0.14,0.14,200000
AAV01P2607A,20260513,0.28,0.28,0.28,0.28,1916200
AAV13C2607A,20260513,0.03,0.04,0.03,0.03,4486900
AAV13C2608A,20260513,0.03,0.04,0.03,0.03,190800
AAV13C2608B,20260513,0.11,0.11,0.11,0.11,10378800
AAV13C2701T,20260513,0.1,0.1,0.1,0.1,200000
AAV13P2607A,20260513,0.28,0.28,0.27,0.28,33400
AAV19C2608A,20260513,0.13,0.13,0.13,0.13,5664400
AAV19C2612T,20260513,0.09,0.09,0.09,0.09,40000
AAV41C2611T,20260513,0.06,0.06,0.06,0.06,10912300
ADVANC01C2606A,20260513,0.24,0.34,0.24,0.3,2390000
ADVANC01C2607A,20260513,0.15,0.2,0.15,0.17,11151600
ADVANC01C2608A,20260513,0.05,0.08,0.05,0.07,580200
ADVANC01C2609A,20260513,0.28,0.33,0.28,0.3,7260900
ADVANC01C2610A,20260513,0.47,0.55,0.47,0.5,8003300
ADVANC01C2701T,20260513,0.52,0.57,0.52,0.55,4214700
ADVANC01P2606A,20260513,0.02,0.02,0.02,0.02,10000
ADVANC01P2607A,20260513,0.16,0.16,0.13,0.14,4021900
ADVANC01P2609A,20260513,0.79,0.79,0.71,0.75,2238300
ADVANC13C2607A,20260513,0.13,0.17,0.13,0.14,6456600
ADVANC13C2608A,20260513,0.06,0.06,0.06,0.06,17000
ADVANC13C2608B,20260513,0.09,0.09,0.09,0.09,100
ADVANC13C2608C,20260513,0.13,0.15,0.13,0.14,2271800
ADVANC13C2609A,20260513,0.32,0.39,0.32,0.34,6232500
ADVANC13C2701T,20260513,0.34,0.37,0.34,0.36,2867100
ADVANC13P2607A,20260513,0.06,0.07,0.06,0.07,309500
ADVANC13P2609A,20260513,0.5,0.5,0.44,0.47,1930800
ADVANC19C2606A,20260513,0.05,0.06,0.05,0.06,12085200
ADVANC19C2607A,20260513,0.07,0.09,0.07,0.08,8170600
ADVANC19C2608A,20260513,0.09,0.11,0.09,0.1,6061000
ADVANC19C2609A,20260513,0.28,0.34,0.28,0.3,18245300
ADVANC41C2606T,20260513,0.66,0.68,0.66,0.68,100000
ADVANC41C2607A,20260513,0.12,0.12,0.12,0.12,10000
ADVANC41C2608A,20260513,0.06,0.06,0.06,0.06,1000
ADVANC41C2608C,20260513,0.12,0.13,0.12,0.13,515400
ADVANC41C2701T,20260513,0.26,0.28,0.26,0.27,22700
ADVANC41P2607A,20260513,0.05,0.05,0.05,0.05,100
AEONTS13C2608A,20260513,0.16,0.16,0.16,0.16,103100
AIA41C2609A,20260513,0.4,0.4,0.39,0.39,1000
ALIHEA41C2606A,20260513,0.05,0.05,0.05,0.05,1000000
AMATA13C2608A,20260513,0.39,0.4,0.37,0.4,5633600
AMATA19C2608A,20260513,0.3,0.31,0.29,0.3,29317600
AMATA41C2608A,20260513,0.4,0.4,0.4,0.4,200
AMATA41C2609T,20260513,0.39,0.39,0.39,0.39,2000
AOT01C2606T,20260513,0.29,0.29,0.28,0.28,5739500
AOT01C2607A,20260513,0.11,0.12,0.1,0.1,3487400
AOT01C2609A,20260513,0.31,0.31,0.29,0.3,4912400
AOT01P2607A,20260513,0.23,0.23,0.21,0.22,3814100
AOT01P2609A,20260513,0.63,0.64,0.61,0.63,2696300
AOT13C2608A,20260513,0.17,0.18,0.16,0.16,2987100
AOT13P2607A,20260513,0.1,0.1,0.09,0.09,40000
AOT13P2609A,20260513,0.47,0.48,0.46,0.47,5284500
AOT19C2608A,20260513,0.3,0.3,0.28,0.29,2844000
AOT41C2608A,20260513,0.17,0.17,0.17,0.17,500
AOT41C2609T,20260513,0.35,0.36,0.34,0.34,3920500
AOT41P2606T,20260513,0.07,0.07,0.07,0.07,900
AWC01C2607A,20260513,0.06,0.06,0.06,0.06,45000
AWC01C2703T,20260513,0.22,0.22,0.22,0.22,210000
AWC13C2608A,20260513,0.07,0.08,0.06,0.06,279300
AWC13C2608B,20260513,0.2,0.22,0.19,0.19,2727200
AWC13C2701T,20260513,0.18,0.18,0.18,0.18,2729000
BA13C2608A,20260513,0.2,0.2,0.18,0.2,3675100
BA19C2609A,20260513,0.27,0.27,0.26,0.27,1767900
BA41C2611T,20260513,0.16,0.16,0.16,0.16,10000
BABA28C2609A,20260513,0.29,0.29,0.28,0.29,223000
BABA41C2606A,20260513,0.15,0.17,0.15,0.15,1400
BABA41C2609T,20260513,0.52,0.56,0.52,0.54,2800
BABA41C2610A,20260513,0.55,0.6,0.55,0.57,1118300
BABA41C2701T,20260513,0.65,0.68,0.65,0.66,3000
BABA41P2609A,20260513,0.24,0.24,0.22,0.23,800
BAM01C2608A,20260513,0.06,0.06,0.06,0.06,3000
BAM13C2607A,20260513,0.01,0.02,0.01,0.02,220000
BAM13C2608A,20260513,0.1,0.1,0.1,0.1,1847100
BAM19C2612T,20260513,0.22,0.22,0.21,0.22,575300
BANPU01C2607A,20260513,0.05,0.05,0.05,0.05,210000
BANPU01C2703T,20260513,0.16,0.17,0.16,0.17,1002000
BANPU13C2606A,20260513,0.06,0.06,0.06,0.06,303800
BANPU13C2608A,20260513,0.08,0.08,0.07,0.07,15500
BANPU13C2609A,20260513,0.16,0.16,0.15,0.16,16200600
BANPU13C2701T,20260513,0.2,0.2,0.2,0.2,52000
BANPU13P2609A,20260513,0.28,0.28,0.27,0.27,929800
BANPU19C2612T,20260513,0.32,0.32,0.31,0.32,2823300
BANPU41C2612T,20260513,0.23,0.23,0.22,0.22,13500
BBL13C2608A,20260513,0.24,0.24,0.24,0.24,460000
BBL19C2612T,20260513,0.4,0.4,0.4,0.4,8211600
BBL41C2607B,20260513,0.04,0.04,0.04,0.04,100
BBL41C2609T,20260513,0.39,0.39,0.39,0.39,100
BCH01C2607A,20260513,0.01,0.01,0.01,0.01,110000
BCH13C2609A,20260513,0.12,0.12,0.12,0.12,200
BCH41C2703T,20260513,0.15,0.15,0.15,0.15,153000
BCP01C2607A,20260513,0.22,0.22,0.2,0.2,553300
BCP01C2608A,20260513,0.1,0.1,0.1,0.1,83900
BCP13C2608A,20260513,0.23,0.23,0.22,0.23,1060200
BCP13C2608B,20260513,0.09,0.09,0.09,0.09,2000600
BCP19C2607A,20260513,0.16,0.17,0.16,0.17,342700
BCP41C2607A,20260513,0.44,0.44,0.44,0.44,50000
BCPG01C2607A,20260513,0.37,0.39,0.37,0.37,796000
BCPG13C2607A,20260513,0.18,0.19,0.18,0.18,800300
BCPG13C2608A,20260513,0.11,0.11,0.11,0.11,813200
BCPG19C2609A,20260513,0.35,0.36,0.35,0.36,457400
BDMS01C2607A,20260513,0.03,0.03,0.03,0.03,115000
BDMS01C2609A,20260513,0.19,0.19,0.19,0.19,616400
BDMS01P2607A,20260513,0.15,0.15,0.15,0.15,1000400
BDMS13C2607A,20260513,0.05,0.05,0.04,0.05,604500
BDMS13C2608A,20260513,0.04,0.04,0.04,0.04,540600
BDMS13C2608B,20260513,0.16,0.16,0.14,0.14,968900
BDMS13C2701T,20260513,0.19,0.19,0.19,0.19,1310500
BDMS13P2607A,20260513,0.16,0.17,0.16,0.17,158900
BDMS19C2608A,20260513,0.16,0.16,0.15,0.15,200
BDMS41C2609T,20260513,0.04,0.04,0.02,0.02,101600
BDMS41C2612T,20260513,0.14,0.15,0.14,0.14,352200
BEM13C2608A,20260513,0.06,0.07,0.06,0.07,50100
BEM41C2608A,20260513,0.06,0.06,0.06,0.06,100
BEM41C2612T,20260513,0.13,0.13,0.13,0.13,2000
BGRIM01C2606T,20260513,0.04,0.04,0.03,0.03,20200
BGRIM01C2608A,20260513,0.12,0.12,0.11,0.11,1884700
BGRIM01C2609A,20260513,0.29,0.29,0.26,0.27,7546600
BGRIM13C2607A,20260513,0.07,0.07,0.05,0.06,303000
BGRIM13C2608A,20260513,0.25,0.25,0.22,0.23,11367300
BGRIM13P2608A,20260513,0.23,0.25,0.23,0.24,6846500
BGRIM13P2609A,20260513,0.14,0.14,0.14,0.14,320000
BGRIM19C2607A,20260513,0.11,0.11,0.09,0.1,5596200
BGRIM19C2609A,20260513,0.33,0.33,0.3,0.31,1668200
BGRIM41C2608B,20260513,0.37,0.37,0.33,0.33,885400
BGRIM41C2608T,20260513,0.15,0.15,0.14,0.14,7000
BGRIM41C2701T,20260513,0.4,0.4,0.38,0.38,3600900
BH01C2607A,20260513,0.7,0.72,0.69,0.7,92600
BH01C2608A,20260513,0.07,0.08,0.07,0.07,50200
BH01C2609A,20260513,0.69,0.69,0.67,0.68,3396100
BH01C2609B,20260513,0.69,0.71,0.67,0.67,3452300
BH01P2608A,20260513,0.37,0.38,0.37,0.37,2325800
BH13C2607A,20260513,0.64,0.64,0.59,0.59,6000
BH13C2608A,20260513,0.09,0.09,0.09,0.09,510300
BH13C2608B,20260513,0.34,0.35,0.32,0.32,13177600
BH13P2608A,20260513,0.31,0.31,0.3,0.31,3018400
BH19C2607B,20260513,0.04,0.04,0.04,0.04,10000
BH19C2608A,20260513,0.34,0.35,0.32,0.32,5807200
BH41C2608B,20260513,0.32,0.33,0.32,0.33,480900
BH41C2611T,20260513,0.55,0.56,0.54,0.55,1053300
BIDU28C2610A,20260513,0.42,0.42,0.42,0.42,10000
BIDU41C2606A,20260513,0.16,0.16,0.15,0.15,1500100
BIDU41C2609A,20260513,0.16,0.17,0.16,0.17,45500
BIDU41C2610A,20260513,1.02,1.03,1,1.03,5700
BJC01C2608A,20260513,0.1,0.11,0.1,0.1,856000
BJC19C2612T,20260513,0.3,0.3,0.3,0.3,61000
BLA01C2607A,20260513,0.12,0.12,0.12,0.12,567400
BLA01C2609A,20260513,0.34,0.35,0.34,0.34,171800
BLA13C2607A,20260513,0.13,0.13,0.13,0.13,259400
BLA13C2608A,20260513,0.29,0.29,0.26,0.26,1348000
BLA19C2608A,20260513,0.29,0.3,0.29,0.3,81200
BTG01C2607A,20260513,0.32,0.32,0.29,0.29,775900
BTG01C2609A,20260513,0.24,0.24,0.22,0.22,1874700
BTG01C2704T,20260513,0.12,0.12,0.12,0.12,34000
BTG01P2609A,20260513,0.56,0.59,0.56,0.58,4878700
BTG13C2607A,20260513,0.29,0.29,0.29,0.29,113000
BTG13C2608A,20260513,0.23,0.23,0.2,0.21,3715400
BTG13C2609A,20260513,0.19,0.19,0.16,0.17,2517100
BTG13P2609A,20260513,0.55,0.58,0.55,0.58,4797100
BTG19C2608A,20260513,0.15,0.15,0.14,0.14,145700
BTG41C2703T,20260513,0.23,0.23,0.23,0.23,100200
BTS01C2608A,20260513,0.02,0.02,0.02,0.02,137400
BTS01C2609T,20260513,0.02,0.02,0.02,0.02,5000
BTS13C2606A,20260513,0.01,0.01,0.01,0.01,80000
BTS13C2607A,20260513,0.04,0.04,0.04,0.04,224600
BTS13C2608A,20260513,0.04,0.04,0.04,0.04,22000
BTS13C2609A,20260513,0.14,0.15,0.14,0.15,761500
BTS13C2701T,20260513,0.11,0.11,0.11,0.11,403000
BTS13P2608A,20260513,0.17,0.17,0.15,0.17,1080000
BTS19C2609A,20260513,0.17,0.18,0.17,0.18,542600
BYDCOM41C2609A,20260513,0.37,0.4,0.37,0.4,51400
CBG01C2607A,20260513,0.05,0.05,0.05,0.05,637100
CBG01C2609A,20260513,0.29,0.29,0.24,0.29,7567900
CBG01C2610T,20260513,0.12,0.12,0.11,0.12,2920800
CBG01P2607A,20260513,0.22,0.26,0.22,0.22,4479400
CBG01P2609A,20260513,0.21,0.23,0.21,0.22,5186600
CBG13C2607A,20260513,0.03,0.03,0.03,0.03,310000
CBG13C2608A,20260513,0.17,0.18,0.16,0.17,6730600
CBG13C2608B,20260513,0.27,0.27,0.22,0.25,7767800
CBG19C2608A,20260513,0.33,0.35,0.31,0.34,3692700
CBG41C2608A,20260513,0.16,0.17,0.15,0.15,480300
CBG41C2612T,20260513,0.08,0.08,0.08,0.08,600
CBG41C2703T,20260513,0.3,0.31,0.29,0.3,3600700
CCET13C2607A,20260513,0.18,0.22,0.18,0.2,8022300
CCET13C2608A,20260513,0.56,0.62,0.56,0.6,197700
CCET13C2609A,20260513,0.32,0.37,0.32,0.35,5423700
CCET13C2609B,20260513,0.19,0.23,0.19,0.21,5878500
CCET19C2607A,20260513,0.26,0.29,0.24,0.28,1105300
CCET41C2607A,20260513,0.29,0.32,0.29,0.32,606800
CCET41C2609T,20260513,0.15,0.15,0.15,0.15,800
CENTEL01C2609A,20260513,0.18,0.18,0.17,0.17,3075400
CENTEL13C2608A,20260513,0.07,0.07,0.07,0.07,10000
CENTEL13C2608B,20260513,0.19,0.19,0.17,0.17,2510100
CENTEL41C2701T,20260513,0.23,0.23,0.22,0.22,60200
CHG13C2608A,20260513,0.06,0.06,0.06,0.06,308500
CK13C2608A,20260513,0.21,0.22,0.2,0.21,6807200
CK19C2609A,20260513,0.33,0.34,0.32,0.33,5816600
COM701C2607A,20260513,0.4,0.4,0.33,0.38,1215900
COM701C2607B,20260513,0.04,0.05,0.04,0.05,22000
COM701C2705T,20260513,0.36,0.37,0.34,0.36,5489300
COM713C2607A,20260513,0.35,0.35,0.26,0.31,11590300
COM713C2608A,20260513,0.08,0.08,0.07,0.08,1932900
COM741C2606T,20260513,0.04,0.04,0.04,0.04,1000
COM741C2607A,20260513,0.25,0.3,0.25,0.29,232600
COM741C2609T,20260513,0.29,0.31,0.29,0.31,1024800
CPALL01C2607A,20260513,0.11,0.11,0.1,0.1,1753000
CPALL01C2608A,20260513,0.04,0.04,0.04,0.04,20400
CPALL01C2610A,20260513,0.22,0.22,0.21,0.21,366800
CPALL01C2703T,20260513,0.22,0.22,0.22,0.22,300100
CPALL13C2607A,20260513,0.08,0.08,0.08,0.08,10000
CPALL13C2608A,20260513,0.06,0.06,0.05,0.06,332000
CPALL13C2609A,20260513,0.24,0.25,0.23,0.24,1188000
CPALL13C2701T,20260513,0.21,0.21,0.21,0.21,400600
CPALL13P2608A,20260513,0.1,0.11,0.1,0.1,1297400
CPALL19C2607A,20260513,0.14,0.14,0.13,0.13,1529900
CPALL19C2612A,20260513,0.11,0.11,0.11,0.11,20000
CPALL41C2609A,20260513,0.21,0.21,0.2,0.2,960300
CPF01C2609A,20260513,0.16,0.16,0.16,0.16,6000
CPF01C2611T,20260513,0.13,0.13,0.13,0.13,3400
CPF01P2608A,20260513,0.38,0.38,0.38,0.38,294000
CPF13C2609A,20260513,0.19,0.19,0.19,0.19,1000
CPF13P2608A,20260513,0.32,0.32,0.32,0.32,402000
CPF19C2608A,20260513,0.06,0.06,0.06,0.06,900
CPF41C2612T,20260513,0.13,0.13,0.12,0.13,500400
CPN01C2606T,20260513,0.17,0.18,0.17,0.18,5387200
CPN01C2608A,20260513,0.25,0.27,0.25,0.26,3906800
CPN01P2608A,20260513,0.14,0.14,0.13,0.13,2913600
CPN13C2608A,20260513,0.28,0.3,0.28,0.28,9865400
CPN13P2608A,20260513,0.12,0.12,0.11,0.11,1847400
CPN19C2609T,20260513,0.33,0.35,0.33,0.33,12026800
CPN41C2608T,20260513,0.4,0.42,0.4,0.42,1800500
CRC01C2609A,20260513,0.16,0.17,0.16,0.17,2790200
CRC01C2609B,20260513,0.38,0.39,0.36,0.39,2393200
CRC01C2610T,20260513,0.24,0.26,0.24,0.26,1561400
CRC13C2606A,20260513,0.03,0.04,0.03,0.04,60000
CRC13C2608A,20260513,0.34,0.38,0.34,0.38,4031200
CRC19C2612A,20260513,0.33,0.35,0.33,0.35,2488500
CRC41C2609T,20260513,0.15,0.15,0.15,0.15,900100
DELTA01C2607A,20260513,1.18,1.52,1.18,1.49,9439500
DELTA01C2608A,20260513,0.76,0.98,0.76,0.97,20466700
DELTA01P2606A,20260513,0.01,0.02,0.01,0.01,389200
DELTA01P2608A,20260513,0.29,0.29,0.24,0.24,14386700
DELTA13C2606A,20260513,1.72,2.1,1.72,2.1,55700
DELTA13C2607A,20260513,0.64,0.83,0.64,0.83,3066000
DELTA13C2607B,20260513,0.63,0.85,0.62,0.84,51955800
DELTA13C2608A,20260513,0.4,0.51,0.39,0.51,27734700
DELTA13C2609A,20260513,0.26,0.33,0.26,0.32,44736600
DELTA13P2606A,20260513,0.01,0.01,0.01,0.01,996300
DELTA13P2607A,20260513,0.1,0.1,0.07,0.08,15026600
DELTA13P2608A,20260513,0.51,0.51,0.42,0.42,44860400
DELTA19C2607A,20260513,1.04,1.27,1.04,1.27,27900
DELTA19C2608A,20260513,0.82,1.03,0.8,1.03,7459400
DELTA19P2606A,20260513,0.01,0.01,0.01,0.01,10000
DELTA19P2607A,20260513,0.06,0.06,0.05,0.05,1055900
DELTA19P2608A,20260513,0.39,0.39,0.33,0.33,7698100
DELTA19P2609A,20260513,0.66,0.66,0.56,0.56,7787800
DELTA41C2607A,20260513,0.63,0.82,0.63,0.82,3942500
DELTA41C2607B,20260513,0.61,0.83,0.61,0.83,5829100
DELTA41C2608A,20260513,0.41,0.51,0.41,0.51,6319800
DELTA41C2608T,20260513,2.24,2.38,2.24,2.38,400600
DELTA41C2609A,20260513,0.26,0.32,0.26,0.31,3415600
DELTA41C2612T,20260513,1.5,1.68,1.5,1.66,1613300
DELTA41C2703T,20260513,0.97,1.1,0.97,1.1,2862400
DELTA41P2607A,20260513,0.09,0.09,0.08,0.08,30300
DJI41C2606A,20260513,0.24,0.25,0.23,0.23,318600
DOHOME01C2608A,20260513,0.11,0.13,0.11,0.11,569000
DOHOME13C2607A,20260513,0.09,0.09,0.09,0.09,2150800
DOHOME19C2701T,20260513,0.39,0.4,0.39,0.4,1685900
EA13C2607A,20260513,0.02,0.02,0.02,0.02,170800
EA13C2607B,20260513,0.02,0.02,0.02,0.02,1000
EA13C2608A,20260513,0.14,0.15,0.14,0.14,3331300
EA19C2606A,20260513,0.02,0.02,0.02,0.02,100
EA19C2609A,20260513,0.2,0.21,0.2,0.2,984000
EA41C2609T,20260513,0.18,0.18,0.18,0.18,1100
ERW01C2608A,20260513,0.17,0.19,0.16,0.17,1885000
ERW01C2611T,20260513,0.33,0.34,0.32,0.32,2188300
ERW13C2608A,20260513,0.15,0.17,0.14,0.14,8427500
ERW13C2608B,20260513,0.36,0.4,0.35,0.35,3921200
ERW19C2609A,20260513,0.34,0.36,0.32,0.32,17992800
ERW41C2611T,20260513,0.47,0.49,0.45,0.47,10413100
GFPT01C2705T,20260513,0.28,0.28,0.28,0.28,253500
GFPT13C2608A,20260513,0.23,0.23,0.22,0.22,366000
GLOBAL01C2608A,20260513,0.07,0.07,0.07,0.07,10500
GLOBAL13C2608A,20260513,0.09,0.1,0.09,0.1,3793300
GLOBAL13C2608B,20260513,0.25,0.27,0.23,0.27,6201200
GLOBAL41C2612T,20260513,0.34,0.35,0.33,0.35,206900
GPSC01C2608A,20260513,0.06,0.06,0.05,0.05,200
GPSC01C2609A,20260513,0.25,0.26,0.24,0.24,4144400
GPSC01C2609T,20260513,0.14,0.14,0.14,0.14,3084400
GPSC01P2607A,20260513,0.11,0.11,0.11,0.11,6689800
GPSC01P2608A,20260513,0.33,0.34,0.32,0.33,4222000
GPSC13C2606A,20260513,0.06,0.06,0.06,0.06,40000
GPSC13C2608A,20260513,0.09,0.09,0.08,0.08,1443300
GPSC13C2608B,20260513,0.27,0.29,0.27,0.28,5604700
GPSC13C2701T,20260513,0.19,0.2,0.19,0.19,5333600
GPSC13P2608A,20260513,0.34,0.36,0.34,0.34,1327000
GPSC13P2609A,20260513,0.18,0.18,0.18,0.18,4987500
GPSC19C2608A,20260513,0.09,0.09,0.09,0.09,1000
GPSC19C2608B,20260513,0.33,0.33,0.31,0.32,7211200
GPSC41C2608B,20260513,0.26,0.26,0.26,0.26,100
GPSC41C2703T,20260513,0.28,0.28,0.27,0.27,1400
GULF01C2606T,20260513,0.11,0.11,0.11,0.11,699900
GULF01C2608A,20260513,0.61,0.64,0.61,0.64,17100
GULF01C2608B,20260513,0.32,0.35,0.32,0.33,4063700
GULF01C2609A,20260513,0.28,0.3,0.28,0.3,2397400
GULF01C2702T,20260513,0.53,0.54,0.53,0.53,800600
GULF01P2609A,20260513,0.36,0.37,0.36,0.37,528400
GULF13C2607A,20260513,0.49,0.49,0.49,0.49,6700
GULF13C2608A,20260513,0.36,0.37,0.34,0.36,6952000
GULF13C2609A,20260513,0.26,0.27,0.24,0.25,12755700
GULF13P2608A,20260513,0.21,0.21,0.2,0.2,2432500
GULF19C2607B,20260513,0.2,0.21,0.2,0.2,8517600
GULF41C2607A,20260513,0.47,0.47,0.47,0.47,500
GULF41C2608A,20260513,0.34,0.35,0.34,0.35,200200
GULF41C2609A,20260513,0.23,0.24,0.23,0.24,20500
GULF41C2609T,20260513,0.37,0.38,0.37,0.38,200
GUNKUL01C2608A,20260513,0.7,0.77,0.63,0.73,3881800
GUNKUL01C2704T,20260513,0.45,0.46,0.43,0.45,6010200
GUNKUL13C2608A,20260513,0.95,0.95,0.95,0.95,220000
GUNKUL13C2608B,20260513,0.51,0.56,0.46,0.53,42792800
GUNKUL19C2609A,20260513,0.79,0.79,0.79,0.79,9400
GUNKUL41C2702T,20260513,0.48,0.5,0.45,0.48,7708200
HANA01C2606A,20260513,3.06,3.18,3.06,3.18,16000
HANA01C2608A,20260513,2.4,2.74,2.3,2.68,662800
HANA01C2609A,20260513,0.47,0.54,0.44,0.53,4369700
HANA13C2607A,20260513,2.84,3.26,2.84,3.18,100300
HANA13C2608A,20260513,1.77,2,1.7,2,115000
HANA13C2608B,20260513,1.09,1.14,1.06,1.14,25000
HANA13C2608C,20260513,0.49,0.55,0.45,0.55,362600
HANA13P2607A,20260513,0.05,0.05,0.05,0.05,2800
HANA13P2608A,20260513,0.15,0.16,0.13,0.13,4832400
HANA19C2607A,20260513,3.38,3.48,3.38,3.48,20000
HANA19C2608A,20260513,1.79,1.79,1.79,1.79,100
HANA19C2609A,20260513,0.55,0.55,0.47,0.47,300
HANA41C2606T,20260513,0.35,0.38,0.35,0.38,50100
HANA41C2607A,20260513,3.1,3.28,3.1,3.28,200
HANA41C2608A,20260513,1.88,2.04,1.88,2.04,200
HANA41C2608T,20260513,1.51,1.66,1.5,1.66,400
HANA41C2702T,20260513,0.4,0.43,0.38,0.42,7070300
HMPRO01C2609A,20260513,0.18,0.18,0.16,0.17,660800
HMPRO13C2608A,20260513,0.05,0.05,0.05,0.05,9000
HMPRO13C2609A,20260513,0.16,0.17,0.16,0.16,1584000
HMPRO19C2609A,20260513,0.18,0.19,0.18,0.19,652900
HMPRO41C2609A,20260513,0.14,0.14,0.14,0.14,100
HSCEI18C2606A,20260513,0.37,0.37,0.37,0.37,3000
HSI18C2606A,20260513,0.45,0.47,0.44,0.44,15900
HSI18P2606A,20260513,0.22,0.22,0.22,0.22,142000
HSI28C2605A,20260513,0.01,0.02,0.01,0.01,26200
HSI28C2605B,20260513,0.04,0.04,0.04,0.04,361500
HSI28C2605C,20260513,0.25,0.31,0.23,0.26,96123500
HSI28C2605D,20260513,0.6,0.71,0.58,0.66,4222000
HSI28C2606A,20260513,0.09,0.11,0.09,0.1,5018900
HSI28C2606B,20260513,0.6,0.66,0.58,0.61,21776800
HSI28C2606C,20260513,0.22,0.25,0.21,0.23,6772200
HSI28C2607A,20260513,0.57,0.62,0.55,0.57,8348600
HSI28P2605A,20260513,0.03,0.06,0.03,0.06,144000
HSI28P2606A,20260513,0.21,0.21,0.19,0.2,1475900
HSI28P2606B,20260513,0.38,0.4,0.35,0.37,28159400
HSI28P2607A,20260513,0.29,0.29,0.26,0.27,11581600
HSTECH18C2606A,20260513,0.46,0.46,0.44,0.44,600
ICHI13C2609A,20260513,0.13,0.13,0.13,0.13,50000
IRPC01C2607A,20260513,1.06,1.06,0.89,1.04,977800
IRPC01C2609A,20260513,0.64,0.67,0.6,0.65,202200
IRPC01C2609B,20260513,0.47,0.47,0.39,0.44,7638300
IRPC01C2703T,20260513,0.19,0.19,0.18,0.19,10361900
IRPC13C2608A,20260513,0.75,0.75,0.75,0.75,5700
IRPC13C2608B,20260513,0.45,0.46,0.38,0.43,24892800
IRPC13C2609A,20260513,0.4,0.4,0.35,0.39,13838000
IRPC13C2609B,20260513,0.2,0.2,0.17,0.2,35863100
IRPC19C2609T,20260513,0.59,0.59,0.59,0.59,129000
ITC01C2606T,20260513,0.19,0.2,0.19,0.2,1608300
ITC13C2608A,20260513,0.15,0.15,0.15,0.15,756600
ITC19C2609T,20260513,0.2,0.21,0.2,0.21,1086700
ITC41C2612T,20260513,0.2,0.2,0.19,0.19,2900
IVL01C2607A,20260513,0.3,0.37,0.3,0.35,163800
IVL01C2608A,20260513,0.06,0.06,0.06,0.06,124400
IVL01C2609B,20260513,0.16,0.18,0.16,0.17,2951800
IVL01P2608A,20260513,0.17,0.17,0.15,0.15,1305900
IVL01P2609A,20260513,0.3,0.3,0.27,0.27,1712700
IVL13C2607A,20260513,0.21,0.27,0.21,0.25,19873600
IVL13C2608A,20260513,0.59,0.68,0.59,0.65,147900
IVL13C2609A,20260513,0.52,0.58,0.51,0.56,5605800
IVL13C2609B,20260513,0.18,0.21,0.18,0.19,23020700
IVL13P2607A,20260513,0.04,0.04,0.03,0.03,10100
IVL13P2608A,20260513,0.25,0.25,0.23,0.23,827500
IVL19C2607A,20260513,0.33,0.4,0.32,0.37,4459400
IVL19C2609A,20260513,0.18,0.19,0.18,0.19,9957500
IVL19P2608A,20260513,0.25,0.25,0.22,0.22,1942300
IVL41C2607A,20260513,0.2,0.26,0.2,0.24,100400
IVL41C2609A,20260513,0.55,0.55,0.54,0.54,200200
IVL41C2609B,20260513,0.17,0.18,0.17,0.18,2200
IVL41C2702T,20260513,0.46,0.5,0.46,0.49,102400
JAS13C2608A,20260513,0.06,0.06,0.06,0.06,686000
JAS13C2609A,20260513,0.22,0.26,0.22,0.24,6311800
JAS19C2701T,20260513,0.33,0.36,0.33,0.34,4759400
JD41C2606A,20260513,0.32,0.38,0.32,0.38,1800
JMART01C2608A,20260513,0.11,0.11,0.1,0.11,1400500
JMART01C2705T,20260513,0.28,0.28,0.27,0.27,1621500
JMART13C2608A,20260513,0.13,0.13,0.13,0.13,2449200
JMART13C2609A,20260513,0.34,0.35,0.33,0.34,9144300
JMART13C2701T,20260513,0.19,0.19,0.19,0.19,20000
JMART19C2609A,20260513,0.28,0.3,0.28,0.29,4858200
JMART19C2612A,20260513,0.25,0.26,0.24,0.25,1106500
JMART41C2609T,20260513,0.09,0.09,0.09,0.09,50900
JMART41C2703T,20260513,0.29,0.29,0.29,0.29,200
JMT01C2608A,20260513,0.09,0.09,0.09,0.09,453900
JMT01C2701T,20260513,0.32,0.32,0.31,0.32,3613700
JMT13C2607A,20260513,0.27,0.29,0.24,0.26,5055700
JMT13C2608A,20260513,0.12,0.12,0.11,0.12,1934500
JMT13C2701T,20260513,0.27,0.28,0.26,0.26,9323000
JMT19C2608A,20260513,0.11,0.11,0.1,0.1,1613600
JMT41C2608A,20260513,0.11,0.11,0.1,0.1,2900
JMT41C2703T,20260513,0.48,0.48,0.46,0.47,1200800
KBANK01C2607A,20260513,0.27,0.27,0.26,0.26,856700
KBANK01C2609A,20260513,0.77,0.77,0.75,0.75,3147600
KBANK01C2610A,20260513,0.58,0.58,0.56,0.56,3409200
KBANK01C2702T,20260513,0.26,0.26,0.25,0.25,800100
KBANK01P2610A,20260513,0.61,0.61,0.6,0.61,3050300
KBANK13C2607B,20260513,0.27,0.27,0.25,0.25,6379200
KBANK13C2609A,20260513,0.71,0.72,0.67,0.67,993900
KBANK13P2609A,20260513,0.35,0.36,0.35,0.36,988000
KBANK19C2608A,20260513,0.13,0.13,0.12,0.12,5533600
KBANK19C2609A,20260513,0.55,0.55,0.52,0.52,714200
KBANK41C2609A,20260513,0.67,0.68,0.65,0.65,300400
KBANK41C2609T,20260513,0.72,0.72,0.71,0.71,960400
KBANK41C2703T,20260513,0.42,0.42,0.41,0.41,200
KCE13C2606A,20260513,1.32,1.51,1.18,1.46,3000
KCE13C2607A,20260513,2.16,2.42,1.77,2.22,566600
KCE13C2608A,20260513,1.16,1.29,1,1.19,94800
KCE13C2609A,20260513,0.43,0.52,0.4,0.47,2700900
KCE13P2608A,20260513,0.07,0.07,0.06,0.06,1089300
KCE19C2608B,20260513,1.25,1.59,1.25,1.59,1500
KCE19C2609A,20260513,0.43,0.49,0.35,0.45,5634700
KCE41C2607A,20260513,2.16,2.16,2.16,2.16,100
KCE41C2609A,20260513,0.47,0.47,0.47,0.47,121900
KCE41C2609T,20260513,1.18,1.31,1.18,1.31,1100
KCE41C2702T,20260513,0.31,0.34,0.29,0.34,2801800
KKP01C2610A,20260513,0.66,0.66,0.64,0.64,1822500
KKP01P2609A,20260513,0.26,0.27,0.26,0.27,2706700
KKP13C2609A,20260513,0.52,0.52,0.49,0.49,9755400
KKP13P2609A,20260513,0.32,0.33,0.32,0.33,1172000
KTB01C2608A,20260513,0.2,0.21,0.2,0.2,3596000
KTB01C2701T,20260513,0.31,0.31,0.31,0.31,4324700
KTB13C2606A,20260513,0.15,0.15,0.15,0.15,100
KTB13C2608A,20260513,0.14,0.15,0.13,0.13,4608200
KTB13P2609A,20260513,0.2,0.21,0.2,0.21,3197700
KTB19C2609T,20260513,0.39,0.39,0.39,0.39,657800
KTB41C2612T,20260513,0.45,0.45,0.45,0.45,2750300
KTC01C2607A,20260513,0.17,0.17,0.17,0.17,2183300
KTC01C2608A,20260513,0.08,0.08,0.08,0.08,6000
KTC01P2608A,20260513,0.25,0.25,0.25,0.25,1518000
KTC13C2607A,20260513,0.16,0.16,0.16,0.16,1035800
KTC19C2609T,20260513,0.18,0.18,0.18,0.18,243000
KTC41C2609T,20260513,0.18,0.18,0.18,0.18,25000
KUAISH28C2610A,20260513,0.51,0.51,0.5,0.51,4100
KUAISH41C2609A,20260513,0.13,0.14,0.13,0.14,1127800
KUAISH41C2609T,20260513,0.33,0.33,0.32,0.33,3200
LH13C2608A,20260513,0.1,0.1,0.1,0.1,221000
M01C2610T,20260513,0.04,0.04,0.04,0.04,500000
M13C2608A,20260513,0.05,0.05,0.05,0.05,30000
M13C2608B,20260513,0.24,0.27,0.24,0.25,5233000
MCA5041C2606A,20260513,0.72,0.82,0.72,0.82,49400
MEGA01C2702T,20260513,0.2,0.25,0.2,0.25,3631300
MEGA13C2608A,20260513,0.08,0.12,0.08,0.12,2639700
MEITUA28C2607A,20260513,0.11,0.13,0.11,0.12,1022500
MEITUA28C2609A,20260513,0.46,0.46,0.46,0.46,300
MEITUA41C2609A,20260513,0.47,0.5,0.47,0.48,1600
MINT01C2608A,20260513,0.03,0.03,0.02,0.02,146000
MINT01C2609A,20260513,0.36,0.36,0.3,0.32,9237600
MINT01P2609A,20260513,0.39,0.44,0.39,0.42,6772000
MINT13C2607A,20260513,0.02,0.02,0.02,0.02,817500
MINT13C2608A,20260513,0.21,0.21,0.18,0.18,1732500
MINT13C2608B,20260513,0.32,0.32,0.26,0.27,8017200
MINT41C2608A,20260513,0.18,0.18,0.16,0.17,55300
MTC01C2608A,20260513,0.1,0.11,0.09,0.09,622700
MTC01P2610A,20260513,0.36,0.36,0.35,0.36,3300400
MTC13C2607A,20260513,0.06,0.06,0.06,0.06,599700
MTC13C2608A,20260513,0.16,0.16,0.15,0.15,10007100
MTC13P2607A,20260513,0.18,0.18,0.17,0.18,3401000
MTC19C2608A,20260513,0.12,0.12,0.12,0.12,7740400
MTC41C2606T,20260513,0.01,0.01,0.01,0.01,300000
MTC41C2608A,20260513,0.14,0.14,0.13,0.14,50600
MTC41C2612T,20260513,0.19,0.2,0.19,0.2,2011200
NDX28C2609A,20260513,1.79,1.86,1.79,1.86,17100
NDX28P2609A,20260513,0.51,0.51,0.49,0.5,106200
NDX41C2606A,20260513,1.68,1.83,1.68,1.83,61900
NDX41C2606B,20260513,3.24,3.48,3.24,3.44,410000
NDX41C2609T,20260513,3.34,3.38,3.34,3.38,15000
NDX41P2609T,20260513,0.27,0.28,0.26,0.26,3892600
NIKKEI18C2606A,20260513,1.02,1.05,1,1.05,400
NIKKEI28C2606B,20260513,1.99,1.99,1.99,1.99,100
NIKKEI28C2606D,20260513,0.96,1,0.95,1,12400
NIKKEI28P2606B,20260513,0.03,0.03,0.03,0.03,16600
NIKKEI28P2606C,20260513,0.02,0.02,0.02,0.02,20000
NIKKEI28P2606D,20260513,0.07,0.07,0.06,0.07,257200
NIKKEI41C2606A,20260513,3,3,3,3,100
NIKKEI41C2606C,20260513,1.57,1.6,1.57,1.6,2600
NIKKEI41C2609A,20260513,1.46,1.46,1.46,1.46,100
NIKKEI41C2609B,20260513,1.17,1.17,1.17,1.17,100
NIKKEI41C2609C,20260513,1.02,1.06,1.01,1.06,2000
NIKKEI41P2609A,20260513,0.41,0.41,0.39,0.41,390200
NIKKEI41P2609C,20260513,0.28,0.28,0.27,0.27,40300
OR01C2608A,20260513,0.05,0.05,0.05,0.05,427000
OR01C2609A,20260513,0.22,0.25,0.22,0.25,1285500
OR01C2705T,20260513,0.21,0.21,0.21,0.21,380900
OR13C2608A,20260513,0.09,0.1,0.09,0.09,313000
OR13C2608B,20260513,0.19,0.22,0.19,0.2,3976600
OR19C2608A,20260513,0.19,0.21,0.19,0.2,283400
OR41C2608T,20260513,0.17,0.19,0.17,0.18,1826300
OSP01C2609A,20260513,0.2,0.21,0.2,0.21,200
OSP13C2607A,20260513,0.02,0.02,0.02,0.02,100000
OSP13C2608A,20260513,0.13,0.13,0.13,0.13,954500
OSP41C2701T,20260513,0.24,0.24,0.24,0.24,4900
PLANB13C2607A,20260513,0.31,0.37,0.31,0.36,4247000
PLANB13C2608A,20260513,0.24,0.28,0.24,0.28,11401500
PLANB19C2608A,20260513,0.56,0.65,0.56,0.65,2818700
PLANB41C2607A,20260513,0.32,0.36,0.32,0.36,4103200
PLANB41C2608A,20260513,0.24,0.26,0.23,0.26,1441200
PLANB41C2612T,20260513,0.18,0.19,0.18,0.19,400
POPMAR41C2609T,20260513,0.34,0.35,0.34,0.34,800
PRM01C2609A,20260513,0.42,0.42,0.37,0.38,3227900
PRM01C2702T,20260513,0.37,0.37,0.35,0.35,6246400
PRM13C2608A,20260513,0.3,0.31,0.26,0.28,10508000
PRM19C2701T,20260513,0.52,0.52,0.46,0.48,11638000
PRM41C2612T,20260513,0.6,0.6,0.55,0.56,1300400
PTG01C2704T,20260513,0.22,0.22,0.22,0.22,231500
PTG13C2607A,20260513,0.05,0.06,0.05,0.05,427300
PTG13C2608A,20260513,0.07,0.07,0.06,0.06,450300
PTG13C2608B,20260513,0.03,0.03,0.03,0.03,30700
PTG19C2609A,20260513,0.15,0.16,0.14,0.14,620300
PTG41C2701T,20260513,0.21,0.22,0.21,0.22,2200
PTT01C2607A,20260513,0.17,0.17,0.16,0.17,2396900
PTT01P2609A,20260513,0.14,0.14,0.14,0.14,410100
PTT13C2606A,20260513,0.19,0.19,0.19,0.19,20000
PTT13C2608A,20260513,0.13,0.13,0.12,0.13,4769900
PTT13C2609A,20260513,0.25,0.25,0.23,0.25,3105100
PTT13C2701T,20260513,0.3,0.3,0.28,0.3,5000
PTT13P2608A,20260513,0.11,0.11,0.1,0.1,604900
PTT41C2606A,20260513,0.2,0.2,0.19,0.2,161200
PTT41C2606T,20260513,0.33,0.33,0.33,0.33,10000
PTT41C2608A,20260513,0.11,0.11,0.11,0.11,46400
PTTEP01C2607A,20260513,0.94,0.96,0.94,0.96,98000
PTTEP01C2608A,20260513,0.48,0.5,0.48,0.48,415600
PTTEP01C2609A,20260513,0.32,0.33,0.32,0.32,1307200
PTTEP01C2703T,20260513,0.49,0.49,0.48,0.48,1273900
PTTEP01P2608A,20260513,0.32,0.32,0.3,0.31,1153700
PTTEP01P2703T,20260513,0.48,0.48,0.47,0.48,283600
PTTEP13C2608A,20260513,0.65,0.65,0.65,0.65,1000
PTTEP13C2608B,20260513,0.39,0.42,0.39,0.39,2411800
PTTEP13C2608C,20260513,0.21,0.23,0.21,0.21,2235600
PTTEP13P2608A,20260513,0.14,0.14,0.14,0.14,261100
PTTEP19C2608A,20260513,0.42,0.44,0.42,0.43,1085100
PTTEP19C2608B,20260513,0.22,0.24,0.22,0.23,905400
PTTEP41C2608B,20260513,0.4,0.4,0.39,0.39,400
PTTEP41C2608C,20260513,0.19,0.2,0.19,0.19,48200
PTTEP41C2703T,20260513,0.49,0.49,0.48,0.48,200
PTTGC01C2607A,20260513,0.5,0.54,0.5,0.52,648400
PTTGC01C2609A,20260513,0.32,0.33,0.31,0.32,2928400
PTTGC01C2704T,20260513,0.32,0.32,0.32,0.32,3547200
PTTGC01P2609A,20260513,0.1,0.1,0.09,0.09,402000
PTTGC13C2607A,20260513,0.71,0.71,0.71,0.71,3000
PTTGC13C2608A,20260513,0.47,0.5,0.47,0.5,1700
PTTGC13C2609A,20260513,0.37,0.38,0.36,0.36,5579400
PTTGC13P2608A,20260513,0.14,0.14,0.14,0.14,187200
PTTGC19C2608A,20260513,0.65,0.65,0.65,0.65,1000
PTTGC19C2609A,20260513,0.39,0.4,0.39,0.4,2426300
PTTGC41C2609A,20260513,0.35,0.36,0.35,0.36,200300
PTTGC41C2611T,20260513,0.42,0.43,0.42,0.43,200300
PTTGC41C2702T,20260513,0.34,0.34,0.34,0.34,100
RCL01C2608A,20260513,0.21,0.21,0.18,0.18,4434300
RCL01C2610T,20260513,0.35,0.35,0.33,0.33,3456700
RCL13C2608A,20260513,0.18,0.18,0.16,0.17,6631700
RCL19C2609A,20260513,0.22,0.22,0.19,0.19,4624000
RCL41C2612T,20260513,0.26,0.26,0.25,0.26,400
SAWAD01C2606A,20260513,0.03,0.03,0.03,0.03,1200
SAWAD01C2607A,20260513,0.01,0.02,0.01,0.02,148100
SAWAD01C2609A,20260513,0.08,0.08,0.08,0.08,100
SAWAD01C2609B,20260513,0.29,0.3,0.29,0.29,1184400
SAWAD01P2606A,20260513,0.02,0.02,0.02,0.02,4500
SAWAD01P2608A,20260513,0.33,0.33,0.33,0.33,1362900
SAWAD13C2607B,20260513,0.09,0.09,0.08,0.09,167000
SAWAD13C2609A,20260513,0.3,0.32,0.3,0.32,4482200
SAWAD13P2608A,20260513,0.23,0.23,0.23,0.23,229600
SAWAD41C2607A,20260513,0.04,0.04,0.04,0.04,100
SAWAD41C2609A,20260513,0.28,0.28,0.28,0.28,100
SAWAD41C2610T,20260513,0.21,0.21,0.21,0.21,100
SCB01C2607A,20260513,0.13,0.13,0.12,0.12,1148100
SCB01C2608A,20260513,0.11,0.11,0.1,0.11,118200
SCB01C2610A,20260513,0.29,0.29,0.29,0.29,200600
SCB01P2607A,20260513,0.14,0.15,0.14,0.15,800100
SCB01P2610A,20260513,0.55,0.55,0.55,0.55,231400
SCB13C2607B,20260513,0.06,0.06,0.06,0.06,2000
SCB13C2609A,20260513,0.24,0.25,0.24,0.25,441200
SCB13P2607A,20260513,0.16,0.16,0.16,0.16,1392800
SCB13P2609A,20260513,0.46,0.46,0.45,0.45,1274100
SCB19C2612T,20260513,0.29,0.29,0.29,0.29,286200
SCB41C2609T,20260513,0.41,0.41,0.41,0.41,150300
SCC01C2607A,20260513,0.19,0.21,0.19,0.19,4109600
SCC01C2609A,20260513,1.59,1.67,1.59,1.61,304600
SCC01C2609B,20260513,0.59,0.63,0.59,0.63,400
SCC01C2610A,20260513,0.5,0.53,0.5,0.51,1673900
SCC01C2704T,20260513,0.46,0.47,0.46,0.46,1159100
SCC01P2607A,20260513,0.1,0.1,0.1,0.1,972000
SCC01P2610A,20260513,0.48,0.48,0.46,0.47,1376400
SCC13C2607A,20260513,0.32,0.35,0.32,0.32,2508200
SCC13C2609A,20260513,0.33,0.35,0.32,0.32,2358200
SCC13P2607A,20260513,0.06,0.06,0.05,0.06,73200
SCC19C2607A,20260513,0.19,0.21,0.19,0.19,7259800
SCC41C2611T,20260513,0.29,0.3,0.29,0.3,200
SCGP01C2608A,20260513,0.65,0.67,0.63,0.67,1298200
SCGP01C2609A,20260513,1.04,1.11,1.04,1.06,859800
SCGP01P2608A,20260513,0.05,0.05,0.03,0.05,1200
SCGP13C2607A,20260513,0.49,0.54,0.49,0.51,30600
SCGP13C2608A,20260513,1.1,1.1,1.05,1.05,200
SCGP13P2608A,20260513,0.04,0.04,0.03,0.04,202100
SCGP41C2606T,20260513,0.46,0.49,0.46,0.49,200200
SCGP41C2608A,20260513,1,1.05,1,1.05,200200
SCGP41C2609T,20260513,0.85,0.87,0.85,0.87,200200
SET01C2606L,20260513,3.7,3.7,3.7,3.7,200
SET01C2607A,20260513,1.02,1.38,1.01,1.34,1165100
SET01C2607B,20260513,0.17,0.25,0.17,0.24,914400
SET01C2706L,20260513,1.88,1.92,1.88,1.92,5000
SET01P2606L,20260513,0.41,0.41,0.36,0.36,1328700
SET01P2607A,20260513,0.04,0.04,0.02,0.03,121100
SET01P2607B,20260513,0.12,0.12,0.09,0.09,4209400
SET01P2706L,20260513,1.53,1.53,1.5,1.5,7300
SET5001C2606F,20260513,0.49,0.64,0.49,0.56,227300
SET5001C2606G,20260513,0.1,0.14,0.1,0.12,1986400
SET5001C2606H,20260513,0.08,0.09,0.08,0.09,264600
SET5001C2606I,20260513,0.53,0.63,0.52,0.57,9556200
SET5001C2606J,20260513,0.76,0.87,0.76,0.82,9650900
SET5001C2607A,20260513,0.41,0.54,0.41,0.51,188800
SET5001C2607B,20260513,0.04,0.05,0.04,0.04,759200
SET5001C2607C,20260513,0.5,0.56,0.49,0.55,2501100
SET5001P2606G,20260513,0.03,0.03,0.02,0.03,222000
SET5001P2606H,20260513,0.13,0.13,0.11,0.13,5162600
SET5001P2607B,20260513,0.19,0.19,0.16,0.16,200000
SET5001P2607C,20260513,0.15,0.15,0.13,0.13,4800
SET5013C2606A,20260513,0.39,0.55,0.39,0.49,1643200
SET5013C2606B,20260513,0.22,0.3,0.22,0.25,9149700
SET5013C2606C,20260513,0.12,0.18,0.12,0.15,8581200
SET5013C2606D,20260513,0.1,0.14,0.1,0.12,9494600
SET5013C2606E,20260513,0.08,0.1,0.08,0.08,560900
SET5013C2606F,20260513,0.05,0.06,0.05,0.06,1474100
SET5013C2606G,20260513,0.05,0.05,0.03,0.03,405600
SET5013C2606H,20260513,0.15,0.21,0.15,0.17,16478500
SET5013C2606I,20260513,0.25,0.34,0.25,0.29,219482600
SET5013C2606J,20260513,0.49,0.6,0.48,0.53,35141300
SET5013C2606K,20260513,0.59,0.75,0.59,0.66,125698500
SET5013C2606L,20260513,0.25,0.34,0.24,0.28,236133300
SET5013P2606A,20260513,0.01,0.01,0.01,0.01,825500
SET5013P2606B,20260513,0.01,0.02,0.01,0.02,1196200
SET5013P2606C,20260513,0.03,0.04,0.02,0.04,115200
SET5013P2606D,20260513,0.01,0.02,0.01,0.01,35100
SET5013P2606E,20260513,0.03,0.04,0.03,0.04,328500
SET5013P2606F,20260513,0.04,0.05,0.04,0.05,40100
SET5013P2606G,20260513,0.41,0.41,0.32,0.36,170614000
SET5013P2606H,20260513,0.02,0.02,0.02,0.02,115000
SET5013P2606I,20260513,0.02,0.03,0.02,0.03,570000
SET5013P2606J,20260513,0.01,0.01,0.01,0.01,1268000
SET5013P2606K,20260513,0.05,0.05,0.04,0.04,199800
SET5013P2606L,20260513,0.12,0.12,0.09,0.1,23760400
SET5013P2606M,20260513,0.2,0.2,0.16,0.17,53538200
SET5013P2606N,20260513,0.31,0.31,0.25,0.27,157375800
SET5013P2606O,20260513,0.41,0.41,0.33,0.36,407460800
SET5013P2606X,20260513,4.24,4.24,4.1,4.22,1265100
SET5019C2606A,20260513,0.4,0.53,0.4,0.46,8366900
SET5019C2606B,20260513,0.24,0.34,0.24,0.29,44736400
SET5019C2606C,20260513,0.07,0.09,0.07,0.08,5425300
SET5019C2606D,20260513,0.43,0.56,0.42,0.48,37326000
SET5019C2606E,20260513,0.27,0.38,0.27,0.32,75163800
SET5019C2606F,20260513,0.21,0.28,0.2,0.24,57804600
SET5019P2606A,20260513,0.05,0.05,0.05,0.05,100
SET5019P2606D,20260513,0.04,0.05,0.03,0.05,1115900
SET5019P2606E,20260513,0.11,0.11,0.09,0.1,2646700
SET5019P2606F,20260513,0.35,0.36,0.28,0.31,54052500
SET5041C2606B,20260513,0.24,0.3,0.24,0.29,1010000
SET5041C2606E,20260513,0.1,0.1,0.1,0.1,20000
SET5041C2606F,20260513,0.05,0.05,0.05,0.05,1000000
SET5041C2606H,20260513,0.19,0.19,0.19,0.19,60200
SET5041C2606I,20260513,0.24,0.31,0.24,0.28,94300
SET5041C2606J,20260513,0.39,0.5,0.39,0.44,5272300
SET5041C2606K,20260513,0.55,0.61,0.54,0.54,11625300
SET5041C2609T,20260513,1.07,1.1,1.07,1.07,1114000
SET5041P2606A,20260513,0.09,0.09,0.06,0.06,4000
SET5041P2606F,20260513,0.23,0.23,0.19,0.2,660000
SET5041P2606N,20260513,0.27,0.27,0.26,0.27,10800
SET5041P2606O,20260513,0.36,0.36,0.32,0.35,58237500
SET5041P2609T,20260513,0.24,0.24,0.23,0.23,48600
SISB13C2608A,20260513,0.11,0.11,0.1,0.1,1181600
SISB19C2612A,20260513,0.23,0.23,0.23,0.23,45000
SJWD13C2608A,20260513,0.18,0.18,0.17,0.18,311500
SPALI13C2608A,20260513,0.11,0.11,0.11,0.11,2000
SPRC01C2607A,20260513,0.11,0.12,0.11,0.12,1371200
SPRC01C2610A,20260513,0.24,0.25,0.24,0.25,1537300
SPRC01C2703T,20260513,0.22,0.22,0.22,0.22,427400
SPRC13C2607A,20260513,0.11,0.12,0.11,0.11,1900000
SPRC13C2608A,20260513,0.11,0.11,0.11,0.11,1014400
SPRC13C2609A,20260513,0.26,0.27,0.26,0.26,2456700
SPRC19C2609A,20260513,0.27,0.28,0.27,0.28,3481200
SPRC41C2606T,20260513,0.12,0.12,0.11,0.12,3050100
SPRC41C2607A,20260513,0.11,0.11,0.1,0.1,4000
SPRC41C2612T,20260513,0.52,0.53,0.52,0.53,200
SPX28C2606A,20260513,0.59,0.59,0.59,0.59,350000
SPX41C2606A,20260513,0.78,0.82,0.78,0.81,780300
SPX41C2606B,20260513,1.69,1.69,1.68,1.68,40000
SPX41P2606A,20260513,0.1,0.1,0.1,0.1,845000
STA01C2607A,20260513,0.83,0.92,0.83,0.89,1841900
STA01C2609A,20260513,0.61,0.65,0.59,0.61,416000
STA13C2608A,20260513,0.74,0.81,0.73,0.79,1329900
STA13C2608B,20260513,0.5,0.55,0.49,0.52,7462800
STA41C2612T,20260513,0.47,0.49,0.47,0.48,3801200
STECON01C2609A,20260513,0.26,0.28,0.23,0.25,10561500
STECON13C2609A,20260513,0.26,0.28,0.24,0.26,5584300
STGT01C2608A,20260513,0.84,0.97,0.81,0.87,1359200
STGT13C2607A,20260513,0.85,0.99,0.82,0.82,400
STGT13C2607B,20260513,0.21,0.27,0.2,0.23,12507400
STGT19C2609A,20260513,0.47,0.47,0.47,0.47,66600
STGT41C2606T,20260513,0.25,0.28,0.24,0.25,5301000
TCAP13C2609A,20260513,0.33,0.35,0.31,0.31,4282400
TENCEN28C2610A,20260513,0.11,0.11,0.11,0.11,600000
TFG13C2606A,20260513,1.61,1.61,1.61,1.61,300
TFG13C2608A,20260513,1.24,1.24,1.21,1.24,5700
TFG13C2609A,20260513,0.59,0.61,0.5,0.61,22095900
TFG41C2606A,20260513,1.79,1.79,1.77,1.79,100500
TFG41C2609A,20260513,0.55,0.57,0.55,0.57,250200
TFG41C2612T,20260513,1.93,1.93,1.93,1.93,100000
TFG41C2701T,20260513,0.67,0.68,0.61,0.68,182700
TIDLOR01C2608A,20260513,0.08,0.08,0.08,0.08,100
TIDLOR01C2609A,20260513,0.36,0.38,0.35,0.38,4944800
TIDLOR01C2610T,20260513,0.13,0.13,0.13,0.13,707300
TIDLOR13C2607A,20260513,0.05,0.05,0.05,0.05,170000
TIDLOR13C2608A,20260513,0.24,0.26,0.24,0.25,19711000
TIDLOR13C2701T,20260513,0.24,0.24,0.24,0.24,978000
TIDLOR13P2608A,20260513,0.29,0.29,0.29,0.29,37000
TIDLOR19C2609T,20260513,0.11,0.12,0.11,0.12,7670900
TIDLOR19C2612T,20260513,0.33,0.35,0.33,0.35,5471400
TIDLOR41C2608A,20260513,0.22,0.24,0.22,0.24,480500
TISCO13C2607A,20260513,0.1,0.1,0.09,0.1,5763100
TLI01C2609A,20260513,0.18,0.19,0.18,0.19,2874200
TLI13C2609A,20260513,0.2,0.2,0.2,0.2,916800
TOA01C2702T,20260513,0.21,0.21,0.19,0.2,613400
TOP01C2608A,20260513,0.13,0.16,0.13,0.14,1397500
TOP01C2609A,20260513,0.08,0.09,0.08,0.08,353900
TOP01C2610A,20260513,0.31,0.34,0.31,0.33,2211000
TOP01C2701T,20260513,0.32,0.34,0.32,0.33,769400
TOP01P2607A,20260513,0.13,0.13,0.11,0.12,2379400
TOP01P2609A,20260513,0.62,0.62,0.61,0.61,200
TOP01P2609B,20260513,0.52,0.52,0.49,0.5,1799400
TOP13C2607A,20260513,0.15,0.17,0.15,0.16,6449300
TOP13C2608A,20260513,0.11,0.12,0.11,0.12,3762100
TOP13C2609A,20260513,0.31,0.34,0.31,0.33,8957700
TOP13P2608A,20260513,0.43,0.43,0.39,0.4,2920800
TOP19C2608A,20260513,0.18,0.2,0.18,0.2,1235100
TOP19C2612T,20260513,0.68,0.72,0.68,0.71,1847400
TOP41C2608A,20260513,0.11,0.11,0.11,0.11,5000
TOP41C2611T,20260513,0.53,0.55,0.53,0.55,2100
TOP41C2703T,20260513,0.29,0.29,0.29,0.29,100
TRUE01C2606T,20260513,0.04,0.06,0.04,0.05,786900
TRUE01C2607A,20260513,0.4,0.41,0.4,0.4,18000
TRUE01C2608A,20260513,0.2,0.22,0.2,0.21,5699200
TRUE01C2703T,20260513,0.28,0.3,0.28,0.28,2046400
TRUE01P2608A,20260513,0.22,0.23,0.2,0.22,3462100
TRUE13C2607A,20260513,0.37,0.38,0.33,0.36,1295600
TRUE13C2607B,20260513,0.37,0.41,0.37,0.39,8305000
TRUE13C2608A,20260513,0.21,0.23,0.2,0.22,4324600
TRUE13P2608A,20260513,0.2,0.2,0.19,0.2,2111100
TRUE19C2608A,20260513,0.2,0.22,0.2,0.22,9535800
TRUE41C2607A,20260513,0.33,0.36,0.33,0.33,210100
TRUE41C2607B,20260513,0.32,0.35,0.32,0.33,2151300
TRUE41C2612T,20260513,0.35,0.36,0.34,0.35,12698200
TTB01C2608A,20260513,0.1,0.1,0.09,0.09,674100
TTB13C2608A,20260513,0.08,0.08,0.07,0.07,800000
TTB13C2609A,20260513,0.17,0.17,0.16,0.17,1334800
TU01C2609A,20260513,0.11,0.11,0.11,0.11,707900
TU13C2607A,20260513,0.03,0.03,0.03,0.03,100
TU13C2608A,20260513,0.12,0.12,0.12,0.12,8100
TU13P2608A,20260513,0.16,0.16,0.16,0.16,150400
VGI01C2608A,20260513,0.06,0.06,0.06,0.06,10000
VGI01C2609A,20260513,0.17,0.17,0.17,0.17,2000
VGI13C2607A,20260513,0.02,0.03,0.02,0.03,12800
VGI13C2608A,20260513,0.03,0.04,0.03,0.04,423200
VGI13C2608B,20260513,0.1,0.1,0.1,0.1,1133500
VGI19C2607A,20260513,0.07,0.07,0.07,0.07,1200
VGI19C2609A,20260513,0.16,0.16,0.16,0.16,3432200
VGI41C2612T,20260513,0.01,0.01,0.01,0.01,1000000
WHA01C2608A,20260513,0.3,0.36,0.3,0.36,7217700
WHA01C2610T,20260513,0.7,0.75,0.7,0.75,4260900
WHA01P2608A,20260513,0.21,0.21,0.19,0.19,4049000
WHA13C2608A,20260513,0.39,0.45,0.39,0.44,3285500
WHA13C2701T,20260513,0.63,0.65,0.63,0.65,880000
WHA13P2608A,20260513,0.23,0.23,0.21,0.21,1223400
WHA19C2607A,20260513,0.31,0.37,0.31,0.37,2895400
WHA41C2608A,20260513,0.37,0.42,0.37,0.42,336700
WHA41C2612T,20260513,0.41,0.43,0.41,0.43,177200
WUXI41C2609A,20260513,0.17,0.18,0.17,0.18,600
XIAOMI28C2606A,20260513,0.01,0.01,0.01,0.01,10300
XIAOMI28C2609A,20260513,0.26,0.29,0.26,0.28,1500600
XIAOMI41C2606A,20260513,0.06,0.06,0.06,0.06,150000
XIAOMI41C2609T,20260513,0.3,0.32,0.3,0.31,172700
ZIJIN41C2610A,20260513,0.54,0.55,0.53,0.53,300
ACC-W2-O,20260513,0.08,0.08,0.08,0.08,66
ASW-W3-O,20260513,0.54,0.64,0.54,0.64,14
BWG-W7-O,20260513,0.04,0.05,0.04,0.04,759
CHAYO-W4-O,20260513,0.28,0.28,0.14,0.26,316
COMAN-W1-O,20260513,0.05,0.05,0.05,0.05,50
DEMCO-W8-O,20260513,0.42,0.42,0.17,0.41,151
EA-W1-O,20260513,0.5,0.53,0.5,0.5,357
EMPIRE-W1-O,20260513,0.03,0.03,0.03,0.03,60
EMPIRE-W2-O,20260513,0.08,0.08,0.08,0.08,140
IROYAL-W1-O,20260513,1.06,1.06,1.06,1.06,1
ITEL-W6-O,20260513,0.16,0.17,0.16,0.17,203
JAS-W4-O,20260513,0.26,0.26,0.23,0.23,279
K-W3-O,20260513,0.01,0.01,0.01,0.01,31
KASET-W1-O,20260513,0.16,0.16,0.15,0.15,47
MGI-W1-O,20260513,0.2,0.2,0.13,0.13,90
NOBLE-W3-O,20260513,0.1,0.1,0.1,0.1,66
ORI-W2-O,20260513,0.25,0.26,0.25,0.25,319
PLANET-W2-O,20260513,0.26,0.26,0.26,0.26,10
PPPM-W6-O,20260513,0.1,0.1,0.1,0.1,39
PRG-W5-O,20260513,3.8,4,3.8,4,106
PROEN-W2-O,20260513,0.05,0.05,0.05,0.05,41
SAAM-W3-O,20260513,0.01,0.1,0.01,0.1,108
SAAM-W4-O,20260513,0.13,0.13,0.09,0.09,50
SAMTEL-W2-O,20260513,0.29,0.5,0.29,0.34,182
TEAMG-W1-O,20260513,0.01,0.01,0.01,0.01,3
TFG-W4-O,20260513,6,6.1,5.75,6.1,181
TGE-W2-O,20260513,0.02,0.02,0.02,0.02,80
TL-W2-O,20260513,0.05,0.09,0.05,0.09,1160
TNITY-W2-O,20260513,0.15,0.15,0.15,0.15,100
VGI-W3-O,20260513,0.01,0.01,0.01,0.01,20
VIBHA-W5-O,20260513,0.05,0.05,0.04,0.05,676
ZIGA-W2-O,20260513,0.05,0.06,0.05,0.05,492
A5-W5,20260513,0.05,0.06,0.04,0.05,977300
ACC-W2,20260513,0.09,0.1,0.08,0.1,5813500
ASW-W3,20260513,0.68,0.69,0.68,0.69,3600
BC-W4,20260513,0.06,0.06,0.05,0.06,66300
BTC-W7,20260513,0.01,0.01,0.01,0.01,2700
BWG-W7,20260513,0.04,0.05,0.04,0.04,1204800
CAZ-W1,20260513,0.68,0.69,0.66,0.66,208500
CHASE-W1,20260513,0.15,0.16,0.13,0.14,574500
CHAYO-W4,20260513,0.28,0.29,0.26,0.27,2093500
CIG-W9,20260513,0.01,0.02,0.01,0.02,100200
COMAN-W1,20260513,0.07,0.07,0.06,0.07,241100
DCON-W4,20260513,0.01,0.01,0.01,0.01,100
DEMCO-W8,20260513,0.41,0.44,0.41,0.42,10206300
EA-W1,20260513,0.53,0.54,0.52,0.52,1830700
EMPIRE-W1,20260513,0.04,0.05,0.03,0.05,4116500
EMPIRE-W2,20260513,0.09,0.1,0.08,0.1,179100
GLORY-W1,20260513,0.27,0.27,0.23,0.25,2238400
HYDRO-W2,20260513,0.08,0.09,0.07,0.08,291600
IMH-W1,20260513,0.01,0.01,0.01,0.01,1000
IROYAL-W1,20260513,1.03,1.09,1.01,1.08,383600
IROYAL-W2,20260513,0.83,0.89,0.8,0.85,84900
ITEL-W5,20260513,0.01,0.01,0.01,0.01,500
ITEL-W6,20260513,0.16,0.18,0.16,0.17,2525200
JAS-W4,20260513,0.25,0.27,0.23,0.24,60420900
K-W3,20260513,0.01,0.01,0.01,0.01,200
KASET-W1,20260513,0.16,0.17,0.14,0.15,1041200
KGEN-W2,20260513,0.09,0.09,0.07,0.08,6141500
KUN-W3,20260513,0.04,0.04,0.04,0.04,900
MADAME-W6,20260513,0.09,0.09,0.08,0.08,76600
MGI-W1,20260513,0.22,0.22,0.13,0.14,21986100
NOBLE-W3,20260513,0.11,0.12,0.1,0.12,1763200
NRF-W2,20260513,0.05,0.06,0.05,0.06,180600
ORI-W2,20260513,0.26,0.27,0.26,0.26,238600
PEER-W2,20260513,0.01,0.01,0.01,0.01,700
PLANET-W2,20260513,0.28,0.32,0.25,0.31,94500
PLANET-W3,20260513,0.3,0.34,0.21,0.34,34700
PPPM-W6,20260513,0.04,0.1,0.04,0.09,6127500
PRG-W5,20260513,4,4,4,4,200
PROEN-W2,20260513,0.08,0.08,0.07,0.07,3132900
PROUD-W3,20260513,0.13,0.14,0.13,0.13,175200
PSTC-W3,20260513,0.04,0.05,0.04,0.04,880400
QDC-W3,20260513,0.08,0.08,0.08,0.08,1000
ROCTEC-W5,20260513,0.01,0.01,0.01,0.01,133400
SAAM-W3,20260513,0.16,0.16,0.14,0.16,497200
SAAM-W4,20260513,0.15,0.15,0.14,0.14,722100
SAMTEL-W2,20260513,0.25,0.41,0.25,0.36,4911100
SGC-W2,20260513,0.24,0.26,0.24,0.26,235800
STELLA-W6,20260513,0.03,0.03,0.03,0.03,2458600
TAKUNI-W2,20260513,0.28,0.29,0.24,0.26,102200
TCC-W5,20260513,0.17,0.17,0.17,0.17,500
TEAMG-W1,20260513,0.01,0.02,0.01,0.02,4208100
TFG-W4,20260513,6,6.25,5.65,6.1,2056500
TGE-W2,20260513,0.03,0.04,0.02,0.03,705700
TL-W2,20260513,0.07,0.1,0.06,0.09,23318900
TNITY-W2,20260513,0.15,0.17,0.15,0.17,36100
TRUBB-W3,20260513,0.65,0.65,0.63,0.64,1415800
UREKA-W3,20260513,0.16,0.16,0.16,0.16,140500
VGI-W3,20260513,0.02,0.02,0.01,0.01,7115400
VIBHA-W5,20260513,0.05,0.06,0.05,0.06,42900
VIH-W1,20260513,0.73,0.74,0.73,0.74,1000
WAVE-W4,20260513,0.01,0.01,0.01,0.01,100
XBIO-W6,20260513,0.03,0.03,0.02,0.02,35300
XBIO-W7,20260513,0.01,0.02,0.01,0.01,137800
XBIO-W8,20260513,0.17,0.19,0.17,0.18,778900
ZIGA-W2,20260513,0.06,0.07,0.05,0.05,3426800
1DIV-O,20260513,12.38,12.38,12.38,12.38,30
2X01BSET50-O,20260513,7.23,7.23,7.23,7.23,5
BMSCITH-O,20260513,12.5,12.5,12.5,12.5,1
BSET100-O,20260513,10.95,10.96,10.95,10.96,70
GLD-O,20260513,6.01,6.05,6,6.03,350
TDEX-O,20260513,9.72,9.75,9.71,9.71,181
UBOT-O,20260513,15.18,15.18,15.18,15.18,11
UHERO-O,20260513,5.81,5.81,5.81,5.81,70
1DIV,20260513,12.4,12.48,12.38,12.48,5800
1I01BSET50,20260513,3.84,3.84,3.81,3.81,800
2I01BSET50,20260513,2.93,2.95,2.87,2.89,1507300
2X01BSET50,20260513,7.16,7.32,7.16,7.28,508900
BMSCITH,20260513,12.33,12.58,12.33,12.54,193100
BSET100,20260513,10.93,10.99,10.93,10.96,74900
CHINA,20260513,7.61,7.71,7.61,7.67,486500
GLD,20260513,6.01,6.03,6,6.01,859500
TDEX,20260513,9.69,9.76,9.66,9.72,1953100
UBOT,20260513,15.39,15.39,15.19,15.19,1300
UHERO,20260513,8.11,8.11,8.11,8.11,1200
2S-O,20260513,3.08,3.08,3.06,3.06,83
3BBIF-O,20260513,6.5,6.65,6.5,6.6,552
88TH-O,20260513,4.5,4.5,4.3,4.3,154
AAI-O,20260513,3.4,3.42,3.38,3.42,67
AAV-O,20260513,1.06,1.06,1.05,1.05,601
ABM-O,20260513,0.46,0.46,0.43,0.46,37
ACC-O,20260513,0.39,0.39,0.38,0.38,13
ACE-O,20260513,1.28,1.28,1.27,1.27,8
ADB-O,20260513,0.61,0.61,0.6,0.6,20
ADD-O,20260513,3.32,3.32,3.32,3.32,1
ADVANC-O,20260513,351,360,350,356,8546
ADVICE-O,20260513,5.9,5.95,5.9,5.95,130
AE-O,20260513,0.12,0.13,0.1,0.11,600
AEONTS-O,20260513,92.25,92.75,92.25,92.5,123
AFC-O,20260513,2.54,2.54,2.54,2.54,10
AGE-O,20260513,1.23,1.23,1.2,1.2,48
AH-O,20260513,13.4,13.6,13.4,13.6,17
AHC-O,20260513,12.4,12.6,12.3,12.3,9
AI-O,20260513,2.92,2.92,2.9,2.9,28
AIE-O,20260513,1.16,1.16,1.16,1.16,41
AIMCG-O,20260513,1.3,1.3,1.3,1.3,1
AIMIRT-O,20260513,11.6,14,11.5,11.5,87
AIRA-O,20260513,1.04,1.04,1.04,1.04,1
AIT-O,20260513,4.72,4.72,4.7,4.72,278
AJA-O,20260513,0.14,0.14,0.14,0.14,50
AKP-O,20260513,0.49,0.7,0.49,0.7,14
AKR-O,20260513,0.85,0.86,0.84,0.84,194
ALLA-O,20260513,1.16,1.16,1.16,1.16,1
ALLY-O,20260513,4.68,4.68,4.68,4.68,39
ALT-O,20260513,1.19,1.19,1.19,1.19,30
ALUCON-O,20260513,228,228,228,228,7
AMA-O,20260513,3.96,3.96,3.88,3.9,31
AMANAH-O,20260513,0.62,0.63,0.61,0.63,77
AMARC-O,20260513,4.24,4.24,3.9,3.9,435
AMATA-O,20260513,20.5,20.5,20.3,20.5,562
AMATAR-O,20260513,7.05,7.05,7,7,24
AMATAV-O,20260513,1.91,1.91,1.91,1.91,2
AMC-O,20260513,2.42,2.42,2.42,2.42,4
AMR-O,20260513,0.34,0.34,0.26,0.26,32
ANI-O,20260513,2.5,2.5,2.5,2.5,1
AOT-O,20260513,51.5,52.25,51.5,51.75,1722
AP-O,20260513,7.6,7.6,7.5,7.55,1633
APCS-O,20260513,1.45,1.45,1.45,1.45,6
APO-O,20260513,2.26,2.38,2.26,2.3,15
APP-O,20260513,2.52,2.52,2.52,2.52,2
APURE-O,20260513,2.1,2.1,1.97,1.99,417
AQUA-O,20260513,0.07,0.11,0.07,0.11,112
ARIN-O,20260513,0.49,0.49,0.49,0.49,3
ARROW-O,20260513,5,5.05,5,5.05,2
AS-O,20260513,2.76,2.76,2.76,2.76,13
ASEFA-O,20260513,4.06,4.08,4.04,4.08,101
ASIA-O,20260513,5.3,5.3,5.3,5.3,4
ASIAN-O,20260513,6.95,7,6.95,6.95,123
ASIMAR-O,20260513,1.41,1.41,1.41,1.41,13
ASK-O,20260513,8.85,8.9,8.7,8.9,3
ASN-O,20260513,0.74,0.74,0.74,0.74,10
ASP-O,20260513,2.14,2.14,2.14,2.14,41
ASW-O,20260513,7.3,7.3,6.35,7,63
ATLAS-O,20260513,1.84,1.84,1.83,1.84,119
AU-O,20260513,4.44,4.44,4.4,4.4,134
AUCT-O,20260513,4.38,4.38,4.34,4.38,130
AURA-O,20260513,14.1,14.2,13.6,13.8,725
AWC-O,20260513,2.12,2.16,2.1,2.1,636
AXTRART-O,20260513,13.1,13.1,13.1,13.1,27
AYUD-O,20260513,37,37,36.5,36.75,79
B-O,20260513,0.03,0.04,0.03,0.04,99
B-WORK-O,20260513,6,6.1,6,6.1,4
B52-O,20260513,0.22,0.22,0.17,0.22,51
BA-O,20260513,14.1,14.1,13.9,14,293
BAFS-O,20260513,8.4,8.4,8.4,8.4,1
BAM-O,20260513,6.55,6.65,6.5,6.55,697
BANPU-O,20260513,5.55,5.65,5.55,5.6,1161
BAREIT-O,20260513,10.7,10.7,10.7,10.7,2
BAY-O,20260513,27.25,27.5,27.25,27.5,380
BBGI-O,20260513,4.08,4.16,4.08,4.12,24
BBIK-O,20260513,17.6,17.6,17.3,17.6,62
BBL-O,20260513,163.5,164,163,163.5,1275
BCH-O,20260513,9.2,9.25,9.15,9.2,645
BCP-O,20260513,35.25,35.25,34.5,35,920
BCPG-O,20260513,7.35,7.45,5.15,7.4,727
BCT-O,20260513,45,45,45,45,1
BDMS-O,20260513,18.4,18.4,18.2,18.3,12972
BE8-O,20260513,4.78,4.78,4.74,4.76,81
BEAUTY-O,20260513,0.37,0.37,0.36,0.36,138
BEC-O,20260513,1.78,1.78,1.76,1.76,411
BEM-O,20260513,5.3,5.35,5.25,5.35,496
BGC-O,20260513,5.75,5.8,5.65,5.65,93
BGRIM-O,20260513,13.5,13.6,13.2,13.3,807
BH-O,20260513,176.5,177,175.5,176,1177
BIG-O,20260513,0.27,0.28,0.27,0.28,67
BIS-O,20260513,2.02,2.02,2.02,2.02,10
BIZ-O,20260513,4.74,4.8,4.74,4.8,37
BJC-O,20260513,14.3,14.4,14.2,14.3,263
BJCHI-O,20260513,0.67,0.67,0.6,0.66,83
BKD-O,20260513,0.76,0.76,0.76,0.76,37
BKGI-O,20260513,1.41,1.41,1.41,1.41,2
BKIH-O,20260513,349,349,341,341,68
BLA-O,20260513,20.9,21,20.6,21,76
BLAND-O,20260513,0.45,0.45,0.45,0.45,14
BLC-O,20260513,3.8,3.8,3.8,3.8,4
BM-O,20260513,1.02,1.02,1.02,1.02,3
BOL-O,20260513,3.5,5.3,3.5,5,80
BPP-O,20260513,11.7,11.7,11.6,11.6,151
BRI-O,20260513,1.28,1.28,1.27,1.27,93
BROCK-O,20260513,1.17,1.17,1.17,1.17,10
BRR-O,20260513,3.6,3.6,3.6,3.6,52
BRRGIF-O,20260513,3.78,3.78,3.78,3.78,1
BSM-O,20260513,0.26,0.33,0.26,0.33,33
BTC-O,20260513,0.18,0.18,0.17,0.18,117
BTG-O,20260513,20.4,22,20,20.2,911
BTS-O,20260513,2.06,2.1,2.06,2.06,871
BTSGIF-O,20260513,1.85,3,1.85,2.64,56
BUI-O,20260513,11,11,10.7,10.7,5
BVG-O,20260513,1.6,1.6,1.6,1.6,1
BWG-O,20260513,0.3,0.34,0.3,0.3,21
BYD-O,20260513,0.48,0.48,0.48,0.48,2
CAZ-O,20260513,1.69,1.69,1.69,1.69,5
CBG-O,20260513,39.75,40.25,39,40.25,1100
CCET-O,20260513,5.9,6.2,5.85,6.2,728
CCP-O,20260513,0.25,0.25,0.25,0.25,2
CENTEL-O,20260513,31.25,31.25,30.75,30.75,811
CFRESH-O,20260513,0.83,0.83,0.83,0.83,60
CGD-O,20260513,0.12,0.12,0.12,0.12,55
CGH-O,20260513,0.47,0.47,0.47,0.47,58
CH-O,20260513,1.5,1.5,1.5,1.5,11
CHAO-O,20260513,4.46,4.48,4.46,4.48,102
CHAYO-O,20260513,1.14,1.15,0.82,1.1,374
CHEWA-O,20260513,0.16,0.18,0.16,0.18,9
CHG-O,20260513,1.37,1.37,1.33,1.34,1400
CITY-O,20260513,1.17,1.17,1.17,1.17,10
CK-O,20260513,17.7,17.9,17.6,17.7,443
CKP-O,20260513,2.34,2.34,2.28,2.32,334
CM-O,20260513,1.59,1.6,1.59,1.6,5
CMAN-O,20260513,2.8,2.8,2.76,2.76,10
CMC-O,20260513,0.32,0.32,0.32,0.32,22
CMO-O,20260513,0.62,0.62,0.62,0.62,4
CMR-O,20260513,0.91,0.91,0.91,0.91,2
CNT-O,20260513,1.32,1.49,1.32,1.49,604
COCOCO-O,20260513,5.45,5.6,5.45,5.6,144
COM7-O,20260513,22.9,23.5,22.8,23.4,2764
CPALL-O,20260513,44,44,43,43.5,11496
CPAXT-O,20260513,14.6,14.7,14.5,14.6,3345
CPF-O,20260513,18.9,19,18.8,18.9,1396
CPH-O,20260513,5.7,10,5.7,7.75,225
CPI-O,20260513,3.38,3.38,3.34,3.38,55
CPL-O,20260513,0.72,0.75,0.68,0.68,165
CPN-O,20260513,62.75,64,62.75,63.25,385
CPNCG-O,20260513,6.2,6.2,6.2,6.2,73
CPNREIT-O,20260513,12.4,12.4,12.3,12.3,335
CPTREIT-O,20260513,6.15,6.15,6.15,6.15,2
CPW-O,20260513,2.3,2.3,2.3,2.3,4
CRANE-O,20260513,0.37,0.37,0.37,0.37,5
CRC-O,20260513,18.8,19.1,18.7,19.1,532
CREDIT-O,20260513,18,18.1,17.9,18,223
CSC-O,20260513,43.5,43.75,43,43,4
CSR-O,20260513,74.5,74.5,74.5,74.5,1
CWT-O,20260513,0.69,0.69,0.69,0.69,187
D-O,20260513,2.86,2.86,2.84,2.84,40
DCC-O,20260513,1.32,1.36,1.32,1.32,176
DCON-O,20260513,0.2,0.21,0.19,0.19,46
DDD-O,20260513,4.98,5.05,4.98,5,37
DELTA-O,20260513,309,331,309,330,63420
DEMCO-O,20260513,2.36,2.36,2.36,2.36,1
DIF-O,20260513,10,10.2,10,10.1,1466
DITTO-O,20260513,11,11.1,10.9,10.9,153
DMT-O,20260513,11.2,11.2,11,11.2,345
DOHOME-O,20260513,3.22,3.28,2.44,3.28,931
DPAINT-O,20260513,0.68,0.68,0.68,0.68,10
DREIT-O,20260513,4.78,4.78,4.68,4.68,15
DRT-O,20260513,4.82,5,4.82,4.86,88
DTCENT-O,20260513,0.89,0.89,0.88,0.88,95
DUSIT-O,20260513,10.3,10.3,10.1,10.1,7
EA-O,20260513,2.6,2.66,2.6,2.64,415
EASTW-O,20260513,3.16,3.2,3.14,3.2,102
EFORL-O,20260513,0.14,0.14,0.14,0.14,14
EGATIF-O,20260513,6.3,6.35,6.3,6.35,2
EGCO-O,20260513,116,117.5,116,116.5,755
EKH-O,20260513,4.94,4.94,4.94,4.94,93
EMPIRE-O,20260513,0.39,0.42,0.39,0.42,453
EP-O,20260513,1.08,1.08,0.93,0.93,12
EPG-O,20260513,3.54,3.54,3.52,3.52,26
ERW-O,20260513,2.88,2.92,2.86,2.88,500
ESTAR-O,20260513,0.25,0.25,0.22,0.22,2
ETC-O,20260513,0.71,0.72,0.67,0.72,26
ETE-O,20260513,0.54,0.56,0.43,0.43,101
ETL-O,20260513,0.45,0.48,0.45,0.48,39
FANCY-O,20260513,0.24,0.24,0.24,0.24,5
FE-O,20260513,161.5,161.5,161.5,161.5,1
FM-O,20260513,3.86,3.92,3.86,3.92,17
FMT-O,20260513,18.9,18.9,18.5,18.5,8
FN-O,20260513,0.49,0.49,0.49,0.49,1
FORTH-O,20260513,13.7,14,13,13.2,730
FSMART-O,20260513,7.15,7.15,7.05,7.05,84
FTE-O,20260513,1.98,1.98,1.98,1.98,80
FTREIT-O,20260513,11.9,11.9,11.7,11.9,213
FUTURERT-O,20260513,8.85,8.95,8.8,8.95,133
GABLE-O,20260513,3.94,3.94,3.86,3.86,53
GAHREIT-O,20260513,4.18,4.18,4.18,4.18,1
GBX-O,20260513,0.53,0.53,0.53,0.53,2
GC-O,20260513,4.4,4.42,4.38,4.4,113
GEL-O,20260513,0.01,0.03,0.01,0.03,33
GFPT-O,20260513,6.15,8.85,6.15,8.8,152
GJS-O,20260513,0.14,0.14,0.14,0.14,3
GLOBAL-O,20260513,6.35,6.45,6.05,6.45,1375
GLORY-O,20260513,1.22,1.22,1.14,1.16,105
GPI-O,20260513,1.7,1.7,1.7,1.7,17
GPSC-O,20260513,38.25,38.25,37.5,38,1360
GRAMMY-O,20260513,2.98,2.98,2.84,2.98,83
GRAND-O,20260513,0.02,0.02,0.02,0.02,132
GULF-O,20260513,59.25,59.75,59,59.25,7062
GUNKUL-O,20260513,3.42,3.48,3.3,3.42,1862
GVREIT-O,20260513,6.8,6.8,6.75,6.75,11
GYT-O,20260513,179,179,178,179,88
HANA-O,20260513,33.75,35,33.25,34.75,2809
HANN-O,20260513,0.92,0.93,0.92,0.93,93
HENG-O,20260513,0.88,1.14,0.88,1.14,12
HFT-O,20260513,4.18,4.18,4.18,4.18,1
HL-O,20260513,4.2,4.2,4.2,4.2,19
HMPRO-O,20260513,6.05,6.1,5.95,6.05,2343
HPF-O,20260513,5.8,5.8,5.75,5.75,3
HTC-O,20260513,15.1,15.2,15,15,235
HTECH-O,20260513,3.3,3.3,3.3,3.3,10
HUMAN-O,20260513,4.18,4.18,4.16,4.16,29
HYDRO-O,20260513,2.56,2.56,2.5,2.5,12
I2-O,20260513,0.65,0.65,0.65,0.65,3
ICC-O,20260513,23.9,23.9,23.8,23.8,2
ICHI-O,20260513,12.7,12.9,12.7,12.8,1106
ICN-O,20260513,2.06,2.06,2,2,54
IFS-O,20260513,1.81,1.81,1.81,1.81,8
IHL-O,20260513,1.48,1.48,1.48,1.48,12
IIG-O,20260513,1.46,1.46,1.44,1.44,62
III-O,20260513,3.84,3.84,3.82,3.82,103
ILINK-O,20260513,4.58,4.58,4.56,4.56,83
ILM-O,20260513,12.5,12.6,12.4,12.6,106
IMPACT-O,20260513,11.7,11.7,11.7,11.7,34
IND-O,20260513,1,1,0.99,0.99,7
INET-O,20260513,4.2,4.22,4.18,4.2,160
INETREIT-O,20260513,12.4,12.4,12.3,12.4,2320
INOX-O,20260513,4.6,4.66,4.36,4.38,785
INSET-O,20260513,3.08,3.12,3.08,3.12,128
IP-O,20260513,4.2,4.26,4.18,4.18,90
IRC-O,20260513,11.5,11.5,11.5,11.5,1
IROYAL-O,20260513,4.36,4.4,4.36,4.4,152
IRPC-O,20260513,1.91,1.95,1.87,1.93,2211
ISSARA-O,20260513,7.1,7.1,7.1,7.1,1
IT-O,20260513,5.1,5.1,3.52,4.88,88
ITC-O,20260513,15.9,16,15.9,16,123
ITD-O,20260513,0.28,0.35,0.28,0.35,774
ITEL-O,20260513,1.23,1.23,1.21,1.21,121
IVL-O,20260513,24.5,25,24.2,24.8,1567
JAS-O,20260513,1.16,1.19,1.16,1.18,466
JCK-O,20260513,0.14,0.14,0.14,0.14,1
JDF-O,20260513,1.16,2.14,1.16,1.63,70
JMART-O,20260513,7.05,7.3,7.05,7.1,283
JMT-O,20260513,9.6,9.6,9.4,9.55,225
JPARK-O,20260513,3.26,3.26,3.16,3.16,2
JSP-O,20260513,1.87,1.87,1.87,1.87,27
JTS-O,20260513,41.25,41.25,41,41.25,136
JUBILE-O,20260513,7.1,7.1,7.1,7.1,56
KAMART-O,20260513,7.45,7.45,7.4,7.4,191
KASET-O,20260513,0.79,0.79,0.79,0.79,1
KBANK-O,20260513,196,196.5,195.5,195.5,4125
KBS-O,20260513,5.55,5.55,5.55,5.55,8
KBSPIF-O,20260513,9.15,9.15,9.15,9.15,22
KC-O,20260513,0.03,0.03,0.03,0.03,1
KCAR-O,20260513,4.74,4.74,4.74,4.74,1
KCE-O,20260513,31,33.25,30.25,32.5,1803
KCG-O,20260513,9.35,9.5,9,9.35,248
KCM-O,20260513,0.13,0.19,0.13,0.19,6
KGEN-O,20260513,1.47,1.47,1.42,1.42,21
KGI-O,20260513,4.24,4.26,4.24,4.26,165
KIAT-O,20260513,0.3,0.3,0.3,0.3,1
KISS-O,20260513,2.9,2.9,2.86,2.9,97
KKP-O,20260513,83,83,81.25,81.25,3961
KLINIQ-O,20260513,28.25,28.75,27.75,28.25,39
KOOL-O,20260513,0.29,0.29,0.29,0.29,24
KPNREIT-O,20260513,2.04,2.04,2.04,2.04,6
KSL-O,20260513,2,2,1.52,1.53,102
KTB-O,20260513,33.25,33.25,32.75,33.25,7185
KTBSTMR-O,20260513,5.75,5.8,5.75,5.8,14
KTC-O,20260513,29.5,29.75,29.5,29.75,889
KTIS-O,20260513,1.92,1.92,1.92,1.92,6
KUMWEL-O,20260513,1.07,1.07,1.07,1.07,2
KUN-O,20260513,0.6,0.62,0.59,0.59,23
KYE-O,20260513,311,311,309,310,63
L&E-O,20260513,1.2,1.23,1.2,1.23,38
LALIN-O,20260513,4.38,4.38,4.38,4.38,2
LANNA-O,20260513,14.6,14.6,14.4,14.6,233
LDC-O,20260513,0.25,0.25,0.25,0.25,5
LEE-O,20260513,2.46,2.46,2.46,2.46,16
LEO-O,20260513,1.21,1.73,1.21,1.73,44
LH-O,20260513,3.6,3.64,3.58,3.6,1783
LHFG-O,20260513,0.79,1.17,0.79,1.13,287
LHHOTEL-O,20260513,13,13.2,13,13.1,89
LHK-O,20260513,3.4,3.4,3.4,3.4,1
LHRREIT-O,20260513,4.32,4.32,4.32,4.32,5
LHSC-O,20260513,14.3,14.5,14.3,14.5,68
LIT-O,20260513,0.64,0.64,0.64,0.64,1
LOXLEY-O,20260513,1.46,1.46,1.45,1.45,20
LPH-O,20260513,2.58,4.78,2.58,3.68,61
LPN-O,20260513,1.57,1.57,1.57,1.57,223
LTMH-O,20260513,4.12,4.22,4.12,4.22,2
LTS-O,20260513,2.68,2.68,2.5,2.5,28
LUXF-O,20260513,8.95,8.95,8.95,8.95,100
M-CHAI-O,20260513,20,20,20,20,30
M-O,20260513,18.7,19.2,18.7,19.1,451
MADAME-O,20260513,0.4,0.4,0.39,0.39,58
MAGURO-O,20260513,16.7,17,16.7,17,195
MAJOR-O,20260513,7.3,7.4,7.3,7.4,100
MALEE-O,20260513,4.06,4.06,4,4.02,29
MASTEC-O,20260513,1.26,1.27,1.26,1.27,5
MASTER-O,20260513,7.9,8.1,7.9,7.95,187
MATI-O,20260513,2.98,2.98,2.98,2.98,19
MBAX-O,20260513,1.96,1.96,1.95,1.95,2
MBK-O,20260513,17.3,17.4,17.1,17.1,152
MC-O,20260513,11.3,11.3,11.1,11.1,150
MCOT-O,20260513,6.2,6.2,6.2,6.2,1
MCS-O,20260513,7.6,7.7,7.5,7.6,187
MEB-O,20260513,11.7,11.7,11.3,11.4,255
MEDEZE-O,20260513,6.15,6.15,6.05,6.05,102
MEGA-O,20260513,35.5,37.75,35,37.75,381
MENA-O,20260513,0.62,0.62,0.62,0.62,23
METCO-O,20260513,272,275,272,274,58
MFC-O,20260513,18.9,18.9,18.9,18.9,52
MFEC-O,20260513,5.7,5.7,5.05,5.65,66
MGC-O,20260513,5.2,5.25,5.1,5.1,4
MGI-O,20260513,5.05,5.05,4.92,4.94,199
MGT-O,20260513,1.95,1.95,1.92,1.92,58
MIDA-O,20260513,0.26,0.26,0.26,0.26,1
MINT-O,20260513,21.8,22,21.3,21.6,3837
MK-O,20260513,0.52,0.52,0.52,0.52,11
MMM-O,20260513,2.78,2.8,2.74,2.78,87
MNIT-O,20260513,1.9,1.9,1.9,1.9,1
MONO-O,20260513,0.79,0.83,0.78,0.82,454
MOONG-O,20260513,2.2,2.2,2.2,2.2,76
MORE-O,20260513,0.04,0.04,0.04,0.04,109
MOSHI-O,20260513,34.75,34.75,34.25,34.75,282
MOTHER-O,20260513,1.13,1.13,1.13,1.13,1
MRDIYT-O,20260513,9.25,9.3,9.1,9.1,577
MST-O,20260513,6.95,6.95,6.95,6.95,4
MTC-O,20260513,28.75,29.25,28.5,28.75,1046
MTI-O,20260513,15.5,15.5,15.5,15.5,133
NAM-O,20260513,2.52,3.6,2.52,3.6,31
NATION-O,20260513,0.03,0.04,0.03,0.03,498
NC-O,20260513,1.88,1.88,1.88,1.88,10
NCAP-O,20260513,2.5,2.5,2.1,2.44,15
NEO-O,20260513,16.1,16.2,15.8,16.2,230
NEP-O,20260513,0.21,0.21,0.21,0.21,10
NER-O,20260513,4.4,4.44,4.36,4.4,455
NETBAY-O,20260513,15,15.2,15,15.2,34
NEX-O,20260513,0.9,1.02,0.9,1,107
NL-O,20260513,0.61,0.61,0.61,0.61,3
NOBLE-O,20260513,1.84,1.84,1.82,1.82,75
NOVA-O,20260513,7,7,7,7,10
NRF-O,20260513,0.17,0.23,0.17,0.23,6
NSL-O,20260513,21.2,21.5,21.2,21.4,61
NTF-O,20260513,16.3,16.3,16,16,79
NTV-O,20260513,20.8,20.8,20,20,155
NV-O,20260513,0.38,0.54,0.38,0.54,49
NVD-O,20260513,0.66,0.68,0.66,0.68,2
NYT-O,20260513,3.7,3.72,3.68,3.7,354
OKJ-O,20260513,3.12,3.12,3.06,3.06,289
ONEE-O,20260513,2.58,2.58,2.44,2.44,1324
OR-O,20260513,12.3,12.7,12.2,12.5,2676
ORI-O,20260513,1.74,1.75,1.72,1.72,341
OSP-O,20260513,14.1,14.2,14.1,14.2,1437
PANEL-O,20260513,1.17,1.22,1.17,1.22,2
PATO-O,20260513,6.05,6.05,6.05,6.05,30
PB-O,20260513,47.25,47.25,47.25,47.25,13
PCC-O,20260513,2.7,2.7,2.7,2.7,1
PCE-O,20260513,2.38,2.38,2.36,2.36,100
PCSGH-O,20260513,2.94,2.94,2.9,2.92,101
PDG-O,20260513,3.06,3.08,3.06,3.06,64
PDJ-O,20260513,0.88,0.93,0.88,0.93,12
PEER-O,20260513,0.06,0.06,0.06,0.06,58
PF-O,20260513,0.04,0.05,0.03,0.05,61
PG-O,20260513,7.45,7.75,7.45,7.75,35
PHG-O,20260513,12.3,12.3,12,12,6
PHOL-O,20260513,2.8,2.84,2.8,2.84,125
PK-O,20260513,0.31,0.31,0.31,0.31,29
PL-O,20260513,1.24,1.24,1.24,1.24,33
PLANB-O,20260513,4.3,4.4,4.3,4.4,611
PLAT-O,20260513,0.75,1.06,0.75,1.06,11
PLE-O,20260513,0.13,0.13,0.13,0.13,1
PM-O,20260513,11.9,11.9,11.8,11.8,36
PMC-O,20260513,0.87,0.87,0.86,0.86,48
PMTA-O,20260513,9.6,9.6,9.6,9.6,1
POLY-O,20260513,6.8,7.2,6.8,7.2,45
POPF-O,20260513,7.75,7.75,7.7,7.7,173
PORT-O,20260513,0.54,0.54,0.51,0.51,30
PPPM-O,20260513,0.24,0.26,0.24,0.26,160
PQS-O,20260513,1.71,1.71,1.68,1.68,15
PR9-O,20260513,16.1,16.2,15.9,16.1,340
PRIME-O,20260513,0.06,0.06,0.06,0.06,50
PRINC-O,20260513,1.74,1.74,1.73,1.73,100
PRM-O,20260513,8.65,8.65,8.4,8.4,515
PROEN-O,20260513,0.87,0.88,0.85,0.88,88
PROS-O,20260513,0.21,0.21,0.21,0.21,10
PROSPECT-O,20260513,8.5,8.7,8.5,8.5,718
PRTR-O,20260513,3.28,3.28,3.28,3.28,54
PSGC-O,20260513,3.08,3.08,2.96,2.98,185
PSH-O,20260513,3.48,3.48,3.42,3.42,110
PSL-O,20260513,7.1,7.15,7.1,7.15,90
PSTC-O,20260513,0.27,0.27,0.27,0.27,5
PT-O,20260513,11.4,11.4,11.3,11.4,227
PTG-O,20260513,7.6,7.7,7.5,7.5,1786
PTT-O,20260513,37,37,36.75,37,6638
PTTEP-O,20260513,151,152.5,151,151,2908
PTTGC-O,20260513,40,40,38.5,39,1460
PYLON-O,20260513,3.16,3.16,3.14,3.14,2
QH-O,20260513,1.41,1.42,1.4,1.4,532
QHBREIT-O,20260513,3.62,3.62,3.62,3.62,1
QHHRREIT-O,20260513,7.55,7.55,7.55,7.55,11
QTC-O,20260513,3.64,3.64,3.58,3.58,23
RAM-O,20260513,18.3,18.3,18.3,18.3,19
RATCH-O,20260513,30,30.25,29.75,30,476
RBF-O,20260513,3.86,3.86,3.62,3.62,159
RCL-O,20260513,31.5,31.5,30.75,30.75,994
RJH-O,20260513,13.2,13.3,13.2,13.2,87
RML-O,20260513,0.08,0.08,0.08,0.08,29
ROCK-O,20260513,10.4,10.4,10.4,10.4,3
ROJNA-O,20260513,4.84,4.84,4.78,4.78,214
RPC-O,20260513,0.36,0.37,0.36,0.37,14
RPH-O,20260513,4.9,4.9,4.88,4.9,157
RS-O,20260513,0.17,0.18,0.17,0.17,152
RSP-O,20260513,0.63,0.89,0.63,0.89,5
RWI-O,20260513,0.2,0.2,0.2,0.2,1
S-O,20260513,0.5,0.5,0.48,0.49,175
S11-O,20260513,4,4,4,4,5
SA-O,20260513,7.05,7.05,7,7.05,23
SABINA-O,20260513,15,15,14.8,15,664
SAK-O,20260513,3.16,3.18,3.14,3.18,145
SAMART-O,20260513,5.75,5.75,5.7,5.7,13
SAMTEL-O,20260513,3.66,3.74,3.66,3.74,2
SANKO-O,20260513,0.7,0.81,0.7,0.81,2
SAPPE-O,20260513,38.5,38.5,29.25,29.5,226
SAT-O,20260513,15,15,14.8,14.9,255
SAUCE-O,20260513,40.5,40.75,40.25,40.25,41
SAV-O,20260513,10.5,10.5,10.5,10.5,11
SAWAD-O,20260513,21.9,23,21.9,22,758
SAWANG-O,20260513,4.28,4.28,4.28,4.28,19
SC-O,20260513,1.8,1.89,1.8,1.87,334
SCAP-O,20260513,1.05,1.08,1.05,1.08,52
SCB-O,20260513,131,132,130.5,131.5,21513
SCC-O,20260513,230,233,230,230,924
SCCC-O,20260513,142,142,141.5,142,115
SCG-O,20260513,2.28,2.28,2.28,2.28,107
SCGD-O,20260513,4.96,5,4.84,4.96,198
SCGP-O,20260513,24.5,24.8,24.3,24.6,737
SCM-O,20260513,0.13,0.13,0.11,0.12,105
SCN-O,20260513,0.39,0.46,0.36,0.46,118
SCP-O,20260513,8.05,8.1,8.05,8.1,54
SE-O,20260513,0.46,0.46,0.35,0.46,81
SEAFCO-O,20260513,2.34,2.54,2.34,2.54,170
SEAOIL-O,20260513,3.36,3.4,3.34,3.34,188
SECURE-O,20260513,11.5,11.5,11.5,11.5,1
SEI-O,20260513,1.98,2,1.98,2,2
SELIC-O,20260513,2.56,2.6,2.56,2.6,20
SENA-O,20260513,1.92,2,1.9,1.94,167
SFT-O,20260513,1.57,1.62,1.57,1.62,2
SGC-O,20260513,0.91,0.94,0.9,0.94,80
SGF-O,20260513,0.1,0.1,0.1,0.1,49
SGP-O,20260513,8.45,8.45,8.45,8.45,1
SHR-O,20260513,1.6,1.6,1.59,1.59,46
SICT-O,20260513,2.28,2.32,2.28,2.32,38
SIMAT-O,20260513,1.39,1.4,1.39,1.39,7
SINGER-O,20260513,5.55,5.55,5.5,5.55,11
SIRI-O,20260513,1.41,1.42,1.4,1.4,1107
SIS-O,20260513,23.2,23.2,23,23,61
SISB-O,20260513,7.05,10.2,7.05,10.2,10
SITHAI-O,20260513,1.02,1.02,1.02,1.02,3
SJWD-O,20260513,7.45,7.45,7.4,7.4,12
SKR-O,20260513,7.35,7.35,7.35,7.35,5
SKY-O,20260513,12.1,12.1,12,12,21
SMART-O,20260513,0.55,0.55,0.54,0.54,14
SMD100-O,20260513,1.58,1.58,1.58,1.58,7
SMIT-O,20260513,3.4,3.4,3.4,3.4,60
SMO-O,20260513,4.74,4.74,4.48,4.48,1222
SMT-O,20260513,2.14,2.28,2.12,2.2,507
SNC-O,20260513,6.55,6.55,6.55,6.55,28
SNNP-O,20260513,6.7,6.75,6.65,6.75,139
SNP-O,20260513,9,9,8.95,8.95,3
SO-O,20260513,4.58,4.6,4.58,4.6,31
SORKON-O,20260513,3.64,3.64,3.56,3.56,140
SPA-O,20260513,3,3.12,3,3.12,27
SPALI-O,20260513,15,15.2,15,15.2,544
SPC-O,20260513,55.5,55.5,55.5,55.5,26
SPCG-O,20260513,9,9.2,8.85,8.85,455
SPG-O,20260513,7.45,7.45,7.45,7.45,27
SPI-O,20260513,31.75,31.75,31.75,31.75,1
SPRC-O,20260513,6.9,6.95,6.85,6.95,487
SPRIME-O,20260513,3.68,3.7,3.64,3.7,90
SPTX-O,20260513,0.01,0.01,0.01,0.01,24
SPVI-O,20260513,3.22,3.24,3.22,3.24,2
SQ-O,20260513,0.28,0.28,0.28,0.28,38
SRICHA-O,20260513,20.9,21,20.9,21,91
SSF-O,20260513,5.15,5.15,5.1,5.1,62
SSP-O,20260513,3.82,3.82,3.78,3.8,83
SSSC-O,20260513,2.18,2.18,2.18,2.18,50
STA-O,20260513,19.7,20.2,19.5,19.6,1158
STANLY-O,20260513,225,225,219,223,572
STECON-O,20260513,12.9,13.2,12.6,13,903
STELLA-O,20260513,0.15,0.24,0.15,0.19,100
STGT-O,20260513,11.8,12,11.6,11.8,697
STPI-O,20260513,4.52,4.52,4.5,4.5,83
SUC-O,20260513,27.25,27.25,27.25,27.25,44
SUN-O,20260513,2.52,2.56,2.52,2.52,165
SUPER-O,20260513,0.11,0.11,0.11,0.11,95
SUSCO-O,20260513,2.02,2.04,2.02,2.04,214
SUTHA-O,20260513,2.26,2.26,2.16,2.26,6
SVI-O,20260513,6.4,7.3,6.25,6.65,189
SVOA-O,20260513,1.73,1.73,1.7,1.7,2
SWC-O,20260513,4,4.2,4,4.2,21
SYNEX-O,20260513,9.5,9.5,9.4,9.4,71
TACC-O,20260513,5.65,5.7,5.65,5.7,469
TAE-O,20260513,1.41,1.44,1.41,1.44,54
TAKUNI-O,20260513,0.37,0.39,0.37,0.39,2
TAN-O,20260513,3.86,3.86,3.86,3.86,10
TASCO-O,20260513,13.7,13.8,13.7,13.8,165
TBN-O,20260513,3.54,3.54,3.48,3.54,65
TC-O,20260513,5.65,5.65,5.6,5.6,31
TCAP-O,20260513,58.75,59.5,58.5,58.5,1397
TCC-O,20260513,0.32,0.33,0.32,0.33,49
TEAMG-O,20260513,2.9,2.9,2.86,2.86,20
TFFIF-O,20260513,6.65,6.65,6.65,6.65,171
TFG-O,20260513,10.1,10.3,9.7,10.2,4076
TFM-O,20260513,6.6,6.6,6.6,6.6,1
TFMAMA-O,20260513,189.5,189.5,187.5,188.5,123
TGPRO-O,20260513,0.03,0.03,0.03,0.03,40
THAI-O,20260513,5.9,6,5.9,5.95,594
THANI-O,20260513,1.64,1.65,1.6,1.63,114
THCOM-O,20260513,11.4,11.5,11.3,11.5,350
THG-O,20260513,7.8,8,7.45,7.5,259
THIP-O,20260513,21.3,21.5,21.2,21.5,164
THRE-O,20260513,0.36,0.36,0.36,0.36,8
THREL-O,20260513,1.02,1.02,1.01,1.02,155
TIDLOR-O,20260513,16.4,16.6,16.3,16.5,1061
TIPCO-O,20260513,6.1,6.1,5.75,6.05,101
TIPH-O,20260513,21.7,22.1,21.7,21.9,133
TISCO-O,20260513,112,112.5,111.5,112,9466
TITLE-O,20260513,7.6,7.6,7.6,7.6,37
TK-O,20260513,4.1,4.1,4.1,4.1,15
TKN-O,20260513,3.88,3.88,3.86,3.86,107
TKS-O,20260513,6.75,6.75,6.3,6.3,19
TKT-O,20260513,0.69,0.69,0.69,0.69,2
TLI-O,20260513,10,10.2,10,10.1,408
TMAN-O,20260513,11,11.1,10.9,11.1,76
TMD-O,20260513,25.5,25.5,25.5,25.5,31
TMI-O,20260513,0.35,0.35,0.35,0.35,4
TMILL-O,20260513,2.14,2.14,2.14,2.14,5
TMT-O,20260513,3.66,3.68,3.62,3.62,53
TMW-O,20260513,58,58,58,58,18
TNDT-O,20260513,0.14,0.14,0.14,0.14,10
TNITY-O,20260513,2.72,2.72,2.72,2.72,3
TNL-O,20260513,20.6,20.6,20.6,20.6,2
TNP-O,20260513,2.92,2.92,2.92,2.92,2
TNR-O,20260513,4.98,4.98,4.98,4.98,4
TOA-O,20260513,12.3,12.3,11.7,11.9,517
TOG-O,20260513,6.75,6.75,6.75,6.75,10
TOP-O,20260513,45.25,46,45.25,46,1974
TPCH-O,20260513,1.39,1.39,1.32,1.33,168
TPIPL-O,20260513,0.83,0.83,0.82,0.83,79
TPIPP-O,20260513,1.79,1.79,1.78,1.79,414
TPL-O,20260513,0.47,0.47,0.47,0.47,1
TPLAS-O,20260513,0.99,0.99,0.99,0.99,16
TPS-O,20260513,2.26,3.22,2.26,3.22,21
TQM-O,20260513,13.8,13.8,13.6,13.6,61
TQR-O,20260513,5,5,5,5,10
TRC-O,20260513,0.57,0.57,0.5,0.56,230
TRITN-O,20260513,0.02,0.02,0.02,0.02,12
TRT-O,20260513,6.25,6.25,6.05,6.2,98
TRU-O,20260513,3.88,3.92,3.88,3.88,101
TRUBB-O,20260513,1.13,1.14,1.12,1.13,77
TRUE-O,20260513,14.2,14.7,14.2,14.5,4668
TSC-O,20260513,15.4,15.4,15.1,15.1,45
TSE-O,20260513,0.84,0.84,0.8,0.8,312
TSR-O,20260513,0.05,0.05,0.05,0.05,86
TSTH-O,20260513,0.98,1,0.98,0.98,46
TTA-O,20260513,4.92,4.94,4.9,4.94,274
TTB-O,20260513,2.26,2.28,2.24,2.24,5315
TTCL-O,20260513,0.06,0.06,0.05,0.05,116
TTLPF-O,20260513,9.8,9.8,9.8,9.8,56
TTT-O,20260513,43,43,42.25,42.25,100
TTW-O,20260513,9.3,9.45,9.25,9.3,416
TU-O,20260513,11.4,11.5,11.4,11.5,601
TURBO-O,20260513,1.46,1.46,1.43,1.45,75
TVO-O,20260513,24.7,24.9,24.6,24.6,271
UAC-O,20260513,2.78,2.78,2.78,2.78,82
UBA-O,20260513,1.06,1.06,1.05,1.05,29
UBE-O,20260513,0.61,0.61,0.6,0.6,118
UBIS-O,20260513,1.23,1.31,1.23,1.31,156
UEC-O,20260513,0.77,0.77,0.77,0.77,78
UKEM-O,20260513,1.13,1.14,1.13,1.14,11
UMI-O,20260513,0.96,1,0.88,0.88,10
UNIX-O,20260513,1.73,1.73,1.72,1.72,188
UP-O,20260513,22.6,22.6,22.6,22.6,17
UPOIC-O,20260513,7,7,7,7,13
UTP-O,20260513,7.5,7.5,7.5,7.5,21
UV-O,20260513,0.85,0.85,0.85,0.85,10
UVAN-O,20260513,14.9,14.9,14.8,14.8,343
VARO-O,20260513,3.86,3.86,3.86,3.86,1
VGI-O,20260513,0.87,0.89,0.87,0.87,374
VIBHA-O,20260513,1.4,1.79,1.36,1.38,30
VIH-O,20260513,8.85,8.85,8.65,8.65,125
VNG-O,20260513,1.98,1.98,1.98,1.98,14
VPO-O,20260513,0.53,0.53,0.53,0.53,10
WACOAL-O,20260513,16.9,16.9,16.9,16.9,2
WARRIX-O,20260513,1.59,1.59,1.57,1.59,156
WASH-O,20260513,4.04,4.04,3.98,3.98,81
WFX-O,20260513,0.97,1,0.96,0.96,16
WHA-O,20260513,4.5,4.56,4.48,4.56,2355
WHABT-O,20260513,5.85,6,5.85,6,3
WHAIR-O,20260513,7.6,7.6,5.55,7.5,107
WHART-O,20260513,10.8,10.9,10.7,10.8,344
WHAUP-O,20260513,4.84,4.86,4.78,4.78,351
WICE-O,20260513,2.4,2.4,2.4,2.4,42
WINNER-O,20260513,2.16,2.16,2.06,2.06,51
WORK-O,20260513,3.48,3.5,3.48,3.48,89
WP-O,20260513,3.6,3.6,3.54,3.54,26
WPH-O,20260513,5.9,5.9,5.85,5.85,74
WSOL-O,20260513,0.03,0.03,0.03,0.03,98
XBIO-O,20260513,0.09,0.09,0.09,0.09,30
XO-O,20260513,9.1,13,9.1,13,263
XPG-O,20260513,0.44,0.5,0.44,0.44,25
YGG-O,20260513,0.22,0.22,0.22,0.22,2
YONG-O,20260513,0.72,0.72,0.72,0.72,10
ZEN-O,20260513,5.45,5.45,5.45,5.45,10
ZIGA-O,20260513,0.94,0.94,0.93,0.93,268
2S,20260513,3.08,3.08,3.06,3.06,99800
3BBIF,20260513,6.55,6.6,6.5,6.55,14730000
88TH,20260513,4.34,4.4,4.28,4.32,707400
A5,20260513,1.84,1.84,1.8,1.84,46600
AAI,20260513,3.4,3.42,3.38,3.4,1298400
AAV,20260513,1.05,1.06,1.04,1.05,61713400
ABM,20260513,0.44,0.46,0.44,0.45,48300
ACC,20260513,0.39,0.4,0.38,0.39,3525200
ACE,20260513,1.27,1.28,1.27,1.27,609800
ACG,20260513,0.64,0.65,0.58,0.6,95600
ADB,20260513,0.62,0.63,0.59,0.59,157300
ADD,20260513,3.3,3.32,3.3,3.32,24200
ADVANC,20260513,351,361,350,355,10763200
ADVICE,20260513,5.95,6,5.85,5.9,1118700
AE,20260513,0.13,0.13,0.1,0.11,17058100
AEONTS,20260513,92.5,92.75,92,92.25,393300
AF,20260513,0.36,0.37,0.35,0.35,334900
AFC,20260513,3.54,3.66,3.5,3.52,78400
AGE,20260513,1.23,1.23,1.19,1.22,725500
AH,20260513,13.5,13.5,13.4,13.5,107400
AHC,20260513,12.2,12.3,12.1,12.3,6800
AI,20260513,2.92,2.92,2.92,2.92,618900
AIE,20260513,1.14,1.16,1.12,1.15,1498100
AIMCG,20260513,1.34,1.36,1.34,1.35,99800
AIMIRT,20260513,11.5,11.6,11.5,11.6,266400
AIRA,20260513,1.09,1.09,1.09,1.09,300
AIT,20260513,4.7,4.72,4.68,4.7,443500
AJ,20260513,2.66,2.72,2.66,2.72,2174200
AJA,20260513,0.16,0.16,0.14,0.15,2481400
AKP,20260513,0.69,0.73,0.69,0.72,2118000
AKR,20260513,0.85,0.86,0.84,0.86,697200
ALLA,20260513,1.17,1.18,1.16,1.17,389700
ALLY,20260513,4.64,4.68,4.58,4.6,583200
ALPHAX,20260513,0.36,0.36,0.35,0.35,928000
ALT,20260513,1.2,1.23,1.17,1.23,758200
ALUCON,20260513,228,228,227,227,2700
AMA,20260513,3.9,3.9,3.86,3.9,104500
AMANAH,20260513,0.62,0.63,0.62,0.62,845900
AMARC,20260513,4.28,4.32,3.76,3.84,8227700
AMARIN,20260513,2.78,2.9,2.78,2.9,200
AMATA,20260513,20.4,20.5,20.2,20.5,6841400
AMATAR,20260513,7,7.05,7,7.05,4300
AMATAV,20260513,1.94,1.94,1.91,1.93,126400
AMC,20260513,2.44,2.5,2.44,2.5,500
AMR,20260513,0.36,0.38,0.33,0.34,2766500
ANAN,20260513,0.35,0.36,0.35,0.35,1196500
ANI,20260513,2.54,2.56,2.5,2.5,90600
AOT,20260513,52,52.5,51.25,51.75,25151800
AP,20260513,7.6,7.6,7.45,7.45,9146300
APCO,20260513,2.66,2.66,2.6,2.62,40300
APCS,20260513,1.5,1.5,1.46,1.48,10200
APO,20260513,2.26,2.36,2.26,2.26,1328600
APP,20260513,2.56,2.56,2.38,2.4,565400
APURE,20260513,2.1,2.1,1.98,1.99,628200
AQUA,20260513,0.1,0.11,0.09,0.1,10037100
ARIN,20260513,0.49,0.5,0.48,0.49,498900
ARIP,20260513,0.43,0.45,0.43,0.45,281400
ARROW,20260513,5,5.05,5,5.05,70600
AS,20260513,2.74,2.76,2.7,2.72,508600
ASAP,20260513,1.39,1.41,1.39,1.4,30300
ASEFA,20260513,4.02,4.12,4.02,4.12,399100
ASIA,20260513,5.35,5.35,5.35,5.35,100
ASIAN,20260513,6.95,7,6.9,7,170200
ASIMAR,20260513,1.43,1.43,1.39,1.41,146000
ASK,20260513,8.9,8.9,8.7,8.7,388600
ASN,20260513,0.72,0.78,0.72,0.75,19100
ASP,20260513,2.14,2.14,2.12,2.14,276100
ASW,20260513,7.1,7.1,6.95,7.1,70500
ATLAS,20260513,1.84,1.85,1.83,1.83,1879500
ATP30,20260513,0.81,0.82,0.8,0.82,143700
AU,20260513,4.44,4.46,4.4,4.42,234000
AUCT,20260513,4.32,4.38,4.32,4.32,2212800
AURA,20260513,14.1,14.2,13.5,13.7,4399600
AWC,20260513,2.12,2.16,2.1,2.1,30472000
AXTRART,20260513,13.2,13.2,13,13,1460400
AYUD,20260513,36.75,37,36.5,37,6300
B,20260513,0.03,0.04,0.03,0.04,535600
B-WORK,20260513,6.05,6.1,6,6.1,83700
B52,20260513,0.23,0.23,0.2,0.22,591400
BA,20260513,14,14.1,13.8,14,3444900
BAFS,20260513,8.45,8.45,8.35,8.4,270100
BAM,20260513,6.6,6.6,6.5,6.55,9520400
BANPU,20260513,5.6,5.65,5.5,5.6,32303500
BAREIT,20260513,10.7,10.8,10.6,10.7,263900
BAY,20260513,27.25,27.25,26.75,27,437600
BBGI,20260513,4.04,4.2,4.04,4.14,727700
BBIK,20260513,17.1,17.7,17,17.4,1564400
BBL,20260513,163.5,164,163,163.5,5759300
BC,20260513,0.73,0.73,0.71,0.72,105900
BCH,20260513,9.15,9.2,9.15,9.2,2648800
BCP,20260513,35,35.25,34.5,34.75,2099600
BCPG,20260513,7.35,7.45,7.3,7.4,3866900
BCT,20260513,47,48,46.5,47.75,2900
BDMS,20260513,18.3,18.4,18.2,18.2,59955700
BE8,20260513,4.82,4.82,4.74,4.78,260500
BEAUTY,20260513,0.37,0.38,0.36,0.37,1783100
BEC,20260513,1.78,1.79,1.75,1.76,1591200
BEM,20260513,5.3,5.35,5.25,5.3,14052800
BEYOND,20260513,8.55,8.55,8.5,8.55,12800
BGC,20260513,5.75,5.75,5.6,5.6,33500
BGRIM,20260513,13.5,13.6,13.1,13.3,20403800
BGT,20260513,0.36,0.36,0.35,0.36,30200
BH,20260513,176,177.5,175,175.5,2768800
BIG,20260513,0.28,0.3,0.28,0.29,1066600
BIOTEC,20260513,0.26,0.27,0.25,0.26,5910600
BIS,20260513,2.06,2.06,1.99,2.02,130500
BIZ,20260513,4.72,4.78,4.72,4.76,186300
BJC,20260513,14.3,14.4,14.1,14.1,1999700
BJCHI,20260513,0.68,0.68,0.65,0.66,188400
BKA,20260513,0.75,0.78,0.74,0.75,2690200
BKD,20260513,1.07,1.08,1.06,1.08,27600
BKGI,20260513,1.36,1.43,1.35,1.4,747000
BKIH,20260513,347,350,344,347,31800
BLA,20260513,20.7,20.9,20.6,20.6,468800
BLAND,20260513,0.44,0.45,0.43,0.44,1971700
BLC,20260513,3.82,3.84,3.76,3.82,642300
BLESS,20260513,0.23,0.24,0.23,0.23,101600
BM,20260513,1.03,1.03,1.01,1.02,266800
BOFFICE,20260513,5.6,5.65,5.55,5.65,555100
BOL,20260513,4.98,5,4.88,4.98,98700
BPP,20260513,11.7,11.7,11.5,11.6,149200
BPS,20260513,0.51,0.53,0.51,0.52,88300
BR,20260513,1.64,1.64,1.63,1.64,54400
BRI,20260513,1.28,1.3,1.27,1.28,66700
BROCK,20260513,1.18,1.18,1.18,1.18,100
BRR,20260513,3.6,3.6,3.56,3.58,276500
BRRGIF,20260513,3.78,3.8,3.76,3.8,133400
BSBM,20260513,0.63,0.63,0.59,0.6,342400
BSM,20260513,0.35,0.35,0.32,0.34,20100
BTC,20260513,0.17,0.18,0.17,0.17,16965400
BTG,20260513,20.4,20.5,20,20,5657400
BTNC,20260513,16.4,16.4,16.2,16.2,600
BTS,20260513,2.06,2.1,2.04,2.06,19235500
BTSGIF,20260513,2.64,2.64,2.62,2.64,435000
BTW,20260513,0.09,0.09,0.07,0.08,748500
BUI,20260513,10.9,11,10.8,11,4100
BVG,20260513,1.61,1.64,1.61,1.63,47200
BWG,20260513,0.3,0.3,0.29,0.29,5595700
BYD,20260513,0.47,0.49,0.47,0.48,1041900
CAZ,20260513,1.69,1.69,1.62,1.63,70400
CBG,20260513,40.25,40.5,39,40,7619600
CCET,20260513,5.85,6.05,5.8,5.95,60276900
CCP,20260513,0.26,0.26,0.25,0.25,135800
CEN,20260513,0.64,0.64,0.62,0.64,805800
CENTEL,20260513,31.5,31.5,30.75,30.75,3624500
CEYE,20260513,1.17,1.17,1.15,1.17,1600
CFARM,20260513,0.78,0.78,0.76,0.76,772600
CFRESH,20260513,0.86,0.86,0.83,0.84,431200
CGD,20260513,0.11,0.12,0.11,0.12,140200
CGH,20260513,0.49,0.49,0.48,0.49,230300
CH,20260513,1.5,1.5,1.48,1.49,239700
CHAO,20260513,4.46,4.48,4.44,4.48,234100
CHASE,20260513,0.46,0.46,0.44,0.45,233700
CHAYO,20260513,1.16,1.18,1.11,1.15,9121700
CHEWA,20260513,0.17,0.18,0.16,0.17,910000
CHG,20260513,1.36,1.36,1.33,1.33,28436200
CHIC,20260513,0.3,0.31,0.28,0.29,174000
CHOTI,20260513,66,66,66,66,100
CHOW,20260513,1.43,1.46,1.41,1.43,203900
CI,20260513,0.34,0.35,0.33,0.34,17300
CIG,20260513,0.03,0.03,0.02,0.02,1756300
CITY,20260513,1.19,1.22,1.17,1.22,29700
CIVIL,20260513,0.78,0.84,0.78,0.82,745300
CK,20260513,17.7,18,17.5,17.7,8447500
CKP,20260513,2.34,2.36,2.28,2.3,10383200
CM,20260513,1.58,1.6,1.58,1.59,29000
CMAN,20260513,2.8,2.8,2.74,2.78,204600
CMC,20260513,0.33,0.34,0.33,0.34,34200
CMO,20260513,0.62,0.62,0.59,0.6,1080900
CMR,20260513,1.3,1.3,1.28,1.28,30600
CNT,20260513,1.15,1.49,1.13,1.45,22222600
COCOCO,20260513,5.55,5.65,5.5,5.6,470200
COLOR,20260513,0.98,0.98,0.98,0.98,300
COM7,20260513,23.5,23.6,22.6,23.4,36109600
COMAN,20260513,0.44,0.57,0.44,0.57,1600
CPALL,20260513,44,44,43.25,43.75,26930900
CPANEL,20260513,1.51,1.53,1.46,1.5,35800
CPAXT,20260513,14.6,14.7,14.5,14.6,10513900
CPF,20260513,18.8,18.9,18.8,18.8,13315100
CPH,20260513,8.1,8.3,7.7,7.7,196400
CPI,20260513,3.4,3.4,3.34,3.34,249800
CPL,20260513,0.69,0.74,0.69,0.7,4076500
CPN,20260513,62.75,63.75,62.5,63,7086700
CPNCG,20260513,6.2,6.25,6.15,6.25,846300
CPNREIT,20260513,12.4,12.4,12.2,12.2,1905600
CPR,20260513,2.64,2.72,2.64,2.68,42600
CPT,20260513,1.07,1.15,1.07,1.12,409000
CPTREIT,20260513,6.1,6.1,6,6.1,323600
CPW,20260513,2.28,2.28,2.24,2.26,195100
CRANE,20260513,0.39,0.39,0.34,0.37,705700
CRC,20260513,18.9,19.1,18.7,19.1,10749500
CRD,20260513,0.35,0.36,0.34,0.35,797500
CREDIT,20260513,18.1,18.1,17.8,18,122200
CSC,20260513,43.5,43.5,43,43.25,2600
CSP,20260513,0.49,0.51,0.48,0.49,85000
CSR,20260513,71.25,74.25,71.25,74.25,63300
CSS,20260513,0.78,0.78,0.77,0.77,652800
CTARAF,20260513,4.64,4.66,4.62,4.66,148400
CTW,20260513,3.28,3.28,3.16,3.16,107800
CWT,20260513,0.72,0.73,0.7,0.71,1273300
D,20260513,2.84,2.88,2.84,2.86,386200
DCC,20260513,1.33,1.35,1.32,1.32,2390200
DCON,20260513,0.19,0.2,0.19,0.2,880200
DDD,20260513,5,5.1,4.98,5.05,22700
DELTA,20260513,311,332,309,331,40931300
DEMCO,20260513,2.36,2.46,2.36,2.4,538000
DEXON,20260513,0.9,0.9,0.87,0.87,48800
DHOUSE,20260513,0.38,0.38,0.37,0.38,2100
DIF,20260513,10.1,10.1,10,10.1,14959400
DIMET,20260513,0.05,0.05,0.05,0.05,455800
DITTO,20260513,11.1,11.2,10.9,11,571800
DMT,20260513,11.1,11.2,11,11.1,1129100
DOD,20260513,1.64,1.68,1.64,1.65,68500
DOHOME,20260513,3.22,3.3,3.22,3.28,8211400
DPAINT,20260513,0.7,0.72,0.68,0.68,156900
DREIT,20260513,4.8,4.8,4.66,4.7,198200
DRT,20260513,4.76,4.88,4.76,4.82,622500
DTCENT,20260513,0.89,0.91,0.88,0.88,106100
DUSIT,20260513,10,10.2,10,10.2,174100
EA,20260513,2.62,2.66,2.62,2.62,13701800
EASON,20260513,1.07,1.07,1.05,1.06,111200
EAST,20260513,0.64,0.64,0.62,0.64,413700
EASTW,20260513,3.22,3.3,3.12,3.14,3022500
EFORL,20260513,0.13,0.14,0.12,0.13,2708700
EGATIF,20260513,6.25,6.35,6.25,6.3,998400
EGCO,20260513,116.5,117.5,116,116.5,719100
EKH,20260513,4.94,4.96,4.92,4.94,115200
EMC,20260513,0.02,0.02,0.01,0.02,183700
EMPIRE,20260513,0.39,0.44,0.36,0.39,14147300
EP,20260513,1.01,1.04,0.9,1,1033100
EPG,20260513,3.52,3.6,3.5,3.56,2078600
ERW,20260513,2.88,2.94,2.84,2.84,21909700
ESTAR,20260513,0.22,0.23,0.22,0.22,188300
ETC,20260513,0.7,0.72,0.69,0.7,9524300
ETE,20260513,0.59,0.6,0.45,0.48,1312300
ETL,20260513,0.49,0.49,0.47,0.47,282800
EURO,20260513,4.3,4.6,4.3,4.4,64900
EVER,20260513,0.04,0.05,0.04,0.04,1048300
FANCY,20260513,0.26,0.27,0.2,0.22,1375400
FLOYD,20260513,1.03,1.04,1.03,1.04,25200
FM,20260513,3.88,3.92,3.86,3.9,829200
FN,20260513,0.49,0.49,0.49,0.49,248100
FNS,20260513,0.51,0.52,0.5,0.5,128000
FORTH,20260513,13.6,14.1,12.9,13.3,12388700
FPI,20260513,1.53,1.53,1.51,1.51,54100
FPT,20260513,6.35,6.4,6.35,6.4,7600
FSMART,20260513,7.15,7.25,7,7,2158700
FSX,20260513,1.2,1.2,1.14,1.14,44800
FTE,20260513,1.98,1.99,1.97,1.97,42500
FTI,20260513,1.8,1.86,1.7,1.72,4000
FTREIT,20260513,11.8,11.9,11.7,11.8,1814300
FUTURERT,20260513,8.8,8.9,8.8,8.9,194900
FVC,20260513,0.31,0.32,0.31,0.32,51200
GABLE,20260513,3.92,3.94,3.82,3.82,699900
GAHREIT,20260513,4.2,4.2,4.18,4.18,13000
GBX,20260513,0.53,0.55,0.53,0.54,85600
GC,20260513,4.4,4.44,4.4,4.4,151900
GCAP,20260513,0.25,0.25,0.24,0.25,236700
GEL,20260513,0.02,0.03,0.02,0.02,6625800
GENCO,20260513,0.31,0.32,0.31,0.32,62800
GFC,20260513,2.78,2.8,2.76,2.8,9900
GFPT,20260513,8.8,8.85,8.7,8.75,849000
GGC,20260513,4,4.02,3.98,3.98,37500
GJS,20260513,0.13,0.14,0.13,0.14,1315500
GLOBAL,20260513,6.4,6.55,6.3,6.45,13631500
GLORY,20260513,1.23,1.23,1.12,1.15,350300
GPI,20260513,1.72,1.72,1.69,1.72,342100
GPSC,20260513,38,38.5,37.5,38,5888400
GRAMMY,20260513,2.98,2.98,2.84,2.96,18100
GRAND,20260513,0.02,0.03,0.02,0.03,7994800
GREEN,20260513,0.7,0.72,0.7,0.72,51100
GROREIT,20260513,7.85,8.05,7.85,7.9,56200
GTB,20260513,0.68,0.69,0.68,0.69,319300
GTV,20260513,0.03,0.03,0.02,0.03,3910400
GULF,20260513,58.75,59.5,58.5,59,33981400
GUNKUL,20260513,3.38,3.5,3.3,3.44,244301900
GVREIT,20260513,6.75,6.8,6.75,6.8,388900
HANA,20260513,33.75,35.25,33,35,38472900
HANN,20260513,0.92,0.93,0.92,0.92,316600
HARN,20260513,1.96,1.96,1.95,1.96,1900
HEALTH,20260513,0.36,0.37,0.33,0.36,42900
HENG,20260513,0.88,0.89,0.86,0.86,1088800
HFT,20260513,4.2,4.22,4.18,4.18,102900
HL,20260513,6.05,6.05,6.05,6.05,19100
HMPRO,20260513,6.05,6.05,5.9,6,42335300
HPF,20260513,5.8,5.8,5.75,5.75,155000
HTC,20260513,15.1,15.1,14.9,15.1,241800
HTECH,20260513,3.32,3.36,3.3,3.34,713900
HUMAN,20260513,4.1,4.2,4.1,4.16,709000
HYDRO,20260513,2.54,2.54,2.5,2.5,14100
HYDROGEN,20260513,8.25,8.25,8.25,8.25,100
I2,20260513,0.65,0.66,0.64,0.64,125800
ICC,20260513,24,24,23.8,23.8,2400
ICHI,20260513,12.7,12.8,12.7,12.7,2262800
ICN,20260513,2.08,2.12,1.98,1.98,2462000
IDG,20260513,1.37,1.37,1.34,1.35,96100
IFS,20260513,1.81,1.81,1.8,1.81,21700
IHL,20260513,1.49,1.5,1.48,1.5,77100
IIG,20260513,1.45,1.46,1.41,1.41,118800
III,20260513,3.86,3.88,3.8,3.86,247800
ILINK,20260513,4.56,4.58,4.54,4.58,199500
ILM,20260513,12.5,12.6,12.3,12.4,283800
IMH,20260513,3,3,2.96,3,3400
IMPACT,20260513,11.7,11.9,11.7,11.7,375300
IND,20260513,0.98,1,0.96,0.96,1093700
INET,20260513,4.2,4.24,4.14,4.18,2606900
INETREIT,20260513,12.3,12.4,12.3,12.4,758000
INOX,20260513,4.7,4.7,4.36,4.48,1262400
INSET,20260513,3.16,3.18,2.96,3.06,19425400
INSURE,20260513,59.25,59.25,59.25,59.25,200
IP,20260513,4.26,4.3,4.14,4.16,273700
IRC,20260513,11.4,11.6,11.4,11.6,7100
IRCP,20260513,0.26,0.26,0.25,0.26,123300
IROYAL,20260513,4.44,4.44,4.3,4.34,642900
IRPC,20260513,1.96,1.96,1.86,1.93,309108600
ISSARA,20260513,6.9,7.1,6.9,6.9,2500
IT,20260513,5,5,4.6,4.98,190400
ITC,20260513,16,16.1,15.8,16.1,3190100
ITD,20260513,0.28,0.35,0.28,0.35,143055600
ITEL,20260513,1.25,1.26,1.2,1.23,2035800
ITNS,20260513,1.73,1.73,1.65,1.66,310800
ITTHI,20260513,1.15,1.15,1.13,1.14,179900
IVF,20260513,0.62,0.63,0.62,0.63,89100
IVL,20260513,24.2,25,24.1,24.8,22980700
J,20260513,0.59,0.6,0.58,0.58,122200
JAK,20260513,0.68,0.68,0.67,0.67,10800
JAS,20260513,1.15,1.2,1.15,1.17,69715300
JCK,20260513,0.13,0.13,0.12,0.13,1773700
JCT,20260513,79.75,79.75,79.75,79.75,100
JDF,20260513,1.66,1.66,1.56,1.63,157000
JMART,20260513,7.1,7.2,7,7.1,3842500
JMT,20260513,9.5,9.65,9.35,9.5,8650300
JPARK,20260513,3.14,3.2,3.1,3.14,2555500
JR,20260513,1.72,1.72,1.68,1.68,306200
JSP,20260513,1.87,1.87,1.84,1.87,6400
JTS,20260513,40.5,41.5,40.5,41.5,213800
JUBILE,20260513,7.1,7.15,7.1,7.15,12400
K,20260513,0.97,1,0.95,1,44500
KAMART,20260513,7.45,7.5,7.4,7.4,457700
KASET,20260513,0.78,0.8,0.77,0.78,333000
KBANK,20260513,196.5,197,195,195,10794200
KBS,20260513,5.5,5.55,5.5,5.55,350800
KBSPIF,20260513,9.1,9.15,9.05,9.1,117500
KC,20260513,0.03,0.03,0.02,0.03,5012600
KCAR,20260513,4.74,4.76,4.74,4.76,10900
KCC,20260513,2.02,2.06,2.02,2.04,188500
KCE,20260513,32,33,30,32.25,65349100
KCG,20260513,9.5,9.5,9.25,9.35,640700
KCM,20260513,0.19,0.19,0.17,0.19,639100
KGEN,20260513,1.5,1.5,1.35,1.39,12660300
KGI,20260513,4.22,4.26,4.2,4.26,2997100
KIAT,20260513,0.3,0.31,0.3,0.31,387400
KISS,20260513,2.88,2.9,2.88,2.9,325500
KJL,20260513,5.9,5.9,5.75,5.9,6800
KK,20260513,1.02,1.02,1,1.01,47400
KKP,20260513,82,82.25,81,81,4085100
KLINIQ,20260513,28.25,28.25,27.75,28.25,787400
KOOL,20260513,0.29,0.3,0.28,0.29,2009500
KPNREIT,20260513,2.04,2.04,2,2,200
KSL,20260513,1.56,1.58,1.52,1.53,3351400
KTB,20260513,33,33.25,32.75,32.75,63604100
KTBSTMR,20260513,5.8,5.8,5.75,5.8,69500
KTC,20260513,29.5,29.75,29.25,29.5,12778700
KTIS,20260513,1.92,1.94,1.91,1.94,332000
KTMS,20260513,1.34,1.35,1.3,1.32,681500
KUMWEL,20260513,1.09,1.1,1.06,1.06,14800
KUN,20260513,0.61,0.61,0.58,0.6,61100
KWM,20260513,0.82,0.82,0.81,0.81,24300
KYE,20260513,310,310,308,308,2600
L&E,20260513,1.2,1.24,1.2,1.24,15600
LALIN,20260513,4.38,4.38,4.36,4.36,22600
LANNA,20260513,14.4,14.6,14.4,14.5,170800
LDC,20260513,0.25,0.25,0.24,0.24,233100
LEE,20260513,2.44,2.44,2.42,2.44,74500
LEO,20260513,1.72,1.72,1.66,1.69,166400
LH,20260513,3.6,3.64,3.58,3.58,13773000
LHFG,20260513,1.12,1.14,1.12,1.13,2943500
LHHOTEL,20260513,13,13.1,13,13,1394500
LHK,20260513,3.4,3.42,3.38,3.4,46400
LHRREIT,20260513,4.32,4.32,4.3,4.3,48700
LHSC,20260513,14.4,14.5,14.3,14.4,445700
LIT,20260513,0.65,0.65,0.62,0.62,1082000
LOXLEY,20260513,1.49,1.49,1.45,1.46,753700
LPH,20260513,3.7,3.7,3.64,3.66,65100
LPN,20260513,1.57,1.58,1.56,1.58,491000
LST,20260513,4.66,4.7,4.66,4.68,84100
LTMH,20260513,4.26,4.34,4.06,4.12,597600
LTS,20260513,2.68,2.72,2.42,2.5,4975300
LUXF,20260513,8.95,8.95,8.9,8.95,10500
M,20260513,18.8,19.4,18.7,19,3173800
M-CHAI,20260513,20,20,19.4,19.4,500
M-PAT,20260513,1.22,1.22,1.21,1.21,600
M-STOR,20260513,7.85,7.85,7.85,7.85,100
MADAME,20260513,0.55,0.55,0.52,0.55,191400
MAGURO,20260513,16.8,17.1,16.6,17.1,412200
MAJOR,20260513,7.3,7.55,7.25,7.45,4937000
MALEE,20260513,4.02,4.06,4,4,474100
MASTEC,20260513,1.22,1.29,1.19,1.27,8992200
MASTER,20260513,7.9,8.05,7.8,7.9,316700
MATCH,20260513,0.89,0.89,0.84,0.84,300
MATI,20260513,3.08,3.08,3.08,3.08,100
MBAX,20260513,1.79,2.1,1.78,1.85,3575000
MBK,20260513,17.3,17.3,17.1,17.2,899100
MC,20260513,11.2,11.2,11.1,11.1,767400
MCA,20260513,1.16,1.17,1.14,1.15,184500
MCOT,20260513,6.25,6.25,6.1,6.15,76400
MCS,20260513,7.5,7.6,7.5,7.55,906700
MDX,20260513,2.34,2.38,2.34,2.36,53800
MEB,20260513,11.8,11.8,11.3,11.3,391500
MEDEZE,20260513,6.2,6.25,6,6,648200
MEGA,20260513,35.25,37.75,35,37.75,2168000
MENA,20260513,0.63,0.63,0.61,0.62,1169100
METCO,20260513,275,275,273,273,7200
MFC,20260513,18.7,18.7,18.6,18.7,63100
MFEC,20260513,5.65,5.7,5.55,5.6,196100
MGC,20260513,5.15,5.5,5,5.15,6307700
MGI,20260513,5.25,5.25,4.88,4.98,970900
MGT,20260513,1.93,1.96,1.92,1.94,153900
MICRO,20260513,0.87,0.87,0.85,0.87,161200
MIDA,20260513,0.27,0.27,0.22,0.24,959000
MII,20260513,5.4,5.4,5.35,5.35,98100
MINT,20260513,22.1,22.2,21.3,21.5,52452400
MITSIB,20260513,0.54,0.55,0.54,0.55,36100
MJD,20260513,0.33,0.33,0.32,0.32,57600
MJLF,20260513,5.3,5.3,5.25,5.3,16100
MK,20260513,0.53,0.55,0.52,0.52,173800
ML,20260513,0.42,0.43,0.4,0.43,818100
MMM,20260513,2.8,2.8,2.74,2.78,649100
MNIT,20260513,1.9,1.92,1.88,1.89,6400
MNRF,20260513,2.06,2.06,2.02,2.04,244800
MODERN,20260513,2.02,2.04,2,2.04,60600
MONO,20260513,0.77,0.84,0.77,0.83,22856200
MOONG,20260513,2.22,2.22,2.2,2.22,145000
MORE,20260513,0.03,0.04,0.03,0.04,4567200
MOSHI,20260513,35,35,34.25,35,778000
MOTHER,20260513,1.16,1.18,1.12,1.14,850800
MPJ,20260513,3.6,3.6,3.58,3.6,33100
MRDIYT,20260513,8.85,9.35,8.8,9.25,28827600
MSC,20260513,5.55,5.6,5.5,5.55,75600
MST,20260513,6.95,7,6.9,7,39200
MTC,20260513,28.75,29.25,28.5,28.75,11636200
MTI,20260513,15.5,15.5,15.4,15.4,8800
MTW,20260513,0.79,0.82,0.78,0.8,290200
MUD,20260513,0.72,0.72,0.72,0.72,4400
NAM,20260513,3.58,3.62,3.52,3.6,107500
NAT,20260513,1.94,1.94,1.92,1.93,36400
NATION,20260513,0.04,0.04,0.03,0.04,213300
NC,20260513,1.86,1.89,1.83,1.83,21700
NCAP,20260513,2.5,2.52,2.42,2.44,3950600
NCH,20260513,0.4,0.42,0.4,0.4,111400
NCL,20260513,0.2,0.2,0.19,0.2,621200
NCP,20260513,1.08,1.12,1.08,1.1,32700
NDR,20260513,1.24,1.24,1.24,1.24,100
NEO,20260513,15.9,16.2,15.7,16.2,707100
NEP,20260513,0.2,0.2,0.19,0.19,6700
NER,20260513,4.36,4.42,4.36,4.4,5975100
NETBAY,20260513,15,15.3,15,15.3,289400
NEX,20260513,0.99,1.01,0.98,0.99,5529800
NKI,20260513,13.9,14.8,13.9,14.8,1300
NKT,20260513,4.06,4.08,4.04,4.04,71300
NL,20260513,0.63,0.63,0.62,0.63,66500
NNCL,20260513,1.56,1.57,1.56,1.57,15100
NOBLE,20260513,1.86,1.86,1.82,1.84,699700
NPK,20260513,13,13,13,13,800
NRF,20260513,0.24,0.25,0.24,0.25,252000
NSL,20260513,21.4,21.5,21.2,21.5,77200
NTF,20260513,15.6,16.4,15.5,16.1,2110300
NTSC,20260513,6.15,6.2,6.1,6.1,6800
NTV,20260513,20.6,20.8,19.8,19.9,86000
NUT,20260513,4.24,4.26,4.2,4.2,119800
NV,20260513,0.52,0.56,0.52,0.55,29000
NVD,20260513,0.68,0.68,0.54,0.58,177500
NYT,20260513,3.7,3.72,3.66,3.68,1822400
OCC,20260513,8.85,8.9,8.85,8.9,300
OGC,20260513,8.9,8.9,8.9,8.9,100
OKJ,20260513,3.1,3.14,3.04,3.04,1276900
ONEE,20260513,2.58,2.58,2.4,2.4,2525400
ONSENS,20260513,1.14,1.14,1.13,1.13,99200
OR,20260513,12.3,12.7,12.2,12.5,29637100
ORI,20260513,1.74,1.76,1.72,1.72,1961400
ORN,20260513,0.77,0.78,0.77,0.78,334000
OSP,20260513,14.1,14.2,14,14.2,11610900
PACO,20260513,1.28,1.28,1.21,1.28,409300
PAF,20260513,0.9,0.94,0.88,0.89,792500
PANEL,20260513,1.21,1.21,1.17,1.2,21200
PAP,20260513,2.56,2.56,2.42,2.44,21400
PATO,20260513,6,6.1,6,6.05,66000
PB,20260513,47.5,47.5,47.25,47.25,900
PCC,20260513,2.68,2.76,2.68,2.74,99700
PCE,20260513,2.34,2.4,2.3,2.38,2528800
PCSGH,20260513,2.9,3.02,2.9,2.92,102300
PDG,20260513,3.08,3.08,3.08,3.08,2500
PDJ,20260513,0.93,0.93,0.9,0.9,5000
PEACE,20260513,1.68,1.68,1.6,1.67,228800
PEER,20260513,0.08,0.09,0.08,0.08,1279300
PERM,20260513,0.26,0.26,0.24,0.26,532700
PF,20260513,0.04,0.04,0.03,0.03,2490100
PG,20260513,7.3,7.7,7.05,7.7,15500
PHG,20260513,11.9,12,11.9,12,126700
PHOL,20260513,2.84,2.84,2.8,2.8,40300
PIMO,20260513,1.02,1.04,1.02,1.04,466800
PIN,20260513,4.14,4.16,4.12,4.14,276400
PIS,20260513,3.7,3.78,3.7,3.78,482100
PJW,20260513,2.02,2.04,2.02,2.04,11500
PK,20260513,0.44,0.45,0.42,0.42,691100
PL,20260513,1.23,1.23,1.22,1.22,18000
PLANB,20260513,4.24,4.42,4.22,4.4,19503800
PLANET,20260513,0.85,0.86,0.79,0.81,3358900
PLAT,20260513,1.06,1.07,1.05,1.06,595500
PLE,20260513,0.12,0.13,0.12,0.12,1421200
PLT,20260513,0.54,0.55,0.54,0.55,401600
PLUS,20260513,1.27,1.28,1.26,1.27,224200
PM,20260513,12,12,11.8,12,215000
PMC,20260513,0.87,0.88,0.86,0.87,229400
PMTA,20260513,9.8,9.8,9.7,9.8,2500
POLY,20260513,7.15,7.2,6.9,7.2,4800
POPF,20260513,7.7,7.75,7.65,7.7,290700
PORT,20260513,0.52,0.54,0.51,0.53,67800
PPM,20260513,1.71,1.71,1.67,1.69,178200
PPP,20260513,0.8,0.81,0.8,0.8,6900
PPPM,20260513,0.21,0.26,0.2,0.23,8360700
PPS,20260513,0.16,0.17,0.16,0.17,381000
PQS,20260513,1.72,1.73,1.68,1.7,148000
PR9,20260513,16,16.1,15.9,15.9,2657000
PRAKIT,20260513,10.7,10.8,10.7,10.7,3300
PRAPAT,20260513,0.72,0.72,0.7,0.7,221400
PREB,20260513,3.38,3.4,3.38,3.4,7400
PRECHA,20260513,0.41,0.41,0.4,0.4,4400
PRG,20260513,8.9,9.1,8.9,9,2000
PRI,20260513,3.92,3.92,3.84,3.84,13900
PRIME,20260513,0.05,0.06,0.05,0.05,1206900
PRIN,20260513,1.39,1.4,1.38,1.4,500
PRINC,20260513,1.74,1.75,1.69,1.74,545200
PRM,20260513,8.65,8.65,8.3,8.4,16767200
PROEN,20260513,0.88,0.88,0.85,0.86,3282500
PROS,20260513,0.2,0.22,0.2,0.21,457900
PROSPECT,20260513,8.4,8.55,8.4,8.5,2895900
PROUD,20260513,0.93,0.95,0.92,0.93,234500
PRTR,20260513,3.3,3.36,3.26,3.28,369900
PSGC,20260513,3.04,3.08,2.98,2.98,507000
PSH,20260513,3.44,3.44,3.4,3.42,117400
PSL,20260513,7.2,7.2,7,7.2,2734000
PSP,20260513,4.5,4.52,4.48,4.5,228100
PSTC,20260513,0.27,0.28,0.26,0.27,16086500
PT,20260513,11.3,11.3,11.2,11.3,56100
PTC,20260513,0.59,0.6,0.59,0.59,4900
PTG,20260513,7.6,7.7,7.45,7.45,8403200
PTL,20260513,9.25,9.45,9.15,9.2,301100
PTT,20260513,37,37.25,36.75,37,71669900
PTTEP,20260513,151,152.5,151,151,7412400
PTTGC,20260513,39,39.5,38.75,39,13409600
PYLON,20260513,3.18,3.22,3.12,3.14,1317900
Q-CON,20260513,6.25,6.3,6.25,6.3,15400
QDC,20260513,0.12,0.14,0.12,0.12,1300300
QH,20260513,1.41,1.42,1.39,1.4,7170600
QHBREIT,20260513,3.6,3.7,3.6,3.66,229100
QHHRREIT,20260513,7.7,7.75,7.5,7.65,218600
QHOP,20260513,3,3.16,3,3.16,20600
QLT,20260513,1.45,1.53,1.45,1.53,7400
QTC,20260513,3.42,3.66,3.42,3.58,108500
QTCG,20260513,0.13,0.13,0.11,0.12,148300
RABBIT,20260513,0.3,0.3,0.29,0.3,3131800
RAM,20260513,18.3,18.4,18.3,18.4,14000
RATCH,20260513,30,30.25,29.75,30,2154200
RBF,20260513,3.7,3.78,3.64,3.66,1890600
RCL,20260513,31.75,31.75,30.5,31,4751500
READY,20260513,3.04,3.12,3.02,3.06,54300
RICHY,20260513,0.16,0.17,0.15,0.17,482000
RJH,20260513,13.5,13.5,13.1,13.2,155500
RML,20260513,0.11,0.11,0.11,0.11,112900
ROCK,20260513,10.5,11,10.5,11,300
ROCTEC,20260513,0.58,0.61,0.58,0.6,1182800
ROJNA,20260513,4.84,4.84,4.74,4.76,3440400
RP,20260513,0.49,0.49,0.44,0.47,184800
RPC,20260513,0.34,0.39,0.34,0.37,10841300
RPH,20260513,4.9,4.9,4.88,4.88,196300
RS,20260513,0.17,0.18,0.17,0.17,1809900
RSP,20260513,0.9,0.9,0.86,0.89,44400
RT,20260513,0.31,0.34,0.3,0.32,23616400
RWI,20260513,0.18,0.19,0.18,0.18,12200
S,20260513,0.5,0.5,0.48,0.48,1139900
S&J,20260513,33,34.25,33,34.25,400
S11,20260513,3.96,4.06,3.96,4.02,48200
SA,20260513,7.05,7.15,7.05,7.15,8600
SAAM,20260513,4.74,4.78,4.74,4.76,3800
SABINA,20260513,15,15,14.7,14.8,1653400
SAF,20260513,0.31,0.31,0.3,0.31,29100
SAFE,20260513,5.9,5.9,5.8,5.85,117100
SAK,20260513,3.16,3.2,3.14,3.18,1033900
SALEE,20260513,0.39,0.39,0.38,0.38,97200
SAMART,20260513,5.7,5.85,5.7,5.75,504500
SAMCO,20260513,0.86,0.93,0.82,0.83,3795200
SAMTEL,20260513,3.7,3.72,3.7,3.72,11900
SANKO,20260513,0.81,0.81,0.8,0.8,53600
SAPPE,20260513,29.75,29.75,29.25,29.5,158600
SAT,20260513,14.9,15,14.8,14.8,428900
SAUCE,20260513,41,41,40,40.5,4700
SAV,20260513,10.5,10.8,10.5,10.8,509200
SAWAD,20260513,21.9,22.1,21.8,22.1,5966400
SC,20260513,1.86,1.87,1.84,1.84,4402100
SCAP,20260513,1.07,1.09,1.07,1.08,3256000
SCB,20260513,131,132,130.5,131.5,8333000
SCC,20260513,229,233,228,229,2634700
SCCC,20260513,142,142.5,141.5,142,38200
SCG,20260513,2.28,2.3,2.28,2.28,3800
SCGD,20260513,4.96,5,4.96,4.96,43800
SCGP,20260513,24.5,24.8,24.3,24.6,11090900
SCI,20260513,0.95,0.99,0.95,0.97,28700
SCL,20260513,1.24,1.27,1.22,1.22,142900
SCM,20260513,0.12,0.13,0.12,0.13,101700
SCN,20260513,0.37,0.47,0.37,0.47,15467200
SCP,20260513,8.05,8.1,8.05,8.1,40400
SDC,20260513,0.03,0.04,0.02,0.03,3412000
SE,20260513,0.48,0.5,0.47,0.48,338600
SE-ED,20260513,1.66,1.66,1.66,1.66,200
SEAFCO,20260513,2.54,2.56,2.44,2.56,2420200
SEAOIL,20260513,3.34,3.44,3.34,3.36,178400
SECURE,20260513,11.5,11.7,11.5,11.5,60900
SEI,20260513,2,2.02,1.98,1.99,23200
SENA,20260513,1.93,1.93,1.89,1.9,2112200
SENX,20260513,0.22,0.22,0.21,0.21,270900
SFLEX,20260513,2.84,2.84,2.8,2.84,516300
SFT,20260513,1.57,1.62,1.57,1.6,4200
SGC,20260513,0.92,0.93,0.91,0.93,6021600
SGF,20260513,0.14,0.14,0.13,0.14,1938000
SGP,20260513,8.45,8.45,8.3,8.4,141600
SHR,20260513,1.59,1.61,1.57,1.59,2383000
SIAM,20260513,0.72,0.74,0.72,0.73,44800
SICT,20260513,2.28,2.36,2.28,2.3,95300
SIMAT,20260513,1.41,1.41,1.39,1.4,385500
SINGER,20260513,5.55,5.65,5.5,5.6,1169100
SINO,20260513,0.89,0.89,0.88,0.89,20300
SIRI,20260513,1.42,1.42,1.4,1.4,27411500
SIRIPRT,20260513,6.8,6.8,6.8,6.8,100
SIS,20260513,23.3,23.6,22.9,23.1,303400
SISB,20260513,10,10.1,10,10,763400
SITHAI,20260513,1.01,1.04,1.01,1.04,913300
SJWD,20260513,7.45,7.5,7.4,7.5,837300
SK,20260513,0.53,0.53,0.51,0.52,428800
SKE,20260513,0.18,0.2,0.18,0.18,1438100
SKIN,20260513,1.12,1.14,1.12,1.13,70700
SKN,20260513,5.45,5.65,5.45,5.6,34800
SKR,20260513,7.5,7.5,7.35,7.5,131400
SKY,20260513,11.9,12.1,11.9,11.9,185000
SLP,20260513,0.38,0.39,0.38,0.38,65400
SMART,20260513,0.54,0.55,0.53,0.54,882200
SMD100,20260513,1.54,1.62,1.54,1.57,19500
SMIT,20260513,3.38,3.4,3.38,3.38,77200
SMO,20260513,4.74,4.76,4.42,4.42,7428200
SMPC,20260513,8.9,9,8.9,8.95,38400
SMT,20260513,2.08,2.24,2.08,2.22,11453100
SNC,20260513,6.65,6.65,6.5,6.5,419500
SNNP,20260513,6.7,6.75,6.65,6.75,289600
SNP,20260513,8.95,9,8.95,9,8600
SNPS,20260513,4.68,4.7,4.58,4.62,55100
SO,20260513,4.58,4.62,4.58,4.62,122700
SOLAR,20260513,0.32,0.32,0.29,0.3,5499500
SONIC,20260513,1.53,1.53,1.5,1.5,6030400
SORKON,20260513,3.64,3.64,3.52,3.56,184900
SPA,20260513,3.16,3.16,3.08,3.14,174400
SPACK,20260513,1.13,1.16,1.13,1.14,45500
SPALI,20260513,15.2,15.3,15.1,15.1,3581100
SPC,20260513,55.5,55.5,55.5,55.5,23400
SPCG,20260513,8.85,8.9,8.8,8.8,375900
SPG,20260513,10.6,10.9,10.6,10.7,1900
SPI,20260513,32.5,32.75,32.25,32.75,5200
SPRC,20260513,6.8,6.95,6.8,6.9,15801500
SPREME,20260513,1.55,1.57,1.54,1.54,389000
SPRIME,20260513,3.68,3.72,3.68,3.68,279000
SPTX,20260513,0.01,0.01,0.01,0.01,65336500
SPVI,20260513,3.26,3.28,3.16,3.24,405900
SQ,20260513,0.27,0.28,0.27,0.28,451900
SR,20260513,0.33,0.33,0.32,0.32,700
SRICHA,20260513,21.3,21.3,20.6,21.3,1903100
SRIPANWA,20260513,5.05,5.1,4.98,5.1,1122800
SRS,20260513,1.89,1.89,1.83,1.87,14600
SSF,20260513,5.15,5.2,5.05,5.2,43300
SSP,20260513,3.8,3.84,3.76,3.76,501900
SSPF,20260513,3.28,3.3,3.28,3.3,10100
SSSC,20260513,2.18,2.18,2.12,2.12,248400
SST,20260513,1.01,1.02,1,1.02,7400
SSTRT,20260513,4.34,4.36,4.34,4.36,13900
STA,20260513,19.6,20.2,19.5,19.8,14187900
STANLY,20260513,220,224,220,223,78500
STARM,20260513,0.83,0.83,0.82,0.83,13400
STC,20260513,0.57,0.57,0.56,0.57,36000
STECH,20260513,1.01,1.01,1,1.01,36100
STECON,20260513,12.9,13.2,12.5,13,25778900
STELLA,20260513,0.21,0.21,0.19,0.21,5279000
STGT,20260513,11.7,12.2,11.5,11.8,14755600
STI,20260513,1.58,1.63,1.58,1.6,114600
STOWER,20260513,0.02,0.03,0.02,0.02,271300
STP,20260513,10.5,10.5,10.3,10.4,1700
STPI,20260513,4.56,4.62,4.46,4.52,7598300
STX,20260513,0.91,0.91,0.9,0.9,494300
SUC,20260513,27.25,27.25,27,27,29900
SUN,20260513,2.52,2.56,2.48,2.48,262400
SUPER,20260513,0.1,0.11,0.1,0.11,8753400
SUPEREIF,20260513,5.75,5.8,5.75,5.75,221300
SUSCO,20260513,2.04,2.06,2.02,2.04,408600
SUTHA,20260513,2.26,2.26,2.26,2.26,700
SVI,20260513,6.75,7.45,6.4,6.5,57700
SVOA,20260513,1.72,1.74,1.69,1.71,1162400
SVR,20260513,0.29,0.3,0.29,0.29,377300
SVT,20260513,1.15,1.16,1.15,1.16,152700
SWC,20260513,4.22,4.28,4.18,4.28,3600
SYMC,20260513,4.32,4.44,4.32,4.44,52200
SYNEX,20260513,9.45,9.5,9.3,9.4,1701900
SYNTEC,20260513,1.6,1.62,1.58,1.6,942000
TACC,20260513,5.65,5.7,5.6,5.6,1016900
TAE,20260513,1.4,1.47,1.38,1.47,11266300
TAKUNI,20260513,0.39,0.39,0.37,0.38,1394900
TAN,20260513,3.76,3.86,3.68,3.74,60600
TASCO,20260513,13.7,13.8,13.7,13.8,875900
TATG,20260513,0.96,1,0.96,0.98,665100
TBN,20260513,3.54,3.54,3.52,3.54,10800
TC,20260513,5.6,5.65,5.5,5.6,425900
TCAP,20260513,59,59.75,58.25,58.5,3913700
TCC,20260513,0.35,0.35,0.33,0.34,162300
TCJ,20260513,2.38,2.4,2.22,2.4,2900
TCMC,20260513,0.34,0.35,0.34,0.34,990800
TCOAT,20260513,26.25,26.25,26,26,7200
TEAM,20260513,3.26,3.4,3.26,3.4,1411000
TEAMG,20260513,2.86,2.88,2.82,2.86,3147300
TEGH,20260513,3.18,3.24,3.16,3.2,1057000
TEKA,20260513,1.71,1.76,1.71,1.75,25300
TERA,20260513,1.09,1.1,1.05,1.09,1200
TFFIF,20260513,6.6,6.7,6.6,6.65,5095400
TFG,20260513,10.2,10.3,9.65,10.3,32068800
TFI,20260513,0.04,0.05,0.04,0.04,108100
TFM,20260513,6.5,6.6,6.5,6.5,235300
TFMAMA,20260513,187.5,187.5,187.5,187.5,300
TGE,20260513,1.17,1.17,1.15,1.16,92100
TGPRO,20260513,0.03,0.04,0.03,0.03,304300
TH,20260513,0.44,0.45,0.44,0.45,380400
THAI,20260513,5.95,6,5.9,5.95,9855000
THANA,20260513,1.52,1.52,1.51,1.51,149800
THANI,20260513,1.64,1.65,1.63,1.63,4890300
THCOM,20260513,11.5,11.6,11.4,11.4,8236700
THE,20260513,0.84,0.85,0.76,0.78,748300
THG,20260513,7.8,7.95,7.4,7.45,4199500
THIP,20260513,21.3,21.4,21.3,21.3,23700
THMUI,20260513,0.32,0.33,0.3,0.32,422000
THRE,20260513,0.39,0.39,0.35,0.36,15151800
THREL,20260513,1,1.06,1,1,218200
TIDLOR,20260513,16.5,16.7,16.3,16.6,17154600
TIF1,20260513,7.6,7.65,7.6,7.6,10200
TIGER,20260513,0.29,0.29,0.26,0.28,55800
TIPCO,20260513,6,6.05,5.95,5.95,147600
TIPH,20260513,22,22.2,21.8,22,457500
TISCO,20260513,112.5,112.5,111.5,111.5,3059700
TITLE,20260513,7.6,7.7,7.5,7.6,211100
TK,20260513,4.16,4.16,4.14,4.14,600
TKC,20260513,8.65,8.75,8.6,8.7,17500
TKN,20260513,3.86,3.88,3.84,3.84,1022200
TKS,20260513,6.35,6.35,6.25,6.3,37300
TKT,20260513,0.69,0.72,0.69,0.69,20000
TL,20260513,0.38,0.44,0.37,0.41,16714900
TLI,20260513,10,10.2,9.95,10,15445500
TM,20260513,0.81,0.82,0.8,0.81,86900
TMAN,20260513,11,11.1,10.9,11.1,208600
TMC,20260513,0.7,0.72,0.7,0.7,166400
TMD,20260513,25.5,25.5,25.25,25.5,4100
TMI,20260513,0.5,0.5,0.48,0.48,149100
TMILL,20260513,2.14,2.16,2.14,2.16,8800
TMT,20260513,3.7,3.74,3.62,3.66,40200
TMW,20260513,57.75,58,57.25,57.75,11800
TNDT,20260513,0.14,0.14,0.13,0.14,64500
TNH,20260513,30,30,30,30,6300
TNITY,20260513,2.72,2.82,2.72,2.82,5600
TNP,20260513,2.9,2.94,2.9,2.92,36700
TNPC,20260513,0.87,0.89,0.87,0.89,30500
TNPF,20260513,1.03,1.07,1.03,1.07,100500
TNR,20260513,5,5.05,4.98,5,67400
TOA,20260513,12.2,12.3,11.7,11.9,3440300
TOG,20260513,6.7,6.75,6.7,6.7,50700
TOP,20260513,44.75,46,44.75,45.5,15806700
TPA,20260513,2.5,2.6,2.5,2.6,26600
TPAC,20260513,8.7,8.85,8.65,8.85,4700
TPBI,20260513,2.96,3,2.94,2.94,467200
TPCH,20260513,1.38,1.4,1.34,1.37,1618800
TPCS,20260513,9.9,9.9,9.9,9.9,100
TPIPL,20260513,0.83,0.83,0.81,0.82,24323800
TPIPP,20260513,1.79,1.79,1.77,1.78,3852300
TPL,20260513,0.47,0.47,0.46,0.47,251700
TPLAS,20260513,0.99,1.06,0.99,1.01,283300
TPOLY,20260513,0.15,0.16,0.14,0.15,1068700
TPP,20260513,10.7,10.7,10.5,10.5,4200
TPRIME,20260513,7.6,7.6,7.3,7.3,3000
TPS,20260513,3.2,3.22,3.18,3.22,10500
TQM,20260513,13.3,14.1,13.2,13.6,2294500
TQR,20260513,5,5.05,4.98,5.05,14200
TRC,20260513,0.61,0.67,0.54,0.56,42381100
TRITN,20260513,0.02,0.03,0.02,0.03,398500
TRP,20260513,4.48,4.48,4.36,4.36,1300
TRT,20260513,6,6.35,6,6.35,3066900
TRU,20260513,3.84,3.88,3.84,3.86,16000
TRUBB,20260513,1.12,1.15,1.11,1.14,8479200
TRUE,20260513,14.4,14.8,14.3,14.6,495665300
TRV,20260513,1.76,1.8,1.76,1.8,23200
TSC,20260513,15.2,15.2,15.1,15.1,21100
TSE,20260513,0.83,0.85,0.79,0.8,25197000
TSI,20260513,0.06,0.06,0.05,0.05,637200
TSR,20260513,0.05,0.06,0.05,0.06,1745300
TSTH,20260513,0.96,0.99,0.94,0.96,20489000
TTA,20260513,4.92,4.94,4.9,4.92,866500
TTB,20260513,2.26,2.26,2.22,2.24,204259900
TTCL,20260513,0.06,0.07,0.05,0.06,5608300
TTLPF,20260513,9.8,9.85,9.8,9.85,304000
TTT,20260513,43,43,41.75,41.75,1000
TTW,20260513,9.3,9.3,9.25,9.25,1927600
TU,20260513,11.4,11.5,11.3,11.5,5007100
TU-PF,20260513,1.2,1.24,1.2,1.24,300
TURBO,20260513,1.45,1.47,1.41,1.42,22963600
TURTLE,20260513,2.52,2.52,2.4,2.4,12700
TVDH,20260513,0.05,0.05,0.04,0.05,28500
TVH,20260513,9.25,9.35,9.25,9.35,44600
TVO,20260513,24.7,24.9,24.6,24.7,589000
TVT,20260513,0.2,0.2,0.2,0.2,4000
TWP,20260513,1.18,1.18,1.14,1.14,16100
TWPC,20260513,2.84,3.02,2.84,2.92,736500
TWZ,20260513,0.01,0.02,0.01,0.01,60488400
TYCN,20260513,1.66,1.7,1.66,1.7,3500
UAC,20260513,2.82,2.82,2.78,2.8,51400
UBA,20260513,1.03,1.06,1.03,1.04,1222900
UBE,20260513,0.58,0.61,0.56,0.59,48033100
UBIS,20260513,1.16,1.32,1.16,1.32,1967600
UEC,20260513,0.76,0.79,0.75,0.78,198100
UKEM,20260513,1.11,1.16,1.11,1.16,15675000
UMI,20260513,0.91,0.98,0.86,0.86,23070100
UNIQ,20260513,2.66,2.66,2.64,2.64,126400
UNIX,20260513,1.73,1.74,1.71,1.72,9517400
UP,20260513,22.4,22.8,22.4,22.7,3000
UPF,20260513,22.1,22.2,22,22.2,1600
UPOIC,20260513,7,7,7,7,7900
UREKA,20260513,0.3,0.31,0.3,0.3,792300
UTP,20260513,7.5,7.5,7.4,7.4,284800
UV,20260513,0.85,0.87,0.81,0.83,1018600
UVAN,20260513,14.8,14.9,14.8,14.9,195200
VARO,20260513,3.98,3.98,3.98,3.98,100
VCOM,20260513,3.46,3.46,3.44,3.44,62000
VGI,20260513,0.87,0.88,0.86,0.86,45944100
VIBHA,20260513,1.38,1.38,1.36,1.36,607900
VIH,20260513,8.8,8.9,8.7,8.8,55000
VL,20260513,0.78,0.79,0.78,0.78,253900
VNG,20260513,1.98,1.99,1.97,1.99,88800
VPO,20260513,0.53,0.54,0.5,0.51,6607500
VRANDA,20260513,3.92,4.08,3.92,4.08,89300
VS,20260513,0.25,0.27,0.25,0.25,84300
WACOAL,20260513,16.6,16.6,16.6,16.6,400
WARRIX,20260513,1.56,1.58,1.56,1.58,198200
WASH,20260513,4.12,4.14,3.92,3.92,11186400
WAVE,20260513,0.02,0.03,0.02,0.02,2921600
WFX,20260513,0.96,1,0.96,1,56200
WGE,20260513,0.7,0.72,0.7,0.7,87200
WHA,20260513,4.44,4.58,4.44,4.56,82263600
WHABT,20260513,5.8,5.85,5.8,5.8,66300
WHAIR,20260513,7.6,7.65,7.5,7.5,1936800
WHART,20260513,10.8,10.8,10.7,10.7,2005100
WHAUP,20260513,4.86,4.86,4.76,4.82,7886600
WICE,20260513,2.4,2.42,2.38,2.4,255100
WIIK,20260513,0.87,0.88,0.86,0.87,493400
WIN,20260513,0.27,0.27,0.25,0.26,1025800
WINDOW,20260513,0.73,0.73,0.71,0.72,242700
WINMED,20260513,0.88,0.89,0.87,0.88,6000
WINNER,20260513,2.08,2.1,2.04,2.08,263800
WORK,20260513,3.5,3.5,3.48,3.5,40900
WP,20260513,3.56,3.58,3.52,3.54,207100
WPH,20260513,5.95,5.95,5.8,5.85,487100
WSOL,20260513,0.03,0.04,0.03,0.03,18460600
XBIO,20260513,0.1,0.1,0.09,0.09,24954200
XO,20260513,12.9,13,12.8,12.8,109300
XPG,20260513,0.44,0.45,0.43,0.44,27286800
XYZ,20260513,0.37,0.41,0.36,0.37,635300
YGG,20260513,0.23,0.23,0.21,0.23,1159500
YONG,20260513,0.71,0.74,0.71,0.74,93000
YUASA,20260513,13.8,13.9,13.7,13.8,10000
ZAA,20260513,1.72,1.77,1.71,1.77,4300
ZEN,20260513,5.45,5.45,5.45,5.45,900
ZIGA,20260513,0.97,0.98,0.92,0.93,12402700
RABBIT-P,20260513,0.31,0.31,0.3,0.3,1549700
VAYU1-O,20260513,11.1,11.2,11.1,11.2,129
VAYU1,20260513,11.2,11.2,11.1,11.2,666400
!AGRO,20260513,308.56,309.17,306.68,308.78,20026400000
!CONSUMP,20260513,45.61,46.06,45.33,45.49,3552220000
!FINCIAL,20260513,153.1,153.6,152.5,152.56,49609250000
!INDUS,20260513,67.08,67.9,66.89,67.53,11862670000
!PROPCON,20260513,75.12,75.55,74.96,75.09,62484410000
!RESOURC,20260513,169.12,170.23,168.77,169.43,101388360000
!SERVICE,20260513,275.61,276.06,273.67,274.74,69846130000
!TECH,20260513,642.67,674.02,639.81,672.17,95319720000
$AGRI,20260513,213.2,216.24,212.84,214.25,7270120000
$AUTO,20260513,305.26,307.65,304.2,306.43,1431610000
$BANK,20260513,491.96,493.38,489.45,489.62,30731230000
$COMM,20260513,19523.8,19571.9,19394.1,19558.3,21315320000
$CONMAT,20260513,5682.94,5742.25,5664.17,5676.85,6811840000
$CONS,20260513,39.46,40.14,39.05,39.87,29970580000
$ENERG,20260513,19289.9,19416.8,19249.5,19325.1,101388360000
$ETRON,20260513,34709.6,36998.4,34493.5,36875.3,21795920000
$FASHION,20260513,491.82,493.74,480.52,483.51,1132870000
$FIN,20260513,1900.86,1909.63,1894.01,1902.52,15400960000
$FOOD,20260513,8512.5,8528.42,8446.04,8513.93,12756280000
$HELTH,20260513,4185.54,4203.38,4158.4,4159.71,10597700000
$HOME,20260513,15.92,16.06,15.81,15.89,672090000
$ICT,20260513,225.18,230.5,224.62,227.5,73523800000
$IMM,20260513,18.45,18.65,18.44,18.6,1437440000
$INSUR,20260513,8634.06,8744.73,8626.22,8642.45,3477060000
$MEDIA,20260513,15.11,15.27,15.03,15.15,10891390000
$PAPER,20260513,2109.85,2109.85,2081.72,2081.72,28480000
$PERSON,20260513,78.62,80.25,78.11,79.08,1747260000
$PETRO,20260513,688.64,702.81,685.17,695.86,3693740000
$PF&REIT,20260513,138.59,138.73,137.71,137.97,2233930000
$PKG,20260513,2607.37,2634.66,2593.27,2614.14,2533870000
$PROF,20260513,131.07,132.57,130.06,130.33,983610000
$PROP,20260513,161.77,163.02,161.43,161.82,23468060000
$STEEL,20260513,20.39,20.47,20.01,20.29,2737530000
$TOURISM,20260513,408.42,408.85,397.4,400.15,8897760000
$TRANS,20260513,208.47,209.7,206.42,207.75,17160350000
MAI,20260513,213.16,213.97,211.29,211.77,333614052
SET,20260513,1496.69,1521.02,1493.28,1517.26,10641504618
SET100,20260513,2098.67,2123.12,2094.53,2115.72,2909158500
SET50,20260513,979.8,992.14,977.77,987.76,1690630200
SETHD,20260513,1310.05,1313.5,1305.31,1307.04,720470000
3BBIF-F,20260513,7,7.05,7,7.05,10300
ADVANC-F,20260513,356,356,356,356,6400
BBL-F,20260513,163,163,163,163,1700
BDMS-F,20260513,18.3,18.3,18.3,18.3,28200
SCB-F,20260513,131,131,131,131,11900
TOP-F,20260513,45.25,45.25,45.25,45.25,1200
!AGRO-M,20260513,58.13,58.43,57.94,58.07,790100000
!CONSUMP-M,20260513,11.72,11.84,11.67,11.73,1039470000
!FINCIAL-M,20260513,30,30.36,29.99,30.07,2081520000
!INDUS-M,20260513,40.45,40.77,40.43,40.66,4489890000
!PROPCON-M,20260513,15.53,15.67,15.32,15.32,2696640000
!RESOURC-M,20260513,14.75,14.9,14.32,14.58,2426760000
!SERVICE-M,20260513,41.92,42.11,41.14,41.28,13405760000
!TECH-M,20260513,18.96,19.05,18.87,18.98,1019980000
ABBV80,20260513,6.8,6.85,6.75,6.8,20416
ADVANC13C2610A,20260513,0.51,0.6,0.51,0.55,20691900
ADVANC41C2610A,20260513,0.49,0.57,0.49,0.53,3351400
ALIHEA41C2610A,20260513,0.26,0.26,0.26,0.26,4100
AMATA01C2610A,20260513,0.33,0.33,0.31,0.33,3416400
ANET80,20260513,4.66,4.72,4.62,4.72,127347
AOT13C2609A,20260513,0.32,0.34,0.31,0.32,5686300
AOT41C2609A,20260513,0.29,0.3,0.29,0.29,1260400
ASTR,20260513,5.25,5.5,5.15,5.35,421200
ASTR-O,20260513,5.15,5.4,5.15,5.4,2
BABA41C2612A,20260513,0.34,1,0.34,1,263400
BCP01C2610A,20260513,0.23,0.23,0.21,0.23,745500
BCPG01C2705T,20260513,0.28,0.28,0.27,0.27,932800
BCPG13C2610A,20260513,0.31,0.32,0.31,0.32,2874600
BILIBI41C2610A,20260513,0.44,0.46,0.44,0.44,1400
BJC13C2610A,20260513,0.28,0.29,0.28,0.28,956300
BJC41C2610A,20260513,0.25,0.25,0.25,0.25,200
BOEING80,20260513,7.75,7.8,7.7,7.8,247980
CATHAY41C2610A,20260513,0.3,0.31,0.3,0.3,600
CBG13P2609A,20260513,0.33,0.36,0.33,0.34,5557200
CCET19C2609A,20260513,0.22,0.24,0.22,0.24,13220500
CENTEL19C2610A,20260513,0.27,0.27,0.26,0.26,3448000
CNRE80,20260513,2.66,2.68,2.64,2.68,567697
COIN80,20260513,7.05,7.05,6.75,6.9,102335
COM701C2610A,20260513,0.09,0.1,0.09,0.1,77400
COM713C2610A,20260513,0.43,0.43,0.36,0.42,19904900
COM719C2609A,20260513,0.44,0.44,0.36,0.43,8179400
COM741C2610A,20260513,0.37,0.4,0.35,0.39,2880800
CRC13C2610A,20260513,0.33,0.33,0.3,0.33,6539500
CRC41C2610A,20260513,0.28,0.29,0.28,0.29,960400
DELTA01C2609A,20260513,0.71,0.89,0.71,0.87,32086400
DELTA01C2705T,20260513,0.61,0.68,0.6,0.67,11187600
DELTA01P2609A,20260513,0.77,0.77,0.66,0.66,15052100
DELTA13C2609B,20260513,0.61,0.77,0.61,0.77,47924700
DELTA19C2609A,20260513,0.45,0.59,0.45,0.58,16711800
DELTA41C2609B,20260513,0.59,0.73,0.57,0.72,4233900
DISCO24,20260513,1.04,1.07,1.02,1.07,264054
DJI41C2609A,20260513,0.65,0.65,0.64,0.64,21200
DOHOME01C2610A,20260513,0.32,0.34,0.32,0.34,2199400
DOHOME13C2610A,20260513,0.34,0.36,0.34,0.36,4027900
EA13C2610A,20260513,0.26,0.26,0.25,0.25,4590500
EGCO13C2610A,20260513,0.39,0.39,0.38,0.39,764000
ERW01C2610A,20260513,0.4,0.43,0.4,0.4,2182700
GEELY41C2610A,20260513,0.26,0.26,0.25,0.25,400
GEV80,20260513,35,35.5,35,35.25,121517
GOLDUS80,20260513,13.9,14.1,13.9,14,36583
GSEMI24,20260513,2.32,2.34,2.28,2.34,409732
GULF01P2610A,20260513,0.82,0.82,0.8,0.81,606800
GULF13P2610A,20260513,0.6,0.6,0.58,0.59,4827200
GUNKUL01C2610A,20260513,0.54,0.58,0.49,0.55,8796700
GUNKUL13C2610A,20260513,0.38,0.41,0.34,0.39,49196000
GUNKUL19C2610A,20260513,0.4,0.45,0.36,0.42,17152800
HANA01C2610A,20260513,0.34,0.39,0.32,0.39,12187100
HANA01C2705T,20260513,0.24,0.27,0.24,0.27,7836800
HANA13C2609A,20260513,0.37,0.42,0.34,0.42,28040900
HANA13C2609B,20260513,0.19,0.23,0.18,0.22,12679600
HANA13C2610A,20260513,0.25,0.29,0.24,0.29,16690100
HANA13P2609A,20260513,0.38,0.4,0.35,0.35,7455300
HANA19C2609B,20260513,0.32,0.37,0.29,0.37,23157500
HANA19P2609A,20260513,0.31,0.33,0.29,0.29,6563800
HANA41C2609B,20260513,0.18,0.21,0.18,0.21,485300
HANA41C2610A,20260513,0.23,0.28,0.22,0.28,2700500
HANA41P2609A,20260513,0.36,0.36,0.36,0.36,100
HITACHI24,20260513,1.22,1.26,1.22,1.26,219322
HSI28C2608A,20260513,0.68,0.75,0.66,0.69,5345200
HSI28P2606C,20260513,1.08,1.09,0.99,1.02,1712300
HSI28P2607B,20260513,0.63,0.64,0.57,0.61,6066200
HSI28P2608A,20260513,0.55,0.55,0.53,0.55,65100
IRPC01C2610A,20260513,0.17,0.19,0.16,0.18,7850500
IRPC19C2610A,20260513,0.17,0.17,0.15,0.17,4896000
IVL01C2610A,20260513,0.62,0.65,0.62,0.65,28100
JLMAG80,20260513,8.35,8.75,8.35,8.65,38585
JMART01C2610A,20260513,0.31,0.32,0.31,0.31,3355300
JMT01C2610A,20260513,0.17,0.17,0.16,0.17,3137600
JMT13C2610A,20260513,0.2,0.2,0.19,0.2,4055500
JPANIME24,20260513,1.3,1.3,1.27,1.3,29351
JPROBOAI24,20260513,1.45,1.49,1.45,1.49,71167
JPSEMI24,20260513,1.38,1.39,1.37,1.38,1725628
KCE01C2610A,20260513,0.27,0.31,0.22,0.28,21564500
KCE13C2609B,20260513,0.3,0.34,0.24,0.3,76447200
KCE13P2609A,20260513,0.28,0.33,0.26,0.27,19366600
KCE19C2609B,20260513,0.33,0.36,0.26,0.33,51900200
KCE19P2609A,20260513,0.27,0.3,0.24,0.25,13990500
KCE41C2609B,20260513,0.27,0.31,0.22,0.31,4058100
KONAMI24,20260513,1.09,1.12,1.07,1.12,14607
KTC13C2610A,20260513,0.26,0.26,0.26,0.26,5208700
LENOVO41C2610A,20260513,0.47,0.48,0.47,0.48,1000
MAOGEP80,20260513,2.76,2.76,2.74,2.74,6020
MIDEA80,20260513,3.62,3.64,3.62,3.64,19475
MINT13C2609A,20260513,0.51,0.51,0.44,0.46,16509100
MINT19C2610A,20260513,0.47,0.47,0.39,0.41,3899400
MIXUE80,20260513,11.6,11.7,11.5,11.7,3436
MONTAGE80,20260513,17.6,21.5,17.6,21,803454
MOUTAI80,20260513,6.4,6.45,6.4,6.4,56485
MP80,20260513,21.2,21.4,21.2,21.4,53798
MTC01C2610A,20260513,0.2,0.2,0.19,0.2,2617000
NDX41C2609A,20260513,1,1.04,1,1.04,10500
NDX41P2609A,20260513,0.77,0.77,0.73,0.73,10600
NEE80,20260513,3.06,3.1,3.06,3.1,451062
NIKKEI28C2609A,20260513,1.52,1.58,1.52,1.58,1300
NIKKEI28C2609B,20260513,1.09,1.09,1.09,1.09,100
NIKKEI28C2609C,20260513,0.76,0.77,0.76,0.77,400
NIKKEI28C2609D,20260513,0.51,0.54,0.51,0.52,1503300
NIKKEI28P2609B,20260513,0.8,0.8,0.8,0.8,200
NIKKEI28P2609C,20260513,0.72,0.72,0.71,0.71,700
NIKKEI28P2609D,20260513,0.39,0.39,0.39,0.39,1100
OIL24,20260513,19.8,19.9,19.6,19.9,472
OSP13C2610A,20260513,0.27,0.27,0.27,0.27,1400
POPMAR41C2610A,20260513,0.36,0.37,0.36,0.36,1200
PSTC-W4,20260513,0.09,0.09,0.07,0.08,7973300
PTG01C2611A,20260513,0.27,0.27,0.25,0.25,836800
PTG13C2610A,20260513,0.29,0.29,0.27,0.27,1486000
PTT01C2705T,20260513,0.22,0.22,0.22,0.22,413900
PTTEP01P2610A,20260513,0.77,0.77,0.75,0.76,1167400
PTTEP13P2609A,20260513,0.56,0.56,0.55,0.56,954200
PTTGC01P2610A,20260513,0.4,0.4,0.38,0.38,2162600
PTTGC13P2610A,20260513,0.4,0.4,0.38,0.38,400700
RKLB80,20260513,3.92,4.1,3.9,4.1,570184
SAWAD19C2610A,20260513,0.39,0.39,0.38,0.38,644500
SCB41C2609A,20260513,0.21,0.21,0.21,0.21,100
SCC13P2609A,20260513,0.36,0.36,0.34,0.36,1090600
SCC41C2609A,20260513,0.32,0.32,0.31,0.31,100200
SCGP01C2610A,20260513,0.16,0.17,0.16,0.17,5541400
SCGP01P2610A,20260513,0.4,0.4,0.39,0.39,3435400
SCGP13C2609A,20260513,0.16,0.17,0.16,0.16,3025800
SCGP13C2609B,20260513,0.49,0.52,0.48,0.5,13362500
SCGP13P2609A,20260513,0.32,0.32,0.3,0.31,3876100
SCGP19C2610A,20260513,0.24,0.25,0.24,0.24,1909300
SCGP41C2609A,20260513,0.14,0.15,0.14,0.15,500
SET01C2608A,20260513,0.78,0.93,0.78,0.91,6190900
SET01P2608A,20260513,0.7,0.7,0.59,0.6,13655300
SET100FF,20260513,1995.4,2016.49,1991.72,2010.06,290915850000
SET5001C2608A,20260513,0.55,0.63,0.55,0.62,4903000
SET5001P2608A,20260513,0.71,0.71,0.65,0.66,1851900
SET5013C2606M,20260513,0.45,0.62,0.43,0.51,339411000
SET5013C2609A,20260513,0.77,0.92,0.77,0.84,156757700
SET5013P2609A,20260513,0.95,0.96,0.84,0.89,187264400
SET5013P2609B,20260513,1.21,1.24,1.09,1.15,361918100
SET5019P2609A,20260513,1.17,1.17,1.04,1.09,19019500
SET5041C2606L,20260513,0.28,0.3,0.27,0.27,98100
SET5041P2609A,20260513,0.93,0.93,0.82,0.87,10279700
SET50FF,20260513,933.35,943.84,931.49,940.18,169063020000
SETCLMV,20260513,693.9,698.87,691.93,697.06,172659110000
SETESG,20260513,872.33,876.64,869.71,872.11,187641760000
SETWB,20260513,576.91,577.45,571.87,574.98,45299640000
SNDK80,20260513,5.25,5.25,4.8,5,673008
SOFTBANK80,20260513,12.3,12.8,12.3,12.8,31898
SPTX-W8,20260513,0.01,0.01,0.01,0.01,15900
SPTX-W8-O,20260513,0.01,0.01,0.01,0.01,80
SPX41C2609A,20260513,0.87,0.88,0.86,0.88,16500
SPX41P2609A,20260513,0.67,0.67,0.67,0.67,3000
SSET,20260513,579.75,582.49,577.03,577.76,17981610000
STA13C2610A,20260513,0.42,0.47,0.42,0.43,8640600
STA19C2610A,20260513,0.46,0.51,0.46,0.48,11869700
STECON19C2610A,20260513,0.36,0.38,0.33,0.35,6331800
STGT13C2610A,20260513,0.27,0.3,0.26,0.27,9407000
STGT19C2610A,20260513,0.26,0.3,0.26,0.27,4351300
SUNNY41C2610A,20260513,0.31,0.32,0.31,0.31,7000
TBSP,20260513,1.53,1.53,1.08,1.14,274000
TBSP-W1,20260513,0.18,0.37,0.18,0.2,271000
TBSP-W1-O,20260513,0.27,0.35,0.27,0.35,13
TENCEN41C2610A,20260513,0.27,0.29,0.27,0.28,66600
TFG13C2610A,20260513,0.25,0.27,0.21,0.26,75457300
TFG19C2610A,20260513,0.23,0.24,0.2,0.24,8397600
TOP41C2609A,20260513,0.31,0.31,0.31,0.31,100200
TRUE01C2610A,20260513,0.32,0.34,0.32,0.32,3220800
TRUE01P2610A,20260513,0.39,0.4,0.37,0.39,3493000
TRUE13C2610A,20260513,0.35,0.37,0.34,0.36,12553500
VGI13C2609A,20260513,0.2,0.21,0.19,0.19,2333500
