<TICKER>,<DTYYYYMMDD>,<OPEN>,<HIGH>,<LOW>,<CLOSE>,<VOL>
AAPL01,20260602,30,30,29.25,29.25,33777
AAPL03,20260602,3.4,3.4,3.3,3.34,49006
AAPL19,20260602,6.8,6.8,6.65,6.7,221339
AAPL80,20260602,10.2,10.2,9.9,10,712052
ABBV19,20260602,7.15,7.15,6.85,6.9,33722
ABNB06,20260602,4.44,4.5,4.34,4.5,66833
ADBE03,20260602,1.77,1.99,1.77,1.96,494087
ADBE06,20260602,2,2.24,2,2.2,6713711
ADVANT19,20260602,5.35,5.45,5.25,5.45,178353
ADVANT23,20260602,3.52,3.64,3.52,3.64,370806
AFRM03,20260602,3.04,3.04,2.92,2.92,483494
AIA06,20260602,3.42,3.42,3.42,3.42,6796
AIA19,20260602,3.42,3.44,3.4,3.42,3157
AIA23,20260602,2.66,2.66,2.6,2.6,125211
AMD03,20260602,8.55,8.55,8.1,8.25,113597
AMD23,20260602,7.1,7.1,6.75,6.9,697810
AMD80,20260602,3.42,3.42,3.22,3.3,22437160
AMGN06,20260602,2.72,2.76,2.68,2.7,57815
AMZN01,20260602,26.25,26.25,24.7,24.9,110730
AMZN03,20260602,4.44,4.44,4.22,4.24,14261
AMZN06,20260602,2.2,2.22,2.1,2.1,223552
AMZN23,20260602,2.96,2.96,2.82,2.82,59909
AMZN80,20260602,2.22,2.24,2.1,2.12,12353485
ANET23,20260602,2.84,3.12,2.82,3.12,790334
ANTA13,20260602,1.96,1.96,1.95,1.95,444
ANTA23,20260602,1.98,2.02,1.98,1.99,70373
APLD03,20260602,5.45,5.45,5,5.25,852801
APPL03,20260602,3.26,3.32,3.16,3.28,674771
ASEMI24,20260602,3.92,4,3.9,3.96,1464425
ASICS23,20260602,2.9,2.9,2.78,2.88,24364
ASML01,20260602,44.75,45,43.75,45,136236
ASTS03,20260602,3.88,3.88,3.32,3.54,23486700
AVGO23,20260602,3.2,3.64,3.2,3.64,1715660
AVGO80,20260602,2.84,3.26,2.82,3.22,33719629
AXP06,20260602,2.6,2.6,2.52,2.56,364919
BABA01,20260602,12.2,12.4,12,12.4,151405
BABA06,20260602,5.45,5.45,5.35,5.45,64381
BABA13,20260602,2.28,2.28,2.16,2.28,54624
BABA23,20260602,3.6,3.64,3.56,3.64,1963653
BABA80,20260602,5.35,5.45,5.3,5.4,11414460
BAC03,20260602,3.34,3.38,3.32,3.38,1607
BDX06,20260602,1.62,1.64,1.59,1.62,170680
BIDU01,20260602,12.5,12.8,12.4,12.8,139590
BIDU06,20260602,5.45,5.65,5.45,5.65,112546
BIDU23,20260602,2.62,2.7,2.6,2.7,215663
BIDU80,20260602,5.55,5.65,5.45,5.6,5611538
BILIBILI01,20260602,2.98,2.98,2.94,2.98,985053
BIREN23,20260602,10.2,10.5,10,10.3,407374
BKNG03,20260602,2.28,2.3,2.28,2.3,64434
BKNG80,20260602,2.76,2.78,2.74,2.74,57745
BLK06,20260602,3.42,3.46,3.3,3.34,32565
BONDAS19,20260602,6.45,6.45,6.4,6.45,10445
BRKB80,20260602,1.56,1.56,1.53,1.55,7747877
BYDCOM01,20260602,0.91,0.92,0.9,0.91,1126113
BYDCOM80,20260602,0.39,0.41,0.39,0.41,26629631
CAMBRI80,20260602,6.35,6.35,6.25,6.3,1042725
CATL01,20260602,7.2,7.4,7.2,7.4,6187862
CATL23,20260602,12.7,13,12.7,12.9,268850
CATL80,20260602,31.75,32.75,31.75,32.5,562916
CCJ23,20260602,2.28,2.32,2.22,2.28,336386
CEG23,20260602,2.34,2.38,2.16,2.22,1601732
CHHONGQ19,20260602,12,12.2,12,12.1,11826
CHMOBILE19,20260602,3.58,3.58,3.54,3.58,221283
CHMOBILE23,20260602,2.76,2.78,2.72,2.78,18116
CHNXT5023,20260602,9.25,9.3,9.15,9.25,81676
CMBANK23,20260602,2.2,2.24,2.2,2.24,28009
CME03,20260602,3.04,3.04,2.82,2.86,859497
CN01,20260602,24.5,24.6,24.3,24.6,17626
CN23,20260602,6.15,6.25,6.1,6.25,35642
CNBIO24,20260602,1.33,1.33,1.32,1.32,58593
CNEV24,20260602,2.36,2.4,2.36,2.4,43601
CNROBOAI23,20260602,2.72,2.76,2.72,2.74,112951
CNSEMI23,20260602,3.66,3.8,3.66,3.76,1898235
CNSTAR5023,20260602,8.55,8.75,8.55,8.75,118649
CNTECH01,20260602,27,27.5,26.75,27.25,391152
COSTCO19,20260602,32.25,32.25,30.75,31,120790
CRM01,20260602,3.24,3.78,3.24,3.7,4303836
CRM06,20260602,2.34,2.72,2.34,2.68,140984
CRM80,20260602,5.85,6.8,5.85,6.65,1795554
CRSP03,20260602,3.68,3.68,3.52,3.52,112140
CRWD06,20260602,4.4,5.1,4.4,4.98,634356
CRWD80,20260602,22,25.5,22,24.9,561599
CRWV03,20260602,3.54,4.26,3.34,4.22,5344652
CSCO06,20260602,4.82,4.98,4.78,4.92,490740
CYPC80,20260602,13.5,13.6,13,13.6,11675
DASH03,20260602,2.56,2.7,2.56,2.7,20752
DBS19,20260602,16.3,16.5,16.3,16.5,8820
DDOG19,20260602,7.4,9.05,7.4,8.9,1014579
DELL19,20260602,14,15.7,13.1,15.5,10531238
DISNEY19,20260602,16.9,16.9,16.7,16.9,2689
DUOL06,20260602,2.22,2.42,2.18,2.38,700939
E1VFVN3001,20260602,44,44,43.25,43.5,179881
EOSE03,20260602,1.48,1.48,1.35,1.46,18591105
ESTEE80,20260602,0.99,0.99,0.92,0.94,365034
EXPE06,20260602,3.02,3.04,2.92,3.02,21075
FANUC23,20260602,2.86,2.86,2.76,2.84,277396
FCX23,20260602,2.68,2.78,2.62,2.74,422264
FERRARI80,20260602,1.13,1.16,1.11,1.16,346379
FPTVN11,20260602,1.85,1.87,1.85,1.87,273931
FPTVN19,20260602,9.3,9.4,9.3,9.3,230757
FUEVFVND01,20260602,44.25,44.75,43.5,43.5,137706
GAC03,20260602,2.2,2.22,2.2,2.22,5047
GANFENG23,20260602,2.56,2.62,2.54,2.62,470737
GASVN11,20260602,4.22,4.22,4.08,4.1,312425
GDS23,20260602,2.1,2.16,2.1,2.14,189122
GEELY06,20260602,3.1,3.16,3.08,3.16,11492
GEELY80,20260602,7.65,7.9,7.65,7.9,175362
GEV23,20260602,2.98,2.98,2.78,2.86,4128809
GIGA23,20260602,10.1,10.1,9.8,10,192804
GOLD03,20260602,3.38,3.38,3.36,3.38,390202
GOLD19,20260602,13.4,13.6,13.4,13.6,235137
GOLDUS03,20260602,3.4,3.42,3.36,3.4,101680
GOLDUS19,20260602,45,45.5,44.75,45,100433
GOOG23,20260602,3.12,3.12,2.94,2.98,1596574
GOOG80,20260602,6.25,6.25,5.9,5.9,21215530
GOOGL01,20260602,37.25,37.25,35,35.25,912466
GOOGL03,20260602,6.3,6.3,5.95,6,456542
GRAB80,20260602,11.6,11.7,11.3,11.7,110049
GSUS06,20260602,4.72,4.92,4.68,4.9,48088
HAIERS19,20260602,8.45,8.6,8.45,8.6,131181
HANSOH19,20260602,5.2,5.25,5.15,5.2,36828
HERMES80,20260602,6.25,6.25,6.1,6.1,106013
HIMS03,20260602,4.2,4.58,3.94,4.52,1307883
HK01,20260602,21.5,21.9,21.5,21.8,87731
HK13,20260602,5.7,5.7,5.45,5.7,223
HKCE01,20260602,24.6,25,24.5,24.9,6836
HKEX23,20260602,2.14,2.2,2.14,2.2,51071
HKTECH13,20260602,4.22,4.28,4.18,4.26,356681
HONDA19,20260602,2.8,2.84,2.8,2.84,88261
HOOD03,20260602,2.8,3.08,2.74,2.88,2482210
HOOD06,20260602,2.78,3.2,2.76,2.9,3046530
HOOD80,20260602,2.8,3.08,2.76,2.88,1664217
HORIZON23,20260602,1.41,1.45,1.4,1.44,309831
HPG19,20260602,3,3.02,2.98,2.98,41210
HSHD23,20260602,6.75,6.85,6.65,6.85,122155
HUAHONG23,20260602,9.15,9.15,8.7,8.9,2553564
IBM06,20260602,3.64,4.16,3.58,4.04,11318976
ICBC06,20260602,2.78,2.82,2.78,2.82,340
ICBC19,20260602,2.78,2.82,2.78,2.82,2201
IFLYTEK80,20260602,2.34,2.4,2.34,2.36,8
INDIA01,20260602,13,13,12.8,13,131213
INDIAESG19,20260602,3.98,3.98,3.94,3.98,26654
INTEL03,20260602,8,8.25,6.95,7,12729625
IONQ03,20260602,4.56,4.64,4.36,4.5,9703677
ISRG01,20260602,3.08,3.08,2.98,3,899121
ISRG06,20260602,2.76,2.78,2.68,2.7,115743
ISRG19,20260602,3.46,3.46,3.38,3.38,23506
ITOCHU19,20260602,6.3,6.35,6.3,6.3,118717
JAP03,20260602,3.6,3.6,3.58,3.58,2868
JAPAN10001,20260602,28.25,29,28.25,28.75,19621
JAPAN13,20260602,5.45,5.55,5.25,5.4,37287
JD80,20260602,4.82,5,4.76,5,767396
JDHEAL19,20260602,3.26,3.32,3.24,3.32,90278
JEPI19,20260602,6.15,6.15,6.05,6.1,4339007
JGRO19,20260602,10.7,10.9,10.7,10.9,63849
JNJ03,20260602,3.76,3.76,3.62,3.66,466700
JPMUS06,20260602,3.24,3.24,3.2,3.2,188976
JPMUS19,20260602,19.4,19.5,19.2,19.2,8686
JTEK19,20260602,11.7,12,11.6,12,6554
KEYENCE23,20260602,2.86,2.86,2.8,2.86,24333
KINGSOFT23,20260602,1.61,1.64,1.59,1.64,202404
KIOXIA23,20260602,8.85,10.2,8.85,10.2,753080
KO80,20260602,2.62,2.64,2.56,2.58,533810
KUAISH01,20260602,2.5,2.56,2.46,2.48,2114949
KUAISH06,20260602,1.97,2.06,1.97,2.06,30020
KUAISH23,20260602,1.43,1.48,1.41,1.47,3370243
KUAISH80,20260602,2,2.06,1.97,2.04,4097101
LENOVO13,20260602,5.5,5.95,5.5,5.95,224432
LLY80,20260602,1.83,1.84,1.74,1.74,9007473
LOREAL80,20260602,1.48,1.49,1.44,1.45,14859
LPGOLD13,20260602,2.24,2.34,2.24,2.34,38755
LRCX23,20260602,4,4.06,3.86,4.02,668339
LULU06,20260602,2.16,2.16,2.12,2.16,16522
LVMH01,20260602,11.6,11.6,11.2,11.2,173613
MA80,20260602,1.62,1.63,1.61,1.62,150807
MEITUAN19,20260602,1.16,1.19,1.16,1.18,15361552
MEITUAN23,20260602,2.14,2.24,2.14,2.2,7360
MEITUAN80,20260602,3.48,3.56,3.46,3.52,28230103
MELI06,20260602,2.22,2.26,2.2,2.26,1366133
META01,20260602,6.1,6.1,5.75,5.85,2142835
META06,20260602,2.58,2.6,2.44,2.48,1300331
META23,20260602,2.46,2.46,2.32,2.36,2537215
META80,20260602,2.58,2.58,2.44,2.48,15380208
MICRON01,20260602,19.4,21.1,19.1,20.9,10585166
MICRON03,20260602,10.3,11.3,10.2,11.2,784325
MICRON19,20260602,20.5,22.6,20.4,22.4,1752876
MICRON23,20260602,6.2,6.8,6.1,6.75,3016972
MICRON80,20260602,31,33.75,30.5,33.75,2104744
MITSU19,20260602,7.1,7.35,6.95,7.35,526242
MNSO80,20260602,10.9,11.2,10.9,11.1,3104
MNST06,20260602,4.08,4.14,4.08,4.12,734
MRVL06,20260602,6.6,9,6.55,8.9,4191983
MRVL23,20260602,5.55,7.5,5.45,7.4,2208635
MRVL80,20260602,6.55,9,6.5,8.9,6462765
MS06,20260602,4.42,4.6,4.42,4.58,82920
MSFT01,20260602,4.12,4.38,4.12,4.34,6354038
MSFT03,20260602,2.82,2.98,2.82,2.94,191697
MSFT06,20260602,3.52,3.72,3.52,3.7,7059805
MSFT19,20260602,4.7,4.96,4.7,4.92,721668
MSFT23,20260602,2.62,2.76,2.6,2.74,2298960
MSFT80,20260602,7.05,7.45,7.05,7.4,18387437
MSN11,20260602,3.72,3.72,3.66,3.66,19560
MSN19,20260602,3.12,3.14,3.08,3.08,528
MUFG19,20260602,6.2,6.25,6.1,6.25,14373
MUFG23,20260602,2.48,2.58,2.46,2.58,8344
MWG11,20260602,3.94,4,3.94,4,4614
MWG19,20260602,9.75,9.9,9.65,9.85,258316
NAURA23,20260602,3.26,3.32,3.24,3.28,436116
NAURA80,20260602,29.5,29.75,29.25,29.25,71853
NBIS03,20260602,7.5,8.9,6.8,8.9,23454349
NDAQ06,20260602,2.98,3.04,2.96,3.02,617796
NDX01,20260602,26,26.25,25.5,26,284333
NEM06,20260602,3.56,3.62,3.5,3.6,404976
NEM23,20260602,2.22,2.26,2.2,2.24,27030
NET03,20260602,3.76,4.4,3.74,4.34,850336
NETEASE80,20260602,8.15,8.6,8.05,8.3,164719
NFLX06,20260602,2.82,2.82,2.76,2.8,3830976
NFLX80,20260602,2.82,2.82,2.78,2.8,2187858
NIKE80,20260602,0.78,0.78,0.74,0.75,1542652
NIKKEI80,20260602,14.1,14.3,14,14.3,32180
NINTENDO19,20260602,15,15.2,15,15,43683
NINTENDO23,20260602,1.3,1.36,1.3,1.33,316107
NONGFU80,20260602,1.81,1.84,1.81,1.84,151166
NOVOB80,20260602,1.5,1.5,1.43,1.45,6895495
NOW19,20260602,3.82,4.42,3.8,4.32,17468014
NVDA01,20260602,20.7,21.9,20.5,21.9,1533479
NVDA03,20260602,4.68,4.94,4.64,4.94,547869
NVDA06,20260602,4.68,4.96,4.62,4.94,3031586
NVDA19,20260602,28,29.75,27.75,29.75,175486
NVDA23,20260602,3.34,3.56,3.3,3.54,4725085
NVDA80,20260602,35,37.5,34.75,37.5,4069857
NVTS03,20260602,9.35,9.35,7.95,8.7,7578313
OIL03,20260602,3.6,3.68,3.6,3.6,1182230
ONON03,20260602,2.64,2.68,2.54,2.56,10981
ORCL01,20260602,4.3,4.98,4.26,4.84,6836620
ORCL06,20260602,2.76,3.18,2.72,3.1,5399317
ORCL19,20260602,6.9,7.95,6.8,7.7,5562683
PANW80,20260602,8.5,9.85,8.4,9.75,2142357
PEP80,20260602,0.96,0.96,0.92,0.94,5947718
PETROCN80,20260602,4.52,4.52,4.44,4.44,64091
PFIZER19,20260602,17.1,17.1,16.7,16.8,95833
PINGAN01,20260602,5.45,5.55,5.4,5.55,85826
PINGAN80,20260602,2.42,2.46,2.4,2.46,6730603
PLTR01,20260602,4.34,4.68,4.34,4.62,3241730
PLTR03,20260602,3.2,3.44,3.18,3.4,873463
PLTR06,20260602,3.2,3.44,3.18,3.36,10925532
PLTR23,20260602,2.52,2.72,2.5,2.68,5603618
POPMART23,20260602,1.76,1.79,1.76,1.79,42122
POPMART80,20260602,7.35,7.45,7.3,7.4,2073329
PYPL06,20260602,2.92,2.96,2.9,2.96,76957
QCOM06,20260602,4.12,4.22,3.62,3.78,10242670
QQQM19,20260602,19.8,20,19.7,20,388158
RBLX06,20260602,1.27,1.29,1.26,1.26,335379
REMX03,20260602,3.28,3.3,3.2,3.26,439311
RGTI03,20260602,4.38,4.38,4,4.16,7316405
RKLB03,20260602,9.35,9.35,7.8,8.1,7700932
SANOFI80,20260602,2.9,2.9,2.82,2.84,229545
SANRIO23,20260602,1.34,1.36,1.33,1.35,210320
SANRIO80,20260602,9.2,9.2,9.2,9.2,1412
SBUX80,20260602,1.64,1.65,1.57,1.58,460554
SEAGATE23,20260602,6.1,6.3,5.9,6.25,613747
SEMB19,20260602,5.45,5.45,5.35,5.35,12169
SENSE23,20260602,1.87,1.91,1.85,1.91,380936
SGX19,20260602,5.65,5.65,5.55,5.6,59655
SHOP03,20260602,2.52,2.68,2.48,2.68,30243
SHOP06,20260602,1.87,2.04,1.84,2.04,750646
SIA19,20260602,17.2,17.3,17.1,17.2,75526
SIL03,20260602,2.96,3.06,2.94,3.04,1059877
SINGTEL80,20260602,11.1,11.2,10.9,11.2,187131
SINOBIO19,20260602,4.1,4.1,4.04,4.06,22167
SMCI03,20260602,2.94,3.24,2.9,3.22,5847440
SMFG19,20260602,12.1,12.2,12,12.2,8402
SMIC01,20260602,4.88,4.92,4.84,4.88,720225
SMIC03,20260602,3.42,3.44,3.4,3.42,7331
SMIC13,20260602,2.36,2.44,2.36,2.42,8353
SMIC23,20260602,4.02,4.08,3.98,4,4308897
SNDK03,20260602,13.6,14.4,13.5,14,828398
SNDK23,20260602,6.85,7.15,6.7,7.05,2856311
SNOW06,20260602,3.94,4.52,3.88,4.46,5341684
SNOW23,20260602,3.6,4.14,3.52,4.06,2152575
SOFTBANK23,20260602,3.2,3.42,3.18,3.42,3358883
SONY80,20260602,3.68,3.78,3.68,3.78,2601244
SP50001,20260602,25,25.25,24.8,25.25,188736
SP500US19,20260602,14.5,14.6,14.4,14.6,28659
SP500US80,20260602,2.9,2.92,2.88,2.9,840583
SPBOND80,20260602,8.35,8.4,8.25,8.4,74774
SPCOM80,20260602,3.76,3.86,3.74,3.86,52370
SPENGY80,20260602,3.7,3.74,3.64,3.72,182512
SPFIN80,20260602,16.8,16.8,16.7,16.8,12325
SPHLTH80,20260602,4.92,4.92,4.8,4.86,69233
SPOT06,20260602,2.1,2.1,2.02,2.02,1741314
SPTECH80,20260602,12.4,12.8,12.4,12.8,29615
STAR5001,20260602,50.25,50.25,49,49.75,442683
STEG19,20260602,28.75,28.75,28.25,28.5,5347
SUNNY19,20260602,3.52,3.52,3.42,3.46,340560
SUNNY80,20260602,3.46,3.5,3.22,3.48,155652
SUSHI23,20260602,3.26,3.26,3.2,3.2,64545
SYNP03,20260602,3.16,3.2,3.08,3.2,1467940
TAIWAN19,20260602,44,45,43.5,44.75,230435
TAIWANAI13,20260602,20.9,21.3,20.9,21.3,85054
TAIWANHD13,20260602,31.5,32.25,31.5,32.25,1502
TEL23,20260602,3.96,4.04,3.94,3.98,125334
TEL80,20260602,10.7,10.9,10.7,10.9,39429
TENCENT01,20260602,4.4,4.56,4.36,4.52,1757366
TENCENT06,20260602,1.93,2.02,1.92,1.99,530119
TENCENT13,20260602,3.88,4.08,3.88,4.04,4600
TENCENT19,20260602,9.7,10,9.65,10,98933
TENCENT23,20260602,2.16,2.24,2.14,2.24,2365184
TENCENT80,20260602,19.3,20.1,19.2,19.9,3458680
THAIBEV19,20260602,11.3,11.3,11,11.1,74417
TME23,20260602,0.98,0.99,0.98,0.98,691928
TOYOTA80,20260602,5.9,5.95,5.8,5.9,227260
TRIPCOM23,20260602,1.59,1.62,1.57,1.62,177419
TRIPCOM80,20260602,1.59,1.62,1.58,1.62,19972621
TRVUS06,20260602,3.82,3.9,3.8,3.86,118391
TSLA01,20260602,42,42,39.5,40.25,47896
TSLA03,20260602,4.78,4.78,4.48,4.54,42046
TSLA23,20260602,2.74,2.76,2.58,2.62,251094
TSLA80,20260602,2.88,2.88,2.66,2.7,18606239
UBER06,20260602,2.32,2.42,2.3,2.4,460868
UBTECH23,20260602,1.8,1.93,1.8,1.92,39232336
UNH19,20260602,6.25,6.25,6.1,6.15,103661
UNIQLO80,20260602,16.2,16.3,16.1,16.3,35326
UOB19,20260602,9.7,9.8,9.7,9.8,27269
USTR24,20260602,1.17,1.17,1.16,1.17,85077
VCB11,20260602,3.08,3.12,3.06,3.08,48056
VCB19,20260602,7.75,7.85,7.7,7.75,22398
VENTURE19,20260602,4.66,4.68,4.64,4.68,25638
VHM19,20260602,19.2,19.2,18.7,18.9,45248
VISA06,20260602,1.32,1.35,1.31,1.32,130700
VISA80,20260602,1.31,1.35,1.31,1.31,1537023
VNFIN24,20260602,1.86,1.86,1.85,1.85,625
VNM19,20260602,7.4,7.45,7.35,7.45,62480
VRT23,20260602,3.08,3.22,2.94,3.22,8557346
VT03,20260602,3.46,3.48,3.42,3.48,209761
WMT06,20260602,3.86,3.88,3.72,3.76,1077487
WORLD03,20260602,4.38,4.4,4.34,4.38,75482
WORLDA01,20260602,5.1,5.1,5.05,5.1,65877
WUXI06,20260602,3.6,3.68,3.58,3.66,31609
WUXI13,20260602,2.1,2.1,2.1,2.1,1
WUXIAT80,20260602,5.25,5.4,5.25,5.4,21432
XIAOMI01,20260602,2.76,2.84,2.72,2.82,1396594
XIAOMI13,20260602,2.52,2.64,2.5,2.64,70806
XIAOMI19,20260602,6.1,6.2,6.1,6.1,6147
XIAOMI23,20260602,1.47,1.48,1.46,1.48,248052
XIAOMI80,20260602,12.2,12.4,12,12.2,2275701
XPENG03,20260602,2.88,3.02,2.88,3.02,593718
ZAI23,20260602,14.9,15.1,14.3,14.9,107163
ZIJIN13,20260602,2.46,2.48,2.44,2.48,1602
ZIJIN23,20260602,2.14,2.26,2.12,2.24,114317
ZIJIN80,20260602,13.7,14.4,13.7,14.1,127894
ZJINNO80,20260602,5.7,5.95,5.7,5.95,895599
AAV01C2609T,20260602,0.07,0.07,0.07,0.07,10100
AAV01C2703T,20260602,0.15,0.15,0.15,0.15,1013000
AAV01P2607A,20260602,0.15,0.15,0.14,0.15,2136800
AAV13C2608A,20260602,0.02,0.03,0.02,0.03,11900
AAV13C2608B,20260602,0.09,0.09,0.09,0.09,1945000
AAV19C2608A,20260602,0.11,0.11,0.11,0.11,200
AAV41C2608T,20260602,0.01,0.01,0.01,0.01,85200
ADVANC01C2606A,20260602,0.07,0.14,0.07,0.11,7231200
ADVANC01C2607A,20260602,0.08,0.13,0.08,0.11,8007000
ADVANC01C2608A,20260602,0.04,0.05,0.04,0.05,1124600
ADVANC01C2609A,20260602,0.24,0.3,0.24,0.27,7057000
ADVANC01C2610A,20260602,0.45,0.52,0.44,0.49,13130500
ADVANC01C2701T,20260602,0.53,0.59,0.53,0.58,7234600
ADVANC01P2606A,20260602,0.01,0.01,0.01,0.01,112400
ADVANC01P2607A,20260602,0.06,0.06,0.06,0.06,1400
ADVANC01P2609A,20260602,0.63,0.63,0.55,0.57,4754400
ADVANC13C2607A,20260602,0.06,0.09,0.06,0.08,702900
ADVANC13C2608A,20260602,0.05,0.05,0.05,0.05,50000
ADVANC13C2608B,20260602,0.05,0.06,0.05,0.06,624200
ADVANC13C2608C,20260602,0.09,0.11,0.09,0.1,2906400
ADVANC13C2609A,20260602,0.26,0.33,0.26,0.31,9748600
ADVANC13C2701T,20260602,0.34,0.37,0.34,0.37,2999100
ADVANC13P2609A,20260602,0.34,0.34,0.29,0.3,15313300
ADVANC19C2607A,20260602,0.04,0.04,0.04,0.04,100000
ADVANC19C2609A,20260602,0.22,0.29,0.22,0.27,4047200
ADVANC41C2606T,20260602,0.7,0.78,0.7,0.78,340000
ADVANC41C2607A,20260602,0.06,0.08,0.06,0.08,10200
ADVANC41C2701T,20260602,0.26,0.29,0.26,0.29,18952100
AEONTS13C2608A,20260602,0.12,0.12,0.11,0.12,1020200
AIA41C2609A,20260602,0.29,0.29,0.29,0.29,1600
AMATA01C2608A,20260602,0.92,0.96,0.92,0.94,3534100
AMATA13C2607A,20260602,1.36,1.37,1.36,1.37,2400
AMATA13C2608A,20260602,0.91,0.91,0.91,0.91,1000
AMATA41C2608T,20260602,0.13,0.14,0.13,0.14,400000
AMATA41C2609T,20260602,0.65,0.67,0.64,0.67,4462400
AOT01C2606T,20260602,0.36,0.39,0.36,0.39,4873200
AOT01C2607A,20260602,0.1,0.13,0.09,0.12,3068300
AOT01C2609A,20260602,0.33,0.37,0.32,0.37,6252700
AOT01P2607A,20260602,0.06,0.06,0.06,0.06,3000
AOT01P2609A,20260602,0.42,0.43,0.39,0.39,4686300
AOT13C2608A,20260602,0.17,0.2,0.16,0.2,5169100
AOT13P2609A,20260602,0.27,0.28,0.24,0.24,5036600
AOT19C2608A,20260602,0.32,0.37,0.3,0.37,6103300
AOT41C2608A,20260602,0.17,0.19,0.17,0.18,302500
AOT41C2609T,20260602,0.42,0.47,0.41,0.46,13255200
AWC01C2606T,20260602,0.06,0.09,0.06,0.09,490000
AWC01C2703T,20260602,0.25,0.26,0.25,0.26,395900
AWC13C2606A,20260602,0.01,0.01,0.01,0.01,282700
AWC13C2608A,20260602,0.06,0.07,0.06,0.07,671800
AWC13C2608B,20260602,0.23,0.26,0.21,0.26,3433300
AWC13C2701T,20260602,0.21,0.22,0.21,0.22,6991900
AWC41C2606T,20260602,0.01,0.01,0.01,0.01,600000
AWC41C2609T,20260602,0.15,0.16,0.15,0.16,1600000
BA13C2607A,20260602,0.04,0.04,0.04,0.04,30000
BA13C2608A,20260602,0.24,0.29,0.24,0.29,6745200
BA19C2609A,20260602,0.33,0.38,0.33,0.38,4960500
BA41C2608A,20260602,0.22,0.26,0.22,0.26,3840000
BA41C2611T,20260602,0.2,0.22,0.2,0.22,2025000
BABA28C2609A,20260602,0.21,0.23,0.21,0.23,1390500
BABA41C2606A,20260602,0.08,0.08,0.08,0.08,110300
BABA41C2609T,20260602,0.47,0.47,0.47,0.47,4000
BABA41C2610A,20260602,0.47,0.51,0.47,0.51,1222700
BABA41C2701T,20260602,0.6,0.62,0.6,0.62,67000
BABA41P2609A,20260602,0.23,0.23,0.22,0.22,65700
BAM01C2608A,20260602,0.03,0.03,0.03,0.03,1000
BAM13C2607A,20260602,0.01,0.01,0.01,0.01,15000
BAM13C2608A,20260602,0.05,0.05,0.05,0.05,782800
BAM19C2612T,20260602,0.18,0.18,0.18,0.18,20300
BANPU01C2606T,20260602,0.3,0.3,0.3,0.3,70000
BANPU01C2607A,20260602,0.04,0.04,0.04,0.04,57800
BANPU01C2703T,20260602,0.16,0.17,0.16,0.17,845000
BANPU13C2606A,20260602,0.01,0.01,0.01,0.01,722000
BANPU13C2608A,20260602,0.06,0.06,0.06,0.06,638300
BANPU13C2609A,20260602,0.14,0.15,0.14,0.15,460800
BANPU13C2701T,20260602,0.22,0.22,0.22,0.22,258000
BANPU13P2609A,20260602,0.19,0.19,0.19,0.19,736400
BANPU19C2612T,20260602,0.33,0.34,0.33,0.34,618900
BBL13C2607A,20260602,0.05,0.06,0.05,0.06,3886000
BBL13C2607B,20260602,0.09,0.1,0.09,0.1,11007800
BBL13C2608A,20260602,0.32,0.36,0.31,0.35,16548500
BBL13P2608A,20260602,0.1,0.1,0.1,0.1,103700
BBL19C2612T,20260602,0.51,0.56,0.51,0.55,6977000
BBL41C2608A,20260602,0.3,0.35,0.3,0.35,5703300
BBL41C2609T,20260602,0.5,0.53,0.5,0.53,7600000
BCH01C2607A,20260602,0.01,0.01,0.01,0.01,50000
BCH13C2607A,20260602,0.08,0.09,0.07,0.07,611300
BCH13C2607B,20260602,0.01,0.02,0.01,0.02,4000
BCH13C2609A,20260602,0.1,0.1,0.1,0.1,204600
BCP01C2607A,20260602,0.1,0.11,0.1,0.11,2530500
BCP13C2608A,20260602,0.14,0.16,0.14,0.16,2059000
BCP13C2608B,20260602,0.04,0.05,0.04,0.05,5601900
BCP41C2608A,20260602,0.14,0.16,0.14,0.16,1360000
BCP41C2609T,20260602,0.07,0.07,0.07,0.07,2000
BCPG01C2607A,20260602,0.16,0.17,0.15,0.15,2391800
BCPG13C2607A,20260602,0.05,0.05,0.04,0.04,2933900
BCPG13C2608A,20260602,0.04,0.04,0.03,0.03,1894900
BCPG19C2609A,20260602,0.2,0.21,0.2,0.2,1175600
BCPG41C2612T,20260602,0.14,0.14,0.14,0.14,1600000
BDMS01C2607A,20260602,0.02,0.02,0.01,0.02,61000
BDMS01C2609A,20260602,0.14,0.15,0.14,0.14,1460600
BDMS13C2607A,20260602,0.02,0.02,0.02,0.02,50500
BDMS13C2608A,20260602,0.02,0.02,0.02,0.02,2063700
BDMS13C2608B,20260602,0.1,0.1,0.1,0.1,661800
BDMS13C2701T,20260602,0.17,0.17,0.17,0.17,187300
BDMS19C2608A,20260602,0.1,0.11,0.1,0.11,43500
BDMS41C2609T,20260602,0.04,0.04,0.04,0.04,100
BDMS41C2612T,20260602,0.12,0.13,0.12,0.13,136000
BEM41C2606T,20260602,0.01,0.01,0.01,0.01,1640600
BEM41C2612T,20260602,0.11,0.11,0.11,0.11,50000
BGRIM01C2606T,20260602,0.01,0.02,0.01,0.02,154000
BGRIM01C2608A,20260602,0.1,0.11,0.1,0.11,5716000
BGRIM01C2609A,20260602,0.26,0.29,0.25,0.27,6916800
BGRIM13C2607A,20260602,0.04,0.04,0.04,0.04,100
BGRIM13C2608A,20260602,0.21,0.25,0.2,0.23,11989100
BGRIM13C2608B,20260602,0.39,0.39,0.37,0.37,5000
BGRIM13P2608A,20260602,0.14,0.14,0.12,0.12,4069800
BGRIM19C2607A,20260602,0.09,0.09,0.09,0.09,249100
BGRIM19C2609A,20260602,0.32,0.34,0.3,0.33,1454600
BGRIM41C2608B,20260602,0.35,0.38,0.35,0.38,370000
BGRIM41C2608T,20260602,0.14,0.16,0.14,0.15,9601600
BGRIM41C2701T,20260602,0.4,0.43,0.4,0.43,7169900
BH01C2607A,20260602,0.59,0.59,0.54,0.54,234800
BH01C2608A,20260602,0.06,0.06,0.06,0.06,100
BH01C2609A,20260602,0.62,0.62,0.58,0.58,4360400
BH01C2609B,20260602,0.65,0.65,0.6,0.61,5591600
BH01P2608A,20260602,0.22,0.23,0.22,0.23,2004400
BH13C2607A,20260602,0.46,0.46,0.46,0.46,70000
BH13C2608B,20260602,0.26,0.26,0.22,0.22,6080100
BH13P2608A,20260602,0.18,0.18,0.18,0.18,970200
BH19C2607A,20260602,0.86,0.86,0.86,0.86,100
BH19C2608A,20260602,0.24,0.24,0.22,0.22,3603000
BH41C2607A,20260602,0.44,0.45,0.44,0.44,900000
BH41C2608B,20260602,0.22,0.23,0.22,0.22,2871000
BH41C2611T,20260602,0.57,0.57,0.54,0.54,3435100
BIDU28C2610A,20260602,0.37,0.39,0.36,0.39,154000
BIDU41C2609A,20260602,0.09,0.13,0.09,0.13,120800
BIDU41C2609T,20260602,1.3,1.3,1.27,1.27,2600
BIDU41C2610A,20260602,0.88,0.94,0.88,0.94,8000
BJC01C2608A,20260602,0.07,0.07,0.07,0.07,210000
BJC13C2607A,20260602,0.05,0.06,0.05,0.06,436800
BJC19C2612T,20260602,0.28,0.28,0.28,0.28,1231600
BLA01C2607A,20260602,0.16,0.19,0.15,0.17,2645600
BLA01C2609A,20260602,0.48,0.53,0.47,0.51,2589800
BLA13C2607A,20260602,0.16,0.19,0.15,0.18,3804800
BLA13C2608A,20260602,0.41,0.44,0.4,0.42,733600
BLA19C2608A,20260602,0.41,0.46,0.41,0.46,573000
BTG01C2607A,20260602,0.2,0.2,0.18,0.19,492600
BTG01C2609A,20260602,0.17,0.17,0.16,0.17,1048100
BTG01P2609A,20260602,0.54,0.55,0.54,0.54,581400
BTG13C2607A,20260602,0.15,0.16,0.15,0.15,254500
BTG13C2608A,20260602,0.12,0.14,0.12,0.13,541400
BTG13C2609A,20260602,0.11,0.13,0.11,0.13,221400
BTG13C2609B,20260602,0.05,0.05,0.05,0.05,1000
BTG13P2609A,20260602,0.5,0.52,0.5,0.5,945200
BTG41C2703T,20260602,0.21,0.22,0.21,0.22,401000
BTS13C2607A,20260602,0.02,0.02,0.02,0.02,2700000
BTS13C2609A,20260602,0.1,0.13,0.1,0.11,4304100
BTS13C2701T,20260602,0.09,0.1,0.09,0.1,343500
BTS13P2608A,20260602,0.1,0.11,0.1,0.11,368000
BTS19C2609A,20260602,0.15,0.15,0.15,0.15,51000
BTS41C2612T,20260602,0.02,0.03,0.02,0.03,10200
BTS41C2703T,20260602,0.13,0.14,0.13,0.14,188100
BYDCOM41C2609A,20260602,0.32,0.34,0.32,0.34,91000
CBG01C2607A,20260602,0.03,0.03,0.03,0.03,50000
CBG01C2609A,20260602,0.23,0.26,0.22,0.26,2881900
CBG01C2610T,20260602,0.11,0.11,0.11,0.11,529200
CBG01P2607A,20260602,0.12,0.13,0.1,0.1,2817600
CBG01P2609A,20260602,0.16,0.16,0.15,0.15,1126900
CBG13C2608A,20260602,0.13,0.15,0.12,0.14,6431900
CBG13C2608B,20260602,0.19,0.22,0.17,0.2,8134000
CBG19C2607A,20260602,0.02,0.02,0.02,0.02,10000
CBG19C2608A,20260602,0.28,0.32,0.27,0.31,11016800
CBG41C2608A,20260602,0.11,0.14,0.11,0.14,4400000
CBG41C2703T,20260602,0.3,0.32,0.3,0.32,4208000
CCET13C2607A,20260602,1.09,1.54,1.07,1.54,667100
CCET13C2608A,20260602,2.1,2.54,2.1,2.54,20400
CCET13C2609A,20260602,1.24,1.65,1.23,1.65,1891400
CCET13C2609B,20260602,0.92,1.3,0.9,1.3,6826900
CCET19C2607A,20260602,1.52,1.83,1.52,1.83,500
CCET41C2609T,20260602,0.41,0.52,0.4,0.52,8342700
CENTEL01C2606A,20260602,0.01,0.01,0.01,0.01,130000
CENTEL01C2609A,20260602,0.18,0.2,0.18,0.2,4912300
CENTEL13C2608A,20260602,0.07,0.07,0.06,0.07,2061000
CENTEL13C2608B,20260602,0.2,0.2,0.18,0.2,6320900
CENTEL19C2607A,20260602,0.02,0.02,0.02,0.02,28000
CENTEL41C2701T,20260602,0.26,0.26,0.26,0.26,400000
CHG13C2608A,20260602,0.04,0.04,0.04,0.04,16500
CK01C2608A,20260602,0.39,0.57,0.39,0.57,4729600
CK13C2607A,20260602,0.65,0.65,0.65,0.65,100
CK13C2608A,20260602,0.16,0.26,0.16,0.26,13984800
CK19C2609A,20260602,0.29,0.43,0.29,0.43,12622300
COM701C2607A,20260602,0.62,0.66,0.62,0.66,343200
COM701C2607B,20260602,0.08,0.08,0.08,0.08,500
COM701C2705T,20260602,0.47,0.48,0.47,0.48,2409200
COM713C2608A,20260602,0.12,0.13,0.12,0.13,7480600
COM741C2608A,20260602,0.11,0.12,0.11,0.12,3000000
COM741C2609T,20260602,0.46,0.47,0.45,0.47,61900
CPALL01C2606T,20260602,0.02,0.02,0.02,0.02,10000
CPALL01C2607A,20260602,0.12,0.13,0.12,0.12,5088300
CPALL01C2608A,20260602,0.03,0.03,0.03,0.03,5000
CPALL01C2610A,20260602,0.27,0.29,0.27,0.27,6179700
CPALL01C2703T,20260602,0.27,0.28,0.27,0.27,3376700
CPALL01P2607A,20260602,0.02,0.02,0.02,0.02,100
CPALL01P2608A,20260602,0.22,0.23,0.21,0.22,4083500
CPALL13C2607A,20260602,0.09,0.09,0.08,0.09,511600
CPALL13C2608A,20260602,0.06,0.06,0.06,0.06,2338800
CPALL13C2609A,20260602,0.3,0.3,0.27,0.28,21253300
CPALL13C2701T,20260602,0.27,0.28,0.27,0.27,10089300
CPALL13P2608A,20260602,0.04,0.04,0.03,0.03,5100
CPALL19C2607A,20260602,0.18,0.18,0.16,0.17,1365900
CPALL19C2612A,20260602,0.17,0.17,0.13,0.14,1990000
CPALL41C2609A,20260602,0.27,0.27,0.25,0.26,3700500
CPALL41C2612T,20260602,0.17,0.17,0.17,0.17,2060000
CPF01C2609A,20260602,0.13,0.13,0.13,0.13,971000
CPF01C2611T,20260602,0.11,0.11,0.11,0.11,400000
CPF01P2608A,20260602,0.26,0.27,0.26,0.26,1577000
CPF13C2608A,20260602,0.06,0.06,0.06,0.06,20000
CPF13C2609A,20260602,0.14,0.15,0.14,0.14,2637100
CPF13P2608A,20260602,0.21,0.22,0.21,0.21,767800
CPF19C2608A,20260602,0.04,0.04,0.04,0.04,500
CPF41C2612T,20260602,0.12,0.12,0.11,0.12,191600
CPN01C2606T,20260602,0.15,0.19,0.15,0.17,7710100
CPN01C2608A,20260602,0.22,0.25,0.22,0.23,4735000
CPN13C2608A,20260602,0.25,0.29,0.24,0.27,9300800
CPN13P2608A,20260602,0.04,0.04,0.04,0.04,5000
CPN19C2609T,20260602,0.35,0.37,0.34,0.36,13751200
CPN41C2608A,20260602,0.24,0.28,0.24,0.27,9200000
CPN41C2608T,20260602,0.43,0.47,0.43,0.46,8720000
CRC01C2609A,20260602,0.23,0.24,0.23,0.24,2005400
CRC01C2609B,20260602,0.55,0.55,0.53,0.55,1974000
CRC01C2610T,20260602,0.34,0.34,0.34,0.34,3398100
CRC13C2606A,20260602,0.01,0.01,0.01,0.01,800000
CRC13C2608A,20260602,0.55,0.55,0.54,0.54,3000
CRC19C2612A,20260602,0.48,0.48,0.46,0.47,5250400
CRC41C2608T,20260602,0.01,0.01,0.01,0.01,10000
CRC41C2609T,20260602,0.24,0.24,0.23,0.23,8800000
DELTA01C2607A,20260602,1.82,1.86,1.73,1.8,3472900
DELTA01C2608A,20260602,1.12,1.15,1.05,1.09,7231400
DELTA01P2606A,20260602,0.01,0.01,0.01,0.01,974200
DELTA01P2608A,20260602,0.12,0.12,0.1,0.11,618600
DELTA13C2606A,20260602,2.66,2.74,2.66,2.7,800
DELTA13C2607A,20260602,1.01,1.03,0.99,1.01,434600
DELTA13C2607B,20260602,0.97,0.97,0.87,0.92,3074900
DELTA13C2608A,20260602,0.56,0.57,0.53,0.54,17249600
DELTA13C2609A,20260602,0.37,0.37,0.35,0.35,8358400
DELTA13P2607A,20260602,0.03,0.03,0.02,0.03,1556800
DELTA13P2608A,20260602,0.21,0.21,0.19,0.2,5159300
DELTA19C2607A,20260602,1.62,1.62,1.62,1.62,100
DELTA19C2608A,20260602,1.19,1.2,1.15,1.18,177300
DELTA19P2607A,20260602,0.01,0.02,0.01,0.02,200
DELTA19P2608A,20260602,0.16,0.16,0.16,0.16,93400
DELTA19P2609A,20260602,0.32,0.33,0.31,0.31,8011200
DELTA41C2607A,20260602,1,1.03,0.97,0.99,900300
DELTA41C2607B,20260602,0.89,0.96,0.89,0.96,900600
DELTA41C2608A,20260602,0.53,0.57,0.53,0.57,15006200
DELTA41C2608T,20260602,2.68,2.68,2.66,2.66,500
DELTA41C2609A,20260602,0.35,0.36,0.34,0.36,62300
DELTA41C2612T,20260602,1.9,1.9,1.84,1.88,1100500
DELTA41C2703T,20260602,1.22,1.27,1.22,1.25,4050000
DELTA41P2607A,20260602,0.02,0.02,0.02,0.02,100
DJI41C2606A,20260602,0.15,0.17,0.15,0.17,4200
DJI41C2606B,20260602,1.07,1.08,1.07,1.08,13900
DOHOME01C2608A,20260602,0.11,0.12,0.1,0.11,1995300
DOHOME13C2607A,20260602,0.07,0.08,0.07,0.08,4700
DOHOME19C2701T,20260602,0.44,0.45,0.44,0.45,4230400
EA13C2607A,20260602,0.1,0.12,0.08,0.09,5464100
EA13C2607B,20260602,0.05,0.06,0.04,0.05,13159200
EA13C2608A,20260602,0.42,0.5,0.4,0.45,12500800
EA19C2606A,20260602,0.1,0.12,0.08,0.09,579600
EA19C2609A,20260602,0.55,0.63,0.5,0.57,566000
EA41C2607B,20260602,0.06,0.06,0.06,0.06,100
EA41C2609T,20260602,0.33,0.35,0.31,0.35,19410000
ERW01C2608A,20260602,0.11,0.14,0.11,0.13,4242600
ERW01C2611T,20260602,0.3,0.33,0.29,0.32,3553600
ERW13C2608A,20260602,0.1,0.12,0.09,0.11,8986800
ERW13C2608B,20260602,0.28,0.33,0.26,0.32,4973100
ERW19C2609A,20260602,0.27,0.31,0.25,0.3,12821100
ERW41C2611T,20260602,0.45,0.48,0.43,0.48,12100100
GFPT13C2608A,20260602,0.14,0.14,0.14,0.14,12000
GLOBAL01C2608A,20260602,0.09,0.09,0.09,0.09,10000
GLOBAL13C2608A,20260602,0.14,0.14,0.13,0.13,3951400
GLOBAL13C2608B,20260602,0.39,0.39,0.36,0.38,210400
GLOBAL41C2608A,20260602,0.12,0.12,0.12,0.12,2800000
GLOBAL41C2612T,20260602,0.45,0.45,0.44,0.45,9300000
GPSC01C2608A,20260602,0.08,0.08,0.07,0.07,545300
GPSC01C2609A,20260602,0.26,0.3,0.25,0.29,16958100
GPSC01C2609T,20260602,0.15,0.17,0.15,0.17,5897400
GPSC01P2608A,20260602,0.19,0.19,0.16,0.16,2691400
GPSC13C2606A,20260602,0.02,0.02,0.01,0.01,81100
GPSC13C2608A,20260602,0.08,0.1,0.08,0.1,11553800
GPSC13C2608B,20260602,0.3,0.35,0.29,0.33,17539700
GPSC13C2701T,20260602,0.22,0.26,0.22,0.24,6805900
GPSC13P2608A,20260602,0.2,0.2,0.17,0.17,1014200
GPSC13P2609A,20260602,0.1,0.1,0.09,0.09,2706200
GPSC19C2608A,20260602,0.09,0.1,0.09,0.1,2935300
GPSC19C2608B,20260602,0.35,0.41,0.33,0.4,1924700
GPSC41C2606A,20260602,0.02,0.02,0.02,0.02,700
GPSC41C2606T,20260602,0.15,0.15,0.15,0.15,3000
GPSC41C2608B,20260602,0.28,0.33,0.28,0.33,6963000
GPSC41C2703T,20260602,0.31,0.34,0.31,0.34,16870000
GULF01C2606T,20260602,0.07,0.15,0.07,0.13,8661800
GULF01C2608A,20260602,0.65,0.93,0.65,0.88,2139900
GULF01C2608B,20260602,0.41,0.52,0.41,0.5,232100
GULF01C2609A,20260602,0.31,0.45,0.3,0.42,28353400
GULF01C2702T,20260602,0.57,0.68,0.57,0.65,14742100
GULF01P2609A,20260602,0.22,0.23,0.16,0.16,7246300
GULF13C2607A,20260602,0.47,0.74,0.47,0.69,320900
GULF13C2608A,20260602,0.38,0.55,0.35,0.49,47127800
GULF13C2609A,20260602,0.27,0.39,0.24,0.35,71251900
GULF13P2607A,20260602,0.01,0.01,0.01,0.01,100000
GULF13P2608A,20260602,0.1,0.1,0.06,0.06,3271400
GULF19C2607B,20260602,0.16,0.32,0.15,0.26,14204400
GULF41C2607A,20260602,0.75,0.75,0.71,0.71,1000000
GULF41C2608A,20260602,0.35,0.53,0.35,0.48,4705700
GULF41C2609A,20260602,0.23,0.36,0.22,0.33,11882000
GULF41C2609T,20260602,0.4,0.5,0.4,0.46,4909000
GUNKUL01C2608A,20260602,1.39,1.39,1.22,1.29,1897000
GUNKUL01C2704T,20260602,0.63,0.63,0.6,0.62,5546800
GUNKUL13C2608B,20260602,0.92,0.94,0.89,0.89,22400
GUNKUL19C2609A,20260602,1.3,1.3,1.3,1.3,200
GUNKUL41C2702T,20260602,0.67,0.7,0.67,0.7,1200000
HANA01C2606A,20260602,3.88,4.26,3.88,4.26,1300
HANA01C2608A,20260602,3,3.46,3,3.46,23800
HANA01C2609A,20260602,0.57,0.69,0.57,0.68,6537400
HANA13C2608A,20260602,2.24,2.54,2.24,2.54,71000
HANA13C2608B,20260602,1.33,1.43,1.33,1.43,23200
HANA13C2608C,20260602,0.58,0.7,0.56,0.7,532600
HANA13C2701T,20260602,1.31,1.38,1.31,1.38,4100
HANA13P2608A,20260602,0.08,0.08,0.06,0.06,307700
HANA19C2608A,20260602,1.98,2.18,1.98,2.18,1200
HANA41C2608T,20260602,1.78,1.96,1.78,1.96,900
HANA41C2702T,20260602,0.45,0.52,0.45,0.52,5871100
HMPRO01C2609A,20260602,0.14,0.15,0.14,0.15,4695800
HMPRO13C2609A,20260602,0.13,0.13,0.13,0.13,3203100
HMPRO19C2609A,20260602,0.16,0.16,0.15,0.16,4171900
HMPRO41C2609A,20260602,0.12,0.12,0.12,0.12,1880000
HMPRO41C2612T,20260602,0.15,0.15,0.15,0.15,100
HSI18C2606A,20260602,0.27,0.3,0.25,0.3,1300
HSI18P2606A,20260602,0.17,0.17,0.16,0.16,3000
HSI28C2606A,20260602,0.02,0.02,0.01,0.02,371700
HSI28C2606B,20260602,0.16,0.22,0.14,0.21,24538500
HSI28C2606C,20260602,0.04,0.06,0.04,0.06,216700
HSI28C2607A,20260602,0.22,0.29,0.21,0.27,37206300
HSI28P2606A,20260602,0.08,0.08,0.06,0.06,417500
HSI28P2606B,20260602,0.19,0.21,0.13,0.14,41669400
HSI28P2607A,20260602,0.2,0.2,0.16,0.16,1758800
HSTECH18C2606A,20260602,0.37,0.41,0.37,0.41,1000
HSTECH28C2606A,20260602,0.06,0.08,0.06,0.08,221000
ICHI13C2608A,20260602,0.03,0.03,0.03,0.03,100000
ICHI13C2609A,20260602,0.11,0.12,0.11,0.12,1530100
ICHI19C2609T,20260602,0.12,0.12,0.12,0.12,9300
IRPC01C2607A,20260602,0.81,0.84,0.75,0.76,1238300
IRPC01C2609A,20260602,0.52,0.52,0.47,0.47,365500
IRPC01C2609B,20260602,0.32,0.33,0.3,0.3,7429200
IRPC01C2703T,20260602,0.16,0.16,0.16,0.16,1572700
IRPC13C2608A,20260602,0.67,0.67,0.62,0.64,40000
IRPC13C2608B,20260602,0.28,0.31,0.27,0.28,13590200
IRPC13C2609A,20260602,0.29,0.3,0.27,0.27,5282900
IRPC13C2609B,20260602,0.14,0.14,0.13,0.13,11952600
IRPC13C2701T,20260602,0.69,0.69,0.65,0.66,119900
IRPC19C2609T,20260602,0.56,0.57,0.55,0.55,410500
IRPC41C2609A,20260602,0.27,0.27,0.27,0.27,901000
IRPC41C2609B,20260602,0.13,0.14,0.13,0.13,800300
IRPC41C2703T,20260602,0.71,0.73,0.71,0.72,700000
ITC01C2606T,20260602,0.18,0.19,0.17,0.19,639600
ITC13C2608A,20260602,0.1,0.11,0.1,0.11,1047800
ITC19C2609T,20260602,0.18,0.19,0.18,0.19,1409400
ITC41C2612T,20260602,0.18,0.19,0.18,0.19,2404000
IVL01C2607A,20260602,0.18,0.18,0.18,0.18,5000
IVL01C2608A,20260602,0.03,0.03,0.03,0.03,15100
IVL01C2609A,20260602,0.76,0.78,0.76,0.78,16000
IVL01C2609B,20260602,0.11,0.12,0.11,0.11,1734100
IVL01P2608A,20260602,0.12,0.12,0.11,0.11,548100
IVL01P2609A,20260602,0.23,0.23,0.21,0.22,2797000
IVL13C2607A,20260602,0.08,0.1,0.08,0.09,2307900
IVL13C2608A,20260602,0.42,0.46,0.42,0.44,11000
IVL13C2609A,20260602,0.4,0.43,0.39,0.41,8390700
IVL13C2609B,20260602,0.14,0.14,0.14,0.14,3644200
IVL13P2608A,20260602,0.18,0.18,0.16,0.16,254200
IVL19C2607A,20260602,0.17,0.2,0.17,0.19,2481900
IVL19C2609A,20260602,0.14,0.14,0.14,0.14,3228900
IVL19P2608A,20260602,0.19,0.19,0.17,0.17,2273200
IVL41C2608A,20260602,0.41,0.46,0.41,0.44,2947500
IVL41C2609A,20260602,0.39,0.39,0.39,0.39,300000
IVL41C2609B,20260602,0.13,0.13,0.13,0.13,90000
IVL41C2702T,20260602,0.42,0.44,0.42,0.43,7100000
JAS13C2608A,20260602,0.03,0.03,0.03,0.03,400100
JAS13C2609A,20260602,0.15,0.15,0.14,0.15,2516300
JAS19C2701T,20260602,0.27,0.27,0.26,0.27,2136500
JAS41C2611T,20260602,0.08,0.08,0.08,0.08,675000
JMART01C2608A,20260602,0.3,0.35,0.3,0.34,6787300
JMART01C2705T,20260602,0.45,0.47,0.45,0.47,4858600
JMART13C2608A,20260602,0.3,0.34,0.29,0.33,8836200
JMART13C2609A,20260602,0.76,0.85,0.76,0.83,127200
JMART13C2701T,20260602,0.35,0.35,0.35,0.35,100
JMART19C2612A,20260602,0.5,0.55,0.5,0.54,6983100
JMART41C2609T,20260602,0.2,0.21,0.2,0.21,6006200
JMART41C2703T,20260602,0.47,0.5,0.47,0.49,13801000
JMT01C2608A,20260602,0.15,0.16,0.14,0.14,6280300
JMT01C2701T,20260602,0.46,0.47,0.44,0.44,2518000
JMT13C2607A,20260602,0.48,0.48,0.43,0.43,3000
JMT13C2608A,20260602,0.19,0.2,0.18,0.18,5892500
JMT13C2701T,20260602,0.4,0.4,0.4,0.4,100
JMT19C2608A,20260602,0.18,0.18,0.16,0.16,9002100
JMT41C2608A,20260602,0.18,0.18,0.16,0.17,2546100
JMT41C2611T,20260602,0.16,0.16,0.15,0.16,2403000
JMT41C2703T,20260602,0.65,0.67,0.65,0.66,3500000
KBANK01C2607A,20260602,0.23,0.27,0.23,0.26,1844000
KBANK01C2608A,20260602,0.12,0.13,0.12,0.13,855700
KBANK01C2609A,20260602,0.81,0.87,0.81,0.87,906400
KBANK01C2610A,20260602,0.59,0.63,0.59,0.63,1866300
KBANK01C2702T,20260602,0.28,0.28,0.28,0.28,2281500
KBANK01P2610A,20260602,0.44,0.44,0.42,0.42,2206300
KBANK13C2607A,20260602,0.06,0.07,0.06,0.07,1301900
KBANK13C2607B,20260602,0.2,0.22,0.2,0.21,1964900
KBANK13C2609A,20260602,0.77,0.77,0.74,0.77,30900
KBANK13P2609A,20260602,0.21,0.21,0.2,0.2,2835300
KBANK19C2608A,20260602,0.11,0.12,0.11,0.12,5104200
KBANK19C2609A,20260602,0.57,0.57,0.57,0.57,10000
KBANK41C2609A,20260602,0.68,0.68,0.68,0.68,9000
KBANK41C2609T,20260602,0.8,0.8,0.8,0.8,1000
KBANK41C2703T,20260602,0.46,0.47,0.46,0.46,5101000
KCE13C2606A,20260602,2.9,3.02,2.9,3.02,50000
KCE13C2607A,20260602,4.02,4.08,4.02,4.08,4500
KCE13C2608A,20260602,2.04,2.24,2.04,2.24,66300
KCE13C2609A,20260602,0.75,0.85,0.75,0.85,2109400
KCE13P2608A,20260602,0.02,0.02,0.02,0.02,15000
KCE19C2608A,20260602,4.16,4.34,4.16,4.34,400
KCE19C2608B,20260602,2.56,2.9,2.56,2.9,500
KCE19C2609A,20260602,0.79,0.86,0.79,0.83,100900
KCE41C2608A,20260602,2.1,2.34,2.1,2.26,1700
KCE41C2609A,20260602,0.8,0.86,0.79,0.86,1200
KCE41C2609T,20260602,1.85,1.97,1.85,1.97,40800
KCE41C2702T,20260602,0.48,0.51,0.48,0.51,24023100
KKP01C2607A,20260602,1.04,1.32,1.04,1.24,1791100
KKP01C2610A,20260602,0.82,1,0.82,0.94,5004300
KKP01P2609A,20260602,0.1,0.1,0.09,0.1,1041900
KKP13C2609A,20260602,0.64,0.8,0.64,0.74,31704100
KKP13P2609A,20260602,0.14,0.14,0.12,0.12,6136700
KKP19C2609T,20260602,1.27,1.41,1.27,1.41,256600
KTB01C2608A,20260602,0.25,0.28,0.25,0.27,600700
KTB01C2701T,20260602,0.37,0.37,0.36,0.37,635600
KTB13C2608A,20260602,0.16,0.19,0.16,0.17,8268600
KTB13P2609A,20260602,0.1,0.1,0.1,0.1,205000
KTB41C2606A,20260602,0.17,0.17,0.17,0.17,100
KTB41C2608A,20260602,0.15,0.17,0.15,0.16,2530600
KTB41C2612T,20260602,0.53,0.55,0.53,0.55,2005500
KTC01C2607A,20260602,0.12,0.15,0.12,0.15,2665100
KTC01C2609T,20260602,0.16,0.16,0.16,0.16,531200
KTC01P2608A,20260602,0.18,0.18,0.16,0.16,1123500
KTC13C2607A,20260602,0.12,0.15,0.12,0.15,1621800
KTC13P2608A,20260602,0.14,0.14,0.12,0.12,742400
KTC19C2609T,20260602,0.17,0.17,0.17,0.17,145700
KTC41C2606T,20260602,0.01,0.01,0.01,0.01,80000
KTC41C2607A,20260602,0.11,0.15,0.11,0.15,3100000
KTC41C2608A,20260602,0.08,0.08,0.08,0.08,71300
KUAISH28C2610A,20260602,0.37,0.39,0.35,0.39,3300700
KUAISH41C2609A,20260602,0.08,0.08,0.08,0.08,100
KUAISH41C2609T,20260602,0.23,0.25,0.23,0.25,1081400
LH13C2608A,20260602,0.06,0.06,0.06,0.06,444000
M01C2606A,20260602,0.01,0.01,0.01,0.01,10000
M01C2609A,20260602,0.08,0.08,0.08,0.08,181000
M13C2607A,20260602,0.02,0.02,0.02,0.02,138000
M13C2608A,20260602,0.05,0.05,0.05,0.05,100000
M13C2608B,20260602,0.28,0.32,0.27,0.32,2822700
M41C2612T,20260602,0.24,0.24,0.24,0.24,2400000
MCA5041C2606A,20260602,0.45,0.58,0.45,0.54,180700
MEGA01C2702T,20260602,0.2,0.2,0.2,0.2,1156500
MEGA13C2608A,20260602,0.06,0.06,0.06,0.06,50000
MEITUA28C2609A,20260602,0.36,0.4,0.35,0.4,9500
MEITUA41C2609A,20260602,0.36,0.39,0.35,0.39,6200
MINT01C2609A,20260602,0.31,0.31,0.28,0.29,5029100
MINT01P2609A,20260602,0.3,0.32,0.3,0.31,2448000
MINT13C2608A,20260602,0.16,0.16,0.15,0.15,2382600
MINT13C2608B,20260602,0.25,0.25,0.23,0.23,5126200
MINT41C2612T,20260602,0.06,0.06,0.06,0.06,1000
MTC01C2606A,20260602,0.01,0.01,0.01,0.01,2800
MTC01C2608A,20260602,0.06,0.07,0.06,0.07,50100
MTC01P2610A,20260602,0.3,0.3,0.29,0.29,1441600
MTC13C2607A,20260602,0.02,0.02,0.02,0.02,50000
MTC13C2608A,20260602,0.11,0.12,0.1,0.11,2351400
MTC19C2608A,20260602,0.08,0.09,0.08,0.09,2302200
MTC41C2611T,20260602,0.05,0.05,0.05,0.05,4100
MTC41C2612T,20260602,0.17,0.18,0.17,0.18,3500000
NDX28P2609A,20260602,0.34,0.34,0.32,0.34,400
NDX41C2606A,20260602,2.52,2.58,2.52,2.58,5000
NDX41P2609T,20260602,0.14,0.14,0.14,0.14,1800600
NIKKEI18C2606A,20260602,1.27,1.3,1.27,1.3,200
NIKKEI28C2606B,20260602,2.42,2.52,2.42,2.52,100000
NIKKEI28C2606D,20260602,1.33,1.41,1.33,1.41,14400
NIKKEI28P2606C,20260602,0.04,0.04,0.04,0.04,100
NIKKEI41C2609C,20260602,1.27,1.4,1.23,1.39,385200
NIKKEI41P2606B,20260602,0.06,0.06,0.06,0.06,100
NIKKEI41P2609A,20260602,0.24,0.24,0.21,0.21,185800
NIKKEI41P2609B,20260602,0.21,0.21,0.18,0.19,306200
NIKKEI41P2609C,20260602,0.15,0.15,0.13,0.13,222100
OR01C2606T,20260602,0.01,0.01,0.01,0.01,60000
OR01C2607A,20260602,0.01,0.01,0.01,0.01,1460000
OR01C2609A,20260602,0.19,0.21,0.18,0.21,2058500
OR01C2705T,20260602,0.2,0.21,0.19,0.21,189300
OR13C2608A,20260602,0.06,0.07,0.06,0.06,256800
OR13C2608B,20260602,0.14,0.17,0.14,0.15,6861900
OR19C2608A,20260602,0.14,0.16,0.14,0.16,1610100
OR41C2608T,20260602,0.15,0.17,0.15,0.15,2364000
OSP01C2609A,20260602,0.26,0.26,0.25,0.26,1245800
OSP13C2608A,20260602,0.15,0.16,0.15,0.16,1976500
OSP41C2607A,20260602,0.01,0.02,0.01,0.02,5100
OSP41C2701T,20260602,0.29,0.29,0.29,0.29,270000
PLANB13C2607A,20260602,0.2,0.21,0.2,0.21,1310100
PLANB13C2608A,20260602,0.16,0.16,0.14,0.15,3151300
PLANB19C2608A,20260602,0.45,0.45,0.41,0.43,5891500
PLANB41C2606T,20260602,0.01,0.01,0.01,0.01,750000
PLANB41C2607A,20260602,0.2,0.21,0.2,0.21,330000
PLANB41C2608A,20260602,0.14,0.14,0.14,0.14,2239800
PLANB41C2612T,20260602,0.16,0.16,0.16,0.16,20000
POPMAR41C2609T,20260602,0.47,0.49,0.47,0.49,3200
PRM01C2609A,20260602,0.37,0.37,0.35,0.35,1060100
PRM01C2702T,20260602,0.37,0.37,0.36,0.36,2014900
PRM13C2608A,20260602,0.26,0.26,0.24,0.24,4539100
PRM19C2701T,20260602,0.5,0.5,0.47,0.48,1280800
PRM41C2612T,20260602,0.6,0.6,0.58,0.58,1900000
PTG01C2704T,20260602,0.19,0.19,0.19,0.19,200000
PTG13C2608A,20260602,0.03,0.03,0.03,0.03,15000
PTG19C2609A,20260602,0.09,0.09,0.08,0.08,461200
PTT01C2607A,20260602,0.11,0.12,0.11,0.12,1229200
PTT13C2606A,20260602,0.05,0.05,0.05,0.05,302000
PTT13C2608A,20260602,0.08,0.09,0.08,0.08,2005100
PTT13C2609A,20260602,0.18,0.19,0.18,0.18,4194100
PTT13C2701T,20260602,0.26,0.29,0.26,0.29,1200
PTT13P2608A,20260602,0.08,0.08,0.08,0.08,1000
PTT41C2606A,20260602,0.09,0.09,0.09,0.09,100
PTTEP01C2606T,20260602,0.44,0.44,0.44,0.44,2000
PTTEP01C2607A,20260602,0.6,0.63,0.6,0.62,1255100
PTTEP01C2608A,20260602,0.25,0.26,0.24,0.25,5822400
PTTEP01C2609A,20260602,0.17,0.17,0.16,0.17,7585900
PTTEP01C2703T,20260602,0.4,0.41,0.4,0.4,4200000
PTTEP01P2608A,20260602,0.3,0.31,0.3,0.3,2975700
PTTEP01P2703T,20260602,0.51,0.51,0.5,0.51,1530300
PTTEP13C2607A,20260602,0.61,0.61,0.61,0.61,15000
PTTEP13C2608A,20260602,0.39,0.39,0.35,0.37,12760200
PTTEP13C2608B,20260602,0.2,0.21,0.2,0.2,6242900
PTTEP13C2608C,20260602,0.09,0.09,0.08,0.08,463000
PTTEP13P2607A,20260602,0.01,0.01,0.01,0.01,10000
PTTEP13P2608A,20260602,0.12,0.12,0.12,0.12,1366800
PTTEP19C2607B,20260602,0.24,0.25,0.22,0.23,2398100
PTTEP19C2608A,20260602,0.2,0.21,0.19,0.2,3049200
PTTEP19C2608B,20260602,0.09,0.09,0.09,0.09,300
PTTEP41C2608A,20260602,0.35,0.36,0.34,0.35,3900000
PTTEP41C2608B,20260602,0.19,0.2,0.19,0.19,2400000
PTTEP41C2609T,20260602,0.83,0.84,0.82,0.83,4200000
PTTEP41C2703T,20260602,0.38,0.38,0.37,0.38,10860000
PTTGC01C2607A,20260602,0.18,0.2,0.17,0.19,3812400
PTTGC01C2609A,20260602,0.14,0.15,0.13,0.14,5589100
PTTGC01C2704T,20260602,0.24,0.25,0.23,0.24,4815500
PTTGC01P2609A,20260602,0.12,0.12,0.11,0.11,1456400
PTTGC13C2607A,20260602,0.35,0.37,0.34,0.36,22000
PTTGC13C2608A,20260602,0.22,0.23,0.21,0.22,4149300
PTTGC13C2609A,20260602,0.18,0.18,0.17,0.18,12421400
PTTGC13P2607A,20260602,0.01,0.01,0.01,0.01,142700
PTTGC13P2608A,20260602,0.17,0.17,0.15,0.15,2544200
PTTGC19C2608A,20260602,0.33,0.34,0.32,0.33,724600
PTTGC19C2609A,20260602,0.19,0.2,0.18,0.19,3833400
PTTGC41C2608A,20260602,0.21,0.22,0.21,0.22,1500300
PTTGC41C2609A,20260602,0.16,0.17,0.16,0.16,2500200
PTTGC41C2611T,20260602,0.28,0.29,0.28,0.29,1820000
PTTGC41C2612T,20260602,0.57,0.59,0.56,0.58,6450000
PTTGC41C2702T,20260602,0.22,0.23,0.22,0.23,2400000
RCL01C2608A,20260602,0.16,0.17,0.16,0.17,2180100
RCL01C2610T,20260602,0.34,0.34,0.34,0.34,310500
RCL13C2608A,20260602,0.13,0.13,0.12,0.12,845000
RCL19C2609A,20260602,0.17,0.17,0.17,0.17,657400
RCL41C2608T,20260602,0.56,0.56,0.56,0.56,500000
RCL41C2612T,20260602,0.26,0.26,0.25,0.26,2400000
SAWAD01C2607A,20260602,0.02,0.02,0.02,0.02,100
SAWAD01C2609A,20260602,0.07,0.07,0.07,0.07,105000
SAWAD01C2609B,20260602,0.21,0.22,0.21,0.21,2922800
SAWAD01P2608A,20260602,0.25,0.26,0.25,0.25,2146500
SAWAD13C2607B,20260602,0.03,0.03,0.03,0.03,991300
SAWAD13C2609A,20260602,0.22,0.24,0.21,0.22,11292000
SAWAD13P2608A,20260602,0.15,0.15,0.15,0.15,1714400
SAWAD41C2609A,20260602,0.2,0.21,0.19,0.2,4006200
SAWAD41C2610T,20260602,0.18,0.18,0.18,0.18,1600000
SCB01C2607A,20260602,0.11,0.14,0.11,0.14,4432100
SCB01C2608A,20260602,0.1,0.11,0.1,0.11,30400
SCB01C2610A,20260602,0.3,0.35,0.3,0.35,5074000
SCB01C2703T,20260602,0.29,0.3,0.29,0.29,318000
SCB01P2610A,20260602,0.4,0.4,0.38,0.38,2437300
SCB13C2607B,20260602,0.04,0.04,0.04,0.04,628000
SCB13C2609A,20260602,0.24,0.27,0.23,0.27,20745600
SCB13P2607A,20260602,0.04,0.04,0.04,0.04,3905100
SCB13P2609A,20260602,0.28,0.28,0.27,0.27,472800
SCB19C2612T,20260602,0.31,0.35,0.31,0.34,3628800
SCB41C2609T,20260602,0.45,0.49,0.45,0.48,4170000
SCC01C2607A,20260602,0.1,0.11,0.1,0.11,1138700
SCC01C2609A,20260602,1.35,1.43,1.32,1.43,530700
SCC01C2609B,20260602,0.48,0.53,0.47,0.49,1252300
SCC01C2610A,20260602,0.43,0.46,0.42,0.44,3160700
SCC01C2704T,20260602,0.44,0.45,0.44,0.45,2527800
SCC01P2610A,20260602,0.41,0.42,0.39,0.4,2942200
SCC13C2607A,20260602,0.2,0.23,0.19,0.22,4240700
SCC13C2608A,20260602,1.23,1.29,1.23,1.29,10100
SCC13C2609A,20260602,0.25,0.27,0.24,0.26,2501600
SCC19C2607A,20260602,0.09,0.1,0.09,0.1,3847800
SCC41C2607A,20260602,0.19,0.21,0.19,0.21,400000
SCC41C2611T,20260602,0.26,0.27,0.26,0.27,4830000
SCC41C2612T,20260602,0.73,0.76,0.72,0.76,3750000
SCGP01C2608A,20260602,0.49,0.66,0.49,0.6,549100
SCGP01C2609A,20260602,1,1.12,0.97,1.04,752700
SCGP13C2607A,20260602,0.28,0.45,0.28,0.42,6737400
SCGP13C2608A,20260602,0.89,1.1,0.89,1.02,85100
SCGP13P2608A,20260602,0.01,0.01,0.01,0.01,100000
SCGP41C2607A,20260602,0.29,0.44,0.29,0.43,7328400
SCGP41C2608A,20260602,0.82,1.07,0.82,1.01,2100100
SCGP41C2609T,20260602,0.81,0.91,0.81,0.89,5708100
SET01C2606L,20260602,4.02,4.02,4.02,4.02,200
SET01C2607A,20260602,2,2.58,1.9,2.4,230500
SET01C2607B,20260602,0.28,0.41,0.26,0.4,675400
SET01C2706L,20260602,2.12,2.12,2.12,2.12,300
SET01P2606L,20260602,0.11,0.11,0.08,0.09,253000
SET01P2607A,20260602,0.02,0.02,0.01,0.02,193800
SET01P2607B,20260602,0.02,0.02,0.01,0.02,4327100
SET01P2706L,20260602,1.35,1.35,1.31,1.31,557400
SET5001C2606F,20260602,0.49,0.88,0.47,0.72,19523800
SET5001C2606G,20260602,0.07,0.17,0.07,0.13,5755000
SET5001C2606I,20260602,0.61,0.64,0.61,0.62,1768500
SET5001C2607A,20260602,0.58,0.85,0.58,0.76,177800
SET5001C2607B,20260602,0.03,0.06,0.03,0.05,732000
SET5001C2607C,20260602,0.45,0.58,0.44,0.56,1854900
SET5001P2606G,20260602,0.02,0.02,0.02,0.02,50100
SET5001P2607B,20260602,0.03,0.03,0.02,0.02,30900
SET5001P2607C,20260602,0.03,0.03,0.02,0.02,43200
SET5013C2606A,20260602,0.46,0.7,0.46,0.61,57700
SET5013C2606B,20260602,0.2,0.37,0.2,0.29,8477600
SET5013C2606C,20260602,0.11,0.21,0.11,0.17,9318700
SET5013C2606D,20260602,0.09,0.15,0.08,0.12,16223400
SET5013C2606E,20260602,0.06,0.1,0.06,0.08,1632800
SET5013C2606F,20260602,0.04,0.06,0.04,0.06,879200
SET5013C2606G,20260602,0.01,0.04,0.01,0.04,835800
SET5013C2606H,20260602,0.1,0.17,0.1,0.14,17907100
SET5013C2606I,20260602,0.19,0.32,0.18,0.27,181569000
SET5013C2606J,20260602,0.43,0.64,0.4,0.57,26963000
SET5013C2606K,20260602,0.49,0.76,0.48,0.64,123822300
SET5013C2606L,20260602,0.14,0.26,0.13,0.2,44047600
SET5013P2606A,20260602,0.01,0.01,0.01,0.01,100
SET5013P2606B,20260602,0.01,0.01,0.01,0.01,75000
SET5013P2606C,20260602,0.02,0.02,0.02,0.02,50100
SET5013P2606D,20260602,0.01,0.01,0.01,0.01,433000
SET5013P2606E,20260602,0.01,0.02,0.01,0.02,226100
SET5013P2606G,20260602,0.02,0.02,0.02,0.02,5078000
SET5013P2606I,20260602,0.02,0.02,0.01,0.01,507400
SET5013P2606J,20260602,0.01,0.01,0.01,0.01,20000
SET5013P2606K,20260602,0.01,0.01,0.01,0.01,71800
SET5013P2606L,20260602,0.01,0.01,0.01,0.01,10100
SET5013P2606M,20260602,0.02,0.05,0.02,0.04,27500
SET5013P2606N,20260602,0.03,0.04,0.03,0.04,107300
SET5013P2606O,20260602,0.05,0.05,0.03,0.03,4343200
SET5013P2606X,20260602,3.18,3.18,3.02,3.12,844400
SET5019C2606A,20260602,0.45,0.74,0.43,0.63,4451300
SET5019C2606B,20260602,0.29,0.5,0.28,0.42,3883000
SET5019C2606C,20260602,0.05,0.1,0.05,0.09,25992500
SET5019C2606D,20260602,0.36,0.61,0.35,0.49,2126200
SET5019C2606E,20260602,0.2,0.38,0.19,0.32,63048300
SET5019C2606F,20260602,0.15,0.29,0.15,0.24,45478200
SET5019P2606F,20260602,0.05,0.05,0.02,0.03,8614100
SET5041C2606B,20260602,0.23,0.41,0.23,0.38,7869400
SET5041C2606C,20260602,0.28,0.28,0.28,0.28,1000
SET5041C2606H,20260602,0.18,0.18,0.18,0.18,100
SET5041C2606I,20260602,0.32,0.32,0.32,0.32,100
SET5041C2606J,20260602,0.37,0.57,0.35,0.57,10206000
SET5041C2609T,20260602,1.2,1.34,1.2,1.34,31100
SET5041P2609T,20260602,0.15,0.15,0.13,0.13,95000
SIRI41C2606T,20260602,0.01,0.01,0.01,0.01,200000
SISB13C2607A,20260602,0.01,0.01,0.01,0.01,100000
SISB13C2608A,20260602,0.06,0.06,0.06,0.06,20000
SJWD13C2608A,20260602,0.14,0.16,0.14,0.16,532300
SPRC01C2607A,20260602,0.11,0.13,0.11,0.12,2209700
SPRC01C2610A,20260602,0.27,0.28,0.27,0.27,889700
SPRC01C2703T,20260602,0.25,0.25,0.25,0.25,239400
SPRC13C2607A,20260602,0.11,0.12,0.1,0.1,1845500
SPRC13C2608A,20260602,0.12,0.12,0.11,0.12,1314100
SPRC13C2609A,20260602,0.3,0.31,0.28,0.29,3126300
SPRC19C2609A,20260602,0.32,0.32,0.3,0.32,4405000
SPRC41C2607A,20260602,0.1,0.11,0.1,0.1,302000
SPRC41C2608A,20260602,0.1,0.1,0.1,0.1,200000
SPRC41C2612T,20260602,0.61,0.61,0.6,0.61,1400000
SPX28C2609A,20260602,1.49,1.49,1.48,1.48,200
SPX41C2606A,20260602,0.91,0.91,0.91,0.91,15000
STA01C2607A,20260602,0.73,0.79,0.73,0.75,1186300
STA01C2609A,20260602,0.48,0.53,0.48,0.49,4316100
STA13C2608A,20260602,0.66,0.66,0.66,0.66,10000
STA13C2608B,20260602,0.39,0.44,0.39,0.41,4561200
STA19C2612A,20260602,0.83,0.85,0.82,0.82,166300
STA41C2612T,20260602,0.44,0.47,0.44,0.45,7003400
STECON01C2609A,20260602,0.45,0.52,0.42,0.51,2704800
STECON13C2609A,20260602,0.5,0.55,0.46,0.55,14488300
STGT01C2608A,20260602,0.71,0.74,0.71,0.74,901800
STGT01C2609A,20260602,0.27,0.29,0.27,0.29,955400
STGT13C2607B,20260602,0.17,0.17,0.16,0.16,205200
STGT41C2612T,20260602,0.67,0.67,0.67,0.67,100000
TCAP13C2609A,20260602,0.3,0.34,0.3,0.34,4823300
TENCEN28C2610A,20260602,0.12,0.15,0.12,0.14,1600600
TENCEN41C2606A,20260602,0.02,0.02,0.02,0.02,4800
TENCEN41C2609A,20260602,0.13,0.16,0.13,0.15,54200
TFG13C2608B,20260602,0.56,0.56,0.55,0.55,50100
TFG13C2609A,20260602,0.46,0.46,0.33,0.37,14367100
TFG41C2609A,20260602,0.34,0.34,0.33,0.34,1300000
TFG41C2612T,20260602,1.62,1.63,1.62,1.63,200000
TFG41C2701T,20260602,0.55,0.55,0.51,0.53,4153100
TIDLOR01C2609A,20260602,0.48,0.5,0.47,0.5,2246800
TIDLOR01C2610T,20260602,0.17,0.17,0.17,0.17,1138600
TIDLOR01P2608A,20260602,0.3,0.3,0.28,0.28,1991600
TIDLOR13C2608A,20260602,0.34,0.36,0.33,0.36,8585800
TIDLOR13C2701T,20260602,0.3,0.31,0.29,0.31,2906000
TIDLOR13P2608A,20260602,0.13,0.13,0.12,0.13,2422500
TIDLOR19C2609T,20260602,0.14,0.15,0.14,0.15,5660500
TIDLOR19C2612T,20260602,0.44,0.46,0.43,0.46,3507900
TIDLOR41C2608A,20260602,0.32,0.33,0.31,0.32,4628000
TIDLOR41C2612T,20260602,0.2,0.2,0.2,0.2,3810000
TISCO13C2607A,20260602,0.06,0.06,0.06,0.06,1284000
TISCO13C2609A,20260602,0.18,0.19,0.18,0.19,602000
TLI13C2609A,20260602,0.25,0.26,0.25,0.25,2369500
TLI41C2609A,20260602,0.24,0.25,0.24,0.24,1940000
TOA01C2702T,20260602,0.2,0.22,0.2,0.22,12055100
TOP01C2608A,20260602,0.1,0.11,0.1,0.11,1749500
TOP01C2610A,20260602,0.3,0.32,0.3,0.3,1858800
TOP01C2701T,20260602,0.33,0.34,0.33,0.34,1799800
TOP01P2609A,20260602,0.44,0.44,0.42,0.42,1226700
TOP01P2609B,20260602,0.37,0.37,0.36,0.36,1255900
TOP13C2607A,20260602,0.09,0.1,0.09,0.1,1033300
TOP13C2608A,20260602,0.09,0.1,0.09,0.09,623100
TOP13C2609A,20260602,0.29,0.31,0.29,0.3,2542500
TOP13P2608A,20260602,0.27,0.27,0.23,0.24,609500
TOP19C2608A,20260602,0.15,0.16,0.15,0.16,598400
TOP19C2612T,20260602,0.7,0.72,0.7,0.71,777300
TOP41C2609T,20260602,1.06,1.08,1.06,1.07,500000
TOP41C2611T,20260602,0.55,0.56,0.55,0.56,1400000
TOP41C2703T,20260602,0.28,0.29,0.28,0.29,2800000
TRUE01C2606T,20260602,0.01,0.01,0.01,0.01,4500
TRUE01C2607A,20260602,0.26,0.28,0.26,0.27,1631200
TRUE01C2608A,20260602,0.13,0.13,0.13,0.13,2219700
TRUE01C2703T,20260602,0.26,0.26,0.26,0.26,810000
TRUE01P2608A,20260602,0.16,0.16,0.15,0.16,2051300
TRUE13C2607A,20260602,0.23,0.26,0.23,0.23,220200
TRUE13C2607B,20260602,0.26,0.28,0.26,0.27,8341400
TRUE13C2608A,20260602,0.13,0.14,0.13,0.13,4333000
TRUE13P2608A,20260602,0.14,0.14,0.14,0.14,1421900
TRUE19C2608A,20260602,0.14,0.14,0.14,0.14,3625300
TRUE41C2607A,20260602,0.23,0.24,0.23,0.24,750000
TRUE41C2607B,20260602,0.23,0.26,0.23,0.24,2800000
TRUE41C2612T,20260602,0.31,0.33,0.31,0.32,18029000
TTB01C2608A,20260602,0.09,0.09,0.09,0.09,3110200
TTB13C2608A,20260602,0.06,0.07,0.06,0.07,636000
TTB13C2609A,20260602,0.17,0.19,0.17,0.19,5210600
TU01C2609A,20260602,0.08,0.08,0.08,0.08,30000
TU13C2608A,20260602,0.07,0.07,0.07,0.07,1925400
TU13P2608A,20260602,0.12,0.12,0.11,0.11,190000
VGI01C2608A,20260602,0.05,0.07,0.05,0.07,695700
VGI01C2609A,20260602,0.19,0.24,0.18,0.22,7066000
VGI13C2607A,20260602,0.02,0.03,0.02,0.03,1990800
VGI13C2608A,20260602,0.03,0.04,0.03,0.04,980000
VGI13C2608B,20260602,0.13,0.15,0.11,0.13,2646500
VGI19C2607A,20260602,0.09,0.1,0.09,0.1,19200
VGI19C2607B,20260602,0.02,0.04,0.01,0.04,90300
VGI19C2609A,20260602,0.18,0.23,0.17,0.22,9300600
VGI19C2610T,20260602,0.05,0.08,0.05,0.08,2200400
VGI41C2612T,20260602,0.01,0.01,0.01,0.01,3300
VGI41C2703T,20260602,0.29,0.33,0.29,0.33,2062000
WHA01C2608A,20260602,0.41,0.48,0.41,0.48,5983900
WHA01C2610T,20260602,0.88,0.95,0.88,0.93,1536300
WHA13C2608A,20260602,0.5,0.55,0.5,0.55,4004500
WHA13P2608A,20260602,0.08,0.08,0.08,0.08,110600
WHA41C2608A,20260602,0.49,0.55,0.49,0.55,4703200
WHA41C2608T,20260602,0.34,0.34,0.34,0.34,400000
WHA41C2612T,20260602,0.52,0.52,0.52,0.52,500000
WHA41C2701T,20260602,0.74,0.77,0.74,0.77,1901000
WUXI41C2609A,20260602,0.18,0.19,0.18,0.18,800
XIAOMI28C2609A,20260602,0.14,0.15,0.14,0.15,1342300
XIAOMI41C2609T,20260602,0.2,0.21,0.2,0.21,51600
ZIJIN41C2610A,20260602,0.28,0.33,0.28,0.32,2000
A5-W5-O,20260602,0.04,0.04,0.04,0.04,58
ACC-W2-O,20260602,0.07,0.08,0.07,0.08,97
ASW-W3-O,20260602,0.59,0.63,0.43,0.63,127
B-W8-O,20260602,0.01,0.01,0.01,0.01,20
BWG-W7-O,20260602,0.03,0.04,0.03,0.04,313
CHASE-W1-O,20260602,0.16,0.16,0.16,0.16,60
CHAYO-W4-O,20260602,0.25,0.29,0.22,0.29,621
DEMCO-W8-O,20260602,0.97,1,0.18,0.18,453
EA-W1-O,20260602,0.79,0.85,0.74,0.79,981
EMPIRE-W1-O,20260602,0.03,0.03,0.03,0.03,40
EMPIRE-W2-O,20260602,0.07,0.07,0.07,0.07,160
GLORY-W1-O,20260602,0.23,0.23,0.23,0.23,4
ITEL-W6-O,20260602,0.17,0.18,0.03,0.18,282
JAS-W4-O,20260602,0.17,0.18,0.17,0.18,485
NOBLE-W3-O,20260602,0.09,0.11,0.09,0.11,155
ORI-W2-O,20260602,0.22,0.23,0.22,0.22,655
PLANET-W2-O,20260602,0.01,0.01,0.01,0.01,98
PLANET-W3-O,20260602,0.01,0.01,0.01,0.01,69
PROEN-W2-O,20260602,0.1,0.1,0.1,0.1,50
PSTC-W3-O,20260602,0.02,0.02,0.02,0.02,50
QDC-W3-O,20260602,0.06,0.06,0.06,0.06,1
SAAM-W4-O,20260602,0.13,0.13,0.13,0.13,41
SAMTEL-W2-O,20260602,0.2,0.2,0.18,0.18,66
TFG-W4-O,20260602,4.96,5.25,4.88,5.1,276
TL-W2-O,20260602,0.07,0.07,0.06,0.07,431
TVDH-W5-O,20260602,0.01,0.01,0.01,0.01,1
UREKA-W3-O,20260602,0.28,0.28,0.25,0.25,9
VGI-W3-O,20260602,0.01,0.01,0.01,0.01,40
VIBHA-W5-O,20260602,0.05,0.05,0.05,0.05,116
VIH-W1-O,20260602,0.01,0.13,0.01,0.13,96
ZIGA-W2-O,20260602,0.05,0.05,0.04,0.05,205
A5-W5,20260602,0.04,0.05,0.03,0.04,10700700
ACC-W2,20260602,0.08,0.08,0.07,0.08,616700
ASW-W3,20260602,0.62,0.68,0.61,0.68,3100
B-W8,20260602,0.01,0.01,0.01,0.01,800
BC-W4,20260602,0.05,0.05,0.04,0.05,38000
BTS-W8,20260602,0.01,0.01,0.01,0.01,730500
BWG-W7,20260602,0.04,0.05,0.04,0.04,5833000
CAZ-W1,20260602,0.63,0.65,0.63,0.65,4500
CHASE-W1,20260602,0.17,0.17,0.16,0.16,257000
CHAYO-W4,20260602,0.28,0.3,0.26,0.29,7604500
COMAN-W1,20260602,0.06,0.07,0.06,0.06,198200
DEMCO-W8,20260602,0.99,1.03,0.96,0.98,8760100
EA-W1,20260602,0.8,0.84,0.79,0.81,39827900
EMPIRE-W1,20260602,0.04,0.05,0.03,0.05,2638500
EMPIRE-W2,20260602,0.09,0.1,0.08,0.1,29300
GLORY-W1,20260602,0.23,0.23,0.21,0.22,646700
HYDRO-W2,20260602,0.06,0.07,0.05,0.06,1023300
IROYAL-W1,20260602,1.27,1.29,1.24,1.29,44100
IROYAL-W2,20260602,0.86,0.86,0.83,0.83,1100
ITEL-W6,20260602,0.18,0.2,0.18,0.18,1346100
JAS-W4,20260602,0.18,0.19,0.18,0.19,6076100
KASET-W1,20260602,0.13,0.14,0.12,0.13,1440200
KGEN-W2,20260602,0.1,0.11,0.09,0.1,1429400
KUN-W3,20260602,0.03,0.03,0.02,0.03,512200
MADAME-W6,20260602,0.08,0.09,0.07,0.09,8545600
MGI-W1,20260602,0.12,0.12,0.1,0.11,2149500
NOBLE-W3,20260602,0.12,0.13,0.11,0.11,3273800
ORI-W2,20260602,0.22,0.24,0.22,0.23,315300
PEER-W2,20260602,0.01,0.01,0.01,0.01,50000
PLANET-W2,20260602,0.31,0.31,0.2,0.26,300
PLANET-W3,20260602,0.22,0.22,0.17,0.21,400
PPPM-W6,20260602,0.03,0.03,0.02,0.03,463400
PROEN-W2,20260602,0.1,0.12,0.1,0.11,1540000
PROUD-W3,20260602,0.14,0.15,0.14,0.14,229700
PSTC-W3,20260602,0.03,0.04,0.03,0.03,465000
QDC-W3,20260602,0.06,0.08,0.06,0.08,107100
ROCTEC-W5,20260602,0.01,0.01,0.01,0.01,1093600
SAAM-W3,20260602,0.15,0.15,0.13,0.15,87800
SAAM-W4,20260602,0.13,0.14,0.13,0.13,67000
SAMTEL-W2,20260602,0.24,0.26,0.23,0.24,82700
SGC-W2,20260602,0.34,0.36,0.34,0.35,2075300
STELLA-W6,20260602,0.05,0.06,0.05,0.06,241600
TAKUNI-W2,20260602,0.26,0.27,0.24,0.25,114600
TCC-W5,20260602,0.15,0.17,0.15,0.16,1101100
TFG-W4,20260602,5.75,5.75,4.9,5.1,1358200
TGE-W2,20260602,0.02,0.03,0.02,0.02,619700
TL-W2,20260602,0.08,0.08,0.06,0.07,2501700
TNITY-W2,20260602,0.13,0.13,0.12,0.13,223700
TRUBB-W3,20260602,0.42,0.46,0.42,0.43,1398400
UREKA-W3,20260602,0.24,0.29,0.22,0.24,4814500
VGI-W3,20260602,0.01,0.02,0.01,0.01,633200
VIBHA-W5,20260602,0.06,0.06,0.04,0.05,3067000
VIH-W1,20260602,0.12,0.2,0.12,0.12,14900
WAVE-W4,20260602,0.01,0.01,0.01,0.01,200
XBIO-W6,20260602,0.03,0.03,0.02,0.02,303800
XBIO-W7,20260602,0.01,0.02,0.01,0.02,82300
XBIO-W8,20260602,0.16,0.16,0.16,0.16,96400
ZIGA-W2,20260602,0.04,0.06,0.04,0.05,2981100
1DIV-O,20260602,12.85,12.87,12.85,12.87,22
2I01BSET50-O,20260602,2.7,2.74,2.64,2.64,109
2X01BSET50-O,20260602,7.82,7.82,7.82,7.82,41
ABFTH-O,20260602,1340,1340,1330,1330,6
BMSCG-O,20260602,8.86,8.86,8.86,8.86,1
BMSCITH-O,20260602,12.96,13.1,12.96,13,192
BSET100-O,20260602,11.43,11.48,11.43,11.48,36
CHINA-O,20260602,7.69,7.69,7.67,7.67,4
GLD-O,20260602,5.8,5.83,5.78,5.83,324
TDEX-O,20260602,9.98,10.2,9.96,10.15,868
1DIV,20260602,12.72,12.88,12.72,12.82,37000
1I01BSET50,20260602,3.65,3.65,3.65,3.65,5000
2I01BSET50,20260602,2.72,2.73,2.63,2.65,2379000
2X01BSET50,20260602,7.65,7.92,7.62,7.85,496900
ABFTH,20260602,1340,1340,1340,1340,50
BMSCG,20260602,8.86,8.88,8.86,8.88,4000
BMSCITH,20260602,12.92,13.11,12.92,13.02,532200
BSET100,20260602,11.36,11.52,11.35,11.51,308100
CHINA,20260602,7.66,7.72,7.65,7.7,66700
GLD,20260602,5.79,5.84,5.76,5.82,1247100
TDEX,20260602,9.97,10.19,9.97,10.17,3774400
UBOT,20260602,14.8,15.05,14.8,15.04,1000
UHERO,20260602,8.04,8.13,8.04,8.13,1200
2S-O,20260602,3.06,3.06,3.06,3.06,87
3BBIF-O,20260602,6.5,6.55,6.45,6.5,1200
88TH-O,20260602,4.3,4.3,4.3,4.3,1
A-O,20260602,2.34,2.34,2.34,2.34,48
A5-O,20260602,1.79,1.79,1.79,1.79,29
AAI-O,20260602,3.72,3.72,3.6,3.6,159
AAV-O,20260602,1.09,1.1,1.08,1.08,452
ABM-O,20260602,0.44,0.44,0.44,0.44,87
ACE-O,20260602,1.3,1.3,1.3,1.3,11
ACG-O,20260602,0.77,0.77,0.77,0.77,1
ADB-O,20260602,0.64,0.64,0.64,0.64,96
ADVANC-O,20260602,356,367,355,363,12553
ADVICE-O,20260602,6.4,8.25,6.4,6.7,486
AE-O,20260602,0.09,0.11,0.09,0.11,155
AEONTS-O,20260602,101,101,93.75,94,199
AF-O,20260602,0.35,0.35,0.35,0.35,22
AGE-O,20260602,1.25,1.25,1.24,1.24,28
AH-O,20260602,14.2,14.2,14.2,14.2,34
AHC-O,20260602,13,13,12.7,12.7,4
AI-O,20260602,2.92,2.92,2.8,2.9,268
AIE-O,20260602,1.19,1.22,1.19,1.22,293
AIMIRT-O,20260602,11.4,11.4,11.3,11.4,214
AIT-O,20260602,4.72,4.76,4.7,4.76,165
AJ-O,20260602,3.04,3.1,3.04,3.06,76
AJA-O,20260602,0.15,0.15,0.14,0.14,155
AKR-O,20260602,0.88,0.9,0.88,0.9,19
ALLA-O,20260602,1.18,1.18,1.18,1.18,5
ALLY-O,20260602,4.7,4.76,4.7,4.76,158
ALPHAX-O,20260602,0.29,0.29,0.29,0.29,2
ALT-O,20260602,1.58,1.58,1.58,1.58,99
ALUCON-O,20260602,239,239,238,239,106
AMA-O,20260602,3.84,3.86,3.82,3.86,129
AMANAH-O,20260602,0.62,0.63,0.6,0.63,371
AMARC-O,20260602,3.36,3.38,3.34,3.38,229
AMARIN-O,20260602,2.76,2.76,2.76,2.76,87
AMATA-O,20260602,24.5,25,24.5,24.9,813
AMATAV-O,20260602,2.02,2.02,2.02,2.02,1
AMR-O,20260602,0.41,0.41,0.41,0.41,31
ANAN-O,20260602,0.34,0.34,0.32,0.33,140
ANI-O,20260602,2.5,2.52,2.5,2.52,96
AOT-O,20260602,55,56.25,54.75,56,3361
AP-O,20260602,7.35,7.35,7.25,7.25,2466
APCO-O,20260602,2.82,2.82,2.8,2.8,42
APO-O,20260602,2.06,2.06,2.06,2.06,87
APP-O,20260602,2.58,2.58,2.52,2.52,191
APURE-O,20260602,2,2,2,2,3
AQUA-O,20260602,0.07,0.07,0.07,0.07,29
ARIN-O,20260602,0.53,0.53,0.52,0.52,30
ARROW-O,20260602,5.25,5.3,5.05,5.05,41
AS-O,20260602,2.46,2.46,2.42,2.42,26
ASAP-O,20260602,2.24,2.26,2.24,2.26,82
ASEFA-O,20260602,5.45,5.55,5.45,5.55,177
ASIAN-O,20260602,7,7,7,7,114
ASIMAR-O,20260602,1.37,1.37,1.36,1.36,50
ASK-O,20260602,9.1,9.2,9.1,9.2,22
ASP-O,20260602,2.14,2.16,2.14,2.14,112
ASW-O,20260602,6.9,7,5.95,6.9,168
ATLAS-O,20260602,1.87,1.87,1.83,1.83,151
ATP30-O,20260602,0.81,0.81,0.81,0.81,2
AU-O,20260602,4.44,4.78,4.44,4.7,122
AUCT-O,20260602,3.88,3.98,3.88,3.9,104
AURA-O,20260602,14.7,14.7,14.5,14.6,176
AWC-O,20260602,2.24,2.34,2,2.32,993
AXTRART-O,20260602,12.8,12.8,12.7,12.7,178
AYUD-O,20260602,39.75,40.5,39.5,39.75,61
B-O,20260602,0.03,0.04,0.03,0.04,617
B-WORK-O,20260602,6.05,6.05,6.05,6.05,85
B52-O,20260602,0.23,0.23,0.23,0.23,1
BA-O,20260602,14.8,15.7,14.8,15.7,684
BAFS-O,20260602,8.75,8.95,8.7,8.85,295
BAM-O,20260602,6.4,6.5,6.4,6.45,768
BANPU-O,20260602,5.8,5.85,5.75,5.8,726
BAREIT-O,20260602,10.7,10.7,10.7,10.7,41
BAY-O,20260602,34.75,36.75,34.75,36,1631
BBGI-O,20260602,4.18,4.36,4.18,4.34,252
BBIK-O,20260602,17.8,18,17.5,17.9,173
BBL-O,20260602,173,175.5,173,175,1992
BCH-O,20260602,9.45,9.45,9.35,9.4,1378
BCP-O,20260602,33.75,34.25,33.25,34.25,1094
BCPG-O,20260602,6.75,6.9,6.7,6.7,1382
BCT-O,20260602,49.75,50,49.5,50,28
BDMS-O,20260602,18.2,18.4,18.2,18.3,10573
BE8-O,20260602,5.2,5.55,5.2,5.55,439
BEAUTY-O,20260602,0.37,0.39,0.37,0.39,127
BEC-O,20260602,1.97,2.02,1.95,2.02,285
BEM-O,20260602,5.2,5.25,5.15,5.25,1338
BEYOND-O,20260602,6.3,6.3,6.3,6.3,65
BGC-O,20260602,6.15,6.2,6,6.2,60
BGRIM-O,20260602,13.8,14.2,13.7,13.9,1598
BH-O,20260602,179.5,181,177.5,178,2007
BIG-O,20260602,0.29,0.29,0.28,0.28,43
BIOTEC-O,20260602,0.28,0.28,0.28,0.28,28
BIS-O,20260602,2.02,2.02,2.02,2.02,51
BIZ-O,20260602,5.6,5.6,5.5,5.6,318
BJC-O,20260602,14.3,14.4,14.3,14.4,305
BJCHI-O,20260602,0.79,0.79,0.79,0.79,1
BKA-O,20260602,0.72,0.72,0.72,0.72,1
BKD-O,20260602,1.14,1.14,1.14,1.14,19
BKGI-O,20260602,1.99,2.14,1.99,2.04,268
BKIH-O,20260602,358,359,351,353,24
BLA-O,20260602,23.1,23.3,22.8,23.2,212
BLAND-O,20260602,0.46,0.48,0.46,0.46,90
BLC-O,20260602,4,4,4,4,50
BOFFICE-O,20260602,5.3,5.35,5.3,5.3,125
BOL-O,20260602,4.92,4.98,4.9,4.9,16
BPP-O,20260602,11.9,12.1,11.8,11.8,202
BPS-O,20260602,0.51,0.51,0.51,0.51,89
BR-O,20260602,1.7,1.7,1.7,1.7,1
BRI-O,20260602,1.28,1.28,1.27,1.27,31
BRR-O,20260602,3.58,3.6,3.56,3.58,100
BRRGIF-O,20260602,3.68,3.7,3.68,3.68,171
BTC-O,20260602,0.15,0.15,0.14,0.15,168
BTG-O,20260602,19.9,20,19.8,20,600
BTS-O,20260602,2.08,2.12,2.02,2.08,2380
BTSGIF-O,20260602,2.64,2.64,2.62,2.62,41
BUI-O,20260602,7.95,11.3,7.95,11.2,137
BWG-O,20260602,0.32,0.32,0.32,0.32,21
BYD-O,20260602,0.52,0.53,0.52,0.53,66
CAZ-O,20260602,1.54,1.54,1.54,1.54,5
CBG-O,20260602,40.5,41.25,40,41,982
CCET-O,20260602,8.9,9.95,8.9,9.95,6286
CCP-O,20260602,0.27,0.27,0.23,0.27,108
CENTEL-O,20260602,33.5,33.75,33,33.75,442
CEYE-O,20260602,1.18,1.21,1.17,1.21,137
CFARM-O,20260602,0.79,0.81,0.79,0.81,21
CFRESH-O,20260602,1,1,0.98,0.98,37
CGH-O,20260602,0.51,0.51,0.51,0.51,15
CH-O,20260602,1.54,1.54,1.54,1.54,1
CHAO-O,20260602,4.18,4.18,4.16,4.18,7
CHASE-O,20260602,0.48,0.48,0.48,0.48,1
CHAYO-O,20260602,1.21,1.3,1.2,1.28,512
CHG-O,20260602,1.43,1.45,1.4,1.41,1049
CHIC-O,20260602,0.3,0.3,0.3,0.3,1
CHOW-O,20260602,1.4,1.4,1.4,1.4,5
CK-O,20260602,18.1,19.4,18.1,19.4,1795
CKP-O,20260602,2.3,2.34,2.3,2.32,140
CMR-O,20260602,1.31,1.31,1.3,1.31,31
CNT-O,20260602,1.65,1.71,1.65,1.67,178
COCOCO-O,20260602,5.9,5.9,5.65,5.8,234
COLOR-O,20260602,1.03,1.03,1.03,1.03,5
COM7-O,20260602,26.25,26.75,26,26.5,850
COMAN-O,20260602,0.5,0.5,0.5,0.5,1
CPALL-O,20260602,47,47.25,46.5,46.75,11761
CPANEL-O,20260602,0.85,1.22,0.85,1.22,44
CPAXT-O,20260602,15.2,15.4,15.2,15.3,3770
CPF-O,20260602,19.1,19.2,19,19.2,2528
CPH-O,20260602,7.75,7.8,7.75,7.8,17
CPI-O,20260602,3.44,3.46,3.44,3.46,125
CPL-O,20260602,0.66,0.66,0.64,0.64,65
CPN-O,20260602,64.75,66,64.25,65.75,744
CPNCG-O,20260602,5.75,5.75,5.75,5.75,136
CPNREIT-O,20260602,12.6,15.3,12.5,12.5,500
CPR-O,20260602,2.66,2.66,2.62,2.62,3
CPW-O,20260602,2.4,2.6,2.4,2.5,146
CRC-O,20260602,21.2,21.2,20.9,21,1504
CREDIT-O,20260602,19.4,19.4,19.1,19.1,56
CSC-O,20260602,44,44.75,43.75,44.75,66
CTW-O,20260602,6.1,6.15,6,6.15,13
D-O,20260602,2.88,2.88,2.88,2.88,2
DCC-O,20260602,1.39,1.39,1.33,1.33,101
DCON-O,20260602,0.2,0.2,0.2,0.2,53
DDD-O,20260602,4.7,4.7,4.7,4.7,50
DELTA-O,20260602,353,360,352,356,15619
DEMCO-O,20260602,2.88,2.98,2.88,2.98,84
DIF-O,20260602,10,10.1,9.95,10.1,1983
DITTO-O,20260602,13.6,14,13.6,14,349
DMT-O,20260602,11.2,11.3,11.2,11.3,257
DOD-O,20260602,1.62,1.62,1.62,1.62,10
DOHOME-O,20260602,3.46,3.5,3.44,3.46,1217
DRT-O,20260602,4.98,5.05,4.98,5.05,22
DTCENT-O,20260602,0.84,0.95,0.84,0.95,422
DTCI-O,20260602,21,21,21,21,1
DUSIT-O,20260602,10.3,10.3,10.1,10.1,137
EA-O,20260602,3.4,3.58,3.4,3.5,3681
EASON-O,20260602,1.1,1.1,1.1,1.1,50
EAST-O,20260602,0.73,0.73,0.72,0.72,11
EASTW-O,20260602,4.26,4.26,4.18,4.24,154
EFORL-O,20260602,0.14,0.14,0.12,0.13,157
EGATIF-O,20260602,6.15,6.15,6.15,6.15,43
EGCO-O,20260602,115.5,118,115.5,116.5,670
EKH-O,20260602,4.92,5.05,4.9,5.05,528
EMC-O,20260602,0.02,0.02,0.02,0.02,2
EMPIRE-O,20260602,0.34,0.36,0.33,0.36,57
EPG-O,20260602,5.7,5.9,5.7,5.9,416
ERW-O,20260602,2.82,2.92,2.72,2.92,445
ETL-O,20260602,0.35,0.35,0.32,0.32,82
FANCY-O,20260602,0.28,0.28,0.28,0.28,1
FLOYD-O,20260602,1.06,1.07,1.06,1.07,35
FM-O,20260602,4.16,4.18,4.16,4.18,4
FMT-O,20260602,19.6,19.6,19.6,19.6,1
FORTH-O,20260602,15.7,17,15.5,16.1,439
FPT-O,20260602,6.7,6.7,6.7,6.7,2
FSMART-O,20260602,7.4,7.5,7.4,7.5,75
FSX-O,20260602,1.12,1.12,1.12,1.12,95
FTE-O,20260602,2.42,2.44,2.42,2.42,59
FTREIT-O,20260602,11.6,11.7,11.6,11.7,559
FUTURERT-O,20260602,8.9,8.9,8.85,8.85,115
FVC-O,20260602,0.31,0.31,0.3,0.3,30
GABLE-O,20260602,4.22,4.22,4.18,4.18,307
GBX-O,20260602,0.57,0.58,0.57,0.58,157
GC-O,20260602,4.54,4.54,4.52,4.52,35
GENCO-O,20260602,0.33,0.33,0.33,0.33,39
GFPT-O,20260602,8.55,8.75,8.55,8.6,62
GJS-O,20260602,0.13,0.14,0.13,0.14,129
GLOBAL-O,20260602,7.2,7.3,7.2,7.2,1180
GPSC-O,20260602,40,41.75,40,41.5,1096
GRAMMY-O,20260602,3.1,3.1,3.1,3.1,20
GRAND-O,20260602,0.03,0.03,0.02,0.03,344
GROREIT-O,20260602,8.5,8.5,8.5,8.5,65
GTB-O,20260602,0.72,0.72,0.72,0.72,80
GTV-O,20260602,0.02,0.02,0.02,0.02,42
GULF-O,20260602,61.5,66,61.25,65,23042
GUNKUL-O,20260602,3.98,4.04,3.94,3.96,1899
GVREIT-O,20260602,6.95,6.95,6.9,6.9,13
HANA-O,20260602,36.75,38.75,36.75,38.75,3077
HANN-O,20260602,0.92,0.92,0.92,0.92,4
HARN-O,20260602,2.1,2.1,2.1,2.1,10
HENG-O,20260602,0.9,0.9,0.89,0.9,85
HL-O,20260602,5.8,5.8,5.75,5.75,87
HMPRO-O,20260602,6.05,6.15,6,6.05,1462
HPF-O,20260602,6.45,6.45,6.15,6.15,40
HTC-O,20260602,15.6,15.9,15.6,15.7,197
HTECH-O,20260602,3.54,3.6,3.54,3.6,38
HUMAN-O,20260602,4.62,4.9,4.62,4.9,314
HYDRO-O,20260602,1.25,1.32,1.16,1.18,141
HYDROGEN-O,20260602,8.25,8.25,8.25,8.25,87
ICHI-O,20260602,12.9,13.1,12.7,13,2749
IDG-O,20260602,1.26,1.26,1.26,1.26,11
III-O,20260602,4.1,4.12,4.1,4.12,134
ILINK-O,20260602,4.8,4.8,4.8,4.8,3
ILM-O,20260602,12.5,12.6,12.4,12.4,146
IMPACT-O,20260602,11.4,11.4,11.3,11.3,201
IND-O,20260602,0.9,0.9,0.88,0.88,60
INET-O,20260602,3.96,4.16,3.96,4.02,209
INETREIT-O,20260602,12.5,12.5,12.4,12.5,3349
INOX-O,20260602,4.42,4.44,4.4,4.44,65
INSET-O,20260602,3.38,3.44,3.38,3.44,175
IP-O,20260602,4.32,4.32,4.22,4.22,69
IRCP-O,20260602,0.25,0.25,0.25,0.25,16
IROYAL-O,20260602,4.56,4.56,4.56,4.56,18
IRPC-O,20260602,1.88,1.9,1.84,1.86,1261
IT-O,20260602,5.6,5.6,5.6,5.6,1
ITC-O,20260602,16,16.3,16,16.2,382
ITD-O,20260602,0.37,0.39,0.37,0.38,103
ITEL-O,20260602,1.4,1.4,1.39,1.39,38
IVL-O,20260602,23.6,24.1,23,23.9,978
JAK-O,20260602,0.73,0.73,0.73,0.73,1
JAS-O,20260602,1.09,1.11,1.09,1.11,660
JCK-O,20260602,0.14,0.14,0.13,0.14,263
JCT-O,20260602,82.75,82.75,82.75,82.75,3
JMART-O,20260602,9.05,9.25,9,9.25,848
JMT-O,20260602,11.2,11.3,11,11.2,644
JPARK-O,20260602,3.2,3.22,3.2,3.22,13
JR-O,20260602,1.67,1.68,1.67,1.68,73
JTS-O,20260602,39.75,40,38.75,39.25,512
JUBILE-O,20260602,7.4,7.4,7.4,7.4,8
KAMART-O,20260602,7.6,7.6,7.15,7.4,139
KASET-O,20260602,0.73,0.73,0.72,0.72,67
KBANK-O,20260602,201,205,201,204,5122
KBS-O,20260602,5.7,5.7,5.7,5.7,34
KBSPIF-O,20260602,9.25,9.25,9.25,9.25,100
KCC-O,20260602,2.94,2.94,2.94,2.94,3
KCE-O,20260602,37.75,40,37.75,39.5,4331
KCG-O,20260602,9.6,9.6,9.6,9.6,34
KCM-O,20260602,0.34,0.34,0.34,0.34,52
KGI-O,20260602,4.28,4.32,4.28,4.32,107
KIAT-O,20260602,0.34,0.34,0.34,0.34,72
KISS-O,20260602,3.36,3.38,3.34,3.38,111
KKP-O,20260602,88.25,92,88.25,91,9809
KLINIQ-O,20260602,26.5,26.5,26.25,26.25,149
KOOL-O,20260602,0.28,0.28,0.21,0.21,56
KPNREIT-O,20260602,2,2,2,2,1
KSL-O,20260602,1.52,1.53,1.52,1.52,133
KTB-O,20260602,35,35.75,35,35.5,15292
KTC-O,20260602,29.75,30.75,29.75,30.5,2128
KTMS-O,20260602,1.17,1.17,1.17,1.17,108
KUMWEL-O,20260602,1.98,1.98,1.98,1.98,50
KUN-O,20260602,0.59,0.59,0.59,0.59,55
KWM-O,20260602,0.79,0.79,0.78,0.78,11
KYE-O,20260602,333,333,300,301,106
L&E-O,20260602,1.17,1.17,1.17,1.17,1
LALIN-O,20260602,4.38,4.38,4.38,4.38,20
LANNA-O,20260602,14.3,14.3,14.1,14.3,878
LDC-O,20260602,0.24,0.27,0.24,0.27,51
LEO-O,20260602,1.8,2.02,1.8,2.02,118
LH-O,20260602,3.6,3.66,3.48,3.64,2527
LHFG-O,20260602,1.2,1.2,1.17,1.18,150
LHHOTEL-O,20260602,13,13,13,13,32
LHK-O,20260602,4.18,4.18,4.18,4.18,3
LHSC-O,20260602,14.6,14.7,14.5,14.6,252
LOXLEY-O,20260602,1.59,1.59,1.59,1.59,9
LPN-O,20260602,1.54,1.56,1.54,1.56,13
LST-O,20260602,4.68,4.88,4.68,4.88,16
LTMH-O,20260602,5,5,5,5,1
LTS-O,20260602,2.88,2.92,2.88,2.92,73
M-CHAI-O,20260602,19,19.8,18.7,18.7,40
M-O,20260602,20.6,21,20.6,21,222
M-PAT-O,20260602,1.27,1.27,1.27,1.27,2
M-STOR-O,20260602,9.2,9.2,9.2,9.2,60
MADAME-O,20260602,0.46,0.46,0.45,0.46,172
MAGURO-O,20260602,17.8,17.8,17.7,17.8,40
MAJOR-O,20260602,6.7,6.75,6.7,6.7,227
MALEE-O,20260602,4.16,4.2,4.16,4.2,11
MASTER-O,20260602,8.75,8.85,8.7,8.8,161
MBAX-O,20260602,1.9,1.9,1.88,1.88,90
MBK-O,20260602,18.3,18.8,18.2,18.8,303
MC-O,20260602,11.2,11.3,11,11.3,441
MCOT-O,20260602,5.95,5.95,5.95,5.95,50
MCS-O,20260602,7.4,7.5,7.4,7.5,225
MEB-O,20260602,12.1,12.4,12,12.2,193
MEDEZE-O,20260602,6.2,6.2,6.15,6.15,3
MEGA-O,20260602,35.75,35.75,35.25,35.75,353
MENA-O,20260602,0.62,0.62,0.62,0.62,13
METCO-O,20260602,286,328,275,288,33
MFC-O,20260602,19.2,19.3,19.2,19.3,5
MFEC-O,20260602,5.9,6,5.9,5.9,47
MGC-O,20260602,6.15,6.15,6.1,6.15,69
MGI-O,20260602,5.05,5.05,4.98,4.98,135
MGT-O,20260602,1.91,1.91,1.91,1.91,1
MII-O,20260602,5.8,5.8,5.8,5.8,72
MINT-O,20260602,22.4,22.4,22,22.2,1518
MITSIB-O,20260602,0.54,0.56,0.54,0.56,38
MJLF-O,20260602,5.55,5.65,5.55,5.65,225
ML-O,20260602,0.93,0.98,0.93,0.98,118
MMM-O,20260602,2.64,2.68,2.62,2.62,287
MNIT-O,20260602,1.94,2,1.93,1.93,56
MNIT2-O,20260602,5.4,5.4,5.4,5.4,1
MONO-O,20260602,0.74,0.74,0.71,0.71,189
MOONG-O,20260602,2.4,2.4,2.32,2.4,125
MORE-O,20260602,0.06,0.06,0.05,0.06,250
MOSHI-O,20260602,38,38.25,37.75,38,454
MPJ-O,20260602,3.56,3.56,3.56,3.56,99
MRDIYT-O,20260602,8.6,8.9,8.6,8.8,620
MST-O,20260602,7.1,7.1,7.1,7.1,40
MTC-O,20260602,28.75,29.25,28.5,29.25,425
MTI-O,20260602,15.3,16.4,15.3,16.4,41
MUD-O,20260602,0.6,0.6,0.6,0.6,58
NAM-O,20260602,3.54,3.54,3.54,3.54,30
NAT-O,20260602,1.83,1.83,1.83,1.83,2
NC-O,20260602,1.76,1.76,1.76,1.76,64
NCAP-O,20260602,2.78,2.8,2.74,2.8,55
NDR-O,20260602,2.2,2.3,2.2,2.3,51
NEO-O,20260602,17,17.1,16.9,16.9,114
NER-O,20260602,4.44,4.5,4.44,4.5,105
NETBAY-O,20260602,9.6,9.6,9.6,9.6,21
NEW-O,20260602,89.5,89.5,89.5,89.5,1
NEX-O,20260602,1.1,1.12,1.1,1.12,156
NKI-O,20260602,16.9,16.9,16.9,16.9,1
NKT-O,20260602,4,4,4,4,35
NNCL-O,20260602,1.67,1.67,1.67,1.67,32
NOBLE-O,20260602,1.86,1.86,1.85,1.85,45
NOVA-O,20260602,7.55,7.55,7.45,7.45,3
NSL-O,20260602,21.3,22.1,21.1,21.1,49
NTF-O,20260602,15.6,15.6,15.4,15.4,130
NTV-O,20260602,19.2,20.1,19,19.2,110
NV-O,20260602,0.5,0.5,0.5,0.5,2
NYT-O,20260602,3.68,4.58,3.68,3.7,479
OHTL-O,20260602,322,322,322,322,1
OKJ-O,20260602,3.68,3.92,3.2,3.92,1283
ONEE-O,20260602,2.84,2.98,2.8,2.8,533
ONSENS-O,20260602,1,1.14,1,1.14,11
OR-O,20260602,12.4,12.7,12.3,12.6,2519
ORI-O,20260602,1.71,1.71,1.7,1.7,325
OSP-O,20260602,15.3,15.5,15.2,15.5,564
PACO-O,20260602,1.4,1.4,1.4,1.4,35
PAP-O,20260602,2.5,2.5,2.5,2.5,2
PATO-O,20260602,6.2,6.2,6.2,6.2,19
PB-O,20260602,48,48,46.5,46.75,111
PCC-O,20260602,3.08,3.5,3.08,3.5,71
PCE-O,20260602,2.24,2.24,2.22,2.22,100
PCSGH-O,20260602,3,3,3,3,69
PDG-O,20260602,3.26,3.26,3.12,3.12,10
PDJ-O,20260602,0.96,0.97,0.96,0.97,15
PEACE-O,20260602,1.12,1.12,1.12,1.12,38
PEER-O,20260602,0.1,0.1,0.1,0.1,2
PF-O,20260602,0.05,0.05,0.04,0.05,197
PHG-O,20260602,10.5,10.5,10.5,10.5,45
PHOL-O,20260602,3,3.04,3,3.04,158
PIN-O,20260602,4.38,4.38,4.38,4.38,1
PJW-O,20260602,2.02,2.02,2.02,2.02,26
PLANB-O,20260602,4.14,5.4,4.14,4.16,457
PLANET-O,20260602,0.9,0.9,0.9,0.9,1
PLE-O,20260602,0.09,0.13,0.09,0.12,206
PLUS-O,20260602,1.15,1.16,1.15,1.16,47
PM-O,20260602,10.7,10.8,10.7,10.8,29
PMC-O,20260602,0.85,0.88,0.85,0.86,274
POLY-O,20260602,6.85,6.85,6.85,6.85,10
POPF-O,20260602,5.5,7.95,5.5,7.95,65
PPM-O,20260602,1.83,1.83,1.83,1.83,10
PPPM-O,20260602,0.23,0.23,0.18,0.23,94
PQS-O,20260602,1.65,1.65,1.6,1.6,2
PR9-O,20260602,16.4,16.5,16.3,16.5,369
PRAPAT-O,20260602,0.81,0.81,0.81,0.81,22
PRG-O,20260602,8.9,9.2,8.9,9.15,90
PRI-O,20260602,3.5,3.5,3.5,3.5,1
PRIME-O,20260602,0.06,0.06,0.06,0.06,1
PRINC-O,20260602,1.75,1.75,1.75,1.75,20
PRM-O,20260602,8.75,8.75,8.65,8.65,405
PROSPECT-O,20260602,9.3,9.3,9.25,9.3,278
PRTR-O,20260602,3.38,3.38,3.38,3.38,50
PSGC-O,20260602,6.25,6.25,6,6.1,503
PSH-O,20260602,3.78,3.8,3.44,3.44,48
PSL-O,20260602,7.6,7.7,7.4,7.6,255
PT-O,20260602,10.9,11,10.9,10.9,254
PTG-O,20260602,7.3,7.4,7.25,7.3,852
PTT-O,20260602,36.75,37,36.25,36.75,6857
PTTEP-O,20260602,143.5,145,142.5,144,5293
PTTGC-O,20260602,33.5,34.75,32,34.25,2110
PYLON-O,20260602,3.34,3.34,3.34,3.34,1
Q-CON-O,20260602,6.25,6.25,6.25,6.25,57
QDC-O,20260602,0.14,0.14,0.13,0.13,62
QH-O,20260602,1.37,1.37,1.34,1.36,1425
QHBREIT-O,20260602,3.76,3.78,3.76,3.78,86
QHHRREIT-O,20260602,7.8,7.8,7.7,7.75,137
QLT-O,20260602,1.46,1.46,1.46,1.46,1
RABBIT-O,20260602,0.34,0.37,0.34,0.36,92
RAM-O,20260602,18.5,18.5,18.4,18.4,142
RATCH-O,20260602,30.5,31,30.25,30.5,1440
RBF-O,20260602,4.22,4.3,4.18,4.28,60
RCL-O,20260602,31.75,31.75,31.25,31.5,1181
READY-O,20260602,2.96,2.96,2.96,2.96,20
RICHY-O,20260602,0.17,0.17,0.15,0.15,93
RJH-O,20260602,12.8,13.1,12.8,13,13
ROCTEC-O,20260602,0.68,0.7,0.68,0.7,7
ROJNA-O,20260602,5.25,5.35,5,5.35,211
RPC-O,20260602,0.38,0.38,0.38,0.38,30
RPH-O,20260602,4.9,4.9,4.9,4.9,44
RS-O,20260602,0.16,0.16,0.14,0.14,62
RSP-O,20260602,0.96,0.96,0.96,0.96,24
RT-O,20260602,0.3,0.3,0.28,0.28,170
S-O,20260602,0.5,0.51,0.5,0.51,84
S11-O,20260602,4.04,4.04,3.82,3.82,93
SA-O,20260602,7.05,7.05,7.05,7.05,36
SABINA-O,20260602,15.4,15.5,15.2,15.3,272
SAFE-O,20260602,5.9,5.9,5.9,5.9,14
SAK-O,20260602,3.24,3.24,3.18,3.2,74
SALEE-O,20260602,0.59,0.59,0.58,0.58,7
SANKO-O,20260602,0.92,0.92,0.92,0.92,2
SAPPE-O,20260602,29.75,30,29.75,30,82
SAT-O,20260602,15.5,15.6,15.4,15.6,454
SAUCE-O,20260602,40.75,40.75,40.75,40.75,57
SAV-O,20260602,11,11.3,11,11.3,238
SAWAD-O,20260602,21.8,22,21.6,21.9,1020
SC-O,20260602,1.83,1.84,1.82,1.83,413
SCAP-O,20260602,1.59,1.75,1.56,1.74,1364
SCB-O,20260602,135,138,135,138,24419
SCC-O,20260602,227,230,226,229,1079
SCCC-O,20260602,145,147,145,146.5,222
SCG-O,20260602,2.3,2.3,2.26,2.26,10
SCGD-O,20260602,4.96,5,4.9,4.9,343
SCGP-O,20260602,24.5,25,24.2,24.8,1576
SCI-O,20260602,0.96,0.96,0.96,0.96,1
SCN-O,20260602,0.42,0.44,0.42,0.44,8
SCP-O,20260602,9,9,9,9,131
SDC-O,20260602,0.03,0.03,0.03,0.03,212
SE-ED-O,20260602,1.65,1.65,1.65,1.65,1
SE-O,20260602,0.47,0.48,0.47,0.47,171
SEAFCO-O,20260602,2.84,2.9,2.78,2.78,273
SEAOIL-O,20260602,3.14,3.16,3.14,3.16,97
SECURE-O,20260602,12.5,12.5,12.3,12.4,176
SEI-O,20260602,1.6,1.6,1.6,1.6,10
SELIC-O,20260602,2.62,2.7,2.62,2.7,199
SENA-O,20260602,1.79,1.79,1.79,1.79,9
SFLEX-O,20260602,2.8,2.8,2.78,2.78,45
SFT-O,20260602,1.5,1.5,1.5,1.5,55
SGC-O,20260602,1.35,1.36,1.35,1.36,199
SGF-O,20260602,0.1,0.1,0.1,0.1,70
SGP-O,20260602,9.3,9.3,9.1,9.2,114
SHANG-O,20260602,46.5,46.5,46.5,46.5,1
SHR-O,20260602,1.6,1.61,1.6,1.61,47
SICT-O,20260602,3.2,3.22,3.14,3.2,186
SINGER-O,20260602,7.2,8,7.2,7.8,320
SINO-O,20260602,0.89,0.94,0.89,0.94,76
SIRI-O,20260602,1.43,1.43,1.41,1.42,1732
SIS-O,20260602,21.5,22.5,21.5,21.9,126
SISB-O,20260602,9.85,9.9,9.8,9.9,383
SJWD-O,20260602,7.65,7.65,7.65,7.65,16
SKR-O,20260602,7.3,7.35,7.3,7.35,168
SKY-O,20260602,15.1,15.3,14.2,15.2,419
SMART-O,20260602,0.53,0.54,0.53,0.54,4
SMD100-O,20260602,1.23,1.41,1.22,1.22,276
SMO-O,20260602,3.94,3.94,3.92,3.92,20
SMPC-O,20260602,9.45,9.45,9.4,9.4,10
SMT-O,20260602,2.94,3.2,2.94,3.14,795
SNC-O,20260602,6.75,6.75,6.75,6.75,31
SNNP-O,20260602,6.65,6.95,6.6,6.65,232
SNP-O,20260602,8.85,8.85,8.85,8.85,11
SO-O,20260602,4.6,4.62,4.6,4.62,116
SOLAR-O,20260602,0.29,0.29,0.29,0.29,16
SORKON-O,20260602,3.46,3.46,3.32,3.44,30
SPA-O,20260602,2.94,3,2.94,3,118
SPALI-O,20260602,15.6,15.7,15.5,15.6,1047
SPC-O,20260602,55,55,55,55,16
SPCG-O,20260602,8.85,9,8.85,9,435
SPI-O,20260602,32,32,32,32,1
SPRC-O,20260602,7.4,7.45,7.35,7.4,354
SPREME-O,20260602,1.53,1.53,1.52,1.53,41
SPRIME-O,20260602,3.76,3.76,3.74,3.74,22
SPTX-O,20260602,0.01,0.01,0.01,0.01,128
SPVI-O,20260602,3.52,3.56,3.52,3.56,13
SQ-O,20260602,0.2,0.2,0.19,0.19,4
SRICHA-O,20260602,16.7,17.1,16.5,17.1,143
SRS-O,20260602,1.89,1.89,1.88,1.88,79
SSP-O,20260602,3.62,3.7,3.62,3.66,122
SST-O,20260602,1.05,1.05,0.71,0.71,2
SSTRT-O,20260602,4.36,4.36,4.34,4.34,10
STA-O,20260602,19.2,20,19.2,19.7,1296
STANLY-O,20260602,224,229,222,228,509
STARM-O,20260602,0.98,0.98,0.98,0.98,2
STC-O,20260602,0.53,0.53,0.53,0.53,96
STECON-O,20260602,15.6,16.6,15.6,16.4,2668
STELLA-O,20260602,0.28,0.3,0.28,0.3,128
STGT-O,20260602,11.7,11.9,11.5,11.8,497
STOWER-O,20260602,0.02,0.04,0.02,0.03,364
STP-O,20260602,11.2,11.2,11.2,11.2,7
STPI-O,20260602,5.3,5.3,4.72,4.72,246
SUC-O,20260602,27.25,27.25,27.25,27.25,11
SUN-O,20260602,2.42,2.44,2.42,2.44,38
SUPER-O,20260602,0.13,0.13,0.11,0.13,442
SUPEREIF-O,20260602,5.9,6.2,5.9,6.2,71
SUSCO-O,20260602,2.08,2.12,2.08,2.12,74
SVOA-O,20260602,1.77,1.77,1.75,1.75,5
SYMC-O,20260602,6.6,6.6,5.2,5.2,76
SYNEX-O,20260602,9.15,9.35,9.15,9.3,41
SYNTEC-O,20260602,1.65,1.65,1.65,1.65,2
TACC-O,20260602,5.7,5.9,5.7,5.9,379
TAE-O,20260602,1.62,1.85,1.62,1.82,382
TAKUNI-O,20260602,0.38,0.38,0.38,0.38,50
TAN-O,20260602,3.76,3.76,3.7,3.7,14
TASCO-O,20260602,13.8,13.8,13.7,13.7,200
TCAP-O,20260602,62,62,60,61.25,1414
TCC-O,20260602,0.33,0.33,0.33,0.33,71
TEAM-O,20260602,4.98,5.1,4.98,5.1,122
TEAMG-O,20260602,3.02,3.06,3.02,3.06,101
TFFIF-O,20260602,6.55,6.6,6.5,6.55,162
TFG-O,20260602,9.8,9.8,9.05,9.2,5883
TFMAMA-O,20260602,187,188,186.5,188,34
TGPRO-O,20260602,0.03,0.03,0.03,0.03,90
TH-O,20260602,0.33,0.47,0.33,0.47,6
THAI-O,20260602,6.55,6.8,6.5,6.75,1900
THANA-O,20260602,1.54,1.54,1.54,1.54,1
THANI-O,20260602,1.64,1.7,1.63,1.66,574
THCOM-O,20260602,11.6,11.9,11.6,11.8,125
THG-O,20260602,7.8,8.4,7.75,7.85,233
THIP-O,20260602,21.1,21.1,20.7,20.7,110
THREL-O,20260602,0.71,1.01,0.71,1.01,146
TIDLOR-O,20260602,17.7,17.9,17.6,17.7,2089
TIPCO-O,20260602,6.15,6.3,6.1,6.15,61
TIPH-O,20260602,21.4,21.6,21.4,21.5,112
TISCO-O,20260602,113.5,114.5,113,114,10992
TK-O,20260602,4.18,4.18,4.18,4.18,2
TKC-O,20260602,11.1,11.1,10,10,5
TKN-O,20260602,4.12,4.12,4.12,4.12,78
TKS-O,20260602,7.2,7.2,7.2,7.2,200
TLHPF-O,20260602,4.54,4.54,4.54,4.54,11
TLI-O,20260602,11.2,11.2,10.9,11,698
TMAN-O,20260602,11,11,11,11,1
TMD-O,20260602,26,26,25.25,26,87
TMI-O,20260602,0.47,0.48,0.47,0.48,2
TMT-O,20260602,3.48,3.48,3.48,3.48,2
TMW-O,20260602,60,69.75,60,69.75,5
TNDT-O,20260602,0.13,0.13,0.12,0.12,6
TNITY-O,20260602,2.54,2.54,2.54,2.54,7
TNP-O,20260602,3,3.02,3,3.02,39
TNR-O,20260602,5,5,5,5,40
TOA-O,20260602,12.4,12.6,12.3,12.5,236
TOG-O,20260602,7,7.1,7,7,45
TOP-O,20260602,46,46.75,46,46.25,1119
TPA-O,20260602,2.7,2.7,2.7,2.7,5
TPAC-O,20260602,8.6,8.6,8.6,8.6,5
TPIPL-O,20260602,0.82,0.82,0.82,0.82,131
TPIPP-O,20260602,1.79,1.82,1.78,1.78,512
TPL-O,20260602,0.62,0.62,0.62,0.62,70
TPLAS-O,20260602,1.1,1.1,1.04,1.04,7
TPOLY-O,20260602,0.11,0.11,0.1,0.1,39
TPS-O,20260602,3.12,3.12,3.1,3.1,10
TQM-O,20260602,13.6,14.1,13.6,13.8,211
TRC-O,20260602,0.46,0.61,0.46,0.6,553
TRITN-O,20260602,0.03,0.03,0.03,0.03,10
TRP-O,20260602,4.2,4.2,4.2,4.2,20
TRT-O,20260602,8.5,9.2,8.35,8.35,291
TRU-O,20260602,3.88,3.88,3.82,3.82,14
TRUBB-O,20260602,0.92,0.95,0.88,0.9,661
TRUE-O,20260602,13.8,14.2,13.8,14.1,4154
TSC-O,20260602,14.6,14.7,14.6,14.7,39
TSE-O,20260602,0.85,0.87,0.82,0.85,298
TSTE-O,20260602,13,13.7,11,11,77
TSTH-O,20260602,0.9,0.9,0.9,0.9,17
TTA-O,20260602,5.25,5.3,5.2,5.25,220
TTB-O,20260602,2.3,2.36,2.28,2.34,7513
TTLPF-O,20260602,9.6,9.6,9.55,9.6,462
TTT-O,20260602,39.75,39.75,39.75,39.75,19
TTW-O,20260602,9.35,9.55,9.35,9.4,657
TU-O,20260602,11.2,11.5,11.1,11.3,1652
TU-PF-O,20260602,1.12,1.12,1.12,1.12,1
TURBO-O,20260602,1.46,1.48,1.46,1.47,57
TVDH-O,20260602,0.04,0.05,0.04,0.05,52
TVO-O,20260602,25.25,25.75,25.25,25.25,498
TWP-O,20260602,0.81,1.15,0.81,1.13,135
TWPC-O,20260602,2.9,2.9,2.9,2.9,99
TWZ-O,20260602,0.02,0.02,0.02,0.02,17
UAC-O,20260602,2.5,2.6,1.84,1.84,125
UBE-O,20260602,0.54,0.58,0.54,0.56,161
UBIS-O,20260602,1.2,1.2,1.2,1.2,54
UEC-O,20260602,0.83,0.83,0.83,0.83,3
UMI-O,20260602,0.9,0.9,0.9,0.9,1
UMS-O,20260602,0.39,0.39,0.39,0.39,7
UNIX-O,20260602,1.69,1.69,1.68,1.68,118
UP-O,20260602,18.2,23.9,18.2,23.9,21
UPF-O,20260602,22.2,22.2,21.6,21.6,11
UPOIC-O,20260602,6.9,6.9,6.9,6.9,1
UREKA-O,20260602,0.37,0.44,0.36,0.4,235
UTP-O,20260602,8.05,8.05,8.05,8.05,51
UV-O,20260602,0.91,0.91,0.91,0.91,50
UVAN-O,20260602,15,15.1,14.9,15,617
VCOM-O,20260602,3.78,3.78,3.78,3.78,19
VGI-O,20260602,0.95,1.21,0.92,1.21,1451
VIBHA-O,20260602,1.38,1.38,1.37,1.37,103
VIH-O,20260602,8.2,8.4,8.2,8.2,133
VNG-O,20260602,1.87,1.87,1.87,1.87,5
WACOAL-O,20260602,16.4,16.7,16.4,16.7,14
WARRIX-O,20260602,1.45,1.45,1.44,1.44,101
WAVE-O,20260602,0.03,0.03,0.03,0.03,10
WFX-O,20260602,0.7,0.97,0.7,0.92,14
WHA-O,20260602,4.92,5.05,4.9,5.05,3519
WHABT-O,20260602,5.9,5.9,5.75,5.8,107
WHAIR-O,20260602,7.5,7.5,7.5,7.5,66
WHART-O,20260602,10.5,10.5,10.4,10.5,726
WHAUP-O,20260602,5.5,5.9,5.5,5.9,1081
WICE-O,20260602,2.36,2.4,2.34,2.36,213
WIIK-O,20260602,0.92,1,0.92,0.98,74
WINMED-O,20260602,0.87,0.87,0.87,0.87,1
WINNER-O,20260602,2.1,2.1,2.1,2.1,20
WORK-O,20260602,3.54,3.68,3.54,3.54,5
WP-O,20260602,3.6,3.6,3.58,3.58,116
WPH-O,20260602,6.05,6.05,5.8,5.95,457
XBIO-O,20260602,0.08,0.08,0.07,0.07,143
XO-O,20260602,13,13.1,12.9,13.1,133
XPG-O,20260602,0.45,0.48,0.45,0.47,234
YGG-O,20260602,0.19,0.19,0.19,0.19,45
YONG-O,20260602,0.72,0.72,0.72,0.72,4
ZAA-O,20260602,1.66,1.66,1.66,1.66,50
ZEN-O,20260602,5.65,5.7,5.4,5.4,18
ZIGA-O,20260602,0.89,0.89,0.89,0.89,76
2S,20260602,3.08,3.12,3.08,3.08,221000
3BBIF,20260602,6.5,6.55,6.45,6.5,6797000
88TH,20260602,4.36,4.36,4.28,4.3,369300
A,20260602,3.28,3.28,3.28,3.28,100
A5,20260602,1.82,1.82,1.79,1.8,61000
AAI,20260602,3.7,3.7,3.58,3.58,3086700
AAV,20260602,1.08,1.09,1.07,1.08,62335700
ABM,20260602,0.43,0.45,0.43,0.45,51400
ACC,20260602,0.39,0.39,0.38,0.38,2015100
ACE,20260602,1.3,1.3,1.29,1.3,1366900
ACG,20260602,0.78,0.79,0.76,0.78,202000
ADB,20260602,0.63,0.66,0.63,0.66,478100
ADD,20260602,3.5,3.5,3.4,3.4,23900
ADVANC,20260602,357,368,355,364,15843800
ADVICE,20260602,6.35,6.8,6.35,6.7,9795100
AE,20260602,0.1,0.1,0.09,0.1,747700
AEONTS,20260602,94.25,94.5,93.25,94.25,650900
AF,20260602,0.36,0.37,0.35,0.36,11200
AFC,20260602,3.82,3.86,3.8,3.86,1500
AGE,20260602,1.22,1.27,1.22,1.24,2434300
AH,20260602,14,14.3,14,14.3,111100
AHC,20260602,12.4,12.5,12.4,12.5,5500
AI,20260602,2.9,2.92,2.9,2.9,111200
AIE,20260602,1.18,1.25,1.18,1.2,6055200
AIMCG,20260602,1.32,1.33,1.32,1.33,118300
AIMIRT,20260602,11.4,11.5,11.2,11.4,605600
AIRA,20260602,1.08,1.09,1.04,1.09,5600
AIT,20260602,4.68,4.76,4.68,4.72,1343600
AJ,20260602,2.98,3.12,2.94,3.04,6385800
AJA,20260602,0.15,0.15,0.14,0.15,3409100
AKP,20260602,0.73,0.73,0.72,0.73,282300
AKR,20260602,0.89,0.9,0.87,0.88,5104700
ALLA,20260602,1.17,1.18,1.16,1.17,35600
ALLY,20260602,4.68,4.74,4.68,4.72,728400
ALPHAX,20260602,0.26,0.3,0.26,0.28,27399900
ALT,20260602,1.56,1.62,1.55,1.57,8320900
ALUCON,20260602,239,239,238,238,500
AMA,20260602,3.82,3.86,3.8,3.8,1146600
AMANAH,20260602,0.63,0.64,0.62,0.63,405900
AMARC,20260602,3.38,3.4,3.34,3.4,1566000
AMATA,20260602,24.5,25,24.5,25,16082000
AMATAR,20260602,7.3,7.35,7.25,7.3,31800
AMATAV,20260602,2,2.02,2,2.02,14600
AMC,20260602,2.22,2.22,2.2,2.2,16000
AMR,20260602,0.41,0.42,0.4,0.42,453100
ANAN,20260602,0.33,0.35,0.33,0.34,2855000
ANI,20260602,2.52,2.54,2.5,2.52,259100
AOT,20260602,55.25,56.5,54.5,56.25,55720500
AP,20260602,7.3,7.35,7.2,7.3,16398100
APCO,20260602,2.82,2.9,2.76,2.8,397100
APCS,20260602,1.47,1.47,1.45,1.45,100600
APO,20260602,2.02,2.08,2.02,2.04,338900
APP,20260602,2.54,2.58,2.52,2.54,101700
APURE,20260602,2,2.02,2,2.02,50800
AQUA,20260602,0.1,0.11,0.1,0.11,206600
ARIN,20260602,0.53,0.53,0.51,0.52,741600
ARIP,20260602,0.45,0.45,0.43,0.45,36600
ARROW,20260602,5.2,5.3,5.2,5.3,44900
AS,20260602,2.46,2.48,2.38,2.4,1742900
ASAP,20260602,2.28,2.3,2.24,2.28,322900
ASEFA,20260602,5.35,5.6,5.35,5.5,3121500
ASIA,20260602,5.35,5.4,5.35,5.4,700
ASIAN,20260602,7,7,6.95,6.95,174000
ASIMAR,20260602,1.34,1.37,1.34,1.37,146500
ASK,20260602,9.15,9.2,9.1,9.2,320900
ASN,20260602,0.73,0.73,0.72,0.72,4700
ASP,20260602,2.14,2.18,2.14,2.16,1899900
ASTR,20260602,5,5.15,4.92,4.96,535000
ASW,20260602,6.9,6.95,6.9,6.95,42900
ATLAS,20260602,1.83,1.85,1.81,1.83,3166500
ATP30,20260602,0.81,0.82,0.8,0.8,572600
AU,20260602,4.6,4.8,4.58,4.7,1639200
AUCT,20260602,3.86,3.96,3.82,3.88,2371400
AURA,20260602,14.7,14.7,14.4,14.5,1954300
AWC,20260602,2.26,2.34,2.22,2.32,43565500
AXTRART,20260602,12.7,12.8,12.7,12.7,282100
AYUD,20260602,40,40.75,39,40,10700
B,20260602,0.03,0.04,0.03,0.04,1144200
B-WORK,20260602,6.05,6.1,6.05,6.05,152800
B52,20260602,0.23,0.23,0.23,0.23,216700
BA,20260602,15.1,15.8,15.1,15.8,8748400
BAFS,20260602,8.75,8.95,8.7,8.9,224700
BAM,20260602,6.45,6.45,6.35,6.4,8870500
BANPU,20260602,5.75,5.85,5.7,5.75,41429100
BAREIT,20260602,10.7,10.8,10.6,10.7,257600
BAY,20260602,34.5,36.75,34.5,36.25,6115900
BBGI,20260602,4.18,4.4,4.18,4.34,3682700
BBIK,20260602,17.5,18.1,17.4,18,2601400
BBL,20260602,173,176,172.5,175.5,13371200
BC,20260602,0.65,0.69,0.65,0.65,173500
BCH,20260602,9.45,9.45,9.3,9.35,15527400
BCP,20260602,33.5,34.25,33.25,34.25,3836100
BCPG,20260602,6.8,6.8,6.65,6.65,12397700
BCT,20260602,49.75,50,49.5,50,10200
BDMS,20260602,18.2,18.3,18.1,18.2,63520100
BE8,20260602,5.3,5.6,5.3,5.6,1614200
BEAUTY,20260602,0.38,0.39,0.37,0.39,3451800
BEC,20260602,1.9,2.08,1.9,2.08,4928700
BEM,20260602,5.15,5.25,5.15,5.2,34698300
BEYOND,20260602,8.8,9.05,8.8,9,16400
BGC,20260602,6.15,6.2,5.95,6.2,174100
BGRIM,20260602,13.7,14.2,13.6,14,30118900
BGT,20260602,0.37,0.37,0.36,0.36,700
BH,20260602,180.5,181,177.5,178,4008300
BIG,20260602,0.29,0.3,0.29,0.3,134500
BIOTEC,20260602,0.28,0.29,0.27,0.29,3140000
BIS,20260602,2.08,2.14,2,2.06,270700
BIZ,20260602,5.55,5.6,5.45,5.6,1175600
BJC,20260602,14.2,14.5,14.1,14.3,6421500
BJCHI,20260602,0.78,0.81,0.78,0.79,848400
BKA,20260602,0.73,0.74,0.71,0.72,532100
BKD,20260602,1.13,1.14,1.12,1.13,12700
BKGI,20260602,2.08,2.22,2,2,10285900
BKIH,20260602,351,354,351,353,18900
BLA,20260602,23.1,23.3,22.7,23.2,2672900
BLAND,20260602,0.44,0.46,0.44,0.45,12710600
BLC,20260602,4,4.02,3.96,4,526000
BLESS,20260602,0.25,0.25,0.23,0.24,804500
BM,20260602,1.03,1.03,1.02,1.03,1156000
BOFFICE,20260602,5.3,5.3,5.25,5.3,284200
BOL,20260602,4.92,4.92,4.88,4.9,274900
BPP,20260602,11.8,12,11.8,12,168300
BPS,20260602,0.47,0.51,0.46,0.5,1072800
BR,20260602,1.71,1.71,1.69,1.7,334200
BRI,20260602,1.27,1.29,1.27,1.29,161400
BROCK,20260602,1.19,1.22,1.19,1.22,1100
BRR,20260602,3.56,3.6,3.56,3.58,46000
BRRGIF,20260602,3.66,3.68,3.66,3.68,954400
BSBM,20260602,0.59,0.61,0.59,0.59,158300
BSM,20260602,0.32,0.34,0.32,0.34,20300
BTC,20260602,0.16,0.16,0.15,0.15,2798100
BTG,20260602,20,20.1,19.7,19.9,3095600
BTNC,20260602,15,15,15,15,300
BTS,20260602,2.04,2.12,2.02,2.08,95332200
BTSGIF,20260602,2.62,2.64,2.6,2.62,12246500
BTW,20260602,0.07,0.07,0.06,0.07,130900
BUI,20260602,11.2,11.3,11.2,11.3,11900
BVG,20260602,1.59,1.59,1.57,1.59,859100
BWG,20260602,0.32,0.32,0.3,0.3,52275800
BYD,20260602,0.52,0.54,0.51,0.52,12167100
CAZ,20260602,1.53,1.55,1.53,1.55,38100
CBG,20260602,40.25,41.5,39.75,41,5770900
CCET,20260602,9.2,10.2,9.05,10.2,149904100
CCP,20260602,0.26,0.28,0.26,0.27,966900
CEN,20260602,0.63,0.63,0.62,0.62,2500
CENTEL,20260602,33.5,33.75,32.75,33.75,5219500
CEYE,20260602,1.21,1.21,1.16,1.19,5400
CFARM,20260602,0.79,0.82,0.79,0.8,1138200
CFRESH,20260602,1.02,1.02,0.97,0.99,2365000
CGD,20260602,0.11,0.11,0.1,0.1,5350100
CGH,20260602,0.53,0.54,0.52,0.53,441500
CH,20260602,1.52,1.57,1.48,1.51,219400
CHAO,20260602,4.2,4.2,4.18,4.2,36200
CHASE,20260602,0.5,0.5,0.48,0.5,949400
CHAYO,20260602,1.23,1.32,1.23,1.31,13468900
CHEWA,20260602,0.17,0.18,0.16,0.16,244700
CHG,20260602,1.44,1.44,1.4,1.42,58786900
CHIC,20260602,0.29,0.3,0.28,0.3,35500
CHOW,20260602,1.37,1.43,1.36,1.42,229000
CI,20260602,0.32,0.33,0.31,0.32,44700
CIG,20260602,0.03,0.03,0.02,0.03,1011600
CITY,20260602,1.16,1.18,1.16,1.18,21000
CIVIL,20260602,1.33,1.35,1.31,1.32,979700
CK,20260602,18,19.6,18,19.6,36678400
CKP,20260602,2.3,2.36,2.28,2.36,7015000
CM,20260602,1.58,1.62,1.58,1.58,82100
CMAN,20260602,2.68,2.78,2.68,2.78,83500
CMC,20260602,0.35,0.35,0.34,0.35,71000
CMO,20260602,0.62,0.63,0.62,0.62,38800
CMR,20260602,1.31,1.33,1.3,1.32,206600
CNT,20260602,1.65,1.74,1.65,1.69,2008900
COCOCO,20260602,5.65,5.85,5.65,5.8,1644200
COLOR,20260602,1.02,1.04,1.02,1.03,44000
COM7,20260602,26,26.75,26,26.5,15977100
COMAN,20260602,0.5,0.51,0.5,0.51,133600
CPALL,20260602,46.75,47.25,46.5,46.75,55879500
CPANEL,20260602,1.26,1.26,1.2,1.22,19900
CPAXT,20260602,15.3,15.4,15.1,15.2,11783500
CPF,20260602,19.1,19.2,18.9,19,32688200
CPH,20260602,7.8,7.9,7.8,7.8,3400
CPI,20260602,3.46,3.46,3.44,3.46,163300
CPL,20260602,0.68,0.68,0.67,0.68,145300
CPN,20260602,64.75,65.75,64.25,65.25,8194900
CPNCG,20260602,5.65,5.75,5.65,5.75,571500
CPNREIT,20260602,12.6,12.6,12.5,12.6,1105700
CPR,20260602,2.64,2.64,2.6,2.62,8400
CPT,20260602,1.05,1.06,1.04,1.05,158500
CPTREIT,20260602,6.3,6.35,6.3,6.3,189700
CPW,20260602,2.4,2.6,2.38,2.5,1408700
CRANE,20260602,0.38,0.4,0.38,0.39,505800
CRC,20260602,21.2,21.2,20.8,21.1,15171400
CRD,20260602,0.36,0.39,0.35,0.37,2456400
CREDIT,20260602,19.1,19.2,18.8,19.1,216400
CSC,20260602,44,44,43.75,43.75,500
CSP,20260602,0.51,0.51,0.49,0.5,115400
CSR,20260602,73.5,73.5,73.25,73.25,300
CSS,20260602,1.02,1.03,1,1.01,4518100
CTARAF,20260602,4.7,4.74,4.7,4.74,120200
CTW,20260602,6.15,6.2,6,6.05,715900
CWT,20260602,0.74,0.77,0.74,0.75,1143300
D,20260602,2.92,2.94,2.9,2.94,259600
DCC,20260602,1.33,1.35,1.32,1.34,693500
DCON,20260602,0.2,0.2,0.19,0.2,352100
DDD,20260602,4.7,4.76,4.7,4.7,49600
DELTA,20260602,357,360,351,355,15762700
DEMCO,20260602,2.88,3.02,2.84,2.92,2196100
DHOUSE,20260602,0.37,0.37,0.35,0.37,22000
DIF,20260602,9.95,10.1,9.95,10,17000200
DIMET,20260602,0.06,0.06,0.05,0.05,126700
DITTO,20260602,13.7,14.1,13.5,13.8,12291600
DMT,20260602,11.2,11.3,11.2,11.3,520100
DOD,20260602,1.62,1.67,1.62,1.64,245400
DOHOME,20260602,3.46,3.5,3.44,3.46,5961200
DPAINT,20260602,0.71,0.71,0.7,0.7,318800
DREIT,20260602,4.76,4.8,4.76,4.8,58200
DRT,20260602,4.98,5.05,4.98,5,336100
DTCENT,20260602,0.95,0.95,0.92,0.94,561800
DTCI,20260602,17.5,17.5,17.5,17.5,100
DUSIT,20260602,10.2,10.2,10.1,10.2,163000
EA,20260602,3.46,3.58,3.4,3.52,394457500
EASON,20260602,1.1,1.11,1.09,1.09,22500
EAST,20260602,0.72,0.74,0.7,0.72,5781800
EASTW,20260602,4.24,4.3,4.2,4.22,2252100
EFORL,20260602,0.13,0.14,0.13,0.14,2789200
EGATIF,20260602,6.15,6.15,6.1,6.15,655800
EGCO,20260602,116,117.5,115,116.5,1478400
EKH,20260602,5,5.05,4.98,5,231100
EMC,20260602,0.01,0.02,0.01,0.02,2330400
EMPIRE,20260602,0.33,0.37,0.33,0.34,15827900
EP,20260602,1.05,1.06,1.04,1.05,65000
EPG,20260602,5.7,5.9,5.55,5.9,56148300
ERW,20260602,2.84,2.94,2.78,2.9,26960800
ESTAR,20260602,0.23,0.23,0.21,0.23,1183300
ETC,20260602,0.73,0.77,0.72,0.75,15810600
ETE,20260602,0.57,0.59,0.56,0.57,313100
ETL,20260602,0.37,0.37,0.33,0.37,1595400
EURO,20260602,5.25,5.4,5.05,5.05,33100
EVER,20260602,0.05,0.06,0.05,0.06,1757000
FANCY,20260602,0.3,0.3,0.27,0.28,137100
FLOYD,20260602,1.05,1.13,1.05,1.08,724900
FM,20260602,4.18,4.18,4.14,4.16,393500
FMT,20260602,19.6,19.6,19.6,19.6,100
FN,20260602,0.49,0.5,0.48,0.5,50600
FNS,20260602,0.48,0.51,0.48,0.51,256900
FORTH,20260602,15.7,16.4,15.3,16.1,13373700
FPI,20260602,1.53,1.53,1.51,1.52,87800
FPT,20260602,6.4,6.5,6.4,6.45,31200
FSMART,20260602,7.35,7.55,7.35,7.5,1359500
FSX,20260602,1.13,1.17,1.11,1.15,39100
FTE,20260602,2.44,2.46,2.42,2.44,423300
FTI,20260602,1.77,1.84,1.73,1.76,35900
FTREIT,20260602,11.6,11.7,11.5,11.7,1291200
FUTURERT,20260602,8.9,8.9,8.85,8.9,39800
FVC,20260602,0.31,0.32,0.3,0.31,361500
GABLE,20260602,4.26,4.26,4.16,4.2,597600
GAHREIT,20260602,4.18,4.18,4.14,4.16,34400
GBX,20260602,0.55,0.58,0.55,0.58,925400
GC,20260602,4.5,4.54,4.5,4.5,349000
GCAP,20260602,0.25,0.25,0.24,0.25,156000
GEL,20260602,0.02,0.03,0.02,0.03,7139400
GENCO,20260602,0.33,0.34,0.32,0.33,442400
GFC,20260602,2.58,2.6,2.54,2.6,12300
GFPT,20260602,8.55,8.6,8.5,8.55,2110500
GGC,20260602,3.94,3.96,3.94,3.96,46100
GJS,20260602,0.14,0.15,0.13,0.13,2780300
GLOBAL,20260602,7.4,7.4,7.2,7.35,14431600
GLORY,20260602,1.12,1.15,1.11,1.15,40800
GPI,20260602,1.7,1.7,1.68,1.69,540900
GPSC,20260602,40.25,41.75,39.75,41.25,11682400
GRAMMY,20260602,3.14,3.14,3.02,3.04,2300
GRAND,20260602,0.02,0.03,0.02,0.03,613800
GREEN,20260602,0.71,0.74,0.71,0.73,360100
GROREIT,20260602,8.35,9,8.35,9,546400
GTB,20260602,0.71,0.71,0.7,0.71,88100
GTV,20260602,0.03,0.03,0.02,0.03,3245500
GULF,20260602,61.5,66,60.75,64.5,165162600
GUNKUL,20260602,4.04,4.04,3.9,3.96,141656200
GVREIT,20260602,6.9,6.95,6.85,6.95,347800
HANA,20260602,36.5,39,36.25,39,21478800
HANN,20260602,0.92,0.93,0.91,0.92,671000
HARN,20260602,2.06,2.12,2.06,2.12,648000
HENG,20260602,0.89,0.91,0.89,0.89,9190700
HFT,20260602,4.14,4.22,4.14,4.2,116100
HL,20260602,5.8,5.85,5.75,5.85,31100
HMPRO,20260602,6.05,6.1,5.95,6.05,65888800
HPF,20260602,6.1,6.15,6.1,6.15,313800
HTC,20260602,15.7,15.9,15.7,15.9,166900
HTECH,20260602,3.5,3.62,3.48,3.6,1710600
HUMAN,20260602,4.62,4.94,4.58,4.94,3675800
HYDRO,20260602,1.25,1.32,1.13,1.23,89600
HYDROGEN,20260602,8.25,8.25,8.25,8.25,20000
I2,20260602,0.74,0.74,0.73,0.74,173700
ICC,20260602,24.5,24.8,24.5,24.8,200
ICHI,20260602,12.9,13,12.8,13,6310700
ICN,20260602,2.08,2.18,2.06,2.12,1827300
IDG,20260602,1.27,1.28,1.24,1.26,218400
IFS,20260602,1.82,1.84,1.81,1.84,33100
IHL,20260602,1.48,1.48,1.45,1.48,6300
IIG,20260602,1.48,1.54,1.48,1.48,134700
III,20260602,4.1,4.16,4.1,4.16,337300
ILINK,20260602,4.8,4.9,4.8,4.86,646700
ILM,20260602,12.5,12.6,12.3,12.5,216600
IMH,20260602,2.9,2.9,2.88,2.9,24000
IMPACT,20260602,11.3,11.4,11.3,11.3,588000
IND,20260602,0.89,0.9,0.86,0.88,1173800
INET,20260602,3.98,4.16,3.94,4.14,2777500
INETREIT,20260602,12.4,12.5,12.4,12.4,1532800
INOX,20260602,4.42,4.46,4.42,4.42,10900
INSET,20260602,3.38,3.48,3.38,3.4,17285400
IP,20260602,4.3,4.32,4.2,4.32,494000
IRC,20260602,11.8,12,11.8,12,6800
IRCP,20260602,0.26,0.26,0.26,0.26,96100
IROYAL,20260602,4.56,4.56,4.54,4.54,272200
IRPC,20260602,1.87,1.9,1.84,1.85,179877300
ISSARA,20260602,6.6,6.65,6.45,6.65,12400
IT,20260602,5.65,5.85,5.4,5.8,541400
ITC,20260602,16.1,16.4,15.8,16.3,5188600
ITD,20260602,0.37,0.39,0.36,0.38,19395700
ITEL,20260602,1.37,1.42,1.37,1.39,4165100
ITNS,20260602,1.73,1.74,1.73,1.74,52900
ITTHI,20260602,1.21,1.21,1.18,1.18,107600
IVF,20260602,0.61,0.62,0.61,0.62,85900
IVL,20260602,23.7,24.2,23.5,23.9,18386400
J,20260602,0.59,0.6,0.58,0.59,408400
JAK,20260602,0.73,0.74,0.73,0.74,33300
JAS,20260602,1.1,1.11,1.09,1.1,25510000
JCK,20260602,0.13,0.14,0.13,0.14,11047400
JCT,20260602,81,82.75,81,82.75,200
JDF,20260602,1.94,2,1.94,1.99,152400
JMART,20260602,9.05,9.3,8.95,9.25,21577800
JMT,20260602,11.2,11.4,11,11.1,17849400
JPARK,20260602,3.24,3.24,3.18,3.2,1033900
JR,20260602,1.67,1.68,1.66,1.68,98700
JSP,20260602,1.77,1.83,1.7,1.83,725000
JTS,20260602,40,40.25,38.75,39,786100
JUBILE,20260602,7.15,7.25,7.1,7.2,71400
K,20260602,0.99,1,0.97,1,21400
KAMART,20260602,7.35,7.45,7.35,7.4,478300
KASET,20260602,0.71,0.74,0.71,0.72,556900
KBANK,20260602,201,204,201,204,18516000
KBS,20260602,5.7,5.7,5.6,5.65,84100
KBSPIF,20260602,9.25,9.25,9.2,9.25,165400
KC,20260602,0.03,0.03,0.02,0.02,791700
KCAR,20260602,4.78,4.8,4.78,4.8,39600
KCC,20260602,3.02,3.08,3,3,1303900
KCE,20260602,38.5,40.25,38.5,39.75,48460500
KCG,20260602,9.55,9.6,9.5,9.6,608600
KCM,20260602,0.27,0.28,0.26,0.27,560600
KGEN,20260602,1.59,1.63,1.57,1.58,4546400
KGI,20260602,4.26,4.32,4.22,4.32,3163500
KIAT,20260602,0.33,0.34,0.33,0.34,62900
KISS,20260602,3.38,3.38,3.34,3.38,362900
KJL,20260602,6,6.2,6,6.15,382700
KK,20260602,1.13,1.13,1.09,1.1,205100
KKP,20260602,88,92,88,90.5,10057200
KLINIQ,20260602,26.75,26.75,26,26.25,368700
KOOL,20260602,0.29,0.29,0.28,0.29,124300
KPNREIT,20260602,2.02,2.02,2.02,2.02,300
KSL,20260602,1.52,1.54,1.51,1.52,1221900
KTB,20260602,35,35.75,35,35.25,85104600
KTBSTMR,20260602,5.85,5.9,5.8,5.85,166400
KTC,20260602,30,30.75,29.75,30.75,29797600
KTIS,20260602,1.93,1.94,1.93,1.93,11800
KTMS,20260602,1.17,1.18,1.15,1.17,273400
KUMWEL,20260602,1.97,2,1.92,1.98,1214300
KUN,20260602,0.62,0.62,0.57,0.58,541500
KWM,20260602,0.79,0.79,0.77,0.78,75800
KYE,20260602,303,303,299,299,2000
L&E,20260602,1.15,1.17,1.15,1.17,23800
LALIN,20260602,4.36,4.38,4.36,4.36,23300
LANNA,20260602,14.3,14.3,14.2,14.2,240600
LDC,20260602,0.25,0.25,0.23,0.25,300900
LEE,20260602,2.44,2.46,2.44,2.46,194500
LEO,20260602,1.77,2,1.77,1.95,5732400
LH,20260602,3.6,3.64,3.56,3.64,25034600
LHFG,20260602,1.16,1.18,1.16,1.17,5605000
LHHOTEL,20260602,12.9,13,12.9,12.9,442800
LHK,20260602,3.62,3.64,3.58,3.62,538900
LHRREIT,20260602,4.4,4.44,4.34,4.42,30800
LHSC,20260602,14.6,14.7,14.5,14.6,111900
LIT,20260602,0.72,0.73,0.7,0.72,184400
LOXLEY,20260602,1.61,1.62,1.6,1.61,1023300
LPH,20260602,3.68,3.7,3.68,3.7,77000
LPN,20260602,1.55,1.56,1.54,1.55,387800
LST,20260602,4.68,4.68,4.66,4.68,98300
LTMH,20260602,5,5.15,4.98,5,223800
LTS,20260602,2.72,2.96,2.72,2.88,4930800
LUXF,20260602,9.1,9.1,9.05,9.05,2400
M,20260602,20.8,21.2,20.5,21.2,2924600
M-CHAI,20260602,18.6,18.9,18.6,18.9,14800
M-PAT,20260602,1.27,1.27,1.27,1.27,200
MADAME,20260602,0.47,0.48,0.44,0.48,523600
MAGURO,20260602,17.8,17.8,17.6,17.8,599200
MAJOR,20260602,6.7,6.75,6.65,6.7,382900
MALEE,20260602,4.18,4.22,4.14,4.18,672800
MASTEC,20260602,1.39,1.41,1.37,1.38,4043200
MASTER,20260602,8.65,8.85,8.6,8.75,1262000
MATCH,20260602,0.79,0.86,0.78,0.84,50300
MBAX,20260602,1.91,1.92,1.86,1.87,128100
MBK,20260602,18.6,18.9,18.3,18.7,2216000
MC,20260602,11.2,11.3,11.1,11.2,2203900
MCA,20260602,1.16,1.16,1.13,1.15,134900
MCOT,20260602,6,6.05,5.95,6,67900
MCS,20260602,7.5,7.5,7.4,7.45,561500
MDX,20260602,2.64,2.68,2.62,2.66,369600
MEB,20260602,12.2,12.3,11.9,12.1,829900
MEDEZE,20260602,6.2,6.25,6.15,6.2,353300
MEGA,20260602,35.75,36,35.25,35.5,2514500
MENA,20260602,0.63,0.65,0.63,0.63,1062300
METCO,20260602,286,288,286,287,11900
MFC,20260602,19,19.5,19,19,1562800
MFEC,20260602,5.85,6,5.85,5.85,418400
MGC,20260602,6.25,6.25,6.05,6.15,814000
MGI,20260602,4.92,5.1,4.92,4.96,491800
MGT,20260602,1.9,1.93,1.89,1.92,93500
MICRO,20260602,1.04,1.05,0.98,1.04,4455400
MIDA,20260602,0.3,0.33,0.29,0.3,13352200
MII,20260602,5.75,5.8,5.75,5.8,279200
MINT,20260602,22.4,22.5,22,22.1,47735200
MITSIB,20260602,0.56,0.56,0.54,0.55,34200
MJD,20260602,0.32,0.32,0.3,0.31,84000
MJLF,20260602,5.55,5.7,5.55,5.7,348800
MK,20260602,0.5,0.52,0.5,0.52,47200
ML,20260602,0.81,0.99,0.8,0.99,22959800
MMM,20260602,2.64,2.66,2.62,2.64,502100
MNIT,20260602,1.93,1.93,1.9,1.9,21400
MNIT2,20260602,5.35,5.35,5.35,5.35,100
MNRF,20260602,2.08,2.08,2.06,2.06,36400
MODERN,20260602,2.04,2.04,2.02,2.04,36400
MONO,20260602,0.72,0.73,0.71,0.73,3021400
MOONG,20260602,2.42,2.42,2.38,2.4,290200
MORE,20260602,0.06,0.06,0.05,0.06,3296400
MOSHI,20260602,37,38.25,37,38,1367600
MOTHER,20260602,1.22,1.22,1.18,1.19,893400
MPJ,20260602,3.58,3.58,3.54,3.54,381000
MRDIYT,20260602,8.7,8.95,8.5,8.8,21239300
MSC,20260602,5.65,5.7,5.55,5.65,64600
MST,20260602,7.1,7.15,7.1,7.1,170800
MTC,20260602,28.75,29.25,28.25,29,6687400
MTI,20260602,15.3,15.3,15.2,15.3,15300
MTW,20260602,0.81,0.84,0.78,0.79,1558000
MUD,20260602,0.6,0.64,0.6,0.64,3200
NAM,20260602,3.54,3.56,3.52,3.56,46000
NAT,20260602,1.83,1.83,1.81,1.81,60400
NATION,20260602,0.04,0.04,0.03,0.04,110000
NC,20260602,1.8,1.82,1.8,1.8,900
NCAP,20260602,2.74,2.8,2.66,2.76,7615300
NCH,20260602,0.38,0.39,0.38,0.38,48900
NCL,20260602,0.2,0.2,0.19,0.19,747800
NCP,20260602,1.11,1.13,1.11,1.12,8800
NDR,20260602,2.16,2.3,2.16,2.18,535300
NEO,20260602,17,17.2,16.8,16.9,453800
NEP,20260602,0.19,0.2,0.19,0.2,100100
NER,20260602,4.44,4.46,4.42,4.44,5409600
NETBAY,20260602,9.5,9.65,9.5,9.55,506700
NEW,20260602,125.5,125.5,120,120,400
NEX,20260602,1.08,1.13,1.07,1.1,41642400
NKI,20260602,14.1,14.1,13.5,13.5,10600
NKT,20260602,3.88,3.94,3.88,3.94,313400
NL,20260602,0.7,0.72,0.69,0.7,128900
NNCL,20260602,1.66,1.66,1.64,1.65,82300
NOBLE,20260602,1.86,1.87,1.83,1.83,1404100
NPK,20260602,12.8,12.8,12.8,12.8,100
NSL,20260602,21.1,21.2,21,21.2,217200
NTF,20260602,15.4,15.6,15.3,15.4,1203300
NTSC,20260602,6.35,6.35,6.2,6.25,26400
NTV,20260602,19.1,19.1,18.9,19.1,64200
NUT,20260602,4.2,4.26,4.18,4.18,105300
NV,20260602,0.5,0.5,0.48,0.49,119900
NVD,20260602,0.57,0.57,0.56,0.56,26900
NYT,20260602,3.64,3.74,3.64,3.68,1862800
OCC,20260602,9.85,10.1,9.55,10,2100
OGC,20260602,9.2,9.2,9.15,9.15,200
OKJ,20260602,3.74,3.88,3.5,3.86,32940700
ONEE,20260602,2.8,2.84,2.76,2.78,1269800
ONSENS,20260602,1.13,1.14,1.12,1.14,487300
OR,20260602,12.4,12.7,12.3,12.5,27272600
ORI,20260602,1.71,1.71,1.69,1.7,2647100
ORN,20260602,0.79,0.8,0.78,0.8,491100
OSP,20260602,15.3,15.5,15.2,15.5,8475200
PACO,20260602,1.35,1.4,1.35,1.37,252100
PAF,20260602,0.82,0.84,0.8,0.82,517400
PANEL,20260602,1.21,1.22,1.18,1.18,65900
PAP,20260602,2.5,2.54,2.48,2.52,179600
PATO,20260602,6.15,6.15,6.05,6.15,12100
PB,20260602,46.5,48,45.5,48,9800
PCC,20260602,3,3.1,3,3.08,2401400
PCE,20260602,2.24,2.28,2.16,2.24,3663100
PCSGH,20260602,3,3.02,2.98,2.98,97700
PDG,20260602,3.12,3.12,3.12,3.12,11300
PDJ,20260602,0.95,0.99,0.95,0.96,46400
PEACE,20260602,1.58,1.6,1.56,1.59,29000
PEER,20260602,0.1,0.1,0.09,0.1,1262300
PERM,20260602,0.26,0.26,0.24,0.25,384700
PF,20260602,0.05,0.05,0.04,0.04,28919900
PG,20260602,6.45,6.65,6.45,6.55,1400
PHG,20260602,10.5,10.6,10.5,10.6,34000
PHOL,20260602,3,3.06,3,3.04,431900
PIMO,20260602,1.08,1.11,1.08,1.08,1900500
PIN,20260602,4.38,4.42,4.36,4.36,296500
PIS,20260602,3.88,3.94,3.86,3.94,323400
PJW,20260602,2,2.02,1.99,2.02,109100
PK,20260602,0.44,0.47,0.43,0.45,1575000
PL,20260602,1.26,1.28,1.26,1.28,35300
PLANB,20260602,4.18,4.2,4.12,4.18,20279800
PLANET,20260602,0.89,0.89,0.86,0.87,338500
PLAT,20260602,1.13,1.17,1.12,1.16,2422300
PLE,20260602,0.11,0.12,0.11,0.11,2136000
PLT,20260602,0.54,0.55,0.54,0.54,46600
PLUS,20260602,1.18,1.18,1.14,1.15,667100
PM,20260602,10.6,10.8,10.6,10.8,475100
PMC,20260602,0.87,0.87,0.85,0.85,983600
PMTA,20260602,9.65,9.65,9.5,9.5,5600
POLY,20260602,6.85,6.85,6.8,6.8,6800
POPF,20260602,7.8,7.85,7.8,7.85,136800
PORT,20260602,0.58,0.6,0.55,0.59,238000
PPM,20260602,1.83,1.83,1.8,1.82,66200
PPP,20260602,0.9,0.94,0.9,0.93,6200
PPPM,20260602,0.18,0.2,0.18,0.19,323800
PPS,20260602,0.16,0.17,0.16,0.17,62400
PQS,20260602,1.68,1.72,1.67,1.72,227600
PR9,20260602,16.4,16.5,16.2,16.4,2342000
PRAKIT,20260602,10.7,10.7,10.4,10.4,26500
PRAPAT,20260602,0.81,0.81,0.79,0.8,427700
PREB,20260602,3.4,3.44,3.4,3.44,48700
PRECHA,20260602,0.38,0.4,0.38,0.4,98300
PRG,20260602,9.05,9.15,9.05,9.15,9900
PRI,20260602,3.5,3.62,3.48,3.48,46000
PRIME,20260602,0.06,0.06,0.05,0.06,86000
PRIN,20260602,1.37,1.38,1.33,1.34,34100
PRINC,20260602,1.73,1.76,1.72,1.73,506000
PRM,20260602,8.7,8.7,8.55,8.6,4570100
PROEN,20260602,0.93,0.96,0.93,0.95,1743900
PROS,20260602,0.2,0.21,0.2,0.21,365000
PROSPECT,20260602,9.25,9.3,9.15,9.25,4607700
PROUD,20260602,0.97,0.97,0.95,0.96,140400
PRTR,20260602,3.38,3.42,3.38,3.4,29400
PSGC,20260602,6.35,6.35,6,6.05,284400
PSH,20260602,3.42,3.46,3.42,3.46,731300
PSL,20260602,7.55,7.65,7.45,7.6,4395200
PSP,20260602,4.64,4.7,4.58,4.7,1603700
PSTC,20260602,0.28,0.3,0.28,0.29,2827900
PT,20260602,10.9,11,10.9,11,67900
PTC,20260602,0.6,0.64,0.6,0.6,238400
PTG,20260602,7.3,7.35,7.2,7.25,4803300
PTL,20260602,10,10.3,9.95,10.2,419100
PTT,20260602,36.5,37,36.25,36.5,85131500
PTTEP,20260602,143.5,144.5,142,143,24586800
PTTGC,20260602,34.25,34.75,33.75,34.5,35458200
PYLON,20260602,3.36,3.48,3.32,3.42,1907000
Q-CON,20260602,6.2,6.25,6.2,6.25,26600
QDC,20260602,0.12,0.13,0.12,0.13,65900
QH,20260602,1.36,1.36,1.34,1.35,10637200
QHBREIT,20260602,3.76,3.78,3.76,3.78,251900
QHHRREIT,20260602,7.75,7.8,7.7,7.8,245500
QHOP,20260602,3.14,3.26,3.14,3.26,900
QLT,20260602,1.49,1.49,1.49,1.49,100
QTC,20260602,4.42,4.72,4.4,4.66,210500
QTCG,20260602,0.11,0.11,0.1,0.11,37000
RABBIT,20260602,0.34,0.38,0.34,0.37,42209600
RAM,20260602,18.4,18.5,18.3,18.4,16400
RATCH,20260602,30.75,31,30.25,30.75,3279700
RBF,20260602,4.28,4.3,4.18,4.3,3555800
RCL,20260602,31.5,31.75,31,31.5,2780800
READY,20260602,2.98,3,2.9,2.94,155300
RICHY,20260602,0.16,0.18,0.16,0.16,1426900
RJH,20260602,13,13.1,12.8,12.9,194900
RML,20260602,0.1,0.1,0.09,0.1,320000
ROCK,20260602,9.6,9.8,9.6,9.8,1500
ROCTEC,20260602,0.69,0.71,0.67,0.68,43974800
ROJNA,20260602,5.25,5.4,5.2,5.3,4870400
RP,20260602,0.67,0.7,0.66,0.69,202500
RPC,20260602,0.37,0.39,0.37,0.37,1767300
RPH,20260602,4.86,4.9,4.86,4.9,116800
RS,20260602,0.14,0.15,0.14,0.14,996800
RSP,20260602,0.98,0.98,0.95,0.97,23400
RT,20260602,0.3,0.31,0.29,0.29,1336500
RWI,20260602,0.17,0.18,0.17,0.17,577200
S,20260602,0.49,0.5,0.49,0.49,644000
S&J,20260602,33.5,33.5,33.5,33.5,6300
S11,20260602,3.98,4,3.96,3.98,21700
SA,20260602,7.05,7.2,7.05,7.2,24800
SAAM,20260602,4.7,4.76,4.7,4.76,39100
SABINA,20260602,15.4,15.4,15.2,15.2,318500
SAF,20260602,0.32,0.34,0.31,0.34,19700
SAFE,20260602,5.8,5.85,5.8,5.8,248300
SAK,20260602,3.2,3.22,3.16,3.18,1062700
SALEE,20260602,0.6,0.6,0.56,0.56,2851000
SAMART,20260602,5.5,5.75,5.45,5.65,6055100
SAMCO,20260602,0.86,0.87,0.86,0.86,74800
SAMTEL,20260602,3.52,3.58,3.48,3.5,170500
SANKO,20260602,0.93,0.93,0.92,0.93,48500
SAPPE,20260602,29.75,30,29.5,30,213600
SAT,20260602,15.3,15.6,15.3,15.5,586000
SAUCE,20260602,40.75,40.75,40.25,40.75,4400
SAV,20260602,11,11.4,10.8,11.1,890900
SAWAD,20260602,21.8,22.1,21.6,21.9,15071200
SC,20260602,1.82,1.84,1.82,1.82,4386200
SCAP,20260602,1.69,1.79,1.53,1.79,70336500
SCB,20260602,135,138,135,137.5,31067900
SCC,20260602,227,231,225,229,5052600
SCCC,20260602,147,147,145,146.5,156000
SCG,20260602,2.3,2.3,2.28,2.3,11200
SCGD,20260602,4.98,5,4.96,4.98,134000
SCGP,20260602,23.6,25.25,23.6,25,30331500
SCI,20260602,0.94,0.97,0.94,0.97,72500
SCL,20260602,1.46,1.5,1.46,1.48,986500
SCM,20260602,0.12,0.13,0.11,0.13,466100
SCN,20260602,0.45,0.45,0.42,0.45,565200
SCP,20260602,9,9.05,8.95,9,276900
SDC,20260602,0.02,0.03,0.02,0.02,27711100
SE,20260602,0.47,0.49,0.46,0.46,457500
SEAFCO,20260602,2.84,2.92,2.82,2.88,1581000
SEAOIL,20260602,3.12,3.18,3.12,3.16,345700
SECURE,20260602,12.5,12.6,12.3,12.5,321100
SEI,20260602,1.57,1.69,1.57,1.62,689800
SELIC,20260602,2.64,2.72,2.64,2.72,101600
SENA,20260602,1.78,1.79,1.78,1.79,202100
SENX,20260602,0.21,0.22,0.21,0.22,48200
SFLEX,20260602,2.8,2.8,2.74,2.78,795900
SFT,20260602,1.52,1.55,1.47,1.5,281900
SGC,20260602,1.34,1.38,1.3,1.35,50392500
SGF,20260602,0.13,0.13,0.12,0.13,592200
SGP,20260602,9.1,9.25,9.1,9.2,282300
SHANG,20260602,44,44.25,43.5,44.25,1400
SHR,20260602,1.62,1.62,1.59,1.61,1938900
SIAM,20260602,0.74,0.75,0.74,0.75,7200
SICT,20260602,3.1,3.22,3.04,3.18,4511900
SIMAT,20260602,1.39,1.4,1.35,1.35,4700400
SINGER,20260602,7.15,8.15,7.05,7.8,22312700
SINO,20260602,0.93,0.93,0.88,0.91,749700
SIRI,20260602,1.41,1.42,1.4,1.41,79564300
SIS,20260602,21.7,22.2,21.7,21.9,1313100
SISB,20260602,9.9,9.9,9.8,9.85,2006200
SITHAI,20260602,1.05,1.07,1.05,1.07,408800
SJWD,20260602,7.65,7.75,7.5,7.75,2524100
SK,20260602,0.53,0.55,0.53,0.54,97400
SKE,20260602,0.17,0.18,0.17,0.18,481000
SKIN,20260602,0.99,1.03,0.98,0.99,198400
SKN,20260602,5.35,5.4,5.3,5.3,38200
SKR,20260602,7.35,7.5,7.35,7.5,740700
SKY,20260602,14.6,15.4,14.5,14.9,5629700
SLP,20260602,0.44,0.45,0.44,0.44,272400
SMART,20260602,0.54,0.54,0.53,0.54,342200
SMD100,20260602,1.24,1.25,1.22,1.25,315300
SMIT,20260602,3.42,3.48,3.42,3.46,93800
SMO,20260602,3.98,3.98,3.9,3.92,2214700
SMPC,20260602,9.05,9.1,9.05,9.1,105100
SMT,20260602,2.94,3.22,2.9,3.2,14423700
SNC,20260602,6.75,6.85,6.7,6.85,244200
SNNP,20260602,6.6,6.65,6.6,6.65,195300
SNP,20260602,8.95,8.95,8.85,8.95,146800
SNPS,20260602,4.58,4.58,4.4,4.48,251800
SO,20260602,4.62,4.64,4.6,4.64,21900
SOLAR,20260602,0.29,0.3,0.28,0.3,1489800
SONIC,20260602,1.48,1.53,1.48,1.52,911000
SORKON,20260602,3.46,3.48,3.44,3.48,34200
SPA,20260602,2.96,3.04,2.92,2.98,1853600
SPACK,20260602,1.14,1.16,1.13,1.14,147500
SPALI,20260602,15.5,15.6,15.4,15.5,3665200
SPC,20260602,55.5,55.5,55.25,55.5,6300
SPCG,20260602,8.85,8.95,8.8,8.95,475300
SPG,20260602,10.8,11,10.8,10.8,29300
SPI,20260602,32.25,32.5,32.25,32.5,600
SPRC,20260602,7.35,7.45,7.3,7.35,13995600
SPREME,20260602,1.53,1.54,1.52,1.52,434400
SPRIME,20260602,3.74,3.74,3.7,3.74,148500
SPTX,20260602,0.01,0.01,0.01,0.01,42182700
SPVI,20260602,3.38,3.58,3.34,3.58,2871200
SQ,20260602,0.19,0.2,0.19,0.2,651000
SR,20260602,0.32,0.33,0.31,0.31,18500
SRICHA,20260602,16.9,17.3,16.2,17.1,1917400
SRIPANWA,20260602,5,5.1,5,5.05,57300
SRS,20260602,1.81,1.9,1.75,1.79,160700
SSF,20260602,5.05,5.1,4.98,4.98,211400
SSP,20260602,3.62,3.7,3.62,3.66,389100
SSPF,20260602,3.38,3.38,3.38,3.38,100
SSSC,20260602,2.12,2.14,2.12,2.14,31700
SST,20260602,1,1,0.99,1,3300
SSTRT,20260602,4.42,4.42,4.4,4.42,24000
STA,20260602,19.5,20,19.5,19.7,15043400
STANLY,20260602,224,230,223,230,81900
STARM,20260602,0.92,0.98,0.92,0.98,282100
STC,20260602,0.58,0.58,0.5,0.58,548600
STECH,20260602,1.04,1.09,1.03,1.06,140900
STECON,20260602,15.9,16.5,15.6,16.5,37293200
STELLA,20260602,0.28,0.3,0.28,0.3,227524300
STGT,20260602,11.6,11.9,11.6,11.8,3656400
STI,20260602,1.69,1.74,1.69,1.72,118300
STOWER,20260602,0.02,0.04,0.02,0.03,3780100
STP,20260602,11.2,11.2,10.9,11.1,34700
STPI,20260602,5.25,5.35,5.15,5.25,9319400
STX,20260602,0.86,0.88,0.86,0.86,876300
SUC,20260602,27,27.25,27,27.25,92300
SUN,20260602,2.42,2.46,2.42,2.44,249300
SUPER,20260602,0.13,0.13,0.12,0.13,14710500
SUPEREIF,20260602,5.85,5.9,5.85,5.85,160300
SUSCO,20260602,2.08,2.12,2.08,2.1,732900
SUTHA,20260602,2.38,2.6,2.38,2.58,29500
SVOA,20260602,1.73,1.78,1.72,1.78,2921400
SVR,20260602,0.3,0.3,0.3,0.3,32000
SVT,20260602,1.28,1.31,1.28,1.28,1283900
SWC,20260602,4.48,4.5,4.46,4.5,2900
SYMC,20260602,5.2,5.3,5.2,5.2,100600
SYNEX,20260602,9.1,9.35,9.1,9.25,1944000
SYNTEC,20260602,1.65,1.66,1.64,1.64,628500
TACC,20260602,5.75,5.85,5.7,5.8,1771700
TAE,20260602,1.58,1.87,1.58,1.8,49212100
TAKUNI,20260602,0.38,0.39,0.37,0.39,1074700
TAN,20260602,3.72,3.8,3.7,3.78,95100
TASCO,20260602,13.8,13.8,13.7,13.7,2784300
TATG,20260602,0.97,0.98,0.96,0.97,132200
TBN,20260602,3.64,3.64,3.52,3.52,74700
TBSP,20260602,1.15,1.19,1.15,1.19,3500
TC,20260602,5.7,5.7,5.6,5.7,2900
TCAP,20260602,59.75,61.25,59.75,61.25,2618300
TCC,20260602,0.34,0.35,0.33,0.33,1529400
TCJ,20260602,2.4,2.42,2.38,2.4,24200
TCMC,20260602,0.3,0.31,0.3,0.31,83700
TEAM,20260602,4.78,5.15,4.78,5,7838300
TEAMG,20260602,3.04,3.08,3,3.06,4247000
TEGH,20260602,3.16,3.2,3.14,3.14,336100
TEKA,20260602,1.77,1.77,1.73,1.74,6800
TERA,20260602,1.13,1.13,1.1,1.11,34300
TFFIF,20260602,6.55,6.55,6.5,6.55,1962700
TFG,20260602,9.8,9.8,9,9.25,46614400
TFI,20260602,0.04,0.05,0.04,0.04,255200
TFM,20260602,6.5,6.5,6.45,6.45,488200
TFMAMA,20260602,186.5,189.5,186.5,189.5,9900
TGE,20260602,1.09,1.09,1.08,1.08,287300
TGH,20260602,10.7,11,10.7,10.8,800
TGPRO,20260602,0.03,0.04,0.03,0.04,1049300
TH,20260602,0.47,0.49,0.46,0.46,4172400
THAI,20260602,6.65,6.8,6.5,6.8,57665300
THANA,20260602,1.54,1.54,1.53,1.54,5000
THANI,20260602,1.64,1.67,1.63,1.66,4770600
THCOM,20260602,11.7,11.9,11.5,11.8,10379500
THE,20260602,0.81,0.83,0.77,0.8,50900
THG,20260602,7.8,7.85,7.75,7.8,492400
THIP,20260602,20.9,21,20.9,21,4200
THMUI,20260602,0.33,0.33,0.32,0.32,37000
THRE,20260602,0.35,0.35,0.34,0.35,10940600
THREL,20260602,1.01,1.02,1.01,1.02,41900
TIDLOR,20260602,17.6,17.8,17.5,17.8,22727800
TIF1,20260602,7.9,7.9,7.7,7.75,4500
TIGER,20260602,0.28,0.28,0.26,0.27,31000
TIPCO,20260602,6.1,6.15,6,6.05,185800
TIPH,20260602,21.4,21.5,21.3,21.4,105000
TISCO,20260602,113,114,113,114,2820500
TITLE,20260602,7.9,8.1,7.8,8.05,392500
TK,20260602,4.18,4.18,4.06,4.12,67000
TKC,20260602,10.5,11.4,10.4,10.7,758500
TKN,20260602,4.1,4.18,4.08,4.14,857700
TKS,20260602,7.25,7.3,7.1,7.3,420500
TKT,20260602,0.75,0.75,0.74,0.74,7000
TL,20260602,0.38,0.4,0.38,0.38,906700
TLI,20260602,11,11.1,10.9,11,23685400
TM,20260602,0.9,0.93,0.9,0.91,133200
TMAN,20260602,11.2,11.3,11.2,11.2,230200
TMC,20260602,0.69,0.7,0.68,0.7,109300
TMD,20260602,26,26.75,25.75,26,1400
TMI,20260602,0.49,0.49,0.45,0.48,1703900
TMILL,20260602,2.28,2.36,2.26,2.3,4000
TMT,20260602,3.48,3.54,3.48,3.54,100100
TMW,20260602,58.75,60.5,58.75,60,125400
TNDT,20260602,0.13,0.14,0.13,0.13,146100
TNH,20260602,29.5,29.75,29.5,29.75,4100
TNITY,20260602,2.5,2.54,2.5,2.52,28800
TNP,20260602,3.02,3.04,2.9,2.96,465300
TNPC,20260602,0.94,0.98,0.94,0.98,58900
TNPF,20260602,1.02,1.02,1.01,1.01,20000
TNR,20260602,5.3,5.3,4.9,5,847600
TOA,20260602,12.2,12.8,12,12.8,5832800
TOG,20260602,6.95,7.1,6.9,6.9,266300
TOP,20260602,46,46.75,45.75,46.25,9389600
TPA,20260602,2.68,2.72,2.68,2.7,1700
TPAC,20260602,8.55,8.95,8.55,8.9,272900
TPBI,20260602,2.98,3,2.98,2.98,388800
TPCH,20260602,1.42,1.42,1.4,1.42,223300
TPCS,20260602,9.95,9.95,9.95,9.95,100
TPIPL,20260602,0.81,0.83,0.8,0.82,18008700
TPIPP,20260602,1.78,1.79,1.76,1.78,4602400
TPL,20260602,0.62,0.67,0.6,0.65,692500
TPLAS,20260602,1.06,1.15,1.01,1.06,250700
TPOLY,20260602,0.12,0.12,0.1,0.12,1504400
TPP,20260602,11.8,11.9,11.8,11.9,19300
TPRIME,20260602,7.35,7.5,7.35,7.5,1100
TPS,20260602,3.12,3.14,3,3.1,463300
TQM,20260602,13.5,14,13.4,13.9,842100
TQR,20260602,5.25,5.4,5.25,5.35,49200
TRC,20260602,0.61,0.61,0.58,0.6,2732000
TRITN,20260602,0.03,0.03,0.02,0.02,1099900
TRP,20260602,4.22,4.26,4.18,4.26,103900
TRT,20260602,8.1,9.25,8.1,9.25,12921600
TRU,20260602,3.88,3.88,3.82,3.88,1600
TRUBB,20260602,0.91,0.97,0.91,0.94,12749900
TRUE,20260602,13.8,14.2,13.8,14,315257400
TRV,20260602,1.49,1.49,1.48,1.49,3200
TSC,20260602,14.7,14.8,14.6,14.8,22900
TSE,20260602,0.83,0.87,0.83,0.86,13242700
TSI,20260602,0.06,0.06,0.06,0.06,3200
TSTH,20260602,0.92,0.93,0.89,0.91,5336400
TTA,20260602,5.25,5.25,5.15,5.2,4569200
TTB,20260602,2.3,2.34,2.28,2.32,233123800
TTLPF,20260602,9.6,9.6,9.5,9.5,193000
TTW,20260602,9.35,9.4,9.3,9.4,3847900
TU,20260602,11.2,11.3,11.1,11.2,12207500
TU-PF,20260602,1.12,1.18,1.12,1.18,500
TURBO,20260602,1.47,1.48,1.45,1.46,22665900
TVDH,20260602,0.05,0.05,0.04,0.05,36400
TVH,20260602,9.95,9.95,9.7,9.9,89100
TVO,20260602,25.25,26,25,25.75,1680000
TVT,20260602,0.2,0.21,0.2,0.2,273300
TWP,20260602,1.14,1.16,1.13,1.16,29900
TWPC,20260602,2.88,2.94,2.86,2.94,174600
TWZ,20260602,0.01,0.02,0.01,0.02,4455900
TYCN,20260602,1.65,1.67,1.65,1.67,1300800
UAC,20260602,2.6,2.62,2.6,2.6,62200
UBA,20260602,1.04,1.07,1.04,1.07,352700
UBE,20260602,0.54,0.58,0.54,0.56,16066700
UBIS,20260602,1.25,1.25,1.2,1.23,9600
UEC,20260602,0.82,0.83,0.82,0.83,121900
UKEM,20260602,1.08,1.15,1.05,1.14,15616100
UMI,20260602,0.9,0.91,0.88,0.89,1170700
UMS,20260602,0.3,0.4,0.3,0.4,2677600
UNIQ,20260602,2.8,2.86,2.78,2.84,336300
UNIX,20260602,1.67,1.69,1.66,1.69,3122200
UP,20260602,23.6,23.6,23.6,23.6,2100
UPF,20260602,21.6,21.6,21.6,21.6,3000
UPOIC,20260602,6.8,6.9,6.8,6.9,3600
UREKA,20260602,0.38,0.44,0.36,0.41,92709200
UTP,20260602,7.95,8.05,7.95,8.05,369500
UV,20260602,0.84,0.86,0.83,0.86,102000
UVAN,20260602,15,15,14.8,14.9,263100
VCOM,20260602,3.82,3.82,3.74,3.8,264800
VGI,20260602,0.95,1.02,0.93,1,380920000
VIBE,20260602,0.36,0.36,0.34,0.36,18900
VIBHA,20260602,1.37,1.37,1.36,1.37,1099500
VIH,20260602,8.2,8.25,8.15,8.25,120500
VL,20260602,0.8,0.82,0.8,0.81,391000
VNG,20260602,1.89,1.93,1.85,1.92,24900
VPO,20260602,0.5,0.51,0.49,0.5,1297500
VRANDA,20260602,4.5,4.5,4.38,4.5,16400
VS,20260602,0.27,0.27,0.27,0.27,25200
WARRIX,20260602,1.44,1.45,1.43,1.43,820400
WASH,20260602,4.06,4.08,4.04,4.08,358900
WAVE,20260602,0.03,0.03,0.02,0.03,2558100
WFX,20260602,0.99,1,0.94,0.98,167700
WGE,20260602,0.71,0.73,0.7,0.71,106100
WHA,20260602,4.9,5.05,4.88,5,101359600
WHABT,20260602,5.75,5.8,5.75,5.8,190400
WHAIR,20260602,7.5,7.5,7.4,7.45,662200
WHART,20260602,10.5,10.5,10.4,10.4,1127300
WHAUP,20260602,5.65,5.95,5.65,5.9,18573700
WICE,20260602,2.36,2.4,2.34,2.36,697500
WIIK,20260602,0.92,1,0.91,0.97,9837400
WIN,20260602,0.27,0.27,0.26,0.27,7000
WINDOW,20260602,0.73,0.73,0.72,0.73,111500
WINMED,20260602,0.86,0.87,0.85,0.86,70700
WINNER,20260602,2.08,2.12,2.06,2.08,333500
WORK,20260602,3.54,3.56,3.52,3.52,170300
WP,20260602,3.6,3.62,3.56,3.58,36200
WPH,20260602,6.05,6.05,5.95,5.95,273700
XBIO,20260602,0.09,0.09,0.08,0.08,14265900
XO,20260602,12.9,13.1,12.9,13,295600
XPG,20260602,0.47,0.48,0.46,0.47,14326400
XYZ,20260602,0.33,0.36,0.33,0.35,77600
YGG,20260602,0.19,0.2,0.18,0.2,1464100
YONG,20260602,0.7,0.72,0.7,0.7,141300
YUASA,20260602,14.5,14.6,14.4,14.5,20900
ZAA,20260602,1.73,1.73,1.71,1.71,300
ZEN,20260602,5.7,5.7,5.4,5.4,2700
ZIGA,20260602,0.89,0.9,0.88,0.89,2192100
RABBIT-P-O,20260602,0.35,0.35,0.35,0.35,1
TISCO-P-O,20260602,892,892,892,892,1
RABBIT-P,20260602,0.35,0.38,0.35,0.37,4516400
VAYU1-O,20260602,11.4,11.4,11.3,11.4,225
VAYU1,20260602,11.3,11.4,11.2,11.3,1417600
!AGRO,20260602,310.83,311.11,307.59,310.8,23605710000
!CONSUMP,20260602,46.16,46.47,46.03,46.23,1598160000
!FINCIAL,20260602,161.79,165.01,161.71,164.26,80272970000
!INDUS,20260602,64.98,66.4,64.89,66.02,17879650000
!PROPCON,20260602,77.01,77.98,76.63,77.8,92471040000
!RESOURC,20260602,170.4,175,169.36,172.85,132896170000
!SERVICE,20260602,287.11,290.02,285.09,288.91,135381790000
!TECH,20260602,710.8,720.48,703.07,712.99,83795760000
$AGRI,20260602,209.95,211.84,209.44,210.1,4409800000
$AUTO,20260602,317.57,320.81,317.38,320.64,4527320000
$BANK,20260602,520.18,532.39,519.82,529.18,40861680000
$COMM,20260602,20573.1,20752.6,20439.5,20609.9,27921230000
$CONMAT,20260602,5753.68,5831.32,5704.63,5810.49,10923800000
$CONS,20260602,42.82,44.53,42.53,44.42,13323780000
$ENERG,20260602,19435.6,19960,19316.9,19715.8,132896170000
$ETRON,20260602,40041.1,40452.9,39392.8,39951.2,25788000000
$FASHION,20260602,498.24,499.37,492.73,495.31,335880000
$FIN,20260602,1983.8,2009.53,1964.89,2005.68,35566450000
$FOOD,20260602,8599.19,8609.79,8495.39,8597.39,19195910000
$HELTH,20260602,4201.8,4213.75,4171.23,4186.57,16121080000
$HOME,20260602,15.67,15.76,15.51,15.61,373700000
$ICT,20260602,225.96,232.02,225.26,229.63,58007760000
$IMM,20260602,20.69,20.97,20.6,20.97,2250990000
$INSUR,20260602,9246.14,9327.31,9191.35,9268.26,3844840000
$MEDIA,20260602,15.43,15.76,15.32,15.69,41393800000
$PAPER,20260602,2236.44,2264.57,2236.44,2264.57,36950000
$PERSON,20260602,79.87,80.8,79.84,80.41,888580000
$PETRO,20260602,640.94,651.58,635.15,645.94,5444660000
$PF&REIT,20260602,138.08,138.55,137.55,138.32,1834510000
$PKG,20260602,2574.42,2701.32,2573.66,2681.64,4321430000
$PROF,20260602,132.74,132.83,130.28,131.39,5733380000
$PROP,20260602,167.79,170.47,167.03,169.56,66388950000
$STEEL,20260602,19.96,20.19,19.8,19.83,1298300000
$TOURISM,20260602,417.37,418.48,410.28,415.05,8500730000
$TRANS,20260602,219.94,224.16,217.32,223.6,35711570000
MAI,20260602,215.53,216.68,215.21,216.36,361372210
SET,20260602,1574.74,1598.57,1567,1588.06,13247043649
SET100,20260602,2176.28,2214.96,2168.25,2199.65,3984629100
SET50,20260602,1014.34,1033.81,1011.06,1025.82,2152927100
SETHD,20260602,1341.35,1359.38,1339.82,1352.41,952787900
3BBIF-F,20260602,6.6,6.9,6.55,6.9,7100
BAM-F,20260602,2.72,2.72,2.72,2.72,3000
BBL-F,20260602,175,175,175,175,5000
BEM-F,20260602,5.2,5.2,5.2,5.2,4414700
CPF-F,20260602,19,19,19,19,400
GULF-F,20260602,64.75,65,64.75,64.75,17600
KBANK-F,20260602,203,204,203,203,3900
KTB-F,20260602,35.25,35.25,35.25,35.25,21000
PTT-F,20260602,36.25,36.75,36.25,36.75,129200
SCB-F,20260602,138,138,137.5,138,4200
TTB-F,20260602,2.3,2.34,2.3,2.34,350000
!AGRO-M,20260602,58.38,59.1,58.25,58.85,797600000
!CONSUMP-M,20260602,11.76,11.9,11.72,11.88,1238770000
!FINCIAL-M,20260602,31.27,31.46,30.47,31.18,513950000
!INDUS-M,20260602,43.73,44.41,43.72,44.38,14416390000
!PROPCON-M,20260602,15.43,15.46,14.98,15.08,2700870000
!RESOURC-M,20260602,13.1,14.19,13.1,13.98,4157640000
!SERVICE-M,20260602,42.04,42.07,41.75,41.99,7831910000
!TECH-M,20260602,18.73,18.95,18.69,18.9,1991500000
AAV13C2610A,20260602,0.2,0.21,0.2,0.2,3578200
AAV41C2702T,20260602,0.21,0.21,0.21,0.21,7010000
ABBV80,20260602,7.2,7.2,6.9,7.2,163919
ADVANC13C2610A,20260602,0.48,0.57,0.46,0.54,38378200
ADVANC41C2610A,20260602,0.45,0.55,0.45,0.52,8980300
ALIHEA41C2610A,20260602,0.14,0.14,0.14,0.14,200
AMATA01C2610A,20260602,0.67,0.71,0.66,0.71,3809800
AMATA01C2706T,20260602,0.31,0.32,0.31,0.32,3994000
AMATA01P2610A,20260602,0.37,0.37,0.36,0.36,2666600
AMATA13C2610A,20260602,0.63,0.67,0.61,0.67,12731800
AMATA13C2611A,20260602,0.19,0.2,0.19,0.2,3878000
AMATA13P2610A,20260602,0.39,0.39,0.37,0.37,9000500
AMATA19C2610A,20260602,0.62,0.65,0.62,0.65,1402400
AMATA19C2610B,20260602,0.19,0.2,0.19,0.2,9653300
AMATA41C2610A,20260602,0.63,0.63,0.6,0.6,600000
AMATA41C2611A,20260602,0.17,0.17,0.17,0.17,1200000
AMATA41C2702T,20260602,0.17,0.17,0.17,0.17,2010000
ANET80,20260602,5.15,5.6,5.05,5.6,958323
AOT01C2705T,20260602,0.36,0.37,0.36,0.37,1907500
AOT13C2609A,20260602,0.38,0.43,0.35,0.42,11091800
AOT41C2609A,20260602,0.34,0.39,0.32,0.39,4530000
BA01C2611A,20260602,0.3,0.36,0.3,0.36,3697300
BABA28C2610A,20260602,0.42,0.45,0.41,0.44,2500000
BABA41C2612A,20260602,0.29,0.31,0.29,0.31,1652400
BAM13C2610A,20260602,0.18,0.18,0.18,0.18,876500
BCH13C2610A,20260602,0.35,0.35,0.32,0.33,10072100
BCP01C2610A,20260602,0.15,0.17,0.15,0.17,541500
BCPG01C2705T,20260602,0.22,0.22,0.21,0.21,2228100
BCPG13C2610A,20260602,0.18,0.19,0.17,0.17,2622700
BCPG41C2610A,20260602,0.17,0.17,0.16,0.16,2160000
BDMS13C2610A,20260602,0.26,0.26,0.25,0.25,121600
BDMS41C2610A,20260602,0.23,0.24,0.23,0.24,980000
BGRIM19C2610A,20260602,0.27,0.31,0.27,0.29,9520700
BH01P2611A,20260602,0.66,0.69,0.66,0.69,2022400
BH13C2610A,20260602,0.65,0.65,0.6,0.6,8472300
BH19C2610A,20260602,0.62,0.62,0.58,0.58,6909300
BH41C2610A,20260602,0.59,0.6,0.58,0.58,8600000
BILIBI41C2610A,20260602,0.27,0.28,0.27,0.27,501000
BJC13C2610A,20260602,0.24,0.25,0.23,0.24,3953400
BJC41C2610A,20260602,0.21,0.22,0.21,0.22,500000
BLA13C2610A,20260602,0.34,0.36,0.32,0.35,7506200
BLA41C2702T,20260602,0.35,0.36,0.34,0.36,11700000
BOEING80,20260602,7.4,7.55,7.3,7.35,40633
BTG13C2610A,20260602,0.32,0.33,0.32,0.32,856700
BTS13C2611A,20260602,0.21,0.24,0.21,0.23,5517700
BTS41C2611A,20260602,0.19,0.22,0.19,0.22,880000
CATHAY41C2610A,20260602,0.37,0.39,0.37,0.39,1400
CATL41C2612A,20260602,0.79,0.82,0.78,0.82,23300
CBG01P2611A,20260602,0.43,0.43,0.4,0.4,1743000
CBG13P2609A,20260602,0.25,0.25,0.23,0.23,1385700
CCET13C2610A,20260602,0.59,0.81,0.56,0.81,117008500
CCET13C2611A,20260602,0.2,0.28,0.2,0.28,25045200
CCET19C2609A,20260602,1.22,1.33,1.22,1.33,300
CCET19C2610A,20260602,0.68,0.94,0.67,0.94,516600
CCET19C2610B,20260602,0.47,0.67,0.45,0.67,29691600
CCET41C2701T,20260602,0.49,0.59,0.49,0.59,12216700
CENTEL19C2610A,20260602,0.31,0.32,0.3,0.32,1450600
CHG13C2610A,20260602,0.28,0.28,0.27,0.28,5362900
CK01C2705T,20260602,0.35,0.42,0.35,0.42,6033900
CK13C2610A,20260602,0.39,0.55,0.39,0.55,25411700
CNRE80,20260602,2.34,2.38,2.32,2.38,102380
COIN80,20260602,6,6.25,5.8,5.9,474738
COM701C2610A,20260602,0.16,0.17,0.16,0.16,996900
COM713C2610A,20260602,0.65,0.7,0.64,0.64,1140600
COM713C2610B,20260602,0.21,0.22,0.2,0.22,6732600
COM719C2610A,20260602,0.23,0.25,0.23,0.24,3717400
COM741C2610A,20260602,0.62,0.62,0.62,0.62,13100
CPALL13P2610A,20260602,0.24,0.25,0.23,0.24,645200
CPF01C2706T,20260602,0.29,0.29,0.29,0.29,667200
CPF19C2701T,20260602,0.34,0.34,0.33,0.33,848600
CPN01C2611A,20260602,0.4,0.43,0.4,0.41,9684300
CPN01C2706T,20260602,0.39,0.4,0.39,0.4,2622900
CRC13C2610A,20260602,0.43,0.46,0.43,0.45,12846400
CRC41C2610A,20260602,0.4,0.43,0.4,0.41,8092400
DELTA01C2609A,20260602,0.99,1.02,0.94,0.98,11006200
DELTA01C2610A,20260602,0.74,0.75,0.7,0.73,14654700
DELTA01C2705T,20260602,0.76,0.77,0.75,0.76,4663600
DELTA01P2609A,20260602,0.4,0.41,0.38,0.4,1920600
DELTA01P2610A,20260602,0.77,0.79,0.76,0.77,4574900
DELTA13C2609B,20260602,0.86,0.87,0.81,0.83,20704700
DELTA13C2610A,20260602,0.54,0.54,0.5,0.52,9743100
DELTA13P2609A,20260602,0.52,0.54,0.5,0.52,13334100
DELTA19C2609A,20260602,0.65,0.67,0.62,0.65,13579100
DELTA19P2610A,20260602,0.66,0.67,0.65,0.66,5887600
DELTA19P2610B,20260602,0.8,0.82,0.77,0.8,2403700
DELTA41C2609B,20260602,0.81,0.83,0.77,0.81,7231000
DELTA41C2610A,20260602,0.52,0.52,0.48,0.52,5201100
DELTA41C2702T,20260602,0.48,0.49,0.48,0.49,6000000
DELTA41P2609A,20260602,0.51,0.52,0.5,0.51,3501000
DISCO24,20260602,0.89,0.92,0.87,0.92,591872
DJI41C2609A,20260602,0.7,0.71,0.7,0.7,90200
DJI41P2609A,20260602,0.5,0.51,0.49,0.5,87300
DOHOME01C2610A,20260602,0.36,0.37,0.35,0.36,2505600
DOHOME13C2610A,20260602,0.39,0.4,0.38,0.39,6672200
EA13C2610A,20260602,0.68,0.77,0.64,0.72,4859700
EA13C2610B,20260602,0.42,0.46,0.38,0.43,140240900
EA19C2610A,20260602,0.43,0.47,0.39,0.45,26210600
EA41C2610B,20260602,0.4,0.43,0.37,0.42,21560100
EGCO13C2610A,20260602,0.31,0.34,0.31,0.33,1702000
ERW01C2610A,20260602,0.35,0.39,0.33,0.37,4557200
ERW13C2610A,20260602,0.26,0.3,0.25,0.29,10527700
GEELY41C2610A,20260602,0.11,0.11,0.11,0.11,200
GEV80,20260602,32.5,32.5,30.5,31.25,29645
GLOBAL01C2611A,20260602,0.35,0.35,0.33,0.35,8141000
GLOBAL13C2610A,20260602,0.33,0.33,0.3,0.31,9376500
GOLDUS80,20260602,13.5,13.7,13.4,13.6,124617
GPSC01P2611A,20260602,0.45,0.45,0.4,0.4,3235300
GSEMI24,20260602,2.52,2.52,2.5,2.52,94533
GULF01P2610A,20260602,0.62,0.63,0.49,0.51,15841300
GULF13P2610A,20260602,0.39,0.39,0.28,0.3,25901000
GULF19C2610A,20260602,0.36,0.52,0.33,0.47,9800300
GUNKUL01C2610A,20260602,0.94,0.96,0.87,0.91,240500
GUNKUL01C2610B,20260602,0.6,0.6,0.54,0.56,7890700
GUNKUL01C2611A,20260602,0.49,0.49,0.43,0.45,16675600
GUNKUL01P2611A,20260602,0.51,0.54,0.51,0.52,7265800
GUNKUL13C2610A,20260602,0.68,0.68,0.61,0.64,48168800
GUNKUL13C2611A,20260602,0.49,0.49,0.43,0.44,29086100
GUNKUL13P2610A,20260602,0.5,0.54,0.5,0.52,5569700
GUNKUL19C2610A,20260602,0.79,0.79,0.72,0.74,41500
GUNKUL19C2610B,20260602,0.51,0.51,0.45,0.49,8448800
GUNKUL41C2610A,20260602,0.66,0.66,0.59,0.62,16220000
HANA01C2610A,20260602,0.39,0.49,0.39,0.49,10302300
HANA01C2705T,20260602,0.27,0.31,0.27,0.31,4109500
HANA01P2610A,20260602,0.39,0.39,0.33,0.33,8613500
HANA13C2609A,20260602,0.42,0.54,0.42,0.54,12644700
HANA13C2609B,20260602,0.24,0.29,0.23,0.28,21781700
HANA13C2610A,20260602,0.29,0.37,0.29,0.37,27505800
HANA13C2611A,20260602,0.47,0.59,0.47,0.59,18230600
HANA13C2703T,20260602,0.37,0.42,0.37,0.42,16179700
HANA13P2609A,20260602,0.25,0.25,0.19,0.19,14450000
HANA19C2609B,20260602,0.37,0.47,0.37,0.47,9280000
HANA19P2609A,20260602,0.23,0.23,0.15,0.15,2849600
HANA41C2609B,20260602,0.23,0.27,0.23,0.27,1710100
HANA41C2610A,20260602,0.29,0.36,0.29,0.36,6149000
HANA41P2609A,20260602,0.21,0.21,0.19,0.19,1015000
HITACHI24,20260602,1.3,1.32,1.26,1.32,224583
HSI18C2608A,20260602,0.38,0.44,0.38,0.44,4300
HSI28C2607B,20260602,0.6,0.74,0.57,0.7,40473200
HSI28C2607C,20260602,0.92,1.12,0.9,1.08,201500
HSI28C2608A,20260602,0.39,0.47,0.38,0.46,8916100
HSI28C2608B,20260602,0.78,0.92,0.76,0.92,25386900
HSI28C2608C,20260602,1.23,1.35,1.19,1.35,6100
HSI28C2609A,20260602,0.49,0.57,0.48,0.56,1825000
HSI28P2606C,20260602,0.89,0.92,0.71,0.71,68000
HSI28P2607B,20260602,0.47,0.49,0.39,0.4,43499700
HSI28P2608A,20260602,0.46,0.46,0.39,0.39,523100
HSI28P2609A,20260602,0.42,0.43,0.37,0.38,539900
HSTECH18C2608A,20260602,0.83,0.88,0.83,0.88,15300
HSTECH18P2608A,20260602,0.82,0.82,0.82,0.82,5000
HSTECH28C2609A,20260602,0.69,0.74,0.66,0.73,7468000
HUAHON41C2612A,20260602,0.66,0.66,0.6,0.61,72700
IRPC01C2610A,20260602,0.14,0.14,0.13,0.13,4894900
IRPC01P2610A,20260602,0.44,0.45,0.42,0.45,4486800
IRPC13P2610A,20260602,0.36,0.38,0.35,0.37,8263600
IRPC19C2610A,20260602,0.13,0.13,0.12,0.12,2349500
IRPC41C2702T,20260602,0.19,0.19,0.19,0.19,2800000
ITTHI-W1,20260602,0.56,0.58,0.55,0.55,1395300
ITTHI-W1-O,20260602,0.55,0.56,0.36,0.55,549
IVL01C2610A,20260602,0.5,0.51,0.5,0.51,55000
IVL01C2706T,20260602,0.3,0.3,0.3,0.3,689400
IVL01P2610A,20260602,0.39,0.39,0.37,0.37,2392800
IVL19C2610A,20260602,0.49,0.53,0.49,0.52,5276600
JLMAG80,20260602,7.9,8.05,7.75,7.95,39189
JMART01C2610A,20260602,0.66,0.73,0.66,0.72,4141300
JMART13C2610A,20260602,0.51,0.55,0.48,0.54,19066100
JMT01C2610A,20260602,0.27,0.28,0.25,0.26,2124000
JMT13C2610A,20260602,0.32,0.32,0.3,0.3,12069400
JMT13C2610B,20260602,0.8,0.8,0.8,0.8,78000
JMT41C2610A,20260602,0.29,0.31,0.28,0.28,4446000
JPANIME24,20260602,1.22,1.24,1.22,1.24,26310
JPROBOAI24,20260602,1.46,1.48,1.43,1.48,276301
JPSEMI24,20260602,1.38,1.43,1.37,1.42,164680
KBANK01C2611A,20260602,0.22,0.23,0.22,0.22,1250400
KBANK13C2610A,20260602,0.27,0.28,0.27,0.28,3279500
KBANK41C2610A,20260602,0.24,0.25,0.24,0.25,530000
KCE01C2610A,20260602,0.47,0.53,0.47,0.52,10173800
KCE01C2705T,20260602,0.37,0.39,0.36,0.38,7054700
KCE13C2609B,20260602,0.5,0.59,0.5,0.56,2455600
KCE13C2610A,20260602,0.39,0.44,0.39,0.44,42178100
KCE13C2703T,20260602,0.44,0.48,0.44,0.48,11821700
KCE13P2609A,20260602,0.12,0.12,0.1,0.1,2587100
KCE19C2609B,20260602,0.58,0.64,0.58,0.64,116200
KCE19C2610A,20260602,0.46,0.52,0.46,0.51,9391500
KCE19P2609A,20260602,0.11,0.11,0.09,0.09,8691000
KCE19P2610A,20260602,0.29,0.29,0.27,0.28,3555500
KCE41C2609B,20260602,0.51,0.57,0.51,0.57,6300600
KCE41C2610A,20260602,0.38,0.43,0.38,0.43,10241800
KONAMI24,20260602,1.07,1.09,1.07,1.09,6884
KQ15018C2609C,20260602,0.57,0.57,0.43,0.55,301000
KS20018C2609A,20260602,2.02,2.18,1.97,2.18,42100
KS20018C2609B,20260602,2.62,2.62,2.56,2.56,5500
KS20018C2609C,20260602,1.13,1.23,1.11,1.23,10200
KS20018P2609A,20260602,0.61,0.61,0.56,0.56,3000
KS20018P2609B,20260602,0.91,0.91,0.86,0.86,1500
KTB01C2611A,20260602,0.2,0.2,0.2,0.2,392000
KTB41C2702T,20260602,0.21,0.21,0.21,0.21,66200
KTC13C2610A,20260602,0.24,0.27,0.23,0.27,8221700
KTC41C2610A,20260602,0.22,0.25,0.22,0.25,2910000
KUN-W4,20260602,0.04,0.05,0.04,0.04,11873900
KUN-W4-O,20260602,0.04,0.04,0.03,0.04,814
LENOVO41C2610A,20260602,3.66,26,3.62,26,22700
M01C2611A,20260602,0.41,0.44,0.41,0.44,3113600
M13C2610A,20260602,0.35,0.37,0.34,0.37,2748700
M19C2610A,20260602,0.38,0.41,0.36,0.41,2317200
MAOGEP80,20260602,2.64,2.68,2.6,2.64,30947
MCA5041C2609A,20260602,0.3,0.34,0.3,0.34,200000
MIDEA80,20260602,3.7,3.76,3.7,3.74,30526
MINT13C2609A,20260602,0.46,0.46,0.42,0.43,10627600
MINT13P2610A,20260602,0.36,0.38,0.36,0.38,1373200
MINT19C2610A,20260602,0.42,0.42,0.39,0.39,5280500
MIXUE80,20260602,11.6,11.8,11.6,11.6,5443
MONTAGE80,20260602,15.8,16.6,15.4,16,164464
MOUTAI80,20260602,6.35,6.4,6.35,6.35,2757
MP80,20260602,21.9,23,20.8,22.9,202819
MTC01C2610A,20260602,0.16,0.18,0.16,0.18,1560600
MTC01C2706T,20260602,0.21,0.22,0.21,0.22,971800
MTC13C2610A,20260602,0.24,0.25,0.21,0.25,4527100
MTC13P2610A,20260602,0.29,0.3,0.28,0.28,1873600
MTC19C2610A,20260602,0.22,0.23,0.21,0.23,1563500
MTC41C2610A,20260602,0.21,0.22,0.21,0.22,600000
NDX28C2609B,20260602,1.11,1.16,1.1,1.16,12900
NDX41C2609A,20260602,1.26,1.33,1.25,1.32,460700
NDX41P2609A,20260602,0.5,0.5,0.48,0.48,795700
NEE80,20260602,2.86,2.86,2.72,2.76,2896568
NIKKEI18C2609A,20260602,1.06,1.15,1.04,1.15,4600
NIKKEI18P2609A,20260602,0.55,0.56,0.47,0.47,142100
NIKKEI28C2609A,20260602,1.85,2,1.82,1.97,11000
NIKKEI28C2609B,20260602,1.37,1.47,1.37,1.47,500
NIKKEI28C2609C,20260602,0.92,1.02,0.91,1.02,600
NIKKEI28C2609D,20260602,0.62,0.7,0.6,0.68,965200
NIKKEI28P2609A,20260602,0.84,0.85,0.76,0.78,532800
NIKKEI28P2609B,20260602,0.58,0.58,0.58,0.58,100
NIKKEI28P2609C,20260602,0.4,0.4,0.35,0.35,130600
NIKKEI28P2609D,20260602,0.27,0.27,0.25,0.25,100100
OIL24,20260602,18.2,18.3,18.2,18.3,6358
OSP13C2610A,20260602,0.33,0.35,0.33,0.35,1997000
PANEL-W1,20260602,0.18,0.19,0.17,0.18,263300
PANEL-W1-O,20260602,0.18,0.18,0.15,0.18,150
PANEL-W2,20260602,0.2,0.21,0.18,0.19,126900
PANEL-W2-O,20260602,0.18,0.19,0.15,0.19,187
PLANB13C2610A,20260602,0.45,0.47,0.45,0.46,6945900
PLANB41C2610A,20260602,0.43,0.45,0.43,0.44,6227200
POPMAR28C2610A,20260602,0.44,0.46,0.44,0.46,2500000
POPMAR41C2610A,20260602,0.49,0.51,0.49,0.51,2800
PR913C2610A,20260602,0.29,0.29,0.27,0.28,3437200
PSTC-W4,20260602,0.08,0.08,0.07,0.08,3159700
PTG01C2611A,20260602,0.19,0.19,0.19,0.19,878900
PTG13C2610A,20260602,0.2,0.2,0.19,0.19,1179600
PTT01C2611A,20260602,0.15,0.16,0.15,0.16,1281900
PTT01C2705T,20260602,0.21,0.21,0.2,0.2,764900
PTT19C2701T,20260602,0.25,0.26,0.25,0.26,247600
PTTEP01P2610A,20260602,0.79,0.81,0.78,0.79,4708200
PTTEP13P2609A,20260602,0.57,0.58,0.55,0.57,5998000
PTTGC01P2610A,20260602,0.49,0.5,0.47,0.48,2996700
PTTGC13P2610A,20260602,0.5,0.5,0.45,0.46,6509000
RCL13C2610A,20260602,0.3,0.3,0.28,0.29,944800
RKLB80,20260602,4.64,4.66,3.92,4.06,9731037
SAWAD01C2611A,20260602,0.43,0.46,0.42,0.44,5676900
SAWAD01P2611A,20260602,0.67,0.68,0.65,0.66,4055200
SAWAD13C2610A,20260602,0.42,0.44,0.4,0.42,11378900
SAWAD19C2610A,20260602,0.31,0.33,0.3,0.31,7067800
SAWAD41C2610A,20260602,0.39,0.4,0.37,0.39,7620000
SCB41C2609A,20260602,0.21,0.24,0.21,0.24,4056000
SCC13P2609A,20260602,0.28,0.28,0.26,0.26,2513200
SCC19C2610A,20260602,0.35,0.37,0.35,0.37,165000
SCC41C2609A,20260602,0.22,0.24,0.22,0.24,1180000
SCGP01C2610A,20260602,0.13,0.15,0.13,0.15,5340800
SCGP01C2706T,20260602,0.36,0.39,0.36,0.38,3525000
SCGP01P2610A,20260602,0.38,0.38,0.31,0.31,4704700
SCGP13C2609A,20260602,0.11,0.15,0.11,0.14,14953100
SCGP13C2609B,20260602,0.35,0.47,0.35,0.45,23438900
SCGP13P2609A,20260602,0.26,0.26,0.22,0.22,3703200
SCGP19C2610A,20260602,0.18,0.22,0.18,0.22,4647600
SCGP41C2609A,20260602,0.1,0.14,0.1,0.13,3439000
SCGP41C2609B,20260602,0.33,0.43,0.33,0.43,10940000
SET01C2608A,20260602,1.13,1.32,1.09,1.26,4890900
SET01C2610A,20260602,1.06,1.23,1.02,1.17,1736800
SET01P2608A,20260602,0.24,0.24,0.19,0.2,3630100
SET01P2610A,20260602,0.53,0.55,0.46,0.47,1824300
SET100FF,20260602,2071.05,2103.92,2064.29,2090.59,398462910000
SET5001C2608A,20260602,0.67,0.8,0.64,0.78,10611500
SET5001C2609F,20260602,0.86,1.1,0.86,1.02,6805400
SET5001P2608A,20260602,0.35,0.35,0.28,0.29,4031400
SET5001P2609F,20260602,0.52,0.52,0.41,0.43,17800000
SET5001P2609G,20260602,0.8,0.8,0.67,0.71,15291600
SET5001P2610A,20260602,0.7,0.7,0.67,0.69,456800
SET5013C2606M,20260602,0.28,0.53,0.26,0.41,379126100
SET5013C2609A,20260602,0.97,1.27,0.95,1.15,154953500
SET5013C2609B,20260602,0.68,0.89,0.66,0.81,206765300
SET5013P2609A,20260602,0.5,0.5,0.39,0.42,153103600
SET5013P2609B,20260602,0.65,0.66,0.52,0.56,353776900
SET5013P2609C,20260602,0.92,0.93,0.74,0.8,205042200
SET5013P2609D,20260602,1.3,1.31,1.05,1.13,88511400
SET5019C2609A,20260602,0.7,0.96,0.7,0.86,19284800
SET5019P2609A,20260602,0.74,0.75,0.6,0.64,37392300
SET5019P2609B,20260602,0.54,0.55,0.43,0.47,36322100
SET5041C2609A,20260602,0.93,1.22,0.93,1.11,49465000
SET5041C2609B,20260602,0.64,0.84,0.64,0.77,15549700
SET5041C2609U,20260602,0.34,0.4,0.34,0.4,3600900
SET5041P2609A,20260602,0.47,0.48,0.4,0.41,465900
SET5041P2609B,20260602,0.53,0.53,0.53,0.53,1000
SET5041P2609C,20260602,0.92,0.93,0.75,0.8,45442000
SET5041P2609D,20260602,1.28,1.28,1.07,1.14,20297100
SET50FF,20260602,966.94,983.07,963.98,976.18,215292710000
SETCLMV,20260602,702.27,714.94,700.29,712.25,165808470000
SETESG,20260602,895.67,910.98,893.37,905.93,265113560000
SETWB,20260602,595.46,598.38,590.27,595.87,70746880000
SISB13C2610A,20260602,0.16,0.16,0.16,0.16,1176200
SNDK80,20260602,5.45,5.75,5.35,5.6,5348248
SOFTBANK80,20260602,16.9,17.7,16.9,17.7,510927
SPTX-W8,20260602,0.01,0.01,0.01,0.01,59100
SPTX-W8-O,20260602,0.01,0.01,0.01,0.01,55
SPX28C2609B,20260602,0.78,0.79,0.77,0.79,1022400
SPX41C2609A,20260602,0.92,0.95,0.91,0.95,87800
SPX41P2609A,20260602,0.48,0.48,0.47,0.47,5100
SSET,20260602,604.85,611,601.9,610.79,51103200000
STA01C2610A,20260602,0.3,0.33,0.3,0.32,5244600
STA13C2610A,20260602,0.35,0.38,0.35,0.37,4836600
STA19C2610A,20260602,0.39,0.43,0.39,0.4,20012800
STA41C2610A,20260602,0.34,0.37,0.34,0.35,6700000
STA41C2702T,20260602,0.19,0.19,0.19,0.19,200000
STECON19C2610A,20260602,0.61,0.69,0.58,0.68,935500
STGT01C2610A,20260602,0.2,0.22,0.2,0.21,4672400
STGT13C2610A,20260602,0.23,0.24,0.23,0.24,6105700
STGT19C2610A,20260602,0.23,0.23,0.23,0.23,1333900
STGT41C2610A,20260602,0.22,0.22,0.22,0.22,3800000
SUNNY41C2610A,20260602,0.66,0.66,0.63,0.65,3700
TENCEN28C2610B,20260602,0.25,0.32,0.24,0.3,5290500
TENCEN41C2610A,20260602,0.28,0.35,0.27,0.33,35300
TFG13C2610A,20260602,0.2,0.2,0.15,0.16,14356400
TFG19C2610A,20260602,0.18,0.18,0.14,0.15,1002300
TFG41C2610A,20260602,0.14,0.14,0.13,0.14,1600000
TIDLOR01C2611A,20260602,0.39,0.4,0.38,0.4,3336200
TIDLOR01P2611A,20260602,0.64,0.64,0.62,0.62,1984100
TIDLOR19C2610A,20260602,0.53,0.55,0.52,0.55,1095700
TLI01C2611A,20260602,0.18,0.19,0.18,0.18,736200
TOP41C2609A,20260602,0.27,0.28,0.27,0.27,1840000
TRUE01C2610A,20260602,0.24,0.26,0.24,0.25,6074200
TRUE01P2610A,20260602,0.33,0.33,0.32,0.32,1714200
TRUE13C2610A,20260602,0.26,0.29,0.26,0.27,9113500
TRUE19C2610A,20260602,0.26,0.28,0.26,0.27,2456800
TU13C2611A,20260602,0.18,0.19,0.18,0.18,3226200
TU41C2611A,20260602,0.17,0.17,0.17,0.17,480000
VGI13C2609A,20260602,0.23,0.29,0.21,0.28,20940400
VGI13C2610A,20260602,0.23,0.29,0.22,0.28,27737000
VGI19C2610B,20260602,0.25,0.31,0.25,0.3,4738700
VIBE-O,20260602,0.34,0.34,0.34,0.34,43
VN3018P2608A,20260602,0.71,0.71,0.71,0.71,1000
VN3018P2609A,20260602,0.77,0.77,0.77,0.77,6800
WHA01C2611A,20260602,0.15,0.17,0.15,0.17,2055000
WHA01C2705T,20260602,0.32,0.33,0.32,0.33,3506100
WHA01P2611A,20260602,0.37,0.37,0.35,0.35,1151300
WHA13C2611A,20260602,0.22,0.25,0.22,0.24,3819100
WHA13P2611A,20260602,0.38,0.38,0.34,0.35,2687300
WHA19C2701A,20260602,0.27,0.29,0.27,0.28,5498100
WHA41C2702T,20260602,0.18,0.18,0.18,0.18,200000
