<TICKER>,<DTYYYYMMDD>,<OPEN>,<HIGH>,<LOW>,<CLOSE>,<VOL>
AAPL01,20260709,30.5,31,30.5,30.75,20243
AAPL03,20260709,3.48,3.52,3.46,3.48,23203
AAPL19,20260709,7.05,7.05,7,7,830
AAPL80,20260709,10.4,10.6,10.3,10.4,594484
ABBV19,20260709,8.55,8.55,8.45,8.5,6819
ABBV80,20260709,8.45,8.55,8.45,8.5,31832
ABNB06,20260709,4.94,4.94,4.74,4.74,4970
ADBE03,20260709,1.64,1.65,1.63,1.63,14069
ADBE06,20260709,1.83,1.86,1.82,1.83,83086
ADVANT19,20260709,6.1,6.15,6,6.05,143506
ADVANT23,20260709,4.08,4.12,4,4.02,1259329
AFRM03,20260709,3.4,3.46,3.36,3.42,136670
AIA06,20260709,3.1,3.2,3.06,3.1,48839
AIA19,20260709,3.1,3.1,3.08,3.1,52691
AIA23,20260709,2.38,2.4,2.36,2.4,27290
ALAB01,20260709,5.35,6,5.25,5.85,561513
AMAT01,20260709,5,5.5,5,5.5,746502
AMAT19,20260709,4.54,4.98,4.54,4.98,30174
AMAT23,20260709,7.25,8,7.25,7.95,237356
AMD03,20260709,8.5,8.9,8.4,8.85,58289
AMD23,20260709,7.1,7.45,7,7.4,299000
AMD80,20260709,3.38,3.56,3.34,3.52,18240819
AMGN06,20260709,3.1,3.1,3,3.08,6468
AMZN01,20260709,24,24,23.7,23.9,11502
AMZN03,20260709,4.06,4.1,4.06,4.1,25004
AMZN06,20260709,2.04,2.06,2.02,2.04,519824
AMZN19,20260709,2.04,2.04,2.04,2.04,3001
AMZN23,20260709,2.7,2.74,2.7,2.72,49893
AMZN80,20260709,2.04,2.06,2,2.04,3944573
ANET23,20260709,3,3.44,3,3.42,1050069
ANET80,20260709,5.4,6.25,5.4,6.2,1070706
ANTA13,20260709,1.9,1.9,1.89,1.89,11
ANTA23,20260709,1.94,1.94,1.91,1.92,13111
APLD03,20260709,3.52,3.64,3.38,3.6,738567
APPL03,20260709,2.9,2.94,2.84,2.9,444905
ASEMI23,20260709,8,8.4,8,8.4,138427
ASEMI24,20260709,4.06,4.14,4,4.12,353417
ASICS23,20260709,2.8,2.82,2.8,2.82,26006
ASML01,20260709,48.25,50.25,47.75,49.75,278921
ASTS01,20260709,3.22,3.48,3.22,3.44,2511933
ASTS03,20260709,2.42,2.62,2.42,2.58,5051664
AVGO23,20260709,2.82,3,2.82,2.98,1182196
AVGO80,20260709,2.46,2.66,2.46,2.66,16717050
AXP06,20260709,2.86,2.9,2.8,2.84,171816
BABA01,20260709,10.6,10.7,10.2,10.4,65890
BABA06,20260709,4.66,4.72,4.52,4.66,49210
BABA13,20260709,1.89,1.9,1.87,1.88,64337
BABA19,20260709,1.89,1.89,1.84,1.84,614070
BABA23,20260709,3.12,3.14,3.08,3.1,243941
BABA80,20260709,4.68,4.7,4.58,4.64,24874933
BAC03,20260709,4,4,3.92,3.94,12296
BDX06,20260709,1.72,1.73,1.69,1.7,44256
BIDU01,20260709,11.3,11.3,11.1,11.2,24949
BIDU06,20260709,4.88,4.94,4.86,4.86,52067
BIDU23,20260709,2.36,2.36,2.3,2.3,104488
BIDU80,20260709,4.96,4.96,4.82,4.92,9612032
BILIBILI01,20260709,2.84,2.84,2.76,2.82,120410
BIREN23,20260709,8.5,8.8,8.3,8.45,352415
BKNG03,20260709,2.5,2.5,2.44,2.44,259
BKNG80,20260709,3.02,3.06,2.92,2.94,359312
BLK06,20260709,3.36,3.4,3.3,3.34,11148
BOEING80,20260709,7.5,7.6,7.45,7.55,1967
BONDAS19,20260709,6.6,6.6,6.55,6.6,10131
BONDUS01,20260709,9.7,9.75,9.65,9.7,16201
BRKB23,20260709,5.6,5.65,5.55,5.65,1093
BRKB80,20260709,1.69,1.7,1.66,1.67,1957531
BYDCOM01,20260709,0.8,0.81,0.8,0.8,208387
BYDCOM80,20260709,0.36,0.36,0.35,0.36,5693663
CAMBRI80,20260709,7.25,7.55,7.2,7.45,949372
CAT19,20260709,6.2,6.6,6.15,6.4,1105
CATL01,20260709,6.1,6.25,6.1,6.2,2950002
CATL23,20260709,10.8,11.2,10.7,11.2,315733
CATL80,20260709,27,27.5,26.75,27.25,192770
CCJ23,20260709,1.96,2,1.92,1.99,184146
CDNS23,20260709,6.2,6.4,6.15,6.35,4006
CEG23,20260709,2,2.06,1.99,2.06,436901
CHHONGQ19,20260709,8.5,8.65,8.4,8.65,152813
CHMOBILE19,20260709,3.38,3.38,3.34,3.38,247852
CHMOBILE23,20260709,2.62,2.64,2.6,2.6,275703
CHNXT5023,20260709,8.8,9.2,8.7,9.2,193684
CMBANK23,20260709,2.16,2.16,2.12,2.16,140807
CME03,20260709,2.7,2.76,2.7,2.7,367841
CN01,20260709,24.5,24.9,24.4,24.8,12307
CN23,20260709,6.2,6.35,6.2,6.35,720
CNBIO24,20260709,1.43,1.43,1.41,1.42,104447
CNEV24,20260709,2.1,2.14,2.1,2.14,7626
CNRE80,20260709,2.1,2.24,2.04,2.14,561737
CNROBOAI23,20260709,2.62,2.68,2.6,2.68,166928
CNSEMI23,20260709,4.84,5.2,4.8,5.15,245436
CNSTAR5023,20260709,10.8,11.3,10.7,11.3,5408
CNTECH01,20260709,26,26,25.25,25.75,41903
COHR23,20260709,5.05,5.55,5.05,5.5,378473
COIN01,20260709,3.34,3.38,3.32,3.34,242046
COIN23,20260709,2.68,2.7,2.68,2.7,10215
COIN80,20260709,5.35,5.4,5.3,5.4,42199
COSTCO19,20260709,32.25,32.25,31.75,31.75,10642
CRDO23,20260709,7.95,9.1,7.95,9.05,122836
CRM01,20260709,3.08,3.1,3.02,3.02,139773
CRM06,20260709,2.22,2.24,2.16,2.18,5457
CRM80,20260709,5.55,5.6,5.4,5.4,25675
CRSP03,20260709,3.9,4.06,3.9,3.96,252480
CRWD06,20260709,5.15,5.2,4.96,5.15,73897
CRWD80,20260709,25.5,26,24.9,25.75,229784
CRWV03,20260709,2.72,3.04,2.72,3.04,2651595
CSCO06,20260709,4.68,4.8,4.68,4.78,151366
CYPC80,20260709,13.6,13.6,13.6,13.6,36060
DASH03,20260709,3.12,3.2,3.06,3.12,71402
DBS19,20260709,18.1,18.3,18,18.2,69996
DDOG19,20260709,8.35,8.8,8.35,8.7,27918
DEAM19,20260709,4.02,4.06,4,4.02,197
DELL19,20260709,13.6,15.1,13.6,14.8,6027377
DISCO24,20260709,1,1.04,1,1.02,82699
DISNEY19,20260709,16.3,16.5,16.2,16.4,1738
DUOL06,20260709,2.72,2.74,2.66,2.66,638
E1VFVN3001,20260709,45,45,44.5,44.75,38839
EOSE03,20260709,0.78,0.82,0.74,0.78,18556954
ESTEE80,20260709,0.92,0.92,0.9,0.91,129761
ETN23,20260709,6.65,6.8,6.55,6.8,23532
EXPE06,20260709,3.56,3.56,3.4,3.44,76206
FABRINET23,20260709,3.86,4.12,3.84,4.12,282068
FANUC23,20260709,2.6,2.6,2.56,2.56,100120
FCX23,20260709,2.44,2.52,2.36,2.52,193491
FERRARI80,20260709,1.27,1.27,1.24,1.24,615794
FPTVN11,20260709,1.86,1.86,1.84,1.85,119371
FPTVN19,20260709,9.25,9.3,9.25,9.25,456885
FUEVFVND01,20260709,45,45.25,44.75,45,36819
GAC03,20260709,1.89,1.89,1.86,1.86,4116
GANFENG23,20260709,1.84,1.84,1.81,1.84,95469
GASVN11,20260709,3.92,3.98,3.9,3.9,17937
GDS23,20260709,1.95,1.97,1.93,1.96,54366
GEELY06,20260709,3.1,3.1,3.08,3.1,4861
GEELY80,20260709,7.75,7.85,7.6,7.85,19024
GEV23,20260709,3.16,3.36,3.16,3.34,631830
GEV80,20260709,35.5,36.75,35.5,36.25,15364
GIGA23,20260709,11.9,13.7,11.8,13.5,1361796
GOLD03,20260709,3.16,3.18,3.12,3.16,193887
GOLD19,20260709,12.5,12.7,12.5,12.7,577999
GOLDM01,20260709,3.84,3.9,3.8,3.86,352805
GOLDUS03,20260709,3.14,3.18,3.1,3.18,650021
GOLDUS19,20260709,41.75,42.25,41.25,42,199234
GOLDUS80,20260709,12.5,12.7,12.4,12.7,45785
GOOG23,20260709,3.02,3.04,2.98,3,1661936
GOOG80,20260709,6,6.05,5.9,5.95,3118859
GOOGL01,20260709,35.75,36.25,35.5,35.75,108294
GOOGL03,20260709,6.1,6.1,6.05,6.05,747499
GOOGL19,20260709,6.1,6.1,6.05,6.05,2836
GRAB80,20260709,13.1,13.3,12.7,12.9,77103
GSEMI24,20260709,2.48,2.54,2.48,2.54,76075
GSUS06,20260709,4.92,4.96,4.88,4.96,27048
HAIERS19,20260709,8.6,8.6,8.4,8.55,286392
HANSOH19,20260709,5.4,5.4,5.35,5.35,25916
HERMES80,20260709,6.15,6.25,6,6.1,120118
HIMS03,20260709,5.8,6.15,5.75,6.15,863314
HITACHI24,20260709,1.22,1.24,1.22,1.23,6206
HK01,20260709,20.9,21.1,20.8,20.9,31996
HK13,20260709,5.6,5.6,5.5,5.55,21115
HKCE01,20260709,23.5,23.5,23.4,23.4,23108
HKEX23,20260709,2.1,2.1,2.06,2.06,14865
HKTECH13,20260709,4.06,4.06,3.98,4.04,156718
HONDA19,20260709,3.12,3.12,3.08,3.08,11979
HOOD03,20260709,3.64,3.8,3.64,3.78,17037
HOOD06,20260709,3.62,3.86,3.62,3.82,730689
HOOD80,20260709,3.64,3.86,3.64,3.84,547543
HORIZON23,20260709,1.17,1.18,1.14,1.18,153776
HPG19,20260709,2.98,2.98,2.98,2.98,1072
HSHD23,20260709,6.35,6.4,6.3,6.4,511849
HUAHONG23,20260709,12.1,12.4,11.8,12.4,3283472
IBM06,20260709,3.96,4.06,3.96,4,1264627
ICBC06,20260709,2.88,2.88,2.86,2.86,1780
ICBC19,20260709,2.9,2.9,2.86,2.88,330190
IFLYTEK80,20260709,1.99,2.1,1.99,2.08,43035
INDIA01,20260709,13.4,13.6,13.4,13.6,20615
INDIAESG19,20260709,4.16,4.2,4.14,4.18,22077
INTEL01,20260709,3.6,3.84,3.5,3.82,3288425
INTEL03,20260709,7.2,7.7,7,7.65,6456473
INTEL19,20260709,3.6,3.84,3.5,3.8,261786
INTEL23,20260709,5.2,5.5,5,5.5,547713
IONQ03,20260709,2.9,3.12,2.9,3.1,3005296
IONQ23,20260709,2.94,3.12,2.94,3.1,3183003
ISRG01,20260709,3.16,3.18,3.08,3.1,280367
ISRG06,20260709,2.86,2.86,2.78,2.78,15396
ISRG19,20260709,3.62,3.62,3.48,3.52,118516
ITOCHU19,20260709,6.45,6.5,6.45,6.5,21495
JAP03,20260709,3.6,3.62,3.6,3.62,3
JAPAN10001,20260709,29.5,32,29.5,29.5,2065
JAPAN13,20260709,5.55,5.9,5.55,5.9,6183
JD80,20260709,4.66,4.66,4.6,4.62,93195
JDHEAL19,20260709,3.14,3.16,3.08,3.12,360956
JEPI19,20260709,6.4,6.4,6.3,6.4,1098296
JGRO19,20260709,10.5,10.6,10.5,10.6,3457
JLMAG80,20260709,7.25,7.35,7.2,7.35,29851
JNJ03,20260709,4.5,4.5,4.4,4.42,307302
JPANIME24,20260709,1.24,1.25,1.23,1.23,243
JPMUS06,20260709,3.74,3.74,3.7,3.72,52616
JPMUS19,20260709,22.5,22.5,22.1,22.1,11217
JPROBOAI24,20260709,1.42,1.44,1.41,1.44,29561
JPSEMI24,20260709,1.61,1.64,1.61,1.64,47280
JTEK19,20260709,11.4,11.5,11.3,11.5,26224
KEYENCE23,20260709,2.72,2.78,2.72,2.78,472474
KINGSOFT23,20260709,1.74,1.74,1.7,1.7,33430
KIOXIA23,20260709,9.95,10.3,9.85,10.2,2474946
KLAC01,20260709,4.72,5.1,4.7,5.1,40166
KLAC19,20260709,3.58,3.84,3.58,3.84,1340
KLAC23,20260709,7.05,7.65,7.05,7.65,157629
KO80,20260709,2.86,2.86,2.78,2.82,332712
KONAMI24,20260709,1,1.02,1,1.02,13693
KUAISH01,20260709,2.3,2.3,2.26,2.3,140582
KUAISH06,20260709,1.83,1.83,1.8,1.83,24150
KUAISH23,20260709,1.31,1.31,1.28,1.28,1437366
KUAISH80,20260709,1.83,1.83,1.8,1.81,9119095
LENOVO13,20260709,5.1,5.4,5.05,5.4,48639
LITE01,20260709,3.18,3.36,3.16,3.34,311794
LITE23,20260709,4.56,4.92,4.56,4.86,2071890
LLY23,20260709,4.12,4.16,4.06,4.1,27855
LLY80,20260709,2.04,2.08,2.02,2.04,2071952
LOREAL80,20260709,1.46,1.49,1.44,1.45,219647
LPGOLD13,20260709,1.66,1.68,1.63,1.68,95531
LRCX01,20260709,4.48,4.84,4.48,4.82,139723
LRCX19,20260709,4.12,4.46,4.12,4.46,135
LRCX23,20260709,4.06,4.44,4.06,4.44,1211855
LULU06,20260709,1.92,1.93,1.87,1.9,39899
LVMH01,20260709,11.7,11.8,11.6,11.8,163327
MA80,20260709,1.78,1.78,1.73,1.75,814329
MAOGEP80,20260709,2.24,2.26,2.2,2.26,60118
MEITUAN19,20260709,1.13,1.13,1.12,1.12,17518
MEITUAN23,20260709,2.18,2.18,2.18,2.18,300
MEITUAN80,20260709,3.4,3.4,3.32,3.34,391682
MELI06,20260709,2.38,2.42,2.36,2.4,271847
MELI23,20260709,6,6.15,6,6.15,987
META01,20260709,6,6,5.9,6,430798
META06,20260709,2.54,2.58,2.52,2.52,25248
META23,20260709,2.42,2.46,2.38,2.4,166584
META80,20260709,2.52,2.56,2.5,2.52,4195973
MICRON01,20260709,18.8,20.8,18.8,20.6,12075709
MICRON03,20260709,10,11.1,10,11,2134694
MICRON19,20260709,20,22.2,20,21.9,941801
MICRON23,20260709,6,6.7,6,6.65,7422562
MICRON80,20260709,30,33.25,30,32.75,1591950
MIDEA80,20260709,3.78,3.8,3.76,3.8,37206
MITSU19,20260709,7.95,7.95,7.8,7.9,81757
MIXUE80,20260709,8.85,9.05,8.6,8.8,42822
MNSO80,20260709,9.8,9.8,9.65,9.75,17323
MNST06,20260709,4.62,5,4.52,4.52,11283
MONTAGE80,20260709,14.6,16.7,14.4,16.4,445590
MOUTAI80,20260709,5.85,5.9,5.8,5.9,15117
MP23,20260709,5.55,6,5.5,5.9,52174
MP80,20260709,16.6,17.9,16.6,17.8,37982
MPWR23,20260709,4.24,4.5,4.2,4.5,18221
MRVL06,20260709,7.5,8.15,7.5,8.1,119809
MRVL23,20260709,6.25,6.8,6.25,6.7,1302687
MRVL80,20260709,7.5,8.1,7.5,8.05,2876954
MS06,20260709,4.96,4.96,4.84,4.92,26994
MSFT01,20260709,3.76,3.8,3.74,3.76,10568782
MSFT03,20260709,2.58,2.6,2.56,2.56,1267264
MSFT06,20260709,3.2,3.24,3.18,3.2,772460
MSFT19,20260709,4.28,4.32,4.26,4.26,35966
MSFT23,20260709,2.38,2.4,2.36,2.38,1288336
MSFT80,20260709,6.4,6.45,6.35,6.4,2908920
MSN11,20260709,3.52,3.54,3.5,3.52,2469
MSN19,20260709,2.94,2.94,2.92,2.94,8002
MUFG19,20260709,7.1,7.1,7,7.05,59494
MUFG23,20260709,2.84,2.84,2.8,2.84,14197
MWG11,20260709,4.08,4.08,4.08,4.08,5613
MWG19,20260709,10.1,10.2,10.1,10.2,70945
NAURA23,20260709,4.5,4.8,4.46,4.8,158627
NAURA80,20260709,40.5,43.75,40,43.75,45402
NBIS01,20260709,3.7,4.4,3.7,4.34,4658583
NBIS03,20260709,6.25,7.5,6.25,7.4,5958196
NBIS23,20260709,6.3,7.5,6.3,7.4,2565450
NDAQ06,20260709,2.88,2.88,2.8,2.8,18492
NDX01,20260709,25.25,25.75,25.25,25.75,27876
NEE80,20260709,2.94,2.96,2.92,2.94,219819
NEM06,20260709,3.16,3.16,3.08,3.14,112230
NEM23,20260709,1.97,2,1.92,1.98,518698
NET03,20260709,4.38,4.62,4.36,4.58,266161
NETEASE80,20260709,9.1,9.15,9,9.1,102776
NFLX06,20260709,2.58,2.58,2.5,2.52,133752
NFLX80,20260709,2.56,2.58,2.5,2.52,2921451
NIKE80,20260709,0.72,0.73,0.7,0.72,815163
NIKKEI80,20260709,14.5,14.6,14.4,14.6,47907
NINTENDO19,20260709,14.7,14.8,14.7,14.8,151707
NINTENDO23,20260709,1.3,1.32,1.29,1.32,1234255
NONGFU80,20260709,1.73,1.73,1.71,1.73,84037
NOVOB80,20260709,1.63,1.66,1.62,1.63,837912
NOW19,20260709,3.6,3.62,3.54,3.56,1295677
NVDA01,20260709,19.2,20.2,19.1,20,846669
NVDA03,20260709,4.34,4.58,4.32,4.58,217066
NVDA06,20260709,4.32,4.58,4.32,4.56,653825
NVDA19,20260709,26,27.5,26,27.25,47584
NVDA23,20260709,3.1,3.28,3.1,3.26,1230637
NVDA80,20260709,32.5,34.5,32.5,34.25,1435137
NVTS03,20260709,4.26,4.64,4.26,4.64,3149201
NVTS23,20260709,4.32,4.68,4.28,4.64,1254244
OIL03,20260709,3.18,3.2,3.1,3.14,2673846
OIL24,20260709,15.7,15.9,15.3,15.3,18332
OKLO23,20260709,3.94,4.08,3.88,4.04,180020
ON23,20260709,6,6.45,6,6.45,21849
ONON03,20260709,2.4,2.5,2.3,2.36,3130
ORCL01,20260709,2.92,3,2.88,2.98,2573327
ORCL06,20260709,1.85,1.91,1.85,1.9,1548444
ORCL19,20260709,4.68,4.8,4.62,4.8,132686
PANW19,20260709,4.46,4.48,4.22,4.28,5438
PANW80,20260709,11.2,11.2,10.5,10.6,444073
PEP80,20260709,0.99,0.99,0.95,0.95,1074476
PETROCN80,20260709,3.92,3.92,3.82,3.82,137985
PFIZER19,20260709,16.2,16.3,16.1,16.2,209847
PINGAN01,20260709,5.2,5.3,5.15,5.2,53541
PINGAN80,20260709,2.28,2.3,2.24,2.28,5981875
PLTR01,20260709,3.94,4.06,3.86,3.96,1705946
PLTR03,20260709,2.9,2.96,2.84,2.94,1428540
PLTR06,20260709,2.88,2.98,2.82,2.92,2114089
PLTR23,20260709,2.28,2.36,2.24,2.3,2122967
POPMART23,20260709,1.52,1.57,1.52,1.57,10406
POPMART80,20260709,6.55,6.55,6.4,6.45,176321
PYPL06,20260709,3,3,2.94,2.98,57510
QCOM06,20260709,2.98,3.18,2.98,3.18,959950
QQQM19,20260709,19.4,19.8,19.4,19.8,5226044
RBLX06,20260709,1.54,1.55,1.5,1.54,637292
REMX03,20260709,2.66,2.72,2.62,2.72,87087
RGTI03,20260709,2.72,2.9,2.72,2.88,533669
RKLB01,20260709,2.78,2.96,2.72,2.92,1950510
RKLB03,20260709,5.55,5.95,5.45,5.9,986753
RKLB23,20260709,1.39,1.49,1.37,1.47,1745833
RKLB80,20260709,2.78,2.96,2.74,2.92,5030273
SANOFI80,20260709,2.88,2.9,2.86,2.86,16150
SANRIO23,20260709,1.74,1.74,1.67,1.67,87692
SANRIO80,20260709,11.8,11.8,11.8,11.8,8722
SBUX80,20260709,1.74,1.74,1.72,1.74,33572
SEAGATE23,20260709,5.55,6.15,5.55,6.15,543934
SEMB19,20260709,4.9,4.9,4.84,4.84,13162
SENSE23,20260709,1.5,1.5,1.47,1.48,343191
SGX19,20260709,6.35,6.4,6.3,6.4,150784
SHINCHEM19,20260709,2.9,2.9,2.86,2.88,18844
SHOP03,20260709,2.62,2.68,2.6,2.68,45051
SHOP06,20260709,2,2,1.93,2,121527
SIA19,20260709,20,20,19.6,19.8,14383
SIL03,20260709,2.52,2.54,2.44,2.54,640377
SINGTEL80,20260709,11.3,11.4,11.3,11.4,4883
SINOBIO19,20260709,4.3,4.32,4.26,4.3,52612
SMCI03,20260709,1.72,1.93,1.72,1.91,748190
SMFG19,20260709,14.1,14.1,14,14.1,20472
SMIC01,20260709,4.96,5.2,4.92,5.05,675054
SMIC03,20260709,3.5,3.66,3.46,3.56,35855
SMIC13,20260709,2.48,2.5,2.38,2.46,17794
SMIC23,20260709,4.08,4.28,4,4.18,9338082
SNDK03,20260709,12.9,15,12.9,14.9,2386569
SNDK23,20260709,6.4,7.5,6.4,7.45,2247982
SNDK80,20260709,5.1,6,5.1,5.95,7164312
SNOW06,20260709,4.28,4.4,4.28,4.32,53114
SNOW23,20260709,3.9,4.02,3.88,4,3337725
SOFI23,20260709,5.85,6,5.8,5.95,168941
SOFTBANK23,20260709,2.24,2.3,2.24,2.28,830941
SOFTBANK80,20260709,12.2,12.2,11.9,12,79470
SONY80,20260709,3.46,3.54,3.46,3.48,815985
SP50001,20260709,25.25,25.5,25,25.25,58351
SP500US19,20260709,14.6,14.8,14.6,14.7,18023
SP500US80,20260709,2.92,2.96,2.92,2.96,108928
SPBOND80,20260709,8.5,8.65,8.45,8.5,40848
SPCOM80,20260709,3.7,3.74,3.66,3.74,1519
SPENGY80,20260709,3.74,3.76,3.66,3.7,67400
SPFIN80,20260709,18.6,18.6,18.3,18.5,2838
SPHLTH80,20260709,5.5,5.5,5.45,5.45,25948
SPOT06,20260709,2.04,2.06,2.02,2.04,154929
SPTECH80,20260709,11.9,12.3,11.8,12.3,30282
STAR5001,20260709,61,65.25,61,65,75568
STEG19,20260709,28.5,28.5,28.25,28.25,4312
SUNNY19,20260709,2.42,2.44,2.4,2.42,108414
SUNNY80,20260709,2.42,2.44,2.4,2.4,40282
SUSHI23,20260709,3,3.06,2.98,3,325559
SYM23,20260709,6.9,7.4,6.7,7.1,27458
SYNP03,20260709,2.9,2.96,2.88,2.94,13299
SYNP23,20260709,5.8,5.8,5.8,5.8,2600
TAIWAN19,20260709,44,44.75,44,44.75,12611
TAIWANAI13,20260709,19.9,20,19.7,19.9,13470
TAIWANHD13,20260709,34,34.5,34,34.5,925
TEL23,20260709,5.35,5.55,5.35,5.55,42818
TEL80,20260709,14.3,14.7,14.3,14.4,35265
TENCENT01,20260709,4.6,4.66,4.54,4.56,154264
TENCENT06,20260709,2.04,2.04,1.99,1.99,36065
TENCENT19,20260709,10.1,10.2,10.1,10.1,43419
TENCENT23,20260709,2.26,2.28,2.22,2.26,2899871
TENCENT80,20260709,20.3,20.4,20,20.3,2559847
TER01,20260709,3.96,4.34,3.96,4.3,920729
TER23,20260709,5.6,6.15,5.6,6.05,144018
THAIBEV19,20260709,11.4,11.4,11.3,11.4,9645
TME23,20260709,0.93,0.95,0.92,0.95,14701
TOYOTA80,20260709,5.9,5.9,5.8,5.9,62468
TRIPCOM23,20260709,1.38,1.39,1.37,1.38,792415
TRIPCOM80,20260709,1.39,1.4,1.37,1.39,6646033
TRVUS06,20260709,4.56,4.6,4.54,4.54,439270
TSEMI23,20260709,7,7.4,6.9,7.3,77632
TSLA01,20260709,39.25,39.25,38.5,39,7359
TSLA03,20260709,4.44,4.46,4.38,4.44,4351
TSLA23,20260709,2.56,2.56,2.52,2.56,135006
TSLA80,20260709,2.66,2.7,2.62,2.64,4529178
UBER06,20260709,2.48,2.48,2.44,2.46,210496
UBTECH23,20260709,1.5,1.53,1.48,1.52,6032441
UNH19,20260709,7.15,7.2,7.05,7.05,132245
UNIQLO80,20260709,18,18.1,17.9,18.1,28768
UOB19,20260709,11.3,11.5,11.3,11.4,142904
USTR24,20260709,1.19,1.19,1.17,1.17,4780
V3011,20260709,8.7,8.7,8.7,8.7,4684
VCB11,20260709,3.12,3.14,3.12,3.12,5822
VCB19,20260709,7.85,7.9,7.85,7.85,16441
VDIAMOND11,20260709,8.5,8.5,8.4,8.4,25410
VENTURE19,20260709,4.36,4.38,4.34,4.36,51474
VHM19,20260709,19.3,19.3,19.1,19.2,19572
VISA06,20260709,1.46,1.47,1.45,1.46,33475
VISA80,20260709,1.46,1.47,1.45,1.46,493811
VNFIN24,20260709,1.88,1.92,1.88,1.92,209
VNM19,20260709,7.15,7.2,7.1,7.15,136771
VRT01,20260709,3.84,4.18,3.84,4.14,1581144
VRT23,20260709,2.9,3.2,2.9,3.16,9837661
VT03,20260709,3.48,3.52,3.46,3.52,128826
WMT06,20260709,3.78,3.82,3.76,3.78,158665
WORLD03,20260709,4.32,4.38,4.3,4.38,4990
WORLDA01,20260709,5.1,5.2,5.1,5.2,33324
WUXI06,20260709,3.96,4.02,3.94,3.98,1068052
WUXI13,20260709,2.44,2.44,2.42,2.42,23
WUXIAT80,20260709,6.2,6.45,6.2,6.4,82967
XIAOMI01,20260709,2.48,2.5,2.4,2.44,1166877
XIAOMI13,20260709,2.3,2.3,2.24,2.26,12931
XIAOMI19,20260709,5.45,5.45,5.3,5.35,28069
XIAOMI23,20260709,1.33,1.33,1.26,1.29,1857418
XIAOMI80,20260709,10.9,11,10.5,10.9,2372224
XPENG03,20260709,2.18,2.2,2.16,2.18,117258
ZAI23,20260709,21,21.9,19.8,21.3,806573
ZIJIN13,20260709,2.14,2.16,2.1,2.16,14471
ZIJIN23,20260709,1.92,1.98,1.89,1.98,229560
ZIJIN80,20260709,12.4,12.6,12.2,12.6,108587
ZJINNO80,20260709,5.55,5.95,5.55,5.95,628480
AAV01C2609T,20260709,0.03,0.03,0.03,0.03,1400
AAV13C2610A,20260709,0.12,0.13,0.12,0.13,1055700
AAV19C2612T,20260709,0.07,0.07,0.07,0.07,100
ADVANC01C2608A,20260709,0.01,0.02,0.01,0.02,2555600
ADVANC01C2609A,20260709,0.18,0.19,0.17,0.18,3968100
ADVANC01C2610A,20260709,0.43,0.44,0.42,0.43,8053100
ADVANC01C2701T,20260709,0.61,0.62,0.6,0.61,7886900
ADVANC01P2701A,20260709,0.7,0.7,0.68,0.68,803500
ADVANC13C2609A,20260709,0.17,0.19,0.17,0.18,7315100
ADVANC13C2610A,20260709,0.44,0.46,0.43,0.45,22168200
ADVANC13C2701T,20260709,0.37,0.38,0.37,0.37,2970300
ADVANC13P2611A,20260709,0.41,0.43,0.4,0.41,3399400
ADVANC19C2609A,20260709,0.13,0.14,0.13,0.14,15471800
ADVANC19C2611A,20260709,0.48,0.51,0.48,0.49,12488700
ADVANC41C2610A,20260709,0.42,0.44,0.41,0.43,10623400
ADVANC41C2701T,20260709,0.29,0.3,0.29,0.29,6750200
AEONTS13C2612A,20260709,0.44,0.5,0.41,0.5,4092300
AMATA01C2608A,20260709,0.91,1.13,0.91,1.13,107700
AMATA01C2610A,20260709,0.74,0.77,0.74,0.77,1000
AMATA01C2612A,20260709,0.14,0.15,0.14,0.15,1342300
AMATA01C2706T,20260709,0.34,0.36,0.34,0.36,1406100
AMATA01P2610A,20260709,0.21,0.21,0.19,0.19,2037700
AMATA13C2610A,20260709,0.69,0.69,0.69,0.69,300
AMATA13C2611A,20260709,0.17,0.2,0.17,0.2,2546000
AMATA13P2610A,20260709,0.19,0.19,0.15,0.15,1424400
AMATA19C2610B,20260709,0.17,0.2,0.17,0.2,3407300
AMATA41C2608T,20260709,0.14,0.14,0.14,0.14,8000
AMATA41C2611A,20260709,0.16,0.17,0.16,0.17,1440000
AMATA41C2702T,20260709,0.18,0.19,0.18,0.19,200000
AOT01C2609A,20260709,0.43,0.44,0.43,0.43,3173700
AOT01C2612A,20260709,0.37,0.37,0.36,0.36,4624900
AOT01C2705T,20260709,0.47,0.48,0.47,0.48,200
AOT01P2612A,20260709,0.45,0.46,0.45,0.45,725600
AOT13C2608A,20260709,0.16,0.18,0.16,0.17,10735100
AOT13C2609A,20260709,0.54,0.54,0.54,0.54,100
AOT13C2611A,20260709,0.42,0.43,0.42,0.42,9178700
AOT13C2704T,20260709,0.37,0.37,0.37,0.37,2602600
AOT13P2611A,20260709,0.33,0.33,0.32,0.32,1611900
AOT19C2611A,20260709,0.48,0.49,0.48,0.49,5610000
AOT41C2608A,20260709,0.17,0.17,0.17,0.17,1500000
AOT41C2609A,20260709,0.52,0.52,0.52,0.52,300000
AOT41C2609T,20260709,0.66,0.68,0.66,0.66,12720100
AOT41C2611A,20260709,0.4,0.42,0.4,0.4,5280700
AOT41C2706T,20260709,0.41,0.41,0.4,0.4,5900000
AWC01C2701A,20260709,0.18,0.19,0.18,0.19,753700
AWC01C2703T,20260709,0.31,0.32,0.31,0.32,200100
AWC01P2701A,20260709,0.48,0.48,0.45,0.45,681100
AWC13C2611A,20260709,0.27,0.3,0.27,0.3,3156800
AWC13C2704T,20260709,0.2,0.21,0.2,0.21,3169800
AWC41C2609T,20260709,0.19,0.19,0.19,0.19,1800000
AWC41C2611A,20260709,0.26,0.27,0.26,0.27,930100
AWC41C2706T,20260709,0.23,0.24,0.23,0.24,2100000
BA01C2611A,20260709,0.39,0.45,0.39,0.45,3681800
BA01C2612A,20260709,0.26,0.29,0.26,0.29,2420200
BA01C2706T,20260709,0.33,0.36,0.33,0.35,1562400
BA01P2612A,20260709,0.41,0.41,0.36,0.36,2105300
BA13C2608A,20260709,0.31,0.31,0.29,0.29,200000
BA13C2611A,20260709,0.35,0.41,0.34,0.41,13356000
BA13P2611A,20260709,0.35,0.36,0.31,0.31,5174900
BA19C2609A,20260709,0.51,0.51,0.51,0.51,1000
BA19C2611A,20260709,0.35,0.39,0.34,0.39,4647300
BA41C2608A,20260709,0.24,0.31,0.24,0.31,1203000
BA41C2611T,20260709,0.28,0.31,0.27,0.31,12502200
BABA28C2609A,20260709,0.05,0.07,0.03,0.07,102000
BABA28C2610A,20260709,0.17,0.17,0.16,0.16,1269900
BABA28C2612A,20260709,0.56,0.56,0.54,0.54,12100
BABA41C2610A,20260709,0.19,0.19,0.17,0.17,7500
BABA41C2612A,20260709,0.13,0.15,0.11,0.14,28700
BABA41C2701T,20260709,0.35,0.35,0.32,0.32,40100
BABA41P2609A,20260709,0.37,0.4,0.37,0.4,5200
BABA41P2612A,20260709,0.26,0.27,0.26,0.27,1000
BAM01C2608A,20260709,0.02,0.02,0.02,0.02,1000
BAM13C2610A,20260709,0.15,0.17,0.15,0.16,2156200
BAM19C2612T,20260709,0.16,0.17,0.16,0.17,481500
BAM41C2612T,20260709,0.22,0.23,0.22,0.23,1300100
BANPU13C2608A,20260709,0.01,0.02,0.01,0.02,33100
BANPU13C2609A,20260709,0.07,0.07,0.07,0.07,200000
BANPU13C2701T,20260709,0.18,0.18,0.18,0.18,20000
BANPU13P2609A,20260709,0.1,0.1,0.09,0.09,225400
BANPU41C2609A,20260709,0.05,0.05,0.05,0.05,300000
BBL13C2608A,20260709,0.54,0.54,0.54,0.54,400
BBL13C2611A,20260709,0.73,0.74,0.72,0.73,600000
BBL13C2612A,20260709,0.55,0.64,0.55,0.64,23250300
BBL13C2704T,20260709,0.52,0.58,0.52,0.58,7134600
BBL13P2611A,20260709,0.35,0.35,0.32,0.32,4452900
BBL19C2612T,20260709,0.85,0.9,0.85,0.89,188200
BBL41C2609T,20260709,0.77,0.84,0.77,0.84,1800000
BBL41C2612A,20260709,0.53,0.6,0.53,0.6,15043200
BBL41C2706T,20260709,0.52,0.56,0.52,0.56,14400400
BCH13C2610A,20260709,0.26,0.3,0.26,0.3,1748000
BCH13C2612A,20260709,0.16,0.17,0.16,0.17,102300
BCP01C2610A,20260709,0.14,0.14,0.13,0.13,473000
BCP13C2611A,20260709,0.27,0.27,0.26,0.27,2642300
BCP13C2704T,20260709,0.26,0.27,0.26,0.27,1358500
BCP41C2611A,20260709,0.23,0.24,0.23,0.23,2020000
BCP41C2706T,20260709,0.29,0.29,0.29,0.29,900000
BCPG01C2611A,20260709,0.3,0.31,0.3,0.31,1850800
BCPG13C2610A,20260709,0.15,0.16,0.15,0.16,3278400
BCPG13C2611A,20260709,0.31,0.34,0.31,0.34,5841200
BCPG19C2609A,20260709,0.15,0.16,0.15,0.16,1150300
BCPG41C2610A,20260709,0.13,0.14,0.13,0.14,1920000
BCPG41C2612T,20260709,0.14,0.14,0.14,0.14,600000
BDMS01C2609A,20260709,0.12,0.12,0.12,0.12,400000
BDMS01C2611A,20260709,0.28,0.3,0.26,0.29,1777600
BDMS01P2612A,20260709,0.31,0.31,0.29,0.3,1389000
BDMS13C2610A,20260709,0.25,0.26,0.25,0.26,1389100
BDMS13C2701T,20260709,0.19,0.19,0.18,0.19,1163300
BDMS13P2612A,20260709,0.34,0.34,0.33,0.33,701400
BDMS19C2611A,20260709,0.31,0.32,0.31,0.32,518200
BDMS19C2701A,20260709,0.27,0.27,0.27,0.27,222200
BDMS41C2609T,20260709,0.01,0.02,0.01,0.02,600
BDMS41C2610A,20260709,0.23,0.24,0.23,0.24,7458000
BDMS41C2612T,20260709,0.15,0.15,0.15,0.15,498400
BEM01C2612A,20260709,0.19,0.2,0.19,0.2,664400
BEM13C2611A,20260709,0.23,0.24,0.23,0.23,1240000
BEM19C2611A,20260709,0.18,0.18,0.18,0.18,1000
BGRIM01C2608A,20260709,0.28,0.39,0.28,0.38,3790800
BGRIM01C2609A,20260709,0.75,0.9,0.72,0.9,5405200
BGRIM01C2612A,20260709,0.44,0.52,0.43,0.51,8535400
BGRIM01C2706T,20260709,0.45,0.49,0.45,0.49,4837000
BGRIM01P2612A,20260709,0.16,0.17,0.13,0.13,7308400
BGRIM13C2611A,20260709,0.68,0.8,0.66,0.78,487600
BGRIM13C2611B,20260709,0.45,0.53,0.41,0.52,37335900
BGRIM13C2704T,20260709,0.36,0.41,0.34,0.4,13792300
BGRIM13P2611A,20260709,0.12,0.13,0.1,0.1,5098400
BGRIM19C2611A,20260709,0.51,0.6,0.47,0.59,8769100
BGRIM41C2608T,20260709,0.48,0.57,0.44,0.56,13645300
BGRIM41C2611A,20260709,0.64,0.78,0.62,0.77,3716000
BGRIM41C2701T,20260709,0.75,0.85,0.74,0.85,2374000
BGRIM41C2706T,20260709,0.38,0.43,0.37,0.43,12363100
BH01C2608A,20260709,0.02,0.02,0.02,0.02,100
BH01C2609A,20260709,0.39,0.41,0.39,0.4,1703100
BH01C2609B,20260709,0.47,0.5,0.47,0.47,2399700
BH01C2705T,20260709,0.59,0.6,0.59,0.59,524800
BH01P2611A,20260709,0.36,0.36,0.35,0.35,1068800
BH01P2612A,20260709,0.82,0.82,0.81,0.81,682900
BH13C2608B,20260709,0.06,0.06,0.06,0.06,700000
BH13C2610A,20260709,0.51,0.52,0.49,0.52,5993900
BH13P2611A,20260709,0.37,0.37,0.37,0.37,857600
BH19C2608A,20260709,0.06,0.06,0.06,0.06,1041400
BH19C2610A,20260709,0.48,0.5,0.48,0.48,1607400
BH41C2610A,20260709,0.49,0.5,0.48,0.5,9600000
BH41C2611T,20260709,0.58,0.59,0.58,0.59,2480200
BIDU28C2610A,20260709,0.18,0.18,0.17,0.17,1014000
BIDU41C2609T,20260709,0.85,0.85,0.83,0.84,82200
BIDU41C2610A,20260709,0.48,0.48,0.44,0.46,28100
BIDU41P2612A,20260709,0.26,0.27,0.26,0.27,1100
BILIBI41C2610A,20260709,0.15,0.15,0.14,0.14,150700
BJC13C2610A,20260709,0.18,0.19,0.18,0.18,948400
BJC19C2612T,20260709,0.25,0.26,0.25,0.26,2404800
BJC41C2610A,20260709,0.16,0.16,0.16,0.16,2243000
BLA01C2609A,20260709,0.81,0.93,0.81,0.89,612900
BLA01C2612A,20260709,0.16,0.19,0.16,0.18,2647400
BLA01P2612A,20260709,0.24,0.24,0.22,0.23,2573800
BLA13C2608A,20260709,0.71,0.75,0.71,0.75,46000
BLA13C2610A,20260709,0.57,0.58,0.57,0.58,200
BLA13C2611A,20260709,0.2,0.23,0.2,0.22,6164700
BLA13P2611A,20260709,0.24,0.24,0.21,0.21,800500
BLA19C2611A,20260709,0.25,0.28,0.25,0.27,710800
BLA41C2702T,20260709,0.51,0.55,0.51,0.54,5644600
BTG01C2609A,20260709,0.11,0.12,0.11,0.12,2169400
BTG01C2611A,20260709,0.39,0.42,0.39,0.41,2921900
BTG01P2609A,20260709,0.35,0.35,0.33,0.33,1111100
BTG01P2611A,20260709,0.35,0.35,0.32,0.32,2196900
BTG13C2609A,20260709,0.07,0.08,0.07,0.08,5100
BTG13C2609B,20260709,0.03,0.03,0.03,0.03,100
BTG13C2610A,20260709,0.26,0.28,0.26,0.28,5864100
BTG13P2609A,20260709,0.26,0.26,0.24,0.24,1444400
BTG19C2611A,20260709,0.35,0.38,0.35,0.37,3097100
BTG41C2703T,20260709,0.23,0.23,0.23,0.23,600000
BTS01C2612A,20260709,0.15,0.15,0.15,0.15,1056400
BTS01C2706T,20260709,0.23,0.23,0.23,0.23,200000
BTS13C2608A,20260709,0.01,0.01,0.01,0.01,500000
BTS13C2609A,20260709,0.06,0.07,0.06,0.07,341100
BTS13C2611A,20260709,0.17,0.2,0.17,0.19,7816600
BTS13C2701T,20260709,0.08,0.08,0.08,0.08,118600
BTS19C2612A,20260709,0.23,0.24,0.23,0.24,1141600
BTS41C2611A,20260709,0.15,0.16,0.15,0.16,3190000
BYDCOM41C2612A,20260709,0.66,0.67,0.64,0.64,4000
CATHAY41C2610A,20260709,0.31,0.33,0.31,0.32,600
CATL41C2612A,20260709,0.35,0.37,0.33,0.36,17000
CBG01C2609A,20260709,0.35,0.42,0.35,0.42,2560500
CBG01C2610T,20260709,0.16,0.16,0.16,0.16,457200
CBG01C2611A,20260709,0.54,0.61,0.54,0.61,2986500
CBG01C2612A,20260709,0.36,0.39,0.36,0.39,4085200
CBG01P2612A,20260709,0.5,0.5,0.44,0.44,1172400
CBG13C2608A,20260709,0.14,0.17,0.14,0.17,6742200
CBG13C2608B,20260709,0.26,0.3,0.26,0.3,400
CBG13C2612A,20260709,0.35,0.41,0.35,0.41,11427400
CBG13P2611A,20260709,0.3,0.3,0.27,0.27,1971300
CBG19C2611A,20260709,0.55,0.56,0.55,0.56,31200
CBG19C2611B,20260709,0.37,0.43,0.37,0.43,4263900
CBG41C2608A,20260709,0.13,0.17,0.13,0.17,2500000
CBG41C2612A,20260709,0.33,0.38,0.33,0.38,5700100
CBG41C2703T,20260709,0.44,0.48,0.44,0.48,15200100
CCET13C2608A,20260709,1.46,1.53,1.46,1.53,20100
CCET13C2609A,20260709,0.85,0.94,0.82,0.93,338800
CCET13C2609B,20260709,0.52,0.6,0.49,0.6,255800
CCET13C2610A,20260709,0.3,0.35,0.3,0.35,17591000
CCET13C2610B,20260709,0.18,0.21,0.17,0.21,6191100
CCET13C2611A,20260709,0.1,0.12,0.1,0.11,7927100
CCET19C2610A,20260709,0.34,0.4,0.33,0.4,5420400
CCET19C2610B,20260709,0.22,0.26,0.22,0.26,13571300
CCET19C2611A,20260709,0.1,0.11,0.1,0.11,5009900
CCET41C2609T,20260709,0.28,0.31,0.28,0.31,2393400
CCET41C2701T,20260709,0.38,0.4,0.38,0.4,2100400
CCET41C2702T,20260709,0.33,0.35,0.33,0.35,3800400
CENTEL01C2609A,20260709,0.16,0.17,0.16,0.17,1995300
CENTEL01C2706T,20260709,0.26,0.26,0.26,0.26,426400
CENTEL13C2608B,20260709,0.11,0.14,0.11,0.14,2684900
CENTEL13C2611A,20260709,0.27,0.31,0.27,0.3,5730600
CENTEL19C2610A,20260709,0.28,0.33,0.28,0.32,2995200
CENTEL41C2611A,20260709,0.25,0.29,0.25,0.29,3199200
CENTEL41C2701T,20260709,0.28,0.3,0.28,0.3,5300000
CHG01C2612A,20260709,0.3,0.31,0.3,0.31,926400
CHG13C2610A,20260709,0.31,0.34,0.31,0.33,1746600
CK01C2608A,20260709,0.3,0.38,0.29,0.38,1736000
CK01C2611A,20260709,0.28,0.34,0.28,0.34,3063400
CK01C2705T,20260709,0.38,0.41,0.38,0.41,369800
CK01P2611A,20260709,0.56,0.56,0.48,0.48,3516300
CK13C2608A,20260709,0.06,0.09,0.06,0.09,403100
CK13C2610A,20260709,0.34,0.43,0.34,0.43,5556700
CK13C2704T,20260709,0.18,0.19,0.18,0.19,400200
CK13P2611A,20260709,0.48,0.48,0.42,0.42,237000
CK19C2609A,20260709,0.23,0.29,0.23,0.29,2336700
CK41C2610A,20260709,0.32,0.4,0.32,0.4,3480100
COM701C2610A,20260709,0.15,0.16,0.15,0.16,3688600
COM701C2705T,20260709,0.52,0.53,0.52,0.53,4604900
COM713C2610A,20260709,0.66,0.66,0.66,0.66,900
COM713C2610B,20260709,0.21,0.23,0.21,0.23,7976200
COM719C2610A,20260709,0.23,0.25,0.23,0.25,5993000
COM741C2609T,20260709,0.54,0.54,0.52,0.52,450200
COM741C2703T,20260709,0.21,0.22,0.21,0.22,450000
CPALL01C2608A,20260709,0.01,0.01,0.01,0.01,49000
CPALL01C2610A,20260709,0.19,0.19,0.18,0.19,1572200
CPALL01C2703T,20260709,0.26,0.26,0.26,0.26,554800
CPALL01P2612A,20260709,0.29,0.29,0.28,0.28,475200
CPALL13C2609A,20260709,0.16,0.18,0.16,0.18,2643800
CPALL13C2612A,20260709,0.26,0.27,0.26,0.27,2625600
CPALL13C2701T,20260709,0.24,0.25,0.24,0.25,1375700
CPALL13P2610A,20260709,0.14,0.14,0.13,0.13,1526000
CPALL19C2611A,20260709,0.28,0.3,0.28,0.3,1624600
CPALL19C2612A,20260709,0.1,0.1,0.1,0.1,302500
CPALL41C2609A,20260709,0.15,0.16,0.15,0.16,1480000
CPALL41C2612T,20260709,0.15,0.16,0.15,0.16,963000
CPF01C2609A,20260709,0.2,0.23,0.2,0.23,3265800
CPF01C2611T,20260709,0.17,0.17,0.17,0.17,818200
CPF01C2612A,20260709,0.5,0.54,0.49,0.54,6067700
CPF01C2706T,20260709,0.4,0.41,0.4,0.41,1170300
CPF01P2612A,20260709,0.17,0.17,0.16,0.16,1431200
CPF13C2609A,20260709,0.21,0.25,0.21,0.25,8130200
CPF13C2611A,20260709,0.54,0.58,0.51,0.58,124500
CPF13C2612A,20260709,0.37,0.41,0.37,0.41,8685100
CPF19C2701T,20260709,0.51,0.56,0.51,0.56,4272400
CPF41C2611A,20260709,0.49,0.53,0.48,0.53,6600000
CPN01C2608A,20260709,0.08,0.08,0.08,0.08,13300
CPN01C2611A,20260709,0.31,0.34,0.31,0.34,4848200
CPN01C2706T,20260709,0.39,0.4,0.39,0.4,981600
CPN01P2706T,20260709,0.55,0.55,0.54,0.54,533500
CPN13C2608A,20260709,0.1,0.11,0.1,0.11,2689700
CPN13C2611A,20260709,0.38,0.41,0.38,0.4,7222500
CPN19C2609T,20260709,0.29,0.32,0.29,0.31,5854200
CPN41C2608T,20260709,0.43,0.44,0.43,0.44,600000
CPN41C2611A,20260709,0.34,0.37,0.34,0.36,6360000
CPN41C2703T,20260709,0.33,0.34,0.33,0.34,6935000
CRC01C2609A,20260709,0.18,0.22,0.18,0.21,3806700
CRC01C2609B,20260709,0.54,0.64,0.54,0.64,2096200
CRC01C2610T,20260709,0.35,0.4,0.35,0.4,1660000
CRC01C2611A,20260709,0.39,0.46,0.39,0.45,6467600
CRC01C2706T,20260709,0.24,0.24,0.24,0.24,166600
CRC01P2611A,20260709,0.36,0.36,0.34,0.34,820200
CRC13C2608A,20260709,0.45,0.49,0.45,0.49,2600
CRC13C2610A,20260709,0.43,0.51,0.43,0.5,3191700
CRC13C2611A,20260709,0.33,0.38,0.33,0.37,2656400
CRC13P2611A,20260709,0.56,0.56,0.51,0.51,2698800
CRC19C2612A,20260709,0.5,0.56,0.5,0.55,4522900
CRC41C2609T,20260709,0.26,0.3,0.26,0.3,10600000
CRC41C2610A,20260709,0.41,0.49,0.41,0.49,2250000
CRC41C2611A,20260709,0.3,0.35,0.3,0.35,6900000
DELTA01C2608A,20260709,0.24,0.26,0.21,0.24,4992000
DELTA01C2609A,20260709,0.34,0.37,0.32,0.36,6128800
DELTA01C2610A,20260709,0.28,0.3,0.26,0.29,4231000
DELTA01C2611A,20260709,0.78,0.81,0.75,0.79,4354700
DELTA01C2705T,20260709,0.51,0.53,0.5,0.52,1412600
DELTA01P2608A,20260709,0.03,0.06,0.03,0.06,87100
DELTA01P2609A,20260709,0.22,0.23,0.21,0.21,4022700
DELTA01P2610A,20260709,0.62,0.63,0.59,0.6,3045700
DELTA13C2608A,20260709,0.1,0.11,0.09,0.1,24170800
DELTA13C2609A,20260709,0.11,0.12,0.11,0.11,6046400
DELTA13C2609B,20260709,0.23,0.25,0.22,0.24,7581700
DELTA13C2610A,20260709,0.19,0.2,0.18,0.2,10448900
DELTA13C2611A,20260709,0.59,0.62,0.57,0.61,22363800
DELTA13P2608A,20260709,0.04,0.04,0.03,0.03,141100
DELTA13P2609A,20260709,0.31,0.31,0.28,0.28,5426400
DELTA13P2610A,20260709,0.8,0.82,0.78,0.78,13410100
DELTA19C2608A,20260709,0.29,0.32,0.28,0.31,1449500
DELTA19C2609A,20260709,0.17,0.18,0.15,0.17,4645300
DELTA19C2611A,20260709,0.42,0.43,0.4,0.43,3761100
DELTA19P2609A,20260709,0.16,0.16,0.15,0.15,1091400
DELTA19P2610A,20260709,0.49,0.5,0.47,0.47,1015200
DELTA19P2610B,20260709,0.63,0.65,0.61,0.61,2561600
DELTA41C2608A,20260709,0.1,0.1,0.1,0.1,85000
DELTA41C2608T,20260709,2.14,2.18,2.14,2.18,1000000
DELTA41C2609A,20260709,0.1,0.1,0.1,0.1,2100000
DELTA41C2609B,20260709,0.21,0.23,0.21,0.23,5877100
DELTA41C2610A,20260709,0.18,0.19,0.18,0.19,4570200
DELTA41C2611A,20260709,0.59,0.6,0.56,0.6,15595100
DELTA41C2612T,20260709,1.41,1.42,1.36,1.41,2231000
DELTA41C2702T,20260709,0.3,0.31,0.29,0.31,5405400
DELTA41C2703T,20260709,0.85,0.89,0.85,0.89,12533300
DELTA41P2609A,20260709,0.29,0.3,0.28,0.28,1600000
DELTA41P2610A,20260709,0.77,0.79,0.76,0.76,3613000
DJI41C2609A,20260709,0.59,0.59,0.58,0.59,195000
DJI41P2609A,20260709,0.19,0.2,0.19,0.2,250400
DOHOME01C2608A,20260709,0.04,0.04,0.04,0.04,100
DOHOME01C2610A,20260709,0.32,0.34,0.32,0.34,4552500
DOHOME13C2610A,20260709,0.36,0.4,0.36,0.4,3267200
DOHOME19C2701T,20260709,0.45,0.48,0.45,0.48,1807900
EA13C2608A,20260709,0.03,0.04,0.03,0.04,3487200
EA13C2610A,20260709,0.18,0.21,0.18,0.2,7443200
EA13C2610B,20260709,0.11,0.12,0.11,0.12,3584300
EA13P2611A,20260709,0.72,0.72,0.68,0.68,4179400
EA19C2609A,20260709,0.13,0.16,0.13,0.14,2634700
EA19C2610A,20260709,0.12,0.13,0.12,0.13,1103000
EA19C2611A,20260709,0.28,0.31,0.28,0.31,2869900
EA19P2611A,20260709,0.76,0.76,0.72,0.73,1856100
EA41C2609T,20260709,0.16,0.16,0.16,0.16,2200000
EA41C2610B,20260709,0.1,0.11,0.1,0.11,2550000
EA41C2706T,20260709,0.31,0.32,0.31,0.32,2400000
EGCO13C2610A,20260709,0.26,0.31,0.26,0.31,4746900
EGCO41C2612T,20260709,0.26,0.28,0.26,0.28,8401000
ERW01C2610A,20260709,0.32,0.34,0.31,0.33,2782300
ERW01C2611T,20260709,0.31,0.32,0.31,0.32,1146200
ERW01C2706T,20260709,0.28,0.28,0.28,0.28,544000
ERW13C2608A,20260709,0.05,0.05,0.05,0.05,100
ERW13C2610A,20260709,0.22,0.23,0.21,0.23,6708600
ERW19C2609A,20260709,0.21,0.24,0.21,0.24,5649000
ERW41C2610A,20260709,0.19,0.21,0.19,0.21,4800000
ERW41C2611T,20260709,0.47,0.5,0.47,0.49,2202000
ERW41C2706T,20260709,0.3,0.31,0.3,0.31,5300000
GEELY41C2612A,20260709,0.46,0.49,0.46,0.49,2800
GFPT01C2705T,20260709,0.28,0.28,0.28,0.28,176800
GFPT13C2611A,20260709,0.38,0.41,0.38,0.41,1588300
GLOBAL01C2611A,20260709,0.2,0.22,0.2,0.21,2102000
GLOBAL01C2707T,20260709,0.27,0.27,0.27,0.27,550400
GLOBAL13C2608A,20260709,0.03,0.03,0.03,0.03,563500
GLOBAL13C2608B,20260709,0.13,0.17,0.13,0.17,613200
GLOBAL13C2610A,20260709,0.17,0.19,0.16,0.19,5534400
GLOBAL13C2611A,20260709,0.38,0.42,0.37,0.42,6487500
GLOBAL19C2611A,20260709,0.37,0.41,0.35,0.41,5217300
GLOBAL41C2612T,20260709,0.37,0.39,0.36,0.39,19500000
GPSC01C2608A,20260709,0.07,0.07,0.07,0.07,200
GPSC01C2609A,20260709,0.33,0.42,0.31,0.39,6814200
GPSC01C2609T,20260709,0.19,0.24,0.19,0.24,4391800
GPSC01C2611A,20260709,0.49,0.57,0.47,0.56,5599800
GPSC01C2707T,20260709,0.34,0.37,0.34,0.37,1542200
GPSC01P2611A,20260709,0.17,0.17,0.14,0.14,1925000
GPSC01P2612A,20260709,0.59,0.59,0.51,0.52,4155000
GPSC13C2608A,20260709,0.07,0.11,0.07,0.1,4627100
GPSC13C2611A,20260709,0.48,0.58,0.47,0.56,13101700
GPSC13C2701T,20260709,0.34,0.39,0.33,0.38,9043600
GPSC13P2611A,20260709,0.23,0.23,0.2,0.2,3950200
GPSC19C2608A,20260709,0.1,0.13,0.1,0.12,1851800
GPSC19C2608B,20260709,0.65,0.65,0.65,0.65,100
GPSC19C2611A,20260709,0.42,0.49,0.4,0.48,3930500
GPSC41C2608B,20260709,0.41,0.51,0.41,0.49,1200000
GPSC41C2611A,20260709,0.47,0.54,0.45,0.53,8912400
GPSC41C2703T,20260709,0.46,0.51,0.45,0.51,13780200
GULF01C2608A,20260709,0.46,0.48,0.46,0.48,117800
GULF01C2608B,20260709,0.13,0.16,0.13,0.16,1056700
GULF01C2609A,20260709,0.18,0.21,0.18,0.2,1800800
GULF01C2611A,20260709,0.21,0.23,0.21,0.23,1095600
GULF01C2612A,20260709,0.43,0.46,0.42,0.45,3072100
GULF01C2702T,20260709,0.56,0.58,0.55,0.57,1803400
GULF01P2608A,20260709,0.02,0.02,0.02,0.02,300
GULF01P2609A,20260709,0.06,0.06,0.06,0.06,2300
GULF01P2610A,20260709,0.39,0.4,0.36,0.36,1546500
GULF13C2608A,20260709,0.18,0.2,0.16,0.2,2556700
GULF13C2609A,20260709,0.14,0.15,0.14,0.15,12878100
GULF13C2611A,20260709,0.35,0.38,0.34,0.38,25566900
GULF13C2704T,20260709,0.31,0.33,0.31,0.33,5761000
GULF13P2610A,20260709,0.17,0.17,0.15,0.15,3084100
GULF13P2611A,20260709,0.52,0.52,0.49,0.49,10040600
GULF19C2610A,20260709,0.23,0.25,0.23,0.24,4853100
GULF19C2611A,20260709,0.2,0.22,0.2,0.22,3376700
GULF19P2611A,20260709,0.51,0.51,0.48,0.48,1433800
GULF41C2608A,20260709,0.16,0.19,0.16,0.19,940000
GULF41C2609A,20260709,0.12,0.14,0.12,0.14,2799000
GULF41C2609T,20260709,0.35,0.36,0.35,0.36,5400300
GULF41C2611A,20260709,0.3,0.33,0.3,0.33,2048100
GULF41C2706T,20260709,0.35,0.35,0.35,0.35,1510000
GULF41P2611A,20260709,0.31,0.31,0.28,0.28,29100
GUNKUL01C2608A,20260709,2.2,2.2,2.08,2.2,66400
GUNKUL01C2610A,20260709,1.38,1.47,1.35,1.4,495500
GUNKUL01C2610B,20260709,0.88,0.94,0.84,0.88,4717600
GUNKUL01C2611A,20260709,0.69,0.73,0.66,0.7,8508400
GUNKUL01C2704T,20260709,0.81,0.84,0.8,0.82,3326000
GUNKUL01P2611A,20260709,0.19,0.19,0.18,0.18,3450500
GUNKUL13C2608B,20260709,1.48,1.48,1.48,1.48,13000
GUNKUL13C2610A,20260709,0.98,1.06,0.96,1.03,1507200
GUNKUL13C2611A,20260709,0.68,0.73,0.64,0.7,39622400
GUNKUL13C2612A,20260709,0.54,0.56,0.5,0.54,39834600
GUNKUL13P2610A,20260709,0.16,0.17,0.15,0.15,10631800
GUNKUL19C2610B,20260709,0.75,0.76,0.7,0.76,286800
GUNKUL41C2610A,20260709,0.97,1.04,0.94,1.01,3300000
GUNKUL41C2611A,20260709,0.63,0.68,0.6,0.65,14234300
GUNKUL41C2702T,20260709,0.95,0.98,0.92,0.95,9801000
GUNKUL41C2706T,20260709,0.6,0.62,0.58,0.61,13131600
HANA01C2608A,20260709,2.48,2.74,2.48,2.74,56800
HANA01C2609A,20260709,0.35,0.43,0.35,0.41,773800
HANA01C2610A,20260709,0.24,0.3,0.24,0.28,5869800
HANA01C2705T,20260709,0.25,0.27,0.25,0.26,1047300
HANA01P2610A,20260709,0.25,0.25,0.22,0.22,1544500
HANA01P2611A,20260709,0.4,0.4,0.36,0.36,1334100
HANA13C2608A,20260709,1.44,1.72,1.44,1.72,1300
HANA13C2608C,20260709,0.28,0.38,0.28,0.34,296200
HANA13C2609A,20260709,0.25,0.32,0.25,0.3,6955100
HANA13C2609B,20260709,0.12,0.16,0.12,0.15,4622700
HANA13C2610A,20260709,0.16,0.21,0.16,0.19,14396400
HANA13C2611A,20260709,0.32,0.39,0.32,0.37,15873500
HANA13C2701T,20260709,1.22,1.22,1.22,1.22,100
HANA13C2703T,20260709,0.3,0.34,0.29,0.33,4490500
HANA13P2609A,20260709,0.11,0.11,0.09,0.1,1625700
HANA13P2611A,20260709,0.42,0.42,0.38,0.39,3180100
HANA19C2608A,20260709,1.47,1.52,1.47,1.52,1000
HANA19C2609A,20260709,0.37,0.45,0.37,0.45,72900
HANA19C2609B,20260709,0.19,0.24,0.19,0.23,19172700
HANA19C2612A,20260709,0.3,0.35,0.3,0.35,3436600
HANA19P2609A,20260709,0.09,0.09,0.08,0.08,1200000
HANA41C2609B,20260709,0.12,0.15,0.12,0.15,3600000
HANA41C2610A,20260709,0.16,0.19,0.16,0.19,4820200
HANA41C2611A,20260709,0.31,0.36,0.31,0.36,1972800
HANA41C2612T,20260709,0.94,1.01,0.91,1.01,400900
HANA41C2702T,20260709,0.46,0.48,0.46,0.46,1420100
HANA41C2703T,20260709,0.28,0.3,0.27,0.3,2668600
HANA41C2706T,20260709,0.33,0.36,0.32,0.36,5071300
HMPRO01C2609A,20260709,0.11,0.12,0.11,0.12,1615200
HMPRO13C2609A,20260709,0.1,0.11,0.1,0.11,4222200
HMPRO13C2612A,20260709,0.22,0.25,0.22,0.24,10865200
HMPRO19C2609A,20260709,0.12,0.15,0.12,0.14,1232300
HMPRO19C2612A,20260709,0.25,0.27,0.25,0.26,1691400
HMPRO41C2609A,20260709,0.1,0.1,0.1,0.1,240000
HSCEI18C2609A,20260709,0.22,0.22,0.2,0.2,1810000
HSCEI18P2609A,20260709,0.54,0.54,0.54,0.54,200
HSI18C2608A,20260709,0.07,0.07,0.07,0.07,900
HSI18C2609A,20260709,0.19,0.19,0.19,0.19,100
HSI18C2610A,20260709,0.63,0.63,0.63,0.63,1100
HSI18P2608A,20260709,0.96,0.98,0.96,0.96,1400
HSI18P2610A,20260709,0.45,0.45,0.44,0.44,30100
HSI28C2607A,20260709,0.01,0.01,0.01,0.01,2700
HSI28C2607C,20260709,0.1,0.1,0.08,0.08,1862300
HSI28C2608A,20260709,0.11,0.11,0.1,0.1,1237800
HSI28C2608B,20260709,0.22,0.22,0.2,0.2,1503100
HSI28C2608C,20260709,0.29,0.29,0.25,0.25,25875200
HSI28C2608D,20260709,0.48,0.48,0.41,0.41,42778000
HSI28C2608E,20260709,0.76,0.77,0.68,0.68,24865200
HSI28C2609A,20260709,0.13,0.13,0.11,0.12,898900
HSI28C2609B,20260709,0.55,0.55,0.5,0.5,36840200
HSI28C2609C,20260709,0.28,0.28,0.25,0.25,1183400
HSI28C2609D,20260709,1.15,1.16,1.11,1.11,26000
HSI28C2609E,20260709,1.72,1.72,1.72,1.72,400
HSI28C2610A,20260709,0.34,0.35,0.33,0.33,2882900
HSI28C2610B,20260709,0.59,0.59,0.54,0.56,5940600
HSI28C2610C,20260709,1.3,1.3,1.25,1.25,700
HSI28P2607A,20260709,0.1,0.12,0.1,0.12,4331900
HSI28P2607B,20260709,0.35,0.42,0.35,0.41,26300700
HSI28P2608A,20260709,0.38,0.43,0.38,0.42,25895300
HSI28P2608C,20260709,0.2,0.22,0.2,0.21,253300
HSI28P2609A,20260709,0.48,0.52,0.48,0.51,23517300
HSI28P2609B,20260709,0.25,0.26,0.24,0.26,3778600
HSI28P2610A,20260709,0.49,0.5,0.49,0.5,15100
HSTECH18C2609A,20260709,0.35,0.35,0.35,0.35,300
HSTECH18P2609A,20260709,0.62,0.62,0.6,0.61,400
HSTECH18P2610A,20260709,0.64,0.64,0.64,0.64,200
HSTECH28C2609A,20260709,0.3,0.31,0.28,0.3,1180900
HSTECH28P2609A,20260709,0.52,0.52,0.52,0.52,2000000
HUAHON41C2612A,20260709,1.11,1.16,1.02,1.14,428100
ICHI01C2608A,20260709,0.04,0.04,0.04,0.04,10300
ICHI13C2609A,20260709,0.1,0.12,0.1,0.11,846600
ICHI19C2609T,20260709,0.14,0.15,0.14,0.15,67600
IRPC01C2609A,20260709,0.35,0.35,0.31,0.31,3396400
IRPC01C2609B,20260709,0.17,0.17,0.14,0.14,1328200
IRPC01C2610A,20260709,0.08,0.08,0.08,0.08,410000
IRPC01C2703T,20260709,0.14,0.14,0.13,0.13,14200
IRPC01P2610A,20260709,0.22,0.23,0.22,0.23,1035200
IRPC13C2608B,20260709,0.11,0.11,0.09,0.09,9053200
IRPC13C2609A,20260709,0.16,0.16,0.14,0.14,4400000
IRPC13C2609B,20260709,0.07,0.08,0.07,0.08,12000
IRPC13C2611A,20260709,0.49,0.49,0.44,0.44,40253700
IRPC13C2701T,20260709,0.64,0.64,0.64,0.64,2000
IRPC13P2610A,20260709,0.19,0.2,0.19,0.19,1104000
IRPC19C2609T,20260709,0.49,0.49,0.49,0.49,700
IRPC41C2609A,20260709,0.13,0.13,0.13,0.13,1920000
IRPC41C2703T,20260709,0.68,0.69,0.68,0.69,200000
ITC19C2609T,20260709,0.14,0.16,0.14,0.16,1132000
ITC41C2612T,20260709,0.18,0.18,0.18,0.18,101200
IVL01C2608A,20260709,0.01,0.01,0.01,0.01,1573300
IVL01C2609A,20260709,0.41,0.41,0.38,0.4,2876800
IVL01C2610A,20260709,0.26,0.26,0.25,0.26,1832700
IVL01C2706T,20260709,0.25,0.25,0.24,0.25,1658900
IVL01P2609A,20260709,0.1,0.1,0.1,0.1,400000
IVL01P2610A,20260709,0.28,0.28,0.27,0.27,1260000
IVL01P2612A,20260709,0.45,0.45,0.44,0.44,1420800
IVL13C2608A,20260709,0.11,0.12,0.1,0.11,1052600
IVL13C2609A,20260709,0.17,0.17,0.16,0.16,4618400
IVL13C2611A,20260709,0.47,0.47,0.44,0.47,7947200
IVL13P2611A,20260709,0.53,0.55,0.53,0.53,2669500
IVL19C2609A,20260709,0.06,0.07,0.06,0.07,17700
IVL19C2610A,20260709,0.27,0.27,0.27,0.27,1130000
IVL19C2611A,20260709,0.5,0.5,0.46,0.48,4938200
IVL19P2608A,20260709,0.06,0.06,0.06,0.06,2400000
IVL41C2608A,20260709,0.11,0.11,0.11,0.11,900000
IVL41C2609A,20260709,0.15,0.15,0.15,0.15,2400000
IVL41C2611A,20260709,0.43,0.44,0.43,0.44,3540000
IVL41C2702T,20260709,0.34,0.34,0.33,0.34,11380000
JAS13C2609A,20260709,0.08,0.08,0.08,0.08,311500
JAS13C2611A,20260709,0.14,0.15,0.14,0.15,607700
JAS13C2701A,20260709,0.28,0.29,0.28,0.28,880700
JAS19C2611A,20260709,0.17,0.17,0.17,0.17,175800
JAS19C2701T,20260709,0.24,0.24,0.24,0.24,174600
JAS41C2611T,20260709,0.06,0.06,0.06,0.06,100
JD41C2612A,20260709,0.31,0.31,0.31,0.31,400
JMART01C2608A,20260709,0.15,0.36,0.15,0.35,12758300
JMART01C2610A,20260709,0.6,0.93,0.6,0.93,2903600
JMART01C2611A,20260709,0.11,0.18,0.11,0.18,8007900
JMART01C2705T,20260709,0.46,0.57,0.45,0.57,6908800
JMART01C2709T,20260709,0.33,0.4,0.33,0.4,4944800
JMART13C2608A,20260709,0.15,0.33,0.15,0.33,22530100
JMART13C2609A,20260709,0.8,1.02,0.8,1.02,220500
JMART13C2610A,20260709,0.44,0.7,0.43,0.7,22715700
JMART13C2611A,20260709,0.17,0.26,0.17,0.26,11638500
JMART13C2701A,20260709,0.52,0.76,0.52,0.76,12242100
JMART13C2704T,20260709,0.29,0.38,0.28,0.38,6422400
JMART19C2609A,20260709,0.85,0.85,0.85,0.85,600
JMART19C2612A,20260709,0.49,0.71,0.49,0.71,3718200
JMART19C2703T,20260709,0.4,0.5,0.4,0.5,1737000
JMART41C2609T,20260709,0.2,0.28,0.2,0.28,17654800
JMART41C2611A,20260709,0.15,0.22,0.15,0.22,4140000
JMART41C2703T,20260709,0.49,0.61,0.49,0.61,16228500
JMART41C2706T,20260709,0.33,0.4,0.33,0.4,14518000
JMT01C2608A,20260709,0.05,0.06,0.05,0.06,1311000
JMT01C2610A,20260709,0.2,0.25,0.2,0.24,3805000
JMT01C2611A,20260709,0.17,0.21,0.17,0.21,4799000
JMT01C2701T,20260709,0.43,0.48,0.43,0.48,3917300
JMT13C2608A,20260709,0.09,0.12,0.09,0.12,1293800
JMT13C2610A,20260709,0.23,0.29,0.22,0.29,16946300
JMT13C2701T,20260709,0.35,0.39,0.35,0.39,569900
JMT19C2608A,20260709,0.07,0.11,0.07,0.11,10153500
JMT19C2611A,20260709,0.23,0.3,0.23,0.3,7347700
JMT41C2610A,20260709,0.21,0.28,0.2,0.27,6692800
JMT41C2611T,20260709,0.13,0.16,0.12,0.16,3022600
JMT41C2703T,20260709,0.66,0.7,0.66,0.7,2100000
KBANK01C2608A,20260709,0.19,0.19,0.18,0.19,2658500
KBANK01C2609A,20260709,1.45,1.45,1.45,1.45,235900
KBANK01C2611A,20260709,0.38,0.39,0.38,0.39,3142500
KBANK01C2612A,20260709,0.32,0.32,0.32,0.32,2818600
KBANK01C2702T,20260709,0.4,0.4,0.39,0.39,50200
KBANK01P2610A,20260709,0.11,0.11,0.11,0.11,21000
KBANK01P2612A,20260709,0.38,0.38,0.36,0.36,2267900
KBANK13C2610A,20260709,0.45,0.47,0.45,0.47,300000
KBANK13C2612A,20260709,0.33,0.35,0.32,0.34,18079700
KBANK13C2704T,20260709,0.37,0.37,0.36,0.37,2365700
KBANK13P2611A,20260709,0.27,0.27,0.26,0.26,3010300
KBANK19C2608A,20260709,0.14,0.16,0.14,0.15,2239500
KBANK19C2611A,20260709,0.29,0.3,0.29,0.3,9678700
KBANK41C2610A,20260709,0.42,0.43,0.42,0.43,300000
KBANK41C2612A,20260709,0.3,0.32,0.3,0.32,3660000
KBANK41C2703T,20260709,0.69,0.71,0.69,0.71,9538900
KCE01C2610A,20260709,0.33,0.44,0.32,0.44,5958300
KCE01C2612A,20260709,0.27,0.33,0.27,0.33,6203800
KCE01C2705T,20260709,0.34,0.38,0.33,0.38,1239200
KCE13C2608A,20260709,1.55,1.9,1.55,1.9,11100
KCE13C2609A,20260709,0.66,0.78,0.66,0.78,330100
KCE13C2609B,20260709,0.36,0.49,0.36,0.49,2556000
KCE13C2610A,20260709,0.26,0.35,0.26,0.35,16976200
KCE13C2703T,20260709,0.38,0.45,0.38,0.45,3852600
KCE13P2609A,20260709,0.03,0.04,0.03,0.03,450100
KCE13P2610A,20260709,0.19,0.19,0.14,0.15,3698700
KCE19C2609B,20260709,0.41,0.55,0.41,0.55,151900
KCE19C2610A,20260709,0.32,0.43,0.31,0.43,2458000
KCE19C2611A,20260709,0.26,0.34,0.25,0.34,2029000
KCE19P2610A,20260709,0.17,0.17,0.14,0.14,465900
KCE41C2609A,20260709,0.61,0.73,0.61,0.73,1500000
KCE41C2609B,20260709,0.35,0.46,0.35,0.46,3600100
KCE41C2609T,20260709,1.99,1.99,1.99,1.99,100
KCE41C2610A,20260709,0.25,0.34,0.25,0.34,5880000
KCE41C2702T,20260709,0.43,0.51,0.43,0.51,11329600
KKP01C2610A,20260709,1.28,1.37,1.28,1.34,312400
KKP01C2612A,20260709,1.02,1.09,1.02,1.09,346100
KKP01C2701A,20260709,0.43,0.43,0.41,0.42,2271400
KKP01P2612A,20260709,0.36,0.37,0.36,0.36,900200
KKP13C2609A,20260709,1.05,1.11,1.05,1.11,105600
KKP13C2610A,20260709,0.76,0.8,0.72,0.8,80500
KKP13C2611A,20260709,0.41,0.43,0.37,0.42,14149400
KKP13P2611A,20260709,0.33,0.36,0.32,0.32,2716300
KKP19C2701T,20260709,0.5,0.51,0.46,0.51,4569800
KQ15018C2609A,20260709,0.5,0.5,0.23,0.23,20000
KQ15018C2609B,20260709,0.32,0.36,0.32,0.35,31100
KQ15018C2609C,20260709,0.06,0.06,0.06,0.06,100100
KQ15018P2609A,20260709,2.22,2.28,2.22,2.26,700
KQ15018P2609B,20260709,2.92,2.98,2.86,2.86,700
KS20018C2609A,20260709,0.74,0.89,0.71,0.89,99000
KS20018C2609B,20260709,1.29,1.29,1.29,1.29,10000
KS20018C2609C,20260709,0.31,0.39,0.29,0.39,902200
KS20018C2610A,20260709,0.33,0.37,0.32,0.37,151900
KS20018P2609A,20260709,0.8,0.81,0.64,0.65,219800
KS20018P2609B,20260709,1.21,1.28,1.13,1.13,16000
KS20018P2610A,20260709,1.61,1.61,1.5,1.5,30500
KTB01C2608A,20260709,0.4,0.46,0.4,0.46,747400
KTB01C2611A,20260709,0.28,0.32,0.28,0.32,2687100
KTB01C2701T,20260709,0.49,0.52,0.49,0.52,5803300
KTB01P2612A,20260709,0.15,0.15,0.14,0.14,532400
KTB13C2608A,20260709,0.22,0.26,0.22,0.26,6900
KTB13C2611A,20260709,0.3,0.36,0.3,0.36,5234200
KTB13C2612A,20260709,0.24,0.28,0.24,0.28,8415500
KTB13P2611A,20260709,0.14,0.14,0.12,0.12,431200
KTB19C2701T,20260709,0.39,0.44,0.39,0.44,4484500
KTB41C2608A,20260709,0.2,0.24,0.2,0.24,900000
KTB41C2612T,20260709,0.68,0.72,0.68,0.72,1905000
KTB41C2702T,20260709,0.28,0.3,0.28,0.3,5500000
KTB41P2608A,20260709,0.02,0.02,0.02,0.02,900
KTC01C2608A,20260709,0.11,0.11,0.09,0.1,746200
KTC01C2609T,20260709,0.28,0.28,0.27,0.27,959200
KTC01C2612A,20260709,0.41,0.41,0.4,0.4,360300
KTC13C2608A,20260709,0.11,0.11,0.11,0.11,997000
KTC13C2610A,20260709,0.44,0.46,0.42,0.44,1105300
KTC13C2612A,20260709,0.39,0.39,0.37,0.38,6853800
KTC13C2701T,20260709,0.46,0.46,0.43,0.43,8300
KTC13C2704T,20260709,0.33,0.33,0.32,0.32,967600
KTC19C2609T,20260709,0.32,0.32,0.31,0.32,6826100
KTC41C2608A,20260709,0.11,0.11,0.1,0.1,750000
KTC41C2609T,20260709,0.3,0.3,0.3,0.3,2400000
KTC41C2610A,20260709,0.43,0.43,0.41,0.41,900000
KTC41C2612A,20260709,0.36,0.36,0.35,0.36,1560000
KTC41C2612T,20260709,0.42,0.42,0.41,0.42,4100000
KTC41C2706T,20260709,0.39,0.4,0.38,0.39,6739900
KUAISH28C2610A,20260709,0.2,0.21,0.2,0.2,3050000
KUAISH41C2609T,20260709,0.1,0.1,0.1,0.1,51000
KUAISH41P2612A,20260709,0.29,0.3,0.29,0.3,200
LENOVO41C2610A,20260709,2.88,2.88,2.86,2.86,200
LENOVO41C2612A,20260709,0.33,0.36,0.33,0.36,600
M01C2611A,20260709,0.31,0.33,0.31,0.33,662700
M01C2705T,20260709,0.42,0.43,0.42,0.43,368000
M13C2608B,20260709,0.12,0.14,0.12,0.14,453000
M13C2610A,20260709,0.21,0.24,0.21,0.24,535600
M19C2610A,20260709,0.25,0.28,0.25,0.28,590500
M41C2612T,20260709,0.22,0.22,0.22,0.22,30000
MCA5041C2609A,20260709,0.16,0.23,0.15,0.22,246500
MEGA01C2702T,20260709,0.22,0.22,0.22,0.22,381900
MEITUA28C2609A,20260709,0.24,0.24,0.22,0.22,2844000
MEITUA28C2612A,20260709,0.7,0.7,0.66,0.67,3640000
MEITUA41C2612A,20260709,0.73,0.73,0.69,0.7,2800
MINT01C2609A,20260709,0.21,0.22,0.2,0.22,5874600
MINT01C2612A,20260709,0.4,0.43,0.4,0.43,5123500
MINT01C2706T,20260709,0.25,0.25,0.25,0.25,130000
MINT01P2609A,20260709,0.11,0.11,0.11,0.11,2381500
MINT01P2612A,20260709,0.46,0.46,0.45,0.45,845000
MINT13C2608A,20260709,0.07,0.08,0.07,0.08,2005900
MINT13C2608B,20260709,0.11,0.12,0.11,0.12,1591700
MINT13C2609A,20260709,0.35,0.39,0.34,0.38,16274700
MINT13C2611A,20260709,0.15,0.15,0.14,0.15,6104800
MINT13C2704T,20260709,0.16,0.17,0.15,0.16,5489700
MINT13P2610A,20260709,0.18,0.18,0.17,0.17,1349000
MINT19C2610A,20260709,0.34,0.37,0.33,0.37,13105700
MINT19C2611A,20260709,0.14,0.15,0.14,0.15,7429900
MINT41C2611A,20260709,0.12,0.13,0.12,0.13,1780000
MRDIYT01C2612A,20260709,0.17,0.18,0.17,0.17,376600
MRDIYT13C2612A,20260709,0.19,0.2,0.19,0.2,1069800
MTC01C2610A,20260709,0.18,0.21,0.18,0.2,6395600
MTC01C2706T,20260709,0.26,0.27,0.26,0.27,1742100
MTC01P2610A,20260709,0.1,0.1,0.1,0.1,786400
MTC01P2612A,20260709,0.4,0.4,0.39,0.39,1799800
MTC13C2608A,20260709,0.08,0.1,0.07,0.09,5173400
MTC13C2610A,20260709,0.27,0.3,0.26,0.29,15352000
MTC13C2612A,20260709,0.21,0.22,0.19,0.21,22336300
MTC13P2610A,20260709,0.11,0.11,0.1,0.1,3321200
MTC19C2608A,20260709,0.06,0.07,0.06,0.07,1935000
MTC19C2610A,20260709,0.25,0.28,0.24,0.27,4188100
MTC19C2611A,20260709,0.2,0.22,0.2,0.22,17072300
MTC41C2608A,20260709,0.07,0.08,0.07,0.08,260000
MTC41C2610A,20260709,0.26,0.28,0.25,0.28,5371000
MTC41C2611T,20260709,0.05,0.07,0.05,0.07,6100
MTC41C2612T,20260709,0.22,0.24,0.21,0.23,3927000
NDX28C2609A,20260709,1.54,1.54,1.54,1.54,3600
NDX28C2609B,20260709,0.57,0.64,0.56,0.61,1606300
NDX28P2609A,20260709,0.39,0.4,0.36,0.36,204700
NDX28P2609B,20260709,0.61,0.61,0.61,0.61,300
NDX41C2609A,20260709,0.68,0.77,0.68,0.74,2210200
NDX41C2609B,20260709,0.18,0.22,0.18,0.21,121200
NDX41P2609A,20260709,0.45,0.45,0.42,0.42,323900
NDX41P2609B,20260709,0.91,0.91,0.87,0.87,170100
NIKKEI18C2609A,20260709,0.95,0.99,0.93,0.94,732700
NIKKEI18C2609B,20260709,0.56,0.58,0.56,0.56,223200
NIKKEI18C2609C,20260709,0.4,0.42,0.4,0.4,252500
NIKKEI18P2609A,20260709,0.2,0.21,0.2,0.2,2718300
NIKKEI18P2609B,20260709,0.38,0.39,0.36,0.37,4624200
NIKKEI28C2609B,20260709,1.53,1.59,1.51,1.53,4190800
NIKKEI28C2609C,20260709,1.08,1.08,1.06,1.06,200
NIKKEI28C2609D,20260709,0.68,0.71,0.66,0.67,2142800
NIKKEI28C2612A,20260709,0.37,0.39,0.37,0.38,71600
NIKKEI28C2612B,20260709,0.61,0.62,0.59,0.6,553800
NIKKEI28C2612C,20260709,0.94,0.97,0.92,0.94,29000
NIKKEI28C2612D,20260709,1.42,1.45,1.39,1.4,122700
NIKKEI28P2609A,20260709,0.64,0.66,0.63,0.66,1327900
NIKKEI28P2609B,20260709,0.45,0.45,0.43,0.44,55000
NIKKEI28P2609C,20260709,0.28,0.28,0.27,0.27,2600
NIKKEI28P2609D,20260709,0.19,0.19,0.19,0.19,50000
NIKKEI28P2612C,20260709,0.81,0.81,0.79,0.8,18500
NIKKEI28P2612D,20260709,0.52,0.52,0.49,0.49,20000
NIKKEI41C2609C,20260709,1.44,1.48,1.41,1.43,48600
NIKKEI41C2612A,20260709,1.18,1.18,1.16,1.18,700
NIKKEI41C2612B,20260709,0.85,0.86,0.82,0.83,424000
NIKKEI41C2612C,20260709,0.58,0.58,0.57,0.58,343400
NIKKEI41P2609A,20260709,0.22,0.23,0.22,0.23,400
NIKKEI41P2609B,20260709,0.16,0.16,0.16,0.16,100
NIKKEI41P2609C,20260709,0.14,0.14,0.14,0.14,20100
NIKKEI41P2612A,20260709,0.81,0.81,0.81,0.81,300
NIKKEI41P2612B,20260709,1.05,1.05,1.05,1.05,3400
OR01C2608A,20260709,0.02,0.02,0.02,0.02,100
OR01C2609A,20260709,0.13,0.13,0.13,0.13,1698200
OR01C2705T,20260709,0.2,0.2,0.2,0.2,100
OR13C2608A,20260709,0.01,0.01,0.01,0.01,110000
OR13C2608B,20260709,0.05,0.05,0.05,0.05,812600
OR13C2611A,20260709,0.23,0.24,0.23,0.24,4028200
OR19C2608A,20260709,0.06,0.06,0.06,0.06,2200000
OR19C2611A,20260709,0.23,0.24,0.23,0.24,4390000
OSP01C2609A,20260709,0.31,0.32,0.31,0.32,2737900
OSP01C2612A,20260709,0.28,0.28,0.28,0.28,1924800
OSP13C2608A,20260709,0.13,0.15,0.13,0.15,3430900
OSP13C2610A,20260709,0.41,0.44,0.41,0.44,500
OSP13C2611A,20260709,0.25,0.28,0.25,0.27,2984700
OSP41C2701T,20260709,0.36,0.37,0.36,0.37,3300000
PLANB13C2608A,20260709,0.1,0.16,0.1,0.15,3232200
PLANB13C2608B,20260709,0.03,0.03,0.03,0.03,1000
PLANB13C2610A,20260709,0.58,0.73,0.57,0.72,8132600
PLANB13C2612A,20260709,0.23,0.28,0.23,0.28,4469900
PLANB19C2608A,20260709,0.6,0.62,0.6,0.62,96000
PLANB19C2611A,20260709,0.53,0.66,0.53,0.66,6322100
PLANB41C2608A,20260709,0.16,0.16,0.16,0.16,150000
PLANB41C2610A,20260709,0.56,0.72,0.56,0.69,11281500
PLANB41C2612T,20260709,0.2,0.23,0.2,0.23,1594400
POPMAR28C2610A,20260709,0.18,0.18,0.17,0.17,1100100
POPMAR41C2609T,20260709,0.21,0.21,0.2,0.2,30200
POPMAR41C2610A,20260709,0.23,0.23,0.22,0.22,30200
PR913C2610A,20260709,0.24,0.28,0.24,0.28,5831500
PR941C2702T,20260709,0.31,0.31,0.31,0.31,1800000
PRM01C2609A,20260709,0.28,0.31,0.28,0.3,1972900
PRM01C2702T,20260709,0.39,0.4,0.39,0.4,825900
PRM13C2608A,20260709,0.15,0.17,0.15,0.17,2919500
PRM19C2701T,20260709,0.48,0.51,0.48,0.51,1009200
PTG01C2611A,20260709,0.15,0.16,0.15,0.15,533700
PTG01C2704T,20260709,0.19,0.19,0.19,0.19,200000
PTG13C2610A,20260709,0.15,0.16,0.15,0.15,998200
PTG13C2612A,20260709,0.32,0.34,0.31,0.33,2197200
PTG41C2701T,20260709,0.17,0.18,0.17,0.18,1200000
PTT01C2611A,20260709,0.11,0.11,0.11,0.11,1500
PTT13C2609A,20260709,0.11,0.12,0.11,0.12,3335100
PTT13C2612A,20260709,0.2,0.2,0.19,0.2,3203500
PTT13C2701T,20260709,0.27,0.27,0.27,0.27,300
PTT19C2701T,20260709,0.22,0.22,0.21,0.22,1892000
PTTEP01C2608A,20260709,0.06,0.06,0.05,0.06,403100
PTTEP01C2609A,20260709,0.05,0.05,0.05,0.05,100
PTTEP01C2611A,20260709,0.31,0.31,0.27,0.28,5777800
PTTEP01C2612A,20260709,0.57,0.57,0.51,0.52,4693000
PTTEP01C2703T,20260709,0.36,0.37,0.34,0.35,407400
PTTEP01P2608A,20260709,0.09,0.1,0.08,0.1,1610200
PTTEP01P2610A,20260709,0.58,0.62,0.58,0.61,3401000
PTTEP01P2612A,20260709,0.57,0.59,0.57,0.58,4284300
PTTEP01P2703T,20260709,0.47,0.48,0.47,0.48,988200
PTTEP13C2608A,20260709,0.11,0.11,0.1,0.1,6822500
PTTEP13C2608C,20260709,0.02,0.02,0.02,0.02,100
PTTEP13C2611A,20260709,0.32,0.32,0.28,0.3,20829100
PTTEP13C2611B,20260709,0.53,0.53,0.47,0.5,31223100
PTTEP13P2609A,20260709,0.33,0.38,0.33,0.35,5368200
PTTEP19C2701T,20260709,0.35,0.35,0.32,0.33,9541500
PTTEP41C2609T,20260709,0.7,0.74,0.7,0.71,4295000
PTTEP41C2611A,20260709,0.27,0.29,0.27,0.27,3970000
PTTEP41C2611B,20260709,0.45,0.49,0.45,0.46,8000000
PTTEP41C2703T,20260709,0.3,0.31,0.29,0.3,6094200
PTTGC01C2609A,20260709,0.05,0.06,0.05,0.06,10500
PTTGC01C2611A,20260709,0.21,0.21,0.19,0.2,2854800
PTTGC01C2704T,20260709,0.22,0.22,0.21,0.22,600000
PTTGC01P2610A,20260709,0.3,0.31,0.3,0.3,3853400
PTTGC13C2608A,20260709,0.08,0.09,0.08,0.09,1592200
PTTGC13C2609A,20260709,0.09,0.09,0.08,0.08,1873400
PTTGC13C2611A,20260709,0.26,0.26,0.23,0.25,15651500
PTTGC13C2704T,20260709,0.28,0.28,0.27,0.28,5415600
PTTGC13P2610A,20260709,0.29,0.32,0.29,0.29,3967100
PTTGC13P2611A,20260709,0.25,0.27,0.25,0.25,585200
PTTGC19C2608A,20260709,0.19,0.21,0.18,0.21,1534300
PTTGC19C2609A,20260709,0.1,0.1,0.09,0.1,5085700
PTTGC19C2611A,20260709,0.23,0.24,0.22,0.24,4932400
PTTGC41C2611A,20260709,0.23,0.23,0.21,0.23,6036600
PTTGC41C2611T,20260709,0.25,0.25,0.24,0.25,3900000
PTTGC41C2612T,20260709,0.52,0.53,0.52,0.53,6400000
PTTGC41C2702T,20260709,0.2,0.2,0.2,0.2,3903800
RATCH13C2612A,20260709,0.26,0.29,0.25,0.29,5101300
RCL01C2608A,20260709,0.09,0.09,0.09,0.09,1337200
RCL01C2610T,20260709,0.34,0.35,0.34,0.35,876000
RCL01C2612A,20260709,0.21,0.22,0.21,0.22,1800000
RCL13C2610A,20260709,0.24,0.25,0.24,0.25,1345000
RCL19C2609A,20260709,0.11,0.11,0.11,0.11,22300
RCL19C2611A,20260709,0.27,0.28,0.27,0.28,1356900
RCL41C2608T,20260709,0.6,0.6,0.6,0.6,250000
RCL41C2610A,20260709,0.21,0.22,0.21,0.22,1180000
RCL41C2612T,20260709,0.24,0.25,0.24,0.25,900000
SAWAD01C2609A,20260709,0.06,0.06,0.06,0.06,14600
SAWAD01C2609B,20260709,0.15,0.18,0.15,0.17,796500
SAWAD01C2611A,20260709,0.43,0.48,0.43,0.47,4669700
SAWAD01P2611A,20260709,0.37,0.37,0.33,0.33,1385000
SAWAD13C2609A,20260709,0.14,0.18,0.14,0.18,12485500
SAWAD13C2610A,20260709,0.38,0.45,0.37,0.45,8672500
SAWAD13P2608A,20260709,0.01,0.01,0.01,0.01,5000
SAWAD13P2611A,20260709,0.44,0.44,0.4,0.4,4198700
SAWAD19C2610A,20260709,0.28,0.33,0.28,0.33,3004800
SAWAD19C2611A,20260709,0.61,0.68,0.6,0.68,10247000
SAWAD41C2609A,20260709,0.14,0.16,0.14,0.16,7427100
SAWAD41C2610A,20260709,0.36,0.42,0.36,0.41,8400000
SAWAD41C2610T,20260709,0.18,0.2,0.18,0.2,950000
SAWAD41P2608A,20260709,0.01,0.02,0.01,0.02,5100
SCB01C2608A,20260709,0.12,0.13,0.11,0.13,761900
SCB01C2610A,20260709,0.53,0.58,0.53,0.56,908900
SCB01C2612A,20260709,0.44,0.46,0.44,0.46,3636200
SCB01C2703T,20260709,0.41,0.42,0.41,0.42,200000
SCB01P2612A,20260709,0.5,0.5,0.48,0.48,375900
SCB13C2609A,20260709,0.37,0.42,0.36,0.42,2277800
SCB13C2612A,20260709,0.43,0.46,0.42,0.46,13730600
SCB13P2611A,20260709,0.29,0.29,0.27,0.27,1751500
SCB19C2612T,20260709,0.53,0.58,0.52,0.58,2892800
SCB41C2609A,20260709,0.36,0.38,0.36,0.38,1529900
SCB41C2609T,20260709,0.74,0.77,0.73,0.77,5550300
SCB41C2612A,20260709,0.4,0.43,0.4,0.43,1442500
SCC01C2609A,20260709,1.16,1.29,1.16,1.29,268300
SCC01C2609B,20260709,0.41,0.45,0.39,0.43,1139400
SCC01C2610A,20260709,0.38,0.41,0.36,0.4,1862600
SCC01C2704T,20260709,0.47,0.48,0.46,0.48,963100
SCC01P2610A,20260709,0.2,0.2,0.18,0.18,686500
SCC13C2609A,20260709,0.17,0.19,0.17,0.19,4161400
SCC13C2612A,20260709,0.42,0.45,0.41,0.45,8044100
SCC13P2612A,20260709,0.59,0.6,0.57,0.57,2223900
SCC19C2610A,20260709,0.28,0.33,0.28,0.32,4736400
SCC41C2609A,20260709,0.16,0.17,0.16,0.17,720000
SCC41C2611T,20260709,0.26,0.26,0.26,0.26,900000
SCGP01C2608A,20260709,0.8,0.84,0.75,0.84,266600
SCGP01C2609A,20260709,1.35,1.45,1.35,1.45,179400
SCGP01C2610A,20260709,0.17,0.19,0.16,0.19,2340100
SCGP01C2706T,20260709,0.47,0.49,0.46,0.49,1980200
SCGP01P2610A,20260709,0.12,0.12,0.11,0.11,623200
SCGP01P2612A,20260709,0.4,0.4,0.39,0.39,410000
SCGP13C2609A,20260709,0.14,0.17,0.13,0.16,9095500
SCGP13C2704T,20260709,0.19,0.21,0.19,0.21,3340700
SCGP13P2611A,20260709,0.33,0.33,0.29,0.3,965700
SCGP19C2610A,20260709,0.23,0.27,0.23,0.26,2834200
SCGP41C2609A,20260709,0.13,0.14,0.12,0.14,900000
SCGP41C2706T,20260709,0.29,0.3,0.28,0.3,4100000
SET01C2608A,20260709,0.59,0.73,0.59,0.72,227500
SET01C2610A,20260709,0.72,0.85,0.72,0.84,1886700
SET01C2611A,20260709,0.44,0.53,0.44,0.52,2153200
SET01C2703T,20260709,0.88,0.94,0.88,0.94,58000
SET01C2706L,20260709,2.12,2.16,2.1,2.16,21700
SET01P2608A,20260709,0.02,0.02,0.02,0.02,46500
SET01P2610A,20260709,0.22,0.22,0.18,0.19,1131000
SET01P2611A,20260709,0.45,0.46,0.39,0.4,1830600
SET01P2612A,20260709,1.01,1.02,0.9,0.91,5339300
SET01P2706L,20260709,1.23,1.23,1.21,1.21,14600
SET5001C2608A,20260709,0.53,0.62,0.52,0.62,3017500
SET5001C2609F,20260709,0.85,0.94,0.82,0.94,1747800
SET5001C2609G,20260709,0.39,0.46,0.39,0.46,3264500
SET5001P2608A,20260709,0.02,0.02,0.02,0.02,891700
SET5001P2609F,20260709,0.14,0.15,0.12,0.12,873500
SET5001P2609G,20260709,0.3,0.3,0.26,0.26,1659600
SET5001P2609H,20260709,0.48,0.48,0.47,0.47,1125300
SET5001P2610A,20260709,0.29,0.31,0.26,0.26,4607200
SET5013C2609A,20260709,0.85,0.98,0.82,0.94,132624500
SET5013C2609B,20260709,0.58,0.67,0.56,0.65,444946700
SET5013C2609C,20260709,0.39,0.46,0.37,0.44,282797900
SET5013C2609D,20260709,1.32,1.52,1.27,1.47,18226500
SET5013C2609E,20260709,0.35,0.41,0.34,0.39,183921800
SET5013P2609A,20260709,0.12,0.13,0.1,0.1,19236300
SET5013P2609B,20260709,0.17,0.17,0.14,0.14,7043700
SET5013P2609C,20260709,0.26,0.27,0.23,0.23,169433600
SET5013P2609D,20260709,0.4,0.42,0.35,0.36,209049100
SET5013P2609E,20260709,0.54,0.56,0.48,0.48,315824200
SET5013P2609F,20260709,0.82,0.85,0.73,0.74,353060200
SET5013P2609G,20260709,1.12,1.17,1,1.03,99872700
SET5013P2609X,20260709,2.14,2.14,2.12,2.12,31500
SET5019C2609A,20260709,0.61,0.71,0.58,0.7,19257600
SET5019C2609B,20260709,0.46,0.55,0.44,0.53,28722000
SET5019C2609C,20260709,0.49,0.59,0.47,0.56,35424500
SET5019P2609A,20260709,0.34,0.34,0.29,0.3,24721500
SET5019P2609B,20260709,0.21,0.22,0.19,0.19,30105100
SET5019P2609C,20260709,0.32,0.34,0.28,0.29,11690300
SET5019P2609D,20260709,0.5,0.52,0.44,0.44,24327900
SET5019P2609E,20260709,0.5,0.52,0.44,0.44,23286400
SET5019P2609F,20260709,0.77,0.79,0.68,0.69,14091700
SET5041C2609A,20260709,0.82,0.95,0.79,0.91,794900
SET5041C2609B,20260709,0.58,0.65,0.54,0.63,12938700
SET5041C2609C,20260709,0.38,0.43,0.36,0.43,9106600
SET5041C2609E,20260709,0.32,0.37,0.32,0.37,2479400
SET5041C2609T,20260709,1.38,1.38,1.38,1.38,102400
SET5041C2609U,20260709,0.36,0.38,0.36,0.38,15400
SET5041P2609C,20260709,0.23,0.23,0.23,0.23,10000
SET5041P2609D,20260709,0.39,0.39,0.34,0.34,18026800
SET5041P2609E,20260709,0.47,0.49,0.43,0.43,48629700
SET5041P2609F,20260709,0.8,0.8,0.71,0.72,46930700
SET5041P2609G,20260709,1.1,1.1,1,1,58500
SISB13C2608A,20260709,0.03,0.03,0.03,0.03,100
SISB13C2610A,20260709,0.12,0.15,0.12,0.15,2415200
SISB13C2611A,20260709,0.55,0.58,0.55,0.57,712400
SISB13C2704T,20260709,0.33,0.38,0.33,0.37,3654600
SISB19C2612A,20260709,0.17,0.21,0.17,0.2,1456400
SJWD13C2608A,20260709,0.09,0.1,0.09,0.1,443500
SJWD13C2704T,20260709,0.29,0.31,0.29,0.31,1841200
SJWD19C2703T,20260709,0.33,0.36,0.33,0.36,1064800
SPRC01C2610A,20260709,0.3,0.32,0.29,0.29,2225100
SPRC01C2703T,20260709,0.3,0.31,0.3,0.3,1628400
SPRC13C2609A,20260709,0.31,0.33,0.29,0.3,4130100
SPRC13C2612A,20260709,0.36,0.37,0.33,0.34,23651300
SPRC13C2704T,20260709,0.37,0.38,0.36,0.37,6077500
SPRC19C2609A,20260709,0.35,0.37,0.32,0.34,1028700
SPRC41C2612T,20260709,0.72,0.72,0.72,0.72,500000
SPRC41C2706T,20260709,0.38,0.39,0.37,0.39,8400000
SPX28C2609B,20260709,0.45,0.45,0.45,0.45,100
SPX41C2609A,20260709,0.53,0.55,0.53,0.55,202000
SPX41P2609A,20260709,0.31,0.32,0.31,0.31,59200
STA01C2609A,20260709,0.16,0.18,0.16,0.16,3668400
STA01C2610A,20260709,0.12,0.12,0.12,0.12,585200
STA13C2608A,20260709,0.22,0.25,0.22,0.23,2355500
STA13C2608B,20260709,0.1,0.1,0.1,0.1,643100
STA13C2610A,20260709,0.15,0.17,0.15,0.15,2630600
STA13C2611A,20260709,0.34,0.37,0.33,0.34,5864600
STA19C2610A,20260709,0.16,0.18,0.16,0.16,1397500
STA19C2612A,20260709,0.54,0.58,0.53,0.55,2117600
STA41C2611A,20260709,0.32,0.35,0.31,0.32,5516600
STA41C2612T,20260709,0.31,0.33,0.31,0.32,7400000
STECON01C2609A,20260709,0.49,0.55,0.49,0.55,1108100
STECON01C2611A,20260709,0.36,0.42,0.36,0.42,11747200
STECON01P2611A,20260709,0.57,0.57,0.53,0.53,2631000
STECON13C2609A,20260709,0.56,0.64,0.56,0.63,72500
STECON13C2610A,20260709,0.36,0.42,0.36,0.42,6349700
STECON13P2611A,20260709,0.53,0.53,0.47,0.47,1804300
STECON19C2611A,20260709,0.41,0.48,0.41,0.48,8285400
STECON41C2610A,20260709,0.33,0.38,0.33,0.38,3340000
STECON41C2706T,20260709,0.22,0.23,0.22,0.23,1200000
STGT01C2608A,20260709,0.17,0.18,0.17,0.17,24500
STGT13C2610A,20260709,0.09,0.1,0.09,0.1,433100
STGT13C2611A,20260709,0.2,0.21,0.2,0.21,505000
STGT19C2609A,20260709,0.17,0.19,0.17,0.19,899200
STGT41C2611A,20260709,0.18,0.19,0.18,0.19,2700000
STGT41C2612T,20260709,0.5,0.52,0.5,0.51,603000
SUNNY41C2610A,20260709,0.11,0.11,0.11,0.11,200
TCAP13C2609A,20260709,0.7,0.7,0.7,0.7,1000000
TCAP13C2612A,20260709,0.57,0.63,0.57,0.59,4175300
TENCEN28C2610A,20260709,0.13,0.13,0.12,0.12,2057600
TENCEN28C2610B,20260709,0.3,0.3,0.28,0.28,1985800
TENCEN41C2610A,20260709,0.26,0.26,0.24,0.24,1900
TENCEN41C2612A,20260709,0.65,0.65,0.59,0.61,405500
TENCEN41P2610A,20260709,0.19,0.21,0.19,0.21,1000
TFG13C2608A,20260709,1.56,1.56,1.56,1.56,1000
TFG13C2609A,20260709,0.5,0.51,0.5,0.51,153700
TFG13C2610A,20260709,0.22,0.22,0.21,0.22,9131500
TFG19C2610A,20260709,0.21,0.21,0.21,0.21,100
TFG41C2610A,20260709,0.2,0.2,0.2,0.2,1280000
TFG41C2701T,20260709,0.76,0.76,0.76,0.76,600000
THAI01C2612A,20260709,0.2,0.2,0.19,0.19,1387200
THAI13C2612A,20260709,0.2,0.2,0.19,0.2,5017800
THAI41C2612A,20260709,0.19,0.19,0.18,0.19,2445000
THCOM01C2612A,20260709,0.21,0.22,0.21,0.22,844900
THCOM13C2612A,20260709,0.26,0.28,0.26,0.28,2945400
TIDLOR01C2609A,20260709,0.47,0.5,0.47,0.5,1450200
TIDLOR01C2610T,20260709,0.17,0.17,0.17,0.17,400200
TIDLOR01C2611A,20260709,0.4,0.41,0.4,0.41,1916700
TIDLOR01C2706T,20260709,0.33,0.33,0.33,0.33,800000
TIDLOR01P2608A,20260709,0.02,0.02,0.02,0.02,100
TIDLOR01P2611A,20260709,0.36,0.36,0.33,0.33,1473800
TIDLOR13C2608A,20260709,0.31,0.31,0.29,0.29,15200
TIDLOR13C2611A,20260709,0.39,0.43,0.38,0.41,5615800
TIDLOR13C2701T,20260709,0.31,0.33,0.31,0.33,1901600
TIDLOR13P2611A,20260709,0.58,0.58,0.55,0.55,2371700
TIDLOR19C2609T,20260709,0.12,0.14,0.12,0.14,2892300
TIDLOR19C2612T,20260709,0.48,0.51,0.48,0.5,6624600
TIDLOR41C2608A,20260709,0.25,0.28,0.25,0.28,2700500
TIDLOR41C2612T,20260709,0.21,0.22,0.21,0.22,3600000
TISCO13C2609A,20260709,0.18,0.2,0.18,0.19,12015200
TISCO13C2704T,20260709,0.3,0.3,0.3,0.3,20200
TLI01C2609A,20260709,0.22,0.23,0.22,0.23,526900
TLI01C2611A,20260709,0.17,0.18,0.17,0.18,656600
TLI13C2609A,20260709,0.24,0.25,0.24,0.25,1460500
TLI13C2612A,20260709,0.25,0.26,0.25,0.26,642200
TLI41C2609A,20260709,0.22,0.22,0.22,0.22,298000
TOA01C2702T,20260709,0.31,0.31,0.31,0.31,631200
TOA13C2611A,20260709,0.45,0.48,0.45,0.48,6663700
TOA19C2701T,20260709,0.46,0.49,0.46,0.49,2761400
TOP01C2608A,20260709,0.04,0.04,0.04,0.04,100000
TOP01C2609A,20260709,0.03,0.03,0.03,0.03,22000
TOP01C2610A,20260709,0.29,0.3,0.26,0.28,4491900
TOP01C2701T,20260709,0.37,0.37,0.36,0.36,1489700
TOP01P2609A,20260709,0.11,0.12,0.11,0.12,800400
TOP01P2701A,20260709,0.63,0.64,0.6,0.63,1868900
TOP13C2608A,20260709,0.03,0.03,0.03,0.03,10000
TOP13C2609A,20260709,0.27,0.28,0.24,0.25,4470300
TOP13C2611A,20260709,0.51,0.52,0.47,0.49,3035200
TOP13C2612A,20260709,0.32,0.36,0.32,0.33,7406400
TOP13P2612A,20260709,0.48,0.51,0.46,0.49,3203200
TOP19C2608A,20260709,0.08,0.09,0.08,0.08,14300
TOP19C2612T,20260709,0.77,0.82,0.77,0.79,1411700
TOP41C2609A,20260709,0.22,0.26,0.22,0.23,5498200
TOP41C2609T,20260709,1.22,1.23,1.19,1.19,1600000
TOP41C2611A,20260709,0.46,0.5,0.46,0.47,1950000
TOP41C2611T,20260709,0.62,0.63,0.6,0.6,1104000
TOP41C2703T,20260709,0.3,0.32,0.3,0.32,9700200
TRUE01C2608A,20260709,0.01,0.02,0.01,0.02,400
TRUE01C2610A,20260709,0.11,0.13,0.11,0.13,70000
TRUE01C2612A,20260709,0.25,0.27,0.25,0.26,1552100
TRUE01C2703T,20260709,0.21,0.21,0.21,0.21,50100
TRUE01P2610A,20260709,0.21,0.21,0.19,0.19,400800
TRUE01P2612A,20260709,0.39,0.39,0.37,0.37,1366400
TRUE13C2610A,20260709,0.12,0.14,0.12,0.13,592100
TRUE13C2611A,20260709,0.27,0.31,0.27,0.3,6379900
TRUE13P2611A,20260709,0.37,0.37,0.35,0.35,546000
TRUE19C2610A,20260709,0.12,0.14,0.12,0.14,812800
TRUE19C2611A,20260709,0.27,0.3,0.27,0.3,801100
TRUE41C2611A,20260709,0.25,0.28,0.25,0.28,600000
TRUE41C2612T,20260709,0.22,0.25,0.22,0.24,7523000
TRUE41C2702T,20260709,0.17,0.17,0.17,0.17,103000
TTB01C2608A,20260709,0.15,0.17,0.15,0.16,1331400
TTB01C2612A,20260709,0.19,0.21,0.19,0.2,4183000
TTB01C2707T,20260709,0.19,0.19,0.19,0.19,526200
TTB13C2608A,20260709,0.1,0.11,0.09,0.1,6793200
TTB13C2609A,20260709,0.32,0.33,0.32,0.33,4100
TTB13C2612A,20260709,0.2,0.24,0.2,0.22,5583300
TU01C2612A,20260709,0.19,0.19,0.19,0.19,2000
TU13C2611A,20260709,0.17,0.18,0.17,0.17,10286500
TU41C2611A,20260709,0.15,0.15,0.15,0.15,1975000
VGI01C2609A,20260709,0.09,0.11,0.09,0.11,3536900
VGI01C2611A,20260709,0.21,0.28,0.21,0.28,5370500
VGI01P2611A,20260709,0.25,0.25,0.22,0.22,1484900
VGI13C2608B,20260709,0.03,0.03,0.03,0.03,94300
VGI13C2609A,20260709,0.11,0.16,0.11,0.16,5675700
VGI13C2610A,20260709,0.12,0.16,0.12,0.16,4662200
VGI13P2611A,20260709,0.35,0.35,0.3,0.3,1903300
VGI19C2609A,20260709,0.09,0.12,0.09,0.12,3290900
VGI19C2610B,20260709,0.16,0.2,0.16,0.2,1281600
VGI19C2610T,20260709,0.03,0.04,0.03,0.03,150500
VGI41C2610A,20260709,0.11,0.15,0.11,0.15,4204000
VGI41C2703T,20260709,0.25,0.28,0.25,0.28,4901000
WHA01C2608A,20260709,0.22,0.27,0.22,0.27,276900
WHA01C2610T,20260709,0.87,0.9,0.87,0.87,80200
WHA01C2705T,20260709,0.32,0.33,0.32,0.33,531800
WHA01P2611A,20260709,0.2,0.2,0.2,0.2,401900
WHA13C2608A,20260709,0.36,0.41,0.36,0.41,500
WHA13C2611A,20260709,0.19,0.2,0.19,0.2,1526400
WHA13P2611A,20260709,0.22,0.22,0.2,0.21,5400
WHA19C2701A,20260709,0.24,0.25,0.24,0.25,1097500
WHA41C2608A,20260709,0.32,0.36,0.32,0.36,600000
WHA41C2608T,20260709,0.33,0.34,0.33,0.34,801000
WHA41C2611A,20260709,0.17,0.18,0.17,0.18,1080000
WHA41C2612T,20260709,0.5,0.51,0.5,0.51,600000
WHA41C2701T,20260709,0.74,0.77,0.74,0.75,1100000
WHA41C2702T,20260709,0.19,0.19,0.18,0.18,400000
WHAUP01C2612A,20260709,0.19,0.29,0.19,0.28,3165600
WHAUP13C2612A,20260709,0.25,0.38,0.25,0.37,6919900
WUXI41C2609A,20260709,0.18,0.18,0.17,0.17,1200
XIAOMI28C2609A,20260709,0.04,0.05,0.03,0.05,33100
XIAOMI28C2612A,20260709,0.36,0.36,0.3,0.3,151000
XIAOMI41C2609T,20260709,0.06,0.06,0.06,0.06,172000
XIAOMI41C2612A,20260709,0.74,0.74,0.64,0.7,52200
ZIJIN41C2610A,20260709,0.11,0.12,0.11,0.12,400
A5-W5-O,20260709,0.07,0.12,0.07,0.12,32
ACC-W2-O,20260709,0.07,0.07,0.07,0.07,6
ASW-W3-O,20260709,0.96,1.12,0.94,1.03,231
BC-W4-O,20260709,0.05,0.05,0.05,0.05,10
BWG-W7-O,20260709,0.02,0.03,0.01,0.02,466
BWG-W8-O,20260709,0.02,0.03,0.02,0.03,1271
CAZ-W1-O,20260709,1.48,1.48,1.45,1.45,2
CHAYO-W4-O,20260709,0.12,0.21,0.12,0.18,321
COMAN-W1-O,20260709,0.05,0.05,0.05,0.05,35
DEMCO-W8-O,20260709,2.04,2.2,1.5,2.14,473
EA-W1-O,20260709,0.62,0.62,0.6,0.6,69
GLORY-W1-O,20260709,0.31,0.31,0.31,0.31,34
ITEL-W6-O,20260709,0.2,0.23,0.19,0.22,714
ITTHI-W1-O,20260709,0.71,0.71,0.7,0.7,40
IVF-W1-O,20260709,0.13,0.17,0.13,0.16,247
JAS-W4-O,20260709,0.16,0.17,0.15,0.15,217
KASET-W1-O,20260709,0.11,0.11,0.11,0.11,60
KUN-W4-O,20260709,0.06,0.06,0.06,0.06,84
MGI-W1-O,20260709,0.03,0.05,0.03,0.05,100
MMM-W1-O,20260709,1.77,1.78,1.75,1.76,64
NOBLE-W3-O,20260709,0.07,0.09,0.07,0.09,249
ORI-W2-O,20260709,0.2,0.23,0.2,0.23,640
PANEL-W1-O,20260709,0.13,0.13,0.12,0.12,75
PANEL-W2-O,20260709,0.17,0.17,0.14,0.15,337
PLANET-W2-O,20260709,0.13,0.15,0.13,0.15,100
PRG-W5-O,20260709,3.4,4,3.4,4,30
SAAM-W3-O,20260709,0.13,0.13,0.13,0.13,50
SAAM-W4-O,20260709,0.13,0.13,0.13,0.13,10
SAMTEL-W2-O,20260709,0.16,0.25,0.16,0.25,181
SGC-W2-O,20260709,0.59,0.59,0.56,0.56,67
SPTX-W8-O,20260709,0.01,0.01,0.01,0.01,75
TCC-W5-O,20260709,0.05,0.14,0.05,0.14,42
TFG-W4-O,20260709,6.15,6.2,6.15,6.2,55
TGE-W2-O,20260709,0.02,0.02,0.02,0.02,50
TL-W2-O,20260709,0.06,0.06,0.06,0.06,198
TNDT-W2-O,20260709,0.01,0.01,0.01,0.01,848
VIBE-W3-O,20260709,0.03,0.03,0.03,0.03,75
VIBHA-W5-O,20260709,0.07,0.07,0.04,0.05,207
XBIO-W7-O,20260709,0.01,0.01,0.01,0.01,1
ZIGA-W2-O,20260709,0.03,0.03,0.02,0.03,163
A5-W4,20260709,0.01,0.01,0.01,0.01,100
A5-W5,20260709,0.11,0.12,0.09,0.1,5029200
ACC-W2,20260709,0.06,0.07,0.06,0.07,459100
ASW-W3,20260709,0.95,1.11,0.94,1,769500
B-W8,20260709,0.01,0.01,0.01,0.01,2500
BC-W4,20260709,0.05,0.05,0.04,0.05,134900
BWG-W7,20260709,0.02,0.03,0.02,0.02,556900
BWG-W8,20260709,0.04,0.04,0.03,0.03,3239000
CAZ-W1,20260709,1.43,1.55,1.43,1.53,4086100
CHASE-W1,20260709,0.18,0.19,0.17,0.17,170700
CHAYO-W4,20260709,0.2,0.22,0.19,0.21,2309000
CIG-W10,20260709,0.35,0.35,0.35,0.35,100
COMAN-W1,20260709,0.05,0.05,0.05,0.05,700
CWT-W8,20260709,0.17,0.18,0.17,0.18,3262200
DEMCO-W8,20260709,1.92,2.14,1.92,2.12,3127800
EA-W1,20260709,0.63,0.64,0.62,0.64,7059300
EMPIRE-W1,20260709,0.01,0.02,0.01,0.02,587600
EMPIRE-W2,20260709,0.06,0.06,0.05,0.06,150300
GLORY-W1,20260709,0.32,0.34,0.3,0.31,490800
HYDRO-W2,20260709,0.05,0.05,0.05,0.05,335100
IROYAL-W1,20260709,1.12,1.16,1.11,1.15,9500
IROYAL-W2,20260709,0.68,0.75,0.68,0.7,199700
ITEL-W6,20260709,0.2,0.24,0.2,0.23,19614400
ITTHI-W1,20260709,0.72,0.72,0.69,0.7,664100
IVF-W1,20260709,0.19,0.19,0.18,0.18,914000
JAS-W4,20260709,0.16,0.17,0.15,0.16,18924000
KASET-W1,20260709,0.1,0.11,0.1,0.1,619800
KUN-W4,20260709,0.08,0.08,0.07,0.08,145700
MGI-W1,20260709,0.05,0.06,0.04,0.04,2096900
MMM-W1,20260709,1.75,1.84,1.75,1.77,528700
NOBLE-W3,20260709,0.09,0.1,0.08,0.1,647700
NRF-W2,20260709,0.04,0.05,0.04,0.05,151000
ORI-W2,20260709,0.22,0.25,0.22,0.25,1472400
PANEL-W1,20260709,0.15,0.15,0.14,0.14,417900
PANEL-W2,20260709,0.17,0.18,0.16,0.18,83300
PEER-W2,20260709,0.01,0.01,0.01,0.01,100
PLANET-W2,20260709,0.14,0.18,0.14,0.18,7200
PLANET-W3,20260709,0.2,0.2,0.17,0.17,3200
PPPM-W6,20260709,0.02,0.02,0.02,0.02,1500
PRG-W4,20260709,4.38,4.38,4.38,4.38,100
PRG-W5,20260709,4.2,4.2,4.2,4.2,900
PROEN-W2,20260709,0.07,0.09,0.07,0.09,145700
PROUD-W3,20260709,0.16,0.16,0.15,0.15,243300
PSTC-W3,20260709,0.02,0.03,0.02,0.03,34400
PSTC-W4,20260709,0.07,0.09,0.07,0.09,1015500
QDC-W3,20260709,0.04,0.07,0.04,0.05,69600
ROCTEC-W5,20260709,0.01,0.01,0.01,0.01,102000
SAAM-W3,20260709,0.14,0.14,0.12,0.13,126700
SAAM-W4,20260709,0.14,0.16,0.13,0.15,315500
SAMTEL-W2,20260709,0.26,0.29,0.24,0.27,1037200
SGC-W2,20260709,0.53,0.6,0.53,0.58,3557600
SPTX-W8,20260709,0.01,0.01,0.01,0.01,300
STELLA-W6,20260709,0.04,0.04,0.03,0.03,3524800
TAKUNI-W2,20260709,0.29,0.32,0.28,0.28,243800
TBSP-W1,20260709,0.33,0.33,0.15,0.17,3400
TCC-W5,20260709,0.15,0.15,0.15,0.15,1500
TFG-W4,20260709,6.25,6.3,6.2,6.2,350400
TGE-W2,20260709,0.03,0.04,0.03,0.04,218100
TL-W2,20260709,0.07,0.08,0.07,0.08,2511000
TNDT-W2,20260709,0.01,0.02,0.01,0.02,358000
TNITY-W2,20260709,0.12,0.13,0.11,0.12,377800
TPL-W1,20260709,0.15,0.15,0.15,0.15,300
TRUBB-W3,20260709,0.47,0.48,0.46,0.48,171600
TVDH-W5,20260709,0.01,0.02,0.01,0.02,300
UREKA-W3,20260709,0.25,0.27,0.24,0.25,576600
VGI-W3,20260709,0.01,0.01,0.01,0.01,5100
VIBE-W3,20260709,0.04,0.04,0.03,0.04,1900
VIBHA-W5,20260709,0.05,0.06,0.05,0.06,9300
WAVE-W4,20260709,0.01,0.01,0.01,0.01,100
XBIO-W6,20260709,0.02,0.02,0.01,0.02,1800
XBIO-W7,20260709,0.01,0.01,0.01,0.01,158700
ZIGA-W2,20260709,0.03,0.04,0.02,0.03,8277400
1DIV-O,20260709,13.92,13.92,13.92,13.92,20
2X01BSET50-O,20260709,8.07,8.07,8.07,8.07,30
ABFTH-O,20260709,1335,1335,1335,1335,3
BMSCITH-O,20260709,12.55,12.55,12.55,12.55,32
GLD-O,20260709,5.4,5.44,5.38,5.44,298
TDEX-O,20260709,10.28,10.39,10.28,10.39,195
1DIV,20260709,13.73,13.91,13.73,13.9,26100
1I01BSET50,20260709,3.54,3.54,3.52,3.52,500
2I01BSET50,20260709,2.51,2.52,2.47,2.47,1079200
2X01BSET50,20260709,8.06,8.25,8.06,8.23,375500
BMSCG,20260709,9.27,9.33,9.27,9.33,22100
BMSCITH,20260709,12.48,12.61,12.46,12.58,127500
BSET100,20260709,11.73,11.83,11.73,11.83,105300
CHINA,20260709,7.75,7.89,7.74,7.84,33100
GLD,20260709,5.4,5.45,5.37,5.44,979300
TDEX,20260709,10.21,10.39,10.21,10.37,2180200
UBOT,20260709,13.7,13.7,13.7,13.7,100
UHERO,20260709,8.03,8.03,8.03,8.03,4000
2S-O,20260709,3.06,3.06,3.06,3.06,8
3BBIF-O,20260709,6.55,6.55,6.5,6.5,880
88TH-O,20260709,4.24,4.26,4.24,4.24,29
A-O,20260709,2.72,2.72,2.72,2.72,1
AAI-O,20260709,3.94,3.98,3.94,3.96,72
AAV-O,20260709,1.09,1.09,1.07,1.09,410
ACC-O,20260709,0.31,0.31,0.31,0.31,60
ACE-O,20260709,1.28,1.29,1.28,1.29,100
ACG-O,20260709,0.72,0.72,0.72,0.72,9
ADVANC-O,20260709,375,379,375,378,4292
ADVICE-O,20260709,6.3,6.55,6.25,6.55,54
AE-O,20260709,0.09,0.09,0.08,0.08,103
AEONTS-O,20260709,102,104.5,100.5,104.5,627
AGE-O,20260709,1.12,1.22,1.12,1.22,168
AH-O,20260709,14,14,14,14,2
AHC-O,20260709,13.2,13.2,13.1,13.1,3
AI-O,20260709,2.04,2.88,2.02,2.86,195
AIE-O,20260709,1.14,1.14,1.13,1.13,115
AIMCG-O,20260709,1.78,1.78,1.75,1.75,55
AIMIRT-O,20260709,11.9,12,11.9,12,22
AIT-O,20260709,4.78,4.78,4.78,4.78,8
AJ-O,20260709,3.02,3.04,2.24,2.24,121
AKP-O,20260709,0.7,0.7,0.68,0.68,56
AKR-O,20260709,0.92,0.92,0.9,0.92,80
ALLY-O,20260709,5,5,4.98,5,47
ALT-O,20260709,1.85,1.88,1.85,1.88,43
ALUCON-O,20260709,244,244,244,244,1
AMA-O,20260709,3.92,3.92,3.92,3.92,5
AMANAH-O,20260709,0.75,0.76,0.73,0.76,165
AMARC-O,20260709,3.46,3.52,3.46,3.52,116
AMARIN-O,20260709,1.53,2.18,1.53,2.18,117
AMATA-O,20260709,26,27,25.75,26.5,553
AMATAR-O,20260709,7.4,7.4,7.35,7.35,19
AMATAV-O,20260709,1.48,1.48,1.48,1.48,60
AMC-O,20260709,2.1,2.1,2.1,2.1,2
ANI-O,20260709,2.76,2.76,2.76,2.76,1
AOT-O,20260709,62.75,63.5,62.5,63,2048
AP-O,20260709,7.55,7.7,7.55,7.7,662
APCO-O,20260709,2.54,2.54,2.54,2.54,67
APCS-O,20260709,1.26,1.26,1.26,1.26,9
APO-O,20260709,2.04,2.04,2.04,2.04,13
APP-O,20260709,2.52,2.52,2.52,2.52,1
APURE-O,20260709,2.02,2.02,2.02,2.02,10
AS-O,20260709,2.32,2.32,2.32,2.32,10
ASAP-O,20260709,2.04,2.04,2.04,2.04,1
ASEFA-O,20260709,5.55,5.55,5.55,5.55,1
ASIA-O,20260709,5.35,5.35,5.35,5.35,1
ASIAN-O,20260709,7.2,7.25,7.2,7.2,31
ASIMAR-O,20260709,1.36,1.36,1.36,1.36,10
ASK-O,20260709,11.2,11.2,11.2,11.2,51
ASN-O,20260709,0.91,0.91,0.9,0.9,20
ASP-O,20260709,2.2,2.2,2.2,2.2,81
ASTR-O,20260709,4.88,4.88,4.88,4.88,53
ASW-O,20260709,7.3,7.35,7.2,7.35,101
ATLAS-O,20260709,1.83,1.83,1.83,1.83,27
AU-O,20260709,4.62,4.62,4.62,4.62,17
AUCT-O,20260709,4.38,4.38,4.38,4.38,10
AURA-O,20260709,13.7,13.8,13.7,13.7,118
AWC-O,20260709,2.54,2.6,2.52,2.58,415
AXTRART-O,20260709,13.1,13.1,13,13,24
AYUD-O,20260709,40.25,40.25,39.75,39.75,3
B-O,20260709,0.03,0.03,0.03,0.03,199
B-WORK-O,20260709,6.35,6.35,6.35,6.35,5
B52-O,20260709,0.22,0.22,0.22,0.22,50
BA-O,20260709,17.5,17.9,17.3,17.9,845
BAFS-O,20260709,10.3,10.5,10.3,10.4,90
BAM-O,20260709,6.7,6.85,6.65,6.85,634
BANPU-O,20260709,5.65,5.7,5.55,5.65,1126
BAREIT-O,20260709,11.5,11.5,11.5,11.5,7
BAY-O,20260709,45,45.5,44.75,45.5,821
BBGI-O,20260709,4.16,4.2,4.16,4.16,79
BBIK-O,20260709,19,21,19,21,1858
BBL-O,20260709,194,197,192.5,196,4029
BC-O,20260709,0.63,0.63,0.63,0.63,10
BCH-O,20260709,9.7,9.85,9.7,9.85,546
BCP-O,20260709,36,36,35.25,35.75,909
BCPG-O,20260709,7.1,7.2,7.05,7.2,791
BCT-O,20260709,49,49,49,49,5
BDMS-O,20260709,19.4,19.6,19.4,19.6,4198
BE8-O,20260709,5.6,5.9,5.6,5.9,200
BEM-O,20260709,6,6.05,5.95,6,645
BGC-O,20260709,7,7,7,7,9
BGRIM-O,20260709,18.6,19.5,18.2,19.4,2990
BH-O,20260709,185.5,187,185,186.5,836
BIOTEC-O,20260709,0.25,0.25,0.23,0.24,55
BIS-O,20260709,2.06,2.06,2.06,2.06,96
BIZ-O,20260709,5.9,6,5.9,6,128
BJC-O,20260709,14.6,14.9,14.5,14.7,392
BJCHI-O,20260709,3.14,3.2,3.14,3.18,51
BKIH-O,20260709,381,382,373,373,6
BLA-O,20260709,26.75,27.25,26.75,26.75,152
BLAND-O,20260709,0.46,0.46,0.46,0.46,13
BLC-O,20260709,3.98,3.98,3.98,3.98,8
BM-O,20260709,1.17,1.18,1.15,1.17,332
BOFFICE-O,20260709,3.9,6.5,3.9,5.45,122
BOL-O,20260709,5.2,5.3,4.96,4.96,50
BPP-O,20260709,11.6,11.6,11.4,11.4,15
BPS-O,20260709,0.5,0.5,0.5,0.5,4
BR-O,20260709,1.96,1.96,1.96,1.96,25
BRI-O,20260709,1.31,1.31,1.3,1.3,4
BRRGIF-O,20260709,3.76,3.76,3.76,3.76,1
BSM-O,20260709,0.85,0.95,0.85,0.95,79
BTC-O,20260709,0.15,0.16,0.15,0.15,230
BTG-O,20260709,21.2,21.4,21.2,21.3,474
BTS-O,20260709,2.08,2.14,2.08,2.14,985
BTSGIF-O,20260709,2.44,2.46,2.42,2.42,344
BTW-O,20260709,0.08,0.08,0.08,0.08,2
BUI-O,20260709,10.9,10.9,10.9,10.9,1
BWG-O,20260709,0.24,0.24,0.24,0.24,50
BYD-O,20260709,0.46,0.48,0.46,0.48,17
CAZ-O,20260709,2.18,2.28,2.18,2.28,16
CBG-O,20260709,47.5,49,47.25,49,1198
CCET-O,20260709,8.4,8.7,8.35,8.7,2621
CENTEL-O,20260709,35,36.5,35,36.25,275
CFARM-O,20260709,0.82,0.82,0.82,0.82,40
CFRESH-O,20260709,1.07,1.08,1,1.08,16
CGH-O,20260709,0.52,0.54,0.5,0.54,147
CH-O,20260709,1.49,1.49,1.49,1.49,1
CHAO-O,20260709,4.14,4.14,4.14,4.14,2
CHASE-O,20260709,0.51,0.51,0.51,0.51,10
CHAYO-O,20260709,1.25,1.28,1.03,1.27,236
CHEWA-O,20260709,0.15,0.16,0.15,0.16,2
CHG-O,20260709,1.57,1.6,1.57,1.59,576
CHIC-O,20260709,0.25,0.25,0.25,0.25,2
CHOW-O,20260709,1.29,1.29,1.29,1.29,5
CIVIL-O,20260709,1.08,1.12,1.08,1.12,9
CK-O,20260709,19,19.8,18.9,19.7,492
CKP-O,20260709,2.48,2.5,2.48,2.5,28
CMAN-O,20260709,2.8,2.8,2.8,2.8,21
CMC-O,20260709,0.45,0.46,0.44,0.44,62
CMO-O,20260709,0.74,0.76,0.74,0.76,12
CMR-O,20260709,1.26,1.27,1.26,1.26,91
CNT-O,20260709,1.52,1.57,1.52,1.56,122
COCOCO-O,20260709,5.65,5.65,5.6,5.6,78
COM7-O,20260709,27.75,28.5,27.75,28.25,520
CPALL-O,20260709,46.25,47.5,46.25,47.25,5558
CPAXT-O,20260709,14.8,14.9,14.7,14.9,1811
CPF-O,20260709,21.8,22.2,21.6,22.1,3485
CPH-O,20260709,7.85,7.85,7.85,7.85,2
CPI-O,20260709,3.48,3.48,3.46,3.48,103
CPN-O,20260709,66.5,67,66.25,66.5,876
CPNCG-O,20260709,5.25,5.3,5.25,5.3,170
CPNREIT-O,20260709,13,13.2,13,13.2,41
CPTREIT-O,20260709,6.5,6.55,6.5,6.55,17
CPW-O,20260709,2.4,2.4,2.38,2.38,28
CRANE-O,20260709,0.36,0.36,0.36,0.36,30
CRC-O,20260709,22.5,23.1,22.4,23.1,1470
CRD-O,20260709,0.59,0.59,0.59,0.59,13
CREDIT-O,20260709,22.4,23,22.4,23,347
CSC-O,20260709,44.25,44.25,44.25,44.25,29
CSP-O,20260709,0.39,0.39,0.39,0.39,7
CSS-O,20260709,0.71,1.01,0.71,1.01,12
CWT-O,20260709,0.95,0.95,0.95,0.95,10
DCC-O,20260709,1.42,1.45,1.42,1.45,115
DCON-O,20260709,0.19,0.19,0.19,0.19,9
DELTA-O,20260709,303,311,298,309,20186
DEMCO-O,20260709,3.7,3.92,3.7,3.78,191
DEXON-O,20260709,0.61,0.76,0.61,0.76,2
DHOUSE-O,20260709,0.35,0.35,0.35,0.35,5
DIF-O,20260709,10.2,10.2,10.1,10.2,1676
DIMET-O,20260709,0.05,0.05,0.05,0.05,8
DITTO-O,20260709,14.2,14.6,14.1,14.6,575
DMT-O,20260709,12,12.1,12,12,211
DOD-O,20260709,1.14,1.16,1.14,1.15,42
DOHOME-O,20260709,3.52,3.74,3.52,3.72,1127
DPAINT-O,20260709,0.26,0.26,0.26,0.26,10
DREIT-O,20260709,4.96,4.96,4.94,4.94,55
DRT-O,20260709,5.05,5.1,5,5,61
DTCENT-O,20260709,0.95,0.95,0.85,0.94,111
DUSIT-O,20260709,11.3,11.3,11.1,11.2,55
EA-O,20260709,2.84,2.94,2.84,2.94,814
EASON-O,20260709,1.15,1.16,1.12,1.12,30
EASTW-O,20260709,4.68,4.86,4.62,4.72,606
EFORL-O,20260709,0.13,0.13,0.11,0.11,64
EGATIF-O,20260709,6.1,6.25,6.1,6.25,14
EGCO-O,20260709,121,124,120.5,124,718
EKH-O,20260709,5,5.05,4.98,5,154
EMPIRE-O,20260709,0.2,0.2,0.19,0.19,39
EP-O,20260709,1.16,1.16,1.14,1.14,7
EPG-O,20260709,5.75,5.9,5.75,5.9,121
ERW-O,20260709,3,3.02,2.96,3.02,366
ESTAR-O,20260709,0.19,0.19,0.18,0.18,10
ETC-O,20260709,0.68,0.68,0.66,0.66,192
ETE-O,20260709,0.55,0.55,0.55,0.55,1
ETL-O,20260709,0.35,0.38,0.35,0.38,11
FANCY-O,20260709,0.28,0.28,0.28,0.28,30
FM-O,20260709,4.24,4.3,4.24,4.3,37
FN-O,20260709,0.44,0.44,0.44,0.44,2
FNS-O,20260709,0.69,0.69,0.69,0.69,1
FORTH-O,20260709,14.7,15.5,14.7,15.5,398
FPI-O,20260709,1.52,1.52,1.52,1.52,3
FSMART-O,20260709,7.3,7.5,7.3,7.45,246
FSX-O,20260709,1.14,1.14,1.14,1.14,5
FTE-O,20260709,2.66,2.66,2.66,2.66,90
FTREIT-O,20260709,12,12.2,12,12.2,511
FUTURERT-O,20260709,8.85,8.9,8.8,8.8,78
FVC-O,20260709,0.31,0.31,0.3,0.3,68
GABLE-O,20260709,3.98,3.98,3.98,3.98,2
GC-O,20260709,4.88,4.88,4.76,4.88,92
GCAP-O,20260709,0.25,0.25,0.25,0.25,52
GFC-O,20260709,2.32,2.32,2.32,2.32,1
GFPT-O,20260709,9.1,9.2,9.1,9.15,122
GGC-O,20260709,3.86,3.86,2.82,2.82,28
GJS-O,20260709,0.15,0.15,0.14,0.14,14
GLOBAL-O,20260709,6.9,7.15,6.85,7.1,629
GPSC-O,20260709,46.5,48.5,46.25,48.25,1718
GRAMMY-O,20260709,3,3,2.88,2.9,23
GREEN-O,20260709,0.69,0.69,0.69,0.69,1
GULF-O,20260709,61.5,63.25,61.5,62.75,6444
GUNKUL-O,20260709,4.74,4.84,4.52,4.76,3217
GVREIT-O,20260709,7.8,7.8,7.8,7.8,20
HANA-O,20260709,35,37,35,36.5,2948
HANN-O,20260709,0.87,0.87,0.87,0.87,1
HARN-O,20260709,2.08,2.08,2.06,2.06,50
HENG-O,20260709,0.91,0.93,0.91,0.93,2
HFT-O,20260709,3.96,3.96,3.96,3.96,51
HL-O,20260709,5.7,5.7,5.7,5.7,24
HMPRO-O,20260709,6.4,6.5,6.4,6.5,414
HTC-O,20260709,15.8,15.9,15.7,15.7,106
HTECH-O,20260709,3.6,3.74,3.6,3.74,2
HUMAN-O,20260709,4.76,4.76,4.76,4.76,44
HYDRO-O,20260709,0.07,0.07,0.07,0.07,4
HYDROGEN-O,20260709,8.4,8.4,8.4,8.4,2
I2-O,20260709,0.8,0.8,0.8,0.8,121
ICC-O,20260709,24.2,24.2,24.2,24.2,1
ICHI-O,20260709,14.2,14.5,14.2,14.3,1549
ICN-O,20260709,2.1,2.14,2.1,2.14,15
IDG-O,20260709,1.27,1.27,1.27,1.27,66
III-O,20260709,4.22,4.28,4.22,4.28,4
ILINK-O,20260709,5.05,5.15,5,5.15,17
ILM-O,20260709,12.8,12.8,12.8,12.8,25
IMPACT-O,20260709,11.8,11.9,11.8,11.9,130
IND-O,20260709,0.93,0.93,0.93,0.93,1
INET-O,20260709,4.08,4.2,4.08,4.18,338
INETREIT-O,20260709,12.9,13,12.8,12.9,946
INGRS-O,20260709,0.1,0.1,0.1,0.1,31
INOX-O,20260709,4.2,4.2,4.2,4.2,40
INSET-O,20260709,4.2,4.38,4.2,4.36,569
IP-O,20260709,4.84,4.88,4.82,4.88,145
IRCP-O,20260709,0.28,0.28,0.26,0.26,36
IROYAL-O,20260709,4.56,4.56,4.56,4.56,9
IRPC-O,20260709,1.86,1.87,1.85,1.86,782
ITC-O,20260709,20,20,16.5,16.9,276
ITD-O,20260709,0.42,0.42,0.42,0.42,1
ITEL-O,20260709,1.57,1.69,1.57,1.69,215
ITNS-O,20260709,1.71,1.71,1.71,1.71,10
ITTHI-O,20260709,1.34,1.34,1.3,1.32,69
IVL-O,20260709,22.7,23,22.5,23,575
J-O,20260709,0.68,0.72,0.68,0.72,2
JAK-O,20260709,1.21,1.38,1.21,1.38,71
JAS-O,20260709,1.14,1.14,1.12,1.13,430
JCK-O,20260709,0.13,0.13,0.13,0.13,1
JDF-O,20260709,1.94,2.08,1.94,2.08,4
JMART-O,20260709,9.4,10.6,9.4,10.6,2438
JMT-O,20260709,11.1,11.8,11,11.8,914
JPARK-O,20260709,3.46,3.46,2.82,2.82,3
JSP-O,20260709,1.77,1.77,1.77,1.77,11
JTS-O,20260709,30.75,33,30,30.5,666
JUBILE-O,20260709,7.6,7.6,7.4,7.4,12
KAMART-O,20260709,7.6,7.7,7.6,7.7,91
KASET-O,20260709,0.65,0.65,0.65,0.65,39
KBANK-O,20260709,229,231,228,231,4369
KBS-O,20260709,6,6,5.9,5.9,23
KBSPIF-O,20260709,9.65,9.7,9.65,9.65,51
KC-O,20260709,0.01,0.01,0.01,0.01,2
KCC-O,20260709,3.14,3.14,3.1,3.1,74
KCE-O,20260709,36.75,40.5,36.75,40.5,3849
KCG-O,20260709,9.95,10.3,9.95,10.3,36
KGEN-O,20260709,1.9,1.92,1.51,1.9,51
KGI-O,20260709,4.52,4.56,4.52,4.54,139
KIAT-O,20260709,0.34,0.34,0.34,0.34,10
KISS-O,20260709,3.56,3.56,3.56,3.56,1
KJL-O,20260709,6.25,6.25,6.25,6.25,1
KKP-O,20260709,102.5,104,101.5,103.5,6588
KLINIQ-O,20260709,26,26.5,26,26.25,45
KSL-O,20260709,1.53,1.54,1.53,1.54,14
KTB-O,20260709,39.5,40.5,39.25,40.5,15098
KTBSTMR-O,20260709,6.55,6.55,6.55,6.55,2
KTC-O,20260709,37.25,37.5,36.75,37,2079
KTIS-O,20260709,1.81,1.84,1.81,1.84,8
KTMS-O,20260709,1.29,1.29,0.91,0.91,106
KUMWEL-O,20260709,2.02,2.22,2,2.22,102
KWC-O,20260709,272,272,272,272,1
KWM-O,20260709,0.82,0.82,0.82,0.82,1
KYE-O,20260709,314,317,314,316,112
L&E-O,20260709,1.17,1.17,1.17,1.17,20
LALIN-O,20260709,4.32,4.34,4.32,4.32,110
LANNA-O,20260709,14.5,14.6,14.4,14.6,347
LDC-O,20260709,0.23,0.23,0.23,0.23,1
LEE-O,20260709,2.44,2.5,2.44,2.5,30
LEO-O,20260709,1.88,1.88,1.88,1.88,8
LH-O,20260709,3.72,3.76,3.72,3.74,830
LHFG-O,20260709,1.29,1.3,1.28,1.29,246
LHHOTEL-O,20260709,13.9,14,13.9,14,81
LHK-O,20260709,3.52,3.52,3.52,3.52,40
LHRREIT-O,20260709,4.38,4.38,4.34,4.34,24
LHSC-O,20260709,15.1,15.2,15.1,15.2,310
LIT-O,20260709,0.9,0.9,0.89,0.89,15
LOXLEY-O,20260709,1.41,1.41,1.41,1.41,14
LPH-O,20260709,3.6,3.6,3.6,3.6,30
LPN-O,20260709,1.57,1.57,1.3,1.57,112
LST-O,20260709,4.76,4.76,4.76,4.76,1
LTMH-O,20260709,7.3,7.3,6.9,6.9,67
LTS-O,20260709,2.5,2.52,2.5,2.5,160
M-CHAI-O,20260709,18.3,18.3,18.3,18.3,19
M-O,20260709,21,21.7,21,21.4,304
MAGURO-O,20260709,18.1,18.4,18.1,18.4,7
MAJOR-O,20260709,6.7,6.75,6.65,6.75,101
MALEE-O,20260709,4,4.14,4,4.1,30
MASTEC-O,20260709,2.06,2.06,2,2.04,137
MASTER-O,20260709,8.5,8.6,8.45,8.6,190
MBAX-O,20260709,1.9,1.9,1.9,1.9,9
MBK-O,20260709,19.8,20.5,19.8,20.5,47
MC-O,20260709,11.6,11.7,11.6,11.6,494
MCA-O,20260709,1.27,1.27,1.27,1.27,1
MCOT-O,20260709,4.7,6.2,4.7,6.2,50
MCS-O,20260709,7.85,7.85,7.85,7.85,168
MDX-O,20260709,2.5,2.82,2.48,2.5,62
MEB-O,20260709,12.3,12.5,12.2,12.5,34
MEDEZE-O,20260709,6.4,6.55,6.4,6.55,29
MEGA-O,20260709,37,37.5,36.75,37.25,201
MENA-O,20260709,0.51,0.51,0.51,0.51,1
METCO-O,20260709,297,297,294,294,72
MFC-O,20260709,19.8,19.9,19.8,19.8,17
MFEC-O,20260709,5.9,5.9,5.8,5.8,65
MGC-O,20260709,7.2,7.3,7.2,7.3,18
MGI-O,20260709,6.45,6.45,6.35,6.35,105
MICRO-O,20260709,1.07,1.07,1.07,1.07,1
MIDA-O,20260709,0.48,0.48,0.48,0.48,80
MII-O,20260709,6,6,6,6,1
MINT-O,20260709,23.3,23.7,23.2,23.7,1178
MITSIB-O,20260709,0.57,0.57,0.57,0.57,11
MJLF-O,20260709,5.65,5.65,5.65,5.65,4
MK-O,20260709,0.57,0.67,0.57,0.64,18
ML-O,20260709,1.62,1.62,1.59,1.59,123
MMM-O,20260709,2.7,2.72,2.7,2.72,97
MNIT-O,20260709,1.95,1.95,1.95,1.95,1
MONO-O,20260709,0.78,0.78,0.74,0.75,439
MOONG-O,20260709,2.28,2.32,2.28,2.32,73
MOSHI-O,20260709,37.75,39,37.75,39,53
MRDIYT-O,20260709,9.9,10.3,9.9,10.1,322
MST-O,20260709,7.75,7.75,7.7,7.7,51
MTC-O,20260709,31.75,32.5,31.75,32.5,766
MTI-O,20260709,18.5,19,18.5,18.9,208
MTW-O,20260709,0.77,0.77,0.77,0.77,1
MUD-O,20260709,0.93,0.93,0.93,0.93,8
NAM-O,20260709,3.44,3.44,3.44,3.44,5
NAT-O,20260709,1.26,1.75,1.26,1.75,3
NATION-O,20260709,0.03,0.03,0.02,0.03,4
NC-O,20260709,2.06,2.06,1.96,1.96,108
NCAP-O,20260709,2.84,2.9,2.8,2.9,90
NCL-O,20260709,0.18,0.18,0.18,0.18,1
NCP-O,20260709,1.04,1.04,1.04,1.04,42
NEO-O,20260709,20.9,20.9,20.9,20.9,27
NEP-O,20260709,0.18,0.18,0.17,0.17,22
NER-O,20260709,4.42,4.5,4.4,4.42,341
NETBAY-O,20260709,12.7,13,12.7,13,299
NEX-O,20260709,0.99,1,0.99,0.99,141
NL-O,20260709,0.68,0.68,0.68,0.68,1
NNCL-O,20260709,1.68,1.7,1.68,1.68,31
NOBLE-O,20260709,1.8,1.8,1.8,1.8,10
NPK-O,20260709,10.2,12.8,10.2,12.8,56
NRF-O,20260709,0.24,0.24,0.23,0.23,56
NSL-O,20260709,22.7,22.7,22.6,22.7,94
NTF-O,20260709,14.3,14.4,14.3,14.4,69
NTSC-O,20260709,6.25,6.25,6.25,6.25,5
NTV-O,20260709,18.8,18.8,18.8,18.8,1
NUT-O,20260709,4.86,4.86,4.86,4.86,3
NV-O,20260709,0.62,0.62,0.61,0.61,2
NVD-O,20260709,0.83,0.83,0.83,0.83,1
NYT-O,20260709,3.96,4,3.96,4,266
OGC-O,20260709,11.9,11.9,11.9,11.9,1
OHTL-O,20260709,261,261,261,261,3
OKJ-O,20260709,3.68,3.7,3.68,3.68,83
ONEE-O,20260709,3.1,3.28,3.08,3.24,341
OR-O,20260709,12.5,12.7,12.5,12.7,2504
ORI-O,20260709,1.3,1.81,1.3,1.81,126
OSP-O,20260709,16.9,17.4,16.9,17.3,551
PAF-O,20260709,0.89,0.89,0.89,0.89,1
PANEL-O,20260709,1.18,1.18,1.18,1.18,1
PAP-O,20260709,2.38,2.38,2.38,2.38,12
PATO-O,20260709,6.3,6.3,6.25,6.25,34
PB-O,20260709,48,48,48,48,1
PCE-O,20260709,2.1,2.1,2.1,2.1,88
PCSGH-O,20260709,3.04,3.04,3.04,3.04,100
PEER-O,20260709,0.09,0.09,0.09,0.09,8
PF-O,20260709,0.05,0.05,0.04,0.05,136
PHG-O,20260709,10.2,10.3,10.1,10.1,63
PHOL-O,20260709,3.08,3.08,3.08,3.08,25
PIMO-O,20260709,1.02,1.02,1.02,1.02,1
PIN-O,20260709,4.26,4.26,4,4.26,58
PIS-O,20260709,4.38,4.38,4.38,4.38,11
PJW-O,20260709,2.08,2.08,2.08,2.08,77
PL-O,20260709,1.29,1.29,1.29,1.29,51
PLANB-O,20260709,4.86,5.05,4.8,5.05,594
PLANET-O,20260709,0.6,0.6,0.59,0.6,12
PLAT-O,20260709,1.27,1.27,1.27,1.27,44
PLE-O,20260709,0.07,0.07,0.07,0.07,8
PLT-O,20260709,0.51,0.51,0.51,0.51,2
PLUS-O,20260709,1.34,1.34,1.33,1.33,97
PM-O,20260709,11.1,11.1,11.1,11.1,71
PMTA-O,20260709,9.15,12.4,9.15,12.4,36
POPF-O,20260709,8.1,8.1,8.1,8.1,1
PORT-O,20260709,0.64,0.64,0.64,0.64,10
PPPM-O,20260709,0.22,0.22,0.22,0.22,3
PQS-O,20260709,1.84,1.84,1.8,1.8,29
PR9-O,20260709,17.2,17.5,17.2,17.5,556
PRAKIT-O,20260709,12.9,12.9,12.9,12.9,1
PRAPAT-O,20260709,0.8,0.8,0.78,0.8,17
PREB-O,20260709,3.46,3.46,3.46,3.46,35
PRECHA-O,20260709,0.45,0.45,0.45,0.45,21
PRG-O,20260709,9.15,9.25,9.15,9.25,14
PRIME-O,20260709,0.05,0.05,0.05,0.05,51
PRM-O,20260709,8.9,9.15,8.9,9.15,213
PROEN-O,20260709,0.92,0.92,0.92,0.92,1
PROSPECT-O,20260709,10.4,10.5,10.3,10.5,474
PRTR-O,20260709,3.42,3.5,3.42,3.5,131
PSGC-O,20260709,5.15,5.15,4.98,5.05,35
PSH-O,20260709,3.52,3.58,3.52,3.58,60
PSL-O,20260709,7.5,7.7,7.5,7.65,547
PSP-O,20260709,7.25,7.25,7.25,7.25,68
PSTC-O,20260709,0.3,0.3,0.3,0.3,9
PT-O,20260709,11.3,11.3,11.2,11.3,155
PTC-O,20260709,0.57,0.57,0.57,0.57,10
PTG-O,20260709,7.5,7.65,7.5,7.55,580
PTL-O,20260709,14.1,14.2,12,14.2,73
PTT-O,20260709,36.75,37.25,36.75,37,5760
PTTEP-O,20260709,140.5,141,138.5,139.5,7571
PTTGC-O,20260709,34.25,34.25,33.75,34.25,1238
PYLON-O,20260709,3.52,3.54,3.52,3.54,55
QH-O,20260709,1.37,1.38,1.37,1.38,484
QHBREIT-O,20260709,3.8,3.8,3.76,3.76,32
QHHRREIT-O,20260709,8.2,8.2,8.2,8.2,18
QHOP-O,20260709,3.3,3.3,3.3,3.3,1
QTC-O,20260709,4.58,4.58,4.58,4.58,2
RABBIT-O,20260709,0.34,0.34,0.34,0.34,1
RAM-O,20260709,17.9,18,17.9,18,17
RATCH-O,20260709,34.5,35.5,34.25,35.5,1221
RBF-O,20260709,4.96,5.1,4.96,5.05,80
RCL-O,20260709,32.25,32.75,32,32.75,430
READY-O,20260709,3.02,3.02,3.02,3.02,1
RICHY-O,20260709,0.14,0.16,0.14,0.16,187
RJH-O,20260709,13.8,13.9,13.8,13.9,15
RML-O,20260709,0.09,0.09,0.09,0.09,2
ROCK-O,20260709,10,10,10,10,1
ROCTEC-O,20260709,0.64,0.68,0.63,0.68,59
ROJNA-O,20260709,5.5,5.6,5.5,5.6,20
RP-O,20260709,0.68,0.68,0.68,0.68,1
RPH-O,20260709,4.9,4.9,4.82,4.82,90
RS-O,20260709,0.14,0.14,0.13,0.13,108
RWI-O,20260709,0.15,0.15,0.15,0.15,7
S-O,20260709,0.49,0.49,0.48,0.48,117
S&J-O,20260709,33.25,33.25,33.25,33.25,10
SAAM-O,20260709,4.2,4.7,4.2,4.7,10
SABINA-O,20260709,15.6,15.8,15.5,15.8,68
SAFE-O,20260709,5.7,5.7,5.7,5.7,30
SAK-O,20260709,3.3,3.32,2.28,3,9
SAMART-O,20260709,5.6,5.65,5.6,5.65,12
SAMCO-O,20260709,0.83,0.83,0.83,0.83,2
SAMTEL-O,20260709,3.08,3.08,3,3.04,10
SANKO-O,20260709,1.41,1.43,1.41,1.43,89
SAPPE-O,20260709,31.25,31.5,31,31.5,73
SAT-O,20260709,16,16,15.9,16,156
SAUCE-O,20260709,41.25,41.75,41.25,41.25,78
SAV-O,20260709,11.3,11.3,11.3,11.3,71
SAWAD-O,20260709,23.4,24.1,23.3,24,1047
SC-O,20260709,1.88,1.92,1.88,1.92,409
SCAP-O,20260709,1.68,1.75,1.68,1.75,91
SCB-O,20260709,153,155,152.5,154.5,15224
SCC-O,20260709,238,242,235,240,2762
SCCC-O,20260709,146,147.5,146,147.5,162
SCG-O,20260709,2.84,2.84,2.8,2.8,18
SCGD-O,20260709,5.05,5.05,4.92,5,349
SCGP-O,20260709,27.25,28.5,27.25,28.5,746
SCL-O,20260709,1.57,1.57,1.57,1.57,20
SCM-O,20260709,0.12,0.12,0.12,0.12,1
SCN-O,20260709,0.39,0.39,0.39,0.39,10
SDC-O,20260709,0.03,0.03,0.03,0.03,40
SE-ED-O,20260709,1.12,1.5,1.12,1.5,89
SE-O,20260709,0.5,0.51,0.49,0.5,140
SEAFCO-O,20260709,2.94,2.94,2.86,2.92,197
SEAOIL-O,20260709,3.18,3.18,3.12,3.12,113
SECURE-O,20260709,12.9,12.9,12.9,12.9,1
SELIC-O,20260709,2.74,2.76,2.72,2.76,130
SENA-O,20260709,1.73,1.75,1.73,1.74,98
SFLEX-O,20260709,2.94,3,2.94,2.98,45
SGC-O,20260709,1.55,1.64,1.51,1.64,636
SGP-O,20260709,8.95,8.95,8.95,8.95,14
SHR-O,20260709,1.67,1.69,1.67,1.69,90
SIAM-O,20260709,0.76,0.76,0.76,0.76,42
SICT-O,20260709,2.9,2.92,2.9,2.92,65
SIMAT-O,20260709,1.24,1.26,1.02,1.26,78
SINGER-O,20260709,10.7,11.6,10.6,11.4,636
SINO-O,20260709,0.88,0.88,0.88,0.88,1
SIRI-O,20260709,1.45,1.49,1.44,1.46,1224
SIS-O,20260709,23,23.7,23,23.7,446
SISB-O,20260709,10.1,10.5,10.1,10.4,211
SJWD-O,20260709,8.15,8.35,8.15,8.35,38
SKE-O,20260709,0.19,0.19,0.19,0.19,10
SKR-O,20260709,8.1,8.1,8.1,8.1,55
SKY-O,20260709,15.1,15.5,15.1,15.4,172
SMART-O,20260709,0.54,0.54,0.53,0.54,43
SMD100-O,20260709,1.14,1.15,1.14,1.14,117
SMIT-O,20260709,3.52,3.52,3.52,3.52,30
SMPC-O,20260709,9.25,9.25,9.25,9.25,1
SMT-O,20260709,3.3,3.54,3.3,3.54,464
SNC-O,20260709,8.25,8.25,7.95,7.95,93
SNNP-O,20260709,6.85,6.85,6.85,6.85,75
SNP-O,20260709,8.9,8.9,8.8,8.8,17
SNPS-O,20260709,4.46,4.46,4.46,4.46,1
SO-O,20260709,4.62,4.62,4.62,4.62,117
SOLAR-O,20260709,0.22,0.22,0.22,0.22,1
SONIC-O,20260709,1.48,1.48,1.48,1.48,1
SORKON-O,20260709,3.5,3.5,3.4,3.4,70
SPA-O,20260709,3.26,3.26,3.26,3.26,7
SPALI-O,20260709,15.9,15.9,15.8,15.9,634
SPC-O,20260709,55.5,55.75,55.25,55.25,125
SPCG-O,20260709,9.05,9.05,9,9,179
SPI-O,20260709,31.75,31.75,31.75,31.75,12
SPRC-O,20260709,8.1,8.25,8.1,8.15,595
SPREME-O,20260709,1.48,1.48,1.48,1.48,1
SQ-O,20260709,0.2,0.2,0.2,0.2,1
SR-O,20260709,0.37,0.37,0.37,0.37,35
SRICHA-O,20260709,18.3,18.5,18.3,18.4,45
SRS-O,20260709,1.8,1.8,1.8,1.8,1
SSF-O,20260709,5,5,5,5,52
SSP-O,20260709,4.02,4.2,3.98,4.16,152
SSPF-O,20260709,3.2,3.2,3.2,3.2,31
SSSC-O,20260709,2.24,2.24,2.24,2.24,50
SSTRT-O,20260709,4.7,4.7,4.68,4.7,84
STA-O,20260709,17.9,18.3,17.8,18,1131
STANLY-O,20260709,238,238,236,237,837
STARM-O,20260709,0.94,0.94,0.94,0.94,1
STC-O,20260709,0.55,0.55,0.55,0.55,1
STECON-O,20260709,17.5,18.4,17.5,18.1,817
STGT-O,20260709,10.5,10.7,10.5,10.7,296
STP-O,20260709,12.2,12.2,12.1,12.1,10
STPI-O,20260709,5.15,5.3,5,5.3,250
STX-O,20260709,0.84,0.84,0.83,0.83,2
SUC-O,20260709,27.25,27.25,27,27,129
SUN-O,20260709,2.34,2.36,2.3,2.32,74
SUPER-O,20260709,0.13,0.13,0.12,0.12,300
SUPEREIF-O,20260709,6.15,6.15,6.15,6.15,20
SUSCO-O,20260709,2.14,2.22,2.14,2.22,155
SUTHA-O,20260709,2.5,2.5,2.5,2.5,2
SVOA-O,20260709,1.77,1.77,1.74,1.74,10
SVR-O,20260709,0.34,0.34,0.34,0.34,1
SVT-O,20260709,1.24,1.24,1.24,1.24,19
SWC-O,20260709,4.54,4.54,4.54,4.54,2
SYMC-O,20260709,5.65,5.8,5.6,5.8,195
SYNEX-O,20260709,9,9.15,9,9.15,139
SYNTEC-O,20260709,1.66,1.66,1.65,1.65,20
TACC-O,20260709,6.15,6.4,6.1,6.3,289
TAE-O,20260709,1.65,1.65,1.65,1.65,1
TAKUNI-O,20260709,0.43,0.43,0.37,0.38,57
TAN-O,20260709,3.76,3.76,3.76,3.76,1
TASCO-O,20260709,13.7,13.9,13.6,13.8,570
TC-O,20260709,6.5,6.7,6.5,6.7,29
TCAP-O,20260709,72,72.25,71.5,72,1102
TCC-O,20260709,0.36,0.36,0.28,0.3,20
TEAM-O,20260709,4.44,4.44,4.34,4.44,77
TEAMG-O,20260709,2.98,3.02,2.98,3.02,23
TEGH-O,20260709,3.06,3.12,3.06,3.1,111
TEKA-O,20260709,1.7,1.7,1.7,1.7,1
TERA-O,20260709,1.1,1.13,1.1,1.13,2
TFFIF-O,20260709,6.95,6.95,6.7,6.75,48
TFG-O,20260709,10.9,11,10.8,10.9,2704
TFM-O,20260709,6.7,6.7,6.45,6.45,101
TFMAMA-O,20260709,187.5,187.5,186.5,187,196
TGPRO-O,20260709,0.03,0.03,0.03,0.03,1
THAI-O,20260709,6.15,6.15,5.95,6,2722
THANA-O,20260709,1.2,1.54,1.2,1.54,6
THANI-O,20260709,2.04,2.06,2,2.04,244
THCOM-O,20260709,11.2,11.3,11,11.2,288
THE-O,20260709,0.89,0.89,0.89,0.89,1
THG-O,20260709,7.45,7.5,7.45,7.5,154
THIP-O,20260709,20.9,20.9,20.9,20.9,1
THMUI-O,20260709,0.29,0.29,0.29,0.29,1
THRE-O,20260709,0.43,0.43,0.38,0.38,4
THREL-O,20260709,0.98,1,0.97,0.99,139
TIDLOR-O,20260709,18.9,19.3,18.9,19.1,1197
TIF1-O,20260709,8,8,8,8,7
TIGER-O,20260709,0.57,0.57,0.57,0.57,1
TIPCO-O,20260709,6.2,6.35,6.2,6.35,98
TIPH-O,20260709,23.8,23.8,23.7,23.7,63
TISCO-O,20260709,122,124,122,123.5,6877
TITLE-O,20260709,8.7,8.7,8.7,8.7,8
TK-O,20260709,4.2,4.2,4.2,4.2,42
TKC-O,20260709,8.4,8.4,8.4,8.4,1
TKN-O,20260709,4,4.06,4,4.06,174
TKS-O,20260709,7.3,7.3,7.3,7.3,10
TKT-O,20260709,0.79,0.79,0.79,0.79,1
TL-O,20260709,0.44,0.44,0.44,0.44,1
TLI-O,20260709,11.9,12,11.8,11.9,174
TM-O,20260709,0.92,0.92,0.92,0.92,26
TMAN-O,20260709,10.9,10.9,10.7,10.8,119
TMI-O,20260709,0.51,0.51,0.47,0.47,31
TMT-O,20260709,3.34,3.34,3.34,3.34,2
TMW-O,20260709,58.75,59.25,58.75,59.25,439
TNDT-O,20260709,0.13,0.13,0.13,0.13,10
TNITY-O,20260709,2.44,2.44,2.44,2.44,5
TNP-O,20260709,2.86,2.86,2.8,2.84,111
TNPC-O,20260709,0.88,0.88,0.88,0.88,9
TNR-O,20260709,5.45,5.45,5.45,5.45,7
TOA-O,20260709,14.8,15.1,14.8,15.1,157
TOG-O,20260709,7.6,7.65,7.6,7.65,78
TOP-O,20260709,49,50.25,48.75,49.25,4140
TPAC-O,20260709,8.55,8.55,8.5,8.55,19
TPIPL-O,20260709,0.84,0.84,0.81,0.82,241
TPIPP-O,20260709,1.77,1.78,1.75,1.77,189
TPL-O,20260709,0.55,0.55,0.55,0.55,9
TQM-O,20260709,14.6,15,14.6,15,199
TRC-O,20260709,0.62,0.62,0.44,0.44,84
TRITN-O,20260709,0.03,0.03,0.02,0.03,103
TRT-O,20260709,14.2,14.2,9.75,14.1,131
TRUBB-O,20260709,1.04,1.07,1,1.07,277
TRUE-O,20260709,13,13.4,13,13.3,4281
TSC-O,20260709,15,15.2,15,15.2,21
TSE-O,20260709,0.85,0.85,0.75,0.79,175
TSTH-O,20260709,0.9,0.91,0.9,0.9,15
TTA-O,20260709,4.78,4.9,4.78,4.9,111
TTB-O,20260709,2.6,2.68,2.6,2.66,8220
TTLPF-O,20260709,9.45,9.45,9.4,9.45,130
TTT-O,20260709,40,40,40,40,1
TTW-O,20260709,9.9,10.1,9.85,10,503
TU-O,20260709,11.9,11.9,11.8,11.9,538
TU-PF-O,20260709,1.11,1.11,1.11,1.11,49
TURBO-O,20260709,1.58,1.61,1.58,1.6,96
TURTLE-O,20260709,3,3,3,3,1
TVDH-O,20260709,0.06,0.06,0.06,0.06,1
TVO-O,20260709,26.5,26.75,26.25,26.5,432
TVT-O,20260709,0.23,0.23,0.23,0.23,1
TWP-O,20260709,1.1,1.1,1.1,1.1,9
TWPC-O,20260709,2.88,2.88,2.84,2.84,5
TWZ-O,20260709,0.01,0.02,0.01,0.02,196
UBA-O,20260709,0.95,0.95,0.95,0.95,10
UBE-O,20260709,0.57,0.57,0.57,0.57,1
UEC-O,20260709,0.8,0.8,0.8,0.8,9
UKEM-O,20260709,1.08,1.08,1.08,1.08,14
UMI-O,20260709,0.9,0.9,0.89,0.9,117
UMS-O,20260709,0.7,0.7,0.65,0.65,99
UNIQ-O,20260709,2.7,2.7,2.7,2.7,5
UREKA-O,20260709,0.47,0.47,0.47,0.47,5
UTP-O,20260709,8.3,8.5,8.3,8.3,177
UV-O,20260709,0.82,0.82,0.8,0.8,85
UVAN-O,20260709,14.9,15.1,14.8,14.9,344
VCOM-O,20260709,3.96,3.98,3.96,3.98,60
VGI-O,20260709,0.91,0.96,0.9,0.96,860
VIBE-O,20260709,0.31,0.31,0.31,0.31,2
VIBHA-O,20260709,1.37,1.37,1.36,1.36,11
VIH-O,20260709,8.75,8.75,8.7,8.7,13
VL-O,20260709,0.79,0.79,0.79,0.79,1
VPO-O,20260709,0.53,0.53,0.49,0.49,2
VS-O,20260709,0.35,0.35,0.35,0.35,10
WARRIX-O,20260709,1.38,1.38,1.37,1.38,66
WAVE-O,20260709,0.03,0.03,0.03,0.03,93
WFX-O,20260709,0.96,0.97,0.94,0.97,13
WHA-O,20260709,5,5.15,5,5.1,3276
WHABT-O,20260709,6.2,6.2,6.15,6.2,58
WHAIR-O,20260709,7.9,8,7.9,8,35
WHART-O,20260709,11,11.2,10.9,10.9,256
WHAUP-O,20260709,6.85,7.5,6.85,7.5,1792
WICE-O,20260709,2.88,2.9,2.88,2.9,25
WIIK-O,20260709,1.18,1.19,1.18,1.19,15
WINDOW-O,20260709,0.8,0.8,0.8,0.8,1
WINMED-O,20260709,0.85,0.85,0.78,0.78,2
WINNER-O,20260709,2.16,2.18,2.16,2.18,51
WP-O,20260709,3.68,4.02,3.58,3.72,43
WPH-O,20260709,5.9,6,5.7,6,89
XBIO-O,20260709,0.07,0.07,0.07,0.07,1
XO-O,20260709,18.9,19.1,18.9,19,359
XPG-O,20260709,0.48,0.48,0.43,0.44,20
XYZ-O,20260709,0.25,0.27,0.25,0.27,4
YGG-O,20260709,0.14,0.14,0.14,0.14,49
YUASA-O,20260709,14.3,14.3,14.3,14.3,25
ZEN-O,20260709,5.4,5.4,5.4,5.4,2
ZIGA-O,20260709,0.89,0.89,0.89,0.89,59
2S,20260709,3.06,3.08,3.06,3.08,55100
3BBIF,20260709,6.5,6.55,6.5,6.5,3549100
88TH,20260709,4.24,4.26,4.22,4.24,155300
A5,20260709,1.84,1.84,1.82,1.83,32100
AAI,20260709,3.94,3.98,3.94,3.96,2507000
AAV,20260709,1.07,1.08,1.07,1.08,18378300
ABM,20260709,0.51,0.53,0.49,0.51,294600
ACC,20260709,0.32,0.34,0.32,0.33,984400
ACE,20260709,1.28,1.29,1.28,1.29,197700
ACG,20260709,0.72,0.74,0.72,0.72,5000
ADB,20260709,0.66,0.69,0.66,0.69,856700
ADD,20260709,3.14,3.34,3.14,3.28,53100
ADVANC,20260709,376,380,375,378,7906900
ADVICE,20260709,6.35,6.6,6.3,6.6,2873300
AE,20260709,0.09,0.09,0.08,0.09,601400
AEONTS,20260709,102,105,100,105,1117900
AF,20260709,0.46,0.47,0.38,0.4,358500
AFC,20260709,4.6,4.6,4.52,4.52,3700
AGE,20260709,1.23,1.24,1.22,1.22,977600
AH,20260709,13.7,13.9,13.7,13.8,1028600
AHC,20260709,13,13.3,12.9,13.2,14800
AI,20260709,2.88,2.88,2.86,2.88,145700
AIE,20260709,1.14,1.16,1.12,1.13,1355700
AIMCG,20260709,1.7,1.79,1.7,1.73,118300
AIMIRT,20260709,11.7,12,11.7,12,301700
AIRA,20260709,1.03,1.03,1.02,1.02,1200
AIT,20260709,4.78,4.82,4.76,4.8,693300
AJ,20260709,3.04,3.08,3,3.06,3851600
AJA,20260709,0.13,0.13,0.12,0.13,1226400
AKP,20260709,0.67,0.69,0.67,0.69,752100
AKR,20260709,0.91,0.92,0.9,0.91,1155600
ALLA,20260709,1.16,1.17,1.15,1.17,208500
ALLY,20260709,5,5.05,4.98,5,1608800
ALPHAX,20260709,0.26,0.26,0.25,0.26,6947600
ALT,20260709,1.74,1.89,1.74,1.85,12396600
ALUCON,20260709,244,244,244,244,400
AMA,20260709,3.86,3.88,3.84,3.88,163900
AMANAH,20260709,0.73,0.77,0.73,0.75,3539500
AMARC,20260709,3.4,3.54,3.4,3.46,3634300
AMARIN,20260709,2.16,2.16,2.16,2.16,1200
AMATA,20260709,25.75,26.75,25.75,26.75,7867500
AMATAR,20260709,7.35,7.4,7.35,7.4,30100
AMATAV,20260709,2.12,2.12,2.02,2.08,128000
AMC,20260709,2.06,2.08,2.04,2.08,54100
AMR,20260709,0.4,0.41,0.39,0.4,432500
ANAN,20260709,0.32,0.33,0.31,0.32,1535100
ANI,20260709,2.72,2.84,2.72,2.84,42800
AOT,20260709,62.75,63.5,62.75,63,23209700
AP,20260709,7.5,7.65,7.5,7.6,7736100
APCO,20260709,2.56,2.58,2.54,2.58,42100
APCS,20260709,1.32,1.35,1.32,1.35,53700
APO,20260709,2.04,2.06,2.02,2.04,678300
APP,20260709,2.52,2.54,2.52,2.52,62100
APURE,20260709,1.99,2.02,1.99,2,54800
AQUA,20260709,0.1,0.1,0.09,0.1,3319800
ARIN,20260709,0.48,0.49,0.48,0.49,238600
ARIP,20260709,0.47,0.48,0.46,0.46,700300
ARROW,20260709,5.65,5.85,5.65,5.8,106500
AS,20260709,2.3,2.32,2.28,2.32,254100
ASAP,20260709,2,2.04,2,2,19600
ASEFA,20260709,5.4,5.65,5.3,5.6,660200
ASIA,20260709,5.35,5.4,5.35,5.4,700
ASIAN,20260709,7.15,7.25,7.15,7.25,603200
ASIMAR,20260709,1.35,1.37,1.34,1.37,166300
ASK,20260709,11.1,11.4,10.9,11.4,852800
ASN,20260709,0.93,1,0.91,0.96,50100
ASP,20260709,2.3,2.32,2.28,2.28,1474300
ASTR,20260709,4.86,4.88,4.84,4.88,8500
ASW,20260709,7.15,7.4,7.1,7.35,395500
ATLAS,20260709,1.82,1.83,1.82,1.82,2131200
ATP30,20260709,0.82,0.83,0.81,0.81,588200
AU,20260709,4.62,4.68,4.6,4.66,331500
AUCT,20260709,4.3,4.4,4.3,4.38,460900
AURA,20260709,13.6,13.8,13.6,13.8,1833600
AWC,20260709,2.5,2.58,2.5,2.56,37925000
AXTRART,20260709,13,13.1,12.9,13,678200
AYUD,20260709,40,40.5,40,40.25,34300
B,20260709,0.03,0.04,0.03,0.04,2844300
B-WORK,20260709,6.3,6.4,6.3,6.4,154000
B52,20260709,0.24,0.27,0.24,0.26,13400
BA,20260709,17.4,18,17.2,18,12897200
BAFS,20260709,10.1,10.5,10.1,10.4,396000
BAM,20260709,6.65,6.85,6.65,6.8,11864300
BANPU,20260709,5.7,5.7,5.55,5.7,55997900
BAREIT,20260709,11.5,11.6,11.4,11.4,566700
BAY,20260709,45,45.75,44.75,45.75,5621200
BBGI,20260709,4.3,4.34,4.22,4.26,2734900
BBIK,20260709,19.3,21,19.1,20.8,12257300
BBL,20260709,192,197,192,196.5,15593700
BC,20260709,0.63,0.66,0.62,0.62,155600
BCH,20260709,9.6,9.85,9.6,9.85,6688200
BCP,20260709,35.75,36,35.25,35.75,7558300
BCPG,20260709,7,7.2,7,7.2,9233900
BCT,20260709,49.25,50,49.25,50,800
BDMS,20260709,19.3,19.6,19.3,19.5,43304200
BE8,20260709,5.5,6,5.45,5.9,1902200
BEAUTY,20260709,0.35,0.36,0.34,0.36,3891300
BEC,20260709,2.06,2.12,2.04,2.1,1262300
BEM,20260709,5.95,6.05,5.95,6,39136900
BEYOND,20260709,8.85,8.9,8.65,8.85,3200
BGC,20260709,7.05,7.05,6.95,6.95,160000
BGRIM,20260709,18.6,19.5,18.1,19.3,55861900
BGT,20260709,0.37,0.37,0.36,0.36,5400
BH,20260709,185.5,187,184.5,185.5,3151900
BIG,20260709,0.3,0.31,0.29,0.3,293500
BIOTEC,20260709,0.24,0.24,0.23,0.24,489300
BIS,20260709,2.02,2.06,2.02,2.04,330800
BIZ,20260709,5.85,6,5.85,6,85200
BJC,20260709,14.6,14.8,14.5,14.6,5030700
BJCHI,20260709,3.14,3.18,3.1,3.18,71600
BKA,20260709,0.79,0.82,0.78,0.79,2822700
BKD,20260709,1.12,1.12,1.1,1.12,3100
BKGI,20260709,2.06,2.16,2.04,2.14,987000
BKIH,20260709,371,373,371,372,7100
BLA,20260709,26.25,27.25,26.25,27,2614000
BLAND,20260709,0.46,0.46,0.45,0.45,2611100
BLC,20260709,3.94,3.98,3.92,3.98,592500
BLESS,20260709,0.26,0.26,0.24,0.25,43100
BM,20260709,1.2,1.21,1.15,1.19,5791500
BOFFICE,20260709,5.45,5.5,5.45,5.5,914200
BOL,20260709,4.96,5,4.96,4.98,485300
BPP,20260709,11.5,11.7,11.4,11.6,93500
BPS,20260709,0.49,0.51,0.49,0.49,69900
BR,20260709,1.97,1.97,1.95,1.96,150800
BRI,20260709,1.29,1.32,1.29,1.31,77100
BROCK,20260709,1.17,1.17,1.17,1.17,5000
BRR,20260709,3.62,3.62,3.58,3.6,81600
BRRGIF,20260709,3.74,3.76,3.74,3.76,165500
BSBM,20260709,0.59,0.59,0.57,0.58,85900
BSM,20260709,0.87,0.96,0.83,0.91,1722700
BTC,20260709,0.15,0.16,0.15,0.15,7040400
BTG,20260709,20.9,21.4,20.9,21.3,5214300
BTNC,20260709,14.7,14.7,14.7,14.7,200
BTS,20260709,2.06,2.14,2.06,2.12,124847100
BTSGIF,20260709,2.42,2.44,2.42,2.42,2911300
BTW,20260709,0.07,0.08,0.07,0.08,435300
BUI,20260709,10.9,11,10.9,11,300
BVG,20260709,1.56,1.56,1.54,1.55,137400
BWG,20260709,0.23,0.25,0.23,0.24,43571100
BYD,20260709,0.47,0.48,0.46,0.48,3382600
CAZ,20260709,2.14,2.28,2.14,2.2,1268800
CBG,20260709,47.25,49.25,47.25,49,7067000
CCET,20260709,8.4,8.7,8.35,8.65,59119900
CCP,20260709,0.26,0.26,0.25,0.25,220600
CEN,20260709,0.61,0.61,0.6,0.61,79000
CENTEL,20260709,35,36.5,35,36.25,4358700
CEYE,20260709,1.12,1.14,1.11,1.14,10100
CFARM,20260709,0.83,0.84,0.81,0.84,1957700
CFRESH,20260709,1.05,1.09,1.05,1.08,1394700
CGD,20260709,0.1,0.11,0.1,0.11,8557600
CGH,20260709,0.53,0.55,0.53,0.55,1381300
CH,20260709,1.49,1.5,1.48,1.49,27100
CHAO,20260709,4.18,4.2,4.16,4.18,86500
CHASE,20260709,0.5,0.52,0.5,0.51,1530200
CHAYO,20260709,1.23,1.29,1.23,1.28,2816900
CHEWA,20260709,0.15,0.16,0.15,0.16,84500
CHG,20260709,1.57,1.6,1.57,1.59,16863700
CHIC,20260709,0.31,0.31,0.3,0.3,40900
CHOTI,20260709,66,66,66,66,100
CHOW,20260709,1.29,1.31,1.28,1.28,17200
CI,20260709,0.34,0.34,0.32,0.34,426500
CIG,20260709,0.03,0.03,0.02,0.03,139700
CITY,20260709,1.14,1.18,1.14,1.18,360400
CIVIL,20260709,1.09,1.15,1.08,1.13,786300
CK,20260709,18.8,19.8,18.8,19.8,11789100
CKP,20260709,2.46,2.52,2.46,2.5,9283300
CM,20260709,1.5,1.51,1.49,1.5,5700
CMAN,20260709,2.82,2.84,2.76,2.82,413800
CMC,20260709,0.43,0.45,0.43,0.43,326300
CMO,20260709,0.75,0.78,0.75,0.77,872400
CMR,20260709,1.26,1.28,1.26,1.28,98400
CNT,20260709,1.49,1.59,1.49,1.57,703600
COCOCO,20260709,5.55,5.65,5.55,5.65,302300
COLOR,20260709,0.96,0.98,0.96,0.98,27100
COM7,20260709,28,28.5,27.75,28.5,10785800
COMAN,20260709,0.5,0.5,0.5,0.5,200
CPALL,20260709,46.75,47.25,46.5,47.25,34123100
CPANEL,20260709,1.21,1.21,1.19,1.2,7000
CPAXT,20260709,14.7,14.9,14.7,14.9,7452100
CPF,20260709,21.8,22.3,21.7,22.3,45222700
CPH,20260709,7.75,7.85,7.6,7.65,94400
CPI,20260709,3.46,3.52,3.46,3.5,382000
CPL,20260709,0.69,0.75,0.69,0.7,2600200
CPN,20260709,65.5,67,65.5,66.5,5621200
CPNCG,20260709,5.25,5.35,5.25,5.35,242000
CPNREIT,20260709,13.1,13.1,13,13.1,1799700
CPR,20260709,2.56,2.7,2.56,2.62,69200
CPT,20260709,0.99,1,0.99,0.99,108400
CPTREIT,20260709,6.5,6.55,6.45,6.5,28200
CPW,20260709,2.36,2.4,2.32,2.36,374800
CRANE,20260709,0.37,0.38,0.36,0.37,1309500
CRC,20260709,22.3,23.2,22.3,23,14795800
CRD,20260709,0.57,0.61,0.57,0.57,931200
CREDIT,20260709,21.9,23.1,21.9,23.1,2215000
CSC,20260709,44.25,44.25,44.25,44.25,1000
CSP,20260709,0.39,0.4,0.38,0.4,69800
CSR,20260709,71.75,72.75,71.75,71.75,300
CSS,20260709,0.96,1.02,0.96,1.02,4353200
CTARAF,20260709,4.7,4.74,4.7,4.74,45200
CTW,20260709,6.3,6.7,6.3,6.6,282900
CWT,20260709,0.93,0.96,0.93,0.94,893200
D,20260709,3.12,3.14,3.08,3.1,444000
DCC,20260709,1.42,1.45,1.41,1.44,2219800
DCON,20260709,0.19,0.19,0.18,0.19,178700
DDD,20260709,4.84,5,4.84,4.98,59100
DELTA,20260709,308,311,304,310,17239400
DEMCO,20260709,3.56,3.84,3.56,3.8,1820500
DEXON,20260709,0.82,0.82,0.76,0.79,21800
DHOUSE,20260709,0.34,0.35,0.34,0.35,18700
DIF,20260709,10.1,10.2,10.1,10.2,3918800
DIMET,20260709,0.06,0.07,0.06,0.07,1648300
DITTO,20260709,14.1,14.7,14.1,14.6,5996200
DMT,20260709,11.9,12,11.9,12,160500
DOD,20260709,1.17,1.17,1.11,1.15,390500
DOHOME,20260709,3.64,3.74,3.64,3.72,10527900
DPAINT,20260709,0.25,0.29,0.25,0.26,10660800
DREIT,20260709,4.92,4.94,4.9,4.9,33300
DRT,20260709,5.1,5.1,5,5.1,279000
DTCENT,20260709,0.95,0.96,0.94,0.94,1049500
DUSIT,20260709,11,11.3,11,11.2,200800
EA,20260709,2.86,2.94,2.84,2.94,68878700
EASON,20260709,1.14,1.15,1.12,1.15,104700
EAST,20260709,0.73,0.74,0.72,0.73,282300
EASTW,20260709,4.68,4.88,4.64,4.72,6175100
EFORL,20260709,0.12,0.12,0.11,0.12,1753400
EGATIF,20260709,6.15,6.2,6.1,6.1,1027000
EGCO,20260709,120,124,120,124,1354200
EKH,20260709,4.98,5.05,4.98,5.05,333200
EMC,20260709,0.02,0.02,0.02,0.02,222500
EMPIRE,20260709,0.2,0.2,0.17,0.18,9888800
EP,20260709,1.13,1.17,1.13,1.17,122100
EPG,20260709,5.7,5.95,5.65,5.95,27925200
ERW,20260709,2.94,3.02,2.94,2.98,25437600
ESTAR,20260709,0.2,0.21,0.19,0.21,27773000
ETC,20260709,0.68,0.69,0.66,0.68,3838400
ETE,20260709,0.55,0.56,0.55,0.56,90400
ETL,20260709,0.4,0.4,0.39,0.4,78700
EURO,20260709,5.5,5.75,5.5,5.55,21000
EVER,20260709,0.06,0.08,0.06,0.07,2068200
FANCY,20260709,0.28,0.29,0.2,0.24,818300
FLOYD,20260709,1.02,1.03,1.02,1.03,72300
FM,20260709,4.24,4.34,4.24,4.3,1800600
FMT,20260709,19.3,20.4,19.3,20.4,200
FN,20260709,0.44,0.46,0.44,0.46,78700
FNS,20260709,0.63,0.7,0.63,0.7,263300
FORTH,20260709,14.7,15.6,14.6,15.6,10140600
FPI,20260709,1.48,1.51,1.48,1.51,89800
FPT,20260709,6.5,6.55,6.5,6.5,27800
FSMART,20260709,7.25,7.55,7.25,7.5,1884500
FSX,20260709,1.17,1.17,1.13,1.14,23400
FTE,20260709,2.66,2.68,2.64,2.68,439200
FTI,20260709,1.85,1.85,1.79,1.84,65700
FTREIT,20260709,12,12.2,11.9,12.2,1844600
FUTURERT,20260709,8.85,8.85,8.8,8.8,52400
FVC,20260709,0.32,0.33,0.32,0.33,322500
GABLE,20260709,3.98,4.04,3.98,4.02,786000
GAHREIT,20260709,3.94,3.98,3.94,3.98,6300
GBX,20260709,0.6,0.6,0.58,0.58,1242200
GC,20260709,4.86,4.88,4.84,4.88,90800
GCAP,20260709,0.25,0.26,0.25,0.25,163300
GEL,20260709,0.03,0.04,0.03,0.04,2226200
GENCO,20260709,0.33,0.33,0.32,0.33,286000
GFC,20260709,2.34,2.34,2.32,2.32,43400
GFPT,20260709,9.05,9.25,9.05,9.2,1458100
GGC,20260709,3.84,3.96,3.82,3.94,26300
GJS,20260709,0.13,0.14,0.13,0.13,2052900
GLOBAL,20260709,6.95,7.15,6.85,7.15,20652300
GLORY,20260709,1.1,1.1,1.06,1.07,24500
GPI,20260709,1.75,1.77,1.75,1.77,109300
GPSC,20260709,46.5,48.75,46.25,48.25,15080800
GRAMMY,20260709,2.98,3.02,2.88,2.9,40400
GRAND,20260709,0.03,0.03,0.02,0.02,64200
GREEN,20260709,0.69,0.71,0.69,0.7,97400
GROREIT,20260709,9.2,9.25,9.15,9.25,145600
GTB,20260709,0.7,0.7,0.69,0.69,40800
GTV,20260709,0.03,0.03,0.02,0.03,4621800
GULF,20260709,62.25,63.25,61.75,63,51930200
GUNKUL,20260709,4.76,4.86,4.68,4.8,193182100
GVREIT,20260709,7.8,7.85,7.75,7.85,408700
HANA,20260709,35.25,37,35,36.5,31122700
HANN,20260709,0.87,0.88,0.86,0.87,373600
HARN,20260709,2.06,2.08,2.04,2.06,249100
HENG,20260709,0.91,0.93,0.91,0.92,3511800
HFT,20260709,3.98,3.98,3.94,3.96,91300
HL,20260709,5.6,5.8,5.6,5.75,101800
HMPRO,20260709,6.35,6.5,6.35,6.45,32219100
HPF,20260709,6.2,6.2,6.1,6.1,16100
HTC,20260709,15.6,15.8,15.6,15.7,386100
HTECH,20260709,3.62,3.78,3.62,3.72,923700
HUMAN,20260709,4.72,4.78,4.7,4.76,1811600
HYDRO,20260709,0.07,0.07,0.06,0.07,387900
HYDROGEN,20260709,8.4,8.4,8.4,8.4,3000
I2,20260709,0.78,0.83,0.78,0.8,875900
ICHI,20260709,14,14.4,14,14.3,6548300
ICN,20260709,2.08,2.14,2.08,2.14,400500
IDG,20260709,1.27,1.29,1.27,1.27,35000
IFS,20260709,1.86,1.87,1.85,1.87,2400
IHL,20260709,1.37,1.39,1.37,1.39,47300
IIG,20260709,1.35,1.38,1.34,1.38,88100
III,20260709,4.3,4.3,4.2,4.28,324700
ILINK,20260709,4.94,5.25,4.94,5.2,3540700
ILM,20260709,12.7,13,12.7,12.8,257600
IMH,20260709,3.1,3.12,3.08,3.08,19700
IMPACT,20260709,11.8,12,11.7,11.8,668800
IND,20260709,0.91,0.95,0.91,0.95,4329000
INET,20260709,4.12,4.26,4.08,4.26,1553400
INETREIT,20260709,12.8,12.9,12.8,12.9,744300
INGRS,20260709,0.1,0.11,0.09,0.1,13051000
INOX,20260709,4.14,4.2,4.14,4.2,28400
INSET,20260709,4.2,4.4,4.18,4.36,18963000
INSURE,20260709,51.5,51.5,51.5,51.5,100
IP,20260709,4.82,4.92,4.76,4.88,562500
IRC,20260709,11.9,11.9,11.8,11.9,7600
IRCP,20260709,0.27,0.29,0.26,0.27,1419400
IROYAL,20260709,4.56,4.58,4.52,4.58,182200
IRPC,20260709,1.88,1.88,1.84,1.84,152957300
ISSARA,20260709,6.6,6.6,6.55,6.55,15800
IT,20260709,6,6.05,5.95,6.05,182500
ITC,20260709,16.3,17,16.2,16.9,10150900
ITD,20260709,0.41,0.44,0.41,0.42,30065500
ITEL,20260709,1.5,1.73,1.49,1.69,44547000
ITNS,20260709,1.74,1.74,1.71,1.72,153000
ITTHI,20260709,1.33,1.36,1.32,1.32,487300
IVF,20260709,0.73,0.75,0.73,0.74,231900
IVL,20260709,22.8,22.8,22.4,22.7,17430900
J,20260709,0.71,0.74,0.71,0.72,1263300
JAK,20260709,1.19,1.42,1.18,1.34,3613100
JAS,20260709,1.12,1.13,1.11,1.13,21227400
JCK,20260709,0.12,0.13,0.12,0.12,34200
JCT,20260709,82.5,82.5,82.5,82.5,200
JDF,20260709,1.95,1.98,1.95,1.97,382500
JMART,20260709,9.4,10.6,9.35,10.6,59526600
JMT,20260709,11.2,11.9,11,11.9,28045600
JPARK,20260709,3.28,3.3,3.26,3.3,385500
JR,20260709,1.75,1.76,1.75,1.76,203400
JSP,20260709,1.76,1.77,1.76,1.77,92900
JTS,20260709,31.25,33,29.5,30.25,1475500
JUBILE,20260709,7.45,7.5,7.4,7.45,43000
K,20260709,0.96,0.97,0.96,0.97,9000
KAMART,20260709,7.6,7.75,7.6,7.65,752900
KASET,20260709,0.67,0.68,0.66,0.67,203000
KBANK,20260709,229,231,227,230,16753400
KBS,20260709,5.8,5.9,5.8,5.85,85100
KBSPIF,20260709,9.65,9.7,9.6,9.65,209400
KC,20260709,0.02,0.03,0.02,0.02,37950400
KCAR,20260709,4.84,4.86,4.84,4.86,56400
KCC,20260709,3.1,3.16,3.04,3.06,645900
KCE,20260709,38,40.75,37.75,40.75,29627200
KCG,20260709,10,10.4,9.9,10.3,1037900
KCM,20260709,0.29,0.29,0.28,0.29,208300
KGEN,20260709,1.83,1.93,1.83,1.9,13920600
KGI,20260709,4.54,4.56,4.52,4.56,1318200
KIAT,20260709,0.33,0.34,0.33,0.34,533300
KISS,20260709,3.56,3.64,3.54,3.64,375300
KJL,20260709,6.2,6.25,6.15,6.25,37000
KK,20260709,1.01,1.03,1,1.01,73400
KKP,20260709,103,104,101,103.5,5772200
KLINIQ,20260709,25.5,26.25,25.5,26,245100
KOOL,20260709,0.3,0.3,0.29,0.29,159600
KPNREIT,20260709,2,2,1.96,1.97,103700
KSL,20260709,1.55,1.55,1.53,1.54,1175000
KTB,20260709,39.25,40.5,39,40.5,154501100
KTBSTMR,20260709,6.6,6.6,6.5,6.55,99000
KTC,20260709,37,37.25,36.75,37,20201400
KTIS,20260709,1.81,1.82,1.81,1.82,2100
KTMS,20260709,1.3,1.3,1.28,1.29,131700
KUMWEL,20260709,2,2.3,2,2.2,6304900
KUN,20260709,0.65,0.66,0.62,0.64,336100
KWC,20260709,281,281,281,281,200
KWM,20260709,0.85,0.85,0.82,0.85,646400
KYE,20260709,316,316,315,316,9000
L&E,20260709,1.19,1.19,1.19,1.19,2200
LALIN,20260709,4.32,4.34,4.3,4.34,28200
LANNA,20260709,14.5,14.6,14.4,14.5,291800
LDC,20260709,0.25,0.25,0.24,0.25,58000
LEE,20260709,2.46,2.5,2.46,2.48,25100
LEO,20260709,1.9,1.9,1.86,1.89,285100
LH,20260709,3.7,3.76,3.7,3.72,17068800
LHFG,20260709,1.25,1.29,1.24,1.28,11932400
LHHOTEL,20260709,13.9,14,13.8,14,992400
LHK,20260709,3.48,3.52,3.48,3.5,69700
LHRREIT,20260709,4.38,4.38,4.34,4.34,110700
LHSC,20260709,15.1,15.1,15,15,234400
LIT,20260709,0.88,0.91,0.88,0.9,255100
LOXLEY,20260709,1.42,1.44,1.4,1.41,1115400
LPH,20260709,3.56,3.58,3.5,3.56,90900
LPN,20260709,1.57,1.58,1.56,1.57,148900
LST,20260709,4.76,4.78,4.76,4.76,15600
LTMH,20260709,7.35,7.45,6.7,7.05,250400
LTS,20260709,2.5,2.54,2.46,2.54,802700
LUXF,20260709,9.2,9.2,9.2,9.2,1300
M,20260709,20.9,21.5,20.9,21.4,1307300
M-CHAI,20260709,18.5,22.5,18.5,19.2,252300
M-PAT,20260709,1.59,1.59,1.59,1.59,100
M-STOR,20260709,7.8,7.8,7.6,7.7,900
MADAME,20260709,0.5,0.5,0.48,0.48,1515800
MAGURO,20260709,18,18.4,17.9,18.4,836400
MAJOR,20260709,6.65,6.8,6.65,6.8,989800
MALEE,20260709,3.98,4.04,3.96,4.02,477500
MASTEC,20260709,1.98,2.08,1.98,2.06,3803900
MASTER,20260709,8.4,8.65,8.4,8.6,578000
MATCH,20260709,0.88,0.9,0.87,0.9,26000
MBAX,20260709,1.9,1.93,1.89,1.9,151700
MBK,20260709,19.7,20.1,19.6,20,1516200
MC,20260709,11.6,11.7,11.5,11.6,694200
MCA,20260709,1.28,1.29,1.27,1.28,84400
MCOT,20260709,6.05,6.4,5.95,6.15,1521200
MCS,20260709,7.75,7.85,7.75,7.85,672300
MDX,20260709,2.48,2.92,2.48,2.82,7855900
MEB,20260709,12.2,12.5,12,12.4,1120400
MEDEZE,20260709,6.5,6.65,6.45,6.55,1170700
MEGA,20260709,37,37.5,36.75,37.5,457300
MENA,20260709,0.72,0.74,0.72,0.73,694600
METCO,20260709,294,295,294,294,7700
MFC,20260709,19.7,19.8,19.6,19.8,21300
MFEC,20260709,5.85,5.85,5.8,5.85,214600
MGC,20260709,7.1,7.35,7.05,7.2,3240400
MGI,20260709,6.35,6.5,6.35,6.4,2159200
MGT,20260709,1.8,1.82,1.8,1.82,245100
MICRO,20260709,1.04,1.09,1.03,1.06,2855000
MIDA,20260709,0.48,0.5,0.47,0.5,1832000
MII,20260709,6,6.05,6,6,38000
MINT,20260709,23.2,23.7,23.1,23.6,26500500
MITSIB,20260709,0.56,0.57,0.55,0.56,321400
MJD,20260709,0.31,0.31,0.3,0.31,251400
MJLF,20260709,5.65,5.7,5.65,5.7,128300
MK,20260709,0.56,0.69,0.56,0.63,3391900
ML,20260709,1.58,1.63,1.58,1.61,1293200
MMM,20260709,2.76,2.76,2.7,2.76,172000
MNIT,20260709,1.96,1.96,1.96,1.96,2000
MNIT2,20260709,5,5,5,5,100
MNRF,20260709,2.02,2.02,2.02,2.02,21300
MODERN,20260709,2.02,2.04,2.02,2.04,17100
MONO,20260709,0.76,0.78,0.74,0.76,19944200
MOONG,20260709,2.3,2.3,2.28,2.3,324200
MORE,20260709,0.05,0.06,0.05,0.05,16800
MOSHI,20260709,37.75,39.5,37.5,39.5,1190400
MOTHER,20260709,1.13,1.16,1.13,1.15,533100
MPJ,20260709,3.64,3.66,3.62,3.66,210100
MRDIYT,20260709,9.85,10.2,9.8,10,6465000
MSC,20260709,5.95,6.2,5.9,6.2,11500
MST,20260709,7.65,7.75,7.65,7.75,29300
MTC,20260709,31.75,32.5,31.5,32.25,18810500
MTI,20260709,18.5,19,18.5,18.9,280500
MTW,20260709,0.79,0.8,0.77,0.77,32800
MUD,20260709,0.96,0.97,0.9,0.92,45800
NAM,20260709,3.44,3.44,3.4,3.44,32200
NAT,20260709,1.78,1.79,1.75,1.75,277500
NATION,20260709,0.03,0.04,0.03,0.03,2171100
NC,20260709,1.92,2.22,1.92,1.94,4227600
NCAP,20260709,2.84,2.96,2.82,2.96,18276600
NCH,20260709,0.42,0.43,0.41,0.42,22100
NCL,20260709,0.19,0.2,0.18,0.18,754500
NCP,20260709,1.05,1.05,1.04,1.05,1700
NDR,20260709,1.8,1.85,1.79,1.79,316000
NEO,20260709,20.5,21,20.5,20.8,648100
NEP,20260709,0.18,0.19,0.18,0.19,450200
NER,20260709,4.42,4.44,4.4,4.42,2606500
NETBAY,20260709,12.8,13,12.7,12.9,1476100
NEX,20260709,0.99,1.01,0.98,1,13634700
NKT,20260709,3.7,3.7,3.68,3.7,101400
NL,20260709,0.7,0.7,0.7,0.7,28900
NNCL,20260709,1.69,1.7,1.68,1.69,140000
NOBLE,20260709,1.8,1.82,1.8,1.82,344800
NOVA,20260709,6.7,6.7,6.7,6.7,100
NPK,20260709,12.5,12.7,12.5,12.7,300
NRF,20260709,0.24,0.26,0.24,0.24,135500
NSL,20260709,22.2,22.7,22.2,22.6,273800
NTF,20260709,14.2,14.6,14.2,14.6,400000
NTSC,20260709,6.25,6.3,6.1,6.25,101100
NTV,20260709,18.8,18.8,18.6,18.7,15200
NUT,20260709,4.86,4.9,4.84,4.9,34400
NV,20260709,0.6,0.63,0.58,0.6,497100
NVD,20260709,0.86,0.91,0.82,0.87,2649800
NYT,20260709,3.92,4,3.92,4,1158500
OGC,20260709,9.8,9.8,9.8,9.8,100
OHTL,20260709,265,265,262,265,700
OKJ,20260709,3.64,3.74,3.64,3.74,1183700
ONEE,20260709,3.08,3.3,3,3.2,3707300
ONSENS,20260709,1.17,1.19,1.17,1.19,321000
OR,20260709,12.5,12.7,12.4,12.6,16617300
ORI,20260709,1.77,1.84,1.77,1.84,3375600
ORN,20260709,0.78,0.79,0.77,0.78,750500
OSP,20260709,17.1,17.4,17.1,17.3,6124400
PACO,20260709,1.36,1.38,1.35,1.37,72900
PAF,20260709,0.92,0.94,0.91,0.92,620300
PANEL,20260709,1.19,1.21,1.19,1.2,9900
PAP,20260709,2.36,2.42,2.34,2.36,18000
PATO,20260709,6.25,6.25,6.2,6.25,4600
PB,20260709,47.25,48,47,48,4700
PCC,20260709,2.86,2.96,2.86,2.96,1069800
PCE,20260709,2.08,2.12,2.08,2.12,1990100
PCSGH,20260709,3.04,3.04,3,3,95500
PDG,20260709,3.16,3.16,3.16,3.16,24600
PDJ,20260709,0.97,0.97,0.96,0.97,33100
PEACE,20260709,1.5,1.53,1.5,1.51,19600
PEER,20260709,0.1,0.1,0.09,0.1,81900
PERM,20260709,0.26,0.27,0.24,0.26,239900
PF,20260709,0.04,0.05,0.04,0.04,263600
PG,20260709,6.45,6.7,6.45,6.65,1700
PHG,20260709,10.1,10.3,10.1,10.3,27700
PHOL,20260709,3.04,3.1,3.04,3.08,112100
PIMO,20260709,1.1,1.11,1.09,1.11,666500
PIN,20260709,4.26,4.32,4.26,4.32,361000
PIS,20260709,4.3,4.4,4.3,4.4,379100
PJW,20260709,2.08,2.08,2.06,2.08,124500
PK,20260709,0.45,0.48,0.45,0.47,621200
PL,20260709,1.3,1.3,1.26,1.28,235000
PLANB,20260709,4.76,5.1,4.76,5.05,55452400
PLANET,20260709,0.59,0.59,0.55,0.57,338900
PLAT,20260709,1.27,1.33,1.27,1.3,7488400
PLE,20260709,0.08,0.08,0.07,0.08,2655700
PLT,20260709,0.53,0.54,0.53,0.54,432500
PLUS,20260709,1.31,1.36,1.31,1.35,481800
PM,20260709,11.1,11.1,11,11.1,176800
PMC,20260709,0.91,0.91,0.89,0.91,430900
PMTA,20260709,9.6,9.6,9.55,9.55,2400
POLY,20260709,6.8,6.9,6.7,6.9,69100
POPF,20260709,7.9,8.1,7.9,8.1,346800
PORT,20260709,0.62,0.64,0.62,0.64,135400
PPM,20260709,2.04,2.1,2.04,2.08,134700
PPP,20260709,0.79,0.79,0.74,0.74,2600
PPPM,20260709,0.21,0.22,0.2,0.22,306500
PPS,20260709,0.18,0.18,0.17,0.18,350300
PQS,20260709,1.79,1.85,1.79,1.81,99400
PR9,20260709,17.2,17.5,17.2,17.5,4657000
PRAKIT,20260709,10.1,10.1,10,10,5100
PRAPAT,20260709,0.8,0.81,0.79,0.81,27700
PREB,20260709,3.5,3.5,3.42,3.46,46000
PRECHA,20260709,0.46,0.46,0.41,0.42,22000
PRG,20260709,9.25,9.25,9.15,9.2,1800
PRI,20260709,3.32,3.4,3.32,3.38,168200
PRIME,20260709,0.05,0.06,0.05,0.06,52100
PRIN,20260709,1.4,1.4,1.4,1.4,100
PRINC,20260709,1.7,1.72,1.7,1.72,977900
PRM,20260709,8.9,9.15,8.9,9.05,4540200
PROEN,20260709,0.9,0.92,0.9,0.91,194400
PROS,20260709,0.16,0.18,0.16,0.17,298900
PROSPECT,20260709,10.3,10.5,10.3,10.4,1447000
PROUD,20260709,1.03,1.03,1.01,1.01,364900
PRTR,20260709,3.46,3.56,3.42,3.54,725000
PSGC,20260709,5.05,5.1,5,5.05,92400
PSH,20260709,3.58,3.6,3.52,3.6,875200
PSL,20260709,7.4,7.7,7.4,7.65,4453800
PSP,20260709,7.1,7.5,7,7.05,3896900
PSTC,20260709,0.3,0.32,0.3,0.32,1468500
PT,20260709,11.2,11.3,11.1,11.3,200100
PTC,20260709,0.58,0.59,0.57,0.59,186200
PTG,20260709,7.45,7.6,7.45,7.55,6812600
PTL,20260709,14.3,14.3,14.1,14.3,340000
PTT,20260709,36.75,37.25,36.75,37,134913100
PTTEP,20260709,141,141,138,139.5,33845000
PTTGC,20260709,34.25,34.5,33.5,34.25,27322800
PYLON,20260709,3.5,3.56,3.48,3.56,448300
Q-CON,20260709,6.15,6.2,6.1,6.2,36100
QDC,20260709,0.06,0.07,0.06,0.07,2179800
QH,20260709,1.36,1.38,1.36,1.37,15306800
QHBREIT,20260709,3.76,3.78,3.76,3.78,34700
QHHRREIT,20260709,8.2,8.3,8.2,8.3,259800
QHOP,20260709,3.3,3.36,3.3,3.36,2100
QLT,20260709,1.67,1.83,1.67,1.83,23900
QTC,20260709,4.6,4.6,4.52,4.54,49300
QTCG,20260709,0.09,0.09,0.08,0.08,60100
RABBIT,20260709,0.34,0.35,0.34,0.35,8878900
RAM,20260709,18,18,17.9,18,123100
RATCH,20260709,34.5,35.75,34.25,35.5,8556400
RBF,20260709,4.92,5.15,4.92,5,1632200
RCL,20260709,32.25,32.75,32,32.75,2718500
READY,20260709,3.02,3.04,2.98,3.04,95900
RICHY,20260709,0.15,0.15,0.15,0.15,1171700
RJH,20260709,13.7,14,13.7,13.9,239900
RML,20260709,0.09,0.1,0.09,0.09,323000
ROCK,20260709,10.6,10.6,10,10.4,600
ROCTEC,20260709,0.64,0.68,0.64,0.67,4425100
ROJNA,20260709,5.5,5.6,5.45,5.55,2945400
RP,20260709,0.68,0.7,0.66,0.68,97200
RPC,20260709,0.36,0.36,0.34,0.34,1743800
RPH,20260709,5,5,4.94,4.98,109900
RS,20260709,0.14,0.14,0.13,0.13,813700
RSP,20260709,0.94,0.95,0.94,0.94,44600
RT,20260709,0.29,0.3,0.29,0.3,3210100
RWI,20260709,0.15,0.17,0.15,0.17,239600
S,20260709,0.49,0.5,0.48,0.49,1682500
S11,20260709,4.22,4.24,4.18,4.24,38700
SA,20260709,7.05,7.1,7.05,7.1,6800
SAAM,20260709,4.68,4.68,4.64,4.68,54600
SABINA,20260709,15.5,15.7,15.5,15.7,234700
SAF,20260709,0.41,0.43,0.4,0.42,610800
SAFE,20260709,5.65,5.65,5.5,5.65,435000
SAK,20260709,3.22,3.3,3.22,3.28,3019900
SALEE,20260709,0.59,0.64,0.58,0.61,9678600
SAMART,20260709,5.45,5.7,5.45,5.7,2846600
SAMCO,20260709,0.82,0.84,0.81,0.83,84500
SAMTEL,20260709,3.04,3.12,3.04,3.1,221300
SANKO,20260709,1.4,1.47,1.4,1.45,2330200
SAPPE,20260709,31,31.75,31,31.75,355000
SAT,20260709,15.9,16,15.9,15.9,487600
SAUCE,20260709,40.75,41.25,40.75,41.25,18700
SAV,20260709,11.2,11.5,11.1,11.2,974100
SAWAD,20260709,23.4,24.2,23.3,24.1,27942900
SC,20260709,1.86,1.92,1.86,1.9,6566500
SCAP,20260709,1.7,1.77,1.69,1.75,11186000
SCB,20260709,153,155,152,155,21439300
SCC,20260709,237,242,235,241,6004300
SCCC,20260709,146.5,148,146.5,148,106100
SCG,20260709,2.84,2.84,2.8,2.84,24900
SCGD,20260709,5.05,5.05,5,5.05,107300
SCGP,20260709,27.5,28.5,27.25,28.25,8920300
SCI,20260709,0.91,0.93,0.88,0.93,44600
SCL,20260709,1.58,1.6,1.57,1.59,237400
SCM,20260709,0.13,0.13,0.12,0.13,54300
SCN,20260709,0.39,0.4,0.39,0.4,91500
SCP,20260709,8.95,9.05,8.95,9,171700
SDC,20260709,0.02,0.03,0.02,0.02,3743100
SE,20260709,0.52,0.52,0.49,0.51,1234900
SE-ED,20260709,1.59,1.59,1.4,1.55,6500
SEAFCO,20260709,2.8,2.94,2.8,2.94,822900
SEAOIL,20260709,3.16,3.18,3.12,3.12,990300
SECURE,20260709,12.9,13.4,12.9,13.3,127400
SEI,20260709,1.67,1.69,1.65,1.66,65400
SELIC,20260709,2.78,2.82,2.78,2.82,81400
SENA,20260709,1.74,1.75,1.72,1.74,194700
SENX,20260709,0.21,0.22,0.21,0.22,966800
SFLEX,20260709,2.96,3,2.94,3,1194900
SFT,20260709,1.4,1.41,1.4,1.41,8500
SGC,20260709,1.51,1.65,1.49,1.63,246280200
SGF,20260709,0.14,0.15,0.14,0.15,268300
SGP,20260709,8,8,7.9,7.95,75700
SHR,20260709,1.67,1.7,1.66,1.69,2527500
SIAM,20260709,0.77,0.78,0.76,0.77,18400
SICT,20260709,2.84,2.96,2.84,2.96,886400
SIMAT,20260709,1.24,1.28,1.24,1.27,1122200
SINGER,20260709,10.6,11.6,10.5,11.6,21530000
SINO,20260709,0.89,0.92,0.88,0.9,794300
SIRI,20260709,1.44,1.47,1.43,1.47,39397300
SIS,20260709,22.6,23.7,22.6,23.7,1217700
SISB,20260709,9.9,10.6,9.9,10.5,7376900
SITHAI,20260709,1,1.01,0.99,1,1572100
SJWD,20260709,8.1,8.45,8.1,8.45,3949100
SK,20260709,0.52,0.52,0.51,0.52,182600
SKE,20260709,0.18,0.2,0.18,0.19,640000
SKIN,20260709,0.86,0.88,0.86,0.88,134800
SKN,20260709,5.45,5.45,5.25,5.4,307700
SKR,20260709,7.9,8.05,7.85,8.05,166800
SKY,20260709,14.6,15.6,14.6,15.4,3062600
SLP,20260709,0.5,0.54,0.5,0.53,266200
SMART,20260709,0.54,0.54,0.53,0.53,1300500
SMD100,20260709,1.15,1.15,1.13,1.14,92500
SMIT,20260709,3.5,3.52,3.5,3.52,24600
SMO,20260709,3.74,3.78,3.7,3.76,1376100
SMPC,20260709,9.2,9.3,9.2,9.3,151600
SMT,20260709,3.3,3.56,3.28,3.52,17021200
SNC,20260709,7.8,8.2,7.8,8.15,361000
SNNP,20260709,6.85,6.85,6.75,6.85,406300
SNP,20260709,8.9,8.95,8.9,8.9,13500
SNPS,20260709,4.54,4.54,4.48,4.52,6000
SO,20260709,4.64,4.64,4.62,4.64,41600
SOLAR,20260709,0.23,0.24,0.22,0.23,1952700
SONIC,20260709,1.5,1.52,1.5,1.5,151500
SORKON,20260709,3.5,3.5,3.46,3.5,111700
SPA,20260709,3.22,3.3,3.2,3.28,2825300
SPACK,20260709,1.39,1.45,1.38,1.43,255800
SPALI,20260709,15.7,15.9,15.7,15.8,4653600
SPC,20260709,55.5,55.75,55,55.5,16000
SPCG,20260709,9,9.05,8.95,9,821700
SPG,20260709,11,11,11,11,1000
SPI,20260709,32.25,33.75,32,33.5,78100
SPRC,20260709,8.15,8.3,8,8.1,40501700
SPREME,20260709,1.48,1.54,1.48,1.53,2331600
SPRIME,20260709,4.14,4.16,4.12,4.14,110200
SPTX,20260709,0.01,0.01,0.01,0.01,2621000
SPVI,20260709,3.18,3.3,3.16,3.3,655200
SQ,20260709,0.2,0.2,0.18,0.2,499200
SR,20260709,0.38,0.42,0.37,0.38,1369900
SRICHA,20260709,17.9,18.6,17.9,18.3,812400
SRIPANWA,20260709,5.1,5.1,5.05,5.1,45600
SRS,20260709,1.79,1.83,1.77,1.79,37900
SSF,20260709,5,5.05,5,5.05,7300
SSP,20260709,3.96,4.2,3.96,4.16,2609800
SSPF,20260709,3.1,3.1,3.1,3.1,700
SSSC,20260709,2.22,2.22,2.2,2.22,89500
SST,20260709,0.95,1.05,0.92,1.02,83400
SSTRT,20260709,4.7,4.7,4.68,4.7,34800
STA,20260709,17.9,18.3,17.8,18,12252300
STANLY,20260709,238,238,235,238,38500
STARM,20260709,0.94,0.95,0.93,0.95,55800
STC,20260709,0.6,0.61,0.6,0.61,57900
STECH,20260709,1.2,1.2,1.18,1.2,88900
STECON,20260709,17.5,18.4,17.4,18.3,24494600
STELLA,20260709,0.29,0.3,0.28,0.29,3334400
STGT,20260709,10.5,10.7,10.4,10.7,1647500
STI,20260709,1.74,1.74,1.69,1.7,5300
STOWER,20260709,0.03,0.04,0.03,0.04,1343400
STP,20260709,12,12.3,12,12.2,17600
STPI,20260709,5.1,5.35,5.1,5.35,4631200
STX,20260709,0.84,0.85,0.83,0.85,547200
SUC,20260709,27.25,27.25,27,27.25,38900
SUN,20260709,2.32,2.36,2.32,2.34,79800
SUPER,20260709,0.12,0.13,0.12,0.12,9255600
SUPEREIF,20260709,6.2,6.2,6.15,6.2,181200
SUSCO,20260709,2.16,2.22,2.14,2.22,1284600
SVOA,20260709,1.77,1.78,1.75,1.78,203500
SVR,20260709,0.32,0.34,0.32,0.34,553100
SVT,20260709,1.26,1.28,1.25,1.28,314400
SWC,20260709,4.58,4.58,4.54,4.54,10400
SYMC,20260709,5.65,5.85,5.5,5.8,561500
SYNEX,20260709,8.9,9.2,8.9,9.2,2769600
SYNTEC,20260709,1.65,1.69,1.65,1.69,1586100
TACC,20260709,6.15,6.35,6.15,6.3,3352200
TAE,20260709,1.51,1.53,1.48,1.48,6348700
TAKUNI,20260709,0.39,0.4,0.38,0.4,2562800
TAN,20260709,3.78,3.88,3.78,3.88,12600
TASCO,20260709,13.7,13.8,13.6,13.8,2364100
TATG,20260709,1,1.02,0.99,1,3958600
TBN,20260709,3.54,3.54,3.5,3.54,14000
TBSP,20260709,0.87,0.87,0.87,0.87,2500
TC,20260709,6.55,6.7,6.55,6.65,38600
TCAP,20260709,71.25,72.75,71.25,71.75,2651900
TCC,20260709,0.32,0.32,0.3,0.31,1714700
TCJ,20260709,2.4,2.42,2.4,2.4,7500
TCMC,20260709,0.31,0.32,0.29,0.3,2636500
TCOAT,20260709,26.5,26.5,26.5,26.5,1900
TEAM,20260709,4.4,4.56,4.34,4.52,2168200
TEAMG,20260709,2.96,3.06,2.96,3.04,3327800
TEGH,20260709,3.08,3.12,3.06,3.12,572200
TEKA,20260709,1.71,1.73,1.7,1.73,3900
TERA,20260709,1.11,1.18,1.11,1.17,381300
TFFIF,20260709,6.75,6.75,6.7,6.7,2532900
TFG,20260709,10.9,11,10.8,10.9,8784900
TFI,20260709,0.05,0.05,0.05,0.05,1400
TFM,20260709,6.5,6.55,6.4,6.45,1580200
TFMAMA,20260709,187,187,186,186.5,6600
TGE,20260709,1.02,1.02,0.97,1.01,388700
TGPRO,20260709,0.02,0.03,0.02,0.03,22364900
TH,20260709,0.47,0.5,0.47,0.48,2239200
THAI,20260709,6,6.05,5.9,6,92618300
THANA,20260709,1.54,1.55,1.53,1.53,23600
THANI,20260709,2.02,2.08,1.98,2.04,30271100
THCOM,20260709,11,11.3,11,11.2,3083900
THE,20260709,0.78,0.8,0.77,0.79,9600
THG,20260709,7.4,7.55,7.4,7.55,473400
THIP,20260709,20.9,21,20.9,21,5400
THMUI,20260709,0.31,0.33,0.3,0.32,985600
THRE,20260709,0.39,0.39,0.38,0.39,398600
THREL,20260709,0.99,1,0.98,1,493100
TIDLOR,20260709,18.9,19.3,18.8,19.1,22514300
TIF1,20260709,8,8,7.95,7.95,800
TIGER,20260709,0.54,0.56,0.53,0.56,2431900
TIPCO,20260709,6.15,6.35,6.15,6.2,397900
TIPH,20260709,23.4,23.9,23.4,23.7,474600
TISCO,20260709,122,123.5,122,123,4184100
TITLE,20260709,8.75,8.95,8.75,8.8,698300
TK,20260709,4.22,4.22,4.18,4.2,26700
TKC,20260709,8.35,8.45,8.35,8.45,177600
TKN,20260709,3.98,4.08,3.96,4.08,1875200
TKS,20260709,7.15,7.3,7.15,7.3,134700
TKT,20260709,0.74,0.74,0.74,0.74,2100
TL,20260709,0.41,0.42,0.38,0.41,6666900
TLHPF,20260709,4.64,4.64,4.64,4.64,200
TLI,20260709,11.8,12,11.7,11.9,13080000
TM,20260709,0.93,0.93,0.92,0.93,109700
TMAN,20260709,10.8,11,10.8,10.9,180700
TMC,20260709,0.69,0.69,0.67,0.67,79400
TMD,20260709,26.75,26.75,26.75,26.75,200
TMI,20260709,0.47,0.47,0.46,0.47,255900
TMILL,20260709,2.58,2.58,2.58,2.58,13300
TMT,20260709,3.3,3.36,3.28,3.36,116200
TMW,20260709,58.75,59.25,58.75,59.25,48500
TNDT,20260709,0.13,0.15,0.13,0.14,144700
TNH,20260709,29,29.25,29,29,5900
TNITY,20260709,2.42,2.46,2.42,2.46,58200
TNP,20260709,2.88,2.88,2.84,2.86,119500
TNPC,20260709,0.88,0.91,0.88,0.91,135200
TNPF,20260709,1.06,1.06,1.06,1.06,1900
TNR,20260709,5.45,5.5,5.35,5.45,130500
TOA,20260709,14.7,15.2,14.7,15.2,5255200
TOG,20260709,7.65,7.7,7.6,7.7,97800
TOP,20260709,49.5,50.25,48.5,49.25,31560100
TPA,20260709,2.5,2.5,2.5,2.5,1000
TPAC,20260709,8.9,8.9,8.3,8.7,96400
TPBI,20260709,3.16,3.18,3.14,3.16,168800
TPCH,20260709,1.38,1.38,1.37,1.38,202700
TPIPL,20260709,0.8,0.82,0.79,0.82,20707800
TPIPP,20260709,1.76,1.77,1.75,1.76,4084900
TPL,20260709,0.54,0.54,0.54,0.54,332000
TPLAS,20260709,1.1,1.1,1.06,1.08,176200
TPOLY,20260709,0.1,0.1,0.09,0.1,410600
TPP,20260709,12.6,12.6,12.5,12.6,4200
TPRIME,20260709,7.6,7.7,7.55,7.6,3800
TPS,20260709,3.16,3.18,3.16,3.18,52000
TQM,20260709,14.4,15.3,14.4,15.1,676800
TQR,20260709,5.55,5.55,5.4,5.55,25700
TRC,20260709,0.58,0.58,0.55,0.57,1642500
TRITN,20260709,0.02,0.03,0.02,0.02,1134800
TRP,20260709,4.28,4.28,4.16,4.24,17700
TRT,20260709,14.1,14.3,13.9,14.1,3056300
TRU,20260709,3.82,3.82,3.8,3.82,16000
TRUBB,20260709,1.05,1.08,1.05,1.07,2781700
TRUE,20260709,13,13.4,12.9,13.3,104617400
TRV,20260709,1.49,1.51,1.49,1.51,2300
TSC,20260709,15,15.1,15,15.1,18000
TSE,20260709,0.81,0.82,0.79,0.79,9771400
TSI,20260709,0.06,0.06,0.05,0.06,2800
TSTH,20260709,0.9,0.91,0.88,0.89,2157000
TTA,20260709,4.78,4.9,4.78,4.88,3525300
TTB,20260709,2.6,2.68,2.58,2.64,440422900
TTI,20260709,26,26,26,26,100
TTLPF,20260709,9.45,9.45,9.4,9.45,45100
TTT,20260709,40,40,40,40,3000
TTW,20260709,9.9,10,9.85,9.9,3670600
TU,20260709,11.8,11.9,11.7,11.8,8913700
TU-PF,20260709,1.16,1.16,1.15,1.15,1600
TURBO,20260709,1.56,1.62,1.55,1.61,19856200
TVDH,20260709,0.05,0.05,0.05,0.05,702200
TVH,20260709,10.3,10.3,10.1,10.3,58700
TVO,20260709,26.5,26.75,26.25,26.5,953800
TVT,20260709,0.22,0.23,0.21,0.23,71000
TWP,20260709,1.1,1.12,1.1,1.12,52100
TWPC,20260709,2.86,2.86,2.84,2.86,62900
TWZ,20260709,0.01,0.02,0.01,0.01,1537200
TYCN,20260709,1.66,1.67,1.65,1.67,10600
UAC,20260709,2.56,2.58,2.54,2.54,149700
UBA,20260709,1.08,1.1,1.08,1.08,140100
UBE,20260709,0.59,0.59,0.56,0.57,13321300
UBIS,20260709,1.34,1.36,1.31,1.36,208200
UEC,20260709,0.8,0.81,0.78,0.78,52000
UKEM,20260709,1.05,1.09,1.05,1.09,8366100
UMI,20260709,0.89,0.93,0.89,0.92,906100
UMS,20260709,0.63,0.69,0.62,0.65,32347200
UNIQ,20260709,2.64,2.7,2.64,2.7,126600
UNIX,20260709,1.67,1.73,1.67,1.73,6468800
UP,20260709,23.6,23.6,23.5,23.5,5500
UPOIC,20260709,6.9,6.9,6.9,6.9,1800
UREKA,20260709,0.49,0.5,0.46,0.46,77447700
UTP,20260709,8.2,8.35,8.2,8.3,191600
UV,20260709,0.83,0.83,0.81,0.83,403800
UVAN,20260709,14.7,14.9,14.7,14.8,198400
VARO,20260709,3.94,3.98,3.94,3.98,6400
VCOM,20260709,3.98,4,3.94,3.98,157200
VGI,20260709,0.9,0.98,0.89,0.97,279250500
VIBE,20260709,0.31,0.33,0.31,0.33,21200
VIBHA,20260709,1.38,1.38,1.36,1.36,2138700
VIH,20260709,8.5,8.75,8.5,8.7,499700
VL,20260709,0.8,0.8,0.8,0.8,391800
VNG,20260709,2,2.02,1.97,1.99,99400
VPO,20260709,0.48,0.49,0.46,0.47,2900800
VRANDA,20260709,4.4,4.44,4.38,4.44,4800
VS,20260709,0.37,0.37,0.35,0.36,48000
WARRIX,20260709,1.37,1.38,1.36,1.37,146200
WASH,20260709,4,4.02,3.98,4,582500
WAVE,20260709,0.03,0.04,0.03,0.03,1907500
WFX,20260709,0.98,0.98,0.94,0.96,79300
WGE,20260709,0.71,0.73,0.69,0.72,580200
WHA,20260709,5,5.15,4.98,5.1,65272300
WHABT,20260709,6.2,6.25,6.2,6.2,226900
WHAIR,20260709,7.9,8,7.9,7.95,800800
WHART,20260709,11,11.1,10.9,11.1,1381200
WHAUP,20260709,6.85,7.55,6.8,7.5,57188600
WICE,20260709,2.9,2.92,2.84,2.88,2324900
WIIK,20260709,1.16,1.19,1.16,1.18,1106700
WIN,20260709,0.28,0.29,0.27,0.29,47500
WINDOW,20260709,0.72,0.74,0.72,0.73,294200
WINMED,20260709,0.81,0.81,0.78,0.8,86000
WINNER,20260709,2.16,2.18,2.14,2.18,339300
WORK,20260709,3.5,3.5,3.46,3.48,31500
WP,20260709,3.7,3.72,3.68,3.72,123100
WPH,20260709,5.85,5.95,5.8,5.9,274900
XBIO,20260709,0.06,0.07,0.06,0.06,1353700
XO,20260709,18.9,19.1,18.8,19.1,436600
XPG,20260709,0.43,0.45,0.43,0.44,17920100
XYZ,20260709,0.26,0.27,0.26,0.27,62600
YGG,20260709,0.19,0.19,0.18,0.19,1191400
YONG,20260709,0.72,0.74,0.71,0.71,40100
YUASA,20260709,14.2,14.3,14.2,14.3,17800
ZAA,20260709,1.7,1.7,1.7,1.7,200
ZEN,20260709,5.65,5.65,5.5,5.6,17400
ZIGA,20260709,0.87,0.9,0.87,0.89,4026100
RABBIT-P-O,20260709,0.35,0.35,0.35,0.35,2
TCAP-P-O,20260709,364,364,364,364,4
TISCO-P-O,20260709,892,892,892,892,4
RABBIT-P,20260709,0.35,0.36,0.35,0.36,232400
VAYU1-O,20260709,11.6,11.6,11.5,11.5,164
VAYU1,20260709,11.5,11.6,11.5,11.6,957900
!AGRO,20260709,329.21,334.27,328.85,333.7,15294860000
!CONSUMP,20260709,45.21,45.69,45.19,45.69,2001940000
!FINCIAL,20260709,183.69,186.98,183.02,186.72,120506770000
!INDUS,20260709,67.31,67.92,66.64,67.76,13398890000
!PROPCON,20260709,79.7,81.12,79.69,80.92,51439710000
!RESOURC,20260709,173.94,175.45,172.98,175.29,103839810000
!SERVICE,20260709,300.71,304.82,300.71,304.31,109430990000
!TECH,20260709,645.75,653.84,640.24,651.8,50643320000
$AGRI,20260709,203.26,205.94,203.05,204.65,2804980000
$AUTO,20260709,324.16,326.24,323.21,325.57,1988810000
$BANK,20260709,596.32,607.42,593.65,606.37,68108720000
$COMM,20260709,20928.8,21320.3,20901.3,21275.7,18327600000
$CONMAT,20260709,5991.38,6105.45,5976.86,6094.34,7060770000
$CONS,20260709,44.34,46.24,44.34,46.16,9413910000
$ENERG,20260709,19840.1,20011.9,19729.9,19993.4,103839810000
$ETRON,20260709,34680.2,35071.7,34245.9,34958,15630630000
$FASHION,20260709,482.4,486.52,482.4,486.27,1026830000
$FIN,20260709,2186.01,2228.67,2178.76,2223.39,50583700000
$FOOD,20260709,9200.65,9347.97,9188.27,9333.03,12489880000
$HELTH,20260709,4357.24,4412.12,4356.33,4395.55,8401900000
$HOME,20260709,16,16.05,15.9,15.99,479430000
$ICT,20260709,228.95,232.54,228.54,231.76,35012690000
$IMM,20260709,23.44,23.95,23.4,23.81,1626510000
$INSUR,20260709,9988.73,10145.5,9962.98,10112.8,1814350000
$MEDIA,20260709,15.7,16.45,15.66,16.37,36491030000
$PAPER,20260709,2306.77,2348.96,2306.77,2334.9,19160000
$PERSON,20260709,78.26,79.37,77.97,79.37,495680000
$PETRO,20260709,631.33,631.61,619.96,630.41,4544860000
$PF&REIT,20260709,143.8,144.63,143.32,144.48,1690220000
$PKG,20260709,2941.48,3015.94,2920.13,3000.32,2358550000
$PROF,20260709,128.43,135.48,128.33,133.93,5390810000
$PROP,20260709,172.59,176.04,172.53,175.22,33274810000
$STEEL,20260709,19.38,19.71,19.31,19.51,2861000000
$TOURISM,20260709,431.89,442.55,431.67,440.24,6224530000
$TRANS,20260709,238.52,240.83,238.19,240.01,34595120000
MAI,20260709,221.26,223.5,221.26,223.37,322960170
SET,20260709,1590.12,1609.96,1586.03,1608.3,11299411653
SET100,20260709,2240.88,2270.34,2236.06,2267.43,3334794800
SET50,20260709,1046.26,1058.72,1043.61,1057.12,1868174000
SETHD,20260709,1453.63,1473.03,1448.48,1472.24,1129639500
BBL-F,20260709,200,200,195.5,195.5,8600
CPTREIT-F,20260709,6.45,6.45,6.45,6.45,1000
DIF-F,20260709,10.2,10.2,10.2,10.2,6600
KBANK-F,20260709,229,229,229,229,23500
OR-F,20260709,12.5,12.5,12.5,12.5,149600
PTT-F,20260709,36.75,37.25,36.75,36.75,888000
PTTEP-F,20260709,139,139,138.5,139,4300
PTTGC-F,20260709,33.5,34,33.5,34,87000
SCB-F,20260709,154.5,155,154.5,155,10000
TOP-F,20260709,48.75,49,48.75,49,119100
TTB-F,20260709,2.62,2.64,2.62,2.64,561700
!AGRO-M,20260709,66.21,67.05,66.18,67.05,1087500000
!CONSUMP-M,20260709,11.92,12.03,11.92,11.96,690420000
!FINCIAL-M,20260709,31.18,31.47,30.83,30.88,912990000
!INDUS-M,20260709,46.34,46.77,46.29,46.7,12759080000
!PROPCON-M,20260709,13.89,14.17,13.89,14.08,4569040000
!RESOURC-M,20260709,14.7,15.08,14.53,15.01,5139930000
!SERVICE-M,20260709,42.83,43.31,42.83,43.2,3799700000
!TECH-M,20260709,19.24,19.63,19.21,19.6,1086880000
SET100FF,20260709,2141.69,2170.43,2137.35,2167.51,333479480000
SET50FF,20260709,1002.71,1015,1000.51,1013.43,186817400000
SETCLMV,20260709,750.24,763.18,749.01,762.48,137535400000
SETESG,20260709,957.03,970.88,955.32,969.95,267924870000
SETWB,20260709,626.16,635.8,626.09,634.24,60617450000
SSET,20260709,628.31,642.6,628.31,642.6,44918770000
