<TICKER>,<DTYYYYMMDD>,<OPEN>,<HIGH>,<LOW>,<CLOSE>,<VOL>
1DIV-O,20260312,11.87,11.87,11.87,11.87,10
1I01BSET50-O,20260312,4.19,4.19,4.19,4.19,12
2X01BSET50-O,20260312,6.55,6.55,6.55,6.55,1
BMSCITH-O,20260312,11.45,11.45,11.45,11.45,1
BSET100-O,20260312,10.35,10.4,10.33,10.37,27
CHINA-O,20260312,7.03,7.03,7.03,7.03,55
GLD-O,20260312,6.45,6.47,6.45,6.47,214
TDEX-O,20260312,9.11,9.2,9.04,9.18,333
1DIV,20260312,11.86,11.95,11.83,11.94,35200
1I01BSET50,20260312,4.18,4.18,4.13,4.13,3500
2I01BSET50,20260312,3.48,3.48,3.32,3.32,1945300
2X01BSET50,20260312,6.3,6.61,6.3,6.61,184400
BMSCITH,20260312,11.4,11.63,11.4,11.63,906000
BSET100,20260312,10.25,10.41,10.24,10.41,26000
CHINA,20260312,7.03,7.04,7,7.01,13000
GLD,20260312,6.43,6.46,6.42,6.46,1117700
TDEX,20260312,9.06,9.2,9.03,9.18,577000
2S,20260312,2.44,2.56,2.44,2.54,86500
3BBIF,20260312,6.6,6.65,6.55,6.65,2163700
88TH,20260312,5,5.75,5,5.5,9851600
A5,20260312,1.83,1.84,1.83,1.84,600
AAI,20260312,3.5,3.5,3.42,3.46,3263800
AAV,20260312,1.09,1.12,1.07,1.1,135322700
ABM,20260312,0.59,0.63,0.59,0.6,8100
ACC,20260312,0.4,0.4,0.39,0.4,635300
ACE,20260312,1.28,1.29,1.28,1.29,675000
ACG,20260312,0.61,0.62,0.61,0.61,101000
ADB,20260312,0.56,0.58,0.56,0.58,1900
ADD,20260312,3.98,4.02,3.96,4,12200
ADVANC,20260312,357,368,357,368,4857800
ADVICE,20260312,5.5,5.6,5.45,5.6,818600
AE,20260312,0.08,0.08,0.07,0.08,7670000
AEONTS,20260312,91.5,91.75,90,91.25,415700
AF,20260312,0.36,0.37,0.35,0.37,22000
AFC,20260312,3.08,3.08,3.08,3.08,500
AGE,20260312,1.11,1.16,1.11,1.14,3446900
AH,20260312,13.3,13.4,13.2,13.3,354900
AI,20260312,2.96,2.96,2.94,2.94,88100
AIE,20260312,1.07,1.14,1.06,1.11,10207000
AIMCG,20260312,1.29,1.31,1.29,1.3,76900
AIMIRT,20260312,10.9,11.1,10.9,11.1,79400
AIRA,20260312,1.14,1.14,1.14,1.14,1400
AIT,20260312,4.84,4.86,4.8,4.82,1154500
AJ,20260312,1.84,2.04,1.83,2,6497600
AJA,20260312,0.16,0.17,0.16,0.17,948400
AKP,20260312,0.71,0.72,0.7,0.71,335400
AKR,20260312,0.89,0.89,0.88,0.89,607500
ALLA,20260312,1.21,1.22,1.2,1.22,142900
ALLY,20260312,4.32,4.34,4.26,4.32,129800
ALPHAX,20260312,0.51,0.53,0.5,0.53,23062000
ALT,20260312,1,1.02,0.98,1.02,246500
ALUCON,20260312,217,217,217,217,300
AMA,20260312,3.98,4.02,3.96,4,123500
AMANAH,20260312,0.69,0.71,0.69,0.7,643300
AMARC,20260312,3.54,3.72,3.44,3.66,6453200
AMARIN,20260312,2.56,3.48,2.56,2.94,295600
AMATA,20260312,18.3,18.8,18.2,18.7,13531000
AMATAR,20260312,6.5,6.65,6.5,6.65,4500
AMATAV,20260312,2.06,2.06,2,2.04,78300
AMC,20260312,2.04,2.08,2.04,2.08,23300
AMR,20260312,0.35,0.36,0.34,0.35,200900
ANAN,20260312,0.38,0.38,0.37,0.38,1800800
ANI,20260312,2.68,2.72,2.62,2.7,15100
AOT,20260312,50.25,50.75,49.5,50.5,38813700
AP,20260312,8.75,8.8,8.65,8.75,5644100
APCO,20260312,2.76,2.78,2.72,2.78,11600
APCS,20260312,1.19,1.19,1.19,1.19,100
APO,20260312,1.9,1.99,1.89,1.98,908700
APP,20260312,2.6,2.66,2.6,2.66,237600
APURE,20260312,2.14,2.2,2.12,2.2,18100
AQUA,20260312,0.14,0.14,0.13,0.14,851600
ARIN,20260312,0.51,0.54,0.51,0.53,666100
ARIP,20260312,0.42,0.43,0.42,0.43,29600
ARROW,20260312,5.25,5.25,5.2,5.25,6600
AS,20260312,2.6,2.68,2.6,2.68,550600
ASAP,20260312,1.15,1.18,1.15,1.18,10500
ASEFA,20260312,3.92,3.94,3.88,3.92,59200
ASIAN,20260312,7.15,7.15,7.05,7.1,412300
ASIMAR,20260312,1.61,1.65,1.61,1.65,1345100
ASK,20260312,8.65,8.9,8.55,8.8,295200
ASN,20260312,0.71,0.71,0.7,0.71,400
ASP,20260312,2.06,2.1,2.04,2.08,638100
ASW,20260312,7.55,7.6,7.45,7.55,217400
ATLAS,20260312,1.78,1.89,1.76,1.86,14477500
ATP30,20260312,0.85,0.86,0.84,0.86,289200
AU,20260312,4.82,4.94,4.82,4.92,288800
AUCT,20260312,5.1,5.2,5.1,5.15,271700
AURA,20260312,13.3,13.4,12.9,13.4,896600
AWC,20260312,2.04,2.1,2,2.08,87159300
AXTRART,20260312,12.4,12.6,12.4,12.5,1633900
AYUD,20260312,37.25,37.25,36.5,37.25,12500
B,20260312,0.04,0.04,0.03,0.04,3786900
B-WORK,20260312,5.35,5.35,5.3,5.35,124500
B52,20260312,0.26,0.28,0.26,0.28,5100
BA,20260312,13.9,14.2,13.7,14.1,12611100
BAFS,20260312,8.25,8.45,8.25,8.4,73100
BAM,20260312,7.1,7.25,7.05,7.2,9066100
BANPU,20260312,5.85,6.05,5.8,6,108287500
BAREIT,20260312,10.7,10.7,10.6,10.7,373600
BAY,20260312,25.75,26,25.25,25.75,661300
BBGI,20260312,3.76,3.86,3.72,3.84,3220300
BBIK,20260312,20.2,21,20.2,20.9,3820900
BBL,20260312,166,169,166,168.5,5427200
BC,20260312,0.69,0.69,0.68,0.68,34500
BCH,20260312,9.8,9.9,9.7,9.9,9436800
BCP,20260312,36.25,37.75,36,37.75,10774700
BCPG,20260312,6.4,6.5,6.15,6.45,33949400
BCT,20260312,44,44,44,44,800
BDMS,20260312,18.5,18.8,18.4,18.7,123636100
BE8,20260312,5.55,5.65,5.45,5.65,477000
BEAUTY,20260312,0.34,0.37,0.34,0.36,9832100
BEC,20260312,1.98,2.06,1.98,2.02,704100
BEM,20260312,5.25,5.45,5.25,5.45,43900100
BEYOND,20260312,8.75,8.75,8.6,8.6,41200
BGC,20260312,4.32,4.42,4.32,4.42,161300
BGRIM,20260312,11.4,12,11.3,11.8,26958100
BGT,20260312,0.4,0.4,0.39,0.39,63600
BH,20260312,178,178.5,175,176.5,6964800
BIG,20260312,0.3,0.3,0.29,0.29,740000
BIOTEC,20260312,0.18,0.19,0.18,0.19,1682600
BIS,20260312,1.94,2.06,1.93,2.04,150500
BIZ,20260312,4.8,4.84,4.74,4.8,336600
BJC,20260312,13.4,14.2,13.4,14.1,12209200
BJCHI,20260312,0.56,0.58,0.56,0.57,46100
BKA,20260312,0.87,0.92,0.85,0.9,2134200
BKD,20260312,1.1,1.12,1.09,1.11,35200
BKGI,20260312,1.38,1.38,1.34,1.38,12300
BKIH,20260312,308,311,308,309,25600
BLA,20260312,19.6,19.9,19.5,19.8,757600
BLAND,20260312,0.42,0.43,0.41,0.43,4685200
BLC,20260312,3.92,3.98,3.88,3.92,319000
BLESS,20260312,0.21,0.23,0.21,0.22,119300
BM,20260312,1.01,1.01,0.99,1.01,354300
BOFFICE,20260312,5.2,5.25,5.15,5.25,185000
BOL,20260312,5.05,5.05,5,5.05,34900
BPP,20260312,12,12.6,12,12.5,371700
BPS,20260312,0.41,0.43,0.41,0.42,49400
BR,20260312,1.61,1.61,1.59,1.61,116500
BRI,20260312,1.41,1.42,1.38,1.42,238200
BRR,20260312,3.74,3.92,3.72,3.8,58800
BRRGIF,20260312,3.7,3.7,3.68,3.7,181800
BSBM,20260312,0.57,0.58,0.55,0.56,54300
BSM,20260312,0.36,0.45,0.34,0.38,18000
BTC,20260312,0.2,0.21,0.19,0.21,1637800
BTG,20260312,20,20.9,19.9,20.8,5992000
BTNC,20260312,19.8,19.9,19.2,19.8,9000
BTS,20260312,2.08,2.12,2.04,2.1,48369000
BTSGIF,20260312,2.52,2.54,2.5,2.54,1144100
BTW,20260312,0.09,0.09,0.08,0.09,173300
BUI,20260312,12.7,12.8,12.6,12.7,227100
BVG,20260312,1.7,1.72,1.68,1.68,135200
BWG,20260312,0.34,0.39,0.33,0.38,174892000
BYD,20260312,0.51,0.53,0.5,0.52,4523300
CAZ,20260312,1.54,1.54,1.5,1.54,4900
CBG,20260312,35,36,34.75,35.75,4853900
CCET,20260312,4.74,4.9,4.74,4.86,47124000
CCP,20260312,0.25,0.26,0.25,0.25,242500
CEN,20260312,0.57,0.57,0.55,0.56,173400
CENTEL,20260312,32.75,34.25,32.75,34,3187900
CEYE,20260312,1.49,1.5,1.49,1.5,30100
CFARM,20260312,0.77,0.82,0.76,0.8,1290500
CFRESH,20260312,0.7,0.72,0.69,0.71,185100
CGD,20260312,0.11,0.12,0.11,0.11,431900
CGH,20260312,0.44,0.44,0.43,0.43,272200
CH,20260312,1.66,1.67,1.66,1.66,65400
CHAO,20260312,4.5,4.6,4.4,4.44,219900
CHASE,20260312,0.49,0.5,0.49,0.5,505600
CHAYO,20260312,1.07,1.12,1.06,1.1,1326100
CHEWA,20260312,0.19,0.19,0.18,0.18,70500
CHG,20260312,1.48,1.49,1.46,1.49,15649600
CHIC,20260312,0.29,0.29,0.28,0.29,53700
CHOW,20260312,1.27,1.27,1.23,1.23,33400
CI,20260312,0.32,0.32,0.31,0.32,9000
CIG,20260312,0.02,0.03,0.02,0.03,761200
CITY,20260312,1.23,1.24,1.23,1.23,4300
CIVIL,20260312,0.87,0.91,0.87,0.89,121000
CK,20260312,15.5,15.8,15.3,15.8,4384900
CKP,20260312,2.3,2.38,2.28,2.36,5029200
CM,20260312,1.61,1.62,1.6,1.61,3500
CMAN,20260312,2.68,2.72,2.62,2.72,1468100
CMC,20260312,0.42,0.43,0.42,0.43,6000
CMO,20260312,0.85,0.88,0.78,0.83,2147100
CMR,20260312,1.37,1.38,1.35,1.38,157100
CNT,20260312,1.05,1.09,1.05,1.06,76200
COCOCO,20260312,5.75,5.8,5.7,5.75,688700
COLOR,20260312,1,1,1,1,1000
COM7,20260312,23.4,24.1,23,23.9,17761700
COMAN,20260312,0.55,0.55,0.45,0.55,30700
CPALL,20260312,46.25,47.25,45.75,47.25,31909600
CPANEL,20260312,1.95,2,1.95,2,5700
CPAXT,20260312,14.6,15.8,14.5,15.6,59166000
CPF,20260312,18.7,19.1,18.6,19.1,23710700
CPH,20260312,8.5,8.55,8.4,8.5,119400
CPI,20260312,3.6,3.64,3.58,3.62,3568300
CPL,20260312,0.62,0.65,0.62,0.62,96000
CPN,20260312,63.25,66.5,63,66.5,15987400
CPNCG,20260312,6.2,6.2,6.1,6.15,1032000
CPNREIT,20260312,11.5,11.7,11.4,11.6,2672700
CPR,20260312,2.72,2.76,2.7,2.72,24500
CPT,20260312,0.97,1,0.96,1,75400
CPTREIT,20260312,5.5,5.55,5.5,5.55,61000
CPW,20260312,2.2,2.24,2.14,2.24,106800
CRANE,20260312,0.43,0.43,0.42,0.43,67500
CRC,20260312,17.8,19.1,17.7,18.9,25687800
CRD,20260312,0.34,0.35,0.34,0.35,20700
CREDIT,20260312,16.9,17,16.8,16.9,238700
CSC,20260312,45.25,45.5,45,45.5,14900
CSP,20260312,0.38,0.39,0.38,0.38,16700
CSR,20260312,70,70,70,70,200
CSS,20260312,0.77,0.77,0.76,0.76,267200
CTARAF,20260312,4.6,4.6,4.56,4.58,101000
CTW,20260312,3.02,3.2,3,3.16,154300
CWT,20260312,0.86,0.86,0.84,0.86,550200
D,20260312,2.68,2.72,2.68,2.72,144500
DCC,20260312,1.24,1.24,1.21,1.22,1718200
DCON,20260312,0.22,0.23,0.22,0.23,895500
DDD,20260312,5.85,6,5.8,5.8,25400
DELTA,20260312,255,262,254,262,13038900
DEMCO,20260312,2.38,2.38,2.36,2.38,26800
DHOUSE,20260312,0.39,0.41,0.39,0.4,20300
DIF,20260312,9.45,9.5,9.45,9.45,4971400
DIMET,20260312,0.05,0.05,0.05,0.05,643000
DITTO,20260312,11,11.3,10.9,11.2,616000
DMT,20260312,11,11.2,11,11.2,960100
DOD,20260312,1.74,1.85,1.74,1.79,2282600
DOHOME,20260312,3.28,3.38,3.22,3.34,12099200
DPAINT,20260312,0.62,0.64,0.62,0.64,162600
DREIT,20260312,4.74,4.76,4.72,4.76,124500
DRT,20260312,4.86,4.88,4.84,4.84,131100
DTCENT,20260312,0.86,0.87,0.85,0.86,160800
DUSIT,20260312,10.4,10.5,10.2,10.5,147000
DV8,20260312,4.24,4.26,4.14,4.24,259600
EA,20260312,2.7,2.72,2.64,2.7,21249400
EASON,20260312,1.15,1.15,1.1,1.13,440100
EAST,20260312,0.7,0.7,0.69,0.7,91000
EASTW,20260312,2.6,2.68,2.54,2.66,766200
EFORL,20260312,0.13,0.14,0.13,0.14,4226600
EGATIF,20260312,6.1,6.1,6,6.05,1676900
EGCO,20260312,113,114.5,112,114.5,1582600
EKH,20260312,5.05,5.05,5,5,88300
EMC,20260312,0.03,0.03,0.02,0.02,4994700
EMPIRE,20260312,0.6,0.61,0.58,0.6,5188800
EP,20260312,1.18,1.18,1.15,1.16,252800
EPG,20260312,3.36,3.48,3.34,3.44,3465700
ERW,20260312,2.58,2.64,2.52,2.6,25299100
ESTAR,20260312,0.22,0.23,0.22,0.23,2813200
ETC,20260312,0.61,0.64,0.61,0.64,3375700
ETE,20260312,0.6,0.61,0.59,0.61,103500
ETL,20260312,0.54,0.54,0.5,0.53,1634400
EURO,20260312,4.38,4.42,4.26,4.26,2300
EVER,20260312,0.05,0.05,0.04,0.05,2542900
FANCY,20260312,0.28,0.29,0.28,0.29,17200
FE,20260312,166,184,165,184,1800
FLOYD,20260312,1.11,1.12,1.1,1.11,524200
FM,20260312,3.8,3.88,3.78,3.88,853000
FMT,20260312,22.4,22.4,22.4,22.4,200
FN,20260312,0.42,0.44,0.42,0.43,11600
FNS,20260312,0.62,0.66,0.62,0.64,55000
FORTH,20260312,7.1,7.2,7.05,7.15,1144700
FPI,20260312,1.69,1.7,1.63,1.7,29800
FPT,20260312,6.25,6.3,6.15,6.3,16600
FSMART,20260312,6.2,6.35,6.1,6.3,580200
FSX,20260312,1.2,1.44,1.2,1.32,3114700
FTE,20260312,1.97,2.02,1.96,1.99,131200
FTI,20260312,1.71,1.8,1.67,1.67,10600
FTREIT,20260312,10.9,11,10.8,11,2242300
FUTURERT,20260312,8.95,8.95,8.95,8.95,83700
FVC,20260312,0.33,0.33,0.31,0.33,1014800
GABLE,20260312,3.94,3.98,3.9,3.94,270700
GAHREIT,20260312,4.38,4.38,4.32,4.32,17100
GBX,20260312,0.55,0.57,0.55,0.57,234600
GC,20260312,4.42,4.46,4.4,4.42,98200
GCAP,20260312,0.28,0.28,0.27,0.27,192100
GEL,20260312,0.03,0.04,0.03,0.04,1491400
GENCO,20260312,0.26,0.27,0.26,0.27,250800
GFC,20260312,2.9,2.94,2.9,2.9,10400
GFPT,20260312,9.05,9.1,8.95,9.05,1479600
GGC,20260312,2.98,3.02,2.92,2.98,125200
GJS,20260312,0.1,0.11,0.1,0.1,159900
GLOBAL,20260312,6.6,6.85,6.55,6.8,5568300
GLORY,20260312,0.59,0.59,0.58,0.59,16200
GPI,20260312,1.65,1.65,1.64,1.65,6200
GPSC,20260312,33,34.75,32.75,34,13424000
GRAMMY,20260312,3.82,3.88,3.78,3.78,2400
GREEN,20260312,0.61,0.61,0.58,0.59,22900
GROREIT,20260312,7.8,7.8,7.7,7.8,15800
GTB,20260312,0.73,0.74,0.72,0.73,214000
GTV,20260312,0.03,0.04,0.03,0.04,1376500
GULF,20260312,54.25,56.25,54,56.25,38568200
GUNKUL,20260312,2.2,2.28,2.2,2.24,30275200
GVREIT,20260312,6.4,6.45,6.4,6.45,83200
GYT,20260312,185,185,185,185,300
HANA,20260312,24.1,25.5,24.1,24.9,54579400
HANN,20260312,0.99,1.04,0.98,1.01,3111200
HARN,20260312,2.02,2.04,2,2.04,17000
HEALTH,20260312,0.39,0.41,0.39,0.41,15200
HENG,20260312,0.89,0.91,0.88,0.9,2018500
HFT,20260312,4.1,4.2,4.1,4.18,220800
HL,20260312,6.75,6.75,6.65,6.65,33900
HMPRO,20260312,6.3,6.5,6.2,6.45,31873100
HPF,20260312,5.5,5.55,5.5,5.55,27200
HTC,20260312,15.9,16,15.8,15.9,91800
HTECH,20260312,2.82,2.84,2.76,2.84,512900
HUMAN,20260312,4.48,4.5,4.42,4.44,1959400
HYDRO,20260312,2.76,2.76,2.6,2.72,5400
HYDROGEN,20260312,8.15,8.2,8,8.2,87000
I2,20260312,0.65,0.66,0.65,0.65,139200
ICHI,20260312,14.2,14.4,14.1,14.4,9609900
ICN,20260312,1.76,1.78,1.74,1.75,219900
IDG,20260312,1.51,1.53,1.48,1.51,167900
IFS,20260312,1.87,1.91,1.86,1.89,11400
IHL,20260312,1.45,1.45,1.43,1.45,26600
IIG,20260312,1.38,1.41,1.34,1.4,215200
III,20260312,3.98,3.98,3.94,3.96,141500
ILINK,20260312,4.66,4.66,4.56,4.66,369700
ILM,20260312,13.4,13.6,13.4,13.5,420000
IMH,20260312,2.96,3.02,2.96,3.02,115200
IMPACT,20260312,11.4,11.4,11.2,11.4,129500
IND,20260312,1.14,1.18,1.14,1.17,381000
INET,20260312,3.44,3.5,3.3,3.44,2855300
INETREIT,20260312,12.2,12.3,12.1,12.2,2759900
INGRS,20260312,0.29,0.29,0.28,0.28,22300
INOX,20260312,0.38,0.4,0.38,0.39,249300
INSET,20260312,2.56,2.76,2.5,2.7,8742500
IP,20260312,3.94,3.94,3.84,3.9,62400
IRC,20260312,11.3,11.5,11.2,11.3,9700
IRCP,20260312,0.26,0.27,0.26,0.26,62700
IROYAL,20260312,5.6,5.6,5.5,5.55,71800
IRPC,20260312,1.15,1.26,1.14,1.25,106726300
ISSARA,20260312,7.25,7.4,7.25,7.3,1400
IT,20260312,4.06,4.08,4.02,4.08,59400
ITC,20260312,14.9,14.9,14.6,14.7,2664700
ITD,20260312,0.23,0.23,0.22,0.23,897100
ITEL,20260312,1.18,1.22,1.18,1.2,2145500
ITNS,20260312,1.71,1.72,1.7,1.72,25100
ITTHI,20260312,1.16,1.23,1.16,1.21,165500
IVF,20260312,0.78,0.78,0.75,0.77,1026400
IVL,20260312,18.8,20.6,18.7,20.3,47963600
J,20260312,0.63,0.64,0.63,0.64,53500
JAK,20260312,0.78,0.78,0.78,0.78,2200
JAS,20260312,1.26,1.28,1.24,1.27,63122500
JCK,20260312,0.13,0.13,0.12,0.13,864600
JDF,20260312,1.99,1.99,1.98,1.99,104100
JMART,20260312,7.1,7.35,7.05,7.25,11529500
JMT,20260312,8.8,9.2,8.75,9.1,9714600
JPARK,20260312,3.08,3.18,2.98,3.18,2314900
JR,20260312,1.76,1.77,1.74,1.76,85400
JSP,20260312,1.96,1.98,1.91,1.98,176500
JTS,20260312,59.25,61.5,57.25,60,1920500
JUBILE,20260312,7.4,7.4,7.3,7.4,26400
K,20260312,1.07,1.1,1.07,1.09,2800
KAMART,20260312,9.45,9.5,9.2,9.3,1799000
KASET,20260312,0.57,0.58,0.56,0.57,205600
KBANK,20260312,188.5,189.5,187.5,189,16191800
KBS,20260312,6.15,6.15,6.05,6.05,1677500
KBSPIF,20260312,8.25,8.25,8.2,8.2,32100
KC,20260312,0.02,0.03,0.02,0.02,58500
KCAR,20260312,4.9,4.9,4.86,4.9,100100
KCC,20260312,2.1,2.16,2.08,2.12,19300
KCE,20260312,19.6,20.7,19.6,20.3,51158500
KCG,20260312,10,10,9.7,9.85,984400
KCM,20260312,0.17,0.17,0.15,0.17,122000
KGEN,20260312,1.26,1.26,1.2,1.25,2215000
KGI,20260312,4.32,4.34,4.3,4.34,1650500
KIAT,20260312,0.34,0.35,0.34,0.35,1084200
KISS,20260312,3.32,3.34,3.28,3.32,394900
KJL,20260312,5.8,5.85,5.8,5.85,31900
KK,20260312,1,1.06,1,1.04,107200
KKP,20260312,72.25,73,72,72.75,2649200
KLINIQ,20260312,25.5,25.75,25,25.75,118000
KOOL,20260312,0.3,0.3,0.29,0.3,351200
KPNREIT,20260312,1.89,1.89,1.89,1.89,300
KSL,20260312,1.24,1.31,1.24,1.3,2290200
KTB,20260312,34.25,35,34,35,63793200
KTBSTMR,20260312,5.4,5.5,5.4,5.45,29400
KTC,20260312,28.75,30.5,28.5,29.75,34930900
KTIS,20260312,1.88,1.89,1.81,1.87,291900
KTMS,20260312,1.9,1.95,1.9,1.93,22900
KUMWEL,20260312,1.1,1.11,1.08,1.08,56200
KUN,20260312,0.72,0.72,0.7,0.71,13000
KWM,20260312,0.87,0.87,0.86,0.86,59800
KYE,20260312,288,288,287,287,200
L&E,20260312,0.9,1.13,0.9,1.03,29000
LALIN,20260312,4.8,4.82,4.76,4.76,19100
LANNA,20260312,15.4,15.7,15.4,15.5,865200
LDC,20260312,0.25,0.26,0.25,0.25,243900
LEE,20260312,2.68,2.72,2.68,2.72,99000
LEO,20260312,1.85,1.88,1.82,1.88,72300
LH,20260312,3.76,3.82,3.7,3.8,32447400
LHFG,20260312,1,1.02,1,1.01,2617900
LHHOTEL,20260312,12.9,12.9,12.5,12.8,2422700
LHK,20260312,3.36,3.36,3.32,3.34,73400
LHRREIT,20260312,4.28,4.28,4.24,4.26,13200
LHSC,20260312,13.9,14.1,13.9,14.1,208900
LIT,20260312,0.64,0.66,0.63,0.65,64700
LOXLEY,20260312,1.37,1.4,1.36,1.38,151600
LPH,20260312,3.68,3.72,3.68,3.72,20800
LPN,20260312,1.55,1.59,1.53,1.58,1117700
LST,20260312,4.6,4.68,4.6,4.64,125900
LTMH,20260312,4.68,4.74,4.68,4.72,41800
LTS,20260312,2.18,2.44,2.16,2.32,3539000
LUXF,20260312,8.85,8.85,8.65,8.85,10200
M,20260312,19.8,20.1,19.7,19.9,4165100
M-CHAI,20260312,19.1,19.1,18.9,19.1,13100
M-PAT,20260312,1.28,1.3,1.28,1.3,3100
M-STOR,20260312,7.4,7.4,7.4,7.4,1000
MADAME,20260312,0.55,0.55,0.53,0.54,50300
MAGURO,20260312,21.4,21.9,21.1,21.6,733400
MAJOR,20260312,8.05,8.05,7.7,7.85,4347200
MALEE,20260312,4.54,4.72,4.54,4.56,3252200
MANRIN,20260312,22.4,22.4,22.4,22.4,100
MASTEC,20260312,1.29,1.3,1.23,1.3,11433400
MASTER,20260312,9.55,9.85,9.45,9.8,2027700
MATCH,20260312,0.89,0.99,0.85,0.96,4800
MATI,20260312,3.14,3.96,3.14,3.7,37700
MBAX,20260312,1.59,1.66,1.57,1.63,23800
MBK,20260312,18.4,18.4,17.9,18.3,3764800
MC,20260312,11.1,11.2,11,11.1,829700
MCA,20260312,1.15,1.15,1.13,1.14,246700
MCOT,20260312,6.25,6.55,6.05,6.3,2533400
MCS,20260312,9.45,9.6,9.45,9.5,574300
MDX,20260312,2.36,2.42,2.36,2.42,63000
MEB,20260312,14.2,14.5,14,14.2,483700
MEDEZE,20260312,6.25,6.3,6.15,6.2,508400
MEGA,20260312,34.75,34.75,34.25,34.5,748900
MENA,20260312,0.7,0.7,0.69,0.7,150100
METCO,20260312,264,266,264,265,1100
MFC,20260312,23.9,24,23.5,23.8,27100
MFEC,20260312,5.8,5.9,5.8,5.9,72200
MGC,20260312,4.12,4.2,4.12,4.2,27600
MGI,20260312,5.35,5.35,5.3,5.35,125000
MGT,20260312,1.83,1.86,1.83,1.86,58600
MICRO,20260312,0.95,0.96,0.94,0.95,316600
MIDA,20260312,0.24,0.25,0.23,0.24,426800
MII,20260312,4.9,4.94,4.9,4.94,19500
MINT,20260312,22.3,22.8,21.8,22.7,51126100
MIPF,20260312,9.3,9.3,9.3,9.3,200
MITSIB,20260312,0.55,0.56,0.53,0.56,96200
MJD,20260312,0.33,0.35,0.33,0.35,1300
MJLF,20260312,5.05,5.05,5,5.05,198400
MK,20260312,0.53,0.53,0.51,0.53,157600
ML,20260312,0.45,0.47,0.42,0.46,24800
MMM,20260312,2.68,2.88,2.68,2.86,1240500
MNRF,20260312,2.1,2.1,2.1,2.1,10100
MODERN,20260312,2.06,2.06,2.06,2.06,6700
MONO,20260312,1.12,1.12,1.1,1.1,5086900
MOONG,20260312,2.2,2.22,2.16,2.18,35100
MORE,20260312,0.03,0.04,0.03,0.03,798300
MOSHI,20260312,33,33,32.25,33,540400
MOTHER,20260312,1.15,1.17,1.12,1.16,1253100
MPJ,20260312,3.92,3.96,3.88,3.96,82800
MRDIYT,20260312,9,9,8.9,8.9,2102200
MSC,20260312,7.05,7.05,6.95,7,17400
MST,20260312,6.85,6.9,6.75,6.9,45600
MTC,20260312,30.75,32.5,30.25,32,15480100
MTI,20260312,15.3,15.5,15.1,15.2,64500
MTW,20260312,0.81,0.82,0.79,0.81,148100
MUD,20260312,0.86,0.86,0.86,0.86,100
NAM,20260312,3.72,3.8,3.72,3.8,10200
NAT,20260312,2.34,2.36,2.26,2.36,5100
NATION,20260312,0.05,0.05,0.04,0.04,1035800
NC,20260312,1.88,1.88,1.88,1.88,800
NCAP,20260312,2.66,2.82,2.66,2.72,4357000
NCH,20260312,0.41,0.41,0.38,0.39,97200
NCL,20260312,0.22,0.23,0.21,0.23,692800
NCP,20260312,1.02,1.04,1,1.01,33500
NDR,20260312,1.45,1.45,1.44,1.44,2400
NEO,20260312,20.1,20.3,19.9,20.1,197100
NEP,20260312,0.2,0.21,0.2,0.21,1100
NER,20260312,4.72,4.76,4.7,4.74,8452000
NETBAY,20260312,18.8,19.1,18.8,19,500100
NEX,20260312,1.01,1.05,1,1.03,16690100
NKI,20260312,12.7,12.7,12.7,12.7,400
NKT,20260312,4.2,4.2,4.16,4.2,70000
NL,20260312,0.63,0.66,0.63,0.66,592400
NNCL,20260312,1.56,1.56,1.53,1.56,89400
NOBLE,20260312,2.12,2.14,2.02,2.08,5353800
NOVA,20260312,7.7,7.7,7.7,7.7,2300
NSL,20260312,22.8,23.2,22.8,23.1,688700
NTF,20260312,11.6,14.6,11.6,14.3,23016600
NTSC,20260312,6.55,6.85,6.5,6.75,46300
NTV,20260312,23,23.2,22.9,23,13400
NUT,20260312,4.06,4.24,4.06,4.24,14000
NV,20260312,0.53,0.53,0.51,0.52,12900
NYT,20260312,3.92,4.02,3.88,3.92,10829100
OGC,20260312,9.2,9.2,9.2,9.2,1200
OHTL,20260312,280,280,276,280,1600
OKJ,20260312,3.66,3.76,3.58,3.76,1151500
ONEE,20260312,2.7,2.72,2.62,2.66,1871000
ONSENS,20260312,1.19,1.21,1.16,1.19,2803700
OR,20260312,11,11.4,11,11.3,22658500
ORI,20260312,1.87,1.94,1.86,1.93,1348000
ORN,20260312,0.78,0.79,0.78,0.79,465900
OSP,20260312,14.3,14.7,14.2,14.6,17839600
PACO,20260312,1.3,1.3,1.29,1.29,74300
PAF,20260312,0.66,0.7,0.66,0.67,61600
PANEL,20260312,1.24,1.25,1.21,1.24,82400
PAP,20260312,2,2,1.94,1.99,3600
PATO,20260312,7.1,7.1,7,7,30300
PB,20260312,48.5,49.5,48.5,49.5,900
PCC,20260312,2.7,2.72,2.7,2.72,187000
PCE,20260312,2.28,2.44,2.28,2.44,3262600
PCSGH,20260312,3.06,3.08,3.02,3.06,36700
PDG,20260312,3.06,3.18,3.06,3.16,62600
PDJ,20260312,0.96,0.98,0.96,0.98,3400
PEACE,20260312,1.8,1.8,1.79,1.79,3200
PEER,20260312,0.09,0.09,0.08,0.09,35500
PERM,20260312,0.19,0.19,0.18,0.19,9500
PHG,20260312,13.2,13.2,12.9,13.1,40700
PHOL,20260312,2.78,2.84,2.78,2.8,90400
PICO,20260312,4.26,4.26,4.26,4.26,1000
PIMO,20260312,1,1.01,1,1.01,443900
PIN,20260312,4.2,4.24,4.18,4.22,139200
PIS,20260312,3.5,3.58,3.48,3.58,470800
PJW,20260312,2.12,2.14,2.08,2.14,250300
PK,20260312,0.39,0.4,0.39,0.4,103800
PL,20260312,1.27,1.3,1.27,1.3,90800
PLANB,20260312,4.2,4.4,4.18,4.34,19308700
PLANET,20260312,0.38,0.4,0.37,0.38,1554900
PLAT,20260312,1.06,1.12,1.06,1.11,2957100
PLE,20260312,0.18,0.18,0.17,0.18,686100
PLT,20260312,0.51,0.52,0.5,0.51,423600
PLUS,20260312,1.3,1.36,1.28,1.34,1203400
PM,20260312,11.4,11.6,11.4,11.5,95700
PMC,20260312,0.88,0.89,0.86,0.89,229500
PMTA,20260312,9.5,9.65,9.5,9.65,46900
POPF,20260312,6.85,6.9,6.85,6.9,115500
PORT,20260312,0.51,0.52,0.5,0.52,54100
PPM,20260312,1.21,1.22,1.17,1.22,31400
PPP,20260312,0.8,0.8,0.8,0.8,8100
PPPM,20260312,0.24,0.25,0.23,0.24,617200
PPS,20260312,0.19,0.2,0.18,0.18,56500
PQS,20260312,1.41,1.45,1.4,1.45,206100
PR9,20260312,17,17.1,16.8,17,3338900
PRAKIT,20260312,11.4,12,11.4,11.8,118700
PRAPAT,20260312,0.74,0.74,0.73,0.74,71900
PREB,20260312,3.9,3.96,3.9,3.9,88800
PRECHA,20260312,0.5,0.5,0.5,0.5,2000
PRG,20260312,9.5,9.5,9.4,9.5,9100
PRI,20260312,4,4.08,4,4.06,17600
PRIME,20260312,0.06,0.06,0.05,0.05,2086700
PRINC,20260312,1.75,1.85,1.74,1.78,130900
PRM,20260312,7.55,7.6,7.35,7.45,8038000
PROEN,20260312,1.04,1.06,1.02,1.03,552400
PROS,20260312,0.3,0.31,0.29,0.31,462100
PROSPECT,20260312,7.05,7.05,6.95,7,298400
PROUD,20260312,1.01,1.06,1,1.05,803000
PRTR,20260312,3.56,3.58,3.52,3.56,879700
PSGC,20260312,3.22,3.26,3.14,3.26,225500
PSH,20260312,3.54,3.62,3.52,3.62,634800
PSL,20260312,7.25,7.35,7,7.05,16493700
PSP,20260312,4.46,4.5,4.44,4.5,458700
PSTC,20260312,0.27,0.27,0.26,0.26,925400
PT,20260312,11.9,11.9,11.8,11.9,126500
PTC,20260312,0.59,0.64,0.59,0.62,54200
PTECH,20260312,1.71,1.72,1.69,1.72,2900
PTG,20260312,8,8.15,7.85,8.15,8306200
PTL,20260312,8.2,8.45,8.15,8.45,409900
PTT,20260312,33.25,35,33.25,35,175474000
PTTEP,20260312,145,145,141.5,144.5,23441300
PTTGC,20260312,27.25,29,27,28.25,64638600
PYLON,20260312,3.28,3.28,3.2,3.28,768800
Q-CON,20260312,7.25,7.3,7.2,7.25,60800
QDC,20260312,0.11,0.15,0.11,0.15,14528000
QH,20260312,1.36,1.39,1.36,1.39,12443300
QHBREIT,20260312,3.54,3.56,3.52,3.56,319900
QHHRREIT,20260312,6.9,7.05,6.9,7,468000
QHOP,20260312,2.7,2.9,2.7,2.88,1100
QLT,20260312,1.52,1.57,1.52,1.57,30100
QTC,20260312,3.62,3.62,3.62,3.62,11500
QTCG,20260312,0.11,0.11,0.09,0.11,3293900
RABBIT,20260312,0.31,0.34,0.31,0.33,15201000
RAM,20260312,18.5,18.5,18.1,18.2,46900
RATCH,20260312,28,29,28,29,3935400
RBF,20260312,3.66,3.7,3.62,3.66,894200
RCL,20260312,29.75,30,29.25,29.75,2616600
READY,20260312,3.2,3.22,3.1,3.18,94000
RICHY,20260312,0.16,0.17,0.15,0.17,679000
RJH,20260312,12.8,12.9,12.6,12.9,82800
RML,20260312,0.11,0.12,0.1,0.11,1189600
ROCK,20260312,11,11.1,10.9,11.1,2300
ROCTEC,20260312,0.59,0.61,0.58,0.6,1259000
ROJNA,20260312,4.98,5.05,4.96,5.05,4438000
RP,20260312,0.54,0.54,0.53,0.54,13800
RPC,20260312,0.27,0.3,0.27,0.28,2875700
RPH,20260312,5,5,4.98,4.98,205600
RS,20260312,0.16,0.17,0.16,0.17,824100
RSP,20260312,0.95,0.97,0.94,0.95,62000
RT,20260312,0.27,0.28,0.26,0.27,843000
RWI,20260312,0.18,0.19,0.17,0.19,306400
S,20260312,0.54,0.55,0.53,0.55,1379700
S11,20260312,3.98,4.04,3.94,4.04,101600
SA,20260312,6.85,7.2,6.85,7.2,67500
SAAM,20260312,4.78,4.82,4.78,4.82,86900
SABINA,20260312,16,16,15.8,15.8,270400
SAF,20260312,0.32,0.33,0.31,0.32,77000
SAFE,20260312,6.05,6.1,6.05,6.1,93800
SAK,20260312,3.38,3.46,3.32,3.44,1197000
SALEE,20260312,0.37,0.37,0.37,0.37,700
SAMART,20260312,5.6,5.8,5.5,5.75,711900
SAMCO,20260312,0.7,0.7,0.69,0.7,5000
SAMTEL,20260312,3.76,3.86,3.76,3.86,4400
SANKO,20260312,0.84,0.87,0.84,0.87,759900
SAPPE,20260312,30,30,29,29.25,839600
SAT,20260312,14.4,14.4,14.3,14.3,407900
SAUCE,20260312,41.75,41.75,41,41,5100
SAV,20260312,11.7,11.9,11.5,11.7,653200
SAWAD,20260312,24.5,25.5,24.2,25.5,10061600
SC,20260312,1.97,1.99,1.95,1.97,9082300
SCAP,20260312,1.11,1.14,1.09,1.12,1590400
SCB,20260312,143.5,144,143,143.5,11631900
SCC,20260312,172.5,182,171.5,181,7056200
SCCC,20260312,140,140.5,139,140,72900
SCG,20260312,2.22,2.32,2.22,2.28,99000
SCGD,20260312,5.05,5.15,5,5.1,102900
SCGP,20260312,17.3,18.1,17.2,17.9,12676500
SCI,20260312,0.95,0.98,0.95,0.98,35400
SCL,20260312,1.23,1.23,1.21,1.21,55200
SCM,20260312,0.13,0.13,0.12,0.13,359600
SCN,20260312,0.35,0.37,0.34,0.37,218700
SCP,20260312,7.8,8,7.8,7.9,989300
SDC,20260312,0.02,0.03,0.02,0.03,1322100
SE,20260312,0.46,0.46,0.43,0.45,282400
SEAFCO,20260312,2.44,2.46,2.4,2.4,251700
SEAOIL,20260312,3.84,3.84,3.68,3.72,3218700
SECURE,20260312,12.4,12.4,12.2,12.4,150900
SEI,20260312,2.16,2.4,2.16,2.32,39300
SELIC,20260312,2.6,2.6,2.6,2.6,100
SENA,20260312,1.86,1.87,1.85,1.87,218600
SENX,20260312,0.23,0.24,0.23,0.24,188900
SFLEX,20260312,3.12,3.18,3.12,3.18,400300
SFT,20260312,1.78,1.8,1.74,1.79,28500
SGC,20260312,0.9,0.93,0.9,0.91,7937500
SGF,20260312,0.15,0.15,0.14,0.15,1483400
SGP,20260312,7.75,7.8,7.65,7.75,103700
SHR,20260312,1.65,1.69,1.62,1.68,3424400
SIAM,20260312,0.69,0.69,0.64,0.65,63200
SICT,20260312,2.36,2.36,2.34,2.34,118200
SIMAT,20260312,1.11,1.11,1.07,1.1,737100
SINGER,20260312,5.55,5.7,5.45,5.55,2316300
SINO,20260312,0.87,0.89,0.87,0.88,295000
SIRI,20260312,1.5,1.51,1.48,1.51,68752400
SIS,20260312,21.2,21.6,21,21.6,357900
SISB,20260312,10.7,11.1,10.6,11.1,3530200
SITHAI,20260312,1.01,1.02,1.01,1.02,81900
SJWD,20260312,7.35,7.6,7.35,7.6,1211500
SK,20260312,0.57,0.57,0.57,0.57,20400
SKE,20260312,0.15,0.15,0.14,0.15,635700
SKIN,20260312,1.16,1.2,1.15,1.2,237300
SKN,20260312,6.2,6.2,5.7,5.95,334600
SKR,20260312,6.8,6.85,6.75,6.85,1164200
SKY,20260312,12.8,13.6,12.8,13.3,1619800
SLP,20260312,0.38,0.38,0.38,0.38,300
SMART,20260312,0.61,0.61,0.6,0.6,2154800
SMD100,20260312,1.9,1.9,1.85,1.87,196500
SMIT,20260312,3.54,3.54,3.52,3.54,14900
SMO,20260312,4.16,4.68,4.16,4.58,38561600
SMPC,20260312,9.15,9.2,9.15,9.15,53000
SMT,20260312,1.32,1.36,1.28,1.35,474000
SNC,20260312,5.75,5.9,5.7,5.9,55400
SNNP,20260312,7,7.25,6.95,7.15,548100
SNP,20260312,9.45,9.5,9.45,9.5,40100
SNPS,20260312,4.78,4.9,4.78,4.9,126500
SO,20260312,4.1,4.1,4.08,4.1,31300
SOLAR,20260312,0.15,0.16,0.15,0.16,255500
SONIC,20260312,1.49,1.51,1.49,1.51,244100
SORKON,20260312,3.76,3.76,3.72,3.76,17900
SPA,20260312,3.44,3.54,3.4,3.52,1053100
SPACK,20260312,1.17,1.18,1.16,1.16,40700
SPALI,20260312,17.3,17.5,17.3,17.5,1080700
SPC,20260312,56.5,56.5,56.25,56.25,24200
SPCG,20260312,9.1,9.15,9.05,9.1,984600
SPG,20260312,11.7,12,11.7,12,1800
SPI,20260312,44.5,44.75,44.25,44.5,7300
SPRC,20260312,7.55,8.2,7.55,8.15,51164100
SPREME,20260312,1.57,1.59,1.56,1.58,156000
SPRIME,20260312,3.48,3.48,3.32,3.44,130500
SPTX,20260312,0.01,0.01,0.01,0.01,2841500
SPVI,20260312,2.86,2.86,2.58,2.7,1793800
SQ,20260312,0.27,0.29,0.27,0.28,100000
SR,20260312,0.3,0.32,0.3,0.32,1900
SRICHA,20260312,12.8,13.3,12.7,13.3,378100
SRIPANWA,20260312,5.35,5.35,5.1,5.15,193500
SRS,20260312,1.53,1.54,1.49,1.53,40700
SSF,20260312,5.05,5.05,5,5.05,14000
SSP,20260312,3.24,3.32,3.22,3.28,376900
SSPF,20260312,3.2,3.3,3.2,3.3,10000
SSSC,20260312,2.18,2.22,2.18,2.22,16600
SST,20260312,1.14,1.15,1.13,1.15,5100
SSTRT,20260312,4.26,4.26,4.24,4.24,2300
STA,20260312,15.5,16.2,15.5,15.7,23960800
STANLY,20260312,197,198,196,196.5,6200
STARM,20260312,1.01,1.02,0.98,0.99,115500
STC,20260312,0.37,0.42,0.36,0.41,264300
STECH,20260312,1.04,1.04,1.02,1.02,7100
STECON,20260312,11.9,12.7,11.9,12.5,32702800
STELLA,20260312,0.18,0.19,0.17,0.17,2083600
STGT,20260312,9.7,9.75,9.45,9.5,5500600
STI,20260312,1.72,1.74,1.72,1.72,11600
STOWER,20260312,0.02,0.03,0.02,0.03,86800
STP,20260312,10.7,10.8,10.7,10.7,1400
STPI,20260312,4.38,4.52,4.38,4.44,9845200
STX,20260312,1.06,1.1,1.06,1.09,956200
SUC,20260312,29.25,29.5,29.25,29.5,61700
SUN,20260312,2.68,2.72,2.64,2.72,417600
SUPER,20260312,0.1,0.11,0.1,0.1,29192200
SUPEREIF,20260312,5.55,5.65,5.55,5.65,84800
SUSCO,20260312,2.06,2.08,2.04,2.06,485900
SUTHA,20260312,2.32,2.32,2.2,2.3,25600
SVI,20260312,7.35,7.4,7.35,7.4,656900
SVOA,20260312,1.56,1.59,1.55,1.59,1671500
SVR,20260312,0.31,0.31,0.3,0.31,79200
SVT,20260312,1.31,1.35,1.3,1.35,459800
SWC,20260312,4.4,4.4,4.3,4.3,4700
SYMC,20260312,3.68,4.04,3.66,3.76,543900
SYNEX,20260312,9.55,9.7,9.45,9.6,777500
SYNTEC,20260312,1.71,1.72,1.7,1.72,70300
TACC,20260312,5.7,5.7,5.5,5.6,1142400
TAE,20260312,0.59,0.66,0.59,0.62,4308600
TAKUNI,20260312,0.33,0.35,0.33,0.35,676000
TAN,20260312,3.98,4,3.96,3.96,98100
TASCO,20260312,12.9,13.1,12.8,13,1953600
TATG,20260312,0.99,0.99,0.97,0.98,188300
TBN,20260312,3.94,3.94,3.84,3.9,56400
TC,20260312,5.5,5.5,5.35,5.5,48600
TCAP,20260312,56.5,56.75,55.75,56.5,3507100
TCC,20260312,0.29,0.32,0.29,0.3,3470800
TCJ,20260312,2.32,2.34,2.32,2.32,2600
TCMC,20260312,0.29,0.29,0.28,0.29,141100
TEAM,20260312,2.66,2.76,2.62,2.62,654000
TEAMG,20260312,2.86,2.96,2.86,2.92,2641300
TEGH,20260312,3.3,3.32,3.28,3.28,711600
TEKA,20260312,1.72,1.73,1.69,1.73,186800
TERA,20260312,1,1,1,1,61200
TFFIF,20260312,6.5,6.55,6.45,6.55,3907100
TFG,20260312,7.15,7.35,7.05,7.1,41731300
TFI,20260312,0.04,0.05,0.04,0.04,241800
TFM,20260312,6.4,6.4,6.2,6.4,1694600
TFMAMA,20260312,188.5,189,188.5,188.5,700
TGE,20260312,1.24,1.33,1.24,1.29,142600
TGPRO,20260312,0.04,0.05,0.04,0.05,168500
TH,20260312,0.46,0.46,0.45,0.46,189600
THAI,20260312,6.2,6.3,6.1,6.25,19437100
THANA,20260312,1.6,1.6,1.57,1.57,233900
THANI,20260312,1.69,1.71,1.66,1.7,8676200
THCOM,20260312,12.2,12.8,12.2,12.7,20906900
THE,20260312,0.78,0.78,0.77,0.78,1000
THG,20260312,8.35,8.55,8.3,8.4,348200
THIP,20260312,23.3,23.3,23.1,23.2,4600
THMUI,20260312,0.3,0.32,0.3,0.31,24300
THRE,20260312,0.39,0.4,0.39,0.39,740300
THREL,20260312,0.99,1.01,0.99,1.01,176900
TIDLOR,20260312,16.8,17.3,16.6,17.2,13017500
TIGER,20260312,0.25,0.25,0.24,0.24,10200
TIPCO,20260312,7,7,6.9,6.95,21000
TIPH,20260312,21.6,21.7,21.4,21.6,446900
TISCO,20260312,112.5,113,112,113,3126800
TITLE,20260312,8.2,8.25,8.1,8.25,308600
TK,20260312,4.1,4.14,4.1,4.1,9400
TKC,20260312,7.8,8.05,7.75,7.95,13400
TKN,20260312,3.96,4,3.94,3.96,686300
TKS,20260312,6.45,6.55,6.4,6.4,439600
TKT,20260312,0.71,0.71,0.7,0.71,5800
TL,20260312,0.4,0.41,0.39,0.41,575000
TLHPF,20260312,4.42,4.42,4.42,4.42,2000
TLI,20260312,10,10.3,10,10.3,12564600
TM,20260312,0.81,0.81,0.79,0.8,111900
TMAN,20260312,12.8,13,12.8,12.9,283000
TMC,20260312,0.69,0.7,0.68,0.7,365200
TMD,20260312,25.25,25.75,25.25,25.5,79900
TMI,20260312,0.5,0.51,0.5,0.5,87600
TMILL,20260312,2.1,2.12,2.1,2.12,21800
TMT,20260312,2.84,2.9,2.84,2.9,5500
TMW,20260312,58.5,58.5,58,58.25,2700
TNDT,20260312,0.16,0.17,0.16,0.17,11500
TNITY,20260312,2.5,2.6,2.48,2.6,10300
TNP,20260312,2.76,2.8,2.72,2.8,196800
TNPC,20260312,0.74,0.79,0.74,0.79,19400
TNPF,20260312,1.03,1.03,1.03,1.03,30000
TNR,20260312,5,5,4.9,4.94,727000
TOA,20260312,13,13.4,12.8,13.3,6646700
TOG,20260312,6.95,7,6.95,7,85000
TOP,20260312,48,49.75,47.75,49.5,20911700
TPAC,20260312,9.35,9.4,9.35,9.35,11900
TPBI,20260312,3.08,3.12,3.08,3.1,369700
TPCH,20260312,2,2.12,1.95,1.99,6187800
TPCS,20260312,10.4,10.4,10.4,10.4,100
TPIPL,20260312,0.71,0.72,0.68,0.72,17445800
TPIPP,20260312,1.8,1.81,1.78,1.81,2454500
TPL,20260312,0.46,0.47,0.46,0.47,294500
TPLAS,20260312,0.89,0.91,0.89,0.9,45000
TPOLY,20260312,0.18,0.19,0.16,0.18,256900
TPP,20260312,12.1,12.9,11.8,12.9,68400
TPS,20260312,3.3,3.32,3.28,3.3,18700
TQM,20260312,12.8,13.5,12.5,13.3,3320200
TQR,20260312,5.45,5.55,5.4,5.55,158100
TRC,20260312,0.41,0.41,0.4,0.41,190400
TRITN,20260312,0.02,0.03,0.02,0.02,2219900
TRP,20260312,4.48,4.56,4.44,4.54,120400
TRT,20260312,4.04,4.04,4.02,4.04,105700
TRU,20260312,3.88,3.9,3.86,3.9,18700
TRUBB,20260312,0.81,0.87,0.81,0.85,6582500
TRUE,20260312,13,13.5,13,13.5,164741100
TRV,20260312,1.81,1.81,1.6,1.8,19200
TSC,20260312,14.3,14.4,14.2,14.2,19300
TSE,20260312,0.42,0.43,0.41,0.43,2948800
TSI,20260312,0.06,0.06,0.05,0.05,163200
TSTE,20260312,10.2,10.2,10.2,10.2,100
TSTH,20260312,0.71,0.72,0.7,0.71,1032500
TTA,20260312,4.9,5.1,4.82,4.96,5936800
TTB,20260312,2.2,2.22,2.18,2.22,200612500
TTLPF,20260312,9.7,9.75,9.7,9.75,41400
TTT,20260312,43,43,43,43,200
TTW,20260312,9.15,9.25,9.1,9.25,2907400
TU,20260312,10.9,11,10.7,10.9,13239400
TURBO,20260312,1.59,1.7,1.58,1.68,23853300
TURTLE,20260312,3.18,3.18,3.18,3.18,400
TVDH,20260312,0.06,0.06,0.05,0.05,1024500
TVH,20260312,9.2,9.35,9.15,9.35,19300
TVO,20260312,25.25,25.75,25,25.5,3689100
TVT,20260312,0.23,0.25,0.22,0.24,381800
TWP,20260312,1.16,1.16,1.15,1.16,7000
TWPC,20260312,2.84,2.84,2.8,2.82,145900
TWZ,20260312,0.02,0.02,0.01,0.02,1819000
TYCN,20260312,1.67,1.67,1.66,1.67,6800
UAC,20260312,2.78,2.8,2.76,2.78,114900
UBA,20260312,1.05,1.06,1.04,1.06,138900
UBE,20260312,0.49,0.52,0.49,0.51,14786700
UBIS,20260312,0.99,1,0.97,1,14500
UEC,20260312,0.63,0.63,0.61,0.63,26800
UKEM,20260312,0.61,0.66,0.61,0.65,6799500
UMI,20260312,0.68,0.7,0.68,0.7,98900
UNIQ,20260312,2.7,2.9,2.6,2.76,1072100
UPF,20260312,21.2,21.2,21.2,21.2,100
UPOIC,20260312,6.7,6.7,6.6,6.65,51600
UREKA,20260312,0.28,0.29,0.27,0.29,5146600
UTP,20260312,7.5,7.55,7.5,7.5,139600
UV,20260312,0.83,0.86,0.83,0.86,54800
UVAN,20260312,15,15.9,14.9,15.9,3231600
VARO,20260312,4.3,4.3,4.3,4.3,100
VCOM,20260312,3.24,3.28,3.2,3.28,392200
VGI,20260312,0.93,0.97,0.93,0.94,110069000
VIBHA,20260312,1.4,1.42,1.39,1.41,1766000
VIH,20260312,9.4,9.5,9.35,9.45,584900
VL,20260312,0.78,0.79,0.77,0.79,169000
VNG,20260312,1.96,1.96,1.94,1.96,15100
VPO,20260312,0.49,0.54,0.48,0.52,15195900
VRANDA,20260312,4.3,4.3,4.16,4.26,88000
VS,20260312,0.26,0.29,0.26,0.26,36400
WARRIX,20260312,1.76,1.77,1.75,1.76,167300
WASH,20260312,4.84,5.4,4.78,5.3,3217600
WAVE,20260312,0.02,0.03,0.02,0.03,4235000
WFX,20260312,0.9,1,0.88,0.96,2895400
WGE,20260312,0.8,0.82,0.8,0.81,161200
WHA,20260312,4.02,4.18,4.02,4.16,95185100
WHABT,20260312,5.6,5.65,5.6,5.65,53100
WHAIR,20260312,6.75,6.75,6.7,6.75,182700
WHART,20260312,10.3,10.4,10.2,10.4,704300
WHAUP,20260312,4.32,4.48,4.3,4.4,11612700
WICE,20260312,2.44,2.48,2.44,2.44,254600
WIIK,20260312,0.88,0.9,0.88,0.89,37900
WIN,20260312,0.24,0.25,0.24,0.24,218200
WINDOW,20260312,0.73,0.76,0.72,0.76,179400
WINMED,20260312,0.9,0.91,0.88,0.89,22300
WINNER,20260312,2.1,2.12,2.1,2.12,105900
WORK,20260312,3.66,3.66,3.62,3.64,18000
WP,20260312,3.76,3.78,3.74,3.74,153800
WPH,20260312,6.75,6.75,6.55,6.75,343600
XBIO,20260312,0.07,0.07,0.06,0.07,16100800
XO,20260312,14,14.1,13.8,13.8,310200
XPG,20260312,0.47,0.49,0.46,0.49,9531700
XYZ,20260312,0.4,0.47,0.4,0.41,1647900
YGG,20260312,0.18,0.19,0.16,0.18,3205700
YONG,20260312,0.7,0.73,0.7,0.71,49200
YUASA,20260312,14.8,14.8,14.5,14.7,7100
ZAA,20260312,1.41,1.56,1.36,1.56,210500
ZEN,20260312,5.85,5.85,5.6,5.6,800
ZIGA,20260312,0.83,0.84,0.82,0.82,300000
2S-O,20260312,2.1,2.56,2.1,2.56,84
3BBIF-O,20260312,6.65,6.7,6.55,6.65,242
88TH-O,20260312,5.05,5.6,5.05,5.55,221
AAI-O,20260312,3.48,3.5,3.46,3.5,90
AAV-O,20260312,1.1,1.11,1.08,1.11,177
ABM-O,20260312,0.59,0.61,0.59,0.61,109
ACE-O,20260312,1.28,1.29,1.28,1.28,82
ACG-O,20260312,0.61,0.61,0.6,0.6,50
ADVANC-O,20260312,360,366,360,366,2996
ADVICE-O,20260312,5.55,5.6,5.45,5.55,173
AE-O,20260312,0.08,0.08,0.07,0.07,40
AEONTS-O,20260312,96.75,96.75,90.25,91.5,314
AGE-O,20260312,1.13,1.14,0.79,1.14,16
AH-O,20260312,13.2,13.3,13.2,13.3,107
AHC-O,20260312,13.3,13.3,13.3,13.3,1
AI-O,20260312,2.96,2.96,2.94,2.96,3
AIE-O,20260312,1.07,1.12,1.07,1.12,130
AIMCG-O,20260312,1.3,1.3,1.3,1.3,1
AIMIRT-O,20260312,11.1,11.1,11,11,6
AIT-O,20260312,4.82,4.88,4.82,4.84,183
AJ-O,20260312,1.86,2,1.86,1.99,127
AJA-O,20260312,0.16,0.16,0.16,0.16,115
AKP-O,20260312,0.72,0.72,0.72,0.72,11
AKR-O,20260312,0.89,0.89,0.89,0.89,14
ALLA-O,20260312,1.22,1.22,1.22,1.22,2
ALLY-O,20260312,4.34,4.34,4.34,4.34,2
ALPHAX-O,20260312,0.53,0.53,0.53,0.53,11
ALUCON-O,20260312,218,218,215,215,8
AMA-O,20260312,3.96,4.1,3.96,4.1,82
AMANAH-O,20260312,0.69,0.71,0.69,0.7,132
AMARC-O,20260312,3.54,3.68,3.54,3.68,138
AMARIN-O,20260312,2.96,3.3,2.96,2.96,199
AMATA-O,20260312,18.3,18.8,18.3,18.6,333
AMATAR-O,20260312,6.6,6.6,6.6,6.6,1
AMATAV-O,20260312,2.06,2.06,2.06,2.06,1
ANAN-O,20260312,0.37,0.37,0.36,0.37,76
AOT-O,20260312,50,50.75,49.5,50,2955
AP-O,20260312,8.75,8.85,8.65,8.85,635
APCO-O,20260312,2.8,2.8,2.8,2.8,45
APCS-O,20260312,1.12,1.12,1.12,1.12,1
APO-O,20260312,1.89,1.95,1.89,1.95,85
APP-O,20260312,2.64,2.66,2.64,2.66,34
APURE-O,20260312,2.12,2.16,2.12,2.16,2
AQUA-O,20260312,0.14,0.14,0.14,0.14,41
ARIN-O,20260312,0.51,0.52,0.51,0.52,11
ARIP-O,20260312,0.42,0.42,0.42,0.42,1
ARROW-O,20260312,5.25,5.25,5.25,5.25,1
AS-O,20260312,2.62,2.66,2.62,2.66,52
ASAP-O,20260312,1.12,1.16,1.12,1.16,4
ASEFA-O,20260312,3.92,3.92,3.92,3.92,1
ASIA-O,20260312,5.95,5.95,5.95,5.95,1
ASIAN-O,20260312,7.05,7.2,7.05,7.15,17
ASIMAR-O,20260312,1.63,1.66,1.63,1.66,25
ASK-O,20260312,8.65,8.9,8.65,8.9,25
ASN-O,20260312,0.71,0.71,0.71,0.71,1
ASP-O,20260312,2.06,2.06,2.06,2.06,2
ASW-O,20260312,7.5,7.5,7.5,7.5,6
ATLAS-O,20260312,1.73,1.88,1.73,1.87,124
AU-O,20260312,4.86,4.94,4.76,4.94,119
AUCT-O,20260312,5.15,5.2,5.1,5.1,83
AURA-O,20260312,13.1,13.4,13.1,13.4,161
AWC-O,20260312,2.04,2.12,2.02,2.08,724
AXTRART-O,20260312,12.5,12.6,12.2,12.6,73
AYUD-O,20260312,36.75,36.75,36.75,36.75,1
B-O,20260312,0.03,0.03,0.03,0.03,101
B52-O,20260312,0.26,0.26,0.26,0.26,6
BA-O,20260312,13.8,14.2,13.8,14.2,825
BAFS-O,20260312,8.4,8.4,8.3,8.35,19
BAM-O,20260312,7.2,7.25,7.1,7.2,390
BANPU-O,20260312,5.9,6,5.8,5.95,1244
BAREIT-O,20260312,10.8,10.8,10.6,10.6,110
BAY-O,20260312,25,26,25,25.75,301
BBGI-O,20260312,3.72,3.84,3.72,3.84,336
BBIK-O,20260312,20.4,21,20.4,20.5,484
BBL-O,20260312,167.5,169,167.5,168,1068
BC-O,20260312,0.7,0.7,0.69,0.69,9
BCH-O,20260312,9.8,9.9,9.75,9.85,764
BCP-O,20260312,37,37.5,36.25,37.25,1418
BCPG-O,20260312,6.25,6.55,6.2,6.45,2206
BCT-O,20260312,44.5,44.5,44.5,44.5,1
BDMS-O,20260312,18.7,18.8,18.5,18.8,10185
BE8-O,20260312,5.55,5.6,5.5,5.5,46
BEAUTY-O,20260312,0.36,0.36,0.36,0.36,1
BEC-O,20260312,2.04,2.04,2.02,2.04,21
BEM-O,20260312,5.35,5.45,5.3,5.45,1107
BGC-O,20260312,3.1,4.4,3.1,4.4,6
BGRIM-O,20260312,11.5,12,11.4,11.8,805
BGT-O,20260312,0.38,0.38,0.38,0.38,19
BH-O,20260312,177.5,178,175.5,177,3751
BIG-O,20260312,0.3,0.3,0.3,0.3,1
BIZ-O,20260312,4.8,4.8,4.74,4.74,44
BJC-O,20260312,13.6,14.2,13.5,14.1,715
BKA-O,20260312,0.86,0.91,0.86,0.91,32
BKD-O,20260312,1.09,1.09,1.09,1.09,1
BKGI-O,20260312,1.38,1.38,1.38,1.38,3
BKIH-O,20260312,310,315,310,315,6
BLA-O,20260312,19.6,20,19.5,20,50
BLAND-O,20260312,0.43,0.43,0.43,0.43,1
BM-O,20260312,1.06,1.06,1,1,63
BOFFICE-O,20260312,4,5.2,4,5.2,101
BPP-O,20260312,12.3,12.5,12.2,12.2,103
BR-O,20260312,1.6,1.6,1.6,1.6,1
BRI-O,20260312,1.43,1.43,1.41,1.41,26
BRR-O,20260312,3.92,3.92,3.8,3.84,56
BSM-O,20260312,0.34,0.36,0.34,0.36,22
BTC-O,20260312,0.21,0.21,0.2,0.2,113
BTG-O,20260312,20.3,20.8,20.3,20.7,222
BTNC-O,20260312,19.8,19.8,19.8,19.8,2
BTS-O,20260312,2.1,2.14,2.06,2.12,691
BTW-O,20260312,0.08,0.08,0.08,0.08,10
BUI-O,20260312,12.8,13.7,12.6,12.8,120
BVG-O,20260312,1.7,1.7,1.7,1.7,1
BWG-O,20260312,0.33,0.36,0.33,0.36,84
BYD-O,20260312,0.51,0.53,0.51,0.52,160
CAZ-O,20260312,1.5,1.5,1.5,1.5,1
CBG-O,20260312,35.25,36,34.75,35.5,1827
CCET-O,20260312,4.9,4.92,4.82,4.92,669
CCP-O,20260312,0.24,0.26,0.24,0.26,23
CEN-O,20260312,0.55,0.55,0.55,0.55,1
CENTEL-O,20260312,33.25,34,33.25,33.75,166
CEYE-O,20260312,1.6,1.6,1.6,1.6,1
CFARM-O,20260312,0.77,0.79,0.77,0.79,74
CFRESH-O,20260312,0.7,0.7,0.7,0.7,2
CGD-O,20260312,0.12,0.12,0.11,0.11,3
CGH-O,20260312,0.43,0.44,0.43,0.44,54
CHASE-O,20260312,0.49,0.49,0.49,0.49,52
CHAYO-O,20260312,1.07,1.1,1.07,1.08,154
CHEWA-O,20260312,0.19,0.19,0.19,0.19,10
CHG-O,20260312,1.47,1.49,1.46,1.48,839
CHOW-O,20260312,1.21,1.27,1.21,1.27,2
CI-O,20260312,0.31,0.31,0.31,0.31,2
CIG-O,20260312,0.03,0.03,0.02,0.02,5
CITY-O,20260312,1.23,1.25,1.21,1.25,21
CIVIL-O,20260312,0.86,0.88,0.86,0.88,11
CK-O,20260312,15.5,15.8,15.5,15.7,100
CKP-O,20260312,2.3,2.36,2.3,2.36,32
CMAN-O,20260312,2.72,2.72,2.72,2.72,1
CMO-O,20260312,0.84,0.85,0.83,0.83,32
CMR-O,20260312,1.37,1.38,1.37,1.37,74
CNT-O,20260312,1.09,1.09,1.09,1.09,4
COCOCO-O,20260312,5.75,5.8,5.75,5.8,23
COM7-O,20260312,23.1,24,23.1,24,1410
COMAN-O,20260312,0.47,0.66,0.47,0.55,70
CPALL-O,20260312,47,47.25,45.75,47,13155
CPAXT-O,20260312,14.8,15.8,14.6,15.5,5627
CPF-O,20260312,18.8,19.2,18.6,19.1,2754
CPH-O,20260312,6.05,11,6.05,8.5,49
CPI-O,20260312,3.64,3.64,3.6,3.6,312
CPL-O,20260312,0.61,0.61,0.61,0.61,1
CPN-O,20260312,63.25,66.5,63.25,66.5,1379
CPNCG-O,20260312,6.2,6.2,6.15,6.15,21
CPNREIT-O,20260312,11.6,11.7,11.5,11.7,195
CPR-O,20260312,2.76,2.76,2.74,2.74,3
CPTREIT-O,20260312,5.5,5.5,5.5,5.5,10
CPW-O,20260312,2.16,2.22,2.16,2.22,5
CRC-O,20260312,18,19.1,17.8,19,662
CREDIT-O,20260312,16.9,16.9,16.9,16.9,15
CSC-O,20260312,45.5,45.5,45.5,45.5,70
CSP-O,20260312,0.37,0.37,0.37,0.37,1
CSR-O,20260312,70,70,70,70,1
CSS-O,20260312,0.76,0.76,0.76,0.76,1
CTW-O,20260312,3,3.02,3,3.02,51
D-O,20260312,2.7,2.7,2.7,2.7,1
DCC-O,20260312,1.23,1.23,1.23,1.23,1
DCON-O,20260312,0.23,0.23,0.23,0.23,3
DELTA-O,20260312,256,262,254,260,11307
DIF-O,20260312,9.5,9.6,9.45,9.5,1122
DITTO-O,20260312,11,11.2,11,11.2,30
DMT-O,20260312,10.9,11.2,10.9,11.1,68
DOD-O,20260312,1.76,1.8,1.76,1.8,90
DOHOME-O,20260312,3.26,3.34,3.18,3.34,476
DPAINT-O,20260312,0.64,0.64,0.64,0.64,20
DREIT-O,20260312,4.8,4.8,4.74,4.74,31
DRT-O,20260312,4.86,4.86,4.84,4.86,118
DTCENT-O,20260312,0.86,0.87,0.85,0.87,9
DTCI-O,20260312,20.1,20.1,20.1,20.1,1
DUSIT-O,20260312,10.5,10.5,10.3,10.4,202
EA-O,20260312,2.64,2.72,2.64,2.7,776
EASON-O,20260312,1.13,1.13,1.13,1.13,2
EAST-O,20260312,0.7,0.7,0.7,0.7,12
EASTW-O,20260312,2.6,2.62,2.58,2.62,128
EFORL-O,20260312,0.13,0.13,0.13,0.13,20
EGATIF-O,20260312,6.1,6.1,6.05,6.1,58
EGCO-O,20260312,113.5,115,113,114.5,596
EKH-O,20260312,5.05,5.05,5,5.05,69
EMPIRE-O,20260312,0.62,0.62,0.6,0.6,9
EP-O,20260312,1.2,1.2,1.17,1.17,3
EPG-O,20260312,3.42,3.44,3.42,3.44,61
ERW-O,20260312,2.56,2.62,2.56,2.58,199
ETC-O,20260312,0.62,0.62,0.62,0.62,299
FLOYD-O,20260312,1.13,1.13,1,1.11,143
FNS-O,20260312,0.63,0.63,0.63,0.63,16
FORTH-O,20260312,7.15,7.3,7.15,7.15,31
FPI-O,20260312,1.72,1.72,1.72,1.72,1
FPT-O,20260312,6.35,6.35,6.35,6.35,10
FSMART-O,20260312,6.15,6.3,6.15,6.3,16
FSX-O,20260312,1.42,1.42,1.31,1.31,190
FTE-O,20260312,1.97,1.99,1.97,1.99,28
FTREIT-O,20260312,11,11,10.9,11,163
FVC-O,20260312,0.32,0.32,0.32,0.32,12
GAHREIT-O,20260312,4.38,4.38,4.38,4.38,1
GBX-O,20260312,0.56,0.57,0.56,0.57,14
GC-O,20260312,4.46,4.46,4.42,4.44,69
GFPT-O,20260312,9.1,9.5,8.95,9.05,113
GGC-O,20260312,2.98,2.98,2.98,2.98,4
GLOBAL-O,20260312,6.6,6.8,6.45,6.75,378
GPI-O,20260312,1.65,1.66,1.65,1.66,11
GPSC-O,20260312,33.25,34.75,33,34.25,857
GRAMMY-O,20260312,3.8,3.84,3.8,3.8,121
GREEN-O,20260312,0.58,0.59,0.58,0.59,11
GTV-O,20260312,0.03,0.03,0.03,0.03,4
GULF-O,20260312,54.5,56.25,54.25,56,7624
GUNKUL-O,20260312,2.22,2.28,2.22,2.28,325
GVREIT-O,20260312,6.4,6.45,6.4,6.45,71
GYT-O,20260312,185,185,185,185,1
HANA-O,20260312,24.6,25.25,24.6,24.7,3502
HANN-O,20260312,1,1.02,0.99,1.02,63
HARN-O,20260312,2.04,2.04,2.04,2.04,80
HMPRO-O,20260312,6.3,6.45,6.25,6.45,1107
HTC-O,20260312,15.8,16,15.8,16,242
HTECH-O,20260312,2.8,2.84,2.8,2.82,51
HUMAN-O,20260312,4.5,4.5,4.44,4.44,108
HYDRO-O,20260312,2.62,2.62,2.62,2.62,1
ICC-O,20260312,24,24.5,24,24.5,6
ICHI-O,20260312,14.3,14.9,14.2,14.4,1277
ICN-O,20260312,1.79,1.79,1.79,1.79,1
IFS-O,20260312,1.9,1.9,1.9,1.9,11
IHL-O,20260312,1.44,1.45,1.44,1.45,5
IIG-O,20260312,1.39,1.39,1.39,1.39,17
III-O,20260312,3.98,3.98,3.96,3.98,88
ILINK-O,20260312,4.6,4.64,4.6,4.64,19
ILM-O,20260312,13.5,13.5,13.1,13.5,95
IMH-O,20260312,3,3,3,3,1
IMPACT-O,20260312,11.3,11.3,11.3,11.3,113
IND-O,20260312,1.15,1.15,1.15,1.15,3
INET-O,20260312,3.44,3.44,3.34,3.4,428
INETREIT-O,20260312,11.9,12.3,11.9,12.2,1135
INSET-O,20260312,2.54,2.7,2.52,2.7,86
IP-O,20260312,3.94,3.94,3.86,3.86,161
IRC-O,20260312,11.3,11.6,11.3,11.6,31
IRCP-O,20260312,0.25,0.26,0.25,0.25,9
IRPC-O,20260312,1.14,1.27,1.14,1.26,1641
IT-O,20260312,4.04,4.04,4.04,4.04,1
ITC-O,20260312,14.7,15.3,14.6,14.8,227
ITD-O,20260312,0.22,0.23,0.21,0.23,191
ITEL-O,20260312,1.19,1.2,1.19,1.2,87
ITNS-O,20260312,1.71,1.71,1.71,1.71,29
ITTHI-O,20260312,1.2,1.2,1.2,1.2,1
IVL-O,20260312,18.9,20.5,18.8,20.1,1419
J-O,20260312,0.61,0.61,0.61,0.61,11
JAK-O,20260312,0.79,0.79,0.79,0.79,3
JAS-O,20260312,1.25,1.27,1.25,1.27,443
JCK-O,20260312,0.13,0.13,0.12,0.12,11
JMART-O,20260312,7.2,7.4,7.05,7.3,533
JMT-O,20260312,9,9.2,8.8,9.2,536
JPARK-O,20260312,3.1,3.12,3.06,3.12,17
JTS-O,20260312,59,61.5,57,59.5,1256
JUBILE-O,20260312,7.4,7.4,7.4,7.4,9
KAMART-O,20260312,9.4,9.45,9.2,9.25,87
KASET-O,20260312,0.56,0.56,0.56,0.56,1
KBANK-O,20260312,189.5,190.5,188,189,3578
KBS-O,20260312,6.6,6.65,6.1,6.1,117
KBSPIF-O,20260312,8.25,8.25,8.25,8.25,10
KC-O,20260312,0.02,0.02,0.02,0.02,2
KCAR-O,20260312,4.86,4.86,4.86,4.86,10
KCE-O,20260312,20,20.5,19.9,20.2,1603
KDH-O,20260312,83,83,83,83,1
KGI-O,20260312,4.3,4.34,4.3,4.34,158
KIAT-O,20260312,0.35,0.35,0.34,0.34,35
KISS-O,20260312,3.3,3.34,3.3,3.3,11
KJL-O,20260312,5.8,5.85,5.8,5.85,3
KK-O,20260312,1.02,1.02,1.02,1.02,11
KKP-O,20260312,72.25,73.25,71.75,73,1990
KLINIQ-O,20260312,25.25,25.5,25.25,25.25,32
KOOL-O,20260312,0.29,0.29,0.29,0.29,1
KSL-O,20260312,1.26,1.3,1.26,1.29,68
KTB-O,20260312,35.5,35.5,34,35,4128
KTBSTMR-O,20260312,5.45,5.45,5.45,5.45,30
KTC-O,20260312,29,30.75,29,29.75,1545
KUN-O,20260312,0.71,0.71,0.7,0.7,75
L&E-O,20260312,0.91,0.91,0.91,0.91,10
LALIN-O,20260312,4.8,5.6,4.8,5.6,20
LANNA-O,20260312,15.5,15.7,15.5,15.7,374
LEE-O,20260312,2.72,2.72,2.7,2.7,16
LEO-O,20260312,1.87,1.87,1.82,1.85,7
LH-O,20260312,3.74,3.82,3.72,3.8,1800
LHFG-O,20260312,1,1.01,1,1,117
LHHOTEL-O,20260312,12.8,12.9,12.7,12.8,127
LHK-O,20260312,3.36,3.36,3.36,3.36,100
LHSC-O,20260312,14,14,14,14,67
LOXLEY-O,20260312,1.38,1.41,1.38,1.41,13
LPN-O,20260312,1.54,1.57,1.54,1.57,333
LST-O,20260312,4.64,4.64,4.64,4.64,1
LTS-O,20260312,2.28,2.36,2.16,2.16,65
M-CHAI-O,20260312,24.5,24.5,24.5,24.5,3
M-O,20260312,20,20.1,19.9,20.1,213
MADAME-O,20260312,0.53,0.53,0.5,0.53,60
MAGURO-O,20260312,21.5,21.5,21.5,21.5,99
MAJOR-O,20260312,7.75,7.8,7.75,7.8,26
MALEE-O,20260312,4.6,4.7,4.6,4.62,147
MANRIN-O,20260312,22.4,29,22.4,29,2
MASTEC-O,20260312,1.43,1.43,1.29,1.29,15
MASTER-O,20260312,9.55,9.85,9.45,9.8,323
MBK-O,20260312,18.3,18.3,18,18.3,386
MC-O,20260312,11.4,11.4,11.1,11.1,316
MCOT-O,20260312,6.5,6.5,6.15,6.15,101
MCS-O,20260312,9.5,9.5,9.4,9.4,104
MDX-O,20260312,2.4,2.4,2.4,2.4,1
MEDEZE-O,20260312,6.2,6.2,6.2,6.2,34
MEGA-O,20260312,34.75,36,34.25,34.75,401
METCO-O,20260312,264,266,262,262,79
MFEC-O,20260312,5.9,5.9,5.8,5.8,90
MGI-O,20260312,5.4,5.4,5.3,5.3,36
MGT-O,20260312,1.85,1.85,1.84,1.84,9
MIDA-O,20260312,0.22,0.22,0.22,0.22,1
MINT-O,20260312,22.3,22.9,21.9,22.7,2831
MIPF-O,20260312,9.35,9.35,9.35,9.35,1
MJLF-O,20260312,6.6,6.6,5,5.05,138
ML-O,20260312,0.42,0.45,0.42,0.45,100
MMM-O,20260312,2.68,2.88,2.68,2.88,267
MODERN-O,20260312,2.02,2.02,2.02,2.02,1
MONO-O,20260312,1.1,1.13,1.1,1.13,108
MOONG-O,20260312,2.18,2.18,2.18,2.18,60
MORE-O,20260312,0.03,0.03,0.03,0.03,2
MOSHI-O,20260312,32.5,33.5,32.5,33,197
MOTHER-O,20260312,1.12,1.16,1.12,1.16,40
MPJ-O,20260312,3.92,3.98,3.92,3.94,85
MRDIYT-O,20260312,8.95,9,8.95,8.95,177
MSC-O,20260312,7.1,7.1,7,7,100
MST-O,20260312,6.75,6.9,6.75,6.9,7
MTC-O,20260312,30.75,32.5,30.5,32.5,351
MTI-O,20260312,15.1,16.6,15.1,15.2,155
MTW-O,20260312,0.81,0.83,0.81,0.83,11
NAT-O,20260312,2.36,2.36,2.36,2.36,1
NC-O,20260312,1.8,1.87,1.8,1.87,7
NCAP-O,20260312,2.78,2.78,2.74,2.74,11
NCH-O,20260312,0.4,0.4,0.4,0.4,3
NCL-O,20260312,0.21,0.21,0.21,0.21,1
NCP-O,20260312,1.11,1.11,1.11,1.11,52
NDR-O,20260312,1.33,1.33,1.33,1.33,10
NEO-O,20260312,20.1,20.3,20,20.1,124
NER-O,20260312,4.74,4.76,4.72,4.74,361
NETBAY-O,20260312,18.9,19,18.8,19,41
NEW-O,20260312,88.75,89,88.75,89,2
NEX-O,20260312,1.03,1.04,1.03,1.03,85
NKI-O,20260312,12.7,15.3,12.6,15.3,3
NL-O,20260312,0.62,0.62,0.62,0.62,1
NNCL-O,20260312,1.56,1.56,1.55,1.55,53
NOBLE-O,20260312,2.08,2.1,2.06,2.1,296
NPK-O,20260312,15.6,15.6,15.6,15.6,1
NSL-O,20260312,22.7,23.1,22.6,23.1,192
NTF-O,20260312,11.8,14.4,11.8,14.2,635
NTSC-O,20260312,6.6,6.7,6.55,6.7,73
NTV-O,20260312,22,23.3,22,23.2,7
NUT-O,20260312,4.1,4.82,4.1,4.82,26
NV-O,20260312,0.5,0.53,0.5,0.53,6
NYT-O,20260312,4,4,3.92,3.96,161
OGC-O,20260312,9.2,9.2,9.2,9.2,1
OHTL-O,20260312,278,278,278,278,1
OKJ-O,20260312,3.62,3.74,3.58,3.74,219
ONEE-O,20260312,2.7,2.7,2.66,2.66,961
ONSENS-O,20260312,1.19,1.19,1.18,1.18,35
OR-O,20260312,11,11.5,11,11.2,2975
ORI-O,20260312,1.87,1.93,1.87,1.93,270
ORN-O,20260312,0.79,0.79,0.79,0.79,1
OSP-O,20260312,14.4,14.7,14.3,14.6,1014
PACO-O,20260312,1.29,1.29,1.29,1.29,3
PAF-O,20260312,0.65,0.65,0.65,0.65,98
PANEL-O,20260312,1.25,1.25,1.25,1.25,1
PAP-O,20260312,1.94,1.94,1.94,1.94,78
PATO-O,20260312,7.05,7.1,7.05,7.1,38
PB-O,20260312,49.25,49.25,48.75,49.25,8
PCC-O,20260312,2.8,2.82,2.6,2.6,102
PCE-O,20260312,2.3,2.38,2.3,2.38,31
PCSGH-O,20260312,3.08,3.1,3.08,3.1,101
PDG-O,20260312,3.06,3.1,3.06,3.1,12
PEER-O,20260312,0.07,0.08,0.07,0.08,146
PERM-O,20260312,0.18,0.18,0.18,0.18,1
PHG-O,20260312,13,13,13,13,1
PHOL-O,20260312,2.8,2.82,2.8,2.82,70
PIMO-O,20260312,1.01,1.01,1,1,8
PIN-O,20260312,4.2,4.2,4.2,4.2,34
PK-O,20260312,0.38,0.38,0.38,0.38,10
PLANB-O,20260312,4.26,4.34,4.26,4.3,140
PLANET-O,20260312,0.38,0.38,0.37,0.38,13
PLAT-O,20260312,1.07,1.07,1.07,1.07,10
PLE-O,20260312,0.18,0.18,0.18,0.18,1
PLUS-O,20260312,1.33,1.33,1.33,1.33,60
PM-O,20260312,11.5,11.5,11.5,11.5,1
PMTA-O,20260312,9.6,9.6,9.6,9.6,31
PORT-O,20260312,0.51,0.51,0.51,0.51,1
PPM-O,20260312,1.18,1.18,1.18,1.18,20
PPPM-O,20260312,0.25,0.25,0.25,0.25,10
PR9-O,20260312,17.1,17.2,16.9,17,468
PRAPAT-O,20260312,0.74,0.74,0.73,0.73,115
PREB-O,20260312,3.88,3.88,3.88,3.88,1
PRECHA-O,20260312,0.5,0.5,0.5,0.5,11
PRG-O,20260312,9.45,9.45,9.45,9.45,4
PRINC-O,20260312,1.75,1.75,1.75,1.75,10
PRM-O,20260312,7.55,7.6,7.4,7.6,256
PROEN-O,20260312,1.05,1.05,1.03,1.03,26
PROSPECT-O,20260312,7,7.05,7,7.05,70
PROUD-O,20260312,1.02,1.02,1.02,1.02,1
PRTR-O,20260312,3.58,3.62,3.54,3.56,210
PSGC-O,20260312,3.14,3.2,3.14,3.2,94
PSH-O,20260312,3.56,3.64,3.54,3.6,123
PSL-O,20260312,7.1,7.3,7.05,7.05,855
PSP-O,20260312,4.44,4.46,4.44,4.46,2
PSTC-O,20260312,0.27,0.27,0.27,0.27,1
PT-O,20260312,11.9,11.9,11.8,11.8,403
PTG-O,20260312,8,8.15,7.9,8.1,1834
PTL-O,20260312,8.2,8.4,8.2,8.4,68
PTT-O,20260312,33.5,34.75,33.25,34.75,9777
PTTEP-O,20260312,143.5,144.5,141.5,143.5,6036
PTTGC-O,20260312,27.25,29,27.25,28.25,4099
Q-CON-O,20260312,7.3,7.3,7.25,7.25,3
QDC-O,20260312,0.12,0.14,0.1,0.14,426
QH-O,20260312,1.37,1.4,1.36,1.39,707
QHHRREIT-O,20260312,7,7.05,7,7.05,125
QLT-O,20260312,1.57,1.57,1.56,1.56,6
QTCG-O,20260312,0.11,0.11,0.11,0.11,6
RABBIT-O,20260312,0.32,0.33,0.32,0.33,3
RAM-O,20260312,18.4,18.5,18.4,18.4,18
RATCH-O,20260312,28.5,28.75,28.25,28.75,1226
RBF-O,20260312,3.64,3.7,2.62,3.7,32
RCL-O,20260312,29.75,30,29.5,29.75,857
RICHY-O,20260312,0.15,0.17,0.15,0.17,234
RJH-O,20260312,12.8,12.8,12.6,12.8,213
RML-O,20260312,0.11,0.11,0.11,0.11,1
ROCK-O,20260312,10.9,10.9,10.9,10.9,91
ROCTEC-O,20260312,0.61,0.61,0.61,0.61,10
ROJNA-O,20260312,4.98,5.05,4.98,5.05,200
RP-O,20260312,0.53,0.55,0.52,0.52,10
RPC-O,20260312,0.29,0.3,0.29,0.3,30
RPH-O,20260312,5.05,5.05,5,5,50
RS-O,20260312,0.17,0.17,0.17,0.17,21
RSP-O,20260312,1,1,0.95,0.95,21
RWI-O,20260312,0.18,0.19,0.18,0.19,2
S&J-O,20260312,35,35,35,35,1
S-O,20260312,0.55,0.55,0.55,0.55,52
S11-O,20260312,3.94,3.94,3.94,3.94,30
SABINA-O,20260312,15.9,16,15.9,16,104
SAF-O,20260312,0.31,0.33,0.31,0.32,3
SAFE-O,20260312,6.1,6.1,6.1,6.1,10
SAMART-O,20260312,5.7,5.7,5.7,5.7,10
SAMTEL-O,20260312,3.8,3.8,3.8,3.8,5
SANKO-O,20260312,0.85,0.85,0.85,0.85,29
SAPPE-O,20260312,29.5,30,29.25,29.5,503
SAT-O,20260312,14.4,14.4,14.3,14.3,288
SAUCE-O,20260312,41.5,42,41,42,71
SAV-O,20260312,11.6,11.6,11.6,11.6,79
SAWAD-O,20260312,25,25.5,24.4,25,627
SC-O,20260312,1.98,2,1.96,1.97,219
SCAP-O,20260312,1.12,1.13,1.12,1.12,109
SCB-O,20260312,144.5,144.5,143,144,16478
SCC-O,20260312,173,181.5,172,181,2921
SCCC-O,20260312,140,141,139.5,140.5,218
SCG-O,20260312,2.3,2.3,2.28,2.3,9
SCGD-O,20260312,5.05,5.05,5.05,5.05,22
SCGP-O,20260312,17.5,18.1,17.4,18,525
SCM-O,20260312,0.13,0.13,0.13,0.13,1
SCP-O,20260312,7.95,8,7.8,7.95,781
SE-O,20260312,0.45,0.45,0.44,0.44,41
SEAFCO-O,20260312,2.42,2.44,2.42,2.44,132
SEAOIL-O,20260312,3.8,3.82,3.7,3.72,394
SECURE-O,20260312,12.3,12.4,12.3,12.3,68
SEI-O,20260312,2.16,2.16,2.16,2.16,10
SELIC-O,20260312,2.6,2.6,2.6,2.6,1
SENA-O,20260312,1.86,1.87,1.86,1.86,12
SGC-O,20260312,0.9,0.92,0.9,0.91,67
SGP-O,20260312,7.75,7.75,7.7,7.7,3
SHANG-O,20260312,43.25,43.25,43.25,43.25,1
SHR-O,20260312,1.66,1.68,1.62,1.68,88
SICT-O,20260312,2.34,2.36,2.34,2.36,8
SINGER-O,20260312,5.6,5.7,5.55,5.6,118
SINO-O,20260312,0.88,0.89,0.88,0.89,31
SIRI-O,20260312,1.5,1.51,1.49,1.51,1624
SIS-O,20260312,21.1,21.2,21.1,21.2,3
SISB-O,20260312,10.7,11.1,10.7,11.1,213
SITHAI-O,20260312,1.02,1.02,1.02,1.02,1
SJWD-O,20260312,7.4,7.6,7.35,7.55,18
SK-O,20260312,0.55,0.55,0.55,0.55,1
SKN-O,20260312,5.95,5.95,5.95,5.95,2
SKY-O,20260312,13.1,13.1,13.1,13.1,10
SMD100-O,20260312,1.9,1.9,1.86,1.9,64
SMIT-O,20260312,3.54,3.54,3.54,3.54,1
SMO-O,20260312,4.16,4.6,4.16,4.6,430
SMPC-O,20260312,9.15,9.15,9.1,9.1,78
SMT-O,20260312,1.35,1.35,1.35,1.35,2
SNNP-O,20260312,7,7.2,6.95,7.1,279
SNP-O,20260312,9.45,9.75,9.4,9.45,46
SNPS-O,20260312,4.78,4.78,4.78,4.78,15
SO-O,20260312,4.1,4.1,4.06,4.1,50
SOLAR-O,20260312,0.16,0.16,0.15,0.15,16
SONIC-O,20260312,1.51,1.51,1.51,1.51,20
SORKON-O,20260312,3.74,3.74,3.72,3.74,3
SPA-O,20260312,3.4,3.58,3.4,3.52,159
SPALI-O,20260312,17.4,19.6,17.3,19.6,254
SPC-O,20260312,57.75,57.75,56.5,56.5,51
SPCG-O,20260312,9.8,9.8,9.1,9.15,174
SPI-O,20260312,44.75,45,44.75,45,20
SPRC-O,20260312,7.6,8.15,7.6,8.15,2133
SPTX-O,20260312,0.01,0.01,0.01,0.01,154
SPVI-O,20260312,2.82,2.84,2.64,2.7,725
SRICHA-O,20260312,12.9,12.9,12.9,12.9,9
SRIPANWA-O,20260312,5.15,5.15,5.15,5.15,7
SSP-O,20260312,3.22,3.26,3.22,3.26,147
SSSC-O,20260312,2.22,2.24,2.22,2.22,53
SST-O,20260312,1.14,1.14,1.14,1.14,5
STA-O,20260312,16,16,15.6,15.9,726
STANLY-O,20260312,200,200,196,196.5,117
STC-O,20260312,0.39,0.39,0.37,0.37,3
STECON-O,20260312,12.1,12.6,12,12.5,1151
STELLA-O,20260312,0.19,0.19,0.19,0.19,1
STGT-O,20260312,9.7,9.7,9.45,9.6,464
STI-O,20260312,1.75,1.75,1.75,1.75,60
STOWER-O,20260312,0.01,0.01,0.01,0.01,30
STPI-O,20260312,4.42,4.48,4.42,4.44,404
STX-O,20260312,1.1,1.1,1.07,1.1,90
SUC-O,20260312,29.25,29.5,29.25,29.25,107
SUN-O,20260312,2.66,2.66,2.66,2.66,87
SUPER-O,20260312,0.1,0.11,0.1,0.11,11
SUPEREIF-O,20260312,5.6,5.6,5.6,5.6,1
SUSCO-O,20260312,2.06,2.08,2.06,2.08,126
SVI-O,20260312,7.35,7.35,7.35,7.35,370
SVOA-O,20260312,1.56,1.57,1.56,1.57,5
SVT-O,20260312,1.31,1.31,1.31,1.31,1
SWC-O,20260312,4.3,4.3,4.3,4.3,1
SYMC-O,20260312,3.7,3.7,3.68,3.7,19
SYNEX-O,20260312,9.55,9.7,9.55,9.65,47
TACC-O,20260312,5.65,5.7,5.5,5.65,514
TAE-O,20260312,0.65,0.65,0.63,0.63,100
TAKUNI-O,20260312,0.35,0.35,0.35,0.35,10
TASCO-O,20260312,12.9,13.2,12.9,13.2,448
TCAP-O,20260312,56.75,56.75,55.75,56.75,2027
TCJ-O,20260312,2.32,2.32,2.32,2.32,3
TEAM-O,20260312,2.7,2.72,2.68,2.68,35
TEAMG-O,20260312,2.9,2.94,2.9,2.94,83
TEGH-O,20260312,3.28,3.32,3.28,3.32,4
TFFIF-O,20260312,6.5,6.55,6.5,6.5,220
TFG-O,20260312,7.2,7.4,7.1,7.15,2657
TFM-O,20260312,6.4,6.4,6.3,6.3,142
TFMAMA-O,20260312,189,190,189,190,26
TGH-O,20260312,9.9,9.9,9.9,9.9,1
TGPRO-O,20260312,0.05,0.05,0.05,0.05,91
THAI-O,20260312,6.25,6.3,6.15,6.25,1554
THANI-O,20260312,1.68,1.72,1.68,1.72,150
THCOM-O,20260312,12.4,13,12.4,12.6,860
THG-O,20260312,8.35,8.55,8.2,8.2,75
THIP-O,20260312,23.3,23.3,22.7,23.3,34
THRE-O,20260312,0.4,0.4,0.4,0.4,37
THREL-O,20260312,0.99,1.01,0.99,1,158
TIDLOR-O,20260312,16.7,17.5,16.7,17.4,491
TIPCO-O,20260312,7.05,7.05,6.95,6.95,95
TIPH-O,20260312,21.6,21.8,21.4,21.7,195
TISCO-O,20260312,112,113,112,112.5,4053
TITLE-O,20260312,8.1,8.1,6.8,6.8,33
TK-O,20260312,4.1,4.1,4.1,4.1,8
TKC-O,20260312,7.75,7.75,7.75,7.75,48
TKN-O,20260312,4,4,3.96,3.98,84
TKS-O,20260312,6.5,6.55,6.5,6.5,6
TL-O,20260312,0.4,0.4,0.4,0.4,2
TLI-O,20260312,10.2,10.5,10.1,10.3,595
TM-O,20260312,0.82,0.82,0.82,0.82,5
TMAN-O,20260312,12.8,12.9,12.7,12.7,46
TMD-O,20260312,25.25,25.75,25.25,25.75,58
TMI-O,20260312,0.54,0.54,0.54,0.54,1
TMILL-O,20260312,2.14,2.22,2.14,2.22,17
TMT-O,20260312,2.84,2.84,2.84,2.84,11
TNITY-O,20260312,2.52,2.52,2.52,2.52,10
TNP-O,20260312,2.76,2.76,2.76,2.76,10
TNR-O,20260312,4.9,4.9,4.9,4.9,1
TOA-O,20260312,13.1,13.4,13,13.4,220
TOG-O,20260312,6.95,7.3,6.95,7.05,18
TOP-O,20260312,48,49.75,47.25,49.5,1839
TPCH-O,20260312,2.08,2.1,1.99,1.99,257
TPIPL-O,20260312,0.75,0.75,0.7,0.75,204
TPIPP-O,20260312,1.8,1.8,1.8,1.8,106
TPL-O,20260312,0.49,0.49,0.46,0.46,2
TPLAS-O,20260312,0.89,0.89,0.89,0.89,25
TPOLY-O,20260312,0.16,0.22,0.16,0.22,23
TPP-O,20260312,12,15.2,12,15.2,5
TPS-O,20260312,3.26,3.26,3.26,3.26,46
TQM-O,20260312,12.9,13.4,12.6,13.4,449
TQR-O,20260312,5.7,5.7,5.4,5.4,25
TRC-O,20260312,0.32,0.4,0.3,0.3,125
TRITN-O,20260312,0.03,0.03,0.03,0.03,79
TRP-O,20260312,3.14,3.14,3.14,3.14,1
TRU-O,20260312,3.9,3.96,3.9,3.96,12
TRUBB-O,20260312,0.86,0.87,0.83,0.85,111
TRUE-O,20260312,13.1,13.5,13,13.3,1971
TSC-O,20260312,14.3,14.3,14.3,14.3,1
TSE-O,20260312,0.4,0.4,0.38,0.38,50
TSTH-O,20260312,0.7,0.72,0.7,0.72,11
TTA-O,20260312,4.88,5,4.88,5,153
TTB-O,20260312,2.22,2.24,2.2,2.2,4471
TTLPF-O,20260312,9.75,9.8,9.75,9.75,72
TTW-O,20260312,9.15,9.3,9.15,9.3,702
TU-O,20260312,11,11.1,10.8,11,1110
TURBO-O,20260312,1.65,1.7,1.55,1.69,200
TVO-O,20260312,25.75,26,25.25,25.25,1021
TWPC-O,20260312,2.86,2.86,2.8,2.8,26
UAC-O,20260312,2.78,2.78,2.78,2.78,50
UBE-O,20260312,0.51,0.51,0.48,0.48,29
UBIS-O,20260312,0.96,0.99,0.96,0.99,21
UEC-O,20260312,0.63,0.64,0.63,0.63,3
UKEM-O,20260312,0.62,0.63,0.62,0.63,28
UNIQ-O,20260312,2.62,2.74,2.6,2.74,56
UPOIC-O,20260312,6.6,6.6,6.6,6.6,11
UTP-O,20260312,7.55,7.55,7.5,7.5,151
UV-O,20260312,0.85,0.85,0.85,0.85,10
UVAN-O,20260312,15.2,16,15.2,15.8,677
VARO-O,20260312,2.98,2.98,2.98,2.98,1
VCOM-O,20260312,3.32,3.32,3.32,3.32,50
VGI-O,20260312,0.95,0.96,0.95,0.95,715
VIBHA-O,20260312,1.35,1.41,1.35,1.41,19
VIH-O,20260312,9.4,9.5,9.4,9.5,9
VL-O,20260312,0.79,0.79,0.77,0.77,25
VPO-O,20260312,0.5,0.54,0.5,0.53,125
VRANDA-O,20260312,4.18,4.18,4.18,4.18,1
VS-O,20260312,0.27,0.27,0.27,0.27,1
WACOAL-O,20260312,16.7,16.7,16.7,16.7,1
WARRIX-O,20260312,1.77,1.77,1.77,1.77,40
WASH-O,20260312,4.8,5.3,4.8,5.3,102
WAVE-O,20260312,0.03,0.03,0.03,0.03,20
WFX-O,20260312,0.88,0.98,0.88,0.94,120
WHA-O,20260312,4.12,4.18,4.06,4.16,1411
WHAIR-O,20260312,6.75,6.75,6.7,6.7,18
WHART-O,20260312,10.4,10.5,10.3,10.4,177
WHAUP-O,20260312,4.34,4.48,4.34,4.42,74
WICE-O,20260312,2.56,2.56,2.56,2.56,1
WINNER-O,20260312,2.12,2.12,2.12,2.12,33
WORK-O,20260312,3.62,3.64,3.62,3.64,81
WPH-O,20260312,6.95,6.95,6.55,6.55,107
XBIO-O,20260312,0.07,0.07,0.07,0.07,68
XO-O,20260312,14.1,14.1,13.9,14,251
XPG-O,20260312,0.48,0.49,0.48,0.48,144
XYZ-O,20260312,0.41,0.41,0.41,0.41,1
YUASA-O,20260312,14.8,14.8,14.5,14.5,13
ZAA-O,20260312,1.5,1.5,1.5,1.5,1
ZEN-O,20260312,6.4,6.4,5.85,5.9,13
ZIGA-O,20260312,0.85,0.85,0.85,0.85,10
RABBIT-P,20260312,0.34,0.35,0.34,0.34,343500
VAYU1,20260312,11,11.1,10.9,11,460900
VAYU1-O,20260312,11,11,10.9,11,226
AAV01C2607A,20260312,0.07,0.08,0.07,0.08,508400
AAV01C2609T,20260312,0.13,0.14,0.13,0.14,2629600
AAV01P2607A,20260312,0.48,0.48,0.48,0.48,108200
AAV13C2604A,20260312,0.01,0.02,0.01,0.02,247000
AAV13C2607A,20260312,0.13,0.14,0.13,0.13,7107000
AAV13C2608A,20260312,0.1,0.11,0.09,0.1,4322600
AAV13C2701T,20260312,0.15,0.16,0.15,0.15,12584400
AAV13P2607A,20260312,0.56,0.59,0.54,0.55,5668300
AAV19C2612T,20260312,0.13,0.14,0.13,0.14,2573800
AAV41C2607A,20260312,0.11,0.11,0.1,0.11,780400
AAV41C2608A,20260312,0.07,0.07,0.07,0.07,100
AAV41C2609T,20260312,0.1,0.11,0.1,0.11,400
ADVANC01C2606A,20260312,0.81,0.86,0.81,0.86,189000
ADVANC01C2607A,20260312,0.48,0.58,0.48,0.58,5786100
ADVANC01C2608A,20260312,0.19,0.22,0.19,0.22,3485200
ADVANC01C2701T,20260312,0.63,0.67,0.63,0.67,1850600
ADVANC01P2604A,20260312,0.01,0.02,0.01,0.02,125100
ADVANC01P2606A,20260312,0.2,0.2,0.17,0.17,4600800
ADVANC01P2607A,20260312,0.47,0.47,0.4,0.4,4270000
ADVANC13C2604A,20260312,0.32,0.41,0.32,0.41,203900
ADVANC13C2607A,20260312,0.49,0.58,0.49,0.58,7602700
ADVANC13C2608A,20260312,0.14,0.16,0.14,0.16,4140400
ADVANC13C2608B,20260312,0.21,0.24,0.21,0.24,6612000
ADVANC13C2608C,20260312,0.38,0.45,0.38,0.45,4051300
ADVANC13C2701T,20260312,0.43,0.47,0.43,0.47,2916600
ADVANC13P2607A,20260312,0.3,0.3,0.24,0.24,3015100
ADVANC19C2607A,20260312,0.36,0.45,0.36,0.45,3681400
ADVANC19C2608A,20260312,0.29,0.35,0.29,0.35,4736000
ADVANC41C2606T,20260312,0.79,0.87,0.79,0.87,901000
ADVANC41C2607A,20260312,0.45,0.51,0.45,0.51,3248600
ADVANC41C2608A,20260312,0.14,0.14,0.14,0.14,100
ADVANC41C2608C,20260312,0.34,0.4,0.34,0.4,1037300
ADVANC41C2701T,20260312,0.33,0.36,0.33,0.36,911000
ADVANC41P2607A,20260312,0.24,0.24,0.23,0.23,310100
AEONTS13C2608A,20260312,0.25,0.26,0.25,0.26,2015000
AIA41C2603A,20260312,0.37,0.37,0.37,0.37,10000
ALIHEA41C2606A,20260312,0.22,0.22,0.22,0.22,200
AMATA01C2605A,20260312,0.2,0.23,0.19,0.22,8623100
AMATA01C2608A,20260312,0.31,0.34,0.3,0.34,5212400
AMATA13C2607A,20260312,0.52,0.55,0.52,0.54,9000
AMATA13C2608A,20260312,0.33,0.36,0.31,0.35,15855700
AMATA19C2607A,20260312,0.38,0.43,0.37,0.42,10018300
AMATA19C2608A,20260312,0.25,0.28,0.23,0.27,3714700
AMATA41C2604A,20260312,0.16,0.18,0.16,0.18,230600
AMATA41C2608A,20260312,0.32,0.35,0.31,0.33,2302400
AMATA41C2608T,20260312,0.04,0.04,0.04,0.04,3100
AMATA41C2609T,20260312,0.31,0.32,0.31,0.32,300
AOT01C2605A,20260312,0.09,0.1,0.09,0.1,692400
AOT01C2606T,20260312,0.3,0.31,0.29,0.29,1410200
AOT01C2607A,20260312,0.22,0.24,0.21,0.23,1578400
AOT01C2609A,20260312,0.4,0.43,0.4,0.43,1301400
AOT01P2605A,20260312,0.21,0.22,0.2,0.21,2007100
AOT01P2607A,20260312,0.57,0.59,0.55,0.57,3036100
AOT13C2605A,20260312,0.23,0.25,0.22,0.24,4075800
AOT13C2605B,20260312,0.08,0.08,0.07,0.08,653100
AOT13C2608A,20260312,0.31,0.32,0.28,0.31,13204500
AOT13P2605A,20260312,0.08,0.08,0.07,0.08,120900
AOT13P2607A,20260312,0.4,0.42,0.39,0.4,1996900
AOT19C2605A,20260312,0.17,0.19,0.17,0.19,5413600
AOT19C2605B,20260312,0.06,0.06,0.05,0.06,362100
AOT19P2605A,20260312,0.1,0.1,0.09,0.09,842900
AOT41C2605A,20260312,0.18,0.2,0.18,0.2,941600
AOT41C2605T,20260312,0.02,0.02,0.02,0.02,100
AOT41C2608A,20260312,0.28,0.29,0.26,0.29,680500
AOT41C2609T,20260312,0.35,0.37,0.35,0.35,2100700
AOT41P2607A,20260312,0.4,0.4,0.4,0.4,100
AWC01C2606T,20260312,0.08,0.09,0.07,0.09,338700
AWC01C2607A,20260312,0.1,0.11,0.09,0.11,4995500
AWC13C2606A,20260312,0.1,0.11,0.09,0.11,9304700
AWC13C2608A,20260312,0.11,0.11,0.09,0.11,8889200
AWC13C2701T,20260312,0.17,0.18,0.17,0.18,11780500
AWC19C2606T,20260312,0.04,0.04,0.03,0.03,350700
AWC41C2606A,20260312,0.07,0.07,0.07,0.07,600
AWC41C2608A,20260312,0.07,0.08,0.07,0.08,400
AWC41C2609T,20260312,0.11,0.11,0.11,0.11,600
BA01C2607A,20260312,0.09,0.11,0.09,0.1,1901500
BA13C2607A,20260312,0.14,0.16,0.13,0.16,2683500
BA19C2605A,20260312,0.07,0.07,0.07,0.07,1000
BA41C2611T,20260312,0.19,0.21,0.19,0.21,1100
BABA28C2606A,20260312,0.07,0.08,0.07,0.08,20000
BABA28C2606B,20260312,0.13,0.13,0.13,0.13,410500
BABA41C2603T,20260312,0.01,0.01,0.01,0.01,55000
BABA41C2605A,20260312,0.12,0.12,0.11,0.11,1500100
BABA41C2609T,20260312,0.58,0.59,0.58,0.59,200
BABA41C2701T,20260312,0.69,0.7,0.69,0.7,1000
BAM01C2608A,20260312,0.15,0.16,0.15,0.16,1233900
BAM13C2607A,20260312,0.1,0.1,0.1,0.1,908200
BAM19C2612T,20260312,0.3,0.31,0.3,0.31,837400
BAM41C2612T,20260312,0.3,0.31,0.3,0.31,200600
BANPU01C2605A,20260312,0.74,0.84,0.74,0.84,331500
BANPU01C2606T,20260312,0.4,0.43,0.4,0.43,10800
BANPU01C2607A,20260312,0.14,0.18,0.14,0.17,2552200
BANPU13C2606A,20260312,0.23,0.27,0.22,0.27,3327100
BANPU13C2608A,20260312,0.17,0.2,0.17,0.19,4766900
BANPU13C2701T,20260312,0.26,0.28,0.25,0.26,495000
BANPU19C2612T,20260312,0.39,0.43,0.38,0.43,2947400
BANPU41C2605T,20260312,0.08,0.08,0.08,0.08,31300
BANPU41C2606A,20260312,0.22,0.25,0.21,0.24,443200
BANPU41C2608A,20260312,0.15,0.17,0.14,0.16,1374700
BANPU41C2612T,20260312,0.27,0.28,0.27,0.28,535000
BBL13C2607A,20260312,0.17,0.19,0.17,0.18,4185700
BBL13C2607B,20260312,0.31,0.34,0.31,0.34,11364800
BBL13P2608A,20260312,0.64,0.64,0.59,0.61,6353700
BBL19C2612T,20260312,0.45,0.47,0.45,0.46,9104300
BBL41C2607A,20260312,0.17,0.17,0.17,0.17,1441200
BBL41C2609T,20260312,0.39,0.41,0.39,0.41,1000
BBL41P2608A,20260312,0.57,0.57,0.55,0.56,121200
BCH01C2609A,20260312,0.19,0.19,0.19,0.19,1949500
BCH13C2607A,20260312,0.39,0.4,0.38,0.4,4917300
BCH13C2607B,20260312,0.1,0.11,0.1,0.1,2343700
BCH19C2607A,20260312,0.11,0.11,0.11,0.11,2264200
BCH41C2607A,20260312,0.37,0.38,0.36,0.38,1886200
BCH41C2607B,20260312,0.08,0.08,0.08,0.08,100300
BCP01C2607A,20260312,0.42,0.42,0.41,0.41,74000
BCP01C2608A,20260312,0.25,0.3,0.24,0.3,3924500
BCP13C2608A,20260312,0.43,0.47,0.4,0.47,13804700
BCP19C2605A,20260312,0.62,0.62,0.6,0.6,500
BCP19C2607A,20260312,0.38,0.45,0.37,0.45,845000
BCP41C2604A,20260312,0.31,0.36,0.31,0.36,400
BCP41C2607A,20260312,0.68,0.73,0.68,0.73,717200
BCP41C2608A,20260312,0.4,0.47,0.39,0.47,3099100
BCP41C2609T,20260312,0.16,0.17,0.16,0.17,1963500
BCPG01C2605A,20260312,0.02,0.02,0.02,0.02,1000
BCPG01C2607A,20260312,0.24,0.24,0.21,0.22,25500
BCPG13C2604A,20260312,0.01,0.01,0.01,0.01,500
BCPG13C2607A,20260312,0.17,0.19,0.15,0.18,23844000
BCPG13C2608A,20260312,0.14,0.14,0.11,0.12,7700400
BCPG19C2605A,20260312,0.04,0.05,0.04,0.04,717100
BCPG41C2606T,20260312,0.15,0.17,0.15,0.17,2900800
BCPG41C2607A,20260312,0.14,0.43,0.13,0.16,950100
BCPG41C2612T,20260312,0.16,0.16,0.14,0.16,4830400
BDMS01C2607A,20260312,0.13,0.15,0.12,0.15,6465000
BDMS01P2607A,20260312,0.36,0.36,0.34,0.34,1718900
BDMS13C2604A,20260312,0.01,0.01,0.01,0.01,40000
BDMS13C2607A,20260312,0.17,0.18,0.16,0.18,2491100
BDMS13C2608A,20260312,0.13,0.13,0.12,0.13,4048600
BDMS13C2701T,20260312,0.26,0.26,0.25,0.25,3634500
BDMS13P2607A,20260312,0.44,0.45,0.43,0.43,2450000
BDMS41C2607A,20260312,0.16,0.17,0.16,0.17,1100
BDMS41C2612T,20260312,0.18,0.18,0.18,0.18,2700
BEM01C2608A,20260312,0.08,0.08,0.08,0.08,400
BEM13C2604A,20260312,0.01,0.01,0.01,0.01,335000
BEM13C2608A,20260312,0.14,0.16,0.14,0.16,3461900
BEM41C2608A,20260312,0.12,0.12,0.12,0.12,100
BEM41C2612T,20260312,0.15,0.16,0.15,0.16,2000
BGRIM01C2606T,20260312,0.05,0.05,0.05,0.05,52300
BGRIM01C2608A,20260312,0.1,0.13,0.1,0.12,4792300
BGRIM13C2605A,20260312,0.01,0.02,0.01,0.02,1100
BGRIM13C2607A,20260312,0.1,0.11,0.09,0.11,18159800
BGRIM13C2608A,20260312,0.22,0.26,0.21,0.25,21117700
BGRIM19C2605A,20260312,0.02,0.02,0.02,0.02,1500
BGRIM19C2607A,20260312,0.11,0.14,0.1,0.13,10171900
BGRIM41C2605A,20260312,0.02,0.03,0.02,0.03,105100
BGRIM41C2608T,20260312,0.11,0.12,0.11,0.12,2700
BH01C2605A,20260312,0.28,0.28,0.25,0.26,5349300
BH01C2607A,20260312,0.94,0.95,0.9,0.91,142300
BH01C2608A,20260312,0.15,0.15,0.14,0.14,6019500
BH01C2609A,20260312,0.9,0.9,0.85,0.87,3461000
BH01P2607A,20260312,0.15,0.16,0.14,0.15,2707100
BH01P2607B,20260312,0.44,0.45,0.44,0.44,3049200
BH01P2608A,20260312,0.84,0.86,0.83,0.85,2249800
BH13C2605A,20260312,0.19,0.19,0.16,0.17,11246400
BH13C2607A,20260312,0.86,0.87,0.79,0.82,184100
BH13C2608A,20260312,0.18,0.18,0.16,0.16,22250100
BH13C2608B,20260312,0.6,0.6,0.56,0.57,33332700
BH13P2607A,20260312,0.12,0.12,0.12,0.12,3110600
BH13P2608A,20260312,0.73,0.76,0.73,0.74,8787700
BH19C2605A,20260312,0.23,0.23,0.19,0.21,3196600
BH19C2607B,20260312,0.11,0.11,0.1,0.1,1825300
BH19C2608A,20260312,0.61,0.61,0.55,0.57,8796900
BH41C2607A,20260312,0.71,0.75,0.71,0.75,400
BH41C2611T,20260312,0.53,0.53,0.51,0.52,4075500
BH41P2608A,20260312,0.7,0.71,0.69,0.69,1320200
BIDU41C2603A,20260312,0.02,0.02,0.02,0.02,100
BIDU41C2606A,20260312,0.15,0.15,0.15,0.15,885900
BIDU41C2609A,20260312,0.14,0.14,0.14,0.14,121300
BJC01C2605A,20260312,0.02,0.02,0.02,0.02,6700
BJC01C2608A,20260312,0.14,0.17,0.14,0.17,3638100
BJC13C2605A,20260312,0.02,0.03,0.02,0.03,4100
BJC13C2607A,20260312,0.16,0.21,0.16,0.2,12320800
BJC19C2612T,20260312,0.29,0.33,0.29,0.33,2134100
BLA01C2607A,20260312,0.19,0.2,0.19,0.19,1129800
BLA13C2607A,20260312,0.21,0.21,0.2,0.21,1705500
BLA19C2608A,20260312,0.33,0.36,0.33,0.35,1065000
BLA41C2606T,20260312,0.14,0.14,0.14,0.14,300
BTG01C2607A,20260312,0.48,0.57,0.48,0.57,1291000
BTG13C2608A,20260312,0.39,0.46,0.39,0.46,7490300
BTS13C2606A,20260312,0.03,0.03,0.03,0.03,3700
BTS13C2607A,20260312,0.13,0.13,0.13,0.13,4416500
BTS13C2608A,20260312,0.1,0.11,0.1,0.11,4063500
BTS13C2701T,20260312,0.14,0.14,0.14,0.14,5339800
BTS13P2608A,20260312,0.34,0.34,0.32,0.32,3010200
BTS41C2607A,20260312,0.12,0.13,0.12,0.13,300
BTS41C2703T,20260312,0.16,0.16,0.16,0.16,300
BYDCOM41C2609A,20260312,0.47,0.49,0.47,0.49,1300
BYDCOM41P2603A,20260312,0.15,0.15,0.14,0.14,592800
CBG01C2605A,20260312,0.01,0.01,0.01,0.01,3900
CBG01C2607A,20260312,0.07,0.09,0.07,0.08,997700
CBG01C2609A,20260312,0.26,0.28,0.24,0.26,4674900
CBG01P2607A,20260312,0.78,0.78,0.73,0.74,724400
CBG13C2607A,20260312,0.05,0.06,0.05,0.06,1046100
CBG13C2608A,20260312,0.2,0.22,0.19,0.21,10964600
CBG13P2605A,20260312,0.38,0.4,0.35,0.37,6961200
CBG19C2604A,20260312,0.01,0.01,0.01,0.01,5500
CBG19C2607A,20260312,0.06,0.07,0.06,0.06,50100
CBG41C2607A,20260312,0.05,0.05,0.05,0.05,2000
CBG41C2608A,20260312,0.18,0.2,0.17,0.19,6900
CBG41C2612T,20260312,0.08,0.08,0.08,0.08,100
CBG41C2703T,20260312,0.24,0.25,0.24,0.25,300
CCET13C2604A,20260312,0.05,0.06,0.05,0.06,526100
CCET13C2607A,20260312,0.14,0.16,0.14,0.16,14525500
CCET13C2608A,20260312,0.41,0.45,0.41,0.44,21237400
CCET19C2607A,20260312,0.16,0.19,0.16,0.18,3983300
CCET41C2607A,20260312,0.27,0.27,0.26,0.27,900
CENTEL01C2606A,20260312,0.1,0.13,0.1,0.12,4729800
CENTEL01C2609A,20260312,0.3,0.33,0.3,0.32,3247900
CENTEL13C2605A,20260312,0.11,0.14,0.11,0.14,4396100
CENTEL13C2608A,20260312,0.18,0.2,0.17,0.2,9403800
CENTEL19C2607A,20260312,0.12,0.15,0.12,0.14,1602000
CENTEL41C2605A,20260312,0.1,0.11,0.1,0.11,601400
CENTEL41C2606T,20260312,0.14,0.15,0.14,0.15,980200
CENTEL41C2608A,20260312,0.15,0.16,0.15,0.16,528400
CHG13C2608A,20260312,0.17,0.19,0.17,0.18,2006700
CK01C2608A,20260312,0.36,0.38,0.35,0.38,2068600
CK13C2607A,20260312,0.41,0.43,0.4,0.43,3094800
CK13C2608A,20260312,0.24,0.26,0.23,0.26,6477100
COM701C2604A,20260312,0.18,0.22,0.16,0.22,5114100
COM701C2607A,20260312,0.63,0.71,0.6,0.69,2282700
COM701C2607B,20260312,0.11,0.13,0.1,0.13,2731400
COM713C2604A,20260312,0.03,0.05,0.03,0.05,303000
COM713C2605A,20260312,0.28,0.33,0.26,0.32,10745300
COM713C2607A,20260312,0.64,0.71,0.6,0.71,85500
COM713C2608A,20260312,0.16,0.18,0.15,0.17,7734600
COM719C2605A,20260312,0.37,0.43,0.33,0.43,6384500
COM741C2605A,20260312,0.23,0.28,0.23,0.28,600700
COM741C2607A,20260312,0.55,0.62,0.52,0.62,201500
COM741C2608A,20260312,0.14,0.15,0.13,0.15,800
COM741C2609T,20260312,0.36,0.39,0.35,0.39,1099000
CPALL01C2607A,20260312,0.27,0.29,0.25,0.29,3292100
CPALL01C2608A,20260312,0.09,0.1,0.08,0.1,568500
CPALL01P2607A,20260312,0.2,0.21,0.18,0.18,1115600
CPALL01P2608A,20260312,0.59,0.59,0.53,0.53,580000
CPALL13C2607A,20260312,0.23,0.27,0.22,0.27,2610600
CPALL13C2608A,20260312,0.17,0.19,0.16,0.19,1479300
CPALL13C2701T,20260312,0.28,0.3,0.27,0.3,2545400
CPALL13P2608A,20260312,0.24,0.24,0.2,0.2,983500
CPALL19C2607A,20260312,0.38,0.38,0.32,0.37,888200
CPALL19C2612A,20260312,0.18,0.19,0.18,0.19,1035000
CPALL41C2607A,20260312,0.2,0.22,0.19,0.22,600200
CPALL41C2608A,20260312,0.14,0.15,0.14,0.15,800
CPALL41C2612T,20260312,0.18,0.19,0.18,0.19,200
CPF01C2608A,20260312,0.12,0.13,0.12,0.13,2412500
CPF01C2611T,20260312,0.16,0.16,0.16,0.16,876200
CPF01P2608A,20260312,0.66,0.67,0.63,0.63,975300
CPF13C2604A,20260312,0.01,0.02,0.01,0.02,530000
CPF13C2608A,20260312,0.17,0.19,0.17,0.18,6431600
CPF13P2608A,20260312,0.59,0.6,0.57,0.57,1999100
CPF19C2608A,20260312,0.13,0.14,0.13,0.14,382000
CPF19C2609T,20260312,0.11,0.12,0.11,0.12,437800
CPF41C2608A,20260312,0.14,0.14,0.14,0.14,480100
CPF41C2612T,20260312,0.16,0.16,0.16,0.16,1000
CPN01C2604A,20260312,0.33,0.48,0.33,0.46,4024700
CPN01C2606T,20260312,0.28,0.34,0.28,0.34,4481600
CPN01C2608A,20260312,0.5,0.64,0.5,0.64,4450300
CPN01P2608A,20260312,0.32,0.32,0.27,0.27,3865200
CPN13C2608A,20260312,0.51,0.64,0.51,0.64,24009300
CPN13P2608A,20260312,0.34,0.34,0.27,0.27,19318200
CPN19C2609T,20260312,0.44,0.53,0.44,0.53,4169700
CPN41C2604A,20260312,0.28,0.38,0.28,0.38,108200
CPN41C2608A,20260312,0.49,0.58,0.48,0.58,5039200
CPN41C2608T,20260312,0.48,0.56,0.48,0.56,8844200
CRC01C2605A,20260312,0.06,0.1,0.06,0.1,210300
CRC01C2609A,20260312,0.17,0.24,0.17,0.23,5112000
CRC01C2610T,20260312,0.22,0.28,0.22,0.28,2036700
CRC01P2605A,20260312,0.29,0.29,0.2,0.21,8576300
CRC13C2606A,20260312,0.12,0.18,0.12,0.18,16290400
CRC13P2606A,20260312,0.24,0.25,0.18,0.18,3096100
CRC19C2604A,20260312,0.02,0.02,0.01,0.02,1384600
CRC19C2612A,20260312,0.3,0.37,0.29,0.36,30522800
CRC41C2606A,20260312,0.11,0.16,0.11,0.16,600
CRC41C2608T,20260312,0.02,0.02,0.02,0.02,1000
CRC41C2609T,20260312,0.12,0.16,0.12,0.16,500
DELTA01C2605A,20260312,1.32,1.44,1.28,1.42,2506400
DELTA01C2605B,20260312,2.88,3.1,2.88,3.06,823200
DELTA01C2607A,20260312,0.83,0.88,0.81,0.88,1551200
DELTA01C2608A,20260312,0.59,0.64,0.58,0.63,6682200
DELTA01P2605A,20260312,0.17,0.17,0.15,0.16,125100
DELTA01P2606A,20260312,0.19,0.2,0.18,0.18,6243300
DELTA01P2608A,20260312,0.85,0.86,0.82,0.82,2782100
DELTA13C2604A,20260312,0.47,0.56,0.43,0.56,144700
DELTA13C2605A,20260312,0.61,0.66,0.6,0.66,1043300
DELTA13C2606A,20260312,1.07,1.14,1.07,1.13,538300
DELTA13C2607A,20260312,0.44,0.48,0.44,0.47,32873100
DELTA13C2607B,20260312,0.54,0.6,0.54,0.6,39813300
DELTA13C2608A,20260312,0.34,0.37,0.33,0.37,17850500
DELTA13P2605A,20260312,0.07,0.07,0.06,0.06,745700
DELTA13P2606A,20260312,0.32,0.32,0.28,0.28,6982100
DELTA13P2607A,20260312,0.86,0.86,0.8,0.8,11359300
DELTA19C2604A,20260312,0.18,0.23,0.18,0.22,4600800
DELTA19C2607A,20260312,0.69,0.76,0.69,0.76,10204800
DELTA19C2608A,20260312,0.63,0.67,0.62,0.66,5552000
DELTA19P2604A,20260312,0.01,0.01,0.01,0.01,10000
DELTA19P2605A,20260312,0.08,0.08,0.08,0.08,1351000
DELTA19P2606A,20260312,0.28,0.28,0.26,0.26,10103600
DELTA19P2607A,20260312,0.69,0.7,0.65,0.65,3600100
DELTA41C2604A,20260312,0.49,0.59,0.49,0.59,601000
DELTA41C2605A,20260312,0.58,0.62,0.56,0.61,500600
DELTA41C2606A,20260312,1.08,1.08,1.06,1.06,800000
DELTA41C2607A,20260312,0.42,0.46,0.42,0.46,2231800
DELTA41C2607B,20260312,0.5,0.55,0.49,0.55,2727900
DELTA41C2608A,20260312,0.34,0.35,0.33,0.35,722800
DELTA41C2608T,20260312,1.68,1.71,1.67,1.71,901200
DELTA41C2612T,20260312,1.11,1.16,1.09,1.16,1135300
DELTA41C2703T,20260312,0.7,0.74,0.7,0.74,5410800
DJI28C2603A,20260312,0.06,0.07,0.05,0.07,3500
DJI41C2606A,20260312,0.3,0.31,0.3,0.31,898600
DJI41P2606A,20260312,0.97,0.98,0.92,0.93,245200
DOHOME01C2608A,20260312,0.24,0.27,0.24,0.27,1961400
DOHOME13C2607A,20260312,0.25,0.28,0.24,0.27,2503700
EA13C2604A,20260312,0.01,0.02,0.01,0.02,540900
EA13C2605A,20260312,0.04,0.05,0.04,0.05,206700
EA13C2607A,20260312,0.15,0.16,0.14,0.15,3747900
EA13C2607B,20260312,0.1,0.1,0.1,0.1,1513000
EA19C2606A,20260312,0.17,0.18,0.16,0.17,4207800
EA41C2606T,20260312,0.01,0.01,0.01,0.01,2012100
EA41C2609T,20260312,0.23,0.23,0.23,0.23,300
EGCO41C2612T,20260312,0.26,0.27,0.26,0.27,20200
ERW01C2608A,20260312,0.2,0.2,0.18,0.19,5417000
ERW01C2611T,20260312,0.28,0.29,0.27,0.28,2766900
ERW13C2604A,20260312,0.08,0.09,0.08,0.09,1208000
ERW13C2608A,20260312,0.18,0.19,0.17,0.18,5808500
ERW41C2611T,20260312,0.39,0.4,0.37,0.38,11971100
GLOBAL01C2608A,20260312,0.11,0.13,0.11,0.13,1146600
GLOBAL13C2608A,20260312,0.22,0.25,0.22,0.25,3188300
GLOBAL41C2608A,20260312,0.19,0.22,0.19,0.22,1409100
GLOBAL41C2612T,20260312,0.4,0.42,0.4,0.41,1080900
GPSC01C2605A,20260312,0.06,0.08,0.06,0.08,2022000
GPSC01C2608A,20260312,0.07,0.09,0.07,0.09,245000
GPSC01C2609T,20260312,0.13,0.15,0.13,0.15,3292200
GPSC01P2605A,20260312,0.17,0.17,0.13,0.14,6160900
GPSC01P2607A,20260312,0.46,0.47,0.4,0.42,4624200
GPSC01P2608A,20260312,0.76,0.76,0.72,0.72,4800
GPSC13C2606A,20260312,0.11,0.15,0.11,0.13,17726400
GPSC13C2608A,20260312,0.1,0.12,0.1,0.11,8959200
GPSC13C2608B,20260312,0.24,0.3,0.24,0.28,28170900
GPSC13C2701T,20260312,0.14,0.16,0.14,0.16,21896500
GPSC13P2606A,20260312,0.19,0.19,0.14,0.15,4821200
GPSC13P2608A,20260312,0.8,0.8,0.76,0.76,400
GPSC19C2608A,20260312,0.09,0.12,0.09,0.12,2233800
GPSC41C2606A,20260312,0.1,0.12,0.1,0.12,48800
GPSC41C2608B,20260312,0.24,0.28,0.24,0.27,2800
GPSC41C2703T,20260312,0.2,0.23,0.2,0.22,1096600
GULF01C2604A,20260312,0.49,0.49,0.49,0.49,75900
GULF01C2606T,20260312,0.17,0.19,0.17,0.19,3857900
GULF01C2608A,20260312,0.62,0.69,0.62,0.69,907100
GULF01C2608B,20260312,0.36,0.43,0.36,0.43,4473800
GULF01C2609A,20260312,0.29,0.35,0.29,0.35,5006400
GULF01C2702T,20260312,0.48,0.52,0.48,0.52,2932600
GULF01P2608A,20260312,0.15,0.15,0.13,0.13,3378700
GULF01P2608B,20260312,0.38,0.38,0.33,0.33,1931100
GULF01P2609A,20260312,0.86,0.86,0.8,0.8,42100
GULF13C2607A,20260312,0.58,0.64,0.57,0.64,1167200
GULF13C2608A,20260312,0.4,0.46,0.39,0.46,14857200
GULF13P2607A,20260312,0.12,0.12,0.1,0.1,6165000
GULF13P2608A,20260312,0.62,0.62,0.54,0.54,16438600
GULF19C2607A,20260312,0.63,0.63,0.62,0.62,2000
GULF19C2607B,20260312,0.31,0.37,0.31,0.37,11751200
GULF41C2604A,20260312,0.52,0.54,0.52,0.54,200
GULF41C2608A,20260312,0.36,0.42,0.36,0.42,431100
GULF41C2609T,20260312,0.35,0.37,0.35,0.37,4700
GULF41P2608A,20260312,0.54,0.54,0.54,0.54,600
GUNKUL01C2608A,20260312,0.18,0.19,0.18,0.19,1524400
GUNKUL13C2608A,20260312,0.29,0.31,0.28,0.31,4110500
GUNKUL13C2608B,20260312,0.16,0.16,0.16,0.16,2379900
HANA01C2604A,20260312,0.48,0.57,0.48,0.49,3142800
HANA01C2606A,20260312,1.03,1.25,1.03,1.14,354000
HANA01C2608A,20260312,0.9,1.03,0.9,0.94,1104100
HANA13C2604A,20260312,0.12,0.16,0.11,0.14,464500
HANA13C2604B,20260312,0.63,0.84,0.63,0.7,383100
HANA13C2607A,20260312,1.07,1.24,1.07,1.18,2151600
HANA13C2608A,20260312,0.81,0.95,0.81,0.89,15162900
HANA13C2608B,20260312,0.48,0.55,0.48,0.52,14297700
HANA13C2608C,20260312,0.23,0.26,0.23,0.25,19201400
HANA13C2701T,20260312,0.54,0.58,0.54,0.58,1800
HANA13P2607A,20260312,0.17,0.17,0.14,0.15,10008000
HANA19C2604A,20260312,0.14,0.22,0.14,0.18,7355400
HANA19C2607A,20260312,1.3,1.3,1.3,1.3,200
HANA19C2608A,20260312,0.6,0.7,0.6,0.66,8632000
HANA41C2604A,20260312,0.11,0.14,0.11,0.13,1350400
HANA41C2604B,20260312,0.66,0.79,0.66,0.74,1300600
HANA41C2606T,20260312,0.12,0.12,0.12,0.12,100
HANA41C2607A,20260312,1.04,1.19,1.04,1.14,1722400
HANA41C2608A,20260312,0.77,0.88,0.77,0.84,3700
HANA41C2608B,20260312,0.45,0.52,0.45,0.48,5500
HANA41C2608T,20260312,0.76,0.81,0.76,0.77,4761200
HANA41C2612T,20260312,0.44,0.46,0.43,0.44,4061700
HMPRO01C2607A,20260312,0.08,0.09,0.08,0.09,12500
HMPRO13C2604A,20260312,0.02,0.02,0.02,0.02,5000
HMPRO13C2608A,20260312,0.15,0.17,0.14,0.17,8095200
HMPRO19C2608A,20260312,0.12,0.14,0.12,0.14,914300
HMPRO41C2608A,20260312,0.12,0.14,0.12,0.14,300
HMPRO41C2612T,20260312,0.19,0.2,0.19,0.2,500
HSI28C2603A,20260312,0.01,0.02,0.01,0.02,1100
HSI28C2603B,20260312,0.04,0.04,0.01,0.03,8300
HSI28C2603C,20260312,0.12,0.15,0.11,0.13,29980400
HSI28C2604A,20260312,0.06,0.06,0.06,0.06,420800
HSI28C2604B,20260312,0.14,0.16,0.14,0.15,290500
HSI28C2604C,20260312,0.33,0.37,0.32,0.36,7427700
HSI28C2604D,20260312,0.56,0.6,0.53,0.59,31569000
HSI28C2605A,20260312,0.27,0.3,0.26,0.28,2476000
HSI28C2605B,20260312,0.52,0.56,0.49,0.55,13278400
HSI28C2605C,20260312,1.08,1.08,1.08,1.08,1000
HSI28C2606A,20260312,0.43,0.46,0.41,0.45,13821100
HSI28P2603B,20260312,0.06,0.06,0.05,0.06,981400
HSI28P2603C,20260312,0.42,0.45,0.37,0.37,43444200
HSI28P2604A,20260312,0.27,0.28,0.25,0.25,2462900
HSI28P2604B,20260312,0.55,0.56,0.51,0.52,13361400
HSI28P2605A,20260312,0.64,0.67,0.62,0.62,1073500
HSI28P2605B,20260312,0.34,0.35,0.32,0.32,442300
HSI28P2606A,20260312,0.8,0.8,0.8,0.8,100
HSTECH28C2606A,20260312,0.32,0.33,0.32,0.33,96000
HSTECH28P2603A,20260312,0.5,0.53,0.47,0.47,5052800
HSTECH28P2606A,20260312,0.61,0.61,0.59,0.59,2800
ICHI01C2608A,20260312,0.18,0.19,0.18,0.19,2376500
ICHI13C2608A,20260312,0.18,0.18,0.18,0.18,2062600
ICHI19C2609T,20260312,0.23,0.24,0.23,0.24,1151200
IRPC01C2607A,20260312,0.17,0.26,0.17,0.25,4500500
IRPC13C2604A,20260312,0.07,0.11,0.07,0.1,4998300
IRPC13C2608A,20260312,0.14,0.21,0.14,0.2,9850000
IRPC13C2701T,20260312,0.21,0.28,0.21,0.27,7482100
IRPC19C2609T,20260312,0.16,0.22,0.16,0.22,1518200
IRPC41C2604A,20260312,0.1,0.1,0.1,0.1,600
IRPC41C2703T,20260312,0.29,0.34,0.29,0.34,901300
ITC01C2606T,20260312,0.19,0.19,0.18,0.18,1351000
ITC13C2608A,20260312,0.21,0.21,0.2,0.21,2000700
ITC19C2609T,20260312,0.21,0.21,0.2,0.2,1945900
ITC41C2612T,20260312,0.19,0.19,0.19,0.19,100
IVL01C2604A,20260312,0.1,0.15,0.1,0.13,12496700
IVL01C2605A,20260312,0.67,0.68,0.64,0.67,63500
IVL01C2607A,20260312,0.14,0.23,0.14,0.21,17437600
IVL01C2608A,20260312,0.04,0.05,0.04,0.04,650100
IVL01C2609A,20260312,0.48,0.64,0.47,0.61,8313300
IVL01P2607A,20260312,0.44,0.45,0.32,0.33,10013000
IVL01P2608A,20260312,0.71,0.72,0.58,0.6,4851300
IVL13C2604A,20260312,0.03,0.08,0.03,0.07,8406000
IVL13C2605A,20260312,0.22,0.43,0.22,0.38,28512500
IVL13C2607A,20260312,0.13,0.21,0.12,0.2,49758500
IVL13P2607A,20260312,0.51,0.52,0.39,0.4,11652500
IVL19C2604A,20260312,0.07,0.17,0.06,0.14,27882000
IVL19C2605A,20260312,0.36,0.61,0.36,0.54,154900
IVL19C2607A,20260312,0.17,0.27,0.17,0.25,10447000
IVL41C2605A,20260312,0.22,0.38,0.22,0.37,2798200
IVL41C2607A,20260312,0.11,0.18,0.11,0.17,2889200
IVL41C2702T,20260312,0.25,0.31,0.25,0.3,5271000
IVL41P2605T,20260312,0.23,0.23,0.23,0.23,200
IVL41P2607A,20260312,0.31,0.32,0.3,0.31,660400
JAS13C2608A,20260312,0.19,0.2,0.18,0.19,6000600
JAS19C2604A,20260312,0.01,0.01,0.01,0.01,100000
JAS41C2611T,20260312,0.16,0.17,0.16,0.17,2700
JD41C2606A,20260312,0.19,0.19,0.19,0.19,200
JMART13C2605A,20260312,0.12,0.14,0.11,0.13,8461700
JMART13C2608A,20260312,0.27,0.3,0.26,0.28,6901900
JMART19C2612A,20260312,0.34,0.36,0.33,0.34,5351000
JMART41C2609T,20260312,0.13,0.14,0.13,0.13,9300
JMART41C2703T,20260312,0.32,0.32,0.32,0.32,200
JMT01C2605A,20260312,0.16,0.19,0.16,0.19,5141400
JMT01C2608A,20260312,0.14,0.16,0.14,0.16,7689800
JMT01C2701T,20260312,0.3,0.32,0.3,0.32,4985600
JMT13C2607A,20260312,0.41,0.48,0.41,0.47,10444700
JMT13C2608A,20260312,0.16,0.19,0.16,0.19,3315900
JMT19C2605A,20260312,0.17,0.21,0.17,0.2,2743600
JMT19C2608A,20260312,0.15,0.16,0.15,0.16,1268700
JMT41C2608A,20260312,0.14,0.16,0.14,0.16,1000
JMT41C2703T,20260312,0.44,0.47,0.43,0.46,4107100
KBANK01C2607A,20260312,0.25,0.27,0.24,0.25,5309100
KBANK01C2608A,20260312,0.12,0.12,0.11,0.12,24200
KBANK01C2702T,20260312,0.2,0.2,0.2,0.2,2583800
KBANK01P2607A,20260312,0.48,0.48,0.47,0.47,3376800
KBANK13C2607A,20260312,0.09,0.09,0.09,0.09,1533500
KBANK13C2607B,20260312,0.33,0.33,0.31,0.32,13495100
KBANK13P2607A,20260312,0.49,0.49,0.46,0.46,348600
KBANK19C2608A,20260312,0.14,0.14,0.13,0.14,1500
KBANK41C2607A,20260312,0.06,0.06,0.06,0.06,70000
KBANK41C2607B,20260312,0.29,0.29,0.29,0.29,71200
KCE13C2604A,20260312,0.01,0.01,0.01,0.01,10000
KCE13C2606A,20260312,0.2,0.26,0.2,0.23,81297100
KCE13C2607A,20260312,0.36,0.47,0.36,0.43,72543400
KCE13P2608A,20260312,0.71,0.72,0.65,0.68,20078400
KCE19C2604A,20260312,0.03,0.03,0.03,0.03,1000
KCE19C2605A,20260312,0.2,0.27,0.2,0.24,19297200
KCE19C2608A,20260312,0.6,0.71,0.6,0.67,6692100
KCE41C2606A,20260312,0.2,0.24,0.2,0.23,4042000
KCE41C2607A,20260312,0.33,0.41,0.33,0.38,5978600
KCE41C2609T,20260312,0.4,0.44,0.4,0.43,6648200
KCE41P2608A,20260312,0.66,0.66,0.6,0.63,1921000
KKP01C2607A,20260312,0.51,0.53,0.5,0.53,1624900
KKP01P2609A,20260312,0.87,0.88,0.85,0.85,1428800
KKP13C2606A,20260312,0.38,0.41,0.38,0.4,8643300
KKP19C2609T,20260312,0.66,0.68,0.66,0.68,1735400
KTB01C2608A,20260312,0.25,0.27,0.25,0.27,1493400
KTB01C2701T,20260312,0.31,0.32,0.31,0.32,277800
KTB01P2608A,20260312,0.2,0.2,0.19,0.19,863700
KTB13C2606A,20260312,0.25,0.29,0.25,0.29,841000
KTB13C2608A,20260312,0.22,0.25,0.21,0.25,11830300
KTB13P2608A,20260312,0.17,0.17,0.16,0.16,298800
KTB19C2609T,20260312,0.39,0.42,0.38,0.42,1727900
KTB41C2606A,20260312,0.22,0.25,0.22,0.25,400
KTB41C2608A,20260312,0.19,0.22,0.19,0.22,303100
KTB41C2612T,20260312,0.43,0.46,0.43,0.46,751100
KTC01C2604A,20260312,0.03,0.03,0.02,0.02,32100
KTC01C2607A,20260312,0.2,0.24,0.2,0.23,2479000
KTC01C2608A,20260312,0.11,0.13,0.11,0.12,4319600
KTC01C2609T,20260312,0.17,0.19,0.17,0.18,1012200
KTC01P2608A,20260312,0.49,0.49,0.44,0.45,1746200
KTC13C2607A,20260312,0.21,0.25,0.21,0.23,11230000
KTC13C2608A,20260312,0.15,0.18,0.15,0.17,9359900
KTC13C2701T,20260312,0.25,0.27,0.25,0.26,17312200
KTC13P2608A,20260312,0.54,0.54,0.48,0.49,5543500
KTC19C2604A,20260312,0.05,0.05,0.05,0.05,11000
KTC19C2609T,20260312,0.19,0.21,0.19,0.2,736800
KTC41C2606T,20260312,0.01,0.02,0.01,0.02,50100
KTC41C2607A,20260312,0.18,0.21,0.18,0.21,300800
KTC41C2608A,20260312,0.14,0.14,0.14,0.14,600
KTC41C2609T,20260312,0.19,0.19,0.19,0.19,1000
KTC41C2612T,20260312,0.24,0.27,0.24,0.27,114900
KUAISH28C2606A,20260312,0.16,0.16,0.16,0.16,600000
KUAISH41C2603A,20260312,0.01,0.02,0.01,0.01,1155100
KUAISH41C2606A,20260312,0.09,0.09,0.09,0.09,1000000
KUAISH41C2609A,20260312,0.3,0.31,0.3,0.31,800
LH01C2609A,20260312,0.2,0.22,0.19,0.2,4322700
LH13C2608A,20260312,0.22,0.24,0.22,0.23,838600
M01C2606A,20260312,0.23,0.24,0.22,0.23,4429100
M13C2605A,20260312,0.18,0.19,0.18,0.18,5880600
M13C2607A,20260312,0.2,0.21,0.19,0.19,6139200
M13C2608A,20260312,0.11,0.11,0.11,0.11,3368900
M19C2605A,20260312,0.24,0.25,0.23,0.24,2540400
M41C2612T,20260312,0.26,0.26,0.26,0.26,30500
MEGA01C2702T,20260312,0.21,0.21,0.21,0.21,623300
MEGA13C2608A,20260312,0.15,0.15,0.15,0.15,1580700
MEITUA28C2607A,20260312,0.13,0.13,0.13,0.13,100000
MEITUA28C2609A,20260312,0.34,0.35,0.33,0.34,500000
MEITUA41C2609A,20260312,0.32,0.33,0.32,0.33,2000
MINT01C2605A,20260312,0.11,0.13,0.1,0.13,5317400
MINT01C2608A,20260312,0.07,0.07,0.06,0.07,281000
MINT01C2609A,20260312,0.53,0.58,0.5,0.57,6926100
MINT01P2605A,20260312,0.17,0.2,0.15,0.16,7085600
MINT13C2604A,20260312,0.04,0.06,0.03,0.05,2443200
MINT13C2607A,20260312,0.08,0.1,0.08,0.1,958800
MINT13C2608A,20260312,0.35,0.36,0.31,0.35,9917500
MINT13P2606A,20260312,0.39,0.42,0.35,0.36,6294100
MINT19C2607A,20260312,0.08,0.09,0.08,0.09,1192900
MINT41C2608A,20260312,0.3,0.32,0.29,0.32,438500
MINT41C2612T,20260312,0.09,0.09,0.09,0.09,100
MINT41P2606A,20260312,0.33,0.35,0.29,0.29,3160400
MTC01C2606A,20260312,0.04,0.05,0.04,0.05,27700
MTC01C2608A,20260312,0.23,0.28,0.22,0.28,13177300
MTC01P2608A,20260312,0.13,0.13,0.11,0.11,2226500
MTC13C2605A,20260312,0.04,0.06,0.04,0.05,1292900
MTC13C2607A,20260312,0.21,0.27,0.2,0.26,21297300
MTC13P2607A,20260312,0.39,0.4,0.35,0.35,7579400
MTC19C2605A,20260312,0.06,0.09,0.06,0.09,4354600
MTC19C2607A,20260312,0.08,0.1,0.08,0.1,3199600
MTC41C2607A,20260312,0.2,0.24,0.2,0.24,1561600
MTC41C2611T,20260312,0.1,0.1,0.1,0.1,100
NDX28C2606A,20260312,0.41,0.43,0.41,0.43,4015000
NDX41C2603A,20260312,0.01,0.01,0.01,0.01,100
NDX41C2606A,20260312,0.41,0.46,0.41,0.45,278400
NDX41P2606A,20260312,0.74,0.74,0.71,0.73,580200
NIKKEI28C2606B,20260312,0.97,0.97,0.97,0.97,30000
NIKKEI28C2606C,20260312,0.66,0.73,0.66,0.73,50300
NIKKEI28C2606D,20260312,0.47,0.53,0.46,0.52,572100
NIKKEI28P2606A,20260312,0.41,0.42,0.38,0.39,713000
NIKKEI28P2606B,20260312,0.73,0.73,0.7,0.7,75200
NIKKEI28P2606D,20260312,0.88,0.88,0.81,0.83,10200
NIKKEI41C2606A,20260312,1.41,1.46,1.41,1.46,200000
NIKKEI41C2606B,20260312,0.95,1.03,0.95,1.03,300
NIKKEI41C2606C,20260312,0.63,0.67,0.62,0.67,646100
NIKKEI41P2603C,20260312,0.01,0.01,0.01,0.01,9000
NIKKEI41P2606B,20260312,0.66,0.66,0.62,0.62,57000
NIKKEI41P2606C,20260312,0.47,0.47,0.44,0.44,13400
OR01C2607A,20260312,0.03,0.03,0.03,0.03,179300
OR01C2608A,20260312,0.06,0.06,0.05,0.06,53600
OR01C2609A,20260312,0.2,0.22,0.2,0.22,846300
OR13C2605A,20260312,0.02,0.02,0.01,0.02,296300
OR13C2608A,20260312,0.11,0.13,0.11,0.12,4998400
OR13C2608B,20260312,0.2,0.23,0.2,0.22,3705200
OR19C2607A,20260312,0.04,0.04,0.04,0.04,600
OR19C2608A,20260312,0.18,0.2,0.18,0.2,1357200
OR41C2608T,20260312,0.13,0.14,0.13,0.14,267600
OSP01C2607A,20260312,0.08,0.09,0.08,0.09,56500
OSP13C2607A,20260312,0.07,0.08,0.07,0.08,276400
OSP13C2608A,20260312,0.24,0.25,0.23,0.25,1756200
OSP41C2606T,20260312,0.02,0.02,0.02,0.02,100
OSP41C2607A,20260312,0.05,0.07,0.05,0.07,7900
PINGAN41C2606A,20260312,0.13,0.13,0.13,0.13,400
PLANB13C2607A,20260312,0.43,0.51,0.43,0.49,2702500
PLANB13C2608A,20260312,0.41,0.48,0.41,0.46,4988700
PLANB13C2608B,20260312,0.14,0.16,0.14,0.16,2634600
PLANB19C2605A,20260312,0.17,0.24,0.17,0.22,3643800
PLANB41C2607A,20260312,0.42,0.49,0.41,0.47,3330600
PLANB41C2608A,20260312,0.38,0.45,0.38,0.44,3522000
PLANB41C2612T,20260312,0.19,0.21,0.19,0.21,800
POPMAR41C2605A,20260312,0.26,0.28,0.26,0.28,800
POPMAR41C2609T,20260312,0.82,0.85,0.82,0.84,10800
PR901C2608A,20260312,0.1,0.1,0.1,0.1,3071400
PR913C2605A,20260312,0.04,0.04,0.04,0.04,2000
PR913C2608A,20260312,0.17,0.18,0.17,0.17,3024600
PRM01C2702T,20260312,0.27,0.27,0.26,0.26,475800
PRM13C2608A,20260312,0.24,0.24,0.22,0.23,10984800
PRM19C2604A,20260312,0.14,0.14,0.11,0.13,2324500
PRM41C2612T,20260312,0.41,0.41,0.4,0.41,3179000
PTG01C2607A,20260312,0.22,0.24,0.2,0.24,4055300
PTG01C2609A,20260312,0.06,0.06,0.06,0.06,10000
PTG13C2607A,20260312,0.27,0.29,0.26,0.29,8975200
PTG13C2608A,20260312,0.22,0.24,0.21,0.24,4326000
PTG13C2608B,20260312,0.09,0.1,0.09,0.1,3267800
PTG41C2701T,20260312,0.29,0.3,0.28,0.3,2782200
PTT01C2607A,20260312,0.14,0.18,0.13,0.18,4060700
PTT01P2609A,20260312,0.36,0.36,0.31,0.31,2659900
PTT13C2606A,20260312,0.17,0.25,0.17,0.25,4536000
PTT13C2608A,20260312,0.13,0.17,0.13,0.17,11442500
PTT13C2701T,20260312,0.24,0.25,0.24,0.25,1800
PTT13P2608A,20260312,0.37,0.37,0.3,0.3,16676300
PTT19C2612T,20260312,0.32,0.37,0.32,0.37,1383300
PTT41C2606A,20260312,0.17,0.18,0.17,0.18,305400
PTT41C2606T,20260312,0.22,0.27,0.22,0.27,2721300
PTT41C2608A,20260312,0.11,0.11,0.11,0.11,50000
PTTEP01C2606T,20260312,0.91,0.91,0.84,0.87,3225600
PTTEP01C2607A,20260312,0.93,0.93,0.85,0.9,157200
PTTEP01C2608A,20260312,0.58,0.58,0.51,0.55,4266400
PTTEP01P2607A,20260312,0.12,0.13,0.11,0.11,1590400
PTTEP13C2607A,20260312,1,1.07,1,1.07,21400
PTTEP13C2608A,20260312,0.74,0.74,0.68,0.73,1564300
PTTEP13C2608B,20260312,0.52,0.52,0.47,0.51,39052100
PTTEP13P2607A,20260312,0.08,0.1,0.08,0.09,226300
PTTEP13P2608A,20260312,0.45,0.48,0.45,0.46,7145800
PTTEP19C2608A,20260312,0.57,0.57,0.51,0.56,4006200
PTTEP41C2604T,20260312,0.02,0.02,0.02,0.02,100
PTTEP41C2608A,20260312,0.67,0.67,0.64,0.64,100400
PTTEP41C2608B,20260312,0.48,0.48,0.45,0.46,3251500
PTTEP41C2609T,20260312,0.92,0.92,0.87,0.88,568700
PTTEP41C2703T,20260312,0.45,0.45,0.43,0.45,201000
PTTGC01C2605A,20260312,0.36,0.53,0.36,0.43,4504600
PTTGC01C2607A,20260312,0.15,0.21,0.15,0.18,11643500
PTTGC01P2607A,20260312,0.19,0.19,0.15,0.16,14322600
PTTGC13C2604A,20260312,0.56,0.75,0.56,0.68,8800
PTTGC13C2607A,20260312,0.24,0.31,0.24,0.28,27483700
PTTGC13P2607A,20260312,0.23,0.23,0.18,0.19,8375800
PTTGC19C2607A,20260312,0.3,0.38,0.3,0.33,1581000
PTTGC41C2607A,20260312,0.23,0.29,0.23,0.27,2648300
PTTGC41C2608T,20260312,0.82,0.83,0.82,0.83,250300
PTTGC41C2611T,20260312,0.18,0.2,0.18,0.19,1970600
PTTGC41C2612T,20260312,0.36,0.42,0.36,0.4,4377300
PTTGC41P2607A,20260312,0.17,0.17,0.15,0.15,3000200
RCL01C2608A,20260312,0.25,0.25,0.24,0.25,1904800
RCL01C2610T,20260312,0.34,0.34,0.32,0.34,1620500
RCL13C2604A,20260312,0.16,0.16,0.16,0.16,300000
RCL13C2608A,20260312,0.27,0.27,0.25,0.27,2804700
RCL41C2612T,20260312,0.26,0.27,0.26,0.27,10200
SAWAD01C2606A,20260312,0.42,0.42,0.42,0.42,417400
SAWAD01C2607A,20260312,0.08,0.11,0.08,0.1,1266600
SAWAD01P2606A,20260312,0.18,0.18,0.15,0.15,4004800
SAWAD01P2608A,20260312,0.44,0.44,0.41,0.41,2554600
SAWAD13C2607A,20260312,0.13,0.15,0.13,0.15,16803500
SAWAD13C2607B,20260312,0.49,0.61,0.47,0.58,6333400
SAWAD13P2608A,20260312,0.39,0.4,0.35,0.35,6235700
SAWAD19C2605A,20260312,0.04,0.05,0.04,0.05,68000
SAWAD19C2607A,20260312,0.41,0.49,0.39,0.49,6073600
SAWAD19C2608A,20260312,0.23,0.25,0.22,0.25,8598600
SAWAD41C2607A,20260312,0.11,0.13,0.11,0.13,200500
SAWAD41C2607B,20260312,0.41,0.51,0.41,0.51,125700
SAWAD41C2610T,20260312,0.35,0.38,0.35,0.38,700
SAWAD41P2608A,20260312,0.36,0.37,0.36,0.37,600100
SCB01C2605A,20260312,0.2,0.21,0.19,0.21,1384400
SCB01C2607A,20260312,0.37,0.38,0.37,0.38,1037800
SCB01C2608A,20260312,0.28,0.29,0.28,0.28,1836000
SCB01P2605A,20260312,0.03,0.03,0.03,0.03,29300
SCB01P2607A,20260312,0.37,0.37,0.36,0.37,1482000
SCB13C2607A,20260312,0.15,0.16,0.15,0.16,11676800
SCB13C2607B,20260312,0.31,0.32,0.31,0.31,6594700
SCB13P2607A,20260312,0.48,0.48,0.46,0.47,8221300
SCB19C2612T,20260312,0.43,0.43,0.43,0.43,812900
SCB41C2609T,20260312,0.5,0.5,0.5,0.5,100
SCC01C2605A,20260312,0.06,0.09,0.06,0.09,21200
SCC01C2606T,20260312,0.24,0.3,0.24,0.3,16300
SCC01C2607A,20260312,0.08,0.12,0.07,0.11,308400
SCC01P2605A,20260312,0.3,0.31,0.21,0.22,6268400
SCC01P2607A,20260312,0.9,0.92,0.77,0.79,3552400
SCC13C2606A,20260312,0.16,0.24,0.15,0.23,34510500
SCC13C2607A,20260312,0.11,0.16,0.1,0.14,51929500
SCC13C2608A,20260312,0.61,0.76,0.6,0.74,28955800
SCC13C2701T,20260312,0.21,0.25,0.21,0.25,63100
SCC13P2607A,20260312,0.88,0.89,0.73,0.74,17780300
SCC19C2605A,20260312,0.09,0.14,0.09,0.13,1659200
SCC19C2607A,20260312,0.07,0.11,0.07,0.1,9238800
SCC19C2608A,20260312,0.6,0.77,0.6,0.75,13535800
SCC41C2606A,20260312,0.15,0.21,0.15,0.2,1200
SCC41C2607A,20260312,0.13,0.13,0.13,0.13,200
SCC41C2608T,20260312,0.53,0.63,0.53,0.62,1442300
SCC41C2611T,20260312,0.13,0.15,0.13,0.15,200
SCC41C2612T,20260312,0.38,0.43,0.38,0.42,1841700
SCC41P2607A,20260312,0.79,0.81,0.66,0.7,3381800
SCGP01C2604A,20260312,0.03,0.05,0.03,0.05,1400
SCGP01C2608A,20260312,0.16,0.2,0.16,0.2,7987000
SCGP01C2609A,20260312,0.31,0.37,0.31,0.36,4728600
SCGP01P2608A,20260312,0.54,0.55,0.48,0.49,2533400
SCGP13C2605A,20260312,0.17,0.22,0.17,0.21,14996700
SCGP13C2607A,20260312,0.12,0.16,0.12,0.15,8729200
SCGP13P2608A,20260312,0.63,0.65,0.57,0.58,5842400
SCGP19C2605A,20260312,0.18,0.24,0.17,0.23,10248300
SCGP19C2607A,20260312,0.17,0.2,0.16,0.19,3866700
SCGP41C2605A,20260312,0.18,0.21,0.18,0.2,900600
SCGP41C2606T,20260312,0.11,0.13,0.11,0.13,500
SCGP41C2607A,20260312,0.13,0.14,0.13,0.14,960900
SCGP41C2609T,20260312,0.38,0.38,0.38,0.38,100
SET01C2604A,20260312,0.59,0.73,0.5,0.73,162900
SET01C2605A,20260312,1.35,1.81,1.35,1.81,36200
SET01C2607A,20260312,0.83,1.03,0.8,1.03,350700
SET01C2607B,20260312,0.31,0.31,0.21,0.31,721100
SET01P2604A,20260312,0.01,0.02,0.01,0.01,94600
SET01P2605A,20260312,0.07,0.08,0.07,0.08,388400
SET01P2606L,20260312,0.87,0.87,0.79,0.79,247300
SET01P2607A,20260312,0.43,0.44,0.36,0.36,729700
SET01P2607B,20260312,1,1.03,0.8,0.8,8500
SET5001C2603F,20260312,0.14,0.16,0.1,0.15,158300
SET5001C2603H,20260312,1.37,1.95,1.37,1.95,8100
SET5001C2603I,20260312,0.3,0.34,0.3,0.34,10000
SET5001C2605A,20260312,0.75,1.01,0.75,1.01,121500
SET5001C2606F,20260312,0.59,0.8,0.59,0.78,30100
SET5001C2606G,20260312,0.22,0.25,0.15,0.23,96500
SET5001C2606H,20260312,0.17,0.2,0.16,0.2,22500
SET5001C2607A,20260312,0.6,0.71,0.6,0.7,104900
SET5001C2607B,20260312,0.2,0.24,0.12,0.24,22700
SET5001C2607C,20260312,0.71,0.85,0.71,0.83,11296500
SET5001P2605A,20260312,0.02,0.03,0.02,0.03,378000
SET5001P2606F,20260312,0.36,0.38,0.27,0.3,101000
SET5001P2606G,20260312,0.95,0.95,0.67,0.71,224400
SET5001P2606H,20260312,1.71,1.72,1.36,1.36,5100
SET5001P2607A,20260312,0.31,0.33,0.24,0.25,499300
SET5001P2607B,20260312,1.21,1.21,0.93,0.96,35500
SET5001P2607C,20260312,0.84,0.84,0.73,0.73,8790800
SET5013C2603A,20260312,0.11,0.15,0.08,0.14,4705300
SET5013C2603B,20260312,0.4,0.71,0.39,0.7,8081100
SET5013C2603C,20260312,0.71,1.11,0.67,1.11,123500
SET5013C2603D,20260312,0.89,1.55,0.89,1.55,641400
SET5013C2603E,20260312,1.32,2.22,1.27,2.22,401100
SET5013C2603F,20260312,1.82,3.04,1.82,3,132400
SET5013C2603G,20260312,0.51,0.9,0.49,0.9,607300
SET5013C2606A,20260312,0.5,0.71,0.48,0.7,157458600
SET5013C2606B,20260312,0.32,0.46,0.3,0.45,98625700
SET5013C2606C,20260312,0.22,0.31,0.21,0.31,78927800
SET5013C2606D,20260312,0.17,0.25,0.17,0.25,43194800
SET5013C2606E,20260312,0.13,0.19,0.12,0.18,17224700
SET5013C2606F,20260312,0.1,0.14,0.09,0.14,26791800
SET5013C2606G,20260312,0.08,0.11,0.07,0.1,21153500
SET5013C2606H,20260312,0.3,0.41,0.29,0.4,62848300
SET5013C2606I,20260312,0.46,0.62,0.44,0.61,569713400
SET5013C2606J,20260312,0.67,0.88,0.67,0.87,47967300
SET5013P2603A,20260312,0.01,0.01,0.01,0.01,1000000
SET5013P2603B,20260312,0.01,0.01,0.01,0.01,1400
SET5013P2603C,20260312,0.01,0.01,0.01,0.01,200000
SET5013P2603D,20260312,0.02,0.02,0.02,0.02,100
SET5013P2603E,20260312,0.02,0.02,0.01,0.01,301100
SET5013P2603F,20260312,0.01,0.02,0.01,0.02,1400
SET5013P2603G,20260312,0.02,0.03,0.02,0.03,96700
SET5013P2603H,20260312,0.01,0.01,0.01,0.01,700
SET5013P2603I,20260312,0.02,0.02,0.01,0.01,101000
SET5013P2603J,20260312,0.04,0.06,0.03,0.05,62100
SET5013P2603K,20260312,0.05,0.07,0.03,0.05,866400
SET5013P2603X,20260312,3.82,3.82,3.54,3.54,1100
SET5013P2606A,20260312,0.29,0.3,0.21,0.21,156514700
SET5013P2606B,20260312,0.37,0.38,0.27,0.27,63597800
SET5013P2606C,20260312,0.57,0.59,0.41,0.41,150871300
SET5013P2606D,20260312,0.83,0.86,0.6,0.6,101349500
SET5013P2606E,20260312,1.24,1.24,0.9,0.9,11167500
SET5013P2606F,20260312,1.6,1.61,1.23,1.23,902600
SET5013P2606G,20260312,2.3,2.3,1.78,1.78,197700
SET5013P2606H,20260312,0.51,0.52,0.4,0.4,215353600
SET5013P2606I,20260312,0.69,0.7,0.55,0.55,158348500
SET5013P2606J,20260312,0.36,0.37,0.28,0.28,96416300
SET5013P2606K,20260312,0.94,0.94,0.74,0.74,96476900
SET5019C2603A,20260312,0.66,0.82,0.66,0.82,900
SET5019C2603C,20260312,1.99,2.02,1.99,2.02,300
SET5019C2606A,20260312,0.5,0.6,0.5,0.6,326300
SET5019C2606B,20260312,0.39,0.39,0.36,0.38,22300
SET5019C2606C,20260312,0.12,0.2,0.12,0.18,324500
SET5019C2606D,20260312,0.62,0.85,0.62,0.85,29622500
SET5019P2603C,20260312,0.02,0.02,0.02,0.02,1000
SET5019P2603D,20260312,0.01,0.01,0.01,0.01,50000
SET5019P2606A,20260312,0.5,0.5,0.26,0.28,454500
SET5019P2606B,20260312,0.8,0.8,0.58,0.58,200
SET5019P2606C,20260312,1.11,1.11,1.11,1.11,1000
SET5019P2606D,20260312,0.68,0.69,0.54,0.54,92699700
SET5019P2606E,20260312,1.17,1.17,0.93,0.93,50002000
SET5041C2603B,20260312,0.35,0.57,0.33,0.57,60400
SET5041C2606A,20260312,0.5,0.71,0.49,0.66,2978000
SET5041C2606B,20260312,0.37,0.48,0.37,0.48,171600
SET5041C2606C,20260312,0.24,0.33,0.24,0.32,5000
SET5041C2606D,20260312,0.2,0.26,0.2,0.25,132600
SET5041C2606E,20260312,0.18,0.22,0.18,0.22,7500
SET5041C2606F,20260312,0.12,0.15,0.12,0.15,104000
SET5041C2606G,20260312,0.1,0.1,0.1,0.1,1500
SET5041C2606H,20260312,0.26,0.36,0.26,0.35,9677100
SET5041C2606I,20260312,0.41,0.56,0.41,0.53,63420000
SET5041C2606J,20260312,0.55,0.73,0.55,0.7,36900
SET5041C2609T,20260312,0.87,0.97,0.86,0.95,47000
SET5041P2603I,20260312,0.12,0.12,0.1,0.1,17700
SET5041P2603J,20260312,0.16,0.16,0.16,0.16,78000
SET5041P2606D,20260312,1.67,1.67,1.67,1.67,25000
SET5041P2606E,20260312,1.98,1.98,1.72,1.72,49500
SET5041P2606H,20260312,0.5,0.5,0.4,0.4,51319700
SET5041P2606I,20260312,0.66,0.67,0.53,0.55,62573800
SET5041P2606J,20260312,0.39,0.39,0.32,0.33,251400
SET5041P2609T,20260312,0.47,0.47,0.42,0.42,153900
SIRI13C2605A,20260312,0.2,0.21,0.2,0.21,3535500
SIRI41C2605A,20260312,0.19,0.19,0.19,0.19,100
SISB13C2607A,20260312,0.13,0.15,0.13,0.15,10013200
SISB19C2612A,20260312,0.33,0.36,0.33,0.36,3951000
SISB41C2702T,20260312,0.23,0.23,0.23,0.23,1040200
SJWD13C2608A,20260312,0.26,0.29,0.26,0.29,1799900
SPALI13C2608A,20260312,0.34,0.35,0.34,0.35,2549800
SPALI41C2609T,20260312,0.22,0.22,0.22,0.22,100
SPRC01C2607A,20260312,0.4,0.54,0.4,0.54,3578800
SPRC01P2604A,20260312,0.01,0.01,0.01,0.01,755100
SPRC13C2604A,20260312,0.21,0.28,0.21,0.28,33300
SPRC13C2607A,20260312,0.43,0.57,0.43,0.57,70000
SPRC13C2608A,20260312,0.32,0.41,0.32,0.41,11793900
SPRC41C2604A,20260312,0.22,0.32,0.22,0.32,300600
SPRC41C2606T,20260312,0.3,0.39,0.3,0.39,9259900
SPRC41C2607A,20260312,0.41,0.52,0.39,0.52,430800
SPRC41C2612T,20260312,0.68,0.76,0.68,0.76,1465100
SPX28C2606A,20260312,0.31,0.31,0.31,0.31,100
SPX28P2603A,20260312,0.22,0.22,0.22,0.22,200000
SPX41C2606A,20260312,0.4,0.43,0.4,0.43,3000000
SPX41P2606A,20260312,0.94,0.96,0.92,0.92,68600
STA01C2607A,20260312,0.38,0.45,0.38,0.4,2062400
STA13C2605A,20260312,0.41,0.46,0.4,0.4,1067500
STA13C2608A,20260312,0.4,0.45,0.4,0.41,14431400
STA19C2612A,20260312,0.46,0.52,0.46,0.48,9524800
STA41C2612T,20260312,0.26,0.29,0.26,0.27,112800
STGT01C2608A,20260312,0.45,0.46,0.41,0.43,2024800
STGT13C2607A,20260312,0.44,0.44,0.37,0.38,9282900
STGT13C2607B,20260312,0.12,0.12,0.1,0.11,9300600
STGT41C2606T,20260312,0.13,0.13,0.13,0.13,400
STGT41C2612T,20260312,0.43,0.43,0.41,0.43,2862200
TCAP13C2605A,20260312,0.1,0.1,0.1,0.1,2087500
TENCEN41C2606A,20260312,0.08,0.08,0.08,0.08,80000
TENCEN41C2609A,20260312,0.46,0.46,0.45,0.46,52200
TFG13C2606A,20260312,0.76,0.76,0.68,0.68,80500
TFG13C2608A,20260312,0.59,0.59,0.51,0.51,264400
TFG13C2608B,20260312,0.32,0.34,0.3,0.31,7694300
TFG19C2606A,20260312,2.04,2.04,2.04,2.04,400
TFG19C2608A,20260312,0.58,0.58,0.58,0.58,40000
TFG41C2608A,20260312,0.52,0.56,0.48,0.5,110200
TFG41C2612T,20260312,1.02,1.03,1.02,1.03,100000
TIDLOR01C2605A,20260312,0.01,0.01,0.01,0.01,1200
TIDLOR01C2606A,20260312,0.17,0.2,0.17,0.2,7508400
TIDLOR01C2608A,20260312,0.16,0.17,0.15,0.17,5423500
TIDLOR01C2610T,20260312,0.19,0.2,0.19,0.2,4555900
TIDLOR01P2605A,20260312,0.35,0.36,0.31,0.32,2974400
TIDLOR13C2604A,20260312,0.01,0.02,0.01,0.02,2000
TIDLOR13C2607A,20260312,0.21,0.23,0.19,0.22,5504300
TIDLOR13C2701T,20260312,0.31,0.33,0.31,0.33,6363000
TIDLOR13P2608A,20260312,0.53,0.54,0.5,0.5,2448500
TIDLOR19C2609T,20260312,0.19,0.2,0.19,0.2,4245800
TIDLOR19C2612T,20260312,0.44,0.47,0.44,0.45,12921900
TIDLOR41C2607A,20260312,0.18,0.2,0.18,0.19,1400600
TIDLOR41C2612T,20260312,0.21,0.21,0.21,0.21,400
TISCO13C2607A,20260312,0.16,0.16,0.16,0.16,1399000
TOA01C2702T,20260312,0.26,0.27,0.26,0.27,2905500
TOA13C2605A,20260312,0.07,0.08,0.07,0.08,375800
TOP01C2605A,20260312,0.37,0.44,0.36,0.44,4220700
TOP01C2608A,20260312,0.38,0.44,0.38,0.44,5521000
TOP01C2609A,20260312,0.23,0.26,0.23,0.26,6014900
TOP01C2701T,20260312,0.43,0.47,0.43,0.47,3833200
TOP01P2607A,20260312,0.24,0.24,0.2,0.2,4265100
TOP01P2609A,20260312,0.82,0.82,0.78,0.78,47100
TOP13C2606A,20260312,0.79,0.79,0.79,0.79,100
TOP13C2607A,20260312,0.44,0.5,0.43,0.5,19041300
TOP13C2608A,20260312,0.31,0.35,0.3,0.35,16498900
TOP13P2608A,20260312,0.68,0.69,0.62,0.62,6111400
TOP19C2612T,20260312,0.91,0.99,0.91,0.98,2537900
TOP41C2606A,20260312,0.7,0.77,0.7,0.77,200000
TOP41C2607A,20260312,0.42,0.48,0.42,0.48,1242900
TOP41C2608A,20260312,0.28,0.33,0.28,0.32,2655100
TOP41C2609T,20260312,1.22,1.28,1.22,1.28,600
TOP41C2611T,20260312,0.65,0.69,0.65,0.69,4202200
TOP41C2703T,20260312,0.37,0.39,0.37,0.39,2781600
TRUE01C2606T,20260312,0.06,0.07,0.06,0.07,112500
TRUE01C2607A,20260312,0.41,0.44,0.41,0.44,2016800
TRUE01C2608A,20260312,0.23,0.25,0.23,0.25,3326800
TRUE01P2607A,20260312,0.16,0.16,0.14,0.14,2950700
TRUE01P2608A,20260312,0.6,0.6,0.57,0.57,1566400
TRUE13C2607A,20260312,0.31,0.36,0.31,0.36,1198000
TRUE13C2607B,20260312,0.38,0.42,0.38,0.42,3453600
TRUE13C2608A,20260312,0.26,0.29,0.26,0.28,2031300
TRUE13P2607A,20260312,0.15,0.15,0.14,0.14,1576000
TRUE13P2608A,20260312,0.57,0.57,0.51,0.51,4447700
TRUE19C2604A,20260312,0.1,0.14,0.1,0.14,2007100
TRUE19C2607A,20260312,0.4,0.45,0.4,0.45,1299000
TRUE19C2608A,20260312,0.24,0.26,0.24,0.26,2990800
TRUE41C2604T,20260312,0.48,0.55,0.48,0.55,80000
TRUE41C2607A,20260312,0.3,0.34,0.3,0.34,400600
TRUE41C2607B,20260312,0.31,0.35,0.31,0.35,200900
TRUE41C2608A,20260312,0.24,0.25,0.24,0.25,40100
TRUE41C2612T,20260312,0.28,0.3,0.28,0.3,250900
TRUE41P2607A,20260312,0.11,0.11,0.09,0.1,3700
TTB01C2608A,20260312,0.12,0.12,0.12,0.12,2405500
TTB13C2607A,20260312,0.12,0.13,0.12,0.13,4591300
TTB13C2608A,20260312,0.1,0.11,0.1,0.11,267600
TU01C2607A,20260312,0.08,0.08,0.08,0.08,250000
TU01P2605A,20260312,0.2,0.21,0.2,0.2,1732100
TU13C2607A,20260312,0.08,0.08,0.07,0.07,1935200
TU13P2608A,20260312,0.36,0.37,0.35,0.36,1694800
TU19C2607A,20260312,0.09,0.09,0.09,0.09,100000
TU41C2607A,20260312,0.06,0.06,0.06,0.06,34900
VGI01C2604A,20260312,0.02,0.02,0.01,0.02,1200
VGI01C2608A,20260312,0.17,0.18,0.16,0.17,11114200
VGI13C2605A,20260312,0.03,0.04,0.03,0.04,1421100
VGI13C2607A,20260312,0.12,0.14,0.12,0.12,17400900
VGI13C2608A,20260312,0.1,0.12,0.1,0.11,6812700
VGI19C2607A,20260312,0.21,0.23,0.21,0.22,5649400
VGI19C2607B,20260312,0.1,0.1,0.1,0.1,426200
VGI19C2610T,20260312,0.1,0.1,0.1,0.1,400600
VGI41C2607A,20260312,0.11,0.12,0.11,0.12,581100
VGI41C2608A,20260312,0.1,0.1,0.1,0.1,5600
VGI41C2612T,20260312,0.04,0.04,0.04,0.04,100
VGI41C2703T,20260312,0.33,0.34,0.33,0.34,600
WHA01C2608A,20260312,0.29,0.33,0.29,0.33,7754200
WHA01C2610T,20260312,0.57,0.62,0.57,0.62,2649600
WHA01P2608A,20260312,0.64,0.64,0.58,0.58,1765000
WHA13C2608A,20260312,0.37,0.42,0.37,0.42,9507400
WHA13C2701T,20260312,0.54,0.54,0.52,0.53,972700
WHA13P2608A,20260312,0.75,0.75,0.69,0.69,7471100
WHA19C2607A,20260312,0.29,0.35,0.29,0.35,7643700
WHA41C2605T,20260312,0.02,0.02,0.02,0.02,100
WHA41C2608A,20260312,0.36,0.39,0.35,0.39,1921400
WHA41C2612T,20260312,0.33,0.33,0.33,0.33,100
WHA41C2701T,20260312,0.47,0.49,0.47,0.49,2028100
WHA41P2608A,20260312,0.65,0.65,0.61,0.61,200000
WUXI41C2609A,20260312,0.28,0.28,0.27,0.28,2000
XIAOMI28C2606A,20260312,0.08,0.09,0.08,0.09,510000
XIAOMI28C2609A,20260312,0.47,0.48,0.47,0.48,6000
XIAOMI41C2606A,20260312,0.2,0.2,0.2,0.2,400
XIAOMI41C2609T,20260312,0.43,0.43,0.43,0.43,200
ZIJIN41C2606A,20260312,0.25,0.27,0.25,0.27,1000
AAPL01,20260312,24.4,24.5,24.3,24.4,17818
AAPL03,20260312,2.78,2.78,2.76,2.78,18763
AAPL19,20260312,5.55,5.55,5.5,5.55,3780
AAPL80,20260312,8.3,8.3,8.25,8.25,505812
ABBV19,20260312,7.2,7.35,7.15,7.15,113601
ABNB06,20260312,4.2,4.2,4.2,4.2,19
ADBE03,20260312,1.95,1.98,1.91,1.94,3660
ADBE06,20260312,2.18,2.22,2.14,2.16,285559
ADVANT19,20260312,4.84,4.94,4.82,4.94,45350
ADVANT23,20260312,3.3,3.34,3.28,3.3,630807
AFRM03,20260312,1.97,2.02,1.97,1.98,964
AIA06,20260312,3.5,3.5,3.46,3.48,358
AIA19,20260312,3.48,3.48,3.44,3.44,3621
AIA23,20260312,2.68,2.68,2.62,2.64,48745
AMD03,20260312,3.22,3.22,3.22,3.22,400
AMD80,20260312,1.29,1.32,1.28,1.29,12044252
AMGN06,20260312,3,3.02,3,3,192
AMZN01,20260312,19.9,20.2,19.7,19.9,24446
AMZN03,20260312,3.38,3.38,3.38,3.38,22
AMZN06,20260312,1.7,1.73,1.67,1.68,379330
AMZN80,20260312,1.71,1.72,1.68,1.69,2786153
ANTA23,20260312,2.02,2.04,2.02,2.04,7959
APLD03,20260312,2.98,3.1,2.96,2.98,115685
APPL03,20260312,2.52,2.52,2.42,2.46,141309
ASEMI24,20260312,2.42,2.42,2.38,2.42,131097
ASML01,20260312,36.5,37,36.25,36.75,72877
ASTS03,20260312,2.8,2.96,2.74,2.8,186818
AVGO80,20260312,2.2,2.2,2.14,2.14,1362433
AXP06,20260312,2.42,2.46,2.4,2.44,29766
BABA01,20260312,12.2,12.2,12,12.1,8466
BABA06,20260312,5.35,5.4,5.3,5.4,3553
BABA13,20260312,2.24,2.26,2.18,2.18,17614
BABA23,20260312,3.56,3.64,3.52,3.64,171938
BABA80,20260312,5.35,5.4,5.25,5.3,12488661
BAC03,20260312,3.1,3.1,3.04,3.08,82376
BDX06,20260312,1.76,1.76,1.71,1.74,300108
BIDU01,20260312,11.1,11.2,11,11.2,7918
BIDU06,20260312,4.86,4.86,4.82,4.82,1412
BIDU23,20260312,2.34,2.4,2.26,2.26,36298
BIDU80,20260312,4.88,4.92,4.82,4.92,16980931
BILIBILI01,20260312,3.84,3.92,3.84,3.9,191276
BKNG03,20260312,2.32,2.34,2.28,2.3,39
BKNG80,20260312,2.76,2.8,2.76,2.76,52822
BLK06,20260312,3.08,3.08,3,3.02,348522
BONDAS19,20260312,6.25,6.3,6.25,6.25,30039
BRKB80,20260312,1.57,1.58,1.56,1.56,691329
BYDCOM01,20260312,0.91,0.91,0.9,0.9,123284
BYDCOM80,20260312,0.39,0.4,0.39,0.39,3261803
CAMBRI80,20260312,5.1,5.1,5,5.1,66078
CATL01,20260312,5.6,5.7,5.55,5.6,17840637
CATL23,20260312,9.85,9.95,9.8,9.8,1521754
CATL80,20260312,24.7,24.8,24.2,24.4,866184
CHHONGQ19,20260312,16.2,16.4,16.2,16.3,157863
CHMOBILE19,20260312,3.18,3.24,3.18,3.22,114590
CHNXT5023,20260312,7.05,7.1,7,7.1,108766
CMBANK23,20260312,2.24,2.24,2.24,2.24,11082
CME03,20260312,3.26,3.26,3.2,3.24,5268
CN01,20260312,22.3,22.5,22.3,22.4,74698
CN23,20260312,5.65,5.7,5.65,5.7,502
CNBIO24,20260312,1.4,1.41,1.39,1.39,10862
CNEV24,20260312,2.34,2.34,2.32,2.32,1132
CNROBOAI23,20260312,2.52,2.54,2.5,2.54,8091
CNSEMI23,20260312,2.56,2.58,2.54,2.54,10679
CNSTAR5023,20260312,6.85,6.85,6.75,6.8,7188
CNTECH01,20260312,25.75,26,25.5,25.75,114403
COSTCO19,20260312,31.5,31.75,31.25,31.75,2407
CRM01,20260312,3.44,3.5,3.4,3.44,19812
CRM06,20260312,2.48,2.5,2.46,2.5,5223
CRM80,20260312,6.25,6.25,6.15,6.15,1350
CRSP03,20260312,3.34,3.34,3.18,3.2,35687
CRWD06,20260312,2.78,2.86,2.78,2.8,10098
CRWD80,20260312,14,14.3,13.9,14.1,151006
CRWV03,20260312,2.48,2.64,2.48,2.58,47859
CSCO06,20260312,3.08,3.12,3.06,3.06,7852
CYPC80,20260312,12.6,12.8,12.6,12.8,10135
DASH03,20260312,2.74,2.76,2.68,2.7,7738
DBS19,20260312,13.9,13.9,13.8,13.9,10305
DDOG19,20260312,3.96,4.04,3.92,4,5189
DELL19,20260312,4.54,4.72,4.54,4.64,202858
DISNEY19,20260312,16.1,16.2,16,16.1,11216
DUOL06,20260312,1.9,1.98,1.9,1.93,82890
E1VFVN3001,20260312,40.25,40.5,39.75,40.25,412117
EOSE03,20260312,1.02,1.06,1,1.01,1336607
ESTEE80,20260312,1.01,1.01,0.97,0.97,1001115
EXPE06,20260312,2.94,3,2.88,3,29003
FERRARI80,20260312,1.11,1.11,1.07,1.08,380468
FPTVN11,20260312,1.92,1.92,1.88,1.9,342982
FPTVN19,20260312,9.75,9.75,9.55,9.65,217658
FUEVFVND01,20260312,45.25,45.25,44.25,45,446099
GAC03,20260312,2.86,2.86,2.86,2.86,1
GASVN11,20260312,4.9,4.96,4.82,4.82,26373
GEELY06,20260312,2.84,2.9,2.84,2.88,50477
GEELY80,20260312,7.1,7.2,7.1,7.1,7234
GOLD03,20260312,3.76,3.78,3.72,3.74,208334
GOLD19,20260312,15.1,15.2,15,15.1,445213
GOLDUS03,20260312,3.8,3.82,3.76,3.8,13887
GOLDUS19,20260312,50.5,50.75,50.25,50.25,299657
GOOG80,20260312,4.86,4.94,4.84,4.88,1600652
GOOGL01,20260312,28.75,29,28.5,28.75,57852
GOOGL03,20260312,4.9,4.96,4.86,4.88,40494
GRAB80,20260312,12.3,12.4,12.2,12.3,86846
GSUS06,20260312,3.76,3.76,3.7,3.7,26616
HAIERS19,20260312,10.2,10.2,10.1,10.2,14618
HERMES80,20260312,7.1,7.1,6.95,7,102211
HIMS03,20260312,3.68,4.44,3.68,4.44,942521
HK01,20260312,21.1,21.2,21.1,21.2,25161
HK13,20260312,5.6,5.6,5.55,5.55,10603
HKCE01,20260312,24.1,24.3,24,24.2,5814
HKEX23,20260312,2.14,2.14,2.12,2.14,45340
HKTECH13,20260312,4.1,4.1,4.04,4.08,34553
HONDA19,20260312,2.92,2.92,2.88,2.92,73084
HOOD03,20260312,2.48,2.52,2.48,2.48,24426
HOOD06,20260312,2.5,2.52,2.46,2.48,667730
HOOD80,20260312,2.48,2.52,2.46,2.48,63330
HORIZON23,20260312,1.96,2,1.95,2,107007
HPG19,20260312,3.32,3.32,3.3,3.3,21333
HSHD23,20260312,6.9,6.95,6.85,6.9,56623
HUAHONG23,20260312,5.5,5.65,5.45,5.55,2661768
IBM06,20260312,3.18,3.2,3.16,3.18,42998
ICBC06,20260312,2.54,2.58,2.52,2.56,1016
ICBC19,20260312,2.54,2.56,2.5,2.56,3003
IFLYTEK80,20260312,2.44,2.46,2.44,2.46,1213
INDIA01,20260312,13.1,13.3,12.9,13.3,293917
INDIAESG19,20260312,4.06,4.06,4.02,4.06,186181
INTEL03,20260312,2.98,3.1,2.96,3.06,37688
IONQ03,20260312,2.26,2.28,2.16,2.18,564422
ISRG01,20260312,3.46,3.48,3.4,3.46,91155
ISRG06,20260312,3.08,3.14,3.06,3.12,1324
ISRG19,20260312,3.86,3.9,3.82,3.9,2103
ITOCHU19,20260312,6.9,6.9,6.8,6.9,31772
JAP03,20260312,3.36,3.4,3.36,3.4,311
JAPAN10001,20260312,26,26,25.25,25.75,22261
JAPAN13,20260312,4.66,4.72,4.66,4.7,18028
JD80,20260312,4.42,4.46,4.4,4.42,1785111
JDHEAL19,20260312,4.02,4.06,3.96,4.06,76375
JEPI19,20260312,6.2,6.25,6.15,6.2,798327
JGRO19,20260312,9.3,9.4,9.3,9.4,2459
JNJ03,20260312,3.88,3.9,3.86,3.86,12580
JPMUS06,20260312,3.04,3.08,3.02,3.04,260029
JPMUS19,20260312,18.3,18.3,18,18,4510
JTEK19,20260312,8.85,9,8.85,8.9,83
KEYENCE23,20260312,2.22,2.22,2.18,2.22,22217
KINGSOFT23,20260312,1.71,1.71,1.69,1.7,1615
KO80,20260312,2.48,2.5,2.44,2.48,387329
KUAISH01,20260312,3.06,3.14,3.02,3.14,16401
KUAISH06,20260312,2.44,2.46,2.42,2.44,311
KUAISH23,20260312,1.75,1.76,1.73,1.75,714580
KUAISH80,20260312,2.44,2.48,2.42,2.44,6848227
LENOVO13,20260312,1.97,1.98,1.97,1.98,249
LLY80,20260312,1.59,1.59,1.57,1.59,688895
LOREAL80,20260312,1.32,1.34,1.3,1.32,36572
LPGOLD13,20260312,2.82,2.82,2.8,2.8,6679
LULU06,20260312,2.68,2.68,2.58,2.6,22727
LVMH01,20260312,11.6,11.7,11.4,11.4,226819
MA80,20260312,1.64,1.64,1.6,1.61,722826
MEITUAN19,20260312,1.04,1.05,1.03,1.05,55215
MEITUAN80,20260312,3.12,3.14,3.1,3.14,122400
MELI06,20260312,2.22,2.26,2.2,2.2,1181513
META01,20260312,6.15,6.15,6.05,6.15,3246
META06,20260312,2.6,2.6,2.58,2.58,82095
META80,20260312,2.58,2.62,2.58,2.58,652755
MICRON01,20260312,8.05,8.35,8,8.25,18817244
MICRON03,20260312,4.3,4.48,4.3,4.44,243842
MICRON19,20260312,8.65,8.95,8.65,8.8,218127
MICRON80,20260312,12.9,13.5,12.9,13.2,5430
MITSU19,20260312,9.4,9.6,9.35,9.6,85082
MNSO80,20260312,13.5,13.6,13.5,13.6,6002
MNST06,20260312,3.5,3.56,3.44,3.56,11467
MRVL06,20260312,2.96,2.96,2.82,2.88,73954
MRVL80,20260312,3,3,2.84,2.88,162214
MS06,20260312,3.38,3.44,3.34,3.36,54479
MSFT01,20260312,3.78,3.82,3.76,3.78,459138
MSFT03,20260312,2.58,2.62,2.58,2.58,100849
MSFT06,20260312,3.22,3.24,3.2,3.22,353610
MSFT19,20260312,4.3,4.32,4.28,4.3,4075
MSFT80,20260312,6.45,6.5,6.35,6.45,1876492
MSN11,20260312,3.58,3.62,3.5,3.56,22413
MSN19,20260312,3.02,3.02,2.98,2.98,9028
MUFG19,20260312,5.3,5.35,5.3,5.35,52308
MWG11,20260312,4.14,4.16,4.04,4.16,27139
MWG19,20260312,10.5,10.6,10.3,10.5,286105
NAURA80,20260312,21,21.3,21,21.3,457
NBIS03,20260312,3.12,3.62,3.12,3.52,694138
NDAQ06,20260312,2.82,2.82,2.66,2.74,342031
NDX01,20260312,20.6,20.8,20.4,20.8,98288
NEM06,20260312,3.68,3.74,3.64,3.7,2102832
NET03,20260312,3.3,3.42,3.3,3.38,264
NETEASE80,20260312,7.55,7.55,7.45,7.5,999
NFLX06,20260312,3.1,3.1,2.98,2.98,307809
NFLX80,20260312,3.08,3.1,2.98,3,3576141
NIKE80,20260312,0.92,0.92,0.88,0.89,692996
NIKKEI80,20260312,11.3,11.4,11.3,11.4,69
NINTENDO19,20260312,20.1,20.5,20.1,20.3,108559
NINTENDO23,20260312,1.78,1.81,1.78,1.8,256187
NONGFU80,20260312,1.78,1.78,1.75,1.76,427851
NOVOB80,20260312,1.24,1.25,1.22,1.23,1313941
NOW19,20260312,3.72,3.76,3.64,3.68,49015
NVDA01,20260312,17.3,17.5,17.2,17.4,251348
NVDA03,20260312,3.92,3.98,3.9,3.94,7902
NVDA06,20260312,3.9,3.98,3.9,3.92,274609
NVDA19,20260312,23.8,23.8,23.3,23.5,5413
NVDA80,20260312,29.25,29.75,29.25,29.25,436031
NVTS03,20260312,2.98,3.46,2.98,3.36,646323
OIL03,20260312,3.24,3.36,3,3.16,21754809
ONON03,20260312,2.6,2.6,2.5,2.5,256355
ORCL01,20260312,3.28,3.4,3.2,3.24,1781690
ORCL06,20260312,2.1,2.18,2.04,2.08,6452298
ORCL19,20260312,5.2,5.4,5.1,5.2,791665
PANW80,20260312,5.3,5.3,5.2,5.2,9219
PEP80,20260312,1.02,1.03,1.01,1.01,180453
PETROCN80,20260312,4.4,4.42,4.32,4.32,29062
PFIZER19,20260312,17.2,17.4,17.2,17.2,102895
PINGAN01,20260312,5.85,5.9,5.8,5.85,5436
PINGAN80,20260312,2.56,2.58,2.54,2.56,705162
PLTR01,20260312,4.34,4.42,4.32,4.38,1029426
PLTR03,20260312,3.18,3.26,3.18,3.2,89308
PLTR06,20260312,3.18,3.24,3.18,3.2,562186
POPMART23,20260312,1.99,2,1.99,2,17561
POPMART80,20260312,8.25,8.4,8.25,8.4,87139
PYPL06,20260312,2.92,2.92,2.88,2.9,5274
QCOM06,20260312,2.16,2.18,2.14,2.14,15600
QQQM19,20260312,15.9,16,15.7,15.9,212346
RBLX06,20260312,1.58,1.61,1.57,1.59,732270
REMX03,20260312,3.12,3.12,3.04,3.1,38898
RGTI03,20260312,2.76,2.78,2.64,2.66,66526
RKLB03,20260312,4.4,4.64,4.38,4.56,901812
SANOFI80,20260312,2.82,2.84,2.8,2.82,177762
SANRIO23,20260312,1.62,1.63,1.59,1.63,2219351
SANRIO80,20260312,10.9,10.9,10.8,10.9,809
SBUX80,20260312,1.59,1.62,1.59,1.62,440180
SEMB19,20260312,4.8,4.82,4.8,4.82,39317
SENSE23,20260312,2.28,2.28,2.18,2.2,348546
SGX19,20260312,4.58,4.6,4.56,4.58,34489
SHOP06,20260312,2.08,2.14,2.02,2.06,158112
SIA19,20260312,16.5,16.6,16.5,16.6,15503
SIL03,20260312,3.32,3.32,3.2,3.26,969130
SINGTEL80,20260312,12.5,12.5,12.4,12.5,16103
SINOBIO19,20260312,4.9,4.96,4.88,4.96,2444
SMCI03,20260312,2.06,2.08,2,2.02,30414
SMFG19,20260312,10.4,10.4,10.1,10.2,35158
SMIC01,20260312,3.68,3.7,3.68,3.68,4923
SMIC03,20260312,2.58,2.6,2.56,2.58,37
SMIC13,20260312,1.75,1.82,1.75,1.76,3690
SMIC23,20260312,3.06,3.06,3.02,3.06,607215
SNDK03,20260312,4.96,5.25,4.94,5.2,349083
SNOW06,20260312,2.82,2.9,2.82,2.82,73706
SOFTBANK23,20260312,1.45,1.45,1.4,1.45,254394
SONY80,20260312,3.44,3.48,3.4,3.42,12199
SP50001,20260312,21.6,21.7,21.5,21.6,26842
SP500US19,20260312,12.7,12.7,12.5,12.6,8966
SP500US80,20260312,2.54,2.54,2.5,2.54,55715
SPBOND80,20260312,8.2,8.2,8.15,8.2,22856
SPCOM80,20260312,3.7,3.74,3.7,3.74,2708
SPENGY80,20260312,3.54,3.68,3.54,3.66,116262
SPFIN80,20260312,15.8,15.9,15.6,15.7,3754
SPHLTH80,20260312,4.84,4.86,4.82,4.86,14146
SPOT06,20260312,2.12,2.12,2.04,2.06,85450
SPTECH80,20260312,8.9,8.95,8.9,8.9,234
STAR5001,20260312,39.5,39.5,38.75,39.25,42790
STEG19,20260312,27.5,28,27.25,28,26387
SUNNY19,20260312,2.32,2.34,2.32,2.34,56702
SUNNY80,20260312,2.32,2.32,2.32,2.32,100
SUSHI23,20260312,2.86,2.9,2.82,2.9,197425
SYNP03,20260312,2.78,2.78,2.74,2.76,14605
TAIWAN19,20260312,32,32,31.75,32,8139
TAIWANAI13,20260312,12.9,13.1,12.8,12.8,6430
TAIWANHD13,20260312,23.5,23.5,23.1,23.5,747
TEL23,20260312,2.98,2.98,2.94,2.96,8240
TEL80,20260312,8,8.1,7.95,8.1,251251
TENCENT01,20260312,5.05,5.1,5,5.05,21187
TENCENT06,20260312,2.24,2.24,2.2,2.22,57276
TENCENT13,20260312,4.46,4.46,4.44,4.46,5023
TENCENT19,20260312,11.2,11.3,11.1,11.3,1237
TENCENT80,20260312,22.2,22.4,22.1,22.1,249015
THAIBEV19,20260312,10.9,11.1,10.9,11,66514
TME23,20260312,1.35,1.36,1.33,1.34,19793
TOYOTA80,20260312,7,7,6.85,6.85,152757
TRIPCOM23,20260312,1.66,1.66,1.64,1.64,25345
TRIPCOM80,20260312,1.66,1.67,1.65,1.66,2265325
TRVUS06,20260312,3.8,3.94,3.8,3.94,13636
TSLA01,20260312,37.5,38.5,37.5,38.25,823878
TSLA03,20260312,4.24,4.4,4.24,4.34,20814
TSLA80,20260312,2.52,2.64,2.52,2.6,9627624
UBER06,20260312,2.34,2.38,2.34,2.38,97782
UBTECH23,20260312,1.76,1.76,1.73,1.75,629638
UNH19,20260312,4.46,4.56,4.46,4.5,347166
UNIQLO80,20260312,12.8,12.9,12.6,12.8,31085
UOB19,20260312,9,9.05,9,9.05,610
USTR24,20260312,1.14,1.15,1.14,1.15,37414
VCB11,20260312,2.94,2.94,2.9,2.92,45836
VCB19,20260312,7.45,7.45,7.35,7.4,131191
VENTURE19,20260312,3.88,3.92,3.88,3.9,10753
VHM19,20260312,11.7,11.8,11.7,11.8,2001
VISA06,20260312,1.26,1.26,1.22,1.23,71535
VISA80,20260312,1.24,1.27,1.23,1.24,1715383
VNFIN24,20260312,1.84,1.84,1.78,1.78,264657
VNM19,20260312,7.75,7.75,7.6,7.65,26244
VT03,20260312,3.04,3.06,3.02,3.06,58110
WMT06,20260312,3.98,3.98,3.92,3.94,2120
WORLD03,20260312,3.68,3.68,3.66,3.68,3370
WORLDA01,20260312,4.48,4.5,4.46,4.48,208891
WUXI06,20260312,3.58,3.6,3.52,3.6,537589
WUXIAT80,20260312,4.42,4.42,4.36,4.4,64116
XIAOMI01,20260312,3.08,3.1,3.06,3.08,61966
XIAOMI13,20260312,2.8,2.9,2.8,2.9,12821
XIAOMI23,20260312,1.64,1.64,1.63,1.64,20959
XIAOMI80,20260312,13.6,13.7,13.4,13.6,452872
XPENG03,20260312,3.18,3.22,3.14,3.22,16210
ZIJIN13,20260312,2.76,2.8,2.7,2.8,4601
ZIJIN80,20260312,16,16.2,15.9,16.2,83715
ZJINNO80,20260312,2.5,2.5,2.46,2.48,13440
A5-W5-O,20260312,0.08,0.08,0.08,0.08,60
ACC-W2-O,20260312,0.05,0.05,0.05,0.05,74
ASW-W3-O,20260312,0.85,0.85,0.75,0.85,205
BC-W4-O,20260312,0.04,0.04,0.04,0.04,42
BE8-W1-O,20260312,0.47,0.47,0.4,0.4,12
BTS-W8-O,20260312,0.01,0.01,0.01,0.01,24
BWG-W7-O,20260312,0.01,0.07,0.01,0.06,507
CHAYO-W4-O,20260312,0.25,0.26,0.18,0.26,135
COMAN-W1-O,20260312,0.06,0.06,0.06,0.06,1
DEMCO-W8-O,20260312,0.02,0.42,0.02,0.1,31
EA-W1-O,20260312,0.55,0.56,0.51,0.56,103
EMPIRE-W1-O,20260312,0.05,0.06,0.05,0.06,103
EMPIRE-W2-O,20260312,0.12,0.12,0.12,0.12,10
IMH-W1-O,20260312,0.04,0.05,0.04,0.04,209
ITEL-W5-O,20260312,0.04,0.04,0.04,0.04,112
ITEL-W6-O,20260312,0.16,0.16,0.16,0.16,265
JAS-W4-O,20260312,0.3,0.3,0.28,0.28,279
KASET-W1-O,20260312,0.02,0.09,0.02,0.09,88
NER-W2-O,20260312,0.03,0.03,0.03,0.03,66
NOBLE-W3-O,20260312,0.16,0.16,0.15,0.16,167
ORI-W2-O,20260312,0.29,0.31,0.29,0.31,252
PROUD-W3-O,20260312,0.13,0.13,0.13,0.13,50
PSTC-W3-O,20260312,0.02,0.02,0.02,0.02,140
QDC-W3-O,20260312,0.05,0.08,0.05,0.08,100
ROCTEC-W5-O,20260312,0.01,0.01,0.01,0.01,50
TFG-W4-O,20260312,2.9,3.08,1.06,2.94,296
TGE-W2-O,20260312,0.04,0.04,0.04,0.04,35
TNITY-W2-O,20260312,0.21,0.21,0.16,0.16,75
TVDH-W5-O,20260312,0.01,0.01,0.01,0.01,50
VIBHA-W5-O,20260312,0.06,0.06,0.04,0.05,141
XBIO-W7-O,20260312,0.01,0.01,0.01,0.01,22
ZIGA-W2-O,20260312,0.05,0.05,0.05,0.05,132
A5-W4,20260312,0.01,0.01,0.01,0.01,2300
A5-W5,20260312,0.08,0.09,0.08,0.09,70300
ACC-W2,20260312,0.05,0.06,0.05,0.05,3529100
ASW-W3,20260312,0.85,0.85,0.8,0.82,155700
B-W8,20260312,0.01,0.01,0.01,0.01,2400
BC-W4,20260312,0.04,0.05,0.04,0.04,370000
BE8-W1,20260312,0.46,0.48,0.43,0.45,205200
BR-W1,20260312,0.01,0.02,0.01,0.02,290500
BTC-W7,20260312,0.01,0.01,0.01,0.01,257300
BTS-W8,20260312,0.01,0.01,0.01,0.01,14600
BWG-W7,20260312,0.05,0.07,0.05,0.07,33378400
CEN-W5,20260312,0.01,0.01,0.01,0.01,2300
CHASE-W1,20260312,0.18,0.18,0.18,0.18,80000
CHAYO-W4,20260312,0.26,0.28,0.25,0.28,832900
CIG-W9,20260312,0.01,0.01,0.01,0.01,4400
COMAN-W1,20260312,0.05,0.06,0.05,0.05,59700
DEMCO-W8,20260312,0.42,0.44,0.42,0.43,72700
EA-W1,20260312,0.56,0.57,0.55,0.56,1667300
EMPIRE-W1,20260312,0.06,0.07,0.06,0.07,351100
EMPIRE-W2,20260312,0.16,0.16,0.12,0.14,900
GLORY-W1,20260312,0.13,0.13,0.11,0.13,123700
HYDRO-W2,20260312,0.09,0.09,0.08,0.08,31600
IMH-W1,20260312,0.04,0.05,0.04,0.04,185100
IROYAL-W1,20260312,1.52,1.52,1.52,1.52,21900
IROYAL-W2,20260312,1.01,1.02,1,1.01,27400
ITEL-W5,20260312,0.06,0.06,0.05,0.05,130400
ITEL-W6,20260312,0.17,0.18,0.17,0.18,247700
J-W3,20260312,0.02,0.04,0.02,0.04,61400
JAS-W4,20260312,0.29,0.31,0.28,0.3,23042800
K-W3,20260312,0.02,0.02,0.01,0.02,761700
KASET-W1,20260312,0.09,0.1,0.08,0.08,2116000
KGEN-W2,20260312,0.1,0.11,0.08,0.1,1585700
KUN-W3,20260312,0.05,0.05,0.05,0.05,2400
MADAME-W6,20260312,0.09,0.09,0.09,0.09,300
MGI-W1,20260312,0.52,0.54,0.51,0.52,301500
NER-W2,20260312,0.04,0.05,0.04,0.04,2281400
NOBLE-W3,20260312,0.18,0.18,0.17,0.17,6883900
ORI-W2,20260312,0.31,0.32,0.3,0.32,558200
PEER-W2,20260312,0.01,0.01,0.01,0.01,105300
PPPM-W6,20260312,0.04,0.05,0.04,0.04,472100
PROEN-W2,20260312,0.2,0.21,0.19,0.2,279400
PROS-W1,20260312,0.01,0.01,0.01,0.01,2300
PROUD-W3,20260312,0.15,0.15,0.15,0.15,164100
PSTC-W3,20260312,0.03,0.04,0.03,0.04,16900
PTECH-W1,20260312,0.2,0.28,0.2,0.28,700
QDC-W3,20260312,0.05,0.08,0.04,0.08,18346200
ROCTEC-W5,20260312,0.01,0.01,0.01,0.01,112400
SAMTEL-W2,20260312,0.49,0.55,0.48,0.5,45200
SGC-W2,20260312,0.26,0.26,0.24,0.26,199400
SKE-W1,20260312,0.01,0.01,0.01,0.01,4400
STELLA-W6,20260312,0.03,0.04,0.02,0.03,56300
TCC-W5,20260312,0.19,0.22,0.19,0.2,1340400
TEAMG-W1,20260312,0.09,0.1,0.07,0.1,1439600
TFG-W4,20260312,2.88,3.1,2.8,2.8,11145800
TGE-W2,20260312,0.04,0.05,0.04,0.05,184300
TNITY-W2,20260312,0.22,0.23,0.21,0.22,98800
TRUBB-W3,20260312,0.26,0.29,0.26,0.27,3627500
TVDH-W5,20260312,0.01,0.02,0.01,0.02,1000
TWZ-W8,20260312,0.01,0.01,0.01,0.01,3300
TWZ-W9,20260312,0.01,0.01,0.01,0.01,3300
UREKA-W3,20260312,0.17,0.17,0.16,0.17,59000
VGI-W3,20260312,0.01,0.02,0.01,0.02,45600
VIBHA-W5,20260312,0.06,0.07,0.06,0.06,470900
VIH-W1,20260312,0.96,0.98,0.94,0.95,47000
WAVE-W4,20260312,0.01,0.01,0.01,0.01,2400
WIIK-W3,20260312,0.01,0.01,0.01,0.01,2300
XBIO-W6,20260312,0.03,0.03,0.02,0.03,2500
XBIO-W7,20260312,0.02,0.02,0.01,0.02,5012900
ZIGA-W2,20260312,0.05,0.06,0.05,0.06,597900
!AGRO,20260312,297.92,302.24,297.37,301.22,27343420000
!CONSUMP,20260312,44.33,44.42,43.89,44.26,1372720000
!FINCIAL,20260312,154.06,155.8,153.47,155.8,49522770000
!INDUS,20260312,53.77,56.1,53.77,55.55,17197850000
!PROPCON,20260312,70.94,72.61,70.82,72.61,52240010000
!RESOURC,20260312,156.74,161.71,156.43,161.71,83565070000
!SERVICE,20260312,276.5,281.35,274.24,280.74,116364150000
!TECH,20260312,559.72,575.35,558.36,575.35,47792790000
$AGRI,20260312,199.69,205.22,199.64,204.63,10447560000
$AUTO,20260312,293.15,295.08,292.7,294.14,1895940000
$BANK,20260312,494.74,498.81,492.38,498.77,31045760000
$COMM,20260312,19759,20406.2,19614.9,20327,21928570000
$CONMAT,20260312,4755.2,4921.05,4738.39,4903.01,4295370000
$CONS,20260312,35.85,36.78,35.77,36.58,6399040000
$ENERG,20260312,17878,18444.1,17842.1,18444.1,83565070000
$ETRON,20260312,28398,29178.8,28290.6,29174.6,16768680000
$FASHION,20260312,487.4,491,480.8,490.09,441510000
$FIN,20260312,1957.11,2016.16,1948.12,2008.71,16625100000
$FOOD,20260312,8249.73,8362.04,8224.9,8327.38,16895860000
$HELTH,20260312,4255.37,4290.45,4223.13,4272.98,16686290000
$HOME,20260312,15.3,15.57,15.25,15.37,121990000
$ICT,20260312,221.74,228.18,221.74,228.18,31024110000
$IMM,20260312,18.28,18.39,18.2,18.39,1432160000
$INSUR,20260312,8429.41,8576.1,8418.17,8576.1,1851910000
$MEDIA,20260312,15.95,16.4,15.91,16.18,14749650000
$PAPER,20260312,2109.85,2123.91,2109.85,2109.85,13960000
$PERSON,20260312,75.69,75.86,74.81,75.17,809220000
$PETRO,20260312,515.93,552.37,514.79,542.27,11451220000
$PF&REIT,20260312,131.49,132.17,131.05,132.17,1751560000
$PKG,20260312,2060.59,2127.24,2053.38,2113.36,2136440000
$PROF,20260312,136.94,143.25,135.55,143.25,18381900000
$PROP,20260312,163.25,167.75,162.82,167.75,39794040000
$STEEL,20260312,17.83,18.13,17.8,17.97,268130000
$TOURISM,20260312,415.23,424.43,410.12,422.76,8717240000
$TRANS,20260312,204.76,207.24,202.42,206.38,35900500000
MAI,20260312,217.54,220.33,217.12,220.33,208538948
SET,20260312,1398.68,1429.8,1396.85,1429.8,10215304910
SET100,20260312,1981.82,2031.01,1979.86,2030.92,2986768400
SET50,20260312,926.63,950.16,925.72,950.12,1889236200
SETHD,20260312,1289.08,1307.54,1283.96,1307.54,892100900
3BBIF-F,20260312,6.65,6.95,6.65,6.95,2100
AOT-F,20260312,50,50,50,50,200
BBL-F,20260312,167,168,167,167.5,40600
BDMS-F,20260312,18.6,18.6,18.5,18.5,3000
BGRIM-F,20260312,11.4,11.5,11.4,11.5,1100
CPALL-F,20260312,46,47,45.75,47,1800
DIF-F,20260312,9.4,9.9,9.4,9.9,3800
KTB-F,20260312,34.25,34.75,34,34.75,344900
KTC-F,20260312,29,30,29,29.5,38700
SCB-F,20260312,143,143.5,143,143.5,6600
!AGRO-M,20260312,59.13,61,58.9,61,4259830000
!CONSUMP-M,20260312,12.22,12.49,12.2,12.46,2128280000
!FINCIAL-M,20260312,31.96,32.33,31.54,32.32,367540000
!INDUS-M,20260312,38.93,39.16,38.88,39.16,1733530000
!PROPCON-M,20260312,16.27,16.48,16.07,16.48,1951970000
!RESOURC-M,20260312,17.36,18.08,17.28,18.06,3246560000
!SERVICE-M,20260312,42.19,42.51,41.98,42.51,3780550000
!TECH-M,20260312,19.48,19.65,19.4,19.56,803710000
SET100FF,20260312,1897.16,1941.58,1895.75,1941.58,298676840000
SET50FF,20260312,889.64,910.86,888.91,910.86,188923620000
SETCLMV,20260312,627.11,642.98,625.31,641.95,156025120000
SETESG,20260312,840.75,859.06,838.95,859.01,245632430000
SETWB,20260312,569.56,581.38,565.69,579.85,63509770000
SSET,20260312,587.46,594.31,585.83,593.42,27797320000
