<TICKER>,<DTYYYYMMDD>,<OPEN>,<HIGH>,<LOW>,<CLOSE>,<VOL>
1DIV-O,20260227,12.49,12.5,12.48,12.5,102
2I01BSET50-O,20260227,3,3.04,2.97,2.98,52
2X01BSET50-O,20260227,7.65,7.65,7.59,7.59,91
BMSCITH-O,20260227,12.39,12.39,12.39,12.39,90
BSET100-O,20260227,11.13,11.22,11.11,11.17,149
GLD-O,20260227,6.4,6.4,6.31,6.32,248
TDEX-O,20260227,9.82,9.92,9.79,9.9,792
1DIV,20260227,12.4,12.49,12.38,12.4,28800
1I01BSET50,20260227,3.89,3.89,3.85,3.88,7700
2I01BSET50,20260227,3,3.01,2.91,2.98,2081100
2X01BSET50,20260227,7.52,7.7,7.52,7.57,168600
BMSCG,20260227,8.31,8.31,8.31,8.31,200
BMSCITH,20260227,12.32,12.52,12.31,12.37,466100
BSET100,20260227,11.12,11.22,11.05,11.08,1616600
CHINA,20260227,6.98,6.98,6.9,6.93,42300
GLD,20260227,6.32,6.32,6.3,6.32,2213600
TDEX,20260227,9.85,9.92,9.78,9.84,2076600
UBOT,20260227,14.99,14.99,14.89,14.99,1000
UHERO,20260227,8.59,8.59,8.59,8.59,100
2S,20260227,2.7,2.7,2.64,2.66,108300
3BBIF,20260227,6.65,6.7,6.65,6.7,5059500
88TH,20260227,5.4,5.4,5.2,5.3,3396700
A5,20260227,1.84,1.84,1.82,1.83,3500
AAI,20260227,4.22,4.22,4.06,4.08,13284700
AAV,20260227,1.34,1.35,1.29,1.3,113765600
ABM,20260227,0.65,0.65,0.6,0.61,32500
ACC,20260227,0.41,0.42,0.41,0.41,3035600
ACE,20260227,1.3,1.3,1.28,1.29,3233500
ACG,20260227,0.65,0.65,0.6,0.63,692600
ADB,20260227,0.59,0.6,0.58,0.6,437000
ADD,20260227,4.26,4.26,4.08,4.14,800
ADVANC,20260227,379,385,377,380,16200600
ADVICE,20260227,5.9,5.9,5.7,5.75,3141600
AE,20260227,0.09,0.1,0.08,0.1,1882200
AEONTS,20260227,99.25,99.5,98,98,1273200
AF,20260227,0.38,0.4,0.36,0.36,5300
AFC,20260227,3.08,3.24,3.08,3.24,1500
AGE,20260227,1.3,1.3,1.16,1.18,9904000
AH,20260227,14.9,15.1,14.5,14.9,158400
AHC,20260227,13.5,13.7,13.5,13.6,2500
AI,20260227,3.04,3.08,3.04,3.08,237700
AIE,20260227,1.09,1.12,1.09,1.09,990700
AIMCG,20260227,1.43,1.43,1.36,1.37,992900
AIMIRT,20260227,11.3,11.4,11.2,11.4,780900
AIRA,20260227,1.14,1.14,1.13,1.13,72200
AIT,20260227,4.98,5.05,4.96,4.98,565000
AJ,20260227,1.85,1.88,1.8,1.81,2108100
AJA,20260227,0.18,0.18,0.17,0.17,11099300
AKP,20260227,0.74,0.75,0.72,0.73,3644800
AKR,20260227,0.9,0.91,0.9,0.91,1983800
AKS,20260227,0.02,0.03,0.02,0.02,152100
ALLA,20260227,1.25,1.25,1.23,1.24,327200
ALLY,20260227,4.42,4.44,4.42,4.44,488400
ALPHAX,20260227,0.48,0.49,0.46,0.47,5547700
ALT,20260227,1.12,1.15,1.1,1.1,1597600
ALUCON,20260227,220,221,220,220,900
AMA,20260227,4.22,4.22,4.2,4.2,1259700
AMANAH,20260227,0.79,0.79,0.77,0.77,739300
AMARC,20260227,3.5,3.52,3.46,3.48,2952600
AMARIN,20260227,2.74,2.74,2.6,2.72,6100
AMATA,20260227,19.5,19.6,19.3,19.5,12250700
AMATAR,20260227,6.65,6.75,6.65,6.75,104500
AMATAV,20260227,2.34,2.34,2.26,2.28,342500
AMC,20260227,2.12,2.12,2.06,2.12,11100
AMR,20260227,0.43,0.43,0.38,0.39,1739700
ANAN,20260227,0.42,0.43,0.42,0.42,965200
ANI,20260227,2.82,2.88,2.82,2.82,32300
AOT,20260227,54.25,55.5,53.75,54.5,56960600
AP,20260227,9.35,9.4,9.1,9.2,44660200
APCO,20260227,2.8,2.8,2.74,2.8,22200
APCS,20260227,1.32,1.32,1.32,1.32,100
APO,20260227,2.1,2.1,2.04,2.04,827700
APP,20260227,2.76,2.76,2.7,2.7,551400
APURE,20260227,2.42,2.42,2.34,2.38,374800
AQUA,20260227,0.16,0.16,0.15,0.15,511000
ARIN,20260227,0.62,0.64,0.62,0.62,942600
ARIP,20260227,0.44,0.47,0.43,0.46,1188000
ARROW,20260227,5.4,5.5,5.4,5.5,72800
AS,20260227,3.22,3.28,3.04,3.06,5825100
ASAP,20260227,1.28,1.28,1.22,1.22,3200
ASEFA,20260227,4.12,4.2,4.12,4.16,427100
ASIA,20260227,6.15,6.15,6.1,6.1,22200
ASIAN,20260227,7.75,7.75,7.6,7.6,1111500
ASIMAR,20260227,1.69,1.69,1.66,1.69,148100
ASK,20260227,9.6,9.65,9.5,9.5,740900
ASN,20260227,0.77,0.77,0.74,0.74,17400
ASP,20260227,2.32,2.34,2.3,2.32,1763000
ASW,20260227,7.6,7.6,7.5,7.6,376500
ATLAS,20260227,1.91,1.97,1.91,1.92,8213300
ATP30,20260227,0.95,0.96,0.94,0.94,696100
AU,20260227,5.3,5.3,5.2,5.25,660000
AUCT,20260227,5.4,5.4,5.35,5.35,315000
AURA,20260227,15.7,16.1,15.1,15.2,3905400
AWC,20260227,2.54,2.56,2.48,2.5,39054200
AXTRART,20260227,13.4,13.4,13.2,13.4,689200
AYUD,20260227,39,39,38,38.75,46000
B,20260227,0.05,0.05,0.04,0.04,1302500
B-WORK,20260227,5.55,5.7,5.55,5.6,172400
B52,20260227,0.3,0.3,0.28,0.29,239800
BA,20260227,18.3,18.4,17.8,17.9,12700600
BAFS,20260227,9.65,9.8,9.5,9.65,350500
BAM,20260227,7.5,7.75,7.5,7.6,42417800
BANPU,20260227,5.85,5.9,5.7,5.7,41770100
BAREIT,20260227,11.2,11.4,11.2,11.3,822900
BAY,20260227,26.5,27.25,26.25,26.75,1576700
BBGI,20260227,3.3,3.3,3.26,3.26,295900
BBIK,20260227,21.6,23.1,21.5,22.7,3954700
BBL,20260227,177.5,181,176.5,177.5,33546100
BC,20260227,0.72,0.73,0.71,0.71,125000
BCH,20260227,10.9,11.1,10.8,11,17132400
BCP,20260227,37.25,37.75,36.5,37.75,10385300
BCPG,20260227,8.45,8.5,8,8.1,33872400
BDMS,20260227,21.7,21.8,21.5,21.7,82605200
BE8,20260227,6.4,6.7,6.2,6.3,2303000
BEAUTY,20260227,0.41,0.41,0.39,0.39,2917500
BEC,20260227,2.16,2.26,2.14,2.22,4268800
BEM,20260227,6.3,6.3,6.1,6.3,56174000
BEYOND,20260227,8.7,8.7,8.6,8.7,26500
BGC,20260227,4.34,4.4,4.3,4.32,46600
BGRIM,20260227,15.3,15.7,15.2,15.3,16600500
BGT,20260227,0.38,0.44,0.38,0.42,761100
BH,20260227,207,214,203,213,10604900
BIG,20260227,0.31,0.32,0.3,0.3,4575300
BIOTEC,20260227,0.19,0.2,0.18,0.19,1533200
BIS,20260227,1.95,2,1.95,2,98900
BIZ,20260227,5.4,5.4,5.25,5.3,1559000
BJC,20260227,16.2,16.2,15.9,16,8991600
BJCHI,20260227,0.6,0.61,0.6,0.61,250200
BKA,20260227,0.84,0.85,0.79,0.81,3652200
BKD,20260227,1.24,1.24,1.2,1.23,587400
BKGI,20260227,1.47,1.5,1.46,1.48,929500
BKIH,20260227,312,314,312,314,23300
BLA,20260227,21.7,21.8,21.2,21.4,2462400
BLAND,20260227,0.48,0.48,0.47,0.48,7516300
BLC,20260227,3.98,4.02,3.98,4,287300
BLESS,20260227,0.25,0.25,0.23,0.24,82900
BM,20260227,1.08,1.08,1.06,1.07,1042700
BOFFICE,20260227,5.35,5.45,5.35,5.45,515400
BOL,20260227,5.05,5.15,5.05,5.1,82500
BPP,20260227,12.3,12.3,11.9,11.9,252100
BPS,20260227,0.43,0.44,0.42,0.42,217300
BR,20260227,1.71,1.71,1.67,1.7,406400
BRI,20260227,1.51,1.54,1.5,1.5,225400
BROCK,20260227,1.24,1.34,1.24,1.34,300
BRR,20260227,3.9,4,3.9,3.9,378900
BRRGIF,20260227,3.88,3.88,3.86,3.88,353900
BSBM,20260227,0.58,0.58,0.56,0.56,98700
BSM,20260227,0.41,0.41,0.4,0.4,38500
BTC,20260227,0.23,0.23,0.22,0.22,2590500
BTG,20260227,22.4,22.5,21.7,21.9,10412700
BTNC,20260227,20.2,20.2,20.2,20.2,1000
BTS,20260227,2.44,2.48,2.38,2.38,71090700
BTSGIF,20260227,2.56,2.6,2.56,2.58,1992800
BTW,20260227,0.1,0.11,0.1,0.1,172800
BUI,20260227,12.8,12.9,12.6,12.8,22500
BVG,20260227,1.78,1.78,1.68,1.72,639000
BWG,20260227,0.32,0.33,0.31,0.33,30510400
BYD,20260227,0.64,0.69,0.64,0.67,31267200
CAZ,20260227,1.58,1.6,1.56,1.59,53800
CBG,20260227,46.25,46.25,45.5,45.5,3027800
CCET,20260227,5.4,5.6,5.35,5.6,69981700
CCP,20260227,0.29,0.29,0.28,0.28,1636800
CEN,20260227,0.75,0.75,0.73,0.74,181200
CENTEL,20260227,40,40.5,39.5,40.25,4769000
CEYE,20260227,1.61,1.63,1.61,1.61,89200
CFARM,20260227,0.77,0.77,0.75,0.75,1050800
CFRESH,20260227,0.83,0.83,0.78,0.78,1090600
CGD,20260227,0.11,0.12,0.11,0.11,556900
CGH,20260227,0.43,0.44,0.42,0.43,5078000
CH,20260227,1.72,1.72,1.7,1.71,44100
CHAO,20260227,4.62,4.62,4.52,4.6,123400
CHASE,20260227,0.54,0.54,0.52,0.52,1488200
CHAYO,20260227,1.17,1.25,1.17,1.2,19063100
CHEWA,20260227,0.19,0.21,0.18,0.21,1101800
CHG,20260227,1.68,1.71,1.64,1.65,63456600
CHIC,20260227,0.28,0.36,0.28,0.31,91400
CHO,20260227,0.05,0.06,0.05,0.05,1474800
CHOTI,20260227,64.5,64.5,64.5,64.5,100
CHOW,20260227,1.29,1.34,1.29,1.31,139400
CI,20260227,0.35,0.35,0.33,0.34,1260100
CIG,20260227,0.02,0.03,0.02,0.03,489100
CITY,20260227,1.51,1.51,1.45,1.46,34900
CIVIL,20260227,0.98,1,0.97,0.99,281100
CK,20260227,17.8,18.4,17.4,17.6,13548000
CKP,20260227,2.56,2.6,2.52,2.52,6502800
CM,20260227,1.66,1.69,1.66,1.67,150700
CMAN,20260227,2.66,2.66,2.62,2.66,282800
CMC,20260227,0.47,0.47,0.46,0.46,10500
CMO,20260227,0.45,0.55,0.45,0.55,2015400
CMR,20260227,1.39,1.42,1.39,1.4,25000
CNT,20260227,1.13,1.13,1.1,1.11,33400
COCOCO,20260227,5.9,6.1,5.9,6,2672900
COLOR,20260227,1.02,1.02,1.01,1.02,20300
COM7,20260227,24.6,24.8,24.1,24.1,15232400
COMAN,20260227,0.46,0.47,0.44,0.47,106600
CPALL,20260227,53,53.5,51.75,51.75,82186700
CPANEL,20260227,1.98,1.99,1.9,1.98,25500
CPAXT,20260227,16,16.8,16,16.8,223147200
CPF,20260227,20.9,21.2,20.8,21,51455800
CPH,20260227,9.7,10,9.6,9.65,271400
CPI,20260227,3.58,3.62,3.58,3.62,168500
CPL,20260227,0.69,0.71,0.68,0.7,74400
CPN,20260227,69.75,70.5,69.25,70,12945100
CPNCG,20260227,6.2,6.3,6.2,6.3,224900
CPNREIT,20260227,12.1,12.1,11.9,12.1,5352600
CPR,20260227,2.86,2.92,2.84,2.88,78000
CPT,20260227,1.01,1.01,0.99,1,142000
CPTREIT,20260227,5.7,5.8,5.6,5.75,217100
CPW,20260227,2.3,2.34,2.3,2.32,426900
CRANE,20260227,0.46,0.46,0.45,0.45,44800
CRC,20260227,21,21.4,20.6,20.6,56179200
CRD,20260227,0.36,0.37,0.35,0.36,510100
CREDIT,20260227,19,19,18.9,18.9,156400
CSC,20260227,45.75,45.75,45.75,45.75,400
CSP,20260227,0.4,0.42,0.39,0.39,51700
CSR,20260227,64,69,64,69,200
CSS,20260227,0.78,0.79,0.77,0.78,942800
CTARAF,20260227,4.74,4.78,4.74,4.78,155200
CTW,20260227,3.04,3.04,3,3,4600
CWT,20260227,0.98,0.98,0.92,0.94,5823400
D,20260227,3.04,3.04,2.96,2.96,359300
DCC,20260227,1.26,1.28,1.25,1.25,1878800
DCON,20260227,0.24,0.24,0.23,0.23,1563900
DDD,20260227,6.35,6.45,6.3,6.45,17900
DELTA,20260227,273,284,273,279,23473400
DEMCO,20260227,2.46,2.5,2.44,2.46,27000
DEXON,20260227,1.05,1.06,1.03,1.03,15200
DHOUSE,20260227,0.38,0.38,0.37,0.38,31600
DIF,20260227,9.6,9.6,9.55,9.6,8285300
DIMET,20260227,0.06,0.06,0.05,0.05,781900
DITTO,20260227,13.2,13.3,12.5,12.6,5045100
DMT,20260227,11.3,11.3,11.2,11.2,408100
DOD,20260227,1.86,2.06,1.83,2.02,23102100
DOHOME,20260227,3.92,3.94,3.88,3.9,22824900
DPAINT,20260227,0.76,0.77,0.74,0.76,620600
DREIT,20260227,5.05,5.1,5,5.1,327900
DRT,20260227,5.1,5.2,5.1,5.15,798600
DTCENT,20260227,1.01,1.02,0.97,0.97,4106900
DTCI,20260227,20,20,20,20,300
DUSIT,20260227,11.8,11.8,11.4,11.6,847400
DV8,20260227,4.56,4.64,4.54,4.56,37800
EA,20260227,2.94,3.1,2.94,3.02,98146000
EASON,20260227,1.07,1.08,1.07,1.08,538600
EAST,20260227,0.78,0.8,0.76,0.76,1799500
EASTW,20260227,2.84,2.98,2.82,2.86,3061200
ECF,20260227,0.06,0.06,0.05,0.06,9654200
EFORL,20260227,0.15,0.17,0.14,0.15,28453800
EGATIF,20260227,6.15,6.2,6.15,6.2,960900
EGCO,20260227,124,124.5,123,123.5,1185200
EKH,20260227,5.15,5.15,5.1,5.15,635300
EMC,20260227,0.02,0.03,0.01,0.02,10097900
EMPIRE,20260227,0.71,0.72,0.69,0.7,5340000
EP,20260227,1.17,1.23,1.17,1.22,152900
EPG,20260227,3.92,3.94,3.86,3.9,2483200
ERW,20260227,3.2,3.26,3.12,3.2,16014600
ESTAR,20260227,0.21,0.21,0.19,0.19,4289400
ETC,20260227,0.65,0.65,0.62,0.63,12194900
ETE,20260227,0.61,0.61,0.57,0.6,146400
ETL,20260227,0.53,0.55,0.52,0.54,696800
EURO,20260227,4.48,4.56,4.36,4.56,180300
EVER,20260227,0.06,0.06,0.05,0.06,359600
FANCY,20260227,0.3,0.31,0.3,0.31,17800
FE,20260227,185,185,185,185,1000
FLOYD,20260227,1.2,1.2,1.15,1.15,5767300
FM,20260227,3.9,3.94,3.86,3.9,1555600
FMT,20260227,22.9,22.9,22.6,22.6,2800
FN,20260227,0.47,0.48,0.47,0.47,51600
FNS,20260227,0.96,0.96,0.92,0.93,124800
FORTH,20260227,7.8,8.9,7.75,8.5,10700200
FPI,20260227,1.82,1.82,1.79,1.79,11200
FPT,20260227,6.4,6.75,6.4,6.5,11900
FSMART,20260227,7.3,7.45,7,7.2,7568700
FSX,20260227,1.36,1.37,1.29,1.29,120400
FTE,20260227,1.89,1.95,1.89,1.95,433700
FTI,20260227,1.7,1.7,1.61,1.66,121600
FTREIT,20260227,11.7,11.8,11.6,11.8,1397600
FUTURERT,20260227,9.2,9.2,9.15,9.15,58500
FVC,20260227,0.44,0.45,0.44,0.44,374600
GABLE,20260227,4.12,4.14,4.1,4.1,818200
GAHREIT,20260227,4.64,4.8,4.64,4.76,49100
GBX,20260227,0.62,0.63,0.6,0.62,304000
GC,20260227,4.54,4.54,4.48,4.48,635200
GCAP,20260227,0.28,0.29,0.27,0.27,828200
GEL,20260227,0.03,0.04,0.03,0.03,14163500
GENCO,20260227,0.25,0.26,0.24,0.26,723500
GFC,20260227,3.1,3.1,2.98,3.08,23000
GFPT,20260227,9.65,9.8,9.65,9.75,2316800
GGC,20260227,2.94,2.96,2.94,2.96,81400
GJS,20260227,0.1,0.11,0.1,0.1,1548100
GLOBAL,20260227,7.8,7.85,7.6,7.75,5713500
GLORY,20260227,0.6,0.61,0.6,0.6,23700
GPI,20260227,1.7,1.7,1.67,1.68,368600
GPSC,20260227,43,44,42.75,43.5,5544400
GRAMMY,20260227,4.14,4.24,4.12,4.12,14100
GRAND,20260227,0.04,0.04,0.03,0.03,44800
GREEN,20260227,0.62,0.63,0.61,0.63,143900
GROREIT,20260227,8,8.05,8,8.05,111500
GTB,20260227,0.72,0.72,0.71,0.71,258200
GTV,20260227,0.04,0.05,0.03,0.05,36985200
GULF,20260227,62,63.25,61.75,62,81686800
GUNKUL,20260227,2.54,2.54,2.42,2.48,30502500
GVREIT,20260227,6.6,6.65,6.6,6.65,312300
GYT,20260227,211,211,207,208,2500
HANA,20260227,18.3,18.6,18.1,18.2,29394100
HANN,20260227,1.11,1.13,1.1,1.1,3321100
HARN,20260227,1.98,2.04,1.98,2.02,255400
HEALTH,20260227,0.4,0.42,0.4,0.41,38800
HENG,20260227,0.99,1,0.98,0.99,995400
HFT,20260227,4.36,4.36,4.24,4.24,300900
HL,20260227,7.05,7.2,7,7.1,881600
HMPRO,20260227,7.35,7.5,7.3,7.4,74009100
HPF,20260227,5.5,5.55,5.5,5.5,79000
HPT,20260227,0.35,0.35,0.34,0.35,113200
HTC,20260227,16.2,16.3,16.1,16.1,208900
HTECH,20260227,2.82,2.92,2.6,2.82,9920900
HUMAN,20260227,5.35,5.7,5.3,5.5,855800
HYDRO,20260227,2.78,2.78,2.62,2.78,11300
HYDROGEN,20260227,8.1,8.1,8.1,8.1,15800
I2,20260227,0.78,0.8,0.77,0.79,291600
ICHI,20260227,14.7,15,14.6,14.8,5463200
ICN,20260227,1.82,1.86,1.8,1.85,450400
IDG,20260227,1.73,1.78,1.71,1.73,870300
IFS,20260227,2.14,2.14,2.12,2.14,16000
IHL,20260227,1.6,1.6,1.55,1.56,610800
IIG,20260227,1.63,1.65,1.46,1.48,2548700
III,20260227,4.08,4.2,4.08,4.14,498300
ILINK,20260227,4.9,4.92,4.86,4.92,298600
ILM,20260227,14.6,14.9,14.5,14.7,1011200
IMH,20260227,3,3,2.98,3,7600
IMPACT,20260227,11.1,11.4,11.1,11.4,354600
IND,20260227,1.23,1.23,1.19,1.21,1617200
INET,20260227,4.04,4.04,3.98,4.02,1780700
INETREIT,20260227,12.6,12.7,12.5,12.6,1183700
INGRS,20260227,0.3,0.31,0.3,0.3,427100
INOX,20260227,0.4,0.41,0.4,0.4,736200
INSET,20260227,2.62,2.9,2.58,2.82,31311300
INSURE,20260227,62.25,63,62.25,63,200
IP,20260227,4.14,4.26,4.14,4.26,127500
IRC,20260227,11.7,11.8,11.7,11.7,19500
IRCP,20260227,0.27,0.28,0.27,0.27,228800
IROYAL,20260227,5.65,5.75,5.6,5.75,530700
IRPC,20260227,1.37,1.43,1.36,1.42,86472700
ISSARA,20260227,7,7.5,7,7.5,53600
IT,20260227,4.28,4.3,4.14,4.14,200600
ITC,20260227,17,17.1,16.9,16.9,4565800
ITD,20260227,0.23,0.24,0.23,0.24,4094000
ITEL,20260227,1.37,1.37,1.34,1.35,1397300
ITNS,20260227,2.02,2.04,2,2,1049500
ITTHI,20260227,1.39,1.41,1.39,1.41,718800
IVF,20260227,0.88,0.92,0.83,0.83,5236200
IVL,20260227,22.7,23.7,22.7,22.9,79403200
J,20260227,0.66,0.66,0.64,0.64,109400
JAK,20260227,0.8,0.81,0.8,0.8,42700
JAS,20260227,1.32,1.34,1.31,1.32,27144300
JCK,20260227,0.13,0.14,0.13,0.14,1355100
JCT,20260227,83.75,83.75,83.75,83.75,900
JDF,20260227,2,2.02,1.99,2,799100
JMART,20260227,7.95,8.05,7.8,7.85,9160400
JMT,20260227,10.9,11.1,10.8,11.1,34470200
JPARK,20260227,3.36,3.42,3.34,3.38,6197300
JR,20260227,1.81,1.81,1.78,1.79,222100
JSP,20260227,2.06,2.08,2.02,2.08,95000
JTS,20260227,78.5,93.5,76,84,14223000
JUBILE,20260227,7.4,7.6,7.4,7.6,64800
K,20260227,1.05,1.08,1.05,1.08,387600
KAMART,20260227,9.4,9.4,9.2,9.2,4600900
KASET,20260227,0.62,0.63,0.61,0.61,400000
KBANK,20260227,200,204,199.5,201,31353300
KBS,20260227,6,6.1,6,6.05,422400
KBSPIF,20260227,8.4,8.4,8.3,8.35,462900
KC,20260227,0.02,0.03,0.02,0.02,93600
KCAR,20260227,5.1,5.15,5.05,5.05,51400
KCC,20260227,2.54,2.54,2.36,2.38,1074200
KCE,20260227,19.7,19.7,19.2,19.5,13311000
KCG,20260227,9.95,9.95,9.75,9.8,2630700
KCM,20260227,0.18,0.19,0.17,0.18,479700
KDH,20260227,84.25,84.25,84.25,84.25,1600
KGEN,20260227,1.21,1.22,1.19,1.2,897500
KGI,20260227,4.48,4.48,4.44,4.48,5153900
KIAT,20260227,0.35,0.35,0.34,0.34,7824200
KISS,20260227,3.52,3.6,3.52,3.58,1351400
KJL,20260227,6.05,6.15,5.95,5.95,246800
KK,20260227,1.08,1.09,0.99,1.02,1136800
KKP,20260227,76.75,78,76.5,77.75,10014400
KLINIQ,20260227,24.6,25.25,24.6,24.9,180400
KOOL,20260227,0.31,0.32,0.3,0.3,330200
KPNREIT,20260227,1.85,1.85,1.85,1.85,1600
KSL,20260227,1.33,1.33,1.31,1.33,1022600
KTB,20260227,34.75,35.25,34,34.25,144877500
KTBSTMR,20260227,5.55,5.6,5.55,5.6,46000
KTC,20260227,33.25,33.75,33.25,33.25,13604100
KTIS,20260227,1.91,1.94,1.91,1.93,118400
KTMS,20260227,2.06,2.1,2.02,2.06,194500
KUMWEL,20260227,1.07,1.16,1.07,1.13,636400
KUN,20260227,0.7,0.74,0.69,0.74,98900
KWC,20260227,282,282,279,279,700
KWM,20260227,0.94,0.97,0.93,0.95,385700
KYE,20260227,291,293,291,292,1100
L&E,20260227,1.11,1.11,1.06,1.07,2300
LALIN,20260227,4.8,4.82,4.78,4.8,34300
LANNA,20260227,15,15.1,14.9,15,961400
LDC,20260227,0.29,0.3,0.28,0.28,286900
LEE,20260227,2.72,2.76,2.72,2.74,97400
LEO,20260227,1.96,1.97,1.95,1.95,136300
LH,20260227,4.38,4.38,4.3,4.36,29663200
LHFG,20260227,1,1.04,1,1.02,14792400
LHHOTEL,20260227,14.1,14.1,13.9,14.1,907600
LHK,20260227,3.44,3.46,3.42,3.44,101500
LHRREIT,20260227,4.26,4.32,4.26,4.32,87500
LHSC,20260227,14.3,14.4,14.2,14.4,947500
LIT,20260227,0.75,0.77,0.74,0.74,432500
LOXLEY,20260227,1.58,1.6,1.54,1.55,4170100
LPH,20260227,3.78,3.8,3.78,3.78,50600
LPN,20260227,1.62,1.63,1.62,1.63,916500
LST,20260227,4.82,4.82,4.7,4.78,120200
LTMH,20260227,4.58,4.72,4.54,4.68,79400
LTS,20260227,2.9,2.9,2.74,2.76,2000600
LUXF,20260227,8.85,8.95,8.85,8.95,14500
M,20260227,22.2,22.5,21,22.3,20303200
M-CHAI,20260227,21.9,22.6,21.6,22.5,13200
M-PAT,20260227,1.4,1.4,1.4,1.4,5000
M-STOR,20260227,7.25,7.4,7.2,7.4,12000
MADAME,20260227,0.6,0.6,0.57,0.59,340200
MAGURO,20260227,24.6,24.6,23.7,23.9,1221500
MAJOR,20260227,8.05,8.1,7.75,8,2373400
MALEE,20260227,4.32,4.72,4.28,4.7,10450000
MASTEC,20260227,1.11,1.31,1.11,1.31,32480400
MASTER,20260227,10.6,12,10.5,11,7238800
MATCH,20260227,0.99,0.99,0.99,0.99,1200
MATI,20260227,3.2,3.34,3.2,3.34,200
MBAX,20260227,1.89,1.89,1.82,1.83,141900
MBK,20260227,20.1,20.8,20.1,20.5,9864600
MC,20260227,11.8,11.9,11.7,11.9,2283400
MCA,20260227,1.13,1.17,1.12,1.16,241900
MCOT,20260227,6.75,7.1,6.4,6.55,4901500
MCS,20260227,9.45,9.65,9.45,9.5,1216800
MDX,20260227,2.7,2.86,2.7,2.82,2431000
MEB,20260227,14.6,14.9,14.3,14.5,416900
MEDEZE,20260227,6.65,6.85,6.6,6.7,1100500
MEGA,20260227,37.75,38,37.25,38,1209200
MENA,20260227,0.81,0.81,0.78,0.79,752900
META,20260227,0.05,0.05,0.04,0.04,83400
METCO,20260227,276,276,272,275,10900
MFC,20260227,24.1,24.3,24,24.2,64900
MFEC,20260227,5.9,5.95,5.9,5.9,223700
MGC,20260227,4.52,4.58,4.34,4.58,434600
MGI,20260227,6,6.3,6,6.05,407800
MGT,20260227,1.85,1.87,1.8,1.81,769000
MICRO,20260227,1.01,1.02,0.98,0.98,798200
MIDA,20260227,0.26,0.26,0.24,0.25,100800
MII,20260227,4.78,5,4.78,4.98,72000
MILL,20260227,0.06,0.06,0.05,0.06,674200
MINT,20260227,26.25,27,26,26,32857200
MIPF,20260227,9.2,9.25,9.2,9.25,2800
MITSIB,20260227,0.58,0.59,0.57,0.59,63600
MJD,20260227,0.4,0.41,0.39,0.41,235600
MJLF,20260227,5.2,5.3,5.2,5.25,104800
MK,20260227,0.57,0.57,0.54,0.57,9800
ML,20260227,0.46,0.48,0.44,0.45,129900
MMM,20260227,2.98,2.98,2.88,2.88,1538000
MNIT,20260227,1.95,1.95,1.89,1.95,9200
MNRF,20260227,2.12,2.14,2.12,2.12,6100
MODERN,20260227,2.08,2.08,1.98,2,129100
MONO,20260227,1.01,1.01,0.97,0.99,19045300
MOONG,20260227,2.28,2.3,2.26,2.28,109200
MORE,20260227,0.04,0.04,0.03,0.04,1349700
MOSHI,20260227,38.25,38.75,37.5,37.75,623600
MOTHER,20260227,1.24,1.26,1.24,1.25,2590600
MPJ,20260227,4.08,4.12,4.04,4.08,468100
MRDIYT,20260227,9.6,9.6,9.25,9.3,6851900
MSC,20260227,7.5,7.55,7.45,7.5,19100
MST,20260227,7,7.1,6.95,7,91800
MTC,20260227,37.75,38.25,37,37,9674400
MTI,20260227,16.5,16.5,16.3,16.3,23900
MTW,20260227,0.89,0.91,0.87,0.9,66200
MUD,20260227,0.73,0.76,0.7,0.76,10100
MVP,20260227,0.12,0.12,0.11,0.12,162000
NAM,20260227,3.78,3.84,3.72,3.84,30400
NAT,20260227,2.56,2.56,2.5,2.54,16200
NATION,20260227,0.04,0.05,0.04,0.04,4927800
NC,20260227,2.12,2.22,2.1,2.14,28400
NCAP,20260227,3,3,2.92,2.94,3532800
NCH,20260227,0.48,0.49,0.48,0.49,345300
NCL,20260227,0.23,0.23,0.22,0.23,811200
NCP,20260227,1.1,1.13,1.08,1.08,128100
NDR,20260227,1.47,1.47,1.47,1.47,43100
NEO,20260227,22.6,22.6,22.1,22.5,358300
NEP,20260227,0.2,0.21,0.2,0.21,51800
NER,20260227,4.98,5,4.9,4.92,18857200
NETBAY,20260227,21.3,21.7,20.7,20.7,2410500
NEX,20260227,1.17,1.21,1.15,1.16,71891900
NKI,20260227,15.5,15.5,14.2,14.5,3500
NKT,20260227,4.2,4.26,4.2,4.22,682400
NL,20260227,0.64,0.64,0.62,0.64,139000
NNCL,20260227,1.57,1.58,1.56,1.56,103600
NOBLE,20260227,2.66,2.72,2.64,2.68,3276700
NPK,20260227,15.5,15.5,15.4,15.4,200
NRF,20260227,0.23,0.24,0.22,0.23,439500
NSL,20260227,24.8,24.9,24.4,24.8,493100
NTF,20260227,10.3,11.6,10,11.4,28034600
NTSC,20260227,7.3,7.3,6.4,6.7,394600
NTV,20260227,23.7,23.7,23.6,23.7,11000
NUT,20260227,4.24,4.32,4.2,4.32,68500
NV,20260227,0.54,0.56,0.53,0.53,50200
NVD,20260227,0.79,0.82,0.79,0.82,20400
NYT,20260227,3.76,3.84,3.76,3.82,10510400
OKJ,20260227,4.04,4.04,3.98,3.98,427500
ONEE,20260227,2.92,2.98,2.9,2.92,1920900
ONSENS,20260227,1.29,1.29,1.24,1.24,4863300
OR,20260227,13.6,13.7,13.4,13.4,47697200
ORI,20260227,2.2,2.22,2.14,2.14,2969400
ORN,20260227,0.79,0.8,0.79,0.8,1944000
OSP,20260227,17.9,17.9,17.2,17.2,31179000
PACO,20260227,1.31,1.32,1.3,1.31,636200
PAF,20260227,0.69,0.7,0.69,0.7,6400
PANEL,20260227,1.33,1.33,1.29,1.3,111000
PAP,20260227,2,2,2,2,68800
PATO,20260227,7.35,7.4,7.25,7.3,50600
PB,20260227,48.75,49.75,48.75,49.25,2800
PCC,20260227,2.74,2.76,2.7,2.76,1141900
PCE,20260227,2.22,2.32,2.22,2.3,1866500
PCSGH,20260227,3.1,3.1,3.08,3.1,120100
PDG,20260227,3.1,3.12,3.1,3.12,25500
PDJ,20260227,1.16,1.17,1.11,1.11,79500
PEACE,20260227,1.79,1.8,1.79,1.8,24200
PEER,20260227,0.09,0.09,0.08,0.09,743800
PERM,20260227,0.19,0.2,0.18,0.19,586900
PF,20260227,0.05,0.06,0.05,0.05,791800
PG,20260227,6.35,6.4,6.35,6.4,700
PHG,20260227,13.2,13.5,13.2,13.4,149100
PHOL,20260227,3.08,3.08,3.06,3.06,141900
PICO,20260227,4.1,4.22,4.1,4.22,4600
PIMO,20260227,1.05,1.09,1.04,1.05,239600
PIN,20260227,4.68,4.68,4.28,4.32,3377400
PIS,20260227,3.56,3.66,3.54,3.6,863200
PJW,20260227,2.26,2.3,2.18,2.3,1257700
PK,20260227,0.45,0.46,0.44,0.46,268400
PL,20260227,1.39,1.39,1.3,1.34,313900
PLANB,20260227,4.8,4.82,4.68,4.76,84618900
PLANET,20260227,0.47,0.47,0.42,0.45,347400
PLAT,20260227,1.16,1.22,1.15,1.2,7699500
PLE,20260227,0.18,0.18,0.17,0.18,442500
PLT,20260227,0.58,0.58,0.56,0.57,567600
PLUS,20260227,1.43,1.51,1.4,1.45,4826700
PM,20260227,12.3,12.5,12.3,12.3,172900
PMC,20260227,0.9,0.9,0.88,0.89,2370000
PMTA,20260227,10.5,10.6,10.5,10.5,9900
POLY,20260227,7.5,7.8,7.5,7.65,10900
POPF,20260227,6.9,6.95,6.85,6.95,360600
PORT,20260227,0.54,0.54,0.53,0.54,47700
PPM,20260227,1.33,1.34,1.29,1.34,166800
PPP,20260227,0.84,0.85,0.84,0.85,52200
PPPM,20260227,0.27,0.27,0.26,0.27,178200
PPS,20260227,0.2,0.2,0.19,0.2,86400
PQS,20260227,1.58,1.6,1.55,1.56,248300
PR9,20260227,19.7,19.7,19.3,19.4,4310400
PRAKIT,20260227,11,11,10.7,10.8,71500
PRAPAT,20260227,0.81,0.82,0.8,0.82,565000
PREB,20260227,4.1,4.1,3.94,4.04,135400
PRECHA,20260227,0.5,0.5,0.5,0.5,100
PRG,20260227,9.1,9.45,9.1,9.4,9100
PRI,20260227,4.36,4.36,4.22,4.24,589700
PRIME,20260227,0.06,0.07,0.06,0.07,876800
PRIN,20260227,1.45,1.45,1.4,1.4,18500
PRINC,20260227,1.9,1.92,1.87,1.92,126900
PRM,20260227,7.75,7.85,7.5,7.85,14640300
PROEN,20260227,1.14,1.16,1.13,1.13,2569200
PROS,20260227,0.43,0.44,0.4,0.41,3392700
PROSPECT,20260227,7,7,6.9,6.95,2081000
PROUD,20260227,1,1.12,1,1.03,17837000
PRTR,20260227,3.56,3.6,3.5,3.56,2270100
PSGC,20260227,4.08,4.1,3.92,3.96,983100
PSH,20260227,4,4.02,3.96,3.98,1009000
PSL,20260227,7.5,7.75,7.45,7.75,6771800
PSP,20260227,4.54,4.58,4.5,4.52,696500
PSTC,20260227,0.28,0.28,0.24,0.26,6350200
PT,20260227,12.5,12.5,12.4,12.5,443800
PTC,20260227,0.67,0.68,0.63,0.63,4800
PTECH,20260227,1.8,1.93,1.78,1.9,26600
PTG,20260227,9.8,10.1,9.7,9.95,16491900
PTL,20260227,8.65,8.85,8.65,8.75,87900
PTT,20260227,37.25,37.75,37,37,212319600
PTTEP,20260227,134,137,134,137,17761600
PTTGC,20260227,27.5,28.5,27.25,28.25,19173400
PYLON,20260227,3.14,3.2,3.1,3.18,1518600
Q-CON,20260227,7.3,7.3,7.2,7.25,84600
QDC,20260227,0.09,0.09,0.08,0.08,5018500
QH,20260227,1.5,1.53,1.49,1.53,34507900
QHBREIT,20260227,3.6,3.6,3.56,3.6,252900
QHHRREIT,20260227,7.15,7.25,7.15,7.25,1570600
QHOP,20260227,3.04,3.12,3.02,3.12,600
QLT,20260227,1.44,1.51,1.43,1.45,48900
QTC,20260227,3.72,3.72,3.64,3.7,14500
QTCG,20260227,0.14,0.14,0.12,0.13,3922400
RABBIT,20260227,0.36,0.37,0.34,0.34,11289000
RAM,20260227,18.5,18.9,18.5,18.5,130300
RATCH,20260227,31.75,31.75,30.75,31,6786200
RBF,20260227,3.5,3.58,3.48,3.54,763300
RCL,20260227,30.75,30.75,30.25,30.75,1551600
READY,20260227,3.14,3.2,3.14,3.18,415000
RICHY,20260227,0.18,0.18,0.18,0.18,167400
RJH,20260227,14.2,14.3,14.1,14.1,81700
RML,20260227,0.12,0.13,0.1,0.12,5661800
ROCK,20260227,11.7,11.7,11.1,11.2,17100
ROCTEC,20260227,0.65,0.67,0.64,0.65,2848900
ROJNA,20260227,5.3,5.35,5.2,5.2,3634300
RP,20260227,0.6,0.6,0.6,0.6,2900
RPC,20260227,0.3,0.31,0.29,0.29,1219200
RPH,20260227,5.1,5.1,5.05,5.1,128500
RS,20260227,0.17,0.18,0.17,0.17,580400
RSP,20260227,1.15,1.15,1.12,1.12,627800
RT,20260227,0.29,0.3,0.28,0.28,4419400
RWI,20260227,0.2,0.21,0.2,0.2,259300
S,20260227,0.54,0.63,0.53,0.6,19651300
S&J,20260227,34,34,34,34,100
S11,20260227,4.1,4.14,4.08,4.08,10100
SA,20260227,7.15,7.2,7.1,7.2,21800
SAAM,20260227,4.78,4.84,4.78,4.84,302100
SABINA,20260227,17,17.2,17,17,257800
SAF,20260227,0.34,0.34,0.33,0.34,23600
SAFE,20260227,6.6,6.6,6.45,6.45,111300
SAK,20260227,3.84,3.86,3.78,3.82,1190600
SALEE,20260227,0.39,0.39,0.38,0.38,323400
SAM,20260227,0.16,0.16,0.15,0.16,420400
SAMART,20260227,6.3,6.6,6.2,6.55,4747200
SAMCO,20260227,0.73,0.74,0.73,0.73,129800
SAMTEL,20260227,4.06,4.06,4,4,105300
SANKO,20260227,0.92,0.92,0.89,0.91,174400
SAPPE,20260227,35.75,35.75,33.5,34.25,591400
SAT,20260227,16.5,16.7,16.5,16.5,2026400
SAUCE,20260227,41.5,41.5,40.75,41.5,7200
SAV,20260227,13.5,13.5,13.2,13.4,578300
SAWAD,20260227,29,29.25,28.5,28.75,9007700
SAWANG,20260227,7,7,7,7,300
SC,20260227,2.08,2.1,2.04,2.04,6782900
SCAP,20260227,1.19,1.19,1.14,1.15,3152900
SCB,20260227,148,149,147.5,148.5,14587700
SCC,20260227,225,228,222,225,7211000
SCCC,20260227,151,151.5,151,151.5,302500
SCG,20260227,2.52,2.54,2.48,2.54,20000
SCGD,20260227,5.5,5.5,5.4,5.5,269900
SCGP,20260227,20.7,20.9,20.5,20.6,10036000
SCI,20260227,1.02,1.04,0.99,1,141000
SCL,20260227,1.37,1.38,1.34,1.35,273200
SCM,20260227,0.14,0.14,0.13,0.13,165900
SCN,20260227,0.4,0.4,0.38,0.4,272800
SCP,20260227,9.3,9.5,9.25,9.5,370700
SDC,20260227,0.03,0.04,0.03,0.03,1216700
SE,20260227,0.49,0.52,0.47,0.49,5505900
SE-ED,20260227,1.7,1.71,1.65,1.65,44400
SEAFCO,20260227,2.64,2.68,2.62,2.62,1817800
SEAOIL,20260227,3.3,3.54,3.28,3.5,754500
SECURE,20260227,13.5,13.5,13.1,13.2,702800
SEI,20260227,2.42,2.48,2.42,2.44,189500
SELIC,20260227,2.64,2.74,2.64,2.7,71800
SENA,20260227,1.85,1.91,1.85,1.9,498600
SENX,20260227,0.25,0.25,0.24,0.25,1588900
SFLEX,20260227,3.42,3.44,3.34,3.36,2191300
SFT,20260227,1.82,1.82,1.79,1.8,61400
SGC,20260227,0.99,1.01,0.97,0.98,8732900
SGF,20260227,0.19,0.19,0.17,0.18,787800
SGP,20260227,7.55,7.65,7.5,7.65,357500
SHR,20260227,1.73,1.98,1.71,1.96,40523000
SIAM,20260227,0.69,0.71,0.69,0.71,25700
SICT,20260227,2.38,2.4,2.34,2.38,432100
SIMAT,20260227,1.21,1.21,1.18,1.21,1981800
SINGER,20260227,6.05,6.15,5.95,6,2581600
SINO,20260227,0.93,0.94,0.87,0.87,495200
SIRI,20260227,1.57,1.58,1.54,1.56,106534200
SIRIPRT,20260227,7.4,7.4,7.4,7.4,100
SIS,20260227,24,24.3,23.7,23.7,718700
SISB,20260227,12.5,12.9,12.5,12.7,8240600
SITHAI,20260227,1.03,1.05,1.03,1.05,627700
SJWD,20260227,8.9,9.1,8.8,8.85,4151500
SK,20260227,0.55,0.56,0.55,0.56,278400
SKE,20260227,0.17,0.17,0.15,0.15,163700
SKIN,20260227,1.27,1.31,1.24,1.28,1068100
SKN,20260227,6.85,6.95,6.8,6.85,748700
SKR,20260227,6.75,6.95,6.75,6.85,1673800
SKY,20260227,14.6,14.9,14.5,14.9,1015500
SLP,20260227,0.37,0.37,0.36,0.37,122400
SMART,20260227,0.66,0.66,0.65,0.66,1818600
SMD100,20260227,1.94,1.94,1.9,1.9,653300
SMIT,20260227,3.62,3.66,3.58,3.64,198500
SMO,20260227,3.84,3.84,3.8,3.8,5724900
SMPC,20260227,9.45,9.45,9.4,9.4,61600
SMT,20260227,1.34,1.37,1.34,1.35,678000
SNC,20260227,6.15,6.15,6.05,6.15,187100
SNNP,20260227,7.85,7.95,7.75,7.75,736600
SNP,20260227,9.45,9.5,9.45,9.45,29800
SNPS,20260227,4.7,4.78,4.68,4.76,155600
SO,20260227,4.2,4.24,4.2,4.2,192800
SOLAR,20260227,0.16,0.18,0.16,0.18,1591300
SONIC,20260227,1.5,1.51,1.49,1.5,151000
SORKON,20260227,3.84,3.92,3.84,3.86,231400
SPA,20260227,3.98,3.98,3.88,3.88,1188600
SPACK,20260227,1.25,1.25,1.23,1.23,27000
SPALI,20260227,18.2,18.2,17.7,17.8,15277800
SPC,20260227,57.25,57.5,57,57.25,18600
SPCG,20260227,9.15,9.35,9.15,9.25,1444600
SPG,20260227,11.7,11.7,11.6,11.7,25800
SPI,20260227,43.75,44,43.25,43.75,28900
SPRC,20260227,7.6,7.7,7.55,7.6,13823400
SPREME,20260227,1.62,1.63,1.61,1.62,959800
SPRIME,20260227,3.64,3.64,3.62,3.62,149300
SPTX,20260227,0.01,0.01,0.01,0.01,68479600
SPVI,20260227,2.66,2.7,2.62,2.66,564900
SQ,20260227,0.3,0.31,0.26,0.29,2633100
SR,20260227,0.3,0.31,0.3,0.31,9900
SRICHA,20260227,13.7,13.8,13.4,13.4,1050800
SRIPANWA,20260227,5.35,5.6,5.35,5.55,196400
SRS,20260227,1.53,1.59,1.5,1.55,281900
SSF,20260227,5.15,5.15,5.1,5.1,45500
SSP,20260227,3.46,3.5,3.32,3.38,1185600
SSPF,20260227,3.3,3.3,3.12,3.26,30900
SSSC,20260227,2.24,2.26,2.22,2.24,313200
SST,20260227,1.26,1.26,1.18,1.18,21300
SSTRT,20260227,4.24,4.3,4.24,4.3,67400
STA,20260227,14.8,14.9,14.6,14.7,6196200
STANLY,20260227,207,207,206,207,13600
STARM,20260227,1,1.03,0.99,1.03,282900
STC,20260227,0.32,0.33,0.31,0.33,349200
STECH,20260227,1.08,1.11,1.02,1.05,410500
STECON,20260227,13.3,13.6,12.9,13,33987100
STELLA,20260227,0.15,0.16,0.14,0.16,30211100
STGT,20260227,9.1,9.15,9.05,9.05,1835800
STI,20260227,1.75,1.75,1.67,1.69,79200
STOWER,20260227,0.03,0.03,0.02,0.02,1876800
STP,20260227,11.1,11.2,10.8,11.1,51300
STPI,20260227,5.8,6,5.6,6,44319400
STX,20260227,1.17,1.18,1.15,1.17,862400
SUC,20260227,30,30,29.5,29.75,248000
SUN,20260227,2.9,2.9,2.78,2.82,1558900
SUPER,20260227,0.13,0.13,0.11,0.12,15940800
SUPEREIF,20260227,5.95,5.95,5.85,5.9,414300
SUSCO,20260227,2.26,2.26,2.18,2.2,1425000
SUTHA,20260227,2.44,2.44,2.4,2.4,6000
SVI,20260227,7.35,7.4,7.35,7.35,2315300
SVOA,20260227,1.64,1.8,1.6,1.73,25038200
SVR,20260227,0.31,0.31,0.29,0.3,65000
SVT,20260227,1.4,1.41,1.33,1.33,2044000
SWC,20260227,4.12,4.34,4.06,4.34,4700
SYMC,20260227,4.2,4.22,4.12,4.18,113100
SYNEX,20260227,10.3,10.3,10.1,10.1,1268000
SYNTEC,20260227,1.84,1.84,1.81,1.81,850100
TACC,20260227,5.85,6.05,5.85,6.05,2666800
TAE,20260227,0.55,0.56,0.54,0.56,1265100
TAKUNI,20260227,0.36,0.38,0.36,0.38,2403500
TAN,20260227,3.86,3.9,3.86,3.9,177400
TASCO,20260227,13.9,14,13.9,13.9,3411400
TATG,20260227,1.01,1.02,1,1,198300
TBN,20260227,3.94,3.94,3.76,3.84,64800
TC,20260227,5.3,5.4,5.25,5.35,108700
TCAP,20260227,61,61.5,60.5,60.75,3116500
TCC,20260227,0.28,0.29,0.28,0.29,326600
TCJ,20260227,2.34,2.38,2.32,2.32,8400
TCMC,20260227,0.3,0.3,0.29,0.29,1440900
TEAM,20260227,2.56,2.58,2.52,2.54,310200
TEAMG,20260227,3.52,3.56,3.48,3.52,3407000
TEGH,20260227,3.3,3.32,3.1,3.24,679900
TEKA,20260227,2.12,2.16,2.1,2.1,636200
TERA,20260227,1.01,1.03,1.01,1.02,17000
TFFIF,20260227,6.8,6.85,6.8,6.8,1915200
TFG,20260227,6.35,6.5,6.35,6.5,47445800
TFI,20260227,0.04,0.05,0.04,0.04,740600
TFM,20260227,6.35,6.45,6.35,6.45,714000
TFMAMA,20260227,189,190,189,189.5,900
TGE,20260227,1.39,1.4,1.37,1.39,178400
TGH,20260227,11,11,11,11,1300
TGPRO,20260227,0.05,0.05,0.04,0.04,585200
TH,20260227,0.51,0.52,0.5,0.51,741100
THAI,20260227,6.95,7,6.8,6.85,64297600
THANA,20260227,1.54,1.56,1.54,1.56,446100
THANI,20260227,1.94,1.96,1.93,1.93,9763800
THCOM,20260227,11.8,12.1,11.7,11.8,7930600
THE,20260227,0.79,0.8,0.77,0.8,23200
THG,20260227,9.6,9.65,9.25,9.3,6121200
THIP,20260227,23.5,23.5,23.1,23.2,5300
THMUI,20260227,0.32,0.34,0.31,0.32,48000
THRE,20260227,0.38,0.41,0.38,0.4,5604400
THREL,20260227,1.13,1.14,1.12,1.13,145000
TIDLOR,20260227,20.4,20.4,19.8,19.9,10092600
TIF1,20260227,7.6,7.65,7.6,7.6,10900
TIGER,20260227,0.27,0.27,0.26,0.26,34700
TIPCO,20260227,7.3,7.35,7.25,7.35,66700
TIPH,20260227,20.8,20.8,20.6,20.7,217600
TISCO,20260227,116,116,114.5,114.5,5865900
TITLE,20260227,7.95,8.05,7.9,8.05,667600
TK,20260227,4.44,4.44,4.4,4.4,46600
TKC,20260227,8.55,8.65,8.4,8.4,106600
TKN,20260227,4.46,4.48,4.42,4.42,1107100
TKS,20260227,6.95,7.05,6.9,6.95,940500
TKT,20260227,0.73,0.75,0.67,0.7,79500
TL,20260227,0.41,0.42,0.35,0.41,5119200
TLHPF,20260227,4.46,5.2,4.46,5.15,419100
TLI,20260227,11.1,11.3,11,11,24373900
TM,20260227,0.97,0.97,0.93,0.95,769800
TMAN,20260227,13.1,13.2,13.1,13.1,284700
TMC,20260227,0.71,0.72,0.7,0.72,366200
TMD,20260227,27,27.5,27,27,18700
TMI,20260227,0.59,0.59,0.54,0.55,804700
TMILL,20260227,2.06,2.1,2.06,2.06,16500
TMT,20260227,2.86,2.9,2.86,2.86,71400
TMW,20260227,61.5,61.5,60.75,61.5,17800
TNDT,20260227,0.18,0.19,0.17,0.19,1250500
TNITY,20260227,2.96,2.98,2.88,2.94,6900
TNP,20260227,3,3,2.96,2.98,218500
TNPC,20260227,0.81,0.82,0.8,0.82,34400
TNPF,20260227,1.05,1.05,1.05,1.05,1200
TNR,20260227,5.6,5.7,5.6,5.7,36900
TOA,20260227,16,16.1,15.8,15.8,807400
TOG,20260227,7.2,7.2,7.1,7.2,129900
TOP,20260227,52.75,54.75,52,54.75,20403000
TOPP,20260227,140,140,137,137,2300
TPA,20260227,2.58,2.66,2.52,2.66,1200
TPAC,20260227,8.75,9.05,8.75,9,68000
TPBI,20260227,3.12,3.12,3.1,3.12,143900
TPCH,20260227,1.77,1.77,1.71,1.71,616300
TPIPL,20260227,0.8,0.8,0.78,0.79,18731600
TPIPP,20260227,1.98,1.98,1.95,1.96,3473400
TPL,20260227,0.5,0.5,0.48,0.5,815500
TPLAS,20260227,0.92,0.93,0.9,0.93,78100
TPOLY,20260227,0.23,0.23,0.2,0.2,4655700
TPP,20260227,11.1,12.4,11.1,12.2,23200
TPRIME,20260227,7.4,7.4,7.3,7.4,400
TPS,20260227,3.3,3.36,3.3,3.32,68500
TQM,20260227,13.7,14.5,13.7,14.4,5583900
TQR,20260227,5.25,5.25,5.2,5.25,40000
TRC,20260227,0.42,0.44,0.41,0.41,503000
TRITN,20260227,0.02,0.03,0.02,0.03,11549400
TRP,20260227,4.4,4.44,4.38,4.42,118300
TRT,20260227,3.92,4.04,3.9,4.04,313900
TRU,20260227,3.84,3.9,3.84,3.9,5400
TRUBB,20260227,0.81,0.83,0.81,0.81,1489300
TRUE,20260227,14.6,14.8,14.3,14.5,269108700
TRV,20260227,1.55,1.55,1.55,1.55,2000
TSC,20260227,14.6,14.7,14.6,14.7,15200
TSE,20260227,0.46,0.46,0.43,0.45,3337700
TSI,20260227,0.06,0.06,0.05,0.06,551300
TSR,20260227,0.14,0.14,0.13,0.14,640900
TSTH,20260227,0.73,0.74,0.73,0.74,2343100
TTA,20260227,5.05,5.1,4.96,5,5190400
TTB,20260227,2.34,2.38,2.32,2.36,461418700
TTCL,20260227,0.15,0.16,0.14,0.14,351200
TTLPF,20260227,9.9,9.9,9.75,9.8,733400
TTT,20260227,43.25,43.25,43.25,43.25,1200
TTW,20260227,9.45,9.45,9.4,9.4,4553700
TU,20260227,12.5,12.6,12.4,12.4,21971900
TU-PF,20260227,1.2,1.28,1.2,1.28,200
TURBO,20260227,1.78,1.8,1.74,1.78,27389900
TURTLE,20260227,3.66,3.66,3.66,3.66,100
TVDH,20260227,0.06,0.06,0.05,0.06,737900
TVH,20260227,9.2,9.5,9.2,9.5,114400
TVO,20260227,24.9,24.9,24.7,24.7,403800
TVT,20260227,0.26,0.26,0.25,0.26,40500
TWP,20260227,1.13,1.17,1.13,1.17,13400
TWPC,20260227,2.92,2.96,2.9,2.92,86200
TWZ,20260227,0.02,0.02,0.01,0.02,71356100
TYCN,20260227,1.79,1.8,1.71,1.76,12700
UAC,20260227,2.76,2.8,2.76,2.76,60100
UBA,20260227,1.07,1.08,1.03,1.07,381000
UBE,20260227,0.46,0.46,0.45,0.46,1627000
UBIS,20260227,1.23,1.29,1.15,1.22,358300
UEC,20260227,0.69,0.69,0.68,0.68,53300
UKEM,20260227,0.66,0.67,0.65,0.67,1466600
UMI,20260227,0.79,0.8,0.76,0.76,172300
UNIQ,20260227,3.26,3.26,3.12,3.12,2597600
UP,20260227,23.2,23.2,23.2,23.2,500
UPF,20260227,22.3,22.3,22.3,22.3,200
UPOIC,20260227,6.6,6.6,6.45,6.6,33900
UREKA,20260227,0.34,0.35,0.34,0.34,2778300
UTP,20260227,7.8,7.9,7.8,7.8,231400
UV,20260227,0.91,0.91,0.9,0.9,102700
UVAN,20260227,14.3,14.5,14.2,14.4,978300
VARO,20260227,4.34,4.46,4.34,4.46,6100
VCOM,20260227,3.36,3.5,3.34,3.38,1054800
VGI,20260227,1.2,1.23,1.16,1.17,114755700
VIBHA,20260227,1.4,1.4,1.39,1.39,878300
VIH,20260227,9.1,9.15,9,9,173400
VL,20260227,0.8,0.82,0.8,0.81,191900
VNG,20260227,1.99,2.02,1.96,1.97,345400
VPO,20260227,0.44,0.45,0.44,0.44,875800
VRANDA,20260227,4.66,4.76,4.58,4.62,327600
VS,20260227,0.31,0.31,0.28,0.29,6900
WACOAL,20260227,17.1,17.1,17,17.1,1400
WARRIX,20260227,1.96,1.98,1.93,1.95,1085100
WASH,20260227,5.4,5.5,5.25,5.5,3115500
WAVE,20260227,0.03,0.03,0.02,0.02,2981000
WFX,20260227,0.76,0.78,0.72,0.77,1582100
WGE,20260227,0.86,0.87,0.85,0.86,195900
WHA,20260227,4.4,4.44,4.3,4.36,133481500
WHABT,20260227,5.75,5.75,5.7,5.75,80400
WHAIR,20260227,6.9,7,6.9,7,1416300
WHART,20260227,11,11.2,10.9,11.2,1971400
WHAUP,20260227,5.1,5.15,4.96,5.05,6241400
WICE,20260227,2.7,2.78,2.68,2.7,1110700
WIIK,20260227,0.92,0.94,0.92,0.93,533200
WIN,20260227,0.31,0.32,0.31,0.31,124700
WINDOW,20260227,0.79,0.79,0.76,0.79,27800
WINMED,20260227,1.04,1.04,1,1,72800
WINNER,20260227,2.26,2.26,2.18,2.22,654500
WORK,20260227,3.98,3.98,3.9,3.92,73500
WP,20260227,3.78,3.78,3.74,3.76,368200
WPH,20260227,7.95,7.95,7.55,7.65,1655800
WSOL,20260227,0.2,0.21,0.19,0.19,3916400
XBIO,20260227,0.06,0.06,0.05,0.06,6519600
XO,20260227,14.9,15,14.7,14.7,611200
XPG,20260227,0.51,0.53,0.5,0.51,27085100
XYZ,20260227,0.41,0.41,0.38,0.39,704800
YGG,20260227,0.24,0.25,0.22,0.23,4995900
YONG,20260227,0.78,0.79,0.77,0.78,202400
YUASA,20260227,14.8,15.2,14.7,15,61200
ZAA,20260227,1.8,1.8,1.56,1.6,88400
ZEN,20260227,5.85,6,5.8,5.95,11400
ZIGA,20260227,0.99,1,0.97,0.98,695900
2S-O,20260227,2.6,2.7,2.6,2.68,45
3BBIF-O,20260227,6.7,6.7,6.65,6.7,1187
88TH-O,20260227,5.3,5.4,5.2,5.3,83
A-O,20260227,6.1,6.1,6.1,6.1,3
AAI-O,20260227,4.16,4.18,4.08,4.08,779
AAV-O,20260227,1.34,1.35,1.29,1.29,1112
ABM-O,20260227,0.62,0.62,0.62,0.62,6
ACC-O,20260227,0.33,0.33,0.33,0.33,34
ACE-O,20260227,1.3,1.3,1.29,1.29,154
ADB-O,20260227,0.57,0.57,0.57,0.57,1
ADVANC-O,20260227,386,386,378,383,23886
ADVICE-O,20260227,5.9,5.9,5.75,5.75,456
AE-O,20260227,0.09,0.09,0.09,0.09,20
AEONTS-O,20260227,99.25,99.25,98.25,98.5,1194
AGE-O,20260227,1.27,1.27,1.18,1.18,20
AH-O,20260227,14.9,15,14.8,14.8,60
AHC-O,20260227,13.5,13.7,13.5,13.7,20
AI-O,20260227,3.06,3.08,3.06,3.06,80
AIE-O,20260227,1.1,1.11,1.09,1.1,159
AIMCG-O,20260227,1.43,1.45,1.41,1.41,34
AIMIRT-O,20260227,11.2,11.4,11.2,11.4,98
AIRA-O,20260227,1.11,1.11,1.11,1.11,3
AIT-O,20260227,4.98,5,4.98,5,13
AJ-O,20260227,1.87,1.87,1.81,1.81,207
AJA-O,20260227,0.17,0.17,0.17,0.17,143
AKP-O,20260227,0.71,0.71,0.7,0.7,70
AKR-O,20260227,0.9,0.9,0.9,0.9,3
AKS-O,20260227,0.02,0.02,0.02,0.02,413
ALLY-O,20260227,4.42,4.44,4.42,4.44,3
ALPHAX-O,20260227,0.47,0.47,0.47,0.47,11
ALT-O,20260227,1.11,1.11,1.11,1.11,22
ALUCON-O,20260227,220,222,220,220,7
AMA-O,20260227,4.24,4.24,4.2,4.22,101
AMANAH-O,20260227,0.79,0.79,0.77,0.77,319
AMARC-O,20260227,3.52,3.52,3.46,3.46,195
AMARIN-O,20260227,2.62,2.62,2.62,2.62,1
AMATA-O,20260227,19.5,19.6,19.4,19.4,454
AMATAV-O,20260227,2.3,2.3,2.28,2.28,90
AMR-O,20260227,0.41,0.41,0.39,0.39,200
ANAN-O,20260227,0.42,0.42,0.42,0.42,20
AOT-O,20260227,54.25,55.5,54,55,4108
AP-O,20260227,9.3,9.8,9.15,9.2,1114
APCO-O,20260227,2.82,2.82,2.78,2.78,3
APO-O,20260227,2.06,2.08,2.06,2.08,5
APURE-O,20260227,2.38,2.38,2.38,2.38,36
AQUA-O,20260227,0.15,0.15,0.15,0.15,1
ARIN-O,20260227,0.64,0.64,0.64,0.64,10
ARROW-O,20260227,5.45,5.5,5.45,5.5,3
AS-O,20260227,3,3.3,3,3.06,141
ASAP-O,20260227,1.21,1.21,1.21,1.21,18
ASEFA-O,20260227,4.14,4.14,4.14,4.14,4
ASIAN-O,20260227,7.75,7.75,7.65,7.7,58
ASIMAR-O,20260227,1.7,1.7,1.7,1.7,1
ASK-O,20260227,9.65,9.7,9.55,9.55,165
ASN-O,20260227,0.77,0.77,0.77,0.77,7
ASP-O,20260227,2.3,2.32,2.3,2.3,93
ASW-O,20260227,7.05,7.6,7.05,7.55,40
ATLAS-O,20260227,1.95,1.99,1.93,1.93,115
AU-O,20260227,5.25,5.25,5.2,5.25,138
AUCT-O,20260227,5.4,5.4,5.4,5.4,1
AURA-O,20260227,15.7,15.7,15.2,15.3,241
AWC-O,20260227,2.54,2.58,2.48,2.54,1367
AXTRART-O,20260227,13.4,13.4,13.4,13.4,5
AYUD-O,20260227,38.75,39.25,38.75,39.25,124
B-O,20260227,0.04,0.05,0.03,0.04,234
B-WORK-O,20260227,5.6,5.65,5.6,5.6,73
B52-O,20260227,0.29,0.29,0.28,0.28,22
BA-O,20260227,18.1,18.6,17.9,18,897
BAM-O,20260227,7.7,7.75,7.55,7.6,1243
BANPU-O,20260227,5.9,5.9,5.75,5.8,1084
BAREIT-O,20260227,10.9,11.3,10.9,11.3,32
BAY-O,20260227,26.75,27.25,26.5,26.75,249
BBGI-O,20260227,3.3,3.32,3.3,3.32,6
BBIK-O,20260227,21.7,23,21.7,22.7,609
BBL-O,20260227,177.5,181,177,177,5004
BC-O,20260227,0.72,0.72,0.72,0.72,10
BCH-O,20260227,11.1,11.1,11,11.1,663
BCP-O,20260227,36.5,37.5,36.5,37.25,813
BCPG-O,20260227,8.45,8.5,8,8.1,2666
BDMS-O,20260227,21.7,21.9,21.5,21.8,7700
BE8-O,20260227,6.3,6.6,6.25,6.25,108
BEAUTY-O,20260227,0.39,0.39,0.39,0.39,1
BEC-O,20260227,2.2,2.26,2,2.26,362
BEM-O,20260227,6.25,6.3,6.15,6.25,1401
BGRIM-O,20260227,15.4,15.6,15.3,15.3,791
BH-O,20260227,207,214,204,211,4663
BIOTEC-O,20260227,0.19,0.19,0.19,0.19,1
BIS-O,20260227,1.97,1.97,1.97,1.97,3
BIZ-O,20260227,5.3,6.85,5.25,5.3,404
BJC-O,20260227,16,16.1,16,16,660
BKA-O,20260227,0.86,0.86,0.81,0.81,6
BKD-O,20260227,1.25,1.25,1.25,1.25,10
BKGI-O,20260227,1.48,1.49,1.48,1.49,41
BKIH-O,20260227,309,314,309,312,147
BLA-O,20260227,21.6,21.6,21.5,21.5,225
BLAND-O,20260227,0.48,0.48,0.45,0.48,153
BM-O,20260227,1.1,1.1,1.07,1.07,18
BOFFICE-O,20260227,5.35,5.35,5.35,5.35,1
BOL-O,20260227,5.2,5.2,5.2,5.2,10
BPP-O,20260227,12.2,12.2,12.1,12.1,291
BPS-O,20260227,0.3,0.3,0.3,0.3,58
BRR-O,20260227,3.98,3.98,3.92,3.92,188
BRRGIF-O,20260227,3.88,3.88,3.86,3.86,20
BSBM-O,20260227,0.57,0.58,0.57,0.57,26
BSM-O,20260227,0.41,0.41,0.41,0.41,2
BTC-O,20260227,0.22,0.23,0.22,0.23,129
BTG-O,20260227,22.2,22.4,21.9,21.9,785
BTNC-O,20260227,20,20,20,20,1
BTS-O,20260227,2.44,2.48,2.38,2.44,2247
BTSGIF-O,20260227,2.58,2.58,2.58,2.58,5
BTW-O,20260227,0.11,0.11,0.11,0.11,10
BUI-O,20260227,12.9,12.9,10.3,10.3,46
BWG-O,20260227,0.32,0.34,0.32,0.34,49
BYD-O,20260227,0.66,0.67,0.66,0.67,176
CBG-O,20260227,46.25,46.5,45.75,45.75,717
CCET-O,20260227,5.5,5.6,5.4,5.55,1105
CCP-O,20260227,0.21,0.3,0.21,0.29,84
CENTEL-O,20260227,39.75,40.5,39.5,40,498
CFARM-O,20260227,0.75,0.78,0.75,0.78,60
CFRESH-O,20260227,0.82,0.82,0.8,0.8,23
CGD-O,20260227,0.12,0.12,0.12,0.12,4
CGH-O,20260227,0.44,0.44,0.44,0.44,1
CH-O,20260227,1.89,1.89,1.89,1.89,1069
CHAO-O,20260227,4.6,4.6,4.6,4.6,10
CHARAN-O,20260227,15.8,15.8,15.8,15.8,11
CHASE-O,20260227,0.55,0.55,0.55,0.55,24
CHAYO-O,20260227,1.2,1.24,1,1.19,882
CHG-O,20260227,1.68,1.71,1.65,1.65,1440
CHO-O,20260227,0.05,0.05,0.05,0.05,188
CIG-O,20260227,0.03,0.03,0.03,0.03,1
CIVIL-O,20260227,0.99,1,0.99,0.99,184
CK-O,20260227,18.2,18.4,17.5,17.5,852
CKP-O,20260227,2.56,2.58,2.54,2.54,146
CMAN-O,20260227,2.64,2.66,2.64,2.66,23
CMO-O,20260227,0.54,0.54,0.54,0.54,83
CMR-O,20260227,1.42,1.42,1.41,1.41,30
COCOCO-O,20260227,6.05,6.1,6.05,6.05,406
COM7-O,20260227,24.5,24.8,24.3,24.3,1428
CPALL-O,20260227,52,53.75,51.75,52,17103
CPAXT-O,20260227,16.2,16.6,16.1,16.3,6476
CPF-O,20260227,21,21.5,20.9,21,5380
CPH-O,20260227,9.8,9.8,9.7,9.7,60
CPI-O,20260227,3.62,3.62,3.62,3.62,4
CPL-O,20260227,0.7,0.71,0.7,0.71,70
CPN-O,20260227,69,70.5,69,69.5,1790
CPNREIT-O,20260227,12.1,12.1,12,12.1,537
CPR-O,20260227,2.86,2.86,2.86,2.86,74
CPTREIT-O,20260227,5.75,5.8,5.75,5.75,74
CPW-O,20260227,2.32,2.34,2.3,2.3,17
CRC-O,20260227,21,21.4,20.8,20.8,1007
CREDIT-O,20260227,19.2,19.2,19,19,34
CSC-O,20260227,53,53,53,53,1
CSR-O,20260227,69,69,69,69,2
CTW-O,20260227,3,3,3,3,9
CWT-O,20260227,0.94,0.94,0.93,0.94,21
DCC-O,20260227,1.27,1.29,1.26,1.28,292
DCON-O,20260227,0.24,0.24,0.23,0.23,20
DELTA-O,20260227,276,283,274,280,18167
DEMCO-O,20260227,2.46,2.48,2.42,2.48,10
DEXON-O,20260227,1.07,1.07,1.07,1.07,18
DIF-O,20260227,9.65,9.65,9.55,9.6,801
DITTO-O,20260227,13,13,12.6,12.6,525
DMT-O,20260227,11.3,11.4,11.2,11.3,355
DOD-O,20260227,1.96,2.08,1.96,2.02,272
DOHOME-O,20260227,3.92,3.92,3.9,3.9,617
DPAINT-O,20260227,0.74,0.74,0.74,0.74,20
DRT-O,20260227,5.15,5.2,5.1,5.2,439
DTCENT-O,20260227,1.01,1.01,0.98,0.98,347
DUSIT-O,20260227,11.7,12,11.5,11.6,327
DV8-O,20260227,4.7,4.7,3.2,3.2,50
EA-O,20260227,3.42,3.42,2.98,2.98,2118
EASTW-O,20260227,2.88,2.94,2.84,2.86,315
ECF-O,20260227,0.05,0.07,0.05,0.05,163
EFORL-O,20260227,0.15,0.16,0.15,0.15,180
EGATIF-O,20260227,6.2,6.3,6.15,6.3,112
EGCO-O,20260227,124,124.5,123,124,632
EKH-O,20260227,5.1,5.15,5.05,5.15,125
EMPIRE-O,20260227,0.72,0.72,0.71,0.71,12
EP-O,20260227,1.19,1.19,1.19,1.19,5
EPG-O,20260227,3.86,3.9,3.86,3.9,101
ERW-O,20260227,3.24,3.26,3.16,3.24,396
ESTAR-O,20260227,0.22,0.27,0.22,0.27,48
ETC-O,20260227,0.63,0.64,0.63,0.64,81
ETL-O,20260227,0.4,0.4,0.4,0.4,7
EVER-O,20260227,0.05,0.05,0.05,0.05,1
FANCY-O,20260227,0.3,0.3,0.3,0.3,20
FLOYD-O,20260227,1.18,1.18,1.16,1.16,115
FM-O,20260227,3.9,3.9,3.9,3.9,87
FN-O,20260227,0.48,0.48,0.48,0.48,1
FORTH-O,20260227,7.8,8.8,7.8,8.3,363
FPT-O,20260227,6.6,6.75,6.3,6.3,106
FSMART-O,20260227,7.25,7.35,7.15,7.15,261
FSX-O,20260227,1.36,1.36,1.32,1.32,93
FTE-O,20260227,2.02,2.02,1.9,1.93,68
FTI-O,20260227,1.63,1.64,1.63,1.64,2
FTREIT-O,20260227,11.8,11.8,11.7,11.7,549
FUTURERT-O,20260227,9.2,9.2,9.2,9.2,13
GABLE-O,20260227,4.1,4.14,4.1,4.12,7
GAHREIT-O,20260227,4.84,4.84,4.8,4.8,14
GBX-O,20260227,0.63,0.63,0.63,0.63,25
GC-O,20260227,4.46,4.54,4.46,4.5,57
GCAP-O,20260227,0.29,0.29,0.29,0.29,2
GEL-O,20260227,0.02,0.04,0.02,0.04,88
GFPT-O,20260227,9.7,9.7,9.65,9.7,82
GGC-O,20260227,2.92,2.92,2.92,2.92,1
GLOBAL-O,20260227,7.7,7.95,7.65,7.7,581
GPSC-O,20260227,43,43.75,43,43,782
GRAND-O,20260227,0.03,0.03,0.03,0.03,60
GREEN-O,20260227,0.63,0.63,0.63,0.63,26
GTV-O,20260227,0.03,0.03,0.03,0.03,10
GULF-O,20260227,62.25,63.25,61.75,62.25,18335
GUNKUL-O,20260227,2.52,2.56,2.44,2.44,903
GVREIT-O,20260227,6.6,6.6,6.5,6.6,46
HANA-O,20260227,18.6,18.6,18.1,18.1,1824
HANN-O,20260227,1.12,1.12,1.11,1.12,85
HARN-O,20260227,1.98,2,1.98,2,67
HEALTH-O,20260227,0.4,0.4,0.4,0.4,1
HENG-O,20260227,0.99,1.02,0.99,1.02,7
HMPRO-O,20260227,7.3,7.5,7.3,7.35,1335
HTC-O,20260227,16.5,16.5,16.1,16.2,199
HTECH-O,20260227,3.1,3.1,2.82,2.82,292
HUMAN-O,20260227,5.4,5.4,5.4,5.4,10
HYDRO-O,20260227,2.78,2.78,2.7,2.7,2
HYDROGEN-O,20260227,8.3,8.3,8.05,8.05,31
I2-O,20260227,0.8,0.8,0.78,0.78,152
ICC-O,20260227,24.6,24.6,24.6,24.6,14
ICHI-O,20260227,14.8,18.9,14.7,14.8,2151
IDG-O,20260227,1.74,1.74,1.74,1.74,6
IHL-O,20260227,1.58,1.58,1.57,1.57,2
IIG-O,20260227,1.65,1.65,1.65,1.65,1
III-O,20260227,4.12,4.14,4.1,4.1,21
ILINK-O,20260227,4.92,4.92,4.9,4.9,28
ILM-O,20260227,14.6,14.8,14.5,14.5,150
IMH-O,20260227,3,3,2.98,2.98,35
IMPACT-O,20260227,11.8,11.8,11.1,11.3,45
IND-O,20260227,1.22,1.22,1.22,1.22,20
INET-O,20260227,4.04,4.04,3.98,4,41
INETREIT-O,20260227,12.7,12.7,12.5,12.6,2568
INGRS-O,20260227,0.21,0.21,0.21,0.21,32
INSET-O,20260227,2.62,2.84,2.62,2.8,247
INSURE-O,20260227,62.25,64,62,64,5
IP-O,20260227,4.2,4.2,4.14,4.18,154
IRC-O,20260227,11.8,11.8,11.6,11.6,67
IRCP-O,20260227,0.28,0.28,0.28,0.28,32
IROYAL-O,20260227,5.6,5.6,5.6,5.6,36
IRPC-O,20260227,1.38,1.42,1.38,1.42,990
ISSARA-O,20260227,7,7,7,7,40
ITC-O,20260227,17.1,17.1,16.9,17,735
ITD-O,20260227,0.23,0.24,0.21,0.24,106
ITEL-O,20260227,1.36,1.36,1.35,1.35,55
ITNS-O,20260227,2.04,2.6,2.02,2.6,146
ITTHI-O,20260227,1.4,1.42,1.4,1.42,5
IVF-O,20260227,0.87,0.87,0.87,0.87,2
IVL-O,20260227,23.2,23.6,23,23.2,1370
J-O,20260227,0.65,0.65,0.65,0.65,12
JAK-O,20260227,0.8,0.8,0.78,0.78,29
JAS-O,20260227,1.32,1.34,1.32,1.33,167
JCK-O,20260227,0.14,0.14,0.14,0.14,4
JDF-O,20260227,2,2.02,2,2.02,36
JMART-O,20260227,7.95,8,7.8,7.9,373
JMT-O,20260227,11,11.1,10.8,10.9,1219
JPARK-O,20260227,3.38,3.4,3.38,3.38,274
JR-O,20260227,1.81,1.81,1.81,1.81,1
JTS-O,20260227,74,93,74,87.75,9599
JUBILE-O,20260227,7.35,7.35,7.35,7.35,5
KAMART-O,20260227,9.25,9.4,9.25,9.4,108
KASET-O,20260227,0.63,0.63,0.63,0.63,5
KBANK-O,20260227,199.5,203,198.5,203,7631
KBS-O,20260227,6.05,6.1,6,6.1,14
KBSPIF-O,20260227,8.4,8.4,8.35,8.35,264
KCAR-O,20260227,5.1,5.1,5.05,5.05,9
KCC-O,20260227,2.4,2.4,2.4,2.4,4
KCE-O,20260227,19.7,19.8,19.3,19.5,1742
KCG-O,20260227,9.9,9.9,9.8,9.8,115
KCM-O,20260227,0.18,0.18,0.18,0.18,50
KDH-O,20260227,84.25,84.25,84.25,84.25,50
KGEN-O,20260227,1.2,1.2,1.2,1.2,151
KGI-O,20260227,4.48,4.48,4.4,4.46,91
KIAT-O,20260227,0.34,0.35,0.34,0.35,43
KISS-O,20260227,3.54,3.6,3.54,3.58,50
KJL-O,20260227,6.1,6.1,6.1,6.1,10
KK-O,20260227,1.08,1.08,1.01,1.01,71
KKP-O,20260227,76.75,78,76.5,77.5,3701
KLINIQ-O,20260227,24.8,25.25,24.7,24.9,172
KPNREIT-O,20260227,1.85,1.85,1.85,1.85,1
KSL-O,20260227,1.31,1.4,1.31,1.33,203
KTB-O,20260227,34.75,35.25,34.25,34.75,14103
KTBSTMR-O,20260227,5.65,5.65,5.6,5.6,9
KTC-O,20260227,33.25,33.75,33.25,33.25,1501
KTMS-O,20260227,2.04,2.04,2.04,2.04,25
KUN-O,20260227,0.71,0.71,0.71,0.71,13
KWC-O,20260227,280,283,280,283,2
KWM-O,20260227,0.95,0.95,0.94,0.95,23
KYE-O,20260227,294,294,270,292,5
LANNA-O,20260227,15.1,15.1,15,15,1099
LEE-O,20260227,2.72,2.72,2.7,2.7,8
LEO-O,20260227,2,2,2,2,5
LH-O,20260227,4.36,4.44,4.34,4.36,1601
LHFG-O,20260227,1.01,1.04,1.01,1.03,602
LHHOTEL-O,20260227,14.1,14.1,14.1,14.1,49
LHK-O,20260227,3.44,3.48,3.44,3.48,62
LHSC-O,20260227,14.3,14.4,14.3,14.4,5
LOXLEY-O,20260227,1.55,1.55,1.55,1.55,7
LPH-O,20260227,3.8,3.8,3.8,3.8,20
LPN-O,20260227,1.62,1.63,1.62,1.63,99
LST-O,20260227,4.78,4.78,4.7,4.7,69
LTS-O,20260227,2.8,2.82,2.76,2.76,105
M-O,20260227,22.5,22.5,21.2,21.3,3896
MADAME-O,20260227,0.58,0.58,0.58,0.58,20
MAGURO-O,20260227,24.3,24.5,23.8,23.8,505
MAJOR-O,20260227,7.9,7.9,7.8,7.9,259
MALEE-O,20260227,4.36,4.64,4.3,4.64,419
MASTER-O,20260227,11.1,11.8,10.5,11,819
MATI-O,20260227,3.34,3.34,3.34,3.34,1
MBAX-O,20260227,1.84,1.84,1.83,1.83,9
MBK-O,20260227,20,20.8,20,20.6,362
MC-O,20260227,11.8,11.9,11.7,11.9,885
MCOT-O,20260227,6.7,6.75,6.5,6.5,70
MCS-O,20260227,9.5,9.7,9.5,9.7,175
MDX-O,20260227,2.8,2.82,2.8,2.82,20
MEB-O,20260227,15,15,14.4,14.5,73
MEDEZE-O,20260227,6.7,6.8,6.7,6.8,134
MEGA-O,20260227,38,38,37.5,37.75,253
METCO-O,20260227,274,275,274,274,142
MFEC-O,20260227,5.9,5.95,5.9,5.95,134
MGC-O,20260227,4.48,4.6,4.48,4.6,22
MGI-O,20260227,6.15,6.2,6.1,6.1,120
MICRO-O,20260227,1.04,1.04,0.98,0.98,129
MIDA-O,20260227,0.25,0.25,0.25,0.25,9
MILL-O,20260227,0.05,0.05,0.05,0.05,78
MINT-O,20260227,26.25,26.75,26,26,966
MITSIB-O,20260227,0.57,0.57,0.57,0.57,7
MJLF-O,20260227,5.35,5.35,5.25,5.25,101
MMM-O,20260227,2.96,2.96,2.92,2.92,315
MONO-O,20260227,1,1.01,0.99,0.99,333
MOONG-O,20260227,2.3,2.3,2.28,2.3,108
MORE-O,20260227,0.03,0.03,0.03,0.03,15
MOSHI-O,20260227,38.25,49.25,37.75,37.75,552
MOTHER-O,20260227,1.23,1.26,1.23,1.25,24
MPJ-O,20260227,4.08,4.12,4.08,4.12,112
MRDIYT-O,20260227,9.55,9.6,9.3,9.35,481
MSC-O,20260227,7.45,7.45,7.45,7.45,4
MST-O,20260227,7.1,7.1,7,7,51
MTC-O,20260227,37.75,38,37,37.5,1088
MTI-O,20260227,16.5,18.6,16.5,18.6,137
MTW-O,20260227,0.89,0.89,0.89,0.89,20
MUD-O,20260227,0.74,0.74,0.74,0.74,1
NATION-O,20260227,0.04,0.04,0.04,0.04,23
NC-O,20260227,2.2,2.2,2.2,2.2,1
NCAP-O,20260227,2.96,2.96,2.94,2.94,123
NCH-O,20260227,0.46,0.46,0.34,0.34,50
NDR-O,20260227,1.45,1.45,1.44,1.44,47
NEO-O,20260227,22.7,22.7,22.2,22.2,340
NER-O,20260227,4.98,4.98,4.92,4.98,715
NETBAY-O,20260227,21.7,21.7,20.8,20.8,520
NEX-O,20260227,1.2,1.21,1.17,1.18,108
NKI-O,20260227,15.8,17.5,15,17.4,84
NNCL-O,20260227,1.58,1.58,1.58,1.58,5
NOBLE-O,20260227,2.68,2.72,2.68,2.72,101
NRF-O,20260227,0.23,0.23,0.21,0.21,82
NSL-O,20260227,24.5,24.7,24.5,24.5,111
NTF-O,20260227,10.4,11.4,10.1,11.3,2504
NTSC-O,20260227,6.7,6.7,6.65,6.7,45
NTV-O,20260227,23.9,23.9,23.9,23.9,1
NV-O,20260227,0.54,0.54,0.54,0.54,5
NVD-O,20260227,0.81,0.81,0.81,0.81,10
NYT-O,20260227,3.76,3.86,3.76,3.84,957
OKJ-O,20260227,4.04,4.04,3.98,3.98,236
ONEE-O,20260227,2.94,2.98,2.94,2.94,227
ONSENS-O,20260227,1.3,1.3,1.24,1.24,171
OR-O,20260227,13.6,13.7,13.4,13.4,6275
ORI-O,20260227,2.2,2.2,2.18,2.18,35
ORN-O,20260227,0.81,0.81,0.81,0.81,1
OSP-O,20260227,18.4,18.4,17.3,17.4,2367
PACO-O,20260227,1.3,1.34,1.3,1.34,140
PAP-O,20260227,2.02,2.02,2.02,2.02,4
PATO-O,20260227,7.4,7.4,7.3,7.3,33
PB-O,20260227,49.75,49.75,49.5,49.75,3
PCE-O,20260227,2.28,2.28,1.82,2.28,110
PCSGH-O,20260227,3.1,3.1,3.1,3.1,14
PDG-O,20260227,3,3.14,3,3.12,64
PDJ-O,20260227,1.17,1.17,1.11,1.11,31
PEER-O,20260227,0.08,0.08,0.08,0.08,11
PERM-O,20260227,0.2,0.2,0.2,0.2,4
PF-O,20260227,0.06,0.06,0.04,0.05,215
PG-O,20260227,6.5,6.5,6.4,6.4,23
PHG-O,20260227,13.5,13.5,13.5,13.5,2
PHOL-O,20260227,3.08,3.08,3.08,3.08,71
PICO-O,20260227,4.1,4.16,4.1,4.16,15
PIN-O,20260227,4.6,4.64,4.3,4.32,416
PJW-O,20260227,2.22,2.24,2.2,2.24,53
PL-O,20260227,1.37,1.37,1.31,1.31,39
PLANB-O,20260227,4.82,4.82,4.66,4.7,704
PLANET-O,20260227,0.45,0.47,0.45,0.47,4
PLAT-O,20260227,1.2,1.2,1.2,1.2,5
PLE-O,20260227,0.19,0.19,0.19,0.19,1
PLT-O,20260227,0.58,0.58,0.58,0.58,30
PLUS-O,20260227,1.43,1.44,1.41,1.44,159
PM-O,20260227,12.4,12.4,12.4,12.4,97
PMTA-O,20260227,10.6,10.6,10.6,10.6,10
POLY-O,20260227,7.7,7.75,7.55,7.55,54
POPF-O,20260227,6.8,6.9,6.8,6.9,4
PORT-O,20260227,0.54,0.55,0.54,0.55,2
PPM-O,20260227,1.31,1.31,1.29,1.29,53
PQS-O,20260227,1.16,1.16,1.16,1.16,4
PR9-O,20260227,19.6,19.7,19.5,19.7,655
PRAPAT-O,20260227,0.81,0.82,0.8,0.82,96
PREB-O,20260227,4.06,4.06,3.94,3.94,207
PRG-O,20260227,9.2,9.35,9.1,9.35,139
PRIME-O,20260227,0.06,0.06,0.06,0.06,25
PRIN-O,20260227,1.41,1.47,1.41,1.47,2
PRM-O,20260227,7.7,7.85,7.65,7.8,316
PROEN-O,20260227,1.13,1.13,1.13,1.13,4
PROSPECT-O,20260227,7,7,7,7,50
PROUD-O,20260227,1.1,1.11,1.08,1.08,211
PSGC-O,20260227,3.84,4.06,3.84,3.98,294
PSH-O,20260227,4,4.02,3.98,3.98,52
PSL-O,20260227,7.55,7.65,7.5,7.65,301
PSP-O,20260227,4.48,4.48,4.48,4.48,2
PSTC-O,20260227,0.27,0.27,0.26,0.26,35
PT-O,20260227,12.6,12.6,12.4,12.4,231
PTECH-O,20260227,1.9,1.95,1.9,1.91,54
PTG-O,20260227,9.75,10.1,9.7,10,1163
PTL-O,20260227,8.8,8.8,8.8,8.8,10
PTT-O,20260227,37.25,37.75,37,37.25,10134
PTTEP-O,20260227,134.5,136.5,134,135.5,3853
PTTGC-O,20260227,28,28.25,27.75,28,1337
PYLON-O,20260227,3.14,3.18,3.12,3.18,49
Q-CON-O,20260227,7.3,7.3,7.25,7.25,104
QDC-O,20260227,0.09,0.09,0.08,0.08,102
QH-O,20260227,1.5,1.53,1.5,1.53,1225
QHBREIT-O,20260227,3.6,3.6,3.6,3.6,30
QHHRREIT-O,20260227,7.25,7.25,7.25,7.25,20
QLT-O,20260227,1.52,1.52,1.52,1.52,1
QTCG-O,20260227,0.15,0.15,0.14,0.15,32
RABBIT-O,20260227,0.33,0.36,0.33,0.35,161
RAM-O,20260227,18.7,18.7,18.5,18.7,16
RATCH-O,20260227,31.75,31.75,31,31.25,1557
RBF-O,20260227,3.54,3.54,3.54,3.54,31
RCL-O,20260227,29.5,30.75,29.5,30.75,440
RICHY-O,20260227,0.18,0.18,0.17,0.18,45
RJH-O,20260227,14.3,14.4,14.2,14.2,87
ROCK-O,20260227,11.7,11.7,11.6,11.6,5
ROCTEC-O,20260227,0.63,0.66,0.63,0.66,106
ROJNA-O,20260227,5.35,5.35,5.25,5.25,212
RPC-O,20260227,0.3,0.3,0.3,0.3,99
RPH-O,20260227,5.15,5.15,5.15,5.15,4
RS-O,20260227,0.19,0.19,0.18,0.18,89
RSP-O,20260227,1.16,1.16,1.14,1.14,36
RWI-O,20260227,0.21,0.21,0.21,0.21,2
S-O,20260227,0.54,0.6,0.54,0.6,431
SABINA-O,20260227,17.2,17.2,17,17.1,143
SAFE-O,20260227,6.5,6.5,6.45,6.45,54
SAK-O,20260227,3.86,3.86,3.82,3.84,114
SALEE-O,20260227,0.37,0.37,0.37,0.37,3
SAMART-O,20260227,6.3,6.6,6.3,6.55,236
SAMCO-O,20260227,0.73,0.75,0.73,0.75,66
SANKO-O,20260227,0.9,0.9,0.9,0.9,18
SAPPE-O,20260227,36,36,33.75,34,803
SAT-O,20260227,16.6,16.7,16.5,16.6,1304
SAUCE-O,20260227,41.5,41.5,41.25,41.25,73
SAV-O,20260227,13.3,13.3,13.3,13.3,90
SAWAD-O,20260227,29,29.75,28.75,28.75,930
SC-O,20260227,2.08,2.1,2.06,2.1,411
SCAP-O,20260227,0.85,1.2,0.85,1.16,30
SCB-O,20260227,148,149,148,148.5,9881
SCC-O,20260227,225,227,223,225,1170
SCCC-O,20260227,151.5,152,151,151,423
SCG-O,20260227,2.5,2.5,2.5,2.5,30
SCGD-O,20260227,5.45,5.55,5.45,5.5,195
SCGP-O,20260227,20.6,20.9,20.5,20.8,550
SCI-O,20260227,0.96,1.01,0.96,1.01,30
SCM-O,20260227,0.14,0.14,0.13,0.13,20
SCP-O,20260227,9.45,12,9.45,12,100
SE-ED-O,20260227,1.7,1.7,1.7,1.7,55
SE-O,20260227,0.47,0.49,0.46,0.48,80
SEAFCO-O,20260227,2.64,2.64,2.62,2.64,190
SEAOIL-O,20260227,3.32,3.56,3.32,3.5,74
SECURE-O,20260227,13.4,13.4,13.4,13.4,8
SEI-O,20260227,2.42,2.44,2.42,2.44,16
SELIC-O,20260227,2.7,2.72,2.7,2.72,11
SENA-O,20260227,1.86,1.89,1.85,1.89,80
SFLEX-O,20260227,3.42,3.42,3.42,3.42,1
SFT-O,20260227,1.8,1.8,1.8,1.8,20
SGC-O,20260227,1,1,0.9,0.9,79
SGP-O,20260227,7.55,7.6,7.55,7.6,50
SHR-O,20260227,1.84,1.96,1.84,1.95,278
SINGER-O,20260227,6,6.2,6,6.2,163
SINO-O,20260227,0.94,0.94,0.91,0.94,100
SIRI-O,20260227,1.58,1.58,1.55,1.56,2329
SIS-O,20260227,24,24.2,23.8,23.8,86
SISB-O,20260227,12.7,12.9,12.6,12.6,310
SITHAI-O,20260227,1.05,1.05,1.04,1.04,20
SJWD-O,20260227,9.05,9.05,8.8,8.8,309
SK-O,20260227,0.55,0.55,0.55,0.55,4
SKE-O,20260227,0.15,0.15,0.15,0.15,18
SKIN-O,20260227,1.29,1.29,1.29,1.29,1
SKN-O,20260227,6.9,6.9,6.8,6.8,83
SKR-O,20260227,6.9,6.9,6.9,6.9,4
SMART-O,20260227,0.64,0.66,0.64,0.66,69
SMD100-O,20260227,1.94,1.94,1.9,1.93,275
SMO-O,20260227,3.4,3.82,3.4,3.82,5
SMT-O,20260227,1.36,1.36,1.35,1.35,54
SNC-O,20260227,6.15,6.15,6.15,6.15,24
SNNP-O,20260227,7.9,7.9,7.8,7.8,160
SNP-O,20260227,9.3,9.5,9.3,9.5,54
SNPS-O,20260227,4.76,4.76,4.66,4.66,4
SO-O,20260227,4.22,4.22,4.22,4.22,9
SOLAR-O,20260227,0.18,0.18,0.18,0.18,20
SORKON-O,20260227,3.86,3.9,3.84,3.9,67
SPA-O,20260227,3.94,3.94,3.92,3.92,134
SPALI-O,20260227,18.1,18.3,17.8,17.8,1242
SPC-O,20260227,57.75,57.75,57.75,57.75,3
SPCG-O,20260227,9.2,9.4,9.2,9.4,916
SPI-O,20260227,44,44,44,44,9
SPRC-O,20260227,7.65,7.75,7.6,7.65,467
SPRIME-O,20260227,3.6,3.64,3.6,3.64,57
SPTX-O,20260227,0.01,0.01,0.01,0.01,93
SPVI-O,20260227,2.66,2.72,2.66,2.7,43
SQ-O,20260227,0.28,0.28,0.28,0.28,1
SRICHA-O,20260227,13.5,13.6,13.5,13.6,148
SRIPANWA-O,20260227,5.4,5.5,5.4,5.5,36
SRS-O,20260227,1.53,1.59,1.49,1.59,82
SSF-O,20260227,5.15,5.15,5.15,5.15,5
SSP-O,20260227,3.32,3.4,3.32,3.38,107
SSPF-O,20260227,3.34,3.34,3.34,3.34,30
SSSC-O,20260227,2.26,2.26,2.26,2.26,30
SST-O,20260227,1.26,1.26,1.26,1.26,1
SSTRT-O,20260227,4.24,4.24,4.24,4.24,1
STA-O,20260227,14.8,14.9,14.6,14.7,746
STANLY-O,20260227,207,208,206,206,57
STECH-O,20260227,1.09,1.09,1.07,1.07,93
STECON-O,20260227,13.4,13.6,12.9,13,5223
STGT-O,20260227,9.15,9.15,9.05,9.05,245
STI-O,20260227,1.71,1.71,1.7,1.7,100
STOWER-O,20260227,0.03,0.03,0.02,0.02,74
STPI-O,20260227,5.75,6,5.65,5.95,1103
STX-O,20260227,1.17,1.17,1.17,1.17,5
SUC-O,20260227,29.75,29.75,29.75,29.75,18
SUN-O,20260227,3,3,2.8,2.8,222
SUPER-O,20260227,0.12,0.13,0.11,0.13,180
SUPEREIF-O,20260227,5.9,5.9,5.9,5.9,11
SUSCO-O,20260227,2.28,2.28,2.2,2.2,1712
SVI-O,20260227,7.35,7.4,7.35,7.35,613
SVOA-O,20260227,1.6,1.76,1.05,1.72,265
SVT-O,20260227,1.35,1.35,1.35,1.35,50
SYMC-O,20260227,4.22,4.22,4.22,4.22,10
SYNEX-O,20260227,10.3,10.3,10.1,10.3,31
SYNTEC-O,20260227,1.81,1.81,1.81,1.81,1
TACC-O,20260227,5.9,6,5.9,6,266
TASCO-O,20260227,14,14,13.9,13.9,627
TBN-O,20260227,3.72,3.74,3.72,3.74,42
TC-O,20260227,5.4,5.4,5.4,5.4,9
TCAP-O,20260227,61.5,61.5,60.5,61.5,1871
TCC-O,20260227,0.23,0.23,0.23,0.23,88
TCJ-O,20260227,2.34,2.34,2.34,2.34,3
TCMC-O,20260227,0.3,0.3,0.29,0.3,29
TEAM-O,20260227,2.58,2.58,2.56,2.56,20
TEAMG-O,20260227,3.44,3.52,3.44,3.52,136
TEGH-O,20260227,3.3,3.3,3.18,3.18,44
TEKA-O,20260227,2.16,2.16,2.16,2.16,9
TERA-O,20260227,1.01,1.01,1,1,62
TFFIF-O,20260227,6.9,6.95,6.8,6.85,199
TFG-O,20260227,6.1,6.6,6.1,6.5,1208
TFI-O,20260227,0.06,0.06,0.04,0.04,47
TFM-O,20260227,6.4,8,6.4,7.75,224
TFMAMA-O,20260227,190.5,191,189.5,190,51
TGPRO-O,20260227,0.04,0.04,0.04,0.04,50
THAI-O,20260227,6.95,7,6.85,6.9,3097
THANI-O,20260227,1.95,1.96,1.93,1.94,157
THCOM-O,20260227,11.7,12.1,11.7,11.7,351
THG-O,20260227,9.4,9.5,9.25,9.35,245
THRE-O,20260227,0.39,0.4,0.39,0.4,42
THREL-O,20260227,1.14,1.14,1.11,1.12,258
TIDLOR-O,20260227,20,20.3,19.8,20.1,1346
TIF1-O,20260227,7.65,7.65,7.65,7.65,1
TIPCO-O,20260227,7.3,7.55,7.3,7.5,135
TIPH-O,20260227,20.8,20.8,20.7,20.7,8
TISCO-O,20260227,115.5,116,114.5,115.5,14255
TITLE-O,20260227,7.95,8,7.95,8,16
TKN-O,20260227,4.46,4.48,4.42,4.42,199
TKS-O,20260227,6.95,6.95,6.9,6.95,221
TLHPF-O,20260227,5,5.2,4.98,5.2,24
TLI-O,20260227,11.3,11.4,11,11.2,1343
TM-O,20260227,1,1,1,1,1
TMAN-O,20260227,13,13.2,13,13.2,80
TMD-O,20260227,26.75,26.75,26.75,26.75,1
TMILL-O,20260227,2.06,2.08,2.06,2.08,31
TMT-O,20260227,2.86,2.9,2.86,2.9,77
TMW-O,20260227,61.5,61.5,61.5,61.5,16
TNDT-O,20260227,0.18,0.19,0.18,0.19,5
TNH-O,20260227,32,32,32,32,1
TNITY-O,20260227,2.94,2.94,2.94,2.94,1
TNP-O,20260227,3.02,3.02,2.24,2.24,59
TNR-O,20260227,5.55,5.55,5.55,5.55,45
TOA-O,20260227,15.9,16,15.9,16,83
TOG-O,20260227,7.2,7.2,7.2,7.2,99
TOP-O,20260227,53,54,52,53.75,1992
TOPP-O,20260227,140.5,140.5,140.5,140.5,1
TPCH-O,20260227,1.77,1.77,1.75,1.75,47
TPCS-O,20260227,10.4,10.4,10.4,10.4,1
TPIPL-O,20260227,0.8,0.81,0.79,0.81,179
TPIPP-O,20260227,1.97,1.99,1.97,1.97,175
TPL-O,20260227,0.5,0.5,0.5,0.5,1
TPOLY-O,20260227,0.22,0.22,0.22,0.22,60
TPP-O,20260227,11.8,12,11.8,12,11
TPS-O,20260227,3.36,3.36,3.36,3.36,10
TQM-O,20260227,14.1,14.6,13.9,14.3,346
TQR-O,20260227,5.25,5.25,5.2,5.2,53
TRC-O,20260227,0.41,0.42,0.33,0.42,228
TRITN-O,20260227,0.04,0.04,0.04,0.04,99
TRT-O,20260227,3.94,3.94,3.94,3.94,25
TRUBB-O,20260227,0.82,0.82,0.82,0.82,65
TRUE-O,20260227,14.6,14.8,14.4,14.5,5218
TSC-O,20260227,14.8,14.8,14.7,14.7,5
TSE-O,20260227,0.45,0.45,0.45,0.45,50
TSR-O,20260227,0.13,0.13,0.13,0.13,50
TTA-O,20260227,4.98,5,4.92,5,230
TTB-O,20260227,2.36,2.38,2.34,2.36,11253
TTCL-O,20260227,0.15,0.15,0.15,0.15,2
TTLPF-O,20260227,9.85,9.95,9.75,9.85,503
TTT-O,20260227,53,53,53,53,2
TTW-O,20260227,9.55,9.55,9.45,9.55,351
TU-O,20260227,12.5,12.5,12.4,12.5,1697
TU-PF-O,20260227,1.2,1.2,1.2,1.2,1
TURBO-O,20260227,1.78,1.8,1.77,1.8,164
TVO-O,20260227,25,25,24.7,24.8,278
TWP-O,20260227,1.14,1.14,1.1,1.1,94
TWPC-O,20260227,2.94,2.94,2.9,2.9,4
TWZ-O,20260227,0.01,0.02,0.01,0.02,102
TYCN-O,20260227,1.71,1.71,1.71,1.71,6
UAC-O,20260227,2.82,2.82,2.76,2.76,12
UBA-O,20260227,1.06,1.06,1.06,1.06,1
UBIS-O,20260227,1.09,1.2,1.09,1.19,14
UEC-O,20260227,0.68,0.68,0.67,0.67,9
UKEM-O,20260227,0.62,0.66,0.62,0.65,37
UNIQ-O,20260227,3.2,3.2,3.14,3.14,36
UP-O,20260227,23.2,23.5,23.2,23.5,2
UPF-O,20260227,22.7,22.7,22.7,22.7,7
UPOIC-O,20260227,6.6,6.6,6.55,6.55,45
UREKA-O,20260227,0.35,0.35,0.35,0.35,5
UTP-O,20260227,7.85,7.9,7.85,7.85,279
UV-O,20260227,0.9,0.9,0.9,0.9,14
UVAN-O,20260227,14.3,14.6,14.3,14.5,326
VCOM-O,20260227,3.38,3.38,3.38,3.38,10
VGI-O,20260227,1.2,1.23,1.18,1.18,850
VIBHA-O,20260227,1.42,1.42,1.4,1.4,65
VIH-O,20260227,9,9.15,9,9,77
VL-O,20260227,0.82,0.82,0.82,0.82,2
VNG-O,20260227,1.99,1.99,1.98,1.98,16
VRANDA-O,20260227,4.72,4.72,4.72,4.72,1
VS-O,20260227,0.27,0.29,0.27,0.29,11
WACOAL-O,20260227,17,17.1,17,17.1,2
WARRIX-O,20260227,1.98,1.98,1.94,1.94,405
WAVE-O,20260227,0.03,0.03,0.03,0.03,11
WFX-O,20260227,0.75,0.75,0.74,0.74,30
WGE-O,20260227,0.88,0.88,0.88,0.88,5
WHA-O,20260227,4.4,4.42,4.32,4.34,4268
WHABT-O,20260227,5.75,5.75,5.75,5.75,1
WHAIR-O,20260227,6.9,7,6.9,7,128
WHART-O,20260227,11.2,11.3,11.1,11.3,168
WHAUP-O,20260227,5.05,5.15,5,5.05,613
WICE-O,20260227,3,3,2.72,2.74,39
WIIK-O,20260227,0.94,0.95,0.8,0.8,75
WINDOW-O,20260227,1,1,1,1,1
WINMED-O,20260227,1.01,1.01,1.01,1.01,10
WINNER-O,20260227,2.22,2.22,2,2,35
WORK-O,20260227,3.96,3.98,3.92,3.94,51
WP-O,20260227,3.76,3.76,3.52,3.74,138
WPH-O,20260227,7.8,7.8,7.6,7.6,168
WSOL-O,20260227,0.2,0.2,0.19,0.2,60
XBIO-O,20260227,0.05,0.06,0.05,0.06,20
XO-O,20260227,15.1,15.1,14.3,14.7,397
XPG-O,20260227,0.5,0.52,0.5,0.52,32
YGG-O,20260227,0.24,0.25,0.24,0.25,57
YONG-O,20260227,0.78,0.78,0.77,0.77,39
YUASA-O,20260227,14.7,15,14.7,15,134
ZEN-O,20260227,6,6,6,6,34
ZIGA-O,20260227,0.98,0.98,0.98,0.98,5
RABBIT-P,20260227,0.38,0.38,0.36,0.36,608200
VAYU1,20260227,11.3,11.3,11.2,11.3,741800
VAYU1-O,20260227,11.3,11.3,11.3,11.3,112
AAV01C2604A,20260227,0.08,0.08,0.06,0.06,294500
AAV01C2607A,20260227,0.25,0.25,0.22,0.22,1577500
AAV01C2609T,20260227,0.28,0.28,0.26,0.26,1229800
AAV01P2607A,20260227,0.29,0.32,0.29,0.32,2264500
AAV13C2604A,20260227,0.2,0.2,0.15,0.16,3179900
AAV13C2607A,20260227,0.37,0.37,0.32,0.33,2711600
AAV13C2608A,20260227,0.26,0.26,0.22,0.23,11822200
AAV13C2701T,20260227,0.28,0.28,0.26,0.26,4362600
AAV13P2607A,20260227,0.39,0.42,0.39,0.41,2768800
AAV19C2604A,20260227,0.23,0.23,0.2,0.2,1173300
AAV19C2612T,20260227,0.26,0.26,0.24,0.24,1495200
AAV41C2608A,20260227,0.23,0.23,0.2,0.2,780800
AAV41C2609T,20260227,0.21,0.21,0.2,0.2,1600
AAV41C2611T,20260227,0.2,0.2,0.2,0.2,673200
ADVANC01C2606A,20260227,1.28,1.36,1.24,1.26,1812800
ADVANC01C2607A,20260227,0.78,0.86,0.77,0.79,4551100
ADVANC01C2608A,20260227,0.31,0.35,0.3,0.31,15021100
ADVANC01C2701T,20260227,0.78,0.81,0.76,0.78,13678900
ADVANC01P2604A,20260227,0.03,0.03,0.01,0.02,1415600
ADVANC01P2606A,20260227,0.21,0.21,0.16,0.17,9233500
ADVANC01P2607A,20260227,0.42,0.42,0.37,0.39,7040400
ADVANC13C2604A,20260227,0.8,0.9,0.78,0.81,328800
ADVANC13C2607A,20260227,0.79,0.86,0.77,0.8,22955700
ADVANC13C2608A,20260227,0.21,0.23,0.21,0.22,26183700
ADVANC13C2608B,20260227,0.32,0.35,0.31,0.32,17931200
ADVANC13C2701T,20260227,0.52,0.55,0.52,0.53,7193800
ADVANC13P2604A,20260227,0.02,0.02,0.02,0.02,50000
ADVANC13P2607A,20260227,0.26,0.26,0.23,0.24,21992200
ADVANC19C2606A,20260227,1.08,1.1,0.95,0.95,4600
ADVANC19C2607A,20260227,0.64,0.73,0.63,0.65,2758800
ADVANC41C2606T,20260227,1.06,1.07,1.01,1.04,2500
ADVANC41C2607A,20260227,0.77,0.79,0.7,0.71,31100
ADVANC41C2608A,20260227,0.19,0.21,0.18,0.2,635900
ADVANC41C2701T,20260227,0.41,0.44,0.41,0.43,11129600
ADVANC41P2607A,20260227,0.23,0.23,0.2,0.21,1709900
AEONTS13C2608A,20260227,0.39,0.39,0.38,0.38,2449900
AIA41C2603A,20260227,0.43,0.45,0.42,0.45,800
ALIHEA41C2606A,20260227,0.33,0.34,0.33,0.34,1100
AMATA01C2605A,20260227,0.35,0.35,0.34,0.34,2721100
AMATA01C2608A,20260227,0.44,0.44,0.43,0.43,3658200
AMATA13C2608A,20260227,0.45,0.46,0.44,0.45,20927600
AMATA41C2608A,20260227,0.44,0.44,0.43,0.43,1381600
AMATA41C2609T,20260227,0.37,0.37,0.36,0.36,2780900
AOT01C2605A,20260227,0.22,0.24,0.21,0.22,9005000
AOT01C2606T,20260227,0.4,0.43,0.4,0.41,4598300
AOT01C2607A,20260227,0.38,0.42,0.36,0.38,7986600
AOT01P2605A,20260227,0.19,0.19,0.17,0.18,4410800
AOT01P2607A,20260227,0.49,0.49,0.46,0.48,5234600
AOT13C2605A,20260227,0.44,0.48,0.43,0.47,12124600
AOT13C2605B,20260227,0.2,0.23,0.19,0.2,21267500
AOT13C2608A,20260227,0.49,0.53,0.47,0.5,17806900
AOT13P2607A,20260227,0.36,0.37,0.34,0.35,3396300
AOT19C2605A,20260227,0.37,0.43,0.37,0.42,2769200
AOT19C2605B,20260227,0.15,0.18,0.15,0.17,15630600
AOT19P2605A,20260227,0.09,0.09,0.09,0.09,599800
AOT41C2603A,20260227,0.28,0.31,0.28,0.31,400
AOT41C2605A,20260227,0.38,0.42,0.37,0.39,402000
AOT41C2605B,20260227,0.16,0.19,0.16,0.17,601300
AOT41C2605T,20260227,0.03,0.03,0.03,0.03,100
AOT41C2609T,20260227,0.47,0.51,0.47,0.49,899200
AWC01C2606T,20260227,0.25,0.25,0.23,0.23,1629100
AWC01C2607A,20260227,0.32,0.32,0.28,0.29,1581100
AWC13C2608A,20260227,0.29,0.29,0.27,0.27,7133300
AWC19C2606T,20260227,0.13,0.13,0.13,0.13,1588300
AWC41C2608A,20260227,0.25,0.25,0.23,0.23,200
BA01C2603A,20260227,0.07,0.08,0.06,0.06,4583500
BA01C2607A,20260227,0.35,0.35,0.31,0.32,5396000
BA13C2607A,20260227,0.42,0.44,0.39,0.4,19297500
BA19C2605A,20260227,0.39,0.4,0.36,0.37,2276800
BA41C2611T,20260227,0.37,0.38,0.36,0.36,3927600
BABA28C2603A,20260227,0.02,0.02,0.02,0.02,7300
BABA28C2606A,20260227,0.13,0.14,0.13,0.14,470600
BABA28C2606B,20260227,0.24,0.25,0.22,0.24,1001100
BABA28P2603A,20260227,0.11,0.11,0.1,0.1,700000
BABA41C2603A,20260227,0.01,0.02,0.01,0.02,610000
BABA41C2605A,20260227,0.24,0.25,0.24,0.24,51700
BABA41C2609T,20260227,0.79,0.79,0.77,0.77,4700
BABA41C2701T,20260227,0.9,0.9,0.87,0.88,700
BABA41P2603A,20260227,0.34,0.35,0.33,0.35,2000
BAM01C2608A,20260227,0.22,0.24,0.22,0.23,2961600
BAM13C2607A,20260227,0.15,0.18,0.15,0.16,11539400
BAM19C2612T,20260227,0.39,0.42,0.38,0.4,4901300
BAM41C2612T,20260227,0.36,0.38,0.36,0.37,140600
BANPU01C2605A,20260227,0.81,0.81,0.74,0.74,294300
BANPU01C2606T,20260227,0.38,0.38,0.37,0.37,296800
BANPU01C2607A,20260227,0.16,0.16,0.15,0.15,776300
BANPU13C2603A,20260227,0.19,0.19,0.19,0.19,100
BANPU13C2603B,20260227,0.01,0.01,0.01,0.01,20000
BANPU13C2606A,20260227,0.25,0.25,0.23,0.23,757200
BANPU13C2608A,20260227,0.19,0.19,0.17,0.17,72300
BANPU13C2701T,20260227,0.24,0.24,0.24,0.24,10100
BANPU19C2612T,20260227,0.4,0.4,0.39,0.39,407400
BANPU41C2612T,20260227,0.27,0.27,0.26,0.26,550000
BBL13C2607A,20260227,0.35,0.41,0.34,0.35,52572900
BBL13C2607B,20260227,0.55,0.62,0.53,0.55,47755400
BBL13P2608A,20260227,0.52,0.55,0.5,0.54,9133700
BBL19C2612T,20260227,0.65,0.72,0.64,0.64,18352200
BBL41C2607A,20260227,0.33,0.38,0.32,0.33,6811300
BBL41C2607B,20260227,0.27,0.32,0.26,0.27,2062700
BBL41C2609T,20260227,0.53,0.57,0.53,0.53,6541800
BCH01C2607A,20260227,0.13,0.13,0.13,0.13,779500
BCH13C2604A,20260227,0.04,0.05,0.04,0.04,479600
BCH13C2607B,20260227,0.21,0.21,0.18,0.2,5720400
BCH19C2607A,20260227,0.21,0.22,0.2,0.21,2227100
BCH41C2607B,20260227,0.17,0.17,0.16,0.17,2688500
BCH41C2703T,20260227,0.26,0.27,0.26,0.27,465100
BCP01C2607A,20260227,0.45,0.48,0.45,0.48,883400
BCP01C2608A,20260227,0.25,0.29,0.25,0.29,3186200
BCP13C2608A,20260227,0.41,0.45,0.41,0.45,7692000
BCP19C2607A,20260227,0.38,0.43,0.38,0.43,613200
BCP41C2608A,20260227,0.41,0.43,0.41,0.42,1360200
BCP41C2609T,20260227,0.16,0.17,0.16,0.17,30200
BCPG01C2605A,20260227,0.2,0.2,0.15,0.15,3188500
BCPG01C2607A,20260227,0.52,0.52,0.43,0.43,4609100
BCPG13C2604A,20260227,0.14,0.14,0.09,0.1,8381200
BCPG13C2607A,20260227,0.46,0.46,0.46,0.46,40000
BCPG13C2608A,20260227,0.38,0.38,0.3,0.32,16948600
BCPG19C2605A,20260227,0.29,0.29,0.22,0.22,6835800
BCPG41C2603A,20260227,0.01,0.01,0.01,0.01,1000000
BCPG41C2606T,20260227,0.36,0.36,0.33,0.33,3401400
BCPG41C2607A,20260227,0.47,0.48,0.42,0.42,6390300
BCPG41C2612T,20260227,0.31,0.31,0.29,0.29,4162700
BDMS01C2604A,20260227,0.14,0.15,0.13,0.13,4698300
BDMS01C2607A,20260227,0.34,0.35,0.33,0.34,5741900
BDMS01P2607A,20260227,0.22,0.22,0.21,0.22,880600
BDMS13C2604A,20260227,0.07,0.07,0.06,0.07,320200
BDMS13C2607A,20260227,0.41,0.43,0.4,0.42,5426800
BDMS13C2608A,20260227,0.28,0.29,0.27,0.28,5442000
BDMS13C2701T,20260227,0.39,0.4,0.39,0.4,219600
BDMS13P2607A,20260227,0.31,0.32,0.31,0.31,6217800
BDMS19C2604A,20260227,0.18,0.19,0.18,0.19,3312300
BDMS41C2608A,20260227,0.24,0.24,0.23,0.24,800
BDMS41C2612T,20260227,0.29,0.29,0.28,0.29,901300
BEM01C2608A,20260227,0.21,0.21,0.19,0.2,2135300
BEM13C2604A,20260227,0.08,0.09,0.07,0.09,3139400
BEM13C2608A,20260227,0.29,0.29,0.26,0.29,10551900
BEM41C2608A,20260227,0.25,0.25,0.25,0.25,100200
BEM41C2612T,20260227,0.23,0.25,0.23,0.25,400300
BGRIM01C2604A,20260227,0.09,0.09,0.09,0.09,30100
BGRIM01C2606T,20260227,0.19,0.2,0.19,0.19,2266500
BGRIM01C2608A,20260227,0.37,0.41,0.37,0.37,3990300
BGRIM13C2603A,20260227,0.01,0.01,0.01,0.01,100000
BGRIM13C2605A,20260227,0.15,0.17,0.15,0.15,10987500
BGRIM13C2607A,20260227,0.4,0.44,0.4,0.4,693700
BGRIM13P2608A,20260227,0.39,0.39,0.37,0.39,5013600
BGRIM19C2605A,20260227,0.17,0.19,0.17,0.17,8948300
BGRIM19C2607A,20260227,0.45,0.46,0.45,0.45,134800
BGRIM41C2605A,20260227,0.13,0.14,0.13,0.13,907600
BGRIM41C2607A,20260227,0.38,0.39,0.36,0.36,300200
BGRIM41C2608T,20260227,0.31,0.32,0.31,0.31,3901300
BH01C2603A,20260227,0.04,0.08,0.04,0.06,14273800
BH01C2605A,20260227,1,1.22,0.92,1.18,2435800
BH01C2607A,20260227,2.06,2.26,1.91,2.26,784800
BH01C2608A,20260227,0.4,0.48,0.37,0.46,11451200
BH01P2607A,20260227,0.09,0.09,0.07,0.07,704800
BH01P2607B,20260227,0.28,0.29,0.24,0.24,9839600
BH01P2608A,20260227,0.58,0.6,0.52,0.52,8841300
BH13C2605A,20260227,0.76,0.9,0.76,0.9,305000
BH13C2607A,20260227,1.79,1.96,1.79,1.96,124200
BH13C2608A,20260227,0.4,0.46,0.36,0.45,32424600
BH13P2607A,20260227,0.07,0.07,0.07,0.07,32000
BH13P2608A,20260227,0.52,0.54,0.47,0.47,16476200
BH19C2603A,20260227,0.08,0.08,0.08,0.08,3600
BH19C2605A,20260227,0.96,1.12,0.96,1.12,2500
BH41C2605A,20260227,0.7,0.87,0.66,0.8,1352700
BH41C2605T,20260227,0.02,0.02,0.02,0.02,100
BH41C2607A,20260227,1.65,1.65,1.65,1.65,43200
BH41C2608A,20260227,0.37,0.41,0.34,0.41,6654800
BH41C2609T,20260227,0.27,0.31,0.26,0.29,4640200
BH41C2611T,20260227,0.85,0.9,0.8,0.89,12743400
BH41P2608A,20260227,0.48,0.48,0.43,0.43,600
BIDU41C2606A,20260227,0.2,0.2,0.2,0.2,147400
BIDU41C2609A,20260227,0.17,0.17,0.17,0.17,11900
BIDU41C2609T,20260227,1.18,1.18,1.18,1.18,1700
BJC01C2605A,20260227,0.1,0.1,0.1,0.1,4600000
BJC01C2608A,20260227,0.35,0.35,0.32,0.34,3827700
BJC13C2605A,20260227,0.11,0.11,0.11,0.11,2668000
BJC13C2607A,20260227,0.41,0.41,0.39,0.4,6999400
BJC19C2612T,20260227,0.52,0.52,0.5,0.5,11323800
BLA01C2607A,20260227,0.36,0.36,0.33,0.33,2073700
BLA13C2607A,20260227,0.39,0.39,0.35,0.35,857900
BLA41C2606T,20260227,0.24,0.24,0.23,0.24,1880300
BTG01C2603A,20260227,0.09,0.1,0.06,0.06,3979300
BTG01C2607A,20260227,0.62,0.62,0.55,0.56,1489000
BTG13C2607A,20260227,0.74,0.74,0.66,0.66,988100
BTG13C2608A,20260227,0.51,0.51,0.45,0.46,7298000
BTS01C2604A,20260227,0.05,0.05,0.05,0.05,500000
BTS01C2608A,20260227,0.19,0.19,0.19,0.19,648800
BTS01C2609T,20260227,0.1,0.1,0.1,0.1,147800
BTS13C2606A,20260227,0.11,0.12,0.09,0.09,1937300
BTS13C2607A,20260227,0.31,0.32,0.28,0.28,8098900
BTS13C2608A,20260227,0.23,0.24,0.21,0.21,5545400
BTS13C2701T,20260227,0.23,0.23,0.22,0.22,2328300
BTS13P2608A,20260227,0.22,0.24,0.22,0.24,1815500
BTS19C2604A,20260227,0.03,0.03,0.03,0.03,10000
BTS19C2605A,20260227,0.17,0.17,0.14,0.14,5033200
BTS41C2607A,20260227,0.27,0.28,0.27,0.28,200400
BTS41C2608A,20260227,0.21,0.21,0.19,0.19,400700
BTS41C2608T,20260227,0.01,0.01,0.01,0.01,100
BTS41C2703T,20260227,0.24,0.24,0.23,0.24,153700
BYDCOM41C2609A,20260227,0.42,0.43,0.42,0.43,400
BYDCOM41P2603A,20260227,0.24,0.24,0.22,0.22,300
CATHAY41C2603A,20260227,0.82,0.84,0.82,0.84,200
CBG01C2605A,20260227,0.15,0.15,0.14,0.14,2788300
CBG01C2607A,20260227,0.35,0.35,0.33,0.33,3129100
CBG01C2610T,20260227,0.19,0.19,0.19,0.19,2022200
CBG01P2607A,20260227,0.35,0.37,0.35,0.37,2097600
CBG13C2604A,20260227,0.03,0.04,0.03,0.03,5934100
CBG13C2607A,20260227,0.3,0.3,0.29,0.29,2427100
CBG13P2605A,20260227,0.16,0.17,0.16,0.17,1137400
CBG19C2604A,20260227,0.12,0.12,0.11,0.11,1280400
CBG19C2607A,20260227,0.31,0.31,0.29,0.29,10250400
CBG41C2607A,20260227,0.29,0.29,0.27,0.27,1260600
CBG41C2612T,20260227,0.17,0.17,0.17,0.17,300
CCET13C2604A,20260227,0.3,0.3,0.3,0.3,33200
CCET13C2607A,20260227,0.27,0.3,0.26,0.3,28803000
CCET19C2607A,20260227,0.29,0.33,0.29,0.33,5907500
CCET41C2609T,20260227,0.17,0.17,0.17,0.17,31100
CENTEL01C2606A,20260227,0.33,0.35,0.33,0.34,1396400
CENTEL13C2605A,20260227,0.42,0.43,0.42,0.43,170000
CENTEL13C2608A,20260227,0.4,0.42,0.39,0.41,10757400
CENTEL19C2607A,20260227,0.36,0.38,0.35,0.37,7192500
CENTEL41C2605A,20260227,0.39,0.39,0.39,0.39,342000
CENTEL41C2606T,20260227,0.33,0.34,0.33,0.34,210300
CENTEL41C2608A,20260227,0.35,0.36,0.35,0.36,100300
CHG13C2608A,20260227,0.35,0.36,0.32,0.32,11489900
CK01C2608A,20260227,0.61,0.69,0.58,0.58,5174900
CK13C2608A,20260227,0.42,0.48,0.39,0.4,16567400
COM701C2604A,20260227,0.24,0.26,0.22,0.22,2680400
COM701C2607A,20260227,0.65,0.69,0.63,0.63,449800
COM701C2607B,20260227,0.12,0.12,0.12,0.12,4329800
COM713C2604A,20260227,0.08,0.09,0.07,0.08,622400
COM713C2605A,20260227,0.34,0.35,0.3,0.3,3716100
COM713C2607A,20260227,0.66,0.66,0.63,0.63,155500
COM713C2608A,20260227,0.18,0.18,0.15,0.15,4844600
COM719C2605A,20260227,0.42,0.45,0.4,0.4,3119400
COM741C2605A,20260227,0.28,0.29,0.25,0.25,600400
COM741C2607A,20260227,0.6,0.6,0.56,0.56,100400
COM741C2608A,20260227,0.14,0.14,0.14,0.14,500
COM741C2609T,20260227,0.37,0.37,0.35,0.35,1260400
CPALL01C2604A,20260227,0.25,0.25,0.19,0.19,2748300
CPALL01C2606T,20260227,0.17,0.17,0.15,0.15,913900
CPALL01C2607A,20260227,0.6,0.6,0.53,0.54,1008600
CPALL01C2608A,20260227,0.26,0.26,0.22,0.22,6908700
CPALL01P2607A,20260227,0.11,0.12,0.11,0.12,1534400
CPALL01P2608A,20260227,0.34,0.39,0.34,0.38,1986100
CPALL13C2604A,20260227,0.17,0.18,0.13,0.13,1659300
CPALL13C2607A,20260227,0.6,0.6,0.53,0.53,31100
CPALL13C2608A,20260227,0.42,0.42,0.36,0.36,5635300
CPALL13C2701T,20260227,0.49,0.49,0.47,0.47,25100
CPALL13P2608A,20260227,0.13,0.14,0.13,0.14,2030400
CPALL19C2604A,20260227,0.29,0.29,0.24,0.25,333000
CPALL19C2612A,20260227,0.37,0.38,0.33,0.34,2995800
CPALL41C2604A,20260227,0.15,0.15,0.12,0.12,100400
CPALL41C2605T,20260227,0.02,0.02,0.02,0.02,15000
CPALL41C2608A,20260227,0.37,0.38,0.32,0.32,1757700
CPALL41C2612T,20260227,0.31,0.31,0.29,0.29,1165600
CPF01C2608A,20260227,0.28,0.29,0.27,0.27,3940800
CPF01C2611T,20260227,0.25,0.26,0.25,0.26,993000
CPF01P2603A,20260227,0.02,0.02,0.01,0.01,162500
CPF01P2608A,20260227,0.48,0.48,0.46,0.47,2021800
CPF13C2604A,20260227,0.05,0.05,0.05,0.05,20000
CPF13C2608A,20260227,0.35,0.37,0.34,0.35,10245400
CPF13P2608A,20260227,0.44,0.44,0.42,0.43,2514200
CPF19C2609T,20260227,0.22,0.22,0.21,0.21,585700
CPF41C2608A,20260227,0.31,0.31,0.29,0.29,1360800
CPF41C2612T,20260227,0.25,0.25,0.25,0.25,500000
CPN01C2604A,20260227,0.61,0.69,0.61,0.67,149000
CPN01C2606T,20260227,0.38,0.4,0.37,0.38,4305300
CPN01C2608A,20260227,0.72,0.77,0.72,0.72,2057900
CPN01P2608A,20260227,0.3,0.3,0.28,0.28,5803600
CPN13C2608A,20260227,0.71,0.76,0.7,0.73,10140500
CPN13P2608A,20260227,0.3,0.3,0.28,0.28,4483100
CPN19C2609T,20260227,0.57,0.58,0.56,0.56,12972800
CPN41C2604A,20260227,0.57,0.6,0.57,0.6,200000
CPN41C2608A,20260227,0.67,0.72,0.66,0.67,1471000
CPN41C2608T,20260227,0.6,0.62,0.59,0.59,2112000
CRC01C2605A,20260227,0.25,0.28,0.22,0.22,8380700
CRC01C2609A,20260227,0.41,0.45,0.39,0.39,4038500
CRC01C2610T,20260227,0.41,0.43,0.39,0.39,7232100
CRC01P2605A,20260227,0.15,0.17,0.14,0.17,5403000
CRC13C2606A,20260227,0.38,0.41,0.34,0.34,21913900
CRC13P2606A,20260227,0.13,0.14,0.13,0.14,1716400
CRC19C2604A,20260227,0.12,0.14,0.1,0.1,3895600
CRC19C2612A,20260227,0.54,0.58,0.52,0.52,14768000
CRC41C2606A,20260227,0.35,0.38,0.33,0.33,2921400
CRC41C2609T,20260227,0.26,0.26,0.26,0.26,980600
DELTA01C2603A,20260227,0.15,0.21,0.15,0.18,17386800
DELTA01C2605A,20260227,1.86,2,1.82,1.92,1419400
DELTA01C2605B,20260227,3.7,4.04,3.7,4.04,21100
DELTA01C2607A,20260227,1.13,1.24,1.11,1.17,3879600
DELTA01C2608A,20260227,0.81,0.9,0.8,0.86,10202400
DELTA01P2603A,20260227,0.01,0.02,0.01,0.02,18400
DELTA01P2605A,20260227,0.21,0.21,0.18,0.19,13709100
DELTA01P2606A,20260227,0.22,0.22,0.19,0.2,1804800
DELTA01P2608A,20260227,0.84,0.84,0.8,0.81,3009900
DELTA13C2603A,20260227,0.05,0.07,0.05,0.05,1539300
DELTA13C2603B,20260227,0.01,0.01,0.01,0.01,121200
DELTA13C2604A,20260227,1.36,1.52,1.27,1.49,6700
DELTA13C2605A,20260227,0.93,1.04,0.93,0.98,9464600
DELTA13C2605B,20260227,2.9,3.1,2.86,3.1,43300
DELTA13C2606A,20260227,1.46,1.59,1.43,1.55,114200
DELTA13C2607A,20260227,0.6,0.67,0.6,0.64,54803000
DELTA13C2607B,20260227,0.77,0.87,0.77,0.82,95501500
DELTA13P2605A,20260227,0.1,0.1,0.08,0.08,14327300
DELTA13P2606A,20260227,0.35,0.35,0.31,0.32,35722500
DELTA19C2604A,20260227,0.41,0.49,0.41,0.45,11761100
DELTA19C2607A,20260227,0.92,1.03,0.92,0.97,17561600
DELTA19P2604A,20260227,0.01,0.02,0.01,0.02,400
DELTA19P2605A,20260227,0.11,0.11,0.1,0.1,8966200
DELTA19P2606A,20260227,0.32,0.32,0.29,0.29,18624000
DELTA19P2607A,20260227,0.7,0.71,0.66,0.68,6990600
DELTA41C2603A,20260227,0.07,0.07,0.07,0.07,100
DELTA41C2603B,20260227,0.02,0.02,0.01,0.01,200
DELTA41C2604A,20260227,1.53,1.53,1.5,1.5,200
DELTA41C2605A,20260227,0.89,0.95,0.89,0.9,300000
DELTA41C2606A,20260227,1.41,1.56,1.41,1.51,400600
DELTA41C2607A,20260227,0.57,0.63,0.57,0.6,4211000
DELTA41C2607B,20260227,0.72,0.8,0.72,0.77,9001000
DELTA41C2608T,20260227,1.86,1.92,1.86,1.91,587100
DELTA41C2612T,20260227,1.26,1.34,1.26,1.3,3220000
DELTA41P2603A,20260227,0.01,0.01,0.01,0.01,100
DELTA41P2605A,20260227,0.08,0.08,0.06,0.07,360900
DJI28P2603A,20260227,0.08,0.08,0.08,0.08,100
DJI41C2606A,20260227,0.68,0.69,0.68,0.69,18100
DJI41P2606A,20260227,0.64,0.64,0.64,0.64,49700
DOHOME01C2604A,20260227,0.22,0.23,0.21,0.21,3468300
DOHOME01C2608A,20260227,0.47,0.47,0.45,0.46,3688100
DOHOME13C2604A,20260227,0.1,0.1,0.09,0.09,704100
DOHOME13C2607A,20260227,0.47,0.49,0.46,0.47,6041300
DOHOME19C2604A,20260227,0.1,0.11,0.1,0.1,2212400
DOHOME41C2604A,20260227,0.09,0.09,0.09,0.09,100000
DOHOME41C2612T,20260227,0.2,0.2,0.2,0.2,10000
EA13C2604A,20260227,0.03,0.05,0.03,0.04,3467400
EA13C2605A,20260227,0.13,0.18,0.13,0.15,18673700
EA13C2607A,20260227,0.29,0.36,0.29,0.32,15397400
EA13C2607B,20260227,0.18,0.22,0.18,0.2,11587200
EA19C2604A,20260227,0.09,0.09,0.08,0.08,805300
EA19C2606A,20260227,0.3,0.37,0.3,0.34,10074200
EA41C2606T,20260227,0.03,0.03,0.03,0.03,500000
EA41C2607B,20260227,0.17,0.19,0.17,0.18,881200
EA41C2609T,20260227,0.3,0.33,0.3,0.31,1979200
EGCO41C2612T,20260227,0.34,0.34,0.34,0.34,132600
ERW01C2608A,20260227,0.48,0.5,0.43,0.47,3028300
ERW01C2611T,20260227,0.46,0.47,0.43,0.45,1872400
ERW13C2608A,20260227,0.45,0.47,0.41,0.44,8001600
ERW41C2611T,20260227,0.62,0.63,0.6,0.61,498700
GLOBAL01C2608A,20260227,0.28,0.29,0.26,0.26,1675600
GLOBAL13C2604A,20260227,0.24,0.24,0.21,0.22,2149900
GLOBAL13C2608A,20260227,0.44,0.45,0.41,0.43,2938400
GLOBAL41C2604A,20260227,0.21,0.22,0.19,0.19,486100
GLOBAL41C2608A,20260227,0.4,0.4,0.37,0.37,1961000
GLOBAL41C2612T,20260227,0.55,0.56,0.54,0.54,2100300
GPSC01C2605A,20260227,0.38,0.41,0.38,0.39,2697400
GPSC01C2608A,20260227,0.31,0.34,0.31,0.32,5159000
GPSC01C2609T,20260227,0.35,0.37,0.35,0.36,2391100
GPSC01P2607A,20260227,0.19,0.19,0.19,0.19,2174800
GPSC01P2608A,20260227,0.39,0.39,0.38,0.39,1541000
GPSC13C2604A,20260227,0.2,0.23,0.2,0.22,10601700
GPSC13C2606A,20260227,0.54,0.55,0.54,0.55,6000
GPSC13C2608A,20260227,0.37,0.4,0.37,0.39,9420600
GPSC13P2608A,20260227,0.44,0.44,0.43,0.43,4116700
GPSC19C2608A,20260227,0.37,0.39,0.37,0.37,6238500
GPSC41C2604A,20260227,0.21,0.21,0.21,0.21,200400
GPSC41C2606T,20260227,0.3,0.3,0.29,0.29,998600
GPSC41C2608A,20260227,0.34,0.35,0.34,0.34,1761600
GPSC41C2703T,20260227,0.44,0.45,0.44,0.44,4480800
GPSC41P2608A,20260227,0.42,0.42,0.41,0.41,200
GULF01C2604A,20260227,0.81,0.85,0.79,0.79,860600
GULF01C2606T,20260227,0.26,0.27,0.26,0.26,1897800
GULF01C2608A,20260227,0.89,0.96,0.89,0.89,1043200
GULF01C2608B,20260227,0.59,0.64,0.59,0.59,4330100
GULF01C2609A,20260227,0.47,0.5,0.46,0.47,7316200
GULF01C2702T,20260227,0.58,0.6,0.57,0.58,2424600
GULF01P2608A,20260227,0.13,0.13,0.12,0.12,1472400
GULF01P2608B,20260227,0.32,0.32,0.3,0.31,2938100
GULF01P2609A,20260227,0.73,0.73,0.7,0.73,1283400
GULF13C2607A,20260227,0.82,0.89,0.82,0.83,1631600
GULF13C2608A,20260227,0.61,0.66,0.6,0.61,50701900
GULF13P2607A,20260227,0.11,0.11,0.09,0.1,1377800
GULF13P2608A,20260227,0.52,0.52,0.5,0.52,10549300
GULF19C2607A,20260227,0.89,0.98,0.86,0.88,5900
GULF19C2607B,20260227,0.52,0.58,0.52,0.52,1496000
GULF41C2604A,20260227,0.99,0.99,0.99,0.99,25500
GULF41C2607A,20260227,0.79,0.83,0.79,0.83,2000
GULF41C2608A,20260227,0.57,0.6,0.55,0.58,1567700
GULF41C2609T,20260227,0.45,0.48,0.45,0.46,275400
GUNKUL01C2608A,20260227,0.35,0.35,0.29,0.29,2041000
GUNKUL13C2608A,20260227,0.47,0.47,0.41,0.41,3697900
GUNKUL13C2608B,20260227,0.27,0.27,0.23,0.26,2142700
HANA01C2604A,20260227,0.09,0.09,0.07,0.07,306800
HANA01C2606A,20260227,0.36,0.37,0.33,0.33,3299000
HANA01C2608A,20260227,0.32,0.33,0.31,0.31,2779000
HANA13C2604A,20260227,0.02,0.02,0.01,0.02,320300
HANA13C2604B,20260227,0.11,0.12,0.09,0.1,15189400
HANA13C2607A,20260227,0.4,0.42,0.38,0.39,14796300
HANA13C2701T,20260227,0.28,0.28,0.26,0.27,2587100
HANA13P2607A,20260227,0.41,0.43,0.41,0.42,7187700
HANA19C2604B,20260227,0.14,0.14,0.12,0.12,3496500
HANA19C2607A,20260227,0.43,0.44,0.4,0.41,8660300
HANA41C2606T,20260227,0.02,0.04,0.02,0.04,200
HANA41C2607A,20260227,0.39,0.39,0.35,0.35,1040000
HANA41C2608T,20260227,0.37,0.37,0.37,0.37,200
HMPRO01C2607A,20260227,0.22,0.24,0.22,0.23,3668000
HMPRO13C2604A,20260227,0.16,0.17,0.16,0.16,6484100
HMPRO13C2608A,20260227,0.33,0.36,0.33,0.34,10363100
HMPRO19C2608A,20260227,0.29,0.31,0.29,0.3,5124100
HMPRO41C2604A,20260227,0.16,0.17,0.16,0.17,300300
HMPRO41C2608A,20260227,0.29,0.31,0.29,0.29,2230400
HMPRO41C2612T,20260227,0.32,0.33,0.31,0.32,2296700
HSI28C2603A,20260227,0.04,0.04,0.03,0.04,3122100
HSI28C2603B,20260227,0.1,0.12,0.1,0.11,7712900
HSI28C2603C,20260227,0.49,0.55,0.49,0.54,41475500
HSI28C2604A,20260227,0.13,0.13,0.13,0.13,387800
HSI28C2604B,20260227,0.32,0.35,0.32,0.34,9021900
HSI28C2604C,20260227,0.69,0.73,0.69,0.73,166600
HSI28C2605A,20260227,0.38,0.41,0.38,0.4,7190500
HSI28P2603B,20260227,0.08,0.08,0.08,0.08,50000
HSI28P2603C,20260227,0.36,0.37,0.33,0.33,35612000
HSI28P2604A,20260227,0.21,0.21,0.21,0.21,200000
HSI28P2604B,20260227,0.41,0.41,0.38,0.38,150400
HSI28P2604C,20260227,0.92,0.93,0.87,0.87,13243900
HSI28P2605A,20260227,0.58,0.58,0.56,0.56,1191700
HSI28P2605B,20260227,0.26,0.26,0.26,0.26,200
HSTECH28C2603A,20260227,0.04,0.04,0.04,0.04,100000
HSTECH28C2606A,20260227,0.39,0.39,0.37,0.38,100200
HSTECH28P2603A,20260227,0.43,0.44,0.42,0.43,2824200
HSTECH28P2606A,20260227,0.51,0.51,0.51,0.51,100
ICHI01C2608A,20260227,0.23,0.25,0.23,0.24,1046800
ICHI13C2608A,20260227,0.23,0.24,0.23,0.24,1926900
ICHI19C2609T,20260227,0.27,0.28,0.27,0.28,65000
IRPC01C2603A,20260227,0.08,0.08,0.08,0.08,10000
IRPC01C2607A,20260227,0.39,0.44,0.39,0.44,2712200
IRPC13C2604A,20260227,0.36,0.36,0.33,0.33,60000
IRPC13C2608A,20260227,0.31,0.36,0.3,0.36,9553400
IRPC19C2609T,20260227,0.28,0.32,0.28,0.32,1840800
IRPC41C2604A,20260227,0.28,0.32,0.27,0.31,200600
IRPC41C2703T,20260227,0.42,0.43,0.41,0.43,700
ITC01C2606T,20260227,0.29,0.29,0.28,0.28,264100
ITC13C2604A,20260227,0.05,0.05,0.05,0.05,220100
ITC13C2608A,20260227,0.36,0.37,0.35,0.35,3838400
ITC19C2609T,20260227,0.32,0.32,0.31,0.31,275100
ITC41C2612T,20260227,0.27,0.27,0.27,0.27,1000000
IVL01C2605A,20260227,1.13,1.29,1.13,1.23,1204200
IVL01C2607A,20260227,0.44,0.51,0.43,0.45,10374800
IVL01C2608A,20260227,0.1,0.1,0.1,0.1,100
IVL01P2607A,20260227,0.24,0.24,0.21,0.23,7651800
IVL01P2608A,20260227,0.46,0.47,0.44,0.46,4012500
IVL13C2603A,20260227,0.01,0.01,0.01,0.01,81000
IVL13C2604A,20260227,0.33,0.44,0.33,0.38,447400
IVL13C2607A,20260227,0.4,0.5,0.4,0.42,36990600
IVL13P2607A,20260227,0.33,0.33,0.29,0.32,8272200
IVL19C2603A,20260227,0.03,0.04,0.03,0.04,200
IVL19C2607A,20260227,0.49,0.58,0.49,0.51,12468700
IVL41C2604A,20260227,0.32,0.43,0.32,0.38,2864600
IVL41C2605T,20260227,0.08,0.08,0.08,0.08,10000
IVL41C2607A,20260227,0.37,0.45,0.37,0.42,3578800
IVL41C2702T,20260227,0.43,0.46,0.43,0.45,1200
JAS13C2604A,20260227,0.03,0.03,0.03,0.03,499800
JAS13C2608A,20260227,0.25,0.26,0.25,0.25,10583500
JAS41C2611T,20260227,0.2,0.2,0.2,0.2,300
JD28C2605A,20260227,0.14,0.14,0.13,0.13,2700
JD41C2606A,20260227,0.16,0.16,0.16,0.16,200
JMART01C2608A,20260227,0.39,0.4,0.38,0.38,4613200
JMART13C2605A,20260227,0.27,0.29,0.26,0.26,9080100
JMART13C2608A,20260227,0.41,0.43,0.39,0.39,6439500
JMART13C2701T,20260227,0.27,0.27,0.27,0.27,100
JMART19C2612A,20260227,0.47,0.48,0.46,0.46,6240800
JMART41C2609T,20260227,0.19,0.19,0.18,0.18,1005400
JMART41C2703T,20260227,0.4,0.4,0.4,0.4,200
JMT01C2605A,20260227,0.48,0.5,0.48,0.48,961000
JMT01C2608A,20260227,0.31,0.33,0.31,0.33,2275700
JMT01C2701T,20260227,0.45,0.46,0.45,0.45,1792800
JMT13C2604A,20260227,0.25,0.25,0.22,0.22,17700
JMT13C2608A,20260227,0.32,0.34,0.31,0.34,4882800
JMT19C2605A,20260227,0.49,0.49,0.49,0.49,10000
JMT19C2608A,20260227,0.29,0.3,0.29,0.29,912000
JMT41C2604A,20260227,0.22,0.22,0.22,0.22,300
JMT41C2608A,20260227,0.29,0.3,0.29,0.3,1389700
JMT41C2611T,20260227,0.18,0.18,0.18,0.18,20400
JMT41C2703T,20260227,0.65,0.65,0.63,0.65,100900
KBANK01C2607A,20260227,0.46,0.52,0.45,0.49,4725200
KBANK01C2608A,20260227,0.21,0.22,0.2,0.21,4499400
KBANK01C2702T,20260227,0.25,0.26,0.25,0.25,1279300
KBANK01P2607A,20260227,0.41,0.42,0.4,0.4,1915800
KBANK13C2603A,20260227,0.01,0.01,0.01,0.01,150600
KBANK13C2607A,20260227,0.19,0.22,0.19,0.2,30593200
KBANK13C2607B,20260227,0.58,0.64,0.56,0.6,7963800
KBANK13P2604A,20260227,0.02,0.02,0.02,0.02,10000
KBANK13P2607A,20260227,0.41,0.42,0.38,0.4,4527300
KBANK19C2604A,20260227,0.12,0.13,0.11,0.12,8960700
KBANK19C2608A,20260227,0.22,0.25,0.22,0.23,11922200
KBANK41C2604T,20260227,1.27,1.27,1.26,1.26,100000
KBANK41C2607A,20260227,0.14,0.17,0.14,0.15,3874500
KBANK41C2607B,20260227,0.54,0.61,0.54,0.57,3226000
KBANK41C2609T,20260227,0.68,0.71,0.68,0.71,1041700
KBANK41P2607A,20260227,0.36,0.36,0.35,0.35,600200
KCE13C2603A,20260227,0.01,0.01,0.01,0.01,400000
KCE13C2606A,20260227,0.24,0.24,0.21,0.22,14369800
KCE13C2607A,20260227,0.43,0.43,0.37,0.4,25128500
KCE13P2608A,20260227,0.79,0.82,0.79,0.8,5931300
KCE19C2605A,20260227,0.25,0.26,0.22,0.24,7955900
KCE41C2606A,20260227,0.22,0.22,0.2,0.21,625500
KCE41C2607A,20260227,0.37,0.37,0.35,0.36,2601600
KCE41C2609T,20260227,0.4,0.4,0.38,0.38,2482500
KKP01C2607A,20260227,0.76,0.81,0.76,0.81,2537500
KKP01P2609A,20260227,0.77,0.77,0.75,0.75,1146100
KKP13C2606A,20260227,0.61,0.66,0.61,0.66,18853700
KKP19C2609T,20260227,0.82,0.85,0.81,0.85,10145700
KTB01C2603A,20260227,0.19,0.21,0.16,0.17,560600
KTB01C2608A,20260227,0.29,0.3,0.27,0.27,3815500
KTB01C2701T,20260227,0.32,0.33,0.31,0.31,5159000
KTB01P2608A,20260227,0.21,0.23,0.21,0.23,1969800
KTB13C2606A,20260227,0.31,0.31,0.3,0.3,2800
KTB13C2608A,20260227,0.26,0.28,0.24,0.24,14010000
KTB13P2608A,20260227,0.19,0.2,0.18,0.2,2499900
KTB19C2609T,20260227,0.41,0.42,0.39,0.39,1122000
KTB41C2606A,20260227,0.26,0.26,0.24,0.24,303300
KTB41C2608A,20260227,0.23,0.23,0.23,0.23,100
KTB41C2612T,20260227,0.45,0.46,0.43,0.43,2346000
KTC01C2604A,20260227,0.1,0.1,0.1,0.1,2961200
KTC01C2607A,20260227,0.4,0.4,0.4,0.4,1669600
KTC01C2608A,20260227,0.24,0.24,0.24,0.24,3377500
KTC01C2609T,20260227,0.27,0.27,0.27,0.27,2901600
KTC01P2608A,20260227,0.37,0.37,0.36,0.36,2129300
KTC13C2604A,20260227,0.12,0.12,0.11,0.12,521900
KTC13C2607A,20260227,0.4,0.41,0.4,0.4,198900
KTC13C2608A,20260227,0.3,0.32,0.3,0.3,5934300
KTC13P2608A,20260227,0.41,0.42,0.4,0.42,1136800
KTC41C2607A,20260227,0.38,0.38,0.38,0.38,55000
KTC41C2608A,20260227,0.28,0.28,0.28,0.28,50100
KTC41C2609T,20260227,0.27,0.27,0.27,0.27,10000
KTC41C2612T,20260227,0.35,0.35,0.35,0.35,300
KUAISH28C2606A,20260227,0.23,0.23,0.22,0.23,1253800
KUAISH28C2607A,20260227,0.11,0.12,0.11,0.11,700500
KUAISH41C2606A,20260227,0.13,0.13,0.12,0.12,200
LH01C2609A,20260227,0.41,0.42,0.41,0.41,1429400
LH13C2608A,20260227,0.45,0.46,0.44,0.45,2374300
M01C2606A,20260227,0.45,0.46,0.36,0.45,6989300
M01C2609A,20260227,0.1,0.1,0.1,0.1,157700
M13C2604B,20260227,0.08,0.08,0.05,0.07,777100
M13C2605A,20260227,0.4,0.42,0.31,0.41,16179800
M13C2607A,20260227,0.35,0.37,0.3,0.37,7025000
M13C2608A,20260227,0.18,0.18,0.15,0.17,1594400
M19C2605A,20260227,0.49,0.51,0.4,0.5,9197500
M19C2609T,20260227,0.13,0.13,0.11,0.11,1557400
M41C2604B,20260227,0.06,0.06,0.06,0.06,200000
M41C2608A,20260227,0.15,0.15,0.15,0.15,100
M41C2612T,20260227,0.35,0.35,0.31,0.32,1600
MEGA01C2702T,20260227,0.27,0.27,0.26,0.26,633500
MEGA13C2608A,20260227,0.23,0.24,0.22,0.24,480400
MEITUA28C2604A,20260227,0.05,0.05,0.05,0.05,1000
MEITUA28C2607A,20260227,0.15,0.15,0.15,0.15,201100
MINT01C2605A,20260227,0.45,0.5,0.42,0.45,464300
MINT01C2608A,20260227,0.18,0.19,0.17,0.18,2825400
MINT13C2607A,20260227,0.22,0.24,0.21,0.21,8069900
MINT13P2606A,20260227,0.21,0.22,0.19,0.22,3340700
MINT19C2607A,20260227,0.21,0.23,0.2,0.21,5633500
MINT41C2607A,20260227,0.19,0.21,0.19,0.19,1707400
MINT41C2612T,20260227,0.17,0.17,0.17,0.17,200100
MTC01C2606A,20260227,0.18,0.18,0.15,0.15,5941300
MTC01C2608A,20260227,0.56,0.6,0.53,0.53,327700
MTC01P2608A,20260227,0.07,0.07,0.07,0.07,600
MTC13C2604A,20260227,0.03,0.03,0.03,0.03,20100
MTC13C2605A,20260227,0.22,0.24,0.2,0.2,3018300
MTC13C2607A,20260227,0.57,0.57,0.54,0.54,15600
MTC13P2607A,20260227,0.24,0.26,0.24,0.26,3919500
MTC19C2605A,20260227,0.3,0.31,0.26,0.26,1872300
MTC19C2607A,20260227,0.26,0.26,0.23,0.23,23903000
MTC41C2605A,20260227,0.21,0.21,0.18,0.18,1320600
MTC41C2611T,20260227,0.21,0.21,0.2,0.2,400
NDX28C2606A,20260227,0.44,0.44,0.43,0.44,5200
NDX28P2603A,20260227,0.15,0.15,0.15,0.15,3000
NDX28P2606A,20260227,0.57,0.57,0.57,0.57,800
NDX41C2603A,20260227,0.03,0.03,0.03,0.03,1002000
NDX41C2606A,20260227,0.56,0.57,0.56,0.57,261800
NDX41P2603A,20260227,0.42,0.43,0.41,0.41,473400
NDX41P2606A,20260227,0.59,0.6,0.59,0.59,38600
NIKKEI28C2603A,20260227,0.89,0.89,0.89,0.89,400
NIKKEI28C2603B,20260227,1.55,1.55,1.55,1.55,4000
NIKKEI28C2606A,20260227,1.82,1.86,1.82,1.86,300
NIKKEI28C2606B,20260227,1.41,1.49,1.41,1.49,4600
NIKKEI28C2606C,20260227,1.05,1.07,1.05,1.07,2300
NIKKEI28C2606D,20260227,0.77,0.83,0.77,0.83,85300
NIKKEI28P2606A,20260227,0.16,0.16,0.16,0.16,2000
NIKKEI28P2606B,20260227,0.32,0.32,0.32,0.32,700
NIKKEI28P2606C,20260227,0.22,0.22,0.22,0.22,100000
NIKKEI28P2606D,20260227,0.44,0.44,0.44,0.44,5000
NIKKEI41C2606B,20260227,1.55,1.67,1.55,1.67,9000
NIKKEI41C2606C,20260227,1.11,1.2,1.11,1.2,747200
NIKKEI41P2606A,20260227,0.47,0.47,0.43,0.43,291500
NIKKEI41P2606B,20260227,0.31,0.31,0.31,0.31,1000
OR01C2606T,20260227,0.05,0.05,0.05,0.05,125000
OR01C2607A,20260227,0.11,0.11,0.1,0.1,3834400
OR01C2608A,20260227,0.21,0.21,0.2,0.2,2011900
OR13C2605A,20260227,0.14,0.14,0.12,0.12,7810100
OR19C2607A,20260227,0.16,0.16,0.16,0.16,2657800
OR41C2605A,20260227,0.13,0.13,0.12,0.12,600
OR41C2605T,20260227,0.03,0.03,0.03,0.03,1000
OR41C2608T,20260227,0.33,0.33,0.31,0.31,1014400
OSP01C2607A,20260227,0.31,0.31,0.26,0.27,2117600
OSP13C2607A,20260227,0.29,0.29,0.24,0.24,2927200
OSP41C2606T,20260227,0.1,0.1,0.1,0.1,18300
OSP41C2607A,20260227,0.22,0.22,0.2,0.2,1062900
PINGAN41C2606A,20260227,0.25,0.25,0.25,0.25,700
PLANB13C2603A,20260227,0.07,0.09,0.05,0.06,2719900
PLANB13C2607A,20260227,0.71,0.72,0.66,0.66,392200
PLANB13C2608A,20260227,0.68,0.7,0.64,0.67,2440300
PLANB13C2608B,20260227,0.24,0.24,0.22,0.23,4956400
PLANB19C2605A,20260227,0.49,0.5,0.43,0.47,3470400
PLANB41C2607A,20260227,0.67,0.68,0.64,0.65,1241200
PLANB41C2608A,20260227,0.63,0.66,0.61,0.63,3642200
PLANB41C2612T,20260227,0.27,0.27,0.25,0.25,1882500
POPMAR41C2605A,20260227,0.46,0.48,0.46,0.47,800
POPMAR41C2609T,20260227,1.05,1.1,1.05,1.09,2000
PR901C2608A,20260227,0.26,0.26,0.24,0.24,2298900
PR913C2605A,20260227,0.19,0.19,0.17,0.18,2640600
PR913C2608A,20260227,0.4,0.4,0.37,0.37,7509000
PR941C2609T,20260227,0.13,0.13,0.13,0.13,145000
PRM01C2702T,20260227,0.28,0.29,0.27,0.29,625000
PRM13C2608A,20260227,0.27,0.31,0.26,0.31,10241100
PRM19C2604A,20260227,0.2,0.25,0.19,0.25,3484400
PRM41C2612T,20260227,0.45,0.46,0.42,0.46,4379300
PTG01C2607A,20260227,0.61,0.61,0.6,0.61,563600
PTG01C2609A,20260227,0.13,0.15,0.13,0.15,1338300
PTG13C2608A,20260227,0.49,0.54,0.48,0.52,7753000
PTG13C2608B,20260227,0.2,0.22,0.19,0.21,5466600
PTG41C2701T,20260227,0.47,0.48,0.47,0.47,4381300
PTT01C2606T,20260227,0.14,0.15,0.14,0.14,2844400
PTT01C2607A,20260227,0.23,0.25,0.23,0.23,3768200
PTT13C2608A,20260227,0.22,0.24,0.21,0.21,26292300
PTT13C2701T,20260227,0.3,0.3,0.3,0.3,4000
PTT13P2608A,20260227,0.31,0.32,0.3,0.32,11885000
PTT41C2606T,20260227,0.32,0.33,0.32,0.32,118200
PTT41C2608A,20260227,0.19,0.19,0.19,0.19,100200
PTTEP01C2606T,20260227,0.73,0.78,0.72,0.78,2256600
PTTEP01C2607A,20260227,0.68,0.75,0.68,0.75,2821300
PTTEP01C2608A,20260227,0.41,0.46,0.41,0.46,5501000
PTTEP01P2607A,20260227,0.22,0.22,0.2,0.2,896400
PTTEP13C2608A,20260227,0.54,0.6,0.54,0.6,9985700
PTTEP13P2607A,20260227,0.16,0.16,0.15,0.15,402100
PTTEP19C2608A,20260227,0.4,0.45,0.4,0.45,2361200
PTTEP41C2604T,20260227,0.02,0.02,0.02,0.02,100
PTTEP41C2608A,20260227,0.5,0.55,0.5,0.55,1781500
PTTEP41C2609T,20260227,0.76,0.78,0.76,0.78,1328500
PTTGC01C2603A,20260227,0.02,0.02,0.02,0.02,20000
PTTGC01C2605A,20260227,0.49,0.56,0.49,0.56,2376400
PTTGC01C2607A,20260227,0.18,0.21,0.18,0.2,9022800
PTTGC01P2607A,20260227,0.22,0.22,0.2,0.2,2828400
PTTGC13C2604A,20260227,0.7,0.71,0.7,0.71,18100
PTTGC13C2607A,20260227,0.27,0.3,0.27,0.3,13383600
PTTGC13P2607A,20260227,0.26,0.26,0.24,0.24,1190600
PTTGC19C2607A,20260227,0.33,0.38,0.33,0.36,2370700
PTTGC41C2607A,20260227,0.27,0.29,0.27,0.29,1019000
PTTGC41C2608T,20260227,0.81,0.81,0.79,0.79,200
PTTGC41C2611T,20260227,0.18,0.2,0.18,0.19,300
PTTGC41C2612T,20260227,0.39,0.4,0.39,0.39,2780600
PTTGC41P2607A,20260227,0.21,0.21,0.2,0.2,600400
RCL01C2608A,20260227,0.25,0.25,0.24,0.24,1206100
RCL13C2604A,20260227,0.18,0.19,0.18,0.19,2322700
RCL13C2608A,20260227,0.26,0.26,0.26,0.26,1000
RCL41C2604A,20260227,0.18,0.18,0.17,0.17,10300
RCL41C2612T,20260227,0.26,0.26,0.26,0.26,300
SAWAD01C2606A,20260227,0.86,0.89,0.83,0.83,2153500
SAWAD01C2607A,20260227,0.21,0.22,0.2,0.2,4530900
SAWAD01P2606A,20260227,0.11,0.11,0.1,0.11,6293000
SAWAD01P2608A,20260227,0.32,0.32,0.31,0.32,2133400
SAWAD13C2604A,20260227,0.05,0.05,0.05,0.05,50000
SAWAD13C2607A,20260227,0.27,0.29,0.26,0.27,10779500
SAWAD13P2608A,20260227,0.28,0.28,0.27,0.28,854100
SAWAD19C2605A,20260227,0.14,0.15,0.13,0.14,4406000
SAWAD19C2608A,20260227,0.41,0.43,0.4,0.4,806800
SAWAD41C2607A,20260227,0.27,0.27,0.27,0.27,300400
SAWAD41C2609T,20260227,0.16,0.16,0.16,0.16,600
SAWAD41C2610T,20260227,0.59,0.59,0.59,0.59,100200
SCB01C2605A,20260227,0.34,0.36,0.34,0.35,1447500
SCB01C2607A,20260227,0.5,0.51,0.5,0.51,1509300
SCB01C2608A,20260227,0.38,0.39,0.38,0.39,2364400
SCB01P2605A,20260227,0.04,0.04,0.04,0.04,40000
SCB01P2607A,20260227,0.36,0.36,0.36,0.36,603700
SCB13C2607A,20260227,0.23,0.24,0.23,0.23,4737600
SCB13C2607B,20260227,0.44,0.46,0.44,0.45,10381700
SCB13P2607A,20260227,0.48,0.48,0.47,0.47,5419800
SCB19C2612T,20260227,0.52,0.53,0.52,0.53,8791000
SCB41C2603A,20260227,0.02,0.02,0.02,0.02,200
SCB41C2607A,20260227,0.19,0.2,0.19,0.19,480400
SCB41C2607B,20260227,0.41,0.43,0.41,0.43,750400
SCB41C2609T,20260227,0.57,0.58,0.57,0.58,120400
SCC01C2605A,20260227,0.67,0.73,0.65,0.71,1325600
SCC01C2607A,20260227,0.37,0.39,0.36,0.38,3842600
SCC01P2605A,20260227,0.07,0.07,0.07,0.07,7000
SCC01P2607A,20260227,0.42,0.43,0.4,0.41,2007600
SCC13C2603A,20260227,0.01,0.01,0.01,0.01,28500
SCC13C2604A,20260227,0.24,0.26,0.24,0.26,22200
SCC13C2607A,20260227,0.51,0.54,0.49,0.51,6432000
SCC13P2607A,20260227,0.39,0.39,0.37,0.38,1533800
SCC19C2607A,20260227,0.41,0.44,0.4,0.42,5024700
SCC41C2604A,20260227,0.24,0.24,0.23,0.23,200
SCC41C2607A,20260227,0.45,0.48,0.44,0.47,643900
SCC41C2611T,20260227,0.31,0.33,0.31,0.31,38400
SCC41C2612T,20260227,0.79,0.81,0.79,0.8,100300
SCC41P2607A,20260227,0.32,0.32,0.31,0.32,60200
SCGP01C2604A,20260227,0.23,0.25,0.22,0.23,3971300
SCGP01C2608A,20260227,0.43,0.45,0.41,0.42,3976000
SCGP01P2604A,20260227,0.02,0.02,0.02,0.02,100
SCGP01P2608A,20260227,0.34,0.35,0.34,0.34,1860400
SCGP13C2603A,20260227,0.01,0.02,0.01,0.01,213900
SCGP13C2607A,20260227,0.38,0.39,0.36,0.37,10824600
SCGP13P2608A,20260227,0.41,0.42,0.4,0.41,1964600
SCGP19C2607A,20260227,0.46,0.47,0.44,0.45,6427600
SCGP41C2606T,20260227,0.26,0.27,0.26,0.26,998200
SCGP41C2607A,20260227,0.34,0.37,0.34,0.35,1043200
SCGP41C2609T,20260227,0.59,0.59,0.59,0.59,1400
SET01C2604A,20260227,2.66,3.08,2.64,2.74,671700
SET01C2605A,20260227,4.06,4.4,4.06,4.14,7900
SET01C2606L,20260227,3.82,3.88,3.82,3.86,400
SET01C2607A,20260227,2.72,3.12,2.68,2.82,1226200
SET01C2607B,20260227,1.03,1.22,1.01,1.08,6803500
SET01P2603T,20260227,0.01,0.01,0.01,0.01,26800
SET01P2604A,20260227,0.01,0.02,0.01,0.02,35100
SET01P2605A,20260227,0.03,0.03,0.02,0.02,797800
SET01P2606L,20260227,0.56,0.58,0.53,0.56,995500
SET01P2607A,20260227,0.15,0.15,0.12,0.13,3430000
SET01P2607B,20260227,0.45,0.47,0.4,0.44,1601100
SET5001C2603F,20260227,1.16,1.44,1.12,1.2,1297000
SET5001C2603G,20260227,2.2,2.28,2.14,2.16,129500
SET5001C2603H,20260227,4.7,4.7,4.4,4.4,75400
SET5001C2603I,20260227,2.82,3.18,2.64,2.64,600
SET5001C2605A,20260227,2.9,3.2,2.9,2.98,80200
SET5001C2606F,20260227,2.42,2.84,2.38,2.46,85200
SET5001C2606G,20260227,1.14,1.35,1.1,1.1,2736900
SET5001C2606H,20260227,0.61,0.74,0.61,0.62,2695100
SET5001C2607A,20260227,1.69,1.92,1.65,1.72,1206400
SET5001C2607B,20260227,0.56,0.67,0.54,0.56,4237600
SET5001P2603F,20260227,0.01,0.01,0.01,0.01,30700
SET5001P2603G,20260227,0.01,0.01,0.01,0.01,15700
SET5001P2603H,20260227,0.01,0.01,0.01,0.01,14000
SET5001P2605A,20260227,0.02,0.02,0.02,0.02,338700
SET5001P2606F,20260227,0.11,0.12,0.11,0.12,219500
SET5001P2606G,20260227,0.29,0.31,0.25,0.29,9419200
SET5001P2606H,20260227,0.72,0.72,0.62,0.7,10447500
SET5001P2607A,20260227,0.1,0.1,0.07,0.09,2109000
SET5001P2607B,20260227,0.48,0.49,0.42,0.47,15179500
SET5013C2603A,20260227,1.67,2.16,1.63,1.69,8314000
SET5013C2603B,20260227,2.56,3.08,2.38,2.54,107600
SET5013C2603C,20260227,3.86,4.66,3.5,3.82,69200
SET5013C2603D,20260227,5.15,6.4,5,5.3,337800
SET5013C2603E,20260227,7.6,9.1,7.35,9.1,3100
SET5013C2603F,20260227,10.4,12,10,10.5,64600
SET5013C2603G,20260227,3.52,4.48,3.52,4.44,15300
SET5013C2606A,20260227,1.97,2.34,1.95,2.02,1644000
SET5013C2606B,20260227,1.35,1.6,1.31,1.37,15250700
SET5013C2606C,20260227,0.98,1.18,0.96,0.99,271428100
SET5013C2606D,20260227,0.81,0.98,0.79,0.83,130009300
SET5013C2606E,20260227,0.62,0.75,0.6,0.63,625580000
SET5013C2606F,20260227,0.48,0.59,0.47,0.49,110692500
SET5013C2606G,20260227,0.4,0.48,0.39,0.41,271702900
SET5013P2603A,20260227,0.02,0.02,0.02,0.02,100
SET5013P2603B,20260227,0.01,0.01,0.01,0.01,20100
SET5013P2603C,20260227,0.01,0.01,0.01,0.01,100
SET5013P2603D,20260227,0.01,0.01,0.01,0.01,100
SET5013P2603E,20260227,0.01,0.01,0.01,0.01,100
SET5013P2603G,20260227,0.02,0.02,0.02,0.02,2100
SET5013P2603K,20260227,0.01,0.01,0.01,0.01,1700
SET5013P2603X,20260227,2.42,2.44,2.24,2.4,101500
SET5013P2606A,20260227,0.12,0.12,0.09,0.11,30956300
SET5013P2606B,20260227,0.14,0.15,0.11,0.14,27832000
SET5013P2606C,20260227,0.23,0.23,0.18,0.22,36153700
SET5013P2606D,20260227,0.35,0.36,0.28,0.34,242066800
SET5013P2606E,20260227,0.52,0.53,0.43,0.51,294925900
SET5013P2606F,20260227,0.71,0.71,0.57,0.68,589405200
SET5019C2603A,20260227,2.24,2.24,2.24,2.24,200
SET5019C2603B,20260227,3.58,3.58,3.58,3.58,500
SET5019C2606A,20260227,1.61,1.8,1.55,1.58,6500
SET5019C2606B,20260227,1.09,1.26,1.06,1.11,4260600
SET5019C2606C,20260227,0.68,0.82,0.68,0.7,45406200
SET5019P2603C,20260227,0.01,0.01,0.01,0.01,2000
SET5019P2606A,20260227,0.1,0.11,0.08,0.11,322100
SET5019P2606B,20260227,0.29,0.3,0.25,0.28,26163800
SET5019P2606C,20260227,0.41,0.42,0.34,0.4,103154300
SET5041C2603A,20260227,1.73,2.04,1.73,2.04,263100
SET5041C2606A,20260227,1.89,1.89,1.89,1.89,100
SET5041C2606B,20260227,1.2,1.47,1.2,1.27,449000
SET5041C2606C,20260227,0.9,1.06,0.9,0.92,5711700
SET5041C2606D,20260227,0.72,0.84,0.69,0.72,54261000
SET5041C2606E,20260227,0.52,0.65,0.48,0.53,48462000
SET5041C2606F,20260227,0.42,0.52,0.41,0.42,90339900
SET5041C2609T,20260227,1.33,1.42,1.33,1.36,10922900
SET5041P2603I,20260227,0.01,0.01,0.01,0.01,100
SET5041P2606A,20260227,0.11,0.11,0.09,0.11,26300
SET5041P2606B,20260227,0.13,0.13,0.13,0.13,1000
SET5041P2606C,20260227,0.16,0.16,0.14,0.16,131400
SET5041P2606D,20260227,0.31,0.31,0.26,0.3,22100
SET5041P2606E,20260227,0.49,0.49,0.4,0.47,1192600
SET5041P2606F,20260227,0.61,0.62,0.51,0.6,71585200
SET5041P2609T,20260227,0.32,0.32,0.3,0.31,18200
SIRI13C2605A,20260227,0.32,0.32,0.3,0.31,7116300
SIRI41C2605A,20260227,0.3,0.3,0.28,0.28,1200800
SISB13C2603A,20260227,0.01,0.01,0.01,0.01,300
SISB13C2607A,20260227,0.25,0.27,0.24,0.26,22716700
SISB19C2612A,20260227,0.46,0.49,0.46,0.48,2750900
SISB41C2611T,20260227,0.18,0.18,0.18,0.18,600
SISB41C2702T,20260227,0.29,0.29,0.29,0.29,1100
SJWD13C2608A,20260227,0.54,0.56,0.51,0.52,4908700
SJWD19C2609T,20260227,0.12,0.12,0.11,0.11,279800
SPALI41C2609T,20260227,0.27,0.27,0.25,0.25,1961700
SPRC01C2607A,20260227,0.36,0.37,0.35,0.36,2312200
SPRC13C2604A,20260227,0.2,0.21,0.2,0.2,2828800
SPRC13C2607A,20260227,0.37,0.39,0.36,0.37,1607600
SPRC41C2604A,20260227,0.19,0.2,0.19,0.19,1841100
SPRC41C2606T,20260227,0.27,0.27,0.27,0.27,500
SPRC41C2607A,20260227,0.34,0.35,0.34,0.34,1181100
SPRC41C2612T,20260227,0.63,0.63,0.62,0.62,50300
SPX28C2603B,20260227,0.33,0.33,0.33,0.33,10000
SPX28C2606A,20260227,0.43,0.43,0.43,0.43,1800
SPX28P2603B,20260227,0.15,0.15,0.15,0.15,1000
SPX41C2603A,20260227,0.08,0.08,0.08,0.08,100000
SPX41C2603B,20260227,0.13,0.13,0.13,0.13,100000
SPX41C2606A,20260227,0.63,0.64,0.63,0.64,800
STA01C2603A,20260227,0.02,0.02,0.02,0.02,1000
STA01C2607A,20260227,0.34,0.34,0.32,0.32,1635100
STA13C2605A,20260227,0.33,0.33,0.31,0.32,1373400
STA13C2608A,20260227,0.37,0.37,0.35,0.35,3702200
STA19C2612A,20260227,0.42,0.42,0.4,0.41,9662300
STA41C2612T,20260227,0.23,0.23,0.23,0.23,200
STGT01C2608A,20260227,0.38,0.39,0.37,0.37,1096600
STGT13C2607A,20260227,0.35,0.36,0.34,0.34,3510200
STGT41C2612T,20260227,0.38,0.38,0.38,0.38,100
TASCO13C2604A,20260227,0.05,0.05,0.05,0.05,2205200
TASCO41C2612T,20260227,0.23,0.23,0.23,0.23,2000
TCAP13C2605A,20260227,0.26,0.26,0.24,0.25,3160700
TENCEN28P2604A,20260227,0.53,0.56,0.53,0.56,400
TENCEN41C2606A,20260227,0.06,0.07,0.06,0.07,6200
TFG13C2604A,20260227,1.12,1.12,1.06,1.12,57200
TFG13C2606A,20260227,0.45,0.47,0.41,0.45,936300
TFG13C2608A,20260227,0.32,0.34,0.32,0.34,4591600
TFG19C2608A,20260227,0.32,0.34,0.32,0.34,2043200
TFG41C2606A,20260227,0.4,0.43,0.4,0.43,550000
TFG41C2612T,20260227,0.71,0.73,0.7,0.72,1013200
TIDLOR01C2605A,20260227,0.09,0.09,0.09,0.09,826400
TIDLOR01C2606A,20260227,0.51,0.52,0.47,0.47,1745200
TIDLOR01C2608A,20260227,0.4,0.41,0.37,0.37,1775200
TIDLOR01C2610T,20260227,0.34,0.34,0.32,0.32,1848500
TIDLOR01P2605A,20260227,0.18,0.2,0.18,0.2,2297800
TIDLOR01P2608A,20260227,0.68,0.71,0.67,0.71,1089100
TIDLOR13C2604A,20260227,0.1,0.1,0.08,0.09,1312100
TIDLOR13C2607A,20260227,0.53,0.54,0.49,0.49,5234500
TIDLOR13C2701T,20260227,0.52,0.52,0.49,0.49,816600
TIDLOR13P2608A,20260227,0.37,0.39,0.37,0.39,2843800
TIDLOR19C2609T,20260227,0.37,0.37,0.35,0.35,665800
TIDLOR19C2612T,20260227,0.76,0.77,0.72,0.72,6244000
TIDLOR41C2607A,20260227,0.5,0.5,0.5,0.5,200
TIDLOR41C2612T,20260227,0.34,0.34,0.32,0.32,55500
TISCO13C2607A,20260227,0.24,0.24,0.22,0.22,3185300
TISCO41C2606T,20260227,0.38,0.38,0.37,0.37,650800
TLI01C2607A,20260227,0.12,0.13,0.12,0.12,3371400
TLI13C2607A,20260227,0.17,0.18,0.16,0.18,264000
TLI41C2606T,20260227,0.1,0.11,0.1,0.11,200
TLI41C2607A,20260227,0.15,0.15,0.15,0.15,200200
TOA01C2702T,20260227,0.41,0.41,0.41,0.41,769800
TOA13C2605A,20260227,0.29,0.3,0.29,0.29,171700
TOP01C2605A,20260227,0.68,0.75,0.68,0.75,600
TOP01C2608A,20260227,0.62,0.7,0.6,0.7,3726800
TOP01C2609A,20260227,0.36,0.41,0.36,0.4,6332400
TOP01C2701T,20260227,0.56,0.59,0.54,0.58,4952800
TOP01P2607A,20260227,0.18,0.19,0.15,0.15,11623600
TOP01P2609A,20260227,0.71,0.74,0.63,0.63,2880200
TOP13C2607A,20260227,0.73,0.73,0.73,0.73,100
TOP13C2608A,20260227,0.49,0.56,0.46,0.56,23661800
TOP13P2607A,20260227,0.14,0.14,0.12,0.12,4017600
TOP41C2606A,20260227,1.01,1.02,1.01,1.02,200
TOP41C2607A,20260227,0.67,0.71,0.67,0.69,400400
TOP41C2608A,20260227,0.45,0.49,0.44,0.48,4502000
TOP41C2609T,20260227,1.43,1.54,1.42,1.54,250400
TOP41C2611T,20260227,0.79,0.85,0.79,0.85,27100
TRIPDC41C2609A,20260227,0.13,0.13,0.12,0.12,11900
TRUE01C2606T,20260227,0.12,0.12,0.11,0.11,561400
TRUE01C2607A,20260227,0.6,0.61,0.58,0.59,1410100
TRUE01C2608A,20260227,0.4,0.4,0.37,0.38,1761700
TRUE01P2607A,20260227,0.12,0.13,0.12,0.13,608900
TRUE01P2608A,20260227,0.49,0.52,0.49,0.5,1072400
TRUE13C2607A,20260227,0.53,0.54,0.49,0.51,102800
TRUE13C2607B,20260227,0.55,0.56,0.53,0.55,2390000
TRUE13C2608A,20260227,0.41,0.41,0.38,0.39,4215400
TRUE13P2607A,20260227,0.13,0.14,0.13,0.14,341900
TRUE19C2607A,20260227,0.6,0.6,0.6,0.6,10000
TRUE19C2608A,20260227,0.37,0.38,0.36,0.37,2348000
TRUE41C2607A,20260227,0.5,0.51,0.47,0.47,750200
TRUE41C2607B,20260227,0.47,0.49,0.47,0.48,10200
TRUE41C2608A,20260227,0.37,0.37,0.37,0.37,200
TRUE41C2612T,20260227,0.39,0.39,0.37,0.38,4604300
TTB01C2605A,20260227,0.14,0.14,0.13,0.13,7069600
TTB01C2608A,20260227,0.19,0.21,0.19,0.19,2145700
TTB13C2607A,20260227,0.22,0.25,0.22,0.23,230000
TTB13C2608A,20260227,0.17,0.18,0.17,0.18,5940900
TU01C2605A,20260227,0.05,0.05,0.05,0.05,1000
TU01C2607A,20260227,0.17,0.17,0.17,0.17,571000
TU01P2605A,20260227,0.15,0.15,0.15,0.15,880800
TU13C2604A,20260227,0.02,0.02,0.02,0.02,600
TU13C2607A,20260227,0.17,0.17,0.16,0.16,4684500
TU13P2608A,20260227,0.29,0.29,0.28,0.29,92200
TU19C2607A,20260227,0.18,0.18,0.17,0.17,827400
TU41C2607A,20260227,0.15,0.15,0.14,0.15,200500
VGI01C2603A,20260227,0.01,0.01,0.01,0.01,1560300
VGI01C2604A,20260227,0.03,0.04,0.03,0.03,288400
VGI01C2606A,20260227,0.23,0.24,0.2,0.2,4265400
VGI01C2608A,20260227,0.4,0.41,0.37,0.37,3305300
VGI13C2604A,20260227,0.02,0.02,0.02,0.02,2877900
VGI13C2605A,20260227,0.18,0.2,0.15,0.16,2911500
VGI13C2607A,20260227,0.38,0.4,0.34,0.37,7047900
VGI13C2608A,20260227,0.28,0.3,0.25,0.26,7912600
VGI19C2607A,20260227,0.47,0.47,0.47,0.47,20000
VGI19C2607B,20260227,0.28,0.3,0.26,0.26,1851500
VGI19C2610T,20260227,0.21,0.22,0.2,0.2,2261600
VGI41C2605A,20260227,0.17,0.18,0.14,0.14,2778700
VGI41C2608A,20260227,0.26,0.26,0.23,0.23,201000
VGI41C2703T,20260227,0.49,0.5,0.47,0.47,960800
WHA01C2608A,20260227,0.46,0.47,0.42,0.44,4020200
WHA01C2610T,20260227,0.74,0.75,0.7,0.72,3925100
WHA01P2608A,20260227,0.55,0.58,0.54,0.57,5744300
WHA13C2603A,20260227,0.12,0.12,0.1,0.1,800
WHA13C2605A,20260227,0.77,0.77,0.75,0.75,12000
WHA13C2608A,20260227,0.55,0.56,0.52,0.53,12956900
WHA13C2701T,20260227,0.62,0.63,0.62,0.63,6100
WHA13P2608A,20260227,0.66,0.69,0.66,0.68,2562500
WHA19C2607A,20260227,0.52,0.52,0.46,0.48,2172300
WHA41C2608A,20260227,0.51,0.52,0.49,0.49,747100
WHA41C2612T,20260227,0.39,0.39,0.38,0.38,30700
WHA41C2701T,20260227,0.58,0.58,0.56,0.56,1052800
XIAOMI28C2606A,20260227,0.12,0.12,0.12,0.12,500
XIAOMI41C2603A,20260227,0.01,0.01,0.01,0.01,350000
XIAOMI41C2609T,20260227,0.52,0.52,0.51,0.51,1800
ZIJIN41C2606A,20260227,0.5,0.51,0.47,0.51,1027000
AAPL01,20260227,25,25.25,24.7,24.9,88513
AAPL03,20260227,2.84,2.86,2.82,2.82,2894
AAPL19,20260227,5.7,5.7,5.65,5.65,16647
AAPL80,20260227,8.5,8.55,8.4,8.4,260161
ABBV19,20260227,7.05,7.05,6.9,7,11750
ABNB06,20260227,4.04,4.28,4.04,4.18,13885
ADBE03,20260227,1.78,1.82,1.78,1.78,51554
ADBE06,20260227,1.98,2.04,1.98,2,222676
ADVANT19,20260227,5.35,5.4,5.35,5.4,84063
ADVANT23,20260227,3.62,3.68,3.6,3.62,1008443
AIA06,20260227,3.42,3.44,3.42,3.44,3093
AIA19,20260227,3.42,3.44,3.42,3.42,5294
AIA23,20260227,2.62,2.7,2.62,2.62,218405
AMD80,20260227,1.32,1.32,1.25,1.26,21051800
AMGN06,20260227,2.96,2.96,2.9,2.94,1277
AMZN01,20260227,19.3,19.3,18.9,19,42565
AMZN06,20260227,1.64,1.64,1.61,1.62,223460
AMZN80,20260227,1.64,1.65,1.6,1.61,5152123
ANTA13,20260227,2.14,2.16,2.12,2.12,26
ANTA23,20260227,2.12,2.18,2.08,2.18,388084
ASEMI24,20260227,2.64,2.66,2.6,2.66,251663
ASML01,20260227,39.75,39.75,36.75,37.5,505130
AVGO80,20260227,2.06,2.06,1.93,1.97,10171416
AXP06,20260227,2.54,2.62,2.54,2.56,25862
BABA01,20260227,13.1,13.1,12.9,13,86067
BABA06,20260227,5.7,5.8,5.7,5.75,64738
BABA13,20260227,2.42,2.42,2.38,2.42,27230
BABA23,20260227,3.84,3.86,3.74,3.78,337204
BABA80,20260227,5.7,5.8,5.7,5.7,4509693
BAC03,20260227,3.22,3.28,3.22,3.24,5346
BDX06,20260227,1.86,1.88,1.83,1.84,241535
BIDU01,20260227,11.3,11.3,11.2,11.3,23903
BIDU06,20260227,4.96,4.96,4.9,4.9,25904
BIDU23,20260227,2.38,2.38,2.34,2.34,335958
BIDU80,20260227,4.94,4.98,4.9,4.94,8016586
BILIBILI01,20260227,4.2,4.28,4.18,4.18,87702
BKNG03,20260227,2.16,2.22,2.16,2.2,47552
BKNG80,20260227,2.56,2.68,2.56,2.62,216795
BLK06,20260227,3.36,3.42,3.32,3.36,11349
BONDAS19,20260227,6.3,6.3,6.3,6.3,33
BRKB80,20260227,1.54,1.56,1.53,1.55,1344555
BYDCOM01,20260227,0.85,0.87,0.85,0.87,121866
BYDCOM80,20260227,0.38,0.38,0.37,0.38,4677599
CATL01,20260227,4.46,4.48,4.4,4.46,1393374
CATL23,20260227,7.85,7.9,7.8,7.9,148702
CATL80,20260227,19.6,19.7,19.4,19.7,176199
CHHONGQ19,20260227,14.4,14.4,14,14.1,114072
CHMOBILE19,20260227,3.16,3.16,3.14,3.16,331054
CHNXT5023,20260227,6.85,6.85,6.8,6.85,19957
CMBANK23,20260227,2.16,2.16,2.16,2.16,109
CN01,20260227,22.2,22.3,21.9,22.2,4993
CN23,20260227,5.6,5.6,5.5,5.5,329
CNBIO24,20260227,1.42,1.42,1.41,1.42,131087
CNEV24,20260227,2.2,2.2,2.16,2.16,323
CNROBOAI23,20260227,2.62,2.66,2.6,2.66,26230
CNSEMI23,20260227,2.72,2.78,2.66,2.78,6490
CNSTAR5023,20260227,7.1,7.1,7.05,7.1,20142
CNTECH01,20260227,26,26.25,25.75,25.75,46124
COSTCO19,20260227,31,31,30.75,30.75,15956
CRM01,20260227,3.18,3.46,3.18,3.4,145123
CRM06,20260227,2.32,2.46,2.32,2.4,88821
CRWD06,20260227,2.26,2.4,2.26,2.36,236424
CRWD80,20260227,11.3,12,11.3,11.9,2226937
CSCO06,20260227,3.04,3.08,3.02,3.02,12700
DBS19,20260227,14.1,14.1,14,14.1,158458
DDOG19,20260227,3.46,3.76,3.46,3.66,26793
DELL19,20260227,3.82,4.26,3.76,4.24,936968
DISNEY19,20260227,16.2,16.5,16.2,16.4,13962
DUOL06,20260227,2.18,2.28,1.76,1.76,581580
E1VFVN3001,20260227,43.25,43.5,43,43,197381
ESTEE80,20260227,1.17,1.18,1.13,1.15,422572
EXPE06,20260227,2.48,2.68,2.46,2.66,170101
FERRARI80,20260227,1.17,1.18,1.15,1.17,164404
FPTVN11,20260227,2.18,2.22,2.18,2.22,88293
FPTVN19,20260227,10.9,11.3,10.9,11.3,258510
FUEVFVND01,20260227,48,48.5,47.75,48.25,375349
GASVN11,20260227,5.1,5.15,5.05,5.1,13644
GEELY06,20260227,2.58,2.6,2.58,2.6,2297
GEELY80,20260227,6.45,6.5,6.4,6.5,11089
GOLD03,20260227,3.7,3.7,3.66,3.7,226430
GOLD19,20260227,14.7,14.8,14.6,14.6,179203
GOLDUS19,20260227,49,49.5,49,49,149981
GOOG80,20260227,4.86,4.88,4.72,4.76,13411703
GOOGL01,20260227,28.5,28.75,27.75,28.25,131286
GOOGL03,20260227,4.84,4.88,4.72,4.8,119774
GRAB80,20260227,13.1,13.3,13,13.3,28532
GSUS06,20260227,4.1,4.16,4.08,4.14,34806
HAIERS19,20260227,10.5,10.7,10.5,10.7,247
HANSOH19,20260227,5.5,5.5,5.5,5.5,1378
HERMES80,20260227,7.6,7.6,7.55,7.6,944
HK01,20260227,21.2,21.4,21.2,21.4,4036
HK13,20260227,5.65,5.7,5.6,5.65,2888
HKCE01,20260227,24,24.2,23.9,24.1,6687
HKEX23,20260227,2.14,2.16,2.12,2.12,13218
HKTECH13,20260227,4.06,4.1,4.06,4.06,48532
HONDA19,20260227,3.14,3.18,3.14,3.14,16518
HOOD06,20260227,2.4,2.48,2.4,2.48,316200
HORIZON23,20260227,2.04,2.08,2.02,2.04,363730
HPG19,20260227,3.52,3.52,3.48,3.48,14551
HSHD23,20260227,6.75,6.8,6.7,6.7,37747
HUAHONG23,20260227,5.4,5.55,5.4,5.5,255186
IBM06,20260227,2.98,3.06,2.96,3.06,367040
ICBC06,20260227,2.5,2.6,2.5,2.6,65147
ICBC19,20260227,2.54,2.58,2.52,2.56,52051
INDIA01,20260227,13.6,13.7,13.5,13.7,79421
INDIAESG19,20260227,4.24,4.26,4.2,4.24,63357
ISRG01,20260227,3.5,3.52,3.46,3.52,418168
ISRG06,20260227,3.16,3.16,3.12,3.16,30123
ISRG19,20260227,3.96,3.96,3.92,3.92,25102
ITOCHU19,20260227,7.6,7.6,7.5,7.55,44761
JAP03,20260227,3.58,3.58,3.54,3.56,557
JAPAN10001,20260227,27.75,28,27.25,27.75,9628
JAPAN13,20260227,4.9,4.98,4.9,4.98,10337
JD80,20260227,4.16,4.16,4.14,4.16,1083590
JDHEAL19,20260227,4.5,4.54,4.48,4.5,86987
JNJ03,20260227,3.82,3.84,3.78,3.8,7684
JPMUS06,20260227,3.14,3.18,3.12,3.14,76204
JPMUS19,20260227,19,19.1,18.9,19.1,2009
KEYENCE23,20260227,2.34,2.36,2.32,2.36,469469
KINGSOFT23,20260227,1.74,1.76,1.7,1.7,146502
KO80,20260227,2.52,2.54,2.5,2.5,74276
KUAISH01,20260227,3.16,3.18,3.1,3.18,1301
KUAISH06,20260227,2.52,2.52,2.48,2.5,210529
KUAISH23,20260227,1.8,1.81,1.76,1.8,9114699
KUAISH80,20260227,2.48,2.52,2.46,2.48,6146867
LENOVO13,20260227,1.99,1.99,1.93,1.94,14989
LLY80,20260227,1.61,1.61,1.57,1.58,3477805
LOREAL80,20260227,1.45,1.47,1.45,1.46,12525
LPGOLD13,20260227,2.9,3.06,2.88,3.02,23591
LULU06,20260227,2.84,2.9,2.84,2.88,98866
LVMH01,20260227,12.6,12.8,12.5,12.5,21061
MA80,20260227,1.58,1.62,1.58,1.6,783749
MEITUAN19,20260227,1.08,1.1,1.07,1.09,205767
MEITUAN80,20260227,3.22,3.28,3.22,3.26,585845
MELI06,20260227,2.22,2.24,2.16,2.18,2948438
META01,20260227,5.9,6,5.9,5.95,137179
META06,20260227,2.54,2.54,2.52,2.54,7569
META80,20260227,2.54,2.58,2.52,2.56,1699806
MICRON01,20260227,8.45,8.45,7.85,8,3983975
MICRON19,20260227,9,9,8.35,8.5,200195
MITSU19,20260227,9.95,10,9.95,9.95,17734
MNSO80,20260227,14.3,14.4,14.2,14.2,705
MNST06,20260227,3.8,3.82,3.76,3.78,106558
MRVL06,20260227,2.52,2.52,2.42,2.46,247865
MS06,20260227,3.58,3.68,3.58,3.64,42864
MSFT01,20260227,3.68,3.72,3.64,3.66,2152393
MSFT06,20260227,3.1,3.16,3.08,3.12,860852
MSFT19,20260227,4.16,4.16,4.14,4.14,312
MSFT80,20260227,6.25,6.35,6.15,6.25,3329630
MSN11,20260227,3.84,3.84,3.8,3.82,2411
MSN19,20260227,3.22,3.22,3.18,3.22,3743
MUFG19,20260227,5.85,5.95,5.85,5.95,17310
MWG11,20260227,4.48,4.48,4.42,4.46,506008
MWG19,20260227,11.2,11.4,11.1,11.2,34582
NDAQ06,20260227,2.62,2.78,2.62,2.74,279959
NDX01,20260227,20.3,20.3,20.2,20.3,43682
NEM06,20260227,3.86,3.96,3.82,3.92,45606
NETEASE80,20260227,7.1,7.15,7.05,7.05,57715
NFLX06,20260227,2.58,2.9,2.58,2.84,47512209
NFLX80,20260227,2.6,2.9,2.58,2.84,26182797
NIKE80,20260227,0.98,1.01,0.98,0.99,363838
NIKKEI80,20260227,12.2,12.3,12.1,12.2,860
NINTENDO19,20260227,18,18.1,17.7,18,55605
NINTENDO23,20260227,1.59,1.62,1.56,1.62,1156854
NONGFU80,20260227,1.86,1.87,1.85,1.87,264980
NOVOB80,20260227,1.19,1.21,1.17,1.19,8994711
NOW19,20260227,3.3,3.42,3.24,3.34,148390
NVDA01,20260227,18.2,18.2,16.9,17,1818162
NVDA03,20260227,4.12,4.14,3.84,3.86,153289
NVDA06,20260227,4.1,4.1,3.82,3.88,731450
NVDA19,20260227,24.6,24.7,22.9,23.2,56143
NVDA80,20260227,30.75,31,28.75,28.75,1674530
OIL03,20260227,2.04,2.12,2.04,2.12,496309
ONON03,20260227,2.92,2.96,2.92,2.94,62813
ORCL01,20260227,2.86,2.96,2.84,2.9,252241
ORCL06,20260227,1.85,1.88,1.81,1.85,4130360
ORCL19,20260227,4.62,4.72,4.52,4.6,407044
PANW80,20260227,4.52,4.68,4.52,4.66,193245
PEP80,20260227,1.05,1.06,1.02,1.04,588915
PETROCN80,20260227,3.74,4.8,3.72,3.74,709
PFIZER19,20260227,16.7,16.9,16.7,16.7,21017
PINGAN01,20260227,6.15,6.2,6.15,6.2,14224
PINGAN80,20260227,2.68,2.72,2.68,2.7,2692269
PLTR01,20260227,3.8,3.88,3.76,3.88,624581
PLTR03,20260227,2.78,2.86,2.76,2.84,166029
PLTR06,20260227,2.78,2.84,2.76,2.82,2000906
POPMART23,20260227,2.14,2.24,2.14,2.24,83854
POPMART80,20260227,8.9,9.15,8.9,9.1,129724
PYPL06,20260227,2.94,2.96,2.78,2.86,292327
QCOM06,20260227,2.24,2.26,2.24,2.26,4814
QQQM19,20260227,15.8,15.8,15.5,15.5,132797
RBLX06,20260227,1.75,1.85,1.75,1.84,1060013
SANOFI80,20260227,2.96,3,2.96,3,86583
SANRIO23,20260227,1.65,1.68,1.65,1.68,12202
SBUX80,20260227,1.52,1.54,1.51,1.51,78615
SEMB19,20260227,4.96,4.98,4.94,4.98,2775
SENSE23,20260227,2.56,2.62,2.54,2.62,769658
SGX19,20260227,4.4,4.48,4.4,4.46,47584
SHOP06,20260227,1.88,1.95,1.88,1.94,6829
SIA19,20260227,17.5,17.6,17.4,17.4,48358
SINGTEL80,20260227,12.3,12.4,12.3,12.4,7818
SINOBIO19,20260227,4.78,4.86,4.78,4.84,16041
SMFG19,20260227,11.9,12,11.8,11.9,37729
SMIC01,20260227,3.88,3.88,3.82,3.88,9157
SMIC13,20260227,1.88,1.91,1.88,1.88,25701
SMIC23,20260227,3.18,3.22,3.18,3.18,3903526
SNOW06,20260227,2.58,2.84,2.58,2.72,717383
SOFTBANK23,20260227,1.54,1.57,1.53,1.56,1714076
SONY80,20260227,3.58,3.62,3.58,3.58,652420
SP50001,20260227,21.7,21.7,21.5,21.7,36330
SP500US19,20260227,12.7,12.7,12.5,12.6,6149
SP500US80,20260227,2.52,2.54,2.5,2.52,153258
SPBOND80,20260227,8.05,8.2,8.05,8.15,97928
SPCOM80,20260227,3.62,3.64,3.62,3.64,1239
SPENGY80,20260227,3.4,3.46,3.38,3.44,91896
SPFIN80,20260227,16.2,16.3,16.1,16.2,43700
SPHLTH80,20260227,4.9,4.9,4.88,4.9,9793
SPOT06,20260227,1.82,1.93,1.82,1.92,339215
SPTECH80,20260227,8.9,8.9,8.75,8.8,1104
STAR5001,20260227,41,41.25,40.75,41.25,17664
STEG19,20260227,23.9,24.6,23.6,24.6,520037
SUNNY19,20260227,2.28,2.32,2.28,2.32,72236
SUSHI23,20260227,3,3.08,2.98,3.08,331085
TAIWAN19,20260227,33.25,33.5,33,33.25,16884
TAIWANAI13,20260227,13.5,13.5,13.4,13.5,24243
TAIWANHD13,20260227,24.9,24.9,24.7,24.9,381
TEL23,20260227,3.24,3.3,3.22,3.24,105524
TENCENT01,20260227,4.68,4.76,4.68,4.7,230242
TENCENT06,20260227,2.08,2.1,2.06,2.1,45358
TENCENT13,20260227,4.3,4.3,4.14,4.16,2485
TENCENT19,20260227,10.5,10.5,10.4,10.4,558
TENCENT80,20260227,20.7,21,20.6,20.7,653723
THAIBEV19,20260227,11.3,11.3,11.1,11.2,66141
TME23,20260227,1.4,1.44,1.4,1.43,4347
TOYOTA80,20260227,7.55,7.6,7.5,7.6,27544
TRIPCOM23,20260227,1.66,1.66,1.63,1.63,62505
TRIPCOM80,20260227,1.63,1.65,1.63,1.65,44945053
TRVUS06,20260227,3.68,3.92,3.68,3.68,633
TSLA01,20260227,38,38,37,37.5,14933
TSLA03,20260227,4.3,4.3,4.22,4.24,5745
TSLA80,20260227,2.58,2.58,2.52,2.52,8969273
UBER06,20260227,2.28,2.36,2.28,2.34,1326276
UBTECH23,20260227,1.92,1.94,1.9,1.91,1021223
UNH19,20260227,4.4,4.58,4.4,4.46,142669
UNIQLO80,20260227,13.8,13.8,13.5,13.5,123875
UOB19,20260227,9.05,9.05,8.95,9,109772
USTR24,20260227,1.14,1.15,1.14,1.14,9296
VCB11,20260227,3.12,3.12,3.1,3.1,9029
VCB19,20260227,7.95,7.95,7.85,7.9,26668
VENTURE19,20260227,3.96,3.96,3.82,3.82,262933
VHM19,20260227,12.9,12.9,12.7,12.9,403
VISA06,20260227,1.22,1.24,1.22,1.23,32437
VISA80,20260227,1.23,1.24,1.22,1.24,971774
VNFIN24,20260227,1.91,1.91,1.89,1.89,3834
VNM19,20260227,8.45,8.45,8.25,8.3,253757
WMT06,20260227,3.88,3.92,3.84,3.84,13665
WORLD03,20260227,3.62,3.62,3.58,3.6,23958
WUXI06,20260227,3.94,4,3.94,3.96,1263937
WUXIAT80,20260227,4.68,4.72,4.68,4.68,72620
XIAOMI01,20260227,3.18,3.22,3.16,3.16,111390
XIAOMI13,20260227,2.98,3,2.96,2.98,4289
XIAOMI19,20260227,7,7,6.95,7,21231
XIAOMI23,20260227,1.69,1.7,1.68,1.68,467899
XIAOMI80,20260227,14,14,13.8,13.9,899753
ZIJIN13,20260227,3.08,3.1,3.04,3.06,1208
ZIJIN80,20260227,17.8,18,17.5,17.8,78572
ACC-W2-O,20260227,0.08,0.08,0.08,0.08,99
ASW-W3-O,20260227,0.84,0.88,0.83,0.83,469
BE8-W1-O,20260227,0.68,0.68,0.57,0.64,10
BWG-W7-O,20260227,0.01,0.06,0.01,0.06,316
CHASE-W1-O,20260227,0.21,0.21,0.21,0.21,90
CHAYO-W4-O,20260227,0.2,0.28,0.12,0.28,695
DEMCO-W8-O,20260227,0.45,0.46,0.1,0.1,232
EA-W1-O,20260227,0.65,0.71,0.61,0.7,533
IMH-W1-O,20260227,0.07,0.07,0.07,0.07,50
IROYAL-W2-O,20260227,1,1.18,1,1.18,100
ITEL-W5-O,20260227,0.08,0.08,0.08,0.08,25
ITEL-W6-O,20260227,0.18,0.19,0.06,0.17,505
JAS-W4-O,20260227,0.33,0.33,0.3,0.31,288
K-W3-O,20260227,0.03,0.03,0.03,0.03,28
KASET-W1-O,20260227,0.09,0.09,0.09,0.09,6
MGI-W1-O,20260227,0.62,0.62,0.62,0.62,36
NER-W2-O,20260227,0.05,0.06,0.04,0.06,300
NOBLE-W3-O,20260227,0.25,0.26,0.25,0.26,349
ORI-W2-O,20260227,0.39,0.4,0.38,0.39,308
PRG-W4-O,20260227,4,4,4,4,20
PRG-W5-O,20260227,3.82,3.82,3.82,3.82,5
PROEN-W2-O,20260227,0.01,0.01,0.01,0.01,50
PROS-W1-O,20260227,0.01,0.01,0.01,0.01,45
PROUD-W3-O,20260227,0.18,0.21,0.18,0.21,56
PSTC-W3-O,20260227,0.01,0.01,0.01,0.01,20
QDC-W3-O,20260227,0.03,0.04,0.01,0.03,577
ROCTEC-W5-O,20260227,0.01,0.01,0.01,0.01,225
TFG-W4-O,20260227,1.83,1.87,1.8,1.8,270
TGE-W2-O,20260227,0.04,0.04,0.04,0.04,50
TNITY-W2-O,20260227,0.26,0.28,0.1,0.27,110
VIBHA-W5-O,20260227,0.05,0.06,0.05,0.06,505
VIH-W1-O,20260227,1.23,1.23,1.23,1.23,36
XBIO-W7-O,20260227,0.01,0.01,0.01,0.01,33
ZIGA-W2-O,20260227,0.01,0.06,0.01,0.06,462
A5-W4,20260227,0.01,0.01,0.01,0.01,500
A5-W5,20260227,0.1,0.11,0.1,0.11,207300
ACC-W2,20260227,0.09,0.1,0.08,0.08,1262900
ASW-W3,20260227,0.84,0.92,0.82,0.84,1461600
B-W8,20260227,0.01,0.01,0.01,0.01,500
BC-W4,20260227,0.06,0.06,0.06,0.06,54600
BE8-W1,20260227,0.63,0.71,0.6,0.63,749200
BIOTEC-W2,20260227,0.01,0.01,0.01,0.01,100
BR-W1,20260227,0.01,0.02,0.01,0.01,275200
BTC-W7,20260227,0.02,0.02,0.02,0.02,202500
BTS-W8,20260227,0.01,0.01,0.01,0.01,122500
BWG-W7,20260227,0.06,0.07,0.06,0.07,2079500
CAZ-W1,20260227,0.71,0.73,0.7,0.73,104500
CEN-W5,20260227,0.01,0.01,0.01,0.01,1122800
CHASE-W1,20260227,0.23,0.24,0.22,0.22,782700
CHAYO-W4,20260227,0.31,0.31,0.27,0.28,10721200
CIG-W10,20260227,0.07,0.07,0.07,0.07,100
CIG-W9,20260227,0.01,0.02,0.01,0.02,10700
COMAN-W1,20260227,0.06,0.06,0.05,0.05,7300
DCON-W4,20260227,0.02,0.03,0.02,0.03,45600
DEMCO-W8,20260227,0.46,0.48,0.46,0.47,1407500
EA-W1,20260227,0.68,0.72,0.68,0.68,11056400
ECF-W6,20260227,0.02,0.02,0.01,0.02,95600
EMC-W7,20260227,0.01,0.01,0.01,0.01,100
EMPIRE-W1,20260227,0.09,0.1,0.09,0.09,554200
EMPIRE-W2,20260227,0.15,0.15,0.14,0.15,63600
GLORY-W1,20260227,0.16,0.16,0.16,0.16,100
HYDRO-W2,20260227,0.09,0.09,0.08,0.09,282800
IMH-W1,20260227,0.07,0.07,0.06,0.06,451900
IROYAL-W1,20260227,1.61,1.63,1.54,1.57,284300
IROYAL-W2,20260227,1.21,1.21,1.1,1.16,265300
ITEL-W5,20260227,0.09,0.1,0.09,0.09,155400
ITEL-W6,20260227,0.19,0.2,0.18,0.19,673100
J-W3,20260227,0.05,0.05,0.04,0.05,91700
J-W4,20260227,0.04,0.06,0.04,0.06,200200
JAS-W4,20260227,0.31,0.32,0.3,0.32,20301300
K-W3,20260227,0.04,0.04,0.03,0.04,17200
KASET-W1,20260227,0.1,0.12,0.1,0.11,661900
KGEN-W2,20260227,0.12,0.13,0.12,0.13,121500
KUN-W3,20260227,0.05,0.06,0.05,0.06,100200
MADAME-W6,20260227,0.1,0.1,0.09,0.09,188700
MGI-W1,20260227,0.64,0.7,0.59,0.65,3293400
NER-W2,20260227,0.06,0.06,0.04,0.05,11481500
NOBLE-W3,20260227,0.26,0.27,0.25,0.25,14982200
NRF-W2,20260227,0.08,0.08,0.06,0.07,254100
ORI-W2,20260227,0.4,0.41,0.38,0.38,902600
PEER-W2,20260227,0.01,0.01,0.01,0.01,2000
PLANET-W2,20260227,0.17,0.25,0.17,0.25,23500
PLANET-W3,20260227,0.33,0.34,0.33,0.34,3600
PPPM-W6,20260227,0.06,0.07,0.06,0.07,500
PRG-W4,20260227,4.3,4.3,4.3,4.3,500
PRG-W5,20260227,4.3,4.3,4.3,4.3,300
PROEN-W2,20260227,0.3,0.3,0.27,0.27,504900
PROS-W1,20260227,0.01,0.01,0.01,0.01,1039800
PROUD-W3,20260227,0.18,0.21,0.17,0.17,12833800
PSTC-W3,20260227,0.04,0.04,0.03,0.04,2730300
PTECH-W1,20260227,0.23,0.23,0.23,0.23,1300
QDC-W3,20260227,0.05,0.05,0.03,0.03,19912900
ROCTEC-W5,20260227,0.01,0.02,0.01,0.01,11852200
SAMTEL-W2,20260227,0.59,0.61,0.55,0.58,98700
SGC-W2,20260227,0.31,0.31,0.3,0.3,123900
TAKUNI-W2,20260227,0.33,0.33,0.32,0.33,300
TCC-W5,20260227,0.17,0.18,0.17,0.18,248700
TEAMG-W1,20260227,0.14,0.14,0.13,0.14,800000
TFG-W4,20260227,1.82,1.9,1.8,1.82,9743100
TGE-W2,20260227,0.05,0.06,0.05,0.06,200400
TNITY-W2,20260227,0.28,0.29,0.26,0.26,209600
TPL-W1,20260227,0.19,0.19,0.19,0.19,5800
TRUBB-W3,20260227,0.28,0.28,0.26,0.26,370500
TVDH-W5,20260227,0.01,0.02,0.01,0.02,5100
UREKA-W3,20260227,0.2,0.21,0.2,0.21,312500
VGI-W3,20260227,0.02,0.03,0.02,0.02,178200
VIBHA-W5,20260227,0.07,0.07,0.06,0.07,4000500
VIH-W1,20260227,1.24,1.38,1.16,1.16,106400
WAVE-W4,20260227,0.01,0.01,0.01,0.01,100
WIIK-W3,20260227,0.01,0.01,0.01,0.01,1300
XBIO-W6,20260227,0.04,0.04,0.03,0.04,27700
XBIO-W7,20260227,0.02,0.02,0.01,0.02,41300
ZIGA-W2,20260227,0.06,0.07,0.06,0.07,167900
!AGRO,20260227,321.74,322.74,319.9,320.54,29733720000
!CONSUMP,20260227,45.87,46.08,45.46,45.63,2620390000
!FINCIAL,20260227,163.42,165.12,162.69,163.19,103306180000
!INDUS,20260227,58.82,59.9,58.61,59.23,26399710000
!PROPCON,20260227,79.46,79.85,79.1,79.46,80356730000
!RESOURC,20260227,171.58,173.69,171.01,171.77,84404960000
!SERVICE,20260227,310.03,313.4,308.06,309.34,155877960000
!TECH,20260227,600.51,618.66,600.51,609.33,67209400000
$AGRI,20260227,197.44,198.39,196.69,197.89,4512760000
$AUTO,20260227,314.27,315.06,311.24,313.22,8323160000
$BANK,20260227,516.43,522.82,514.7,516.54,72130560000
$COMM,20260227,22231.8,22444.7,21974.4,22070,53177280000
$CONMAT,20260227,5806.33,5862.77,5752.64,5797.66,5600400000
$CONS,20260227,40.54,41.17,39.92,40.32,14602090000
$ENERG,20260227,19570.7,19811.4,19505.9,19591.6,84404960000
$ETRON,20260227,30348.5,31544.9,30348.5,31007.7,13947460000
$FASHION,20260227,534.69,540.09,524.38,526.19,645970000
$FIN,20260227,2258.55,2277.01,2234.71,2239.35,27258260000
$FOOD,20260227,8999.96,9029.69,8942.74,8960.46,25220960000
$HELTH,20260227,4837.81,4896.91,4797.85,4865.63,20021060000
$HOME,20260227,15.65,15.75,15.52,15.55,1349610000
$ICT,20260227,239.57,242.99,238.44,240.1,53261940000
$IMM,20260227,18.6,18.7,18.53,18.7,5380890000
$INSUR,20260227,9073.18,9150.41,9019.54,9031.14,3917360000
$MEDIA,20260227,18.02,18.15,17.65,17.79,24478450000
$PAPER,20260227,2194.24,2222.37,2194.24,2194.24,23140000
$PERSON,20260227,75.6,75.9,75.29,75.77,624810000
$PETRO,20260227,566.96,585.26,564.68,576.05,9970430000
$PF&REIT,20260227,137.13,138.19,136.79,138.19,2601970000
$PKG,20260227,2330.74,2346.57,2316.42,2321.4,1762140000
$PROF,20260227,151.06,154.02,150.32,152.27,4491840000
$PROP,20260227,179.81,180.95,178.45,179.52,57552270000
$STEEL,20260227,18.36,18.66,18.34,18.39,939950000
$TOURISM,20260227,487.29,495.96,483.75,486.01,10148440000
$TRANS,20260227,225.18,228.26,223.37,224.95,43560890000
MAI,20260227,232.01,232.24,230.76,231.1,412672908
SET,20260227,1522.56,1545.31,1520.9,1528.26,12311783244
SET100,20260227,2177.08,2209.5,2173.4,2182.04,3904438900
SET50,20260227,1017.19,1032.59,1015.43,1019.53,2575714000
SETHD,20260227,1356.24,1368.64,1352.32,1358.12,1569396900
3BBIF-F,20260227,6.65,6.95,6.65,6.95,5300
ADVANC-F,20260227,379,380,379,380,40100
AOT-F,20260227,54.5,55,54.5,55,2300
BANPU-F,20260227,5.35,5.35,5.35,5.35,500
BBL-F,20260227,180.5,180.5,180.5,180.5,5000
DIF-F,20260227,10,10,10,10,23800
KBANK-F,20260227,201,203,200,202,103100
KTB-F,20260227,34.5,34.75,34.25,34.25,475900
OR-F,20260227,13.5,13.5,13.4,13.4,138700
PTT-F,20260227,37.25,40,37,37,1257400
PTTEP-F,20260227,134.5,134.5,134.5,134.5,400
PTTGC-F,20260227,27.5,28,27.5,27.75,4400
SCB-F,20260227,147.5,148.5,147.5,148.5,3700
TTB-F,20260227,2.34,2.36,2.34,2.34,1017100
TU-F,20260227,12.4,12.5,12.4,12.4,30300
!AGRO-M,20260227,62.33,62.78,61.69,62.37,4156680000
!CONSUMP-M,20260227,13.22,13.36,13.15,13.34,7296490000
!FINCIAL-M,20260227,33.58,33.61,32.88,32.88,591170000
!INDUS-M,20260227,40.4,40.75,40.4,40.7,1970310000
!PROPCON-M,20260227,18.97,18.97,18.52,18.59,3773060000
!RESOURC-M,20260227,16.96,17.06,16.4,16.76,5412900000
!SERVICE-M,20260227,44.59,44.79,44.52,44.62,12834540000
!TECH-M,20260227,20.86,20.94,20.59,20.62,2037900000
SET100FF,20260227,2082.47,2111.29,2078.19,2085.99,390443890000
SET50FF,20260227,976.16,990.21,974.11,978.06,257571400000
SETCLMV,20260227,712.66,718.57,709.37,711.36,164911970000
SETESG,20260227,925.61,935.03,921.85,924.53,319328830000
SETWB,20260227,651.66,657.39,646.19,648.68,85949970000
SSET,20260227,629.68,632.46,627.67,629.41,49015510000
