<TICKER>,<DTYYYYMMDD>,<OPEN>,<HIGH>,<LOW>,<CLOSE>,<VOL>
AAOI03,20260803,1.09,1.14,1.04,1.05,1965784
AAPL01,20260803,30.5,30.5,29.5,30.25,77150
AAPL03,20260803,3.44,3.48,3.36,3.44,1287705
AAPL19,20260803,6.9,6.9,6.75,6.85,54022
AAPL80,20260803,10.4,10.4,10,10.3,2200036
ABBV19,20260803,8.35,8.5,8.3,8.4,37697
ABBV80,20260803,8.35,8.5,8.2,8.45,76359
ABNB06,20260803,5.05,5.15,5.05,5.05,2863
ADBE03,20260803,1.82,1.89,1.81,1.89,994029
ADBE06,20260803,2.06,2.14,2.02,2.14,1974439
ADVANT19,20260803,6.7,6.8,6.65,6.7,216595
ADVANT23,20260803,4.5,4.56,4.46,4.54,264754
ADVANT80,20260803,6.75,6.8,6.6,6.6,1189
AFRM03,20260803,3.1,3.1,2.98,3.02,74570
AIA06,20260803,3.36,3.36,3.28,3.28,22371
AIA19,20260803,3.36,3.38,3.34,3.38,51301
AIA23,20260803,2.58,2.6,2.56,2.6,10380
ALAB01,20260803,4.74,4.92,4.42,4.46,437414
AMAT01,20260803,4.86,4.96,4.66,4.7,1430234
AMAT19,20260803,4.44,4.44,4.24,4.28,18596
AMAT23,20260803,7.05,7.15,6.7,6.75,138220
AMD03,20260803,8.45,8.6,7.9,8,46855
AMD23,20260803,7.05,7.15,6.6,6.65,2111132
AMD80,20260803,3.4,3.46,3.16,3.18,23223308
AMGN06,20260803,3.22,3.22,3.18,3.22,6854
AMKR03,20260803,1.7,1.76,1.66,1.68,331350
AMPX03,20260803,1.64,1.64,1.58,1.64,5643
AMZN01,20260803,26,27.25,25.75,27,235710
AMZN03,20260803,4.44,4.64,4.4,4.62,8900
AMZN06,20260803,2.22,2.32,2.18,2.28,499088
AMZN19,20260803,2.2,2.32,2.18,2.3,219833
AMZN23,20260803,2.94,3.08,2.92,3.06,283855
AMZN80,20260803,2.22,2.32,2.16,2.3,25228957
ANET23,20260803,3.28,3.4,3.28,3.34,354866
ANET80,20260803,5.9,6.1,5.9,6.05,69509
ANTA13,20260803,2,2.02,2,2.02,51
ANTA23,20260803,2.08,2.1,2.04,2.04,8630
APLD03,20260803,3.32,3.36,3.02,3.1,632577
APPL03,20260803,2.28,2.28,2.12,2.22,850692
ASEMI23,20260803,7.1,7.15,7,7.15,215967
ASEMI24,20260803,3.56,3.56,3.5,3.52,755455
ASICS23,20260803,2.98,2.98,2.98,2.98,10
ASML01,20260803,47.25,47.5,45.5,46,245697
ASTS01,20260803,2.72,2.72,2.54,2.66,704085
ASTS03,20260803,2.04,2.04,1.89,1.98,3433045
AVGO23,20260803,2.98,3.04,2.88,2.96,112441
AVGO80,20260803,2.62,2.66,2.54,2.62,2600768
AXP06,20260803,2.82,2.86,2.82,2.84,21589
BABA01,20260803,11.9,12.2,11.9,12.1,249031
BABA06,20260803,5.25,5.35,5.25,5.25,94376
BABA13,20260803,2.14,2.18,2.14,2.16,140483
BABA19,20260803,2.1,2.14,2.1,2.12,660312
BABA23,20260803,3.5,3.56,3.5,3.56,5287970
BABA80,20260803,5.25,5.35,5.25,5.25,26726295
BAC03,20260803,4.14,4.18,4.14,4.18,9592
BDX06,20260803,1.86,1.86,1.81,1.83,187198
BE03,20260803,1.49,1.55,1.36,1.37,2797923
BIDU01,20260803,10.5,10.7,10.5,10.7,76463
BIDU06,20260803,4.64,4.68,4.64,4.68,18301
BIDU23,20260803,2.2,2.24,2.2,2.22,596903
BIDU80,20260803,4.64,4.7,4.64,4.66,13642866
BILIBILI01,20260803,3.02,3.06,3,3.04,355005
BIREN23,20260803,5.25,5.4,5.25,5.3,178307
BKNG03,20260803,2.72,2.72,2.68,2.7,50508
BKNG80,20260803,3.22,3.26,3.18,3.26,403368
BKSY03,20260803,1.26,1.3,1.26,1.3,100902
BLK06,20260803,3.66,3.68,3.6,3.64,1782
BOEING80,20260803,7.35,7.35,7.1,7.3,2184
BONDAS19,20260803,6.5,6.55,6.5,6.55,3405
BONDUS01,20260803,9.75,9.8,9.7,9.8,184196
BRKB23,20260803,5.7,5.75,5.7,5.75,3568
BRKB80,20260803,1.71,1.72,1.7,1.71,1999414
BYDCOM01,20260803,0.92,0.93,0.92,0.92,290901
BYDCOM80,20260803,0.4,0.41,0.39,0.4,9381433
CAMBRI80,20260803,5.2,5.3,5,5.15,475309
CAT19,20260803,5.6,5.6,5.45,5.5,17314
CATL01,20260803,6.05,6.1,6,6.05,730786
CATL23,20260803,10.6,10.7,10.5,10.7,90717
CATL80,20260803,26.5,26.75,26.25,26.5,100418
CBRS03,20260803,1.76,1.78,1.65,1.66,950596
CCJ23,20260803,1.92,1.95,1.77,1.95,136807
CDNS23,20260803,5.65,5.75,5.65,5.75,16904
CEG23,20260803,2.24,2.24,2.18,2.22,352601
CHHONGQ19,20260803,9.8,9.85,9.7,9.8,105830
CHMOBILE19,20260803,3.56,3.6,3.56,3.58,273002
CHMOBILE23,20260803,2.76,2.76,2.74,2.76,41309
CHNXT5023,20260803,7.6,7.7,7.55,7.7,71775
CIEN03,20260803,1.29,1.3,1.26,1.28,164308
CMBANK23,20260803,2.42,2.48,2.38,2.48,45285
CME03,20260803,2.98,3,2.94,2.94,198976
CN01,20260803,23.4,23.5,23.3,23.3,33760
CN23,20260803,5.95,6.1,5.95,6.1,806
CNBIO24,20260803,1.45,1.46,1.43,1.46,90347
CNEV24,20260803,2.14,2.18,2.12,2.18,589
CNRE80,20260803,1.98,1.98,1.94,1.95,13929229
CNROBOAI23,20260803,2.36,2.38,2.32,2.38,52683
CNSEMI23,20260803,3.42,3.46,3.34,3.4,1245763
CNSTAR5023,20260803,8.25,8.3,8.05,8.15,51737
CNTECH01,20260803,26.5,26.5,26.25,26.25,55267
COHR23,20260803,4.46,4.68,4.32,4.38,444487
COHR80,20260803,8.95,9.35,8.65,8.85,46857
COIN01,20260803,3.26,3.26,2.92,3.02,1693278
COIN23,20260803,2.62,2.62,2.36,2.44,113681
COIN80,20260803,5.2,5.2,4.68,4.84,807647
COSTCO19,20260803,31.75,32,31.5,32,11274
COSTCO80,20260803,3.18,3.22,3.16,3.2,46477
CRDO23,20260803,7.25,7.3,6.7,6.95,1093543
CRM01,20260803,3.3,3.5,3.3,3.46,1321504
CRM06,20260803,2.4,2.52,2.38,2.52,82130
CRM80,20260803,6,6.25,5.95,6.25,354034
CRSP03,20260803,3.26,3.26,3.2,3.26,26822
CRWD06,20260803,5,5.2,4.96,5.2,95805
CRWD80,20260803,25.25,26.25,24.8,26.25,733391
CRWV03,20260803,2.6,2.6,2.36,2.42,1210720
CSCO06,20260803,4.78,4.9,4.78,4.84,90382
CYPC80,20260803,14.3,14.5,14.1,14.5,3282
DASH03,20260803,3.3,3.32,3.26,3.3,9787
DBO80,20260803,7.1,7.25,6.7,6.75,17250
DBS19,20260803,19.4,19.4,19.3,19.4,16527
DDOG19,20260803,9.05,9.3,8.95,9.05,430202
DEAM19,20260803,4.1,4.14,4.06,4.14,47634
DELL19,20260803,14,14.4,13.5,13.5,559292
DISCO24,20260803,0.87,0.9,0.87,0.88,101526
DISCO80,20260803,12.9,13.1,12.9,13,3750
DISNEY19,20260803,16.1,16.2,16.1,16.1,38028
DOLLARG80,20260803,4.24,4.3,4.24,4.3,9
DUOL06,20260803,2.76,2.84,2.76,2.82,6158
E1VFVN3001,20260803,42.75,43.25,42.25,42.5,328674
EOSE03,20260803,0.63,0.63,0.55,0.58,25510219
ESTEE80,20260803,0.94,0.95,0.92,0.93,44325
ETN03,20260803,2.36,2.36,2.22,2.34,1273387
ETN23,20260803,6.95,7.1,6.7,7,74228
EXPE06,20260803,3.92,3.98,3.92,3.98,5831
FABRINET03,20260803,1.51,1.51,1.46,1.49,68543
FABRINET23,20260803,3.8,3.9,3.66,3.7,271404
FANUC23,20260803,2.38,2.44,2.34,2.44,264108
FCX23,20260803,2.64,2.66,2.56,2.6,51721
FERRARI80,20260803,1.34,1.34,1.3,1.34,333645
FPTVN11,20260803,1.76,1.83,1.76,1.82,1928434
FPTVN19,20260803,8.85,9.2,8.85,9.15,1733925
FSLR03,20260803,1.81,1.82,1.76,1.79,75255
FTNT03,20260803,2.62,2.74,2.62,2.72,31668
FUEVFVND01,20260803,41,41.75,41,41.75,130339
FWONK06,20260803,4.18,4.18,4.1,4.12,2103
GAC03,20260803,2.02,2.2,1.98,2.2,3479
GANFENG23,20260803,1.6,1.62,1.6,1.61,309970
GANFENG80,20260803,1.63,1.63,1.6,1.6,10
GASVN11,20260803,3.56,3.64,3.54,3.64,6954
GDS23,20260803,1.92,1.95,1.92,1.92,818
GEELY06,20260803,3.36,3.36,3.34,3.34,103201
GEELY80,20260803,8.4,8.45,8.25,8.45,55237
GEV23,20260803,3.12,3.16,2.98,3.02,689674
GEV80,20260803,34.25,34.75,33,33.25,168992
GFS03,20260803,1.47,1.47,1.4,1.4,36541
GIGA23,20260803,6.2,6.25,5.9,6.1,607998
GIGA80,20260803,18.6,18.6,17.7,18,3872
GLW80,20260803,4.8,4.8,4.64,4.74,89222
GOLD03,20260803,3.12,3.14,3.1,3.12,753526
GOLD19,20260803,12.3,12.5,12.3,12.5,237286
GOLDM01,20260803,3.84,3.84,3.8,3.82,1091413
GOLDUS03,20260803,3.12,3.14,3.1,3.1,148553
GOLDUS19,20260803,41.75,41.75,41.25,41.5,274443
GOLDUS80,20260803,12.4,12.5,12.4,12.4,353783
GOOG06,20260803,3.8,4.02,3.8,4,62381
GOOG23,20260803,2.84,3.02,2.84,3,2219854
GOOG80,20260803,5.7,6.05,5.65,6.05,15873227
GOOGL01,20260803,33.5,35.5,33.25,35.25,402962
GOOGL03,20260803,5.7,6,5.7,6,391204
GOOGL19,20260803,5.7,6.05,5.7,6.05,73373
GRAB80,20260803,11.5,11.9,11.5,11.9,48958
GSEMI24,20260803,2.34,2.34,2.28,2.3,112906
GSUS06,20260803,4.96,4.96,4.86,4.88,29368
HAIERS19,20260803,9.15,9.15,9,9.05,88700
HANSOH19,20260803,5.25,5.4,5.25,5.4,3782
HERMES80,20260803,5.95,6.1,5.85,6,163799
HIMS03,20260803,4.58,4.82,4.5,4.7,109698
HITACHI24,20260803,1.39,1.43,1.39,1.43,129707
HK01,20260803,22.4,22.6,22.4,22.4,10261
HK13,20260803,5.8,5.8,5.65,5.7,1108
HKCE01,20260803,25.25,25.25,25,25.25,26731
HKEX23,20260803,2.24,2.24,2.22,2.24,17397
HKTECH13,20260803,4.1,4.16,4.1,4.12,80775
HONDA19,20260803,3.34,3.36,3.3,3.34,70223
HOOD03,20260803,2.92,2.96,2.86,2.92,2424
HOOD06,20260803,2.94,2.98,2.82,2.9,149788
HOOD80,20260803,2.92,2.98,2.82,2.92,353784
HORIZON23,20260803,1.4,1.4,1.35,1.4,1163398
HPG19,20260803,2.82,2.9,2.82,2.88,181253
HSHD23,20260803,6.75,6.8,6.7,6.75,126222
HUAHONG23,20260803,7.85,8,7.7,7.75,1453190
HYGON80,20260803,13.4,13.4,12.9,13.1,6953
IBM06,20260803,2.96,3.04,2.9,3.04,922693
ICBC06,20260803,3.14,3.24,3.14,3.24,19669
ICBC19,20260803,3.18,3.2,3.18,3.2,30722
IFLYTEK80,20260803,2.1,2.14,2.08,2.14,6105
INDIA01,20260803,13.9,14.1,13.9,14,56540
INDIAESG19,20260803,4.3,4.32,4.3,4.32,7131
INFQ03,20260803,1.69,1.69,1.61,1.68,1060
INTEL01,20260803,3.22,3.26,2.98,3.02,1631876
INTEL03,20260803,6.45,6.6,6,6.05,2720716
INTEL19,20260803,3.18,3.26,3,3,1007880
INTEL23,20260803,4.58,4.66,4.28,4.28,436300
IONQ03,20260803,2.52,2.52,2.4,2.48,1354516
IONQ23,20260803,2.5,2.52,2.4,2.46,469739
ISRG01,20260803,2.64,2.64,2.6,2.64,371460
ISRG06,20260803,2.36,2.38,2.34,2.38,16856
ISRG19,20260803,2.94,2.94,2.94,2.94,503
ISRG80,20260803,11.8,11.9,11.7,11.9,3664
ITOCHU19,20260803,7.05,7.1,7,7.05,23506
JAP03,20260803,3.72,3.82,3.72,3.72,41711
JAPAN10001,20260803,30.25,30.75,29.75,30,4456
JAPAN13,20260803,5.7,5.75,5.55,5.75,21098
JCI03,20260803,2.46,2.5,2.44,2.46,972
JD80,20260803,5.45,5.55,5.4,5.45,642242
JDHEAL19,20260803,3.34,3.4,3.32,3.4,371277
JEPI19,20260803,6.45,6.45,6.35,6.45,3596392
JGRO19,20260803,10.2,10.3,10.2,10.3,34989
JLMAG80,20260803,7.2,7.2,7.15,7.15,2905
JNJ03,20260803,4.28,4.34,4.26,4.3,27516
JOBY03,20260803,2.4,2.4,2.38,2.38,57
JPANIME24,20260803,1.39,1.48,1.38,1.38,9250
JPMUS06,20260803,3.94,3.94,3.9,3.92,9861
JPMUS19,20260803,23.6,23.8,23.6,23.8,6311
JPROBOAI24,20260803,1.38,1.47,1.38,1.47,4116
JPSEMI24,20260803,1.4,1.43,1.4,1.43,116257
JTEK19,20260803,10.6,10.7,10.5,10.6,723
KEYENCE23,20260803,3,3.08,2.94,3.04,131001
KINGSOFT23,20260803,1.95,1.99,1.95,1.98,97985
KIOXIA23,20260803,6.5,6.8,6.45,6.5,2828318
KLAC01,20260803,4.18,4.22,4.04,4.06,74155
KLAC19,20260803,3.06,3.14,3.06,3.1,2852
KLAC23,20260803,6.25,6.3,6.05,6.05,33265
KO80,20260803,2.98,2.98,2.92,2.94,135263
KONAMI24,20260803,1.14,1.26,1.14,1.14,10684
KUAISH01,20260803,2.4,2.4,2.36,2.38,21232
KUAISH06,20260803,1.92,1.92,1.89,1.9,4212
KUAISH23,20260803,1.36,1.37,1.36,1.37,6812482
KUAISH80,20260803,1.9,1.92,1.89,1.9,4501426
LENOVO13,20260803,5.3,5.55,5.25,5.4,85414
LITE01,20260803,3.36,3.52,3.18,3.24,5159334
LITE23,20260803,4.92,5.15,4.64,4.74,1120275
LITE80,20260803,2.46,2.54,2.34,2.36,707951
LLY23,20260803,3.88,3.88,3.76,3.88,51353
LLY80,20260803,1.95,1.95,1.88,1.93,5480183
LOREAL80,20260803,1.5,1.52,1.5,1.5,6790
LPGOLD13,20260803,1.39,1.4,1.36,1.39,21496
LRCX01,20260803,4.34,4.42,4.06,4.1,291659
LRCX19,20260803,3.84,3.92,3.76,3.76,21232
LRCX23,20260803,4,4.08,3.76,3.76,218769
LRCX80,20260803,10.4,10.6,9.85,9.85,11706
LULU06,20260803,2,2.02,1.98,2,32825
LVMH01,20260803,11.5,11.7,11.3,11.7,140814
MA80,20260803,1.92,1.92,1.89,1.9,621196
MAOGEP80,20260803,2.38,2.38,2.34,2.38,38326
MEITUAN19,20260803,1.33,1.34,1.32,1.32,141758
MEITUAN23,20260803,2.48,2.48,2.46,2.46,1410200
MEITUAN80,20260803,3.94,4,3.94,3.98,1295811
MELI06,20260803,2.5,2.52,2.46,2.52,346410
MELI23,20260803,6.25,6.35,6.25,6.25,20444
META01,20260803,5.4,5.6,5.35,5.55,948260
META06,20260803,2.3,2.38,2.28,2.36,411894
META23,20260803,2.18,2.26,2.16,2.24,6605090
META80,20260803,2.3,2.38,2.26,2.36,15945817
MICRON01,20260803,19.1,19.5,16.8,17,19014021
MICRON03,20260803,10.2,10.4,9,9.1,235851
MICRON19,20260803,20.4,20.7,18,18.2,944888
MICRON23,20260803,6.1,6.2,5.4,5.45,6875936
MICRON80,20260803,30.5,31.25,26.75,27.25,2686327
MIDEA80,20260803,4.2,4.26,4.12,4.2,1076471
MITSU19,20260803,7.95,8.1,7.95,8.05,57834
MIXUE80,20260803,9.6,9.85,9.5,9.65,985
MKSI03,20260803,2.06,2.06,2,2,4535
MNSO80,20260803,10.8,11,10.7,11,2001
MNST06,20260803,4.66,4.66,4.62,4.62,1994
MONTAGE80,20260803,10.9,10.9,10.5,10.5,113247
MOUTAI80,20260803,6.7,6.8,6.7,6.8,25536
MP23,20260803,4.7,4.8,4.6,4.8,10620
MP80,20260803,14.1,14.1,13.7,14.1,15068
MPWR23,20260803,4.84,5.2,4.72,4.72,278033
MRAM03,20260803,1.01,1.16,0.96,0.98,14946
MRVL06,20260803,6.55,6.7,6.2,6.2,269509
MRVL23,20260803,5.5,5.6,5.2,5.25,739716
MRVL80,20260803,6.55,6.7,6.25,6.35,4064098
MS06,20260803,4.74,4.74,4.7,4.7,10064
MSFT01,20260803,4.4,4.62,4.4,4.62,5943757
MSFT03,20260803,3.02,3.16,3.02,3.14,128477
MSFT06,20260803,3.76,3.92,3.76,3.92,1177452
MSFT19,20260803,5.05,5.25,5.05,5.25,150109
MSFT23,20260803,2.78,2.92,2.78,2.92,871397
MSFT80,20260803,7.5,7.85,7.5,7.85,8824392
MSN11,20260803,3.42,3.48,3.42,3.48,44903
MSN19,20260803,2.9,2.9,2.9,2.9,109
MUFG19,20260803,7.35,7.75,7.35,7.7,60095
MUFG23,20260803,2.92,3.04,2.92,3.04,1201
MWG11,20260803,3.78,3.86,3.78,3.86,28095
MWG19,20260803,9.8,9.9,9.75,9.9,86352
NAURA23,20260803,3.6,3.62,3.5,3.54,109473
NAURA80,20260803,32.25,32.5,31.5,32,42864
NBIS01,20260803,4.06,4.06,3.62,3.74,3963631
NBIS03,20260803,7,7,6.15,6.4,1368958
NBIS23,20260803,6.9,6.9,6.15,6.35,6192193
NBIS80,20260803,6.75,6.85,6.15,6.45,1907018
NDAQ06,20260803,3.18,3.18,3.14,3.14,131569
NDX01,20260803,24.9,25,24.7,24.8,236413
NEE80,20260803,2.94,2.96,2.9,2.92,267243
NEM06,20260803,3.14,3.16,3.1,3.16,16437
NEM23,20260803,1.95,1.98,1.93,1.98,13174
NET03,20260803,4.8,4.92,4.62,4.74,101246
NETEASE80,20260803,8.75,8.85,8.7,8.85,3668
NFLX06,20260803,2.44,2.44,2.38,2.42,42143
NFLX80,20260803,2.42,2.44,2.38,2.4,2019433
NIKE80,20260803,0.71,0.72,0.69,0.71,336207
NIKKEI80,20260803,14,14.1,13.9,14.1,15090
NINTENDO19,20260803,16,16.2,15.9,16.1,46011
NINTENDO23,20260803,1.41,1.44,1.4,1.42,68253
NONGFU80,20260803,1.86,1.87,1.84,1.86,97482
NOVOB80,20260803,1.55,1.6,1.54,1.56,3778681
NOW19,20260803,3.6,3.82,3.56,3.78,7103202
NVDA01,20260803,19.5,19.9,19.3,19.8,667368
NVDA03,20260803,4.44,4.52,4.38,4.48,117341
NVDA06,20260803,4.42,4.5,4.36,4.48,236178
NVDA19,20260803,26.5,27.25,26.25,27,54973
NVDA23,20260803,3.16,3.22,3.12,3.2,2083344
NVDA80,20260803,33,33.75,32.75,33.25,1086657
NVTS03,20260803,3.9,3.92,3.56,3.68,1807735
NVTS23,20260803,3.92,3.92,3.58,3.62,101391
OIL03,20260803,3.38,3.4,3.34,3.36,2330350
OIL24,20260803,17.1,17.1,16.7,16.7,3057
OKLO03,20260803,1.42,1.42,1.31,1.32,187749
OKLO23,20260803,3.52,3.54,3.28,3.3,121377
ON23,20260803,5.7,5.8,5.45,5.5,91450
ONDS03,20260803,2.58,2.58,2.38,2.52,350515
ONON03,20260803,2.46,2.48,2.46,2.48,10314
ORCL01,20260803,2.72,2.76,2.64,2.74,732554
ORCL06,20260803,1.75,1.77,1.68,1.75,955950
ORCL19,20260803,4.4,4.42,4.24,4.38,1063757
ORCL80,20260803,4.38,4.42,4.22,4.42,1306832
OXY03,20260803,1.9,1.9,1.84,1.84,6261
PANW19,20260803,4.4,4.62,4.32,4.62,13851
PANW80,20260803,11.1,11.5,10.7,11.5,48253
PEP80,20260803,0.95,0.95,0.93,0.94,858008
PETROCN80,20260803,4.22,4.22,4.16,4.18,31485
PFIZER19,20260803,16.7,16.9,16.6,16.8,155069
PINGAN01,20260803,5.7,5.7,5.65,5.65,314
PINGAN80,20260803,2.5,2.5,2.46,2.48,852654
PLAB03,20260803,1.16,1.17,1.13,1.17,14813
PLTR01,20260803,3.74,3.84,3.66,3.84,2215894
PLTR03,20260803,2.76,2.82,2.68,2.82,447789
PLTR06,20260803,2.74,2.84,2.68,2.84,406309
PLTR23,20260803,2.16,2.24,2.1,2.24,343371
PNG80,20260803,4.88,4.9,4.8,4.9,58400
POPMART23,20260803,1.63,1.63,1.63,1.63,471
POPMART80,20260803,6.9,6.9,6.8,6.8,68813
PWR03,20260803,2.24,2.3,2.24,2.26,70069
PYPL06,20260803,3.8,3.86,3.8,3.86,3230
QBTS03,20260803,1.54,1.56,1.52,1.54,1681
QCOM06,20260803,2.6,2.6,2.46,2.46,1010149
QQQM19,20260803,19.2,19.2,18.9,19.1,6217369
RBLX06,20260803,1.09,1.1,0.98,1,5584595
REMX03,20260803,2.24,2.3,2.2,2.3,140110
RGTI03,20260803,2.56,2.6,2.48,2.52,325506
RKLB01,20260803,2.22,2.22,2.14,2.18,1164536
RKLB03,20260803,4.48,4.52,4.22,4.34,286164
RKLB23,20260803,1.12,1.12,1.06,1.08,671971
RKLB80,20260803,2.26,2.26,2.1,2.18,3101793
SANOFI80,20260803,2.88,2.92,2.84,2.92,40704
SANRIO23,20260803,1.99,2.02,1.97,2,8024
SANRIO80,20260803,13.6,13.6,13.6,13.6,4770
SBUX80,20260803,1.78,1.81,1.76,1.77,138387
SCHDER80,20260803,11.3,11.4,11.2,11.2,22121
SEAGATE23,20260803,6.25,6.4,5.85,5.9,3192237
SEMB19,20260803,4.8,4.84,4.8,4.8,25157
SENSE23,20260803,1.61,1.62,1.56,1.56,521859
SGX19,20260803,6.35,6.35,6.3,6.35,45748
SHINCHEM19,20260803,2.46,2.52,2.44,2.5,6912
SHINCHEM80,20260803,12.5,12.6,12.4,12.6,10752
SHOP03,20260803,2.74,2.74,2.6,2.64,8036
SHOP06,20260803,2.04,2.06,1.94,1.99,103496
SIA19,20260803,20,20,20,20,1247
SIL03,20260803,2.54,2.54,2.46,2.52,435340
SINGTEL80,20260803,11.5,11.6,11.4,11.5,34032
SINOBIO19,20260803,4.2,4.2,4.16,4.2,22854
SMCI03,20260803,1.91,1.95,1.83,1.9,558248
SMFG19,20260803,13.9,14.3,13.7,14.3,27329
SMIC01,20260803,3.82,3.88,3.74,3.78,294959
SMIC03,20260803,2.68,2.68,2.66,2.66,13840
SMIC13,20260803,1.86,1.87,1.83,1.86,9802
SMIC23,20260803,3.16,3.18,3.08,3.14,3051571
SMR03,20260803,1.47,1.49,1.42,1.42,70860
SNDK03,20260803,11.5,11.7,10,10.1,3080652
SNDK23,20260803,5.65,5.85,4.98,5.05,19371006
SNDK80,20260803,4.52,4.68,3.98,4.04,25417242
SNOW06,20260803,5.05,5.1,4.92,5,158133
SNOW23,20260803,4.62,4.7,4.46,4.58,584320
SOFI23,20260803,5.5,5.55,5.35,5.5,233942
SOFTBANK23,20260803,2.12,2.2,2.12,2.14,580440
SOFTBANK80,20260803,11.1,11.6,11.1,11.2,112738
SONY80,20260803,3.84,3.86,3.8,3.84,104957
SP50001,20260803,25,25.5,25,25.5,63163
SP500US19,20260803,14.7,14.8,14.6,14.7,27996
SP500US80,20260803,2.94,2.96,2.9,2.96,758121
SPACEX01,20260803,2.56,2.56,2.4,2.4,4189435
SPACEX03,20260803,1.28,1.28,1.2,1.21,6783301
SPACEX06,20260803,2.52,2.54,2.4,2.4,107354
SPACEX23,20260803,3.2,3.2,3,3.02,1032167
SPACEX80,20260803,3.82,3.82,3.6,3.62,17029034
SPBOND80,20260803,8.45,8.5,8.4,8.5,94514
SPCOM80,20260803,3.6,3.68,3.58,3.68,13129
SPENGY80,20260803,3.94,3.98,3.86,3.88,45522
SPFIN80,20260803,19,19.1,19,19,2491
SPHLTH80,20260803,5.45,5.45,5.35,5.4,90316
SPOT06,20260803,2.16,2.16,2.06,2.08,28258
SPTECH80,20260803,11.9,11.9,11.6,11.8,36675
STAR5001,20260803,47.75,48,46.75,47.25,244647
STEG19,20260803,26.25,26.75,26.25,26.5,7017
STM03,20260803,1.8,1.81,1.75,1.75,42997
SUNNY19,20260803,2.4,2.42,2.36,2.42,28926
SUNNY80,20260803,2.4,2.4,2.38,2.38,41313
SUSHI23,20260803,3.58,3.58,3.46,3.56,4528015
SYM03,20260803,1.8,1.83,1.75,1.82,240
SYM23,20260803,7.25,7.35,7.05,7.2,10745
SYNP03,20260803,2.52,2.62,2.52,2.62,18228
SYNP23,20260803,5.05,5.3,5.05,5.3,18358
TAIWAN19,20260803,42.75,43,42.5,42.75,9457
TAIWANAI13,20260803,18.5,18.5,18.2,18.5,3654
TAIWANHD13,20260803,33.75,34.5,33.75,34.5,326
TEL23,20260803,4.36,4.38,4.28,4.32,15169
TEL80,20260803,11.5,12,11.5,11.9,7526
TENCENT01,20260803,4.68,4.74,4.68,4.74,575315
TENCENT06,20260803,2.06,2.08,2.02,2.02,17963
TENCENT11,20260803,20.9,20.9,20.9,20.9,201
TENCENT13,20260803,4.14,4.18,4.14,4.18,16101
TENCENT19,20260803,10.3,10.5,10.3,10.5,53897
TENCENT23,20260803,2.32,2.32,2.28,2.28,1308731
TENCENT80,20260803,20.6,20.9,20.6,20.8,1104328
TER01,20260803,4.54,4.64,4.38,4.38,20693
TER23,20260803,6.4,6.6,6.15,6.15,21153
TER80,20260803,12.9,12.9,12.5,12.5,66000
THAIBEV19,20260803,11.9,12,11.9,12,7773
TME23,20260803,1,1,0.99,1,42310
TOYOTA80,20260803,6.35,6.35,6.15,6.35,56384
TRIPCOM23,20260803,1.54,1.58,1.53,1.58,236410
TRIPCOM80,20260803,1.55,1.55,1.54,1.54,2981543
TRVUS06,20260803,5.05,5.05,5,5.05,118066
TSEMI03,20260803,1.64,1.72,1.58,1.58,62835
TSEMI23,20260803,7.5,7.8,7.1,7.1,135855
TSLA01,20260803,31,31,30,31,15994
TSLA03,20260803,3.48,3.52,3.4,3.48,14618
TSLA23,20260803,2.02,2.04,1.95,2.02,279063
TSLA80,20260803,2.1,2.12,2.02,2.1,7360530
UBER06,20260803,2.36,2.38,2.34,2.38,68018
UBTECH23,20260803,1.42,1.45,1.4,1.44,3726049
UNH19,20260803,7.05,7.05,6.9,6.95,29751
UNIQLO80,20260803,16.5,16.9,16.5,16.7,57410
UOB19,20260803,11.1,11.3,11.1,11.2,31560
USAR03,20260803,1.27,1.29,1.21,1.27,177806
USTR24,20260803,1.19,1.19,1.17,1.18,3734
V3011,20260803,8.25,8.35,8.25,8.35,5837
VCB11,20260803,3.04,3.1,3.04,3.08,956974
VCB19,20260803,7.65,7.75,7.65,7.75,34690
VDIAMOND11,20260803,7.6,7.75,7.6,7.75,19728
VENTURE19,20260803,4.16,4.2,4.16,4.16,15302
VGT80,20260803,7.95,8.05,7.75,8.05,4234
VHM19,20260803,18.9,19.2,18.7,19,74833
VICR80,20260803,7.2,7.4,7,7.05,117582
VISA06,20260803,1.53,1.54,1.51,1.52,50047
VISA80,20260803,1.54,1.54,1.51,1.52,1295394
VNFIN24,20260803,1.74,1.78,1.74,1.78,1112
VNM19,20260803,7.8,7.8,7.7,7.7,87929
VRT01,20260803,3.1,3.22,3.02,3.12,359696
VRT23,20260803,2.38,2.48,2.32,2.4,2145852
VRT80,20260803,8.05,8.3,7.85,8.25,449368
VST03,20260803,2.02,2.02,1.98,2.02,22028
VT03,20260803,3.5,3.54,3.46,3.52,131321
WDC03,20260803,2.38,2.42,2.24,2.26,1064095
WMT06,20260803,3.72,3.74,3.7,3.74,59161
WMT80,20260803,3.7,3.76,3.7,3.72,35242
WORLD03,20260803,4.42,4.46,4.42,4.46,16492
WORLDA01,20260803,5.15,5.25,5.1,5.25,202110
WUXI06,20260803,4.14,4.16,4.08,4.16,2655
WUXIAT80,20260803,6.9,7.6,6.85,7,31349
XIAOMI01,20260803,2.68,2.72,2.66,2.72,1229858
XIAOMI13,20260803,2.52,2.56,2.52,2.52,7991
XIAOMI19,20260803,5.9,6,5.85,5.95,139203
XIAOMI23,20260803,1.42,1.45,1.42,1.45,5930175
XIAOMI80,20260803,11.8,12,11.7,11.9,5184418
XPENG03,20260803,2.12,2.16,2.08,2.1,530421
ZAI23,20260803,9.8,10.3,9.55,10.1,179867
ZIJIN13,20260803,2.38,2.42,2.38,2.42,13949
ZIJIN23,20260803,2.18,2.18,2.14,2.14,63118
ZIJIN80,20260803,14.1,14.1,13.8,14,28966
ZJINNO80,20260803,4.48,4.58,4.42,4.46,101664
AAV13C2610A,20260803,0.07,0.07,0.07,0.07,20000
AAV13C2612A,20260803,0.17,0.17,0.17,0.17,300000
AAV13C2701T,20260803,0.06,0.06,0.06,0.06,151100
AAV41C2612A,20260803,0.17,0.17,0.17,0.17,110000
AAV41C2702T,20260803,0.16,0.16,0.16,0.16,20000
ADVANC01C2608A,20260803,0.01,0.01,0.01,0.01,40000
ADVANC01C2609A,20260803,0.07,0.07,0.07,0.07,510000
ADVANC01C2610A,20260803,0.3,0.3,0.27,0.28,4581500
ADVANC01C2701A,20260803,0.53,0.53,0.48,0.48,3024200
ADVANC01C2701T,20260803,0.58,0.58,0.55,0.55,3246900
ADVANC01P2609A,20260803,0.12,0.12,0.12,0.12,100
ADVANC01P2701A,20260803,0.56,0.59,0.56,0.59,3233700
ADVANC13C2609A,20260803,0.05,0.05,0.05,0.05,609000
ADVANC13C2610A,20260803,0.31,0.31,0.25,0.26,5900500
ADVANC13C2701A,20260803,0.54,0.54,0.48,0.49,7167800
ADVANC13C2701T,20260803,0.33,0.33,0.32,0.32,2697000
ADVANC13P2611A,20260803,0.29,0.31,0.29,0.31,3153300
ADVANC19C2611A,20260803,0.36,0.36,0.33,0.34,3580200
ADVANC41C2610A,20260803,0.28,0.28,0.25,0.26,2985300
ADVANC41C2701T,20260803,0.27,0.27,0.25,0.25,3731100
AEONTS01C2612A,20260803,0.42,0.46,0.42,0.45,4576900
AEONTS13C2608A,20260803,0.01,0.01,0.01,0.01,400100
AEONTS13C2612A,20260803,0.44,0.49,0.44,0.48,3787700
AIA41C2609A,20260803,0.13,0.13,0.13,0.13,200
ALIHEA41C2610A,20260803,0.06,0.06,0.06,0.06,33000
AMATA01C2608A,20260803,1.61,1.61,1.61,1.61,100
AMATA01C2610A,20260803,1.03,1.03,0.91,0.91,357300
AMATA01C2612A,20260803,0.19,0.19,0.16,0.17,2962500
AMATA01C2706T,20260803,0.43,0.43,0.41,0.41,615000
AMATA01P2610A,20260803,0.1,0.1,0.09,0.09,80400
AMATA01P2612A,20260803,0.35,0.37,0.35,0.36,1850300
AMATA13C2608A,20260803,1.3,1.3,1.3,1.3,200
AMATA13C2611A,20260803,0.22,0.22,0.21,0.21,8369200
AMATA13P2610A,20260803,0.06,0.06,0.06,0.06,400000
AMATA19C2610B,20260803,0.23,0.23,0.22,0.22,651300
AMATA19C2612A,20260803,0.21,0.21,0.18,0.18,9203500
AMATA41C2611A,20260803,0.22,0.22,0.2,0.2,2333100
AMATA41C2702T,20260803,0.23,0.23,0.22,0.22,3900000
AMATA41P2610A,20260803,0.05,0.06,0.05,0.06,200
AOT01C2609A,20260803,0.31,0.33,0.31,0.32,4535800
AOT01C2612A,20260803,0.33,0.35,0.33,0.33,3961300
AOT01C2705T,20260803,0.48,0.49,0.48,0.48,1392500
AOT01P2612A,20260803,0.34,0.34,0.33,0.34,1091100
AOT13C2608A,20260803,0.01,0.01,0.01,0.01,2000
AOT13C2611A,20260803,0.36,0.39,0.35,0.36,6110400
AOT13C2704T,20260803,0.37,0.38,0.37,0.37,2554400
AOT13P2611A,20260803,0.2,0.2,0.19,0.19,681600
AOT19C2611A,20260803,0.41,0.44,0.41,0.42,6111800
AOT41C2609T,20260803,0.69,0.71,0.68,0.69,4600000
AOT41C2611A,20260803,0.34,0.36,0.34,0.34,3510000
AOT41C2706T,20260803,0.41,0.42,0.4,0.4,3500000
AP13C2612A,20260803,0.28,0.28,0.28,0.28,571700
AWC01C2701A,20260803,0.31,0.34,0.3,0.34,2401600
AWC01C2703T,20260803,0.43,0.45,0.43,0.45,4480700
AWC01P2701A,20260803,0.23,0.23,0.21,0.21,2749200
AWC13C2611A,20260803,0.46,0.5,0.46,0.5,64000
AWC13C2701A,20260803,0.31,0.34,0.31,0.34,11759800
AWC13C2701T,20260803,0.45,0.45,0.45,0.45,400
AWC13C2704T,20260803,0.3,0.32,0.3,0.32,2745500
AWC13P2612A,20260803,0.2,0.2,0.18,0.18,3304100
AWC41C2609T,20260803,0.36,0.4,0.36,0.4,12300100
AWC41C2611A,20260803,0.45,0.49,0.45,0.49,1050000
AWC41C2706T,20260803,0.35,0.36,0.35,0.36,6800000
BA01C2611A,20260803,0.54,0.56,0.5,0.55,3256700
BA01C2612A,20260803,0.36,0.37,0.33,0.36,6900000
BA01C2706T,20260803,0.41,0.42,0.4,0.41,2050700
BA01P2612A,20260803,0.2,0.21,0.19,0.19,6346400
BA13C2611A,20260803,0.48,0.5,0.45,0.49,24633800
BA13P2611A,20260803,0.15,0.16,0.15,0.15,4718000
BA19C2609A,20260803,0.67,0.67,0.67,0.67,500
BA19C2611A,20260803,0.48,0.5,0.44,0.49,4114000
BA41C2608A,20260803,0.43,0.43,0.35,0.35,129100
BA41C2611T,20260803,0.38,0.39,0.36,0.39,20228800
BABA28C2609A,20260803,0.11,0.11,0.1,0.11,1458000
BABA28C2612A,20260803,0.87,0.87,0.87,0.87,3500
BABA41C2609T,20260803,0.32,0.34,0.32,0.33,23200
BABA41C2610A,20260803,0.34,0.34,0.32,0.34,11500
BABA41C2612A,20260803,0.19,0.2,0.19,0.19,138300
BABA41C2701T,20260803,0.49,0.51,0.49,0.51,96100
BABA41P2609A,20260803,0.16,0.16,0.15,0.15,10100
BABA41P2612A,20260803,0.13,0.14,0.13,0.13,34200
BAM01C2612A,20260803,0.23,0.23,0.23,0.23,505200
BAM13C2608A,20260803,0.01,0.01,0.01,0.01,42000
BAM13C2610A,20260803,0.12,0.12,0.11,0.12,908200
BAM13C2701A,20260803,0.24,0.24,0.24,0.24,990700
BAM19C2612T,20260803,0.15,0.15,0.15,0.15,710800
BAM41C2612T,20260803,0.23,0.23,0.23,0.23,5000
BBL13C2608A,20260803,0.07,0.07,0.04,0.05,355700
BBL13C2611A,20260803,0.56,0.57,0.56,0.57,55700
BBL13C2612A,20260803,0.45,0.45,0.42,0.44,14413000
BBL13C2612B,20260803,0.15,0.16,0.15,0.16,1569300
BBL13C2704T,20260803,0.48,0.49,0.48,0.48,1355800
BBL13P2611A,20260803,0.25,0.25,0.24,0.24,719400
BBL19C2612T,20260803,0.7,0.72,0.7,0.7,265400
BBL19C2703A,20260803,0.24,0.24,0.24,0.24,16450900
BBL41C2609T,20260803,0.72,0.75,0.72,0.73,1600000
BBL41C2612A,20260803,0.4,0.42,0.4,0.41,3600000
BBL41C2612B,20260803,0.14,0.14,0.14,0.14,2700000
BBL41C2706T,20260803,0.48,0.49,0.48,0.49,3300000
BCH01C2612A,20260803,0.13,0.13,0.13,0.13,207600
BCH13C2610A,20260803,0.3,0.34,0.3,0.34,500
BCH13C2612A,20260803,0.18,0.21,0.18,0.21,1255000
BCH41C2703T,20260803,0.19,0.2,0.19,0.2,700000
BCP01C2610A,20260803,0.35,0.4,0.34,0.4,1623500
BCP01C2612A,20260803,0.59,0.65,0.59,0.65,698300
BCP01C2701A,20260803,0.34,0.37,0.34,0.37,2340400
BCP01C2707T,20260803,0.29,0.31,0.29,0.31,2179500
BCP01P2701A,20260803,0.5,0.5,0.47,0.47,1445200
BCP13C2608B,20260803,0.01,0.01,0.01,0.01,271000
BCP13C2611A,20260803,0.64,0.64,0.64,0.64,2000
BCP13C2612A,20260803,0.39,0.43,0.39,0.43,5893800
BCP13P2701A,20260803,0.48,0.49,0.45,0.45,3910400
BCP41C2609T,20260803,0.19,0.21,0.19,0.21,3200000
BCP41C2611A,20260803,0.58,0.61,0.57,0.61,1050000
BCP41C2612A,20260803,0.37,0.41,0.37,0.41,7200000
BCP41C2706T,20260803,0.48,0.5,0.48,0.5,10300000
BCPG01C2611A,20260803,0.25,0.26,0.24,0.24,4712100
BCPG13C2611A,20260803,0.28,0.29,0.27,0.27,1708200
BCPG19C2609A,20260803,0.09,0.09,0.08,0.08,872000
BCPG41C2610A,20260803,0.1,0.1,0.09,0.09,3240000
BDMS01C2611A,20260803,0.22,0.24,0.22,0.24,3064300
BDMS01C2706T,20260803,0.3,0.3,0.3,0.3,260000
BDMS01P2612A,20260803,0.26,0.26,0.24,0.24,1276000
BDMS13C2608B,20260803,0.01,0.01,0.01,0.01,59200
BDMS13C2610A,20260803,0.17,0.19,0.17,0.19,501700
BDMS13C2701T,20260803,0.16,0.17,0.16,0.17,2580800
BDMS19C2608A,20260803,0.01,0.01,0.01,0.01,12000
BDMS19C2611A,20260803,0.22,0.25,0.22,0.25,655100
BDMS19C2701A,20260803,0.21,0.23,0.21,0.23,377800
BDMS41C2609T,20260803,0.02,0.02,0.02,0.02,1900
BDMS41C2610A,20260803,0.16,0.18,0.16,0.18,2156000
BDMS41C2612T,20260803,0.13,0.13,0.13,0.13,518000
BEM01C2608A,20260803,0.01,0.01,0.01,0.01,14100
BEM01C2612A,20260803,0.29,0.29,0.28,0.28,124100
BEM13C2612A,20260803,0.25,0.25,0.23,0.23,116700
BEM19C2611A,20260803,0.28,0.28,0.28,0.28,160000
BEM41C2612T,20260803,0.26,0.26,0.26,0.26,450000
BGRIM01C2608A,20260803,0.16,0.17,0.13,0.13,33000
BGRIM01C2609A,20260803,0.72,0.74,0.66,0.66,901400
BGRIM01C2612A,20260803,0.4,0.4,0.38,0.38,6885200
BGRIM01C2706T,20260803,0.46,0.46,0.45,0.45,1845800
BGRIM01P2701A,20260803,0.61,0.64,0.61,0.64,2109800
BGRIM13C2611A,20260803,0.64,0.64,0.64,0.64,600
BGRIM13C2611B,20260803,0.41,0.42,0.38,0.38,9355300
BGRIM13C2704T,20260803,0.36,0.36,0.35,0.35,2609600
BGRIM13P2612A,20260803,0.38,0.39,0.38,0.39,1486800
BGRIM19C2611A,20260803,0.46,0.46,0.43,0.43,1926900
BGRIM19C2612A,20260803,0.33,0.34,0.31,0.31,4440300
BGRIM41C2611A,20260803,0.65,0.66,0.61,0.61,1212000
BGRIM41C2701T,20260803,0.81,0.81,0.78,0.78,780100
BGRIM41C2706T,20260803,0.39,0.39,0.38,0.38,3300000
BH01C2608A,20260803,0.01,0.01,0.01,0.01,703400
BH01C2609A,20260803,0.22,0.24,0.22,0.22,3613600
BH01C2609B,20260803,0.32,0.35,0.31,0.32,4790300
BH01C2612A,20260803,0.67,0.69,0.65,0.67,5255500
BH01C2705T,20260803,0.59,0.6,0.59,0.59,1085900
BH01P2611A,20260803,0.22,0.22,0.21,0.21,2063700
BH01P2612A,20260803,0.62,0.62,0.6,0.61,4600400
BH13C2608B,20260803,0.01,0.01,0.01,0.01,10200
BH13C2610A,20260803,0.37,0.39,0.36,0.38,8859500
BH13P2611A,20260803,0.22,0.22,0.22,0.22,770500
BH19C2608A,20260803,0.01,0.01,0.01,0.01,4400
BH19C2610A,20260803,0.35,0.38,0.34,0.36,3059500
BH41C2610A,20260803,0.37,0.39,0.36,0.37,12000000
BH41C2611T,20260803,0.58,0.6,0.57,0.58,9015000
BIDU28C2610A,20260803,0.1,0.1,0.1,0.1,200000
BIDU28C2612A,20260803,0.44,0.45,0.43,0.44,1413800
BIDU41C2609A,20260803,0.11,0.11,0.11,0.11,100
BIDU41C2609T,20260803,0.68,0.69,0.67,0.67,33500
BIDU41C2610A,20260803,0.32,0.33,0.32,0.32,72100
BIDU41P2612A,20260803,0.27,0.27,0.27,0.27,100
BILIBI41C2610A,20260803,0.16,0.17,0.16,0.17,109600
BJC01C2703T,20260803,0.27,0.28,0.27,0.28,678600
BJC13C2610A,20260803,0.24,0.26,0.23,0.26,7162000
BJC13C2701A,20260803,0.33,0.34,0.32,0.34,6690700
BJC19C2612T,20260803,0.34,0.35,0.34,0.35,4605000
BJC41C2610A,20260803,0.22,0.23,0.22,0.23,2640600
BLA01C2609A,20260803,0.55,0.58,0.51,0.51,265400
BLA01C2612A,20260803,0.11,0.11,0.11,0.11,100000
BLA01P2612A,20260803,0.22,0.23,0.21,0.22,1691200
BLA13C2611A,20260803,0.14,0.14,0.13,0.13,741800
BLA13P2611A,20260803,0.18,0.19,0.18,0.18,782000
BLA19C2611A,20260803,0.18,0.19,0.17,0.17,457100
BLA41C2611A,20260803,0.14,0.14,0.13,0.13,6460000
BLA41C2702T,20260803,0.45,0.46,0.45,0.46,300000
BLA41C2706T,20260803,0.21,0.21,0.21,0.21,60000
BTG01C2609A,20260803,0.05,0.05,0.05,0.05,140000
BTG01C2611A,20260803,0.34,0.34,0.33,0.33,671800
BTG01C2704T,20260803,0.11,0.11,0.1,0.1,100200
BTG01P2609A,20260803,0.24,0.24,0.24,0.24,1330200
BTG01P2611A,20260803,0.23,0.23,0.22,0.23,1759000
BTG13C2608A,20260803,0.01,0.01,0.01,0.01,5000
BTG13C2610A,20260803,0.17,0.17,0.17,0.17,1545900
BTG13P2609A,20260803,0.12,0.12,0.12,0.12,544600
BTG19C2611A,20260803,0.28,0.29,0.27,0.28,965500
BTS01C2609T,20260803,0.01,0.01,0.01,0.01,50000
BTS01C2612A,20260803,0.12,0.12,0.12,0.12,20000
BTS01C2706T,20260803,0.23,0.23,0.23,0.23,250000
BTS13C2611A,20260803,0.15,0.15,0.14,0.14,479900
BTS13C2701T,20260803,0.08,0.08,0.08,0.08,10000
BTS19C2612A,20260803,0.21,0.21,0.21,0.21,3317800
BTS41C2611A,20260803,0.14,0.14,0.13,0.13,1151000
BYDCOM41C2609A,20260803,0.19,0.19,0.18,0.18,86700
BYDCOM41C2612A,20260803,1.05,1.05,1.03,1.03,1000
CATHAY41C2610A,20260803,0.51,0.52,0.51,0.51,1400
CATL41C2612A,20260803,0.29,0.29,0.29,0.29,32600
CBG01C2609A,20260803,0.41,0.42,0.38,0.42,1445600
CBG01C2610T,20260803,0.16,0.17,0.16,0.17,2626500
CBG01C2611A,20260803,0.64,0.67,0.64,0.66,131200
CBG01C2612A,20260803,0.43,0.43,0.39,0.42,6248100
CBG01C2706T,20260803,0.34,0.34,0.33,0.34,2113300
CBG01P2612A,20260803,0.29,0.3,0.28,0.29,3013600
CBG13C2608B,20260803,0.07,0.07,0.07,0.07,4000
CBG13C2612A,20260803,0.44,0.44,0.4,0.43,7654100
CBG13P2611A,20260803,0.14,0.15,0.14,0.14,650100
CBG19C2611B,20260803,0.43,0.47,0.43,0.47,889600
CBG19C2612A,20260803,0.28,0.29,0.26,0.29,8582500
CBG41C2612A,20260803,0.41,0.43,0.39,0.42,7204000
CBG41C2703T,20260803,0.53,0.53,0.51,0.53,16040000
CCET13C2608A,20260803,1.19,1.19,1.19,1.19,1300
CCET13C2609A,20260803,0.69,0.75,0.69,0.71,318200
CCET13C2609B,20260803,0.34,0.38,0.34,0.35,103600
CCET13C2610A,20260803,0.21,0.24,0.19,0.21,7428000
CCET13C2610B,20260803,0.1,0.11,0.1,0.1,2666300
CCET13C2611A,20260803,0.07,0.08,0.07,0.08,36994200
CCET13C2612A,20260803,0.34,0.36,0.32,0.34,9254200
CCET19C2610A,20260803,0.23,0.26,0.23,0.24,4146300
CCET19C2610B,20260803,0.13,0.15,0.13,0.14,3944400
CCET19C2611A,20260803,0.07,0.08,0.07,0.07,28800
CCET19C2612A,20260803,0.34,0.37,0.34,0.35,11323400
CCET41C2609T,20260803,0.23,0.24,0.23,0.24,850100
CCET41C2701T,20260803,0.34,0.36,0.34,0.35,1501000
CCET41C2702T,20260803,0.3,0.31,0.3,0.31,1050100
CENTEL01C2609A,20260803,0.16,0.2,0.16,0.19,5738300
CENTEL01C2701A,20260803,0.34,0.39,0.34,0.38,6659700
CENTEL01C2706T,20260803,0.3,0.33,0.3,0.32,2331800
CENTEL13C2608B,20260803,0.06,0.08,0.05,0.08,271800
CENTEL13C2611A,20260803,0.33,0.39,0.33,0.38,9024100
CENTEL19C2610A,20260803,0.35,0.41,0.35,0.39,2011700
CENTEL41C2611A,20260803,0.32,0.38,0.32,0.37,8711000
CENTEL41C2701T,20260803,0.35,0.39,0.35,0.38,17621400
CHG01C2612A,20260803,0.26,0.26,0.23,0.23,1330200
CHG13C2610A,20260803,0.24,0.24,0.22,0.24,3403800
CK01C2611A,20260803,0.18,0.18,0.18,0.18,1860800
CK01C2705T,20260803,0.33,0.33,0.33,0.33,1174400
CK01P2611A,20260803,0.49,0.49,0.47,0.48,1752600
CK13C2608A,20260803,0.01,0.01,0.01,0.01,39900
CK13C2610A,20260803,0.21,0.22,0.2,0.2,4730200
CK13C2704T,20260803,0.15,0.15,0.15,0.15,400000
CK13P2611A,20260803,0.4,0.4,0.39,0.4,1413800
CK19C2609A,20260803,0.1,0.1,0.09,0.09,448000
CK19C2701A,20260803,0.4,0.41,0.39,0.39,4301800
CK41C2610A,20260803,0.2,0.21,0.19,0.2,3600000
COM701C2610A,20260803,0.19,0.19,0.18,0.18,1440000
COM701C2705T,20260803,0.62,0.62,0.61,0.61,765000
COM713C2610A,20260803,0.8,0.82,0.76,0.82,10200
COM713C2610B,20260803,0.27,0.27,0.26,0.26,20000
COM713C2612A,20260803,0.22,0.22,0.21,0.22,1920900
COM741C2612A,20260803,0.21,0.21,0.21,0.21,600000
CPALL01C2608A,20260803,0.01,0.01,0.01,0.01,764100
CPALL01C2610A,20260803,0.16,0.17,0.15,0.17,7685200
CPALL01C2612A,20260803,0.3,0.32,0.3,0.32,5712600
CPALL01C2703T,20260803,0.27,0.27,0.26,0.27,834100
CPALL01P2608A,20260803,0.01,0.01,0.01,0.01,1900
CPALL01P2612A,20260803,0.21,0.21,0.19,0.19,2135500
CPALL13C2609A,20260803,0.11,0.12,0.11,0.12,1450800
CPALL13C2612A,20260803,0.24,0.27,0.23,0.26,5287300
CPALL13C2701T,20260803,0.24,0.26,0.24,0.26,3575500
CPALL19C2611A,20260803,0.26,0.28,0.25,0.28,6440900
CPALL19C2612A,20260803,0.09,0.09,0.09,0.09,20000
CPALL41C2609A,20260803,0.11,0.11,0.11,0.11,1650000
CPALL41C2612A,20260803,0.23,0.24,0.22,0.24,4019700
CPALL41C2612T,20260803,0.15,0.15,0.15,0.15,102000
CPF01C2608A,20260803,0.01,0.01,0.01,0.01,1500
CPF01C2609A,20260803,0.14,0.14,0.14,0.14,1710800
CPF01C2611T,20260803,0.15,0.15,0.15,0.15,446200
CPF01C2612A,20260803,0.47,0.48,0.47,0.48,1699400
CPF01C2701A,20260803,0.3,0.31,0.3,0.31,2421200
CPF01C2706T,20260803,0.41,0.41,0.41,0.41,112600
CPF01P2701A,20260803,0.5,0.52,0.5,0.52,1452400
CPF13C2608A,20260803,0.01,0.01,0.01,0.01,505000
CPF13C2609A,20260803,0.12,0.13,0.12,0.13,3231800
CPF13C2612A,20260803,0.35,0.35,0.33,0.35,4123800
CPF13P2612A,20260803,0.42,0.44,0.42,0.43,1180000
CPF19C2701T,20260803,0.49,0.52,0.49,0.52,580500
CPF41C2611A,20260803,0.45,0.46,0.45,0.45,1500000
CPF41C2612A,20260803,0.34,0.34,0.32,0.34,2950000
CPF41C2612T,20260803,0.17,0.17,0.17,0.17,5150000
CPN01C2611A,20260803,0.31,0.33,0.31,0.32,5092000
CPN01C2706T,20260803,0.42,0.42,0.42,0.42,259600
CPN01P2706T,20260803,0.47,0.47,0.47,0.47,1228900
CPN13C2608A,20260803,0.01,0.01,0.01,0.01,560000
CPN13C2611A,20260803,0.38,0.4,0.38,0.39,7311700
CPN19C2609T,20260803,0.31,0.33,0.31,0.33,2365400
CPN41C2611A,20260803,0.35,0.36,0.35,0.36,6960000
CPN41C2703T,20260803,0.36,0.36,0.36,0.36,4800000
CRC01C2609A,20260803,0.52,0.52,0.42,0.43,1782200
CRC01C2609B,20260803,1.4,1.4,1.13,1.13,981800
CRC01C2610T,20260803,0.76,0.76,0.61,0.61,1129700
CRC01C2611A,20260803,0.93,0.93,0.79,0.79,887700
CRC01C2706T,20260803,0.39,0.39,0.35,0.35,4122700
CRC01P2611A,20260803,0.11,0.12,0.11,0.12,16455900
CRC13C2611A,20260803,0.78,0.78,0.59,0.59,31300
CRC13P2611A,20260803,0.2,0.22,0.19,0.22,2358800
CRC19C2612A,20260803,1.02,1.02,0.89,0.93,539100
CRC41C2608T,20260803,0.01,0.01,0.01,0.01,500000
CRC41C2706T,20260803,0.31,0.31,0.29,0.3,8300500
DELTA01C2608A,20260803,0.02,0.02,0.01,0.01,524100
DELTA01C2609A,20260803,0.1,0.1,0.08,0.09,4552700
DELTA01C2610A,20260803,0.12,0.12,0.1,0.11,971400
DELTA01C2611A,20260803,0.46,0.46,0.42,0.43,11173100
DELTA01C2705T,20260803,0.39,0.39,0.36,0.36,6516300
DELTA01P2608A,20260803,0.01,0.01,0.01,0.01,254000
DELTA01P2609A,20260803,0.11,0.12,0.11,0.11,8430200
DELTA01P2610A,20260803,0.52,0.55,0.52,0.54,6465900
DELTA01P2611A,20260803,0.97,1.02,0.97,1.01,7961400
DELTA13C2608A,20260803,0.01,0.01,0.01,0.01,1354900
DELTA13C2609A,20260803,0.02,0.03,0.02,0.02,4337100
DELTA13C2609B,20260803,0.04,0.04,0.03,0.03,1912500
DELTA13C2610A,20260803,0.07,0.07,0.06,0.07,6560500
DELTA13C2611A,20260803,0.3,0.3,0.25,0.25,17445600
DELTA13C2612A,20260803,0.53,0.53,0.46,0.47,24009400
DELTA13P2609A,20260803,0.14,0.15,0.13,0.14,3030500
DELTA13P2610A,20260803,0.64,0.68,0.63,0.67,21748300
DELTA19C2609A,20260803,0.03,0.03,0.02,0.03,1796600
DELTA19C2611A,20260803,0.19,0.19,0.17,0.18,4143200
DELTA19C2611B,20260803,0.29,0.29,0.26,0.27,3257100
DELTA19C2612A,20260803,0.56,0.56,0.49,0.51,9316400
DELTA19P2610A,20260803,0.36,0.39,0.36,0.37,4352900
DELTA19P2610B,20260803,0.5,0.54,0.5,0.52,2740900
DELTA41C2609B,20260803,0.03,0.03,0.03,0.03,15000
DELTA41C2610A,20260803,0.06,0.06,0.05,0.05,3849500
DELTA41C2611A,20260803,0.26,0.28,0.24,0.25,13414600
DELTA41C2612A,20260803,0.5,0.5,0.45,0.46,15253300
DELTA41C2612T,20260803,1.11,1.11,1.04,1.06,1522100
DELTA41C2702T,20260803,0.21,0.21,0.19,0.2,6370000
DELTA41C2703T,20260803,0.65,0.65,0.61,0.63,10347600
DELTA41P2610A,20260803,0.68,0.68,0.65,0.68,5120200
DJI41C2609A,20260803,0.4,0.41,0.4,0.41,2200
DJI41P2609A,20260803,0.1,0.11,0.1,0.1,20300
DOHOME01C2610A,20260803,0.36,0.4,0.35,0.39,5928000
DOHOME01C2704T,20260803,0.36,0.39,0.36,0.38,2441200
DOHOME13C2610A,20260803,0.47,0.5,0.47,0.5,198500
DOHOME13C2612A,20260803,0.35,0.4,0.35,0.39,3831700
DOHOME19C2701T,20260803,0.52,0.58,0.52,0.57,1676600
EA13C2608A,20260803,0.01,0.01,0.01,0.01,138100
EA13C2610A,20260803,0.12,0.13,0.11,0.12,7872600
EA13C2610B,20260803,0.07,0.07,0.06,0.06,344200
EA13C2612A,20260803,0.3,0.31,0.29,0.3,4134400
EA13P2611A,20260803,0.55,0.55,0.55,0.55,1621900
EA19C2609A,20260803,0.08,0.08,0.08,0.08,57000
EA19C2610A,20260803,0.08,0.08,0.08,0.08,547900
EA19C2611A,20260803,0.25,0.25,0.24,0.25,2210500
EA19P2611A,20260803,0.6,0.6,0.6,0.6,2008400
EA41C2609T,20260803,0.13,0.13,0.13,0.13,3000000
EGCO13C2610A,20260803,0.37,0.37,0.36,0.37,2653500
EGCO41C2612T,20260803,0.34,0.34,0.34,0.34,4400000
ERW01C2608A,20260803,0.07,0.13,0.07,0.13,23500
ERW01C2610A,20260803,0.63,0.74,0.63,0.72,2485700
ERW01C2611T,20260803,0.5,0.57,0.5,0.56,5320000
ERW01C2706T,20260803,0.4,0.43,0.4,0.43,2451900
ERW13C2608A,20260803,0.02,0.03,0.01,0.01,1951900
ERW13C2610A,20260803,0.42,0.55,0.42,0.51,2384700
ERW13C2701A,20260803,0.35,0.44,0.35,0.41,13419200
ERW19C2609A,20260803,0.48,0.48,0.48,0.48,3000
ERW41C2610A,20260803,0.41,0.52,0.41,0.51,13720000
ERW41C2611T,20260803,0.74,0.82,0.74,0.81,13600200
ERW41C2706T,20260803,0.44,0.49,0.44,0.49,16429100
GEELY41C2612A,20260803,0.62,0.62,0.6,0.6,5900
GFPT01C2705T,20260803,0.31,0.31,0.31,0.31,2800
GFPT13C2608A,20260803,0.01,0.01,0.01,0.01,8700
GFPT13C2611A,20260803,0.42,0.43,0.41,0.43,2168000
GLOBAL01C2611A,20260803,0.2,0.23,0.2,0.22,5867600
GLOBAL01C2707T,20260803,0.29,0.31,0.29,0.31,2413600
GLOBAL13C2608A,20260803,0.01,0.01,0.01,0.01,400000
GLOBAL13C2608B,20260803,0.05,0.06,0.05,0.06,160000
GLOBAL13C2610A,20260803,0.16,0.19,0.16,0.18,3679200
GLOBAL13C2611A,20260803,0.41,0.48,0.41,0.46,5663400
GLOBAL19C2611A,20260803,0.39,0.45,0.39,0.44,4090600
GLOBAL41C2608A,20260803,0.03,0.03,0.03,0.03,100
GLOBAL41C2612T,20260803,0.43,0.46,0.43,0.45,14205900
GPSC01C2609A,20260803,0.42,0.43,0.42,0.43,370800
GPSC01C2609T,20260803,0.28,0.28,0.25,0.26,5501800
GPSC01C2611A,20260803,0.67,0.67,0.64,0.65,1547100
GPSC01C2612A,20260803,0.46,0.46,0.44,0.44,4014900
GPSC01C2707T,20260803,0.42,0.42,0.41,0.42,2711900
GPSC01P2612A,20260803,0.31,0.32,0.31,0.32,3727400
GPSC13C2608A,20260803,0.01,0.01,0.01,0.01,20000
GPSC13C2612A,20260803,0.44,0.44,0.43,0.43,7910500
GPSC13C2704T,20260803,0.35,0.35,0.35,0.35,1253600
GPSC13P2612A,20260803,0.29,0.3,0.29,0.29,5177000
GPSC19C2612A,20260803,0.33,0.33,0.31,0.31,8646200
GPSC41C2611A,20260803,0.64,0.64,0.6,0.63,4740200
GPSC41C2612A,20260803,0.43,0.43,0.41,0.41,4040200
GPSC41C2703T,20260803,0.61,0.62,0.59,0.6,4911900
GULF01C2608A,20260803,0.47,0.5,0.47,0.47,1003100
GULF01C2609A,20260803,0.22,0.22,0.2,0.22,3721300
GULF01C2611A,20260803,0.25,0.26,0.23,0.25,5137900
GULF01C2612A,20260803,0.54,0.54,0.51,0.52,4797300
GULF01C2702T,20260803,0.66,0.66,0.64,0.65,1499400
GULF01P2610A,20260803,0.18,0.18,0.18,0.18,1100
GULF01P2612A,20260803,0.55,0.55,0.55,0.55,2194300
GULF13C2608A,20260803,0.03,0.03,0.03,0.03,944900
GULF13C2609A,20260803,0.13,0.13,0.12,0.12,17807800
GULF13C2611A,20260803,0.43,0.43,0.4,0.41,17152700
GULF13C2704T,20260803,0.4,0.4,0.38,0.38,3833400
GULF13P2610A,20260803,0.04,0.04,0.04,0.04,600000
GULF13P2611A,20260803,0.27,0.28,0.27,0.27,5324300
GULF19C2610A,20260803,0.27,0.27,0.26,0.26,2464500
GULF19C2611A,20260803,0.25,0.25,0.23,0.24,6733700
GULF19P2611A,20260803,0.27,0.27,0.27,0.27,165300
GULF41C2609A,20260803,0.12,0.12,0.12,0.12,2130000
GULF41C2609T,20260803,0.41,0.42,0.41,0.42,3950000
GULF41C2611A,20260803,0.37,0.37,0.36,0.36,1217300
GULF41C2706T,20260803,0.42,0.42,0.41,0.42,4360000
GULF41P2611A,20260803,0.13,0.13,0.13,0.13,600000
GUNKUL01C2608A,20260803,2.8,2.8,2.72,2.72,129200
GUNKUL01C2610A,20260803,1.71,1.71,1.66,1.66,197300
GUNKUL01C2610B,20260803,1.07,1.07,1.03,1.03,348400
GUNKUL01C2611A,20260803,0.82,0.82,0.79,0.79,396400
GUNKUL01C2612A,20260803,0.69,0.69,0.64,0.64,377100
GUNKUL01C2612B,20260803,0.18,0.18,0.16,0.16,1810900
GUNKUL01C2705T,20260803,0.19,0.19,0.18,0.18,1025500
GUNKUL01P2612A,20260803,0.27,0.27,0.26,0.27,1877600
GUNKUL13C2612A,20260803,0.58,0.58,0.58,0.58,29900
GUNKUL13C2612B,20260803,0.22,0.22,0.21,0.22,880000
GUNKUL13P2612A,20260803,0.29,0.29,0.29,0.29,2884800
GUNKUL19C2612B,20260803,0.26,0.26,0.25,0.25,3642500
GUNKUL41C2612B,20260803,0.22,0.22,0.2,0.2,4684000
GUNKUL41C2706T,20260803,0.68,0.68,0.66,0.66,2400000
HANA01C2608A,20260803,2.72,2.72,2.72,2.72,6000
HANA01C2609A,20260803,0.29,0.34,0.27,0.31,2983300
HANA01C2610A,20260803,0.2,0.24,0.19,0.21,11912200
HANA01C2612A,20260803,0.27,0.3,0.26,0.28,6320400
HANA01C2705T,20260803,0.24,0.26,0.24,0.25,2310200
HANA01P2610A,20260803,0.13,0.14,0.13,0.14,940900
HANA01P2611A,20260803,0.3,0.31,0.27,0.28,5564000
HANA13C2608A,20260803,1.44,1.44,1.44,1.44,300
HANA13C2608C,20260803,0.15,0.15,0.09,0.09,26200
HANA13C2609A,20260803,0.18,0.22,0.17,0.19,6122700
HANA13C2609B,20260803,0.1,0.1,0.09,0.09,1938200
HANA13C2610A,20260803,0.12,0.14,0.12,0.12,8604900
HANA13C2611A,20260803,0.28,0.31,0.27,0.29,14385400
HANA13C2701T,20260803,1.19,1.19,1.18,1.18,3400
HANA13C2703T,20260803,0.3,0.32,0.29,0.3,6377200
HANA13P2611A,20260803,0.3,0.3,0.28,0.29,4280700
HANA19C2609A,20260803,0.29,0.34,0.29,0.34,69400
HANA19C2609B,20260803,0.11,0.14,0.11,0.12,7631700
HANA19C2612A,20260803,0.27,0.3,0.27,0.28,11136200
HANA19C2612B,20260803,0.35,0.38,0.34,0.36,14391500
HANA41C2610A,20260803,0.11,0.13,0.11,0.12,1351000
HANA41C2611A,20260803,0.27,0.31,0.27,0.28,4970100
HANA41C2612T,20260803,0.95,1.01,0.93,0.98,600000
HANA41C2702T,20260803,0.4,0.43,0.39,0.41,4835800
HANA41C2703T,20260803,0.27,0.3,0.27,0.27,4695000
HANA41C2706T,20260803,0.33,0.35,0.33,0.34,7372500
HMPRO01C2609A,20260803,0.11,0.11,0.09,0.1,2390600
HMPRO01C2706T,20260803,0.23,0.24,0.23,0.24,796000
HMPRO13C2608A,20260803,0.01,0.01,0.01,0.01,400000
HMPRO13C2609A,20260803,0.08,0.08,0.07,0.08,2831000
HMPRO13C2612A,20260803,0.21,0.25,0.21,0.25,6498400
HMPRO19C2609A,20260803,0.1,0.12,0.1,0.12,808300
HMPRO19C2612A,20260803,0.23,0.28,0.23,0.28,2739500
HMPRO41C2612T,20260803,0.19,0.19,0.19,0.19,100
HSI18C2609A,20260803,0.34,0.35,0.33,0.35,15100
HSI18C2610A,20260803,1,1,1,1,200
HSI18P2608A,20260803,0.2,0.2,0.2,0.2,2000
HSI18P2609A,20260803,0.12,0.12,0.12,0.12,3000
HSI18P2610A,20260803,0.14,0.14,0.14,0.14,50500
HSI28C2608A,20260803,0.1,0.1,0.1,0.1,61100
HSI28C2608B,20260803,0.29,0.29,0.27,0.28,9759000
HSI28C2608C,20260803,0.46,0.48,0.44,0.47,63311500
HSI28C2608D,20260803,0.88,0.9,0.83,0.88,3797300
HSI28C2608E,20260803,1.64,1.64,1.64,1.64,100
HSI28C2609A,20260803,0.18,0.19,0.18,0.19,262400
HSI28C2609B,20260803,0.94,0.94,0.93,0.93,2100
HSI28C2609C,20260803,0.42,0.42,0.41,0.42,71800
HSI28C2609E,20260803,2.84,2.98,2.84,2.98,4200
HSI28C2609F,20260803,0.61,0.63,0.59,0.63,937900
HSI28C2610A,20260803,0.57,0.58,0.55,0.58,4255900
HSI28C2610B,20260803,1.02,1.02,1.01,1.01,2200
HSI28C2611A,20260803,0.54,0.55,0.53,0.55,231300
HSI28P2608A,20260803,0.06,0.06,0.05,0.05,2107100
HSI28P2608B,20260803,0.19,0.19,0.17,0.17,27915000
HSI28P2608C,20260803,0.03,0.03,0.03,0.03,1692200
HSI28P2609A,20260803,0.19,0.19,0.18,0.18,257800
HSI28P2609B,20260803,0.08,0.1,0.07,0.07,352800
HSI28P2609C,20260803,0.27,0.27,0.25,0.25,12193800
HSI28P2610A,20260803,0.18,0.2,0.17,0.19,107200
HSI28P2610B,20260803,0.43,0.44,0.42,0.42,1938100
HSI28P2611A,20260803,0.4,0.4,0.39,0.39,82200
HSTECH18C2610A,20260803,1.03,1.03,0.99,1,7100
HSTECH18P2610A,20260803,0.38,0.38,0.38,0.38,200
HUAHON41C2612A,20260803,0.34,0.35,0.32,0.33,283900
ICHI01C2612A,20260803,0.22,0.23,0.22,0.23,1031700
ICHI13C2609A,20260803,0.08,0.09,0.08,0.09,275000
ICHI13C2612A,20260803,0.23,0.25,0.23,0.25,2277600
ICHI19C2609T,20260803,0.16,0.17,0.16,0.17,131200
IRPC01C2609A,20260803,0.61,0.63,0.61,0.63,10000
IRPC01C2609B,20260803,0.24,0.26,0.24,0.26,721900
IRPC01C2610A,20260803,0.1,0.13,0.1,0.13,4423700
IRPC01C2612A,20260803,0.24,0.29,0.23,0.28,6063900
IRPC01C2703T,20260803,0.18,0.2,0.18,0.2,1984200
IRPC01P2610A,20260803,0.05,0.05,0.05,0.05,5800
IRPC01P2612A,20260803,0.47,0.47,0.43,0.43,2808600
IRPC13C2608A,20260803,0.99,1.08,0.99,1.08,2100
IRPC13C2608B,20260803,0.13,0.13,0.13,0.13,21000
IRPC13C2609A,20260803,0.19,0.25,0.18,0.25,1672700
IRPC13C2609B,20260803,0.09,0.12,0.08,0.12,4993500
IRPC13C2611A,20260803,0.76,0.81,0.76,0.81,16700
IRPC13C2612A,20260803,0.33,0.39,0.33,0.39,12921300
IRPC13C2704T,20260803,0.23,0.26,0.23,0.26,8509400
IRPC13P2612A,20260803,0.4,0.4,0.36,0.36,3842900
IRPC19C2610A,20260803,0.1,0.11,0.1,0.11,628500
IRPC19C2703T,20260803,0.39,0.45,0.39,0.45,2305000
IRPC41C2609A,20260803,0.23,0.23,0.23,0.23,150000
IRPC41C2612A,20260803,0.32,0.38,0.32,0.38,5080000
IRPC41C2702T,20260803,0.23,0.24,0.23,0.24,6500000
IRPC41C2703T,20260803,0.91,0.97,0.91,0.97,500000
ITC13C2608A,20260803,0.02,0.02,0.02,0.02,7500
ITC19C2609T,20260803,0.15,0.17,0.15,0.17,2255000
ITC41C2612T,20260803,0.18,0.2,0.18,0.2,1361000
IVL01C2608A,20260803,0.01,0.01,0.01,0.01,134900
IVL01C2609A,20260803,0.2,0.2,0.19,0.19,59600
IVL01C2610A,20260803,0.16,0.16,0.15,0.15,108700
IVL01C2612A,20260803,0.1,0.1,0.09,0.1,703500
IVL01C2706T,20260803,0.22,0.22,0.21,0.21,497000
IVL01P2610A,20260803,0.21,0.21,0.21,0.21,454800
IVL01P2612A,20260803,0.4,0.41,0.4,0.4,2731700
IVL13C2609A,20260803,0.06,0.06,0.05,0.05,231200
IVL13C2611A,20260803,0.31,0.31,0.29,0.3,6844300
IVL13C2612A,20260803,0.12,0.13,0.11,0.12,23953600
IVL13P2611A,20260803,0.43,0.44,0.43,0.43,2086400
IVL19C2610A,20260803,0.15,0.15,0.14,0.14,520600
IVL19C2611A,20260803,0.32,0.32,0.3,0.31,4479000
IVL19C2612A,20260803,0.11,0.11,0.1,0.1,34127000
IVL41C2609A,20260803,0.04,0.04,0.04,0.04,7900
IVL41C2612A,20260803,0.11,0.11,0.11,0.11,2100000
IVL41C2702T,20260803,0.29,0.29,0.28,0.28,2200000
JAS13C2609A,20260803,0.04,0.04,0.03,0.03,5900
JAS13C2701A,20260803,0.22,0.22,0.22,0.22,202400
JAS41C2611T,20260803,0.04,0.04,0.04,0.04,133000
JAS41C2703T,20260803,0.15,0.15,0.15,0.15,100000
JD41C2612A,20260803,0.63,0.63,0.62,0.62,200
JMART01C2608A,20260803,0.28,0.35,0.28,0.3,1083600
JMART01C2610A,20260803,1.02,1.12,1.02,1.02,923700
JMART01C2611A,20260803,0.18,0.22,0.18,0.2,4423600
JMART01C2705T,20260803,0.63,0.68,0.63,0.64,1369100
JMART01C2707T,20260803,0.25,0.26,0.25,0.25,4272000
JMART01C2709T,20260803,0.44,0.48,0.44,0.46,5731000
JMART13C2608A,20260803,0.16,0.16,0.14,0.14,28000
JMART13C2610A,20260803,0.75,0.86,0.75,0.8,14500
JMART13C2611A,20260803,0.25,0.3,0.25,0.26,19396000
JMART13C2701A,20260803,0.89,0.89,0.87,0.87,300
JMART13C2704T,20260803,0.41,0.45,0.41,0.43,5521700
JMART19C2612B,20260803,0.21,0.24,0.21,0.21,2099600
JMART41C2611A,20260803,0.25,0.28,0.25,0.25,5578000
JMART41C2703T,20260803,0.67,0.71,0.67,0.67,3500100
JMART41C2706T,20260803,0.43,0.45,0.43,0.43,3332000
JMT01C2608A,20260803,0.01,0.01,0.01,0.01,300
JMT01C2610A,20260803,0.19,0.21,0.19,0.19,3492100
JMT01C2611A,20260803,0.18,0.19,0.18,0.18,4420900
JMT01C2701T,20260803,0.48,0.5,0.48,0.48,1416200
JMT13C2608A,20260803,0.01,0.01,0.01,0.01,2915000
JMT13C2610A,20260803,0.23,0.25,0.23,0.24,6829800
JMT13C2612A,20260803,0.25,0.27,0.25,0.25,5304000
JMT13C2701T,20260803,0.38,0.39,0.38,0.39,116400
JMT19C2611A,20260803,0.26,0.28,0.26,0.26,11784400
JMT41C2611T,20260803,0.15,0.15,0.15,0.15,2400000
JMT41C2612A,20260803,0.25,0.26,0.25,0.25,4600000
JMT41C2703T,20260803,0.73,0.73,0.73,0.73,10100
KBANK01C2608A,20260803,0.17,0.19,0.17,0.17,1828900
KBANK01C2609A,20260803,1.89,1.89,1.84,1.84,98900
KBANK01C2610A,20260803,1.33,1.33,1.29,1.33,53800
KBANK01C2611A,20260803,0.48,0.48,0.47,0.47,1746500
KBANK01C2612A,20260803,0.38,0.38,0.37,0.37,3386600
KBANK01C2702T,20260803,0.46,0.46,0.46,0.46,501200
KBANK01P2612A,20260803,0.21,0.22,0.21,0.21,1229000
KBANK13C2612A,20260803,0.39,0.4,0.38,0.4,14677800
KBANK13C2704T,20260803,0.44,0.44,0.44,0.44,200
KBANK13P2611A,20260803,0.12,0.12,0.11,0.11,706100
KBANK19C2611A,20260803,0.35,0.36,0.35,0.36,826700
KBANK41C2612A,20260803,0.38,0.38,0.37,0.37,3510000
KBANK41C2703T,20260803,0.85,0.85,0.84,0.84,4700000
KCE01C2610A,20260803,0.42,0.52,0.41,0.51,4735800
KCE01C2612A,20260803,0.32,0.39,0.31,0.39,5779000
KCE01C2705T,20260803,0.4,0.44,0.4,0.44,3731600
KCE01C2707T,20260803,0.36,0.39,0.35,0.39,3772400
KCE13C2609A,20260803,0.81,0.96,0.81,0.96,118900
KCE13C2609B,20260803,0.53,0.6,0.53,0.57,5200
KCE13C2610A,20260803,0.32,0.4,0.31,0.4,18660000
KCE13C2612A,20260803,0.36,0.44,0.35,0.44,18996100
KCE13C2703T,20260803,0.45,0.52,0.45,0.51,7875100
KCE13P2608A,20260803,0.01,0.01,0.01,0.01,7400
KCE13P2609A,20260803,0.01,0.01,0.01,0.01,40000
KCE13P2610A,20260803,0.06,0.06,0.04,0.04,669000
KCE13P2612A,20260803,0.44,0.45,0.38,0.38,10347100
KCE19C2609A,20260803,0.93,0.93,0.93,0.93,10000
KCE19C2609B,20260803,0.54,0.61,0.54,0.61,86000
KCE19C2610A,20260803,0.4,0.5,0.39,0.5,2078300
KCE19C2611A,20260803,0.31,0.37,0.3,0.37,8218000
KCE41C2609B,20260803,0.46,0.57,0.45,0.56,2250000
KCE41C2610A,20260803,0.32,0.4,0.31,0.4,9920000
KCE41C2612A,20260803,0.34,0.41,0.33,0.41,8627000
KCE41C2702T,20260803,0.53,0.61,0.53,0.61,15523000
KCE41P2608A,20260803,0.03,0.03,0.01,0.01,10100
KCE41P2610A,20260803,0.04,0.05,0.04,0.04,400
KCE41P2612A,20260803,0.45,0.46,0.4,0.4,4760300
KKP01C2610A,20260803,1.75,1.82,1.57,1.82,667500
KKP01C2612A,20260803,1.22,1.36,1.22,1.36,31200
KKP01C2701A,20260803,0.53,0.55,0.48,0.54,4329900
KKP01C2701B,20260803,0.31,0.33,0.29,0.33,7019000
KKP01C2707T,20260803,0.37,0.38,0.35,0.37,2856100
KKP01P2612A,20260803,0.19,0.2,0.17,0.17,3447800
KKP01P2701A,20260803,0.8,0.86,0.79,0.79,2674200
KKP13C2610A,20260803,0.9,0.91,0.9,0.91,140000
KKP13C2611A,20260803,0.51,0.53,0.44,0.53,25875800
KKP13C2612A,20260803,0.33,0.35,0.3,0.35,24251000
KKP13C2704T,20260803,0.33,0.36,0.31,0.36,26425000
KKP13P2611A,20260803,0.14,0.14,0.12,0.12,298000
KKP13P2612A,20260803,0.63,0.67,0.6,0.6,11178600
KKP19C2612A,20260803,0.37,0.38,0.33,0.38,9360400
KKP19C2701T,20260803,0.61,0.63,0.59,0.63,1374400
KKP41C2611A,20260803,0.44,0.53,0.44,0.53,2593500
KKP41C2612A,20260803,0.31,0.33,0.28,0.33,14757200
KQ15018C2609B,20260803,0.09,0.11,0.09,0.11,72500
KS20018C2609A,20260803,0.19,0.2,0.16,0.19,2993500
KS20018C2609B,20260803,0.36,0.59,0.31,0.59,233300
KS20018C2609C,20260803,0.05,0.05,0.04,0.04,523500
KS20018C2610A,20260803,0.1,0.11,0.07,0.08,1707900
KS20018P2609A,20260803,1.06,1.18,1.06,1.18,1382800
KS20018P2609B,20260803,1.71,1.74,1.71,1.74,20100
KS20018P2610A,20260803,2.1,2.26,2.1,2.26,30800
KTB01C2608A,20260803,0.76,0.85,0.76,0.85,11000
KTB01C2611A,20260803,0.46,0.47,0.42,0.44,895500
KTB01C2701A,20260803,0.33,0.35,0.31,0.33,1493400
KTB01C2701T,20260803,0.64,0.67,0.62,0.64,867000
KTB01P2612A,20260803,0.06,0.06,0.06,0.06,28000
KTB01P2701A,20260803,0.26,0.26,0.24,0.26,1236600
KTB13C2611A,20260803,0.52,0.52,0.52,0.52,29200
KTB13C2612A,20260803,0.38,0.4,0.36,0.38,5762300
KTB13C2704T,20260803,0.26,0.26,0.25,0.25,3798400
KTB13P2611A,20260803,0.05,0.05,0.05,0.05,1200
KTB13P2612A,20260803,0.21,0.22,0.2,0.2,1736800
KTB41C2608A,20260803,0.41,0.41,0.41,0.41,200
KTB41C2612A,20260803,0.37,0.39,0.35,0.37,2098000
KTB41C2702T,20260803,0.4,0.42,0.4,0.41,3760100
KTC01C2609T,20260803,0.29,0.29,0.28,0.28,911600
KTC01C2612A,20260803,0.42,0.42,0.42,0.42,633000
KTC01C2701A,20260803,0.28,0.28,0.28,0.28,193400
KTC01C2707T,20260803,0.31,0.31,0.31,0.31,25000
KTC13C2610A,20260803,0.43,0.46,0.43,0.46,10100
KTC13C2612A,20260803,0.37,0.37,0.37,0.37,4513900
KTC13C2704T,20260803,0.34,0.34,0.33,0.34,37600
KTC19C2703T,20260803,0.35,0.35,0.35,0.35,1837700
KTC41C2609T,20260803,0.32,0.32,0.32,0.32,2700000
KTC41C2612A,20260803,0.36,0.36,0.35,0.35,2220000
KTC41C2612T,20260803,0.44,0.45,0.44,0.44,1300000
KTC41C2706T,20260803,0.42,0.42,0.42,0.42,2107000
KUAISH28C2610A,20260803,0.2,0.21,0.2,0.2,1634400
KUAISH41C2609T,20260803,0.1,0.11,0.1,0.1,246200
KUAISH41C2612A,20260803,0.19,0.2,0.19,0.2,33300
KUAISH41P2612A,20260803,0.23,0.23,0.23,0.23,700
LENOVO41C2610A,20260803,3.12,3.16,3.08,3.16,800
LENOVO41C2612A,20260803,0.34,0.35,0.33,0.35,1900
LH01C2707T,20260803,0.32,0.33,0.32,0.33,4000
M01C2611A,20260803,0.26,0.26,0.26,0.26,489600
M01C2705T,20260803,0.42,0.42,0.42,0.42,504500
M13C2610A,20260803,0.15,0.15,0.15,0.15,479600
M13C2612A,20260803,0.44,0.45,0.44,0.45,750400
M19C2610A,20260803,0.18,0.19,0.18,0.19,304800
M41C2612T,20260803,0.21,0.21,0.21,0.21,450000
MCA5041C2609A,20260803,0.07,0.07,0.06,0.06,1538000
MEGA01C2702T,20260803,0.23,0.26,0.23,0.26,2088200
MEITUA41C2609A,20260803,0.45,0.46,0.43,0.45,2400
MEITUA41C2612A,20260803,1.16,1.19,1.14,1.15,25600
MINT01C2609A,20260803,0.13,0.15,0.12,0.12,9306600
MINT01C2612A,20260803,0.36,0.39,0.34,0.34,10257500
MINT01P2612A,20260803,0.35,0.36,0.33,0.36,8936500
MINT13C2609A,20260803,0.24,0.28,0.23,0.23,10106800
MINT13C2611A,20260803,0.13,0.13,0.12,0.12,998800
MINT13C2612A,20260803,0.56,0.6,0.54,0.54,21071700
MINT13C2704T,20260803,0.16,0.17,0.16,0.16,1180100
MINT19C2610A,20260803,0.26,0.3,0.26,0.26,17917000
MINT19C2611A,20260803,0.13,0.14,0.13,0.13,1239800
MINT19C2612A,20260803,0.53,0.57,0.51,0.51,2640200
MINT41C2611A,20260803,0.1,0.1,0.1,0.1,200000
MINT41C2612A,20260803,0.58,0.59,0.53,0.53,4600000
MRDIYT01C2612A,20260803,0.13,0.14,0.13,0.14,805600
MRDIYT13C2612A,20260803,0.16,0.17,0.16,0.17,745600
MTC01C2610A,20260803,0.21,0.21,0.21,0.21,912100
MTC01C2612A,20260803,0.26,0.27,0.26,0.27,3925000
MTC01C2706T,20260803,0.29,0.3,0.29,0.3,697300
MTC01P2612A,20260803,0.27,0.27,0.27,0.27,2618700
MTC13C2608A,20260803,0.01,0.01,0.01,0.01,100
MTC13C2610A,20260803,0.31,0.33,0.3,0.33,1467400
MTC13C2612A,20260803,0.23,0.24,0.23,0.24,2380600
MTC13P2612A,20260803,0.31,0.31,0.3,0.3,1395300
MTC19C2608A,20260803,0.01,0.02,0.01,0.02,100000
MTC19C2610A,20260803,0.28,0.3,0.28,0.3,767100
MTC19C2611A,20260803,0.23,0.24,0.23,0.24,5320100
MTC41C2610A,20260803,0.3,0.32,0.3,0.32,2125000
MTC41C2612A,20260803,0.21,0.23,0.21,0.23,2750000
MTC41C2612T,20260803,0.26,0.27,0.26,0.27,2281800
MTC41C2703T,20260803,0.23,0.23,0.23,0.23,1801000
NDX28C2609B,20260803,0.26,0.26,0.23,0.23,559000
NDX28P2609A,20260803,0.3,0.31,0.29,0.3,105700
NDX28P2609B,20260803,0.58,0.62,0.58,0.6,150000
NDX41C2609A,20260803,0.35,0.36,0.32,0.34,4892800
NDX41C2609B,20260803,0.06,0.06,0.06,0.06,90000
NDX41C2609T,20260803,2.74,2.74,2.74,2.74,100
NDX41P2609A,20260803,0.4,0.42,0.4,0.42,1991200
NDX41P2609T,20260803,0.13,0.13,0.13,0.13,5000
NIKKEI18C2609A,20260803,0.32,0.33,0.31,0.31,165700
NIKKEI18C2609C,20260803,0.12,0.13,0.12,0.12,158600
NIKKEI18C2612A,20260803,0.37,0.37,0.37,0.37,5000
NIKKEI18C2612B,20260803,0.64,0.64,0.63,0.63,400
NIKKEI18C2612C,20260803,0.25,0.25,0.24,0.24,30300
NIKKEI18P2609A,20260803,0.21,0.21,0.2,0.21,40100
NIKKEI18P2609B,20260803,0.42,0.44,0.42,0.43,13100
NIKKEI18P2612A,20260803,1.1,1.1,1.06,1.06,1600
NIKKEI18P2612B,20260803,1.61,1.61,1.61,1.61,100
NIKKEI28C2609A,20260803,1.33,1.33,1.32,1.33,18000
NIKKEI28C2609B,20260803,0.82,0.89,0.81,0.81,11151100
NIKKEI28C2609C,20260803,0.45,0.48,0.44,0.45,31500
NIKKEI28C2609D,20260803,0.22,0.24,0.21,0.21,3232400
NIKKEI28C2612B,20260803,0.3,0.31,0.3,0.31,19500
NIKKEI28C2612C,20260803,0.54,0.54,0.53,0.54,500
NIKKEI28C2612D,20260803,0.92,0.92,0.9,0.9,200
NIKKEI28P2609A,20260803,0.83,0.84,0.77,0.84,1349400
NIKKEI28P2609B,20260803,0.5,0.5,0.47,0.5,61300
NIKKEI28P2609C,20260803,0.29,0.29,0.27,0.28,600
NIKKEI28P2612B,20260803,1.51,1.51,1.51,1.51,100
NIKKEI28P2612C,20260803,0.98,0.98,0.98,0.98,100
NIKKEI28P2612D,20260803,0.6,0.6,0.6,0.6,100
NIKKEI41C2609A,20260803,1.25,1.25,1.22,1.22,200
NIKKEI41C2609B,20260803,0.92,0.92,0.89,0.89,50200
NIKKEI41C2612A,20260803,0.78,0.79,0.77,0.77,400
NIKKEI41C2612B,20260803,0.51,0.53,0.5,0.53,118400
NIKKEI41C2612C,20260803,0.32,0.33,0.31,0.31,105000
NIKKEI41P2609C,20260803,0.11,0.12,0.1,0.1,19500
NIKKEI41P2612A,20260803,0.99,0.99,0.98,0.98,55600
NIKKEI41P2612B,20260803,1.35,1.35,1.32,1.34,195400
NIKKEI41P2612C,20260803,1.97,1.97,1.97,1.97,10000
OR13C2608B,20260803,0.01,0.01,0.01,0.01,200000
OR13C2611A,20260803,0.21,0.21,0.2,0.2,16300
OR19C2611A,20260803,0.21,0.21,0.21,0.21,3276600
OR41C2608T,20260803,0.08,0.08,0.08,0.08,100
OR41C2706T,20260803,0.17,0.17,0.17,0.17,100
OSP01C2609A,20260803,0.24,0.25,0.24,0.25,2723800
OSP01C2612A,20260803,0.26,0.26,0.25,0.26,3924500
OSP01C2707T,20260803,0.3,0.31,0.3,0.31,420000
OSP13C2610A,20260803,0.37,0.4,0.37,0.4,1811000
OSP13C2611A,20260803,0.22,0.23,0.22,0.23,1841700
OSP19C2612A,20260803,0.3,0.31,0.3,0.31,249700
OSP41C2701T,20260803,0.37,0.38,0.37,0.38,10500000
PLANB13C2608A,20260803,0.1,0.1,0.1,0.1,800200
PLANB13C2608B,20260803,0.02,0.02,0.01,0.01,63800
PLANB13C2610A,20260803,1.23,1.23,1.23,1.23,1000
PLANB13C2612A,20260803,0.45,0.47,0.42,0.43,3883700
PLANB19C2612A,20260803,0.33,0.34,0.3,0.31,7019600
PLANB41C2612T,20260803,0.37,0.38,0.35,0.35,4100000
POPMAR28C2610A,20260803,0.18,0.19,0.18,0.18,950000
POPMAR41C2610A,20260803,0.23,0.24,0.23,0.23,1600
PR901C2612A,20260803,0.27,0.29,0.27,0.29,1014500
PR913C2610A,20260803,0.23,0.26,0.23,0.26,4285500
PR941C2702T,20260803,0.32,0.34,0.32,0.34,4500000
PRM01C2609A,20260803,0.48,0.48,0.42,0.42,1302100
PRM01C2702T,20260803,0.5,0.52,0.49,0.49,2883600
PRM01P2701A,20260803,0.39,0.4,0.37,0.39,2481600
PRM13C2701A,20260803,0.21,0.21,0.19,0.19,3266300
PRM19C2612A,20260803,0.23,0.24,0.21,0.21,7270500
PRM41C2702T,20260803,0.31,0.32,0.3,0.3,6900000
PTG01C2701A,20260803,0.26,0.26,0.25,0.25,1175400
PTG01C2704T,20260803,0.18,0.18,0.18,0.18,20000
PTG13C2612A,20260803,0.28,0.28,0.26,0.27,2383000
PTT13C2608A,20260803,0.01,0.01,0.01,0.01,17000
PTT13C2609A,20260803,0.09,0.09,0.09,0.09,161000
PTT13C2612A,20260803,0.21,0.21,0.21,0.21,2926100
PTT13C2701T,20260803,0.28,0.28,0.28,0.28,28500
PTT19C2701T,20260803,0.24,0.24,0.23,0.24,286200
PTTEP01C2608A,20260803,0.01,0.01,0.01,0.01,10000
PTTEP01C2611A,20260803,0.31,0.34,0.29,0.33,7313900
PTTEP01C2612A,20260803,0.63,0.63,0.6,0.6,156600
PTTEP01C2703T,20260803,0.4,0.41,0.39,0.4,3721500
PTTEP01P2610A,20260803,0.32,0.33,0.29,0.3,4232400
PTTEP01P2612A,20260803,0.39,0.4,0.37,0.37,3633000
PTTEP01P2703T,20260803,0.39,0.39,0.38,0.38,3943400
PTTEP13C2608A,20260803,0.02,0.02,0.02,0.02,2000
PTTEP13C2611A,20260803,0.33,0.37,0.31,0.35,16212900
PTTEP13C2611B,20260803,0.58,0.61,0.58,0.58,107300
PTTEP13C2704T,20260803,0.37,0.4,0.36,0.38,5793300
PTTEP13P2609A,20260803,0.1,0.1,0.09,0.09,307200
PTTEP13P2612A,20260803,0.47,0.48,0.44,0.44,6679800
PTTEP19C2701T,20260803,0.37,0.41,0.37,0.4,3736300
PTTEP41C2609T,20260803,0.85,0.87,0.85,0.87,1350000
PTTEP41C2611A,20260803,0.3,0.35,0.3,0.34,7200000
PTTEP41C2611B,20260803,0.56,0.58,0.56,0.58,2900000
PTTEP41C2703T,20260803,0.36,0.38,0.35,0.37,11819500
PTTEP41P2612A,20260803,0.51,0.51,0.48,0.48,1262100
PTTGC01C2609A,20260803,0.03,0.04,0.03,0.04,95500
PTTGC01C2611A,20260803,0.21,0.22,0.21,0.21,4060500
PTTGC01C2704T,20260803,0.24,0.24,0.24,0.24,3399100
PTTGC01P2610A,20260803,0.14,0.14,0.13,0.13,2840400
PTTGC01P2701A,20260803,0.58,0.58,0.56,0.56,1384000
PTTGC13C2609A,20260803,0.05,0.05,0.05,0.05,105100
PTTGC13C2611A,20260803,0.27,0.27,0.25,0.27,3162100
PTTGC13C2612A,20260803,0.21,0.21,0.2,0.21,5947500
PTTGC13C2704T,20260803,0.31,0.31,0.31,0.31,1505600
PTTGC13P2610A,20260803,0.13,0.13,0.12,0.12,1693900
PTTGC13P2611A,20260803,0.15,0.15,0.15,0.15,2020400
PTTGC13P2612A,20260803,0.54,0.54,0.53,0.53,2418300
PTTGC19C2609A,20260803,0.07,0.07,0.07,0.07,415700
PTTGC19C2611A,20260803,0.25,0.26,0.25,0.26,5111800
PTTGC19C2612A,20260803,0.18,0.18,0.18,0.18,559700
PTTGC41C2609A,20260803,0.05,0.05,0.05,0.05,100
PTTGC41C2611A,20260803,0.24,0.25,0.24,0.25,2186000
PTTGC41C2611T,20260803,0.28,0.29,0.28,0.29,1690000
PTTGC41C2612A,20260803,0.19,0.19,0.19,0.19,1110000
PTTGC41C2612T,20260803,0.61,0.62,0.61,0.62,1200000
PTTGC41C2702T,20260803,0.23,0.23,0.23,0.23,1457000
RATCH01C2707T,20260803,0.27,0.27,0.27,0.27,197600
RATCH13C2612A,20260803,0.35,0.36,0.35,0.36,1979100
RCL01C2608A,20260803,0.05,0.05,0.05,0.05,630000
RCL01C2610T,20260803,0.41,0.41,0.41,0.41,2303600
RCL01C2612A,20260803,0.24,0.24,0.23,0.24,6708000
RCL01C2707T,20260803,0.24,0.25,0.24,0.25,2904500
RCL13C2608A,20260803,0.01,0.01,0.01,0.01,202000
RCL13C2610A,20260803,0.27,0.28,0.26,0.28,5409100
RCL13C2701A,20260803,0.29,0.3,0.29,0.3,620000
RCL19C2611A,20260803,0.32,0.33,0.32,0.33,5437500
RCL41C2610A,20260803,0.25,0.25,0.25,0.25,3360000
RCL41C2612T,20260803,0.29,0.29,0.29,0.29,10100000
SAWAD01C2609B,20260803,0.1,0.11,0.09,0.1,12082100
SAWAD01C2611A,20260803,0.44,0.44,0.44,0.44,100
SAWAD01C2612A,20260803,0.14,0.14,0.14,0.14,311000
SAWAD01C2704T,20260803,0.2,0.2,0.2,0.2,6917600
SAWAD01P2611A,20260803,0.21,0.21,0.21,0.21,6672900
SAWAD13C2609A,20260803,0.08,0.08,0.08,0.08,100000
SAWAD13C2610A,20260803,0.37,0.38,0.37,0.38,2499600
SAWAD13C2612A,20260803,0.17,0.17,0.17,0.17,4990400
SAWAD13P2611A,20260803,0.25,0.25,0.25,0.25,2461300
SAWAD19C2610A,20260803,0.26,0.26,0.26,0.26,2014400
SAWAD19C2611A,20260803,0.66,0.67,0.66,0.67,649700
SAWAD19C2612A,20260803,0.18,0.18,0.18,0.18,112600
SAWAD41C2610A,20260803,0.36,0.37,0.36,0.36,4240000
SAWAD41C2610T,20260803,0.19,0.19,0.19,0.19,13280000
SAWAD41C2612A,20260803,0.17,0.17,0.17,0.17,5000
SAWAD41P2608A,20260803,0.01,0.01,0.01,0.01,17800
SCB01C2608A,20260803,0.01,0.03,0.01,0.02,367300
SCB01C2610A,20260803,0.41,0.41,0.39,0.41,2322500
SCB01C2612A,20260803,0.36,0.36,0.35,0.35,2568400
SCB01C2703T,20260803,0.39,0.39,0.38,0.38,1148700
SCB01P2610A,20260803,0.06,0.06,0.06,0.06,1000
SCB01P2612A,20260803,0.41,0.41,0.4,0.4,2228800
SCB13C2609A,20260803,0.18,0.2,0.18,0.2,3027100
SCB13C2612A,20260803,0.34,0.35,0.33,0.35,11480400
SCB13C2704T,20260803,0.4,0.41,0.4,0.41,4019400
SCB13P2611A,20260803,0.19,0.19,0.18,0.18,651800
SCB19C2612T,20260803,0.45,0.48,0.45,0.48,865600
SCB41C2609A,20260803,0.18,0.19,0.18,0.18,900000
SCB41C2609T,20260803,0.71,0.74,0.71,0.74,9125000
SCB41C2612A,20260803,0.33,0.34,0.32,0.34,1854000
SCC01C2609A,20260803,1.38,1.38,1.38,1.38,8000
SCC01C2609B,20260803,0.44,0.46,0.44,0.46,276900
SCC01C2610A,20260803,0.41,0.43,0.41,0.43,1213300
SCC01C2704T,20260803,0.53,0.53,0.53,0.53,541600
SCC01P2701A,20260803,0.77,0.77,0.75,0.75,234800
SCC13C2609A,20260803,0.15,0.15,0.15,0.15,2677600
SCC13C2612A,20260803,0.47,0.49,0.47,0.49,5206500
SCC13C2701T,20260803,0.48,0.5,0.48,0.49,4344300
SCC13P2609A,20260803,0.02,0.02,0.02,0.02,3100
SCC13P2612A,20260803,0.37,0.37,0.36,0.36,647600
SCC19C2610A,20260803,0.31,0.32,0.3,0.32,395500
SCC41C2609A,20260803,0.14,0.15,0.14,0.15,480000
SCC41C2611T,20260803,0.31,0.31,0.31,0.31,1650000
SCC41C2612A,20260803,0.45,0.46,0.45,0.46,1560000
SCC41C2612T,20260803,0.9,0.91,0.9,0.91,300000
SCGP01C2608A,20260803,1.16,1.27,1.16,1.27,100600
SCGP01C2610A,20260803,0.23,0.24,0.23,0.23,1643800
SCGP01C2706T,20260803,0.56,0.57,0.55,0.57,838100
SCGP01C2708T,20260803,0.24,0.24,0.24,0.24,1354400
SCGP13C2609A,20260803,0.17,0.19,0.17,0.19,540200
SCGP13C2612A,20260803,0.31,0.32,0.31,0.31,4273300
SCGP13C2704T,20260803,0.24,0.25,0.24,0.24,2083300
SCGP13P2611A,20260803,0.17,0.17,0.17,0.17,305000
SCGP19C2610A,20260803,0.29,0.3,0.29,0.29,254700
SCGP41C2612A,20260803,0.31,0.32,0.31,0.32,1920000
SCGP41C2706T,20260803,0.36,0.36,0.36,0.36,1200000
SET01C2608A,20260803,0.24,0.27,0.23,0.23,210500
SET01C2610A,20260803,0.68,0.68,0.6,0.66,3166300
SET01C2611A,20260803,0.41,0.42,0.36,0.4,1102500
SET01C2612A,20260803,1.08,1.1,1,1.04,1905300
SET01C2703T,20260803,0.96,0.96,0.94,0.94,2300
SET01C2706L,20260803,2.16,2.2,2.16,2.2,700
SET01P2608A,20260803,0.01,0.02,0.01,0.02,3000
SET01P2610A,20260803,0.07,0.08,0.07,0.07,159800
SET01P2611A,20260803,0.23,0.23,0.2,0.21,481100
SET01P2612A,20260803,0.58,0.63,0.57,0.59,1998600
SET01P2612B,20260803,0.69,0.71,0.67,0.71,3600
SET01P2703T,20260803,0.64,0.65,0.62,0.63,141500
SET01P2706L,20260803,1.12,1.12,1.12,1.12,800
SET5001C2608A,20260803,0.48,0.56,0.48,0.56,10000
SET5001C2609F,20260803,0.96,0.97,0.91,0.95,6073200
SET5001C2609G,20260803,0.44,0.44,0.41,0.42,2678600
SET5001C2611A,20260803,0.74,0.74,0.67,0.72,724600
SET5001C2612F,20260803,0.78,0.8,0.76,0.78,6293700
SET5001P2608A,20260803,0.01,0.02,0.01,0.01,902000
SET5001P2609F,20260803,0.03,0.03,0.03,0.03,662800
SET5001P2609H,20260803,0.17,0.17,0.17,0.17,1287300
SET5001P2609I,20260803,0.85,0.86,0.82,0.84,6765200
SET5001P2610A,20260803,0.09,0.09,0.09,0.09,16500
SET5001P2611A,20260803,0.37,0.38,0.35,0.36,1439500
SET5013C2609A,20260803,0.99,1,0.91,0.94,63020300
SET5013C2609B,20260803,0.67,0.68,0.61,0.63,226779800
SET5013C2609C,20260803,0.44,0.44,0.4,0.41,155835800
SET5013C2609D,20260803,1.47,1.48,1.36,1.41,7983300
SET5013C2609E,20260803,0.35,0.35,0.32,0.33,117123900
SET5013C2609F,20260803,0.26,0.26,0.23,0.24,75150900
SET5013C2609G,20260803,0.7,0.71,0.64,0.66,199520000
SET5013P2609A,20260803,0.02,0.03,0.02,0.02,528600
SET5013P2609B,20260803,0.03,0.03,0.02,0.03,425100
SET5013P2609C,20260803,0.04,0.04,0.04,0.04,59900
SET5013P2609D,20260803,0.08,0.09,0.07,0.08,238200
SET5013P2609E,20260803,0.1,0.12,0.1,0.11,3037900
SET5013P2609F,20260803,0.2,0.21,0.19,0.19,92639300
SET5013P2609G,20260803,0.29,0.33,0.29,0.3,146901100
SET5013P2609H,20260803,0.5,0.53,0.48,0.5,173117500
SET5013P2609I,20260803,0.79,0.86,0.79,0.81,214660400
SET5013P2609J,20260803,0.72,0.77,0.7,0.73,202867300
SET5013P2609X,20260803,1.82,1.82,1.8,1.82,21100
SET5019C2609A,20260803,0.7,0.71,0.65,0.66,1648100
SET5019C2609B,20260803,0.5,0.51,0.46,0.47,12631900
SET5019C2609C,20260803,0.53,0.54,0.49,0.51,13981500
SET5019C2609D,20260803,0.46,0.46,0.42,0.43,18431900
SET5019P2609A,20260803,0.11,0.11,0.1,0.1,3900
SET5019P2609D,20260803,0.15,0.15,0.14,0.14,4000
SET5019P2609E,20260803,0.15,0.15,0.14,0.14,24957300
SET5019P2609F,20260803,0.29,0.31,0.29,0.29,23800600
SET5019P2609G,20260803,0.49,0.52,0.49,0.5,27497700
SET5041C2609A,20260803,0.85,0.91,0.85,0.91,6000
SET5041C2609B,20260803,0.59,0.62,0.56,0.58,6224600
SET5041C2609C,20260803,0.39,0.4,0.37,0.38,3650200
SET5041C2609E,20260803,0.33,0.34,0.31,0.32,7201000
SET5041C2609F,20260803,0.22,0.24,0.22,0.22,23500
SET5041C2609T,20260803,1.54,1.54,1.54,1.54,200
SET5041C2609U,20260803,0.4,0.43,0.4,0.41,600
SET5041P2609A,20260803,0.02,0.03,0.02,0.03,2000
SET5041P2609F,20260803,0.21,0.21,0.21,0.21,20000
SET5041P2609G,20260803,0.31,0.32,0.3,0.31,4000
SET5041P2609H,20260803,0.53,0.56,0.52,0.54,38698800
SET5041P2609I,20260803,0.85,0.88,0.84,0.86,7800600
SET5041P2609T,20260803,0.01,0.01,0.01,0.01,100
SIRI13C2612A,20260803,0.25,0.26,0.25,0.26,1095900
SISB13C2611A,20260803,0.34,0.38,0.34,0.38,1449600
SISB13C2704T,20260803,0.29,0.31,0.29,0.31,5904000
SISB19C2612A,20260803,0.14,0.15,0.14,0.14,940200
SISB41C2702T,20260803,0.13,0.13,0.13,0.13,23000
SJWD13C2608A,20260803,0.09,0.09,0.09,0.09,10700
SJWD13C2704T,20260803,0.46,0.47,0.46,0.47,1932100
SJWD19C2609T,20260803,0.05,0.06,0.05,0.06,19900
SJWD19C2703T,20260803,0.54,0.54,0.53,0.53,691900
SPRC01C2610A,20260803,1.04,1.04,0.97,0.97,1383600
SPRC01C2612A,20260803,0.76,0.76,0.71,0.71,1862000
SPRC01C2701A,20260803,0.2,0.21,0.2,0.2,4975200
SPRC01C2703T,20260803,0.58,0.58,0.56,0.56,4980500
SPRC01C2705T,20260803,0.18,0.18,0.17,0.17,2463400
SPRC01P2612A,20260803,0.29,0.3,0.29,0.3,5567100
SPRC13C2608A,20260803,0.46,0.46,0.46,0.46,190000
SPRC13C2612A,20260803,0.9,0.9,0.9,0.9,90000
SPRC13C2612B,20260803,0.64,0.64,0.64,0.64,10000
SPRC13C2701A,20260803,0.34,0.34,0.33,0.33,14874000
SPRC13P2612A,20260803,0.3,0.31,0.3,0.31,15920900
SPRC19C2612A,20260803,0.3,0.31,0.3,0.3,913800
SPRC19C2701A,20260803,0.25,0.26,0.25,0.25,7062800
SPRC41C2701A,20260803,0.31,0.32,0.31,0.31,11700000
SPRC41C2706T,20260803,0.74,0.74,0.72,0.72,4800000
SPX28C2609A,20260803,0.94,0.95,0.92,0.92,84100
SPX28C2609B,20260803,0.31,0.31,0.29,0.31,7100
SPX28P2609A,20260803,0.18,0.19,0.18,0.19,200
SPX41C2609A,20260803,0.38,0.38,0.38,0.38,10200
SPX41P2609A,20260803,0.16,0.17,0.16,0.16,500
STA01C2609A,20260803,0.1,0.11,0.1,0.11,2342000
STA01C2610A,20260803,0.08,0.08,0.08,0.08,1200000
STA01C2612A,20260803,0.35,0.38,0.34,0.38,4223600
STA13C2610A,20260803,0.11,0.13,0.11,0.13,2762800
STA13C2611A,20260803,0.31,0.34,0.3,0.34,7138800
STA19C2610A,20260803,0.12,0.14,0.12,0.14,981500
STA19C2612A,20260803,0.55,0.59,0.53,0.59,1460500
STA41C2611A,20260803,0.3,0.33,0.29,0.33,6950000
STA41C2612T,20260803,0.32,0.35,0.32,0.35,10331000
STA41C2702T,20260803,0.13,0.13,0.13,0.13,200000
STECON01C2609A,20260803,0.42,0.42,0.4,0.4,96500
STECON01C2611A,20260803,0.34,0.34,0.33,0.33,1196700
STECON01P2611A,20260803,0.43,0.44,0.43,0.44,922900
STECON13C2609A,20260803,0.53,0.53,0.51,0.51,800
STECON13C2610A,20260803,0.33,0.35,0.31,0.31,4335800
STECON13P2611A,20260803,0.37,0.38,0.37,0.38,58200
STECON19C2611A,20260803,0.4,0.4,0.38,0.38,6208200
STECON41C2610A,20260803,0.31,0.31,0.31,0.31,1920000
STGT01C2612A,20260803,0.17,0.17,0.16,0.17,1345300
STGT13C2610A,20260803,0.06,0.06,0.05,0.06,1841200
STGT13C2611A,20260803,0.14,0.18,0.14,0.17,3690300
STGT19C2609A,20260803,0.09,0.13,0.09,0.13,1346600
STGT41C2611A,20260803,0.13,0.17,0.13,0.16,3000000
STGT41C2612T,20260803,0.47,0.52,0.47,0.52,1000000
SUNNY41C2610A,20260803,0.08,0.08,0.08,0.08,80000
TASCO41C2612T,20260803,0.2,0.24,0.2,0.24,22282600
TCAP01C2612A,20260803,0.67,0.97,0.67,0.91,554100
TCAP13C2609A,20260803,1.13,1.62,1.13,1.62,1239000
TCAP13C2612A,20260803,0.78,1.06,0.78,0.98,7656400
TCAP13C2701A,20260803,0.58,0.78,0.58,0.72,34799600
TENCEN28C2610A,20260803,0.11,0.11,0.11,0.11,1350000
TENCEN28C2610B,20260803,0.28,0.29,0.28,0.29,2108000
TENCEN28C2612A,20260803,0.64,0.65,0.63,0.65,19600
TENCEN41C2610A,20260803,0.25,0.26,0.25,0.26,199200
TENCEN41C2612A,20260803,0.67,0.68,0.66,0.67,4100
TENCEN41P2610A,20260803,0.13,0.13,0.13,0.13,100
TFG13C2609A,20260803,0.18,0.18,0.18,0.18,915900
TFG13C2610A,20260803,0.1,0.1,0.1,0.1,1120100
TFG13C2701A,20260803,0.22,0.22,0.22,0.22,234900
TFG19C2611A,20260803,0.34,0.34,0.34,0.34,639600
TFG41C2612T,20260803,1.84,1.84,1.84,1.84,1000
TFG41C2701T,20260803,0.57,0.57,0.57,0.57,600000
THAI01C2612A,20260803,0.11,0.15,0.11,0.11,6935100
THAI13C2612A,20260803,0.11,0.17,0.1,0.12,35483100
THAI41C2612A,20260803,0.11,0.15,0.11,0.11,5375700
THCOM13C2612A,20260803,0.21,0.22,0.21,0.21,408300
TIDLOR01C2609A,20260803,0.37,0.37,0.35,0.35,627800
TIDLOR01C2610T,20260803,0.13,0.13,0.13,0.13,2625100
TIDLOR01C2611A,20260803,0.34,0.34,0.33,0.33,2815600
TIDLOR01C2706T,20260803,0.32,0.32,0.32,0.32,240600
TIDLOR01P2611A,20260803,0.25,0.25,0.25,0.25,389000
TIDLOR13C2608A,20260803,0.05,0.06,0.05,0.06,70500
TIDLOR13C2611A,20260803,0.33,0.34,0.32,0.33,2074000
TIDLOR13C2701T,20260803,0.29,0.29,0.29,0.29,1483100
TIDLOR13P2608A,20260803,0.01,0.01,0.01,0.01,30000
TIDLOR13P2611A,20260803,0.43,0.43,0.43,0.43,1229900
TIDLOR19C2612T,20260803,0.44,0.44,0.43,0.44,7779200
TIDLOR41C2612T,20260803,0.2,0.2,0.2,0.2,1800000
TISCO13C2609A,20260803,0.14,0.17,0.14,0.16,4980800
TISCO13C2612A,20260803,0.27,0.3,0.27,0.3,6035500
TISCO13C2704T,20260803,0.34,0.36,0.34,0.35,2560100
TLI01C2609A,20260803,0.14,0.16,0.14,0.16,2120000
TLI01C2611A,20260803,0.13,0.14,0.13,0.14,676800
TLI13C2609A,20260803,0.15,0.17,0.15,0.17,1093400
TLI13C2612A,20260803,0.2,0.22,0.2,0.21,407900
TLI41C2609A,20260803,0.16,0.16,0.16,0.16,1350000
TOA01C2702T,20260803,0.34,0.37,0.34,0.37,3663600
TOA13C2611A,20260803,0.51,0.58,0.51,0.57,9533800
TOA19C2701T,20260803,0.53,0.58,0.52,0.56,2451600
TOP01C2609A,20260803,0.12,0.13,0.12,0.13,1014700
TOP01C2610A,20260803,0.87,0.91,0.84,0.91,915800
TOP01C2612A,20260803,0.64,0.66,0.61,0.65,2816300
TOP01C2701T,20260803,0.74,0.76,0.73,0.76,1593500
TOP01P2701A,20260803,0.22,0.23,0.2,0.21,2017200
TOP13C2608A,20260803,0.11,0.11,0.11,0.11,100
TOP13C2612B,20260803,0.59,0.62,0.56,0.62,10834700
TOP13C2704T,20260803,0.44,0.45,0.43,0.45,4603000
TOP13P2612A,20260803,0.16,0.16,0.15,0.15,627200
TOP19C2612B,20260803,0.49,0.52,0.46,0.52,1598800
TOP41C2609T,20260803,1.98,2.02,1.98,2.02,2100000
TOP41C2611A,20260803,1.26,1.27,1.26,1.27,300000
TOP41C2611T,20260803,1.1,1.13,1.1,1.13,2050000
TOP41C2612A,20260803,0.85,0.91,0.85,0.9,1500000
TOP41C2612B,20260803,0.55,0.6,0.54,0.6,5880000
TOP41C2703T,20260803,0.61,0.63,0.61,0.63,3625500
TRUE01C2608A,20260803,0.01,0.01,0.01,0.01,60700
TRUE01C2610A,20260803,0.13,0.13,0.11,0.11,1058100
TRUE01C2612A,20260803,0.31,0.31,0.26,0.27,3987900
TRUE01P2612A,20260803,0.23,0.26,0.22,0.26,1794600
TRUE13C2610A,20260803,0.13,0.13,0.11,0.11,2538100
TRUE13C2611A,20260803,0.34,0.34,0.28,0.29,8666700
TRUE13P2611A,20260803,0.22,0.24,0.22,0.23,1760000
TRUE19C2610A,20260803,0.15,0.15,0.12,0.12,2173800
TRUE19C2611A,20260803,0.34,0.34,0.28,0.29,1156100
TRUE41C2611A,20260803,0.32,0.32,0.28,0.28,1950000
TRUE41C2612T,20260803,0.29,0.29,0.26,0.27,4000900
TRUE41C2702T,20260803,0.2,0.2,0.18,0.18,2400000
TTB01C2608A,20260803,0.55,0.59,0.54,0.56,181300
TTB01C2612A,20260803,0.43,0.45,0.42,0.43,2768400
TTB01C2701A,20260803,0.23,0.25,0.22,0.23,6040900
TTB01C2707T,20260803,0.29,0.3,0.29,0.29,3203200
TTB01P2701A,20260803,0.23,0.23,0.22,0.22,1713000
TTB13C2609A,20260803,0.72,0.72,0.72,0.72,200000
TTB13C2612A,20260803,0.53,0.53,0.47,0.51,25900
TTB13C2612B,20260803,0.33,0.35,0.33,0.34,1672000
TTB13C2701A,20260803,0.23,0.25,0.23,0.24,4804400
TTB13C2704T,20260803,0.19,0.2,0.19,0.19,466500
TTB13P2612A,20260803,0.2,0.2,0.19,0.2,1915300
TU01C2612A,20260803,0.19,0.22,0.18,0.22,1448500
TU13C2611A,20260803,0.16,0.21,0.16,0.21,9802900
TU41C2609T,20260803,0.12,0.15,0.12,0.15,4080000
TU41C2611A,20260803,0.16,0.2,0.16,0.2,1813100
VGI01C2611A,20260803,0.26,0.28,0.25,0.26,4191900
VGI01C2704T,20260803,0.23,0.24,0.22,0.22,2918900
VGI01P2611A,20260803,0.15,0.15,0.15,0.15,2952400
VGI13C2609A,20260803,0.12,0.13,0.11,0.12,1464600
VGI13C2610A,20260803,0.13,0.15,0.12,0.13,5568100
VGI13C2612A,20260803,0.3,0.33,0.29,0.3,8001600
VGI13P2611A,20260803,0.2,0.21,0.2,0.21,1751600
VGI19C2609A,20260803,0.08,0.09,0.08,0.08,2176300
VGI19C2610B,20260803,0.17,0.19,0.17,0.17,4253100
VGI41C2610A,20260803,0.13,0.14,0.12,0.12,4886900
VGI41C2612A,20260803,0.29,0.31,0.29,0.31,1050000
VGI41C2703T,20260803,0.29,0.31,0.29,0.3,3227700
VN3018C2609A,20260803,0.1,0.1,0.1,0.1,100
VN3018C2610A,20260803,0.28,0.28,0.28,0.28,3100
VN3018P2609A,20260803,0.54,0.54,0.51,0.51,200
WHA01C2608A,20260803,0.03,0.03,0.03,0.03,20400
WHA01C2610T,20260803,0.71,0.74,0.71,0.74,1317800
WHA01C2611A,20260803,0.08,0.08,0.08,0.08,11000
WHA01C2701A,20260803,0.59,0.64,0.59,0.64,3687000
WHA01C2705T,20260803,0.29,0.3,0.29,0.29,2931400
WHA01P2608A,20260803,0.01,0.01,0.01,0.01,23000
WHA01P2611A,20260803,0.15,0.15,0.15,0.15,4108400
WHA13C2611A,20260803,0.13,0.14,0.13,0.14,6471400
WHA13C2612A,20260803,0.62,0.66,0.6,0.66,21740900
WHA13C2701T,20260803,0.69,0.73,0.69,0.73,100100
WHA13P2611A,20260803,0.15,0.16,0.15,0.15,1741200
WHA19C2701A,20260803,0.19,0.2,0.19,0.2,16851600
WHA41C2611A,20260803,0.12,0.12,0.12,0.12,300000
WHA41C2612T,20260803,0.44,0.44,0.44,0.44,50000
WHA41C2701T,20260803,0.65,0.68,0.65,0.68,2250000
WHA41C2702T,20260803,0.16,0.16,0.15,0.15,600
WHAUP01C2612A,20260803,0.28,0.29,0.27,0.27,2761500
WHAUP01C2612B,20260803,0.27,0.27,0.25,0.26,3146100
WHAUP01P2612A,20260803,0.41,0.42,0.4,0.41,2640600
WHAUP13C2612A,20260803,0.36,0.37,0.34,0.35,2337100
WHAUP13C2612B,20260803,0.23,0.23,0.22,0.22,1596200
WHAUP13P2612A,20260803,0.39,0.41,0.39,0.4,1202000
WUXI41C2609A,20260803,0.16,0.16,0.15,0.16,1600
XIAOMI28C2609A,20260803,0.06,0.06,0.06,0.06,100
XIAOMI28C2612A,20260803,0.46,0.47,0.46,0.47,102000
XIAOMI41C2609T,20260803,0.08,0.08,0.08,0.08,30000
XIAOMI41C2610A,20260803,0.25,0.26,0.24,0.25,232600
XIAOMI41C2612A,20260803,0.93,0.96,0.93,0.96,30200
XIAOMI41P2612A,20260803,0.43,0.43,0.42,0.42,900
ZIJIN41C2610A,20260803,0.19,0.19,0.19,0.19,500
ACC-W2-O,20260803,0.03,0.03,0.03,0.03,1
ASW-W3-O,20260803,0.82,0.88,0.75,0.75,106
BC-W4-O,20260803,0.04,0.04,0.04,0.04,80
BC-W5-O,20260803,0.18,0.19,0.13,0.18,230
BWG-W7-O,20260803,0.02,0.02,0.01,0.01,332
BWG-W8-O,20260803,0.03,0.04,0.03,0.03,1333
CHAYO-W4-O,20260803,0.24,0.26,0.24,0.26,548
CIG-W10-O,20260803,0.13,0.13,0.13,0.13,24
CIG-W9-O,20260803,0.02,0.02,0.02,0.02,4
DEMCO-W8-O,20260803,1.37,1.49,1.37,1.49,103
EA-W1-O,20260803,0.62,0.63,0.6,0.63,611
EMPIRE-W2-O,20260803,0.01,0.01,0.01,0.01,9
IROYAL-W1-O,20260803,1.35,1.35,1.31,1.31,10
IROYAL-W2-O,20260803,0.75,0.75,0.75,0.75,2
ITEL-W6-O,20260803,0.26,0.26,0.26,0.26,27
ITTHI-W1-O,20260803,0.7,0.7,0.7,0.7,25
IVF-W1-O,20260803,0.17,0.17,0.17,0.17,144
JAS-W4-O,20260803,0.14,0.15,0.14,0.14,321
KUN-W3-O,20260803,0.06,0.06,0.04,0.04,4
MMM-W1-O,20260803,1.83,1.94,1.83,1.84,198
ORI-W2-O,20260803,0.26,0.26,0.25,0.25,652
PANEL-W1-O,20260803,0.14,0.14,0.14,0.14,50
PANEL-W2-O,20260803,0.17,0.17,0.17,0.17,1
POWER-W3-O,20260803,0.02,0.02,0.02,0.02,21
PRG-W4-O,20260803,5.8,5.8,5.5,5.8,59
PRG-W5-O,20260803,5.65,5.65,5.65,5.65,15
PROUD-W3-O,20260803,0.01,0.01,0.01,0.01,69
TFG-W4-O,20260803,5.35,5.35,5.3,5.3,103
TGE-W2-O,20260803,0.01,0.01,0.01,0.01,49
TL-W2-O,20260803,0.06,0.06,0.06,0.06,317
TNDT-W2-O,20260803,0.02,0.03,0.02,0.02,753
TNITY-W2-O,20260803,0.15,0.16,0.15,0.15,165
TVDH-W5-O,20260803,0.01,0.01,0.01,0.01,12
UREKA-W3-O,20260803,0.25,0.25,0.25,0.25,1
VIBE-W3-O,20260803,0.03,0.03,0.03,0.03,56
VIBHA-W5-O,20260803,0.04,0.05,0.04,0.05,85
ZIGA-W2-O,20260803,0.02,0.03,0.02,0.02,352
A5-W5,20260803,0.07,0.09,0.07,0.08,239400
ACC-W2,20260803,0.07,0.07,0.06,0.06,131500
ASW-W3,20260803,0.82,0.91,0.82,0.88,117100
BC-W4,20260803,0.04,0.05,0.04,0.05,53300
BC-W5,20260803,0.19,0.2,0.18,0.18,226500
BWG-W7,20260803,0.02,0.03,0.02,0.02,2186600
BWG-W8,20260803,0.03,0.04,0.03,0.03,1567900
CAZ-W1,20260803,1.47,1.51,1.47,1.48,504100
CHASE-W1,20260803,0.21,0.21,0.2,0.2,100200
CHAYO-W4,20260803,0.24,0.27,0.24,0.26,8919400
CIG-W10,20260803,0.13,0.13,0.13,0.13,100
CIG-W9,20260803,0.02,0.02,0.02,0.02,100
COMAN-W1,20260803,0.04,0.05,0.04,0.04,107600
CWT-W8,20260803,0.17,0.17,0.15,0.16,3090200
DEMCO-W8,20260803,1.38,1.54,1.37,1.45,911000
EA-W1,20260803,0.63,0.64,0.63,0.63,1897200
EMPIRE-W1,20260803,0.01,0.01,0.01,0.01,1200
EMPIRE-W2,20260803,0.05,0.05,0.05,0.05,120900
GLORY-W1,20260803,0.29,0.29,0.26,0.27,111300
HYDRO-W2,20260803,0.05,0.06,0.05,0.05,338100
IROYAL-W1,20260803,1.37,1.38,1.3,1.33,431800
IROYAL-W2,20260803,0.78,0.78,0.71,0.76,274500
ITEL-W6,20260803,0.26,0.28,0.26,0.27,1668700
ITTHI-W1,20260803,0.7,0.71,0.66,0.68,419700
IVF-W1,20260803,0.19,0.2,0.19,0.19,55300
JAS-W4,20260803,0.16,0.16,0.15,0.15,3651200
KASET-W1,20260803,0.08,0.09,0.08,0.09,23700
KUN-W4,20260803,0.06,0.07,0.06,0.07,200
MADAME-W6,20260803,0.16,0.17,0.15,0.16,83400
MMM-W1,20260803,1.69,1.95,1.69,1.81,3082200
NOBLE-W3,20260803,0.1,0.11,0.1,0.1,186700
NRF-W2,20260803,0.05,0.05,0.04,0.05,252000
ORI-W2,20260803,0.26,0.27,0.25,0.26,1189700
PANEL-W1,20260803,0.13,0.15,0.13,0.14,90200
PANEL-W2,20260803,0.17,0.2,0.17,0.19,201600
PEER-W2,20260803,0.01,0.01,0.01,0.01,200
PLANET-W2,20260803,0.16,0.16,0.16,0.16,10000
PLANET-W3,20260803,0.19,0.2,0.19,0.2,3500
POWER-W3,20260803,0.03,0.04,0.03,0.04,645200
POWER-W4,20260803,0.09,0.1,0.09,0.1,683800
PRG-W4,20260803,5.85,5.85,5.85,5.85,100
PRG-W5,20260803,5.7,5.7,5.7,5.7,2000
PROEN-W2,20260803,0.09,0.09,0.08,0.09,724100
PROUD-W3,20260803,0.17,0.17,0.16,0.16,124900
QDC-W3,20260803,0.05,0.06,0.05,0.06,41000
ROCTEC-W5,20260803,0.01,0.01,0.01,0.01,10300
SAAM-W3,20260803,0.12,0.14,0.12,0.14,130900
SAAM-W4,20260803,0.13,0.14,0.13,0.14,60200
SAMTEL-W2,20260803,0.23,0.25,0.21,0.22,597800
SGC-W2,20260803,0.73,0.78,0.73,0.76,2230400
SPTX-W8,20260803,0.01,0.01,0.01,0.01,401000
TAKUNI-W2,20260803,0.29,0.29,0.29,0.29,500
TCC-W5,20260803,0.14,0.15,0.14,0.15,10500
TFG-W4,20260803,5.3,5.4,5.3,5.4,31100
TGE-W2,20260803,0.06,0.06,0.05,0.06,201100
TL-W2,20260803,0.06,0.07,0.06,0.06,537000
TNDT-W2,20260803,0.03,0.04,0.02,0.04,5128700
TNITY-W2,20260803,0.16,0.16,0.15,0.16,111600
TRUBB-W3,20260803,0.44,0.45,0.44,0.45,42600
TVDH-W5,20260803,0.01,0.02,0.01,0.02,250300
TVDH-W6,20260803,0.01,0.02,0.01,0.01,5800
UREKA-W3,20260803,0.23,0.26,0.23,0.24,192500
VGI-W3,20260803,0.01,0.01,0.01,0.01,7500
VIBE-W3,20260803,0.03,0.04,0.03,0.04,58300
VIBHA-W5,20260803,0.06,0.06,0.05,0.05,104300
XBIO-W6,20260803,0.02,0.02,0.01,0.02,95300
XBIO-W7,20260803,0.01,0.01,0.01,0.01,510500
XBIO-W8,20260803,0.15,0.15,0.15,0.15,289000
ZIGA-W2,20260803,0.02,0.03,0.02,0.03,344800
1DIV-O,20260803,14,14.78,13.98,14.02,328
2I01BSET50-O,20260803,2.35,2.36,2.32,2.32,184
BMSCG-O,20260803,9.78,9.78,9.78,9.78,16
BSET100-O,20260803,12.2,12.2,12.16,12.16,99
CHINA-O,20260803,7.49,7.49,7.45,7.45,83
GLD-O,20260803,5.44,5.44,5.37,5.42,662
TDEX-O,20260803,10.64,11.5,10.63,11.45,1004
1DIV,20260803,14.05,14.05,13.98,14.03,1080900
1I01BSET50,20260803,3.41,3.42,3.41,3.41,300
2I01BSET50,20260803,2.32,2.35,2.32,2.33,168200
2X01BSET50,20260803,8.65,8.67,8.58,8.64,14900
BMSCG,20260803,9.84,9.93,9.84,9.93,2033200
BMSCITH,20260803,12.61,12.65,12.58,12.58,34900
BSET100,20260803,12.13,12.2,12.09,12.12,24100
CHINA,20260803,7.49,7.5,7.45,7.45,43000
GLD,20260803,5.4,5.41,5.37,5.37,1597800
TDEX,20260803,10.64,10.69,10.59,10.61,3003400
2S-O,20260803,3.26,3.26,2.9,2.9,66
3BBIF-O,20260803,6.6,6.6,6.55,6.6,833
88TH-O,20260803,4.04,4.04,4.04,4.04,29
AAI-O,20260803,4.06,4.08,4.02,4.06,236
AAV-O,20260803,1.07,1.07,1.06,1.07,605
ACC-O,20260803,0.32,0.33,0.32,0.33,22
ACE-O,20260803,1.35,1.35,1.32,1.32,3
ADB-O,20260803,1.03,1.03,1,1.02,126
ADD-O,20260803,3.48,3.48,3.48,3.48,1
ADVANC-O,20260803,380,380,373,374,14302
ADVICE-O,20260803,7.45,7.45,7.35,7.4,230
AE-O,20260803,0.1,0.1,0.09,0.1,58
AEONTS-O,20260803,105.5,108.5,105,107.5,520
AF-O,20260803,0.39,0.39,0.39,0.39,10
AGE-O,20260803,1.33,1.47,1.33,1.35,152
AH-O,20260803,16.2,16.4,16.1,16.4,107
AHC-O,20260803,13.7,13.7,13.6,13.6,45
AI-O,20260803,2.9,2.92,2.88,2.9,146
AIE-O,20260803,1.21,1.22,1.2,1.2,126
AIMCG-O,20260803,1.74,1.74,1.71,1.71,110
AIMIRT-O,20260803,12.4,12.5,12.2,12.2,200
AIT-O,20260803,4.94,4.98,4.9,4.98,91
AJ-O,20260803,3.06,3.06,3.06,3.06,20
AJA-O,20260803,0.12,0.12,0.11,0.11,50
AKR-O,20260803,0.92,0.92,0.9,0.9,3
ALLY-O,20260803,5.2,5.2,5.2,5.2,181
ALPHAX-O,20260803,0.27,0.27,0.24,0.24,100
ALT-O,20260803,1.88,1.88,1.83,1.86,212
AMA-O,20260803,3.88,3.88,3.86,3.86,187
AMANAH-O,20260803,0.8,0.83,0.8,0.81,170
AMARC-O,20260803,3.04,3.04,3.04,3.04,43
AMATA-O,20260803,29,29,28.25,28.5,746
AMATAR-O,20260803,7.6,7.6,7.6,7.6,32
AMATAV-O,20260803,2.06,2.06,2.06,2.06,1
AMC-O,20260803,2.2,2.2,2.2,2.2,1
ANAN-O,20260803,0.34,0.34,0.34,0.34,50
ANI-O,20260803,3.62,3.66,3.56,3.66,18
AOT-O,20260803,64,64.5,63.5,64,2757
AP-O,20260803,8.3,8.4,8.25,8.3,1725
APCO-O,20260803,2.6,2.6,2.6,2.6,6
APCS-O,20260803,1.32,1.32,1.32,1.32,1
APO-O,20260803,2.12,2.24,2.12,2.24,75
ARIN-O,20260803,0.35,0.35,0.35,0.35,49
ARIP-O,20260803,0.46,0.46,0.46,0.46,9
ARROW-O,20260803,4.1,4.1,4.1,4.1,1
ASEFA-O,20260803,6,6,5.95,6,19
ASIAN-O,20260803,7.65,7.65,7.5,7.6,152
ASIMAR-O,20260803,1.44,1.44,1.44,1.44,7
ASK-O,20260803,12.2,12.6,12.2,12.4,165
ASN-O,20260803,0.72,0.72,0.72,0.72,10
ASP-O,20260803,2.4,2.46,2.4,2.44,73
ASTR-O,20260803,4.84,4.86,4.84,4.86,9
ASW-O,20260803,7.45,7.5,7.3,7.5,135
ATLAS-O,20260803,1.88,1.96,1.88,1.96,8
ATP30-O,20260803,0.79,0.79,0.79,0.79,1
AU-O,20260803,4.66,4.7,4.66,4.7,11
AURA-O,20260803,14.5,14.5,14.1,14.3,308
AWC-O,20260803,2.98,3.08,2.96,3.04,1595
AXTRART-O,20260803,13.2,13.3,13.2,13.3,153
AYUD-O,20260803,43.5,43.5,42.75,43.25,86
B-O,20260803,0.03,0.04,0.03,0.04,362
B-WORK-O,20260803,6.55,6.55,6.55,6.55,8
B52-O,20260803,0.26,0.26,0.26,0.26,50
BA-O,20260803,19.6,19.7,19.2,19.5,1624
BAFS-O,20260803,10.9,11,10.9,10.9,174
BAM-O,20260803,6.9,7,6.85,6.9,663
BAREIT-O,20260803,11.9,11.9,11.9,11.9,20
BAY-O,20260803,40.25,41,40.25,41,799
BBGI-O,20260803,4.96,5.1,4.96,5.1,313
BBIK-O,20260803,23.4,24.4,22.5,22.8,776
BBL-O,20260803,190,193.5,189,191.5,2656
BCH-O,20260803,10.3,10.6,10.2,10.5,774
BCP-O,20260803,44.25,45.5,44.25,45.25,2277
BCPG-O,20260803,7.15,7.25,7.05,7.15,711
BDMS-O,20260803,19.3,19.6,19.1,19.6,8928
BE8-O,20260803,6.75,7,6.6,6.6,181
BEC-O,20260803,2.1,2.1,2.1,2.1,1
BEM-O,20260803,6.8,6.8,6.7,6.75,759
BEYOND-O,20260803,8,8,8,8,30
BGC-O,20260803,6.95,6.95,6.8,6.8,24
BGRIM-O,20260803,19,19.1,18.7,18.8,1277
BH-O,20260803,188,189.5,186.5,188,1956
BIG-O,20260803,0.32,0.32,0.32,0.32,2
BIS-O,20260803,2.16,2.16,2.14,2.14,2
BIZ-O,20260803,5.95,6.05,5.9,5.9,208
BJC-O,20260803,16.2,16.3,16.1,16.3,1100
BJCHI-O,20260803,3.2,3.2,3.2,3.2,50
BKD-O,20260803,1.16,1.16,1.15,1.15,4
BKIH-O,20260803,380,380,373,373,11
BLA-O,20260803,25.25,26,25,26,118
BLAND-O,20260803,0.63,0.63,0.62,0.63,133
BLC-O,20260803,4.06,4.06,4.06,4.06,20
BM-O,20260803,1.19,1.19,1.17,1.17,13
BOFFICE-O,20260803,5.55,5.55,5.55,5.55,46
BOL-O,20260803,5.05,5.15,5.05,5.15,44
BRI-O,20260803,1.34,1.36,1.34,1.36,13
BROCK-O,20260803,0.85,0.85,0.85,0.85,29
BRR-O,20260803,3.64,3.64,3.64,3.64,1
BSBM-O,20260803,0.7,0.71,0.7,0.71,81
BSM-O,20260803,0.75,0.79,0.75,0.79,155
BTC-O,20260803,0.16,0.16,0.14,0.15,511
BTG-O,20260803,21.3,21.4,21.1,21.3,782
BTNC-O,20260803,18.4,18.4,18.4,18.4,1
BTS-O,20260803,2.12,2.16,2.1,2.12,1602
BTSGIF-O,20260803,1.71,2.46,1.71,2.44,88
BTW-O,20260803,0.09,0.09,0.08,0.08,8
BVG-O,20260803,1.7,1.7,1.69,1.69,3
BWG-O,20260803,0.28,0.28,0.27,0.27,5
BYD-O,20260803,0.48,0.48,0.44,0.47,33
CBG-O,20260803,51,51.75,50.75,51.5,790
CCET-O,20260803,8.45,8.5,8.3,8.4,1543
CCP-O,20260803,0.35,0.35,0.2,0.27,3
CENTEL-O,20260803,39,40.5,38.75,39.75,1298
CEYE-O,20260803,0.8,1.15,0.8,1.15,44
CFRESH-O,20260803,1.25,1.26,1.25,1.26,10
CGD-O,20260803,0.07,0.13,0.07,0.11,101
CGH-O,20260803,0.56,0.56,0.53,0.53,33
CHAO-O,20260803,4.22,4.22,4.22,4.22,3
CHASE-O,20260803,0.54,0.54,0.54,0.54,99
CHAYO-O,20260803,1.42,1.46,1.42,1.45,687
CHEWA-O,20260803,0.15,0.15,0.15,0.15,2
CHG-O,20260803,1.59,1.59,1.56,1.58,1046
CHIC-O,20260803,0.22,0.3,0.22,0.3,51
CHOW-O,20260803,1.38,1.38,1.38,1.38,1
CIG-O,20260803,0.01,0.01,0.01,0.01,49
CIVIL-O,20260803,1.14,1.14,1.14,1.14,1
CK-O,20260803,18.3,18.7,18.2,18.3,341
CKP-O,20260803,2.6,2.6,2.56,2.56,114
CM-O,20260803,1.56,1.56,1.53,1.53,11
CMO-O,20260803,0.72,0.72,0.72,0.72,40
CMR-O,20260803,1.28,1.28,1.25,1.25,6
CNT-O,20260803,1.86,1.86,1.86,1.86,3
COCOCO-O,20260803,5.85,5.95,5.85,5.85,117
COLOR-O,20260803,1,1,1,1,1
COM7-O,20260803,30.5,31,30.25,30.5,581
CPALL-O,20260803,48,48.75,47.5,48.25,11530
CPAXT-O,20260803,15,15,14.9,15,2747
CPF-O,20260803,22.3,22.5,22.2,22.3,1362
CPI-O,20260803,3.7,3.72,3.7,3.72,232
CPL-O,20260803,0.69,0.69,0.69,0.69,1
CPN-O,20260803,68.5,69.5,68.5,69,1330
CPNCG-O,20260803,5.4,5.4,5.3,5.3,116
CPNREIT-O,20260803,13.4,14.1,13.4,13.7,476
CPR-O,20260803,2.6,2.6,2.6,2.6,15
CPW-O,20260803,2.52,2.58,2.52,2.56,170
CRANE-O,20260803,0.35,0.35,0.35,0.35,35
CRC-O,20260803,27,27.5,26.75,26.75,2376
CREDIT-O,20260803,23.7,24.2,23.6,24,306
CSC-O,20260803,44.5,44.75,44.5,44.75,35
CSS-O,20260803,1.03,1.03,1.03,1.03,5
CTW-O,20260803,7.5,7.5,7.5,7.5,1
CWT-O,20260803,0.92,0.92,0.92,0.92,5
D-O,20260803,3.08,3.08,3.06,3.06,38
DCC-O,20260803,1.48,1.48,1.48,1.48,16
DCON-O,20260803,0.14,0.19,0.14,0.18,96
DDD-O,20260803,5.1,5.1,5.1,5.1,2
DELTA-O,20260803,278,278,270,273,20925
DEMCO-O,20260803,3.48,3.48,3.48,3.48,1
DHOUSE-O,20260803,0.3,0.3,0.3,0.3,2
DIF-O,20260803,10.3,10.4,10.2,10.3,3180
DIMET-O,20260803,0.06,0.06,0.06,0.06,1
DITTO-O,20260803,16.1,16.1,15.7,15.8,420
DMT-O,20260803,12.4,12.6,12.4,12.5,599
DOHOME-O,20260803,4.04,4.06,2.8,4.04,2164
DRT-O,20260803,5.3,5.3,5.2,5.3,248
DTCENT-O,20260803,0.94,0.95,0.94,0.94,92
DTCI-O,20260803,22.7,22.7,22.7,22.7,2
DUSIT-O,20260803,11.8,11.8,11.8,11.8,3
EA-O,20260803,2.94,2.96,2.92,2.94,772
EASON-O,20260803,1.18,1.18,1.17,1.17,86
EAST-O,20260803,0.75,0.75,0.75,0.75,49
EASTW-O,20260803,5.25,5.9,5.25,5.6,1006
EFORL-O,20260803,0.12,0.12,0.12,0.12,10
EGATIF-O,20260803,6.15,6.15,6.15,6.15,20
EGCO-O,20260803,133.5,136,132.5,133.5,1145
EKH-O,20260803,5.05,5.1,5,5.05,204
EMPIRE-O,20260803,0.15,0.19,0.13,0.19,101
EP-O,20260803,1.28,1.28,1.27,1.27,89
EPG-O,20260803,6.4,6.4,6.3,6.3,172
ERW-O,20260803,3.48,3.74,3.48,3.66,727
ESTAR-O,20260803,0.3,0.3,0.3,0.3,1
ETL-O,20260803,0.42,0.42,0.42,0.42,92
EVER-O,20260803,0.09,0.09,0.09,0.09,60
F&D-O,20260803,43.75,43.75,43.75,43.75,8
FANCY-O,20260803,0.21,0.21,0.21,0.21,25
FE-O,20260803,198.5,198.5,198.5,198.5,1
FLOYD-O,20260803,1.12,1.12,1.11,1.11,92
FM-O,20260803,4.26,4.32,4.26,4.32,40
FMT-O,20260803,20,21.7,19.9,21.7,10
FN-O,20260803,0.43,0.43,0.43,0.43,1
FORTH-O,20260803,17.9,18.1,17.6,17.8,857
FPI-O,20260803,1.61,1.61,1.61,1.61,1
FPT-O,20260803,7.15,7.15,7.15,7.15,1
FSMART-O,20260803,8,8.25,8,8.05,127
FTE-O,20260803,2.72,2.72,2.7,2.72,117
FTI-O,20260803,1.79,1.79,1.76,1.76,7
FTREIT-O,20260803,13,13,12.8,12.9,666
FUTURERT-O,20260803,9.3,9.3,9.05,9.05,11
GABLE-O,20260803,4.3,4.3,4.3,4.3,6
GBX-O,20260803,0.7,0.7,0.67,0.67,56
GC-O,20260803,5.25,5.25,5,5,74
GCAP-O,20260803,0.23,0.26,0.22,0.22,3
GEL-O,20260803,0.05,0.05,0.05,0.05,1
GENCO-O,20260803,0.34,0.34,0.34,0.34,1
GFC-O,20260803,2.26,2.56,2.26,2.56,72
GFPT-O,20260803,9.8,9.8,9.7,9.7,127
GJS-O,20260803,0.15,0.15,0.15,0.15,1
GLOBAL-O,20260803,7.45,7.65,7.3,7.55,1602
GPI-O,20260803,1.79,1.79,1.78,1.79,16
GPSC-O,20260803,52.5,52.75,51.75,52,911
GRAMMY-O,20260803,3.78,3.78,3.6,3.62,47
GROREIT-O,20260803,8.6,8.6,8.6,8.6,78
GTV-O,20260803,0.02,0.02,0.02,0.02,1
GULF-O,20260803,67.25,67.25,66.5,66.75,7628
GUNKUL-O,20260803,5.2,5.2,5.05,5.1,1074
GVREIT-O,20260803,8.15,8.15,8.15,8.15,10
HANA-O,20260803,35.75,37.25,35.75,36.5,3051
HANN-O,20260803,0.6,0.86,0.6,0.86,83
HARN-O,20260803,2,2.08,2,2.08,95
HENG-O,20260803,0.99,0.99,0.98,0.98,100
HFT-O,20260803,4.1,4.1,4.06,4.06,11
HL-O,20260803,5.7,5.7,5.7,5.7,1
HMPRO-O,20260803,6.6,6.8,6.6,6.75,2179
HTC-O,20260803,11.2,16.3,11.2,16.3,443
HTECH-O,20260803,4.04,4.04,4.04,4.04,1
HUMAN-O,20260803,4.8,4.8,4.7,4.72,62
HYDRO-O,20260803,0.06,0.07,0.06,0.07,166
I2-O,20260803,0.74,0.74,0.52,0.73,9
ICC-O,20260803,31,31,31,31,1
ICHI-O,20260803,15,15.6,14.9,15.1,2234
ICN-O,20260803,2.14,2.18,2.14,2.18,22
IFS-O,20260803,1.94,1.94,1.94,1.94,1
IHL-O,20260803,1.44,1.44,1.44,1.44,6
III-O,20260803,4.66,4.68,4.66,4.68,151
ILINK-O,20260803,5.2,5.3,4.3,5.15,164
ILM-O,20260803,14.8,14.8,13.1,13.2,42
IMPACT-O,20260803,12.7,13.4,12.7,13.2,127
IND-O,20260803,0.89,0.89,0.89,0.89,15
INET-O,20260803,4.16,4.22,4.16,4.18,228
INETREIT-O,20260803,13.5,13.5,13.4,13.5,2451
INOX-O,20260803,4.22,4.22,4.12,4.12,91
INSET-O,20260803,4.64,4.64,4.58,4.6,89
IP-O,20260803,3.76,5.5,3.76,5.35,173
IRC-O,20260803,12,12,12,12,41
IRCP-O,20260803,0.31,0.31,0.31,0.31,10
IROYAL-O,20260803,4.66,4.7,4.66,4.68,31
IRPC-O,20260803,2.14,2.26,2.14,2.26,1369
IT-O,20260803,8.35,8.35,8.15,8.15,148
ITC-O,20260803,17.6,18.1,17.4,17.9,720
ITD-O,20260803,0.42,0.42,0.35,0.42,205
ITEL-O,20260803,1.74,1.76,1.73,1.73,81
IVF-O,20260803,0.79,0.79,0.59,0.59,2
IVL-O,20260803,22,22.3,21.8,21.9,1262
J-O,20260803,0.99,0.99,0.99,0.99,5
JAS-O,20260803,1.09,1.09,1.06,1.09,200
JCK-O,20260803,0.13,0.13,0.12,0.12,2
JCT-O,20260803,85,85,84.5,84.75,18
JMART-O,20260803,11.5,11.7,11.2,11.3,760
JMT-O,20260803,12.3,12.3,12.1,12.1,503
JPARK-O,20260803,4.22,4.22,3.64,3.64,50
JTS-O,20260803,30.5,30.5,30,30,103
JUBILE-O,20260803,8,8,8,8,1
K-O,20260803,0.93,0.93,0.92,0.92,3
KAMART-O,20260803,7.35,7.45,7.35,7.45,253
KBANK-O,20260803,245,247,242,243,6030
KBS-O,20260803,6.05,6.05,6.05,6.05,40
KBSPIF-O,20260803,9.85,9.85,9.75,9.85,22
KC-O,20260803,0.02,0.02,0.02,0.02,1
KCAR-O,20260803,4.94,4.94,4.94,4.94,20
KCE-O,20260803,42,44.5,42,44.25,4066
KCG-O,20260803,10.6,10.6,10.6,10.6,25
KDH-O,20260803,89,89,89,89,1
KGEN-O,20260803,1.77,1.77,1.77,1.77,9
KGI-O,20260803,5.15,5.2,5.15,5.2,162
KISS-O,20260803,3.68,3.68,3.64,3.64,53
KJL-O,20260803,7.2,7.2,6.65,6.65,124
KK-O,20260803,1.02,1.03,1.02,1.03,8
KKP-O,20260803,112.5,113,109,112,16544
KLINIQ-O,20260803,28,28,27.75,27.75,238
KPNREIT-O,20260803,2,2,2,2,2
KSL-O,20260803,1.61,1.61,1.59,1.59,98
KTB-O,20260803,44.25,45,43.75,44.5,22465
KTBSTMR-O,20260803,7.4,7.4,7.3,7.3,24
KTC-O,20260803,38.25,38.75,38.25,38.25,1494
KTMS-O,20260803,1.32,1.34,1.32,1.34,2
KUMWEL-O,20260803,2.32,2.36,2.32,2.36,105
KYE-O,20260803,305,305,296,301,214
LALIN-O,20260803,4.2,4.42,4.2,4.42,21
LANNA-O,20260803,14.7,14.8,14.6,14.6,300
LDC-O,20260803,0.24,0.24,0.24,0.24,10
LEE-O,20260803,2.54,2.54,2.52,2.52,45
LEO-O,20260803,1.95,1.95,1.95,1.95,14
LH-O,20260803,3.82,3.86,3.8,3.84,2024
LHFG-O,20260803,1.26,1.3,1.25,1.26,387
LHHOTEL-O,20260803,14.2,14.2,14.1,14.2,54
LHK-O,20260803,3.56,3.56,3.54,3.56,147
LHSC-O,20260803,15.5,16.4,15.5,15.7,414
LOXLEY-O,20260803,1.47,1.47,1.47,1.47,1
LPH-O,20260803,3.9,3.9,3.8,3.8,68
LPN-O,20260803,1.63,1.63,1.61,1.63,28
LTMH-O,20260803,10.7,10.7,8.25,8.25,3
LTS-O,20260803,3.08,3.08,3.06,3.06,65
M-CHAI-O,20260803,19.1,19.1,19.1,19.1,13
M-O,20260803,21.6,21.7,21.5,21.7,261
M-PAT-O,20260803,1.48,1.48,1.48,1.48,9
MADAME-O,20260803,0.77,0.77,0.77,0.77,2
MAGURO-O,20260803,19.9,22,19.9,19.9,107
MAJOR-O,20260803,7.3,7.75,7.15,7.3,415
MALEE-O,20260803,4.02,4.06,4.02,4.06,106
MANRIN-O,20260803,27,27,27,27,1
MASTEC-O,20260803,2.1,2.1,2.08,2.08,14
MASTER-O,20260803,9.1,9.3,9.1,9.3,370
MATI-O,20260803,3.1,3.1,3.1,3.1,1
MBAX-O,20260803,2,2,1.98,1.98,3
MBK-O,20260803,22.8,23.3,22.7,23.1,502
MC-O,20260803,11.8,12.2,11.8,11.9,409
MCA-O,20260803,1.3,1.3,1.3,1.3,5
MCS-O,20260803,8,8.05,8,8,206
MDX-O,20260803,3.56,3.56,3.54,3.54,3
MEB-O,20260803,12.6,13,12.6,12.9,133
MEDEZE-O,20260803,6.55,6.6,6.55,6.6,2
MEGA-O,20260803,38,39.5,38,39.5,646
METCO-O,20260803,303,312,300,302,110
MFC-O,20260803,20.2,20.4,20.2,20.4,17
MFEC-O,20260803,6,6.1,6,6.1,43
MGC-O,20260803,11,11,10.3,10.3,11
MGI-O,20260803,5.7,5.75,5.7,5.7,38
MGT-O,20260803,1.93,1.93,1.93,1.93,1
MICRO-O,20260803,1.6,1.6,1.54,1.54,133
MII-O,20260803,6.55,6.55,6.55,6.55,15
MINT-O,20260803,24,24.2,23.7,23.7,1671
MITSIB-O,20260803,0.64,0.64,0.62,0.62,6
MJLF-O,20260803,5.9,5.9,5.9,5.9,83
MK-O,20260803,0.58,0.58,0.56,0.56,49
ML-O,20260803,1.5,1.78,1.46,1.78,305
MMM-O,20260803,2.88,3,2.88,2.92,193
MNRF-O,20260803,2.02,2.02,2.02,2.02,3
MONO-O,20260803,0.71,0.72,0.69,0.69,138
MOONG-O,20260803,2.5,2.5,2.48,2.48,122
MOSHI-O,20260803,42,42.5,41.75,42.5,258
MOTHER-O,20260803,1.18,1.18,1.18,1.18,25
MPJ-O,20260803,3.78,3.8,3.78,3.78,11
MRDIYT-O,20260803,10,10.1,10,10,260
MSC-O,20260803,6,6,6,6,2
MST-O,20260803,10.9,10.9,8.4,8.4,5
MTC-O,20260803,34,34.5,33.75,34.25,712
MTI-O,20260803,17.6,17.7,17.6,17.7,30
NAT-O,20260803,1.76,1.76,1.76,1.76,1
NCAP-O,20260803,3.84,3.84,3.8,3.8,112
NEO-O,20260803,23.6,23.7,23,23.7,172
NER-O,20260803,4.52,4.52,4.5,4.52,260
NETBAY-O,20260803,13.5,13.7,13.4,13.6,50
NEX-O,20260803,1.02,1.02,1.01,1.01,50
NKI-O,20260803,13,16.4,11.7,16.4,95
NNCL-O,20260803,1.84,1.87,1.84,1.85,15
NOBLE-O,20260803,1.85,1.86,1.85,1.86,72
NPK-O,20260803,17.9,17.9,17.9,17.9,1
NSL-O,20260803,23,24,23,23.2,203
NTF-O,20260803,15.4,16.9,15.4,16.3,253
NTSC-O,20260803,8.15,8.15,6.2,6.2,34
NUT-O,20260803,6.2,6.2,4.96,4.96,101
NYT-O,20260803,4.12,4.16,4.08,4.16,83
OCC-O,20260803,13,13,13,13,1
OGC-O,20260803,9.1,9.65,9.1,9.65,11
OHTL-O,20260803,267,267,267,267,42
OKJ-O,20260803,3.54,4.4,3.52,3.52,155
ONEE-O,20260803,3.18,3.26,3.18,3.24,281
ONSENS-O,20260803,1.11,1.12,1.11,1.12,10
OR-O,20260803,12.9,12.9,12.7,12.8,2225
ORI-O,20260803,2.08,2.12,2,2.06,333
OSP-O,20260803,17.5,17.7,17.4,17.6,646
PAF-O,20260803,0.66,0.95,0.66,0.95,70
PAP-O,20260803,2.58,2.58,2.58,2.58,5
PATO-O,20260803,6.15,6.2,6.15,6.2,22
PB-O,20260803,48,48,48,48,21
PCC-O,20260803,3,3,2.98,2.98,8
PCE-O,20260803,2.16,2.16,2.16,2.16,6
PCSGH-O,20260803,3.06,3.1,3.06,3.1,70
PDG-O,20260803,3.16,3.16,3.16,3.16,76
PDJ-O,20260803,0.98,0.98,0.98,0.98,4
PEACE-O,20260803,1.48,1.5,1.48,1.5,70
PEER-O,20260803,0.11,0.11,0.11,0.11,1
PF-O,20260803,0.04,0.05,0.04,0.04,201
PHOL-O,20260803,3.28,3.3,3.26,3.3,51
PIN-O,20260803,4.7,4.7,4.68,4.68,43
PIS-O,20260803,5.2,5.2,5.2,5.2,1
PJW-O,20260803,2.08,2.08,2.06,2.06,8
PL-O,20260803,1.4,1.4,1.4,1.4,1
PLANB-O,20260803,6.15,6.15,6,6.05,401
PLAT-O,20260803,1.44,1.5,1.44,1.5,38
PLE-O,20260803,0.06,0.06,0.06,0.06,49
PLT-O,20260803,0.52,0.53,0.52,0.53,50
PLUS-O,20260803,1.29,1.3,1.29,1.3,7
PM-O,20260803,11.2,11.3,11.2,11.3,201
PMC-O,20260803,0.93,0.93,0.92,0.92,35
PMTA-O,20260803,9.55,9.55,9.1,9.1,85
POLY-O,20260803,6.95,6.95,6.95,6.95,1
POPF-O,20260803,8.45,8.45,8.45,8.45,5
PPM-O,20260803,2.04,2.04,2.04,2.04,50
PPPM-O,20260803,0.23,0.23,0.23,0.23,2
PR9-O,20260803,17.7,18.2,17.7,18.2,600
PRAKIT-O,20260803,12.5,12.5,12.5,12.5,1
PRAPAT-O,20260803,0.79,0.8,0.79,0.79,258
PRECHA-O,20260803,0.42,0.42,0.42,0.42,39
PRG-O,20260803,10.6,10.6,10.6,10.6,73
PRINC-O,20260803,1.75,1.75,1.74,1.74,93
PRM-O,20260803,10.2,10.2,9.9,10,326
PROEN-O,20260803,0.98,0.99,0.98,0.99,10
PROSPECT-O,20260803,10.5,10.5,10.4,10.4,1420
PSGC-O,20260803,5.25,5.3,5.1,5.2,87
PSH-O,20260803,3.98,3.98,3.9,3.94,280
PSL-O,20260803,8.1,8.2,8.1,8.1,146
PSP-O,20260803,7.75,7.85,7.75,7.85,53
PT-O,20260803,11.5,11.6,11.5,11.5,399
PTG-O,20260803,7.6,7.6,7.5,7.5,812
PTL-O,20260803,14.2,14.2,14.1,14.1,101
PTT-O,20260803,38.75,39.5,38.25,38.75,7991
PTTEP-O,20260803,147.5,150,147.5,149,6769
PTTGC-O,20260803,36.75,36.75,36.25,36.5,1817
Q-CON-O,20260803,6.25,6.25,6.1,6.1,109
QH-O,20260803,1.45,1.48,1.45,1.45,1401
QHHRREIT-O,20260803,8.6,8.6,8.6,8.6,3
QLT-O,20260803,2.1,2.1,2.1,2.1,10
QTC-O,20260803,4.6,4.6,4.6,4.6,1
RABBIT-O,20260803,0.36,0.36,0.36,0.36,2
RAM-O,20260803,17.9,17.9,17.9,17.9,2
RATCH-O,20260803,38.5,38.5,37.5,38.5,1429
RBF-O,20260803,5.05,5.15,5.05,5.15,292
RCL-O,20260803,35,35.5,34.75,35.25,910
READY-O,20260803,3.06,3.06,3.04,3.04,100
RICHY-O,20260803,0.16,0.16,0.16,0.16,1
RJH-O,20260803,15.1,15.7,15.1,15.7,124
RML-O,20260803,0.08,0.09,0.08,0.08,220
ROCK-O,20260803,10.9,10.9,10.9,10.9,1
ROCTEC-O,20260803,0.7,0.71,0.7,0.7,118
ROJNA-O,20260803,6.15,6.45,6.15,6.15,161
RPC-O,20260803,0.4,0.4,0.4,0.4,1
RPH-O,20260803,5.05,5.05,5.05,5.05,6
RS-O,20260803,0.13,0.13,0.13,0.13,22
RSP-O,20260803,0.93,0.93,0.93,0.93,8
RWI-O,20260803,0.16,0.16,0.16,0.16,10
S-O,20260803,0.54,0.56,0.54,0.55,32
S&J-O,20260803,33.75,33.75,33.25,33.25,17
S11-O,20260803,3.16,4.44,3.16,4.22,1639
SABINA-O,20260803,15.9,16.1,15.9,16.1,194
SAFE-O,20260803,5.45,7,5.45,7,47
SAK-O,20260803,3.4,3.42,3.36,3.42,120
SAMART-O,20260803,4.14,5.95,4.14,5.9,164
SAMCO-O,20260803,0.88,0.88,0.8,0.8,11
SANKO-O,20260803,1.24,1.24,1.24,1.24,1
SAPPE-O,20260803,34.75,34.75,34.25,34.25,195
SAT-O,20260803,16.2,16.4,16.2,16.3,398
SAUCE-O,20260803,41.5,41.5,41.5,41.5,36
SAV-O,20260803,11.1,11.4,11.1,11.3,52
SAWAD-O,20260803,24.8,24.9,24.7,24.9,898
SAWANG-O,20260803,4.24,4.24,4.24,4.24,38
SC-O,20260803,2.04,2.06,2.02,2.04,84
SCAP-O,20260803,1.93,1.94,1.84,1.84,398
SCB-O,20260803,153,153.5,152,153,24460
SCC-O,20260803,254,256,253,254,968
SCCC-O,20260803,149,150,148,150,288
SCG-O,20260803,2.86,2.86,2.82,2.82,64
SCGD-O,20260803,5.65,5.85,5.65,5.85,325
SCGP-O,20260803,30.5,30.75,30.25,30.5,897
SCL-O,20260803,1.66,1.66,1.66,1.66,20
SCM-O,20260803,0.12,0.12,0.12,0.12,20
SCN-O,20260803,0.29,0.29,0.29,0.29,49
SCP-O,20260803,9.2,9.2,9.1,9.15,75
SDC-O,20260803,0.03,0.03,0.03,0.03,10
SE-ED-O,20260803,1.44,1.44,1.01,1.01,71
SE-O,20260803,0.48,0.5,0.48,0.5,156
SEAFCO-O,20260803,2.9,2.9,2.76,2.84,88
SEAOIL-O,20260803,3.32,3.32,2.4,3.32,144
SECURE-O,20260803,14.1,16.3,14.1,15.5,375
SEI-O,20260803,1.74,1.74,1.72,1.72,53
SELIC-O,20260803,2.76,2.78,2.76,2.78,101
SENX-O,20260803,0.2,0.2,0.15,0.2,18
SFT-O,20260803,1.39,1.39,1.39,1.39,23
SGC-O,20260803,1.77,1.77,1.75,1.75,125
SGF-O,20260803,0.18,0.18,0.18,0.18,1
SGP-O,20260803,8.05,8.05,7.95,8,62
SHR-O,20260803,1.68,1.69,1.67,1.68,68
SICT-O,20260803,2.94,3.12,2.94,3.04,54
SIMAT-O,20260803,1.23,1.23,1.23,1.23,3
SINGER-O,20260803,12.1,12.1,12,12,320
SINO-O,20260803,0.93,0.93,0.91,0.91,5
SIRI-O,20260803,1.52,1.6,1.52,1.55,2560
SIS-O,20260803,27,30,26.25,26.5,375
SISB-O,20260803,9.8,10.1,9.8,10,437
SITHAI-O,20260803,1.12,1.12,1.12,1.12,12
SJWD-O,20260803,9.8,10.1,9.8,10,92
SK-O,20260803,0.56,0.56,0.53,0.53,8
SKIN-O,20260803,0.92,0.92,0.9,0.9,23
SKN-O,20260803,6.75,6.75,6.75,6.75,1
SKR-O,20260803,7.95,7.95,7.95,7.95,24
SKY-O,20260803,19.3,19.3,18.5,18.9,309
SMART-O,20260803,0.59,0.59,0.57,0.57,350
SMD100-O,20260803,1.16,1.17,1.16,1.17,125
SMIT-O,20260803,2.56,3.64,2.56,3.64,80
SMPC-O,20260803,9.6,9.75,9.6,9.75,16
SMT-O,20260803,4.88,5.8,4.88,5.4,1756
SNC-O,20260803,8.4,8.4,8.4,8.4,40
SNNP-O,20260803,7.15,7.15,7.15,7.15,122
SNP-O,20260803,9.2,9.2,9.2,9.2,1
SNPS-O,20260803,4.52,4.52,4.52,4.52,1
SO-O,20260803,4.66,4.7,4.66,4.7,66
SOLAR-O,20260803,0.21,0.23,0.21,0.23,100
SONIC-O,20260803,1.5,1.5,1.5,1.5,20
SORKON-O,20260803,3.5,3.5,3.5,3.5,104
SPA-O,20260803,3.32,3.32,3.32,3.32,17
SPALI-O,20260803,16,16.2,16,16.2,596
SPC-O,20260803,55.5,55.75,55.5,55.75,65
SPCG-O,20260803,9.25,9.35,9.2,9.3,600
SPG-O,20260803,14.8,14.8,14.8,14.8,1
SPI-O,20260803,35,35,33.25,33.25,5
SPRC-O,20260803,10.7,11.1,10.7,11,512
SPREME-O,20260803,1.51,1.51,1.51,1.51,39
SPRIME-O,20260803,4.34,4.34,4.34,4.34,70
SPTX-O,20260803,0.01,0.01,0.01,0.01,138
SPVI-O,20260803,3.5,3.52,3.38,3.52,102
SRICHA-O,20260803,18.2,18.2,18,18,95
SRIPANWA-O,20260803,5.15,5.15,5.15,5.15,5
SSP-O,20260803,4.72,4.72,4.64,4.7,237
SSSC-O,20260803,2.3,2.3,2.28,2.28,53
SSTRT-O,20260803,4.72,4.74,4.72,4.74,60
STA-O,20260803,18.5,19,18.5,18.6,287
STANLY-O,20260803,236,237,236,236,246
STECON-O,20260803,18.2,18.4,18.1,18.2,622
STELLA-O,20260803,0.19,0.19,0.19,0.19,4
STGT-O,20260803,11,11,10.6,10.8,269
STI-O,20260803,1.76,1.76,1.76,1.76,1
STOWER-O,20260803,0.03,0.03,0.03,0.03,96
STPI-O,20260803,6.4,6.9,6.4,6.5,102
SUC-O,20260803,27.5,27.5,27.5,27.5,66
SUN-O,20260803,2.58,2.58,2.56,2.56,164
SUPER-O,20260803,0.14,0.14,0.12,0.14,24
SUPEREIF-O,20260803,6.3,6.3,6.3,6.3,38
SUSCO-O,20260803,2.24,2.32,2.24,2.32,415
SVOA-O,20260803,2.26,2.3,2.26,2.26,154
SVR-O,20260803,0.36,0.36,0.36,0.36,7
SVT-O,20260803,1.33,1.33,1.33,1.33,6
SYNEX-O,20260803,10.2,10.2,9.95,9.95,121
SYNTEC-O,20260803,1.92,1.92,1.92,1.92,1
TACC-O,20260803,6.5,6.9,6.45,6.5,460
TAE-O,20260803,1.67,1.67,1.67,1.67,1
TAKUNI-O,20260803,0.39,0.39,0.39,0.39,5
TASCO-O,20260803,14.4,15.5,14.4,15.4,3286
TBN-O,20260803,4.6,4.6,4.6,4.6,1
TBSP-O,20260803,0.99,0.99,0.99,0.99,1
TCAP-O,20260803,78.25,84.5,78.25,83.5,6862
TCJ-O,20260803,2.48,2.48,2.48,2.48,3
TEAM-O,20260803,4.78,5.05,4.78,4.86,405
TEAMG-O,20260803,3.28,3.28,3.24,3.24,3
TEGH-O,20260803,3.08,3.08,3.08,3.08,41
TEKA-O,20260803,1.81,1.81,1.81,1.81,1
TERA-O,20260803,1.23,1.23,1.22,1.22,11
TFFIF-O,20260803,6.95,7.1,6.95,7.05,413
TFG-O,20260803,9.9,9.9,9.8,9.85,1304
TFM-O,20260803,6.6,6.6,6.55,6.6,547
TFMAMA-O,20260803,186.5,187,186.5,187,53
TGE-O,20260803,1.27,1.28,1.27,1.28,11
TGPRO-O,20260803,0.03,0.04,0.03,0.04,13
TH-O,20260803,0.51,0.51,0.51,0.51,17
THAI-O,20260803,5.55,5.95,5.55,5.7,5890
THANI-O,20260803,2.24,2.36,2.24,2.36,852
THCOM-O,20260803,10.9,11,10.8,10.9,138
THG-O,20260803,7.55,7.55,7.55,7.55,74
THRE-O,20260803,0.4,0.4,0.4,0.4,2
THREL-O,20260803,0.71,1,0.71,0.99,180
TIDLOR-O,20260803,19.1,19.2,19,19.1,987
TIGER-O,20260803,0.35,0.35,0.35,0.35,20
TIPCO-O,20260803,6.7,7.1,6.7,6.8,21
TIPH-O,20260803,23.9,23.9,23.6,23.7,272
TISCO-O,20260803,129,130,128,129.5,8216
TK-O,20260803,4.54,4.58,4.54,4.58,3
TKN-O,20260803,4.36,4.36,4.14,4.14,89
TKS-O,20260803,7.4,7.7,7.4,7.7,77
TLI-O,20260803,11.7,12,11.6,12,692
TMAN-O,20260803,11.3,11.4,11.3,11.3,54
TMI-O,20260803,0.47,0.47,0.47,0.47,7
TMILL-O,20260803,3.36,3.36,2.66,2.66,4
TMT-O,20260803,3.58,3.58,3.56,3.56,3
TMW-O,20260803,62.5,64,62.5,62.75,399
TNDT-O,20260803,0.2,0.2,0.2,0.2,1
TNH-O,20260803,33.75,33.75,33.75,33.75,1
TNL-O,20260803,24,24,24,24,1
TNP-O,20260803,2.9,2.92,2.9,2.9,60
TNR-O,20260803,5.55,5.55,5.5,5.55,42
TOA-O,20260803,15.9,16.5,15.9,16.3,427
TOG-O,20260803,7.6,7.7,7.6,7.6,98
TOP-O,20260803,64.75,65.5,64.25,65.5,3090
TPCH-O,20260803,1.44,1.44,1.44,1.44,1
TPCS-O,20260803,12.9,12.9,12.8,12.8,2
TPIPL-O,20260803,0.91,0.96,0.91,0.93,326
TPIPP-O,20260803,1.83,2.02,1.8,1.83,335
TPL-O,20260803,0.52,0.52,0.52,0.52,15
TPOLY-O,20260803,0.07,0.07,0.07,0.07,49
TPP-O,20260803,16.3,16.3,12.6,12.6,8
TPS-O,20260803,3.16,3.16,3.16,3.16,16
TQM-O,20260803,17,17.4,16.9,16.9,371
TRC-O,20260803,0.54,0.59,0.43,0.43,44
TRITN-O,20260803,0.03,0.03,0.03,0.03,76
TRT-O,20260803,14.9,15.2,14.7,15.2,201
TRU-O,20260803,3.78,3.78,3.78,3.78,30
TRUBB-O,20260803,0.98,1.05,0.98,1.05,37
TRUE-O,20260803,14.3,14.5,13.8,14,6922
TSC-O,20260803,15.3,15.3,15.3,15.3,19
TSE-O,20260803,0.8,0.8,0.74,0.74,146
TSI-O,20260803,0.05,0.05,0.05,0.05,80
TSTE-O,20260803,10.5,10.5,10.5,10.5,1
TSTH-O,20260803,1,1,1,1,1
TTA-O,20260803,5.15,5.3,5.15,5.3,192
TTB-O,20260803,3.08,3.12,3.06,3.1,17257
TTI-O,20260803,25.75,26.75,25.75,26.75,13
TTLPF-O,20260803,9.35,9.35,9.3,9.3,206
TTT-O,20260803,49.75,49.75,49.75,49.75,2
TTW-O,20260803,10.6,10.7,10.4,10.7,973
TU-O,20260803,12.3,12.8,12.1,12.7,2257
TURBO-O,20260803,1.75,1.75,1.7,1.7,182
TURTLE-O,20260803,3.58,3.58,3.58,3.58,1
TVDH-O,20260803,0.05,0.05,0.05,0.05,14
TVO-O,20260803,27.5,27.75,27.25,27.25,625
TWP-O,20260803,1.15,1.15,1.15,1.15,59
TWPC-O,20260803,2.88,2.88,2.88,2.88,1
TWZ-O,20260803,0.02,0.02,0.01,0.02,68
UAC-O,20260803,2.6,2.6,2.44,2.58,29
UBE-O,20260803,0.42,0.42,0.42,0.42,19
UBIS-O,20260803,1.36,1.36,1.35,1.35,4
UKEM-O,20260803,1.26,1.26,1.23,1.24,24
UMI-O,20260803,0.93,0.93,0.93,0.93,4
UMS-O,20260803,0.67,0.67,0.67,0.67,20
UNIQ-O,20260803,2.84,2.84,2.82,2.82,11
UPOIC-O,20260803,8.85,8.85,8.85,8.85,1
UREKA-O,20260803,0.41,0.41,0.41,0.41,63
UTP-O,20260803,8.25,8.3,8.25,8.3,279
UV-O,20260803,1.05,1.05,1.03,1.04,129
UVAN-O,20260803,15.9,16.1,15.8,16,660
VCOM-O,20260803,4.1,4.1,4.06,4.08,54
VGI-O,20260803,1.02,1.04,1.01,1.03,297
VIBHA-O,20260803,1.36,1.36,1.35,1.35,55
VIH-O,20260803,8.7,8.7,8.65,8.65,63
VPO-O,20260803,0.51,0.51,0.5,0.5,3
VRANDA-O,20260803,4.66,4.66,4.66,4.66,5
VS-O,20260803,0.3,0.38,0.3,0.38,19
WACOAL-O,20260803,16,16,16,16,2
WARRIX-O,20260803,0.95,0.95,0.94,0.94,90
WASH-O,20260803,3.98,3.98,3.98,3.98,23
WAVE-O,20260803,0.04,0.04,0.04,0.04,1
WFX-O,20260803,0.98,1.01,0.98,1.01,71
WHA-O,20260803,4.86,4.96,4.84,4.94,4661
WHABT-O,20260803,6.45,6.5,6.45,6.5,95
WHAIR-O,20260803,8.25,8.25,8.25,8.25,42
WHART-O,20260803,11.4,11.4,11.3,11.4,325
WHAUP-O,20260803,7.75,7.8,7.65,7.7,781
WICE-O,20260803,3.64,3.7,3.64,3.7,64
WIIK-O,20260803,1.1,1.1,1.1,1.1,29
WIN-O,20260803,0.3,0.3,0.3,0.3,1
WINMED-O,20260803,0.92,0.92,0.91,0.92,11
WINNER-O,20260803,2.18,2.18,2.18,2.18,5
WORK-O,20260803,3.44,3.48,3.44,3.48,55
WP-O,20260803,3.8,3.8,3.74,3.74,19
WPH-O,20260803,5.65,5.85,5.65,5.8,181
XO-O,20260803,19.9,19.9,19.5,19.6,233
XPG-O,20260803,0.5,0.51,0.49,0.49,446
XYZ-O,20260803,0.26,0.26,0.26,0.26,17
YGG-O,20260803,0.15,0.2,0.15,0.2,170
ZAA-O,20260803,1.74,1.74,1.23,1.23,48
ZEN-O,20260803,5.5,5.5,5.5,5.5,51
2S,20260803,3.22,3.22,3.2,3.2,85400
3BBIF,20260803,6.55,6.6,6.55,6.55,9230800
88TH,20260803,4.06,4.06,3.98,4.02,803100
A5,20260803,1.82,1.82,1.76,1.82,7200
AAI,20260803,4.04,4.08,4.04,4.06,4061600
AAV,20260803,1.06,1.07,1.06,1.06,13935600
ABM,20260803,0.47,0.48,0.47,0.47,18600
ACC,20260803,0.33,0.33,0.31,0.32,1747400
ACE,20260803,1.33,1.34,1.31,1.32,887500
ACG,20260803,0.73,0.74,0.71,0.73,1400
ADB,20260803,0.96,1.05,0.96,1.02,17586700
ADD,20260803,3.32,3.58,3.32,3.5,172800
ADVANC,20260803,380,380,372,374,9075400
ADVICE,20260803,7.45,7.5,7.35,7.45,2142500
AE,20260803,0.09,0.1,0.09,0.09,634100
AEONTS,20260803,105.5,108.5,105,107,623200
AF,20260803,0.38,0.39,0.38,0.39,50600
AFC,20260803,4.76,4.94,4.76,4.82,6400
AGE,20260803,1.33,1.37,1.33,1.36,4187000
AH,20260803,16,16.5,15.9,16.4,1529400
AHC,20260803,13.7,13.7,13.6,13.6,1100
AI,20260803,2.9,2.92,2.9,2.9,84400
AIE,20260803,1.19,1.24,1.19,1.21,2128600
AIMCG,20260803,1.72,1.75,1.72,1.75,113200
AIMIRT,20260803,12.3,12.5,12.3,12.4,481600
AIRA,20260803,1.02,1.02,1.02,1.02,100
AIT,20260803,4.92,4.98,4.92,4.96,1176300
AJ,20260803,3.04,3.16,3.04,3.12,1486400
AJA,20260803,0.12,0.12,0.11,0.12,1066200
AKP,20260803,0.7,0.7,0.69,0.69,551300
AKR,20260803,0.9,0.9,0.89,0.89,1415800
ALLA,20260803,1.16,1.17,1.16,1.17,265800
ALLY,20260803,5.15,5.2,5.15,5.2,445000
ALPHAX,20260803,0.24,0.25,0.24,0.24,3645000
ALT,20260803,1.73,1.88,1.72,1.85,12552600
ALUCON,20260803,250,250,250,250,1900
AMA,20260803,3.86,3.88,3.86,3.86,138900
AMANAH,20260803,0.83,0.84,0.81,0.82,12004400
AMARC,20260803,3.02,3.08,2.98,3.06,2038700
AMARIN,20260803,2,2.06,2,2.06,21700
AMATA,20260803,29,29,28,28.25,6768600
AMATAR,20260803,7.55,7.65,7.55,7.6,52400
AMATAV,20260803,2.08,2.08,2.06,2.08,18800
AMC,20260803,2.18,2.22,2.18,2.22,57600
AMR,20260803,0.37,0.4,0.37,0.4,138800
ANAN,20260803,0.34,0.36,0.34,0.34,1787800
ANI,20260803,3.16,3.74,3.12,3.58,3310500
AOT,20260803,64,64.75,63.5,64,20967500
AP,20260803,8.3,8.35,8.25,8.25,8500200
APCO,20260803,2.62,2.62,2.58,2.62,101100
APCS,20260803,1.26,1.26,1.26,1.26,100
APO,20260803,2.14,2.16,2.12,2.14,138500
APP,20260803,2.58,2.62,2.56,2.6,255100
APURE,20260803,2.08,2.08,2.04,2.06,173400
AQUA,20260803,0.11,0.11,0.1,0.1,16751900
ARIN,20260803,0.5,0.51,0.49,0.49,676300
ARIP,20260803,0.45,0.46,0.44,0.45,683400
ARROW,20260803,5.95,5.95,5.8,5.85,57000
AS,20260803,2.36,2.42,2.36,2.38,325600
ASAP,20260803,2.16,2.16,2.14,2.14,24500
ASEFA,20260803,6.05,6.05,5.9,5.95,749400
ASIAN,20260803,7.5,7.7,7.45,7.65,1415400
ASIMAR,20260803,1.44,1.45,1.43,1.44,740800
ASK,20260803,12.3,12.7,12.1,12.6,2521500
ASN,20260803,1.14,1.14,1.03,1.05,67300
ASP,20260803,2.42,2.48,2.4,2.48,1930900
ASTR,20260803,4.98,4.98,4.78,4.8,427100
ASW,20260803,7.5,7.6,7.45,7.55,278800
ATLAS,20260803,1.88,1.91,1.88,1.9,2005800
ATP30,20260803,0.79,0.8,0.79,0.79,183400
AU,20260803,4.64,4.7,4.64,4.68,247200
AUCT,20260803,4.36,4.46,4.36,4.46,266400
AURA,20260803,14.3,14.5,14,14.4,2222200
AWC,20260803,2.98,3.06,2.96,3.04,70552100
AXTRART,20260803,13.2,13.4,13.2,13.4,880000
AYUD,20260803,43,43.5,43,43.5,3800
B,20260803,0.03,0.04,0.03,0.03,16262200
B-WORK,20260803,6.5,6.55,6.45,6.55,86400
B52,20260803,0.26,0.28,0.26,0.28,229600
BA,20260803,19.5,19.8,19.1,19.6,17290400
BAFS,20260803,10.8,11.1,10.7,10.9,582300
BAM,20260803,6.9,6.95,6.85,6.9,9534100
BAREIT,20260803,11.6,11.7,11.5,11.7,348400
BAY,20260803,40.75,41.25,39.75,41,1227900
BBGI,20260803,5.05,5.2,4.92,5.15,3178300
BBIK,20260803,23.5,24.2,22.4,23,5921500
BBL,20260803,192,192.5,190,191.5,9996800
BC,20260803,0.58,0.59,0.56,0.58,171500
BCH,20260803,10.3,10.6,10.2,10.6,9513700
BCP,20260803,44.5,45.5,44,45.5,20448700
BCPG,20260803,7.15,7.25,7.1,7.15,5767600
BCT,20260803,49.75,50,49.25,50,400
BDMS,20260803,19.3,19.6,19.1,19.6,70575700
BE8,20260803,6.75,6.9,6.55,6.6,1580600
BEAUTY,20260803,0.36,0.37,0.35,0.36,3152200
BEC,20260803,2.1,2.12,2.1,2.12,556000
BEM,20260803,6.75,6.8,6.7,6.75,7344000
BEYOND,20260803,8.15,8.2,8.05,8.2,900
BGC,20260803,6.95,6.95,6.8,6.9,305100
BGRIM,20260803,19,19.1,18.6,18.7,19079600
BGT,20260803,0.38,0.38,0.37,0.38,14200
BH,20260803,188,190,186.5,188.5,4254200
BIG,20260803,0.31,0.32,0.31,0.32,118000
BIOTEC,20260803,0.23,0.25,0.23,0.24,2859500
BIS,20260803,2.14,2.16,2.1,2.12,210900
BIZ,20260803,6,6,5.9,5.95,283500
BJC,20260803,16.2,16.4,16,16.4,9736100
BJCHI,20260803,3.22,3.22,3.2,3.22,15500
BKA,20260803,0.83,0.83,0.81,0.81,234600
BKD,20260803,1.15,1.16,1.15,1.15,53100
BKGI,20260803,2.04,2.04,2,2.02,315400
BKIH,20260803,373,373,369,371,9200
BLA,20260803,26,26.25,25.25,25.75,1582200
BLAND,20260803,0.63,0.64,0.62,0.62,13422400
BLC,20260803,4.06,4.1,4.02,4.1,317200
BLESS,20260803,0.3,0.31,0.29,0.29,142100
BM,20260803,1.17,1.19,1.17,1.18,902200
BOFFICE,20260803,5.5,5.55,5.5,5.55,34900
BOL,20260803,5.1,5.15,5.05,5.1,706400
BPS,20260803,0.58,0.6,0.58,0.58,136600
BR,20260803,1.99,2.02,1.98,1.99,283900
BRI,20260803,1.34,1.39,1.33,1.37,623500
BRR,20260803,3.64,3.64,3.58,3.62,82000
BRRGIF,20260803,3.78,3.78,3.76,3.78,65700
BSBM,20260803,0.7,0.74,0.7,0.73,671400
BSM,20260803,0.82,0.82,0.76,0.79,39700
BTC,20260803,0.15,0.15,0.14,0.15,2301700
BTG,20260803,21.4,21.4,21.1,21.3,4879700
BTNC,20260803,14.4,14.4,14.3,14.3,3200
BTS,20260803,2.12,2.14,2.1,2.12,56917800
BTSGIF,20260803,2.44,2.44,2.42,2.42,2305000
BTW,20260803,0.07,0.08,0.07,0.08,2400
BUI,20260803,11,11,11,11,100
BVG,20260803,1.73,1.73,1.7,1.7,51800
BWG,20260803,0.26,0.27,0.25,0.26,76053000
BYD,20260803,0.46,0.47,0.46,0.47,1960200
CAZ,20260803,2.34,2.4,2.32,2.4,284500
CBG,20260803,51.5,52,50.5,51.5,5666000
CCET,20260803,8.3,8.5,8.2,8.35,33104300
CCP,20260803,0.27,0.28,0.27,0.27,186300
CEN,20260803,0.61,0.61,0.59,0.6,40300
CENTEL,20260803,38.75,40.5,38.5,40,7150300
CEYE,20260803,1.13,1.13,1.13,1.13,11000
CFARM,20260803,0.83,0.83,0.81,0.82,1157500
CFRESH,20260803,1.24,1.26,1.21,1.22,1785600
CGD,20260803,0.11,0.11,0.07,0.09,47703000
CGH,20260803,0.53,0.54,0.52,0.53,2100500
CH,20260803,1.48,1.49,1.47,1.48,36300
CHAO,20260803,4.24,4.24,4.2,4.22,182600
CHARAN,20260803,17.4,18.5,17.4,18.1,16700
CHASE,20260803,0.54,0.55,0.53,0.54,1263500
CHAYO,20260803,1.41,1.49,1.4,1.48,14560500
CHEWA,20260803,0.15,0.15,0.14,0.15,61300
CHG,20260803,1.6,1.6,1.56,1.57,37836200
CHIC,20260803,0.31,0.32,0.3,0.31,108400
CHOTI,20260803,66.75,66.75,66.75,66.75,100
CHOW,20260803,1.35,1.36,1.33,1.36,95400
CI,20260803,0.37,0.38,0.36,0.36,71500
CIG,20260803,0.03,0.03,0.02,0.02,314100
CITY,20260803,1.13,1.18,1.13,1.18,72400
CIVIL,20260803,1.15,1.15,1.12,1.13,368700
CK,20260803,18.3,18.5,18.1,18.2,5537700
CKP,20260803,2.58,2.58,2.54,2.56,3534700
CM,20260803,1.54,1.54,1.52,1.53,14600
CMAN,20260803,3.08,3.08,3.02,3.08,529300
CMC,20260803,0.44,0.44,0.42,0.43,23100
CMO,20260803,0.72,0.72,0.7,0.71,528100
CMR,20260803,1.25,1.26,1.24,1.26,453300
CNT,20260803,1.82,1.89,1.8,1.82,1033300
COCOCO,20260803,5.8,5.9,5.75,5.9,840500
COLOR,20260803,1,1,1,1,2000
COM7,20260803,30.5,30.75,30.25,30.5,3694100
COMAN,20260803,0.49,0.49,0.48,0.48,40100
CPALL,20260803,48,48.75,47.5,48.5,61235700
CPANEL,20260803,1.19,1.19,1.16,1.19,16600
CPAXT,20260803,14.9,15,14.9,14.9,4699000
CPF,20260803,22.4,22.5,22.1,22.4,16165100
CPH,20260803,7.6,7.8,7.6,7.75,3700
CPI,20260803,3.64,3.7,3.64,3.68,227600
CPL,20260803,0.69,0.7,0.68,0.7,50100
CPN,20260803,69,69.25,68.25,69,7156300
CPNCG,20260803,5.3,5.35,5.15,5.25,1946300
CPNREIT,20260803,13.4,13.8,13.3,13.8,2915400
CPR,20260803,2.56,2.6,2.54,2.6,27200
CPT,20260803,0.99,0.99,0.98,0.99,119800
CPTREIT,20260803,6.55,6.85,6.55,6.6,380500
CPW,20260803,2.58,2.58,2.52,2.54,322500
CRANE,20260803,0.37,0.37,0.35,0.36,1182100
CRC,20260803,27.75,27.75,26.5,26.5,23378900
CRD,20260803,0.53,0.54,0.51,0.53,317000
CREDIT,20260803,23.7,24,23.6,23.9,1627000
CSC,20260803,44.75,44.75,44.75,44.75,6700
CSP,20260803,0.44,0.44,0.43,0.44,62700
CSR,20260803,71.75,71.75,71.75,71.75,100
CSS,20260803,1,1.04,1,1.02,2590600
CTARAF,20260803,4.68,4.74,4.68,4.74,87200
CTW,20260803,6.15,6.35,6.15,6.3,64100
CWT,20260803,0.92,0.93,0.91,0.91,745300
D,20260803,3.1,3.1,3.06,3.06,153300
DCC,20260803,1.46,1.48,1.46,1.48,252200
DCON,20260803,0.19,0.19,0.18,0.18,382700
DDD,20260803,5.05,5.15,5.05,5.1,109700
DELTA,20260803,279,279,270,272,16256500
DEMCO,20260803,3.44,3.52,3.4,3.42,98000
DEXON,20260803,0.73,0.77,0.71,0.73,194700
DHOUSE,20260803,0.31,0.31,0.29,0.29,136400
DIF,20260803,10.3,10.3,10.2,10.3,8058800
DIMET,20260803,0.06,0.06,0.05,0.05,2510400
DITTO,20260803,15.9,16.3,15.7,15.8,4829200
DMT,20260803,12.5,12.5,12.4,12.4,387100
DOD,20260803,1.12,1.13,1.1,1.12,162500
DOHOME,20260803,3.98,4.08,3.92,4.04,37088700
DPAINT,20260803,0.25,0.25,0.23,0.25,2123000
DREIT,20260803,4.94,4.96,4.92,4.94,60600
DRT,20260803,5.3,5.3,5.25,5.3,216300
DTCENT,20260803,0.95,0.96,0.94,0.95,712500
DUSIT,20260803,11.5,11.8,11.4,11.6,165700
EA,20260803,2.94,2.96,2.92,2.94,25279600
EASON,20260803,1.18,1.18,1.15,1.18,159500
EAST,20260803,0.73,0.78,0.73,0.75,3132400
EASTW,20260803,5.75,6,5.5,5.6,18247100
EFORL,20260803,0.12,0.12,0.11,0.12,737000
EGATIF,20260803,6.15,6.2,6.15,6.2,61000
EGCO,20260803,134,134,132.5,133.5,1073900
EKH,20260803,5.05,5.05,5,5.05,249000
EMC,20260803,0.02,0.02,0.01,0.02,21026900
EMPIRE,20260803,0.18,0.19,0.18,0.19,1506800
EP,20260803,1.27,1.28,1.27,1.28,179100
EPG,20260803,6.35,6.4,6.3,6.35,7105400
ERW,20260803,3.52,3.72,3.52,3.66,68792600
ESTAR,20260803,0.25,0.26,0.25,0.25,514200
ETC,20260803,0.7,0.72,0.7,0.72,3926600
ETE,20260803,0.56,0.57,0.56,0.57,37400
ETL,20260803,0.42,0.44,0.41,0.43,602200
EURO,20260803,6.15,6.15,6.05,6.05,3000
EVER,20260803,0.09,0.09,0.07,0.08,8314300
F&D,20260803,42.5,42.5,42.5,42.5,200
FANCY,20260803,0.21,0.22,0.2,0.21,502700
FLOYD,20260803,1.13,1.13,1.11,1.13,154700
FM,20260803,4.28,4.32,4.26,4.32,1268700
FMT,20260803,19.5,20.5,19.5,20.5,900
FN,20260803,0.47,0.47,0.46,0.46,12900
FNS,20260803,0.6,0.61,0.58,0.58,9100
FORTH,20260803,18.1,18.2,17.6,17.8,9722000
FPI,20260803,1.6,1.63,1.58,1.61,125900
FPT,20260803,7.1,7.1,6.95,7,41400
FSMART,20260803,7.95,8.25,7.95,8.05,4675400
FSX,20260803,1.15,1.15,1.11,1.13,59500
FTE,20260803,2.74,2.74,2.68,2.72,149800
FTI,20260803,1.79,1.79,1.78,1.78,3200
FTREIT,20260803,13,13,12.8,12.8,3265800
FUTURERT,20260803,9,9.05,8.95,9.05,84100
FVC,20260803,0.32,0.32,0.31,0.32,233800
GABLE,20260803,4.26,4.3,4.24,4.26,283100
GAHREIT,20260803,3.82,3.82,3.82,3.82,12300
GBX,20260803,0.68,0.7,0.68,0.69,1238000
GC,20260803,5.15,5.2,5.15,5.15,133000
GCAP,20260803,0.25,0.26,0.25,0.25,557000
GEL,20260803,0.03,0.04,0.03,0.04,14514500
GENCO,20260803,0.33,0.33,0.32,0.33,134400
GFC,20260803,2.26,2.28,2.24,2.28,28000
GFPT,20260803,9.75,9.75,9.65,9.7,1232500
GGC,20260803,4,4.02,3.98,4,30100
GJS,20260803,0.13,0.13,0.12,0.13,582100
GLOBAL,20260803,7.4,7.7,7.35,7.6,27118700
GLORY,20260803,1.07,1.09,1.05,1.09,2700
GPI,20260803,1.8,1.8,1.77,1.79,2050200
GPSC,20260803,52.5,52.5,51.5,52,7975400
GRAMMY,20260803,3.78,3.8,3.54,3.64,20400
GRAND,20260803,0.02,0.02,0.02,0.02,3332400
GREEN,20260803,0.72,0.72,0.71,0.71,103800
GROREIT,20260803,8.7,8.7,8.5,8.6,425700
GTB,20260803,0.71,0.72,0.71,0.72,9600
GTV,20260803,0.03,0.03,0.02,0.03,5176300
GULF,20260803,67.25,67.25,66.5,67,36679200
GUNKUL,20260803,5.15,5.15,5.05,5.05,24770200
GVREIT,20260803,8.15,8.3,8.05,8.15,1599900
HANA,20260803,36,37.25,35.5,36.25,24564200
HANN,20260803,0.85,0.87,0.85,0.86,751000
HARN,20260803,2.06,2.08,2.04,2.06,80200
HENG,20260803,0.98,1.01,0.97,1,13967800
HFT,20260803,4.06,4.08,4.04,4.06,82700
HL,20260803,5.7,5.7,5.45,5.6,350000
HMPRO,20260803,6.55,6.85,6.5,6.8,74677900
HPF,20260803,6.15,6.2,6.15,6.15,45000
HTC,20260803,16.1,16.4,16,16.3,281400
HTECH,20260803,4.04,4.18,4,4.14,1185100
HUMAN,20260803,4.8,4.82,4.7,4.72,3671500
HYDRO,20260803,0.06,0.07,0.06,0.07,294700
I2,20260803,0.73,0.75,0.73,0.75,257800
ICC,20260803,24,24.3,24,24,63700
ICHI,20260803,14.9,15.1,14.9,15.1,7517000
ICN,20260803,2.16,2.2,2.16,2.18,1029500
IDG,20260803,1.28,1.29,1.28,1.29,26400
IFS,20260803,1.94,1.95,1.94,1.95,35100
IHL,20260803,1.45,1.45,1.43,1.44,63500
IIG,20260803,1.48,1.54,1.48,1.5,71800
III,20260803,4.58,4.76,4.56,4.68,2375700
ILINK,20260803,5.1,5.2,5.1,5.15,217500
ILM,20260803,13.1,13.3,13.1,13.2,172300
IMH,20260803,3,3,2.98,3,41700
IMPACT,20260803,12.7,13.5,12.7,13.4,1532600
IND,20260803,0.9,0.9,0.87,0.87,1601100
INET,20260803,4.18,4.2,4.16,4.16,1002300
INETREIT,20260803,13.4,13.5,13.4,13.5,1405100
INOX,20260803,4.12,4.18,4.12,4.16,81700
INSET,20260803,4.62,4.66,4.54,4.6,5724400
INSURE,20260803,50.5,50.5,50.5,50.5,100
IP,20260803,5.2,5.4,5.2,5.4,314000
IRC,20260803,11.9,12,11.9,12,22200
IRCP,20260803,0.32,0.33,0.3,0.31,781300
IROYAL,20260803,4.7,4.74,4.64,4.74,367000
IRPC,20260803,2.14,2.28,2.14,2.28,133306400
ISSARA,20260803,6.45,6.45,6.4,6.45,24200
IT,20260803,8.35,8.4,8.1,8.15,282700
ITC,20260803,17.5,18,17.4,18,12619000
ITD,20260803,0.4,0.41,0.39,0.4,6295500
ITEL,20260803,1.71,1.78,1.7,1.76,6096500
ITNS,20260803,1.86,1.86,1.85,1.85,45200
ITTHI,20260803,1.35,1.35,1.34,1.34,120400
IVF,20260803,0.81,0.82,0.79,0.8,812000
IVL,20260803,22.1,22.1,21.7,21.9,18567700
J,20260803,0.97,1.01,0.96,0.97,2342700
JAK,20260803,1.21,1.29,1.21,1.23,50100
JAS,20260803,1.09,1.09,1.08,1.09,7587500
JCK,20260803,0.13,0.13,0.12,0.13,303200
JCT,20260803,84.5,84.5,84.5,84.5,200
JDF,20260803,2.18,2.22,2.16,2.22,215900
JMART,20260803,11.2,11.7,11.2,11.3,21625900
JMT,20260803,12,12.3,12,12.1,9283000
JPARK,20260803,3.62,3.66,3.6,3.62,840500
JR,20260803,1.74,1.76,1.74,1.76,35400
JSP,20260803,1.76,1.77,1.76,1.77,18400
JTS,20260803,30.25,30.75,29.75,30,391200
JUBILE,20260803,7.35,7.65,7.3,7.6,135200
K,20260803,0.93,0.93,0.92,0.93,6800
KAMART,20260803,7.35,7.45,7.35,7.4,446200
KASET,20260803,0.69,0.69,0.67,0.68,62500
KBANK,20260803,244,245,242,244,8827900
KBS,20260803,6.1,6.1,6,6.05,102600
KBSPIF,20260803,9.65,9.75,9.65,9.75,128100
KC,20260803,0.03,0.03,0.02,0.02,6400
KCAR,20260803,4.94,4.96,4.94,4.96,13000
KCC,20260803,2.88,2.9,2.84,2.86,253800
KCE,20260803,42.25,44.5,41.75,44.5,32531400
KCG,20260803,10.6,10.7,10.5,10.6,502200
KCM,20260803,0.25,0.26,0.25,0.26,199800
KGEN,20260803,1.8,1.82,1.76,1.77,4592600
KGI,20260803,5.15,5.25,5.1,5.2,7788000
KIAT,20260803,0.33,0.33,0.32,0.33,345200
KISS,20260803,3.68,3.7,3.6,3.68,755800
KJL,20260803,6.65,6.9,6.65,6.85,106600
KK,20260803,1.02,1.02,1,1,62700
KKP,20260803,112,113.5,109,113,11453100
KLINIQ,20260803,27.75,28,27.5,28,1095000
KOOL,20260803,0.28,0.29,0.28,0.28,328600
KPNREIT,20260803,2.02,2.02,2,2.02,20800
KSL,20260803,1.61,1.62,1.56,1.59,4656100
KTB,20260803,44.25,45,43.5,44.25,79320100
KTBSTMR,20260803,7.3,7.35,7.3,7.35,121800
KTC,20260803,38.5,38.75,38.25,38.5,9234300
KTIS,20260803,1.81,1.84,1.8,1.82,242400
KTMS,20260803,1.32,1.33,1.32,1.33,12100
KUMWEL,20260803,2.36,2.4,2.26,2.38,780000
KUN,20260803,0.6,0.6,0.59,0.6,44600
KWM,20260803,0.91,0.91,0.9,0.91,118700
KYE,20260803,300,301,294,299,45900
L&E,20260803,1.17,1.18,1.14,1.15,111000
LALIN,20260803,4.38,4.42,4.38,4.42,26200
LANNA,20260803,14.6,14.8,14.6,14.7,324600
LDC,20260803,0.24,0.24,0.23,0.24,67200
LEE,20260803,2.52,2.52,2.5,2.52,11100
LEO,20260803,1.92,1.98,1.92,1.95,59200
LH,20260803,3.8,3.86,3.78,3.84,25283400
LHFG,20260803,1.26,1.27,1.25,1.26,4782700
LHHOTEL,20260803,14.2,14.2,14.1,14.2,778200
LHK,20260803,3.54,3.56,3.52,3.54,110400
LHRREIT,20260803,4.4,4.4,4.36,4.38,150200
LHSC,20260803,15.5,15.6,15.4,15.6,437200
LIT,20260803,0.94,0.95,0.92,0.92,730600
LOXLEY,20260803,1.44,1.48,1.44,1.47,3708300
LPH,20260803,3.6,3.6,3.56,3.6,52700
LPN,20260803,1.63,1.63,1.6,1.62,392700
LST,20260803,4.78,4.8,4.78,4.78,47900
LTMH,20260803,8.25,8.25,8.15,8.25,21700
LTS,20260803,3.1,3.12,2.98,3.06,5489400
LUXF,20260803,9.45,9.45,9.45,9.45,7800
M,20260803,21.6,21.8,21.4,21.7,985400
M-CHAI,20260803,19.1,19.2,19,19.1,5200
M-PAT,20260803,1.45,1.48,1.41,1.45,10900
M-STOR,20260803,7.35,7.5,7.3,7.5,3700
MADAME,20260803,0.78,0.79,0.77,0.77,435800
MAGURO,20260803,19.9,20.1,19.8,20,795600
MAJOR,20260803,7.15,7.5,7,7.3,5495100
MALEE,20260803,4.04,4.1,4.02,4.06,695300
MASTEC,20260803,2.06,2.1,2.06,2.08,747900
MASTER,20260803,9.1,9.35,9,9.3,1024900
MATCH,20260803,0.84,0.84,0.82,0.83,16900
MBAX,20260803,2.02,2.08,1.99,1.99,269000
MBK,20260803,22.8,23.3,22.6,23.3,2648500
MC,20260803,11.8,11.9,11.7,11.9,1364100
MCA,20260803,1.3,1.3,1.28,1.29,75600
MCOT,20260803,5.75,5.85,5.7,5.8,322200
MCS,20260803,7.95,8.05,7.95,8,598000
MDX,20260803,3.5,3.56,3.46,3.5,603300
MEB,20260803,12.5,13.1,12.5,13.1,739800
MEDEZE,20260803,6.45,6.65,6.45,6.55,230100
MEGA,20260803,38,39.5,38,39.5,2310700
MENA,20260803,0.73,0.75,0.72,0.74,977600
METCO,20260803,301,302,300,302,2300
MFC,20260803,20.1,20.4,20.1,20.3,25400
MFEC,20260803,6.05,6.15,6.05,6.15,145100
MGC,20260803,10.7,10.7,10.2,10.3,5419400
MGI,20260803,5.7,5.75,5.65,5.65,102200
MGT,20260803,1.91,1.94,1.91,1.94,16700
MICRO,20260803,1.6,1.63,1.52,1.55,5416700
MIDA,20260803,0.43,0.44,0.42,0.43,1233500
MII,20260803,6.45,6.55,6.45,6.5,13300
MINT,20260803,23.8,24.4,23.6,23.7,53616000
MITSIB,20260803,0.63,0.66,0.62,0.62,1194500
MJD,20260803,0.32,0.32,0.31,0.32,42000
MJLF,20260803,5.85,5.9,5.75,5.85,44300
MK,20260803,0.59,0.6,0.57,0.57,67200
ML,20260803,1.5,1.5,1.47,1.49,2049100
MMM,20260803,2.8,3,2.8,2.92,4203400
MNIT,20260803,1.93,1.93,1.93,1.93,600
MNIT2,20260803,5.1,5.1,5.1,5.1,100
MNRF,20260803,2.02,2.02,1.99,1.99,18800
MODERN,20260803,2.02,2.02,2,2.02,7600
MONO,20260803,0.71,0.71,0.68,0.69,5103400
MOONG,20260803,2.42,2.5,2.42,2.48,866500
MORE,20260803,0.05,0.06,0.05,0.05,684600
MOSHI,20260803,42,42.75,41.25,42.75,695700
MOTHER,20260803,1.17,1.19,1.15,1.16,892400
MPJ,20260803,3.8,3.8,3.76,3.8,54300
MRDIYT,20260803,10,10.1,9.9,10,4501600
MSC,20260803,5.95,6,5.95,6,10600
MST,20260803,8.45,8.45,8.4,8.45,37600
MTC,20260803,34,34.5,33.75,34.5,8413300
MTI,20260803,17.6,17.7,17.5,17.7,1300
MTW,20260803,0.83,0.84,0.8,0.82,224000
MUD,20260803,0.84,0.86,0.84,0.86,2200
NAM,20260803,3.4,3.42,3.38,3.4,8900
NAT,20260803,1.75,1.76,1.75,1.75,1100
NATION,20260803,0.03,0.04,0.03,0.04,197500
NC,20260803,1.87,1.89,1.83,1.83,9100
NCAP,20260803,3.82,3.92,3.72,3.84,31517300
NCH,20260803,0.44,0.44,0.43,0.44,3400
NCL,20260803,0.17,0.17,0.16,0.16,474200
NCP,20260803,1.06,1.09,1.05,1.09,13400
NDR,20260803,1.75,1.8,1.75,1.75,284900
NEO,20260803,23.6,24,23,23.8,680100
NEP,20260803,0.18,0.19,0.18,0.19,11900
NER,20260803,4.52,4.54,4.48,4.54,3784800
NETBAY,20260803,13.5,13.7,13.4,13.6,447300
NEX,20260803,1.02,1.02,1,1.01,3158100
NKI,20260803,16,19,16,19,1900
NKT,20260803,3.68,3.72,3.68,3.7,296600
NL,20260803,0.65,0.68,0.65,0.68,83300
NNCL,20260803,1.84,1.86,1.83,1.85,384200
NOBLE,20260803,1.84,1.86,1.84,1.85,193400
NOVA,20260803,6,6,6,6,100
NRF,20260803,0.24,0.25,0.23,0.24,149100
NSL,20260803,23,23.2,23,23.1,190800
NTF,20260803,15.1,16.5,15,16.3,5633900
NTSC,20260803,6.25,6.3,6.2,6.25,91100
NTV,20260803,19.3,19.3,19.2,19.2,7400
NUT,20260803,4.84,4.98,4.84,4.94,431100
NV,20260803,0.59,0.61,0.58,0.61,218100
NVD,20260803,0.84,0.87,0.83,0.83,102600
NYT,20260803,4.08,4.12,4.08,4.1,903700
OCC,20260803,9.8,9.8,9.8,9.8,900
OKJ,20260803,3.48,3.56,3.48,3.5,717100
ONEE,20260803,3.16,3.28,3.16,3.24,411900
ONSENS,20260803,1.13,1.13,1.12,1.13,280400
OR,20260803,12.8,12.9,12.7,12.8,18999400
ORI,20260803,2.06,2.1,2.06,2.08,3774500
ORN,20260803,0.79,0.79,0.77,0.79,209300
OSP,20260803,17.6,17.7,17.4,17.7,7600000
PACO,20260803,1.45,1.47,1.45,1.47,179900
PAF,20260803,0.96,0.97,0.94,0.95,95700
PANEL,20260803,1.2,1.22,1.18,1.2,29300
PAP,20260803,2.6,2.66,2.54,2.58,137800
PATO,20260803,6.1,6.15,6.05,6.15,7000
PB,20260803,47.5,48,47.5,48,3400
PCC,20260803,3.02,3.02,2.96,2.96,344600
PCE,20260803,2.2,2.22,2.18,2.2,989100
PCSGH,20260803,3.04,3.06,3.02,3.06,134700
PDG,20260803,3.16,3.24,3.16,3.22,133500
PDJ,20260803,0.98,0.99,0.98,0.98,2200
PEACE,20260803,1.48,1.5,1.48,1.5,3600
PEER,20260803,0.09,0.1,0.08,0.09,750800
PERM,20260803,0.25,0.25,0.24,0.25,13900
PF,20260803,0.04,0.05,0.04,0.05,1195500
PG,20260803,6.55,6.55,6.5,6.5,200
PHG,20260803,10.1,10.2,10.1,10.2,49400
PHOL,20260803,3.26,3.3,3.24,3.3,530900
PIMO,20260803,1.18,1.19,1.17,1.18,310900
PIN,20260803,4.7,4.72,4.66,4.66,803200
PIS,20260803,5.2,5.3,5.15,5.15,1008900
PJW,20260803,2.1,2.1,2.08,2.1,118800
PK,20260803,0.47,0.49,0.47,0.48,92900
PL,20260803,1.39,1.4,1.38,1.39,29100
PLANB,20260803,6.15,6.2,6,6.05,8694400
PLANET,20260803,0.56,0.57,0.56,0.57,193200
PLAT,20260803,1.41,1.47,1.41,1.43,8675400
PLE,20260803,0.08,0.09,0.08,0.09,2036700
PLT,20260803,0.52,0.53,0.52,0.53,434200
PLUS,20260803,1.3,1.32,1.28,1.28,343300
PM,20260803,11.2,11.4,11.1,11.3,437500
PMC,20260803,0.93,0.93,0.91,0.91,128900
PMTA,20260803,9.5,9.5,9.5,9.5,600
POLY,20260803,6.9,6.95,6.75,6.9,79800
POPF,20260803,8.4,8.45,8.4,8.45,282200
PORT,20260803,0.77,0.8,0.77,0.78,447200
POWER,20260803,0.36,0.36,0.35,0.35,806700
PPM,20260803,2.06,2.12,2,2.08,98200
PPP,20260803,0.7,0.74,0.7,0.74,1200
PPPM,20260803,0.23,0.23,0.22,0.23,214200
PPS,20260803,0.17,0.18,0.17,0.18,55700
PQS,20260803,1.85,1.85,1.81,1.85,304200
PR9,20260803,17.9,18.3,17.8,18.2,3805400
PRAKIT,20260803,9.95,9.95,9.9,9.95,191800
PRAPAT,20260803,0.79,0.8,0.78,0.78,827600
PREB,20260803,3.5,3.5,3.46,3.5,152000
PRECHA,20260803,0.43,0.44,0.4,0.42,133700
PRG,20260803,10.9,11.1,10.3,10.7,219600
PRI,20260803,3.56,3.72,3.56,3.64,509700
PRIME,20260803,0.06,0.06,0.05,0.05,196800
PRIN,20260803,1.38,1.38,1.38,1.38,300
PRINC,20260803,1.73,1.75,1.73,1.75,480000
PRM,20260803,10.2,10.3,9.95,9.95,9762400
PROEN,20260803,0.99,1,0.98,0.99,717900
PROS,20260803,0.17,0.18,0.17,0.18,354600
PROSPECT,20260803,10.4,10.5,10.3,10.5,2582000
PROUD,20260803,1.11,1.11,1.09,1.1,44800
PRTR,20260803,3.48,3.5,3.46,3.5,232500
PSGC,20260803,5.25,5.3,5.2,5.2,58300
PSH,20260803,3.92,3.98,3.9,3.98,789600
PSL,20260803,8.1,8.25,8,8.15,7561600
PSP,20260803,7.75,7.95,7.7,7.85,1837400
PT,20260803,11.5,11.5,11.4,11.5,79800
PTC,20260803,0.56,0.58,0.56,0.57,191700
PTG,20260803,7.5,7.6,7.45,7.5,4476500
PTL,20260803,14.1,14.1,14,14.1,252100
PTT,20260803,38.5,38.75,38.25,38.5,75623900
PTTEP,20260803,147.5,150,146,149,32132700
PTTGC,20260803,36.25,36.75,36,36.5,22467100
PYLON,20260803,3.6,3.64,3.58,3.6,229600
Q-CON,20260803,6.25,6.25,6,6.1,420900
QDC,20260803,0.07,0.07,0.06,0.07,144000
QH,20260803,1.44,1.48,1.43,1.46,22232400
QHBREIT,20260803,3.78,3.78,3.76,3.78,74000
QHHRREIT,20260803,8.6,8.75,8.6,8.75,109100
QHOP,20260803,3.2,3.3,3.2,3.3,1800
QLT,20260803,2,2,2,2,52100
QTC,20260803,4.58,4.6,4.52,4.58,20100
QTCG,20260803,0.17,0.19,0.15,0.17,4979200
RABBIT,20260803,0.36,0.37,0.36,0.37,5023900
RAM,20260803,17.8,17.9,17.8,17.9,46900
RATCH,20260803,38.25,38.5,37.75,38.25,5391400
RBF,20260803,5,5.2,4.98,5.15,3031300
RCL,20260803,35,35.25,34.75,35.25,2513000
READY,20260803,3.02,3.02,3.02,3.02,4900
RICHY,20260803,0.16,0.16,0.16,0.16,21600
RJH,20260803,15.3,15.8,15.3,15.8,368900
RML,20260803,0.09,0.09,0.08,0.09,174300
ROCK,20260803,10.9,10.9,10.3,10.3,4500
ROCTEC,20260803,0.7,0.71,0.69,0.69,9213400
ROJNA,20260803,6.1,6.2,6.05,6.2,1667100
RP,20260803,0.72,0.73,0.7,0.72,47400
RPC,20260803,0.36,0.37,0.36,0.37,412500
RPH,20260803,5,5.05,4.98,5.05,62600
RS,20260803,0.12,0.13,0.12,0.13,819900
RSP,20260803,0.95,0.96,0.95,0.95,17600
RT,20260803,0.26,0.26,0.25,0.26,4028200
RWI,20260803,0.16,0.16,0.15,0.16,240900
S,20260803,0.54,0.56,0.54,0.55,3483400
S&J,20260803,27.5,33.75,27.5,32.25,5200
S11,20260803,4.4,4.44,4.32,4.42,138600
SA,20260803,7,7.1,7,7.1,37900
SAAM,20260803,4.68,4.68,4.66,4.66,25100
SABINA,20260803,15.8,16.1,15.8,16.1,318100
SAF,20260803,0.4,0.41,0.4,0.41,14100
SAFE,20260803,5.35,5.45,5.35,5.4,184200
SAK,20260803,3.34,3.46,3.34,3.46,2751300
SALEE,20260803,0.59,0.61,0.58,0.6,2105100
SAMART,20260803,5.85,6,5.8,5.95,4863400
SAMCO,20260803,0.89,0.91,0.87,0.89,300500
SAMTEL,20260803,3.12,3.18,3.1,3.14,397600
SANKO,20260803,1.24,1.33,1.24,1.33,3334700
SAPPE,20260803,35,35,34,34.75,696500
SAT,20260803,16.2,16.5,16.2,16.4,1273000
SAUCE,20260803,41.5,41.75,41.25,41.75,10700
SAV,20260803,11.2,11.4,11.2,11.4,710300
SAWAD,20260803,24.8,24.9,24.7,24.9,8368400
SC,20260803,2.02,2.04,2,2.02,4547000
SCAP,20260803,1.93,1.98,1.83,1.87,29368600
SCB,20260803,153,153.5,151.5,153.5,8317400
SCC,20260803,254,256,253,256,3709500
SCCC,20260803,149,150,148.5,149.5,49800
SCG,20260803,2.82,2.86,2.82,2.84,3300
SCGD,20260803,5.6,5.75,5.6,5.7,1915000
SCGP,20260803,30.5,31,30.25,30.5,7423100
SCI,20260803,0.93,0.94,0.92,0.93,23200
SCL,20260803,1.65,1.67,1.65,1.65,46600
SCM,20260803,0.12,0.13,0.12,0.13,203700
SCN,20260803,0.4,0.4,0.39,0.4,259800
SCP,20260803,9.1,9.2,9.1,9.2,259400
SDC,20260803,0.02,0.03,0.02,0.03,2477200
SE,20260803,0.5,0.51,0.49,0.49,39400
SE-ED,20260803,1.31,1.34,1.27,1.29,92000
SEAFCO,20260803,2.8,2.86,2.8,2.84,926700
SEAOIL,20260803,3.34,3.36,3.3,3.32,569000
SECURE,20260803,14.4,16.5,14.4,15.3,1665800
SEI,20260803,1.74,1.84,1.72,1.75,31400
SELIC,20260803,2.76,2.8,2.76,2.8,17900
SENA,20260803,1.81,1.81,1.64,1.78,740600
SENX,20260803,0.2,0.21,0.2,0.2,2070900
SFLEX,20260803,2.98,3,2.96,3,313000
SFT,20260803,1.4,1.4,1.39,1.4,2400
SGC,20260803,1.75,1.8,1.75,1.77,37156700
SGF,20260803,0.18,0.18,0.17,0.18,4800
SGP,20260803,8,8.05,7.95,8.05,229300
SHANG,20260803,43.5,43.75,43.5,43.75,400
SHR,20260803,1.68,1.7,1.68,1.69,1419900
SIAM,20260803,0.76,0.78,0.75,0.78,19400
SICT,20260803,2.94,3.12,2.9,3.04,4155400
SIMAT,20260803,1.23,1.24,1.21,1.21,1532900
SINGER,20260803,11.9,12.3,11.8,12,5116100
SINO,20260803,0.91,0.93,0.91,0.93,457000
SIRI,20260803,1.52,1.55,1.51,1.54,96238500
SIRIPRT,20260803,5.8,5.9,5.8,5.85,2400
SIS,20260803,27.25,27.5,26,26.5,944400
SISB,20260803,9.8,10.1,9.75,10,12585500
SITHAI,20260803,1.1,1.12,1.1,1.11,336400
SJWD,20260803,9.9,10.2,9.9,10.1,6698300
SK,20260803,0.53,0.53,0.53,0.53,13700
SKE,20260803,0.17,0.18,0.17,0.18,278000
SKIN,20260803,0.9,0.92,0.89,0.89,87600
SKN,20260803,5.2,5.25,5.2,5.25,75000
SKR,20260803,7.95,8,7.85,8,35600
SKY,20260803,19.1,19.3,18.5,19.1,7524800
SMART,20260803,0.59,0.59,0.57,0.59,1292600
SMD100,20260803,1.16,1.18,1.14,1.17,51000
SMIT,20260803,3.64,3.64,3.62,3.62,73000
SMO,20260803,3.98,3.98,3.92,3.94,741400
SMPC,20260803,9.6,9.8,9.55,9.75,731200
SMT,20260803,4.8,5.85,4.8,5.35,97933400
SNC,20260803,8.6,8.65,8.5,8.65,297700
SNNP,20260803,7.1,7.15,7.05,7.15,201700
SNP,20260803,8.9,8.9,8.8,8.85,28800
SNPS,20260803,4.5,4.52,4.48,4.48,136500
SO,20260803,4.68,4.76,4.68,4.76,138500
SOLAR,20260803,0.22,0.23,0.22,0.23,244600
SONIC,20260803,1.53,1.56,1.53,1.55,303500
SORKON,20260803,3.5,3.5,3.48,3.5,44200
SPA,20260803,3.3,3.36,3.3,3.36,2038600
SPACK,20260803,1.41,1.41,1.36,1.36,23400
SPALI,20260803,16,16.2,15.9,16.2,3183800
SPC,20260803,55.5,55.5,55.5,55.5,8200
SPCG,20260803,9.2,9.35,9.2,9.3,1131200
SPG,20260803,11.4,11.4,11.4,11.4,600
SPI,20260803,32.25,32.5,32.25,32.5,1200
SPRC,20260803,11.1,11.1,10.8,10.9,32243700
SPREME,20260803,1.48,1.51,1.48,1.5,102000
SPRIME,20260803,4.32,4.34,4.3,4.32,77000
SPTX,20260803,0.01,0.01,0.01,0.01,64294200
SPVI,20260803,3.52,3.52,3.48,3.48,257500
SQ,20260803,0.19,0.19,0.18,0.18,1309500
SR,20260803,0.35,0.36,0.35,0.36,14800
SRICHA,20260803,17.9,18.5,17.9,18.1,765200
SRIPANWA,20260803,5.15,5.15,5.15,5.15,11200
SRS,20260803,1.87,1.89,1.85,1.89,57500
SSF,20260803,5.1,5.15,5.1,5.15,12000
SSP,20260803,4.8,4.8,4.62,4.72,981700
SSPF,20260803,3.42,3.42,3.18,3.18,900
SSSC,20260803,2.28,2.28,2.24,2.26,66800
SST,20260803,1.03,1.04,1.03,1.03,800
SSTRT,20260803,4.68,4.74,4.68,4.72,260800
STA,20260803,18.4,18.9,18.3,18.9,10384300
STANLY,20260803,237,237,235,236,21200
STARM,20260803,0.95,0.97,0.95,0.97,100000
STC,20260803,0.59,0.59,0.58,0.58,18100
STECH,20260803,1.16,1.17,1.13,1.15,58500
STECON,20260803,18.3,18.4,18,18.1,6527600
STELLA,20260803,0.27,0.27,0.25,0.27,833800
STGT,20260803,10.4,10.9,10.2,10.8,6755400
STI,20260803,1.76,1.77,1.73,1.75,10900
STOWER,20260803,0.03,0.04,0.03,0.04,1055800
STP,20260803,11.9,12,11.8,12,106300
STPI,20260803,6.45,6.55,6.3,6.45,17076500
STX,20260803,0.87,0.89,0.87,0.88,481500
SUC,20260803,27.25,27.5,27.25,27.5,77900
SUN,20260803,2.56,2.6,2.54,2.6,602600
SUPER,20260803,0.13,0.13,0.12,0.13,29186900
SUPEREIF,20260803,6.3,6.3,6.25,6.3,203700
SUSCO,20260803,2.22,2.32,2.22,2.28,2818000
SUTHA,20260803,2.92,2.92,2.88,2.88,8900
SVOA,20260803,2.32,2.32,2.24,2.24,4096400
SVR,20260803,0.36,0.37,0.35,0.36,242200
SVT,20260803,1.33,1.34,1.32,1.34,294000
SWC,20260803,4.6,4.6,4.58,4.6,16900
SYMC,20260803,5.65,5.75,5.6,5.7,35000
SYNEX,20260803,10.2,10.2,10,10.1,1454800
SYNTEC,20260803,1.92,1.95,1.91,1.92,2070300
TACC,20260803,6.45,6.5,6.4,6.45,1247300
TAE,20260803,1.66,1.68,1.64,1.66,3725600
TAKUNI,20260803,0.39,0.39,0.38,0.39,679600
TAN,20260803,3.88,3.96,3.88,3.92,1700
TASCO,20260803,14.7,15.5,14.6,15.5,62673100
TATG,20260803,1.01,1.01,0.99,1,39400
TBN,20260803,3.56,3.58,3.56,3.58,10000
TC,20260803,6.6,6.75,6.6,6.75,174900
TCAP,20260803,78.5,84.75,78.5,83,17447000
TCC,20260803,0.31,0.31,0.3,0.3,321100
TCJ,20260803,2.46,2.48,2.46,2.48,1600
TCMC,20260803,0.3,0.3,0.29,0.3,1267700
TEAM,20260803,4.74,5.05,4.72,4.82,9512500
TEAMG,20260803,3.24,3.28,3.2,3.22,4862000
TEGH,20260803,3.08,3.1,3.06,3.1,307400
TEKA,20260803,1.78,1.78,1.77,1.77,75200
TERA,20260803,1.23,1.25,1.2,1.21,48600
TFFIF,20260803,6.9,7.1,6.9,7.05,6868200
TFG,20260803,9.85,9.85,9.75,9.8,9432200
TFI,20260803,0.05,0.05,0.05,0.05,600
TFM,20260803,6.55,6.6,6.5,6.6,2435000
TFMAMA,20260803,186,186.5,186,186,1000
TGE,20260803,1.28,1.31,1.28,1.28,1008100
TGH,20260803,11.7,11.7,11.6,11.6,2400
TGPRO,20260803,0.03,0.04,0.03,0.03,432200
TH,20260803,0.5,0.53,0.49,0.51,5690700
THAI,20260803,5.5,6,5.5,5.65,192454400
THANA,20260803,1.56,1.57,1.56,1.56,318100
THANI,20260803,2.3,2.38,2.24,2.34,197240800
THCOM,20260803,10.9,11,10.8,10.9,2227500
THE,20260803,0.75,0.77,0.75,0.75,18000
THG,20260803,7.45,7.6,7.45,7.5,1084500
THIP,20260803,21,21.1,20.9,21,22300
THMUI,20260803,0.3,0.3,0.29,0.3,17900
THRE,20260803,0.4,0.41,0.4,0.4,355100
THREL,20260803,1,1,0.99,1,119700
TIDLOR,20260803,19.1,19.2,18.9,19.1,8631300
TIF1,20260803,8,8,8,8,4100
TIGER,20260803,0.5,0.52,0.5,0.51,108500
TIPCO,20260803,6.3,7.15,6.3,6.8,4325500
TIPH,20260803,23.5,23.8,23.5,23.7,468800
TISCO,20260803,128.5,130,127.5,129,4517300
TITLE,20260803,8.95,8.95,8.8,8.85,674000
TK,20260803,4.5,4.6,4.38,4.56,67600
TKC,20260803,8.85,8.9,8.75,8.85,75100
TKN,20260803,4.1,4.16,4.1,4.14,545200
TKS,20260803,7.35,7.7,7.35,7.6,602500
TKT,20260803,0.76,0.76,0.76,0.76,100
TL,20260803,0.4,0.4,0.39,0.4,1642700
TLHPF,20260803,4.7,4.72,4.7,4.72,23400
TLI,20260803,11.7,12,11.6,11.9,22411300
TM,20260803,0.91,0.92,0.9,0.92,69300
TMAN,20260803,11.3,11.3,11.2,11.3,455800
TMC,20260803,0.69,0.7,0.69,0.7,8000
TMD,20260803,26,26.75,26,26.75,2900
TMI,20260803,0.46,0.47,0.46,0.47,201500
TMILL,20260803,2.68,2.7,2.66,2.68,41400
TMT,20260803,3.64,3.64,3.52,3.58,51200
TMW,20260803,62.5,63.25,62.5,62.75,287400
TNDT,20260803,0.16,0.2,0.16,0.19,3041000
TNH,20260803,28.5,28.5,28.5,28.5,800
TNITY,20260803,2.82,2.86,2.78,2.86,46900
TNL,20260803,18.9,18.9,18.3,18.4,12600
TNP,20260803,2.88,2.9,2.88,2.9,607400
TNPC,20260803,0.9,0.92,0.9,0.92,28000
TNPF,20260803,1.05,1.05,1.05,1.05,2100
TNR,20260803,5.55,5.6,5.5,5.6,37900
TOA,20260803,16,16.6,15.8,16.3,8302600
TOG,20260803,7.6,7.65,7.55,7.55,138800
TOP,20260803,64.75,65.75,64,65.75,10536800
TPA,20260803,2.68,2.68,2.66,2.66,14200
TPAC,20260803,8.6,8.6,8.45,8.55,48200
TPBI,20260803,3.18,3.2,3.16,3.18,85500
TPCH,20260803,1.41,1.44,1.4,1.42,450600
TPIPL,20260803,0.9,0.94,0.9,0.93,67788300
TPIPP,20260803,1.8,1.83,1.8,1.82,2699600
TPL,20260803,0.52,0.52,0.5,0.51,305900
TPLAS,20260803,1.22,1.22,1.2,1.2,57800
TPOLY,20260803,0.11,0.11,0.1,0.1,254700
TPP,20260803,12.6,12.6,12.6,12.6,1900
TPRIME,20260803,7.7,7.7,7.7,7.7,100
TPS,20260803,3.18,3.2,3.18,3.18,3600
TQM,20260803,16.9,17.4,16.8,16.9,711400
TQR,20260803,5.75,5.75,5.65,5.75,6300
TRC,20260803,0.56,0.57,0.54,0.56,796700
TRITN,20260803,0.02,0.03,0.02,0.02,7618800
TRP,20260803,4.28,4.3,4.22,4.24,150700
TRT,20260803,13.9,15.2,13.9,15.2,3942400
TRU,20260803,3.78,3.8,3.78,3.8,800
TRUBB,20260803,1.04,1.06,1.04,1.05,1373500
TRUE,20260803,14.4,14.4,13.7,13.9,319223200
TRV,20260803,1.48,1.48,1.48,1.48,6200
TSC,20260803,15.3,15.4,15.3,15.4,8200
TSE,20260803,0.79,0.8,0.78,0.79,1914100
TSI,20260803,0.05,0.06,0.05,0.06,502400
TSTH,20260803,1,1.01,1,1,1827800
TTA,20260803,5.1,5.3,5.1,5.3,9075200
TTB,20260803,3.08,3.12,3.04,3.1,557856100
TTI,20260803,26,26,25,26,1200
TTLPF,20260803,9.3,9.35,9.25,9.3,137700
TTT,20260803,43.5,43.5,43.25,43.25,36800
TTW,20260803,10.5,10.5,10.3,10.5,3342400
TU,20260803,12.2,12.8,12.1,12.8,40694400
TURBO,20260803,1.73,1.77,1.72,1.77,14828000
TURTLE,20260803,3.3,3.64,3.3,3.64,14800
TVDH,20260803,0.05,0.06,0.04,0.05,1174400
TVH,20260803,11.4,11.8,11.4,11.8,25900
TVO,20260803,27.25,27.5,27.25,27.5,453600
TVT,20260803,0.24,0.25,0.24,0.24,146600
TWP,20260803,1.14,1.17,1.14,1.16,37200
TWPC,20260803,2.86,2.88,2.84,2.86,257900
TWZ,20260803,0.01,0.02,0.01,0.01,3562600
TYCN,20260803,1.66,1.68,1.64,1.68,6300
UAC,20260803,2.58,2.58,2.56,2.58,133100
UBA,20260803,1.13,1.15,1.13,1.14,161000
UBE,20260803,0.6,0.61,0.6,0.6,2450500
UBIS,20260803,1.33,1.39,1.3,1.35,136900
UEC,20260803,0.75,0.75,0.74,0.74,249500
UKEM,20260803,1.29,1.3,1.22,1.23,23427200
UMI,20260803,0.92,0.93,0.91,0.91,123800
UMS,20260803,0.64,0.68,0.64,0.66,2254600
UNIQ,20260803,2.84,2.84,2.82,2.84,313600
UNIX,20260803,1.69,1.71,1.69,1.69,1027900
UP,20260803,23.5,23.5,23.5,23.5,4000
UPOIC,20260803,6.85,6.85,6.75,6.8,93200
UREKA,20260803,0.37,0.41,0.37,0.39,18791800
UTP,20260803,8.25,8.35,8.25,8.35,632700
UV,20260803,1.05,1.05,1.03,1.04,523600
UVAN,20260803,15.9,16,15.8,15.9,371600
VARO,20260803,3.88,3.9,3.82,3.82,50100
VCOM,20260803,4.12,4.12,4.06,4.08,258600
VGI,20260803,1.01,1.04,1,1.01,104509100
VIBE,20260803,0.3,0.32,0.28,0.29,116300
VIBHA,20260803,1.35,1.36,1.34,1.36,1446700
VIH,20260803,8.55,8.65,8.55,8.65,93900
VL,20260803,0.8,0.81,0.8,0.81,37100
VNG,20260803,2.08,2.12,2.02,2.12,272200
VPO,20260803,0.49,0.5,0.49,0.49,824900
VRANDA,20260803,4.66,4.66,4.62,4.62,2200
VS,20260803,0.32,0.38,0.32,0.36,23200
WACOAL,20260803,15.9,15.9,15.7,15.8,1300
WARRIX,20260803,1.35,1.35,1.33,1.35,521100
WASH,20260803,3.96,4.02,3.96,4.02,340900
WAVE,20260803,0.04,0.04,0.03,0.04,5501000
WFX,20260803,1,1,0.97,0.97,44600
WGE,20260803,0.7,0.71,0.69,0.71,912600
WHA,20260803,4.86,4.96,4.84,4.96,164844500
WHABT,20260803,6.45,6.5,6.45,6.45,22600
WHAIR,20260803,8.25,8.35,8.2,8.35,971200
WHART,20260803,11.3,11.4,11.3,11.4,2207600
WHAUP,20260803,7.7,7.85,7.6,7.65,11188500
WICE,20260803,3.68,3.72,3.64,3.64,2063700
WIIK,20260803,1.09,1.12,1.09,1.11,1001100
WIN,20260803,0.3,0.3,0.29,0.3,71700
WINDOW,20260803,0.72,0.72,0.71,0.72,122200
WINMED,20260803,0.91,0.93,0.9,0.9,143300
WINNER,20260803,2.18,2.2,2.18,2.18,185300
WORK,20260803,3.46,3.48,3.42,3.44,215300
WP,20260803,3.74,3.74,3.72,3.72,92000
WPH,20260803,5.7,5.9,5.7,5.85,1023200
XBIO,20260803,0.08,0.09,0.08,0.08,3916800
XO,20260803,19.7,19.9,19.5,19.6,471700
XPG,20260803,0.49,0.51,0.49,0.49,13827500
XYZ,20260803,0.27,0.27,0.26,0.27,224000
YGG,20260803,0.19,0.19,0.18,0.19,273200
YONG,20260803,0.71,0.71,0.7,0.7,92200
YUASA,20260803,14.8,14.8,14.4,14.6,16500
ZAA,20260803,1.62,1.73,1.62,1.73,7900
ZEN,20260803,5.6,5.6,5.6,5.6,500
ZIGA,20260803,0.87,0.88,0.86,0.87,440100
RABBIT-P-O,20260803,0.38,0.38,0.38,0.38,1
TCAP-P-O,20260803,364,364,364,364,1
RABBIT-P,20260803,0.36,0.37,0.36,0.36,212900
VAYU1-O,20260803,11.6,11.6,11.5,11.6,487
VAYU1,20260803,11.5,11.6,11.5,11.6,988800
!AGRO,20260803,337.9,340.23,335.9,340.23,17929480000
!CONSUMP,20260803,46.09,46.54,45.52,46.54,1629540000
!FINCIAL,20260803,192.49,193.73,190.84,193.27,118856210000
!INDUS,20260803,70.37,70.7,69.88,70.37,8103620000
!PROPCON,20260803,84.52,85.15,84.18,85.15,79664560000
!RESOURC,20260803,186.97,187.48,185.81,187.2,56226610000
!SERVICE,20260803,311.91,315.01,310.59,313.58,114958530000
!TECH,20260803,615.56,615.56,601.36,602.61,68125150000
$AGRI,20260803,211.86,213.93,210.92,213.64,2276300000
$AUTO,20260803,349.84,349.84,347.23,348.39,1268890000
$BANK,20260803,626.24,630.78,619.82,628.47,70537330000
$COMM,20260803,22176.1,22336.2,22024.1,22254.3,27143860000
$CONMAT,20260803,6394.85,6466.01,6374.83,6465.9,16943000000
$CONS,20260803,46.04,46.42,45.71,45.89,8475890000
$ENERG,20260803,21326.2,21383.5,21193.6,21351.6,56226610000
$ETRON,20260803,31612.1,31612.1,30625.5,30892,21390460000
$FASHION,20260803,498.07,501.24,494.5,500.35,294810000
$FIN,20260803,2318.38,2331.96,2313.87,2331.96,45697650000
$FOOD,20260803,9427.77,9492.63,9368.12,9491.12,15653180000
$HELTH,20260803,4397.15,4447.87,4367.38,4443.08,13459180000
$HOME,20260803,15.35,15.42,15.09,15.32,302820000
$ICT,20260803,238.45,238.45,232.86,234.19,46734690000
$IMM,20260803,24.7,24.92,24.6,24.8,860560000
$INSUR,20260803,10049.5,10153.3,9965.38,10113,2621230000
$MEDIA,20260803,17.56,17.84,17.46,17.57,12883390000
$PAPER,20260803,2320.83,2348.96,2320.83,2348.96,63270000
$PERSON,20260803,79.93,81.44,78.54,81.12,1031910000
$PETRO,20260803,642.79,645.13,635.85,642.89,4189540000
$PF&REIT,20260803,148.36,149.9,148.17,149.9,2460450000
$PKG,20260803,3168.2,3204.85,3148.53,3169.34,1218740000
$PROF,20260803,130.49,133.3,128.94,132.35,9464490000
$PROP,20260803,184.92,186.16,183.73,185.94,51785220000
$STEEL,20260803,20.48,20.57,20.24,20.48,502620000
$TOURISM,20260803,453.95,461.59,453.5,457.64,13679950000
$TRANS,20260803,244.35,248.74,243.36,245.43,38327660000
MAI,20260803,227.4,229.72,227.4,228.92,264759180
SET,20260803,1626.54,1628.49,1610.63,1621.9,10480058154
SET100,20260803,2331.46,2337.72,2312.44,2328.41,3287271900
SET50,20260803,1086.93,1089.41,1077.75,1084.63,2253278200
SETHD,20260803,1540.66,1552.57,1530.68,1549.6,1304863400
ADVANC-F,20260803,377,385,372,373,129500
AWC-F,20260803,2.5,2.9,2.5,2.9,200
CPALL-F,20260803,47.5,47.5,47.5,47.5,600
CPN-F,20260803,68.75,68.75,68.75,68.75,16300
DIF-F,20260803,10.3,10.3,10.3,10.3,100
GULF-F,20260803,66.75,66.75,66.5,66.75,15600
PTT-F,20260803,38.5,38.5,38.5,38.5,65500
PTTEP-F,20260803,148,148.5,148,148.5,45700
PTTGC-F,20260803,36,36.5,36,36.5,12400
SCC-F,20260803,255,255,255,255,1000
TOP-F,20260803,63.25,64,63.25,64,60000
TTB-F,20260803,3.08,3.08,3.08,3.08,762200
!AGRO-M,20260803,68.61,69.31,68.6,69.23,1021820000
!CONSUMP-M,20260803,12.1,12.24,12.08,12.19,978670000
!FINCIAL-M,20260803,31.1,31.19,30.69,31.01,516670000
!INDUS-M,20260803,47.77,48.51,47.77,48.5,7696120000
!PROPCON-M,20260803,14.47,14.62,14.42,14.42,2520820000
!RESOURC-M,20260803,14.81,15.1,14.56,14.83,1431880000
!SERVICE-M,20260803,43.46,44.03,43.39,43.81,9489290000
!TECH-M,20260803,20.8,21.06,20.77,20.86,1347330000
SET100FF,20260803,2221.14,2227.74,2202.54,2221.07,328727190000
SET50FF,20260803,1038.19,1040.78,1029.19,1037.39,225327820000
SETCLMV,20260803,799.92,803.04,794.47,801.52,120111490000
SETESG,20260803,1014.96,1019.48,1009,1018.14,268757250000
SETWB,20260803,650.17,655.95,646.8,654.1,75749600000
SSET,20260803,682.13,686.85,681.71,686.79,61917690000
