<TICKER>,<DTYYYYMMDD>,<OPEN>,<HIGH>,<LOW>,<CLOSE>,<VOL>
1DIV-O,20260108,11.49,11.49,11.3,11.49,110
2I01BSET50-O,20260108,4.61,4.64,4.61,4.64,51
2X01BSET50-O,20260108,5.1,5.1,5.06,5.06,110
BMSCITH-O,20260108,9.84,9.84,9.84,9.84,12
CHINA-O,20260108,6.91,6.91,6.91,6.91,1
GLD-O,20260108,5.54,5.68,5.51,5.51,528
TDEX-O,20260108,8.36,8.36,8.29,8.29,565
UBOT-O,20260108,14.11,14.11,12,12,19
1DIV,20260108,11.49,11.49,11.41,11.49,16700
1I01BSET50,20260108,4.82,4.84,4.82,4.84,900
2I01BSET50,20260108,4.64,4.67,4.6,4.66,550700
2X01BSET50,20260108,5.06,5.1,5.03,5.03,345300
BMSCITH,20260108,9.84,9.85,9.74,9.75,64400
BSET100,20260108,9.1,9.13,9.05,9.05,11400
CHINA,20260108,6.95,6.95,6.88,6.93,93900
GLD,20260108,5.54,5.54,5.51,5.52,2084200
TDEX,20260108,8.37,8.37,8.27,8.3,2050200
UBOT,20260108,14.09,14.09,14.09,14.09,100
UHERO,20260108,9.39,9.39,9.39,9.39,200
2S,20260108,2.44,2.44,2.42,2.44,6400
3BBIF,20260108,6.5,6.55,6.45,6.5,3510400
88TH,20260108,4.46,4.54,4.42,4.44,1450100
A,20260108,4.86,4.86,4.86,4.86,100
A5,20260108,1.85,1.85,1.83,1.84,3300
AAI,20260108,4.22,4.22,4.14,4.14,957800
AAV,20260108,1.19,1.19,1.16,1.16,48984600
ABM,20260108,0.63,0.65,0.62,0.65,16300
ACC,20260108,0.46,0.46,0.44,0.44,1450800
ACE,20260108,1.3,1.3,1.29,1.29,877800
ACG,20260108,0.56,0.58,0.56,0.58,10100
ADB,20260108,0.57,0.58,0.56,0.58,151700
ADD,20260108,3.2,3.2,3.18,3.2,11000
ADVANC,20260108,317,322,316,322,3192700
ADVICE,20260108,5.8,5.8,5.7,5.75,380400
AE,20260108,0.09,0.1,0.08,0.1,882600
AEONTS,20260108,98.75,100.5,98,99.25,1024800
AF,20260108,0.31,0.32,0.3,0.31,19000
AFC,20260108,3.5,3.54,3.5,3.5,600
AGE,20260108,1.23,1.24,1.23,1.24,599500
AH,20260108,12.9,13.1,12.8,12.8,106000
AHC,20260108,13.3,13.3,13.3,13.3,300
AI,20260108,3.02,3.02,3,3,162200
AIE,20260108,1.02,1.03,1,1,697700
AIMCG,20260108,1.72,1.72,1.69,1.7,98000
AIMIRT,20260108,10.9,10.9,10.8,10.8,198800
AIRA,20260108,1.4,1.4,1.4,1.4,300
AIT,20260108,5,5.05,4.96,4.96,646400
AJ,20260108,1.98,2.06,1.96,1.96,2039200
AJA,20260108,0.17,0.18,0.17,0.18,2614900
AKP,20260108,0.6,0.6,0.59,0.59,136500
AKR,20260108,0.87,0.87,0.86,0.87,2519400
AKS,20260108,0.02,0.02,0.01,0.02,1041800
ALLA,20260108,1.18,1.18,1.16,1.16,103300
ALLY,20260108,4.46,4.48,4.44,4.46,159700
ALPHAX,20260108,0.48,0.51,0.47,0.49,15943400
ALT,20260108,1.06,1.06,1.04,1.06,305700
ALUCON,20260108,196,196,196,196,7200
AMA,20260108,4.1,4.14,4.1,4.1,137300
AMANAH,20260108,0.76,0.77,0.76,0.76,97100
AMARC,20260108,2.52,2.56,2.48,2.48,692200
AMARIN,20260108,2.2,2.3,1.73,2.26,16500
AMATA,20260108,15.7,15.7,15.2,15.3,20804500
AMATAR,20260108,6.8,6.85,6.8,6.8,67600
AMATAV,20260108,1.84,1.85,1.8,1.81,101100
AMC,20260108,1.93,1.95,1.93,1.95,51000
AMR,20260108,0.43,0.43,0.39,0.39,1228500
ANAN,20260108,0.41,0.45,0.41,0.42,2674400
ANI,20260108,2.88,2.9,2.78,2.78,73000
AOT,20260108,50.75,52,50.75,51.5,24964900
AP,20260108,8.85,9,8.75,9,11694100
APCO,20260108,2.8,2.82,2.8,2.82,1300
APCS,20260108,1.49,1.49,1.41,1.41,10100
APO,20260108,1.81,1.81,1.78,1.78,55300
APP,20260108,2.5,2.6,2.46,2.56,880500
APURE,20260108,2.16,2.16,2.14,2.16,11700
AQUA,20260108,0.15,0.16,0.14,0.15,1985100
ARIN,20260108,0.59,0.64,0.58,0.58,8315000
ARIP,20260108,0.43,0.44,0.42,0.42,280800
ARROW,20260108,5.1,5.1,5,5.1,29000
AS,20260108,3.48,3.54,3.26,3.34,4281000
ASAP,20260108,1.22,1.22,1.22,1.22,1000
ASEFA,20260108,3.48,3.48,3.42,3.48,2400
ASIAN,20260108,7.2,7.25,7.15,7.2,336800
ASIMAR,20260108,1.54,1.54,1.52,1.54,6600
ASK,20260108,7.15,7.2,7.1,7.15,96200
ASN,20260108,0.82,0.83,0.82,0.83,31700
ASP,20260108,2,2.04,2,2.02,155900
ASW,20260108,6,6,6,6,11400
ATLAS,20260108,1.86,1.86,1.77,1.77,7725000
ATP30,20260108,0.86,0.86,0.85,0.86,226000
AU,20260108,4.82,5.05,4.78,5.05,1885000
AUCT,20260108,5.45,5.45,5.3,5.35,662100
AURA,20260108,14.2,14.2,14,14,389700
AWC,20260108,2.08,2.1,2.04,2.06,39782600
AXTRART,20260108,13.3,13.3,13.2,13.3,402300
AYUD,20260108,35,35,35,35,5300
B,20260108,0.04,0.05,0.03,0.04,1843900
B-WORK,20260108,5.1,5.1,5.1,5.1,644700
B52,20260108,0.4,0.41,0.39,0.39,251300
BA,20260108,15.6,16.3,15.5,16.2,11148800
BAFS,20260108,8.65,8.65,8.45,8.6,155500
BAM,20260108,7.95,8.1,7.95,8,5556800
BANPU,20260108,5,5.1,4.98,5,83797500
BAREIT,20260108,10.3,10.4,10.3,10.3,31100
BAY,20260108,26,26.25,25.75,26.25,112900
BBGI,20260108,2.76,2.8,2.68,2.74,2320800
BBIK,20260108,15.5,15.5,14.5,14.9,1054600
BBL,20260108,170,174,169.5,173.5,6948600
BC,20260108,0.78,0.79,0.78,0.78,83000
BCH,20260108,10.8,10.8,10.2,10.3,27629700
BCP,20260108,28,28.75,27.5,28.25,9236200
BCPG,20260108,6.85,6.95,6.8,6.8,3789300
BCT,20260108,52.5,52.5,52.5,52.5,100
BDMS,20260108,19.4,19.6,19.3,19.4,42078900
BE8,20260108,4.94,4.94,4.8,4.84,456800
BEAUTY,20260108,0.51,0.51,0.49,0.49,5305800
BEC,20260108,1.89,1.9,1.86,1.9,349000
BEM,20260108,5.2,5.25,5.2,5.25,9438800
BEYOND,20260108,8.8,8.85,8.8,8.8,56400
BGC,20260108,3.92,3.92,3.9,3.92,79800
BGRIM,20260108,14.6,14.7,14.5,14.6,3359500
BGT,20260108,0.38,0.38,0.36,0.38,114900
BH,20260108,154.5,155.5,151,154.5,5518200
BIG,20260108,0.29,0.3,0.28,0.28,715700
BIOTEC,20260108,0.18,0.19,0.18,0.19,1118600
BIS,20260108,1.96,1.96,1.92,1.94,81800
BIZ,20260108,4,4,3.98,3.98,55800
BJC,20260108,14.3,14.3,14.1,14.2,6348000
BJCHI,20260108,0.58,0.58,0.56,0.57,245100
BKA,20260108,0.79,0.81,0.78,0.78,1701300
BKD,20260108,1.05,1.05,1.04,1.04,35000
BKGI,20260108,1.26,1.27,1.24,1.24,107000
BKIH,20260108,299,300,298,299,14900
BLA,20260108,20.7,21.1,20.7,21,1412600
BLAND,20260108,0.43,0.44,0.43,0.44,1860800
BLC,20260108,4,4.04,3.96,4,382500
BLESS,20260108,0.22,0.23,0.22,0.23,12700
BM,20260108,1.15,1.15,1.12,1.12,941600
BOFFICE,20260108,5.05,5.1,5,5.1,161000
BOL,20260108,5.3,5.4,5.3,5.4,84900
BPP,20260108,11.1,11.1,10.8,10.8,270800
BPS,20260108,0.42,0.44,0.42,0.43,91100
BR,20260108,1.65,1.66,1.64,1.66,126900
BRI,20260108,1.52,1.52,1.5,1.5,69900
BROCK,20260108,1.28,1.28,1.23,1.23,11400
BRR,20260108,3.66,3.66,3.62,3.62,34700
BRRGIF,20260108,3.76,3.78,3.76,3.78,16200
BSBM,20260108,0.66,0.67,0.65,0.65,122600
BSM,20260108,0.38,0.38,0.37,0.37,24100
BTC,20260108,0.27,0.27,0.26,0.27,1539400
BTG,20260108,18.6,18.6,18.2,18.4,2780100
BTNC,20260108,11.8,12,11.8,11.8,500
BTS,20260108,2.28,2.3,2.26,2.26,15649000
BTSGIF,20260108,2.58,2.6,2.58,2.6,189800
BTW,20260108,0.11,0.11,0.1,0.1,52400
BUI,20260108,12.3,12.4,12.3,12.4,19300
BVG,20260108,1.69,1.72,1.69,1.7,177900
BWG,20260108,0.28,0.29,0.27,0.28,14713600
BYD,20260108,0.54,0.55,0.53,0.54,1801600
CAZ,20260108,1.73,1.73,1.7,1.71,64400
CBG,20260108,43.25,43.5,42,42.25,3137500
CCET,20260108,4.5,4.5,4.44,4.44,14425200
CCP,20260108,0.25,0.25,0.24,0.25,140000
CEN,20260108,0.97,1,0.92,0.92,773700
CENTEL,20260108,32.75,33,32.5,33,2598100
CEYE,20260108,1.75,1.78,1.7,1.78,2300
CFARM,20260108,0.7,0.71,0.69,0.7,536200
CFRESH,20260108,0.69,0.7,0.67,0.68,201100
CGD,20260108,0.1,0.11,0.1,0.1,173400
CGH,20260108,0.5,0.5,0.49,0.5,514300
CH,20260108,1.58,1.58,1.55,1.55,20700
CHAO,20260108,4.5,4.54,4.48,4.5,162500
CHARAN,20260108,16.6,17.9,16.4,16.7,15600
CHASE,20260108,0.52,0.52,0.5,0.5,680200
CHAYO,20260108,1.35,1.35,1.31,1.31,1976000
CHEWA,20260108,0.25,0.27,0.25,0.27,104500
CHG,20260108,1.53,1.55,1.51,1.52,8830400
CHIC,20260108,0.25,0.25,0.23,0.24,438200
CHO,20260108,0.06,0.07,0.06,0.07,223600
CHOTI,20260108,60.25,60.25,60.25,60.25,500
CHOW,20260108,1.14,1.14,1.1,1.11,22100
CI,20260108,0.35,0.35,0.33,0.35,122900
CIG,20260108,0.03,0.03,0.02,0.03,211400
CITY,20260108,1.57,1.57,1.57,1.57,100
CIVIL,20260108,0.6,0.62,0.6,0.62,11800
CK,20260108,12.3,12.4,12,12.1,3905100
CKP,20260108,2.4,2.44,2.38,2.38,2556100
CM,20260108,1.68,1.69,1.65,1.67,63100
CMAN,20260108,2.34,2.4,2.34,2.38,123900
CMC,20260108,0.49,0.49,0.48,0.49,14400
CMO,20260108,0.35,0.36,0.34,0.36,8500
CMR,20260108,1.4,1.4,1.39,1.4,220600
CNT,20260108,0.99,1.01,0.99,1,26800
COCOCO,20260108,4.98,5.1,4.96,4.96,1500900
COLOR,20260108,1.04,1.04,1.04,1.04,200
COM7,20260108,19.9,20.3,19.6,19.7,10038500
COMAN,20260108,0.44,0.45,0.43,0.44,18900
CPALL,20260108,43.25,43.5,42.75,43,22304800
CPANEL,20260108,2.1,2.18,2.1,2.18,6300
CPAXT,20260108,15.7,15.8,15.4,15.5,11126300
CPF,20260108,21.4,21.7,21.3,21.6,16703600
CPH,20260108,8.2,8.3,8.2,8.3,2600
CPI,20260108,3.28,3.32,3.28,3.28,59400
CPL,20260108,0.69,0.69,0.65,0.67,117700
CPN,20260108,55.75,56.25,55,56,6553900
CPNCG,20260108,6.35,6.4,6.35,6.4,44600
CPNREIT,20260108,11.5,11.5,11.4,11.5,1158400
CPR,20260108,2.78,2.84,2.76,2.76,102700
CPT,20260108,0.99,1,0.97,1,92600
CPTREIT,20260108,5.45,5.5,5.4,5.5,157600
CPW,20260108,1.99,2,1.94,1.97,110000
CRANE,20260108,0.41,0.41,0.38,0.4,529400
CRC,20260108,17.9,18,17.2,17.4,17685600
CRD,20260108,0.33,0.34,0.31,0.34,296400
CREDIT,20260108,15.4,15.7,15.4,15.4,29100
CSP,20260108,0.45,0.45,0.42,0.42,433200
CSR,20260108,69,69,69,69,100
CSS,20260108,0.77,0.78,0.77,0.77,260900
CTARAF,20260108,4.56,4.6,4.54,4.56,125700
CTW,20260108,2.94,2.94,2.92,2.92,13500
CWT,20260108,0.92,0.94,0.9,0.91,650100
D,20260108,2.48,2.48,2.44,2.46,198100
DCC,20260108,1.22,1.24,1.2,1.21,754600
DCON,20260108,0.23,0.24,0.23,0.24,2084800
DDD,20260108,5.4,5.55,5.35,5.4,25700
DELTA,20260108,174,176,160,162,98418900
DEMCO,20260108,2.24,2.4,2.1,2.12,2182900
DEXON,20260108,1.09,1.09,1.04,1.04,43200
DHOUSE,20260108,0.39,0.4,0.39,0.4,8000
DIF,20260108,9.45,9.5,9.45,9.5,7819600
DIMET,20260108,0.06,0.06,0.05,0.05,338500
DITTO,20260108,11.1,11.2,10.9,10.9,743800
DMT,20260108,10.5,10.6,10.5,10.5,491800
DOD,20260108,1.58,1.58,1.54,1.55,98900
DOHOME,20260108,3.6,3.64,3.5,3.52,18041700
DPAINT,20260108,0.66,0.69,0.66,0.67,705200
DREIT,20260108,4.86,4.92,4.86,4.9,27200
DRT,20260108,5.1,5.1,5,5.05,113500
DTCENT,20260108,0.88,0.89,0.88,0.89,26900
DTCI,20260108,19.3,19.4,19.3,19.4,1200
DUSIT,20260108,12.2,12.2,11.9,11.9,335800
DV8,20260108,4.8,4.8,4.54,4.66,256000
EA,20260108,2.78,2.8,2.68,2.72,26944600
EASON,20260108,1.09,1.09,1.05,1.07,355600
EAST,20260108,0.68,0.69,0.66,0.68,221300
EASTW,20260108,1.94,1.95,1.9,1.91,838800
ECF,20260108,0.1,0.1,0.09,0.1,4077100
EFORL,20260108,0.14,0.15,0.14,0.14,3153500
EGATIF,20260108,6.15,6.2,6.15,6.2,167100
EGCO,20260108,117,117,114,114.5,1357400
EKH,20260108,4.94,4.96,4.94,4.94,142600
EMC,20260108,0.03,0.03,0.02,0.02,1058300
EMPIRE,20260108,1.19,1.22,1.18,1.19,2263400
EP,20260108,1.19,1.19,1.18,1.18,312400
EPG,20260108,2.96,3.02,2.92,2.96,1535500
ERW,20260108,2.34,2.34,2.22,2.22,26038500
ESTAR,20260108,0.2,0.22,0.19,0.2,6453400
ETC,20260108,0.58,0.58,0.57,0.57,1385700
ETE,20260108,0.58,0.58,0.57,0.58,24500
ETL,20260108,0.57,0.58,0.56,0.58,72200
EURO,20260108,3.98,4.04,3.92,4.04,1200
EVER,20260108,0.04,0.05,0.04,0.05,347900
FANCY,20260108,0.33,0.33,0.31,0.32,20600
FLOYD,20260108,1.17,1.19,1.17,1.17,119700
FM,20260108,3.62,3.64,3.6,3.64,382000
FMT,20260108,23.9,23.9,23.8,23.8,800
FN,20260108,0.47,0.47,0.43,0.43,198000
FNS,20260108,0.85,0.85,0.84,0.84,14000
FORTH,20260108,6.05,6.05,5.85,5.85,374100
FPI,20260108,1.64,1.65,1.64,1.65,10500
FPT,20260108,6.1,6.1,6,6,23700
FSMART,20260108,6.05,6.1,6,6.05,658700
FSX,20260108,0.7,0.74,0.7,0.73,25400
FTE,20260108,1.9,1.93,1.9,1.9,158600
FTI,20260108,1.93,2.02,1.93,1.97,27500
FTREIT,20260108,11.8,11.9,11.7,11.9,2203200
FUTURERT,20260108,9.15,9.15,9.1,9.1,203500
FVC,20260108,0.49,0.49,0.48,0.48,215800
GABLE,20260108,3.4,3.42,3.36,3.36,208400
GAHREIT,20260108,4.64,4.64,4.34,4.38,90300
GBX,20260108,0.48,0.48,0.47,0.47,626900
GC,20260108,3.98,4,3.98,4,213500
GCAP,20260108,0.28,0.3,0.28,0.29,195000
GEL,20260108,0.03,0.03,0.02,0.03,309600
GENCO,20260108,0.26,0.26,0.26,0.26,84400
GFC,20260108,2.94,2.94,2.9,2.9,33600
GFPT,20260108,10.6,10.6,10.4,10.4,1719800
GGC,20260108,3.42,3.52,3.34,3.4,19600
GJS,20260108,0.12,0.12,0.1,0.11,8151800
GLOBAL,20260108,6.7,6.75,6.3,6.45,14887000
GLORY,20260108,0.79,0.8,0.76,0.79,2900
GPI,20260108,1.57,1.58,1.57,1.58,135100
GPSC,20260108,36.5,37.25,36.5,37.25,3827800
GRAMMY,20260108,4.4,4.4,4.4,4.4,800
GRAND,20260108,0.03,0.04,0.03,0.04,1511100
GREEN,20260108,0.64,0.64,0.63,0.64,52500
GROREIT,20260108,7.45,7.5,7.4,7.4,81700
GTB,20260108,0.67,0.68,0.67,0.67,11100
GTV,20260108,0.04,0.04,0.03,0.03,3176500
GULF,20260108,42.75,43.25,42,42.5,24376300
GUNKUL,20260108,1.87,1.87,1.85,1.85,5898100
GVREIT,20260108,6.55,6.6,6.55,6.6,360400
GYT,20260108,198,198,198,198,300
HANA,20260108,16.2,16.3,16.1,16.1,5281800
HANN,20260108,0.93,0.93,0.9,0.91,2048200
HARN,20260108,1.95,1.96,1.94,1.95,26900
HEALTH,20260108,0.46,0.47,0.45,0.45,46000
HENG,20260108,0.95,0.96,0.94,0.95,369000
HFT,20260108,4.12,4.18,4.12,4.16,313700
HL,20260108,7.15,7.15,7.05,7.1,62900
HMPRO,20260108,6.7,6.75,6.6,6.65,21817400
HPF,20260108,5.2,5.2,5.15,5.15,10100
HPT,20260108,0.33,0.34,0.33,0.34,722200
HTC,20260108,15.1,15.2,15,15.1,123500
HTECH,20260108,2.92,2.96,2.92,2.94,141300
HUMAN,20260108,4.94,4.96,4.9,4.9,389900
HYDRO,20260108,3.22,4.02,3.2,3.5,8507700
I2,20260108,0.73,0.74,0.71,0.71,1720900
ICHI,20260108,13.6,13.7,13.5,13.5,2657200
ICN,20260108,1.7,1.7,1.67,1.68,363100
IDG,20260108,1.75,1.77,1.71,1.72,1761800
IFS,20260108,2.1,2.1,2.1,2.1,18400
IHL,20260108,1.62,1.62,1.54,1.62,14800
IIG,20260108,1.49,1.55,1.46,1.46,2491700
III,20260108,3.96,3.98,3.94,3.98,573500
ILINK,20260108,4.72,4.72,4.68,4.7,84600
ILM,20260108,13.7,13.8,13.5,13.7,147500
IMH,20260108,3.08,3.08,3.02,3.08,6000
IMPACT,20260108,10.4,10.4,10.3,10.4,812300
IND,20260108,1.39,1.4,1.37,1.37,773800
INET,20260108,3.64,3.68,3.62,3.62,458300
INETREIT,20260108,11.4,11.5,11.3,11.4,1266500
INGRS,20260108,0.25,0.25,0.24,0.25,718700
INOX,20260108,0.45,0.46,0.42,0.43,9836400
INSET,20260108,1.71,1.71,1.64,1.64,1461200
INSURE,20260108,64.5,65,57,63.5,1800
IP,20260108,4.36,4.42,4.36,4.38,234300
IRC,20260108,11.9,12,11.8,11.8,15800
IRCP,20260108,0.28,0.29,0.27,0.28,426800
IROYAL,20260108,4.9,4.9,4.84,4.84,41800
IRPC,20260108,1.07,1.09,1.06,1.07,39055700
IT,20260108,3.46,3.46,3.46,3.46,13300
ITC,20260108,16.7,16.9,16.3,16.4,3856600
ITD,20260108,0.27,0.27,0.25,0.27,2591500
ITEL,20260108,1.32,1.37,1.31,1.34,3094600
ITNS,20260108,1.5,1.53,1.47,1.53,172000
ITTHI,20260108,1.33,1.33,1.3,1.32,39100
IVF,20260108,0.83,0.84,0.81,0.81,82900
IVL,20260108,16.9,17.1,16.6,16.7,20087300
J,20260108,0.7,0.7,0.68,0.69,121800
JAS,20260108,1.33,1.33,1.3,1.3,26435800
JCK,20260108,0.13,0.14,0.12,0.13,479500
JDF,20260108,1.4,1.4,1.39,1.39,63900
JMART,20260108,7.15,7.25,6.85,6.85,7725200
JMT,20260108,9.25,9.3,8.8,8.85,12820500
JPARK,20260108,2.68,2.7,2.64,2.64,400700
JR,20260108,1.68,1.7,1.68,1.69,104500
JSP,20260108,1.87,1.92,1.87,1.92,35500
JTS,20260108,58.75,61.25,55,60.25,832900
JUBILE,20260108,7.15,7.15,6.95,7,3400
K,20260108,1.11,1.11,1.08,1.08,31800
KAMART,20260108,9.1,9.15,9,9,1534800
KASET,20260108,0.55,0.56,0.53,0.56,301600
KBANK,20260108,192,196,191.5,194.5,12425400
KBS,20260108,5.8,5.8,5.75,5.8,181900
KBSPIF,20260108,8.1,8.15,8.1,8.1,13700
KC,20260108,0.03,0.03,0.03,0.03,25200
KCAR,20260108,5.4,5.45,5.4,5.45,37900
KCC,20260108,2.48,2.48,2.3,2.3,50400
KCE,20260108,18.4,18.5,18,18,12729600
KCG,20260108,8.25,8.3,8.15,8.15,866700
KCM,20260108,0.17,0.2,0.16,0.16,160900
KDH,20260108,82,82,82,82,2000
KGEN,20260108,1.36,1.36,1.27,1.3,2557600
KGI,20260108,3.98,4,3.96,3.98,598800
KIAT,20260108,0.32,0.33,0.32,0.33,2068800
KISS,20260108,2.98,3.02,2.94,2.94,516900
KJL,20260108,6.1,6.1,6.05,6.05,17400
KK,20260108,0.85,0.87,0.83,0.85,175200
KKP,20260108,66.25,67.5,66,67.5,3679300
KLINIQ,20260108,21.2,21.4,21.2,21.2,88900
KOOL,20260108,0.28,0.29,0.28,0.29,237600
KPNREIT,20260108,1.91,1.91,1.91,1.91,8000
KSL,20260108,1.28,1.28,1.22,1.25,2261100
KTB,20260108,28,29,28,28.75,57125800
KTBSTMR,20260108,5.5,5.55,5.35,5.55,134300
KTC,20260108,26.25,26.5,26,26,14493000
KTIS,20260108,1.96,1.97,1.93,1.97,204400
KTMS,20260108,1.98,1.98,1.97,1.97,2300
KUMWEL,20260108,1.03,1.03,1.02,1.02,400
KUN,20260108,0.81,0.83,0.81,0.83,1700
KWM,20260108,0.9,0.9,0.89,0.89,50300
KYE,20260108,288,290,288,289,2200
L&E,20260108,1.12,1.12,1.01,1.01,129900
LALIN,20260108,4.76,4.78,4.76,4.76,53700
LANNA,20260108,15.3,15.3,15.2,15.2,72300
LDC,20260108,0.3,0.31,0.29,0.29,962300
LEE,20260108,2.6,2.6,2.6,2.6,100
LEO,20260108,1.96,1.96,1.94,1.95,12500
LH,20260108,3.9,3.96,3.88,3.92,29094600
LHFG,20260108,0.9,0.93,0.9,0.91,3045900
LHHOTEL,20260108,13.3,13.3,13.2,13.3,613200
LHK,20260108,3.38,3.38,3.36,3.38,178600
LHRREIT,20260108,4.4,4.48,4.4,4.42,128400
LHSC,20260108,13.1,13.1,12.8,13,364200
LIT,20260108,0.65,0.69,0.64,0.65,463200
LOXLEY,20260108,1.28,1.3,1.23,1.23,393600
LPH,20260108,3.74,3.76,3.74,3.74,43700
LPN,20260108,1.55,1.55,1.52,1.53,972000
LST,20260108,4.7,4.72,4.7,4.7,25400
LTMH,20260108,4.5,4.5,4.44,4.44,2600
LTS,20260108,2.56,2.56,2.54,2.54,101500
LUXF,20260108,9,9,9,9,6200
M,20260108,18.5,18.6,18.1,18.1,3638600
M-CHAI,20260108,22,22.5,21.9,21.9,24600
M-PAT,20260108,1.9,1.9,1.82,1.9,300
MADAME,20260108,0.12,0.13,0.12,0.13,1382500
MAGURO,20260108,20.5,20.5,20.2,20.3,150400
MAJOR,20260108,7.1,7.1,6.9,6.95,1411200
MALEE,20260108,4.18,4.18,4.06,4.08,816100
MASTEC,20260108,1.05,1.05,1.03,1.03,406700
MASTER,20260108,8.8,8.85,8.4,8.7,4238900
MATCH,20260108,0.73,0.73,0.7,0.7,10200
MATI,20260108,3.32,3.32,3.32,3.32,1000
MBAX,20260108,1.43,1.43,1.41,1.41,41600
MBK,20260108,18,18.3,17.8,18.1,2578200
MC,20260108,11.4,11.4,11.3,11.4,670700
MCA,20260108,0.98,0.98,0.94,0.94,892500
MCOT,20260108,3.08,3.1,3.08,3.08,44500
MCS,20260108,8.3,8.3,8.25,8.3,223300
MDX,20260108,2.46,2.48,2.4,2.4,101100
MEB,20260108,15.4,15.5,15.3,15.3,66300
MEDEZE,20260108,6.3,6.35,6.25,6.3,225800
MEGA,20260108,36.5,37,36.25,37,1408800
MENA,20260108,0.76,0.76,0.74,0.76,260800
META,20260108,0.06,0.07,0.05,0.06,609300
METCO,20260108,289,291,288,288,7700
MFC,20260108,24.3,24.5,24.3,24.3,2000
MFEC,20260108,5.3,5.35,5.25,5.25,31600
MGC,20260108,4.34,4.5,4,4.44,15900
MGI,20260108,5.75,5.85,5.55,5.55,225400
MGT,20260108,1.62,1.63,1.61,1.62,23800
MICRO,20260108,0.86,0.87,0.83,0.83,80800
MIDA,20260108,0.2,0.21,0.19,0.21,327900
MII,20260108,4.46,4.48,4.46,4.48,24600
MILL,20260108,0.07,0.07,0.06,0.07,403900
MINT,20260108,23.6,24,23.6,23.8,13811300
MITSIB,20260108,0.61,0.61,0.59,0.61,81700
MJD,20260108,0.33,0.34,0.33,0.33,9200
MJLF,20260108,4.94,4.98,4.92,4.94,38800
MK,20260108,0.58,0.59,0.58,0.58,16000
ML,20260108,0.48,0.52,0.47,0.5,469800
MMM,20260108,3.36,3.5,3.32,3.34,2578400
MNIT,20260108,1.88,1.91,1.86,1.91,5600
MNRF,20260108,2.12,2.14,2.12,2.14,41000
MODERN,20260108,2.14,2.2,2.14,2.2,200
MONO,20260108,1.18,1.24,1.15,1.2,15694900
MOONG,20260108,2.04,2.04,2,2.02,28900
MORE,20260108,0.04,0.05,0.04,0.04,1832300
MOSHI,20260108,35.25,35.25,34.25,34.5,119400
MOTHER,20260108,1.18,1.22,1.17,1.17,1319800
MPJ,20260108,3.5,3.54,3.5,3.52,137200
MRDIYT,20260108,8.6,8.7,8.55,8.55,2002800
MSC,20260108,7.7,7.7,7.7,7.7,4600
MST,20260108,6.75,6.75,6.7,6.75,15100
MTC,20260108,31.25,31.25,30,30,12693600
MTI,20260108,15.5,15.5,15.4,15.4,19700
MTW,20260108,0.83,0.86,0.81,0.81,404100
MUD,20260108,0.52,0.52,0.5,0.5,1700
MVP,20260108,0.24,0.25,0.22,0.22,743900
NAM,20260108,3.54,3.56,3.48,3.48,14400
NAT,20260108,2.64,2.66,2.62,2.64,4000
NATION,20260108,0.04,0.04,0.03,0.04,271500
NC,20260108,2.1,2.14,2.08,2.14,2100
NCAP,20260108,3.02,3.02,2.88,2.9,2251300
NCH,20260108,0.4,0.41,0.4,0.4,28700
NCL,20260108,0.23,0.24,0.21,0.23,2037400
NCP,20260108,0.96,0.99,0.95,0.99,60000
NDR,20260108,1.31,1.33,1.31,1.31,57500
NEO,20260108,20.2,20.2,19.5,20.2,302600
NEP,20260108,0.19,0.2,0.19,0.2,400
NER,20260108,4.62,4.64,4.58,4.62,4888700
NETBAY,20260108,21.9,22,21.7,21.8,143300
NEWS,20260108,0.01,0.02,0.01,0.01,757880900
NEX,20260108,1.19,1.19,1.16,1.17,17017600
NKI,20260108,18.6,18.6,18.5,18.5,200
NKT,20260108,3.96,3.98,3.96,3.96,232500
NL,20260108,0.67,0.68,0.66,0.67,73600
NNCL,20260108,1.48,1.49,1.48,1.49,30700
NOBLE,20260108,2.18,2.2,2.16,2.16,1329500
NOVA,20260108,8.7,8.7,8.65,8.65,1560800
NPK,20260108,12.2,12.2,12.2,12.2,200
NRF,20260108,0.31,0.33,0.3,0.31,246900
NSL,20260108,24,24,23.4,23.7,498600
NTF,20260108,5.6,5.6,5.25,5.3,1992400
NTSC,20260108,6.35,6.35,6.2,6.25,165600
NTV,20260108,22.9,23,22.8,22.8,7800
NUT,20260108,3.88,3.88,3.84,3.88,15100
NV,20260108,0.58,0.59,0.53,0.53,11800
NVD,20260108,0.79,0.83,0.79,0.8,2100
NYT,20260108,3.04,3.06,3.02,3.04,574900
OCC,20260108,9.3,9.3,9.3,9.3,100
OGC,20260108,9.95,10,9.95,10,300
OKJ,20260108,4.22,4.22,4.14,4.14,645400
ONEE,20260108,2.16,2.16,2.12,2.14,74500
ONSENS,20260108,1.11,1.12,1.1,1.11,589000
OR,20260108,13.5,13.9,13.5,13.8,26196000
ORI,20260108,1.78,1.8,1.76,1.77,2741300
ORN,20260108,0.69,0.7,0.69,0.69,477900
OSP,20260108,16.4,16.5,16.1,16.2,9791400
PACO,20260108,1.3,1.3,1.26,1.29,100300
PAF,20260108,0.69,0.7,0.69,0.7,16400
PANEL,20260108,1.38,1.42,1.36,1.42,68700
PAP,20260108,2.02,2.02,1.97,1.99,34900
PATO,20260108,7,7.05,7,7.05,2400
PB,20260108,48.75,49,48,49,2800
PCC,20260108,2.64,2.64,2.62,2.64,104700
PCE,20260108,2.28,2.3,2.26,2.26,574800
PCSGH,20260108,3.02,3.1,3,3,506200
PDG,20260108,2.94,2.94,2.92,2.92,6400
PDJ,20260108,1.19,1.22,1.19,1.19,43500
PEACE,20260108,1.91,1.93,1.9,1.92,41800
PEER,20260108,0.11,0.12,0.1,0.11,797600
PERM,20260108,0.28,0.28,0.25,0.25,1229600
PF,20260108,0.05,0.06,0.05,0.05,4322700
PG,20260108,6.95,7,6.6,6.6,1600
PHG,20260108,12.5,12.6,12.5,12.6,48200
PHOL,20260108,2.8,2.8,2.78,2.8,142800
PICO,20260108,4.06,4.06,4.02,4.06,900
PIMO,20260108,1,1,0.98,0.98,178300
PIN,20260108,4.28,4.3,4.26,4.28,170600
PIS,20260108,3.26,3.3,3.22,3.22,281000
PJW,20260108,2.04,2.06,2.04,2.04,117100
PK,20260108,0.53,0.55,0.52,0.54,511900
PL,20260108,1.29,1.32,1.29,1.3,88600
PLANB,20260108,3.74,3.74,3.64,3.66,7931200
PLANET,20260108,0.58,0.58,0.54,0.56,678400
PLAT,20260108,1.17,1.17,1.14,1.14,878800
PLE,20260108,0.16,0.17,0.16,0.16,602000
PLT,20260108,0.61,0.62,0.61,0.61,69800
PLUS,20260108,1.19,1.21,1.17,1.17,228200
PM,20260108,12,12,11.9,11.9,92700
PMC,20260108,0.83,0.83,0.81,0.82,101900
POLY,20260108,7.2,7.2,7.2,7.2,100
POPF,20260108,6.8,6.85,6.8,6.85,158000
PORT,20260108,0.58,0.6,0.58,0.59,81800
PPM,20260108,1.17,1.19,1.16,1.18,26900
PPP,20260108,0.96,0.97,0.9,0.91,76000
PPPM,20260108,0.35,0.35,0.33,0.33,129600
PPS,20260108,0.17,0.18,0.17,0.17,363900
PQS,20260108,1.48,1.49,1.47,1.48,81700
PR9,20260108,18.8,18.9,18.4,18.4,1736900
PRAKIT,20260108,11.2,11.2,11.2,11.2,4400
PRAPAT,20260108,0.75,0.75,0.73,0.73,288900
PREB,20260108,3.46,3.52,3.36,3.5,176500
PRECHA,20260108,0.46,0.48,0.46,0.48,10300
PRG,20260108,8.9,8.95,8.9,8.95,7500
PRI,20260108,4.28,4.32,4.28,4.32,134800
PRIME,20260108,0.07,0.07,0.06,0.07,54500
PRIN,20260108,1.49,1.66,1.48,1.5,100200
PRINC,20260108,1.73,1.73,1.7,1.71,220000
PRM,20260108,7.15,7.15,7.05,7.1,6019000
PROEN,20260108,1.1,1.1,1.06,1.06,1585000
PROS,20260108,0.42,0.44,0.41,0.41,831700
PROSPECT,20260108,7,7,6.95,7,217600
PROUD,20260108,0.86,0.88,0.86,0.87,25700
PRTR,20260108,3.18,3.24,3.18,3.2,616700
PSGC,20260108,2.26,2.32,2.22,2.32,344800
PSH,20260108,3.7,3.7,3.66,3.68,271100
PSL,20260108,6.1,6.1,5.95,6,1289600
PSP,20260108,4.52,4.58,4.52,4.52,4400
PSTC,20260108,0.27,0.28,0.27,0.28,624900
PT,20260108,12.1,12.5,12.1,12.3,126000
PTC,20260108,0.57,0.6,0.57,0.6,23900
PTECH,20260108,1.75,1.75,1.51,1.72,10600
PTG,20260108,7.65,7.75,7.55,7.6,7500100
PTL,20260108,8.4,8.45,8.4,8.4,75500
PTT,20260108,31.5,31.75,31.5,31.5,26855300
PTTEP,20260108,108,109,107.5,108.5,11103100
PTTGC,20260108,22.1,22.4,21.9,22,16112200
PYLON,20260108,2.68,2.7,2.66,2.66,398200
Q-CON,20260108,6.5,6.5,6.45,6.45,9300
QDC,20260108,0.12,0.13,0.1,0.11,13264700
QH,20260108,1.35,1.37,1.34,1.36,10744300
QHBREIT,20260108,3.5,3.5,3.46,3.5,153400
QHHRREIT,20260108,6.5,6.55,6.45,6.55,63400
QHOP,20260108,2.78,2.78,2.78,2.78,1700
QLT,20260108,1.57,1.57,1.57,1.57,100
QTC,20260108,3.48,3.48,3.36,3.44,61500
QTCG,20260108,0.14,0.15,0.14,0.14,18500
RABBIT,20260108,0.27,0.27,0.26,0.26,3900700
RAM,20260108,18.4,18.7,18.3,18.5,61500
RATCH,20260108,29.5,29.5,29,29.5,2571300
RBF,20260108,3.2,3.22,3.14,3.2,1935100
RCL,20260108,27.75,28,27.5,27.5,1315100
READY,20260108,2.98,3.04,2.96,3.04,155800
RICHY,20260108,0.14,0.18,0.14,0.16,7477800
RJH,20260108,13.5,13.5,13.3,13.4,152300
RML,20260108,0.13,0.13,0.12,0.13,19900
ROCTEC,20260108,0.54,0.55,0.53,0.53,1082900
ROJNA,20260108,4.42,4.46,4.42,4.42,583500
RP,20260108,0.65,0.65,0.6,0.64,8100
RPC,20260108,0.28,0.29,0.27,0.29,450400
RPH,20260108,4.88,4.94,4.88,4.94,46900
RS,20260108,0.19,0.2,0.18,0.19,3051200
RSP,20260108,1.21,1.21,1.2,1.21,249800
RT,20260108,0.27,0.29,0.26,0.26,5265400
RWI,20260108,0.22,0.22,0.2,0.2,1029900
S,20260108,0.5,0.5,0.48,0.49,1637500
S&J,20260108,31.25,32.75,31.25,32.75,8000
S11,20260108,3.36,3.36,3.32,3.34,3400
SA,20260108,7.05,7.25,7.05,7.25,19800
SAAM,20260108,5.1,5.2,5.1,5.2,34000
SABINA,20260108,16.4,16.4,16,16,377200
SAF,20260108,0.36,0.41,0.36,0.39,649300
SAFE,20260108,6.2,6.2,6.1,6.1,31400
SAK,20260108,3.28,3.3,3.26,3.28,561400
SALEE,20260108,0.34,0.36,0.34,0.36,49500
SAMART,20260108,5.45,5.45,5.4,5.45,200500
SAMCO,20260108,0.74,0.74,0.65,0.71,642800
SAMTEL,20260108,4.16,4.18,4.04,4.1,33700
SANKO,20260108,0.84,0.85,0.83,0.83,263200
SAPPE,20260108,32,32.25,31.75,32.25,204100
SAT,20260108,15,15,14.8,14.9,382300
SAUCE,20260108,39,39.5,38.75,39.25,10000
SAV,20260108,12.3,12.3,12,12.1,187700
SAWAD,20260108,24.3,24.4,23.1,23.1,26006300
SC,20260108,1.73,1.74,1.71,1.71,4028900
SCAP,20260108,1.03,1.03,1.01,1.01,2374600
SCB,20260108,139,141.5,138.5,140.5,11225500
SCC,20260108,198.5,199.5,196.5,198,2849700
SCCC,20260108,144,144.5,143.5,144,61900
SCG,20260108,2.18,2.2,2.14,2.14,19800
SCGD,20260108,4.8,4.8,4.7,4.76,650800
SCGP,20260108,18.2,18.6,18.1,18.3,12221700
SCI,20260108,0.82,0.9,0.82,0.9,116200
SCL,20260108,1.3,1.33,1.3,1.31,68900
SCM,20260108,0.15,0.15,0.14,0.14,466000
SCN,20260108,0.38,0.41,0.38,0.4,316000
SCP,20260108,8.35,8.5,8.35,8.5,325100
SDC,20260108,0.03,0.04,0.03,0.03,1185500
SE,20260108,0.42,0.43,0.41,0.43,215500
SE-ED,20260108,1.68,1.68,1.66,1.67,100900
SEAFCO,20260108,2.02,2.02,2,2.02,381000
SEAOIL,20260108,3.04,3.04,3.02,3.04,296600
SECURE,20260108,13.4,13.5,12.6,12.7,304100
SEI,20260108,2.16,2.24,2.16,2.16,88800
SELIC,20260108,2.74,2.74,2.74,2.74,1400
SENA,20260108,1.73,1.73,1.7,1.71,102300
SENX,20260108,0.24,0.24,0.23,0.24,243600
SFLEX,20260108,3.08,3.1,3.08,3.08,874900
SFT,20260108,2,2.04,1.99,2.04,2300
SGC,20260108,0.85,0.86,0.82,0.83,6752700
SGF,20260108,0.18,0.19,0.17,0.18,474900
SGP,20260108,7.95,7.95,7.75,7.75,134800
SHR,20260108,1.7,1.71,1.64,1.64,3254900
SIAM,20260108,0.71,0.71,0.68,0.68,23300
SICT,20260108,2.3,2.36,2.28,2.3,1441200
SIMAT,20260108,1.36,1.52,1.36,1.52,14000100
SINGER,20260108,4.92,4.96,4.8,4.82,2616300
SINO,20260108,0.95,0.97,0.94,0.96,52600
SIRI,20260108,1.37,1.38,1.35,1.35,34872000
SIS,20260108,20.6,20.9,20.5,20.6,86700
SISB,20260108,11.6,11.6,11.2,11.2,3775600
SITHAI,20260108,1.06,1.06,1.04,1.06,66800
SJWD,20260108,7.1,7.15,6.9,6.9,1054400
SK,20260108,0.55,0.56,0.55,0.55,56100
SKE,20260108,0.15,0.15,0.14,0.15,114800
SKIN,20260108,1.39,1.41,1.35,1.36,299400
SKN,20260108,6.3,6.45,6.3,6.45,2900
SKR,20260108,6.9,7,6.9,7,47500
SKY,20260108,10.9,11,10.7,10.8,294500
SLP,20260108,0.36,0.36,0.36,0.36,64200
SMART,20260108,0.47,0.48,0.47,0.47,293300
SMD100,20260108,2.32,2.32,2.2,2.2,122500
SMIT,20260108,3.58,3.6,3.58,3.6,16900
SMO,20260108,3.68,3.7,3.52,3.52,5919100
SMPC,20260108,8.85,8.95,8.8,8.95,62700
SMT,20260108,1.09,1.1,1.07,1.08,142900
SNC,20260108,5.95,6,5.95,6,23700
SNNP,20260108,7.3,7.35,7.25,7.25,195200
SNP,20260108,9.8,9.8,9.7,9.8,10100
SNPS,20260108,4.42,4.46,4.42,4.46,13200
SO,20260108,4.04,4.06,4.02,4.04,55500
SOLAR,20260108,0.2,0.2,0.19,0.2,263500
SONIC,20260108,1.52,1.53,1.51,1.51,179100
SORKON,20260108,3.56,3.56,3.52,3.54,25300
SPA,20260108,3.06,3.22,3.02,3.16,4953600
SPACK,20260108,1.16,1.18,1.16,1.17,10300
SPALI,20260108,17.7,17.7,17.5,17.7,2896900
SPC,20260108,57.25,57.5,57.25,57.25,4400
SPCG,20260108,9.75,9.75,9.5,9.5,1194600
SPG,20260108,11,11,11,11,3000
SPI,20260108,39.75,39.75,39.75,39.75,1200
SPRC,20260108,6.2,6.5,6.15,6.4,21532800
SPREME,20260108,1.43,1.43,1.41,1.42,94200
SPRIME,20260108,3.54,3.54,3.5,3.52,87900
SPVI,20260108,2.16,2.18,2.14,2.16,251600
SQ,20260108,0.38,0.38,0.37,0.37,135400
SR,20260108,0.35,0.4,0.35,0.4,200
SRICHA,20260108,10,10.1,9.95,9.95,76100
SRIPANWA,20260108,4.98,5,4.96,5,27200
SRS,20260108,1.8,1.84,1.76,1.81,50200
SSF,20260108,5,5,4.98,5,155700
SSP,20260108,3.2,3.22,3.18,3.22,165600
SSPF,20260108,3.12,3.12,3.12,3.12,1000
SSSC,20260108,2.08,2.12,2.08,2.12,6700
SST,20260108,1.31,1.38,1.31,1.31,91900
SSTRT,20260108,4.3,4.36,4.28,4.36,430000
STA,20260108,12.8,12.9,12.5,12.6,3926100
STANLY,20260108,189,189,189,189,6800
STARM,20260108,0.84,0.85,0.83,0.85,94900
STC,20260108,0.28,0.29,0.28,0.28,72100
STECH,20260108,0.99,0.99,0.99,0.99,21500
STECON,20260108,7,7.35,6.9,7,22156000
STELLA,20260108,0.15,0.15,0.13,0.13,9643800
STGT,20260108,9.7,9.75,9.5,9.7,3760000
STI,20260108,1.88,1.9,1.88,1.89,32700
STOWER,20260108,0.03,0.03,0.02,0.03,306100
STP,20260108,10,10,9.85,9.95,12000
STPI,20260108,4.68,4.68,4.58,4.6,3078900
STX,20260108,1.05,1.06,1.04,1.05,955900
SUC,20260108,27.25,27.25,27,27.25,76900
SUN,20260108,3,3.02,2.98,2.98,126300
SUPER,20260108,0.11,0.11,0.1,0.11,10873200
SUPEREIF,20260108,5.45,5.45,5.4,5.4,192100
SUSCO,20260108,2.16,2.16,2.1,2.12,550200
SVI,20260108,7.3,7.35,7.3,7.3,268400
SVOA,20260108,1.35,1.35,1.33,1.35,211400
SVR,20260108,0.31,0.32,0.31,0.32,10600
SVT,20260108,1.28,1.3,1.28,1.29,80400
SWC,20260108,3.66,3.72,3.66,3.72,15200
SYMC,20260108,3.5,3.52,3.48,3.48,43100
SYNEX,20260108,10.1,10.1,9.9,10,577800
SYNTEC,20260108,1.64,1.65,1.63,1.64,383000
TACC,20260108,5.3,5.35,5.25,5.35,2012900
TAE,20260108,0.49,0.51,0.49,0.51,160900
TAKUNI,20260108,0.36,0.36,0.34,0.35,453100
TAN,20260108,3.6,3.74,3.6,3.62,46500
TASCO,20260108,14.7,14.7,14.2,14.2,12901700
TATG,20260108,0.95,0.96,0.95,0.95,431300
TBN,20260108,4.22,4.44,4.22,4.44,500
TC,20260108,5,5,4.98,4.98,5400
TCAP,20260108,58,58.75,57.75,58.25,2091300
TCC,20260108,0.28,0.28,0.27,0.27,104600
TCJ,20260108,2.4,2.4,2.4,2.4,2600
TCMC,20260108,0.36,0.37,0.36,0.36,702800
TEAM,20260108,2.32,2.32,2.3,2.3,27000
TEAMG,20260108,3.2,3.2,3.12,3.12,1488800
TEGH,20260108,3,3,2.96,3,358300
TEKA,20260108,1.73,1.73,1.7,1.71,11900
TERA,20260108,1.01,1.01,0.99,1,26700
TFFIF,20260108,6.35,6.35,6.3,6.35,1795700
TFG,20260108,4.42,4.56,4.4,4.4,32156500
TFI,20260108,0.05,0.05,0.04,0.05,1600
TFM,20260108,5.85,5.95,5.85,5.9,131300
TFMAMA,20260108,193,193,192,192.5,1400
TGE,20260108,1.29,1.33,1.29,1.31,18500
TGPRO,20260108,0.05,0.06,0.05,0.06,202100
TH,20260108,0.48,0.48,0.47,0.47,631000
THAI,20260108,7.3,7.45,7.15,7.15,30061100
THANA,20260108,1.68,1.79,1.61,1.65,6640200
THANI,20260108,1.65,1.67,1.65,1.67,1615900
THCOM,20260108,8.65,8.75,8.45,8.5,1098400
THE,20260108,0.77,0.79,0.73,0.75,8300
THG,20260108,9,9.25,8.95,9.1,6141100
THIP,20260108,23,23,23,23,5500
THMUI,20260108,0.28,0.29,0.26,0.26,30800
THRE,20260108,0.33,0.39,0.33,0.35,10687500
THREL,20260108,1,1.09,1,1.01,529400
TIDLOR,20260108,16.7,16.9,16.2,16.3,7745400
TIF1,20260108,7.15,7.2,7.15,7.15,700
TIGER,20260108,0.27,0.3,0.26,0.28,247900
TIPCO,20260108,7.7,7.75,7.7,7.75,8400
TIPH,20260108,20.1,20.2,19.9,20,195100
TISCO,20260108,109,110.5,108.5,110,4307300
TITLE,20260108,6.4,6.4,6.15,6.25,487000
TK,20260108,4.42,4.42,4.38,4.4,10000
TKC,20260108,8.85,8.9,8.7,8.85,44400
TKN,20260108,3.94,4,3.92,4,2067800
TKS,20260108,6.35,6.35,6.2,6.25,246800
TKT,20260108,0.71,0.71,0.71,0.71,2500
TL,20260108,0.28,0.34,0.28,0.34,13596700
TLHPF,20260108,3.84,3.86,3.84,3.86,7700
TLI,20260108,9.9,10.1,9.9,9.95,11203000
TM,20260108,0.97,0.98,0.96,0.97,26700
TMAN,20260108,10.5,10.6,10.4,10.6,432500
TMC,20260108,0.71,0.72,0.71,0.72,11500
TMD,20260108,25.75,26,25.75,25.75,4800
TMI,20260108,0.49,0.5,0.48,0.5,295000
TMILL,20260108,2.12,2.12,2.12,2.12,1000
TMT,20260108,2.82,2.82,2.78,2.78,14400
TMW,20260108,56.75,56.75,56.25,56.75,13900
TNDT,20260108,0.15,0.16,0.15,0.15,525300
TNH,20260108,31.25,32,31.25,31.5,1600
TNITY,20260108,2.14,2.46,2.14,2.44,364400
TNP,20260108,2.76,2.76,2.7,2.7,122100
TNPC,20260108,0.8,0.81,0.78,0.81,42900
TNR,20260108,5.95,5.95,5.85,5.85,144900
TOA,20260108,14.7,14.7,14.2,14.2,1327200
TOG,20260108,6.55,6.55,6.45,6.45,89100
TOP,20260108,38.75,39.5,38.25,39.25,8640800
TPA,20260108,2.66,2.68,2.66,2.68,1400
TPAC,20260108,8.1,8.1,8,8.1,2600
TPBI,20260108,2.86,2.9,2.84,2.86,173900
TPCH,20260108,1.41,1.47,1.4,1.42,1934400
TPCS,20260108,9.55,9.7,9.55,9.7,700
TPIPL,20260108,0.7,0.71,0.7,0.7,4504400
TPIPP,20260108,1.83,1.84,1.81,1.81,1944200
TPL,20260108,0.49,0.51,0.49,0.5,749700
TPLAS,20260108,0.86,0.9,0.86,0.9,7000
TPOLY,20260108,0.24,0.25,0.23,0.24,432700
TPP,20260108,10.6,10.7,10.6,10.7,300
TPRIME,20260108,7.1,7.1,7.05,7.1,600
TPS,20260108,3.32,3.32,3.26,3.26,115000
TQM,20260108,11.3,11.5,11.2,11.4,608200
TQR,20260108,5,5,4.94,4.96,36900
TRC,20260108,0.43,0.46,0.43,0.44,504300
TRITN,20260108,0.03,0.03,0.02,0.02,1555300
TRP,20260108,4.3,4.38,4.26,4.38,9000
TRT,20260108,3.54,3.6,3.52,3.56,147700
TRU,20260108,3.9,3.92,3.9,3.92,17400
TRUBB,20260108,0.63,0.65,0.62,0.62,632400
TRUE,20260108,11.1,11.2,11,11.1,56283600
TRV,20260108,1.53,1.7,1.52,1.53,7100
TSC,20260108,15.7,15.8,15.6,15.6,64500
TSE,20260108,0.44,0.44,0.43,0.44,372900
TSI,20260108,0.04,0.05,0.04,0.04,1200
TSR,20260108,0.17,0.18,0.16,0.17,277800
TSTH,20260108,0.69,0.7,0.67,0.67,613200
TTA,20260108,4.34,4.36,4.26,4.26,1054100
TTB,20260108,2.02,2.04,2,2.04,178293100
TTCL,20260108,0.15,0.16,0.15,0.16,79700
TTI,20260108,26,26,26,26,300
TTLPF,20260108,9.95,9.95,9.95,9.95,51800
TTT,20260108,44.25,44.5,44,44,400
TTW,20260108,9.05,9.15,9.05,9.1,1818000
TU,20260108,13.1,13.4,13.1,13.4,12332400
TURBO,20260108,1.37,1.37,1.33,1.34,4813300
TVDH,20260108,0.06,0.07,0.05,0.07,4959100
TVH,20260108,9,9.15,8.95,9.1,13400
TVO,20260108,22.7,22.8,22.4,22.5,1166600
TVT,20260108,0.26,0.27,0.25,0.26,1166900
TWPC,20260108,2.84,2.86,2.82,2.84,466300
TWZ,20260108,0.02,0.03,0.02,0.02,23415500
TYCN,20260108,1.69,1.69,1.65,1.65,20500
UAC,20260108,2.68,2.7,2.66,2.68,31800
UBA,20260108,0.92,0.92,0.91,0.91,42900
UBE,20260108,0.44,0.45,0.43,0.44,924500
UBIS,20260108,0.91,1.09,0.91,1.03,267300
UEC,20260108,0.72,0.72,0.65,0.68,543800
UKEM,20260108,0.59,0.59,0.58,0.58,313500
UMI,20260108,0.68,0.68,0.65,0.66,236500
UNIQ,20260108,2.76,2.78,2.74,2.74,43200
UP,20260108,21.2,21.2,21,21.2,1400
UPF,20260108,23.9,23.9,23.9,23.9,100
UPOIC,20260108,6.55,6.6,6.5,6.6,20500
UREKA,20260108,0.37,0.37,0.35,0.35,2769500
UTP,20260108,7.5,7.55,7.5,7.5,138800
UV,20260108,0.87,0.87,0.85,0.85,115600
UVAN,20260108,12.8,13,12.8,12.9,152300
VARO,20260108,4.76,4.76,4.76,4.76,100
VCOM,20260108,3,3.06,2.98,3.02,318800
VGI,20260108,0.95,0.95,0.91,0.92,26691400
VIBHA,20260108,1.41,1.41,1.39,1.4,241800
VIH,20260108,8.35,8.45,8.1,8.15,143200
VL,20260108,0.78,0.79,0.76,0.78,471200
VNG,20260108,1.78,1.78,1.77,1.78,39500
VPO,20260108,0.44,0.45,0.43,0.43,568200
VRANDA,20260108,4.28,4.4,4.28,4.34,50100
VS,20260108,0.23,0.24,0.2,0.24,98400
WACOAL,20260108,17.4,18.8,16.9,16.9,8800
WARRIX,20260108,1.84,1.85,1.83,1.83,247800
WASH,20260108,4.48,4.48,4.32,4.32,2089300
WAVE,20260108,0.02,0.03,0.01,0.03,23898200
WFX,20260108,0.69,0.74,0.69,0.7,362400
WGE,20260108,0.75,0.79,0.75,0.78,196700
WHA,20260108,3.22,3.26,3.2,3.22,32564200
WHABT,20260108,5.9,6,5.85,5.85,120200
WHAIR,20260108,6.2,6.2,6.15,6.2,713500
WHART,20260108,10.6,10.8,10.6,10.7,730300
WHAUP,20260108,4.3,4.38,4.28,4.36,6928700
WICE,20260108,2.26,2.32,2.26,2.28,392400
WIIK,20260108,0.86,0.86,0.85,0.86,11900
WIN,20260108,0.34,0.35,0.34,0.35,123200
WINDOW,20260108,0.69,0.7,0.69,0.7,281200
WINMED,20260108,0.98,0.99,0.97,0.99,25900
WINNER,20260108,2.1,2.1,2.06,2.08,236300
WORK,20260108,3.68,3.68,3.64,3.68,65300
WP,20260108,3.78,3.78,3.7,3.74,82400
WPH,20260108,5.95,6,5.95,5.95,78700
WSOL,20260108,0.22,0.23,0.21,0.22,1388000
XBIO,20260108,0.08,0.09,0.08,0.08,37834800
XO,20260108,14.4,14.6,14.3,14.5,229100
XPG,20260108,0.44,0.45,0.43,0.44,9740000
XYZ,20260108,0.48,0.48,0.46,0.46,233600
YGG,20260108,0.34,0.34,0.32,0.34,364900
YONG,20260108,0.69,0.71,0.69,0.7,328100
YUASA,20260108,13.5,13.7,13.5,13.7,27600
ZAA,20260108,1.92,1.92,1.83,1.92,14400
ZEN,20260108,6.25,6.25,6.2,6.2,400
ZIGA,20260108,0.88,0.89,0.86,0.87,508900
2S-O,20260108,2.4,2.4,2.4,2.4,1
3BBIF-O,20260108,6.45,6.55,6.45,6.5,231
88TH-O,20260108,4.5,4.5,4.46,4.46,137
AAI-O,20260108,4.18,4.24,4.16,4.24,67
AAV-O,20260108,1.18,1.19,1.17,1.17,602
ACC-O,20260108,0.36,0.36,0.36,0.36,1
ACE-O,20260108,1.3,1.3,1.29,1.29,10
ADVANC-O,20260108,319,322,318,322,1038
ADVICE-O,20260108,5.75,5.75,5.7,5.7,51
AE-O,20260108,0.1,0.1,0.09,0.09,22
AEONTS-O,20260108,99.5,101,98.25,99.75,613
AF-O,20260108,0.23,0.23,0.23,0.23,2
AFC-O,20260108,3,3,3,3,1
AGE-O,20260108,1.23,1.24,1.2,1.24,58
AH-O,20260108,12.9,13,12.9,13,14
AHC-O,20260108,9.25,13.1,9.25,13.1,12
AI-O,20260108,3,3,2.98,3,73
AIE-O,20260108,1.02,1.03,0.9,1.02,347
AIMCG-O,20260108,1.22,1.22,1.22,1.22,40
AIMIRT-O,20260108,10.9,10.9,10.9,10.9,84
AIRA-O,20260108,1.44,1.44,0.98,0.98,201
AIT-O,20260108,4.98,4.98,4.92,4.92,111
AJ-O,20260108,1.98,2.02,1.98,1.98,35
AJA-O,20260108,0.16,0.17,0.12,0.17,142
AKP-O,20260108,0.6,0.6,0.6,0.6,5
AKR-O,20260108,0.87,0.87,0.87,0.87,21
AKS-O,20260108,0.01,0.02,0.01,0.01,310
ALLY-O,20260108,4.48,4.48,4.48,4.48,1
ALPHAX-O,20260108,0.49,0.5,0.48,0.5,58
ALT-O,20260108,1.05,1.05,1.05,1.05,1
ALUCON-O,20260108,196,197,196,197,7
AMA-O,20260108,4.1,4.1,4.1,4.1,40
AMANAH-O,20260108,0.77,0.77,0.76,0.76,252
AMARIN-O,20260108,2.18,2.18,2.18,2.18,20
AMATA-O,20260108,15.7,15.7,15.3,15.5,2587
AMATAV-O,20260108,1.83,1.9,1.83,1.9,10
AMR-O,20260108,0.43,0.43,0.43,0.43,10
ANAN-O,20260108,0.4,0.42,0.4,0.41,353
AOT-O,20260108,51.5,52,51.25,51.5,2548
AP-O,20260108,8.85,8.95,8.85,8.95,286
APCO-O,20260108,2.78,2.82,2.78,2.82,6
APCS-O,20260108,1.41,1.41,1.41,1.41,3
APO-O,20260108,2.14,2.14,2.14,2.14,18
APP-O,20260108,2.5,2.56,2.5,2.56,16
APURE-O,20260108,2.16,2.16,2.14,2.14,30
ARIN-O,20260108,0.62,0.64,0.61,0.64,3
AS-O,20260108,3.52,3.54,3.28,3.32,154
ASIAN-O,20260108,7.25,7.25,7.2,7.25,38
ASK-O,20260108,7.25,7.25,7.2,7.2,3
ASP-O,20260108,2.02,2.02,2,2.02,244
ASW-O,20260108,5.95,5.95,5.95,5.95,13
ATLAS-O,20260108,1.86,1.86,1.79,1.79,383
ATP30-O,20260108,0.86,0.86,0.86,0.86,10
AU-O,20260108,4.82,5,4.82,5,51
AUCT-O,20260108,5.5,5.5,5.35,5.35,140
AURA-O,20260108,14.2,14.2,14.1,14.2,86
AWC-O,20260108,2.08,2.1,2.06,2.08,536
AXTRART-O,20260108,13.4,13.4,13.3,13.3,63
AYUD-O,20260108,35,35,35,35,73
B-O,20260108,0.03,0.04,0.03,0.03,352
B-WORK-O,20260108,5.15,5.15,5.15,5.15,5
B52-O,20260108,0.38,0.38,0.38,0.38,1
BA-O,20260108,15.5,16.2,15.5,16.1,795
BAFS-O,20260108,8.65,8.65,8.55,8.55,87
BAM-O,20260108,8,8.05,7.95,8,317
BANPU-O,20260108,4.96,5.1,4.96,5,1199
BAREIT-O,20260108,10.2,10.2,10.2,10.2,2
BAY-O,20260108,26,26.25,25.75,26.25,299
BBGI-O,20260108,2.78,2.84,2.7,2.76,246
BBIK-O,20260108,15.4,15.4,15,15,162
BBL-O,20260108,170.5,174,170.5,173.5,1739
BCH-O,20260108,11,11,10,10.3,6497
BCP-O,20260108,27.75,28.5,27.75,28,1492
BCPG-O,20260108,6.6,6.95,6.6,6.8,248
BCT-O,20260108,48,48,48,48,1
BDMS-O,20260108,19.4,19.6,19.3,19.4,5255
BE8-O,20260108,4.94,4.94,4.84,4.84,81
BEAUTY-O,20260108,0.5,0.5,0.49,0.49,12
BEC-O,20260108,1.9,1.9,1.88,1.88,152
BEM-O,20260108,5.25,5.35,5.2,5.2,545
BEYOND-O,20260108,6.25,8.75,6.2,8.75,106
BGC-O,20260108,2.76,3.92,2.76,3.92,10
BGRIM-O,20260108,14.6,14.7,14.4,14.6,5752
BGT-O,20260108,0.38,0.38,0.38,0.38,1
BH-O,20260108,108.5,156.5,108.5,154,3461
BIG-O,20260108,0.22,0.22,0.22,0.22,2
BIOTEC-O,20260108,0.18,0.18,0.18,0.18,11
BJC-O,20260108,14.4,14.4,14.2,14.3,625
BJCHI-O,20260108,0.58,0.58,0.56,0.57,30
BKD-O,20260108,1.05,1.05,1.05,1.05,1
BKGI-O,20260108,0.88,1.25,0.87,1.25,21
BKIH-O,20260108,299,300,299,299,83
BLA-O,20260108,21,21,20.9,21,55
BLAND-O,20260108,0.44,0.44,0.43,0.43,4
BLC-O,20260108,4.02,4.02,4,4,51
BM-O,20260108,1.13,1.14,1.13,1.14,25
BOFFICE-O,20260108,5.05,5.05,4.96,5.05,8
BOL-O,20260108,5.2,5.4,5.15,5.15,101
BPP-O,20260108,11.1,11.2,11,11.1,188
BR-O,20260108,1.62,1.62,1.62,1.62,1
BRI-O,20260108,1.52,1.52,1.5,1.5,81
BROCK-O,20260108,1.22,1.23,0.9,1.23,42
BRR-O,20260108,3.66,3.7,3.66,3.66,12
BRRGIF-O,20260108,3.78,3.78,3.66,3.66,2
BSBM-O,20260108,0.65,0.66,0.65,0.66,10
BSM-O,20260108,0.38,0.38,0.38,0.38,30
BTC-O,20260108,0.27,0.28,0.27,0.27,171
BTG-O,20260108,18.3,18.6,18.3,18.4,265
BTS-O,20260108,2.3,2.32,2.28,2.28,1448
BTW-O,20260108,0.08,0.08,0.08,0.08,1
BVG-O,20260108,1.2,1.2,1.2,1.2,2
BWG-O,20260108,0.28,0.29,0.26,0.26,12
BYD-O,20260108,0.55,0.55,0.53,0.53,88
CAZ-O,20260108,1.23,1.23,1.23,1.23,23
CBG-O,20260108,43.5,43.5,42,42.5,1402
CCET-O,20260108,4.5,4.5,4.46,4.5,368
CCP-O,20260108,0.24,0.24,0.24,0.24,10
CEN-O,20260108,0.95,0.95,0.93,0.93,30
CENTEL-O,20260108,32.75,32.75,32.5,32.75,220
CEYE-O,20260108,1.73,1.73,1.73,1.73,15
CFARM-O,20260108,0.71,0.71,0.71,0.71,2
CFRESH-O,20260108,0.68,0.68,0.68,0.68,3
CGD-O,20260108,0.1,0.1,0.1,0.1,1
CGH-O,20260108,0.5,0.5,0.5,0.5,2
CH-O,20260108,1.59,1.59,1.59,1.59,2
CHAO-O,20260108,3.54,3.54,3.54,3.54,1
CHASE-O,20260108,0.5,0.5,0.5,0.5,1
CHAYO-O,20260108,1.33,1.35,1.31,1.32,425
CHEWA-O,20260108,0.27,0.28,0.27,0.28,100
CHG-O,20260108,1.57,1.57,1.52,1.52,935
CHIC-O,20260108,0.22,0.22,0.22,0.22,2
CHO-O,20260108,0.06,0.06,0.05,0.05,159
CHOTI-O,20260108,60.25,60.25,43.5,43.5,3
CHOW-O,20260108,1.08,1.08,1.08,1.08,1
CI-O,20260108,0.33,0.33,0.33,0.33,1
CITY-O,20260108,1.54,1.54,1.54,1.54,1
CIVIL-O,20260108,0.44,0.61,0.44,0.61,92
CK-O,20260108,12.3,12.3,12.1,12.3,123
CKP-O,20260108,2.42,2.42,2.38,2.42,100
CM-O,20260108,1.68,1.68,1.68,1.68,10
CMC-O,20260108,0.47,0.47,0.47,0.47,1
CMO-O,20260108,0.35,0.35,0.35,0.35,1
CMR-O,20260108,1.4,1.4,1.39,1.4,19
CNT-O,20260108,0.98,0.98,0.98,0.98,1
COCOCO-O,20260108,5.15,5.15,4.96,4.98,459
COM7-O,20260108,19.5,20.3,19.5,19.8,854
COMAN-O,20260108,0.42,0.42,0.42,0.42,1
CPALL-O,20260108,43.5,43.75,42.75,43,10447
CPANEL-O,20260108,2.1,2.1,2.1,2.1,14
CPAXT-O,20260108,15.8,15.8,15.5,15.5,5267
CPF-O,20260108,21.4,22.1,21.4,21.6,1061
CPH-O,20260108,8.25,8.25,8.25,8.25,1
CPI-O,20260108,3.3,3.3,3.26,3.3,12
CPL-O,20260108,0.68,0.69,0.66,0.67,175
CPN-O,20260108,55.75,56.25,55.5,56,766
CPNCG-O,20260108,6.4,6.4,6.35,6.4,102
CPNREIT-O,20260108,11.5,11.6,11.4,11.5,515
CPR-O,20260108,2.82,2.82,2.82,2.82,98
CPT-O,20260108,0.7,0.98,0.7,0.98,2
CPTREIT-O,20260108,5.35,5.35,5.35,5.35,1
CRANE-O,20260108,0.38,0.38,0.38,0.38,1
CRC-O,20260108,17.9,17.9,17.2,17.3,3216
CREDIT-O,20260108,15.7,15.7,15.5,15.5,3
CSC-O,20260108,44.5,44.5,44.5,44.5,3
CSP-O,20260108,0.32,0.32,0.32,0.32,2
CSS-O,20260108,0.78,0.78,0.78,0.78,1
CWT-O,20260108,0.92,0.92,0.92,0.92,2
DCC-O,20260108,1.23,1.24,1.23,1.23,118
DCON-O,20260108,0.19,0.19,0.19,0.19,55
DDD-O,20260108,5.4,5.4,5.4,5.4,6
DELTA-O,20260108,181,181,161,161.5,65985
DEMCO-O,20260108,2.22,2.22,2.22,2.22,1
DHOUSE-O,20260108,0.39,0.4,0.39,0.4,12
DIF-O,20260108,9.5,9.55,9.45,9.5,741
DIMET-O,20260108,0.05,0.05,0.05,0.05,66
DITTO-O,20260108,7.85,11.2,7.85,11,96
DMT-O,20260108,10.6,10.7,10.5,10.6,250
DOD-O,20260108,1.56,1.56,1.56,1.56,2
DOHOME-O,20260108,3.58,3.6,3.5,3.5,376
DREIT-O,20260108,4.86,4.86,4.86,4.86,80
DRT-O,20260108,5.1,5.1,5.1,5.1,62
DTCENT-O,20260108,0.88,0.88,0.88,0.88,61
DUSIT-O,20260108,12.5,12.5,12.5,12.5,30
DV8-O,20260108,4.76,4.76,4.7,4.7,110
EA-O,20260108,2.76,2.78,2.72,2.72,1238
EASON-O,20260108,1.08,1.08,1.08,1.08,1
EASTW-O,20260108,1.91,1.97,1.91,1.91,86
ECF-O,20260108,0.1,0.1,0.1,0.1,55
EFORL-O,20260108,0.14,0.14,0.12,0.12,77
EGATIF-O,20260108,6.2,6.35,6.2,6.35,11
EGCO-O,20260108,116,117,114.5,115,958
EKH-O,20260108,4.94,4.94,4.94,4.94,27
EMC-O,20260108,0.02,0.02,0.02,0.02,9
EMPIRE-O,20260108,1.18,1.18,1.18,1.18,1
EP-O,20260108,1.15,1.19,0.99,1.17,60
EPG-O,20260108,2.94,2.94,2.94,2.94,1
ERW-O,20260108,2.34,2.34,2.22,2.26,905
ESTAR-O,20260108,0.21,0.21,0.21,0.21,10
ETC-O,20260108,0.56,0.58,0.56,0.58,30
ETL-O,20260108,0.55,0.55,0.55,0.55,10
EURO-O,20260108,3.98,3.98,3.98,3.98,2
EVER-O,20260108,0.04,0.04,0.04,0.04,1
FE-O,20260108,194,194,194,194,1
FLOYD-O,20260108,1.17,1.17,1.17,1.17,1
FM-O,20260108,3.6,3.64,3.6,3.62,131
FMT-O,20260108,24,24,24,24,1
FN-O,20260108,0.45,0.45,0.42,0.42,100
FNS-O,20260108,0.82,0.82,0.82,0.82,1
FORTH-O,20260108,5.95,6.1,5.9,6.1,54
FPT-O,20260108,6,6,6,6,1
FSMART-O,20260108,6.1,6.1,6,6.05,80
FSX-O,20260108,0.52,0.52,0.52,0.52,1
FTREIT-O,20260108,11.5,11.9,11.3,11.8,316
GABLE-O,20260108,3.38,3.38,3.38,3.38,1
GAHREIT-O,20260108,4.64,4.64,4.64,4.64,36
GBX-O,20260108,0.48,0.48,0.48,0.48,26
GC-O,20260108,4,4,3.98,3.98,80
GCAP-O,20260108,0.21,0.27,0.21,0.27,8
GEL-O,20260108,0.02,0.02,0.02,0.02,1
GENCO-O,20260108,0.25,0.25,0.25,0.25,1
GFPT-O,20260108,10.5,10.6,10.3,10.3,67
GGC-O,20260108,2.48,2.48,2.48,2.48,3
GJS-O,20260108,0.11,0.11,0.09,0.09,105
GLOBAL-O,20260108,6.7,6.7,6.35,6.45,390
GPI-O,20260108,1.58,1.58,1.58,1.58,3
GPSC-O,20260108,36.5,37.25,35,37,3426
GRAMMY-O,20260108,4.4,4.4,4.18,4.18,131
GRAND-O,20260108,0.04,0.04,0.03,0.03,92
GREEN-O,20260108,0.64,0.64,0.64,0.64,2
GTV-O,20260108,0.03,0.03,0.03,0.03,123
GULF-O,20260108,42.75,43.25,42,42.5,4342
GUNKUL-O,20260108,1.87,1.87,1.86,1.86,372
GVREIT-O,20260108,6.6,6.6,6.55,6.55,28
HANA-O,20260108,16.3,16.4,16.1,16.3,608
HANN-O,20260108,0.93,0.94,0.91,0.94,105
HEALTH-O,20260108,0.45,0.45,0.45,0.45,2
HENG-O,20260108,1.23,1.23,0.96,0.96,99
HFT-O,20260108,4.02,4.02,4.02,4.02,1
HL-O,20260108,7.1,7.1,7.1,7.1,10
HMPRO-O,20260108,6.7,6.9,6.65,6.75,368
HPT-O,20260108,0.33,0.33,0.33,0.33,1
HTC-O,20260108,15.3,15.3,15.1,15.2,101
HTECH-O,20260108,2.94,3,2.9,3,14
HUMAN-O,20260108,4.96,4.96,4.8,4.8,41
HYDRO-O,20260108,3.1,3.74,3.1,3.5,26
HYDROGEN-O,20260108,5.75,5.75,5.75,5.75,1
ICC-O,20260108,23.4,23.4,23.4,23.4,2
ICHI-O,20260108,13.6,13.8,13.5,13.7,1287
ICN-O,20260108,1.69,1.69,1.69,1.69,4
IDG-O,20260108,1.74,1.74,1.74,1.74,1
IFS-O,20260108,1.48,1.48,1.48,1.48,1584
IHL-O,20260108,1.46,1.61,1.46,1.61,8
IIG-O,20260108,1.51,1.53,1.51,1.53,9
III-O,20260108,3.98,3.98,3.94,3.98,56
ILINK-O,20260108,4.7,4.7,4.68,4.68,94
ILM-O,20260108,13.6,13.6,13.6,13.6,1
IMH-O,20260108,2.16,3.02,2.16,3.02,62
IMPACT-O,20260108,10.4,10.4,10.3,10.3,83
IND-O,20260108,1.39,1.39,1.39,1.39,6
INET-O,20260108,3.68,3.68,3.62,3.66,101
INETREIT-O,20260108,11.5,11.5,11.3,11.4,797
INGRS-O,20260108,0.24,0.25,0.24,0.25,4
INOX-O,20260108,0.43,0.45,0.43,0.45,4
INSET-O,20260108,1.7,1.73,1.7,1.73,11
INSURE-O,20260108,63.5,63.5,63.5,63.5,2
IP-O,20260108,4.4,4.4,4.38,4.38,140
IRC-O,20260108,12.1,12.1,12.1,12.1,54
IRCP-O,20260108,0.28,0.29,0.28,0.29,20
IRPC-O,20260108,1.07,1.09,1.07,1.08,272
ISSARA-O,20260108,6.7,6.7,6.7,6.7,1
IT-O,20260108,3.46,3.46,3.46,3.46,9
ITC-O,20260108,16.8,16.9,16.5,16.5,196
ITD-O,20260108,0.27,0.27,0.26,0.26,120
ITEL-O,20260108,1.32,1.36,1.32,1.36,102
ITTHI-O,20260108,1.32,1.32,1.32,1.32,1
IVF-O,20260108,0.83,0.83,0.82,0.82,92
IVL-O,20260108,16.9,17.1,16.7,16.9,1100
JAK-O,20260108,0.73,0.73,0.73,0.73,2
JAS-O,20260108,1.34,1.34,1.31,1.31,789
JCK-O,20260108,0.14,0.14,0.12,0.12,5
JCT-O,20260108,84,84,84,84,2
JDF-O,20260108,1.39,1.39,1.39,1.39,1
JMART-O,20260108,7.2,7.2,6.9,6.9,359
JMT-O,20260108,9.25,9.25,8.85,8.9,864
JPARK-O,20260108,2.66,2.7,2.66,2.7,51
JR-O,20260108,1.67,1.67,1.67,1.67,2
JSP-O,20260108,1.87,1.87,1.87,1.87,3
JTS-O,20260108,58.75,61,55.25,60,1805
JUBILE-O,20260108,6.95,6.95,6.95,6.95,1
KAMART-O,20260108,9.1,9.1,9.05,9.05,112
KASET-O,20260108,0.54,0.54,0.54,0.54,10
KBANK-O,20260108,191.5,196,191.5,194.5,1899
KBS-O,20260108,5.8,5.8,5.75,5.75,58
KBSPIF-O,20260108,8.1,8.1,8,8,17
KC-O,20260108,0.03,0.03,0.03,0.03,3
KCAR-O,20260108,5.3,5.3,5.15,5.15,10
KCE-O,20260108,18.5,18.5,18,18.3,1278
KDH-O,20260108,81.25,81.25,81.25,81.25,1
KGEN-O,20260108,1.34,1.34,1.11,1.32,12
KGI-O,20260108,3.96,4.02,3.96,4,216
KIAT-O,20260108,0.32,0.32,0.32,0.32,2
KISS-O,20260108,3,3,2.98,2.98,81
KJL-O,20260108,6.2,6.2,6.2,6.2,2
KK-O,20260108,0.84,0.84,0.84,0.84,1
KKP-O,20260108,66.25,67.5,66.25,67.25,931
KLINIQ-O,20260108,21.2,21.3,21.2,21.3,18
KSL-O,20260108,1.25,1.27,1.25,1.25,269
KTB-O,20260108,28.25,29.25,28,29,3223
KTBSTMR-O,20260108,5.45,5.5,5.4,5.4,11
KTC-O,20260108,26.5,26.5,26,26,2336
KTIS-O,20260108,1.93,1.93,1.93,1.93,1
KUN-O,20260108,0.79,0.79,0.79,0.79,1
KWC-O,20260108,247,270,247,270,6
KYE-O,20260108,287,292,287,287,13
L&E-O,20260108,1.1,1.1,1.09,1.09,22
LALIN-O,20260108,4.84,4.84,4.84,4.84,1
LANNA-O,20260108,15.3,15.3,15.3,15.3,304
LDC-O,20260108,0.21,0.29,0.21,0.25,148
LEE-O,20260108,1.84,1.84,1.84,1.84,2
LH-O,20260108,3.9,3.96,3.88,3.88,1824
LHFG-O,20260108,0.91,0.92,0.91,0.92,78
LHHOTEL-O,20260108,13.5,13.5,13.2,13.3,228
LHK-O,20260108,3.38,3.38,3.38,3.38,19
LHRREIT-O,20260108,4.4,4.5,4.4,4.5,3
LHSC-O,20260108,13.1,13.2,12.9,13.2,90
LOXLEY-O,20260108,1.27,1.27,1.27,1.27,1
LPH-O,20260108,3.76,3.76,3.76,3.76,2
LPN-O,20260108,1.56,1.56,1.53,1.53,65
LTS-O,20260108,2.54,2.56,2.54,2.54,3
M-CHAI-O,20260108,22.2,22.5,22.2,22.5,30
M-O,20260108,18.5,18.6,18.1,18.1,832
M-PAT-O,20260108,1.34,1.34,1.34,1.34,19
MAGURO-O,20260108,20.4,20.4,20.2,20.2,133
MAJOR-O,20260108,7,7,6.95,6.95,106
MALEE-O,20260108,4.14,4.18,4.08,4.08,221
MANRIN-O,20260108,20.3,20.3,20.3,20.3,1
MASTER-O,20260108,8.6,8.8,8.5,8.6,338
MATCH-O,20260108,0.52,0.52,0.52,0.52,1
MATI-O,20260108,2.32,2.4,2.32,2.4,100
MBAX-O,20260108,1.42,1.42,1.42,1.42,2
MBK-O,20260108,17.9,18.2,17.9,18,319
MC-O,20260108,11.6,11.6,11.3,11.4,185
MCA-O,20260108,0.95,0.97,0.94,0.97,42
MCOT-O,20260108,2.32,2.32,2.32,2.32,1
MCS-O,20260108,8.3,8.3,8.3,8.3,22
MDX-O,20260108,2.44,2.44,2.44,2.44,11
MEB-O,20260108,15.4,15.7,15.4,15.7,41
MEDEZE-O,20260108,6.25,6.35,6.25,6.25,54
MEGA-O,20260108,36.25,37,35.75,36.5,599
METCO-O,20260108,292,292,290,290,14
MFC-O,20260108,24.5,24.5,24.3,24.3,154
MGC-O,20260108,3.1,4.5,3.1,4.5,2
MGI-O,20260108,5.7,5.95,5.6,5.65,279
MGT-O,20260108,1.16,1.16,1.16,1.16,39
MIDA-O,20260108,0.14,0.2,0.14,0.2,99
MILL-O,20260108,0.06,0.06,0.06,0.06,71
MINT-O,20260108,23.7,24,23.7,23.8,775
MIPF-O,20260108,9.5,9.5,9.5,9.5,2
MITSIB-O,20260108,0.58,0.58,0.58,0.58,5
MJD-O,20260108,0.34,0.34,0.34,0.34,1
MJLF-O,20260108,4.8,4.8,4.8,4.8,1
MK-O,20260108,0.57,0.57,0.57,0.57,2
ML-O,20260108,0.45,0.45,0.45,0.45,1
MMM-O,20260108,3.36,3.42,3.36,3.36,93
MODERN-O,20260108,1.52,1.52,1.52,1.52,3
MONO-O,20260108,1.16,1.23,1.16,1.19,911
MOONG-O,20260108,2.02,2.02,2,2,3
MORE-O,20260108,0.04,0.04,0.03,0.03,21
MOSHI-O,20260108,35,35,25.25,35,49
MOTHER-O,20260108,1.19,1.19,1.16,1.16,10
MPJ-O,20260108,3.54,3.54,3.46,3.54,65
MRDIYT-O,20260108,8.85,8.85,8.6,8.6,62
MSC-O,20260108,7.7,7.7,7.7,7.7,2
MTC-O,20260108,31.5,31.5,30.25,30.25,2190
MTI-O,20260108,15.7,15.7,15.4,15.4,162
MTW-O,20260108,0.84,0.84,0.64,0.64,5
MUD-O,20260108,0.51,0.51,0.51,0.51,1
NAT-O,20260108,1.88,1.88,1.88,1.88,19
NCAP-O,20260108,2.96,2.96,2.92,2.92,80
NCH-O,20260108,0.28,0.28,0.28,0.28,1
NCP-O,20260108,0.94,0.94,0.94,0.94,1
NEO-O,20260108,20.2,20.2,19.6,19.8,255
NEP-O,20260108,0.18,0.19,0.18,0.19,2
NER-O,20260108,4.54,4.66,4.54,4.62,146
NEW-O,20260108,69.5,69.5,69.5,69.5,1
NEWS-O,20260108,0.02,0.02,0.01,0.01,298
NEX-O,20260108,1.18,1.18,1.16,1.17,28
NKI-O,20260108,18.3,18.3,18.3,18.3,39
NL-O,20260108,0.66,0.66,0.66,0.66,2
NNCL-O,20260108,1.49,1.49,1.49,1.49,95
NOBLE-O,20260108,2.18,2.2,2.18,2.2,41
NOVA-O,20260108,8.65,8.65,8.65,8.65,1
NPK-O,20260108,12.2,12.2,12.2,12.2,32
NRF-O,20260108,0.3,0.33,0.25,0.33,30
NSL-O,20260108,23.8,23.9,23.4,23.6,337
NTF-O,20260108,5.6,5.6,5.45,5.45,212
NTSC-O,20260108,6.2,6.2,6.2,6.2,30
NTV-O,20260108,23.1,23.1,23.1,23.1,1
NV-O,20260108,0.58,0.59,0.57,0.57,194
NVD-O,20260108,0.78,0.78,0.78,0.78,1
NYT-O,20260108,3.04,3.04,2.98,3.04,141
OHTL-O,20260108,317,317,315,315,7
OKJ-O,20260108,4.2,4.2,4.16,4.16,106
ONEE-O,20260108,2.18,2.18,2.14,2.16,84
ONSENS-O,20260108,1.1,1.1,1.1,1.1,1
OR-O,20260108,13.6,13.9,13.6,13.7,2182
ORI-O,20260108,1.78,1.79,1.77,1.77,194
OSP-O,20260108,16.3,16.6,16.2,16.2,966
PANEL-O,20260108,1.37,1.37,1.37,1.37,18
PAP-O,20260108,1.96,1.96,1.95,1.96,26
PATO-O,20260108,4.94,7.05,4.94,7.05,20
PB-O,20260108,48.75,48.75,48.75,48.75,12
PCC-O,20260108,2.62,2.64,2.62,2.64,37
PCE-O,20260108,1.62,1.62,1.62,1.62,19
PCSGH-O,20260108,3.1,3.1,3.04,3.04,91
PEACE-O,20260108,1.89,1.89,1.89,1.89,1
PEER-O,20260108,0.1,0.1,0.1,0.1,11
PERM-O,20260108,0.26,0.26,0.24,0.24,22
PF-O,20260108,0.05,0.06,0.04,0.06,107
PHG-O,20260108,12.7,12.7,12.7,12.7,10
PHOL-O,20260108,2.8,2.8,2.8,2.8,64
PIN-O,20260108,4.3,4.3,4.28,4.28,38
PIS-O,20260108,3.28,3.28,3.24,3.24,11
PJW-O,20260108,2.02,2.02,2.02,2.02,1
PK-O,20260108,0.52,0.52,0.52,0.52,2
PL-O,20260108,1.3,1.3,1.3,1.3,10
PLANB-O,20260108,3.72,3.74,3.66,3.66,952
PLANET-O,20260108,0.41,0.55,0.41,0.55,58
PLT-O,20260108,0.61,0.61,0.61,0.61,1
PLUS-O,20260108,1.18,1.18,1.18,1.18,21
PM-O,20260108,12,12,12,12,46
PMC-O,20260108,0.82,0.84,0.81,0.81,89
PMTA-O,20260108,9.5,9.5,9.5,9.5,1
POLY-O,20260108,7,7.25,7,7.25,2
POPF-O,20260108,6.8,6.8,6.8,6.8,14
PORT-O,20260108,0.58,0.58,0.58,0.58,14
PPM-O,20260108,1.17,1.17,1.15,1.17,145
PPP-O,20260108,0.9,0.9,0.9,0.9,1
PPPM-O,20260108,0.34,0.34,0.32,0.32,3
PPS-O,20260108,0.18,0.18,0.16,0.16,52
PR9-O,20260108,18.8,19,18.5,18.5,583
PRAPAT-O,20260108,0.73,0.73,0.73,0.73,2
PREB-O,20260108,3.46,3.48,3.46,3.48,63
PRECHA-O,20260108,0.45,0.45,0.45,0.45,1
PRG-O,20260108,8.95,8.95,8.9,8.9,24
PRI-O,20260108,4.3,4.3,4.24,4.24,2
PRIME-O,20260108,0.07,0.07,0.05,0.05,91
PRIN-O,20260108,1.5,1.5,1.48,1.48,2
PRM-O,20260108,7,7.15,7,7.15,173
PROEN-O,20260108,1.09,1.09,1.09,1.09,1
PROSPECT-O,20260108,7.05,7.05,7,7,25
PROUD-O,20260108,0.85,0.89,0.85,0.89,5
PRTR-O,20260108,2.24,2.24,2.24,2.24,99
PSGC-O,20260108,2.2,2.26,1.9,2.24,183
PSH-O,20260108,3.7,3.7,3.68,3.7,68
PSL-O,20260108,4.34,6.1,4.34,6.05,189
PSP-O,20260108,4.5,4.5,4.5,4.5,1
PT-O,20260108,12.2,12.4,12.1,12.3,169
PTECH-O,20260108,1.9,1.9,1.8,1.8,79
PTG-O,20260108,7.65,7.75,7.55,7.6,947
PTL-O,20260108,8.4,8.45,8.4,8.4,10
PTT-O,20260108,31.75,31.75,31.5,31.75,4051
PTTEP-O,20260108,108,109.5,108,109,3645
PTTGC-O,20260108,22.1,22.3,21.9,22,1107
PYLON-O,20260108,2.66,2.68,2.66,2.68,21
Q-CON-O,20260108,6.5,6.5,4.54,4.54,2
QDC-O,20260108,0.1,0.13,0.1,0.11,515
QH-O,20260108,1.36,1.37,1.35,1.36,629
QLT-O,20260108,1.12,1.12,1.12,1.12,43
QTC-O,20260108,2.46,3.5,2.46,3.42,177
QTCG-O,20260108,0.13,0.13,0.13,0.13,2
RABBIT-O,20260108,0.28,0.29,0.27,0.27,29
RAM-O,20260108,18.4,18.5,18.3,18.5,9
RATCH-O,20260108,29,29.5,29,29.5,451
RBF-O,20260108,2.24,3.2,2.24,3.16,43
RCL-O,20260108,27.75,28,27.5,27.75,377
READY-O,20260108,2.34,2.34,2.34,2.34,2
RICHY-O,20260108,0.1,0.16,0.1,0.14,111
RJH-O,20260108,13.5,13.6,13.5,13.6,12
RML-O,20260108,0.12,0.12,0.12,0.12,1
ROCK-O,20260108,9.8,9.8,9.8,9.8,1
ROCTEC-O,20260108,0.39,0.39,0.39,0.39,97
RP-O,20260108,0.63,0.63,0.63,0.63,5
RPC-O,20260108,0.28,0.28,0.28,0.28,1
RPH-O,20260108,4.92,4.92,4.9,4.9,59
RS-O,20260108,0.18,0.2,0.18,0.19,71
RSP-O,20260108,1,1.2,1,1.2,2
RT-O,20260108,0.24,0.24,0.24,0.24,28
S-O,20260108,0.51,0.51,0.5,0.5,5
S11-O,20260108,3.34,3.34,3.34,3.34,10
SA-O,20260108,7,7,7,7,1
SAAM-O,20260108,5.2,5.2,5.2,5.2,10
SABINA-O,20260108,16.4,16.4,16.2,16.2,173
SAF-O,20260108,0.38,0.38,0.38,0.38,10
SAFE-O,20260108,6.1,6.1,6,6,26
SALEE-O,20260108,0.26,0.34,0.26,0.34,5
SAMART-O,20260108,5.4,5.4,5.4,5.4,1
SAMCO-O,20260108,0.73,0.73,0.73,0.73,1
SAMTEL-O,20260108,4.12,4.12,4.12,4.12,12
SAPPE-O,20260108,32,32.25,31.75,32.25,145
SAT-O,20260108,14.9,15,14.9,14.9,123
SAUCE-O,20260108,39,39.5,38.75,39.5,50
SAV-O,20260108,12,12.1,12,12.1,109
SAWAD-O,20260108,24.5,24.5,23.1,23.1,3571
SC-O,20260108,1.75,1.75,1.71,1.71,187
SCAP-O,20260108,1.03,1.03,1.02,1.02,59
SCB-O,20260108,140.5,141.5,139,141,7523
SCC-O,20260108,197,199.5,196.5,197,1297
SCCC-O,20260108,144,144,143,144,134
SCG-O,20260108,2.22,2.22,2.18,2.22,66
SCGD-O,20260108,4.8,4.8,4.64,4.7,324
SCGP-O,20260108,18.2,18.5,18.1,18.4,451
SCI-O,20260108,0.81,0.81,0.81,0.81,1
SCL-O,20260108,1.3,1.3,1.3,1.3,1
SCM-O,20260108,0.17,0.17,0.14,0.14,6
SCN-O,20260108,0.27,0.27,0.27,0.27,1
SCP-O,20260108,8.6,8.6,8.45,8.55,71
SDC-O,20260108,0.03,0.03,0.03,0.03,2
SE-ED-O,20260108,1.68,1.68,1.68,1.68,31
SE-O,20260108,0.41,0.41,0.41,0.41,1
SEAFCO-O,20260108,2.02,2.04,1.99,2.02,46
SEAOIL-O,20260108,3.04,3.06,3.04,3.06,68
SECURE-O,20260108,13.4,13.4,13.4,13.4,1
SEI-O,20260108,2.12,2.2,2.12,2.2,3
SENA-O,20260108,1.71,1.72,1.7,1.72,88
SENX-O,20260108,0.21,0.21,0.21,0.21,1
SFLEX-O,20260108,3.1,3.1,3.1,3.1,11
SFT-O,20260108,2.06,2.06,2.06,2.06,30
SGC-O,20260108,0.85,0.85,0.84,0.84,16
SGF-O,20260108,0.15,0.16,0.15,0.16,8
SGP-O,20260108,7.95,7.95,7.85,7.85,23
SHANG-O,20260108,49.75,49.75,43.25,43.25,2
SHR-O,20260108,1.7,1.7,1.65,1.65,169
SICT-O,20260108,2.36,2.36,2.36,2.36,7
SIMAT-O,20260108,1.42,1.49,1.42,1.49,7
SINGER-O,20260108,4.92,4.94,4.88,4.88,102
SINO-O,20260108,0.93,0.93,0.93,0.93,1
SIRI-O,20260108,1.37,1.37,1.36,1.36,1161
SIS-O,20260108,20.7,20.7,20.4,20.6,63
SISB-O,20260108,11.6,11.6,11.3,11.6,217
SITHAI-O,20260108,1.06,1.06,1.05,1.05,2
SJWD-O,20260108,6.95,7.1,6.95,6.95,119
SKE-O,20260108,0.13,0.13,0.13,0.13,1
SKIN-O,20260108,1.39,1.39,1.38,1.38,45
SKY-O,20260108,11,11,10.8,10.8,168
SLP-O,20260108,0.34,0.34,0.34,0.34,1
SMART-O,20260108,0.46,0.46,0.46,0.46,1
SMD100-O,20260108,2.3,2.32,2.28,2.28,141
SMIT-O,20260108,3.6,3.6,3.6,3.6,1
SMO-O,20260108,3.68,3.7,3.6,3.62,115
SMPC-O,20260108,9.9,9.9,8.95,8.95,2
SMT-O,20260108,1.08,1.08,1.07,1.07,28
SNC-O,20260108,5.5,5.5,5.5,5.5,1
SNNP-O,20260108,5.15,7.4,5.15,7.4,63
SNP-O,20260108,9.9,9.9,9.9,9.9,1
SNPS-O,20260108,4.44,4.44,4.44,4.44,3
SO-O,20260108,4.02,4.02,4.02,4.02,20
SOLAR-O,20260108,0.18,0.18,0.18,0.18,1
SPA-O,20260108,3.06,3.24,3,3.24,204
SPACK-O,20260108,1.15,1.15,1.15,1.15,1
SPALI-O,20260108,17.5,17.7,17.5,17.6,194
SPC-O,20260108,57.25,57.25,57.25,57.25,54
SPCG-O,20260108,9.75,9.75,9.5,9.55,932
SPG-O,20260108,10.3,10.3,10.3,10.3,1
SPI-O,20260108,39.75,39.75,39.75,39.75,1
SPRC-O,20260108,6.2,6.45,6.2,6.4,612
SPREME-O,20260108,1.43,1.43,1.43,1.43,70
SPVI-O,20260108,2.16,2.16,2.16,2.16,34
SQ-O,20260108,0.38,0.38,0.38,0.38,1
SRICHA-O,20260108,10.1,10.1,8.95,8.95,11
SRS-O,20260108,1.79,1.79,1.79,1.79,1
SSP-O,20260108,3.2,3.2,2.86,2.86,86
SSPF-O,20260108,2.18,2.18,2.18,2.18,39
SSSC-O,20260108,2.08,2.08,2.08,2.08,2
SST-O,20260108,1.31,1.33,1.2,1.33,10
SSTRT-O,20260108,4.3,4.3,4.3,4.3,23
STA-O,20260108,12.8,12.9,12.5,12.5,299
STANLY-O,20260108,189,189,189,189,81
STARM-O,20260108,1,1,1,1,50
STECH-O,20260108,0.97,0.97,0.97,0.97,1
STECON-O,20260108,7.2,7.35,6.8,7,5182
STELLA-O,20260108,0.13,0.13,0.13,0.13,2
STGT-O,20260108,9.6,9.7,9.5,9.65,172
STI-O,20260108,1.88,1.9,1.87,1.9,65
STOWER-O,20260108,0.02,0.02,0.02,0.02,3
STP-O,20260108,9.95,9.95,9.95,9.95,1
STPI-O,20260108,4.62,4.62,4.62,4.62,6
SUC-O,20260108,27.5,27.5,27.25,27.25,61
SUN-O,20260108,3.02,3.02,2.9,2.98,21
SUPER-O,20260108,0.11,0.11,0.11,0.11,201
SUPEREIF-O,20260108,5.5,5.5,5.5,5.5,1
SUSCO-O,20260108,2.14,2.14,2.1,2.12,101
SUTHA-O,20260108,1.78,1.78,1.78,1.78,1
SVI-O,20260108,7.35,7.35,7.3,7.3,137
SVT-O,20260108,1.27,1.27,1.27,1.27,1
SYNEX-O,20260108,9.95,10.1,9.95,9.95,14
SYNTEC-O,20260108,1.65,1.65,1.65,1.65,1
TACC-O,20260108,5.3,5.45,5.3,5.4,823
TAE-O,20260108,0.44,0.44,0.44,0.44,1
TAKUNI-O,20260108,0.35,0.35,0.34,0.35,54
TAN-O,20260108,3.72,3.72,3.72,3.72,7
TASCO-O,20260108,14.7,14.7,14.2,14.2,1433
TATG-O,20260108,0.95,0.95,0.95,0.95,9
TBN-O,20260108,4.22,4.22,4.22,4.22,2
TC-O,20260108,4.96,4.96,4.96,4.96,1
TCAP-O,20260108,58.25,58.75,58,58.75,800
TCC-O,20260108,0.26,0.3,0.26,0.3,7
TCMC-O,20260108,0.35,0.35,0.3,0.3,41
TCOAT-O,20260108,17.1,17.1,17.1,17.1,9
TEAM-O,20260108,2.28,2.28,2.28,2.28,1
TEAMG-O,20260108,3.16,3.16,3.16,3.16,20
TFFIF-O,20260108,6.35,6.35,6.3,6.35,223
TFG-O,20260108,4.46,4.6,4.42,4.44,4109
TFI-O,20260108,0.04,0.04,0.04,0.04,2
TFM-O,20260108,5.95,5.95,5.95,5.95,42
TFMAMA-O,20260108,192,193,192,192.5,33
TGE-O,20260108,1.31,1.31,1.31,1.31,1
TGPRO-O,20260108,0.04,0.04,0.04,0.04,15
THAI-O,20260108,7.25,7.5,7.15,7.2,3026
THANA-O,20260108,1.72,1.72,1.69,1.69,50
THANI-O,20260108,1.64,1.73,1.64,1.67,33
THCOM-O,20260108,8.7,8.7,8.5,8.5,283
THE-O,20260108,0.54,0.54,0.54,0.54,1
THG-O,20260108,9.1,9.15,8,8,25
THIP-O,20260108,23.4,26.75,23.4,26.75,3
THRE-O,20260108,0.33,0.36,0.33,0.36,366
THREL-O,20260108,1,1.04,1,1.01,401
TIDLOR-O,20260108,16.8,16.8,16.3,16.4,873
TIF1-O,20260108,7.1,7.1,7.1,7.1,1
TIPCO-O,20260108,7.8,7.8,7.75,7.8,20
TIPH-O,20260108,20.2,20.3,20,20.1,369
TISCO-O,20260108,109,110.5,108.5,110,8471
TITLE-O,20260108,6.25,6.25,4.44,4.44,10
TKC-O,20260108,9,9,9,9,1
TKN-O,20260108,4.02,4.02,3.9,4,198
TKS-O,20260108,6.3,6.3,5.8,5.8,140
TKT-O,20260108,0.51,0.51,0.51,0.51,1
TL-O,20260108,0.32,0.33,0.2,0.33,12
TLHPF-O,20260108,3.66,3.66,3.66,3.66,1
TLI-O,20260108,10,10.1,10,10,391
TMAN-O,20260108,10.5,10.5,10.4,10.5,26
TMD-O,20260108,25.5,25.5,25.25,25.25,6
TMI-O,20260108,0.41,0.49,0.35,0.35,141
TMILL-O,20260108,2.16,2.16,2.1,2.1,37
TMT-O,20260108,2.8,2.8,2.8,2.8,1
TMW-O,20260108,56.5,57,56,57,90
TNDT-O,20260108,0.16,0.16,0.14,0.14,5
TNH-O,20260108,31.25,31.25,31.25,31.25,11
TNITY-O,20260108,2.24,2.4,2.24,2.4,22
TNL-O,20260108,17.2,17.2,17.2,17.2,1
TNP-O,20260108,2.72,2.72,2.7,2.7,52
TNPC-O,20260108,0.78,0.78,0.78,0.78,1
TNR-O,20260108,5.95,5.95,5.9,5.9,3
TOA-O,20260108,14.5,14.6,14.3,14.3,95
TOG-O,20260108,6.65,6.7,6.5,6.65,104
TOP-O,20260108,39,39.5,38.25,39.5,1254
TOPP-O,20260108,136,136,136,136,1
TPA-O,20260108,2.68,2.7,2.68,2.7,7
TPAC-O,20260108,6.1,6.1,6.1,6.1,1
TPCH-O,20260108,1.42,1.43,1.42,1.42,123
TPCS-O,20260108,9,9.1,9,9.1,2
TPIPL-O,20260108,0.7,0.71,0.7,0.71,32
TPIPP-O,20260108,1.84,1.85,1.81,1.81,599
TPLAS-O,20260108,0.63,0.63,0.63,0.63,29
TPOLY-O,20260108,0.24,0.24,0.24,0.24,1
TPP-O,20260108,7.4,7.4,7.4,7.4,1
TPRIME-O,20260108,7,7,7,7,1
TPS-O,20260108,3.26,3.26,3.26,3.26,1
TQM-O,20260108,7.95,11.5,7.95,11.4,54
TQR-O,20260108,4.96,4.96,4.96,4.96,23
TRC-O,20260108,0.42,0.46,0.42,0.43,141
TRITN-O,20260108,0.02,0.02,0.02,0.02,1
TRP-O,20260108,3.3,3.3,3.3,3.3,2
TRU-O,20260108,3.9,3.9,3.9,3.9,21
TRUE-O,20260108,11.2,11.2,11.1,11.1,924
TRV-O,20260108,1.11,1.11,1.11,1.11,19
TSC-O,20260108,15.9,16.2,15.6,15.6,92
TSE-O,20260108,0.44,0.44,0.42,0.42,21
TSTE-O,20260108,10.9,10.9,10.3,10.3,2
TSTH-O,20260108,0.67,0.67,0.67,0.67,1
TTA-O,20260108,4.32,4.34,4.24,4.3,39
TTB-O,20260108,2.02,2.06,2.02,2.04,5469
TTLPF-O,20260108,10,10,9.95,10,152
TTW-O,20260108,9.15,9.15,9.1,9.15,401
TU-O,20260108,13.2,13.4,13.1,13.3,1620
TU-PF-O,20260108,0.77,0.77,0.77,0.77,1
TURBO-O,20260108,1.41,1.42,1.35,1.35,226
TURTLE-O,20260108,3.18,3.18,3.18,3.18,1
TVDH-O,20260108,0.05,0.06,0.05,0.06,32
TVH-O,20260108,9,9.1,9,9.1,2
TVO-O,20260108,22.9,23,22.4,22.7,874
TWP-O,20260108,1.15,1.15,1.15,1.15,1
TWPC-O,20260108,2.8,2.8,2.8,2.8,2
TWZ-O,20260108,0.02,0.02,0.02,0.02,46
TYCN-O,20260108,1.67,1.67,1.67,1.67,1
UAC-O,20260108,2.66,2.66,2.66,2.66,1
UBE-O,20260108,0.44,0.44,0.44,0.44,1
UBIS-O,20260108,0.93,0.99,0.93,0.99,95
UEC-O,20260108,0.71,0.71,0.69,0.69,99
UKEM-O,20260108,0.59,0.59,0.59,0.59,2
UMI-O,20260108,0.64,0.64,0.64,0.64,2
UNIQ-O,20260108,2.78,2.78,2.78,2.78,1
UP-O,20260108,20.1,20.1,20.1,20.1,1
UPF-O,20260108,16.2,23.5,16.2,23.5,27
UTP-O,20260108,7.55,7.55,7.55,7.55,139
UV-O,20260108,0.86,0.86,0.85,0.85,6
UVAN-O,20260108,12.9,13,12.9,13,278
VCOM-O,20260108,3.02,3.02,3.02,3.02,60
VGI-O,20260108,0.75,0.95,0.75,0.92,404
VIBHA-O,20260108,1.4,1.4,1.39,1.39,12
VNG-O,20260108,1.77,1.77,1.77,1.77,1
VPO-O,20260108,0.44,0.44,0.44,0.44,1
VRANDA-O,20260108,3.2,3.2,3.2,3.2,1
VS-O,20260108,0.16,0.22,0.16,0.21,130
WARRIX-O,20260108,1.85,1.85,1.84,1.84,33
WASH-O,20260108,4.42,4.48,3.9,4.32,113
WAVE-O,20260108,0.02,0.02,0.02,0.02,2
WFX-O,20260108,0.71,0.71,0.71,0.71,14
WGE-O,20260108,0.74,0.74,0.74,0.74,2
WHA-O,20260108,3.3,3.3,3.22,3.24,1059
WHABT-O,20260108,5.95,5.95,5.95,5.95,16
WHAIR-O,20260108,4.36,6.2,4.36,6.2,73
WHART-O,20260108,10.5,10.7,10.5,10.7,51
WHAUP-O,20260108,4.3,4.38,4.3,4.36,73
WICE-O,20260108,2.26,2.28,2.26,2.28,31
WIIK-O,20260108,0.84,0.87,0.84,0.87,6
WIN-O,20260108,0.33,0.33,0.33,0.33,1
WINDOW-O,20260108,0.68,0.68,0.68,0.68,1
WINMED-O,20260108,0.7,0.7,0.7,0.7,49
WINNER-O,20260108,2.1,2.1,2.1,2.1,52
WORK-O,20260108,3.7,3.7,2.6,3.48,21
WP-O,20260108,3.74,3.74,3.64,3.64,59
WPH-O,20260108,6,6,5.9,6,33
WSOL-O,20260108,0.22,0.23,0.22,0.22,93
XBIO-O,20260108,0.09,0.11,0.09,0.09,170
XO-O,20260108,14.4,15,14.4,14.5,54
XPG-O,20260108,0.44,0.46,0.44,0.44,135
XYZ-O,20260108,0.47,0.47,0.46,0.46,7
YGG-O,20260108,0.33,0.33,0.24,0.32,252
YONG-O,20260108,0.49,0.71,0.49,0.71,80
YUASA-O,20260108,13.8,13.8,13.8,13.8,1
ZAA-O,20260108,1.82,1.82,1.82,1.82,1
ZEN-O,20260108,6.25,6.25,6.25,6.25,8
ZIGA-O,20260108,0.86,0.86,0.86,0.86,1
RABBIT-P,20260108,0.29,0.3,0.28,0.28,1844800
KTB-P-O,20260108,129,129,129,129,13
VAYU1,20260108,10.7,10.7,10.6,10.6,281400
VAYU1-O,20260108,10.7,10.7,10.7,10.7,18
AAV01C2604A,20260108,0.11,0.11,0.1,0.1,1188200
AAV01C2609T,20260108,0.24,0.24,0.22,0.22,4538600
AAV13C2603A,20260108,0.07,0.08,0.06,0.06,1045200
AAV13C2604A,20260108,0.2,0.21,0.18,0.18,11002500
AAV19C2604A,20260108,0.24,0.24,0.21,0.21,3143800
AAV19C2612T,20260108,0.21,0.21,0.2,0.2,1031300
AAV41C2604A,20260108,0.2,0.2,0.18,0.18,570800
AAV41C2608T,20260108,0.01,0.01,0.01,0.01,2500000
AAV41C2611T,20260108,0.16,0.16,0.16,0.16,100000
ADVANC01C2602A,20260108,0.18,0.2,0.18,0.2,1378400
ADVANC01C2606A,20260108,0.4,0.44,0.4,0.44,2136800
ADVANC01P2604A,20260108,0.33,0.33,0.31,0.31,1324200
ADVANC13C2604A,20260108,0.21,0.23,0.2,0.23,1495100
ADVANC13P2604A,20260108,0.28,0.28,0.26,0.26,871300
ADVANC19C2605A,20260108,0.36,0.4,0.35,0.4,3041400
ADVANC41C2604A,20260108,0.19,0.2,0.19,0.2,1800
ADVANC41C2606T,20260108,0.32,0.35,0.32,0.35,80800
AEONTS01C2603A,20260108,0.08,0.08,0.07,0.08,711100
AIA41C2603A,20260108,0.51,0.51,0.48,0.49,1700
ALIHEA41C2606A,20260108,0.41,0.41,0.41,0.41,3600
AMATA01C2602A,20260108,0.02,0.02,0.02,0.02,46000
AMATA01C2605A,20260108,0.21,0.21,0.18,0.18,3454000
AMATA13C2602A,20260108,0.03,0.03,0.03,0.03,10000
AMATA13C2604A,20260108,0.2,0.2,0.18,0.18,5493700
AMATA41C2604A,20260108,0.2,0.2,0.17,0.17,867100
AMATA41C2609T,20260108,0.23,0.23,0.23,0.23,1000
AOT01C2602A,20260108,0.4,0.43,0.4,0.41,6462300
AOT01C2605A,20260108,0.31,0.33,0.31,0.32,3725800
AOT01C2606T,20260108,0.36,0.38,0.36,0.37,2553300
AOT01P2603A,20260108,0.06,0.06,0.06,0.06,2000
AOT01P2605A,20260108,0.54,0.54,0.5,0.51,3896700
AOT13C2603A,20260108,0.62,0.62,0.61,0.61,1000
AOT13C2605A,20260108,0.54,0.54,0.53,0.53,161500
AOT13C2605B,20260108,0.27,0.3,0.27,0.29,12539600
AOT13P2605A,20260108,0.28,0.28,0.26,0.26,1935100
AOT19C2605A,20260108,0.46,0.48,0.46,0.47,961100
AOT19C2605B,20260108,0.24,0.25,0.24,0.25,10231700
AOT19P2605A,20260108,0.35,0.35,0.32,0.33,2510000
AOT41C2605A,20260108,0.46,0.47,0.46,0.47,50400
AOT41C2605B,20260108,0.24,0.26,0.24,0.26,103600
AOT41C2605T,20260108,0.03,0.03,0.03,0.03,10900
AOT41C2609T,20260108,0.44,0.45,0.44,0.44,102600
AWC01C2603A,20260108,0.04,0.04,0.04,0.04,100
AWC01C2606T,20260108,0.14,0.14,0.13,0.13,243800
AWC13C2606A,20260108,0.2,0.21,0.19,0.19,10353500
AWC41C2606A,20260108,0.18,0.18,0.18,0.18,200
AWC41C2606T,20260108,0.01,0.01,0.01,0.01,8761200
BA01C2603A,20260108,0.18,0.23,0.18,0.23,5412300
BA13C2603A,20260108,0.3,0.36,0.29,0.36,8894600
BA19C2605A,20260108,0.31,0.37,0.3,0.37,4312600
BA41C2603A,20260108,0.29,0.36,0.29,0.36,1081200
BA41C2611T,20260108,0.28,0.3,0.28,0.3,600
BABA28C2601A,20260108,0.09,0.09,0.07,0.07,27500
BABA28C2603A,20260108,0.02,0.02,0.02,0.02,14500
BABA28C2606A,20260108,0.23,0.23,0.21,0.22,1845600
BABA28P2603A,20260108,0.24,0.26,0.24,0.25,400900
BABA41C2603A,20260108,0.07,0.07,0.07,0.07,137200
BABA41C2603T,20260108,0.12,0.12,0.12,0.12,202100
BABA41C2609T,20260108,0.84,0.84,0.8,0.82,25700
BABA41P2603A,20260108,0.52,0.55,0.52,0.53,5600
BAM01C2603A,20260108,0.1,0.11,0.1,0.1,4267000
BAM13C2603A,20260108,0.1,0.11,0.1,0.11,1733600
BAM41C2603A,20260108,0.1,0.11,0.1,0.11,800
BAM41C2612T,20260108,0.45,0.46,0.45,0.46,301800
BANPU01C2601A,20260108,0.01,0.01,0.01,0.01,613100
BANPU01C2603A,20260108,0.25,0.27,0.25,0.25,1175400
BANPU01C2605A,20260108,0.57,0.59,0.54,0.57,1126100
BANPU01C2606T,20260108,0.27,0.29,0.27,0.27,3546300
BANPU13C2602B,20260108,0.04,0.04,0.04,0.04,753000
BANPU13C2603A,20260108,0.32,0.34,0.31,0.32,6131100
BANPU13C2603B,20260108,0.08,0.08,0.08,0.08,1614600
BANPU13C2606A,20260108,0.19,0.2,0.19,0.19,4937500
BANPU19C2602A,20260108,0.06,0.07,0.06,0.06,6336600
BANPU19C2603A,20260108,0.34,0.37,0.33,0.34,1415100
BANPU19C2603B,20260108,0.1,0.11,0.1,0.11,4416000
BANPU19C2612T,20260108,0.28,0.29,0.28,0.28,4400100
BANPU41C2603A,20260108,0.33,0.33,0.33,0.33,100000
BANPU41C2606A,20260108,0.17,0.17,0.17,0.17,1000
BBL13C2602A,20260108,0.13,0.18,0.13,0.18,5917800
BBL13C2607A,20260108,0.39,0.45,0.39,0.45,5134000
BBL13P2604A,20260108,0.28,0.28,0.24,0.24,1318900
BBL19C2602A,20260108,0.16,0.21,0.16,0.21,1251800
BBL19C2612T,20260108,0.62,0.68,0.62,0.68,1990700
BBL41C2602A,20260108,0.15,0.19,0.15,0.19,150800
BBL41C2607A,20260108,0.38,0.43,0.38,0.43,1172800
BBL41C2609T,20260108,0.5,0.53,0.5,0.53,2254000
BBL41P2604A,20260108,0.27,0.27,0.26,0.26,400
BCH01C2610T,20260108,0.13,0.13,0.11,0.11,1556700
BCH13C2604A,20260108,0.12,0.12,0.09,0.09,5558600
BCH19C2603A,20260108,0.09,0.09,0.06,0.06,153200
BCH19C2607A,20260108,0.26,0.26,0.21,0.22,5857900
BCH41C2604A,20260108,0.11,0.12,0.1,0.1,960100
BCP13C2604A,20260108,0.12,0.14,0.12,0.13,6765300
BCP13C2607A,20260108,0.3,0.32,0.29,0.31,4805600
BCP19C2605A,20260108,0.22,0.24,0.21,0.23,3775800
BCP41C2604A,20260108,0.12,0.14,0.12,0.13,101000
BCP41C2607A,20260108,0.27,0.3,0.27,0.29,2200
BCPG01C2605A,20260108,0.14,0.14,0.14,0.14,1316600
BCPG13C2603A,20260108,0.02,0.02,0.02,0.02,165000
BCPG13C2604A,20260108,0.11,0.11,0.11,0.11,3258500
BCPG13C2607A,20260108,0.32,0.32,0.31,0.31,2023300
BCPG19C2605A,20260108,0.18,0.18,0.17,0.17,1983000
BCPG41C2604A,20260108,0.1,0.1,0.1,0.1,200800
BCPG41C2606T,20260108,0.23,0.23,0.23,0.23,600
BCPG41C2607A,20260108,0.3,0.31,0.3,0.3,2800
BCPG41C2612T,20260108,0.21,0.21,0.21,0.21,3400
BDMS01C2604A,20260108,0.15,0.15,0.15,0.15,708000
BDMS13C2604A,20260108,0.1,0.12,0.1,0.11,2778300
BDMS13C2607A,20260108,0.31,0.31,0.3,0.3,2983500
BDMS19C2604A,20260108,0.19,0.2,0.19,0.19,6221400
BEM13C2604A,20260108,0.06,0.08,0.06,0.08,440300
BGRIM01C2604A,20260108,0.2,0.2,0.19,0.19,3634500
BGRIM13C2603A,20260108,0.07,0.07,0.06,0.06,60000
BGRIM13C2605A,20260108,0.25,0.25,0.24,0.24,5436300
BGRIM19C2605A,20260108,0.25,0.25,0.24,0.24,6021700
BGRIM41C2603A,20260108,0.06,0.06,0.06,0.06,50000
BGRIM41C2605A,20260108,0.24,0.24,0.24,0.24,25800
BGRIM41C2608T,20260108,0.3,0.3,0.3,0.3,100200
BH01C2603A,20260108,0.05,0.05,0.05,0.05,35700
BH01C2605A,20260108,0.32,0.33,0.28,0.31,8132500
BH01P2603A,20260108,0.71,0.77,0.69,0.7,7001500
BH13C2605A,20260108,0.24,0.25,0.22,0.24,5603400
BH13P2604A,20260108,0.79,0.85,0.76,0.78,8149300
BH19C2603A,20260108,0.06,0.06,0.06,0.06,844600
BH19C2605A,20260108,0.26,0.26,0.23,0.25,2810400
BH41C2605A,20260108,0.21,0.21,0.18,0.2,830000
BH41C2611T,20260108,0.39,0.39,0.37,0.38,1803200
BH41P2604A,20260108,0.7,0.76,0.69,0.7,2001400
BIDU41C2603A,20260108,0.6,0.6,0.55,0.55,671800
BIDU41C2606A,20260108,0.49,0.5,0.47,0.47,4700
BIDU41P2603A,20260108,0.06,0.06,0.06,0.06,24500
BJC01C2602A,20260108,0.01,0.01,0.01,0.01,1500
BJC01C2605A,20260108,0.12,0.12,0.12,0.12,487500
BJC13C2605A,20260108,0.13,0.13,0.13,0.13,960000
BJC19C2612T,20260108,0.4,0.41,0.4,0.41,1880900
BJC41C2605A,20260108,0.12,0.12,0.12,0.12,200
BLA13C2607A,20260108,0.44,0.46,0.44,0.45,5674600
BLA41C2606T,20260108,0.25,0.27,0.25,0.26,607200
BTS01C2604A,20260108,0.08,0.08,0.08,0.08,25100
BTS01C2609T,20260108,0.11,0.11,0.11,0.11,400000
BTS01P2602A,20260108,0.18,0.18,0.18,0.18,3450600
BTS01P2602B,20260108,0.51,0.51,0.51,0.51,555400
BTS13C2606A,20260108,0.14,0.14,0.13,0.13,87200
BTS19C2605A,20260108,0.2,0.2,0.19,0.19,285600
BTS41C2606A,20260108,0.12,0.12,0.12,0.12,300
BTS41C2612T,20260108,0.06,0.06,0.06,0.06,30000
BYDCOM41C2601A,20260108,0.01,0.01,0.01,0.01,573000
CATHAY41C2603A,20260108,0.6,0.6,0.58,0.58,1200
CBG01C2605A,20260108,0.23,0.23,0.2,0.2,3466800
CBG01C2610T,20260108,0.19,0.19,0.19,0.19,600000
CBG01P2602A,20260108,0.29,0.35,0.29,0.35,2014400
CBG01P2603A,20260108,0.22,0.25,0.22,0.25,3039600
CBG13C2603A,20260108,0.02,0.03,0.02,0.02,4000200
CBG13C2604A,20260108,0.13,0.13,0.11,0.11,1514600
CBG13C2607A,20260108,0.33,0.33,0.29,0.29,5367100
CBG13P2605A,20260108,0.44,0.47,0.43,0.47,2981600
CBG19C2604A,20260108,0.22,0.22,0.18,0.19,2967300
CBG41C2604A,20260108,0.13,0.13,0.11,0.11,1000
CBG41C2608T,20260108,0.02,0.02,0.02,0.02,100
CBG41C2612T,20260108,0.17,0.17,0.16,0.16,213500
CCET13C2602A,20260108,0.01,0.01,0.01,0.01,118400
CCET13C2604A,20260108,0.29,0.29,0.27,0.27,1012900
CCET19C2603A,20260108,0.02,0.02,0.02,0.02,100000
CCET41C2609T,20260108,0.12,0.12,0.12,0.12,100
CENTEL01C2606A,20260108,0.22,0.22,0.22,0.22,1210100
CENTEL13C2602A,20260108,0.02,0.02,0.02,0.02,24000
CENTEL13C2605A,20260108,0.26,0.27,0.25,0.27,2155600
CENTEL41C2605A,20260108,0.24,0.24,0.23,0.23,101200
CENTEL41C2606T,20260108,0.19,0.19,0.19,0.19,800
CK13C2602A,20260108,0.01,0.01,0.01,0.01,5000
COM701C2602A,20260108,0.01,0.01,0.01,0.01,25000
COM701C2604A,20260108,0.18,0.2,0.17,0.17,3820500
COM713C2604A,20260108,0.09,0.09,0.08,0.08,1652800
COM713C2605A,20260108,0.21,0.23,0.19,0.19,5662400
COM719C2605A,20260108,0.24,0.27,0.23,0.23,2312400
COM741C2605A,20260108,0.19,0.2,0.17,0.17,782200
CPALL01C2604A,20260108,0.12,0.12,0.11,0.11,151000
CPALL01C2606T,20260108,0.09,0.09,0.08,0.08,60600
CPALL01P2602A,20260108,0.2,0.21,0.2,0.21,1016900
CPALL13C2604A,20260108,0.08,0.08,0.07,0.08,449200
CPALL13C2607A,20260108,0.25,0.25,0.24,0.24,554500
CPALL19C2604A,20260108,0.13,0.13,0.13,0.13,100600
CPALL41C2605T,20260108,0.02,0.02,0.02,0.02,3000
CPALL41C2612T,20260108,0.16,0.16,0.16,0.16,300000
CPF01C2603A,20260108,0.08,0.08,0.08,0.08,200
CPF01C2611T,20260108,0.32,0.33,0.32,0.33,2336700
CPF01P2603A,20260108,0.28,0.29,0.27,0.27,3193400
CPF13C2604A,20260108,0.22,0.23,0.21,0.23,4226900
CPF19C2609T,20260108,0.29,0.29,0.28,0.29,1980200
CPF41C2604A,20260108,0.22,0.22,0.21,0.22,2021200
CPF41C2609T,20260108,0.13,0.13,0.13,0.13,400
CPF41C2612T,20260108,0.32,0.32,0.31,0.32,902400
CPN01C2604A,20260108,0.27,0.29,0.27,0.29,4936300
CPN01C2606T,20260108,0.18,0.18,0.18,0.18,922600
CPN13C2604A,20260108,0.28,0.3,0.27,0.29,4535700
CPN19C2609T,20260108,0.27,0.28,0.27,0.28,3329300
CPN41C2604A,20260108,0.27,0.28,0.27,0.28,751600
CPN41C2608T,20260108,0.28,0.29,0.28,0.29,600
CRC01C2605A,20260108,0.21,0.21,0.17,0.17,3968400
CRC01C2610T,20260108,0.3,0.3,0.26,0.26,2876500
CRC01P2605A,20260108,0.58,0.65,0.58,0.64,2152100
CRC13C2606A,20260108,0.27,0.27,0.22,0.24,4713800
CRC13P2606A,20260108,0.47,0.53,0.47,0.51,5097000
CRC19C2604A,20260108,0.13,0.13,0.1,0.1,884200
DELTA01C2602A,20260108,0.17,0.17,0.1,0.11,19104200
DELTA01C2603A,20260108,0.07,0.07,0.04,0.04,10584100
DELTA01C2605A,20260108,0.59,0.6,0.43,0.45,20835500
DELTA01P2602A,20260108,0.03,0.04,0.03,0.04,876200
DELTA01P2603A,20260108,0.36,0.45,0.35,0.44,5900000
DELTA01P2605A,20260108,1.62,1.83,1.6,1.82,2470800
DELTA13C2602A,20260108,0.03,0.03,0.02,0.02,2568600
DELTA13C2603A,20260108,0.06,0.06,0.04,0.04,4971400
DELTA13C2603B,20260108,0.02,0.02,0.01,0.02,3543900
DELTA13C2604A,20260108,0.29,0.3,0.17,0.18,71302800
DELTA13C2605A,20260108,0.23,0.23,0.15,0.16,75208600
DELTA13C2605B,20260108,0.67,0.67,0.45,0.47,57982500
DELTA13P2602A,20260108,0.05,0.07,0.04,0.07,701200
DELTA13P2603A,20260108,0.4,0.52,0.39,0.5,24344200
DELTA13P2605A,20260108,1.04,1.18,1.02,1.16,14107000
DELTA19C2603A,20260108,0.05,0.05,0.04,0.04,70000
DELTA19C2604A,20260108,0.1,0.1,0.08,0.08,319700
DELTA19C2605A,20260108,0.35,0.36,0.23,0.24,5371900
DELTA19C2605B,20260108,0.58,0.59,0.4,0.43,6919300
DELTA19P2601A,20260108,0.01,0.01,0.01,0.01,120400
DELTA19P2602A,20260108,0.05,0.08,0.05,0.07,414000
DELTA19P2604A,20260108,0.58,0.71,0.57,0.7,2233100
DELTA19P2605A,20260108,1.19,1.34,1.19,1.34,3275000
DELTA41C2604A,20260108,0.27,0.28,0.17,0.18,1934500
DELTA41C2605A,20260108,0.19,0.2,0.14,0.14,119700
DELTA41C2608T,20260108,0.96,0.96,0.84,0.86,10700
DELTA41C2612T,20260108,0.57,0.57,0.48,0.49,3715000
DELTA41P2601A,20260108,0.01,0.01,0.01,0.01,406500
DELTA41P2602A,20260108,0.06,0.08,0.05,0.08,56200
DELTA41P2603A,20260108,0.39,0.5,0.38,0.5,2524500
DJI28C2603A,20260108,0.58,0.58,0.58,0.58,93000
DJI28P2603A,20260108,0.32,0.33,0.32,0.33,2000
DJI41C2603B,20260108,0.61,0.61,0.59,0.59,120200
DJI41P2603A,20260108,0.28,0.29,0.28,0.29,2000
DJI41P2603B,20260108,0.51,0.52,0.51,0.52,531200
DOHOME01C2601A,20260108,0.01,0.01,0.01,0.01,809000
DOHOME01C2604A,20260108,0.34,0.34,0.3,0.3,4174300
DOHOME13C2604A,20260108,0.19,0.19,0.17,0.17,4804100
DOHOME19C2604A,20260108,0.21,0.21,0.18,0.18,774700
DOHOME41C2604A,20260108,0.19,0.19,0.17,0.17,882200
EA13C2602A,20260108,0.02,0.02,0.02,0.02,3536500
EA13C2604A,20260108,0.12,0.12,0.11,0.11,5342600
EA13C2605A,20260108,0.25,0.25,0.21,0.22,10283700
EA19C2602A,20260108,0.04,0.04,0.04,0.04,9000
EA19C2604A,20260108,0.18,0.18,0.15,0.16,3324400
EA19P2602A,20260108,0.21,0.24,0.21,0.24,2625200
EA41C2604A,20260108,0.12,0.12,0.12,0.12,600
EA41C2609T,20260108,0.3,0.3,0.28,0.28,1600
EGCO01C2603A,20260108,0.12,0.12,0.1,0.1,8531800
EGCO01C2603B,20260108,0.06,0.06,0.05,0.05,300
EGCO01P2603A,20260108,0.51,0.55,0.5,0.54,2988900
EGCO13C2603A,20260108,0.04,0.04,0.04,0.04,200
EGCO13C2604A,20260108,0.17,0.17,0.15,0.15,5981200
EGCO13P2603A,20260108,0.34,0.38,0.34,0.37,609900
EGCO41C2604A,20260108,0.16,0.17,0.14,0.15,451000
EGCO41C2612T,20260108,0.32,0.32,0.31,0.31,601200
ERW01C2611T,20260108,0.23,0.23,0.2,0.2,1455100
ERW13C2604A,20260108,0.15,0.15,0.11,0.11,1769800
ERW19C2601A,20260108,0.01,0.01,0.01,0.01,200000
ERW41C2611T,20260108,0.3,0.3,0.27,0.27,362200
GEELY41C2603A,20260108,0.1,0.1,0.1,0.1,200
GLOBAL01C2603A,20260108,0.04,0.04,0.04,0.04,6900
GLOBAL13C2604A,20260108,0.17,0.17,0.13,0.14,2349200
GLOBAL41C2604A,20260108,0.17,0.17,0.13,0.14,537500
GLOBAL41C2612T,20260108,0.36,0.36,0.34,0.35,101400
GPSC01C2605A,20260108,0.25,0.26,0.25,0.26,3057600
GPSC01C2609T,20260108,0.25,0.25,0.25,0.25,1835400
GPSC01P2603A,20260108,0.25,0.25,0.23,0.23,3732100
GPSC01P2605A,20260108,0.3,0.3,0.28,0.28,4707500
GPSC13C2604A,20260108,0.15,0.16,0.15,0.16,8710100
GPSC13C2606A,20260108,0.32,0.34,0.32,0.34,6218800
GPSC13P2606A,20260108,0.28,0.28,0.26,0.26,2855300
GPSC19C2604A,20260108,0.23,0.24,0.23,0.24,1435400
GPSC41C2604A,20260108,0.15,0.15,0.15,0.15,921000
GULF01C2604A,20260108,0.2,0.2,0.18,0.18,3847800
GULF13C2604A,20260108,0.18,0.18,0.17,0.17,7665700
GULF19C2604A,20260108,0.2,0.2,0.18,0.19,4708700
GULF41C2604A,20260108,0.17,0.18,0.16,0.17,251700
GULF41C2609T,20260108,0.18,0.18,0.18,0.18,20000
HANA01C2602A,20260108,0.01,0.02,0.01,0.02,1400100
HANA01C2604A,20260108,0.15,0.15,0.14,0.15,1094600
HANA13C2604A,20260108,0.05,0.05,0.05,0.05,45400
HANA13C2604B,20260108,0.16,0.16,0.15,0.15,1547900
HANA13C2607A,20260108,0.36,0.36,0.35,0.35,3860800
HANA19C2604B,20260108,0.19,0.19,0.19,0.19,50200
HANA41C2604B,20260108,0.16,0.16,0.16,0.16,400
HANA41C2607A,20260108,0.34,0.34,0.32,0.32,480400
HANA41C2608T,20260108,0.29,0.29,0.28,0.28,900400
HMPRO13C2604A,20260108,0.2,0.21,0.2,0.2,4887600
HMPRO41C2604A,20260108,0.2,0.2,0.2,0.2,26000
HMPRO41C2606T,20260108,0.02,0.02,0.02,0.02,1000
HMPRO41C2612T,20260108,0.26,0.26,0.26,0.26,200
HSI28C2601C,20260108,0.01,0.01,0.01,0.01,1503700
HSI28C2601E,20260108,0.22,0.23,0.18,0.21,47748300
HSI28C2602A,20260108,0.09,0.09,0.08,0.09,696600
HSI28C2602B,20260108,0.44,0.47,0.4,0.43,25351400
HSI28C2602C,20260108,0.21,0.21,0.19,0.21,1489800
HSI28C2603A,20260108,0.23,0.24,0.22,0.22,1923800
HSI28C2603B,20260108,0.46,0.55,0.43,0.45,3115000
HSI28C2603C,20260108,0.96,0.96,0.9,0.96,486000
HSI28P2601A,20260108,0.09,0.1,0.09,0.1,245000
HSI28P2601C,20260108,0.08,0.09,0.08,0.09,42000
HSI28P2601D,20260108,0.22,0.25,0.21,0.22,22403300
HSI28P2601E,20260108,1.03,1.14,1.03,1.14,60500
HSI28P2602A,20260108,0.15,0.17,0.14,0.15,779800
HSI28P2602B,20260108,0.28,0.3,0.27,0.28,738000
HSI28P2602C,20260108,0.67,0.73,0.65,0.68,15789900
HSI28P2603A,20260108,0.1,0.11,0.09,0.1,341700
HSI28P2603B,20260108,0.21,0.22,0.2,0.21,579400
HSTECH28C2603A,20260108,0.41,0.42,0.38,0.41,20800
HSTECH28P2603A,20260108,0.38,0.38,0.35,0.35,112000
ICHI01C2602A,20260108,0.1,0.1,0.09,0.09,2158200
IRPC01C2601A,20260108,0.01,0.01,0.01,0.01,16000
IRPC13C2604A,20260108,0.14,0.15,0.14,0.15,4986500
IRPC19C2609T,20260108,0.16,0.17,0.16,0.17,194000
IRPC41C2604A,20260108,0.14,0.15,0.14,0.15,177400
IRPC41C2703T,20260108,0.26,0.26,0.26,0.26,1000
ITC01C2606T,20260108,0.31,0.31,0.29,0.29,1742000
ITC13C2604A,20260108,0.18,0.19,0.16,0.16,2452800
ITC13C2608A,20260108,0.46,0.47,0.42,0.42,12606400
ITC19C2609T,20260108,0.35,0.36,0.33,0.33,1738100
ITC41C2604A,20260108,0.18,0.18,0.15,0.15,1600
ITC41C2612T,20260108,0.3,0.3,0.3,0.3,200
IVL01C2604A,20260108,0.16,0.16,0.15,0.15,3403200
IVL01C2605A,20260108,0.44,0.47,0.42,0.42,3839400
IVL01P2604A,20260108,0.26,0.27,0.25,0.27,6905300
IVL13C2603A,20260108,0.02,0.02,0.02,0.02,193800
IVL13C2604A,20260108,0.12,0.13,0.11,0.11,6619100
IVL13C2605A,20260108,0.3,0.31,0.27,0.27,17548000
IVL13P2604A,20260108,0.31,0.33,0.3,0.33,9571400
IVL19C2603A,20260108,0.04,0.04,0.04,0.04,4100
IVL19C2604A,20260108,0.16,0.17,0.15,0.15,12400000
IVL19C2605A,20260108,0.39,0.4,0.35,0.35,6547400
IVL41C2604A,20260108,0.12,0.13,0.12,0.13,1000
IVL41C2605A,20260108,0.29,0.3,0.26,0.28,701300
IVL41P2604A,20260108,0.31,0.32,0.31,0.32,260400
JAS13C2604A,20260108,0.12,0.12,0.1,0.1,1029200
JAS19C2604A,20260108,0.15,0.15,0.14,0.14,862200
JAS41C2605T,20260108,0.03,0.03,0.03,0.03,295000
JD28C2605A,20260108,0.34,0.34,0.34,0.34,30000
JD41C2603A,20260108,0.12,0.12,0.12,0.12,400
JMART13C2603A,20260108,0.07,0.07,0.06,0.06,152500
JMART13C2605A,20260108,0.32,0.32,0.26,0.26,5904400
JMT01C2601A,20260108,0.01,0.01,0.01,0.01,2000
JMT01C2605A,20260108,0.38,0.38,0.33,0.33,2659600
JMT13C2603A,20260108,0.02,0.03,0.02,0.03,100100
JMT13C2604A,20260108,0.25,0.25,0.2,0.2,7826700
JMT19C2603A,20260108,0.03,0.03,0.03,0.03,100000
JMT19C2605A,20260108,0.38,0.38,0.31,0.32,2904200
JMT41C2604A,20260108,0.25,0.25,0.2,0.2,332200
JMT41C2611T,20260108,0.12,0.12,0.12,0.12,4000200
KBANK01C2602A,20260108,0.47,0.55,0.47,0.53,6013900
KBANK01P2602A,20260108,0.01,0.01,0.01,0.01,44900
KBANK01P2604A,20260108,0.33,0.33,0.3,0.31,7670600
KBANK13C2603A,20260108,0.3,0.36,0.3,0.34,17418700
KBANK13C2607A,20260108,0.23,0.25,0.22,0.24,8595100
KBANK13P2604A,20260108,0.25,0.25,0.23,0.24,997200
KBANK19C2604A,20260108,0.34,0.38,0.34,0.36,5566000
KBANK41C2603A,20260108,0.3,0.35,0.3,0.35,1650000
KBANK41C2604T,20260108,1.15,1.23,1.15,1.23,50800
KBANK41C2607A,20260108,0.2,0.22,0.2,0.22,1600
KBANK41C2609T,20260108,0.64,0.66,0.64,0.66,902200
KCE13C2603A,20260108,0.01,0.02,0.01,0.02,43400
KCE13C2604A,20260108,0.08,0.08,0.07,0.07,4359800
KCE13C2606A,20260108,0.29,0.3,0.27,0.27,10124900
KCE19C2604A,20260108,0.11,0.11,0.1,0.1,1814400
KCE19C2605A,20260108,0.33,0.34,0.3,0.3,2686400
KCE41C2606A,20260108,0.28,0.28,0.26,0.26,1285800
KCE41C2609T,20260108,0.37,0.37,0.36,0.36,606000
KKP13C2606A,20260108,0.45,0.48,0.44,0.48,7755600
KKP19C2609T,20260108,0.58,0.61,0.58,0.61,2426700
KTB01C2603A,20260108,0.11,0.13,0.11,0.13,2370500
KTB13C2606A,20260108,0.14,0.15,0.14,0.15,3665600
KTB19C2609T,20260108,0.23,0.24,0.23,0.24,673900
KTC01C2601A,20260108,0.01,0.01,0.01,0.01,94900
KTC01C2609T,20260108,0.15,0.15,0.15,0.15,100000
KTC13C2604A,20260108,0.07,0.07,0.07,0.07,250300
KTC13C2607A,20260108,0.2,0.2,0.19,0.19,431000
KTC19C2604A,20260108,0.12,0.12,0.12,0.12,22500
KTC19C2609T,20260108,0.17,0.17,0.17,0.17,3100
KUAISH28C2606A,20260108,0.54,0.54,0.51,0.52,606600
KUAISH41C2603A,20260108,0.17,0.17,0.15,0.16,387500
KUAISH41C2609T,20260108,1.05,1.05,1.03,1.03,20400
LH01C2601A,20260108,0.01,0.01,0.01,0.01,50000
M01C2601B,20260108,0.01,0.01,0.01,0.01,20000
M01C2606A,20260108,0.35,0.35,0.32,0.32,2463300
M01C2610T,20260108,0.05,0.05,0.05,0.05,7700
M13C2604B,20260108,0.1,0.1,0.1,0.1,4051800
M13C2605A,20260108,0.3,0.31,0.27,0.27,5818200
M19C2605A,20260108,0.37,0.38,0.34,0.34,1607000
M41C2604B,20260108,0.1,0.1,0.09,0.09,1200
M41C2612T,20260108,0.25,0.25,0.25,0.25,1800
MCA5041P2603A,20260108,0.12,0.12,0.12,0.12,100
MEITUA28C2604A,20260108,0.23,0.24,0.23,0.24,36000
MEITUA41C2601A,20260108,0.01,0.01,0.01,0.01,303000
MEITUA41C2603A,20260108,0.27,0.27,0.24,0.25,195900
MEITUA41P2603A,20260108,0.2,0.21,0.2,0.2,1600
MINT01C2601A,20260108,0.01,0.01,0.01,0.01,259000
MINT01C2603A,20260108,0.16,0.16,0.16,0.16,1944300
MINT01C2605A,20260108,0.39,0.41,0.39,0.39,2377600
MINT01P2605A,20260108,0.39,0.39,0.37,0.37,1970200
MINT13C2604A,20260108,0.39,0.41,0.39,0.39,8186200
MINT13P2606A,20260108,0.58,0.59,0.57,0.58,1546800
MINT41C2604A,20260108,0.39,0.41,0.39,0.4,2201000
MINT41C2604T,20260108,0.01,0.01,0.01,0.01,15000
MINT41P2606A,20260108,0.54,0.54,0.54,0.54,100
MTC01C2602A,20260108,0.01,0.01,0.01,0.01,1000
MTC01C2606A,20260108,0.12,0.12,0.1,0.1,3482700
MTC13C2604A,20260108,0.04,0.04,0.04,0.04,36800
MTC13C2605A,20260108,0.15,0.15,0.12,0.12,5738200
MTC19C2605A,20260108,0.18,0.18,0.15,0.15,5910100
MTC41C2605A,20260108,0.13,0.13,0.11,0.11,101000
MTC41C2611T,20260108,0.13,0.13,0.12,0.12,13000
NDX28C2603A,20260108,0.27,0.28,0.27,0.28,72900
NDX28C2603B,20260108,0.7,0.7,0.66,0.7,2500
NDX28P2603A,20260108,0.29,0.3,0.29,0.3,200
NDX41C2603A,20260108,0.41,0.41,0.41,0.41,288700
NDX41C2603B,20260108,0.62,0.62,0.59,0.62,201500
NDX41C2606A,20260108,1.11,1.11,1.06,1.09,2700
NDX41P2603A,20260108,0.83,0.86,0.83,0.84,964500
NDX41P2603B,20260108,0.54,0.54,0.54,0.54,148100
NIKKEI28C2603A,20260108,0.33,0.33,0.32,0.32,700000
NIKKEI28C2603B,20260108,0.59,0.59,0.55,0.57,5000
NIKKEI28C2603C,20260108,0.92,0.93,0.92,0.92,1700
NIKKEI28C2603D,20260108,1.36,1.36,1.29,1.35,6500
NIKKEI28P2603A,20260108,0.41,0.43,0.41,0.41,63200
NIKKEI28P2603B,20260108,0.25,0.25,0.25,0.25,100
NIKKEI41C2603B,20260108,1.38,1.38,1.35,1.35,110000
NIKKEI41C2603C,20260108,1.04,1.04,0.97,1.03,35200
NIKKEI41C2606A,20260108,0.98,0.98,0.92,0.94,2800
NIKKEI41C2606B,20260108,0.69,0.69,0.65,0.69,11400
NIKKEI41C2606C,20260108,0.47,0.47,0.44,0.46,3500
NIKKEI41P2603A,20260108,0.23,0.24,0.22,0.23,191400
NIKKEI41P2606B,20260108,0.81,0.81,0.81,0.81,100
NTES41C2603A,20260108,0.22,0.22,0.21,0.21,13200
OR01C2601A,20260108,0.01,0.01,0.01,0.01,100
OR13C2605A,20260108,0.23,0.24,0.23,0.24,11734700
OR41C2605A,20260108,0.22,0.23,0.22,0.23,201400
OR41C2608T,20260108,0.34,0.35,0.33,0.33,738400
OSP01C2602A,20260108,0.01,0.01,0.01,0.01,1458000
OSP13C2603A,20260108,0.07,0.07,0.07,0.07,377400
PINGAN41C2604A,20260108,1.12,1.12,1.06,1.06,50200
PINGAN41C2606A,20260108,0.41,0.41,0.37,0.38,2400
PLANB13C2603A,20260108,0.13,0.13,0.11,0.11,172500
PLANB19C2605A,20260108,0.24,0.24,0.22,0.22,689500
POPMAR28C2604A,20260108,0.09,0.09,0.09,0.09,100
POPMAR28C2606A,20260108,0.33,0.33,0.33,0.33,100200
POPMAR41C2601A,20260108,0.01,0.02,0.01,0.02,70100
POPMAR41C2605A,20260108,0.37,0.38,0.37,0.38,400
POPMAR41C2609T,20260108,0.87,0.88,0.86,0.88,1600
PR913C2605A,20260108,0.25,0.25,0.24,0.24,690000
PRM19C2604A,20260108,0.28,0.28,0.26,0.27,1526000
PRM41C2612T,20260108,0.39,0.39,0.39,0.39,100000
PTT01C2601A,20260108,0.01,0.01,0.01,0.01,144400
PTT13C2606A,20260108,0.14,0.14,0.14,0.14,1600
PTT19C2601A,20260108,0.01,0.01,0.01,0.01,199900
PTT41C2606T,20260108,0.16,0.16,0.16,0.16,59000
PTTEP01C2606T,20260108,0.4,0.41,0.4,0.41,3371700
PTTEP13C2603A,20260108,0.09,0.09,0.09,0.09,1221300
PTTEP13C2607A,20260108,0.28,0.29,0.28,0.29,3259500
PTTEP13P2603A,20260108,0.15,0.16,0.15,0.15,152700
PTTEP19C2603A,20260108,0.11,0.12,0.11,0.12,100200
PTTEP41C2607A,20260108,0.27,0.27,0.26,0.27,571700
PTTEP41C2609T,20260108,0.35,0.35,0.35,0.35,61300
PTTGC01C2601A,20260108,0.01,0.01,0.01,0.01,264800
PTTGC01C2603A,20260108,0.04,0.04,0.03,0.03,307000
PTTGC01C2605A,20260108,0.3,0.31,0.29,0.29,9004800
PTTGC01P2601A,20260108,0.06,0.06,0.06,0.06,200
PTTGC01P2605A,20260108,0.3,0.31,0.29,0.3,5313400
PTTGC13C2604A,20260108,0.35,0.36,0.33,0.34,9246400
PTTGC19C2601A,20260108,0.01,0.01,0.01,0.01,24000
PTTGC19C2604A,20260108,0.33,0.34,0.31,0.31,14947800
PTTGC41C2604A,20260108,0.34,0.36,0.33,0.33,782400
PTTGC41C2608T,20260108,0.43,0.44,0.43,0.43,45400
PTTGC41C2612T,20260108,0.23,0.23,0.22,0.22,22000
RCL13C2604A,20260108,0.21,0.21,0.2,0.2,2023400
RCL41C2604A,20260108,0.21,0.21,0.21,0.21,125600
RCL41C2612T,20260108,0.24,0.24,0.23,0.23,3100
SAWAD01C2601A,20260108,0.01,0.01,0.01,0.01,10000
SAWAD01C2604A,20260108,0.07,0.07,0.06,0.06,900
SAWAD01P2601A,20260108,0.06,0.13,0.06,0.13,2000300
SAWAD13C2604A,20260108,0.07,0.07,0.06,0.06,733200
SAWAD13C2607A,20260108,0.21,0.21,0.16,0.16,39055600
SAWAD13P2603A,20260108,0.23,0.28,0.23,0.28,2859800
SAWAD19C2605A,20260108,0.12,0.12,0.09,0.09,488900
SAWAD41C2607A,20260108,0.18,0.18,0.16,0.16,501200
SAWAD41C2609T,20260108,0.1,0.1,0.1,0.1,10000
SAWAD41C2610T,20260108,0.39,0.39,0.36,0.36,461400
SAWAD41P2603A,20260108,0.23,0.27,0.23,0.27,300400
SCB01C2605A,20260108,0.38,0.42,0.38,0.42,3988300
SCB01P2605A,20260108,0.22,0.22,0.21,0.21,700000
SCB13C2603A,20260108,0.23,0.26,0.23,0.25,17481100
SCB13C2607A,20260108,0.21,0.23,0.21,0.22,4389100
SCB41C2603A,20260108,0.23,0.26,0.23,0.26,650800
SCB41C2609T,20260108,0.48,0.5,0.48,0.5,300600
SCC01C2603A,20260108,0.13,0.13,0.13,0.13,2591600
SCC01C2605A,20260108,0.65,0.66,0.62,0.64,52300
SCC01C2606T,20260108,0.58,0.59,0.57,0.58,3073700
SCC01P2605A,20260108,0.47,0.49,0.47,0.48,4129100
SCC13C2603A,20260108,0.08,0.08,0.07,0.07,160000
SCC13C2604A,20260108,0.4,0.42,0.38,0.4,5081000
SCC13C2606A,20260108,0.88,0.9,0.88,0.9,10400
SCC13C2607A,20260108,0.38,0.39,0.38,0.39,5014000
SCC13P2602A,20260108,0.17,0.19,0.17,0.17,4303000
SCC19C2605A,20260108,0.7,0.73,0.68,0.71,5926200
SCC41C2604A,20260108,0.39,0.42,0.39,0.4,742000
SCC41C2606A,20260108,0.81,0.82,0.79,0.79,200400
SCC41C2608T,20260108,0.91,0.91,0.9,0.91,1400
SCC41C2611T,20260108,0.24,0.24,0.24,0.24,600
SCGP01C2604A,20260108,0.25,0.27,0.24,0.26,7517700
SCGP01P2604A,20260108,0.23,0.23,0.21,0.21,4609000
SCGP13C2603A,20260108,0.14,0.16,0.13,0.14,5632100
SCGP13C2605A,20260108,0.45,0.5,0.44,0.46,10335100
SCGP13P2604A,20260108,0.22,0.23,0.2,0.21,2222700
SCGP19C2605A,20260108,0.5,0.52,0.48,0.48,71000
SCGP41C2603A,20260108,0.13,0.14,0.13,0.13,1600
SCGP41C2605A,20260108,0.46,0.47,0.44,0.46,51200
SCGP41C2606T,20260108,0.2,0.21,0.2,0.21,601200
SCGP41P2604A,20260108,0.21,0.21,0.21,0.21,1000
SET01C2601A,20260108,0.02,0.02,0.01,0.01,769500
SET01C2602A,20260108,0.06,0.06,0.05,0.05,488800
SET01C2604A,20260108,0.35,0.36,0.3,0.31,3078200
SET01C2606L,20260108,2.44,2.44,2.4,2.4,1000
SET01P2601A,20260108,0.01,0.01,0.01,0.01,225000
SET01P2602A,20260108,0.2,0.22,0.2,0.22,554100
SET01P2603T,20260108,0.1,0.1,0.1,0.1,45100
SET01P2604A,20260108,0.42,0.48,0.41,0.48,3255100
SET01P2606L,20260108,1.43,1.45,1.42,1.45,3700
SET5001C2601A,20260108,0.01,0.01,0.01,0.01,30000
SET5001C2603F,20260108,0.18,0.18,0.17,0.17,498500
SET5001C2603G,20260108,0.25,0.27,0.24,0.25,5461200
SET5001C2605A,20260108,0.44,0.47,0.42,0.42,9878600
SET5001P2601A,20260108,0.01,0.01,0.01,0.01,996000
SET5001P2602A,20260108,0.07,0.07,0.06,0.07,47600
SET5001P2603F,20260108,0.35,0.35,0.34,0.35,5330800
SET5001P2605A,20260108,0.52,0.53,0.49,0.53,9903200
SET5013C2603A,20260108,0.13,0.14,0.12,0.13,52699000
SET5013C2603B,20260108,0.19,0.21,0.18,0.18,22013300
SET5013C2603C,20260108,0.29,0.32,0.27,0.28,214225400
SET5013C2603D,20260108,0.41,0.45,0.38,0.39,183567700
SET5013C2603E,20260108,0.54,0.6,0.51,0.52,141071700
SET5013P2603A,20260108,0.32,0.33,0.29,0.32,14614700
SET5013P2603B,20260108,0.2,0.2,0.19,0.19,50708300
SET5013P2603C,20260108,0.5,0.51,0.47,0.49,47597100
SET5013P2603D,20260108,0.36,0.36,0.33,0.35,124675100
SET5013P2603E,20260108,0.71,0.72,0.65,0.7,192742900
SET5013P2603F,20260108,0.98,0.99,0.9,0.96,150813400
SET5019C2603A,20260108,0.21,0.24,0.21,0.21,17960800
SET5019C2603B,20260108,0.19,0.21,0.18,0.18,24248400
SET5019C2603C,20260108,0.57,0.62,0.56,0.57,38111200
SET5019P2603A,20260108,0.33,0.34,0.3,0.32,19556800
SET5019P2603B,20260108,0.69,0.7,0.65,0.68,28957200
SET5028C2603A,20260108,0.41,0.42,0.4,0.42,302700
SET5028P2603A,20260108,0.29,0.29,0.28,0.29,52800
SET5041C2603A,20260108,0.13,0.14,0.13,0.13,455700
SET5041C2603B,20260108,0.19,0.2,0.18,0.18,5424400
SET5041C2603C,20260108,0.3,0.3,0.27,0.27,2104100
SET5041C2603D,20260108,0.4,0.44,0.39,0.4,12542200
SET5041C2609T,20260108,0.58,0.59,0.58,0.58,616000
SET5041P2603B,20260108,0.2,0.2,0.19,0.19,20100
SET5041P2603C,20260108,0.5,0.51,0.47,0.49,16862000
SET5041P2603D,20260108,0.37,0.37,0.35,0.36,3602200
SET5041P2603E,20260108,0.68,0.68,0.62,0.66,16388600
SET5041P2609T,20260108,0.86,0.86,0.84,0.84,10100
SIRI13C2605A,20260108,0.26,0.26,0.26,0.26,804400
SIRI41C2605A,20260108,0.24,0.24,0.24,0.24,50700
SISB13C2602A,20260108,0.01,0.01,0.01,0.01,200000
SISB13C2607A,20260108,0.25,0.25,0.22,0.22,1955900
SISB41C2611T,20260108,0.15,0.15,0.15,0.15,50000
SPALI41C2609T,20260108,0.27,0.27,0.27,0.27,200
SPRC01C2602A,20260108,0.15,0.2,0.14,0.2,1819300
SPRC01C2603A,20260108,0.77,0.94,0.74,0.94,529500
SPRC01P2604A,20260108,0.2,0.2,0.17,0.17,2423700
SPRC13C2602A,20260108,0.15,0.21,0.15,0.2,3216400
SPRC13C2604A,20260108,0.15,0.19,0.14,0.17,2992100
SPRC13P2604A,20260108,0.16,0.16,0.14,0.14,1713800
SPRC19C2601A,20260108,0.42,0.48,0.42,0.48,58100
SPRC41C2602A,20260108,0.15,0.21,0.15,0.21,100600
SPRC41C2604A,20260108,0.17,0.18,0.17,0.18,200800
SPRC41C2606T,20260108,0.15,0.18,0.15,0.17,444000
SPRC41C2612T,20260108,0.41,0.45,0.41,0.45,1000
SPX28C2603A,20260108,0.24,0.24,0.24,0.24,29000
SPX28C2603B,20260108,0.95,0.95,0.91,0.93,5300
SPX28P2603B,20260108,0.51,0.51,0.51,0.51,35900
SPX41C2603A,20260108,0.55,0.55,0.55,0.55,10000
SPX41C2603B,20260108,0.57,0.57,0.55,0.55,20500
STA13C2605A,20260108,0.26,0.26,0.24,0.24,2452900
STGT13C2607A,20260108,0.58,0.61,0.55,0.6,9304500
STGT41C2612T,20260108,0.46,0.46,0.45,0.46,1801200
TASCO13C2604A,20260108,0.25,0.25,0.21,0.21,8534300
TASCO41C2612T,20260108,0.29,0.29,0.29,0.29,400
TCAP13C2605A,20260108,0.34,0.36,0.34,0.35,1643500
TENCEN41C2601A,20260108,0.13,0.13,0.13,0.13,100
TENCEN41C2606A,20260108,0.33,0.34,0.32,0.33,1600
TENCEN41P2603A,20260108,0.21,0.21,0.2,0.2,2000
TFG13C2604A,20260108,0.25,0.29,0.25,0.26,57520900
TFG13C2606A,20260108,0.14,0.15,0.14,0.14,38627700
TFG19C2606A,20260108,0.39,0.43,0.39,0.39,8889700
TFG41C2606A,20260108,0.13,0.13,0.12,0.12,1200
TFG41C2612T,20260108,0.31,0.32,0.3,0.3,2400
TIDLOR01C2605A,20260108,0.1,0.1,0.08,0.08,102500
TIDLOR01C2610T,20260108,0.24,0.24,0.22,0.23,608000
TIDLOR01P2605A,20260108,0.85,0.91,0.84,0.91,1135800
TIDLOR13C2604A,20260108,0.12,0.12,0.1,0.1,53300
TIDLOR13C2607A,20260108,0.34,0.35,0.31,0.31,5069700
TIDLOR19C2609T,20260108,0.25,0.25,0.23,0.23,1664400
TIDLOR19C2612T,20260108,0.51,0.52,0.48,0.48,7574000
TIDLOR41C2607A,20260108,0.32,0.32,0.28,0.28,1311000
TIDLOR41C2612T,20260108,0.24,0.24,0.24,0.24,800
TISCO01C2603A,20260108,0.12,0.12,0.12,0.12,1983400
TISCO13C2603A,20260108,0.06,0.06,0.06,0.06,2103000
TISCO13C2607A,20260108,0.22,0.24,0.22,0.24,8106700
TOA13C2605A,20260108,0.35,0.35,0.3,0.3,60800
TOP01C2605A,20260108,0.25,0.26,0.24,0.26,2975300
TOP13C2603A,20260108,0.16,0.17,0.15,0.17,2437000
TOP13C2606A,20260108,0.4,0.43,0.39,0.42,4756000
TOP19C2602A,20260108,0.1,0.12,0.1,0.12,1108500
TOP19C2612T,20260108,0.57,0.59,0.56,0.59,4475000
TOP41C2603A,20260108,0.16,0.17,0.16,0.17,400
TOP41C2606A,20260108,0.39,0.4,0.37,0.4,526200
TOP41C2611T,20260108,0.41,0.43,0.41,0.43,3800
TRIPDC41C2609A,20260108,0.64,0.64,0.63,0.64,800
TRUE13C2602A,20260108,0.06,0.06,0.06,0.06,100
TRUE13C2607A,20260108,0.24,0.24,0.23,0.23,262900
TRUE19C2604A,20260108,0.12,0.12,0.12,0.12,52000
TRUE41C2607A,20260108,0.21,0.22,0.21,0.22,400
TTB13C2607A,20260108,0.1,0.11,0.1,0.11,1393000
TU01C2605A,20260108,0.15,0.15,0.15,0.15,500200
TU01P2605A,20260108,0.25,0.25,0.24,0.24,302400
TU13C2604A,20260108,0.14,0.15,0.14,0.15,1842800
TU41C2609T,20260108,0.28,0.29,0.28,0.29,207200
VGI01C2606A,20260108,0.14,0.14,0.13,0.13,2315200
VGI13C2602A,20260108,0.01,0.01,0.01,0.01,378300
VGI13C2605A,20260108,0.11,0.11,0.1,0.11,1453200
VGI13C2607A,20260108,0.21,0.21,0.19,0.19,493200
VGI19C2610T,20260108,0.13,0.13,0.13,0.13,20900
VGI41C2605A,20260108,0.1,0.1,0.09,0.09,1200
VGI41C2612T,20260108,0.03,0.03,0.03,0.03,1000000
WHA01C2610T,20260108,0.38,0.39,0.38,0.39,2311400
WHA13C2603A,20260108,0.09,0.09,0.09,0.09,455400
WHA13C2605A,20260108,0.3,0.3,0.29,0.29,170800
WHA41C2612T,20260108,0.2,0.2,0.2,0.2,40000
WUXI41C2603A,20260108,0.12,0.12,0.12,0.12,800
XIAOMI28C2606A,20260108,0.29,0.3,0.28,0.29,1320900
XIAOMI41C2605A,20260108,0.18,0.18,0.17,0.18,3000
XIAOMI41C2609T,20260108,0.71,0.72,0.68,0.72,2600
ZIJIN41C2601A,20260108,1.28,1.28,1.28,1.28,14000
ZIJIN41C2603A,20260108,0.4,0.4,0.38,0.39,22000
AAPL01,20260108,24,24.2,24,24.1,14425
AAPL03,20260108,2.74,2.76,2.74,2.74,38299
AAPL80,20260108,8.2,8.25,8.15,8.15,514874
ABBV19,20260108,7.05,7.35,7.05,7.3,81395
ADBE03,20260108,2.36,2.38,2.34,2.38,220184
ADBE06,20260108,2.62,2.68,2.62,2.66,490219
ADVANT23,20260108,2.84,2.84,2.76,2.82,477811
AIA06,20260108,3.4,3.42,3.36,3.42,1201
AIA19,20260108,3.4,3.4,3.34,3.4,4173
AIA23,20260108,2.62,2.66,2.6,2.62,141668
AMD80,20260108,1.33,1.34,1.3,1.31,25995974
AMZN01,20260108,22.1,22.5,22.1,22.3,84942
AMZN06,20260108,1.88,1.91,1.87,1.89,313747
AMZN80,20260108,1.88,1.92,1.87,1.9,10246762
ANTA13,20260108,1.98,1.98,1.98,1.98,2
ANTA23,20260108,2.06,2.1,2.04,2.08,1165
ASEMI24,20260108,2.14,2.14,2.12,2.14,79684
ASML01,20260108,31.75,32.25,31.5,31.75,143682
AVGO80,20260108,2.16,2.2,2.12,2.14,1297223
BABA01,20260108,13.2,13.4,13,13.1,327807
BABA06,20260108,5.8,5.85,5.75,5.8,9984
BABA13,20260108,2.42,2.44,2.38,2.44,85069
BABA23,20260108,3.88,3.9,3.82,3.88,235198
BABA80,20260108,5.8,5.85,5.7,5.75,10337649
BAC03,20260108,3.58,3.58,3.48,3.48,6055
BDX06,20260108,2.14,2.16,2.1,2.12,65472
BIDU01,20260108,12.9,12.9,12.7,12.7,419053
BIDU06,20260108,5.7,5.75,5.65,5.75,33797
BIDU23,20260108,2.7,2.78,2.7,2.78,130550
BIDU80,20260108,5.7,5.7,5.6,5.7,16562772
BKNG03,20260108,2.8,2.88,2.8,2.86,2470
BKNG80,20260108,3.34,3.42,3.34,3.4,69958
BONDAS19,20260108,6.3,6.3,6.25,6.3,7942
BRKB80,20260108,1.57,1.57,1.54,1.56,3343179
BYDCOM01,20260108,0.87,0.88,0.87,0.88,149077
BYDCOM80,20260108,0.39,0.39,0.38,0.39,1606408
CATL01,20260108,4.6,4.62,4.54,4.58,6228241
CATL23,20260108,8.15,8.2,8,8.05,280058
CATL80,20260108,20.3,20.3,20,20.2,449582
CHHONGQ19,20260108,14.1,14.3,13.7,14,55052
CHMOBILE19,20260108,3.28,3.3,3.26,3.3,130444
CHNXT5023,20260108,6.85,6.95,6.8,6.8,106771
CMBANK23,20260108,2.3,2.3,2.26,2.3,39427
CN01,20260108,22.1,22.2,21.8,21.8,115373
CN23,20260108,5.65,5.75,5.6,5.75,726
CNBIO24,20260108,1.54,1.55,1.51,1.53,14155
CNEV24,20260108,2.28,2.28,2.24,2.28,2310
CNROBOAI23,20260108,2.54,2.58,2.5,2.58,32951
CNSEMI23,20260108,2.62,2.64,2.6,2.6,77363
CNSTAR5023,20260108,7,7.05,6.95,7,10852
CNTECH01,20260108,29,29.5,28.75,29,151386
COSTCO19,20260108,28,28.25,27.75,28,22852
CRWD06,20260108,2.86,3.06,2.86,3.06,328449
CRWD80,20260108,14.4,15.3,14.4,15.1,387427
CSCO06,20260108,2.94,2.98,2.92,2.96,173779
DBS19,20260108,14.3,14.3,14.1,14.2,21726
DELL19,20260108,3.88,3.88,3.72,3.76,306731
DISNEY19,20260108,18,18,17.6,17.8,3201
E1VFVN3001,20260108,44,44.5,43.5,43.75,381019
ESTEE80,20260108,1.15,1.15,1.09,1.1,5937902
FERRARI80,20260108,1.17,1.18,1.16,1.16,49113
FPTVN11,20260108,2.36,2.36,2.32,2.34,81855
FPTVN19,20260108,12.1,12.1,11.9,12,535152
FUEVFVND01,20260108,46.75,47,46.25,46.25,179827
GASVN11,20260108,4.36,4.52,4.36,4.48,87020
GEELY06,20260108,2.8,2.8,2.78,2.78,14374
GEELY80,20260108,7,7,6.95,7,1719
GOLD03,20260108,3.2,3.24,3.2,3.22,114513
GOLD19,20260108,12.8,12.9,12.8,12.8,90160
GOLDUS19,20260108,42.75,43,42.5,42.5,156872
GOOG80,20260108,4.92,5.15,4.9,5.1,7455256
GOOGL01,20260108,29,30,29,30,121646
GOOGL03,20260108,4.92,5.15,4.92,5.15,261921
GRAB80,20260108,16.5,16.6,16,16,113397
GSUS06,20260108,4.28,4.28,4.24,4.24,160834
HAIERS19,20260108,10.4,10.4,10.4,10.4,5720
HERMES80,20260108,7.75,7.75,7.6,7.75,101827
HK01,20260108,21.3,21.3,21.2,21.3,37059
HK13,20260108,5.45,5.45,5.35,5.35,40119
HKCE01,20260108,25,25,24.8,25,16694
HKEX23,20260108,2.22,2.24,2.2,2.22,48066
HKTECH13,20260108,4.6,4.62,4.58,4.58,130602
HONDA19,20260108,3.06,3.08,3.06,3.06,7713
HOOD06,20260108,3.8,3.8,3.6,3.66,1094298
HORIZON23,20260108,2.44,2.48,2.4,2.48,508261
HPG19,20260108,3.28,3.32,3.28,3.28,3757
HSHD23,20260108,6.2,6.3,6.15,6.2,80624
HUAHONG23,20260108,5.35,5.4,5.15,5.25,6267700
ICBC06,20260108,2.46,2.5,2.46,2.5,10169
ICBC19,20260108,2.42,2.48,2.42,2.48,64794
INDIA01,20260108,14.4,14.5,14.3,14.5,220850
INDIAESG19,20260108,4.48,4.52,4.46,4.48,129894
ITOCHU19,20260108,6.75,6.75,6.7,6.7,2844
JAP03,20260108,3.22,3.22,3.22,3.22,342
JAPAN10001,20260108,25,25.25,25,25,3103
JAPAN13,20260108,4.52,4.52,4.44,4.52,3685
JD80,20260108,4.52,4.56,4.5,4.5,310312
JDHEAL19,20260108,4.96,5.05,4.96,5,103766
JNJ03,20260108,3.22,3.28,3.22,3.28,117231
JPMUS06,20260108,3.5,3.5,3.4,3.44,126677
JPMUS19,20260108,20.8,20.8,20.5,20.6,5614
KEYENCE23,20260108,2.02,2.02,1.99,2,10550
KINGSOFT23,20260108,2.02,2.08,2.02,2.08,3780
KO80,20260108,2.14,2.14,2.1,2.14,578166
KUAISH06,20260108,2.92,2.94,2.88,2.94,45628
KUAISH23,20260108,2.08,2.1,2.04,2.08,2840680
KUAISH80,20260108,2.92,2.94,2.88,2.88,10221913
LENOVO13,20260108,1.84,1.86,1.83,1.86,321854
LLY80,20260108,1.67,1.76,1.67,1.74,5813897
LOREAL80,20260108,1.33,1.33,1.3,1.32,192270
LPGOLD13,20260108,2.52,2.56,2.52,2.56,3339
LULU06,20260108,3.38,3.38,3.3,3.32,360887
LVMH01,20260108,14.5,14.5,14.1,14.3,29253
MA80,20260108,1.81,1.84,1.8,1.83,348882
MEITUAN19,20260108,1.38,1.38,1.35,1.37,44792
MEITUAN80,20260108,4.12,4.18,4.02,4.06,864547
MELI06,20260108,2.76,2.78,2.68,2.74,398548
META01,20260108,6.05,6.1,6,6,103404
META06,20260108,2.58,2.58,2.54,2.56,29411
META80,20260108,2.58,2.58,2.52,2.54,3118014
MITSU19,20260108,8.4,8.65,8.4,8.6,44442
MNSO80,20260108,15,15.2,15,15.2,3204
MNST06,20260108,3.42,3.46,3.36,3.44,9140
MS06,20260108,3.92,3.92,3.82,3.88,49662
MSFT01,20260108,4.4,4.5,4.4,4.48,309372
MSFT06,20260108,3.74,3.84,3.74,3.8,137663
MSFT80,20260108,7.5,7.7,7.5,7.55,1519156
MSN11,20260108,3.74,3.8,3.74,3.8,2613
MUFG19,20260108,5.3,5.3,5.2,5.25,8397
MWG11,20260108,4.26,4.26,4.12,4.18,63971
MWG19,20260108,11,11,10.7,10.9,163641
NDAQ06,20260108,3.16,3.18,3.12,3.18,99876
NDX01,20260108,21,21.1,20.9,21.1,1448104
NETEASE80,20260108,8.9,8.95,8.8,8.8,88137
NFLX06,20260108,2.84,2.88,2.84,2.86,736107
NFLX80,20260108,2.84,2.88,2.82,2.84,1819892
NIKE80,20260108,1.02,1.02,0.99,0.99,123038
NIKKEI80,20260108,10.7,10.8,10.7,10.8,13997
NINTENDO19,20260108,20.5,20.6,20.4,20.4,114913
NINTENDO23,20260108,1.82,1.84,1.81,1.81,25981
NONGFU80,20260108,1.91,1.93,1.9,1.93,62546
NOVOB80,20260108,1.77,1.81,1.77,1.79,5115073
NVDA01,20260108,17.3,17.6,17.3,17.5,223442
NVDA03,20260108,3.94,4.02,3.92,4,64573
NVDA06,20260108,3.94,4,3.9,4,103684
NVDA19,20260108,23.6,24,23.5,23.9,125971
NVDA80,20260108,29.25,30,29.25,29.75,928109
OIL03,20260108,1.81,1.82,1.8,1.82,2158769
ONON03,20260108,3.1,3.14,3.04,3.06,331291
ORCL06,20260108,2.42,2.44,2.4,2.42,131452
ORCL19,20260108,6.1,6.15,6.05,6.1,317601
PANW80,20260108,5.85,6.15,5.8,6.1,299895
PEP80,20260108,0.89,0.89,0.86,0.88,1152241
PETROCN80,20260108,3.2,3.22,3.2,3.2,5192
PFIZER19,20260108,16,16.2,15.8,15.9,182231
PINGAN01,20260108,6.55,6.55,6.4,6.4,3624
PINGAN80,20260108,2.86,2.86,2.8,2.82,2066718
PLTR03,20260108,3.74,3.92,3.72,3.88,307065
PLTR06,20260108,3.74,3.9,3.7,3.88,1133983
POPMART23,20260108,1.9,1.92,1.9,1.92,2848
POPMART80,20260108,7.95,8.05,7.9,7.95,217855
QQQM19,20260108,16.1,16.3,16.1,16.2,116617
RBLX06,20260108,2,2.04,1.97,2.02,393180
SANOFI80,20260108,3.02,3.08,3.02,3.08,10513
SANRIO23,20260108,1.49,1.52,1.49,1.52,119586
SBUX80,20260108,1.4,1.4,1.36,1.37,410162
SEMB19,20260108,4.94,4.94,4.92,4.94,15306
SENSE23,20260108,2.42,2.44,2.4,2.44,313323
SGX19,20260108,4.32,4.32,4.24,4.26,18627
SIA19,20260108,15.8,15.8,15.7,15.7,1120
SINGTEL80,20260108,10.8,11,10.8,11,16715
SMFG19,20260108,10.4,10.5,10.3,10.4,121668
SMIC13,20260108,2.12,2.14,2.08,2.08,153900
SMIC23,20260108,3.62,3.68,3.54,3.56,3939150
SNOW06,20260108,3.66,3.68,3.62,3.68,400883
SOFTBANK23,20260108,1.71,1.71,1.65,1.68,1869074
SONY80,20260108,3.98,4,3.96,3.98,29994
SP50001,20260108,22,22.1,21.9,22,30978
SP500US19,20260108,12.8,12.9,12.7,12.8,9103
SP500US80,20260108,2.56,2.56,2.54,2.54,259250
SPBOND80,20260108,8.1,8.15,8.1,8.15,16342
SPCOM80,20260108,3.68,3.7,3.68,3.7,942
SPENGY80,20260108,2.88,2.88,2.84,2.86,90313
SPFIN80,20260108,17.5,17.5,17.5,17.5,3515
SPHLTH80,20260108,4.96,5.05,4.96,5,2253
SPOT06,20260108,2.26,2.26,2.22,2.26,11508
SPTECH80,20260108,9.1,9.25,9.1,9.2,1184
STAR5001,20260108,40.25,41.25,40.25,40.5,636903
STEG19,20260108,21.8,22.1,21.8,22.1,85269
SUNNY19,20260108,2.62,2.62,2.56,2.6,154279
SUSHI23,20260108,2.6,2.68,2.6,2.68,1543409
TAIWAN19,20260108,28.75,29,28.5,29,4881
TAIWANAI13,20260108,12.7,12.7,12.7,12.7,140
TAIWANHD13,20260108,23.5,23.5,23.4,23.5,30632
TEL23,20260108,2.76,2.76,2.7,2.7,176154
TENCENT01,20260108,5.65,5.7,5.6,5.65,15074
TENCENT06,20260108,2.48,2.52,2.48,2.52,24272
TENCENT13,20260108,5,5,5,5,7081
TENCENT19,20260108,12.5,12.5,12.3,12.3,10182
TENCENT80,20260108,24.8,25,24.7,24.8,330131
THAIBEV19,20260108,11.4,11.4,11.2,11.3,40520
TME23,20260108,1.66,1.68,1.66,1.68,16571
TOYOTA80,20260108,6.7,6.7,6.6,6.7,167701
TRIPCOM23,20260108,2.44,2.44,2.44,2.44,2
TRIPCOM80,20260108,2.42,2.44,2.4,2.4,1485174
TSLA01,20260108,40,40.25,39.75,40,17618
TSLA03,20260108,4.54,4.6,4.52,4.52,38856
TSLA80,20260108,2.72,2.76,2.7,2.7,3628367
UBER06,20260108,2.68,2.74,2.68,2.7,128254
UBTECH23,20260108,2.04,2.08,2.04,2.06,1668192
UNH19,20260108,5.5,5.5,5.3,5.4,393944
UNIQLO80,20260108,11.5,11.6,11.3,11.5,134702
UOB19,20260108,8.8,8.85,8.8,8.8,4561
USTR24,20260108,1.15,1.15,1.14,1.14,7847
VCB11,20260108,2.88,3.08,2.88,3.04,528505
VCB19,20260108,7.4,7.85,7.4,7.75,324492
VENTURE19,20260108,3.86,3.9,3.86,3.88,107553
VHM19,20260108,18.4,18.4,17.1,17.1,27331
VISA06,20260108,1.4,1.41,1.39,1.39,223300
VISA80,20260108,1.39,1.41,1.39,1.39,405774
VNFIN24,20260108,1.87,1.88,1.87,1.88,3691
VNM19,20260108,7.75,7.9,7.7,7.75,98152
WORLD03,20260108,3.82,3.86,3.82,3.86,3212
WUXI06,20260108,3.66,3.7,3.64,3.7,114819
WUXI13,20260108,2.12,2.18,2.12,2.14,70326
WUXIAT80,20260108,4.44,4.52,4.44,4.52,140036
XIAOMI01,20260108,3.46,3.54,3.42,3.48,265193
XIAOMI13,20260108,3.22,3.24,3.2,3.22,167528
XIAOMI19,20260108,7.65,7.75,7.55,7.75,62696
XIAOMI23,20260108,1.85,1.86,1.83,1.86,859625
XIAOMI80,20260108,15.3,15.5,15.1,15.3,2512221
ZIJIN13,20260108,2.64,2.68,2.64,2.64,55696
ZIJIN80,20260108,15.2,15.3,14.9,15.1,88839
ASW-W3-O,20260108,0.36,0.36,0.36,0.36,20
BE8-W1-O,20260108,0.45,0.45,0.42,0.42,55
BRI-W1-O,20260108,0.7,0.7,0.7,0.7,30
BWG-W7-O,20260108,0.05,0.05,0.04,0.04,200
CHAYO-W4-O,20260108,0.32,0.34,0.27,0.27,84
COMAN-W1-O,20260108,0.04,0.04,0.04,0.04,1
DEMCO-W8-O,20260108,0.01,0.42,0.01,0.35,392
EA-W1-O,20260108,0.7,0.71,0.66,0.66,405
ECF-W6-O,20260108,0.03,0.03,0.02,0.02,2
EMPIRE-W1-O,20260108,0.14,0.14,0.14,0.14,51
EMPIRE-W2-O,20260108,0.21,0.21,0.21,0.21,70
IMH-W1-O,20260108,0.07,0.07,0.05,0.05,12
ITEL-W6-O,20260108,0.14,0.15,0.14,0.15,249
JAS-W4-O,20260108,0.2,0.25,0.2,0.25,149
KKP-W6-O,20260108,1.15,1.2,1.15,1.18,708
MGI-W1-O,20260108,0.49,0.53,0.49,0.53,130
NER-W2-O,20260108,0.04,0.04,0.04,0.04,192
NOBLE-W3-O,20260108,0.16,0.19,0.16,0.18,105
ORI-W2-O,20260108,0.29,0.29,0.29,0.29,287
PEER-W2-O,20260108,0.01,0.01,0.01,0.01,35
PROUD-W3-O,20260108,0.11,0.11,0.11,0.11,1
SAMTEL-W2-O,20260108,0.2,0.75,0.2,0.75,96
TEAMG-W1-O,20260108,0.07,0.07,0.07,0.07,40
TFG-W4-O,20260108,0.8,0.8,0.79,0.79,120
TGE-W2-O,20260108,0.08,0.08,0.08,0.08,2
TNITY-W2-O,20260108,0.18,0.24,0.07,0.19,212
TVDH-W6-O,20260108,0.01,0.01,0.01,0.01,17
VIBHA-W5-O,20260108,0.06,0.07,0.04,0.05,3626
XBIO-W7-O,20260108,0.01,0.01,0.01,0.01,1
ZIGA-W2-O,20260108,0.09,0.09,0.08,0.08,165
A5-W4,20260108,0.01,0.01,0.01,0.01,122300
A5-W5,20260108,0.09,0.09,0.09,0.09,5100
ACC-W2,20260108,0.16,0.16,0.15,0.15,263300
ASW-W3,20260108,0.36,0.4,0.35,0.37,171400
B-W8,20260108,0.01,0.01,0.01,0.01,1100
BC-W3,20260108,0.01,0.01,0.01,0.01,100
BC-W4,20260108,0.06,0.07,0.06,0.07,73600
BE8-W1,20260108,0.82,0.82,0.74,0.74,591900
BIOTEC-W2,20260108,0.01,0.01,0.01,0.01,8100
BTC-W7,20260108,0.03,0.03,0.03,0.03,786000
BTS-W8,20260108,0.01,0.01,0.01,0.01,2210900
BWG-W7,20260108,0.05,0.06,0.05,0.05,1250400
CEN-W5,20260108,0.02,0.02,0.02,0.02,742400
CHASE-W1,20260108,0.21,0.23,0.21,0.22,51200
CHAYO-W4,20260108,0.32,0.33,0.31,0.31,1019900
CIG-W9,20260108,0.01,0.02,0.01,0.02,114300
COMAN-W1,20260108,0.06,0.06,0.06,0.06,3500
DCON-W4,20260108,0.01,0.02,0.01,0.02,50400
DEMCO-W8,20260108,0.31,0.45,0.31,0.39,8948100
EA-W1,20260108,0.7,0.71,0.68,0.69,4891800
ECF-W6,20260108,0.04,0.04,0.04,0.04,111400
EMPIRE-W1,20260108,0.16,0.16,0.15,0.16,70600
EMPIRE-W2,20260108,0.22,0.23,0.22,0.22,5400
GLORY-W1,20260108,0.16,0.16,0.15,0.16,49900
HYDRO-W2,20260108,0.09,0.1,0.08,0.08,2537600
IMH-W1,20260108,0.06,0.08,0.06,0.06,158300
IROYAL-W1,20260108,1.3,1.3,1.3,1.3,55500
IROYAL-W2,20260108,0.76,0.76,0.74,0.74,21200
ITEL-W5,20260108,0.11,0.11,0.1,0.1,798200
ITEL-W6,20260108,0.16,0.17,0.15,0.17,549800
J-W3,20260108,0.05,0.06,0.05,0.06,318300
J-W4,20260108,0.07,0.07,0.07,0.07,200
JAS-W4,20260108,0.26,0.27,0.25,0.26,3685100
K-W3,20260108,0.06,0.07,0.06,0.07,50800
KGEN-W2,20260108,0.18,0.19,0.17,0.18,228500
KKP-W6,20260108,1.17,1.23,1.15,1.18,2224400
KUN-W3,20260108,0.05,0.06,0.04,0.05,10500
MADAME-W6,20260108,0.12,0.12,0.12,0.12,868500
MGI-W1,20260108,0.5,0.57,0.47,0.5,2139300
NER-W2,20260108,0.04,0.05,0.04,0.05,427200
NOBLE-W3,20260108,0.19,0.19,0.19,0.19,519800
NRF-W2,20260108,0.09,0.1,0.09,0.1,72800
ORI-W2,20260108,0.29,0.3,0.29,0.29,101300
PEER-W2,20260108,0.02,0.02,0.01,0.02,15000
PPPM-W6,20260108,0.12,0.12,0.12,0.12,100
PROEN-W2,20260108,0.31,0.32,0.3,0.3,1003200
PROS-W1,20260108,0.02,0.02,0.01,0.01,504400
PROUD-W3,20260108,0.13,0.13,0.11,0.12,316300
PSTC-W3,20260108,0.06,0.06,0.05,0.06,220300
ROCTEC-W5,20260108,0.02,0.02,0.01,0.02,1207800
SAMTEL-W2,20260108,0.69,0.77,0.69,0.71,35500
SGC-W2,20260108,0.34,0.35,0.33,0.34,103600
SKE-W1,20260108,0.01,0.02,0.01,0.02,12200
STELLA-W6,20260108,0.04,0.05,0.04,0.05,321000
TAKUNI-W2,20260108,0.29,0.3,0.29,0.29,4500
TEAMG-W1,20260108,0.14,0.14,0.13,0.13,982300
TFG-W4,20260108,0.8,0.84,0.78,0.78,1978700
TGE-W2,20260108,0.08,0.09,0.08,0.09,200100
TNITY-W2,20260108,0.2,0.26,0.2,0.22,1968900
TPL-W1,20260108,0.18,0.24,0.17,0.19,54900
TRUBB-W3,20260108,0.31,0.32,0.31,0.31,116000
TVDH-W5,20260108,0.02,0.02,0.01,0.02,17700
UREKA-W3,20260108,0.21,0.22,0.21,0.21,49000
VGI-W3,20260108,0.01,0.02,0.01,0.02,871700
VIBHA-W5,20260108,0.07,0.08,0.06,0.07,15470900
VIH-W1,20260108,0.94,0.94,0.7,0.79,8900
WAVE-W4,20260108,0.01,0.01,0.01,0.01,1100
XBIO-W6,20260108,0.04,0.04,0.03,0.04,435600
XBIO-W7,20260108,0.02,0.02,0.02,0.02,300
ZIGA-W2,20260108,0.09,0.1,0.08,0.09,36600
!AGRO,20260108,306.34,307.44,305.05,305.85,17556400000
!CONSUMP,20260108,44,44.19,43.79,43.95,1119460000
!FINCIAL,20260108,147.96,150.17,147.96,149.41,42145500000
!INDUS,20260108,50.87,51.22,50.59,50.69,10012350000
!PROPCON,20260108,69.64,69.74,69.24,69.46,33307940000
!RESOURC,20260108,139.23,140.23,138.91,139.33,35609710000
!SERVICE,20260108,278.26,280.59,276.91,277.61,55866350000
!TECH,20260108,427.61,430.96,410.07,412.78,27630620000
$AGRI,20260108,184.41,185.33,182.94,183.45,3261790000
$AUTO,20260108,298,298.94,296.13,297.55,2024430000
$BANK,20260108,471.35,481.05,471.32,478.47,27928420000
$COMM,20260108,19438,19495.7,19182,19240.7,14499400000
$CONMAT,20260108,5237.59,5243.89,5177,5205.17,2823760000
$CONS,20260108,30.13,30.43,29.66,29.66,4750600000
$ENERG,20260108,15880,15994.4,15843.5,15891.9,35609710000
$ETRON,20260108,19606.4,19820.1,18096.4,18307.5,13130150000
$FASHION,20260108,498.39,501.09,494.09,494.09,140080000
$FIN,20260108,1936.62,1943.87,1897.79,1901.17,11744360000
$FOOD,20260108,8587.09,8618.07,8550.64,8576.7,14294610000
$HELTH,20260108,4250.51,4277.29,4213.17,4238.12,9834140000
$HOME,20260108,15.89,16.01,15.86,15.96,380070000
$ICT,20260108,198.64,200.93,198.16,200.41,14500470000
$IMM,20260108,18.02,18.14,18.01,18.06,501070000
$INSUR,20260108,8337.07,8451.79,8337.07,8375.81,2472720000
$MEDIA,20260108,15,15,14.54,14.72,5934030000
$PAPER,20260108,2109.85,2123.91,2109.85,2109.85,13880000
$PERSON,20260108,73.22,73.62,72.56,73.4,599310000
$PETRO,20260108,452.41,456.53,447.37,449.39,3659360000
$PF&REIT,20260108,132.46,132.64,131.79,132.55,1243430000
$PKG,20260108,2101.43,2131.41,2094.64,2109.28,1580850000
$PROF,20260108,138.75,139.29,135.68,136.7,4314400000
$PROP,20260108,151.75,152.41,150.72,151.66,24490150000
$STEEL,20260108,18.39,18.49,17.83,18.01,2232760000
$TOURISM,20260108,428.61,432.17,427.53,429.8,5319890000
$TRANS,20260108,211.1,214.99,211.1,212.2,15964490000
MAI,20260108,216.21,217.87,214.69,215.49,929531631
SET,20260108,1263.12,1268.61,1251.4,1253.6,5572098243
SET100,20260108,1790.84,1801.34,1781.42,1784.5,1671846700
SET50,20260108,835.04,840.69,831.55,833.08,1102768100
SETHD,20260108,1198.26,1213.64,1197.32,1208.57,558372700
3BBIF-F,20260108,7.55,7.55,7.55,7.55,32300
DIF-F,20260108,9.8,9.8,9.8,9.8,1000
KBANK-F,20260108,194,194,194,194,200
KTB-F,20260108,28.25,29,28.25,28.5,31300
KTC-F,20260108,26,26,26,26,55800
PTTEP-F,20260108,107.5,109,107.5,108.5,6200
SCB-F,20260108,139,141,139,140.5,43400
TRUE-F,20260108,11.1,11.1,11.1,11.1,1200
!AGRO-M,20260108,54.87,55.25,54.52,55.14,2083220000
!CONSUMP-M,20260108,12.27,12.34,12.17,12.21,1087810000
!FINCIAL-M,20260108,37.91,37.91,37.43,37.59,289250000
!INDUS-M,20260108,38.23,38.3,37.96,37.98,1082880000
!PROPCON-M,20260108,14.18,14.29,14.02,14.28,3772210000
!RESOURC-M,20260108,16.84,17.23,16.55,16.92,2251280000
!SERVICE-M,20260108,43.3,44.24,42.83,42.95,78749010000
!TECH-M,20260108,20.05,20.14,19.95,19.99,2746300000
SET100FF,20260108,1739.46,1750.11,1733.15,1735.74,167184670000
SET50FF,20260108,812.31,817.75,809.71,811.02,110276810000
SETCLMV,20260108,617.51,620.67,614.22,615.73,72951500000
SETESG,20260108,796.74,803.27,796.74,799.48,137803840000
SETWB,20260108,574.79,578.43,572.3,573.95,34788990000
SSET,20260108,561.38,561.74,557.83,558.51,13135100000
