<TICKER>,<DTYYYYMMDD>,<OPEN>,<HIGH>,<LOW>,<CLOSE>,<VOL>
AAPL01,20260611,28.25,28.5,28,28.5,32536
AAPL03,20260611,3.18,3.24,3.16,3.22,43387
AAPL19,20260611,6.35,6.45,6.35,6.45,1526
AAPL80,20260611,9.55,9.7,9.5,9.7,849499
ABBV19,20260611,7.45,7.45,7.35,7.45,24543
ABNB06,20260611,4.28,4.34,4.26,4.34,1283
ADBE03,20260611,1.71,1.74,1.69,1.72,32267
ADBE06,20260611,1.93,1.96,1.91,1.92,1502418
ADVANT19,20260611,5.1,5.2,5.1,5.2,245487
ADVANT23,20260611,3.46,3.54,3.44,3.54,122220
AFRM03,20260611,2.68,2.72,2.58,2.58,63998
AIA06,20260611,2.98,3.12,2.98,3.12,14718
AIA19,20260611,2.98,3.08,2.98,3.08,20030
AIA23,20260611,2.32,2.4,2.3,2.4,128736
AMD03,20260611,7.7,7.85,7.4,7.65,67202
AMD23,20260611,6.3,6.55,6.2,6.35,858391
AMD80,20260611,3,3.14,2.96,3.04,14458813
AMGN06,20260611,2.84,2.86,2.76,2.8,23152
AMZN01,20260611,23.5,23.5,23,23.4,92293
AMZN03,20260611,4,4,3.94,3.96,4199
AMZN06,20260611,2,2,1.95,1.99,105072
AMZN23,20260611,2.64,2.68,2.6,2.64,31048
AMZN80,20260611,1.99,2,1.95,1.97,5223158
ANET23,20260611,2.7,2.84,2.7,2.82,502738
ANTA23,20260611,1.97,1.97,1.96,1.97,5111
APLD03,20260611,4.4,4.66,4.24,4.46,644454
APPL03,20260611,2.76,2.84,2.7,2.84,217732
ASEMI24,20260611,3.66,3.76,3.66,3.76,119529
ASICS23,20260611,2.72,2.72,2.7,2.7,1600
ASML01,20260611,47.5,49.5,47.25,49.25,305912
ASTS03,20260611,2.84,3.06,2.84,3.02,7521985
AVGO23,20260611,2.86,2.92,2.78,2.84,523487
AVGO80,20260611,2.52,2.56,2.44,2.5,6586147
AXP06,20260611,2.62,2.64,2.56,2.58,12521
BABA01,20260611,10.4,10.4,10.2,10.4,73292
BABA06,20260611,4.56,4.58,4.46,4.52,95617
BABA13,20260611,1.9,1.91,1.86,1.9,117336
BABA23,20260611,3.04,3.06,2.98,3.02,1077051
BABA80,20260611,4.56,4.58,4.48,4.54,18124216
BAC03,20260611,3.58,3.64,3.58,3.62,250619
BDX06,20260611,1.66,1.67,1.63,1.67,134070
BIDU01,20260611,10.8,10.9,10.7,10.9,54200
BIDU06,20260611,4.74,4.8,4.7,4.8,4052
BIDU23,20260611,2.26,2.28,2.22,2.28,53690
BIDU80,20260611,4.74,4.76,4.68,4.74,5301280
BILIBILI01,20260611,2.86,2.86,2.82,2.86,1114711
BIREN23,20260611,8.45,8.9,8,8.65,444634
BKNG03,20260611,2.24,2.24,2.18,2.2,2133
BKNG80,20260611,2.7,2.7,2.64,2.66,37092
BLK06,20260611,3.32,3.38,3.32,3.36,955
BONDAS19,20260611,6.4,6.45,6.4,6.45,3030
BRKB80,20260611,1.6,1.62,1.59,1.59,2377321
BYDCOM01,20260611,0.81,0.82,0.8,0.82,181939
BYDCOM80,20260611,0.36,0.36,0.35,0.36,21774200
CAMBRI80,20260611,5.9,6,5.8,5.85,489265
CATL01,20260611,6.2,6.35,6.2,6.3,2102830
CATL23,20260611,11,11.3,10.9,11.3,329236
CATL80,20260611,27.5,28,27.25,28,120798
CCJ23,20260611,2.08,2.1,1.94,2,146954
CEG23,20260611,2.06,2.08,1.99,2.02,1196119
CHHONGQ19,20260611,11.2,11.3,11,11.3,171085
CHMOBILE19,20260611,3.46,3.46,3.44,3.44,49429
CHMOBILE23,20260611,2.68,2.7,2.66,2.7,23317
CHNXT5023,20260611,8.75,8.85,8.6,8.7,56184
CMBANK23,20260611,2.26,2.26,2.26,2.26,6796
CME03,20260611,2.8,2.92,2.8,2.88,94073
CN01,20260611,23.9,24.1,23.7,24,2749
CN23,20260611,6.05,6.2,6,6.2,1168
CNBIO24,20260611,1.22,1.23,1.21,1.23,41483
CNEV24,20260611,2.22,2.24,2.22,2.24,1481
CNROBOAI23,20260611,2.54,2.54,2.5,2.54,88441
CNSEMI23,20260611,3.72,3.74,3.68,3.72,46791
CNSTAR5023,20260611,8.45,8.55,8.4,8.45,14022
CNTECH01,20260611,24.8,25,24.6,24.8,66960
COSTCO19,20260611,32.25,32.5,32,32.5,24423
CRM01,20260611,3.14,3.22,3.1,3.12,31511
CRM06,20260611,2.26,2.3,2.2,2.26,56152
CRM80,20260611,5.7,5.75,5.6,5.7,131641
CRSP03,20260611,3.4,3.48,3.24,3.4,14648
CRWD06,20260611,4.18,4.34,4.18,4.28,192503
CRWD80,20260611,20.8,21.7,20.7,21.5,142925
CRWV03,20260611,3.14,3.28,3.06,3.16,2047370
CSCO06,20260611,4.96,4.98,4.88,4.96,59857
CYPC80,20260611,13.5,13.7,13.5,13.6,9340
DASH03,20260611,2.52,2.54,2.5,2.5,5999
DBS19,20260611,15.7,16.1,15.7,16.1,9158
DDOG19,20260611,7.35,7.7,7.25,7.5,162756
DELL19,20260611,12,13.1,12,12.3,1127770
DISNEY19,20260611,16.3,16.4,16.2,16.2,4093
DUOL06,20260611,2.38,2.62,2.34,2.6,209396
E1VFVN3001,20260611,43,43.25,42.75,43,176045
EOSE03,20260611,1,1.05,0.98,1.03,4684199
ESTEE80,20260611,0.94,0.97,0.93,0.94,633749
EXPE06,20260611,3,3,2.86,2.92,30187
FANUC23,20260611,2.48,2.6,2.44,2.58,134215
FCX23,20260611,2.6,2.66,2.54,2.6,317137
FERRARI80,20260611,1.16,1.17,1.14,1.16,435286
FPTVN11,20260611,1.85,1.85,1.84,1.84,212703
FPTVN19,20260611,9.3,9.3,9.2,9.3,252974
FUEVFVND01,20260611,44,44.5,44,44,676994
GAC03,20260611,2.02,2.02,2.02,2.02,2624
GANFENG23,20260611,2.36,2.5,2.36,2.48,358983
GASVN11,20260611,4.18,4.2,4.14,4.14,882
GDS23,20260611,1.93,1.95,1.89,1.93,121039
GEELY06,20260611,3.26,3.28,3.24,3.26,8898
GEELY80,20260611,8.15,8.15,8.05,8.15,382983
GEV23,20260611,2.7,2.74,2.56,2.66,759277
GIGA23,20260611,9.1,9.65,8.95,9.6,229352
GOLD03,20260611,3.1,3.12,3.08,3.12,663719
GOLD19,20260611,12.5,12.5,12.3,12.3,1606268
GOLDUS03,20260611,3.16,3.16,3.06,3.08,365428
GOLDUS19,20260611,41.75,42.25,40.75,41,983271
GOOG23,20260611,2.96,3,2.9,2.94,135009
GOOG80,20260611,5.95,6.05,5.8,5.85,7274791
GOOGL01,20260611,34.75,35.5,34.5,35,95019
GOOGL03,20260611,5.9,6.05,5.85,5.95,83162
GRAB80,20260611,10.8,10.8,10.7,10.8,28832
GSUS06,20260611,4.78,4.86,4.66,4.84,22227
HAIERS19,20260611,8.95,9.05,8.95,9,50047
HANSOH19,20260611,4.88,4.9,4.88,4.9,51871
HERMES80,20260611,6.2,6.35,6.2,6.2,282244
HIMS03,20260611,4.62,4.88,4.52,4.62,475885
HK01,20260611,20.6,20.8,20.5,20.7,8749
HK13,20260611,5.45,5.5,5.4,5.5,2625
HKCE01,20260611,23.7,23.8,23.6,23.8,3892
HKEX23,20260611,2.02,2.06,2,2.06,35561
HKTECH13,20260611,3.9,3.94,3.86,3.94,11174
HONDA19,20260611,2.88,2.94,2.88,2.92,23223
HOOD03,20260611,2.92,3,2.88,2.9,12114
HOOD06,20260611,2.68,3,2.68,2.94,1557211
HOOD80,20260611,2.76,3.02,2.76,2.94,1208765
HORIZON23,20260611,1.19,1.22,1.18,1.21,261490
HPG19,20260611,2.98,2.98,2.94,2.96,1043
HSHD23,20260611,6.55,6.65,6.5,6.65,118172
HUAHONG23,20260611,8.15,8.35,7.95,8.3,862344
IBM06,20260611,3.56,3.7,3.56,3.62,2447436
ICBC06,20260611,2.92,2.96,2.92,2.92,16058
ICBC19,20260611,2.94,2.94,2.92,2.92,268
IFLYTEK80,20260611,2,2.02,1.98,2,16837
INDIA01,20260611,12.9,12.9,12.7,12.9,49126
INDIAESG19,20260611,3.98,3.98,3.96,3.96,7676
INTEL03,20260611,6.9,7.3,6.85,7.2,9289098
IONQ03,20260611,3.56,3.98,3.56,3.88,6354365
ISRG01,20260611,3.12,3.12,3.02,3.02,888731
ISRG06,20260611,2.8,2.8,2.74,2.74,7367
ISRG19,20260611,3.52,3.52,3.4,3.4,10155
ITOCHU19,20260611,6.25,6.3,6.25,6.3,9237
JAP03,20260611,3.46,3.48,3.46,3.46,18097
JAPAN10001,20260611,28,28.25,27.75,28,15637
JAPAN13,20260611,5.25,5.45,5.25,5.4,5104
JD80,20260611,4.58,4.6,4.46,4.6,1035735
JDHEAL19,20260611,3.14,3.2,3.14,3.18,197651
JEPI19,20260611,6.1,6.15,6.1,6.15,1827845
JGRO19,20260611,10.4,10.4,10.2,10.2,17933
JNJ03,20260611,3.88,3.96,3.88,3.9,457319
JPMUS06,20260611,3.42,3.44,3.4,3.4,24737
JPMUS19,20260611,20.6,20.6,20.5,20.5,86
JTEK19,20260611,11,11.3,11,11,5420
KEYENCE23,20260611,2.56,2.66,2.52,2.66,171037
KINGSOFT23,20260611,1.66,1.66,1.64,1.66,10412
KIOXIA23,20260611,9.2,9.85,9.2,9.85,708739
KO80,20260611,2.7,2.78,2.68,2.74,417633
KUAISH01,20260611,2.4,2.42,2.4,2.4,28
KUAISH23,20260611,1.37,1.38,1.35,1.37,2265191
KUAISH80,20260611,1.91,1.92,1.89,1.89,1208199
LENOVO13,20260611,4.76,4.88,4.76,4.84,34154
LLY80,20260611,1.87,1.92,1.86,1.87,4000252
LOREAL80,20260611,1.47,1.48,1.44,1.48,64919
LPGOLD13,20260611,1.91,1.92,1.9,1.91,35328
LRCX23,20260611,4.04,4.4,4.02,4.28,734030
LULU06,20260611,1.98,2.04,1.95,1.96,93702
LVMH01,20260611,11.7,12,11.5,11.7,218567
MA80,20260611,1.62,1.63,1.6,1.62,72711
MEITUAN19,20260611,1.1,1.11,1.09,1.09,8210
MEITUAN23,20260611,2.08,2.08,2.08,2.08,2800
MEITUAN80,20260611,3.28,3.34,3.26,3.26,206318
MELI06,20260611,2.12,2.14,2.1,2.12,75811
META01,20260611,5.65,5.7,5.5,5.6,225265
META06,20260611,2.4,2.42,2.34,2.38,1390062
META23,20260611,2.28,2.32,2.26,2.26,22302
META80,20260611,2.4,2.44,2.34,2.38,4918100
MICRON01,20260611,18.4,19.7,18.2,18.9,8588691
MICRON03,20260611,9.85,10.5,9.75,10,2465554
MICRON19,20260611,19.6,20.8,19.5,20.1,1307833
MICRON23,20260611,5.9,6.35,5.85,6.05,2668766
MICRON80,20260611,29.5,31.5,29.25,30.25,2460857
MITSU19,20260611,7.1,7.25,7,7.2,55880
MNSO80,20260611,10.7,10.7,10.7,10.7,1309
MNST06,20260611,4.26,4.34,4.26,4.28,15380
MRVL06,20260611,8.4,8.95,8.2,8.55,5974374
MRVL23,20260611,7.05,7.45,6.85,7.05,1882774
MRVL80,20260611,8.45,8.95,8.2,8.5,14712202
MS06,20260611,4.6,4.62,4.54,4.62,66447
MSFT01,20260611,3.86,3.92,3.84,3.88,600855
MSFT03,20260611,2.62,2.64,2.62,2.64,3032
MSFT06,20260611,3.3,3.34,3.26,3.3,1737086
MSFT19,20260611,4.44,4.44,4.36,4.38,43692
MSFT23,20260611,2.44,2.46,2.42,2.44,35300
MSFT80,20260611,6.5,6.65,6.5,6.6,1396771
MSN11,20260611,3.6,3.6,3.58,3.58,310
MSN19,20260611,3,3,2.98,3,1504
MUFG19,20260611,6.4,6.5,6.4,6.5,99933
MUFG23,20260611,2.6,2.6,2.6,2.6,57032
MWG11,20260611,4.06,4.06,3.98,3.98,5931
MWG19,20260611,9.85,9.95,9.8,9.85,88127
NAURA23,20260611,3.4,3.44,3.38,3.44,154648
NAURA80,20260611,31,31,30.5,31,125721
NBIS03,20260611,6.85,7.6,6.85,7,5199973
NDAQ06,20260611,2.86,2.9,2.82,2.88,15662
NDX01,20260611,24.6,24.8,24.4,24.8,95581
NEM06,20260611,3.14,3.16,3.04,3.1,75681
NEM23,20260611,1.96,1.98,1.9,1.92,170531
NET03,20260611,3.8,3.9,3.62,3.66,27476
NETEASE80,20260611,8.15,8.35,8.15,8.3,323834
NFLX06,20260611,2.68,2.72,2.68,2.7,24233
NFLX80,20260611,2.7,2.74,2.68,2.7,1672946
NIKE80,20260611,0.72,0.74,0.71,0.72,438219
NIKKEI80,20260611,13.8,13.9,13.7,13.9,15496
NINTENDO19,20260611,14.8,14.8,14.7,14.8,52649
NINTENDO23,20260611,1.31,1.31,1.3,1.31,110977
NONGFU80,20260611,1.78,1.79,1.78,1.78,150688
NOVOB80,20260611,1.37,1.44,1.37,1.4,2797985
NOW19,20260611,3.42,3.62,3.4,3.46,2490226
NVDA01,20260611,19.6,20,19.4,19.7,271074
NVDA03,20260611,4.46,4.54,4.4,4.48,117340
NVDA06,20260611,4.48,4.54,4.4,4.46,337278
NVDA19,20260611,27.25,27.25,26.5,26.75,54091
NVDA23,20260611,3.2,3.24,3.16,3.2,472587
NVDA80,20260611,33.5,34,33,33.25,1071419
NVTS03,20260611,7,7.5,6.75,7.1,4338327
OIL03,20260611,3.68,3.74,3.66,3.68,1147528
ONON03,20260611,2.5,2.54,2.46,2.48,22809
ORCL01,20260611,4.08,4.36,3.68,3.88,2487238
ORCL06,20260611,2.62,2.8,2.36,2.48,7361314
ORCL19,20260611,6.55,7,5.9,6.15,2608212
PANW80,20260611,8.4,8.75,8.4,8.65,137060
PEP80,20260611,0.95,0.96,0.94,0.94,913304
PETROCN80,20260611,4.22,4.24,4.22,4.24,95001
PFIZER19,20260611,17,17,16.8,16.9,15761
PINGAN01,20260611,5.4,5.45,5.35,5.45,53525
PINGAN80,20260611,2.38,2.4,2.36,2.4,601688
PLTR01,20260611,3.86,3.98,3.86,3.9,151251
PLTR03,20260611,2.84,2.9,2.84,2.88,464999
PLTR06,20260611,2.82,2.94,2.82,2.88,940535
PLTR23,20260611,2.24,2.3,2.24,2.3,468220
POPMART23,20260611,1.75,1.8,1.75,1.8,7493
POPMART80,20260611,7.3,7.55,7.3,7.5,2152920
PYPL06,20260611,2.74,2.74,2.7,2.7,28891
QCOM06,20260611,3.24,3.36,3.14,3.18,3135091
QQQM19,20260611,19,19.3,18.8,19.1,6423398
RBLX06,20260611,1.17,1.18,1.14,1.16,104983
REMX03,20260611,2.86,2.9,2.82,2.88,175165
RGTI03,20260611,3.14,3.42,3.14,3.34,1638827
RKLB03,20260611,6.9,7.35,6.8,7.3,3279457
SANOFI80,20260611,2.9,2.94,2.86,2.86,1610940
SANRIO23,20260611,1.32,1.33,1.32,1.33,1216
SANRIO80,20260611,9.05,9.05,9.05,9.05,1
SBUX80,20260611,1.59,1.64,1.59,1.64,418297
SEAGATE23,20260611,5.55,5.85,5.55,5.75,160751
SEMB19,20260611,5.2,5.25,5.15,5.25,202
SENSE23,20260611,1.49,1.53,1.47,1.53,39826
SGX19,20260611,5.6,5.75,5.6,5.75,122381
SHOP03,20260611,2.38,2.38,2.38,2.38,9
SHOP06,20260611,1.8,1.82,1.76,1.81,68616
SIA19,20260611,17.6,17.7,17.5,17.6,336
SIL03,20260611,2.46,2.54,2.42,2.46,812989
SINGTEL80,20260611,10.8,11,10.8,10.9,26435
SINOBIO19,20260611,3.76,3.76,3.72,3.76,12512
SMCI03,20260611,2.38,2.38,1.92,2.08,2389036
SMFG19,20260611,12.7,12.9,12.6,12.9,6521
SMIC01,20260611,4.28,4.4,4.24,4.4,806821
SMIC03,20260611,3.08,3.1,3.08,3.1,5000
SMIC13,20260611,2.14,2.16,2.14,2.16,3200
SMIC23,20260611,3.52,3.62,3.46,3.62,5359995
SNDK03,20260611,13.2,14.5,13,14.1,2552696
SNDK23,20260611,6.5,7.25,6.5,7.05,4528250
SNOW06,20260611,3.84,4.08,3.84,3.98,672650
SNOW23,20260611,3.52,3.7,3.5,3.64,877786
SOFTBANK23,20260611,2.44,2.56,2.4,2.56,647978
SONY80,20260611,3.4,3.5,3.36,3.5,82078
SP50001,20260611,24.3,24.4,24.2,24.4,49771
SP500US19,20260611,14.2,14.3,14.1,14.2,13465
SP500US80,20260611,2.84,2.86,2.8,2.84,481892
SPBOND80,20260611,8.35,8.4,8.3,8.35,7706
SPCOM80,20260611,3.7,3.72,3.68,3.72,402
SPENGY80,20260611,3.8,3.88,3.8,3.86,125048
SPFIN80,20260611,17.4,17.4,17.3,17.4,112
SPHLTH80,20260611,5.1,5.1,5,5.05,19827
SPOT06,20260611,2.02,2.1,2.02,2.08,218413
SPTECH80,20260611,11.8,12,11.5,11.9,22899
STAR5001,20260611,48.5,49.25,48.5,49,40872
STEG19,20260611,26.75,27,26.25,27,27746
SUNNY19,20260611,2.94,3,2.9,2.92,762209
SUNNY80,20260611,2.94,3.92,2.94,3,133521
SUSHI23,20260611,3.04,3.06,2.98,3,27721
SYNP03,20260611,3,3.08,2.98,3.04,1115609
TAIWAN19,20260611,41.25,42,41,42,72443
TAIWANAI13,20260611,19,19.2,18.9,19.2,10495
TAIWANHD13,20260611,32.25,32.25,31.5,32.25,830
TEL23,20260611,4.7,4.9,4.7,4.9,260293
TEL80,20260611,12.5,13.1,12.5,13,59701
TENCENT01,20260611,4.42,4.42,4.36,4.38,134518
TENCENT06,20260611,1.94,1.95,1.91,1.94,24328
TENCENT13,20260611,3.96,3.96,3.94,3.96,1001
TENCENT19,20260611,9.6,9.65,9.55,9.6,2300
TENCENT23,20260611,2.16,2.2,2.12,2.2,572494
TENCENT80,20260611,19.3,19.5,19.1,19.4,656027
THAIBEV19,20260611,10.8,11,10.8,10.9,9751
TME23,20260611,0.94,0.99,0.92,0.97,174020
TOYOTA80,20260611,5.7,5.75,5.6,5.7,82759
TRIPCOM23,20260611,1.56,1.56,1.53,1.55,210610
TRIPCOM80,20260611,1.55,1.56,1.54,1.56,2614018
TRVUS06,20260611,3.92,3.98,3.92,3.98,1012
TSLA01,20260611,37.5,38.25,36.75,37.75,37109
TSLA03,20260611,4.3,4.3,4.16,4.28,12604
TSLA23,20260611,2.5,2.5,2.42,2.48,132011
TSLA80,20260611,2.56,2.6,2.5,2.54,8364269
UBER06,20260611,2.3,2.32,2.26,2.28,721869
UBTECH23,20260611,1.74,1.77,1.7,1.75,4569347
UNH19,20260611,6.75,6.8,6.65,6.7,77212
UNIQLO80,20260611,16.1,16.2,15.9,16,8774
UOB19,20260611,9.75,9.8,9.65,9.8,4307
USTR24,20260611,1.17,1.17,1.16,1.17,33181
VCB11,20260611,3.1,3.12,3.1,3.1,67
VCB19,20260611,7.7,7.8,7.7,7.8,8716
VENTURE19,20260611,4.46,4.48,4.42,4.48,9384
VHM19,20260611,18.1,18.4,18.1,18.2,33293
VISA06,20260611,1.33,1.34,1.32,1.33,72362
VISA80,20260611,1.33,1.34,1.32,1.34,991824
VNFIN24,20260611,1.83,1.85,1.83,1.85,2331
VNM19,20260611,7.4,7.55,7.4,7.45,36973
VRT23,20260611,2.7,2.84,2.68,2.82,1178540
VT03,20260611,3.4,3.4,3.34,3.4,90399
WMT06,20260611,3.92,3.98,3.88,3.98,146895
WORLD03,20260611,4.18,4.18,4.12,4.16,8001
WORLDA01,20260611,4.94,4.98,4.94,4.98,108340
WUXI06,20260611,3.08,3.14,3.06,3.14,31064
WUXI13,20260611,1.83,1.83,1.83,1.83,1200
WUXIAT80,20260611,5.1,5.25,5.1,5.25,40317
XIAOMI01,20260611,2.46,2.48,2.44,2.46,284263
XIAOMI13,20260611,2.34,2.34,2.32,2.32,17244
XIAOMI19,20260611,5.4,5.45,5.4,5.4,11617
XIAOMI23,20260611,1.3,1.32,1.3,1.32,419155
XIAOMI80,20260611,10.9,10.9,10.7,10.9,1420853
XPENG03,20260611,2.36,2.38,2.32,2.38,555764
ZAI23,20260611,11.1,11.6,10.7,11.3,484903
ZIJIN13,20260611,2.16,2.18,2.14,2.18,10549
ZIJIN23,20260611,1.87,1.91,1.86,1.9,120498
ZIJIN80,20260611,12.1,12.3,12,12.3,69344
ZJINNO80,20260611,5.55,5.55,5.3,5.45,1117104
AAV01C2607A,20260611,0.02,0.02,0.02,0.02,100
AAV01P2607A,20260611,0.12,0.12,0.12,0.12,200000
AAV13C2608A,20260611,0.01,0.02,0.01,0.01,1405600
ADVANC01C2607A,20260611,0.05,0.06,0.04,0.06,153400
ADVANC01C2608A,20260611,0.03,0.03,0.02,0.03,174100
ADVANC01C2609A,20260611,0.19,0.23,0.19,0.21,4808700
ADVANC01C2610A,20260611,0.38,0.43,0.38,0.42,9875000
ADVANC01C2701T,20260611,0.51,0.55,0.51,0.53,3736100
ADVANC01P2607A,20260611,0.02,0.02,0.02,0.02,482900
ADVANC01P2609A,20260611,0.59,0.59,0.54,0.55,5230600
ADVANC13C2607A,20260611,0.02,0.03,0.02,0.03,382200
ADVANC13C2608A,20260611,0.03,0.03,0.03,0.03,52600
ADVANC13C2608C,20260611,0.07,0.07,0.05,0.05,20500
ADVANC13C2609A,20260611,0.21,0.24,0.21,0.23,4611600
ADVANC13C2701T,20260611,0.32,0.34,0.32,0.34,1202400
ADVANC13P2607A,20260611,0.01,0.01,0.01,0.01,5000
ADVANC13P2609A,20260611,0.31,0.31,0.27,0.27,4172500
ADVANC19C2607A,20260611,0.01,0.01,0.01,0.01,55000
ADVANC19C2609A,20260611,0.17,0.2,0.17,0.19,3195300
ADVANC41C2701T,20260611,0.26,0.26,0.26,0.26,1400000
AEONTS13C2608A,20260611,0.09,0.09,0.09,0.09,804800
AIA41C2609A,20260611,0.12,0.15,0.12,0.15,1600
AMATA01C2608A,20260611,1.42,1.47,1.42,1.47,401000
AMATA13C2608A,20260611,1.26,1.26,1.22,1.26,513000
AMATA41C2608T,20260611,0.22,0.22,0.21,0.22,15237200
AOT01C2607A,20260611,0.09,0.09,0.08,0.08,1043600
AOT01C2609A,20260611,0.34,0.35,0.32,0.32,4957800
AOT01P2609A,20260611,0.33,0.35,0.33,0.35,2078200
AOT13C2608A,20260611,0.17,0.17,0.15,0.15,9299200
AOT13P2607A,20260611,0.01,0.01,0.01,0.01,28400
AOT13P2609A,20260611,0.19,0.21,0.19,0.21,1558200
AOT19C2608A,20260611,0.34,0.35,0.31,0.31,4555700
AOT41C2609T,20260611,0.46,0.47,0.44,0.44,11535000
AWC01C2607A,20260611,0.08,0.08,0.08,0.08,2374000
AWC01C2703T,20260611,0.27,0.27,0.27,0.27,148100
AWC13C2608A,20260611,0.07,0.07,0.07,0.07,400000
AWC13C2608B,20260611,0.29,0.29,0.27,0.27,139300
AWC13C2701T,20260611,0.24,0.24,0.24,0.24,10000
AWC41C2609T,20260611,0.17,0.17,0.17,0.17,3850000
BA13C2607A,20260611,0.03,0.03,0.03,0.03,50000
BA13C2608A,20260611,0.27,0.3,0.27,0.3,8553300
BA19C2609A,20260611,0.39,0.42,0.37,0.4,2159200
BA41C2608A,20260611,0.27,0.29,0.25,0.28,6777400
BA41C2611T,20260611,0.23,0.25,0.23,0.24,5600000
BABA28C2609A,20260611,0.08,0.08,0.06,0.07,66000
BABA41C2610A,20260611,0.21,0.22,0.2,0.21,3400
BABA41C2701T,20260611,0.35,0.35,0.33,0.34,177800
BABA41P2609A,20260611,0.44,0.46,0.43,0.45,7200
BAM19C2612T,20260611,0.17,0.2,0.17,0.2,5056500
BAM41C2612T,20260611,0.23,0.23,0.22,0.23,4950000
BANPU01C2703T,20260611,0.14,0.14,0.14,0.14,50000
BANPU13C2609A,20260611,0.09,0.09,0.09,0.09,102300
BANPU13P2609A,20260611,0.21,0.21,0.21,0.21,1105200
BANPU19C2612T,20260611,0.27,0.27,0.27,0.27,67200
BANPU41C2608A,20260611,0.02,0.02,0.02,0.02,13000
BANPU41C2612T,20260611,0.2,0.2,0.2,0.2,15000
BBL13C2607A,20260611,0.01,0.01,0.01,0.01,6000
BBL13C2607B,20260611,0.02,0.03,0.02,0.03,140000
BBL13C2608A,20260611,0.2,0.21,0.19,0.19,5099000
BBL19C2612T,20260611,0.43,0.44,0.42,0.42,1733200
BBL41C2608A,20260611,0.19,0.2,0.18,0.18,3500000
BBL41C2609T,20260611,0.43,0.43,0.42,0.42,5650000
BCH01C2609A,20260611,0.07,0.07,0.07,0.07,100
BCH13C2607A,20260611,0.03,0.03,0.03,0.03,74000
BCH13C2607B,20260611,0.01,0.01,0.01,0.01,5000
BCH13C2609A,20260611,0.07,0.07,0.07,0.07,203000
BCH41C2703T,20260611,0.15,0.15,0.15,0.15,200
BCP13C2608A,20260611,0.12,0.12,0.11,0.11,851000
BCP13C2608B,20260611,0.03,0.03,0.03,0.03,2300100
BCP41C2608A,20260611,0.11,0.11,0.11,0.11,480000
BCPG13C2607A,20260611,0.02,0.02,0.02,0.02,1000000
BDMS01C2609A,20260611,0.11,0.11,0.11,0.11,140000
BDMS13C2607A,20260611,0.01,0.01,0.01,0.01,136700
BDMS13C2608A,20260611,0.01,0.02,0.01,0.01,6273200
BDMS13C2608B,20260611,0.06,0.07,0.06,0.06,878300
BDMS13C2701T,20260611,0.16,0.16,0.15,0.15,22900
BDMS19C2608A,20260611,0.08,0.08,0.07,0.07,60400
BDMS41C2609T,20260611,0.01,0.03,0.01,0.01,600
BDMS41C2612T,20260611,0.12,0.12,0.11,0.11,37500
BEM41C2612T,20260611,0.11,0.11,0.11,0.11,100
BGRIM01C2608A,20260611,0.08,0.08,0.08,0.08,130000
BGRIM01C2609A,20260611,0.25,0.26,0.25,0.26,9341000
BGRIM13C2607A,20260611,0.01,0.02,0.01,0.02,250200
BGRIM13C2608A,20260611,0.18,0.19,0.18,0.19,6899300
BGRIM13P2608A,20260611,0.1,0.1,0.09,0.09,102800
BGRIM13P2609A,20260611,0.08,0.08,0.08,0.08,2000
BGRIM19C2607A,20260611,0.05,0.05,0.05,0.05,1020900
BGRIM19C2609A,20260611,0.28,0.3,0.28,0.3,7741900
BGRIM41C2608B,20260611,0.31,0.35,0.31,0.33,825200
BGRIM41C2608T,20260611,0.14,0.14,0.14,0.14,7700000
BGRIM41C2701T,20260611,0.41,0.43,0.41,0.42,9416000
BH01C2609A,20260611,0.51,0.52,0.49,0.49,3936600
BH01C2609B,20260611,0.53,0.54,0.51,0.51,3197900
BH01P2608A,20260611,0.19,0.2,0.19,0.2,2734600
BH13C2608A,20260611,0.04,0.04,0.03,0.03,263000
BH13C2608B,20260611,0.16,0.17,0.15,0.15,2259000
BH13P2607A,20260611,0.01,0.01,0.01,0.01,121100
BH13P2608A,20260611,0.15,0.15,0.15,0.15,107800
BH19C2608A,20260611,0.16,0.16,0.15,0.15,873400
BH41C2607A,20260611,0.31,0.32,0.29,0.29,1800000
BH41C2608B,20260611,0.16,0.16,0.15,0.15,2880000
BH41C2611T,20260611,0.52,0.53,0.51,0.51,3203000
BIDU28C2610A,20260611,0.17,0.18,0.17,0.18,1301000
BIDU41C2609A,20260611,0.06,0.06,0.04,0.06,123300
BIDU41C2609T,20260611,0.83,0.83,0.83,0.83,1000
BIDU41C2610A,20260611,0.46,0.49,0.46,0.49,11400
BJC01C2608A,20260611,0.04,0.04,0.04,0.04,95000
BJC19C2612T,20260611,0.24,0.24,0.24,0.24,80400
BLA01C2607A,20260611,0.28,0.33,0.28,0.31,314300
BLA01C2609A,20260611,0.73,0.81,0.73,0.77,1166100
BTG01C2607A,20260611,0.15,0.18,0.15,0.15,2297800
BTG01C2609A,20260611,0.14,0.17,0.13,0.14,2797500
BTG01C2704T,20260611,0.11,0.11,0.1,0.1,100600
BTG01P2609A,20260611,0.51,0.51,0.49,0.51,1496500
BTG13C2607A,20260611,0.11,0.13,0.1,0.1,5521500
BTG13C2608A,20260611,0.11,0.12,0.11,0.12,1080400
BTG13C2609A,20260611,0.1,0.11,0.09,0.11,515400
BTG13P2609A,20260611,0.46,0.46,0.44,0.46,1323000
BTG19C2608A,20260611,0.08,0.08,0.08,0.08,1400
BTG41C2609A,20260611,0.09,0.1,0.09,0.1,540000
BTG41C2703T,20260611,0.22,0.22,0.21,0.21,1923000
BTS13C2607A,20260611,0.01,0.01,0.01,0.01,200000
BTS13C2609A,20260611,0.09,0.09,0.09,0.09,1344800
BTS13C2701T,20260611,0.09,0.09,0.09,0.09,10000
BTS13P2608A,20260611,0.09,0.09,0.09,0.09,504000
BTS19C2609A,20260611,0.12,0.12,0.12,0.12,100000
BYDCOM41C2609A,20260611,0.14,0.14,0.14,0.14,600
CBG01C2609A,20260611,0.19,0.2,0.18,0.18,2886600
CBG01C2610T,20260611,0.1,0.1,0.1,0.1,130000
CBG01P2609A,20260611,0.14,0.14,0.14,0.14,2119500
CBG13C2607A,20260611,0.01,0.01,0.01,0.01,200000
CBG13C2608A,20260611,0.09,0.09,0.08,0.08,526300
CBG13C2608B,20260611,0.13,0.14,0.12,0.12,6265500
CBG19C2608A,20260611,0.23,0.24,0.23,0.23,2291300
CBG41C2608T,20260611,0.01,0.02,0.01,0.02,256000
CBG41C2703T,20260611,0.29,0.29,0.28,0.28,3511000
CCET13C2607A,20260611,0.99,1.15,0.98,1.11,196600
CCET13C2608A,20260611,1.73,1.96,1.73,1.96,259000
CCET13C2609A,20260611,1.13,1.28,1.13,1.25,109800
CCET13C2609B,20260611,0.79,0.93,0.79,0.9,1264900
CCET41C2609T,20260611,0.37,0.41,0.37,0.4,2710200
CENTEL01C2609A,20260611,0.17,0.17,0.16,0.16,2885400
CENTEL13C2608A,20260611,0.05,0.05,0.05,0.05,29000
CENTEL13C2608B,20260611,0.17,0.17,0.15,0.15,8781000
CENTEL19C2607A,20260611,0.01,0.01,0.01,0.01,300
CENTEL41C2701T,20260611,0.26,0.26,0.25,0.25,4220000
CHG41C2612T,20260611,0.15,0.15,0.15,0.15,600000
CK01C2608A,20260611,0.32,0.35,0.31,0.33,2745700
CK13C2608A,20260611,0.12,0.13,0.12,0.13,2717600
CK19C2609A,20260611,0.25,0.27,0.25,0.26,7032800
COM701C2607A,20260611,0.59,0.59,0.59,0.59,206200
COM701C2705T,20260611,0.48,0.48,0.48,0.48,524800
COM713C2608A,20260611,0.11,0.12,0.11,0.11,1312000
COM741C2608A,20260611,0.1,0.1,0.1,0.1,600000
CPALL01C2608A,20260611,0.02,0.02,0.02,0.02,5100
CPALL01C2610A,20260611,0.21,0.21,0.19,0.19,2406400
CPALL01C2703T,20260611,0.24,0.24,0.24,0.24,518900
CPALL01P2608A,20260611,0.23,0.26,0.23,0.26,2293300
CPALL13C2607A,20260611,0.03,0.03,0.02,0.02,100100
CPALL13C2608A,20260611,0.03,0.04,0.03,0.03,80200
CPALL13C2609A,20260611,0.22,0.22,0.19,0.19,3468500
CPALL13C2701T,20260611,0.23,0.24,0.22,0.22,36900
CPALL19C2607A,20260611,0.09,0.09,0.06,0.06,331000
CPALL19C2612A,20260611,0.1,0.11,0.1,0.1,490400
CPALL41C2609A,20260611,0.19,0.19,0.18,0.18,1221000
CPF13C2609A,20260611,0.11,0.11,0.11,0.11,90100
CPF13P2608A,20260611,0.18,0.19,0.18,0.19,400900
CPN01C2608A,20260611,0.17,0.17,0.15,0.15,2386000
CPN13C2608A,20260611,0.2,0.21,0.18,0.18,6038900
CPN19C2609T,20260611,0.32,0.32,0.29,0.29,1434500
CPN41C2608A,20260611,0.2,0.2,0.19,0.19,2100000
CPN41C2608T,20260611,0.41,0.42,0.39,0.39,3700000
CRC01C2609A,20260611,0.2,0.2,0.19,0.19,3127000
CRC01C2609B,20260611,0.5,0.5,0.48,0.48,2094400
CRC01C2610T,20260611,0.32,0.32,0.31,0.31,2937400
CRC19C2612A,20260611,0.44,0.44,0.43,0.43,1407700
CRC41C2609T,20260611,0.22,0.22,0.21,0.21,4000000
DELTA01C2607A,20260611,1.62,1.82,1.56,1.78,7738000
DELTA01C2608A,20260611,0.95,1.07,0.91,1.03,16323200
DELTA01P2608A,20260611,0.08,0.09,0.07,0.08,867900
DELTA13C2607A,20260611,0.94,1.01,0.92,1,16600
DELTA13C2607B,20260611,0.72,0.85,0.72,0.84,365500
DELTA13C2608A,20260611,0.46,0.53,0.44,0.5,12178500
DELTA13C2609A,20260611,0.3,0.34,0.3,0.33,12375300
DELTA13P2608A,20260611,0.15,0.15,0.13,0.13,12917000
DELTA19C2607A,20260611,1.57,1.57,1.56,1.56,600
DELTA19C2608A,20260611,0.98,1.09,0.97,1.09,261600
DELTA19P2607A,20260611,0.01,0.02,0.01,0.02,21100
DELTA19P2608A,20260611,0.12,0.12,0.11,0.11,2990800
DELTA19P2609A,20260611,0.26,0.27,0.25,0.25,1726500
DELTA41C2607A,20260611,0.89,1,0.89,0.99,830000
DELTA41C2607B,20260611,0.78,0.84,0.77,0.84,1010000
DELTA41C2608A,20260611,0.46,0.52,0.46,0.52,22325300
DELTA41C2608T,20260611,2.6,2.6,2.6,2.6,100000
DELTA41C2609A,20260611,0.31,0.31,0.31,0.31,20000
DELTA41C2612T,20260611,1.83,1.89,1.82,1.89,2900000
DELTA41C2703T,20260611,1.23,1.27,1.22,1.26,4112300
DJI41C2606B,20260611,0.82,0.82,0.82,0.82,100
DOHOME01C2608A,20260611,0.07,0.07,0.07,0.07,24500
DOHOME13C2607A,20260611,0.02,0.03,0.02,0.03,64900
DOHOME19C2701T,20260611,0.37,0.4,0.37,0.39,899800
EA13C2607A,20260611,0.02,0.02,0.01,0.02,552500
EA13C2607B,20260611,0.01,0.02,0.01,0.01,434600
EA13C2608A,20260611,0.19,0.23,0.19,0.2,22200000
EA19C2609A,20260611,0.32,0.36,0.32,0.34,2934200
EA41C2609T,20260611,0.24,0.25,0.24,0.25,1800000
ERW01C2608A,20260611,0.08,0.09,0.07,0.07,611300
ERW01C2611T,20260611,0.29,0.29,0.27,0.27,2638100
ERW13C2608A,20260611,0.08,0.08,0.06,0.06,79200
ERW13C2608B,20260611,0.23,0.24,0.2,0.21,1977700
ERW19C2609A,20260611,0.23,0.24,0.21,0.21,5566700
ERW41C2611T,20260611,0.43,0.44,0.4,0.4,9005000
GLOBAL13C2608A,20260611,0.04,0.04,0.03,0.03,27000
GLOBAL13C2608B,20260611,0.13,0.14,0.13,0.14,548400
GLOBAL41C2608A,20260611,0.03,0.03,0.03,0.03,200000
GLOBAL41C2612T,20260611,0.29,0.3,0.29,0.29,1800000
GPSC01C2608A,20260611,0.04,0.04,0.04,0.04,100
GPSC01C2609A,20260611,0.2,0.21,0.2,0.2,880000
GPSC01C2609T,20260611,0.12,0.12,0.12,0.12,600000
GPSC01P2608A,20260611,0.18,0.18,0.17,0.17,3695400
GPSC13C2608B,20260611,0.23,0.25,0.23,0.23,1923700
GPSC13C2701T,20260611,0.2,0.2,0.2,0.2,1350000
GPSC13P2608A,20260611,0.18,0.18,0.17,0.18,1029000
GPSC13P2609A,20260611,0.09,0.09,0.09,0.09,714800
GPSC19C2608A,20260611,0.07,0.07,0.06,0.06,100000
GPSC19C2608B,20260611,0.27,0.29,0.27,0.27,998000
GPSC41C2608B,20260611,0.22,0.24,0.22,0.22,4760000
GPSC41C2703T,20260611,0.29,0.3,0.29,0.29,2900000
GULF01C2608A,20260611,0.71,0.81,0.65,0.66,2002200
GULF01C2608B,20260611,0.35,0.41,0.32,0.33,2887700
GULF01C2609A,20260611,0.33,0.37,0.3,0.31,23513000
GULF01C2702T,20260611,0.61,0.64,0.59,0.6,4448800
GULF01P2609A,20260611,0.15,0.16,0.14,0.16,6804400
GULF13C2607A,20260611,0.54,0.54,0.54,0.54,200
GULF13C2608A,20260611,0.39,0.45,0.36,0.37,17128300
GULF13C2609A,20260611,0.27,0.31,0.24,0.25,37994300
GULF13P2608A,20260611,0.04,0.05,0.04,0.05,346000
GULF19C2607B,20260611,0.15,0.19,0.13,0.13,7387400
GULF41C2608A,20260611,0.37,0.43,0.35,0.35,1045100
GULF41C2609A,20260611,0.25,0.28,0.23,0.23,6341100
GULF41C2609T,20260611,0.42,0.45,0.41,0.41,3605100
GUNKUL01C2608A,20260611,1.01,1.32,0.97,1.22,1618700
GUNKUL01C2704T,20260611,0.55,0.62,0.55,0.61,6927500
GUNKUL13C2608B,20260611,0.84,0.86,0.84,0.86,300000
GUNKUL41C2702T,20260611,0.61,0.7,0.61,0.7,7100000
HANA01C2608A,20260611,2.14,2.5,2.14,2.5,404100
HANA01C2609A,20260611,0.37,0.44,0.37,0.43,4798700
HANA13C2608A,20260611,1.49,1.73,1.49,1.73,102000
HANA13C2608C,20260611,0.4,0.42,0.4,0.42,52000
HANA13C2701T,20260611,1.04,1.11,1.04,1.11,102800
HANA13P2608A,20260611,0.07,0.07,0.06,0.06,153000
HANA19C2609A,20260611,0.39,0.44,0.39,0.44,233600
HANA41C2702T,20260611,0.38,0.42,0.38,0.4,6881500
HMPRO19C2609A,20260611,0.14,0.14,0.14,0.14,45200
HSI18C2606A,20260611,0.08,0.08,0.08,0.08,105000
HSI18P2606A,20260611,0.24,0.24,0.22,0.22,1000
HSI28C2606B,20260611,0.01,0.03,0.01,0.03,187600
HSI28C2606C,20260611,0.02,0.02,0.02,0.02,11000
HSI28C2607A,20260611,0.05,0.06,0.05,0.05,8759600
HSI28P2606A,20260611,0.16,0.17,0.14,0.14,441100
HSI28P2606B,20260611,0.54,0.57,0.46,0.47,93642200
HSI28P2607A,20260611,0.37,0.38,0.33,0.34,9252900
HSTECH28C2606A,20260611,0.01,0.01,0.01,0.01,100
HSTECH28P2606A,20260611,0.47,0.47,0.44,0.46,180000
ICHI13C2609A,20260611,0.1,0.1,0.1,0.1,10000
IRPC01C2607A,20260611,0.7,0.71,0.62,0.69,1453300
IRPC01C2609A,20260611,0.4,0.47,0.4,0.47,92200
IRPC01C2609B,20260611,0.26,0.27,0.24,0.25,6810700
IRPC01C2703T,20260611,0.15,0.15,0.14,0.15,2960800
IRPC13C2608A,20260611,0.52,0.52,0.52,0.52,13000
IRPC13C2608B,20260611,0.22,0.24,0.2,0.23,16513400
IRPC13C2609A,20260611,0.23,0.25,0.22,0.24,4080800
IRPC13C2609B,20260611,0.11,0.12,0.11,0.11,19192300
IRPC19C2609T,20260611,0.52,0.52,0.49,0.52,1788500
IRPC41C2609A,20260611,0.22,0.23,0.2,0.23,3000000
IRPC41C2609B,20260611,0.11,0.11,0.1,0.11,1380000
IRPC41C2703T,20260611,0.67,0.7,0.66,0.69,2200000
ITC13C2608A,20260611,0.08,0.08,0.07,0.07,130000
ITC19C2609T,20260611,0.17,0.17,0.16,0.16,226700
ITC41C2612T,20260611,0.17,0.17,0.17,0.17,10200
IVL01C2607A,20260611,0.11,0.11,0.1,0.1,499900
IVL01C2608A,20260611,0.02,0.02,0.02,0.02,1155000
IVL01C2609A,20260611,0.56,0.66,0.56,0.66,12400
IVL01C2609B,20260611,0.09,0.09,0.09,0.09,300
IVL01P2607A,20260611,0.01,0.01,0.01,0.01,10000
IVL01P2608A,20260611,0.13,0.13,0.1,0.1,2646300
IVL01P2609A,20260611,0.25,0.25,0.2,0.2,5502100
IVL13C2607A,20260611,0.02,0.04,0.02,0.04,771400
IVL13C2608A,20260611,0.27,0.35,0.26,0.32,7613100
IVL13C2609A,20260611,0.29,0.34,0.28,0.32,19361200
IVL13C2609B,20260611,0.1,0.12,0.1,0.11,6283500
IVL13P2608A,20260611,0.17,0.17,0.14,0.15,1801700
IVL19C2607A,20260611,0.07,0.11,0.07,0.1,7756100
IVL19C2609A,20260611,0.1,0.12,0.1,0.11,12755200
IVL19P2608A,20260611,0.19,0.19,0.16,0.16,3057200
IVL41C2608A,20260611,0.33,0.35,0.32,0.33,2550000
IVL41C2609A,20260611,0.27,0.33,0.27,0.32,1500000
IVL41C2609B,20260611,0.1,0.1,0.1,0.1,1800000
IVL41C2702T,20260611,0.36,0.4,0.36,0.4,12200100
IVL41P2607A,20260611,0.01,0.01,0.01,0.01,200
JAS13C2608A,20260611,0.05,0.06,0.04,0.05,3152600
JAS13C2609A,20260611,0.24,0.3,0.21,0.23,79874900
JAS19C2701T,20260611,0.38,0.43,0.36,0.37,15245300
JAS41C2611T,20260611,0.11,0.14,0.11,0.11,22957900
JMART01C2608A,20260611,0.19,0.23,0.19,0.22,5189600
JMART01C2705T,20260611,0.4,0.42,0.4,0.42,4411900
JMART13C2608A,20260611,0.19,0.22,0.19,0.22,2666700
JMART13C2609A,20260611,0.6,0.6,0.6,0.6,20000
JMART13C2701T,20260611,0.29,0.29,0.29,0.29,2000
JMART19C2609A,20260611,0.48,0.55,0.48,0.55,1073600
JMART19C2612A,20260611,0.41,0.45,0.41,0.44,3712400
JMART41C2609T,20260611,0.15,0.16,0.15,0.16,1500000
JMART41C2703T,20260611,0.42,0.44,0.42,0.44,3800000
JMT01C2608A,20260611,0.07,0.08,0.07,0.08,266200
JMT01C2701T,20260611,0.37,0.38,0.37,0.38,8030400
JMT13C2607A,20260611,0.24,0.24,0.24,0.24,100
JMT13C2608A,20260611,0.1,0.12,0.1,0.12,4624200
JMT13C2701T,20260611,0.31,0.32,0.31,0.32,200
JMT19C2608A,20260611,0.1,0.1,0.1,0.1,1724500
JMT41C2608A,20260611,0.1,0.1,0.1,0.1,5040000
JMT41C2611T,20260611,0.12,0.12,0.12,0.12,4090000
JMT41C2703T,20260611,0.56,0.56,0.56,0.56,20000
KBANK01C2607A,20260611,0.12,0.12,0.11,0.11,3725500
KBANK01C2608A,20260611,0.07,0.07,0.07,0.07,500
KBANK01C2610A,20260611,0.48,0.49,0.47,0.47,2324800
KBANK01P2610A,20260611,0.43,0.44,0.43,0.44,1891300
KBANK13C2607A,20260611,0.02,0.02,0.02,0.02,85000
KBANK13C2607B,20260611,0.07,0.08,0.07,0.07,200500
KBANK13C2609A,20260611,0.56,0.57,0.55,0.55,4100900
KBANK13P2609A,20260611,0.19,0.19,0.19,0.19,155900
KBANK19C2609A,20260611,0.39,0.4,0.38,0.38,3018700
KBANK41C2609A,20260611,0.55,0.55,0.53,0.53,714900
KBANK41C2609T,20260611,0.72,0.72,0.72,0.72,300000
KBANK41C2703T,20260611,0.42,0.42,0.41,0.41,7216000
KCE13C2607A,20260611,3,3,3,3,100
KCE13C2609A,20260611,0.57,0.63,0.57,0.63,3000
KCE13P2608A,20260611,0.01,0.01,0.01,0.01,443500
KCE41C2609T,20260611,1.65,1.65,1.65,1.65,800
KCE41C2702T,20260611,0.39,0.41,0.39,0.41,8548000
KCE41P2608A,20260611,0.01,0.02,0.01,0.02,302500
KKP01C2607A,20260611,0.81,0.88,0.81,0.85,1229800
KKP01C2610A,20260611,0.7,0.74,0.7,0.72,1732100
KKP01P2609A,20260611,0.11,0.11,0.1,0.1,698200
KKP13C2609A,20260611,0.52,0.55,0.52,0.53,11034800
KKP13P2609A,20260611,0.12,0.12,0.12,0.12,826000
KTB01C2608A,20260611,0.21,0.21,0.2,0.2,547400
KTB01C2701T,20260611,0.35,0.35,0.35,0.35,311800
KTB13C2608A,20260611,0.13,0.13,0.12,0.13,1543400
KTB13P2609A,20260611,0.08,0.08,0.08,0.08,1700
KTB41C2608A,20260611,0.11,0.11,0.11,0.11,240000
KTB41C2612T,20260611,0.51,0.51,0.5,0.51,1300000
KTC01C2607A,20260611,0.11,0.11,0.1,0.1,1409900
KTC01C2609T,20260611,0.14,0.14,0.14,0.14,1400000
KTC01P2608A,20260611,0.15,0.15,0.15,0.15,280800
KTC13C2607A,20260611,0.09,0.09,0.09,0.09,753600
KTC13P2608A,20260611,0.11,0.11,0.11,0.11,104200
KTC19C2609T,20260611,0.16,0.16,0.16,0.16,200000
KTC41C2612T,20260611,0.25,0.25,0.25,0.25,400000
KUAISH28C2610A,20260611,0.28,0.29,0.27,0.29,2734000
KUAISH41C2606A,20260611,0.01,0.01,0.01,0.01,1623400
KUAISH41C2609A,20260611,0.05,0.05,0.05,0.05,200000
KUAISH41C2609T,20260611,0.17,0.17,0.17,0.17,400
M01C2609A,20260611,0.06,0.06,0.06,0.06,5000
M13C2608B,20260611,0.22,0.24,0.22,0.23,4583900
M41C2612T,20260611,0.23,0.23,0.23,0.23,2000000
MCA5041C2606A,20260611,0.05,0.05,0.05,0.05,140000
MEGA01C2702T,20260611,0.17,0.17,0.17,0.17,439700
MEITUA28C2609A,20260611,0.24,0.25,0.23,0.24,2500000
MEITUA41C2609A,20260611,0.24,0.25,0.23,0.24,251600
MINT01C2608A,20260611,0.01,0.02,0.01,0.02,10100
MINT01C2609A,20260611,0.25,0.25,0.24,0.25,885600
MINT01P2609A,20260611,0.29,0.3,0.29,0.3,765200
MINT13C2608A,20260611,0.12,0.12,0.12,0.12,303600
MINT13C2608B,20260611,0.18,0.18,0.18,0.18,1083200
MINT41C2608A,20260611,0.11,0.11,0.11,0.11,300000
MTC01C2608A,20260611,0.02,0.02,0.02,0.02,99100
MTC01P2610A,20260611,0.33,0.33,0.32,0.32,2223500
MTC13C2608A,20260611,0.05,0.06,0.05,0.05,140400
MTC19C2608A,20260611,0.05,0.05,0.05,0.05,300000
NDX28C2609A,20260611,1.51,1.57,1.51,1.57,2300
NDX28P2609A,20260611,0.51,0.51,0.47,0.48,432000
NDX41P2606A,20260611,0.01,0.01,0.01,0.01,300000
NDX41P2609T,20260611,0.25,0.25,0.22,0.22,815600
NIKKEI41C2609A,20260611,1.46,1.46,1.46,1.46,100
NIKKEI41C2609B,20260611,1.09,1.09,1.09,1.09,3000
NIKKEI41C2609C,20260611,0.91,1.08,0.91,1.04,1606200
NIKKEI41P2606A,20260611,0.01,0.01,0.01,0.01,3500
NIKKEI41P2606B,20260611,0.01,0.01,0.01,0.01,256900
NIKKEI41P2609A,20260611,0.26,0.26,0.24,0.25,137400
NIKKEI41P2609B,20260611,0.23,0.23,0.2,0.2,40400
NIKKEI41P2609C,20260611,0.16,0.16,0.15,0.15,30100
OR01C2609A,20260611,0.16,0.16,0.14,0.14,2447600
OR01C2705T,20260611,0.18,0.19,0.18,0.19,1280500
OR13C2608B,20260611,0.1,0.1,0.09,0.09,680000
OR19C2607A,20260611,0.01,0.01,0.01,0.01,2082000
OR19C2608A,20260611,0.11,0.11,0.09,0.09,613600
OR41C2608T,20260611,0.13,0.13,0.11,0.11,701000
OSP01C2609A,20260611,0.23,0.23,0.21,0.21,1460400
OSP13C2607A,20260611,0.01,0.01,0.01,0.01,325000
OSP13C2608A,20260611,0.12,0.12,0.12,0.12,223400
OSP41C2607A,20260611,0.01,0.01,0.01,0.01,200100
OSP41C2701T,20260611,0.28,0.28,0.28,0.28,300000
PLANB13C2607A,20260611,0.09,0.12,0.09,0.11,4264400
PLANB13C2608A,20260611,0.08,0.1,0.08,0.08,3458000
PLANB19C2608A,20260611,0.27,0.31,0.26,0.29,6556400
POPMAR28C2606A,20260611,0.02,0.02,0.01,0.01,20100
POPMAR41C2609T,20260611,0.44,0.48,0.43,0.47,2000
PRM01C2609A,20260611,0.25,0.26,0.25,0.26,1805600
PRM01C2702T,20260611,0.33,0.33,0.33,0.33,6534600
PRM13C2608A,20260611,0.16,0.16,0.16,0.16,771800
PRM19C2701T,20260611,0.39,0.4,0.39,0.4,1233600
PRM41C2612T,20260611,0.51,0.51,0.51,0.51,300000
PTG01C2704T,20260611,0.18,0.18,0.18,0.18,348900
PTG13C2607A,20260611,0.01,0.01,0.01,0.01,320000
PTG13C2608A,20260611,0.02,0.02,0.02,0.02,1000
PTG19C2609A,20260611,0.07,0.07,0.07,0.07,2000
PTT01C2607A,20260611,0.08,0.09,0.08,0.08,38100
PTT13C2608A,20260611,0.06,0.06,0.05,0.06,12500
PTT13C2609A,20260611,0.16,0.16,0.16,0.16,503300
PTT13P2608A,20260611,0.06,0.06,0.06,0.06,1000
PTTEP01C2607A,20260611,0.6,0.63,0.6,0.62,508300
PTTEP01C2608A,20260611,0.23,0.24,0.22,0.23,2801800
PTTEP01C2609A,20260611,0.16,0.16,0.15,0.15,1894500
PTTEP01C2703T,20260611,0.4,0.41,0.4,0.41,733000
PTTEP01P2608A,20260611,0.24,0.24,0.23,0.23,3705200
PTTEP01P2703T,20260611,0.49,0.49,0.48,0.48,1261900
PTTEP13C2608A,20260611,0.36,0.36,0.33,0.35,4105500
PTTEP13C2608B,20260611,0.18,0.19,0.18,0.18,1727600
PTTEP13C2608C,20260611,0.07,0.07,0.07,0.07,1165000
PTTEP13P2608A,20260611,0.08,0.08,0.07,0.07,200
PTTEP19C2607B,20260611,0.19,0.2,0.18,0.19,684900
PTTEP19C2608A,20260611,0.18,0.19,0.17,0.18,2854200
PTTEP19C2608B,20260611,0.08,0.08,0.08,0.08,100
PTTEP41C2607A,20260611,0.6,0.6,0.6,0.6,300000
PTTEP41C2608A,20260611,0.32,0.33,0.32,0.33,900000
PTTEP41C2608B,20260611,0.17,0.18,0.17,0.18,1500000
PTTEP41C2609T,20260611,0.85,0.85,0.85,0.85,25000
PTTEP41C2703T,20260611,0.38,0.39,0.38,0.39,1575000
PTTGC01C2607A,20260611,0.12,0.16,0.12,0.16,6840300
PTTGC01C2609A,20260611,0.11,0.13,0.1,0.12,5020800
PTTGC01C2704T,20260611,0.22,0.25,0.22,0.24,4538700
PTTGC01P2609A,20260611,0.11,0.11,0.1,0.1,647600
PTTGC13C2608A,20260611,0.17,0.22,0.17,0.21,3082400
PTTGC13C2609A,20260611,0.14,0.17,0.14,0.16,5300100
PTTGC13P2608A,20260611,0.13,0.13,0.12,0.12,356500
PTTGC19C2608A,20260611,0.27,0.33,0.27,0.33,1654300
PTTGC19C2609A,20260611,0.15,0.18,0.15,0.18,9736000
PTTGC41C2608A,20260611,0.17,0.2,0.17,0.2,1560000
PTTGC41C2609A,20260611,0.13,0.16,0.13,0.16,1421000
PTTGC41C2611T,20260611,0.26,0.29,0.26,0.29,6200000
PTTGC41C2612T,20260611,0.55,0.59,0.55,0.59,144100
PTTGC41C2702T,20260611,0.21,0.24,0.21,0.23,3962000
RCL01C2608A,20260611,0.15,0.16,0.15,0.16,3101000
RCL01C2610T,20260611,0.35,0.35,0.35,0.35,1625100
RCL13C2608A,20260611,0.11,0.13,0.11,0.13,450000
RCL19C2609A,20260611,0.16,0.17,0.16,0.17,6489000
RCL41C2612T,20260611,0.26,0.26,0.26,0.26,2800000
SAWAD01C2607A,20260611,0.01,0.02,0.01,0.02,159000
SAWAD01C2609A,20260611,0.04,0.04,0.04,0.04,80000
SAWAD01C2609B,20260611,0.11,0.11,0.1,0.11,5398000
SAWAD01P2608A,20260611,0.3,0.3,0.29,0.3,2569000
SAWAD13C2607A,20260611,0.01,0.01,0.01,0.01,50000
SAWAD13C2607B,20260611,0.01,0.01,0.01,0.01,10000
SAWAD13C2609A,20260611,0.11,0.12,0.1,0.1,35769200
SAWAD13P2608A,20260611,0.17,0.17,0.17,0.17,3649900
SAWAD41C2609A,20260611,0.1,0.1,0.1,0.1,480000
SCB01C2607A,20260611,0.1,0.1,0.1,0.1,400900
SCB01C2610A,20260611,0.31,0.32,0.3,0.3,4713800
SCB01C2703T,20260611,0.29,0.29,0.29,0.29,417600
SCB01P2610A,20260611,0.35,0.35,0.34,0.35,530500
SCB13C2607B,20260611,0.02,0.03,0.02,0.03,165300
SCB13C2609A,20260611,0.23,0.24,0.22,0.23,14714900
SCB13P2609A,20260611,0.22,0.22,0.22,0.22,4541600
SCB19C2612T,20260611,0.33,0.33,0.33,0.33,536400
SCB41C2609T,20260611,0.49,0.49,0.47,0.48,10635000
SCC01C2607A,20260611,0.1,0.11,0.1,0.11,1894300
SCC01C2609A,20260611,1.48,1.56,1.48,1.53,433300
SCC01C2609B,20260611,0.53,0.56,0.53,0.55,1183400
SCC01C2610A,20260611,0.47,0.49,0.47,0.48,6416500
SCC01C2704T,20260611,0.47,0.48,0.47,0.48,2159700
SCC01P2610A,20260611,0.33,0.33,0.31,0.31,2393600
SCC13C2607A,20260611,0.21,0.24,0.21,0.23,5103200
SCC13C2608A,20260611,1.32,1.32,1.32,1.32,100
SCC13C2609A,20260611,0.27,0.29,0.27,0.28,7539200
SCC41C2607A,20260611,0.21,0.24,0.21,0.23,1795200
SCC41C2611T,20260611,0.29,0.29,0.29,0.29,1800000
SCC41C2612T,20260611,0.82,0.82,0.81,0.81,900000
SCGP01C2608A,20260611,0.61,0.65,0.61,0.65,127200
SCGP01C2609A,20260611,1.08,1.12,1.08,1.12,277800
SCGP13C2607A,20260611,0.46,0.46,0.44,0.44,15000
SCGP13C2608A,20260611,1.08,1.08,1.08,1.08,50000
SCGP13P2608A,20260611,0.02,0.02,0.02,0.02,100
SCGP41C2608A,20260611,0.99,0.99,0.99,0.99,3000
SET01C2607A,20260611,1.48,1.86,1.48,1.72,240800
SET01C2607B,20260611,0.12,0.19,0.12,0.18,365300
SET01P2607A,20260611,0.01,0.02,0.01,0.02,794200
SET01P2607B,20260611,0.02,0.02,0.01,0.02,1300
SET01P2706L,20260611,1.34,1.34,1.32,1.33,503100
SET5001C2606F,20260611,0.18,0.31,0.18,0.24,10686700
SET5001C2606G,20260611,0.02,0.02,0.02,0.02,500000
SET5001C2606H,20260611,0.02,0.02,0.02,0.02,21000
SET5001C2607A,20260611,0.47,0.51,0.45,0.45,25800
SET5001C2607C,20260611,0.33,0.35,0.32,0.32,1342900
SET5001P2606I,20260611,0.02,0.02,0.01,0.01,11200
SET5001P2607B,20260611,0.02,0.02,0.01,0.02,2100
SET5001P2607C,20260611,0.01,0.02,0.01,0.02,1200
SET5013C2606A,20260611,0.2,0.24,0.2,0.22,38100
SET5013C2606B,20260611,0.07,0.1,0.07,0.09,2312500
SET5013C2606C,20260611,0.03,0.04,0.03,0.04,355100
SET5013C2606D,20260611,0.02,0.04,0.02,0.04,5825600
SET5013C2606E,20260611,0.01,0.02,0.01,0.02,67200
SET5013C2606F,20260611,0.01,0.01,0.01,0.01,40000
SET5013C2606H,20260611,0.03,0.04,0.03,0.04,395800
SET5013C2606I,20260611,0.06,0.08,0.06,0.07,13892300
SET5013C2606J,20260611,0.18,0.25,0.18,0.21,185311400
SET5013C2606K,20260611,0.21,0.29,0.21,0.23,224268900
SET5013C2606L,20260611,0.02,0.04,0.02,0.04,1516000
SET5013P2606A,20260611,0.01,0.01,0.01,0.01,17283500
SET5013P2606B,20260611,0.01,0.01,0.01,0.01,2688400
SET5013P2606C,20260611,0.02,0.02,0.02,0.02,100
SET5013P2606E,20260611,0.01,0.02,0.01,0.02,36500
SET5013P2606H,20260611,0.01,0.01,0.01,0.01,45600
SET5013P2606I,20260611,0.01,0.01,0.01,0.01,223200
SET5013P2606K,20260611,0.01,0.01,0.01,0.01,500000
SET5013P2606N,20260611,0.01,0.01,0.01,0.01,1488700
SET5013P2606O,20260611,0.02,0.03,0.02,0.03,29500
SET5013P2606X,20260611,3.34,3.34,3.24,3.24,5300
SET5019C2606A,20260611,0.21,0.32,0.21,0.26,4161100
SET5019C2606B,20260611,0.13,0.2,0.13,0.16,3613700
SET5019C2606C,20260611,0.01,0.01,0.01,0.01,3057000
SET5019C2606D,20260611,0.16,0.2,0.15,0.15,32016200
SET5019C2606E,20260611,0.06,0.08,0.06,0.07,7034900
SET5019C2606F,20260611,0.05,0.06,0.05,0.05,287000
SET5019P2606F,20260611,0.01,0.01,0.01,0.01,275200
SET5041C2606B,20260611,0.11,0.12,0.11,0.12,52000
SET5041C2606J,20260611,0.22,0.22,0.22,0.22,25000
SET5041C2609T,20260611,1.17,1.2,1.17,1.2,500
SET5041P2606N,20260611,0.01,0.01,0.01,0.01,4500
SET5041P2609T,20260611,0.14,0.14,0.13,0.13,15100
SISB13C2608A,20260611,0.04,0.04,0.04,0.04,100000
SISB19C2612A,20260611,0.17,0.17,0.17,0.17,304200
SJWD13C2608A,20260611,0.09,0.09,0.09,0.09,600000
SPRC01C2607A,20260611,0.08,0.08,0.07,0.07,20000
SPRC01C2610A,20260611,0.27,0.27,0.24,0.25,4032300
SPRC01C2703T,20260611,0.25,0.25,0.24,0.24,413900
SPRC13C2607A,20260611,0.07,0.07,0.06,0.06,1004600
SPRC13C2608A,20260611,0.09,0.09,0.09,0.09,779400
SPRC13C2609A,20260611,0.27,0.27,0.25,0.26,4132200
SPRC19C2609A,20260611,0.27,0.28,0.27,0.28,4311900
SPX28C2606A,20260611,0.12,0.12,0.1,0.1,80000
SPX28C2606B,20260611,1.04,1.04,1.04,1.04,100
SPX28C2609A,20260611,0.98,1.01,0.98,1.01,8100
SPX28P2609A,20260611,0.61,0.61,0.6,0.6,2200
STA01C2607A,20260611,0.57,0.57,0.57,0.57,108300
STA01C2609A,20260611,0.38,0.39,0.37,0.39,304300
STA13C2608A,20260611,0.52,0.52,0.52,0.52,10000
STA13C2608B,20260611,0.3,0.31,0.3,0.3,406000
STA19C2612A,20260611,0.72,0.73,0.72,0.73,94200
STA41C2612T,20260611,0.41,0.41,0.4,0.41,328000
STECON01C2609A,20260611,0.39,0.42,0.39,0.42,1264500
STECON13C2609A,20260611,0.42,0.45,0.42,0.44,1436400
STGT01C2608A,20260611,0.41,0.46,0.41,0.43,938800
STGT01C2609A,20260611,0.17,0.18,0.17,0.17,2125200
STGT13C2607B,20260611,0.06,0.07,0.06,0.06,1136000
STGT19C2609A,20260611,0.26,0.29,0.26,0.28,382300
STGT41C2612T,20260611,0.58,0.58,0.58,0.58,2000
TCAP13C2609A,20260611,0.27,0.27,0.27,0.27,1030000
TENCEN28C2610A,20260611,0.11,0.11,0.11,0.11,1200000
TFG13C2609A,20260611,0.27,0.31,0.27,0.29,6333100
TFG41C2608A,20260611,0.85,0.86,0.85,0.86,300000
TFG41C2609A,20260611,0.28,0.28,0.27,0.27,600000
TFG41C2701T,20260611,0.46,0.49,0.46,0.48,3804000
TIDLOR01C2609A,20260611,0.34,0.34,0.32,0.33,3617700
TIDLOR01C2610T,20260611,0.12,0.12,0.12,0.12,3740300
TIDLOR01P2608A,20260611,0.34,0.35,0.33,0.34,2932400
TIDLOR13C2608A,20260611,0.19,0.21,0.19,0.19,1239200
TIDLOR13C2701T,20260611,0.24,0.24,0.23,0.24,1242600
TIDLOR13P2608A,20260611,0.14,0.14,0.13,0.13,804700
TIDLOR19C2609T,20260611,0.1,0.1,0.1,0.1,4393300
TIDLOR19C2612T,20260611,0.34,0.34,0.33,0.33,2198600
TIDLOR41C2608A,20260611,0.19,0.19,0.17,0.18,6600000
TIDLOR41C2612T,20260611,0.16,0.16,0.16,0.16,2100000
TISCO13C2607A,20260611,0.04,0.04,0.03,0.03,600000
TISCO13C2609A,20260611,0.16,0.16,0.15,0.15,1655800
TLI13C2607A,20260611,0.02,0.02,0.02,0.02,199000
TLI13C2609A,20260611,0.26,0.27,0.26,0.26,2604400
TLI41C2609A,20260611,0.25,0.26,0.25,0.25,3821000
TOA01C2702T,20260611,0.19,0.19,0.18,0.18,948200
TOP01C2609A,20260611,0.04,0.04,0.04,0.04,100
TOP01C2610A,20260611,0.24,0.26,0.24,0.26,7975500
TOP01C2701T,20260611,0.3,0.31,0.3,0.31,4294800
TOP01P2609A,20260611,0.41,0.43,0.4,0.4,2581100
TOP01P2609B,20260611,0.34,0.36,0.33,0.34,3263300
TOP13C2607A,20260611,0.05,0.05,0.05,0.05,111500
TOP13C2608A,20260611,0.05,0.05,0.05,0.05,2413500
TOP13C2609A,20260611,0.23,0.24,0.22,0.24,10133700
TOP13P2608A,20260611,0.22,0.23,0.21,0.21,1376700
TOP19C2608A,20260611,0.1,0.11,0.1,0.11,13296600
TOP19C2612T,20260611,0.64,0.66,0.63,0.65,8259500
TOP41C2609T,20260611,1.02,1.03,1.02,1.03,750000
TOP41C2611T,20260611,0.51,0.52,0.51,0.52,1102000
TOP41C2703T,20260611,0.26,0.27,0.26,0.27,5007000
TRUE01C2607A,20260611,0.22,0.23,0.21,0.21,805200
TRUE01C2608A,20260611,0.1,0.11,0.1,0.1,1428000
TRUE01C2703T,20260611,0.26,0.26,0.25,0.25,769200
TRUE01P2608A,20260611,0.12,0.12,0.12,0.12,400000
TRUE13C2607B,20260611,0.22,0.23,0.21,0.21,2484400
TRUE13C2608A,20260611,0.11,0.11,0.1,0.1,1843000
TRUE13P2608A,20260611,0.11,0.12,0.11,0.12,420900
TRUE19C2608A,20260611,0.11,0.11,0.11,0.11,483800
TRUE41C2607B,20260611,0.2,0.2,0.19,0.19,300000
TRUE41C2612T,20260611,0.31,0.31,0.29,0.29,3880400
TTB13C2608A,20260611,0.05,0.05,0.05,0.05,396600
TTB13C2609A,20260611,0.15,0.16,0.15,0.15,3942400
TU01C2607A,20260611,0.02,0.02,0.02,0.02,1000
TU13C2607A,20260611,0.01,0.01,0.01,0.01,5000200
TU13P2608A,20260611,0.1,0.1,0.1,0.1,40000
VGI01C2608A,20260611,0.03,0.03,0.03,0.03,20400
VGI01C2609A,20260611,0.12,0.14,0.12,0.13,1591100
VGI13C2607A,20260611,0.01,0.01,0.01,0.01,4000
VGI13C2608B,20260611,0.06,0.07,0.06,0.07,1232100
VGI19C2607A,20260611,0.04,0.04,0.04,0.04,15000
VGI19C2607B,20260611,0.01,0.01,0.01,0.01,220000
VGI19C2609A,20260611,0.12,0.14,0.12,0.13,2826400
VGI19C2610T,20260611,0.04,0.04,0.04,0.04,100
VGI41C2703T,20260611,0.26,0.26,0.26,0.26,1200000
WHA01C2608A,20260611,0.43,0.43,0.4,0.4,306900
WHA01C2610T,20260611,0.91,0.91,0.91,0.91,106900
WHA13C2608A,20260611,0.51,0.56,0.5,0.5,15500
WHA41C2608A,20260611,0.5,0.5,0.5,0.5,100000
WHA41C2701T,20260611,0.76,0.76,0.76,0.76,100000
XIAOMI28C2609A,20260611,0.06,0.06,0.06,0.06,200000
XIAOMI41C2609T,20260611,0.1,0.1,0.1,0.1,41400
ZIJIN41C2606A,20260611,0.01,0.01,0.01,0.01,400
ZIJIN41C2610A,20260611,0.14,0.15,0.14,0.15,900
A5-W4-O,20260611,0.01,0.01,0.01,0.01,1
A5-W5-O,20260611,0.03,0.03,0.03,0.03,4
ACC-W2-O,20260611,0.06,0.06,0.06,0.06,35
ASW-W3-O,20260611,0.57,0.57,0.49,0.49,25
B-W8-O,20260611,0.01,0.01,0.01,0.01,1
BR-W1-O,20260611,0.01,0.01,0.01,0.01,52
BWG-W7-O,20260611,0.03,0.04,0.02,0.03,638
CHAYO-W4-O,20260611,0.23,0.24,0.23,0.24,156
DEMCO-W8-O,20260611,1,1.04,0.95,0.95,182
EA-W1-O,20260611,0.65,0.69,0.65,0.67,536
EMPIRE-W1-O,20260611,0.02,0.02,0.02,0.02,40
EMPIRE-W2-O,20260611,0.06,0.06,0.06,0.06,90
ITEL-W6-O,20260611,0.02,0.18,0.02,0.18,107
JAS-W4-O,20260611,0.23,0.24,0.22,0.22,332
MADAME-W6-O,20260611,0.06,0.06,0.06,0.06,59
NOBLE-W3-O,20260611,0.09,0.09,0.09,0.09,150
ORI-W2-O,20260611,0.18,0.19,0.18,0.18,379
PROEN-W2-O,20260611,0.07,0.07,0.06,0.07,152
PROUD-W3-O,20260611,0.12,0.12,0.12,0.12,50
SAAM-W3-O,20260611,0.13,0.13,0.13,0.13,1
SAAM-W4-O,20260611,0.12,0.12,0.12,0.12,1
SAMTEL-W2-O,20260611,0.21,0.23,0.21,0.23,100
TFG-W4-O,20260611,4.72,4.72,4.72,4.72,82
TL-W2-O,20260611,0.06,0.07,0.05,0.06,322
TNITY-W2-O,20260611,0.02,0.02,0.02,0.02,69
TRUBB-W3-O,20260611,0.57,0.57,0.57,0.57,1
VIBHA-W5-O,20260611,0.05,0.05,0.05,0.05,49
ZIGA-W2-O,20260611,0.04,0.05,0.04,0.04,278
ACC-W2,20260611,0.07,0.07,0.06,0.06,911900
ASW-W3,20260611,0.58,0.61,0.48,0.61,8900
B-W8,20260611,0.01,0.01,0.01,0.01,600
BC-W4,20260611,0.05,0.05,0.05,0.05,400
BR-W1,20260611,0.01,0.01,0.01,0.01,300000
BTS-W8,20260611,0.01,0.01,0.01,0.01,3300
BWG-W7,20260611,0.03,0.04,0.03,0.04,4535900
CAZ-W1,20260611,0.66,0.67,0.66,0.67,42000
CHASE-W1,20260611,0.13,0.14,0.13,0.13,450300
CHAYO-W4,20260611,0.23,0.25,0.23,0.23,593100
CIG-W10,20260611,0.38,0.38,0.38,0.38,100
CIG-W9,20260611,0.01,0.01,0.01,0.01,2500
COMAN-W1,20260611,0.06,0.07,0.05,0.06,436200
DEMCO-W8,20260611,0.98,1.04,0.98,1.02,1625400
EA-W1,20260611,0.66,0.7,0.66,0.67,13765700
EMPIRE-W1,20260611,0.02,0.03,0.01,0.02,4189900
EMPIRE-W2,20260611,0.06,0.08,0.06,0.06,1152000
GLORY-W1,20260611,0.2,0.22,0.2,0.21,1552600
HYDRO-W2,20260611,0.06,0.07,0.04,0.05,3195300
IROYAL-W1,20260611,1.23,1.24,1.17,1.17,12500
ITEL-W6,20260611,0.18,0.18,0.17,0.18,1392300
J-W4,20260611,0.01,0.01,0.01,0.01,64100
JAS-W4,20260611,0.24,0.25,0.22,0.22,68090000
KASET-W1,20260611,0.09,0.11,0.09,0.11,1764000
KGEN-W2,20260611,0.11,0.13,0.11,0.12,6061000
KUN-W3,20260611,0.03,0.03,0.03,0.03,29000
MADAME-W6,20260611,0.07,0.09,0.07,0.09,155400
MGI-W1,20260611,0.12,0.13,0.11,0.11,3162300
NOBLE-W3,20260611,0.1,0.1,0.09,0.09,1355400
NRF-W2,20260611,0.04,0.05,0.04,0.05,290400
ORI-W2,20260611,0.18,0.2,0.18,0.19,2143200
PLANET-W2,20260611,0.21,0.27,0.2,0.24,117800
PLANET-W3,20260611,0.21,0.22,0.17,0.2,3100
PPPM-W6,20260611,0.02,0.03,0.01,0.03,1132100
PROEN-W2,20260611,0.07,0.08,0.07,0.08,318000
PROUD-W3,20260611,0.13,0.14,0.13,0.14,30100
PSTC-W3,20260611,0.03,0.04,0.03,0.03,123700
QDC-W3,20260611,0.06,0.07,0.06,0.07,501800
ROCTEC-W5,20260611,0.01,0.01,0.01,0.01,147000
SAAM-W3,20260611,0.13,0.13,0.12,0.13,148300
SAAM-W4,20260611,0.12,0.13,0.11,0.13,113600
SAMTEL-W2,20260611,0.22,0.27,0.2,0.23,583300
SGC-W2,20260611,0.31,0.33,0.3,0.33,3980300
STELLA-W6,20260611,0.04,0.04,0.03,0.04,13344000
TAKUNI-W2,20260611,0.26,0.26,0.24,0.24,54500
TCC-W5,20260611,0.16,0.17,0.16,0.17,156600
TFG-W4,20260611,4.6,4.78,4.58,4.72,390100
TGE-W2,20260611,0.03,0.03,0.02,0.03,120200
TL-W2,20260611,0.07,0.07,0.06,0.07,76400
TNITY-W2,20260611,0.09,0.1,0.09,0.1,68800
TRUBB-W3,20260611,0.52,0.58,0.52,0.52,2411200
UREKA-W3,20260611,0.22,0.26,0.22,0.22,527000
VGI-W3,20260611,0.02,0.02,0.01,0.02,1090300
VIBHA-W5,20260611,0.06,0.06,0.05,0.05,335600
XBIO-W6,20260611,0.02,0.02,0.02,0.02,11900
XBIO-W7,20260611,0.01,0.02,0.01,0.02,2136100
XBIO-W8,20260611,0.14,0.15,0.14,0.14,230100
ZIGA-W2,20260611,0.04,0.05,0.04,0.05,232000
1DIV-O,20260611,13,13,12.72,12.72,26
BMSCITH-O,20260611,12.99,12.99,12.99,12.99,15
BSET100-O,20260611,11.4,11.4,11.4,11.4,23
GLD-O,20260611,5.31,5.35,5.3,5.32,1271
TDEX-O,20260611,10,10.03,10,10,61
1DIV,20260611,12.68,12.71,12.68,12.68,19500
2I01BSET50,20260611,2.74,2.74,2.68,2.71,326900
2X01BSET50,20260611,7.56,7.72,7.56,7.62,292700
ABFTH,20260611,1310,1310,1310,1310,200
BMSCG,20260611,8.65,8.67,8.65,8.67,2000
BMSCITH,20260611,12.9,13,12.9,12.91,34500
BSET100,20260611,11.31,11.4,11.31,11.4,9900
CHINA,20260611,7.5,7.5,7.48,7.48,17500
GLD,20260611,5.26,5.35,5.26,5.34,6931900
TDEX,20260611,9.96,10.05,9.94,10,212500
UBOT,20260611,13.96,13.96,13.96,13.96,500
2S-O,20260611,3.04,3.04,3.02,3.02,30
3BBIF-O,20260611,6.5,6.5,6.45,6.45,1215
88TH-O,20260611,4.36,4.42,4.36,4.36,81
A-O,20260611,3.1,3.1,3.1,3.1,1
A5-O,20260611,1.82,1.82,1.82,1.82,10
AAI-O,20260611,3.52,3.52,3.44,3.46,236
AAV-O,20260611,1.06,1.06,1.05,1.05,464
ACE-O,20260611,1.32,1.32,1.3,1.3,49
ADB-O,20260611,0.78,0.78,0.75,0.77,81
ADVANC-O,20260611,355,361,355,359,3524
ADVICE-O,20260611,6.5,6.5,6.2,6.2,67
AE-O,20260611,0.09,0.1,0.09,0.1,150
AEONTS-O,20260611,94,94.75,93.25,94.75,294
AGE-O,20260611,1.34,1.37,1.06,1.31,221
AH-O,20260611,14,14,14,14,32
AHC-O,20260611,12.8,12.8,12.8,12.8,2
AI-O,20260611,2.92,2.92,2.92,2.92,10
AIE-O,20260611,1.16,1.16,1,1.14,227
AIMCG-O,20260611,1.36,1.36,1.36,1.36,30
AIMIRT-O,20260611,11.5,11.5,11.5,11.5,1
AIT-O,20260611,4.7,4.72,4.68,4.72,225
AJ-O,20260611,2.88,2.88,2.88,2.88,100
AKP-O,20260611,0.72,0.72,0.72,0.72,1
AKR-O,20260611,0.88,0.89,0.88,0.88,72
AKS-O,20260611,0.01,0.01,0.01,0.01,595
ALLA-O,20260611,1.17,1.17,1.17,1.17,3
ALT-O,20260611,2,2,2,2,1
ALUCON-O,20260611,231,231,231,231,1
AMA-O,20260611,3.84,3.86,3.82,3.86,13
AMANAH-O,20260611,0.64,0.64,0.6,0.63,127
AMARIN-O,20260611,2.08,2.08,2.08,2.08,89
AMATA-O,20260611,27.5,27.75,26.5,27.25,925
AMATAR-O,20260611,7.25,7.25,7.25,7.25,39
AOT-O,20260611,56.75,56.75,55.75,55.75,3139
AP-O,20260611,6.95,7.05,6.95,7.05,1167
APO-O,20260611,2.06,2.06,2.06,2.06,52
APP-O,20260611,2.48,2.48,2.48,2.48,23
AQUA-O,20260611,0.1,0.1,0.1,0.1,75
ARIN-O,20260611,0.48,0.48,0.48,0.48,113
ARROW-O,20260611,5.5,5.55,5.5,5.55,119
AS-O,20260611,2.28,2.28,2.28,2.28,78
ASEFA-O,20260611,5.95,6,5.95,6,21
ASK-O,20260611,9.1,11.7,9.05,11.7,83
ASW-O,20260611,6.8,6.8,6.8,6.8,32
ATLAS-O,20260611,1.83,1.83,1.83,1.83,4
ATP30-O,20260611,0.8,0.8,0.8,0.8,16
AUCT-O,20260611,3.86,3.86,3.84,3.84,4
AURA-O,20260611,13.7,13.9,13.7,13.9,148
AWC-O,20260611,2.38,2.42,2.36,2.36,298
AXTRART-O,20260611,12.7,12.8,12.7,12.8,4
AYUD-O,20260611,39.75,39.75,39.25,39.25,8
B-O,20260611,0.03,0.04,0.03,0.04,207
B52-O,20260611,0.22,0.22,0.22,0.22,1
BA-O,20260611,16.1,16.2,16,16.2,483
BAFS-O,20260611,8.8,8.9,8.8,8.9,146
BAM-O,20260611,6.55,6.75,6.5,6.7,996
BANPU-O,20260611,5.45,5.55,5.45,5.45,592
BAREIT-O,20260611,10.8,10.8,10.8,10.8,100
BAY-O,20260611,37.25,37.5,36.5,36.75,533
BBGI-O,20260611,4.2,4.2,4.2,4.2,4
BBIK-O,20260611,18.8,19.1,18.8,18.9,204
BBL-O,20260611,170,170.5,168.5,169.5,2281
BCH-O,20260611,9.25,9.25,9.1,9.1,2474
BCP-O,20260611,33,33.75,33,33.75,627
BCPG-O,20260611,6.55,6.55,6.5,6.55,498
BDMS-O,20260611,18,18.2,17.9,17.9,16567
BE8-O,20260611,5.7,5.8,5.7,5.7,181
BEAUTY-O,20260611,0.37,0.37,0.37,0.37,24
BEC-O,20260611,1.95,1.98,1.95,1.98,25
BEM-O,20260611,5.2,5.35,5.2,5.2,1040
BGC-O,20260611,6.9,7,6.9,7,19
BGRIM-O,20260611,14,14.1,13.9,14,436
BGT-O,20260611,0.36,0.36,0.36,0.36,1
BH-O,20260611,176.5,178,175.5,176,2330
BIG-O,20260611,0.3,0.3,0.3,0.3,1
BIOTEC-O,20260611,0.26,0.26,0.26,0.26,1
BIZ-O,20260611,6,6.5,5.9,5.95,202
BJC-O,20260611,14.2,14.2,14,14.2,106
BKD-O,20260611,1.13,1.13,1.13,1.13,1
BKGI-O,20260611,2.02,2.06,2.02,2.06,5
BKIH-O,20260611,373,373,371,371,65
BLA-O,20260611,25.25,25.5,25.25,25.25,114
BLAND-O,20260611,0.48,0.48,0.44,0.47,38
BM-O,20260611,1.03,1.03,1.02,1.02,22
BOL-O,20260611,5.2,5.2,5.2,5.2,1
BPP-O,20260611,11.5,11.6,11.3,11.3,17
BPS-O,20260611,0.48,0.48,0.48,0.48,1
BRI-O,20260611,1.27,1.27,1.26,1.26,5
BRR-O,20260611,3.58,3.6,3.58,3.6,25
BSM-O,20260611,0.32,0.33,0.32,0.33,24
BTC-O,20260611,0.15,0.16,0.15,0.16,146
BTG-O,20260611,20.2,20.4,19.9,20,858
BTS-O,20260611,2.06,2.06,2.04,2.06,1138
BTSGIF-O,20260611,2.46,2.46,2.44,2.44,73
BTW-O,20260611,0.07,0.07,0.07,0.07,1
BUI-O,20260611,10.7,10.7,10.7,10.7,100
BWG-O,20260611,0.3,0.3,0.29,0.29,101
BYD-O,20260611,0.49,0.49,0.49,0.49,21
CBG-O,20260611,39.75,40.25,39.75,39.75,405
CCET-O,20260611,8.75,9.3,8.75,9.25,1786
CCP-O,20260611,0.26,0.27,0.26,0.27,33
CEN-O,20260611,0.59,0.59,0.59,0.59,1
CENTEL-O,20260611,33.25,33.75,32.75,33,384
CEYE-O,20260611,1.18,1.18,1.16,1.16,20
CFARM-O,20260611,0.8,0.8,0.8,0.8,1
CFRESH-O,20260611,0.97,0.97,0.96,0.96,8
CGH-O,20260611,0.5,0.5,0.5,0.5,26
CHAYO-O,20260611,1.24,1.24,1.24,1.24,77
CHEWA-O,20260611,0.16,0.16,0.16,0.16,38
CHG-O,20260611,1.42,1.43,1.41,1.43,755
CHO-O,20260611,0.03,0.04,0.02,0.02,434
CHOW-O,20260611,1.34,1.34,1.34,1.34,4
CI-O,20260611,0.31,0.31,0.31,0.31,2
CIVIL-O,20260611,1.02,1.02,1.02,1.02,11
CK-O,20260611,17.9,18.4,17.9,18,251
CKP-O,20260611,2.32,2.32,2.3,2.3,145
CM-O,20260611,1.59,1.59,1.59,1.59,7
CMR-O,20260611,1.35,1.35,1.27,1.27,156
COCOCO-O,20260611,5.6,5.6,5.55,5.55,67
COM7-O,20260611,26.5,26.75,26.25,26.5,351
COMAN-O,20260611,0.54,0.54,0.54,0.54,50
CPALL-O,20260611,45.25,46,44.5,45,11177
CPANEL-O,20260611,0.86,0.86,0.86,0.86,20
CPAXT-O,20260611,14.8,14.9,14.6,14.6,3806
CPF-O,20260611,19,19.1,18.8,18.9,1832
CPH-O,20260611,5.6,9,5.6,7.95,71
CPI-O,20260611,3.42,3.46,3.42,3.46,89
CPL-O,20260611,0.63,0.63,0.63,0.63,60
CPN-O,20260611,64.25,64.75,63.5,63.5,642
CPNCG-O,20260611,5.55,5.65,5.55,5.6,61
CPNREIT-O,20260611,12.6,12.7,12.6,12.7,254
CPR-O,20260611,2.62,2.64,2.62,2.64,6
CPW-O,20260611,2.24,2.24,2.24,2.24,30
CRANE-O,20260611,0.37,0.37,0.37,0.37,1
CRC-O,20260611,21.1,21.2,20.9,21,502
CRD-O,20260611,0.44,0.44,0.44,0.44,1
CREDIT-O,20260611,18.5,18.5,18.4,18.4,36
CSC-O,20260611,44.25,44.25,44.25,44.25,10
CSS-O,20260611,0.9,0.9,0.9,0.9,6
CTW-O,20260611,6.75,7.9,6.65,6.95,102
D-O,20260611,2.9,2.9,2.88,2.88,34
DCC-O,20260611,1.33,1.33,1.33,1.33,49
DCON-O,20260611,0.2,0.2,0.2,0.2,2
DELTA-O,20260611,350,360,350,359,17046
DHOUSE-O,20260611,0.35,0.35,0.34,0.34,32
DIF-O,20260611,10.1,10.1,10,10.1,2050
DITTO-O,20260611,12.4,12.9,12.4,12.7,253
DMT-O,20260611,11.4,11.5,11.4,11.4,411
DOD-O,20260611,1.61,1.61,1.61,1.61,3
DOHOME-O,20260611,3.32,3.4,3.28,3.36,1136
DPAINT-O,20260611,0.22,0.34,0.22,0.33,142
DRT-O,20260611,4.98,4.98,4.98,4.98,37
DTCENT-O,20260611,0.84,0.94,0.84,0.94,73
DUSIT-O,20260611,10.3,10.3,10.2,10.3,67
EA-O,20260611,3.16,3.26,3.14,3.18,944
EASTW-O,20260611,4.28,4.86,4.26,4.3,202
ECF-O,20260611,0.03,0.04,0.03,0.04,400
EFORL-O,20260611,0.12,0.13,0.12,0.13,44
EGATIF-O,20260611,6.15,6.2,6.15,6.2,54
EGCO-O,20260611,114.5,116,114.5,115,375
EKH-O,20260611,4.96,4.98,4.96,4.98,120
EMC-O,20260611,0.02,0.02,0.02,0.02,51
EMPIRE-O,20260611,0.21,0.25,0.2,0.21,549
EPG-O,20260611,5.45,5.7,5.45,5.5,193
ERW-O,20260611,2.82,2.82,2.76,2.78,414
ESTAR-O,20260611,0.21,0.21,0.21,0.21,10
ETC-O,20260611,0.71,0.71,0.71,0.71,1
ETE-O,20260611,0.56,0.57,0.56,0.57,2
ETL-O,20260611,0.37,0.37,0.3,0.3,57
EVER-O,20260611,0.06,0.06,0.06,0.06,1
FANCY-O,20260611,0.3,0.33,0.3,0.33,3
FM-O,20260611,4.12,4.12,4.06,4.06,107
FMT-O,20260611,20.6,21,20.6,21,15
FORTH-O,20260611,14,14.5,13.8,14.3,365
FPI-O,20260611,1.52,1.52,1.5,1.5,100
FPT-O,20260611,6.45,6.45,6.45,6.45,1
FSMART-O,20260611,7.1,7.2,7.05,7.15,207
FTE-O,20260611,2.44,2.44,2.36,2.36,77
FTREIT-O,20260611,11.7,11.7,11.6,11.6,182
FUTURERT-O,20260611,8.85,8.85,8.85,8.85,6
GBX-O,20260611,0.58,0.58,0.58,0.58,1
GC-O,20260611,4.52,4.52,4.52,4.52,40
GFC-O,20260611,2.44,2.44,2.44,2.44,79
GFPT-O,20260611,11.1,11.1,8.6,8.6,41
GGC-O,20260611,3.78,3.78,3.78,3.78,5
GJS-O,20260611,0.12,0.12,0.12,0.12,50
GLOBAL-O,20260611,6.15,6.25,6,6.1,845
GLORY-O,20260611,1.1,1.1,1.1,1.1,78
GPI-O,20260611,1.71,1.71,1.71,1.71,1
GPSC-O,20260611,39,40,39,39.25,498
GRAMMY-O,20260611,2.96,3,2.96,3,29
GRAND-O,20260611,0.02,0.02,0.02,0.02,33
GROREIT-O,20260611,8.85,8.85,8.85,8.85,20
GTV-O,20260611,0.03,0.03,0.03,0.03,60
GULF-O,20260611,63.25,64.75,62.25,63.25,12226
GUNKUL-O,20260611,3.86,4.04,3.86,3.96,1291
GVREIT-O,20260611,7.05,7.2,7.05,7.2,26
GYT-O,20260611,180.5,180.5,180.5,180.5,4
HANA-O,20260611,34,35.25,34,35,2342
HANN-O,20260611,0.92,0.92,0.92,0.92,45
HARN-O,20260611,2.08,2.08,2.08,2.08,50
HENG-O,20260611,0.88,0.88,0.88,0.88,4
HL-O,20260611,5.9,5.9,5.9,5.9,10
HMPRO-O,20260611,6.05,6.1,5.95,6.05,740
HPT-O,20260611,0.12,0.15,0.12,0.15,206
HTC-O,20260611,15.7,15.8,15.6,15.8,107
HTECH-O,20260611,3.34,3.4,3.34,3.4,101
HUMAN-O,20260611,4.76,4.78,4.76,4.78,10
HYDRO-O,20260611,0.09,0.1,0.08,0.08,155
I2-O,20260611,0.83,0.85,0.8,0.8,156
ICHI-O,20260611,12.9,13.1,12.9,13,1118
IDG-O,20260611,0.85,1.2,0.85,1.18,44
IHL-O,20260611,1.4,1.4,1.38,1.38,8
IIG-O,20260611,1.45,1.45,1.45,1.45,1
III-O,20260611,4.06,4.06,4.06,4.06,57
ILINK-O,20260611,4.6,4.66,4.6,4.66,23
ILM-O,20260611,12.6,12.6,12.6,12.6,12
IMPACT-O,20260611,11.3,11.3,11.3,11.3,28
INET-O,20260611,3.88,3.9,3.84,3.84,219
INETREIT-O,20260611,12.5,12.5,12.4,12.5,1512
INOX-O,20260611,4.32,4.32,4.32,4.32,50
INSET-O,20260611,3.2,3.2,3.2,3.2,416
IP-O,20260611,3.12,4.52,3.12,4.52,2
IRC-O,20260611,12,12,11.7,11.7,83
IROYAL-O,20260611,4.58,4.58,4.58,4.58,3
IRPC-O,20260611,1.83,1.86,1.81,1.84,494
IT-O,20260611,5.35,5.4,5.35,5.4,51
ITC-O,20260611,16.1,16.1,16,16,185
ITD-O,20260611,0.25,0.38,0.25,0.35,240
ITEL-O,20260611,1.21,1.28,1.21,1.28,100
ITTHI-O,20260611,1.19,1.19,1.19,1.19,70
IVL-O,20260611,22.5,24,22.5,23.3,1135
JAS-O,20260611,1.23,1.32,1.23,1.25,6024
JCK-O,20260611,0.1,0.14,0.1,0.14,23
JDF-O,20260611,1.94,1.94,1.94,1.94,16
JMART-O,20260611,8.65,8.85,8.55,8.8,284
JMT-O,20260611,10.4,10.6,10.3,10.5,386
JR-O,20260611,1.69,1.69,1.67,1.67,51
JTS-O,20260611,37,37.25,36.5,36.5,212
KAMART-O,20260611,7.25,7.3,7.25,7.25,88
KBANK-O,20260611,200,200,197,197.5,5336
KBSPIF-O,20260611,9.35,9.4,9.35,9.4,20
KCE-O,20260611,36,36.5,35.75,36.25,631
KCG-O,20260611,9.7,9.95,9.7,9.95,147
KGEN-O,20260611,1.85,1.87,1.85,1.87,60
KGI-O,20260611,4.3,4.36,4.28,4.28,73
KIAT-O,20260611,0.34,0.34,0.34,0.34,5
KISS-O,20260611,3.38,3.42,3.38,3.42,8
KJL-O,20260611,6.05,6.05,6.05,6.05,10
KK-O,20260611,1.01,1.01,1.01,1.01,5
KKP-O,20260611,86.75,87.5,86.5,87,4167
KLINIQ-O,20260611,26.5,26.5,26,26,122
KOOL-O,20260611,0.3,0.3,0.3,0.3,1
KSL-O,20260611,1.5,1.5,1.49,1.5,56
KTB-O,20260611,35,35.25,34.5,34.5,10617
KTC-O,20260611,29.75,30,29.75,29.75,477
KUMWEL-O,20260611,1.95,1.95,1.95,1.95,1
KUN-O,20260611,0.56,0.56,0.56,0.56,1
KWM-O,20260611,0.77,0.77,0.77,0.77,10
KYE-O,20260611,301,301,301,301,15
L&E-O,20260611,1.16,1.16,1.15,1.16,139
LALIN-O,20260611,4.3,4.3,4.3,4.3,48
LANNA-O,20260611,14.5,14.5,14.5,14.5,46
LDC-O,20260611,0.24,0.24,0.24,0.24,1
LH-O,20260611,3.64,3.64,3.6,3.62,1275
LHFG-O,20260611,1.16,1.17,1.15,1.16,137
LHHOTEL-O,20260611,13.1,13.1,13.1,13.1,90
LHK-O,20260611,3.52,3.52,3.42,3.44,252
LHRREIT-O,20260611,4.52,4.52,4.52,4.52,10
LHSC-O,20260611,14.8,14.8,14.8,14.8,11
LPN-O,20260611,1.54,1.54,1.54,1.54,16
LTS-O,20260611,2.52,2.52,2.4,2.4,64
M-O,20260611,20.4,20.6,20.4,20.6,146
MADAME-O,20260611,0.48,0.5,0.48,0.5,80
MAGURO-O,20260611,17.5,17.5,17.4,17.4,154
MAJOR-O,20260611,6.7,6.7,6.6,6.65,107
MALEE-O,20260611,4.02,4.1,4.02,4.1,21
MASTEC-O,20260611,1.58,1.7,1.58,1.65,62
MASTER-O,20260611,8.4,8.4,8.35,8.35,100
MBK-O,20260611,18.7,18.7,18.5,18.5,150
MC-O,20260611,11,11.1,11,11,550
MCS-O,20260611,7.5,7.55,7.5,7.5,157
MEB-O,20260611,11.6,11.6,11.4,11.5,382
MEGA-O,20260611,34.5,35.25,34,35.25,428
META-O,20260611,0.02,0.03,0.02,0.03,380
METCO-O,20260611,295,295,294,295,66
MFC-O,20260611,19.2,19.2,19.2,19.2,23
MFEC-O,20260611,5.85,5.85,5.85,5.85,37
MGC-O,20260611,6.4,6.4,6.4,6.4,25
MGI-O,20260611,5.3,5.3,5.3,5.3,50
MGT-O,20260611,1.73,1.74,1.73,1.74,8
MIDA-O,20260611,0.34,0.34,0.34,0.34,99
MILL-O,20260611,0.02,0.03,0.02,0.02,234
MINT-O,20260611,22.1,22.1,21.7,21.9,1746
MJLF-O,20260611,5.6,5.6,5.55,5.55,26
ML-O,20260611,1.36,1.43,1.35,1.4,188
MONO-O,20260611,1.02,1.02,0.95,0.95,2265
MOONG-O,20260611,2.36,2.36,2.34,2.34,103
MOSHI-O,20260611,37.25,37.25,36.75,36.75,149
MRDIYT-O,20260611,9.05,9.05,8.8,8.85,146
MTC-O,20260611,27.25,27.5,27,27.25,939
MTI-O,20260611,15.7,15.7,15.7,15.7,9
MUD-O,20260611,0.65,0.65,0.65,0.65,1
NAM-O,20260611,3.58,3.58,3.58,3.58,12
NCAP-O,20260611,2.58,2.58,2.54,2.58,189
NCH-O,20260611,0.38,0.38,0.28,0.38,94
NCL-O,20260611,0.17,0.17,0.17,0.17,100
NEO-O,20260611,17,17.2,17,17,223
NEP-O,20260611,0.14,0.14,0.14,0.14,18
NER-O,20260611,4.4,4.44,4.4,4.44,305
NETBAY-O,20260611,9.25,9.35,9.25,9.25,142
NEX-O,20260611,1.04,1.04,1.04,1.04,10
NKI-O,20260611,14.6,14.6,14.6,14.6,71
NNCL-O,20260611,1.6,1.61,1.6,1.61,28
NOBLE-O,20260611,1.78,1.79,1.74,1.79,96
NOVA-O,20260611,7.1,7.1,7.1,7.1,1
NRF-O,20260611,0.23,0.23,0.22,0.22,116
NSL-O,20260611,21.2,21.2,21.1,21.1,39
NTF-O,20260611,13.7,13.7,13.3,13.3,52
NTSC-O,20260611,6.1,6.1,6.1,6.1,40
NTV-O,20260611,18.8,18.8,18.4,18.4,178
NYT-O,20260611,3.7,3.72,3.7,3.7,335
OHTL-O,20260611,256,256,255,255,5
OKJ-O,20260611,3.78,3.94,3.78,3.9,253
ONEE-O,20260611,2.68,2.68,2.64,2.64,361
OR-O,20260611,12.2,12.3,12,12,4381
ORI-O,20260611,1.66,1.66,1.65,1.65,401
OSP-O,20260611,15.3,15.4,15.1,15.1,737
PATO-O,20260611,6.2,6.2,6.15,6.15,31
PB-O,20260611,48,48.25,48,48.25,60
PCC-O,20260611,3,3.1,3,3,29
PCE-O,20260611,2.2,2.2,2.18,2.18,15
PDJ-O,20260611,0.94,0.94,0.94,0.94,60
PEER-O,20260611,0.09,0.09,0.08,0.08,20
PF-O,20260611,0.04,0.04,0.04,0.04,70
PHOL-O,20260611,3.16,3.18,3.16,3.18,62
PIMO-O,20260611,1.07,1.07,1.07,1.07,1
PIS-O,20260611,4,4.02,4,4.02,73
PJW-O,20260611,2.02,2.02,2.02,2.02,4
PLANB-O,20260611,3.96,4.02,3.96,3.98,350
PLANET-O,20260611,0.78,0.78,0.78,0.78,20
PLUS-O,20260611,1.25,1.25,1.25,1.25,50
PM-O,20260611,10.7,10.7,10.6,10.6,122
PMC-O,20260611,0.85,0.85,0.85,0.85,1
PORT-O,20260611,0.68,0.68,0.68,0.68,4
PPM-O,20260611,1.72,1.72,1.72,1.72,60
PPS-O,20260611,0.18,0.19,0.18,0.18,11
PQS-O,20260611,1.65,1.65,1.65,1.65,1
PR9-O,20260611,16.5,16.5,16.3,16.4,191
PRAPAT-O,20260611,0.79,0.79,0.79,0.79,80
PRG-O,20260611,9.15,9.15,9.15,9.15,5
PRIME-O,20260611,0.05,0.05,0.05,0.05,84
PRM-O,20260611,8.2,8.45,8.2,8.45,215
PROSPECT-O,20260611,9.35,9.6,9.35,9.55,231
PROUD-O,20260611,0.94,0.94,0.92,0.92,10
PSGC-O,20260611,5.5,5.55,5.2,5.4,308
PSH-O,20260611,3.44,4.44,3.44,3.52,53
PSL-O,20260611,6.95,7.05,6.9,7,302
PSTC-O,20260611,0.33,0.33,0.32,0.32,20
PT-O,20260611,10.8,10.9,10.8,10.9,68
PTG-O,20260611,7.2,7.25,7.15,7.15,797
PTT-O,20260611,36.5,36.5,36.25,36.25,4314
PTTEP-O,20260611,145,146,144,144.5,2497
PTTGC-O,20260611,33.75,35,33.75,34.75,1803
PYLON-O,20260611,3.3,3.34,3.3,3.34,29
QDC-O,20260611,0.08,0.1,0.08,0.1,66
QH-O,20260611,1.3,1.34,1.3,1.33,713
QHHRREIT-O,20260611,7.75,7.8,7.75,7.8,62
QLT-O,20260611,1.52,1.52,1.52,1.52,4
RABBIT-O,20260611,0.36,0.36,0.36,0.36,80
RAM-O,20260611,18.3,18.3,18.2,18.2,60
RATCH-O,20260611,29.5,30,29.5,29.75,682
RBF-O,20260611,4.42,4.48,4.42,4.48,23
RCL-O,20260611,31.75,32.25,31.75,32,671
RICHY-O,20260611,0.14,0.14,0.14,0.14,91
RJH-O,20260611,13.3,13.3,13.1,13.2,51
ROCK-O,20260611,10.2,10.2,10.1,10.1,25
ROJNA-O,20260611,5.55,5.55,5.5,5.5,77
RP-O,20260611,0.6,0.6,0.6,0.6,10
RPH-O,20260611,5.05,5.05,4.86,4.86,105
RS-O,20260611,0.17,0.17,0.15,0.15,6
RT-O,20260611,0.3,0.3,0.3,0.3,31
S11-O,20260611,3.96,4.04,3.96,4.04,45
SABINA-O,20260611,15.1,15.2,15.1,15.1,312
SAK-O,20260611,3.02,3.02,3,3,100
SAMART-O,20260611,5.45,5.45,5.45,5.45,4
SAMTEL-O,20260611,3.42,3.42,3.34,3.34,82
SANKO-O,20260611,0.88,0.88,0.88,0.88,17
SAPPE-O,20260611,30.25,30.25,30,30.25,51
SAT-O,20260611,15.7,15.8,15.6,15.7,148
SAUCE-O,20260611,41,41,40.25,40.25,13
SAV-O,20260611,10.8,10.8,10.7,10.7,21
SAWAD-O,20260611,20.2,20.3,20,20,982
SC-O,20260611,1.76,1.77,1.76,1.76,215
SCAP-O,20260611,1.61,1.69,1.61,1.63,346
SCB-O,20260611,138,138.5,137,138,11806
SCC-O,20260611,235,238,235,236,900
SCCC-O,20260611,146,146.5,145,146,167
SCG-O,20260611,2.3,2.3,2.28,2.28,10
SCGD-O,20260611,5,5,4.86,4.9,234
SCGP-O,20260611,25.25,25.75,25,25,362
SCP-O,20260611,8.95,9,8.9,8.95,39
SDC-O,20260611,0.03,0.03,0.02,0.02,15
SE-ED-O,20260611,1.78,1.78,1.78,1.78,5
SE-O,20260611,0.49,0.49,0.49,0.49,54
SEAOIL-O,20260611,3.16,3.16,3.12,3.14,187
SECURE-O,20260611,13,13,13,13,3
SEI-O,20260611,1.6,1.6,1.6,1.6,4
SELIC-O,20260611,2.96,2.98,2.96,2.98,141
SENX-O,20260611,0.22,0.22,0.22,0.22,1
SFLEX-O,20260611,2.78,2.78,2.76,2.76,5
SGC-O,20260611,1.33,1.38,1.33,1.35,435
SGF-O,20260611,0.14,0.14,0.11,0.11,67
SGP-O,20260611,8.8,8.85,8.8,8.85,12
SHR-O,20260611,1.56,1.56,1.55,1.55,13
SICT-O,20260611,2.66,2.72,2.66,2.72,47
SINGER-O,20260611,8.6,9.1,8.6,8.95,386
SIRI-O,20260611,1.4,1.42,1.39,1.4,1342
SIRIPRT-O,20260611,7.05,7.05,6.9,6.9,50
SIS-O,20260611,20.9,21,20.6,20.6,401
SISB-O,20260611,9.55,9.55,9.5,9.55,238
SJWD-O,20260611,7.25,7.55,7.25,7.3,65
SMD100-O,20260611,1.18,1.2,1.16,1.17,104
SMO-O,20260611,3.64,3.7,3.64,3.7,164
SMT-O,20260611,2.9,3.1,2.88,3.1,480
SNNP-O,20260611,6.6,6.6,6.55,6.6,131
SNP-O,20260611,9,9,9,9,2
SO-O,20260611,4.58,4.58,4.58,4.58,80
SOLAR-O,20260611,0.2,0.28,0.2,0.27,42
SONIC-O,20260611,1.49,1.49,1.49,1.49,4
SORKON-O,20260611,3.64,3.64,3.64,3.64,1
SPA-O,20260611,2.94,2.94,2.94,2.94,19
SPALI-O,20260611,15.5,15.6,15.3,15.4,395
SPC-O,20260611,55.25,55.25,55.25,55.25,1
SPCG-O,20260611,8.9,9,8.85,8.85,364
SPI-O,20260611,32,32,32,32,19
SPRC-O,20260611,7.35,7.4,7.3,7.35,135
SPREME-O,20260611,1.5,1.5,1.4,1.4,7
SPRIME-O,20260611,3.9,3.9,3.9,3.9,1
SPTX-O,20260611,0.01,0.01,0.01,0.01,82
SPVI-O,20260611,3.38,3.4,3.36,3.4,238
SRICHA-O,20260611,16.8,16.8,16.5,16.5,300
SRS-O,20260611,1.88,1.88,1.88,1.88,100
SSF-O,20260611,5,5,5,5,3
SSP-O,20260611,3.66,3.66,3.64,3.64,124
SSSC-O,20260611,2.14,2.14,2.14,2.14,50
SST-O,20260611,1,1,0.7,0.98,32
SSTRT-O,20260611,3.12,3.12,3.12,3.12,1
STA-O,20260611,19,19.1,18.9,19,96
STANLY-O,20260611,236,236,235,236,191
STC-O,20260611,0.56,0.56,0.56,0.56,2
STECON-O,20260611,15.6,16,15.6,15.8,547
STELLA-O,20260611,0.3,0.3,0.3,0.3,6
STGT-O,20260611,10.8,11.1,10.8,11,366
STI-O,20260611,1.72,1.72,1.72,1.72,10
STOWER-O,20260611,0.03,0.03,0.03,0.03,223
STPI-O,20260611,5.4,5.45,5.35,5.4,229
STX-O,20260611,0.86,0.86,0.86,0.86,25
SUC-O,20260611,27.25,27.25,27.25,27.25,35
SUN-O,20260611,2.46,2.5,2.44,2.44,24
SUPER-O,20260611,0.13,0.14,0.13,0.13,289
SUPEREIF-O,20260611,6.2,6.2,6.2,6.2,1
SUSCO-O,20260611,2.46,2.46,2.06,2.06,121
SWC-O,20260611,4.54,4.54,4.48,4.48,25
SYMC-O,20260611,4.8,4.8,4.74,4.74,26
SYNEX-O,20260611,9.1,9.1,9,9.05,101
SYNTEC-O,20260611,1.37,1.37,1.37,1.37,49
TACC-O,20260611,5.7,5.9,5.7,5.85,198
TAE-O,20260611,1.74,1.74,1.71,1.71,55
TAKUNI-O,20260611,0.38,0.43,0.38,0.43,92
TASCO-O,20260611,13.7,13.8,13.7,13.7,46
TCAP-O,20260611,60.25,60.5,60,60.25,323
TCC-O,20260611,0.33,0.34,0.33,0.34,73
TCJ-O,20260611,2.3,2.3,1.71,1.71,51
TCMC-O,20260611,0.31,0.31,0.31,0.31,10
TEAM-O,20260611,4.52,4.56,4.52,4.56,95
TEGH-O,20260611,3.14,3.2,3.14,3.18,90
TEKA-O,20260611,1.72,1.72,1.7,1.7,2
TERA-O,20260611,1.06,1.06,1.06,1.06,5
TFFIF-O,20260611,6.65,6.65,6.55,6.6,197
TFG-O,20260611,8.8,9.1,8.8,8.95,1644
TFM-O,20260611,6.65,6.65,6.45,6.45,212
TFMAMA-O,20260611,188,188,186.5,187.5,88
THAI-O,20260611,6.75,6.85,6.7,6.75,1008
THANI-O,20260611,1.62,1.62,1.61,1.62,100
THCOM-O,20260611,11.6,11.9,11.6,11.7,483
THG-O,20260611,7.55,9.55,7.4,9.55,11
THIP-O,20260611,20.2,20.3,20.2,20.3,50
THREL-O,20260611,0.99,0.99,0.71,0.99,198
TIDLOR-O,20260611,16.5,16.8,16.5,16.6,996
TIPCO-O,20260611,6.65,6.65,6,6,52
TIPH-O,20260611,21.9,22.3,21.9,22.1,214
TISCO-O,20260611,122.5,122.5,113.5,113.5,4851
TKN-O,20260611,4.02,4.02,3.98,3.98,79
TKS-O,20260611,7.25,7.35,7.25,7.35,61
TLI-O,20260611,11.4,11.7,11.3,11.4,447
TMAN-O,20260611,10.7,10.8,10.7,10.8,25
TMILL-O,20260611,2.38,2.38,2.38,2.38,1
TMW-O,20260611,60,60,60,60,2
TNDT-O,20260611,0.1,0.15,0.1,0.15,39
TNITY-O,20260611,2.44,2.46,1.74,2.38,188
TNP-O,20260611,2.78,2.78,2.74,2.74,90
TNR-O,20260611,5.15,5.15,5.15,5.15,1
TOA-O,20260611,12.3,12.3,12,12.1,196
TOP-O,20260611,44.75,45.75,44.75,45.25,755
TPAC-O,20260611,8.4,8.4,8.4,8.4,10
TPCH-O,20260611,1.42,1.42,1.42,1.42,5
TPIPL-O,20260611,0.78,0.8,0.77,0.79,219
TPIPP-O,20260611,1.76,1.77,1.74,1.76,265
TPLAS-O,20260611,1.06,1.06,1.06,1.06,44
TPRIME-O,20260611,7.5,7.65,7.5,7.65,94
TPS-O,20260611,3.02,3.02,3.02,3.02,2
TQM-O,20260611,13.6,13.7,13.6,13.7,85
TQR-O,20260611,5.2,5.2,5.2,5.2,11
TRC-O,20260611,0.55,0.56,0.42,0.54,250
TRITN-O,20260611,0.03,0.03,0.02,0.02,50
TRT-O,20260611,10.4,10.9,10.4,10.9,215
TRUBB-O,20260611,1.1,1.15,1.09,1.12,817
TRUE-O,20260611,13.8,14.1,13.8,13.9,2519
TSE-O,20260611,0.92,0.92,0.78,0.78,22
TSTH-O,20260611,0.89,0.89,0.89,0.89,93
TTA-O,20260611,5.05,5.05,4.96,4.96,9
TTB-O,20260611,2.32,2.32,2.3,2.3,4226
TTLPF-O,20260611,9.55,9.55,9.55,9.55,14
TTT-O,20260611,41.75,42,41.25,42,14
TTW-O,20260611,9.4,9.4,9.35,9.4,439
TU-O,20260611,11.2,11.5,11.1,11.5,741
TURBO-O,20260611,1.39,1.39,1.36,1.36,220
TVDH-O,20260611,0.04,0.04,0.04,0.04,58
TVO-O,20260611,25.75,26.25,25.75,25.75,354
TWP-O,20260611,1.14,1.14,0.99,0.99,81
TWZ-O,20260611,0.02,0.02,0.01,0.02,4
UAC-O,20260611,2.6,2.6,2.6,2.6,71
UBIS-O,20260611,0.84,0.84,0.84,0.84,4
UEC-O,20260611,0.83,0.83,0.82,0.82,60
UKEM-O,20260611,0.96,0.98,0.96,0.98,47
UMS-O,20260611,1.01,1.05,0.95,1.05,631
UNIX-O,20260611,1.67,1.67,1.67,1.67,14
UP-O,20260611,23.6,23.6,23.6,23.6,1
UPOIC-O,20260611,8.65,8.65,8.65,8.65,1
UREKA-O,20260611,0.42,0.42,0.41,0.42,51
UTP-O,20260611,7.9,7.9,7.9,7.9,265
UVAN-O,20260611,14.5,15.3,14.5,14.5,325
VCOM-O,20260611,3.94,3.94,3.88,3.9,116
VGI-O,20260611,0.89,0.9,0.89,0.9,61
VL-O,20260611,1.04,1.04,1.04,1.04,1
VNG-O,20260611,1.9,1.9,1.9,1.9,2
VS-O,20260611,0.26,0.26,0.26,0.26,40
WACOAL-O,20260611,15.5,15.5,15.5,15.5,1
WARRIX-O,20260611,1.4,1.41,1.4,1.41,25
WASH-O,20260611,3.98,3.98,3.98,3.98,3
WHA-O,20260611,5,5.05,4.98,4.98,1725
WHABT-O,20260611,5.85,5.9,5.8,5.85,53
WHAIR-O,20260611,7.45,7.45,7.4,7.4,38
WHART-O,20260611,10.8,10.8,10.7,10.8,172
WHAUP-O,20260611,6.3,6.3,6,6,576
WICE-O,20260611,2.46,2.52,2.46,2.52,56
WIN-O,20260611,0.25,0.25,0.25,0.25,1
WINDOW-O,20260611,0.73,0.73,0.73,0.73,10
WINNER-O,20260611,2.08,2.08,2.08,2.08,37
WP-O,20260611,3.5,3.5,3.48,3.48,14
WPH-O,20260611,5.7,5.8,5.7,5.8,67
XBIO-O,20260611,0.07,0.09,0.07,0.07,31
XO-O,20260611,15.4,18,15.4,17.4,1049
XPG-O,20260611,0.44,0.46,0.44,0.45,36
XYZ-O,20260611,0.3,0.31,0.29,0.31,14
YGG-O,20260611,0.19,0.19,0.19,0.19,6
ZEN-O,20260611,5.4,5.4,5.4,5.4,2
2S,20260611,3.02,3.04,3,3.04,494200
3BBIF,20260611,6.45,6.5,6.45,6.45,4587600
88TH,20260611,4.32,4.42,4.32,4.34,990000
A,20260611,3.08,3.08,2.9,2.9,300
A5,20260611,1.82,1.82,1.82,1.82,600
AAI,20260611,3.48,3.52,3.46,3.48,1735100
AAV,20260611,1.05,1.06,1.05,1.05,15813900
ABM,20260611,0.48,0.5,0.46,0.46,8800
ACC,20260611,0.37,0.37,0.36,0.37,1653000
ACE,20260611,1.28,1.29,1.28,1.29,330100
ACG,20260611,0.74,0.75,0.74,0.75,4200
ADB,20260611,0.63,0.8,0.63,0.74,11913500
ADD,20260611,3.34,3.36,3.3,3.34,12300
ADVANC,20260611,354,362,354,359,6441000
ADVICE,20260611,6.1,6.3,6.1,6.15,2149600
AE,20260611,0.09,0.1,0.09,0.09,1616600
AEONTS,20260611,93.5,95,93.25,94.75,360300
AF,20260611,0.34,0.35,0.33,0.35,400
AFC,20260611,3.8,3.8,3.8,3.8,100
AGE,20260611,1.34,1.35,1.3,1.33,4751900
AH,20260611,14,14.1,14,14.1,31800
AHC,20260611,12.5,12.5,12.5,12.5,200
AI,20260611,2.92,2.92,2.9,2.9,52000
AIE,20260611,1.17,1.18,1.16,1.16,505100
AIMCG,20260611,1.33,1.36,1.33,1.36,205800
AIMIRT,20260611,11.5,11.5,11.4,11.5,533300
AIRA,20260611,1.08,1.08,1.07,1.07,1200
AIT,20260611,4.68,4.72,4.68,4.7,130300
AJ,20260611,2.74,2.92,2.74,2.86,2299100
AJA,20260611,0.14,0.14,0.13,0.14,3104300
AKP,20260611,0.72,0.73,0.7,0.71,2062700
AKR,20260611,0.88,0.9,0.88,0.88,1026100
AKS,20260611,0.01,0.02,0.01,0.02,2810900
ALLA,20260611,1.16,1.16,1.15,1.16,412600
ALLY,20260611,4.7,4.72,4.68,4.72,449400
ALPHAX,20260611,0.27,0.28,0.26,0.27,2297100
ALT,20260611,1.52,1.62,1.51,1.6,4268000
ALUCON,20260611,233,235,233,233,400
AMA,20260611,3.8,3.82,3.8,3.82,163400
AMANAH,20260611,0.63,0.66,0.63,0.64,1189600
AMARC,20260611,3.36,3.38,3.3,3.34,1379300
AMARIN,20260611,2.62,2.62,2.42,2.6,9700
AMATA,20260611,27.25,27.75,27,27,10162000
AMATAR,20260611,7.25,7.25,7.25,7.25,6200
AMATAV,20260611,1.99,2,1.97,1.99,19600
AMC,20260611,2.16,2.18,2.16,2.18,1200
AMR,20260611,0.41,0.42,0.41,0.41,179600
ANAN,20260611,0.32,0.33,0.32,0.33,1480900
ANI,20260611,2.52,2.64,2.52,2.6,114900
AOT,20260611,56.25,57,55.75,55.75,27139600
AP,20260611,6.9,7.05,6.9,7.05,9818200
APCO,20260611,2.62,2.64,2.58,2.64,78000
APCS,20260611,1.4,1.46,1.4,1.45,308000
APO,20260611,2.08,2.08,2.06,2.06,112400
APP,20260611,2.48,2.52,2.48,2.5,64700
APURE,20260611,1.98,2.02,1.98,2.02,146300
AQUA,20260611,0.1,0.11,0.1,0.1,1711300
ARIN,20260611,0.48,0.5,0.48,0.48,677700
ARIP,20260611,0.45,0.46,0.44,0.44,789900
ARROW,20260611,5.5,5.7,5.45,5.65,81500
AS,20260611,2.28,2.38,2.26,2.26,1148600
ASAP,20260611,2.12,2.18,2.12,2.18,121100
ASEFA,20260611,6,6,5.85,5.95,696200
ASIA,20260611,5.3,5.35,5.3,5.35,200
ASIAN,20260611,7,7,6.9,6.95,284100
ASIMAR,20260611,1.34,1.38,1.34,1.34,82400
ASK,20260611,9.05,9.2,9.05,9.1,95100
ASN,20260611,0.73,0.74,0.73,0.74,5200
ASP,20260611,2.12,2.14,2.12,2.12,235800
ASTR,20260611,4.76,5.05,4.76,4.96,55200
ASW,20260611,6.9,6.9,6.75,6.9,67000
ATLAS,20260611,1.83,1.85,1.81,1.81,4057500
ATP30,20260611,0.8,0.8,0.78,0.78,459300
AU,20260611,4.58,4.64,4.58,4.6,194800
AUCT,20260611,3.92,3.92,3.82,3.88,1329000
AURA,20260611,13.9,13.9,13.7,13.8,1664400
AWC,20260611,2.34,2.4,2.34,2.38,15565300
AXTRART,20260611,12.7,12.7,12.6,12.6,800900
AYUD,20260611,39.5,39.5,39.25,39.5,1900
B,20260611,0.04,0.04,0.03,0.04,1507000
B-WORK,20260611,6.1,6.15,6.05,6.15,75800
B52,20260611,0.22,0.23,0.21,0.23,253100
BA,20260611,16.1,16.3,15.9,16.2,6737500
BAFS,20260611,8.75,8.85,8.75,8.85,127300
BAM,20260611,6.45,6.75,6.45,6.7,40315300
BANPU,20260611,5.45,5.5,5.45,5.45,15789500
BAREIT,20260611,10.8,10.9,10.8,10.9,282600
BAY,20260611,36.5,37.25,36.5,36.75,1563200
BBGI,20260611,4.14,4.22,4.12,4.16,1135200
BBIK,20260611,18.4,19.1,18.4,19,2634300
BBL,20260611,169,170.5,168,168.5,6735300
BC,20260611,0.63,0.65,0.62,0.65,100800
BCH,20260611,9.2,9.25,9.1,9.15,9328800
BCP,20260611,33.75,33.75,33,33.5,4591900
BCPG,20260611,6.45,6.55,6.45,6.45,4569900
BCT,20260611,49,50,49,50,1600
BDMS,20260611,18,18.1,17.8,17.9,62525200
BE8,20260611,5.8,6,5.6,5.6,1321600
BEAUTY,20260611,0.36,0.37,0.36,0.36,2785800
BEC,20260611,1.92,1.97,1.92,1.96,312300
BEM,20260611,5.2,5.3,5.2,5.2,25245300
BEYOND,20260611,8.8,8.85,8.75,8.8,18500
BGC,20260611,6.9,7.05,6.9,6.9,1531900
BGRIM,20260611,13.7,14.1,13.7,14,15445200
BGT,20260611,0.35,0.36,0.35,0.36,600
BH,20260611,176,178,175,175.5,3489700
BIG,20260611,0.31,0.31,0.29,0.3,308400
BIOTEC,20260611,0.26,0.27,0.25,0.26,6975800
BIS,20260611,2.02,2.02,2,2,55800
BIZ,20260611,5.85,6.05,5.8,6,757100
BJC,20260611,13.9,14.1,13.9,13.9,1667100
BJCHI,20260611,0.77,0.8,0.77,0.8,523900
BKA,20260611,0.69,0.71,0.69,0.69,543200
BKD,20260611,1.14,1.14,1.12,1.12,14800
BKGI,20260611,1.96,2.14,1.93,2.08,3625900
BKIH,20260611,373,373,370,370,13100
BLA,20260611,25,25.75,25,25.25,2949000
BLAND,20260611,0.45,0.45,0.44,0.45,1131200
BLC,20260611,4,4.02,3.98,4,410800
BLESS,20260611,0.22,0.22,0.19,0.22,829400
BM,20260611,1.02,1.03,1.01,1.03,406000
BOFFICE,20260611,5.3,5.35,5.2,5.2,897700
BOL,20260611,4.88,4.9,4.84,4.88,299900
BPP,20260611,11.5,11.5,11.4,11.5,47400
BPS,20260611,0.45,0.47,0.45,0.46,84000
BR,20260611,1.84,1.88,1.83,1.84,1491700
BRI,20260611,1.28,1.28,1.25,1.25,54100
BROCK,20260611,1.18,1.21,1.18,1.19,27700
BRR,20260611,3.58,3.58,3.56,3.56,78800
BRRGIF,20260611,3.7,3.74,3.7,3.74,623700
BSBM,20260611,0.6,0.61,0.59,0.6,61700
BSM,20260611,0.32,0.33,0.3,0.32,46100
BTC,20260611,0.15,0.16,0.15,0.15,7538600
BTG,20260611,20,20.4,19.8,19.9,6176500
BTS,20260611,2.04,2.06,2.02,2.04,13742800
BTSGIF,20260611,2.44,2.44,2.42,2.44,1131600
BTW,20260611,0.06,0.06,0.05,0.05,109400
BUI,20260611,10.8,10.8,10.7,10.7,10900
BVG,20260611,1.58,1.59,1.58,1.58,186500
BWG,20260611,0.29,0.3,0.28,0.29,17388800
BYD,20260611,0.49,0.5,0.49,0.49,1831600
CAZ,20260611,1.55,1.58,1.55,1.56,25100
CBG,20260611,39.75,40.25,39.25,39.25,1864800
CCET,20260611,8.75,9.35,8.7,9.25,35671600
CCP,20260611,0.27,0.27,0.26,0.26,1071500
CEN,20260611,0.58,0.59,0.58,0.59,375600
CENTEL,20260611,33.25,33.5,32.75,33,5046100
CEYE,20260611,1.15,1.18,1.15,1.17,9600
CFARM,20260611,0.8,0.81,0.79,0.8,2614000
CFRESH,20260611,0.95,0.98,0.95,0.96,319400
CGD,20260611,0.11,0.11,0.1,0.1,381800
CGH,20260611,0.52,0.55,0.52,0.55,389300
CH,20260611,1.49,1.49,1.49,1.49,10000
CHAO,20260611,4.18,4.18,4.16,4.16,101900
CHASE,20260611,0.47,0.49,0.47,0.47,217300
CHAYO,20260611,1.23,1.26,1.23,1.24,1528800
CHEWA,20260611,0.16,0.17,0.15,0.17,808600
CHG,20260611,1.39,1.43,1.39,1.41,24071500
CHIC,20260611,0.31,0.32,0.31,0.31,41100
CHO,20260611,0.03,0.04,0.03,0.03,1950700
CHOW,20260611,1.34,1.43,1.34,1.37,71200
CI,20260611,0.33,0.33,0.32,0.33,1200
CIG,20260611,0.02,0.03,0.02,0.03,5200
CIVIL,20260611,1.03,1.06,1.01,1.01,1035600
CK,20260611,17.8,18.2,17.7,17.8,6261300
CKP,20260611,2.28,2.32,2.28,2.28,3738300
CM,20260611,1.59,1.59,1.59,1.59,100
CMAN,20260611,2.82,2.82,2.76,2.8,326600
CMC,20260611,0.36,0.36,0.33,0.35,62500
CMO,20260611,0.6,0.65,0.59,0.65,330700
CMR,20260611,1.28,1.29,1.26,1.27,384800
CNT,20260611,1.47,1.54,1.47,1.5,469200
COCOCO,20260611,5.5,5.6,5.5,5.6,208400
COLOR,20260611,1.02,1.05,1.02,1.05,105300
COM7,20260611,26.25,26.75,26.25,26.5,4379300
COMAN,20260611,0.5,0.53,0.5,0.5,107400
CPALL,20260611,45.25,45.75,44.75,44.75,22785300
CPANEL,20260611,1.21,1.24,1.21,1.23,4400
CPAXT,20260611,14.7,14.8,14.4,14.4,15594400
CPF,20260611,18.9,19,18.7,18.7,25984400
CPH,20260611,7.75,7.85,7.75,7.85,3200
CPI,20260611,3.44,3.44,3.42,3.42,115500
CPL,20260611,0.62,0.64,0.62,0.64,94000
CPN,20260611,64,64.75,63.25,63.5,6023200
CPNCG,20260611,5.65,5.65,5.55,5.6,466800
CPNREIT,20260611,12.6,12.7,12.5,12.7,918800
CPR,20260611,2.62,2.64,2.62,2.62,5900
CPT,20260611,1.01,1.02,1,1.02,91100
CPTREIT,20260611,6.45,6.5,6.45,6.5,91900
CPW,20260611,2.1,2.32,2.1,2.28,872900
CRANE,20260611,0.37,0.38,0.37,0.37,52500
CRC,20260611,21,21.1,20.7,20.9,6626200
CRD,20260611,0.45,0.45,0.41,0.44,1889900
CREDIT,20260611,18.3,18.7,18.3,18.4,150600
CSC,20260611,44.25,44.25,44.25,44.25,800
CSP,20260611,0.51,0.55,0.51,0.55,1280200
CSR,20260611,74.5,76.5,74.25,74.25,20400
CSS,20260611,0.9,0.93,0.89,0.91,1984100
CTARAF,20260611,4.56,4.56,4.54,4.56,141900
CTW,20260611,6.1,7,6.1,6.95,1762600
CWT,20260611,0.75,0.76,0.74,0.74,273900
D,20260611,2.86,2.88,2.84,2.88,160300
DCC,20260611,1.32,1.33,1.31,1.32,844300
DCON,20260611,0.19,0.2,0.19,0.19,3278100
DDD,20260611,4.78,4.82,4.7,4.82,18700
DELTA,20260611,350,361,347,358,15667900
DEMCO,20260611,2.7,2.8,2.7,2.74,500000
DHOUSE,20260611,0.35,0.35,0.3,0.34,105400
DIF,20260611,10,10.1,10,10.1,3974100
DIMET,20260611,0.06,0.06,0.05,0.05,23100
DITTO,20260611,12.2,12.9,12.2,12.8,4059300
DMT,20260611,11.3,11.6,11.3,11.4,817300
DOD,20260611,1.6,1.61,1.59,1.59,39800
DOHOME,20260611,3.3,3.4,3.3,3.34,7300700
DPAINT,20260611,0.29,0.36,0.28,0.3,13932200
DREIT,20260611,4.8,4.8,4.78,4.8,148900
DRT,20260611,4.96,4.98,4.94,4.98,65700
DTCENT,20260611,0.94,0.94,0.92,0.94,73700
DUSIT,20260611,10.2,10.3,10.1,10.2,159500
EA,20260611,3.1,3.22,3.1,3.14,86666400
EASON,20260611,1.08,1.08,1.06,1.07,503500
EAST,20260611,0.67,0.68,0.67,0.67,274700
EASTW,20260611,4.32,4.34,4.26,4.3,2599900
ECF,20260611,0.04,0.05,0.03,0.05,36077200
EFORL,20260611,0.13,0.13,0.12,0.13,124200
EGATIF,20260611,6.15,6.15,6.1,6.15,608800
EGCO,20260611,114.5,116,114.5,115,316200
EKH,20260611,4.98,4.98,4.94,4.96,278300
EMC,20260611,0.02,0.02,0.01,0.02,2401600
EMPIRE,20260611,0.2,0.25,0.19,0.22,46140800
EP,20260611,1.07,1.08,1.06,1.07,134900
EPG,20260611,5.35,5.6,5.35,5.55,19285100
ERW,20260611,2.8,2.82,2.74,2.74,29510000
ESTAR,20260611,0.21,0.22,0.21,0.22,147600
ETC,20260611,0.7,0.71,0.69,0.71,2730600
ETE,20260611,0.57,0.57,0.55,0.57,65200
ETL,20260611,0.37,0.37,0.36,0.36,103800
EURO,20260611,5,5.2,5,5.2,47400
EVER,20260611,0.06,0.06,0.05,0.05,647600
F&D,20260611,50,50,50,50,300
FANCY,20260611,0.31,0.34,0.31,0.32,188000
FLOYD,20260611,1.01,1.01,0.99,1.01,114900
FM,20260611,4.08,4.1,4.04,4.08,662200
FN,20260611,0.48,0.48,0.46,0.48,4900
FNS,20260611,0.48,0.51,0.48,0.51,55500
FORTH,20260611,13.8,14.6,13.8,14.3,8225900
FPI,20260611,1.52,1.52,1.47,1.49,111800
FPT,20260611,6.3,6.4,6.25,6.35,76800
FSMART,20260611,6.9,7.3,6.9,7.15,1488400
FSX,20260611,1.13,1.14,1.12,1.14,1500
FTE,20260611,2.34,2.36,2.34,2.34,182000
FTI,20260611,1.77,1.83,1.71,1.8,61200
FTREIT,20260611,11.6,11.7,11.6,11.7,992600
FUTURERT,20260611,8.85,8.85,8.85,8.85,7500
FVC,20260611,0.31,0.32,0.3,0.31,793300
GABLE,20260611,3.96,3.98,3.92,3.92,266500
GAHREIT,20260611,4.18,4.18,4.18,4.18,300
GBX,20260611,0.57,0.57,0.56,0.57,110400
GC,20260611,4.5,4.52,4.5,4.52,47800
GCAP,20260611,0.26,0.27,0.26,0.26,545300
GEL,20260611,0.02,0.03,0.02,0.03,9710800
GENCO,20260611,0.33,0.34,0.33,0.33,172200
GFC,20260611,2.42,2.46,2.36,2.36,305500
GFPT,20260611,8.55,8.65,8.55,8.55,1411400
GGC,20260611,3.78,3.78,3.7,3.78,59000
GJS,20260611,0.14,0.14,0.13,0.13,1097500
GLOBAL,20260611,6.15,6.25,6.15,6.15,10783400
GLORY,20260611,1.09,1.17,1.05,1.07,47300
GPI,20260611,1.69,1.71,1.69,1.71,236200
GPSC,20260611,39,40,39,39.25,4189600
GRAMMY,20260611,2.96,3,2.96,3,1500
GRAND,20260611,0.02,0.03,0.02,0.02,540700
GREEN,20260611,0.71,0.74,0.71,0.74,123700
GROREIT,20260611,8.85,8.9,8.85,8.85,183900
GTB,20260611,0.7,0.7,0.69,0.69,104700
GTV,20260611,0.02,0.03,0.02,0.03,2762400
GULF,20260611,63.25,64.75,62.25,62.75,88812200
GUNKUL,20260611,3.78,4.04,3.72,3.96,187865100
GVREIT,20260611,7,7.05,7,7.05,161100
HANA,20260611,33.5,35.25,33.25,34.75,10841700
HANN,20260611,0.91,0.92,0.9,0.9,281100
HARN,20260611,2.04,2.08,2.04,2.06,66300
HENG,20260611,0.89,0.91,0.88,0.89,3758000
HFT,20260611,4.08,4.1,4.08,4.08,89900
HL,20260611,5.7,5.7,5.7,5.7,1100
HMPRO,20260611,6,6.05,6,6,23476900
HPF,20260611,6,6.05,6,6.05,3000
HPT,20260611,0.12,0.15,0.12,0.15,16267500
HTC,20260611,15.7,15.8,15.6,15.8,51200
HTECH,20260611,3.32,3.42,3.32,3.34,579300
HUMAN,20260611,4.76,4.8,4.74,4.8,415600
HYDRO,20260611,0.09,0.1,0.08,0.09,9532400
HYDROGEN,20260611,8.35,8.4,8.35,8.4,1500
I2,20260611,0.85,0.85,0.79,0.79,1095800
ICC,20260611,24,24,24,24,300
ICHI,20260611,12.8,13,12.8,13,2014200
ICN,20260611,1.93,2.04,1.93,2.02,789400
IDG,20260611,1.19,1.22,1.15,1.17,49300
IFS,20260611,1.81,1.82,1.81,1.82,66200
IHL,20260611,1.38,1.41,1.37,1.38,35200
IIG,20260611,1.33,1.42,1.31,1.34,505600
III,20260611,4.04,4.22,4.02,4.22,583700
ILINK,20260611,4.62,4.68,4.6,4.64,158600
ILM,20260611,12.4,12.5,12.4,12.5,16100
IMH,20260611,2.9,2.92,2.88,2.92,22000
IMPACT,20260611,11.2,11.3,11.2,11.2,576500
IND,20260611,0.84,0.84,0.82,0.82,114400
INET,20260611,3.86,3.9,3.84,3.84,787800
INETREIT,20260611,12.4,12.5,12.4,12.4,753200
INOX,20260611,4.32,4.32,4.24,4.24,31900
INSET,20260611,3.12,3.24,3.1,3.16,6100200
INSURE,20260611,56.5,56.5,56.5,56.5,100
IP,20260611,4.42,4.42,4.3,4.34,461400
IRC,20260611,11.8,11.8,11.8,11.8,4900
IRCP,20260611,0.25,0.26,0.25,0.26,91600
IROYAL,20260611,4.56,4.58,4.48,4.5,365500
IRPC,20260611,1.84,1.86,1.79,1.84,154716400
ISSARA,20260611,6.6,7,6.6,6.85,7600
IT,20260611,5.55,5.6,5.2,5.35,286900
ITC,20260611,16,16.1,15.8,15.9,3169800
ITD,20260611,0.35,0.36,0.34,0.34,8962900
ITEL,20260611,1.25,1.3,1.25,1.27,5688500
ITNS,20260611,1.74,1.75,1.74,1.74,7900
ITTHI,20260611,1.19,1.24,1.18,1.18,293500
IVF,20260611,0.64,0.64,0.62,0.64,48400
IVL,20260611,22.4,23.5,22.4,23.2,31491000
J,20260611,0.68,0.73,0.68,0.7,2611200
JAK,20260611,0.73,0.74,0.73,0.74,1500
JAS,20260611,1.26,1.32,1.22,1.24,462275300
JCK,20260611,0.13,0.14,0.13,0.14,757000
JCT,20260611,82.5,82.5,80.25,80.5,2100
JDF,20260611,1.94,1.96,1.94,1.95,37800
JMART,20260611,8.45,8.8,8.45,8.8,10781700
JMT,20260611,10.2,10.6,10.2,10.5,9528900
JPARK,20260611,2.96,3.06,2.96,3.02,357700
JR,20260611,1.68,1.77,1.68,1.69,95200
JSP,20260611,1.68,1.73,1.67,1.7,255900
JTS,20260611,37.25,37.25,36.25,36.5,374900
JUBILE,20260611,7.15,7.2,7.15,7.2,3800
K,20260611,0.97,0.97,0.95,0.96,28500
KAMART,20260611,7.25,7.3,7.2,7.25,371400
KASET,20260611,0.65,0.67,0.65,0.65,318700
KBANK,20260611,198,199,197,197.5,10156300
KBS,20260611,5.7,5.75,5.7,5.7,176100
KBSPIF,20260611,9.35,9.35,9.3,9.3,32600
KC,20260611,0.03,0.03,0.01,0.02,5944100
KCAR,20260611,4.76,4.78,4.76,4.76,24400
KCC,20260611,2.86,2.9,2.8,2.9,616000
KCE,20260611,35.25,36.75,35.25,36.25,18775700
KCG,20260611,9.8,10,9.7,9.8,595200
KCM,20260611,0.25,0.26,0.25,0.25,161600
KGEN,20260611,1.84,1.9,1.82,1.83,21550700
KGI,20260611,4.26,4.3,4.26,4.28,1166900
KIAT,20260611,0.33,0.34,0.33,0.34,100200
KISS,20260611,3.4,3.42,3.38,3.4,238400
KJL,20260611,6,6.05,5.95,6,5400
KK,20260611,1,1.03,1,1,113400
KKP,20260611,86.5,87.75,86.25,87,4080400
KLINIQ,20260611,26.25,26.75,25.75,26,251900
KOOL,20260611,0.29,0.3,0.29,0.3,1231600
KSL,20260611,1.46,1.53,1.46,1.48,1166900
KTB,20260611,34.5,35,34.5,34.75,36643100
KTBSTMR,20260611,5.9,5.9,5.85,5.85,169600
KTC,20260611,29.75,30,29.5,30,11290100
KTIS,20260611,1.88,1.88,1.8,1.83,105300
KTMS,20260611,1.19,1.19,1.17,1.19,209100
KUMWEL,20260611,1.92,1.97,1.91,1.91,206300
KUN,20260611,0.53,0.56,0.53,0.56,14100
KWM,20260611,0.77,0.78,0.76,0.76,76300
KYE,20260611,300,301,296,296,7200
L&E,20260611,1.15,1.16,1.14,1.16,16000
LALIN,20260611,4.3,4.32,4.28,4.3,38800
LANNA,20260611,14.4,14.5,14.4,14.5,85800
LDC,20260611,0.24,0.25,0.23,0.24,83800
LEE,20260611,2.46,2.46,2.44,2.44,4100
LEO,20260611,1.82,1.86,1.82,1.82,105900
LH,20260611,3.6,3.64,3.58,3.6,12766300
LHFG,20260611,1.15,1.16,1.14,1.14,3872800
LHHOTEL,20260611,12.9,13.1,12.9,13,269400
LHK,20260611,3.42,3.44,3.4,3.42,708600
LHRREIT,20260611,4.38,4.38,4.36,4.38,21400
LHSC,20260611,14.6,14.7,14.5,14.7,307500
LIT,20260611,0.68,0.71,0.68,0.71,580800
LOXLEY,20260611,1.54,1.57,1.53,1.55,159800
LPH,20260611,3.54,3.56,3.52,3.54,66700
LPN,20260611,1.54,1.55,1.52,1.54,630600
LST,20260611,4.68,4.7,4.66,4.7,87900
LTMH,20260611,5,5.05,4.94,5,147000
LTS,20260611,2.58,2.58,2.5,2.58,571100
LUXF,20260611,9,9.05,9,9.05,4100
M,20260611,20.2,20.7,20.2,20.5,1780300
M-CHAI,20260611,18.9,18.9,18.7,18.7,4300
M-STOR,20260611,8,8,8,8,600
MADAME,20260611,0.44,0.5,0.44,0.49,969900
MAGURO,20260611,17.3,17.8,17.1,17.2,789800
MAJOR,20260611,6.65,6.7,6.6,6.65,402600
MALEE,20260611,4,4.04,4,4,572800
MASTEC,20260611,1.66,1.73,1.61,1.65,37600800
MASTER,20260611,8.3,8.45,8.3,8.45,201400
MATCH,20260611,0.95,1,0.92,0.97,27200
MATI,20260611,2.9,2.94,2.9,2.9,1000
MBAX,20260611,1.9,1.91,1.85,1.88,112900
MBK,20260611,18.7,18.7,18.4,18.5,997000
MC,20260611,11,11.1,11,11,538700
MCA,20260611,1.2,1.2,1.18,1.2,121700
MCOT,20260611,5.7,5.8,5.65,5.75,55800
MCS,20260611,7.45,7.55,7.45,7.5,331000
MDX,20260611,2.46,2.5,2.44,2.44,233800
MEB,20260611,11.5,11.6,11.2,11.5,665600
MEDEZE,20260611,6.1,6.2,6.1,6.1,114100
MEGA,20260611,34.25,34.5,34,34.25,951100
MENA,20260611,0.64,0.66,0.64,0.64,450000
META,20260611,0.02,0.03,0.02,0.02,74921200
METCO,20260611,293,295,293,293,6000
MFC,20260611,19,19.2,19,19.1,27500
MFEC,20260611,5.85,5.9,5.8,5.8,248200
MGC,20260611,6.4,6.4,6.15,6.15,1663900
MGI,20260611,5.35,5.35,5.25,5.25,330800
MGT,20260611,1.72,1.77,1.72,1.75,18200
MICRO,20260611,0.93,0.99,0.93,0.94,2466400
MIDA,20260611,0.32,0.34,0.32,0.32,4730300
MII,20260611,5.75,5.75,5.65,5.75,11600
MILL,20260611,0.03,0.04,0.02,0.03,11502600
MINT,20260611,21.9,22.1,21.7,21.9,16720100
MITSIB,20260611,0.54,0.54,0.53,0.53,63200
MJD,20260611,0.3,0.31,0.29,0.3,18100
MJLF,20260611,5.55,5.6,5.5,5.6,128400
MK,20260611,0.5,0.52,0.5,0.52,95500
ML,20260611,1.33,1.45,1.33,1.45,27664200
MMM,20260611,2.76,2.76,2.72,2.76,181500
MNIT,20260611,1.89,1.9,1.88,1.89,17600
MNIT2,20260611,5,5,5,5,300
MNRF,20260611,2.02,2.04,2.02,2.02,7400
MODERN,20260611,2.04,2.04,2.02,2.04,14300
MONO,20260611,1.03,1.04,0.92,0.95,160159000
MOONG,20260611,2.36,2.36,2.32,2.32,96600
MORE,20260611,0.06,0.06,0.05,0.05,1197600
MOSHI,20260611,37.25,37.5,36.75,36.75,178200
MOTHER,20260611,1.12,1.14,1.12,1.13,332600
MPJ,20260611,3.44,3.48,3.44,3.46,4400
MRDIYT,20260611,8.8,8.95,8.75,8.85,1897900
MSC,20260611,6.3,6.35,6.25,6.35,35700
MST,20260611,7.05,7.05,7.05,7.05,1300
MTC,20260611,27,27.25,27,27,4034200
MTI,20260611,15.7,15.7,15.5,15.7,51100
MTW,20260611,0.78,0.8,0.77,0.77,839700
MUD,20260611,0.62,0.7,0.6,0.7,35000
MVP,20260611,0.03,0.04,0.03,0.04,5262800
NAM,20260611,3.56,3.6,3.5,3.52,157100
NAT,20260611,1.74,1.76,1.74,1.75,1800
NATION,20260611,0.04,0.04,0.03,0.04,768400
NC,20260611,1.74,1.77,1.73,1.73,13900
NCAP,20260611,2.54,2.6,2.5,2.56,1558600
NCH,20260611,0.39,0.39,0.38,0.38,156100
NCL,20260611,0.17,0.18,0.13,0.14,4504500
NCP,20260611,1.07,1.1,1.07,1.1,50800
NDR,20260611,1.93,1.93,1.9,1.9,35400
NEO,20260611,16.9,17.5,16.9,16.9,996300
NEP,20260611,0.19,0.19,0.18,0.19,27600
NER,20260611,4.4,4.44,4.4,4.42,3327100
NETBAY,20260611,9.25,9.35,9.2,9.25,552200
NEX,20260611,1.02,1.04,1.02,1.03,14196700
NKI,20260611,14.8,15,14.5,14.5,3100
NKT,20260611,3.86,3.86,3.82,3.82,330000
NL,20260611,0.76,0.76,0.69,0.69,1700700
NNCL,20260611,1.59,1.61,1.59,1.6,16400
NOBLE,20260611,1.78,1.8,1.76,1.8,732900
NOVA,20260611,7,7,7,7,100
NRF,20260611,0.23,0.25,0.23,0.25,91000
NSL,20260611,21.1,21.2,21.1,21.1,104100
NTF,20260611,13.5,13.7,13.1,13.2,1664900
NTSC,20260611,6.1,6.15,6.1,6.15,10600
NTV,20260611,18.5,18.7,18.3,18.6,60300
NUT,20260611,4.18,4.22,4.18,4.22,300
NV,20260611,0.51,0.51,0.5,0.51,31200
NVD,20260611,0.56,0.57,0.55,0.57,5600
NYT,20260611,3.68,3.72,3.66,3.68,1047100
OGC,20260611,9,9,9,9,100
OHTL,20260611,259,264,255,256,500
OKJ,20260611,3.78,3.98,3.76,3.92,5371900
ONEE,20260611,2.66,2.68,2.62,2.62,236300
ONSENS,20260611,1.1,1.13,1.1,1.13,203600
OR,20260611,12.1,12.3,11.9,11.9,39146800
ORI,20260611,1.65,1.66,1.64,1.66,956800
ORN,20260611,0.78,0.78,0.77,0.78,66800
OSP,20260611,15.3,15.3,15.1,15.1,3899900
PACO,20260611,1.33,1.33,1.29,1.31,154100
PAF,20260611,0.76,0.8,0.75,0.76,267800
PANEL,20260611,1.2,1.2,1.18,1.18,34400
PAP,20260611,2.5,2.5,2.48,2.5,12700
PATO,20260611,6.15,6.15,6.05,6.15,3000
PB,20260611,48.25,48.25,48.25,48.25,100
PCC,20260611,3,3.02,2.86,2.86,2899600
PCE,20260611,2.18,2.2,2.16,2.2,1866600
PCSGH,20260611,2.96,2.98,2.94,2.96,116600
PDG,20260611,3.12,3.14,3.12,3.14,10300
PEACE,20260611,1.57,1.58,1.54,1.58,61400
PEER,20260611,0.08,0.09,0.08,0.09,4878500
PERM,20260611,0.23,0.24,0.22,0.23,777600
PF,20260611,0.04,0.05,0.04,0.05,1059400
PG,20260611,6.4,6.6,6.4,6.45,2400
PHG,20260611,10.1,10.1,10,10.1,131800
PHOL,20260611,3.06,3.22,3.04,3.16,1577800
PIMO,20260611,1.06,1.07,1.06,1.06,79800
PIN,20260611,4.26,4.3,4.26,4.28,230700
PIS,20260611,3.9,4.02,3.9,3.98,739200
PJW,20260611,2,2.02,2,2.02,78700
PK,20260611,0.44,0.45,0.44,0.44,88100
PL,20260611,1.25,1.29,1.25,1.29,138500
PLANB,20260611,3.9,4.02,3.88,3.96,26034500
PLANET,20260611,0.78,0.81,0.76,0.79,167800
PLAT,20260611,1.12,1.14,1.12,1.13,278700
PLE,20260611,0.11,0.11,0.1,0.11,4304800
PLT,20260611,0.53,0.53,0.51,0.52,1107000
PLUS,20260611,1.23,1.27,1.2,1.2,4749700
PM,20260611,10.5,10.6,10.5,10.6,44800
PMC,20260611,0.85,0.86,0.84,0.85,477300
PMTA,20260611,9.55,9.55,9.5,9.55,1500
POLY,20260611,6.6,6.75,6.55,6.7,15500
POPF,20260611,7.8,7.85,7.75,7.8,59200
PORT,20260611,0.59,0.68,0.59,0.63,3308000
PPM,20260611,1.74,1.75,1.7,1.74,156200
PPP,20260611,0.93,0.95,0.84,0.85,614900
PPPM,20260611,0.22,0.23,0.19,0.21,1006100
PPS,20260611,0.19,0.19,0.17,0.19,886200
PQS,20260611,1.66,1.69,1.65,1.69,174400
PR9,20260611,16.4,16.5,16.2,16.2,1286100
PRAKIT,20260611,10.1,10.5,10.1,10.3,53300
PRAPAT,20260611,0.79,0.81,0.78,0.8,346400
PREB,20260611,3.4,3.42,3.38,3.4,44300
PRECHA,20260611,0.4,0.4,0.36,0.38,42000
PRG,20260611,9.15,9.2,9.1,9.1,9800
PRI,20260611,3.36,3.4,3.36,3.4,8500
PRIME,20260611,0.05,0.06,0.05,0.05,3940900
PRIN,20260611,1.39,1.39,1.36,1.36,400
PRINC,20260611,1.69,1.7,1.67,1.7,263400
PRM,20260611,8.2,8.3,8.15,8.2,3233000
PROEN,20260611,0.85,0.87,0.84,0.86,236800
PROS,20260611,0.17,0.17,0.15,0.17,1167100
PROSPECT,20260611,9.3,9.4,9.25,9.25,1606700
PROUD,20260611,0.94,0.94,0.91,0.91,35400
PRTR,20260611,3.36,3.4,3.34,3.4,86500
PSGC,20260611,5.6,5.6,5.3,5.4,274100
PSH,20260611,3.44,3.46,3.4,3.44,267700
PSL,20260611,6.9,7.05,6.85,6.95,1674900
PSP,20260611,5.8,5.95,5.7,5.85,1253900
PSTC,20260611,0.31,0.34,0.31,0.32,15229100
PT,20260611,10.8,10.8,10.7,10.8,58800
PTC,20260611,0.58,0.6,0.58,0.6,4900
PTG,20260611,7.2,7.2,7.1,7.1,2114100
PTL,20260611,10.2,10.3,10,10,272500
PTT,20260611,36.25,36.5,36,36.5,26913800
PTTEP,20260611,145,146,143.5,144.5,13209900
PTTGC,20260611,33.5,35,33.25,34.75,27062700
PYLON,20260611,3.3,3.34,3.28,3.3,399500
Q-CON,20260611,6.2,6.2,6.05,6.05,101600
QDC,20260611,0.11,0.11,0.08,0.09,7217600
QH,20260611,1.31,1.33,1.31,1.32,9869300
QHBREIT,20260611,3.8,3.8,3.76,3.8,195000
QHHRREIT,20260611,7.8,7.9,7.75,7.9,290300
QTC,20260611,4.6,4.64,4.6,4.64,71200
QTCG,20260611,0.09,0.1,0.09,0.1,621800
RABBIT,20260611,0.36,0.37,0.35,0.36,5728600
RAM,20260611,18.1,18.2,18.1,18.2,54000
RATCH,20260611,29.5,30,29.5,29.75,3112000
RBF,20260611,4.42,4.54,4.38,4.42,1516600
RCL,20260611,31.75,32.25,31.5,32.25,3146400
READY,20260611,2.92,2.96,2.92,2.94,28900
RICHY,20260611,0.15,0.16,0.14,0.14,2033500
RJH,20260611,13.4,13.4,13.1,13.4,252600
RML,20260611,0.1,0.11,0.1,0.1,2145600
ROCK,20260611,10,10.5,10,10.5,2500
ROCTEC,20260611,0.63,0.66,0.63,0.63,4911900
ROJNA,20260611,5.45,5.5,5.4,5.45,1607600
RP,20260611,0.61,0.63,0.61,0.63,24700
RPC,20260611,0.35,0.36,0.35,0.36,320800
RPH,20260611,4.88,4.88,4.84,4.88,254100
RS,20260611,0.14,0.15,0.13,0.14,3548100
RSP,20260611,0.92,0.93,0.91,0.93,2200
RT,20260611,0.29,0.3,0.29,0.29,410100
RWI,20260611,0.17,0.17,0.16,0.16,186300
S,20260611,0.48,0.49,0.48,0.49,477100
S&J,20260611,31,31,30.5,30.5,400
S11,20260611,4.02,4.04,3.98,4.04,21300
SA,20260611,7.15,7.2,7.1,7.2,36500
SAAM,20260611,4.68,4.72,4.66,4.72,25300
SABINA,20260611,15,15.2,15,15,130900
SAF,20260611,0.33,0.33,0.33,0.33,400
SAFE,20260611,5.6,5.65,5.55,5.6,218800
SAK,20260611,3,3.02,2.98,3,1816900
SALEE,20260611,0.5,0.51,0.49,0.5,137500
SAM,20260611,0.13,0.14,0.12,0.13,978000
SAMART,20260611,5.35,5.5,5.35,5.45,1653300
SAMCO,20260611,0.83,0.84,0.82,0.82,53200
SAMTEL,20260611,3.46,3.46,3.34,3.38,163800
SANKO,20260611,0.87,0.89,0.87,0.89,128900
SAPPE,20260611,30.25,30.25,29.75,30.25,50400
SAT,20260611,15.6,15.7,15.5,15.6,200100
SAUCE,20260611,41,41.25,40.5,40.5,3700
SAV,20260611,10.6,10.9,10.6,10.8,144900
SAWAD,20260611,20.1,20.2,19.9,19.9,10198100
SC,20260611,1.76,1.77,1.75,1.75,1803200
SCAP,20260611,1.6,1.72,1.58,1.64,27322500
SCB,20260611,137,138.5,137,137.5,12814200
SCC,20260611,234,239,234,237,4464400
SCCC,20260611,145.5,146,145.5,146,25900
SCG,20260611,2.24,2.28,2.22,2.26,8700
SCGD,20260611,4.98,5.05,4.98,4.98,50500
SCGP,20260611,25.25,25.75,25,25.25,5377800
SCI,20260611,0.95,0.96,0.95,0.96,37500
SCL,20260611,1.51,1.51,1.47,1.51,24800
SCM,20260611,0.12,0.12,0.1,0.11,5191600
SCN,20260611,0.43,0.43,0.41,0.43,36100
SCP,20260611,8.9,8.95,8.9,8.95,159600
SDC,20260611,0.03,0.03,0.02,0.02,1242600
SE,20260611,0.48,0.5,0.47,0.47,1931400
SE-ED,20260611,1.7,1.7,1.65,1.7,2400
SEAFCO,20260611,2.86,2.88,2.8,2.88,1219300
SEAOIL,20260611,3.14,3.18,3.14,3.14,504600
SECURE,20260611,12.4,12.7,12.4,12.6,71600
SEI,20260611,1.58,1.62,1.58,1.58,91400
SELIC,20260611,2.98,3.02,2.96,3.02,198100
SENA,20260611,1.74,1.75,1.73,1.74,130500
SENX,20260611,0.21,0.22,0.21,0.22,5477400
SFLEX,20260611,2.78,2.78,2.76,2.78,563500
SFT,20260611,1.48,1.48,1.46,1.48,6700
SGC,20260611,1.3,1.37,1.29,1.35,77684000
SGF,20260611,0.14,0.14,0.13,0.14,2082500
SGP,20260611,8.8,8.85,8.75,8.8,18500
SHR,20260611,1.55,1.56,1.54,1.54,1964700
SIAM,20260611,0.74,0.75,0.73,0.75,6000
SICT,20260611,2.66,2.76,2.64,2.72,726400
SIMAT,20260611,1.38,1.43,1.38,1.38,4536100
SINGER,20260611,8.45,9.1,8.45,9.05,15297400
SINO,20260611,0.9,0.92,0.89,0.91,257000
SIRI,20260611,1.39,1.4,1.39,1.4,16740700
SIRIPRT,20260611,6.9,6.9,6.9,6.9,1000
SIS,20260611,20.7,21.2,20.6,20.7,694400
SISB,20260611,9.5,9.6,9.45,9.5,1484800
SITHAI,20260611,1.03,1.04,1.01,1.03,301900
SJWD,20260611,7.15,7.3,7.15,7.25,1286300
SK,20260611,0.54,0.55,0.52,0.55,31200
SKE,20260611,0.17,0.18,0.17,0.17,330700
SKIN,20260611,0.87,0.87,0.81,0.81,91400
SKN,20260611,5.3,5.3,5.3,5.3,1800
SKR,20260611,7.15,7.15,7.05,7.1,116700
SKY,20260611,14.8,15.7,14.8,15.3,2038500
SLP,20260611,0.45,0.45,0.44,0.45,27500
SMART,20260611,0.54,0.54,0.52,0.53,391200
SMD100,20260611,1.18,1.19,1.15,1.18,209100
SMIT,20260611,3.44,3.46,3.44,3.46,67200
SMO,20260611,3.66,3.72,3.64,3.7,1569100
SMPC,20260611,9.1,9.15,9.05,9.1,62800
SMT,20260611,2.86,3.12,2.86,3.08,9500000
SNC,20260611,6.6,6.65,6.5,6.5,192500
SNNP,20260611,6.5,6.6,6.5,6.6,207300
SNP,20260611,8.9,8.95,8.9,8.95,5300
SNPS,20260611,4.52,4.52,4.46,4.46,40100
SO,20260611,4.62,4.62,4.58,4.62,38000
SOLAR,20260611,0.28,0.28,0.27,0.28,438900
SONIC,20260611,1.48,1.5,1.48,1.5,165500
SORKON,20260611,3.46,3.48,3.46,3.48,14300
SPA,20260611,2.96,3,2.92,2.94,3653000
SPACK,20260611,1.16,1.16,1.14,1.15,17600
SPALI,20260611,15.4,15.5,15.3,15.4,1213000
SPC,20260611,55.25,55.5,55.25,55.5,2300
SPCG,20260611,8.9,8.9,8.8,8.8,767500
SPI,20260611,32,32.25,32,32,2200
SPRC,20260611,7.45,7.45,7.25,7.3,21548800
SPREME,20260611,1.49,1.51,1.49,1.51,75500
SPRIME,20260611,3.9,3.94,3.9,3.92,146700
SPTX,20260611,0.01,0.01,0.01,0.01,14300500
SPVI,20260611,3.34,3.44,3.32,3.38,245900
SQ,20260611,0.17,0.19,0.17,0.19,490800
SR,20260611,0.26,0.3,0.26,0.3,8800
SRICHA,20260611,16.8,16.9,16.4,16.6,1049300
SRIPANWA,20260611,5.05,5.1,5.05,5.05,35400
SRS,20260611,1.83,1.89,1.76,1.85,17500
SSF,20260611,4.98,5,4.98,5,9200
SSP,20260611,3.64,3.74,3.64,3.66,511700
SSSC,20260611,2.1,2.12,2.1,2.12,17800
SST,20260611,1,1,0.98,0.98,5000
SSTRT,20260611,4.44,4.46,4.44,4.46,20700
STA,20260611,19,19.1,18.9,19.1,1245600
STANLY,20260611,235,238,233,238,42400
STARM,20260611,0.95,0.98,0.9,0.98,377900
STC,20260611,0.56,0.56,0.55,0.56,11600
STECH,20260611,1.05,1.05,1.04,1.04,79100
STECON,20260611,15.5,16,15.5,15.8,7818800
STELLA,20260611,0.3,0.31,0.29,0.3,3063100
STGT,20260611,10.9,11.1,10.7,11,2872200
STI,20260611,1.7,1.74,1.69,1.73,9000
STOWER,20260611,0.03,0.03,0.02,0.03,4003000
STP,20260611,11,11,10.7,10.7,76900
STPI,20260611,5.4,5.45,5.35,5.35,7766900
STX,20260611,0.86,0.87,0.86,0.87,134100
SUC,20260611,27,27.25,27,27,37200
SUN,20260611,2.4,2.5,2.4,2.46,207800
SUPER,20260611,0.13,0.14,0.12,0.12,126396900
SUPEREIF,20260611,6,6,5.95,6,48900
SUSCO,20260611,2.06,2.08,2.04,2.04,589100
SUTHA,20260611,2.7,2.7,2.7,2.7,500
SVOA,20260611,1.67,1.71,1.67,1.7,634400
SVR,20260611,0.3,0.3,0.29,0.29,136900
SVT,20260611,1.25,1.26,1.25,1.25,97000
SWC,20260611,4.48,4.48,4.48,4.48,100
SYMC,20260611,4.76,4.84,4.58,4.78,139800
SYNEX,20260611,9,9.1,9,9.05,591900
SYNTEC,20260611,1.65,1.67,1.65,1.67,473100
TACC,20260611,5.7,5.85,5.7,5.8,1217000
TAE,20260611,1.7,1.79,1.7,1.75,10900600
TAKUNI,20260611,0.38,0.38,0.36,0.36,3599300
TAN,20260611,3.8,3.86,3.78,3.82,159400
TASCO,20260611,13.7,13.8,13.7,13.8,654200
TATG,20260611,0.97,0.97,0.96,0.96,124500
TBN,20260611,3.54,3.62,3.54,3.56,15700
TBSP,20260611,1.03,1.03,1.03,1.03,1000
TC,20260611,5.65,5.7,5.65,5.7,24300
TCAP,20260611,59.75,60.5,59.75,60.25,1467500
TCC,20260611,0.32,0.34,0.32,0.34,279200
TCJ,20260611,2.38,2.4,2.38,2.38,21400
TCMC,20260611,0.3,0.31,0.3,0.31,102400
TEAM,20260611,4.22,4.62,4.22,4.48,8914100
TEAMG,20260611,2.86,2.94,2.86,2.9,978800
TEGH,20260611,3.12,3.16,3.1,3.12,422600
TEKA,20260611,1.71,1.73,1.68,1.72,38200
TERA,20260611,1.14,1.14,1.06,1.06,28100
TFFIF,20260611,6.6,6.6,6.55,6.55,2782000
TFG,20260611,8.75,9.05,8.75,8.95,12210200
TFI,20260611,0.04,0.05,0.04,0.04,1072300
TFM,20260611,6.4,6.5,6.4,6.45,310400
TFMAMA,20260611,186.5,188,186.5,186.5,1200
TGE,20260611,1.07,1.07,1.02,1.04,370400
TGPRO,20260611,0.03,0.04,0.03,0.03,397800
TH,20260611,0.47,0.48,0.46,0.48,702900
THAI,20260611,6.7,6.8,6.7,6.75,18300900
THANA,20260611,1.6,1.6,1.53,1.53,227700
THANI,20260611,1.61,1.62,1.61,1.62,932000
THCOM,20260611,11.3,11.9,11.2,11.7,9902100
THE,20260611,0.8,0.85,0.77,0.78,5400
THG,20260611,7.45,7.55,7.45,7.45,401200
THIP,20260611,20.3,20.5,20.3,20.5,5900
THMUI,20260611,0.29,0.31,0.29,0.31,64800
THRE,20260611,0.37,0.37,0.35,0.35,2800200
THREL,20260611,0.98,1,0.98,1,113000
TIDLOR,20260611,16.6,16.7,16.4,16.5,12942800
TIF1,20260611,7.8,7.85,7.8,7.85,3600
TIGER,20260611,0.27,0.29,0.27,0.27,42400
TIPCO,20260611,6,6.05,6,6,110400
TIPH,20260611,21.7,22.4,21.6,22,498400
TISCO,20260611,114,114.5,113,113.5,2642100
TITLE,20260611,7.85,7.95,7.7,7.8,609800
TK,20260611,4.12,4.14,4.1,4.14,8600
TKC,20260611,9.3,9.55,9.3,9.55,15700
TKN,20260611,4,4.04,3.94,3.96,2084800
TKS,20260611,7.25,7.35,7.15,7.15,227600
TKT,20260611,0.73,0.73,0.73,0.73,12200
TL,20260611,0.39,0.41,0.39,0.4,1627700
TLHPF,20260611,4.6,4.62,4.6,4.6,3000
TLI,20260611,11.2,11.5,11.2,11.3,15930200
TM,20260611,0.92,0.93,0.9,0.92,105500
TMAN,20260611,10.7,10.8,10.7,10.8,90300
TMC,20260611,0.68,0.7,0.68,0.7,10100
TMD,20260611,26,26.25,25.75,26.25,2800
TMI,20260611,0.47,0.48,0.46,0.48,126200
TMILL,20260611,2.38,2.44,2.38,2.44,77600
TMT,20260611,3.3,3.34,3.3,3.32,18000
TMW,20260611,59.5,59.75,59.25,59.75,25500
TNDT,20260611,0.14,0.14,0.13,0.13,260000
TNH,20260611,29.75,29.75,29.5,29.5,1500
TNITY,20260611,2.44,2.44,2.4,2.4,81100
TNP,20260611,2.7,2.8,2.7,2.78,510900
TNPC,20260611,0.94,0.96,0.94,0.96,12300
TNR,20260611,5.1,5.15,5.1,5.1,10000
TOA,20260611,12.1,12.2,11.9,11.9,5831600
TOG,20260611,6.85,6.95,6.85,6.85,24800
TOP,20260611,45.25,45.75,44.5,45.5,12282500
TPA,20260611,2.66,2.66,2.64,2.64,7500
TPAC,20260611,8.45,8.45,8.25,8.25,50400
TPBI,20260611,2.96,3.04,2.96,3.04,327200
TPCH,20260611,1.38,1.42,1.38,1.41,273400
TPIPL,20260611,0.76,0.78,0.76,0.77,12952800
TPIPP,20260611,1.75,1.76,1.74,1.76,1406500
TPL,20260611,0.52,0.57,0.51,0.54,618200
TPLAS,20260611,1.06,1.09,1.06,1.09,7100
TPOLY,20260611,0.11,0.12,0.11,0.12,302800
TPP,20260611,11.4,11.4,11.4,11.4,1000
TPRIME,20260611,7.7,7.75,7.7,7.75,6000
TPS,20260611,3.04,3.04,3.04,3.04,9600
TQM,20260611,13.4,13.6,13.4,13.5,102000
TQR,20260611,5.2,5.25,5.2,5.25,6700
TRC,20260611,0.57,0.58,0.54,0.56,1309600
TRITN,20260611,0.02,0.03,0.02,0.02,1313100
TRP,20260611,4.18,4.24,4.16,4.2,55000
TRT,20260611,10.2,11,10.2,10.9,5474500
TRU,20260611,3.82,3.84,3.82,3.84,3200
TRUBB,20260611,1.06,1.16,1.05,1.11,20129800
TRUE,20260611,13.8,14.1,13.7,13.8,167311500
TSC,20260611,14.6,14.7,14.6,14.7,3100
TSE,20260611,0.74,0.79,0.74,0.77,9176700
TSI,20260611,0.06,0.06,0.05,0.06,336300
TSTE,20260611,10.6,10.6,10.6,10.6,10000
TSTH,20260611,0.89,0.9,0.87,0.88,3707700
TTA,20260611,4.94,4.98,4.92,4.94,1044100
TTB,20260611,2.3,2.32,2.28,2.3,165415900
TTI,20260611,26.5,26.75,26.5,26.75,200
TTLPF,20260611,9.5,9.55,9.5,9.55,46700
TTT,20260611,38.5,43.25,38.5,43.25,12800
TTW,20260611,9.35,9.4,9.3,9.35,2829000
TU,20260611,11.1,11.2,11.1,11.1,5044100
TU-PF,20260611,1.17,1.17,1.13,1.14,600
TURBO,20260611,1.35,1.37,1.35,1.36,8503900
TVDH,20260611,0.05,0.05,0.05,0.05,6900
TVH,20260611,10.2,10.3,9.95,10,36900
TVO,20260611,26,26.25,25.25,25.75,1072500
TVT,20260611,0.2,0.2,0.2,0.2,100
TWP,20260611,1.15,1.19,1.13,1.17,101700
TWPC,20260611,2.86,2.9,2.86,2.9,43500
TWZ,20260611,0.01,0.02,0.01,0.02,17066400
TYCN,20260611,1.66,1.67,1.65,1.66,10800
UAC,20260611,2.6,2.62,2.58,2.58,242200
UBA,20260611,1.07,1.09,1.07,1.09,174600
UBE,20260611,0.57,0.59,0.57,0.57,1392500
UBIS,20260611,1.14,1.14,1.1,1.1,53500
UEC,20260611,0.83,0.85,0.81,0.83,102500
UKEM,20260611,0.96,1,0.96,0.98,7452000
UMI,20260611,0.87,0.87,0.86,0.86,295300
UMS,20260611,0.78,1.06,0.78,1.06,25281100
UNIQ,20260611,2.74,2.74,2.7,2.72,288600
UNIX,20260611,1.67,1.68,1.65,1.66,4659900
UP,20260611,23.6,23.6,23.6,23.6,7800
UPOIC,20260611,6.75,6.75,6.7,6.7,3500
UREKA,20260611,0.4,0.43,0.39,0.41,15311300
UTP,20260611,7.85,7.9,7.8,7.85,396700
UV,20260611,0.83,0.85,0.83,0.84,323700
UVAN,20260611,14.4,14.6,14.4,14.4,201200
VARO,20260611,3.98,4,3.94,3.98,17300
VCOM,20260611,4,4,3.84,3.92,717200
VGI,20260611,0.87,0.9,0.87,0.89,104469500
VIBE,20260611,0.36,0.36,0.35,0.35,2400
VIBHA,20260611,1.36,1.36,1.34,1.36,912700
VIH,20260611,8.05,8.1,8.05,8.1,130800
VL,20260611,0.8,0.81,0.8,0.8,761600
VNG,20260611,1.9,1.93,1.86,1.86,21900
VPO,20260611,0.47,0.48,0.46,0.48,2817600
VRANDA,20260611,4.4,4.4,4.36,4.38,28200
VS,20260611,0.25,0.26,0.25,0.25,1100
WACOAL,20260611,15.4,15.5,15.4,15.5,200
WARRIX,20260611,1.4,1.4,1.37,1.37,1089300
WASH,20260611,3.98,4,3.96,4,235700
WAVE,20260611,0.03,0.03,0.02,0.03,1248900
WFX,20260611,0.96,0.99,0.96,0.98,3600
WGE,20260611,0.69,0.75,0.69,0.71,351400
WHA,20260611,5,5.05,4.94,4.96,89260700
WHABT,20260611,5.85,5.85,5.85,5.85,30000
WHAIR,20260611,7.4,7.45,7.4,7.45,774700
WHART,20260611,10.7,10.8,10.7,10.8,1504400
WHAUP,20260611,5.95,6.1,5.9,5.95,17958200
WICE,20260611,2.48,2.52,2.46,2.5,547600
WIIK,20260611,0.92,0.93,0.91,0.92,2927200
WIN,20260611,0.27,0.27,0.26,0.27,432900
WINDOW,20260611,0.72,0.73,0.72,0.73,293600
WINMED,20260611,0.76,0.79,0.76,0.78,114100
WINNER,20260611,2.1,2.1,2.08,2.08,139300
WORK,20260611,3.5,3.54,3.5,3.54,12000
WP,20260611,3.5,3.5,3.48,3.5,74500
WPH,20260611,5.8,5.85,5.7,5.75,215800
XBIO,20260611,0.07,0.08,0.07,0.08,8378600
XO,20260611,16,18.2,15.9,17.4,8822200
XPG,20260611,0.46,0.47,0.46,0.46,2517400
XYZ,20260611,0.29,0.3,0.29,0.3,155300
YGG,20260611,0.19,0.2,0.18,0.2,792500
YONG,20260611,0.69,0.7,0.69,0.69,67200
YUASA,20260611,14.3,14.3,14.3,14.3,26800
ZEN,20260611,5.35,5.4,5.3,5.35,26400
ZIGA,20260611,0.88,0.9,0.87,0.88,753300
RABBIT-P,20260611,0.36,0.37,0.36,0.37,300100
VAYU1-O,20260611,11.3,11.3,11.3,11.3,229
VAYU1,20260611,11.2,11.3,11.2,11.3,192900
!AGRO,20260611,306.17,308.35,305.74,305.74,13139460000
!CONSUMP,20260611,44.71,45.12,44.45,44.81,1198440000
!FINCIAL,20260611,161.36,163.08,161.36,161.87,51982740000
!INDUS,20260611,64.8,66.44,64.58,65.88,15221000000
!PROPCON,20260611,77.3,77.96,77.3,77.51,33635910000
!RESOURC,20260611,170.48,172.23,169.77,170.47,89131640000
!SERVICE,20260611,284.26,286.28,282.98,283.14,74616990000
!TECH,20260611,698.41,717.07,694.69,712.12,83015680000
$AGRI,20260611,205.35,206.92,205.09,206.07,3431510000
$AUTO,20260611,319.24,320.55,318.5,320,1729530000
$BANK,20260611,519.76,525.1,518.77,520.87,24554140000
$COMM,20260611,20036.5,20190.9,19919.2,19919.2,13440300000
$CONMAT,20260611,5825.26,5918.35,5825.26,5879.98,6272990000
$CONS,20260611,42.03,42.66,41.92,42.18,5128050000
$ENERG,20260611,19445.3,19644.2,19364.2,19443.4,89131640000
$ETRON,20260611,39188.4,40452.7,38860.9,40117.7,9937700000
$FASHION,20260611,480.14,484.82,478.48,482.66,229350000
$FIN,20260611,1913.83,1934.32,1911.35,1927.77,25143980000
$FOOD,20260611,8477.25,8541.5,8460.62,8460.62,9707950000
$HELTH,20260611,4129.33,4154.98,4104.54,4115.76,10897110000
$HOME,20260611,15.57,15.67,15.5,15.53,350200000
$ICT,20260611,224.18,228.29,224.18,226.35,73077980000
$IMM,20260611,22.09,22.38,22.05,22.2,4911420000
$INSUR,20260611,9509.48,9683.93,9509.48,9575.22,2284620000
$MEDIA,20260611,14.87,15.12,14.87,14.97,29415890000
$PAPER,20260611,2208.31,2222.37,2194.24,2208.31,39670000
$PERSON,20260611,77.29,78.05,76.66,77.39,618890000
$PETRO,20260611,619.52,644.55,617.24,640,5925120000
$PF&REIT,20260611,138.73,139.47,138.7,139.22,1336910000
$PKG,20260611,2694.47,2737.45,2675.23,2693.87,1665400000
$PROF,20260611,128.02,128.92,126.83,128.12,2041920000
$PROP,20260611,168.02,169.4,167.29,167.77,20897960000
$STEEL,20260611,19.56,19.72,19.33,19.39,949860000
$TOURISM,20260611,409.58,412.85,406,408.35,5786550000
$TRANS,20260611,222.48,224.74,221.48,221.73,13035220000
MAI,20260611,212.76,216.37,212.7,215.48,468479100
SET,20260611,1561.57,1581.92,1559.45,1572.32,10181668834
SET100,20260611,2159.74,2186.13,2158.14,2169.89,2541943100
SET50,20260611,1009.04,1021.13,1008.31,1013.26,1164862900
SETHD,20260611,1332.4,1342.55,1331.81,1336.18,563455500
BBL-F,20260611,168.5,168.5,168.5,168.5,6600
FTREIT-F,20260611,11.7,11.7,11.7,11.7,200
LH-F,20260611,3.6,3.6,3.6,3.6,62400
OR-F,20260611,12.1,12.1,12.1,12.1,3000
PTT-F,20260611,36.25,36.5,36.25,36.25,30100
TOP-F,20260611,45,45,45,45,400
TTB-F,20260611,2.3,2.3,2.3,2.3,51400
!AGRO-M,20260611,60.66,63.26,60.61,62.29,2321390000
!CONSUMP-M,20260611,11.63,11.67,11.59,11.67,445480000
!FINCIAL-M,20260611,29.79,30.98,29.74,30.64,1143990000
!INDUS-M,20260611,43.47,44.03,43.45,43.91,4716050000
!PROPCON-M,20260611,14.23,14.25,13.77,14.01,8477410000
!RESOURC-M,20260611,15.09,16.85,15.09,16.6,5349320000
!SERVICE-M,20260611,41.16,41.75,41.14,41.59,6523270000
!TECH-M,20260611,18.49,18.7,18.44,18.47,1152520000
AAV13C2610A,20260611,0.16,0.17,0.16,0.16,674300
ABBV80,20260611,7.45,7.45,7.35,7.45,8942
ADVANC13C2610A,20260611,0.4,0.46,0.4,0.44,9402100
ADVANC19C2611A,20260611,0.43,0.48,0.43,0.47,15268700
ADVANC41C2610A,20260611,0.38,0.44,0.38,0.41,5460000
AMATA01C2610A,20260611,1.01,1.04,0.97,1.01,530800
AMATA01C2706T,20260611,0.4,0.4,0.39,0.4,4089200
AMATA01P2610A,20260611,0.24,0.26,0.24,0.25,8252800
AMATA13C2610A,20260611,0.92,0.92,0.92,0.92,150000
AMATA13C2611A,20260611,0.27,0.28,0.26,0.26,16875000
AMATA13P2610A,20260611,0.24,0.25,0.23,0.25,1488300
AMATA19C2610B,20260611,0.27,0.28,0.26,0.28,3363100
AMATA41C2611A,20260611,0.25,0.26,0.24,0.26,14650000
AMATA41C2702T,20260611,0.22,0.23,0.22,0.23,9000000
AMATA41P2610A,20260611,0.23,0.24,0.22,0.22,1100000
ANET80,20260611,5,5.1,4.96,5.1,34994
AOT01C2705T,20260611,0.38,0.38,0.36,0.36,2729200
AOT13C2609A,20260611,0.39,0.4,0.36,0.36,10457800
AOT19C2611A,20260611,0.34,0.35,0.31,0.31,10404300
AOT41C2609A,20260611,0.36,0.37,0.34,0.34,6280000
ASTR-O,20260611,4.96,4.96,4.96,4.96,20
AWC13C2611A,20260611,0.25,0.26,0.25,0.26,2160800
AWC41C2611A,20260611,0.24,0.24,0.24,0.24,300000
BA01C2611A,20260611,0.35,0.36,0.34,0.36,3902800
BA01C2706T,20260611,0.28,0.29,0.28,0.29,3367900
BABA28C2610A,20260611,0.16,0.16,0.15,0.16,3507800
BABA41C2612A,20260611,0.13,0.33,0.13,0.33,3043700
BAM13C2610A,20260611,0.17,0.21,0.17,0.21,4691800
BCH13C2610A,20260611,0.29,0.29,0.27,0.27,1009000
BCP01C2610A,20260611,0.14,0.14,0.14,0.14,1463300
BCP13C2611A,20260611,0.26,0.26,0.25,0.25,3019000
BCPG01C2705T,20260611,0.2,0.2,0.2,0.2,993100
BCPG13C2610A,20260611,0.14,0.14,0.13,0.13,3724300
BCPG13C2611A,20260611,0.27,0.28,0.26,0.26,1765300
BDMS01C2611A,20260611,0.24,0.24,0.23,0.24,687200
BDMS13C2610A,20260611,0.22,0.22,0.21,0.21,995600
BDMS41C2610A,20260611,0.2,0.2,0.2,0.2,960000
BGRIM19C2610A,20260611,0.26,0.28,0.26,0.28,4029900
BH01P2611A,20260611,0.66,0.66,0.64,0.66,1075000
BH13C2610A,20260611,0.53,0.56,0.51,0.51,5855500
BH13P2611A,20260611,0.65,0.68,0.64,0.66,2550600
BH19C2610A,20260611,0.5,0.52,0.49,0.49,3850900
BH41C2610A,20260611,0.51,0.53,0.49,0.49,2400000
BILIBI41C2610A,20260611,0.21,0.22,0.2,0.2,800
BJC13C2610A,20260611,0.2,0.2,0.2,0.2,3068700
BLA13C2610A,20260611,0.52,0.57,0.51,0.51,50100
BLA13C2611A,20260611,0.2,0.22,0.2,0.21,3458000
BLA41C2702T,20260611,0.46,0.48,0.46,0.46,4609000
BOEING80,20260611,7.05,7.05,6.85,6.95,53138
BTG13C2610A,20260611,0.3,0.32,0.29,0.29,6678200
BTS13C2611A,20260611,0.2,0.2,0.19,0.2,3762700
BTS41C2611A,20260611,0.18,0.18,0.18,0.18,720000
BWG-W8,20260611,0.04,0.05,0.04,0.04,20916600
BWG-W8-O,20260611,0.04,0.04,0.03,0.03,4520
CATHAY41C2610A,20260611,0.16,0.17,0.16,0.17,1000
CATL41C2612A,20260611,0.44,0.47,0.44,0.45,4600
CBG01P2611A,20260611,0.4,0.4,0.4,0.4,928700
CBG13P2609A,20260611,0.22,0.22,0.22,0.22,51700
CBG19C2611A,20260611,0.31,0.31,0.29,0.29,3641800
CCET13C2610A,20260611,0.46,0.58,0.46,0.56,40829300
CCET13C2610B,20260611,0.31,0.4,0.31,0.39,23687000
CCET13C2611A,20260611,0.16,0.2,0.16,0.19,15425000
CCET19C2610A,20260611,0.52,0.66,0.52,0.64,837700
CCET19C2610B,20260611,0.36,0.46,0.36,0.45,8639000
CCET19C2611A,20260611,0.15,0.19,0.15,0.18,4785900
CCET41C2701T,20260611,0.46,0.5,0.46,0.5,1501200
CCET41C2702T,20260611,0.4,0.43,0.4,0.43,9650100
CENTEL19C2610A,20260611,0.29,0.29,0.27,0.27,1016500
CHG13C2610A,20260611,0.24,0.25,0.24,0.25,697500
CK01C2611A,20260611,0.29,0.3,0.28,0.29,4614700
CK01C2705T,20260611,0.34,0.35,0.34,0.34,1079900
CK01P2611A,20260611,0.84,0.85,0.81,0.84,1052200
CK13C2610A,20260611,0.35,0.37,0.34,0.35,5066800
CK13P2611A,20260611,0.69,0.7,0.67,0.69,1343600
CK41C2610A,20260611,0.33,0.36,0.33,0.34,3000000
CNRE80,20260611,2.28,2.34,2.28,2.34,4344
COIN80,20260611,5.05,5.3,5.05,5.25,424687
COM701C2610A,20260611,0.15,0.16,0.15,0.15,1419200
COM713C2610B,20260611,0.2,0.21,0.2,0.2,1313000
CPALL13P2610A,20260611,0.25,0.27,0.25,0.27,218000
CPF01C2612A,20260611,0.29,0.29,0.29,0.29,944400
CPF01C2706T,20260611,0.28,0.28,0.28,0.28,800000
CPF01P2612A,20260611,0.42,0.42,0.42,0.42,775200
CPF13C2611A,20260611,0.3,0.3,0.29,0.3,1019800
CPN01C2611A,20260611,0.37,0.37,0.34,0.34,2192100
CPN01C2706T,20260611,0.38,0.38,0.36,0.36,514600
CRC01C2611A,20260611,0.37,0.37,0.36,0.36,3044900
CRC13C2610A,20260611,0.41,0.41,0.39,0.4,4786600
CRC41C2610A,20260611,0.38,0.38,0.36,0.37,4743800
DELTA01C2609A,20260611,0.87,0.95,0.84,0.93,24229300
DELTA01C2610A,20260611,0.65,0.72,0.63,0.7,25333800
DELTA01C2705T,20260611,0.72,0.76,0.72,0.76,11828500
DELTA01P2609A,20260611,0.35,0.35,0.31,0.31,1980900
DELTA01P2610A,20260611,0.71,0.72,0.67,0.67,7023700
DELTA13C2609B,20260611,0.72,0.8,0.69,0.78,45577900
DELTA13C2610A,20260611,0.46,0.51,0.45,0.5,29197900
DELTA13P2609A,20260611,0.45,0.45,0.41,0.42,21082100
DELTA13P2610A,20260611,0.93,0.94,0.87,0.88,26314500
DELTA19C2609A,20260611,0.55,0.62,0.53,0.61,30372600
DELTA19P2610A,20260611,0.6,0.6,0.56,0.56,5336800
DELTA19P2610B,20260611,0.72,0.73,0.67,0.67,23236200
DELTA41C2609B,20260611,0.69,0.77,0.68,0.75,35367700
DELTA41C2610A,20260611,0.44,0.48,0.44,0.48,17178500
DELTA41C2702T,20260611,0.46,0.49,0.46,0.49,7240000
DELTA41P2609A,20260611,0.44,0.44,0.41,0.41,1344200
DISCO24,20260611,0.97,1.01,0.97,1.01,294673
DJI41C2609A,20260611,0.5,0.54,0.5,0.54,126800
DJI41P2609A,20260611,0.53,0.54,0.52,0.52,267800
DOHOME01C2610A,20260611,0.28,0.3,0.28,0.29,4424500
DOHOME13C2610A,20260611,0.3,0.34,0.3,0.32,4916000
EA13C2610A,20260611,0.41,0.46,0.41,0.42,1645700
EA13C2610B,20260611,0.25,0.29,0.25,0.26,7947600
EA13P2611A,20260611,0.73,0.74,0.71,0.74,4956900
EA19C2610A,20260611,0.26,0.28,0.26,0.27,6745400
EA19P2611A,20260611,0.76,0.76,0.72,0.75,4006200
EA41C2610B,20260611,0.24,0.26,0.24,0.25,8160000
EGCO13C2610A,20260611,0.27,0.28,0.27,0.28,1065800
ERW01C2610A,20260611,0.31,0.32,0.28,0.28,3086000
ERW13C2610A,20260611,0.23,0.24,0.2,0.2,4944800
ERW41C2610A,20260611,0.22,0.22,0.2,0.2,4800100
GEELY41C2610A,20260611,0.13,0.13,0.12,0.12,200
GEV80,20260611,29.5,29.75,28.25,29.25,20127
GLOBAL01C2611A,20260611,0.16,0.17,0.16,0.16,5346800
GLOBAL13C2610A,20260611,0.14,0.15,0.13,0.14,3260000
GLOBAL13C2611A,20260611,0.29,0.31,0.29,0.29,3094600
GOLDUS80,20260611,12.6,12.7,12.2,12.4,577619
GPSC01P2611A,20260611,0.45,0.45,0.43,0.44,1735700
GSEMI24,20260611,2.42,2.48,2.4,2.48,72290
GULF01C2611A,20260611,0.32,0.35,0.29,0.31,7153700
GULF01P2610A,20260611,0.51,0.54,0.48,0.52,2826400
GULF13P2610A,20260611,0.29,0.3,0.26,0.3,16398800
GULF19C2610A,20260611,0.38,0.43,0.34,0.36,13311900
GULF19C2611A,20260611,0.31,0.34,0.29,0.3,6941900
GULF19P2611A,20260611,0.62,0.65,0.59,0.64,4500500
GUNKUL01C2610A,20260611,0.74,0.91,0.71,0.86,2216700
GUNKUL01C2610B,20260611,0.43,0.57,0.42,0.52,3216200
GUNKUL01C2611A,20260611,0.35,0.46,0.34,0.43,14456700
GUNKUL01P2611A,20260611,0.56,0.57,0.48,0.48,4424000
GUNKUL13C2610A,20260611,0.52,0.65,0.49,0.61,59230000
GUNKUL13C2611A,20260611,0.35,0.45,0.33,0.42,38928700
GUNKUL13P2610A,20260611,0.54,0.56,0.45,0.47,7124000
GUNKUL19C2610A,20260611,0.55,0.69,0.53,0.64,719900
GUNKUL19C2610B,20260611,0.35,0.46,0.34,0.44,14149500
GUNKUL41C2610A,20260611,0.48,0.62,0.47,0.61,15995500
GUNKUL41C2611A,20260611,0.32,0.41,0.31,0.41,10097500
HANA01C2610A,20260611,0.28,0.32,0.27,0.31,11491600
HANA01C2705T,20260611,0.23,0.26,0.23,0.25,6616200
HANA01P2610A,20260611,0.42,0.42,0.37,0.39,5472500
HANA13C2609A,20260611,0.29,0.34,0.29,0.33,11983200
HANA13C2609B,20260611,0.15,0.18,0.15,0.17,9028000
HANA13C2610A,20260611,0.19,0.24,0.19,0.22,15172800
HANA13C2611A,20260611,0.33,0.4,0.33,0.38,18271800
HANA13C2703T,20260611,0.3,0.33,0.29,0.32,6046000
HANA13P2609A,20260611,0.26,0.27,0.23,0.23,10412400
HANA19C2609B,20260611,0.23,0.28,0.23,0.27,3891700
HANA19P2609A,20260611,0.2,0.2,0.19,0.19,4658100
HANA41C2609B,20260611,0.15,0.17,0.15,0.16,1767400
HANA41C2610A,20260611,0.18,0.21,0.18,0.21,4618000
HANA41P2609A,20260611,0.24,0.24,0.22,0.22,989000
HITACHI24,20260611,1.22,1.24,1.21,1.23,25124
HSCEI18P2608A,20260611,1.18,1.18,1.14,1.14,2400000
HSI18C2608A,20260611,0.16,0.17,0.15,0.17,115300
HSI18C2609A,20260611,0.26,0.26,0.25,0.25,5200
HSI18P2608A,20260611,1.19,1.21,1.13,1.13,7220000
HSI18P2609A,20260611,0.55,0.55,0.5,0.5,39000
HSI28C2607B,20260611,0.18,0.22,0.18,0.2,35347000
HSI28C2607C,20260611,0.33,0.37,0.31,0.36,65430700
HSI28C2608A,20260611,0.15,0.17,0.14,0.17,3861900
HSI28C2608B,20260611,0.3,0.34,0.29,0.32,23691000
HSI28C2608C,20260611,0.46,0.52,0.45,0.51,24041600
HSI28C2609A,20260611,0.21,0.23,0.2,0.21,2688500
HSI28C2609B,20260611,0.7,0.77,0.68,0.74,17867300
HSI28C2609C,20260611,0.41,0.43,0.4,0.42,4300
HSI28P2607B,20260611,0.84,0.85,0.84,0.85,15000
HSI28P2607C,20260611,2.16,2.24,2.12,2.12,3900
HSI28P2608A,20260611,0.74,0.75,0.67,0.68,18805000
HSI28P2608B,20260611,1.55,1.55,1.44,1.44,700
HSI28P2608C,20260611,0.38,0.38,0.35,0.35,1400
HSI28P2609A,20260611,0.72,0.73,0.67,0.68,6052300
HSTECH18C2608A,20260611,0.34,0.34,0.34,0.34,70000
HSTECH18C2609A,20260611,0.42,0.42,0.42,0.42,100
HSTECH18P2608A,20260611,1.43,1.43,1.43,1.43,400100
HSTECH18P2609A,20260611,0.84,0.85,0.82,0.82,2500000
HSTECH28P2609A,20260611,0.67,0.68,0.64,0.64,3369400
HUAHON41C2612A,20260611,0.48,0.51,0.46,0.51,209900
IRPC01C2610A,20260611,0.11,0.11,0.1,0.11,6722500
IRPC01P2610A,20260611,0.41,0.45,0.4,0.4,8294100
IRPC13P2610A,20260611,0.34,0.36,0.33,0.33,8719700
IRPC19C2610A,20260611,0.1,0.12,0.1,0.11,5215200
IRPC41C2702T,20260611,0.17,0.18,0.17,0.18,900000
ITTHI-W1,20260611,0.51,0.52,0.49,0.5,1326500
ITTHI-W1-O,20260611,0.48,0.48,0.48,0.48,75
IVL01C2610A,20260611,0.42,0.42,0.41,0.41,40100
IVL01C2706T,20260611,0.26,0.28,0.26,0.28,5454900
IVL01P2610A,20260611,0.41,0.41,0.37,0.37,3337900
IVL13C2611A,20260611,0.57,0.67,0.56,0.63,17140200
IVL13P2611A,20260611,0.73,0.73,0.65,0.67,5553500
IVL19C2610A,20260611,0.38,0.45,0.37,0.42,32931500
JAS19C2611A,20260611,0.35,0.38,0.31,0.31,3731700
JD41C2612A,20260611,0.37,0.37,0.33,0.33,1200
JLMAG80,20260611,7.25,7.35,7.2,7.35,6442
JMART01C2610A,20260611,0.51,0.58,0.51,0.57,2176300
JMART01C2611A,20260611,0.11,0.12,0.11,0.12,3277000
JMART13C2610A,20260611,0.36,0.43,0.36,0.43,8369900
JMART13C2611A,20260611,0.15,0.16,0.15,0.16,1844900
JMART41C2611A,20260611,0.13,0.15,0.13,0.15,1800000
JMT01C2610A,20260611,0.18,0.19,0.18,0.19,9483600
JMT01C2611A,20260611,0.16,0.17,0.16,0.17,10916400
JMT13C2610A,20260611,0.2,0.23,0.2,0.23,17332400
JMT13C2610B,20260611,0.6,0.6,0.6,0.6,1000
JMT19C2611A,20260611,0.22,0.23,0.22,0.23,6817500
JMT41C2610A,20260611,0.2,0.21,0.2,0.21,3600000
JPANIME24,20260611,1.2,1.21,1.2,1.21,10507
JPROBOAI24,20260611,1.35,1.37,1.34,1.37,7116
JPSEMI24,20260611,1.39,1.44,1.37,1.4,2028921
KBANK01C2611A,20260611,0.18,0.18,0.18,0.18,1689300
KBANK13C2610A,20260611,0.21,0.21,0.21,0.21,3006800
KCE01C2610A,20260611,0.32,0.37,0.32,0.35,16078400
KCE01C2705T,20260611,0.3,0.32,0.3,0.32,10587600
KCE13C2609B,20260611,0.34,0.39,0.34,0.38,6655700
KCE13C2610A,20260611,0.26,0.3,0.26,0.29,16304300
KCE13C2703T,20260611,0.35,0.37,0.35,0.37,7187600
KCE13P2609A,20260611,0.13,0.13,0.12,0.12,948700
KCE13P2610A,20260611,0.39,0.39,0.35,0.35,4121400
KCE19C2609B,20260611,0.38,0.44,0.38,0.42,3205900
KCE19C2610A,20260611,0.31,0.35,0.31,0.34,16014200
KCE19P2609A,20260611,0.12,0.12,0.11,0.11,3628900
KCE19P2610A,20260611,0.34,0.34,0.31,0.31,5066600
KCE41C2609B,20260611,0.34,0.38,0.34,0.37,5936500
KCE41C2610A,20260611,0.26,0.28,0.26,0.28,6787100
KCE41P2610A,20260611,0.34,0.34,0.31,0.33,3202300
KKP01C2612A,20260611,0.61,0.64,0.61,0.62,4395200
KKP13C2610A,20260611,0.4,0.42,0.4,0.41,5195100
KONAMI24,20260611,1.04,1.04,1.04,1.04,500
KQ15018C2609A,20260611,0.91,1.04,0.9,1.04,3010000
KQ15018C2609B,20260611,1.23,1.39,1.22,1.38,2505000
KQ15018P2609A,20260611,1.47,1.49,1.27,1.27,415000
KQ15018P2609B,20260611,1.96,1.96,1.96,1.96,7200
KS20018C2609A,20260611,1.22,1.31,1.14,1.28,3212000
KS20018C2609B,20260611,1.75,1.75,1.7,1.7,10000
KS20018C2609C,20260611,0.62,0.69,0.62,0.69,4515400
KS20018P2609A,20260611,0.88,0.88,0.77,0.77,2900800
KS20018P2609B,20260611,1.26,1.28,1.22,1.25,2605000
KTB01C2611A,20260611,0.17,0.18,0.16,0.16,1102400
KTC01C2612A,20260611,0.23,0.23,0.22,0.22,1938700
KTC13C2610A,20260611,0.22,0.22,0.22,0.22,1551400
KTC41C2610A,20260611,0.21,0.21,0.21,0.21,240000
KUN-W4,20260611,0.03,0.04,0.03,0.04,7900
KUN-W4-O,20260611,0.02,0.03,0.02,0.03,96
LENOVO41C2610A,20260611,2.72,2.78,2.68,2.78,2600
LENOVO41C2612A,20260611,0.34,0.34,0.33,0.34,1800
M01C2611A,20260611,0.36,0.37,0.36,0.37,1601300
M13C2610A,20260611,0.28,0.3,0.28,0.29,1935200
M19C2610A,20260611,0.31,0.33,0.31,0.33,985600
MAOGEP80,20260611,2.42,2.52,2.42,2.52,22051
MCA5041C2609A,20260611,0.13,0.13,0.13,0.13,130000
MIDEA80,20260611,3.82,3.82,3.8,3.8,14001
MINT01C2612A,20260611,0.41,0.41,0.4,0.41,807900
MINT13C2609A,20260611,0.38,0.38,0.37,0.38,1643600
MINT13P2610A,20260611,0.35,0.36,0.35,0.35,424200
MINT19C2610A,20260611,0.35,0.35,0.34,0.34,1136300
MIXUE80,20260611,11.4,11.6,11.4,11.6,10269
MONTAGE80,20260611,14.5,15.3,14.2,15.3,110503
MOUTAI80,20260611,6.2,6.25,6.2,6.25,5129
MP80,20260611,17.8,18.5,17.6,18,26755
MTC01C2610A,20260611,0.11,0.11,0.11,0.11,438800
MTC01C2706T,20260611,0.19,0.19,0.19,0.19,1201000
MTC13C2610A,20260611,0.16,0.17,0.16,0.17,412600
MTC13P2610A,20260611,0.32,0.33,0.32,0.32,472100
MTC19C2610A,20260611,0.15,0.15,0.15,0.15,151000
NDX28C2609B,20260611,0.61,0.67,0.6,0.67,583700
NDX28P2609B,20260611,0.88,0.89,0.83,0.83,62700
NDX41C2609A,20260611,0.72,0.79,0.7,0.78,1966000
NDX41P2609A,20260611,0.73,0.73,0.67,0.68,1197300
NEE80,20260611,2.8,2.82,2.78,2.8,46153
NIKKEI18C2609A,20260611,0.75,0.87,0.75,0.84,11500
NIKKEI18C2609B,20260611,0.45,0.48,0.45,0.48,400
NIKKEI18C2609C,20260611,0.35,0.35,0.35,0.35,200
NIKKEI18P2609A,20260611,0.62,0.62,0.62,0.62,500
NIKKEI28C2609B,20260611,1.06,1.2,1.06,1.17,830300
NIKKEI28C2609C,20260611,0.73,0.79,0.72,0.79,435300
NIKKEI28C2609D,20260611,0.46,0.53,0.45,0.52,3431100
NIKKEI28P2609A,20260611,1.02,1.03,0.92,0.93,47800
NIKKEI28P2609B,20260611,0.65,0.65,0.62,0.62,54000
NIKKEI28P2609C,20260611,0.45,0.45,0.43,0.43,900
NIKKEI28P2609D,20260611,0.33,0.33,0.29,0.29,133800
OIL24,20260611,18.6,18.8,18.4,18.4,93
OSP13C2610A,20260611,0.31,0.31,0.29,0.29,635700
PANEL-W1,20260611,0.16,0.17,0.15,0.16,173200
PANEL-W1-O,20260611,0.17,0.17,0.14,0.14,230
PANEL-W2,20260611,0.17,0.19,0.16,0.16,123600
PANEL-W2-O,20260611,0.16,0.17,0.15,0.15,257
PLANB13C2610A,20260611,0.34,0.38,0.33,0.36,6338100
PLANB41C2610A,20260611,0.32,0.36,0.31,0.34,10675200
POPMAR28C2610A,20260611,0.39,0.43,0.38,0.41,3100100
POPMAR41C2610A,20260611,0.46,0.51,0.45,0.49,2200
PR913C2610A,20260611,0.26,0.26,0.24,0.24,2480200
PSTC-W4,20260611,0.09,0.1,0.08,0.09,6189300
PTG01C2611A,20260611,0.16,0.16,0.16,0.16,385300
PTG13C2610A,20260611,0.17,0.17,0.16,0.16,241300
PTT01C2611A,20260611,0.13,0.13,0.13,0.13,380700
PTT01C2705T,20260611,0.2,0.2,0.2,0.2,425100
PTT19C2701T,20260611,0.23,0.24,0.23,0.24,275200
PTTEP01C2611A,20260611,0.45,0.45,0.43,0.44,4380700
PTTEP01P2610A,20260611,0.71,0.72,0.69,0.71,3924900
PTTEP13P2609A,20260611,0.49,0.49,0.47,0.48,2466400
PTTEP19C2701T,20260611,0.47,0.49,0.47,0.48,10555300
PTTGC01C2611A,20260611,0.25,0.28,0.25,0.28,5304800
PTTGC01P2610A,20260611,0.48,0.48,0.42,0.42,1530600
PTTGC13C2611A,20260611,0.29,0.34,0.29,0.33,8839500
PTTGC13P2610A,20260611,0.46,0.47,0.41,0.41,4282300
PTTGC19C2611A,20260611,0.28,0.32,0.28,0.32,7168000
PTTGC41P2610A,20260611,0.45,0.45,0.39,0.39,4350000
RCL13C2610A,20260611,0.29,0.3,0.29,0.3,360400
RCL41C2610A,20260611,0.28,0.29,0.28,0.29,3420000
RKLB80,20260611,3.44,3.68,3.42,3.64,5702592
SAWAD01C2611A,20260611,0.29,0.29,0.28,0.28,6036000
SAWAD01P2611A,20260611,0.76,0.77,0.76,0.77,2723700
SAWAD13C2610A,20260611,0.25,0.25,0.24,0.25,2393300
SAWAD19C2610A,20260611,0.2,0.2,0.18,0.18,1716400
SAWAD19C2611A,20260611,0.39,0.4,0.38,0.38,6253500
SAWAD41C2610A,20260611,0.23,0.23,0.22,0.22,3900000
SCB41C2609A,20260611,0.21,0.21,0.21,0.21,585000
SCC13P2609A,20260611,0.19,0.19,0.18,0.19,753300
SCC19C2610A,20260611,0.39,0.41,0.39,0.4,4788400
SCC41C2609A,20260611,0.25,0.27,0.25,0.26,3800000
SCGP01C2610A,20260611,0.15,0.17,0.15,0.15,2533700
SCGP01C2706T,20260611,0.4,0.41,0.4,0.41,391000
SCGP01P2610A,20260611,0.28,0.28,0.27,0.27,1864800
SCGP13C2609A,20260611,0.12,0.14,0.12,0.13,4956900
SCGP13C2609B,20260611,0.43,0.45,0.43,0.43,1245800
SCGP13P2609A,20260611,0.18,0.19,0.18,0.19,1021200
SCGP19C2610A,20260611,0.21,0.23,0.21,0.22,4448100
SCGP41C2609A,20260611,0.12,0.13,0.12,0.13,2100000
SCGP41C2609B,20260611,0.41,0.43,0.41,0.43,1760000
SET01C2608A,20260611,0.9,1.03,0.89,0.98,2840000
SET01C2610A,20260611,0.88,1,0.88,0.95,8649300
SET01C2611A,20260611,0.57,0.66,0.57,0.63,311400
SET01P2608A,20260611,0.17,0.18,0.16,0.16,1437800
SET01P2610A,20260611,0.5,0.5,0.44,0.46,2863000
SET100FF,20260611,2052.6,2075.17,2050.75,2061.59,254194310000
SET5001C2608A,20260611,0.55,0.62,0.55,0.57,4505400
SET5001C2609F,20260611,0.73,0.84,0.73,0.79,4338200
SET5001C2609G,20260611,0.35,0.42,0.35,0.38,3391700
SET5001P2608A,20260611,0.29,0.29,0.25,0.27,5529400
SET5001P2609F,20260611,0.48,0.48,0.43,0.45,4842400
SET5001P2610A,20260611,0.74,0.74,0.67,0.7,7568000
SET5013C2606M,20260611,0.06,0.11,0.06,0.07,56524500
SET5013C2609A,20260611,0.78,0.93,0.78,0.85,155498800
SET5013C2609B,20260611,0.54,0.65,0.54,0.59,328615000
SET5013C2609C,20260611,0.38,0.45,0.38,0.41,179564400
SET5013P2609A,20260611,0.44,0.44,0.38,0.41,205668600
SET5013P2609B,20260611,0.59,0.59,0.51,0.54,282202100
SET5013P2609C,20260611,0.83,0.83,0.73,0.78,280744200
SET5013P2609D,20260611,1.19,1.19,1.04,1.12,168070400
SET5013P2609E,20260611,1.51,1.51,1.34,1.43,36169700
SET5019C2609A,20260611,0.55,0.67,0.55,0.6,37725700
SET5019P2609A,20260611,0.74,0.74,0.65,0.69,44960500
SET5019P2609B,20260611,0.49,0.49,0.46,0.48,29999900
SET5019P2609C,20260611,0.83,0.83,0.75,0.81,41388500
SET5041C2609A,20260611,0.74,0.87,0.74,0.78,28109300
SET5041C2609B,20260611,0.51,0.6,0.51,0.55,3977800
SET5041C2609C,20260611,0.34,0.41,0.34,0.38,48607400
SET5041C2609U,20260611,0.29,0.32,0.29,0.3,4861800
SET5041P2609A,20260611,0.39,0.39,0.37,0.38,278400
SET5041P2609B,20260611,0.54,0.54,0.49,0.52,80928400
SET5041P2609C,20260611,0.78,0.78,0.72,0.76,59143400
SET5041P2609D,20260611,1.07,1.09,1.07,1.09,11000000
SET50FF,20260611,959.89,970.17,958.98,963.58,116486290000
SETCLMV,20260611,700.33,706.94,699.87,700.94,109839420000
SETESG,20260611,889.7,898.07,889.7,891.27,156964320000
SETWB,20260611,586.35,590.54,584.36,584.36,33210530000
SNDK80,20260611,5.25,5.8,5.25,5.7,8160079
SOFTBANK80,20260611,13,13.2,12.9,13.2,108140
SPTX-W8,20260611,0.01,0.01,0.01,0.01,28100
SPTX-W8-O,20260611,0.01,0.01,0.01,0.01,90
SPX28C2609B,20260611,0.42,0.43,0.41,0.43,1200
SPX41C2609A,20260611,0.57,0.6,0.56,0.6,21400
SPX41P2609A,20260611,0.59,0.59,0.59,0.59,100
SSET,20260611,596.31,603.27,596.13,600.48,31521730000
STA13C2610A,20260611,0.29,0.29,0.29,0.29,952400
STA19C2610A,20260611,0.32,0.32,0.32,0.32,353100
STA41C2610A,20260611,0.28,0.29,0.28,0.29,3800000
STECON01C2611A,20260611,0.31,0.32,0.31,0.32,1119300
STECON13C2610A,20260611,0.3,0.32,0.3,0.31,2720600
STECON19C2610A,20260611,0.55,0.58,0.55,0.58,268400
STECON19C2611A,20260611,0.34,0.36,0.34,0.36,1920000
STGT01C2610A,20260611,0.13,0.13,0.13,0.13,1488500
STGT13C2610A,20260611,0.16,0.16,0.15,0.16,2014100
STGT19C2610A,20260611,0.15,0.16,0.15,0.16,1059500
STGT41C2610A,20260611,0.14,0.15,0.14,0.15,4808300
SUNNY41C2610A,20260611,0.38,0.39,0.38,0.39,2400
TENCEN28C2610B,20260611,0.26,0.26,0.23,0.24,3402300
TENCEN41C2610A,20260611,0.25,0.25,0.24,0.24,1200
TFG13C2610A,20260611,0.12,0.14,0.12,0.13,982200
TFG19C2610A,20260611,0.12,0.12,0.12,0.12,1887000
TFG19C2611A,20260611,0.34,0.37,0.34,0.36,2106800
TFG41C2610A,20260611,0.11,0.11,0.11,0.11,300000
TIDLOR01C2611A,20260611,0.28,0.28,0.27,0.27,3330400
TIDLOR01P2611A,20260611,0.7,0.71,0.69,0.7,2953500
TIDLOR19C2610A,20260611,0.37,0.38,0.36,0.37,5603200
TLI01C2611A,20260611,0.19,0.2,0.19,0.19,4115600
TOA13C2611A,20260611,0.26,0.26,0.25,0.25,3047700
TOP41C2609A,20260611,0.22,0.22,0.2,0.22,4506000
TRUE01C2610A,20260611,0.23,0.24,0.22,0.22,1310700
TRUE01P2610A,20260611,0.29,0.3,0.29,0.3,1136900
TRUE13C2610A,20260611,0.24,0.26,0.23,0.23,2740400
TRUE19C2610A,20260611,0.24,0.25,0.24,0.24,5292600
TU13C2611A,20260611,0.16,0.16,0.16,0.16,20000
VGI13C2609A,20260611,0.15,0.17,0.15,0.17,3394400
VGI13C2610A,20260611,0.16,0.18,0.16,0.17,5912000
VGI19C2610B,20260611,0.19,0.2,0.19,0.19,1820100
VGI41C2610A,20260611,0.15,0.16,0.15,0.16,2040000
VIBE-W3,20260611,0.03,0.05,0.03,0.04,1142700
VIBE-W3-O,20260611,0.02,0.04,0.02,0.04,168
VN3018C2608A,20260611,0.37,0.37,0.37,0.37,30000
WHA01C2611A,20260611,0.16,0.16,0.15,0.15,1386900
WHA01C2705T,20260611,0.33,0.33,0.33,0.33,1335700
WHA01P2611A,20260611,0.32,0.33,0.32,0.33,3152800
WHA13C2611A,20260611,0.23,0.23,0.22,0.22,2230000
WHA13P2611A,20260611,0.32,0.33,0.31,0.33,3132000
WHA19C2701A,20260611,0.28,0.28,0.27,0.27,3803900
WHA41C2611A,20260611,0.21,0.21,0.21,0.21,1440000
